# Wavefront OBJ file written 2026-06-15T00:04:04
o beam3d_normal_1

# points : 4519
# faces  : 8666
# zones  : 1
#   0  CreatedbyGmsh  (nFaces: 8666)

# <points count="4519">
v 0.25 0.192 0
v 0.25 0.194 0
v 0.546 0.21 0
v 0.54 0.21 0
v 0.534 0.21 0
v 0.52 0.21 0
v 0.514 0.21 0
v 0.508 0.21 0
v 0.47 0.21 0
v 0.464 0.21 0
v 0.458 0.21 0
v 0.588 0.21 0
v 0.452 0.21 0
v 0.446 0.21 0
v 0.56 0.21 0
v 0.44 0.21 0
v 0.434 0.21 0
v 0.424 0.21 0
v 0.418 0.21 0
v 0.412 0.21 0
v 0.406 0.21 0
v 0.4 0.21 0
v 0.394 0.21 0
v 0.388 0.21 0
v 0.382 0.21 0
v 0.376 0.21 0
v 0.366 0.21 0
v 0.352 0.21 0
v 0.338 0.21 0
v 0.332 0.21 0
v 0.326 0.21 0
v 0.312 0.21 0
v 0.288 0.21 0
v 0.306 0.21 0
v 0.266 0.21 0
v 0.26 0.21 0
v 0.6 0.194 0
v 0.6 0.192 0
v 0.49 0.19 0
v 0.278 0.19 0
v 0.32 0.19 0
v 0.304 0.19 0
v 0.55 0.19 0
v 0.582 0.19 0
v 0.564 0.21 0
v 0.566 0.21 0
v 0.288 0.19 0
v 0.582 0.21 0
v 0.59 0.19 0
v 0.588 0.19 0
v 0.584 0.19 0
v 0.528 0.19 0
v 0.336 0.19 0
v 0.584 0.21 0
v 0.264 0.19 0
v 0.28 0.21 0
v 0.266 0.19 0
v 0.278 0.21 0
v 0.53 0.19 0
v 0.6 0.202 0
v 0.292 0.21 0
v 0.294 0.21 0
v 0.568 0.21 0
v 0.254 0.19 0
v 0.522 0.19 0
v 0.25 0.202 0
v 0.292 0.19 0
v 0.256 0.19 0
v 0.32 0.21 0
v 0.544 0.19 0
v 0.542 0.19 0
v 0.568 0.19 0
v 0.57 0.21 0
v 0.572 0.21 0
v 0.302 0.21 0
v 0.6 0.204 0
v 0.566 0.19 0
v 0.3 0.21 0
v 0.57 0.19 0
v 0.55 0.21 0
v 0.552 0.21 0
v 0.294 0.19 0
v 0.284 0.19 0
v 0.592 0.21 0
v 0.574 0.21 0
v 0.576 0.19 0
v 0.574 0.19 0
v 0.25 0.204 0
v 0.534 0.19 0
v 0.536 0.19 0
v 0.53 0.21 0
v 0.496 0.19 0
v 0.35 0.19 0
v 0.282 0.19 0
v 0.272 0.19 0
v 0.494 0.19 0
v 0.524 0.19 0
v 0.322 0.21 0
v 0.38 0.19 0
v 0.378 0.19 0
v 0.346 0.21 0
v 0.342 0.21 0
v 0.344 0.21 0
v 0.316 0.19 0
v 0.388 0.19 0
v 0.398 0.19 0
v 0.396 0.19 0
v 0.406 0.19 0
v 0.404 0.19 0
v 0.554 0.21 0
v 0.36 0.21 0
v 0.352 0.19 0
v 0.39 0.19 0
v 0.46 0.21 0
v 0.462 0.21 0
v 0.332 0.19 0
v 0.268 0.19 0
v 0.488 0.21 0
v 0.26 0.19 0
v 0.258 0.19 0
v 0.34 0.19 0
v 0.33 0.19 0
v 0.6 0.206 0
v 0.358 0.21 0
v 0.498 0.19 0
v 0.526 0.21 0
v 0.274 0.19 0
v 0.556 0.21 0
v 0.506 0.19 0
v 0.384 0.19 0
v 0.576 0.21 0
v 0.362 0.21 0
v 0.392 0.19 0
v 0.528 0.21 0
v 0.476 0.21 0
v 0.374 0.19 0
v 0.592 0.19 0
v 0.478 0.21 0
v 0.348 0.19 0
v 0.372 0.19 0
v 0.578 0.21 0
v 0.58 0.21 0
v 0.546 0.19 0
v 0.572 0.19 0
v 0.314 0.19 0
v 0.586 0.19 0
v 0.486 0.21 0
v 0.25 0.2 0
v 0.342 0.19 0
v 0.594 0.21 0
v 0.484 0.21 0
v 0.356 0.21 0
v 0.428 0.19 0
v 0.426 0.19 0
v 0.508 0.19 0
v 0.428 0.21 0
v 0.262 0.19 0
v 0.494 0.21 0
v 0.524 0.21 0
v 0.41 0.19 0
v 0.422 0.19 0
v 0.416 0.19 0
v 0.564 0.19 0
v 0.346 0.19 0
v 0.376 0.19 0
v 0.474 0.21 0
v 0.348 0.21 0
v 0.432 0.19 0
v 0.386 0.19 0
v 0.478 0.19 0
v 0.43 0.21 0
v 0.372 0.21 0
v 0.368 0.19 0
v 0.366 0.19 0
v 0.434 0.19 0
v 0.484 0.19 0
v 0.282 0.21 0
v 0.284 0.21 0
v 0.414 0.19 0
v 0.504 0.19 0
v 0.51 0.19 0
v 0.272 0.21 0
v 0.496 0.21 0
v 0.482 0.21 0
v 0.49 0.21 0
v 0.25 0.196 0
v 0.25 0.198 0
v 0.334 0.21 0
v 0.336 0.21 0
v 0.296 0.21 0
v 0.454 0.19 0
v 0.47 0.19 0
v 0.412 0.19 0
v 0.5 0.21 0
v 0.502 0.21 0
v 0.382 0.19 0
v 0.344 0.19 0
v 0.4 0.19 0
v 0.408 0.19 0
v 0.42 0.19 0
v 0.512 0.19 0
v 0.514 0.19 0
v 0.58 0.19 0
v 0.578 0.19 0
v 0.25 0.206 0
v 0.498 0.21 0
v 0.558 0.21 0
v 0.548 0.21 0
v 0.532 0.21 0
v 0.522 0.21 0
v 0.296 0.19 0
v 0.538 0.19 0
v 0.364 0.19 0
v 0.426 0.21 0
v 0.312 0.19 0
v 0.334 0.19 0
v 0.27 0.19 0
v 0.492 0.21 0
v 0.286 0.19 0
v 0.29 0.21 0
v 0.59 0.21 0
v 0.362 0.19 0
v 0.394 0.19 0
v 0.402 0.19 0
v 0.526 0.19 0
v 0.554 0.19 0
v 0.552 0.19 0
v 0.562 0.21 0
v 0.542 0.21 0
v 0.544 0.21 0
v 0.536 0.21 0
v 0.538 0.21 0
v 0.43 0.19 0
v 0.424 0.19 0
v 0.256 0.21 0
v 0.258 0.21 0
v 0.48 0.19 0
v 0.37 0.21 0
v 0.28 0.19 0
v 0.308 0.19 0
v 0.306 0.19 0
v 0.418 0.19 0
v 0.444 0.19 0
v 0.442 0.19 0
v 0.456 0.19 0
v 0.472 0.19 0
v 0.476 0.19 0
v 0.492 0.19 0
v 0.532 0.19 0
v 0.594 0.19 0
v 0.42 0.21 0
v 0.422 0.21 0
v 0.408 0.21 0
v 0.41 0.21 0
v 0.396 0.21 0
v 0.398 0.21 0
v 0.384 0.21 0
v 0.386 0.21 0
v 0.378 0.21 0
v 0.38 0.21 0
v 0.374 0.21 0
v 0.354 0.21 0
v 0.35 0.21 0
v 0.34 0.21 0
v 0.328 0.21 0
v 0.33 0.21 0
v 0.314 0.21 0
v 0.316 0.21 0
v 0.304 0.21 0
v 0.298 0.21 0
v 0.276 0.21 0
v 0.436 0.19 0
v 0.452 0.19 0
v 0.482 0.19 0
v 0.486 0.19 0
v 0.252 0.19 0
v 0.324 0.19 0
v 0.322 0.19 0
v 0.338 0.19 0
v 0.36 0.19 0
v 0.358 0.19 0
v 0.438 0.19 0
v 0.45 0.19 0
v 0.448 0.19 0
v 0.462 0.19 0
v 0.46 0.19 0
v 0.468 0.19 0
v 0.466 0.19 0
v 0.488 0.19 0
v 0.502 0.19 0
v 0.516 0.19 0
v 0.52 0.19 0
v 0.548 0.19 0
v 0.56 0.19 0
v 0.558 0.19 0
v 0.598 0.19 0
v 0.596 0.19 0
v 0.596 0.21 0
v 0.516 0.21 0
v 0.518 0.21 0
v 0.51 0.21 0
v 0.512 0.21 0
v 0.504 0.21 0
v 0.506 0.21 0
v 0.448 0.21 0
v 0.45 0.21 0
v 0.436 0.21 0
v 0.438 0.21 0
v 0.414 0.21 0
v 0.416 0.21 0
v 0.402 0.21 0
v 0.404 0.21 0
v 0.39 0.21 0
v 0.392 0.21 0
v 0.368 0.21 0
v 0.364 0.21 0
v 0.324 0.21 0
v 0.318 0.21 0
v 0.274 0.21 0
v 0.27 0.21 0
v 0.268 0.21 0
v 0.252 0.21 0
v 0.254 0.21 0
v 0.6 0.2 0
v 0.6 0.198 0
v 0.6 0.196 0
v 0.37 0.19 0
v 0.48 0.21 0
v 0.562 0.19 0
v 0.5 0.19 0
v 0.6 0.208 0
v 0.472 0.21 0
v 0.276 0.19 0
v 0.29 0.19 0
v 0.302 0.19 0
v 0.3 0.19 0
v 0.318 0.19 0
v 0.328 0.19 0
v 0.354 0.19 0
v 0.466 0.21 0
v 0.468 0.21 0
v 0.454 0.21 0
v 0.456 0.21 0
v 0.442 0.21 0
v 0.444 0.21 0
v 0.432 0.21 0
v 0.308 0.21 0
v 0.31 0.21 0
v 0.286 0.21 0
v 0.262 0.21 0
v 0.264 0.21 0
v 0.54 0.19 0
v 0.586 0.21 0
v 0.556 0.19 0
v 0.474 0.19 0
v 0.518 0.19 0
v 0.356 0.19 0
v 0.326 0.19 0
v 0.446 0.19 0
v 0.464 0.19 0
v 0.458 0.19 0
v 0.44 0.19 0
v 0.31 0.19 0
v 0.298 0.19 0
v 0.25 0.208 0
v 0.598 0.21 0
v 0.6 0.21 0
v 0.6 0.19 0
v 0.25 0.21 0
v 0.25 0.19 0
v 0.596997 0.19 0.00830268
v 0.596062 0.19 0.00670244
v 0.598124 0.19 0.00683759
v 0.253938 0.19 0.00670116
v 0.253003 0.19 0.00830262
v 0.251876 0.19 0.0068374
v 0.25159 0.19 0.00304793
v 0.253139 0.19 0.00191902
v 0.253138 0.19 0.00387354
v 0.596861 0.19 0.00191902
v 0.59841 0.19 0.00304793
v 0.596862 0.19 0.0038741
v 0.596897 0.19 0.00541877
v 0.253103 0.19 0.00541877
v 0.254505 0.19 0.00312907
v 0.595495 0.19 0.00312947
v 0.408947 0.19 0.00833131
v 0.40798 0.19 0.00664658
v 0.409977 0.19 0.00672612
v 0.588023 0.19 0.00322444
v 0.587027 0.19 0.004852
v 0.586012 0.19 0.00324825
v 0.574023 0.19 0.00322442
v 0.573027 0.19 0.0048519
v 0.572012 0.19 0.00324823
v 0.536023 0.19 0.00322442
v 0.535027 0.19 0.0048519
v 0.534012 0.19 0.00324823
v 0.506056 0.19 0.00664479
v 0.505027 0.19 0.00831601
v 0.504013 0.19 0.00671774
v 0.298973 0.19 0.0048519
v 0.297977 0.19 0.00322442
v 0.299988 0.19 0.00324823
v 0.490056 0.19 0.00664456
v 0.489027 0.19 0.00831601
v 0.488014 0.19 0.00671245
v 0.479027 0.19 0.00168399
v 0.480056 0.19 0.00335874
v 0.478014 0.19 0.00329038
v 0.407027 0.19 0.00168399
v 0.408015 0.19 0.00334563
v 0.406 0.19 0.00326795
v 0.500973 0.19 0.00831601
v 0.499944 0.19 0.00664456
v 0.501989 0.19 0.00671529
v 0.432056 0.19 0.0066403
v 0.431031 0.19 0.00831857
v 0.430007 0.19 0.00671662
v 0.489944 0.19 0.00335854
v 0.490973 0.19 0.00168399
v 0.491986 0.19 0.00329034
v 0.431944 0.19 0.00335526
v 0.432969 0.19 0.00168143
v 0.433996 0.19 0.00327407
v 0.480973 0.19 0.00831601
v 0.479944 0.19 0.00664461
v 0.481986 0.19 0.00671253
v 0.499027 0.19 0.00168399
v 0.500056 0.19 0.00335854
v 0.498014 0.19 0.00329034
v 0.380973 0.19 0.0048519
v 0.379977 0.19 0.00322415
v 0.381988 0.19 0.00324818
v 0.413978 0.19 0.00677563
v 0.414968 0.19 0.00514396
v 0.415988 0.19 0.00675109
v 0.423031 0.19 0.00514462
v 0.424022 0.19 0.00677589
v 0.422012 0.19 0.00675124
v 0.390023 0.19 0.00322413
v 0.389027 0.19 0.0048519
v 0.388012 0.19 0.00325264
v 0.505945 0.19 0.00335832
v 0.506973 0.19 0.00168399
v 0.508 0.19 0.00326795
v 0.59101 0.19 0.00162481
v 0.589019 0.19 0.00161864
v 0.57701 0.19 0.00162481
v 0.575019 0.19 0.00161863
v 0.53901 0.19 0.00162481
v 0.537019 0.19 0.00161863
v 0.29499 0.19 0.00162481
v 0.296981 0.19 0.00161863
v 0.42701 0.19 0.00837543
v 0.426 0.19 0.01
v 0.425018 0.19 0.0083817
v 0.37699 0.19 0.00162476
v 0.378982 0.19 0.00161853
v 0.39301 0.19 0.00162474
v 0.391018 0.19 0.0016185
v 0.412 0.19 0.01
v 0.410982 0.19 0.00838591
v 0.412981 0.19 0.00838333
v 0.595 0.19 0.00826795
v 0.594 0.19 0.00654026
v 0.593 0.19 0.00826988
v 0.592002 0.19 0.00654311
v 0.591 0.19 0.00826795
v 0.590006 0.19 0.00654138
v 0.59 0.19 0.01
v 0.588 0.19 0.01
v 0.589002 0.19 0.00827022
v 0.587 0.19 0.00826795
v 0.585 0.19 0.00826795
v 0.584 0.19 0.00653951
v 0.586 0.19 0.0065365
v 0.586 0.19 0.01
v 0.598 0.19 0.01
v 0.596 0.19 0.01
v 0.584 0.19 0.01
v 0.582 0.19 0.01
v 0.583 0.19 0.00826795
v 0.581 0.19 0.00826795
v 0.58 0.19 0.00654026
v 0.582 0.19 0.00653963
v 0.58 0.19 0.01
v 0.578 0.19 0.01
v 0.579001 0.19 0.00827023
v 0.577001 0.19 0.00827006
v 0.575 0.19 0.00826795
v 0.574004 0.19 0.00654391
v 0.576006 0.19 0.00654135
v 0.576 0.19 0.01
v 0.574 0.19 0.01
v 0.572 0.19 0.01
v 0.573001 0.19 0.00826928
v 0.571 0.19 0.00826795
v 0.57 0.19 0.0065359
v 0.572 0.19 0.0065359
v 0.57 0.19 0.01
v 0.568 0.19 0.01
v 0.569 0.19 0.00826795
v 0.567 0.19 0.00826795
v 0.566 0.19 0.0065359
v 0.568 0.19 0.0065359
v 0.565 0.19 0.00826795
v 0.564 0.19 0.0065359
v 0.563 0.19 0.00826795
v 0.562 0.19 0.0065359
v 0.562 0.19 0.01
v 0.56 0.19 0.01
v 0.561 0.19 0.00826795
v 0.559 0.19 0.00826795
v 0.557 0.19 0.00826795
v 0.556 0.19 0.0065359
v 0.558 0.19 0.0065359
v 0.558 0.19 0.01
v 0.556 0.19 0.01
v 0.554 0.19 0.01
v 0.555 0.19 0.00826795
v 0.553 0.19 0.00826795
v 0.551 0.19 0.00826795
v 0.55 0.19 0.006536
v 0.552 0.19 0.00653592
v 0.549 0.19 0.00826807
v 0.552 0.19 0.01
v 0.548 0.19 0.0065365
v 0.547 0.19 0.00826795
v 0.546 0.19 0.00653951
v 0.546 0.19 0.01
v 0.544 0.19 0.01
v 0.545 0.19 0.00826795
v 0.543 0.19 0.00826795
v 0.542 0.19 0.00654026
v 0.544 0.19 0.00653963
v 0.541 0.19 0.00826988
v 0.540002 0.19 0.0065431
v 0.539 0.19 0.00826795
v 0.538006 0.19 0.00654135
v 0.256 0.19 0.0065359
v 0.255 0.19 0.00826795
v 0.257 0.19 0.00826795
v 0.258 0.19 0.0065359
v 0.259 0.19 0.00826795
v 0.536004 0.19 0.00654391
v 0.537002 0.19 0.00827042
v 0.26 0.19 0.0065359
v 0.261 0.19 0.00826795
v 0.262 0.19 0.0065359
v 0.263 0.19 0.00826795
v 0.264 0.19 0.0065359
v 0.266 0.19 0.01
v 0.264 0.19 0.01
v 0.265 0.19 0.00826795
v 0.268 0.19 0.0065359
v 0.267 0.19 0.00826795
v 0.266 0.19 0.0065359
v 0.254 0.19 0.01
v 0.252 0.19 0.01
v 0.27 0.19 0.01
v 0.268 0.19 0.01
v 0.269 0.19 0.00826795
v 0.272 0.19 0.0065359
v 0.271 0.19 0.00826795
v 0.27 0.19 0.0065359
v 0.274 0.19 0.01
v 0.272 0.19 0.01
v 0.273 0.19 0.00826795
v 0.276 0.19 0.0065359
v 0.275 0.19 0.00826795
v 0.274 0.19 0.0065359
v 0.277 0.19 0.00826795
v 0.278 0.19 0.0065359
v 0.279 0.19 0.00826795
v 0.28 0.19 0.0065359
v 0.282 0.19 0.01
v 0.28 0.19 0.01
v 0.281 0.19 0.00826795
v 0.284 0.19 0.006536
v 0.283 0.19 0.00826795
v 0.282 0.19 0.00653592
v 0.286 0.19 0.01
v 0.284 0.19 0.01
v 0.285 0.19 0.00826807
v 0.288 0.19 0.00653951
v 0.287 0.19 0.00826795
v 0.286 0.19 0.0065365
v 0.29 0.19 0.01
v 0.288 0.19 0.01
v 0.289 0.19 0.00826795
v 0.533 0.19 0.00826795
v 0.532 0.19 0.0065359
v 0.534 0.19 0.0065359
v 0.292 0.19 0.00654026
v 0.291 0.19 0.00826795
v 0.29 0.19 0.00653963
v 0.293 0.19 0.00826988
v 0.293998 0.19 0.0065431
v 0.295 0.19 0.00826795
v 0.295994 0.19 0.00654135
v 0.531 0.19 0.00826795
v 0.298 0.19 0.01
v 0.296 0.19 0.01
v 0.296998 0.19 0.00827042
v 0.298999 0.19 0.00826928
v 0.3 0.19 0.01
v 0.53 0.19 0.0065359
v 0.302 0.19 0.0065359
v 0.301 0.19 0.00826795
v 0.3 0.19 0.0065359
v 0.303 0.19 0.00826795
v 0.304 0.19 0.0065359
v 0.305 0.19 0.00826795
v 0.536 0.19 0.01
v 0.534 0.19 0.01
v 0.535001 0.19 0.00826928
v 0.529 0.19 0.00826795
v 0.306 0.19 0.0065359
v 0.308 0.19 0.01
v 0.306 0.19 0.01
v 0.307 0.19 0.00826795
v 0.31 0.19 0.0065359
v 0.309 0.19 0.00826795
v 0.308 0.19 0.0065359
v 0.528 0.19 0.0065359
v 0.312 0.19 0.01
v 0.31 0.19 0.01
v 0.311 0.19 0.00826795
v 0.314 0.19 0.0065359
v 0.313 0.19 0.00826795
v 0.312 0.19 0.0065359
v 0.316 0.19 0.01
v 0.314 0.19 0.01
v 0.315 0.19 0.00826795
v 0.318 0.19 0.0065359
v 0.317 0.19 0.00826795
v 0.316 0.19 0.0065359
v 0.32 0.19 0.01
v 0.318 0.19 0.01
v 0.319 0.19 0.00826795
v 0.322 0.19 0.0065359
v 0.321 0.19 0.00826795
v 0.32 0.19 0.0065359
v 0.324 0.19 0.01
v 0.322 0.19 0.01
v 0.323 0.19 0.00826795
v 0.326 0.19 0.0065359
v 0.325 0.19 0.00826795
v 0.324 0.19 0.0065359
v 0.328 0.19 0.01
v 0.326 0.19 0.01
v 0.327 0.19 0.00826795
v 0.33 0.19 0.0065359
v 0.329 0.19 0.00826795
v 0.328 0.19 0.0065359
v 0.528 0.19 0.01
v 0.526 0.19 0.01
v 0.527 0.19 0.00826795
v 0.525 0.19 0.00826795
v 0.524 0.19 0.0065359
v 0.526 0.19 0.0065359
v 0.332 0.19 0.01
v 0.33 0.19 0.01
v 0.331 0.19 0.00826795
v 0.334 0.19 0.0065359
v 0.333 0.19 0.00826795
v 0.332 0.19 0.0065359
v 0.336 0.19 0.01
v 0.334 0.19 0.01
v 0.335 0.19 0.00826795
v 0.338 0.19 0.0065359
v 0.337 0.19 0.00826795
v 0.336 0.19 0.0065359
v 0.339 0.19 0.00826795
v 0.34 0.19 0.0065359
v 0.341 0.19 0.00826795
v 0.342 0.19 0.0065359
v 0.343 0.19 0.00826795
v 0.344 0.19 0.0065359
v 0.524 0.19 0.01
v 0.522 0.19 0.01
v 0.523 0.19 0.00826795
v 0.521 0.19 0.00826795
v 0.52 0.19 0.0065359
v 0.522 0.19 0.0065359
v 0.345 0.19 0.00826795
v 0.346 0.19 0.0065359
v 0.347 0.19 0.00826795
v 0.56 0.19 0.0065359
v 0.348 0.19 0.0065359
v 0.349 0.19 0.00826795
v 0.35 0.19 0.0065359
v 0.351 0.19 0.00826795
v 0.352 0.19 0.0065359
v 0.554 0.19 0.0065359
v 0.353 0.19 0.00826795
v 0.354 0.19 0.0065359
v 0.588004 0.19 0.00654403
v 0.578002 0.19 0.0065431
v 0.517 0.19 0.00826795
v 0.516 0.19 0.00653591
v 0.518 0.19 0.0065359
v 0.52 0.19 0.01
v 0.518 0.19 0.01
v 0.519 0.19 0.00826795
v 0.356 0.19 0.01
v 0.354 0.19 0.01
v 0.355 0.19 0.00826795
v 0.358 0.19 0.0065359
v 0.357 0.19 0.00826795
v 0.356 0.19 0.0065359
v 0.359 0.19 0.00826795
v 0.515 0.19 0.00826797
v 0.36 0.19 0.0065359
v 0.361 0.19 0.00826795
v 0.362 0.19 0.0065359
v 0.452 0.19 0.01
v 0.45 0.19 0.01
v 0.451 0.19 0.00826795
v 0.449 0.19 0.00826795
v 0.448 0.19 0.0065359
v 0.45 0.19 0.0065359
v 0.364 0.19 0.01
v 0.362 0.19 0.01
v 0.363 0.19 0.00826795
v 0.453 0.19 0.00480385
v 0.455 0.19 0.00480385
v 0.454 0.19 0.0065359
v 0.513 0.19 0.00826795
v 0.512001 0.19 0.00653643
v 0.514 0.19 0.00653599
v 0.366 0.19 0.006536
v 0.365 0.19 0.00826795
v 0.364 0.19 0.00653592
v 0.452 0.19 0.0065359
v 0.453 0.19 0.00826795
v 0.447 0.19 0.00826795
v 0.393 0.19 0.00826795
v 0.394 0.19 0.0065359
v 0.395 0.19 0.00826795
v 0.516 0.19 0.01
v 0.514 0.19 0.01
v 0.396 0.19 0.0065359
v 0.446 0.19 0.0065359
v 0.368 0.19 0.01
v 0.366 0.19 0.01
v 0.367 0.19 0.00826807
v 0.397 0.19 0.00826795
v 0.37 0.19 0.00653951
v 0.369 0.19 0.00826795
v 0.368 0.19 0.0065365
v 0.391031 0.19 0.00482722
v 0.393005 0.19 0.00484049
v 0.392006 0.19 0.0065459
v 0.398 0.19 0.00653591
v 0.46 0.19 0.0065359
v 0.461 0.19 0.00480385
v 0.462 0.19 0.0065359
v 0.496 0.19 0.0065359
v 0.495 0.19 0.00480385
v 0.497 0.19 0.00480385
v 0.371 0.19 0.00826795
v 0.4 0.19 0.01
v 0.398 0.19 0.01
v 0.399 0.19 0.00826797
v 0.51 0.19 0.01
v 0.509 0.19 0.00826795
v 0.511001 0.19 0.00826857
v 0.445 0.19 0.00826795
v 0.463 0.19 0.00480385
v 0.372 0.19 0.00653962
v 0.513 0.19 0.00173205
v 0.373 0.19 0.00826795
v 0.483999 0.19 0.00346357
v 0.483 0.19 0.00173205
v 0.484999 0.19 0.00173143
v 0.515 0.19 0.00173205
v 0.461 0.19 0.00826795
v 0.497 0.19 0.00826795
v 0.495 0.19 0.00826795
v 0.485995 0.19 0.00346089
v 0.519 0.19 0.00173205
v 0.517 0.19 0.00173205
v 0.565 0.19 0.00173205
v 0.563 0.19 0.00173205
v 0.444 0.19 0.0065359
v 0.401999 0.19 0.00653645
v 0.401 0.19 0.00826795
v 0.4 0.19 0.00653599
v 0.583 0.19 0.00173205
v 0.581 0.19 0.00173205
v 0.374 0.19 0.0065402
v 0.497973 0.19 0.00655126
v 0.549 0.19 0.00173205
v 0.551 0.19 0.00173205
v 0.375 0.19 0.00826981
v 0.512 0.19 0.01
v 0.468 0.19 0.01
v 0.466 0.19 0.01
v 0.467 0.19 0.00826795
v 0.510005 0.19 0.00653911
v 0.506 0.19 0.01
v 0.507031 0.19 0.00829132
v 0.459 0.19 0.00826795
v 0.469 0.19 0.00826795
v 0.437 0.19 0.00480385
v 0.436 0.19 0.0065359
v 0.435 0.19 0.00480385
v 0.438 0.19 0.0065359
v 0.564 0.19 0.01
v 0.468 0.19 0.0065359
v 0.494 0.19 0.0065359
v 0.469 0.19 0.00173205
v 0.467 0.19 0.00173205
v 0.443 0.19 0.00173205
v 0.445 0.19 0.00173205
v 0.481035 0.19 0.0017061
v 0.474 0.19 0.01
v 0.473 0.19 0.00826795
v 0.475 0.19 0.00826795
v 0.47 0.19 0.0065359
v 0.439 0.19 0.00826795
v 0.437 0.19 0.00826795
v 0.475 0.19 0.00480385
v 0.476 0.19 0.0065359
v 0.474 0.19 0.0065359
v 0.377995 0.19 0.00653979
v 0.377 0.19 0.00826795
v 0.375998 0.19 0.00654276
v 0.55 0.19 0.01
v 0.548 0.19 0.01
v 0.441 0.19 0.00173205
v 0.59489 0.19 0.00167613
v 0.402999 0.19 0.00826859
v 0.592 0.19 0.01
v 0.569 0.19 0.00173205
v 0.571002 0.19 0.00169168
v 0.521 0.19 0.00173205
v 0.473 0.19 0.00480385
v 0.472 0.19 0.0065359
v 0.471 0.19 0.00480385
v 0.392059 0.19 0.00321257
v 0.471 0.19 0.00826795
v 0.42 0.19 0.0034641
v 0.421 0.19 0.00173205
v 0.422 0.19 0.0034641
v 0.585002 0.19 0.00169168
v 0.504965 0.19 0.00170558
v 0.587019 0.19 0.00164958
v 0.476 0.19 0.01
v 0.411 0.19 0.00173205
v 0.410027 0.19 0.00344874
v 0.409035 0.19 0.00170612
v 0.444 0.19 0.01
v 0.442 0.19 0.01
v 0.443 0.19 0.00826795
v 0.378999 0.19 0.0082686
v 0.385 0.19 0.00173205
v 0.382998 0.19 0.00169168
v 0.508 0.19 0.01
v 0.374 0.19 0.01
v 0.487 0.19 0.00173205
v 0.458 0.19 0.0065359
v 0.594 0.19 0.01
v 0.466 0.19 0.0065359
v 0.465 0.19 0.00826795
v 0.464 0.19 0.0065359
v 0.376 0.19 0.01
v 0.531 0.19 0.00173205
v 0.533002 0.19 0.00169168
v 0.439 0.19 0.00173205
v 0.437 0.19 0.00173205
v 0.493 0.19 0.00826795
v 0.492 0.19 0.01
v 0.491035 0.19 0.00829388
v 0.463 0.19 0.00173205
v 0.461 0.19 0.00173205
v 0.529 0.19 0.00480385
v 0.472 0.19 0.01
v 0.47 0.19 0.01
v 0.494 0.19 0.01
v 0.566 0.19 0.01
v 0.509 0.19 0.00480385
v 0.511 0.19 0.00480385
v 0.591006 0.19 0.00484163
v 0.589032 0.19 0.00482859
v 0.59006 0.19 0.00321299
v 0.477002 0.19 0.0017053
v 0.565 0.19 0.00480385
v 0.567 0.19 0.00480385
v 0.423 0.19 0.00173205
v 0.42401 0.19 0.00345202
v 0.464 0.19 0.01
v 0.462 0.19 0.01
v 0.463 0.19 0.00826795
v 0.482026 0.19 0.00344865
v 0.430973 0.19 0.00171669
v 0.428996 0.19 0.00172949
v 0.517 0.19 0.00480385
v 0.519 0.19 0.00480385
v 0.458 0.19 0.01
v 0.457 0.19 0.00826795
v 0.49 0.19 0.01
v 0.404 0.19 0.01
v 0.402 0.19 0.01
v 0.425 0.19 0.00173204
v 0.511 0.19 0.00173205
v 0.496 0.19 0.01
v 0.427 0.19 0.00173205
v 0.438 0.19 0.01
v 0.498 0.19 0.01
v 0.498965 0.19 0.00829388
v 0.421 0.19 0.00519615
v 0.403995 0.19 0.00653918
v 0.555 0.19 0.00480385
v 0.585 0.19 0.00480385
v 0.559 0.19 0.00173205
v 0.477 0.19 0.00826795
v 0.477973 0.19 0.00655126
v 0.478965 0.19 0.00829388
v 0.577006 0.19 0.00484162
v 0.575032 0.19 0.00482856
v 0.57606 0.19 0.00321298
v 0.465 0.19 0.00480385
v 0.539006 0.19 0.00484162
v 0.593 0.19 0.00482283
v 0.478 0.19 0.01
v 0.567 0.19 0.00173205
v 0.382 0.19 0.01
v 0.38 0.19 0.01
v 0.381 0.19 0.00826795
v 0.389 0.19 0.00826795
v 0.387 0.19 0.00826795
v 0.388 0.19 0.0065359
v 0.417 0.19 0.00173205
v 0.418 0.19 0.0034641
v 0.416 0.19 0.0034641
v 0.388 0.19 0.01
v 0.549 0.19 0.00480385
v 0.551 0.19 0.00480385
v 0.442 0.19 0.0065359
v 0.515 0.19 0.00480385
v 0.571 0.19 0.00480385
v 0.473 0.19 0.00173205
v 0.423019 0.19 0.00835042
v 0.422 0.19 0.01
v 0.421002 0.19 0.00830832
v 0.555 0.19 0.00173205
v 0.405 0.19 0.00826795
v 0.503 0.19 0.00173205
v 0.561 0.19 0.00480385
v 0.563 0.19 0.00480385
v 0.501031 0.19 0.00170868
v 0.502032 0.19 0.00344484
v 0.44 0.19 0.0065359
v 0.399 0.19 0.00173205
v 0.397 0.19 0.00173205
v 0.419 0.19 0.00173205
v 0.493 0.19 0.00480385
v 0.451 0.19 0.00173205
v 0.453 0.19 0.00173205
v 0.35 0.19 0.01
v 0.569 0.19 0.00480385
v 0.378 0.19 0.01
v 0.525 0.19 0.00480385
v 0.527 0.19 0.00480385
v 0.503979 0.19 0.00344553
v 0.394 0.19 0.01
v 0.559 0.19 0.00480385
v 0.579 0.19 0.00482283
v 0.485 0.19 0.00519615
v 0.483 0.19 0.00519615
v 0.441 0.19 0.00826795
v 0.531 0.19 0.00480385
v 0.533 0.19 0.00480385
v 0.547 0.19 0.00480385
v 0.482 0.19 0.01
v 0.482998 0.19 0.0082947
v 0.46 0.19 0.01
v 0.543 0.19 0.00482188
v 0.396 0.19 0.01
v 0.415 0.19 0.00173205
v 0.469 0.19 0.00480385
v 0.467 0.19 0.00480385
v 0.435004 0.19 0.00827051
v 0.579 0.19 0.00173205
v 0.42 0.19 0.01
v 0.399 0.19 0.00480385
v 0.397 0.19 0.00480385
v 0.352 0.19 0.01
v 0.44 0.19 0.01
v 0.457 0.19 0.00480385
v 0.459 0.19 0.00480385
v 0.448 0.19 0.01
v 0.553 0.19 0.00480385
v 0.383 0.19 0.00826795
v 0.503 0.19 0.00519615
v 0.561 0.19 0.00173205
v 0.581 0.19 0.00482188
v 0.583 0.19 0.00482181
v 0.484 0.19 0.01
v 0.545 0.19 0.00482181
v 0.557 0.19 0.00173205
v 0.39 0.19 0.0065359
v 0.391001 0.19 0.00826962
v 0.553 0.19 0.00173205
v 0.492027 0.19 0.00655126
v 0.382 0.19 0.0065359
v 0.38 0.19 0.0065359
v 0.419 0.19 0.00519615
v 0.417 0.19 0.00519615
v 0.449 0.19 0.00480385
v 0.363 0.19 0.00173205
v 0.365 0.19 0.00173205
v 0.445 0.19 0.00480385
v 0.439 0.19 0.00480385
v 0.471 0.19 0.00173205
v 0.361 0.19 0.00173205
v 0.523 0.19 0.00173205
v 0.481003 0.19 0.00509167
v 0.395 0.19 0.00480385
v 0.405967 0.19 0.00655558
v 0.5 0.19 0.01
v 0.446 0.19 0.01
v 0.454 0.19 0.01
v 0.455 0.19 0.00826795
v 0.387002 0.19 0.00169168
v 0.477 0.19 0.00480385
v 0.478997 0.19 0.00492243
v 0.378969 0.19 0.00482722
v 0.429968 0.19 0.0034426
v 0.456 0.19 0.0065359
v 0.335 0.19 0.00173205
v 0.333 0.19 0.00173205
v 0.315 0.19 0.00173205
v 0.317 0.19 0.00173205
v 0.343 0.19 0.00480385
v 0.341 0.19 0.00480385
v 0.347 0.19 0.00173205
v 0.349 0.19 0.00173205
v 0.348 0.19 0.01
v 0.541 0.19 0.00173205
v 0.294994 0.19 0.00484162
v 0.293 0.19 0.00482283
v 0.376994 0.19 0.00484114
v 0.373 0.19 0.00173205
v 0.523 0.19 0.00480385
v 0.426 0.19 0.00346403
v 0.331 0.19 0.00173205
v 0.329 0.19 0.00173205
v 0.358 0.19 0.01
v 0.541 0.19 0.00482283
v 0.443 0.19 0.00480385
v 0.425027 0.19 0.0051753
v 0.427 0.19 0.00516332
v 0.426058 0.19 0.00678849
v 0.329 0.19 0.00480385
v 0.327 0.19 0.00480385
v 0.465 0.19 0.00173205
v 0.488969 0.19 0.00170868
v 0.447 0.19 0.00173205
v 0.39 0.19 0.01
v 0.433027 0.19 0.00828331
v 0.432 0.19 0.01
v 0.333 0.19 0.00480385
v 0.331 0.19 0.00480385
v 0.401 0.19 0.00480385
v 0.441 0.19 0.00480385
v 0.283 0.19 0.00480385
v 0.281 0.19 0.00480385
v 0.408 0.19 0.01
v 0.406965 0.19 0.00829387
v 0.501003 0.19 0.00509122
v 0.595152 0.19 0.0048178
v 0.436 0.19 0.01
v 0.372 0.19 0.01
v 0.435 0.19 0.00173205
v 0.459 0.19 0.00173205
v 0.339 0.19 0.00480385
v 0.337 0.19 0.00480385
v 0.542 0.19 0.01
v 0.401 0.19 0.00173205
v 0.375 0.19 0.00173205
v 0.369 0.19 0.00480385
v 0.297996 0.19 0.00654391
v 0.296968 0.19 0.00482856
v 0.487968 0.19 0.00344484
v 0.405 0.19 0.00480385
v 0.485 0.19 0.00826795
v 0.259 0.19 0.00173205
v 0.339 0.19 0.00173205
v 0.337 0.19 0.00173205
v 0.508032 0.19 0.00655516
v 0.361 0.19 0.00480385
v 0.359 0.19 0.00480385
v 0.293 0.19 0.00173205
v 0.291 0.19 0.00173205
v 0.343 0.19 0.00173205
v 0.345 0.19 0.00173205
v 0.447 0.19 0.00480385
v 0.355 0.19 0.00480385
v 0.36 0.19 0.01
v 0.351 0.19 0.00173205
v 0.347 0.19 0.00480385
v 0.257 0.19 0.00173205
v 0.353 0.19 0.00173205
v 0.307 0.19 0.00173205
v 0.305 0.19 0.00173205
v 0.384 0.19 0.0065359
v 0.383 0.19 0.00480385
v 0.427999 0.19 0.00346367
v 0.273 0.19 0.00173205
v 0.275 0.19 0.00173205
v 0.419 0.19 0.00826795
v 0.418 0.19 0.01
v 0.416998 0.19 0.00830832
v 0.355 0.19 0.00173205
v 0.557 0.19 0.00480385
v 0.327 0.19 0.00173205
v 0.298981 0.19 0.00164958
v 0.300998 0.19 0.00169168
v 0.363 0.19 0.00480385
v 0.357 0.19 0.00480385
v 0.261 0.19 0.00173205
v 0.276 0.19 0.01
v 0.302 0.19 0.01
v 0.319 0.19 0.00480385
v 0.508998 0.19 0.0017053
v 0.321 0.19 0.00480385
v 0.411004 0.19 0.00516084
v 0.412 0.19 0.0034641
v 0.412974 0.19 0.0051749
v 0.371 0.19 0.00482181
v 0.389019 0.19 0.00164958
v 0.353 0.19 0.00480385
v 0.351 0.19 0.00480385
v 0.309 0.19 0.00173205
v 0.261 0.19 0.00480385
v 0.25 0.19 0.006
v 0.25 0.19 0.004
v 0.251628 0.19 0.00490332
v 0.277 0.19 0.00480385
v 0.34 0.19 0.01
v 0.303 0.19 0.00480385
v 0.487 0.19 0.00519615
v 0.488997 0.19 0.00509122
v 0.367 0.19 0.00173205
v 0.313 0.19 0.00173205
v 0.294 0.19 0.01
v 0.292 0.19 0.01
v 0.344 0.19 0.01
v 0.305 0.19 0.00480385
v 0.289 0.19 0.00173205
v 0.41 0.19 0.01
v 0.277 0.19 0.00173205
v 0.303 0.19 0.00173205
v 0.287 0.19 0.00173205
v 0.304 0.19 0.01
v 0.492998 0.19 0.0017053
v 0.325 0.19 0.00480385
v 0.323 0.19 0.00480385
v 0.278 0.19 0.01
v 0.403 0.19 0.00173205
v 0.291 0.19 0.00482188
v 0.289 0.19 0.00482181
v 0.406996 0.19 0.00492295
v 0.319 0.19 0.00173205
v 0.380981 0.19 0.00164958
v 0.301 0.19 0.00480385
v 0.371 0.19 0.00173205
v 0.258 0.19 0.01
v 0.256 0.19 0.01
v 0.392 0.19 0.01
v 0.262 0.19 0.01
v 0.26 0.19 0.01
v 0.279 0.19 0.00480385
v 0.273 0.19 0.00480385
v 0.263 0.19 0.00480385
v 0.257 0.19 0.00480385
v 0.346 0.19 0.01
v 0.311 0.19 0.00480385
v 0.309 0.19 0.00480385
v 0.271 0.19 0.00173205
v 0.349 0.19 0.00480385
v 0.269 0.19 0.00173205
v 0.373 0.19 0.00482188
v 0.365 0.19 0.00480385
v 0.335 0.19 0.00480385
v 0.325 0.19 0.00173205
v 0.25511 0.19 0.00167613
v 0.279 0.19 0.00173205
v 0.285 0.19 0.00173205
v 0.259 0.19 0.00480385
v 0.265 0.19 0.00173205
v 0.263 0.19 0.00173205
v 0.315 0.19 0.00480385
v 0.313 0.19 0.00480385
v 0.265 0.19 0.00480385
v 0.281 0.19 0.00173205
v 0.283 0.19 0.00173205
v 0.267 0.19 0.00173205
v 0.403 0.19 0.00480385
v 0.317 0.19 0.00480385
v 0.527 0.19 0.00173205
v 0.338 0.19 0.01
v 0.342 0.19 0.01
v 0.386 0.19 0.01
v 0.406 0.19 0.01
v 0.43 0.19 0.01
v 0.428 0.19 0.01
v 0.429 0.19 0.00826795
v 0.434 0.19 0.01
v 0.456 0.19 0.01
v 0.48 0.19 0.01
v 0.486 0.19 0.01
v 0.488 0.19 0.01
v 0.502 0.19 0.01
v 0.504 0.19 0.01
v 0.53 0.19 0.01
v 0.532 0.19 0.01
v 0.367 0.19 0.00480385
v 0.311 0.19 0.00173205
v 0.323 0.19 0.00173205
v 0.359 0.19 0.00173205
v 0.455 0.19 0.00173205
v 0.475 0.19 0.00173205
v 0.495 0.19 0.00173205
v 0.535019 0.19 0.00164958
v 0.545 0.19 0.00173205
v 0.573019 0.19 0.00164958
v 0.593 0.19 0.00173205
v 0.357 0.19 0.00173205
v 0.267 0.19 0.00480385
v 0.269 0.19 0.00480385
v 0.54 0.19 0.01
v 0.538 0.19 0.01
v 0.275 0.19 0.00480385
v 0.411943 0.19 0.00678801
v 0.285 0.19 0.00480385
v 0.375 0.19 0.0048228
v 0.321 0.19 0.00173205
v 0.307 0.19 0.00480385
v 0.416 0.19 0.01
v 0.414 0.19 0.01
v 0.414981 0.19 0.00835042
v 0.424 0.19 0.01
v 0.369 0.19 0.00173205
v 0.287 0.19 0.00480385
v 0.429 0.19 0.00517767
v 0.384 0.19 0.01
v 0.385 0.19 0.00826795
v 0.254848 0.19 0.00481447
v 0.345 0.19 0.00480385
v 0.385 0.19 0.00480385
v 0.529 0.19 0.00173205
v 0.504998 0.19 0.00509136
v 0.271 0.19 0.00480385
v 0.6 0.19 0.004
v 0.6 0.19 0.006
v 0.598372 0.19 0.00490332
v 0.413 0.19 0.00173205
v 0.341 0.19 0.00173205
v 0.409005 0.19 0.00504404
v 0.37 0.19 0.01
v 0.395 0.19 0.00173205
v 0.430996 0.19 0.00507464
v 0.405002 0.19 0.0017053
v 0.521 0.19 0.00480385
v 0.513 0.19 0.00480385
v 0.457 0.19 0.00173205
v 0.537032 0.19 0.00482856
v 0.547 0.19 0.00173205
v 0.29594 0.19 0.00321298
v 0.377941 0.19 0.00321268
v 0.434032 0.19 0.00655425
v 0.433003 0.19 0.00490832
v 0.451 0.19 0.00480385
v 0.487002 0.19 0.0082947
v 0.498997 0.19 0.00492243
v 0.413996 0.19 0.00346056
v 0.386 0.19 0.0065359
v 0.497002 0.19 0.0017053
v 0.491003 0.19 0.00492243
v 0.387002 0.19 0.00483059
v 0.543 0.19 0.00173205
v 0.53806 0.19 0.00321298
v 0.449 0.19 0.00173205
v 0.525 0.19 0.00173205
v 0.503 0.19 0.00832609
v 0.507004 0.19 0.0049229
v 0.25 0.19 0.002
v 0.6 0.19 0.002
v 0.25 0.19 0.008
v 0.6 0.19 0.008
v 0.394 0.19 0.00326829
v 0.428 0.19 0.00673171
v 0.376 0.19 0.00326829
v 0.294 0.19 0.00326829
v 0.54 0.19 0.00326829
v 0.578 0.19 0.00326829
v 0.592 0.19 0.00326829
v 0.251464 0.19 0.0014641
v 0.598536 0.19 0.0014641
v 0.25 0.19 0.01
v 0.251464 0.19 0.0085359
v 0.6 0.19 0.01
v 0.598536 0.19 0.0085359
v 0.374 0.19 0.00326795
v 0.396 0.19 0.00326801
v 0.292 0.19 0.00326795
v 0.542 0.19 0.00326795
v 0.58 0.19 0.00326795
v 0.59392 0.19 0.00324248
v 0.454 0.19 0.00326795
v 0.452 0.19 0.00326795
v 0.51 0.19 0.00326795
v 0.496 0.19 0.00326795
v 0.512 0.19 0.00326795
v 0.514 0.19 0.00326795
v 0.493997 0.19 0.00326722
v 0.464 0.19 0.00326795
v 0.462 0.19 0.00326795
v 0.384 0.19 0.00326795
v 0.435999 0.19 0.00326897
v 0.42 0.19 0.00673205
v 0.456 0.19 0.00326795
v 0.458 0.19 0.00326795
v 0.483998 0.19 0.00673345
v 0.4 0.19 0.00326795
v 0.398 0.19 0.00326795
v 0.438 0.19 0.00326812
v 0.472 0.19 0.00326795
v 0.474 0.19 0.00326795
v 0.476003 0.19 0.00326723
v 0.386 0.19 0.00326795
v 0.444 0.19 0.00326795
v 0.446 0.19 0.00326795
v 0.372 0.19 0.00326795
v 0.46 0.19 0.00326795
v 0.466 0.19 0.00326795
v 0.468 0.19 0.00326795
v 0.404 0.19 0.00326795
v 0.37 0.19 0.00326795
v 0.368 0.19 0.00326795
v 0.486003 0.19 0.00673324
v 0.418 0.19 0.00673205
v 0.442 0.19 0.00326795
v 0.47 0.19 0.00326795
v 0.402 0.19 0.00326795
v 0.448 0.19 0.00326795
v 0.44 0.19 0.00326798
v 0.516 0.19 0.00326795
v 0.518 0.19 0.00326795
v 0.364 0.19 0.00326795
v 0.362 0.19 0.00326795
v 0.366 0.19 0.00326795
v 0.36 0.19 0.00326795
v 0.358 0.19 0.00326795
v 0.45 0.19 0.00326795
v 0.356 0.19 0.00326795
v 0.354 0.19 0.00326795
v 0.522 0.19 0.00326795
v 0.524 0.19 0.00326795
v 0.35 0.19 0.00326795
v 0.348 0.19 0.00326795
v 0.352 0.19 0.00326795
v 0.346 0.19 0.00326795
v 0.344 0.19 0.00326795
v 0.52 0.19 0.00326795
v 0.342 0.19 0.00326795
v 0.34 0.19 0.00326795
v 0.338 0.19 0.00326795
v 0.336 0.19 0.00326795
v 0.334 0.19 0.00326795
v 0.332 0.19 0.00326795
v 0.53 0.19 0.00326795
v 0.532 0.19 0.00326795
v 0.328 0.19 0.00326795
v 0.326 0.19 0.00326795
v 0.33 0.19 0.00326795
v 0.526 0.19 0.00326795
v 0.528 0.19 0.00326795
v 0.324 0.19 0.00326795
v 0.322 0.19 0.00326795
v 0.318 0.19 0.00326795
v 0.316 0.19 0.00326795
v 0.32 0.19 0.00326795
v 0.314 0.19 0.00326795
v 0.31 0.19 0.00326795
v 0.308 0.19 0.00326795
v 0.312 0.19 0.00326795
v 0.302 0.19 0.00326795
v 0.306 0.19 0.00326795
v 0.304 0.19 0.00326795
v 0.288 0.19 0.00326795
v 0.286 0.19 0.00326795
v 0.284 0.19 0.00326795
v 0.282 0.19 0.00326795
v 0.29 0.19 0.00326795
v 0.278 0.19 0.00326795
v 0.276 0.19 0.00326795
v 0.28 0.19 0.00326795
v 0.274 0.19 0.00326795
v 0.268 0.19 0.00326795
v 0.266 0.19 0.00326795
v 0.272 0.19 0.00326795
v 0.27 0.19 0.00326795
v 0.262 0.19 0.00326795
v 0.26 0.19 0.00326795
v 0.264 0.19 0.00326795
v 0.258 0.19 0.00326795
v 0.25608 0.19 0.0032387
v 0.546 0.19 0.00326795
v 0.548 0.19 0.00326795
v 0.544 0.19 0.00326795
v 0.55 0.19 0.00326795
v 0.552 0.19 0.00326795
v 0.554 0.19 0.00326795
v 0.556 0.19 0.00326795
v 0.558 0.19 0.00326795
v 0.56 0.19 0.00326795
v 0.562 0.19 0.00326795
v 0.564 0.19 0.00326795
v 0.566 0.19 0.00326795
v 0.568 0.19 0.00326795
v 0.57 0.19 0.00326795
v 0.582 0.19 0.00326795
v 0.584 0.19 0.00326795
v 0.6 0.206372 0.00368675
v 0.6 0.205173 0.00179259
v 0.6 0.207018 0.00166333
v 0.6 0.195 0.00173205
v 0.6 0.193521 0.0038596
v 0.6 0.192946 0.00167737
v 0.6 0.197872 0.00333165
v 0.6 0.195541 0.00357018
v 0.6 0.19684 0.00163986
v 0.6 0.204603 0.00334808
v 0.6 0.196839 0.00494105
v 0.6 0.206536 0.006
v 0.6 0.206816 0.00818861
v 0.6 0.204883 0.00699107
v 0.6 0.203107 0.00596617
v 0.6 0.201189 0.00495357
v 0.6 0.203055 0.00403934
v 0.6 0.205 0.00866025
v 0.6 0.203071 0.00809757
v 0.6 0.196 0.0065359
v 0.6 0.194954 0.00530024
v 0.6 0.198946 0.00164765
v 0.6 0.191657 0.00698909
v 0.6 0.193221 0.00601127
v 0.6 0.193136 0.00816978
v 0.6 0.208307 0.00300748
v 0.6 0.191694 0.00300847
v 0.6 0.203061 0.00200889
v 0.6 0.201648 0.00677444
v 0.6 0.208351 0.00693724
v 0.6 0.194572 0.00688008
v 0.6 0.201636 0.00321731
v 0.6 0.204804 0.005
v 0.6 0.191732 0.005
v 0.6 0.21 0.004
v 0.6 0.208277 0.00498365
v 0.6 0.2 0.01
v 0.6 0.198 0.01
v 0.6 0.199 0.00826795
v 0.6 0.19899 0.00484304
v 0.6 0.197019 0.00827918
v 0.6 0.198003 0.00653777
v 0.6 0.199937 0.0065727
v 0.6 0.200938 0.00828217
v 0.6 0.200965 0.00164606
v 0.6 0.202 0.01
v 0.6 0.196 0.01
v 0.6 0.195117 0.00833531
v 0.6 0.194 0.01
v 0.6 0.204 0.01
v 0.6 0.208 0.01
v 0.6 0.206 0.01
v 0.6 0.21 0.002
v 0.6 0.21 0.006
v 0.6 0.192 0.01
v 0.6 0.21 0.008
v 0.6 0.199952 0.00327406
v 0.6 0.191464 0.0085359
v 0.6 0.21 0.01
v 0.6 0.208536 0.0085359
v 0.6 0.208536 0.0014641
v 0.6 0.191464 0.0014641
v 0.251732 0.21 0.005
v 0.253832 0.21 0.00636671
v 0.253721 0.21 0.00429343
v 0.251716 0.21 0.0070138
v 0.251992 0.21 0.0030181
v 0.253888 0.21 0.0027716
v 0.596061 0.21 0.00670854
v 0.596992 0.21 0.00830646
v 0.598121 0.21 0.0068365
v 0.253031 0.21 0.0083539
v 0.598306 0.21 0.00300114
v 0.596844 0.21 0.00189119
v 0.59684 0.21 0.00385863
v 0.255743 0.21 0.00343393
v 0.596907 0.21 0.00542152
v 0.595531 0.21 0.00308759
v 0.253023 0.21 0.00152335
v 0.255326 0.21 0.00504876
v 0.441053 0.21 0.00833131
v 0.44202 0.21 0.00664658
v 0.440023 0.21 0.00672612
v 0.344942 0.21 0.00513023
v 0.343973 0.21 0.00677455
v 0.345987 0.21 0.00671972
v 0.337981 0.21 0.00664672
v 0.338947 0.21 0.00833131
v 0.339975 0.21 0.00672616
v 0.347942 0.21 0.00339684
v 0.34697 0.21 0.00505172
v 0.349 0.21 0.00500034
v 0.31994 0.21 0.00664273
v 0.320947 0.21 0.00833131
v 0.321969 0.21 0.00672998
v 0.579027 0.21 0.0048519
v 0.580023 0.21 0.00322442
v 0.578012 0.21 0.00324823
v 0.547027 0.21 0.0048519
v 0.548023 0.21 0.00322442
v 0.546012 0.21 0.00324823
v 0.326969 0.21 0.00514553
v 0.325978 0.21 0.00677697
v 0.32799 0.21 0.00675731
v 0.521027 0.21 0.0048519
v 0.522023 0.21 0.00322442
v 0.520012 0.21 0.00324823
v 0.258031 0.21 0.00658652
v 0.259014 0.21 0.00493479
v 0.257 0.21 0.005
v 0.331027 0.21 0.00831601
v 0.332056 0.21 0.00664146
v 0.330014 0.21 0.00671972
v 0.359944 0.21 0.00664456
v 0.360973 0.21 0.00831601
v 0.361987 0.21 0.00671245
v 0.495027 0.21 0.0048519
v 0.496023 0.21 0.00322442
v 0.494012 0.21 0.00324823
v 0.370973 0.21 0.00168399
v 0.369944 0.21 0.00335874
v 0.371986 0.21 0.00329038
v 0.442973 0.21 0.00168399
v 0.441985 0.21 0.00334563
v 0.444 0.21 0.00326795
v 0.417944 0.21 0.0066403
v 0.418969 0.21 0.00831857
v 0.419993 0.21 0.00671662
v 0.360056 0.21 0.00335854
v 0.359027 0.21 0.00168399
v 0.358014 0.21 0.00329034
v 0.418056 0.21 0.00335526
v 0.417031 0.21 0.00168143
v 0.416004 0.21 0.00327407
v 0.369027 0.21 0.00831601
v 0.370056 0.21 0.00664461
v 0.368014 0.21 0.00671253
v 0.350973 0.21 0.00168399
v 0.349977 0.21 0.00332402
v 0.351988 0.21 0.00327857
v 0.469027 0.21 0.0048519
v 0.470023 0.21 0.00322415
v 0.468012 0.21 0.00324818
v 0.436022 0.21 0.00677563
v 0.435032 0.21 0.00514396
v 0.434012 0.21 0.00675109
v 0.426969 0.21 0.00514462
v 0.425978 0.21 0.00677589
v 0.427988 0.21 0.00675124
v 0.459977 0.21 0.00322413
v 0.460973 0.21 0.0048519
v 0.461988 0.21 0.00325264
v 0.338015 0.21 0.0033443
v 0.337027 0.21 0.00168399
v 0.336 0.21 0.00326795
v 0.271027 0.21 0.0048519
v 0.272023 0.21 0.00322442
v 0.270012 0.21 0.00324823
v 0.332973 0.21 0.00168399
v 0.331944 0.21 0.00335544
v 0.333987 0.21 0.00328232
v 0.320056 0.21 0.00335478
v 0.319027 0.21 0.00168399
v 0.318014 0.21 0.00327721
v 0.313977 0.21 0.00322413
v 0.314973 0.21 0.0048519
v 0.315994 0.21 0.00324936
v 0.585028 0.21 0.00485946
v 0.586029 0.21 0.00321802
v 0.584032 0.21 0.00322273
v 0.58901 0.21 0.00162487
v 0.587025 0.21 0.00160958
v 0.583019 0.21 0.00160302
v 0.58102 0.21 0.001615
v 0.553028 0.21 0.00485946
v 0.554029 0.21 0.00321802
v 0.552032 0.21 0.00322273
v 0.55701 0.21 0.00162487
v 0.555025 0.21 0.00160958
v 0.551019 0.21 0.00160302
v 0.54902 0.21 0.001615
v 0.31099 0.21 0.00162474
v 0.312982 0.21 0.0016185
v 0.52501 0.21 0.00162481
v 0.523019 0.21 0.00161863
v 0.27501 0.21 0.00162481
v 0.273019 0.21 0.00161863
v 0.49901 0.21 0.00162481
v 0.497019 0.21 0.00161863
v 0.42299 0.21 0.00837543
v 0.424 0.21 0.01
v 0.424982 0.21 0.0083817
v 0.47301 0.21 0.00162476
v 0.471018 0.21 0.00161853
v 0.45699 0.21 0.00162474
v 0.458982 0.21 0.0016185
v 0.322982 0.21 0.008386
v 0.324 0.21 0.01
v 0.32498 0.21 0.00838366
v 0.438 0.21 0.01
v 0.439018 0.21 0.00838591
v 0.437019 0.21 0.00838333
v 0.340981 0.21 0.00838608
v 0.342 0.21 0.01
v 0.34298 0.21 0.00838335
v 0.595009 0.21 0.00830376
v 0.594 0.21 0.00653964
v 0.593 0.21 0.00826795
v 0.592 0.21 0.0065403
v 0.59 0.21 0.01
v 0.592 0.21 0.01
v 0.591 0.21 0.00826991
v 0.588006 0.21 0.00654204
v 0.589 0.21 0.00826795
v 0.590002 0.21 0.00654328
v 0.587002 0.21 0.00827072
v 0.586005 0.21 0.00654637
v 0.585 0.21 0.00826795
v 0.584002 0.21 0.0065431
v 0.583001 0.21 0.00827006
v 0.582006 0.21 0.00654135
v 0.581 0.21 0.00826795
v 0.580004 0.21 0.00654391
v 0.578 0.21 0.01
v 0.58 0.21 0.01
v 0.579001 0.21 0.00826928
v 0.576 0.21 0.0065359
v 0.577 0.21 0.00826795
v 0.578 0.21 0.0065359
v 0.574 0.21 0.01
v 0.576 0.21 0.01
v 0.575 0.21 0.00826795
v 0.572 0.21 0.0065359
v 0.573 0.21 0.00826795
v 0.574 0.21 0.0065359
v 0.57 0.21 0.01
v 0.572 0.21 0.01
v 0.571 0.21 0.00826795
v 0.568 0.21 0.006536
v 0.569 0.21 0.00826795
v 0.57 0.21 0.00653592
v 0.566 0.21 0.01
v 0.568 0.21 0.01
v 0.567 0.21 0.00826807
v 0.564 0.21 0.00653952
v 0.565 0.21 0.00826795
v 0.566 0.21 0.0065365
v 0.562 0.21 0.01
v 0.564 0.21 0.01
v 0.563 0.21 0.00826795
v 0.56 0.21 0.0065403
v 0.561 0.21 0.00826795
v 0.562 0.21 0.00653964
v 0.558 0.21 0.01
v 0.56 0.21 0.01
v 0.559 0.21 0.00826991
v 0.556006 0.21 0.00654204
v 0.557 0.21 0.00826795
v 0.558002 0.21 0.00654328
v 0.554 0.21 0.01
v 0.556 0.21 0.01
v 0.555002 0.21 0.00827072
v 0.311 0.21 0.00826795
v 0.31 0.21 0.0065359
v 0.309 0.21 0.00826795
v 0.552002 0.21 0.0065431
v 0.553 0.21 0.00826795
v 0.554005 0.21 0.00654637
v 0.308 0.21 0.0065359
v 0.551001 0.21 0.00827006
v 0.550006 0.21 0.00654135
v 0.307 0.21 0.00826795
v 0.549 0.21 0.00826795
v 0.306 0.21 0.0065359
v 0.548004 0.21 0.00654391
v 0.304 0.21 0.01
v 0.306 0.21 0.01
v 0.305 0.21 0.00826795
v 0.294 0.21 0.01
v 0.296 0.21 0.01
v 0.295 0.21 0.00826795
v 0.302 0.21 0.0065359
v 0.303 0.21 0.00826795
v 0.304 0.21 0.0065359
v 0.546 0.21 0.01
v 0.548 0.21 0.01
v 0.547001 0.21 0.00826928
v 0.297 0.21 0.00826795
v 0.544 0.21 0.0065359
v 0.545 0.21 0.00826795
v 0.546 0.21 0.0065359
v 0.29 0.21 0.01
v 0.292 0.21 0.01
v 0.291 0.21 0.00826795
v 0.298 0.21 0.0065359
v 0.299 0.21 0.00826795
v 0.3 0.21 0.0065359
v 0.301 0.21 0.00826795
v 0.298 0.21 0.01
v 0.292 0.21 0.0065359
v 0.293 0.21 0.00826795
v 0.294 0.21 0.0065359
v 0.542 0.21 0.01
v 0.544 0.21 0.01
v 0.543 0.21 0.00826795
v 0.54 0.21 0.0065359
v 0.541 0.21 0.00826795
v 0.542 0.21 0.0065359
v 0.289 0.21 0.00826795
v 0.538 0.21 0.01
v 0.54 0.21 0.01
v 0.539 0.21 0.00826795
v 0.536 0.21 0.006536
v 0.537 0.21 0.00826795
v 0.538 0.21 0.00653592
v 0.288 0.21 0.01
v 0.534 0.21 0.01
v 0.536 0.21 0.01
v 0.535 0.21 0.00826807
v 0.532 0.21 0.00653951
v 0.533 0.21 0.00826795
v 0.534 0.21 0.0065365
v 0.286 0.21 0.006536
v 0.287 0.21 0.00826795
v 0.288 0.21 0.00653592
v 0.284 0.21 0.01
v 0.286 0.21 0.01
v 0.285 0.21 0.00826807
v 0.53 0.21 0.01
v 0.532 0.21 0.01
v 0.531 0.21 0.00826795
v 0.528 0.21 0.00654026
v 0.529 0.21 0.00826795
v 0.53 0.21 0.00653963
v 0.282 0.21 0.00653951
v 0.283 0.21 0.00826795
v 0.284 0.21 0.0065365
v 0.526 0.21 0.01
v 0.528 0.21 0.01
v 0.527001 0.21 0.00827023
v 0.525001 0.21 0.00827006
v 0.524 0.21 0.01
v 0.28 0.21 0.01
v 0.282 0.21 0.01
v 0.281 0.21 0.00826795
v 0.312969 0.21 0.00482722
v 0.310995 0.21 0.00484049
v 0.311994 0.21 0.0065459
v 0.522004 0.21 0.00654391
v 0.523 0.21 0.00826795
v 0.524006 0.21 0.00654135
v 0.278 0.21 0.00654026
v 0.279 0.21 0.00826795
v 0.28 0.21 0.00653963
v 0.52 0.21 0.01
v 0.522 0.21 0.01
v 0.521001 0.21 0.00826928
v 0.518 0.21 0.0065359
v 0.519 0.21 0.00826795
v 0.52 0.21 0.0065359
v 0.516 0.21 0.01
v 0.518 0.21 0.01
v 0.517 0.21 0.00826795
v 0.514 0.21 0.0065359
v 0.515 0.21 0.00826795
v 0.516 0.21 0.0065359
v 0.513 0.21 0.00826795
v 0.512 0.21 0.00653592
v 0.276 0.21 0.01
v 0.278 0.21 0.01
v 0.277 0.21 0.00826988
v 0.511 0.21 0.00826795
v 0.51 0.21 0.006536
v 0.274006 0.21 0.00654135
v 0.275 0.21 0.00826795
v 0.276002 0.21 0.0065431
v 0.509 0.21 0.00826807
v 0.508 0.21 0.0065365
v 0.507 0.21 0.00826795
v 0.272 0.21 0.01
v 0.274 0.21 0.01
v 0.273002 0.21 0.00827042
v 0.506 0.21 0.00653951
v 0.505 0.21 0.00826795
v 0.504 0.21 0.00653963
v 0.503 0.21 0.00826795
v 0.271001 0.21 0.00826928
v 0.502 0.21 0.00654026
v 0.27 0.21 0.01
v 0.5 0.21 0.01
v 0.502 0.21 0.01
v 0.501001 0.21 0.00827023
v 0.499001 0.21 0.00827006
v 0.498 0.21 0.01
v 0.268 0.21 0.00653591
v 0.269 0.21 0.00826795
v 0.27 0.21 0.0065359
v 0.496004 0.21 0.00654391
v 0.497 0.21 0.00826795
v 0.498006 0.21 0.00654135
v 0.323 0.21 0.00515828
v 0.322027 0.21 0.00344874
v 0.321003 0.21 0.00507302
v 0.494 0.21 0.01
v 0.496 0.21 0.01
v 0.495001 0.21 0.00826928
v 0.492 0.21 0.0065359
v 0.493 0.21 0.00826795
v 0.494 0.21 0.0065359
v 0.326 0.21 0.0034641
v 0.324 0.21 0.0034641
v 0.324973 0.21 0.00518079
v 0.491 0.21 0.00826795
v 0.49 0.21 0.0065359
v 0.266 0.21 0.01
v 0.268 0.21 0.01
v 0.267 0.21 0.00826796
v 0.489 0.21 0.00826795
v 0.325 0.21 0.00173205
v 0.488 0.21 0.0065359
v 0.398 0.21 0.01
v 0.4 0.21 0.01
v 0.399 0.21 0.00826795
v 0.264001 0.21 0.00653632
v 0.265 0.21 0.00826795
v 0.266 0.21 0.00653597
v 0.329 0.21 0.00519615
v 0.328 0.21 0.0034641
v 0.401 0.21 0.00826795
v 0.402 0.21 0.0065359
v 0.4 0.21 0.0065359
v 0.327 0.21 0.00173205
v 0.486 0.21 0.01
v 0.488 0.21 0.01
v 0.487 0.21 0.00826795
v 0.397 0.21 0.00480385
v 0.395 0.21 0.00480385
v 0.396 0.21 0.0065359
v 0.484 0.21 0.006536
v 0.485 0.21 0.00826795
v 0.486 0.21 0.00653592
v 0.398 0.21 0.0065359
v 0.397 0.21 0.00826795
v 0.403 0.21 0.00826795
v 0.457 0.21 0.00826795
v 0.456 0.21 0.0065359
v 0.455 0.21 0.00826795
v 0.323 0.21 0.00173205
v 0.263001 0.21 0.00826845
v 0.454 0.21 0.0065359
v 0.404 0.21 0.0065359
v 0.482 0.21 0.01
v 0.484 0.21 0.01
v 0.483 0.21 0.00826807
v 0.453 0.21 0.00826795
v 0.48 0.21 0.00653951
v 0.481 0.21 0.00826795
v 0.482 0.21 0.0065365
v 0.458969 0.21 0.00482722
v 0.456995 0.21 0.00484049
v 0.457994 0.21 0.0065459
v 0.452 0.21 0.00653591
v 0.39 0.21 0.0065359
v 0.389 0.21 0.00480385
v 0.388 0.21 0.0065359
v 0.354 0.21 0.0065359
v 0.355 0.21 0.00480385
v 0.353 0.21 0.00480385
v 0.262004 0.21 0.00653846
v 0.479 0.21 0.00826795
v 0.45 0.21 0.01
v 0.452 0.21 0.01
v 0.451 0.21 0.00826797
v 0.332 0.21 0.01
v 0.333031 0.21 0.00829132
v 0.311941 0.21 0.00321257
v 0.405 0.21 0.00826795
v 0.387 0.21 0.00480385
v 0.478 0.21 0.00653962
v 0.314 0.21 0.0065359
v 0.312999 0.21 0.00826962
v 0.477 0.21 0.00826795
v 0.366001 0.21 0.00346357
v 0.367 0.21 0.00173205
v 0.365001 0.21 0.00173143
v 0.334 0.21 0.01
v 0.389 0.21 0.00826795
v 0.340026 0.21 0.00344285
v 0.341 0.21 0.00173205
v 0.339035 0.21 0.00170513
v 0.353 0.21 0.00826795
v 0.355 0.21 0.00826795
v 0.364005 0.21 0.00346089
v 0.285 0.21 0.00173205
v 0.287 0.21 0.00173205
v 0.406 0.21 0.0065359
v 0.448001 0.21 0.00653645
v 0.449 0.21 0.00826795
v 0.45 0.21 0.00653599
v 0.267 0.21 0.00173205
v 0.269002 0.21 0.00169168
v 0.476 0.21 0.0065402
v 0.343 0.21 0.00173205
v 0.344 0.21 0.0034641
v 0.345 0.21 0.00173205
v 0.352 0.21 0.0065359
v 0.351 0.21 0.00826795
v 0.349994 0.21 0.00659707
v 0.475 0.21 0.00826981
v 0.299 0.21 0.00173205
v 0.342 0.21 0.0034641
v 0.382 0.21 0.01
v 0.384 0.21 0.01
v 0.383 0.21 0.00826795
v 0.301 0.21 0.00173205
v 0.316 0.21 0.0065359
v 0.317 0.21 0.00480385
v 0.391 0.21 0.00826795
v 0.381 0.21 0.00826795
v 0.413 0.21 0.00480385
v 0.414 0.21 0.0065359
v 0.415 0.21 0.00480385
v 0.412 0.21 0.0065359
v 0.382 0.21 0.0065359
v 0.356 0.21 0.0065359
v 0.381 0.21 0.00173205
v 0.256 0.21 0.01
v 0.258 0.21 0.01
v 0.257006 0.21 0.0082751
v 0.383 0.21 0.00173205
v 0.407 0.21 0.00173205
v 0.405 0.21 0.00173205
v 0.368965 0.21 0.0017061
v 0.376 0.21 0.01
v 0.377 0.21 0.00826795
v 0.375 0.21 0.00826795
v 0.38 0.21 0.0065359
v 0.411 0.21 0.00826795
v 0.413 0.21 0.00826795
v 0.347 0.21 0.00173205
v 0.345954 0.21 0.00342654
v 0.259 0.21 0.00826795
v 0.375 0.21 0.00480385
v 0.374 0.21 0.0065359
v 0.376 0.21 0.0065359
v 0.472005 0.21 0.00653979
v 0.473 0.21 0.00826795
v 0.474002 0.21 0.00654276
v 0.255016 0.21 0.00827739
v 0.256066 0.21 0.00661515
v 0.3 0.21 0.01
v 0.302 0.21 0.01
v 0.409 0.21 0.00173205
v 0.447001 0.21 0.00826859
v 0.257 0.21 0.00173205
v 0.259 0.21 0.0016993
v 0.328 0.21 0.01
v 0.33 0.21 0.01
v 0.329001 0.21 0.00835509
v 0.338 0.21 0.01
v 0.336961 0.21 0.00829697
v 0.377 0.21 0.00480385
v 0.378 0.21 0.0065359
v 0.379 0.21 0.00480385
v 0.457941 0.21 0.00321257
v 0.323942 0.21 0.00678856
v 0.281 0.21 0.00482181
v 0.283 0.21 0.00480385
v 0.379 0.21 0.00826795
v 0.281 0.21 0.00173205
v 0.279 0.21 0.00173205
v 0.43 0.21 0.0034641
v 0.429 0.21 0.00173205
v 0.428 0.21 0.0034641
v 0.265 0.21 0.00173205
v 0.316 0.21 0.01
v 0.317 0.21 0.00826795
v 0.315 0.21 0.00826795
v 0.374 0.21 0.01
v 0.439 0.21 0.00173205
v 0.439973 0.21 0.00344874
v 0.440965 0.21 0.00170612
v 0.406 0.21 0.01
v 0.408 0.21 0.01
v 0.407 0.21 0.00826795
v 0.471001 0.21 0.0082686
v 0.465 0.21 0.00173205
v 0.467002 0.21 0.00169168
v 0.476 0.21 0.01
v 0.363 0.21 0.00173205
v 0.392 0.21 0.0065359
v 0.293 0.21 0.00480385
v 0.295 0.21 0.00480385
v 0.263 0.21 0.00173205
v 0.384 0.21 0.0065359
v 0.385 0.21 0.00826795
v 0.386 0.21 0.0065359
v 0.258019 0.21 0.00337773
v 0.349 0.21 0.00826795
v 0.35 0.21 0.01
v 0.303 0.21 0.00480385
v 0.474 0.21 0.01
v 0.411 0.21 0.00173205
v 0.413 0.21 0.00173205
v 0.357 0.21 0.00826795
v 0.358 0.21 0.01
v 0.358965 0.21 0.00829388
v 0.387 0.21 0.00173205
v 0.389 0.21 0.00173205
v 0.378 0.21 0.01
v 0.38 0.21 0.01
v 0.356 0.21 0.01
v 0.372998 0.21 0.0017053
v 0.427 0.21 0.00173205
v 0.42599 0.21 0.00345202
v 0.386 0.21 0.01
v 0.388 0.21 0.01
v 0.387 0.21 0.00826795
v 0.317001 0.21 0.00164491
v 0.367974 0.21 0.00344865
v 0.419027 0.21 0.00171669
v 0.421004 0.21 0.00172949
v 0.317973 0.21 0.00655126
v 0.261 0.21 0.00173205
v 0.392 0.21 0.01
v 0.393 0.21 0.00826795
v 0.261008 0.21 0.00482563
v 0.263 0.21 0.00480385
v 0.36 0.21 0.01
v 0.446 0.21 0.01
v 0.448 0.21 0.01
v 0.425 0.21 0.00173204
v 0.354 0.21 0.01
v 0.287 0.21 0.00480385
v 0.423 0.21 0.00173205
v 0.254961 0.21 0.0015892
v 0.412 0.21 0.01
v 0.296 0.21 0.0065359
v 0.297 0.21 0.00480385
v 0.429 0.21 0.00519615
v 0.446005 0.21 0.00653918
v 0.291 0.21 0.00173205
v 0.373 0.21 0.00826795
v 0.372027 0.21 0.00655126
v 0.371035 0.21 0.00829388
v 0.26 0.21 0.01
v 0.262 0.21 0.01
v 0.261 0.21 0.00826795
v 0.385 0.21 0.00480385
v 0.372 0.21 0.01
v 0.342973 0.21 0.00518079
v 0.340996 0.21 0.00516084
v 0.335 0.21 0.00167391
v 0.468 0.21 0.01
v 0.47 0.21 0.01
v 0.469 0.21 0.00826795
v 0.461 0.21 0.00826795
v 0.463 0.21 0.00826795
v 0.462 0.21 0.0065359
v 0.433 0.21 0.00173205
v 0.432 0.21 0.0034641
v 0.434 0.21 0.0034641
v 0.462 0.21 0.01
v 0.29 0.21 0.0065359
v 0.408 0.21 0.0065359
v 0.329 0.21 0.00173205
v 0.377 0.21 0.00173205
v 0.335 0.21 0.00480385
v 0.335979 0.21 0.00655447
v 0.336997 0.21 0.00492282
v 0.285 0.21 0.00480385
v 0.426981 0.21 0.00835042
v 0.428 0.21 0.01
v 0.428998 0.21 0.00830832
v 0.309 0.21 0.00480385
v 0.295 0.21 0.00173205
v 0.445 0.21 0.00826795
v 0.41 0.21 0.0065359
v 0.451 0.21 0.00173205
v 0.453 0.21 0.00173205
v 0.431 0.21 0.00173205
v 0.335 0.21 0.00826795
v 0.357 0.21 0.00480385
v 0.399 0.21 0.00173205
v 0.397 0.21 0.00173205
v 0.472 0.21 0.01
v 0.507 0.21 0.00480385
v 0.509 0.21 0.00480385
v 0.456 0.21 0.01
v 0.365 0.21 0.00519615
v 0.367 0.21 0.00519615
v 0.348969 0.21 0.00170868
v 0.409 0.21 0.00826795
v 0.305 0.21 0.00480385
v 0.307 0.21 0.00480385
v 0.368 0.21 0.01
v 0.367002 0.21 0.0082947
v 0.39 0.21 0.01
v 0.272004 0.21 0.00654391
v 0.273032 0.21 0.00482856
v 0.454 0.21 0.01
v 0.279 0.21 0.00482188
v 0.435 0.21 0.00173205
v 0.381 0.21 0.00480385
v 0.383 0.21 0.00480385
v 0.326981 0.21 0.00835042
v 0.414996 0.21 0.00827051
v 0.567 0.21 0.00173205
v 0.565 0.21 0.00173205
v 0.571 0.21 0.00173205
v 0.569 0.21 0.00173205
v 0.43 0.21 0.01
v 0.451 0.21 0.00480385
v 0.453 0.21 0.00480385
v 0.547019 0.21 0.00164958
v 0.545002 0.21 0.00169168
v 0.41 0.21 0.01
v 0.393 0.21 0.00480385
v 0.391 0.21 0.00480385
v 0.402 0.21 0.01
v 0.521019 0.21 0.00164958
v 0.519002 0.21 0.00169168
v 0.467 0.21 0.00826795
v 0.275006 0.21 0.00484162
v 0.567 0.21 0.00480385
v 0.569 0.21 0.00480385
v 0.366 0.21 0.01
v 0.513 0.21 0.00480385
v 0.515 0.21 0.00480385
v 0.46 0.21 0.0065359
v 0.458999 0.21 0.00826962
v 0.577 0.21 0.00480385
v 0.271019 0.21 0.00164958
v 0.591 0.21 0.00482286
v 0.593 0.21 0.00482188
v 0.535 0.21 0.00173205
v 0.533 0.21 0.00173205
v 0.357973 0.21 0.00655126
v 0.468 0.21 0.0065359
v 0.47 0.21 0.0065359
v 0.431 0.21 0.00519615
v 0.433 0.21 0.00519615
v 0.289 0.21 0.00173205
v 0.401 0.21 0.00480385
v 0.341942 0.21 0.00678899
v 0.487 0.21 0.00173205
v 0.485 0.21 0.00173205
v 0.405 0.21 0.00480385
v 0.411 0.21 0.00480385
v 0.379 0.21 0.00173205
v 0.489 0.21 0.00173205
v 0.535 0.21 0.00480385
v 0.537 0.21 0.00480385
v 0.260027 0.21 0.00655126
v 0.329973 0.21 0.00344874
v 0.330997 0.21 0.00507757
v 0.368997 0.21 0.00509167
v 0.283 0.21 0.00173205
v 0.455 0.21 0.00480385
v 0.444033 0.21 0.00655558
v 0.404 0.21 0.01
v 0.289 0.21 0.00480385
v 0.396 0.21 0.01
v 0.395 0.21 0.00826795
v 0.462998 0.21 0.00169168
v 0.373 0.21 0.00480385
v 0.371003 0.21 0.00492243
v 0.471031 0.21 0.00482722
v 0.420032 0.21 0.0034426
v 0.514 0.21 0.01
v 0.394 0.21 0.0065359
v 0.297 0.21 0.00173205
v 0.264 0.21 0.01
v 0.552 0.21 0.01
v 0.585053 0.21 0.00160128
v 0.527 0.21 0.00173205
v 0.473006 0.21 0.00484114
v 0.541 0.21 0.00480385
v 0.543 0.21 0.00480385
v 0.477 0.21 0.00173205
v 0.424 0.21 0.00346403
v 0.517 0.21 0.00173205
v 0.505 0.21 0.00482181
v 0.31 0.21 0.01
v 0.492 0.21 0.01
v 0.407 0.21 0.00480385
v 0.424973 0.21 0.0051753
v 0.423 0.21 0.00516332
v 0.423942 0.21 0.00678849
v 0.512 0.21 0.01
v 0.385 0.21 0.00173205
v 0.361031 0.21 0.00170868
v 0.555032 0.21 0.00483023
v 0.557006 0.21 0.00484202
v 0.55606 0.21 0.00321332
v 0.403 0.21 0.00173205
v 0.46 0.21 0.01
v 0.344 0.21 0.01
v 0.346 0.21 0.01
v 0.344981 0.21 0.00835046
v 0.326 0.21 0.01
v 0.293 0.21 0.00173205
v 0.549032 0.21 0.00482856
v 0.551006 0.21 0.00484162
v 0.55006 0.21 0.00321298
v 0.416973 0.21 0.00828331
v 0.418 0.21 0.01
v 0.511 0.21 0.00480385
v 0.265 0.21 0.00480385
v 0.523032 0.21 0.00482856
v 0.525006 0.21 0.00484162
v 0.52406 0.21 0.00321298
v 0.584 0.21 0.01
v 0.449 0.21 0.00480385
v 0.301 0.21 0.00480385
v 0.409 0.21 0.00480385
v 0.442 0.21 0.01
v 0.443035 0.21 0.00829387
v 0.583006 0.21 0.00484162
v 0.414 0.21 0.01
v 0.478 0.21 0.01
v 0.500002 0.21 0.0065431
v 0.415 0.21 0.00173205
v 0.391 0.21 0.00173205
v 0.545 0.21 0.00480385
v 0.449 0.21 0.00173205
v 0.582 0.21 0.01
v 0.475 0.21 0.00173205
v 0.481 0.21 0.00480385
v 0.362032 0.21 0.00344484
v 0.445 0.21 0.00480385
v 0.365 0.21 0.00826795
v 0.587032 0.21 0.00483023
v 0.589006 0.21 0.00484202
v 0.58806 0.21 0.00321332
v 0.529 0.21 0.00173205
v 0.489 0.21 0.00480385
v 0.491 0.21 0.00480385
v 0.499006 0.21 0.00484162
v 0.403 0.21 0.00480385
v 0.539 0.21 0.00173205
v 0.537 0.21 0.00173205
v 0.49 0.21 0.01
v 0.517 0.21 0.00480385
v 0.519 0.21 0.00480385
v 0.581032 0.21 0.00482856
v 0.58206 0.21 0.00321298
v 0.25 0.21 0.006
v 0.586 0.21 0.01
v 0.466 0.21 0.0065359
v 0.277 0.21 0.00482283
v 0.467 0.21 0.00480385
v 0.422001 0.21 0.00346367
v 0.431 0.21 0.00826795
v 0.432 0.21 0.01
v 0.433002 0.21 0.00830832
v 0.531 0.21 0.00173205
v 0.487 0.21 0.00480385
v 0.493 0.21 0.00480385
v 0.55 0.21 0.01
v 0.299 0.21 0.00480385
v 0.509 0.21 0.00173205
v 0.507 0.21 0.00173205
v 0.438996 0.21 0.00516084
v 0.438 0.21 0.0034641
v 0.437026 0.21 0.0051749
v 0.479 0.21 0.00482181
v 0.460981 0.21 0.00164958
v 0.314981 0.21 0.00164958
v 0.334032 0.21 0.00655516
v 0.363 0.21 0.00519615
v 0.361003 0.21 0.00509122
v 0.277 0.21 0.00173205
v 0.25 0.21 0.004
v 0.25 0.21 0.008
v 0.483 0.21 0.00173205
v 0.588 0.21 0.01
v 0.508 0.21 0.01
v 0.44 0.21 0.01
v 0.336 0.21 0.01
v 0.357002 0.21 0.0017053
v 0.308 0.21 0.01
v 0.501 0.21 0.00173205
v 0.505 0.21 0.00173205
v 0.447 0.21 0.00173205
v 0.443004 0.21 0.00492295
v 0.495019 0.21 0.00164958
v 0.469019 0.21 0.00164958
v 0.479 0.21 0.00173205
v 0.513 0.21 0.00173205
v 0.511 0.21 0.00173205
v 0.458 0.21 0.01
v 0.543 0.21 0.00173205
v 0.527 0.21 0.00482283
v 0.526002 0.21 0.0065431
v 0.563 0.21 0.00173205
v 0.561 0.21 0.00173205
v 0.477 0.21 0.00482188
v 0.485 0.21 0.00480385
v 0.531 0.21 0.00482181
v 0.563 0.21 0.00482181
v 0.501 0.21 0.00482283
v 0.314 0.21 0.01
v 0.565 0.21 0.00480385
v 0.594 0.21 0.01
v 0.579019 0.21 0.00164958
v 0.577002 0.21 0.00169168
v 0.269 0.21 0.00480385
v 0.447 0.21 0.00480385
v 0.504 0.21 0.01
v 0.575 0.21 0.00173205
v 0.573 0.21 0.00173205
v 0.559 0.21 0.00482286
v 0.561 0.21 0.00482188
v 0.571 0.21 0.00480385
v 0.595152 0.21 0.00481727
v 0.596 0.21 0.01
v 0.598 0.21 0.01
v 0.51 0.21 0.01
v 0.506 0.21 0.01
v 0.464 0.21 0.01
v 0.444 0.21 0.01
v 0.42 0.21 0.01
v 0.422 0.21 0.01
v 0.421 0.21 0.00826795
v 0.416 0.21 0.01
v 0.394 0.21 0.01
v 0.37 0.21 0.01
v 0.364 0.21 0.01
v 0.362 0.21 0.01
v 0.352 0.21 0.01
v 0.348 0.21 0.01
v 0.34 0.21 0.01
v 0.32 0.21 0.01
v 0.322 0.21 0.01
v 0.318 0.21 0.01
v 0.254 0.21 0.01
v 0.483 0.21 0.00480385
v 0.594897 0.21 0.0016355
v 0.591 0.21 0.00173205
v 0.559 0.21 0.00173205
v 0.491 0.21 0.00173205
v 0.395 0.21 0.00173205
v 0.375 0.21 0.00173205
v 0.355 0.21 0.00173205
v 0.305 0.21 0.00173205
v 0.593 0.21 0.00173205
v 0.493002 0.21 0.00169168
v 0.503 0.21 0.00482188
v 0.573 0.21 0.00480385
v 0.575 0.21 0.00480385
v 0.312 0.21 0.01
v 0.539 0.21 0.00480385
v 0.529 0.21 0.00482188
v 0.438057 0.21 0.00678801
v 0.475 0.21 0.0048228
v 0.541 0.21 0.00173205
v 0.434 0.21 0.01
v 0.436 0.21 0.01
v 0.435019 0.21 0.00835042
v 0.426 0.21 0.01
v 0.497032 0.21 0.00482856
v 0.49806 0.21 0.00321298
v 0.481 0.21 0.00173205
v 0.421 0.21 0.00517767
v 0.466 0.21 0.01
v 0.465 0.21 0.00826795
v 0.515 0.21 0.00173205
v 0.465 0.21 0.00480385
v 0.318997 0.21 0.00490778
v 0.598363 0.21 0.00488665
v 0.533 0.21 0.00480385
v 0.437 0.21 0.00173205
v 0.440995 0.21 0.00504404
v 0.48 0.21 0.01
v 0.455 0.21 0.00173205
v 0.309 0.21 0.00173205
v 0.419004 0.21 0.00507464
v 0.27406 0.21 0.00321298
v 0.444998 0.21 0.0017053
v 0.303 0.21 0.00173205
v 0.393 0.21 0.00173205
v 0.503 0.21 0.00173205
v 0.553053 0.21 0.00160128
v 0.267 0.21 0.00480385
v 0.472059 0.21 0.00321268
v 0.415968 0.21 0.00655425
v 0.416997 0.21 0.00490832
v 0.399 0.21 0.00480385
v 0.350981 0.21 0.00488632
v 0.362998 0.21 0.0082947
v 0.436004 0.21 0.00346056
v 0.464 0.21 0.0065359
v 0.291 0.21 0.00480385
v 0.330965 0.21 0.00170612
v 0.352998 0.21 0.0017053
v 0.358997 0.21 0.00492243
v 0.307 0.21 0.00173205
v 0.462998 0.21 0.00483059
v 0.333003 0.21 0.00490878
v 0.346997 0.21 0.00831445
v 0.347981 0.21 0.00662395
v 0.339003 0.21 0.00504304
v 0.401 0.21 0.00173205
v 0.31896 0.21 0.00829644
v 0.321035 0.21 0.00170612
v 0.25 0.21 0.002
v 0.252 0.21 0.01
v 0.31 0.21 0.00326829
v 0.456 0.21 0.00326829
v 0.26 0.21 0.00326761
v 0.422 0.21 0.00673171
v 0.474 0.21 0.00326829
v 0.5 0.21 0.00326829
v 0.276 0.21 0.00326829
v 0.526 0.21 0.00326829
v 0.558 0.21 0.00326829
v 0.59 0.21 0.00326829
v 0.598536 0.21 0.0014641
v 0.598536 0.21 0.0085359
v 0.25 0.21 0.01
v 0.251464 0.21 0.0085359
v 0.251464 0.21 0.0014641
v 0.476 0.21 0.00326795
v 0.454 0.21 0.00326801
v 0.262 0.21 0.00326795
v 0.278 0.21 0.00326795
v 0.502 0.21 0.00326795
v 0.528 0.21 0.00326795
v 0.56 0.21 0.00326795
v 0.308 0.21 0.00326801
v 0.592 0.21 0.00326795
v 0.396 0.21 0.00326795
v 0.398 0.21 0.00326795
v 0.264 0.21 0.00326795
v 0.266 0.21 0.00326795
v 0.354 0.21 0.00326795
v 0.356003 0.21 0.00326722
v 0.268 0.21 0.00326795
v 0.386 0.21 0.00326795
v 0.388 0.21 0.00326795
v 0.466 0.21 0.00326795
v 0.414001 0.21 0.00326897
v 0.43 0.21 0.00673205
v 0.394 0.21 0.00326795
v 0.392 0.21 0.00326795
v 0.366002 0.21 0.00673345
v 0.45 0.21 0.00326795
v 0.452 0.21 0.00326795
v 0.412 0.21 0.00326812
v 0.378 0.21 0.00326795
v 0.376 0.21 0.00326795
v 0.373997 0.21 0.00326723
v 0.464 0.21 0.00326795
v 0.406 0.21 0.00326795
v 0.404 0.21 0.00326795
v 0.478 0.21 0.00326795
v 0.39 0.21 0.00326795
v 0.384 0.21 0.00326795
v 0.382 0.21 0.00326795
v 0.446 0.21 0.00326795
v 0.48 0.21 0.00326795
v 0.482 0.21 0.00326795
v 0.363997 0.21 0.00673324
v 0.432 0.21 0.00673205
v 0.408 0.21 0.00326795
v 0.38 0.21 0.00326795
v 0.448 0.21 0.00326795
v 0.402 0.21 0.00326795
v 0.41 0.21 0.00326798
v 0.486 0.21 0.00326795
v 0.488 0.21 0.00326795
v 0.484 0.21 0.00326795
v 0.49 0.21 0.00326795
v 0.492 0.21 0.00326795
v 0.4 0.21 0.00326795
v 0.504 0.21 0.00326795
v 0.506 0.21 0.00326795
v 0.508 0.21 0.00326795
v 0.28 0.21 0.00326795
v 0.282 0.21 0.00326795
v 0.51 0.21 0.00326795
v 0.512 0.21 0.00326795
v 0.516 0.21 0.00326795
v 0.518 0.21 0.00326795
v 0.514 0.21 0.00326795
v 0.286 0.21 0.00326795
v 0.288 0.21 0.00326795
v 0.53 0.21 0.00326795
v 0.284 0.21 0.00326795
v 0.532 0.21 0.00326795
v 0.536 0.21 0.00326795
v 0.538 0.21 0.00326795
v 0.29 0.21 0.00326795
v 0.292 0.21 0.00326795
v 0.534 0.21 0.00326795
v 0.3 0.21 0.00326795
v 0.302 0.21 0.00326795
v 0.54 0.21 0.00326795
v 0.542 0.21 0.00326795
v 0.294 0.21 0.00326795
v 0.544 0.21 0.00326795
v 0.296 0.21 0.00326795
v 0.298 0.21 0.00326795
v 0.304 0.21 0.00326795
v 0.306 0.21 0.00326796
v 0.562 0.21 0.00326795
v 0.564 0.21 0.00326795
v 0.566 0.21 0.00326795
v 0.568 0.21 0.00326795
v 0.57 0.21 0.00326795
v 0.572 0.21 0.00326795
v 0.574 0.21 0.00326795
v 0.576 0.21 0.00326795
v 0.593921 0.21 0.00323537
v 0.25 0.207066 0.00828429
v 0.25 0.206512 0.0061271
v 0.25 0.205078 0.00823237
v 0.25 0.194827 0.00820741
v 0.25 0.193628 0.00631325
v 0.25 0.192982 0.00833667
v 0.25 0.2031 0.00826836
v 0.25 0.204396 0.00645603
v 0.25 0.202118 0.00666823
v 0.25 0.195397 0.00665192
v 0.25 0.193184 0.00181139
v 0.25 0.193464 0.004
v 0.25 0.195117 0.00300893
v 0.25 0.203162 0.00503205
v 0.25 0.198811 0.00505193
v 0.25 0.196893 0.00403475
v 0.25 0.196944 0.00596173
v 0.25 0.195 0.00133975
v 0.25 0.196929 0.00190243
v 0.25 0.204 0.0034641
v 0.25 0.205044 0.00469328
v 0.25 0.206797 0.00396385
v 0.25 0.208307 0.00300748
v 0.25 0.206862 0.00182733
v 0.25 0.191693 0.00699252
v 0.25 0.196943 0.00798907
v 0.25 0.198351 0.00322787
v 0.25 0.208399 0.00698849
v 0.25 0.191649 0.00306276
v 0.25 0.205429 0.00311814
v 0.25 0.198365 0.00678247
v 0.25 0.208277 0.00498365
v 0.25 0.195196 0.005
v 0.25 0.191723 0.00501635
v 0.25 0.2 0.01
v 0.25 0.202 0.01
v 0.25 0.201019 0.00832312
v 0.25 0.202012 0.0034578
v 0.25 0.200072 0.00342627
v 0.25 0.201 0.00519615
v 0.25 0.201 0.00173205
v 0.25 0.202983 0.00171977
v 0.25 0.199051 0.00172396
v 0.25 0.199062 0.00833863
v 0.25 0.204 0.01
v 0.25 0.198 0.01
v 0.25 0.206 0.01
v 0.25 0.196 0.01
v 0.25 0.208 0.01
v 0.25 0.194 0.01
v 0.25 0.204883 0.00166469
v 0.25 0.192 0.01
v 0.25 0.191464 0.0014641
v 0.25 0.191464 0.0085359
v 0.25 0.208536 0.0014641
v 0.25 0.208536 0.0085359
v 0.25 0.200031 0.00673364
v 0.596 0.200392 0.01
v 0.596997 0.198741 0.01
v 0.5981 0.200722 0.01
v 0.251774 0.204959 0.01
v 0.251732 0.203 0.01
v 0.253714 0.20393 0.01
v 0.596287 0.203932 0.01
v 0.598268 0.203 0.01
v 0.598268 0.205 0.01
v 0.252964 0.19876 0.01
v 0.253996 0.200405 0.01
v 0.251881 0.200727 0.01
v 0.598652 0.198971 0.01
v 0.596761 0.206 0.01
v 0.25324 0.205997 0.01
v 0.251305 0.199 0.01
v 0.251842 0.193258 0.01
v 0.59505 0.191742 0.01
v 0.59609 0.193415 0.01
v 0.594 0.193464 0.01
v 0.251777 0.196982 0.01
v 0.253 0.195196 0.01
v 0.253947 0.196944 0.01
v 0.251464 0.191464 0.01
v 0.596101 0.196896 0.01
v 0.59716 0.195176 0.01
v 0.598228 0.196974 0.01
v 0.596785 0.202 0.01
v 0.253217 0.202004 0.01
v 0.595 0.198624 0.01
v 0.592999 0.198638 0.01
v 0.594018 0.196891 0.01
v 0.59511 0.195135 0.01
v 0.593013 0.195169 0.01
v 0.561049 0.205408 0.01
v 0.56213 0.206786 0.01
v 0.560166 0.206982 0.01
v 0.56114 0.208437 0.01
v 0.591983 0.196882 0.01
v 0.596882 0.208123 0.01
v 0.598341 0.206988 0.01
v 0.597 0.191732 0.01
v 0.594962 0.205566 0.01
v 0.25502 0.20557 0.01
v 0.532042 0.207017 0.01
v 0.530022 0.206969 0.01
v 0.531049 0.205495 0.01
v 0.506042 0.207017 0.01
v 0.504022 0.206969 0.01
v 0.505049 0.205495 0.01
v 0.571971 0.206777 0.01
v 0.574 0.206928 0.01
v 0.572951 0.208362 0.01
v 0.572026 0.203646 0.01
v 0.56999 0.203563 0.01
v 0.571049 0.20203 0.01
v 0.568951 0.20201 0.01
v 0.56797 0.203581 0.01
v 0.558053 0.207003 0.01
v 0.556026 0.206951 0.01
v 0.557061 0.205482 0.01
v 0.586042 0.207017 0.01
v 0.584024 0.206955 0.01
v 0.585059 0.205487 0.01
v 0.432042 0.207015 0.01
v 0.430022 0.206967 0.01
v 0.431049 0.205487 0.01
v 0.374042 0.207015 0.01
v 0.372022 0.206967 0.01
v 0.373049 0.205487 0.01
v 0.364042 0.207017 0.01
v 0.362022 0.206969 0.01
v 0.363049 0.205495 0.01
v 0.350042 0.207017 0.01
v 0.348022 0.206969 0.01
v 0.349049 0.205495 0.01
v 0.304042 0.207017 0.01
v 0.302022 0.206969 0.01
v 0.303049 0.205495 0.01
v 0.324042 0.207017 0.01
v 0.322022 0.206969 0.01
v 0.323049 0.205495 0.01
v 0.286042 0.207017 0.01
v 0.284022 0.206969 0.01
v 0.285049 0.205495 0.01
v 0.258042 0.207019 0.01
v 0.256038 0.206944 0.01
v 0.257061 0.205487 0.01
v 0.544053 0.207029 0.01
v 0.54206 0.207019 0.01
v 0.543052 0.205479 0.01
v 0.545047 0.208514 0.01
v 0.547021 0.208489 0.01
v 0.538054 0.207029 0.01
v 0.53606 0.207019 0.01
v 0.537052 0.205479 0.01
v 0.53905 0.20852 0.01
v 0.541035 0.208526 0.01
v 0.533037 0.208503 0.01
v 0.535035 0.208526 0.01
v 0.518054 0.207029 0.01
v 0.51606 0.207019 0.01
v 0.517052 0.205479 0.01
v 0.519047 0.208514 0.01
v 0.521021 0.208489 0.01
v 0.512053 0.207029 0.01
v 0.51006 0.207019 0.01
v 0.511052 0.205479 0.01
v 0.51305 0.20852 0.01
v 0.515035 0.208526 0.01
v 0.507037 0.208503 0.01
v 0.509035 0.208526 0.01
v 0.468054 0.207029 0.01
v 0.46606 0.207019 0.01
v 0.467052 0.205479 0.01
v 0.469047 0.208514 0.01
v 0.471021 0.208489 0.01
v 0.462054 0.207029 0.01
v 0.46006 0.207019 0.01
v 0.461052 0.205479 0.01
v 0.46305 0.20852 0.01
v 0.465035 0.208526 0.01
v 0.456054 0.207029 0.01
v 0.45406 0.207019 0.01
v 0.455052 0.205479 0.01
v 0.45705 0.20852 0.01
v 0.459035 0.208526 0.01
v 0.587034 0.208497 0.01
v 0.58902 0.20849 0.01
v 0.450054 0.207029 0.01
v 0.44806 0.207019 0.01
v 0.449052 0.205479 0.01
v 0.45105 0.20852 0.01
v 0.453035 0.208526 0.01
v 0.444054 0.207029 0.01
v 0.44206 0.207019 0.01
v 0.443052 0.205479 0.01
v 0.44505 0.20852 0.01
v 0.447035 0.208526 0.01
v 0.559066 0.208476 0.01
v 0.438054 0.207029 0.01
v 0.43606 0.207019 0.01
v 0.437052 0.205479 0.01
v 0.43905 0.20852 0.01
v 0.441035 0.208526 0.01
v 0.433037 0.208502 0.01
v 0.435035 0.208526 0.01
v 0.423047 0.208514 0.01
v 0.425021 0.208489 0.01
v 0.422054 0.207029 0.01
v 0.42006 0.207019 0.01
v 0.421052 0.205479 0.01
v 0.416054 0.207029 0.01
v 0.41406 0.207019 0.01
v 0.415052 0.205479 0.01
v 0.41705 0.20852 0.01
v 0.419035 0.208526 0.01
v 0.41105 0.20852 0.01
v 0.413035 0.208526 0.01
v 0.410054 0.207029 0.01
v 0.40806 0.207019 0.01
v 0.409052 0.205479 0.01
v 0.404054 0.207029 0.01
v 0.40206 0.207019 0.01
v 0.403052 0.205479 0.01
v 0.40505 0.20852 0.01
v 0.407035 0.208526 0.01
v 0.398054 0.207029 0.01
v 0.39606 0.207019 0.01
v 0.397052 0.205479 0.01
v 0.39905 0.20852 0.01
v 0.401035 0.208526 0.01
v 0.39305 0.20852 0.01
v 0.395035 0.208526 0.01
v 0.392054 0.207029 0.01
v 0.39006 0.207019 0.01
v 0.391052 0.205479 0.01
v 0.38705 0.20852 0.01
v 0.389035 0.208526 0.01
v 0.386054 0.207029 0.01
v 0.38406 0.207019 0.01
v 0.385052 0.205479 0.01
v 0.38105 0.20852 0.01
v 0.383035 0.208526 0.01
v 0.380054 0.207029 0.01
v 0.37806 0.207019 0.01
v 0.379052 0.205479 0.01
v 0.375037 0.208502 0.01
v 0.377035 0.208526 0.01
v 0.365035 0.208497 0.01
v 0.367021 0.208489 0.01
v 0.351035 0.208497 0.01
v 0.353021 0.208489 0.01
v 0.337047 0.208514 0.01
v 0.339021 0.208489 0.01
v 0.33105 0.20852 0.01
v 0.333035 0.208526 0.01
v 0.325037 0.208503 0.01
v 0.327035 0.208526 0.01
v 0.336054 0.207029 0.01
v 0.33406 0.207019 0.01
v 0.335052 0.205479 0.01
v 0.330054 0.207029 0.01
v 0.32806 0.207019 0.01
v 0.329052 0.205479 0.01
v 0.311047 0.208514 0.01
v 0.313021 0.208489 0.01
v 0.310053 0.207029 0.01
v 0.30806 0.207019 0.01
v 0.309052 0.205479 0.01
v 0.287035 0.208497 0.01
v 0.289021 0.208489 0.01
v 0.305037 0.208503 0.01
v 0.307035 0.208526 0.01
v 0.265047 0.208514 0.01
v 0.26702 0.208489 0.01
v 0.259037 0.208504 0.01
v 0.261035 0.208527 0.01
v 0.264053 0.207028 0.01
v 0.262059 0.207021 0.01
v 0.263051 0.205482 0.01
v 0.598218 0.193239 0.01
v 0.254985 0.198666 0.01
v 0.251598 0.20693 0.01
v 0.253109 0.20809 0.01
v 0.595501 0.207007 0.01
v 0.251336 0.195023 0.01
v 0.256002 0.200392 0.01
v 0.255034 0.202104 0.01
v 0.543099 0.208529 0.01
v 0.546111 0.207038 0.01
v 0.537099 0.208529 0.01
v 0.540111 0.207038 0.01
v 0.534111 0.207039 0.01
v 0.517099 0.208529 0.01
v 0.520111 0.207038 0.01
v 0.511099 0.208529 0.01
v 0.514111 0.207038 0.01
v 0.508111 0.207039 0.01
v 0.467099 0.208529 0.01
v 0.470111 0.207038 0.01
v 0.461099 0.208529 0.01
v 0.464111 0.207038 0.01
v 0.455099 0.208529 0.01
v 0.458111 0.207038 0.01
v 0.588107 0.207041 0.01
v 0.449099 0.208529 0.01
v 0.452111 0.207038 0.01
v 0.443099 0.208529 0.01
v 0.446111 0.207038 0.01
v 0.437099 0.208529 0.01
v 0.440111 0.207038 0.01
v 0.434111 0.207038 0.01
v 0.421099 0.208529 0.01
v 0.424111 0.207038 0.01
v 0.415099 0.208529 0.01
v 0.418111 0.207038 0.01
v 0.409099 0.208529 0.01
v 0.412111 0.207038 0.01
v 0.403099 0.208529 0.01
v 0.406111 0.207038 0.01
v 0.397099 0.208529 0.01
v 0.400111 0.207038 0.01
v 0.394111 0.207038 0.01
v 0.391099 0.208529 0.01
v 0.388111 0.207038 0.01
v 0.385099 0.208529 0.01
v 0.382111 0.207038 0.01
v 0.379099 0.208529 0.01
v 0.376111 0.207038 0.01
v 0.366111 0.207039 0.01
v 0.352111 0.207039 0.01
v 0.338111 0.207038 0.01
v 0.332111 0.207038 0.01
v 0.326111 0.207039 0.01
v 0.335099 0.208529 0.01
v 0.329099 0.208529 0.01
v 0.312111 0.207038 0.01
v 0.309099 0.208529 0.01
v 0.306111 0.207039 0.01
v 0.288111 0.207039 0.01
v 0.266108 0.207038 0.01
v 0.260108 0.207042 0.01
v 0.263099 0.208529 0.01
v 0.531035 0.208435 0.01
v 0.505035 0.208435 0.01
v 0.573006 0.205352 0.01
v 0.568959 0.204983 0.01
v 0.570986 0.205128 0.01
v 0.557035 0.208435 0.01
v 0.585035 0.208435 0.01
v 0.431035 0.208435 0.01
v 0.373035 0.208435 0.01
v 0.363035 0.208435 0.01
v 0.349035 0.208435 0.01
v 0.323035 0.208435 0.01
v 0.303035 0.208435 0.01
v 0.285035 0.208435 0.01
v 0.257035 0.208435 0.01
v 0.547 0.202124 0.01
v 0.549001 0.202122 0.01
v 0.548004 0.203842 0.01
v 0.546012 0.203845 0.01
v 0.544009 0.203836 0.01
v 0.545003 0.202119 0.01
v 0.541 0.202124 0.01
v 0.542004 0.203842 0.01
v 0.540011 0.203845 0.01
v 0.539003 0.202119 0.01
v 0.538009 0.203836 0.01
v 0.544 0.200392 0.01
v 0.543 0.202124 0.01
v 0.542 0.200392 0.01
v 0.537 0.202124 0.01
v 0.536004 0.203842 0.01
v 0.535003 0.20212 0.01
v 0.534011 0.203846 0.01
v 0.533 0.202124 0.01
v 0.532008 0.203841 0.01
v 0.531001 0.202122 0.01
v 0.529 0.202124 0.01
v 0.53 0.203856 0.01
v 0.528 0.203855 0.01
v 0.525 0.202124 0.01
v 0.526 0.203849 0.01
v 0.524001 0.203848 0.01
v 0.528 0.200392 0.01
v 0.527 0.202123 0.01
v 0.526 0.200392 0.01
v 0.523001 0.20212 0.01
v 0.521 0.202124 0.01
v 0.522004 0.203842 0.01
v 0.518009 0.203836 0.01
v 0.519003 0.202119 0.01
v 0.520011 0.203845 0.01
v 0.515 0.202124 0.01
v 0.516004 0.203842 0.01
v 0.514012 0.203845 0.01
v 0.512009 0.203836 0.01
v 0.513003 0.202119 0.01
v 0.518 0.200392 0.01
v 0.517 0.202124 0.01
v 0.516 0.200392 0.01
v 0.506008 0.203841 0.01
v 0.507003 0.20212 0.01
v 0.508011 0.203846 0.01
v 0.509 0.202124 0.01
v 0.510004 0.203842 0.01
v 0.512 0.200392 0.01
v 0.511 0.202124 0.01
v 0.51 0.200392 0.01
v 0.503 0.202124 0.01
v 0.504 0.203856 0.01
v 0.502 0.203856 0.01
v 0.499 0.202124 0.01
v 0.5 0.203856 0.01
v 0.498 0.203856 0.01
v 0.495 0.202124 0.01
v 0.497 0.202124 0.01
v 0.496 0.203856 0.01
v 0.494 0.203856 0.01
v 0.502 0.200392 0.01
v 0.501 0.202124 0.01
v 0.5 0.200392 0.01
v 0.493 0.202124 0.01
v 0.492 0.203856 0.01
v 0.506 0.200392 0.01
v 0.505001 0.202122 0.01
v 0.504 0.200392 0.01
v 0.491 0.202124 0.01
v 0.49 0.203856 0.01
v 0.487 0.202124 0.01
v 0.488 0.203856 0.01
v 0.486 0.203856 0.01
v 0.49 0.200392 0.01
v 0.489 0.202124 0.01
v 0.488 0.200392 0.01
v 0.483 0.202124 0.01
v 0.484 0.203856 0.01
v 0.482 0.203856 0.01
v 0.486 0.200392 0.01
v 0.485 0.202124 0.01
v 0.484 0.200392 0.01
v 0.481 0.202124 0.01
v 0.48 0.203856 0.01
v 0.479 0.202124 0.01
v 0.478 0.203855 0.01
v 0.472004 0.203842 0.01
v 0.473001 0.20212 0.01
v 0.474001 0.203848 0.01
v 0.475 0.202124 0.01
v 0.476 0.203849 0.01
v 0.478 0.200392 0.01
v 0.477 0.202123 0.01
v 0.476 0.200392 0.01
v 0.469 0.202124 0.01
v 0.470012 0.203845 0.01
v 0.468009 0.203836 0.01
v 0.467 0.202124 0.01
v 0.466004 0.203842 0.01
v 0.465 0.202124 0.01
v 0.464011 0.203845 0.01
v 0.463003 0.202119 0.01
v 0.472 0.200392 0.01
v 0.471003 0.20212 0.01
v 0.47 0.200392 0.01
v 0.462009 0.203836 0.01
v 0.461 0.202124 0.01
v 0.460004 0.203842 0.01
v 0.457 0.202124 0.01
v 0.458011 0.203845 0.01
v 0.456009 0.203836 0.01
v 0.454004 0.203842 0.01
v 0.455 0.202124 0.01
v 0.46 0.200392 0.01
v 0.459003 0.20212 0.01
v 0.458 0.200392 0.01
v 0.45 0.200392 0.01
v 0.449 0.202124 0.01
v 0.448 0.200392 0.01
v 0.550001 0.203844 0.01
v 0.549001 0.205549 0.01
v 0.451 0.202124 0.01
v 0.452011 0.203845 0.01
v 0.450009 0.203836 0.01
v 0.551 0.205552 0.01
v 0.454 0.200392 0.01
v 0.453003 0.20212 0.01
v 0.452 0.200392 0.01
v 0.445 0.202124 0.01
v 0.446011 0.203845 0.01
v 0.444009 0.203836 0.01
v 0.442004 0.203842 0.01
v 0.443 0.202124 0.01
v 0.447003 0.20212 0.01
v 0.446 0.200392 0.01
v 0.342 0.196928 0.01
v 0.341 0.195196 0.01
v 0.343 0.195196 0.01
v 0.439 0.202124 0.01
v 0.440011 0.203845 0.01
v 0.438009 0.203836 0.01
v 0.436004 0.203842 0.01
v 0.437 0.202124 0.01
v 0.442 0.200392 0.01
v 0.441003 0.20212 0.01
v 0.44 0.200392 0.01
v 0.433 0.202124 0.01
v 0.434011 0.203845 0.01
v 0.432008 0.203838 0.01
v 0.431 0.202124 0.01
v 0.429 0.202124 0.01
v 0.43 0.203849 0.01
v 0.428 0.200392 0.01
v 0.427001 0.20212 0.01
v 0.426 0.200392 0.01
v 0.428001 0.203848 0.01
v 0.436 0.200392 0.01
v 0.435003 0.20212 0.01
v 0.434 0.200392 0.01
v 0.423 0.202124 0.01
v 0.424011 0.203845 0.01
v 0.422009 0.203836 0.01
v 0.420004 0.203842 0.01
v 0.421 0.202124 0.01
v 0.425003 0.20212 0.01
v 0.417 0.202124 0.01
v 0.418011 0.203845 0.01
v 0.416009 0.203836 0.01
v 0.424 0.200392 0.01
v 0.416 0.200392 0.01
v 0.415 0.202124 0.01
v 0.414 0.200392 0.01
v 0.389 0.19866 0.01
v 0.388 0.196928 0.01
v 0.39 0.196928 0.01
v 0.42 0.200392 0.01
v 0.419003 0.20212 0.01
v 0.418 0.200392 0.01
v 0.411 0.202124 0.01
v 0.412011 0.203845 0.01
v 0.410009 0.203836 0.01
v 0.408004 0.203842 0.01
v 0.409 0.202124 0.01
v 0.413003 0.20212 0.01
v 0.412 0.200392 0.01
v 0.405 0.202124 0.01
v 0.406011 0.203845 0.01
v 0.404009 0.203836 0.01
v 0.404 0.200392 0.01
v 0.403 0.202124 0.01
v 0.402 0.200392 0.01
v 0.408 0.200392 0.01
v 0.407003 0.20212 0.01
v 0.406 0.200392 0.01
v 0.398 0.200392 0.01
v 0.397 0.202124 0.01
v 0.396 0.200392 0.01
v 0.399 0.202124 0.01
v 0.400011 0.203845 0.01
v 0.398009 0.203836 0.01
v 0.401003 0.20212 0.01
v 0.4 0.200392 0.01
v 0.393 0.202124 0.01
v 0.394011 0.203845 0.01
v 0.392009 0.203836 0.01
v 0.392 0.200392 0.01
v 0.391 0.202124 0.01
v 0.39 0.200392 0.01
v 0.395003 0.20212 0.01
v 0.394 0.200392 0.01
v 0.387 0.202124 0.01
v 0.388011 0.203845 0.01
v 0.386009 0.203836 0.01
v 0.386 0.200392 0.01
v 0.385 0.202124 0.01
v 0.384 0.200392 0.01
v 0.389003 0.20212 0.01
v 0.313 0.195196 0.01
v 0.312 0.193464 0.01
v 0.314 0.193464 0.01
v 0.38 0.200392 0.01
v 0.379 0.202124 0.01
v 0.378 0.200392 0.01
v 0.381 0.202124 0.01
v 0.382011 0.203845 0.01
v 0.380009 0.203836 0.01
v 0.388 0.200392 0.01
v 0.383003 0.20212 0.01
v 0.382 0.200392 0.01
v 0.375 0.202124 0.01
v 0.376011 0.203845 0.01
v 0.374008 0.203838 0.01
v 0.443 0.195196 0.01
v 0.442 0.193464 0.01
v 0.444 0.193464 0.01
v 0.326 0.193464 0.01
v 0.327 0.191732 0.01
v 0.328 0.193464 0.01
v 0.373 0.202124 0.01
v 0.377003 0.20212 0.01
v 0.372 0.203849 0.01
v 0.371 0.202124 0.01
v 0.370001 0.203848 0.01
v 0.376 0.200392 0.01
v 0.37 0.200392 0.01
v 0.369001 0.20212 0.01
v 0.368 0.200392 0.01
v 0.491 0.191732 0.01
v 0.489 0.191732 0.01
v 0.365 0.202124 0.01
v 0.366011 0.203846 0.01
v 0.364008 0.203841 0.01
v 0.363001 0.202122 0.01
v 0.367003 0.20212 0.01
v 0.362 0.203856 0.01
v 0.361 0.202124 0.01
v 0.36 0.203855 0.01
v 0.366 0.200392 0.01
v 0.357 0.202124 0.01
v 0.358 0.203849 0.01
v 0.356001 0.203848 0.01
v 0.356 0.200392 0.01
v 0.355001 0.20212 0.01
v 0.354 0.200392 0.01
v 0.36 0.200392 0.01
v 0.359 0.202123 0.01
v 0.358 0.200392 0.01
v 0.351 0.202124 0.01
v 0.352011 0.203846 0.01
v 0.350008 0.203841 0.01
v 0.348 0.203856 0.01
v 0.349001 0.202122 0.01
v 0.347 0.202124 0.01
v 0.342 0.200392 0.01
v 0.341001 0.20212 0.01
v 0.34 0.200392 0.01
v 0.346 0.203855 0.01
v 0.353003 0.20212 0.01
v 0.336 0.200392 0.01
v 0.335 0.202124 0.01
v 0.334 0.200392 0.01
v 0.290004 0.203842 0.01
v 0.291001 0.20212 0.01
v 0.292001 0.203848 0.01
v 0.337 0.202124 0.01
v 0.338012 0.203845 0.01
v 0.336009 0.203836 0.01
v 0.343 0.202124 0.01
v 0.344 0.203849 0.01
v 0.342001 0.203848 0.01
v 0.293 0.202124 0.01
v 0.333003 0.20212 0.01
v 0.352 0.200392 0.01
v 0.346 0.200392 0.01
v 0.345 0.202123 0.01
v 0.344 0.200392 0.01
v 0.33 0.200392 0.01
v 0.329 0.202124 0.01
v 0.328 0.200392 0.01
v 0.331 0.202124 0.01
v 0.332011 0.203845 0.01
v 0.330009 0.203836 0.01
v 0.321 0.202124 0.01
v 0.322 0.203856 0.01
v 0.32 0.203855 0.01
v 0.325 0.202124 0.01
v 0.326011 0.203846 0.01
v 0.324008 0.203841 0.01
v 0.332 0.200392 0.01
v 0.323001 0.202122 0.01
v 0.339003 0.20212 0.01
v 0.318 0.203849 0.01
v 0.319 0.202123 0.01
v 0.317 0.202124 0.01
v 0.316001 0.203848 0.01
v 0.338 0.200392 0.01
v 0.316 0.200392 0.01
v 0.315001 0.20212 0.01
v 0.314 0.200392 0.01
v 0.313003 0.20212 0.01
v 0.312 0.200392 0.01
v 0.327002 0.20212 0.01
v 0.326 0.200392 0.01
v 0.311 0.202124 0.01
v 0.312011 0.203845 0.01
v 0.310009 0.203836 0.01
v 0.287 0.202124 0.01
v 0.288011 0.203846 0.01
v 0.286008 0.203841 0.01
v 0.309 0.202124 0.01
v 0.308004 0.203842 0.01
v 0.29 0.200392 0.01
v 0.289003 0.20212 0.01
v 0.288 0.200392 0.01
v 0.464 0.193464 0.01
v 0.465 0.191732 0.01
v 0.466 0.193464 0.01
v 0.308 0.200392 0.01
v 0.307003 0.20212 0.01
v 0.306 0.200392 0.01
v 0.305 0.202124 0.01
v 0.306011 0.203846 0.01
v 0.304008 0.203841 0.01
v 0.294 0.203849 0.01
v 0.293 0.205552 0.01
v 0.295 0.205588 0.01
v 0.286 0.200392 0.01
v 0.285001 0.202122 0.01
v 0.284 0.200392 0.01
v 0.283 0.202124 0.01
v 0.284 0.203856 0.01
v 0.282 0.203856 0.01
v 0.279 0.191732 0.01
v 0.277 0.191732 0.01
v 0.303001 0.202122 0.01
v 0.321 0.191732 0.01
v 0.319 0.191732 0.01
v 0.302 0.203856 0.01
v 0.53 0.193464 0.01
v 0.531 0.195196 0.01
v 0.529 0.195196 0.01
v 0.305 0.191732 0.01
v 0.303 0.191732 0.01
v 0.578 0.203856 0.01
v 0.579 0.205588 0.01
v 0.577 0.205588 0.01
v 0.281 0.202124 0.01
v 0.279 0.202124 0.01
v 0.28 0.203856 0.01
v 0.301 0.202124 0.01
v 0.551 0.191732 0.01
v 0.549 0.191732 0.01
v 0.54 0.196928 0.01
v 0.539 0.195196 0.01
v 0.541 0.195196 0.01
v 0.287 0.195196 0.01
v 0.286 0.196928 0.01
v 0.285 0.195196 0.01
v 0.274 0.196928 0.01
v 0.273 0.195196 0.01
v 0.275 0.195196 0.01
v 0.278 0.203856 0.01
v 0.53 0.196928 0.01
v 0.487 0.191732 0.01
v 0.488 0.193464 0.01
v 0.486 0.193464 0.01
v 0.454 0.196928 0.01
v 0.453 0.195196 0.01
v 0.455 0.195196 0.01
v 0.3 0.203856 0.01
v 0.576 0.203856 0.01
v 0.3 0.193464 0.01
v 0.302 0.193464 0.01
v 0.301 0.195196 0.01
v 0.438 0.193464 0.01
v 0.436 0.193464 0.01
v 0.437 0.191732 0.01
v 0.284 0.196928 0.01
v 0.299 0.202124 0.01
v 0.257 0.19866 0.01
v 0.277 0.202124 0.01
v 0.297 0.195196 0.01
v 0.296 0.196928 0.01
v 0.295 0.195196 0.01
v 0.426004 0.203842 0.01
v 0.566 0.200392 0.01
v 0.564992 0.202113 0.01
v 0.564 0.200392 0.01
v 0.448004 0.203842 0.01
v 0.414004 0.203842 0.01
v 0.396004 0.203842 0.01
v 0.402004 0.203842 0.01
v 0.390004 0.203842 0.01
v 0.298 0.203856 0.01
v 0.283 0.19866 0.01
v 0.285 0.19866 0.01
v 0.294 0.196928 0.01
v 0.378004 0.203842 0.01
v 0.583005 0.205513 0.01
v 0.582001 0.203844 0.01
v 0.584 0.203856 0.01
v 0.384004 0.203842 0.01
v 0.354004 0.203842 0.01
v 0.577 0.202124 0.01
v 0.583 0.202124 0.01
v 0.585001 0.202123 0.01
v 0.368004 0.203842 0.01
v 0.576 0.200392 0.01
v 0.575 0.202124 0.01
v 0.581 0.191732 0.01
v 0.582 0.193464 0.01
v 0.58 0.193464 0.01
v 0.276 0.203856 0.01
v 0.529 0.191732 0.01
v 0.528 0.193464 0.01
v 0.566951 0.202096 0.01
v 0.565958 0.203734 0.01
v 0.565 0.19866 0.01
v 0.564 0.196928 0.01
v 0.566 0.196928 0.01
v 0.563 0.202124 0.01
v 0.578 0.200392 0.01
v 0.585 0.195196 0.01
v 0.586 0.193464 0.01
v 0.586999 0.195196 0.01
v 0.419 0.19866 0.01
v 0.418 0.196928 0.01
v 0.42 0.196928 0.01
v 0.407 0.19866 0.01
v 0.406 0.196928 0.01
v 0.408 0.196928 0.01
v 0.587999 0.196928 0.01
v 0.586 0.196928 0.01
v 0.583 0.191732 0.01
v 0.293 0.19866 0.01
v 0.295 0.19866 0.01
v 0.282 0.196928 0.01
v 0.565 0.208274 0.01
v 0.289 0.191732 0.01
v 0.287 0.191732 0.01
v 0.577 0.19866 0.01
v 0.576 0.196928 0.01
v 0.578 0.196928 0.01
v 0.538 0.196928 0.01
v 0.574 0.200392 0.01
v 0.573066 0.202075 0.01
v 0.572 0.200392 0.01
v 0.264 0.193464 0.01
v 0.263 0.191732 0.01
v 0.265 0.191732 0.01
v 0.581 0.208268 0.01
v 0.583003 0.208349 0.01
v 0.554001 0.203844 0.01
v 0.553 0.202123 0.01
v 0.555 0.202124 0.01
v 0.282 0.200392 0.01
v 0.28 0.200392 0.01
v 0.323 0.19866 0.01
v 0.324 0.196928 0.01
v 0.325 0.19866 0.01
v 0.328004 0.203842 0.01
v 0.377 0.19866 0.01
v 0.378 0.196928 0.01
v 0.379 0.19866 0.01
v 0.581 0.195196 0.01
v 0.275 0.202124 0.01
v 0.273 0.202124 0.01
v 0.274 0.200392 0.01
v 0.549 0.195196 0.01
v 0.548 0.193464 0.01
v 0.55 0.193464 0.01
v 0.431 0.19866 0.01
v 0.43 0.196928 0.01
v 0.432 0.196928 0.01
v 0.307 0.195196 0.01
v 0.306 0.193464 0.01
v 0.308 0.193464 0.01
v 0.556 0.200392 0.01
v 0.557002 0.202122 0.01
v 0.53 0.200392 0.01
v 0.536 0.196928 0.01
v 0.537 0.195196 0.01
v 0.323 0.195196 0.01
v 0.325 0.195196 0.01
v 0.589 0.191732 0.01
v 0.55801 0.203844 0.01
v 0.559002 0.20212 0.01
v 0.56 0.203845 0.01
v 0.259 0.202124 0.01
v 0.258 0.200392 0.01
v 0.26 0.200392 0.01
v 0.340004 0.203842 0.01
v 0.594 0.203856 0.01
v 0.28 0.196928 0.01
v 0.281 0.195196 0.01
v 0.565 0.195196 0.01
v 0.331 0.19866 0.01
v 0.332 0.196928 0.01
v 0.333 0.19866 0.01
v 0.329 0.191732 0.01
v 0.297 0.202124 0.01
v 0.588 0.200392 0.01
v 0.587002 0.202123 0.01
v 0.586 0.200392 0.01
v 0.283 0.195196 0.01
v 0.551 0.202124 0.01
v 0.552 0.203848 0.01
v 0.326 0.196928 0.01
v 0.581 0.205588 0.01
v 0.292 0.196928 0.01
v 0.264018 0.203829 0.01
v 0.265058 0.205531 0.01
v 0.579 0.195196 0.01
v 0.578 0.193464 0.01
v 0.322 0.196928 0.01
v 0.586008 0.20385 0.01
v 0.556 0.203856 0.01
v 0.527 0.191732 0.01
v 0.276 0.196928 0.01
v 0.275 0.19866 0.01
v 0.337 0.191732 0.01
v 0.335 0.191732 0.01
v 0.577 0.195196 0.01
v 0.272 0.200392 0.01
v 0.584 0.200392 0.01
v 0.591 0.191732 0.01
v 0.278 0.200392 0.01
v 0.276 0.200392 0.01
v 0.559 0.19866 0.01
v 0.56 0.196928 0.01
v 0.561 0.19866 0.01
v 0.376 0.196928 0.01
v 0.279 0.208268 0.01
v 0.281 0.208268 0.01
v 0.259 0.19866 0.01
v 0.568 0.196928 0.01
v 0.567 0.195196 0.01
v 0.569 0.195196 0.01
v 0.532 0.200392 0.01
v 0.3 0.196928 0.01
v 0.302 0.196928 0.01
v 0.301 0.19866 0.01
v 0.583 0.195196 0.01
v 0.584 0.196928 0.01
v 0.303 0.195196 0.01
v 0.263 0.19866 0.01
v 0.262 0.196928 0.01
v 0.264 0.196928 0.01
v 0.274 0.203856 0.01
v 0.375 0.19866 0.01
v 0.271 0.205553 0.01
v 0.27 0.203856 0.01
v 0.272 0.203856 0.01
v 0.293 0.208268 0.01
v 0.545 0.191732 0.01
v 0.544 0.193464 0.01
v 0.543 0.191732 0.01
v 0.587 0.191732 0.01
v 0.295 0.208268 0.01
v 0.567 0.208268 0.01
v 0.569 0.208268 0.01
v 0.255013 0.191725 0.01
v 0.253077 0.191687 0.01
v 0.523 0.191732 0.01
v 0.521 0.191732 0.01
v 0.557 0.19866 0.01
v 0.558 0.196928 0.01
v 0.303 0.19866 0.01
v 0.554 0.196928 0.01
v 0.555 0.195196 0.01
v 0.556 0.196928 0.01
v 0.563 0.208268 0.01
v 0.564025 0.206621 0.01
v 0.555005 0.205513 0.01
v 0.587999 0.193463 0.01
v 0.309 0.195196 0.01
v 0.308 0.196928 0.01
v 0.562 0.200392 0.01
v 0.561 0.202124 0.01
v 0.537 0.19866 0.01
v 0.38 0.196928 0.01
v 0.288 0.196928 0.01
v 0.518 0.196928 0.01
v 0.52 0.196928 0.01
v 0.519 0.19866 0.01
v 0.522 0.200392 0.01
v 0.309 0.19866 0.01
v 0.31 0.196928 0.01
v 0.335 0.19866 0.01
v 0.334 0.196928 0.01
v 0.336 0.196928 0.01
v 0.334004 0.203842 0.01
v 0.281 0.19866 0.01
v 0.515 0.195196 0.01
v 0.517 0.195196 0.01
v 0.516 0.196928 0.01
v 0.589998 0.193463 0.01
v 0.573 0.19866 0.01
v 0.574 0.196928 0.01
v 0.575 0.19866 0.01
v 0.558 0.200392 0.01
v 0.499 0.19866 0.01
v 0.498 0.196928 0.01
v 0.5 0.196928 0.01
v 0.536 0.200392 0.01
v 0.534 0.200392 0.01
v 0.293 0.191732 0.01
v 0.291 0.191732 0.01
v 0.349 0.195196 0.01
v 0.351 0.195196 0.01
v 0.35 0.196928 0.01
v 0.364 0.200392 0.01
v 0.579 0.19866 0.01
v 0.58 0.196928 0.01
v 0.581 0.19866 0.01
v 0.273 0.191732 0.01
v 0.274 0.193464 0.01
v 0.272 0.193464 0.01
v 0.555 0.19866 0.01
v 0.321 0.19866 0.01
v 0.319 0.208268 0.01
v 0.321003 0.208349 0.01
v 0.307 0.19866 0.01
v 0.569 0.191732 0.01
v 0.567 0.191732 0.01
v 0.568 0.206602 0.01
v 0.352 0.196928 0.01
v 0.354 0.196928 0.01
v 0.353 0.19866 0.01
v 0.339 0.19866 0.01
v 0.34 0.196928 0.01
v 0.341 0.19866 0.01
v 0.535 0.19866 0.01
v 0.570934 0.208319 0.01
v 0.524 0.200392 0.01
v 0.306 0.196928 0.01
v 0.362 0.200392 0.01
v 0.548 0.196928 0.01
v 0.55 0.196928 0.01
v 0.257 0.202124 0.01
v 0.591 0.202124 0.01
v 0.592 0.200392 0.01
v 0.593 0.202124 0.01
v 0.335 0.195196 0.01
v 0.316 0.196928 0.01
v 0.318 0.196928 0.01
v 0.317 0.19866 0.01
v 0.589 0.205523 0.01
v 0.587049 0.205549 0.01
v 0.588 0.203856 0.01
v 0.29 0.196928 0.01
v 0.289 0.19866 0.01
v 0.301003 0.208349 0.01
v 0.299 0.19866 0.01
v 0.338 0.196928 0.01
v 0.277 0.205588 0.01
v 0.271 0.191732 0.01
v 0.515 0.19866 0.01
v 0.517 0.19866 0.01
v 0.571 0.191732 0.01
v 0.505 0.191732 0.01
v 0.504 0.193464 0.01
v 0.503 0.191732 0.01
v 0.562 0.203791 0.01
v 0.289 0.195196 0.01
v 0.591985 0.193456 0.01
v 0.583 0.19866 0.01
v 0.582 0.196928 0.01
v 0.551 0.208268 0.01
v 0.559058 0.205528 0.01
v 0.373 0.195196 0.01
v 0.375 0.195196 0.01
v 0.374 0.196928 0.01
v 0.415 0.191732 0.01
v 0.417 0.191732 0.01
v 0.416 0.193464 0.01
v 0.562 0.193464 0.01
v 0.561 0.191732 0.01
v 0.563 0.191732 0.01
v 0.294 0.200392 0.01
v 0.295 0.202124 0.01
v 0.312 0.196928 0.01
v 0.311 0.19866 0.01
v 0.549 0.19866 0.01
v 0.285 0.191732 0.01
v 0.283 0.191732 0.01
v 0.564 0.203819 0.01
v 0.304 0.196928 0.01
v 0.26 0.203856 0.01
v 0.261008 0.205518 0.01
v 0.259049 0.20556 0.01
v 0.53906 0.205538 0.01
v 0.346 0.196928 0.01
v 0.348 0.196928 0.01
v 0.347 0.19866 0.01
v 0.591013 0.208309 0.01
v 0.592996 0.208327 0.01
v 0.347 0.195196 0.01
v 0.552 0.196928 0.01
v 0.551 0.19866 0.01
v 0.553 0.19866 0.01
v 0.531 0.191732 0.01
v 0.574997 0.208321 0.01
v 0.593 0.205588 0.01
v 0.262 0.203856 0.01
v 0.549013 0.208309 0.01
v 0.575 0.191732 0.01
v 0.514 0.200392 0.01
v 0.497 0.19866 0.01
v 0.425 0.19866 0.01
v 0.424 0.196928 0.01
v 0.426 0.196928 0.01
v 0.588997 0.195194 0.01
v 0.568 0.200392 0.01
v 0.567 0.19866 0.01
v 0.322 0.200392 0.01
v 0.503 0.205588 0.01
v 0.544 0.196928 0.01
v 0.546 0.196928 0.01
v 0.545 0.19866 0.01
v 0.273 0.205588 0.01
v 0.349 0.19866 0.01
v 0.535 0.191732 0.01
v 0.533 0.191732 0.01
v 0.351 0.19866 0.01
v 0.575 0.205588 0.01
v 0.458 0.196928 0.01
v 0.456 0.196928 0.01
v 0.457 0.195196 0.01
v 0.525 0.205552 0.01
v 0.582 0.200392 0.01
v 0.278 0.196928 0.01
v 0.279 0.19866 0.01
v 0.514 0.196928 0.01
v 0.372 0.196928 0.01
v 0.506 0.193464 0.01
v 0.507 0.191732 0.01
v 0.529003 0.208349 0.01
v 0.337 0.195196 0.01
v 0.573 0.191732 0.01
v 0.337 0.19866 0.01
v 0.256 0.203856 0.01
v 0.584 0.193464 0.01
v 0.497 0.191732 0.01
v 0.495 0.191732 0.01
v 0.277 0.19866 0.01
v 0.315 0.191732 0.01
v 0.313 0.191732 0.01
v 0.543 0.19866 0.01
v 0.493 0.195196 0.01
v 0.492 0.196928 0.01
v 0.491 0.195196 0.01
v 0.371 0.19866 0.01
v 0.373 0.19866 0.01
v 0.33 0.196928 0.01
v 0.527 0.19866 0.01
v 0.313012 0.205512 0.01
v 0.31106 0.205538 0.01
v 0.351 0.191732 0.01
v 0.349 0.191732 0.01
v 0.556 0.193464 0.01
v 0.557 0.195196 0.01
v 0.533 0.19866 0.01
v 0.298 0.193464 0.01
v 0.299 0.195196 0.01
v 0.491 0.205588 0.01
v 0.266 0.203856 0.01
v 0.365059 0.205542 0.01
v 0.283 0.205588 0.01
v 0.281 0.205588 0.01
v 0.291001 0.20555 0.01
v 0.289012 0.205513 0.01
v 0.568 0.193464 0.01
v 0.48 0.200392 0.01
v 0.36 0.196928 0.01
v 0.361 0.195196 0.01
v 0.362 0.196928 0.01
v 0.521012 0.205512 0.01
v 0.51906 0.205538 0.01
v 0.495 0.19866 0.01
v 0.496 0.196928 0.01
v 0.538 0.200392 0.01
v 0.273 0.19866 0.01
v 0.355 0.195196 0.01
v 0.357 0.195196 0.01
v 0.356 0.196928 0.01
v 0.311 0.195196 0.01
v 0.541012 0.205512 0.01
v 0.553 0.195196 0.01
v 0.333 0.195196 0.01
v 0.547 0.19866 0.01
v 0.594964 0.202104 0.01
v 0.571 0.19866 0.01
v 0.572 0.196928 0.01
v 0.564 0.193464 0.01
v 0.529 0.205588 0.01
v 0.527 0.205588 0.01
v 0.279 0.195196 0.01
v 0.418 0.193464 0.01
v 0.495 0.205588 0.01
v 0.493 0.205588 0.01
v 0.57 0.200392 0.01
v 0.35 0.200392 0.01
v 0.258 0.196928 0.01
v 0.26 0.196928 0.01
v 0.296 0.203856 0.01
v 0.534 0.196928 0.01
v 0.588999 0.19866 0.01
v 0.587 0.19866 0.01
v 0.479 0.19866 0.01
v 0.383 0.19866 0.01
v 0.523 0.19866 0.01
v 0.268 0.200392 0.01
v 0.266 0.200392 0.01
v 0.267 0.19866 0.01
v 0.553 0.205551 0.01
v 0.39 0.193464 0.01
v 0.391 0.191732 0.01
v 0.392 0.193464 0.01
v 0.513 0.19866 0.01
v 0.291013 0.208309 0.01
v 0.379 0.191732 0.01
v 0.357 0.19866 0.01
v 0.468 0.196928 0.01
v 0.47 0.196928 0.01
v 0.469 0.19866 0.01
v 0.297 0.19866 0.01
v 0.298 0.196928 0.01
v 0.468 0.200392 0.01
v 0.466 0.200392 0.01
v 0.467 0.19866 0.01
v 0.432 0.200392 0.01
v 0.43 0.200392 0.01
v 0.481 0.195196 0.01
v 0.482 0.196928 0.01
v 0.48 0.196928 0.01
v 0.499 0.205588 0.01
v 0.257 0.191732 0.01
v 0.275 0.205588 0.01
v 0.569 0.19866 0.01
v 0.319 0.19866 0.01
v 0.32 0.196928 0.01
v 0.566 0.193464 0.01
v 0.438 0.200392 0.01
v 0.437 0.19866 0.01
v 0.413 0.19866 0.01
v 0.401 0.19866 0.01
v 0.345 0.208268 0.01
v 0.347003 0.208349 0.01
v 0.341013 0.208309 0.01
v 0.343 0.208268 0.01
v 0.521 0.19866 0.01
v 0.522 0.196928 0.01
v 0.322 0.193464 0.01
v 0.324 0.193464 0.01
v 0.434 0.196928 0.01
v 0.436 0.196928 0.01
v 0.435 0.19866 0.01
v 0.52 0.200392 0.01
v 0.474 0.196928 0.01
v 0.475 0.195196 0.01
v 0.476 0.196928 0.01
v 0.317 0.191732 0.01
v 0.389 0.191732 0.01
v 0.387 0.191732 0.01
v 0.397 0.191732 0.01
v 0.405 0.191732 0.01
v 0.553 0.208268 0.01
v 0.359 0.208268 0.01
v 0.361003 0.208349 0.01
v 0.441 0.19866 0.01
v 0.405 0.19866 0.01
v 0.393 0.19866 0.01
v 0.429 0.191732 0.01
v 0.43 0.193464 0.01
v 0.428 0.193464 0.01
v 0.271 0.202124 0.01
v 0.27 0.200392 0.01
v 0.333 0.191732 0.01
v 0.331 0.191732 0.01
v 0.592 0.203856 0.01
v 0.591 0.205551 0.01
v 0.59 0.203856 0.01
v 0.325059 0.205542 0.01
v 0.492 0.200392 0.01
v 0.491 0.19866 0.01
v 0.269 0.191732 0.01
v 0.267 0.191732 0.01
v 0.487 0.208268 0.01
v 0.489 0.208268 0.01
v 0.44 0.196928 0.01
v 0.442 0.196928 0.01
v 0.259 0.191732 0.01
v 0.328 0.196928 0.01
v 0.327 0.19866 0.01
v 0.341 0.191732 0.01
v 0.339 0.191732 0.01
v 0.374 0.200392 0.01
v 0.372 0.200392 0.01
v 0.467 0.191732 0.01
v 0.575 0.195196 0.01
v 0.576 0.193464 0.01
v 0.377 0.191732 0.01
v 0.357 0.208268 0.01
v 0.499 0.191732 0.01
v 0.525 0.208268 0.01
v 0.527 0.208268 0.01
v 0.555003 0.208349 0.01
v 0.548 0.200392 0.01
v 0.546 0.200392 0.01
v 0.475 0.19866 0.01
v 0.477 0.19866 0.01
v 0.353 0.195196 0.01
v 0.462 0.196928 0.01
v 0.463 0.195196 0.01
v 0.464 0.196928 0.01
v 0.347 0.205588 0.01
v 0.593 0.191732 0.01
v 0.488 0.196928 0.01
v 0.489 0.195196 0.01
v 0.49 0.196928 0.01
v 0.58 0.203856 0.01
v 0.502 0.193464 0.01
v 0.5 0.193464 0.01
v 0.501 0.191732 0.01
v 0.513 0.195196 0.01
v 0.51 0.193464 0.01
v 0.509 0.195196 0.01
v 0.508 0.193464 0.01
v 0.409 0.191732 0.01
v 0.411 0.191732 0.01
v 0.41 0.193464 0.01
v 0.573 0.195196 0.01
v 0.477 0.195196 0.01
v 0.478 0.196928 0.01
v 0.535012 0.205513 0.01
v 0.533059 0.205542 0.01
v 0.385 0.191732 0.01
v 0.383 0.191732 0.01
v 0.541 0.191732 0.01
v 0.393 0.191732 0.01
v 0.384 0.193464 0.01
v 0.382 0.193464 0.01
v 0.355 0.19866 0.01
v 0.315 0.19866 0.01
v 0.590997 0.198652 0.01
v 0.59 0.200392 0.01
v 0.313 0.19866 0.01
v 0.554 0.200392 0.01
v 0.542 0.193464 0.01
v 0.54 0.193464 0.01
v 0.299 0.205588 0.01
v 0.31 0.200392 0.01
v 0.429 0.205552 0.01
v 0.58 0.200392 0.01
v 0.579 0.202124 0.01
v 0.265 0.202124 0.01
v 0.263 0.202124 0.01
v 0.264 0.200392 0.01
v 0.433059 0.20554 0.01
v 0.459 0.195196 0.01
v 0.46 0.196928 0.01
v 0.402 0.196928 0.01
v 0.4 0.196928 0.01
v 0.401 0.195196 0.01
v 0.38 0.193464 0.01
v 0.381 0.191732 0.01
v 0.552 0.200392 0.01
v 0.475 0.208268 0.01
v 0.477 0.208268 0.01
v 0.375 0.191732 0.01
v 0.373 0.191732 0.01
v 0.307012 0.205513 0.01
v 0.441012 0.205512 0.01
v 0.453012 0.205512 0.01
v 0.339 0.195196 0.01
v 0.258 0.203856 0.01
v 0.395 0.191732 0.01
v 0.396 0.193464 0.01
v 0.262 0.200392 0.01
v 0.523 0.195196 0.01
v 0.524 0.196928 0.01
v 0.482 0.200392 0.01
v 0.345 0.19866 0.01
v 0.305 0.19866 0.01
v 0.298 0.200392 0.01
v 0.261 0.202124 0.01
v 0.425012 0.205512 0.01
v 0.479 0.208268 0.01
v 0.295 0.191732 0.01
v 0.347 0.191732 0.01
v 0.371 0.191732 0.01
v 0.579 0.208268 0.01
v 0.37 0.196928 0.01
v 0.525 0.19866 0.01
v 0.515012 0.205512 0.01
v 0.324 0.200392 0.01
v 0.277 0.195196 0.01
v 0.278 0.193464 0.01
v 0.305059 0.205542 0.01
v 0.318 0.200392 0.01
v 0.292 0.200392 0.01
v 0.265 0.19866 0.01
v 0.574049 0.203828 0.01
v 0.56 0.200392 0.01
v 0.339012 0.205512 0.01
v 0.43906 0.205538 0.01
v 0.547 0.195196 0.01
v 0.42306 0.205538 0.01
v 0.45106 0.205538 0.01
v 0.474 0.200392 0.01
v 0.473 0.19866 0.01
v 0.471 0.19866 0.01
v 0.585 0.191732 0.01
v 0.431 0.191732 0.01
v 0.590983 0.195186 0.01
v 0.261 0.19866 0.01
v 0.46906 0.205538 0.01
v 0.579 0.191732 0.01
v 0.577 0.191732 0.01
v 0.385 0.19866 0.01
v 0.384 0.196928 0.01
v 0.386 0.196928 0.01
v 0.327 0.195196 0.01
v 0.365 0.19866 0.01
v 0.366 0.196928 0.01
v 0.367 0.19866 0.01
v 0.32 0.200392 0.01
v 0.305 0.195196 0.01
v 0.479 0.195196 0.01
v 0.589 0.202124 0.01
v 0.333012 0.205512 0.01
v 0.369001 0.20555 0.01
v 0.427001 0.20555 0.01
v 0.413 0.191732 0.01
v 0.414 0.193464 0.01
v 0.269 0.202124 0.01
v 0.593994 0.200389 0.01
v 0.345 0.205588 0.01
v 0.483 0.208268 0.01
v 0.485 0.208268 0.01
v 0.256 0.196928 0.01
v 0.367012 0.205513 0.01
v 0.509 0.191732 0.01
v 0.444 0.196928 0.01
v 0.443 0.19866 0.01
v 0.41 0.200392 0.01
v 0.409 0.19866 0.01
v 0.411 0.19866 0.01
v 0.423 0.19866 0.01
v 0.41106 0.205538 0.01
v 0.501 0.205588 0.01
v 0.427 0.191732 0.01
v 0.427013 0.208309 0.01
v 0.429006 0.208386 0.01
v 0.505 0.19866 0.01
v 0.506 0.196928 0.01
v 0.507 0.19866 0.01
v 0.39906 0.205538 0.01
v 0.33106 0.205538 0.01
v 0.413012 0.205512 0.01
v 0.261 0.191732 0.01
v 0.483 0.19866 0.01
v 0.484 0.196928 0.01
v 0.485 0.19866 0.01
v 0.395012 0.205512 0.01
v 0.401012 0.205512 0.01
v 0.399 0.191732 0.01
v 0.398 0.193464 0.01
v 0.399 0.19866 0.01
v 0.395 0.19866 0.01
v 0.397 0.19866 0.01
v 0.359 0.19866 0.01
v 0.39306 0.205538 0.01
v 0.40506 0.205538 0.01
v 0.41706 0.205538 0.01
v 0.523001 0.20555 0.01
v 0.386 0.193464 0.01
v 0.511 0.19866 0.01
v 0.512 0.196928 0.01
v 0.508 0.200392 0.01
v 0.496 0.200392 0.01
v 0.361 0.19866 0.01
v 0.457 0.19866 0.01
v 0.459 0.19866 0.01
v 0.361 0.205588 0.01
v 0.456 0.200392 0.01
v 0.455 0.19866 0.01
v 0.429 0.19866 0.01
v 0.427 0.19866 0.01
v 0.403 0.19866 0.01
v 0.404 0.196928 0.01
v 0.363 0.19866 0.01
v 0.297 0.205588 0.01
v 0.493 0.208268 0.01
v 0.495 0.208268 0.01
v 0.465 0.19866 0.01
v 0.589997 0.196926 0.01
v 0.529 0.19866 0.01
v 0.462 0.200392 0.01
v 0.254991 0.195199 0.01
v 0.375059 0.20554 0.01
v 0.377012 0.205513 0.01
v 0.566 0.206573 0.01
v 0.54 0.200392 0.01
v 0.541 0.19866 0.01
v 0.417 0.19866 0.01
v 0.494 0.196928 0.01
v 0.495 0.195196 0.01
v 0.501 0.19866 0.01
v 0.503 0.19866 0.01
v 0.487 0.19866 0.01
v 0.489 0.19866 0.01
v 0.383012 0.205512 0.01
v 0.38106 0.205538 0.01
v 0.459012 0.205512 0.01
v 0.498 0.200392 0.01
v 0.481 0.19866 0.01
v 0.451 0.19866 0.01
v 0.452 0.196928 0.01
v 0.453 0.19866 0.01
v 0.348 0.200392 0.01
v 0.271 0.19866 0.01
v 0.351059 0.205542 0.01
v 0.574 0.193464 0.01
v 0.381 0.19866 0.01
v 0.494 0.200392 0.01
v 0.493 0.19866 0.01
v 0.461 0.19866 0.01
v 0.439 0.19866 0.01
v 0.343 0.205552 0.01
v 0.341001 0.20555 0.01
v 0.569951 0.206575 0.01
v 0.449 0.19866 0.01
v 0.415 0.19866 0.01
v 0.423 0.191732 0.01
v 0.421 0.191732 0.01
v 0.391 0.19866 0.01
v 0.438 0.196928 0.01
v 0.465 0.195196 0.01
v 0.466 0.196928 0.01
v 0.327012 0.205513 0.01
v 0.527 0.195196 0.01
v 0.526 0.193464 0.01
v 0.486 0.196928 0.01
v 0.382 0.196928 0.01
v 0.489 0.205588 0.01
v 0.357 0.205552 0.01
v 0.321 0.205588 0.01
v 0.281 0.191732 0.01
v 0.565 0.191732 0.01
v 0.432 0.193464 0.01
v 0.487 0.195196 0.01
v 0.437 0.195196 0.01
v 0.439 0.195196 0.01
v 0.507059 0.205542 0.01
v 0.563 0.19866 0.01
v 0.412 0.193464 0.01
v 0.291 0.19866 0.01
v 0.345 0.191732 0.01
v 0.59492 0.208408 0.01
v 0.367 0.191732 0.01
v 0.366 0.193464 0.01
v 0.365 0.191732 0.01
v 0.371 0.195196 0.01
v 0.368 0.196928 0.01
v 0.369 0.195196 0.01
v 0.55 0.200392 0.01
v 0.398 0.196928 0.01
v 0.425 0.191732 0.01
v 0.426 0.193464 0.01
v 0.424 0.193464 0.01
v 0.539 0.19866 0.01
v 0.433 0.191732 0.01
v 0.452 0.193464 0.01
v 0.451 0.191732 0.01
v 0.453 0.191732 0.01
v 0.479 0.191732 0.01
v 0.477 0.191732 0.01
v 0.371006 0.208386 0.01
v 0.329 0.19866 0.01
v 0.509012 0.205513 0.01
v 0.388 0.193464 0.01
v 0.431 0.195196 0.01
v 0.435 0.191732 0.01
v 0.485 0.191732 0.01
v 0.483 0.191732 0.01
v 0.283003 0.208349 0.01
v 0.444 0.200392 0.01
v 0.445 0.19866 0.01
v 0.487 0.205588 0.01
v 0.51306 0.205538 0.01
v 0.287059 0.205542 0.01
v 0.511 0.191732 0.01
v 0.271 0.208268 0.01
v 0.273 0.208268 0.01
v 0.387 0.19866 0.01
v 0.479 0.205588 0.01
v 0.389 0.195196 0.01
v 0.472 0.196928 0.01
v 0.585 0.19866 0.01
v 0.421 0.19866 0.01
v 0.422 0.196928 0.01
v 0.394 0.193464 0.01
v 0.364 0.196928 0.01
v 0.473013 0.208309 0.01
v 0.279 0.205588 0.01
v 0.535 0.195196 0.01
v 0.31 0.193464 0.01
v 0.353 0.191732 0.01
v 0.491 0.208268 0.01
v 0.454 0.193464 0.01
v 0.297 0.208268 0.01
v 0.464 0.200392 0.01
v 0.503 0.195196 0.01
v 0.434 0.193464 0.01
v 0.455 0.191732 0.01
v 0.471 0.191732 0.01
v 0.469 0.191732 0.01
v 0.296 0.200392 0.01
v 0.501 0.208268 0.01
v 0.463 0.19866 0.01
v 0.446 0.196928 0.01
v 0.448 0.196928 0.01
v 0.447 0.19866 0.01
v 0.302 0.200392 0.01
v 0.3 0.200392 0.01
v 0.268 0.196928 0.01
v 0.269 0.19866 0.01
v 0.403 0.195196 0.01
v 0.38706 0.205538 0.01
v 0.57 0.193464 0.01
v 0.343 0.191732 0.01
v 0.401 0.191732 0.01
v 0.369 0.191732 0.01
v 0.513 0.191732 0.01
v 0.537 0.191732 0.01
v 0.369 0.19866 0.01
v 0.481 0.208268 0.01
v 0.407 0.191732 0.01
v 0.419 0.191732 0.01
v 0.497 0.208268 0.01
v 0.499 0.208268 0.01
v 0.433 0.19866 0.01
v 0.314 0.196928 0.01
v 0.483 0.205588 0.01
v 0.497 0.205588 0.01
v 0.416 0.196928 0.01
v 0.475 0.205552 0.01
v 0.473001 0.20555 0.01
v 0.392 0.196928 0.01
v 0.531 0.19866 0.01
v 0.477 0.205588 0.01
v 0.471012 0.205512 0.01
v 0.518 0.193464 0.01
v 0.519 0.195196 0.01
v 0.481 0.205588 0.01
v 0.316 0.193464 0.01
v 0.293 0.195196 0.01
v 0.473 0.195196 0.01
v 0.474 0.193464 0.01
v 0.57 0.196928 0.01
v 0.571 0.195196 0.01
v 0.287 0.19866 0.01
v 0.441 0.195196 0.01
v 0.523013 0.208309 0.01
v 0.406 0.193464 0.01
v 0.562 0.196928 0.01
v 0.275 0.191732 0.01
v 0.44506 0.205538 0.01
v 0.269 0.205551 0.01
v 0.345 0.195196 0.01
v 0.458 0.193464 0.01
v 0.266 0.193464 0.01
v 0.465012 0.205512 0.01
v 0.363 0.191732 0.01
v 0.422 0.193464 0.01
v 0.336 0.193464 0.01
v 0.539 0.191732 0.01
v 0.45706 0.205538 0.01
v 0.54506 0.205538 0.01
v 0.49 0.193464 0.01
v 0.277 0.208268 0.01
v 0.408 0.193464 0.01
v 0.42 0.193464 0.01
v 0.547 0.191732 0.01
v 0.27 0.193464 0.01
v 0.425 0.195196 0.01
v 0.46306 0.205538 0.01
v 0.364 0.193464 0.01
v 0.41 0.196928 0.01
v 0.551 0.195196 0.01
v 0.267 0.202124 0.01
v 0.435012 0.205513 0.01
v 0.484 0.193464 0.01
v 0.403 0.191732 0.01
v 0.553 0.191732 0.01
v 0.299 0.208268 0.01
v 0.272 0.196928 0.01
v 0.355013 0.208309 0.01
v 0.422 0.200392 0.01
v 0.481 0.191732 0.01
v 0.369013 0.208309 0.01
v 0.307 0.191732 0.01
v 0.443 0.191732 0.01
v 0.493 0.191732 0.01
v 0.315013 0.208309 0.01
v 0.319 0.205588 0.01
v 0.447012 0.205512 0.01
v 0.319 0.195196 0.01
v 0.321 0.195196 0.01
v 0.323 0.191732 0.01
v 0.359 0.191732 0.01
v 0.449 0.191732 0.01
v 0.461 0.191732 0.01
v 0.515 0.191732 0.01
v 0.559 0.191732 0.01
v 0.577 0.208268 0.01
v 0.269013 0.208309 0.01
v 0.314004 0.203842 0.01
v 0.315001 0.20555 0.01
v 0.359 0.205588 0.01
v 0.343 0.19866 0.01
v 0.45 0.196928 0.01
v 0.33706 0.205538 0.01
v 0.447 0.195196 0.01
v 0.449 0.195196 0.01
v 0.445 0.195196 0.01
v 0.317 0.205552 0.01
v 0.33 0.193464 0.01
v 0.301 0.205588 0.01
v 0.371 0.205552 0.01
v 0.353012 0.205513 0.01
v 0.497 0.195196 0.01
v 0.355001 0.20555 0.01
v 0.476 0.193464 0.01
v 0.478 0.193464 0.01
v 0.419012 0.205512 0.01
v 0.461 0.195196 0.01
v 0.44 0.193464 0.01
v 0.389012 0.205512 0.01
v 0.407012 0.205512 0.01
v 0.356 0.193464 0.01
v 0.456 0.193464 0.01
v 0.344 0.196928 0.01
v 0.361 0.191732 0.01
v 0.509 0.19866 0.01
v 0.317 0.208268 0.01
v 0.547012 0.205512 0.01
v 0.413 0.195196 0.01
v 0.47 0.193464 0.01
v 0.27 0.196928 0.01
v 0.485 0.205588 0.01
v 0.304 0.200392 0.01
v 0.268 0.193464 0.01
v 0.377 0.195196 0.01
v 0.301 0.191732 0.01
v 0.291 0.195196 0.01
v 0.267 0.205523 0.01
v 0.503003 0.208349 0.01
v 0.428 0.196928 0.01
v 0.526 0.196928 0.01
v 0.528 0.196928 0.01
v 0.268 0.203856 0.01
v 0.288 0.193464 0.01
v 0.533 0.195196 0.01
v 0.32 0.193464 0.01
v 0.395 0.195196 0.01
v 0.407 0.195196 0.01
v 0.419 0.195196 0.01
v 0.532 0.196928 0.01
v 0.358 0.196928 0.01
v 0.359 0.195196 0.01
v 0.521 0.195196 0.01
v 0.275 0.208268 0.01
v 0.525 0.191732 0.01
v 0.468 0.193464 0.01
v 0.259 0.195196 0.01
v 0.261 0.195196 0.01
v 0.446 0.193464 0.01
v 0.304 0.193464 0.01
v 0.342 0.193464 0.01
v 0.255088 0.208397 0.01
v 0.581 0.202124 0.01
v 0.559 0.195196 0.01
v 0.498 0.193464 0.01
v 0.496 0.193464 0.01
v 0.507 0.195196 0.01
v 0.505 0.195196 0.01
v 0.511 0.195196 0.01
v 0.572 0.193464 0.01
v 0.56 0.193464 0.01
v 0.558 0.193464 0.01
v 0.266 0.196928 0.01
v 0.358 0.193464 0.01
v 0.36 0.193464 0.01
v 0.256999 0.195197 0.01
v 0.28 0.193464 0.01
v 0.282 0.193464 0.01
v 0.429 0.195196 0.01
v 0.427 0.195196 0.01
v 0.508 0.196928 0.01
v 0.51 0.196928 0.01
v 0.557 0.191732 0.01
v 0.555 0.191732 0.01
v 0.554 0.193464 0.01
v 0.552 0.193464 0.01
v 0.402 0.193464 0.01
v 0.4 0.193464 0.01
v 0.475 0.191732 0.01
v 0.473 0.191732 0.01
v 0.519 0.191732 0.01
v 0.517 0.191732 0.01
v 0.561 0.195196 0.01
v 0.563 0.195196 0.01
v 0.502 0.196928 0.01
v 0.504 0.196928 0.01
v 0.357 0.191732 0.01
v 0.355 0.191732 0.01
v 0.543 0.195196 0.01
v 0.545 0.195196 0.01
v 0.525 0.195196 0.01
v 0.483 0.195196 0.01
v 0.485 0.195196 0.01
v 0.546 0.193464 0.01
v 0.405 0.195196 0.01
v 0.448 0.193464 0.01
v 0.45 0.193464 0.01
v 0.325 0.191732 0.01
v 0.294 0.193464 0.01
v 0.296 0.193464 0.01
v 0.52 0.193464 0.01
v 0.263 0.195196 0.01
v 0.265 0.195196 0.01
v 0.362 0.193464 0.01
v 0.542 0.196928 0.01
v 0.532 0.193464 0.01
v 0.538 0.193464 0.01
v 0.512 0.193464 0.01
v 0.524 0.193464 0.01
v 0.469 0.195196 0.01
v 0.471 0.195196 0.01
v 0.516 0.193464 0.01
v 0.412 0.196928 0.01
v 0.414 0.196928 0.01
v 0.534 0.193464 0.01
v 0.472 0.193464 0.01
v 0.514 0.193464 0.01
v 0.365 0.195196 0.01
v 0.367 0.195196 0.01
v 0.536 0.193464 0.01
v 0.501 0.195196 0.01
v 0.499 0.195196 0.01
v 0.522 0.193464 0.01
v 0.46 0.193464 0.01
v 0.459 0.191732 0.01
v 0.492 0.193464 0.01
v 0.482 0.193464 0.01
v 0.463 0.191732 0.01
v 0.451 0.195196 0.01
v 0.462 0.193464 0.01
v 0.457 0.191732 0.01
v 0.467 0.195196 0.01
v 0.445 0.191732 0.01
v 0.439 0.191732 0.01
v 0.433 0.195196 0.01
v 0.441 0.191732 0.01
v 0.411 0.195196 0.01
v 0.494 0.193464 0.01
v 0.435 0.195196 0.01
v 0.421 0.195196 0.01
v 0.354 0.193464 0.01
v 0.415 0.195196 0.01
v 0.409 0.195196 0.01
v 0.394 0.196928 0.01
v 0.393 0.195196 0.01
v 0.378 0.193464 0.01
v 0.379 0.195196 0.01
v 0.447 0.191732 0.01
v 0.397 0.195196 0.01
v 0.396 0.196928 0.01
v 0.391 0.195196 0.01
v 0.48 0.193464 0.01
v 0.399 0.195196 0.01
v 0.423 0.195196 0.01
v 0.417 0.195196 0.01
v 0.387 0.195196 0.01
v 0.368 0.193464 0.01
v 0.404 0.193464 0.01
v 0.363 0.195196 0.01
v 0.318 0.193464 0.01
v 0.276 0.193464 0.01
v 0.344 0.193464 0.01
v 0.332 0.193464 0.01
v 0.334 0.193464 0.01
v 0.331 0.195196 0.01
v 0.338 0.193464 0.01
v 0.297 0.191732 0.01
v 0.317 0.195196 0.01
v 0.309 0.191732 0.01
v 0.299 0.191732 0.01
v 0.329 0.195196 0.01
v 0.286 0.193464 0.01
v 0.34 0.193464 0.01
v 0.262 0.193464 0.01
v 0.29 0.193464 0.01
v 0.311 0.191732 0.01
v 0.383 0.195196 0.01
v 0.381 0.195196 0.01
v 0.37 0.193464 0.01
v 0.385 0.195196 0.01
v 0.376 0.193464 0.01
v 0.374 0.193464 0.01
v 0.372 0.193464 0.01
v 0.35 0.193464 0.01
v 0.352 0.193464 0.01
v 0.348 0.193464 0.01
v 0.346 0.193464 0.01
v 0.315 0.195196 0.01
v 0.292 0.193464 0.01
v 0.284 0.193464 0.01
v 0.271 0.195196 0.01
v 0.269 0.195196 0.01
v 0.26 0.193464 0.01
v 0.258 0.193464 0.01
v 0.267 0.195196 0.01
v 0.256 0.193463 0.01
v 0.254014 0.193456 0.01
v 0.254466 0.206979 0.01
v 0.598763 0.195 0.01
v 0.268 0.206925 0.01
v 0.29 0.206925 0.01
v 0.314 0.206925 0.01
v 0.34 0.206925 0.01
v 0.354 0.206925 0.01
v 0.368 0.206925 0.01
v 0.426 0.206925 0.01
v 0.566986 0.205137 0.01
v 0.59 0.206925 0.01
v 0.472 0.206925 0.01
v 0.563024 0.205248 0.01
v 0.522 0.206925 0.01
v 0.548 0.206925 0.01
v 0.598536 0.208536 0.01
v 0.598536 0.191464 0.01
v 0.251464 0.208536 0.01
v 0.550002 0.206922 0.01
v 0.270002 0.206922 0.01
v 0.292002 0.206922 0.01
v 0.316002 0.206922 0.01
v 0.342002 0.206922 0.01
v 0.356002 0.206922 0.01
v 0.37 0.206928 0.01
v 0.428 0.206928 0.01
v 0.565 0.205196 0.01
v 0.591998 0.206939 0.01
v 0.474002 0.206922 0.01
v 0.524002 0.206922 0.01
v 0.296 0.206928 0.01
v 0.294 0.206928 0.01
v 0.274 0.206928 0.01
v 0.272 0.206928 0.01
v 0.276 0.206928 0.01
v 0.28 0.206928 0.01
v 0.278 0.206928 0.01
v 0.282 0.206928 0.01
v 0.3 0.206928 0.01
v 0.298 0.206928 0.01
v 0.318 0.206928 0.01
v 0.32 0.206928 0.01
v 0.344 0.206928 0.01
v 0.346 0.206928 0.01
v 0.358 0.206928 0.01
v 0.36 0.206928 0.01
v 0.552 0.206928 0.01
v 0.554001 0.206923 0.01
v 0.578 0.206928 0.01
v 0.58 0.206928 0.01
v 0.576 0.206928 0.01
v 0.582001 0.206929 0.01
v 0.593978 0.206936 0.01
v 0.478 0.206928 0.01
v 0.476 0.206928 0.01
v 0.484 0.206928 0.01
v 0.482 0.206928 0.01
v 0.48 0.206928 0.01
v 0.492 0.206928 0.01
v 0.494 0.206928 0.01
v 0.488 0.206928 0.01
v 0.49 0.206928 0.01
v 0.486 0.206928 0.01
v 0.498 0.206928 0.01
v 0.496 0.206928 0.01
v 0.502 0.206928 0.01
v 0.5 0.206928 0.01
v 0.526 0.206928 0.01
v 0.528 0.206928 0.01
# </points>

# <faces count="8666">
g CreatedbyGmsh
f 371 372 373
f 374 375 376
f 377 378 379
f 380 381 382
f 373 372 383
f 374 376 384
f 379 378 385
f 380 382 386
f 387 388 389
f 390 391 392
f 393 394 395
f 396 397 398
f 399 400 401
f 402 403 404
f 405 406 407
f 408 409 410
f 411 412 413
f 414 415 416
f 417 418 419
f 420 421 422
f 423 424 425
f 426 427 428
f 429 430 431
f 432 433 434
f 435 436 437
f 438 439 440
f 441 442 443
f 444 445 446
f 49 447 448
f 86 449 450
f 212 451 452
f 453 211 454
f 455 456 457
f 458 100 459
f 133 460 461
f 462 463 464
f 465 466 372
f 466 465 467
f 468 466 467
f 469 468 467
f 469 470 468
f 471 472 473
f 472 474 473
f 475 476 477
f 472 478 474
f 479 480 371
f 481 482 483
f 484 485 486
f 487 488 489
f 488 490 489
f 465 372 371
f 491 492 493
f 488 494 490
f 495 496 497
f 498 499 500
f 501 502 503
f 504 505 506
f 480 465 371
f 505 504 507
f 508 505 507
f 509 508 507
f 509 510 508
f 511 512 513
f 475 477 474
f 512 514 513
f 515 516 517
f 478 475 474
f 470 469 473
f 469 471 473
f 476 475 483
f 512 518 514
f 519 520 521
f 484 486 483
f 475 481 483
f 482 484 483
f 491 493 490
f 485 484 489
f 494 491 490
f 520 522 521
f 523 524 525
f 484 487 489
f 492 491 497
f 524 523 526
f 520 527 522
f 528 524 526
f 499 498 503
f 498 500 497
f 529 528 526
f 496 498 497
f 491 495 497
f 529 530 528
f 504 506 503
f 498 501 503
f 502 504 503
f 515 517 514
f 531 532 533
f 534 535 536
f 518 515 514
f 535 534 537
f 509 511 513
f 510 509 513
f 538 535 537
f 523 525 522
f 539 538 537
f 516 515 521
f 539 540 538
f 527 523 522
f 515 519 521
f 541 542 374
f 542 541 543
f 541 544 543
f 544 545 543
f 546 540 547
f 548 545 544
f 545 548 549
f 548 550 549
f 540 539 547
f 550 551 549
f 552 551 550
f 553 554 555
f 556 557 558
f 559 560 375
f 561 562 563
f 564 565 566
f 530 529 533
f 567 568 569
f 570 571 572
f 571 570 573
f 570 574 573
f 574 575 573
f 576 575 574
f 577 578 579
f 580 581 582
f 583 584 585
f 374 542 375
f 586 587 588
f 534 536 533
f 589 590 591
f 592 593 594
f 595 596 597
f 596 595 598
f 532 534 533
f 595 599 598
f 599 600 598
f 601 600 599
f 529 531 533
f 593 592 602
f 603 604 605
f 606 603 605
f 607 603 606
f 608 593 602
f 609 610 611
f 610 609 612
f 542 559 375
f 609 613 612
f 613 614 612
f 615 616 617
f 618 608 602
f 619 614 613
f 592 594 617
f 620 621 622
f 623 624 625
f 618 626 608
f 627 628 629
f 630 631 632
f 633 634 635
f 636 637 638
f 617 546 547
f 639 640 641
f 642 643 644
f 551 552 555
f 645 646 647
f 557 553 555
f 554 551 555
f 648 649 650
f 558 557 555
f 557 556 563
f 616 592 617
f 562 557 563
f 565 561 563
f 565 564 569
f 566 565 563
f 651 652 653
f 568 565 569
f 571 567 569
f 654 655 656
f 572 571 569
f 657 658 659
f 660 661 662
f 575 576 579
f 663 664 665
f 581 577 579
f 578 575 579
f 581 580 585
f 582 581 579
f 666 667 668
f 584 581 585
f 587 583 585
f 587 586 591
f 588 587 585
f 596 589 591
f 590 587 591
f 669 670 671
f 597 596 591
f 672 673 674
f 673 672 675
f 600 601 605
f 604 600 605
f 610 607 606
f 672 676 675
f 611 610 606
f 676 677 675
f 678 677 676
f 677 678 679
f 614 619 622
f 626 618 659
f 678 680 679
f 624 620 622
f 681 682 683
f 684 685 686
f 621 614 622
f 624 623 629
f 625 624 622
f 680 687 679
f 628 624 629
f 631 627 629
f 688 687 680
f 632 631 629
f 631 630 635
f 637 633 635
f 687 688 689
f 634 631 635
f 638 637 635
f 517 690 514
f 637 636 641
f 688 691 689
f 640 637 641
f 643 639 641
f 643 642 647
f 644 643 641
f 691 692 689
f 649 645 647
f 646 643 647
f 661 660 683
f 693 692 691
f 649 648 653
f 650 649 647
f 660 662 659
f 692 693 694
f 618 657 659
f 655 651 653
f 652 649 653
f 655 654 665
f 656 655 653
f 594 546 617
f 615 617 547
f 693 695 694
f 658 660 659
f 664 655 665
f 667 663 665
f 668 667 665
f 525 696 522
f 667 666 671
f 695 697 694
f 698 697 695
f 684 686 683
f 673 669 671
f 670 667 671
f 674 673 671
f 477 699 474
f 493 700 490
f 701 702 703
f 704 705 706
f 685 684 706
f 682 684 683
f 707 708 709
f 660 681 683
f 710 711 712
f 711 710 713
f 500 492 497
f 702 701 714
f 710 715 713
f 715 716 713
f 506 499 503
f 717 716 715
f 718 719 720
f 701 703 706
f 536 530 533
f 697 698 709
f 486 476 483
f 721 722 723
f 724 725 726
f 712 711 709
f 711 707 709
f 684 704 706
f 705 701 706
f 708 697 709
f 727 728 729
f 730 731 732
f 733 734 735
f 732 702 714
f 736 737 720
f 736 727 729
f 722 721 738
f 739 740 741
f 703 685 706
f 742 743 714
f 716 717 726
f 740 744 741
f 730 732 714
f 745 722 738
f 719 721 720
f 686 661 683
f 746 747 748
f 662 626 659
f 721 723 720
f 737 718 720
f 737 736 729
f 744 749 741
f 750 751 752
f 753 754 755
f 756 749 744
f 757 758 759
f 760 761 762
f 754 740 755
f 725 716 726
f 751 750 763
f 734 724 726
f 764 765 766
f 767 768 769
f 734 733 748
f 735 734 726
f 770 745 738
f 758 771 759
f 750 772 763
f 740 739 755
f 201 202 773
f 772 774 763
f 775 776 777
f 701 742 714
f 202 778 773
f 779 757 759
f 780 781 760
f 782 775 777
f 356 783 784
f 163 785 786
f 747 734 748
f 770 787 745
f 788 789 790
f 44 791 792
f 793 774 772
f 751 746 748
f 203 44 792
f 752 751 748
f 780 760 794
f 795 43 796
f 774 793 797
f 43 227 796
f 789 764 766
f 798 767 769
f 799 800 801
f 768 802 769
f 803 400 804
f 779 805 757
f 329 163 786
f 806 799 801
f 807 808 809
f 291 356 784
f 743 730 714
f 810 808 807
f 749 756 766
f 811 509 507
f 812 806 801
f 790 789 766
f 781 813 760
f 287 192 814
f 815 287 814
f 816 243 817
f 237 274 818
f 819 820 821
f 822 806 812
f 823 824 810
f 825 826 827
f 828 829 830
f 698 712 709
f 765 749 766
f 831 832 526
f 362 244 833
f 297 380 834
f 789 788 835
f 243 359 817
f 836 469 467
f 837 79 838
f 292 65 839
f 244 816 833
f 840 841 842
f 754 753 843
f 523 831 526
f 806 822 844
f 845 846 847
f 51 146 848
f 180 129 849
f 821 820 827
f 522 696 521
f 826 821 827
f 146 850 848
f 783 292 839
f 851 819 821
f 852 853 854
f 79 144 838
f 855 856 857
f 829 828 858
f 129 445 849
f 802 731 769
f 130 859 860
f 794 760 762
f 861 803 804
f 862 774 797
f 863 782 777
f 805 864 757
f 865 836 467
f 787 770 857
f 793 830 797
f 866 867 868
f 869 862 797
f 870 249 871
f 717 735 726
f 282 872 873
f 810 824 808
f 874 875 876
f 723 736 720
f 830 829 797
f 285 877 878
f 827 841 840
f 626 879 608
f 880 881 844
f 882 874 781
f 654 668 665
f 883 811 507
f 802 884 885
f 886 887 888
f 196 130 860
f 170 408 889
f 505 890 891
f 247 170 889
f 820 880 844
f 847 892 893
f 894 895 896
f 286 285 878
f 272 282 873
f 776 775 897
f 233 898 899
f 703 900 901
f 666 674 671
f 902 903 805
f 875 904 876
f 905 906 835
f 234 154 907
f 908 201 773
f 909 882 781
f 154 910 907
f 438 847 893
f 911 824 823
f 912 780 913
f 914 845 847
f 408 237 818
f 731 730 769
f 733 752 748
f 623 632 629
f 249 89 871
f 825 827 840
f 805 903 864
f 500 394 492
f 788 915 835
f 696 916 516
f 477 917 391
f 295 294 918
f 919 920 921
f 922 923 924
f 925 868 771
f 540 926 538
f 468 886 927
f 928 919 921
f 250 297 834
f 274 776 818
f 785 77 929
f 930 931 932
f 933 934 935
f 936 937 938
f 939 934 933
f 524 940 941
f 942 787 857
f 732 943 702
f 500 944 394
f 246 355 945
f 946 947 948
f 699 391 887
f 226 354 949
f 950 905 835
f 474 699 473
f 951 180 849
f 510 952 953
f 648 656 653
f 954 951 955
f 956 823 810
f 106 957 958
f 959 200 846
f 594 397 546
f 813 960 761
f 895 779 896
f 703 901 685
f 961 273 962
f 778 291 784
f 963 692 694
f 506 891 964
f 290 951 954
f 906 789 835
f 965 829 858
f 822 841 844
f 490 700 489
f 768 861 804
f 662 966 967
f 781 874 813
f 955 951 968
f 586 597 591
f 969 739 741
f 153 233 899
f 517 970 690
f 700 922 971
f 775 972 973
f 564 572 569
f 974 956 942
f 593 975 976
f 813 761 760
f 576 582 579
f 919 851 821
f 845 959 846
f 530 977 528
f 978 426 979
f 980 902 805
f 510 953 508
f 841 820 844
f 505 891 506
f 535 981 536
f 528 977 940
f 636 644 641
f 932 931 858
f 931 965 858
f 982 969 741
f 983 936 938
f 984 812 985
f 552 558 555
f 808 824 986
f 508 890 505
f 987 203 792
f 947 988 948
f 989 756 990
f 991 963 694
f 992 911 823
f 864 993 994
f 864 994 757
f 721 995 738
f 556 566 563
f 525 996 696
f 630 638 635
f 997 930 932
f 955 968 998
f 827 820 841
f 294 999 918
f 486 1000 1001
f 1002 978 979
f 530 1003 977
f 700 971 485
f 580 588 585
f 354 295 1004
f 470 887 886
f 933 1005 1006
f 273 191 962
f 832 529 526
f 1007 226 949
f 867 866 801
f 813 874 1008
f 1009 1010 432
f 937 1011 1012
f 696 996 916
f 722 1013 723
f 107 106 958
f 775 973 897
f 1014 213 1015
f 787 1016 745
f 881 806 844
f 1017 956 810
f 985 812 866
f 1018 246 945
f 280 222 1019
f 974 992 823
f 222 1014 1019
f 65 1020 839
f 755 739 1006
f 779 980 805
f 828 1010 858
f 897 973 1021
f 990 744 1022
f 1023 950 915
f 1024 912 913
f 842 841 822
f 642 650 647
f 1025 770 738
f 866 812 801
f 757 994 758
f 1026 737 1027
f 859 169 1028
f 920 1029 1030
f 432 1010 1031
f 899 898 1032
f 169 105 1028
f 864 1033 993
f 216 1034 1035
f 227 1007 796
f 1036 104 1037
f 213 174 1015
f 160 852 854
f 1038 678 1039
f 937 845 1011
f 1040 139 1041
f 829 869 797
f 765 982 749
f 692 1042 689
f 352 71 1043
f 163 77 785
f 146 50 850
f 690 952 510
f 1044 599 1045
f 1046 828 830
f 140 136 1047
f 661 1048 966
f 910 1049 907
f 699 887 470
f 122 1050 1051
f 192 1018 814
f 1010 932 858
f 1052 711 713
f 538 1053 535
f 942 1054 787
f 1055 1056 1057
f 936 959 937
f 1058 656 1059
f 288 815 1060
f 39 421 1061
f 359 1062 817
f 1063 939 933
f 485 1000 486
f 661 966 662
f 179 162 983
f 161 234 892
f 904 406 876
f 199 160 854
f 1064 1065 418
f 116 216 1035
f 593 976 594
f 499 964 944
f 1066 668 1067
f 1068 788 790
f 942 956 1069
f 1070 582 1071
f 910 153 899
f 387 1072 1073
f 955 998 1074
f 466 927 1075
f 824 1076 986
f 774 1077 763
f 1078 272 873
f 1079 286 878
f 1080 672 1081
f 493 923 922
f 842 822 984
f 534 1082 537
f 1069 956 1017
f 957 198 1083
f 619 625 622
f 136 1084 1047
f 780 909 781
f 1085 750 752
f 402 1086 1087
f 863 1088 782
f 1023 915 1089
f 1090 1002 979
f 120 119 1091
f 279 1092 1093
f 1073 950 1023
f 768 804 1094
f 1031 828 1046
f 1095 715 1096
f 937 959 845
f 67 1097 1098
f 1099 197 1100
f 745 1016 1101
f 1087 601 1044
f 933 935 1005
f 1102 712 698
f 1103 1052 713
f 782 972 775
f 1004 295 918
f 813 1008 960
f 745 1101 722
f 93 1104 1041
f 1105 691 688
f 1106 120 1091
f 1104 112 1107
f 995 1025 738
f 770 855 857
f 241 1108 1109
f 997 1009 1110
f 915 950 835
f 1110 1009 1111
f 532 1082 534
f 502 883 504
f 910 1112 1049
f 1113 127 1114
f 1115 1116 1117
f 1008 874 876
f 339 1118 1107
f 516 1119 517
f 1120 338 1051
f 1121 336 1122
f 1123 735 717
f 1124 710 712
f 492 923 493
f 119 1125 1091
f 1126 571 573
f 1127 610 612
f 974 823 956
f 1128 644 636
f 198 224 1083
f 445 155 1129
f 1130 644 1128
f 811 511 509
f 478 481 475
f 1005 755 1006
f 1131 1132 1133
f 791 51 848
f 1134 772 750
f 105 1135 1028
f 749 982 741
f 1136 695 1137
f 1045 599 595
f 1108 240 1138
f 1139 550 548
f 476 917 477
f 1005 442 753
f 1124 712 1102
f 1140 1141 1142
f 1143 574 570
f 677 1144 675
f 1145 613 609
f 1146 1088 1147
f 608 975 593
f 174 1148 1015
f 1022 744 740
f 145 1036 1149
f 1150 1151 598
f 687 1152 679
f 1039 676 1080
f 1153 619 613
f 119 157 1125
f 47 334 1154
f 1155 1072 387
f 856 974 857
f 67 82 1097
f 95 127 1113
f 333 40 1156
f 335 42 1157
f 122 116 1050
f 93 112 1104
f 136 165 1084
f 145 104 1036
f 358 338 1120
f 149 197 1099
f 47 1154 1158
f 1159 1127 612
f 219 47 1158
f 421 248 1160
f 1161 650 1162
f 575 1163 573
f 224 1164 1083
f 1080 676 672
f 1111 1009 432
f 1163 1126 573
f 614 1159 612
f 1165 597 1166
f 174 173 1148
f 1023 1089 1167
f 68 120 1106
f 364 336 1121
f 337 41 1168
f 339 357 1118
f 99 196 1169
f 130 169 859
f 354 1004 949
f 1170 609 611
f 1050 116 1035
f 164 139 1040
f 327 140 1171
f 1172 1173 543
f 969 1174 739
f 739 1174 1006
f 338 122 1051
f 1068 790 989
f 1175 1176 549
f 1166 597 586
f 1171 140 1047
f 1177 576 574
f 1178 572 564
f 1179 552 550
f 1180 544 541
f 1169 196 860
f 200 161 846
f 1042 1181 689
f 1182 623 1183
f 95 1113 1184
f 997 932 1009
f 1185 693 691
f 1095 717 715
f 1186 217 1184
f 1034 53 1093
f 1187 793 772
f 1188 733 735
f 1189 674 666
f 1066 666 668
f 42 241 1109
f 358 1120 1190
f 1189 666 1066
f 378 64 1191
f 1156 40 1192
f 1187 772 1134
f 1193 219 1158
f 872 362 833
f 1087 1086 601
f 1173 542 543
f 1137 695 693
f 1182 632 623
f 1139 548 1194
f 68 1106 1191
f 55 1195 1196
f 1197 630 1198
f 1070 580 582
f 1199 558 552
f 1200 94 1201
f 1195 57 1202
f 1173 559 542
f 1203 915 788
f 852 1132 853
f 1198 630 632
f 1125 157 1196
f 1204 636 638
f 217 95 1184
f 244 243 816
f 285 360 877
f 290 180 951
f 181 201 908
f 225 52 1205
f 227 226 1007
f 72 79 837
f 44 51 791
f 554 1175 551
f 562 553 557
f 568 561 565
f 578 1163 575
f 584 577 581
f 590 583 587
f 604 1150 600
f 621 1159 614
f 628 620 624
f 634 627 631
f 646 639 643
f 652 645 649
f 670 663 667
f 1206 669 673
f 1207 1144 677
f 963 1042 692
f 1052 707 711
f 725 1103 716
f 747 724 734
f 862 1077 774
f 939 1208 934
f 906 764 789
f 1209 905 950
f 1210 1211 1212
f 1213 1065 1064
f 911 1076 824
f 856 992 974
f 1025 855 770
f 719 995 721
f 1026 718 737
f 902 1214 903
f 895 980 779
f 800 894 867
f 881 799 806
f 819 880 820
f 928 851 919
f 978 1215 426
f 1216 1002 1090
f 904 1217 406
f 882 875 874
f 912 909 780
f 1218 1024 414
f 803 1219 400
f 767 861 768
f 743 798 730
f 705 742 701
f 682 704 684
f 658 681 660
f 1220 657 618
f 616 1221 592
f 832 531 529
f 527 831 523
f 496 501 498
f 482 487 484
f 480 865 465
f 1222 752 733
f 276 64 378
f 55 57 1195
f 117 217 1186
f 239 94 1200
f 83 219 1193
f 241 240 1108
f 363 215 1223
f 278 277 1224
f 216 53 1034
f 279 121 1092
f 281 280 1225
f 222 213 1014
f 106 198 957
f 224 109 1164
f 160 193 852
f 154 153 910
f 233 168 898
f 175 272 1078
f 282 362 872
f 359 284 1062
f 283 273 961
f 191 245 1226
f 361 286 1079
f 288 287 815
f 192 246 1018
f 355 247 1227
f 170 237 408
f 274 176 776
f 275 289 863
f 39 248 421
f 96 92 1228
f 125 330 429
f 129 155 445
f 202 291 778
f 356 292 783
f 65 97 1020
f 59 249 870
f 89 90 1229
f 70 143 1230
f 293 43 795
f 294 329 999
f 144 87 1231
f 204 203 987
f 137 250 1232
f 297 296 380
f 985 866 925
f 990 756 744
f 64 68 1191
f 1118 357 1233
f 551 1175 549
f 1234 556 558
f 117 1186 1202
f 1058 654 656
f 157 55 1196
f 1157 42 1109
f 600 1150 598
f 83 1193 1201
f 139 93 1041
f 1038 680 678
f 1067 668 654
f 1151 596 598
f 1071 582 576
f 1235 566 556
f 57 117 1202
f 937 1012 938
f 1236 1237 539
f 94 83 1201
f 355 1227 945
f 776 176 777
f 1176 545 549
f 1143 570 1238
f 1130 642 644
f 1131 1133 1239
f 239 1200 1192
f 802 885 731
f 1240 588 580
f 333 1156 1114
f 877 360 1060
f 89 1229 871
f 780 794 913
f 1241 830 793
f 1071 576 1177
f 1238 572 1178
f 1206 673 675
f 716 1103 713
f 1086 611 606
f 1238 570 572
f 363 1223 1138
f 1168 41 1242
f 1194 548 544
f 144 1231 838
f 1096 710 1124
f 1243 625 619
f 1165 595 597
f 988 1115 948
f 402 611 1086
f 1177 574 1143
f 1067 654 1058
f 1162 642 1130
f 898 168 424
f 1227 247 889
f 942 1069 1054
f 1244 1245 1246
f 1247 947 946
f 105 113 1135
f 1225 280 1019
f 1148 173 1248
f 477 391 699
f 1249 588 1240
f 330 290 954
f 1134 750 1085
f 1162 650 642
f 1179 550 1139
f 1056 1112 1250
f 1197 638 630
f 1208 1251 1252
f 864 903 1033
f 1166 586 1249
f 1128 636 1204
f 335 1157 1122
f 1183 623 625
f 1005 935 442
f 1136 698 695
f 1180 541 1253
f 40 239 1192
f 1144 1206 675
f 1236 539 537
f 1105 688 1254
f 1081 672 674
f 1215 928 921
f 240 363 1138
f 1059 656 648
f 1161 648 650
f 1240 580 1070
f 112 339 1107
f 53 279 1093
f 1110 1111 1255
f 1194 544 1180
f 1205 52 1256
f 357 281 1233
f 1254 680 1038
f 984 822 812
f 1188 735 1123
f 1199 552 1179
f 998 968 1257
f 919 826 920
f 1178 564 1258
f 1253 541 374
f 1204 638 1197
f 999 329 786
f 518 519 515
f 494 495 491
f 836 471 469
f 1123 717 1095
f 1249 586 588
f 1153 613 1145
f 1259 1260 1261
f 852 1262 1132
f 1258 564 566
f 1145 609 1170
f 1044 601 599
f 1234 558 1199
f 1207 677 679
f 215 145 1149
f 1096 715 710
f 1089 915 1203
f 1235 556 1234
f 1154 334 1098
f 1049 1112 1056
f 1183 625 1243
f 281 1225 1233
f 1059 648 1161
f 1241 793 1187
f 149 1099 1263
f 1223 215 1149
f 776 897 818
f 1085 752 1222
f 853 1131 1264
f 191 1226 962
f 1176 1172 545
f 1126 567 571
f 1151 589 596
f 1127 607 610
f 664 651 655
f 1265 746 751
f 223 107 1266
f 108 199 411
f 242 200 959
f 41 278 1242
f 173 327 1248
f 640 633 637
f 1181 1152 687
f 708 991 697
f 965 869 829
f 1251 930 997
f 988 1116 1115
f 1039 678 676
f 1198 632 1182
f 1185 691 1105
f 1266 107 958
f 476 1001 917
f 1209 950 1073
f 989 790 756
f 278 1224 1242
f 1243 619 1153
f 127 333 1114
f 1254 688 680
f 1081 674 1189
f 327 1171 1248
f 1170 611 402
f 686 1048 661
f 1065 1210 418
f 1137 693 1185
f 545 1172 543
f 1045 595 1165
f 1222 733 1188
f 1152 1207 679
f 411 199 854
f 1250 1032 1267
f 1049 1056 1055
f 334 67 1098
f 277 358 1190
f 109 108 1268
f 685 1269 686
f 892 234 907
f 1009 932 1010
f 1181 687 689
f 731 1270 732
f 1077 1265 763
f 697 991 694
f 336 335 1122
f 1031 1010 828
f 525 941 996
f 768 1094 802
f 536 1003 530
f 360 288 1060
f 910 899 1112
f 361 1079 1271
f 197 164 1100
f 546 397 1272
f 1230 143 1273
f 493 922 700
f 800 867 801
f 782 1088 1146
f 1087 1044 1274
f 782 1146 972
f 934 1208 1252
f 662 967 626
f 242 959 936
f 164 1040 1100
f 1265 751 763
f 601 1086 605
f 1017 810 807
f 1031 1046 1275
f 1046 830 1241
f 1258 566 1235
f 1164 109 1268
f 293 795 1273
f 540 1272 926
f 468 927 466
f 414 1024 913
f 1011 845 914
f 809 1276 1277
f 863 1061 1088
f 702 943 900
f 1224 277 1190
f 59 870 1256
f 516 916 1119
f 1174 1063 1006
f 868 867 896
f 723 1013 1278
f 546 1272 540
f 1102 698 1136
f 52 59 1256
f 108 411 1268
f 1216 1090 1279
f 853 1132 1131
f 700 485 489
f 968 951 849
f 528 940 524
f 1244 1246 1117
f 1022 740 754
f 1005 753 755
f 794 762 1280
f 121 149 1263
f 1262 983 1281
f 1092 121 1263
f 1217 1216 1279
f 1251 997 1252
f 535 1053 981
f 337 1168 1037
f 1116 1244 1117
f 935 934 1282
f 429 330 954
f 867 894 896
f 1029 826 825
f 993 1033 728
f 594 976 397
f 168 175 424
f 1250 1112 1032
f 1086 606 605
f 104 337 1037
f 1072 1209 1073
f 723 1278 736
f 787 1054 1016
f 1203 788 1068
f 96 1228 1160
f 919 821 826
f 920 826 1029
f 1063 933 1006
f 925 866 868
f 983 162 936
f 1228 92 1283
f 846 892 847
f 1112 899 1032
f 960 1008 1284
f 470 886 468
f 685 901 1269
f 626 967 879
f 161 892 846
f 1213 1064 986
f 756 790 766
f 983 938 1281
f 179 983 1262
f 524 941 525
f 465 865 467
f 506 964 499
f 997 1110 1252
f 406 1217 1279
f 508 953 890
f 702 900 703
f 732 1270 943
f 914 847 438
f 935 1282 1285
f 536 981 1003
f 892 907 893
f 504 883 507
f 1076 1213 986
f 486 1001 476
f 852 193 1262
f 1232 250 834
f 517 1119 970
f 974 942 857
f 986 1064 1276
f 155 181 1129
f 690 970 952
f 143 293 1273
f 1043 71 1286
f 926 1272 1287
f 1281 938 436
f 248 96 1160
f 1210 1212 418
f 162 242 936
f 1110 1255 1282
f 863 289 1061
f 802 1094 884
f 289 39 1061
f 722 1101 1013
f 1220 618 602
f 1132 1262 1281
f 499 944 500
f 245 361 1271
f 1062 284 1288
f 608 879 975
f 779 759 896
f 1282 1255 1285
f 1214 1026 1027
f 1082 1236 537
f 175 1078 424
f 485 971 1000
f 1055 438 893
f 77 72 929
f 686 1269 1048
f 1033 903 1027
f 731 885 1270
f 466 1075 372
f 1020 97 1289
f 771 868 759
f 1027 737 729
f 736 1278 727
f 193 179 1262
f 426 1215 921
f 1226 245 1271
f 492 394 923
f 903 1214 1027
f 400 1219 1290
f 884 1094 1291
f 759 868 896
f 809 808 1276
f 283 961 1288
f 442 935 1285
f 538 926 1053
f 125 429 1283
f 92 125 1283
f 934 1252 1282
f 1252 1110 1282
f 938 1012 436
f 808 986 1276
f 728 1033 729
f 1133 1132 1281
f 1133 1281 436
f 730 798 769
f 181 908 1129
f 1033 1027 729
f 284 283 1288
f 72 837 929
f 1221 1220 602
f 225 1205 1289
f 592 1221 602
f 97 225 1289
f 275 863 777
f 696 516 521
f 176 275 777
f 907 1049 893
f 1049 1055 893
f 514 690 513
f 1219 1218 1290
f 1218 414 1290
f 70 1230 1286
f 71 70 1286
f 1237 615 547
f 699 470 473
f 539 1237 547
f 690 510 513
f 1141 1292 377
f 1293 1259 381
f 1294 1140 376
f 1260 1295 373
f 1291 1257 444
f 1167 1264 388
f 1264 1167 412
f 1030 1021 427
f 1021 1030 409
f 1284 1147 420
f 1074 1280 430
f 1267 1277 417
f 1277 1267 423
f 1147 1284 405
f 1257 1291 399
f 1280 1074 415
f 1275 458 459
f 1057 455 457
f 463 1239 464
f 1274 453 454
f 460 843 461
f 451 1287 452
f 447 888 448
f 449 924 450
f 1257 399 401
f 430 1280 431
f 1229 396 398
f 415 1074 416
f 1147 405 407
f 1284 420 422
f 409 1030 410
f 1231 393 395
f 412 1167 413
f 1135 441 443
f 427 1021 428
f 1267 417 419
f 1246 435 437
f 439 946 440
f 1277 423 425
f 403 1121 404
f 433 1169 434
f 1291 444 446
f 850 390 392
f 388 1264 389
f 804 400 399
f 955 1074 430
f 1257 968 444
f 898 424 423
f 1064 418 417
f 411 854 412
f 1211 456 455
f 1023 1167 388
f 876 406 405
f 408 818 409
f 1147 1088 420
f 165 100 458
f 920 1030 427
f 849 445 444
f 462 1155 463
f 133 223 460
f 853 1264 412
f 432 1031 433
f 1061 421 420
f 387 1073 388
f 426 921 427
f 414 913 415
f 897 1021 409
f 1277 1276 417
f 1267 1032 423
f 438 1055 439
f 753 442 441
f 429 954 430
f 1133 436 435
f 1284 1008 405
f 794 1280 415
f 1291 1094 399
f 82 211 453
f 402 1087 403
f 212 352 451
f 1272 397 396
f 86 204 449
f 923 394 393
f 887 391 390
f 49 137 447
f 754 843 1296
f 1057 1056 1297
f 1135 113 461
f 1247 946 457
f 1246 1245 464
f 99 1169 459
f 1131 1239 389
f 1275 1046 1298
f 364 1121 454
f 1274 1044 1299
f 1229 90 452
f 926 1287 1300
f 1231 87 450
f 922 924 1301
f 850 50 448
f 886 888 1302
f 1142 1141 377
f 1259 1261 381
f 1140 1142 376
f 1261 1260 373
f 1292 370 1303
f 370 276 1303
f 368 1293 1304
f 296 368 1304
f 1305 1294 1306
f 560 1305 1306
f 1295 1307 1308
f 1307 479 1308
f 843 460 1296
f 455 1057 1297
f 441 1135 461
f 435 1246 464
f 946 439 457
f 1239 463 389
f 1169 433 459
f 458 1275 1298
f 1121 403 454
f 453 1274 1299
f 396 1229 452
f 1287 451 1300
f 393 1231 450
f 924 449 1301
f 390 850 448
f 888 447 1302
f 1276 1064 417
f 1032 898 423
f 1212 1211 455
f 1155 387 463
f 854 853 412
f 968 849 444
f 223 1266 460
f 1084 165 458
f 1073 1023 388
f 1094 804 399
f 921 920 427
f 1055 1057 439
f 1088 1061 420
f 1031 1275 433
f 1239 1133 435
f 954 955 430
f 843 753 441
f 818 897 409
f 1008 876 405
f 913 794 415
f 1097 82 453
f 1087 1274 403
f 352 1043 451
f 1287 1272 396
f 204 987 449
f 924 923 393
f 137 1232 447
f 888 887 390
f 378 1191 385
f 834 380 386
f 419 1212 1297
f 1309 1084 1298
f 1266 1310 1296
f 1311 1097 1299
f 1043 1312 1300
f 987 1313 1301
f 1232 1314 1302
f 962 1315 1316
f 446 1129 1317
f 884 446 1317
f 762 761 1318
f 1270 1319 1320
f 1280 762 431
f 1228 1318 1321
f 1322 771 1323
f 1318 761 1321
f 445 1129 446
f 1324 1111 434
f 1315 727 1316
f 425 1078 1325
f 771 758 1323
f 1326 914 440
f 993 1327 1328
f 428 973 1329
f 979 428 1329
f 1330 989 1331
f 807 1325 1332
f 957 1330 1331
f 1327 1271 1328
f 1333 945 1334
f 1319 773 1320
f 925 771 1322
f 410 1029 1335
f 859 1336 1324
f 960 1284 422
f 809 425 1325
f 1336 1255 1324
f 1016 1337 1338
f 424 1078 425
f 1309 1187 1339
f 948 1326 440
f 860 1324 434
f 878 1323 1340
f 1111 432 434
f 807 809 1325
f 1047 1309 1339
f 1325 873 1332
f 985 1341 1342
f 859 1028 1336
f 994 993 1328
f 1268 413 1343
f 1337 817 1338
f 1344 1085 1345
f 1226 1271 1327
f 1248 1344 1345
f 1346 1090 1329
f 1012 1011 1347
f 877 1322 1323
f 1011 914 1326
f 1268 411 413
f 418 1212 419
f 840 1333 1334
f 833 816 1348
f 1323 758 1340
f 885 884 1317
f 1146 1147 407
f 1028 1135 443
f 1255 1111 1324
f 985 925 1341
f 400 1290 401
f 1160 1228 1321
f 860 859 1324
f 1164 1268 1343
f 889 410 1335
f 1349 984 1342
f 1279 1090 1346
f 1347 1011 1326
f 1083 1164 1350
f 914 438 440
f 1021 973 428
f 1115 1117 1347
f 1228 1283 1318
f 945 1227 1334
f 436 1012 437
f 1101 1338 1351
f 946 948 440
f 1341 815 1342
f 413 1089 1343
f 1030 1029 410
f 1012 1347 437
f 1017 807 1332
f 1029 825 1335
f 816 817 1337
f 1117 1246 437
f 972 1346 1329
f 884 1291 446
f 840 842 1333
f 872 833 1352
f 421 1160 422
f 1047 1084 1309
f 889 408 410
f 948 1115 1326
f 1167 1089 413
f 1115 1347 1326
f 1090 979 1329
f 1250 1267 419
f 993 728 1327
f 1332 872 1352
f 1285 1255 1336
f 900 1353 1354
f 998 1257 401
f 979 426 428
f 962 1226 1315
f 1018 945 1333
f 1347 1117 437
f 1074 998 416
f 814 1349 1342
f 1089 1203 1343
f 442 1285 443
f 957 1083 1330
f 1083 1350 1330
f 972 1146 1346
f 973 972 1329
f 1187 1134 1339
f 825 840 1334
f 1355 1123 1356
f 873 872 1332
f 989 990 1331
f 1017 1332 1352
f 815 814 1342
f 406 1279 407
f 1014 1355 1356
f 984 985 1342
f 761 960 1321
f 809 1277 425
f 1248 1171 1344
f 1227 889 1335
f 1079 878 1340
f 842 984 1349
f 1271 1079 1328
f 1078 873 1325
f 1054 1069 1348
f 1164 1343 1350
f 878 877 1323
f 1241 1187 1309
f 1085 1222 1345
f 877 1060 1322
f 1016 1054 1337
f 990 1022 1310
f 1060 815 1341
f 1331 990 1310
f 833 1348 1352
f 1013 1101 1351
f 814 1018 1349
f 1069 1017 1352
f 1290 414 416
f 758 994 1340
f 1169 860 434
f 1203 1068 1350
f 1068 989 1330
f 1338 1062 1351
f 1101 1016 1338
f 1018 1333 1349
f 1350 1068 1330
f 1129 908 1317
f 1171 1047 1339
f 1015 1148 1357
f 817 1062 1338
f 1343 1203 1350
f 1348 1069 1352
f 1333 842 1349
f 925 1322 1341
f 1334 1227 1335
f 958 957 1331
f 1014 1015 1355
f 943 1270 1320
f 1134 1085 1344
f 1358 1096 1359
f 1285 1336 443
f 1348 816 1337
f 1225 1358 1359
f 1266 958 1310
f 825 1334 1335
f 1353 784 1354
f 1148 1248 1345
f 994 1328 1340
f 1336 1028 443
f 422 1160 1321
f 1015 1357 1355
f 960 422 1321
f 407 1279 1346
f 908 773 1319
f 958 1331 1310
f 1146 407 1346
f 1123 1095 1356
f 1054 1348 1337
f 1278 1013 1360
f 1222 1188 1357
f 1283 429 431
f 762 1318 431
f 1328 1079 1340
f 1361 1102 1362
f 1013 1351 1360
f 1322 1060 1341
f 1062 1288 1351
f 1171 1339 1344
f 1270 885 1319
f 1339 1134 1344
f 961 962 1316
f 1118 1361 1362
f 1357 1188 1355
f 1225 1019 1358
f 1188 1123 1355
f 1288 961 1360
f 1345 1222 1357
f 1148 1345 1357
f 1096 1124 1359
f 1351 1288 1360
f 1363 1020 1364
f 1019 1014 1356
f 1318 1283 431
f 728 727 1315
f 1118 1233 1361
f 1095 1096 1358
f 900 943 1353
f 1365 1185 1366
f 1041 1365 1366
f 401 1290 416
f 1102 1136 1362
f 1360 961 1316
f 773 778 1320
f 998 401 416
f 1233 1225 1359
f 727 1278 1316
f 1362 1136 1367
f 1278 1360 1316
f 1124 1102 1361
f 1317 908 1319
f 1356 1095 1358
f 901 900 1354
f 1136 1137 1367
f 1048 1363 1364
f 885 1317 1319
f 1019 1356 1358
f 1100 1368 1369
f 778 784 1353
f 1041 1104 1365
f 1368 1254 1369
f 784 783 1354
f 1107 1118 1362
f 783 839 1370
f 1359 1124 1361
f 1233 1359 1361
f 1185 1105 1366
f 1107 1362 1367
f 1104 1107 1367
f 1100 1040 1368
f 839 1020 1363
f 1263 1371 1372
f 1137 1185 1365
f 1371 1039 1372
f 1327 728 1315
f 1040 1041 1366
f 1254 1038 1369
f 1226 1327 1315
f 1263 1099 1371
f 1367 1137 1365
f 1104 1367 1365
f 1370 839 1363
f 1105 1254 1368
f 943 1320 1353
f 1372 1080 1373
f 1269 901 1370
f 1039 1080 1372
f 1099 1100 1369
f 1080 1081 1373
f 1038 1039 1371
f 1373 1081 1374
f 1040 1366 1368
f 1320 778 1353
f 1366 1105 1368
f 1081 1189 1374
f 966 1048 1364
f 1092 1372 1373
f 1092 1263 1372
f 1035 1034 1375
f 1035 1375 1376
f 1377 870 1378
f 1093 1092 1373
f 1099 1369 1371
f 1369 1038 1371
f 1379 1059 1380
f 1120 1379 1380
f 1093 1373 1374
f 1050 1035 1376
f 1354 783 1370
f 1034 1093 1374
f 901 1354 1370
f 1051 1050 1381
f 1050 1376 1381
f 1051 1381 1379
f 975 1377 1378
f 1375 1066 1376
f 1269 1370 1363
f 1020 1289 1364
f 1189 1066 1375
f 1120 1051 1379
f 1048 1269 1363
f 1066 1067 1376
f 966 1364 1382
f 967 966 1382
f 1059 1161 1380
f 1205 1256 1383
f 1364 1289 1382
f 1067 1058 1381
f 1381 1058 1379
f 1376 1067 1381
f 1224 1384 1385
f 1224 1190 1384
f 1289 1205 1382
f 1034 1374 1375
f 1037 1386 1387
f 1374 1189 1375
f 1058 1059 1379
f 1386 1204 1387
f 1242 1224 1385
f 1190 1120 1380
f 1168 1242 1388
f 1242 1385 1388
f 1168 1388 1386
f 1161 1162 1384
f 1384 1162 1385
f 1037 1168 1386
f 1387 1197 1389
f 1162 1130 1385
f 1138 1390 1391
f 1390 1183 1391
f 1204 1197 1387
f 1385 1130 1388
f 1130 1128 1388
f 1388 1128 1386
f 1197 1198 1389
f 1128 1204 1386
f 1380 1161 1384
f 1190 1380 1384
f 1256 870 1377
f 1223 1149 1392
f 1036 1037 1387
f 1036 1387 1389
f 1223 1392 1390
f 1138 1223 1390
f 1149 1036 1389
f 1393 1170 404
f 1122 1393 404
f 1183 1243 1391
f 1383 1256 1377
f 1391 1243 1394
f 1198 1182 1392
f 1243 1153 1394
f 1394 1153 1395
f 1392 1182 1390
f 1182 1183 1390
f 879 967 1383
f 1153 1145 1395
f 1122 1157 1393
f 1108 1138 1391
f 1108 1391 1394
f 1109 1108 1394
f 1149 1389 1392
f 1170 402 404
f 1109 1394 1395
f 1389 1198 1392
f 976 975 1378
f 1382 1205 1383
f 1157 1109 1395
f 1145 1170 1393
f 1121 1122 404
f 975 879 1377
f 1158 1396 1397
f 967 1382 1383
f 1396 1249 1397
f 1045 1165 1311
f 1157 1395 1393
f 879 1383 1377
f 1395 1145 1393
f 871 1229 398
f 1201 1398 1399
f 1398 1070 1399
f 1154 1098 1400
f 1154 1400 1396
f 870 871 1378
f 1158 1154 1396
f 1098 1097 1311
f 1249 1240 1397
f 1401 1143 1402
f 1165 1166 1400
f 1156 1401 1402
f 1201 1193 1398
f 1400 1166 1396
f 1166 1249 1396
f 1070 1071 1399
f 1399 1071 1403
f 1193 1158 1397
f 1071 1177 1403
f 1311 1165 1400
f 1098 1311 1400
f 1156 1192 1401
f 1240 1070 1398
f 1200 1201 1399
f 1143 1238 1402
f 1200 1399 1403
f 1402 1238 1404
f 1192 1200 1403
f 1202 1405 1406
f 1238 1178 1404
f 1405 1234 1406
f 1404 1178 1407
f 1177 1143 1401
f 1193 1397 1398
f 1397 1240 1398
f 1178 1258 1407
f 1407 1258 1408
f 1114 1156 1402
f 1258 1235 1408
f 1114 1402 1404
f 397 976 398
f 1409 1139 1410
f 1113 1114 1404
f 1125 1409 1410
f 1202 1186 1405
f 1113 1404 1407
f 1192 1403 1401
f 1184 1113 1407
f 1403 1177 1401
f 1234 1199 1406
f 1184 1407 1408
f 1406 1199 1411
f 1186 1184 1408
f 1199 1179 1411
f 1125 1196 1409
f 1235 1234 1405
f 1195 1202 1406
f 1139 1194 1410
f 1195 1406 1411
f 1196 1195 1411
f 1106 1091 1412
f 1378 871 398
f 1106 1412 1413
f 1408 1235 1405
f 1179 1139 1409
f 1191 1106 1413
f 1186 1408 1405
f 976 1378 398
f 1091 1125 1410
f 1194 1180 1412
f 1412 1180 1413
f 1411 1179 1409
f 1196 1411 1409
f 1180 1253 1413
f 1410 1194 1412
f 1091 1410 1412
f 981 1053 1312
f 1414 1273 1415
f 977 1414 1415
f 1286 1230 1416
f 1043 1286 1312
f 1416 1230 1414
f 1230 1273 1414
f 1003 981 1416
f 1003 1416 1414
f 940 977 1415
f 940 1415 1417
f 977 1003 1414
f 941 1417 1418
f 941 940 1417
f 1312 1286 1416
f 1273 795 1415
f 1415 795 1417
f 996 941 1418
f 981 1312 1416
f 795 796 1417
f 1417 796 1418
f 916 996 1419
f 996 1418 1419
f 916 1419 1420
f 970 1421 1422
f 1421 918 1422
f 796 1007 1418
f 1119 916 1420
f 1007 949 1419
f 1418 1007 1419
f 1419 949 1420
f 1004 918 1421
f 949 1004 1420
f 952 970 1422
f 970 1119 1421
f 999 786 1423
f 1420 1004 1421
f 918 999 1422
f 786 785 1424
f 1119 1420 1421
f 1424 785 1425
f 953 952 1423
f 1423 786 1424
f 785 929 1425
f 1425 929 1426
f 890 1424 1425
f 952 1422 1423
f 1422 999 1423
f 890 953 1424
f 953 1423 1424
f 891 890 1425
f 929 837 1426
f 1426 837 1427
f 891 1425 1426
f 964 891 1426
f 837 838 1427
f 964 1426 1427
f 1427 838 395
f 838 1231 395
f 944 964 1427
f 944 1427 395
f 394 944 395
f 1000 1313 1428
f 1000 971 1313
f 1313 792 1428
f 1001 1000 1428
f 917 1429 392
f 987 792 1313
f 917 1001 1429
f 792 791 1428
f 1001 1428 1429
f 391 917 392
f 1429 848 392
f 791 848 1429
f 1428 791 1429
f 848 850 392
f 1075 927 1314
f 1232 834 1314
f 1250 419 1297
f 1241 1309 1298
f 1310 1022 1296
f 1045 1311 1299
f 1312 1053 1300
f 1313 971 1301
f 1314 927 1302
f 113 133 461
f 1245 462 464
f 456 1247 457
f 100 99 459
f 1056 1250 1297
f 1046 1241 1298
f 1264 1131 389
f 1022 754 1296
f 211 364 454
f 1044 1045 1299
f 90 212 452
f 1053 926 1300
f 87 86 450
f 971 922 1301
f 50 49 448
f 927 886 1302
f 1142 377 379
f 381 1261 382
f 372 1075 383
f 1253 374 384
f 376 1142 384
f 1261 373 383
f 463 387 389
f 1212 455 1297
f 1084 458 1298
f 439 1057 457
f 433 1275 459
f 1239 435 464
f 843 441 461
f 460 1266 1296
f 1097 453 1299
f 403 1274 454
f 451 1043 1300
f 1287 396 452
f 449 987 1301
f 924 393 450
f 447 1232 1302
f 888 390 448
f 1075 382 383
f 379 1253 384
f 373 1295 1308
f 1294 376 1306
f 1293 381 1304
f 377 1292 1303
f 479 371 1308
f 375 560 1306
f 380 296 1304
f 276 378 1303
f 381 380 1304
f 378 377 1303
f 376 375 1306
f 371 373 1308
f 1253 379 385
f 382 1075 386
f 1413 1253 385
f 1075 1314 386
f 1142 379 384
f 382 1261 383
f 1191 1413 385
f 1314 834 386
f 1430 1431 1432
f 1433 1434 1435
f 1436 1437 1438
f 1431 1430 1439
f 1434 1433 1437
f 1436 1440 1437
f 1441 1442 1443
f 1444 1445 1446
f 1443 1442 1447
f 1437 1433 1438
f 1443 1448 1444
f 1440 1449 1450
f 325 1451 1438
f 1452 1453 1454
f 1455 1430 1432
f 1434 1456 1435
f 1446 1457 1439
f 1445 1444 1458
f 1442 1441 1459
f 1437 1440 1450
f 1454 1453 1460
f 1451 1436 1438
f 1444 1448 1458
f 1457 1431 1439
f 1457 1446 1461
f 1448 1443 1447
f 1462 1444 1446
f 1260 1463 1452
f 1464 1465 1455
f 1463 1434 1453
f 1466 1467 1468
f 1469 1440 1436
f 1468 1470 1471
f 1472 1471 1469
f 1469 1471 1440
f 1468 1467 1470
f 1468 1471 1472
f 1468 1472 1473
f 324 60 1474
f 1448 1475 1473
f 1430 1465 1441
f 1467 1476 1470
f 1471 1470 1449
f 1472 1469 1445
f 1476 1477 1470
f 1470 1477 1449
f 76 1431 1457
f 1476 1478 1477
f 1479 1475 1448
f 1480 1481 1442
f 37 326 1433
f 76 123 1431
f 60 76 1457
f 1474 60 1457
f 1462 1443 1444
f 1260 1259 1463
f 1475 1466 1473
f 1455 1465 1430
f 1259 1293 1456
f 1482 1464 1455
f 1463 1259 1456
f 1295 1260 1452
f 1464 1483 1465
f 1463 1456 1434
f 1463 1453 1452
f 1466 1468 1473
f 1440 1471 1449
f 1430 1441 1462
f 1462 1441 1443
f 123 331 1432
f 1441 1465 1459
f 38 37 1435
f 1478 1484 1454
f 1483 1485 1459
f 325 324 1451
f 326 325 1438
f 1469 1436 1486
f 1477 1478 1454
f 37 1433 1435
f 1465 1483 1459
f 1431 123 1432
f 1446 1445 1461
f 1479 1448 1447
f 1442 1481 1447
f 1430 1462 1439
f 1448 1473 1458
f 1472 1445 1458
f 1474 1457 1461
f 1307 1295 1487
f 1485 1488 1489
f 1484 1307 1487
f 1488 1480 1489
f 331 367 1490
f 368 38 1491
f 1293 368 1491
f 367 1482 1490
f 1436 1451 1486
f 324 1474 1451
f 1433 326 1438
f 1445 1469 1486
f 1477 1454 1460
f 1450 1449 1460
f 1451 1474 1486
f 1481 1479 1447
f 1462 1446 1439
f 1473 1472 1458
f 1432 331 1490
f 1459 1485 1489
f 38 1435 1491
f 1454 1484 1487
f 1482 1455 1490
f 1295 1452 1487
f 1480 1442 1489
f 1456 1293 1491
f 1453 1434 1450
f 1434 1437 1450
f 1449 1477 1460
f 1435 1456 1491
f 1455 1432 1490
f 1442 1459 1489
f 1452 1454 1487
f 1445 1486 1461
f 1486 1474 1461
f 1453 1450 1460
f 1492 1493 1494
f 1493 1492 1495
f 1492 1494 1496
f 1496 1494 1497
f 1498 1499 1500
f 1493 1495 1501
f 1502 1503 1504
f 1494 1505 1497
f 1498 1500 1506
f 1504 1503 1507
f 1508 1496 1497
f 1505 1494 1509
f 1510 1511 1512
f 1513 1514 1515
f 1516 1517 1518
f 1519 1520 1521
f 1522 1523 1524
f 1525 1526 1527
f 1528 1529 1530
f 1531 1532 1533
f 1534 1535 1536
f 1537 1538 1539
f 1540 1541 1542
f 1543 1544 1545
f 1546 1547 1548
f 1549 1550 1551
f 1552 1553 1554
f 1555 1556 1557
f 1558 1559 1560
f 1561 1562 1563
f 1564 1565 1566
f 1567 1568 1569
f 1570 1571 1572
f 1573 1574 1575
f 1576 1577 1578
f 1579 1580 1581
f 1582 1583 1584
f 1585 1586 1587
f 1588 1589 1590
f 1591 1592 1593
f 1594 1595 1596
f 1597 1598 1599
f 1600 12 1601
f 1602 48 1603
f 1604 1605 1606
f 1607 128 1608
f 1609 80 1610
f 32 1611 1612
f 1613 159 1614
f 1615 319 1616
f 1617 206 1618
f 1619 1620 1621
f 1622 332 1623
f 11 1624 1625
f 1626 1627 1628
f 1629 1630 1631
f 1632 1633 1634
f 1494 1493 1509
f 1499 1498 1635
f 1498 1636 1635
f 1636 1637 1635
f 1638 1637 1636
f 1639 1640 1641
f 1642 1643 1644
f 1643 1642 1645
f 1642 1646 1645
f 1646 1647 1645
f 1648 1647 1646
f 1647 1648 1649
f 1648 1650 1649
f 1650 1651 1649
f 1652 1651 1650
f 1653 1654 1655
f 1656 1657 1658
f 1659 1660 1661
f 1662 1663 1664
f 1665 1666 1667
f 1668 1669 1670
f 1671 1672 1673
f 1674 1675 1676
f 1677 1678 1679
f 1680 1681 1682
f 1683 1684 1685
f 1686 1687 1688
f 1689 1690 1691
f 1692 1693 1694
f 1695 1696 1697
f 1693 1698 1694
f 1696 1695 1699
f 1695 1700 1699
f 1698 1701 1694
f 1700 1702 1699
f 1703 1701 1698
f 1704 1702 1700
f 1705 1706 1707
f 1708 1709 1710
f 1711 1712 1713
f 1714 1715 1716
f 1709 1717 1710
f 1718 1719 1720
f 1721 1722 1723
f 1724 1725 1726
f 1726 1725 1727
f 1709 1728 1717
f 1712 1711 1727
f 1711 1726 1727
f 1729 1730 1731
f 1732 1733 1734
f 1735 1736 1737
f 1637 1638 1641
f 1738 1721 1723
f 1739 1740 1741
f 1742 1743 1744
f 1643 1639 1641
f 1640 1637 1641
f 1644 1643 1641
f 1745 1721 1738
f 1746 1747 1748
f 1651 1652 1655
f 1749 1750 1751
f 1752 1753 1754
f 1657 1653 1655
f 1657 1656 1661
f 1654 1651 1655
f 1658 1657 1655
f 1755 1756 1757
f 1758 1759 1760
f 1663 1659 1661
f 1660 1657 1661
f 1664 1663 1661
f 1663 1662 1667
f 1761 1762 1763
f 1764 1765 1766
f 1669 1665 1667
f 1666 1663 1667
f 1670 1669 1667
f 1767 1768 1769
f 1669 1668 1673
f 1675 1671 1673
f 1770 1767 1769
f 1672 1669 1673
f 1676 1675 1673
f 1675 1674 1679
f 1771 1767 1770
f 1772 1773 1774
f 1681 1677 1679
f 1678 1675 1679
f 1681 1680 1685
f 1682 1681 1679
f 1775 1776 1777
f 1778 1779 1780
f 1687 1683 1685
f 1684 1681 1685
f 1688 1687 1685
f 1687 1686 1691
f 1776 1693 1777
f 1781 1782 1783
f 1784 1785 1786
f 1696 1689 1691
f 1697 1696 1691
f 1690 1687 1691
f 1693 1692 1777
f 1787 1788 1789
f 1701 1703 1707
f 1702 1704 1716
f 1706 1701 1707
f 1790 1791 1792
f 1728 1725 1717
f 1725 1724 1717
f 1712 1705 1707
f 1753 1745 1738
f 1720 1719 1716
f 1715 1702 1716
f 1730 1708 1710
f 1793 1794 1795
f 1719 1714 1716
f 1719 1718 1734
f 1713 1712 1707
f 1794 1793 1796
f 1736 1735 1741
f 1754 1753 1738
f 1733 1719 1734
f 1737 1736 1734
f 1736 1732 1734
f 1793 1797 1796
f 1798 1799 1800
f 1722 1730 1723
f 1797 1801 1796
f 1731 1730 1710
f 1802 1801 1797
f 1740 1736 1741
f 1743 1739 1741
f 1743 1742 1748
f 1744 1743 1741
f 1803 1804 1805
f 1801 1802 1806
f 1802 1807 1806
f 1750 1749 1760
f 1751 1750 1748
f 1750 1746 1748
f 1747 1743 1748
f 1807 1808 1806
f 1753 1752 1757
f 1730 1729 1723
f 1756 1753 1757
f 1809 1810 1811
f 1812 1808 1807
f 1763 1762 1760
f 1759 1750 1760
f 1808 1812 1813
f 1762 1758 1760
f 1765 1755 1757
f 1779 1771 1770
f 1765 1764 1774
f 1762 1761 1769
f 1812 1814 1813
f 1766 1765 1757
f 1780 1779 1770
f 1768 1762 1769
f 1782 1772 1774
f 1814 1815 1813
f 1779 1778 1786
f 1816 1809 1811
f 1817 1815 1814
f 1773 1765 1774
f 1783 1782 1774
f 1782 1781 1800
f 1818 1809 1816
f 1788 1784 1786
f 1789 1788 1786
f 1788 1787 1792
f 1819 1820 1821
f 1785 1779 1786
f 1822 1819 1821
f 1794 1790 1792
f 1795 1794 1792
f 1791 1788 1792
f 1823 1819 1822
f 1799 1782 1800
f 1824 1825 1826
f 1827 1828 1829
f 1805 1804 1800
f 1804 1798 1800
f 1825 1818 1816
f 1830 1831 1832
f 1833 1834 1835
f 1836 1837 1838
f 1839 1840 1841
f 1826 1825 1816
f 1810 1804 1811
f 1837 1836 1842
f 1804 1803 1811
f 1836 1843 1842
f 1828 1823 1822
f 1844 1845 1846
f 1815 1817 1821
f 1843 1847 1842
f 1820 1815 1821
f 1825 1824 1846
f 1829 1828 1822
f 31 317 1848
f 1849 1847 1843
f 1840 1831 1830
f 1850 1851 1852
f 1828 1827 1835
f 1853 1854 1855
f 1839 1848 1840
f 1856 1857 1531
f 1858 1859 1860
f 1861 31 1848
f 1862 1863 1864
f 1838 1837 1835
f 1837 1833 1835
f 1834 1828 1835
f 1865 1866 1867
f 1868 1869 1870
f 1871 1872 1852
f 1871 1865 1867
f 1859 1858 1873
f 1854 1844 1846
f 1874 1875 1876
f 1855 1854 1846
f 1845 1825 1846
f 317 1877 1848
f 1847 1849 1864
f 1854 1853 1878
f 1875 1879 1876
f 1880 1859 1873
f 1857 1839 1531
f 1851 1858 1852
f 1881 1882 1883
f 1858 1860 1852
f 1872 1850 1852
f 1872 1871 1867
f 1879 1884 1876
f 1885 1886 1887
f 1888 1889 1890
f 1891 1884 1879
f 1892 1893 1894
f 1895 1896 1897
f 1853 1898 1878
f 1889 1875 1890
f 1841 1840 1830
f 1863 1847 1864
f 1886 1885 1899
f 1869 1862 1864
f 1900 1901 1902
f 1540 1903 1904
f 1869 1868 1883
f 1870 1869 1864
f 1776 1775 1905
f 1906 1880 1873
f 1893 1907 1894
f 1885 1908 1899
f 1875 1874 1890
f 1909 1777 1910
f 1839 1841 1531
f 1908 1911 1899
f 1912 1913 1914
f 1903 1915 1904
f 1916 1892 1894
f 1917 1918 1919
f 1920 1921 1895
f 1781 1805 1800
f 1922 1912 1914
f 349 1923 1924
f 1882 1869 1883
f 1906 1925 1880
f 265 31 1861
f 1926 1927 1928
f 321 1929 1930
f 1931 1911 1908
f 1886 1881 1883
f 320 321 1930
f 1887 1886 1883
f 1932 1933 1934
f 1920 1895 1935
f 1936 1935 1937
f 1911 1931 1938
f 78 270 1939
f 1940 1918 1917
f 1927 1900 1902
f 1941 1942 1943
f 1944 78 1939
f 1824 1855 1846
f 1945 1946 1595
f 1916 1947 1892
f 1948 1941 1943
f 33 349 1924
f 1949 1950 1951
f 1952 1950 1949
f 1884 1891 1902
f 1953 1948 1943
f 1928 1927 1902
f 1921 1954 1895
f 25 260 1955
f 1956 1957 1958
f 1778 1789 1786
f 1959 25 1955
f 1960 21 1961
f 1749 1763 1760
f 1735 1744 1741
f 238 315 1962
f 1963 1964 1965
f 1742 1751 1748
f 1966 1948 1953
f 1967 1968 1952
f 1519 1969 1970
f 1957 1971 1958
f 1718 1737 1734
f 1972 1973 1974
f 1704 1720 1716
f 1975 1976 1977
f 1827 1838 1835
f 1777 1692 1910
f 1978 1979 1493
f 1680 1688 1685
f 1901 1884 1902
f 1980 1981 1727
f 254 253 1982
f 1927 1926 1983
f 21 312 1961
f 236 1984 1985
f 1986 1987 1988
f 1989 1517 1990
f 253 1960 1982
f 1991 1992 1993
f 1889 1888 1994
f 1725 1980 1727
f 1652 1658 1655
f 1674 1682 1679
f 1841 1830 1995
f 1686 1697 1691
f 1656 1664 1661
f 1996 1764 1997
f 1662 1670 1667
f 36 236 1985
f 1948 1966 1998
f 1999 56 2000
f 2001 2002 2003
f 1638 1644 1641
f 1965 1964 1974
f 35 351 2004
f 1973 1965 1974
f 2005 2006 2007
f 2007 2006 1945
f 2008 1963 1965
f 2009 2010 2011
f 56 58 2000
f 2012 2013 2014
f 1976 1975 2015
f 2007 1909 1910
f 340 2016 2017
f 1668 1676 1673
f 1935 1895 1897
f 2018 1911 1938
f 2019 1922 1914
f 1947 2020 1892
f 1925 1906 2014
f 1931 1977 1938
f 2021 1731 2022
f 351 2023 2004
f 2024 2025 2026
f 1985 1984 2027
f 2028 2029 1936
f 2030 1711 1713
f 2031 2018 1938
f 1987 1540 1988
f 1909 1775 1777
f 1849 1870 1864
f 20 2032 2033
f 1839 1861 1848
f 1952 1968 1950
f 2034 2035 2036
f 1860 1871 1852
f 264 29 1919
f 1977 1976 1938
f 2007 1945 1909
f 24 2037 2038
f 1974 1992 1991
f 2039 2040 1998
f 2041 2034 1921
f 341 340 2017
f 172 1549 2042
f 261 172 2042
f 1787 1795 1792
f 1964 2039 1998
f 2003 2043 2044
f 2045 2046 2047
f 1592 318 2048
f 313 24 2038
f 309 20 2033
f 1913 1912 2049
f 251 2050 2051
f 1945 2052 1946
f 2053 36 1985
f 2054 2055 1947
f 2056 1898 2057
f 2035 2058 2036
f 2059 2060 1983
f 214 18 2061
f 2062 2041 1921
f 2063 1752 1754
f 18 2064 2061
f 1505 1984 2065
f 1576 2003 2044
f 2066 1968 1967
f 2022 2067 2068
f 2069 2001 2003
f 1549 238 1962
f 1868 1887 1883
f 318 268 2048
f 2057 1898 1853
f 1972 1974 1991
f 1947 2055 2020
f 1926 2070 1983
f 61 220 2071
f 2072 2073 2074
f 2075 2076 2077
f 2078 2026 1907
f 2079 2072 2074
f 315 1913 1962
f 1933 1940 2080
f 2080 1940 2081
f 189 188 2082
f 2083 2084 2085
f 1918 264 1919
f 2086 2087 2088
f 2089 2090 2091
f 102 1918 1932
f 2092 2087 2086
f 1932 1918 1940
f 2093 1754 1738
f 1971 1537 1958
f 2094 1925 2014
f 2095 265 1861
f 259 26 2096
f 2097 2098 2099
f 2100 1752 2063
f 2101 2102 2103
f 2104 1698 1693
f 29 1583 1919
f 190 62 2105
f 2106 2059 1983
f 103 1932 1934
f 2107 1967 1952
f 13 2108 2109
f 2110 171 2002
f 1978 1958 1979
f 1915 2111 1904
f 1954 2112 1896
f 2046 1916 2047
f 2113 256 2114
f 2060 1927 1983
f 2115 1976 2015
f 1966 1992 1998
f 1997 1766 2100
f 1921 2034 1954
f 2116 1807 2117
f 2118 1874 1876
f 252 251 2051
f 1912 2119 2120
f 167 1969 2121
f 2122 2107 2094
f 2123 1703 2124
f 1954 1896 1895
f 2072 2008 1965
f 2001 2110 2002
f 2125 1564 2126
f 2127 2054 1947
f 350 36 2053
f 1992 1964 1998
f 2085 2084 2015
f 2084 2115 2015
f 1585 2128 2129
f 2130 2118 1876
f 2131 1781 1783
f 2132 2089 2091
f 2133 1953 2134
f 2135 1986 1988
f 1950 1968 2136
f 2137 46 2138
f 1848 1877 1840
f 2139 73 2140
f 2102 2141 2103
f 2142 1891 2143
f 2144 3 2145
f 2121 1969 1519
f 2146 2066 1967
f 2020 2147 2148
f 2021 1729 1731
f 2020 2148 1892
f 1858 2149 1873
f 2150 6 2151
f 2152 2083 2085
f 1583 189 2082
f 1974 1964 1992
f 2153 1803 1805
f 2154 1668 2155
f 2156 2125 2126
f 2157 1793 2158
f 2086 2159 2160
f 2161 1658 1525
f 2162 320 1930
f 2163 1638 2164
f 256 255 2114
f 1981 1712 1727
f 2165 5 2166
f 2025 2024 1943
f 1954 2034 2167
f 2168 2169 1570
f 2090 2170 2171
f 2172 33 1924
f 1859 2173 1860
f 2080 2081 2174
f 342 13 2109
f 1912 2120 2049
f 2175 147 2176
f 1925 2177 1880
f 1898 2077 1878
f 2040 1948 1998
f 2178 2107 1952
f 2134 1953 2024
f 2179 259 2096
f 185 118 2180
f 2181 1742 2182
f 2122 2146 1967
f 118 2175 2180
f 1971 2183 1537
f 2184 1856 2185
f 1890 1874 2160
f 1916 2127 1947
f 1975 2169 2015
f 2049 2120 2186
f 1923 178 2187
f 2143 1879 2188
f 2189 2106 2070
f 1857 1861 1839
f 1993 1992 1966
f 1978 1956 1958
f 2190 1906 1873
f 1971 2075 2077
f 2024 1953 1943
f 2191 1754 2093
f 1892 2148 1893
f 2192 1872 2193
f 2016 10 2194
f 2073 2195 2196
f 220 2172 2071
f 1570 2169 2197
f 2051 2050 2198
f 10 115 2194
f 2199 1794 1796
f 2020 2200 2147
f 270 2201 1939
f 2124 1698 2104
f 2129 1803 2153
f 147 151 2176
f 16 2009 2011
f 2090 2001 2170
f 2202 1854 1878
f 1976 2031 1938
f 1901 2130 1884
f 2203 1689 1696
f 353 54 2204
f 134 126 2205
f 2206 1975 1977
f 2207 1737 2208
f 138 135 2209
f 2064 2210 2061
f 300 2211 2151
f 1909 1945 1595
f 2212 1814 1812
f 2213 1692 1694
f 260 2179 1955
f 2169 2085 2015
f 2214 1837 1842
f 2094 2215 1925
f 2216 2217 2218
f 2089 2110 2090
f 2219 2199 1796
f 257 1959 2220
f 111 1559 2221
f 2222 2223 2224
f 312 2225 1961
f 2226 2092 2086
f 2227 2228 2229
f 2230 1986 2135
f 2158 1793 1795
f 307 17 2132
f 156 214 2043
f 62 61 2231
f 2058 1544 2036
f 2232 2233 2234
f 344 16 2011
f 2235 2236 1556
f 2117 1802 2237
f 2238 1853 1855
f 1585 1826 2128
f 2239 2240 2241
f 2242 1647 1649
f 2243 1926 1928
f 2244 1711 2030
f 2094 2107 2245
f 2064 252 2051
f 1510 2246 2247
f 2248 1648 1597
f 1968 2249 2136
f 1911 2250 1899
f 2251 1829 1822
f 2252 309 2033
f 2253 313 2038
f 2254 1720 1528
f 1993 1966 2133
f 2245 2107 2178
f 1528 1704 2232
f 2108 306 2255
f 2256 2242 1649
f 135 2257 2209
f 1920 2062 1921
f 2258 1885 1887
f 2019 2259 1922
f 2189 2070 2260
f 2261 2156 2126
f 2262 2263 2264
f 1651 2256 1649
f 2248 1650 1648
f 134 2205 2265
f 6 300 2151
f 2247 2106 2189
f 1534 1789 1778
f 2197 1975 2206
f 2266 1843 2267
f 2090 2110 2001
f 2268 1829 2251
f 2254 1718 1720
f 1546 1838 1827
f 1880 2177 2269
f 2237 1802 1797
f 2086 2088 2159
f 2233 1700 1695
f 2270 232 2271
f 2272 2214 1842
f 1922 2119 1912
f 1954 2167 2112
f 1880 2269 1859
f 2273 1787 2274
f 2149 2190 1873
f 1906 2012 2014
f 2275 2248 2276
f 1492 2277 1495
f 1647 2278 1645
f 2152 2168 2279
f 2280 1781 2131
f 2070 2106 1983
f 2279 2168 2281
f 2064 2282 2210
f 2283 2284 2285
f 2167 2034 2036
f 2286 91 2265
f 2287 1870 1849
f 1597 1646 2262
f 2288 1836 1838
f 2289 2203 1699
f 2122 1967 2107
f 306 305 2255
f 2068 1724 2290
f 2291 8 2292
f 1768 1758 1762
f 2159 1890 2160
f 2293 2294 2295
f 2288 1838 1546
f 2296 1908 1885
f 2275 1650 2248
f 115 2297 2194
f 268 2298 2048
f 1884 2130 1876
f 2275 1652 1650
f 2028 1936 1937
f 2159 1580 1888
f 5 209 2166
f 2299 2098 2097
f 2300 2259 2301
f 58 2302 2000
f 2303 2277 1492
f 2277 2304 1495
f 2181 1751 1742
f 151 2305 2176
f 2278 2306 1645
f 2188 1879 1875
f 3 230 2145
f 1808 2307 1806
f 91 134 2265
f 2308 2246 1510
f 2013 2122 2014
f 1915 2309 2111
f 1987 1903 1540
f 135 166 2257
f 2262 1646 1642
f 1559 124 2310
f 1706 2311 1701
f 1773 1755 1765
f 195 194 2312
f 304 2313 2292
f 305 2314 2255
f 2281 2168 1570
f 2202 1844 1854
f 151 184 2305
f 62 2231 2105
f 2189 2260 2315
f 183 158 2316
f 9 341 2317
f 340 10 2016
f 328 138 2318
f 73 63 2140
f 2319 302 2320
f 2118 2321 1874
f 1874 2321 2160
f 1756 1745 1753
f 209 2286 2166
f 2243 1928 2142
f 230 2322 2145
f 2318 138 2209
f 2317 341 2017
f 171 156 2002
f 2152 2085 2168
f 2323 2324 1761
f 2280 1805 1781
f 2266 1849 1843
f 2208 1737 1718
f 1604 1697 2222
f 63 2137 2140
f 2325 228 2326
f 2327 1931 1908
f 2328 1868 1870
f 2329 1763 1749
f 2330 1682 1674
f 2327 1908 2296
f 2239 1778 1780
f 2268 2251 2331
f 2032 254 1982
f 2332 2005 2007
f 2333 1674 1676
f 1637 2334 1635
f 2335 141 2336
f 2337 1826 1585
f 2338 2070 1926
f 46 45 2138
f 1820 2339 1815
f 2009 2294 2010
f 2274 1789 1534
f 2340 85 2341
f 45 2325 2138
f 2342 1688 1680
f 2343 1680 1682
f 2344 1670 1662
f 2345 1636 1498
f 74 2139 2341
f 231 5 2165
f 301 8 2291
f 253 21 1960
f 24 258 2037
f 167 101 1969
f 177 56 1999
f 321 35 1929
f 323 322 1508
f 2346 2347 1499
f 1640 2334 1637
f 2306 1639 1643
f 1654 2256 1651
f 1660 1653 1657
f 1666 1659 1663
f 1672 1665 1669
f 1678 1671 1675
f 1684 1677 1681
f 1690 1683 1687
f 1715 2289 1702
f 1733 1714 1719
f 1740 1732 1736
f 1747 1739 1743
f 1759 1746 1750
f 1785 1771 1779
f 1791 1784 1788
f 2199 1790 1794
f 2348 2219 1801
f 2349 2307 1808
f 2214 1833 1837
f 1863 2272 1847
f 1882 1862 1869
f 2018 2250 1911
f 2092 2350 2087
f 2060 1900 1927
f 2351 2059 2106
f 2352 2353 2354
f 2355 2236 2235
f 2066 2249 1968
f 2013 2146 2122
f 2190 2012 1906
f 1851 2149 1858
f 2192 1850 1872
f 2054 2356 2055
f 2046 2127 1916
f 1942 2045 2025
f 2040 1941 1948
f 1963 2039 1964
f 2079 2008 2072
f 2125 2357 1564
f 2358 2156 2261
f 2058 2359 1544
f 2041 2035 2034
f 2360 2062 1920
f 2361 2029 2028
f 1989 2362 1517
f 2363 2364 1523
f 2005 2365 2006
f 1981 1705 1712
f 1728 1980 1725
f 1799 1772 1782
f 1845 1818 1825
f 2366 1956 1978
f 2367 1887 1868
f 298 150 2368
f 84 221 2369
f 142 141 2335
f 131 85 2340
f 74 73 2139
f 63 46 2137
f 45 228 2325
f 15 207 2370
f 208 3 2144
f 230 229 2322
f 4 232 2270
f 209 91 2286
f 210 6 2150
f 300 299 2211
f 7 302 2319
f 304 303 2313
f 218 185 2371
f 118 147 2175
f 13 306 2108
f 305 14 2314
f 16 308 2009
f 18 252 2064
f 251 19 2050
f 310 309 2252
f 20 254 2032
f 312 311 2225
f 22 256 2113
f 255 23 2372
f 314 313 2253
f 257 25 1959
f 260 259 2179
f 26 261 2373
f 172 238 1549
f 315 27 1913
f 316 132 2019
f 111 124 1559
f 152 262 2374
f 28 263 1567
f 103 102 1932
f 102 264 1918
f 29 189 1583
f 266 265 2095
f 317 98 1877
f 69 318 1592
f 268 267 2298
f 34 269 2375
f 75 78 1944
f 270 190 2201
f 220 33 2172
f 58 271 2302
f 182 320 2162
f 236 235 1984
f 2134 2024 2078
f 2143 1891 1879
f 84 2369 2376
f 85 74 2341
f 2316 158 2377
f 2306 1643 1645
f 1929 35 2004
f 2378 1814 2212
f 2379 1662 1664
f 2161 1656 1658
f 1525 1658 1652
f 2164 1638 1636
f 2233 1695 1604
f 131 2340 2336
f 2380 1664 1656
f 2163 1644 1638
f 150 84 2376
f 2346 1499 1635
f 1604 1695 1697
f 1702 2289 1699
f 2213 2381 1692
f 2382 1744 1735
f 2207 1735 1737
f 2090 2171 2091
f 141 131 2336
f 2383 1761 1763
f 2334 2346 1635
f 1528 1720 1704
f 2155 1668 1670
f 26 2373 2096
f 1913 27 1914
f 2293 2295 2384
f 2244 1726 1711
f 2232 1700 2233
f 2223 1686 1688
f 2203 1696 1699
f 2037 258 2220
f 2240 1780 2324
f 2385 1977 1931
f 2117 1807 1802
f 1847 2272 1842
f 4 2270 2386
f 15 2370 2326
f 1597 1648 1646
f 2267 1836 2288
f 1525 1652 2275
f 2141 2283 2103
f 2232 1704 1700
f 2344 1662 2379
f 2050 19 1562
f 2373 261 2042
f 2094 2245 2215
f 2387 2388 2389
f 2390 2102 2101
f 1722 1708 1730
f 1810 1798 1804
f 1957 2075 1971
f 2391 2268 2392
f 115 114 2297
f 2371 185 2180
f 2305 184 2393
f 2379 1664 2380
f 263 167 2121
f 2296 1885 2258
f 2323 1761 2383
f 2217 2282 2394
f 2350 2395 2396
f 2020 2055 2200
f 7 2319 2397
f 1801 2219 1796
f 2159 2088 1580
f 2201 190 2105
f 2158 1795 2273
f 231 2165 2271
f 2357 2079 2074
f 229 4 2386
f 2274 1787 1789
f 228 15 2326
f 2330 1674 2333
f 2279 2281 2398
f 2378 1817 1814
f 2380 1656 2161
f 158 218 2377
f 2133 1966 1953
f 1946 2052 2399
f 2328 1870 2287
f 2072 1973 2073
f 2155 1670 2344
f 1483 1464 2400
f 2183 1898 2056
f 2287 1849 2266
f 2401 1749 1751
f 1464 1482 1502
f 2400 1464 1502
f 2009 2402 2294
f 2262 1642 2263
f 2081 1940 1917
f 2182 1744 2382
f 2164 1636 2345
f 2239 1780 2240
f 2391 1827 1829
f 2263 1644 2163
f 299 7 2397
f 2116 1812 1807
f 2333 1676 2154
f 2267 1843 1836
f 2260 2070 2338
f 2210 2282 2217
f 2222 1697 1686
f 302 301 2320
f 218 2371 2377
f 2129 2128 1803
f 2273 1795 1787
f 232 231 2271
f 2385 1931 2327
f 2343 1682 2330
f 1546 1827 2391
f 1971 2077 2183
f 1913 2049 1962
f 2258 1887 2367
f 2010 2293 2403
f 255 2372 2114
f 2404 1881 1886
f 343 342 2405
f 345 344 1552
f 346 171 2110
f 188 30 1588
f 349 178 1923
f 351 350 2023
f 184 328 2393
f 348 347 2406
f 1834 1823 1828
f 2115 2031 1976
f 2395 2083 2152
f 2141 2284 2283
f 2405 342 2109
f 2351 2106 2247
f 2182 1742 1744
f 2142 1928 1891
f 2331 2251 1817
f 2222 1686 2223
f 328 2318 2393
f 2236 2352 1556
f 2290 1724 1726
f 2154 1676 1668
f 2367 1868 2328
f 1552 344 2011
f 2394 2198 2407
f 2210 2217 2216
f 2342 1680 2343
f 2129 2153 2408
f 2212 1812 2116
f 2263 1642 1644
f 14 345 2409
f 2043 214 2061
f 2208 1718 2254
f 2168 2085 2169
f 2124 1703 1698
f 2250 2404 1899
f 2349 1808 1813
f 2197 2169 1975
f 2157 1797 1793
f 2382 1735 2207
f 301 2291 2320
f 2123 1713 1703
f 2231 61 2071
f 2383 1763 2329
f 1534 1778 2239
f 75 1944 2410
f 258 257 2220
f 2391 1829 2268
f 2064 2051 2282
f 2223 1688 2342
f 314 2253 2411
f 195 2312 2412
f 2242 2278 1647
f 1932 1940 1933
f 110 81 2413
f 2237 1797 2157
f 8 304 2292
f 1942 2025 1943
f 1922 2259 2300
f 2313 303 2412
f 1922 2300 2119
f 2087 2350 2396
f 2414 1824 2337
f 346 2110 2089
f 2337 1824 1826
f 2404 1886 1899
f 2178 1952 1949
f 2077 2076 1878
f 2197 2206 2415
f 2206 1977 2385
f 2324 1780 1770
f 1815 2339 1813
f 2314 14 2409
f 2170 2001 2069
f 1951 2416 2417
f 2019 2221 2259
f 1933 2080 1513
f 2240 2324 2323
f 2290 1726 2244
f 2329 1749 2401
f 2321 2226 2160
f 2026 2025 2047
f 1860 2173 2418
f 2401 1751 2181
f 2076 2202 1878
f 1935 2419 1937
f 2211 299 2397
f 345 1552 2409
f 2358 2261 2420
f 2128 1826 1816
f 2339 2349 1813
f 2010 2294 2293
f 2387 2389 2285
f 2188 1875 1889
f 2159 1888 1890
f 1935 1897 2419
f 2183 2077 1898
f 2402 2132 2421
f 2359 2358 2420
f 2395 2152 2396
f 1997 1764 1766
f 2284 2387 2285
f 2088 2087 2422
f 2322 229 2386
f 1996 1783 1764
f 2414 1855 1824
f 2025 2045 2047
f 2195 1973 1972
f 2147 2200 1866
f 2368 150 2376
f 2375 269 2410
f 19 310 1562
f 2331 1817 2378
f 2307 2348 1806
f 1724 2067 1717
f 303 195 2412
f 2394 2282 2198
f 1567 263 2121
f 1945 2006 2052
f 2246 2351 2247
f 1860 2418 1871
f 1925 2215 2177
f 2191 2093 2423
f 2338 1926 2243
f 1817 2251 1821
f 152 2374 2310
f 2072 1965 1973
f 2348 1801 1806
f 2073 1973 2195
f 2226 2086 2160
f 1958 1537 1979
f 2078 2024 2026
f 1588 30 2424
f 2132 17 2089
f 2374 262 2425
f 2002 2043 2003
f 2282 2051 2198
f 2112 2167 2426
f 2063 1754 2191
f 1761 2324 1769
f 1909 1595 1775
f 156 2043 2002
f 2423 1729 2021
f 2355 2235 2136
f 1692 2381 1910
f 1891 1928 1902
f 2100 1766 1752
f 2132 2091 2421
f 2153 1805 2280
f 307 2132 2402
f 2104 1693 1776
f 1701 2311 1694
f 2152 2279 2396
f 2030 1713 2123
f 2406 347 2427
f 1544 2359 2420
f 2423 2093 1729
f 2069 2003 1576
f 2088 2422 2428
f 2043 2061 2044
f 2068 2067 1724
f 2299 2097 2429
f 2249 2355 2136
f 2184 1857 1856
f 2009 308 2402
f 2430 2028 2431
f 1703 1713 1707
f 2122 2094 2014
f 2136 2235 2416
f 2022 1731 2067
f 1984 235 2065
f 269 75 2410
f 2421 2091 1574
f 124 152 2310
f 2352 2354 1556
f 2027 1984 1505
f 17 346 2089
f 2279 2398 2422
f 2019 132 2221
f 1840 1877 1831
f 2057 1853 2238
f 2081 1917 2432
f 2095 1857 2184
f 132 111 2221
f 188 1588 2082
f 1859 2269 2173
f 2251 1822 1821
f 2023 350 2053
f 2294 2402 2421
f 23 314 2411
f 2225 311 2433
f 2238 1855 2414
f 1916 1894 2047
f 2422 2398 2428
f 2356 2192 2193
f 310 2252 1562
f 2299 2111 2098
f 2029 2360 1936
f 2216 1576 2044
f 2200 2055 2193
f 2095 1861 1857
f 178 177 2187
f 1907 2026 1894
f 2193 1872 1867
f 1871 2418 1865
f 308 307 2402
f 1564 2357 2074
f 1904 2111 2299
f 2372 23 2411
f 2055 2356 2193
f 2311 2213 1694
f 1894 2026 2047
f 1920 1935 1936
f 1951 1950 2416
f 22 2113 2433
f 1764 1783 1774
f 1580 2088 2428
f 28 1567 2425
f 2131 1783 1996
f 262 28 2425
f 1752 1766 1757
f 2087 2396 2422
f 2396 2279 2422
f 2091 2171 1574
f 2324 1770 1769
f 2052 2006 2434
f 1950 2136 2416
f 1866 2200 1867
f 1877 98 2435
f 2295 2294 2421
f 2295 2421 1574
f 2229 2228 2430
f 2200 2193 1867
f 2360 1920 1936
f 311 22 2433
f 2363 1523 2434
f 177 1999 2187
f 1831 1877 2435
f 2361 2028 2430
f 2095 2184 2424
f 2228 2361 2430
f 316 2019 1914
f 27 316 1914
f 2061 2210 2044
f 2210 2216 2044
f 1717 2067 1710
f 2381 2332 1910
f 2332 2007 1910
f 1934 1933 1970
f 1803 2128 1811
f 2006 2365 2434
f 34 2375 2427
f 101 103 1934
f 1969 101 1934
f 2128 1816 1811
f 347 34 2427
f 1933 1513 1970
f 2365 2363 2434
f 323 1508 2065
f 2431 2028 1937
f 2098 2111 1990
f 30 266 2424
f 69 1592 2435
f 235 323 2065
f 2067 1731 1710
f 1969 1934 1970
f 2309 1989 1990
f 266 2095 2424
f 98 69 2435
f 2111 2309 1990
f 2093 1738 1723
f 1729 2093 1723
f 1978 1493 1501
f 1485 1483 1500
f 366 298 1503
f 2436 2303 1496
f 2437 2366 1501
f 2432 2099 1516
f 2185 2429 1589
f 2315 2403 1511
f 2403 2315 1553
f 2429 2185 1541
f 2099 2432 1582
f 2399 1832 1591
f 2196 2186 1565
f 2186 2196 1550
f 2426 2301 1558
f 2407 2417 1555
f 2417 2407 1561
f 2301 2426 1543
f 1832 2399 1522
f 1605 2413 1606
f 1598 2204 1599
f 2415 1622 1623
f 2218 1619 1621
f 1630 2384 1631
f 2392 1617 1618
f 1995 1626 1628
f 2174 1632 1634
f 1624 1994 1625
f 2241 1613 1614
f 2234 1609 1610
f 2224 1607 1608
f 2276 1602 1603
f 2408 1615 1616
f 2264 1600 1601
f 1611 1905 1612
f 1532 2135 1533
f 1568 2419 1569
f 1538 2027 1539
f 2301 1543 1545
f 2426 1558 1560
f 1550 2196 1551
f 1547 2316 1548
f 1526 2335 1527
f 1553 2315 1554
f 2297 1579 1581
f 1565 2186 1566
f 1541 2185 1542
f 2407 1555 1557
f 2389 1573 1575
f 1577 2101 1578
f 2417 1561 1563
f 1571 2317 1572
f 1535 2150 1536
f 1529 2144 1530
f 1589 2429 1590
f 2399 1591 1593
f 2099 1582 1584
f 1586 2162 1587
f 2298 1594 1596
f 1511 2403 1512
f 1514 2229 1515
f 2432 1516 1518
f 1520 2431 1521
f 1832 1522 1524
f 1832 1831 1591
f 2099 2098 1516
f 1540 1904 1541
f 2432 1917 1582
f 32 348 1611
f 1513 2080 1514
f 2050 1562 1561
f 2184 2185 1589
f 2399 2052 1522
f 1919 1583 1582
f 2235 1556 1555
f 1552 2011 1553
f 2353 1620 1619
f 2189 2315 1511
f 2036 1544 1543
f 1549 1962 1550
f 2301 2259 1558
f 166 332 1622
f 2073 2196 1565
f 1629 2308 1630
f 11 343 1624
f 2010 2403 1553
f 1519 1970 1520
f 1570 2197 1571
f 2221 1559 1558
f 1588 2424 1589
f 1510 2247 1511
f 1564 2074 1565
f 2299 2429 1541
f 2049 2186 1550
f 2364 1627 1626
f 2417 2416 1555
f 2407 2198 1561
f 1576 2216 1577
f 1531 1841 1532
f 194 206 1617
f 1537 2183 1538
f 1567 2121 1568
f 1888 1580 1579
f 2295 1574 1573
f 2426 2167 1543
f 2362 1633 1632
f 271 319 1615
f 2434 1523 1522
f 1546 2391 1547
f 1585 2129 1586
f 1990 1517 1516
f 126 159 1613
f 1534 2239 1535
f 2435 1592 1591
f 81 80 1609
f 1528 2232 1529
f 207 128 1607
f 1604 2222 1605
f 54 48 1602
f 1525 2275 1526
f 221 12 1600
f 1597 2262 1598
f 1775 1595 1594
f 1776 1905 2438
f 2298 267 1612
f 1995 1830 1524
f 1889 1994 2439
f 1985 2027 2440
f 2218 2217 2441
f 2430 2431 1515
f 2227 2229 1634
f 2297 114 1625
f 2390 2101 1621
f 2389 2388 1631
f 9 2317 1623
f 2230 2135 1628
f 2293 2384 1512
f 2415 2206 2442
f 183 2316 1618
f 1937 2419 1521
f 2392 2268 2443
f 2174 2081 1518
f 182 2162 1616
f 210 2150 1614
f 2408 2153 2444
f 2241 2240 2445
f 208 2144 1610
f 110 2413 1608
f 2234 2233 1606
f 2224 2223 2446
f 142 2335 1603
f 353 2204 1601
f 2276 2248 1599
f 2264 2263 2447
f 298 2368 1503
f 1483 2400 1500
f 2303 1492 1496
f 2366 1978 1501
f 2400 1502 1504
f 1493 1979 1509
f 1482 367 2448
f 1488 1485 2449
f 367 366 2448
f 2347 1488 2449
f 2304 2450 2451
f 2450 2437 2451
f 369 2436 2452
f 322 369 2452
f 1505 2065 1497
f 1905 1611 2438
f 1626 1995 1524
f 1594 2298 1612
f 1994 1624 2439
f 2027 1538 2440
f 1619 2218 2441
f 2431 1520 1515
f 1579 2297 1625
f 1573 2389 1631
f 2101 1577 1621
f 2384 1630 1512
f 2317 1571 1623
f 2229 1514 1634
f 1622 2415 2442
f 2135 1532 1628
f 2419 1568 1521
f 1632 2174 1518
f 2316 1547 1618
f 1617 2392 2443
f 2162 1586 1616
f 1615 2408 2444
f 2150 1535 1614
f 1613 2241 2445
f 2144 1529 1610
f 1609 2234 1606
f 2413 1605 1608
f 1607 2224 2446
f 2335 1526 1603
f 1602 2276 1599
f 2204 1598 1601
f 1600 2264 2447
f 348 2406 1611
f 2424 2184 1589
f 2080 2174 1514
f 1970 1513 1520
f 2416 2235 1555
f 2198 2050 1561
f 2354 2353 1619
f 2308 1510 1630
f 2011 2010 1553
f 1917 1919 1582
f 343 2405 1624
f 2257 166 1622
f 2247 2189 1511
f 2074 2073 1565
f 2098 1990 1516
f 1517 2362 1632
f 2216 2218 1577
f 2259 2221 1558
f 2197 2415 1571
f 2384 2295 1573
f 1994 1888 1579
f 1962 2049 1550
f 2121 1519 1568
f 2167 2036 1543
f 2052 2434 1522
f 2183 2056 1538
f 1904 2299 1541
f 1523 2364 1626
f 1841 1995 1532
f 1831 2435 1591
f 2312 194 1617
f 2391 2392 1547
f 1905 1775 1594
f 2302 271 1615
f 2129 2408 1586
f 2205 126 1613
f 2239 2241 1535
f 2413 81 1609
f 2232 2234 1529
f 2370 207 1607
f 2222 2224 1605
f 2204 54 1602
f 2275 2276 1526
f 2369 221 1600
f 2262 2264 1598
f 1557 2354 2441
f 2453 2257 2442
f 2405 2454 2439
f 2056 2455 2440
f 2456 2302 2444
f 2457 2312 2443
f 2458 2205 2445
f 2459 2370 2446
f 2406 2460 2438
f 2461 2369 2447
f 2114 2462 2463
f 1584 2082 1590
f 2097 1584 1590
f 2464 2238 2465
f 1897 1896 2466
f 2004 2464 2465
f 2419 1897 1569
f 2374 2466 2467
f 2468 2337 1587
f 1583 2082 1584
f 2469 1907 2470
f 2466 1896 2467
f 1988 1540 1542
f 2471 2281 1572
f 2135 1988 1533
f 2462 1865 2463
f 1563 2252 2472
f 1930 2468 1587
f 1907 1893 2470
f 2473 2069 1578
f 2147 2474 2475
f 1566 2120 2476
f 2429 2097 1590
f 2126 1566 2476
f 2477 2142 2478
f 1949 2472 2479
f 2108 2477 2478
f 2474 2411 2475
f 2048 2298 1596
f 2480 2096 2481
f 2078 1907 2469
f 1551 2195 2482
f 2016 2483 2471
f 2112 2426 1560
f 1951 1563 2472
f 2483 2398 2471
f 2177 2484 2485
f 1562 2252 1563
f 2453 2327 2486
f 2103 2473 1578
f 2017 2471 1572
f 2038 2470 2487
f 2281 1570 1572
f 1949 1951 2472
f 2209 2453 2486
f 2472 2033 2479
f 2134 2488 2489
f 2016 2194 2483
f 2148 2147 2475
f 2409 1554 2490
f 2484 1961 2485
f 2491 2258 2492
f 2372 2411 2474
f 2393 2491 2492
f 2493 2261 2476
f 2171 2170 2494
f 1979 1537 1539
f 2037 2469 2470
f 2170 2069 2473
f 2409 1552 1554
f 1556 2354 1557
f 1991 2480 2481
f 1982 1960 2495
f 2470 1893 2487
f 1946 2399 1593
f 1595 1946 1596
f 2300 2301 1545
f 2194 2297 1581
f 2398 2281 2471
f 2134 2078 2488
f 2310 2374 2467
f 2017 2016 2471
f 2314 2409 2490
f 2042 1551 2482
f 2027 1505 1539
f 2023 2053 2455
f 2496 2133 2489
f 2420 2261 2493
f 1592 2048 1593
f 2494 2170 2473
f 2255 2314 2497
f 2069 1576 1578
f 2186 2120 1566
f 2283 2285 2494
f 2374 2425 2466
f 2096 2373 2481
f 1574 2171 1575
f 2269 2485 2498
f 2101 2103 1578
f 2488 1959 2489
f 1554 2260 2490
f 2196 2195 1551
f 2171 2494 1575
f 2178 1949 2479
f 2195 1972 2482
f 1960 1961 2484
f 2285 2389 1575
f 2119 2493 2476
f 1988 1542 1533
f 1991 1993 2480
f 2032 1982 2499
f 1559 2310 1560
f 2209 2257 2453
f 2042 1549 1551
f 2103 2283 2473
f 2315 2260 1554
f 2283 2494 2473
f 2261 2126 2476
f 2394 2407 1557
f 2147 1866 2474
f 2479 2032 2499
f 2428 2398 2483
f 2126 1564 1566
f 2114 2372 2462
f 2179 2096 2480
f 2494 2285 1575
f 1955 2496 2489
f 2260 2338 2490
f 2004 2023 2464
f 1580 2428 1581
f 2108 2255 2477
f 2255 2497 2477
f 2119 2300 2493
f 2120 2119 2476
f 2327 2296 2486
f 1972 1991 2481
f 2500 2287 2501
f 2033 2032 2479
f 2142 2143 2478
f 2178 2479 2499
f 1959 1955 2489
f 1544 2420 1545
f 2175 2500 2501
f 2133 2134 2489
f 1896 2112 2467
f 1951 2417 1563
f 2393 2318 2491
f 2373 2042 2482
f 2253 2038 2487
f 1993 2133 2496
f 2411 2253 2475
f 2252 2033 2472
f 2215 2245 2495
f 2314 2490 2497
f 2038 2037 2470
f 1856 1531 1533
f 2385 2327 2453
f 2258 2367 2492
f 2037 2220 2469
f 2177 2215 2484
f 2143 2188 2454
f 2220 1959 2488
f 2478 2143 2454
f 1982 2495 2499
f 2173 2269 2498
f 1955 2179 2496
f 2245 2178 2499
f 1893 2148 2487
f 2317 2017 1572
f 2338 2243 2497
f 2243 2142 2477
f 2485 2225 2498
f 2269 2177 2485
f 2179 2480 2496
f 2497 2243 2477
f 2318 2209 2486
f 2023 2455 2464
f 2176 2305 2502
f 1961 2225 2485
f 2490 2338 2497
f 2495 2245 2499
f 2480 1993 2496
f 2078 2469 2488
f 2185 1856 1542
f 2481 2373 2482
f 2109 2108 2478
f 2175 2176 2500
f 2296 2258 2491
f 2503 2267 2504
f 2428 2483 1581
f 2495 1960 2484
f 2371 2503 2504
f 2405 2109 2454
f 1972 2481 2482
f 2305 2393 2492
f 2148 2475 2487
f 2483 2194 1581
f 2238 2414 2465
f 1560 2310 2467
f 2176 2502 2500
f 2112 1560 2467
f 1545 2420 2493
f 2056 2057 2455
f 2109 2478 2454
f 2300 1545 2493
f 2287 2266 2501
f 2215 2495 2484
f 2097 2099 1584
f 2418 2173 2505
f 2367 2328 2502
f 2425 1567 1569
f 1897 2466 1569
f 2475 2253 2487
f 2173 2498 2505
f 2082 1588 1590
f 2469 2220 2488
f 2225 2433 2498
f 2318 2486 2491
f 1593 2048 1596
f 1930 1929 2468
f 2486 2296 2491
f 2113 2114 2463
f 2057 2238 2464
f 2502 2328 2500
f 2371 2180 2503
f 2328 2287 2500
f 2433 2113 2505
f 2492 2367 2502
f 1946 1593 1596
f 2305 2492 2502
f 2267 2288 2504
f 2498 2433 2505
f 2455 2057 2464
f 2180 2175 2501
f 2466 2425 1569
f 1866 1865 2462
f 2316 2377 1548
f 2266 2267 2503
f 1542 1856 1533
f 2505 2113 2463
f 2337 1585 1587
f 2377 2371 2504
f 1865 2418 2463
f 2412 2457 2506
f 2418 2505 2463
f 2457 2378 2506
f 2288 1546 1548
f 2501 2266 2503
f 1929 2004 2465
f 2180 2501 2503
f 2504 2288 1548
f 2377 2504 1548
f 2412 2312 2457
f 2414 2337 2468
f 2378 2212 2506
f 2506 2212 2507
f 2474 1866 2462
f 2372 2474 2462
f 2212 2116 2507
f 2331 2378 2457
f 2507 2116 2508
f 1999 2509 2510
f 2313 2412 2506
f 2116 2117 2508
f 2313 2506 2507
f 2292 2313 2507
f 2320 2291 2511
f 2292 2507 2508
f 2320 2511 2512
f 2211 2513 2514
f 2319 2320 2512
f 2291 2292 2508
f 2162 1930 1587
f 2513 2273 2514
f 2319 2512 2515
f 2397 2319 2515
f 2397 2515 2513
f 2117 2237 2511
f 2511 2237 2512
f 1929 2465 2468
f 2237 2157 2512
f 1999 2000 2509
f 2211 2397 2513
f 2465 2414 2468
f 2280 2131 2456
f 2512 2157 2515
f 2273 2274 2514
f 2509 1996 2510
f 2291 2508 2511
f 2157 2158 2515
f 2515 2158 2513
f 2514 2274 1536
f 2516 2063 2517
f 2508 2117 2511
f 2158 2273 2513
f 2274 1534 1536
f 2151 2211 2514
f 2000 2302 2456
f 2151 2514 1536
f 2458 2383 2518
f 2265 2458 2518
f 2150 2151 1536
f 1924 2516 2517
f 2187 2510 2519
f 2265 2205 2458
f 1924 1923 2516
f 1996 1997 2510
f 2510 1997 2519
f 1923 2187 2519
f 2187 1999 2510
f 2383 2329 2518
f 1997 2100 2519
f 2518 2329 2520
f 2271 2521 2522
f 2523 2423 2524
f 2323 2383 2458
f 2329 2401 2520
f 2521 2182 2522
f 2131 1996 2509
f 2063 2191 2517
f 1923 2519 2516
f 2165 2166 2525
f 2286 2265 2518
f 2165 2525 2521
f 2286 2518 2520
f 2271 2165 2521
f 2166 2286 2520
f 2519 2100 2516
f 2100 2063 2516
f 2182 2382 2522
f 2423 2021 2524
f 2401 2181 2525
f 1944 2526 2527
f 2525 2181 2521
f 2191 2423 2523
f 2071 2523 2524
f 2522 2382 2528
f 2526 2244 2527
f 2382 2207 2528
f 2181 2182 2521
f 2071 2172 2523
f 2528 2207 2529
f 2021 2022 2530
f 2517 2191 2523
f 2207 2208 2529
f 2166 2520 2525
f 1944 1939 2526
f 2270 2271 2522
f 2520 2401 2525
f 2529 2208 2531
f 2270 2522 2528
f 2172 1924 2517
f 2022 2532 2530
f 2000 2456 2509
f 2386 2270 2528
f 2208 2254 2531
f 2531 2254 1530
f 2022 2068 2532
f 2386 2528 2529
f 2254 1528 1530
f 2021 2530 2524
f 2068 2290 2533
f 2322 2386 2529
f 2172 2517 2523
f 2244 2030 2527
f 2456 2131 2509
f 2533 2290 2526
f 2030 2123 2534
f 1939 2533 2526
f 2322 2529 2531
f 2532 2105 2530
f 2460 2427 2535
f 2201 2105 2532
f 2145 2322 2531
f 2145 2531 1530
f 2406 2427 2460
f 2427 2375 2535
f 2410 1944 2527
f 1939 2201 2533
f 2105 2231 2530
f 2144 2145 1530
f 2527 2030 2534
f 2290 2244 2526
f 2231 2071 2524
f 2375 2410 2534
f 2124 2104 2460
f 2123 2124 2535
f 2124 2460 2535
f 2532 2068 2533
f 2534 2123 2535
f 2530 2231 2524
f 2375 2534 2535
f 2201 2532 2533
f 2326 2459 2536
f 2410 2527 2534
f 2459 2343 2536
f 2326 2370 2459
f 2343 2330 2536
f 2138 2325 2537
f 2342 2343 2459
f 2138 2537 2538
f 2137 2138 2538
f 2325 2326 2536
f 2137 2538 2539
f 2140 2137 2539
f 2330 2333 2537
f 2537 2333 2538
f 2140 2539 2540
f 2139 2140 2540
f 2333 2154 2538
f 2139 2540 2541
f 2538 2154 2539
f 2341 2139 2541
f 2154 2155 2539
f 2536 2330 2537
f 2325 2536 2537
f 2341 2541 2542
f 2539 2155 2540
f 2340 2341 2542
f 2155 2344 2540
f 2340 2542 2543
f 2540 2344 2541
f 2336 2340 2543
f 2344 2379 2541
f 2336 2543 1527
f 2541 2379 2542
f 2335 2336 1527
f 2379 2380 2542
f 2542 2380 2543
f 2380 2161 2543
f 2543 2161 1527
f 2161 1525 1527
f 2163 2164 2461
f 2461 2164 2544
f 2164 2345 2544
f 2376 2369 2461
f 2376 2461 2544
f 2368 2376 2544
f 2394 1557 2441
f 2385 2453 2442
f 2454 2188 2439
f 2455 2053 2440
f 2280 2456 2444
f 2331 2457 2443
f 2323 2458 2445
f 2460 2104 2438
f 2342 2459 2446
f 2163 2461 2447
f 267 32 1612
f 1830 1832 1524
f 2229 2430 1515
f 2053 1985 2440
f 114 11 1625
f 2388 1629 1631
f 1633 2227 1634
f 1620 2390 1621
f 2431 1937 1521
f 332 9 1623
f 2217 2394 2441
f 2206 2385 2442
f 2403 2293 1512
f 2188 1889 2439
f 1627 2230 1628
f 2081 2432 1518
f 206 183 1618
f 319 182 1616
f 2268 2331 2443
f 2153 2280 2444
f 159 210 1614
f 2240 2323 2445
f 80 208 1610
f 2104 1776 2438
f 128 110 1608
f 2233 1604 1606
f 2223 2342 2446
f 48 142 1603
f 12 353 1601
f 2248 1597 1599
f 2263 2163 2447
f 2345 1498 1506
f 1503 2368 1507
f 1500 2400 1506
f 1520 1513 1515
f 1630 1510 1512
f 1517 1632 1518
f 2354 1619 2441
f 2257 1622 2442
f 1577 2218 1621
f 1571 2415 1623
f 2384 1573 1631
f 1514 2174 1634
f 1568 1519 1521
f 1538 2056 2440
f 1994 1579 1625
f 1624 2405 2439
f 1532 1995 1628
f 1523 1626 1524
f 2312 1617 2443
f 1547 2392 1618
f 2302 1615 2444
f 1586 2408 1616
f 2205 1613 2445
f 1535 2241 1614
f 1611 2406 2438
f 1905 1594 1612
f 2413 1609 1606
f 1529 2234 1610
f 2370 1607 2446
f 1605 2224 1608
f 2204 1602 1599
f 1526 2276 1603
f 2369 1600 2447
f 1598 2264 1601
f 1504 2345 1506
f 2436 1496 2452
f 366 1503 2448
f 1485 1500 2449
f 2437 1501 2451
f 1495 2304 2451
f 1502 1482 2448
f 1508 322 2452
f 1499 2347 2449
f 2065 1508 1497
f 1539 1505 1509
f 1496 1508 2452
f 1501 1495 2451
f 1500 1499 2449
f 1503 1502 2448
f 1979 1539 1509
f 2345 1504 1507
f 2544 2345 1507
f 2400 1504 1506
f 2368 2544 1507
f 2545 2546 2547
f 2548 2549 2550
f 2551 2552 2553
f 2549 2548 2554
f 2547 2546 2552
f 2555 2556 2557
f 2552 2558 2553
f 2559 2560 2561
f 2551 2547 2552
f 2555 2557 2562
f 2563 2557 2560
f 2564 2558 2565
f 2566 2567 2568
f 2549 2569 2550
f 2570 2561 2554
f 2560 2559 2571
f 2546 2545 2572
f 2556 2555 2573
f 2558 2552 2565
f 2566 2568 2574
f 2563 2560 2571
f 2548 2570 2554
f 2561 2570 2575
f 2557 2563 2562
f 2576 2566 2546
f 2556 2577 2557
f 2578 2549 2556
f 2579 2580 2581
f 2582 2583 2584
f 66 148 2585
f 2585 2582 2586
f 2585 2587 2583
f 2584 2583 2559
f 2588 2579 2581
f 2585 148 2587
f 2580 2589 2551
f 2582 2584 2558
f 2590 2579 2588
f 2556 2549 2577
f 148 187 2587
f 2591 2545 2547
f 2548 2592 2570
f 2582 2558 2564
f 2589 2591 2547
f 2591 2593 2545
f 2594 2592 2548
f 205 88 2595
f 187 186 2563
f 2 1 2555
f 187 2563 2587
f 2590 2588 2570
f 2595 88 2586
f 2551 2589 2547
f 2592 2590 2570
f 2580 2551 2581
f 88 66 2586
f 2557 2577 2560
f 2277 2303 2576
f 2560 2577 2561
f 2576 2567 2566
f 2303 2436 2567
f 2585 2583 2582
f 1141 1140 2578
f 1140 1294 2569
f 2578 1140 2569
f 2576 2303 2567
f 2578 2569 2549
f 2595 2586 2564
f 66 2585 2586
f 2586 2582 2564
f 2578 2556 2573
f 2596 2594 2550
f 365 205 2568
f 1292 1141 2573
f 2304 2277 2572
f 2576 2546 2572
f 205 2595 2568
f 1141 2578 2573
f 2277 2576 2572
f 2594 2548 2550
f 2559 2561 2575
f 2 2555 2562
f 2563 186 2562
f 2577 2549 2554
f 2587 2563 2571
f 2559 2583 2571
f 2570 2588 2575
f 370 1292 2597
f 1294 1305 2598
f 1 370 2597
f 1305 2596 2598
f 369 365 2599
f 2593 2450 2600
f 2436 369 2599
f 2450 2304 2600
f 2581 2551 2553
f 2584 2559 2601
f 2558 2584 2553
f 2588 2581 2601
f 2584 2601 2553
f 2601 2581 2553
f 2568 2595 2574
f 2564 2565 2574
f 186 2 2562
f 2561 2577 2554
f 2583 2587 2571
f 2304 2572 2600
f 2596 2550 2598
f 1292 2573 2597
f 365 2568 2599
f 2545 2593 2600
f 2569 1294 2598
f 2555 1 2597
f 2567 2436 2599
f 2546 2566 2565
f 2552 2546 2565
f 2595 2564 2574
f 2572 2545 2600
f 2573 2555 2597
f 2550 2569 2598
f 2568 2567 2599
f 2601 2559 2575
f 2588 2601 2575
f 2565 2566 2574
f 2602 2603 2604
f 2605 2606 2607
f 2608 2609 2610
f 2611 2612 2613
f 2603 2614 2604
f 2610 2615 2608
f 2607 2616 2605
f 2613 2617 2611
f 2596 2618 2594
f 2619 2620 2621
f 2622 2623 2624
f 2596 2625 2618
f 2624 2611 2622
f 2626 2627 2628
f 2608 2629 2609
f 2606 2630 2607
f 2631 2632 2633
f 2603 2626 2628
f 2634 2635 2621
f 2621 2620 2634
f 2636 2637 2638
f 2638 2637 2639
f 2633 2635 2634
f 2633 2632 2640
f 2631 2633 2626
f 2641 2615 2642
f 2643 2620 2619
f 2608 2615 2644
f 2645 2616 2607
f 2646 2647 2648
f 2649 2650 2651
f 2652 2653 2654
f 2655 2656 2657
f 2658 2656 2659
f 2660 2661 2662
f 2663 2664 2665
f 2666 2667 2668
f 2669 2670 2671
f 2672 2673 2674
f 2675 2676 2677
f 2678 2679 2680
f 2681 2682 2683
f 2684 2685 2686
f 2687 2688 2689
f 2690 2691 2692
f 1714 2693 2694
f 2695 2696 2697
f 1740 2698 2699
f 1746 2700 2701
f 2702 2703 2704
f 1784 2705 2706
f 2707 2708 2709
f 2199 2710 2711
f 2307 2712 2713
f 2714 2715 2716
f 2084 2717 2718
f 2719 2720 2721
f 2350 2722 2723
f 2724 2725 2726
f 2321 2727 2728
f 2306 2729 2730
f 2731 2732 2733
f 1901 2734 2735
f 2736 2737 2738
f 2059 2739 2740
f 1684 2741 2639
f 2742 2743 2744
f 2308 2745 2746
f 2387 2747 2748
f 1620 2749 2750
f 2751 2752 2753
f 2754 2755 2756
f 2236 2757 2758
f 2066 2759 2760
f 2761 2762 2763
f 2764 2765 2766
f 2012 2767 2768
f 2769 2770 2771
f 1851 2772 2773
f 2356 2774 2775
f 2776 2777 2778
f 2046 2779 2780
f 2781 2782 2783
f 1941 2784 2785
f 2786 2787 2788
f 1963 2789 2790
f 2156 2791 2792
f 2360 2793 2794
f 1989 2795 2796
f 1903 2797 2798
f 2230 2799 2800
f 2801 2802 2803
f 2804 2805 2806
f 2381 2807 2808
f 2809 2810 2811
f 1745 2812 2813
f 1706 2814 2815
f 1844 2816 2817
f 2075 2818 2819
f 2820 2821 2822
f 2620 2823 2627
f 2604 2629 2602
f 2824 2611 2624
f 2612 2630 2613
f 1478 2823 1484
f 2825 2616 2826
f 2626 2634 2627
f 2824 2612 2611
f 2641 2827 2615
f 2622 2828 2623
f 2626 2633 2634
f 2824 2829 2612
f 2612 2829 2830
f 2831 2691 2690
f 2694 2693 2832
f 2833 2696 2695
f 2699 2698 2834
f 2701 2700 2835
f 2836 2703 2702
f 2706 2705 2837
f 2838 2708 2707
f 2711 2710 2839
f 2713 2712 2840
f 2841 2715 2714
f 2718 2717 2842
f 2843 2720 2719
f 2723 2722 2844
f 2845 2725 2724
f 2728 2727 2846
f 2730 2729 2847
f 2848 2732 2731
f 2735 2734 2849
f 2850 2737 2736
f 2740 2739 2851
f 2852 2743 2742
f 2639 2741 2638
f 2746 2745 2853
f 2748 2747 2854
f 2855 2752 2751
f 2750 2749 2856
f 2857 2755 2754
f 2758 2757 2858
f 2859 2762 2761
f 2760 2759 2860
f 2861 2765 2764
f 2768 2767 2862
f 2863 2770 2769
f 2773 2772 2864
f 2775 2774 2865
f 2866 2777 2776
f 2780 2779 2867
f 2868 2782 2781
f 2785 2784 2869
f 2870 2787 2786
f 2790 2789 2871
f 2792 2791 2872
f 2794 2793 2873
f 2796 2795 2874
f 2798 2797 2875
f 2800 2799 2876
f 2877 2802 2801
f 2878 2805 2804
f 2808 2807 2879
f 2880 2810 2809
f 2815 2814 2881
f 2813 2812 2882
f 2817 2816 2883
f 2819 2818 2884
f 2885 2821 2820
f 2886 2647 2646
f 2887 2650 2649
f 2888 2653 2652
f 2659 2656 2889
f 2890 2656 2655
f 2891 2661 2660
f 2892 2664 2663
f 2893 2667 2666
f 2894 2670 2669
f 2895 2673 2672
f 2896 2676 2675
f 2897 2682 2681
f 2898 2679 2678
f 2899 2685 2684
f 2900 2688 2687
f 2901 2902 2903
f 2901 2903 2904
f 2905 2906 2904
f 2904 2906 2901
f 2907 2908 2909
f 2909 2910 2907
f 2911 2910 2909
f 2912 2913 2914
f 2915 2910 2911
f 2915 2911 2916
f 2916 2917 2915
f 2918 2917 2916
f 2919 2917 2918
f 2919 2918 2920
f 2920 2921 2919
f 2922 2921 2923
f 2923 2921 2920
f 2922 2923 2924
f 2925 2926 2927
f 2928 2929 2930
f 2927 2931 2925
f 2932 2931 2933
f 2934 2935 2936
f 2933 2931 2927
f 2932 2933 2936
f 2936 2935 2932
f 2937 2938 2939
f 2940 2941 2939
f 2942 2943 2944
f 2939 2941 2937
f 2945 2946 2947
f 2948 2949 2947
f 2947 2946 2948
f 2950 2951 2952
f 2953 2954 2955
f 2956 2957 2958
f 2959 2960 2961
f 2958 2960 2956
f 2961 2960 2958
f 2959 2961 2962
f 2963 2964 2965
f 2962 2966 2959
f 2967 2966 2962
f 2968 2969 2970
f 2971 2966 2967
f 2971 2967 2972
f 2973 2974 2975
f 2976 2977 2978
f 2979 2980 2981
f 2982 2983 2984
f 2981 2985 2979
f 2986 2985 2981
f 2987 2985 2986
f 2987 2986 2988
f 2989 2990 2991
f 2992 2993 2991
f 2994 2995 2996
f 2991 2990 2992
f 2997 2998 2999
f 2999 3000 2997
f 3001 3000 2999
f 3002 3000 3001
f 3002 3001 3003
f 3003 3004 3002
f 3005 3006 3007
f 3008 3004 3003
f 3009 3004 3008
f 3009 3008 3010
f 3011 3012 3013
f 3014 3015 3013
f 3016 3017 3018
f 3013 3015 3011
f 2907 2913 2908
f 3019 3020 3021
f 2903 3022 3023
f 3024 3025 3026
f 2902 3022 2903
f 3023 3022 3027
f 2913 2906 2905
f 3028 3029 3030
f 3031 3032 3033
f 3034 3035 3033
f 2914 2913 2907
f 3021 3020 3036
f 3033 3035 3031
f 3021 3036 3037
f 3038 3039 3040
f 3041 3042 3043
f 3044 3045 3043
f 3043 3045 3041
f 3046 3047 3048
f 3049 3050 3051
f 3051 3052 3049
f 3053 3052 3054
f 3054 3052 3051
f 3055 3056 3057
f 3053 3054 3058
f 2912 2906 2913
f 3059 3060 3061
f 3062 3063 3064
f 2924 2929 2922
f 3065 3066 3064
f 3064 3066 3062
f 3057 3056 3067
f 2925 2929 2926
f 2937 2943 2938
f 2922 2929 2928
f 3068 3069 3070
f 3057 3067 3071
f 2930 2929 2925
f 2948 2951 2949
f 3072 3073 3074
f 2953 2969 2954
f 2943 2935 2934
f 2944 2943 2937
f 3075 3076 3077
f 3078 3079 3080
f 3081 3082 3083
f 3084 3085 3083
f 2952 2951 2948
f 2951 2941 2940
f 2969 2946 2945
f 3074 3073 3086
f 3083 3085 3081
f 2970 2969 2953
f 2955 2964 2953
f 3074 3086 3087
f 2956 2964 2957
f 3088 3089 3090
f 3091 3092 3093
f 2942 2935 2943
f 2950 2941 2951
f 2965 2964 2956
f 2953 2964 2963
f 2972 2977 2971
f 2975 2983 2973
f 2973 2977 2974
f 3094 3095 3096
f 2971 2977 2976
f 3097 3098 3099
f 3100 3101 3102
f 2978 2977 2973
f 2979 2983 2980
f 2997 3006 2998
f 2968 2946 2969
f 2973 2983 2982
f 2984 2983 2979
f 2988 2995 2987
f 3093 3092 3103
f 2992 2995 2993
f 3093 3103 3104
f 3006 2990 2989
f 3007 3006 2997
f 2996 2995 2992
f 2987 2995 2994
f 3105 3106 3107
f 3108 3109 3110
f 3024 3029 3025
f 3099 3098 3111
f 3031 3036 3032
f 3010 3017 3009
f 3099 3111 3112
f 3113 3114 3115
f 3011 3017 3012
f 3029 3015 3014
f 3116 3117 3118
f 3041 3047 3042
f 3005 2990 3006
f 3030 3029 3024
f 3018 3017 3011
f 3110 3109 3119
f 3120 3121 3122
f 3009 3017 3016
f 3049 3060 3050
f 3123 3124 3125
f 3037 3036 3031
f 3126 3127 3128
f 3110 3119 3129
f 3047 3035 3034
f 3118 3117 3130
f 3024 3020 3019
f 3048 3047 3041
f 3026 3020 3024
f 3062 3067 3063
f 3118 3130 3131
f 3132 3133 3134
f 3060 3045 3044
f 3061 3060 3049
f 3135 3136 3137
f 3138 3139 3140
f 3134 3141 3132
f 3028 3015 3029
f 3068 3079 3069
f 3125 3124 3142
f 3143 3141 3134
f 3144 3141 3143
f 3144 3143 3145
f 3081 3086 3082
f 3125 3142 3146
f 3147 3148 3149
f 3071 3067 3062
f 3046 3035 3047
f 3079 3066 3065
f 3088 3095 3089
f 3080 3079 3068
f 3053 3056 3055
f 904 3150 3151
f 3058 3056 3053
f 3059 3045 3060
f 3100 3103 3101
f 3152 3153 3154
f 3087 3086 3081
f 3154 3155 3152
f 3149 3148 3156
f 3095 3085 3084
f 3105 3111 3106
f 3096 3095 3088
f 3068 3073 3072
f 3157 3155 3154
f 3158 3157 3159
f 3158 3155 3157
f 3070 3073 3068
f 3149 3156 3160
f 3104 3103 3100
f 3113 3119 3114
f 3078 3066 3079
f 3161 3162 3163
f 3164 3165 3166
f 3112 3111 3105
f 3088 3092 3091
f 3090 3092 3088
f 3126 3130 3127
f 3167 3168 3169
f 3170 3171 3172
f 3100 3098 3097
f 3173 3174 3172
f 3132 3142 3133
f 3172 3174 3170
f 3129 3119 3113
f 3102 3098 3100
f 3094 3085 3095
f 3175 3174 3173
f 3176 3177 3178
f 3175 3173 3179
f 3166 3165 3180
f 3181 3182 3183
f 3184 3185 3186
f 3105 3109 3108
f 3187 3188 3189
f 3131 3130 3126
f 3190 3191 3192
f 3107 3109 3105
f 3186 3185 3193
f 3183 3182 3194
f 3166 3180 3195
f 3196 3197 3198
f 3199 3200 3201
f 3202 3203 3204
f 3205 3206 3207
f 3208 3209 3210
f 3183 3194 3211
f 3205 3212 3206
f 3178 3177 3213
f 3214 3215 3207
f 3207 3215 3205
f 3210 3212 3208
f 3113 3117 3116
f 3206 3212 3210
f 3146 3142 3132
f 3216 3214 3217
f 3178 3213 3218
f 3115 3117 3113
f 3152 3156 3153
f 3219 3220 3221
f 3221 3220 3222
f 3216 3215 3214
f 3221 3222 3223
f 3126 3124 3123
f 3201 3224 3225
f 3201 3200 3224
f 3226 3227 3228
f 3128 3124 3126
f 3229 3230 3231
f 3228 3232 3226
f 3160 3156 3152
f 3233 3232 3228
f 3234 3235 3236
f 3237 3238 3239
f 3144 3148 3147
f 3170 3180 3171
f 3145 3148 3144
f 3159 3168 3158
f 3240 3241 3242
f 3161 3168 3162
f 3187 3213 3188
f 3208 3224 3209
f 3195 3180 3170
f 3243 3244 3245
f 3186 3246 3247
f 3158 3168 3167
f 3169 3168 3161
f 3247 3246 3248
f 3235 3185 3184
f 3249 3250 3251
f 3252 3253 3254
f 3202 3194 3203
f 3229 3235 3230
f 3179 3197 3175
f 1163 3255 3256
f 3161 3165 3164
f 3245 3257 3243
f 3190 3197 3191
f 3193 3246 3186
f 3218 3213 3187
f 639 3258 3259
f 3225 3224 3208
f 3190 3177 3176
f 3211 3194 3202
f 3163 3165 3161
f 3260 3257 3245
f 3198 3197 3190
f 3175 3197 3196
f 3204 3200 3202
f 3189 3182 3187
f 3261 3262 3263
f 1159 3264 3265
f 3236 3235 3229
f 3223 3222 3226
f 3226 3222 3227
f 3187 3182 3181
f 3202 3200 3199
f 3192 3177 3190
f 3266 3267 3268
f 3254 3269 3252
f 3217 3220 3216
f 3216 3220 3219
f 3270 3269 3271
f 3272 3257 3260
f 3231 3250 3229
f 831 3273 3274
f 3275 3276 3277
f 3243 3241 3244
f 3241 3232 3233
f 3278 3279 3280
f 3242 3241 3243
f 3271 3269 3254
f 3281 3282 3283
f 2908 2913 2905
f 3270 3271 3284
f 3263 3262 3285
f 3286 3287 3288
f 3234 3185 3235
f 3289 3290 3291
f 3240 3232 3241
f 3272 3260 3292
f 3252 3250 3253
f 3293 3266 3268
f 3251 3250 3252
f 3229 3250 3249
f 3294 3295 3296
f 3297 3298 3299
f 3280 3279 3300
f 3292 3301 3272
f 3302 2829 2824
f 2954 2969 2945
f 3284 3303 3270
f 3304 3305 3306
f 3050 3060 3044
f 3063 3067 3307
f 3308 3309 3310
f 2938 2943 2934
f 3032 3036 3311
f 3069 3079 3065
f 3089 3095 3084
f 3082 3086 3312
f 3042 3047 3034
f 3106 3111 3313
f 3101 3103 3314
f 3114 3119 3315
f 3316 3301 3292
f 3317 3300 3318
f 2949 2951 2940
f 3306 3305 3319
f 3025 3029 3014
f 3133 3142 3320
f 2998 3006 2989
f 3321 3322 3323
f 3127 3130 3324
f 3171 3180 3325
f 3326 3266 3293
f 3327 3328 3323
f 3153 3156 3329
f 3330 3326 3331
f 3332 3333 3334
f 3335 3303 3284
f 3336 3261 3337
f 3338 3339 3309
f 3340 3341 3342
f 3326 3293 3331
f 3310 3309 3343
f 3344 3326 3330
f 3345 3346 3347
f 3348 3349 3350
f 3351 3352 3353
f 3354 3355 3347
f 482 3356 3332
f 3357 3319 3358
f 3359 3300 3317
f 1678 3360 1671
f 590 3361 3362
f 3363 3364 3365
f 3366 3276 3275
f 3367 3368 3369
f 3370 3371 3372
f 3373 3374 2256
f 3375 3376 3377
f 3331 3368 3367
f 3378 3269 3379
f 3380 3381 3382
f 3209 3224 3383
f 3230 3235 3184
f 3384 3385 3386
f 3334 3333 3387
f 3379 3269 3270
f 3388 3389 3390
f 3391 3392 3393
f 3394 3395 3396
f 3397 3398 3399
f 3162 3168 3159
f 3400 3401 3377
f 3402 2921 2922
f 3403 3404 3366
f 3253 3250 3231
f 3405 3406 3381
f 2993 2995 2988
f 471 3407 472
f 3408 3409 3410
f 481 3356 482
f 3411 3412 3413
f 3188 3213 3414
f 3415 2608 2644
f 3012 3017 3010
f 3416 3417 3359
f 3342 3341 3418
f 3419 3420 3421
f 3140 3139 3422
f 3423 3301 3316
f 3356 3333 3332
f 3424 3425 3426
f 2980 2983 2975
f 2926 2929 2924
f 3417 3427 3359
f 3428 3376 3429
f 3302 3412 2829
f 3382 3381 3430
f 3431 3322 3321
f 3432 3319 3357
f 2822 3433 3434
f 3435 3436 3334
f 3437 3381 3380
f 3323 3328 3438
f 3439 3375 3377
f 657 3336 3440
f 3281 3441 3442
f 669 3443 3444
f 3377 3401 3439
f 3364 3445 3365
f 3390 3389 3446
f 3447 3328 3327
f 2256 3374 2242
f 3448 3407 471
f 3449 3303 3450
f 3372 3371 554
f 3451 3452 3453
f 3454 3385 3384
f 1772 3455 3456
f 3413 3412 3457
f 2957 2964 2955
f 3355 3345 3347
f 3457 3412 3302
f 3338 3309 3308
f 3429 3376 3375
f 3458 3459 3460
f 553 3372 554
f 3461 2921 3402
f 3462 3463 3464
f 3465 3345 3466
f 3467 3463 3296
f 3468 3469 3470
f 1799 3455 1772
f 1220 3336 657
f 3388 3471 3389
f 3191 3197 3179
f 3401 3409 3408
f 1475 2609 2604
f 3472 3454 3384
f 3473 3474 3475
f 1722 3476 1708
f 3477 3478 3479
f 472 3407 3480
f 1708 3476 3481
f 1672 3482 3483
f 559 3484 3485
f 682 3486 3487
f 2974 2977 2972
f 3488 3489 3451
f 3464 3463 3490
f 3491 3492 3493
f 3494 3495 3360
f 2662 3496 3439
f 3407 3497 3480
f 3397 3498 3499
f 3500 3343 3501
f 3502 3403 3366
f 3386 3385 3503
f 3504 3279 3278
f 3505 3506 3507
f 3508 2931 2932
f 3270 3303 3449
f 3509 3499 3510
f 3511 3512 3513
f 3203 3194 3514
f 3515 3416 3359
f 3516 3517 3518
f 2613 2606 2580
f 3519 3497 3407
f 3520 3521 3522
f 3523 3401 3400
f 3524 3525 3526
f 1671 3360 3482
f 3527 2917 3528
f 1151 3529 3530
f 3493 3489 3488
f 3531 3532 3533
f 1173 3484 559
f 3152 3155 3534
f 3535 3536 3537
f 3428 3022 2902
f 3538 3539 3540
f 3541 3491 3493
f 3542 3437 3380
f 3543 3544 2363
f 3545 3499 3509
f 532 3479 1082
f 502 3546 3547
f 3482 3548 3483
f 3549 3550 3551
f 3552 3553 3554
f 3555 3403 3502
f 1665 3556 1666
f 3477 3479 532
f 3557 2931 3508
f 3558 3499 3545
f 3388 3335 3471
f 3534 3155 3559
f 3560 3391 3561
f 3562 3412 3411
f 3563 3564 3565
f 3512 3566 3513
f 3387 3435 3334
f 3567 3568 3569
f 3570 3571 3572
f 3504 3573 3574
f 3244 3241 3233
f 1981 3575 2898
f 3576 3462 3464
f 3577 3553 3552
f 3335 3284 3578
f 3579 3538 3540
f 3336 3337 3440
f 1479 2609 1475
f 502 3547 883
f 3580 3518 3581
f 1980 3575 1981
f 3582 3546 501
f 3583 3584 3585
f 3343 3586 3501
f 3504 3587 3573
f 3588 3519 3448
f 3589 3590 3466
f 3504 3278 3587
f 2289 3591 2203
f 2636 3592 3410
f 3593 3594 3595
f 3596 3597 3598
f 3599 3600 3601
f 501 3546 502
f 1150 3529 1151
f 3602 3603 3193
f 3510 3604 3605
f 3606 3560 3561
f 3607 3608 584
f 3343 3609 3586
f 3490 3463 3610
f 3611 3612 3613
f 2911 2909 3614
f 3615 3616 3617
f 3618 3619 1640
f 3615 3620 3616
f 3612 2884 3613
f 3561 3621 3622
f 3622 3621 3623
f 3624 3336 1220
f 3427 3300 3359
f 2654 3625 1659
f 3450 3303 3388
f 3415 2644 3626
f 3627 3433 2822
f 3628 3591 2289
f 494 3629 495
f 3630 2941 2950
f 3631 3525 3524
f 3632 3633 3634
f 3635 3497 3519
f 3636 3308 3637
f 3638 3212 3205
f 2955 2954 3639
f 3640 3641 3642
f 3522 3364 3363
f 3499 3498 3510
f 3643 3475 3471
f 2580 2606 2589
f 3617 3616 3644
f 616 3645 3646
f 3647 3549 3551
f 3293 3268 3648
f 3649 3650 3651
f 2927 2926 3652
f 2915 2917 3527
f 3447 3327 3653
f 1666 3556 2654
f 3654 3416 3655
f 3586 3410 3501
f 3516 3518 3656
f 615 3645 616
f 3657 3593 3595
f 3658 3583 3659
f 1758 3660 2886
f 3566 3661 3513
f 3629 3662 495
f 3663 3577 3552
f 3664 2607 2830
f 3483 3556 1665
f 3658 3584 3583
f 3665 3333 3356
f 3666 3667 909
f 3668 3654 3655
f 3669 3122 3670
f 2919 2921 3461
f 3595 3454 3472
f 3367 3369 3520
f 3236 3229 3249
f 3528 2919 3461
f 3671 3640 3642
f 3672 3673 3674
f 3675 3657 3676
f 3677 3420 3419
f 2928 2930 3678
f 3296 3463 3462
f 3679 2879 3680
f 3119 3109 3315
f 963 3681 3682
f 3676 3657 3595
f 3492 3683 3684
f 3343 3309 3609
f 3528 3461 3685
f 3304 3686 3687
f 2972 2967 3688
f 3434 3433 3689
f 3154 3153 3690
f 3254 3691 3692
f 3184 3693 3694
f 3460 3459 3695
f 3636 3338 3308
f 3696 2985 2987
f 3697 3698 3699
f 2936 3700 3701
f 3702 3703 3631
f 3704 2915 3527
f 3381 3406 3430
f 3705 3281 3442
f 3706 3707 3708
f 3709 3604 3510
f 3710 2834 3614
f 3491 3711 3492
f 3512 3712 3566
f 3713 3560 3606
f 3714 2608 3415
f 3715 3716 3520
f 3717 3599 3601
f 584 3608 577
f 2924 3718 3719
f 3654 3720 3416
f 3598 3597 3721
f 2962 3722 3723
f 568 3538 3579
f 2657 2658 3724
f 3703 3525 3631
f 3195 3725 3647
f 3457 3726 3727
f 3423 3316 3728
f 3685 3729 3555
f 3730 3424 3731
f 3696 2994 3732
f 3730 3731 3354
f 3118 3131 3733
f 909 3667 882
f 681 3486 682
f 3557 3508 3734
f 3735 3736 3737
f 2665 3323 3438
f 3738 3027 3429
f 2363 3544 2364
f 3554 3553 3038
f 3739 3740 3741
f 3742 3656 3580
f 3743 3476 1722
f 3496 3375 3439
f 931 3744 965
f 3616 3531 3533
f 3169 3164 3745
f 3388 3303 3335
f 3746 3747 3748
f 3749 3750 3576
f 3751 3752 3753
f 3405 3381 3437
f 3754 3755 3394
f 3756 3757 3758
f 3057 3071 3632
f 2958 2957 3759
f 3760 3484 1173
f 3335 3578 3761
f 3637 3458 3762
f 3078 3080 3348
f 3763 3764 3542
f 3724 3636 3762
f 3547 3695 3765
f 3766 3059 3767
f 3074 3087 3768
f 3093 3104 3769
f 3770 3771 2228
f 3772 3773 1633
f 3774 3775 3734
f 3405 3776 3777
f 3778 3779 3780
f 2227 3770 2228
f 3642 3641 3713
f 3781 2942 3507
f 3590 3465 3466
f 3782 3783 3784
f 3785 3669 633
f 3786 3787 939
f 765 3788 982
f 1209 3789 905
f 2203 3790 1689
f 3791 3792 2058
f 3046 3048 3793
f 3096 3091 3794
f 3169 3161 3164
f 991 3681 963
f 1063 3786 939
f 2226 2843 2092
f 3112 3108 3795
f 3796 3797 3798
f 3446 3799 3800
f 3801 3802 663
f 3803 3804 3805
f 3210 3806 2683
f 3807 2976 3808
f 562 3809 3810
f 1863 3811 3812
f 3813 3814 3793
f 1176 3815 1172
f 3533 3549 3647
f 3430 3816 3817
f 2909 2908 3710
f 1144 3818 3819
f 2227 3773 3770
f 3820 3141 3821
f 3323 3322 3327
f 3239 3238 3822
f 3823 3824 3445
f 663 3802 664
f 965 3744 3825
f 1481 2642 2610
f 2035 3826 3791
f 912 3827 3666
f 1767 3828 3829
f 567 3538 568
f 1690 3830 2891
f 3623 3491 3541
f 3831 2901 3832
f 2944 3630 3580
f 3833 3784 3834
f 3835 3706 3550
f 3610 3463 3467
f 3581 3505 3507
f 3123 3125 3386
f 3836 3837 3838
f 3179 3173 3839
f 3523 3409 3401
f 3840 3588 3448
f 3841 3842 3843
f 2631 2626 2603
f 3844 3267 3266
f 3845 3846 3847
f 3848 3516 3656
f 3849 3850 3851
f 3620 3531 3616
f 3852 3853 3854
f 3659 3583 803
f 3457 3302 3726
f 3716 3855 3521
f 3784 3856 3857
f 3858 2835 3859
f 1251 3860 3861
f 1082 3479 3862
f 1659 3625 1660
f 2058 3792 2359
f 3426 3328 3447
f 3805 3570 3572
f 3863 3740 1174
f 3861 3864 3865
f 3551 3550 3866
f 3867 3567 3569
f 3730 3868 3869
f 3034 3033 2738
f 3014 3013 2726
f 3528 2917 2919
f 3605 3604 3870
f 2924 2923 3718
f 3400 3871 3541
f 3423 3728 3603
f 3862 3872 3873
f 3316 3292 3874
f 3875 3232 3240
f 3058 3054 3876
f 3547 3546 3695
f 3877 3878 3344
f 3879 3880 3881
f 3051 3050 3882
f 3649 3883 3884
f 3594 3454 3595
f 3330 3367 3522
f 3885 3886 3887
f 3878 3326 3344
f 3888 3744 3889
f 1768 3660 1758
f 3890 3622 3623
f 2918 2916 3858
f 2018 3891 3892
f 862 3893 3894
f 3627 3612 3611
f 3233 2811 3895
f 3042 3034 3896
f 3025 3014 3897
f 3661 3898 3577
f 3899 2689 3664
f 3527 3555 3502
f 3835 3550 3549
f 836 3448 471
f 1172 3815 3760
f 3378 3379 3515
f 3498 3709 3510
f 3900 3788 3901
f 3881 3880 3902
f 3775 3903 3904
f 3905 2985 3696
f 3906 3615 3617
f 3907 3558 3545
f 3908 3749 3576
f 3909 3611 3411
f 3063 3307 3910
f 3709 3121 3120
f 3902 3909 3413
f 2908 2905 2692
f 3369 3715 3520
f 3892 3911 2250
f 3912 3529 1150
f 3682 3913 1042
f 3894 3914 1077
f 1653 3915 1654
f 1654 3915 3373
f 3447 3653 3589
f 3916 3657 3675
f 2930 3557 3917
f 2916 2697 3858
f 2939 2938 3918
f 3195 3647 3551
f 3919 3212 3638
f 3260 3245 2680
f 3920 3921 3720
f 3244 3895 3922
f 3131 3126 3123
f 3923 3216 3219
f 3602 3193 3924
f 3449 3668 3655
f 3736 3925 3737
f 3293 3648 3926
f 531 3477 532
f 495 3662 496
f 3500 3501 3927
f 3511 3513 3663
f 3242 3907 3545
f 3188 3414 3928
f 3180 3165 3325
f 3043 3042 3929
f 3560 3641 3930
f 634 3669 3670
f 3143 3134 2671
f 3064 3063 3931
f 3026 3025 3932
f 3933 3934 3833
f 3005 3935 3934
f 478 3936 481
f 3751 3000 3752
f 3937 3797 3796
f 3588 3938 3519
f 3656 3518 3580
f 3902 3939 3468
f 2999 2998 3940
f 3941 3436 3942
f 3943 3944 3945
f 3866 3550 3708
f 2908 2692 3710
f 1862 3811 1863
f 2994 3834 3732
f 3406 3946 3430
f 2579 2613 2580
f 3947 3948 3949
f 3950 3215 3923
f 3610 3467 3951
f 3654 3920 3720
f 3856 3952 3857
f 3560 3930 3391
f 3953 3425 3424
f 3514 2803 3954
f 3329 3145 3955
f 3307 3956 3910
f 1207 3818 1144
f 3957 3596 3958
f 3164 3866 3745
f 3800 3959 3735
f 3960 2602 3714
f 3191 3179 3961
f 3042 3896 3929
f 1640 3619 2334
f 3369 3368 2657
f 1882 3962 3963
f 3755 3052 3053
f 3302 2824 3964
f 3044 3043 2744
f 3153 3329 3965
f 3065 3064 2753
f 496 3662 3582
f 1633 3773 2227
f 3966 3851 3659
f 3814 3967 3968
f 3969 3970 3971
f 3311 3026 2733
f 2041 3826 2035
f 3071 3972 3632
f 3218 3663 3552
f 3805 3572 3953
f 3397 3499 3558
f 3313 3102 2771
f 3084 3083 2763
f 3083 3082 3973
f 2957 2955 3974
f 1211 3975 456
f 861 3659 803
f 3976 3977 2102
f 3734 3775 3904
f 3978 3979 3980
f 2978 2973 2982
f 3390 3705 3442
f 3102 3101 3981
f 3203 3954 3982
f 3082 3312 3983
f 1175 3371 3984
f 3985 3986 3987
f 3736 3879 3881
f 3106 3313 3988
f 3101 3314 3989
f 3788 3990 3991
f 3087 3971 3768
f 3104 3992 3769
f 3099 3993 3994
f 3169 3745 3995
f 3664 2830 3562
f 3988 2865 3996
f 3655 3416 3515
f 3090 3089 3997
f 3312 3070 2756
f 3070 3069 3998
f 2933 2927 3999
f 4000 3864 3860
f 4001 4002 3742
f 2952 2948 4003
f 4004 2960 2959
f 3995 3697 4005
f 3107 3106 3996
f 3314 3090 2766
f 3018 4006 4007
f 3159 3157 4008
f 3769 3886 3885
f 4009 4010 4006
f 3755 4011 3394
f 3057 3632 4012
f 4013 3885 4014
f 4005 3699 4015
f 3661 3577 3513
f 3316 3874 4016
f 4017 4018 1833
f 3832 2912 3642
f 3752 4019 3753
f 3446 3389 3799
f 3926 3368 3331
f 2640 3868 4020
f 3402 2928 4021
f 4022 3004 3009
f 3059 3780 3767
f 4004 3702 3631
f 4005 3697 3699
f 2624 4023 3964
f 2624 2623 4023
f 3134 4024 2671
f 3133 4025 4024
f 3482 4026 3548
f 2914 4027 4028
f 3080 4029 3348
f 3096 3794 3351
f 4030 4031 3703
f 2963 4032 4033
f 4034 3841 4035
f 3093 3769 4013
f 3112 3795 3993
f 3127 4036 4037
f 3010 2721 4038
f 3125 3146 3384
f 3064 3931 2753
f 3596 3598 3958
f 4036 2869 4037
f 3043 3929 2744
f 3026 3932 2733
f 2965 2956 4039
f 3732 3758 4040
f 4041 4042 4043
f 3725 4044 3644
f 3446 3800 4045
f 3172 3171 4046
f 3823 4047 3824
f 1771 3828 1767
f 3365 3536 3535
f 3386 3503 4048
f 4049 4050 3702
f 4051 3884 3836
f 3766 3767 4052
f 3192 4053 4054
f 3324 2783 4036
f 4055 3556 3483
f 3019 4056 4041
f 3072 4057 4029
f 3091 4013 3794
f 4044 3196 3617
f 1155 3853 3852
f 947 4058 4059
f 3048 4052 3793
f 3108 4060 3795
f 3293 3926 3331
f 3329 3955 3965
f 3767 3779 4061
f 4062 4063 3838
f 3383 2806 4064
f 3337 4065 4066
f 3337 4066 3440
f 2976 4035 3808
f 3986 4067 3987
f 4048 4068 3733
f 3559 3155 3158
f 3194 3182 3514
f 3102 3981 2771
f 2972 3688 4069
f 3952 3756 3758
f 765 3990 3788
f 1244 3597 3596
f 4035 3841 3843
f 3313 2771 3988
f 3082 3983 3973
f 3252 3269 3378
f 3674 3673 3843
f 3963 3811 1862
f 3514 3189 2803
f 3163 3162 4070
f 3696 2987 2994
f 3206 2683 4071
f 3101 3989 3981
f 577 3608 4072
f 4073 3601 811
f 3937 4074 3797
f 3354 3347 3635
f 3704 3527 3502
f 3527 3528 3555
f 3116 3118 3943
f 3164 3166 3866
f 2662 3439 3408
f 3154 3690 2674
f 3841 4075 3842
f 3314 2766 3989
f 3070 3998 2756
f 4061 4076 4077
f 1042 3913 1181
f 869 3893 862
f 2031 3891 2018
f 3007 2997 3751
f 3170 3174 3725
f 3090 3997 2766
f 2945 4078 2651
f 3938 3635 3519
f 3310 3500 4079
f 3957 3958 4080
f 3731 3355 3354
f 3630 3742 3580
f 3574 3573 4081
f 2927 3652 3999
f 1181 3913 4082
f 2334 3619 4083
f 4084 4085 4086
f 2970 2953 2963
f 3750 3462 3576
f 3450 3390 3442
f 3916 4087 3657
f 3916 4088 4089
f 3960 2631 2602
f 3890 3428 4090
f 2984 2979 3905
f 4091 3886 3992
f 3206 3210 2683
f 2361 3771 2896
f 4092 4093 4094
f 3502 3366 4095
f 1065 4096 3937
f 3426 3425 3328
f 3104 3097 3992
f 4097 4098 4099
f 633 3669 634
f 3787 3860 1208
f 928 4100 4101
f 2203 3591 3790
f 2102 3977 2141
f 2079 4102 2894
f 3199 3201 4103
f 2949 2709 4104
f 4105 4000 3787
f 4074 4106 3797
f 746 4084 747
f 1211 3796 3975
f 1213 4107 4096
f 1002 4108 4109
f 1773 4110 1755
f 3845 3847 3585
f 3037 4111 4112
f 3061 3049 3754
f 2975 2974 4113
f 2939 3918 4114
f 3231 3230 4115
f 1245 3596 3957
f 456 3975 4092
f 1219 3583 3585
f 767 4116 3966
f 2141 3977 2893
f 2359 3792 2895
f 2364 3544 2897
f 1809 4117 4118
f 3943 3945 4119
f 3866 3708 3745
f 3195 3170 3725
f 2988 2986 4120
f 3739 4121 4105
f 1833 4018 1834
f 1881 3962 1882
f 3935 4122 3934
f 554 3371 1175
f 1755 4110 2899
f 3426 4123 3731
f 3934 3782 3833
f 1175 3984 1176
f 3018 3011 4009
f 4124 4125 3972
f 3570 2847 3571
f 4126 3741 3863
f 3755 3055 4011
f 3390 3446 3705
f 3724 2658 3636
f 3834 3857 3732
f 4022 3016 4051
f 3754 3052 3755
f 3699 4127 4015
f 4128 3891 2031
f 3937 4096 4074
f 3221 3223 3870
f 3284 3271 4129
f 3869 3563 3953
f 3537 3590 3589
f 3219 3221 3867
f 3729 4130 3403
f 3498 4131 3709
f 4132 3681 991
f 3825 3893 869
f 3812 4133 2272
f 2592 2622 2590
f 3957 4080 3853
f 4020 3868 3730
f 3992 3886 3769
f 4134 4097 4099
f 3019 3021 4056
f 3110 3129 3075
f 3592 3408 3410
f 1915 2877 2309
f 3481 4135 1709
f 2959 2966 4049
f 3753 3746 3748
f 3752 4136 4019
f 3584 4137 3845
f 4096 4107 4138
f 4139 4099 1026
f 4140 4141 881
f 3908 3423 4142
f 3957 3853 462
f 1819 4143 1820
f 4136 4022 4144
f 4145 4146 4147
f 4148 4149 3464
f 3737 4150 4151
f 930 3889 931
f 1208 3860 1251
f 4092 3975 4093
f 3606 3561 3622
f 2914 4028 3671
f 3080 3072 4029
f 3223 3875 3605
f 3885 4152 4014
f 3115 3114 4153
f 3546 4154 3695
f 1152 4155 1207
f 4156 3990 764
f 2228 3771 2361
f 4157 4084 746
f 1155 3852 1072
f 1244 3596 1245
f 947 4059 988
f 1213 4096 1065
f 4158 4116 798
f 4159 3645 615
f 3900 3901 4126
f 3636 3637 3762
f 3147 3149 4160
f 3665 3345 3465
f 798 4116 767
f 743 4158 798
f 487 3941 488
f 2589 2605 2591
f 3129 3113 3116
f 3225 3919 3382
f 3224 3200 3383
f 4161 3962 1881
f 3030 3019 4041
f 1072 3852 4162
f 988 4059 4163
f 4164 4165 1823
f 4006 3649 4007
f 4166 3778 3780
f 3072 3074 4057
f 3091 3093 4013
f 3208 3212 3919
f 3870 4167 3867
f 3240 3242 3545
f 982 3788 3900
f 3653 3877 3537
f 4112 4145 4147
f 3610 3558 3907
f 2981 2980 4168
f 2961 2958 4169
f 1172 3760 1173
f 4057 4170 4029
f 4013 4014 3794
f 2631 2603 2602
f 3228 3227 3680
f 2991 4171 4172
f 3889 3744 931
f 4060 4173 3795
f 3456 4110 1773
f 3402 4021 4174
f 2993 4175 4171
f 2988 4120 4175
f 4073 3765 3717
f 2989 4172 4176
f 3517 4177 4178
f 1690 2891 1683
f 1715 3628 2289
f 1758 2886 1759
f 2986 4179 4120
f 2967 2962 3723
f 1819 4165 4143
f 3785 4180 3669
f 4142 3602 3358
f 3837 4062 3838
f 4181 3319 3432
f 4182 4183 3783
f 3447 3589 4123
f 3871 3623 3541
f 3842 3674 3843
f 4184 3460 4185
f 4147 4146 4056
f 3793 3814 3968
f 3236 3249 4186
f 4077 4187 3813
f 1785 4188 1771
f 3461 3402 4174
f 3610 3951 3558
f 3805 3804 3570
f 2999 3940 2716
f 2918 3858 3859
f 4050 4030 3702
f 4051 3836 4144
f 4043 3289 4010
f 3048 3041 3766
f 3523 3488 3451
f 3030 3024 3019
f 3096 3088 3091
f 3112 3105 3108
f 4068 3944 3733
f 3861 3889 930
f 4189 3789 4162
f 3453 3452 4190
f 4039 4004 3631
f 3211 3202 3199
f 3895 2881 3922
f 3253 2686 3691
f 4082 4155 1152
f 1654 3373 2256
f 4191 3539 3538
f 3589 3466 4123
f 3916 4089 4087
f 3033 3032 4192
f 883 3547 4073
f 3807 2971 2976
f 3767 4061 4052
f 3559 3158 3167
f 4081 3573 3432
f 3532 3549 3533
f 2981 4168 4179
f 4052 3813 3793
f 4193 3474 3473
f 2018 3892 2250
f 4035 3843 3808
f 3615 4194 3620
f 3173 3172 2677
f 3651 4195 3883
f 4196 3370 3372
f 604 3912 1150
f 963 3682 1042
f 862 3894 1077
f 1237 4159 615
f 3704 3502 4095
f 3919 3638 3380
f 3228 3680 2811
f 4149 3908 3576
f 3005 3007 3935
f 3234 3574 4081
f 4061 4077 3813
f 3627 2822 3612
f 2923 2920 2648
f 2930 3917 3678
f 3054 2668 3876
f 3465 3333 3665
f 3310 4079 3340
f 3831 3713 3606
f 3001 2716 4197
f 4180 3122 3669
f 4086 4198 724
f 3840 3448 836
f 3927 3451 3453
f 3236 4186 3574
f 4059 4058 4199
f 3984 3815 1176
f 4039 2960 4004
f 3644 3616 3533
f 4142 3358 3749
f 3051 3882 2668
f 2958 3759 4169
f 3837 3237 4062
f 3566 4200 3661
f 3862 3873 4201
f 3905 3696 4040
f 3823 3445 3364
f 496 3582 501
f 3330 3331 3367
f 3500 3453 4079
f 4090 3606 3622
f 3181 3183 3511
f 3602 3924 3357
f 3207 3206 4071
f 3033 4192 2738
f 3013 4202 2726
f 2961 4169 3722
f 3623 3621 3491
f 3716 4185 3855
f 3565 3415 3803
f 2390 3976 2102
f 2984 3905 3985
f 3909 3627 3611
f 3034 2738 3896
f 3014 2726 3897
f 3860 3864 3861
f 3251 3252 3378
f 2905 4203 2692
f 3151 3150 4204
f 3865 3888 3889
f 634 3670 627
f 3125 3384 3386
f 3146 3472 3384
f 3820 3676 3472
f 4149 3576 3464
f 3590 3387 3465
f 670 3801 663
f 747 4086 724
f 2942 2944 3581
f 4160 4088 3916
f 3653 3537 3589
f 3821 3675 3676
f 3725 3644 3647
f 4148 3464 3490
f 1772 3456 1773
f 3097 3099 3994
f 4021 3285 4174
f 3146 3132 3820
f 4044 3617 3644
f 568 3579 561
f 2214 4017 1833
f 1882 3963 1862
f 3725 3174 4044
f 3954 2875 3982
f 3369 3724 3715
f 3131 4048 3733
f 3764 3437 3542
f 3111 3098 3313
f 583 3607 584
f 1721 3743 1722
f 2982 2984 3987
f 3421 3420 3512
f 3221 3870 3867
f 3800 3735 4151
f 2947 2949 4104
f 2940 2939 4114
f 3147 4160 3675
f 3379 3655 3515
f 3457 3727 3939
f 3782 4122 4182
f 2957 3974 3759
f 4205 3455 1799
f 3223 3605 3870
f 3134 3133 4024
f 3852 3854 4206
f 4059 4199 4207
f 4208 3477 531
f 3579 3540 4209
f 3118 3733 3943
f 3211 3419 3421
f 3086 3073 3312
f 4093 4210 4094
f 3786 3740 3739
f 3166 3551 3866
f 3219 3867 3569
f 3908 4142 3749
f 3251 3317 3318
f 3003 4197 4211
f 3788 3991 3901
f 3450 3388 3390
f 3736 3881 3925
f 3103 3092 3314
f 747 4084 4086
f 2996 3833 3834
f 3094 3096 3351
f 3183 3421 3511
f 3720 3417 3416
f 2962 2961 3722
f 1639 3618 1640
f 4085 4212 4086
f 3007 3748 3935
f 3970 4213 3971
f 3196 3906 3617
f 3923 3569 3763
f 3226 3232 3875
f 3378 3515 3317
f 3271 3692 4129
f 4092 4094 4058
f 4139 4134 4099
f 4212 4198 4086
f 3938 4020 3635
f 4167 3567 3867
f 3621 4214 3711
f 724 4198 725
f 2272 4133 2214
f 3875 3509 3605
f 3240 3545 3509
f 3127 3324 4036
f 969 3863 1174
f 3696 3732 4040
f 3821 3141 3144
f 3149 3949 4160
f 3181 3511 3663
f 3649 3884 4007
f 3116 3943 4119
f 3423 3603 4142
f 3735 3959 4215
f 3586 2636 3410
f 3324 3115 2783
f 3050 4216 3882
f 3025 3897 3932
f 3975 3796 3798
f 4108 4217 4109
f 905 4218 906
f 657 3440 658
f 520 4219 527
f 1672 3483 1665
f 1677 3494 1678
f 1732 2831 1733
f 1747 2833 1739
f 4220 3575 1980
f 4073 3717 3601
f 3786 4105 3787
f 2996 2992 3933
f 3490 3610 3907
f 4045 4221 3705
f 3067 3056 3307
f 3937 3796 1210
f 1671 3482 1672
f 4222 3826 2041
f 3367 3520 3522
f 3752 3000 3002
f 4160 3916 3675
f 3950 3763 3542
f 3245 3244 3922
f 3741 3740 3863
f 462 3853 1155
f 1247 4058 947
f 4092 4058 1247
f 1956 2900 1957
f 3071 3062 4223
f 3571 3438 3572
f 3254 3253 3691
f 4224 4100 1215
f 4225 4102 2357
f 3905 4040 3985
f 3934 4122 3782
f 3097 3994 3992
f 577 4072 578
f 620 4226 621
f 1116 3597 1244
f 1065 3937 1210
f 855 4227 856
f 1214 4139 1026
f 880 4140 881
f 928 4101 851
f 882 4228 875
f 1221 3624 1220
f 865 3840 836
f 1666 2654 1659
f 2352 2855 2353
f 2013 2859 2146
f 2192 2863 1850
f 1942 2868 2045
f 2039 2870 2040
f 2079 2894 2008
f 2062 4222 2041
f 2361 2896 2029
f 2362 3772 1633
f 1986 2878 1987
f 2332 4229 2005
f 1981 2898 1705
f 1728 4220 1980
f 1708 3481 1709
f 1798 4205 1799
f 3877 3535 3537
f 3751 3753 3748
f 3735 3737 4151
f 3214 3207 4230
f 3032 4231 4192
f 3590 3536 3387
f 3810 3372 553
f 939 3787 1208
f 1210 3796 1211
f 3299 4107 1076
f 1026 4099 718
f 1215 4100 928
f 1002 4109 978
f 3286 4108 1216
f 3966 3659 861
f 3332 3941 487
f 2357 4102 2079
f 3508 3774 3734
f 3752 3002 4136
f 3183 3211 3421
f 3764 4232 4233
f 559 3485 560
f 562 3810 553
f 645 4234 646
f 1144 3819 1206
f 1103 4235 1052
f 906 4156 764
f 1245 3957 462
f 456 4092 1247
f 1076 4107 1213
f 911 3299 1076
f 719 4236 995
f 718 4098 719
f 895 4237 980
f 799 3822 800
f 978 4224 1215
f 1216 4108 1002
f 1217 3286 1216
f 912 3666 909
f 1219 3585 1218
f 767 3966 861
f 742 4238 743
f 682 3487 704
f 616 3646 1221
f 832 4208 531
f 512 4239 518
f 482 3332 487
f 479 2643 480
f 2334 4083 2346
f 1660 4240 1653
f 1790 2836 1791
f 2348 2838 2219
f 2339 2887 2349
f 1863 3812 2272
f 2060 2848 1900
f 2388 2852 1629
f 2249 2857 2355
f 2149 2861 2190
f 2127 2866 2054
f 2125 4225 2357
f 2359 2895 2358
f 2035 3791 2058
f 2364 2897 1627
f 2365 3543 2363
f 1809 4118 1810
f 1818 4117 1809
f 1845 4241 1818
f 2437 2826 2366
f 4242 4243 3679
f 3834 3784 3857
f 3078 3348 4124
f 2934 2936 3701
f 2926 3719 3652
f 3094 3351 3970
f 3559 3167 4005
f 3382 3430 3817
f 4148 3272 4149
f 3899 3562 3411
f 3162 3159 4244
f 3369 2657 3724
f 3129 4119 3075
f 3198 4245 3906
f 3638 3542 3380
f 2824 2624 3964
f 3063 3910 3931
f 4136 3004 4022
f 3421 3512 3511
f 2984 3985 3987
f 4146 4246 4056
f 3061 4166 3780
f 3754 3394 4166
f 3769 3885 4013
f 3160 3947 3949
f 3878 3266 3326
f 3203 3514 3954
f 3188 3928 4247
f 3315 3107 2778
f 3178 3552 3554
f 4103 3677 3419
f 4081 3432 3357
f 3335 3761 3471
f 4187 3135 3814
f 3330 3522 3363
f 3524 3526 4032
f 3037 4112 4147
f 3245 3922 2680
f 3523 3400 3488
f 4039 3631 3524
f 3638 3950 3542
f 3515 3359 3317
f 4221 3281 3705
f 3750 3305 3304
f 4248 4249 4146
f 3344 3363 3535
f 2965 3524 4032
f 4111 3968 4112
f 3446 4045 3705
f 3987 4067 4034
f 3016 4007 4051
f 3780 3779 3767
f 3176 3554 4245
f 3201 3817 4103
f 3800 4151 4045
f 3782 4182 3783
f 3952 3758 3857
f 2965 4039 3524
f 3021 4147 4056
f 3080 3068 3072
f 2993 2988 4175
f 2923 2648 3718
f 2982 3987 4034
f 3967 4250 4145
f 3217 4251 4243
f 3008 4211 2721
f 3802 4252 3422
f 3781 3507 3774
f 4144 3838 4019
f 4006 3650 3649
f 3218 3187 3181
f 3550 3706 3708
f 3204 3982 2806
f 3414 4054 3928
f 2934 3701 2704
f 2905 2904 4203
f 1475 2604 1466
f 2214 4133 4017
f 4112 3967 4145
f 3534 4015 3947
f 3919 3380 3382
f 3260 2680 4253
f 3320 2788 4025
f 3044 2744 4216
f 3225 3208 3919
f 3143 2671 4254
f 3128 4037 2788
f 2986 2981 4179
f 4022 4051 4144
f 3074 3768 4057
f 3110 3075 4060
f 3167 3995 4005
f 3664 2689 2645
f 3179 3839 3961
f 3173 2677 3839
f 3172 4046 2677
f 3171 4255 4046
f 3311 2733 4231
f 4136 4144 4019
f 4010 3289 3650
f 3046 3793 3968
f 2979 2985 3905
f 3028 4043 4010
f 3146 3820 3472
f 3225 3382 3817
f 3249 3251 3318
f 3214 4230 4251
f 3191 3961 4053
f 3145 4254 3955
f 2996 3933 3833
f 3933 3005 3934
f 3821 3147 3675
f 4004 4049 3702
f 2978 4034 4035
f 3649 3651 3883
f 4256 3525 3703
f 3559 4005 4015
f 3163 4070 4257
f 4058 4094 4199
f 3856 4258 4259
f 3135 3967 3814
f 3909 3411 3413
f 4248 4146 4145
f 3115 4153 2783
f 2954 2651 3639
f 3853 4080 3854
f 2970 2963 4033
f 4144 3836 3838
f 3054 3051 2668
f 2942 3581 3507
f 3807 3808 4050
f 3198 3190 3176
f 3223 3226 3875
f 4030 3672 4031
f 3083 3973 2763
f 3065 2753 4260
f 3884 3883 4261
f 2970 4033 3978
f 3838 4063 4019
f 4187 3814 3813
f 4077 4262 4187
f 4052 4061 3813
f 3648 2888 3926
f 4233 3405 3437
f 3162 4244 4070
f 3153 3965 3690
f 3142 3124 3320
f 3114 4263 4153
f 4263 2867 4153
f 3084 2763 4264
f 3983 2860 3973
f 1467 2628 1476
f 3548 4055 3483
f 3211 3199 3419
f 3924 3234 4081
f 3989 2864 3981
f 3406 3138 3946
f 3852 4206 4162
f 4059 4207 4163
f 4041 4246 4042
f 3132 3141 3820
f 3069 4260 3998
f 3836 4261 3837
f 4249 4246 4146
f 3234 3236 3574
f 3312 2756 3983
f 3706 4265 3707
f 4139 4266 4134
f 2944 3580 3581
f 3968 3967 4112
f 3038 4267 4245
f 3950 3923 3763
f 3611 3899 3411
f 3315 2778 4263
f 3106 3988 3996
f 1077 3914 1265
f 2242 3374 2892
f 2250 3911 2404
f 3581 3518 3505
f 4007 3884 4051
f 3159 4008 4244
f 725 4198 4268
f 3196 3198 3906
f 3218 3181 3663
f 3157 2674 4008
f 4096 4138 4074
f 4155 3818 1207
f 2968 3978 3980
f 1063 3740 3786
f 3789 4218 905
f 3786 3739 4105
f 3509 3510 3605
f 3471 3475 3389
f 3975 3798 4093
f 1265 3914 4157
f 2404 3911 4161
f 3782 3784 3833
f 4090 3831 3606
f 3149 3160 3949
f 3664 2645 2607
f 3383 3200 3204
f 2920 3859 2648
f 906 4218 4156
f 3061 3754 4166
f 3129 3116 4119
f 3178 3218 3552
f 3513 3577 3663
f 882 3667 4228
f 3857 3758 3732
f 3615 4267 4194
f 799 4141 3822
f 2950 4001 3742
f 4003 3980 4269
f 978 4109 4224
f 2365 4270 3543
f 2940 4114 2709
f 2903 3023 4271
f 2952 4269 4001
f 3958 4272 4080
f 719 4098 4236
f 494 3942 3629
f 3938 2640 4020
f 3021 3037 4147
f 3613 2689 3899
f 3013 3012 4202
f 4197 2844 4211
f 2989 2991 4172
f 3198 3176 4245
f 664 3802 3422
f 511 3600 512
f 4140 4273 4141
f 1834 4018 4164
f 3176 3178 3554
f 3799 3959 3800
f 4073 3547 3765
f 3160 3534 3947
f 4150 4274 4151
f 2980 2975 4275
f 1174 3740 1063
f 3896 2853 3929
f 3897 2849 3932
f 3869 3953 3424
f 2978 2982 4034
f 2912 3671 3642
f 3167 3169 3995
f 3307 3058 3956
f 4271 2832 4203
f 3274 3273 3393
f 3227 4242 3679
f 3532 3835 3549
f 3492 3684 3493
f 3316 4016 3728
f 2926 2924 3719
f 764 3990 765
f 4099 4098 718
f 1481 2610 1479
f 3584 3845 3585
f 3764 4233 3437
f 3192 3191 4053
f 881 4141 799
f 3936 3356 481
f 4064 2876 3806
f 1218 3847 1024
f 803 3583 1219
f 1480 2642 1481
f 3890 3376 3428
f 3209 3383 4064
f 3087 3081 3969
f 3534 3559 4015
f 4038 2846 4202
f 1237 4201 4159
f 3227 3222 4242
f 3910 2856 3931
f 3135 4250 3967
f 3832 3642 3713
f 3875 3240 3509
f 4031 4256 3703
f 4010 3650 4006
f 3379 3270 3449
f 3402 2922 2928
f 3400 3541 3488
f 3843 3673 3808
f 3643 3473 3475
f 3308 3340 3637
f 3189 3188 4247
f 3694 2882 4115
f 4027 4095 4028
f 3012 3010 4038
f 2933 3999 3700
f 3242 3243 4276
f 3750 3304 3687
f 2998 4176 3940
f 3231 4115 2686
f 4044 3175 3196
f 4242 3217 4243
f 3184 3186 3693
f 2928 3678 4021
f 3918 2839 4114
f 3809 4277 3810
f 3461 4174 3685
f 2991 2993 4171
f 3253 3231 2686
f 3508 3781 3774
f 3205 3215 3950
f 3611 3613 3899
f 3133 3320 4025
f 3721 3597 4163
f 3565 3564 3960
f 2963 2965 4032
f 3427 3280 3300
f 4278 3385 3454
f 2115 4128 2031
f 3145 3143 4254
f 1126 4191 567
f 1151 3530 589
f 1127 4279 607
f 640 3785 633
f 664 3422 651
f 1181 4082 1152
f 708 4132 991
f 1265 4157 746
f 965 3825 869
f 1251 3861 930
f 982 3900 969
f 1072 4162 1209
f 988 4163 1116
f 3601 3600 511
f 1834 4164 1823
f 2404 4161 1881
f 2395 2841 2083
f 2130 2845 2118
f 2246 2850 2351
f 2141 2893 2284
f 2311 2880 2213
f 1755 2899 1756
f 2076 2885 2202
f 3871 3890 3623
f 3563 3803 3805
f 4025 2871 4024
f 3881 3902 3468
f 3563 3805 3953
f 3899 3664 3562
f 4056 4246 4041
f 2997 3000 3751
f 3924 4081 3357
f 3300 3279 3318
f 3554 3038 4245
f 3010 3008 2721
f 3602 3357 3358
f 3489 3452 3451
f 3201 3225 3817
f 3001 2999 2716
f 3528 3685 3555
f 4280 4181 3432
f 3363 3365 3535
f 4215 3689 3879
f 4281 3434 3689
f 4241 4117 1818
f 3842 4204 3674
f 1823 4165 1819
f 3104 3100 3097
f 3069 3065 4260
f 4143 4282 1820
f 3965 2872 3690
f 3089 3084 4264
f 4260 2858 3998
f 2954 2945 2651
f 2936 2933 3700
f 2914 2907 4027
f 3449 3450 3668
f 4012 4283 4011
f 3160 3152 3534
f 3458 3460 4184
f 4030 3673 3672
f 3836 3884 4261
f 3678 4284 4285
f 4215 3959 4286
f 2968 2970 3978
f 3249 3318 4186
f 3123 3386 4048
f 3468 3470 3925
f 3902 3880 3909
f 2980 4275 4168
f 2945 2947 4078
f 3244 3233 3895
f 3445 3436 3435
f 3310 3343 3500
f 3758 3757 4040
f 3292 3260 4253
f 3058 3876 3956
f 3900 3863 969
f 3557 3734 3917
f 4276 3490 3907
f 3881 3468 3925
f 3130 3117 3324
f 4176 2842 3940
f 4207 3721 4163
f 4206 4189 4162
f 2636 2638 3592
f 3227 3679 3680
f 2949 2940 2709
f 4286 4281 3689
f 3424 3426 3731
f 4003 2968 3980
f 3906 4267 3615
f 3870 3604 4167
f 4163 3597 1116
f 3186 3247 3693
f 3278 4287 3587
f 3630 2950 3742
f 3676 3595 3472
f 3684 3489 3493
f 3494 3360 1678
f 4002 3656 3742
f 3820 3821 3676
f 4215 4286 3689
f 2952 4003 4269
f 3644 3533 3647
f 4245 4267 3906
f 3450 3442 3668
f 3878 3844 3266
f 3729 4288 4130
f 4232 4289 4233
f 3783 3856 3784
f 3171 3325 4255
f 3765 3418 3717
f 3790 3830 1689
f 1820 4282 2339
f 2994 2996 3834
f 2909 3710 3614
f 4087 3593 3657
f 3861 3865 3889
f 3900 4126 3863
f 4223 4124 3972
f 3189 4247 2803
f 3716 3521 3520
f 3199 4103 3419
f 4148 3257 3272
f 3413 3457 3939
f 3872 3277 3873
f 3166 3195 3551
f 3439 3401 3408
f 3049 3052 3754
f 4040 3757 3985
f 3242 4276 3907
f 3379 3449 3655
f 3415 3626 3803
f 3012 4038 4202
f 3824 4047 3629
f 3935 3747 4122
f 3007 3751 3748
f 3851 3658 3659
f 3901 4290 4126
f 4206 4291 4189
f 4207 4292 3721
f 3923 3215 3216
f 3687 3296 3462
f 1024 3827 912
f 2975 4113 4275
f 3733 3944 3943
f 3947 4127 3948
f 3251 3378 3317
f 2955 3639 3974
f 3761 3643 3471
f 3765 3459 3418
f 3521 3364 3522
f 3729 4293 4288
f 3050 3044 4216
f 3519 3407 3448
f 3071 4223 3972
f 2912 2914 3671
f 3969 3094 3970
f 3707 4294 3708
f 3032 3311 4231
f 4286 4193 4281
f 3087 3969 3971
f 3898 3553 3577
f 3753 4063 3746
f 3480 3936 478
f 3016 3018 4007
f 3018 4009 4006
f 3059 3061 3780
f 2967 3723 3688
f 3885 3887 4152
f 3055 4012 4011
f 4049 2966 3807
f 3002 3004 4136
f 3292 4253 3874
f 4000 3860 3787
f 3748 3747 3935
f 3037 3031 4111
f 3994 4091 3992
f 4255 2873 4046
f 3099 3112 3993
f 3548 2889 4055
f 3697 4295 3698
f 4009 3028 4010
f 3055 3057 4012
f 3775 4296 3903
f 3508 2932 3781
f 3325 4257 4255
f 3877 3344 3535
f 3308 3310 3340
f 3927 3523 3451
f 3594 4278 3454
f 3344 3330 3363
f 2974 4069 4113
f 3871 3376 3890
f 3755 3053 3055
f 2889 2890 4055
f 4118 4297 1810
f 4066 4298 3440
f 3807 2966 2971
f 4034 4067 3841
f 3716 4184 4185
f 4050 3673 4030
f 3207 4071 4230
f 3383 3204 2806
f 3579 3809 561
f 4030 3703 3702
f 3030 4041 4043
f 1236 4201 1237
f 2976 2978 4035
f 4276 4148 3490
f 3048 3766 4052
f 3500 3927 3453
f 3831 3832 3713
f 2956 2960 4039
f 4231 2851 4192
f 2974 2972 4069
f 4191 3538 567
f 4022 3009 3016
f 4049 3807 4050
f 3108 3110 4060
f 4250 4248 4145
f 3209 4064 3806
f 3928 2874 4247
f 4004 2959 4049
f 3089 4264 3997
f 3503 4068 4048
f 4042 3289 4043
f 3107 3996 2778
f 2916 2911 2697
f 4061 3779 4076
f 2938 2704 3918
f 3285 4293 4174
f 3730 3869 3424
f 4186 3504 3574
f 3210 3209 3806
f 2930 2925 3557
f 2947 4104 4078
f 4273 4299 4141
f 3003 3001 4197
f 3966 3849 3851
f 1660 3625 4240
f 3377 3376 3871
f 4162 3789 1209
f 2904 2903 4271
f 3951 3397 3558
f 4281 2883 3434
f 4300 4301 3727
f 4250 4302 4248
f 3729 3403 3555
f 2950 2952 4001
f 3131 3123 4048
f 4141 4299 3822
f 3466 3345 3355
f 3217 3214 4251
f 2920 2918 3859
f 3325 3163 4257
f 3414 3192 4054
f 3764 3568 4232
f 811 3601 511
f 2944 2937 3630
f 3923 3219 3569
f 3948 4088 3949
f 4188 3828 1771
f 3442 3441 3668
f 4264 2862 3997
f 3036 3020 3311
f 4002 3848 3656
f 3458 4184 3762
f 4019 4063 3753
f 4223 3078 4124
f 3008 3003 4211
f 3400 3377 3871
f 3700 2837 3701
f 2904 4271 4203
f 3734 3904 3917
f 3445 3435 3365
f 3467 4303 3951
f 2998 2989 4176
f 4242 3220 3217
f 3204 3203 3982
f 3320 3128 2788
f 3726 4300 3727
f 3128 3127 4037
f 3831 2902 2901
f 4155 4304 3818
f 4027 3704 4095
f 4142 3603 3602
f 4111 3046 3968
f 3222 3220 4242
f 472 3480 478
f 2242 2892 2278
f 1689 3830 1690
f 3713 3641 3560
f 3233 3228 2811
f 3230 3694 4115
f 3844 3431 3267
f 4216 2854 3882
f 4294 4295 3697
f 3890 4090 3622
f 3638 3205 3950
f 1082 3862 1236
f 1767 3829 1768
f 3902 3413 3939
f 883 4073 811
f 2925 2931 3557
f 3028 3030 4043
f 3114 3315 4263
f 3939 3469 3468
f 3840 2619 2621
f 3821 3144 3147
f 3156 3148 3329
f 3579 4209 3809
f 2610 2609 1479
f 3271 3254 3692
f 3946 3816 3430
f 3491 3621 3711
f 3908 3301 3423
f 3565 3714 3415
f 4103 3816 3677
f 2911 3614 2697
f 561 3809 562
f 4229 4270 2005
f 3840 2621 3588
f 4020 3354 3635
f 3646 3624 1221
f 2826 4305 2366
f 4044 3174 3175
f 3626 3804 3803
f 2643 2619 480
f 3213 3177 3414
f 2005 4270 2365
f 3496 3738 3375
f 3302 3964 3726
f 3995 4294 3697
f 3985 3757 3986
f 3735 4215 3736
f 2830 2829 3562
f 3479 3478 3872
f 3810 4277 4196
f 4178 3506 3505
f 2589 2606 2605
f 3157 3154 2674
f 4130 3404 3403
f 3624 3261 3336
f 2339 4282 2887
f 1956 4305 2900
f 3517 4178 3505
f 1728 4135 4220
f 3541 3493 3488
f 3846 3827 3847
f 488 3941 3942
f 1103 4268 4235
f 4090 2902 3831
f 3829 3660 1768
f 3475 3474 3799
f 3230 3184 3694
f 3862 4201 1236
f 1709 4135 1728
f 488 3942 494
f 4104 2840 4078
f 2829 3412 3562
f 4276 3257 4148
f 4016 3248 3728
f 3514 3182 3189
f 3724 3762 3715
f 3707 4295 4294
f 3808 3673 4050
f 3750 3687 3462
f 2938 2934 2704
f 3880 3433 3627
f 3327 4306 3653
f 3862 3479 3872
f 4240 3915 1653
f 3949 4088 4160
f 4307 3452 3489
f 3507 3506 3774
f 3309 3339 3609
f 3736 4215 3879
f 3685 4293 3729
f 4296 3506 4178
f 3537 3536 3590
f 3585 3847 1218
f 4238 4158 743
f 4020 3730 3354
f 4298 3486 681
f 725 4268 1103
f 3738 3429 3375
f 3284 4129 3578
f 3855 3823 3521
f 3745 4294 3995
f 512 3600 4239
f 4308 4309 3666
f 3909 3880 3627
f 3563 3565 3803
f 3629 4047 3662
f 3658 4310 4311
f 3849 4312 3850
f 3966 4116 3849
f 3518 3517 3505
f 4015 4127 3947
f 3708 4294 3745
f 3841 4067 4075
f 3561 4214 3621
f 3324 3117 3115
f 3636 2658 3338
f 3704 2910 2915
f 3347 3497 3635
f 3933 2990 3005
f 4151 4274 4045
f 3328 3425 3438
f 3689 3433 3879
f 3453 4190 4079
f 3325 3165 3163
f 3810 4196 3372
f 3592 2662 3408
f 3817 3816 4103
f 3571 2665 3438
f 3855 4313 4047
f 4149 3301 3908
f 3684 4307 3489
f 3869 3564 3563
f 3426 3447 4123
f 4045 4274 4221
f 3774 3506 3775
f 3360 3495 4026
f 3315 3109 3107
f 3847 3827 1024
f 4239 4314 4315
f 3482 3360 4026
f 4181 3306 3319
f 3414 3177 3192
f 1798 4297 4205
f 3272 3301 4149
f 4003 2946 2968
f 3603 3246 3193
f 3428 2902 4090
f 3775 3506 4296
f 3243 3257 4276
f 3438 3425 3572
f 3665 3346 3345
f 3391 4214 3561
f 658 4298 681
f 2366 4305 1956
f 3277 3276 3873
f 3969 3085 3094
f 3248 3246 3728
f 3766 3045 3059
f 3320 3124 3128
f 3737 4316 4150
f 3347 3346 3497
f 3936 3665 3356
f 3389 3475 3799
f 3572 3425 3953
f 2937 2941 3630
f 3569 3568 3763
f 865 2619 3840
f 4174 4293 3685
f 4154 4313 4185
f 3332 3334 3941
f 1810 4297 1798
f 4009 3015 3028
f 4111 3035 3046
f 3582 4313 4154
f 3512 3420 3712
f 3327 3322 4306
f 3334 3436 3941
f 3654 3441 3920
f 3418 3459 3342
f 3329 3148 3145
f 4047 4313 3662
f 3311 3020 3026
f 2907 2910 4027
f 3313 3098 3102
f 3582 4154 3546
f 4286 3474 4193
f 3391 3393 4214
f 3312 3073 3070
f 3565 3960 3714
f 3314 3092 3090
f 4295 4317 4318
f 3799 3474 3959
f 4315 4314 4307
f 4185 4313 3855
f 3387 3333 3465
f 3410 3409 3501
f 3879 3433 3880
f 4223 3066 3078
f 3193 3185 3924
f 3440 4298 658
f 3587 4280 3573
f 3668 3441 3654
f 3763 3568 3764
f 3726 4319 4300
f 3959 3474 4286
f 3823 3364 3521
f 4154 3460 3695
f 3470 4316 3925
f 3307 3056 3058
f 2992 2990 3933
f 3855 4047 3823
f 3942 3436 3824
f 3573 4280 3432
f 3715 4184 3716
f 3365 3435 3536
f 3429 3022 3428
f 3728 3246 3603
f 3319 3305 3358
f 4320 4321 3417
f 480 2619 865
f 3497 3346 3480
f 3727 3469 3939
f 3798 4322 4323
f 3924 3185 3234
f 4269 4324 4325
f 3925 4316 3737
f 3878 4306 3844
f 3662 4313 3582
f 3942 3824 3629
f 3536 3435 3387
f 3927 3409 3523
f 4027 2910 3704
f 4209 4277 3809
f 519 4326 4327
f 3011 3015 4009
f 3062 3066 4223
f 3501 3409 3927
f 2640 2632 3868
f 2948 2946 4003
f 3781 2935 2942
f 4301 3469 3727
f 3480 3346 3936
f 4328 4329 4219
f 3081 3085 3969
f 4156 4330 4331
f 3832 2906 2912
f 819 4332 4333
f 705 4334 4335
f 4190 4336 4337
f 3868 3564 3869
f 4123 3355 3731
f 3964 4319 3726
f 3749 3305 3750
f 4023 4319 3964
f 519 4327 520
f 3762 4184 3715
f 3041 3045 3766
f 3936 3346 3665
f 3031 3035 4111
f 3960 2632 2631
f 3027 3022 3429
f 3340 3342 3637
f 2932 2935 3781
f 3695 3459 3765
f 3492 4328 3683
f 3824 3436 3445
f 4033 4338 4339
f 4079 3341 3340
f 4306 3322 3844
f 3877 4306 3878
f 2665 3321 3323
f 3653 4306 3877
f 3564 2632 3960
f 4315 4326 4239
f 3711 4329 4328
f 707 4340 4341
f 3466 3355 4123
f 3637 3342 3458
f 3452 4336 4190
f 3342 3459 3458
f 2901 2906 3832
f 3844 3322 3431
f 4186 3279 3504
f 3640 4342 4343
f 831 3274 832
f 3358 3305 3749
f 4185 3460 4154
f 4284 4344 4065
f 3986 4345 4346
f 3318 3279 4186
f 3261 3263 3337
f 3477 4347 3478
f 3077 3076 4121
f 3868 2632 3564
f 3418 4337 3717
f 4065 4344 4066
f 3352 4348 4291
f 4239 4326 518
f 4291 4348 4189
f 520 4327 4219
f 4249 4349 4350
f 3040 3039 4304
f 3600 4314 4239
f 3717 4337 3599
f 4327 4326 3683
f 652 3139 4351
f 3306 4352 4353
f 3237 3239 4062
f 3418 3341 4337
f 4285 4284 4065
f 3137 3136 4227
f 3683 4328 4327
f 4354 4334 3487
f 4190 3341 4079
f 3872 4342 3277
f 3393 3392 3274
f 3470 4355 4356
f 3684 4315 4307
f 4307 4336 3452
f 4343 4342 3478
f 4357 4318 4268
f 4337 4336 3599
f 4312 4325 3850
f 4266 3291 4134
f 4337 3341 4190
f 3122 3121 3670
f 527 3273 831
f 3366 3275 4095
f 3641 4343 3930
f 4214 4329 3711
f 3978 4339 3979
f 4028 3275 4358
f 3683 4315 3684
f 832 3274 4208
f 4177 4334 4354
f 3683 4326 4315
f 705 4335 742
f 4327 4328 4219
f 4028 4358 3671
f 3640 4343 3641
f 3930 3392 3391
f 3599 4314 3600
f 3671 4358 3640
f 3624 4359 3261
f 3873 4360 4201
f 518 4326 519
f 3138 3140 3946
f 4021 4285 3285
f 4208 4347 3477
f 4307 4314 4336
f 3979 4310 4324
f 4067 4346 4075
f 4347 4343 3478
f 3711 4328 3492
f 3917 4284 3678
f 4358 3275 3277
f 4324 4310 3850
f 3285 3262 4293
f 4116 4361 3849
f 3393 4329 4214
f 4066 4362 4298
f 4336 4314 3599
f 4269 4325 4001
f 3747 4363 4364
f 3517 4365 4177
f 3658 4311 3584
f 3930 4343 4347
f 4347 3392 3930
f 3478 4342 3872
f 4335 4334 4177
f 4219 3273 527
f 3768 4366 4367
f 4208 3392 4347
f 3646 4368 4359
f 4311 4310 3979
f 4177 4354 4178
f 4342 4358 3277
f 3487 4334 704
f 4256 4309 4308
f 4325 4324 3850
f 3979 4324 3980
f 3288 3287 4075
f 4182 4369 4183
f 4365 4370 4238
f 4359 4368 4288
f 3404 3276 3366
f 3948 4371 4372
f 3850 4310 3851
f 4032 4338 4033
f 4293 3262 4288
f 3404 4373 4360
f 4360 4373 4159
f 3645 4368 3646
f 4259 4258 4101
f 4137 4374 3845
f 4256 4375 3525
f 904 3151 1217
f 4201 4360 4159
f 4130 4373 3404
f 3516 4370 4365
f 3646 4359 3624
f 3337 3263 4065
f 3640 4358 4342
f 4095 3275 4028
f 3827 4308 3666
f 3286 3288 4108
f 4329 3273 4219
f 3486 4376 3487
f 3393 3273 4329
f 4288 4368 4130
f 3276 4360 3873
f 4376 4354 3487
f 4359 3262 3261
f 875 3150 904
f 4159 4373 3645
f 3842 3287 4204
f 3274 3392 4208
f 4377 4378 4237
f 4002 4312 3848
f 742 4335 4238
f 4130 4368 4373
f 4204 4379 3674
f 3285 4285 3263
f 4339 4338 4137
f 4195 4378 4377
f 4373 4368 3645
f 819 4333 880
f 4140 4369 4273
f 4066 4344 4362
f 3678 4285 4021
f 3757 4345 3986
f 4217 4380 4109
f 4076 3298 3297
f 3904 4284 3917
f 3291 3290 4134
f 3904 4344 4284
f 895 4381 4237
f 3903 4344 3904
f 4382 4350 4097
f 3837 4383 3237
f 4333 4332 4183
f 3783 4258 3856
f 4249 4350 4382
f 4101 4332 851
f 4298 4362 3486
f 3848 4370 3516
f 4177 4365 4335
f 4158 4361 4116
f 1214 4384 4139
f 4361 4370 3848
f 3289 3291 3650
f 4288 3262 4359
f 4062 4385 4063
f 4361 4312 3849
f 4158 4370 4361
f 3822 3238 800
f 4296 4354 4376
f 4346 4345 4217
f 4178 4354 4296
f 4296 4376 3903
f 3263 4285 4065
f 4001 4325 4002
f 3979 4339 4311
f 3516 4365 3517
f 4362 4376 3486
f 3747 4364 4122
f 4195 4377 3883
f 855 4386 4227
f 704 4334 705
f 3404 4360 3276
f 4237 4378 980
f 3903 4376 4362
f 3584 4311 4137
f 911 4387 3299
f 4077 3297 4262
f 4033 4339 3978
f 4249 4382 4246
f 4097 4350 4098
f 4338 4374 4137
f 3299 3298 4107
f 4238 4370 4158
f 3634 3633 4210
f 3237 4383 4381
f 4248 4349 4249
f 4364 4363 4273
f 4074 4388 4106
f 4381 4383 4237
f 4256 4308 4375
f 4166 3396 3778
f 3980 4324 4269
f 4362 4344 3903
f 3396 3395 4106
f 4002 4325 4312
f 4187 3136 3135
f 4227 4389 856
f 3851 4310 3658
f 3798 4323 4093
f 4366 4390 4272
f 4213 4390 4366
f 4031 4391 4309
f 3848 4312 4361
f 3779 4392 4076
f 4207 4393 4292
f 4335 4365 4238
f 3350 3349 4292
f 4124 3350 4125
f 4031 4309 4256
f 4011 3395 3394
f 3706 4394 4265
f 4323 4322 4283
f 3672 4391 4031
f 3526 4338 4032
f 4106 4322 3797
f 3958 4395 4272
f 3135 3137 4250
f 4012 3634 4283
f 3972 3633 3632
f 3778 3396 4388
f 4262 3297 4387
f 3353 3352 4291
f 1217 3151 3286
f 4206 4396 4291
f 4075 4346 3288
f 4397 4398 4290
f 3970 3353 4213
f 4350 4349 4236
f 4388 3396 4106
f 3845 4374 3846
f 4387 3297 3299
f 4029 3349 3348
f 4173 4398 4397
f 4278 4399 4400
f 4204 3150 4379
f 3525 4375 3526
f 4183 4369 4333
f 4108 3288 4217
f 4156 4331 3990
f 3846 4308 3827
f 4236 4401 995
f 4213 4366 3971
f 4400 4399 3888
f 3986 4346 4067
f 4204 3287 3151
f 4345 4380 4217
f 3666 4309 3667
f 4125 3350 4393
f 4272 4390 4080
f 4309 4391 3667
f 4393 3350 4292
f 3901 4402 4290
f 3994 4403 4091
f 4122 4364 4182
f 3794 3352 3351
f 3739 4404 4121
f 4331 4330 3887
f 4224 4405 4100
f 3674 4379 3672
f 3667 4391 4228
f 4405 4259 4100
f 4258 4332 4101
f 3768 4367 4057
f 4100 4259 4101
f 3886 4406 3887
f 4210 4407 4094
f 4213 3353 4396
f 4396 3353 4291
f 4075 3287 3842
f 4228 3150 875
f 3526 4375 4374
f 4374 4375 3846
f 4173 4397 3795
f 4290 4398 4126
f 880 4333 4140
f 4292 4408 3721
f 1025 4401 4386
f 4119 3076 3075
f 3756 4345 3757
f 4367 4366 4272
f 3651 4266 4195
f 4121 4409 4105
f 4318 4317 4235
f 4091 4403 4402
f 4278 4400 3385
f 4369 4364 4273
f 4084 4410 4085
f 4273 4363 4299
f 4402 4403 4290
f 4109 4380 4224
f 4363 4385 4299
f 3672 4379 4391
f 3952 4405 3756
f 3075 3077 4060
f 3888 4399 3744
f 707 4341 708
f 4391 4379 4228
f 4189 4411 3789
f 3856 4259 3952
f 3952 4259 4405
f 894 4381 895
f 4062 3239 4385
f 4183 4258 3783
f 3526 4374 4338
f 3777 3776 4234
f 4261 4383 3837
f 3698 4412 3699
f 4311 4339 4137
f 4232 4413 4289
f 851 4332 819
f 4198 4357 4268
f 4250 3137 4302
f 3920 4414 3921
f 4155 4415 4304
f 3259 3258 4289
f 902 4384 1214
f 4381 3238 3237
f 670 3444 3801
f 894 3238 4381
f 3746 4363 3747
f 4384 4266 4139
f 3746 4385 4363
f 3756 4405 4380
f 4375 4308 3846
f 4235 4340 1052
f 4380 4405 4224
f 4386 4401 4302
f 4341 4340 4265
f 4063 4385 3746
f 3948 4372 4088
f 3650 3291 3651
f 3802 4416 4252
f 4261 4377 4383
f 3707 4317 4295
f 4383 4377 4237
f 652 4351 645
f 3566 4417 4200
f 3265 3264 4303
f 4279 3295 3294
f 4042 3290 3289
f 3444 3443 4200
f 3420 4418 3712
f 4138 4392 4388
f 3256 3255 3921
f 4299 3239 3822
f 4384 4378 4195
f 3553 3039 3038
f 902 4378 4384
f 800 3238 894
f 4200 4419 3661
f 995 4401 1025
f 3785 4413 4180
f 639 3259 640
f 1206 3443 669
f 3283 3282 3539
f 3151 3287 3286
f 604 4420 3912
f 1025 4386 855
f 4372 4371 4085
f 3406 3777 3138
f 3883 4377 4261
f 3687 3294 3296
f 3568 4421 4232
f 980 4378 902
f 3698 4318 4357
f 3136 4389 4227
f 4386 3137 4227
f 3498 3399 4131
f 3038 3040 4267
f 3399 3398 4226
f 4199 4407 4393
f 4072 4321 4320
f 620 4422 4226
f 4379 3150 4228
f 1159 3265 1127
f 992 4387 911
f 583 3362 3607
f 3651 3291 4266
f 3422 3139 651
f 4388 4392 3778
f 4134 3290 4097
f 3712 4418 4416
f 4351 3139 3138
f 3444 4417 3801
f 4076 3297 4077
f 3709 3120 3604
f 4416 4418 4252
f 3362 3361 4287
f 4246 4382 4042
f 4279 4423 607
f 3946 4424 3816
f 3467 3295 4303
f 4107 3298 4138
f 4098 4350 4236
f 4353 4352 3912
f 4233 3776 3405
f 3278 4425 4287
f 3281 3283 3441
f 3598 4408 4395
f 4200 4417 3444
f 4304 4426 3818
f 3370 4427 3371
f 1163 3256 1126
f 4302 4349 4248
f 4387 4389 4262
f 4182 4364 4369
f 992 4389 4387
f 3756 4380 4345
f 4138 4388 4074
f 3951 3398 3397
f 4287 4428 3587
f 3394 3396 4166
f 3288 4346 4217
f 4076 4392 3298
f 4180 4413 4421
f 4131 3399 4422
f 3395 4322 4106
f 4191 4414 3539
f 4393 4407 4125
f 589 3361 590
f 4262 3136 4187
f 4422 3399 4226
f 4093 4323 4210
f 4042 4382 3290
f 4421 4413 4232
f 3290 4382 4097
f 3306 4353 3304
f 856 4389 992
f 4057 4367 4170
f 3720 4320 3417
f 4333 4369 4140
f 4395 4408 4170
f 4183 4332 4258
f 3469 4355 3470
f 4094 4407 4199
f 3778 4392 3779
f 4199 4393 4207
f 3991 4406 4402
f 3348 3350 4124
f 4234 3258 646
f 4152 4330 4411
f 4283 3634 4323
f 4411 4330 4218
f 4226 3264 621
f 4283 3395 4011
f 3721 4408 3598
f 4349 4401 4236
f 3797 4322 3798
f 3670 4429 627
f 4195 4266 4384
f 3362 4425 3607
f 3598 4395 3958
f 4287 4425 3362
f 4356 4355 3370
f 3632 3634 4012
f 4395 4367 4272
f 4125 3633 3972
f 3854 4396 4206
f 4385 3239 4299
f 3351 3353 3970
f 4072 3255 578
f 4170 3349 4029
f 3789 4411 4218
f 4402 4406 4091
f 3854 4390 4396
f 4396 4390 4213
f 3887 4330 4152
f 4060 3077 4173
f 3990 4331 3991
f 3971 4366 3768
f 4302 3137 4386
f 3991 4402 3901
f 3633 4407 4210
f 4430 4431 3865
f 4080 4390 3854
f 4068 4431 4430
f 3993 4403 3994
f 3887 4406 4331
f 4014 3352 3794
f 4157 4432 4410
f 4014 4348 3352
f 3349 4408 4292
f 3741 4404 3739
f 4152 4348 4014
f 4404 3077 4121
f 3076 4409 4121
f 4403 4397 4290
f 3993 4397 4403
f 4218 4330 4156
f 3944 4433 3945
f 3945 4433 4409
f 4404 4398 4173
f 3741 4398 4404
f 4091 4406 3886
f 4088 4372 4089
f 3864 4430 3865
f 3795 4397 3993
f 3503 4431 4068
f 4126 4398 3741
f 4410 4432 4089
f 4278 4434 4399
f 4348 4411 4189
f 3594 4435 4434
f 3593 4436 4435
f 3594 4434 4278
f 3945 3076 4119
f 3593 4435 3594
f 4105 4409 4000
f 4087 4436 3593
f 4262 4389 3136
f 4409 4433 4000
f 3914 4432 4157
f 4157 4410 4084
f 3532 4437 4438
f 4000 4433 3864
f 4265 4394 4341
f 4438 4437 3681
f 4068 4430 3944
f 4410 4372 4085
f 3865 4431 3888
f 3298 4392 4138
f 4085 4371 4212
f 3698 4357 4412
f 4317 4340 4235
f 4302 4401 4349
f 4371 4412 4212
f 4268 4318 4235
f 4399 4434 3825
f 3744 4399 3825
f 3385 4400 3503
f 3893 4435 3894
f 708 4341 4132
f 3825 4434 3893
f 4267 3040 4194
f 4434 4435 3893
f 4435 4436 3894
f 3835 4394 3706
f 3894 4436 3914
f 4089 4432 4087
f 4433 4430 3864
f 3944 4430 4433
f 3712 4416 4417
f 3531 4437 3532
f 4417 4416 3801
f 4132 4438 3681
f 3531 4439 4437
f 4127 4371 3948
f 4283 4322 3395
f 4323 3634 4210
f 3620 4439 3531
f 3699 4412 4127
f 4127 4412 4371
f 3620 4440 4439
f 4194 4440 3620
f 4212 4357 4198
f 4082 4415 4155
f 4431 4400 3888
f 4170 4367 4395
f 4295 4318 3698
f 3503 4400 4431
f 4415 3040 4304
f 4265 4317 3707
f 628 4429 4422
f 4200 3443 4419
f 3818 4426 3819
f 1052 4340 707
f 4087 4432 4436
f 4436 4432 3914
f 4415 4440 4194
f 3712 4417 3566
f 669 3444 670
f 3532 4438 3835
f 4082 4440 4415
f 4426 4419 3819
f 4289 4413 3259
f 3801 4416 3802
f 3681 4437 3682
f 4437 4439 3682
f 645 4351 4234
f 3682 4439 3913
f 3677 4418 3420
f 4439 4440 3913
f 3913 4440 4082
f 3138 3777 4351
f 4125 4407 3633
f 3677 4424 4418
f 4422 4429 4131
f 646 3258 639
f 3898 3039 3553
f 3567 4421 3568
f 3819 3443 1206
f 3946 3140 4424
f 4418 4424 4252
f 3661 4419 3898
f 640 3259 3785
f 3898 4419 4426
f 3835 4438 4394
f 4170 4408 3349
f 4394 4438 4132
f 3816 4424 3677
f 4180 4441 3122
f 4421 4441 4180
f 627 4429 628
f 3567 4441 4421
f 3397 3399 3498
f 3405 3777 3406
f 4252 3140 3422
f 4287 3361 4428
f 621 3264 1159
f 628 4422 620
f 4331 4406 3991
f 4441 3120 3122
f 3039 4426 4304
f 3912 4420 4353
f 1127 3265 4279
f 4442 4352 4181
f 4173 3077 4404
f 590 3362 583
f 3921 4414 3256
f 651 3139 652
f 603 4420 604
f 3304 4353 3686
f 4425 4443 3607
f 4289 3776 4233
f 3280 4443 4425
f 3280 4425 3278
f 4355 4427 3370
f 4280 4442 4181
f 4303 3295 3265
f 578 3255 1163
f 607 4423 603
f 4221 4444 3282
f 3529 4352 4442
f 4167 4441 3567
f 3296 3295 3467
f 4131 3121 3709
f 3608 4321 4072
f 3604 3120 4167
f 4167 3120 4441
f 3686 3294 3687
f 4303 3398 3951
f 4152 4411 4348
f 4274 4444 4221
f 1126 3256 4191
f 4150 4445 4274
f 3529 4442 3530
f 603 4423 4420
f 3441 3283 3920
f 3912 4352 3529
f 4446 4447 3815
f 3607 4443 3608
f 4221 3282 3281
f 4279 3294 4423
f 4181 4352 3306
f 4420 4423 3686
f 3539 4414 3283
f 4316 4356 4448
f 3530 3361 589
f 4274 4445 4444
f 4443 4321 3608
f 4316 4448 4150
f 3984 4446 3815
f 3587 4428 4280
f 4448 4445 4150
f 3945 4409 3076
f 3417 4321 3427
f 3921 4320 3720
f 3815 4447 3760
f 3776 3258 4234
f 3427 4443 3280
f 3470 4356 4316
f 3539 3282 3540
f 4449 4450 3484
f 3760 4449 3484
f 3282 4444 3540
f 4277 4448 4196
f 3427 4321 4443
f 4089 4372 4410
f 3121 4429 3670
f 3398 3264 4226
f 4448 4356 4196
f 3484 4450 3485
f 3540 4444 4209
f 4196 4356 3370
f 4277 4445 4448
f 4442 4428 3530
f 4209 4445 4277
f 4300 4447 4446
f 4280 4428 4442
f 4444 4445 4209
f 3371 4427 3984
f 4447 4449 3760
f 4301 4355 3469
f 4300 4446 4301
f 4320 3255 4072
f 4319 4447 4300
f 4023 4450 4449
f 4412 4357 4212
f 4023 4449 4319
f 2623 4450 4023
f 4265 4340 4317
f 4194 3040 4415
f 4319 4449 4447
f 4427 4446 3984
f 4301 4446 4427
f 4341 4394 4132
f 4419 3443 3819
f 4351 3777 4234
f 4424 3140 4252
f 3898 4426 3039
f 3259 4413 3785
f 3265 3295 4279
f 4428 3361 3530
f 4289 3258 3776
f 4353 4420 3686
f 3283 4414 3920
f 4131 4429 3121
f 4423 3294 3686
f 4303 3264 3398
f 3256 4414 4191
f 3921 3255 4320
f 4301 4427 4355
f 4450 2618 3485
f 2623 2618 4450
f 2616 4451 2826
f 2888 2652 2890
f 2890 2655 2888
f 2640 2635 2633
f 2621 2635 3588
f 3938 2635 2640
f 2591 2825 2593
f 2346 2641 2347
f 2823 4452 2627
f 2628 2614 2603
f 2634 2620 2627
f 2611 2617 2622
f 3588 2635 3938
f 3714 2629 2608
f 2607 2630 2830
f 2627 4452 2628
f 4083 2641 2346
f 2605 2825 2591
f 2643 2823 2620
f 2075 2819 2076
f 1844 2817 1845
f 3434 2820 2822
f 3613 2687 2689
f 3922 2678 2680
f 3680 2809 2811
f 1706 2815 2311
f 1745 2813 1721
f 2381 2808 2332
f 2230 2800 1986
f 3982 2804 2806
f 1903 2798 1915
f 4115 2684 2686
f 4247 2801 2803
f 1989 2796 2362
f 3806 2681 2683
f 4046 2675 2677
f 2360 2794 2062
f 2156 2792 2125
f 3690 2672 2674
f 1963 2790 2039
f 4037 2786 2788
f 4024 2669 2671
f 1941 2785 1942
f 2046 2780 2127
f 4153 2781 2783
f 3996 2776 2778
f 2356 2775 2192
f 3981 2769 2771
f 1851 2773 2149
f 3997 2764 2766
f 2012 2768 2013
f 3973 2761 2763
f 2066 2760 2249
f 3998 2754 2756
f 2236 2758 2352
f 3931 2751 2753
f 1620 2750 2390
f 2387 2748 2388
f 3882 2666 2668
f 3929 2742 2744
f 2308 2746 2246
f 1684 2639 1677
f 3368 2655 2657
f 4192 2736 2738
f 2059 2740 2060
f 1901 2735 2130
f 3556 2652 2654
f 3932 2731 2733
f 2658 2659 3338
f 2306 2730 1639
f 2321 2728 2226
f 4202 2724 2726
f 2350 2723 2395
f 2890 2652 4055
f 2084 2718 2115
f 4211 2719 2721
f 3592 2660 2662
f 3940 2714 2716
f 3571 2663 2665
f 2888 2655 3926
f 3701 2702 2704
f 2199 2711 1790
f 2307 2713 2348
f 4078 2649 2651
f 1784 2706 1785
f 4114 2707 2709
f 1746 2701 1747
f 3859 2646 2648
f 1740 2699 1732
f 1714 2694 1715
f 4203 2690 2692
f 3614 2695 2697
f 2604 2614 1466
f 1467 2614 2628
f 2592 2828 2622
f 4281 4453 2883
f 2900 2818 1957
f 3694 4454 2882
f 2885 2816 2202
f 3612 2821 2884
f 2898 2814 1705
f 2899 2812 1756
f 3895 2810 2881
f 2880 2807 2213
f 3679 4455 2879
f 4064 2805 2876
f 2897 2799 1627
f 3928 4456 2874
f 2878 2797 1987
f 3954 2802 2875
f 2877 2795 2309
f 4255 4457 2873
f 2896 2793 2029
f 2895 2791 2358
f 3965 4458 2872
f 4025 2787 2871
f 2894 2789 2008
f 2870 2784 2040
f 4036 2782 2869
f 2868 2779 2045
f 4263 2777 2867
f 2866 2774 2054
f 3988 2770 2865
f 2863 2772 1850
f 2861 2767 2190
f 3989 2765 2864
f 4264 2762 2862
f 2859 2759 2146
f 3983 2755 2860
f 2857 2757 2355
f 4260 2752 2858
f 2855 2749 2353
f 3910 4459 2856
f 2893 2747 2284
f 4216 2743 2854
f 2852 2745 1629
f 2891 2741 1683
f 2850 2739 2351
f 3896 2737 2853
f 2848 2734 1900
f 4231 2732 2851
f 2892 2729 2278
f 2845 2727 2118
f 3897 2725 2849
f 3548 4460 2889
f 3570 4461 2847
f 2843 2722 2092
f 4038 2720 2846
f 2841 2717 2083
f 4197 2715 2844
f 4176 4462 2842
f 3586 4463 2636
f 4104 2708 2840
f 2887 2712 2349
f 2838 2710 2219
f 3918 2703 2839
f 2836 2705 1791
f 2886 2700 1759
f 3700 4464 2837
f 3858 2696 2835
f 2833 2698 1739
f 3710 2691 2834
f 2831 2693 1733
f 4271 4465 2832
f 2622 2617 2590
f 2579 2617 2613
f 2628 4452 1476
f 1488 4466 1480
f 2347 4466 1488
f 1484 4467 1307
f 2593 4468 2450
f 1307 4467 479
f 1305 2625 2596
f 2450 4468 2437
f 560 2625 1305
f 2618 2625 3485
f 2823 4467 1484
f 2642 2615 2610
f 2830 2630 2612
f 2613 2630 2606
f 2602 2629 3714
f 2609 2629 2604
f 2618 2828 2594
f 2605 2616 2825
f 2826 4451 4305
f 2687 2818 2900
f 2883 4453 2817
f 2820 2816 2885
f 2884 2821 2819
f 2882 4454 2813
f 2684 2812 2899
f 2678 2814 2898
f 2809 2807 2880
f 2881 2810 2815
f 2879 4455 2808
f 2876 2805 2800
f 2681 2799 2897
f 2804 2797 2878
f 2874 4456 2796
f 2875 2802 2798
f 2801 2795 2877
f 2675 2793 2896
f 2873 4457 2794
f 2672 2791 2895
f 2872 4458 2792
f 2871 2787 2790
f 2669 2789 2894
f 2786 2784 2870
f 2869 2782 2785
f 2781 2779 2868
f 2867 2777 2780
f 2776 2774 2866
f 2865 2770 2775
f 2769 2772 2863
f 2864 2765 2773
f 2764 2767 2861
f 2862 2762 2768
f 2761 2759 2859
f 2860 2755 2760
f 2754 2757 2857
f 2858 2752 2758
f 2751 2749 2855
f 2856 4459 2750
f 2666 2747 2893
f 2854 2743 2748
f 2742 2745 2852
f 2853 2737 2746
f 2736 2739 2850
f 2851 2732 2740
f 2660 2741 2891
f 2889 4460 2659
f 2849 2725 2735
f 2731 2734 2848
f 2663 2729 2892
f 2724 2727 2845
f 2847 4461 2730
f 2846 2720 2728
f 2636 4463 2637
f 2719 2722 2843
f 2844 2715 2723
f 2714 2717 2841
f 2842 4462 2718
f 2840 2708 2713
f 2649 2712 2887
f 2707 2710 2838
f 2839 2703 2711
f 2702 2705 2836
f 2837 4464 2706
f 2835 2696 2701
f 2646 2700 2886
f 2834 2691 2699
f 2695 2698 2833
f 2690 2693 2831
f 2832 4465 2694
f 2884 2687 3613
f 2883 2820 3434
f 2076 2819 2885
f 1845 2817 4241
f 2881 2678 3922
f 2882 2684 4115
f 2311 2815 2880
f 1721 2813 3743
f 2879 2809 3680
f 2332 2808 4229
f 2876 2681 3806
f 1986 2800 2878
f 2875 2804 3982
f 2874 2801 4247
f 1915 2798 2877
f 2362 2796 3772
f 2873 2675 4046
f 2062 2794 4222
f 2872 2672 3690
f 2125 2792 4225
f 2039 2790 2870
f 2871 2669 4024
f 2869 2786 4037
f 1942 2785 2868
f 2867 2781 4153
f 2127 2780 2866
f 2192 2775 2863
f 2865 2776 3996
f 2149 2773 2861
f 2864 2769 3981
f 2862 2764 3997
f 2013 2768 2859
f 2249 2760 2857
f 2860 2761 3973
f 2352 2758 2855
f 2858 2754 3998
f 2390 2750 3976
f 2856 2751 3931
f 2388 2748 2852
f 2854 2666 3882
f 2246 2746 2850
f 3338 2659 3339
f 2853 2742 3929
f 3494 2637 3495
f 1677 2639 3494
f 2060 2740 2848
f 2851 2736 4192
f 2639 2637 3494
f 2130 2735 2845
f 2849 2731 3932
f 1639 2730 3618
f 2226 2728 2843
f 2638 2660 3592
f 2846 2724 4202
f 2847 2663 3571
f 4055 2652 3556
f 2395 2723 2841
f 2844 2719 4211
f 3926 2655 3368
f 2115 2718 4128
f 2842 2714 3940
f 2348 2713 2838
f 2840 2649 4078
f 1790 2711 2836
f 1785 2706 4188
f 2839 2707 4114
f 2837 2702 3701
f 1747 2701 2833
f 2835 2646 3859
f 1732 2699 2831
f 1715 2694 3628
f 2834 2695 3614
f 2832 2690 4203
f 1466 2614 1467
f 3628 4465 4469
f 4241 4453 4470
f 3743 4454 4471
f 4229 4455 4472
f 3772 4456 4473
f 4222 4457 4474
f 4225 4458 4475
f 3976 4459 4476
f 3339 4460 4477
f 3618 4461 4478
f 3495 4463 4477
f 4128 4462 4479
f 4188 4464 4480
f 1478 4452 2823
f 4481 4482 3248
f 4305 2688 2900
f 4483 4484 3643
f 2689 2688 2645
f 3643 4484 3473
f 4241 4470 4117
f 4118 4484 4483
f 3761 4483 3643
f 3473 4470 4193
f 3761 4485 4483
f 4118 4483 4297
f 4129 4486 4487
f 3248 4482 3247
f 4483 4485 4297
f 4117 4484 4118
f 3473 4484 4470
f 4297 4485 4205
f 3578 4485 3761
f 4470 4484 4117
f 4487 4486 3455
f 4488 2685 4110
f 3691 2685 4488
f 4016 4481 3248
f 4253 2679 4489
f 4129 4487 3578
f 3692 4486 4129
f 4489 2679 3575
f 3481 4481 4135
f 3578 4487 4485
f 3874 4490 4016
f 4205 4487 3455
f 4016 4490 4481
f 3455 4486 3456
f 4253 4489 3874
f 3481 4482 4481
f 3691 4488 3692
f 4135 4490 4220
f 4485 4487 4205
f 4481 4490 4135
f 4110 2685 2899
f 3456 4488 4110
f 3575 2679 2898
f 3692 4488 4486
f 3874 4489 4490
f 4220 4489 3575
f 2680 2679 4253
f 2686 2685 3691
f 4486 4488 3456
f 4490 4489 4220
f 3743 4471 3476
f 3247 4471 3693
f 3476 4482 3481
f 4229 4472 4270
f 4230 4491 4251
f 4230 4492 4491
f 4071 2682 4492
f 4251 4472 4243
f 3543 4492 3544
f 4492 2682 3544
f 4270 4491 3543
f 4071 4492 4230
f 4491 4492 3543
f 2683 2682 4071
f 3544 2682 2897
f 4482 4471 3247
f 4472 4491 4270
f 4251 4491 4472
f 3476 4471 4482
f 3772 4473 3773
f 4493 4494 3770
f 3961 4494 4493
f 3770 4494 3771
f 3961 4493 4053
f 4053 4473 4054
f 3773 4493 3770
f 3771 2676 2896
f 3839 4494 3961
f 2677 2676 3839
f 4473 4493 3773
f 3839 2676 4494
f 4053 4493 4473
f 4494 2676 3771
f 4222 4474 3826
f 3826 4495 3791
f 4070 4474 4257
f 4474 4495 3826
f 4070 4495 4474
f 4244 4495 4070
f 4008 2673 4496
f 4496 2673 3792
f 3791 4496 3792
f 4008 4496 4244
f 4244 4496 4495
f 4495 4496 3791
f 2674 2673 4008
f 3792 2673 2895
f 4225 4475 4102
f 4254 4475 3955
f 4475 2670 4102
f 4254 2670 4475
f 2671 2670 4254
f 4102 2670 2894
f 3876 4476 3956
f 3976 4476 3977
f 3876 2667 4476
f 2668 2667 3876
f 4476 2667 3977
f 4497 4498 3790
f 3977 2667 2893
f 3267 4499 3268
f 3738 4498 4497
f 3591 4497 3790
f 3628 4469 3591
f 4498 2661 3830
f 3830 2661 2891
f 4499 4500 3915
f 3790 4498 3830
f 3496 4498 3738
f 3496 2661 4498
f 2662 2661 3496
f 3738 4497 3027
f 2657 2656 2658
f 4240 4501 4499
f 4240 4499 3915
f 3915 4500 3373
f 3495 4477 4026
f 3648 2653 2888
f 3267 4500 4499
f 3321 2664 4502
f 3648 4501 2653
f 4502 2664 3374
f 3373 4502 3374
f 3268 4501 3648
f 2889 2656 2890
f 3619 4503 4083
f 2644 4503 3626
f 3618 4478 3619
f 2654 2653 3625
f 4503 4478 3626
f 4499 4501 3268
f 3626 4478 3804
f 3619 4478 4503
f 3431 4500 3267
f 3374 2664 2892
f 2653 4501 3625
f 3321 4502 3431
f 3339 4477 3609
f 3625 4501 4240
f 2665 2664 3321
f 4502 4500 3431
f 2594 2828 2592
f 4175 4504 4505
f 4505 4504 3892
f 3373 4500 4502
f 4128 4479 3891
f 3891 4505 3892
f 4479 4505 3891
f 4171 4479 4172
f 4120 4504 4175
f 4168 4506 4507
f 4507 4506 3962
f 4508 4507 4161
f 4171 4505 4479
f 4175 4505 4171
f 3911 4508 4161
f 3892 4504 3911
f 4161 4507 3962
f 4179 4507 4508
f 4179 4508 4120
f 4168 4507 4179
f 4275 4506 4168
f 4509 4510 4017
f 3723 4510 4509
f 3962 4506 3963
f 4511 4512 3812
f 3963 4513 3811
f 3811 4511 3812
f 4504 4508 3911
f 4120 4508 4504
f 4513 4511 3811
f 4113 4513 4275
f 4069 4512 4511
f 3812 4512 4133
f 4069 4511 4113
f 4169 4514 4515
f 4133 4509 4017
f 4113 4511 4513
f 4515 4514 4164
f 4506 4513 3963
f 3688 4512 4069
f 3722 4510 3723
f 4275 4513 4506
f 4512 4509 4133
f 3974 4516 4517
f 4517 4516 4143
f 3723 4509 3688
f 4018 4515 4164
f 3759 4514 4169
f 3688 4509 4512
f 4017 4510 4018
f 4169 4515 3722
f 4165 4517 4143
f 4164 4514 4165
f 3639 4516 3974
f 3639 2650 4516
f 3974 4517 3759
f 4143 4516 4282
f 2651 2650 3639
f 3722 4515 4510
f 4510 4515 4018
f 3759 4517 4514
f 4516 2650 4282
f 4514 4517 4165
f 4282 2650 2887
f 3652 4518 4480
f 3652 4480 3999
f 3718 2647 4519
f 4519 2647 3660
f 3719 4518 3652
f 4188 4480 3828
f 4480 4518 3828
f 3829 4519 3660
f 2648 2647 3718
f 3828 4518 3829
f 3718 4519 3719
f 3660 2647 2886
f 3719 4519 4518
f 4518 4519 3829
f 3027 4469 3023
f 2623 2828 2618
f 3591 4469 4497
f 4497 4469 3027
f 4470 4453 4193
f 4471 4454 3693
f 4472 4455 4243
f 4469 4465 3023
f 4473 4456 4054
f 4474 4457 4257
f 4475 4458 3955
f 4476 4459 3956
f 4477 4460 4026
f 4478 4461 3804
f 4477 4463 3609
f 4479 4462 4172
f 4480 4464 3999
f 2822 2821 3612
f 1957 2818 2075
f 4193 4453 4281
f 2202 2816 1844
f 1756 2812 1745
f 1705 2814 1706
f 3693 4454 3694
f 2811 2810 3895
f 2213 2807 2381
f 4243 4455 3679
f 1627 2799 2230
f 2806 2805 4064
f 1987 2797 1903
f 2803 2802 3954
f 2309 2795 1989
f 4054 4456 3928
f 2029 2793 2360
f 4257 4457 4255
f 2358 2791 2156
f 3955 4458 3965
f 2008 2789 1963
f 2788 2787 4025
f 2040 2784 1941
f 2783 2782 4036
f 2045 2779 2046
f 2778 2777 4263
f 2054 2774 2356
f 2771 2770 3988
f 1850 2772 1851
f 2766 2765 3989
f 2190 2767 2012
f 2763 2762 4264
f 2146 2759 2066
f 2756 2755 3983
f 2355 2757 2236
f 2753 2752 4260
f 2353 2749 1620
f 3956 4459 3910
f 2284 2747 2387
f 2744 2743 4216
f 1629 2745 2308
f 2738 2737 3896
f 2351 2739 2059
f 1683 2741 1684
f 2733 2732 4231
f 1900 2734 1901
f 2726 2725 3897
f 3609 4463 3586
f 2118 2727 2321
f 2278 2729 2306
f 4026 4460 3548
f 3804 4461 3570
f 2721 2720 4038
f 2092 2722 2350
f 2716 2715 4197
f 2083 2717 2084
f 4172 4462 4176
f 2349 2712 2307
f 2709 2708 4104
f 2219 2710 2199
f 2704 2703 3918
f 1791 2705 1784
f 3999 4464 3700
f 1759 2700 1746
f 1739 2698 1740
f 2697 2696 3858
f 1733 2693 1714
f 2692 2691 3710
f 3023 4465 4271
f 2590 2617 2579
f 2643 4467 2823
f 4083 2827 2641
f 2825 4468 2593
f 2641 4466 2347
f 1476 4452 1478
f 1480 4466 2642
f 3485 2625 560
f 479 4467 2643
f 2437 4468 2826
f 2826 4468 2825
f 2642 4466 2641
f 2884 2818 2687
f 2883 2816 2820
f 2819 2821 2885
f 2817 4453 4241
f 2881 2814 2678
f 2882 2812 2684
f 2815 2810 2880
f 2813 4454 3743
f 2879 2807 2809
f 2808 4455 4229
f 2876 2799 2681
f 2875 2797 2804
f 2800 2805 2878
f 2874 2795 2801
f 2798 2802 2877
f 2796 4456 3772
f 2873 2793 2675
f 2794 4457 4222
f 2872 2791 2672
f 2792 4458 4225
f 2871 2789 2669
f 2790 2787 2870
f 2869 2784 2786
f 2785 2782 2868
f 2867 2779 2781
f 2780 2777 2866
f 2865 2774 2776
f 2775 2770 2863
f 2864 2772 2769
f 2773 2765 2861
f 2862 2767 2764
f 2768 2762 2859
f 2860 2759 2761
f 2760 2755 2857
f 2858 2757 2754
f 2758 2752 2855
f 2856 2749 2751
f 2750 4459 3976
f 2748 2743 2852
f 2854 2747 2666
f 2746 2737 2850
f 2853 2745 2742
f 2740 2732 2848
f 2851 2739 2736
f 2637 4463 3495
f 2735 2725 2845
f 2849 2734 2731
f 2659 4460 3339
f 2638 2741 2660
f 2730 4461 3618
f 2847 2729 2663
f 2728 2720 2843
f 2846 2727 2724
f 2723 2715 2841
f 2844 2722 2719
f 2718 4462 4128
f 2842 2717 2714
f 2713 2708 2838
f 2840 2712 2649
f 2711 2703 2836
f 2839 2710 2707
f 2706 4464 4188
f 2837 2705 2702
f 2701 2696 2833
f 2835 2700 2646
f 2699 2691 2831
f 2834 2698 2695
f 2694 4465 3628
f 2832 2693 2690
f 2615 2827 2644
f 2645 4451 2616
f 4305 4451 2688
f 2688 4451 2645
f 4503 2827 4083
f 2644 2827 4503
# </faces>
