# Wavefront OBJ file written 2026-06-15T00:04:04
o beam3d_normal_0

# points : 2288
# faces  : 4204
# zones  : 1
#   0  CreatedbyGmsh  (nFaces: 4204)

# <points count="2288">
v 0.596 0.200392 0
v 0.596997 0.198741 0
v 0.5981 0.200722 0
v 0.251774 0.204959 0
v 0.251732 0.203 0
v 0.253714 0.20393 0
v 0.596287 0.203932 0
v 0.598268 0.203 0
v 0.598268 0.205 0
v 0.252964 0.19876 0
v 0.253996 0.200405 0
v 0.251881 0.200727 0
v 0.598652 0.198971 0
v 0.596761 0.206 0
v 0.25324 0.205997 0
v 0.251305 0.199 0
v 0.25 0.192 0
v 0.251842 0.193258 0
v 0.25 0.194 0
v 0.59505 0.191742 0
v 0.59609 0.193415 0
v 0.594 0.193464 0
v 0.251777 0.196982 0
v 0.253 0.195196 0
v 0.253947 0.196944 0
v 0.251464 0.191464 0
v 0.596101 0.196896 0
v 0.59716 0.195176 0
v 0.598228 0.196974 0
v 0.596785 0.202 0
v 0.253217 0.202004 0
v 0.595 0.198624 0
v 0.592999 0.198638 0
v 0.594018 0.196891 0
v 0.59511 0.195135 0
v 0.593013 0.195169 0
v 0.561049 0.205408 0
v 0.56213 0.206786 0
v 0.560166 0.206982 0
v 0.56114 0.208437 0
v 0.591983 0.196882 0
v 0.596882 0.208123 0
v 0.598341 0.206988 0
v 0.597 0.191732 0
v 0.594962 0.205566 0
v 0.25502 0.20557 0
v 0.532042 0.207017 0
v 0.530022 0.206969 0
v 0.531049 0.205495 0
v 0.506042 0.207017 0
v 0.504022 0.206969 0
v 0.505049 0.205495 0
v 0.571971 0.206777 0
v 0.574 0.206928 0
v 0.572951 0.208362 0
v 0.572026 0.203646 0
v 0.56999 0.203563 0
v 0.571049 0.20203 0
v 0.568951 0.20201 0
v 0.56797 0.203581 0
v 0.558053 0.207003 0
v 0.556026 0.206951 0
v 0.557061 0.205482 0
v 0.586042 0.207017 0
v 0.584024 0.206955 0
v 0.585059 0.205487 0
v 0.432042 0.207015 0
v 0.430022 0.206967 0
v 0.431049 0.205487 0
v 0.374042 0.207015 0
v 0.372022 0.206967 0
v 0.373049 0.205487 0
v 0.364042 0.207017 0
v 0.362022 0.206969 0
v 0.363049 0.205495 0
v 0.350042 0.207017 0
v 0.348022 0.206969 0
v 0.349049 0.205495 0
v 0.304042 0.207017 0
v 0.302022 0.206969 0
v 0.303049 0.205495 0
v 0.324042 0.207017 0
v 0.322022 0.206969 0
v 0.323049 0.205495 0
v 0.286042 0.207017 0
v 0.284022 0.206969 0
v 0.285049 0.205495 0
v 0.258042 0.207019 0
v 0.256038 0.206944 0
v 0.257061 0.205487 0
v 0.544053 0.207029 0
v 0.54206 0.207019 0
v 0.543052 0.205479 0
v 0.546 0.21 0
v 0.545047 0.208514 0
v 0.547021 0.208489 0
v 0.538054 0.207029 0
v 0.53606 0.207019 0
v 0.537052 0.205479 0
v 0.54 0.21 0
v 0.53905 0.20852 0
v 0.541035 0.208526 0
v 0.534 0.21 0
v 0.533037 0.208503 0
v 0.535035 0.208526 0
v 0.518054 0.207029 0
v 0.51606 0.207019 0
v 0.517052 0.205479 0
v 0.52 0.21 0
v 0.519047 0.208514 0
v 0.521021 0.208489 0
v 0.512053 0.207029 0
v 0.51006 0.207019 0
v 0.511052 0.205479 0
v 0.514 0.21 0
v 0.51305 0.20852 0
v 0.515035 0.208526 0
v 0.508 0.21 0
v 0.507037 0.208503 0
v 0.509035 0.208526 0
v 0.468054 0.207029 0
v 0.46606 0.207019 0
v 0.467052 0.205479 0
v 0.47 0.21 0
v 0.469047 0.208514 0
v 0.471021 0.208489 0
v 0.462054 0.207029 0
v 0.46006 0.207019 0
v 0.461052 0.205479 0
v 0.464 0.21 0
v 0.46305 0.20852 0
v 0.465035 0.208526 0
v 0.456054 0.207029 0
v 0.45406 0.207019 0
v 0.455052 0.205479 0
v 0.458 0.21 0
v 0.45705 0.20852 0
v 0.459035 0.208526 0
v 0.588 0.21 0
v 0.587034 0.208497 0
v 0.58902 0.20849 0
v 0.450054 0.207029 0
v 0.44806 0.207019 0
v 0.449052 0.205479 0
v 0.452 0.21 0
v 0.45105 0.20852 0
v 0.453035 0.208526 0
v 0.444054 0.207029 0
v 0.44206 0.207019 0
v 0.443052 0.205479 0
v 0.446 0.21 0
v 0.44505 0.20852 0
v 0.447035 0.208526 0
v 0.56 0.21 0
v 0.559066 0.208476 0
v 0.438054 0.207029 0
v 0.43606 0.207019 0
v 0.437052 0.205479 0
v 0.44 0.21 0
v 0.43905 0.20852 0
v 0.441035 0.208526 0
v 0.434 0.21 0
v 0.433037 0.208502 0
v 0.435035 0.208526 0
v 0.424 0.21 0
v 0.423047 0.208514 0
v 0.425021 0.208489 0
v 0.422054 0.207029 0
v 0.42006 0.207019 0
v 0.421052 0.205479 0
v 0.416054 0.207029 0
v 0.41406 0.207019 0
v 0.415052 0.205479 0
v 0.418 0.21 0
v 0.41705 0.20852 0
v 0.419035 0.208526 0
v 0.412 0.21 0
v 0.41105 0.20852 0
v 0.413035 0.208526 0
v 0.410054 0.207029 0
v 0.40806 0.207019 0
v 0.409052 0.205479 0
v 0.404054 0.207029 0
v 0.40206 0.207019 0
v 0.403052 0.205479 0
v 0.406 0.21 0
v 0.40505 0.20852 0
v 0.407035 0.208526 0
v 0.398054 0.207029 0
v 0.39606 0.207019 0
v 0.397052 0.205479 0
v 0.4 0.21 0
v 0.39905 0.20852 0
v 0.401035 0.208526 0
v 0.394 0.21 0
v 0.39305 0.20852 0
v 0.395035 0.208526 0
v 0.392054 0.207029 0
v 0.39006 0.207019 0
v 0.391052 0.205479 0
v 0.388 0.21 0
v 0.38705 0.20852 0
v 0.389035 0.208526 0
v 0.386054 0.207029 0
v 0.38406 0.207019 0
v 0.385052 0.205479 0
v 0.382 0.21 0
v 0.38105 0.20852 0
v 0.383035 0.208526 0
v 0.380054 0.207029 0
v 0.37806 0.207019 0
v 0.379052 0.205479 0
v 0.376 0.21 0
v 0.375037 0.208502 0
v 0.377035 0.208526 0
v 0.366 0.21 0
v 0.365035 0.208497 0
v 0.367021 0.208489 0
v 0.352 0.21 0
v 0.351035 0.208497 0
v 0.353021 0.208489 0
v 0.338 0.21 0
v 0.337047 0.208514 0
v 0.339021 0.208489 0
v 0.332 0.21 0
v 0.33105 0.20852 0
v 0.333035 0.208526 0
v 0.326 0.21 0
v 0.325037 0.208503 0
v 0.327035 0.208526 0
v 0.336054 0.207029 0
v 0.33406 0.207019 0
v 0.335052 0.205479 0
v 0.330054 0.207029 0
v 0.32806 0.207019 0
v 0.329052 0.205479 0
v 0.312 0.21 0
v 0.311047 0.208514 0
v 0.313021 0.208489 0
v 0.310053 0.207029 0
v 0.30806 0.207019 0
v 0.309052 0.205479 0
v 0.288 0.21 0
v 0.287035 0.208497 0
v 0.289021 0.208489 0
v 0.306 0.21 0
v 0.305037 0.208503 0
v 0.307035 0.208526 0
v 0.266 0.21 0
v 0.265047 0.208514 0
v 0.26702 0.208489 0
v 0.26 0.21 0
v 0.259037 0.208504 0
v 0.261035 0.208527 0
v 0.264053 0.207028 0
v 0.262059 0.207021 0
v 0.263051 0.205482 0
v 0.598218 0.193239 0
v 0.254985 0.198666 0
v 0.6 0.194 0
v 0.6 0.192 0
v 0.251598 0.20693 0
v 0.253109 0.20809 0
v 0.595501 0.207007 0
v 0.251336 0.195023 0
v 0.256002 0.200392 0
v 0.255034 0.202104 0
v 0.543099 0.208529 0
v 0.546111 0.207038 0
v 0.537099 0.208529 0
v 0.540111 0.207038 0
v 0.534111 0.207039 0
v 0.517099 0.208529 0
v 0.520111 0.207038 0
v 0.511099 0.208529 0
v 0.514111 0.207038 0
v 0.508111 0.207039 0
v 0.467099 0.208529 0
v 0.470111 0.207038 0
v 0.461099 0.208529 0
v 0.464111 0.207038 0
v 0.455099 0.208529 0
v 0.458111 0.207038 0
v 0.588107 0.207041 0
v 0.449099 0.208529 0
v 0.452111 0.207038 0
v 0.443099 0.208529 0
v 0.446111 0.207038 0
v 0.437099 0.208529 0
v 0.440111 0.207038 0
v 0.434111 0.207038 0
v 0.421099 0.208529 0
v 0.424111 0.207038 0
v 0.415099 0.208529 0
v 0.418111 0.207038 0
v 0.409099 0.208529 0
v 0.412111 0.207038 0
v 0.403099 0.208529 0
v 0.406111 0.207038 0
v 0.397099 0.208529 0
v 0.400111 0.207038 0
v 0.394111 0.207038 0
v 0.391099 0.208529 0
v 0.388111 0.207038 0
v 0.385099 0.208529 0
v 0.382111 0.207038 0
v 0.379099 0.208529 0
v 0.376111 0.207038 0
v 0.366111 0.207039 0
v 0.352111 0.207039 0
v 0.338111 0.207038 0
v 0.332111 0.207038 0
v 0.326111 0.207039 0
v 0.335099 0.208529 0
v 0.329099 0.208529 0
v 0.312111 0.207038 0
v 0.309099 0.208529 0
v 0.306111 0.207039 0
v 0.288111 0.207039 0
v 0.266108 0.207038 0
v 0.260108 0.207042 0
v 0.263099 0.208529 0
v 0.531035 0.208435 0
v 0.505035 0.208435 0
v 0.573006 0.205352 0
v 0.568959 0.204983 0
v 0.570986 0.205128 0
v 0.557035 0.208435 0
v 0.585035 0.208435 0
v 0.431035 0.208435 0
v 0.373035 0.208435 0
v 0.363035 0.208435 0
v 0.349035 0.208435 0
v 0.323035 0.208435 0
v 0.303035 0.208435 0
v 0.285035 0.208435 0
v 0.257035 0.208435 0
v 0.547 0.202124 0
v 0.549001 0.202122 0
v 0.548004 0.203842 0
v 0.546012 0.203845 0
v 0.544009 0.203836 0
v 0.545003 0.202119 0
v 0.541 0.202124 0
v 0.542004 0.203842 0
v 0.540011 0.203845 0
v 0.539003 0.202119 0
v 0.538009 0.203836 0
v 0.544 0.200392 0
v 0.543 0.202124 0
v 0.542 0.200392 0
v 0.537 0.202124 0
v 0.536004 0.203842 0
v 0.535003 0.20212 0
v 0.534011 0.203846 0
v 0.533 0.202124 0
v 0.532008 0.203841 0
v 0.531001 0.202122 0
v 0.529 0.202124 0
v 0.53 0.203856 0
v 0.528 0.203855 0
v 0.525 0.202124 0
v 0.526 0.203849 0
v 0.524001 0.203848 0
v 0.528 0.200392 0
v 0.527 0.202123 0
v 0.526 0.200392 0
v 0.523001 0.20212 0
v 0.521 0.202124 0
v 0.522004 0.203842 0
v 0.518009 0.203836 0
v 0.519003 0.202119 0
v 0.520011 0.203845 0
v 0.515 0.202124 0
v 0.516004 0.203842 0
v 0.514012 0.203845 0
v 0.512009 0.203836 0
v 0.513003 0.202119 0
v 0.518 0.200392 0
v 0.517 0.202124 0
v 0.516 0.200392 0
v 0.506008 0.203841 0
v 0.507003 0.20212 0
v 0.508011 0.203846 0
v 0.509 0.202124 0
v 0.510004 0.203842 0
v 0.512 0.200392 0
v 0.511 0.202124 0
v 0.51 0.200392 0
v 0.503 0.202124 0
v 0.504 0.203856 0
v 0.502 0.203856 0
v 0.499 0.202124 0
v 0.5 0.203856 0
v 0.498 0.203856 0
v 0.495 0.202124 0
v 0.497 0.202124 0
v 0.496 0.203856 0
v 0.494 0.203856 0
v 0.502 0.200392 0
v 0.501 0.202124 0
v 0.5 0.200392 0
v 0.493 0.202124 0
v 0.492 0.203856 0
v 0.506 0.200392 0
v 0.505001 0.202122 0
v 0.504 0.200392 0
v 0.491 0.202124 0
v 0.49 0.203856 0
v 0.487 0.202124 0
v 0.488 0.203856 0
v 0.486 0.203856 0
v 0.49 0.200392 0
v 0.489 0.202124 0
v 0.488 0.200392 0
v 0.483 0.202124 0
v 0.484 0.203856 0
v 0.482 0.203856 0
v 0.486 0.200392 0
v 0.485 0.202124 0
v 0.484 0.200392 0
v 0.481 0.202124 0
v 0.48 0.203856 0
v 0.479 0.202124 0
v 0.478 0.203855 0
v 0.472004 0.203842 0
v 0.473001 0.20212 0
v 0.474001 0.203848 0
v 0.475 0.202124 0
v 0.476 0.203849 0
v 0.478 0.200392 0
v 0.477 0.202123 0
v 0.476 0.200392 0
v 0.469 0.202124 0
v 0.470012 0.203845 0
v 0.468009 0.203836 0
v 0.467 0.202124 0
v 0.466004 0.203842 0
v 0.465 0.202124 0
v 0.464011 0.203845 0
v 0.463003 0.202119 0
v 0.472 0.200392 0
v 0.471003 0.20212 0
v 0.47 0.200392 0
v 0.462009 0.203836 0
v 0.461 0.202124 0
v 0.460004 0.203842 0
v 0.457 0.202124 0
v 0.458011 0.203845 0
v 0.456009 0.203836 0
v 0.454004 0.203842 0
v 0.455 0.202124 0
v 0.46 0.200392 0
v 0.459003 0.20212 0
v 0.458 0.200392 0
v 0.45 0.200392 0
v 0.449 0.202124 0
v 0.448 0.200392 0
v 0.550001 0.203844 0
v 0.549001 0.205549 0
v 0.451 0.202124 0
v 0.452011 0.203845 0
v 0.450009 0.203836 0
v 0.551 0.205552 0
v 0.454 0.200392 0
v 0.453003 0.20212 0
v 0.452 0.200392 0
v 0.445 0.202124 0
v 0.446011 0.203845 0
v 0.444009 0.203836 0
v 0.442004 0.203842 0
v 0.443 0.202124 0
v 0.447003 0.20212 0
v 0.446 0.200392 0
v 0.342 0.196928 0
v 0.341 0.195196 0
v 0.343 0.195196 0
v 0.439 0.202124 0
v 0.440011 0.203845 0
v 0.438009 0.203836 0
v 0.436004 0.203842 0
v 0.437 0.202124 0
v 0.442 0.200392 0
v 0.441003 0.20212 0
v 0.44 0.200392 0
v 0.433 0.202124 0
v 0.434011 0.203845 0
v 0.432008 0.203838 0
v 0.431 0.202124 0
v 0.429 0.202124 0
v 0.43 0.203849 0
v 0.428 0.200392 0
v 0.427001 0.20212 0
v 0.426 0.200392 0
v 0.428001 0.203848 0
v 0.436 0.200392 0
v 0.435003 0.20212 0
v 0.434 0.200392 0
v 0.423 0.202124 0
v 0.424011 0.203845 0
v 0.422009 0.203836 0
v 0.420004 0.203842 0
v 0.421 0.202124 0
v 0.425003 0.20212 0
v 0.417 0.202124 0
v 0.418011 0.203845 0
v 0.416009 0.203836 0
v 0.424 0.200392 0
v 0.416 0.200392 0
v 0.415 0.202124 0
v 0.414 0.200392 0
v 0.389 0.19866 0
v 0.388 0.196928 0
v 0.39 0.196928 0
v 0.42 0.200392 0
v 0.419003 0.20212 0
v 0.418 0.200392 0
v 0.411 0.202124 0
v 0.412011 0.203845 0
v 0.410009 0.203836 0
v 0.408004 0.203842 0
v 0.409 0.202124 0
v 0.413003 0.20212 0
v 0.412 0.200392 0
v 0.405 0.202124 0
v 0.406011 0.203845 0
v 0.404009 0.203836 0
v 0.404 0.200392 0
v 0.403 0.202124 0
v 0.402 0.200392 0
v 0.408 0.200392 0
v 0.407003 0.20212 0
v 0.406 0.200392 0
v 0.398 0.200392 0
v 0.397 0.202124 0
v 0.396 0.200392 0
v 0.399 0.202124 0
v 0.400011 0.203845 0
v 0.398009 0.203836 0
v 0.401003 0.20212 0
v 0.4 0.200392 0
v 0.393 0.202124 0
v 0.394011 0.203845 0
v 0.392009 0.203836 0
v 0.392 0.200392 0
v 0.391 0.202124 0
v 0.39 0.200392 0
v 0.395003 0.20212 0
v 0.394 0.200392 0
v 0.387 0.202124 0
v 0.388011 0.203845 0
v 0.386009 0.203836 0
v 0.386 0.200392 0
v 0.385 0.202124 0
v 0.384 0.200392 0
v 0.389003 0.20212 0
v 0.313 0.195196 0
v 0.312 0.193464 0
v 0.314 0.193464 0
v 0.38 0.200392 0
v 0.379 0.202124 0
v 0.378 0.200392 0
v 0.381 0.202124 0
v 0.382011 0.203845 0
v 0.380009 0.203836 0
v 0.388 0.200392 0
v 0.383003 0.20212 0
v 0.382 0.200392 0
v 0.375 0.202124 0
v 0.376011 0.203845 0
v 0.374008 0.203838 0
v 0.443 0.195196 0
v 0.442 0.193464 0
v 0.444 0.193464 0
v 0.326 0.193464 0
v 0.327 0.191732 0
v 0.328 0.193464 0
v 0.373 0.202124 0
v 0.377003 0.20212 0
v 0.372 0.203849 0
v 0.371 0.202124 0
v 0.370001 0.203848 0
v 0.376 0.200392 0
v 0.37 0.200392 0
v 0.369001 0.20212 0
v 0.368 0.200392 0
v 0.49 0.19 0
v 0.491 0.191732 0
v 0.489 0.191732 0
v 0.365 0.202124 0
v 0.366011 0.203846 0
v 0.364008 0.203841 0
v 0.363001 0.202122 0
v 0.367003 0.20212 0
v 0.362 0.203856 0
v 0.361 0.202124 0
v 0.36 0.203855 0
v 0.366 0.200392 0
v 0.357 0.202124 0
v 0.358 0.203849 0
v 0.356001 0.203848 0
v 0.356 0.200392 0
v 0.355001 0.20212 0
v 0.354 0.200392 0
v 0.36 0.200392 0
v 0.359 0.202123 0
v 0.358 0.200392 0
v 0.351 0.202124 0
v 0.352011 0.203846 0
v 0.350008 0.203841 0
v 0.348 0.203856 0
v 0.349001 0.202122 0
v 0.347 0.202124 0
v 0.342 0.200392 0
v 0.341001 0.20212 0
v 0.34 0.200392 0
v 0.346 0.203855 0
v 0.353003 0.20212 0
v 0.336 0.200392 0
v 0.335 0.202124 0
v 0.334 0.200392 0
v 0.290004 0.203842 0
v 0.291001 0.20212 0
v 0.292001 0.203848 0
v 0.337 0.202124 0
v 0.338012 0.203845 0
v 0.336009 0.203836 0
v 0.343 0.202124 0
v 0.344 0.203849 0
v 0.342001 0.203848 0
v 0.293 0.202124 0
v 0.333003 0.20212 0
v 0.352 0.200392 0
v 0.346 0.200392 0
v 0.345 0.202123 0
v 0.344 0.200392 0
v 0.33 0.200392 0
v 0.329 0.202124 0
v 0.328 0.200392 0
v 0.331 0.202124 0
v 0.332011 0.203845 0
v 0.330009 0.203836 0
v 0.321 0.202124 0
v 0.322 0.203856 0
v 0.32 0.203855 0
v 0.325 0.202124 0
v 0.326011 0.203846 0
v 0.324008 0.203841 0
v 0.332 0.200392 0
v 0.323001 0.202122 0
v 0.339003 0.20212 0
v 0.318 0.203849 0
v 0.319 0.202123 0
v 0.317 0.202124 0
v 0.316001 0.203848 0
v 0.338 0.200392 0
v 0.316 0.200392 0
v 0.315001 0.20212 0
v 0.314 0.200392 0
v 0.313003 0.20212 0
v 0.312 0.200392 0
v 0.327002 0.20212 0
v 0.326 0.200392 0
v 0.311 0.202124 0
v 0.312011 0.203845 0
v 0.310009 0.203836 0
v 0.287 0.202124 0
v 0.288011 0.203846 0
v 0.286008 0.203841 0
v 0.309 0.202124 0
v 0.308004 0.203842 0
v 0.29 0.200392 0
v 0.289003 0.20212 0
v 0.288 0.200392 0
v 0.464 0.193464 0
v 0.465 0.191732 0
v 0.466 0.193464 0
v 0.308 0.200392 0
v 0.307003 0.20212 0
v 0.306 0.200392 0
v 0.305 0.202124 0
v 0.306011 0.203846 0
v 0.304008 0.203841 0
v 0.294 0.203849 0
v 0.293 0.205552 0
v 0.295 0.205588 0
v 0.286 0.200392 0
v 0.285001 0.202122 0
v 0.284 0.200392 0
v 0.283 0.202124 0
v 0.284 0.203856 0
v 0.282 0.203856 0
v 0.278 0.19 0
v 0.279 0.191732 0
v 0.277 0.191732 0
v 0.303001 0.202122 0
v 0.32 0.19 0
v 0.321 0.191732 0
v 0.319 0.191732 0
v 0.302 0.203856 0
v 0.53 0.193464 0
v 0.531 0.195196 0
v 0.529 0.195196 0
v 0.304 0.19 0
v 0.305 0.191732 0
v 0.303 0.191732 0
v 0.578 0.203856 0
v 0.579 0.205588 0
v 0.577 0.205588 0
v 0.281 0.202124 0
v 0.279 0.202124 0
v 0.28 0.203856 0
v 0.301 0.202124 0
v 0.55 0.19 0
v 0.551 0.191732 0
v 0.549 0.191732 0
v 0.54 0.196928 0
v 0.539 0.195196 0
v 0.541 0.195196 0
v 0.287 0.195196 0
v 0.286 0.196928 0
v 0.285 0.195196 0
v 0.274 0.196928 0
v 0.273 0.195196 0
v 0.275 0.195196 0
v 0.278 0.203856 0
v 0.53 0.196928 0
v 0.487 0.191732 0
v 0.488 0.193464 0
v 0.486 0.193464 0
v 0.454 0.196928 0
v 0.453 0.195196 0
v 0.455 0.195196 0
v 0.3 0.203856 0
v 0.576 0.203856 0
v 0.3 0.193464 0
v 0.302 0.193464 0
v 0.301 0.195196 0
v 0.438 0.193464 0
v 0.436 0.193464 0
v 0.437 0.191732 0
v 0.284 0.196928 0
v 0.299 0.202124 0
v 0.257 0.19866 0
v 0.277 0.202124 0
v 0.297 0.195196 0
v 0.296 0.196928 0
v 0.295 0.195196 0
v 0.426004 0.203842 0
v 0.566 0.200392 0
v 0.564992 0.202113 0
v 0.564 0.200392 0
v 0.448004 0.203842 0
v 0.414004 0.203842 0
v 0.396004 0.203842 0
v 0.402004 0.203842 0
v 0.390004 0.203842 0
v 0.298 0.203856 0
v 0.283 0.19866 0
v 0.285 0.19866 0
v 0.294 0.196928 0
v 0.378004 0.203842 0
v 0.583005 0.205513 0
v 0.582001 0.203844 0
v 0.584 0.203856 0
v 0.384004 0.203842 0
v 0.354004 0.203842 0
v 0.577 0.202124 0
v 0.583 0.202124 0
v 0.585001 0.202123 0
v 0.368004 0.203842 0
v 0.576 0.200392 0
v 0.575 0.202124 0
v 0.581 0.191732 0
v 0.582 0.193464 0
v 0.58 0.193464 0
v 0.276 0.203856 0
v 0.529 0.191732 0
v 0.528 0.193464 0
v 0.566951 0.202096 0
v 0.565958 0.203734 0
v 0.565 0.19866 0
v 0.564 0.196928 0
v 0.566 0.196928 0
v 0.563 0.202124 0
v 0.578 0.200392 0
v 0.585 0.195196 0
v 0.586 0.193464 0
v 0.586999 0.195196 0
v 0.419 0.19866 0
v 0.418 0.196928 0
v 0.42 0.196928 0
v 0.407 0.19866 0
v 0.406 0.196928 0
v 0.408 0.196928 0
v 0.587999 0.196928 0
v 0.586 0.196928 0
v 0.582 0.19 0
v 0.583 0.191732 0
v 0.293 0.19866 0
v 0.295 0.19866 0
v 0.282 0.196928 0
v 0.564 0.21 0
v 0.565 0.208274 0
v 0.566 0.21 0
v 0.288 0.19 0
v 0.289 0.191732 0
v 0.287 0.191732 0
v 0.577 0.19866 0
v 0.576 0.196928 0
v 0.578 0.196928 0
v 0.538 0.196928 0
v 0.574 0.200392 0
v 0.573066 0.202075 0
v 0.572 0.200392 0
v 0.264 0.193464 0
v 0.263 0.191732 0
v 0.265 0.191732 0
v 0.581 0.208268 0
v 0.583003 0.208349 0
v 0.582 0.21 0
v 0.554001 0.203844 0
v 0.553 0.202123 0
v 0.555 0.202124 0
v 0.282 0.200392 0
v 0.28 0.200392 0
v 0.323 0.19866 0
v 0.324 0.196928 0
v 0.325 0.19866 0
v 0.328004 0.203842 0
v 0.377 0.19866 0
v 0.378 0.196928 0
v 0.379 0.19866 0
v 0.581 0.195196 0
v 0.275 0.202124 0
v 0.273 0.202124 0
v 0.274 0.200392 0
v 0.549 0.195196 0
v 0.548 0.193464 0
v 0.55 0.193464 0
v 0.431 0.19866 0
v 0.43 0.196928 0
v 0.432 0.196928 0
v 0.307 0.195196 0
v 0.306 0.193464 0
v 0.308 0.193464 0
v 0.556 0.200392 0
v 0.557002 0.202122 0
v 0.53 0.200392 0
v 0.536 0.196928 0
v 0.537 0.195196 0
v 0.323 0.195196 0
v 0.325 0.195196 0
v 0.59 0.19 0
v 0.589 0.191732 0
v 0.588 0.19 0
v 0.55801 0.203844 0
v 0.559002 0.20212 0
v 0.56 0.203845 0
v 0.584 0.19 0
v 0.259 0.202124 0
v 0.258 0.200392 0
v 0.26 0.200392 0
v 0.340004 0.203842 0
v 0.594 0.203856 0
v 0.28 0.196928 0
v 0.281 0.195196 0
v 0.565 0.195196 0
v 0.331 0.19866 0
v 0.332 0.196928 0
v 0.333 0.19866 0
v 0.329 0.191732 0
v 0.297 0.202124 0
v 0.588 0.200392 0
v 0.587002 0.202123 0
v 0.586 0.200392 0
v 0.283 0.195196 0
v 0.551 0.202124 0
v 0.552 0.203848 0
v 0.326 0.196928 0
v 0.581 0.205588 0
v 0.292 0.196928 0
v 0.264018 0.203829 0
v 0.265058 0.205531 0
v 0.579 0.195196 0
v 0.578 0.193464 0
v 0.322 0.196928 0
v 0.586008 0.20385 0
v 0.556 0.203856 0
v 0.528 0.19 0
v 0.527 0.191732 0
v 0.276 0.196928 0
v 0.275 0.19866 0
v 0.336 0.19 0
v 0.337 0.191732 0
v 0.335 0.191732 0
v 0.577 0.195196 0
v 0.272 0.200392 0
v 0.584 0.200392 0
v 0.584 0.21 0
v 0.591 0.191732 0
v 0.278 0.200392 0
v 0.276 0.200392 0
v 0.264 0.19 0
v 0.559 0.19866 0
v 0.56 0.196928 0
v 0.561 0.19866 0
v 0.376 0.196928 0
v 0.28 0.21 0
v 0.279 0.208268 0
v 0.281 0.208268 0
v 0.259 0.19866 0
v 0.568 0.196928 0
v 0.567 0.195196 0
v 0.569 0.195196 0
v 0.266 0.19 0
v 0.532 0.200392 0
v 0.3 0.196928 0
v 0.302 0.196928 0
v 0.301 0.19866 0
v 0.583 0.195196 0
v 0.584 0.196928 0
v 0.303 0.195196 0
v 0.263 0.19866 0
v 0.262 0.196928 0
v 0.264 0.196928 0
v 0.278 0.21 0
v 0.53 0.19 0
v 0.274 0.203856 0
v 0.6 0.202 0
v 0.375 0.19866 0
v 0.271 0.205553 0
v 0.27 0.203856 0
v 0.272 0.203856 0
v 0.292 0.21 0
v 0.293 0.208268 0
v 0.294 0.21 0
v 0.545 0.191732 0
v 0.544 0.193464 0
v 0.543 0.191732 0
v 0.587 0.191732 0
v 0.295 0.208268 0
v 0.568 0.21 0
v 0.567 0.208268 0
v 0.569 0.208268 0
v 0.254 0.19 0
v 0.255013 0.191725 0
v 0.253077 0.191687 0
v 0.522 0.19 0
v 0.523 0.191732 0
v 0.521 0.191732 0
v 0.557 0.19866 0
v 0.558 0.196928 0
v 0.303 0.19866 0
v 0.554 0.196928 0
v 0.555 0.195196 0
v 0.556 0.196928 0
v 0.563 0.208268 0
v 0.564025 0.206621 0
v 0.555005 0.205513 0
v 0.587999 0.193463 0
v 0.309 0.195196 0
v 0.308 0.196928 0
v 0.562 0.200392 0
v 0.561 0.202124 0
v 0.537 0.19866 0
v 0.38 0.196928 0
v 0.288 0.196928 0
v 0.518 0.196928 0
v 0.52 0.196928 0
v 0.519 0.19866 0
v 0.522 0.200392 0
v 0.309 0.19866 0
v 0.31 0.196928 0
v 0.335 0.19866 0
v 0.334 0.196928 0
v 0.336 0.196928 0
v 0.334004 0.203842 0
v 0.281 0.19866 0
v 0.515 0.195196 0
v 0.517 0.195196 0
v 0.516 0.196928 0
v 0.25 0.202 0
v 0.589998 0.193463 0
v 0.573 0.19866 0
v 0.574 0.196928 0
v 0.575 0.19866 0
v 0.558 0.200392 0
v 0.499 0.19866 0
v 0.498 0.196928 0
v 0.5 0.196928 0
v 0.536 0.200392 0
v 0.534 0.200392 0
v 0.292 0.19 0
v 0.293 0.191732 0
v 0.291 0.191732 0
v 0.349 0.195196 0
v 0.351 0.195196 0
v 0.35 0.196928 0
v 0.256 0.19 0
v 0.364 0.200392 0
v 0.579 0.19866 0
v 0.58 0.196928 0
v 0.581 0.19866 0
v 0.273 0.191732 0
v 0.274 0.193464 0
v 0.272 0.193464 0
v 0.555 0.19866 0
v 0.321 0.19866 0
v 0.319 0.208268 0
v 0.321003 0.208349 0
v 0.32 0.21 0
v 0.307 0.19866 0
v 0.544 0.19 0
v 0.542 0.19 0
v 0.568 0.19 0
v 0.569 0.191732 0
v 0.567 0.191732 0
v 0.568 0.206602 0
v 0.352 0.196928 0
v 0.354 0.196928 0
v 0.353 0.19866 0
v 0.339 0.19866 0
v 0.34 0.196928 0
v 0.341 0.19866 0
v 0.535 0.19866 0
v 0.57 0.21 0
v 0.570934 0.208319 0
v 0.572 0.21 0
v 0.524 0.200392 0
v 0.306 0.196928 0
v 0.362 0.200392 0
v 0.548 0.196928 0
v 0.55 0.196928 0
v 0.257 0.202124 0
v 0.591 0.202124 0
v 0.592 0.200392 0
v 0.593 0.202124 0
v 0.335 0.195196 0
v 0.316 0.196928 0
v 0.318 0.196928 0
v 0.317 0.19866 0
v 0.589 0.205523 0
v 0.587049 0.205549 0
v 0.588 0.203856 0
v 0.29 0.196928 0
v 0.289 0.19866 0
v 0.302 0.21 0
v 0.301003 0.208349 0
v 0.299 0.19866 0
v 0.338 0.196928 0
v 0.277 0.205588 0
v 0.271 0.191732 0
v 0.6 0.204 0
v 0.566 0.19 0
v 0.515 0.19866 0
v 0.517 0.19866 0
v 0.3 0.21 0
v 0.571 0.191732 0
v 0.57 0.19 0
v 0.505 0.191732 0
v 0.504 0.193464 0
v 0.503 0.191732 0
v 0.562 0.203791 0
v 0.289 0.195196 0
v 0.591985 0.193456 0
v 0.583 0.19866 0
v 0.582 0.196928 0
v 0.55 0.21 0
v 0.551 0.208268 0
v 0.552 0.21 0
v 0.559058 0.205528 0
v 0.373 0.195196 0
v 0.375 0.195196 0
v 0.374 0.196928 0
v 0.415 0.191732 0
v 0.417 0.191732 0
v 0.416 0.193464 0
v 0.562 0.193464 0
v 0.561 0.191732 0
v 0.563 0.191732 0
v 0.294 0.19 0
v 0.294 0.200392 0
v 0.295 0.202124 0
v 0.312 0.196928 0
v 0.311 0.19866 0
v 0.549 0.19866 0
v 0.285 0.191732 0
v 0.283 0.191732 0
v 0.284 0.19 0
v 0.564 0.203819 0
v 0.304 0.196928 0
v 0.26 0.203856 0
v 0.261008 0.205518 0
v 0.259049 0.20556 0
v 0.53906 0.205538 0
v 0.346 0.196928 0
v 0.348 0.196928 0
v 0.347 0.19866 0
v 0.591013 0.208309 0
v 0.592996 0.208327 0
v 0.592 0.21 0
v 0.347 0.195196 0
v 0.552 0.196928 0
v 0.551 0.19866 0
v 0.553 0.19866 0
v 0.531 0.191732 0
v 0.574997 0.208321 0
v 0.574 0.21 0
v 0.593 0.205588 0
v 0.262 0.203856 0
v 0.549013 0.208309 0
v 0.576 0.19 0
v 0.575 0.191732 0
v 0.574 0.19 0
v 0.514 0.200392 0
v 0.497 0.19866 0
v 0.425 0.19866 0
v 0.424 0.196928 0
v 0.426 0.196928 0
v 0.588997 0.195194 0
v 0.568 0.200392 0
v 0.567 0.19866 0
v 0.322 0.200392 0
v 0.503 0.205588 0
v 0.544 0.196928 0
v 0.546 0.196928 0
v 0.545 0.19866 0
v 0.273 0.205588 0
v 0.25 0.204 0
v 0.349 0.19866 0
v 0.534 0.19 0
v 0.535 0.191732 0
v 0.533 0.191732 0
v 0.351 0.19866 0
v 0.575 0.205588 0
v 0.458 0.196928 0
v 0.456 0.196928 0
v 0.457 0.195196 0
v 0.525 0.205552 0
v 0.582 0.200392 0
v 0.278 0.196928 0
v 0.279 0.19866 0
v 0.514 0.196928 0
v 0.536 0.19 0
v 0.372 0.196928 0
v 0.506 0.193464 0
v 0.507 0.191732 0
v 0.53 0.21 0
v 0.529003 0.208349 0
v 0.337 0.195196 0
v 0.573 0.191732 0
v 0.337 0.19866 0
v 0.256 0.203856 0
v 0.584 0.193464 0
v 0.497 0.191732 0
v 0.495 0.191732 0
v 0.496 0.19 0
v 0.277 0.19866 0
v 0.315 0.191732 0
v 0.313 0.191732 0
v 0.543 0.19866 0
v 0.493 0.195196 0
v 0.492 0.196928 0
v 0.491 0.195196 0
v 0.371 0.19866 0
v 0.373 0.19866 0
v 0.33 0.196928 0
v 0.527 0.19866 0
v 0.313012 0.205512 0
v 0.31106 0.205538 0
v 0.35 0.19 0
v 0.351 0.191732 0
v 0.349 0.191732 0
v 0.556 0.193464 0
v 0.557 0.195196 0
v 0.533 0.19866 0
v 0.298 0.193464 0
v 0.299 0.195196 0
v 0.491 0.205588 0
v 0.266 0.203856 0
v 0.365059 0.205542 0
v 0.283 0.205588 0
v 0.281 0.205588 0
v 0.291001 0.20555 0
v 0.289012 0.205513 0
v 0.568 0.193464 0
v 0.48 0.200392 0
v 0.36 0.196928 0
v 0.361 0.195196 0
v 0.362 0.196928 0
v 0.521012 0.205512 0
v 0.51906 0.205538 0
v 0.495 0.19866 0
v 0.496 0.196928 0
v 0.538 0.200392 0
v 0.273 0.19866 0
v 0.355 0.195196 0
v 0.357 0.195196 0
v 0.356 0.196928 0
v 0.311 0.195196 0
v 0.541012 0.205512 0
v 0.553 0.195196 0
v 0.333 0.195196 0
v 0.547 0.19866 0
v 0.594964 0.202104 0
v 0.571 0.19866 0
v 0.572 0.196928 0
v 0.564 0.193464 0
v 0.282 0.19 0
v 0.529 0.205588 0
v 0.527 0.205588 0
v 0.279 0.195196 0
v 0.418 0.193464 0
v 0.495 0.205588 0
v 0.493 0.205588 0
v 0.272 0.19 0
v 0.57 0.200392 0
v 0.35 0.200392 0
v 0.258 0.196928 0
v 0.26 0.196928 0
v 0.296 0.203856 0
v 0.534 0.196928 0
v 0.588999 0.19866 0
v 0.587 0.19866 0
v 0.479 0.19866 0
v 0.383 0.19866 0
v 0.494 0.19 0
v 0.524 0.19 0
v 0.523 0.19866 0
v 0.268 0.200392 0
v 0.266 0.200392 0
v 0.267 0.19866 0
v 0.553 0.205551 0
v 0.322 0.21 0
v 0.39 0.193464 0
v 0.391 0.191732 0
v 0.392 0.193464 0
v 0.513 0.19866 0
v 0.291013 0.208309 0
v 0.38 0.19 0
v 0.379 0.191732 0
v 0.378 0.19 0
v 0.357 0.19866 0
v 0.468 0.196928 0
v 0.47 0.196928 0
v 0.469 0.19866 0
v 0.297 0.19866 0
v 0.298 0.196928 0
v 0.468 0.200392 0
v 0.466 0.200392 0
v 0.467 0.19866 0
v 0.432 0.200392 0
v 0.43 0.200392 0
v 0.481 0.195196 0
v 0.482 0.196928 0
v 0.48 0.196928 0
v 0.499 0.205588 0
v 0.257 0.191732 0
v 0.275 0.205588 0
v 0.569 0.19866 0
v 0.319 0.19866 0
v 0.32 0.196928 0
v 0.566 0.193464 0
v 0.438 0.200392 0
v 0.437 0.19866 0
v 0.413 0.19866 0
v 0.401 0.19866 0
v 0.345 0.208268 0
v 0.347003 0.208349 0
v 0.346 0.21 0
v 0.341013 0.208309 0
v 0.343 0.208268 0
v 0.342 0.21 0
v 0.521 0.19866 0
v 0.522 0.196928 0
v 0.322 0.193464 0
v 0.324 0.193464 0
v 0.434 0.196928 0
v 0.436 0.196928 0
v 0.435 0.19866 0
v 0.344 0.21 0
v 0.52 0.200392 0
v 0.474 0.196928 0
v 0.475 0.195196 0
v 0.476 0.196928 0
v 0.317 0.191732 0
v 0.316 0.19 0
v 0.389 0.191732 0
v 0.387 0.191732 0
v 0.388 0.19 0
v 0.398 0.19 0
v 0.397 0.191732 0
v 0.396 0.19 0
v 0.406 0.19 0
v 0.405 0.191732 0
v 0.404 0.19 0
v 0.553 0.208268 0
v 0.554 0.21 0
v 0.359 0.208268 0
v 0.361003 0.208349 0
v 0.36 0.21 0
v 0.441 0.19866 0
v 0.405 0.19866 0
v 0.352 0.19 0
v 0.39 0.19 0
v 0.46 0.21 0
v 0.462 0.21 0
v 0.393 0.19866 0
v 0.429 0.191732 0
v 0.43 0.193464 0
v 0.428 0.193464 0
v 0.271 0.202124 0
v 0.27 0.200392 0
v 0.333 0.191732 0
v 0.331 0.191732 0
v 0.332 0.19 0
v 0.592 0.203856 0
v 0.591 0.205551 0
v 0.59 0.203856 0
v 0.325059 0.205542 0
v 0.492 0.200392 0
v 0.491 0.19866 0
v 0.268 0.19 0
v 0.269 0.191732 0
v 0.267 0.191732 0
v 0.488 0.21 0
v 0.487 0.208268 0
v 0.489 0.208268 0
v 0.44 0.196928 0
v 0.442 0.196928 0
v 0.26 0.19 0
v 0.259 0.191732 0
v 0.258 0.19 0
v 0.328 0.196928 0
v 0.327 0.19866 0
v 0.34 0.19 0
v 0.341 0.191732 0
v 0.339 0.191732 0
v 0.374 0.200392 0
v 0.372 0.200392 0
v 0.467 0.191732 0
v 0.575 0.195196 0
v 0.576 0.193464 0
v 0.33 0.19 0
v 0.377 0.191732 0
v 0.6 0.206 0
v 0.358 0.21 0
v 0.357 0.208268 0
v 0.498 0.19 0
v 0.499 0.191732 0
v 0.526 0.21 0
v 0.525 0.208268 0
v 0.527 0.208268 0
v 0.274 0.19 0
v 0.556 0.21 0
v 0.555003 0.208349 0
v 0.548 0.200392 0
v 0.546 0.200392 0
v 0.475 0.19866 0
v 0.477 0.19866 0
v 0.353 0.195196 0
v 0.462 0.196928 0
v 0.463 0.195196 0
v 0.464 0.196928 0
v 0.347 0.205588 0
v 0.593 0.191732 0
v 0.488 0.196928 0
v 0.489 0.195196 0
v 0.49 0.196928 0
v 0.58 0.203856 0
v 0.502 0.193464 0
v 0.5 0.193464 0
v 0.501 0.191732 0
v 0.513 0.195196 0
v 0.51 0.193464 0
v 0.509 0.195196 0
v 0.508 0.193464 0
v 0.409 0.191732 0
v 0.411 0.191732 0
v 0.41 0.193464 0
v 0.506 0.19 0
v 0.573 0.195196 0
v 0.477 0.195196 0
v 0.478 0.196928 0
v 0.535012 0.205513 0
v 0.533059 0.205542 0
v 0.384 0.19 0
v 0.385 0.191732 0
v 0.383 0.191732 0
v 0.541 0.191732 0
v 0.576 0.21 0
v 0.362 0.21 0
v 0.393 0.191732 0
v 0.392 0.19 0
v 0.384 0.193464 0
v 0.382 0.193464 0
v 0.355 0.19866 0
v 0.315 0.19866 0
v 0.590997 0.198652 0
v 0.59 0.200392 0
v 0.313 0.19866 0
v 0.554 0.200392 0
v 0.542 0.193464 0
v 0.54 0.193464 0
v 0.299 0.205588 0
v 0.31 0.200392 0
v 0.429 0.205552 0
v 0.58 0.200392 0
v 0.579 0.202124 0
v 0.265 0.202124 0
v 0.263 0.202124 0
v 0.264 0.200392 0
v 0.433059 0.20554 0
v 0.459 0.195196 0
v 0.46 0.196928 0
v 0.402 0.196928 0
v 0.4 0.196928 0
v 0.401 0.195196 0
v 0.38 0.193464 0
v 0.381 0.191732 0
v 0.528 0.21 0
v 0.552 0.200392 0
v 0.476 0.21 0
v 0.475 0.208268 0
v 0.477 0.208268 0
v 0.374 0.19 0
v 0.375 0.191732 0
v 0.373 0.191732 0
v 0.307012 0.205513 0
v 0.441012 0.205512 0
v 0.453012 0.205512 0
v 0.339 0.195196 0
v 0.258 0.203856 0
v 0.592 0.19 0
v 0.395 0.191732 0
v 0.396 0.193464 0
v 0.262 0.200392 0
v 0.523 0.195196 0
v 0.524 0.196928 0
v 0.482 0.200392 0
v 0.345 0.19866 0
v 0.305 0.19866 0
v 0.298 0.200392 0
v 0.261 0.202124 0
v 0.425012 0.205512 0
v 0.479 0.208268 0
v 0.478 0.21 0
v 0.295 0.191732 0
v 0.347 0.191732 0
v 0.348 0.19 0
v 0.371 0.191732 0
v 0.372 0.19 0
v 0.578 0.21 0
v 0.579 0.208268 0
v 0.58 0.21 0
v 0.37 0.196928 0
v 0.525 0.19866 0
v 0.515012 0.205512 0
v 0.324 0.200392 0
v 0.277 0.195196 0
v 0.278 0.193464 0
v 0.305059 0.205542 0
v 0.318 0.200392 0
v 0.292 0.200392 0
v 0.265 0.19866 0
v 0.574049 0.203828 0
v 0.546 0.19 0
v 0.572 0.19 0
v 0.56 0.200392 0
v 0.339012 0.205512 0
v 0.43906 0.205538 0
v 0.547 0.195196 0
v 0.314 0.19 0
v 0.42306 0.205538 0
v 0.45106 0.205538 0
v 0.474 0.200392 0
v 0.473 0.19866 0
v 0.471 0.19866 0
v 0.586 0.19 0
v 0.585 0.191732 0
v 0.431 0.191732 0
v 0.590983 0.195186 0
v 0.261 0.19866 0
v 0.46906 0.205538 0
v 0.579 0.191732 0
v 0.577 0.191732 0
v 0.385 0.19866 0
v 0.384 0.196928 0
v 0.386 0.196928 0
v 0.486 0.21 0
v 0.327 0.195196 0
v 0.25 0.2 0
v 0.365 0.19866 0
v 0.366 0.196928 0
v 0.367 0.19866 0
v 0.32 0.200392 0
v 0.305 0.195196 0
v 0.479 0.195196 0
v 0.589 0.202124 0
v 0.333012 0.205512 0
v 0.369001 0.20555 0
v 0.427001 0.20555 0
v 0.342 0.19 0
v 0.413 0.191732 0
v 0.414 0.193464 0
v 0.269 0.202124 0
v 0.593994 0.200389 0
v 0.345 0.205588 0
v 0.594 0.21 0
v 0.484 0.21 0
v 0.483 0.208268 0
v 0.485 0.208268 0
v 0.256 0.196928 0
v 0.367012 0.205513 0
v 0.509 0.191732 0
v 0.444 0.196928 0
v 0.443 0.19866 0
v 0.41 0.200392 0
v 0.409 0.19866 0
v 0.411 0.19866 0
v 0.356 0.21 0
v 0.423 0.19866 0
v 0.41106 0.205538 0
v 0.501 0.205588 0
v 0.428 0.19 0
v 0.427 0.191732 0
v 0.426 0.19 0
v 0.508 0.19 0
v 0.427013 0.208309 0
v 0.429006 0.208386 0
v 0.428 0.21 0
v 0.505 0.19866 0
v 0.506 0.196928 0
v 0.507 0.19866 0
v 0.39906 0.205538 0
v 0.33106 0.205538 0
v 0.413012 0.205512 0
v 0.262 0.19 0
v 0.261 0.191732 0
v 0.483 0.19866 0
v 0.484 0.196928 0
v 0.485 0.19866 0
v 0.395012 0.205512 0
v 0.401012 0.205512 0
v 0.399 0.191732 0
v 0.398 0.193464 0
v 0.399 0.19866 0
v 0.395 0.19866 0
v 0.397 0.19866 0
v 0.359 0.19866 0
v 0.39306 0.205538 0
v 0.40506 0.205538 0
v 0.41706 0.205538 0
v 0.523001 0.20555 0
v 0.386 0.193464 0
v 0.511 0.19866 0
v 0.512 0.196928 0
v 0.508 0.200392 0
v 0.496 0.200392 0
v 0.361 0.19866 0
v 0.457 0.19866 0
v 0.459 0.19866 0
v 0.361 0.205588 0
v 0.456 0.200392 0
v 0.455 0.19866 0
v 0.429 0.19866 0
v 0.427 0.19866 0
v 0.403 0.19866 0
v 0.404 0.196928 0
v 0.363 0.19866 0
v 0.297 0.205588 0
v 0.493 0.208268 0
v 0.495 0.208268 0
v 0.494 0.21 0
v 0.465 0.19866 0
v 0.589997 0.196926 0
v 0.529 0.19866 0
v 0.462 0.200392 0
v 0.254991 0.195199 0
v 0.375059 0.20554 0
v 0.377012 0.205513 0
v 0.566 0.206573 0
v 0.54 0.200392 0
v 0.541 0.19866 0
v 0.417 0.19866 0
v 0.494 0.196928 0
v 0.495 0.195196 0
v 0.501 0.19866 0
v 0.503 0.19866 0
v 0.487 0.19866 0
v 0.489 0.19866 0
v 0.383012 0.205512 0
v 0.38106 0.205538 0
v 0.459012 0.205512 0
v 0.498 0.200392 0
v 0.481 0.19866 0
v 0.451 0.19866 0
v 0.452 0.196928 0
v 0.453 0.19866 0
v 0.348 0.200392 0
v 0.271 0.19866 0
v 0.351059 0.205542 0
v 0.574 0.193464 0
v 0.524 0.21 0
v 0.381 0.19866 0
v 0.494 0.200392 0
v 0.493 0.19866 0
v 0.461 0.19866 0
v 0.439 0.19866 0
v 0.343 0.205552 0
v 0.341001 0.20555 0
v 0.569951 0.206575 0
v 0.449 0.19866 0
v 0.415 0.19866 0
v 0.41 0.19 0
v 0.422 0.19 0
v 0.423 0.191732 0
v 0.421 0.191732 0
v 0.391 0.19866 0
v 0.438 0.196928 0
v 0.465 0.195196 0
v 0.466 0.196928 0
v 0.327012 0.205513 0
v 0.527 0.195196 0
v 0.526 0.193464 0
v 0.486 0.196928 0
v 0.382 0.196928 0
v 0.489 0.205588 0
v 0.416 0.19 0
v 0.357 0.205552 0
v 0.321 0.205588 0
v 0.281 0.191732 0
v 0.565 0.191732 0
v 0.564 0.19 0
v 0.432 0.193464 0
v 0.487 0.195196 0
v 0.437 0.195196 0
v 0.439 0.195196 0
v 0.346 0.19 0
v 0.376 0.19 0
v 0.474 0.21 0
v 0.507059 0.205542 0
v 0.563 0.19866 0
v 0.412 0.193464 0
v 0.291 0.19866 0
v 0.345 0.191732 0
v 0.59492 0.208408 0
v 0.367 0.191732 0
v 0.366 0.193464 0
v 0.365 0.191732 0
v 0.371 0.195196 0
v 0.368 0.196928 0
v 0.369 0.195196 0
v 0.55 0.200392 0
v 0.398 0.196928 0
v 0.348 0.21 0
v 0.425 0.191732 0
v 0.426 0.193464 0
v 0.424 0.193464 0
v 0.539 0.19866 0
v 0.432 0.19 0
v 0.433 0.191732 0
v 0.452 0.193464 0
v 0.451 0.191732 0
v 0.453 0.191732 0
v 0.386 0.19 0
v 0.478 0.19 0
v 0.479 0.191732 0
v 0.477 0.191732 0
v 0.43 0.21 0
v 0.372 0.21 0
v 0.371006 0.208386 0
v 0.329 0.19866 0
v 0.509012 0.205513 0
v 0.388 0.193464 0
v 0.431 0.195196 0
v 0.368 0.19 0
v 0.366 0.19 0
v 0.434 0.19 0
v 0.435 0.191732 0
v 0.484 0.19 0
v 0.485 0.191732 0
v 0.483 0.191732 0
v 0.282 0.21 0
v 0.283003 0.208349 0
v 0.284 0.21 0
v 0.444 0.200392 0
v 0.445 0.19866 0
v 0.487 0.205588 0
v 0.51306 0.205538 0
v 0.287059 0.205542 0
v 0.414 0.19 0
v 0.504 0.19 0
v 0.51 0.19 0
v 0.511 0.191732 0
v 0.272 0.21 0
v 0.271 0.208268 0
v 0.273 0.208268 0
v 0.387 0.19866 0
v 0.479 0.205588 0
v 0.389 0.195196 0
v 0.496 0.21 0
v 0.482 0.21 0
v 0.472 0.196928 0
v 0.585 0.19866 0
v 0.421 0.19866 0
v 0.422 0.196928 0
v 0.394 0.193464 0
v 0.364 0.196928 0
v 0.473013 0.208309 0
v 0.279 0.205588 0
v 0.535 0.195196 0
v 0.31 0.193464 0
v 0.353 0.191732 0
v 0.491 0.208268 0
v 0.49 0.21 0
v 0.25 0.196 0
v 0.25 0.198 0
v 0.454 0.193464 0
v 0.334 0.21 0
v 0.336 0.21 0
v 0.297 0.208268 0
v 0.296 0.21 0
v 0.464 0.200392 0
v 0.503 0.195196 0
v 0.434 0.193464 0
v 0.455 0.191732 0
v 0.454 0.19 0
v 0.471 0.191732 0
v 0.469 0.191732 0
v 0.47 0.19 0
v 0.296 0.200392 0
v 0.412 0.19 0
v 0.5 0.21 0
v 0.501 0.208268 0
v 0.502 0.21 0
v 0.463 0.19866 0
v 0.446 0.196928 0
v 0.448 0.196928 0
v 0.447 0.19866 0
v 0.302 0.200392 0
v 0.3 0.200392 0
v 0.268 0.196928 0
v 0.269 0.19866 0
v 0.382 0.19 0
v 0.403 0.195196 0
v 0.38706 0.205538 0
v 0.57 0.193464 0
v 0.344 0.19 0
v 0.343 0.191732 0
v 0.401 0.191732 0
v 0.4 0.19 0
v 0.369 0.191732 0
v 0.408 0.19 0
v 0.42 0.19 0
v 0.513 0.191732 0
v 0.512 0.19 0
v 0.537 0.191732 0
v 0.369 0.19866 0
v 0.514 0.19 0
v 0.58 0.19 0
v 0.578 0.19 0
v 0.25 0.206 0
v 0.481 0.208268 0
v 0.407 0.191732 0
v 0.419 0.191732 0
v 0.497 0.208268 0
v 0.499 0.208268 0
v 0.498 0.21 0
v 0.433 0.19866 0
v 0.314 0.196928 0
v 0.483 0.205588 0
v 0.497 0.205588 0
v 0.416 0.196928 0
v 0.475 0.205552 0
v 0.473001 0.20555 0
v 0.392 0.196928 0
v 0.531 0.19866 0
v 0.477 0.205588 0
v 0.471012 0.205512 0
v 0.518 0.193464 0
v 0.519 0.195196 0
v 0.558 0.21 0
v 0.548 0.21 0
v 0.532 0.21 0
v 0.481 0.205588 0
v 0.316 0.193464 0
v 0.293 0.195196 0
v 0.473 0.195196 0
v 0.474 0.193464 0
v 0.57 0.196928 0
v 0.571 0.195196 0
v 0.287 0.19866 0
v 0.441 0.195196 0
v 0.522 0.21 0
v 0.523013 0.208309 0
v 0.406 0.193464 0
v 0.562 0.196928 0
v 0.275 0.191732 0
v 0.44506 0.205538 0
v 0.269 0.205551 0
v 0.345 0.195196 0
v 0.458 0.193464 0
v 0.266 0.193464 0
v 0.296 0.19 0
v 0.538 0.19 0
v 0.465012 0.205512 0
v 0.363 0.191732 0
v 0.364 0.19 0
v 0.422 0.193464 0
v 0.336 0.193464 0
v 0.539 0.191732 0
v 0.45706 0.205538 0
v 0.426 0.21 0
v 0.54506 0.205538 0
v 0.49 0.193464 0
v 0.312 0.19 0
v 0.334 0.19 0
v 0.27 0.19 0
v 0.492 0.21 0
v 0.286 0.19 0
v 0.29 0.21 0
v 0.277 0.208268 0
v 0.408 0.193464 0
v 0.42 0.193464 0
v 0.547 0.191732 0
v 0.27 0.193464 0
v 0.425 0.195196 0
v 0.46306 0.205538 0
v 0.59 0.21 0
v 0.364 0.193464 0
v 0.41 0.196928 0
v 0.551 0.195196 0
v 0.362 0.19 0
v 0.394 0.19 0
v 0.267 0.202124 0
v 0.435012 0.205513 0
v 0.484 0.193464 0
v 0.403 0.191732 0
v 0.402 0.19 0
v 0.526 0.19 0
v 0.554 0.19 0
v 0.553 0.191732 0
v 0.552 0.19 0
v 0.562 0.21 0
v 0.542 0.21 0
v 0.544 0.21 0
v 0.536 0.21 0
v 0.538 0.21 0
v 0.299 0.208268 0
v 0.272 0.196928 0
v 0.43 0.19 0
v 0.355013 0.208309 0
v 0.424 0.19 0
v 0.256 0.21 0
v 0.258 0.21 0
v 0.422 0.200392 0
v 0.481 0.191732 0
v 0.48 0.19 0
v 0.369013 0.208309 0
v 0.37 0.21 0
v 0.28 0.19 0
v 0.308 0.19 0
v 0.307 0.191732 0
v 0.306 0.19 0
v 0.418 0.19 0
v 0.444 0.19 0
v 0.443 0.191732 0
v 0.442 0.19 0
v 0.456 0.19 0
v 0.472 0.19 0
v 0.476 0.19 0
v 0.493 0.191732 0
v 0.492 0.19 0
v 0.532 0.19 0
v 0.594 0.19 0
v 0.42 0.21 0
v 0.422 0.21 0
v 0.408 0.21 0
v 0.41 0.21 0
v 0.396 0.21 0
v 0.398 0.21 0
v 0.384 0.21 0
v 0.386 0.21 0
v 0.378 0.21 0
v 0.38 0.21 0
v 0.374 0.21 0
v 0.354 0.21 0
v 0.35 0.21 0
v 0.34 0.21 0
v 0.328 0.21 0
v 0.33 0.21 0
v 0.314 0.21 0
v 0.315013 0.208309 0
v 0.316 0.21 0
v 0.304 0.21 0
v 0.298 0.21 0
v 0.276 0.21 0
v 0.319 0.205588 0
v 0.447012 0.205512 0
v 0.436 0.19 0
v 0.452 0.19 0
v 0.482 0.19 0
v 0.486 0.19 0
v 0.319 0.195196 0
v 0.321 0.195196 0
v 0.252 0.19 0
v 0.324 0.19 0
v 0.323 0.191732 0
v 0.322 0.19 0
v 0.338 0.19 0
v 0.36 0.19 0
v 0.359 0.191732 0
v 0.358 0.19 0
v 0.438 0.19 0
v 0.45 0.19 0
v 0.449 0.191732 0
v 0.448 0.19 0
v 0.462 0.19 0
v 0.461 0.191732 0
v 0.46 0.19 0
v 0.468 0.19 0
v 0.466 0.19 0
v 0.488 0.19 0
v 0.502 0.19 0
v 0.516 0.19 0
v 0.515 0.191732 0
v 0.52 0.19 0
v 0.548 0.19 0
v 0.56 0.19 0
v 0.559 0.191732 0
v 0.558 0.19 0
v 0.598 0.19 0
v 0.596 0.19 0
v 0.596 0.21 0
v 0.577 0.208268 0
v 0.516 0.21 0
v 0.518 0.21 0
v 0.51 0.21 0
v 0.512 0.21 0
v 0.504 0.21 0
v 0.506 0.21 0
v 0.448 0.21 0
v 0.45 0.21 0
v 0.436 0.21 0
v 0.438 0.21 0
v 0.414 0.21 0
v 0.416 0.21 0
v 0.402 0.21 0
v 0.404 0.21 0
v 0.39 0.21 0
v 0.392 0.21 0
v 0.368 0.21 0
v 0.364 0.21 0
v 0.324 0.21 0
v 0.318 0.21 0
v 0.274 0.21 0
v 0.27 0.21 0
v 0.268 0.21 0
v 0.269013 0.208309 0
v 0.252 0.21 0
v 0.254 0.21 0
v 0.314004 0.203842 0
v 0.315001 0.20555 0
v 0.359 0.205588 0
v 0.343 0.19866 0
v 0.45 0.196928 0
v 0.33706 0.205538 0
v 0.447 0.195196 0
v 0.449 0.195196 0
v 0.445 0.195196 0
v 0.317 0.205552 0
v 0.33 0.193464 0
v 0.6 0.2 0
v 0.301 0.205588 0
v 0.371 0.205552 0
v 0.353012 0.205513 0
v 0.497 0.195196 0
v 0.355001 0.20555 0
v 0.476 0.193464 0
v 0.478 0.193464 0
v 0.419012 0.205512 0
v 0.461 0.195196 0
v 0.44 0.193464 0
v 0.389012 0.205512 0
v 0.407012 0.205512 0
v 0.6 0.198 0
v 0.6 0.196 0
v 0.356 0.193464 0
v 0.456 0.193464 0
v 0.344 0.196928 0
v 0.37 0.19 0
v 0.48 0.21 0
v 0.361 0.191732 0
v 0.509 0.19866 0
v 0.317 0.208268 0
v 0.547012 0.205512 0
v 0.413 0.195196 0
v 0.562 0.19 0
v 0.47 0.193464 0
v 0.27 0.196928 0
v 0.485 0.205588 0
v 0.5 0.19 0
v 0.6 0.208 0
v 0.304 0.200392 0
v 0.268 0.193464 0
v 0.377 0.195196 0
v 0.472 0.21 0
v 0.276 0.19 0
v 0.29 0.19 0
v 0.302 0.19 0
v 0.301 0.191732 0
v 0.3 0.19 0
v 0.318 0.19 0
v 0.328 0.19 0
v 0.354 0.19 0
v 0.466 0.21 0
v 0.468 0.21 0
v 0.454 0.21 0
v 0.456 0.21 0
v 0.442 0.21 0
v 0.444 0.21 0
v 0.432 0.21 0
v 0.308 0.21 0
v 0.31 0.21 0
v 0.286 0.21 0
v 0.262 0.21 0
v 0.264 0.21 0
v 0.291 0.195196 0
v 0.267 0.205523 0
v 0.503003 0.208349 0
v 0.428 0.196928 0
v 0.526 0.196928 0
v 0.528 0.196928 0
v 0.268 0.203856 0
v 0.288 0.193464 0
v 0.533 0.195196 0
v 0.32 0.193464 0
v 0.395 0.195196 0
v 0.407 0.195196 0
v 0.419 0.195196 0
v 0.532 0.196928 0
v 0.358 0.196928 0
v 0.359 0.195196 0
v 0.521 0.195196 0
v 0.275 0.208268 0
v 0.525 0.191732 0
v 0.54 0.19 0
v 0.468 0.193464 0
v 0.259 0.195196 0
v 0.261 0.195196 0
v 0.446 0.193464 0
v 0.304 0.193464 0
v 0.342 0.193464 0
v 0.586 0.21 0
v 0.255088 0.208397 0
v 0.581 0.202124 0
v 0.559 0.195196 0
v 0.498 0.193464 0
v 0.496 0.193464 0
v 0.507 0.195196 0
v 0.505 0.195196 0
v 0.511 0.195196 0
v 0.572 0.193464 0
v 0.56 0.193464 0
v 0.558 0.193464 0
v 0.266 0.196928 0
v 0.358 0.193464 0
v 0.36 0.193464 0
v 0.256999 0.195197 0
v 0.28 0.193464 0
v 0.282 0.193464 0
v 0.429 0.195196 0
v 0.427 0.195196 0
v 0.508 0.196928 0
v 0.51 0.196928 0
v 0.556 0.19 0
v 0.557 0.191732 0
v 0.555 0.191732 0
v 0.554 0.193464 0
v 0.552 0.193464 0
v 0.402 0.193464 0
v 0.4 0.193464 0
v 0.474 0.19 0
v 0.475 0.191732 0
v 0.473 0.191732 0
v 0.518 0.19 0
v 0.519 0.191732 0
v 0.517 0.191732 0
v 0.561 0.195196 0
v 0.563 0.195196 0
v 0.502 0.196928 0
v 0.504 0.196928 0
v 0.356 0.19 0
v 0.357 0.191732 0
v 0.355 0.191732 0
v 0.543 0.195196 0
v 0.545 0.195196 0
v 0.525 0.195196 0
v 0.483 0.195196 0
v 0.485 0.195196 0
v 0.546 0.193464 0
v 0.405 0.195196 0
v 0.448 0.193464 0
v 0.45 0.193464 0
v 0.326 0.19 0
v 0.325 0.191732 0
v 0.294 0.193464 0
v 0.296 0.193464 0
v 0.52 0.193464 0
v 0.263 0.195196 0
v 0.265 0.195196 0
v 0.362 0.193464 0
v 0.542 0.196928 0
v 0.532 0.193464 0
v 0.538 0.193464 0
v 0.512 0.193464 0
v 0.524 0.193464 0
v 0.469 0.195196 0
v 0.471 0.195196 0
v 0.516 0.193464 0
v 0.412 0.196928 0
v 0.414 0.196928 0
v 0.534 0.193464 0
v 0.472 0.193464 0
v 0.514 0.193464 0
v 0.365 0.195196 0
v 0.367 0.195196 0
v 0.536 0.193464 0
v 0.501 0.195196 0
v 0.499 0.195196 0
v 0.522 0.193464 0
v 0.46 0.193464 0
v 0.459 0.191732 0
v 0.492 0.193464 0
v 0.482 0.193464 0
v 0.463 0.191732 0
v 0.451 0.195196 0
v 0.462 0.193464 0
v 0.457 0.191732 0
v 0.467 0.195196 0
v 0.445 0.191732 0
v 0.439 0.191732 0
v 0.433 0.195196 0
v 0.441 0.191732 0
v 0.411 0.195196 0
v 0.494 0.193464 0
v 0.435 0.195196 0
v 0.421 0.195196 0
v 0.354 0.193464 0
v 0.415 0.195196 0
v 0.409 0.195196 0
v 0.394 0.196928 0
v 0.393 0.195196 0
v 0.378 0.193464 0
v 0.379 0.195196 0
v 0.447 0.191732 0
v 0.397 0.195196 0
v 0.396 0.196928 0
v 0.391 0.195196 0
v 0.48 0.193464 0
v 0.399 0.195196 0
v 0.423 0.195196 0
v 0.417 0.195196 0
v 0.446 0.19 0
v 0.387 0.195196 0
v 0.368 0.193464 0
v 0.404 0.193464 0
v 0.464 0.19 0
v 0.363 0.195196 0
v 0.318 0.193464 0
v 0.276 0.193464 0
v 0.344 0.193464 0
v 0.458 0.19 0
v 0.332 0.193464 0
v 0.334 0.193464 0
v 0.331 0.195196 0
v 0.338 0.193464 0
v 0.297 0.191732 0
v 0.317 0.195196 0
v 0.309 0.191732 0
v 0.44 0.19 0
v 0.299 0.191732 0
v 0.329 0.195196 0
v 0.286 0.193464 0
v 0.34 0.193464 0
v 0.262 0.193464 0
v 0.29 0.193464 0
v 0.311 0.191732 0
v 0.383 0.195196 0
v 0.381 0.195196 0
v 0.37 0.193464 0
v 0.385 0.195196 0
v 0.376 0.193464 0
v 0.374 0.193464 0
v 0.372 0.193464 0
v 0.35 0.193464 0
v 0.352 0.193464 0
v 0.348 0.193464 0
v 0.346 0.193464 0
v 0.31 0.19 0
v 0.315 0.195196 0
v 0.292 0.193464 0
v 0.298 0.19 0
v 0.284 0.193464 0
v 0.271 0.195196 0
v 0.269 0.195196 0
v 0.26 0.193464 0
v 0.258 0.193464 0
v 0.267 0.195196 0
v 0.256 0.193463 0
v 0.254014 0.193456 0
v 0.254466 0.206979 0
v 0.25 0.208 0
v 0.598 0.21 0
v 0.598763 0.195 0
v 0.268 0.206925 0
v 0.29 0.206925 0
v 0.314 0.206925 0
v 0.34 0.206925 0
v 0.354 0.206925 0
v 0.368 0.206925 0
v 0.426 0.206925 0
v 0.566986 0.205137 0
v 0.59 0.206925 0
v 0.472 0.206925 0
v 0.563024 0.205248 0
v 0.522 0.206925 0
v 0.548 0.206925 0
v 0.6 0.21 0
v 0.598536 0.208536 0
v 0.598536 0.191464 0
v 0.6 0.19 0
v 0.251464 0.208536 0
v 0.25 0.21 0
v 0.25 0.19 0
v 0.550002 0.206922 0
v 0.270002 0.206922 0
v 0.292002 0.206922 0
v 0.316002 0.206922 0
v 0.342002 0.206922 0
v 0.356002 0.206922 0
v 0.37 0.206928 0
v 0.428 0.206928 0
v 0.565 0.205196 0
v 0.591998 0.206939 0
v 0.474002 0.206922 0
v 0.524002 0.206922 0
v 0.296 0.206928 0
v 0.294 0.206928 0
v 0.274 0.206928 0
v 0.272 0.206928 0
v 0.276 0.206928 0
v 0.28 0.206928 0
v 0.278 0.206928 0
v 0.282 0.206928 0
v 0.3 0.206928 0
v 0.298 0.206928 0
v 0.318 0.206928 0
v 0.32 0.206928 0
v 0.344 0.206928 0
v 0.346 0.206928 0
v 0.358 0.206928 0
v 0.36 0.206928 0
v 0.552 0.206928 0
v 0.554001 0.206923 0
v 0.578 0.206928 0
v 0.58 0.206928 0
v 0.576 0.206928 0
v 0.582001 0.206929 0
v 0.593978 0.206936 0
v 0.478 0.206928 0
v 0.476 0.206928 0
v 0.484 0.206928 0
v 0.482 0.206928 0
v 0.48 0.206928 0
v 0.492 0.206928 0
v 0.494 0.206928 0
v 0.488 0.206928 0
v 0.49 0.206928 0
v 0.486 0.206928 0
v 0.498 0.206928 0
v 0.496 0.206928 0
v 0.502 0.206928 0
v 0.5 0.206928 0
v 0.526 0.206928 0
v 0.528 0.206928 0
# </points>

# <faces count="4204">
g CreatedbyGmsh
f 1 2 3
f 4 5 6
f 7 8 9
f 10 11 12
f 2 13 3
f 9 14 7
f 6 15 4
f 12 16 10
f 17 18 19
f 20 21 22
f 23 24 25
f 17 26 18
f 25 10 23
f 27 28 29
f 7 30 8
f 5 31 6
f 32 33 34
f 2 27 29
f 35 36 22
f 22 21 35
f 37 38 39
f 39 38 40
f 34 36 35
f 34 33 41
f 32 34 27
f 42 14 43
f 44 21 20
f 7 14 45
f 46 15 6
f 47 48 49
f 50 51 52
f 53 54 55
f 56 57 58
f 59 57 60
f 61 62 63
f 64 65 66
f 67 68 69
f 70 71 72
f 73 74 75
f 76 77 78
f 79 80 81
f 82 83 84
f 85 86 87
f 88 89 90
f 91 92 93
f 94 95 96
f 97 98 99
f 100 101 102
f 103 104 105
f 106 107 108
f 109 110 111
f 112 113 114
f 115 116 117
f 118 119 120
f 121 122 123
f 124 125 126
f 127 128 129
f 130 131 132
f 133 134 135
f 136 137 138
f 139 140 141
f 142 143 144
f 145 146 147
f 148 149 150
f 151 152 153
f 154 155 40
f 156 157 158
f 159 160 161
f 162 163 164
f 165 166 167
f 168 169 170
f 171 172 173
f 174 175 176
f 177 178 179
f 180 181 182
f 183 184 185
f 186 187 188
f 189 190 191
f 192 193 194
f 195 196 197
f 198 199 200
f 201 202 203
f 204 205 206
f 207 208 209
f 210 211 212
f 213 214 215
f 216 217 218
f 219 220 221
f 222 223 224
f 225 226 227
f 228 229 230
f 231 232 233
f 234 235 236
f 237 238 239
f 240 241 242
f 243 244 245
f 246 247 248
f 249 250 251
f 252 253 254
f 255 256 257
f 21 258 28
f 3 30 1
f 259 10 25
f 11 31 12
f 260 258 261
f 262 15 263
f 27 35 28
f 259 11 10
f 42 264 14
f 23 265 24
f 27 34 35
f 259 266 11
f 11 266 267
f 268 92 91
f 96 95 269
f 270 98 97
f 102 101 271
f 105 104 272
f 273 107 106
f 111 110 274
f 275 113 112
f 117 116 276
f 120 119 277
f 278 122 121
f 126 125 279
f 280 128 127
f 132 131 281
f 282 134 133
f 138 137 283
f 141 140 284
f 285 143 142
f 147 146 286
f 287 149 148
f 153 152 288
f 289 157 156
f 40 155 39
f 161 160 290
f 164 163 291
f 292 169 168
f 167 166 293
f 294 172 171
f 176 175 295
f 296 181 180
f 179 178 297
f 298 184 183
f 188 187 299
f 300 190 189
f 194 193 301
f 197 196 302
f 303 199 198
f 203 202 304
f 305 205 204
f 209 208 306
f 307 211 210
f 215 214 308
f 218 217 309
f 221 220 310
f 224 223 311
f 227 226 312
f 230 229 313
f 314 232 231
f 315 235 234
f 239 238 316
f 317 241 240
f 248 247 318
f 245 244 319
f 251 250 320
f 254 253 321
f 322 256 255
f 323 48 47
f 324 51 50
f 325 54 53
f 60 57 326
f 327 57 56
f 328 62 61
f 329 65 64
f 330 68 67
f 331 71 70
f 332 74 73
f 333 77 76
f 334 83 82
f 335 80 79
f 336 86 85
f 337 89 88
f 338 339 340
f 338 340 341
f 342 343 341
f 341 343 338
f 344 345 346
f 346 347 344
f 348 347 346
f 349 350 351
f 352 347 348
f 352 348 353
f 353 354 352
f 355 354 353
f 356 354 355
f 356 355 357
f 357 358 356
f 359 358 360
f 360 358 357
f 359 360 361
f 362 363 364
f 365 366 367
f 364 368 362
f 369 368 370
f 371 372 373
f 370 368 364
f 369 370 373
f 373 372 369
f 374 375 376
f 377 378 376
f 379 380 381
f 376 378 374
f 382 383 384
f 385 386 384
f 384 383 385
f 387 388 389
f 390 391 392
f 393 394 395
f 396 397 398
f 395 397 393
f 398 397 395
f 396 398 399
f 400 401 402
f 399 403 396
f 404 403 399
f 405 406 407
f 408 403 404
f 408 404 409
f 410 411 412
f 413 414 415
f 416 417 418
f 419 420 421
f 418 422 416
f 423 422 418
f 424 422 423
f 424 423 425
f 426 427 428
f 429 430 428
f 431 432 433
f 428 427 429
f 434 435 436
f 436 437 434
f 438 437 436
f 439 437 438
f 439 438 440
f 440 441 439
f 442 443 444
f 445 441 440
f 446 441 445
f 446 445 447
f 448 449 450
f 451 452 450
f 453 454 455
f 450 452 448
f 344 350 345
f 456 457 458
f 340 459 460
f 461 462 463
f 339 459 340
f 460 459 464
f 350 343 342
f 465 466 467
f 468 469 470
f 471 472 470
f 351 350 344
f 458 457 473
f 470 472 468
f 458 473 474
f 475 476 477
f 478 479 480
f 481 482 480
f 480 482 478
f 483 484 485
f 486 487 488
f 488 489 486
f 490 489 491
f 491 489 488
f 492 493 494
f 490 491 495
f 349 343 350
f 496 497 498
f 499 500 501
f 361 366 359
f 502 503 501
f 501 503 499
f 494 493 504
f 362 366 363
f 374 380 375
f 359 366 365
f 505 506 507
f 494 504 508
f 367 366 362
f 385 388 386
f 509 510 511
f 390 406 391
f 380 372 371
f 381 380 374
f 512 513 514
f 515 516 517
f 518 519 520
f 521 522 520
f 389 388 385
f 388 378 377
f 406 383 382
f 511 510 523
f 520 522 518
f 407 406 390
f 392 401 390
f 511 523 524
f 393 401 394
f 525 526 527
f 528 529 530
f 379 372 380
f 387 378 388
f 402 401 393
f 390 401 400
f 409 414 408
f 412 420 410
f 410 414 411
f 531 532 533
f 408 414 413
f 534 535 536
f 537 538 539
f 415 414 410
f 416 420 417
f 434 443 435
f 405 383 406
f 410 420 419
f 421 420 416
f 425 432 424
f 530 529 540
f 429 432 430
f 530 540 541
f 443 427 426
f 444 443 434
f 433 432 429
f 424 432 431
f 542 543 544
f 545 546 547
f 461 466 462
f 536 535 548
f 468 473 469
f 447 454 446
f 536 548 549
f 550 551 552
f 448 454 449
f 466 452 451
f 553 554 555
f 478 484 479
f 442 427 443
f 467 466 461
f 455 454 448
f 547 546 556
f 557 558 559
f 446 454 453
f 486 497 487
f 560 561 562
f 474 473 468
f 563 564 565
f 547 556 566
f 484 472 471
f 555 554 567
f 461 457 456
f 485 484 478
f 463 457 461
f 499 504 500
f 555 567 568
f 569 570 571
f 497 482 481
f 498 497 486
f 572 573 574
f 575 576 577
f 571 578 569
f 465 452 466
f 505 516 506
f 562 561 579
f 580 578 571
f 581 578 580
f 581 580 582
f 518 523 519
f 562 579 583
f 584 585 586
f 508 504 499
f 483 472 484
f 516 503 502
f 525 532 526
f 517 516 505
f 490 493 492
f 587 588 589
f 495 493 490
f 496 482 497
f 537 540 538
f 590 591 592
f 524 523 518
f 592 593 590
f 586 585 594
f 532 522 521
f 542 548 543
f 533 532 525
f 505 510 509
f 595 593 592
f 596 595 597
f 596 593 595
f 507 510 505
f 586 594 598
f 541 540 537
f 550 556 551
f 515 503 516
f 599 600 601
f 602 603 604
f 549 548 542
f 525 529 528
f 527 529 525
f 563 567 564
f 605 606 607
f 608 609 610
f 537 535 534
f 611 612 610
f 569 579 570
f 610 612 608
f 566 556 550
f 539 535 537
f 531 522 532
f 613 612 611
f 614 615 616
f 613 611 617
f 604 603 618
f 619 620 621
f 622 623 624
f 542 546 545
f 625 626 627
f 568 567 563
f 628 629 630
f 544 546 542
f 624 623 631
f 621 620 632
f 604 618 633
f 634 635 636
f 637 638 639
f 640 641 642
f 643 644 645
f 646 647 648
f 621 632 649
f 643 650 644
f 616 615 651
f 652 653 645
f 645 653 643
f 648 650 646
f 550 554 553
f 644 650 648
f 583 579 569
f 654 652 655
f 616 651 656
f 552 554 550
f 590 594 591
f 657 658 659
f 659 658 660
f 654 653 652
f 659 660 661
f 563 561 560
f 639 662 663
f 639 638 662
f 664 665 666
f 565 561 563
f 667 668 669
f 666 670 664
f 598 594 590
f 671 670 666
f 672 673 674
f 675 676 677
f 581 585 584
f 608 618 609
f 582 585 581
f 597 606 596
f 678 679 680
f 599 606 600
f 625 651 626
f 646 662 647
f 633 618 608
f 681 682 683
f 624 684 685
f 596 606 605
f 607 606 599
f 685 684 686
f 673 623 622
f 687 688 689
f 690 691 692
f 640 632 641
f 667 673 668
f 617 635 613
f 693 694 695
f 599 603 602
f 683 696 681
f 628 635 629
f 631 684 624
f 656 651 625
f 697 698 699
f 663 662 646
f 628 615 614
f 649 632 640
f 601 603 599
f 700 696 683
f 636 635 628
f 613 635 634
f 642 638 640
f 627 620 625
f 701 702 703
f 704 705 706
f 674 673 667
f 661 660 664
f 664 660 665
f 625 620 619
f 640 638 637
f 630 615 628
f 707 708 709
f 692 710 690
f 655 658 654
f 654 658 657
f 711 710 712
f 713 696 700
f 669 688 667
f 714 715 716
f 717 718 719
f 681 679 682
f 679 670 671
f 720 721 722
f 680 679 681
f 712 710 692
f 723 724 725
f 345 350 342
f 711 712 726
f 703 702 727
f 728 729 730
f 672 623 673
f 731 732 733
f 678 670 679
f 713 700 734
f 690 688 691
f 735 707 709
f 689 688 690
f 667 688 687
f 736 737 738
f 739 740 741
f 722 721 742
f 734 743 713
f 744 266 259
f 391 406 382
f 726 745 711
f 746 747 748
f 487 497 481
f 500 504 749
f 750 751 752
f 375 380 371
f 469 473 753
f 506 516 502
f 526 532 521
f 519 523 754
f 479 484 471
f 543 548 755
f 538 540 756
f 551 556 757
f 758 743 734
f 759 742 760
f 386 388 377
f 748 747 761
f 462 466 451
f 570 579 762
f 435 443 426
f 763 764 765
f 564 567 766
f 609 618 767
f 768 707 735
f 769 770 765
f 591 594 771
f 772 768 773
f 774 775 776
f 777 745 726
f 778 701 779
f 780 781 751
f 782 783 784
f 768 735 773
f 752 751 785
f 786 768 772
f 787 788 789
f 790 791 792
f 793 794 795
f 796 797 789
f 798 799 774
f 800 761 801
f 802 742 759
f 803 804 805
f 806 807 808
f 809 810 811
f 812 718 717
f 813 814 815
f 816 817 818
f 819 820 821
f 822 823 824
f 773 814 813
f 825 710 826
f 827 828 829
f 647 662 830
f 668 673 622
f 831 832 833
f 776 775 834
f 826 710 711
f 835 836 837
f 838 839 840
f 841 842 843
f 844 845 846
f 600 606 597
f 847 848 824
f 849 358 359
f 850 851 812
f 691 688 669
f 852 853 828
f 430 432 425
f 854 855 856
f 857 858 859
f 860 799 798
f 861 862 863
f 626 651 864
f 865 7 45
f 449 454 447
f 866 867 802
f 784 783 868
f 869 870 871
f 577 576 872
f 873 743 758
f 799 775 774
f 874 875 876
f 417 420 412
f 363 366 361
f 867 877 802
f 878 823 879
f 744 862 266
f 829 828 880
f 881 764 763
f 882 761 800
f 257 883 884
f 885 886 776
f 887 828 827
f 765 770 888
f 889 822 824
f 890 778 891
f 723 892 893
f 894 895 896
f 824 848 889
f 810 897 811
f 837 836 898
f 899 770 769
f 821 820 900
f 901 855 854
f 902 745 903
f 818 817 904
f 905 906 907
f 908 832 831
f 909 910 911
f 863 862 912
f 394 401 392
f 797 787 789
f 912 862 744
f 780 751 750
f 879 823 822
f 913 914 915
f 916 818 904
f 917 358 849
f 918 919 920
f 921 787 922
f 923 919 738
f 924 925 926
f 927 910 909
f 928 778 890
f 835 929 836
f 629 635 617
f 848 858 857
f 930 8 3
f 931 908 831
f 932 933 934
f 935 936 937
f 938 939 940
f 856 855 941
f 937 936 942
f 943 944 945
f 946 947 948
f 949 950 951
f 411 414 409
f 952 953 905
f 920 919 954
f 955 956 957
f 958 959 804
f 63 960 889
f 855 961 941
f 844 962 963
f 964 785 965
f 966 850 812
f 833 832 967
f 968 721 720
f 969 970 971
f 972 368 369
f 711 745 902
f 973 963 974
f 975 976 977
f 641 632 978
f 979 866 802
f 980 981 982
f 12 5 983
f 984 961 855
f 985 986 987
f 988 848 847
f 989 990 991
f 805 804 944
f 992 354 993
f 994 995 996
f 957 953 952
f 997 998 999
f 1000 947 946
f 590 593 1001
f 1002 1003 1004
f 878 459 339
f 1005 1006 1007
f 1008 955 957
f 1009 887 827
f 1010 1011 1012
f 1013 963 973
f 1014 940 1015
f 1016 1017 1018
f 944 1019 945
f 1020 1021 1022
f 1023 1024 1025
f 1026 850 966
f 1027 1028 1029
f 938 940 1014
f 1030 368 972
f 1031 963 1013
f 835 777 929
f 1001 593 1032
f 1033 838 1034
f 1035 862 861
f 1036 1037 1038
f 976 1039 977
f 834 885 776
f 1040 1041 1042
f 1043 1044 1045
f 968 1046 1047
f 682 679 671
f 1048 1049 335
f 1050 918 920
f 1051 1024 1023
f 777 726 1052
f 1053 1005 1007
f 778 779 891
f 1054 8 930
f 1016 1018 1055
f 1056 982 1057
f 1058 1049 1048
f 1059 1017 1060
f 1061 1062 1063
f 785 1064 965
f 968 1065 1046
f 1066 984 901
f 1067 1068 922
f 968 720 1065
f 1069 1070 1071
f 37 1072 859
f 1073 1074 1075
f 1076 1077 1078
f 1079 1080 1081
f 1060 1017 1016
f 1082 995 994
f 1083 1084 631
f 974 1085 1086
f 1087 1033 1034
f 1088 1089 1090
f 785 1091 1064
f 954 919 1092
f 1093 1094 1095
f 348 346 1096
f 1097 1098 1099
f 1100 1101 1102
f 1097 1103 1098
f 1094 321 1095
f 1034 1104 1105
f 1105 1104 1106
f 1107 778 928
f 877 742 802
f 55 1108 1109
f 903 745 835
f 865 45 1110
f 1111 883 257
f 1112 1070 1069
f 1113 1114 1115
f 1116 378 387
f 1117 990 989
f 1118 1119 1120
f 1121 961 984
f 1122 750 1123
f 1124 650 643
f 392 391 1125
f 1126 1127 1128
f 987 810 809
f 963 962 974
f 1129 934 929
f 983 5 1130
f 1099 1098 1131
f 1132 1133 1134
f 1135 1020 1022
f 735 709 1136
f 1137 1138 1139
f 364 363 1140
f 352 354 992
f 899 769 1141
f 1029 1028 55
f 1142 866 1143
f 1064 859 965
f 980 982 1144
f 1145 1133 1132
f 1146 1073 1075
f 1147 1061 1148
f 1149 1150 323
f 1039 1151 977
f 1114 1152 1115
f 1153 1051 1023
f 1154 6 267
f 945 1028 1027
f 1147 1062 1061
f 1155 775 799
f 1156 1157 1158
f 1159 1142 1143
f 1160 559 1161
f 356 358 917
f 1075 908 931
f 813 815 985
f 674 667 687
f 993 356 917
f 1162 1126 1128
f 1163 1164 1165
f 1166 1146 1167
f 1168 870 869
f 365 367 1169
f 738 919 918
f 1170 316 1171
f 556 546 757
f 1172 1173 1174
f 1167 1146 1075
f 956 1175 1176
f 785 751 1091
f 993 917 1177
f 746 1178 1179
f 409 404 1180
f 884 883 1181
f 592 591 1182
f 692 1183 1184
f 622 1185 1186
f 915 914 1187
f 1122 780 750
f 1188 422 424
f 1189 1190 1191
f 373 1192 1193
f 1194 1195 1117
f 1196 352 992
f 828 853 880
f 1197 723 893
f 1198 1199 1200
f 1201 1085 974
f 1202 271 1096
f 955 1203 956
f 976 1204 1039
f 1205 1033 1087
f 1206 7 865
f 1207 1208 985
f 1209 1079 1081
f 1090 1089 1210
f 361 1211 1212
f 1142 1213 866
f 1078 1077 1214
f 399 1215 1216
f 1217 1005 1053
f 58 59 1218
f 1195 990 1117
f 633 1219 1135
f 912 1220 1221
f 873 758 1222
f 1177 1223 1026
f 1224 874 1225
f 1188 431 1226
f 1224 1225 796
f 555 568 1227
f 1158 1157 1228
f 1229 950 949
f 1030 972 1230
f 1231 1232 1233
f 66 765 888
f 1234 464 879
f 1012 1011 1235
f 1025 1024 475
f 1236 1237 1238
f 1239 1144 1056
f 1240 936 935
f 960 822 889
f 1241 1242 1243
f 1098 997 999
f 607 602 1244
f 835 745 777
f 1245 1246 1247
f 1248 1249 1050
f 1250 1251 1252
f 852 828 887
f 1253 1254 841
f 1255 1256 1257
f 494 508 1118
f 395 394 1258
f 1259 947 1000
f 777 1052 1260
f 1123 913 1261
f 515 517 790
f 1262 1263 1009
f 1218 1122 1261
f 1018 1187 1264
f 1265 496 1266
f 511 524 1267
f 530 541 1268
f 1269 1270 1271
f 1272 1273 1274
f 1275 1276 1230
f 852 1277 1278
f 1279 1280 1281
f 1282 1269 1271
f 1128 1127 1205
f 1283 379 971
f 1068 921 922
f 1284 1285 1286
f 1287 1160 1288
f 1289 1290 1291
f 1292 1293 1294
f 1295 1296 1297
f 1071 1298 1299
f 1300 1301 1302
f 483 485 1303
f 533 528 1304
f 607 599 602
f 1305 1173 1172
f 1306 1289 1291
f 1307 280 1308
f 549 545 1309
f 1310 1311 1312
f 898 1313 1314
f 1315 1316 1317
f 1318 1319 1320
f 648 1321 84
f 1322 413 1323
f 1324 1325 1326
f 1327 1328 1329
f 1330 1331 1303
f 1332 1333 1334
f 999 1020 1135
f 880 1335 1336
f 346 345 1202
f 1337 1338 1339
f 1282 1273 1269
f 1340 578 1341
f 765 764 769
f 677 676 1342
f 1343 1344 897
f 1317 1316 1345
f 1243 1242 1346
f 1347 43 9
f 1348 1349 1300
f 1350 1351 1156
f 1352 1353 1354
f 1355 1005 1217
f 1356 1357 328
f 1106 955 1008
f 1358 338 1359
f 381 1116 1056
f 1360 1286 1361
f 1362 1198 1021
f 1092 919 923
f 1057 969 971
f 560 562 833
f 1363 1364 1365
f 617 611 1366
f 988 858 848
f 1367 1066 901
f 1368 1369 1370
f 32 27 2
f 1371 708 707
f 1372 1373 1374
f 1375 980 1144
f 1376 1377 1378
f 1103 997 1098
f 1379 1380 1381
f 1148 1061 1382
f 912 744 1220
f 1208 1383 986
f 1286 1384 1385
f 1386 272 1387
f 1388 1389 1390
f 1015 940 1391
f 1109 1108 1392
f 1302 1301 1393
f 876 770 899
f 1320 1043 1045
f 1394 1237 1395
f 1390 1396 1397
f 1022 1021 1398
f 1399 1040 1042
f 1224 1400 1401
f 471 470 150
f 451 450 135
f 993 354 356
f 1086 1085 1402
f 361 360 1211
f 847 1403 1008
f 873 1222 1084
f 1391 1404 1405
f 758 734 1406
f 1407 670 678
f 495 491 1408
f 1018 1017 1187
f 1409 1410 786
f 1411 1412 1413
f 488 487 1414
f 1137 1415 1416
f 1074 908 1075
f 772 813 987
f 1417 1418 1419
f 1410 768 786
f 1420 1242 1421
f 1422 1150 1149
f 1423 1105 1106
f 355 353 1386
f 1424 1425 1426
f 1427 1428 1429
f 1111 1094 1093
f 671 242 1430
f 479 471 1431
f 462 451 1432
f 1151 1433 1051
f 1434 90 1154
f 992 1026 966
f 1362 1021 1020
f 1435 901 854
f 1334 1333 1259
f 825 826 979
f 962 1201 974
f 1436 1293 1437
f 1413 1412 1438
f 1276 1439 1440
f 1441 422 1188
f 1442 1097 1099
f 1443 1031 1013
f 1444 1248 1050
f 1445 1093 861
f 500 749 1446
f 1201 558 557
f 1438 1445 863
f 345 342 93
f 815 1207 985
f 1426 1447 1448
f 1449 995 1082
f 1174 1450 1451
f 1429 1452 1453
f 1454 1455 1456
f 1456 1455 819
f 899 1141 1067
f 1457 1146 1166
f 367 1030 1458
f 353 99 1386
f 376 375 1459
f 633 1135 1022
f 1460 650 1124
f 700 683 81
f 1461 1462 1213
f 682 1430 1463
f 568 563 560
f 1464 654 657
f 1083 631 1465
f 902 1159 1143
f 1232 1466 1233
f 735 1136 1467
f 1468 938 1014
f 1115 1152 1469
f 964 965 1470
f 975 977 1153
f 680 1443 1013
f 626 864 1471
f 618 603 767
f 480 479 1472
f 1033 1127 1473
f 1474 1160 1161
f 580 571 72
f 501 500 1475
f 463 462 1476
f 1477 1478 1360
f 442 1479 1478
f 1480 1481 860
f 1250 437 1251
f 1482 1311 1310
f 1066 1483 984
f 1144 982 1056
f 1438 1484 924
f 436 435 1485
f 1486 886 1487
f 1488 1489 1490
f 1398 1021 1200
f 345 93 1202
f 1491 1328 1327
f 431 1361 1226
f 853 1492 880
f 1493 12 983
f 1494 1495 1496
f 1497 653 1464
f 1092 923 1498
f 1142 1461 1213
f 1384 1499 1385
f 1033 1473 838
f 1500 875 874
f 978 233 1501
f 771 582 1502
f 749 1503 1446
f 1504 1338 1337
f 1505 1076 1506
f 602 1398 1244
f 1314 1507 1231
f 1508 1 1206
f 629 617 1509
f 479 1431 1472
f 1102 1101 1510
f 815 814 58
f 1511 1512 1513
f 1254 489 490
f 744 259 1514
f 481 480 158
f 591 771 1515
f 502 501 170
f 1469 1152 1059
f 1274 1273 1282
f 1516 1378 1148
f 1331 1517 1518
f 1519 1520 1521
f 753 463 144
f 1522 1349 1348
f 508 1523 1118
f 656 1153 1023
f 1320 1045 1500
f 844 963 1031
f 755 539 191
f 521 520 182
f 520 519 1524
f 394 392 1525
f 1526 1527 1528
f 1529 1148 1382
f 1530 1531 1532
f 1230 1276 1440
f 1533 1534 1535
f 415 410 419
f 837 1197 893
f 539 538 1536
f 641 1501 1537
f 519 754 1538
f 1539 817 1540
f 1541 1542 1543
f 1232 1411 1413
f 543 755 1544
f 538 756 1545
f 1293 1546 1547
f 524 1521 1267
f 541 1548 1268
f 536 1549 1550
f 607 1244 1551
f 1154 267 1035
f 1544 302 1552
f 1143 866 979
f 527 526 1553
f 754 507 173
f 507 506 1554
f 370 364 1555
f 1556 1396 1389
f 1557 1558 1239
f 389 385 1559
f 1560 397 396
f 1551 1189 1561
f 544 543 1552
f 756 527 185
f 455 1562 1563
f 597 595 1564
f 1268 1418 1417
f 1565 1566 1562
f 1254 1567 841
f 494 1118 1568
f 1569 1417 1570
f 1561 1191 1571
f 1151 1051 977
f 758 1406 1572
f 1573 1574 1575
f 1359 349 1128
f 1251 1576 1252
f 898 836 1313
f 1467 814 773
f 41 1400 1577
f 849 365 1578
f 1579 441 446
f 496 1281 1266
f 1560 1194 1117
f 1561 1189 1191
f 25 1580 1514
f 25 24 1580
f 571 1581 72
f 570 1582 1581
f 944 1583 1019
f 351 1584 1585
f 517 1586 790
f 533 1304 793
f 1587 1588 1195
f 400 1589 1590
f 1591 1368 1592
f 530 1268 1569
f 549 1309 1549
f 564 1593 1594
f 447 129 1595
f 562 583 831
f 501 1475 170
f 1076 1078 1506
f 1593 306 1594
f 480 1472 158
f 463 1476 144
f 402 393 1596
f 1226 1257 1597
f 1598 1599 1600
f 1219 1601 1131
f 898 1314 1602
f 610 609 1603
f 1343 1604 1344
f 1605 1353 1352
f 811 1003 1002
f 833 967 1606
f 1607 1608 1194
f 1609 1416 1363
f 1265 1266 1610
f 630 1611 1612
f 766 206 1593
f 1613 1028 945
f 456 1614 1598
f 509 1615 1586
f 528 1569 1304
f 1601 634 1099
f 1616 1380 1379
f 1617 1618 1619
f 485 1610 1303
f 545 1620 1309
f 735 1467 773
f 771 1502 1515
f 1266 1280 1621
f 1622 1623 1365
f 830 236 1624
f 779 1625 1626
f 779 1626 891
f 413 1592 1323
f 1542 1627 1543
f 1606 1628 1227
f 1032 593 596
f 632 620 978
f 539 1536 191
f 409 1180 1629
f 1499 1255 1257
f 1292 1546 1293
f 1630 1077 1076
f 1592 1368 1370
f 755 191 1544
f 519 1538 1524
f 690 710 825
f 1165 1164 1370
f 1513 1328 1491
f 978 627 233
f 601 600 1631
f 1188 424 431
f 644 84 1632
f 538 1545 1536
f 1210 1089 1633
f 1634 1081 1635
f 1482 1636 1311
f 796 789 1121
f 1196 992 966
f 992 993 1026
f 553 555 1488
f 602 604 1398
f 63 889 857
f 592 1182 75
f 1368 1637 1369
f 756 185 1545
f 507 1554 173
f 1621 1638 1639
f 1451 1450 1640
f 1641 1428 1427
f 1642 1425 1424
f 444 434 1250
f 608 612 1219
f 527 1553 185
f 382 1643 52
f 1483 1121 984
f 752 964 1644
f 1505 1506 1645
f 1225 797 796
f 1116 1239 1056
f 1047 1046 1646
f 364 1140 1555
f 1640 1450 1647
f 1510 1101 1648
f 1649 1650 1651
f 407 390 400
f 1249 918 1050
f 903 837 893
f 1457 1652 1146
f 1457 1653 1654
f 1508 32 1
f 1423 878 1655
f 421 416 1441
f 1656 1418 1548
f 644 648 84
f 1657 1270 333
f 1658 1659 1660
f 966 812 1661
f 1662 1663 1482
f 876 875 770
f 541 534 1548
f 1664 1665 1666
f 1288 1160 1474
f 1290 1389 1667
f 1668 1669 1670
f 1071 1070 1298
f 1532 1531 1671
f 1672 1673 331
f 637 639 1674
f 386 114 1675
f 1676 1556 1290
f 1636 1677 1311
f 1678 1649 1679
f 1526 1310 1527
f 1680 1681 1663
f 1682 1683 1684
f 1685 1686 1687
f 1372 1374 1063
f 474 1688 1689
f 498 486 1253
f 412 411 1690
f 376 1459 1691
f 669 668 1692
f 1693 1076 1505
f 1528 1527 1658
f 1694 1061 1063
f 1695 1696 1516
f 1671 1531 330
f 1393 1301 332
f 1235 1011 334
f 1697 1698 1699
f 1488 1490 1700
f 1398 1200 1244
f 633 608 1219
f 425 423 1701
f 1236 1702 1676
f 1575 1574 1703
f 1704 1512 1511
f 1479 1705 1478
f 904 817 1539
f 1687 1686 336
f 876 1706 1225
f 1478 1284 1360
f 1539 1540 1332
f 455 448 1565
f 1707 1708 1523
f 1043 284 1044
f 1709 1238 1394
f 1254 492 1567
f 837 898 1197
f 1218 59 1122
f 1361 1385 1226
f 1579 453 1609
f 1253 489 1254
f 1191 1710 1571
f 1711 1425 1642
f 1482 1663 1636
f 659 661 1402
f 726 712 1712
f 1401 1036 1500
f 1004 1068 1067
f 657 659 1399
f 1223 1713 850
f 962 1714 1201
f 1715 1173 1305
f 1346 1428 1641
f 1329 1716 1717
f 1718 23 1719
f 1505 1645 1380
f 1577 1400 1224
f 1548 1418 1268
f 1720 1664 1666
f 456 458 1614
f 547 566 512
f 1072 857 859
f 1721 314 1722
f 942 1723 1724
f 396 403 1607
f 1252 1245 1247
f 1251 1725 1576
f 1062 1726 1372
f 1663 1681 1727
f 1728 1666 1729
f 1730 1731 1732
f 1444 873 1733
f 1505 1380 1734
f 1735 1736 1737
f 1725 1579 1738
f 1739 1740 1741
f 1742 1743 920
f 1233 1744 1745
f 1746 1421 1241
f 1667 1389 1388
f 1658 1527 1659
f 1087 1034 1105
f 351 1585 1162
f 517 509 1586
f 661 1407 1086
f 1417 1747 1570
f 552 551 1748
f 1017 1749 1187
f 1750 1751 1504
f 1752 1546 1753
f 1271 1270 1657
f 1754 1649 1678
f 1616 1379 1755
f 1630 1076 1693
f 1617 1619 1756
f 1680 1663 1662
f 1757 1696 1758
f 1759 1133 1145
f 1436 1437 1709
f 1122 1123 1261
f 584 586 1760
f 1155 787 921
f 1758 1696 1695
f 1761 1757 1758
f 1762 1486 1763
f 1130 4 1764
f 566 550 553
f 663 1460 829
f 662 638 830
f 1765 1512 1704
f 467 456 1598
f 1755 1379 1766
f 1756 1619 1767
f 1768 1769 1770
f 1562 1137 1563
f 1771 1279 1281
f 509 511 1615
f 528 530 1569
f 646 650 1460
f 1402 1772 1399
f 678 680 1013
f 1294 1293 1436
f 1141 1409 1004
f 1689 1739 1741
f 1092 1031 1443
f 418 417 1773
f 398 395 1774
f 1334 1259 1000
f 1615 1775 1586
f 1569 1570 1304
f 32 2 1
f 666 665 1171
f 428 1776 1777
f 1421 1242 1241
f 1620 1778 1309
f 911 1686 1685
f 849 1578 1779
f 430 1780 1776
f 425 1701 1780
f 1634 1264 1209
f 426 1777 1781
f 981 1782 1783
f 1356 328 1784
f 1785 1112 1069
f 1149 323 1786
f 423 1787 1701
f 404 399 1216
f 1735 1769 1736
f 1287 1788 1160
f 1733 1083 801
f 1364 1622 1365
f 1789 761 882
f 1790 1791 1285
f 899 1067 1706
f 1403 1106 1008
f 1369 1165 1370
f 1792 915 1793
f 1741 1740 1614
f 1303 1331 1518
f 674 687 1794
f 1639 1795 1330
f 1796 1797 1605
f 917 849 1779
f 1092 1498 1031
f 1320 1319 1043
f 436 1485 123
f 355 1386 1387
f 1608 1587 1194
f 1609 1363 1738
f 1600 731 1566
f 485 478 1265
f 988 952 905
f 467 461 456
f 533 525 528
f 549 542 545
f 1628 1489 1227
f 1390 1421 1746
f 1798 1296 1766
f 907 906 1799
f 1596 1560 1117
f 649 640 637
f 1430 318 1463
f 691 87 1183
f 1647 1751 1750
f 1456 819 821
f 1800 1006 1005
f 1067 922 1706
f 1457 1654 1652
f 470 469 1801
f 1055 1018 1634
f 1322 408 413
f 1266 1621 1610
f 1032 596 605
f 1646 1046 882
f 998 1020 999
f 418 1773 1787
f 1610 1330 1303
f 1802 933 932
f 1424 1426 1448
f 1592 1370 1323
f 1097 1803 1103
f 611 610 78
f 1139 1804 1415
f 1805 816 818
f 1806 1449 1082
f 1172 1174 1451
f 1427 1429 1453
f 1807 1759 1145
f 1196 966 1661
f 1460 1124 827
f 666 1171 242
f 1743 1444 1050
f 442 444 1479
f 672 1047 1646
f 1621 1639 1330
f 1111 257 1094
f 360 357 49
f 367 1458 1169
f 491 69 1408
f 921 775 1155
f 752 1644 782
f 1358 1205 1087
f 438 123 1808
f 1788 559 1160
f 1651 1809 1810
f 1367 901 1435
f 1470 905 907
f 674 1794 1047
f 1619 1618 1811
f 1540 1333 1332
f 1596 397 1560
f 1131 1098 999
f 1733 801 1248
f 488 1414 69
f 395 1258 1774
f 1364 675 1622
f 1039 1812 1151
f 1391 1405 1813
f 1441 1188 1597
f 1343 897 810
f 1469 1059 1060
f 772 773 813
f 964 907 1644
f 1655 1087 1105
f 619 621 975
f 1083 1465 800
f 645 644 1632
f 470 1801 150
f 450 1814 135
f 398 1774 1215
f 1106 1104 955
f 1208 1793 1383
f 1038 865 1318
f 1815 1530 1532
f 421 1441 1541
f 1445 1111 1093
f 471 150 1431
f 451 135 1432
f 1389 1396 1390
f 689 690 825
f 342 1816 93
f 589 588 1817
f 1397 1420 1421
f 1474 1161 1818
f 562 831 833
f 583 931 831
f 1340 1167 931
f 1743 1050 920
f 1068 834 921
f 1819 1315 1317
f 1679 1651 1810
f 379 381 1057
f 1760 1653 1457
f 1141 1004 1067
f 1341 1166 1167
f 1219 1131 1135
f 1742 920 954
f 909 911 1685
f 534 536 1550
f 1578 727 1779
f 583 569 1340
f 1601 1099 1131
f 1217 1053 1820
f 1821 1573 1575
f 1511 1513 1491
f 1219 612 1601
f 1501 312 1537
f 815 1218 1207
f 568 1606 1227
f 1263 887 1009
f 548 535 755
f 1822 1088 1090
f 1823 1240 935
f 419 421 1543
f 871 870 976
f 659 1402 1399
f 1314 1231 1745
f 384 386 1675
f 377 376 1691
f 584 1760 1166
f 826 1143 979
f 912 1221 1484
f 1284 1705 1790
f 394 1525 1258
f 1824 910 927
f 661 1086 1402
f 571 570 1581
f 1379 1381 1825
f 1619 1811 1826
f 1827 938 1468
f 1053 1007 1828
f 555 1227 1488
f 649 869 871
f 523 510 754
f 1659 1829 1660
f 1289 1237 1236
f 604 1022 1398
f 657 1399 1042
f 1444 1733 1248
f 689 759 760
f 440 1808 1830
f 1293 1547 1437
f 903 835 837
f 1232 1413 1466
f 540 529 756
f 1679 1649 1651
f 433 1360 1361
f 531 533 793
f 621 871 975
f 1213 867 866
f 399 398 1215
f 1831 1100 1102
f 1650 1832 1651
f 444 1247 1479
f 1520 1833 1521
f 634 1442 1099
f 1464 1042 1262
f 664 670 1407
f 825 979 759
f 712 1184 1712
f 1658 1660 1618
f 1728 1720 1666
f 1832 1809 1651
f 1483 1577 1121
f 1772 1040 1399
f 1104 1834 1203
f 1810 1809 1835
f 1717 1716 1821
f 1407 973 1086
f 678 1013 973
f 564 766 1593
f 1836 1394 1395
f 1188 1226 1597
f 1341 578 581
f 586 1496 1760
f 619 975 1153
f 1137 1416 1563
f 553 1488 1700
f 873 1084 1733
f 1231 1507 1837
f 1064 37 859
f 766 552 206
f 487 1838 1414
f 462 1432 1476
f 1527 1310 1312
f 1683 1839 1684
f 1297 1840 1841
f 890 891 1842
f 1843 1844 1845
f 943 945 1027
f 1846 958 803
f 1847 268 1848
f 1849 270 1850
f 1851 1049 1058
f 1634 1209 1081
f 1289 1676 1290
f 433 429 1477
f 954 1092 1443
f 1602 1852 1197
f 504 493 749
f 1482 1310 1853
f 805 944 943
f 1854 1349 1522
f 813 985 987
f 1251 437 439
f 1760 1457 1166
f 1497 1262 1009
f 683 682 1463
f 1238 1237 1394
f 1734 1380 1616
f 1855 1618 1617
f 1658 1618 1855
f 1856 337 1857
f 508 499 1858
f 1044 888 1045
f 692 691 1183
f 1859 1669 1860
f 1861 1673 1862
f 1441 1597 1541
f 1478 1705 1284
f 534 1550 1548
f 1210 1633 1863
f 1864 1865 1866
f 1867 1077 1630
f 1662 1482 1853
f 1868 1869 1870
f 1871 1728 1729
f 1872 1730 1732
f 1668 1670 1873
f 1228 1874 1875
f 1876 1107 928
f 1877 1367 1435
f 1029 55 1109
f 1878 292 1879
f 1880 296 1881
f 1882 300 1883
f 1884 305 1885
f 1886 307 1887
f 1672 331 1888
f 1889 1854 1522
f 1657 333 1890
f 1891 1272 1274
f 1892 315 1893
f 1894 1895 1896
f 1048 335 1897
f 1898 1851 1058
f 937 942 1724
f 1899 1824 927
f 1409 1002 1004
f 1250 1252 1247
f 1231 1233 1745
f 652 645 1900
f 469 1901 1801
f 1068 1003 834
f 1326 818 916
f 1291 1290 1667
f 1853 1310 1526
f 741 1681 1902
f 1729 1666 1903
f 1860 1669 1668
f 1682 1684 1904
f 728 1683 1905
f 1516 1148 1529
f 774 1486 1762
f 1862 1673 1672
f 972 1275 1230
f 1251 439 1725
f 621 649 871
f 1263 1906 1907
f 946 948 1908
f 1324 1326 916
f 1909 1910 1911
f 1337 1339 1912
f 1913 1914 1915
f 1841 1752 1753
f 1693 1505 1734
f 1528 1658 1855
f 1902 1681 1680
f 1916 741 1902
f 1917 1918 1919
f 1903 1665 1917
f 1920 1921 1922
f 1923 1342 1924
f 1904 1859 1860
f 1905 1683 1682
f 1925 728 1905
f 1350 1156 1158
f 1694 1063 1926
f 1695 1516 1529
f 1927 1928 1761
f 949 951 1929
f 1132 1134 1876
f 1930 1827 1468
f 1931 1932 1933
f 798 774 1762
f 1934 44 1935
f 1510 1648 1936
f 1392 1937 1454
f 1938 273 1939
f 1940 275 1941
f 1942 324 1943
f 1327 1329 1717
f 1944 285 1945
f 1946 289 1947
f 1948 294 1949
f 1950 298 1951
f 1952 303 1953
f 1954 1861 1862
f 1393 332 1955
f 1348 1300 1302
f 1235 334 1956
f 1957 1010 1012
f 1697 1699 1958
f 1959 1698 1697
f 1960 1961 1959
f 1962 263 1963
f 1964 1965 1170
f 1361 1286 1385
f 515 790 1707
f 371 373 1193
f 363 1212 1140
f 531 793 1520
f 1032 605 1561
f 829 880 1336
f 1742 713 1743
f 1434 1035 861
f 600 597 1966
f 815 58 1218
f 566 1700 512
f 636 1967 1442
f 1124 1009 827
f 259 25 1514
f 500 1446 1475
f 1725 441 1579
f 871 976 975
f 421 1541 1543
f 1740 1968 1614
f 498 1771 1281
f 1253 841 1771
f 1268 1417 1569
f 598 1494 1496
f 1410 707 768
f 641 978 1501
f 626 1471 1969
f 757 544 200
f 616 1023 1025
f 1674 1168 869
f 1646 882 800
f 777 1260 929
f 1795 572 1331
f 772 987 809
f 989 991 1589
f 474 1689 1741
f 683 1463 81
f 988 847 952
f 1596 1117 989
f 1124 1497 1009
f 979 802 759
f 1852 723 1197
f 1249 747 746
f 1970 1971 1740
f 786 809 1002
f 402 989 1589
f 1688 1518 1689
f 898 1602 1197
f 1543 1627 1591
f 453 1563 1609
f 1281 1280 1266
f 614 1025 1967
f 639 1336 1674
f 1314 1745 1602
f 1284 1790 1285
f 1499 1257 1385
f 402 1596 989
f 458 1741 1614
f 517 505 509
f 430 425 1780
f 360 49 1211
f 419 1543 1591
f 1517 1972 1739
f 655 1973 1965
f 445 1830 129
f 1316 1974 872
f 1283 971 1275
f 1738 1365 1576
f 1562 1138 1137
f 656 625 619
f 1021 1198 1200
f 642 1537 236
f 864 1612 1471
f 371 1193 108
f 342 341 1816
f 930 3 1975
f 1821 1716 1573
f 1689 1517 1739
f 1001 1571 1494
f 1460 827 829
f 700 81 1976
f 762 212 1582
f 481 158 1838
f 663 646 1460
f 580 72 1977
f 565 1594 212
f 423 418 1787
f 1579 1609 1738
f 511 1267 1615
f 547 512 1620
f 605 1551 1561
f 1154 90 46
f 617 1366 1509
f 611 78 1366
f 610 1603 78
f 609 1978 1603
f 753 144 1901
f 1725 1738 1576
f 1566 731 1138
f 483 1303 1518
f 416 422 1441
f 465 1600 1566
f 583 1340 931
f 663 829 1336
f 687 689 760
f 652 1900 1973
f 629 1509 1611
f 582 1977 1502
f 433 1477 1360
f 1477 442 1478
f 1341 584 1166
f 1560 1607 1194
f 415 1591 1592
f 1137 1139 1415
f 1979 990 1195
f 1032 1561 1571
f 601 1631 1980
f 1618 1660 1811
f 1384 1981 1982
f 572 1517 1331
f 1445 861 863
f 1970 1740 1739
f 552 1748 206
f 391 52 1125
f 1380 1645 1381
f 407 400 1590
f 1738 1363 1365
f 491 488 69
f 379 1057 971
f 1322 1323 1608
f 636 628 614
f 661 664 1407
f 1587 1163 1588
f 520 1524 182
f 502 170 1983
f 1416 1415 1984
f 407 1590 1533
f 1365 1623 1576
f 1795 1331 1330
f 1639 1985 1795
f 1610 1621 1330
f 1136 325 1467
f 1907 852 887
f 600 1966 1631
f 591 1515 1182
f 579 561 762
f 551 1986 1748
f 1986 304 1748
f 521 182 1987
f 1538 297 1524
f 1988 29 1989
f 1019 1613 945
f 649 637 869
f 1465 672 1646
f 1545 301 1536
f 853 575 1492
f 1379 1825 1766
f 1619 1826 1767
f 1598 1968 1599
f 569 578 1340
f 506 1983 1554
f 1363 1984 1364
f 1971 1968 1740
f 672 674 1047
f 754 173 1538
f 1198 1990 1199
f 1728 1991 1720
f 381 1056 1057
f 1518 1517 1689
f 475 1992 1967
f 1497 1464 1262
f 1093 1434 861
f 757 200 1986
f 543 1544 1552
f 1453 1452 1993
f 900 820 329
f 1448 1447 1994
f 1057 982 969
f 1563 1416 1609
f 597 1564 1966
f 1835 1809 1995
f 634 636 1442
f 656 619 1153
f 595 75 1564
f 1663 1727 1636
f 1751 1338 1504
f 405 1533 1535
f 1306 1237 1289
f 1296 1840 1297
f 1289 1236 1676
f 973 974 1086
f 929 934 836
f 1527 1312 1659
f 1993 1452 1754
f 1994 1447 1765
f 1284 1286 1360
f 1655 1358 1087
f 586 598 1496
f 1154 46 6
f 830 638 642
f 357 1387 49
f 1841 1840 1752
f 498 1253 1771
f 566 553 1700
f 616 656 1023
f 977 1051 1153
f 1228 1157 1874
f 1385 1257 1226
f 1097 1992 1803
f 1923 1731 1342
f 387 1557 1239
f 1559 1535 1996
f 1904 1684 1859
f 1957 1997 1010
f 377 1691 114
f 340 460 1998
f 389 1996 1557
f 1506 1999 1645
f 1917 1665 1918
f 1113 1487 1114
f 1483 41 1577
f 458 474 1741
f 1095 90 1434
f 450 449 1814
f 1808 281 1830
f 426 428 1777
f 636 614 1967
f 1345 1316 872
f 2000 1080 1931
f 1730 2001 1731
f 1703 1574 1768
f 614 616 1025
f 1313 1507 1314
f 1634 1018 1264
f 598 1001 1494
f 1744 2002 1745
f 417 412 2003
f 1395 1237 1306
f 1431 290 1472
f 1432 286 1476
f 1401 1500 874
f 415 419 1591
f 349 1162 1128
f 605 607 1551
f 749 495 1503
f 1998 269 1816
f 716 715 840
f 665 1964 1170
f 998 1362 1020
f 956 1176 957
f 758 1572 1222
f 363 361 1212
f 1753 1546 1292
f 1666 1665 1903
f 1347 9 1054
f 1062 1372 1063
f 1263 1907 887
f 630 629 1611
f 1732 1731 1923
f 1481 799 860
f 1624 313 1321
f 1926 1374 2004
f 1382 1061 1694
f 2005 43 1347
f 1423 823 878
f 647 830 1624
f 524 518 1519
f 1001 1032 1571
f 1595 283 1814
f 1807 1813 1759
f 665 660 1964
f 1446 293 1475
f 572 1972 1517
f 1359 1128 1205
f 1407 678 973
f 1588 1979 1195
f 1566 1138 1562
f 826 711 902
f 849 359 365
f 847 1008 952
f 1370 1164 1323
f 1129 932 934
f 750 782 1123
f 627 626 1969
f 1186 319 1692
f 1584 1661 1585
f 449 447 1595
f 370 1555 1192
f 680 681 2006
f 1249 746 1179
f 435 1781 1485
f 669 1692 87
f 1601 613 634
f 1964 655 1965
f 622 624 1185
f 365 1169 1578
f 1459 276 1691
f 1325 2007 1326
f 917 1779 1177
f 428 430 1776
f 691 669 87
f 972 1283 1275
f 643 653 1497
f 1093 1095 1434
f 570 762 1582
f 1214 1077 1767
f 1038 1037 1508
f 400 402 1589
f 877 722 742
f 2008 832 908
f 2009 1711 1642
f 582 580 1977
f 2010 1800 1355
f 994 996 2011
f 2012 2013 2014
f 2015 1287 1288
f 1345 872 2016
f 1640 1647 1750
f 2017 1715 1305
f 1993 1754 1678
f 1243 1346 1641
f 1388 1390 1746
f 1294 1436 1836
f 1755 1766 1295
f 1756 1767 1867
f 1081 1080 2000
f 1703 1768 1770
f 1994 1765 1704
f 2018 278 2019
f 2020 282 2021
f 2022 287 2023
f 1671 330 2024
f 2025 317 2026
f 1687 336 2027
f 2028 322 2029
f 1403 1423 1106
f 1036 1318 1320
f 1582 308 1581
f 1413 1438 924
f 1036 1320 1500
f 1434 1154 1035
f 1614 1968 1598
f 434 437 1250
f 1465 1646 800
f 742 721 760
f 1025 475 1967
f 447 445 129
f 1083 800 801
f 953 906 905
f 639 663 1336
f 438 436 123
f 993 1177 1026
f 2030 1789 882
f 809 811 1002
f 1837 1181 1411
f 2031 884 1181
f 1961 1698 1959
f 1369 1817 1165
f 1770 1769 1735
f 541 537 534
f 506 502 1983
f 1736 2032 1737
f 1515 309 1182
f 526 521 1987
f 1983 295 1554
f 391 382 52
f 373 370 1192
f 351 344 1584
f 902 903 1159
f 1568 2033 1567
f 598 590 1001
f 913 915 1792
f 1587 1164 1163
f 1363 1416 1984
f 1169 2034 2035
f 1837 1507 2036
f 405 407 1533
f 687 760 1794
f 560 833 1606
f 924 926 1466
f 1438 1412 1445
f 417 2003 1773
f 382 384 1643
f 682 671 1430
f 897 886 885
f 752 785 964
f 1257 1256 1597
f 734 700 1976
f 495 1408 1503
f 1436 1394 1836
f 1030 1230 1458
f 2006 954 1443
f 1413 924 1466
f 567 554 766
f 1781 279 1485
f 1826 1214 1767
f 1825 1798 1766
f 37 39 1072
f 665 1170 1171
f 386 377 114
f 2036 2031 1181
f 874 876 1225
f 1559 405 1535
f 1442 1992 1097
f 1402 1085 1772
f 1767 1077 1867
f 624 685 1185
f 720 2037 1065
f 1116 387 1239
f 1167 1075 931
f 1176 953 957
f 958 804 803
f 1558 1144 1239
f 1340 1341 1167
f 1837 2036 1181
f 389 1559 1996
f 1131 999 1135
f 1967 1992 1442
f 903 893 1159
f 1410 1371 707
f 1223 2038 1713
f 1906 2039 1907
f 1285 1384 1286
f 609 767 1978
f 1264 868 1209
f 1298 1357 1299
f 1737 2032 1942
f 431 433 1361
f 346 1202 1096
f 1652 1073 1146
f 1390 1397 1421
f 1436 1709 1394
f 1858 1707 1523
f 627 1969 233
f 1208 986 985
f 637 1674 869
f 1742 696 713
f 863 912 1484
f 1404 719 1405
f 604 633 1022
f 889 848 857
f 486 489 1253
f 1597 1256 1541
f 680 2006 1443
f 826 902 1143
f 865 1110 1318
f 449 1595 1814
f 1344 1604 1114
f 1479 1246 1705
f 444 1250 1247
f 1378 1147 1148
f 1437 2040 1709
f 1825 2041 1798
f 1826 2042 1214
f 1464 653 654
f 1179 738 918
f 2004 1351 1350
f 412 1690 2003
f 1227 1489 1488
f 1494 1710 1495
f 689 825 759
f 392 1125 1525
f 1260 1129 929
f 1264 914 868
f 986 810 987
f 1223 2043 2038
f 487 481 1838
f 984 855 901
f 508 1858 1523
f 349 351 1162
f 1519 531 1520
f 1199 2044 1200
f 469 753 1901
f 2036 1802 2031
f 524 1519 1521
f 1433 1024 1051
f 1252 1623 1245
f 941 1481 1480
f 453 455 1563
f 455 1565 1562
f 496 498 1281
f 404 1216 1180
f 1417 1419 1747
f 492 1568 1567
f 1607 403 1322
f 439 441 1725
f 734 1976 1406
f 1556 1389 1290
f 1247 1246 1479
f 474 468 1688
f 1550 1656 1548
f 1978 310 1603
f 536 549 1549
f 1019 326 1613
f 1189 2045 1190
f 1565 465 1566
f 492 494 1568
f 1276 2046 1439
f 972 369 1283
f 767 1980 1978
f 1409 786 1002
f 750 752 782
f 1470 988 905
f 1074 2008 908
f 786 772 809
f 411 1629 1690
f 1403 823 1423
f 1254 490 492
f 326 327 1613
f 1699 2047 1958
f 1626 2048 891
f 1322 403 408
f 1591 1627 1368
f 1208 1792 1793
f 1608 1164 1587
f 645 1632 1900
f 830 642 236
f 1053 1325 1820
f 1587 1195 1194
f 467 1598 1600
f 2049 1813 1807
f 413 415 1592
f 2006 1742 954
f 485 1265 1610
f 964 1470 907
f 1358 1359 1205
f 393 397 1596
f 1901 288 1801
f 411 409 1629
f 1800 1005 1355
f 1579 446 453
f 1607 1322 1608
f 545 547 1620
f 1972 1970 1739
f 647 1624 1321
f 1471 311 1969
f 1560 396 1607
f 526 1987 1553
f 967 1628 1606
f 1599 731 1600
f 544 1552 200
f 353 348 99
f 1621 1280 1638
f 375 108 1459
f 727 2043 1779
f 1224 1401 874
f 1794 968 1047
f 648 647 1321
f 367 362 1030
f 384 1675 1643
f 2001 2050 1731
f 440 438 1808
f 1516 1376 1378
f 1392 1108 1937
f 824 823 1403
f 1766 1296 1295
f 341 340 1998
f 1498 844 1031
f 2031 320 884
f 2051 2052 1221
f 1972 2053 1970
f 1223 850 1026
f 387 389 1557
f 568 560 1606
f 1731 2050 1342
f 922 787 797
f 655 652 1973
f 357 355 1387
f 767 601 1980
f 864 630 1612
f 1263 1041 1906
f 1635 1081 2000
f 381 374 1116
f 1464 657 1042
f 1495 1653 1496
f 1797 1353 1605
f 893 892 1159
f 1987 299 1553
f 473 457 753
f 1558 1375 1144
f 913 1792 1261
f 1576 1623 1252
f 1858 515 1707
f 445 440 1830
f 847 824 1403
f 1192 274 1193
f 341 1998 1816
f 1230 1440 1458
f 897 885 811
f 923 2054 1498
f 435 426 1781
f 1964 658 655
f 642 641 1537
f 762 565 212
f 1220 2051 1221
f 565 564 1594
f 1358 339 338
f 1751 2055 1338
f 1584 1196 1661
f 1733 1084 1083
f 1688 483 1518
f 660 658 1964
f 856 941 1480
f 900 329 2056
f 1299 1357 1356
f 1205 1127 1033
f 671 666 242
f 668 1186 1692
f 1371 881 708
f 1838 291 1414
f 2044 2045 1189
f 1423 1655 1105
f 1124 643 1497
f 1015 1391 2049
f 1352 1354 1422
f 1438 863 1484
f 1055 1634 1635
f 362 368 1030
f 465 467 1600
f 551 757 1986
f 1484 925 924
f 1367 20 22
f 1341 581 584
f 594 585 771
f 1053 1828 1325
f 9 8 1054
f 712 692 1184
f 1492 1335 880
f 955 1104 1203
f 1444 743 873
f 1038 1206 865
f 1674 1335 1168
f 348 1096 99
f 1820 1325 1324
f 1895 1997 1896
f 1367 22 1066
f 1577 796 1121
f 1134 1107 1876
f 263 2057 1963
f 1601 612 613
f 1110 1319 1318
f 44 20 1935
f 651 615 864
f 1896 1997 1957
f 960 1234 822
f 744 1514 1220
f 1551 2044 1189
f 1541 1256 1542
f 1231 1837 1232
f 267 266 1035
f 940 939 1404
f 1326 2007 1805
f 1783 970 969
f 1130 5 4
f 595 592 75
f 1713 851 850
f 1107 701 778
f 1942 2032 324
f 1856 2057 337
f 981 1783 969
f 1898 1723 1851
f 1008 957 952
f 1373 1351 1374
f 1763 1486 1487
f 1913 1995 1914
f 1655 339 1358
f 1354 1150 1422
f 934 933 1313
f 668 622 1186
f 1391 1813 2049
f 1724 1723 1898
f 1763 1487 1113
f 1675 277 1643
f 266 862 1035
f 2006 696 1742
f 1572 686 1222
f 978 620 627
f 1218 1261 1207
f 1199 2045 2044
f 1323 1164 1608
f 1249 1179 918
f 375 371 108
f 1412 883 1111
f 769 2058 1141
f 1391 940 1404
f 1937 1455 1454
f 1496 1653 1760
f 2059 906 953
f 971 970 1275
f 751 781 1091
f 1232 1837 1411
f 1177 2043 1223
f 2046 970 1783
f 1004 1003 1068
f 1063 1374 1926
f 1928 1757 1761
f 1577 1224 796
f 2048 950 1229
f 1835 1995 1913
f 1234 879 822
f 726 1712 1052
f 1383 1343 986
f 1244 2044 1551
f 1931 1080 1932
f 2060 2061 1156
f 1445 1412 1111
f 1036 1038 1318
f 1114 1604 1152
f 1147 2062 2063
f 1376 2064 1377
f 1516 1696 1376
f 982 981 969
f 1571 1710 1494
f 1200 2044 1244
f 1368 1627 1637
f 1034 1834 1104
f 766 554 552
f 1122 59 780
f 1196 347 352
f 789 961 1121
f 1477 427 442
f 1745 2002 1602
f 770 875 888
f 1181 883 1411
f 907 1799 1644
f 767 603 601
f 1326 1805 818
f 1072 63 857
f 1336 1335 1674
f 1044 66 888
f 1383 2065 1604
f 1743 743 1444
f 1176 2059 953
f 1401 1037 1036
f 876 899 1706
f 1602 2002 1852
f 1275 970 1276
f 804 959 1583
f 757 546 544
f 1374 1351 2004
f 1932 2066 2067
f 944 804 1583
f 1789 748 761
f 864 615 630
f 1899 2047 1824
f 713 743 1743
f 1559 383 405
f 1084 684 631
f 878 339 1655
f 1276 970 2046
f 681 696 2006
f 888 875 1045
f 1155 788 787
f 838 1834 1034
f 1842 2048 1229
f 1963 2057 1856
f 719 718 1405
f 1519 522 531
f 686 684 1222
f 1265 482 496
f 762 561 565
f 1233 2068 1744
f 789 788 961
f 1481 1155 799
f 836 934 1313
f 1045 875 1500
f 374 378 1116
f 1042 1041 1262
f 1877 20 1367
f 1779 2043 1177
f 1749 2065 1793
f 774 776 1486
f 1958 2047 1899
f 1565 452 465
f 1688 472 483
f 1059 2065 1749
f 976 870 1204
f 769 764 2058
f 776 886 1486
f 1142 892 1461
f 868 914 784
f 771 585 582
f 1604 2065 1152
f 753 457 463
f 344 347 1584
f 755 535 539
f 1059 1749 1017
f 2036 933 1802
f 838 840 1834
f 754 510 507
f 1038 1508 1206
f 756 529 527
f 2045 2069 2070
f 1313 933 1507
f 2067 2066 2059
f 1793 2065 1383
f 834 775 921
f 859 858 965
f 1411 883 1412
f 1858 503 515
f 631 623 1465
f 891 2048 1842
f 1065 2030 1046
f 1159 892 1142
f 1262 1041 1263
f 1220 2071 2051
f 1507 933 2036
f 1343 810 986
f 1749 915 1187
f 926 2068 1466
f 749 493 495
f 429 427 1477
f 1383 1604 1343
f 1487 886 1344
f 1046 2030 882
f 1207 1792 1208
f 811 885 1003
f 879 459 878
f 1222 684 1084
f 761 747 801
f 2072 2073 867
f 1935 20 1877
f 961 788 941
f 1221 925 1484
f 1312 2074 2075
f 1465 623 672
f 1996 2076 2077
f 1466 2068 1233
f 1410 2058 1371
f 1152 2065 1059
f 1487 1344 1114
f 1003 885 834
f 1470 858 988
f 1584 347 1196
f 1828 2007 1325
f 2078 2079 2080
f 448 452 1565
f 499 503 1858
f 965 858 1470
f 41 33 1400
f 385 383 1559
f 1283 372 379
f 2052 925 1221
f 941 788 1481
f 2081 2082 1844
f 518 522 1519
f 1752 2083 2084
f 1359 343 349
f 2085 2086 2087
f 2088 2089 2090
f 1799 2091 2092
f 1400 1037 1401
f 1706 797 1225
f 1514 2071 1220
f 1248 747 1249
f 1580 2071 1514
f 2078 2080 1843
f 1261 1792 1207
f 478 482 1265
f 1481 788 1155
f 468 472 1688
f 1508 33 32
f 464 459 879
f 782 784 1123
f 369 372 1283
f 1187 914 1264
f 956 2081 1175
f 1344 886 897
f 1590 2093 2094
f 1644 783 782
f 2058 764 1371
f 1409 2058 1410
f 66 763 765
f 1141 2058 1409
f 1037 33 1508
f 2067 2079 1932
f 1203 2082 2081
f 2095 2096 2097
f 922 797 1706
f 1123 784 913
f 906 2091 1799
f 784 914 913
f 338 343 1359
f 1371 764 881
f 1794 721 968
f 1126 2098 2099
f 714 716 1930
f 801 747 1248
f 1793 915 1749
f 2034 2100 1625
f 1542 2101 2102
f 760 721 1794
f 701 703 779
f 938 2103 939
f 514 513 1702
f 1400 33 1037
f 868 2092 1209
f 1625 2100 1626
f 794 2104 2041
f 1932 2079 1933
f 2041 2104 1798
f 1843 2080 1844
f 1971 2105 2106
f 477 476 2055
f 1080 2066 1932
f 1209 2092 1079
f 2080 2079 1175
f 2107 576 2108
f 748 2109 2110
f 675 677 1622
f 868 783 2092
f 2035 2034 1625
f 574 573 1869
f 1175 2081 2080
f 2111 2089 951
f 1799 783 1644
f 1404 2098 719
f 840 839 716
f 926 2112 2113
f 1176 2067 2059
f 2059 2091 906
f 2099 2098 939
f 2114 2070 1995
f 2092 2091 1079
f 2064 2077 1377
f 1991 733 1720
f 2092 783 1799
f 559 558 1161
f 1845 715 714
f 812 717 1661
f 1127 2099 1473
f 1834 2082 1203
f 1533 2094 1534
f 1585 717 2115
f 1175 2067 1176
f 1930 716 1827
f 1782 2089 2111
f 1175 2079 2067
f 2088 2090 1927
f 2080 2081 1844
f 1585 2115 1162
f 1126 2099 1127
f 1473 839 838
f 1079 2066 1080
f 1162 2115 1126
f 1107 2116 701
f 1405 2117 1813
f 1933 2079 2078
f 575 577 1492
f 1578 2035 727
f 1827 2103 938
f 2059 2066 2091
f 1534 2062 2076
f 1627 2102 1637
f 2103 2099 939
f 1203 2081 956
f 1458 2034 1169
f 2115 717 719
f 2076 2062 1377
f 727 702 2043
f 1696 2118 1376
f 840 2082 1834
f 1626 2119 2048
f 2091 2066 1079
f 1996 2077 1557
f 1246 2120 2121
f 981 2122 1782
f 1147 2063 1062
f 1473 2099 2103
f 2103 839 1473
f 939 2098 1404
f 2090 2089 1782
f 1844 715 1845
f 1267 2123 2124
f 1827 839 2103
f 1134 2125 2116
f 2063 2062 1534
f 1782 2111 1783
f 2098 2115 719
f 951 2089 1929
f 1979 2061 2060
f 2077 2076 1377
f 1534 2076 1535
f 730 729 1637
f 1790 2126 1791
f 2122 2127 1928
f 2116 2125 2038
f 851 718 812
f 1495 2128 2129
f 1377 2062 1378
f 1589 2093 1590
f 2043 702 2038
f 851 2130 2117
f 2117 2130 1759
f 1133 2125 1134
f 1982 1981 1670
f 1726 2131 1372
f 1979 2132 990
f 587 589 1925
f 1813 2117 1759
f 1713 2130 851
f 980 2127 2122
f 1134 2116 1107
f 779 703 1625
f 1126 2115 2098
f 1661 717 1585
f 1351 2060 1156
f 728 730 1683
f 2082 715 1844
f 950 2133 951
f 840 715 2082
f 2038 2125 1713
f 718 2117 1405
f 2133 2111 951
f 2116 702 701
f 1875 588 587
f 1759 2130 1133
f 1369 729 1817
f 716 839 1827
f 2134 2135 1921
f 1558 2064 1375
f 1927 2090 1928
f 1713 2125 2130
f 1817 2136 1165
f 727 2035 703
f 2094 2093 1726
f 1804 2135 2134
f 2130 2125 1133
f 2085 2087 1872
f 1730 2126 2001
f 1626 2100 2119
f 1169 2035 1578
f 1256 2101 1542
f 1839 2137 1684
f 1638 740 739
f 1440 2034 1458
f 733 732 1720
f 1440 2100 2034
f 1920 2138 1921
f 1439 2100 1440
f 2139 2106 1664
f 1364 2140 675
f 2087 2086 1791
f 1285 1981 1384
f 1971 2106 2139
f 1670 2086 1873
f 2048 2119 950
f 1375 2127 980
f 1782 2122 2090
f 1757 2118 1696
f 1871 2141 1728
f 2118 2127 1375
f 731 733 1138
f 2038 702 2116
f 1622 2142 1623
f 2118 2064 1376
f 1757 2127 2118
f 1342 676 1924
f 2046 2111 2133
f 2102 2101 1839
f 1783 2111 2046
f 2046 2133 1439
f 703 2035 1625
f 1557 2077 1558
f 1534 2094 2063
f 980 2122 981
f 2119 2133 950
f 1246 2121 1705
f 1804 2134 1415
f 1868 2143 1869
f 1929 2089 2088
f 851 2117 718
f 1921 2135 1922
f 1439 2133 2119
f 1062 2063 1726
f 1916 2144 741
f 1639 739 1985
f 1590 2094 1533
f 1971 2139 1968
f 1664 2106 1665
f 2093 2131 1726
f 741 740 1681
f 1928 2127 1757
f 1120 1119 1829
f 675 2140 2138
f 1970 2105 1971
f 2121 2120 2001
f 1636 2145 1677
f 2138 2140 1921
f 1979 2060 2132
f 1771 843 1279
f 1535 2076 1996
f 2119 2100 1439
f 843 842 1677
f 1558 2077 2064
f 1795 573 572
f 1869 2146 1870
f 1378 2062 1147
f 1312 2075 1659
f 2123 2147 1999
f 1833 2147 2123
f 1588 2148 2061
f 1375 2064 2118
f 1280 2149 1638
f 1826 2150 2042
f 2090 2122 1928
f 792 791 2042
f 1707 792 1708
f 1588 2061 1979
f 1567 842 841
f 1198 2151 1990
f 2075 2074 2033
f 1163 2148 1588
f 991 2093 1589
f 1677 2074 1311
f 1506 2152 1999
f 572 574 1972
f 1568 1120 2033
f 1523 1119 1118
f 1279 843 2145
f 1985 739 2144
f 795 794 2041
f 1925 589 728
f 1825 2153 2041
f 1637 2102 730
f 2154 2155 2040
f 1520 795 1833
f 2106 2105 1918
f 2145 843 1677
f 1372 2131 1373
f 2144 739 741
f 1586 791 790
f 1778 2155 2154
f 2008 2156 2157
f 1817 588 2136
f 990 2132 991
f 1791 2126 2087
f 1683 730 1839
f 1752 2084 1546
f 1373 2060 1351
f 1918 2158 1919
f 1833 2123 1521
f 2157 2156 1420
f 1542 2102 1627
f 1817 729 589
f 2101 2137 1839
f 1156 2061 1157
f 1708 792 2150
f 1999 2147 1645
f 2061 2148 1157
f 2150 792 2042
f 1437 2159 2040
f 1550 2160 1656
f 1705 2121 1790
f 1304 794 793
f 1236 2161 1702
f 2084 2083 1419
f 1859 2162 1669
f 1165 2136 1163
f 1157 2148 1874
f 2162 1982 1669
f 1981 2086 1670
f 1267 2124 1615
f 1669 1982 1670
f 1418 2163 1419
f 1829 2164 1660
f 1833 795 2153
f 2153 795 2041
f 1637 729 1369
f 1874 588 1875
f 991 2132 2131
f 2131 2132 1373
f 1778 2154 1309
f 2040 2155 1709
f 1872 2087 1730
f 2042 2165 1214
f 2166 2158 2143
f 1700 513 512
f 1255 2101 1256
f 2124 2123 1999
f 1139 1991 1804
f 1702 2167 1676
f 2070 2069 1914
f 1656 2160 2159
f 2008 2157 832
f 2126 2121 2001
f 1649 2168 1650
f 2001 2120 2050
f 2159 2160 2040
f 1684 2137 1859
f 2120 2142 2050
f 1163 2136 2148
f 1499 2162 1255
f 512 514 1620
f 1420 2156 1242
f 2095 2097 2017
f 2148 2136 1874
f 1798 2169 1296
f 1384 1982 1499
f 1499 1982 2162
f 2170 2138 1920
f 1622 677 2142
f 1791 1981 1285
f 991 2131 2093
f 1278 1277 1910
f 1984 2140 1364
f 1190 2171 1191
f 2063 2094 1726
f 1906 2172 2039
f 1873 2086 2085
f 1809 2114 1995
f 1972 574 2053
f 1461 2173 1462
f 1751 2174 2055
f 699 698 2039
f 2175 2141 1871
f 2138 676 675
f 1819 896 1315
f 2170 676 2138
f 1245 2120 1246
f 2141 1991 1728
f 1245 2142 2120
f 1255 2162 2137
f 2132 2060 1373
f 1914 2096 1915
f 2137 2162 1859
f 2143 2158 2053
f 2097 2096 1990
f 1623 2142 1245
f 1495 2129 1653
f 1138 733 1139
f 1316 2176 1974
f 1984 2134 2140
f 1199 2069 2045
f 2140 2134 1921
f 2107 2108 1909
f 1039 2177 1812
f 706 705 2054
f 2013 737 736
f 1599 732 731
f 896 895 1812
f 870 2178 1204
f 1727 2149 2145
f 695 694 1462
f 2050 677 1342
f 2141 2135 1804
f 1024 476 475
f 2175 2135 2141
f 1924 676 2170
f 1812 2179 1151
f 1919 2158 2166
f 1287 2172 1788
f 697 699 2015
f 1912 895 894
f 725 724 1006
f 589 729 728
f 1806 2180 1449
f 2166 2143 1868
f 2129 2128 1650
f 853 1278 575
f 1415 2134 1984
f 1179 736 738
f 1041 2181 1906
f 1922 2135 2175
f 1190 2070 2114
f 573 2146 1869
f 2143 574 1869
f 962 846 1714
f 475 477 1992
f 846 845 1865
f 1811 2164 2150
f 1633 2073 2072
f 1864 2182 1865
f 2136 588 1874
f 704 706 2012
f 2183 2144 1916
f 1822 808 1088
f 1139 733 1991
f 872 576 2016
f 2145 2149 1279
f 1720 732 1664
f 1204 2178 2176
f 2108 576 575
f 896 2177 1315
f 1638 739 1639
f 1201 557 1085
f 2176 2178 1974
f 808 807 2037
f 1968 2139 1599
f 2013 2184 2014
f 1492 2185 1335
f 923 737 2054
f 1681 740 1727
f 1665 2106 1918
f 2110 2109 1449
f 1907 1277 852
f 720 2186 2037
f 723 725 892
f 1078 2165 2152
f 1812 2177 896
f 2055 2187 1338
f 816 2188 817
f 693 695 2010
f 2053 2105 1970
f 2144 2146 1985
f 1790 2121 2126
f 2183 2146 2144
f 1255 2137 2101
f 1727 2145 1636
f 1498 845 844
f 2037 2189 1065
f 841 843 1771
f 730 2102 1839
f 1638 2149 740
f 1788 2172 2181
f 1714 846 2182
f 842 2074 1677
f 1800 2173 1006
f 2150 2164 1708
f 2011 807 806
f 1985 573 1795
f 2182 846 1865
f 1659 2075 1829
f 1599 2139 732
f 2181 2172 1906
f 732 2139 1664
f 748 2110 746
f 1870 2146 2183
f 1615 2124 1775
f 1213 2072 867
f 2087 2126 1730
f 2152 2165 1775
f 1791 2086 1981
f 925 2112 926
f 1660 2164 1811
f 1279 2149 1280
f 1811 2150 1826
f 1547 2163 2159
f 790 792 1707
f 1910 698 1911
f 1747 2083 2169
f 2033 1120 2075
f 2169 2083 1840
f 1865 705 1866
f 2033 842 1567
f 1214 2165 1078
f 2105 2158 1918
f 1311 2074 1312
f 1161 2190 1818
f 1804 1991 2141
f 808 2186 1088
f 1078 2152 1506
f 2037 2186 808
f 2113 2112 816
f 1118 1120 1568
f 2152 2124 1999
f 1708 1119 1523
f 1381 2153 1825
f 2142 677 2050
f 793 795 1520
f 1633 694 1863
f 1775 791 1586
f 1296 2169 1840
f 2159 2163 1656
f 1381 2147 2153
f 2153 2147 1833
f 1419 2083 1747
f 1620 514 1778
f 1546 2084 1547
f 1521 2123 1267
f 2053 574 2143
f 1547 2159 1437
f 1119 2164 1829
f 2191 2192 1397
f 1645 2147 1381
f 1628 2192 2191
f 1549 2160 1550
f 1419 2163 2084
f 1570 794 1304
f 1754 2193 2168
f 1570 2104 794
f 791 2165 2042
f 1238 2161 1236
f 1747 2104 1570
f 2161 514 1702
f 513 2167 1702
f 2160 2154 2040
f 1549 2154 2160
f 1840 2083 1752
f 1489 2194 1490
f 1490 2194 2167
f 2161 2155 1778
f 1238 2155 2161
f 1656 2163 1418
f 1653 2129 1654
f 1396 2191 1397
f 1309 2154 1549
f 967 2192 1628
f 1709 2155 1238
f 2168 2193 1654
f 2008 2195 2156
f 2104 2169 1798
f 1074 2196 2195
f 1073 2197 2196
f 1074 2195 2008
f 1490 513 1700
f 1073 2196 1074
f 1676 2167 1556
f 1652 2197 1073
f 1985 2146 573
f 2167 2194 1556
f 1452 2193 1754
f 1754 2168 1649
f 998 2198 2199
f 1556 2194 1396
f 1990 2151 2097
f 2199 2198 1173
f 1628 2191 1489
f 2168 2129 1650
f 1397 2192 1420
f 740 2149 1727
f 1650 2128 1832
f 1190 2114 2171
f 2069 2096 1914
f 2053 2158 2105
f 2128 2171 1832
f 1995 2070 1914
f 2156 2195 1346
f 1242 2156 1346
f 832 2157 967
f 1428 2196 1429
f 2017 2097 1715
f 1346 2195 1428
f 1992 477 1803
f 2195 2196 1428
f 2196 2197 1429
f 1362 2151 1198
f 1429 2197 1452
f 1654 2193 1652
f 2194 2191 1396
f 1489 2191 2194
f 1204 2176 2177
f 997 2198 998
f 2177 2176 1315
f 1715 2199 1173
f 997 2200 2198
f 1710 2128 1495
f 2033 2074 842
f 2075 1120 1829
f 1103 2200 997
f 1191 2171 1710
f 1710 2171 2128
f 1103 2201 2200
f 1803 2201 1103
f 1832 2114 1809
f 1647 2174 1751
f 2192 2157 1420
f 1775 2124 2152
f 2045 2070 1190
f 967 2157 2192
f 2174 477 2055
f 1990 2069 1199
f 2202 2190 2182
f 1812 895 2179
f 1338 2187 1339
f 1915 2096 2095
f 1652 2193 2197
f 2197 2193 1452
f 2174 2201 1803
f 1204 2177 1039
f 894 896 1819
f 998 2199 1362
f 1647 2201 2174
f 2187 2179 1339
f 2039 2172 699
f 1315 2176 1316
f 1173 2198 1174
f 2198 2200 1174
f 1909 2108 1910
f 1174 2200 1450
f 1168 2178 870
f 2200 2201 1450
f 1450 2201 1647
f 575 1278 2108
f 1708 2164 1119
f 1168 2185 2178
f 2182 2190 1714
f 1911 698 697
f 1433 476 1024
f 1040 2181 1041
f 1339 895 1912
f 1492 577 2185
f 2178 2185 1974
f 1151 2179 1433
f 2015 699 1287
f 1433 2179 2187
f 1362 2199 2151
f 1775 2165 791
f 2151 2199 1715
f 1335 2185 1168
f 1788 2203 559
f 2181 2203 1788
f 1818 2190 2202
f 1040 2203 2181
f 844 846 962
f 852 1278 853
f 1974 577 872
f 2037 807 2189
f 1866 705 704
f 2202 2182 1864
f 2084 2163 1547
f 2203 557 559
f 476 2187 2055
f 1449 2180 2110
f 2012 706 2013
f 2204 2109 1789
f 1778 514 2161
f 806 808 1822
f 1462 2173 695
f 2016 576 2107
f 2205 2180 1806
f 746 2110 1178
f 2186 2206 1088
f 2039 1277 1907
f 722 2206 2186
f 722 2186 720
f 2112 2188 816
f 2030 2204 1789
f 2054 737 706
f 1863 694 693
f 2014 2184 2205
f 1852 2207 724
f 995 2109 2204
f 1772 2203 1040
f 738 737 923
f 1714 558 1201
f 1089 2073 1633
f 1085 557 1772
f 1772 557 2203
f 1178 736 1179
f 2054 845 1498
f 1747 2169 2104
f 2002 2207 1852
f 2010 695 1800
f 1744 2208 2002
f 995 2204 996
f 2205 2184 2180
f 892 725 1461
f 1449 2109 995
f 2209 2210 1333
f 1088 2206 1089
f 1852 724 723
f 2013 736 2184
f 1789 2109 748
f 2180 2184 1178
f 1006 2173 725
f 2068 2113 2211
f 996 807 2011
f 2002 2208 2207
f 2206 2073 1089
f 2068 2211 1744
f 1540 2209 1333
f 1065 2189 2030
f 2211 2208 1744
f 1490 2167 513
f 867 2073 877
f 1462 2072 1213
f 1333 2210 1259
f 1277 698 1910
f 877 2206 722
f 926 2113 2068
f 1006 724 1007
f 2212 2213 947
f 1259 2212 947
f 724 2207 1007
f 2007 2211 1805
f 877 2073 2206
f 1654 2129 2168
f 558 2190 1161
f 845 705 1865
f 2211 2113 1805
f 947 2213 948
f 1007 2207 1828
f 1805 2113 816
f 2007 2208 2211
f 2204 2189 996
f 1828 2208 2007
f 2051 2210 2209
f 2030 2189 2204
f 2207 2208 1828
f 817 2188 1540
f 2210 2212 1259
f 2052 2112 925
f 2051 2209 2052
f 2072 694 1633
f 2071 2210 2051
f 1580 2213 2212
f 2171 2114 1832
f 1580 2212 2071
f 24 2213 1580
f 1990 2096 2069
f 1803 477 2174
f 2071 2212 2210
f 2188 2209 1540
f 2052 2209 2188
f 2097 2151 1715
f 2179 895 1339
f 2108 1278 1910
f 2185 577 1974
f 1433 2187 476
f 699 2172 1287
f 706 737 2013
f 2189 807 996
f 2039 698 1277
f 2110 2180 1178
f 725 2173 1461
f 1714 2190 558
f 2184 736 1178
f 2054 705 845
f 695 2173 1800
f 1462 694 2072
f 2052 2188 2112
f 2213 18 948
f 24 18 2213
f 15 2214 263
f 325 53 327
f 327 56 325
f 41 36 34
f 22 36 1066
f 1483 36 41
f 1764 262 2215
f 1936 42 2216
f 258 2217 28
f 29 13 2
f 35 21 28
f 10 16 23
f 1066 36 1483
f 1206 30 7
f 6 31 267
f 28 2217 29
f 1648 42 1936
f 4 262 1764
f 44 258 21
f 252 254 2028
f 249 251 1960
f 884 255 257
f 1095 88 90
f 1463 79 81
f 1171 240 242
f 246 248 2025
f 243 245 1823
f 237 239 1894
f 228 230 1892
f 1537 234 236
f 225 227 1721
f 1692 85 87
f 1969 231 233
f 222 224 1891
f 1321 82 84
f 1603 76 78
f 219 221 1889
f 216 218 1954
f 1182 73 75
f 213 215 1886
f 1594 210 212
f 1581 70 72
f 207 209 1884
f 201 203 1952
f 1748 204 206
f 1552 198 200
f 195 197 1882
f 1536 189 191
f 192 194 1950
f 1553 183 185
f 186 188 1880
f 1524 180 182
f 177 179 1948
f 1554 171 173
f 174 176 1878
f 1475 168 170
f 165 167 1815
f 162 164 1946
f 1414 67 69
f 1472 156 158
f 159 161 2022
f 154 40 1846
f 814 56 58
f 1801 148 150
f 151 153 1944
f 145 147 2020
f 1028 53 55
f 1476 142 144
f 59 60 780
f 139 141 1831
f 136 138 1307
f 1814 133 135
f 130 132 2018
f 327 53 1613
f 124 126 2009
f 1830 127 129
f 1072 61 63
f 1485 121 123
f 1044 64 66
f 325 56 1467
f 1193 106 108
f 115 117 1938
f 118 120 1940
f 1643 50 52
f 109 111 1796
f 1691 112 114
f 103 105 1849
f 1387 47 49
f 100 102 1847
f 94 96 1785
f 1816 91 93
f 1096 97 99
f 3 13 1975
f 1988 13 29
f 1718 265 23
f 2031 2218 320
f 337 253 1857
f 1186 2219 319
f 322 250 2029
f 1094 256 321
f 335 247 1897
f 336 244 2027
f 1430 241 318
f 317 238 2026
f 1170 2220 316
f 1624 235 313
f 334 229 1956
f 1471 2221 311
f 315 226 1893
f 1501 232 312
f 314 223 1722
f 1978 2222 310
f 333 220 1890
f 332 217 1955
f 1515 2223 309
f 1582 211 308
f 331 214 1888
f 307 208 1887
f 1593 205 306
f 305 202 1885
f 1986 199 304
f 303 196 1953
f 1544 190 302
f 300 193 1883
f 298 187 1951
f 1545 184 301
f 1987 181 299
f 296 178 1881
f 1538 172 297
f 294 175 1949
f 1983 169 295
f 292 166 1879
f 1446 2224 293
f 330 163 2024
f 1838 157 291
f 289 160 1947
f 328 155 1784
f 287 152 2023
f 1431 149 290
f 285 146 1945
f 1901 143 288
f 329 140 2056
f 282 137 2021
f 1432 134 286
f 1019 2225 326
f 1043 2226 284
f 280 131 1308
f 1595 128 283
f 278 125 2019
f 1808 122 281
f 1781 2227 279
f 1064 2228 37
f 1675 113 277
f 324 119 1943
f 275 116 1941
f 1459 107 276
f 273 110 1939
f 323 104 1786
f 1192 2229 274
f 1386 98 272
f 270 101 1850
f 1202 92 271
f 268 95 1848
f 1998 2230 269
f 23 16 1719
f 1493 16 12
f 29 2217 1989
f 2231 2232 2005
f 2216 2232 2231
f 261 2233 2234
f 2215 2235 2236
f 2234 2233 1934
f 2237 26 17
f 2236 2235 1962
f 1908 26 2237
f 18 26 948
f 258 2233 261
f 43 14 9
f 267 31 11
f 12 31 5
f 1 30 1206
f 8 30 3
f 18 265 19
f 4 15 262
f 263 2214 2057
f 88 253 337
f 320 2218 251
f 255 250 322
f 321 256 254
f 319 2219 245
f 85 244 336
f 79 247 335
f 240 238 317
f 318 241 248
f 316 2220 239
f 313 235 230
f 82 229 334
f 234 226 315
f 311 2221 224
f 312 232 227
f 231 223 314
f 76 220 333
f 310 2222 221
f 73 217 332
f 309 2223 218
f 308 211 215
f 70 214 331
f 210 208 307
f 306 205 209
f 204 202 305
f 304 199 203
f 198 196 303
f 302 190 197
f 189 193 300
f 301 184 194
f 183 187 298
f 299 181 188
f 180 178 296
f 297 172 179
f 171 175 294
f 295 169 176
f 168 166 292
f 293 2224 167
f 67 163 330
f 291 157 164
f 156 160 289
f 290 149 161
f 148 152 287
f 288 143 153
f 61 155 328
f 326 2225 60
f 286 134 147
f 142 146 285
f 64 140 329
f 133 137 282
f 284 2226 141
f 283 128 138
f 37 2228 38
f 127 131 280
f 281 122 132
f 121 125 278
f 279 2227 126
f 277 113 120
f 50 119 324
f 112 116 275
f 276 107 117
f 106 110 273
f 274 2229 111
f 272 98 105
f 47 104 323
f 271 92 102
f 97 101 270
f 91 95 268
f 269 2230 96
f 321 88 1095
f 320 255 884
f 2028 254 322
f 1960 251 1961
f 318 79 1463
f 319 85 1692
f 2025 248 317
f 1823 245 1240
f 316 240 1171
f 1894 239 1895
f 313 82 1321
f 1892 230 315
f 312 234 1537
f 311 231 1969
f 1721 227 314
f 1891 224 1272
f 310 76 1603
f 1889 221 1854
f 309 73 1182
f 1954 218 1861
f 1886 215 307
f 308 70 1581
f 306 210 1594
f 1884 209 305
f 304 204 1748
f 1952 203 303
f 1882 197 300
f 302 198 1552
f 1950 194 298
f 301 189 1536
f 299 183 1553
f 1880 188 296
f 1948 179 294
f 297 180 1524
f 1878 176 292
f 295 171 1554
f 1815 167 1530
f 293 168 1475
f 1946 164 289
f 291 67 1414
f 2022 161 287
f 780 60 781
f 290 156 1472
f 958 38 959
f 1846 40 958
f 1944 153 285
f 288 148 1801
f 40 38 958
f 2020 147 282
f 286 142 1476
f 1831 141 1100
f 1307 138 280
f 39 61 1072
f 283 133 1814
f 284 64 1044
f 1613 53 1028
f 2018 132 278
f 281 127 1830
f 1467 56 814
f 2009 126 1711
f 279 121 1485
f 1940 120 275
f 277 50 1643
f 1938 117 273
f 1796 111 1797
f 276 112 1691
f 274 106 1193
f 1849 105 270
f 272 47 1387
f 1847 102 268
f 1785 96 1112
f 271 97 1096
f 269 91 1816
f 1975 13 1988
f 1112 2230 2238
f 1961 2218 2239
f 1240 2219 2240
f 1895 2220 2241
f 1272 2221 2242
f 1854 2222 2243
f 1861 2223 2244
f 1530 2224 2245
f 781 2225 2246
f 1100 2226 2247
f 959 2228 2246
f 1711 2227 2248
f 1797 2229 2249
f 260 2217 258
f 2250 2251 686
f 2057 89 337
f 2252 2253 1129
f 90 89 46
f 1129 2253 932
f 1961 2239 1698
f 1699 2253 2252
f 1260 2252 1129
f 932 2239 1802
f 1260 2254 2252
f 1699 2252 2047
f 1712 2255 2256
f 686 2251 685
f 2252 2254 2047
f 1698 2253 1699
f 932 2253 2239
f 2047 2254 1824
f 1052 2254 1260
f 2239 2253 1698
f 2256 2255 910
f 2257 86 1686
f 1183 86 2257
f 1572 2250 686
f 1976 80 2258
f 1712 2256 1052
f 1184 2255 1712
f 2258 80 1049
f 942 2250 1723
f 1052 2256 2254
f 1406 2259 1572
f 1824 2256 910
f 1572 2259 2250
f 910 2255 911
f 1976 2258 1406
f 942 2251 2250
f 1183 2257 1184
f 1723 2259 1851
f 2254 2256 1824
f 2250 2259 1723
f 1686 86 336
f 911 2257 1686
f 1049 80 335
f 1184 2257 2255
f 1406 2258 2259
f 1851 2258 1049
f 81 80 1976
f 87 86 1183
f 2255 2257 911
f 2259 2258 1851
f 1240 2240 936
f 685 2240 1185
f 936 2251 942
f 1895 2241 1997
f 1900 2260 1973
f 1900 2261 2260
f 1632 83 2261
f 1973 2241 1965
f 1010 2261 1011
f 2261 83 1011
f 1997 2260 1010
f 1632 2261 1900
f 2260 2261 1010
f 84 83 1632
f 1011 83 334
f 2251 2240 685
f 2241 2260 1997
f 1973 2260 2241
f 936 2240 2251
f 1272 2242 1273
f 2262 2263 1269
f 1509 2263 2262
f 1269 2263 1270
f 1509 2262 1611
f 1611 2242 1612
f 1273 2262 1269
f 1270 77 333
f 1366 2263 1509
f 78 77 1366
f 2242 2262 1273
f 1366 77 2263
f 1611 2262 2242
f 2263 77 1270
f 1854 2243 1349
f 1349 2264 1300
f 1631 2243 1980
f 2243 2264 1349
f 1631 2264 2243
f 1966 2264 1631
f 1564 74 2265
f 2265 74 1301
f 1300 2265 1301
f 1564 2265 1966
f 1966 2265 2264
f 2264 2265 1300
f 75 74 1564
f 1301 74 332
f 1861 2244 1673
f 1977 2244 1502
f 2244 71 1673
f 1977 71 2244
f 72 71 1977
f 1673 71 331
f 1408 2245 1503
f 1530 2245 1531
f 1408 68 2245
f 69 68 1408
f 2245 68 1531
f 2266 2267 1298
f 1531 68 330
f 708 2268 709
f 1234 2267 2266
f 1070 2266 1298
f 1112 2238 1070
f 2267 62 1357
f 1357 62 328
f 2268 2269 1455
f 1298 2267 1357
f 960 2267 1234
f 960 62 2267
f 63 62 960
f 1234 2266 464
f 58 57 59
f 1937 2270 2268
f 1937 2268 1455
f 1455 2269 819
f 959 2246 1583
f 1136 54 325
f 708 2269 2268
f 763 65 2271
f 1136 2270 54
f 2271 65 820
f 819 2271 820
f 709 2270 1136
f 326 57 327
f 1101 2272 1648
f 45 2272 1110
f 1100 2247 1101
f 55 54 1108
f 2272 2247 1110
f 2268 2270 709
f 1110 2247 1319
f 1101 2247 2272
f 881 2269 708
f 820 65 329
f 54 2270 1108
f 763 2271 881
f 781 2246 1091
f 1108 2270 1937
f 66 65 763
f 2271 2269 881
f 19 265 1718
f 1780 2273 2274
f 2274 2273 1426
f 819 2269 2271
f 1711 2248 1425
f 1425 2274 1426
f 2248 2274 1425
f 1776 2248 1777
f 1701 2273 1780
f 1773 2275 2276
f 2276 2275 1512
f 2277 2276 1765
f 1776 2274 2248
f 1780 2274 1776
f 1447 2277 1765
f 1426 2273 1447
f 1765 2276 1512
f 1787 2276 2277
f 1787 2277 1701
f 1773 2276 1787
f 2003 2275 1773
f 2278 2279 1573
f 1216 2279 2278
f 1512 2275 1513
f 2280 2281 1329
f 1513 2282 1328
f 1328 2280 1329
f 2273 2277 1447
f 1701 2277 2273
f 2282 2280 1328
f 1690 2282 2003
f 1629 2281 2280
f 1329 2281 1716
f 1629 2280 1690
f 1774 2283 2284
f 1716 2278 1573
f 1690 2280 2282
f 2284 2283 1768
f 2275 2282 1513
f 1180 2281 1629
f 1215 2279 1216
f 2003 2282 2275
f 2281 2278 1716
f 1525 2285 2286
f 2286 2285 1736
f 1216 2278 1180
f 1574 2284 1768
f 1258 2283 1774
f 1180 2278 2281
f 1573 2279 1574
f 1774 2284 1215
f 1769 2286 1736
f 1768 2283 1769
f 1125 2285 1525
f 1125 51 2285
f 1525 2286 1258
f 1736 2285 2032
f 52 51 1125
f 1215 2284 2279
f 2279 2284 1574
f 1258 2286 2283
f 2285 51 2032
f 2283 2286 1769
f 2032 51 324
f 1140 2287 2249
f 1140 2249 1555
f 1211 48 2288
f 2288 48 1150
f 1212 2287 1140
f 1797 2249 1353
f 2249 2287 1353
f 1354 2288 1150
f 49 48 1211
f 1353 2287 1354
f 1211 2288 1212
f 1150 48 323
f 1212 2288 2287
f 2287 2288 1354
f 464 2238 460
f 24 265 18
f 1070 2238 2266
f 2266 2238 464
f 2239 2218 1802
f 2240 2219 1185
f 2241 2220 1965
f 2238 2230 460
f 2242 2221 1612
f 2243 2222 1980
f 2244 2223 1502
f 2245 2224 1503
f 2246 2225 1583
f 2247 2226 1319
f 2246 2228 1091
f 2248 2227 1777
f 2249 2229 1555
f 257 256 1094
f 1857 253 252
f 1802 2218 2031
f 2029 250 249
f 2027 244 243
f 1897 247 246
f 1185 2219 1186
f 242 241 1430
f 2026 238 237
f 1965 2220 1170
f 1956 229 228
f 236 235 1624
f 1893 226 225
f 233 232 1501
f 1722 223 222
f 1612 2221 1471
f 1890 220 219
f 1980 2222 1978
f 1955 217 216
f 1502 2223 1515
f 1888 214 213
f 212 211 1582
f 1887 208 207
f 206 205 1593
f 1885 202 201
f 200 199 1986
f 1953 196 195
f 191 190 1544
f 1883 193 192
f 185 184 1545
f 1951 187 186
f 182 181 1987
f 1881 178 177
f 173 172 1538
f 1949 175 174
f 170 169 1983
f 1879 166 165
f 1503 2224 1446
f 2024 163 162
f 158 157 1838
f 1947 160 159
f 150 149 1431
f 2023 152 151
f 1784 155 154
f 144 143 1901
f 1945 146 145
f 135 134 1432
f 1091 2228 1064
f 2021 137 136
f 2056 140 139
f 1583 2225 1019
f 1319 2226 1043
f 129 128 1595
f 1308 131 130
f 123 122 1808
f 2019 125 124
f 1777 2227 1781
f 1943 119 118
f 114 113 1675
f 1941 116 115
f 108 107 1459
f 1939 110 109
f 1555 2229 1192
f 1786 104 103
f 1850 101 100
f 99 98 1386
f 1848 95 94
f 93 92 1202
f 460 2230 1998
f 1719 16 1493
f 44 2233 258
f 1648 264 42
f 262 2235 2215
f 42 2232 2216
f 1989 2217 260
f 2005 2232 43
f 948 26 1908
f 1934 2233 44
f 1962 2235 263
f 263 2235 262
f 43 2232 42
f 321 253 88
f 320 250 255
f 254 256 322
f 251 2218 1961
f 318 247 79
f 319 244 85
f 248 241 317
f 245 2219 1240
f 316 238 240
f 239 2220 1895
f 313 229 82
f 312 226 234
f 230 235 315
f 311 223 231
f 227 232 314
f 224 2221 1272
f 310 220 76
f 221 2222 1854
f 309 217 73
f 218 2223 1861
f 308 214 70
f 215 211 307
f 306 208 210
f 209 205 305
f 304 202 204
f 203 199 303
f 302 196 198
f 197 190 300
f 301 193 189
f 194 184 298
f 299 187 183
f 188 181 296
f 297 178 180
f 179 172 294
f 295 175 171
f 176 169 292
f 293 166 168
f 167 2224 1530
f 164 157 289
f 291 163 67
f 161 149 287
f 290 160 156
f 153 143 285
f 288 152 148
f 38 2228 959
f 147 134 282
f 286 146 142
f 60 2225 781
f 39 155 61
f 141 2226 1100
f 284 140 64
f 138 128 280
f 283 137 133
f 132 122 278
f 281 131 127
f 126 2227 1711
f 279 125 121
f 120 113 275
f 277 119 50
f 117 107 273
f 276 116 112
f 111 2229 1797
f 274 110 106
f 105 98 270
f 272 104 47
f 102 92 268
f 271 101 97
f 96 2230 1112
f 269 95 91
f 14 264 45
f 46 2214 15
f 2057 2214 89
f 89 2214 46
f 2272 264 1648
f 45 264 2272
# </faces>
