$MeshFormat
4.1 0 8
$EndMeshFormat
$PhysicalNames
1
3 1 "Cylinder"
$EndPhysicalNames
$Entities
2 3 3 1
1 0.25 0.2 0.01 0 
2 0.25 0.2 0 0 
1 0.1499999 0.1499999 0.009999900000000001 0.2500001 0.2500001 0.0100001 0 2 1 -1 
2 0.2499999 0.1999999 -1.000000000002735e-07 0.2500001 0.2000001 0.0100001 0 2 2 -1 
3 0.1499999 0.1499999 -1e-07 0.2500001 0.2500001 1e-07 0 2 2 -2 
1 0.1499999 0.1499999 -1.000000000002735e-07 0.2500001 0.2500001 0.0100001 0 4 -1 -2 3 2 
2 0.1499999 0.1499999 0.009999900000000001 0.2500001 0.2500001 0.0100001 0 1 1 
3 0.1499999 0.1499999 -1e-07 0.2500001 0.2500001 1e-07 0 1 3 
1 0.1499999 0.1499999 -1.000000000002735e-07 0.2500001 0.2500001 0.0100001 1 1 3 1 2 -3 
$EndEntities
$Nodes
9 3777 1 3777
0 1 0 1
1
0.25 0.2 0.01
0 2 0 1
2
0.25 0.2 0
1 1 0 104
3
4
5
6
7
8
9
10
11
12
13
14
15
16
17
18
19
20
21
22
23
24
25
26
27
28
29
30
31
32
33
34
35
36
37
38
39
40
41
42
43
44
45
46
47
48
49
50
51
52
53
54
55
56
57
58
59
60
61
62
63
64
65
66
67
68
69
70
71
72
73
74
75
76
77
78
79
80
81
82
83
84
85
86
87
88
89
90
91
92
93
94
95
96
97
98
99
100
101
102
103
104
105
106
0.2499105064883868 0.2029902076972517 0.01
0.2496423463170919 0.2059697112270122 0.01
0.2491964794299315 0.2089278447399318 0.01
0.2485745019146434 0.2118540188857749 0.01
0.2477786402893071 0.2147377587205452 0.01
0.2468117435319869 0.2175687412040671 0.01
0.2456772728821301 0.22033683215379 0.01
0.2443792894502277 0.2230321225225316 0.01
0.2429224396800934 0.2256449638702953 0.01
0.2413119387157998 0.2281660029031811 0.01
0.2395535517328171 0.2305862149557503 0.01
0.2376535733001806 0.2328969362969856 0.01
0.2356188048475673 0.2350898951441995 0.01
0.233456530317943 0.2371572412738697 0.01
0.2311744900929368 0.2390915741234015 0.01
0.2287808532842838 0.2408859692832215 0.01
0.2262841884905253 0.2425340032843669 0.01
0.22369343312365 0.2440297765928369 0.01
0.2210178614154784 0.2453679347283932 0.01
0.2182670512183199 0.2465436874322102 0.01
0.2154508497187475 0.2475528258147577 0.01
0.2125793381872256 0.2483917374225333 0.01
0.2096627958897778 0.2490574191697086 0.01
0.2067116632908829 0.2495474880883967 0.01
0.2037365046793214 0.249860189859059 0.01
0.2007479703507634 0.2499944050905137 0.01
0.1977567584824745 0.2499496533270658 0.01
0.1947735768366176 0.2497260947684137 0.01
0.1918091044292433 0.2493245296961761 0.01
0.1888739533021845 0.2487463956090912 0.01
0.1859786305347001 0.2479937620771445 0.01
0.1831335006308588 0.2470693233330453 0.01
0.1803487484173041 0.2459763886275727 0.01
0.1776343425842186 0.244718870383317 0.01
0.1750000000000003 0.2433012701892221 0.01
0.1724551509273951 0.2417286626860653 0.01
0.1700089052656046 0.2400066774005605 0.01
0.1676700199392103 0.2381414785931135 0.01
0.165446867550657 0.2361397431913698 0.01
0.1633474064085089 0.2340086368885462 0.01
0.1613791520387703 0.2317557884921092 0.01
0.1595491502812529 0.2293892626146239 0.01
0.1578639520672983 0.2269175308045344 0.01
0.1563295899691437 0.2243494412202187 0.01
0.1549515566048792 0.2216941869558783 0.01
0.1537347849763003 0.2189612731326468 0.01
0.1526836308100419 0.2161604828727234 0.01
0.1518018569652075 0.2133018422783342 0.01
0.1510926199633098 0.2103955845408884 0.01
0.1505584586887437 0.2074521133088092 0.01
0.1502012853002381 0.2044819654451721 0.01
0.1500223783858249 0.2014957733084704 0.01
0.1500223783858248 0.1985042266915306 0.01
0.150201285300238 0.1955180345548288 0.01
0.1505584586887435 0.1925478866911918 0.01
0.1510926199633096 0.1896044154591125 0.01
0.1518018569652072 0.1866981577216668 0.01
0.1526836308100416 0.1838395171272775 0.01
0.1537347849763 0.1810387268673541 0.01
0.1549515566048788 0.1783058130441226 0.01
0.1563295899691433 0.1756505587797821 0.01
0.1578639520672978 0.1730824691954664 0.01
0.1595491502812523 0.1706107373853768 0.01
0.1613791520387697 0.1682442115078915 0.01
0.1633474064085083 0.1659913631114544 0.01
0.1654468675506564 0.1638602568086308 0.01
0.1676700199392096 0.1618585214068871 0.01
0.1700089052656039 0.15999332259944 0.01
0.1724551509273944 0.1582713373139352 0.01
0.1749999999999995 0.1566987298107784 0.01
0.1776343425842179 0.1552811296166834 0.01
0.1803487484173034 0.1540236113724277 0.01
0.183133500630858 0.152930676666955 0.01
0.1859786305346994 0.1520062379228557 0.01
0.1888739533021838 0.1512536043909089 0.01
0.1918091044292427 0.150675470303824 0.01
0.1947735768366169 0.1502739052315864 0.01
0.1977567584824738 0.1500503466729343 0.01
0.2007479703507628 0.1500055949094863 0.01
0.2037365046793209 0.150139810140941 0.01
0.2067116632908824 0.1504525119116032 0.01
0.2096627958897773 0.1509425808302913 0.01
0.2125793381872251 0.1516082625774666 0.01
0.2154508497187471 0.1524471741852422 0.01
0.2182670512183195 0.1534563125677897 0.01
0.221017861415478 0.1546320652716066 0.01
0.2236934331236497 0.155970223407163 0.01
0.226284188490525 0.1574659967156329 0.01
0.2287808532842835 0.1591140307167783 0.01
0.2311744900929365 0.1609084258765984 0.01
0.2334565303179428 0.1628427587261301 0.01
0.2356188048475671 0.1649101048558003 0.01
0.2376535733001805 0.1671030637030143 0.01
0.239553551732817 0.1694137850442496 0.01
0.2413119387157997 0.1718339970968188 0.01
0.2429224396800932 0.1743550361297046 0.01
0.2443792894502277 0.1769678774774683 0.01
0.24567727288213 0.1796631678462099 0.01
0.2468117435319868 0.1824312587959328 0.01
0.247778640289307 0.1852622412794547 0.01
0.2485745019146434 0.1881459811142251 0.01
0.2491964794299315 0.1910721552600681 0.01
0.2496423463170919 0.1940302887729878 0.01
0.2499105064883868 0.1970097923027483 0.01
1 2 0 3
107
108
109
0.25 0.2 0.002499999999999994
0.25 0.2 0.004999999999999986
0.25 0.2 0.007499999999999989
1 3 0 104
110
111
112
113
114
115
116
117
118
119
120
121
122
123
124
125
126
127
128
129
130
131
132
133
134
135
136
137
138
139
140
141
142
143
144
145
146
147
148
149
150
151
152
153
154
155
156
157
158
159
160
161
162
163
164
165
166
167
168
169
170
171
172
173
174
175
176
177
178
179
180
181
182
183
184
185
186
187
188
189
190
191
192
193
194
195
196
197
198
199
200
201
202
203
204
205
206
207
208
209
210
211
212
213
0.2499105064883868 0.2029902076972517 0
0.2496423463170919 0.2059697112270122 0
0.2491964794299315 0.2089278447399318 0
0.2485745019146434 0.2118540188857749 0
0.2477786402893071 0.2147377587205452 0
0.2468117435319869 0.2175687412040671 0
0.2456772728821301 0.22033683215379 0
0.2443792894502277 0.2230321225225316 0
0.2429224396800934 0.2256449638702953 0
0.2413119387157998 0.2281660029031811 0
0.2395535517328171 0.2305862149557503 0
0.2376535733001806 0.2328969362969856 0
0.2356188048475673 0.2350898951441995 0
0.233456530317943 0.2371572412738697 0
0.2311744900929368 0.2390915741234015 0
0.2287808532842838 0.2408859692832215 0
0.2262841884905253 0.2425340032843669 0
0.22369343312365 0.2440297765928369 0
0.2210178614154784 0.2453679347283932 0
0.2182670512183199 0.2465436874322102 0
0.2154508497187475 0.2475528258147577 0
0.2125793381872256 0.2483917374225333 0
0.2096627958897778 0.2490574191697086 0
0.2067116632908829 0.2495474880883967 0
0.2037365046793214 0.249860189859059 0
0.2007479703507634 0.2499944050905137 0
0.1977567584824745 0.2499496533270658 0
0.1947735768366176 0.2497260947684137 0
0.1918091044292433 0.2493245296961761 0
0.1888739533021845 0.2487463956090912 0
0.1859786305347001 0.2479937620771445 0
0.1831335006308588 0.2470693233330453 0
0.1803487484173041 0.2459763886275727 0
0.1776343425842186 0.244718870383317 0
0.1750000000000003 0.2433012701892221 0
0.1724551509273951 0.2417286626860653 0
0.1700089052656046 0.2400066774005605 0
0.1676700199392103 0.2381414785931135 0
0.165446867550657 0.2361397431913698 0
0.1633474064085089 0.2340086368885462 0
0.1613791520387703 0.2317557884921092 0
0.1595491502812529 0.2293892626146239 0
0.1578639520672983 0.2269175308045344 0
0.1563295899691437 0.2243494412202187 0
0.1549515566048792 0.2216941869558783 0
0.1537347849763003 0.2189612731326468 0
0.1526836308100419 0.2161604828727234 0
0.1518018569652075 0.2133018422783342 0
0.1510926199633098 0.2103955845408884 0
0.1505584586887437 0.2074521133088092 0
0.1502012853002381 0.2044819654451721 0
0.1500223783858249 0.2014957733084704 0
0.1500223783858248 0.1985042266915306 0
0.150201285300238 0.1955180345548288 0
0.1505584586887435 0.1925478866911918 0
0.1510926199633096 0.1896044154591125 0
0.1518018569652072 0.1866981577216668 0
0.1526836308100416 0.1838395171272775 0
0.1537347849763 0.1810387268673541 0
0.1549515566048788 0.1783058130441226 0
0.1563295899691433 0.1756505587797821 0
0.1578639520672978 0.1730824691954664 0
0.1595491502812523 0.1706107373853768 0
0.1613791520387697 0.1682442115078915 0
0.1633474064085083 0.1659913631114544 0
0.1654468675506564 0.1638602568086308 0
0.1676700199392096 0.1618585214068871 0
0.1700089052656039 0.15999332259944 0
0.1724551509273944 0.1582713373139352 0
0.1749999999999995 0.1566987298107784 0
0.1776343425842179 0.1552811296166834 0
0.1803487484173034 0.1540236113724277 0
0.183133500630858 0.152930676666955 0
0.1859786305346994 0.1520062379228557 0
0.1888739533021838 0.1512536043909089 0
0.1918091044292427 0.150675470303824 0
0.1947735768366169 0.1502739052315864 0
0.1977567584824738 0.1500503466729343 0
0.2007479703507628 0.1500055949094863 0
0.2037365046793209 0.150139810140941 0
0.2067116632908824 0.1504525119116032 0
0.2096627958897773 0.1509425808302913 0
0.2125793381872251 0.1516082625774666 0
0.2154508497187471 0.1524471741852422 0
0.2182670512183195 0.1534563125677897 0
0.221017861415478 0.1546320652716066 0
0.2236934331236497 0.155970223407163 0
0.226284188490525 0.1574659967156329 0
0.2287808532842835 0.1591140307167783 0
0.2311744900929365 0.1609084258765984 0
0.2334565303179428 0.1628427587261301 0
0.2356188048475671 0.1649101048558003 0
0.2376535733001805 0.1671030637030143 0
0.239553551732817 0.1694137850442496 0
0.2413119387157997 0.1718339970968188 0
0.2429224396800932 0.1743550361297046 0
0.2443792894502277 0.1769678774774683 0
0.24567727288213 0.1796631678462099 0
0.2468117435319868 0.1824312587959328 0
0.247778640289307 0.1852622412794547 0
0.2485745019146434 0.1881459811142251 0
0.2491964794299315 0.1910721552600681 0
0.2496423463170919 0.1940302887729878 0
0.2499105064883868 0.1970097923027483 0
2 1 0 318
214
215
216
217
218
219
220
221
222
223
224
225
226
227
228
229
230
231
232
233
234
235
236
237
238
239
240
241
242
243
244
245
246
247
248
249
250
251
252
253
254
255
256
257
258
259
260
261
262
263
264
265
266
267
268
269
270
271
272
273
274
275
276
277
278
279
280
281
282
283
284
285
286
287
288
289
290
291
292
293
294
295
296
297
298
299
300
301
302
303
304
305
306
307
308
309
310
311
312
313
314
315
316
317
318
319
320
321
322
323
324
325
326
327
328
329
330
331
332
333
334
335
336
337
338
339
340
341
342
343
344
345
346
347
348
349
350
351
352
353
354
355
356
357
358
359
360
361
362
363
364
365
366
367
368
369
370
371
372
373
374
375
376
377
378
379
380
381
382
383
384
385
386
387
388
389
390
391
392
393
394
395
396
397
398
399
400
401
402
403
404
405
406
407
408
409
410
411
412
413
414
415
416
417
418
419
420
421
422
423
424
425
426
427
428
429
430
431
432
433
434
435
436
437
438
439
440
441
442
443
444
445
446
447
448
449
450
451
452
453
454
455
456
457
458
459
460
461
462
463
464
465
466
467
468
469
470
471
472
473
474
475
476
477
478
479
480
481
482
483
484
485
486
487
488
489
490
491
492
493
494
495
496
497
498
499
500
501
502
503
504
505
506
507
508
509
510
511
512
513
514
515
516
517
518
519
520
521
522
523
524
525
526
527
528
529
530
531
0.1737158115094743 0.1574659967156333 0.00259065871523857
0.1845491502812529 0.2475528258147578 0.007409341284761423
0.2489073800366903 0.210395584540888 0.002590658715238583
0.1992527269130664 0.249994415517471 0.007513938227709789
0.2473163691899583 0.216160482872723 0.007409341284761417
0.2111260466978159 0.2487463956090912 0.002590658715238581
0.1763065668763503 0.244029776592837 0.007409341284761421
0.1514254980853565 0.1881459811142256 0.007409341284761422
0.2223656574157817 0.2447188703833168 0.002590658715238588
0.158688459344191 0.2281665867410916 0.002486024682852236
0.1508035205700686 0.2089278447399323 0.002384740678391245
0.2275448490726052 0.2417286626860651 0.007409341284761406
0.2168658341605312 0.2470695616940445 0.00751397531714789
0.2052264231633829 0.2497260947684137 0.002590658715238593
0.1503576536829081 0.1940302887729883 0.002590658715238588
0.2462652150236998 0.1810387268673535 0.002590658715238589
0.1500894935116133 0.2029902076972522 0.00740934128476141
0.245048443395121 0.2216941869558778 0.002590658715238591
0.242136047932702 0.2269175308045341 0.002590658715238593
0.1932883367091175 0.2495474880883968 0.007409341284761408
0.2421360479327019 0.1730824691954658 0.00740934128476141
0.1688255099070629 0.1609084258765989 0.00740934128476141
0.2494408152576804 0.1925430712316719 0.007444502708244279
0.1556210317793182 0.1769672585290479 0.007513938227709769
0.1665434696820574 0.2371572412738699 0.007409341284761406
0.153188256468013 0.1824312587959334 0.007409341284761409
0.23862084796123 0.2317557884921089 0.007409341284761404
0.1556207105497725 0.223032122522532 0.002590658715238593
0.1712191467157166 0.2408859692832218 0.002590658715238592
0.1623464266998197 0.2328969362969859 0.007409341284761401
0.1522213597106931 0.2147377587205456 0.007409341284761403
0.1643811951524324 0.1649101048558008 0.0074093412847614
0.1586880612841999 0.1718339970968194 0.002590658715238597
0.2386203991688851 0.168243665702163 0.007513975317147519
0.23232998006079 0.2381414785931133 0.0074093412847614
0.2052257204091281 0.1502738313741585 0.002486024682852295
0.2275442670871211 0.1582709531545072 0.007513938227709672
0.2196512515826959 0.1540236113724274 0.007409341284761392
0.2140213694652998 0.1520062379228554 0.007409341284761393
0.2323299800607898 0.1618585214068865 0.007409341284761393
0.1817329487816798 0.15345631256779 0.007409341284761393
0.2481979575114955 0.1866974855113752 0.007513938227709683
0.1932883367091168 0.1504525119116033 0.007409341284761392
0.1992520296492364 0.1500055949094863 0.007409341284761382
0.1874206618127741 0.1516082625774668 0.002590658715238616
0.249798714699762 0.2044819654451717 0.002590658715238458
0.1522213597106928 0.1852622412794553 0.002590658715237624
0.1817329487816805 0.2465436874322103 0.002590658715237627
0.249440818511668 0.207456907193757 0.007444636793288517
0.1874213367256121 0.2483919128597906 0.002486061772290076
0.1763059446281654 0.1559705582588601 0.007513975317148007
0.1543227271178697 0.1796631678462105 0.002590658715237631
0.2436704100308565 0.2243494412202183 0.007409341284762365
0.1500894935116132 0.1970097923027488 0.007409341284762363
0.2366525935914912 0.1659913631114539 0.002590658715237649
0.1962627906722218 0.2498601370479501 0.00248602468285187
0.2489073800366903 0.189604415459112 0.002590658715237656
0.1570775603199069 0.2256449638702957 0.00740934128476237
0.2081908955707565 0.1506754703038239 0.007409341284762348
0.2111260466978155 0.1512536043909088 0.002590658715237654
0.245048745956002 0.178306441329473 0.007513938227710155
0.1500000000049932 0.2000007066246968 0.002486024682851965
0.2168664993691412 0.1529306766669548 0.002590658715237647
0.2081908955707571 0.2493245296961761 0.007615259321608956
0.2366525935914914 0.234008636888546 0.002384740678391092
0.1665434696820567 0.1628427587261307 0.002590658715237631
0.2404508497187473 0.1706107373853762 0.002590658715237633
0.2299916526980378 0.2400062591157969 0.002486061772289949
0.2436704100308564 0.1756505587797815 0.002590658715237648
0.153188011444218 0.2175680883266603 0.002486061772289924
0.1962641999698818 0.1501397573397906 0.002486024682851927
0.1604460160116355 0.1694143440376342 0.007513975317148178
0.1623464266998191 0.1671030637030148 0.002590658715237653
0.1643807057628928 0.235089398371166 0.002486061772289975
0.1543227271178701 0.2203368321537904 0.007409341284762359
0.2497987146997619 0.1955180345548283 0.002590658715237623
0.2249999999999998 0.156698729810778 0.002590658715237653
0.2299910947343955 0.1599933225994395 0.002590658715237646
0.1789821385845213 0.154632065271607 0.002590658715237656
0.249953125 0.2021645560132219 0.006249999999999988
0.249953125 0.1978354439867779 0.006249999999999988
0.2473163691899582 0.216160482872723 0.002590658715238513
0.1763065668763503 0.244029776592837 0.002590658715238509
0.1508035205700686 0.2089278447399323 0.007409341284761483
0.2168553112681912 0.2470733309003345 0.002500075281391745
0.2223656574157817 0.2447188703833168 0.007409341284761483
0.1712191467157166 0.2408859692832218 0.007409341284761478
0.1874206618127741 0.1516082625774668 0.007409341284761456
0.2494415413112565 0.2074521133088087 0.002590658715238484
0.2494418755187078 0.1925501043502202 0.002589365000892746
0.2489074973177023 0.2103950327618021 0.007409666691902378
0.2481983299448157 0.2133011650065204 0.007409095511769613
0.2489073420618461 0.1896042368031211 0.007459978955007546
0.1712318942423582 0.1591050603238355 0.00252889118504769
0.1724459708599389 0.1582773984733854 0.005058975098564259
0.2345643972708386 0.1638710304422663 0.002528891185046922
0.23561108384841 0.1649022692023898 0.005058975098563656
0.1962753463950364 0.1501389234419971 0.007499924718607914
0.1762961023726826 0.1559758562005613 0.002500075281391795
0.1623463823116823 0.1671031145093945 0.007444597819057845
0.2168664993691407 0.1529306766669546 0.007409341284761234
0.1845491502812517 0.1524471741852426 0.002590658715238749
0.222379597357126 0.1552881042435806 0.00252889118504718
0.223683745547434 0.1559650116743015 0.005058975098563705
0.202243241517526 0.2499496533270657 0.002590658715238447
0.2037365046793213 0.249860189859059 0.005079635713360465
0.1992637382446796 0.2499945788923925 0.002492311456441591
0.2081908290166592 0.15067545925181 0.00255540218094239
0.1845491502812517 0.1524471741852426 0.007409341284761259
0.2111260466978148 0.1512536043909086 0.007409341284761919
0.1903372041102228 0.2490574191697087 0.007409341284761613
0.1918091044292433 0.2493245296961761 0.004920364286639563
0.1874321766965336 0.248394729231734 0.007499975481762538
0.1932884035640523 0.1504525028555329 0.002555402180942384
0.1556207105497727 0.2230321225225324 0.007409341284761796
0.1514254980853565 0.1881459811142258 0.00259065871523854
0.2140213694653003 0.2479937620771444 0.002590658715238451
0.2125793381872256 0.2483917374225333 0.005079635713360469
0.2345531324493433 0.2361397431913695 0.007409341284761534
0.2334565303179431 0.2371572412738696 0.004920364286639497
0.2473163691899582 0.1838395171272769 0.002590658715238464
0.2468117435319868 0.1824312587959327 0.005079635713360562
0.2436704100308566 0.2243494412202182 0.002590658715238451
0.2275449051409846 0.2417286256755978 0.002555439933168287
0.1604391795308689 0.1694231871541657 0.002500075281392117
0.1514254980853568 0.2118540188857755 0.007409341284761712
0.1518018569652074 0.2133018422783341 0.004920364286639632
0.238613299027833 0.1682350328476929 0.002500075281391644
0.1508035205700684 0.1910721552600687 0.007409341284761552
0.2481981430347927 0.2133018422783338 0.002590658715238482
0.2481949765756842 0.1866866896352091 0.002500024518237405
0.1543227544433427 0.1796631064723044 0.007444560066831692
0.2421360479327022 0.2269175308045338 0.007409341284761695
0.2404416857028406 0.2294018716668287 0.007471108814952267
0.2395602800567657 0.2305775120281272 0.004941024901435727
0.1508035205700684 0.1910721552600687 0.002590658715238448
0.178982138584522 0.2453679347283934 0.007409341284761547
0.1570775925372671 0.225645017792997 0.002555420562771166
0.2250000000000002 0.2433012701892218 0.00740934128476158
0.150357653682908 0.1940302887729888 0.007409341284761834
0.1817329487816807 0.2465436874322104 0.007409341284761672
0.2404508100634792 0.1706106828046596 0.007444597819057474
0.1789821385845221 0.2453679347283934 0.002590658715238555
0.245048443395121 0.2216941869558779 0.007409341284761544
0.1522213597106927 0.1852622412794556 0.007409341284761764
0.2196509225858362 0.2459765292461868 0.002555795185477392
0.1643811951524322 0.164910104855801 0.002590658715238565
0.1604464482671833 0.2305862149557508 0.007409341284761673
0.1613791520387702 0.2317557884921092 0.004920364286639663
0.1586947570590541 0.2281758212939647 0.007499924718608373
0.2250000103524556 0.2433012642122273 0.002557270890614802
0.2462652150236999 0.2189612731326463 0.007409341284761557
0.2196511938233361 0.2459764133150649 0.007444579437228856
0.1688255099070636 0.2390915741234017 0.002590658715238457
0.1665434197560394 0.2371571963202207 0.002555439933168312
0.1737158115094752 0.2425340032843672 0.007409341284761419
0.1737158115094752 0.2425340032843672 0.002590658715238576
0.1503576536829082 0.2059697112270127 0.007409341284761547
0.1502012853002381 0.2044819654451722 0.004920364286639592
0.1556261921633973 0.1769573183400834 0.002500024518237063
0.2275349192044098 0.1582647843613259 0.002500024518237116
0.2081908955707572 0.249324529696176 0.002590658715238353
0.202243241517525 0.1500503466729342 0.007409341284761801
0.2007479703507629 0.1500055949094863 0.004920364286639543
0.2052146039191943 0.1502726643990861 0.007499924718608232
0.1500894897551062 0.1970098550044609 0.00255542056277099
0.2421360479327015 0.1730824691954652 0.002590658715238003
0.2450536041233103 0.1783165326688732 0.002500024518237291
0.2140213694652995 0.1520062379228554 0.002590658715238627
0.1903372041102214 0.1509425808302916 0.007409341284761266
0.2366525935914914 0.2340086368885459 0.007409341284761535
0.2462652150236999 0.2189612731326464 0.002590658715238411
0.1643728467277829 0.2350814188669436 0.007499975481762525
0.1962518304686785 0.249859314327059 0.007507634955784834
0.150000001412342 0.2000118841994463 0.007499924718608037
0.1543226979006042 0.2203367665306098 0.002555421551789584
0.1531882564680128 0.1824312587959338 0.002590658715238124
0.1789820815895826 0.1546320916760202 0.007444579437229003
0.1688258415477529 0.1609081614042753 0.002556549092509383
0.1688255099070637 0.2390915741234018 0.007409341284761693
0.1531840774151527 0.2175576021292655 0.00749997548176274
0.1665434696820564 0.162842758726131 0.007409341284761318
0.2299910372579779 0.1599932795121797 0.007444578448210636
0.2300006132376113 0.2399995400644465 0.007499975481762471
0.1570775603199062 0.1743550361297055 0.002590658715238228
0.1578639520672975 0.1730824691954667 0.005079635713360464
0.1903372067315764 0.1509425803139657 0.002557269884420816
0.1845492185989789 0.2475528480124783 0.00255542155178942
0.2436704427477606 0.1756506174572216 0.007444560066831401
0.219651641629972 0.1540237780885907 0.002556549092509226
0.232330303638908 0.1618587956847714 0.00255654909250916
0.1817329487816793 0.1534563125677902 0.002590658715238094
0.2499531249999999 0.2021645560132236 0.00374999999999999
0.2496311796306169 0.2060618486019896 0.005098637574768618
0.2497818259539133 0.2046658123295182 0.007515849466318962
0.2499531259156184 0.1978354651173116 0.003750036624885444
0.2497818259539133 0.1953341876704818 0.007515849466318949
0.2496312950925335 0.1939390968133569 0.005097181996630986
0.2491953087473686 0.2089342933268996 0.005023684531065617
0.1889594452251469 0.2487658297403363 0.004976166307796126
0.2355690282376323 0.235140350456854 0.004904280788738686
0.174923127497963 0.1567432032448474 0.005021788819048841
0.2222818314448168 0.1552393030945141 0.007518070349860328
0.2097323263283876 0.2490436726218355 0.005095719211261261
0.1594976786585779 0.170681712772466 0.005023886856095966
0.2344853592149075 0.1637955803827932 0.007518070349860117
0.163287829995669 0.2339443157770649 0.004976166307796142
0.2377062841197822 0.2328365061764838 0.004906206989813653
0.1526553668016722 0.2160774907033342 0.004976166307796201
0.2457128624686198 0.1797432923473468 0.005023833692203929
0.1946870272914007 0.2497169218777438 0.004978550334281438
0.1500250780449419 0.2015834063236748 0.004976113143904071
0.2066333180551435 0.2495580376082357 0.005095892692558142
0.231242987650687 0.2390368508291719 0.004976166307796062
0.1978443482037726 0.1500464899598294 0.00497611314390392
0.2375950821963057 0.1670362351262327 0.005021788819048508
0.2262085992705903 0.1574193785358455 0.005021735658318387
0.2036490695357245 0.1501333348666321 0.004976113143904067
0.1511074051071002 0.2104649015589632 0.00490428078873861
0.1596007462795059 0.2294601476375653 0.004976113143904146
0.2008349918522712 0.2499930273998949 0.005021395719237713
0.2153674425082256 0.2475798456361134 0.005023886856096014
0.1505467383511077 0.2073739346543209 0.004904107307441869
0.1711425919664389 0.1591680272141479 0.007518070349859953
0.2477527247791846 0.1851784860367287 0.00502383369220315
0.1563723528573214 0.1755740219275886 0.005023833692203702
0.2405058433849295 0.2293134210162439 0.002481929650139878
0.2491947729131236 0.191062756687535 0.005041288448301694
0.2477786855123087 0.2147376121103759 0.005000199314314641
0.1803487484173028 0.1540236113724279 0.004999896070565661
0.2429224396800932 0.1743550361297046 0.004999896070565631
0.1549515566048791 0.2216941869558781 0.004999896070566464
0.1537347849763 0.1810387268673539 0.004999896070565443
0.231174490092936 0.160908425876598 0.005000103929434701
0.2485705507609065 0.1881298020748511 0.005022469910425313
0.150201285300238 0.1955180345548295 0.005000103929434125
0.1526836308098675 0.1838395171277873 0.005000012295692841
0.1633474064085079 0.1659913631114549 0.00500010392943387
0.161368396946102 0.168257296185012 0.005015684644985439
0.1549589095614323 0.178290551087032 0.005015664187710224
0.2125793381872242 0.1516082625774663 0.004999896070565903
0.1500218745293449 0.1985211577367897 0.004984335905613721
0.1578730733589361 0.2269318037230784 0.004984335905613916
0.1859948915207139 0.2479985097319014 0.004984315261645474
0.153728363593814 0.2189455974910723 0.004984315261645902
0.1977567592696448 0.2499496533624176 0.004999963797586078
0.1563304542346735 0.2243509912046728 0.004995074381305013
0.2066948786392324 0.1504502411710617 0.004984315355014684
0.2287947045154137 0.2408762154788089 0.004984335812289297
0.2287669319213843 0.1591042345978163 0.00501552986601241
0.2413119387157996 0.1718339970968187 0.005000103929434286
0.1803487484168097 0.2459763886273613 0.005000012295693032
0.2182670512183194 0.1534563125677896 0.005000103929434201
0.1518018569652135 0.186698157721644 0.005000064738530915
0.1676700199392095 0.1618585214068872 0.005000103929434046
0.1831351714138489 0.2470699219965334 0.004994989754532821
0.2429224396792643 0.2256449638716828 0.005000097353058051
0.1654346247554481 0.2361280339100167 0.004984335812289325
0.2236934331236501 0.2440297765928368 0.00499989607056596
0.1724551509273952 0.2417286626860654 0.005000080531817646
0.1776191204678634 0.1552887460322573 0.005015509221585529
0.2443792894504195 0.223032122522162 0.004999987212866488
0.2096610541094428 0.1509422377855001 0.004994982548252371
0.2456772728823954 0.2203368321531941 0.005000068320998474
0.1776343425842397 0.2447188703833275 0.005000064738531029
0.194790421906261 0.1502721376280336 0.004984315355014497
0.1700089052656045 0.2400066774005605 0.005000103929434101
0.1859786305341826 0.1520062379230067 0.004999987704306753
0.1505584586887435 0.1925478866911919 0.005000080531817662
0.1510926199633107 0.1896044154591076 0.005000065529527996
0.2468117435319869 0.2175687412040672 0.005000103929434088
0.2210122675379341 0.2453705258170355 0.005000256410796677
0.2182472242376092 0.2465514640760353 0.005010063822265431
0.1676686665347878 0.2381403313614506 0.004995085074085788
0.2262853640094392 0.2425332768416834 0.004982161332081247
0.1750000000000048 0.2433012701892247 0.005000065529528027
0.1918104692348877 0.1506752436818257 0.004982192425308394
0.1654468675506566 0.1638602568086306 0.005000080531817816
0.2154508497192593 0.1524471741854087 0.005000012295693228
0.2395431377378734 0.1694003225859557 0.005015529772429211
0.2443870905897725 0.1769829152807022 0.005015664187710289
0.1831335006308792 0.1529306766669474 0.004999935261468686
0.1888739533021835 0.151253604390909 0.005000103929434149
0.2485747611056344 0.2118529567421191 0.005000441650640543
0.2366485828750067 0.1659870410982261 0.00752298331430461
0.2249948961166809 0.1566957834834028 0.007522971734196747
0.2334565303179419 0.1628427587261294 0.004999735285498836
0.2210178614154771 0.1546320652716062 0.00499973528549951
0.2022433292361957 0.1500503506124615 0.002440375937019424
0.1570775145079233 0.1743551128062052 0.007559618148628036
0.1514254980853567 0.2118540188857753 0.002409076570260682
0.1604463945535138 0.2305861454940582 0.002440375937019667
0.2413091729915031 0.2281700590478272 0.00497417747100791
0.1903371164742783 0.249057401908054 0.002440381851371857
0.1503576536829082 0.2059697112270127 0.002409076570260747
0.202243087967471 0.2499496602227702 0.007559433357318374
0.21402145374913 0.2479937374535575 0.00755962406298049
0.2473163980588988 0.1838396016530583 0.007559618148627597
0.2345531324493433 0.2361397431913695 0.002409076570260555
0.1700089052656036 0.1599933225994403 0.004999735285499099
0.2111260466978159 0.2487463956090912 0.007590923429739627
0.1737107958784875 0.1574690965689953 0.007522983314304977
0.2052264231633829 0.2497260947684137 0.007590923429739664
0.1932885385055266 0.2495475154231592 0.00245431855450399
0.1500894882604615 0.2029901200473212 0.002440375937019458
0.1623465028276569 0.2328970234321033 0.002454068074258006
0.2323299119249674 0.2381415363471878 0.002440381851371697
0.1522213860382372 0.2147378440720767 0.002440381851371723
0.2462651711669629 0.181038619857942 0.007545931705795692
0.2386249109266758 0.231750846538421 0.002443522286963816
0.199251916073313 0.150005596608834 0.002454059797911224
0.1586881252380735 0.1718339032939439 0.007545939982141136
0.2498502972899709 0.2038662462546412 0.005000000000001162
0.2499642203520354 0.2018912124717372 0.001723555215154326
0.2499642167857601 0.2018913066873379 0.008276413280875701
0.2498503304870896 0.1961341818035575 0.005000955960637963
0.2499642160785497 0.1981086746297919 0.001723609087712424
0.2499642203520354 0.1981087875282628 0.008276444784845807
2 2 0 987
532
533
534
535
536
537
538
539
540
541
542
543
544
545
546
547
548
549
550
551
552
553
554
555
556
557
558
559
560
561
562
563
564
565
566
567
568
569
570
571
572
573
574
575
576
577
578
579
580
581
582
583
584
585
586
587
588
589
590
591
592
593
594
595
596
597
598
599
600
601
602
603
604
605
606
607
608
609
610
611
612
613
614
615
616
617
618
619
620
621
622
623
624
625
626
627
628
629
630
631
632
633
634
635
636
637
638
639
640
641
642
643
644
645
646
647
648
649
650
651
652
653
654
655
656
657
658
659
660
661
662
663
664
665
666
667
668
669
670
671
672
673
674
675
676
677
678
679
680
681
682
683
684
685
686
687
688
689
690
691
692
693
694
695
696
697
698
699
700
701
702
703
704
705
706
707
708
709
710
711
712
713
714
715
716
717
718
719
720
721
722
723
724
725
726
727
728
729
730
731
732
733
734
735
736
737
738
739
740
741
742
743
744
745
746
747
748
749
750
751
752
753
754
755
756
757
758
759
760
761
762
763
764
765
766
767
768
769
770
771
772
773
774
775
776
777
778
779
780
781
782
783
784
785
786
787
788
789
790
791
792
793
794
795
796
797
798
799
800
801
802
803
804
805
806
807
808
809
810
811
812
813
814
815
816
817
818
819
820
821
822
823
824
825
826
827
828
829
830
831
832
833
834
835
836
837
838
839
840
841
842
843
844
845
846
847
848
849
850
851
852
853
854
855
856
857
858
859
860
861
862
863
864
865
866
867
868
869
870
871
872
873
874
875
876
877
878
879
880
881
882
883
884
885
886
887
888
889
890
891
892
893
894
895
896
897
898
899
900
901
902
903
904
905
906
907
908
909
910
911
912
913
914
915
916
917
918
919
920
921
922
923
924
925
926
927
928
929
930
931
932
933
934
935
936
937
938
939
940
941
942
943
944
945
946
947
948
949
950
951
952
953
954
955
956
957
958
959
960
961
962
963
964
965
966
967
968
969
970
971
972
973
974
975
976
977
978
979
980
981
982
983
984
985
986
987
988
989
990
991
992
993
994
995
996
997
998
999
1000
1001
1002
1003
1004
1005
1006
1007
1008
1009
1010
1011
1012
1013
1014
1015
1016
1017
1018
1019
1020
1021
1022
1023
1024
1025
1026
1027
1028
1029
1030
1031
1032
1033
1034
1035
1036
1037
1038
1039
1040
1041
1042
1043
1044
1045
1046
1047
1048
1049
1050
1051
1052
1053
1054
1055
1056
1057
1058
1059
1060
1061
1062
1063
1064
1065
1066
1067
1068
1069
1070
1071
1072
1073
1074
1075
1076
1077
1078
1079
1080
1081
1082
1083
1084
1085
1086
1087
1088
1089
1090
1091
1092
1093
1094
1095
1096
1097
1098
1099
1100
1101
1102
1103
1104
1105
1106
1107
1108
1109
1110
1111
1112
1113
1114
1115
1116
1117
1118
1119
1120
1121
1122
1123
1124
1125
1126
1127
1128
1129
1130
1131
1132
1133
1134
1135
1136
1137
1138
1139
1140
1141
1142
1143
1144
1145
1146
1147
1148
1149
1150
1151
1152
1153
1154
1155
1156
1157
1158
1159
1160
1161
1162
1163
1164
1165
1166
1167
1168
1169
1170
1171
1172
1173
1174
1175
1176
1177
1178
1179
1180
1181
1182
1183
1184
1185
1186
1187
1188
1189
1190
1191
1192
1193
1194
1195
1196
1197
1198
1199
1200
1201
1202
1203
1204
1205
1206
1207
1208
1209
1210
1211
1212
1213
1214
1215
1216
1217
1218
1219
1220
1221
1222
1223
1224
1225
1226
1227
1228
1229
1230
1231
1232
1233
1234
1235
1236
1237
1238
1239
1240
1241
1242
1243
1244
1245
1246
1247
1248
1249
1250
1251
1252
1253
1254
1255
1256
1257
1258
1259
1260
1261
1262
1263
1264
1265
1266
1267
1268
1269
1270
1271
1272
1273
1274
1275
1276
1277
1278
1279
1280
1281
1282
1283
1284
1285
1286
1287
1288
1289
1290
1291
1292
1293
1294
1295
1296
1297
1298
1299
1300
1301
1302
1303
1304
1305
1306
1307
1308
1309
1310
1311
1312
1313
1314
1315
1316
1317
1318
1319
1320
1321
1322
1323
1324
1325
1326
1327
1328
1329
1330
1331
1332
1333
1334
1335
1336
1337
1338
1339
1340
1341
1342
1343
1344
1345
1346
1347
1348
1349
1350
1351
1352
1353
1354
1355
1356
1357
1358
1359
1360
1361
1362
1363
1364
1365
1366
1367
1368
1369
1370
1371
1372
1373
1374
1375
1376
1377
1378
1379
1380
1381
1382
1383
1384
1385
1386
1387
1388
1389
1390
1391
1392
1393
1394
1395
1396
1397
1398
1399
1400
1401
1402
1403
1404
1405
1406
1407
1408
1409
1410
1411
1412
1413
1414
1415
1416
1417
1418
1419
1420
1421
1422
1423
1424
1425
1426
1427
1428
1429
1430
1431
1432
1433
1434
1435
1436
1437
1438
1439
1440
1441
1442
1443
1444
1445
1446
1447
1448
1449
1450
1451
1452
1453
1454
1455
1456
1457
1458
1459
1460
1461
1462
1463
1464
1465
1466
1467
1468
1469
1470
1471
1472
1473
1474
1475
1476
1477
1478
1479
1480
1481
1482
1483
1484
1485
1486
1487
1488
1489
1490
1491
1492
1493
1494
1495
1496
1497
1498
1499
1500
1501
1502
1503
1504
1505
1506
1507
1508
1509
1510
1511
1512
1513
1514
1515
1516
1517
1518
0.2304441629936696 0.2364484694175173 0.01
0.1700151408876525 0.1630421775961753 0.01
0.1625395370126164 0.2288259237026977 0.01
0.2366455176910195 0.1694553682627805 0.01
0.1531505727243452 0.1945165239603876 0.01
0.1964587750505721 0.2472543629583242 0.01
0.2048638566494376 0.153003573357881 0.01
0.2473067517798369 0.2043722214163354 0.01
0.1772967234242234 0.2415470759832418 0.01
0.2133541577026496 0.2457177559520799 0.01
0.1853278814372741 0.1546956063909747 0.01
0.1591655248059061 0.1757044660272986 0.01
0.1548129904397844 0.2137688432576973 0.01
0.2236934331236497 0.1589617700241028 0.01
0.245768517655475 0.1874483754583034 0.01
0.2413798068327754 0.2231487013458389 0.01
0.1773806874870191 0.1585100898045254 0.01
0.2133476045172459 0.154310754565861 0.01
0.1704860041965646 0.2369271599477809 0.01
0.245679179147159 0.2126066524177216 0.01
0.1881311352957634 0.2460650767347374 0.01
0.2305068349415063 0.1638695682815165 0.01
0.1576556233701892 0.2217537820419055 0.01
0.2049532763079003 0.2471272760358275 0.01
0.1531434468973003 0.2055014135853257 0.01
0.22369343312365 0.2410382299758971 0.01
0.1554713711850386 0.183132103922411 0.01
0.2413957829108394 0.1769083500344474 0.01
0.1964139255659564 0.1525592321145965 0.01
0.2472995738648511 0.195755238180965 0.01
0.1643143031658285 0.1688223455949764 0.01
0.2366386565598425 0.2306799968401439 0.01
0.2185419724230237 0.2436462720151045 0.01
0.1826876337436983 0.2441111898201257 0.01
0.1908422076719225 0.153506452787346 0.01
0.2440954481749683 0.182154895828668 0.01
0.1527909943553444 0.2000098055077356 0.01
0.1663474122047978 0.2337442131886593 0.01
0.2186125605775243 0.1564269900310276 0.01
0.2439784097774367 0.2180251854444297 0.01
0.1540192593168095 0.188651176842015 0.01
0.2427609871051004 0.1795660551439253 0.01
0.2398317404601389 0.1795214965620346 0.01
0.2383983852154627 0.1769126963718854 0.01
0.2369015491572444 0.1794762170629856 0.01
0.2354133027355223 0.1768844972382761 0.01
0.2339123944057657 0.1794682422632163 0.01
0.2354033381588561 0.1820610531500318 0.01
0.2324115795987314 0.1820547082688594 0.01
0.2309214892233861 0.1794604980048611 0.01
0.2294201061418264 0.1820480518145206 0.01
0.2309102806987193 0.1846420358964529 0.01
0.2279187465210084 0.1846355431599818 0.01
0.2264285795289967 0.1820415480170877 0.01
0.2249272099568733 0.1846290668585654 0.01
0.2264173805657979 0.1872230492002234 0.01
0.2234258414110223 0.187216582114386 0.01
0.221935670938823 0.1846225993332824 0.01
0.2204343019496429 0.1872101161179325 0.01
0.2219244726303486 0.1898040981534141 0.01
0.2189329330173914 0.1897976327094749 0.01
0.2174427623529627 0.1872036506545707 0.01
0.215941393395829 0.1897911673182025 0.01
0.2174315640931575 0.1923851493147003 0.01
0.2144400244804589 0.1923786839843018 0.01
0.2129498537731865 0.1897847019824087 0.01
0.2114484848191486 0.1923722186328522 0.01
0.2129386555296055 0.1949662006345347 0.01
0.2099471158647687 0.1949597352838947 0.01
0.2084569451838958 0.192365753298988 0.01
0.2069555762277561 0.1949532699497531 0.01
0.2084457469622361 0.197547252013449 0.01
0.2054542072705821 0.1975407865999766 0.01
0.203964036595737 0.1949468046186907 0.01
0.2024626676401363 0.1975343212699227 0.01
0.2039528383917714 0.2001283033640914 0.01
0.2009612987362861 0.2001218379625802 0.01
0.1994711280181888 0.1975278559466918 0.01
0.1979697590642667 0.200115372599229 0.01
0.1994599297784367 0.2027093546034037 0.01
0.1964795883821966 0.1975213906122038 0.01
0.1964683901087402 0.2027028892490523 0.01
0.1979585607838598 0.2052968712302714 0.01
0.1949670211435484 0.2052904058939878 0.01
0.1964571918203338 0.2078843878765018 0.01
0.1934656521884741 0.2078779225455546 0.01
0.1949558228636691 0.2104719045270644 0.01
0.1979473624941732 0.2104783698571556 0.01
0.1919642832328904 0.2104654391967998 0.01
0.1904741125577564 0.2078714572153286 0.01
0.1964459935386079 0.2130658865084123 0.01
0.1994375331806827 0.2130723518639147 0.01
0.1889727436023634 0.2104589738666941 0.01
0.1874825729272179 0.2078649918852157 0.01
0.1979361642156157 0.2156598684940843 0.01
0.2009277038580062 0.2156663338637807 0.01
0.1859812039718634 0.2104525085366055 0.01
0.1844910332967139 0.2078585265551245 0.01
0.1994263348914373 0.2182538504793279 0.01
0.2024178745202876 0.218260315809455 0.01
0.1829896643413651 0.210446043206518 0.01
0.1814994936662158 0.2078520612250372 0.01
0.184479835016515 0.2130400251879993 0.01
0.2009165055642579 0.2208478324541554 0.01
0.2039080451946625 0.2208542977844458 0.01
0.2054094141498424 0.218266781203262 0.01
0.2068995848249867 0.2208607631251862 0.01
0.2084009537801824 0.2182732465322707 0.01
0.2098911244554284 0.2208672284568687 0.01
0.2113924934107662 0.21827971180574 0.01
0.1979249659339439 0.2208413671242662 0.01
0.1830008626215628 0.2052645445736425 0.01
0.1800093229910661 0.205258079243556 0.01
0.1815106919464129 0.2026705625921613 0.01
0.1785191523159164 0.2026640972620749 0.01
0.1800205212712633 0.2000765806106802 0.01
0.1770289816407667 0.2000701152805938 0.01
0.1785303505961137 0.1974825986291991 0.01
0.1814882953860183 0.2130335598579128 0.01
0.1829784660611679 0.2156275418393938 0.01
0.1770177833605695 0.2052516139134696 0.01
0.1994151366086704 0.2234353491044318 0.01
0.1964235969781991 0.2234288837743984 0.01
0.2128826640859303 0.2208736937777849 0.01
0.2143840330412781 0.2182861771248619 0.01
0.1755388109656172 0.1974761332991128 0.01
0.177040179920964 0.1948886166477181 0.01
0.2083897555000934 0.2234547450955717 0.01
0.1799869264306714 0.2156210765093074 0.01
0.1814770971058209 0.2182150584907885 0.01
0.2158742037164302 0.2208801591045155 0.01
0.2173755726717777 0.2182926424525615 0.01
0.1740486402904676 0.1948821513176317 0.01
0.1755500092458145 0.1922946346662371 0.01
0.1785415488763109 0.1923010999963234 0.01
0.1770513782011613 0.1897071180148424 0.01
0.1800429178316578 0.1897135833449287 0.01
0.1785527471565082 0.1871196013634477 0.01
0.1815442867870047 0.187126066693534 0.01
0.1800541161118551 0.184532084712053 0.01
0.1830456557423516 0.1845385500421393 0.01
0.181555485067202 0.1819445680606583 0.01
0.1845470246976985 0.1819510333907446 0.01
0.1830568540225489 0.1793570514092636 0.01
0.1860483936530453 0.17936351673935 0.01
0.1725472713351207 0.1974696679690264 0.01
0.1979137676532747 0.2260228657556428 0.01
0.1949222280227778 0.2260164004255521 0.01
0.1845582229778958 0.1767695347578689 0.01
0.1875497626083922 0.1767760000879553 0.01
0.1890399332835418 0.1793699820694363 0.01
0.1905413022388887 0.1767824654180417 0.01
0.1920314729140383 0.1793764473995227 0.01
0.1935328418693852 0.176788930748128 0.01
0.2158854019965856 0.2156986604905521 0.01
0.2188769416270406 0.2157051258398139 0.01
0.1920426711942356 0.174194948766647 0.01
0.1950342108247321 0.1742014140967333 0.01
0.1965243814998817 0.1767953960782144 0.01
0.1980257504552286 0.1742078794268197 0.01
0.2203671123022608 0.2182991077885981 0.01
0.2218684812576055 0.2157115911381951 0.01
0.2203783106152695 0.2131176092118569 0.01
0.223369850212969 0.2131240744791221 0.01
0.1755612075260117 0.1871131360333613 0.01
0.1784855574753244 0.2182085931607021 0.01
0.179975728150474 0.2208025751421831 0.01
0.1995159211303782 0.1768018614083008 0.01
0.2010172900857251 0.1742143447569061 0.01
0.1995271194105755 0.171620362775425 0.01
0.202518659041072 0.1716268281055114 0.01
0.2040088297162216 0.1742208100869924 0.01
0.2055101986715685 0.1716332934355977 0.01
0.2218796795761771 0.210530092527196 0.01
0.2248712191747088 0.2105365578326532 0.01
0.1800653143920524 0.1793505860791772 0.01
0.1964123986979086 0.2286103824069718 0.01
0.1934208590674152 0.2286039170768956 0.01
0.1710571006599711 0.1948756859875453 0.01
0.2248600208881158 0.2157180564618829 0.01
0.1695557317046242 0.19746320263894 0.01
0.2070003693467181 0.1742272754170788 0.01
0.2085017383020649 0.1716397587656841 0.01
0.2233810485006247 0.2079425758519932 0.01
0.2263725881259714 0.2079490411781115 0.01
0.2010284883659224 0.1690328461240303 0.01
0.1769841885199775 0.2207961098120967 0.01
0.175494017844828 0.2182021278306157 0.01
0.1784743591951271 0.2233900917935778 0.01
0.1949110297425622 0.2311978990583682 0.01
0.1979025693730583 0.2312043643884532 0.01
0.1919194901120658 0.231191433728282 0.01
0.2099919089772146 0.1742337407471652 0.01
0.2114932779325615 0.1716462240957705 0.01
0.2248824174501084 0.2053550592111984 0.01
0.2278739570796603 0.205361524527959 0.01
0.2293641277546525 0.2079555065072191 0.01
0.2308654967095757 0.2053679898552565 0.01
0.2293753260344766 0.2027740078740856 0.01
0.2323668656648531 0.2027804732036298 0.01
0.1845358264175012 0.1871325320236204 0.01
0.2203895089554988 0.2079361105629267 0.01
0.1680655610294746 0.194869220657459 0.01
0.2100031072574118 0.1690522421142894 0.01
0.2129946468879083 0.1690587074443758 0.01
0.2144848175630579 0.1716526894258568 0.01
0.1665641920741277 0.1974567373088537 0.01
0.1680543627492773 0.2000507192903347 0.01
0.2323556673847495 0.2079619718366775 0.01
0.2308766949897235 0.2001864912222391 0.01
0.2338682346202033 0.2001929565522502 0.01
0.2084905400218677 0.1768212573985599 0.01
0.1830120609017597 0.2000830459407666 0.01
0.173992648889481 0.2207896444820103 0.01
0.1725024782143315 0.2181956625005293 0.01
0.1934096607872148 0.2337854157097614 0.01
0.1904181211567184 0.2337789503796751 0.01
0.2159861865184048 0.1690651727744621 0.01
0.2174763571935544 0.1716591547559432 0.01
0.1650628231187808 0.2000442539602484 0.01
0.1665529937939304 0.2026382359417294 0.01
0.2323780639450543 0.1975989745707716 0.01
0.2009389021651351 0.2104848352323435 0.01
0.1860595919332426 0.1741820181064742 0.01
0.2099023227655945 0.2156857299613915 0.01
0.1830680523027462 0.1741755527763879 0.01
0.184569421258093 0.1715880361249932 0.01
0.1815778816275966 0.1715815707949068 0.01
0.1859700056916643 0.2156340071694802 0.01
0.2159749882382075 0.1742466714073379 0.01
0.2278851553846206 0.2001800258802209 0.01
0.2143728347610838 0.2234676757556056 0.01
0.1904293194369163 0.228597451746801 0.01
0.1980369487354259 0.169026380793944 0.01
0.1995383176907728 0.1664388641425493 0.01
0.1965467780602763 0.1664323988124629 0.01
0.1979809573358328 0.1949338739594387 0.01
0.1949894177046926 0.1949274086288368 0.01
0.1964907866593829 0.1923398919769161 0.01
0.2173643743915809 0.2234741410850819 0.01
0.2158630054362342 0.2260616577363242 0.01
0.2188545450667308 0.2260681230662835 0.01
0.2173531761113839 0.2286556397176316 0.01
0.2143616364808875 0.2286491743875374 0.01
0.1980145521750313 0.1793893780596955 0.01
0.1830792505829434 0.1689940541435121 0.01
0.2158518071560371 0.2312431563689756 0.01
0.2128602675255406 0.2312366910388934 0.01
0.2203447157418805 0.228662105047689 0.01
0.2218460846972274 0.2260745883962895 0.01
0.1650740213989781 0.1948627553273726 0.01
0.166575390354325 0.1922752386759779 0.01
0.2189777261489013 0.1690716381045485 0.01
0.2204678968240509 0.1716656200860296 0.01
0.2353584052953501 0.2027869385337187 0.01
0.2353696035755469 0.1976054399008405 0.01
0.2115044762127587 0.1664647254628947 0.01
0.1710011092589846 0.2207831791519239 0.01
0.169510938583835 0.2181891971704429 0.01
0.1710123075391819 0.2156016805190482 0.01
0.1680207679086854 0.2155952151889618 0.01
0.1724912799341341 0.223377161133405 0.01
0.1800877109524469 0.1689875888134258 0.01
0.1785863419971001 0.1715751054648205 0.01
0.1980481470156231 0.1638448821610682 0.01
0.2010396866461197 0.1638513474911546 0.01
0.1950566073851267 0.1638384168309819 0.01
0.1635614541634339 0.202631770611643 0.01
0.2143504382006902 0.233830673020368 0.01
0.2113588985701937 0.2338242076902812 0.01
0.233879432900398 0.1950114579193623 0.01
0.236870972530894 0.1950179232494463 0.01
0.1934880487492384 0.1975149252801455 0.01
0.1919978780736785 0.1949209432983358 0.01
0.1934320573476281 0.2234224184440702 0.01
0.1695221368640323 0.2130076985375672 0.01
0.1665305972335359 0.2130012332074807 0.01
0.1829672677809705 0.2208090404722695 0.01
0.2233362553723769 0.2286685703777572 0.01
0.2248376243277239 0.2260810537263595 0.01
0.1919082918318679 0.2363729323611558 0.01
0.1948998314623643 0.2363793976912422 0.01
0.2383611432060435 0.197611905230927 0.01
0.1680095696284881 0.2207767138218376 0.01
0.1860707902134399 0.1690005194735985 0.01
0.1845806195382903 0.1664065374921174 0.01
0.1889167522013714 0.2363664670310694 0.01
0.1874265815262218 0.2337724850495884 0.01
0.1635838507238285 0.1922687733458916 0.01
0.1650852196791754 0.1896812566944969 0.01
0.1620712834882844 0.200037788630162 0.01
0.2174875554737517 0.1664776561230675 0.01
0.2219692657793978 0.1690781034346349 0.01
0.2234594364545474 0.1716720854161159 0.01
0.22183488641703 0.2312560870291496 0.01
0.2353808018557444 0.1924239412679653 0.01
0.2219580674992005 0.1742596020675106 0.01
0.2308878932880379 0.1950049925762625 0.01
0.2009053072837665 0.226029331085716 0.01
0.1889839418825655 0.2052774752338214 0.01
0.1815330885068074 0.1923075653264098 0.01
0.2010060918055278 0.1793958433897818 0.01
0.1995047228501809 0.1819833600411765 0.01
0.2024962624806774 0.1819898253712628 0.01
0.1949446245834992 0.2156534031604603 0.01
0.1905301039586914 0.1819639640509174 0.01
0.1725136764945288 0.2130141638676535 0.01
0.2098687278950441 0.2312302257088001 0.01
0.2083673589396972 0.2338177423601936 0.01
0.2098575296148468 0.2364117243416745 0.01
0.2068659899843503 0.2364052590115878 0.01
0.2009948935253305 0.1845773420226576 0.01
0.203986433155827 0.1845838073527439 0.01
0.198003353894834 0.1845708766925712 0.01
0.2308542984294067 0.2105494884880622 0.01
0.2338458380598372 0.2105559538180423 0.01
0.23234446910448 0.2131434704694175 0.01
0.2353360087349638 0.213149935799483 0.01
0.2338346397796131 0.2157374524508709 0.01
0.2368373776903067 0.2105624191480814 0.01
0.1710235058193792 0.2104201818861725 0.01
0.1650292282781889 0.2155887498588754 0.01
0.1635390576030394 0.2129947678773944 0.01
0.1859252125708749 0.236360001700983 0.01
0.1844350418957253 0.2337660197195019 0.01
0.19954951597097 0.1612573655096735 0.01
0.2025410556014665 0.1612638308397599 0.01
0.2263277950028734 0.2286750357078378 0.01
0.2278291639582204 0.2260875190564422 0.01
0.1933984625070174 0.2389669143426368 0.01
0.1963900021375138 0.2389733796727232 0.01
0.2083561606594999 0.2389992409930688 0.01
0.2053646210290034 0.2389927756629824 0.01
0.1770961713219505 0.1689811234833394 0.01
0.1755948023666036 0.1715686401347341 0.01
0.2383723414862408 0.1924304065980511 0.01
0.1620936800486789 0.1896747913644105 0.01
0.1635950490040258 0.1870872747130159 0.01
0.1665865886345223 0.1870937400431022 0.01
0.1650964179593727 0.1844997580616212 0.01
0.1680879575898692 0.1845062233917075 0.01
0.1665977869147195 0.1819122414102265 0.01
0.169589326545216 0.1819187067403129 0.01
0.1680991558700664 0.1793247247588318 0.01
0.1710906955005629 0.1793311900889182 0.01
0.1696005248254133 0.1767372081074371 0.01
0.1605699145329375 0.2026253052815567 0.01
0.1785975402772974 0.1663936068319447 0.01
0.1605923110933321 0.1922623080158052 0.01
0.2368821724785553 0.1898364212332515 0.01
0.2249496071350635 0.1742660674007108 0.01
0.2264509760859383 0.1716785507467213 0.01
0.2024850642004801 0.1871713240041386 0.01
0.2263389932830708 0.223493537074961 0.01
0.2293305329135673 0.2235000024050465 0.01
0.2053758193092007 0.2338112770301068 0.01
0.1904965091182453 0.1975084599496614 0.01
0.189006338443013 0.194914477968114 0.01
0.1905077073983461 0.1923269613167083 0.01
0.2040312262766161 0.1638578128212409 0.01
0.205532595231963 0.1612702961698462 0.01
0.1875721591687868 0.1664130028222038 0.01
0.1860819884936372 0.1638190208407228 0.01
0.1695445334244269 0.2026447012718158 0.01
0.1650404265583863 0.2104072512259997 0.01
0.1620488869278898 0.2104007858959133 0.01
0.1636062472842231 0.1819057760801401 0.01
0.1620376886476925 0.215582284528789 0.01
0.1829336729403784 0.2363535363708965 0.01
0.1814435022652288 0.2337595543894155 0.01
0.1829448712205758 0.2311720377380208 0.01
0.1799533315900793 0.2311655724079344 0.01
0.1784519626347324 0.2337530890593291 0.01
0.1769617919595828 0.231159107077848 0.01
0.2113477002899964 0.2390057063231553 0.01
0.1666089851949168 0.1767307427773508 0.01
0.2293193346333699 0.2286815010379226 0.01
0.2010508849263169 0.1586698488582788 0.01
0.174104631691454 0.168974658153253 0.01
0.2368261794101068 0.2157439177809527 0.01
0.2353248104547588 0.2183314344323455 0.01
0.1681103541502637 0.1741432261259561 0.01
0.1874153832460244 0.238953983682464 0.01
0.1980593452958204 0.1586633835281925 0.01
0.1590797438577879 0.2000313233000756 0.01
0.2398737107194983 0.18984288938277 0.01
0.2413638811630557 0.1924368718341564 0.01
0.2383835432223352 0.1872488962040402 0.01
0.2279411470478406 0.1742725328950087 0.01
0.2294425157155404 0.1716850160762887 0.01
0.233890636456927 0.1898299534060872 0.01
0.223448238180611 0.1768535840526245 0.01
0.2054766038309766 0.187177789334225 0.01
0.2069779727863235 0.1845902726828303 0.01
0.2278403622384177 0.2209060204235655 0.01
0.1875161677678191 0.1923204959865975 0.01
0.1890175367231554 0.1897329793351943 0.01
0.1890735281241337 0.1638254861708091 0.01
0.1875833574489841 0.1612315041893281 0.01
0.1845918178184876 0.1612250388592417 0.01
0.2204566985448971 0.1768471187195108 0.01
0.1695781282650188 0.1871002053731886 0.01
0.1920090763536534 0.1897394446652819 0.01
0.1725808661757125 0.1819251720703992 0.01
0.1994823262900341 0.1923463573071265 0.01
0.1978913710928608 0.2363858630213286 0.01
0.1993815417680103 0.2389798450028096 0.01
0.1935552384297798 0.1664259334823766 0.01
0.1740822351310594 0.1793376554190045 0.01
0.2173419778311867 0.2338371383504533 0.01
0.2158406088758398 0.2364246550018475 0.01
0.2188321485063362 0.2364311203319335 0.01
0.1905748970794806 0.1612379695194144 0.01
0.2308431001491115 0.2157309871207759 0.01
0.2009501005781992 0.2053033367271109 0.01
0.1740150454498757 0.2104266472162589 0.01
0.1934768504700396 0.2026964239135833 0.01
0.1860147988124672 0.1949080126379881 0.01
0.2114820796523642 0.1768277227286462 0.01
0.2099807106970173 0.1794152393800409 0.01
0.2129722503275138 0.1794217047101272 0.01
0.2114708813721669 0.182009221361522 0.01
0.2144624210026634 0.1820156866916083 0.01
0.163527859322842 0.2181762665102701 0.01
0.1770849730417532 0.1741626221162151 0.01
0.1904629142775145 0.2130529558481762 0.01
0.1890623298439364 0.1690069848036848 0.01
0.1814547005454262 0.2285780557565398 0.01
0.1844462401759227 0.2285845210866262 0.01
0.16804316446908 0.2052322179232104 0.01
0.1710347040995765 0.2052386832532968 0.01
0.1606035093735293 0.1870808093829295 0.01
0.1651187779596479 0.1741536773406332 0.01
0.2279523275211396 0.1690991404064781 0.01
0.2309258722722248 0.1690984706325193 0.01
0.1754604230042359 0.2337466237292427 0.01
0.1739702523290863 0.2311526417477616 0.01
0.1754716212844332 0.228565125096367 0.01
0.1724800816539368 0.2285586597662806 0.01
0.194888633182167 0.2415608963241179 0.01
0.2068547939458863 0.2415857203835411 0.01
0.203863254689012 0.2415790821766342 0.01
0.2277891788112456 0.231252314527976 0.01
0.2307759577273234 0.2312388311695688 0.01
0.2382556143459743 0.2183417677954358 0.01
0.2367784184071568 0.2209107196022574 0.01
0.1919052639853706 0.2415497373065695 0.01
0.157578374902441 0.2026188399514703 0.01
0.1590685455775906 0.2052128219329513 0.01
0.1890844717526712 0.1587618160976563 0.01
0.1920761401808885 0.1587086860968129 0.01
0.1769506050412652 0.2363353485137808 0.01
0.2397096340611242 0.2157742199634347 0.01
0.1709708574262953 0.2311931489121747 0.01
0.1693847944866506 0.228643234782427 0.01
0.2309331288686723 0.1742788876918011 0.01
0.221946869220222 0.179441100701092 0.01
0.2084681434614731 0.1871842546643114 0.01
0.2129610520473166 0.1846032033430031 0.01
0.2008829107233572 0.236392328351415 0.01
0.1905189056784942 0.1871454626837932 0.01
0.2039752348756297 0.1897653059856197 0.01
0.175572405806209 0.1819316374004856 0.01
0.1740934334112567 0.1741561567861288 0.01
0.1725360730549234 0.2026511666019022 0.01
0.2248488226079212 0.2208995550934791 0.01
0.2069891710665208 0.1794087740499545 0.01
0.1979921556146773 0.1897523753254795 0.01
0.2070227659071126 0.1638642781513273 0.01
0.2085241348624595 0.1612767614999326 0.01
0.2070339641873099 0.1586827795184516 0.01
0.2099765382318777 0.1587173742190437 0.01
0.2115075135619679 0.1612879150584366 0.01
0.2086159908521021 0.1560874810705398 0.01
0.1935216435891879 0.1819704293810038 0.01
0.1935440401495825 0.1716074321152523 0.01
0.1605811128131348 0.1974438066486809 0.01
0.1575895731826383 0.1974373413185946 0.01
0.2338173477122858 0.2209165016151439 0.01
0.2353065027562477 0.2235100753518589 0.01
0.1755052161250253 0.21302062919774 0.01
0.1770065850803722 0.2104331125463453 0.01
0.2055213969517657 0.166451794802722 0.01
0.2159637899580103 0.1794281700402136 0.01
0.2174539606331645 0.1820221520216926 0.01
0.1935104453089923 0.1871519280138808 0.01
0.1829560695007731 0.2259905391051451 0.01
0.1859476091312696 0.2259970044352315 0.01
0.1635502558832367 0.2078132692445187 0.01
0.2322189169863605 0.2286317451011593 0.01
0.1995603944881693 0.1562238227689384 0.01
0.217330979961014 0.2389259062915959 0.01
0.1637230269556449 0.1767883624757435 0.01
0.1932870450230723 0.24416687549789 0.01
0.2129050662110432 0.1588234363551211 0.01
0.2144871910954112 0.1613117612275911 0.01
0.1606534514607517 0.2181025122291989 0.01
0.1621631440973023 0.2206852793855159 0.01
0.1592097636571072 0.2154818271277625 0.01
0.2412220142455975 0.1871880120268335 0.01
0.2398005574002077 0.1846845735200668 0.01
0.2368895816087596 0.1743493231520416 0.01
0.2027102365298242 0.1554747621929446 0.01
0.2207271863530019 0.2392764076054326 0.01
0.2218236881368327 0.2364375856620197 0.01
0.1577327070557935 0.2181533475490978 0.01
0.1664841892159523 0.1715468273520295 0.01
0.1695890573957503 0.1715553066758205 0.01
0.168121552430461 0.1689617274930803 0.01
0.1739048451774232 0.2364273443662699 0.01
0.1756395878270354 0.2388588571483999 0.01
0.2009085697423441 0.1534699878064236 0.01
0.2161061148189093 0.1584056774977586 0.01
0.217498753753949 0.1612961574901919 0.01
0.1965704819391715 0.1561567947605329 0.01
0.1621793722098957 0.1747046813365652 0.01
0.1562021043421628 0.2051902961371428 0.01
0.1577034613197069 0.2077313476555789 0.01
0.1546513778453878 0.2027024434217198 0.01
0.1963368775780783 0.2442501989896519 0.01
0.2383408928864947 0.2233586004174615 0.01
0.2368341969122631 0.2258443818583979 0.01
0.23368747345555 0.2309273131966281 0.01
0.2338501735383829 0.174335745999289 0.01
0.2383258245428552 0.1821045047033417 0.01
0.2339018444876092 0.184648510849945 0.01
0.2324103013157492 0.1768823978147074 0.01
0.2323327980581028 0.1717304612028747 0.01
0.22792994678392 0.1794540381592507 0.01
0.2294089219707151 0.1872295194199349 0.01
0.227907552042606 0.1898170302727109 0.01
0.2324004721724514 0.1872359777812209 0.01
0.2249160121804193 0.1898105641667547 0.01
0.2234146433583521 0.1923980801613669 0.01
0.2264061830308348 0.1924045455986722 0.01
0.2249048140735672 0.1949920620365966 0.01
0.2219132744578942 0.1949855967187222 0.01
0.2234034451788739 0.19757957862748 0.01
0.2204119055608377 0.1975731133633871 0.01
0.2219020762061165 0.2001670953023673 0.01
0.218910536646337 0.2001606300423076 0.01
0.2174203659334627 0.1975666480369021 0.01
0.2159189969977148 0.2001541647264766 0.01
0.2174091677449886 0.2027481467250348 0.01
0.2144176281113589 0.2027416814493511 0.01
0.2159077988299022 0.2053356633995172 0.01
0.2129162592102208 0.2053291981373956 0.01
0.2144064299111489 0.2079231800721899 0.01
0.2114148903060079 0.2079167148193335 0.01
0.2099247195809715 0.205322732871418 0.01
0.2084233506798552 0.207910249554425 0.01
0.2069331799517477 0.2053162676047995 0.01
0.2129050608850639 0.2105106967683266 0.01
0.2084345488529404 0.2027287508845469 0.01
0.2129274573530409 0.2001476994104721 0.01
0.2054318110709104 0.2079037842755063 0.01
0.2069219817383626 0.2104977662099326 0.01
0.21589660042932 0.2105171620252705 0.01
0.2054430092224629 0.2027222856544176 0.01
0.2039304421108862 0.2104913009147724 0.01
0.2054206127311419 0.2130852828361456 0.01
0.2069443780993249 0.2001347688612794 0.01
0.224938408574158 0.1794475671682805 0.01
0.2294292985127689 0.1768680673272317 0.01
0.223437039747123 0.1820350832383474 0.01
0.2189441313026785 0.1846161340253907 0.01
0.2144512227231796 0.1871971853276121 0.01
0.2114596830930997 0.1871907199960074 0.01
0.2159525916769942 0.1846096686773129 0.01
0.2337144350996959 0.2259967350633183 0.01
0.2263501915632677 0.2183120384422976 0.01
0.1845246281373093 0.1923140306565005 0.01
0.1830232591819602 0.1949015473078934 0.01
0.1875273660479991 0.1871389973537079 0.01
0.1859924022520625 0.205271009903731 0.01
0.1874937712074081 0.2026834932523355 0.01
0.1904853108381778 0.2026899585826011 0.01
0.1935664157343206 0.161254140387633 0.01
0.1591542223332463 0.1896985458090915 0.01
0.1577235129312257 0.1923270616400299 0.01
0.1574872925767102 0.1871380606184011 0.01
0.1592001964998781 0.1845454893904324 0.01
0.2099695124170084 0.1845967380131849 0.01
0.1830904488631407 0.1638125555106364 0.01
0.1816000395737082 0.1613289815167217 0.01
0.1829498675432422 0.1586054422869498 0.01
0.2069667745065629 0.1897717713160062 0.01
0.2054990003913712 0.1768147920684735 0.01
0.2085129365822622 0.1664582601328084 0.01
0.2264394410390603 0.1768603095005178 0.01
0.2056963800653717 0.1559593319793574 0.01
0.1830344574621552 0.1897200486750158 0.01
0.2024514695477522 0.2027158200736728 0.01
0.212893862368578 0.2156921952008869 0.01
0.1950230125445348 0.1793829127296091 0.01
0.1740710368508621 0.1845191540518803 0.01
0.1874377798064193 0.2285909864167129 0.01
0.1889391487617662 0.2260034697653183 0.01
0.1874489780866165 0.2234094877838369 0.01
0.1978731850994571 0.2415832484348798 0.01
0.199387854642273 0.2440233832412514 0.01
0.1723504316906148 0.2339218976274561 0.01
0.1693356985816993 0.2337786468590599 0.01
0.2025074607608747 0.1768083267383871 0.01
0.2353472070151522 0.2079684371665919 0.01
0.2383387466456495 0.2079749024966797 0.01
0.2398289173207992 0.2105688844781611 0.01
0.2413302862761454 0.207981367826765 0.01
0.2398401156009958 0.205387385845284 0.01
0.2427288494908139 0.2054194254096235 0.01
0.2413243502662296 0.2028041315662647 0.01
0.2442716265523302 0.2077509338275342 0.01
0.2447094138760619 0.2029151435222054 0.01
0.2429027294115412 0.2002311977709287 0.01
0.2454656885388282 0.2001855775120139 0.01
0.2446679098558473 0.1973981273431696 0.01
0.2414166100513171 0.1975837266744307 0.01
0.2428540517918871 0.1950308539096186 0.01
0.2383470892108274 0.202794114259199 0.01
0.1621193546291259 0.1845030697296988 0.01
0.1607410394080485 0.1819742198066983 0.01
0.1800317195514611 0.1948950819778049 0.01
0.1904405177171161 0.2234159531139334 0.01
0.1889503470419639 0.2208219711324439 0.01
0.1919418866724636 0.2208284364625406 0.01
0.190451715997311 0.2182344544810498 0.01
0.1949334263030575 0.2208349017929383 0.01
0.1710459023797738 0.2000571846204211 0.01
0.236859298298194 0.2001995402815572 0.01
0.2368481000179963 0.2053810389144307 0.01
0.2293529294739619 0.2131370051392948 0.01
0.174026243730073 0.2052451485833832 0.01
0.190552500519086 0.1716009667851659 0.01
0.2099583141395611 0.189778236648429 0.01
0.2054654055516441 0.1923592879676787 0.01
0.1784631609149298 0.2285715904264534 0.01
0.1725920644559098 0.1767436734375235 0.01
0.1994487315642839 0.2078908533119813 0.01
0.191975481513427 0.2052839405641461 0.01
0.1785639454367055 0.1819381027305719 0.01
0.1770737747615559 0.1793441207490909 0.01
0.2143392733221637 0.238996716537953 0.01
0.2159261653327525 0.2416906964958418 0.01
0.2128215562770241 0.2414189907091194 0.01
0.2098293966482956 0.2415015721034426 0.01
0.2086111868747563 0.2440641101910484 0.01
0.2128490748122884 0.2364156138192132 0.01
0.1950006159841644 0.1897459099953799 0.01
0.2188433467865336 0.231249621699073 0.01
0.2432350380379067 0.1894677937223691 0.01
0.200972496966702 0.1949403392898141 0.01
0.2024066762390989 0.2234418144342689 0.01
0.2038968469142509 0.2260357964157587 0.01
0.2023954779589044 0.2286233130671548 0.01
0.205387017589399 0.2286297783972341 0.01
0.2053982158696396 0.2234482797668446 0.01
0.1844686367363174 0.2182215238208748 0.01
0.2144960158432552 0.1664711907929811 0.01
0.1965131832196844 0.1819768947110901 0.01
0.1950118142643378 0.1845644113624851 0.01
0.1844239223006928 0.2389111103444641 0.01
0.1814294260280148 0.23876742360623 0.01
0.1859481052581544 0.2412412956096767 0.01
0.2398685367406921 0.2002041026305512 0.01
0.2398731667049064 0.1950186145827717 0.01
0.2024738659208133 0.1923528226374105 0.01
0.2263837864233834 0.2027675425539498 0.01
0.2338569570146128 0.2053744749183842 0.01
0.2039976314360243 0.1794023087198682 0.01
0.2054878021111739 0.1819962907013492 0.01
0.1711093144426475 0.1689681256900432 0.01
0.1697403923285355 0.1661091652544808 0.01
0.1874713746470124 0.2130464905180862 0.01
0.2113812951305859 0.2234612104279604 0.01
0.2098799261752413 0.2260487270766831 0.01
0.2233474536525743 0.2234870717448781 0.01
0.2218572829774224 0.2208930897645077 0.01
0.2203559140220773 0.2234806064150578 0.01
0.1740038471696784 0.2156081458491346 0.01
0.2040941860903754 0.1585534749264398 0.01
0.1905636987992833 0.1664194681522902 0.01
0.2323892631257743 0.192417474925614 0.01
0.1710981161624501 0.1741496243229189 0.01
0.1875609608885895 0.1715945014550795 0.01
0.218966527868878 0.1742531367375252 0.01
0.1635726524436312 0.1974502719787673 0.01
0.2099135212568952 0.2105042314702988 0.01
0.211437286531575 0.1975537172601493 0.01
0.2144288262216738 0.197560182640246 0.01
0.2159301952301571 0.19497266601749 0.01
0.1994039383284112 0.2286168477370797 0.01
0.2008941090035561 0.2312108297185446 0.01
0.2070115676269153 0.169045776784203 0.01
0.1920538694744329 0.1690134501337712 0.01
0.1740598385706649 0.189700652684756 0.01
0.2040200279964189 0.1690393114541167 0.01
0.2025298573212692 0.1664453294726356 0.01
0.1889209979070286 0.241386040263167 0.01
0.1904108586131134 0.2389326791645104 0.01
0.1680319661888827 0.2104137165560861 0.01
0.1680767593096719 0.1896877220245833 0.01
0.1695669299848215 0.1922817040060643 0.01
0.172558469615318 0.1922881693361507 0.01
0.2039416403191791 0.2053098022140019 0.01
0.1769953868001748 0.215614611179221 0.01
0.2233586519327656 0.2183055731148267 0.01
0.2249608024901682 0.1690859198167528 0.01
0.2234706342481237 0.1664908119585788 0.01
0.2204790950231447 0.166484158982377 0.01
0.221980340166728 0.1639539306356661 0.01
0.2254450289351763 0.1636147044050654 0.01
0.2264621743652412 0.1664970521133266 0.01
0.1800988694635971 0.1638244915118111 0.01
0.178652140146769 0.1613259783375962 0.01
0.1771145965721856 0.1638216700954284 0.01
0.1757860432414565 0.1612948236034188 0.01
0.1743253116467742 0.1639162187487904 0.01
0.1860747168980358 0.1588199600254875 0.01
0.1845022315769104 0.2026770279222483 0.01
0.1860036005322568 0.2000895112708533 0.01
0.1875049694876403 0.197501994619488 0.01
0.224821628236397 0.2312597684990095 0.01
0.2262699951351432 0.2338294944463971 0.01
0.187538564328195 0.181957498720831 0.01
0.1859364108510722 0.2311785030681072 0.01
0.188927950481569 0.2311849683981944 0.01
0.1934992470289863 0.1923334266469098 0.01
0.2008734667859281 0.2415532796923738 0.01
0.2025884316519949 0.2447177742082517 0.01
0.2007374035183092 0.2467398020741118 0.01
0.1949782194279551 0.2001089072642066 0.01
0.1860259970926565 0.1897265140051061 0.01
0.1799416669059055 0.2363119994083665 0.01
0.1620824817684817 0.1948562899972863 0.01
0.1591113990493835 0.1948616944929184 0.01
0.1562414630335174 0.1948682625914854 0.01
0.1546148058400289 0.1974049587497168 0.01
0.1920202746338414 0.1845579460323987 0.01
0.1890287350033449 0.1845514807023123 0.01
0.203885648634052 0.2312172950486288 0.01
0.199392740048208 0.2337983463699349 0.01
0.2144736192828607 0.1768341880587326 0.01
0.212983448607711 0.1742402060772515 0.01
0.1964347952592267 0.2182473851437018 0.01
0.2278627588003611 0.2105430231590915 0.01
0.2263613898447886 0.2131305398104557 0.01
0.1754828195646306 0.2233836264634914 0.01
0.2323322551930747 0.2183245608574931 0.01
0.2203335174616831 0.2338436036805424 0.01
0.2383095342022081 0.2131603739382922 0.01
0.1755276126854199 0.2026576319319885 0.01
0.1740374420102703 0.2000636499505075 0.01
0.227851560518835 0.2157245217911463 0.01
0.1785079540357191 0.2078455958949507 0.01
0.2128714658057373 0.2260551924069191 0.01
0.1784967557555218 0.2130270945278264 0.01
0.1694997403036376 0.2233706958033186 0.01
0.1665082006731412 0.2233642304732322 0.01
0.1665193989533385 0.2181827318403565 0.01
0.1650408056196261 0.2207571645290597 0.01
0.2084793417417018 0.1820027560314803 0.01
0.1725982259116937 0.1715620852938164 0.01
0.1860371953728484 0.1845450153722259 0.01
0.1756421187543277 0.1664113255807547 0.01
0.1889951401628296 0.2000959766009942 0.01
0.211370096850391 0.2286427090575087 0.01
0.1800765126722497 0.1741690874463015 0.01
0.1815666833473993 0.1767630694277826 0.01
0.1934544539081397 0.2130594211784277 0.01
0.1815218902266107 0.197489063959286 0.01
0.2188657433469249 0.2208866244350537 0.01
0.1770625764813586 0.1845256193819666 0.01
0.1919866797944143 0.2001024419318653 0.01
0.1845134298571158 0.1974955292893792 0.01
0.1890511315637391 0.1741884834365606 0.01
0.2218908778782567 0.2053485939121797 0.01
0.2233164905257359 0.2338450983848707 0.01
0.2023842796787047 0.2338048117000219 0.01
0.1965019849394872 0.1871583933439659 0.01
0.1635432326012183 0.2233425005200058 0.01
0.1649051560472954 0.2260027434749593 0.01
0.1617976824294755 0.2256783363357169 0.01
0.1659733659028722 0.2288728008694212 0.01
0.1605884340971227 0.2227548343912716 0.01
0.1785751437169028 0.1767566040976962 0.01
0.2293865243388154 0.1975925092343418 0.01
0.1815890732796193 0.1664031390505746 0.01
0.1755836040864063 0.1767501387676098 0.01
0.19193068839227 0.2260099350954284 0.01
0.1950454091049294 0.1690199154638576 0.01
0.196535579780079 0.1716138974453386 0.01
0.2174651589135601 0.1768406533889367 0.01
0.1964012004177114 0.233791881039848 0.01
0.1965579728445308 0.1612525177692758 0.01
0.2100129453824444 0.1638715248528166 0.01
0.2023733742248608 0.2389826840946194 0.01
0.2038744991582462 0.2363981893084555 0.01
0.1622603162845757 0.1793962253838649 0.01
0.1593619137365888 0.1792737521452731 0.01
0.1651227900167035 0.1793272800989158 0.01
0.1950679984974844 0.1586830764598454 0.01
0.1934921107725343 0.1559339201843404 0.01
0.206877188264548 0.2312237603787134 0.01
0.2083785572198947 0.2286362437274626 0.01
0.1920650642586874 0.1638335690905842 0.01
0.1919530849527387 0.2156469378298024 0.01
0.2068883865447532 0.2260422617465924 0.01
0.1560882042272913 0.2000248579699892 0.01
0.1799981247108687 0.2104395778764317 0.01
0.1994935245699904 0.1871648586740577 0.01
0.2009836952452034 0.1897588406555871 0.01
0.2411135147062471 0.2132366134012378 0.01
0.2431895261093637 0.2107988912223721 0.01
0.1620600852080871 0.2052192872630377 0.01
0.1934432556280495 0.2182409198117489 0.01
0.1710794972203656 0.1845126887217939 0.01
0.1605747870791948 0.2129726372021513 0.01
0.1576125516251342 0.2129899566847962 0.01
0.1728310604605425 0.1664519641833649 0.01
0.2308307169658623 0.220912009468092 0.01
0.2293417311937646 0.2183185037721707 0.01
0.1710682989401684 0.1896941873546696 0.01
0.1725696678955152 0.1871066707032749 0.01
0.2323033731727293 0.2234882180483312 0.01
0.2247941639325091 0.236341418132674 0.01
0.2308207035887168 0.2260939843865274 0.01
0.2189889037667702 0.1638997000321945 0.01
0.2208449664599777 0.1609011991656682 0.01
0.187460176366814 0.2182279891509618 0.01
0.2189553295886143 0.1794346353703617 0.01
0.2130009211490733 0.1638817985893845 0.01
0.18445743845612 0.2234030224537505 0.01
0.1799645298702767 0.2259840737750588 0.01
0.2159932235137018 0.1638897107092351 0.01
0.1859588074114671 0.2208155058023562 0.01
0.1739814506092837 0.225971143114886 0.01
0.1755164144052226 0.2078391305648642 0.01
0.1889615453221758 0.2156404724995928 0.01
0.1665417955137331 0.2078197345746051 0.01
0.1590940351452605 0.2103815644314354 0.01
0.2443554207472337 0.1924433372582238 0.01
0.1725248747747261 0.2078326652347778 0.01
0.1605875450102953 0.2077931794039059 0.01
0.1814658988256236 0.2233965571236641 0.01
0.1769729902397802 0.2259776084449724 0.01
0.1650516248385835 0.205225752593124 0.01
0.1695333351442296 0.2078261999046914 0.01
0.1709726197226556 0.2259798511758384 0.01
0.1678739795227088 0.2260389260965328 0.01
0.2114260884772429 0.202735216128069 0.01
0.2099359177439405 0.2001412340354728 0.01
0.1558970154785452 0.2102982036104369 0.01
0.2204455002384375 0.1820286174483611 0.01
0.2204231037155259 0.1923916147388799 0.01
0.2308990947388056 0.1898234943854121 0.01
0.2278963536904096 0.1949985273045573 0.01
0.2263949847474255 0.1975860439349177 0.01
0.2293977233194114 0.1924110108438715 0.01
0.2039192435388095 0.2156727993090158 0.01
0.2189217348318392 0.1949791313650136 0.01
0.2233922468392246 0.2027610772427998 0.01
0.2248936157966074 0.2001735605902892 0.01
0.2024290728691743 0.213078817321146 0.01
0.2204007072592159 0.2027546119507939 0.01
0.2024402714202422 0.2078973188621685 0.01
0.2188993383450733 0.205342128634959 0.01
0.2173979694292692 0.2079296453294878 0.01
0.2173867709973166 0.2131111439603961 0.01
0.2188881400004752 0.2105236272695224 0.01
0.2143952313209466 0.2131046787354356 0.01
0.211403691773297 0.2130982133830126 0.01
0.2084121522416986 0.21309174803321 0.01
0.2069107831396839 0.2156792647567404 0.01
0.2368803549763011 0.1846600397642212 0.01
0.2353898372990298 0.1872432998731277 0.01
0.2056565507497479 0.244288430444736 0.01
0.1784408325258136 0.2389030445105469 0.01
0.2294007685632737 0.1665780371187488 0.01
0.2327232129650699 0.1662253960725913 0.01
0.1900716462724404 0.2439124582015251 0.01
0.1664881253692309 0.1663598113118995 0.01
0.2276358801914159 0.2363172497677138 0.01
0.2262659710118664 0.2390695411281615 0.01
0.2399260903216196 0.17439986475556 0.01
0.163422692332063 0.1719593896373613 0.01
0.232646505368554 0.2339253721421902 0.01
0.2425195410414965 0.1845961072539763 0.01
0.2338251056160326 0.169279793933896 0.01
0.1679546972649721 0.2311408876325506 0.01
0.1727640066578979 0.1613748461635232 0.01
0.1565120486055001 0.1803082604400978 0.01
0.1826254373186136 0.155730336273281 0.01
0.2260350648161567 0.1604595407452714 0.01
0.1801339072101278 0.2430738840308199 0.01
0.2428474740730152 0.2206342559935777 0.01
0.2285257948378419 0.1619479621608045 0.01
0.1534199482887744 0.1912998767423371 0.01
0.1936162540330068 0.1528732948077727 0.01
0.2463228746497423 0.2098377267158281 0.01
0.2160424387604944 0.244769618196518 0.01
0.1547472095846165 0.1857434095619145 0.01
0.1853252875858142 0.2453262464959915 0.01
0.2450045939282229 0.2153709167001184 0.01
0.2105382524778621 0.1537174905667413 0.01
0.18017462652959 0.15690627480449 0.01
0.1532567428173319 0.2087285631159992 0.01
0.1936162540330074 0.2471267051922275 0.01
0.2211435965036071 0.1576617177853689 0.01
0.2076814898709055 0.1533604949527357 0.01
0.2463716138590831 0.1902464169107494 0.01
0.2210826731875152 0.2424024759553467 0.01
0.1882002993541634 0.1540458915489024 0.01
0.210562027672088 0.2463483470983261 0.01
0.2160424387604939 0.1552303818034818 0.01
0.2470259347450263 0.2070880192016343 0.01
0.1728541805771358 0.239167062970016 0.01
0.2396478801631801 0.2208398328415006 0.01
0.2291354151525082 0.2337627807027506 0.01
0.2076929167975256 0.2467388451713405 0.01
0.1827359004704469 0.2414427474842138 0.01
0.2401289663098983 0.225635358316613 0.01
0.1904890721149508 0.1562773657060376 0.01
0.2382223342492193 0.1718982964982864 0.01
0.2411443784654506 0.2182326677434077 0.01
0.2470027230582885 0.1930302789019947 0.01
0.164360176980374 0.2313696259289551 0.01
0.241194359620807 0.1821400920045534 0.01
0.1909648563926186 0.2465570068219412 0.01
0.2115968202171186 0.1563882489235931 0.01
0.155291778699739 0.2169609565992874 0.01
0.2234810902254641 0.1616527804492442 0.01
0.1562990589906303 0.1900720674211493 0.01
0.2382085880068573 0.2282176184701533 0.01
0.2189416982650332 0.1590271439370466 0.01
0.1533722451328358 0.2112986073606712 0.01
0.2115661643698886 0.2437432238985676 0.01
0.2475991788176635 0.1984641624690438 0.01
0.2424226363780941 0.2156999518416422 0.01
0.1872962287314685 0.1566015071915651 0.01
0.2352942517935861 0.1718414981748614 0.01
0.167872109215057 0.1642459864756147 0.01
0.2450862901658231 0.1847826045867653 0.01
0.2280681203286079 0.1645014648158924 0.01
0.223460888511572 0.238432636500837 0.01
0.218822152686287 0.2410562348144159 0.01
0.1521139883165965 0.1971310825956116 0.01
0.1521051423477869 0.2028694473786551 0.01
0.2352170445034282 0.2283829650883001 0.01
0.1987791698279133 0.1520909563503202 0.01
0.2476407974862355 0.2017023316554493 0.01
0.1871687387919148 0.2435253756448177 0.01
0.1801514722560657 0.1593353533500566 0.01
0.1613380307985222 0.1771734974737491 0.01
0.2288626757117297 0.2384322100585654 0.01
0.1799130483201523 0.2407731924143716 0.01
0.2452085152888138 0.2055091486754665 0.01
0.1572728406827808 0.1778253058887394 0.01
0.1581631126620789 0.1823242095999408 0.01
0.1746799356924616 0.1591749279323653 0.01
0.198744772570758 0.2479496227811528 0.01
0.1553669111936986 0.1926167584710779 0.01
0.2140561403642817 0.1566434875249027 0.01
0.2353043438148333 0.1673148505356046 0.01
0.1552682467814568 0.2073959881473795 0.01
0.15893720467738 0.2247574452036181 0.01
0.2451730385890788 0.1946595728499393 0.01
0.160521418270368 0.1727785089525966 0.01
0.1678058249728804 0.2357797705079034 0.01
0.1597586720162318 0.2202899511193979 0.01
0.2435114321327504 0.213547605882506 0.01
0.1746305900687916 0.2410536762710196 0.01
0.2140775566792343 0.2434389192317955 0.01
0.1601176035876852 0.2271913574635866 0.01
0.1980037663385543 0.1542929183077688 0.01
0.2352490027063389 0.2327039027240295 0.01
0.1558673934587531 0.2196491023895988 0.01
0.2027271817959881 0.2477705975798439 0.01
0.1617647060637574 0.1704331755810468 0.01
0.202781894239042 0.1522366947586844 0.01
0.2435438503017047 0.1868027489042567 0.01
0.1846670219276162 0.1569777304975019 0.01
0.1569256924157968 0.2152759025622092 0.01
0.1951113754550211 0.1544541069415451 0.01
0.1570182821619543 0.1848908657229372 0.01
0.1983331366719981 0.2460434740088984 0.01
0.184615260432288 0.2432211365638089 0.01
0.1720309070234134 0.1642923558951706 0.01
2 3 0 987
1519
1520
1521
1522
1523
1524
1525
1526
1527
1528
1529
1530
1531
1532
1533
1534
1535
1536
1537
1538
1539
1540
1541
1542
1543
1544
1545
1546
1547
1548
1549
1550
1551
1552
1553
1554
1555
1556
1557
1558
1559
1560
1561
1562
1563
1564
1565
1566
1567
1568
1569
1570
1571
1572
1573
1574
1575
1576
1577
1578
1579
1580
1581
1582
1583
1584
1585
1586
1587
1588
1589
1590
1591
1592
1593
1594
1595
1596
1597
1598
1599
1600
1601
1602
1603
1604
1605
1606
1607
1608
1609
1610
1611
1612
1613
1614
1615
1616
1617
1618
1619
1620
1621
1622
1623
1624
1625
1626
1627
1628
1629
1630
1631
1632
1633
1634
1635
1636
1637
1638
1639
1640
1641
1642
1643
1644
1645
1646
1647
1648
1649
1650
1651
1652
1653
1654
1655
1656
1657
1658
1659
1660
1661
1662
1663
1664
1665
1666
1667
1668
1669
1670
1671
1672
1673
1674
1675
1676
1677
1678
1679
1680
1681
1682
1683
1684
1685
1686
1687
1688
1689
1690
1691
1692
1693
1694
1695
1696
1697
1698
1699
1700
1701
1702
1703
1704
1705
1706
1707
1708
1709
1710
1711
1712
1713
1714
1715
1716
1717
1718
1719
1720
1721
1722
1723
1724
1725
1726
1727
1728
1729
1730
1731
1732
1733
1734
1735
1736
1737
1738
1739
1740
1741
1742
1743
1744
1745
1746
1747
1748
1749
1750
1751
1752
1753
1754
1755
1756
1757
1758
1759
1760
1761
1762
1763
1764
1765
1766
1767
1768
1769
1770
1771
1772
1773
1774
1775
1776
1777
1778
1779
1780
1781
1782
1783
1784
1785
1786
1787
1788
1789
1790
1791
1792
1793
1794
1795
1796
1797
1798
1799
1800
1801
1802
1803
1804
1805
1806
1807
1808
1809
1810
1811
1812
1813
1814
1815
1816
1817
1818
1819
1820
1821
1822
1823
1824
1825
1826
1827
1828
1829
1830
1831
1832
1833
1834
1835
1836
1837
1838
1839
1840
1841
1842
1843
1844
1845
1846
1847
1848
1849
1850
1851
1852
1853
1854
1855
1856
1857
1858
1859
1860
1861
1862
1863
1864
1865
1866
1867
1868
1869
1870
1871
1872
1873
1874
1875
1876
1877
1878
1879
1880
1881
1882
1883
1884
1885
1886
1887
1888
1889
1890
1891
1892
1893
1894
1895
1896
1897
1898
1899
1900
1901
1902
1903
1904
1905
1906
1907
1908
1909
1910
1911
1912
1913
1914
1915
1916
1917
1918
1919
1920
1921
1922
1923
1924
1925
1926
1927
1928
1929
1930
1931
1932
1933
1934
1935
1936
1937
1938
1939
1940
1941
1942
1943
1944
1945
1946
1947
1948
1949
1950
1951
1952
1953
1954
1955
1956
1957
1958
1959
1960
1961
1962
1963
1964
1965
1966
1967
1968
1969
1970
1971
1972
1973
1974
1975
1976
1977
1978
1979
1980
1981
1982
1983
1984
1985
1986
1987
1988
1989
1990
1991
1992
1993
1994
1995
1996
1997
1998
1999
2000
2001
2002
2003
2004
2005
2006
2007
2008
2009
2010
2011
2012
2013
2014
2015
2016
2017
2018
2019
2020
2021
2022
2023
2024
2025
2026
2027
2028
2029
2030
2031
2032
2033
2034
2035
2036
2037
2038
2039
2040
2041
2042
2043
2044
2045
2046
2047
2048
2049
2050
2051
2052
2053
2054
2055
2056
2057
2058
2059
2060
2061
2062
2063
2064
2065
2066
2067
2068
2069
2070
2071
2072
2073
2074
2075
2076
2077
2078
2079
2080
2081
2082
2083
2084
2085
2086
2087
2088
2089
2090
2091
2092
2093
2094
2095
2096
2097
2098
2099
2100
2101
2102
2103
2104
2105
2106
2107
2108
2109
2110
2111
2112
2113
2114
2115
2116
2117
2118
2119
2120
2121
2122
2123
2124
2125
2126
2127
2128
2129
2130
2131
2132
2133
2134
2135
2136
2137
2138
2139
2140
2141
2142
2143
2144
2145
2146
2147
2148
2149
2150
2151
2152
2153
2154
2155
2156
2157
2158
2159
2160
2161
2162
2163
2164
2165
2166
2167
2168
2169
2170
2171
2172
2173
2174
2175
2176
2177
2178
2179
2180
2181
2182
2183
2184
2185
2186
2187
2188
2189
2190
2191
2192
2193
2194
2195
2196
2197
2198
2199
2200
2201
2202
2203
2204
2205
2206
2207
2208
2209
2210
2211
2212
2213
2214
2215
2216
2217
2218
2219
2220
2221
2222
2223
2224
2225
2226
2227
2228
2229
2230
2231
2232
2233
2234
2235
2236
2237
2238
2239
2240
2241
2242
2243
2244
2245
2246
2247
2248
2249
2250
2251
2252
2253
2254
2255
2256
2257
2258
2259
2260
2261
2262
2263
2264
2265
2266
2267
2268
2269
2270
2271
2272
2273
2274
2275
2276
2277
2278
2279
2280
2281
2282
2283
2284
2285
2286
2287
2288
2289
2290
2291
2292
2293
2294
2295
2296
2297
2298
2299
2300
2301
2302
2303
2304
2305
2306
2307
2308
2309
2310
2311
2312
2313
2314
2315
2316
2317
2318
2319
2320
2321
2322
2323
2324
2325
2326
2327
2328
2329
2330
2331
2332
2333
2334
2335
2336
2337
2338
2339
2340
2341
2342
2343
2344
2345
2346
2347
2348
2349
2350
2351
2352
2353
2354
2355
2356
2357
2358
2359
2360
2361
2362
2363
2364
2365
2366
2367
2368
2369
2370
2371
2372
2373
2374
2375
2376
2377
2378
2379
2380
2381
2382
2383
2384
2385
2386
2387
2388
2389
2390
2391
2392
2393
2394
2395
2396
2397
2398
2399
2400
2401
2402
2403
2404
2405
2406
2407
2408
2409
2410
2411
2412
2413
2414
2415
2416
2417
2418
2419
2420
2421
2422
2423
2424
2425
2426
2427
2428
2429
2430
2431
2432
2433
2434
2435
2436
2437
2438
2439
2440
2441
2442
2443
2444
2445
2446
2447
2448
2449
2450
2451
2452
2453
2454
2455
2456
2457
2458
2459
2460
2461
2462
2463
2464
2465
2466
2467
2468
2469
2470
2471
2472
2473
2474
2475
2476
2477
2478
2479
2480
2481
2482
2483
2484
2485
2486
2487
2488
2489
2490
2491
2492
2493
2494
2495
2496
2497
2498
2499
2500
2501
2502
2503
2504
2505
0.2304441629936696 0.2364484694175173 0
0.1700151408876525 0.1630421775961753 0
0.1625395370126164 0.2288259237026977 0
0.2366455176910195 0.1694553682627805 0
0.1531505727243452 0.1945165239603876 0
0.1964587750505721 0.2472543629583242 0
0.2048638566494376 0.153003573357881 0
0.2473067517798369 0.2043722214163354 0
0.1772967234242234 0.2415470759832418 0
0.2133541577026496 0.2457177559520799 0
0.1853278814372741 0.1546956063909747 0
0.1591655248059061 0.1757044660272986 0
0.1548129904397844 0.2137688432576973 0
0.2236934331236497 0.1589617700241028 0
0.245768517655475 0.1874483754583034 0
0.2413798068327754 0.2231487013458389 0
0.1773806874870191 0.1585100898045254 0
0.2133476045172459 0.154310754565861 0
0.1704860041965646 0.2369271599477809 0
0.245679179147159 0.2126066524177216 0
0.1881311352957634 0.2460650767347374 0
0.2305068349415063 0.1638695682815165 0
0.1576556233701892 0.2217537820419055 0
0.2049532763079003 0.2471272760358275 0
0.1531434468973003 0.2055014135853257 0
0.22369343312365 0.2410382299758971 0
0.1554713711850386 0.183132103922411 0
0.2413957829108394 0.1769083500344474 0
0.1964139255659564 0.1525592321145965 0
0.2472995738648511 0.195755238180965 0
0.1643143031658285 0.1688223455949764 0
0.2366386565598425 0.2306799968401439 0
0.2185419724230237 0.2436462720151045 0
0.1826876337436983 0.2441111898201257 0
0.1908422076719225 0.153506452787346 0
0.2440954481749683 0.182154895828668 0
0.1527909943553444 0.2000098055077356 0
0.1663474122047978 0.2337442131886593 0
0.2186125605775243 0.1564269900310276 0
0.2439784097774367 0.2180251854444297 0
0.1540192593168095 0.188651176842015 0
0.2427609871051004 0.1795660551439253 0
0.2398317404601389 0.1795214965620346 0
0.2383983852154627 0.1769126963718854 0
0.2369015491572444 0.1794762170629856 0
0.2354133027355223 0.1768844972382761 0
0.2339123944057657 0.1794682422632163 0
0.2354033381588561 0.1820610531500318 0
0.2324115795987314 0.1820547082688594 0
0.2309214892233861 0.1794604980048611 0
0.2294201061418264 0.1820480518145206 0
0.2309102806987193 0.1846420358964529 0
0.2279187465210084 0.1846355431599818 0
0.2264285795289967 0.1820415480170877 0
0.2249272099568733 0.1846290668585654 0
0.2264173805657979 0.1872230492002234 0
0.2234258414110223 0.187216582114386 0
0.221935670938823 0.1846225993332824 0
0.2204343019496429 0.1872101161179325 0
0.2219244726303486 0.1898040981534141 0
0.2189329330173914 0.1897976327094749 0
0.2174427623529627 0.1872036506545707 0
0.215941393395829 0.1897911673182025 0
0.2174315640931575 0.1923851493147003 0
0.2144400244804589 0.1923786839843018 0
0.2129498537731865 0.1897847019824087 0
0.2114484848191486 0.1923722186328522 0
0.2129386555296055 0.1949662006345347 0
0.2099471158647687 0.1949597352838947 0
0.2084569451838958 0.192365753298988 0
0.2069555762277561 0.1949532699497531 0
0.2084457469622361 0.197547252013449 0
0.2054542072705821 0.1975407865999766 0
0.203964036595737 0.1949468046186907 0
0.2024626676401363 0.1975343212699227 0
0.2039528383917714 0.2001283033640914 0
0.2009612987362861 0.2001218379625802 0
0.1994711280181888 0.1975278559466918 0
0.1979697590642667 0.200115372599229 0
0.1994599297784367 0.2027093546034037 0
0.1964795883821966 0.1975213906122038 0
0.1964683901087402 0.2027028892490523 0
0.1979585607838598 0.2052968712302714 0
0.1949670211435484 0.2052904058939878 0
0.1964571918203338 0.2078843878765018 0
0.1934656521884741 0.2078779225455546 0
0.1949558228636691 0.2104719045270644 0
0.1979473624941732 0.2104783698571556 0
0.1919642832328904 0.2104654391967998 0
0.1904741125577564 0.2078714572153286 0
0.1964459935386079 0.2130658865084123 0
0.1994375331806827 0.2130723518639147 0
0.1889727436023634 0.2104589738666941 0
0.1874825729272179 0.2078649918852157 0
0.1979361642156157 0.2156598684940843 0
0.2009277038580062 0.2156663338637807 0
0.1859812039718634 0.2104525085366055 0
0.1844910332967139 0.2078585265551245 0
0.1994263348914373 0.2182538504793279 0
0.2024178745202876 0.218260315809455 0
0.1829896643413651 0.210446043206518 0
0.1814994936662158 0.2078520612250372 0
0.184479835016515 0.2130400251879993 0
0.2009165055642579 0.2208478324541554 0
0.2039080451946625 0.2208542977844458 0
0.2054094141498424 0.218266781203262 0
0.2068995848249867 0.2208607631251862 0
0.2084009537801824 0.2182732465322707 0
0.2098911244554284 0.2208672284568687 0
0.2113924934107662 0.21827971180574 0
0.1979249659339439 0.2208413671242662 0
0.1830008626215628 0.2052645445736425 0
0.1800093229910661 0.205258079243556 0
0.1815106919464129 0.2026705625921613 0
0.1785191523159164 0.2026640972620749 0
0.1800205212712633 0.2000765806106802 0
0.1770289816407667 0.2000701152805938 0
0.1785303505961137 0.1974825986291991 0
0.1814882953860183 0.2130335598579128 0
0.1829784660611679 0.2156275418393938 0
0.1770177833605695 0.2052516139134696 0
0.1994151366086704 0.2234353491044318 0
0.1964235969781991 0.2234288837743984 0
0.2128826640859303 0.2208736937777849 0
0.2143840330412781 0.2182861771248619 0
0.1755388109656172 0.1974761332991128 0
0.177040179920964 0.1948886166477181 0
0.2083897555000934 0.2234547450955717 0
0.1799869264306714 0.2156210765093074 0
0.1814770971058209 0.2182150584907885 0
0.2158742037164302 0.2208801591045155 0
0.2173755726717777 0.2182926424525615 0
0.1740486402904676 0.1948821513176317 0
0.1755500092458145 0.1922946346662371 0
0.1785415488763109 0.1923010999963234 0
0.1770513782011613 0.1897071180148424 0
0.1800429178316578 0.1897135833449287 0
0.1785527471565082 0.1871196013634477 0
0.1815442867870047 0.187126066693534 0
0.1800541161118551 0.184532084712053 0
0.1830456557423516 0.1845385500421393 0
0.181555485067202 0.1819445680606583 0
0.1845470246976985 0.1819510333907446 0
0.1830568540225489 0.1793570514092636 0
0.1860483936530453 0.17936351673935 0
0.1725472713351207 0.1974696679690264 0
0.1979137676532747 0.2260228657556428 0
0.1949222280227778 0.2260164004255521 0
0.1845582229778958 0.1767695347578689 0
0.1875497626083922 0.1767760000879553 0
0.1890399332835418 0.1793699820694363 0
0.1905413022388887 0.1767824654180417 0
0.1920314729140383 0.1793764473995227 0
0.1935328418693852 0.176788930748128 0
0.2158854019965856 0.2156986604905521 0
0.2188769416270406 0.2157051258398139 0
0.1920426711942356 0.174194948766647 0
0.1950342108247321 0.1742014140967333 0
0.1965243814998817 0.1767953960782144 0
0.1980257504552286 0.1742078794268197 0
0.2203671123022608 0.2182991077885981 0
0.2218684812576055 0.2157115911381951 0
0.2203783106152695 0.2131176092118569 0
0.223369850212969 0.2131240744791221 0
0.1755612075260117 0.1871131360333613 0
0.1784855574753244 0.2182085931607021 0
0.179975728150474 0.2208025751421831 0
0.1995159211303782 0.1768018614083008 0
0.2010172900857251 0.1742143447569061 0
0.1995271194105755 0.171620362775425 0
0.202518659041072 0.1716268281055114 0
0.2040088297162216 0.1742208100869924 0
0.2055101986715685 0.1716332934355977 0
0.2218796795761771 0.210530092527196 0
0.2248712191747088 0.2105365578326532 0
0.1800653143920524 0.1793505860791772 0
0.1964123986979086 0.2286103824069718 0
0.1934208590674152 0.2286039170768956 0
0.1710571006599711 0.1948756859875453 0
0.2248600208881158 0.2157180564618829 0
0.1695557317046242 0.19746320263894 0
0.2070003693467181 0.1742272754170788 0
0.2085017383020649 0.1716397587656841 0
0.2233810485006247 0.2079425758519932 0
0.2263725881259714 0.2079490411781115 0
0.2010284883659224 0.1690328461240303 0
0.1769841885199775 0.2207961098120967 0
0.175494017844828 0.2182021278306157 0
0.1784743591951271 0.2233900917935778 0
0.1949110297425622 0.2311978990583682 0
0.1979025693730583 0.2312043643884532 0
0.1919194901120658 0.231191433728282 0
0.2099919089772146 0.1742337407471652 0
0.2114932779325615 0.1716462240957705 0
0.2248824174501084 0.2053550592111984 0
0.2278739570796603 0.205361524527959 0
0.2293641277546525 0.2079555065072191 0
0.2308654967095757 0.2053679898552565 0
0.2293753260344766 0.2027740078740856 0
0.2323668656648531 0.2027804732036298 0
0.1845358264175012 0.1871325320236204 0
0.2203895089554988 0.2079361105629267 0
0.1680655610294746 0.194869220657459 0
0.2100031072574118 0.1690522421142894 0
0.2129946468879083 0.1690587074443758 0
0.2144848175630579 0.1716526894258568 0
0.1665641920741277 0.1974567373088537 0
0.1680543627492773 0.2000507192903347 0
0.2323556673847495 0.2079619718366775 0
0.2308766949897235 0.2001864912222391 0
0.2338682346202033 0.2001929565522502 0
0.2084905400218677 0.1768212573985599 0
0.1830120609017597 0.2000830459407666 0
0.173992648889481 0.2207896444820103 0
0.1725024782143315 0.2181956625005293 0
0.1934096607872148 0.2337854157097614 0
0.1904181211567184 0.2337789503796751 0
0.2159861865184048 0.1690651727744621 0
0.2174763571935544 0.1716591547559432 0
0.1650628231187808 0.2000442539602484 0
0.1665529937939304 0.2026382359417294 0
0.2323780639450543 0.1975989745707716 0
0.2009389021651351 0.2104848352323435 0
0.1860595919332426 0.1741820181064742 0
0.2099023227655945 0.2156857299613915 0
0.1830680523027462 0.1741755527763879 0
0.184569421258093 0.1715880361249932 0
0.1815778816275966 0.1715815707949068 0
0.1859700056916643 0.2156340071694802 0
0.2159749882382075 0.1742466714073379 0
0.2278851553846206 0.2001800258802209 0
0.2143728347610838 0.2234676757556056 0
0.1904293194369163 0.228597451746801 0
0.1980369487354259 0.169026380793944 0
0.1995383176907728 0.1664388641425493 0
0.1965467780602763 0.1664323988124629 0
0.1979809573358328 0.1949338739594387 0
0.1949894177046926 0.1949274086288368 0
0.1964907866593829 0.1923398919769161 0
0.2173643743915809 0.2234741410850819 0
0.2158630054362342 0.2260616577363242 0
0.2188545450667308 0.2260681230662835 0
0.2173531761113839 0.2286556397176316 0
0.2143616364808875 0.2286491743875374 0
0.1980145521750313 0.1793893780596955 0
0.1830792505829434 0.1689940541435121 0
0.2158518071560371 0.2312431563689756 0
0.2128602675255406 0.2312366910388934 0
0.2203447157418805 0.228662105047689 0
0.2218460846972274 0.2260745883962895 0
0.1650740213989781 0.1948627553273726 0
0.166575390354325 0.1922752386759779 0
0.2189777261489013 0.1690716381045485 0
0.2204678968240509 0.1716656200860296 0
0.2353584052953501 0.2027869385337187 0
0.2353696035755469 0.1976054399008405 0
0.2115044762127587 0.1664647254628947 0
0.1710011092589846 0.2207831791519239 0
0.169510938583835 0.2181891971704429 0
0.1710123075391819 0.2156016805190482 0
0.1680207679086854 0.2155952151889618 0
0.1724912799341341 0.223377161133405 0
0.1800877109524469 0.1689875888134258 0
0.1785863419971001 0.1715751054648205 0
0.1980481470156231 0.1638448821610682 0
0.2010396866461197 0.1638513474911546 0
0.1950566073851267 0.1638384168309819 0
0.1635614541634339 0.202631770611643 0
0.2143504382006902 0.233830673020368 0
0.2113588985701937 0.2338242076902812 0
0.233879432900398 0.1950114579193623 0
0.236870972530894 0.1950179232494463 0
0.1934880487492384 0.1975149252801455 0
0.1919978780736785 0.1949209432983358 0
0.1934320573476281 0.2234224184440702 0
0.1695221368640323 0.2130076985375672 0
0.1665305972335359 0.2130012332074807 0
0.1829672677809705 0.2208090404722695 0
0.2233362553723769 0.2286685703777572 0
0.2248376243277239 0.2260810537263595 0
0.1919082918318679 0.2363729323611558 0
0.1948998314623643 0.2363793976912422 0
0.2383611432060435 0.197611905230927 0
0.1680095696284881 0.2207767138218376 0
0.1860707902134399 0.1690005194735985 0
0.1845806195382903 0.1664065374921174 0
0.1889167522013714 0.2363664670310694 0
0.1874265815262218 0.2337724850495884 0
0.1635838507238285 0.1922687733458916 0
0.1650852196791754 0.1896812566944969 0
0.1620712834882844 0.200037788630162 0
0.2174875554737517 0.1664776561230675 0
0.2219692657793978 0.1690781034346349 0
0.2234594364545474 0.1716720854161159 0
0.22183488641703 0.2312560870291496 0
0.2353808018557444 0.1924239412679653 0
0.2219580674992005 0.1742596020675106 0
0.2308878932880379 0.1950049925762625 0
0.2009053072837665 0.226029331085716 0
0.1889839418825655 0.2052774752338214 0
0.1815330885068074 0.1923075653264098 0
0.2010060918055278 0.1793958433897818 0
0.1995047228501809 0.1819833600411765 0
0.2024962624806774 0.1819898253712628 0
0.1949446245834992 0.2156534031604603 0
0.1905301039586914 0.1819639640509174 0
0.1725136764945288 0.2130141638676535 0
0.2098687278950441 0.2312302257088001 0
0.2083673589396972 0.2338177423601936 0
0.2098575296148468 0.2364117243416745 0
0.2068659899843503 0.2364052590115878 0
0.2009948935253305 0.1845773420226576 0
0.203986433155827 0.1845838073527439 0
0.198003353894834 0.1845708766925712 0
0.2308542984294067 0.2105494884880622 0
0.2338458380598372 0.2105559538180423 0
0.23234446910448 0.2131434704694175 0
0.2353360087349638 0.213149935799483 0
0.2338346397796131 0.2157374524508709 0
0.2368373776903067 0.2105624191480814 0
0.1710235058193792 0.2104201818861725 0
0.1650292282781889 0.2155887498588754 0
0.1635390576030394 0.2129947678773944 0
0.1859252125708749 0.236360001700983 0
0.1844350418957253 0.2337660197195019 0
0.19954951597097 0.1612573655096735 0
0.2025410556014665 0.1612638308397599 0
0.2263277950028734 0.2286750357078378 0
0.2278291639582204 0.2260875190564422 0
0.1933984625070174 0.2389669143426368 0
0.1963900021375138 0.2389733796727232 0
0.2083561606594999 0.2389992409930688 0
0.2053646210290034 0.2389927756629824 0
0.1770961713219505 0.1689811234833394 0
0.1755948023666036 0.1715686401347341 0
0.2383723414862408 0.1924304065980511 0
0.1620936800486789 0.1896747913644105 0
0.1635950490040258 0.1870872747130159 0
0.1665865886345223 0.1870937400431022 0
0.1650964179593727 0.1844997580616212 0
0.1680879575898692 0.1845062233917075 0
0.1665977869147195 0.1819122414102265 0
0.169589326545216 0.1819187067403129 0
0.1680991558700664 0.1793247247588318 0
0.1710906955005629 0.1793311900889182 0
0.1696005248254133 0.1767372081074371 0
0.1605699145329375 0.2026253052815567 0
0.1785975402772974 0.1663936068319447 0
0.1605923110933321 0.1922623080158052 0
0.2368821724785553 0.1898364212332515 0
0.2249496071350635 0.1742660674007108 0
0.2264509760859383 0.1716785507467213 0
0.2024850642004801 0.1871713240041386 0
0.2263389932830708 0.223493537074961 0
0.2293305329135673 0.2235000024050465 0
0.2053758193092007 0.2338112770301068 0
0.1904965091182453 0.1975084599496614 0
0.189006338443013 0.194914477968114 0
0.1905077073983461 0.1923269613167083 0
0.2040312262766161 0.1638578128212409 0
0.205532595231963 0.1612702961698462 0
0.1875721591687868 0.1664130028222038 0
0.1860819884936372 0.1638190208407228 0
0.1695445334244269 0.2026447012718158 0
0.1650404265583863 0.2104072512259997 0
0.1620488869278898 0.2104007858959133 0
0.1636062472842231 0.1819057760801401 0
0.1620376886476925 0.215582284528789 0
0.1829336729403784 0.2363535363708965 0
0.1814435022652288 0.2337595543894155 0
0.1829448712205758 0.2311720377380208 0
0.1799533315900793 0.2311655724079344 0
0.1784519626347324 0.2337530890593291 0
0.1769617919595828 0.231159107077848 0
0.2113477002899964 0.2390057063231553 0
0.1666089851949168 0.1767307427773508 0
0.2293193346333699 0.2286815010379226 0
0.2010508849263169 0.1586698488582788 0
0.174104631691454 0.168974658153253 0
0.2368261794101068 0.2157439177809527 0
0.2353248104547588 0.2183314344323455 0
0.1681103541502637 0.1741432261259561 0
0.1874153832460244 0.238953983682464 0
0.1980593452958204 0.1586633835281925 0
0.1590797438577879 0.2000313233000756 0
0.2398737107194983 0.18984288938277 0
0.2413638811630557 0.1924368718341564 0
0.2383835432223352 0.1872488962040402 0
0.2279411470478406 0.1742725328950087 0
0.2294425157155404 0.1716850160762887 0
0.233890636456927 0.1898299534060872 0
0.223448238180611 0.1768535840526245 0
0.2054766038309766 0.187177789334225 0
0.2069779727863235 0.1845902726828303 0
0.2278403622384177 0.2209060204235655 0
0.1875161677678191 0.1923204959865975 0
0.1890175367231554 0.1897329793351943 0
0.1890735281241337 0.1638254861708091 0
0.1875833574489841 0.1612315041893281 0
0.1845918178184876 0.1612250388592417 0
0.2204566985448971 0.1768471187195108 0
0.1695781282650188 0.1871002053731886 0
0.1920090763536534 0.1897394446652819 0
0.1725808661757125 0.1819251720703992 0
0.1994823262900341 0.1923463573071265 0
0.1978913710928608 0.2363858630213286 0
0.1993815417680103 0.2389798450028096 0
0.1935552384297798 0.1664259334823766 0
0.1740822351310594 0.1793376554190045 0
0.2173419778311867 0.2338371383504533 0
0.2158406088758398 0.2364246550018475 0
0.2188321485063362 0.2364311203319335 0
0.1905748970794806 0.1612379695194144 0
0.2308431001491115 0.2157309871207759 0
0.2009501005781992 0.2053033367271109 0
0.1740150454498757 0.2104266472162589 0
0.1934768504700396 0.2026964239135833 0
0.1860147988124672 0.1949080126379881 0
0.2114820796523642 0.1768277227286462 0
0.2099807106970173 0.1794152393800409 0
0.2129722503275138 0.1794217047101272 0
0.2114708813721669 0.182009221361522 0
0.2144624210026634 0.1820156866916083 0
0.163527859322842 0.2181762665102701 0
0.1770849730417532 0.1741626221162151 0
0.1904629142775145 0.2130529558481762 0
0.1890623298439364 0.1690069848036848 0
0.1814547005454262 0.2285780557565398 0
0.1844462401759227 0.2285845210866262 0
0.16804316446908 0.2052322179232104 0
0.1710347040995765 0.2052386832532968 0
0.1606035093735293 0.1870808093829295 0
0.1651187779596479 0.1741536773406332 0
0.2279523275211396 0.1690991404064781 0
0.2309258722722248 0.1690984706325193 0
0.1754604230042359 0.2337466237292427 0
0.1739702523290863 0.2311526417477616 0
0.1754716212844332 0.228565125096367 0
0.1724800816539368 0.2285586597662806 0
0.194888633182167 0.2415608963241179 0
0.2068547939458863 0.2415857203835411 0
0.203863254689012 0.2415790821766342 0
0.2277891788112456 0.231252314527976 0
0.2307759577273234 0.2312388311695688 0
0.2382556143459743 0.2183417677954358 0
0.2367784184071568 0.2209107196022574 0
0.1919052639853706 0.2415497373065695 0
0.157578374902441 0.2026188399514703 0
0.1590685455775906 0.2052128219329513 0
0.1890844717526712 0.1587618160976563 0
0.1920761401808885 0.1587086860968129 0
0.1769506050412652 0.2363353485137808 0
0.2397096340611242 0.2157742199634347 0
0.1709708574262953 0.2311931489121747 0
0.1693847944866506 0.228643234782427 0
0.2309331288686723 0.1742788876918011 0
0.221946869220222 0.179441100701092 0
0.2084681434614731 0.1871842546643114 0
0.2129610520473166 0.1846032033430031 0
0.2008829107233572 0.236392328351415 0
0.1905189056784942 0.1871454626837932 0
0.2039752348756297 0.1897653059856197 0
0.175572405806209 0.1819316374004856 0
0.1740934334112567 0.1741561567861288 0
0.1725360730549234 0.2026511666019022 0
0.2248488226079212 0.2208995550934791 0
0.2069891710665208 0.1794087740499545 0
0.1979921556146773 0.1897523753254795 0
0.2070227659071126 0.1638642781513273 0
0.2085241348624595 0.1612767614999326 0
0.2070339641873099 0.1586827795184516 0
0.2099765382318777 0.1587173742190437 0
0.2115075135619679 0.1612879150584366 0
0.2086159908521021 0.1560874810705398 0
0.1935216435891879 0.1819704293810038 0
0.1935440401495825 0.1716074321152523 0
0.1605811128131348 0.1974438066486809 0
0.1575895731826383 0.1974373413185946 0
0.2338173477122858 0.2209165016151439 0
0.2353065027562477 0.2235100753518589 0
0.1755052161250253 0.21302062919774 0
0.1770065850803722 0.2104331125463453 0
0.2055213969517657 0.166451794802722 0
0.2159637899580103 0.1794281700402136 0
0.2174539606331645 0.1820221520216926 0
0.1935104453089923 0.1871519280138808 0
0.1829560695007731 0.2259905391051451 0
0.1859476091312696 0.2259970044352315 0
0.1635502558832367 0.2078132692445187 0
0.2322189169863605 0.2286317451011593 0
0.1995603944881693 0.1562238227689384 0
0.217330979961014 0.2389259062915959 0
0.1637230269556449 0.1767883624757435 0
0.1932870450230723 0.24416687549789 0
0.2129050662110432 0.1588234363551211 0
0.2144871910954112 0.1613117612275911 0
0.1606534514607517 0.2181025122291989 0
0.1621631440973023 0.2206852793855159 0
0.1592097636571072 0.2154818271277625 0
0.2412220142455975 0.1871880120268335 0
0.2398005574002077 0.1846845735200668 0
0.2368895816087596 0.1743493231520416 0
0.2027102365298242 0.1554747621929446 0
0.2207271863530019 0.2392764076054326 0
0.2218236881368327 0.2364375856620197 0
0.1577327070557935 0.2181533475490978 0
0.1664841892159523 0.1715468273520295 0
0.1695890573957503 0.1715553066758205 0
0.168121552430461 0.1689617274930803 0
0.1739048451774232 0.2364273443662699 0
0.1756395878270354 0.2388588571483999 0
0.2009085697423441 0.1534699878064236 0
0.2161061148189093 0.1584056774977586 0
0.217498753753949 0.1612961574901919 0
0.1965704819391715 0.1561567947605329 0
0.1621793722098957 0.1747046813365652 0
0.1562021043421628 0.2051902961371428 0
0.1577034613197069 0.2077313476555789 0
0.1546513778453878 0.2027024434217198 0
0.1963368775780783 0.2442501989896519 0
0.2383408928864947 0.2233586004174615 0
0.2368341969122631 0.2258443818583979 0
0.23368747345555 0.2309273131966281 0
0.2338501735383829 0.174335745999289 0
0.2383258245428552 0.1821045047033417 0
0.2339018444876092 0.184648510849945 0
0.2324103013157492 0.1768823978147074 0
0.2323327980581028 0.1717304612028747 0
0.22792994678392 0.1794540381592507 0
0.2294089219707151 0.1872295194199349 0
0.227907552042606 0.1898170302727109 0
0.2324004721724514 0.1872359777812209 0
0.2249160121804193 0.1898105641667547 0
0.2234146433583521 0.1923980801613669 0
0.2264061830308348 0.1924045455986722 0
0.2249048140735672 0.1949920620365966 0
0.2219132744578942 0.1949855967187222 0
0.2234034451788739 0.19757957862748 0
0.2204119055608377 0.1975731133633871 0
0.2219020762061165 0.2001670953023673 0
0.218910536646337 0.2001606300423076 0
0.2174203659334627 0.1975666480369021 0
0.2159189969977148 0.2001541647264766 0
0.2174091677449886 0.2027481467250348 0
0.2144176281113589 0.2027416814493511 0
0.2159077988299022 0.2053356633995172 0
0.2129162592102208 0.2053291981373956 0
0.2144064299111489 0.2079231800721899 0
0.2114148903060079 0.2079167148193335 0
0.2099247195809715 0.205322732871418 0
0.2084233506798552 0.207910249554425 0
0.2069331799517477 0.2053162676047995 0
0.2129050608850639 0.2105106967683266 0
0.2084345488529404 0.2027287508845469 0
0.2129274573530409 0.2001476994104721 0
0.2054318110709104 0.2079037842755063 0
0.2069219817383626 0.2104977662099326 0
0.21589660042932 0.2105171620252705 0
0.2054430092224629 0.2027222856544176 0
0.2039304421108862 0.2104913009147724 0
0.2054206127311419 0.2130852828361456 0
0.2069443780993249 0.2001347688612794 0
0.224938408574158 0.1794475671682805 0
0.2294292985127689 0.1768680673272317 0
0.223437039747123 0.1820350832383474 0
0.2189441313026785 0.1846161340253907 0
0.2144512227231796 0.1871971853276121 0
0.2114596830930997 0.1871907199960074 0
0.2159525916769942 0.1846096686773129 0
0.2337144350996959 0.2259967350633183 0
0.2263501915632677 0.2183120384422976 0
0.1845246281373093 0.1923140306565005 0
0.1830232591819602 0.1949015473078934 0
0.1875273660479991 0.1871389973537079 0
0.1859924022520625 0.205271009903731 0
0.1874937712074081 0.2026834932523355 0
0.1904853108381778 0.2026899585826011 0
0.1935664157343206 0.161254140387633 0
0.1591542223332463 0.1896985458090915 0
0.1577235129312257 0.1923270616400299 0
0.1574872925767102 0.1871380606184011 0
0.1592001964998781 0.1845454893904324 0
0.2099695124170084 0.1845967380131849 0
0.1830904488631407 0.1638125555106364 0
0.1816000395737082 0.1613289815167217 0
0.1829498675432422 0.1586054422869498 0
0.2069667745065629 0.1897717713160062 0
0.2054990003913712 0.1768147920684735 0
0.2085129365822622 0.1664582601328084 0
0.2264394410390603 0.1768603095005178 0
0.2056963800653717 0.1559593319793574 0
0.1830344574621552 0.1897200486750158 0
0.2024514695477522 0.2027158200736728 0
0.212893862368578 0.2156921952008869 0
0.1950230125445348 0.1793829127296091 0
0.1740710368508621 0.1845191540518803 0
0.1874377798064193 0.2285909864167129 0
0.1889391487617662 0.2260034697653183 0
0.1874489780866165 0.2234094877838369 0
0.1978731850994571 0.2415832484348798 0
0.199387854642273 0.2440233832412514 0
0.1723504316906148 0.2339218976274561 0
0.1693356985816993 0.2337786468590599 0
0.2025074607608747 0.1768083267383871 0
0.2353472070151522 0.2079684371665919 0
0.2383387466456495 0.2079749024966797 0
0.2398289173207992 0.2105688844781611 0
0.2413302862761454 0.207981367826765 0
0.2398401156009958 0.205387385845284 0
0.2427288494908139 0.2054194254096235 0
0.2413243502662296 0.2028041315662647 0
0.2442716265523302 0.2077509338275342 0
0.2447094138760619 0.2029151435222054 0
0.2429027294115412 0.2002311977709287 0
0.2454656885388282 0.2001855775120139 0
0.2446679098558473 0.1973981273431696 0
0.2414166100513171 0.1975837266744307 0
0.2428540517918871 0.1950308539096186 0
0.2383470892108274 0.202794114259199 0
0.1621193546291259 0.1845030697296988 0
0.1607410394080485 0.1819742198066983 0
0.1800317195514611 0.1948950819778049 0
0.1904405177171161 0.2234159531139334 0
0.1889503470419639 0.2208219711324439 0
0.1919418866724636 0.2208284364625406 0
0.190451715997311 0.2182344544810498 0
0.1949334263030575 0.2208349017929383 0
0.1710459023797738 0.2000571846204211 0
0.236859298298194 0.2001995402815572 0
0.2368481000179963 0.2053810389144307 0
0.2293529294739619 0.2131370051392948 0
0.174026243730073 0.2052451485833832 0
0.190552500519086 0.1716009667851659 0
0.2099583141395611 0.189778236648429 0
0.2054654055516441 0.1923592879676787 0
0.1784631609149298 0.2285715904264534 0
0.1725920644559098 0.1767436734375235 0
0.1994487315642839 0.2078908533119813 0
0.191975481513427 0.2052839405641461 0
0.1785639454367055 0.1819381027305719 0
0.1770737747615559 0.1793441207490909 0
0.2143392733221637 0.238996716537953 0
0.2159261653327525 0.2416906964958418 0
0.2128215562770241 0.2414189907091194 0
0.2098293966482956 0.2415015721034426 0
0.2086111868747563 0.2440641101910484 0
0.2128490748122884 0.2364156138192132 0
0.1950006159841644 0.1897459099953799 0
0.2188433467865336 0.231249621699073 0
0.2432350380379067 0.1894677937223691 0
0.200972496966702 0.1949403392898141 0
0.2024066762390989 0.2234418144342689 0
0.2038968469142509 0.2260357964157587 0
0.2023954779589044 0.2286233130671548 0
0.205387017589399 0.2286297783972341 0
0.2053982158696396 0.2234482797668446 0
0.1844686367363174 0.2182215238208748 0
0.2144960158432552 0.1664711907929811 0
0.1965131832196844 0.1819768947110901 0
0.1950118142643378 0.1845644113624851 0
0.1844239223006928 0.2389111103444641 0
0.1814294260280148 0.23876742360623 0
0.1859481052581544 0.2412412956096767 0
0.2398685367406921 0.2002041026305512 0
0.2398731667049064 0.1950186145827717 0
0.2024738659208133 0.1923528226374105 0
0.2263837864233834 0.2027675425539498 0
0.2338569570146128 0.2053744749183842 0
0.2039976314360243 0.1794023087198682 0
0.2054878021111739 0.1819962907013492 0
0.1711093144426475 0.1689681256900432 0
0.1697403923285355 0.1661091652544808 0
0.1874713746470124 0.2130464905180862 0
0.2113812951305859 0.2234612104279604 0
0.2098799261752413 0.2260487270766831 0
0.2233474536525743 0.2234870717448781 0
0.2218572829774224 0.2208930897645077 0
0.2203559140220773 0.2234806064150578 0
0.1740038471696784 0.2156081458491346 0
0.2040941860903754 0.1585534749264398 0
0.1905636987992833 0.1664194681522902 0
0.2323892631257743 0.192417474925614 0
0.1710981161624501 0.1741496243229189 0
0.1875609608885895 0.1715945014550795 0
0.218966527868878 0.1742531367375252 0
0.1635726524436312 0.1974502719787673 0
0.2099135212568952 0.2105042314702988 0
0.211437286531575 0.1975537172601493 0
0.2144288262216738 0.197560182640246 0
0.2159301952301571 0.19497266601749 0
0.1994039383284112 0.2286168477370797 0
0.2008941090035561 0.2312108297185446 0
0.2070115676269153 0.169045776784203 0
0.1920538694744329 0.1690134501337712 0
0.1740598385706649 0.189700652684756 0
0.2040200279964189 0.1690393114541167 0
0.2025298573212692 0.1664453294726356 0
0.1889209979070286 0.241386040263167 0
0.1904108586131134 0.2389326791645104 0
0.1680319661888827 0.2104137165560861 0
0.1680767593096719 0.1896877220245833 0
0.1695669299848215 0.1922817040060643 0
0.172558469615318 0.1922881693361507 0
0.2039416403191791 0.2053098022140019 0
0.1769953868001748 0.215614611179221 0
0.2233586519327656 0.2183055731148267 0
0.2249608024901682 0.1690859198167528 0
0.2234706342481237 0.1664908119585788 0
0.2204790950231447 0.166484158982377 0
0.221980340166728 0.1639539306356661 0
0.2254450289351763 0.1636147044050654 0
0.2264621743652412 0.1664970521133266 0
0.1800988694635971 0.1638244915118111 0
0.178652140146769 0.1613259783375962 0
0.1771145965721856 0.1638216700954284 0
0.1757860432414565 0.1612948236034188 0
0.1743253116467742 0.1639162187487904 0
0.1860747168980358 0.1588199600254875 0
0.1845022315769104 0.2026770279222483 0
0.1860036005322568 0.2000895112708533 0
0.1875049694876403 0.197501994619488 0
0.224821628236397 0.2312597684990095 0
0.2262699951351432 0.2338294944463971 0
0.187538564328195 0.181957498720831 0
0.1859364108510722 0.2311785030681072 0
0.188927950481569 0.2311849683981944 0
0.1934992470289863 0.1923334266469098 0
0.2008734667859281 0.2415532796923738 0
0.2025884316519949 0.2447177742082517 0
0.2007374035183092 0.2467398020741118 0
0.1949782194279551 0.2001089072642066 0
0.1860259970926565 0.1897265140051061 0
0.1799416669059055 0.2363119994083665 0
0.1620824817684817 0.1948562899972863 0
0.1591113990493835 0.1948616944929184 0
0.1562414630335174 0.1948682625914854 0
0.1546148058400289 0.1974049587497168 0
0.1920202746338414 0.1845579460323987 0
0.1890287350033449 0.1845514807023123 0
0.203885648634052 0.2312172950486288 0
0.199392740048208 0.2337983463699349 0
0.2144736192828607 0.1768341880587326 0
0.212983448607711 0.1742402060772515 0
0.1964347952592267 0.2182473851437018 0
0.2278627588003611 0.2105430231590915 0
0.2263613898447886 0.2131305398104557 0
0.1754828195646306 0.2233836264634914 0
0.2323322551930747 0.2183245608574931 0
0.2203335174616831 0.2338436036805424 0
0.2383095342022081 0.2131603739382922 0
0.1755276126854199 0.2026576319319885 0
0.1740374420102703 0.2000636499505075 0
0.227851560518835 0.2157245217911463 0
0.1785079540357191 0.2078455958949507 0
0.2128714658057373 0.2260551924069191 0
0.1784967557555218 0.2130270945278264 0
0.1694997403036376 0.2233706958033186 0
0.1665082006731412 0.2233642304732322 0
0.1665193989533385 0.2181827318403565 0
0.1650408056196261 0.2207571645290597 0
0.2084793417417018 0.1820027560314803 0
0.1725982259116937 0.1715620852938164 0
0.1860371953728484 0.1845450153722259 0
0.1756421187543277 0.1664113255807547 0
0.1889951401628296 0.2000959766009942 0
0.211370096850391 0.2286427090575087 0
0.1800765126722497 0.1741690874463015 0
0.1815666833473993 0.1767630694277826 0
0.1934544539081397 0.2130594211784277 0
0.1815218902266107 0.197489063959286 0
0.2188657433469249 0.2208866244350537 0
0.1770625764813586 0.1845256193819666 0
0.1919866797944143 0.2001024419318653 0
0.1845134298571158 0.1974955292893792 0
0.1890511315637391 0.1741884834365606 0
0.2218908778782567 0.2053485939121797 0
0.2233164905257359 0.2338450983848707 0
0.2023842796787047 0.2338048117000219 0
0.1965019849394872 0.1871583933439659 0
0.1635432326012183 0.2233425005200058 0
0.1649051560472954 0.2260027434749593 0
0.1617976824294755 0.2256783363357169 0
0.1659733659028722 0.2288728008694212 0
0.1605884340971227 0.2227548343912716 0
0.1785751437169028 0.1767566040976962 0
0.2293865243388154 0.1975925092343418 0
0.1815890732796193 0.1664031390505746 0
0.1755836040864063 0.1767501387676098 0
0.19193068839227 0.2260099350954284 0
0.1950454091049294 0.1690199154638576 0
0.196535579780079 0.1716138974453386 0
0.2174651589135601 0.1768406533889367 0
0.1964012004177114 0.233791881039848 0
0.1965579728445308 0.1612525177692758 0
0.2100129453824444 0.1638715248528166 0
0.2023733742248608 0.2389826840946194 0
0.2038744991582462 0.2363981893084555 0
0.1622603162845757 0.1793962253838649 0
0.1593619137365888 0.1792737521452731 0
0.1651227900167035 0.1793272800989158 0
0.1950679984974844 0.1586830764598454 0
0.1934921107725343 0.1559339201843404 0
0.206877188264548 0.2312237603787134 0
0.2083785572198947 0.2286362437274626 0
0.1920650642586874 0.1638335690905842 0
0.1919530849527387 0.2156469378298024 0
0.2068883865447532 0.2260422617465924 0
0.1560882042272913 0.2000248579699892 0
0.1799981247108687 0.2104395778764317 0
0.1994935245699904 0.1871648586740577 0
0.2009836952452034 0.1897588406555871 0
0.2411135147062471 0.2132366134012378 0
0.2431895261093637 0.2107988912223721 0
0.1620600852080871 0.2052192872630377 0
0.1934432556280495 0.2182409198117489 0
0.1710794972203656 0.1845126887217939 0
0.1605747870791948 0.2129726372021513 0
0.1576125516251342 0.2129899566847962 0
0.1728310604605425 0.1664519641833649 0
0.2308307169658623 0.220912009468092 0
0.2293417311937646 0.2183185037721707 0
0.1710682989401684 0.1896941873546696 0
0.1725696678955152 0.1871066707032749 0
0.2323033731727293 0.2234882180483312 0
0.2247941639325091 0.236341418132674 0
0.2308207035887168 0.2260939843865274 0
0.2189889037667702 0.1638997000321945 0
0.2208449664599777 0.1609011991656682 0
0.187460176366814 0.2182279891509618 0
0.2189553295886143 0.1794346353703617 0
0.2130009211490733 0.1638817985893845 0
0.18445743845612 0.2234030224537505 0
0.1799645298702767 0.2259840737750588 0
0.2159932235137018 0.1638897107092351 0
0.1859588074114671 0.2208155058023562 0
0.1739814506092837 0.225971143114886 0
0.1755164144052226 0.2078391305648642 0
0.1889615453221758 0.2156404724995928 0
0.1665417955137331 0.2078197345746051 0
0.1590940351452605 0.2103815644314354 0
0.2443554207472337 0.1924433372582238 0
0.1725248747747261 0.2078326652347778 0
0.1605875450102953 0.2077931794039059 0
0.1814658988256236 0.2233965571236641 0
0.1769729902397802 0.2259776084449724 0
0.1650516248385835 0.205225752593124 0
0.1695333351442296 0.2078261999046914 0
0.1709726197226556 0.2259798511758384 0
0.1678739795227088 0.2260389260965328 0
0.2114260884772429 0.202735216128069 0
0.2099359177439405 0.2001412340354728 0
0.1558970154785452 0.2102982036104369 0
0.2204455002384375 0.1820286174483611 0
0.2204231037155259 0.1923916147388799 0
0.2308990947388056 0.1898234943854121 0
0.2278963536904096 0.1949985273045573 0
0.2263949847474255 0.1975860439349177 0
0.2293977233194114 0.1924110108438715 0
0.2039192435388095 0.2156727993090158 0
0.2189217348318392 0.1949791313650136 0
0.2233922468392246 0.2027610772427998 0
0.2248936157966074 0.2001735605902892 0
0.2024290728691743 0.213078817321146 0
0.2204007072592159 0.2027546119507939 0
0.2024402714202422 0.2078973188621685 0
0.2188993383450733 0.205342128634959 0
0.2173979694292692 0.2079296453294878 0
0.2173867709973166 0.2131111439603961 0
0.2188881400004752 0.2105236272695224 0
0.2143952313209466 0.2131046787354356 0
0.211403691773297 0.2130982133830126 0
0.2084121522416986 0.21309174803321 0
0.2069107831396839 0.2156792647567404 0
0.2368803549763011 0.1846600397642212 0
0.2353898372990298 0.1872432998731277 0
0.2056565507497479 0.244288430444736 0
0.1784408325258136 0.2389030445105469 0
0.2294007685632737 0.1665780371187488 0
0.2327232129650699 0.1662253960725913 0
0.1900716462724404 0.2439124582015251 0
0.1664881253692309 0.1663598113118995 0
0.2276358801914159 0.2363172497677138 0
0.2262659710118664 0.2390695411281615 0
0.2399260903216196 0.17439986475556 0
0.163422692332063 0.1719593896373613 0
0.232646505368554 0.2339253721421902 0
0.2425195410414965 0.1845961072539763 0
0.2338251056160326 0.169279793933896 0
0.1679546972649721 0.2311408876325506 0
0.1727640066578979 0.1613748461635232 0
0.1565120486055001 0.1803082604400978 0
0.1826254373186136 0.155730336273281 0
0.2260350648161567 0.1604595407452714 0
0.1801339072101278 0.2430738840308199 0
0.2428474740730152 0.2206342559935777 0
0.2285257948378419 0.1619479621608045 0
0.1534199482887744 0.1912998767423371 0
0.1936162540330068 0.1528732948077727 0
0.2463228746497423 0.2098377267158281 0
0.2160424387604944 0.244769618196518 0
0.1547472095846165 0.1857434095619145 0
0.1853252875858142 0.2453262464959915 0
0.2450045939282229 0.2153709167001184 0
0.2105382524778621 0.1537174905667413 0
0.18017462652959 0.15690627480449 0
0.1532567428173319 0.2087285631159992 0
0.1936162540330074 0.2471267051922275 0
0.2211435965036071 0.1576617177853689 0
0.2076814898709055 0.1533604949527357 0
0.2463716138590831 0.1902464169107494 0
0.2210826731875152 0.2424024759553467 0
0.1882002993541634 0.1540458915489024 0
0.210562027672088 0.2463483470983261 0
0.2160424387604939 0.1552303818034818 0
0.2470259347450263 0.2070880192016343 0
0.1728541805771358 0.239167062970016 0
0.2396478801631801 0.2208398328415006 0
0.2291354151525082 0.2337627807027506 0
0.2076929167975256 0.2467388451713405 0
0.1827359004704469 0.2414427474842138 0
0.2401289663098983 0.225635358316613 0
0.1904890721149508 0.1562773657060376 0
0.2382223342492193 0.1718982964982864 0
0.2411443784654506 0.2182326677434077 0
0.2470027230582885 0.1930302789019947 0
0.164360176980374 0.2313696259289551 0
0.241194359620807 0.1821400920045534 0
0.1909648563926186 0.2465570068219412 0
0.2115968202171186 0.1563882489235931 0
0.155291778699739 0.2169609565992874 0
0.2234810902254641 0.1616527804492442 0
0.1562990589906303 0.1900720674211493 0
0.2382085880068573 0.2282176184701533 0
0.2189416982650332 0.1590271439370466 0
0.1533722451328358 0.2112986073606712 0
0.2115661643698886 0.2437432238985676 0
0.2475991788176635 0.1984641624690438 0
0.2424226363780941 0.2156999518416422 0
0.1872962287314685 0.1566015071915651 0
0.2352942517935861 0.1718414981748614 0
0.167872109215057 0.1642459864756147 0
0.2450862901658231 0.1847826045867653 0
0.2280681203286079 0.1645014648158924 0
0.223460888511572 0.238432636500837 0
0.218822152686287 0.2410562348144159 0
0.1521139883165965 0.1971310825956116 0
0.1521051423477869 0.2028694473786551 0
0.2352170445034282 0.2283829650883001 0
0.1987791698279133 0.1520909563503202 0
0.2476407974862355 0.2017023316554493 0
0.1871687387919148 0.2435253756448177 0
0.1801514722560657 0.1593353533500566 0
0.1613380307985222 0.1771734974737491 0
0.2288626757117297 0.2384322100585654 0
0.1799130483201523 0.2407731924143716 0
0.2452085152888138 0.2055091486754665 0
0.1572728406827808 0.1778253058887394 0
0.1581631126620789 0.1823242095999408 0
0.1746799356924616 0.1591749279323653 0
0.198744772570758 0.2479496227811528 0
0.1553669111936986 0.1926167584710779 0
0.2140561403642817 0.1566434875249027 0
0.2353043438148333 0.1673148505356046 0
0.1552682467814568 0.2073959881473795 0
0.15893720467738 0.2247574452036181 0
0.2451730385890788 0.1946595728499393 0
0.160521418270368 0.1727785089525966 0
0.1678058249728804 0.2357797705079034 0
0.1597586720162318 0.2202899511193979 0
0.2435114321327504 0.213547605882506 0
0.1746305900687916 0.2410536762710196 0
0.2140775566792343 0.2434389192317955 0
0.1601176035876852 0.2271913574635866 0
0.1980037663385543 0.1542929183077688 0
0.2352490027063389 0.2327039027240295 0
0.1558673934587531 0.2196491023895988 0
0.2027271817959881 0.2477705975798439 0
0.1617647060637574 0.1704331755810468 0
0.202781894239042 0.1522366947586844 0
0.2435438503017047 0.1868027489042567 0
0.1846670219276162 0.1569777304975019 0
0.1569256924157968 0.2152759025622092 0
0.1951113754550211 0.1544541069415451 0
0.1570182821619543 0.1848908657229372 0
0.1983331366719981 0.2460434740088984 0
0.184615260432288 0.2432211365638089 0
0.1720309070234134 0.1642923558951706 0
3 1 0 1272
2506
2507
2508
2509
2510
2511
2512
2513
2514
2515
2516
2517
2518
2519
2520
2521
2522
2523
2524
2525
2526
2527
2528
2529
2530
2531
2532
2533
2534
2535
2536
2537
2538
2539
2540
2541
2542
2543
2544
2545
2546
2547
2548
2549
2550
2551
2552
2553
2554
2555
2556
2557
2558
2559
2560
2561
2562
2563
2564
2565
2566
2567
2568
2569
2570
2571
2572
2573
2574
2575
2576
2577
2578
2579
2580
2581
2582
2583
2584
2585
2586
2587
2588
2589
2590
2591
2592
2593
2594
2595
2596
2597
2598
2599
2600
2601
2602
2603
2604
2605
2606
2607
2608
2609
2610
2611
2612
2613
2614
2615
2616
2617
2618
2619
2620
2621
2622
2623
2624
2625
2626
2627
2628
2629
2630
2631
2632
2633
2634
2635
2636
2637
2638
2639
2640
2641
2642
2643
2644
2645
2646
2647
2648
2649
2650
2651
2652
2653
2654
2655
2656
2657
2658
2659
2660
2661
2662
2663
2664
2665
2666
2667
2668
2669
2670
2671
2672
2673
2674
2675
2676
2677
2678
2679
2680
2681
2682
2683
2684
2685
2686
2687
2688
2689
2690
2691
2692
2693
2694
2695
2696
2697
2698
2699
2700
2701
2702
2703
2704
2705
2706
2707
2708
2709
2710
2711
2712
2713
2714
2715
2716
2717
2718
2719
2720
2721
2722
2723
2724
2725
2726
2727
2728
2729
2730
2731
2732
2733
2734
2735
2736
2737
2738
2739
2740
2741
2742
2743
2744
2745
2746
2747
2748
2749
2750
2751
2752
2753
2754
2755
2756
2757
2758
2759
2760
2761
2762
2763
2764
2765
2766
2767
2768
2769
2770
2771
2772
2773
2774
2775
2776
2777
2778
2779
2780
2781
2782
2783
2784
2785
2786
2787
2788
2789
2790
2791
2792
2793
2794
2795
2796
2797
2798
2799
2800
2801
2802
2803
2804
2805
2806
2807
2808
2809
2810
2811
2812
2813
2814
2815
2816
2817
2818
2819
2820
2821
2822
2823
2824
2825
2826
2827
2828
2829
2830
2831
2832
2833
2834
2835
2836
2837
2838
2839
2840
2841
2842
2843
2844
2845
2846
2847
2848
2849
2850
2851
2852
2853
2854
2855
2856
2857
2858
2859
2860
2861
2862
2863
2864
2865
2866
2867
2868
2869
2870
2871
2872
2873
2874
2875
2876
2877
2878
2879
2880
2881
2882
2883
2884
2885
2886
2887
2888
2889
2890
2891
2892
2893
2894
2895
2896
2897
2898
2899
2900
2901
2902
2903
2904
2905
2906
2907
2908
2909
2910
2911
2912
2913
2914
2915
2916
2917
2918
2919
2920
2921
2922
2923
2924
2925
2926
2927
2928
2929
2930
2931
2932
2933
2934
2935
2936
2937
2938
2939
2940
2941
2942
2943
2944
2945
2946
2947
2948
2949
2950
2951
2952
2953
2954
2955
2956
2957
2958
2959
2960
2961
2962
2963
2964
2965
2966
2967
2968
2969
2970
2971
2972
2973
2974
2975
2976
2977
2978
2979
2980
2981
2982
2983
2984
2985
2986
2987
2988
2989
2990
2991
2992
2993
2994
2995
2996
2997
2998
2999
3000
3001
3002
3003
3004
3005
3006
3007
3008
3009
3010
3011
3012
3013
3014
3015
3016
3017
3018
3019
3020
3021
3022
3023
3024
3025
3026
3027
3028
3029
3030
3031
3032
3033
3034
3035
3036
3037
3038
3039
3040
3041
3042
3043
3044
3045
3046
3047
3048
3049
3050
3051
3052
3053
3054
3055
3056
3057
3058
3059
3060
3061
3062
3063
3064
3065
3066
3067
3068
3069
3070
3071
3072
3073
3074
3075
3076
3077
3078
3079
3080
3081
3082
3083
3084
3085
3086
3087
3088
3089
3090
3091
3092
3093
3094
3095
3096
3097
3098
3099
3100
3101
3102
3103
3104
3105
3106
3107
3108
3109
3110
3111
3112
3113
3114
3115
3116
3117
3118
3119
3120
3121
3122
3123
3124
3125
3126
3127
3128
3129
3130
3131
3132
3133
3134
3135
3136
3137
3138
3139
3140
3141
3142
3143
3144
3145
3146
3147
3148
3149
3150
3151
3152
3153
3154
3155
3156
3157
3158
3159
3160
3161
3162
3163
3164
3165
3166
3167
3168
3169
3170
3171
3172
3173
3174
3175
3176
3177
3178
3179
3180
3181
3182
3183
3184
3185
3186
3187
3188
3189
3190
3191
3192
3193
3194
3195
3196
3197
3198
3199
3200
3201
3202
3203
3204
3205
3206
3207
3208
3209
3210
3211
3212
3213
3214
3215
3216
3217
3218
3219
3220
3221
3222
3223
3224
3225
3226
3227
3228
3229
3230
3231
3232
3233
3234
3235
3236
3237
3238
3239
3240
3241
3242
3243
3244
3245
3246
3247
3248
3249
3250
3251
3252
3253
3254
3255
3256
3257
3258
3259
3260
3261
3262
3263
3264
3265
3266
3267
3268
3269
3270
3271
3272
3273
3274
3275
3276
3277
3278
3279
3280
3281
3282
3283
3284
3285
3286
3287
3288
3289
3290
3291
3292
3293
3294
3295
3296
3297
3298
3299
3300
3301
3302
3303
3304
3305
3306
3307
3308
3309
3310
3311
3312
3313
3314
3315
3316
3317
3318
3319
3320
3321
3322
3323
3324
3325
3326
3327
3328
3329
3330
3331
3332
3333
3334
3335
3336
3337
3338
3339
3340
3341
3342
3343
3344
3345
3346
3347
3348
3349
3350
3351
3352
3353
3354
3355
3356
3357
3358
3359
3360
3361
3362
3363
3364
3365
3366
3367
3368
3369
3370
3371
3372
3373
3374
3375
3376
3377
3378
3379
3380
3381
3382
3383
3384
3385
3386
3387
3388
3389
3390
3391
3392
3393
3394
3395
3396
3397
3398
3399
3400
3401
3402
3403
3404
3405
3406
3407
3408
3409
3410
3411
3412
3413
3414
3415
3416
3417
3418
3419
3420
3421
3422
3423
3424
3425
3426
3427
3428
3429
3430
3431
3432
3433
3434
3435
3436
3437
3438
3439
3440
3441
3442
3443
3444
3445
3446
3447
3448
3449
3450
3451
3452
3453
3454
3455
3456
3457
3458
3459
3460
3461
3462
3463
3464
3465
3466
3467
3468
3469
3470
3471
3472
3473
3474
3475
3476
3477
3478
3479
3480
3481
3482
3483
3484
3485
3486
3487
3488
3489
3490
3491
3492
3493
3494
3495
3496
3497
3498
3499
3500
3501
3502
3503
3504
3505
3506
3507
3508
3509
3510
3511
3512
3513
3514
3515
3516
3517
3518
3519
3520
3521
3522
3523
3524
3525
3526
3527
3528
3529
3530
3531
3532
3533
3534
3535
3536
3537
3538
3539
3540
3541
3542
3543
3544
3545
3546
3547
3548
3549
3550
3551
3552
3553
3554
3555
3556
3557
3558
3559
3560
3561
3562
3563
3564
3565
3566
3567
3568
3569
3570
3571
3572
3573
3574
3575
3576
3577
3578
3579
3580
3581
3582
3583
3584
3585
3586
3587
3588
3589
3590
3591
3592
3593
3594
3595
3596
3597
3598
3599
3600
3601
3602
3603
3604
3605
3606
3607
3608
3609
3610
3611
3612
3613
3614
3615
3616
3617
3618
3619
3620
3621
3622
3623
3624
3625
3626
3627
3628
3629
3630
3631
3632
3633
3634
3635
3636
3637
3638
3639
3640
3641
3642
3643
3644
3645
3646
3647
3648
3649
3650
3651
3652
3653
3654
3655
3656
3657
3658
3659
3660
3661
3662
3663
3664
3665
3666
3667
3668
3669
3670
3671
3672
3673
3674
3675
3676
3677
3678
3679
3680
3681
3682
3683
3684
3685
3686
3687
3688
3689
3690
3691
3692
3693
3694
3695
3696
3697
3698
3699
3700
3701
3702
3703
3704
3705
3706
3707
3708
3709
3710
3711
3712
3713
3714
3715
3716
3717
3718
3719
3720
3721
3722
3723
3724
3725
3726
3727
3728
3729
3730
3731
3732
3733
3734
3735
3736
3737
3738
3739
3740
3741
3742
3743
3744
3745
3746
3747
3748
3749
3750
3751
3752
3753
3754
3755
3756
3757
3758
3759
3760
3761
3762
3763
3764
3765
3766
3767
3768
3769
3770
3771
3772
3773
3774
3775
3776
3777
0.245026968321462 0.2013360195450727 0.004999999999999529
0.1859717401176443 0.2427039941061034 0.005000000000000001
0.2127625188186109 0.2431013311168063 0.005
0.2422296695445013 0.1860717235938016 0.004999999999999999
0.2445122691282503 0.2064442787030543 0.005
0.2447979506946029 0.1955277091489273 0.005
0.2426292428832279 0.2144529021447678 0.005
0.2127895817843261 0.1568713992436948 0.005
0.1860446839965215 0.15723029934903 0.005
0.1813443342766733 0.2402791749532162 0.005
0.2382770144137953 0.2114627182507884 0.005
0.1626819414333706 0.177918570975317 0.005
0.2379555041800126 0.2168147102328887 0.004999999999999999
0.2369599686020714 0.1863446453495068 0.005000000000000001
0.2081394542477336 0.2406024368449533 0.005
0.2270788344660793 0.1635302490729797 0.004370083127532701
0.1786059273245281 0.1646752800314699 0.005000000000000001
0.2354046694169421 0.180335213583978 0.005
0.206873455504482 0.2329509265896716 0.005
0.1934021952670832 0.2372397481316783 0.005
0.1650478920785178 0.2069529188040826 0.005
0.1799495988300135 0.232892738618893 0.005
0.1829598022608389 0.2242633728941866 0.005
0.1784818247152586 0.2199357593716607 0.004999999999999999
0.1724987454542657 0.2199228287114879 0.005
0.1650329610382547 0.2138615836479168 0.004999999999999999
0.1740523730505333 0.1931549851066731 0.005
0.1650777541590439 0.193135589116414 0.005
0.1710160402992477 0.2138745143080896 0.004999999999999999
0.1620675507282186 0.2017649548411206 0.005
0.1680954231100007 0.1810518909697904 0.005000000000000001
0.1650926851993069 0.1862269242725798 0.005
0.1830605867826146 0.177629885198305 0.005
0.1995121883703124 0.1785290276192593 0.005000000000000001
0.1769991195602406 0.2138874449682625 0.004999999999999999
0.2040237607564846 0.1673121452431581 0.005
0.1860633246933084 0.1724548518955157 0.005
0.1770551109612271 0.1879799518038838 0.005000000000000001
0.1800802454323154 0.1724419212353429 0.005
0.1935291091093194 0.1785160969590866 0.004999999999999999
0.1965425190041828 0.1738463004603697 0.004673295454545454
0.2099956417372803 0.1725065745362066 0.005
0.1980444142555574 0.1655720483720268 0.005
0.1920501367143671 0.1707406163447298 0.005
0.2025149262810062 0.17335399431647 0.004999999999999999
0.1710309713395107 0.2069658494642554 0.005000000000000001
0.1770775075216217 0.1776169545381323 0.004999999999999999
0.1800143473718895 0.1816841513939916 0.004921875
0.1680506299892116 0.2017778855012933 0.005
0.1769692574797144 0.2277047746559309 0.005
0.1755350782055514 0.1992032995100713 0.005
0.1740747696109279 0.1827919878409217 0.005
0.2144922830831895 0.1681983570039397 0.004999999999999999
0.1874228487661561 0.2354996512605469 0.005
0.1710720317002341 0.1879670211437111 0.005
0.1770140506005038 0.2069787801244282 0.005
0.215848074395971 0.2329703225799332 0.005
0.185940143611138 0.2294513368571487 0.005
0.1829821988212337 0.2139003756284352 0.005000000000000001
0.2024925297206116 0.1837169915822214 0.005
0.1890324677634103 0.1828243144913537 0.005000000000000001
0.1859625401715326 0.2190883395913976 0.005
0.1815144247064786 0.2009433963812027 0.005
0.1978988366129927 0.2329315305994119 0.005
0.2278366294783517 0.2226331866345242 0.005
0.1919232228721305 0.2294642675173241 0.005
0.2000604816121876 0.2298885214536214 0.004999999999999999
0.1949259607828112 0.2242892342146118 0.00797322046785242
0.1830419229822858 0.1862657162530979 0.005
0.1967823895626039 0.1837006747866178 0.004871299066064879
0.1800354523115263 0.1931679157668462 0.005
0.2218386191771011 0.2295289208181949 0.005
0.182997129861498 0.2069917107846017 0.005
0.2114783468922984 0.1785548889396048 0.005
0.2323519346246241 0.2096891380475958 0.005
0.1889428815218305 0.2242763035543604 0.005
0.2173606416314784 0.2252013072959684 0.005
0.2054952676313054 0.1785419582794321 0.005
0.2009090400439238 0.2243021648748015 0.005
0.1860222643326002 0.1914536802160702 0.005
0.2083860227400308 0.2251819113064039 0.005000000000000001
0.2189739933888356 0.1707988043155071 0.005
0.1889690108422974 0.2121861400776541 0.005
0.19201280911371 0.1880122784543205 0.005
0.2293454639540722 0.2165913375613524 0.005000000000000001
0.2323705984249523 0.2010533069926937 0.005
0.1994897918099794 0.1888920248850375 0.005000000000000001
0.1904778453178952 0.2061442910042956 0.004999999999999999
0.1919456194324712 0.2191012702516105 0.004999999999999999
0.1875012367275917 0.199229160830468 0.005000000000000001
0.2203633795420164 0.2200262739978044 0.005
0.2084756089817761 0.1837299222425235 0.005
0.2263688553665227 0.2096762073881105 0.005
0.2113887606480581 0.2200068780150717 0.005
0.2054728710712155 0.1889049555453604 0.005
0.1934955142693378 0.1940605928580983 0.005
0.2024701331609055 0.1940799888480811 0.005000000000000001
0.1979286986937074 0.2191142009140366 0.005
0.2039117779366918 0.2191271315864636 0.005
0.1949520901033772 0.212199070737987 0.005
0.2144586882434115 0.1837428529030391 0.005000000000000001
0.2233661174510529 0.2148512406915697 0.005
0.193480583230506 0.2009692577020414 0.005
0.2249010813366182 0.1967192282057425 0.004999999999999999
0.211455950337531 0.1889178862088701 0.005
0.2218946106801186 0.2036214277162392 0.005
0.2174614261533628 0.1785678195998972 0.005
0.208419617857631 0.2096374157226659 0.005
0.2173830381972207 0.2148383101340839 0.005
0.2144101626596531 0.206196013868628 0.005
0.2084532124274598 0.1940929195123023 0.004999999999999999
0.2174390296043787 0.1889308168772944 0.005
0.2203857761475513 0.2096632767642699 0.005
0.2189142693681161 0.1984334638236229 0.005
0.2144362917751248 0.1941058502240306 0.005
0.1964609245818974 0.2061572216633954 0.005
0.1994673952898856 0.1992550221756354 0.004999999999999999
0.2009314366083297 0.2139391676510232 0.005
0.189069795364068 0.1655526523817677 0.005
0.2234183758284685 0.1906709140776912 0.005
0.2099321850203658 0.2018684002960898 0.005000000000000001
0.2024477368739652 0.2044429863435951 0.005
0.2204417674942464 0.183755783632467 0.005
0.2234445056066336 0.1785807503735032 0.005
0.2323855294794819 0.1941446414653255 0.004999999999999999
0.2264211086953568 0.1854958855671436 0.005
0.2249533398900572 0.1725389011885348 0.005
0.2085199501212801 0.1630036654554146 0.005000000000000001
0.2294238531607553 0.1803208733457179 0.005
0.21766988695794 0.1585987282310117 0.005
0.2222879837233041 0.1609601679367265 0.004999999999999999
0.1590871924958726 0.1965848022832159 0.005
0.2023770174257109 0.2372566114374337 0.005
0.2278217221043093 0.2295309010033931 0.005
0.1665308888202182 0.2199011530745054 0.005
0.2383424127237642 0.2061832951241812 0.004999999999999999
0.1710981611116086 0.1758768156005676 0.005
0.1815373159850838 0.1598514788514519 0.005
0.2383722673267326 0.1941596956588451 0.005
0.1740983999399811 0.1707032599654374 0.005
0.157992397457839 0.1839800292409391 0.004999999999999999
0.2125946126737168 0.2378860811155152 0.005000000000000001
0.2277962835180967 0.2036811240029665 0.005
0.208408216400268 0.2149127971305518 0.005
0.2053692712806683 0.1992208358138637 0.004999999999999999
0.2309840300268527 0.1881434401373437 0.005
0.1831705757483723 0.1673177121535554 0.005000000000000001
0.2352995938578707 0.2217897404902202 0.005
0.1611122823017516 0.2195669243303718 0.005000000000000001
0.223324648472791 0.2368751452553751 0.005
0.2337818407087854 0.1726310256342546 0.005
0.2128673779707564 0.2279466534987777 0.005
0.1981980736138349 0.1603087098025513 0.005
0.1695591804047695 0.1958674723327558 0.004999999999999999
0.1985492376552933 0.2448709164185976 0.004999999999999999
0.193562980264225 0.162843749085586 0.004999999999999999
0.238365077221036 0.1994369043881596 0.005
0.2293971511517708 0.1697520778821464 0.005
0.1592540523685471 0.1913277622413355 0.005000000000000001
0.1568703059414544 0.2013077083515794 0.004999999999999999
0.1598494256722293 0.2064892498289281 0.005
0.2176380094994517 0.2414353448779066 0.005
0.2357699748106696 0.2269886445518687 0.005
0.2075671673763582 0.1572279759134424 0.005
0.2130917498293944 0.2119096827120799 0.005
0.1603537680598941 0.211643098900956 0.005
0.2405993597634688 0.1807858819305126 0.005
0.1723387860441508 0.2302272559963579 0.005
0.1884336338600676 0.1776985282530207 0.005
0.1734059507514278 0.1650825975222615 0.005
0.2379162689249274 0.1757223006727575 0.005
0.1911937042217866 0.2428903837590397 0.004999999999999999
0.1725353734122725 0.2250768524975129 0.005132559217381745
0.2146834249191702 0.1629260070135967 0.005
0.219210504647759 0.1655643592072626 0.005
0.1958686687645504 0.1552816791931687 0.005
0.1662435012879508 0.1742325813111913 0.005
0.1978848723665739 0.239767651804565 0.004862403210360407
0.222856935439584 0.224504996884073 0.005
0.2148485544045929 0.1741576403593796 0.005000000000000001
0.1767348699600359 0.2378255746718002 0.005000000000000001
0.2293403678097075 0.1751937581872893 0.004848780487205009
0.1626951818696339 0.2245288947268296 0.005
0.2033343737789569 0.2094537079372211 0.005053844075326982
0.1912233468335271 0.1576004105839901 0.005
0.2038244923440981 0.1608118161393236 0.005
0.2010547975142196 0.1559317624421501 0.005
0.1577029498334888 0.2158950678928153 0.005088141722280638
0.2148481904005783 0.2012621768804252 0.005283970192639241
0.2193522969959961 0.1934996270087733 0.004716029700101339
0.2035697994113933 0.2432432147267713 0.004999999999999999
0.232669621202974 0.2309915847413206 0.005040443138645102
0.2047746303137396 0.2285105513277243 0.005126723362128413
0.2281222257686973 0.2348853802236437 0.005031086962007984
0.1722207749137692 0.2353663912109563 0.004932126478826333
0.2337105740517963 0.2143868176112363 0.005292551239914102
0.2423805341604508 0.1911075183732452 0.005241877474813198
0.1679212514893173 0.2274779823006051 0.005
0.1650673024308597 0.1979716545070981 0.005411818062357689
0.2280639319983628 0.191989640851903 0.004636368047443045
0.2096910010005092 0.1676878482702594 0.004635394792740513
0.1834920712457137 0.1965388308756441 0.004635283785897619
0.1551716626863183 0.1938293541984386 0.004641535745976298
0.1858166401379166 0.1620241704220082 0.004589440289700335
0.2237297710690859 0.1676947921160504 0.005155420674578489
0.2311015617875757 0.2260891161155845 0.005247567346605152
0.1961147083551617 0.227319994476494 0.004541273687680434
0.1550847167670097 0.2057815212637935 0.005339477147010268
0.1864229645651044 0.2037915053415485 0.005539665936074944
0.1991983668221078 0.1700842001719852 0.005577675341691564
0.2400172050320423 0.2211117866964704 0.00524948832208648
0.1689538474518417 0.167548428064164 0.004821141377317451
0.2353846122638904 0.1906621275868172 0.005680207711712774
0.1623615191535354 0.1825154705841398 0.005568691905652284
0.2324059534019673 0.1837929750798737 0.004299047119547371
0.1740299764901387 0.2035179823724246 0.00428987023226483
0.224852555366726 0.2191723888841866 0.005710129767559415
0.1979846900951279 0.1932067077476241 0.005710129767600973
0.2204604313040354 0.1751199525079949 0.00571012976763262
0.2158779364741759 0.2191529929793581 0.0042898702494645
0.2113623315587106 0.2322357472309097 0.004313827132902912
0.1680319661888827 0.2104137165560861 0.004588181937642255
0.1740150454498758 0.2104266472162589 0.005411818062357731
0.1814547005454262 0.2285780557565398 0.00541181806235774
0.1799981247108687 0.2104395778764317 0.004588181937642299
0.1875273660479982 0.1871389973537079 0.005411818062357043
0.1890063384432965 0.1949144779680259 0.005411818062193072
0.2069331799560171 0.2053162674977999 0.005411818038338319
0.2114372865514443 0.1975537173174159 0.004588181982531297
0.229386524576153 0.1975925088939352 0.004588182021545851
0.2338479273792122 0.2053744354988571 0.004585457087000295
0.1845595850507233 0.1819365931261633 0.005420563730003912
0.2186006717181654 0.2368100365668614 0.004712303650300926
0.1988766520499805 0.2099445188143426 0.004403078289517881
0.183008121467854 0.2361401143926097 0.004484891861784581
0.1680482324712908 0.2321976345647735 0.00538342212491313
0.2076730781421398 0.2450695102883253 0.004328137447053283
0.1558169365981531 0.2103958232595887 0.004712259401480555
0.1759041604695931 0.1611072945070574 0.004498094599927728
0.1554555670474974 0.1891294708343031 0.004266100886079853
0.1949305352330001 0.2221726134004015 0.004155339037084464
0.1608568246784174 0.1872703717192111 0.005606880559671509
0.1697872520629288 0.1717584264187116 0.005640092676891139
0.2133842049046332 0.2237428367428649 0.005811391716510181
0.2244847252317972 0.2327944274522173 0.004019672909237446
0.2131524754795482 0.2161501370674078 0.005729145075007264
0.169042466374092 0.191673454204655 0.004221175154844273
0.1940816666543406 0.1670364617563974 0.004219800366227991
0.2060394348746205 0.1710248463017452 0.00578032075723574
0.1793225580947803 0.1973319130214905 0.005780320757235822
0.1912103286553845 0.2336282647719675 0.005780320757236551
0.1869533367242213 0.2084734390189943 0.005780320757191028
0.1887002224766749 0.2395052552039472 0.005927816559130842
0.1778849035698549 0.1688354030841315 0.005781683392554055
0.1653550644149465 0.1697365374257673 0.005798963221446034
0.2313522893796227 0.2203018288308917 0.005784926444284706
0.1756800274547612 0.2328853380741836 0.005756074459786501
0.2331855448101646 0.1767796430877431 0.005804496543544544
0.176401551951493 0.2235624965590896 0.004160469368857573
0.1915002182336275 0.1748736140217848 0.004162923839099707
0.2027100243645802 0.2331037079495944 0.005824015506859613
0.2423709055441795 0.2101664757851517 0.005762989979781886
0.1542529553771894 0.1979273718758879 0.005712665256670421
0.1779053658851864 0.2029478252061561 0.005841419483894968
0.1955532248068243 0.1901356006652412 0.00415858051623804
0.2346556395662605 0.1976038965407866 0.004161009849468086
0.2177257187802789 0.2293041352131309 0.004140714379459386
0.1957317035043588 0.197519774277238 0.005859285601769197
0.2185239961512178 0.2059890077520913 0.004140714317393265
0.2047963068539789 0.1541415269428851 0.00415279565445
0.2088376853069157 0.2292645037081686 0.005873394941037611
0.2087382604814564 0.2365728704047386 0.005968275684495141
0.2410025759801886 0.2028189985029965 0.005670879941081989
0.2074597986052129 0.2211858190279378 0.005859285617353296
0.1820387106790513 0.2178924270756249 0.005859285620423898
0.1889601455371277 0.2162881598286753 0.005859285620424826
0.2293543292607852 0.2124893178110906 0.005859285620931799
0.1949432247992542 0.2163010904894767 0.005859285620033509
0.2333891115326942 0.1684507046091765 0.004175184012939303
0.1714514720708432 0.199498178149228 0.004128581746610736
0.2248741528326126 0.2008133799533782 0.004135305605264583
0.1687607624566868 0.2234079487119299 0.004172247603979388
0.1897397629621799 0.1614060554098493 0.00590417482165328
0.2208139317527233 0.2334740319184828 0.005875349526705449
0.1618051631416605 0.173988339972575 0.005908088409781909
0.1647844477439977 0.2298446599769093 0.006167240574802937
0.2163925679292711 0.2096623926712335 0.003996909824655253
0.2066537587894211 0.1747102270449711 0.004067088486326285
0.1951938923443148 0.2426832038268701 0.006030832874690032
0.2048380696064729 0.213133995394793 0.004056835433891511
0.2306552806313442 0.1658268242079461 0.006038592482880125
0.1589024301912486 0.1798392911743233 0.00424429117903802
0.2047811751511293 0.2236061970815044 0.004007212433119088
0.2017069641753188 0.1641299480847999 0.003997104756141061
0.1937260589439426 0.2458836890988882 0.004072381149188883
0.221600487500202 0.2405508529238212 0.006090330783999166
0.1899066520966939 0.1912806874580764 0.003866243833325849
0.191703136509996 0.1975110677193736 0.003866243833749037
0.2105257748940237 0.206369006724396 0.00386624383771446
0.2424532662251012 0.2182755214124721 0.003792836224571444
0.2389214196770313 0.2247358299874654 0.003777300556428129
0.2115715871317276 0.160575875272014 0.003969554753835939
0.2341197244358416 0.2181192447758059 0.003836737387924131
0.1615802647933765 0.2156887145517786 0.004003895476695236
0.1837641009264279 0.2325980939147478 0.006217697072446189
0.1687282019192472 0.1848777158647886 0.00605105743102371
0.1740022474153645 0.2163483599395454 0.006051057431023716
0.192879799505496 0.1823391509983336 0.003948942568976323
0.1806847619153498 0.1893448617275991 0.00605105743102361
0.191965882987283 0.2097252251064002 0.006051057430970752
0.1898450665098608 0.2023184661087934 0.003948942569290335
0.1884204857602445 0.1693757064210146 0.003948942568976293
0.2233826482563885 0.207202361813031 0.003948942545126177
0.1971102341864925 0.2023341676233642 0.006051057430177707
0.2210745463669872 0.1875816085345648 0.003948942575374298
0.2240772846608454 0.1824065755409048 0.003948942746256579
0.1717309475700903 0.1797026559651839 0.00605104364121987
0.1764445246759568 0.1737910112539658 0.0039490240554372
0.2293657124046652 0.2072222815769473 0.006053471731573049
0.168019187485205 0.2163264848088542 0.006054147162906064
0.192623277537761 0.225446051319691 0.003911598003158115
0.2422229927453461 0.1985379081451958 0.006086900889080475
0.2365052001156946 0.2028038895703835 0.006151969363332495
0.1634753884386465 0.1896777775193433 0.003761490995071323
0.1919554016010005 0.2145750133832634 0.003847621804797326
0.1822744056536173 0.1636019951502752 0.006110058849796644
0.2262901222206389 0.2260787176088515 0.003715361280684014
0.1942571257504636 0.2323248621955385 0.003693246821509708
0.1842925950433862 0.2104488591067268 0.003693246821509404
0.2183491663815384 0.2020981841124654 0.003744346734643988
0.166431406391323 0.1896567822633141 0.006325671739518701
0.2388587876585174 0.1897121193968549 0.003889822565975874
0.1855035536423219 0.2390427456800186 0.003744100691778851
0.179352228481064 0.2249182235356597 0.00630675317849011
0.163806475896853 0.2104045844057925 0.00369324682150987
0.2152927027509872 0.1977002728491272 0.0037887405842861
0.2116253609974917 0.1648437160715872 0.006461292159771649
0.1774458528167192 0.1843054377617739 0.00615406480518223
0.2449570958369174 0.1884510382532455 0.006352066753445384
0.245748799249565 0.1920536209953456 0.003605540100543441
0.1663222355029899 0.177872317730134 0.003686846151735326
0.1946010840675623 0.1592368822061647 0.00385624383028444
0.2059345552593404 0.2377647150224676 0.003608128672713774
0.2358483110297667 0.2087925163171651 0.003709836681404587
0.2265301693356884 0.1890178260375189 0.006511995163072756
0.1884236739049419 0.2320484104602411 0.003691288695987495
0.1765359033443367 0.1957520587097657 0.003691288695987113
0.1730680583523807 0.1966021784792485 0.006317173955929479
0.1968861739224039 0.2363753399740441 0.006312522335230378
0.225911421052148 0.1759874889139404 0.006322994406996128
0.162552726475589 0.1956769270367738 0.003693958799253049
0.195996094534079 0.1702559520429554 0.003519337921052391
0.1800727799121839 0.1758962536572601 0.006605064883867582
0.1740673040907963 0.1862463202628389 0.00339493511613242
0.1650553575986493 0.2034985863821654 0.006605064883867596
0.2024999952407431 0.1802626591603043 0.003394935116132411
0.1770476454410956 0.1914342842258009 0.003394935116132421
0.1965169159797502 0.1802497285001315 0.006605064883867588
0.1859550746514008 0.2225426720133145 0.006605064883867728
0.1889354160017008 0.2277306359762775 0.006605064883867601
0.1994972573300494 0.1854376924630973 0.003394935116133046
0.2084830745017361 0.1802755898205068 0.006605064883862437
0.2054803365910423 0.1854506231232664 0.003394935116132418
0.2024775986803991 0.1906256564261422 0.003394935116146756
0.2144661537627292 0.1802885204806497 0.003394935116132433
0.2114634158522047 0.1854635537846102 0.006605064883658512
0.2084606779423573 0.1906385870871922 0.003394935116542126
0.193473117708449 0.2044235901241131 0.003394935116036971
0.2203708450918982 0.216571941595129 0.006605064891097282
0.2009239710787733 0.2173935000581937 0.00339493510992725
0.2233735830074355 0.2113969082860617 0.003394935109311627
0.2144437572027923 0.1906515177696986 0.003394935118672036
0.2174464950888084 0.1854764844584655 0.006605064888691474
0.2204492330241009 0.1803014511871264 0.003394935124231673
0.1925407326121346 0.1541167786842962 0.006527084624780207
0.1710189857870047 0.2035226911438747 0.006608939311227334
0.1994942633619414 0.1958119478051675 0.003391060689513872
0.2173875097928513 0.2217582329764612 0.00660893932162766
0.1641087868118154 0.2172963383519713 0.00634601124333728
0.2293917510184462 0.1837609173888994 0.006609988209766312
0.2054580064279603 0.1957828983986395 0.003389628892890106
0.2024285629281103 0.2010039573260315 0.003389628916197478
0.1830754463081929 0.1707543105464196 0.003389219863292886
0.1995548314948489 0.1750951064913714 0.006612089361430022
0.218847878080487 0.1619913749274088 0.003559425095790665
0.1806356537607493 0.2043647163855377 0.003628728151798228
0.1954151446249548 0.1870626564154164 0.006371271848093113
0.1888149486974922 0.1548837039994843 0.006099180435326348
0.1999086401140926 0.2068867385723064 0.006380082497329299
0.1918728954015126 0.2225177373704048 0.006618096099419794
0.1979866547434466 0.2225309504584679 0.006618096099702184
0.1793259688922575 0.2165229278957121 0.003610979728403965
0.1818552480986031 0.2209257153057762 0.00361097972840397
0.1864249721630477 0.2146126324582835 0.003610979728401598
0.2268119372843851 0.2141538715210116 0.003610979729867448
0.1974856167693535 0.2146365367775727 0.003610979725799469
0.2018413191944447 0.2464684893118927 0.006062857945275912
0.2223540994561556 0.1991354415904084 0.006394343058033097
0.237797145733509 0.1829219966594556 0.003646759522314807
0.2046391100506039 0.2399180355876021 0.006418223055719091
0.2226525608378028 0.1940645436706763 0.006429168865452019
0.2072674251409639 0.218201522629027 0.003582708860740074
0.2051846556491239 0.1640233390119844 0.006419387485922311
0.2248306946781644 0.2279465387803355 0.006629822974855474
0.210019222165853 0.1547187446621982 0.006396308806554836
0.1595577354937162 0.2227962971034931 0.006321859448141829
0.2092887820924212 0.1758857515970683 0.006459387334164162
0.245185069994415 0.2112039243548266 0.003470081057039364
0.1534447805549327 0.2015088448722791 0.006552837774041815
0.1885041963218597 0.24499719924586 0.003539258737883217
0.1796551693073316 0.1857491030235804 0.003509669756029617
0.2051491411277662 0.2159414424637332 0.006490513437058948
0.2215303678446855 0.1962586338640116 0.003480661554460641
0.2413657667093951 0.1958739730754666 0.003397394320055069
0.2372587363709793 0.1722912834572486 0.006387873142824346
0.1894266984457244 0.1728898128682945 0.006532612168144328
0.2268036268849848 0.1781813297319163 0.003456550682946108
0.1653219555336227 0.1829012908725542 0.00335064378456405
0.2119980008230358 0.2086483588139977 0.006404280035288351
0.231552779382336 0.2342925191303458 0.006282060512880202
0.1622521694864569 0.2087894055572327 0.006657397618324215
0.1705057203974018 0.2172055109221862 0.003439873535373025
0.1707260923925742 0.1831555541280967 0.003437911028017537
0.1826751898712797 0.1910756430375972 0.003437911028021586
0.194459997549446 0.2088668545860612 0.003437911028716256
0.1991006623228442 0.2040649489868911 0.003437911105663506
0.2230724332095397 0.1858594477916931 0.006562090592627466
0.2260751738414469 0.1806844137057044 0.006562089434222349
0.1992292843726081 0.2360348779579126 0.003448765360971375
0.173728828438661 0.1779804765149406 0.003437896896041296
0.213123508455847 0.1712704795622526 0.00343122341285396
0.1744468121127277 0.1755133901166631 0.006562141721051984
0.2432482846948598 0.1828632138882856 0.006488728908068017
0.2129721233305115 0.2346014138580288 0.006656224003179683
0.1857372634108355 0.1651553718796827 0.006564106846538988
0.1700954866793865 0.1642577584347467 0.003534302561673432
0.1848353124213793 0.2012299787253563 0.003390553042778149
0.1936320586198905 0.2405864882594483 0.003372505593673674
0.1833477839318694 0.1934246167276008 0.006624920410592974
0.1857716383714628 0.1757442693253197 0.006661819818667527
0.2021612048203775 0.1700563336595599 0.003366911137826385
0.1740598385706648 0.189700652684756 0.00630675317849011
0.16804316446908 0.2052322179232104 0.003693246821509863
0.1859476091312686 0.2259970044352321 0.003693246821509486
0.1889503470419245 0.2208219711324653 0.003693246821494591
0.2024850642007064 0.1871713240042431 0.006306753178418219
0.205465405555413 0.1923592879695444 0.006306753176930462
0.2114484848761705 0.1923722186647417 0.006306753155119893
0.176773458252015 0.18089919854706 0.003335711472885087
0.222265060259273 0.170633199556998 0.003335272775761804
0.1661048728907884 0.2245916863296532 0.006503938553435312
0.2258213016244608 0.2063611335378065 0.00658106844564863
0.2203311304747174 0.2266081978321986 0.006666884027111578
0.2117593458665842 0.1752801088676337 0.003333115972698259
0.2336852137746017 0.1862912866080092 0.006681613606170998
0.1617667197848952 0.1935175983370982 0.00657829213198534
0.1956783845886267 0.230407456205689 0.006491227462557142
0.223520796031738 0.1642545053840543 0.003490913595328003
0.1856990382113103 0.2120773740413292 0.006670860260232166
0.2024082824229136 0.1975027650230762 0.006328473129066298
0.1684567887889891 0.1778029039749311 0.00667573381562938
0.1798244580130053 0.2363251216612884 0.006321699654429172
0.1678060102218289 0.1880465645597219 0.003327835988537374
0.227635524350637 0.219373638943 0.003327494286346338
0.2232434003417038 0.1753212026506524 0.003327494338376627
0.1987269198846063 0.1534911569947514 0.00352097969541071
0.1579046179516854 0.2202617997969923 0.003355591214094373
0.1827883321200608 0.1568167061198298 0.003456815274274097
0.1901310439561559 0.2373369187537661 0.00332935920169556
0.1627432426129584 0.2279894020556712 0.003712146419447878
0.2463848889103538 0.1983738074828796 0.003413598462461793
0.1594483584863288 0.1769734578847581 0.006500024478627965
0.2268969917028399 0.1671945295087595 0.003086032580530526
0.1616831359651822 0.198538686122647 0.006684138227388682
0.229095663614217 0.2006477636971443 0.006579444546016972
0.2086459282678295 0.1988294521659046 0.006579444761466434
0.2066555279319901 0.2022597841184859 0.003420555367954301
0.2145730196536599 0.2404327137472027 0.003328270660660237
0.2052512680366594 0.2357575354401297 0.006679738450333738
0.1906720921903211 0.1800348875950281 0.006681218877180456
0.2250117733145971 0.1934861978274908 0.003318567084517959
0.2178371508994377 0.2116431382072133 0.006694254084153293
0.2068744743225271 0.1657867788149056 0.003318024594074067
0.2342325751030335 0.1881097250976446 0.003346423335591891
0.2311094787549383 0.2040713472902198 0.006604181912033727
0.1754877148317445 0.2211185625955443 0.006697969183614021
0.1782157806779094 0.1587437134206011 0.006073637059959511
0.1779082430598923 0.2411778062647239 0.004192774034056755
0.1753783745508488 0.1676925857537815 0.003399130557734199
0.2042604152796949 0.1568339261618668 0.006673702521427896
0.1827551267479956 0.2432146545084484 0.006520095525438736
0.2167962409197241 0.2040081874925946 0.00664834283141902
0.2172330236242437 0.1956925350523715 0.00668762954714566
0.2127289169706918 0.2034550850205579 0.003312370471111905
0.2202044387809456 0.1905714843345854 0.006687629562518354
0.1637144921629557 0.2214702657470328 0.006687341602229467
0.1977180616207208 0.2243220127246862 0.003270941920191083
0.2350833498995683 0.2113480566439465 0.006694622212676358
0.1829881032517697 0.2037880286086426 0.006691660123217604
0.1915176130726513 0.1675964927136324 0.006712624442232692
0.2310551584158981 0.2229885392649843 0.003367748504810077
0.2233520256863463 0.221371569596001 0.003260028220704576
0.2178047808253329 0.175308381979739 0.003260028221310781
0.2415823634141842 0.1943405409579589 0.006675630138833099
0.2117479644856078 0.1698347749249245 0.006694734956941829
0.1843105057667345 0.199397139132547 0.00669474464423993
0.1936078455368356 0.1734911241022636 0.006754728011091003
0.2266422182254983 0.2380739307198282 0.003631055360291479
0.2324174980601326 0.1792495428849964 0.003281932907934896
0.2158962483262021 0.2385524456877998 0.006585308796155994
0.2309369909636234 0.1913186767653609 0.006715266615579347
0.20084907668006 0.1670778337330456 0.006699285039670104
0.2157977875571024 0.1711105997759799 0.006683225149905743
0.2397466836471194 0.1839432111339566 0.006485673631049814
0.1679247755585844 0.1985980381188431 0.003300019328738602
0.198996812565105 0.2268693262555699 0.006664255017331989
0.1997467153962854 0.1818443420378194 0.006403157377780351
0.2022660713653317 0.1766682640476127 0.003596842622219635
0.2052464127156166 0.1818562280105664 0.006403157377786107
0.2203777074089791 0.2133966898091015 0.003596842650563982
0.2117128739183959 0.1818702033586946 0.006403157377414557
0.2082267540656116 0.187044191973328 0.006403157378001358
0.2142098333545354 0.1870571226482635 0.003596842631838647
0.2006745129901315 0.2209868504730597 0.003596842610584416
0.2172125712525476 0.1818820893393934 0.006403157372024757
0.2395813249201892 0.2142267251343483 0.006807024353224072
0.2395813249201892 0.2142267251343483 0.003192975646775927
0.1921323805501802 0.1911888612813334 0.006701103666647465
0.1906697960855779 0.1994845181918851 0.006701103666391772
0.2117262848569382 0.2044925538496397 0.00670110365295076
0.1754933545409129 0.2185090417735031 0.003587228047953581
0.1917541477105675 0.1847108285658044 0.006412771952045327
0.159309126457112 0.2033527030610102 0.00669888452325051
0.1555969407168449 0.1862660435678408 0.006503111480045431
0.2407000208384082 0.1774898948100761 0.006494861543740316
0.1695049118285322 0.2209778061185768 0.006727249177575096
0.2353748502226783 0.1951777907925014 0.006726050355451442
0.1827907888829259 0.174334832918061 0.003582791526871618
0.2101755072062434 0.244703281682035 0.00685967635984332
0.1963513966958903 0.1682222027676187 0.006745232235566844
0.2019129905215562 0.2273122889197815 0.003311718488551052
0.2156251056236702 0.2225845108954253 0.003251154615275367
0.2292616657867168 0.1946823284620176 0.006691642715095801
0.2092895258447419 0.1599102805595467 0.006673373464916445
0.2278495938238059 0.1882897214180585 0.003251005703143173
0.1800367032148393 0.1674674964908126 0.003253030994555679
0.1649562466626304 0.1802323561465136 0.006532083324643357
0.2145544987085637 0.1596428393386674 0.006699401863663492
0.1720987319605171 0.1680966281372869 0.006594525349350676
0.1980849237032754 0.2125771895113984 0.006711711798226468
0.1962035792174431 0.2093022802486872 0.006711711798992317
0.2008871975170247 0.1619479552264189 0.006734779314915184
0.2069223540795175 0.1603007794594238 0.003222752519483084
0.2128978384337786 0.1655470302989805 0.003178816434362772
0.178403262000315 0.2004908118029032 0.003281853411421445
0.2363188983549587 0.1708460797049298 0.00325819349646062
0.2354965144905578 0.200970313628877 0.003232696788835338
0.2155701917189813 0.2433509269941981 0.006929037677827264
0.2153275057797093 0.2298830881614223 0.006732266942334119
0.210023717247921 0.212278585619107 0.006802720608625624
0.210023717247921 0.212278585619107 0.003197279391374376
0.2111586693766415 0.2405426395210755 0.006827866062650428
0.2114481790434953 0.2251478093187596 0.003152887489615737
0.2262612164027366 0.216046266729007 0.006726138567944566
0.2218690923398395 0.1719938303531104 0.006726138568622926
0.1858588264151619 0.1691869753614284 0.006435885786208408
0.1709840535421564 0.1931500571210368 0.006834766741850716
0.1894238115269838 0.2090903921252776 0.003271402079187438
0.177453666314156 0.2169819107625328 0.006729719696005512
0.194119476851801 0.1853405233681157 0.003200573488871258
0.1964739892462012 0.2001121398899633 0.003245779271953653
0.2211401934273503 0.2066423522436297 0.006754220737356507
0.1590722783376563 0.2034856557219928 0.003132290913372804
0.2358256927751583 0.1834322277926606 0.006728974564555469
0.2262593979880669 0.169685097851681 0.006719538334388815
0.1869930715102596 0.1804646991813647 0.003262190246398756
0.1658330617726066 0.2168686854540441 0.003248504582648863
0.1774394389253517 0.2347708049083509 0.003276708592316191
0.1965234385631309 0.1772316974922719 0.003542533105527838
0.2013265899492522 0.2405780282600981 0.003597877163588078
0.2321828447250133 0.1910277244594447 0.003278223781685242
0.2107293489602536 0.2169737015357827 0.003248955994104552
0.2030941654736032 0.2221113879977842 0.006766839948215121
0.2381512434241641 0.1788404411885243 0.003281206656803923
0.2203485232922959 0.2269003329890385 0.003120531542750784
0.2272199426059053 0.2067113742182378 0.003226475609599045
0.2153192733049053 0.2361548592811116 0.003507632408661508
0.1635793321756051 0.2216276398068421 0.003130537003749179
0.1966023597335068 0.162896036362881 0.003153743795422025
0.1966023597335068 0.162896036362881 0.006846256204577975
0.1860205789561855 0.1758887134839407 0.003118393234368448
0.186088637597926 0.1663297420228727 0.003228340132502681
0.2161464949612493 0.1656186884044529 0.006814516181912272
0.1880932886517685 0.1596032748551096 0.003313729700594301
0.2044489563744106 0.2464136885021379 0.003639338805416823
0.1691638149139997 0.1989142856097045 0.006781985554293319
0.2175380542723096 0.1681113575927511 0.003161276041331932
0.2199015013117538 0.2232169400428017 0.003511767044312705
0.2144724838590412 0.1773595542019709 0.00648823295630385
0.2307050625386013 0.1725385598286042 0.006784744758380172
0.1800705135934435 0.1769448903450439 0.003213817284698831
0.164146078428318 0.2040209420364551 0.003213817284698838
0.1731602912392054 0.1857200392293447 0.006786182715301166
0.1770453791223552 0.1924829209135848 0.006786182715301172
0.2025022615594835 0.1792140224725205 0.006786182715301169
0.1974239288313411 0.1807760095336256 0.003213817284698837
0.2084853408204765 0.1792269531327 0.003213817284700019
0.201568319509899 0.1911480120806304 0.006786182715301539
0.2114656821708527 0.1844149170961382 0.003213817284731861
0.221277857915132 0.2170982226123702 0.00321381728327912
0.2242805958353267 0.2119231893082113 0.006786182715914064
0.1925661048572645 0.2038973090902419 0.006786182715285647
0.2009217047579536 0.2184421367111351 0.0067861827149337
0.2144460235235573 0.18960288107357 0.006786182714235661
0.2174487614196387 0.1844278477947621 0.003213817286874349
0.2204514993431457 0.1792528144625131 0.006786182713483635
0.228503816930808 0.1832457046955443 0.003212702920727474
0.2015398910476843 0.2015144746852371 0.006787384179486274
0.1830732353368544 0.1717773377225504 0.006787474759160227
0.1680379848474511 0.2076288540062618 0.006787747474933006
0.1740090267913073 0.2132115097660832 0.003212252525067002
0.1740210641084441 0.2076417846664346 0.003212252525067
0.1790399295019463 0.229965274720235 0.003212252525066994
0.1754850992345923 0.23040747783019 0.003176176221473874
0.1799921060523003 0.213224440426256 0.006787747474933005
0.1800041433694373 0.2076547153266073 0.006787747474932971
0.1899421370914781 0.1857517783900115 0.003212252525067015
0.204571973909335 0.1756223212170459 0.006790461295681176
0.1755761385662748 0.180204471189527 0.006903376589245042
0.1680245006687512 0.2138680489780032 0.003096623410754944
0.1784594281548639 0.230298756637412 0.006903376589245077
0.1725622023753837 0.1905610031251921 0.003096623410754952
0.1740225109700072 0.2069723147943418 0.006903376589245055
0.1844499729359885 0.2268573548756676 0.006903376589245075
0.1845320936574399 0.1888596982345813 0.006903376589243325
0.2293603949955749 0.2096826727171691 0.00309662341023863
0.2114447520831247 0.1940993848570839 0.003096623421265328
0.23241470600619 0.1803278602943146 0.006904207843310778
0.2308692294697884 0.2036408236443463 0.003094643102411791
0.1851210730852027 0.1885213458952874 0.003207571838247373
0.1874863262260723 0.2061283222753057 0.003096987899685111
0.1858370376497524 0.1846524003917315 0.003536385941629392
0.1605773716120456 0.1991748785621682 0.003095274244965741
0.2353770690956782 0.1941511074789241 0.00309662340308278
0.1982585721134737 0.1572274659129094 0.003239617325316166
0.2309419080891116 0.2140589869020838 0.003115580140715886
0.2206456604134184 0.1682517705353788 0.006815290550704999
0.2070034413555201 0.1673254232577754 0.006908100951423805
0.2045234215266507 0.2066790327778662 0.003209510872322317
0.2049423007712124 0.2024407340124019 0.006509811684505758
0.2279674452502352 0.1724087149686194 0.003140220660973313
0.1982631668812373 0.1571908105195663 0.006783161085216583
0.1949382332044069 0.2186107252650947 0.003182465754463883
0.2398183568188619 0.1879447174009497 0.006822032233240063
0.1725982512665732 0.1732900208150487 0.003095601656923028
0.2438719054963931 0.1837398530823811 0.003057249817847657
0.2027610446388355 0.1700456908302471 0.00684920223907684
0.1920971254490417 0.2399865758979905 0.006823201440276619
0.2110946674701249 0.2406610458697627 0.003142932560550831
0.2062314172312392 0.1962624193006001 0.006801478178795662
0.2255329656259053 0.1610547242654501 0.006506749857203268
0.2248302656746382 0.229242767161282 0.003147006395211759
0.1895580383587312 0.2456869101384808 0.006815504768334996
0.1818368592990844 0.1568876348883831 0.006808709814302022
0.1631491158394509 0.1715607927430975 0.003585845077357184
0.1851635175367947 0.2220833824943028 0.003196364842717269
0.2265594717280782 0.2322768431619427 0.006836104835857908
0.1987133865013602 0.1858880045047229 0.006805092357365883
0.1734266412682722 0.2384959855675254 0.006036829438153098
0.2084725938603444 0.1992568511331891 0.003083722079007451
0.1897045895050238 0.2272887671402807 0.003192691512844025
0.2084607480165386 0.190606163434852 0.006919048709251931
0.2371223791628347 0.224245551792294 0.006791790301667903
0.2414609067457497 0.2055202646207429 0.003354676706238921
0.2400848445247273 0.2088449959392853 0.003318338247423798
0.1905347018006173 0.1798365202619472 0.003153350551632828
0.2098984885098139 0.2174598375812075 0.006919591837035612
0.1739963441028136 0.2277587288477266 0.006898559267106084
0.2466623950763169 0.2040808619346116 0.006230942902346439
0.2296994312233148 0.2321209799188292 0.003329720459412878
0.2414033387059906 0.2068812182115207 0.006608731556934214
0.2157492598910822 0.2438749680600414 0.003363278363775791
0.1697356804537653 0.1785449405763069 0.003152099035603157
0.2356271855105346 0.2300632626939645 0.006692976918671399
0.2468291913241303 0.199057696637642 0.006750640052761879
0.1551532805552724 0.2136308800299736 0.005859714239086124
0.2147094458051598 0.1592050598984411 0.003226368964385027
0.1866667878148567 0.1962584848902372 0.003170723879714591
0.1852559352714094 0.2160442208131573 0.006591222217762836
0.1862042423739685 0.1964501970195242 0.006856340077325199
0.2093927218591945 0.2223073696744448 0.003157627622734551
0.210697390630104 0.2355083471580058 0.003273161339454205
0.2053937095221143 0.2255333886906986 0.006870424900906994
0.228155148304108 0.2193593383753932 0.006870098656466947
0.1535488750600953 0.2031918773013906 0.003382355883874277
0.2427136145065311 0.2171883507073111 0.006981020204541384
0.2187766924657862 0.2329402785883268 0.003071494292462406
0.2143577261833695 0.230458488039352 0.003068246821365977
0.2041199088191938 0.2348115099954766 0.003111748366810587
0.2009463679356142 0.2070305030180156 0.003042271209449846
0.1996010962642643 0.1733028869694301 0.003065665708909339
0.2131019767871743 0.2088956222172312 0.003095388005662226
0.1709430890717007 0.2275461773150445 0.003168190330059341
0.1810459450525068 0.2219127870703165 0.006864078867066886
0.2248874927272923 0.2030067235352288 0.006853248480360621
0.233619521221199 0.2242494490073685 0.006843890820466286
0.2354586876584815 0.229967973922548 0.003207399994674917
0.194935751263533 0.2197591311611632 0.006678361851418483
0.1707110706341231 0.2327368118388516 0.003149694357405208
0.1793379317121937 0.2379654529754236 0.002966139250136275
0.237519077327593 0.2197781660322548 0.003214128544696196
0.1578457036481281 0.1939074518664237 0.006887431915888507
0.2412588046771301 0.2003192211490998 0.003220604424838835
0.2065479420048102 0.2120100671900767 0.006880355331027
0.2209176163837345 0.1579437374881612 0.004126020726183701
0.2197507929947069 0.2014029478743452 0.006856305619035588
0.2457139281648235 0.2094014612925421 0.006411740569748969
0.17708956041154 0.1720400238368385 0.006889771662114668
0.2157865863747937 0.1561617631476239 0.006644731174735363
0.200151646091192 0.2352613985995447 0.006788059822094541
0.1621472258865217 0.2139165098299069 0.006945631950271054
0.2349682218684438 0.1753547338687499 0.003153771845618981
0.2249233019277805 0.2224424799795008 0.006886231792780449
0.2249523066874181 0.2396315304095618 0.006385697180172833
0.1609249762332206 0.18469506355105 0.003264789095841229
0.2008767515217052 0.2397257469994091 0.006944459378994189
0.1871426184640548 0.2322105921060291 0.006913228567485316
0.1566529825854782 0.1983239532472608 0.003228674130485843
0.2353650630252307 0.1996072036090856 0.006914986657047343
0.1725513345207273 0.1955896122555819 0.003043810047534282
0.1844852624571939 0.1597347395899394 0.006852832949949813
0.1844199763291889 0.240207613379241 0.006804104810126551
0.1818627463203138 0.2431624044672421 0.003200113057043701
0.2354560131964206 0.1693812215335704 0.006768481019767835
0.2341787092086169 0.2245118860545484 0.003139091590022351
0.245789103746752 0.2040759979786131 0.002984805635538162
0.2167906349959329 0.1921427396017792 0.006607281726002668
0.2101613363169348 0.155693460775226 0.003075186867356357
0.1929809669234002 0.1599597957146049 0.00683621518679127
0.1708026809117154 0.2028809766678944 0.003215183323932507
0.1990466747000113 0.1963201305855397 0.006784816670692324
0.179969289884991 0.2237815918492438 0.003096660108192465
0.1958447778922833 0.235357567130128 0.003170780387713401
0.22485564820273 0.2041543329815438 0.003242880272420229
0.1959696108128625 0.2465091367360892 0.006645640331892883
0.1584592662625151 0.209226888605183 0.006730899854456216
0.1889516245029772 0.1726885946543927 0.003113734345384542
0.2321979580981498 0.1979743657888163 0.006566367306330161
0.1872352032008948 0.1803250540740001 0.006899819701567564
0.1807264377577573 0.1626613063931132 0.003180581272923454
0.2214405562024537 0.2005937075465165 0.003397825617419393
0.2307387446550412 0.2288231228657196 0.003154662770387466
0.2011410706806706 0.1591088005216449 0.003623551823950219
0.19839712115541 0.2160935499714204 0.006605680920437346
0.2029249693280135 0.2307720294773249 0.003286471014402716
0.1838472618840767 0.216853464588809 0.003108214728047582
0.1905711566820349 0.1631409491113629 0.00303589161883722
0.2053063207570067 0.1852718561904916 0.006887288442267138
0.1728259716748106 0.1617912916897162 0.005970364514595733
0.1947433379368386 0.2337152528234127 0.006816023607077197
0.2373120985715553 0.2196676708219363 0.006827662988847698
0.168026418585253 0.2129806196980912 0.006892089641985676
0.2064878061620973 0.2430184919602518 0.006862225070553424
0.2244488807424989 0.1877207465367517 0.003253889819359208
0.165196859297529 0.2007438175162343 0.003370594889235308
0.1708040066619923 0.2108269530424027 0.006588105472219145
0.1767870859229853 0.2108398837025756 0.003411894527780823
0.2322466894594322 0.2171280237180874 0.006773388115696895
0.2393443841001158 0.1914153262006702 0.006849868031227994
0.1600389116455144 0.1768131269515953 0.003139003546212814
0.2353889046737513 0.2121662000176719 0.003286553039811935
0.1586715896050888 0.1884359195058686 0.00318748577456095
0.1824155958813163 0.183418774097396 0.003184649168040821
0.1824424302402493 0.2311694435409741 0.003393150069686757
0.1579962978848516 0.1887233652753955 0.006892693620403581
0.171076536396275 0.2327952502186451 0.006939002814162746
0.191958712245739 0.2130431620245787 0.006914946682637858
0.2079801242078612 0.1702143897461106 0.003073485569425038
0.2291235574846774 0.2006929729061362 0.003153393707604003
0.1961005194641474 0.1953806283145054 0.003208859046781588
0.1954978293108771 0.1763443227144989 0.006766481397472836
0.2109101167742007 0.2453994840110365 0.003269139287796329
0.1853182629722072 0.2334207327790215 0.003285188087571128
0.1731242385533973 0.2008340574911805 0.006795594891102093
0.2260165907374641 0.1936220221846125 0.006831364298973195
0.2102194711978085 0.2229521598054719 0.006827564238379404
0.1802508007095542 0.1860807683354268 0.006961253652268892
0.2041815181960383 0.2066999928143332 0.006889009541933288
0.1556523648525242 0.1913066166088636 0.006873128045552119
0.16656847115978 0.195476783595722 0.003009301796433283
0.1905755768600434 0.2368059830926468 0.006878573840406793
0.2145447982621889 0.2143888500258483 0.003158615414467148
0.2007038136141797 0.1529570351289495 0.006587863296659316
0.1759074604234033 0.1636217217402384 0.006810544833695176
0.2280143714578535 0.2256279723198847 0.006624515150848369
0.2206436931984122 0.1908352455986985 0.003025492392586343
0.1667626537900456 0.1954132963356677 0.006896674867498483
0.1562564112913147 0.1860982509356088 0.003046228484282635
0.2444916503471705 0.1876925038538639 0.003105349700651626
0.1719680811276361 0.167615599077384 0.003214955864681355
0.1887885181890201 0.2195438230657121 0.006846623410743964
0.2141783421846755 0.220601561826804 0.006861742354893929
0.1826683830036764 0.2099551125842315 0.00664544098512692
0.2384831517781751 0.2031731554895944 0.003391856282457328
0.171352095076383 0.2099265111284399 0.003351695622729599
0.1773351743373759 0.2099394417886127 0.006648304377270384
0.2053748558100542 0.2410926204229913 0.003044992000481331
0.177227653653686 0.1706306123757667 0.002970113820072182
0.1655628121893056 0.2244256735257395 0.003121353752757014
0.1936687262237982 0.2272530389278329 0.006894999607516216
0.2373206456386347 0.2088107547104175 0.00687876267301357
0.1710064950093115 0.2176268880915039 0.007005472580108284
0.1694451716067007 0.225172712984313 0.007034797066234947
0.1969099184421847 0.2302920875203761 0.003112701396143144
0.2260167925999365 0.1992728171016551 0.006930723709142972
0.2201711631860414 0.159403521995646 0.006974916866212544
0.1653850219964358 0.210867368476816 0.006658291719530687
0.2173470523975635 0.1751834804613459 0.007046533112537993
0.2023636992848564 0.2270441582841764 0.00700232670626154
0.153327125564287 0.1961377883751455 0.002996497900278382
0.2306030217844048 0.2290238083736636 0.006877225616820895
0.1706934564582012 0.164274417535392 0.006877831561717477
0.2169805111589982 0.2076496568942274 0.006653289547733802
0.1586882872014114 0.2092044772063364 0.003217053653001215
0.1794189896969955 0.1618667797788201 0.006733178034085572
0.2071297550639689 0.2296409765050297 0.002978390793333193
0.2276150631253421 0.2377426100625221 0.006999505498081303
0.2251760051980538 0.2170659771841091 0.003084906743152858
0.1712967791527699 0.1829094313164526 0.007031074227421569
0.1996096680562268 0.167859961758122 0.003065995781514679
0.1803942604898899 0.1668498370102332 0.00687002831054431
0.2296214341197833 0.1945665328262274 0.003102204970065416
0.1842675339253269 0.2045432854026867 0.003048404235273127
0.1634953118606755 0.175140823972997 0.003145553229710355
0.2138720369497258 0.1983923222942432 0.006774044207189434
0.1581877325674197 0.1939250850721487 0.003115272682876152
0.1887165708948333 0.19128768037537 0.007022083195573568
0.1922921210673444 0.1964769307067989 0.007022083195695007
0.1657616236539226 0.1834905583190093 0.006852580544862623
0.2199582299182009 0.1627335431707059 0.006636034870384111
0.2449522293561236 0.2126817404384911 0.006700081426651208
0.1652353264391984 0.1768221000030321 0.006917326093879628
0.2395967584342519 0.1862456305604851 0.002948403144557158
0.2161178697253251 0.1561426562094644 0.003289753066881859
0.2218245740531006 0.2347023810999634 0.002901037892473443
0.1788593746684173 0.159906184982072 0.003017899752812064
0.1969489318165408 0.2425330185420761 0.003127043787108397
0.1933831669803688 0.1537668611103435 0.003261960263202609
0.1572484375687714 0.1812420378116526 0.006836413550146808
0.2045623625776783 0.1574954449921277 0.003276177502105868
0.1577754955427854 0.219786368893689 0.006860346267638663
0.2162049497653148 0.2172401109996511 0.007032164069727136
0.2095984396848022 0.2334616293771321 0.006895602013755803
0.224178232679696 0.1646896049490432 0.006909738635532662
0.2462147927984656 0.1930642042032491 0.006754568685575066
0.231330181494188 0.2069652822989043 0.003036910247400235
0.2063549949309234 0.1818191163027006 0.003236476913817531
0.2093353362842699 0.1870070802697687 0.003236476914180189
0.1763976099143466 0.1962451068249688 0.007003421443961791
0.2375169657858026 0.1784950951056707 0.006849350595772198
0.2314740402929549 0.2349466253955715 0.002993860932282402
0.1619420707529156 0.2272371145946736 0.006954900644183235
0.1603541087758902 0.2168963352140232 0.00688375957112415
0.2294991174209569 0.1650023101382664 0.002995941304349809
0.2031836847586428 0.2122811035215088 0.006838398802168817
0.1695062262139203 0.2203696336160939 0.002970704525251185
0.2045012834318717 0.2163556316254341 0.003222369835337282
0.2183191062490503 0.2313920510899642 0.006693486406300494
0.1632720273687458 0.19055280838165 0.006989135302973312
0.2414069410666376 0.1780334493345188 0.003261285798203553
0.1937716807205986 0.207012902949762 0.006787768935420817
0.2392942931135815 0.1967995611659005 0.006871165018296664
0.2163991814056353 0.1718492525697498 0.003153665342678015
0.1576488296620146 0.2129431134718758 0.003400321923836995
0.1617676396895391 0.19247883025213 0.003121479959784112
0.1733880863971275 0.2225438064350642 0.00311617096548203
0.2232014030365788 0.2397689689561456 0.003153628790584432
0.1918217352864542 0.2223515785464024 0.002963549996913716
0.2419669929092425 0.2119085358951224 0.002947350443178351
0.2146972618490744 0.2258918957747928 0.003118272707781628
0.1742764596308263 0.2272907501255254 0.003059418358143391
0.2250992094785545 0.1604626326283137 0.003227469685744119
0.221022253952933 0.2126157973241741 0.006770407401211424
0.1984347901384712 0.1913324058954868 0.002994305854904909
0.1886260766892218 0.241582552062724 0.003317753947979501
0.1690192146681165 0.2353052215854114 0.006139556710143752
0.1653321296006719 0.2317562900206896 0.003467580766497938
0.166056432219776 0.1678506175063451 0.003040864526325647
0.2067161485804336 0.1545821241892322 0.006845535237575608
0.1803101122848947 0.213390436519321 0.003088460798145735
0.220567910642857 0.2228459126405792 0.006745558370754372
0.2224901914271886 0.1818760938763974 0.006819252517005269
0.2205015713131699 0.173408986555752 0.002862435040427872
0.2211196926469721 0.1675173865752179 0.003098139014206048
0.1887979804451087 0.1563021009414386 0.003022310773397636
0.1800043643626424 0.2075524606973148 0.002949068529680385
0.1579715998204552 0.1989428994588371 0.00706074803585346
0.1690511717010336 0.1739317296900064 0.003204365644021413
0.1673863799384022 0.1709672135672498 0.003361009522418496
0.2165444105532158 0.1649359154166745 0.003110464787649017
0.1623821310876622 0.207466966590356 0.003088608572062417
0.186592247036034 0.1842463235669221 0.006742051213404483
0.2404409218233013 0.2240908963850303 0.006663189621384248
0.1920320652533323 0.1763934560810757 0.00706269580257279
0.2204716078274281 0.2420274160692028 0.003286575698738115
0.2338522822963628 0.2075741742771767 0.007066612825454078
0.180625884735523 0.1958368485943591 0.003123185625907534
0.1938338102816286 0.172778532483884 0.003087915078193691
0.1974458472537776 0.1531547782883103 0.006940833816885239
0.175946122480352 0.1641152968872579 0.003093659453473751
0.1599313290008356 0.2238965532545261 0.003130932029946188
0.1739699131804341 0.2333565068523046 0.002945509142142427
0.2301775202116432 0.1776869076729736 0.006872454603369205
0.2117603187678868 0.2303423580878979 0.007004473813971037
0.1922777749058528 0.2113462322909865 0.00317846622919106
0.1844054367891462 0.1938522540784945 0.002929426833357461
0.1909938835974205 0.1674707288555701 0.003109092486227108
0.1630367160176736 0.180534641340001 0.003007090172390517
0.2100912395309563 0.2281634933726999 0.003014888895120885
0.1821859668012815 0.1801819546313912 0.006916089137500345
0.1757504262520923 0.2249549156904912 0.007095455724558145
0.2308506716043588 0.21869486927 0.002935827746904122
0.1609319938832447 0.179893350283659 0.007004950382302548
0.2008364064589413 0.2433688879086249 0.007003943572485162
0.2020002591812083 0.2116001369850859 0.002924306943325191
0.2233143083813643 0.2316569135566114 0.007064333953133942
0.1922963193976411 0.2348687476296321 0.002916546156059454
0.2005304565932814 0.2330307473554879 0.003005166050142746
0.1851380756021413 0.2369877104906452 0.006857909424888363
0.1696187261151315 0.1900952365195711 0.007062070399801594
0.2179919672011195 0.1959718100896309 0.003006050149588147
0.2304602673456963 0.223281385176048 0.006902045637175459
0.1953182176969949 0.2392328885394427 0.006880591910083046
0.2149974089457088 0.1770376359823684 0.003249004636346457
0.2354550322695506 0.2164982508601014 0.007109655656571881
0.1752482074524846 0.1671382283158538 0.006806402598786069
0.2275451501581764 0.1666305251411767 0.006867155860337309
0.2312106529971273 0.1717685364052885 0.003109423465975363
0.1943792887679092 0.1653181454063005 0.007011725665611474
0.2093788825987884 0.2067694287010698 0.007065282134586331
0.2121134775834181 0.1742392234768756 0.006826954952582499
0.2168843265077058 0.2353009249077967 0.007084659016962573
0.1885604829038583 0.1584442350623237 0.006757253796951669
0.162456400969858 0.2055084505511643 0.006748239416452021
0.2057721530443654 0.2464754023020372 0.006767854070466753
0.1889572191024316 0.2176422353793191 0.002865580796426047
0.1893025092889155 0.203732987253595 0.007118729957999437
0.2376896550565752 0.1967973748742781 0.003130895511811773
0.1978345434938223 0.2471486671130441 0.002922888901571778
0.1740089639043953 0.213240607845676 0.00709224002542114
0.2463100033929976 0.2082068611423674 0.002957418035286033
0.1572931725402253 0.2062418167112424 0.002950878725819448
0.1822408512190363 0.1801491282379148 0.003072530560899079
0.1840783519742861 0.1597919495251381 0.002914301542642985
0.1836960446044825 0.1640966232553319 0.003203822884022032
0.2274549426095732 0.1728268218257606 0.007098556079190711
0.2108775192427318 0.2261577314641929 0.006884729408148295
0.1953415147171083 0.1917625189319593 0.006990484910274138
0.220820210443815 0.2374971131911786 0.007047051211128101
0.1539300666277065 0.2080830468829654 0.003209134173540174
0.2058334425052954 0.2101773753530416 0.003069229139235779
0.1725832343442386 0.1728423707476491 0.006976783386929402
0.2051303227872011 0.1630334718336034 0.002975339596658156
0.2009925210900786 0.2438504154210625 0.002940618395313234
0.1762883139415376 0.240446068020304 0.007016271055201353
0.1678791926740745 0.1657164684261213 0.007183822689171767
0.1832111716411105 0.2275690118475138 0.002848809901282914
0.2114416644422936 0.1955280467396787 0.007151190113123637
0.1821690896686214 0.1834423681221562 0.007053886265997336
0.1769270408354047 0.2035787211325433 0.002796454422381019
0.1885554444984924 0.2425870856272745 0.006988694334110101
0.1787605273560346 0.1795351931592741 0.007022435381271477
0.2110834138066152 0.1811844759769288 0.003124036406526755
0.2236222231236939 0.2087399990136388 0.006857206566026549
0.2158994013010975 0.2041035164393858 0.003007812057270556
0.2204029456638068 0.1963414681564689 0.006992442721073711
0.2149826004890178 0.226358904904842 0.006886835685096992
0.2053818981581655 0.230998564091801 0.007125014322944202
0.1793897661477905 0.2419843724705983 0.007001274621678228
0.1968467419469155 0.1873065849281603 0.003225799079498047
0.1748786805653375 0.2397755685738692 0.002950218451596418
0.1554025162084424 0.2152250632575742 0.002866310629543666
0.2060638381144236 0.1595346715705683 0.007002109693717791
0.235825934825163 0.2153606169699154 0.003050204411308769
0.2149859104294904 0.213742492794394 0.006880867140628673
0.2385348040190149 0.1732343226786405 0.002969001685020026
0.1540277873325651 0.2085545477565565 0.006791941701001954
0.196113106227588 0.1714467872429424 0.006798261447156414
0.2355525426446356 0.1749658847403165 0.007100845439272967
0.2148489981150285 0.2100559057290496 0.006978581733953522
0.179470166421886 0.1889457614788702 0.003084768661096286
0.1912509541606203 0.1640896676958235 0.006883058386029517
0.2125995673598879 0.2002313563634338 0.003210155048560239
0.2029769860217854 0.1978327471232955 0.003170456910307377
0.1909887117431841 0.1941853933445885 0.002974018364949759
0.2254207931770246 0.2353302043529971 0.00696345525053634
0.1942008096767356 0.1824762528214847 0.006887978893121299
0.2079685934205169 0.153530259620818 0.004054544997293017
0.1532084009990559 0.199905039544577 0.003277944855463374
0.2180739870041875 0.217220474659628 0.002951479172469052
0.2060961502655104 0.2263958083497604 0.003096442845867576
0.1846377796834189 0.2443858376919524 0.002825101245277019
0.1764259129980033 0.1840844074242512 0.003116772255576286
0.1563778152350803 0.182121942812831 0.0029217294645204
0.2335166826719042 0.2276768595477368 0.007204503685154989
0.1916032864377618 0.1600628161092077 0.002915053632063085
0.2048362390607776 0.172259437134705 0.003074027095677413
0.2024863449229105 0.1865787275159319 0.003153376589218882
0.2054666862735965 0.1917666914774299 0.003153376588639774
0.1678350097774758 0.2341987984804249 0.002843150664525871
0.225664586655827 0.1701749456888096 0.002941286806465808
0.2205813717234079 0.1771038960320354 0.0031938645835959
0.1696278339420459 0.2296595300134855 0.00684203500820161
0.2351843633465089 0.1846435119018218 0.002940174941749819
0.1785246883439414 0.2001025502086058 0.007170338367754185
0.1688338171539191 0.1745734766686357 0.006888256831691983
0.2301740450575393 0.1859441584687873 0.00282553493954355
0.2166805982844568 0.1929109206707816 0.00306243831803443
0.2022721750587445 0.2302811004409841 0.007271775641915385
0.1919510971008809 0.2165667267790211 0.006942207504336292
0.2090380650721963 0.2382231950269842 0.003020032071912121
0.1561614278394977 0.2034595481559061 0.007258160655727075
0.2144657630662684 0.180469302419282 0.007207706094652194
0.2122517439349951 0.2013758125055846 0.007134185410792266
0.2267301597066769 0.1984578039205011 0.003049586547399146
0.2317922491773951 0.1755122544539343 0.002821797472951742
0.1663047473626877 0.1908165321591395 0.002824648025658686
0.2121361936711545 0.1617206749337785 0.006897982208583356
0.1708343027858118 0.1706066099941455 0.002817593791591703
0.1589151204420579 0.2136558281488869 0.007101928433572994
0.1800892946588089 0.2269636685140431 0.00302812451346384
0.1723314244871227 0.2224528374520116 0.006945098749875144
0.238669208756422 0.22700104293697 0.006336711815138513
0.1864651952989421 0.2450573703666991 0.007058980612746622
0.2018727632750003 0.1529873027209558 0.003622537950491689
0.1929621493308416 0.1916071932712057 0.003048775883724262
0.2174959158112627 0.1684732162315534 0.007243322633299019
0.2319042680856869 0.1986565112633623 0.002961922738093159
0.2263586197542861 0.1751196643246018 0.002720287722045077
0.2435511932504075 0.204193214078133 0.007118888469987494
0.232184728500675 0.1696107546773825 0.007006121561382655
0.1987773454387453 0.2272801135955237 0.002811426746272778
0.2075738729400241 0.2351604071162611 0.002832163426115742
0.1592303982193665 0.2174337424562095 0.002763039255506961
0.2341536747561188 0.2196391136749695 0.007116425095055754
0.175247328496403 0.2040586548753016 0.007168327916528038
0.2076231606900508 0.2073063009586752 0.003006338213659369
0.2086393184522513 0.1700134125389387 0.007283661373322392
0.1822506386810252 0.1987954400361149 0.002791803471279861
0.2288117361607611 0.186859041986961 0.006912534517058764
0.1838071970578539 0.2202540212616572 0.007000920982025306
0.2001565836733542 0.1823615928160641 0.003071443404664146
0.2144528514879111 0.1864435409266479 0.006928556597974991
0.2174555894062347 0.1812685076369816 0.003071443416602923
0.1900502067880622 0.2309753522668506 0.007051183176855343
0.2199178980325986 0.1874287314490932 0.006887978875642834
0.2055665652756503 0.2207664166254233 0.002863973419520338
0.2008068520311959 0.2098704446827779 0.006903496208680889
0.2019032172781866 0.158948751373152 0.006693204123322278
0.2125302090495238 0.2220696569286286 0.002900340888855945
0.2337737484070375 0.2328330468525517 0.002759984827217719
0.2446692312901002 0.2141225028028941 0.002759971106745239
0.2292448225932937 0.2255036790429815 0.002761491145520195
0.1628588951322602 0.18527685218842 0.007025320442046442
0.1846178272227228 0.1557267364586865 0.007227078458598761
0.1680330396998949 0.2044796544124745 0.006938348663646636
0.1641338230520312 0.2005136822038114 0.007024823947084298
0.1892606389299836 0.1697758954463508 0.006955015302017951
0.233628819220264 0.166784799326274 0.006869155287111937
0.1876299316783398 0.1932692114186631 0.002996774464376952
0.1852000373418985 0.2062265024529231 0.007110246300434585
0.2170212847572088 0.1998556061534835 0.007069829598272495
0.2227437613395174 0.1850914821271842 0.003001853532967412
0.2091307551083934 0.1962002010281217 0.002769449932425043
0.1687236562723791 0.2299953523691973 0.003007745650346596
0.1750773852309448 0.2358456835316177 0.00700459549495375
0.1728383974721085 0.1627251692659817 0.002905067823410002
0.2441764304973853 0.1856868212111863 0.007270742426831198
0.2430706432334734 0.1806966038596224 0.003053673389798723
0.2171222500710534 0.1614149673559185 0.006291819959911392
0.1805149830831539 0.1699799773048767 0.007054018306946257
0.2069273892500814 0.2184166682971161 0.007234147692112104
0.2432196415719252 0.2087811878225781 0.00306976985008807
0.2472924971467689 0.2011548659360122 0.00289865103799687
0.1677071328078051 0.1849209093143663 0.003085638529675276
0.1898017730410113 0.1883516178276803 0.007196525772578164
0.2078283788310357 0.1732007336970235 0.007156050216380432
0.2407812697652738 0.1833597750213511 0.002843240845412432
0.1990706209183012 0.2468817342015272 0.007193133450100047
0.1817971207111716 0.1960747862166928 0.007223297535594125
0.2036937377675922 0.1537743240383643 0.007065787724463059
0.1636922392075355 0.1958807072702083 0.007293433578092779
0.2208723281691652 0.2376966981818172 0.002722866491871176
0.1886648640422704 0.1885854653920063 0.002885608827136851
0.1575924975532136 0.2062459999247215 0.007160756024482334
0.1951267185845326 0.1576265800386359 0.007007058269195014
0.1910843304521166 0.2255085318714823 0.007037728739044085
0.2295102556801865 0.1629805805266061 0.006650166716587565
0.1644313954952167 0.1725431970064619 0.007022056638244581
0.236355995544232 0.1912030000963666 0.002760153310690539
0.2098493803407075 0.1649264045921701 0.002932478570896116
0.2174727727546888 0.2124217328131706 0.003036521420656641
0.206339500081544 0.2089211427385942 0.007201898063233748
0.1533032754429937 0.1951184379363553 0.00687595859614621
0.2195934636726358 0.2428071133997015 0.007110427112900509
0.1869518063409791 0.2012698151867471 0.007282606763803481
0.2231778777883943 0.1747784469490003 0.007185580263259623
0.1544597596064002 0.2122968392076165 0.002703801188233294
0.1926751286364281 0.2449542197798173 0.006954031526557278
0.2415534065738008 0.1886620523243418 0.002726565995814549
0.1734328423629115 0.2162589076894706 0.002986634965942197
0.1621564118825789 0.2128828817744121 0.002786235863643081
0.1995709563987904 0.2038918458484532 0.007130238054494928
0.2251272466062481 0.1835930581840595 0.007081849747929716
0.1727808983076999 0.1808891380905117 0.002918156086064318
0.2403720143101999 0.1924667442047521 0.003088038041148252
0.2397227061006945 0.217820699673146 0.007305585262125583
0.2418999493218977 0.2217453857063693 0.002797500176717014
0.232070095368216 0.2118484003692456 0.007201064037136162
0.2233965540351807 0.2265320674968363 0.002705265233038973
0.1675852378040604 0.1924321018203833 0.007075653793379749
0.1807343925604555 0.2349071663699203 0.002785397053224787
0.1869879328046617 0.2115991925989595 0.00269407902523044
0.2335517663758038 0.2275405277999156 0.002903259390441668
0.1969170011237238 0.2116098497278667 0.002686616546510813
0.2137744745252164 0.2173711453058953 0.002889793140976301
0.2257298215604661 0.1905102472278276 0.002897774877928409
0.2367377884619155 0.2140347319057686 0.005665023475158014
0.1890659839283767 0.1759049730090442 0.002567014997690565
0.1998716802652542 0.2322237075618015 0.007267815652142568
0.1890150478763101 0.1758275865761084 0.007384949611788373
0.236523194566051 0.1883170338141841 0.007335631545675269
0.2260266413381174 0.2351676638739856 0.002776047791232971
0.2006453886352936 0.1722711328744772 0.007200626786948066
0.1979322071942811 0.2075653336858148 0.00268699860632088
0.2295960216496128 0.2319060438661316 0.006409241352432682
0.1630677170674089 0.2182096807001811 0.003045298799111177
0.1958197181570322 0.2384405345667853 0.002988225993361514
0.1864254792331357 0.1934169718965022 0.007337476442222379
0.2397759262801771 0.2173834126166978 0.002604346337049452
0.2087426009034943 0.2426343712515241 0.002743112023882044
0.208769190331924 0.2323215670984804 0.002658989502358734
0.1995874580977085 0.1621486509862962 0.002951994339784948
0.2222545169190485 0.2193942468995799 0.007342846590642672
0.1752125048271091 0.1890329690611572 0.002772960178963764
0.187100275387713 0.2253293208116323 0.007227039821036562
0.2114465869637633 0.1910401385715496 0.002772960187209171
0.171568430622193 0.2379263456090212 0.00335514059244106
0.1875666166165403 0.1636891723546621 0.002688413884252362
0.2427397072540654 0.220128109204585 0.0061912624210247
0.2009729899839582 0.247121062547333 0.003112165394552814
0.182254989033521 0.2380396314559274 0.007122899079569076
0.2181587810244336 0.2207433085430841 0.002985405799253927
0.2339286585346088 0.2326568106917194 0.00725682847291903
0.2432243044765577 0.1935360633046353 0.002662450276145044
0.1872390612301538 0.1625676066297947 0.007256378912143398
0.1747814223826259 0.2363162677247287 0.003163608427565169
0.2092054079282571 0.2038315115108041 0.002757170587012941
0.2021775010270768 0.2156751098692953 0.007199589806124298
0.2323607566306905 0.183610701061594 0.007358999942874318
0.2186660886855415 0.2396626823412683 0.007276706518607255
0.1750795625304299 0.2011394229402807 0.002671276576322367
0.2429867217176554 0.2028566833780393 0.003281541253875804
0.1814161966205758 0.230972100363187 0.007318443293156677
0.2050949360427228 0.1692180960860893 0.002859267385687903
0.1972752056069503 0.1893938526948394 0.007048633258892358
0.1937015697875706 0.1696447448308999 0.00732681502787041
0.1826422918148604 0.23864017411297 0.002788378167482885
0.1941380286366121 0.2290160242207342 0.002942212213833376
0.1980613253624167 0.2420258966905406 0.006954376390142808
0.1708208302563786 0.186091933063644 0.002601813618388038
0.1919711117587104 0.2073058472071864 0.002601813618677151
0.2231671754147853 0.1887958266952495 0.007398186720416958
0.2186356036587074 0.2190652340741065 0.007327576866381909
0.1962200011587272 0.2031461222645329 0.003011062654879134
0.212047977318275 0.1684668705943134 0.00284793907291742
0.1913651035231389 0.2316705165709787 0.002964216723432241
0.1847889849952754 0.1785533606976228 0.007340229559984397
0.1598057196603287 0.182893933794 0.007225295611900878
0.1992752436007248 0.2011355661047699 0.00260624485183819
0.2078208437232043 0.2017006134902622 0.007194778600248147
0.189004646472822 0.1981272329522885 0.002586595172917293
0.1561868672498287 0.1916669978630289 0.002765884781120868
0.1828914278942084 0.1748116959891204 0.007023396447254135
0.1738321753470785 0.1983247384422684 0.00262896238610985
0.1903618689660276 0.153770430272447 0.003712031887593226
0.2188923456235122 0.2085776986478604 0.002575568126358491
0.2132257798834155 0.2451706615898155 0.007081905368500424
0.2325064600173992 0.2115067977869995 0.00256297272313939
0.153411356399152 0.1913895557017458 0.00414020085677639
0.2087284364164904 0.1648549413514129 0.007414638231493306
0.200818422056451 0.193185865596763 0.002603767989572042
0.2340224000368988 0.1817699775530526 0.00269775011861282
0.2040988601552899 0.203671694710373 0.00256129846032991
0.229771163194429 0.1777920394171267 0.002883650098885757
0.2337480732487107 0.1926655503155994 0.007286367019704879
0.186004198701152 0.1706152912516497 0.002577555692070962
0.2189791567713122 0.1726435437363436 0.007418785892732272
0.2176030871120502 0.2278926698887747 0.007066232793500271
0.2136939167067411 0.233643783200452 0.00296279962806525
0.2388994726156061 0.2042853976248554 0.007318685662288022
0.220151947163599 0.2302702476775967 0.002577114555070263
0.1680370032302576 0.2080830530490523 0.002634861568457856
0.1920465000243262 0.2173182953072142 0.002538701435325762
0.1892346391586084 0.2140362599486156 0.002601795521768799
0.1946784673277779 0.2140480251747996 0.002601795521963891
0.2070791818104362 0.1777182428756309 0.007460922375374062
0.1888886595174613 0.2225155099330846 0.007476854481747173
0.1936926076946338 0.1991443525984065 0.007420793022150876
0.1813752738343776 0.1990781598642897 0.007413917650035285
0.1889812970858236 0.2070040164400699 0.007500216709598957
0.2336841903722229 0.2025964756976912 0.00726623060108208
0.1798192001662581 0.157192804593797 0.004004585454341903
0.2331178017659231 0.1892431334501511 0.007121279586212373
0.2233623982894876 0.216572116513435 0.007501086459313564
0.2174359674485482 0.1994595854797038 0.002557248442065268
0.2381037593096071 0.18146066714462 0.007047958425437872
0.2332177250242639 0.2208904718620731 0.002978263698987742
0.2186080520098642 0.2397099713621015 0.002705963185836691
0.1666443467619898 0.2216914400677002 0.007448255735752606
0.186052124060431 0.1550478235504877 0.002911467166112153
0.2293599021662156 0.2099107068422245 0.007445667940840288
0.1695629448021362 0.1941256673890119 0.002523886900708953
0.2094511475065654 0.158641557413335 0.002986913217518536
0.2263651822801309 0.2113757632565586 0.002495231213766551
0.197932371785315 0.2174146450437029 0.002495231212235071
0.1935596231946092 0.1645843058984294 0.00252322371210547
0.2159040195298703 0.2070843453486707 0.002491159195040122
0.1801068065477665 0.2046417645278344 0.00703982929303299
0.1957787114178875 0.1947543979203163 0.007084788725535498
0.2468467645179475 0.1948000202025514 0.002860969159447769
0.2023479024206336 0.1645282935902571 0.007353350945802642
0.1665438820579267 0.2216261446528779 0.002510599197846216
0.197573427439868 0.2213188979351732 0.002963529163063048
0.2129152160147925 0.1547517872084885 0.007087293046926039
0.2433665318740363 0.1981460613699841 0.003309873573940027
0.2361964982482074 0.205667926694079 0.007063633590935338
0.2369676209585893 0.2227094259382615 0.002632083243965268
0.235233238677752 0.1783294657072082 0.00265478673676488
0.1823559715431441 0.2350253297905684 0.007345235620601883
0.2257136757444667 0.2232211037644943 0.002938733717519065
0.1993360890767564 0.1763057549287709 0.002969549121092118
0.2129788521625542 0.1547686614466937 0.002911167250840753
0.2109111699081724 0.1574517356200134 0.007273589881346682
0.2220915695691564 0.1934392480657822 0.00257938109284803
0.2235614447840812 0.1984038527180502 0.002892819418873051
0.1756159702621896 0.1597870379414183 0.007196766174243308
0.1657347095415705 0.2286754935626159 0.003111911187979028
0.1980797078579402 0.1776978516075974 0.007512265302047434
0.1802007059660987 0.1706476981571389 0.002507004457811592
0.1847552277196482 0.1785676048794 0.002596881500706447
0.1944932673941766 0.1978912474375712 0.002809590702873804
0.204132467338723 0.1726558607753559 0.007436052309506176
0.2089518065925711 0.1762718370859855 0.002919315492161728
0.2388041938537847 0.2012618754760127 0.007372836628484997
0.2323824404622401 0.1656728953410315 0.003571305500200754
0.1940161263306361 0.1757617126001962 0.002781663492887257
0.2212718297935043 0.1653523320060983 0.007326012670094119
0.2357973977856287 0.2042596297249698 0.002585141380082913
0.2204804676202691 0.2044338136426943 0.002483369144994637
0.1587830647949009 0.1858193526764654 0.007278846099242717
0.2101483419885931 0.2090677333311546 0.002619435746836859
0.2054686630610717 0.2321358161778771 0.002482205776286278
0.1562816991939066 0.196450702369717 0.007414260813218795
0.1630047666851909 0.1868325937057867 0.002931294355253725
0.2130803942233847 0.1672629960007733 0.007476260969904645
0.1755276340213966 0.2302579691769944 0.007526774091292438
0.2269140408240075 0.1964402858502708 0.00728493588769419
0.1798806337306223 0.2191321824040058 0.007519685224403438
0.1889655244024988 0.2137993327038251 0.007519685224405308
0.2293489503936214 0.2149781449358651 0.007519685224502493
0.1949486036636344 0.2138122633646156 0.007519685224327789
$EndNodes
$Elements
1 15384 1 15384
3 1 4 15384
1 805 890 2732 3033 
2 372 2713 371 2914 
3 805 3033 2732 3343 
4 440 2668 2451 2806 
5 499 2636 317 3321 
6 1789 1816 2630 3543 
7 624 2757 2588 2815 
8 529 2511 410 3190 
9 2204 3148 2856 3270 
10 371 2713 556 2914 
11 427 3013 281 3366 
12 246 3275 2790 3339 
13 1805 2559 2851 2974 
14 2821 2922 1572 3122 
15 1754 2857 2753 3335 
16 569 386 2741 2791 
17 2750 3167 1961 3185 
18 2589 2770 2004 3541 
19 2366 2678 2787 3381 
20 888 3034 2732 3195 
21 3015 3063 2508 3067 
22 864 863 2777 2905 
23 956 1316 2858 2937 
24 1760 3090 2772 3385 
25 720 2991 2839 3209 
26 2595 2816 2283 2942 
27 2757 2815 624 3716 
28 1754 2753 2548 3335 
29 2001 2541 2215 2988 
30 1567 3014 2720 3122 
31 325 2915 2800 3168 
32 2548 796 3057 3737 
33 904 2527 2762 2967 
34 2459 279 2941 3393 
35 2699 3013 427 3366 
36 2563 960 2810 3669 
37 2552 2858 1316 2937 
38 1389 2705 1062 3290 
39 2001 2988 2215 3468 
40 274 2672 573 2938 
41 2541 2215 2988 3468 
42 2388 2670 2076 3297 
43 1805 2559 1806 2851 
44 610 2622 2773 2819 
45 2520 2777 863 2905 
46 507 2800 325 2915 
47 956 2937 2858 3223 
48 841 2777 2647 2939 
49 1408 2967 3470 3484 
50 2772 3090 2582 3385 
51 841 906 2647 2777 
52 2852 2862 1653 3412 
53 1760 2582 3090 3385 
54 1816 3337 2630 3543 
55 2548 3017 796 3737 
56 864 2905 2777 2984 
57 410 2511 561 3190 
58 1178 841 2647 2939 
59 1153 2755 2576 3364 
60 723 3265 2962 3560 
61 1953 2663 3369 3761 
62 1153 2576 3109 3364 
63 2636 3220 317 3321 
64 2549 2753 2212 2857 
65 2094 2283 2816 2942 
66 2572 2962 1222 3635 
67 2563 3139 960 3669 
68 2572 1222 2962 3021 
69 2388 2076 2670 3207 
70 440 2668 2806 3538 
71 2541 2799 2215 3468 
72 2710 3070 824 3080 
73 2639 3167 2750 3185 
74 2578 1616 2834 3146 
75 1657 2574 3145 3496 
76 1760 2772 1761 3385 
77 2630 2771 1789 3543 
78 1569 3014 1567 3122 
79 1178 841 906 2647 
80 2076 2792 2670 3207 
81 410 561 2511 3360 
82 904 2967 2762 3581 
83 234 1415 2676 2920 
84 2204 2856 2704 3270 
85 1252 3034 888 3195 
86 2451 2668 440 3212 
87 2705 2850 1062 3290 
88 2545 2113 2813 3111 
89 667 2814 2543 3109 
90 615 2621 2819 3117 
91 2617 1580 2820 3120 
92 2677 2800 2398 2915 
93 2856 3148 2704 3270 
94 2544 2285 2823 3106 
95 1389 1062 2705 3016 
96 573 2672 274 3040 
97 893 2624 3071 3573 
98 2576 1653 2862 3412 
99 2391 2390 2649 2795 
100 501 3220 2635 3321 
101 1175 3063 3015 3067 
102 1487 2510 1446 3184 
103 842 864 2777 2984 
104 325 413 2915 3168 
105 2576 2862 2852 3412 
106 1760 1761 1759 3385 
107 1705 2764 2529 3247 
108 1842 2838 2559 2974 
109 842 864 863 2777 
110 1684 1685 2529 2898 
111 1684 2529 2897 2898 
112 1805 1806 1735 2851 
113 893 2624 2940 3071 
114 599 2998 2620 3340 
115 2686 3470 2967 3484 
116 1001 2908 2633 3488 
117 2004 2770 2589 3075 
118 735 3696 2706 3771 
119 819 748 3232 3296 
120 570 251 2635 3321 
121 1567 2720 3014 3698 
122 501 2635 251 3321 
123 1795 2840 2727 3135 
124 1831 2565 1822 3362 
125 2105 2600 1911 3363 
126 2705 3050 2373 3086 
127 2049 2373 2705 3050 
128 1402 756 2751 3065 
129 1182 2602 3113 3246 
130 2223 2540 3036 3616 
131 2729 2839 1167 3136 
132 1018 2839 2729 3139 
133 2639 1961 3167 3185 
134 827 2718 3042 3274 
135 1921 2589 2004 3541 
136 1487 1446 2510 3222 
137 1949 3127 2551 3245 
138 1795 1883 2727 2840 
139 1018 1364 2729 2839 
140 1364 1167 2729 2839 
141 2790 3170 246 3339 
142 2376 2049 2373 2705 
143 2373 2376 2705 3086 
144 2983 3015 2508 3067 
145 2756 3232 748 3296 
146 2962 3265 2571 3560 
147 599 1221 2998 3340 
148 2366 2787 2678 3208 
149 2438 3238 2838 3507 
150 1001 1000 2633 2908 
151 819 3232 2559 3296 
152 2686 2967 2515 3484 
153 599 1221 2620 2998 
154 722 1222 2962 3635 
155 735 3553 2706 3696 
156 507 325 413 2915 
157 2223 2540 2897 3036 
158 2751 3065 756 3182 
159 2166 2004 2770 3541 
160 2212 2753 2549 3422 
161 610 2819 2773 3714 
162 2647 2777 906 3067 
163 735 788 3696 3771 
164 1256 2563 960 2810 
165 720 718 2991 3209 
166 1062 2850 2705 3016 
167 1645 2852 1653 3412 
168 2547 1711 2793 3759 
169 2620 599 3340 3473 
170 440 2668 348 3212 
171 246 2485 3275 3339 
172 3191 3251 2743 3535 
173 234 2676 1415 3040 
174 2858 2937 2823 3223 
175 2838 3238 2507 3507 
176 1186 2698 2776 3198 
177 1953 2784 2663 3761 
178 1657 3145 2929 3496 
179 746 2812 2530 2991 
180 1389 1062 1066 3290 
181 1705 2529 1685 3247 
182 2706 3010 735 3771 
183 2967 3484 1408 3657 
184 2549 2857 2212 3413 
185 735 3010 2706 3553 
186 2519 2837 1906 2989 
187 1186 2776 1335 3198 
188 1684 1648 1685 2898 
189 1684 2897 1648 2898 
190 1008 1266 2637 2961 
191 651 2780 2564 3130 
192 1671 2545 2113 2813 
193 667 669 2543 2814 
194 666 2576 832 2814 
195 1818 2157 2593 2816 
196 2291 2608 1935 2816 
197 1579 2617 1580 2820 
198 615 2621 614 2819 
199 1975 2629 2081 2821 
200 1402 756 1125 2751 
201 1842 1901 2838 2974 
202 1484 2790 2517 3347 
203 1238 824 3070 3080 
204 2303 2552 2306 2823 
205 1653 2929 2576 3496 
206 2956 2975 2791 3753 
207 1238 2710 824 3080 
208 2654 3093 2487 3416 
209 2529 2839 2991 3209 
210 2291 2803 2608 2816 
211 1001 1000 2908 3488 
212 230 372 371 2914 
213 545 2636 499 3321 
214 1612 2834 3146 3628 
215 824 3070 2710 3152 
216 444 2676 3375 3491 
217 827 3042 2718 3701 
218 2791 2975 2956 3367 
219 2537 869 2836 3374 
220 444 3375 380 3491 
221 1562 3375 2676 3491 
222 1008 2961 2637 2979 
223 827 3042 867 3274 
224 2508 3015 2983 3063 
225 2094 2816 2714 2942 
226 610 2773 2622 3246 
227 1461 2693 394 3356 
228 2649 2795 2390 3066 
229 2997 3077 1397 3221 
230 796 2548 3057 3095 
231 1343 2512 2767 3031 
232 2374 2986 3337 3530 
233 615 2621 3117 3376 
234 1819 2576 1653 2929 
235 348 2668 440 3538 
236 2565 2861 1822 3362 
237 1911 2600 2868 3363 
238 1319 2552 1316 2937 
239 2595 2942 2283 3687 
240 1001 2633 1000 3696 
241 2821 2933 2922 3122 
242 1149 2827 2511 3009 
243 1277 3069 2782 3116 
244 458 2972 2693 3487 
245 389 2972 458 3487 
246 570 2635 251 3224 
247 870 2811 2537 2836 
248 1446 262 3184 3222 
249 2954 3106 1694 3458 
250 1343 2767 2512 3346 
251 2283 2816 2595 3687 
252 2388 2071 2076 3207 
253 2544 2823 2285 3755 
254 1017 2892 2589 3033 
255 1060 2855 2933 3418 
256 2576 2755 1153 3595 
257 1842 2838 2740 3288 
258 1688 3206 2857 3335 
259 2032 2890 2679 3192 
260 2388 2670 2071 3207 
261 723 2962 2571 3560 
262 2094 2714 2816 3146 
263 2388 3297 2076 3607 
264 2238 2283 2942 3687 
265 2537 869 3374 3569 
266 1994 2212 2857 3413 
267 1819 2929 1653 3496 
268 1789 2771 2630 3149 
269 221 3039 2745 3294 
270 1616 3146 2578 3338 
271 2991 3209 718 3774 
272 1562 2402 3375 3491 
273 2633 2908 1000 3696 
274 1842 2559 2838 3288 
275 2723 3113 2602 3246 
276 1036 2789 3464 3501 
277 746 719 2812 2991 
278 687 2987 2614 3388 
279 1789 1740 1816 3543 
280 1318 2652 817 2831 
281 2529 2764 1705 3036 
282 1276 1277 2782 3116 
283 1036 1308 2789 3501 
284 874 2536 2822 2966 
285 660 3074 2780 3130 
286 1446 3184 2510 3222 
287 1842 2559 1805 2974 
288 1906 2837 1868 2989 
289 1614 2875 2623 3372 
290 1725 3020 3270 3295 
291 2750 3185 1961 3638 
292 2553 3106 2954 3458 
293 1168 2822 2642 2966 
294 1860 2846 2536 2923 
295 1831 2868 2565 3362 
296 2105 2872 2600 3363 
297 1270 3037 3407 3591 
298 651 660 2780 3130 
299 1017 1179 2892 3033 
300 610 1262 2819 3714 
301 2551 3127 2721 3245 
302 1978 2934 2638 3085 
303 1692 2818 2618 3692 
304 1276 3116 2782 3727 
305 2314 1978 2638 3085 
306 1612 2834 1616 3146 
307 529 410 2511 3360 
308 2506 1145 2778 2827 
309 1842 1805 1901 2974 
310 2115 2851 2563 3176 
311 2823 2858 2552 2937 
312 1282 3520 3289 3551 
313 2228 2680 2890 2963 
314 556 2914 2713 3527 
315 2506 2778 1145 3545 
316 687 2614 2874 3388 
317 739 752 2554 3572 
318 2559 3232 2756 3296 
319 2571 3265 2756 3560 
320 1782 2285 2823 3755 
321 2704 3270 3020 3295 
322 1666 2826 2746 3002 
323 1586 2207 2734 2841 
324 672 2574 732 3407 
325 2665 3078 1966 3200 
326 1318 2652 2831 3336 
327 2349 2807 2679 3059 
328 2487 2972 2654 3416 
329 1319 1316 956 2937 
330 817 2831 2652 2940 
331 1290 2825 2640 3041 
332 2986 2609 3290 3337 
333 819 2559 818 3296 
334 1110 3280 2664 3374 
335 1110 2664 880 3374 
336 1860 1862 2536 2846 
337 2593 2816 2157 2873 
338 1935 2816 2608 2873 
339 2618 2818 1692 2876 
340 2629 2821 1975 2879 
341 2720 3014 2634 3122 
342 1753 2799 2548 3648 
343 2679 2890 2032 3405 
344 1385 1391 2695 3242 
345 2238 2283 2094 2942 
346 696 2543 2843 3108 
347 1569 2634 3014 3122 
348 1586 2841 2734 3142 
349 2548 2753 1754 3094 
350 520 427 281 3366 
351 1818 2593 2157 3677 
352 2508 3187 2490 3287 
353 2575 2813 2177 3111 
354 666 2576 2814 3109 
355 1969 2690 2847 3511 
356 2731 3407 3037 3591 
357 2552 2823 2303 3106 
358 389 458 283 3487 
359 915 1325 2658 3601 
360 2943 2974 2758 3390 
361 1966 3078 2035 3200 
362 2140 1645 1653 3412 
363 2139 3230 2797 3423 
364 1754 3094 2753 3732 
365 2166 1921 2004 3541 
366 2094 2942 2714 3338 
367 2158 2553 1658 2916 
368 2703 2956 2791 3753 
369 2094 2714 3146 3338 
370 2158 2553 2916 3508 
371 2035 3200 3078 3457 
372 2753 2857 2548 3335 
373 709 2571 723 2962 
374 2110 2929 1657 3145 
375 1579 1581 2617 3523 
376 279 491 2941 3393 
377 1753 2548 2799 3335 
378 2529 3209 2991 3774 
379 1314 2791 2703 2956 
380 1186 2776 2698 3483 
381 2929 3145 2574 3496 
382 648 3289 1282 3520 
383 2907 3087 1627 3196 
384 1895 3257 2639 3568 
385 781 811 2684 2909 
386 2921 3634 3096 3636 
387 1395 1397 3077 3221 
388 910 2645 3223 3441 
389 2717 2941 491 3393 
390 1066 1062 2850 3290 
391 2609 3337 2986 3530 
392 1466 339 3191 3492 
393 766 796 3017 3737 
394 766 796 2548 3017 
395 291 2521 2414 3387 
396 2588 2757 624 2964 
397 893 3005 2624 3573 
398 1783 1753 2548 3648 
399 2751 3065 2649 3066 
400 2485 246 3170 3339 
401 1795 1883 2218 2727 
402 1018 1364 959 2729 
403 1364 1167 959 2729 
404 805 890 889 2732 
405 1586 2207 2206 2734 
406 2517 2790 1484 2977 
407 684 1126 2545 3502 
408 1146 2827 2506 3190 
409 1705 3036 2764 3381 
410 2732 3033 890 3342 
411 888 2732 3034 3343 
412 1572 2821 2081 2922 
413 1825 2534 1794 3310 
414 1017 934 1179 3033 
415 2921 3096 2945 3636 
416 1325 3095 2658 3601 
417 2448 2972 389 3487 
418 739 2554 3101 3572 
419 634 650 2564 3308 
420 874 875 2536 2966 
421 1511 1031 2844 3583 
422 2106 2793 2583 3023 
423 2593 2873 2157 3677 
424 2390 3066 2795 3466 
425 1372 2844 2702 3360 
426 2758 2974 2943 3163 
427 2555 2764 2363 3536 
428 773 771 2582 3396 
429 2308 2212 2753 2857 
430 2501 1547 2971 3353 
431 1168 2642 877 2966 
432 2758 3163 2943 3390 
433 1400 2618 733 3328 
434 1658 2916 2553 3278 
435 274 423 2672 2938 
436 2241 2750 1961 3638 
437 1620 2578 1616 2834 
438 380 3375 2402 3491 
439 1658 2553 2158 3278 
440 2312 1902 2658 2847 
441 2515 3484 2967 3657 
442 2857 3206 2715 3335 
443 2763 3143 578 3365 
444 1795 2531 2840 3135 
445 2646 3230 2797 3509 
446 1017 2589 934 3033 
447 2545 2813 1671 3181 
448 2555 1167 2839 3136 
449 1018 2528 2839 3139 
450 746 2530 2812 3317 
451 463 2521 291 3387 
452 1653 2576 2862 3496 
453 2215 2799 2541 3335 
454 870 2537 869 2836 
455 904 2762 2527 3136 
456 1586 2620 2208 2841 
457 1644 2852 3060 3690 
458 2320 2847 2690 3353 
459 284 2681 2971 3353 
460 1029 2884 2654 3001 
461 2170 2584 2798 3046 
462 545 499 2636 3166 
463 330 3187 2508 3287 
464 2542 2945 2921 3096 
465 2797 3230 2476 3509 
466 2740 2838 2559 3288 
467 1621 2834 2564 3395 
468 484 2512 218 3201 
469 2181 2438 2838 3507 
470 1402 3065 2751 3490 
471 2670 3065 2751 3066 
472 994 2557 1127 2843 
473 669 696 2543 2843 
474 1370 2526 1020 3322 
475 2921 3252 3096 3634 
476 2001 2215 1878 3468 
477 3183 2678 3318 3518 
478 2633 2807 1988 3606 
479 394 2693 458 3356 
480 2217 2974 2943 3390 
481 940 2937 2822 3134 
482 1666 1793 2746 2826 
483 2446 2398 2800 2915 
484 1385 2695 1391 3481 
485 284 2971 1547 3353 
486 1720 2818 1692 3692 
487 2770 3285 1757 3541 
488 2682 3170 1951 3404 
489 2291 2803 2816 3687 
490 859 2639 908 3300 
491 1064 1065 3290 3678 
492 1621 1637 2834 3395 
493 2393 2519 1906 2989 
494 902 2810 960 3669 
495 672 2574 3407 3474 
496 1947 2563 2243 3279 
497 1528 2490 3187 3287 
498 2535 2979 878 3038 
499 1645 1653 2852 2862 
500 1760 1761 2772 3090 
501 2016 2487 3093 3416 
502 1795 2531 1841 2840 
503 1018 2528 1375 2839 
504 1376 2555 1167 2839 
505 1982 2823 2935 3160 
506 634 2564 2964 3308 
507 394 2693 1461 3191 
508 2625 3290 1065 3678 
509 3066 3087 2751 3297 
510 1040 2748 2717 2760 
511 916 878 2979 3038 
512 2393 1906 1868 2989 
513 773 2582 2958 3396 
514 2549 2817 2151 3422 
515 2684 2909 811 3228 
516 2542 3096 2921 3252 
517 781 811 1207 2684 
518 499 430 317 2636 
519 874 2811 2536 3344 
520 2391 2079 2390 2795 
521 494 274 2672 3040 
522 1683 1656 2543 3508 
523 1262 948 2819 3714 
524 1619 2834 2730 3401 
525 2357 2526 2840 3406 
526 1029 955 2884 3001 
527 2747 3280 868 3374 
528 857 2658 3057 3157 
529 2838 3238 2438 3673 
530 1378 1373 2551 3271 
531 2355 2561 2272 3272 
532 2139 2476 2797 3230 
533 1168 2822 940 2937 
534 878 2535 822 2979 
535 857 3157 3057 3564 
536 2680 2963 2228 3399 
537 2448 2494 389 2972 
538 1982 2823 2306 2935 
539 1641 1666 2746 3002 
540 748 819 818 3296 
541 2636 3345 1462 3359 
542 2389 3087 3066 3297 
543 479 284 2681 2971 
544 479 2681 284 3353 
545 1290 790 2825 3041 
546 1620 2578 2834 3401 
547 2943 3163 2677 3390 
548 2047 1572 2922 3122 
549 2033 2847 2681 3150 
550 1383 3251 3191 3535 
551 1636 3060 2852 3412 
552 214 2744 312 3351 
553 684 2545 2985 3502 
554 2834 2757 3146 3628 
555 1064 3290 2850 3678 
556 1311 2911 2688 3001 
557 2391 2795 2649 3372 
558 2507 2838 2515 3238 
559 2016 2487 2654 3093 
560 720 2839 2991 3426 
561 802 2630 829 3253 
562 2690 2847 2681 3353 
563 3183 3208 2678 3518 
564 2454 2508 2490 3287 
565 2556 3060 2852 3690 
566 1703 1693 2818 3730 
567 2617 3301 1579 3523 
568 2398 2677 2012 2800 
569 1670 3181 2765 3762 
570 274 423 494 2672 
571 2223 3126 2540 3616 
572 1906 2837 2519 3348 
573 1902 2658 2847 3150 
574 2515 2993 2686 3484 
575 2807 3059 2349 3606 
576 2850 3290 2625 3678 
577 1894 2682 1951 3403 
578 2357 2840 2007 3406 
579 1644 2852 1636 3060 
580 1290 3041 2640 3725 
581 420 2741 386 2791 
582 2655 3464 2789 3501 
583 1580 2617 3028 3120 
584 874 2822 875 2966 
585 892 2908 1000 3488 
586 1168 877 2822 2966 
587 635 2896 3088 3118 
588 2611 3077 2997 3221 
589 430 2636 499 3166 
590 1925 2934 1978 3085 
591 1837 3151 2808 3427 
592 1001 2633 3049 3488 
593 1190 2575 845 3022 
594 2106 2583 2187 3023 
595 925 2597 1292 3024 
596 1114 1292 2597 3026 
597 1618 2604 1623 3029 
598 1099 1165 2610 3027 
599 1580 2617 1581 3028 
600 1097 2628 1384 3030 
601 2526 2357 2840 3708 
602 2782 3069 1277 3776 
603 1612 1615 2834 3628 
604 915 2658 3157 3601 
605 330 435 2508 3187 
606 1001 892 1000 3488 
607 811 3228 2909 3300 
608 1793 1641 1666 2746 
609 3057 3157 2658 3564 
610 246 399 2790 3275 
611 442 218 484 2512 
612 234 2676 464 2920 
613 2446 2800 507 2915 
614 910 2645 866 3223 
615 2704 2856 2204 3295 
616 435 330 2508 3287 
617 1860 2318 2846 2923 
618 2529 2839 2764 2991 
619 2956 2975 2688 3367 
620 812 2525 813 3265 
621 1121 2855 1060 3418 
622 1586 2620 2841 3142 
623 938 2683 2854 3438 
624 1860 2536 1861 3590 
625 2765 3181 1670 3634 
626 2314 2638 2315 2848 
627 218 3201 2512 3346 
628 1038 2748 2760 3604 
629 708 3021 679 3315 
630 2922 2933 2634 3122 
631 2148 2641 2124 2849 
632 955 1028 1029 3368 
633 1939 2579 1937 3439 
634 2440 3353 2690 3691 
635 1110 868 3280 3374 
636 2054 2986 2374 3530 
637 1757 3285 2770 3389 
638 919 1405 2519 3019 
639 3208 3318 2678 3518 
640 857 915 2658 3157 
641 1623 2798 2170 3029 
642 1652 1651 2532 2852 
643 2243 2563 2115 2851 
644 1752 1688 2857 3335 
645 2014 2679 2349 2807 
646 1311 2956 2688 3367 
647 2751 3066 2649 3087 
648 766 797 796 3737 
649 501 2635 3220 3349 
650 2670 3066 2751 3297 
651 2181 2504 2438 3507 
652 2215 2541 2946 3335 
653 687 1399 2614 2987 
654 1256 960 902 2810 
655 1055 3105 2763 3494 
656 218 2512 442 3346 
657 2225 2710 2978 3516 
658 2800 2943 2012 3352 
659 446 450 239 2646 
660 641 2751 3182 3307 
661 2694 2061 3480 3721 
662 1055 987 2763 3105 
663 1966 2665 1903 3078 
664 2292 3193 2942 3554 
665 3183 3318 1379 3518 
666 1094 923 2629 2855 
667 2629 2081 2821 2922 
668 2526 2926 1020 3322 
669 738 3101 2704 3572 
670 372 2713 2914 3200 
671 710 2659 712 2853 
672 2743 3191 1383 3251 
673 1497 2511 561 3360 
674 450 239 2646 3039 
675 2573 679 3021 3315 
676 1656 2916 2543 3508 
677 2110 1657 2929 3496 
678 2693 3487 2972 3549 
679 1841 2840 2531 3617 
680 2644 3042 2718 3274 
681 1991 2807 2349 3606 
682 1033 2676 1415 2920 
683 2314 1925 1978 3085 
684 2956 3314 2975 3753 
685 1995 2637 2253 2856 
686 920 2687 2855 3418 
687 1149 1147 2511 2827 
688 2512 3622 2805 3645 
689 2490 2454 2162 2508 
690 2730 2834 1619 3395 
691 2798 3029 1623 3562 
692 2501 2971 2681 3353 
693 746 2530 745 2991 
694 1186 1335 1338 3198 
695 2523 3143 2763 3365 
696 738 751 3101 3572 
697 2512 2518 3622 3645 
698 2242 2566 2257 3147 
699 709 2571 2962 3315 
700 1385 2906 2695 3481 
701 2599 1627 3087 3196 
702 938 2854 2683 3231 
703 2573 2896 2712 3021 
704 2552 2306 2823 2935 
705 2531 2825 853 3267 
706 791 2825 2534 3267 
707 251 501 466 2635 
708 2735 3337 3048 3773 
709 2758 2677 3163 3390 
710 2639 908 3300 3326 
711 1993 2813 2113 3111 
712 668 2814 667 3109 
713 615 2819 613 3117 
714 1577 2820 1580 3120 
715 857 915 3157 3564 
716 1168 2642 2822 2937 
717 1060 2855 1121 2933 
718 1207 2684 811 3228 
719 1943 2823 2285 3106 
720 660 2780 3074 3774 
721 1513 1461 2693 3191 
722 797 3057 796 3737 
723 1903 3078 2665 3148 
724 972 2520 863 2905 
725 2695 3000 1385 3242 
726 1612 3146 3073 3628 
727 799 2535 878 3449 
728 2573 2746 2712 3002 
729 2329 2592 2328 3513 
730 1911 2600 1980 3513 
731 1588 2616 1589 3514 
732 800 2939 2562 3064 
733 910 3223 865 3441 
734 2032 2679 2014 3192 
735 2212 2549 2151 3422 
736 2553 2843 1171 3474 
737 1878 2215 2799 3468 
738 1343 2512 1501 3346 
739 2512 3201 2805 3622 
740 624 2815 2588 3282 
741 618 2605 2815 3282 
742 2354 2678 2366 3381 
743 1392 3210 2903 3221 
744 577 2763 578 3365 
745 781 2909 2684 2958 
746 1135 2889 3110 3133 
747 1932 3151 1837 3427 
748 2644 867 3042 3274 
749 2677 2012 2800 2943 
750 933 2811 2560 3108 
751 2775 3355 2669 3503 
752 916 878 822 2979 
753 3073 3146 2757 3628 
754 2615 2997 1078 3035 
755 1138 2767 2516 3031 
756 1612 1615 1616 2834 
757 614 2819 2621 3618 
758 1573 2631 2821 3122 
759 1648 2898 2897 3261 
760 2622 2819 610 3123 
761 987 2763 3105 3418 
762 1824 2566 2813 3132 
763 614 2621 616 2894 
764 2574 3140 732 3407 
765 1391 2998 2695 3242 
766 2712 2746 2573 2826 
767 874 2536 2811 3334 
768 2123 2736 2849 3361 
769 393 480 3174 3391 
770 1557 2452 2635 3220 
771 874 2822 2536 3334 
772 1038 3521 2748 3604 
773 2748 3521 2682 3604 
774 1558 385 2805 3567 
775 1535 2477 214 2744 
776 2820 3120 2084 3578 
777 916 3038 2979 3402 
778 1040 2717 2748 3054 
779 624 3282 2588 3775 
780 618 2605 3282 3777 
781 1458 573 2672 2938 
782 812 2525 3265 3296 
783 214 2744 2477 3582 
784 1682 1698 2607 2900 
785 1610 2623 1614 2901 
786 2604 1623 3029 3562 
787 2448 389 283 3487 
788 873 874 2536 3344 
789 1690 2793 2106 3023 
790 2170 2798 2584 3029 
791 2040 2451 2668 2806 
792 214 1535 2744 3351 
793 501 466 2635 3349 
794 800 779 2939 3064 
795 2405 2509 2498 3615 
796 239 446 2646 3354 
797 1951 3170 2682 3339 
798 2831 2940 1115 3661 
799 2534 3135 1794 3310 
800 708 2712 3021 3315 
801 1894 1951 2682 3339 
802 612 2773 610 3246 
803 2543 696 2947 3108 
804 667 2543 2947 3109 
805 993 2600 2951 3113 
806 993 2952 2600 3113 
807 1705 1707 2764 3247 
808 735 1120 3553 3696 
809 879 2522 3299 3441 
810 2354 2366 1780 3381 
811 1078 2615 1077 2997 
812 1683 2543 1656 3650 
813 2459 2399 279 3393 
814 2106 2583 2793 3759 
815 2238 2942 2292 3193 
816 1627 2907 1626 3087 
817 3029 3088 2896 3118 
818 2700 3174 480 3391 
819 2151 2817 2549 3252 
820 708 2712 2962 3021 
821 2782 3069 2900 3116 
822 1400 2987 2618 3328 
823 708 2962 2712 3315 
824 285 2760 3170 3604 
825 2579 2959 1937 3439 
826 2785 3020 1699 3235 
827 2543 2814 669 3292 
828 501 3220 403 3349 
829 1579 2617 2820 3301 
830 2732 3033 2601 3343 
831 1509 2760 285 3604 
832 2576 832 2814 2944 
833 2217 2943 1965 3390 
834 2147 2662 2182 3309 
835 723 2756 3265 3560 
836 2909 3228 2684 3300 
837 1596 2882 2622 3076 
838 2852 3060 2755 3412 
839 2922 2933 2855 3418 
840 561 1497 1147 2511 
841 1947 2563 3279 3472 
842 1894 2846 2682 3403 
843 2578 2834 2757 3146 
844 1646 2798 3196 3506 
845 2573 2712 2896 3002 
846 2637 2253 2856 3341 
847 1008 2961 2979 3597 
848 435 3287 2508 3693 
849 791 2534 2825 3317 
850 1127 2843 2557 3108 
851 656 2751 641 3307 
852 1610 3430 2901 3630 
853 2033 2320 2681 2847 
854 2618 3077 733 3328 
855 3096 3634 2674 3636 
856 2556 2853 657 3289 
857 1123 2814 2944 3140 
858 2032 2014 2679 3405 
859 2123 2186 2736 3361 
860 251 2635 466 3224 
861 291 2521 447 3369 
862 1487 1143 1446 3222 
863 1903 3148 2665 3233 
864 1069 2609 1067 2906 
865 2782 3116 2598 3727 
866 1033 575 1415 2676 
867 2535 2665 3148 3402 
868 607 2650 2965 3123 
869 2148 2641 2849 3764 
870 708 678 679 3021 
871 1666 2712 2826 3002 
872 589 2628 1097 3561 
873 1515 558 3039 3354 
874 1405 919 2519 3637 
875 2536 2928 1861 3590 
876 893 1212 2624 3005 
877 2106 3112 2583 3759 
878 1175 3015 1173 3067 
879 2498 2509 2405 3161 
880 2659 1699 3020 3235 
881 752 2860 2554 3572 
882 499 317 416 3321 
883 1033 2676 2920 3494 
884 427 2699 2925 3332 
885 1481 2506 1146 3184 
886 1328 2638 1327 2905 
887 2512 2805 2456 3645 
888 2710 2225 3399 3516 
889 1894 1951 1900 3403 
890 1515 3039 2646 3354 
891 2389 2071 2388 2670 
892 2366 2678 2354 3386 
893 2593 1818 2816 3146 
894 529 2511 411 3360 
895 2389 2112 3087 3297 
896 2346 2890 2636 2963 
897 1992 3243 2669 3503 
898 2543 1683 3508 3650 
899 879 3336 2522 3441 
900 427 2925 248 3332 
901 570 1465 2635 3224 
902 1623 2604 1618 3562 
903 863 2777 2520 3067 
904 2659 3020 2785 3235 
905 599 1220 1221 3340 
906 859 2909 2639 3300 
907 2605 618 2815 3056 
908 1266 2637 2961 3217 
909 2618 3025 1692 3692 
910 1123 2814 832 2944 
911 1465 570 2635 3321 
912 1238 3070 825 3080 
913 2181 2838 2507 3507 
914 2320 2681 2847 3353 
915 1894 2682 2846 3339 
916 951 2579 950 2912 
917 1652 2852 2532 2862 
918 920 2855 2687 3461 
919 2047 2922 2634 3122 
920 659 2779 1187 3198 
921 1481 1146 2506 3190 
922 2533 2856 1769 3380 
923 2646 3039 239 3354 
924 2629 1094 2855 2933 
925 919 3019 2519 3159 
926 1501 1343 1469 2512 
927 1569 2634 1568 3014 
928 1234 2532 665 2947 
929 696 667 2543 2947 
930 1739 2554 1882 2948 
931 2350 2005 2528 2949 
932 2115 2563 1947 2949 
933 2116 2117 2581 2949 
934 2347 2353 2567 2950 
935 2141 2581 2117 2950 
936 843 844 2565 2951 
937 1341 2592 1342 2951 
938 924 993 2600 2951 
939 1197 2602 605 2952 
940 1118 2600 993 2952 
941 597 2610 1165 2953 
942 601 2616 600 2953 
943 602 2616 601 2952 
944 596 599 2620 2953 
945 2535 3078 2666 3107 
946 1807 2533 1769 3380 
947 2599 3087 2907 3196 
948 456 2975 2688 3416 
949 2561 2272 3272 3401 
950 640 3182 2779 3291 
951 1809 3148 2204 3270 
952 1700 2793 1711 3759 
953 1596 1599 2882 3076 
954 1619 2730 2327 3401 
955 2581 2141 3176 3383 
956 735 788 1120 3696 
957 739 738 751 3101 
958 1670 1671 3181 3762 
959 1238 824 825 3070 
960 2243 3279 2563 3288 
961 2537 2811 870 3344 
962 1487 2510 1143 3222 
963 1825 3126 2534 3310 
964 1287 2540 3130 3311 
965 574 1458 573 2672 
966 1395 3077 2611 3221 
967 2354 2678 3381 3386 
968 987 920 1095 3418 
969 739 3101 751 3572 
970 545 1462 2636 3321 
971 2629 923 3121 3612 
972 1389 3048 2705 3290 
973 2564 650 3130 3308 
974 1079 2615 1078 2924 
975 2780 3074 2897 3130 
976 575 1415 2676 3040 
977 214 312 1535 3351 
978 529 2976 2511 3190 
979 2770 3075 2004 3485 
980 2659 712 2853 3101 
981 1994 2212 2308 2857 
982 2016 2302 2487 3416 
983 2702 2845 3615 3660 
984 910 866 865 3223 
985 2512 2805 484 3567 
986 393 3174 550 3391 
987 2490 2508 2162 2983 
988 607 2650 604 2965 
989 2545 3084 2113 3111 
990 708 2962 1222 3021 
991 2170 2798 2171 3046 
992 1993 1671 2113 2813 
993 667 668 669 2814 
994 666 832 668 2814 
995 1818 2095 2157 2816 
996 2095 2291 1935 2816 
997 1262 948 613 2819 
998 1702 1703 1693 2818 
999 1577 1579 1580 2820 
1000 1720 1702 1692 2818 
1001 615 614 613 2819 
1002 2083 1975 2081 2821 
1003 1782 2823 3313 3755 
1004 2389 2670 2388 3297 
1005 2185 3249 2786 3284 
1006 2512 2456 3032 3645 
1007 2565 835 3022 3110 
1008 2565 3024 835 3110 
1009 726 3077 2957 3210 
1010 874 876 875 2822 
1011 2622 3499 1596 3685 
1012 2332 3078 3107 3406 
1013 920 2687 3105 3461 
1014 2797 3230 2719 3423 
1015 1943 2303 2306 2823 
1016 1782 2285 1943 2823 
1017 1727 3361 2849 3694 
1018 1562 3089 2676 3375 
1019 444 2676 234 3040 
1020 529 410 294 3190 
1021 876 1168 877 2822 
1022 2795 3372 2381 3430 
1023 2542 3043 1742 3702 
1024 2510 3179 2474 3241 
1025 2285 2544 3043 3106 
1026 1138 2767 3186 3316 
1027 2346 2636 2449 2963 
1028 2447 3243 2513 3729 
1029 1408 2967 2686 3470 
1030 1952 1953 2663 2978 
1031 637 631 2604 2917 
1032 853 2825 2531 2884 
1033 605 2602 1182 2965 
1034 609 2622 608 2965 
1035 2901 3430 2623 3630 
1036 2414 2521 291 3369 
1037 710 734 712 2659 
1038 1389 3016 2705 3048 
1039 857 915 1325 2658 
1040 2892 3033 1179 3463 
1041 3095 3244 2658 3601 
1042 2452 2635 2032 3192 
1043 1138 2516 2767 3316 
1044 1717 1714 2185 2648 
1045 727 730 1198 2648 
1046 756 1403 1404 2649 
1047 1743 2391 2390 2649 
1048 604 607 1093 2650 
1049 1594 1591 2080 2650 
1050 931 2831 1115 3661 
1051 1832 3075 2575 3485 
1052 2148 2127 2124 2641 
1053 2574 1657 2916 3496 
1054 561 2511 1147 3190 
1055 234 444 464 2676 
1056 2621 616 2894 3056 
1057 2305 1804 1764 2652 
1058 1318 777 817 2652 
1059 1832 2178 2575 3075 
1060 813 812 861 2525 
1061 1020 1370 1377 2526 
1062 1684 1685 1705 2529 
1063 1018 1363 1375 2528 
1064 2005 2362 2350 2528 
1065 853 808 854 2531 
1066 1840 1841 1795 2531 
1067 1012 1236 1287 2540 
1068 1778 1794 1825 2534 
1069 1651 2221 1652 2532 
1070 1862 1861 1860 2536 
1071 758 755 1215 2542 
1072 1234 664 665 2532 
1073 1865 1809 1786 2535 
1074 1776 1733 1732 2530 
1075 873 874 875 2536 
1076 807 791 838 2534 
1077 767 766 796 2548 
1078 2159 2306 2303 2552 
1079 895 739 752 2554 
1080 1014 1228 1227 2541 
1081 2274 2223 1999 2540 
1082 1712 1711 1701 2547 
1083 1127 994 935 2557 
1084 696 667 669 2543 
1085 1753 1754 1783 2548 
1086 1949 2360 2365 2551 
1087 2154 1956 2363 2555 
1088 1167 1376 969 2555 
1089 1842 1806 1805 2559 
1090 1739 1726 1882 2554 
1091 1373 962 1378 2551 
1092 2272 2355 1639 2561 
1093 1285 652 1368 2561 
1094 2243 1947 2115 2563 
1095 1256 1128 960 2563 
1096 1255 1270 837 2566 
1097 2257 2242 1824 2566 
1098 650 651 634 2564 
1099 835 843 844 2565 
1100 1831 1830 1822 2565 
1101 2353 2175 2347 2567 
1102 1719 1657 1659 2574 
1103 732 672 670 2574 
1104 666 1153 832 2576 
1105 1832 2178 2177 2575 
1106 1616 1620 1630 2578 
1107 1937 1939 1938 2579 
1108 950 951 952 2579 
1109 2117 2141 2116 2581 
1110 2187 2106 1985 2583 
1111 1817 1640 2170 2584 
1112 830 1183 653 2584 
1113 1771 1772 1737 2587 
1114 1921 1979 2004 2589 
1115 1912 2279 2101 2597 
1116 925 1114 1292 2597 
1117 1276 716 706 2598 
1118 641 640 655 2599 
1119 1980 1911 2105 2600 
1120 924 993 1118 2600 
1121 1182 605 1197 2602 
1122 642 630 1275 2603 
1123 2087 1977 1941 2606 
1124 990 1100 954 2606 
1125 1698 1680 1682 2607 
1126 636 637 631 2604 
1127 2249 1935 2291 2608 
1128 1165 597 1099 2610 
1129 1395 1307 1392 2611 
1130 2002 2310 2348 2612 
1131 1323 1015 1361 2612 
1132 594 592 593 2617 
1133 1581 1580 1579 2617 
1134 1079 1077 1078 2615 
1135 601 602 600 2616 
1136 1400 705 733 2618 
1137 596 599 1221 2620 
1138 609 610 608 2622 
1139 616 614 615 2621 
1140 1235 1124 946 2627 
1141 1384 1097 589 2628 
1142 1910 2081 1975 2629 
1143 1094 923 988 2629 
1144 1816 2200 1789 2630 
1145 1574 1573 1571 2631 
1146 582 581 1060 2634 
1147 771 773 2582 3482 
1148 2363 2764 2555 3386 
1149 829 2630 802 3701 
1150 1325 3244 3095 3601 
1151 1031 3159 2844 3583 
1152 771 772 773 3482 
1153 771 2883 2582 3396 
1154 773 2582 3482 3704 
1155 1581 2877 2617 3523 
1156 1244 1246 879 2522 
1157 2233 2231 1866 2522 
1158 2851 2974 2559 3432 
1159 501 403 466 3349 
1160 2682 2760 2748 3604 
1161 1670 1672 1671 3762 
1162 1125 1402 2751 3490 
1163 1328 991 1327 2638 
1164 2314 1978 2315 2638 
1165 933 2560 2811 3435 
1166 678 2573 679 3021 
1167 285 2760 452 3170 
1168 1995 1996 2253 2637 
1169 1084 2670 1402 3490 
1170 1742 3043 2542 3096 
1171 1762 2657 2284 3385 
1172 726 1307 3077 3210 
1173 802 3042 2630 3253 
1174 2209 2572 2210 3319 
1175 1610 2623 2901 3430 
1176 1145 2506 1146 2827 
1177 1961 1846 1895 2639 
1178 908 859 974 2639 
1179 773 3482 772 3704 
1180 1501 2512 1469 3201 
1181 359 2667 486 3187 
1182 2508 2983 2490 3187 
1183 1693 2876 2818 3730 
1184 1256 2563 2810 3232 
1185 1408 3484 1486 3657 
1186 607 2650 3123 3155 
1187 2405 2498 2018 3615 
1188 2779 3182 2599 3291 
1189 1175 1174 3015 3063 
1190 285 3170 2790 3604 
1191 1399 687 2614 3357 
1192 1215 2542 755 2921 
1193 2084 2628 2371 3578 
1194 1370 3125 2526 3322 
1195 2440 2690 3400 3691 
1196 2535 3038 878 3449 
1197 1939 1938 2579 3478 
1198 1399 3357 2614 3490 
1199 2498 2509 3161 3304 
1200 2201 2155 1864 2642 
1201 2690 3244 982 3601 
1202 1052 3178 2716 3266 
1203 2569 2854 1324 3635 
1204 691 3286 2546 3493 
1205 596 2953 2620 3242 
1206 3023 3110 2889 3133 
1207 640 2599 3182 3291 
1208 2993 3470 2686 3484 
1209 2688 2975 456 3367 
1210 800 2562 778 3064 
1211 645 2568 3520 3734 
1212 2700 3391 480 3653 
1213 2832 2909 2684 3300 
1214 2274 2223 2540 3395 
1215 2328 2592 2329 3389 
1216 1373 3138 2551 3271 
1217 2808 3151 1837 3489 
1218 2081 2629 1910 2922 
1219 1212 893 2624 3497 
1220 1434 3201 218 3346 
1221 2623 3372 2795 3430 
1222 574 2672 573 3040 
1223 2854 3225 1324 3635 
1224 2218 1794 2727 3310 
1225 558 239 3039 3354 
1226 550 3174 2700 3391 
1227 480 3174 2700 3653 
1228 2185 2648 3249 3284 
1229 2752 2968 2340 3137 
1230 2764 3247 2363 3536 
1231 1596 3076 2622 3685 
1232 2564 2780 651 3194 
1233 929 2624 893 3497 
1234 1794 3135 2727 3310 
1235 1592 3514 2602 3697 
1236 2327 2730 1619 3395 
1237 1315 2911 1311 3001 
1238 2666 2535 3107 3449 
1239 2569 3225 2854 3635 
1240 1196 867 803 2644 
1241 791 2534 3317 3455 
1242 2037 2665 1966 3200 
1243 1620 2834 1619 3401 
1244 803 2644 867 3042 
1245 528 3184 293 3190 
1246 1860 2923 2536 3590 
1247 1557 3220 2635 3349 
1248 763 2883 2749 3482 
1249 2896 3002 2712 3021 
1250 1126 2863 2545 3502 
1251 2117 2581 2949 3171 
1252 2117 2950 2581 3171 
1253 451 3393 2760 3471 
1254 582 2634 1060 2933 
1255 2939 3064 779 3419 
1256 2652 777 3071 3124 
1257 895 2554 752 3571 
1258 2109 3355 2775 3503 
1259 2306 2552 2159 2935 
1260 2774 2997 2611 3077 
1261 1822 2565 1830 3557 
1262 1100 2606 990 3558 
1263 2348 2002 2612 3559 
1264 2280 1897 1853 2645 
1265 3066 3219 2795 3466 
1266 653 2896 2584 3088 
1267 1709 2311 2569 3433 
1268 845 2575 1190 3502 
1269 983 2967 904 3581 
1270 2613 3219 3066 3466 
1271 2240 1961 2750 3167 
1272 2607 2876 1682 2900 
1273 2623 2875 1614 2901 
1274 777 3124 2652 3586 
1275 2688 2975 2956 3314 
1276 1951 3403 2682 3404 
1277 2705 2986 3290 3337 
1278 569 1457 386 2791 
1279 2366 3208 2678 3386 
1280 845 1191 2575 3502 
1281 2551 3125 1378 3271 
1282 2355 3127 2561 3272 
1283 1646 2586 2193 3506 
1284 596 3119 2953 3242 
1285 1762 2284 2273 3385 
1286 897 2671 2926 3251 
1287 1644 3060 1635 3690 
1288 1832 2178 3075 3485 
1289 2563 2729 3139 3669 
1290 2706 3553 3153 3696 
1291 221 2745 483 3294 
1292 2271 2590 2969 3333 
1293 2565 843 2951 3173 
1294 2223 2897 2540 3395 
1295 938 3225 2854 3231 
1296 2377 1614 2381 3372 
1297 1165 2610 3027 3177 
1298 2371 2879 2821 3578 
1299 761 2685 3018 3446 
1300 2040 2466 2668 3212 
1301 687 1399 2987 3388 
1302 893 2624 929 3661 
1303 648 2556 3289 3520 
1304 1328 2638 2905 2984 
1305 2945 3096 2674 3636 
1306 2061 2694 3498 3721 
1307 2664 3280 2747 3374 
1308 893 2940 2624 3661 
1309 605 2952 2602 3165 
1310 2387 1692 3025 3692 
1311 2685 2936 2261 3378 
1312 2580 2849 3361 3694 
1313 763 771 2883 3482 
1314 2175 2567 3171 3261 
1315 2188 1831 1822 3362 
1316 2105 1911 1976 3363 
1317 2732 3034 2595 3195 
1318 1884 3329 2840 3617 
1319 1324 2962 2569 3635 
1320 1399 686 687 3357 
1321 1748 2685 2261 3378 
1322 2515 3238 2838 3673 
1323 2826 3176 2141 3383 
1324 1399 686 3357 3490 
1325 605 2602 2965 3165 
1326 1462 3166 2636 3359 
1327 2565 3022 843 3173 
1328 2115 2563 2949 3176 
1329 1212 929 893 3497 
1330 2535 3038 2665 3402 
1331 1067 2609 1069 3773 
1332 1349 1383 3191 3535 
1333 2666 3107 3078 3406 
1334 983 2686 1408 2967 
1335 1840 3082 2809 3617 
1336 2575 845 3022 3173 
1337 2166 2770 2004 3485 
1338 2658 3095 2847 3244 
1339 925 2597 3024 3263 
1340 1168 877 2642 3521 
1341 1404 2649 1403 3219 
1342 2786 3249 2648 3284 
1343 2696 3100 2742 3312 
1344 2716 3178 1052 3408 
1345 2882 3076 1599 3285 
1346 1873 2570 1913 3006 
1347 2084 2371 1576 3578 
1348 866 2645 910 3467 
1349 756 1125 2751 3182 
1350 1324 722 2962 3635 
1351 2569 2962 1324 3265 
1352 2695 2906 1385 3000 
1353 2147 3062 2662 3309 
1354 2391 2907 2649 3087 
1355 782 820 2533 3626 
1356 2793 3023 1690 3512 
1357 1252 2595 3034 3195 
1358 2395 3215 2993 3486 
1359 1739 2554 2948 3270 
1360 2847 2658 3244 3601 
1361 880 2664 2961 3374 
1362 1501 2512 3201 3346 
1363 1687 2550 1690 3023 
1364 843 2565 835 3022 
1365 835 2565 844 3024 
1366 952 2579 951 3026 
1367 1114 2597 925 3027 
1368 924 2600 1118 3027 
1369 1682 2607 1680 3025 
1370 990 2606 954 3026 
1371 2170 2584 1640 3029 
1372 2087 1977 2606 3028 
1373 954 2606 1100 3030 
1374 1361 2612 1015 3030 
1375 1718 3144 3062 3764 
1376 1168 2642 1214 3521 
1377 2554 1882 2948 3245 
1378 245 2760 1412 3471 
1379 818 3296 2559 3434 
1380 3153 3553 1120 3696 
1381 2363 2555 1956 3386 
1382 1176 863 972 2520 
1383 1969 2690 2320 2847 
1384 1008 1265 1266 2961 
1385 456 2911 2688 3367 
1386 575 2676 1033 3494 
1387 1817 2584 2170 3046 
1388 691 2889 2546 3286 
1389 2326 2665 3200 3504 
1390 1855 3277 2829 3380 
1391 684 2545 1126 3409 
1392 2832 2684 3228 3300 
1393 1187 2779 3088 3198 
1394 2391 2649 1743 3087 
1395 2526 2948 2364 3708 
1396 1949 2948 2551 3708 
1397 920 2855 1095 3418 
1398 671 1171 2843 3474 
1399 1754 1752 2857 3335 
1400 2558 1736 2936 3378 
1401 1705 1684 2529 3036 
1402 1732 2530 1733 3036 
1403 1270 837 2566 3037 
1404 777 2652 1318 3336 
1405 1392 2903 1071 3221 
1406 1420 569 2741 2791 
1407 2628 1384 3030 3397 
1408 1807 1769 2533 3532 
1409 359 2667 3187 3410 
1410 2032 2635 2452 2890 
1411 1893 2165 2160 2647 
1412 1178 906 1173 2647 
1413 2328 2329 1986 3389 
1414 935 1127 2557 3334 
1415 1790 2644 1854 3621 
1416 1094 2629 988 3397 
1417 727 730 2648 2990 
1418 1214 2642 1168 3467 
1419 919 3159 2519 3637 
1420 1481 2506 3184 3190 
1421 2993 3215 2686 3486 
1422 2452 2890 2635 3220 
1423 581 1060 2634 3418 
1424 2508 3044 2520 3067 
1425 1913 2570 2969 3006 
1426 600 2616 3165 3473 
1427 1616 2578 1630 3338 
1428 2942 3193 2707 3554 
1429 2271 2590 1932 3427 
1430 2147 2182 2662 3453 
1431 2218 2727 1794 3135 
1432 1795 2727 2218 3135 
1433 1167 959 2729 3136 
1434 1018 2729 959 3139 
1435 1586 2734 2206 3142 
1436 931 3236 2831 3661 
1437 423 494 2672 3584 
1438 1966 2326 1903 2665 
1439 1628 2599 1627 3087 
1440 1941 2870 2606 3114 
1441 2545 3181 1671 3762 
1442 2742 3100 2394 3312 
1443 1596 2622 2882 3499 
1444 780 2577 810 2958 
1445 1711 2547 1712 2959 
1446 1354 2560 933 3435 
1447 2190 2941 2717 3393 
1448 1771 1772 2587 2955 
1449 412 2510 407 3222 
1450 2348 2612 2310 3517 
1451 2658 2312 2847 3094 
1452 951 2867 2579 2912 
1453 1689 1687 2550 3512 
1454 761 3018 737 3446 
1455 1532 2636 3220 3387 
1456 746 745 719 2991 
1457 1860 2318 1862 2846 
1458 1008 2637 1266 3402 
1459 3214 3515 2700 3653 
1460 1029 2654 1500 2911 
1461 1592 2886 2602 3514 
1462 2616 2886 1589 3514 
1463 1644 1636 1635 3060 
1464 845 1190 1191 3502 
1465 2642 2937 1168 3467 
1466 1610 1614 2623 3430 
1467 2210 3319 2572 3433 
1468 1198 2648 730 2980 
1469 1093 604 2650 2981 
1470 1594 2650 2080 2982 
1471 2249 1935 2608 3076 
1472 1307 2611 1395 3077 
1473 876 875 2822 2966 
1474 876 2822 877 2966 
1475 1391 2695 2998 3481 
1476 2763 3105 2656 3494 
1477 1869 1812 2632 2970 
1478 2079 2390 2795 3466 
1479 2187 2583 1985 3362 
1480 1912 2597 2101 3363 
1481 1076 1078 2997 3035 
1482 1813 3167 2750 3707 
1483 1059 1055 1471 2656 
1484 2329 2869 2592 3513 
1485 1980 2600 2869 3513 
1486 604 2650 2981 3165 
1487 1868 2989 2837 3605 
1488 2357 2526 2364 3708 
1489 2365 1949 2551 3708 
1490 1059 2656 1471 3546 
1491 2706 3696 2842 3771 
1492 2611 3210 1392 3221 
1493 780 810 2577 3431 
1494 2233 2522 1866 3415 
1495 2456 2805 2512 3567 
1496 1558 2421 295 3567 
1497 486 2667 359 3410 
1498 1008 1265 2961 3597 
1499 1190 2863 2575 3022 
1500 2187 2583 2861 3023 
1501 2597 2867 1292 3024 
1502 1292 2867 2597 3026 
1503 2597 2871 1114 3026 
1504 1099 2610 2871 3027 
1505 1618 2875 2604 3029 
1506 2618 2876 1692 3025 
1507 1581 2617 2877 3028 
1508 1097 2878 2628 3030 
1509 1935 2608 3076 3680 
1510 758 2542 1215 3071 
1511 1804 1764 2652 3097 
1512 1276 2598 3116 3727 
1513 529 411 410 3360 
1514 2210 2572 2209 3260 
1515 1754 2548 1753 3335 
1516 1739 2948 3107 3270 
1517 817 2652 777 3071 
1518 2579 3104 950 3446 
1519 2657 3419 1297 3482 
1520 2683 2934 1925 3085 
1521 1466 3191 1383 3492 
1522 2772 3203 1761 3385 
1523 1316 2552 1319 3477 
1524 2807 3192 2513 3729 
1525 832 2576 1153 3595 
1526 840 2524 887 2984 
1527 2546 2889 691 3493 
1528 2531 3082 1840 3617 
1529 672 670 2574 3292 
1530 889 805 2732 3343 
1531 2572 3046 2209 3260 
1532 775 1297 3419 3482 
1533 2585 2250 3575 3599 
1534 1297 3462 2657 3482 
1535 2560 2340 2968 3137 
1536 2271 2900 2590 3333 
1537 416 501 251 3321 
1538 901 2527 904 3745 
1539 1846 1847 1895 3568 
1540 388 1477 267 2768 
1541 1712 2936 2547 3283 
1542 1690 2550 1687 3512 
1543 1776 2530 1732 3381 
1544 1846 2832 1847 3568 
1545 587 2850 2631 2932 
1546 607 1093 2650 3155 
1547 2115 2244 2851 3176 
1548 609 2622 2965 3246 
1549 2071 2670 2389 3066 
1550 1084 1402 2670 3065 
1551 813 2525 861 3438 
1552 2005 2528 2949 3472 
1553 2563 1947 2949 3472 
1554 2616 600 2953 3473 
1555 599 2620 2953 3473 
1556 2691 2799 1845 3648 
1557 1384 2628 589 3397 
1558 1903 2665 2326 3233 
1559 2683 3438 938 3675 
1560 800 778 2562 3447 
1561 1176 863 2520 3067 
1562 1501 3201 1434 3346 
1563 873 2536 875 3052 
1564 1044 2635 1465 3224 
1565 2116 2581 2141 3176 
1566 1076 3035 2997 3529 
1567 2146 1726 3020 3245 
1568 600 2616 602 3165 
1569 1206 1338 1335 3462 
1570 1586 2620 1583 3523 
1571 1219 3340 2981 3529 
1572 2098 2664 1867 3341 
1573 1283 657 2853 3289 
1574 808 2531 853 3267 
1575 807 791 2534 3267 
1576 2346 2449 2636 3387 
1577 1373 947 3138 3271 
1578 1258 805 2601 3033 
1579 2728 3138 947 3271 
1580 2615 1078 2924 3035 
1581 851 1281 2516 3003 
1582 589 2932 2628 3561 
1583 845 2575 1191 3173 
1584 1867 2098 2097 2664 
1585 880 1110 1111 2664 
1586 705 733 2618 3479 
1587 1786 2535 1809 3270 
1588 2527 2967 904 3745 
1589 892 2691 858 2908 
1590 1168 1214 877 3521 
1591 1183 653 2584 3088 
1592 484 2805 385 3567 
1593 1634 2568 1632 3060 
1594 1921 1979 2589 3599 
1595 2648 2824 727 2990 
1596 2350 2528 2362 3171 
1597 2353 2175 2567 3171 
1598 2581 3176 2826 3383 
1599 2693 2972 458 3356 
1600 592 2617 594 3242 
1601 2508 2520 3044 3646 
1602 1312 2791 2956 3367 
1603 1586 2208 2620 3523 
1604 2662 3218 2182 3309 
1605 2603 2896 642 3118 
1606 1659 1719 2574 3147 
1607 2158 2954 2553 3508 
1608 2034 3275 2485 3339 
1609 1760 2582 1758 3103 
1610 952 950 2579 3104 
1611 1015 2612 1323 3104 
1612 1156 1157 2594 3525 
1613 1156 2594 1346 3525 
1614 1766 3203 2726 3424 
1615 970 3183 1379 3518 
1616 631 2604 2917 3664 
1617 2579 950 2912 3446 
1618 1726 2554 3020 3245 
1619 2200 2630 1816 3337 
1620 2347 2950 2567 3451 
1621 2452 1557 2635 3349 
1622 2159 2954 2552 3106 
1623 1866 3051 2994 3415 
1624 2663 3442 2796 3546 
1625 2756 2851 2559 3432 
1626 1173 2647 906 3067 
1627 2183 1790 1854 3621 
1628 2630 3048 829 3253 
1629 1846 2832 2639 3167 
1630 271 2911 456 3367 
1631 710 734 2659 3072 
1632 2371 2628 2879 3578 
1633 2708 3325 3233 3341 
1634 2575 2892 1191 3173 
1635 2383 2078 2689 3466 
1636 2657 1297 3419 3462 
1637 2543 669 2843 3292 
1638 2047 1569 2634 3700 
1639 746 745 2530 3537 
1640 2568 2891 1632 3060 
1641 1804 2652 2305 3460 
1642 1640 2584 1817 3002 
1643 532 2925 2699 3332 
1644 2383 2689 3154 3466 
1645 2840 3329 2671 3617 
1646 1244 2522 879 3336 
1647 616 2621 615 3376 
1648 2946 3206 1688 3335 
1649 2557 2843 994 3134 
1650 857 2658 1325 3095 
1651 1235 1124 2627 3155 
1652 830 2584 653 3021 
1653 1762 1761 3203 3385 
1654 1167 2555 969 3772 
1655 1717 2648 2185 3284 
1656 1820 3111 2539 3557 
1657 1832 2575 3111 3557 
1658 1099 2610 3119 3558 
1659 593 3119 2617 3558 
1660 2606 1941 3120 3559 
1661 2371 2628 3120 3559 
1662 579 576 2523 3722 
1663 2551 962 3125 3571 
1664 2033 2681 2501 2971 
1665 2221 2532 1651 3235 
1666 2525 3432 1848 3643 
1667 1462 545 2636 3166 
1668 2795 3066 2649 3219 
1669 832 2944 2576 3595 
1670 1830 2565 1831 3513 
1671 1980 2600 2105 3514 
1672 2090 2585 2250 3575 
1673 2375 2054 2374 3530 
1674 946 2627 1124 3618 
1675 755 2921 2542 2945 
1676 938 2854 862 3438 
1677 1270 2566 1255 3407 
1678 734 712 2659 3302 
1679 463 447 291 2521 
1680 3187 3410 2667 3724 
1681 1178 2939 2647 3015 
1682 2311 1709 2569 3319 
1683 2528 2898 2362 3171 
1684 863 906 2777 3067 
1685 1146 2506 1144 3184 
1686 1632 2942 2568 3554 
1687 1252 3034 2595 3611 
1688 2373 2651 2050 3086 
1689 1153 3109 658 3364 
1690 2566 3132 2257 3147 
1691 1395 2611 1392 3221 
1692 1081 3445 3035 3686 
1693 1709 2259 2311 3433 
1694 415 312 2744 3351 
1695 1031 1418 3019 3583 
1696 708 722 1222 2962 
1697 484 2805 2512 3201 
1698 2602 3499 1592 3697 
1699 2645 3054 910 3467 
1700 1298 795 2544 3586 
1701 2557 2859 2114 2928 
1702 1602 2873 2621 2930 
1703 767 766 2548 3045 
1704 1365 2679 1362 3098 
1705 1497 3009 2511 3360 
1706 483 3294 2745 3695 
1707 1595 1596 3499 3685 
1708 2558 2936 1736 3681 
1709 1884 2840 3329 3406 
1710 2159 2552 2303 3106 
1711 1786 1865 2535 3107 
1712 933 2560 1354 3108 
1713 665 2532 664 3109 
1714 1763 2539 1820 3111 
1715 666 1153 2576 3109 
1716 1832 2575 2177 3111 
1717 1985 2583 2106 3112 
1718 1182 2602 1197 3113 
1719 2279 2101 2597 3114 
1720 1276 2598 706 3116 
1721 2195 2596 1679 3115 
1722 1977 1941 2606 3114 
1723 636 2604 631 3118 
1724 630 2603 642 3118 
1725 597 1099 2610 3119 
1726 2087 2606 1941 3120 
1727 594 2617 593 3119 
1728 1323 2612 1361 3121 
1729 2084 2371 2628 3120 
1730 923 988 2629 3121 
1731 624 2588 2964 3775 
1732 897 2671 1348 3226 
1733 1698 2607 2900 3333 
1734 723 721 2962 3265 
1735 1196 2644 803 3377 
1736 1377 2526 3125 3571 
1737 1657 2574 1719 3145 
1738 2090 2250 2585 3145 
1739 1571 1574 2631 3050 
1740 592 593 2617 3561 
1741 1571 2631 1573 3122 
1742 610 608 2622 3123 
1743 2047 2634 1569 3122 
1744 1298 759 2544 3124 
1745 755 2542 758 3124 
1746 1149 1147 1497 2511 
1747 2176 2558 1736 3681 
1748 1377 2526 1370 3125 
1749 1999 2540 2223 3126 
1750 1378 2551 962 3125 
1751 1949 2360 2551 3127 
1752 1287 2540 1236 3130 
1753 1639 2561 2355 3127 
1754 651 2564 650 3130 
1755 1285 652 2561 3131 
1756 643 633 2578 3131 
1757 2257 2566 1824 3132 
1758 2004 2589 1979 3132 
1759 2228 2680 2345 2890 
1760 2159 2935 2552 2954 
1761 3106 3425 2553 3477 
1762 1910 2922 2629 2970 
1763 645 3520 2568 3715 
1764 2506 3668 2133 3741 
1765 2532 664 3109 3364 
1766 582 2885 2634 2933 
1767 479 2971 2681 3414 
1768 2249 1935 3076 3680 
1769 1912 2279 2597 3362 
1770 2512 2518 3031 3622 
1771 2646 3039 1515 3766 
1772 2656 3239 1471 3546 
1773 2558 3102 1736 3378 
1774 652 2561 3131 3734 
1775 1235 2627 946 3293 
1776 1810 2227 3102 3405 
1777 2146 3020 2785 3245 
1778 2638 2984 1328 3225 
1779 1865 3078 2535 3107 
1780 1726 1882 2554 3245 
1781 610 2622 609 3246 
1782 2452 2031 2635 3192 
1783 887 2524 840 3483 
1784 706 2598 716 3479 
1785 2065 2804 2615 3207 
1786 1638 2564 1621 3261 
1787 2175 2347 2567 3261 
1788 1771 2587 1737 3378 
1789 1883 2727 2840 3708 
1790 2312 2658 1902 3648 
1791 2147 1801 2182 3453 
1792 1602 2930 2621 3640 
1793 1589 2616 1588 3579 
1794 1866 2522 2231 3051 
1795 853 2531 854 3226 
1796 1996 2253 2637 3341 
1797 733 3077 2618 3479 
1798 1698 1680 2607 3333 
1799 2458 3061 2656 3443 
1800 2673 3208 3183 3518 
1801 844 2565 2951 3263 
1802 805 1258 2601 3735 
1803 1591 2650 1594 3499 
1804 2447 2513 2013 3729 
1805 587 2932 2631 3619 
1806 2305 2652 1764 3051 
1807 895 739 2554 3101 
1808 825 3461 2632 3612 
1809 2114 2557 2928 3620 
1810 2590 3151 2808 3273 
1811 2509 3304 2498 3615 
1812 2812 3317 2534 3455 
1813 1906 2519 2393 3519 
1814 245 451 2760 3471 
1815 1714 2648 1717 3144 
1816 1276 716 2598 3727 
1817 1646 3196 2798 3562 
1818 2124 2641 2127 3180 
1819 1743 2649 2390 3066 
1820 756 1403 2649 3065 
1821 2527 3128 1891 3627 
1822 1591 2080 2650 3175 
1823 1769 3295 2533 3532 
1824 1687 1689 2550 3206 
1825 840 2524 2984 3358 
1826 1646 2798 2174 3562 
1827 2310 2612 2002 3439 
1828 2846 2923 2318 3423 
1829 1864 2201 2642 3403 
1830 1921 2589 2802 3599 
1831 1156 2594 1157 3306 
1832 634 2564 651 3194 
1833 1188 2567 1360 3194 
1834 648 657 2556 3364 
1835 1307 1392 2611 3210 
1836 655 641 2599 3307 
1837 723 2571 709 3560 
1838 1910 2629 1975 3517 
1839 2529 2898 1685 3247 
1840 991 2638 1328 3225 
1841 791 3317 2812 3455 
1842 885 2570 926 3228 
1843 1766 2726 1826 3424 
1844 1890 1891 3128 3627 
1845 1323 2612 3121 3323 
1846 1729 2591 1718 3543 
1847 1568 2634 1569 3700 
1848 1149 2511 1497 3009 
1849 2521 447 3369 3603 
1850 2897 2898 2780 3261 
1851 1469 2512 1343 3031 
1852 1745 1742 3043 3702 
1853 640 655 2599 3291 
1854 718 720 698 3209 
1855 2530 3317 746 3537 
1856 1812 1869 2632 3516 
1857 1718 2591 1729 3062 
1858 2231 2522 2233 3255 
1859 2159 1694 2954 3106 
1860 2032 2352 2014 3405 
1861 2011 2517 2846 3423 
1862 653 635 2896 3088 
1863 718 3209 698 3774 
1864 1679 2596 2195 3658 
1865 435 331 3287 3693 
1866 934 2589 1017 3591 
1867 2032 2635 2890 3192 
1868 2553 3425 3106 3458 
1869 856 3232 2810 3434 
1870 2001 2215 2541 3670 
1871 1701 1712 2547 3283 
1872 1800 1848 3432 3643 
1873 2154 2555 2363 3536 
1874 636 3088 2604 3118 
1875 640 2599 641 3182 
1876 1266 3402 2637 3769 
1877 901 904 2527 3669 
1878 1255 2566 837 3254 
1879 897 1371 1348 2671 
1880 2649 3065 2751 3182 
1881 2634 2933 2922 3418 
1882 1627 2599 1628 3565 
1883 819 3232 856 3434 
1884 386 569 2741 3391 
1885 1327 2638 991 3231 
1886 2249 2608 2291 3757 
1887 2808 3151 2590 3427 
1888 636 637 2604 3587 
1889 1634 1632 2568 3554 
1890 1642 2725 3565 3631 
1891 908 2639 974 3326 
1892 2515 2838 2507 3237 
1893 1228 2541 1014 3737 
1894 2325 1646 2193 3506 
1895 2551 2881 962 3571 
1896 1363 1375 2528 3209 
1897 1360 2567 1188 3556 
1898 596 2620 1221 3242 
1899 1988 2633 1987 3058 
1900 2012 2677 1965 2943 
1901 1377 1020 2526 3449 
1902 2727 2840 2531 3135 
1903 1806 2559 1842 3288 
1904 664 2532 1234 3072 
1905 807 2534 838 3271 
1906 2274 2540 1999 3272 
1907 1737 2587 1772 3398 
1908 1275 2603 630 3259 
1909 2585 3145 2250 3599 
1910 2647 3015 2983 3067 
1911 1183 2584 830 3324 
1912 1346 2594 1156 3213 
1913 642 2603 1275 3213 
1914 838 2534 791 3455 
1915 1236 2540 1012 3455 
1916 861 2525 812 3296 
1917 1014 2541 1227 3153 
1918 1079 1077 2615 3328 
1919 687 694 1399 3388 
1920 1707 1705 1685 3247 
1921 1925 2118 2683 3085 
1922 2005 2362 2528 3247 
1923 1646 2193 2586 3068 
1924 1341 1342 2592 3671 
1925 2889 3133 700 3639 
1926 1809 2535 1865 3148 
1927 1573 2631 1574 3269 
1928 2271 1932 2590 3151 
1929 582 581 2634 3143 
1930 2160 2647 2165 3092 
1931 2004 3075 2589 3132 
1932 1795 1840 2531 3135 
1933 1794 2534 1778 3135 
1934 1363 2528 1018 3139 
1935 935 2557 994 3134 
1936 2221 1652 2532 3137 
1937 962 2551 1373 3138 
1938 652 1368 2561 3138 
1939 960 2563 1128 3139 
1940 670 732 2574 3140 
1941 1583 2620 1586 3142 
1942 1639 2272 2561 3401 
1943 1630 2578 1620 3401 
1944 648 3364 2556 3520 
1945 1298 2544 759 3586 
1946 643 2578 633 3576 
1947 1726 2554 1739 3270 
1948 1642 2725 1649 3565 
1949 659 1338 2586 3198 
1950 878 2535 799 3572 
1951 1228 1227 2541 3162 
1952 1754 1783 2548 3094 
1953 767 2548 796 3095 
1954 1820 2539 1763 3747 
1955 2554 2881 895 3101 
1956 2365 2551 2360 3310 
1957 1368 1285 2561 3311 
1958 705 2618 1400 3388 
1959 1659 2574 1657 3278 
1960 1128 2563 1256 3232 
1961 1913 2570 1873 3746 
1962 2615 2804 2065 2999 
1963 822 2535 878 3572 
1964 1987 2633 1988 3606 
1965 2511 2827 1147 3190 
1966 418 2790 285 3170 
1967 1862 1861 2536 3188 
1968 795 1298 2544 3223 
1969 1996 2637 1995 3148 
1970 854 2531 808 3322 
1971 2955 3399 2225 3516 
1972 1621 2564 2834 2899 
1973 2663 966 3442 3546 
1974 1939 2870 2579 3439 
1975 317 3220 2636 3387 
1976 1978 2315 2638 3204 
1977 1841 2531 1840 3617 
1978 1789 2630 2200 3149 
1979 1293 910 3054 3467 
1980 2555 2839 2729 3136 
1981 2729 2839 2528 3139 
1982 2165 2647 1893 3197 
1983 1557 403 3220 3349 
1984 2242 3081 2566 3147 
1985 782 2533 820 3597 
1986 2651 2989 2050 3086 
1987 1329 2517 1484 3428 
1988 761 3104 2685 3446 
1989 223 2491 2975 3416 
1990 628 2757 629 3308 
1991 1993 2177 2813 3111 
1992 668 666 2814 3109 
1993 613 2819 948 3117 
1994 1577 2084 2820 3120 
1995 2347 2567 3261 3451 
1996 1784 2799 1753 3648 
1997 2640 2825 1290 2884 
1998 2707 2942 2595 3193 
1999 2703 2787 2367 3208 
2000 1864 2642 2155 3188 
2001 2733 3445 1083 3686 
2002 330 1528 3187 3287 
2003 2383 2689 2078 3430 
2004 295 484 385 3567 
2005 1943 2303 2823 3106 
2006 1375 2839 2528 3209 
2007 1408 2686 983 3470 
2008 869 2537 870 3569 
2009 1952 3156 2663 3443 
2010 2556 657 2853 3364 
2011 2176 1736 2558 3102 
2012 3044 3067 1176 3268 
2013 2765 3181 2545 3762 
2014 1349 3251 1383 3535 
2015 2570 3300 885 3437 
2016 1642 1643 2725 3631 
2017 2610 3028 2086 3652 
2018 1246 2522 1244 3330 
2019 1961 2639 1895 3257 
2020 2545 3286 1126 3409 
2021 1956 2555 2154 3129 
2022 1897 2645 2280 3534 
2023 1820 2539 2861 3557 
2024 1832 2866 2575 3557 
2025 1099 2871 2610 3558 
2026 2606 2870 1941 3559 
2027 593 2617 2878 3558 
2028 2371 2879 2628 3559 
2029 1111 880 2664 3217 
2030 1404 2917 2649 3219 
2031 2577 2909 810 2958 
2032 1838 2516 2268 3276 
2033 1309 1328 2984 3225 
2034 223 2975 456 3416 
2035 1296 3034 1252 3611 
2036 825 882 3461 3612 
2037 2741 2791 420 3392 
2038 2691 1845 3258 3648 
2039 2683 3225 2934 3231 
2040 969 2555 1376 3183 
2041 3233 3325 2254 3341 
2042 2215 2946 2541 3670 
2043 1897 1853 2645 3313 
2044 636 2604 3088 3587 
2045 1846 2639 1961 3167 
2046 285 2790 1509 3604 
2047 412 407 262 3222 
2048 1642 1643 1649 2725 
2049 2573 3021 2712 3315 
2050 1293 866 910 3467 
2051 1733 2530 1776 3371 
2052 1376 2555 2839 3426 
2053 2473 2993 2515 3238 
2054 1732 3036 1705 3381 
2055 2561 652 3551 3734 
2056 1639 2561 3127 3475 
2057 447 2521 463 3603 
2058 886 885 3300 3437 
2059 727 2648 1198 3210 
2060 2685 3104 761 3323 
2061 1790 1854 2644 3149 
2062 868 1110 880 3374 
2063 1065 2906 2625 3000 
2064 1906 3348 2519 3519 
2065 965 2663 966 3442 
2066 2831 3255 3051 3460 
2067 2405 3348 2509 3615 
2068 1246 879 2522 3299 
2069 2201 2155 2642 3160 
2070 3062 3144 2591 3764 
2071 2261 2685 1748 3439 
2072 2537 3344 870 3569 
2073 1281 2516 3003 3633 
2074 1196 867 2644 3274 
2075 755 2945 2542 3124 
2076 2174 2798 1646 3506 
2077 1376 3183 2555 3426 
2078 438 3304 3161 3583 
2079 1838 2516 2849 3180 
2080 1377 2860 2526 3571 
2081 2825 2927 2640 3041 
2082 1812 2955 2632 2970 
2083 1771 2955 2587 3399 
2084 1515 3354 2646 3766 
2085 2611 3077 1307 3210 
2086 1065 3000 2625 3678 
2087 307 214 2477 3582 
2088 442 2512 484 3567 
2089 631 3118 2604 3664 
2090 974 2639 859 3172 
2091 756 2649 1404 3182 
2092 2564 2899 1621 3261 
2093 277 417 3044 3450 
2094 1084 1402 1401 3490 
2095 436 3200 508 3465 
2096 2373 2050 2651 3522 
2097 805 2601 3033 3343 
2098 2185 2648 1714 3249 
2099 2340 2560 2968 3676 
2100 2547 2936 1712 2959 
2101 2628 3120 2820 3578 
2102 1754 2308 2753 2857 
2103 1041 2700 3174 3581 
2104 819 2559 3232 3434 
2105 2540 3074 1236 3130 
2106 2936 3283 1712 3681 
2107 2195 3007 2596 3115 
2108 1173 1178 2647 3015 
2109 2279 3114 2597 3478 
2110 2456 1558 2805 3567 
2111 643 2578 3004 3131 
2112 1921 2802 2589 3541 
2113 1029 2654 2911 3001 
2114 972 1176 2520 3268 
2115 2972 3487 2024 3549 
2116 933 870 1232 3435 
2117 870 2836 1232 3435 
2118 1853 2280 2645 3160 
2119 2525 2943 1848 2974 
2120 825 3080 2632 3461 
2121 700 3639 3133 3758 
2122 1298 3124 2544 3689 
2123 781 2684 1207 3396 
2124 2090 2585 2929 3145 
2125 2148 2127 2641 3309 
2126 1952 1908 3156 3443 
2127 2740 2838 1842 3673 
2128 436 2713 3200 3465 
2129 2794 2943 2800 3352 
2130 1115 2940 894 3661 
2131 1011 2653 977 3550 
2132 2233 3255 2522 3415 
2133 2128 2474 3179 3241 
2134 485 2667 486 3410 
2135 2538 3106 3425 3458 
2136 1465 3321 2635 3585 
2137 2552 2954 2553 3106 
2138 600 3165 603 3473 
2139 2037 1966 2035 3200 
2140 342 3609 3294 3695 
2141 2737 3081 1661 3147 
2142 2742 3044 417 3450 
2143 1496 2911 271 3367 
2144 1263 3140 3342 3591 
2145 2608 2803 2291 3757 
2146 1769 2856 2533 3295 
2147 2736 2591 3144 3764 
2148 685 1126 3286 3409 
2149 2973 3351 2470 3718 
2150 1360 3306 2567 3556 
2151 2609 2986 2054 3530 
2152 2527 3083 1891 3128 
2153 2599 3182 2751 3307 
2154 2613 2924 1218 3445 
2155 2702 2845 3304 3615 
2156 2528 2864 1363 3209 
2157 802 2630 3042 3701 
2158 1317 2735 2980 3253 
2159 1762 2284 2657 3203 
2160 1173 1175 1174 3015 
2161 897 1371 2671 3251 
2162 2586 1646 3068 3196 
2163 2259 2934 3248 3433 
2164 1384 3121 3030 3397 
2165 108 3190 293 3589 
2166 1737 3378 2587 3398 
2167 2040 2668 2451 3212 
2168 1718 2591 3062 3144 
2169 2084 1577 2820 3578 
2170 2371 2821 2083 3578 
2171 2800 2915 2677 3168 
2172 2532 3137 2752 3728 
2173 1317 2980 2735 3773 
2174 1517 2996 2507 3237 
2175 2844 2845 448 3304 
2176 1052 2716 1448 3266 
2177 2440 2320 2690 3353 
2178 871 870 3344 3569 
2179 1055 1471 2656 3494 
2180 1949 2551 2948 3245 
2181 2158 2553 1660 3278 
2182 1109 3444 2661 3497 
2183 2573 2896 2746 3002 
2184 869 2747 868 3374 
2185 1109 3095 2661 3444 
2186 771 2582 2883 3482 
2187 214 415 312 2744 
2188 3391 3515 487 3653 
2189 407 2510 412 3456 
2190 977 2653 1011 3178 
2191 456 2688 2911 3416 
2192 1318 817 1115 2831 
2193 2640 3041 2927 3371 
2194 677 2853 3101 3289 
2195 3151 1835 3489 3694 
2196 2679 2842 1362 3098 
2197 2538 3425 3106 3477 
2198 2601 3343 805 3735 
2199 1202 3054 2748 3467 
2200 2571 2865 2851 3176 
2201 643 3131 3004 3734 
2202 2752 3072 2532 3728 
2203 799 2860 2535 3449 
2204 2098 2097 2664 3688 
2205 2926 3226 897 3322 
2206 2550 3133 2889 3639 
2207 430 317 2636 3387 
2208 2535 2979 3038 3402 
2209 1845 2799 2691 3468 
2210 2701 3151 2808 3489 
2211 2512 3032 2456 3567 
2212 1081 3035 1085 3686 
2213 889 2732 890 3342 
2214 889 2732 888 3343 
2215 367 487 3515 3653 
2216 2953 3119 2620 3242 
2217 1309 2984 2766 3225 
2218 2207 2734 2841 3498 
2219 2737 3147 1661 3278 
2220 2705 3290 3048 3337 
2221 1469 2512 3031 3201 
2222 1584 2086 3028 3652 
2223 2206 2734 2207 3498 
2224 2581 2950 2141 3383 
2225 3285 3500 2601 3757 
2226 638 1187 2779 3088 
2227 2590 3273 2808 3427 
2228 436 2713 372 3200 
2229 1558 295 385 3567 
2230 1171 2553 3474 3477 
2231 2628 2084 3120 3578 
2232 1110 1111 2664 3280 
2233 1892 3128 3083 3129 
2234 2461 2521 2414 3369 
2235 2602 2886 1592 3499 
2236 2040 2451 2466 3212 
2237 2850 3016 1062 3555 
2238 1263 1105 3140 3591 
2239 1824 2813 2566 3181 
2240 1194 2507 1517 3539 
2241 1372 2702 3009 3360 
2242 1055 2656 1059 3105 
2243 2123 2849 2736 3764 
2244 778 3373 2562 3447 
2245 1961 3185 2639 3257 
2246 2591 3144 1718 3543 
2247 2559 3296 2758 3434 
2248 441 2845 2844 3360 
2249 2666 3078 1967 3406 
2250 1883 2218 2727 3708 
2251 1380 1314 2703 2956 
2252 256 2880 1429 3414 
2253 848 3273 3624 3776 
2254 1055 2656 3105 3494 
2255 2535 3148 2979 3402 
2256 2581 2116 2949 3176 
2257 1901 2838 2974 3390 
2258 1341 2592 2951 3173 
2259 602 2616 2952 3165 
2260 603 3165 2981 3473 
2261 2683 3085 2118 3352 
2262 2350 2949 2528 3171 
2263 2567 2950 2353 3171 
2264 897 2926 2671 3226 
2265 1834 1727 2849 3694 
2266 789 746 3317 3537 
2267 933 1347 2811 3108 
2268 691 689 3286 3493 
2269 1700 3283 2793 3512 
2270 2349 3059 2679 3405 
2271 1592 2184 3514 3697 
2272 2592 2866 2328 3513 
2273 1911 2868 2600 3513 
2274 1588 2872 2616 3514 
2275 848 3273 2701 3624 
2276 1297 1286 3462 3482 
2277 221 483 342 3294 
2278 883 3080 825 3461 
2279 2484 3660 3736 3741 
2280 2231 3051 2522 3255 
2281 932 3121 923 3612 
2282 450 2646 446 3509 
2283 2481 2784 268 3061 
2284 2750 3350 1813 3707 
2285 1628 3565 2599 3631 
2286 1360 1366 3306 3556 
2287 2808 3151 2701 3273 
2288 2789 3350 2750 3707 
2289 2123 2736 2186 3764 
2290 2981 3340 1219 3473 
2291 1689 1690 1687 3512 
2292 2663 3105 921 3546 
2293 732 3140 1105 3407 
2294 2602 1182 2965 3246 
2295 840 2524 3358 3483 
2296 2613 3445 1218 3608 
2297 2747 3374 869 3569 
2298 844 3024 2565 3263 
2299 1017 2589 3037 3591 
2300 1405 2519 3019 3079 
2301 3323 3378 3008 3703 
2302 1777 3082 2927 3371 
2303 1573 2821 1572 3122 
2304 611 610 2819 3123 
2305 1135 2889 699 3110 
2306 2526 2364 2948 3107 
2307 1354 2560 2947 3108 
2308 2532 665 2947 3109 
2309 2592 1342 2951 3113 
2310 1197 2602 2952 3113 
2311 597 2610 2953 3119 
2312 1661 3081 2737 3458 
2313 1573 2821 2631 3578 
2314 436 372 508 3200 
2315 1105 3140 2731 3407 
2316 2532 2852 1651 3235 
2317 2967 3083 2762 3581 
2318 1824 2813 2256 3132 
2319 2555 3128 2154 3129 
2320 2842 3059 2807 3606 
2321 307 2744 214 3582 
2322 719 2812 2991 3074 
2323 1297 775 1286 3482 
2324 2620 2208 2841 3523 
2325 2796 3442 966 3546 
2326 2042 2656 2458 3227 
2327 2851 2865 2563 3176 
2328 2009 2692 2971 3540 
2329 1002 2669 3394 3488 
2330 2513 3740 1493 3749 
2331 2228 2345 2680 3399 
2332 1290 2884 1291 3725 
2333 1002 2669 1005 3394 
2334 1571 3050 2631 3522 
2335 1817 3002 2584 3547 
2336 1819 1653 1655 3496 
2337 2890 2963 2680 3345 
2338 270 448 2845 3304 
2339 1094 2933 2629 3397 
2340 2851 3176 2244 3682 
2341 2870 3114 1941 3478 
2342 1334 3358 2776 3483 
2343 1799 1800 1848 3432 
2344 1637 1619 2834 3395 
2345 2389 3066 2670 3297 
2346 1738 2204 1725 3270 
2347 1475 3464 2655 3501 
2348 766 3017 2548 3045 
2349 2540 1236 3074 3455 
2350 1819 2576 2929 3412 
2351 1298 2858 2544 3223 
2352 2650 604 2965 3165 
2353 2696 2394 3100 3312 
2354 1402 2670 3065 3490 
2355 2700 3281 550 3391 
2356 1067 2906 2609 3773 
2357 659 3291 2586 3462 
2358 1165 2953 2610 3177 
2359 1118 2600 2952 3177 
2360 2513 3224 1493 3740 
2361 2566 2985 837 3254 
2362 2033 2501 2492 2971 
2363 1215 3071 2542 3573 
2364 970 3183 2673 3772 
2365 1145 2778 2827 3760 
2366 1040 2748 1202 3054 
2367 1383 3191 2743 3492 
2368 2688 2911 1313 3367 
2369 1171 3474 673 3477 
2370 1561 2043 3089 3593 
2371 1740 1789 2771 3543 
2372 893 1212 3005 3573 
2373 1116 2643 2831 3236 
2374 2531 2809 3082 3617 
2375 2574 2916 1657 3278 
2376 2638 2934 1978 3204 
2377 2708 2254 3325 3341 
2378 623 3055 2623 3370 
2379 2997 3035 2694 3529 
2380 1175 1503 3063 3693 
2381 2537 3374 2747 3569 
2382 1008 1266 1009 3402 
2383 1594 2887 2650 2982 
2384 1479 2668 3189 3538 
2385 2569 3248 2934 3433 
2386 2731 3140 1105 3591 
2387 1010 3437 3211 3550 
2388 1317 3048 2735 3253 
2389 761 737 1274 3446 
2390 1517 2507 1194 3237 
2391 2232 3351 3255 3415 
2392 2676 3040 444 3375 
2393 2017 2809 3379 3617 
2394 737 3018 3010 3446 
2395 2562 3202 1765 3705 
2396 2681 2880 479 3414 
2397 2577 2789 2750 3707 
2398 2013 2513 3192 3729 
2399 2773 3076 2882 3285 
2400 2520 1176 3067 3268 
2401 1335 2776 1186 3483 
2402 1571 2631 3122 3522 
2403 2096 2661 2847 3094 
2404 872 2811 874 3344 
2405 1639 3401 2561 3475 
2406 608 2965 2622 3123 
2407 1138 1343 2767 3031 
2408 1808 2968 2829 3770 
2409 2625 2906 1065 3290 
2410 2549 3012 1164 3672 
2411 1290 2640 2884 3725 
2412 727 2824 2648 2957 
2413 2522 3051 2831 3255 
2414 1109 798 3095 3444 
2415 1266 1009 3402 3769 
2416 759 2544 3124 3586 
2417 3035 3445 2733 3686 
2418 1181 2702 2844 3159 
2419 2332 1967 3078 3406 
2420 1483 1116 1117 2643 
2421 1928 1765 3202 3705 
2422 3133 3639 2550 3758 
2423 1198 2648 2980 3210 
2424 2753 3497 3422 3732 
2425 601 2616 2953 3177 
2426 601 2952 2616 3177 
2427 1181 1511 1031 2844 
2428 1771 3102 2587 3378 
2429 1537 3515 3214 3653 
2430 1869 2632 3516 3544 
2431 2710 3080 1239 3442 
2432 2037 2326 2665 3200 
2433 727 2957 2648 3210 
2434 1135 700 2889 3133 
2435 2507 2996 1517 3539 
2436 1967 2361 2666 3406 
2437 1239 3080 1238 3442 
2438 2391 2649 2907 3372 
2439 547 2716 3408 3655 
2440 2574 1659 3147 3278 
2441 938 937 2854 3225 
2442 623 3370 2623 3664 
2443 1771 2587 3102 3399 
2444 782 783 820 3626 
2445 2050 3519 2989 3522 
2446 2173 3046 2698 3260 
2447 881 2718 827 3274 
2448 1272 1324 3225 3635 
2449 1181 2702 1372 2844 
2450 1093 2650 3155 3686 
2451 1728 1718 3144 3543 
2452 2633 1987 3058 3468 
2453 2831 3051 2652 3460 
2454 1808 1857 2968 3770 
2455 2622 2882 2773 3076 
2456 2549 2921 1164 3012 
2457 812 3265 2756 3296 
2458 2305 3051 3255 3460 
2459 821 2836 869 3374 
2460 2613 1218 2924 3065 
2461 2900 3151 3141 3730 
2462 2587 3008 3378 3703 
2463 2782 3141 2900 3151 
2464 1239 2710 1238 3080 
2465 2743 3191 339 3492 
2466 2182 3218 2662 3453 
2467 1333 2880 2690 3601 
2468 1842 2740 1887 3288 
2469 2624 3422 3497 3732 
2470 2219 2340 2752 2968 
2471 2715 3206 2946 3335 
2472 1215 2542 2921 3573 
2473 938 3231 2683 3675 
2474 214 307 308 2744 
2475 1385 595 1391 3242 
2476 1483 2643 1117 3169 
2477 2904 3089 2043 3593 
2478 2692 3355 2775 3540 
2479 2226 2225 2710 2978 
2480 2123 2849 1727 3361 
2481 685 684 1126 3409 
2482 635 642 2896 3118 
2483 1076 1078 1077 2997 
2484 3042 3234 787 3377 
2485 2900 3141 2782 3730 
2486 1630 3338 2578 3401 
2487 1891 3083 1892 3128 
2488 1128 2865 2563 3232 
2489 2097 3277 1855 3380 
2490 2151 2817 1945 3422 
2491 1171 2843 2553 3477 
2492 1989 2109 1992 3355 
2493 2898 3171 2567 3261 
2494 1966 2037 2326 2665 
2495 2642 2966 2846 3403 
2496 2517 3052 1329 3347 
2497 306 441 2844 3360 
2498 2606 954 3026 3528 
2499 2606 3030 954 3528 
2500 576 3365 2523 3722 
2501 2611 2903 3210 3221 
2502 2638 2315 2848 3204 
2503 2641 3179 2127 3180 
2504 2528 2005 3247 3472 
2505 2784 3061 2406 3443 
2506 2243 2563 2851 3288 
2507 1845 2691 1879 3468 
2508 3141 3151 2149 3730 
2509 1439 499 416 3321 
2510 2756 2559 2974 3432 
2511 2277 3082 1777 3371 
2512 2013 3192 2807 3729 
2513 2095 2157 2816 2873 
2514 2095 2816 1935 2873 
2515 1693 1702 2818 2876 
2516 1692 2818 1702 2876 
2517 2083 2821 2371 2879 
2518 2083 1975 2821 2879 
2519 628 624 2757 2964 
2520 1228 2541 3017 3162 
2521 2659 3072 734 3302 
2522 2158 2916 1658 3508 
2523 2446 2398 2012 2800 
2524 2737 3278 1661 3458 
2525 972 2520 2905 3268 
2526 2612 3008 2310 3517 
2527 2571 2833 2756 3265 
2528 1819 3412 2929 3421 
2529 2624 3497 3262 3732 
2530 572 3039 221 3294 
2531 2750 3172 2639 3185 
2532 2169 1592 3499 3697 
2533 2574 672 3292 3474 
2534 1837 3151 1835 3489 
2535 1532 2636 2346 3220 
2536 1897 3305 2645 3534 
2537 3004 3131 2578 3734 
2538 2569 3319 1709 3433 
2539 2187 2861 2583 3362 
2540 1912 2868 2597 3363 
2541 2584 2896 653 3021 
2542 931 1115 894 3661 
2543 696 2843 1303 3108 
2544 655 2599 3291 3307 
2545 1448 2716 1052 3408 
2546 256 479 2880 3414 
2547 2314 2848 1851 3312 
2548 243 420 386 2791 
2549 2659 2853 710 3072 
2550 924 2951 2600 3263 
2551 2405 2018 3348 3615 
2552 2362 2898 2528 3247 
2553 1867 2664 2097 3380 
2554 841 863 906 2777 
2555 2480 3192 2013 3748 
2556 307 308 2744 3582 
2557 2517 2011 2846 3339 
2558 747 2756 812 3265 
2559 2601 3285 2770 3541 
2560 485 486 359 3410 
2561 1803 1764 3097 3702 
2562 2796 3369 2663 3761 
2563 2670 3490 1084 3495 
2564 2518 2512 3032 3645 
2565 2723 2770 2601 3285 
2566 1220 2998 1221 3340 
2567 1333 2690 982 3601 
2568 339 2743 340 3191 
2569 2541 2908 1014 3737 
2570 2604 3372 1618 3562 
2571 415 2744 2992 3351 
2572 1234 2532 2947 3072 
2573 2664 3341 2098 3688 
2574 2973 2643 3351 3718 
2575 1967 2666 2361 3457 
2576 1570 1567 2720 3122 
2577 1900 3403 1951 3404 
2578 2735 3048 1317 3773 
2579 2819 611 3123 3618 
2580 2927 3041 2825 3317 
2581 2241 2240 1961 2750 
2582 2750 3167 2577 3707 
2583 865 3223 2759 3441 
2584 1807 1770 1769 3532 
2585 2624 3262 3422 3732 
2586 427 2925 2699 3366 
2587 2533 3302 782 3626 
2588 2515 2993 2473 3215 
2589 677 3101 1159 3289 
2590 2520 2508 3067 3164 
2591 2854 3225 2683 3231 
2592 1027 1362 1365 2679 
2593 664 2853 2532 3072 
2594 422 2693 394 3191 
2595 1569 1568 1567 3014 
2596 2627 1235 3155 3293 
2597 2544 3313 2823 3755 
2598 2586 3196 2798 3506 
2599 2628 2878 1097 3561 
2600 628 2964 2757 3308 
2601 2619 3481 3221 3577 
2602 1561 3089 2672 3593 
2603 2637 2856 1995 3148 
2604 699 3110 2889 3754 
2605 1239 3359 2710 3442 
2606 2160 2983 2647 3092 
2607 1586 1583 2208 3523 
2608 641 3182 2599 3307 
2609 2651 3050 2373 3522 
2610 780 826 810 3431 
2611 820 3374 2533 3626 
2612 3083 3128 2762 3129 
2613 2273 3068 3385 3424 
2614 1770 3295 1769 3532 
2615 1173 3015 2647 3067 
2616 2020 2676 1562 3227 
2617 904 3136 2527 3669 
2618 985 2673 970 3518 
2619 1562 2676 2020 3491 
2620 2569 1324 2854 3265 
2621 2300 2975 2688 3314 
2622 2271 1932 2339 3427 
2623 1676 2546 1678 3084 
2624 921 3105 2663 3461 
2625 2194 3103 2684 3625 
2626 2663 2784 1953 3443 
2627 2462 2343 2655 3598 
2628 1290 815 3041 3725 
2629 2020 2676 3227 3491 
2630 987 1058 2763 3418 
2631 2787 3371 2275 3381 
2632 2704 3148 2535 3270 
2633 2568 3060 1634 3554 
2634 618 3056 2605 3777 
2635 380 1546 2402 3375 
2636 2822 2937 2935 3134 
2637 2589 2892 1017 3037 
2638 861 3163 2525 3296 
2639 1887 2740 1842 3673 
2640 2739 2623 3430 3630 
2641 2764 2991 2839 3426 
2642 412 2510 3222 3456 
2643 2638 2934 3225 3231 
2644 1231 3125 2727 3271 
2645 2728 3127 1934 3272 
2646 2771 3377 3042 3453 
2647 2662 3377 2771 3453 
2648 2647 1893 3197 3526 
2649 2626 3035 2733 3686 
2650 2651 2373 3050 3086 
2651 2578 3308 633 3576 
2652 2751 3065 2670 3490 
2653 1636 3060 3412 3554 
2654 529 411 2511 3736 
2655 3085 3352 2683 3675 
2656 1334 839 2776 3358 
2657 1231 2727 3267 3271 
2658 2702 3159 1181 3274 
2659 941 3373 778 3447 
2660 2846 3188 2642 3403 
2661 2710 3399 2955 3516 
2662 2173 2698 3046 3506 
2663 2703 2791 1314 3518 
2664 2571 2962 2833 3265 
2665 3180 3186 2767 3316 
2666 2762 3083 2527 3128 
2667 645 3004 2568 3734 
2668 2448 2024 2972 3487 
2669 1925 2934 2683 3643 
2670 2823 2937 2935 3160 
2671 1058 1055 987 2763 
2672 1838 2125 2268 2516 
2673 851 1281 1138 2516 
2674 2261 2959 2685 3439 
2675 2606 2087 3028 3120 
2676 1361 2612 3030 3121 
2677 592 3000 2617 3242 
2678 1934 3126 2728 3272 
2679 2536 2966 875 3052 
2680 1684 2897 2529 3036 
2681 1676 2546 3084 3762 
2682 637 2917 2604 3587 
2683 862 938 3438 3675 
2684 2508 3164 2520 3646 
2685 394 422 458 2693 
2686 1972 1957 1955 2673 
2687 968 970 985 2673 
2688 494 3375 2672 3584 
2689 1965 2012 2398 2677 
2690 2332 3078 1865 3107 
2691 2645 1853 3160 3313 
2692 1996 2637 3148 3233 
2693 2284 3203 1766 3424 
2694 2509 3161 3304 3583 
2695 1270 3037 2566 3407 
2696 1957 2673 1972 3208 
2697 1171 3134 2843 3477 
2698 1156 1346 1157 3525 
2699 1354 933 1353 3435 
2700 1183 3088 2584 3324 
2701 2011 2517 2471 3339 
2702 1348 2671 1371 3535 
2703 2762 2967 2527 3083 
2704 1551 3410 3187 3724 
2705 2639 2909 859 3172 
2706 2065 3207 2615 3733 
2707 2454 2162 2508 3164 
2708 1167 3136 2555 3772 
2709 1362 2679 1027 3533 
2710 2825 3041 790 3317 
2711 716 2957 2598 3727 
2712 317 3220 416 3321 
2713 2383 3205 2689 3430 
2714 1832 2575 2866 3485 
2715 2261 2936 2685 2959 
2716 1680 3115 2607 3333 
2717 781 2958 2684 3396 
2718 2414 2521 2229 3387 
2719 2657 3385 3068 3424 
2720 2691 2198 3058 3355 
2721 1308 3431 2789 3501 
2722 1062 3016 1386 3555 
2723 2044 3519 2050 3522 
2724 2284 1766 1826 3424 
2725 2719 2797 2646 3230 
2726 2730 3130 1340 3308 
2727 2846 2966 2642 3188 
2728 1879 2691 2198 3058 
2729 2728 3126 1934 3310 
2730 1340 3130 2730 3311 
2731 1396 2689 1091 3293 
2732 837 2985 2566 3037 
2733 1840 3082 2531 3135 
2734 2807 2842 2679 3059 
2735 2013 2513 2447 3748 
2736 2168 3615 2845 3660 
2737 746 789 745 3537 
2738 2886 3175 3165 3579 
2739 2090 2929 2585 3421 
2740 673 3474 3425 3477 
2741 2679 2807 2014 3192 
2742 2703 3314 2956 3753 
2743 494 3040 2672 3375 
2744 1260 3268 2696 3450 
2745 1329 3052 2517 3428 
2746 2057 2619 2918 3256 
2747 2700 3515 3391 3653 
2748 2226 2710 2225 3399 
2749 2479 3688 2708 3695 
2750 568 1477 388 2768 
2751 2560 2968 2752 3137 
2752 1188 2567 3194 3556 
2753 2367 2787 2703 3314 
2754 1632 1731 2942 3554 
2755 1700 1701 3283 3512 
2756 2609 3530 2054 3751 
2757 2448 2024 2494 2972 
2758 1733 2927 2530 3371 
2759 1118 3027 2600 3177 
2760 3429 3469 3085 3675 
2761 2725 3047 1649 3565 
2762 2727 3125 1231 3322 
2763 2158 1660 2553 3458 
2764 1340 3131 2730 3308 
2765 1855 2829 3277 3770 
2766 1837 2808 2266 3427 
2767 491 3393 451 3471 
2768 2070 2982 3552 3699 
2769 1934 3127 2728 3310 
2770 2730 3131 1340 3311 
2771 2554 3107 2948 3270 
2772 2691 2908 892 3488 
2773 2798 3198 3046 3324 
2774 1231 3267 2727 3322 
2775 1396 1091 2689 3563 
2776 2619 3256 2057 3721 
2777 2770 3285 2723 3389 
2778 2016 2654 2487 3642 
2779 2558 2176 3102 3405 
2780 2522 3051 1866 3415 
2781 3038 3078 2713 3600 
2782 2691 3058 1879 3468 
2783 1290 815 790 3041 
2784 2668 3212 2466 3629 
2785 850 2701 848 3273 
2786 2545 2813 2863 3111 
2787 2814 2862 2543 3109 
2788 2621 2873 2819 3117 
2789 2617 2820 2878 3120 
2790 2544 795 3223 3586 
2791 532 248 2925 3332 
2792 1862 2536 2846 3188 
2793 2677 3476 978 3614 
2794 2532 2853 664 3364 
2795 1646 3196 2586 3506 
2796 1038 2748 1040 2760 
2797 1724 2261 2936 3378 
2798 1475 1356 3464 3501 
2799 767 2548 3095 3444 
2800 2544 2823 2858 3106 
2801 3015 3092 2983 3724 
2802 2271 2590 2900 3151 
2803 2124 2849 2641 3180 
2804 1720 2818 3692 3765 
2805 825 3070 2632 3080 
2806 1932 1837 2266 3427 
2807 2748 2760 2682 3404 
2808 2846 2966 2682 3403 
2809 2713 3078 3038 3527 
2810 2859 3508 1683 3650 
2811 556 2713 371 3492 
2812 2763 3365 2676 3744 
2813 2452 2635 2031 3349 
2814 968 2673 985 3281 
2815 921 966 965 2663 
2816 1175 2508 3067 3693 
2817 1311 2688 1313 3367 
2818 1493 3053 2513 3749 
2819 1111 3217 2664 3280 
2820 3211 3437 2761 3550 
2821 570 416 251 3321 
2822 2462 2655 2343 3382 
2823 1610 2381 1614 3430 
2824 1764 2652 2888 3051 
2825 1897 2645 2994 3313 
2826 1635 3060 3667 3690 
2827 1156 2895 2594 3306 
2828 2513 3053 1493 3224 
2829 1501 1469 1434 3201 
2830 2470 2103 3351 3459 
2831 1291 2884 3001 3725 
2832 1281 3031 2516 3633 
2833 2854 2934 2683 3225 
2834 1591 2650 2886 3175 
2835 1178 942 2939 3015 
2836 415 2992 312 3351 
2837 2782 2900 2598 3116 
2838 1546 380 282 3375 
2839 1196 2644 3009 3274 
2840 2522 2994 3051 3415 
2841 2193 2586 3424 3506 
2842 2501 2681 2320 3353 
2843 1116 2831 2643 3330 
2844 1172 1316 1319 3477 
2845 1175 3063 2508 3693 
2846 2535 3148 1809 3270 
2847 1323 3121 932 3323 
2848 427 3013 2699 3332 
2849 1783 1784 1753 3648 
2850 2691 3258 2198 3355 
2851 951 2579 2867 3026 
2852 1114 2871 2597 3027 
2853 990 2871 2606 3026 
2854 1682 2876 2607 3025 
2855 2606 2878 1100 3030 
2856 2851 2865 2571 3560 
2857 2550 1690 3023 3512 
2858 2284 2657 3203 3424 
2859 2734 3340 2981 3473 
2860 932 3121 2724 3323 
2861 2639 974 3326 3641 
2862 1298 2544 2858 3689 
2863 1002 3049 2669 3488 
2864 2233 2232 3255 3415 
2865 978 2794 3163 3614 
2866 2017 3379 2335 3617 
2867 1840 2809 1886 3617 
2868 3078 3457 2713 3600 
2869 2823 3160 1853 3313 
2870 2369 2626 3498 3663 
2871 1428 3294 342 3609 
2872 2305 2652 3051 3460 
2873 936 2723 3113 3671 
2874 3010 3018 2936 3446 
2875 1159 895 2881 3101 
2876 1327 2905 2638 3231 
2877 822 2979 2535 3572 
2878 2552 2937 1319 3134 
2879 2545 2765 2674 3181 
2880 2627 2894 946 3293 
2881 1747 2347 3261 3451 
2882 2265 2764 2363 3386 
2883 819 856 855 3434 
2884 2780 2897 2564 3130 
2885 1040 2760 2717 3471 
2886 1680 3025 2607 3115 
2887 1977 2606 3028 3114 
2888 2123 1727 2186 3361 
2889 2208 3436 2841 3523 
2890 1867 3341 2664 3380 
2891 2151 3252 2549 3413 
2892 2530 1733 3036 3616 
2893 2558 3059 2176 3405 
2894 1483 2992 2643 3169 
2895 932 2724 3121 3612 
2896 1811 2225 2955 3399 
2897 1323 3104 2612 3323 
2898 935 2557 3134 3334 
2899 2090 3421 2585 3575 
2900 2698 3046 2798 3198 
2901 1768 3103 2194 3625 
2902 2649 1404 3182 3587 
2903 2660 3469 3429 3675 
2904 435 331 330 3287 
2905 2320 2501 2033 2681 
2906 570 1044 1465 3224 
2907 2616 3142 1588 3579 
2908 1175 2508 3063 3067 
2909 2574 2814 2929 3496 
2910 3165 3175 2981 3579 
2911 800 778 779 3064 
2912 1246 3299 2522 3330 
2913 1751 2244 3176 3682 
2914 1621 1637 1619 2834 
2915 1620 1616 1619 2834 
2916 2473 3238 2515 3673 
2917 2014 2349 1991 2807 
2918 1488 2977 237 3354 
2919 2731 3342 3140 3591 
2920 1094 1121 2855 2933 
2921 977 2653 3178 3266 
2922 799 2535 2860 3572 
2923 2113 3084 2545 3762 
2924 416 3220 501 3321 
2925 2713 3457 3200 3465 
2926 2655 3013 2343 3382 
2927 2671 3226 2926 3322 
2928 373 2475 2409 2797 
2929 2515 2996 2507 3238 
2930 1336 3444 1109 3497 
2931 3055 3370 623 3563 
2932 1115 2831 817 2940 
2933 2649 756 3065 3182 
2934 2120 3214 2700 3653 
2935 2143 3383 2950 3709 
2936 2704 3101 2554 3572 
2937 2155 2935 2642 3160 
2938 2311 2569 3248 3319 
2939 2471 3275 2517 3423 
2940 2629 2855 923 3612 
2941 1001 1326 3533 3696 
2942 1458 2672 574 3722 
2943 2687 3105 2763 3418 
2944 1242 2521 1474 3603 
2945 2648 3091 1714 3249 
2946 1758 3047 2582 3385 
2947 1652 2862 2532 3137 
2948 1363 2864 2528 3139 
2949 2563 2865 1128 3139 
2950 1588 2616 2872 3142 
2951 1583 2877 2620 3142 
2952 1925 2683 2118 3643 
2953 444 464 2676 3491 
2954 2533 2961 820 3597 
2955 528 1481 3184 3190 
2956 2844 3159 2509 3583 
2957 2229 2414 2461 2521 
2958 2675 3299 1248 3327 
2959 1372 1441 2844 3360 
2960 2209 2210 1709 3319 
2961 962 2881 2551 3138 
2962 1037 2693 1461 3356 
2963 1481 1146 1144 3184 
2964 2480 2013 2447 3748 
2965 1879 1845 2198 2691 
2966 2525 2854 813 3265 
2967 1248 3299 3264 3327 
2968 2634 2885 582 3143 
2969 2634 1568 3014 3700 
2970 1429 2880 1514 3414 
2971 764 2865 2571 3315 
2972 2463 1551 3187 3724 
2973 2699 3172 2750 3185 
2974 2209 3046 2572 3547 
2975 1333 1453 2690 2880 
2976 1314 1312 2791 2956 
2977 1952 2396 1953 2978 
2978 1783 2548 3094 3648 
2979 2599 3087 1628 3631 
2980 1243 1239 1238 3442 
2981 2561 652 3138 3551 
2982 1687 2550 3023 3206 
2983 1382 1219 2981 3529 
2984 725 3446 2547 3592 
2985 2774 2835 2611 2997 
2986 1266 2637 3217 3769 
2987 2535 2704 2979 3148 
2988 2596 3103 2195 3658 
2989 1082 1218 3445 3608 
2990 1699 3235 2659 3728 
2991 817 2940 2652 3071 
2992 2596 3007 2195 3103 
2993 2655 3229 1475 3501 
2994 1880 3422 2624 3654 
2995 2656 3061 2458 3227 
2996 1408 1486 1193 3657 
2997 870 869 821 2836 
2998 1234 3072 2947 3435 
2999 2346 2228 2890 2963 
3000 2510 3184 1487 3545 
3001 342 3294 483 3695 
3002 1528 2454 2490 3287 
3003 1479 3189 2668 3510 
3004 1282 2769 3520 3551 
3005 2709 2831 3236 3661 
3006 777 2652 3336 3586 
3007 2547 3553 725 3592 
3008 2636 2963 2890 3345 
3009 2543 3508 2859 3650 
3010 2054 2918 2986 3751 
3011 1116 2643 1483 3330 
3012 3098 3542 823 3763 
3013 1396 2689 3293 3563 
3014 450 3303 2646 3509 
3015 2291 2816 2283 3687 
3016 1760 3090 2582 3103 
3017 2574 670 3140 3292 
3018 1861 2928 2536 3188 
3019 2566 3037 2731 3407 
3020 2104 2470 2973 3459 
3021 1011 3211 2653 3550 
3022 2209 3046 2172 3260 
3023 758 2542 3071 3124 
3024 1039 1202 2748 3467 
3025 1983 2785 2146 3667 
3026 1965 2943 2677 3390 
3027 2516 3180 2767 3316 
3028 2818 2876 2598 3730 
3029 640 2779 3182 3587 
3030 1743 2649 3066 3087 
3031 729 2990 2824 3411 
3032 881 827 867 3274 
3033 2300 2975 2491 3416 
3034 2634 3143 581 3418 
3035 1891 3083 2527 3627 
3036 2842 3696 788 3771 
3037 2630 3086 2200 3149 
3038 2752 2532 3072 3137 
3039 2210 2209 2172 3260 
3040 2097 3277 2664 3688 
3041 2649 2917 1404 3587 
3042 629 3308 2757 3576 
3043 2611 2997 2835 3221 
3044 1362 2842 2679 3533 
3045 243 386 1457 2791 
3046 1353 1234 2947 3435 
3047 2555 3183 969 3772 
3048 2312 3094 2658 3648 
3049 1714 3091 2648 3144 
3050 1747 3261 2899 3451 
3051 2673 1972 3208 3580 
3052 2675 3264 3299 3327 
3053 2509 2844 2702 3159 
3054 2548 2857 2753 3045 
3055 851 2516 1138 3316 
3056 579 3079 2523 3143 
3057 2770 3033 2892 3463 
3058 1014 2908 2541 3153 
3059 2631 3555 587 3619 
3060 1983 3245 2785 3667 
3061 3217 3280 1111 3294 
3062 2534 2927 1778 3135 
3063 1956 2555 3129 3386 
3064 2364 3107 2526 3406 
3065 2754 3153 1227 3162 
3066 966 2663 921 3546 
3067 2198 2691 1845 3258 
3068 2512 3031 2518 3032 
3069 2210 1709 3319 3433 
3070 550 1041 2700 3174 
3071 1996 2637 3233 3341 
3072 2651 2885 2720 2960 
3073 1719 3145 2574 3147 
3074 741 3253 2591 3717 
3075 970 2673 968 3772 
3076 2366 2367 2787 3208 
3077 858 2691 892 3488 
3078 2886 2650 3165 3175 
3079 2982 2733 3552 3699 
3080 1144 1146 1145 2506 
3081 827 803 867 3042 
3082 2661 3094 2096 3732 
3083 3425 3474 2553 3477 
3084 1749 2185 2786 3284 
3085 1346 2594 3213 3525 
3086 1116 1117 2643 3236 
3087 1355 3211 1010 3437 
3088 1570 1569 1567 3122 
3089 1930 2738 3092 3202 
3090 2680 3542 3098 3763 
3091 1955 2673 1957 3129 
3092 952 2579 3026 3528 
3093 1015 3030 2612 3528 
3094 2562 3064 2939 3419 
3095 934 3033 2589 3591 
3096 1303 2843 1127 3108 
3097 893 958 1212 3573 
3098 2194 3007 2684 3103 
3099 2541 1227 3153 3162 
3100 2556 2769 2721 3551 
3101 2641 2148 3309 3764 
3102 2713 3527 3038 3600 
3103 2396 1953 3369 3761 
3104 1883 2840 2357 3708 
3105 2268 2516 2125 3032 
3106 1281 1138 2516 3031 
3107 2535 3078 1865 3148 
3108 2685 3378 3323 3703 
3109 2487 2654 3549 3642 
3110 339 432 340 2743 
3111 285 1498 1509 2790 
3112 256 560 311 3414 
3113 2520 3067 3044 3268 
3114 2627 3123 1124 3618 
3115 1448 2716 547 3655 
3116 643 3004 2578 3576 
3117 2161 2463 3187 3724 
3118 2575 1191 2892 3502 
3119 2664 3277 2097 3380 
3120 1465 2635 1044 3585 
3121 1363 3209 2864 3556 
3122 740 729 2824 3411 
3123 800 941 778 3447 
3124 1624 1618 3372 3562 
3125 2405 3161 2509 3593 
3126 782 3302 2533 3597 
3127 614 2621 2894 3618 
3128 2919 3218 2135 3453 
3129 485 486 2667 3610 
3130 1756 3500 2245 3541 
3131 2543 3496 1656 3650 
3132 696 1303 1127 3108 
3133 1943 2285 2303 3106 
3134 1993 2113 2177 3111 
3135 668 667 666 3109 
3136 615 613 948 3117 
3137 1577 1580 2084 3120 
3138 885 3228 811 3300 
3139 2543 2916 1656 3496 
3140 2538 2858 1299 3425 
3141 2096 2847 2661 3511 
3142 2516 3031 2767 3384 
3143 2128 2474 2130 3588 
3144 1970 2686 2029 3662 
3145 2553 2552 3106 3477 
3146 1350 1248 2675 3441 
3147 2279 2597 3362 3478 
3148 2200 3086 2630 3337 
3149 1076 2997 2694 3529 
3150 2228 2227 2345 3399 
3151 2671 2840 3226 3322 
3152 2405 2509 3348 3593 
3153 1524 269 2800 3454 
3154 1869 2970 2632 3544 
3155 853 2825 792 3267 
3156 792 2825 791 3267 
3157 1732 2530 3036 3381 
3158 1079 2615 2924 3495 
3159 423 2672 2938 3584 
3160 1589 2886 2616 3579 
3161 709 723 721 2962 
3162 1729 3062 2591 3543 
3163 946 2894 2627 3618 
3164 1724 1748 2261 3378 
3165 2285 3043 2544 3755 
3166 634 2964 2564 3194 
3167 1790 3149 2644 3453 
3168 2207 1586 2208 2841 
3169 1880 3097 2624 3422 
3170 988 2629 3121 3397 
3171 947 3138 2728 3311 
3172 2114 3508 2557 3620 
3173 1880 2199 3422 3654 
3174 1053 2668 1479 3538 
3175 904 905 2762 3136 
3176 1854 2644 3149 3605 
3177 2343 3350 2655 3598 
3178 2226 2710 2963 2978 
3179 1928 3202 3092 3705 
3180 2610 2086 3028 3363 
3181 491 2941 2717 3471 
3182 1808 2829 2968 3532 
3183 2900 2149 3151 3730 
3184 1907 2687 3531 3700 
3185 2547 2959 1711 3759 
3186 2277 3082 3371 3738 
3187 1897 2994 2645 3305 
3188 2642 2935 2155 3188 
3189 2689 2078 3430 3466 
3190 849 848 850 2701 
3191 2772 2657 3385 3482 
3192 1658 2158 1660 3278 
3193 1218 3065 2613 3608 
3194 925 3027 2597 3263 
3195 1360 3194 2567 3306 
3196 1705 2764 2265 3381 
3197 1869 3516 1870 3544 
3198 2584 3002 1640 3029 
3199 2632 3070 2710 3080 
3200 2653 3266 977 3550 
3201 2821 2879 2628 3578 
3202 2513 3243 2447 3748 
3203 1985 2583 3112 3362 
3204 2597 3114 2101 3363 
3205 2556 2721 3289 3551 
3206 1562 2402 1546 3375 
3207 2584 2798 3046 3324 
3208 853 2884 2531 3226 
3209 1938 3112 2579 3478 
3210 924 2600 3027 3263 
3211 2250 1914 3575 3599 
3212 1817 2584 3046 3547 
3213 529 2511 2976 3736 
3214 1983 2146 2785 3245 
3215 3154 3552 2733 3699 
3216 2530 3381 2787 3537 
3217 2143 2950 2144 3709 
3218 1768 2196 2194 3103 
3219 848 945 3273 3776 
3220 2209 2572 3319 3547 
3221 1699 1664 2785 3235 
3222 2047 1568 1569 3700 
3223 2594 1157 3306 3525 
3224 1156 2594 2895 3213 
3225 642 2896 2603 3213 
3226 2689 2383 3154 3205 
3227 2452 2032 2031 3192 
3228 2527 901 3669 3745 
3229 2517 3275 2471 3339 
3230 290 3220 317 3387 
3231 2348 2879 2612 3517 
3232 2660 3352 2800 3454 
3233 2013 3192 2513 3748 
3234 1039 1293 1202 3467 
3235 2534 838 3271 3455 
3236 2562 2939 2726 3419 
3237 1311 1312 2956 3367 
3238 1144 2506 1145 3545 
3239 560 256 1429 3414 
3240 3032 3384 2456 3567 
3241 1883 1795 1841 2840 
3242 2357 1883 2007 2840 
3243 2456 2421 1558 3567 
3244 1838 2125 2516 3180 
3245 2449 2963 2636 3387 
3246 1084 2670 2924 3065 
3247 450 3039 2646 3303 
3248 2168 3304 2845 3615 
3249 1146 1147 2827 3190 
3250 2673 1957 3129 3386 
3251 2589 2892 2770 3033 
3252 246 398 399 3275 
3253 2923 3230 1885 3423 
3254 1109 2661 3095 3244 
3255 3072 3137 2947 3435 
3256 2643 3351 2103 3459 
3257 1333 1453 982 2690 
3258 2320 1969 2440 2690 
3259 2017 3379 2809 3549 
3260 1127 3108 2557 3334 
3261 271 456 363 3367 
3262 1018 1375 1364 2839 
3263 1364 1376 1167 2839 
3264 1275 3213 2603 3259 
3265 2703 3318 3208 3518 
3266 2692 2021 3258 3355 
3267 2701 3624 3273 3776 
3268 691 3493 2889 3639 
3269 1907 3531 2082 3700 
3270 479 428 2971 3414 
3271 1394 3370 623 3664 
3272 1786 3107 2535 3270 
3273 1978 3204 2934 3433 
3274 2141 2826 2307 3176 
3275 2638 3225 991 3231 
3276 2537 2836 2811 2968 
3277 2779 3088 2604 3587 
3278 2957 3077 2611 3210 
3279 325 3168 2800 3614 
3280 2671 2926 2840 3322 
3281 2945 3124 755 3689 
3282 1726 3020 2554 3270 
3283 2617 3119 594 3242 
3284 407 3241 2510 3456 
3285 1181 2844 1031 3159 
3286 367 368 2486 3515 
3287 1578 2052 3301 3632 
3288 2337 2994 2675 3415 
3289 2343 3013 2655 3638 
3290 1953 1952 2663 3443 
3291 2515 2967 2686 3215 
3292 2738 3092 3015 3724 
3293 2025 1951 3170 3404 
3294 2673 3214 1972 3580 
3295 2620 2998 1221 3242 
3296 940 1319 2937 3134 
3297 2337 3415 2675 3582 
3298 1392 1393 2903 3210 
3299 1159 3101 2881 3289 
3300 1854 2644 3605 3621 
3301 1514 2880 2681 3414 
3302 2929 2944 2814 3140 
3303 2645 3160 2823 3313 
3304 2313 1991 2349 3606 
3305 1630 2891 3338 3401 
3306 1500 2911 2654 3356 
3307 2647 3164 1893 3526 
3308 2638 2683 2934 3231 
3309 1838 2849 2516 3276 
3310 2777 2939 841 3358 
3311 1475 1356 1036 3464 
3312 2656 2042 3443 3531 
3313 926 3199 2570 3437 
3314 2265 2363 2354 3386 
3315 2713 2665 3078 3527 
3316 1303 994 1127 2843 
3317 669 1303 696 2843 
3318 2133 2976 2506 3741 
3319 2909 3172 3167 3431 
3320 1380 2703 1314 3518 
3321 1910 2970 2629 3517 
3322 1765 3202 2562 3203 
3323 620 2815 624 3282 
3324 618 2815 620 3282 
3325 2681 2971 2033 3150 
3326 1642 3565 1628 3631 
3327 2063 3480 2999 3498 
3328 2369 3498 2368 3663 
3329 2070 3552 2982 3663 
3330 1124 3123 2627 3155 
3331 2537 2829 2747 3374 
3332 1935 2873 2608 3680 
3333 2746 2826 2712 3002 
3334 767 3045 2548 3444 
3335 1689 2946 2550 3206 
3336 864 972 863 2905 
3337 1932 2590 3151 3427 
3338 2659 3295 2752 3626 
3339 2685 3018 3378 3703 
3340 2562 3092 3202 3705 
3341 2690 2880 1453 2893 
3342 2393 2519 2989 3519 
3343 3057 3095 2548 3648 
3344 1820 2861 2539 3747 
3345 2664 3280 3217 3294 
3346 2143 3158 3383 3709 
3347 2767 3031 2512 3384 
3348 857 3057 2658 3095 
3349 854 897 3226 3322 
3350 2474 2510 3241 3456 
3351 2525 3163 861 3438 
3352 869 963 868 2747 
3353 2111 2931 2887 3699 
3354 2660 3594 3250 3675 
3355 2546 2857 2309 3206 
3356 2564 3261 1638 3395 
3357 2516 3032 2268 3276 
3358 1930 3092 1928 3202 
3359 2040 2668 2466 3629 
3360 1678 1676 2309 2546 
3361 968 3281 2762 3772 
3362 1982 2935 2155 3160 
3363 854 3226 2531 3322 
3364 2656 2920 1471 3239 
3365 1343 1344 2767 3346 
3366 1756 1792 2245 3500 
3367 1293 3054 1202 3467 
3368 2696 2902 1260 3450 
3369 1079 3328 2615 3495 
3370 2080 2982 2650 3175 
3371 2539 3111 1763 3747 
3372 2661 3244 1109 3497 
3373 2699 3185 2750 3638 
3374 1858 3590 1857 3770 
3375 764 2571 2865 3560 
3376 1060 2933 2634 3418 
3377 2672 3584 1561 3593 
3378 2717 3054 1040 3471 
3379 2532 3235 3137 3728 
3380 1830 2565 3513 3557 
3381 1717 3144 2648 3284 
3382 1840 2809 3082 3642 
3383 3189 3212 2697 3566 
3384 2492 2501 1547 2971 
3385 1064 1066 2850 3290 
3386 2933 3122 2821 3619 
3387 3072 3235 2532 3728 
3388 2969 3007 1984 3333 
3389 2138 1885 2923 3230 
3390 2674 2765 2545 3409 
3391 2764 2839 2529 3247 
3392 873 872 874 3344 
3393 2655 3382 2462 3598 
3394 435 2508 3187 3693 
3395 1343 1501 1344 3346 
3396 234 355 1415 2920 
3397 1806 2851 2559 3288 
3398 2687 3156 1907 3531 
3399 2538 3425 1299 3683 
3400 1367 2678 1379 3183 
3401 1620 1619 2327 3401 
3402 648 1283 1282 3289 
3403 2070 3552 3154 3699 
3404 2300 2688 2298 3314 
3405 1224 1227 2754 3153 
3406 1171 994 2843 3134 
3407 2012 2943 1958 3352 
3408 2409 265 373 2797 
3409 1573 2631 3269 3578 
3410 2682 3403 2966 3521 
3411 741 2980 2990 3717 
3412 2499 3459 2973 3726 
3413 2981 3165 2616 3473 
3414 2570 3199 926 3228 
3415 1765 3203 2562 3705 
3416 1979 3132 2589 3599 
3417 2618 2987 1400 3388 
3418 1965 2677 2398 3390 
3419 2665 3078 2535 3148 
3420 2551 3310 2365 3708 
3421 3034 3117 1304 3714 
3422 2340 3137 2560 3676 
3423 2094 2816 1818 3146 
3424 2646 3303 2502 3509 
3425 1359 2636 1462 3321 
3426 623 3055 3259 3664 
3427 2649 3065 1403 3219 
3428 2311 3248 2833 3319 
3429 814 787 3234 3377 
3430 2656 3227 2042 3531 
3431 2705 2850 2651 3016 
3432 3046 3198 2698 3324 
3433 1516 3594 1132 3675 
3434 2694 2997 2615 3035 
3435 1933 3205 2931 3699 
3436 1386 3555 3016 3719 
3437 1071 1392 1393 2903 
3438 2677 2800 2794 2943 
3439 712 3101 2659 3302 
3440 2636 2890 2346 3220 
3441 629 633 3308 3576 
3442 1857 3590 2537 3770 
3443 985 3281 2673 3518 
3444 1342 3113 2592 3671 
3445 453 237 2977 3354 
3446 221 467 2745 3039 
3447 2111 1933 2931 3699 
3448 1487 1143 2510 3545 
3449 2477 2744 2234 3582 
3450 1952 2663 3156 3516 
3451 741 2591 2980 3717 
3452 2009 3150 2692 3258 
3453 2620 2877 1583 3523 
3454 2562 2726 3064 3419 
3455 2659 3302 3295 3626 
3456 2053 2986 2705 3337 
3457 1368 3138 947 3311 
3458 851 3003 2516 3316 
3459 2658 3150 1902 3648 
3460 1397 3077 2997 3328 
3461 1258 3463 2601 3735 
3462 2100 3230 2646 3509 
3463 1448 547 2716 3408 
3464 2931 3205 2627 3699 
3465 1723 1736 2936 3681 
3466 1742 3096 2542 3252 
3467 1017 3037 992 3591 
3468 1479 2668 1053 3510 
3469 2011 2846 2318 3423 
3470 2379 3249 2611 3256 
3471 623 2623 3055 3664 
3472 2044 2720 3519 3522 
3473 1751 3176 3674 3682 
3474 2989 3519 2720 3522 
3475 2009 2692 2021 3258 
3476 2885 2960 2651 3555 
3477 1742 3252 2542 3702 
3478 2571 3674 3176 3682 
3479 983 2686 2967 3581 
3480 2086 3363 2610 3652 
3481 1070 3221 2903 3481 
3482 2885 3122 2933 3619 
3483 2541 2988 2001 3670 
3484 1200 3110 3024 3712 
3485 2100 2646 2502 3509 
3486 2563 2810 2729 3669 
3487 3016 3555 2651 3719 
3488 2132 2133 3668 3741 
3489 2221 3137 2532 3235 
3490 2595 2942 2707 3011 
3491 2379 3256 2611 3765 
3492 2520 2848 2777 2905 
3493 2632 3070 825 3612 
3494 463 3166 2521 3387 
3495 532 1449 2699 2925 
3496 1242 3166 2521 3603 
3497 2548 2857 3045 3335 
3498 2201 3160 2642 3403 
3499 2482 3457 3329 3465 
3500 2753 3094 2548 3444 
3501 1679 3115 2596 3658 
3502 1175 3067 1467 3693 
3503 807 3267 2534 3271 
3504 454 273 2910 3243 
3505 1449 532 2699 3332 
3506 2212 2151 1945 3422 
3507 2643 2992 1483 3330 
3508 407 3184 2510 3241 
3509 293 3184 2506 3190 
3510 2054 2986 2609 3751 
3511 1625 2907 1627 3196 
3512 741 2990 731 3717 
3513 2587 2955 1772 3398 
3514 2298 3093 2688 3416 
3515 221 342 1428 3294 
3516 2309 1678 2546 3206 
3517 725 737 3010 3446 
3518 453 2977 2797 3354 
3519 2547 3010 725 3553 
3520 730 2980 2648 2990 
3521 848 2701 849 3624 
3522 2540 3126 1999 3272 
3523 2515 2507 2996 3237 
3524 1937 2959 2579 3759 
3525 1776 3371 2530 3381 
3526 2050 2989 2651 3522 
3527 2454 3164 2508 3287 
3528 2369 3175 2626 3663 
3529 2662 3062 2147 3453 
3530 2530 2927 1733 3616 
3531 2624 3097 1880 3654 
3532 2739 3430 1741 3630 
3533 2945 2538 3683 3756 
3534 1243 3359 1239 3442 
3535 2611 3249 2379 3765 
3536 1027 2679 1365 3585 
3537 2829 3277 2664 3380 
3538 885 2570 3228 3300 
3539 741 742 3253 3717 
3540 1818 3146 2593 3677 
3541 2759 3223 2645 3441 
3542 2945 3096 2538 3756 
3543 2556 3667 3060 3690 
3544 2512 3031 3201 3622 
3545 2369 2626 3175 3498 
3546 2133 2506 2976 3589 
3547 2511 3736 3660 3741 
3548 1804 3097 2652 3460 
3549 2733 3155 1083 3293 
3550 2545 2863 1126 3286 
3551 2071 2670 3066 3207 
3552 1627 3196 2599 3565 
3553 2595 3195 1252 3611 
3554 584 587 3555 3619 
3555 2231 2305 3051 3255 
3556 2896 3029 2584 3088 
3557 2939 3015 942 3447 
3558 2720 2960 2885 3665 
3559 1765 2772 3202 3203 
3560 2981 3165 2650 3175 
3561 726 715 2957 3077 
3562 2133 2506 3589 3668 
3563 579 2523 3079 3722 
3564 2603 3118 630 3259 
3565 2515 3215 2473 3673 
3566 929 2624 3497 3661 
3567 2631 2821 3122 3619 
3568 1093 2981 2650 3686 
3569 293 3190 2506 3589 
3570 2685 2936 3018 3446 
3571 2705 3086 2376 3337 
3572 2960 3555 1063 3719 
3573 1084 2924 2670 3495 
3574 430 2636 3166 3387 
3575 307 2477 2408 3582 
3576 2699 3366 2436 3638 
3577 2154 3128 2555 3536 
3578 1602 3640 2621 3680 
3579 2798 3046 2698 3506 
3580 745 2991 2530 3537 
3581 2561 3138 1368 3311 
3582 883 825 882 3461 
3583 3301 3632 2052 3750 
3584 1241 1462 3345 3359 
3585 2910 3243 273 3503 
3586 2689 1091 3293 3608 
3587 2598 706 3116 3479 
3588 2531 3267 808 3322 
3589 1741 3430 1610 3630 
3590 840 2984 2777 3358 
3591 1688 2309 2857 3206 
3592 2957 3077 715 3479 
3593 2609 2903 1069 3320 
3594 1602 1603 2930 3640 
3595 1298 759 795 3586 
3596 479 2880 2681 3353 
3597 1621 2899 2834 3628 
3598 773 2958 2582 3704 
3599 952 3104 2579 3528 
3600 1015 2612 3104 3528 
3601 2640 3371 3082 3738 
3602 1196 3009 2644 3377 
3603 1374 2666 3449 3600 
3604 837 2985 3037 3502 
3605 2337 2235 3415 3582 
3606 329 2745 260 3303 
3607 368 367 487 3515 
3608 1471 2920 2656 3494 
3609 2578 3131 633 3308 
3610 448 2844 441 2845 
3611 1722 1712 3283 3681 
3612 2843 2954 2553 3134 
3613 1596 1597 3076 3685 
3614 2551 3127 2360 3310 
3615 1285 3131 2561 3311 
3616 1974 1907 3156 3531 
3617 2298 2688 2300 3416 
3618 2538 3106 2858 3477 
3619 813 2854 2525 3438 
3620 2562 3064 2726 3203 
3621 1500 3356 2654 3368 
3622 1758 2582 3047 3103 
3623 1248 3299 2675 3441 
3624 910 3054 2645 3441 
3625 1907 3544 2687 3700 
3626 1880 2817 3097 3422 
3627 2502 2646 2100 3303 
3628 3044 3067 2508 3693 
3629 3008 3323 2685 3378 
3630 723 2756 747 3265 
3631 2047 2634 2922 3700 
3632 394 458 288 3356 
3633 2651 3050 2705 3086 
3634 1514 2681 2880 3601 
3635 2228 2346 2449 2963 
3636 616 3056 2621 3376 
3637 2811 3108 2928 3676 
3638 2040 2806 2668 3240 
3639 960 3139 959 3669 
3640 2752 3295 2533 3626 
3641 1294 672 732 3407 
3642 2734 2841 2620 3142 
3643 956 2858 1298 3223 
3644 2575 2863 1190 3502 
3645 2274 2540 3272 3395 
3646 879 2759 3336 3441 
3647 2772 3064 2657 3482 
3648 2487 3549 2015 3642 
3649 1341 2592 3173 3671 
3650 2002 3439 2612 3559 
3651 1840 1886 2809 3642 
3652 2566 3254 1255 3407 
3653 440 2806 506 3538 
3654 2249 3076 2608 3757 
3655 2777 2905 2848 2984 
3656 2530 3371 2787 3381 
3657 2692 3157 1022 3564 
3658 2570 3568 1873 3746 
3659 2674 3683 3081 3756 
3660 2631 2850 587 3555 
3661 820 2961 2533 3374 
3662 476 2910 273 3503 
3663 2609 3320 1069 3773 
3664 2346 2636 1532 3387 
3665 1975 2629 2879 3517 
3666 1779 2927 1777 3082 
3667 1258 3033 2601 3463 
3668 1336 798 1109 3444 
3669 1356 1036 3464 3501 
3670 2588 2815 2757 3073 
3671 2708 2637 3233 3769 
3672 2624 3005 1212 3497 
3673 3150 3258 1902 3648 
3674 375 2437 2742 3100 
3675 705 2618 3388 3479 
3676 2033 2319 2320 2847 
3677 1813 2240 2750 3167 
3678 1509 2790 1416 3604 
3679 965 3080 2663 3442 
3680 2278 3642 3082 3738 
3681 3099 3400 2514 3726 
3682 2661 3094 2753 3444 
3683 1689 2550 2946 3512 
3684 2193 2586 3068 3424 
3685 454 273 476 2910 
3686 2573 2712 2826 3315 
3687 2335 3379 2358 3617 
3688 1952 2978 2663 3516 
3689 2768 2914 1339 3402 
3690 752 2554 2860 3571 
3691 967 904 2762 3581 
3692 2632 2955 2710 3070 
3693 2686 3486 2029 3662 
3694 2326 3233 2665 3504 
3695 2856 3341 2253 3380 
3696 2678 3426 1367 3537 
3697 2633 2842 2807 3606 
3698 2199 3262 3422 3654 
3699 371 372 436 2713 
3700 1822 2861 2565 3557 
3701 2606 2871 990 3558 
3702 1100 2878 2606 3558 
3703 2612 2879 2348 3559 
3704 2950 3383 2594 3709 
3705 1017 2892 1191 3037 
3706 1379 3183 2678 3318 
3707 1778 2927 2534 3616 
3708 2389 1743 3066 3087 
3709 329 467 260 2745 
3710 2629 3121 2724 3612 
3711 1133 2762 3281 3581 
3712 1191 3037 2892 3502 
3713 744 3004 3011 3715 
3714 2639 3172 974 3641 
3715 2537 2968 1857 3770 
3716 895 2881 2554 3571 
3717 2931 3123 2819 3685 
3718 2584 3021 830 3324 
3719 3007 3115 2224 3333 
3720 2252 2856 2253 3380 
3721 2337 2675 2994 3305 
3722 778 3064 2562 3373 
3723 2400 2436 3366 3638 
3724 2114 2859 2557 3508 
3725 2536 3052 873 3344 
3726 877 2966 2642 3521 
3727 1408 983 1042 3470 
3728 2523 2904 3089 3698 
3729 363 1496 271 3367 
3730 718 3074 2991 3774 
3731 943 2789 1280 3447 
3732 1374 3449 980 3600 
3733 2150 1639 3127 3475 
3734 2037 2326 3200 3504 
3735 943 1280 2789 3464 
3736 2831 3051 2522 3336 
3737 2760 3393 2717 3471 
3738 1513 1461 1037 2693 
3739 2630 829 3048 3701 
3740 1117 3169 2643 3236 
3741 1311 2688 2956 3001 
3742 741 2980 2591 3253 
3743 2236 3099 2514 3726 
3744 840 842 2777 2984 
3745 2652 3051 2831 3336 
3746 2614 2987 1399 3490 
3747 1164 3573 2549 3672 
3748 2681 2880 2690 3353 
3749 1299 2538 3683 3689 
3750 1762 3203 2657 3385 
3751 1299 2858 2538 3689 
3752 2789 3447 943 3464 
3753 1411 978 3476 3614 
3754 1820 3023 2861 3747 
3755 2810 3232 2559 3434 
3756 2645 3160 2280 3534 
3757 260 2745 467 3303 
3758 2512 3384 3032 3567 
3759 1348 3226 2671 3535 
3760 2162 2983 2508 3164 
3761 348 2668 3189 3212 
3762 3228 3396 3007 3649 
3763 2277 2278 3082 3738 
3764 2309 2546 1676 3413 
3765 1108 1304 3034 3117 
3766 587 2850 2932 3678 
3767 1214 2642 3467 3521 
3768 880 2961 2664 3217 
3769 3279 3288 1888 3627 
3770 687 2874 2614 3357 
3771 1451 3484 2515 3657 
3772 2328 2866 2592 3485 
3773 671 2843 3292 3474 
3774 2286 3043 1667 3756 
3775 2792 2670 3490 3607 
3776 1647 1648 2897 3261 
3777 1796 2898 1648 3261 
3778 2672 3089 2904 3593 
3779 2631 3050 1574 3269 
3780 2387 3025 3607 3692 
3781 1912 2597 2868 3362 
3782 2392 3348 1906 3519 
3783 2753 3005 3422 3497 
3784 740 3624 3411 3727 
3785 1467 3067 3044 3693 
3786 2639 3167 2909 3172 
3787 482 3609 342 3695 
3788 2598 2957 716 3479 
3789 2789 3373 1280 3447 
3790 1676 1678 1677 3084 
3791 1864 2642 3188 3403 
3792 592 2617 3000 3561 
3793 3024 3110 2583 3712 
3794 2484 3736 2134 3741 
3795 2524 887 2984 3483 
3796 2165 3092 2647 3197 
3797 1804 1803 1764 3097 
3798 2586 2776 2698 3198 
3799 1618 2604 2875 3372 
3800 1372 3009 1497 3360 
3801 1164 2921 2549 3573 
3802 2843 3134 2553 3477 
3803 1819 1655 2929 3496 
3804 866 3223 2645 3467 
3805 678 2896 2573 3021 
3806 2628 3030 3121 3397 
3807 840 3358 1334 3483 
3808 2529 2839 3209 3247 
3809 2522 1244 3330 3336 
3810 2651 3555 2960 3719 
3811 2682 3347 964 3521 
3812 1077 2997 2615 3328 
3813 1981 3508 2114 3620 
3814 3295 3302 2533 3626 
3815 803 2644 3042 3377 
3816 479 428 284 2971 
3817 2329 2592 2869 3389 
3818 2579 2870 1939 3478 
3819 684 2985 2545 3409 
3820 2981 3340 2734 3529 
3821 1183 3198 3088 3324 
3822 2666 3329 2361 3457 
3823 2346 1532 2449 3387 
3824 1913 2969 2570 3746 
3825 1486 3484 1451 3657 
3826 2378 2372 2695 3523 
3827 1633 1632 2891 3060 
3828 1313 2911 1496 3367 
3829 1061 3555 1386 3719 
3830 2632 2955 1812 3516 
3831 2526 2860 1377 3449 
3832 286 3170 2760 3393 
3833 1453 982 2690 3448 
3834 1450 277 3044 3450 
3835 2065 2615 2999 3733 
3836 2221 3137 3235 3728 
3837 2631 3122 2885 3619 
3838 2310 3008 2612 3439 
3839 1063 3555 1061 3719 
3840 1316 2858 2552 3477 
3841 2578 3338 2891 3401 
3842 1849 1925 2118 3643 
3843 2176 3059 2558 3681 
3844 2568 3004 645 3715 
3845 589 2628 2932 3397 
3846 339 432 2743 3492 
3847 2633 2908 2691 3488 
3848 2565 2868 1831 3513 
3849 1980 2869 2600 3514 
3850 2600 2872 2105 3514 
3851 593 2878 2617 3561 
3852 2277 3082 2278 3642 
3853 1439 545 499 3321 
3854 1684 2223 2897 3036 
3855 1728 3144 3284 3543 
3856 2537 1857 2968 3590 
3857 2621 2873 1602 3680 
3858 2057 2918 2619 3436 
3859 1235 1083 3155 3293 
3860 2749 2883 763 3307 
3861 1076 2694 2997 3577 
3862 1020 2926 2526 3449 
3863 1625 1626 1627 2907 
3864 2681 2847 2690 3601 
3865 2562 2939 800 3447 
3866 2594 3383 3158 3709 
3867 2792 3490 2987 3607 
3868 1405 2519 3079 3637 
3869 725 3010 2547 3446 
3870 2462 2343 3013 3382 
3871 1673 3505 3297 3607 
3872 2523 3365 2763 3744 
3873 2107 2988 2706 3283 
3874 824 1238 1239 2710 
3875 2744 3351 2234 3415 
3876 1462 2636 1359 3345 
3877 1143 3186 2767 3222 
3878 2217 1848 2943 2974 
3879 1228 3017 2541 3737 
3880 335 438 3161 3583 
3881 1218 3219 3065 3608 
3882 1807 2533 3380 3532 
3883 2057 3436 2619 3721 
3884 421 3212 3189 3566 
3885 2691 3488 858 3564 
3886 542 1443 301 3570 
3887 2570 3006 1873 3568 
3888 1668 1669 3081 3634 
3889 1366 1360 1188 3556 
3890 1776 2275 3371 3381 
3891 959 3139 2729 3669 
3892 2394 2742 3312 3646 
3893 2150 3127 2721 3475 
3894 2774 3692 2818 3765 
3895 1754 1752 2308 2857 
3896 1848 2943 2525 3643 
3897 3195 3421 3193 3644 
3898 638 636 1187 3088 
3899 1409 966 2796 3442 
3900 2685 3323 3018 3703 
3901 1443 2893 301 3570 
3902 1475 3229 2655 3464 
3903 1606 2739 1741 3630 
3904 2956 3001 2640 3725 
3905 2218 1839 1794 3310 
3906 2344 3568 3240 3629 
3907 1535 2234 2477 2744 
3908 1987 2988 2633 3606 
3909 1063 1061 1386 3719 
3910 2927 3082 2640 3371 
3911 577 2763 3365 3494 
3912 744 645 3004 3715 
3913 740 3411 2824 3727 
3914 360 491 279 3393 
3915 2643 2831 2709 3460 
3916 1260 1407 3268 3450 
3917 2125 3032 2516 3384 
3918 2173 3260 2698 3331 
3919 761 3018 2685 3323 
3920 1275 2783 3213 3259 
3921 2127 3179 2641 3309 
3922 301 322 542 3570 
3923 2999 3480 2694 3498 
3924 1753 2799 2215 3335 
3925 2814 3140 670 3292 
3926 2811 2560 3108 3676 
3927 1738 1809 2204 3270 
3928 1083 3155 2733 3686 
3929 2587 2724 3008 3703 
3930 1008 2979 2637 3402 
3931 2764 3036 2991 3381 
3932 1379 3318 2678 3537 
3933 1007 1164 3012 3672 
3934 1011 3178 2653 3211 
3935 739 751 752 3572 
3936 2307 3176 2826 3674 
3937 1673 1674 3505 3607 
3938 2507 3507 2996 3539 
3939 2676 3227 2763 3744 
3940 2679 3192 2890 3585 
3941 2654 2911 3093 3416 
3942 2679 3098 1365 3585 
3943 814 3377 3234 3760 
3944 2312 2319 1902 2847 
3945 1591 2886 2650 3499 
3946 2650 2887 1594 3499 
3947 485 2667 3410 3610 
3948 2889 3023 2539 3110 
3949 2833 3248 2569 3319 
3950 228 1523 3325 3695 
3951 2692 2021 3355 3540 
3952 2550 3023 2793 3512 
3953 1720 2294 2818 3765 
3954 1930 3092 2738 3724 
3955 2270 2146 2785 3667 
3956 2751 3307 656 3357 
3957 2517 2977 1484 3428 
3958 1263 3342 3140 3644 
3959 2314 2315 1851 2848 
3960 2677 3163 978 3476 
3961 1792 2803 3500 3757 
3962 810 2909 2577 3431 
3963 1812 1870 1869 3516 
3964 1059 3105 2656 3546 
3965 2633 2988 1987 3468 
3966 2682 3521 964 3604 
3967 1858 2923 3590 3770 
3968 1647 1638 1648 3261 
3969 1796 1648 2175 3261 
3970 768 936 2723 3246 
3971 1983 2721 2150 3245 
3972 677 2853 712 3101 
3973 2642 2966 3403 3521 
3974 3167 3172 2750 3431 
3975 1137 3316 3186 3706 
3976 2743 3329 3251 3457 
3977 1461 244 394 3191 
3978 3230 3277 2100 3303 
3979 2704 3101 738 3302 
3980 2575 2863 2813 3111 
3981 2576 2862 2814 3109 
3982 2819 2873 2608 3117 
3983 2628 2878 2820 3120 
3984 586 2932 587 3619 
3985 2462 2023 2343 3598 
3986 2114 2928 1922 3620 
3987 1532 3220 290 3387 
3988 2658 3095 3057 3648 
3989 775 3419 3064 3482 
3990 386 420 471 2741 
3991 2730 2834 2578 3401 
3992 621 624 2815 3716 
3993 2732 2601 3033 3500 
3994 2053 2705 2376 3337 
3995 2840 2671 3329 3406 
3996 2552 2858 2823 3106 
3997 2307 1696 3176 3674 
3998 1749 3284 2786 3530 
3999 1628 1627 1626 3087 
4000 1325 1332 3244 3601 
4001 2319 2847 2033 3150 
4002 3107 3406 2666 3449 
4003 2651 3016 2850 3555 
4004 3153 3283 2988 3670 
4005 2224 3007 2195 3115 
4006 2537 3590 2923 3770 
4007 3421 3575 3193 3644 
4008 1969 2440 2690 3511 
4009 892 858 891 2908 
4010 1143 2510 3186 3222 
4011 968 2673 3281 3772 
4012 2625 3632 3301 3750 
4013 1133 2762 968 3281 
4014 2270 1983 2146 3667 
4015 2693 3368 1513 3535 
4016 2229 2521 2963 3387 
4017 359 3187 1551 3410 
4018 2512 442 3346 3567 
4019 2620 2841 3436 3523 
4020 274 573 522 2938 
4021 1636 1634 3060 3554 
4022 849 2701 850 3440 
4023 2798 3088 2779 3198 
4024 1843 1888 3279 3288 
4025 2123 1834 1727 2849 
4026 973 2696 2905 3429 
4027 2049 2705 2376 3632 
4028 1036 1308 1280 2789 
4029 1439 416 570 3321 
4030 2638 2934 2683 3085 
4031 2726 3203 3064 3419 
4032 1133 550 2700 3281 
4033 481 3570 2893 3726 
4034 1064 1065 1066 3290 
4035 2656 3061 2784 3443 
4036 2683 3352 2118 3643 
4037 1420 1457 569 2791 
4038 2522 3336 2759 3441 
4039 2643 2709 3459 3460 
4040 1843 1888 3288 3627 
4041 486 2667 3063 3187 
4042 1218 1088 3219 3608 
4043 707 1299 2858 3425 
4044 1967 3078 2666 3457 
4045 285 525 1498 2790 
4046 2247 2696 2394 3100 
4047 1637 2327 1619 3395 
4048 1013 3311 947 3455 
4049 2622 2819 3123 3685 
4050 2673 3129 1955 3417 
4051 1749 2185 2380 2786 
4052 1360 2781 760 3194 
4053 951 2867 2912 3712 
4054 1509 562 285 2760 
4055 1673 2386 1674 3607 
4056 2688 3093 2911 3416 
4057 3064 3419 2657 3482 
4058 2445 1561 3584 3593 
4059 2561 3551 2769 3734 
4060 1645 2852 1652 2862 
4061 646 645 3520 3734 
4062 2041 3212 2697 3257 
4063 858 891 2908 3737 
4064 1351 1355 1010 3437 
4065 386 2741 471 3391 
4066 2374 2986 2053 3337 
4067 920 1121 1095 2855 
4068 2021 2692 2009 3540 
4069 2544 2858 2823 3223 
4070 978 3163 2677 3614 
4071 2522 3330 2744 3351 
4072 2638 3085 2905 3312 
4073 1022 3157 2692 3298 
4074 2633 2691 3058 3488 
4075 1038 1039 2748 3521 
4076 3247 3472 2005 3536 
4077 388 568 2768 2914 
4078 2547 3283 2936 3681 
4079 2440 3400 2690 3511 
4080 833 3022 3110 3754 
4081 1726 2146 1882 3245 
4082 612 610 609 3246 
4083 2856 2961 2637 3341 
4084 2550 3023 2889 3133 
4085 1380 3318 2703 3518 
4086 1682 2900 2876 3730 
4087 1614 2901 2875 3731 
4088 2960 3555 2885 3665 
4089 677 710 712 2853 
4090 1678 3084 2546 3747 
4091 1515 3684 3354 3766 
4092 469 2996 3507 3539 
4093 486 3063 2667 3610 
4094 2734 2981 2616 3473 
4095 1606 1741 1610 3630 
4096 1360 2781 3194 3306 
4097 2803 2601 3500 3757 
4098 781 810 2909 2958 
4099 2982 3552 2733 3663 
4100 2732 3033 2802 3500 
4101 2643 3255 2103 3351 
4102 2161 2463 1551 3187 
4103 2755 2852 2576 3364 
4104 659 638 1187 2779 
4105 661 651 660 2780 
4106 1360 1369 760 2781 
4107 1276 1277 1162 2782 
4108 2983 3015 2667 3063 
4109 2762 3281 2673 3772 
4110 2107 2706 1722 3283 
4111 2652 2888 3051 3586 
4112 2361 3329 2666 3406 
4113 707 3425 2858 3477 
4114 1295 879 3299 3441 
4115 1290 2825 853 2884 
4116 1031 1418 1032 3019 
4117 904 903 3136 3669 
4118 288 1461 394 3356 
4119 3140 3342 2585 3644 
4120 1835 1836 1837 3489 
4121 2701 3003 849 3624 
4122 1611 3073 3420 3710 
4123 2714 3004 2942 3011 
4124 872 870 2811 3344 
4125 1458 2938 2672 3019 
4126 2722 3115 3007 3333 
4127 547 3408 266 3655 
4128 948 1304 3117 3714 
4129 464 2920 2676 3491 
4130 336 232 1534 2806 
4131 2437 375 2742 3287 
4132 1812 2955 2970 3398 
4133 1729 1718 1728 3543 
4134 2815 3056 618 3376 
4135 2232 2234 3351 3415 
4136 348 3189 2668 3538 
4137 2847 3095 2661 3244 
4138 2507 2838 2181 3390 
4139 2171 3046 2798 3506 
4140 1839 1825 1794 3310 
4141 1537 367 3515 3653 
4142 919 1032 1405 3019 
4143 656 1125 641 2751 
4144 936 770 2723 3671 
4145 1103 3140 2944 3644 
4146 2961 3341 2856 3380 
4147 2023 3350 2343 3598 
4148 2714 2816 2595 2942 
4149 2515 3237 1451 3657 
4150 1953 1908 1952 3443 
4151 1095 2855 1121 3418 
4152 2640 2927 2825 3082 
4153 941 1280 3373 3447 
4154 2983 3187 2667 3724 
4155 2555 2839 2764 3536 
4156 2686 3083 2967 3581 
4157 2090 2250 1914 3575 
4158 2673 3208 1957 3386 
4159 2623 3259 3055 3664 
4160 270 2845 2428 3304 
4161 2036 3329 2482 3457 
4162 2169 3499 2882 3697 
4163 444 282 380 3375 
4164 617 2815 618 3376 
4165 2603 3029 2896 3118 
4166 2515 2996 1451 3237 
4167 1669 3181 3081 3634 
4168 1371 2671 3251 3535 
4169 634 632 650 3308 
4170 2846 3052 2923 3423 
4171 373 2475 2797 3275 
4172 2688 2975 2300 3416 
4173 1884 2358 3329 3617 
4174 2611 2957 2818 3077 
4175 2657 3203 2772 3385 
4176 2173 2172 3046 3260 
4177 1222 3524 2572 3635 
4178 725 724 3446 3592 
4179 2852 3109 2576 3364 
4180 814 3042 787 3377 
4181 1034 2692 1022 3564 
4182 2665 2914 2768 3402 
4183 1012 1013 947 3455 
4184 1652 1645 1651 2852 
4185 2243 2115 2244 2851 
4186 2530 2787 3041 3537 
4187 2686 2993 2515 3215 
4188 2452 2346 2890 3220 
4189 982 3244 2690 3448 
4190 2749 2883 2582 3482 
4191 2659 3020 1699 3728 
4192 935 3134 2822 3334 
4193 2543 2859 2843 3108 
4194 2690 2880 2681 3601 
4195 2048 2373 3050 3522 
4196 2686 3083 1970 3215 
4197 748 3232 2756 3560 
4198 2457 3400 3099 3726 
4199 2684 2909 2577 2958 
4200 1270 992 3037 3591 
4201 755 2921 2945 3636 
4202 1145 2827 1195 3760 
4203 2096 3511 2661 3732 
4204 2698 3198 2798 3506 
4205 2511 3009 2702 3360 
4206 3280 3303 3277 3766 
4207 917 1181 3159 3274 
4208 446 2646 3354 3509 
4209 2709 2940 2831 3661 
4210 978 2794 971 3163 
4211 2487 2654 2972 3549 
4212 3254 3636 681 3683 
4213 2367 2703 3208 3580 
4214 970 2673 3183 3518 
4215 2507 3390 2181 3507 
4216 452 2760 286 3170 
4217 820 783 3374 3626 
4218 2138 3230 2923 3770 
4219 2412 356 2993 3238 
4220 2717 2760 2748 3404 
4221 2608 2816 2803 3034 
4222 1116 2831 931 3236 
4223 2819 3123 2931 3618 
4224 1963 3216 1899 3489 
4225 2651 2850 2705 3050 
4226 1070 3481 1073 3577 
4227 1123 2944 1103 3140 
4228 3081 3458 1661 3756 
4229 1198 3210 2980 3320 
4230 2655 2789 2750 3501 
4231 2047 1572 2081 2922 
4232 2444 519 2975 3392 
4233 2665 1339 2914 3402 
4234 947 3311 2728 3455 
4235 2563 2865 2851 3560 
4236 938 937 862 2854 
4237 2053 2376 2705 3632 
4238 1005 2910 2669 3749 
4239 2054 3530 2375 3751 
4240 1513 3191 2693 3535 
4241 871 869 870 3569 
4242 1745 3043 2888 3702 
4243 3411 3624 2580 3727 
4244 2856 2979 2704 3148 
4245 2708 3233 2768 3769 
4246 2473 2412 2993 3238 
4247 677 1283 657 2853 
4248 478 2993 3238 3484 
4249 2151 1675 3252 3413 
4250 1535 2234 2744 3351 
4251 2609 2986 2918 3751 
4252 1169 2894 3056 3563 
4253 1122 1002 3394 3488 
4254 2363 2764 1707 3247 
4255 1639 1631 3401 3475 
4256 2666 2926 1374 3449 
4257 1194 3476 2507 3539 
4258 2327 3272 2272 3401 
4259 2794 2800 2660 3352 
4260 1011 1010 3211 3550 
4261 2041 3257 2697 3566 
4262 2882 3285 1755 3389 
4263 2536 2923 2846 3052 
4264 1076 2694 1074 3529 
4265 2210 2572 3260 3433 
4266 2506 3184 293 3589 
4267 407 302 3241 3456 
4268 2669 2910 1005 3394 
4269 3039 3303 3280 3766 
4270 1765 2772 2167 3202 
4271 575 3040 2676 3365 
4272 2803 3034 2816 3687 
4273 2522 3255 3330 3351 
4274 2672 3375 1561 3584 
4275 2377 2381 2795 3372 
4276 2479 2708 2254 3325 
4277 2392 1906 2393 3519 
4278 2696 3312 3085 3469 
4279 2103 3255 2643 3459 
4280 2775 3355 2021 3540 
4281 1398 1400 733 3328 
4282 2148 2124 2123 2849 
4283 2785 2881 2554 3101 
4284 826 780 1180 3373 
4285 1666 2826 2712 3674 
4286 2784 2796 2663 3761 
4287 655 1205 2749 3291 
4288 2671 2743 3251 3535 
4289 2009 2971 2692 3150 
4290 2406 2784 2481 3061 
4291 2812 3036 2991 3074 
4292 306 2844 1441 3360 
4293 2831 3330 1244 3336 
4294 2337 2675 3305 3582 
4295 1451 2996 2515 3484 
4296 2523 3698 3089 3744 
4297 738 2704 1217 3572 
4298 716 2824 2957 3727 
4299 2690 2893 1453 3448 
4300 2613 3066 2924 3767 
4301 887 840 1334 3483 
4302 1094 1121 923 2855 
4303 2463 3410 1551 3724 
4304 655 3291 2749 3307 
4305 2758 2974 2838 3390 
4306 2618 2818 2774 3692 
4307 1507 1461 288 3356 
4308 1474 2521 3442 3603 
4309 335 3161 2938 3583 
4310 2788 3244 944 3448 
4311 1307 1395 1397 3077 
4312 726 1307 715 3077 
4313 1599 1596 1597 3076 
4314 562 245 313 2760 
4315 2596 3007 2722 3115 
4316 2924 3066 2670 3767 
4317 2143 3158 2145 3383 
4318 2664 2829 2747 3277 
4319 2366 2367 2275 2787 
4320 849 2701 3440 3633 
4321 433 456 2975 3367 
4322 1047 2790 3347 3604 
4323 2861 3023 2539 3747 
4324 3091 3144 1714 3361 
4325 3216 3489 1963 3645 
4326 822 878 799 3572 
4327 2638 2905 2848 3312 
4328 3061 3227 2920 3491 
4329 2777 3067 2647 3526 
4330 1030 1513 3368 3535 
4331 718 719 2991 3074 
4332 2893 3570 2514 3726 
4333 2120 3653 2700 3662 
4334 2409 265 2797 3509 
4335 3051 3586 2888 3755 
4336 2640 3001 2884 3725 
4337 1458 3019 2672 3722 
4338 1579 1582 1581 3523 
4339 2591 2828 2736 3717 
4340 3069 3116 711 3720 
4341 2988 3153 2706 3283 
4342 2075 3066 2390 3466 
4343 1372 1149 1497 3009 
4344 2304 2374 3337 3530 
4345 1420 2791 2741 3518 
4346 2546 2715 3206 3639 
4347 791 2812 1210 3455 
4348 1970 3083 2686 3662 
4349 519 362 2975 3392 
4350 308 3264 2744 3582 
4351 2739 3205 1741 3430 
4352 2944 3421 3195 3644 
4353 973 2905 3231 3429 
4354 2920 3061 2656 3227 
4355 2881 3101 2785 3289 
4356 482 2708 3325 3609 
4357 1170 3376 3117 3716 
4358 1041 1133 2700 3581 
4359 1992 2669 3243 3729 
4360 1374 2926 2666 3251 
4361 2016 3093 2654 3642 
4362 2624 3422 3262 3654 
4363 562 2760 1509 3604 
4364 973 2696 1260 3268 
4365 2574 2929 2814 3140 
4366 1374 3251 2666 3600 
4367 2624 2817 3071 3573 
4368 2156 1741 2739 3205 
4369 1128 2865 3232 3560 
4370 2529 2991 2764 3036 
4371 3016 3048 829 3701 
4372 2158 1694 1660 3458 
4373 1852 2994 1866 3051 
4374 2773 2819 2608 3714 
4375 2724 2587 3008 3398 
4376 1405 3079 2960 3637 
4377 1855 3277 1950 3770 
4378 1819 2091 3412 3421 
4379 2697 3212 2041 3566 
4380 2747 2829 2664 3374 
4381 2079 2795 2391 3372 
4382 2753 3094 2661 3732 
4383 2343 2655 3350 3638 
4384 691 701 3493 3639 
4385 2919 3453 2183 3621 
4386 2701 3151 2782 3776 
4387 562 313 285 2760 
4388 2476 3230 2100 3509 
4389 2577 2909 2684 3625 
4390 1139 3186 1137 3316 
4391 1843 1842 1887 3288 
4392 2727 3135 2534 3310 
4393 2412 356 296 2993 
4394 2646 2797 2719 3684 
4395 2839 3247 2764 3536 
4396 914 3237 2758 3434 
4397 773 1209 771 3396 
4398 1153 649 2755 3364 
4399 2572 2962 2712 3021 
4400 2514 3448 3236 3570 
4401 2114 2928 2859 3676 
4402 1602 2873 2930 3677 
4403 1752 1688 2309 2857 
4404 1723 2176 1736 3681 
4405 418 285 452 3170 
4406 2703 3580 2367 3753 
4407 826 3373 2789 3431 
4408 585 2885 582 2933 
4409 1745 1742 1744 3043 
4410 2115 1751 2244 3176 
4411 2983 3092 2010 3724 
4412 3012 3286 689 3493 
4413 2674 3254 3081 3683 
4414 860 859 908 3300 
4415 245 562 1412 2760 
4416 2615 2999 2694 3035 
4417 2188 1822 2861 3362 
4418 1911 2868 1976 3363 
4419 2720 2885 2651 3522 
4420 2553 3134 2954 3477 
4421 2239 2238 3193 3687 
4422 2844 2845 2702 3360 
4423 2617 2878 2820 3561 
4424 2340 2968 1920 3676 
4425 2665 2914 1339 3527 
4426 2722 3649 3115 3720 
4427 768 1182 936 3246 
4428 1949 1983 2150 3245 
4429 1498 1416 1509 2790 
4430 268 2784 2481 3761 
4431 1370 1020 896 3322 
4432 1194 2758 3237 3476 
4433 1995 2253 2252 2856 
4434 2753 2661 3497 3732 
4435 2708 3233 2637 3341 
4436 1433 565 354 2996 
4437 3004 3011 2714 3611 
4438 1449 1413 532 3332 
4439 2025 1900 1951 3404 
4440 1222 3021 2572 3524 
4441 1401 1084 3490 3495 
4442 2800 3168 2677 3614 
4443 1870 3516 3156 3544 
4444 741 2980 730 2990 
4445 2682 964 3347 3604 
4446 1433 354 215 2996 
4447 944 3244 982 3448 
4448 1838 2849 2124 3180 
4449 1513 2693 1037 3368 
4450 2713 2743 3492 3600 
4451 2601 2770 2723 3463 
4452 1889 1947 2243 3279 
4453 2547 2706 3283 3681 
4454 2715 3017 765 3045 
4455 2433 1526 302 3241 
4456 849 3003 2701 3633 
4457 560 1429 1514 3414 
4458 1676 3084 1677 3762 
4459 2327 2730 3272 3401 
4460 1108 3117 3034 3452 
4461 2535 3038 2666 3078 
4462 1492 3217 3294 3609 
4463 1177 3044 1176 3268 
4464 2111 2887 2931 3685 
4465 482 3325 2708 3695 
4466 1444 277 514 3044 
4467 2587 3378 3018 3703 
4468 3312 3526 1850 3646 
4469 500 3369 447 3603 
4470 1940 1941 3114 3478 
4471 2717 3393 491 3471 
4472 2616 2981 2734 3579 
4473 2743 2671 3379 3535 
4474 1907 2082 3544 3700 
4475 1482 1194 1517 3539 
4476 2616 3165 2981 3579 
4477 1810 2345 2227 3405 
4478 2576 2929 3412 3421 
4479 3251 3492 2743 3600 
4480 2665 3038 2535 3078 
4481 2054 2986 2918 3750 
4482 458 2693 422 3487 
4483 1040 1039 1202 2748 
4484 575 3365 2676 3494 
4485 2215 2214 2946 3670 
4486 1169 2894 616 3056 
4487 741 730 731 2990 
4488 1660 3278 2553 3458 
4489 1484 2790 1047 2977 
4490 2614 3297 3505 3607 
4491 3081 3181 2674 3634 
4492 1065 591 3000 3678 
4493 2591 3284 3144 3543 
4494 2469 2181 3390 3507 
4495 2658 3258 3150 3648 
4496 2943 2974 2525 3163 
4497 109 528 293 3190 
4498 2574 2929 3140 3145 
4499 2891 3401 1631 3475 
4500 1352 2761 1279 3273 
4501 824 2710 1239 3152 
4502 2535 2666 3038 3449 
4503 684 1006 1126 3502 
4504 2537 2923 2719 3230 
4505 2889 3110 2539 3754 
4506 371 2713 436 3492 
4507 355 1454 1415 2920 
4508 2672 3040 574 3722 
4509 723 709 764 3560 
4510 2582 2772 3385 3482 
4511 349 1523 228 3695 
4512 869 963 2747 3569 
4513 2765 3252 1675 3413 
4514 2715 2546 3493 3639 
4515 2844 3304 438 3583 
4516 2292 2091 2707 3554 
4517 1149 1148 2827 3009 
4518 1169 3056 619 3563 
4519 2752 3137 3072 3435 
4520 2125 2516 3180 3384 
4521 2367 3314 2703 3753 
4522 2662 3218 2919 3453 
4523 2635 3053 1044 3585 
4524 1776 1780 2275 3381 
4525 3234 3377 2662 3760 
4526 2379 2786 3249 3256 
4527 2899 3261 2567 3451 
4528 1034 1022 2692 3298 
4529 2799 2548 3057 3737 
4530 466 3224 2635 3349 
4531 967 2762 1133 3581 
4532 2511 2827 3190 3741 
4533 1722 2706 2107 3681 
4534 1826 3424 2726 3647 
4535 2488 2456 3384 3567 
4536 1200 3133 3110 3712 
4537 1067 3290 2906 3773 
4538 998 1200 3024 3712 
4539 2236 2457 3099 3726 
4540 1518 1248 3264 3327 
4541 2223 2197 3126 3616 
4542 2640 2956 2787 3738 
4543 2420 2915 401 3507 
4544 1025 2794 978 3614 
4545 2824 2990 2736 3411 
4546 1467 1503 1175 3693 
4547 1134 2741 569 3391 
4548 2755 3412 3060 3554 
4549 1076 1074 2694 3577 
4550 2789 3431 2750 3501 
4551 2813 2863 2575 3502 
4552 1797 3625 3167 3707 
4553 2309 2857 2546 3413 
4554 1910 2922 2970 3544 
4555 2736 3361 2824 3411 
4556 467 483 221 2745 
4557 2740 2810 2559 3434 
4558 1050 2914 556 3527 
4559 2755 2852 2556 3060 
4560 525 503 543 2790 
4561 478 3238 465 3484 
4562 2378 2695 2372 3750 
4563 336 2806 1534 3623 
4564 2148 2849 2123 3764 
4565 2009 2971 2030 3540 
4566 1945 2817 1880 3422 
4567 2674 3181 2765 3634 
4568 2585 3342 2731 3599 
4569 2648 3091 2824 3144 
4570 2636 2963 3345 3359 
4571 1674 3025 3505 3607 
4572 2389 2112 1743 3087 
4573 2296 3204 1978 3433 
4574 1200 1119 3133 3712 
4575 2637 2961 2856 2979 
4576 2897 3036 2540 3074 
4577 1277 711 3069 3116 
4578 2646 3277 3303 3766 
4579 3157 3298 1022 3414 
4580 3091 2824 3144 3361 
4581 2889 3493 2546 3639 
4582 2224 1984 3007 3333 
4583 1433 2996 215 3539 
4584 1751 3176 1696 3674 
4585 2706 3606 2107 3681 
4586 1989 3058 3355 3729 
4587 979 3038 3402 3527 
4588 2756 3265 2525 3296 
4589 1290 955 1291 2884 
4590 1695 2712 1666 3547 
4591 2041 3212 3257 3629 
4592 1094 1060 1121 2933 
4593 1378 852 1373 3271 
4594 2000 2355 2272 3272 
4595 2584 3198 2798 3324 
4596 2688 3093 2298 3314 
4597 738 1217 751 3572 
4598 2559 2810 2740 3288 
4599 2673 3281 2762 3417 
4600 1622 1618 1623 3029 
4601 2106 2187 2122 3023 
4602 834 1190 845 3022 
4603 1201 925 1292 3024 
4604 1114 953 1292 3026 
4605 1099 989 1165 3027 
4606 1580 1581 2085 3028 
4607 1097 1384 1016 3030 
4608 1681 2387 1692 3025 
4609 2887 2931 2627 3699 
4610 3090 3103 1768 3625 
4611 2762 3128 2527 3136 
4612 454 273 3243 3748 
4613 482 228 3325 3695 
4614 2372 3301 2695 3523 
4615 1716 1714 3144 3361 
4616 2596 3007 3396 3649 
4617 1194 2758 914 3237 
4618 850 848 945 3273 
4619 1168 940 1319 2937 
4620 682 3254 2985 3636 
4621 2706 2547 3010 3681 
4622 2787 2956 2640 3725 
4623 701 2715 765 3493 
4624 2864 3306 1366 3556 
4625 1753 1784 2215 2799 
4626 3081 3683 2737 3756 
4627 2819 2873 2621 3680 
4628 2644 3453 2919 3621 
4629 1982 2306 2155 2935 
4630 2061 2062 3480 3721 
4631 1085 3035 1381 3686 
4632 2724 3121 2612 3323 
4633 399 2977 2790 3275 
4634 1866 2994 2282 3415 
4635 2646 3230 2100 3303 
4636 2856 2979 2961 3597 
4637 2679 2842 2807 3533 
4638 1718 2186 3144 3764 
4639 2870 2606 3114 3478 
4640 1901 2974 2217 3390 
4641 2144 2950 3451 3709 
4642 2138 2923 1858 3770 
4643 2380 1749 2786 3530 
4644 2680 3345 2963 3763 
4645 744 3004 1250 3011 
4646 500 2796 3369 3603 
4647 1406 1405 2960 3637 
4648 1138 3186 1139 3316 
4649 2787 3381 2678 3537 
4650 1504 1496 363 3367 
4651 1011 977 1010 3550 
4652 2935 2937 2552 3134 
4653 2173 3331 2698 3506 
4654 2674 2545 2985 3409 
4655 386 238 569 3391 
4656 1034 2995 2692 3564 
4657 1253 859 2909 3172 
4658 765 3017 766 3045 
4659 1885 3230 2139 3423 
4660 1954 1892 3083 3129 
4661 2702 2845 2511 3360 
4662 936 3113 999 3671 
4663 325 2800 233 3614 
4664 1143 3186 2510 3545 
4665 2086 3114 3028 3363 
4666 2776 3358 2524 3483 
4667 911 3031 3440 3622 
4668 1350 3054 2675 3327 
4669 2219 2340 2220 2752 
4670 2944 2707 3195 3421 
4671 2787 2530 3041 3371 
4672 1283 2853 677 3289 
4673 2669 3355 3058 3729 
4674 2700 3281 2762 3581 
4675 567 522 573 2938 
4676 2094 3146 2093 3338 
4677 2308 2212 1926 2753 
4678 1224 1227 704 2754 
4679 747 748 812 2756 
4680 625 628 624 2757 
4681 1133 967 968 2762 
4682 2145 3158 2746 3383 
4683 1599 3285 3076 3757 
4684 1479 3189 1464 3538 
4685 2847 3094 2661 3095 
4686 2658 3094 2847 3095 
4687 1774 2147 3062 3453 
4688 2089 2969 1984 3333 
4689 1735 3432 2851 3682 
4690 2242 1661 3081 3147 
4691 623 3259 627 3664 
4692 2935 2937 2642 3160 
4693 3044 3268 1177 3450 
4694 2539 3110 3022 3754 
4695 2120 1537 3214 3653 
4696 2560 2947 3137 3435 
4697 852 947 1373 3271 
4698 2327 2000 2272 3272 
4699 2420 263 401 2915 
4700 2608 3117 3034 3714 
4701 246 2790 418 3170 
4702 2812 3036 2540 3616 
4703 720 2991 1278 3426 
4704 2039 3623 2806 3743 
4705 764 2865 3315 3602 
4706 2740 3279 2810 3627 
4707 1050 1478 556 2914 
4708 2520 3067 2777 3526 
4709 1263 3140 1103 3644 
4710 1352 3199 2761 3273 
4711 1543 508 3200 3465 
4712 1817 2170 2171 3046 
4713 2676 3365 2763 3494 
4714 2624 3422 3005 3497 
4715 2583 3112 2912 3759 
4716 2608 2819 2773 3076 
4717 2773 2819 2622 3076 
4718 2774 2818 2618 3077 
4719 3035 3529 1381 3686 
4720 2327 3272 2730 3395 
4721 1563 2043 1566 2904 
4722 2761 2969 2570 3006 
4723 2341 2859 3137 3676 
4724 2433 3241 302 3456 
4725 1917 3099 2709 3459 
4726 2092 3147 3132 3599 
4727 2053 2049 2376 3632 
4728 1751 2307 1696 3176 
4729 2116 2141 2307 3176 
4730 2789 3202 2562 3447 
4731 2723 3113 3389 3697 
4732 2653 3006 2761 3211 
4733 3345 3359 2963 3763 
4734 2927 3082 1779 3135 
4735 2699 3172 1449 3501 
4736 2809 3379 2671 3535 
4737 263 2420 1539 2915 
4738 393 300 550 3174 
4739 2285 1746 3043 3755 
4740 2757 3073 2815 3716 
4741 2680 3098 3405 3585 
4742 2685 3008 1748 3439 
4743 2179 2838 2438 3673 
4744 2292 2707 3193 3554 
4745 2694 3340 1074 3529 
4746 2973 3459 2514 3726 
4747 1236 3074 660 3130 
4748 2945 681 3636 3683 
4749 818 855 914 3434 
4750 2731 3037 2566 3132 
4751 603 600 602 3165 
4752 1186 2698 3324 3524 
4753 1122 3394 2995 3488 
4754 624 957 3282 3775 
4755 618 3282 1300 3777 
4756 1240 823 3542 3763 
4757 1625 2907 3196 3562 
4758 2765 3634 2921 3636 
4759 2617 2695 3301 3523 
4760 913 964 3521 3604 
4761 2731 3140 2574 3407 
4762 1916 3262 2199 3654 
4763 2236 2514 3099 3459 
4764 1580 3028 2087 3120 
4765 1361 3030 1384 3121 
4766 1352 1351 1279 2761 
4767 1090 1235 1083 3155 
4768 1561 2672 3089 3375 
4769 1076 2997 1075 3577 
4770 2277 1779 1777 3082 
4771 2607 2722 3115 3720 
4772 981 944 982 3448 
4773 454 3243 2910 3748 
4774 2693 3379 2809 3535 
4775 2709 3236 3099 3448 
4776 753 802 829 3253 
4777 829 1213 3016 3701 
4778 375 227 2437 3100 
4779 2923 3230 2537 3770 
4780 1142 2778 1145 3760 
4781 2668 3178 1053 3510 
4782 2735 2630 3337 3543 
4783 1145 2778 1142 3545 
4784 754 623 3370 3563 
4785 2511 411 3360 3736 
4786 1885 2138 2139 3230 
4787 3117 3376 2593 3716 
4788 1195 2827 3377 3760 
4789 3240 3568 2711 3629 
4790 2710 3399 2963 3763 
4791 2738 3666 2801 3724 
4792 2805 3622 2716 3645 
4793 2576 2707 2944 3421 
4794 1183 1184 3198 3324 
4795 765 2715 717 3017 
4796 1800 3432 3248 3643 
4797 440 2451 2439 2806 
4798 1310 1191 2892 3173 
4799 2573 2826 2746 2895 
4800 2698 2776 2586 3506 
4801 1074 3340 2694 3577 
4802 856 3434 2810 3745 
4803 718 697 3074 3774 
4804 2963 3399 2680 3763 
4805 3071 3097 2652 3702 
4806 2446 517 507 2800 
4807 1169 614 616 2894 
4808 1065 1385 2906 3000 
4809 516 1508 2902 3450 
4810 1325 1109 3095 3244 
4811 1434 571 218 3201 
4812 2691 2908 2633 3468 
4813 808 853 792 3267 
4814 807 792 791 3267 
4815 1291 2884 955 3001 
4816 3154 3552 3466 3608 
4817 695 711 3116 3720 
4818 313 452 285 2760 
4819 2546 3206 2889 3639 
4820 2091 3412 2707 3554 
4821 2583 2912 3112 3712 
4822 1138 2767 1139 3186 
4823 2541 2799 3017 3335 
4824 2926 3329 2671 3406 
4825 1068 1069 2906 3481 
4826 3236 3448 1249 3570 
4827 2666 3457 3078 3600 
4828 2903 3210 1393 3320 
4829 2736 3144 2186 3764 
4830 362 2975 2791 3367 
4831 2903 3221 2619 3481 
4832 2785 3020 2554 3245 
4833 1310 845 1191 3173 
4834 2738 3202 2789 3447 
4835 482 3325 449 3609 
4836 2096 2847 2312 3094 
4837 2576 3412 2707 3421 
4838 505 519 362 2975 
4839 1251 1252 3195 3611 
4840 2585 3140 2731 3342 
4841 2512 3031 3032 3384 
4842 2702 2845 2844 3304 
4843 3167 3625 2577 3707 
4844 1959 3312 1850 3646 
4845 2716 3623 3216 3743 
4846 1246 1295 879 3299 
4847 1250 3011 3004 3611 
4848 1309 991 1328 3225 
4849 2969 3006 2761 3427 
4850 904 905 967 2762 
4851 1611 3628 3073 3710 
4852 1038 1039 1040 2748 
4853 3199 3273 1352 3776 
4854 245 451 313 2760 
4855 1774 3062 2771 3453 
4856 1930 2738 3202 3350 
4857 1183 635 653 3088 
4858 763 655 1205 2749 
4859 2997 3077 2774 3328 
4860 2049 3050 2705 3632 
4861 1186 3483 2698 3524 
4862 2295 1813 2750 3350 
4863 2516 3032 3031 3384 
4864 256 311 479 3414 
4865 2632 3070 2970 3398 
4866 2766 2984 887 3483 
4867 1844 1902 3258 3648 
4868 2928 3108 2811 3334 
4869 2691 2633 3058 3468 
4870 2801 3598 2738 3724 
4871 2079 2075 2390 3466 
4872 1260 2902 2696 3429 
4873 2092 3145 3147 3599 
4874 1106 1107 1250 2714 
4875 2940 3071 2624 3097 
4876 805 769 1258 3735 
4877 2751 3357 2614 3631 
4878 1372 2702 918 3009 
4879 829 3048 1317 3253 
4880 2725 2614 3357 3631 
4881 2639 2711 3300 3568 
4882 1179 2892 3463 3671 
4883 509 516 1508 2902 
4884 2304 3337 2735 3530 
4885 1040 1412 2760 3471 
4886 2538 2858 3425 3477 
4887 1682 2264 1698 2900 
4888 1610 1614 1613 2901 
4889 2016 2487 2015 3642 
4890 1250 2714 1107 3611 
4891 2944 3140 2585 3644 
4892 2206 3175 2734 3498 
4893 1902 2847 2319 3150 
4894 523 440 348 3212 
4895 2804 2733 3035 3445 
4896 789 3317 3041 3537 
4897 1796 2362 2898 3171 
4898 249 1525 2775 3503 
4899 2878 3028 2617 3120 
4900 2628 3030 2879 3121 
4901 543 2790 503 2977 
4902 2796 2978 2663 3369 
4903 2035 3457 2482 3465 
4904 375 2431 219 3287 
4905 1796 2350 2362 3171 
4906 2353 1796 2175 3171 
4907 1160 814 3234 3760 
4908 2660 2800 2794 3250 
4909 245 491 451 3471 
4910 1852 2994 3051 3313 
4911 2666 3078 3038 3600 
4912 1924 2934 1925 3643 
4913 3099 3236 2514 3448 
4914 1207 2684 3228 3396 
4915 2226 2963 2230 2978 
4916 1362 3098 2842 3771 
4917 2817 2624 3071 3097 
4918 2762 3281 2700 3417 
4919 2211 2988 2107 3283 
4920 2508 3044 3287 3646 
4921 826 1280 2789 3373 
4922 1203 1040 3054 3471 
4923 2643 3255 2831 3460 
4924 2473 2438 3238 3673 
4925 1041 1133 550 2700 
4926 2643 3459 3255 3460 
4927 849 1281 3003 3633 
4928 2653 3178 2716 3743 
4929 3186 3316 2641 3706 
4930 2337 3305 2505 3582 
4931 2511 3190 2976 3741 
4932 647 3520 645 3715 
4933 2571 3176 2851 3682 
4934 2766 3225 2638 3433 
4935 2545 2674 2985 3181 
4936 1584 3028 2877 3652 
4937 2247 2696 3100 3469 
4938 1036 2789 1280 3464 
4939 1145 1146 1147 2827 
4940 2075 3066 3466 3767 
4941 2882 3499 2602 3697 
4942 2264 2900 1682 3730 
4943 1613 2901 1614 3731 
4944 404 291 447 3369 
4945 373 2797 439 3275 
4946 2040 3240 2668 3629 
4947 2700 3417 2120 3662 
4948 2810 3279 2527 3627 
4949 3116 3388 695 3720 
4950 1773 1718 3062 3764 
4951 2562 3373 2789 3447 
4952 2696 3231 2905 3429 
4953 1632 2942 2237 3338 
4954 500 3369 2796 3761 
4955 333 2925 427 3366 
4956 1331 1329 3052 3347 
4957 2842 3098 3059 3771 
4958 2084 1576 1577 3578 
4959 2371 2083 1576 3578 
4960 2286 3458 3106 3756 
4961 1350 2675 3054 3441 
4962 1611 3420 1944 3710 
4963 362 2791 361 3367 
4964 2274 3272 2327 3395 
4965 2054 2056 2918 3751 
4966 2729 2810 2563 3279 
4967 2570 2969 2722 3746 
4968 2173 3046 2171 3506 
4969 2738 3350 1930 3598 
4970 1188 651 2780 3194 
4971 2928 3188 1861 3620 
4972 407 302 259 3241 
4973 2762 3129 3128 3136 
4974 2702 2844 2509 3615 
4975 2786 2648 3210 3320 
4976 2847 3150 2658 3601 
4977 268 2784 429 3061 
4978 2786 2980 2648 3320 
4979 1193 1486 1451 3657 
4980 2811 3108 1347 3334 
4981 3150 3157 2658 3601 
4982 2509 3159 2702 3615 
4983 2823 3223 2937 3467 
4984 1260 2696 973 3429 
4985 2714 3011 2942 3611 
4986 1070 1073 1072 3577 
4987 2840 2531 3226 3322 
4988 1047 3347 964 3604 
4989 857 909 915 3564 
4990 760 3194 2781 3775 
4991 1275 836 2783 3259 
4992 833 3110 699 3754 
4993 2618 3607 3025 3692 
4994 660 661 2780 3774 
4995 760 2781 1369 3775 
4996 1162 2782 1277 3776 
4997 1954 3129 3083 3417 
4998 470 3408 2806 3623 
4999 2823 2645 3223 3467 
5000 1898 1963 1899 3489 
5001 2694 3480 2835 3721 
5002 2815 3376 621 3716 
5003 1602 1601 3640 3680 
5004 2156 1741 1606 2739 
5005 2489 1527 370 3486 
5006 1527 2993 370 3486 
5007 360 279 2399 3393 
5008 747 812 813 3265 
5009 930 3448 3236 3661 
5010 2697 3257 3185 3566 
5011 2568 3011 3004 3715 
5012 2608 2873 2819 3680 
5013 2894 3205 2689 3293 
5014 3059 3098 2558 3771 
5015 2292 2707 2091 3421 
5016 2161 3187 2983 3724 
5017 2629 2922 2821 2933 
5018 977 3178 1052 3266 
5019 440 2439 232 2806 
5020 608 607 2965 3123 
5021 2824 3411 2580 3727 
5022 2721 2769 2556 3667 
5023 1732 1705 2265 3381 
5024 1808 1856 1857 3770 
5025 1967 2332 2361 3406 
5026 2599 2751 2725 3307 
5027 1591 2886 1590 3175 
5028 1505 1022 3298 3414 
5029 2681 3414 3157 3601 
5030 1917 2709 1918 3459 
5031 1328 2905 864 2984 
5032 2779 2907 2599 3182 
5033 2638 3085 2683 3231 
5034 1394 754 623 3370 
5035 776 3022 833 3754 
5036 2806 3240 2040 3743 
5037 441 448 306 2844 
5038 2813 3075 2256 3132 
5039 2687 2922 2855 3418 
5040 1186 2698 3198 3324 
5041 2740 3288 3279 3627 
5042 2380 2786 2379 3256 
5043 1122 1002 1005 3394 
5044 846 3624 740 3727 
5045 2598 2957 2824 3727 
5046 2521 3166 463 3603 
5047 703 700 3133 3758 
5048 1527 296 370 2993 
5049 1587 1588 3142 3579 
5050 760 2964 3194 3775 
5051 1091 3370 2689 3563 
5052 2523 3079 2720 3665 
5053 246 1530 398 3275 
5054 2523 2720 3143 3665 
5055 3216 3623 2716 3645 
5056 2687 1907 3156 3544 
5057 1492 1267 3217 3609 
5058 995 2937 3223 3467 
5059 577 1058 578 2763 
5060 1595 3499 2887 3685 
5061 2678 3183 1367 3426 
5062 2740 2810 2527 3627 
5063 1444 1450 277 3044 
5064 2928 3108 2859 3676 
5065 2754 3283 3153 3670 
5066 2194 2684 3007 3746 
5067 2038 2800 3352 3454 
5068 1812 2970 1815 3398 
5069 2677 2915 2398 3390 
5070 1359 2636 3321 3345 
5071 1356 1475 3229 3501 
5072 2729 3136 959 3669 
5073 2985 3254 2674 3636 
5074 2638 3225 2934 3433 
5075 2317 2797 3275 3423 
5076 1590 3175 2886 3579 
5077 302 1526 259 3241 
5078 3615 3621 2702 3660 
5079 2257 3132 2092 3147 
5080 760 1204 2964 3775 
5081 729 727 2824 2990 
5082 324 325 233 3614 
5083 1664 2785 3235 3690 
5084 893 2940 817 3071 
5085 324 3168 325 3614 
5086 1578 2820 3269 3301 
5087 980 3449 3038 3600 
5088 2732 3342 889 3644 
5089 2882 3389 1755 3697 
5090 468 2941 491 3471 
5091 2651 2989 2720 3522 
5092 492 3740 3224 3748 
5093 618 622 3056 3777 
5094 3055 3056 622 3777 
5095 2810 3279 2740 3288 
5096 1739 2948 2364 3107 
5097 1354 2947 696 3108 
5098 667 2947 665 3109 
5099 993 2951 1342 3113 
5100 993 1197 2952 3113 
5101 597 2953 596 3119 
5102 1647 2897 2223 3395 
5103 223 433 456 2975 
5104 1091 2689 3370 3608 
5105 3094 3095 2548 3444 
5106 1703 2818 1713 3091 
5107 2693 3356 1037 3368 
5108 1198 2980 762 3320 
5109 2194 3625 2684 3746 
5110 2270 3667 2785 3690 
5111 1582 1579 3301 3523 
5112 312 3351 2992 3718 
5113 2623 3370 3055 3563 
5114 2518 2716 3622 3645 
5115 655 2749 763 3307 
5116 2820 2878 2628 3561 
5117 2980 3210 2648 3320 
5118 1748 3008 2685 3378 
5119 3156 3516 2632 3544 
5120 2800 3250 233 3614 
5121 2715 3045 2857 3335 
5122 2684 2958 2577 3625 
5123 1446 262 408 3184 
5124 843 3022 845 3173 
5125 2630 2735 3253 3543 
5126 2526 2840 2727 3708 
5127 2523 3143 3079 3665 
5128 962 1163 2881 3138 
5129 2625 2850 2705 3290 
5130 1960 3085 3312 3469 
5131 2721 3127 2561 3475 
5132 1027 3053 2679 3585 
5133 2043 2904 1563 3089 
5134 1328 1327 864 2905 
5135 2799 3057 2548 3648 
5136 2958 3090 2577 3625 
5137 1158 2573 2896 3213 
5138 2573 1158 2895 3213 
5139 2330 2456 3032 3384 
5140 1025 971 978 2794 
5141 2583 2912 2793 3759 
5142 1380 1314 986 3518 
5143 2505 3305 2941 3582 
5144 2684 3090 2958 3625 
5145 887 1271 2766 3483 
5146 770 3463 2723 3671 
5147 1144 3184 2506 3545 
5148 2732 3193 3575 3644 
5149 1251 3195 3011 3611 
5150 3082 3642 2640 3738 
5151 353 536 342 3609 
5152 2795 3372 2623 3664 
5153 2634 3014 2720 3143 
5154 753 787 3042 3253 
5155 1522 2406 2481 3061 
5156 472 3229 2801 3382 
5157 678 653 2896 3021 
5158 2733 1083 3445 3608 
5159 714 725 3553 3592 
5160 823 1358 3098 3763 
5161 2059 2057 3256 3721 
5162 1803 1880 2817 3097 
5163 2564 2897 3261 3395 
5164 973 2905 2696 3268 
5165 2282 2994 2337 3415 
5166 1757 1755 3285 3389 
5167 2733 3293 1083 3608 
5168 1083 1090 3155 3686 
5169 3262 3497 2661 3732 
5170 2585 2944 2929 3140 
5171 2304 3337 1816 3543 
5172 2780 2897 2529 2898 
5173 1683 2290 1656 3508 
5174 1309 887 1271 2766 
5175 1873 1913 2338 3006 
5176 2086 2152 3363 3652 
5177 2827 2919 2662 3218 
5178 2795 2917 3372 3664 
5179 471 2741 420 3392 
5180 2562 3202 2789 3373 
5181 2947 3072 2532 3137 
5182 620 624 957 3282 
5183 618 620 1300 3282 
5184 1194 3237 2507 3476 
5185 1170 621 3376 3716 
5186 2334 2928 2114 3676 
5187 1602 2930 1604 3677 
5188 587 2932 588 3678 
5189 1385 1068 2906 3481 
5190 500 404 447 3369 
5191 2528 3472 3247 3536 
5192 2632 2955 3070 3398 
5193 1380 2956 2703 3318 
5194 2274 1647 2223 3395 
5195 2769 3520 2568 3734 
5196 865 2759 879 3441 
5197 1106 2714 1250 3576 
5198 3216 3623 2435 3743 
5199 2692 3157 2971 3414 
5200 2558 2706 3059 3771 
5201 2990 3411 1199 3717 
5202 2935 3134 2954 3620 
5203 1123 670 2814 3140 
5204 2722 2596 3115 3649 
5205 419 253 553 2796 
5206 935 940 2822 3134 
5207 2718 2837 2644 3274 
5208 2680 3098 1358 3763 
5209 2215 2946 1704 3335 
5210 624 2964 1204 3775 
5211 1298 759 3124 3689 
5212 991 3225 938 3231 
5213 1263 3342 928 3591 
5214 2844 3304 2509 3615 
5215 3088 3198 2584 3324 
5216 2540 3074 2812 3455 
5217 915 1332 1325 3601 
5218 2644 2837 2718 3605 
5219 1068 1069 1067 2906 
5220 826 1180 1280 3373 
5221 1116 1115 931 2831 
5222 1695 1666 1665 3547 
5223 2680 1358 3098 3345 
5224 802 753 787 3042 
5225 334 3161 438 3304 
5226 3065 3219 2613 3608 
5227 367 2486 1537 3515 
5228 1578 3269 2051 3632 
5229 1627 1628 1642 3565 
5230 1448 3622 2716 3655 
5231 568 1339 2768 2914 
5232 2564 2834 2730 3395 
5233 2718 3042 2644 3149 
5234 2627 3205 2894 3293 
5235 2832 3228 2570 3300 
5236 1309 887 2766 2984 
5237 2678 3208 2787 3318 
5238 1312 1311 1313 3367 
5239 2552 2935 2823 2937 
5240 2766 2984 2638 3225 
5241 2786 3284 2980 3530 
5242 2289 1679 2195 3658 
5243 802 753 3042 3253 
5244 716 2824 727 2957 
5245 3356 3368 2693 3549 
5246 2642 2935 2822 2937 
5247 1358 3345 2680 3763 
5248 495 2973 3570 3726 
5249 2220 2752 2340 3137 
5250 1217 2704 738 3597 
5251 2654 3368 3356 3549 
5252 2887 3123 2931 3685 
5253 997 3199 2722 3228 
5254 907 964 3347 3521 
5255 1495 3492 3251 3600 
5256 585 2885 2933 3619 
5257 584 3555 2885 3619 
5258 232 2439 1534 2806 
5259 1240 3542 3152 3763 
5260 1811 2226 2225 3399 
5261 2147 2182 2137 3309 
5262 2939 3092 3015 3447 
5263 793 1367 3426 3537 
5264 539 1446 408 3184 
5265 2435 3623 3216 3645 
5266 2718 2837 2519 2989 
5267 2437 2431 375 3287 
5268 1433 1517 2996 3539 
5269 2469 3390 2915 3507 
5270 1095 1121 1060 3418 
5271 2444 3392 2975 3753 
5272 2717 2675 3054 3327 
5273 2786 2980 3320 3530 
5274 1495 2713 556 3492 
5275 2561 3401 2891 3475 
5276 3034 3117 2816 3452 
5277 2543 2862 2814 3496 
5278 765 701 717 2715 
5279 1982 1853 2823 3160 
5280 2574 3140 2814 3292 
5281 2553 2954 2552 3477 
5282 2265 1705 1707 2764 
5283 2559 2838 2758 2974 
5284 2106 1730 3112 3759 
5285 2002 2870 3439 3559 
5286 1181 918 2702 3274 
5287 1339 3402 2665 3527 
5288 2717 2941 2675 3327 
5289 2766 2638 3204 3433 
5290 1523 2479 2254 3325 
5291 2368 3498 2999 3663 
5292 2969 3007 2722 3746 
5293 337 3013 488 3382 
5294 1844 2312 1902 3648 
5295 2657 3064 2772 3203 
5296 2697 3510 3189 3659 
5297 2701 2782 3624 3776 
5298 2884 3001 2640 3642 
5299 2679 3059 2842 3098 
5300 2812 2540 3036 3074 
5301 2551 3138 2728 3271 
5302 3185 3257 1962 3566 
5303 674 672 3407 3474 
5304 2651 2960 2720 2989 
5305 2578 3146 2757 3576 
5306 999 3113 1342 3671 
5307 1699 1664 2146 2785 
5308 388 2768 455 2914 
5309 1053 3178 2668 3538 
5310 478 2993 356 3238 
5311 2585 3575 3421 3644 
5312 2995 3394 2669 3488 
5313 559 402 234 3040 
5314 1907 1974 2082 3531 
5315 2787 3208 2703 3318 
5316 430 290 317 3387 
5317 2692 1034 3298 3596 
5318 1987 1988 2313 3606 
5319 2528 2864 3209 3556 
5320 2530 2991 2812 3036 
5321 2818 2957 2611 3249 
5322 2226 2963 2710 3399 
5323 681 3254 682 3636 
5324 2500 3487 3379 3549 
5325 2242 2257 2281 3147 
5326 1046 3157 3414 3601 
5327 1527 2412 296 2993 
5328 2656 3443 3105 3531 
5329 2522 3330 2831 3336 
5330 2378 1582 2372 3523 
5331 646 1282 2769 3520 
5332 488 3229 472 3382 
5333 858 3057 2691 3564 
5334 2452 2031 1557 3349 
5335 2726 3203 2657 3424 
5336 1194 914 2758 3476 
5337 1070 1071 2903 3221 
5338 531 410 561 3190 
5339 1048 556 1495 2713 
5340 2709 3236 3448 3661 
5341 2675 2941 2717 3305 
5342 979 3038 916 3402 
5343 457 3507 2915 3539 
5344 450 390 3303 3509 
5345 1073 3481 2998 3577 
5346 2772 2577 3373 3704 
5347 1140 1137 3186 3706 
5348 2065 2999 3480 3733 
5349 571 365 218 3201 
5350 2714 3004 1250 3576 
5351 2723 2602 3113 3697 
5352 2835 3480 2062 3721 
5353 2675 2717 3054 3305 
5354 1253 3172 2909 3431 
5355 2427 249 321 3503 
5356 2697 3641 3326 3659 
5357 3224 3740 2513 3748 
5358 2567 3306 2864 3556 
5359 2725 2751 2599 3631 
5360 234 1415 559 3040 
5361 1918 2709 1917 3654 
5362 816 893 817 3071 
5363 2881 3138 1163 3551 
5364 514 277 417 3044 
5365 2906 3290 2609 3773 
5366 2611 2903 2786 3210 
5367 1899 3216 2808 3489 
5368 3154 3466 2689 3608 
5369 2111 2931 1598 3685 
5370 658 3109 664 3364 
5371 3178 3211 1053 3510 
5372 2415 1523 349 3695 
5373 1149 1148 1147 2827 
5374 643 633 3131 3734 
5375 2522 2994 2759 3051 
5376 2667 3063 3015 3666 
5377 1740 1789 1774 2771 
5378 2599 3565 2725 3631 
5379 1331 1024 1329 3347 
5380 523 2451 440 3212 
5381 2684 3007 3228 3396 
5382 3015 3063 1174 3666 
5383 3156 3443 1974 3531 
5384 1915 3575 1914 3599 
5385 3248 3432 2525 3643 
5386 870 933 872 2811 
5387 832 1123 668 2814 
5388 1818 2094 2095 2816 
5389 620 621 624 2815 
5390 617 620 618 2815 
5391 2291 2095 2283 2816 
5392 1803 1880 1945 2817 
5393 1713 1703 1702 2818 
5394 613 610 1262 2819 
5395 1720 2294 1702 2818 
5396 2083 2081 1572 2821 
5397 2635 3192 2031 3349 
5398 1543 2035 2482 3465 
5399 2716 3178 2806 3743 
5400 2231 2305 3255 3460 
5401 2802 3575 1915 3599 
5402 1505 3157 1022 3414 
5403 2292 2239 2238 3193 
5404 2156 3205 2739 3640 
5405 2160 2010 2983 3092 
5406 2706 2558 3059 3681 
5407 2703 2791 2741 3753 
5408 1492 3294 1428 3609 
5409 1168 876 940 2822 
5410 728 740 729 2824 
5411 728 727 716 2824 
5412 286 2760 451 3393 
5413 3105 3443 2687 3531 
5414 3154 2733 3552 3608 
5415 481 2893 258 3726 
5416 1910 2108 2922 3544 
5417 1475 2801 3229 3464 
5418 2607 3115 2722 3333 
5419 1984 3007 2969 3746 
5420 853 1290 792 2825 
5421 1684 1706 2223 3036 
5422 1269 1017 1191 3037 
5423 1297 1335 2776 3462 
5424 605 2965 604 3165 
5425 1898 1963 3489 3645 
5426 2679 3053 1027 3533 
5427 258 2893 3691 3726 
5428 1797 3167 1813 3707 
5429 2887 2982 1594 3699 
5430 2067 2804 2065 3207 
5431 2655 2789 2738 3350 
5432 1982 1943 2306 2823 
5433 3038 3078 2665 3527 
5434 1930 2010 3092 3724 
5435 1570 2720 2044 3522 
5436 2961 3217 2637 3341 
5437 2578 3338 3146 3576 
5438 2991 3074 2529 3774 
5439 641 2751 1125 3182 
5440 2588 3420 3073 3710 
5441 2934 3204 2638 3433 
5442 1138 1139 1137 3316 
5443 2806 3178 2668 3240 
5444 2724 3323 3008 3703 
5445 951 2912 743 3712 
5446 1884 3329 2361 3406 
5447 2599 2907 2779 3196 
5448 2279 2101 3114 3478 
5449 2350 2117 2949 3171 
5450 2353 2950 2117 3171 
5451 2680 3405 2890 3585 
5452 2557 2859 2928 3108 
5453 2647 3015 2939 3092 
5454 2697 3257 3212 3629 
5455 1712 2936 2261 2959 
5456 246 2485 1530 3275 
5457 2492 2033 2971 3150 
5458 2676 2920 3227 3491 
5459 2712 2962 2572 3319 
5460 718 697 719 3074 
5461 2562 3202 2772 3203 
5462 635 3088 636 3118 
5463 2179 2181 2438 2838 
5464 547 266 1426 3655 
5465 1470 3448 2893 3570 
5466 3178 3240 2806 3743 
5467 1330 2977 1488 3354 
5468 812 2756 748 3296 
5469 1450 3044 1177 3450 
5470 1242 2521 3166 3359 
5471 1426 1448 547 3655 
5472 2665 3233 3148 3402 
5473 1341 2951 843 3173 
5474 2661 3095 3094 3444 
5475 2703 2741 3580 3753 
5476 2738 2789 2655 3464 
5477 2893 3448 2514 3570 
5478 1918 3460 2709 3654 
5479 2648 2980 2786 3284 
5480 2585 2802 3342 3599 
5481 2159 1927 2935 2954 
5482 1357 2711 3300 3326 
5483 2818 3077 2774 3765 
5484 2506 3190 2827 3741 
5485 1622 1623 2170 3029 
5486 2122 1690 2106 3023 
5487 834 845 843 3022 
5488 1580 2085 2087 3028 
5489 1361 1016 1384 3030 
5490 951 950 743 2912 
5491 605 602 2952 3165 
5492 1102 2722 997 3199 
5493 1322 691 701 3493 
5494 2537 2836 2829 3374 
5495 1002 3049 1003 3749 
5496 1242 1474 1427 3603 
5497 2938 3019 1418 3583 
5498 2212 1926 2753 3422 
5499 1754 2308 1926 2753 
5500 477 2805 484 3201 
5501 625 629 628 2757 
5502 747 723 748 2756 
5503 2231 3255 2102 3460 
5504 1133 3281 2700 3581 
5505 2107 3606 1775 3681 
5506 2518 3440 3031 3622 
5507 2570 2722 3228 3746 
5508 2824 3361 2580 3411 
5509 1358 3098 3345 3585 
5510 2717 3305 2027 3534 
5511 2231 2102 2305 3460 
5512 2785 3101 2853 3289 
5513 1073 2998 3340 3577 
5514 2115 2949 2116 3176 
5515 1761 1762 1759 3385 
5516 3297 3490 2670 3607 
5517 2511 2845 2702 3660 
5518 1335 1334 839 2776 
5519 1704 2946 1688 3335 
5520 2743 3379 3191 3535 
5521 3234 3253 742 3717 
5522 901 903 904 3669 
5523 1890 3279 1888 3627 
5524 2143 2333 3158 3709 
5525 2639 3300 2832 3568 
5526 3115 3649 2874 3720 
5527 1397 733 3077 3328 
5528 1666 2307 2826 3674 
5529 2936 3010 2547 3681 
5530 2530 3041 2927 3317 
5531 1044 3053 2635 3224 
5532 803 787 814 3042 
5533 2548 3095 3094 3648 
5534 2842 3059 2706 3771 
5535 2156 2739 1606 3640 
5536 1433 1517 565 2996 
5537 803 3042 814 3377 
5538 1996 3233 2254 3341 
5539 2678 2764 3426 3537 
5540 336 470 2806 3623 
5541 2809 3379 2693 3549 
5542 2330 2488 2456 3384 
5543 2584 3088 2798 3198 
5544 625 2757 624 3716 
5545 2139 2797 2317 3423 
5546 2521 2963 2710 2978 
5547 1409 965 966 3442 
5548 2816 3034 2595 3687 
5549 2697 3510 3257 3629 
5550 2649 3066 3065 3219 
5551 907 913 964 3521 
5552 2633 2807 2842 3533 
5553 1881 3460 1918 3654 
5554 3020 3101 2704 3302 
5555 2634 2933 2885 3122 
5556 1396 946 2894 3293 
5557 2193 3424 2325 3506 
5558 399 503 2790 2977 
5559 2711 3240 3006 3568 
5560 2270 2785 2146 3690 
5561 2370 2482 3329 3465 
5562 2627 2931 2887 3123 
5563 2238 2292 2942 3554 
5564 2460 3161 334 3304 
5565 2869 3389 3113 3697 
5566 2146 1699 2785 3020 
5567 2927 3041 2530 3371 
5568 687 2874 694 3388 
5569 2119 2660 3352 3469 
5570 1032 3019 919 3159 
5571 1782 2823 1943 3313 
5572 375 2742 426 3100 
5573 1878 2799 1845 3468 
5574 629 643 633 3576 
5575 1070 1072 1071 3221 
5576 1395 1392 1071 3221 
5577 450 467 3039 3303 
5578 787 3234 3042 3253 
5579 3255 3459 2103 3460 
5580 837 3037 1269 3502 
5581 1532 316 290 3220 
5582 1275 2783 1346 3213 
5583 749 736 3018 3771 
5584 944 1109 3244 3497 
5585 2816 3034 2608 3117 
5586 2292 3193 2707 3421 
5587 2659 3101 3020 3302 
5588 2890 3192 2635 3585 
5589 2874 3505 3357 3679 
5590 2937 3160 2823 3467 
5591 1317 2980 741 3253 
5592 2174 1646 2325 3506 
5593 2665 3402 3038 3527 
5594 865 2759 794 3336 
5595 1899 3216 1964 3723 
5596 1765 1761 2167 2772 
5597 2607 3388 3116 3720 
5598 2545 2863 2813 3502 
5599 1547 327 284 3353 
5600 2802 3033 2732 3342 
5601 2803 3034 2732 3343 
5602 640 3182 639 3587 
5603 2564 2897 2780 3261 
5604 2780 2898 2567 3261 
5605 2840 3226 2531 3617 
5606 865 879 2759 3336 
5607 2061 3498 2841 3721 
5608 1570 3122 2720 3522 
5609 2369 3175 2206 3498 
5610 2667 3015 2983 3724 
5611 572 3280 3039 3294 
5612 2887 3499 2622 3685 
5613 2679 3405 3098 3585 
5614 1498 525 543 2790 
5615 2479 1523 2415 3695 
5616 881 2718 3274 3637 
5617 1621 2899 1747 3261 
5618 266 357 1426 3655 
5619 1516 1051 3594 3675 
5620 1770 3295 3532 3728 
5621 607 604 606 2965 
5622 995 3223 866 3467 
5623 755 1306 2921 3636 
5624 1358 1365 3098 3585 
5625 388 267 455 2768 
5626 2957 3210 2611 3249 
5627 1636 2852 1645 3412 
5628 238 1499 569 3391 
5629 2789 3373 2577 3431 
5630 235 533 3264 3327 
5631 487 480 3391 3653 
5632 1334 2776 1335 3483 
5633 1076 1075 1074 3577 
5634 1294 674 672 3407 
5635 2695 3436 2378 3523 
5636 1249 3236 930 3448 
5637 2747 3277 2829 3770 
5638 2522 2994 3415 3441 
5639 2695 2378 3436 3750 
5640 291 2414 374 3387 
5641 2645 2823 3160 3467 
5642 2590 3273 3199 3776 
5643 2017 2500 3379 3549 
5644 3037 3132 2731 3591 
5645 1905 3621 3615 3660 
5646 865 794 879 3336 
5647 2709 2831 2643 3236 
5648 613 2819 614 3618 
5649 2341 3137 2340 3676 
5650 451 286 452 2760 
5651 1482 3476 1194 3539 
5652 1352 1351 2761 3199 
5653 2746 2826 1793 3383 
5654 2829 2968 2537 3770 
5655 1151 2719 898 3684 
5656 2720 2885 2634 3143 
5657 1493 1026 3053 3749 
5658 2553 2916 3292 3474 
5659 3010 3018 736 3771 
5660 2383 1741 3205 3430 
5661 2426 403 316 3220 
5662 3342 3591 2731 3599 
5663 2956 3314 2787 3738 
5664 1678 2546 3206 3747 
5665 2100 3230 1950 3277 
5666 2991 3426 2764 3537 
5667 1073 2998 1220 3340 
5668 2604 2875 3372 3664 
5669 2752 3295 2659 3728 
5670 2179 1842 2838 3673 
5671 2268 3276 3032 3489 
5672 2551 2881 2721 3138 
5673 2702 3304 2844 3615 
5674 2586 2798 2779 3198 
5675 2460 334 344 3304 
5676 2395 2473 2993 3215 
5677 2256 3075 2004 3132 
5678 2843 2859 2557 3108 
5679 772 771 763 3482 
5680 1441 1181 1372 2844 
5681 2653 2761 3006 3723 
5682 2630 3253 2771 3543 
5683 635 636 631 3118 
5684 1786 2332 1865 3107 
5685 2159 2303 1694 3106 
5686 1347 933 1354 3108 
5687 665 664 658 3109 
5688 833 1135 699 3110 
5689 666 658 1153 3109 
5690 1985 2106 1730 3112 
5691 1182 1197 936 3113 
5692 999 936 1342 3113 
5693 630 642 635 3118 
5694 1977 1940 1941 3114 
5695 1277 1276 706 3116 
5696 1108 948 1304 3117 
5697 2224 2195 1679 3115 
5698 1277 695 711 3116 
5699 1323 1361 932 3121 
5700 923 932 988 3121 
5701 1005 1002 1003 3749 
5702 234 464 355 2920 
5703 1939 1937 2260 3439 
5704 1578 2051 2052 3632 
5705 2041 1962 3257 3566 
5706 3202 3350 2789 3707 
5707 1763 3111 1820 3557 
5708 1832 3111 2177 3557 
5709 597 1099 3119 3558 
5710 594 3119 593 3558 
5711 2087 3120 1941 3559 
5712 2084 2371 3120 3559 
5713 3041 3317 2530 3537 
5714 3081 3254 2737 3683 
5715 2716 2806 3623 3743 
5716 2671 3226 2840 3617 
5717 1031 3019 1032 3159 
5718 1331 875 2966 3052 
5719 2687 3461 2855 3544 
5720 2541 3153 2754 3162 
5721 2793 3023 2550 3133 
5722 578 2763 1058 3143 
5723 1722 2107 1775 3681 
5724 2822 3134 2557 3334 
5725 3224 3349 492 3748 
5726 1080 2924 1078 3035 
5727 2779 2604 3088 3562 
5728 2779 3088 2798 3562 
5729 2732 3195 3193 3644 
5730 1763 3111 3084 3747 
5731 701 2715 3493 3639 
5732 2718 3086 2630 3149 
5733 2110 1657 1719 3145 
5734 2034 2485 3170 3339 
5735 1623 1618 1624 3562 
5736 2174 2170 1623 2798 
5737 2736 2990 2824 3361 
5738 837 1269 1006 3502 
5739 1813 2240 2295 2750 
5740 2662 2919 2827 3377 
5741 2745 3039 467 3303 
5742 2899 3194 2964 3775 
5743 2496 338 286 3170 
5744 406 526 3241 3589 
5745 2207 2841 2061 3498 
5746 1285 652 3131 3734 
5747 1658 1657 2916 3278 
5748 1658 1659 1657 3278 
5749 2591 2990 2980 3717 
5750 749 3018 3542 3771 
5751 2738 3447 2789 3464 
5752 2852 2862 2576 3109 
5753 2394 2742 2437 3100 
5754 2613 3065 3066 3219 
5755 1357 3211 2711 3510 
5756 1572 2047 1569 3122 
5757 1571 1573 1572 3122 
5758 2186 3144 2736 3361 
5759 2741 2791 2703 3518 
5760 2728 3271 947 3455 
5761 433 2975 362 3367 
5762 329 1559 2745 3303 
5763 610 611 608 3123 
5764 2043 1561 2445 3593 
5765 2715 2857 2546 3206 
5766 674 3407 2737 3474 
5767 734 3302 3072 3626 
5768 2639 2750 3167 3172 
5769 674 3254 2737 3407 
5770 2800 3250 2660 3454 
5771 755 3124 758 3689 
5772 2538 2737 3683 3756 
5773 1890 1891 1892 3128 
5774 1949 2150 2360 3127 
5775 2197 1999 2223 3126 
5776 2150 1639 2355 3127 
5777 1287 1236 660 3130 
5778 651 650 660 3130 
5779 2256 2257 1824 3132 
5780 2256 2004 1979 3132 
5781 2345 2890 2680 3405 
5782 1449 2699 2925 3641 
5783 486 366 3063 3610 
5784 2666 3329 2926 3406 
5785 2341 3137 2859 3650 
5786 2864 3139 1363 3651 
5787 1588 3142 2872 3652 
5788 2738 2801 3464 3598 
5789 2583 3023 2793 3133 
5790 801 841 2939 3358 
5791 1139 2767 1143 3186 
5792 2614 3297 2751 3631 
5793 595 1385 3000 3242 
5794 2764 2678 3381 3537 
5795 1378 3125 962 3571 
5796 2149 3151 3141 3694 
5797 584 586 587 3619 
5798 1916 2199 1880 3654 
5799 1377 3125 1370 3571 
5800 2114 1922 1981 3620 
5801 1652 2862 3137 3650 
5802 1128 3139 2865 3651 
5803 1583 2877 3142 3652 
5804 268 2481 309 3761 
5805 2121 3214 1537 3515 
5806 2039 1534 2806 3623 
5807 684 2985 1006 3502 
5808 2651 3522 2885 3555 
5809 1331 3052 2966 3347 
5810 2304 2735 3337 3543 
5811 1867 2097 1855 3380 
5812 374 463 291 3387 
5813 975 3326 3641 3659 
5814 2855 3461 2632 3544 
5815 837 1006 2985 3502 
5816 1029 2911 1315 3001 
5817 2379 2786 2185 3249 
5818 2687 3156 3461 3544 
5819 2697 3326 3257 3510 
5820 2888 3043 2542 3702 
5821 3001 3093 2640 3642 
5822 539 1487 1446 3184 
5823 2911 2972 460 3416 
5824 1242 1427 3166 3603 
5825 556 2713 1048 3527 
5826 995 2937 956 3223 
5827 2716 3178 2653 3266 
5828 2109 2427 1992 3503 
5829 3193 3195 2707 3421 
5830 2695 2617 3242 3523 
5831 2707 3011 2942 3554 
5832 1080 1079 1078 2924 
5833 453 439 2797 2977 
5834 2677 3163 2794 3614 
5835 2250 1915 1914 3599 
5836 2166 2770 1757 3541 
5837 2814 2862 2576 3496 
5838 1151 898 1152 3684 
5839 2564 3130 2897 3395 
5840 2699 3185 2436 3366 
5841 1724 2936 1736 3378 
5842 659 640 2779 3291 
5843 2380 2379 2058 3256 
5844 604 605 606 2965 
5845 606 608 607 2965 
5846 2094 2237 2942 3338 
5847 2206 3142 2734 3579 
5848 1157 2781 1360 3306 
5849 638 659 640 2779 
5850 1188 651 661 2780 
5851 1157 1369 1360 2781 
5852 1275 836 1346 2783 
5853 2271 2969 2089 3333 
5854 1549 3170 3393 3404 
5855 1135 3110 1200 3133 
5856 2711 2639 3257 3568 
5857 688 1164 2921 3012 
5858 2592 3113 2723 3671 
5859 2039 2435 3623 3743 
5860 2632 3461 3156 3544 
5861 2379 2380 2185 2786 
5862 701 717 2715 3639 
5863 1564 3227 1562 3744 
5864 3257 3510 2711 3629 
5865 637 1390 631 2917 
5866 1275 626 836 3259 
5867 445 460 2911 2972 
5868 459 3594 3454 3656 
5869 1666 2712 1695 3674 
5870 2793 2912 2583 3712 
5871 2413 1558 385 2805 
5872 453 439 373 2797 
5873 582 3143 2885 3665 
5874 1171 994 1303 2843 
5875 2543 2947 2859 3108 
5876 2860 2948 2554 3107 
5877 2862 2947 2543 3109 
5878 2869 2951 2600 3113 
5879 2869 2600 2952 3113 
5880 2620 2953 2877 3119 
5881 2875 2623 3372 3664 
5882 1105 1294 732 3407 
5883 1193 2967 1408 3657 
5884 2576 2814 2929 2944 
5885 2697 3212 3189 3510 
5886 3189 3212 2668 3510 
5887 2300 2299 2975 3314 
5888 424 3250 2800 3454 
5889 1764 3051 2888 3755 
5890 1054 3189 3510 3659 
5891 2799 3017 2548 3737 
5892 2769 3551 652 3734 
5893 2659 3235 3072 3728 
5894 2450 3277 2745 3303 
5895 1351 3199 926 3437 
5896 2954 3134 2557 3620 
5897 2714 3146 2757 3716 
5898 2218 3310 2727 3708 
5899 2223 3036 1706 3616 
5900 703 700 1135 3133 
5901 1135 1200 1119 3133 
5902 2106 1690 1700 2793 
5903 2840 2926 2671 3406 
5904 843 1341 884 2951 
5905 1226 665 667 2947 
5906 696 1226 667 2947 
5907 1234 665 1226 2947 
5908 1354 1226 696 2947 
5909 1739 1948 2364 2948 
5910 1948 1739 1882 2948 
5911 1353 1234 1226 2947 
5912 1226 1354 1353 2947 
5913 2350 2006 2005 2949 
5914 2115 1947 2006 2949 
5915 2006 2350 2117 2949 
5916 2006 2116 2115 2949 
5917 2116 2006 2117 2949 
5918 843 884 844 2951 
5919 2347 2142 2353 2950 
5920 2142 2141 2117 2950 
5921 2142 2117 2353 2950 
5922 2143 2142 2144 2950 
5923 1341 1342 884 2951 
5924 884 1342 993 2951 
5925 924 884 993 2951 
5926 993 1197 1166 2952 
5927 1166 1197 605 2952 
5928 1118 993 1166 2952 
5929 597 1165 598 2953 
5930 598 601 600 2953 
5931 605 602 1166 2952 
5932 602 601 1166 2952 
5933 598 596 597 2953 
5934 596 598 599 2953 
5935 2553 3278 2916 3474 
5936 525 399 503 2790 
5937 740 2824 728 3727 
5938 728 2824 716 3727 
5939 638 2779 640 3587 
5940 2664 3217 2961 3341 
5941 1231 1378 3125 3271 
5942 2355 1934 3127 3272 
5943 2885 3143 2720 3665 
5944 1633 1634 1632 3060 
5945 439 2797 2977 3275 
5946 1208 3396 3228 3649 
5947 2521 2978 2710 3442 
5948 2096 3262 3511 3732 
5949 2598 3116 2900 3730 
5950 2377 2381 2079 2795 
5951 1092 2917 1404 3219 
5952 2719 2537 3230 3569 
5953 488 3013 3229 3382 
5954 2887 2965 2650 3123 
5955 913 3521 1038 3604 
5956 2630 3086 2705 3337 
5957 2614 3357 2874 3505 
5958 2359 2168 2845 3660 
5959 2822 3134 2935 3620 
5960 417 2742 375 3287 
5961 2746 2896 2573 3213 
5962 2573 2895 2746 3213 
5963 2646 3277 3230 3303 
5964 2711 3211 1357 3437 
5965 2603 3213 2783 3259 
5966 3354 3684 2646 3766 
5967 2714 2593 3146 3716 
5968 2689 3205 3154 3293 
5969 938 991 937 3225 
5970 1547 2416 327 3353 
5971 424 2800 269 3454 
5972 3039 3280 2745 3294 
5973 1981 2954 3508 3620 
5974 1341 999 1342 3671 
5975 267 2768 1477 3609 
5976 2630 3016 2705 3086 
5977 2705 3016 2651 3086 
5978 2791 2975 362 3392 
5979 2624 3097 2817 3422 
5980 1199 2990 729 3411 
5981 1128 3232 1257 3560 
5982 2626 2981 2734 3529 
5983 2565 2866 3022 3173 
5984 2742 3268 2696 3312 
5985 2521 2710 3359 3442 
5986 3007 3228 2722 3746 
5987 2054 2918 2055 3750 
5988 3020 3295 1699 3728 
5989 1263 928 1105 3591 
5990 421 414 3566 3659 
5991 1357 3300 908 3326 
5992 2646 3303 3039 3766 
5993 2560 3137 2859 3676 
5994 2736 3411 2990 3717 
5995 1668 3081 1663 3756 
5996 2888 3071 2652 3702 
5997 2480 3349 3192 3748 
5998 2554 2704 3020 3101 
5999 2055 2054 2056 2918 
6000 1202 1203 1040 3054 
6001 961 1378 962 3571 
6002 1710 1751 3674 3682 
6003 3316 3706 1137 3742 
6004 450 260 467 3303 
6005 2614 3505 3025 3607 
6006 2869 3514 2184 3697 
6007 340 2743 432 3613 
6008 2511 2702 3009 3660 
6009 1582 3301 2372 3523 
6010 2764 3381 2991 3537 
6011 3152 3542 2680 3763 
6012 433 362 361 3367 
6013 2423 2973 2470 3718 
6014 2738 2562 3202 3447 
6015 1968 3400 2440 3511 
6016 1763 1820 1821 3557 
6017 1832 2177 1821 3557 
6018 594 593 1098 3558 
6019 597 1098 1099 3558 
6020 2087 1941 2003 3559 
6021 2084 2003 2371 3559 
6022 631 2917 1390 3664 
6023 2506 2976 3190 3741 
6024 1791 2803 1792 3757 
6025 1791 1792 1756 3757 
6026 1123 832 1103 2944 
6027 2588 3073 3628 3710 
6028 664 710 2853 3072 
6029 249 2427 1525 3503 
6030 2614 2725 3505 3631 
6031 2200 3086 1814 3149 
6032 2627 3154 3205 3293 
6033 1988 1991 2807 3729 
6034 2970 3070 2724 3398 
6035 806 2573 1158 2895 
6036 1158 2573 654 2896 
6037 654 2573 678 2896 
6038 445 2972 2911 3356 
6039 1864 1894 1900 3403 
6040 1207 3228 1208 3396 
6041 1107 2714 1106 3452 
6042 1930 1929 1928 3092 
6043 2158 1658 2290 3508 
6044 1254 1449 3172 3501 
6045 3452 3576 1106 3716 
6046 2796 3546 1410 3574 
6047 2768 3233 2708 3325 
6048 2520 3526 3312 3646 
6049 2175 1747 2347 3261 
6050 1638 1621 1747 3261 
6051 557 299 352 2801 
6052 1787 1765 1928 3705 
6053 331 3044 417 3287 
6054 2802 3591 3342 3599 
6055 2536 2928 2822 3188 
6056 2582 2772 3482 3704 
6057 274 522 423 2938 
6058 2709 3448 2788 3661 
6059 2748 3054 2717 3534 
6060 3106 3458 2538 3756 
6061 1903 1865 3078 3148 
6062 3268 3312 2742 3646 
6063 2593 2816 2714 3146 
6064 2641 3186 3180 3316 
6065 1428 342 536 3609 
6066 487 480 393 3391 
6067 2710 2963 2521 3359 
6068 2832 3228 2684 3746 
6069 2754 2793 2547 3283 
6070 847 3411 740 3624 
6071 2759 2994 2522 3441 
6072 2570 3228 2832 3746 
6073 2836 3374 783 3626 
6074 2765 3252 2921 3634 
6075 2759 3223 865 3586 
6076 1876 3193 3500 3687 
6077 2779 2798 2586 3196 
6078 2915 3390 2507 3507 
6079 3257 3326 2711 3510 
6080 3158 3711 1823 3731 
6081 399 418 246 2790 
6082 2722 3007 2969 3333 
6083 1617 3731 3029 3739 
6084 1278 720 718 2991 
6085 2194 2196 3007 3103 
6086 2294 3249 2818 3765 
6087 2764 3386 2678 3426 
6088 2942 3004 2568 3011 
6089 3081 3181 2566 3254 
6090 329 260 1559 3303 
6091 2985 2566 3181 3254 
6092 3091 3141 1703 3730 
6093 293 406 108 3589 
6094 1205 1286 2749 3462 
6095 1306 1215 755 2921 
6096 757 755 758 3689 
6097 3067 3164 2647 3526 
6098 1084 2924 1218 3065 
6099 3230 3569 2747 3684 
6100 2714 1106 3452 3576 
6101 240 3189 348 3538 
6102 1495 3251 1049 3600 
6103 2281 2257 2092 3147 
6104 2091 2288 3412 3554 
6105 1878 1784 1845 2799 
6106 2514 3570 2973 3726 
6107 2885 3555 2631 3619 
6108 2734 3175 2206 3579 
6109 2617 2695 3000 3301 
6110 2528 2839 2729 3536 
6111 465 3238 2996 3484 
6112 2681 2971 3157 3414 
6113 2410 2973 405 3726 
6114 1899 2808 3216 3723 
6115 1053 1479 1464 3538 
6116 2807 3053 3533 3749 
6117 2584 3029 2798 3088 
6118 2738 3464 2801 3666 
6119 2520 3312 3268 3646 
6120 300 1447 550 3174 
6121 2710 3070 2955 3152 
6122 1696 1710 1751 3674 
6123 2915 3507 2507 3539 
6124 2743 3457 2713 3465 
6125 723 747 721 3265 
6126 2580 2849 2736 3361 
6127 784 785 3152 3703 
6128 3079 3143 579 3665 
6129 406 526 259 3241 
6130 961 3125 1378 3571 
6131 2165 3092 3197 3705 
6132 909 3157 915 3564 
6133 506 348 440 3538 
6134 475 3408 470 3623 
6135 2233 2234 2232 3415 
6136 2645 3054 2748 3534 
6137 481 496 258 2893 
6138 1863 1861 3188 3620 
6139 619 3056 3055 3563 
6140 2615 3480 2999 3733 
6141 2743 3251 1383 3492 
6142 619 618 622 3056 
6143 619 622 3055 3056 
6144 2693 3191 422 3487 
6145 1061 1062 1386 3555 
6146 481 495 3570 3726 
6147 2103 3459 1918 3460 
6148 795 865 3223 3586 
6149 1396 3293 2894 3563 
6150 2190 2717 2941 3305 
6151 2891 3131 2561 3734 
6152 1377 1370 961 3571 
6153 1495 1048 2713 3600 
6154 719 1210 2812 3074 
6155 2256 2813 1993 3075 
6156 2190 2027 2717 3305 
6157 1344 1138 1343 2767 
6158 1385 1391 1068 3481 
6159 784 3152 3542 3703 
6160 1372 1181 918 2702 
6161 1769 2204 2856 3295 
6162 1140 3186 3545 3706 
6163 2063 2061 2062 3480 
6164 1250 3004 2714 3611 
6165 2081 1910 2108 2922 
6166 1420 1314 2791 3518 
6167 1666 1696 2307 3674 
6168 2454 3164 3287 3646 
6169 2242 2281 1661 3147 
6170 1899 1964 1997 3723 
6171 2436 3185 2699 3638 
6172 2173 2172 2171 3046 
6173 1398 1089 1400 2987 
6174 2369 2072 3175 3663 
6175 1448 1455 3622 3655 
6176 347 240 348 3538 
6177 2654 3001 2884 3642 
6178 2477 2234 2408 3582 
6179 1830 3513 2866 3557 
6180 1398 2987 1400 3328 
6181 1850 3312 2848 3526 
6182 2271 2900 2149 3151 
6183 2695 2906 2625 3750 
6184 2900 3069 2607 3116 
6185 2709 3099 2788 3448 
6186 1667 3043 3096 3756 
6187 2030 2021 2009 3540 
6188 258 2893 496 3691 
6189 1296 3452 3034 3611 
6190 2611 3077 2818 3765 
6191 2216 2217 1965 3390 
6192 469 3507 457 3539 
6193 1086 3340 1219 3529 
6194 1859 1860 1861 3590 
6195 2772 2958 2577 3704 
6196 2725 3357 2751 3631 
6197 531 294 410 3190 
6198 1679 3505 3115 3658 
6199 1199 3717 3411 3742 
6200 444 380 464 3491 
6201 2625 2906 2695 3000 
6202 1763 1821 3111 3557 
6203 2177 3111 1821 3557 
6204 594 1098 3119 3558 
6205 597 3119 1098 3558 
6206 2087 2003 3120 3559 
6207 2084 3120 2003 3559 
6208 2867 3112 2912 3712 
6209 1397 1398 733 3328 
6210 2991 3036 2530 3381 
6211 1700 1691 1701 3512 
6212 434 3594 459 3656 
6213 801 2939 779 3419 
6214 2568 2891 3004 3338 
6215 2928 2822 3188 3620 
6216 1515 1489 3354 3684 
6217 1636 3412 2288 3554 
6218 2692 2995 1034 3596 
6219 2765 3286 3012 3762 
6220 2701 3624 3151 3694 
6221 461 3394 2775 3596 
6222 1929 1930 2010 3092 
6223 2632 2970 2955 3398 
6224 3151 3624 2782 3694 
6225 1729 2771 1774 3062 
6226 2133 3589 2131 3668 
6227 650 1340 3130 3308 
6228 997 926 3199 3228 
6229 330 1528 298 3187 
6230 849 911 1281 3633 
6231 2674 3181 3081 3254 
6232 2541 2908 2799 3468 
6233 2558 3018 3102 3378 
6234 1380 1312 1314 2956 
6235 2428 2845 2168 3304 
6236 1273 761 3104 3323 
6237 2726 2657 3419 3424 
6238 1814 3149 3086 3605 
6239 1934 3126 1825 3310 
6240 1287 3130 1340 3311 
6241 2719 3052 898 3428 
6242 404 3369 500 3761 
6243 3294 3609 2708 3695 
6244 2704 2554 3270 3572 
6245 2410 315 1529 3726 
6246 2674 2985 3181 3254 
6247 1004 1001 1326 3533 
6248 2592 2723 3113 3389 
6249 2561 3131 2891 3401 
6250 1222 3324 3021 3524 
6251 1339 2768 3402 3769 
6252 2781 2899 2567 3451 
6253 2553 2916 2843 3292 
6254 2278 3093 3642 3738 
6255 1435 323 272 2910 
6256 533 1421 235 3264 
6257 874 2811 872 3334 
6258 605 1182 606 2965 
6259 609 608 606 2965 
6260 2719 3230 2923 3423 
6261 874 876 2822 3334 
6262 2730 2834 2564 3308 
6263 2692 3298 3157 3414 
6264 1449 3172 2699 3641 
6265 1230 914 2758 3296 
6266 1108 3034 1296 3452 
6267 1785 3094 1754 3732 
6268 551 305 304 3346 
6269 695 3388 693 3720 
6270 1436 391 264 2992 
6271 2807 2513 3053 3749 
6272 1833 2149 3141 3694 
6273 2580 2701 3003 3276 
6274 1686 1820 1763 3747 
6275 1474 3442 2796 3603 
6276 2555 3386 2764 3426 
6277 1995 2856 2204 3148 
6278 2654 2972 2911 3416 
6279 662 3357 3307 3679 
6280 1314 2791 1312 3367 
6281 1315 1029 1500 2911 
6282 2789 2577 3373 3707 
6283 1173 942 1178 3015 
6284 2776 3419 1297 3462 
6285 2038 1524 2800 3454 
6286 2075 2205 3066 3767 
6287 1461 544 244 3191 
6288 2114 2334 1922 2928 
6289 1602 1603 1604 2930 
6290 2111 1933 1598 2931 
6291 586 588 587 2932 
6292 585 582 1060 2933 
6293 1727 1833 3361 3694 
6294 3141 3361 1833 3694 
6295 973 1260 1407 3268 
6296 2681 3150 2847 3601 
6297 2306 2159 1927 2935 
6298 2282 2337 2235 3415 
6299 3429 3594 2660 3675 
6300 1789 1774 2771 3149 
6301 1125 2751 656 3357 
6302 2568 3004 2942 3338 
6303 2765 3409 3286 3762 
6304 2626 3529 3035 3686 
6305 235 1421 437 3264 
6306 2522 3415 3299 3441 
6307 2752 3137 2220 3728 
6308 2053 2376 2374 3337 
6309 2557 2954 2843 3134 
6310 1267 3217 3609 3769 
6311 2612 3439 2870 3559 
6312 2518 3489 3216 3645 
6313 417 3044 2742 3287 
6314 2773 2882 2622 3246 
6315 3250 3594 1051 3675 
6316 839 2776 3358 3419 
6317 2752 3532 3295 3728 
6318 2620 2841 2734 3340 
6319 2999 3498 2626 3663 
6320 2728 3311 2540 3455 
6321 378 3394 461 3596 
6322 2776 3424 2586 3506 
6323 2092 3145 1719 3147 
6324 2580 2701 3276 3694 
6325 1249 3448 1470 3570 
6326 1633 3060 2891 3475 
6327 2363 2265 1707 2764 
6328 2786 3256 2380 3751 
6329 2577 3625 3090 3707 
6330 426 2742 417 3450 
6331 2658 3094 3095 3648 
6332 1229 2758 914 3476 
6333 2542 3124 2945 3689 
6334 2668 3211 3178 3510 
6335 2579 2912 2867 3112 
6336 1724 1723 1736 2936 
6337 2664 3341 2961 3380 
6338 1244 1318 2831 3336 
6339 791 1210 2812 3317 
6340 2721 3127 2551 3138 
6341 2561 3127 2721 3138 
6342 799 878 1345 3449 
6343 898 2719 1151 3569 
6344 2120 2028 3653 3662 
6345 944 1336 1109 3497 
6346 1143 2767 1344 3222 
6347 2506 2827 2778 3218 
6348 1765 1761 2772 3203 
6349 3214 3391 2700 3515 
6350 385 231 2413 2805 
6351 315 2410 405 3726 
6352 2590 3069 2969 3333 
6353 1945 2817 2151 3252 
6354 1579 2820 1577 3301 
6355 2698 3260 3483 3768 
6356 2036 2370 2482 3329 
6357 3154 3293 2733 3608 
6358 455 2914 2768 3504 
6359 669 2814 668 3292 
6360 1086 1074 3340 3529 
6361 827 881 922 2718 
6362 2805 3201 477 3655 
6363 1557 403 2426 3220 
6364 1623 2174 2798 3562 
6365 2562 3092 2738 3202 
6366 2710 2955 2632 3516 
6367 2541 3153 2988 3670 
6368 809 3209 1363 3556 
6369 2592 3113 2869 3389 
6370 1616 2093 3146 3338 
6371 2805 2716 3623 3645 
6372 2695 2625 3301 3750 
6373 507 263 1539 2915 
6374 1826 1766 1788 2726 
6375 3038 3449 2666 3600 
6376 2920 3227 2656 3494 
6377 2707 3554 2755 3715 
6378 757 758 3124 3689 
6379 930 2788 944 3448 
6380 791 2825 792 3317 
6381 2716 3408 475 3623 
6382 3012 3286 2765 3409 
6383 2652 3124 2888 3586 
6384 1188 3194 2780 3556 
6385 2737 3254 674 3683 
6386 1370 3125 961 3571 
6387 2680 3345 3098 3585 
6388 2813 3037 2985 3502 
6389 2546 3286 3012 3493 
6390 2676 3227 2920 3494 
6391 2897 3074 2540 3130 
6392 482 228 449 3325 
6393 2351 2363 3247 3536 
6394 2231 2233 2232 3255 
6395 2723 3285 2882 3389 
6396 2941 3305 2675 3582 
6397 1380 986 3318 3518 
6398 727 726 2957 3210 
6399 2815 3073 2593 3716 
6400 2900 3116 2876 3730 
6401 801 3358 2939 3419 
6402 2561 2891 2769 3475 
6403 905 2762 3136 3772 
6404 1542 2437 227 3100 
6405 2578 2834 2730 3308 
6406 270 448 441 2845 
6407 821 783 2836 3374 
6408 2837 2989 2718 3605 
6409 2370 3329 2743 3465 
6410 2620 3340 2734 3473 
6411 2761 3211 3006 3437 
6412 1668 1669 1663 3081 
6413 2533 3295 2752 3532 
6414 857 796 3057 3095 
6415 3063 3610 1174 3666 
6416 583 1061 1063 3555 
6417 1218 2924 1080 3445 
6418 270 1533 344 3304 
6419 1286 763 1205 2749 
6420 2589 3132 3037 3591 
6421 273 2422 321 3503 
6422 265 453 373 2797 
6423 1390 2917 1092 3370 
6424 2599 3307 2725 3565 
6425 2726 3419 2776 3424 
6426 319 516 2902 3450 
6427 2751 3357 1125 3490 
6428 525 285 418 2790 
6429 3230 3684 2747 3766 
6430 583 2885 3555 3665 
6431 648 649 3364 3520 
6432 2650 3175 2982 3686 
6433 331 3044 3287 3693 
6434 1296 888 1252 3034 
6435 1258 890 805 3033 
6436 1085 1081 1381 3035 
6437 340 3191 2743 3613 
6438 526 3184 407 3241 
6439 2367 3208 1973 3580 
6440 1189 3098 1362 3771 
6441 2770 2892 2589 3075 
6442 2671 3379 2809 3617 
6443 2238 2942 1731 3554 
6444 2709 3099 1917 3654 
6445 2602 2886 2965 3165 
6446 737 736 3010 3018 
6447 2479 2254 2708 3688 
6448 2292 2288 2091 3554 
6449 2238 1731 2292 3554 
6450 526 407 259 3241 
6451 460 2972 241 3416 
6452 714 724 725 3592 
6453 2376 3086 2200 3337 
6454 269 517 2425 2800 
6455 1625 3196 1646 3562 
6456 453 3354 2797 3509 
6457 2647 2939 2777 3197 
6458 2960 3079 2519 3637 
6459 1193 1264 1408 2967 
6460 2673 3214 3281 3417 
6461 269 2425 1524 2800 
6462 2057 3256 2918 3751 
6463 3148 3233 2637 3402 
6464 1725 3020 1738 3270 
6465 1229 3163 2758 3476 
6466 2864 2949 2581 3171 
6467 2864 2581 2950 3171 
6468 1428 572 221 3294 
6469 1351 2761 3199 3437 
6470 2666 3251 3457 3600 
6471 545 1359 1462 3321 
6472 2998 3481 2619 3577 
6473 1307 726 1392 3210 
6474 727 1198 726 3210 
6475 2289 2195 3103 3658 
6476 977 1052 1448 3266 
6477 2625 2705 2986 3290 
6478 108 409 294 3190 
6479 2753 2661 3444 3497 
6480 1370 1231 3125 3322 
6481 975 1054 3326 3659 
6482 1578 2820 1575 3269 
6483 513 3264 2941 3327 
6484 1446 304 262 3222 
6485 1729 1774 2771 3543 
6486 1841 1840 1886 3617 
6487 576 577 578 3365 
6488 1276 2782 1162 3727 
6489 944 3244 2788 3497 
6490 719 1236 1210 3074 
6491 2256 1993 2178 3075 
6492 2565 2951 2866 3173 
6493 2769 2891 2561 3734 
6494 2547 3010 2936 3446 
6495 3040 3365 574 3722 
6496 2169 1592 1593 3499 
6497 1595 1596 1593 3499 
6498 2722 3228 3007 3649 
6499 2587 3102 3018 3378 
6500 2279 3362 3112 3478 
6501 2624 3654 2788 3661 
6502 585 584 2885 3619 
6503 1567 2044 1570 2720 
6504 648 649 657 3364 
6505 1153 658 649 3364 
6506 2616 2886 3165 3579 
6507 2956 3001 2688 3314 
6508 2631 2932 2850 3269 
6509 3064 3482 2772 3704 
6510 2535 2979 2704 3572 
6511 1371 3251 1349 3535 
6512 1470 2893 1443 3570 
6513 1339 1268 568 2768 
6514 2736 2849 2641 3764 
6515 2776 3331 3424 3506 
6516 2071 3207 3066 3767 
6517 2053 2705 2986 3632 
6518 932 2724 1216 3323 
6519 2826 2895 2573 3602 
6520 440 232 506 2806 
6521 1886 2809 2017 3617 
6522 1357 3300 2711 3437 
6523 1432 558 239 3039 
6524 1851 2848 1850 3312 
6525 2983 3067 2508 3164 
6526 3184 3241 526 3589 
6527 3034 3452 2816 3611 
6528 773 2958 1209 3396 
6529 1247 3299 3330 3752 
6530 2566 2985 2813 3037 
6531 2698 2586 3198 3506 
6532 3379 3487 2693 3549 
6533 1104 3195 2944 3595 
6534 233 2800 424 3250 
6535 2437 2742 2164 3287 
6536 1101 1053 3211 3510 
6537 2829 2664 3374 3380 
6538 617 621 2815 3376 
6539 2609 2903 2918 3481 
6540 2748 3054 2645 3467 
6541 2077 1594 2982 3699 
6542 930 944 981 3448 
6543 2727 2840 2526 3322 
6544 2648 2990 2980 3144 
6545 1030 1513 1037 3368 
6546 2041 3257 2008 3629 
6547 2714 2816 2593 3452 
6548 2630 3048 3016 3701 
6549 1625 1646 2174 3562 
6550 2602 3514 2869 3697 
6551 2972 3356 2693 3549 
6552 838 947 3271 3455 
6553 2050 1570 2044 3522 
6554 2373 2048 2050 3522 
6555 2561 2721 3475 3551 
6556 2073 2207 2061 3498 
6557 402 559 274 3040 
6558 3411 3717 2736 3742 
6559 2865 2949 2563 3176 
6560 950 3104 1273 3446 
6561 3146 3338 2714 3576 
6562 2372 2695 3301 3750 
6563 2558 3542 3018 3771 
6564 2662 2827 2778 3760 
6565 2132 3668 3218 3741 
6566 2764 3381 2678 3386 
6567 2710 2632 3080 3516 
6568 2924 2670 3207 3767 
6569 1771 1811 2955 3399 
6570 625 629 2757 3576 
6571 435 3187 3063 3693 
6572 2636 3166 2963 3359 
6573 2767 3186 2510 3222 
6574 1649 1643 1650 2725 
6575 2150 1983 2269 2721 
6576 1102 1237 997 2722 
6577 770 768 936 2723 
6578 932 828 1216 2724 
6579 2237 1632 1731 2942 
6580 995 1168 2937 3467 
6581 2567 3194 2781 3306 
6582 682 2985 683 3636 
6583 2841 3498 2694 3721 
6584 2590 2969 3069 3199 
6585 1195 2827 1148 3377 
6586 2602 2952 2886 3165 
6587 2722 3069 2969 3199 
6588 1230 2758 1229 3163 
6589 404 2414 291 3369 
6590 634 2964 632 3308 
6591 717 3017 2715 3162 
6592 2650 2981 3175 3686 
6593 3070 3152 785 3703 
6594 2760 3170 2682 3404 
6595 1324 722 721 2962 
6596 979 3402 1339 3527 
6597 2322 2325 3424 3506 
6598 688 3012 2921 3409 
6599 559 573 274 3040 
6600 2980 2990 2591 3144 
6601 836 2783 3259 3777 
6602 2783 3709 3158 3711 
6603 2698 2572 3046 3524 
6604 898 3344 2719 3569 
6605 2513 3349 3224 3748 
6606 472 2801 485 3410 
6607 1284 3069 3199 3776 
6608 1421 3264 1248 3299 
6609 2224 2089 1984 3333 
6610 840 842 841 2777 
6611 2541 3017 2946 3335 
6612 1382 1086 1219 3529 
6613 2926 3251 2671 3329 
6614 2662 2919 3377 3453 
6615 1654 1656 3496 3650 
6616 1986 2770 2166 3485 
6617 2597 2867 3112 3478 
6618 2329 2328 1871 3513 
6619 1911 1980 1871 3513 
6620 2153 1592 2184 3514 
6621 2153 1588 1589 3514 
6622 2337 2505 2235 3582 
6623 2698 3046 3324 3524 
6624 1250 744 645 3004 
6625 2783 3158 2901 3711 
6626 2107 2706 2988 3606 
6627 2916 3278 2574 3474 
6628 2294 1713 2818 3249 
6629 1158 2896 642 3213 
6630 1156 2895 1158 3213 
6631 2901 3711 3158 3731 
6632 911 984 3031 3622 
6633 2521 3166 2963 3387 
6634 2715 3045 765 3493 
6635 911 3031 1281 3633 
6636 3264 3299 1247 3752 
6637 2409 2797 2476 3509 
6638 936 999 770 3671 
6639 324 233 1459 3614 
6640 2221 2220 3137 3728 
6641 513 2941 468 3327 
6642 2695 2625 3000 3301 
6643 2572 3324 3046 3524 
6644 1754 2753 1926 3732 
6645 3454 3469 2503 3656 
6646 2850 3269 2932 3678 
6647 529 2976 409 3736 
6648 2009 2021 1896 3258 
6649 2959 3104 2579 3446 
6650 2654 3356 2972 3549 
6651 995 1214 1168 3467 
6652 2187 2188 2861 3362 
6653 1976 2868 1912 3363 
6654 557 1442 299 2801 
6655 2190 2717 2027 3393 
6656 646 648 1282 3520 
6657 647 646 645 3520 
6658 717 3162 2715 3639 
6659 2692 2971 3298 3414 
6660 2805 3623 2442 3645 
6661 1171 671 673 3474 
6662 2226 2230 2225 2978 
6663 895 1159 739 3101 
6664 1608 3146 1818 3677 
6665 2741 3392 471 3515 
6666 2561 3475 2769 3551 
6667 2969 3069 2722 3333 
6668 2666 3251 2926 3329 
6669 829 3016 1389 3048 
6670 226 366 564 3063 
6671 3231 3429 3085 3675 
6672 2470 2104 2103 3459 
6673 2120 2700 3214 3417 
6674 1142 1145 1195 3760 
6675 675 1299 3425 3683 
6676 2737 674 3425 3683 
6677 477 484 365 3201 
6678 462 3013 427 3332 
6679 1225 3573 1164 3672 
6680 2824 2990 2648 3144 
6681 2899 2781 3194 3775 
6682 1356 3229 3332 3501 
6683 475 3408 2716 3655 
6684 226 486 366 3063 
6685 2607 3116 3069 3720 
6686 485 2801 472 3610 
6687 1729 2771 3062 3543 
6688 2617 3000 2695 3242 
6689 1715 3091 1714 3361 
6690 851 849 1281 3003 
6691 2170 2174 2171 2798 
6692 1065 591 1385 3000 
6693 1239 3152 2710 3763 
6694 1331 2966 907 3347 
6695 2595 2816 2714 3611 
6696 1807 3380 2829 3532 
6697 769 805 3343 3735 
6698 2528 2898 3171 3556 
6699 2267 1813 3350 3707 
6700 3001 3093 2688 3314 
6701 1532 2426 316 3220 
6702 2615 2997 2694 3480 
6703 2754 3153 3283 3553 
6704 2565 3022 2861 3110 
6705 2565 2861 3024 3110 
6706 2610 3028 2871 3114 
6707 2874 3025 2614 3115 
6708 2587 3378 3008 3398 
6709 1527 2473 2412 2993 
6710 2179 1887 1842 3673 
6711 1125 1401 1402 3490 
6712 2615 2694 2999 3480 
6713 967 983 904 3581 
6714 1331 875 907 2966 
6715 325 424 233 2800 
6716 1255 3254 674 3407 
6717 2091 2707 3412 3421 
6718 2196 1768 3090 3103 
6719 243 1457 361 2791 
6720 2418 298 1528 3187 
6721 2625 2705 2850 3632 
6722 485 3410 2801 3610 
6723 2822 2557 3134 3620 
6724 1802 2277 3371 3738 
6725 1391 595 2998 3242 
6726 3466 3552 2613 3608 
6727 662 763 2883 3307 
6728 2419 390 1545 3303 
6729 3042 3377 2644 3453 
6730 1872 1913 1873 3746 
6731 2918 3436 2378 3750 
6732 2720 3143 3014 3698 
6733 2689 3205 2739 3430 
6734 1704 2215 2214 2946 
6735 2889 3084 2546 3286 
6736 1889 3279 2243 3288 
6737 1917 3099 1931 3262 
6738 2554 2881 2785 3245 
6739 2513 2807 3729 3749 
6740 2575 3022 2866 3173 
6741 1984 2969 1913 3746 
6742 307 3264 308 3582 
6743 1047 1024 964 3347 
6744 2755 3060 2568 3554 
6745 2653 3211 2761 3550 
6746 2614 3505 3297 3631 
6747 509 319 516 2902 
6748 341 268 429 3061 
6749 1203 3054 3327 3471 
6750 1674 3025 3115 3505 
6751 748 2756 723 3560 
6752 2716 2518 3216 3645 
6753 911 3440 3031 3633 
6754 2038 2800 2012 3352 
6755 2211 2988 3283 3670 
6756 2533 2856 2704 3295 
6757 2751 3087 2649 3182 
6758 2789 3373 3202 3707 
6759 108 2976 409 3190 
6760 1322 701 765 3493 
6761 2653 3006 3211 3240 
6762 2725 3307 3047 3565 
6763 2890 3220 2636 3321 
6764 2620 2998 2841 3340 
6765 2140 1636 1645 3412 
6766 1876 3500 3193 3575 
6767 1787 1928 3092 3705 
6768 686 1125 3357 3490 
6769 2609 2918 2906 3481 
6770 2560 3137 2752 3435 
6771 2778 2827 2662 3218 
6772 1634 1731 1632 3554 
6773 1636 2288 1634 3554 
6774 454 2910 3740 3748 
6775 1422 1488 237 3354 
6776 2640 3642 3093 3738 
6777 1449 1254 1413 3501 
6778 2311 2833 1708 3319 
6779 2520 3164 3067 3526 
6780 364 3382 472 3410 
6781 1087 3293 1091 3608 
6782 390 1545 3303 3509 
6783 2065 2066 3207 3733 
6784 859 860 2909 3300 
6785 2531 2840 2727 3322 
6786 2877 3028 2610 3652 
6787 2426 1532 2346 3220 
6788 439 2977 399 3275 
6789 1640 3029 3002 3739 
6790 1039 3467 2748 3521 
6791 2696 3085 2905 3231 
6792 2290 2916 1656 3508 
6793 489 3470 473 3486 
6794 2078 2795 2079 3430 
6795 3084 3286 2889 3754 
6796 1284 3199 1352 3776 
6797 2700 3281 3214 3417 
6798 2971 3150 2681 3157 
6799 2692 3150 2971 3157 
6800 996 2881 1163 3551 
6801 390 2419 260 3303 
6802 1153 2755 649 3595 
6803 646 3520 2769 3734 
6804 2729 2839 2555 3536 
6805 2563 2851 3232 3560 
6806 1436 391 2992 3169 
6807 2661 3511 3262 3732 
6808 2557 2859 2843 3508 
6809 612 804 2773 3735 
6810 1241 3359 3345 3763 
6811 2585 3575 2802 3599 
6812 2798 3196 2779 3562 
6813 249 2775 1525 3540 
6814 862 1131 938 3675 
6815 2704 3295 3020 3302 
6816 3117 3452 1170 3716 
6817 2858 3043 2544 3106 
6818 1230 818 914 3296 
6819 1949 2948 1948 3245 
6820 3020 3295 2659 3302 
6821 2525 3248 3265 3432 
6822 2569 2962 2572 3635 
6823 603 2981 1219 3473 
6824 2731 3147 3145 3599 
6825 1631 2891 1630 3401 
6826 2435 2442 3623 3645 
6827 2676 3365 3089 3744 
6828 2632 2970 3070 3612 
6829 1757 2770 2166 3389 
6830 2453 504 3465 3613 
6831 842 840 887 2984 
6832 2724 3070 2970 3612 
6833 2261 1748 2260 3439 
6834 2763 3227 2676 3494 
6835 1886 2017 2335 3617 
6836 2737 3407 2574 3474 
6837 2607 2876 2900 3116 
6838 2706 3283 3153 3553 
6839 2666 3251 3329 3457 
6840 553 1410 419 2796 
6841 2691 3258 3057 3648 
6842 486 3063 435 3187 
6843 2457 2236 2499 3726 
6844 3277 3280 2745 3303 
6845 2691 3057 2799 3648 
6846 260 450 390 3303 
6847 2576 2944 2929 3421 
6848 2711 3326 1357 3510 
6849 2593 3376 2815 3716 
6850 1379 3318 986 3518 
6851 2565 3024 2861 3362 
6852 2600 3027 2868 3363 
6853 469 215 2996 3539 
6854 2411 374 2414 3387 
6855 273 3243 2422 3503 
6856 3042 3149 2718 3701 
6857 2708 3294 3217 3609 
6858 2580 2782 3624 3694 
6859 3039 2745 3280 3303 
6860 353 342 482 3609 
6861 517 325 507 2800 
6862 2558 3102 3018 3542 
6863 3132 3147 2731 3599 
6864 2304 1816 1740 3543 
6865 2267 3350 3202 3707 
6866 1080 2924 3035 3445 
6867 2909 3167 2577 3431 
6868 2271 2339 2089 2969 
6869 1869 1815 1812 2970 
6870 1784 1845 2799 3648 
6871 2721 2881 2551 3245 
6872 2602 2882 2723 3246 
6873 2340 2219 1920 2968 
6874 383 301 1443 2893 
6875 2068 2065 2804 2999 
6876 2826 2571 3176 3602 
6877 624 628 1204 2964 
6878 970 1379 986 3518 
6879 1466 544 1383 3191 
6880 2647 2939 3197 3705 
6881 2587 3018 3102 3542 
6882 2167 3202 2772 3707 
6883 1132 3594 3429 3675 
6884 1020 2926 896 3322 
6885 1436 2992 1483 3169 
6886 3099 3262 1917 3654 
6887 2397 2481 2784 3761 
6888 2196 2195 3007 3103 
6889 427 333 248 2925 
6890 1711 1712 2261 2959 
6891 781 780 810 2958 
6892 2467 2971 524 3540 
6893 2916 2574 3292 3474 
6894 1650 3505 2725 3631 
6895 2704 1217 3572 3597 
6896 2873 3376 2930 3677 
6897 2737 3458 3081 3756 
6898 337 2401 3013 3382 
6899 1285 644 652 3734 
6900 2158 2159 1694 2954 
6901 2843 2916 2553 3508 
6902 1437 371 297 3492 
6903 2652 3071 2888 3124 
6904 1771 1811 1772 2955 
6905 3110 3133 2583 3712 
6906 1513 544 1461 3191 
6907 1092 2917 3219 3370 
6908 2701 3273 850 3440 
6909 2907 3087 2599 3182 
6910 2517 3275 2797 3423 
6911 445 458 2972 3356 
6912 2625 2986 2705 3632 
6913 829 1213 1389 3016 
6914 1476 1174 3610 3666 
6915 2567 2899 2781 3194 
6916 107 409 108 2976 
6917 2596 3505 2874 3679 
6918 804 3343 2773 3735 
6919 2611 2786 2903 3256 
6920 1211 858 3488 3564 
6921 108 109 293 3190 
6922 1680 1674 3025 3115 
6923 1977 3028 2086 3114 
6924 835 833 3022 3110 
6925 835 3024 1200 3110 
6926 2759 3586 3051 3755 
6927 2689 3293 3154 3608 
6928 2825 3082 2927 3135 
6929 1643 1650 2725 3631 
6930 760 2964 634 3194 
6931 1073 3340 1220 3577 
6932 2558 3098 3059 3405 
6933 2779 2907 3182 3587 
6934 248 332 532 2925 
6935 1396 1091 1087 3293 
6936 568 1268 1477 2768 
6937 270 344 448 3304 
6938 983 1264 904 2967 
6939 811 2909 860 3300 
6940 2610 3028 3114 3363 
6941 431 461 2775 3596 
6942 2598 2900 2782 3730 
6943 1942 2277 2278 3642 
6944 2721 3289 2785 3667 
6945 2591 3253 3234 3717 
6946 1969 1968 2440 3511 
6947 2621 2930 2873 3376 
6948 1778 2927 1779 3135 
6949 1605 3420 3630 3711 
6950 2780 2567 2898 3556 
6951 2189 2027 3305 3534 
6952 1039 1214 3467 3521 
6953 2665 2713 3200 3527 
6954 222 1544 364 3410 
6955 949 2944 1104 3195 
6956 1156 2895 3306 3713 
6957 1325 1332 1109 3244 
6958 1115 1244 1318 2831 
6959 1799 1848 2217 2974 
6960 328 445 2911 3356 
6961 1324 2962 721 3265 
6962 2027 3404 2717 3534 
6963 2701 2580 3003 3624 
6964 2660 3250 2794 3675 
6965 3086 3149 2718 3605 
6966 2834 2899 2564 2964 
6967 2631 2885 3522 3555 
6968 1421 1247 3264 3299 
6969 2721 3138 2881 3551 
6970 1038 913 1039 3521 
6971 662 3307 2883 3679 
6972 1713 3091 2818 3249 
6973 2988 3606 2706 3696 
6974 2629 2855 2922 2933 
6975 872 871 870 3344 
6976 2533 2704 2856 3597 
6977 2647 3067 2983 3164 
6978 2753 2857 2549 3672 
6979 2648 3144 2980 3284 
6980 781 1207 1209 3396 
6981 2584 3002 2896 3021 
6982 2623 2739 3430 3563 
6983 448 438 2844 3304 
6984 2601 2803 2773 3757 
6985 2633 3606 2988 3696 
6986 2549 3252 2765 3413 
6987 2973 3169 2514 3236 
6988 2626 2734 3498 3529 
6989 2785 3245 2721 3667 
6990 3087 3297 2112 3631 
6991 983 1408 1264 2967 
6992 1701 1722 1712 3283 
6993 2211 2107 1722 3283 
6994 266 3408 475 3655 
6995 1651 3235 2852 3690 
6996 1297 2776 1335 3419 
6997 2582 2883 2749 3047 
6998 2392 2904 3348 3519 
6999 2613 3466 3066 3767 
7000 1691 3283 1701 3512 
7001 1194 1229 914 3476 
7002 2807 3049 2633 3729 
7003 998 3024 2867 3712 
7004 898 3052 2719 3344 
7005 2318 2316 2011 3423 
7006 535 1454 247 2920 
7007 2535 2704 3270 3572 
7008 2145 2143 2333 3158 
7009 2329 1871 2869 3513 
7010 1980 2869 1871 3513 
7011 2750 2789 2655 3350 
7012 1187 3088 1183 3198 
7013 2507 3237 2758 3476 
7014 2025 1951 2403 3170 
7015 3049 3058 2633 3729 
7016 2513 3729 3243 3749 
7017 2217 1848 1965 2943 
7018 2765 2674 3634 3636 
7019 3197 3358 2777 3548 
7020 2553 3292 2843 3474 
7021 2351 3247 2005 3536 
7022 758 3071 777 3124 
7023 1058 3143 2763 3418 
7024 1140 3186 1141 3545 
7025 1651 2852 1644 3690 
7026 1544 3382 364 3410 
7027 417 331 514 3044 
7028 606 2965 1182 3246 
7029 2545 2863 3084 3111 
7030 1374 1345 980 3449 
7031 1151 3569 2719 3684 
7032 2611 3249 2786 3256 
7033 270 2428 1533 3304 
7034 2980 3144 2591 3284 
7035 2255 2254 3233 3325 
7036 1421 3264 533 3327 
7037 889 3195 2732 3644 
7038 2647 3092 2939 3705 
7039 849 3440 911 3633 
7040 2561 3272 2730 3401 
7041 2541 2754 3153 3670 
7042 2545 3286 3409 3762 
7043 1516 1132 1051 3675 
7044 839 1335 2776 3419 
7045 2078 2079 2795 3466 
7046 2938 3161 335 3584 
7047 992 934 1017 3591 
7048 1495 2713 3492 3600 
7049 646 2769 652 3734 
7050 827 2718 922 3701 
7051 3357 3505 2725 3679 
7052 691 2889 3286 3754 
7053 2635 3220 2890 3321 
7054 2746 3158 2594 3383 
7055 2687 3443 3156 3531 
7056 239 358 1432 3039 
7057 2706 2558 3010 3771 
7058 2919 3660 2136 3741 
7059 2169 1593 2882 3499 
7060 1596 2882 1593 3499 
7061 2367 2276 2787 3314 
7062 2203 3008 3378 3398 
7063 2106 2793 1700 3759 
7064 1104 1305 3195 3595 
7065 517 269 424 2800 
7066 1856 1858 1857 3770 
7067 2595 3034 2816 3611 
7068 1933 2222 3205 3699 
7069 2344 3240 2088 3629 
7070 2875 3029 1617 3731 
7071 2166 2770 1986 3389 
7072 1349 3191 1513 3535 
7073 1953 2784 2406 3443 
7074 1678 1677 3084 3747 
7075 472 352 2801 3229 
7076 1229 978 3163 3476 
7077 2714 2757 3576 3716 
7078 1803 3097 2817 3702 
7079 3243 3729 2669 3749 
7080 2917 3370 1390 3664 
7081 2772 3090 1761 3707 
7082 1964 3723 3216 3743 
7083 3076 3285 2773 3757 
7084 2058 2380 3256 3751 
7085 2608 2803 2773 3714 
7086 1742 2202 3252 3702 
7087 831 3452 1106 3716 
7088 2593 2714 3452 3716 
7089 2160 1929 2010 3092 
7090 2773 2803 2608 3757 
7091 2795 3430 2078 3466 
7092 2654 3093 3001 3642 
7093 2550 2946 2715 3206 
7094 693 3388 2874 3720 
7095 534 2791 1314 3367 
7096 2681 3157 3150 3601 
7097 2784 429 3061 3239 
7098 2557 3508 2954 3620 
7099 2193 2322 2325 3424 
7100 1440 1435 272 2910 
7101 1357 860 908 3300 
7102 2102 2103 1918 3460 
7103 753 829 1317 3253 
7104 2876 3116 2618 3479 
7105 365 484 218 3201 
7106 2548 3045 2715 3335 
7107 1346 3213 2783 3525 
7108 336 470 232 2806 
7109 2743 3465 432 3613 
7110 2580 3624 2701 3694 
7111 2141 2307 2826 3383 
7112 1737 2203 3378 3398 
7113 1313 1496 1504 3367 
7114 1086 1076 1074 3529 
7115 446 3354 453 3509 
7116 542 1470 1443 3570 
7117 2194 2196 2195 3007 
7118 1608 3073 3146 3677 
7119 3230 3569 2537 3770 
7120 896 897 854 3322 
7121 2829 2836 2537 2968 
7122 1676 3413 2546 3762 
7123 2862 2947 2532 3650 
7124 2563 2949 2865 3651 
7125 2877 2953 2620 3652 
7126 334 438 344 3304 
7127 1564 2020 1562 3227 
7128 2166 2004 2297 3485 
7129 2625 3269 2820 3301 
7130 2397 2784 1953 3761 
7131 3112 3362 2597 3478 
7132 3059 3098 2679 3405 
7133 2110 1655 1657 3496 
7134 2773 2803 2601 3343 
7135 1054 1021 3326 3510 
7136 2777 2984 2524 3358 
7137 2576 2852 2755 3412 
7138 2698 3046 2572 3260 
7139 1557 2426 2452 3220 
7140 2993 2515 3238 3484 
7141 2826 2573 3315 3602 
7142 840 2777 841 3358 
7143 1247 3299 1245 3330 
7144 468 3327 2941 3471 
7145 836 3259 626 3777 
7146 2263 3141 2149 3730 
7147 2153 2886 1592 3514 
7148 2153 1589 2886 3514 
7149 2963 3166 2636 3387 
7150 2776 2726 3424 3647 
7151 2851 3432 2756 3682 
7152 2777 3197 2939 3358 
7153 2732 3500 3193 3687 
7154 1178 801 841 2939 
7155 2827 3009 1148 3377 
7156 1313 1315 1496 2911 
7157 2285 3043 2286 3106 
7158 2663 2796 2784 3546 
7159 2574 2916 2814 3496 
7160 2758 2838 2559 3434 
7161 2560 2947 2859 3650 
7162 2528 2864 2949 3651 
7163 2616 2953 2872 3652 
7164 2073 2061 2063 3498 
7165 2982 3175 2072 3663 
7166 971 3163 2794 3438 
7167 2888 3043 1746 3755 
7168 1134 3281 2741 3391 
7169 1878 2215 1784 2799 
7170 2475 2317 2409 2797 
7171 1986 3389 2770 3485 
7172 2134 3736 2976 3741 
7173 677 712 1159 3101 
7174 396 463 3166 3603 
7175 1305 3011 3195 3595 
7176 2760 2682 3170 3604 
7177 1716 1715 1714 3361 
7178 2724 2612 3121 3517 
7179 1431 226 564 3063 
7180 693 694 2874 3388 
7181 2319 1969 2320 2847 
7182 2698 3331 2776 3506 
7183 1662 3458 2286 3756 
7184 1190 834 2863 3022 
7185 2187 2861 2122 3023 
7186 1201 1292 2867 3024 
7187 953 2867 1292 3026 
7188 953 1114 2871 3026 
7189 1099 2871 989 3027 
7190 1622 2875 1618 3029 
7191 1681 1692 2876 3025 
7192 1581 2877 2085 3028 
7193 1097 1016 2878 3030 
7194 738 3101 712 3302 
7195 1247 3330 1245 3752 
7196 2568 2707 3011 3715 
7197 366 564 3063 3610 
7198 286 1549 3170 3393 
7199 2982 3175 2626 3686 
7200 1280 2789 1308 3431 
7201 671 1171 1303 2843 
7202 2704 3302 738 3597 
7203 2707 2568 3554 3715 
7204 817 777 816 3071 
7205 1894 2846 2011 3339 
7206 2719 3569 3230 3684 
7207 383 2893 2880 3691 
7208 3260 3331 2173 3768 
7209 776 2863 3022 3754 
7210 1826 2726 1788 3647 
7211 1474 2796 553 3603 
7212 2707 2568 3011 3554 
7213 2304 2375 2374 3530 
7214 705 3388 3116 3479 
7215 2604 3372 2917 3664 
7216 2565 2868 3024 3362 
7217 2600 2872 3027 3363 
7218 683 2985 3409 3636 
7219 472 3382 2801 3410 
7220 2817 3097 3071 3702 
7221 495 2973 3169 3570 
7222 922 2718 881 3637 
7223 2899 2964 2588 3775 
7224 2446 507 1539 2915 
7225 1033 1415 1454 2920 
7226 2559 2851 2756 3232 
7227 247 535 2920 3239 
7228 2990 3144 2824 3361 
7229 3099 3400 1968 3511 
7230 1381 3529 1382 3686 
7231 2892 3075 2770 3485 
7232 3049 3533 1004 3749 
7233 1659 1661 3147 3278 
7234 2653 3240 3178 3743 
7235 2519 2837 2718 3637 
7236 2318 2923 1885 3423 
7237 2991 3036 2529 3074 
7238 572 1463 3280 3294 
7239 2646 3684 3230 3766 
7240 2667 3610 3063 3666 
7241 2558 2706 3010 3681 
7242 1013 1368 947 3311 
7243 2572 2698 3260 3524 
7244 2048 3050 1571 3522 
7245 1237 2722 1102 3720 
7246 853 899 2884 3226 
7247 2630 2718 3149 3701 
7248 2896 3002 2584 3029 
7249 3011 3195 2595 3611 
7250 1918 3459 2709 3460 
7251 571 357 365 3655 
7252 2606 3028 2878 3120 
7253 2879 3030 2612 3121 
7254 2532 2862 2852 3109 
7255 1745 1744 2888 3043 
7256 628 629 632 3308 
7257 426 417 277 3450 
7258 431 378 461 3596 
7259 2725 3307 2751 3357 
7260 2386 3025 1674 3607 
7261 2138 1885 1858 2923 
7262 2771 3149 1774 3453 
7263 2673 3183 3129 3772 
7264 1286 763 2749 3482 
7265 2783 2830 3709 3711 
7266 2963 3166 2521 3359 
7267 264 548 1436 2992 
7268 1567 2044 2720 3698 
7269 1860 1885 2318 2923 
7270 2610 2872 3027 3177 
7271 2678 3386 3183 3426 
7272 312 2992 474 3718 
7273 2637 2708 3217 3769 
7274 2563 3232 2865 3560 
7275 1670 2765 1675 3762 
7276 2062 2384 3480 3765 
7277 2549 2857 3413 3493 
7278 1231 852 1378 3271 
7279 2355 2000 1934 3272 
7280 2150 2721 2269 3475 
7281 1675 3252 2765 3634 
7282 2757 2834 2578 3308 
7283 2539 3084 2889 3754 
7284 2529 3209 2898 3247 
7285 373 398 2475 3275 
7286 2382 3256 2379 3765 
7287 2001 2214 2215 3670 
7288 2720 2523 3143 3698 
7289 1270 1105 992 3591 
7290 2655 3350 2738 3598 
7291 1224 3153 2754 3553 
7292 2545 2813 2985 3502 
7293 2168 1905 3615 3660 
7294 337 488 364 3382 
7295 2525 3265 2756 3432 
7296 2711 2668 3211 3240 
7297 3055 3259 2901 3777 
7298 1134 1420 569 2741 
7299 2587 3542 3152 3703 
7300 2833 3265 3248 3432 
7301 304 1430 551 3346 
7302 1681 1682 1680 3025 
7303 776 834 833 3022 
7304 1687 1690 2122 3023 
7305 843 835 834 3022 
7306 1201 835 844 3024 
7307 1201 998 1200 3024 
7308 953 952 951 3026 
7309 2087 2085 1977 3028 
7310 990 954 953 3026 
7311 1114 925 989 3027 
7312 989 924 1118 3027 
7313 2085 1584 2086 3028 
7314 954 1100 1016 3030 
7315 1622 2170 1640 3029 
7316 1361 1015 1016 3030 
7317 2386 1681 1674 3025 
7318 1843 1887 1888 3627 
7319 2788 3654 2709 3661 
7320 2614 3115 3025 3505 
7321 2528 3171 2864 3556 
7322 1921 2802 1915 3599 
7323 3018 3323 761 3703 
7324 2614 3025 2874 3388 
7325 2219 2968 2752 3532 
7326 1057 2960 1405 3079 
7327 2757 3308 2578 3576 
7328 2068 2999 2804 3663 
7329 2263 1703 3141 3730 
7330 445 460 328 2911 
7331 2783 2603 3259 3731 
7332 688 3409 2921 3636 
7333 2539 3084 3111 3747 
7334 473 3470 3174 3486 
7335 2735 3284 2304 3530 
7336 2550 3512 2793 3758 
7337 2611 2774 3077 3765 
7338 1339 1268 2768 3769 
7339 1363 809 1375 3209 
7340 457 401 2915 3507 
7341 2687 2922 3418 3700 
7342 2889 3023 2550 3206 
7343 2639 3300 2711 3326 
7344 1139 1344 1143 2767 
7345 2684 3103 3090 3625 
7346 2509 3019 2938 3583 
7347 2791 3392 2741 3753 
7348 1945 2202 2817 3252 
7349 2740 3657 2838 3673 
7350 3023 3206 2889 3747 
7351 2843 2859 2543 3508 
7352 966 1410 2796 3546 
7353 1603 3630 2930 3640 
7354 2662 3377 2827 3760 
7355 2587 3152 3102 3399 
7356 2865 3176 2571 3602 
7357 2423 312 292 3718 
7358 2706 2547 3283 3553 
7359 1448 3266 2716 3622 
7360 2707 2576 2944 3595 
7361 2947 3137 2532 3650 
7362 2563 3139 2949 3651 
7363 2953 3142 2620 3652 
7364 1658 2916 2290 3508 
7365 2304 3284 2735 3543 
7366 489 2993 3470 3486 
7367 2220 1770 3532 3728 
7368 305 1434 218 3346 
7369 1330 2977 3354 3428 
7370 1788 2726 1766 3705 
7371 337 364 1544 3382 
7372 455 2768 449 3325 
7373 2790 3339 2517 3347 
7374 1896 3258 2021 3355 
7375 2735 3048 2630 3253 
7376 1571 2048 1574 3050 
7377 767 765 766 3045 
7378 2663 2978 2796 3442 
7379 2717 3327 3054 3471 
7380 1303 2843 669 3292 
7381 1785 2096 3094 3732 
7382 1055 2763 1058 3494 
7383 1176 3044 1467 3067 
7384 713 3592 3133 3712 
7385 1690 1700 2793 3512 
7386 2747 3684 3569 3766 
7387 2491 505 223 2975 
7388 2874 3115 2614 3505 
7389 2783 3259 2901 3731 
7390 2536 3344 2811 3590 
7391 2776 3419 2657 3424 
7392 2620 3119 2877 3242 
7393 2801 3666 2667 3724 
7394 1882 1949 1948 3245 
7395 606 1182 609 3246 
7396 1793 2145 1641 2746 
7397 304 3222 1430 3346 
7398 1823 3158 3709 3711 
7399 2785 2721 3245 3289 
7400 453 2797 265 3509 
7401 2753 3444 3005 3497 
7402 1983 2269 2721 3667 
7403 2868 3024 2597 3263 
7404 2644 2718 3149 3605 
7405 514 3044 331 3693 
7406 2279 1940 2101 3478 
7407 2518 3266 2808 3440 
7408 2536 2923 3344 3590 
7409 1216 2724 828 3703 
7410 2866 3513 2565 3557 
7411 2806 3408 2716 3623 
7412 2853 3072 2659 3235 
7413 449 2768 267 3609 
7414 1237 997 2722 3649 
7415 2612 3008 3323 3439 
7416 2887 3123 2650 3155 
7417 396 3166 1427 3603 
7418 2560 3137 2947 3650 
7419 2528 2949 3139 3651 
7420 2616 3142 2953 3652 
7421 2199 3422 3262 3732 
7422 2860 3107 2554 3270 
7423 2629 2724 3121 3517 
7424 2557 3108 2928 3334 
7425 3049 3729 2807 3749 
7426 2220 3532 2752 3728 
7427 567 1473 511 2938 
7428 2552 2954 2935 3134 
7429 2663 3156 3080 3461 
7430 2783 2901 3259 3777 
7431 2797 3423 2719 3428 
7432 1843 1888 1889 3279 
7433 1819 2091 2140 3412 
7434 1193 1264 2967 3657 
7435 1495 1383 3251 3492 
7436 2588 2757 2964 3628 
7437 267 449 455 2768 
7438 1863 2155 2935 3188 
7439 2667 2738 3015 3724 
7440 2062 3480 2835 3765 
7441 2683 3231 3085 3675 
7442 932 828 2724 3612 
7443 2876 2618 3116 3388 
7444 109 1481 528 3190 
7445 1950 3277 3230 3770 
7446 2555 3183 3386 3426 
7447 3129 3183 2555 3772 
7448 1605 3420 2930 3630 
7449 2841 3340 2998 3577 
7450 2760 3393 3170 3404 
7451 279 491 468 2941 
7452 419 2796 1410 3574 
7453 2641 2849 2736 3742 
7454 2518 3216 2808 3266 
7455 1901 2181 2838 3390 
7456 1705 1706 1684 3036 
7457 1732 1733 1706 3036 
7458 1270 1269 837 3037 
7459 1017 1269 992 3037 
7460 378 1440 272 3394 
7461 2305 1866 2231 3051 
7462 1382 3529 2981 3686 
7463 1540 2414 404 3369 
7464 543 1047 2790 2977 
7465 2793 3283 2754 3512 
7466 1406 1405 1057 2960 
7467 219 417 375 3287 
7468 1181 917 918 3274 
7469 2961 3374 2664 3380 
7470 2415 349 329 3695 
7471 2534 3126 2728 3310 
7472 2730 3130 2540 3311 
7473 1036 1356 1308 3501 
7474 2936 2959 2547 3446 
7475 2685 2959 2936 3446 
7476 1649 2725 1650 3658 
7477 2931 3123 2627 3618 
7478 3002 3029 2896 3739 
7479 776 2863 834 3022 
7480 2122 2861 1820 3023 
7481 1201 2867 998 3024 
7482 951 2867 953 3026 
7483 990 953 2871 3026 
7484 989 2871 1114 3027 
7485 1681 2876 1682 3025 
7486 1584 2085 2877 3028 
7487 1622 1617 2875 3029 
7488 1016 1100 2878 3030 
7489 2547 2706 3010 3553 
7490 2056 2054 2375 3751 
7491 2762 3129 3136 3772 
7492 3154 3205 2222 3699 
7493 2720 2989 2960 3519 
7494 2730 2564 3130 3308 
7495 2575 2866 3022 3557 
7496 2617 3028 2878 3558 
7497 2879 3030 2628 3559 
7498 1082 1088 1218 3608 
7499 1589 1588 1587 3579 
7500 1186 3324 1185 3524 
7501 3037 3075 2813 3132 
7502 2377 2795 2079 3372 
7503 727 729 730 2990 
7504 760 1204 634 2964 
7505 2875 2604 3118 3664 
7506 1421 1248 1247 3299 
7507 2559 2756 2974 3296 
7508 3297 3505 1673 3631 
7509 2867 2597 3112 3362 
7510 2871 2610 3114 3363 
7511 852 838 947 3271 
7512 2274 2000 2327 3272 
7513 2541 2988 2908 3468 
7514 2721 2561 3138 3551 
7515 2873 3117 2621 3376 
7516 1673 3505 1650 3631 
7517 2628 3121 2879 3397 
7518 1927 2935 2954 3620 
7519 1882 1948 2948 3245 
7520 3329 3457 2743 3465 
7521 780 1180 3373 3704 
7522 2460 344 1533 3304 
7523 996 1159 2881 3289 
7524 2523 3079 2904 3698 
7525 2532 3072 2853 3235 
7526 1898 3489 3032 3645 
7527 1317 1388 762 3773 
7528 1388 3320 762 3773 
7529 1721 1699 3295 3728 
7530 2755 3554 2568 3715 
7531 1681 3025 2386 3607 
7532 2110 2929 1655 3496 
7533 3079 3519 2904 3698 
7534 768 2723 770 3735 
7535 1004 3049 1001 3533 
7536 2285 1746 1744 3043 
7537 2286 1744 1667 3043 
7538 2705 3016 2630 3048 
7539 2634 2885 2720 3122 
7540 589 1097 590 3561 
7541 967 968 2762 3772 
7542 3054 3305 2717 3534 
7543 3174 3470 1042 3581 
7544 646 652 2769 3551 
7545 2548 3017 2715 3045 
7546 2976 3736 2511 3741 
7547 1688 2946 1689 3206 
7548 1003 3049 1004 3749 
7549 3068 3291 3196 3565 
7550 478 356 465 3238 
7551 2772 2958 2582 3090 
7552 1755 2882 1599 3285 
7553 1852 2282 1866 2994 
7554 2597 3024 2868 3362 
7555 2610 3027 2872 3363 
7556 1369 2781 1157 3525 
7557 1346 2783 836 3525 
7558 2508 3063 2983 3187 
7559 423 2938 335 3584 
7560 580 579 3143 3665 
7561 1351 1279 2761 3550 
7562 2643 3169 2973 3236 
7563 2612 3323 3104 3439 
7564 2980 2735 3320 3530 
7565 1549 2025 3170 3404 
7566 2570 2969 2761 3199 
7567 3447 3464 2738 3666 
7568 2585 3421 2944 3644 
7569 2722 3069 1102 3720 
7570 1665 3002 1817 3547 
7571 1492 1428 536 3609 
7572 1535 3351 312 3718 
7573 2594 3451 2950 3709 
7574 1640 1817 1665 3002 
7575 1458 567 573 2938 
7576 2708 2664 3294 3688 
7577 606 609 2965 3246 
7578 383 496 2893 3691 
7579 1329 898 3052 3428 
7580 1828 2165 1893 3197 
7581 3085 3231 2696 3429 
7582 1516 1051 3250 3594 
7583 2641 3706 3316 3742 
7584 1448 1426 1455 3655 
7585 1286 2749 3462 3482 
7586 841 842 863 2777 
7587 2793 3512 2754 3758 
7588 859 860 811 2909 
7589 1284 3069 1102 3199 
7590 2629 2724 2970 3612 
7591 2559 2838 2740 3434 
7592 2675 3299 3415 3441 
7593 513 2941 3264 3582 
7594 3068 2749 3291 3565 
7595 2423 2104 2470 2973 
7596 2427 321 2422 3503 
7597 2689 2739 3205 3563 
7598 1299 3683 680 3689 
7599 2092 1719 2281 3147 
7600 1601 2931 3640 3680 
7601 689 691 1322 3493 
7602 2631 2885 3122 3522 
7603 2216 1901 2217 3390 
7604 1891 1954 1892 3083 
7605 2781 3525 2830 3709 
7606 1458 1418 2938 3019 
7607 2524 3331 2776 3483 
7608 781 810 811 2909 
7609 3141 3151 2782 3694 
7610 2747 3280 3277 3766 
7611 2629 2922 2855 2970 
7612 1909 1814 3086 3605 
7613 2726 3358 3197 3647 
7614 1752 1704 1688 3335 
7615 762 1198 730 2980 
7616 1093 603 604 2981 
7617 2077 1594 2080 2982 
7618 662 663 3357 3679 
7619 2317 2797 2475 3275 
7620 2555 3136 3129 3772 
7621 975 3641 2925 3659 
7622 2889 2546 3084 3747 
7623 2526 3125 2727 3322 
7624 1669 2242 3081 3181 
7625 272 3394 2910 3503 
7626 482 2708 3609 3695 
7627 1722 3283 2706 3681 
7628 2794 2943 2683 3438 
7629 792 1290 790 2825 
7630 2707 2595 3011 3195 
7631 729 727 728 2824 
7632 2554 3020 2704 3270 
7633 2980 3320 2735 3773 
7634 1925 2246 2118 3085 
7635 1699 1697 3235 3728 
7636 2829 3380 2533 3532 
7637 746 719 1210 2812 
7638 933 1347 872 2811 
7639 1824 1993 2256 2813 
7640 668 1123 670 2814 
7641 2094 2283 2095 2816 
7642 617 621 620 2815 
7643 2294 1713 1702 2818 
7644 611 610 613 2819 
7645 1578 1577 1575 2820 
7646 1573 2083 1572 2821 
7647 2574 2737 3147 3407 
7648 405 2410 2423 2973 
7649 944 2788 929 3497 
7650 2524 2777 3358 3548 
7651 935 940 876 2822 
7652 2739 3056 2930 3640 
7653 2367 2276 2275 2787 
7654 2594 3525 2781 3709 
7655 2533 3295 2704 3302 
7656 2358 1884 2335 3617 
7657 2420 2469 2915 3507 
7658 2220 2219 2752 3532 
7659 1445 251 314 3224 
7660 260 2419 1559 3303 
7661 272 1440 2910 3394 
7662 2759 3051 2994 3313 
7663 1793 2145 2746 3383 
7664 2370 2743 3329 3379 
7665 1744 1746 2888 3043 
7666 2576 2707 3412 3595 
7667 2781 3306 1157 3525 
7668 3116 3388 2618 3479 
7669 1828 3197 1893 3526 
7670 415 474 312 2992 
7671 477 3201 365 3655 
7672 1924 1925 1849 3643 
7673 577 1058 2763 3494 
7674 2559 3232 2810 3288 
7675 1923 1755 3389 3697 
7676 1427 396 250 3166 
7677 3003 3411 847 3624 
7678 2524 2984 2766 3483 
7679 386 471 238 3391 
7680 2604 3088 3029 3118 
7681 2281 1659 1661 3147 
7682 1269 3037 1191 3502 
7683 1465 1044 1045 3585 
7684 2351 2363 1707 3247 
7685 2005 2351 2362 3247 
7686 2323 3262 2096 3732 
7687 2245 2166 1757 3541 
7688 2523 2720 3079 3698 
7689 1982 1853 1943 2823 
7690 1744 3043 1742 3096 
7691 2423 1535 312 3718 
7692 913 1038 964 3604 
7693 804 2773 3343 3714 
7694 2900 3069 2782 3776 
7695 2356 1747 2899 3451 
7696 295 1558 115 2421 
7697 571 218 8 1434 
7698 1675 2293 3252 3634 
7699 2708 2664 3217 3294 
7700 1387 3048 1389 3290 
7701 2795 2623 3370 3664 
7702 2813 3075 3037 3502 
7703 2223 1706 2197 3616 
7704 354 1425 350 2996 
7705 2759 794 3336 3586 
7706 1446 1430 304 3222 
7707 2826 3176 2571 3674 
7708 2627 2733 3155 3699 
7709 2727 3125 2551 3271 
7710 2561 3127 2728 3272 
7711 1917 2236 3099 3459 
7712 2659 2853 2785 3101 
7713 1960 3085 2314 3312 
7714 2621 2894 2739 3056 
7715 2680 3152 3102 3542 
7716 750 3018 761 3703 
7717 2411 2414 2229 3387 
7718 955 2884 899 3368 
7719 661 1188 2780 3556 
7720 1205 2749 3291 3462 
7721 2465 518 275 3504 
7722 2539 2889 3084 3747 
7723 2549 3413 3012 3493 
7724 838 791 1210 3455 
7725 1236 1012 1210 3455 
7726 397 427 248 3332 
7727 308 415 214 2744 
7728 309 2481 2397 3761 
7729 3257 3568 2344 3629 
7730 1757 2166 1986 3389 
7731 2614 3490 3297 3607 
7732 2803 3343 2732 3500 
7733 846 847 740 3624 
7734 626 3259 3055 3777 
7735 2254 3341 2708 3688 
7736 2410 2499 2973 3726 
7737 2632 3080 3156 3461 
7738 2769 3475 2721 3551 
7739 1832 2297 2178 3485 
7740 253 553 2796 3603 
7741 2519 3159 3019 3348 
7742 1539 2420 2469 2915 
7743 1405 3079 3019 3722 
7744 707 2858 1316 3477 
7745 2400 2436 1519 3366 
7746 469 2996 3238 3507 
7747 1064 1066 1062 2850 
7748 2623 3430 3370 3563 
7749 1515 1489 558 3354 
7750 1437 556 371 3492 
7751 2595 2707 3193 3195 
7752 2930 3056 2739 3630 
7753 2750 2789 2577 3431 
7754 2630 2705 3048 3337 
7755 2580 3141 2782 3694 
7756 839 1297 1335 3419 
7757 1409 2796 1474 3442 
7758 636 638 637 3587 
7759 2858 3106 2552 3477 
7760 1669 1824 2242 3181 
7761 604 2981 603 3165 
7762 2601 2732 3343 3500 
7763 2582 2958 2772 3704 
7764 2623 3055 2739 3563 
7765 2099 2100 3277 3303 
7766 1140 3545 1142 3706 
7767 650 632 1340 3308 
7768 1156 806 1158 2895 
7769 642 1158 654 2896 
7770 653 654 678 2896 
7771 2452 2426 2346 3220 
7772 2294 2379 3249 3765 
7773 1742 3096 3252 3634 
7774 2534 3271 2727 3310 
7775 2728 3272 2540 3311 
7776 2782 3151 2590 3776 
7777 2507 2838 2758 3237 
7778 2721 3245 1983 3667 
7779 2652 3051 3336 3586 
7780 3102 3152 2680 3399 
7781 2882 3246 2773 3285 
7782 2430 258 3691 3726 
7783 550 3281 1134 3391 
7784 2981 2626 3175 3686 
7785 3183 3208 2673 3386 
7786 529 409 289 3736 
7787 1287 1340 1013 3311 
7788 1839 1934 1825 3310 
7789 375 417 426 2742 
7790 472 2801 299 3610 
7791 2723 3246 3285 3735 
7792 2574 3147 2731 3407 
7793 949 2944 3195 3644 
7794 2381 2079 2795 3430 
7795 3129 3183 2673 3386 
7796 1048 3527 2713 3600 
7797 1280 826 2789 3431 
7798 1605 2930 1603 3630 
7799 1937 2959 2260 3439 
7800 2744 3415 2234 3582 
7801 1421 3264 1247 3752 
7802 2711 2668 3240 3629 
7803 2736 2849 2580 3411 
7804 531 561 1468 3190 
7805 1862 2846 1894 3188 
7806 676 3254 681 3683 
7807 2647 3197 3092 3705 
7808 2523 3089 2904 3722 
7809 1285 3131 644 3734 
7810 1092 1404 1403 3219 
7811 2724 3612 828 3703 
7812 2814 2576 2929 3496 
7813 2742 3268 3044 3450 
7814 2702 3159 2837 3615 
7815 2680 2890 3345 3585 
7816 2042 2046 3443 3531 
7817 504 432 3465 3613 
7818 1496 328 271 2911 
7819 1471 3239 1419 3546 
7820 2704 2533 3302 3597 
7821 2517 3423 2797 3428 
7822 2367 3580 1973 3753 
7823 1544 222 2429 3410 
7824 305 551 1434 3346 
7825 2899 2964 2834 3628 
7826 2769 3060 2556 3667 
7827 488 472 364 3382 
7828 393 480 300 3174 
7829 2550 3162 2946 3512 
7830 646 2769 1282 3551 
7831 725 1274 737 3446 
7832 682 837 2985 3254 
7833 2770 3463 2892 3671 
7834 2386 1673 3297 3607 
7835 2577 2958 2772 3090 
7836 2394 2164 2437 2742 
7837 2430 3691 3400 3726 
7838 2653 2716 3216 3743 
7839 2739 3056 2894 3563 
7840 1274 950 1273 3446 
7841 2742 3287 3044 3646 
7842 2296 3260 3204 3433 
7843 828 3612 3070 3703 
7844 989 1165 3027 3177 
7845 2729 3279 2563 3472 
7846 2695 3436 2918 3750 
7847 499 1424 250 3166 
7848 1251 1305 3011 3195 
7849 453 237 439 2977 
7850 3012 3286 2546 3762 
7851 565 1425 354 2996 
7852 2566 3081 2737 3147 
7853 2180 2473 3215 3673 
7854 2717 2027 3393 3404 
7855 1718 1729 1773 3062 
7856 2685 3323 3008 3439 
7857 2946 3162 2754 3512 
7858 1239 2710 3359 3763 
7859 1764 1781 3051 3755 
7860 2818 2876 2618 3479 
7861 2767 3346 2913 3384 
7862 2767 2512 3346 3384 
7863 580 3143 582 3665 
7864 1589 1590 2886 3579 
7865 329 2745 1559 3695 
7866 2913 3346 2512 3384 
7867 1082 3445 1083 3608 
7868 3102 3152 2587 3542 
7869 2479 2415 3688 3695 
7870 2852 2853 2556 3690 
7871 2663 3080 3156 3516 
7872 2973 3236 2514 3459 
7873 1589 1590 1591 2886 
7874 222 364 472 3410 
7875 2622 2965 2887 3123 
7876 2344 2342 2088 3240 
7877 758 1215 816 3071 
7878 2883 3047 2582 3103 
7879 2758 3237 2838 3434 
7880 2880 2690 3353 3691 
7881 2588 2830 2781 3775 
7882 2783 2830 2605 3777 
7883 2773 3285 3246 3735 
7884 2724 3070 3612 3703 
7885 2394 2164 2742 3646 
7886 486 226 435 3063 
7887 2793 3133 2550 3758 
7888 3019 3159 2509 3348 
7889 1681 2387 3025 3607 
7890 925 3024 1201 3263 
7891 2678 3208 3183 3386 
7892 2834 2964 2757 3628 
7893 1334 1335 1186 3483 
7894 532 1485 397 3332 
7895 918 3009 2702 3274 
7896 2750 2577 3167 3431 
7897 1499 238 393 3391 
7898 662 763 771 2883 
7899 962 1163 996 2881 
7900 996 1159 895 2881 
7901 1755 1596 1599 2882 
7902 1186 3198 1184 3324 
7903 2476 2139 2100 3230 
7904 2987 3490 2614 3607 
7905 1169 616 619 3056 
7906 1087 1083 3293 3608 
7907 2128 3241 3179 3668 
7908 2544 2888 3586 3755 
7909 2875 2901 2623 3259 
7910 2527 2810 2740 3745 
7911 2979 3148 2637 3402 
7912 2713 3465 436 3492 
7913 2113 3084 1763 3111 
7914 1224 2754 704 3553 
7915 688 1007 1164 3012 
7916 1000 2908 1014 3696 
7917 1767 1761 3090 3707 
7918 1407 1177 3268 3450 
7919 284 2467 1547 2971 
7920 944 929 2788 3661 
7921 2634 3418 2922 3700 
7922 2894 3293 2689 3563 
7923 1518 1248 1421 3264 
7924 2643 3236 2973 3459 
7925 2757 2964 2834 3308 
7926 781 1209 2958 3396 
7927 3279 3472 2729 3536 
7928 2983 3063 2667 3187 
7929 2592 2869 2951 3513 
7930 2600 2951 2869 3513 
7931 2317 2139 2476 2797 
7932 2675 3415 2994 3441 
7933 2615 2792 3207 3495 
7934 2683 2943 2794 3352 
7935 930 2788 3448 3661 
7936 1195 3377 814 3760 
7937 1527 2395 2473 2993 
7938 3128 3279 2729 3536 
7939 911 3440 976 3622 
7940 2100 2502 2476 3509 
7941 2908 3153 1014 3696 
7942 2601 3343 2803 3500 
7943 355 247 1454 2920 
7944 2797 3354 2977 3428 
7945 1345 3038 980 3449 
7946 2875 3259 2623 3664 
7947 1416 562 1509 3604 
7948 1643 1673 1650 3631 
7949 2485 246 338 3170 
7950 2715 2550 3206 3639 
7951 707 1299 1316 2858 
7952 956 1316 1298 2858 
7953 776 1190 834 2863 
7954 1645 1652 1653 2862 
7955 2122 2187 1820 2861 
7956 2187 2188 1822 2861 
7957 1201 1292 998 2867 
7958 951 1292 953 2867 
7959 2329 1871 1980 2869 
7960 1976 1911 1912 2868 
7961 953 1114 990 2871 
7962 989 1099 1114 2871 
7963 2095 1935 2157 2873 
7964 1693 1692 1702 2876 
7965 1681 1692 1682 2876 
7966 1584 2085 1581 2877 
7967 1622 1617 1618 2875 
7968 687 693 694 2874 
7969 1097 1016 1100 2878 
7970 2083 2371 1975 2879 
7971 794 2759 865 3586 
7972 2897 3074 2780 3774 
7973 668 2814 670 3292 
7974 1464 563 240 3189 
7975 655 656 641 3307 
7976 1872 1873 3568 3746 
7977 873 875 1331 3052 
7978 2567 3171 2898 3556 
7979 2895 2950 2594 3306 
7980 896 2926 897 3322 
7981 2807 3533 3049 3749 
7982 2548 3017 2799 3335 
7983 2040 2439 2451 2806 
7984 2118 2119 3352 3469 
7985 1940 3114 2101 3478 
7986 1890 1888 1891 3627 
7987 2881 2948 2551 3245 
7988 1453 981 982 3448 
7989 1056 1405 3019 3722 
7990 1245 3330 2992 3752 
7991 1550 2451 523 3212 
7992 1102 3069 2722 3199 
7993 375 426 227 3100 
7994 2877 2620 3142 3652 
7995 2862 2532 3137 3650 
7996 2563 2865 3139 3651 
7997 2925 3566 414 3659 
7998 2850 3050 2651 3555 
7999 1514 2880 1333 3601 
8000 1082 1218 1080 3445 
8001 1930 3202 2267 3350 
8002 1639 1631 2272 3401 
8003 1631 1630 1620 3401 
8004 2821 2879 2629 3397 
8005 2469 2504 2181 3507 
8006 2633 3058 3049 3488 
8007 2795 3370 2917 3664 
8008 2465 3200 518 3504 
8009 2139 2317 2316 3423 
8010 2171 2798 2174 3506 
8011 1974 3443 2046 3531 
8012 2685 3104 3323 3439 
8013 2453 504 2424 3465 
8014 2474 3241 2433 3456 
8015 764 3315 1320 3602 
8016 1397 2997 1077 3328 
8017 2912 3133 2793 3592 
8018 1733 1777 2927 3371 
8019 1136 3003 3316 3411 
8020 1094 1096 2933 3397 
8021 2558 3018 3010 3771 
8022 2808 3216 2653 3266 
8023 2758 2974 3163 3296 
8024 2525 3163 2974 3296 
8025 2852 3235 2853 3690 
8026 1945 2151 2202 3252 
8027 2186 1716 3144 3361 
8028 2714 3576 3452 3716 
8029 1387 1389 1066 3290 
8030 335 511 438 3583 
8031 1228 3017 717 3162 
8032 2874 3115 2596 3649 
8033 2546 2857 2715 3493 
8034 2190 2189 2027 3305 
8035 2976 3190 108 3589 
8036 2555 3183 3129 3386 
8037 1091 3370 3219 3608 
8038 2659 3295 3020 3728 
8039 2731 3132 2566 3147 
8040 2814 2543 2916 3292 
8041 544 1349 1383 3191 
8042 2296 3204 3260 3768 
8043 2774 3077 2618 3328 
8044 2747 2829 2537 3770 
8045 1499 1134 569 3391 
8046 2912 2959 2579 3446 
8047 2146 2785 1664 3690 
8048 2782 3151 2701 3624 
8049 2711 3211 2668 3510 
8050 2841 2998 2619 3577 
8051 1156 3306 1155 3713 
8052 2571 3315 2865 3602 
8053 427 462 281 3013 
8054 1536 382 276 3748 
8055 2208 2060 2841 3436 
8056 2528 2729 3472 3536 
8057 3013 3229 2655 3501 
8058 800 2939 942 3447 
8059 1577 2820 1578 3301 
8060 237 345 1422 3354 
8061 2547 2793 2754 3592 
8062 2560 2859 3137 3650 
8063 2528 3139 2864 3651 
8064 2616 2872 3142 3652 
8065 3013 3332 3229 3501 
8066 495 405 2973 3726 
8067 2152 2872 3363 3652 
8068 2786 3210 2903 3320 
8069 795 956 1298 3223 
8070 2872 2600 3027 3177 
8071 1411 3476 3168 3614 
8072 2904 3089 2672 3722 
8073 1875 2803 2291 3687 
8074 1836 3276 2268 3489 
8075 3410 3598 2801 3724 
8076 2094 2093 2237 3338 
8077 2498 3161 2460 3304 
8078 2224 3115 1680 3333 
8079 1141 3186 1143 3545 
8080 2963 3359 2710 3763 
8081 2650 2965 2886 3165 
8082 893 894 2940 3661 
8083 2784 2656 3443 3546 
8084 2838 2740 3434 3657 
8085 485 472 299 3610 
8086 882 2855 3461 3612 
8087 748 1257 3232 3560 
8088 682 1255 837 3254 
8089 1189 749 3542 3771 
8090 1249 1512 3236 3570 
8091 425 2914 455 3504 
8092 3128 3129 2555 3136 
8093 2585 2731 3145 3599 
8094 2875 3118 3259 3664 
8095 2096 2319 2312 2847 
8096 2597 3026 2867 3478 
8097 2673 2741 3214 3580 
8098 2602 2886 2952 3514 
8099 2616 2952 2886 3514 
8100 539 408 528 3184 
8101 885 811 860 3300 
8102 2384 2774 3480 3765 
8103 638 640 639 3587 
8104 2598 3141 3091 3730 
8105 513 392 2941 3582 
8106 2059 2382 2835 3256 
8107 2526 2948 2860 3107 
8108 2859 2947 2560 3108 
8109 2532 2947 2862 3109 
8110 2592 2951 2869 3113 
8111 2869 2952 2602 3113 
8112 2877 2953 2610 3119 
8113 2737 3425 674 3474 
8114 255 546 306 2844 
8115 2645 3305 3054 3534 
8116 1677 3084 2113 3762 
8117 995 956 866 3223 
8118 3392 3580 2741 3753 
8119 1388 1069 3320 3773 
8120 2682 3339 3170 3604 
8121 2768 3325 455 3504 
8122 1293 910 1202 3054 
8123 1263 927 3342 3644 
8124 1004 3533 1026 3749 
8125 1687 3206 3023 3747 
8126 511 522 567 2938 
8127 2060 2207 2208 2841 
8128 2689 3205 2894 3563 
8129 1748 2203 3008 3378 
8130 359 298 1551 3187 
8131 2673 3518 2741 3580 
8132 1251 1252 1305 3195 
8133 628 632 2964 3308 
8134 571 1426 357 3655 
8135 2906 2918 2609 2986 
8136 2632 3156 3080 3516 
8137 2221 3235 1697 3728 
8138 3170 3339 2790 3604 
8139 2534 2812 2927 3317 
8140 2014 1991 2013 2807 
8141 2503 2038 3352 3454 
8142 2528 2729 3139 3472 
8143 2729 2563 3139 3472 
8144 2734 2616 3142 3473 
8145 2620 2734 3142 3473 
8146 2163 1850 3526 3646 
8147 1102 997 926 3199 
8148 1284 1102 1352 3199 
8149 3031 3440 2518 3633 
8150 354 469 215 2996 
8151 2542 3043 2945 3096 
8152 2169 1593 1596 2882 
8153 1187 1183 1184 3198 
8154 659 1187 1338 3198 
8155 2392 2904 2019 3348 
8156 1370 896 1231 3322 
8157 2816 2873 2593 3117 
8158 2608 2873 2816 3117 
8159 2042 1974 2046 3531 
8160 943 3464 3447 3666 
8161 2930 3056 2621 3640 
8162 2218 1839 3310 3708 
8163 987 1055 1059 3105 
8164 3466 3552 2075 3767 
8165 2709 3236 2643 3459 
8166 1253 2909 810 3431 
8167 2034 1530 2485 3275 
8168 830 653 678 3021 
8169 662 656 3307 3357 
8170 2720 3519 3079 3698 
8171 1677 2113 1672 3762 
8172 1758 3103 3047 3658 
8173 627 1394 623 3664 
8174 2685 3104 2959 3446 
8175 2650 2982 2887 3155 
8176 2014 2807 2013 3192 
8177 2785 3245 2881 3289 
8178 2602 2882 2965 3499 
8179 2882 2622 2965 3499 
8180 2147 2137 3062 3309 
8181 2057 2058 3256 3751 
8182 2718 3086 3016 3701 
8183 2593 3376 2873 3677 
8184 513 468 235 3327 
8185 626 3055 622 3777 
8186 2830 3525 2783 3709 
8187 972 1177 1176 3268 
8188 406 3241 259 3589 
8189 1934 1999 3126 3272 
8190 2913 3346 442 3567 
8191 2589 3591 2802 3599 
8192 2992 3169 391 3718 
8193 1189 3542 3098 3771 
8194 424 459 3250 3454 
8195 1740 2771 1774 3543 
8196 2598 2782 3141 3730 
8197 2787 2678 3318 3537 
8198 1528 330 219 3287 
8199 2534 2728 3271 3310 
8200 2730 2540 3272 3311 
8201 2827 2919 2511 3009 
8202 2822 2928 2536 3334 
8203 397 248 532 3332 
8204 495 315 405 3726 
8205 585 584 582 2885 
8206 2770 2589 3033 3541 
8207 1750 3385 3068 3565 
8208 2588 3282 2830 3775 
8209 2830 3282 2605 3777 
8210 2598 2876 3116 3730 
8211 1473 511 2938 3583 
8212 2988 3153 2908 3696 
8213 2566 3037 2813 3132 
8214 3218 3668 2506 3741 
8215 1309 2766 1271 3524 
8216 398 439 399 3275 
8217 1958 3352 2943 3643 
8218 2497 249 1525 3540 
8219 1475 2801 557 3229 
8220 2852 2532 3109 3364 
8221 1266 2961 880 3217 
8222 2776 3331 2698 3483 
8223 804 612 2773 3714 
8224 2583 3110 3023 3133 
8225 1278 3426 2991 3537 
8226 2153 1589 1592 2886 
8227 2960 3637 2989 3719 
8228 1855 2097 1950 3277 
8229 2602 2965 2882 3246 
8230 996 3289 2881 3551 
8231 2805 2716 3622 3655 
8232 2691 2908 2799 3737 
8233 737 749 736 3018 
8234 878 3038 1345 3449 
8235 925 924 3027 3263 
8236 1761 2167 2772 3707 
8237 1945 1880 2199 3422 
8238 2582 3103 2958 3396 
8239 2855 2970 2922 3544 
8240 2689 3466 3219 3608 
8241 1745 1744 1746 2888 
8242 2542 2945 3043 3689 
8243 2969 3199 2590 3427 
8244 2560 2859 3108 3676 
8245 2706 3153 2988 3696 
8246 2410 1529 2499 3726 
8247 2759 2544 3586 3755 
8248 2761 3199 2969 3427 
8249 2545 3409 2765 3762 
8250 1791 2291 2803 3757 
8251 476 272 2910 3503 
8252 2710 3152 3399 3763 
8253 1495 1383 1049 3251 
8254 2593 3452 3117 3716 
8255 1222 1223 3524 3635 
8256 2870 3026 2606 3478 
8257 216 343 1538 2913 
8258 643 644 633 3734 
8259 1059 1471 1419 3546 
8260 3115 3505 2596 3658 
8261 2444 2975 1521 3753 
8262 2837 3348 1906 3615 
8263 372 2914 425 3200 
8264 1834 2849 3276 3694 
8265 967 2762 905 3772 
8266 2810 2563 3279 3288 
8267 508 518 2465 3200 
8268 2763 2687 3418 3700 
8269 2830 3282 2781 3775 
8270 2783 3282 2830 3777 
8271 2769 2891 2568 3060 
8272 2602 2723 2882 3697 
8273 2594 2783 3525 3709 
8274 2260 2959 2261 3439 
8275 3047 3103 2883 3658 
8276 929 3497 2788 3661 
8277 3064 3203 2657 3419 
8278 1244 2831 1116 3330 
8279 3157 3258 2658 3564 
8280 2761 2590 3199 3427 
8281 2612 3008 2724 3323 
8282 1838 1834 2849 3276 
8283 1136 847 3003 3411 
8284 2692 3355 3258 3564 
8285 1295 865 879 3441 
8286 1680 1674 1681 3025 
8287 2085 2086 1977 3028 
8288 834 835 833 3022 
8289 1200 835 1201 3024 
8290 924 989 925 3027 
8291 824 785 3070 3152 
8292 1253 974 859 3172 
8293 780 774 1180 3704 
8294 495 2973 443 3169 
8295 2745 3688 1559 3695 
8296 2076 3607 2792 3692 
8297 2575 3075 2813 3502 
8298 945 1352 3273 3776 
8299 746 2812 1210 3317 
8300 2607 3115 2874 3720 
8301 303 2443 2428 2845 
8302 821 820 783 3374 
8303 2570 2711 3006 3568 
8304 2528 2949 2864 3171 
8305 2567 2864 2950 3171 
8306 1472 3327 395 3471 
8307 1135 700 699 2889 
8308 1652 3137 2213 3650 
8309 1019 3139 1128 3651 
8310 1583 3142 1585 3652 
8311 1528 219 2431 3287 
8312 2508 3287 3164 3646 
8313 2718 3016 3086 3719 
8314 2792 3207 2076 3733 
8315 612 769 804 3735 
8316 1605 2287 3420 3711 
8317 1632 1630 2891 3338 
8318 3320 3530 2735 3773 
8319 1245 3299 1246 3330 
8320 2738 2667 3015 3666 
8321 1558 295 115 385 
8322 792 2825 790 3317 
8323 3083 3129 2762 3417 
8324 532 248 16 332 
8325 1023 3447 3015 3666 
8326 218 571 8 365 
8327 457 2915 3168 3539 
8328 2866 2951 2592 3173 
8329 2655 3464 2801 3598 
8330 2076 2387 3607 3692 
8331 457 401 263 2915 
8332 2987 3025 2618 3607 
8333 1309 1328 887 2984 
8334 533 395 1472 3327 
8335 490 2880 479 3353 
8336 1793 2826 2307 3383 
8337 1838 2124 2125 3180 
8338 2714 2942 2595 3611 
8339 1787 1928 1929 3092 
8340 2323 2199 3262 3732 
8341 2979 3572 1217 3597 
8342 673 707 1171 3477 
8343 2722 3199 2570 3228 
8344 571 357 9 365 
8345 2052 3632 2986 3750 
8346 2925 3366 414 3566 
8347 2605 3056 2930 3630 
8348 2894 3205 2739 3563 
8349 2341 2213 3137 3650 
8350 1019 1363 3139 3651 
8351 1588 1585 3142 3652 
8352 595 3000 592 3242 
8353 2129 3179 3309 3668 
8354 412 497 216 3456 
8355 2131 3589 3241 3668 
8356 2581 2949 2865 3176 
8357 335 2938 511 3583 
8358 2322 3424 3331 3506 
8359 2788 3099 2709 3654 
8360 3045 3444 939 3672 
8361 2785 3289 2556 3667 
8362 2817 2921 2542 3573 
8363 1085 1381 1382 3686 
8364 2753 3045 2857 3672 
8365 2592 2723 3389 3671 
8366 218 305 7 1434 
8367 3055 3056 2739 3563 
8368 2624 3005 2817 3573 
8369 2692 2995 3355 3564 
8370 2770 3389 2723 3671 
8371 2741 3281 1420 3518 
8372 2958 3090 2684 3103 
8373 2694 3577 2841 3721 
8374 883 965 3080 3461 
8375 2795 3219 2689 3466 
8376 673 3425 707 3477 
8377 315 182 2410 1529 
8378 2200 1909 1814 3086 
8379 2836 2968 2829 3532 
8380 1047 1498 543 2790 
8381 2849 3180 2516 3316 
8382 2641 3180 2849 3316 
8383 2630 3086 2718 3701 
8384 884 2951 924 3263 
8385 2639 3185 3172 3641 
8386 2817 2921 2549 3252 
8387 3192 3349 2513 3748 
8388 2728 3138 2561 3311 
8389 467 329 483 2745 
8390 2901 3158 2783 3731 
8391 2938 3019 2509 3593 
8392 1445 570 251 3224 
8393 2810 3279 2729 3669 
8394 352 557 2801 3229 
8395 2868 2565 3024 3263 
8396 1442 299 2801 3610 
8397 2531 2809 2884 3082 
8398 1876 3500 1875 3687 
8399 1666 2307 1793 2826 
8400 2569 2572 2962 3319 
8401 2582 3090 2958 3103 
8402 3193 3500 2732 3575 
8403 378 272 461 3394 
8404 2206 2207 2073 3498 
8405 497 2913 216 3456 
8406 2518 2716 3266 3622 
8407 601 2953 598 3177 
8408 601 1166 2952 3177 
8409 1040 1412 562 2760 
8410 2570 3006 2711 3437 
8411 1228 717 1227 3162 
8412 2615 3207 2924 3495 
8413 2129 3309 3218 3668 
8414 1864 1862 1894 3188 
8415 2567 2950 2864 3306 
8416 2718 2837 3274 3637 
8417 2901 1823 3711 3731 
8418 2605 3056 3055 3777 
8419 1445 252 549 3740 
8420 1344 3222 2767 3346 
8421 2075 2205 2390 3066 
8422 1526 527 259 3589 
8423 2672 3365 3040 3722 
8424 1971 3032 2456 3645 
8425 2590 2900 3069 3333 
8426 1797 2240 1813 3167 
8427 691 3286 690 3754 
8428 1189 1365 1362 3098 
8429 2637 3217 2708 3341 
8430 1126 3286 2863 3754 
8431 2808 3216 2518 3489 
8432 319 2902 3100 3450 
8433 2593 2815 3376 3677 
8434 1453 2893 1470 3448 
8435 3250 3454 459 3594 
8436 1245 1483 2992 3330 
8437 3072 3302 2659 3626 
8438 571 365 3201 3655 
8439 1941 1939 2870 3478 
8440 1996 3148 1903 3233 
8441 3133 3592 2912 3712 
8442 893 929 894 3661 
8443 2196 2289 2195 3103 
8444 2196 1760 1758 3103 
8445 952 1273 950 3104 
8446 1015 1323 1273 3104 
8447 1931 3262 3099 3511 
8448 2565 3022 2866 3557 
8449 2606 2878 3028 3558 
8450 2612 3030 2879 3559 
8451 883 921 965 3461 
8452 2258 3260 2173 3768 
8453 2843 2553 2954 3508 
8454 885 1207 811 3228 
8455 2631 3522 3050 3555 
8456 2102 3255 2103 3460 
8457 1366 3306 2864 3713 
8458 1034 1043 1022 3298 
8459 598 2953 1165 3177 
8460 1118 2952 1166 3177 
8461 899 2884 3226 3368 
8462 1886 2015 3549 3642 
8463 2936 3010 2558 3018 
8464 3063 3187 2508 3693 
8465 3266 2808 3440 3550 
8466 2886 2952 2616 3165 
8467 2989 3637 2718 3719 
8468 1659 2281 1719 3147 
8469 262 5 304 1446 
8470 3340 3498 2734 3529 
8471 2733 2982 2626 3686 
8472 2975 3314 2299 3753 
8473 1026 3533 3053 3749 
8474 1943 2823 1853 3313 
8475 2736 2580 3361 3411 
8476 2723 3246 2882 3285 
8477 2793 3133 2912 3712 
8478 2364 2332 3107 3406 
8479 2814 2916 2543 3496 
8480 2633 2988 2908 3696 
8481 2716 3216 2518 3266 
8482 306 1441 236 3360 
8483 383 1429 256 2880 
8484 2598 2876 2818 3479 
8485 927 889 3342 3644 
8486 2779 3196 2907 3562 
8487 2523 3089 3365 3744 
8488 2727 3271 2551 3310 
8489 2561 3272 2728 3311 
8490 2838 3434 3237 3657 
8491 2059 2057 2058 3256 
8492 2665 3200 2914 3527 
8493 2708 3217 2664 3341 
8494 2483 351 241 3416 
8495 1806 2243 2851 3288 
8496 623 626 627 3259 
8497 1886 3549 2809 3642 
8498 383 566 2880 2893 
8499 1477 2768 1268 3609 
8500 1867 2252 2253 3380 
8501 2881 3245 2721 3289 
8502 2528 3209 2898 3556 
8503 303 2428 270 2845 
8504 1311 3001 2956 3725 
8505 2835 3577 2694 3721 
8506 448 344 438 3304 
8507 2793 2754 3592 3758 
8508 1946 1890 3128 3279 
8509 1326 2842 3533 3696 
8510 753 3234 787 3253 
8511 3041 3318 2787 3725 
8512 2506 3545 3241 3668 
8513 2742 3100 2696 3450 
8514 337 1544 2401 3382 
8515 2190 2941 2505 3305 
8516 1748 1737 2203 3378 
8517 1913 2969 2339 3427 
8518 2560 2752 2968 3435 
8519 2763 3531 2687 3700 
8520 2857 3493 2549 3672 
8521 2163 3526 3164 3646 
8522 1654 1683 1656 3650 
8523 2152 2086 1584 3652 
8524 2914 3200 2713 3527 
8525 2680 3102 3098 3542 
8526 872 2811 1347 3334 
8527 2394 3312 1959 3646 
8528 1297 1206 1335 3462 
8529 2563 2810 3232 3288 
8530 2551 3271 2728 3310 
8531 2730 3272 2561 3311 
8532 1867 2253 3341 3380 
8533 2788 3262 3099 3654 
8534 935 2822 876 3334 
8535 1913 2339 2338 3427 
8536 2946 3017 2715 3335 
8537 2464 275 379 3504 
8538 2408 392 307 3582 
8539 2579 2912 3112 3759 
8540 34 354 1433 565 
8541 2664 2708 3341 3688 
8542 1710 1708 2833 3674 
8543 2570 3300 2711 3568 
8544 816 777 758 3071 
8545 449 3325 2768 3609 
8546 2229 2963 2449 3387 
8547 1732 1706 1705 3036 
8548 992 1269 1270 3037 
8549 2785 2853 2659 3235 
8550 1006 684 837 2985 
8551 2737 2538 3458 3756 
8552 1278 793 3426 3537 
8553 2821 2932 2631 3578 
8554 1298 757 759 3689 
8555 2726 2657 3203 3419 
8556 1742 3252 2293 3634 
8557 1215 816 3071 3573 
8558 2772 3373 2577 3707 
8559 432 3465 2743 3492 
8560 713 2912 3592 3712 
8561 2754 3162 2946 3670 
8562 236 1441 1456 3360 
8563 902 960 959 3669 
8564 2812 2540 3126 3616 
8565 2890 3405 2679 3585 
8566 2196 3090 1760 3103 
8567 2742 2696 3268 3450 
8568 1981 1927 2954 3620 
8569 231 2413 2805 3623 
8570 1710 3674 2833 3682 
8571 2719 2923 2537 3344 
8572 2849 3411 2736 3742 
8573 2605 3055 2901 3777 
8574 437 3264 1421 3752 
8575 315 182 405 2410 
8576 299 472 352 2801 
8577 1080 3035 1081 3445 
8578 3172 3185 2699 3641 
8579 1612 3073 1611 3628 
8580 2712 2572 3021 3547 
8581 402 234 98 559 
8582 2384 3480 2774 3733 
8583 2431 2437 2164 3287 
8584 1136 3003 851 3316 
8585 976 3440 3266 3622 
8586 1037 1461 1507 3356 
8587 1134 1420 2741 3281 
8588 1859 1861 2928 3590 
8589 2749 3047 2883 3307 
8590 2532 2853 2852 3235 
8591 2999 3035 2804 3663 
8592 2715 2946 2550 3639 
8593 2626 3035 2999 3663 
8594 3006 3240 2653 3723 
8595 472 488 352 3229 
8596 3007 3103 2596 3396 
8597 2778 2506 3218 3668 
8598 2803 1875 3500 3687 
8599 708 709 2962 3315 
8600 1641 2746 2145 3739 
8601 2418 1551 298 3187 
8602 687 2874 3357 3679 
8603 1393 1069 2903 3320 
8604 2920 3061 493 3239 
8605 1915 1921 1877 2802 
8606 1791 1875 1792 2803 
8607 1875 1791 2291 2803 
8608 2068 2065 2067 2804 
8609 538 1440 378 3394 
8610 2570 2722 2969 3199 
8611 490 383 2880 3691 
8612 2579 3104 2959 3439 
8613 2930 3376 2815 3677 
8614 2980 3284 2735 3530 
8615 1974 3156 1908 3443 
8616 819 748 1257 3232 
8617 1128 1256 1257 3232 
8618 2910 3243 2669 3749 
8619 215 34 354 1433 
8620 369 1447 300 3174 
8621 2905 3085 2696 3312 
8622 2591 3234 2828 3717 
8623 2286 1694 3106 3458 
8624 2571 2826 3315 3602 
8625 2182 3218 2129 3309 
8626 2918 3436 2695 3481 
8627 607 1090 1093 3155 
8628 1941 1940 1939 3478 
8629 2591 3062 2828 3234 
8630 653 635 642 2896 
8631 2668 3178 3211 3240 
8632 205 282 1546 380 
8633 456 2911 460 3416 
8634 2852 2853 2532 3364 
8635 2653 3216 2716 3266 
8636 612 2773 3246 3735 
8637 470 506 2806 3408 
8638 2818 3077 2957 3479 
8639 2446 2425 517 2800 
8640 492 454 3740 3748 
8641 2828 3742 2641 3764 
8642 1288 3318 3041 3725 
8643 2694 3035 2999 3529 
8644 2146 1726 1699 3020 
8645 442 2913 497 3346 
8646 1633 2891 1631 3475 
8647 1675 2765 1670 3634 
8648 2574 2814 2916 3292 
8649 2983 3015 2647 3092 
8650 2743 3379 2370 3613 
8651 2549 3005 2817 3422 
8652 2592 3173 2892 3485 
8653 2381 2078 2079 3430 
8654 1741 2383 2078 3430 
8655 1371 1383 1349 3251 
8656 419 500 253 2796 
8657 767 3095 798 3444 
8658 437 1421 1490 3752 
8659 3032 3489 3276 3633 
8660 2793 3592 3133 3758 
8661 2285 1744 2286 3043 
8662 2560 2811 2968 3676 
8663 1548 530 2455 2976 
8664 2932 3269 2820 3678 
8665 1474 1409 553 2796 
8666 1447 1502 1042 3470 
8667 2633 3533 2842 3696 
8668 1936 3193 2292 3421 
8669 3454 3594 2660 3656 
8670 914 1192 3237 3434 
8671 343 113 216 1538 
8672 489 370 2993 3486 
8673 304 6 305 551 
8674 2671 3226 2809 3535 
8675 3168 3476 2677 3614 
8676 107 2976 108 3589 
8677 1094 988 1096 3397 
8678 2517 3052 2846 3423 
8679 671 2843 1303 3292 
8680 2583 2861 3024 3362 
8681 2868 3027 2597 3363 
8682 2763 3418 3014 3700 
8683 2801 3410 3382 3598 
8684 1536 193 276 382 
8685 1792 2803 1875 3500 
8686 1744 1667 3043 3096 
8687 2903 2918 2619 3256 
8688 2715 3017 2946 3162 
8689 3230 3277 2747 3770 
8690 1463 1111 3280 3294 
8691 1695 3319 2712 3547 
8692 2442 2456 1558 2805 
8693 2396 2397 1953 3761 
8694 1802 2277 1777 3371 
8695 1733 1776 1777 3371 
8696 1810 3102 2176 3405 
8697 2684 3103 3007 3396 
8698 1107 2714 3452 3611 
8699 2403 3170 1951 3339 
8700 2487 1541 2972 3416 
8701 2986 3632 2625 3750 
8702 1846 1961 2240 3167 
8703 2587 2724 3070 3398 
8704 1399 2987 1089 3490 
8705 575 559 1415 3040 
8706 2821 2932 2628 3397 
8707 1080 1078 1081 3035 
8708 2789 3202 2738 3350 
8709 1884 2358 2361 3329 
8710 348 3189 421 3212 
8711 2377 2079 2391 3372 
8712 2740 3215 2967 3657 
8713 2630 3042 2771 3253 
8714 2622 3123 2887 3685 
8715 1654 1653 2862 3496 
8716 1161 1137 3706 3742 
8717 2538 3096 3043 3756 
8718 1988 1987 1879 3058 
8719 426 3100 2742 3450 
8720 3047 3307 2749 3565 
8721 504 224 2424 3465 
8722 1235 1090 1124 3155 
8723 800 1178 942 2939 
8724 2609 3530 3320 3773 
8725 429 493 3061 3239 
8726 2558 3102 3098 3405 
8727 1971 1898 3032 3645 
8728 1879 3058 1987 3468 
8729 2618 2987 2792 3328 
8730 2808 3266 2653 3550 
8731 2039 2435 1534 3623 
8732 617 1170 621 3376 
8733 3184 3241 2506 3545 
8734 297 52 371 1437 
8735 1978 2296 2315 3204 
8736 2746 2895 2594 3213 
8737 2603 2896 2746 3213 
8738 1083 1085 1090 3686 
8739 1854 3605 2837 3621 
8740 2596 3115 2874 3505 
8741 2066 2076 3207 3733 
8742 551 7 305 1434 
8743 3021 3324 2572 3524 
8744 786 2828 1160 3234 
8745 2691 2799 3057 3737 
8746 1198 1393 3210 3320 
8747 989 3027 1118 3177 
8748 457 2915 413 3168 
8749 3042 3234 2771 3253 
8750 884 844 2951 3263 
8751 649 3595 2755 3715 
8752 2663 3105 3156 3461 
8753 2810 3434 2740 3745 
8754 2125 3384 3180 3588 
8755 2768 2914 2665 3504 
8756 2742 2164 3287 3646 
8757 2005 2949 2006 3472 
8758 2006 2949 1947 3472 
8759 598 2953 600 3473 
8760 599 2953 598 3473 
8761 475 2716 3623 3655 
8762 2558 3098 3102 3542 
8763 1140 1141 1142 3545 
8764 740 1199 729 3411 
8765 2587 2955 3152 3399 
8766 2187 1985 2188 3362 
8767 1976 1912 2101 3363 
8768 2613 3552 2733 3608 
8769 1230 914 1229 2758 
8770 506 2806 3408 3538 
8771 2897 3130 2540 3395 
8772 2725 3658 2883 3679 
8773 922 2718 3637 3719 
8774 2071 3066 2205 3767 
8775 1222 1185 3324 3524 
8776 1624 3372 2907 3562 
8777 1559 2450 2745 3303 
8778 2903 3221 2611 3256 
8779 2950 3306 2895 3713 
8780 1321 3045 939 3672 
8781 595 592 594 3242 
8782 2490 2983 2161 3187 
8783 1881 1918 1917 3654 
8784 380 1546 205 2402 
8785 1518 3264 1421 3327 
8786 1415 98 234 559 
8787 1964 1997 3723 3743 
8788 2787 3318 3041 3537 
8789 2522 3299 2744 3330 
8790 2887 3155 2982 3699 
8791 589 3397 2932 3619 
8792 2733 2627 3154 3699 
8793 2241 2295 2240 2750 
8794 2563 3232 2851 3288 
8795 330 219 131 1528 
8796 1790 1774 3149 3453 
8797 1965 2398 2216 3390 
8798 2899 3194 2567 3261 
8799 1357 1101 3211 3510 
8800 2287 2830 1944 3420 
8801 2485 338 2496 3170 
8802 1738 1786 1809 3270 
8803 2946 3017 2541 3162 
8804 1846 1798 2832 3167 
8805 2955 3070 2587 3152 
8806 1104 2944 832 3595 
8807 2397 2481 2406 2784 
8808 2653 3211 3178 3240 
8809 327 2416 400 3353 
8810 2467 524 2030 3540 
8811 2860 3270 2554 3572 
8812 2496 286 1549 3170 
8813 2533 3374 2961 3380 
8814 2628 2879 2821 3397 
8815 2706 3606 2842 3696 
8816 2616 2872 2953 3177 
8817 2616 2952 2872 3177 
8818 1356 3229 1414 3332 
8819 2752 3072 2659 3626 
8820 2721 3475 2769 3667 
8821 1355 1357 3211 3437 
8822 2108 3544 2082 3700 
8823 2476 2409 2317 2797 
8824 2891 3131 2578 3401 
8825 2776 3424 3331 3647 
8826 2997 3221 1075 3577 
8827 2600 2951 2868 3263 
8828 1051 2794 3250 3675 
8829 2572 2712 3319 3547 
8830 2618 2774 3328 3692 
8831 415 2744 308 3752 
8832 2142 2950 2347 3451 
8833 2142 2144 2950 3451 
8834 276 2432 1536 3748 
8835 2021 1525 2775 3540 
8836 766 765 717 3017 
8837 2637 2979 2856 3148 
8838 1279 3273 2761 3550 
8839 1302 2883 771 3396 
8840 471 3391 2741 3515 
8841 971 3438 2794 3675 
8842 3241 3545 2510 3668 
8843 2829 3374 2533 3380 
8844 2841 2998 2620 3436 
8845 607 3123 1124 3155 
8846 2756 3265 2833 3432 
8847 2012 1965 1958 2943 
8848 2818 3249 2611 3765 
8849 786 2828 1161 3706 
8850 2440 1553 3353 3691 
8851 1528 219 131 2431 
8852 2072 2982 2080 3175 
8853 2673 3129 2762 3772 
8854 2711 3257 2639 3326 
8855 469 2996 465 3238 
8856 1481 539 528 3184 
8857 79 311 256 560 
8858 1847 3568 2832 3746 
8859 1351 926 886 3437 
8860 2590 3069 2900 3776 
8861 2901 3259 2875 3731 
8862 2711 3300 2570 3437 
8863 2513 3192 3053 3224 
8864 3053 3192 2635 3224 
8865 2692 3258 3157 3564 
8866 2610 2953 2872 3177 
8867 2872 2952 2600 3177 
8868 2001 2988 2211 3670 
8869 1427 250 1424 3166 
8870 297 339 1466 3492 
8871 2680 3399 3152 3763 
8872 350 465 2996 3484 
8873 550 1447 1041 3174 
8874 1729 1740 1774 3543 
8875 2757 3146 2714 3576 
8876 1770 1721 3295 3728 
8877 2618 3328 2792 3692 
8878 2734 2981 2626 3175 
8879 2755 3364 649 3520 
8880 2649 2795 2917 3372 
8881 2738 3598 1930 3724 
8882 2516 3032 3276 3633 
8883 1611 1607 1944 3420 
8884 2548 2715 3017 3335 
8885 2549 2921 2817 3573 
8886 2467 2030 2971 3540 
8887 2892 3173 2592 3671 
8888 2620 3436 2998 3523 
8889 2625 2820 3269 3678 
8890 2464 379 3325 3504 
8891 2069 2075 3552 3767 
8892 2718 3701 3016 3719 
8893 1089 3490 2987 3495 
8894 410 1456 561 3360 
8895 2711 3568 3257 3629 
8896 753 742 3234 3253 
8897 883 1238 825 3080 
8898 786 1161 1150 3706 
8899 2836 2968 2752 3435 
8900 2673 3214 2741 3281 
8901 2591 2990 2736 3144 
8902 2562 2738 3092 3447 
8903 1211 858 892 3488 
8904 1863 3188 2935 3620 
8905 1407 1450 1177 3450 
8906 534 361 2791 3367 
8907 2727 2534 3135 3267 
8908 2531 2727 3135 3267 
8909 1725 1699 3020 3295 
8910 2529 3074 2897 3774 
8911 1847 1872 3568 3746 
8912 2542 2921 2817 3252 
8913 327 479 284 3353 
8914 3062 3309 2137 3764 
8915 2918 2986 2906 3750 
8916 1390 1092 1394 3370 
8917 1289 2956 3318 3725 
8918 1471 2920 535 3239 
8919 2621 3640 2931 3680 
8920 1488 503 237 2977 
8921 1892 2154 3128 3129 
8922 2143 2142 2950 3383 
8923 1115 1116 1244 2831 
8924 2663 2784 3443 3546 
8925 2624 3262 2788 3654 
8926 2962 3315 2571 3674 
8927 2456 2805 2442 3645 
8928 2447 2013 1990 3729 
8929 2141 2950 2142 3383 
8930 669 668 670 3292 
8931 2108 2922 3544 3700 
8932 2771 3062 2662 3453 
8933 934 3342 3033 3591 
8934 786 1150 2828 3706 
8935 2726 3197 1788 3647 
8936 1256 2810 856 3232 
8937 2369 2368 2072 3663 
8938 2730 3272 2540 3395 
8939 2744 3330 3299 3752 
8940 327 284 186 1547 
8941 1909 3086 2989 3605 
8942 2549 2817 3005 3573 
8943 437 1490 515 3752 
8944 1376 2839 720 3426 
8945 493 2920 464 3491 
8946 402 444 234 3040 
8947 1296 1252 1251 3611 
8948 2577 3167 2909 3625 
8949 1280 1308 826 3431 
8950 2835 2997 2694 3577 
8951 861 1230 3163 3296 
8952 589 590 2932 3561 
8953 2797 3428 2719 3684 
8954 801 800 779 2939 
8955 2910 2513 3740 3748 
8956 414 2925 333 3366 
8957 1677 1763 3084 3747 
8958 2686 3470 3174 3581 
8959 1324 813 2854 3265 
8960 1698 2224 1680 3333 
8961 1003 1004 1026 3749 
8962 939 1212 3005 3497 
8963 1843 3279 1889 3288 
8964 1203 3054 1350 3327 
8965 2248 2503 3469 3656 
8966 2509 3304 2844 3583 
8967 1773 3062 2137 3764 
8968 2612 2724 3008 3517 
8969 572 358 221 3039 
8970 429 2784 310 3574 
8971 2788 2661 3244 3511 
8972 2892 3037 2589 3075 
8973 2756 2974 3296 3432 
8974 2668 2711 3510 3629 
8975 2754 2541 3162 3670 
8976 2956 2787 3318 3725 
8977 577 3365 575 3494 
8978 1271 2766 3483 3524 
8979 2594 2781 3451 3709 
8980 252 1445 314 3740 
8981 2605 2815 2930 3056 
8982 543 1484 1047 2977 
8983 928 3342 934 3591 
8984 2958 3103 2684 3396 
8985 2714 2942 3004 3338 
8986 787 753 742 3234 
8987 2736 2641 3742 3764 
8988 2566 2731 3147 3407 
8989 2883 3658 2596 3679 
8990 2837 3605 2644 3621 
8991 2642 2748 3160 3467 
8992 1441 306 546 2844 
8993 683 2985 684 3409 
8994 1844 3258 1845 3648 
8995 1959 1851 1850 3312 
8996 2785 2853 2556 3289 
8997 2595 2732 3193 3687 
8998 2734 3175 2626 3498 
8999 3400 3691 2893 3726 
9000 2529 2897 2780 3774 
9001 2780 2898 2529 3774 
9002 2781 2899 2588 3775 
9003 2590 2900 2782 3776 
9004 2605 2901 2783 3777 
9005 2591 2980 2735 3253 
9006 1917 1918 2236 3459 
9007 3015 3447 2738 3666 
9008 532 332 1417 2925 
9009 1035 2801 1475 3464 
9010 2817 3005 2624 3422 
9011 2055 2918 2378 3750 
9012 2526 2727 3125 3708 
9013 2727 2551 3125 3708 
9014 2684 2909 2832 3625 
9015 898 871 3344 3569 
9016 2745 3294 2664 3688 
9017 2712 3319 1695 3674 
9018 720 2839 1375 3209 
9019 1654 1655 1653 3496 
9020 2619 3436 2918 3481 
9021 2587 3152 3070 3703 
9022 1766 2726 3203 3705 
9023 2691 3355 3058 3488 
9024 2603 2783 3158 3731 
9025 1136 847 851 3003 
9026 2695 3436 2998 3481 
9027 2574 3140 2731 3145 
9028 2731 3140 2585 3145 
9029 2557 2928 2822 3334 
9030 2669 3729 3049 3749 
9031 2960 3079 2720 3519 
9032 2551 3127 2728 3138 
9033 2527 3128 2729 3136 
9034 2729 3128 2555 3136 
9035 2728 3127 2561 3138 
9036 2864 3306 2950 3713 
9037 2683 2934 2854 3643 
9038 2268 3032 1898 3489 
9039 2558 2936 3018 3378 
9040 1456 410 236 3360 
9041 2845 3360 411 3736 
9042 2757 2593 3073 3716 
9043 388 455 425 2914 
9044 2276 2787 3314 3738 
9045 1014 2908 891 3737 
9046 508 2465 1543 3200 
9047 595 1221 2998 3242 
9048 2877 3242 2617 3523 
9049 1606 3630 1603 3640 
9050 2812 2530 2927 3317 
9051 2562 2726 2939 3705 
9052 2594 2895 2746 3383 
9053 224 508 159 3465 
9054 2580 3361 3141 3694 
9055 750 784 3542 3703 
9056 1622 3029 1640 3739 
9057 2566 3147 2737 3407 
9058 2592 3485 2892 3671 
9059 2649 2917 2795 3219 
9060 516 555 1508 3450 
9061 2450 2099 3277 3303 
9062 2530 2812 2927 3616 
9063 1302 771 1209 3396 
9064 861 812 1230 3296 
9065 2590 2761 3199 3273 
9066 704 3553 2754 3592 
9067 513 235 3264 3327 
9068 1921 1877 2802 3541 
9069 1617 1629 3731 3739 
9070 949 1104 1305 3195 
9071 1272 722 1324 3635 
9072 2744 3264 2675 3582 
9073 2982 3155 2733 3699 
9074 2356 3451 2899 3710 
9075 997 3228 2722 3649 
9076 1799 2974 1805 3432 
9077 581 3143 1058 3418 
9078 2639 2909 2832 3300 
9079 2568 2891 2769 3734 
9080 2433 111 302 1526 
9081 2617 3000 2820 3301 
9082 493 3061 2920 3491 
9083 1754 1785 1783 3094 
9084 798 767 796 3095 
9085 2835 3221 2997 3577 
9086 2329 3389 2869 3697 
9087 2655 2738 3464 3598 
9088 2311 1708 1709 3319 
9089 2718 922 3701 3719 
9090 2627 3155 2733 3293 
9091 2765 2921 2549 3012 
9092 1579 1577 1578 3301 
9093 2787 2956 2703 3314 
9094 1799 1805 1735 3432 
9095 1577 1575 2820 3578 
9096 2083 2821 1573 3578 
9097 2562 3092 2939 3447 
9098 1306 688 2921 3636 
9099 2514 3236 3169 3570 
9100 2697 3566 2925 3659 
9101 383 1443 566 2893 
9102 3066 3207 2670 3767 
9103 1734 2833 2311 3248 
9104 2959 3104 2685 3439 
9105 2594 2781 3306 3451 
9106 2735 2980 2591 3284 
9107 2562 3203 2726 3705 
9108 987 1095 1058 3418 
9109 1410 1409 966 2796 
9110 1243 1474 1242 3442 
9111 2137 2182 2129 3309 
9112 2738 2667 3666 3724 
9113 2894 2931 2621 3640 
9114 2757 3146 2593 3716 
9115 2649 2917 2907 3372 
9116 2677 2943 2794 3163 
9117 2586 3424 2776 3462 
9118 2581 2895 2950 3383 
9119 633 3131 1340 3308 
9120 2162 2160 2983 3164 
9121 1808 1807 2829 3532 
9122 2601 2773 3285 3757 
9123 560 256 79 1429 
9124 2106 1700 1730 3759 
9125 2519 3348 2904 3519 
9126 295 442 484 3567 
9127 2528 3247 2839 3536 
9128 1180 941 1280 3373 
9129 2722 3007 2596 3649 
9130 1309 2766 3524 3635 
9131 2898 3209 2529 3774 
9132 1425 350 2996 3484 
9133 963 3280 2747 3766 
9134 1801 2147 1774 3453 
9135 2981 3529 2626 3686 
9136 1779 3082 1840 3135 
9137 1947 3279 1889 3472 
9138 681 676 682 3254 
9139 1138 1344 1139 2767 
9140 2533 3374 2836 3626 
9141 2584 3021 3046 3547 
9142 801 839 3358 3419 
9143 3105 3156 2687 3443 
9144 2780 3209 2898 3774 
9145 2671 3251 2743 3329 
9146 2630 3149 3042 3701 
9147 2127 2129 3179 3309 
9148 3014 3143 2523 3698 
9149 1757 1923 1755 3389 
9150 2401 2462 3013 3382 
9151 664 1234 710 3072 
9152 2529 3036 2897 3074 
9153 2135 3218 2919 3741 
9154 2656 2784 3061 3239 
9155 2806 3178 2716 3408 
9156 1470 1512 1249 3570 
9157 2792 2987 2618 3607 
9158 2707 3195 3011 3595 
9159 2744 2675 3415 3582 
9160 429 3239 2784 3574 
9161 2803 3343 2773 3714 
9162 1231 3267 807 3271 
9163 2602 2965 2886 3499 
9164 2887 2965 2622 3499 
9165 2614 2987 3025 3388 
9166 1526 259 3241 3589 
9167 2631 2932 2821 3619 
9168 2874 3388 2607 3720 
9169 2526 2860 2948 3571 
9170 1934 2360 3127 3310 
9171 1340 3131 1285 3311 
9172 2525 3296 2974 3432 
9173 2067 2065 2066 3207 
9174 2611 2835 2774 3765 
9175 2822 2928 2557 3620 
9176 435 3063 226 3693 
9177 514 541 1444 3693 
9178 1611 3073 1607 3420 
9179 2673 3281 2741 3518 
9180 2581 2864 2950 3713 
9181 2629 2970 2855 3612 
9182 2162 1893 2160 3164 
9183 840 839 1334 3358 
9184 2584 3002 3021 3547 
9185 1251 3011 1250 3611 
9186 734 3072 1233 3626 
9187 2422 3243 273 3748 
9188 2359 2168 2428 2845 
9189 2036 2361 3329 3457 
9190 2068 2368 2065 2999 
9191 1220 1073 1221 2998 
9192 882 2855 920 3461 
9193 939 3005 3444 3497 
9194 2748 3160 2645 3534 
9195 2519 2989 2960 3637 
9196 2650 2965 2887 3499 
9197 2650 2886 2965 3499 
9198 2945 3043 2538 3096 
9199 2868 2951 2565 3263 
9200 1432 1515 558 3039 
9201 2870 3026 2579 3528 
9202 2612 3030 2870 3528 
9203 1240 1358 823 3763 
9204 1646 2192 3068 3196 
9205 2712 3315 2962 3674 
9206 1826 3331 3424 3647 
9207 2938 3161 2509 3583 
9208 2299 2300 2298 3314 
9209 490 496 383 3691 
9210 890 3033 934 3342 
9211 662 663 656 3357 
9212 686 1125 656 3357 
9213 2724 2629 2970 3517 
9214 2519 2718 2989 3637 
9215 859 810 1253 2909 
9216 1956 3129 1957 3386 
9217 2534 2927 2812 3616 
9218 2628 2932 2821 3578 
9219 2675 3264 2744 3299 
9220 2556 2755 3060 3520 
9221 2707 3412 2755 3554 
9222 2907 2917 2649 3587 
9223 2891 2578 3131 3734 
9224 1254 1253 1308 3431 
9225 2817 2542 3071 3573 
9226 1289 3318 1288 3725 
9227 2736 3742 2828 3764 
9228 2394 2437 1542 3100 
9229 2368 2999 2068 3663 
9230 3160 3403 2201 3534 
9231 2551 2948 2881 3571 
9232 402 99 274 559 
9233 2687 3156 3105 3461 
9234 2756 3296 2525 3432 
9235 2755 2568 3060 3520 
9236 2251 3627 1887 3673 
9237 2994 3054 2645 3305 
9238 548 1245 2992 3752 
9239 1669 1670 3181 3634 
9240 1104 832 1153 3595 
9241 1528 2490 2418 3187 
9242 796 797 857 3057 
9243 2967 3215 2515 3657 
9244 2669 3058 3355 3488 
9245 2020 2042 2458 3227 
9246 2703 2741 3518 3580 
9247 361 362 243 2791 
9248 1277 3069 1284 3776 
9249 2658 3157 3150 3258 
9250 1305 3011 3595 3715 
9251 2739 2894 2621 3640 
9252 1254 3172 1253 3431 
9253 2683 3438 2943 3643 
9254 2700 3581 2762 3662 
9255 510 541 514 3693 
9256 429 268 310 2784 
9257 524 2467 284 2971 
9258 2921 3012 2765 3409 
9259 944 2788 930 3661 
9260 2069 2804 2068 3767 
9261 769 3343 804 3735 
9262 2096 2319 2847 3511 
9263 2583 3112 2867 3712 
9264 1899 2808 1837 3489 
9265 2739 3055 2605 3056 
9266 713 743 2912 3712 
9267 186 327 1547 2416 
9268 2730 2540 3130 3395 
9269 2655 2801 3382 3598 
9270 2121 2120 1537 3214 
9271 1798 2832 3167 3625 
9272 623 3055 626 3259 
9273 2554 2948 2881 3245 
9274 1892 1956 2154 3129 
9275 438 255 2844 3583 
9276 2748 2645 3160 3467 
9277 1642 1628 1643 3631 
9278 1247 1246 1245 3299 
9279 2758 2838 2507 3390 
9280 777 3336 794 3586 
9281 2996 3238 2515 3484 
9282 2483 2491 223 3416 
9283 2141 1793 2307 3383 
9284 1445 252 86 549 
9285 1357 886 3300 3437 
9286 357 571 9 1426 
9287 2811 3590 2968 3676 
9288 2642 3160 2937 3467 
9289 379 455 3325 3504 
9290 2689 3219 2795 3370 
9291 2874 3025 2607 3388 
9292 3021 3046 2572 3324 
9293 3192 3224 2513 3349 
9294 774 3373 1180 3704 
9295 310 2784 268 3761 
9296 1601 2931 1933 3205 
9297 3150 3157 2692 3258 
9298 764 2865 1128 3560 
9299 2580 2782 3141 3727 
9300 2782 2598 3141 3727 
9301 3013 3501 2655 3638 
9302 2273 3068 1750 3385 
9303 3370 3430 2689 3563 
9304 1389 1386 1062 3016 
9305 2902 3100 2696 3469 
9306 2841 3577 2619 3721 
9307 2574 3145 2731 3147 
9308 927 889 890 3342 
9309 928 890 934 3342 
9310 889 888 805 3343 
9311 2846 2966 2536 3052 
9312 2849 3003 2580 3411 
9313 2777 2524 2984 3548 
9314 2275 2787 2276 3738 
9315 1405 1032 1056 3019 
9316 997 1208 3228 3649 
9317 2778 3179 2641 3186 
9318 1283 677 1159 3289 
9319 558 345 239 3354 
9320 786 1161 2828 3742 
9321 1897 2994 1852 3313 
9322 2517 2719 3052 3423 
9323 1350 1295 1248 3441 
9324 2746 3158 2145 3739 
9325 1175 1503 1174 3063 
9326 2594 2950 2895 3383 
9327 2049 2048 2373 3050 
9328 649 1301 3595 3715 
9329 2645 3054 2994 3441 
9330 2671 3329 2743 3379 
9331 3161 3584 2938 3593 
9332 1715 1703 3091 3141 
9333 1953 2397 2406 2784 
9334 1394 1390 3370 3664 
9335 375 132 219 2431 
9336 2526 3406 3107 3449 
9337 2251 3215 3627 3673 
9338 2516 2767 3180 3384 
9339 513 3264 307 3582 
9340 2625 3269 2850 3678 
9341 1601 2931 3205 3640 
9342 411 2845 441 3360 
9343 2585 3140 2929 3145 
9344 2408 1520 392 3582 
9345 1396 1235 946 3293 
9346 1160 2828 786 3760 
9347 2613 2733 3445 3608 
9348 2755 3595 2707 3715 
9349 2790 2977 2517 3275 
9350 1201 3024 844 3263 
9351 2708 3609 3217 3769 
9352 2415 1559 3688 3695 
9353 1160 814 787 3234 
9354 907 3347 2966 3521 
9355 2509 3348 3159 3615 
9356 1416 2790 1047 3604 
9357 2060 3436 2057 3721 
9358 909 1034 1022 3564 
9359 2930 3420 2605 3630 
9360 2365 3310 1839 3708 
9361 2601 2723 3285 3735 
9362 2775 3394 461 3503 
9363 2068 2804 2069 3552 
9364 2621 2931 2894 3618 
9365 2749 3291 2599 3307 
9366 2729 2527 3136 3669 
9367 2592 2951 2866 3513 
9368 2600 2868 2951 3513 
9369 2602 2952 2869 3514 
9370 2616 2872 2952 3514 
9371 2233 1866 2282 3415 
9372 1649 3047 2725 3658 
9373 1356 1475 1414 3229 
9374 2732 2803 3500 3687 
9375 2734 3142 2616 3579 
9376 2739 2621 3056 3640 
9377 689 3012 685 3286 
9378 2748 2717 3404 3534 
9379 973 2905 1327 3231 
9380 434 2902 3594 3656 
9381 1829 2848 2315 3204 
9382 2891 3060 2769 3475 
9383 2635 3224 3192 3349 
9384 2632 3461 2855 3612 
9385 1541 241 2972 3416 
9386 383 78 256 1429 
9387 361 1457 534 2791 
9388 2930 3630 2739 3640 
9389 1151 3569 3684 3766 
9390 3241 3589 2506 3668 
9391 2637 3402 3233 3769 
9392 2869 3113 2602 3697 
9393 2675 3299 2744 3415 
9394 330 130 298 1528 
9395 2939 3197 2726 3358 
9396 2305 1764 1781 3051 
9397 1161 3706 2828 3742 
9398 2680 3098 3102 3405 
9399 2607 2722 3069 3333 
9400 1608 3073 1612 3146 
9401 2711 3211 3006 3240 
9402 2501 2416 1547 3353 
9403 1929 2160 2165 3092 
9404 1117 3236 1512 3570 
9405 3225 3433 2766 3635 
9406 2692 2995 2775 3355 
9407 2679 3053 2807 3192 
9408 2718 3086 2989 3719 
9409 2802 3342 2732 3575 
9410 2605 3630 3420 3711 
9411 2542 3043 3124 3689 
9412 230 1478 388 2914 
9413 566 1453 2880 2893 
9414 2765 2549 2921 3252 
9415 2674 3409 2985 3636 
9416 335 3161 229 3584 
9417 2667 3410 2801 3724 
9418 2296 3260 2258 3768 
9419 1807 1855 2829 3380 
9420 2830 3282 2783 3525 
9421 2781 3282 2830 3525 
9422 116 385 2413 1558 
9423 2077 2982 2070 3699 
9424 2517 3339 2846 3347 
9425 2846 3339 2682 3347 
9426 276 403 2432 3349 
9427 2719 3344 2537 3569 
9428 1996 2254 2253 3341 
9429 2581 2950 2895 3713 
9430 488 3013 462 3229 
9431 2830 3451 2781 3709 
9432 1487 1141 1143 3545 
9433 2782 2900 2590 3151 
9434 2511 3660 2919 3741 
9435 685 3286 3012 3409 
9436 1646 2192 2193 3068 
9437 1842 1901 2179 2838 
9438 2370 3329 2358 3379 
9439 1555 2465 275 3504 
9440 2697 3185 2925 3366 
9441 1273 3104 1323 3323 
9442 1894 2011 1951 3339 
9443 3260 3483 2766 3524 
9444 856 902 901 2810 
9445 856 1256 902 2810 
9446 2348 2310 1919 3517 
9447 249 2775 461 3503 
9448 2619 2998 3436 3481 
9449 2011 1894 2318 2846 
9450 791 746 1210 3317 
9451 2825 2927 2534 3135 
9452 2572 3319 2569 3433 
9453 2427 3243 1992 3503 
9454 1442 1476 3610 3666 
9455 375 227 133 2437 
9456 1899 2266 2808 3723 
9457 794 865 795 3586 
9458 2002 2870 1939 3439 
9459 764 709 1320 3315 
9460 2427 2422 3243 3503 
9461 2682 2966 2846 3347 
9462 2690 3244 2788 3448 
9463 249 2497 502 3540 
9464 1844 1902 1896 3258 
9465 2556 2853 2852 3364 
9466 2123 1838 1834 2849 
9467 2888 3071 2542 3124 
9468 2547 2793 2912 3759 
9469 2605 2739 3056 3630 
9470 2376 2200 1816 3337 
9471 2587 3070 2724 3703 
9472 2595 3193 2732 3195 
9473 2820 2625 3000 3678 
9474 221 358 467 3039 
9475 3029 3731 2603 3739 
9476 1517 1451 2996 3237 
9477 514 1444 3044 3693 
9478 3316 3411 2849 3742 
9479 973 3231 1259 3429 
9480 791 792 790 3317 
9481 2408 177 307 392 
9482 1843 1889 2243 3288 
9483 1908 1974 1907 3156 
9484 862 2854 813 3438 
9485 2907 2649 3182 3587 
9486 2533 2752 2836 3532 
9487 660 3074 697 3774 
9488 2524 3204 2984 3548 
9489 1788 3197 2726 3705 
9490 2757 2588 3073 3628 
9491 2402 1562 2020 3491 
9492 2768 2665 3233 3504 
9493 2565 2866 2951 3513 
9494 2565 2951 2868 3513 
9495 2600 2869 2952 3514 
9496 2600 2952 2872 3514 
9497 2432 193 276 1536 
9498 1624 2391 2907 3372 
9499 630 3118 627 3259 
9500 1538 2417 216 2913 
9501 657 664 2853 3364 
9502 468 395 3327 3471 
9503 483 2745 329 3695 
9504 2534 2728 3126 3455 
9505 2728 2540 3126 3455 
9506 3179 2510 3545 3668 
9507 2978 3369 2796 3442 
9508 3159 3274 2837 3637 
9509 2533 2836 2752 3626 
9510 304 497 3222 3346 
9511 2599 3291 2749 3565 
9512 2860 2554 2948 3571 
9513 3105 3443 2656 3546 
9514 1899 2266 1837 2808 
9515 1445 3224 314 3740 
9516 2938 2509 3161 3593 
9517 1188 1360 760 3194 
9518 634 651 760 3194 
9519 3219 3370 2689 3608 
9520 324 1459 3168 3614 
9521 1051 3250 2794 3614 
9522 2517 3052 2719 3428 
9523 2621 2819 2931 3618 
9524 2109 2021 2775 3355 
9525 2737 3081 2566 3254 
9526 400 327 185 2416 
9527 2264 2149 2900 3730 
9528 1823 2901 1613 3731 
9529 3026 3114 2606 3478 
9530 2690 3400 3099 3511 
9531 3014 2763 3531 3744 
9532 2743 3465 2713 3492 
9533 2894 3205 2931 3640 
9534 2546 3413 3012 3762 
9535 2543 2947 2862 3650 
9536 2865 2949 2581 3651 
9537 2610 2953 2877 3652 
9538 1520 2459 279 2941 
9539 2778 3545 3186 3706 
9540 2777 2984 2848 3548 
9541 304 305 497 3346 
9542 2543 2859 2947 3650 
9543 2864 2581 2949 3651 
9544 2610 2872 2953 3652 
9545 2561 2730 3131 3401 
9546 2730 2578 3131 3401 
9547 2721 2556 3289 3667 
9548 2580 3411 3003 3624 
9549 1675 2151 1994 3413 
9550 2034 2485 2403 3170 
9551 2733 2626 2982 3663 
9552 2607 3025 2874 3115 
9553 2871 3028 2606 3114 
9554 2861 3022 2539 3110 
9555 2583 3024 2861 3110 
9556 1889 3279 1946 3472 
9557 1998 3240 3723 3743 
9558 2655 3229 2801 3464 
9559 1250 3004 643 3576 
9560 415 2992 2744 3752 
9561 2487 2302 1541 3416 
9562 2672 2938 3584 3593 
9563 241 389 2494 2972 
9564 2551 2727 3310 3708 
9565 2698 3483 3260 3524 
9566 1070 2903 1069 3481 
9567 2412 143 296 356 
9568 359 2429 222 3410 
9569 3005 939 3444 3672 
9570 1942 3082 2277 3642 
9571 559 99 274 573 
9572 2364 2007 2332 3406 
9573 1944 2287 2324 2830 
9574 2557 2843 2954 3508 
9575 1142 3545 2778 3706 
9576 2672 3019 2938 3593 
9577 799 1377 2860 3449 
9578 237 453 345 3354 
9579 2905 3085 2638 3231 
9580 2571 3315 2826 3674 
9581 548 1245 1483 2992 
9582 2849 3316 3003 3411 
9583 2756 2833 2571 3682 
9584 2008 2041 1962 3257 
9585 639 3182 1404 3587 
9586 2619 3577 2835 3721 
9587 2569 3433 3225 3635 
9588 2781 2830 2588 3710 
9589 2605 2830 2783 3711 
9590 2600 2868 3027 3263 
9591 2946 3162 2541 3670 
9592 2882 2965 2622 3246 
9593 2514 3169 2973 3570 
9594 2271 2149 1932 3151 
9595 2700 2762 3417 3662 
9596 227 318 2495 3100 
9597 2570 3199 2761 3437 
9598 2984 3204 2848 3548 
9599 339 244 50 1466 
9600 2799 2908 2691 3468 
9601 3227 3531 2763 3744 
9602 2774 3692 2384 3733 
9603 2848 2905 2638 2984 
9604 2723 3389 2882 3697 
9605 2764 2839 2555 3426 
9606 2069 3552 2804 3767 
9607 1447 1042 3174 3470 
9608 1046 3157 1505 3414 
9609 1421 70 235 437 
9610 3042 3149 2771 3453 
9611 2594 3306 2950 3451 
9612 979 878 916 3038 
9613 2778 3218 2662 3309 
9614 2606 3026 2870 3528 
9615 2606 2870 3030 3528 
9616 2423 3351 1535 3718 
9617 1110 1463 1111 3280 
9618 2362 1685 2898 3247 
9619 2591 2736 2990 3717 
9620 2545 3084 2863 3286 
9621 461 3394 272 3503 
9622 2034 3170 2403 3339 
9623 2556 3364 2755 3520 
9624 2726 3358 2776 3419 
9625 2145 3158 2262 3739 
9626 2998 3242 2620 3523 
9627 2695 3242 2998 3523 
9628 1637 1638 1647 3395 
9629 1172 3134 1171 3477 
9630 1221 1391 595 2998 
9631 592 595 1385 3000 
9632 2302 2298 2300 3416 
9633 1106 1250 643 3576 
9634 2607 3069 2722 3720 
9635 2914 3200 2665 3504 
9636 2652 3071 2940 3097 
9637 2415 329 1559 3695 
9638 2870 2579 3104 3528 
9639 2612 2870 3104 3528 
9640 2100 1950 2099 3277 
9641 1183 830 1184 3324 
9642 2544 2759 3223 3313 
9643 2581 2826 2895 3383 
9644 2664 2745 3280 3294 
9645 3041 3318 1288 3537 
9646 1769 1725 2204 3295 
9647 1725 1721 1699 3295 
9648 975 3326 974 3641 
9649 425 372 230 2914 
9650 76 301 322 542 
9651 2589 3033 2802 3591 
9652 2599 3196 3291 3565 
9653 2123 2124 1838 2849 
9654 2675 3054 2994 3305 
9655 2127 3179 2126 3180 
9656 2881 2948 2554 3571 
9657 1780 2265 2354 3381 
9658 509 2902 1261 3594 
9659 3159 3348 2837 3615 
9660 3233 3402 2768 3769 
9661 2510 3241 3184 3545 
9662 1733 1706 3036 3616 
9663 2241 2295 2750 3638 
9664 1345 878 980 3038 
9665 2704 3572 2979 3597 
9666 2450 2745 3277 3688 
9667 2044 3519 2720 3698 
9668 2744 3264 308 3752 
9669 1278 2991 745 3537 
9670 249 431 2775 3540 
9671 1615 1612 1611 3628 
9672 768 3246 2723 3735 
9673 2045 3014 3531 3744 
9674 1750 3047 3385 3565 
9675 2113 1677 1763 3084 
9676 413 325 324 3168 
9677 1641 3002 2746 3739 
9678 902 901 2810 3669 
9679 1769 2204 2252 2856 
9680 707 675 1299 3425 
9681 2696 3100 2902 3450 
9682 2644 3149 3042 3453 
9683 2462 2343 2401 3013 
9684 2946 3162 2550 3639 
9685 2715 3162 2946 3639 
9686 2204 1995 2252 2856 
9687 2827 2919 3218 3741 
9688 1295 3299 1248 3441 
9689 1677 1686 1763 3747 
9690 1230 1229 978 3163 
9691 1499 393 550 3391 
9692 1311 2956 1289 3725 
9693 2768 3233 2665 3402 
9694 2218 2365 1839 3708 
9695 1883 2357 2218 3708 
9696 538 3394 378 3596 
9697 1936 2292 2091 3421 
9698 259 302 111 1526 
9699 1539 263 140 2420 
9700 1493 3053 1044 3224 
9701 513 307 392 3582 
9702 319 3100 2902 3656 
9703 1582 1579 2372 3301 
9704 287 471 3392 3515 
9705 2793 2583 3133 3712 
9706 153 241 2483 351 
9707 2556 3060 2769 3520 
9708 2524 2766 2984 3204 
9709 2759 2645 3223 3313 
9710 1924 3248 2934 3643 
9711 2655 3501 2750 3638 
9712 1435 84 272 323 
9713 403 195 2426 316 
9714 296 489 370 2993 
9715 502 2030 524 3540 
9716 690 3286 1126 3754 
9717 2120 2028 1537 3653 
9718 2519 3019 2904 3348 
9719 545 1424 499 3166 
9720 1107 3452 1296 3611 
9721 1437 52 371 556 
9722 2994 3054 2675 3441 
9723 3083 2762 3581 3662 
9724 2255 3325 3233 3504 
9725 1826 3331 2322 3424 
9726 328 1507 288 3356 
9727 1808 1807 1855 2829 
9728 1728 3144 1717 3284 
9729 1309 3225 2766 3635 
9730 2693 2809 3368 3535 
9731 1749 1717 2185 3284 
9732 674 3254 676 3683 
9733 2574 3147 2737 3278 
9734 2646 2719 3230 3684 
9735 2751 3297 3087 3631 
9736 2007 2840 1884 3406 
9737 2746 2896 2603 3739 
9738 2096 3262 1931 3511 
9739 2538 3043 2858 3106 
9740 2783 2594 3158 3709 
9741 479 490 256 2880 
9742 398 1530 2475 3275 
9743 2017 2336 2335 3379 
9744 2258 2172 2173 3260 
9745 1174 3063 564 3610 
9746 1446 5 304 1430 
9747 1607 2930 3420 3677 
9748 2534 3271 2728 3455 
9749 1587 3142 2206 3579 
9750 2868 2597 3027 3263 
9751 1970 3083 2251 3215 
9752 2063 2999 2368 3498 
9753 2275 3371 2787 3738 
9754 3100 3469 2902 3656 
9755 2176 1810 1736 3102 
9756 1198 762 1393 3320 
9757 2384 1720 3692 3765 
9758 396 463 250 3166 
9759 2772 3202 3373 3707 
9760 2794 2800 2677 3614 
9761 2892 3173 2575 3485 
9762 1607 3420 3073 3677 
9763 2493 1550 278 3212 
9764 2059 3256 2835 3721 
9765 2488 3384 2913 3567 
9766 2026 2201 3403 3534 
9767 2064 3480 2384 3733 
9768 1458 1032 1418 3019 
9769 24 514 510 541 
9770 975 908 974 3326 
9771 774 3064 778 3373 
9772 2840 2926 2526 3322 
9773 671 1303 669 3292 
9774 2799 2908 2541 3737 
9775 2778 3186 2641 3706 
9776 2674 2765 3409 3636 
9777 1629 1622 1640 3739 
9778 328 271 46 1496 
9779 705 715 733 3479 
9780 1396 2894 1169 3563 
9781 2790 3275 2517 3339 
9782 2813 2985 2566 3181 
9783 2262 3158 1823 3731 
9784 1485 18 397 3332 
9785 2781 2567 3306 3451 
9786 534 1314 1312 3367 
9787 2630 3048 2735 3337 
9788 2981 3175 2734 3579 
9789 2723 2601 3463 3735 
9790 2989 3086 2651 3719 
9791 1840 1942 1886 3642 
9792 2539 3022 2861 3557 
9793 2610 2871 3028 3558 
9794 2606 3030 2870 3559 
9795 1196 3009 918 3274 
9796 2534 2927 2825 3317 
9797 385 484 477 2805 
9798 1029 1315 1311 3001 
9799 2073 2063 2368 3498 
9800 2776 3331 2524 3647 
9801 2442 2805 2413 3623 
9802 2710 3152 2955 3399 
9803 1738 3020 1726 3270 
9804 1650 2725 3505 3658 
9805 2615 2924 2804 3035 
9806 2676 3089 3040 3375 
9807 2699 3501 3013 3638 
9808 1988 1990 1991 3729 
9809 1471 1454 535 2920 
9810 2625 2986 2906 3290 
9811 644 3131 633 3734 
9812 1416 1498 1047 2790 
9813 420 2791 362 3392 
9814 2244 1735 1806 2851 
9815 1636 1644 1645 2852 
9816 510 23 541 3693 
9817 2728 3126 2540 3272 
9818 1998 3723 1997 3743 
9819 1998 3240 2342 3723 
9820 856 2810 901 3745 
9821 3085 3429 2696 3469 
9822 2131 2132 2133 3668 
9823 2525 3248 2854 3265 
9824 2736 3144 2990 3361 
9825 594 3119 596 3242 
9826 2863 3286 3084 3754 
9827 1916 1917 3262 3654 
9828 756 1402 1403 3065 
9829 1743 2390 2389 3066 
9830 541 23 1431 3693 
9831 3033 3463 2770 3541 
9832 1225 3005 3573 3672 
9833 563 1506 384 3189 
9834 2418 298 130 1528 
9835 1945 1803 2817 3702 
9836 1785 2096 2312 3094 
9837 1109 798 1325 3095 
9838 2763 3143 3014 3418 
9839 2695 2998 3436 3523 
9840 2243 2244 1806 2851 
9841 1645 1644 1651 2852 
9842 1241 1462 1359 3345 
9843 500 2796 419 3574 
9844 794 777 1318 3336 
9845 2422 191 273 321 
9846 252 1445 86 314 
9847 1445 251 87 314 
9848 2826 3315 2712 3674 
9849 2383 2222 3154 3205 
9850 2649 3087 2907 3182 
9851 2580 3141 2824 3727 
9852 2824 3141 2598 3727 
9853 2735 3284 2591 3543 
9854 1175 1173 906 3067 
9855 395 533 235 3327 
9856 2088 3240 2040 3629 
9857 2919 3009 2827 3377 
9858 2586 3068 3424 3462 
9859 1902 2319 2033 3150 
9860 939 3045 767 3444 
9861 577 1055 1058 3494 
9862 159 508 1543 3465 
9863 514 24 1444 541 
9864 2548 3045 2753 3444 
9865 1065 2906 1067 3290 
9866 2286 1662 1694 3458 
9867 2729 3128 2527 3279 
9868 2534 3267 2727 3271 
9869 2122 1687 3023 3747 
9870 2843 2543 2916 3508 
9871 1973 3208 1972 3580 
9872 355 97 234 1415 
9873 2817 3252 2202 3702 
9874 677 664 710 2853 
9875 1401 1399 1089 3490 
9876 824 784 785 3152 
9877 2589 3075 3037 3132 
9878 1107 1106 831 3452 
9879 1107 1108 1296 3452 
9880 1029 1291 955 3001 
9881 2946 3512 2754 3670 
9882 2590 3199 3069 3776 
9883 613 611 2819 3618 
9884 955 899 1028 3368 
9885 343 2913 442 3567 
9886 1897 2189 3305 3534 
9887 2004 3075 2297 3485 
9888 2545 2985 2813 3181 
9889 2673 3208 3518 3580 
9890 2555 3128 2729 3536 
9891 725 737 736 3010 
9892 337 125 281 2472 
9893 1251 744 1250 3011 
9894 2065 3480 2064 3733 
9895 2842 3606 2633 3696 
9896 2811 2536 2928 3334 
9897 1916 1917 1931 3262 
9898 2544 2759 3313 3755 
9899 1945 2817 2202 3702 
9900 1045 3321 1465 3585 
9901 2519 3079 2960 3519 
9902 691 689 690 3286 
9903 1909 2989 1868 3605 
9904 731 742 741 3717 
9905 1606 1605 1603 3630 
9906 2443 211 303 2428 
9907 764 1128 1257 3560 
9908 2835 3256 2382 3765 
9909 2017 2809 1886 3549 
9910 359 128 222 2429 
9911 1148 1195 1145 2827 
9912 1243 1242 3359 3442 
9913 2733 3154 2627 3293 
9914 589 1096 3397 3619 
9915 341 280 2441 3061 
9916 2527 2740 2967 3745 
9917 2271 1698 2900 3333 
9918 2378 2918 2057 3436 
9919 2601 3463 3033 3541 
9920 1760 1767 1761 3090 
9921 2769 3475 3060 3667 
9922 1121 920 882 2855 
9923 2147 2137 1773 3062 
9924 2584 3046 3021 3324 
9925 1160 3234 2828 3760 
9926 2834 2964 2564 3308 
9927 2943 3352 2683 3643 
9928 2096 1969 2319 3511 
9929 1242 3166 1462 3359 
9930 2812 3126 2540 3455 
9931 2534 3126 2812 3455 
9932 2593 3146 3073 3677 
9933 937 813 862 2854 
9934 1455 3201 3622 3655 
9935 1562 1561 3089 3375 
9936 2995 3355 2691 3488 
9937 1904 2837 1906 3615 
9938 1043 1505 1022 3298 
9939 1664 1699 1697 3235 
9940 2942 3011 2568 3554 
9941 377 2971 428 3298 
9942 551 304 6 1430 
9943 2618 3025 2987 3388 
9944 931 930 3236 3661 
9945 1904 2837 1854 3605 
9946 1538 113 216 2417 
9947 1317 741 753 3253 
9948 1084 1080 1218 2924 
9949 1067 1069 1388 3773 
9950 2036 1967 2361 3457 
9951 937 1324 813 2854 
9952 734 738 712 3302 
9953 2912 3446 724 3592 
9954 2992 2744 3330 3351 
9955 1156 1157 1155 3306 
9956 2370 3465 2743 3613 
9957 2323 1931 2096 3262 
9958 445 241 460 2972 
9959 2816 3452 2714 3611 
9960 2702 3621 3009 3660 
9961 2642 3160 2748 3403 
9962 2730 3131 2578 3308 
9963 1053 3178 1011 3211 
9964 2337 2190 2505 3305 
9965 2226 2229 2230 2963 
9966 297 1466 1437 3492 
9967 2739 2689 3430 3563 
9968 2792 3607 2618 3692 
9969 2728 3127 2551 3310 
9970 2561 3131 2730 3311 
9971 1900 2026 3403 3404 
9972 2709 3097 2940 3654 
9973 750 3542 3018 3703 
9974 450 358 239 3039 
9975 1397 1077 1398 3328 
9976 713 3133 1119 3712 
9977 2722 1237 3649 3720 
9978 2125 2330 3032 3384 
9979 548 1483 1436 2992 
9980 336 475 470 3623 
9981 2430 258 400 3691 
9982 2531 2727 3267 3322 
9983 2940 3097 2709 3460 
9984 874 935 876 3334 
9985 874 872 1347 3334 
9986 2330 2268 2125 3032 
9987 1281 1343 1138 3031 
9988 2758 3163 1230 3296 
9989 2660 3454 3250 3594 
9990 1969 2847 2319 3511 
9991 385 231 116 2413 
9992 2473 2180 2438 3673 
9993 180 312 292 2423 
9994 612 3246 768 3735 
9995 2211 2001 2107 2988 
9996 1076 1381 3035 3529 
9997 677 657 664 2853 
9998 2574 3278 2737 3474 
9999 2663 3156 3105 3443 
10000 2474 1526 2433 3241 
10001 1023 943 3447 3666 
10002 2260 2002 1939 3439 
10003 3014 3143 2634 3418 
10004 2776 3424 2657 3462 
10005 2918 3256 2903 3751 
10006 2580 3003 2849 3276 
10007 2860 3107 2535 3449 
10008 2112 2389 2388 3297 
10009 1729 1774 2147 3062 
10010 2572 3046 3021 3547 
10011 2269 3475 2721 3667 
10012 474 2992 391 3718 
10013 1358 1045 1365 3585 
10014 2662 2778 3309 3760 
10015 640 1205 655 3291 
10016 2374 2054 2053 2986 
10017 2575 3022 3111 3557 
10018 2617 3119 3028 3558 
10019 3030 3120 2628 3559 
10020 2737 3254 2566 3407 
10021 2343 3350 2295 3638 
10022 2507 3238 2996 3507 
10023 1966 1903 1865 3078 
10024 2691 3355 2995 3564 
10025 2766 3204 2524 3768 
10026 1715 3141 3091 3361 
10027 2879 3121 2629 3397 
10028 1426 266 10 357 
10029 2932 3561 590 3678 
10030 682 684 683 2985 
10031 2645 2994 2759 3441 
10032 757 3124 759 3689 
10033 2332 1967 1865 3078 
10034 2564 2730 3130 3395 
10035 3008 3398 2203 3517 
10036 2183 2919 3621 3660 
10037 854 897 1348 3226 
10038 2500 2024 3487 3549 
10039 1739 3107 1786 3270 
10040 2586 3196 3068 3291 
10041 1045 3345 3321 3585 
10042 939 1321 767 3045 
10043 393 300 39 550 
10044 2644 3377 2919 3453 
10045 2304 1728 3284 3543 
10046 510 226 23 3693 
10047 1771 3102 2227 3399 
10048 1672 1670 1675 3762 
10049 244 422 394 3191 
10050 955 853 899 2884 
10051 2672 3089 3040 3365 
10052 917 3274 3159 3637 
10053 2547 2912 2959 3759 
10054 1750 3068 2192 3565 
10055 2837 3159 2702 3274 
10056 2295 3350 2750 3638 
10057 431 3540 3298 3596 
10058 2697 3257 3326 3641 
10059 2866 2575 3173 3485 
10060 909 1022 3157 3564 
10061 1832 2866 2328 3485 
10062 2582 2883 3103 3396 
10063 786 2828 1150 3760 
10064 276 3349 2432 3748 
10065 1526 2468 527 3589 
10066 3180 3186 3179 3588 
10067 2724 1216 3323 3703 
10068 2523 3365 3089 3722 
10069 313 451 452 2760 
10070 391 264 73 1436 
10071 404 309 200 3761 
10072 1578 1575 2051 3269 
10073 2205 2071 2389 3066 
10074 1084 1218 1402 3065 
10075 2723 3463 770 3735 
10076 2848 3204 1829 3548 
10077 220 3470 2993 3484 
10078 2045 3531 3227 3744 
10079 223 351 2483 3416 
10080 2420 263 140 401 
10081 1603 1602 1601 3640 
10082 1590 2206 3175 3579 
10083 2019 3348 2904 3593 
10084 2495 3100 318 3656 
10085 362 420 243 2791 
10086 1650 3505 1679 3658 
10087 2068 2804 2067 3767 
10088 2539 2863 3084 3754 
10089 1575 3269 2820 3578 
10090 896 1020 897 2926 
10091 2939 3358 2726 3419 
10092 2309 1688 1678 3206 
10093 1714 3091 1713 3249 
10094 2867 3024 2583 3712 
10095 1121 882 923 2855 
10096 2070 2982 2072 3663 
10097 2556 2852 2755 3364 
10098 337 462 488 3013 
10099 276 194 2432 403 
10100 1349 544 1513 3191 
10101 1859 3590 2928 3676 
10102 253 2796 500 3603 
10103 2720 3122 2885 3522 
10104 627 3259 3118 3664 
10105 2583 3024 2867 3362 
10106 2597 3027 2871 3363 
10107 1765 1762 1761 3203 
10108 1762 1766 2284 3203 
10109 2739 2605 3055 3630 
10110 1087 1082 1083 3608 
10111 2603 2875 3259 3731 
10112 2124 2127 2126 3180 
10113 1846 1798 1847 2832 
10114 211 270 303 2428 
10115 2334 1859 2928 3676 
10116 1604 2930 1607 3677 
10117 588 2932 590 3678 
10118 1449 2925 975 3641 
10119 2542 3071 2888 3702 
10120 350 354 35 1425 
10121 343 497 442 2913 
10122 1161 1137 1140 3706 
10123 2944 3195 2707 3595 
10124 2592 3389 2770 3671 
10125 2255 2254 1996 3233 
10126 2697 3366 2925 3566 
10127 1456 236 104 1441 
10128 2553 3278 2737 3458 
10129 1854 2837 1904 3621 
10130 2794 3163 2943 3438 
10131 307 513 308 3264 
10132 917 881 3274 3637 
10133 799 1345 1377 3449 
10134 1432 358 572 3039 
10135 2304 3284 1749 3530 
10136 558 1422 345 3354 
10137 1321 765 3045 3493 
10138 724 2912 950 3446 
10139 1986 2166 2297 3485 
10140 2603 3029 2875 3731 
10141 2656 2784 3239 3546 
10142 2679 3053 3192 3585 
10143 2559 2974 2758 3296 
10144 2691 3258 3355 3564 
10145 2593 3117 2873 3376 
10146 642 1275 1158 3213 
10147 1158 1346 1156 3213 
10148 1179 3033 1258 3463 
10149 2536 2811 2928 3590 
10150 842 1328 864 2984 
10151 2542 3043 2888 3124 
10152 2439 2039 1534 2806 
10153 2531 2884 2825 3082 
10154 2825 2884 2640 3082 
10155 1369 2781 3525 3775 
10156 2783 836 3525 3777 
10157 1341 3173 1310 3671 
10158 786 2828 3234 3717 
10159 695 694 693 3388 
10160 2659 3072 2752 3728 
10161 1418 1031 1511 3583 
10162 2746 2895 2826 3383 
10163 2641 3316 2849 3742 
10164 1020 1374 2926 3449 
10165 565 35 354 1425 
10166 352 225 557 3229 
10167 2884 3082 2809 3642 
10168 2737 3425 2553 3458 
10169 2538 3425 2737 3458 
10170 882 923 2855 3612 
10171 1093 3155 1090 3686 
10172 1781 1852 1866 3051 
10173 756 641 1125 3182 
10174 756 1404 639 3182 
10175 2626 3175 2982 3663 
10176 428 3298 2971 3414 
10177 2193 3068 2273 3424 
10178 533 70 235 1421 
10179 2151 1675 2293 3252 
10180 247 2920 493 3239 
10181 1364 720 1376 2839 
10182 720 1364 1375 2839 
10183 2249 1600 1935 3680 
10184 2883 3047 2725 3307 
10185 3068 3291 2749 3462 
10186 1919 2203 3398 3517 
10187 1163 3138 652 3551 
10188 1631 1633 1632 2891 
10189 1017 1179 1310 2892 
10190 1621 2834 1615 3628 
10191 741 742 753 3253 
10192 975 1054 1021 3326 
10193 460 456 271 2911 
10194 2441 1522 341 3061 
10195 1566 2904 2392 3519 
10196 1883 1841 1884 2840 
10197 1883 1884 2007 2840 
10198 2369 2072 2080 3175 
10199 1591 1590 2080 3175 
10200 829 802 1213 3701 
10201 2523 3014 2763 3143 
10202 2697 3185 3257 3641 
10203 1196 918 867 3274 
10204 969 1376 1367 3183 
10205 132 375 2437 2431 
10206 2639 3326 3257 3641 
10207 2521 3369 2978 3442 
10208 481 495 322 3570 
10209 1612 1616 2093 3146 
10210 1608 1612 1818 3146 
10211 2663 2978 3080 3516 
10212 1758 2289 3103 3658 
10213 2733 2613 3445 3552 
10214 2544 3043 2858 3689 
10215 2453 3465 2370 3613 
10216 1155 3306 1366 3713 
10217 903 959 3136 3669 
10218 587 1064 2850 3678 
10219 1557 2432 403 3349 
10220 2788 3497 2624 3661 
10221 850 3273 1279 3440 
10222 2538 3043 2945 3689 
10223 515 308 3264 3752 
10224 2848 3312 2520 3526 
10225 1814 1854 3149 3605 
10226 1133 1134 550 3281 
10227 3089 3365 2672 3722 
10228 2785 2556 2853 3690 
10229 975 2925 1417 3659 
10230 181 405 2410 2423 
10231 601 1118 1166 3177 
10232 601 598 1165 3177 
10233 2583 2867 3112 3362 
10234 2597 2871 3114 3363 
10235 1207 997 1208 3228 
10236 946 1169 1396 2894 
10237 1473 255 511 3583 
10238 1376 1367 3183 3426 
10239 2627 3205 3154 3699 
10240 912 850 1279 3440 
10241 2527 2967 2740 3627 
10242 2822 2935 2642 3188 
10243 2544 3043 2888 3755 
10244 2335 2336 2358 3379 
10245 3133 3592 713 3758 
10246 2424 224 159 3465 
10247 1278 793 1367 3426 
10248 963 3569 1151 3766 
10249 2311 1734 1708 2833 
10250 1734 1710 1708 2833 
10251 1621 1619 1615 2834 
10252 1616 1615 1619 2834 
10253 2517 2719 3423 3428 
10254 996 1282 3289 3551 
10255 2960 2989 2519 3519 
10256 1809 1995 2204 3148 
10257 1903 1996 1995 3148 
10258 10 266 1426 547 
10259 2740 1887 3627 3673 
10260 1795 1779 1840 3135 
10261 935 994 940 3134 
10262 1167 903 959 3136 
10263 904 903 905 3136 
10264 962 1373 1163 3138 
10265 1795 2218 1794 3135 
10266 1171 1172 994 3134 
10267 2221 2213 1652 3137 
10268 2221 2220 2340 3137 
10269 2341 2213 2340 3137 
10270 940 1172 1319 3134 
10271 1794 1778 1779 3135 
10272 652 1163 1368 3138 
10273 960 1018 959 3139 
10274 1368 1373 947 3138 
10275 1019 1363 1018 3139 
10276 960 1128 1019 3139 
10277 670 1123 732 3140 
10278 1263 1123 1103 3140 
10279 732 1263 1105 3140 
10280 1833 2149 2263 3141 
10281 1715 2263 1703 3141 
10282 1587 1588 1585 3142 
10283 1583 1586 1585 3142 
10284 1587 1586 2206 3142 
10285 580 579 578 3143 
10286 3179 3186 2778 3545 
10287 1748 3008 2310 3439 
10288 1476 1174 564 3610 
10289 2762 3129 2673 3417 
10290 1265 820 2961 3597 
10291 2019 2392 2043 2904 
10292 1496 554 328 2911 
10293 2469 2398 2915 3390 
10294 2503 2038 2119 3352 
10295 916 2979 1008 3402 
10296 226 1431 23 3693 
10297 2766 3433 2572 3635 
10298 582 580 581 3143 
10299 2356 3709 3451 3710 
10300 1717 1728 1718 3144 
10301 1716 1714 1717 3144 
10302 1718 2186 1716 3144 
10303 1170 3452 831 3716 
10304 2795 3219 2917 3370 
10305 236 306 104 1441 
10306 2539 3084 2863 3111 
10307 2810 3669 901 3745 
10308 1789 2200 1814 3149 
10309 2356 2324 3709 3710 
10310 2796 3574 500 3761 
10311 710 1233 734 3072 
10312 2576 3412 2755 3595 
10313 2766 2638 2984 3204 
10314 458 389 445 2972 
10315 1768 1767 3090 3625 
10316 1684 1647 1648 2897 
10317 1648 1796 1685 2898 
10318 2271 2264 2149 2900 
10319 2911 2972 2654 3356 
10320 3009 3621 2919 3660 
10321 2528 3139 2949 3472 
10322 2949 3139 2563 3472 
10323 2620 3142 2953 3473 
10324 2953 3142 2616 3473 
10325 1868 1906 1904 2837 
10326 423 335 229 3584 
10327 2385 2384 3692 3733 
10328 2627 3155 2887 3699 
10329 571 3201 1426 3655 
10330 2297 3075 2178 3485 
10331 1768 1797 1767 3625 
10332 1998 2342 1997 3723 
10333 685 3012 688 3409 
10334 1050 1339 2914 3527 
10335 1903 1809 1865 3148 
10336 2506 2827 3218 3741 
10337 3004 3338 2578 3576 
10338 2714 3338 3004 3576 
10339 2975 3392 2791 3753 
10340 2575 3022 2863 3111 
10341 2861 3023 2583 3110 
10342 2597 2871 3026 3114 
10343 2604 3029 2875 3118 
10344 2877 3028 2617 3119 
10345 2628 3030 2878 3120 
10346 3158 3731 2262 3739 
10347 1452 3408 3178 3538 
10348 2568 3004 2891 3734 
10349 2697 3185 3366 3566 
10350 1071 1393 1069 2903 
10351 808 3267 1231 3322 
10352 2076 2792 2385 3692 
10353 2737 3278 2553 3474 
10354 2876 3025 2618 3388 
10355 1337 3525 3282 3775 
10356 1337 3282 3525 3777 
10357 979 916 1339 3402 
10358 595 596 1221 3242 
10359 762 741 1317 2980 
10360 2070 2077 2072 2982 
10361 1382 1219 603 2981 
10362 2811 2537 2968 3590 
10363 2544 3223 2823 3313 
10364 1789 1790 1774 3149 
10365 688 685 689 3012 
10366 1790 1814 1854 3149 
10367 2193 2273 2284 3424 
10368 373 439 398 3275 
10369 2792 2615 3328 3495 
10370 2932 3397 2821 3619 
10371 478 220 2993 3484 
10372 2591 2771 3062 3234 
10373 1689 3512 2946 3670 
10374 438 334 335 3161 
10375 3006 3427 2338 3723 
10376 2521 2796 3369 3442 
10377 49 244 394 1461 
10378 1321 1322 765 3493 
10379 2464 1555 275 3504 
10380 1641 1665 1666 3002 
10381 1960 2314 1851 3312 
10382 2093 2094 1818 3146 
10383 2805 3622 3201 3655 
10384 2933 3397 1096 3619 
10385 107 2455 530 2976 
10386 714 3553 704 3592 
10387 856 900 3434 3745 
10388 2614 2725 3357 3505 
10389 2613 3219 3466 3608 
10390 1952 3156 1870 3516 
10391 361 243 43 1457 
10392 340 3487 3191 3613 
10393 2652 2940 2831 3460 
10394 97 355 1454 1415 
10395 90 250 499 1424 
10396 338 452 286 3170 
10397 2630 3016 3086 3701 
10398 821 783 1232 2836 
10399 2538 2737 3425 3683 
10400 2663 3443 3105 3546 
10401 2046 1953 2406 3443 
10402 2950 3306 2567 3451 
10403 2830 2781 3451 3710 
10404 1160 786 1150 3760 
10405 2194 1798 3625 3746 
10406 1760 2196 1768 3090 
10407 2513 3243 2910 3749 
10408 2890 3321 2636 3345 
10409 2763 3227 2656 3531 
10410 2634 3014 3418 3700 
10411 2125 2331 3384 3588 
10412 2549 2753 3005 3422 
10413 1129 3651 3602 3713 
10414 1521 505 2491 2975 
10415 2201 1982 2155 3160 
10416 2702 3274 3009 3621 
10417 3009 3274 2644 3621 
10418 2905 3268 2520 3312 
10419 2753 3005 3444 3672 
10420 801 779 839 3419 
10421 2910 3243 2513 3748 
10422 2601 2770 3463 3541 
10423 1440 272 83 378 
10424 89 1439 499 416 
10425 581 578 1058 3143 
10426 2823 3223 2645 3313 
10427 1131 3231 938 3675 
10428 2639 3257 3185 3641 
10429 2382 2058 2379 3256 
10430 2450 3277 2097 3688 
10431 2778 3179 3545 3668 
10432 573 100 274 522 
10433 100 573 567 522 
10434 2966 3052 2846 3347 
10435 1344 1430 3222 3346 
10436 2835 3480 2774 3765 
10437 2607 3025 2876 3388 
10438 1190 2863 1126 3502 
10439 1853 1982 2280 3160 
10440 2644 3274 2837 3621 
10441 1224 1014 1227 3153 
10442 1231 807 852 3271 
10443 1934 2000 1999 3272 
10444 2626 3498 2999 3529 
10445 2880 2893 2690 3691 
10446 2119 2248 2503 3469 
10447 1978 2934 2259 3433 
10448 2412 296 143 1527 
10449 2489 2029 1527 3486 
10450 2185 1714 1713 3249 
10451 395 235 468 3327 
10452 721 708 709 2962 
10453 2539 3022 2863 3754 
10454 521 3487 340 3613 
10455 1841 1884 2840 3617 
10456 941 943 1280 3447 
10457 731 2990 1199 3717 
10458 1455 1426 3201 3655 
10459 1744 1742 1667 3096 
10460 1758 2289 2196 3103 
10461 177 2408 1520 392 
10462 2802 3033 2589 3541 
10463 1823 3158 2333 3709 
10464 489 2993 220 3470 
10465 2508 3287 3044 3693 
10466 2843 2916 2543 3292 
10467 1444 277 25 514 
10468 1591 1592 2886 3499 
10469 1595 1594 2887 3499 
10470 1868 1909 2393 2989 
10471 2847 3244 2690 3601 
10472 2125 3180 2126 3588 
10473 626 1275 630 3259 
10474 2513 2807 3053 3192 
10475 2661 2788 3262 3511 
10476 2646 3354 2797 3684 
10477 2833 2962 2571 3674 
10478 1862 1863 1861 3188 
10479 2696 3268 2905 3312 
10480 1448 1052 547 3408 
10481 1956 1955 1957 3129 
10482 2541 2908 2988 3153 
10483 1117 3169 3236 3570 
10484 2586 3291 3068 3462 
10485 1815 2970 1919 3517 
10486 249 190 2427 321 
10487 1863 1864 2155 3188 
10488 2247 3469 3100 3656 
10489 2735 2591 3253 3543 
10490 2690 3099 2788 3511 
10491 2888 3124 2544 3586 
10492 507 413 263 2915 
10493 2038 2012 1958 3352 
10494 1605 1607 2930 3420 
10495 2712 3021 3002 3547 
10496 2598 2957 2818 3091 
10497 1560 1561 3375 3584 
10498 1065 1385 1068 2906 
10499 2851 3560 2571 3682 
10500 1222 830 3021 3324 
10501 431 2775 3540 3596 
10502 1561 2043 1563 3089 
10503 2599 3087 2751 3182 
10504 509 1261 217 3594 
10505 1735 2851 2244 3682 
10506 232 470 506 2806 
10507 1566 2904 3519 3698 
10508 1899 1997 2266 3723 
10509 934 1258 1179 3033 
10510 1108 1304 1296 3034 
10511 1381 1078 1076 3035 
10512 1921 1915 1979 3599 
10513 1196 1148 3009 3377 
10514 319 318 3100 3656 
10515 955 1290 853 2884 
10516 2564 2964 2899 3194 
10517 1079 2924 1084 3495 
10518 2273 2192 1750 3068 
10519 873 3052 898 3344 
10520 1782 1943 1853 3313 
10521 444 3040 494 3375 
10522 1417 532 16 332 
10523 1606 2739 3630 3640 
10524 2904 3019 2519 3079 
10525 857 1325 796 3095 
10526 2530 2991 3381 3537 
10527 2759 3336 3051 3586 
10528 1401 3490 1089 3495 
10529 1860 1858 2923 3590 
10530 1351 1010 1279 3550 
10531 1725 1726 1738 3020 
10532 884 924 844 3263 
10533 2384 3692 2774 3765 
10534 2579 2870 3104 3439 
10535 2822 2966 2536 3188 
10536 1330 1488 1422 3354 
10537 1734 1710 2833 3682 
10538 2089 1913 1984 2969 
10539 1919 1815 1910 2970 
10540 1369 3525 1337 3775 
10541 1337 3525 836 3777 
10542 2753 3444 3045 3672 
10543 2604 2917 2907 3587 
10544 1520 2941 392 3582 
10545 1897 1852 1853 3313 
10546 1540 3369 404 3761 
10547 301 76 1443 542 
10548 855 856 900 3434 
10549 388 1478 568 2914 
10550 3216 3723 2653 3743 
10551 495 3169 254 3570 
10552 2518 3032 3489 3645 
10553 2585 3342 2802 3575 
10554 939 1336 1212 3497 
10555 2165 1787 3092 3705 
10556 852 807 838 3271 
10557 2274 1999 2000 3272 
10558 1557 195 2426 403 
10559 3050 3522 2651 3555 
10560 898 1151 871 3569 
10561 1309 3524 1223 3635 
10562 2579 2867 3026 3478 
10563 2780 3194 2567 3556 
10564 1919 3008 2203 3517 
10565 2527 2729 3279 3669 
10566 674 1294 1255 3407 
10567 2820 3000 2625 3301 
10568 2642 2966 2822 3188 
10569 1045 1044 3053 3585 
10570 2930 3056 2815 3376 
10571 2219 1808 1857 2968 
10572 1947 1889 1946 3472 
10573 600 603 1219 3473 
10574 2180 2251 1887 3673 
10575 2348 1975 2879 3517 
10576 563 384 240 3189 
10577 3012 3413 2765 3762 
10578 2531 2884 2809 3226 
10579 2837 3159 2519 3348 
10580 2780 661 3556 3774 
10581 383 301 77 1443 
10582 963 2747 3569 3766 
10583 557 299 20 352 
10584 2579 3026 2870 3478 
10585 3026 2597 3114 3478 
10586 296 356 478 2993 
10587 385 477 231 2805 
10588 2934 3248 2854 3643 
10589 364 222 127 1544 
10590 1232 870 821 2836 
10591 2328 2866 1830 3513 
10592 1911 1831 2868 3513 
10593 2184 2869 1980 3514 
10594 2105 2872 1588 3514 
10595 1261 2902 3429 3594 
10596 2607 2876 3116 3388 
10597 2756 3232 2851 3560 
10598 1683 2859 2114 3508 
10599 977 1011 1052 3178 
10600 1810 2227 1771 3102 
10601 675 3425 674 3683 
10602 2829 2836 2533 3374 
10603 518 3200 425 3504 
10604 2635 3321 2890 3585 
10605 2356 2347 1747 3451 
10606 1734 2833 3248 3432 
10607 475 3623 231 3655 
10608 1851 1829 1850 2848 
10609 2526 3125 2948 3708 
10610 2948 3125 2551 3708 
10611 2664 2745 3277 3280 
10612 398 246 171 1530 
10613 2881 3289 2721 3551 
10614 139 263 1539 507 
10615 3012 3413 2546 3493 
10616 2599 2749 3307 3565 
10617 504 432 224 3465 
10618 2820 3000 3561 3678 
10619 475 231 477 3655 
10620 350 478 465 3484 
10621 2069 2068 2067 3767 
10622 390 450 446 3509 
10623 821 869 868 3374 
10624 1689 2214 3512 3670 
10625 441 411 303 2845 
10626 2754 3283 2547 3553 
10627 437 515 308 3264 
10628 1944 3420 2830 3710 
10629 3064 3373 774 3704 
10630 2385 2792 2076 3733 
10631 2604 2907 2779 3587 
10632 466 492 3224 3349 
10633 2782 3624 1162 3727 
10634 2657 3419 2776 3462 
10635 724 713 743 2912 
10636 2662 3062 2828 3309 
10637 1808 2968 2219 3532 
10638 1566 1565 1563 3744 
10639 2809 2884 2654 3368 
10640 2581 2826 3176 3602 
10641 1446 4 539 408 
10642 632 634 628 2964 
10643 1860 1859 1858 3590 
10644 2367 2299 3314 3753 
10645 1560 2445 1561 3584 
10646 1566 3698 1565 3744 
10647 1815 3398 2970 3517 
10648 1896 2198 3258 3355 
10649 2940 3097 2624 3654 
10650 2587 3070 2955 3398 
10651 1994 2857 2309 3413 
10652 1103 927 1263 3644 
10653 3006 3211 2711 3437 
10654 1910 1919 2970 3517 
10655 971 861 3163 3438 
10656 2399 2190 2027 3393 
10657 2690 2788 3244 3511 
10658 1326 2842 1362 3533 
10659 2228 2963 2226 3399 
10660 912 3266 976 3440 
10661 3179 3241 2510 3668 
10662 1829 1850 2848 3526 
10663 2535 3107 2860 3270 
10664 262 4 1446 408 
10665 2594 3158 2746 3213 
10666 2746 3158 2603 3213 
10667 2993 2686 3470 3486 
10668 2989 3086 2718 3605 
10669 369 3174 473 3470 
10670 687 3357 663 3679 
10671 411 303 2845 3736 
10672 2763 3014 3531 3700 
10673 2750 3350 2655 3638 
10674 1689 2214 1691 3512 
10675 790 3041 789 3317 
10676 1815 1919 3398 3517 
10677 783 1232 2836 3626 
10678 2867 3024 2597 3362 
10679 2871 3027 2610 3363 
10680 2747 3569 3230 3770 
10681 2009 1896 3150 3258 
10682 2296 2210 3260 3433 
10683 2694 2999 3498 3529 
10684 437 515 3264 3752 
10685 1601 3205 2156 3640 
10686 2664 3277 2745 3688 
10687 1551 2429 359 3410 
10688 323 476 272 2910 
10689 860 1357 886 3300 
10690 1533 210 270 344 
10691 989 1118 1165 3177 
10692 1101 1053 1011 3211 
10693 2511 3009 2919 3660 
10694 2369 1590 2206 3175 
10695 715 3077 733 3479 
10696 1310 2892 1179 3671 
10697 1438 1459 233 3614 
10698 1825 2197 1778 3616 
10699 3098 3542 2558 3771 
10700 1549 2025 2403 3170 
10701 2610 3363 2872 3652 
10702 877 907 2966 3521 
10703 2207 2061 2841 3721 
10704 2458 3061 2441 3491 
10705 2703 3518 3208 3580 
10706 2877 3119 2617 3242 
10707 2753 3422 1926 3732 
10708 1092 1390 1404 2917 
10709 2792 3328 2774 3692 
10710 1987 2988 2001 3468 
10711 2059 2382 2062 2835 
10712 1738 1726 1739 3270 
10713 1323 932 1216 3323 
10714 2831 2940 2709 3460 
10715 1601 1933 2156 3205 
10716 2383 1933 2222 3205 
10717 2156 2383 1741 3205 
10718 2657 3424 3068 3462 
10719 405 181 292 2423 
10720 713 2912 724 3592 
10721 2820 2628 2932 3561 
10722 373 398 170 2475 
10723 3073 3420 2815 3677 
10724 2588 3282 2815 3420 
10725 2407 3515 3392 3580 
10726 2519 3159 2837 3637 
10727 2214 1691 3512 3670 
10728 2686 3083 3581 3662 
10729 2148 2137 2127 3309 
10730 2657 3068 2749 3462 
10731 326 457 3168 3539 
10732 2494 241 154 389 
10733 1555 3200 2465 3504 
10734 1151 3684 1113 3766 
10735 2290 1658 1656 2916 
10736 2799 2541 3017 3737 
10737 2699 3332 3013 3501 
10738 2454 2163 3164 3646 
10739 1957 1972 1973 3208 
10740 3226 3368 2809 3535 
10741 2755 3520 649 3715 
10742 3033 3342 2802 3591 
10743 1804 2305 2102 3460 
10744 1663 3081 1661 3756 
10745 2816 3117 2593 3452 
10746 1566 2043 2392 2904 
10747 400 184 258 2430 
10748 1610 2901 1609 3630 
10749 3218 3309 2778 3668 
10750 2533 2836 2829 3532 
10751 809 3556 661 3774 
10752 1199 731 729 2990 
10753 107 530 409 2976 
10754 2737 2553 3425 3474 
10755 2772 3064 2562 3203 
10756 1302 2883 3396 3679 
10757 1273 3104 952 3528 
10758 1015 3104 1273 3528 
10759 2771 2662 3062 3234 
10760 462 3229 3013 3332 
10761 592 3000 591 3561 
10762 2493 3212 278 3566 
10763 2588 2830 3282 3420 
10764 570 251 87 1445 
10765 422 3191 340 3487 
10766 1506 384 3189 3659 
10767 1873 3006 2342 3568 
10768 2942 3011 2595 3611 
10769 1656 2916 1657 3496 
10770 2629 2933 2821 3397 
10771 587 2850 1062 3555 
10772 2771 3042 2630 3149 
10773 2839 2528 3209 3247 
10774 425 3200 2914 3504 
10775 446 453 265 3509 
10776 1305 3595 1301 3715 
10777 2344 1873 2342 3568 
10778 574 3040 575 3365 
10779 1621 2191 2899 3628 
10780 2562 2772 3202 3373 
10781 2492 2971 2009 3150 
10782 404 200 1540 3761 
10783 1113 3684 1515 3766 
10784 421 278 3212 3566 
10785 2717 3393 2760 3404 
10786 328 47 288 1507 
10787 523 278 1550 3212 
10788 1270 1294 1105 3407 
10789 949 3195 889 3644 
10790 2603 2896 3029 3739 
10791 2941 3327 2717 3471 
10792 2565 2861 3022 3557 
10793 2606 3028 2871 3558 
10794 2612 2870 3030 3559 
10795 1625 1624 1626 2907 
10796 2055 2057 2378 2918 
10797 1805 2217 1901 2974 
10798 1583 2877 1581 3523 
10799 1007 3012 689 3493 
10800 290 374 197 3387 
10801 2165 1787 1929 3092 
10802 640 641 639 3182 
10803 2954 3134 2552 3477 
10804 1832 2328 2297 3485 
10805 708 1222 678 3021 
10806 2180 3215 2251 3673 
10807 1015 1273 952 3528 
10808 2758 3163 2677 3476 
10809 1508 1261 509 2902 
10810 2788 3244 2661 3497 
10811 2518 3440 2808 3489 
10812 571 1455 1426 3201 
10813 1140 1137 1139 3186 
10814 2564 2780 3194 3261 
10815 2780 2567 3194 3261 
10816 2165 3197 1788 3705 
10817 1904 1868 2837 3605 
10818 1007 1225 1164 3672 
10819 2580 3276 2849 3694 
10820 2260 1937 2261 2959 
10821 773 781 1209 2958 
10822 1480 1505 3298 3414 
10823 557 1475 1035 2801 
10824 2751 3087 2599 3631 
10825 2278 3093 2016 3642 
10826 1890 1889 1888 3279 
10827 761 750 737 3018 
10828 688 1164 1306 2921 
10829 2662 3309 2828 3760 
10830 521 422 340 3487 
10831 1096 585 2933 3619 
10832 1367 1379 970 3183 
10833 2627 3123 2887 3155 
10834 276 492 3349 3748 
10835 509 434 2902 3594 
10836 2163 1959 1850 3646 
10837 2510 3186 3179 3545 
10838 2857 2546 3413 3493 
10839 561 1147 1468 3190 
10840 1946 1889 1890 3279 
10841 1863 2935 1927 3620 
10842 2744 2992 3330 3752 
10843 2913 3222 497 3346 
10844 254 74 1423 3169 
10845 574 573 559 3040 
10846 2484 2845 2443 3736 
10847 306 255 103 546 
10848 2225 2978 1952 3516 
10849 2889 3206 2546 3747 
10850 2786 2903 2609 3320 
10851 2148 2123 2186 3764 
10852 2777 2848 2520 3526 
10853 2534 2812 3126 3616 
10854 1773 2186 1718 3764 
10855 552 3168 1482 3539 
10856 2788 3099 2690 3448 
10857 2767 3186 3180 3588 
10858 2329 1923 3389 3697 
10859 226 3063 1431 3693 
10860 2539 3023 2889 3747 
10861 2855 2922 2687 3544 
10862 891 1000 892 2908 
10863 2225 1812 2955 3516 
10864 2038 1524 2425 2800 
10865 2294 2379 1713 3249 
10866 431 3298 376 3596 
10867 2645 2759 2994 3313 
10868 2785 3020 2659 3101 
10869 2554 3020 2785 3101 
10870 1073 1220 1074 3577 
10871 314 3224 492 3740 
10872 692 1208 3649 3679 
10873 1904 1854 1868 3605 
10874 2510 3179 3186 3588 
10875 1689 2946 2214 3670 
10876 88 251 570 416 
10877 338 246 418 3170 
10878 1115 817 894 2940 
10879 2413 2442 1558 2805 
10880 1778 1777 1779 2927 
10881 312 180 1535 2423 
10882 692 1302 1208 3679 
10883 2750 3172 2699 3501 
10884 371 436 297 3492 
10885 1861 2334 1859 2928 
10886 2110 1819 1655 2929 
10887 1607 1604 1605 2930 
10888 588 589 590 2932 
10889 1094 1096 585 2933 
10890 1042 1041 3174 3581 
10891 1624 2907 1625 3562 
10892 509 217 434 3594 
10893 1712 1724 2261 2936 
10894 220 489 478 2993 
10895 2458 2441 2020 3491 
10896 2598 3116 2876 3479 
10897 987 921 920 3105 
10898 1927 1863 2155 2935 
10899 558 61 239 345 
10900 2856 2704 2979 3597 
10901 1090 607 1124 3155 
10902 1191 1017 1310 2892 
10903 1631 1632 1630 2891 
10904 2978 3080 2710 3442 
10905 2159 1981 1927 2954 
10906 330 298 435 3187 
10907 2255 3233 2326 3504 
10908 2833 2569 3248 3265 
10909 972 2905 973 3268 
10910 1654 3496 2862 3650 
10911 956 995 1319 2937 
10912 1222 722 1223 3635 
10913 2898 3209 2528 3247 
10914 2608 3034 2803 3714 
10915 359 298 129 1551 
10916 2538 2858 3043 3689 
10917 2579 3112 2867 3478 
10918 2596 3649 3396 3679 
10919 2902 3429 2660 3469 
10920 2696 3429 2902 3469 
10921 1215 958 816 3573 
10922 2094 2237 2238 2942 
10923 1460 1493 3740 3749 
10924 2531 3135 2825 3267 
10925 2825 3135 2534 3267 
10926 1545 2502 3303 3509 
10927 949 1103 1104 2944 
10928 1704 1689 1688 2946 
10929 2627 2931 2894 3205 
10930 2255 2464 3325 3504 
10931 2488 2913 1538 3567 
10932 921 3105 1059 3546 
10933 2641 3309 2828 3764 
10934 26 516 277 3450 
10935 2483 241 1541 3416 
10936 1396 754 1091 3563 
10937 1981 2954 2158 3508 
10938 1033 2920 1471 3494 
10939 2750 3501 2699 3638 
10940 1924 1978 1925 2934 
10941 1812 1811 2225 2955 
10942 2234 3415 2235 3582 
10943 159 1543 2424 3465 
10944 430 3166 463 3387 
10945 1435 272 84 1440 
10946 2118 2246 2119 3469 
10947 334 209 2460 344 
10948 2777 2647 3197 3526 
10949 2183 2136 2919 3660 
10950 2792 2670 3207 3495 
10951 487 3391 471 3515 
10952 949 1103 2944 3644 
10953 1629 2145 2262 3739 
10954 255 102 1473 511 
10955 2640 3082 2884 3642 
10956 351 223 456 3416 
10957 2279 3112 1938 3478 
10958 1030 3368 3226 3535 
10959 249 431 461 2775 
10960 779 3064 775 3419 
10961 2757 3073 2593 3146 
10962 715 716 2957 3479 
10963 2510 3186 2767 3588 
10964 324 233 31 1459 
10965 196 290 1532 316 
10966 564 226 22 366 
10967 2923 3052 2719 3423 
10968 2769 3060 2568 3520 
10969 1265 880 1266 2961 
10970 920 3105 921 3461 
10971 192 2422 273 3748 
10972 2804 2924 2613 3445 
10973 2619 2918 2903 3481 
10974 2613 2924 2804 3767 
10975 2109 2021 1525 2775 
10976 1518 1421 533 3327 
10977 1458 1056 3019 3722 
10978 528 408 293 3184 
10979 786 3717 1199 3742 
10980 2787 2640 3041 3725 
10981 2808 3273 2761 3427 
10982 943 1036 1280 3464 
10983 2603 2875 3118 3259 
10984 2733 3155 2982 3686 
10985 2748 3467 2642 3521 
10986 2906 2986 2625 3750 
10987 283 458 422 3487 
10988 1562 1546 1561 3375 
10989 2633 3049 2807 3533 
10990 1942 2278 2016 3642 
10991 347 346 1452 3538 
10992 548 73 264 1436 
10993 1228 1014 891 3737 
10994 1557 2432 194 403 
10995 1080 1084 1079 2924 
10996 1838 2268 1836 3276 
10997 2114 2859 2341 3676 
10998 2157 2873 1602 3677 
10999 2891 2578 3004 3338 
11000 2535 3270 2860 3572 
11001 1607 3073 1608 3677 
11002 2879 3121 2612 3517 
11003 2679 2807 3053 3533 
11004 2220 1770 2219 3532 
11005 1355 1011 1010 3211 
11006 917 1181 1031 3159 
11007 1438 233 3250 3614 
11008 1994 2308 2309 2857 
11009 1635 3060 1633 3475 
11010 287 471 420 3392 
11011 2781 2588 2899 3710 
11012 2605 2783 2901 3711 
11013 823 3098 1189 3542 
11014 1754 1753 1752 3335 
11015 1837 1932 1835 3151 
11016 2035 1543 2037 3200 
11017 2775 2995 2692 3596 
11018 614 1169 946 2894 
11019 2847 3244 2661 3511 
11020 566 1429 383 2880 
11021 1635 3060 3475 3667 
11022 1220 3340 1074 3577 
11023 2549 3005 2753 3672 
11024 494 402 274 3040 
11025 2818 3091 2957 3249 
11026 1398 3328 1079 3495 
11027 614 2894 946 3618 
11028 2588 2964 2899 3628 
11029 2021 2497 1525 3540 
11030 2932 3269 2631 3578 
11031 457 413 326 3168 
11032 2536 2923 3052 3344 
11033 880 2961 820 3374 
11034 1650 1679 2289 3658 
11035 1023 942 3015 3447 
11036 1310 3173 2892 3671 
11037 520 281 124 2472 
11038 2509 3019 3348 3593 
11039 848 3624 1162 3776 
11040 2310 3008 1919 3517 
11041 1249 931 930 3236 
11042 899 3226 1030 3368 
11043 2569 2934 3225 3433 
11044 2723 3463 2770 3671 
11045 493 280 3061 3491 
11046 809 3209 3556 3774 
11047 51 297 339 1466 
11048 774 778 1180 3373 
11049 2904 3348 3019 3593 
11050 2826 2581 2895 3602 
11051 495 443 254 3169 
11052 952 3026 953 3528 
11053 1015 1016 3030 3528 
11054 2669 3355 2995 3488 
11055 2484 3660 2845 3736 
11056 646 1282 652 3551 
11057 1020 1345 1374 3449 
11058 1443 1470 1453 2893 
11059 1112 3039 572 3280 
11060 1573 3269 1575 3578 
11061 2614 3025 2987 3607 
11062 2559 2851 3232 3288 
11063 2422 2427 191 321 
11064 1329 898 1331 3052 
11065 2894 2931 2627 3618 
11066 1045 1027 1365 3585 
11067 2669 2775 2995 3355 
11068 1405 1406 919 3637 
11069 3204 3260 2766 3433 
11070 392 1520 279 2941 
11071 754 3370 1091 3563 
11072 1097 2878 593 3561 
11073 519 150 2444 505 
11074 2982 3155 2650 3686 
11075 2854 3248 2569 3265 
11076 2043 2019 2904 3593 
11077 74 254 391 3169 
11078 1928 1765 2167 3202 
11079 2889 3206 2550 3639 
11080 2941 3264 2675 3327 
11081 2062 2835 2382 3765 
11082 3282 3525 2781 3775 
11083 2783 3525 3282 3777 
11084 2369 2206 2073 3498 
11085 583 2885 584 3555 
11086 61 558 1422 345 
11087 2296 2210 2258 3260 
11088 3168 3476 1482 3539 
11089 1894 1862 2318 2846 
11090 1021 1357 3326 3510 
11091 1747 2356 2899 3710 
11092 1613 2901 1823 3711 
11093 2531 3082 2825 3135 
11094 2322 3331 2173 3506 
11095 1479 1053 1101 3510 
11096 772 3482 775 3704 
11097 1827 1788 3197 3647 
11098 2582 3047 2749 3385 
11099 1144 539 1481 3184 
11100 2656 3061 2920 3239 
11101 2632 2970 2855 3544 
11102 2246 3085 1960 3469 
11103 675 680 1299 3683 
11104 2019 2405 3348 3593 
11105 1820 2861 1822 3557 
11106 1830 2866 1832 3557 
11107 1099 990 2871 3558 
11108 2002 1941 2870 3559 
11109 593 2878 1100 3558 
11110 2371 2348 2879 3559 
11111 2539 3111 3022 3557 
11112 2610 3028 3119 3558 
11113 2606 3120 3030 3559 
11114 1878 1987 2001 3468 
11115 3057 3258 2658 3648 
11116 1793 2143 2145 3383 
11117 1574 3269 3050 3632 
11118 2832 2909 2639 3167 
11119 2251 3215 3083 3627 
11120 2855 2970 2632 3612 
11121 775 3482 3064 3704 
11122 1661 3278 1660 3458 
11123 2641 3179 2778 3309 
11124 192 1536 2422 3748 
11125 2225 2230 1952 2978 
11126 847 849 3003 3624 
11127 2804 2924 2615 3207 
11128 1684 2223 1647 2897 
11129 2362 1685 1796 2898 
11130 1747 1621 2191 2899 
11131 2264 2271 1698 2900 
11132 1609 1610 1613 2901 
11133 390 167 260 2419 
11134 53 230 371 1478 
11135 1432 239 60 358 
11136 695 3116 705 3388 
11137 2749 3068 2657 3385 
11138 1575 1573 1574 3269 
11139 1870 1952 1908 3156 
11140 550 300 39 1447 
11141 2247 3100 2495 3656 
11142 2065 2999 2063 3480 
11143 2967 3083 2686 3215 
11144 2907 2917 2604 3372 
11145 2617 2820 3000 3561 
11146 2517 2977 2797 3275 
11147 1053 1452 3178 3538 
11148 1391 2998 1073 3481 
11149 2694 3498 3340 3529 
11150 2939 2726 3197 3705 
11151 369 473 489 3470 
11152 2537 3344 2923 3590 
11153 860 886 885 3300 
11154 2804 2999 2615 3035 
11155 2784 3546 2796 3574 
11156 2590 2761 3273 3427 
11157 1542 133 227 2437 
11158 895 962 2881 3571 
11159 2588 2815 3073 3420 
11160 2891 3004 2578 3734 
11161 2531 3226 2809 3617 
11162 1985 3112 2279 3362 
11163 2086 2101 3114 3363 
11164 3179 2778 3309 3668 
11165 2640 2787 3041 3371 
11166 2815 2593 3073 3677 
11167 784 3152 1240 3542 
11168 469 3238 261 3507 
11169 1154 1129 3602 3713 
11170 1772 2955 1812 3398 
11171 1836 2268 1898 3489 
11172 314 251 466 3224 
11173 1662 1661 3458 3756 
11174 2653 3216 2808 3723 
11175 290 316 317 3220 
11176 3321 3345 2890 3585 
11177 1442 299 20 557 
11178 1366 1363 2864 3556 
11179 222 127 1544 2429 
11180 2654 2884 2809 3642 
11181 2260 1748 2310 3439 
11182 2719 3052 2923 3344 
11183 128 359 1551 2429 
11184 1420 1314 1457 2791 
11185 359 486 298 3187 
11186 3047 2749 3385 3565 
11187 1145 1147 1148 2827 
11188 1819 2929 2090 3421 
11189 2966 3347 2682 3521 
11190 2703 2956 2787 3318 
11191 2785 2853 3235 3690 
11192 2345 2346 2228 2890 
11193 2804 3445 2613 3552 
11194 806 2573 2895 3602 
11195 592 591 590 3561 
11196 2907 3372 2604 3562 
11197 3068 3385 2749 3565 
11198 408 262 407 3184 
11199 1195 1148 814 3377 
11200 1006 1190 1126 3502 
11201 2857 3045 3493 3672 
11202 1902 3150 1896 3258 
11203 520 333 427 3366 
11204 445 288 458 3356 
11205 1069 1070 1071 2903 
11206 2660 3469 3454 3656 
11207 1149 1196 1148 3009 
11208 1687 1688 1689 3206 
11209 752 2860 1377 3571 
11210 1487 3184 1144 3545 
11211 432 436 3465 3492 
11212 944 930 929 3661 
11213 2808 3440 2701 3489 
11214 2664 3277 2747 3280 
11215 309 268 201 2481 
11216 2828 3309 2778 3760 
11217 2763 3014 2523 3744 
11218 2471 3275 2034 3339 
11219 1374 1049 3251 3600 
11220 2684 3228 3007 3746 
11221 2418 129 298 1551 
11222 2824 3091 2598 3141 
11223 896 854 808 3322 
11224 206 381 1560 3375 
11225 1897 2280 2189 3534 
11226 525 64 543 503 
11227 1435 85 323 3740 
11228 225 397 18 3332 
11229 2537 2811 3344 3590 
11230 2929 2944 2585 3421 
11231 1425 2996 1451 3484 
11232 1910 1975 1919 3517 
11233 954 953 3026 3528 
11234 954 3030 1016 3528 
11235 1626 1624 2391 2907 
11236 3049 3058 2669 3488 
11237 2744 3299 2522 3415 
11238 2551 3125 2948 3571 
11239 261 356 142 3238 
11240 1487 539 1144 3184 
11241 2275 1802 3371 3738 
11242 2331 2913 2488 3384 
11243 1278 745 793 3537 
11244 567 1418 1473 2938 
11245 2773 2608 3076 3757 
11246 2915 2507 3476 3539 
11247 1007 689 1322 3493 
11248 1411 978 1229 3476 
11249 823 1189 749 3542 
11250 252 314 492 3740 
11251 2598 2824 2957 3091 
11252 716 726 715 2957 
11253 255 1473 546 3583 
11254 2778 3309 2828 3706 
11255 1591 1593 1592 3499 
11256 1595 1593 1594 3499 
11257 2930 2815 3420 3677 
11258 2122 1686 1687 3747 
11259 2373 2200 2376 3086 
11260 2748 2682 3403 3404 
11261 772 775 774 3704 
11262 400 2416 1553 3353 
11263 2863 3022 2539 3111 
11264 2539 3023 2861 3110 
11265 2606 3026 2871 3114 
11266 2875 3029 2603 3118 
11267 2610 3028 2877 3119 
11268 2878 3030 2606 3120 
11269 2599 3196 2779 3291 
11270 3091 3141 2824 3361 
11271 2802 3500 1877 3575 
11272 2888 3043 2544 3124 
11273 1450 277 25 1444 
11274 755 680 2945 3689 
11275 2771 3234 2591 3253 
11276 2512 3346 2913 3567 
11277 888 3343 3034 3714 
11278 2549 3493 3012 3672 
11279 1926 3422 2199 3732 
11280 2797 2977 2517 3428 
11281 1186 1184 1185 3324 
11282 1896 2021 2198 3355 
11283 2750 3431 3172 3501 
11284 1144 1145 1142 3545 
11285 107 2455 2976 3589 
11286 2068 2804 3552 3663 
11287 2526 2948 3125 3571 
11288 2902 2660 3594 3656 
11289 2828 3062 2662 3234 
11290 2201 2280 3160 3534 
11291 629 633 632 3308 
11292 1418 1473 2938 3583 
11293 1357 1101 1355 3211 
11294 317 501 416 3220 
11295 2530 3036 2812 3616 
11296 1823 3709 2324 3711 
11297 2460 2498 2405 3161 
11298 2675 3264 2941 3582 
11299 1038 2760 562 3604 
11300 799 2860 752 3572 
11301 673 674 3425 3474 
11302 2778 3706 2828 3760 
11303 2785 3667 2556 3690 
11304 3040 3089 2676 3365 
11305 2909 3167 2832 3625 
11306 1522 202 341 2481 
11307 2698 3331 3260 3768 
11308 2614 3357 2751 3490 
11309 615 3117 1170 3376 
11310 1966 1967 2035 3078 
11311 1279 945 1352 3273 
11312 455 449 379 3325 
11313 1938 1730 1937 3759 
11314 2035 3078 1967 3457 
11315 705 3116 706 3479 
11316 997 885 926 3228 
11317 3392 3515 2741 3580 
11318 2648 2957 2824 3091 
11319 2690 3099 3400 3448 
11320 2594 3306 2781 3525 
11321 876 877 875 2966 
11322 1442 1035 1476 3666 
11323 22 226 564 1431 
11324 1839 2365 2360 3310 
11325 1368 1013 1285 3311 
11326 2751 3297 2614 3490 
11327 2709 3460 3097 3654 
11328 2592 2866 3173 3485 
11329 2581 3176 2865 3602 
11330 626 623 622 3055 
11331 2906 2986 2609 3290 
11332 2596 2883 3103 3658 
11333 1989 3058 2198 3355 
11334 2710 3080 2978 3516 
11335 2783 3213 2594 3525 
11336 360 451 491 3393 
11337 1031 1032 919 3159 
11338 2407 3580 3392 3753 
11339 939 3444 1336 3497 
11340 255 448 438 2844 
11341 2579 2959 2912 3759 
11342 2296 1978 2259 3433 
11343 2609 2903 2786 3751 
11344 2322 2173 2325 3506 
11345 2604 2779 2907 3562 
11346 2522 3051 2759 3336 
11347 341 280 203 2441 
11348 2489 370 145 3486 
11349 3382 3410 2022 3598 
11350 2088 2040 2466 3629 
11351 1473 101 567 511 
11352 2648 3210 2957 3249 
11353 2337 2994 1897 3305 
11354 2348 1919 1975 3517 
11355 2685 3018 2936 3378 
11356 1025 978 1411 3614 
11357 203 341 2441 1522 
11358 2290 1683 2114 3508 
11359 1629 2262 3731 3739 
11360 2591 3062 2771 3543 
11361 2207 2841 2060 3721 
11362 1871 2328 1830 3513 
11363 1911 1871 1831 3513 
11364 2153 2184 1980 3514 
11365 2153 2105 1588 3514 
11366 2511 2919 2827 3741 
11367 2490 2162 2161 2983 
11368 2694 2997 2835 3480 
11369 2315 1829 1851 2848 
11370 2603 3158 2746 3739 
11371 2766 3260 2572 3433 
11372 329 165 349 2415 
11373 1428 221 58 342 
11374 2135 2919 2136 3741 
11375 2656 3227 2763 3494 
11376 1806 1842 1843 3288 
11377 1174 1023 3015 3666 
11378 1153 649 1301 3595 
11379 1211 2995 1034 3564 
11380 2075 3466 2074 3552 
11381 2068 3552 2070 3663 
11382 2161 2983 2010 3724 
11383 1408 3470 540 3484 
11384 3266 3440 2518 3622 
11385 2919 3009 2644 3621 
11386 319 2902 434 3656 
11387 392 468 513 2941 
11388 2370 2358 2336 3379 
11389 1747 2899 2191 3710 
11390 1613 1609 2901 3711 
11391 2830 3709 2324 3710 
11392 2830 3420 2287 3711 
11393 142 1552 261 3238 
11394 925 1201 844 3263 
11395 351 460 241 3416 
11396 2780 2898 3209 3556 
11397 12 1452 347 346 
11398 3051 3313 2759 3755 
11399 1481 109 1468 3190 
11400 822 1217 2979 3572 
11401 407 412 302 3456 
11402 147 2486 367 368 
11403 1091 1092 3219 3370 
11404 1968 1931 3099 3511 
11405 2908 2988 2633 3468 
11406 784 1240 823 3542 
11407 2770 3389 2592 3485 
11408 984 1469 1343 3031 
11409 1971 2330 2456 3032 
11410 2921 3409 2765 3636 
11411 1804 1881 3097 3460 
11412 1271 3483 1186 3524 
11413 1488 543 503 2977 
11414 2324 1944 2830 3710 
11415 2324 2830 2287 3711 
11416 1958 2943 1848 3643 
11417 2045 3227 1564 3744 
11418 1162 3624 2782 3776 
11419 589 2932 586 3619 
11420 1398 1079 1089 3495 
11421 511 101 567 522 
11422 1922 2928 1861 3620 
11423 2775 2669 2995 3394 
11424 755 757 680 3689 
11425 306 236 441 3360 
11426 1176 906 863 3067 
11427 2301 2367 1973 3753 
11428 2067 2804 3207 3767 
11429 2485 171 246 1530 
11430 355 247 96 1454 
11431 2301 1973 3580 3753 
11432 319 3100 426 3450 
11433 2609 2918 2903 3751 
11434 2388 2386 3297 3607 
11435 2870 2612 3104 3439 
11436 1825 3126 2197 3616 
11437 443 391 3169 3718 
11438 2999 3035 2626 3529 
11439 2567 2864 3171 3556 
11440 357 266 475 3655 
11441 390 167 2419 1545 
11442 2629 3121 2879 3517 
11443 558 239 60 1432 
11444 3214 3281 2700 3391 
11445 1435 549 85 3740 
11446 354 350 465 2996 
11447 2706 3059 2842 3606 
11448 1632 2237 1630 3338 
11449 393 40 238 1499 
11450 2848 2984 2638 3204 
11451 63 237 1488 503 
11452 2049 1574 3050 3632 
11453 1554 3161 2445 3584 
11454 1330 3428 3354 3684 
11455 535 96 247 1454 
11456 847 848 849 3624 
11457 273 382 192 3748 
11458 2619 2998 2841 3436 
11459 1440 1005 2910 3394 
11460 26 277 1450 3450 
11461 2111 1595 2887 3685 
11462 2510 2767 3222 3588 
11463 591 3561 3000 3678 
11464 2134 1548 2976 3736 
11465 368 487 471 3515 
11466 3083 3215 2967 3627 
11467 2596 3103 2883 3396 
11468 2797 3354 2646 3509 
11469 1766 3203 1765 3705 
11470 2436 3185 1962 3366 
11471 1088 1091 3219 3608 
11472 2625 2850 3269 3632 
11473 2527 3083 2967 3627 
11474 2663 3080 2978 3442 
11475 988 3121 1384 3397 
11476 2850 3050 2631 3269 
11477 2544 3124 3043 3689 
11478 3099 3262 2788 3511 
11479 518 425 275 3504 
11480 1265 782 820 3597 
11481 2783 3158 2594 3213 
11482 2603 3158 2783 3213 
11483 2359 2443 2484 2845 
11484 853 854 899 3226 
11485 468 491 395 3471 
11486 632 633 1340 3308 
11487 1304 888 3034 3714 
11488 2692 3540 2775 3596 
11489 1063 2960 1057 3665 
11490 2351 2154 2363 3536 
11491 2051 3269 1574 3632 
11492 703 3133 713 3758 
11493 2765 3012 2549 3413 
11494 2924 3207 2670 3495 
11495 2222 2070 3154 3699 
11496 1337 3282 957 3775 
11497 1337 1300 3282 3777 
11498 498 1494 535 3239 
11499 2423 2470 3351 3718 
11500 1008 2979 1217 3597 
11501 2570 2761 3006 3437 
11502 2615 2997 2774 3328 
11503 1464 347 1452 3538 
11504 2935 3188 2822 3620 
11505 282 381 206 3375 
11506 1616 1630 2093 3338 
11507 2615 2774 2997 3480 
11508 2906 2918 2695 3481 
11509 419 253 93 553 
11510 387 1491 537 3594 
11511 2428 210 270 1533 
11512 1479 563 1464 3189 
11513 206 1560 1546 3375 
11514 2268 1971 1898 3032 
11515 911 984 1281 3031 
11516 2893 3400 2514 3448 
11517 1920 2968 1857 3590 
11518 2227 2228 2226 3399 
11519 1000 891 1014 2908 
11520 2453 2424 2370 3465 
11521 1344 551 1430 3346 
11522 538 1440 83 378 
11523 690 685 1126 3286 
11524 456 433 363 3367 
11525 1737 1772 2203 3398 
11526 2635 3192 3053 3585 
11527 2770 3485 2592 3671 
11528 2741 3281 3214 3391 
11529 399 525 418 2790 
11530 2018 2019 2405 3348 
11531 1934 1839 2360 3310 
11532 1013 1340 1285 3311 
11533 552 1411 1482 3168 
11534 2756 3560 2851 3682 
11535 1742 2202 2293 3252 
11536 1435 323 2910 3740 
11537 2121 1537 2486 3515 
11538 1051 2794 1025 3614 
11539 2619 2835 3221 3256 
11540 469 465 261 3238 
11541 1792 1875 1876 3500 
11542 2957 3091 2648 3249 
11543 1327 991 938 3231 
11544 249 461 321 3503 
11545 2901 3055 2605 3630 
11546 2611 3210 2786 3249 
11547 2819 2622 3076 3685 
11548 517 138 2446 507 
11549 1452 1052 3178 3408 
11550 2569 2572 3433 3635 
11551 822 1008 916 2979 
11552 625 3576 2757 3716 
11553 764 1129 2865 3602 
11554 1598 2931 3680 3685 
11555 2925 3185 2699 3366 
11556 1079 1398 1077 3328 
11557 3174 3470 2686 3486 
11558 1787 1766 1765 3705 
11559 1635 3667 2270 3690 
11560 2028 3486 3653 3662 
11561 424 269 459 3454 
11562 485 366 486 3610 
11563 2385 3692 2792 3733 
11564 2507 3390 2915 3476 
11565 2111 2887 1594 3699 
11566 2620 3242 2877 3523 
11567 2915 3390 2677 3476 
11568 2562 2939 3092 3705 
11569 2445 3584 3161 3593 
11570 2652 3097 2940 3460 
11571 1582 1583 1581 3523 
11572 2570 2832 3300 3568 
11573 404 199 291 2414 
11574 2407 3214 3515 3580 
11575 202 268 341 2481 
11576 1555 2037 2465 3200 
11577 410 236 105 1456 
11578 225 1414 557 3229 
11579 806 2895 1154 3602 
11580 911 976 984 3622 
11581 2536 2966 2846 3188 
11582 694 705 1400 3388 
11583 2849 3003 2516 3276 
11584 1065 1068 1067 2906 
11585 2525 3438 2854 3643 
11586 2427 190 249 1525 
11587 2644 3009 2919 3377 
11588 430 499 250 3166 
11589 125 337 2401 2472 
11590 2369 2073 2368 3498 
11591 1215 2921 1164 3573 
11592 2195 2224 1984 3007 
11593 2310 2203 1919 3008 
11594 2824 3141 2580 3361 
11595 3040 3089 2672 3375 
11596 1348 1030 3226 3535 
11597 2915 3476 3168 3539 
11598 2694 3340 2841 3577 
11599 846 1162 3624 3727 
11600 1224 1120 3153 3553 
11601 2506 2778 3545 3668 
11602 896 808 1231 3322 
11603 2500 2024 2448 3487 
11604 3015 3092 2738 3447 
11605 1662 2286 1667 3756 
11606 1734 3248 1800 3432 
11607 2059 2058 2382 3256 
11608 328 2911 554 3356 
11609 1635 2270 1644 3690 
11610 2359 1905 2168 3660 
11611 2514 3400 3099 3448 
11612 2657 3462 2749 3482 
11613 2734 3340 2841 3498 
11614 3057 2658 3258 3564 
11615 2069 2075 2074 3552 
11616 589 586 1096 3619 
11617 2120 3214 1972 3417 
11618 1863 1922 1861 3620 
11619 2441 3061 280 3491 
11620 2008 3257 2344 3629 
11621 2533 2856 2961 3597 
11622 208 2460 1554 3161 
11623 2761 3550 2808 3723 
11624 1160 1195 814 3760 
11625 2435 3216 1963 3645 
11626 2349 3059 1775 3606 
11627 2525 2943 3163 3438 
11628 2779 3196 2586 3291 
11629 2295 2267 1813 3350 
11630 2388 2076 2386 3607 
11631 1175 1176 1467 3067 
11632 2099 2502 2100 3303 
11633 2643 3330 3255 3351 
11634 2547 2912 2793 3592 
11635 626 630 627 3259 
11636 985 1420 3281 3518 
11637 1222 1185 830 3324 
11638 1901 2216 2181 3390 
11639 2835 2611 3221 3256 
11640 2250 3145 2092 3599 
11641 2342 3240 3006 3723 
11642 1554 229 208 3161 
11643 1936 3421 2090 3575 
11644 2690 3400 2893 3448 
11645 388 55 267 1477 
11646 759 3124 777 3586 
11647 1635 3475 2269 3667 
11648 1347 3108 1127 3334 
11649 2230 2461 2396 3369 
11650 2465 161 275 518 
11651 556 53 371 1478 
11652 2766 3260 3204 3768 
11653 1441 306 103 546 
11654 506 3408 346 3538 
11655 2527 3669 2810 3745 
11656 2440 1553 2320 3353 
11657 2786 3210 2648 3249 
11658 949 1252 889 3195 
11659 2359 2845 2484 3660 
11660 2022 3598 3410 3724 
11661 2832 3625 1798 3746 
11662 421 3189 384 3659 
11663 208 334 2460 3161 
11664 536 1267 1492 3609 
11665 1387 1317 3048 3773 
11666 1840 3082 1942 3642 
11667 786 2828 3717 3742 
11668 2733 3445 2804 3552 
11669 512 414 333 3366 
11670 1472 533 69 395 
11671 225 3229 462 3332 
11672 279 176 2459 1520 
11673 383 496 301 2893 
11674 2809 3226 2671 3617 
11675 469 401 457 3507 
11676 2841 3340 2694 3498 
11677 2794 3250 2800 3614 
11678 2221 1651 1697 3235 
11679 1829 3204 1874 3548 
11680 2466 2451 1550 3212 
11681 1634 1635 1636 3060 
11682 348 421 523 3212 
11683 1849 1958 1848 3643 
11684 276 382 492 3748 
11685 2037 3200 1555 3504 
11686 2533 2961 2856 3380 
11687 1559 2745 2450 3688 
11688 3018 3542 2587 3703 
11689 1112 572 1463 3280 
11690 1063 1057 583 3665 
11691 2520 2848 2905 3312 
11692 2516 3003 2849 3316 
11693 2127 2137 2129 3309 
11694 2506 3241 3184 3589 
11695 1847 1872 1873 3568 
11696 1030 899 1348 3226 
11697 1061 587 1062 3555 
11698 173 286 2496 338 
11699 545 89 1439 499 
11700 252 323 85 3740 
11701 1611 2191 3628 3710 
11702 704 3592 2754 3758 
11703 74 1436 1423 3169 
11704 78 383 566 1429 
11705 310 500 3574 3761 
11706 1057 3079 579 3665 
11707 1482 3168 1411 3476 
11708 2809 3226 2884 3368 
11709 2809 3368 2654 3549 
11710 789 3041 1288 3537 
11711 2126 3179 2128 3588 
11712 414 3366 512 3566 
11713 1881 2102 1918 3460 
11714 2331 2125 2126 3588 
11715 1136 3316 1137 3742 
11716 379 162 275 2464 
11717 2517 2846 3052 3347 
11718 2569 2934 2854 3225 
11719 2582 3385 2749 3482 
11720 2749 3385 2657 3482 
11721 1986 2297 2328 3485 
11722 1936 2090 1914 3575 
11723 1358 3345 1045 3585 
11724 1329 1152 898 3428 
11725 2049 2051 1574 3632 
11726 388 230 54 1478 
11727 1633 1631 1639 3475 
11728 2269 1635 1633 3475 
11729 978 971 861 3163 
11730 470 346 506 3408 
11731 2569 2833 2962 3265 
11732 2244 1751 1710 3682 
11733 1605 3630 1609 3711 
11734 1072 1075 3221 3577 
11735 2526 3107 2860 3449 
11736 1176 1177 1467 3044 
11737 806 1320 2573 3602 
11738 2619 3221 2903 3256 
11739 291 198 374 2414 
11740 1439 88 570 416 
11741 1465 1439 570 3321 
11742 1458 1056 1032 3019 
11743 2605 2815 3282 3420 
11744 2399 279 175 2459 
11745 355 493 247 2920 
11746 2544 3223 2759 3586 
11747 387 537 3250 3594 
11748 229 334 208 3161 
11749 2324 3709 2830 3711 
11750 2201 2026 2280 3534 
11751 438 511 255 3583 
11752 1930 1928 2267 3202 
11753 1600 1598 3680 3685 
11754 1747 2191 2356 3710 
11755 1613 1823 1609 3711 
11756 2547 2959 2912 3446 
11757 1757 1755 1756 3285 
11758 1245 1246 1244 3330 
11759 2695 2918 2906 3750 
11760 2071 2066 2076 3207 
11761 2687 3544 2922 3700 
11762 3403 3404 2026 3534 
11763 1546 282 206 3375 
11764 2400 3013 2343 3638 
11765 577 575 1033 3494 
11766 1207 1208 1209 3396 
11767 387 3250 459 3594 
11768 2546 3286 3084 3762 
11769 2480 2031 3192 3349 
11770 1675 2765 3413 3762 
11771 1424 1242 1427 3166 
11772 326 32 552 3168 
11773 980 3038 3527 3600 
11774 2613 3552 3466 3767 
11775 1469 1455 3201 3622 
11776 2705 3050 2850 3632 
11777 524 2971 377 3540 
11778 2605 3282 2830 3420 
11779 3233 3325 2768 3504 
11780 1968 1931 1917 3099 
11781 1113 1489 1515 3684 
11782 2608 2819 3076 3680 
11783 1877 3500 1876 3575 
11784 980 3038 979 3527 
11785 1955 3129 1954 3417 
11786 2619 3221 2835 3577 
11787 1532 2426 196 316 
11788 1224 735 1120 3553 
11789 1892 1954 1955 3129 
11790 511 335 522 2938 
11791 2057 2918 2056 3751 
11792 2344 3257 1895 3568 
11793 2669 3058 3049 3729 
11794 1753 2215 1704 3335 
11795 1466 51 297 1437 
11796 396 250 91 1427 
11797 1038 1040 562 2760 
11798 323 454 2910 3740 
11799 2313 2349 1775 3606 
11800 2804 3035 2924 3445 
11801 399 439 503 2977 
11802 1846 1797 1798 3167 
11803 2925 3641 2697 3659 
11804 1320 3315 2573 3602 
11805 1213 1386 3016 3719 
11806 508 372 518 3200 
11807 2575 3075 2892 3485 
11808 374 2411 197 3387 
11809 3179 3180 2641 3186 
11810 2249 3076 1600 3680 
11811 1045 3053 1027 3585 
11812 2971 3298 377 3540 
11813 2526 2926 3406 3449 
11814 1408 540 1486 3484 
11815 1553 400 185 2416 
11816 2549 3573 3005 3672 
11817 493 464 280 3491 
11818 1496 46 328 554 
11819 2412 142 356 3238 
11820 153 241 1541 2483 
11821 2446 139 1539 507 
11822 1464 12 1452 347 
11823 2651 3086 3016 3719 
11824 975 1449 1417 2925 
11825 1900 2025 2026 3404 
11826 2198 1845 1896 3258 
11827 1473 102 255 546 
11828 2525 2943 3438 3643 
11829 2752 2968 2836 3532 
11830 2039 2806 2040 3743 
11831 2266 3427 2808 3723 
11832 2488 2331 1538 2913 
11833 2708 2768 3609 3769 
11834 160 2465 508 518 
11835 74 391 1436 3169 
11836 2835 2997 2774 3480 
11837 595 594 596 3242 
11838 1815 1919 2203 3398 
11839 443 2973 405 3718 
11840 1916 2323 2199 3262 
11841 1797 1798 3167 3625 
11842 2677 3168 2915 3476 
11843 941 1180 778 3373 
11844 1968 3099 2457 3400 
11845 2128 2131 2474 3241 
11846 2388 2386 1673 3297 
11847 1359 3321 1045 3345 
11848 532 1485 17 397 
11849 2526 2926 2840 3406 
11850 3451 3709 2830 3710 
11851 1964 1998 1997 3743 
11852 2693 3191 3379 3535 
11853 786 3234 742 3717 
11854 590 1097 593 3561 
11855 19 225 557 352 
11856 775 3064 774 3704 
11857 724 743 950 2912 
11858 2230 2396 2978 3369 
11859 1896 1845 1844 3258 
11860 2774 3328 2792 3733 
11861 2017 2500 2336 3379 
11862 255 546 2844 3583 
11863 209 1533 2460 344 
11864 2378 3436 2208 3523 
11865 1111 1266 880 3217 
11866 1998 2040 3240 3743 
11867 2788 3262 2624 3497 
11868 64 543 1498 525 
11869 1372 918 1149 3009 
11870 981 1249 930 3448 
11871 2417 3456 2913 3588 
11872 1387 1317 829 3048 
11873 544 50 244 1466 
11874 1061 583 584 3555 
11875 1541 241 2494 2972 
11876 2854 2934 2569 3248 
11877 895 961 962 3571 
11878 1695 2209 3319 3547 
11879 1772 1812 1815 3398 
11880 1596 1595 1597 3685 
11881 1820 1822 1821 3557 
11882 1821 1830 1832 3557 
11883 1099 1098 990 3558 
11884 593 1100 1098 3558 
11885 2002 2003 1941 3559 
11886 2371 2003 2348 3559 
11887 1350 3054 910 3441 
11888 2615 3328 2774 3733 
11889 499 545 90 1424 
11890 2134 2976 2133 3741 
11891 1600 3680 3076 3685 
11892 1920 2341 2340 3676 
11893 2334 2114 2341 3676 
11894 1608 1818 2157 3677 
11895 1604 2157 1602 3677 
11896 1065 1064 591 3678 
11897 587 588 1064 3678 
11898 3097 3460 1881 3654 
11899 995 866 1293 3467 
11900 804 3343 888 3714 
11901 1500 554 2911 3356 
11902 644 646 652 3734 
11903 323 454 476 2910 
11904 2454 3287 2164 3646 
11905 2801 3229 2655 3382 
11906 414 421 384 3659 
11907 1211 3488 2995 3564 
11908 2425 2446 2012 2800 
11909 1261 217 28 509 
11910 963 1151 1113 3766 
11911 2618 3077 2818 3479 
11912 2808 3273 2701 3440 
11913 1749 2304 1728 3284 
11914 1874 1829 2315 3204 
11915 719 745 718 2991 
11916 2854 3438 2683 3643 
11917 2739 3205 2894 3640 
11918 1005 1460 2910 3749 
11919 2407 1556 3392 3515 
11920 1602 2873 1935 3680 
11921 1056 1458 574 3722 
11922 2661 3262 2788 3497 
11923 2607 3069 2900 3333 
11924 919 917 3159 3637 
11925 2720 3079 2960 3665 
11926 1155 1360 1366 3306 
11927 2808 3550 2653 3723 
11928 2901 3055 2623 3259 
11929 554 1507 328 3356 
11930 1005 1460 1435 2910 
11931 1456 105 410 561 
11932 1185 1271 1186 3524 
11933 1309 1271 1223 3524 
11934 744 3011 1305 3715 
11935 2562 3064 2772 3373 
11936 1192 1451 3237 3657 
11937 1600 3076 1597 3685 
11938 1981 2158 2290 3508 
11939 2628 2820 2932 3578 
11940 1494 95 498 535 
11941 44 1504 363 3367 
11942 257 3298 428 3414 
11943 2770 2892 3485 3671 
11944 2761 2653 3550 3723 
11945 1366 809 1363 3556 
11946 2380 3530 2786 3751 
11947 337 364 126 1544 
11948 2755 3412 2707 3595 
11949 2108 1907 2082 3544 
11950 1734 2833 3432 3682 
11951 1447 1042 1041 3174 
11952 2655 3229 3013 3382 
11953 1268 3609 2768 3769 
11954 2899 3451 2781 3710 
11955 691 2889 700 3639 
11956 1106 3576 625 3716 
11957 473 3486 3174 3653 
11958 2059 2835 2062 3721 
11959 2030 524 188 502 
11960 326 324 32 3168 
11961 1532 290 197 3387 
11962 3084 3286 2545 3762 
11963 1283 996 1282 3289 
11964 377 3298 431 3540 
11965 1446 1143 1430 3222 
11966 1876 2239 3193 3687 
11967 1435 1440 1005 2910 
11968 2432 3349 2480 3748 
11969 249 502 431 3540 
11970 286 360 174 3393 
11971 1068 1070 1069 3481 
11972 877 913 907 3521 
11973 2064 2062 2384 3480 
11974 1289 2956 1380 3318 
11975 309 2397 200 3761 
11976 1369 1157 1337 3525 
11977 1346 836 1337 3525 
11978 1046 1505 1514 3414 
11979 864 973 972 2905 
11980 56 267 1477 3609 
11981 1827 3197 3548 3647 
11982 1562 3089 1563 3744 
11983 341 429 493 3061 
11984 2773 3343 2601 3735 
11985 2184 1592 2169 3697 
11986 313 67 245 562 
11987 369 37 1502 3470 
11988 2469 2216 2398 3390 
11989 2741 3391 3214 3515 
11990 708 721 722 2962 
11991 1298 2858 1299 3689 
11992 2577 3090 2772 3707 
11993 2558 3010 2936 3681 
11994 2572 3260 2766 3524 
11995 38 369 1502 1447 
11996 2666 3406 2926 3449 
11997 2329 2869 2184 3697 
11998 2041 2466 3212 3629 
11999 2423 2470 1535 3351 
12000 961 752 1377 3571 
12001 142 2412 1552 3238 
12002 1258 769 3463 3735 
12003 535 247 498 3239 
12004 714 1224 704 3553 
12005 2057 2056 2058 3751 
12006 1654 2862 1652 3650 
12007 1129 1128 2865 3651 
12008 1584 2877 1583 3652 
12009 702 1227 3162 3758 
12010 1051 1025 3250 3614 
12011 711 1102 3069 3720 
12012 3034 3343 2803 3714 
12013 339 340 244 3191 
12014 2251 3083 1891 3627 
12015 2819 2621 2931 3680 
12016 2747 2537 3569 3770 
12017 1445 1493 3224 3740 
12018 1377 1345 1020 3449 
12019 1536 192 382 3748 
12020 1469 984 1455 3622 
12021 692 2874 687 3679 
12022 932 923 828 3612 
12023 2960 2989 2651 3719 
12024 2396 3369 2397 3761 
12025 1739 1786 1738 3270 
12026 785 828 3070 3703 
12027 575 574 559 3040 
12028 873 1331 898 3052 
12029 1194 914 1192 3237 
12030 151 223 2491 505 
12031 2341 2859 1683 3650 
12032 1130 2864 1363 3651 
12033 1588 2872 2152 3652 
12034 755 2945 681 3636 
12035 680 3683 2945 3689 
12036 406 259 527 3589 
12037 2660 2902 3469 3656 
12038 227 2495 1542 3100 
12039 1120 1014 3153 3696 
12040 1987 2107 2988 3606 
12041 2815 2605 2930 3420 
12042 145 370 242 3486 
12043 1480 81 257 3298 
12044 1001 3049 1002 3488 
12045 1778 1733 2927 3616 
12046 735 3010 736 3771 
12047 702 704 1227 3758 
12048 1611 1944 2191 3710 
12049 1605 1609 2287 3711 
12050 3050 3269 2850 3632 
12051 1783 3094 2312 3648 
12052 1284 1277 711 3069 
12053 824 785 825 3070 
12054 2795 3370 2623 3430 
12055 2689 3370 2795 3430 
12056 2098 2450 2097 3688 
12057 1326 1362 1004 3533 
12058 489 473 370 3486 
12059 1910 2970 1869 3544 
12060 361 44 363 3367 
12061 2569 2962 2833 3319 
12062 2154 1946 3128 3536 
12063 1273 1323 761 3323 
12064 2568 3520 2755 3715 
12065 1989 1879 2198 3058 
12066 2422 1992 2427 3243 
12067 1752 2309 2308 2857 
12068 1521 2975 2299 3753 
12069 2818 2957 2598 3479 
12070 1225 939 3005 3672 
12071 2065 2063 2064 3480 
12072 1272 3225 1309 3635 
12073 1723 2936 1712 3681 
12074 437 1490 71 515 
12075 1070 1391 1073 3481 
12076 911 912 976 3440 
12077 1907 1870 3156 3544 
12078 799 752 751 3572 
12079 2181 2179 1901 2838 
12080 637 1404 2917 3587 
12081 2446 1539 2398 2915 
12082 1192 1193 1451 3657 
12083 2968 3590 1920 3676 
12084 1213 3016 3701 3719 
12085 671 3292 672 3474 
12086 2670 3297 2751 3490 
12087 591 590 3561 3678 
12088 2669 3394 2775 3503 
12089 2104 2973 2499 3459 
12090 2547 3446 2912 3592 
12091 3083 3417 2762 3662 
12092 2298 3314 3093 3738 
12093 702 3639 700 3758 
12094 2746 3002 2896 3739 
12095 692 2874 3649 3720 
12096 1800 3248 1924 3643 
12097 1410 553 1409 2796 
12098 742 786 1160 3234 
12099 2167 2267 3202 3707 
12100 1827 1788 1828 3197 
12101 744 647 645 3715 
12102 1255 676 674 3254 
12103 1519 520 124 2472 
12104 1445 549 1493 3740 
12105 2183 3621 1905 3660 
12106 2913 3384 2512 3567 
12107 1938 3112 1730 3759 
12108 2395 1970 2251 3215 
12109 2434 2489 145 3486 
12110 2621 3056 2930 3376 
12111 1006 1269 1191 3502 
12112 11 266 547 3408 
12113 1261 3429 1132 3594 
12114 809 698 3209 3774 
12115 1390 637 1404 2917 
12116 2756 2571 3560 3682 
12117 2564 3194 2899 3261 
12118 2768 3325 2708 3609 
12119 1758 3047 1649 3658 
12120 2435 2442 2413 3623 
12121 1817 2172 2209 3046 
12122 712 738 739 3101 
12123 169 373 2475 2409 
12124 309 310 268 3761 
12125 49 244 1461 544 
12126 1872 1984 1913 3746 
12127 1657 1656 1658 2916 
12128 2631 3050 2850 3555 
12129 11 346 266 3408 
12130 2832 3568 2570 3746 
12131 911 849 850 3440 
12132 1817 3046 2209 3547 
12133 2282 1897 2337 2994 
12134 2283 2238 2239 3687 
12135 2405 2445 1554 3161 
12136 56 353 267 3609 
12137 645 643 3004 3734 
12138 424 325 517 2800 
12139 3354 3428 2797 3684 
12140 1184 1186 1338 3198 
12141 1304 804 888 3714 
12142 443 405 292 3718 
12143 2761 3427 3006 3723 
12144 55 388 568 1477 
12145 400 1553 2430 3691 
12146 464 493 355 2920 
12147 2835 3256 2619 3721 
12148 699 2889 691 3754 
12149 2748 3403 2682 3521 
12150 2642 3403 2748 3521 
12151 919 881 917 3637 
12152 1350 1203 1202 3054 
12153 2443 2845 303 3736 
12154 2251 1970 1891 3083 
12155 1607 1611 1608 3073 
12156 1188 760 651 3194 
12157 2171 2174 2325 3506 
12158 1912 2188 2279 3362 
12159 2086 2152 1976 3363 
12160 307 214 178 2477 
12161 2074 3154 2070 3552 
12162 1352 926 1351 3199 
12163 2931 2819 3680 3685 
12164 199 404 1540 2414 
12165 2857 3045 2715 3493 
12166 469 457 215 3539 
12167 1311 1291 3001 3725 
12168 501 316 403 3220 
12169 1154 2895 1156 3713 
12170 2485 2496 2403 3170 
12171 1829 3526 2848 3548 
12172 2120 1972 1955 3417 
12173 2830 3420 2588 3710 
12174 735 725 3010 3553 
12175 1126 2863 776 3754 
12176 1001 1000 1326 3696 
12177 2778 2641 3309 3706 
12178 1559 2099 2450 3303 
12179 1835 3151 2149 3694 
12180 1464 240 13 347 
12181 1877 3500 2802 3541 
12182 1161 1136 1137 3742 
12183 429 247 493 3239 
12184 613 614 611 3618 
12185 1120 1000 1014 3696 
12186 1240 3152 1239 3763 
12187 2128 2131 3241 3668 
12188 824 1239 1240 3152 
12189 1669 1670 1671 3181 
12190 227 319 318 3100 
12191 2465 275 161 1555 
12192 1456 1497 561 3360 
12193 1875 2291 2283 3687 
12194 405 443 495 2973 
12195 672 671 670 3292 
12196 2028 3486 2434 3653 
12197 421 414 278 3566 
12198 2725 3047 2883 3658 
12199 1435 2910 1460 3740 
12200 702 3162 717 3639 
12201 340 432 504 3613 
12202 555 516 26 3450 
12203 2506 3190 2976 3589 
12204 2397 309 201 2481 
12205 1236 697 660 3074 
12206 2004 2178 2297 3075 
12207 2707 3595 3011 3715 
12208 1775 3606 3059 3681 
12209 680 681 2945 3683 
12210 462 427 397 3332 
12211 1214 1039 913 3521 
12212 391 474 264 2992 
12213 2643 3169 2992 3718 
12214 1430 1143 1344 3222 
12215 1421 1490 71 437 
12216 1791 2249 2291 3757 
12217 1422 62 237 1488 
12218 1116 931 1117 3236 
12219 162 275 2464 1555 
12220 1693 1682 2876 3730 
12221 1614 2875 1617 3731 
12222 2052 2053 2986 3632 
12223 1054 3189 1479 3510 
12224 2138 1858 1856 3770 
12225 1438 3250 1025 3614 
12226 381 3375 494 3584 
12227 568 388 54 1478 
12228 1261 2902 1260 3429 
12229 1540 200 2397 3761 
12230 780 2958 773 3704 
12231 2310 2002 2260 3439 
12232 2828 2736 3717 3742 
12233 3076 3680 2819 3685 
12234 1577 1576 1575 3578 
12235 1576 2083 1573 3578 
12236 1553 400 3353 3691 
12237 448 255 306 2844 
12238 3164 3526 2520 3646 
12239 3283 3512 1691 3670 
12240 692 693 2874 3720 
12241 2167 1813 2267 3707 
12242 1406 2960 1063 3719 
12243 1169 619 754 3563 
12244 1213 922 1386 3719 
12245 2492 1547 2467 2971 
12246 1330 3354 1489 3684 
12247 2677 3390 2758 3476 
12248 2445 3161 2405 3593 
12249 329 260 166 1559 
12250 59 221 572 358 
12251 2037 1555 2326 3504 
12252 1039 1214 1293 3467 
12253 819 1256 856 3232 
12254 1341 1310 999 3671 
12255 2925 2699 3185 3641 
12256 2841 3436 2060 3721 
12257 2831 3255 2643 3330 
12258 387 1438 233 3250 
12259 2904 3079 2519 3519 
12260 966 921 1059 3546 
12261 13 240 1464 563 
12262 2411 374 198 2414 
12263 252 85 549 3740 
12264 2854 3248 2525 3643 
12265 1471 1033 1454 2920 
12266 2040 2039 2439 2806 
12267 1051 971 2794 3675 
12268 1709 2210 2259 3433 
12269 2542 2817 3071 3702 
12270 2074 3466 3154 3552 
12271 2798 3198 2586 3506 
12272 1259 3231 1131 3675 
12273 555 1407 1260 3450 
12274 2018 1906 3348 3615 
12275 1505 1043 1480 3298 
12276 662 2883 1302 3679 
12277 1087 1083 1235 3293 
12278 1008 1217 1265 3597 
12279 1708 3319 2833 3674 
12280 1258 769 770 3463 
12281 2143 2141 2142 3383 
12282 411 236 410 3360 
12283 1007 3012 3493 3672 
12284 2069 2205 2075 3767 
12285 1827 3197 1828 3548 
12286 1469 571 1434 3201 
12287 2820 3561 2932 3678 
12288 217 1491 387 3594 
12289 1968 2236 2457 3099 
12290 2615 2792 3328 3733 
12291 784 750 785 3703 
12292 2242 1661 1663 3081 
12293 2111 1598 1595 3685 
12294 2643 2992 3330 3351 
12295 1075 1076 1077 2997 
12296 2697 2925 3185 3641 
12297 1582 2378 2208 3523 
12298 2417 2913 2331 3588 
12299 1624 1618 2377 3372 
12300 1406 3637 2960 3719 
12301 2690 3244 2847 3511 
12302 2387 2076 2385 3692 
12303 1692 2387 1720 3692 
12304 2833 3319 2962 3674 
12305 1770 1721 1769 3295 
12306 1543 160 2465 508 
12307 2995 3488 2691 3564 
12308 2693 3368 2809 3549 
12309 2009 2492 2030 2971 
12310 2300 2491 2483 3416 
12311 2301 2407 3392 3753 
12312 2045 1565 3014 3744 
12313 2342 3006 2338 3723 
12314 2794 3352 2660 3675 
12315 2372 1578 2052 3301 
12316 2758 3390 2507 3476 
12317 1318 1244 879 3336 
12318 1170 3117 1108 3452 
12319 1458 1418 567 2938 
12320 440 119 232 2439 
12321 1131 1259 938 3231 
12322 2611 3256 2835 3765 
12323 378 431 376 3596 
12324 1142 3706 2778 3760 
12325 582 2885 583 3665 
12326 2126 3180 3179 3588 
12327 788 1362 2842 3771 
12328 2522 3255 2831 3330 
12329 2245 3500 1877 3541 
12330 1767 1797 1813 3707 
12331 681 682 683 3636 
12332 548 2992 264 3752 
12333 2038 2425 2012 2800 
12334 2045 3531 3014 3700 
12335 1742 1745 2202 3702 
12336 749 3018 750 3542 
12337 1783 2312 1844 3648 
12338 914 855 1192 3434 
12339 266 470 475 3408 
12340 242 3486 473 3653 
12341 2689 3430 2795 3466 
12342 1365 823 1358 3098 
12343 1442 557 1035 2801 
12344 1674 3115 1679 3505 
12345 948 1262 1304 3714 
12346 423 522 335 2938 
12347 332 2925 414 3659 
12348 2475 398 170 1530 
12349 250 91 1427 1424 
12350 1954 3083 1970 3662 
12351 1640 3002 1641 3739 
12352 2924 3207 2804 3767 
12353 428 377 524 2971 
12354 3222 3456 2510 3588 
12355 1905 1904 3615 3621 
12356 740 728 846 3727 
12357 1276 728 716 3727 
12358 1444 1177 1450 3044 
12359 2343 2023 2295 3350 
12360 2232 2103 3255 3351 
12361 1044 1493 1026 3053 
12362 2372 3301 2052 3750 
12363 1393 1388 1069 3320 
12364 683 3409 688 3636 
12365 566 1443 1453 2893 
12366 1046 915 3157 3601 
12367 304 412 262 3222 
12368 1568 1565 1567 3014 
12369 467 358 450 3039 
12370 616 615 617 3376 
12371 1023 943 942 3447 
12372 708 679 709 3315 
12373 514 331 510 3693 
12374 178 307 2477 2408 
12375 1486 1425 1451 3484 
12376 764 1320 1129 3602 
12377 2055 2056 2057 2918 
12378 2609 2786 3320 3530 
12379 1920 1857 1859 3590 
12380 2045 3014 1568 3700 
12381 2255 1555 2464 3504 
12382 2820 3269 2932 3578 
12383 2880 3353 490 3691 
12384 457 263 413 2915 
12385 239 345 446 3354 
12386 287 3392 1556 3515 
12387 1517 1194 1451 3237 
12388 2754 3553 2547 3592 
12389 1823 2262 2333 3158 
12390 880 820 868 3374 
12391 524 284 428 2971 
12392 1681 2386 2387 3607 
12393 537 1438 387 3250 
12394 95 247 498 535 
12395 1302 1209 1208 3396 
12396 534 361 43 1457 
12397 350 36 220 3484 
12398 778 775 779 3064 
12399 866 795 865 3223 
12400 373 169 265 2409 
12401 2771 3253 2591 3543 
12402 1819 2090 2091 3421 
12403 2904 3079 2523 3722 
12404 1734 3432 1735 3682 
12405 3057 3258 2691 3564 
12406 2169 2882 1755 3697 
12407 1876 3193 1936 3575 
12408 2454 2163 2162 3164 
12409 1053 1452 1052 3178 
12410 1491 217 1261 3594 
12411 431 377 376 3298 
12412 257 377 428 3298 
12413 469 354 465 2996 
12414 1480 3298 257 3414 
12415 2521 3369 2796 3603 
12416 1270 1255 1294 3407 
12417 1336 944 929 3497 
12418 2176 1775 3059 3681 
12419 1286 772 763 3482 
12420 1232 3435 2836 3626 
12421 812 748 818 3296 
12422 2005 3472 1946 3536 
12423 2653 3723 3240 3743 
12424 348 240 421 3189 
12425 310 3574 2784 3761 
12426 523 421 278 3212 
12427 2300 1521 2491 2975 
12428 2692 3298 3540 3596 
12429 2837 3615 1904 3621 
12430 2296 1874 3204 3768 
12431 2346 2032 2452 2890 
12432 311 428 479 3414 
12433 806 1154 1320 3602 
12434 2498 2460 1533 3304 
12435 540 220 36 3484 
12436 1410 419 93 553 
12437 2837 3274 2702 3621 
12438 443 3169 2973 3718 
12439 566 383 77 1443 
12440 2787 3371 2640 3738 
12441 1745 2888 1764 3702 
12442 1907 1869 1870 3544 
12443 1088 1091 1092 3219 
12444 769 770 3463 3735 
12445 2527 3279 2810 3669 
12446 1326 788 2842 3696 
12447 1057 2960 3079 3665 
12448 2207 2060 2061 3721 
12449 1330 1152 3428 3684 
12450 1422 237 62 345 
12451 498 3239 429 3574 
12452 1007 3493 1322 3672 
12453 935 1347 1127 3334 
12454 1816 2304 2374 3337 
12455 254 1423 75 3570 
12456 2913 3222 2767 3588 
12457 175 279 2399 360 
12458 1833 1835 2149 3694 
12459 815 789 790 3041 
12460 1954 3417 3083 3662 
12461 346 3408 1452 3538 
12462 2134 2135 2136 3741 
12463 1130 1366 2864 3713 
12464 2041 2008 2466 3629 
12465 1164 1215 1306 2921 
12466 738 3302 782 3597 
12467 2913 3456 3222 3588 
12468 218 442 305 3346 
12469 2601 3285 2773 3735 
12470 2741 3515 3214 3580 
12471 1727 1834 1833 3694 
12472 766 3017 1228 3737 
12473 47 328 554 1507 
12474 2494 154 241 1541 
12475 1459 552 32 3168 
12476 661 809 1188 3556 
12477 1434 551 1501 3346 
12478 715 706 716 3479 
12479 1326 788 1362 2842 
12480 2144 3451 2356 3709 
12481 2077 2111 1594 3699 
12482 2222 1933 2111 3699 
12483 476 461 272 3503 
12484 1130 3651 1129 3713 
12485 379 275 455 3504 
12486 1710 1696 1708 3674 
12487 954 952 953 3528 
12488 1015 954 1016 3528 
12489 333 414 332 2925 
12490 1288 3041 815 3725 
12491 1536 2432 2480 3748 
12492 2514 3400 2893 3726 
12493 533 235 69 395 
12494 981 1453 1470 3448 
12495 1499 393 40 550 
12496 2486 1537 147 367 
12497 2419 1545 2502 3303 
12498 1043 3298 1034 3596 
12499 1213 3701 922 3719 
12500 704 713 3592 3758 
12501 1179 3463 770 3671 
12502 2928 3590 2811 3676 
12503 2792 3328 2987 3495 
12504 2180 2473 2395 3215 
12505 550 1134 1499 3391 
12506 2767 3222 2913 3346 
12507 2801 3410 2667 3610 
12508 2336 2370 3379 3613 
12509 998 2867 951 3712 
12510 1695 2209 1709 3319 
12511 2055 2378 2372 3750 
12512 2467 524 188 2030 
12513 1666 1695 1696 3674 
12514 1989 1988 3058 3729 
12515 369 220 37 3470 
12516 2092 3132 1979 3599 
12517 379 228 163 3325 
12518 1567 3014 1565 3698 
12519 2444 287 519 3392 
12520 1007 1322 1321 3672 
12521 2032 2014 2031 3192 
12522 1449 974 3172 3641 
12523 1414 3229 225 3332 
12524 1742 1668 3096 3634 
12525 1432 59 572 358 
12526 2419 166 260 1559 
12527 1499 41 238 569 
12528 973 864 1327 2905 
12529 790 789 746 3317 
12530 822 751 1217 3572 
12531 378 376 1510 3596 
12532 2108 2047 2081 2922 
12533 423 381 494 3584 
12534 386 42 243 1457 
12535 184 400 1553 2430 
12536 2700 3174 3581 3662 
12537 1983 1882 2146 3245 
12538 612 609 768 3246 
12539 1401 1089 1084 3495 
12540 555 26 1450 3450 
12541 2444 1556 287 3392 
12542 3019 3079 2904 3722 
12543 2782 2580 3624 3727 
12544 1605 2287 1607 3420 
12545 1829 1828 3526 3548 
12546 2796 3442 2521 3603 
12547 1564 1562 1563 3744 
12548 2444 287 149 519 
12549 1520 279 176 392 
12550 1864 1900 2201 3403 
12551 562 67 245 1412 
12552 2748 3403 3160 3534 
12553 303 270 441 2845 
12554 1535 2232 2234 3351 
12555 1322 3493 1321 3672 
12556 1093 1382 2981 3686 
12557 744 1305 1301 3715 
12558 473 3174 480 3653 
12559 802 803 827 3042 
12560 496 481 301 2893 
12561 720 1375 698 3209 
12562 2511 3360 2845 3736 
12563 2761 3273 2808 3550 
12564 1027 1045 1044 3053 
12565 1664 3235 1651 3690 
12566 2321 2322 1826 3331 
12567 456 460 351 3416 
12568 1506 14 563 384 
12569 1502 37 540 3470 
12570 2211 3283 1691 3670 
12571 2137 3309 2148 3764 
12572 1552 141 261 3507 
12573 2298 2276 3314 3738 
12574 2967 3215 2740 3627 
12575 2183 1905 2136 3660 
12576 319 434 318 3656 
12577 1023 1173 1174 3015 
12578 754 1394 1091 3370 
12579 119 440 2451 2439 
12580 2023 1930 3350 3598 
12581 1203 1350 1518 3327 
12582 814 1196 803 3377 
12583 788 735 736 3771 
12584 1874 1827 3548 3768 
12585 532 17 248 397 
12586 2104 2423 2410 2973 
12587 2150 2269 1639 3475 
12588 2351 2005 1946 3536 
12589 372 425 518 3200 
12590 825 3070 828 3612 
12591 1462 1424 545 3166 
12592 2259 1978 1924 2934 
12593 1459 32 324 3168 
12594 2412 2473 2438 3238 
12595 1384 589 1096 3397 
12596 1570 1571 3122 3522 
12597 1734 2311 1800 3248 
12598 1898 1899 1837 3489 
12599 2321 3331 1826 3647 
12600 386 238 41 569 
12601 369 38 300 1447 
12602 1492 3217 1111 3294 
12603 14 240 563 384 
12604 2804 2733 3552 3663 
12605 2862 3496 2543 3650 
12606 1268 1267 3609 3769 
12607 2418 2161 1551 3187 
12608 2321 2173 3331 3768 
12609 314 466 492 3224 
12610 459 434 217 3594 
12611 1314 1420 986 3518 
12612 328 460 271 2911 
12613 1374 980 1049 3600 
12614 183 258 2430 3726 
12615 2406 1522 2458 3061 
12616 2060 2057 2059 3721 
12617 2904 3019 2672 3593 
12618 686 1401 1125 3490 
12619 379 163 2464 3325 
12620 1827 3647 3548 3768 
12621 1066 1065 1067 3290 
12622 216 2913 2417 3456 
12623 331 417 219 3287 
12624 415 264 2992 3752 
12625 2469 2181 2216 3390 
12626 1711 2959 1937 3759 
12627 1776 1732 1780 3381 
12628 2045 2042 1564 3227 
12629 2865 3602 1129 3651 
12630 1733 1777 1778 2927 
12631 999 1179 770 3671 
12632 2045 2042 3227 3531 
12633 72 548 264 3752 
12634 1001 1004 1003 3049 
12635 2068 2069 2070 3552 
12636 197 2411 1532 3387 
12637 1444 1467 3044 3693 
12638 494 444 402 3040 
12639 840 841 801 3358 
12640 2669 3243 2910 3503 
12641 282 444 494 3375 
12642 2334 1861 1922 2928 
12643 2090 1819 2110 2929 
12644 1604 1603 1605 2930 
12645 1598 1933 1601 2931 
12646 589 588 586 2932 
12647 585 1060 1094 2933 
12648 2712 2962 3319 3674 
12649 2596 3396 2883 3679 
12650 1460 1026 1493 3749 
12651 1792 1877 2245 3500 
12652 568 1050 1339 2914 
12653 817 893 894 2940 
12654 2702 3615 2837 3621 
12655 611 1124 3123 3618 
12656 2668 3178 2806 3538 
12657 1927 2155 2306 2935 
12658 2744 3299 3264 3752 
12659 443 474 391 3718 
12660 1495 556 1437 3492 
12661 1722 1723 1712 3681 
12662 912 3266 3440 3550 
12663 2447 1990 3243 3729 
12664 1086 1074 1220 3340 
12665 1690 1691 1700 3512 
12666 2380 2375 3530 3751 
12667 2400 2472 2401 3013 
12668 2230 2396 1952 2978 
12669 2271 2089 1698 3333 
12670 2134 2484 1548 3736 
12671 716 727 726 2957 
12672 145 242 2434 3486 
12673 995 1168 1319 2937 
12674 802 3042 827 3701 
12675 1339 3402 1009 3769 
12676 649 3520 647 3715 
12677 1048 980 3527 3600 
12678 2436 1962 2404 3366 
12679 1637 2274 2327 3395 
12680 2401 2343 2400 3013 
12681 1914 1877 1876 3575 
12682 713 703 1119 3133 
12683 2362 1707 1685 3247 
12684 1062 587 1064 2850 
12685 779 775 1297 3419 
12686 1448 976 3266 3622 
12687 1077 1397 1075 2997 
12688 505 433 223 2975 
12689 1764 2888 1746 3755 
12690 264 515 72 3752 
12691 2615 3207 2792 3733 
12692 1460 3740 2910 3749 
12693 2338 3427 2266 3723 
12694 1826 2322 2284 3424 
12695 557 225 19 1414 
12696 576 574 3365 3722 
12697 1910 1869 2108 3544 
12698 1625 1627 1646 3196 
12699 1484 2977 1330 3428 
12700 1723 1724 1712 2936 
12701 2392 2019 1906 3348 
12702 2832 2684 3625 3746 
12703 339 297 432 3492 
12704 645 644 643 3734 
12705 446 345 453 3354 
12706 1593 1591 1594 3499 
12707 400 490 3353 3691 
12708 1540 2397 3369 3761 
12709 1538 2913 343 3567 
12710 1553 3400 2430 3691 
12711 2794 3438 2683 3675 
12712 1782 3313 1852 3755 
12713 1370 1231 1378 3125 
12714 1825 1934 1999 3126 
12715 1890 2154 1946 3128 
12716 1934 2360 2355 3127 
12717 650 1340 1287 3130 
12718 1340 633 1285 3131 
12719 1979 2092 2257 3132 
12720 1051 971 1025 2794 
12721 1510 376 1043 3298 
12722 759 758 777 3124 
12723 608 1124 607 3123 
12724 1664 1651 1644 3690 
12725 1571 1569 1570 3122 
12726 1984 2194 3007 3746 
12727 2967 3657 1264 3745 
12728 330 331 219 3287 
12729 527 259 110 1526 
12730 204 380 2402 3491 
12731 310 500 419 3574 
12732 2425 269 137 517 
12733 2285 2286 2303 3106 
12734 1786 1739 2364 3107 
12735 1354 696 1127 3108 
12736 2113 1763 2177 3111 
12737 667 665 666 3109 
12738 835 1200 833 3110 
12739 2279 1985 1938 3112 
12740 993 1342 1197 3113 
12741 1977 2086 2101 3114 
12742 1170 615 948 3117 
12743 1680 1679 1674 3115 
12744 695 706 705 3116 
12745 630 631 627 3118 
12746 594 597 596 3119 
12747 2084 1580 2087 3120 
12748 988 1361 1384 3121 
12749 341 493 280 3061 
12750 1290 1291 815 3725 
12751 2690 2893 3400 3691 
12752 2683 3352 2794 3675 
12753 556 1048 1050 3527 
12754 2394 1959 2164 3646 
12755 982 3244 1332 3601 
12756 490 327 400 3353 
12757 1804 2102 1881 3460 
12758 1431 3063 1503 3693 
12759 11 1452 346 3408 
12760 675 673 674 3425 
12761 1628 3087 2112 3631 
12762 30 233 387 1438 
12763 298 486 435 3187 
12764 1521 2300 2299 2975 
12765 2192 3196 1627 3565 
12766 1964 3216 2435 3743 
12767 311 1480 257 3414 
12768 1994 2309 1676 3413 
12769 81 376 257 3298 
12770 2229 2449 2411 3387 
12771 2007 1884 2361 3406 
12772 2023 1930 2267 3350 
12773 1451 1425 565 2996 
12774 2250 1719 2092 3145 
12775 2144 2356 2324 3709 
12776 2144 2333 2143 3709 
12777 1225 958 1164 3573 
12778 998 1119 1200 3712 
12779 2194 1872 1798 3746 
12780 1263 927 928 3342 
12781 804 769 805 3343 
12782 1265 820 880 2961 
12783 2425 137 269 1524 
12784 730 741 762 2980 
12785 603 1093 1382 2981 
12786 2072 2077 2080 2982 
12787 2074 2222 2070 3154 
12788 2232 2470 2103 3351 
12789 1521 2444 150 505 
12790 1737 1724 1736 3378 
12791 2401 337 126 1544 
12792 862 813 861 3438 
12793 1871 1830 1831 3513 
12794 2153 1980 2105 3514 
12795 3273 3440 2808 3550 
12796 433 505 362 2975 
12797 430 463 374 3387 
12798 786 1199 1161 3742 
12799 662 655 763 3307 
12800 1555 2255 2326 3504 
12801 320 2478 135 3656 
12802 581 1095 1060 3418 
12803 912 977 3266 3550 
12804 2415 1559 2450 3688 
12805 2017 1886 2015 3549 
12806 980 979 1048 3527 
12807 369 300 473 3174 
12808 702 700 703 3758 
12809 1136 3411 3316 3742 
12810 1488 543 63 503 
12811 2479 2098 2254 3688 
12812 1678 3206 1687 3747 
12813 537 30 387 1438 
12814 498 429 310 3574 
12815 1770 2220 1721 3728 
12816 2220 2221 1697 3728 
12817 11 547 1452 3408 
12818 675 674 676 3683 
12819 149 287 2444 1556 
12820 1996 1903 2326 3233 
12821 326 552 33 3539 
12822 2518 3489 3032 3633 
12823 2407 3214 2121 3515 
12824 235 437 513 3264 
12825 1781 1782 1852 3755 
12826 2285 1782 1746 3755 
12827 679 2573 1320 3315 
12828 2323 1926 2199 3732 
12829 1785 1754 1926 3732 
12830 2078 2075 2079 3466 
12831 2363 1956 2354 3386 
12832 2314 2246 1925 3085 
12833 1511 2844 546 3583 
12834 909 1211 1034 3564 
12835 631 627 3118 3664 
12836 2098 3341 2254 3688 
12837 343 295 114 3567 
12838 114 1538 343 3567 
12839 2431 2164 2454 3287 
12840 1628 1626 1743 3087 
12841 2398 1539 2469 2915 
12842 42 386 569 1457 
12843 120 440 523 2451 
12844 1027 3053 1026 3533 
12845 2828 3309 2641 3706 
12846 1662 1661 1660 3458 
12847 701 702 717 3639 
12848 228 482 349 3695 
12849 322 254 75 3570 
12850 1523 163 228 3325 
12851 174 360 2399 3393 
12852 2298 3093 2278 3738 
12853 540 3470 220 3484 
12854 1306 683 688 3636 
12855 691 700 701 3639 
12856 2160 2010 2161 2983 
12857 1714 1703 1713 3091 
12858 1600 1602 1935 3680 
12859 1942 2015 1886 3642 
12860 592 590 593 3561 
12861 1992 2447 1990 3243 
12862 2828 3234 2662 3760 
12863 580 1057 579 3665 
12864 2572 3524 2766 3635 
12865 1445 1044 570 3224 
12866 1992 3243 1990 3729 
12867 332 248 333 2925 
12868 2672 3019 2904 3722 
12869 1678 1686 1677 3747 
12870 1480 311 560 3414 
12871 2277 1942 1840 3082 
12872 2440 3400 1553 3691 
12873 713 1119 743 3712 
12874 1274 725 724 3446 
12875 1001 1003 1002 3049 
12876 1274 724 950 3446 
12877 2367 2366 1973 3208 
12878 204 280 380 3491 
12879 1406 922 3637 3719 
12880 2034 2403 1951 3339 
12881 281 462 337 3013 
12882 730 729 731 2990 
12883 45 363 1504 1496 
12884 910 865 1295 3441 
12885 1654 1652 2213 3650 
12886 1129 1019 1128 3651 
12887 1584 1583 1585 3652 
12888 466 403 276 3349 
12889 1602 1600 1601 3680 
12890 1198 1393 1392 3210 
12891 1858 1859 1857 3590 
12892 2249 1599 3076 3757 
12893 510 435 226 3693 
12894 1734 1735 1710 3682 
12895 2780 3556 3209 3774 
12896 1472 1203 3327 3471 
12897 424 459 387 3250 
12898 319 426 516 3450 
12899 258 183 315 3726 
12900 2098 1867 2253 3341 
12901 536 56 1477 3609 
12902 305 442 497 3346 
12903 1021 1357 908 3326 
12904 1950 3230 2138 3770 
12905 1945 2202 1803 3702 
12906 1183 1187 636 3088 
12907 1985 2279 2188 3362 
12908 2086 1976 2101 3363 
12909 1289 1380 1288 3318 
12910 1669 1668 1670 3634 
12911 1742 2293 1668 3634 
12912 766 1228 797 3737 
12913 338 418 452 3170 
12914 663 687 686 3357 
12915 1803 1804 1880 3097 
12916 1500 554 1315 2911 
12917 2518 3440 3489 3633 
12918 1716 2186 1727 3361 
12919 430 250 463 3166 
12920 2213 2341 1683 3650 
12921 1019 1130 1363 3651 
12922 1588 2152 1585 3652 
12923 2329 2184 1923 3697 
12924 1413 1356 3332 3501 
12925 1298 1299 757 3689 
12926 466 276 492 3349 
12927 2828 3309 3062 3764 
12928 1920 3590 1859 3676 
12929 295 2421 114 3567 
12930 2615 2774 3480 3733 
12931 376 3298 1510 3596 
12932 1086 1220 1219 3340 
12933 1784 1844 1845 3648 
12934 692 687 663 3679 
12935 1321 3493 3045 3672 
12936 472 485 222 3410 
12937 1668 1667 3096 3756 
12938 1897 2282 1852 2994 
12939 1490 548 72 3752 
12940 1806 1843 2243 3288 
12941 68 1472 395 3471 
12942 2686 3581 3174 3662 
12943 692 3649 1237 3720 
12944 2112 3297 1673 3631 
12945 387 459 217 3594 
12946 694 695 705 3388 
12947 1154 1130 1129 3713 
12948 1154 1156 1155 3713 
12949 1433 33 552 3539 
12950 2701 3489 3440 3633 
12951 546 1511 1181 2844 
12952 2192 3068 3196 3565 
12953 761 3323 1216 3703 
12954 152 223 2483 2491 
12955 1549 2403 2496 3170 
12956 2176 1723 1775 3681 
12957 2654 2809 3549 3642 
12958 1045 1359 1465 3321 
12959 220 540 37 3470 
12960 1444 541 1467 3693 
12961 1800 1924 1849 3643 
12962 1526 3241 2468 3589 
12963 2126 2128 2130 3588 
12964 1731 2238 2237 2942 
12965 107 2468 2455 3589 
12966 1134 985 1420 3281 
12967 1807 1867 1855 3380 
12968 1624 2377 2391 3372 
12969 848 1162 945 3776 
12970 660 697 661 3774 
12971 809 661 698 3774 
12972 760 1369 1204 3775 
12973 1369 1337 957 3775 
12974 1162 1277 1284 3776 
12975 1337 836 1300 3777 
12976 836 626 622 3777 
12977 793 789 1288 3537 
12978 1756 3285 1599 3757 
12979 490 479 327 3353 
12980 1410 3546 1419 3574 
12981 2130 3456 2417 3588 
12982 2497 2030 502 3540 
12983 1550 120 523 2451 
12984 1311 1289 1291 3725 
12985 1376 720 1278 3426 
12986 1940 2279 1938 3478 
12987 2165 1788 1787 3705 
12988 3602 3651 2581 3713 
12989 1311 1312 1289 2956 
12990 2142 2347 2144 3451 
12991 1330 1489 1152 3684 
12992 1222 1223 1185 3524 
12993 1272 991 1309 3225 
12994 2518 3032 3031 3633 
12995 315 495 481 3726 
12996 2296 2258 1874 3768 
12997 2321 2258 2173 3768 
12998 2603 3731 3158 3739 
12999 1600 2249 1597 3076 
13000 1599 1597 2249 3076 
13001 733 715 1307 3077 
13002 1307 1397 733 3077 
13003 1248 1295 1246 3299 
13004 541 1431 1503 3693 
13005 294 109 108 3190 
13006 363 45 271 1496 
13007 141 401 261 3507 
13008 183 2430 1529 3726 
13009 508 224 436 3465 
13010 2384 2294 1720 3765 
13011 2062 2382 2384 3765 
13012 75 1423 542 3570 
13013 319 509 434 2902 
13014 528 539 3 408 
13015 973 1327 1259 3231 
13016 1423 254 3169 3570 
13017 1560 3375 381 3584 
13018 1158 1275 1346 3213 
13019 1838 1836 1834 3276 
13020 383 256 490 2880 
13021 2138 2100 2139 3230 
13022 2995 3394 1122 3596 
13023 1523 2464 163 3325 
13024 1520 2190 2459 2941 
13025 1053 1464 1452 3538 
13026 2011 2471 2034 3339 
13027 1491 217 28 1261 
13028 2054 2052 2986 3750 
13029 2669 2910 3394 3503 
13030 449 353 482 3609 
13031 1695 3319 1708 3674 
13032 3031 3032 2516 3633 
13033 384 421 240 3189 
13034 1801 1790 2183 3453 
13035 2708 3688 3294 3695 
13036 858 3057 797 3737 
13037 617 615 1170 3376 
13038 2945 3683 2538 3689 
13039 1963 1898 1971 3645 
13040 563 1054 1506 3189 
13041 532 1413 1485 3332 
13042 1480 1043 81 3298 
13043 1552 2420 141 3507 
13044 1462 1242 1424 3166 
13045 225 488 462 3229 
13046 1355 886 1357 3437 
13047 223 152 2483 351 
13048 832 1104 1103 2944 
13049 432 297 436 3492 
13050 1205 1206 1286 3462 
13051 1126 776 690 3754 
13052 699 691 690 3754 
13053 754 1396 1169 3563 
13054 1950 1856 1855 3770 
13055 2293 1675 1670 3634 
13056 900 1264 3657 3745 
13057 1899 1963 1964 3216 
13058 1 109 1468 1481 
13059 2468 2 107 2455 
13060 2273 1759 1762 3385 
13061 1986 2329 1923 3389 
13062 2171 2172 1817 3046 
13063 970 969 3183 3772 
13064 1483 1117 1436 3169 
13065 72 515 1490 3752 
13066 1758 1649 2289 3658 
13067 611 946 1124 3618 
13068 532 1417 1449 2925 
13069 1942 2016 2015 3642 
13070 851 1138 1137 3316 
13071 3197 3526 1828 3548 
13072 1054 1506 3189 3659 
13073 2542 3252 2817 3702 
13074 1324 747 813 3265 
13075 2277 1840 1779 3082 
13076 1987 2313 2107 3606 
13077 229 1554 207 3584 
13078 2018 1904 1906 3615 
13079 536 353 56 3609 
13080 1972 3214 2407 3580 
13081 2239 1936 1876 3193 
13082 1704 2214 1689 2946 
13083 261 3238 1552 3507 
13084 3294 3688 2745 3695 
13085 2350 2353 2117 3171 
13086 1629 1640 1641 3739 
13087 2212 2199 1926 3422 
13088 2128 3179 2129 3668 
13089 1655 1656 1657 3496 
13090 1416 1038 562 3604 
13091 755 681 1306 3636 
13092 2805 3623 2716 3655 
13093 1628 1743 2112 3087 
13094 1245 1116 1483 3330 
13095 1372 1456 1441 3360 
13096 498 1494 3239 3574 
13097 1662 1663 1661 3756 
13098 1989 1990 1988 3729 
13099 2210 2172 2258 3260 
13100 750 761 1216 3703 
13101 2005 2006 1947 3472 
13102 599 598 600 3473 
13103 2421 1538 114 3567 
13104 2455 2134 1548 2976 
13105 350 1425 36 3484 
13106 1508 1260 1261 2902 
13107 1341 843 845 3173 
13108 1878 1845 1879 3468 
13109 1316 1299 1298 2858 
13110 799 1377 752 2860 
13111 2341 2114 1683 2859 
13112 1126 1190 776 2863 
13113 1654 1653 1652 2862 
13114 2187 1822 1820 2861 
13115 1363 1130 1366 2864 
13116 764 1129 1128 2865 
13117 1832 1830 2328 2866 
13118 951 998 1292 2867 
13119 1912 1911 1831 2868 
13120 2329 1980 2184 2869 
13121 2002 1941 1939 2870 
13122 1114 1099 990 2871 
13123 2105 2152 1588 2872 
13124 1602 2157 1935 2873 
13125 692 693 687 2874 
13126 1693 1682 1692 2876 
13127 1617 1614 1618 2875 
13128 1581 1583 1584 2877 
13129 1100 593 1097 2878 
13130 2371 2348 1975 2879 
13131 253 500 447 3603 
13132 605 604 602 3165 
13133 735 714 725 3553 
13134 3059 3606 2706 3681 
13135 1693 2264 1682 3730 
13136 2264 2263 2149 3730 
13137 2262 1823 1613 3731 
13138 1613 1614 1617 3731 
13139 2792 3692 2774 3733 
13140 2493 2041 3212 3566 
13141 536 1268 1267 3609 
13142 1834 3276 1836 3694 
13143 1043 376 81 3298 
13144 545 1439 1359 3321 
13145 1873 2338 2342 3006 
13146 2211 1701 1691 3283 
13147 2375 2304 1749 3530 
13148 895 962 996 2881 
13149 662 771 1302 2883 
13150 1755 2169 1596 2882 
13151 584 583 582 2885 
13152 1516 3250 537 3594 
13153 1592 1589 1591 2886 
13154 2111 1595 1594 2887 
13155 1531 3379 3487 3613 
13156 1746 1764 1745 2888 
13157 302 112 2433 3456 
13158 699 700 691 2889 
13159 2433 2130 2474 3456 
13160 2064 2384 2385 3733 
13161 2066 2065 2064 3733 
13162 1167 905 3136 3772 
13163 1751 2115 2116 3176 
13164 173 286 1549 2496 
13165 636 635 1183 3088 
13166 692 1237 693 3720 
13167 711 1237 1102 3720 
13168 1658 1660 1659 3278 
13169 871 873 898 3344 
13170 802 787 803 3042 
13171 1542 2247 2394 3100 
13172 1156 1154 806 2895 
13173 642 654 653 2896 
13174 1387 829 1389 3048 
13175 2431 2454 1528 3287 
13176 831 1106 625 3716 
13177 621 625 624 3716 
13178 1406 1063 922 3719 
13179 1960 2246 2314 3085 
13180 2442 2435 1963 3645 
13181 1141 1139 1143 3186 
13182 2132 3218 2135 3741 
13183 1233 3435 1232 3626 
13184 621 1170 831 3716 
13185 1225 939 1212 3005 
13186 1055 1033 1471 3494 
13187 785 1216 828 3703 
13188 1046 1332 915 3601 
13189 1607 2287 1944 3420 
13190 2495 2247 1542 3100 
13191 2903 3256 2786 3751 
13192 1881 1880 3097 3654 
13193 1395 1072 1075 3221 
13194 1788 2165 1828 3197 
13195 252 492 454 3740 
13196 1874 3548 3204 3768 
13197 2166 2245 1921 3541 
13198 662 1302 663 3679 
13199 1804 1881 1880 3097 
13200 988 1384 1096 3397 
13201 2132 2134 2133 3741 
13202 148 368 287 3515 
13203 678 1222 830 3021 
13204 233 424 387 3250 
13205 426 319 227 3100 
13206 831 1170 1108 3452 
13207 1417 2925 332 3659 
13208 811 810 859 2909 
13209 2277 1802 2278 3738 
13210 1419 3239 1494 3574 
13211 92 253 396 3603 
13212 693 711 695 3720 
13213 1659 1660 1661 3278 
13214 1150 2828 3706 3760 
13215 1217 738 782 3597 
13216 2801 3610 2667 3666 
13217 68 395 245 3471 
13218 705 706 715 3479 
13219 540 36 1425 3484 
13220 580 582 583 3665 
13221 2784 3574 2796 3761 
13222 1678 1687 1686 3747 
13223 892 1001 1002 3488 
13224 1568 2045 1565 3014 
13225 75 542 322 3570 
13226 2393 1909 2050 2989 
13227 548 1247 1245 3752 
13228 718 745 1278 2991 
13229 692 3649 2874 3679 
13230 326 3168 552 3539 
13231 1829 1828 1850 3526 
13232 1521 151 2491 505 
13233 236 411 441 3360 
13234 1192 3434 900 3657 
13235 1399 1400 1089 2987 
13236 937 991 1272 3225 
13237 1733 2197 1706 3616 
13238 586 584 585 3619 
13239 1981 1922 1927 3620 
13240 604 603 602 3165 
13241 2342 2338 1997 3723 
13242 204 2441 280 3491 
13243 778 774 775 3064 
13244 92 553 253 3603 
13245 2336 3379 2500 3487 
13246 2493 121 278 1550 
13247 454 492 382 3748 
13248 359 222 485 3410 
13249 1636 2140 2288 3412 
13250 2777 2848 3526 3548 
13251 246 172 2485 338 
13252 1751 2116 2307 3176 
13253 2380 2056 2375 3751 
13254 2761 2808 3427 3723 
13255 1939 1940 1938 3478 
13256 1009 916 1008 3402 
13257 2378 2057 2060 3436 
13258 1554 229 3161 3584 
13259 546 1181 1441 2844 
13260 1008 822 1217 2979 
13261 1885 1860 1858 2923 
13262 1714 1715 1703 3091 
13263 755 680 681 2945 
13264 2158 1981 2159 2954 
13265 1498 285 65 525 
13266 985 970 986 3518 
13267 875 877 907 2966 
13268 575 577 576 3365 
13269 2492 2009 2033 3150 
13270 1811 1812 1772 2955 
13271 1638 2175 1648 3261 
13272 1997 2338 2266 3723 
13273 1341 845 1310 3173 
13274 1189 736 749 3771 
13275 216 497 343 2913 
13276 3174 2700 3653 3662 
13277 2821 3397 2933 3619 
13278 519 420 362 3392 
13279 3072 3435 1233 3626 
13280 1353 933 1232 3435 
13281 780 781 773 2958 
13282 1711 2261 1937 2959 
13283 2353 2350 1796 3171 
13284 304 497 412 3222 
13285 204 2402 2441 3491 
13286 1133 968 985 3281 
13287 1259 3429 3231 3675 
13288 2026 3404 2027 3534 
13289 1027 1026 1004 3533 
13290 1051 1131 971 3675 
13291 2740 3627 3215 3673 
13292 2440 2430 1553 3400 
13293 2052 2051 2053 3632 
13294 719 697 1236 3074 
13295 2004 2256 2178 3075 
13296 1387 3048 3290 3773 
13297 2344 2008 1895 3257 
13298 2066 2385 2076 3733 
13299 584 587 1061 3555 
13300 1438 31 233 1459 
13301 2505 2941 1520 3582 
13302 1612 1608 1611 3073 
13303 801 1178 800 2939 
13304 1204 628 634 2964 
13305 302 216 112 3456 
13306 2486 368 148 3515 
13307 257 311 80 1480 
13308 683 684 685 3409 
13309 447 463 396 3603 
13310 737 750 749 3018 
13311 882 825 828 3612 
13312 1136 1199 3411 3742 
13313 1348 1371 1349 3535 
13314 1703 2263 1693 3730 
13315 1629 2262 1617 3731 
13316 1669 2242 1663 3081 
13317 141 2420 401 3507 
13318 579 1056 576 3722 
13319 572 221 58 1428 
13320 165 329 1559 2415 
13321 2478 2248 135 3656 
13322 44 534 1504 3367 
13323 2219 1857 1920 2968 
13324 2339 1913 2089 2969 
13325 1799 1734 1800 3432 
13326 1815 1869 1910 2970 
13327 2041 1550 2493 3212 
13328 1253 810 826 3431 
13329 680 676 681 3683 
13330 1102 1284 711 3069 
13331 785 828 825 3070 
13332 1981 2290 2114 3508 
13333 1136 740 847 3411 
13334 473 480 242 3653 
13335 2359 2428 2443 2845 
13336 326 33 215 3539 
13337 565 1517 1451 2996 
13338 1020 1374 897 2926 
13339 1675 3413 1676 3762 
13340 780 773 774 3704 
13341 1923 2169 1755 3697 
13342 747 1324 721 3265 
13343 2408 2234 2235 3582 
13344 1629 1641 2145 3739 
13345 303 212 2443 3736 
13346 44 361 534 3367 
13347 1057 1405 579 3079 
13348 65 285 1498 1509 
13349 415 308 515 3752 
13350 2051 1575 1574 3269 
13351 2133 2976 2455 3589 
13352 2130 2417 2331 3588 
13353 1700 1711 1730 3759 
13354 1548 289 213 530 
13355 2748 3404 3403 3534 
13356 523 278 121 1550 
13357 1958 1965 1848 2943 
13358 2447 3243 2422 3748 
13359 367 480 487 3653 
13360 749 750 784 3542 
13361 1401 686 1399 3490 
13362 524 187 284 2467 
13363 842 887 1328 2984 
13364 2102 2231 2103 3255 
13365 1847 2344 1895 3568 
13366 1932 2266 2339 3427 
13367 2276 2298 2278 3738 
13368 684 682 837 2985 
13369 1634 1633 1635 3060 
13370 2053 2054 2052 2986 
13371 944 1109 982 3244 
13372 2786 3530 2609 3751 
13373 2001 1987 2107 2988 
13374 2485 172 2496 338 
13375 1339 1009 1268 3769 
13376 1803 1745 1764 3702 
13377 1154 3602 2895 3713 
13378 1992 1990 1989 3729 
13379 2467 187 284 1547 
13380 2449 2229 2228 2963 
13381 1379 1380 986 3318 
13382 33 1433 215 3539 
13383 392 279 468 2941 
13384 1130 1155 1366 3713 
13385 2104 2410 2499 2973 
13386 612 768 769 3735 
13387 502 524 377 3540 
13388 1057 1063 1406 2960 
13389 328 288 445 3356 
13390 690 689 685 3286 
13391 1560 207 1554 3584 
13392 2434 242 146 3653 
13393 1480 311 80 560 
13394 1668 1663 1667 3756 
13395 592 1385 591 3000 
13396 2065 2368 2063 2999 
13397 1073 1391 1221 2998 
13398 1315 554 1496 2911 
13399 623 619 622 3055 
13400 619 616 618 3056 
13401 183 1529 315 3726 
13402 2140 2091 2288 3412 
13403 1354 1127 1347 3108 
13404 2286 1694 2303 3106 
13405 1786 2364 2332 3107 
13406 2177 1763 1821 3111 
13407 665 658 666 3109 
13408 1135 833 1200 3110 
13409 1730 1938 1985 3112 
13410 1342 936 1197 3113 
13411 2101 1940 1977 3114 
13412 635 631 630 3118 
13413 1108 1170 948 3117 
13414 2224 1679 1680 3115 
13415 1277 706 695 3116 
13416 597 594 1098 3119 
13417 2084 2087 2003 3120 
13418 1361 988 932 3121 
13419 2321 3647 1827 3768 
13420 2418 2490 2161 3187 
13421 847 849 851 3003 
13422 1949 1882 1983 3245 
13423 768 609 1182 3246 
13424 1072 1074 1075 3577 
13425 873 871 872 3344 
13426 1776 2275 1802 3371 
13427 2074 2383 2222 3154 
13428 397 225 462 3332 
13429 1805 1799 2217 2974 
13430 1250 645 643 3004 
13431 2660 3429 2902 3594 
13432 134 227 318 2495 
13433 1054 1479 1021 3510 
13434 1571 1572 1569 3122 
13435 1336 929 1212 3497 
13436 1124 608 611 3123 
13437 1726 1725 1699 3020 
13438 2643 2973 3169 3718 
13439 759 757 758 3124 
13440 735 725 736 3010 
13441 1251 1305 744 3011 
13442 867 917 881 3274 
13443 3193 3421 1936 3575 
13444 2428 2168 1533 3304 
13445 1892 2154 1890 3128 
13446 1370 1378 961 3125 
13447 2197 1825 1999 3126 
13448 2360 2150 2355 3127 
13449 660 650 1287 3130 
13450 633 644 1285 3131 
13451 1979 2257 2256 3132 
13452 890 1258 934 3033 
13453 1304 888 1296 3034 
13454 1078 1381 1081 3035 
13455 1228 766 717 3017 
13456 1112 1432 572 3039 
13457 2009 1896 1902 3150 
13458 788 1189 1362 3771 
13459 2250 2110 1719 3145 
13460 503 439 237 2977 
13461 1297 1286 1206 3462 
13462 148 287 1556 3515 
13463 1808 1770 1807 3532 
13464 2381 1610 1741 3430 
13465 1771 2227 1811 3399 
13466 2067 3207 2071 3767 
13467 2802 2732 3500 3575 
13468 275 425 455 3504 
13469 1387 3290 1067 3773 
13470 2200 2373 1909 3086 
13471 998 951 743 3712 
13472 388 425 230 2914 
13473 2270 2146 1664 3690 
13474 3174 3653 3486 3662 
13475 436 224 432 3465 
13476 703 1135 1119 3133 
13477 980 878 979 3038 
13478 2076 2387 2386 3607 
13479 2605 3420 2830 3711 
13480 1046 1022 1505 3157 
13481 1288 789 815 3041 
13482 109 531 1468 3190 
13483 2292 1936 2239 3193 
13484 1821 1822 1830 3557 
13485 1100 990 1098 3558 
13486 2348 2003 2002 3559 
13487 2379 2185 1713 3249 
13488 909 1022 915 3157 
13489 1191 1190 1006 3502 
13490 1737 1748 1724 3378 
13491 454 382 273 3748 
13492 2394 1960 1959 3312 
13493 2461 2414 1540 3369 
13494 996 1163 1282 3551 
13495 2241 2436 2400 3638 
13496 1203 533 1472 3327 
13497 2692 3298 2971 3540 
13498 1531 3379 2336 3487 
13499 1350 910 1295 3441 
13500 792 807 808 3267 
13501 1540 2397 2396 3369 
13502 135 2495 318 3656 
13503 1225 1321 939 3672 
13504 895 752 961 3571 
13505 320 3454 2478 3656 
13506 474 415 264 2992 
13507 1655 1654 1656 3496 
13508 2301 3580 2407 3753 
13509 286 174 1549 3393 
13510 1091 1394 1092 3370 
13511 1620 2327 2272 3401 
13512 1386 1389 1213 3016 
13513 2336 3379 1531 3613 
13514 910 1350 1202 3054 
13515 217 29 387 1491 
13516 1279 850 945 3273 
13517 883 965 1238 3080 
13518 2194 2195 1984 3007 
13519 2310 1748 2203 3008 
13520 1823 2333 2324 3709 
13521 776 833 699 3754 
13522 2088 1998 2040 3240 
13523 2088 2008 2344 3629 
13524 242 367 146 3653 
13525 110 527 1526 2468 
13526 2022 3410 2463 3724 
13527 2127 2129 2128 3179 
13528 1505 560 1514 3414 
13529 1411 3168 1459 3614 
13530 2833 2756 3432 3682 
13531 1299 680 757 3689 
13532 941 800 942 3447 
13533 1481 1468 1146 3190 
13534 1810 2176 2352 3405 
13535 996 1283 1159 3289 
13536 242 2434 3486 3653 
13537 869 1151 963 3569 
13538 1215 1164 958 3573 
13539 1035 2801 3464 3666 
13540 772 1286 775 3482 
13541 1419 3546 3239 3574 
13542 482 342 483 3695 
13543 907 964 1024 3347 
13544 1791 1756 1599 3757 
13545 1755 1599 1756 3285 
13546 2401 1544 2462 3382 
13547 1421 1247 1490 3752 
13548 1249 1512 1117 3236 
13549 1921 2245 1877 3541 
13550 748 723 1257 3560 
13551 2173 2171 2325 3506 
13552 1501 551 1344 3346 
13553 2417 112 216 3456 
13554 2026 2201 1900 3403 
13555 1072 1395 1071 3221 
13556 2129 3218 2132 3668 
13557 1231 808 807 3267 
13558 1556 2486 148 3515 
13559 2724 2970 3398 3517 
13560 1266 3217 1267 3769 
13561 1167 969 905 3772 
13562 576 574 575 3365 
13563 410 106 531 561 
13564 646 644 645 3734 
13565 68 1412 1472 3471 
13566 1641 1640 1665 3002 
13567 2255 1523 2254 3325 
13568 2444 2301 3392 3753 
13569 1043 1510 81 376 
13570 2724 3398 3008 3517 
13571 1697 1699 1721 3728 
13572 1649 1650 2289 3658 
13573 1029 1311 1291 3001 
13574 1339 1050 979 3527 
13575 957 1337 1300 3282 
13576 1333 982 1332 3601 
13577 1254 1449 974 3172 
13578 912 977 976 3266 
13579 1609 3630 2901 3711 
13580 2192 1627 1642 3565 
13581 2191 2899 3628 3710 
13582 1245 1244 1116 3330 
13583 2331 2913 3384 3588 
13584 1159 712 739 3101 
13585 1192 3237 3434 3657 
13586 1172 707 1316 3477 
13587 1524 2038 2503 3454 
13588 2425 138 2446 517 
13589 1785 2323 2096 3732 
13590 2212 1945 2199 3422 
13591 1387 1066 1067 3290 
13592 1111 1492 1267 3217 
13593 1333 566 1453 2880 
13594 1466 1383 1437 3492 
13595 2382 2379 2294 3765 
13596 2516 3276 3003 3633 
13597 1300 620 957 3282 
13598 323 252 454 3740 
13599 2417 2433 112 3456 
13600 1750 1649 1758 3047 
13601 2273 1750 1759 3385 
13602 964 1416 1047 3604 
13603 435 510 331 3693 
13604 321 476 273 3503 
13605 1482 1517 1433 3539 
13606 1305 1104 1301 3595 
13607 2235 2234 2233 3415 
13608 767 1321 765 3045 
13609 207 381 229 3584 
13610 378 1510 538 3596 
13611 1788 1766 1787 3705 
13612 2833 3674 2571 3682 
13613 2380 2375 1749 3530 
13614 2701 3003 3276 3633 
13615 2305 1781 1866 3051 
13616 1514 1429 1333 2880 
13617 913 877 1214 3521 
13618 1574 2048 2049 3050 
13619 2168 1905 1904 3615 
13620 2301 1521 2299 3753 
13621 2444 2301 2407 3392 
13622 21 366 299 3610 
13623 2061 2059 2062 3721 
13624 1082 1081 1083 3445 
13625 966 1419 1410 3546 
13626 1774 1790 1801 3453 
13627 1301 649 647 3715 
13628 534 1457 1314 2791 
13629 1874 2321 1827 3768 
13630 2581 3602 2865 3651 
13631 1561 1546 1560 3375 
13632 1691 1690 1689 3512 
13633 939 798 1336 3444 
13634 912 1010 977 3550 
13635 21 299 1442 3610 
13636 858 797 891 3737 
13637 783 1233 1232 3626 
13638 2367 2301 2299 3753 
13639 2031 2432 1557 3349 
13640 2487 2972 2024 3549 
13641 2468 3241 2131 3589 
13642 265 2409 168 3509 
13643 2275 2276 1802 3738 
13644 882 920 883 3461 
13645 688 689 1007 3012 
13646 538 1122 3394 3596 
13647 2222 2077 2070 3699 
13648 2471 1530 2034 3275 
13649 2845 3660 2511 3736 
13650 1049 1371 1374 3251 
13651 1924 1800 2311 3248 
13652 674 673 672 3474 
13653 846 1162 848 3624 
13654 1834 1836 1835 3694 
13655 1915 2250 2092 3599 
13656 704 703 713 3758 
13657 229 335 334 3161 
13658 318 320 135 3656 
13659 1095 581 1058 3418 
13660 1482 1229 1194 3476 
13661 1807 2252 1867 3380 
13662 1764 1746 1781 3755 
13663 3191 3379 2743 3613 
13664 1970 1954 1891 3083 
13665 1562 1561 1563 3089 
13666 1356 1414 1413 3332 
13667 657 658 664 3364 
13668 698 697 718 3774 
13669 957 624 1204 3775 
13670 1284 1352 945 3776 
13671 622 618 1300 3777 
13672 28 1508 1261 509 
13673 3204 3548 2524 3768 
13674 207 1560 381 3584 
13675 2777 3526 3197 3548 
13676 759 777 794 3586 
13677 2136 2135 2183 2919 
13678 2407 1556 2444 3392 
13679 970 968 969 3772 
13680 1407 972 973 3268 
13681 2145 2333 2262 3158 
13682 303 289 212 3736 
13683 1412 68 245 3471 
13684 1198 1392 726 3210 
13685 1728 2304 1740 3543 
13686 2046 1974 1908 3443 
13687 2693 3379 3191 3487 
13688 1431 564 1174 3063 
13689 1646 1627 2192 3196 
13690 977 1448 976 3266 
13691 1638 1747 2175 3261 
13692 1147 1146 1468 3190 
13693 2480 2031 2013 3192 
13694 1566 3519 2044 3698 
13695 900 1192 855 3434 
13696 1968 1917 2236 3099 
13697 967 905 968 3772 
13698 2752 2836 3435 3626 
13699 1242 1462 1241 3359 
13700 1445 1493 1044 3224 
13701 1600 1597 1598 3685 
13702 655 662 656 3307 
13703 2100 2138 1950 3230 
13704 1046 1514 1333 3601 
13705 1419 1471 535 3239 
13706 659 1205 640 3291 
13707 1735 2244 1710 3682 
13708 1582 2208 1583 3523 
13709 2082 3531 2045 3700 
13710 2045 1564 1565 3744 
13711 29 387 1491 537 
13712 2190 1520 2505 2941 
13713 2147 1773 1729 3062 
13714 1800 1849 1848 3643 
13715 1989 2198 2109 3355 
13716 2385 2384 1720 3692 
13717 1984 1872 2194 3746 
13718 576 1056 574 3722 
13719 1021 1101 1357 3510 
13720 1730 1711 1937 3759 
13721 2190 2337 2189 3305 
13722 94 1494 498 3574 
13723 3174 3486 2686 3662 
13724 2467 2030 2492 2971 
13725 1193 900 1264 3657 
13726 1337 1157 1346 3525 
13727 1761 1767 2167 3707 
13728 2619 3436 2841 3721 
13729 2247 2246 1960 3469 
13730 539 3 1481 528 
13731 804 1262 612 3714 
13732 543 1488 1330 2977 
13733 2874 3649 2596 3679 
13734 2458 1522 2441 3061 
13735 1475 557 1414 3229 
13736 2022 2429 2463 3410 
13737 1778 2197 1733 3616 
13738 2029 3486 2028 3662 
13739 406 107 108 3589 
13740 390 265 168 3509 
13741 2480 2432 2031 3349 
13742 947 838 1012 3455 
13743 1438 1051 1025 3250 
13744 1876 1875 2239 3687 
13745 1971 2456 2442 3645 
13746 3180 3384 2767 3588 
13747 1351 886 1355 3437 
13748 2337 1897 2189 3305 
13749 2082 2045 1568 3700 
13750 360 286 451 3393 
13751 2112 2388 1673 3297 
13752 971 862 861 3438 
13753 1536 2447 2422 3748 
13754 797 858 857 3057 
13755 2231 2232 2103 3255 
13756 1041 967 1133 3581 
13757 1449 975 974 3641 
13758 2054 2055 2052 3750 
13759 1155 1157 1360 3306 
13760 745 789 793 3537 
13761 625 1106 629 3576 
13762 2407 1972 2121 3214 
13763 1326 1120 788 3696 
13764 1136 1161 1199 3742 
13765 1174 1476 1023 3666 
13766 2417 1538 2331 2913 
13767 1054 563 1479 3189 
13768 390 168 1545 3509 
13769 1218 1403 1402 3065 
13770 2390 2205 2389 3066 
13771 92 396 1427 3603 
13772 1728 1717 1749 3284 
13773 1537 146 367 3653 
13774 408 526 293 3184 
13775 846 1276 1162 3727 
13776 2358 2370 2036 3329 
13777 1331 907 1024 3347 
13778 516 1508 27 509 
13779 2478 320 136 3454 
13780 2804 3552 2613 3767 
13781 1375 809 698 3209 
13782 1545 168 2409 3509 
13783 2444 1521 2301 3753 
13784 1824 1669 1671 3181 
13785 879 794 1318 3336 
13786 900 3657 3434 3745 
13787 343 442 295 3567 
13788 2214 2001 2211 3670 
13789 2265 1780 1732 3381 
13790 2139 2316 1885 3423 
13791 774 773 772 3704 
13792 1694 1662 1660 3458 
13793 1850 1828 1893 3526 
13794 943 1035 3464 3666 
13795 2134 2455 2133 2976 
13796 784 824 1240 3152 
13797 3178 3408 2806 3538 
13798 2772 3373 3064 3704 
13799 3072 2752 3435 3626 
13800 1675 1994 1676 3413 
13801 2465 2037 1543 3200 
13802 512 520 123 3366 
13803 1650 1673 1674 3505 
13804 2754 3512 3283 3670 
13805 2913 2767 3384 3588 
13806 480 473 300 3174 
13807 478 350 220 3484 
13808 840 801 839 3358 
13809 2074 2075 2078 3466 
13810 887 1334 1271 3483 
13811 1260 973 1259 3429 
13812 1798 1768 2194 3625 
13813 1565 3698 3014 3744 
13814 707 673 675 3425 
13815 2324 2356 1944 3710 
13816 1823 2324 2287 3711 
13817 1249 981 1470 3448 
13818 1122 1034 2995 3596 
13819 591 588 590 3678 
13820 2334 1920 1859 3676 
13821 1604 1607 1608 3677 
13822 2346 2345 2032 2890 
13823 2127 2128 2126 3179 
13824 1189 823 1365 3098 
13825 568 1478 1050 2914 
13826 1136 851 1137 3316 
13827 3191 3487 3379 3613 
13828 2182 2135 2132 3218 
13829 1261 1260 1132 3429 
13830 529 289 411 3736 
13831 1964 1963 2435 3216 
13832 415 515 264 3752 
13833 349 483 329 3695 
13834 241 445 389 2972 
13835 1647 2274 1637 3395 
13836 2497 2021 2030 3540 
13837 322 495 254 3570 
13838 188 2497 2030 502 
13839 963 1112 3280 3766 
13840 1695 1709 1708 3319 
13841 2349 2176 1775 3059 
13842 1150 3706 1142 3760 
13843 2482 2424 1543 3465 
13844 1837 1836 1898 3489 
13845 1484 543 1330 2977 
13846 2154 2351 1946 3536 
13847 1266 1267 1009 3769 
13848 1310 1179 999 3671 
13849 135 2248 2495 3656 
13850 1359 1045 1358 3345 
13851 1230 978 861 3163 
13852 1435 1460 549 3740 
13853 702 1227 717 3162 
13854 2225 1870 1812 3516 
13855 1028 1030 1037 3368 
13856 1856 1950 2138 3770 
13857 769 768 770 3735 
13858 296 478 489 2993 
13859 1233 710 1234 3072 
13860 1173 1023 942 3015 
13861 1846 2240 1797 3167 
13862 1964 2435 2039 3743 
13863 1701 2211 1722 3283 
13864 1088 1092 1403 3219 
13865 2007 2361 2332 3406 
13866 2434 146 1537 3653 
13867 1289 1288 815 3725 
13868 2504 2469 2420 3507 
13869 1254 974 1253 3172 
13870 2133 2468 2131 3589 
13871 1930 3598 2022 3724 
13872 1573 1575 1576 3578 
13873 1305 1252 949 3195 
13874 1988 1879 1989 3058 
13875 1187 1184 1338 3198 
13876 926 1352 1102 3199 
13877 2374 2376 1816 3337 
13878 2067 2071 2205 3767 
13879 1736 1810 1771 3102 
13880 2112 1673 1643 3631 
13881 537 1516 1051 3250 
13882 1362 1027 1004 3533 
13883 527 2468 107 3589 
13884 1862 1864 1863 3188 
13885 2454 2164 2163 3646 
13886 2028 1954 1970 3662 
13887 238 487 393 3391 
13888 709 679 1320 3315 
13889 1088 1087 1091 3608 
13890 2193 2192 2273 3068 
13891 1783 1785 2312 3094 
13892 1325 798 796 3095 
13893 1914 1876 1936 3575 
13894 1141 1140 1139 3186 
13895 1396 1087 1235 3293 
13896 2488 2421 2456 3567 
13897 1059 921 987 3105 
13898 2104 2499 2236 3459 
13899 1223 1272 1309 3635 
13900 713 714 704 3592 
13901 2351 1707 2362 3247 
13902 391 254 443 3169 
13903 2895 3602 2581 3713 
13904 2424 2482 2370 3465 
13905 1696 1695 1708 3674 
13906 15 332 384 3659 
13907 2022 2462 3382 3598 
13908 2241 2343 2295 3638 
13909 2463 2429 1551 3410 
13910 1698 2089 2224 3333 
13911 1548 2443 212 3736 
13912 2074 2070 2069 3552 
13913 866 956 795 3223 
13914 1054 975 1417 3659 
13915 2162 2160 2161 2983 
13916 1541 2302 2483 3416 
13917 1559 2419 2099 3303 
13918 1452 547 1052 3408 
13919 2502 1545 2476 3509 
13920 2020 1564 2042 3227 
13921 2028 2434 1537 3653 
13922 1870 1908 1907 3156 
13923 136 320 269 3454 
13924 812 818 1230 3296 
13925 2393 2044 2392 3519 
13926 1968 1969 1931 3511 
13927 1261 1132 1516 3594 
13928 1254 1308 1356 3501 
13929 738 734 782 3302 
13930 92 1427 553 3603 
13931 1406 922 881 3637 
13932 1112 1110 963 3280 
13933 649 658 657 3364 
13934 1534 117 336 3623 
13935 2044 1566 2392 3519 
13936 1042 983 1041 3581 
13937 1728 1740 1729 3543 
13938 1112 1515 3039 3766 
13939 809 1366 1188 3556 
13940 2046 1908 1953 3443 
13941 795 759 794 3586 
13942 1109 1332 982 3244 
13943 2180 2395 2251 3215 
13944 374 290 430 3387 
13945 2247 2495 2248 3656 
13946 361 363 433 3367 
13947 2296 1874 2315 3204 
13948 2151 2293 2202 3252 
13949 2358 2036 2361 3329 
13950 925 844 924 3263 
13951 1844 1784 1783 3648 
13952 1967 1966 1865 3078 
13953 1383 1371 1049 3251 
13954 1674 1679 1650 3505 
13955 564 366 21 3610 
13956 2131 2468 1526 3241 
13957 682 676 1255 3254 
13958 885 997 1207 3228 
13959 2168 2498 3304 3615 
13960 1768 1767 1760 3090 
13961 2317 2475 1530 3275 
13962 2995 2775 3394 3596 
13963 1932 2149 1835 3151 
13964 1742 1668 1667 3096 
13965 939 767 798 3444 
13966 2416 2320 1553 3353 
13967 520 1519 123 3366 
13968 379 449 228 3325 
13969 931 894 930 3661 
13970 1554 2445 1560 3584 
13971 783 734 1233 3626 
13972 356 261 465 3238 
13973 1257 1256 819 3232 
13974 1247 1248 1246 3299 
13975 1548 212 289 3736 
13976 1079 1084 1089 3495 
13977 2864 3651 1130 3713 
13978 1477 1268 536 3609 
13979 2058 2056 2380 3751 
13980 352 488 225 3229 
13981 1549 174 2399 3393 
13982 527 2 107 2468 
13983 2463 2161 2010 3724 
13984 1623 1625 2174 3562 
13985 2067 2066 2071 3207 
13986 2128 2129 2131 3668 
13987 1918 2103 2104 3459 
13988 2228 2229 2226 2963 
13989 516 426 277 3450 
13990 871 1151 869 3569 
13991 1237 1208 997 3649 
13992 1393 762 1388 3320 
13993 1410 1494 94 3574 
13994 1320 1154 1129 3602 
13995 2992 3351 2643 3718 
13996 707 1172 1171 3477 
13997 1970 2029 2028 3662 
13998 2225 1952 1870 3516 
13999 1827 1826 1788 3647 
14000 1259 1132 3429 3675 
14001 1417 332 15 3659 
14002 2043 2445 2019 3593 
14003 1503 1467 541 3693 
14004 558 1489 1422 3354 
14005 2828 3706 2641 3742 
14006 927 949 889 3644 
14007 1510 82 376 378 
14008 2093 1818 1612 3146 
14009 2282 2235 2233 3415 
14010 940 994 1172 3134 
14011 2221 2340 2213 3137 
14012 1167 905 903 3136 
14013 1779 1795 1794 3135 
14014 1163 1373 1368 3138 
14015 1019 1018 960 3139 
14016 732 1123 1263 3140 
14017 1833 2263 1715 3141 
14018 1585 1586 1587 3142 
14019 751 822 799 3572 
14020 1727 1715 1716 3361 
14021 2247 2248 3469 3656 
14022 580 578 581 3143 
14023 1995 1809 1903 3148 
14024 1717 1718 1716 3144 
14025 1051 1438 537 3250 
14026 1643 1628 2112 3631 
14027 1257 723 764 3560 
14028 1224 1120 1014 3153 
14029 1330 1422 1489 3354 
14030 2208 2378 2060 3436 
14031 1753 1704 1752 3335 
14032 1160 787 742 3234 
14033 1789 1814 1790 3149 
14034 3162 3639 702 3758 
14035 1983 2270 2269 3667 
14036 1962 2041 2404 3566 
14037 213 2455 1548 530 
14038 94 498 419 3574 
14039 2080 1590 2369 3175 
14040 3039 3280 1112 3766 
14041 469 261 401 3507 
14042 1895 2008 1962 3257 
14043 1463 572 1428 3294 
14044 242 370 473 3486 
14045 1196 1149 918 3009 
14046 601 1165 1118 3177 
14047 2298 2016 2278 3093 
14048 641 756 639 3182 
14049 2404 512 123 3366 
14050 117 231 336 3623 
14051 1982 2201 2280 3160 
14052 2047 2082 1568 3700 
14053 1909 1868 1814 3605 
14054 1382 1381 1086 3529 
14055 1810 2352 2345 3405 
14056 1333 1429 566 2880 
14057 2132 2135 2134 3741 
14058 2097 2450 2099 3277 
14059 2129 2132 2131 3668 
14060 906 1176 1175 3067 
14061 2497 189 249 502 
14062 1606 1610 1609 3630 
14063 407 526 408 3184 
14064 2156 1606 1603 3640 
14065 899 1030 1028 3368 
14066 283 521 156 3487 
14067 1409 1243 965 3442 
14068 2045 2082 1974 3531 
14069 1955 1956 1892 3129 
14070 1765 1766 1762 3203 
14071 2063 2062 2064 3480 
14072 1070 1068 1391 3481 
14073 347 348 506 3538 
14074 1928 2167 2267 3202 
14075 1695 1665 2209 3547 
14076 1196 814 1148 3377 
14077 1688 1687 1678 3206 
14078 2316 2318 1885 3423 
14079 2524 3647 3331 3768 
14080 2237 2093 1630 3338 
14081 2029 2434 2028 3486 
14082 1854 1905 2183 3621 
14083 1621 1615 2191 3628 
14084 2193 2284 2322 3424 
14085 369 489 220 3470 
14086 1550 2041 2466 3212 
14087 1676 1677 1672 3762 
14088 1407 1177 972 3268 
14089 1567 1566 2044 3698 
14090 15 384 1506 3659 
14091 2457 2430 3400 3726 
14092 1444 1467 1177 3044 
14093 770 1179 1258 3463 
14094 494 381 282 3375 
14095 1956 1957 2354 3386 
14096 449 267 353 3609 
14097 309 404 500 3761 
14098 673 671 672 3474 
14099 671 669 670 3292 
14100 1214 995 1293 3467 
14101 1455 571 1469 3201 
14102 1074 1072 1073 3577 
14103 827 922 1213 3701 
14104 1096 586 585 3619 
14105 2107 2313 1775 3606 
14106 1863 1927 1922 3620 
14107 1986 1923 1757 3389 
14108 1664 1697 1651 3235 
14109 312 474 292 3718 
14110 2088 2342 1998 3240 
14111 1076 1086 1381 3529 
14112 542 1512 1470 3570 
14113 2495 134 227 1542 
14114 1372 1497 1456 3360 
14115 854 1348 899 3226 
14116 1811 2227 2226 3399 
14117 1579 1578 2372 3301 
14118 1251 1250 1107 3611 
14119 2383 2156 1933 3205 
14120 1432 1112 1515 3039 
14121 2323 1916 1931 3262 
14122 245 395 491 3471 
14123 2033 2009 1902 3150 
14124 2296 2259 2210 3433 
14125 512 122 278 3566 
14126 1243 1242 1239 3359 
14127 1448 1455 976 3622 
14128 2098 2253 2254 3341 
14129 648 647 649 3520 
14130 637 639 1404 3587 
14131 970 969 1367 3183 
14132 1410 94 419 3574 
14133 1792 1876 1877 3500 
14134 481 258 315 3726 
14135 786 731 1199 3717 
14136 1380 1289 1312 2956 
14137 1027 1044 1026 3053 
14138 2326 2255 1996 3233 
14139 1 109 1481 528 
14140 2268 2330 1971 3032 
14141 1343 1281 984 3031 
14142 1194 1192 1451 3237 
14143 1827 1828 1829 3548 
14144 1093 1085 1382 3686 
14145 380 280 464 3491 
14146 779 1297 839 3419 
14147 2901 3630 2605 3711 
14148 311 257 428 3414 
14149 247 429 498 3239 
14150 1063 1386 922 3719 
14151 820 821 868 3374 
14152 2588 3628 2899 3710 
14153 1886 2335 1841 3617 
14154 1631 1620 2272 3401 
14155 1541 2494 2024 2972 
14156 1436 1117 1423 3169 
14157 1494 1419 535 3239 
14158 1082 1080 1081 3445 
14159 287 368 471 3515 
14160 564 21 1442 3610 
14161 1570 2048 1571 3522 
14162 2214 2211 1691 3670 
14163 1531 2336 2500 3487 
14164 1101 1011 1355 3211 
14165 549 1460 1493 3740 
14166 1623 1624 1625 3562 
14167 2550 3639 3162 3758 
14168 1769 1721 1725 3295 
14169 1312 1313 534 3367 
14170 2053 2051 2049 3632 
14171 1827 1829 1874 3548 
14172 2109 2198 2021 3355 
14173 2162 2163 1893 3164 
14174 238 471 487 3391 
14175 2068 2070 2072 3663 
14176 629 1106 643 3576 
14177 413 324 326 3168 
14178 1211 909 858 3564 
14179 1776 1802 1777 3371 
14180 1992 2422 2447 3243 
14181 746 791 790 3317 
14182 1411 1459 1025 3614 
14183 1085 1093 1090 3686 
14184 1394 627 1390 3664 
14185 678 654 679 2573 
14186 679 806 1320 2573 
14187 1158 806 654 2573 
14188 2581 3651 2864 3713 
14189 1035 1475 1036 3464 
14190 513 437 308 3264 
14191 1570 2050 2048 3522 
14192 1536 2480 2447 3748 
14193 838 1210 1012 3455 
14194 1022 1046 915 3157 
14195 647 648 646 3520 
14196 106 531 561 1468 
14197 631 1390 627 3664 
14198 1440 1122 1005 3394 
14199 934 992 928 3591 
14200 521 504 157 3613 
14201 1259 1131 1132 3675 
14202 1590 1587 2206 3579 
14203 244 340 422 3191 
14204 928 927 890 3342 
14205 888 804 805 3343 
14206 122 2493 278 3566 
14207 1510 3298 1043 3596 
14208 1915 2092 1979 3599 
14209 1516 537 1491 3594 
14210 357 477 365 3655 
14211 1750 2192 1642 3565 
14212 3548 3647 2524 3768 
14213 1184 830 1185 3324 
14214 663 686 656 3357 
14215 117 2413 231 3623 
14216 2321 2173 2322 3331 
14217 2500 2017 2024 3549 
14218 2288 2292 1731 3554 
14219 1888 1887 2251 3627 
14220 2129 2182 2132 3218 
14221 1105 928 992 3591 
14222 1387 1388 1317 3773 
14223 2266 2338 2339 3427 
14224 512 3366 2404 3566 
14225 683 685 688 3409 
14226 109 294 531 3190 
14227 1413 1254 1356 3501 
14228 1021 908 975 3326 
14229 1151 1152 1113 3684 
14230 1233 1353 1232 3435 
14231 2408 2505 1520 3582 
14232 501 317 316 3220 
14233 3239 3546 2784 3574 
14234 740 1136 1199 3411 
14235 2180 2179 2438 3673 
14236 2455 2 107 530 
14237 902 903 901 3669 
14238 2381 1741 2078 3430 
14239 3014 3698 2523 3744 
14240 1042 540 1408 3470 
14241 1773 2137 2148 3764 
14242 2910 3740 2513 3749 
14243 935 874 1347 3334 
14244 2365 2357 1948 3708 
14245 826 1308 1253 3431 
14246 2462 1544 2022 3382 
14247 1334 1186 1271 3483 
14248 883 920 921 3461 
14249 1634 2288 1731 3554 
14250 157 504 2453 3613 
14251 2031 2014 2013 3192 
14252 2143 1793 2141 3383 
14253 1266 1111 1267 3217 
14254 283 156 2448 3487 
14255 2740 3657 2967 3745 
14256 3276 3489 2701 3633 
14257 2460 2405 1554 3161 
14258 1782 1853 1852 3313 
14259 1675 1676 1672 3762 
14260 2457 2499 1529 3726 
14261 1878 1879 1987 3468 
14262 1329 1484 1330 3428 
14263 714 713 724 3592 
14264 2125 2124 2126 3180 
14265 1998 2039 2040 3743 
14266 384 332 414 3659 
14267 1410 1419 1494 3574 
14268 1734 1799 1735 3432 
14269 2011 2034 1951 3339 
14270 912 1279 1010 3550 
14271 2487 1541 2024 2972 
14272 512 2404 122 3566 
14273 1216 761 1323 3323 
14274 1506 1417 15 3659 
14275 1052 1011 1053 3178 
14276 1881 1916 1880 3654 
14277 2300 2483 2302 3416 
14278 1665 1817 2209 3547 
14279 3331 3647 2321 3768 
14280 1888 2251 1891 3627 
14281 2436 1961 1962 3185 
14282 614 946 611 3618 
14283 1358 1241 1359 3345 
14284 2404 123 1519 3366 
14285 1117 931 1249 3236 
14286 333 520 512 3366 
14287 1775 1723 1722 3681 
14288 2133 2455 2468 3589 
14289 2090 1936 2091 3421 
14290 411 289 303 3736 
14291 1463 1492 1111 3294 
14292 1241 3345 1358 3763 
14293 3434 3657 2740 3745 
14294 2249 1791 1599 3757 
14295 1407 555 1450 3450 
14296 1440 538 1122 3394 
14297 1589 1587 1590 3579 
14298 2440 1968 2457 3400 
14299 2479 2415 2450 3688 
14300 2366 1957 1973 3208 
14301 2010 1930 2022 3724 
14302 1534 2413 117 3623 
14303 1437 1383 1495 3492 
14304 258 496 400 3691 
14305 502 377 431 3540 
14306 2317 1530 2471 3275 
14307 1841 2335 1884 3617 
14308 917 1031 919 3159 
14309 900 901 1264 3745 
14310 1192 900 1193 3657 
14311 1463 1428 1492 3294 
14312 1905 1854 1904 3621 
14313 1376 1278 1367 3426 
14314 257 376 377 3298 
14315 216 302 412 3456 
14316 1107 831 1108 3452 
14317 287 420 519 3392 
14318 1 109 531 1468 
14319 1532 2411 2449 3387 
14320 2412 2438 1552 3238 
14321 326 215 457 3539 
14322 2368 2068 2072 3663 
14323 1969 2096 1931 3511 
14324 1243 1409 1474 3442 
14325 638 639 637 3587 
14326 1005 1003 1460 3749 
14327 912 911 850 3440 
14328 1474 553 1427 3603 
14329 1088 1082 1087 3608 
14330 156 521 1531 3487 
14331 943 1023 1035 3666 
14332 1508 27 555 516 
14333 1211 1122 1034 2995 
14334 1174 1503 1431 3063 
14335 2356 2144 2347 3451 
14336 2168 2498 1533 3304 
14337 1282 1163 652 3551 
14338 521 340 504 3613 
14339 1051 1132 1131 3675 
14340 1387 1067 1388 3773 
14341 1040 1203 1412 3471 
14342 2005 1947 1946 3472 
14343 599 600 1219 3473 
14344 2493 122 2404 3566 
14345 2402 2020 2441 3491 
14346 2097 2099 1950 3277 
14347 846 848 847 3624 
14348 310 309 500 3761 
14349 2295 2023 2267 3350 
14350 1433 552 1482 3539 
14351 882 828 923 3612 
14352 2367 2299 2276 3314 
14353 485 299 366 3610 
14354 1815 2203 1772 3398 
14355 2430 2440 2457 3400 
14356 786 742 731 3717 
14357 1814 1868 1854 3605 
14358 1808 2219 1770 3532 
14359 1960 1851 1959 3312 
14360 2045 1974 2042 3531 
14361 2025 2027 2026 3404 
14362 577 1033 1055 3494 
14363 2189 2026 2027 3534 
14364 702 701 700 3639 
14365 1906 2019 2018 3348 
14366 2118 2119 2038 3352 
14367 1122 538 1034 3596 
14368 552 1459 1411 3168 
14369 916 1009 1339 3402 
14370 1525 189 249 2497 
14371 82 1510 538 378 
14372 1916 1881 1917 3654 
14373 347 506 346 3538 
14374 278 414 512 3566 
14375 2299 2298 2276 3314 
14376 1211 892 1002 3488 
14377 2179 2180 1887 3673 
14378 1531 521 157 3613 
14379 2416 2501 2320 3353 
14380 1296 1251 1107 3611 
14381 1104 1153 1301 3595 
14382 802 827 1213 3701 
14383 2487 2024 2015 3549 
14384 521 283 422 3487 
14385 1482 1411 1229 3476 
14386 2331 2126 2130 3588 
14387 1683 1654 2213 3650 
14388 1129 1130 1019 3651 
14389 2152 1584 1585 3652 
14390 894 929 930 3661 
14391 1150 1142 1195 3760 
14392 2407 2121 1556 3515 
14393 1140 1142 1150 3706 
14394 2336 1531 2370 3613 
14395 354 34 35 565 
14396 261 142 141 1552 
14397 902 959 903 3669 
14398 400 496 490 3691 
14399 1015 952 954 3528 
14400 1633 1639 2269 3475 
14401 1272 1223 722 3635 
14402 1535 2470 2232 3351 
14403 346 470 266 3408 
14404 1507 554 1037 3356 
14405 1973 2407 2301 3580 
14406 1567 1565 1566 3698 
14407 2125 2331 2330 3384 
14408 856 901 900 3745 
14409 1041 983 967 3581 
14410 917 867 918 3274 
14411 1847 1873 2344 3568 
14412 1615 1611 2191 3628 
14413 2088 2466 2008 3629 
14414 2019 2445 2405 3593 
14415 1241 1239 3359 3763 
14416 749 784 823 3542 
14417 1333 1332 1046 3601 
14418 1531 3487 521 3613 
14419 941 942 943 3447 
14420 2035 1967 2036 3457 
14421 2248 2119 2247 3469 
14422 1141 1144 1142 3545 
14423 1161 1140 1150 3706 
14424 2156 1603 1601 3640 
14425 1605 1606 1609 3630 
14426 318 434 320 3656 
14427 1518 533 1203 3327 
14428 390 446 265 3509 
14429 2168 2018 2498 3615 
14430 1502 540 1042 3470 
14431 1918 2104 2236 3459 
14432 1030 1349 1513 3535 
14433 1797 1768 1798 3625 
14434 336 118 117 1534 
14435 266 10 11 547 
14436 1519 2436 2404 3366 
14437 343 114 113 1538 
14438 305 6 7 551 
14439 2120 2121 1972 3214 
14440 2457 1529 2430 3726 
14441 2420 1552 2504 3507 
14442 1500 1037 554 3356 
14443 231 475 336 3623 
14444 1495 1049 1048 3600 
14445 357 475 477 3655 
14446 1635 2269 2270 3667 
14447 1242 1241 1239 3359 
14448 540 1425 1486 3484 
14449 385 116 115 1558 
14450 571 9 8 365 
14451 1271 1185 1223 3524 
14452 2365 2218 2357 3708 
14453 938 1259 1327 3231 
14454 2448 156 1531 3487 
14455 1035 1036 943 3464 
14456 985 986 1420 3518 
14457 476 321 461 3503 
14458 735 1224 714 3553 
14459 2330 2331 2488 3384 
14460 949 927 1103 3644 
14461 1869 1907 2108 3544 
14462 295 115 114 2421 
14463 7 8 218 1434 
14464 320 459 269 3454 
14465 205 282 206 1546 
14466 1379 1288 1380 3318 
14467 1827 2321 1826 3647 
14468 1217 782 1265 3597 
14469 1208 1237 692 3649 
14470 303 212 211 2443 
14471 919 1406 881 3637 
14472 302 112 111 2433 
14473 2038 1958 2118 3352 
14474 1531 157 2453 3613 
14475 1348 1349 1030 3535 
14476 299 20 21 1442 
14477 127 222 128 2429 
14478 1329 1330 1152 3428 
14479 371 52 53 556 
14480 2164 1959 2163 3646 
14481 111 110 259 1526 
14482 2035 2036 2482 3457 
14483 375 133 132 2437 
14484 536 57 56 353 
14485 387 29 30 537 
14486 228 164 163 1523 
14487 2435 2413 1534 3623 
14488 229 381 423 3584 
14489 405 182 181 2410 
14490 74 75 254 1423 
14491 1007 1321 1225 3672 
14492 1110 1112 1463 3280 
14493 137 136 269 1524 
14494 692 663 1302 3679 
14495 542 1423 1512 3570 
14496 402 98 99 559 
14497 2130 2433 2417 3456 
14498 380 205 204 2402 
14499 97 98 234 1415 
14500 1439 1465 1359 3321 
14501 251 87 88 570 
14502 2022 2023 2462 3598 
14503 1414 1485 1413 3332 
14504 2026 2189 2280 3534 
14505 105 236 104 1456 
14506 675 676 680 3683 
14507 262 4 5 1446 
14508 1526 2474 2131 3241 
14509 2255 2464 1523 3325 
14510 1565 1564 1563 3744 
14511 1536 192 193 382 
14512 252 85 86 549 
14513 2120 1955 1954 3417 
14514 2029 2489 2434 3486 
14515 208 207 229 1554 
14516 208 209 2460 334 
14517 280 204 203 2441 
14518 1432 60 59 358 
14519 167 166 260 2419 
14520 1228 891 797 3737 
14521 113 112 216 2417 
14522 5 6 304 1430 
14523 2069 2067 2205 3767 
14524 1101 1021 1479 3510 
14525 1160 1150 1195 3760 
14526 1141 1487 1144 3545 
14527 1773 2148 2186 3764 
14528 220 36 37 540 
14529 144 143 296 1527 
14530 1057 580 583 3665 
14531 211 210 270 2428 
14532 984 976 1455 3622 
14533 213 212 289 1548 
14534 964 1038 1416 3604 
14535 131 130 330 1528 
14536 1133 985 1134 3281 
14537 1557 194 195 403 
14538 2270 1664 1644 3690 
14539 1480 560 1505 3414 
14540 1560 206 207 381 
14541 307 178 177 2408 
14542 96 97 355 1454 
14543 76 77 301 1443 
14544 183 258 184 2430 
14545 1059 1419 966 3546 
14546 2027 1549 2399 3393 
14547 99 100 274 573 
14548 1511 546 1473 3583 
14549 219 132 131 2431 
14550 2191 1944 2356 3710 
14551 2287 1609 1823 3711 
14552 2341 1920 2334 3676 
14553 1604 1608 2157 3677 
14554 588 591 1064 3678 
14555 85 84 1435 323 
14556 273 192 191 2422 
14557 1597 1595 1598 3685 
14558 225 18 19 1414 
14559 272 83 84 1440 
14560 1026 1460 1003 3749 
14561 1306 681 683 3636 
14562 1973 1972 2407 3580 
14563 1048 1049 980 3600 
14564 1923 2184 2169 3697 
14565 1662 1667 1663 3756 
14566 312 180 179 1535 
14567 2426 195 196 316 
14568 2408 2235 2505 3582 
14569 103 104 306 1441 
14570 2283 2239 1875 3687 
14571 1260 1259 1132 3429 
14572 133 227 134 1542 
14573 33 34 215 1433 
14574 79 80 311 560 
14575 198 197 374 2411 
14576 72 73 264 548 
14577 1326 1000 1120 3696 
14578 744 1301 647 3715 
14579 2055 2372 2052 3750 
14580 126 125 337 2401 
14581 78 79 256 1429 
14582 419 498 310 3574 
14583 1262 804 1304 3714 
14584 315 183 182 1529 
14585 322 75 76 542 
14586 2427 190 191 321 
14587 187 186 284 1547 
14588 539 4 3 408 
14589 91 250 90 1424 
14590 2167 1767 1813 3707 
14591 2387 2385 1720 3692 
14592 1472 1412 1203 3471 
14593 785 750 1216 3703 
14594 1803 2202 1745 3702 
14595 168 167 390 1545 
14596 239 60 61 558 
14597 564 22 21 366 
14598 1545 2409 2476 3509 
14599 1417 16 15 332 
14600 538 83 82 378 
14601 703 704 702 3758 
14602 129 128 359 1551 
14603 1833 1834 1835 3694 
14604 388 54 55 568 
14605 31 32 324 1459 
14606 2222 2111 2077 3699 
14607 2119 2246 2247 3469 
14608 190 189 249 1525 
14609 1490 1247 548 3752 
14610 1276 846 728 3727 
14611 2420 140 141 401 
14612 2293 1670 1668 3634 
14613 1964 2039 1998 3743 
14614 2061 2060 2059 3721 
14615 201 200 309 2397 
14616 275 162 161 1555 
14617 327 186 185 2416 
14618 326 32 33 552 
14619 2241 2400 2343 3638 
14620 1418 1511 1473 3583 
14621 1421 71 70 437 
14622 263 140 139 1539 
14623 2144 2324 2333 3709 
14624 998 743 1119 3712 
14625 87 86 1445 314 
14626 276 194 193 2432 
14627 105 106 410 561 
14628 1543 159 160 508 
14629 292 474 443 3718 
14630 2022 1930 2023 3598 
14631 2412 142 143 356 
14632 350 35 36 1425 
14633 1510 1043 1034 3596 
14634 393 39 40 550 
14635 1537 146 147 367 
14636 2220 1697 1721 3728 
14637 1785 1926 2323 3732 
14638 1154 1155 1130 3713 
14639 788 736 1189 3771 
14640 2399 174 175 360 
14641 67 68 245 1412 
14642 1439 89 88 416 
14643 197 196 290 1532 
14644 101 100 567 522 
14645 231 117 116 2413 
14646 10 9 1426 357 
14647 1782 1781 1746 3755 
14648 349 165 164 2415 
14649 1428 58 57 342 
14650 253 92 93 553 
14651 1963 1971 2442 3645 
14652 253 447 396 3603 
14653 1504 534 1313 3367 
14654 1473 102 101 511 
14655 621 831 625 3716 
14656 2484 2443 1548 3736 
14657 1237 711 693 3720 
14658 2263 2264 1693 3730 
14659 2262 1613 1617 3731 
14660 240 13 14 563 
14661 2066 2064 2385 3733 
14662 25 26 277 1450 
14663 776 699 690 3754 
14664 2382 2294 2384 3765 
14665 1874 2258 2321 3768 
14666 815 1291 1289 3725 
14667 93 94 419 1410 
14668 49 50 244 544 
14669 661 697 698 3774 
14670 1204 1369 957 3775 
14671 1284 945 1162 3776 
14672 836 622 1300 3777 
14673 130 129 298 2418 
14674 2421 2488 1538 3567 
14675 77 78 383 566 
14676 235 69 70 533 
14677 292 181 180 2423 
14678 13 12 1464 347 
14679 23 24 510 541 
14680 226 22 23 1431 
14681 482 483 349 3695 
14682 1533 209 210 344 
14683 404 200 199 1540 
14684 341 203 202 1522 
14685 169 168 265 2409 
14686 103 255 102 546 
14687 1540 2396 2461 3369 
14688 1531 2453 2370 3613 
14689 979 1050 1048 3527 
14690 247 95 96 535 
14691 43 44 361 534 
14692 391 73 74 1436 
14693 185 184 400 1553 
14694 1438 1025 1459 3614 
14695 2276 2278 1802 3738 
14696 1904 2018 2168 3615 
14697 367 242 480 3653 
14698 1520 176 177 392 
14699 25 24 1444 514 
14700 62 61 1422 345 
14701 527 107 406 3589 
14702 41 42 386 569 
14703 555 27 26 516 
14704 2446 138 139 507 
14705 287 149 148 1556 
14706 123 122 512 2404 
14707 2017 2015 2024 3549 
14708 1472 69 68 395 
14709 279 176 175 2459 
14710 2359 2484 2136 3660 
14711 52 297 51 1437 
14712 120 119 440 2451 
14713 1241 1358 1240 3763 
14714 1442 1476 564 3610 
14715 1510 1034 538 3596 
14716 2502 2099 2419 3303 
14717 242 146 145 2434 
14718 38 39 300 1447 
14719 398 171 170 1530 
14720 16 17 248 532 
14721 545 90 89 499 
14722 1009 1267 1268 3769 
14723 905 969 968 3772 
14724 119 118 232 2439 
14725 1524 2503 2478 3454 
14726 1531 156 157 521 
14727 1452 12 11 346 
14728 2359 2136 1905 3660 
14729 339 50 51 1466 
14730 2010 2022 2463 3724 
14731 221 58 59 572 
14732 329 166 165 1559 
14733 1035 1023 1476 3666 
14734 963 1113 1112 3766 
14735 1521 150 151 505 
14736 2404 2041 2493 3566 
14737 43 243 42 1457 
14738 2121 2486 1556 3515 
14739 198 291 199 2414 
14740 1054 1417 1506 3659 
14741 318 135 134 2495 
14742 523 121 120 1550 
14743 286 174 173 1549 
14744 46 47 328 554 
14745 154 153 241 1541 
14746 1241 1240 1239 3763 
14747 557 20 19 352 
14748 2489 144 145 370 
14749 369 37 38 1502 
14750 396 91 92 1427 
14751 2479 2450 2098 3688 
14752 313 66 67 562 
14753 127 126 364 1544 
14754 1152 1489 1113 3684 
14755 1531 2500 2448 3487 
14756 18 17 1485 397 
14757 47 48 288 1507 
14758 124 123 520 1519 
14759 543 64 63 503 
14760 125 124 281 2472 
14761 179 178 214 2477 
14762 81 257 80 1480 
14763 201 268 202 2481 
14764 159 158 224 2424 
14765 246 172 171 2485 
14766 2494 154 155 389 
14767 40 41 238 1499 
14768 2478 135 136 320 
14769 1491 1261 1516 3594 
14770 149 150 2444 519 
14771 217 28 29 1491 
14772 1506 15 14 384 
14773 54 230 53 1478 
14774 271 45 46 1496 
14775 654 806 679 2573 
14776 267 55 56 1477 
14777 170 169 373 2475 
14778 2486 147 148 368 
14779 28 27 1508 509 
14780 62 63 237 1488 
14781 233 30 31 1438 
14782 2483 152 153 351 
14783 157 158 2453 504 
14784 379 163 162 2464 
14785 82 81 1510 376 
14786 394 48 49 1461 
14787 283 156 155 2448 
14788 1112 1113 1515 3766 
14789 188 187 524 2467 
14790 1498 65 64 525 
14791 1490 72 71 515 
14792 498 94 95 1494 
14793 363 44 45 1504 
14794 223 152 151 2491 
14795 137 138 2425 517 
14796 160 161 2465 518 
14797 2496 172 173 338 
14798 285 65 66 1509 
14799 122 121 278 2493 
14800 188 189 2497 502 
14801 213 2 2455 530 
14802 527 110 2 2468 
14803 531 106 1 1468 
14804 1481 3 1 528 
14805 3270 3295 2204 1725 
14806 2204 3295 3270 2704 
14807 888 3195 889 1252 
14808 889 3195 888 2732 
14809 3347 1484 1329 2517 
14810 3347 1329 1484 1024 
14811 3393 2459 2190 2941 
14812 3393 2190 2459 2399 
14813 3381 2275 2366 1780 
14814 3381 2366 2275 2787 
14815 2884 1029 3368 955 
14816 2884 3368 1029 2654 
14817 3198 1335 2586 2776 
14818 3198 2586 1335 1338 
14819 3462 2586 1335 2776 
14820 3462 1335 2586 1338 
14821 2954 3458 2158 2553 
14822 2158 3458 2954 1694 
14823 3498 3480 2061 2063 
14824 3498 2061 3480 2694 
14825 3773 3337 3290 2609 
14826 3773 3290 3337 3048 
14827 3435 870 2811 933 
14828 3435 2811 870 2836 
14829 3091 3730 2818 2598 
14830 2818 3730 3091 1703 
14831 1961 3638 2436 2241 
14832 2436 3638 1961 3185 
14833 2942 3687 3193 2238 
14834 3193 3687 2942 2595 
14835 2911 1311 1313 1315 
14836 2911 1313 1311 2688 
14837 3714 610 612 2773 
14838 3714 612 610 1262 
14839 659 2586 2779 3198 
14840 2779 2586 659 3291 
14841 2150 3245 3127 1949 
14842 3127 3245 2150 2721 
14843 3246 936 3113 1182 
14844 3246 3113 936 2723 
14845 3395 1621 1638 2564 
14846 3395 1638 1621 1637 
14847 2968 3435 2811 2560 
14848 2811 3435 2968 2836 
14849 3368 1029 1500 1028 
14850 3368 1500 1029 2654 
14851 2978 1953 3369 2396 
14852 2978 3369 1953 2663 
14853 3184 3222 407 2510 
14854 407 3222 3184 262 
14855 3385 2284 3424 2657 
14856 3385 3424 2284 2273 
14857 3607 2670 2076 2792 
14858 3607 2076 2670 3297 
14859 3365 3143 576 2523 
14860 3365 576 3143 578 
14861 579 576 3143 2523 
14862 579 3143 576 578 
14863 3289 657 648 1283 
14864 3289 648 657 2556 
14865 3406 2357 2364 2007 
14866 3406 2364 2357 2526 
14867 3568 1846 2639 1895 
14868 3568 2639 1846 2832 
14869 3389 2328 3485 1986 
14870 3389 3485 2328 2592 
14871 3462 1338 659 1206 
14872 3462 659 1338 2586 
14873 3486 3215 2029 2395 
14874 3486 2029 3215 2686 
14875 1970 2029 3215 2395 
14876 1970 3215 2029 2686 
14877 3416 2016 2298 3093 
14878 3416 2298 2016 2302 
14879 3385 1760 1758 1759 
14880 3385 1758 1760 2582 
14881 3737 2691 858 3057 
14882 3737 858 2691 2908 
14883 3105 3418 920 987 
14884 920 3418 3105 2687 
14885 3366 3638 3013 2400 
14886 3013 3638 3366 2699 
14887 3413 2212 2151 1994 
14888 3413 2151 2212 2549 
14889 1756 3500 3757 1792 
14890 3757 3500 1756 3285 
14891 3434 819 818 855 
14892 3434 818 819 2559 
14893 3762 1671 2113 1672 
14894 3762 2113 1671 2545 
14895 3088 638 3587 2779 
14896 3088 3587 638 636 
14897 3606 1991 1988 2313 
14898 3606 1988 1991 2807 
14899 3435 1354 2947 1353 
14900 3435 2947 1354 2560 
14901 3117 3714 2819 948 
14902 2819 3714 3117 2608 
14903 3430 1614 3372 2381 
14904 3430 3372 1614 2623 
14905 2474 3179 3588 2128 
14906 3588 3179 2474 2510 
14907 1319 3477 3134 1172 
14908 3134 3477 1319 2552 
14909 1653 3412 1819 2140 
14910 1819 3412 1653 2576 
14911 3433 2311 3248 2259 
14912 3433 3248 2311 2569 
14913 1848 3432 2974 1799 
14914 2974 3432 1848 2525 
14915 3427 2271 2969 2339 
14916 3427 2969 2271 2590 
14917 3437 885 926 886 
14918 3437 926 885 2570 
14919 3423 2471 2011 2517 
14920 3423 2011 2471 2316 
14921 868 3280 963 1110 
14922 963 3280 868 2747 
14923 3407 3591 1105 1270 
14924 1105 3591 3407 2731 
14925 3431 780 3373 2577 
14926 3431 3373 780 826 
14927 3466 2383 2074 3154 
14928 3466 2074 2383 2078 
14929 2458 3443 2042 2046 
14930 2042 3443 2458 2656 
14931 3283 1700 2547 1701 
14932 3283 2547 1700 2793 
14933 1711 2547 1700 1701 
14934 1711 1700 2547 2793 
14935 3686 1081 1083 1085 
14936 3686 1083 1081 3445 
14937 3443 2458 2406 2046 
14938 3443 2406 2458 3061 
14939 3675 3469 3352 2660 
14940 3675 3352 3469 3085 
14941 3128 3627 3279 1890 
14942 3279 3627 3128 2527 
14943 3355 1992 3503 2109 
14944 3355 3503 1992 2669 
14945 3078 2713 3200 2665 
14946 3078 3200 2713 3457 
14947 3377 2771 3234 2662 
14948 3377 3234 2771 3042 
14949 3285 3500 3541 2601 
14950 3541 3500 3285 1756 
14951 3749 1002 2669 1005 
14952 3749 2669 1002 3049 
14953 2652 3702 1764 2888 
14954 1764 3702 2652 3097 
14955 2571 709 764 3315 
14956 764 709 2571 3560 
14957 3405 2014 2349 2352 
14958 3405 2349 2014 2679 
14959 3759 1938 2579 1937 
14960 3759 2579 1938 3112 
14961 3351 3459 2973 2470 
14962 2973 3459 3351 2643 
14963 3726 3459 2236 2499 
14964 3726 2236 3459 2514 
14965 3489 3694 2701 3151 
14966 2701 3694 3489 3276 
14967 3764 2591 2828 2736 
14968 3764 2828 2591 3062 
14969 3386 2265 3381 2354 
14970 3386 3381 2265 2764 
14971 3159 3583 3019 2509 
14972 3019 3583 3159 1031 
14973 3102 3399 3405 2227 
14974 3102 3405 3399 2680 
14975 2345 3405 3399 2227 
14976 2345 3399 3405 2680 
14977 3388 1399 1400 694 
14978 3388 1400 1399 2987 
14979 3312 2638 2314 2848 
14980 3312 2314 2638 3085 
14981 3301 3632 3269 1578 
14982 3269 3632 3301 2625 
14983 3251 897 1374 2926 
14984 3251 1374 897 1371 
14985 3588 2474 3456 2510 
14986 3588 3456 2474 2130 
14987 3537 1367 1379 793 
14988 3537 1379 1367 2678 
14989 3616 1825 2534 1778 
14990 3616 2534 1825 3126 
14991 3577 1070 3221 1072 
14992 3577 3221 1070 3481 
14993 3581 3470 983 2686 
14994 3581 983 3470 1042 
14995 3338 2568 1632 2942 
14996 3338 1632 2568 2891 
14997 3621 3453 1790 2644 
14998 3621 1790 3453 2183 
14999 3551 2556 3520 3289 
15000 3551 3520 2556 2769 
15001 3347 1047 1484 2790 
15002 3347 1484 1047 1024 
15003 3181 2242 2566 1824 
15004 3181 2566 2242 3081 
15005 3106 3756 3043 2286 
15006 3043 3756 3106 2538 
15007 3465 2035 3200 1543 
15008 3465 3200 2035 3457 
15009 1238 3442 965 1243 
15010 965 3442 1238 3080 
15011 3541 1756 1757 2245 
15012 3541 1757 1756 3285 
15013 3453 2182 2135 1801 
15014 3453 2135 2182 3218 
15015 3327 1248 1350 1518 
15016 3327 1350 1248 2675 
15017 3087 2391 1626 1743 
15018 3087 1626 2391 2907 
15019 3332 1449 3501 2699 
15020 3332 3501 1449 1413 
15021 3756 2945 2674 3683 
15022 3756 2674 2945 3096 
15023 3704 2577 780 2958 
15024 3704 780 2577 3373 
15025 3093 3738 3001 2640 
15026 3093 3001 3738 3314 
15027 2956 3001 3738 2640 
15028 2956 3738 3001 3314 
15029 3423 2471 2317 2316 
15030 3423 2317 2471 3275 
15031 3351 2522 3415 2744 
15032 3351 3415 2522 3255 
15033 1887 3288 3627 1843 
15034 3627 3288 1887 2740 
15035 3329 3617 3379 2671 
15036 3379 3617 3329 2358 
15037 3261 1647 3395 2897 
15038 3261 3395 1647 1638 
15039 3261 1796 3171 2175 
15040 3261 3171 1796 2898 
15041 1001 2633 3533 3049 
15042 3533 2633 1001 3696 
15043 3189 3566 3659 421 
15044 3659 3566 3189 2697 
15045 3221 1397 1075 1395 
15046 3221 1075 1397 2997 
15047 3741 2484 2136 2134 
15048 3741 2136 2484 3660 
15049 1324 3225 937 1272 
15050 937 3225 1324 2854 
15051 2395 3486 1527 2029 
15052 1527 3486 2395 2993 
15053 3355 3729 1992 1989 
15054 1992 3729 3355 2669 
15055 1769 3380 2252 1807 
15056 2252 3380 1769 2856 
15057 3455 1013 2540 1012 
15058 3455 2540 1013 3311 
15059 1287 2540 1013 1012 
15060 1287 1013 2540 3311 
15061 2911 3093 3001 2654 
15062 3001 3093 2911 2688 
15063 3296 914 3434 818 
15064 3296 3434 914 2758 
15065 3066 2924 3065 2613 
15066 3066 3065 2924 2670 
15067 3442 1242 2521 1474 
15068 3442 2521 1242 3359 
15069 3547 1666 3002 2712 
15070 3547 3002 1666 1665 
15071 3481 2609 1069 2906 
15072 3481 1069 2609 2903 
15073 3461 965 2663 921 
15074 3461 2663 965 3080 
15075 3630 2623 3055 2739 
15076 3630 3055 2623 2901 
15077 3600 2743 3457 2713 
15078 3600 3457 2743 3251 
15079 3490 2792 3495 2670 
15080 3490 3495 2792 2987 
15081 2364 3708 1948 2357 
15082 1948 3708 2364 2948 
15083 3708 1949 1948 2365 
15084 3708 1948 1949 2948 
15085 3502 3075 2892 2575 
15086 3502 2892 3075 3037 
15087 371 1478 2914 556 
15088 2914 1478 371 230 
15089 3326 3659 3510 2697 
15090 3510 3659 3326 1054 
15091 1894 3188 3403 1864 
15092 3403 3188 1894 2846 
15093 618 3376 616 617 
15094 616 3376 618 3056 
15095 3312 3469 2247 1960 
15096 2247 3469 3312 2696 
15097 2247 2394 3312 1960 
15098 3312 2394 2247 2696 
15099 3257 1961 1962 1895 
15100 3257 1962 1961 3185 
15101 3573 1212 1225 958 
15102 3573 1225 1212 3005 
15103 3683 2674 3636 2945 
15104 3683 3636 2674 3254 
15105 3570 301 481 2893 
15106 3570 481 301 322 
15107 3414 3601 1514 1046 
15108 1514 3601 3414 2681 
15109 3325 2479 3695 1523 
15110 3325 3695 2479 2708 
15111 904 3745 1264 901 
15112 1264 3745 904 2967 
15113 3378 1771 1736 1737 
15114 3378 1736 1771 3102 
15115 1273 3446 761 1274 
15116 761 3446 1273 3104 
15117 3105 3531 2763 2656 
15118 2763 3531 3105 2687 
15119 3573 816 893 958 
15120 3573 893 816 3071 
15121 3462 659 1205 1206 
15122 3462 1205 659 3291 
15123 3236 3099 3459 2709 
15124 3236 3459 3099 2514 
15125 3575 1915 1877 2802 
15126 3575 1877 1915 1914 
15127 3589 526 293 406 
15128 3589 293 526 3184 
15129 3248 2259 1924 2934 
15130 3248 1924 2259 2311 
15131 3550 1351 3437 2761 
15132 3550 3437 1351 1010 
15133 3145 2090 2110 2929 
15134 3145 2110 2090 2250 
15135 3469 2118 3085 3352 
15136 3469 3085 2118 2246 
15137 3510 3212 3629 2697 
15138 3510 3629 3212 2668 
15139 3684 898 3428 2719 
15140 3684 3428 898 1152 
15141 3507 2438 1552 2504 
15142 3507 1552 2438 3238 
15143 3483 3768 2766 2524 
15144 2766 3768 3483 3260 
15145 2050 3086 1909 2373 
15146 1909 3086 2050 2989 
15147 3088 3562 3029 2798 
15148 3029 3562 3088 2604 
15149 3033 3500 3541 2802 
15150 3541 3500 3033 2601 
15151 3358 3548 3647 2524 
15152 3647 3548 3358 3197 
15153 3074 1210 3455 1236 
15154 3074 3455 1210 2812 
15155 2575 3075 2177 2813 
15156 2575 2177 3075 2178 
15157 1993 2177 3075 2813 
15158 1993 3075 2177 2178 
15159 3538 240 1464 347 
15160 3538 1464 240 3189 
15161 2813 1671 1824 1993 
15162 2813 1824 1671 3181 
15163 3219 1218 1403 1088 
15164 3219 1403 1218 3065 
15165 1833 3361 1715 1727 
15166 1715 3361 1833 3141 
15167 3405 2349 2176 2352 
15168 3405 2176 2349 3059 
15169 3537 1379 1288 793 
15170 3537 1288 1379 3318 
15171 3483 3331 3768 2524 
15172 3483 3768 3331 2698 
15173 3491 2458 3227 2020 
15174 3491 3227 2458 3061 
15175 3273 3151 3776 2590 
15176 3273 3776 3151 2701 
15177 3450 1508 1260 555 
15178 3450 1260 1508 2902 
15179 536 342 57 353 
15180 57 342 536 1428 
15181 1523 349 164 2415 
15182 1523 164 349 228 
15183 3362 1831 1912 2188 
15184 3362 1912 1831 2868 
15185 3363 2105 2152 1976 
15186 3363 2152 2105 2872 
15187 3432 1805 2851 2974 
15188 3432 2851 1805 1735 
15189 3372 1614 1618 2377 
15190 3372 1618 1614 2875 
15191 2503 3469 2660 2119 
15192 2660 3469 2503 3454 
15193 2660 3352 2503 2119 
15194 2503 3352 2660 3454 
15195 3268 3646 3044 2520 
15196 3044 3646 3268 2742 
15197 3453 2135 2183 1801 
15198 3453 2183 2135 2919 
15199 3744 2676 1562 3089 
15200 3744 1562 2676 3227 
15201 1534 232 118 2439 
15202 1534 118 232 336 
15203 3503 1525 2109 2427 
15204 3503 2109 1525 2775 
15205 2633 3729 1988 2807 
15206 1988 3729 2633 3058 
15207 3519 2050 2393 2044 
15208 3519 2393 2050 2989 
15209 599 3340 1219 1220 
15210 599 1219 3340 3473 
15211 2118 3643 1958 1849 
15212 1958 3643 2118 3352 
15213 3536 3279 1946 3128 
15214 3536 1946 3279 3472 
15215 762 3773 2980 1317 
15216 2980 3773 762 3320 
15217 3368 1500 1037 1028 
15218 3368 1037 1500 3356 
15219 3470 1447 369 3174 
15220 3470 369 1447 1502 
15221 3427 1913 3006 2338 
15222 3427 3006 1913 2969 
15223 3456 497 3222 412 
15224 3456 3222 497 2913 
15225 3694 1836 3489 3276 
15226 3694 3489 1836 1835 
15227 3661 3654 2940 2624 
15228 3661 2940 3654 2709 
15229 3563 623 619 754 
15230 3563 619 623 3055 
15231 3190 409 529 2976 
15232 3190 529 409 294 
15233 1668 3756 3634 3081 
15234 1668 3634 3756 3096 
15235 2674 3634 3756 3081 
15236 2674 3756 3634 3096 
15237 562 285 66 1509 
15238 562 66 285 313 
15239 3431 1254 3501 1308 
15240 3431 3501 1254 3172 
15241 1852 3755 3051 1781 
15242 3051 3755 1852 3313 
15243 3164 2160 2647 1893 
15244 3164 2647 2160 2983 
15245 2032 3405 2345 2352 
15246 2345 3405 2032 2890 
15247 3435 1234 1233 1353 
15248 3435 1233 1234 3072 
15249 3385 1758 1750 1759 
15250 3385 1750 1758 3047 
15251 3604 3339 3347 2682 
15252 3604 3347 3339 2790 
15253 3663 3035 2733 2626 
15254 3663 2733 3035 2804 
15255 370 1527 144 296 
15256 370 144 1527 2489 
15257 1535 214 179 312 
15258 1535 179 214 2477 
15259 3679 3307 2725 3357 
15260 3679 2725 3307 2883 
15261 1466 244 3191 339 
15262 1466 3191 244 544 
15263 3747 2122 1820 3023 
15264 3747 1820 2122 1686 
15265 337 2472 3013 2401 
15266 3013 2472 337 281 
15267 3591 3132 3599 2589 
15268 3591 3599 3132 2731 
15269 505 2444 2975 1521 
15270 505 2975 2444 519 
15271 3386 2366 1957 2354 
15272 3386 1957 2366 3208 
15273 3687 3034 2732 2803 
15274 3687 2732 3034 2595 
15275 3665 1063 3555 583 
15276 3665 3555 1063 2960 
15277 3679 3658 3505 2725 
15278 3679 3505 3658 2596 
15279 3729 1991 2013 1990 
15280 3729 2013 1991 2807 
15281 1548 3736 530 2976 
15282 1548 530 3736 289 
15283 409 530 3736 2976 
15284 409 3736 530 289 
15285 3773 3530 3337 2609 
15286 3773 3337 3530 2735 
15287 3358 3647 2776 2524 
15288 2776 3647 3358 2726 
15289 3369 2230 2521 2978 
15290 3369 2521 2230 2461 
15291 2229 2230 2521 2461 
15292 459 3656 320 434 
15293 320 3656 459 3454 
15294 3655 231 2805 3623 
15295 3655 2805 231 477 
15296 3230 3766 3277 2646 
15297 3277 3766 3230 2747 
15298 3417 1972 2673 3214 
15299 3417 2673 1972 1955 
15300 3746 1847 1798 2832 
15301 3746 1798 1847 1872 
15302 2838 2515 3657 3237 
15303 3657 2515 2838 3673 
15304 3332 18 1414 1485 
15305 3332 1414 18 225 
15306 3625 1767 3707 1797 
15307 3625 3707 1767 3090 
15308 3675 862 971 3438 
15309 3675 971 862 1131 
15310 3770 1808 1855 2829 
15311 3770 1855 1808 1856 
15312 3622 1469 3031 3201 
15313 3622 3031 1469 984 
15314 1279 3440 3550 912 
15315 3550 3440 1279 3273 
15316 782 3626 734 783 
15317 734 3626 782 3302 
15318 504 2424 158 2453 
15319 504 158 2424 224 
15320 1649 3565 1750 1642 
15321 1750 3565 1649 3047 
15322 3744 1566 3089 1563 
15323 3744 3089 1566 3698 
15324 2904 3089 1566 1563 
15325 2904 1566 3089 3698 
15326 3722 1405 579 1056 
15327 3722 579 1405 3079 
15328 2342 3568 3240 2344 
15329 3240 3568 2342 3006 
15330 3679 1208 3396 1302 
15331 3679 3396 1208 3649 
15332 3644 3575 3342 2585 
15333 3644 3342 3575 2732 
15334 3570 1117 1423 1512 
15335 3570 1423 1117 3169 
15336 3700 2108 2047 2082 
15337 3700 2047 2108 2922 
15338 3488 1122 1211 2995 
15339 3488 1211 1122 1002 
15340 3404 1549 2027 3393 
15341 3404 2027 1549 2025 
15342 1598 3680 1601 1600 
15343 1601 3680 1598 2931 
15344 3666 1442 2801 3610 
15345 3666 2801 1442 1035 
15346 3526 2163 1893 1850 
15347 3526 1893 2163 3164 
15348 3673 3657 3215 2740 
15349 3673 3215 3657 2515 
15350 341 2481 3061 1522 
15351 3061 2481 341 268 
15352 3739 1622 1617 1629 
15353 3739 1617 1622 3029 
15354 3495 1398 2987 1089 
15355 3495 2987 1398 3328 
15356 1461 288 48 1507 
15357 1461 48 288 394 
15358 2120 3662 1954 2028 
15359 1954 3662 2120 3417 
15360 2472 3013 3366 281 
15361 3366 520 2472 281 
15362 2472 520 3366 1519 
15363 389 2448 155 2494 
15364 389 155 2448 283 
15365 3366 1962 3566 3185 
15366 3366 3566 1962 2404 
15367 3410 1544 2022 2429 
15368 3410 2022 1544 3382 
15369 3718 405 2423 2973 
15370 3718 2423 405 292 
15371 3758 1227 2754 704 
15372 3758 2754 1227 3162 
15373 3758 3512 3162 2550 
15374 3758 3162 3512 2754 
15375 3564 857 858 3057 
15376 3564 858 857 909 
15377 3656 2503 2478 2248 
15378 3656 2478 2503 3454 
15379 136 3454 1524 2478 
15380 1524 3454 136 269 
15381 2230 2521 2963 2229 
15382 2230 2963 2521 2978 
15383 3366 2472 2400 3013 
15384 2400 2472 3366 1519 
$EndElements
