/*--------------------------------*- C++ -*----------------------------------*\
| =========                 |                                                 |
| \\      /  F ield         | OpenFOAM: The Open Source CFD Toolbox           |
|  \\    /   O peration     | Version:  2512                                  |
|   \\  /    A nd           | Website:  www.openfoam.com                      |
|    \\/     M anipulation  |                                                 |
\*---------------------------------------------------------------------------*/
FoamFile
{
    version     2.0;
    format      ascii;
    arch        "LSB;label=32;scalar=64";
    class       volVectorField;
    location    "0.5";
    object      U;
}
// * * * * * * * * * * * * * * * * * * * * * * * * * * * * * * * * * * * * * //

dimensions      [0 1 -1 0 0 0 0];

internalField   nonuniform List<vector> 
10250
(
(0.918653 0.0369142 0)
(0.858172 0.0654077 0)
(0.774067 0.0677281 0)
(0.669868 0.0612339 0)
(0.570639 0.0516844 0)
(0.488913 0.0405687 0)
(0.424339 0.029427 0)
(0.373501 0.0199071 0)
(0.3339 0.0127606 0)
(0.30356 0.00787353 0)
(0.280483 0.00477689 0)
(0.262795 0.00296047 0)
(0.248961 0.00198254 0)
(0.237833 0.00150215 0)
(0.228607 0.00128463 0)
(0.220742 0.00118704 0)
(0.213885 0.0011328 0)
(0.207811 0.00108659 0)
(0.202373 0.00103567 0)
(0.197473 0.000978026 0)
(0.193037 0.000915817 0)
(0.189011 0.000852086 0)
(0.18535 0.000789349 0)
(0.182016 0.00072921 0)
(0.178976 0.000672388 0)
(0.176204 0.000618949 0)
(0.173677 0.000568539 0)
(0.171376 0.000520594 0)
(0.169285 0.000474501 0)
(0.167391 0.000429725 0)
(0.165684 0.000385893 0)
(0.164155 0.000342842 0)
(0.162795 0.00030064 0)
(0.161597 0.000259566 0)
(0.160553 0.00022007 0)
(0.159652 0.000182715 0)
(0.158886 0.000148096 0)
(0.158242 0.000116769 0)
(0.157707 8.91845e-05 0)
(0.15727 6.56289e-05 0)
(0.156916 4.61988e-05 0)
(0.156633 3.0793e-05 0)
(0.156407 1.91267e-05 0)
(0.156229 1.07709e-05 0)
(0.156087 5.20156e-06 0)
(0.155973 1.8512e-06 0)
(0.155881 1.5533e-07 0)
(0.155806 -4.19705e-07 0)
(0.155743 -3.34411e-07 0)
(0.155691 4.53052e-08 0)
(0.155646 4.52826e-07 0)
(0.15561 7.01764e-07 0)
(0.15558 6.7684e-07 0)
(0.155557 3.55353e-07 0)
(0.15554 -2.25393e-07 0)
(0.15553 -1.04165e-06 0)
(0.155526 -2.22327e-06 0)
(0.155527 -3.73394e-06 0)
(0.155533 -5.02096e-06 0)
(0.155543 -5.95048e-06 0)
(0.155557 -6.78896e-06 0)
(0.155573 -7.40071e-06 0)
(0.155591 -7.77859e-06 0)
(0.15561 -7.96679e-06 0)
(0.15563 -7.96553e-06 0)
(0.155649 -7.79495e-06 0)
(0.155668 -7.48978e-06 0)
(0.155687 -7.08382e-06 0)
(0.155704 -6.60493e-06 0)
(0.15572 -6.07938e-06 0)
(0.155735 -5.53139e-06 0)
(0.155749 -4.98188e-06 0)
(0.155761 -4.44633e-06 0)
(0.155772 -3.9354e-06 0)
(0.155781 -3.45657e-06 0)
(0.155789 -3.01468e-06 0)
(0.155797 -2.61247e-06 0)
(0.155803 -2.25101e-06 0)
(0.155808 -1.9298e-06 0)
(0.155813 -1.64677e-06 0)
(0.155817 -1.39906e-06 0)
(0.15582 -1.18358e-06 0)
(0.155823 -9.9719e-07 0)
(0.155825 -8.3688e-07 0)
(0.155827 -6.99825e-07 0)
(0.155829 -5.83371e-07 0)
(0.15583 -4.8508e-07 0)
(0.155832 -4.02553e-07 0)
(0.155833 -3.33611e-07 0)
(0.155833 -2.76183e-07 0)
(0.155834 -2.28272e-07 0)
(0.155835 -1.88101e-07 0)
(0.155835 -1.54001e-07 0)
(0.155835 -1.25036e-07 0)
(0.155836 -1.0065e-07 0)
(0.155836 -8.05189e-08 0)
(0.155836 -6.4512e-08 0)
(0.155836 -5.21281e-08 0)
(0.155836 -4.25927e-08 0)
(0.155836 -3.51917e-08 0)
(0.155837 -2.92513e-08 0)
(0.155837 -2.41393e-08 0)
(0.155837 -1.93935e-08 0)
(0.155837 -1.48873e-08 0)
(0.155837 -1.08483e-08 0)
(0.155837 -7.57145e-09 0)
(0.155837 -5.2015e-09 0)
(0.155837 -3.76362e-09 0)
(0.155837 -3.14209e-09 0)
(0.155837 -3.0025e-09 0)
(0.155837 -2.89853e-09 0)
(0.155837 -2.50296e-09 0)
(0.155837 -1.73122e-09 0)
(0.155837 -7.32931e-10 0)
(0.155837 1.81233e-10 0)
(0.155837 6.72537e-10 0)
(0.155837 6.51503e-10 0)
(0.155837 2.27939e-10 0)
(0.155837 -3.51716e-10 0)
(0.155837 -8.56628e-10 0)
(0.155837 -1.0512e-09 0)
(0.155837 -8.96906e-10 0)
(0.155837 -4.71715e-10 0)
(0.155837 5.85908e-11 0)
(0.155837 4.70557e-10 0)
(0.155837 7.24284e-10 0)
(0.155837 7.63792e-10 0)
(0.155837 5.41249e-10 0)
(0.155837 7.21592e-11 0)
(0.155837 -5.03879e-10 0)
(0.155837 -9.94992e-10 0)
(0.155837 -1.17042e-09 0)
(0.155837 -8.598e-10 0)
(0.155837 -1.12678e-10 0)
(0.155837 7.54484e-10 0)
(0.155837 1.2368e-09 0)
(0.155837 1.09235e-09 0)
(0.155837 3.00566e-10 0)
(0.155837 -7.7295e-10 0)
(0.155837 -1.56489e-09 0)
(0.155837 -1.61192e-09 0)
(0.155837 -8.76375e-10 0)
(0.155837 1.80693e-10 0)
(0.155837 8.3582e-10 0)
(0.155837 5.50881e-10 0)
(0.155837 -5.78116e-10 0)
(0.155837 -1.90646e-09 0)
(0.155837 -2.70831e-09 0)
(0.155837 -2.54757e-09 0)
(0.155837 -1.55104e-09 0)
(0.155837 -3.48773e-10 0)
(0.155837 3.25539e-10 0)
(0.155837 1.21522e-10 0)
(0.155837 -6.85027e-10 0)
(0.155837 -1.45667e-09 0)
(0.155837 -1.69198e-09 0)
(0.155837 -1.28874e-09 0)
(0.155837 -5.20575e-10 0)
(0.155837 1.94386e-10 0)
(0.155837 5.7413e-10 0)
(0.155837 5.91488e-10 0)
(0.155837 3.79986e-10 0)
(0.155837 6.62327e-11 0)
(0.155837 -3.26785e-10 0)
(0.155837 -7.23326e-10 0)
(0.155837 -9.31109e-10 0)
(0.155837 -7.61818e-10 0)
(0.155837 -2.59372e-10 0)
(0.155837 2.23285e-10 0)
(0.155837 2.1043e-10 0)
(0.155837 -4.21133e-10 0)
(0.155837 -1.20022e-09 0)
(0.155837 -1.47538e-09 0)
(0.155837 -9.30563e-10 0)
(0.155837 1.5743e-10 0)
(0.155837 1.04326e-09 0)
(0.155837 1.2357e-09 0)
(0.155837 9.41077e-10 0)
(0.155837 7.80867e-10 0)
(0.155837 1.16628e-09 0)
(0.155837 1.88415e-09 0)
(0.155837 2.36333e-09 0)
(0.155837 2.28577e-09 0)
(0.155837 1.87708e-09 0)
(0.155837 1.60422e-09 0)
(0.155837 1.63293e-09 0)
(0.155837 1.68439e-09 0)
(0.155837 1.46138e-09 0)
(0.155837 1.07645e-09 0)
(0.155837 9.09973e-10 0)
(0.155837 1.07309e-09 0)
(0.155837 1.2037e-09 0)
(0.155837 9.32e-10 0)
(0.155837 4.2895e-10 0)
(0.155837 2.67736e-10 0)
(0.155837 6.88191e-10 0)
(0.155837 1.22185e-09 0)
(0.155837 1.26369e-09 0)
(0.155837 8.43587e-10 0)
(0.155837 5.84695e-10 0)
(0.155837 8.84442e-10 0)
(0.155837 1.40085e-09 0)
(0.155837 1.5974e-09 0)
(0.155837 1.53597e-09 0)
(0.155837 1.74533e-09 0)
(0.155837 2.38289e-09 0)
(0.155837 2.96517e-09 0)
(0.155837 3.07191e-09 0)
(0.155837 2.93529e-09 0)
(0.155837 3.00714e-09 0)
(0.155837 3.20749e-09 0)
(0.155837 3.11798e-09 0)
(0.155837 2.77995e-09 0)
(0.155837 2.67824e-09 0)
(0.155837 2.88922e-09 0)
(0.155837 2.9098e-09 0)
(0.155837 2.6027e-09 0)
(0.155837 2.62557e-09 0)
(0.155837 3.43022e-09 0)
(0.155837 4.53507e-09 0)
(0.155837 5.32829e-09 0)
(0.155837 5.88593e-09 0)
(0.155837 6.35288e-09 0)
(0.155837 6.4618e-09 0)
(0.155837 6.42667e-09 0)
(0.155837 7.2461e-09 0)
(0.155837 9.13401e-09 0)
(0.155837 1.09111e-08 0)
(0.155837 1.16828e-08 0)
(0.155837 1.21485e-08 0)
(0.155836 1.30671e-08 0)
(0.155836 1.44789e-08 0)
(0.155836 1.59102e-08 0)
(0.155836 1.73326e-08 0)
(0.155836 1.84289e-08 0)
(0.155836 2.08204e-08 0)
(0.155836 2.39073e-08 0)
(0.155836 2.74405e-08 0)
(0.155836 2.90077e-08 0)
(0.155836 3.21924e-08 0)
(0.155836 3.18265e-08 0)
(0.155836 3.33557e-08 0)
(0.155836 2.52328e-08 0)
(0.155836 1.91154e-08 0)
(0.155835 -8.8619e-09 0)
(0.155835 -3.55948e-08 0)
(0.155835 -1.04413e-07 0)
(0.155835 -1.86033e-07 0)
(0.155836 -3.64216e-07 0)
(0.155837 -5.13954e-07 0)
(1.0015 0.0570097 0)
(1.03216 0.11049 0)
(1.04865 0.125501 0)
(1.0403 0.125352 0)
(1.01351 0.118758 0)
(0.97764 0.107626 0)
(0.937521 0.093371 0)
(0.895382 0.0780827 0)
(0.852933 0.0635769 0)
(0.811822 0.0508994 0)
(0.773323 0.040447 0)
(0.738146 0.0322091 0)
(0.706515 0.025932 0)
(0.678329 0.021245 0)
(0.653313 0.0177627 0)
(0.631121 0.01515 0)
(0.611393 0.0131471 0)
(0.593795 0.0115675 0)
(0.578032 0.0102838 0)
(0.563854 0.00921158 0)
(0.551053 0.00829559 0)
(0.539456 0.00749917 0)
(0.528923 0.00679728 0)
(0.519337 0.00617195 0)
(0.510601 0.00560951 0)
(0.502637 0.00509899 0)
(0.495378 0.00463131 0)
(0.488767 0.00419894 0)
(0.482759 0.0037957 0)
(0.477313 0.00341677 0)
(0.472393 0.00305872 0)
(0.46797 0.00271945 0)
(0.464014 0.00239815 0)
(0.460498 0.00209506 0)
(0.457392 0.00181127 0)
(0.454669 0.00154834 0)
(0.452298 0.00130796 0)
(0.450247 0.00109164 0)
(0.448484 0.000900406 0)
(0.446977 0.000734586 0)
(0.445694 0.000593712 0)
(0.444603 0.000476521 0)
(0.443677 0.000381038 0)
(0.442889 0.00030475 0)
(0.442218 0.000244814 0)
(0.441643 0.000198266 0)
(0.441151 0.000162242 0)
(0.440727 0.000134123 0)
(0.440362 0.000111653 0)
(0.44005 9.30244e-05 0)
(0.439783 7.68945e-05 0)
(0.439557 6.23535e-05 0)
(0.439369 4.88328e-05 0)
(0.439216 3.60653e-05 0)
(0.439094 2.40122e-05 0)
(0.439001 1.273e-05 0)
(0.438932 2.22587e-06 0)
(0.438886 -7.46043e-06 0)
(0.438859 -1.5734e-05 0)
(0.438848 -2.28436e-05 0)
(0.438849 -2.83201e-05 0)
(0.438861 -3.21295e-05 0)
(0.43888 -3.44487e-05 0)
(0.438905 -3.5636e-05 0)
(0.438933 -3.58118e-05 0)
(0.438964 -3.51094e-05 0)
(0.438995 -3.37402e-05 0)
(0.439025 -3.18955e-05 0)
(0.439055 -2.97123e-05 0)
(0.439082 -2.73192e-05 0)
(0.439108 -2.48295e-05 0)
(0.439132 -2.23374e-05 0)
(0.439153 -1.99137e-05 0)
(0.439172 -1.76083e-05 0)
(0.439189 -1.54555e-05 0)
(0.439204 -1.34763e-05 0)
(0.439217 -1.16799e-05 0)
(0.439228 -1.00671e-05 0)
(0.439238 -8.63389e-06 0)
(0.439247 -7.37146e-06 0)
(0.439254 -6.26735e-06 0)
(0.43926 -5.30781e-06 0)
(0.439265 -4.4786e-06 0)
(0.439269 -3.76575e-06 0)
(0.439273 -3.156e-06 0)
(0.439276 -2.63669e-06 0)
(0.439279 -2.19645e-06 0)
(0.439281 -1.82514e-06 0)
(0.439283 -1.51342e-06 0)
(0.439284 -1.25276e-06 0)
(0.439286 -1.03497e-06 0)
(0.439287 -8.53005e-07 0)
(0.439287 -7.006e-07 0)
(0.439288 -5.72513e-07 0)
(0.439289 -4.65275e-07 0)
(0.439289 -3.75971e-07 0)
(0.43929 -3.0254e-07 0)
(0.43929 -2.43409e-07 0)
(0.43929 -1.96676e-07 0)
(0.43929 -1.59641e-07 0)
(0.439291 -1.29786e-07 0)
(0.439291 -1.05517e-07 0)
(0.439291 -8.53205e-08 0)
(0.439291 -6.75811e-08 0)
(0.439291 -5.18176e-08 0)
(0.439291 -3.86085e-08 0)
(0.439291 -2.82508e-08 0)
(0.439291 -2.05909e-08 0)
(0.439291 -1.55121e-08 0)
(0.439291 -1.26148e-08 0)
(0.439291 -1.09078e-08 0)
(0.439291 -9.35034e-09 0)
(0.439291 -7.40848e-09 0)
(0.439291 -5.0279e-09 0)
(0.439291 -2.49855e-09 0)
(0.439291 -4.08143e-10 0)
(0.439291 7.31999e-10 0)
(0.439291 7.99059e-10 0)
(0.439291 1.08576e-10 0)
(0.439291 -8.35541e-10 0)
(0.439291 -1.55429e-09 0)
(0.439291 -1.773e-09 0)
(0.439291 -1.40474e-09 0)
(0.439291 -5.81866e-10 0)
(0.439291 3.52598e-10 0)
(0.439291 1.06433e-09 0)
(0.439291 1.44684e-09 0)
(0.439291 1.39974e-09 0)
(0.439291 8.1433e-10 0)
(0.439291 -2.37176e-10 0)
(0.439291 -1.50066e-09 0)
(0.439291 -2.54563e-09 0)
(0.439291 -2.87759e-09 0)
(0.439291 -2.24496e-09 0)
(0.439291 -8.72128e-10 0)
(0.439291 4.89061e-10 0)
(0.439291 1.0562e-09 0)
(0.439291 3.34882e-10 0)
(0.439291 -1.51258e-09 0)
(0.439291 -3.67129e-09 0)
(0.439291 -5.05165e-09 0)
(0.439291 -4.9596e-09 0)
(0.439291 -3.60094e-09 0)
(0.439291 -2.02848e-09 0)
(0.439291 -1.52886e-09 0)
(0.439291 -2.72578e-09 0)
(0.439291 -5.12825e-09 0)
(0.439291 -7.49312e-09 0)
(0.439291 -8.56231e-09 0)
(0.439291 -7.8346e-09 0)
(0.439291 -5.88994e-09 0)
(0.439291 -4.00609e-09 0)
(0.439291 -3.2968e-09 0)
(0.439291 -3.95254e-09 0)
(0.439291 -5.20132e-09 0)
(0.439291 -5.98694e-09 0)
(0.439291 -5.70056e-09 0)
(0.439291 -4.47712e-09 0)
(0.439291 -2.96094e-09 0)
(0.439291 -1.77069e-09 0)
(0.439291 -1.11657e-09 0)
(0.439291 -8.44065e-10 0)
(0.439291 -7.51559e-10 0)
(0.439291 -8.52406e-10 0)
(0.439291 -1.20951e-09 0)
(0.439291 -1.63759e-09 0)
(0.439291 -1.67763e-09 0)
(0.439291 -9.71128e-10 0)
(0.439291 2.87751e-10 0)
(0.439291 1.25474e-09 0)
(0.439291 1.20229e-09 0)
(0.439291 2.57612e-10 0)
(0.439291 -5.93368e-10 0)
(0.439291 -3.15324e-10 0)
(0.439291 1.35721e-09 0)
(0.439291 3.55717e-09 0)
(0.439291 5.08922e-09 0)
(0.439291 5.55521e-09 0)
(0.439291 5.66398e-09 0)
(0.439291 6.4176e-09 0)
(0.439291 8.00917e-09 0)
(0.439291 9.60854e-09 0)
(0.439291 1.02547e-08 0)
(0.439291 9.85942e-09 0)
(0.439291 9.23465e-09 0)
(0.439291 9.13801e-09 0)
(0.439291 9.4562e-09 0)
(0.439291 9.49037e-09 0)
(0.439291 8.94376e-09 0)
(0.439291 8.33721e-09 0)
(0.439291 8.29641e-09 0)
(0.439291 8.64224e-09 0)
(0.439291 8.56203e-09 0)
(0.439291 7.73396e-09 0)
(0.439291 6.92528e-09 0)
(0.439291 7.1219e-09 0)
(0.439291 8.21992e-09 0)
(0.439291 9.07721e-09 0)
(0.439291 8.94316e-09 0)
(0.439291 8.39593e-09 0)
(0.439291 8.51325e-09 0)
(0.439291 9.35951e-09 0)
(0.439291 9.99756e-09 0)
(0.439291 9.97309e-09 0)
(0.439291 1.00707e-08 0)
(0.439291 1.11642e-08 0)
(0.439291 1.28275e-08 0)
(0.439291 1.3845e-08 0)
(0.439291 1.39151e-08 0)
(0.439291 1.38992e-08 0)
(0.439291 1.42565e-08 0)
(0.439291 1.4354e-08 0)
(0.439291 1.37735e-08 0)
(0.439291 1.33547e-08 0)
(0.439291 1.39849e-08 0)
(0.439291 1.51168e-08 0)
(0.439291 1.56191e-08 0)
(0.439291 1.58291e-08 0)
(0.439291 1.72824e-08 0)
(0.439291 2.03697e-08 0)
(0.439291 2.37337e-08 0)
(0.439291 2.64895e-08 0)
(0.439291 2.92936e-08 0)
(0.439291 3.2595e-08 0)
(0.439291 3.56046e-08 0)
(0.439291 3.84417e-08 0)
(0.439291 4.28439e-08 0)
(0.43929 4.92231e-08 0)
(0.43929 5.53728e-08 0)
(0.43929 6.12587e-08 0)
(0.43929 6.84682e-08 0)
(0.43929 7.68626e-08 0)
(0.43929 8.54237e-08 0)
(0.43929 9.65489e-08 0)
(0.43929 1.06695e-07 0)
(0.43929 1.17561e-07 0)
(0.43929 1.30927e-07 0)
(0.439289 1.5015e-07 0)
(0.439289 1.62829e-07 0)
(0.439289 1.83108e-07 0)
(0.439289 1.93595e-07 0)
(0.439289 2.16277e-07 0)
(0.439288 2.10234e-07 0)
(0.439288 2.256e-07 0)
(0.439288 1.73447e-07 0)
(0.439287 1.53119e-07 0)
(0.439287 -9.47952e-09 0)
(0.439287 -1.46589e-07 0)
(0.439287 -6.91732e-07 0)
(0.439287 -1.37387e-06 0)
(1.00124 0.0319511 0)
(1.02549 0.0779073 0)
(1.05555 0.102017 0)
(1.07972 0.112679 0)
(1.09373 0.116243 0)
(1.09867 0.114752 0)
(1.09636 0.109213 0)
(1.08797 0.101008 0)
(1.0745 0.0915987 0)
(1.05716 0.0820643 0)
(1.03724 0.0730278 0)
(1.01588 0.0647916 0)
(0.993946 0.0574634 0)
(0.972058 0.051037 0)
(0.950643 0.0454442 0)
(0.929985 0.0405898 0)
(0.910259 0.0363735 0)
(0.891558 0.0327016 0)
(0.873922 0.029491 0)
(0.857353 0.0266706 0)
(0.841829 0.0241798 0)
(0.827316 0.0219677 0)
(0.813774 0.0199914 0)
(0.801158 0.0182145 0)
(0.789422 0.0166064 0)
(0.778524 0.015141 0)
(0.76842 0.0137961 0)
(0.759072 0.0125529 0)
(0.750443 0.011396 0)
(0.742498 0.0103133 0)
(0.735205 0.00929557 0)
(0.728533 0.0083367 0)
(0.722451 0.0074334 0)
(0.716931 0.00658483 0)
(0.711941 0.00579205 0)
(0.707449 0.00505734 0)
(0.703424 0.00438346 0)
(0.699829 0.00377288 0)
(0.696629 0.00322712 0)
(0.693788 0.00274629 0)
(0.691269 0.0023288 0)
(0.689036 0.00197134 0)
(0.687056 0.00166905 0)
(0.685297 0.0014159 0)
(0.683734 0.00120514 0)
(0.68234 0.00102978 0)
(0.681098 0.000883056 0)
(0.679991 0.000758855 0)
(0.679006 0.00065194 0)
(0.678132 0.000558115 0)
(0.677361 0.000474254 0)
(0.676686 0.000398222 0)
(0.6761 0.000328719 0)
(0.675598 0.000265087 0)
(0.675173 0.000207148 0)
(0.674818 0.000154918 0)
(0.674528 0.000108597 0)
(0.674295 6.83626e-05 0)
(0.674111 3.40352e-05 0)
(0.673972 5.19787e-06 0)
(0.67387 -1.77827e-05 0)
(0.673798 -3.55955e-05 0)
(0.673751 -4.8825e-05 0)
(0.673724 -5.78054e-05 0)
(0.673713 -6.31631e-05 0)
(0.673712 -6.54832e-05 0)
(0.67372 -6.54064e-05 0)
(0.673734 -6.35942e-05 0)
(0.673752 -6.05134e-05 0)
(0.673771 -5.65561e-05 0)
(0.673791 -5.20665e-05 0)
(0.673811 -4.73324e-05 0)
(0.67383 -4.2561e-05 0)
(0.673849 -3.79034e-05 0)
(0.673865 -3.34705e-05 0)
(0.67388 -2.9337e-05 0)
(0.673894 -2.55458e-05 0)
(0.673906 -2.21146e-05 0)
(0.673917 -1.90436e-05 0)
(0.673926 -1.63209e-05 0)
(0.673934 -1.39266e-05 0)
(0.673941 -1.18362e-05 0)
(0.673947 -1.00226e-05 0)
(0.673952 -8.45744e-06 0)
(0.673956 -7.11366e-06 0)
(0.67396 -5.96549e-06 0)
(0.673963 -4.98845e-06 0)
(0.673966 -4.16044e-06 0)
(0.673968 -3.46147e-06 0)
(0.67397 -2.87388e-06 0)
(0.673972 -2.38112e-06 0)
(0.673973 -1.968e-06 0)
(0.673974 -1.62201e-06 0)
(0.673975 -1.33205e-06 0)
(0.673976 -1.08936e-06 0)
(0.673976 -8.87502e-07 0)
(0.673977 -7.20442e-07 0)
(0.673977 -5.82821e-07 0)
(0.673977 -4.71178e-07 0)
(0.673978 -3.81738e-07 0)
(0.673978 -3.09454e-07 0)
(0.673978 -2.50316e-07 0)
(0.673978 -2.0178e-07 0)
(0.673978 -1.6128e-07 0)
(0.673979 -1.26691e-07 0)
(0.673979 -9.74806e-08 0)
(0.673979 -7.38677e-08 0)
(0.673979 -5.55922e-08 0)
(0.673979 -4.20491e-08 0)
(0.673979 -3.25353e-08 0)
(0.673979 -2.59419e-08 0)
(0.673979 -2.08841e-08 0)
(0.673979 -1.63188e-08 0)
(0.673979 -1.1848e-08 0)
(0.673979 -7.61639e-09 0)
(0.673979 -4.07445e-09 0)
(0.673979 -1.70321e-09 0)
(0.673979 -6.52558e-10 0)
(0.673979 -6.90627e-10 0)
(0.673979 -1.34717e-09 0)
(0.673979 -2.11054e-09 0)
(0.673979 -2.49406e-09 0)
(0.673979 -2.26571e-09 0)
(0.673979 -1.53909e-09 0)
(0.673979 -5.78584e-10 0)
(0.673979 2.83404e-10 0)
(0.673979 8.53248e-10 0)
(0.673979 1.00996e-09 0)
(0.673979 5.93684e-10 0)
(0.673979 -4.38402e-10 0)
(0.673979 -1.86444e-09 0)
(0.673979 -3.24441e-09 0)
(0.673979 -4.07449e-09 0)
(0.673979 -4.00626e-09 0)
(0.673979 -3.09287e-09 0)
(0.673979 -1.86192e-09 0)
(0.673979 -1.20008e-09 0)
(0.673979 -1.80413e-09 0)
(0.673979 -3.74682e-09 0)
(0.673979 -6.3248e-09 0)
(0.673979 -8.41773e-09 0)
(0.673979 -9.16594e-09 0)
(0.673979 -8.56628e-09 0)
(0.673979 -7.52756e-09 0)
(0.673979 -7.30776e-09 0)
(0.673979 -8.71204e-09 0)
(0.673979 -1.15109e-08 0)
(0.673979 -1.45042e-08 0)
(0.673979 -1.62799e-08 0)
(0.673979 -1.61253e-08 0)
(0.673979 -1.44715e-08 0)
(0.673979 -1.25737e-08 0)
(0.673979 -1.16515e-08 0)
(0.673979 -1.20725e-08 0)
(0.673979 -1.31712e-08 0)
(0.673979 -1.38079e-08 0)
(0.673979 -1.32188e-08 0)
(0.673979 -1.15e-08 0)
(0.673979 -9.37859e-09 0)
(0.673979 -7.57154e-09 0)
(0.673979 -6.32403e-09 0)
(0.673979 -5.43112e-09 0)
(0.673979 -4.65242e-09 0)
(0.673979 -4.00415e-09 0)
(0.673979 -3.62641e-09 0)
(0.673979 -3.42037e-09 0)
(0.673979 -2.94205e-09 0)
(0.673979 -1.74934e-09 0)
(0.673979 4.13603e-11 0)
(0.673979 1.71196e-09 0)
(0.673979 2.45391e-09 0)
(0.673979 2.20786e-09 0)
(0.673979 1.95019e-09 0)
(0.673979 2.88007e-09 0)
(0.673979 5.34291e-09 0)
(0.673979 8.5208e-09 0)
(0.673979 1.11226e-08 0)
(0.673979 1.26014e-08 0)
(0.673979 1.36349e-08 0)
(0.673979 1.529e-08 0)
(0.673979 1.78357e-08 0)
(0.673979 2.03987e-08 0)
(0.673979 2.18853e-08 0)
(0.673979 2.21375e-08 0)
(0.673979 2.20109e-08 0)
(0.673979 2.2329e-08 0)
(0.673979 2.29746e-08 0)
(0.673979 2.31925e-08 0)
(0.673979 2.26818e-08 0)
(0.673979 2.20523e-08 0)
(0.673979 2.20208e-08 0)
(0.673979 2.24017e-08 0)
(0.673979 2.23082e-08 0)
(0.673979 2.1406e-08 0)
(0.673979 2.05502e-08 0)
(0.673979 2.07957e-08 0)
(0.673979 2.19898e-08 0)
(0.673979 2.28822e-08 0)
(0.673979 2.27812e-08 0)
(0.673979 2.25168e-08 0)
(0.673979 2.32771e-08 0)
(0.673979 2.48858e-08 0)
(0.673979 2.604e-08 0)
(0.673979 2.62005e-08 0)
(0.673979 2.64004e-08 0)
(0.673979 2.76704e-08 0)
(0.673979 2.94722e-08 0)
(0.673979 3.05723e-08 0)
(0.673979 3.10148e-08 0)
(0.673979 3.19272e-08 0)
(0.673979 3.34002e-08 0)
(0.673979 3.41384e-08 0)
(0.673979 3.36778e-08 0)
(0.673979 3.33962e-08 0)
(0.673979 3.43738e-08 0)
(0.673978 3.59581e-08 0)
(0.673978 3.73807e-08 0)
(0.673978 3.94481e-08 0)
(0.673978 4.32618e-08 0)
(0.673978 4.85521e-08 0)
(0.673978 5.44228e-08 0)
(0.673978 6.05078e-08 0)
(0.673978 6.65435e-08 0)
(0.673978 7.26008e-08 0)
(0.673978 7.98204e-08 0)
(0.673978 8.92538e-08 0)
(0.673978 1.00361e-07 0)
(0.673978 1.12581e-07 0)
(0.673978 1.25317e-07 0)
(0.673978 1.39389e-07 0)
(0.673978 1.56395e-07 0)
(0.673978 1.76931e-07 0)
(0.673978 1.98065e-07 0)
(0.673978 2.23533e-07 0)
(0.673977 2.50529e-07 0)
(0.673977 2.80194e-07 0)
(0.673977 3.10789e-07 0)
(0.673977 3.53605e-07 0)
(0.673977 3.88179e-07 0)
(0.673976 4.38339e-07 0)
(0.673976 4.71744e-07 0)
(0.673976 5.34462e-07 0)
(0.673976 5.47102e-07 0)
(0.673975 6.13222e-07 0)
(0.673975 5.66451e-07 0)
(0.673974 6.1678e-07 0)
(0.673974 4.36293e-07 0)
(0.673973 4.38669e-07 0)
(0.673974 -2.68959e-07 0)
(0.673971 -1.55548e-06 0)
(1.00052 0.0188442 0)
(1.01346 0.0515364 0)
(1.03454 0.0743812 0)
(1.05815 0.0882218 0)
(1.07937 0.096115 0)
(1.09653 0.099841 0)
(1.10952 0.100148 0)
(1.11842 0.09775 0)
(1.12325 0.0935355 0)
(1.12429 0.0883253 0)
(1.12207 0.0827055 0)
(1.11722 0.0770357 0)
(1.11033 0.0715258 0)
(1.10192 0.0662935 0)
(1.09239 0.0613955 0)
(1.08209 0.0568478 0)
(1.07127 0.0526421 0)
(1.06016 0.0487578 0)
(1.04892 0.0451699 0)
(1.03768 0.0418527 0)
(1.02656 0.0387813 0)
(1.01563 0.0359324 0)
(1.00497 0.0332841 0)
(0.994626 0.0308162 0)
(0.984637 0.0285097 0)
(0.975038 0.0263473 0)
(0.965851 0.0243131 0)
(0.957092 0.0223928 0)
(0.948774 0.020574 0)
(0.940902 0.0188469 0)
(0.933479 0.0172038 0)
(0.926502 0.0156401 0)
(0.919969 0.0141538 0)
(0.91387 0.0127456 0)
(0.908196 0.0114185 0)
(0.902934 0.0101767 0)
(0.898068 0.00902536 0)
(0.89358 0.00796898 0)
(0.889448 0.00701094 0)
(0.885649 0.00615249 0)
(0.882158 0.0053923 0)
(0.878951 0.0047263 0)
(0.876001 0.00414785 0)
(0.873287 0.00364819 0)
(0.870785 0.00321718 0)
(0.868479 0.00284409 0)
(0.866353 0.00251841 0)
(0.864395 0.00223054 0)
(0.862598 0.00197227 0)
(0.860953 0.00173714 0)
(0.859457 0.00152046 0)
(0.858106 0.00131921 0)
(0.856896 0.00113183 0)
(0.855821 0.000957771 0)
(0.854878 0.000797236 0)
(0.854059 0.000650776 0)
(0.853356 0.000518948 0)
(0.852761 0.000402274 0)
(0.852264 0.000300756 0)
(0.851854 0.00021438 0)
(0.851522 0.000142262 0)
(0.851255 8.32464e-05 0)
(0.851046 3.61489e-05 0)
(0.850885 -1.9247e-08 0)
(0.850764 -2.67312e-05 0)
(0.850674 -4.56592e-05 0)
(0.85061 -5.81797e-05 0)
(0.850566 -6.54271e-05 0)
(0.850537 -6.85889e-05 0)
(0.85052 -6.86857e-05 0)
(0.850511 -6.65513e-05 0)
(0.850508 -6.29291e-05 0)
(0.85051 -5.83806e-05 0)
(0.850515 -5.3328e-05 0)
(0.850521 -4.80896e-05 0)
(0.850528 -4.28985e-05 0)
(0.850536 -3.79179e-05 0)
(0.850543 -3.32523e-05 0)
(0.85055 -2.89615e-05 0)
(0.850557 -2.50732e-05 0)
(0.850563 -2.15913e-05 0)
(0.850568 -1.85049e-05 0)
(0.850573 -1.57922e-05 0)
(0.850578 -1.34247e-05 0)
(0.850582 -1.13708e-05 0)
(0.850585 -9.59905e-06 0)
(0.850588 -8.07837e-06 0)
(0.85059 -6.77933e-06 0)
(0.850593 -5.67445e-06 0)
(0.850594 -4.73779e-06 0)
(0.850596 -3.9465e-06 0)
(0.850597 -3.27937e-06 0)
(0.850598 -2.71753e-06 0)
(0.850599 -2.24553e-06 0)
(0.8506 -1.84899e-06 0)
(0.850601 -1.5172e-06 0)
(0.850601 -1.24189e-06 0)
(0.850602 -1.01394e-06 0)
(0.850602 -8.25752e-07 0)
(0.850603 -6.71999e-07 0)
(0.850603 -5.46624e-07 0)
(0.850603 -4.43576e-07 0)
(0.850603 -3.5865e-07 0)
(0.850603 -2.88461e-07 0)
(0.850604 -2.29855e-07 0)
(0.850604 -1.80916e-07 0)
(0.850604 -1.40917e-07 0)
(0.850604 -1.09061e-07 0)
(0.850604 -8.42242e-08 0)
(0.850604 -6.53512e-08 0)
(0.850604 -5.11877e-08 0)
(0.850604 -4.01552e-08 0)
(0.850604 -3.09725e-08 0)
(0.850604 -2.30814e-08 0)
(0.850604 -1.63934e-08 0)
(0.850604 -1.09879e-08 0)
(0.850604 -7.05621e-09 0)
(0.850604 -4.71232e-09 0)
(0.850604 -3.71236e-09 0)
(0.850604 -3.48607e-09 0)
(0.850604 -3.43223e-09 0)
(0.850604 -3.18099e-09 0)
(0.850604 -2.64935e-09 0)
(0.850604 -1.93039e-09 0)
(0.850604 -1.19112e-09 0)
(0.850604 -5.47599e-10 0)
(0.850604 -1.74641e-10 0)
(0.850604 -1.5935e-10 0)
(0.850604 -5.28822e-10 0)
(0.850604 -1.29232e-09 0)
(0.850604 -2.36387e-09 0)
(0.850604 -3.5042e-09 0)
(0.850604 -4.37474e-09 0)
(0.850604 -4.68347e-09 0)
(0.850604 -4.40639e-09 0)
(0.850604 -3.89466e-09 0)
(0.850604 -3.77031e-09 0)
(0.850604 -4.56101e-09 0)
(0.850604 -6.34719e-09 0)
(0.850604 -8.6448e-09 0)
(0.850604 -1.06659e-08 0)
(0.850604 -1.18139e-08 0)
(0.850604 -1.20953e-08 0)
(0.850604 -1.21542e-08 0)
(0.850604 -1.28753e-08 0)
(0.850604 -1.47802e-08 0)
(0.850604 -1.76181e-08 0)
(0.850604 -2.04326e-08 0)
(0.850604 -2.21584e-08 0)
(0.850604 -2.23302e-08 0)
(0.850604 -2.13794e-08 0)
(0.850604 -2.03215e-08 0)
(0.850604 -2.00323e-08 0)
(0.850604 -2.06382e-08 0)
(0.850604 -2.14719e-08 0)
(0.850604 -2.15907e-08 0)
(0.850604 -2.04859e-08 0)
(0.850604 -1.84194e-08 0)
(0.850604 -1.61291e-08 0)
(0.850604 -1.42383e-08 0)
(0.850604 -1.28521e-08 0)
(0.850604 -1.16573e-08 0)
(0.850604 -1.0364e-08 0)
(0.850604 -8.9713e-09 0)
(0.850604 -7.65873e-09 0)
(0.850604 -6.45648e-09 0)
(0.850604 -5.09508e-09 0)
(0.850604 -3.28886e-09 0)
(0.850604 -1.15458e-09 0)
(0.850604 8.53583e-10 0)
(0.850604 2.2646e-09 0)
(0.850604 3.16163e-09 0)
(0.850604 4.28752e-09 0)
(0.850604 6.46953e-09 0)
(0.850604 9.79344e-09 0)
(0.850604 1.34375e-08 0)
(0.850604 1.64081e-08 0)
(0.850604 1.85279e-08 0)
(0.850604 2.05484e-08 0)
(0.850604 2.3311e-08 0)
(0.850604 2.67927e-08 0)
(0.850604 3.00722e-08 0)
(0.850604 3.22585e-08 0)
(0.850604 3.33637e-08 0)
(0.850604 3.41477e-08 0)
(0.850604 3.51574e-08 0)
(0.850604 3.61418e-08 0)
(0.850604 3.65302e-08 0)
(0.850604 3.63182e-08 0)
(0.850604 3.61606e-08 0)
(0.850604 3.65166e-08 0)
(0.850604 3.70014e-08 0)
(0.850604 3.68992e-08 0)
(0.850604 3.6215e-08 0)
(0.850604 3.58049e-08 0)
(0.850604 3.62897e-08 0)
(0.850604 3.72003e-08 0)
(0.850604 3.76086e-08 0)
(0.850604 3.75086e-08 0)
(0.850604 3.79659e-08 0)
(0.850604 3.96637e-08 0)
(0.850604 4.18247e-08 0)
(0.850604 4.31671e-08 0)
(0.850604 4.36038e-08 0)
(0.850604 4.42349e-08 0)
(0.850604 4.56522e-08 0)
(0.850604 4.72271e-08 0)
(0.850604 4.83938e-08 0)
(0.850604 4.9697e-08 0)
(0.850604 5.17515e-08 0)
(0.850604 5.37791e-08 0)
(0.850604 5.4533e-08 0)
(0.850604 5.43684e-08 0)
(0.850604 5.49498e-08 0)
(0.850604 5.67174e-08 0)
(0.850604 5.88149e-08 0)
(0.850604 6.14759e-08 0)
(0.850604 6.60224e-08 0)
(0.850604 7.22125e-08 0)
(0.850604 7.85601e-08 0)
(0.850603 8.55445e-08 0)
(0.850603 9.47093e-08 0)
(0.850603 1.0477e-07 0)
(0.850603 1.1381e-07 0)
(0.850603 1.24293e-07 0)
(0.850603 1.39265e-07 0)
(0.850603 1.56489e-07 0)
(0.850603 1.7429e-07 0)
(0.850603 1.94387e-07 0)
(0.850603 2.16992e-07 0)
(0.850603 2.42502e-07 0)
(0.850603 2.74519e-07 0)
(0.850603 3.08419e-07 0)
(0.850603 3.43967e-07 0)
(0.850603 3.84782e-07 0)
(0.850602 4.34234e-07 0)
(0.850602 4.83201e-07 0)
(0.850602 5.46723e-07 0)
(0.850602 6.05775e-07 0)
(0.850602 6.82437e-07 0)
(0.850602 7.41169e-07 0)
(0.850601 8.37034e-07 0)
(0.850601 8.82009e-07 0)
(0.8506 9.95449e-07 0)
(0.850601 9.94665e-07 0)
(0.850599 1.11603e-06 0)
(0.8506 1.02994e-06 0)
(0.850597 1.18835e-06 0)
(0.850601 6.62514e-07 0)
(0.850594 -4.35472e-07 0)
(1.00033 0.0129262 0)
(1.00783 0.0368922 0)
(1.02129 0.0561579 0)
(1.03857 0.0696394 0)
(1.05648 0.0783618 0)
(1.07316 0.0836257 0)
(1.08804 0.0861808 0)
(1.10093 0.0865136 0)
(1.11163 0.0851566 0)
(1.12003 0.0826706 0)
(1.12618 0.0795222 0)
(1.13031 0.0760342 0)
(1.13268 0.0724126 0)
(1.13355 0.0687857 0)
(1.13315 0.0652304 0)
(1.13168 0.0617881 0)
(1.12929 0.0584772 0)
(1.12616 0.0553023 0)
(1.1224 0.0522613 0)
(1.11812 0.0493492 0)
(1.11343 0.0465598 0)
(1.10841 0.0438861 0)
(1.10314 0.0413213 0)
(1.09769 0.038858 0)
(1.09213 0.0364891 0)
(1.08649 0.0342076 0)
(1.08085 0.0320068 0)
(1.07522 0.0298806 0)
(1.06966 0.0278242 0)
(1.06419 0.0258339 0)
(1.05883 0.023908 0)
(1.05361 0.0220467 0)
(1.04855 0.0202526 0)
(1.04366 0.0185306 0)
(1.03894 0.0168871 0)
(1.03442 0.0153303 0)
(1.03009 0.0138686 0)
(1.02595 0.0125102 0)
(1.022 0.0112615 0)
(1.01825 0.0101266 0)
(1.01467 0.00910616 0)
(1.01127 0.00819725 0)
(1.00803 0.00739325 0)
(1.00495 0.00668438 0)
(1.002 0.00605849 0)
(0.999194 0.00550218 0)
(0.996518 0.00500192 0)
(0.993974 0.00454518 0)
(0.991562 0.00412127 0)
(0.989286 0.00372193 0)
(0.987153 0.00334152 0)
(0.985168 0.00297701 0)
(0.983337 0.00262756 0)
(0.981663 0.00229406 0)
(0.98015 0.00197845 0)
(0.978796 0.00168324 0)
(0.977598 0.00141091 0)
(0.97655 0.0011635 0)
(0.975644 0.000942389 0)
(0.97487 0.00074821 0)
(0.974217 0.000580532 0)
(0.973671 0.000438518 0)
(0.973221 0.000320591 0)
(0.972854 0.000224482 0)
(0.972558 0.000147766 0)
(0.972321 8.77856e-05 0)
(0.972135 4.20552e-05 0)
(0.97199 8.34511e-06 0)
(0.971879 -1.5572e-05 0)
(0.971794 -3.17395e-05 0)
(0.971731 -4.19112e-05 0)
(0.971684 -4.74816e-05 0)
(0.97165 -4.96499e-05 0)
(0.971626 -4.9402e-05 0)
(0.971609 -4.75079e-05 0)
(0.971598 -4.4557e-05 0)
(0.971591 -4.09967e-05 0)
(0.971587 -3.71542e-05 0)
(0.971585 -3.32615e-05 0)
(0.971585 -2.94773e-05 0)
(0.971585 -2.59022e-05 0)
(0.971587 -2.25955e-05 0)
(0.971588 -1.95872e-05 0)
(0.97159 -1.68866e-05 0)
(0.971591 -1.44876e-05 0)
(0.971593 -1.23749e-05 0)
(0.971595 -1.05288e-05 0)
(0.971596 -8.92602e-06 0)
(0.971598 -7.54272e-06 0)
(0.971599 -6.35459e-06 0)
(0.9716 -5.33789e-06 0)
(0.971601 -4.47115e-06 0)
(0.971602 -3.73413e-06 0)
(0.971603 -3.10978e-06 0)
(0.971603 -2.58217e-06 0)
(0.971604 -2.13697e-06 0)
(0.971604 -1.76317e-06 0)
(0.971605 -1.4512e-06 0)
(0.971605 -1.19146e-06 0)
(0.971605 -9.76086e-07 0)
(0.971606 -7.98332e-07 0)
(0.971606 -6.51356e-07 0)
(0.971606 -5.29405e-07 0)
(0.971606 -4.28289e-07 0)
(0.971606 -3.44475e-07 0)
(0.971606 -2.74971e-07 0)
(0.971606 -2.17802e-07 0)
(0.971606 -1.71581e-07 0)
(0.971606 -1.34783e-07 0)
(0.971607 -1.05717e-07 0)
(0.971607 -8.27671e-08 0)
(0.971607 -6.45029e-08 0)
(0.971607 -4.97641e-08 0)
(0.971607 -3.77084e-08 0)
(0.971607 -2.78235e-08 0)
(0.971607 -1.99403e-08 0)
(0.971607 -1.40777e-08 0)
(0.971607 -1.00918e-08 0)
(0.971607 -7.52907e-09 0)
(0.971607 -5.83051e-09 0)
(0.971607 -4.58412e-09 0)
(0.971607 -3.55403e-09 0)
(0.971607 -2.60155e-09 0)
(0.971607 -1.74013e-09 0)
(0.971607 -1.09097e-09 0)
(0.971607 -7.46395e-10 0)
(0.971607 -6.93568e-10 0)
(0.971607 -8.77096e-10 0)
(0.971607 -1.25522e-09 0)
(0.971607 -1.84405e-09 0)
(0.971607 -2.64364e-09 0)
(0.971607 -3.54308e-09 0)
(0.971607 -4.32975e-09 0)
(0.971607 -4.82772e-09 0)
(0.971607 -5.03915e-09 0)
(0.971607 -5.18392e-09 0)
(0.971607 -5.61539e-09 0)
(0.971607 -6.62823e-09 0)
(0.971607 -8.24599e-09 0)
(0.971607 -1.01628e-08 0)
(0.971607 -1.19126e-08 0)
(0.971607 -1.31828e-08 0)
(0.971607 -1.40558e-08 0)
(0.971607 -1.49879e-08 0)
(0.971607 -1.65034e-08 0)
(0.971607 -1.88005e-08 0)
(0.971607 -2.15259e-08 0)
(0.971607 -2.39355e-08 0)
(0.971607 -2.53754e-08 0)
(0.971607 -2.57209e-08 0)
(0.971607 -2.54681e-08 0)
(0.971607 -2.53719e-08 0)
(0.971607 -2.58721e-08 0)
(0.971607 -2.67713e-08 0)
(0.971607 -2.73688e-08 0)
(0.971607 -2.69904e-08 0)
(0.971607 -2.55062e-08 0)
(0.971607 -2.3394e-08 0)
(0.971607 -2.13593e-08 0)
(0.971607 -1.98017e-08 0)
(0.971607 -1.85768e-08 0)
(0.971607 -1.72647e-08 0)
(0.971607 -1.55875e-08 0)
(0.971607 -1.3612e-08 0)
(0.971607 -1.16075e-08 0)
(0.971607 -9.70026e-09 0)
(0.971607 -7.74756e-09 0)
(0.971607 -5.5551e-09 0)
(0.971607 -3.17577e-09 0)
(0.971607 -8.97635e-10 0)
(0.971607 1.12228e-09 0)
(0.971607 3.14124e-09 0)
(0.971607 5.63449e-09 0)
(0.971607 8.97184e-09 0)
(0.971607 1.28765e-08 0)
(0.971607 1.6553e-08 0)
(0.971607 1.9512e-08 0)
(0.971607 2.20741e-08 0)
(0.971607 2.50654e-08 0)
(0.971607 2.89419e-08 0)
(0.971607 3.32402e-08 0)
(0.971607 3.6966e-08 0)
(0.971607 3.95422e-08 0)
(0.971607 4.12724e-08 0)
(0.971607 4.28407e-08 0)
(0.971607 4.44912e-08 0)
(0.971607 4.58587e-08 0)
(0.971607 4.66055e-08 0)
(0.971607 4.69893e-08 0)
(0.971607 4.75615e-08 0)
(0.971607 4.83964e-08 0)
(0.971607 4.89537e-08 0)
(0.971607 4.88639e-08 0)
(0.971607 4.85683e-08 0)
(0.971607 4.88329e-08 0)
(0.971607 4.97173e-08 0)
(0.971607 5.0489e-08 0)
(0.971607 5.07022e-08 0)
(0.971607 5.09758e-08 0)
(0.971607 5.22268e-08 0)
(0.971607 5.43532e-08 0)
(0.971607 5.62355e-08 0)
(0.971607 5.72151e-08 0)
(0.971607 5.79408e-08 0)
(0.971606 5.93274e-08 0)
(0.971606 6.12501e-08 0)
(0.971606 6.30327e-08 0)
(0.971606 6.47659e-08 0)
(0.971606 6.7034e-08 0)
(0.971606 6.95664e-08 0)
(0.971606 7.12318e-08 0)
(0.971606 7.18246e-08 0)
(0.971606 7.26432e-08 0)
(0.971606 7.4862e-08 0)
(0.971606 7.8057e-08 0)
(0.971606 8.14189e-08 0)
(0.971606 8.55698e-08 0)
(0.971606 9.14945e-08 0)
(0.971606 9.85765e-08 0)
(0.971606 1.05707e-07 0)
(0.971606 1.13952e-07 0)
(0.971606 1.25239e-07 0)
(0.971606 1.38834e-07 0)
(0.971606 1.52494e-07 0)
(0.971606 1.67235e-07 0)
(0.971606 1.85552e-07 0)
(0.971606 2.0624e-07 0)
(0.971606 2.28168e-07 0)
(0.971606 2.54291e-07 0)
(0.971606 2.83904e-07 0)
(0.971606 3.16539e-07 0)
(0.971606 3.5688e-07 0)
(0.971606 4.02342e-07 0)
(0.971606 4.46892e-07 0)
(0.971605 4.99564e-07 0)
(0.971605 5.63248e-07 0)
(0.971605 6.29446e-07 0)
(0.971605 7.05315e-07 0)
(0.971605 7.86623e-07 0)
(0.971605 8.78521e-07 0)
(0.971605 9.68162e-07 0)
(0.971604 1.07881e-06 0)
(0.971604 1.17177e-06 0)
(0.971603 1.30441e-06 0)
(0.971604 1.38062e-06 0)
(0.971602 1.5284e-06 0)
(0.971604 1.56231e-06 0)
(0.9716 1.74867e-06 0)
(0.971606 1.61601e-06 0)
(0.971597 1.70599e-06 0)
(1.00023 0.00958393 0)
(1.00511 0.0278374 0)
(1.0141 0.0435878 0)
(1.02636 0.0556495 0)
(1.04004 0.0640976 0)
(1.05368 0.0696668 0)
(1.0666 0.0730019 0)
(1.07857 0.0745297 0)
(1.08946 0.074622 0)
(1.09911 0.0736654 0)
(1.10747 0.0720138 0)
(1.11458 0.0699382 0)
(1.12054 0.0676218 0)
(1.12546 0.0651829 0)
(1.12945 0.0626966 0)
(1.13262 0.060209 0)
(1.13503 0.0577469 0)
(1.13676 0.0553242 0)
(1.13789 0.0529477 0)
(1.13848 0.0506199 0)
(1.13856 0.0483408 0)
(1.13821 0.0461095 0)
(1.13747 0.0439239 0)
(1.13637 0.0417818 0)
(1.13497 0.0396805 0)
(1.1333 0.0376173 0)
(1.13139 0.0355898 0)
(1.12928 0.0335964 0)
(1.127 0.031636 0)
(1.12458 0.0297091 0)
(1.12203 0.0278174 0)
(1.11939 0.0259646 0)
(1.11668 0.0241561 0)
(1.11391 0.0223997 0)
(1.1111 0.0207045 0)
(1.10827 0.0190813 0)
(1.10543 0.0175414 0)
(1.10259 0.0160959 0)
(1.09977 0.0147543 0)
(1.09697 0.0135236 0)
(1.09419 0.0124073 0)
(1.09144 0.0114045 0)
(1.08872 0.0105095 0)
(1.08602 0.00971274 0)
(1.08335 0.00900079 0)
(1.08071 0.00835813 0)
(1.07811 0.00776843 0)
(1.07554 0.00721611 0)
(1.07302 0.00668766 0)
(1.07057 0.00617268 0)
(1.0682 0.00566436 0)
(1.06593 0.00515965 0)
(1.06377 0.00465886 0)
(1.06174 0.00416502 0)
(1.05985 0.00368305 0)
(1.05812 0.00321885 0)
(1.05654 0.00277848 0)
(1.05513 0.00236741 0)
(1.05388 0.00199006 0)
(1.05278 0.00164951 0)
(1.05183 0.00134731 0)
(1.05101 0.00108366 0)
(1.05031 0.000857429 0)
(1.04973 0.000666411 0)
(1.04925 0.000507756 0)
(1.04885 0.00037825 0)
(1.04852 0.000274335 0)
(1.04826 0.000192302 0)
(1.04805 0.000128705 0)
(1.04788 8.03452e-05 0)
(1.04775 4.43293e-05 0)
(1.04764 1.82174e-05 0)
(1.04756 -1.16236e-07 0)
(1.0475 -1.24696e-05 0)
(1.04745 -2.03107e-05 0)
(1.04741 -2.48161e-05 0)
(1.04738 -2.69125e-05 0)
(1.04736 -2.73197e-05 0)
(1.04735 -2.65867e-05 0)
(1.04734 -2.51255e-05 0)
(1.04733 -2.3237e-05 0)
(1.04732 -2.1136e-05 0)
(1.04732 -1.89721e-05 0)
(1.04732 -1.68476e-05 0)
(1.04731 -1.48286e-05 0)
(1.04731 -1.29533e-05 0)
(1.04731 -1.12421e-05 0)
(1.04731 -9.70184e-06 0)
(1.04731 -8.33016e-06 0)
(1.04731 -7.1204e-06 0)
(1.04731 -6.06172e-06 0)
(1.04731 -5.1405e-06 0)
(1.04731 -4.34302e-06 0)
(1.04731 -3.65595e-06 0)
(1.04731 -3.06709e-06 0)
(1.04731 -2.56448e-06 0)
(1.04731 -2.13675e-06 0)
(1.04731 -1.77467e-06 0)
(1.04731 -1.46978e-06 0)
(1.04731 -1.21384e-06 0)
(1.04731 -9.99709e-07 0)
(1.04731 -8.20892e-07 0)
(1.04731 -6.71464e-07 0)
(1.04731 -5.46643e-07 0)
(1.04731 -4.42612e-07 0)
(1.04731 -3.56187e-07 0)
(1.04731 -2.849e-07 0)
(1.04731 -2.26786e-07 0)
(1.04731 -1.79872e-07 0)
(1.04731 -1.42134e-07 0)
(1.04731 -1.11763e-07 0)
(1.04731 -8.72336e-08 0)
(1.04731 -6.72821e-08 0)
(1.04731 -5.10084e-08 0)
(1.04731 -3.79278e-08 0)
(1.04731 -2.77641e-08 0)
(1.04731 -2.01656e-08 0)
(1.04731 -1.46051e-08 0)
(1.04731 -1.05036e-08 0)
(1.04731 -7.40173e-09 0)
(1.04731 -4.97999e-09 0)
(1.04731 -3.02415e-09 0)
(1.04731 -1.48603e-09 0)
(1.04731 -4.31536e-10 0)
(1.04731 7.70174e-11 0)
(1.04731 1.01596e-10 0)
(1.04731 -1.4303e-10 0)
(1.04731 -4.97012e-10 0)
(1.04731 -9.31527e-10 0)
(1.04731 -1.48245e-09 0)
(1.04731 -2.15952e-09 0)
(1.04731 -2.92408e-09 0)
(1.04731 -3.6977e-09 0)
(1.04731 -4.42168e-09 0)
(1.04731 -5.07858e-09 0)
(1.04731 -5.74626e-09 0)
(1.04731 -6.57662e-09 0)
(1.04731 -7.7051e-09 0)
(1.04731 -9.13943e-09 0)
(1.04731 -1.07193e-08 0)
(1.04731 -1.22144e-08 0)
(1.04731 -1.35241e-08 0)
(1.04731 -1.47819e-08 0)
(1.04731 -1.62812e-08 0)
(1.04731 -1.82544e-08 0)
(1.04731 -2.06405e-08 0)
(1.04731 -2.30376e-08 0)
(1.04731 -2.49371e-08 0)
(1.04731 -2.60597e-08 0)
(1.04731 -2.6567e-08 0)
(1.04731 -2.69571e-08 0)
(1.04731 -2.76739e-08 0)
(1.04731 -2.87492e-08 0)
(1.04731 -2.97295e-08 0)
(1.04731 -2.99863e-08 0)
(1.04731 -2.91999e-08 0)
(1.04731 -2.76007e-08 0)
(1.04731 -2.581e-08 0)
(1.04731 -2.4371e-08 0)
(1.04731 -2.33414e-08 0)
(1.04731 -2.23344e-08 0)
(1.04731 -2.08958e-08 0)
(1.04731 -1.88753e-08 0)
(1.04731 -1.65288e-08 0)
(1.04731 -1.42207e-08 0)
(1.04731 -1.20954e-08 0)
(1.04731 -1.00051e-08 0)
(1.04731 -7.74711e-09 0)
(1.04731 -5.27144e-09 0)
(1.04731 -2.65684e-09 0)
(1.04731 2.4669e-11 0)
(1.04731 2.91829e-09 0)
(1.04731 6.36383e-09 0)
(1.04731 1.03123e-08 0)
(1.04731 1.42138e-08 0)
(1.04731 1.75563e-08 0)
(1.04731 2.04387e-08 0)
(1.04731 2.35717e-08 0)
(1.04731 2.76022e-08 0)
(1.04731 3.24086e-08 0)
(1.04731 3.7084e-08 0)
(1.04731 4.07431e-08 0)
(1.04731 4.33079e-08 0)
(1.04731 4.54134e-08 0)
(1.04731 4.76266e-08 0)
(1.04731 4.98688e-08 0)
(1.04731 5.16783e-08 0)
(1.04731 5.29209e-08 0)
(1.04731 5.39771e-08 0)
(1.04731 5.51689e-08 0)
(1.04731 5.62559e-08 0)
(1.04731 5.67825e-08 0)
(1.04731 5.68582e-08 0)
(1.04731 5.72096e-08 0)
(1.04731 5.82823e-08 0)
(1.04731 5.95974e-08 0)
(1.04731 6.03947e-08 0)
(1.04731 6.07714e-08 0)
(1.04731 6.16479e-08 0)
(1.04731 6.34437e-08 0)
(1.04731 6.53936e-08 0)
(1.04731 6.65931e-08 0)
(1.04731 6.73425e-08 0)
(1.04731 6.87271e-08 0)
(1.04731 7.10455e-08 0)
(1.04731 7.34858e-08 0)
(1.04731 7.55431e-08 0)
(1.04731 7.77739e-08 0)
(1.04731 8.0472e-08 0)
(1.04731 8.27939e-08 0)
(1.04731 8.41527e-08 0)
(1.04731 8.55856e-08 0)
(1.04731 8.83608e-08 0)
(1.04731 9.22725e-08 0)
(1.04731 9.64569e-08 0)
(1.04731 1.00956e-07 0)
(1.04731 1.06329e-07 0)
(1.04731 1.12556e-07 0)
(1.04731 1.19879e-07 0)
(1.04731 1.29114e-07 0)
(1.04731 1.40377e-07 0)
(1.04731 1.531e-07 0)
(1.04731 1.67828e-07 0)
(1.04731 1.8483e-07 0)
(1.04731 2.03325e-07 0)
(1.04731 2.23746e-07 0)
(1.04731 2.47613e-07 0)
(1.04731 2.73952e-07 0)
(1.04731 3.04604e-07 0)
(1.04731 3.39822e-07 0)
(1.04731 3.78899e-07 0)
(1.04731 4.2249e-07 0)
(1.04731 4.75184e-07 0)
(1.04731 5.2873e-07 0)
(1.04731 5.91296e-07 0)
(1.04731 6.62279e-07 0)
(1.04731 7.43488e-07 0)
(1.04731 8.24973e-07 0)
(1.04731 9.24555e-07 0)
(1.04731 1.0242e-06 0)
(1.04731 1.14563e-06 0)
(1.04731 1.26167e-06 0)
(1.04731 1.40272e-06 0)
(1.04731 1.53923e-06 0)
(1.04731 1.69014e-06 0)
(1.04731 1.8548e-06 0)
(1.04731 1.98126e-06 0)
(1.04731 2.17571e-06 0)
(1.04731 2.47473e-06 0)
(1.04731 3.91594e-06 0)
(1.00016 0.00739653 0)
(1.00358 0.0216493 0)
(1.0099 0.0344223 0)
(1.01879 0.0448347 0)
(1.02921 0.0526344 0)
(1.04007 0.0581284 0)
(1.05074 0.0617585 0)
(1.06095 0.0638777 0)
(1.07056 0.0647714 0)
(1.07949 0.0647168 0)
(1.08765 0.0639796 0)
(1.09504 0.062782 0)
(1.10169 0.0612876 0)
(1.10768 0.0596084 0)
(1.11305 0.0578197 0)
(1.11787 0.0559721 0)
(1.12217 0.0540984 0)
(1.126 0.0522192 0)
(1.12938 0.0503465 0)
(1.13236 0.0484868 0)
(1.13495 0.0466433 0)
(1.13717 0.0448171 0)
(1.13906 0.0430079 0)
(1.14062 0.0412146 0)
(1.14188 0.0394357 0)
(1.14285 0.0376699 0)
(1.14356 0.0359158 0)
(1.14401 0.034173 0)
(1.14423 0.0324416 0)
(1.14422 0.0307233 0)
(1.14401 0.0290207 0)
(1.14359 0.0273384 0)
(1.143 0.0256826 0)
(1.14224 0.0240616 0)
(1.14132 0.0224852 0)
(1.14026 0.0209649 0)
(1.13908 0.0195131 0)
(1.13777 0.0181424 0)
(1.13636 0.0168644 0)
(1.13486 0.0156882 0)
(1.13327 0.0146196 0)
(1.13159 0.0136597 0)
(1.12984 0.0128044 0)
(1.12801 0.0120442 0)
(1.12612 0.0113651 0)
(1.12415 0.0107497 0)
(1.12212 0.0101788 0)
(1.12004 0.00963332 0)
(1.11792 0.00909614 0)
(1.11578 0.00855371 0)
(1.11364 0.00799694 0)
(1.11152 0.00742164 0)
(1.10944 0.00682841 0)
(1.10744 0.00622191 0)
(1.10552 0.00560989 0)
(1.10372 0.00500201 0)
(1.10204 0.00440862 0)
(1.10049 0.00383968 0)
(1.09909 0.00330398 0)
(1.09783 0.00280852 0)
(1.09672 0.00235818 0)
(1.09574 0.00195573 0)
(1.09489 0.00160189 0)
(1.09417 0.00129566 0)
(1.09355 0.00103463 0)
(1.09303 0.000815428 0)
(1.09259 0.000633916 0)
(1.09223 0.000485653 0)
(1.09194 0.000366191 0)
(1.0917 0.000271248 0)
(1.0915 0.000196839 0)
(1.09135 0.000139298 0)
(1.09122 9.54301e-05 0)
(1.09112 6.24993e-05 0)
(1.09104 3.81959e-05 0)
(1.09098 2.0605e-05 0)
(1.09093 8.16806e-06 0)
(1.09089 -3.65889e-07 0)
(1.09086 -5.98689e-06 0)
(1.09084 -9.4679e-06 0)
(1.09082 -1.14059e-05 0)
(1.0908 -1.22554e-05 0)
(1.09079 -1.23566e-05 0)
(1.09078 -1.19621e-05 0)
(1.09078 -1.12574e-05 0)
(1.09077 -1.03764e-05 0)
(1.09077 -9.41212e-06 0)
(1.09077 -8.42943e-06 0)
(1.09076 -7.4704e-06 0)
(1.09076 -6.56205e-06 0)
(1.09076 -5.72146e-06 0)
(1.09076 -4.95592e-06 0)
(1.09076 -4.26747e-06 0)
(1.09076 -3.65428e-06 0)
(1.09076 -3.11349e-06 0)
(1.09076 -2.64075e-06 0)
(1.09076 -2.22996e-06 0)
(1.09076 -1.87513e-06 0)
(1.09076 -1.57072e-06 0)
(1.09076 -1.31075e-06 0)
(1.09076 -1.08944e-06 0)
(1.09076 -9.0181e-07 0)
(1.09076 -7.43253e-07 0)
(1.09076 -6.09598e-07 0)
(1.09076 -4.97416e-07 0)
(1.09076 -4.03714e-07 0)
(1.09076 -3.25726e-07 0)
(1.09076 -2.61172e-07 0)
(1.09076 -2.08244e-07 0)
(1.09076 -1.65175e-07 0)
(1.09076 -1.30127e-07 0)
(1.09076 -1.01499e-07 0)
(1.09076 -7.81208e-08 0)
(1.09076 -5.91561e-08 0)
(1.09076 -4.39649e-08 0)
(1.09076 -3.20385e-08 0)
(1.09076 -2.29216e-08 0)
(1.09076 -1.61077e-08 0)
(1.09076 -1.10215e-08 0)
(1.09076 -7.10536e-09 0)
(1.09076 -3.9752e-09 0)
(1.09076 -1.47111e-09 0)
(1.09076 3.7278e-10 0)
(1.09076 1.49641e-09 0)
(1.09076 1.93629e-09 0)
(1.09076 1.85827e-09 0)
(1.09076 1.50029e-09 0)
(1.09076 1.04249e-09 0)
(1.09076 5.50061e-10 0)
(1.09076 -1.00886e-12 0)
(1.09076 -6.65734e-10 0)
(1.09076 -1.45959e-09 0)
(1.09076 -2.378e-09 0)
(1.09076 -3.3985e-09 0)
(1.09076 -4.43132e-09 0)
(1.09076 -5.44706e-09 0)
(1.09076 -6.49443e-09 0)
(1.09076 -7.65146e-09 0)
(1.09076 -8.94681e-09 0)
(1.09076 -1.03126e-08 0)
(1.09076 -1.16702e-08 0)
(1.09076 -1.30356e-08 0)
(1.09076 -1.45366e-08 0)
(1.09076 -1.63252e-08 0)
(1.09076 -1.84256e-08 0)
(1.09076 -2.0629e-08 0)
(1.09076 -2.25861e-08 0)
(1.09076 -2.40254e-08 0)
(1.09076 -2.49561e-08 0)
(1.09076 -2.56902e-08 0)
(1.09076 -2.66057e-08 0)
(1.09076 -2.78367e-08 0)
(1.09076 -2.91065e-08 0)
(1.09076 -2.98728e-08 0)
(1.09076 -2.97286e-08 0)
(1.09076 -2.87148e-08 0)
(1.09076 -2.73274e-08 0)
(1.09076 -2.61582e-08 0)
(1.09076 -2.54261e-08 0)
(1.09076 -2.48454e-08 0)
(1.09076 -2.38806e-08 0)
(1.09076 -2.21825e-08 0)
(1.09076 -1.98806e-08 0)
(1.09076 -1.74373e-08 0)
(1.09076 -1.52464e-08 0)
(1.09076 -1.33377e-08 0)
(1.09076 -1.14326e-08 0)
(1.09076 -9.23275e-09 0)
(1.09076 -6.63359e-09 0)
(1.09076 -3.67878e-09 0)
(1.09076 -4.98033e-10 0)
(1.09076 2.93868e-09 0)
(1.09076 6.75941e-09 0)
(1.09076 1.06294e-08 0)
(1.09076 1.40739e-08 0)
(1.09076 1.70455e-08 0)
(1.09076 2.01259e-08 0)
(1.09076 2.40511e-08 0)
(1.09076 2.89766e-08 0)
(1.09076 3.41594e-08 0)
(1.09076 3.85299e-08 0)
(1.09076 4.16644e-08 0)
(1.09076 4.40796e-08 0)
(1.09076 4.66097e-08 0)
(1.09076 4.95231e-08 0)
(1.09076 5.23386e-08 0)
(1.09076 5.45259e-08 0)
(1.09076 5.61458e-08 0)
(1.09076 5.76413e-08 0)
(1.09076 5.91378e-08 0)
(1.09076 6.02945e-08 0)
(1.09076 6.09393e-08 0)
(1.09076 6.15548e-08 0)
(1.09076 6.27806e-08 0)
(1.09076 6.45308e-08 0)
(1.09076 6.59985e-08 0)
(1.09076 6.6753e-08 0)
(1.09076 6.74188e-08 0)
(1.09076 6.88407e-08 0)
(1.09076 7.0814e-08 0)
(1.09076 7.23535e-08 0)
(1.09076 7.32183e-08 0)
(1.09076 7.43978e-08 0)
(1.09076 7.66976e-08 0)
(1.09076 7.95737e-08 0)
(1.09076 8.2036e-08 0)
(1.09076 8.41308e-08 0)
(1.09076 8.66111e-08 0)
(1.09076 8.93626e-08 0)
(1.09076 9.15906e-08 0)
(1.09076 9.36143e-08 0)
(1.09076 9.68827e-08 0)
(1.09076 1.01569e-07 0)
(1.09076 1.06208e-07 0)
(1.09076 1.10403e-07 0)
(1.09076 1.1548e-07 0)
(1.09076 1.21885e-07 0)
(1.09076 1.28743e-07 0)
(1.09076 1.37048e-07 0)
(1.09076 1.49011e-07 0)
(1.09076 1.63503e-07 0)
(1.09076 1.77359e-07 0)
(1.09076 1.91847e-07 0)
(1.09076 2.09977e-07 0)
(1.09076 2.30682e-07 0)
(1.09076 2.53105e-07 0)
(1.09076 2.8058e-07 0)
(1.09076 3.11041e-07 0)
(1.09076 3.44349e-07 0)
(1.09076 3.83667e-07 0)
(1.09076 4.28498e-07 0)
(1.09076 4.73036e-07 0)
(1.09076 5.29063e-07 0)
(1.09076 5.90192e-07 0)
(1.09076 6.59439e-07 0)
(1.09076 7.33619e-07 0)
(1.09076 8.24855e-07 0)
(1.09076 9.11127e-07 0)
(1.09076 1.0239e-06 0)
(1.09076 1.12976e-06 0)
(1.09076 1.27249e-06 0)
(1.09076 1.39558e-06 0)
(1.09076 1.56834e-06 0)
(1.09076 1.71638e-06 0)
(1.09076 1.92126e-06 0)
(1.09076 2.12193e-06 0)
(1.09076 2.32214e-06 0)
(1.09076 2.58114e-06 0)
(1.09076 3.24075e-06 0)
(1.09075 5.41794e-06 0)
(1.00012 0.00585366 0)
(1.00262 0.0172103 0)
(1.00727 0.0276221 0)
(1.01391 0.0364894 0)
(1.02196 0.0435045 0)
(1.03067 0.0487313 0)
(1.03948 0.0524211 0)
(1.0481 0.054833 0)
(1.05639 0.0561877 0)
(1.06427 0.0566904 0)
(1.07166 0.0565408 0)
(1.07854 0.0559176 0)
(1.08492 0.0549637 0)
(1.09084 0.0537849 0)
(1.09632 0.0524568 0)
(1.10142 0.0510332 0)
(1.10616 0.0495516 0)
(1.11057 0.0480379 0)
(1.11468 0.0465087 0)
(1.11849 0.0449744 0)
(1.12203 0.0434412 0)
(1.12531 0.0419122 0)
(1.12834 0.0403888 0)
(1.13112 0.0388711 0)
(1.13367 0.0373584 0)
(1.13598 0.0358501 0)
(1.13807 0.0343454 0)
(1.13994 0.0328441 0)
(1.14159 0.0313467 0)
(1.14303 0.0298546 0)
(1.14426 0.0283706 0)
(1.14529 0.0268988 0)
(1.14611 0.0254448 0)
(1.14675 0.0240163 0)
(1.1472 0.0226224 0)
(1.14748 0.021274 0)
(1.14758 0.0199835 0)
(1.14752 0.0187636 0)
(1.14731 0.0176267 0)
(1.14696 0.0165833 0)
(1.14647 0.0156407 0)
(1.14585 0.0148016 0)
(1.14509 0.0140633 0)
(1.14421 0.0134168 0)
(1.14321 0.0128477 0)
(1.14208 0.0123372 0)
(1.14084 0.0118634 0)
(1.13949 0.0114038 0)
(1.13804 0.0109376 0)
(1.13651 0.0104473 0)
(1.13491 0.00992048 0)
(1.13327 0.00935063 0)
(1.13161 0.00873723 0)
(1.12995 0.00808522 0)
(1.12832 0.00740399 0)
(1.12675 0.00670602 0)
(1.12524 0.00600538 0)
(1.12383 0.00531635 0)
(1.12251 0.0046522 0)
(1.12131 0.00402432 0)
(1.12022 0.00344162 0)
(1.11925 0.00291031 0)
(1.11838 0.0024339 0)
(1.11763 0.00201345 0)
(1.11698 0.00164792 0)
(1.11642 0.00133464 0)
(1.11594 0.00106974 0)
(1.11554 0.000848616 0)
(1.11521 0.000666271 0)
(1.11493 0.000517662 0)
(1.1147 0.000397893 0)
(1.11451 0.000302388 0)
(1.11435 0.000227025 0)
(1.11423 0.000168169 0)
(1.11413 0.000122673 0)
(1.11405 8.78694e-05 0)
(1.11398 6.153e-05 0)
(1.11393 4.1822e-05 0)
(1.11389 2.72599e-05 0)
(1.11386 1.66544e-05 0)
(1.11383 9.05969e-06 0)
(1.11381 3.73436e-06 0)
(1.11379 1.00778e-07 0)
(1.11378 -2.28508e-06 0)
(1.11377 -3.76161e-06 0)
(1.11376 -4.58682e-06 0)
(1.11376 -4.95517e-06 0)
(1.11375 -5.01041e-06 0)
(1.11375 -4.85816e-06 0)
(1.11375 -4.57455e-06 0)
(1.11374 -4.21514e-06 0)
(1.11374 -3.82012e-06 0)
(1.11374 -3.41681e-06 0)
(1.11374 -3.02176e-06 0)
(1.11374 -2.64646e-06 0)
(1.11374 -2.29865e-06 0)
(1.11374 -1.98201e-06 0)
(1.11374 -1.69735e-06 0)
(1.11374 -1.4445e-06 0)
(1.11374 -1.22253e-06 0)
(1.11374 -1.02912e-06 0)
(1.11374 -8.61344e-07 0)
(1.11374 -7.16593e-07 0)
(1.11374 -5.92537e-07 0)
(1.11374 -4.86958e-07 0)
(1.11374 -3.97746e-07 0)
(1.11374 -3.22838e-07 0)
(1.11374 -2.60298e-07 0)
(1.11374 -2.08347e-07 0)
(1.11374 -1.65271e-07 0)
(1.11374 -1.29567e-07 0)
(1.11374 -1.00154e-07 0)
(1.11374 -7.62155e-08 0)
(1.11374 -5.69303e-08 0)
(1.11374 -4.14987e-08 0)
(1.11374 -2.93251e-08 0)
(1.11374 -1.99398e-08 0)
(1.11374 -1.2765e-08 0)
(1.11374 -7.24702e-09 0)
(1.11374 -2.94489e-09 0)
(1.11374 3.71196e-10 0)
(1.11374 2.77973e-09 0)
(1.11374 4.33889e-09 0)
(1.11374 5.11273e-09 0)
(1.11374 5.2293e-09 0)
(1.11374 4.90189e-09 0)
(1.11374 4.34728e-09 0)
(1.11374 3.73989e-09 0)
(1.11374 3.14957e-09 0)
(1.11374 2.51781e-09 0)
(1.11374 1.72362e-09 0)
(1.11374 6.95505e-10 0)
(1.11374 -5.41858e-10 0)
(1.11374 -1.85911e-09 0)
(1.11374 -3.16243e-09 0)
(1.11374 -4.36986e-09 0)
(1.11374 -5.51391e-09 0)
(1.11374 -6.6903e-09 0)
(1.11374 -7.93997e-09 0)
(1.11374 -9.24639e-09 0)
(1.11374 -1.0606e-08 0)
(1.11374 -1.206e-08 0)
(1.11374 -1.36888e-08 0)
(1.11374 -1.55359e-08 0)
(1.11374 -1.75082e-08 0)
(1.11374 -1.93804e-08 0)
(1.11374 -2.09215e-08 0)
(1.11374 -2.20607e-08 0)
(1.11374 -2.2972e-08 0)
(1.11374 -2.39579e-08 0)
(1.11374 -2.52104e-08 0)
(1.11374 -2.66048e-08 0)
(1.11374 -2.77102e-08 0)
(1.11374 -2.80843e-08 0)
(1.11374 -2.76092e-08 0)
(1.11374 -2.66299e-08 0)
(1.11374 -2.57318e-08 0)
(1.11374 -2.52738e-08 0)
(1.11374 -2.51127e-08 0)
(1.11374 -2.47083e-08 0)
(1.11374 -2.35326e-08 0)
(1.11374 -2.15223e-08 0)
(1.11374 -1.91206e-08 0)
(1.11374 -1.69168e-08 0)
(1.11374 -1.51824e-08 0)
(1.11374 -1.3697e-08 0)
(1.11374 -1.19892e-08 0)
(1.11374 -9.71718e-09 0)
(1.11374 -6.88194e-09 0)
(1.11374 -3.69941e-09 0)
(1.11374 -3.43773e-10 0)
(1.11374 3.18655e-09 0)
(1.11374 6.79579e-09 0)
(1.11374 1.01648e-08 0)
(1.11374 1.31314e-08 0)
(1.11374 1.60749e-08 0)
(1.11374 1.96925e-08 0)
(1.11374 2.43627e-08 0)
(1.11374 2.96191e-08 0)
(1.11374 3.43801e-08 0)
(1.11374 3.7915e-08 0)
(1.11374 4.04859e-08 0)
(1.11374 4.30665e-08 0)
(1.11374 4.63343e-08 0)
(1.11374 4.99793e-08 0)
(1.11374 5.31296e-08 0)
(1.11374 5.53502e-08 0)
(1.11374 5.7019e-08 0)
(1.11374 5.86901e-08 0)
(1.11374 6.03892e-08 0)
(1.11374 6.17881e-08 0)
(1.11374 6.29344e-08 0)
(1.11374 6.4366e-08 0)
(1.11374 6.63196e-08 0)
(1.11374 6.82178e-08 0)
(1.11374 6.93607e-08 0)
(1.11374 6.99823e-08 0)
(1.11374 7.10684e-08 0)
(1.11374 7.30142e-08 0)
(1.11374 7.50388e-08 0)
(1.11374 7.63584e-08 0)
(1.11374 7.74501e-08 0)
(1.11374 7.9396e-08 0)
(1.11374 8.22284e-08 0)
(1.11374 8.49127e-08 0)
(1.11374 8.7017e-08 0)
(1.11374 8.9271e-08 0)
(1.11374 9.21918e-08 0)
(1.11374 9.52148e-08 0)
(1.11374 9.79474e-08 0)
(1.11374 1.01232e-07 0)
(1.11374 1.05895e-07 0)
(1.11374 1.11111e-07 0)
(1.11374 1.15593e-07 0)
(1.11374 1.19974e-07 0)
(1.11374 1.25959e-07 0)
(1.11374 1.3372e-07 0)
(1.11374 1.42334e-07 0)
(1.11374 1.52381e-07 0)
(1.11374 1.65299e-07 0)
(1.11374 1.80214e-07 0)
(1.11374 1.94787e-07 0)
(1.11374 2.1009e-07 0)
(1.11374 2.29275e-07 0)
(1.11374 2.52172e-07 0)
(1.11374 2.77344e-07 0)
(1.11374 3.07181e-07 0)
(1.11374 3.39624e-07 0)
(1.11374 3.73851e-07 0)
(1.11374 4.14639e-07 0)
(1.11374 4.63254e-07 0)
(1.11374 5.1051e-07 0)
(1.11374 5.68096e-07 0)
(1.11374 6.33825e-07 0)
(1.11374 7.07278e-07 0)
(1.11374 7.83517e-07 0)
(1.11374 8.78753e-07 0)
(1.11374 9.71671e-07 0)
(1.11374 1.0913e-06 0)
(1.11374 1.20424e-06 0)
(1.11374 1.3536e-06 0)
(1.11374 1.48825e-06 0)
(1.11374 1.67453e-06 0)
(1.11374 1.84731e-06 0)
(1.11374 2.08399e-06 0)
(1.11374 2.33228e-06 0)
(1.11373 2.58804e-06 0)
(1.11373 2.94151e-06 0)
(1.11373 3.779e-06 0)
(1.11373 5.97802e-06 0)
(1.00009 0.00471775 0)
(1.00199 0.0139163 0)
(1.00553 0.0224808 0)
(1.01065 0.0299989 0)
(1.01699 0.0361979 0)
(1.02405 0.0410319 0)
(1.03138 0.0446194 0)
(1.03871 0.047132 0)
(1.04589 0.0487347 0)
(1.05282 0.0495821 0)
(1.05943 0.0498245 0)
(1.0657 0.0496027 0)
(1.0716 0.0490372 0)
(1.07716 0.0482235 0)
(1.0824 0.047234 0)
(1.08733 0.0461225 0)
(1.092 0.0449287 0)
(1.09641 0.0436815 0)
(1.10059 0.0424012 0)
(1.10456 0.0411016 0)
(1.10831 0.0397918 0)
(1.11187 0.0384777 0)
(1.11524 0.0371627 0)
(1.11843 0.0358487 0)
(1.12144 0.0345364 0)
(1.12427 0.0332262 0)
(1.12692 0.0319181 0)
(1.12939 0.0306125 0)
(1.13169 0.02931 0)
(1.13382 0.0280123 0)
(1.13576 0.0267217 0)
(1.13753 0.0254418 0)
(1.13912 0.0241775 0)
(1.14054 0.0229354 0)
(1.14179 0.0217236 0)
(1.14286 0.0205521 0)
(1.14378 0.0194324 0)
(1.14453 0.0183768 0)
(1.14513 0.0173978 0)
(1.14558 0.0165065 0)
(1.14589 0.0157112 0)
(1.14606 0.0150156 0)
(1.14609 0.014418 0)
(1.14599 0.0139102 0)
(1.14575 0.013478 0)
(1.14539 0.0131014 0)
(1.14489 0.012757 0)
(1.14427 0.0124195 0)
(1.14352 0.0120648 0)
(1.14267 0.0116719 0)
(1.14173 0.0112249 0)
(1.1407 0.0107143 0)
(1.13961 0.0101375 0)
(1.13848 0.00949854 0)
(1.13733 0.0088069 0)
(1.13618 0.00807643 0)
(1.13504 0.00732355 0)
(1.13395 0.00656564 0)
(1.1329 0.00581959 0)
(1.13192 0.00510055 0)
(1.13102 0.00442117 0)
(1.13019 0.00379107 0)
(1.12944 0.00321679 0)
(1.12878 0.00270184 0)
(1.12819 0.00224708 0)
(1.12767 0.00185119 0)
(1.12723 0.00151113 0)
(1.12685 0.00122267 0)
(1.12653 0.000980847 0)
(1.12625 0.000780339 0)
(1.12602 0.000615801 0)
(1.12583 0.000482088 0)
(1.12567 0.000374418 0)
(1.12554 0.000288469 0)
(1.12544 0.000220423 0)
(1.12535 0.000166976 0)
(1.12528 0.000125318 0)
(1.12522 9.30913e-05 0)
(1.12517 6.83471e-05 0)
(1.12514 4.94941e-05 0)
(1.12511 3.52447e-05 0)
(1.12508 2.45676e-05 0)
(1.12506 1.66434e-05 0)
(1.12505 1.08259e-05 0)
(1.12503 6.61019e-06 0)
(1.12503 3.60437e-06 0)
(1.12502 1.50395e-06 0)
(1.12501 7.53757e-08 0)
(1.12501 -8.60104e-07 0)
(1.125 -1.43814e-06 0)
(1.125 -1.75842e-06 0)
(1.125 -1.89766e-06 0)
(1.125 -1.91428e-06 0)
(1.12499 -1.84996e-06 0)
(1.12499 -1.73417e-06 0)
(1.12499 -1.5891e-06 0)
(1.12499 -1.43101e-06 0)
(1.12499 -1.27045e-06 0)
(1.12499 -1.11385e-06 0)
(1.12499 -9.65888e-07 0)
(1.12499 -8.29692e-07 0)
(1.12499 -7.06399e-07 0)
(1.12499 -5.96107e-07 0)
(1.12499 -4.98572e-07 0)
(1.12499 -4.13298e-07 0)
(1.12499 -3.39615e-07 0)
(1.12499 -2.76653e-07 0)
(1.12499 -2.23314e-07 0)
(1.12499 -1.78355e-07 0)
(1.12499 -1.40563e-07 0)
(1.12499 -1.08907e-07 0)
(1.12499 -8.2586e-08 0)
(1.12499 -6.0956e-08 0)
(1.12499 -4.34731e-08 0)
(1.12499 -2.96465e-08 0)
(1.12499 -1.89655e-08 0)
(1.12499 -1.08169e-08 0)
(1.12499 -4.54915e-09 0)
(1.12499 3.99147e-10 0)
(1.12499 4.28489e-09 0)
(1.12499 7.17921e-09 0)
(1.12499 9.11371e-09 0)
(1.12499 1.01389e-08 0)
(1.12499 1.03519e-08 0)
(1.12499 9.93633e-09 0)
(1.12499 9.15989e-09 0)
(1.12499 8.29117e-09 0)
(1.12499 7.48364e-09 0)
(1.12499 6.71391e-09 0)
(1.12499 5.84324e-09 0)
(1.12499 4.73967e-09 0)
(1.12499 3.3551e-09 0)
(1.12499 1.78541e-09 0)
(1.12499 2.21702e-10 0)
(1.12499 -1.23351e-09 0)
(1.12499 -2.55309e-09 0)
(1.12499 -3.77483e-09 0)
(1.12499 -5.01503e-09 0)
(1.12499 -6.33465e-09 0)
(1.12499 -7.73907e-09 0)
(1.12499 -9.21462e-09 0)
(1.12499 -1.07683e-08 0)
(1.12499 -1.24267e-08 0)
(1.12499 -1.41693e-08 0)
(1.12499 -1.58884e-08 0)
(1.12499 -1.7428e-08 0)
(1.12499 -1.86842e-08 0)
(1.12499 -1.97145e-08 0)
(1.12499 -2.07217e-08 0)
(1.12499 -2.19057e-08 0)
(1.12499 -2.32687e-08 0)
(1.12499 -2.4525e-08 0)
(1.12499 -2.52642e-08 0)
(1.12499 -2.52487e-08 0)
(1.12499 -2.46464e-08 0)
(1.12499 -2.3969e-08 0)
(1.12499 -2.36766e-08 0)
(1.12499 -2.38101e-08 0)
(1.12499 -2.39212e-08 0)
(1.12499 -2.33641e-08 0)
(1.12499 -2.18352e-08 0)
(1.12499 -1.96322e-08 0)
(1.12499 -1.74336e-08 0)
(1.12499 -1.57757e-08 0)
(1.12499 -1.46275e-08 0)
(1.12499 -1.34685e-08 0)
(1.12499 -1.17074e-08 0)
(1.12499 -9.17293e-09 0)
(1.12499 -6.13346e-09 0)
(1.12499 -2.96091e-09 0)
(1.12499 1.70721e-10 0)
(1.12499 3.33775e-09 0)
(1.12499 6.44646e-09 0)
(1.12499 9.34527e-09 0)
(1.12499 1.22009e-08 0)
(1.12499 1.55083e-08 0)
(1.12499 1.97061e-08 0)
(1.12499 2.46344e-08 0)
(1.12499 2.94171e-08 0)
(1.12499 3.31795e-08 0)
(1.12499 3.58584e-08 0)
(1.12499 3.83556e-08 0)
(1.12499 4.16697e-08 0)
(1.12499 4.58398e-08 0)
(1.12499 4.98812e-08 0)
(1.12499 5.28121e-08 0)
(1.12499 5.46486e-08 0)
(1.12499 5.62218e-08 0)
(1.12499 5.81649e-08 0)
(1.12499 6.03279e-08 0)
(1.12499 6.22957e-08 0)
(1.12499 6.41305e-08 0)
(1.12499 6.61615e-08 0)
(1.12499 6.82209e-08 0)
(1.12499 6.96479e-08 0)
(1.12499 7.03126e-08 0)
(1.12499 7.11134e-08 0)
(1.12499 7.29305e-08 0)
(1.12499 7.54126e-08 0)
(1.12499 7.74263e-08 0)
(1.12499 7.86945e-08 0)
(1.12499 8.01925e-08 0)
(1.12499 8.26271e-08 0)
(1.12499 8.53545e-08 0)
(1.12499 8.75311e-08 0)
(1.12499 8.96077e-08 0)
(1.12499 9.25462e-08 0)
(1.12499 9.6168e-08 0)
(1.12499 9.96135e-08 0)
(1.12499 1.03027e-07 0)
(1.12499 1.07222e-07 0)
(1.12499 1.12046e-07 0)
(1.12499 1.16666e-07 0)
(1.12499 1.21326e-07 0)
(1.12499 1.27197e-07 0)
(1.12499 1.34666e-07 0)
(1.12499 1.43456e-07 0)
(1.12499 1.53724e-07 0)
(1.12499 1.65265e-07 0)
(1.12499 1.77392e-07 0)
(1.12499 1.90746e-07 0)
(1.12499 2.06424e-07 0)
(1.12499 2.24244e-07 0)
(1.12499 2.44953e-07 0)
(1.12499 2.69773e-07 0)
(1.12499 2.96833e-07 0)
(1.12499 3.26076e-07 0)
(1.12499 3.58882e-07 0)
(1.12499 3.94868e-07 0)
(1.12499 4.35668e-07 0)
(1.12499 4.85883e-07 0)
(1.12499 5.38099e-07 0)
(1.12499 5.95948e-07 0)
(1.12499 6.62839e-07 0)
(1.12499 7.38752e-07 0)
(1.12499 8.169e-07 0)
(1.12499 9.11868e-07 0)
(1.12499 1.01031e-06 0)
(1.12499 1.13043e-06 0)
(1.12499 1.25075e-06 0)
(1.12499 1.39868e-06 0)
(1.12499 1.54831e-06 0)
(1.12499 1.73717e-06 0)
(1.12499 1.93525e-06 0)
(1.12499 2.18272e-06 0)
(1.12499 2.46767e-06 0)
(1.12499 2.75483e-06 0)
(1.12499 3.17718e-06 0)
(1.12499 4.00594e-06 0)
(1.12499 5.81732e-06 0)
(1.00007 0.0038526 0)
(1.00156 0.0113926 0)
(1.00433 0.0184906 0)
(1.00839 0.0248542 0)
(1.01349 0.0302637 0)
(1.01928 0.0346362 0)
(1.02544 0.0380123 0)
(1.03173 0.0404954 0)
(1.03798 0.042203 0)
(1.04412 0.0432509 0)
(1.05006 0.0437524 0)
(1.05577 0.0438167 0)
(1.06122 0.0435422 0)
(1.0664 0.0430114 0)
(1.07133 0.04229 0)
(1.07603 0.0414291 0)
(1.08049 0.040468 0)
(1.08476 0.0394366 0)
(1.08882 0.038357 0)
(1.09271 0.0372456 0)
(1.09642 0.0361139 0)
(1.09998 0.0349698 0)
(1.10337 0.033819 0)
(1.10662 0.0326651 0)
(1.10972 0.0315104 0)
(1.11267 0.0303564 0)
(1.11548 0.0292043 0)
(1.11814 0.0280552 0)
(1.12066 0.0269102 0)
(1.12303 0.0257712 0)
(1.12526 0.0246405 0)
(1.12734 0.0235214 0)
(1.12926 0.0224181 0)
(1.13104 0.0213363 0)
(1.13268 0.0202834 0)
(1.13416 0.0192683 0)
(1.1355 0.0183017 0)
(1.13671 0.0173953 0)
(1.13777 0.0165613 0)
(1.1387 0.0158107 0)
(1.13951 0.0151523 0)
(1.14019 0.0145905 0)
(1.14075 0.0141244 0)
(1.14119 0.0137466 0)
(1.14151 0.0134431 0)
(1.14171 0.013194 0)
(1.1418 0.0129749 0)
(1.14178 0.0127593 0)
(1.14165 0.0125209 0)
(1.14141 0.0122361 0)
(1.14107 0.0118864 0)
(1.14065 0.0114596 0)
(1.14014 0.0109508 0)
(1.13957 0.0103622 0)
(1.13894 0.00970249 0)
(1.13828 0.00898555 0)
(1.1376 0.00822859 0)
(1.13691 0.00745057 0)
(1.13623 0.00667051 0)
(1.13557 0.00590612 0)
(1.13494 0.00517278 0)
(1.13435 0.00448287 0)
(1.1338 0.00384546 0)
(1.1333 0.00326637 0)
(1.13285 0.00274841 0)
(1.13245 0.00229179 0)
(1.13209 0.00189464 0)
(1.13178 0.0015535 0)
(1.13151 0.00126386 0)
(1.13127 0.0010206 0)
(1.13108 0.00081833 0)
(1.13091 0.000651712 0)
(1.13077 0.000515647 0)
(1.13065 0.000405425 0)
(1.13055 0.000316808 0)
(1.13047 0.000246059 0)
(1.1304 0.000189947 0)
(1.13035 0.000145722 0)
(1.1303 0.000111073 0)
(1.13027 8.40803e-05 0)
(1.13024 6.31722e-05 0)
(1.13021 4.70679e-05 0)
(1.13019 3.47355e-05 0)
(1.13018 2.53486e-05 0)
(1.13017 1.82488e-05 0)
(1.13016 1.29172e-05 0)
(1.13015 8.94602e-06 0)
(1.13014 6.0156e-06 0)
(1.13014 3.87748e-06 0)
(1.13013 2.33726e-06 0)
(1.13013 1.24623e-06 0)
(1.13013 4.91284e-07 0)
(1.13012 -1.51286e-08 0)
(1.13012 -3.41404e-07 0)
(1.13012 -5.37023e-07 0)
(1.13012 -6.388e-07 0)
(1.13012 -6.76441e-07 0)
(1.13012 -6.71501e-07 0)
(1.13012 -6.38465e-07 0)
(1.13012 -5.88109e-07 0)
(1.13012 -5.28935e-07 0)
(1.13012 -4.66594e-07 0)
(1.13012 -4.04504e-07 0)
(1.13012 -3.45186e-07 0)
(1.13012 -2.90366e-07 0)
(1.13012 -2.40768e-07 0)
(1.13011 -1.96537e-07 0)
(1.13011 -1.57711e-07 0)
(1.13011 -1.24191e-07 0)
(1.13011 -9.55908e-08 0)
(1.13011 -7.14155e-08 0)
(1.13011 -5.11356e-08 0)
(1.13011 -3.43985e-08 0)
(1.13011 -2.08719e-08 0)
(1.13011 -1.02496e-08 0)
(1.13011 -2.17015e-09 0)
(1.13011 3.89182e-09 0)
(1.13011 8.43786e-09 0)
(1.13011 1.18917e-08 0)
(1.13011 1.44593e-08 0)
(1.13011 1.62158e-08 0)
(1.13011 1.71719e-08 0)
(1.13011 1.73299e-08 0)
(1.13011 1.67673e-08 0)
(1.13011 1.56995e-08 0)
(1.13011 1.44347e-08 0)
(1.13011 1.32252e-08 0)
(1.13011 1.21287e-08 0)
(1.13011 1.10238e-08 0)
(1.13011 9.73565e-09 0)
(1.13011 8.16295e-09 0)
(1.13011 6.356e-09 0)
(1.13011 4.48337e-09 0)
(1.13011 2.71761e-09 0)
(1.13011 1.18761e-09 0)
(1.13011 -1.74003e-10 0)
(1.13011 -1.4938e-09 0)
(1.13011 -2.86787e-09 0)
(1.13011 -4.39199e-09 0)
(1.13011 -6.01897e-09 0)
(1.13011 -7.65715e-09 0)
(1.13011 -9.27206e-09 0)
(1.13011 -1.08591e-08 0)
(1.13011 -1.24052e-08 0)
(1.13011 -1.38669e-08 0)
(1.13011 -1.51768e-08 0)
(1.13011 -1.63208e-08 0)
(1.13011 -1.73854e-08 0)
(1.13011 -1.85129e-08 0)
(1.13011 -1.97734e-08 0)
(1.13011 -2.10288e-08 0)
(1.13011 -2.19701e-08 0)
(1.13011 -2.23177e-08 0)
(1.13011 -2.20711e-08 0)
(1.13011 -2.15974e-08 0)
(1.13011 -2.13778e-08 0)
(1.13011 -2.16305e-08 0)
(1.13011 -2.20926e-08 0)
(1.13011 -2.21217e-08 0)
(1.13011 -2.11978e-08 0)
(1.13011 -1.93726e-08 0)
(1.13011 -1.7251e-08 0)
(1.13011 -1.55722e-08 0)
(1.13011 -1.45884e-08 0)
(1.13011 -1.38925e-08 0)
(1.13011 -1.27282e-08 0)
(1.13011 -1.06417e-08 0)
(1.13011 -7.82321e-09 0)
(1.13011 -4.78139e-09 0)
(1.13011 -1.97752e-09 0)
(1.13011 5.82875e-10 0)
(1.13011 3.23081e-09 0)
(1.13011 5.9244e-09 0)
(1.13011 8.71839e-09 0)
(1.13011 1.18526e-08 0)
(1.13011 1.56104e-08 0)
(1.13011 1.99922e-08 0)
(1.13011 2.44457e-08 0)
(1.13011 2.8194e-08 0)
(1.13011 3.09348e-08 0)
(1.13011 3.33269e-08 0)
(1.13011 3.64816e-08 0)
(1.13011 4.08188e-08 0)
(1.13011 4.55199e-08 0)
(1.13011 4.92276e-08 0)
(1.13011 5.14158e-08 0)
(1.13011 5.28487e-08 0)
(1.13011 5.46998e-08 0)
(1.13011 5.73363e-08 0)
(1.13011 6.01965e-08 0)
(1.13011 6.27026e-08 0)
(1.13011 6.48612e-08 0)
(1.13011 6.68509e-08 0)
(1.13011 6.84278e-08 0)
(1.13011 6.93259e-08 0)
(1.13011 7.00636e-08 0)
(1.13011 7.16527e-08 0)
(1.13011 7.42903e-08 0)
(1.13011 7.69197e-08 0)
(1.13011 7.85979e-08 0)
(1.13011 7.98026e-08 0)
(1.13011 8.16738e-08 0)
(1.13011 8.43038e-08 0)
(1.13011 8.67729e-08 0)
(1.13011 8.88516e-08 0)
(1.13011 9.1504e-08 0)
(1.13011 9.52281e-08 0)
(1.13011 9.91592e-08 0)
(1.13011 1.0267e-07 0)
(1.13011 1.06503e-07 0)
(1.13011 1.1115e-07 0)
(1.13011 1.15796e-07 0)
(1.13011 1.20284e-07 0)
(1.13011 1.26132e-07 0)
(1.13011 1.33969e-07 0)
(1.13011 1.42324e-07 0)
(1.13011 1.50786e-07 0)
(1.13011 1.61158e-07 0)
(1.13011 1.73395e-07 0)
(1.13011 1.85469e-07 0)
(1.13011 1.98759e-07 0)
(1.13011 2.16344e-07 0)
(1.13011 2.36476e-07 0)
(1.13011 2.57652e-07 0)
(1.13011 2.82478e-07 0)
(1.13011 3.09358e-07 0)
(1.13011 3.36701e-07 0)
(1.13011 3.70471e-07 0)
(1.13011 4.10349e-07 0)
(1.13011 4.51493e-07 0)
(1.13011 5.00767e-07 0)
(1.13011 5.5615e-07 0)
(1.13011 6.13015e-07 0)
(1.13011 6.78999e-07 0)
(1.13011 7.55731e-07 0)
(1.13011 8.36379e-07 0)
(1.13011 9.29781e-07 0)
(1.13011 1.0308e-06 0)
(1.13011 1.14751e-06 0)
(1.13011 1.27328e-06 0)
(1.13011 1.41798e-06 0)
(1.13011 1.58035e-06 0)
(1.13011 1.76604e-06 0)
(1.13011 1.97724e-06 0)
(1.13011 2.21742e-06 0)
(1.13011 2.51791e-06 0)
(1.13011 2.81295e-06 0)
(1.13012 3.25544e-06 0)
(1.13011 3.96042e-06 0)
(1.13012 5.28842e-06 0)
(1.00006 0.00317306 0)
(1.00125 0.00940053 0)
(1.00349 0.0153103 0)
(1.00678 0.0206896 0)
(1.01096 0.0253669 0)
(1.01579 0.0292552 0)
(1.02102 0.0323545 0)
(1.02645 0.0347211 0)
(1.03195 0.0364343 0)
(1.03743 0.0375785 0)
(1.0428 0.0382391 0)
(1.04802 0.0385001 0)
(1.05307 0.03844 0)
(1.05791 0.0381278 0)
(1.06257 0.0376211 0)
(1.06702 0.0369664 0)
(1.07129 0.0362009 0)
(1.07539 0.0353537 0)
(1.07932 0.0344474 0)
(1.08308 0.0334993 0)
(1.0867 0.0325224 0)
(1.09017 0.0315263 0)
(1.0935 0.0305179 0)
(1.0967 0.0295022 0)
(1.09977 0.028483 0)
(1.1027 0.0274627 0)
(1.10552 0.0264435 0)
(1.1082 0.0254273 0)
(1.11076 0.0244158 0)
(1.11319 0.023411 0)
(1.11549 0.0224155 0)
(1.11767 0.0214322 0)
(1.11972 0.0204651 0)
(1.12164 0.0195194 0)
(1.12343 0.0186016 0)
(1.12509 0.0177199 0)
(1.12664 0.0168843 0)
(1.12806 0.0161057 0)
(1.12937 0.0153958 0)
(1.13056 0.0147654 0)
(1.13164 0.0142231 0)
(1.13262 0.0137738 0)
(1.1335 0.013417 0)
(1.13429 0.0131459 0)
(1.13498 0.0129473 0)
(1.13558 0.0128017 0)
(1.1361 0.0126852 0)
(1.13652 0.0125709 0)
(1.13686 0.0124321 0)
(1.13711 0.0122439 0)
(1.13727 0.0119861 0)
(1.13736 0.0116449 0)
(1.13736 0.0112135 0)
(1.13729 0.0106923 0)
(1.13716 0.0100886 0)
(1.13697 0.00941523 0)
(1.13673 0.0086891 0)
(1.13645 0.00792928 0)
(1.13615 0.0071555 0)
(1.13583 0.00638664 0)
(1.13551 0.00563955 0)
(1.13519 0.0049283 0)
(1.13487 0.00426375 0)
(1.13457 0.00365343 0)
(1.13429 0.00310179 0)
(1.13403 0.00261044 0)
(1.13379 0.0021787 0)
(1.13358 0.00180409 0)
(1.13339 0.00148279 0)
(1.13322 0.00121017 0)
(1.13308 0.000981152 0)
(1.13295 0.000790512 0)
(1.13284 0.00063316 0)
(1.13275 0.000504299 0)
(1.13267 0.00039953 0)
(1.13261 0.000314915 0)
(1.13255 0.000246999 0)
(1.13251 0.000192797 0)
(1.13247 0.000149773 0)
(1.13244 0.000115792 0)
(1.13241 8.9081e-05 0)
(1.13239 6.81815e-05 0)
(1.13237 5.19025e-05 0)
(1.13236 3.92789e-05 0)
(1.13235 2.95338e-05 0)
(1.13234 2.20455e-05 0)
(1.13233 1.63202e-05 0)
(1.13232 1.1966e-05 0)
(1.13232 8.67413e-06 0)
(1.13231 6.20219e-06 0)
(1.13231 4.35833e-06 0)
(1.13231 2.99482e-06 0)
(1.13231 1.99829e-06 0)
(1.1323 1.27828e-06 0)
(1.1323 7.65414e-07 0)
(1.1323 4.08273e-07 0)
(1.1323 1.66139e-07 0)
(1.1323 7.10102e-09 0)
(1.1323 -9.19456e-08 0)
(1.1323 -1.47752e-07 0)
(1.1323 -1.73328e-07 0)
(1.1323 -1.78699e-07 0)
(1.1323 -1.71011e-07 0)
(1.1323 -1.55423e-07 0)
(1.1323 -1.35735e-07 0)
(1.1323 -1.14407e-07 0)
(1.1323 -9.29788e-08 0)
(1.1323 -7.25202e-08 0)
(1.1323 -5.36994e-08 0)
(1.1323 -3.68105e-08 0)
(1.1323 -2.20007e-08 0)
(1.1323 -9.49959e-09 0)
(1.1323 6.68089e-10 0)
(1.1323 8.72276e-09 0)
(1.1323 1.49211e-08 0)
(1.1323 1.94978e-08 0)
(1.1323 2.27543e-08 0)
(1.1323 2.50254e-08 0)
(1.1323 2.65105e-08 0)
(1.1323 2.73168e-08 0)
(1.1323 2.74713e-08 0)
(1.1323 2.69616e-08 0)
(1.1323 2.58169e-08 0)
(1.1323 2.41834e-08 0)
(1.1323 2.23257e-08 0)
(1.1323 2.05165e-08 0)
(1.1323 1.88837e-08 0)
(1.1323 1.73536e-08 0)
(1.1323 1.57377e-08 0)
(1.1323 1.38763e-08 0)
(1.1323 1.1751e-08 0)
(1.1323 9.49843e-09 0)
(1.1323 7.32892e-09 0)
(1.1323 5.42281e-09 0)
(1.1323 3.8264e-09 0)
(1.1323 2.41805e-09 0)
(1.1323 9.59157e-10 0)
(1.1323 -6.48277e-10 0)
(1.1323 -2.42665e-09 0)
(1.1323 -4.28457e-09 0)
(1.1323 -6.05211e-09 0)
(1.1323 -7.64583e-09 0)
(1.1323 -9.07884e-09 0)
(1.1323 -1.0417e-08 0)
(1.1323 -1.16984e-08 0)
(1.1323 -1.29196e-08 0)
(1.1323 -1.40864e-08 0)
(1.1323 -1.5239e-08 0)
(1.1323 -1.64281e-08 0)
(1.1323 -1.76134e-08 0)
(1.1323 -1.86188e-08 0)
(1.1323 -1.92127e-08 0)
(1.1323 -1.92915e-08 0)
(1.1323 -1.90494e-08 0)
(1.1323 -1.88883e-08 0)
(1.1323 -1.91292e-08 0)
(1.1323 -1.97267e-08 0)
(1.1323 -2.01772e-08 0)
(1.1323 -1.98609e-08 0)
(1.1323 -1.85645e-08 0)
(1.1323 -1.66754e-08 0)
(1.1323 -1.49707e-08 0)
(1.1323 -1.3986e-08 0)
(1.1323 -1.35668e-08 0)
(1.1323 -1.296e-08 0)
(1.1323 -1.14389e-08 0)
(1.1323 -8.94865e-09 0)
(1.1323 -6.02675e-09 0)
(1.1323 -3.36234e-09 0)
(1.1323 -1.26825e-09 0)
(1.1323 7.38471e-10 0)
(1.1323 3.00074e-09 0)
(1.1323 5.62627e-09 0)
(1.1323 8.67552e-09 0)
(1.1323 1.21676e-08 0)
(1.1323 1.60289e-08 0)
(1.1323 1.99522e-08 0)
(1.1323 2.34346e-08 0)
(1.1323 2.61443e-08 0)
(1.1323 2.84648e-08 0)
(1.1323 3.13815e-08 0)
(1.1323 3.55585e-08 0)
(1.1323 4.05424e-08 0)
(1.1323 4.49172e-08 0)
(1.1323 4.76488e-08 0)
(1.1323 4.91299e-08 0)
(1.1323 5.07785e-08 0)
(1.1323 5.35536e-08 0)
(1.1323 5.709e-08 0)
(1.1323 6.03378e-08 0)
(1.1323 6.27615e-08 0)
(1.1323 6.46037e-08 0)
(1.1323 6.61577e-08 0)
(1.1323 6.73969e-08 0)
(1.1323 6.84771e-08 0)
(1.1323 7.00631e-08 0)
(1.1323 7.25985e-08 0)
(1.1323 7.54299e-08 0)
(1.1323 7.74223e-08 0)
(1.1323 7.85196e-08 0)
(1.1323 7.99265e-08 0)
(1.1323 8.24036e-08 0)
(1.1323 8.5277e-08 0)
(1.1323 8.76997e-08 0)
(1.1323 9.00826e-08 0)
(1.1323 9.33285e-08 0)
(1.1323 9.72284e-08 0)
(1.1323 1.00859e-07 0)
(1.1323 1.04307e-07 0)
(1.1323 1.08535e-07 0)
(1.1323 1.13539e-07 0)
(1.1323 1.185e-07 0)
(1.1323 1.23874e-07 0)
(1.1323 1.3103e-07 0)
(1.1323 1.39589e-07 0)
(1.1323 1.47776e-07 0)
(1.1323 1.55659e-07 0)
(1.1323 1.65491e-07 0)
(1.1323 1.77938e-07 0)
(1.1323 1.91494e-07 0)
(1.1323 2.06422e-07 0)
(1.1323 2.24676e-07 0)
(1.1323 2.44836e-07 0)
(1.1323 2.65459e-07 0)
(1.1323 2.89221e-07 0)
(1.1323 3.15954e-07 0)
(1.1323 3.43685e-07 0)
(1.1323 3.78734e-07 0)
(1.1323 4.21201e-07 0)
(1.1323 4.62768e-07 0)
(1.1323 5.08527e-07 0)
(1.1323 5.63225e-07 0)
(1.1323 6.20133e-07 0)
(1.1323 6.85346e-07 0)
(1.1323 7.61299e-07 0)
(1.1323 8.43652e-07 0)
(1.1323 9.34877e-07 0)
(1.1323 1.03659e-06 0)
(1.1323 1.14892e-06 0)
(1.1323 1.27681e-06 0)
(1.1323 1.41636e-06 0)
(1.1323 1.58252e-06 0)
(1.1323 1.7606e-06 0)
(1.1323 1.97347e-06 0)
(1.1323 2.19805e-06 0)
(1.1323 2.49503e-06 0)
(1.1323 2.77667e-06 0)
(1.1323 3.19535e-06 0)
(1.1323 3.74201e-06 0)
(1.1323 4.66136e-06 0)
(1.00005 0.00262446 0)
(1.00103 0.00778611 0)
(1.00288 0.0127141 0)
(1.0056 0.0172508 0)
(1.00909 0.0212634 0)
(1.01318 0.0246731 0)
(1.01768 0.0274613 0)
(1.02243 0.0296541 0)
(1.02731 0.0313019 0)
(1.03222 0.0324651 0)
(1.03711 0.0332072 0)
(1.04192 0.0335922 0)
(1.04661 0.0336822 0)
(1.05116 0.0335337 0)
(1.05557 0.0331957 0)
(1.05981 0.0327093 0)
(1.06391 0.0321084 0)
(1.06786 0.0314201 0)
(1.07165 0.0306665 0)
(1.07531 0.0298647 0)
(1.07883 0.0290281 0)
(1.08222 0.028167 0)
(1.08548 0.0272892 0)
(1.08861 0.0264005 0)
(1.09162 0.0255054 0)
(1.09452 0.0246075 0)
(1.09729 0.0237093 0)
(1.09995 0.0228134 0)
(1.10249 0.021922 0)
(1.10492 0.0210372 0)
(1.10723 0.0201617 0)
(1.10942 0.0192984 0)
(1.1115 0.018451 0)
(1.11347 0.0176243 0)
(1.11532 0.0168242 0)
(1.11706 0.0160583 0)
(1.11869 0.0153358 0)
(1.12022 0.0146669 0)
(1.12165 0.0140626 0)
(1.12297 0.0135331 0)
(1.12421 0.0130868 0)
(1.12537 0.0127282 0)
(1.12644 0.0124573 0)
(1.12745 0.0122679 0)
(1.12838 0.0121475 0)
(1.12925 0.012078 0)
(1.13005 0.0120362 0)
(1.1308 0.0119965 0)
(1.13148 0.0119325 0)
(1.1321 0.0118198 0)
(1.13265 0.0116378 0)
(1.13314 0.0113719 0)
(1.13355 0.0110142 0)
(1.1339 0.0105636 0)
(1.13418 0.010026 0)
(1.13439 0.00941275 0)
(1.13454 0.00873951 0)
(1.13463 0.00802449 0)
(1.13468 0.00728695 0)
(1.13468 0.00654566 0)
(1.13465 0.00581781 0)
(1.13458 0.00511808 0)
(1.1345 0.00445821 0)
(1.1344 0.0038468 0)
(1.1343 0.00328934 0)
(1.13419 0.00278859 0)
(1.13408 0.00234489 0)
(1.13398 0.00195668 0)
(1.13388 0.00162094 0)
(1.13378 0.0013337 0)
(1.1337 0.00109036 0)
(1.13362 0.000886103 0)
(1.13356 0.000716073 0)
(1.1335 0.000575629 0)
(1.13345 0.000460447 0)
(1.1334 0.000366597 0)
(1.13336 0.000290588 0)
(1.13333 0.000229368 0)
(1.1333 0.00018031 0)
(1.13328 0.000141186 0)
(1.13326 0.00011012 0)
(1.13325 8.55568e-05 0)
(1.13323 6.62108e-05 0)
(1.13322 5.10322e-05 0)
(1.13321 3.91686e-05 0)
(1.1332 2.99301e-05 0)
(1.1332 2.27625e-05 0)
(1.13319 1.72231e-05 0)
(1.13319 1.29587e-05 0)
(1.13319 9.69102e-06 0)
(1.13318 7.19811e-06 0)
(1.13318 5.3053e-06 0)
(1.13318 3.87712e-06 0)
(1.13318 2.80669e-06 0)
(1.13318 2.00883e-06 0)
(1.13317 1.41886e-06 0)
(1.13317 9.87821e-07 0)
(1.13317 6.76357e-07 0)
(1.13317 4.53866e-07 0)
(1.13317 2.97731e-07 0)
(1.13317 1.907e-07 0)
(1.13317 1.19181e-07 0)
(1.13317 7.30981e-08 0)
(1.13317 4.51396e-08 0)
(1.13317 2.96537e-08 0)
(1.13317 2.23927e-08 0)
(1.13317 2.03937e-08 0)
(1.13317 2.167e-08 0)
(1.13317 2.4872e-08 0)
(1.13317 2.90015e-08 0)
(1.13317 3.32755e-08 0)
(1.13317 3.70246e-08 0)
(1.13317 3.99727e-08 0)
(1.13317 4.20417e-08 0)
(1.13317 4.32545e-08 0)
(1.13317 4.37441e-08 0)
(1.13317 4.37027e-08 0)
(1.13317 4.33017e-08 0)
(1.13317 4.25747e-08 0)
(1.13317 4.14411e-08 0)
(1.13317 3.9798e-08 0)
(1.13317 3.76214e-08 0)
(1.13317 3.50199e-08 0)
(1.13317 3.22276e-08 0)
(1.13317 2.95193e-08 0)
(1.13317 2.70765e-08 0)
(1.13317 2.48916e-08 0)
(1.13317 2.27919e-08 0)
(1.13317 2.05581e-08 0)
(1.13317 1.80709e-08 0)
(1.13317 1.53926e-08 0)
(1.13317 1.2733e-08 0)
(1.13317 1.03371e-08 0)
(1.13317 8.34375e-09 0)
(1.13317 6.68636e-09 0)
(1.13317 5.14373e-09 0)
(1.13317 3.45547e-09 0)
(1.13317 1.49232e-09 0)
(1.13317 -5.86811e-10 0)
(1.13317 -2.5988e-09 0)
(1.13317 -4.38576e-09 0)
(1.13317 -5.85997e-09 0)
(1.13317 -7.11886e-09 0)
(1.13317 -8.32122e-09 0)
(1.13317 -9.55153e-09 0)
(1.13317 -1.08133e-08 0)
(1.13317 -1.20627e-08 0)
(1.13317 -1.32692e-08 0)
(1.13317 -1.44039e-08 0)
(1.13317 -1.5395e-08 0)
(1.13317 -1.61189e-08 0)
(1.13317 -1.64644e-08 0)
(1.13317 -1.64892e-08 0)
(1.13317 -1.64509e-08 0)
(1.13317 -1.66576e-08 0)
(1.13317 -1.72262e-08 0)
(1.13317 -1.78672e-08 0)
(1.13317 -1.80182e-08 0)
(1.13317 -1.72913e-08 0)
(1.13317 -1.57995e-08 0)
(1.13317 -1.41785e-08 0)
(1.13317 -1.31253e-08 0)
(1.13317 -1.27905e-08 0)
(1.13317 -1.25946e-08 0)
(1.13317 -1.1669e-08 0)
(1.13317 -9.64048e-09 0)
(1.13317 -6.89496e-09 0)
(1.13317 -4.26491e-09 0)
(1.13317 -2.36928e-09 0)
(1.13317 -9.75955e-10 0)
(1.13317 7.00853e-10 0)
(1.13317 2.95543e-09 0)
(1.13317 5.8608e-09 0)
(1.13317 9.22124e-09 0)
(1.13317 1.27253e-08 0)
(1.13317 1.61087e-08 0)
(1.13317 1.91599e-08 0)
(1.13317 2.17175e-08 0)
(1.13317 2.40061e-08 0)
(1.13317 2.67338e-08 0)
(1.13317 3.0561e-08 0)
(1.13317 3.54004e-08 0)
(1.13317 4.01073e-08 0)
(1.13317 4.34071e-08 0)
(1.13317 4.51933e-08 0)
(1.13317 4.67448e-08 0)
(1.13317 4.94538e-08 0)
(1.13317 5.33837e-08 0)
(1.13317 5.72873e-08 0)
(1.13317 6.00384e-08 0)
(1.13317 6.17101e-08 0)
(1.13317 6.30952e-08 0)
(1.13317 6.46697e-08 0)
(1.13317 6.64068e-08 0)
(1.13317 6.83889e-08 0)
(1.13317 7.08678e-08 0)
(1.13317 7.35689e-08 0)
(1.13317 7.56013e-08 0)
(1.13317 7.66378e-08 0)
(1.13317 7.77203e-08 0)
(1.13317 8.00578e-08 0)
(1.13317 8.3365e-08 0)
(1.13317 8.6293e-08 0)
(1.13317 8.84894e-08 0)
(1.13317 9.09756e-08 0)
(1.13317 9.43627e-08 0)
(1.13317 9.80492e-08 0)
(1.13317 1.01622e-07 0)
(1.13317 1.05645e-07 0)
(1.13317 1.10447e-07 0)
(1.13317 1.15511e-07 0)
(1.13317 1.20785e-07 0)
(1.13317 1.27106e-07 0)
(1.13317 1.34591e-07 0)
(1.13317 1.42344e-07 0)
(1.13317 1.50308e-07 0)
(1.13317 1.59222e-07 0)
(1.13317 1.69526e-07 0)
(1.13317 1.81848e-07 0)
(1.13317 1.96532e-07 0)
(1.13317 2.12201e-07 0)
(1.13317 2.28742e-07 0)
(1.13317 2.47698e-07 0)
(1.13317 2.68928e-07 0)
(1.13317 2.92481e-07 0)
(1.13317 3.20239e-07 0)
(1.13317 3.5031e-07 0)
(1.13317 3.83916e-07 0)
(1.13317 4.24154e-07 0)
(1.13317 4.66162e-07 0)
(1.13317 5.09032e-07 0)
(1.13317 5.62269e-07 0)
(1.13317 6.21279e-07 0)
(1.13317 6.85974e-07 0)
(1.13317 7.58799e-07 0)
(1.13317 8.39178e-07 0)
(1.13317 9.26597e-07 0)
(1.13317 1.02758e-06 0)
(1.13317 1.13622e-06 0)
(1.13317 1.26315e-06 0)
(1.13317 1.39577e-06 0)
(1.13317 1.55658e-06 0)
(1.13317 1.72383e-06 0)
(1.13317 1.93204e-06 0)
(1.13317 2.13981e-06 0)
(1.13317 2.41818e-06 0)
(1.13317 2.66949e-06 0)
(1.13317 3.03912e-06 0)
(1.13317 3.44394e-06 0)
(1.13317 4.07482e-06 0)
(1.00004 0.00217068 0)
(1.00087 0.00644679 0)
(1.00242 0.0105484 0)
(1.00472 0.0143572 0)
(1.0077 0.0177703 0)
(1.01122 0.0207208 0)
(1.01514 0.0231829 0)
(1.01933 0.0251651 0)
(1.0237 0.0266978 0)
(1.02815 0.0278226 0)
(1.03262 0.0285861 0)
(1.03708 0.0290372 0)
(1.04146 0.0292241 0)
(1.04576 0.0291925 0)
(1.04994 0.0289832 0)
(1.05401 0.0286316 0)
(1.05795 0.0281674 0)
(1.06177 0.0276156 0)
(1.06546 0.0269962 0)
(1.06902 0.0263258 0)
(1.07246 0.0256174 0)
(1.07577 0.0248812 0)
(1.07897 0.0241254 0)
(1.08205 0.0233561 0)
(1.08502 0.0225783 0)
(1.08787 0.0217958 0)
(1.09061 0.0210119 0)
(1.09323 0.0202291 0)
(1.09575 0.01945 0)
(1.09816 0.0186771 0)
(1.10046 0.0179127 0)
(1.10265 0.0171598 0)
(1.10473 0.0164218 0)
(1.10671 0.0157032 0)
(1.10859 0.0150093 0)
(1.11036 0.0143472 0)
(1.11204 0.0137252 0)
(1.11362 0.0131528 0)
(1.11511 0.0126401 0)
(1.11652 0.0121965 0)
(1.11785 0.0118297 0)
(1.11912 0.011544 0)
(1.12032 0.0113394 0)
(1.12146 0.0112102 0)
(1.12256 0.011145 0)
(1.12361 0.011127 0)
(1.12462 0.0111349 0)
(1.12559 0.0111446 0)
(1.12653 0.0111316 0)
(1.12742 0.0110726 0)
(1.12826 0.010948 0)
(1.12905 0.0107432 0)
(1.12979 0.0104499 0)
(1.13046 0.0100662 0)
(1.13107 0.0095967 0)
(1.13161 0.00905104 0)
(1.13208 0.00844323 0)
(1.13248 0.00778996 0)
(1.13281 0.00710915 0)
(1.13309 0.00641859 0)
(1.13331 0.00573481 0)
(1.13348 0.00507225 0)
(1.1336 0.00444271 0)
(1.13369 0.00385513 0)
(1.13375 0.00331558 0)
(1.13378 0.0028275 0)
(1.1338 0.00239202 0)
(1.1338 0.00200837 0)
(1.13379 0.00167429 0)
(1.13377 0.00138649 0)
(1.13375 0.001141 0)
(1.13373 0.000933503 0)
(1.1337 0.000759583 0)
(1.13368 0.000614923 0)
(1.13366 0.00049545 0)
(1.13364 0.000397416 0)
(1.13362 0.000317452 0)
(1.1336 0.000252582 0)
(1.13359 0.000200221 0)
(1.13357 0.000158153 0)
(1.13356 0.000124497 0)
(1.13355 9.76799e-05 0)
(1.13354 7.63911e-05 0)
(1.13354 5.95506e-05 0)
(1.13353 4.62737e-05 0)
(1.13352 3.58408e-05 0)
(1.13352 2.76693e-05 0)
(1.13352 2.1289e-05 0)
(1.13351 1.63233e-05 0)
(1.13351 1.24718e-05 0)
(1.13351 9.4946e-06 0)
(1.13351 7.20064e-06 0)
(1.13351 5.44014e-06 0)
(1.1335 4.09541e-06 0)
(1.1335 3.07203e-06 0)
(1.1335 2.29614e-06 0)
(1.1335 1.71151e-06 0)
(1.1335 1.27389e-06 0)
(1.1335 9.47822e-07 0)
(1.1335 7.06338e-07 0)
(1.1335 5.28981e-07 0)
(1.1335 3.9971e-07 0)
(1.1335 3.06095e-07 0)
(1.1335 2.388e-07 0)
(1.1335 1.90855e-07 0)
(1.1335 1.56985e-07 0)
(1.1335 1.33199e-07 0)
(1.1335 1.16536e-07 0)
(1.1335 1.04841e-07 0)
(1.1335 9.6497e-08 0)
(1.1335 9.02477e-08 0)
(1.1335 8.52916e-08 0)
(1.1335 8.10697e-08 0)
(1.1335 7.71751e-08 0)
(1.1335 7.33856e-08 0)
(1.1335 6.96872e-08 0)
(1.1335 6.61667e-08 0)
(1.1335 6.28445e-08 0)
(1.1335 5.95888e-08 0)
(1.1335 5.61965e-08 0)
(1.1335 5.25297e-08 0)
(1.1335 4.85948e-08 0)
(1.1335 4.45426e-08 0)
(1.1335 4.06126e-08 0)
(1.1335 3.70229e-08 0)
(1.1335 3.38525e-08 0)
(1.1335 3.09934e-08 0)
(1.1335 2.82113e-08 0)
(1.1335 2.52829e-08 0)
(1.1335 2.21436e-08 0)
(1.1335 1.894e-08 0)
(1.1335 1.59475e-08 0)
(1.1335 1.34094e-08 0)
(1.1335 1.13725e-08 0)
(1.1335 9.64258e-09 0)
(1.1335 7.89088e-09 0)
(1.1335 5.87481e-09 0)
(1.1335 3.55021e-09 0)
(1.1335 1.18124e-09 0)
(1.1335 -9.28687e-10 0)
(1.1335 -2.63412e-09 0)
(1.1335 -3.9343e-09 0)
(1.1335 -5.06774e-09 0)
(1.1335 -6.25055e-09 0)
(1.1335 -7.56127e-09 0)
(1.1335 -8.93498e-09 0)
(1.1335 -1.02477e-08 0)
(1.1335 -1.14072e-08 0)
(1.1335 -1.23714e-08 0)
(1.1335 -1.31259e-08 0)
(1.1335 -1.36401e-08 0)
(1.1335 -1.39253e-08 0)
(1.1335 -1.40975e-08 0)
(1.1335 -1.43537e-08 0)
(1.1335 -1.48524e-08 0)
(1.1335 -1.54945e-08 0)
(1.1335 -1.58907e-08 0)
(1.1335 -1.5635e-08 0)
(1.1335 -1.46212e-08 0)
(1.1335 -1.32373e-08 0)
(1.1335 -1.21611e-08 0)
(1.1335 -1.17838e-08 0)
(1.1335 -1.18087e-08 0)
(1.1335 -1.14063e-08 0)
(1.1335 -9.94718e-09 0)
(1.1335 -7.51828e-09 0)
(1.1335 -4.92169e-09 0)
(1.1335 -3.02508e-09 0)
(1.1335 -1.92463e-09 0)
(1.1335 -8.90712e-10 0)
(1.1335 8.12603e-10 0)
(1.1335 3.39485e-09 0)
(1.1335 6.61633e-09 0)
(1.1335 9.91798e-09 0)
(1.1335 1.28726e-08 0)
(1.1335 1.54372e-08 0)
(1.1335 1.77263e-08 0)
(1.1335 1.99939e-08 0)
(1.1335 2.26619e-08 0)
(1.1335 2.6156e-08 0)
(1.1335 3.05595e-08 0)
(1.1335 3.51458e-08 0)
(1.1335 3.87647e-08 0)
(1.1335 4.09692e-08 0)
(1.1335 4.26482e-08 0)
(1.1335 4.52662e-08 0)
(1.1335 4.93232e-08 0)
(1.1335 5.37116e-08 0)
(1.1335 5.68647e-08 0)
(1.1335 5.84326e-08 0)
(1.1335 5.94865e-08 0)
(1.1335 6.12077e-08 0)
(1.1335 6.3734e-08 0)
(1.1335 6.65137e-08 0)
(1.1335 6.91737e-08 0)
(1.1335 7.15941e-08 0)
(1.1335 7.34188e-08 0)
(1.1335 7.44237e-08 0)
(1.1335 7.53805e-08 0)
(1.1335 7.75849e-08 0)
(1.1335 8.11842e-08 0)
(1.1335 8.46829e-08 0)
(1.1335 8.68625e-08 0)
(1.1335 8.8448e-08 0)
(1.1335 9.09548e-08 0)
(1.1335 9.45308e-08 0)
(1.1335 9.83718e-08 0)
(1.1335 1.02499e-07 0)
(1.1335 1.07335e-07 0)
(1.1335 1.12314e-07 0)
(1.1335 1.16936e-07 0)
(1.1335 1.22282e-07 0)
(1.1335 1.29223e-07 0)
(1.1335 1.36498e-07 0)
(1.1335 1.43246e-07 0)
(1.1335 1.51384e-07 0)
(1.1335 1.61968e-07 0)
(1.1335 1.73102e-07 0)
(1.1335 1.84716e-07 0)
(1.1335 1.98935e-07 0)
(1.1335 2.14051e-07 0)
(1.1335 2.29043e-07 0)
(1.1335 2.48132e-07 0)
(1.1335 2.71326e-07 0)
(1.1335 2.94651e-07 0)
(1.1335 3.22013e-07 0)
(1.1335 3.53104e-07 0)
(1.1335 3.83441e-07 0)
(1.1335 4.19447e-07 0)
(1.1335 4.62823e-07 0)
(1.1335 5.05963e-07 0)
(1.1335 5.57743e-07 0)
(1.1335 6.1659e-07 0)
(1.1335 6.78861e-07 0)
(1.1335 7.4677e-07 0)
(1.1335 8.2365e-07 0)
(1.1335 9.07461e-07 0)
(1.1335 1.00615e-06 0)
(1.1335 1.11012e-06 0)
(1.1335 1.23255e-06 0)
(1.1335 1.35798e-06 0)
(1.1335 1.50971e-06 0)
(1.1335 1.66441e-06 0)
(1.1335 1.86075e-06 0)
(1.1335 2.04824e-06 0)
(1.1335 2.29874e-06 0)
(1.1335 2.51561e-06 0)
(1.1335 2.83394e-06 0)
(1.1335 3.12887e-06 0)
(1.1335 3.57121e-06 0)
(1.00003 0.00178688 0)
(1.00075 0.00531138 0)
(1.00208 0.0087044 0)
(1.00407 0.0118764 0)
(1.00665 0.0147478 0)
(1.00973 0.0172633 0)
(1.01319 0.0193965 0)
(1.01694 0.0211461 0)
(1.02088 0.0225292 0)
(1.02495 0.0235737 0)
(1.02908 0.0243134 0)
(1.03323 0.024785 0)
(1.03736 0.0250257 0)
(1.04143 0.025072 0)
(1.04542 0.0249571 0)
(1.04933 0.0247107 0)
(1.05314 0.0243585 0)
(1.05684 0.0239224 0)
(1.06044 0.0234203 0)
(1.06392 0.0228674 0)
(1.06729 0.0222757 0)
(1.07055 0.0216552 0)
(1.07369 0.0210136 0)
(1.07673 0.0203572 0)
(1.07966 0.0196909 0)
(1.08248 0.0190188 0)
(1.08519 0.018344 0)
(1.08779 0.0176695 0)
(1.09029 0.0169977 0)
(1.09269 0.0163312 0)
(1.09498 0.0156722 0)
(1.09716 0.0150235 0)
(1.09925 0.0143883 0)
(1.10124 0.0137706 0)
(1.10313 0.0131753 0)
(1.10492 0.0126088 0)
(1.10662 0.0120787 0)
(1.10824 0.0115934 0)
(1.10978 0.011162 0)
(1.11124 0.0107931 0)
(1.11263 0.0104934 0)
(1.11397 0.0102669 0)
(1.11526 0.0101133 0)
(1.1165 0.0100276 0)
(1.11772 0.00999941 0)
(1.1189 0.0100137 0)
(1.12006 0.0100511 0)
(1.12121 0.0100902 0)
(1.12232 0.0101085 0)
(1.12342 0.0100849 0)
(1.12448 0.0100013 0)
(1.1255 0.00984428 0)
(1.12648 0.00960559 0)
(1.12741 0.00928296 0)
(1.12827 0.0088797 0)
(1.12906 0.00840408 0)
(1.12978 0.00786822 0)
(1.13043 0.0072869 0)
(1.131 0.00667617 0)
(1.1315 0.00605222 0)
(1.13192 0.00543026 0)
(1.13229 0.00482379 0)
(1.13259 0.00424402 0)
(1.13284 0.00369968 0)
(1.13304 0.00319693 0)
(1.1332 0.00273951 0)
(1.13332 0.00232904 0)
(1.13342 0.00196535 0)
(1.13349 0.00164685 0)
(1.13355 0.0013709 0)
(1.13359 0.00113418 0)
(1.13361 0.00093294 0)
(1.13363 0.000763301 0)
(1.13364 0.000621394 0)
(1.13365 0.00050352 0)
(1.13365 0.000406242 0)
(1.13365 0.000326436 0)
(1.13365 0.000261319 0)
(1.13365 0.000208454 0)
(1.13365 0.000165731 0)
(1.13365 0.00013135 0)
(1.13364 0.000103791 0)
(1.13364 8.17799e-05 0)
(1.13364 6.42599e-05 0)
(1.13363 5.03591e-05 0)
(1.13363 3.93626e-05 0)
(1.13363 3.06901e-05 0)
(1.13363 2.38699e-05 0)
(1.13363 1.8521e-05 0)
(1.13362 1.43372e-05 0)
(1.13362 1.10749e-05 0)
(1.13362 8.53751e-06 0)
(1.13362 6.56897e-06 0)
(1.13362 5.04696e-06 0)
(1.13362 3.87408e-06 0)
(1.13362 2.97241e-06 0)
(1.13362 2.28137e-06 0)
(1.13362 1.75386e-06 0)
(1.13362 1.35229e-06 0)
(1.13362 1.04722e-06 0)
(1.13362 8.16256e-07 0)
(1.13362 6.42006e-07 0)
(1.13362 5.10607e-07 0)
(1.13362 4.11458e-07 0)
(1.13362 3.36765e-07 0)
(1.13362 2.80544e-07 0)
(1.13362 2.38011e-07 0)
(1.13362 2.0551e-07 0)
(1.13362 1.80407e-07 0)
(1.13362 1.60735e-07 0)
(1.13362 1.44976e-07 0)
(1.13362 1.32034e-07 0)
(1.13362 1.21116e-07 0)
(1.13362 1.11644e-07 0)
(1.13362 1.03242e-07 0)
(1.13362 9.57177e-08 0)
(1.13362 8.8942e-08 0)
(1.13362 8.27207e-08 0)
(1.13362 7.68049e-08 0)
(1.13362 7.0995e-08 0)
(1.13362 6.52161e-08 0)
(1.13362 5.9521e-08 0)
(1.13362 5.40632e-08 0)
(1.13362 4.90367e-08 0)
(1.13362 4.45747e-08 0)
(1.13362 4.06511e-08 0)
(1.13362 3.70638e-08 0)
(1.13362 3.35297e-08 0)
(1.13362 2.98527e-08 0)
(1.13362 2.60583e-08 0)
(1.13362 2.23875e-08 0)
(1.13362 1.91505e-08 0)
(1.13362 1.65245e-08 0)
(1.13361 1.44175e-08 0)
(1.13361 1.25035e-08 0)
(1.13361 1.04256e-08 0)
(1.13361 8.01813e-09 0)
(1.13361 5.40912e-09 0)
(1.13361 2.90572e-09 0)
(1.13361 8.32924e-10 0)
(1.13361 -6.9886e-10 0)
(1.13361 -1.89316e-09 0)
(1.13361 -3.02321e-09 0)
(1.13361 -4.32261e-09 0)
(1.13361 -5.79971e-09 0)
(1.13361 -7.27613e-09 0)
(1.13361 -8.56097e-09 0)
(1.13361 -9.55562e-09 0)
(1.13361 -1.02954e-08 0)
(1.13361 -1.08638e-08 0)
(1.13361 -1.13302e-08 0)
(1.13361 -1.17477e-08 0)
(1.13361 -1.21737e-08 0)
(1.13361 -1.26859e-08 0)
(1.13361 -1.3265e-08 0)
(1.13361 -1.3709e-08 0)
(1.13361 -1.37339e-08 0)
(1.13361 -1.31542e-08 0)
(1.13361 -1.21169e-08 0)
(1.13361 -1.1137e-08 0)
(1.13361 -1.0691e-08 0)
(1.13361 -1.07658e-08 0)
(1.13361 -1.07263e-08 0)
(1.13361 -9.84595e-09 0)
(1.13361 -7.89921e-09 0)
(1.13361 -5.4618e-09 0)
(1.13361 -3.50568e-09 0)
(1.13361 -2.45071e-09 0)
(1.13361 -1.84594e-09 0)
(1.13361 -6.92591e-10 0)
(1.13361 1.38259e-09 0)
(1.13361 4.32689e-09 0)
(1.13361 7.47929e-09 0)
(1.13361 1.01442e-08 0)
(1.13361 1.22464e-08 0)
(1.13361 1.41527e-08 0)
(1.13361 1.63318e-08 0)
(1.13361 1.90616e-08 0)
(1.13361 2.24134e-08 0)
(1.13361 2.63514e-08 0)
(1.13361 3.04733e-08 0)
(1.13361 3.40113e-08 0)
(1.13361 3.64879e-08 0)
(1.13361 3.84118e-08 0)
(1.13361 4.10252e-08 0)
(1.13361 4.50562e-08 0)
(1.13361 4.97075e-08 0)
(1.13361 5.32769e-08 0)
(1.13361 5.49495e-08 0)
(1.13361 5.57084e-08 0)
(1.13361 5.72972e-08 0)
(1.13361 6.03797e-08 0)
(1.13361 6.41099e-08 0)
(1.13361 6.7295e-08 0)
(1.13361 6.9532e-08 0)
(1.13361 7.1009e-08 0)
(1.13361 7.19987e-08 0)
(1.13361 7.30854e-08 0)
(1.13361 7.52635e-08 0)
(1.13361 7.8857e-08 0)
(1.13361 8.26151e-08 0)
(1.13361 8.49162e-08 0)
(1.13361 8.59296e-08 0)
(1.13361 8.75716e-08 0)
(1.13361 9.0968e-08 0)
(1.13361 9.52745e-08 0)
(1.13361 9.94136e-08 0)
(1.13361 1.03608e-07 0)
(1.13361 1.0817e-07 0)
(1.13361 1.12587e-07 0)
(1.13361 1.17068e-07 0)
(1.13361 1.23002e-07 0)
(1.13361 1.30484e-07 0)
(1.13361 1.37698e-07 0)
(1.13361 1.44246e-07 0)
(1.13361 1.52414e-07 0)
(1.13361 1.63136e-07 0)
(1.13361 1.74289e-07 0)
(1.13361 1.85285e-07 0)
(1.13361 1.98371e-07 0)
(1.13361 2.13115e-07 0)
(1.13361 2.28735e-07 0)
(1.13361 2.48586e-07 0)
(1.13361 2.72065e-07 0)
(1.13361 2.93768e-07 0)
(1.13361 3.18318e-07 0)
(1.13361 3.48864e-07 0)
(1.13361 3.79182e-07 0)
(1.13361 4.13198e-07 0)
(1.13361 4.56591e-07 0)
(1.13361 5.00046e-07 0)
(1.13362 5.47781e-07 0)
(1.13362 6.02366e-07 0)
(1.13362 6.61597e-07 0)
(1.13362 7.25941e-07 0)
(1.13362 8.01069e-07 0)
(1.13362 8.81552e-07 0)
(1.13362 9.75563e-07 0)
(1.13362 1.07116e-06 0)
(1.13362 1.18476e-06 0)
(1.13362 1.30273e-06 0)
(1.13362 1.44531e-06 0)
(1.13362 1.58708e-06 0)
(1.13362 1.76565e-06 0)
(1.13362 1.92988e-06 0)
(1.13362 2.15077e-06 0)
(1.13361 2.33739e-06 0)
(1.13362 2.61059e-06 0)
(1.13361 2.82477e-06 0)
(1.13362 3.14799e-06 0)
(1.00003 0.00145531 0)
(1.00065 0.00432868 0)
(1.00183 0.00710274 0)
(1.00357 0.00970965 0)
(1.00586 0.0120881 0)
(1.00859 0.0141936 0)
(1.0117 0.0160017 0)
(1.01509 0.0175066 0)
(1.0187 0.0187171 0)
(1.02245 0.0196513 0)
(1.0263 0.0203331 0)
(1.03019 0.0207899 0)
(1.03409 0.0210502 0)
(1.03797 0.0211423 0)
(1.0418 0.0210929 0)
(1.04557 0.0209265 0)
(1.04927 0.0206645 0)
(1.05287 0.0203254 0)
(1.05638 0.0199251 0)
(1.0598 0.0194768 0)
(1.06311 0.0189913 0)
(1.06632 0.0184776 0)
(1.06943 0.0179431 0)
(1.07243 0.0173934 0)
(1.07533 0.0168334 0)
(1.07813 0.0162669 0)
(1.08082 0.0156972 0)
(1.08341 0.0151269 0)
(1.0859 0.0145585 0)
(1.08828 0.0139943 0)
(1.09057 0.0134365 0)
(1.09275 0.0128876 0)
(1.09484 0.0123505 0)
(1.09683 0.0118287 0)
(1.09874 0.0113267 0)
(1.10055 0.01085 0)
(1.10227 0.0104053 0)
(1.10392 0.0100002 0)
(1.10549 0.00964259 0)
(1.10699 0.00933983 0)
(1.10843 0.00909783 0)
(1.10983 0.00891991 0)
(1.11118 0.00880578 0)
(1.11251 0.00875089 0)
(1.11381 0.00874617 0)
(1.1151 0.00877828 0)
(1.11638 0.00883046 0)
(1.11765 0.00888377 0)
(1.1189 0.00891865 0)
(1.12015 0.00891655 0)
(1.12138 0.00886153 0)
(1.12258 0.00874146 0)
(1.12374 0.00854891 0)
(1.12485 0.00828147 0)
(1.12591 0.00794161 0)
(1.12689 0.00753615 0)
(1.12781 0.00707536 0)
(1.12865 0.0065719 0)
(1.1294 0.00603971 0)
(1.13008 0.00549294 0)
(1.13067 0.00494508 0)
(1.13119 0.00440818 0)
(1.13164 0.00389244 0)
(1.13202 0.0034059 0)
(1.13234 0.0029544 0)
(1.13261 0.00254168 0)
(1.13283 0.00216959 0)
(1.13301 0.00183835 0)
(1.13315 0.0015469 0)
(1.13327 0.00129321 0)
(1.13336 0.00107454 0)
(1.13343 0.000887784 0)
(1.13349 0.000729603 0)
(1.13354 0.000596654 0)
(1.13357 0.000485699 0)
(1.13359 0.000393698 0)
(1.13361 0.000317866 0)
(1.13363 0.000255699 0)
(1.13364 0.00020499 0)
(1.13365 0.000163816 0)
(1.13365 0.000130524 0)
(1.13365 0.000103709 0)
(1.13366 8.21892e-05 0)
(1.13366 6.49753e-05 0)
(1.13366 5.12495e-05 0)
(1.13366 4.03366e-05 0)
(1.13366 3.1683e-05 0)
(1.13366 2.48395e-05 0)
(1.13366 1.94415e-05 0)
(1.13366 1.51933e-05 0)
(1.13366 1.18583e-05 0)
(1.13366 9.24645e-06 0)
(1.13366 7.20473e-06 0)
(1.13366 5.61247e-06 0)
(1.13366 4.37407e-06 0)
(1.13366 3.4126e-06 0)
(1.13366 2.66717e-06 0)
(1.13366 2.09064e-06 0)
(1.13366 1.64568e-06 0)
(1.13366 1.30233e-06 0)
(1.13366 1.0374e-06 0)
(1.13366 8.33181e-07 0)
(1.13366 6.757e-07 0)
(1.13366 5.54038e-07 0)
(1.13366 4.59901e-07 0)
(1.13366 3.86827e-07 0)
(1.13366 3.29692e-07 0)
(1.13366 2.84611e-07 0)
(1.13365 2.48697e-07 0)
(1.13365 2.19692e-07 0)
(1.13365 1.95826e-07 0)
(1.13365 1.75836e-07 0)
(1.13365 1.58862e-07 0)
(1.13365 1.44282e-07 0)
(1.13365 1.31634e-07 0)
(1.13365 1.20555e-07 0)
(1.13365 1.10695e-07 0)
(1.13365 1.01694e-07 0)
(1.13365 9.32409e-08 0)
(1.13365 8.51563e-08 0)
(1.13365 7.74048e-08 0)
(1.13365 7.00653e-08 0)
(1.13365 6.32906e-08 0)
(1.13365 5.72321e-08 0)
(1.13365 5.19326e-08 0)
(1.13365 4.72511e-08 0)
(1.13365 4.28919e-08 0)
(1.13365 3.85547e-08 0)
(1.13365 3.41216e-08 0)
(1.13365 2.97331e-08 0)
(1.13365 2.56984e-08 0)
(1.13365 2.22955e-08 0)
(1.13365 1.95736e-08 0)
(1.13365 1.72936e-08 0)
(1.13365 1.50623e-08 0)
(1.13365 1.25704e-08 0)
(1.13365 9.78951e-09 0)
(1.13365 6.97435e-09 0)
(1.13365 4.48664e-09 0)
(1.13365 2.60486e-09 0)
(1.13365 1.27001e-09 0)
(1.13365 1.23005e-10 0)
(1.13365 -1.11678e-09 0)
(1.13365 -2.63739e-09 0)
(1.13365 -4.28638e-09 0)
(1.13365 -5.77904e-09 0)
(1.13365 -6.90394e-09 0)
(1.13365 -7.65586e-09 0)
(1.13365 -8.19982e-09 0)
(1.13365 -8.72482e-09 0)
(1.13365 -9.33196e-09 0)
(1.13365 -9.99594e-09 0)
(1.13365 -1.06557e-08 0)
(1.13365 -1.12374e-08 0)
(1.13365 -1.16413e-08 0)
(1.13365 -1.17566e-08 0)
(1.13365 -1.14706e-08 0)
(1.13365 -1.07948e-08 0)
(1.13365 -1.00329e-08 0)
(1.13365 -9.58692e-09 0)
(1.13365 -9.61734e-09 0)
(1.13365 -9.75068e-09 0)
(1.13365 -9.336e-09 0)
(1.13365 -7.95569e-09 0)
(1.13365 -5.86012e-09 0)
(1.13365 -3.9271e-09 0)
(1.13365 -2.79814e-09 0)
(1.13365 -2.36423e-09 0)
(1.13365 -1.77276e-09 0)
(1.13365 -1.81151e-10 0)
(1.13365 2.38647e-09 0)
(1.13365 5.36334e-09 0)
(1.13365 7.85643e-09 0)
(1.13365 9.58493e-09 0)
(1.13365 1.10207e-08 0)
(1.13365 1.29394e-08 0)
(1.13365 1.57121e-08 0)
(1.13365 1.91363e-08 0)
(1.13365 2.28212e-08 0)
(1.13365 2.64001e-08 0)
(1.13365 2.95229e-08 0)
(1.13365 3.1987e-08 0)
(1.13365 3.41112e-08 0)
(1.13365 3.67673e-08 0)
(1.13365 4.06592e-08 0)
(1.13365 4.53376e-08 0)
(1.13365 4.92507e-08 0)
(1.13365 5.12469e-08 0)
(1.13365 5.19659e-08 0)
(1.13365 5.33585e-08 0)
(1.13365 5.66426e-08 0)
(1.13365 6.10838e-08 0)
(1.13365 6.48954e-08 0)
(1.13365 6.71371e-08 0)
(1.13365 6.82852e-08 0)
(1.13365 6.93002e-08 0)
(1.13365 7.08196e-08 0)
(1.13365 7.32794e-08 0)
(1.13365 7.67316e-08 0)
(1.13365 8.02698e-08 0)
(1.13365 8.2422e-08 0)
(1.13365 8.30606e-08 0)
(1.13365 8.41341e-08 0)
(1.13365 8.74105e-08 0)
(1.13365 9.22925e-08 0)
(1.13365 9.68389e-08 0)
(1.13365 1.0038e-07 0)
(1.13365 1.03693e-07 0)
(1.13365 1.07401e-07 0)
(1.13365 1.11716e-07 0)
(1.13365 1.17206e-07 0)
(1.13365 1.23958e-07 0)
(1.13365 1.30869e-07 0)
(1.13365 1.37361e-07 0)
(1.13365 1.44343e-07 0)
(1.13365 1.52672e-07 0)
(1.13365 1.62482e-07 0)
(1.13365 1.73509e-07 0)
(1.13365 1.84843e-07 0)
(1.13365 1.96834e-07 0)
(1.13365 2.11229e-07 0)
(1.13365 2.28147e-07 0)
(1.13365 2.46981e-07 0)
(1.13365 2.68067e-07 0)
(1.13365 2.88911e-07 0)
(1.13365 3.11209e-07 0)
(1.13365 3.40651e-07 0)
(1.13365 3.73733e-07 0)
(1.13365 4.06281e-07 0)
(1.13365 4.45323e-07 0)
(1.13365 4.86708e-07 0)
(1.13365 5.30197e-07 0)
(1.13365 5.81175e-07 0)
(1.13365 6.3904e-07 0)
(1.13365 7.00748e-07 0)
(1.13365 7.72131e-07 0)
(1.13365 8.45903e-07 0)
(1.13365 9.32391e-07 0)
(1.13365 1.02011e-06 0)
(1.13365 1.12489e-06 0)
(1.13365 1.23464e-06 0)
(1.13366 1.36585e-06 0)
(1.13365 1.49272e-06 0)
(1.13366 1.65235e-06 0)
(1.13365 1.79686e-06 0)
(1.13366 1.99164e-06 0)
(1.13365 2.14791e-06 0)
(1.13366 2.37611e-06 0)
(1.13365 2.53349e-06 0)
(1.13366 2.78896e-06 0)
(1.00003 0.00116287 0)
(1.00058 0.00346064 0)
(1.00163 0.00568389 0)
(1.0032 0.00778164 0)
(1.00525 0.00970719 0)
(1.00773 0.0114254 0)
(1.01056 0.0129156 0)
(1.01367 0.0141702 0)
(1.01701 0.0151931 0)
(1.02051 0.0159956 0)
(1.02412 0.0165944 0)
(1.02781 0.0170096 0)
(1.03153 0.0172624 0)
(1.03524 0.0173746 0)
(1.03894 0.0173671 0)
(1.04259 0.0172594 0)
(1.04619 0.0170689 0)
(1.04971 0.0168109 0)
(1.05315 0.0164987 0)
(1.05651 0.0161434 0)
(1.05978 0.0157545 0)
(1.06295 0.0153397 0)
(1.06602 0.0149054 0)
(1.069 0.0144569 0)
(1.07188 0.0139984 0)
(1.07466 0.0135334 0)
(1.07733 0.0130648 0)
(1.07991 0.0125953 0)
(1.08239 0.0121269 0)
(1.08477 0.0116617 0)
(1.08706 0.0112018 0)
(1.08924 0.0107493 0)
(1.09134 0.0103067 0)
(1.09334 0.00987708 0)
(1.09525 0.00946426 0)
(1.09708 0.00907302 0)
(1.09882 0.00870908 0)
(1.10049 0.00837887 0)
(1.10209 0.00808907 0)
(1.10363 0.0078459 0)
(1.10511 0.0076543 0)
(1.10655 0.00751693 0)
(1.10796 0.00743346 0)
(1.10935 0.00739992 0)
(1.11072 0.00740854 0)
(1.11209 0.00744802 0)
(1.11346 0.00750416 0)
(1.11482 0.00756096 0)
(1.11619 0.00760191 0)
(1.11755 0.00761132 0)
(1.1189 0.00757569 0)
(1.12024 0.00748466 0)
(1.12153 0.00733178 0)
(1.12279 0.00711479 0)
(1.12399 0.00683553 0)
(1.12513 0.00649949 0)
(1.12619 0.0061151 0)
(1.12717 0.00569288 0)
(1.12807 0.00524448 0)
(1.12889 0.00478186 0)
(1.12961 0.00431643 0)
(1.13026 0.00385855 0)
(1.13082 0.00341703 0)
(1.1313 0.00299893 0)
(1.13172 0.00260949 0)
(1.13208 0.00225216 0)
(1.13237 0.00192877 0)
(1.13262 0.0016398 0)
(1.13283 0.00138457 0)
(1.133 0.00116154 0)
(1.13314 0.000968571 0)
(1.13325 0.000803121 0)
(1.13334 0.000662447 0)
(1.13341 0.000543754 0)
(1.13347 0.000444313 0)
(1.13352 0.00036154 0)
(1.13355 0.00029305 0)
(1.13358 0.000236685 0)
(1.1336 0.00019053 0)
(1.13362 0.000152909 0)
(1.13363 0.000122371 0)
(1.13364 9.76792e-05 0)
(1.13365 7.77843e-05 0)
(1.13365 6.18063e-05 0)
(1.13366 4.90124e-05 0)
(1.13366 3.87984e-05 0)
(1.13366 3.06645e-05 0)
(1.13367 2.42027e-05 0)
(1.13367 1.90811e-05 0)
(1.13367 1.50302e-05 0)
(1.13367 1.18326e-05 0)
(1.13367 9.31388e-06 0)
(1.13367 7.33323e-06 0)
(1.13367 5.77798e-06 0)
(1.13367 4.55899e-06 0)
(1.13367 3.60503e-06 0)
(1.13367 2.85887e-06 0)
(1.13367 2.27567e-06 0)
(1.13367 1.82022e-06 0)
(1.13367 1.46439e-06 0)
(1.13367 1.18603e-06 0)
(1.13367 9.68111e-07 0)
(1.13367 7.97267e-07 0)
(1.13367 6.62948e-07 0)
(1.13367 5.5694e-07 0)
(1.13367 4.72844e-07 0)
(1.13367 4.05685e-07 0)
(1.13367 3.51639e-07 0)
(1.13367 3.07715e-07 0)
(1.13367 2.71524e-07 0)
(1.13367 2.41247e-07 0)
(1.13367 2.156e-07 0)
(1.13367 1.93667e-07 0)
(1.13367 1.74747e-07 0)
(1.13367 1.58291e-07 0)
(1.13367 1.43845e-07 0)
(1.13367 1.30985e-07 0)
(1.13367 1.19305e-07 0)
(1.13367 1.08482e-07 0)
(1.13367 9.83327e-08 0)
(1.13367 8.88208e-08 0)
(1.13367 8.00309e-08 0)
(1.13367 7.21009e-08 0)
(1.13367 6.51174e-08 0)
(1.13367 5.90121e-08 0)
(1.13367 5.35291e-08 0)
(1.13367 4.83215e-08 0)
(1.13367 4.31434e-08 0)
(1.13367 3.79965e-08 0)
(1.13367 3.31179e-08 0)
(1.13367 2.88207e-08 0)
(1.13367 2.52802e-08 0)
(1.13367 2.23935e-08 0)
(1.13367 1.98163e-08 0)
(1.13367 1.71621e-08 0)
(1.13367 1.42368e-08 0)
(1.13367 1.11575e-08 0)
(1.13367 8.276e-09 0)
(1.13367 5.95541e-09 0)
(1.13367 4.30617e-09 0)
(1.13367 3.09046e-09 0)
(1.13367 1.90321e-09 0)
(1.13367 4.30008e-10 0)
(1.13367 -1.29328e-09 0)
(1.13367 -3.00323e-09 0)
(1.13367 -4.36266e-09 0)
(1.13367 -5.21825e-09 0)
(1.13367 -5.7273e-09 0)
(1.13367 -6.19361e-09 0)
(1.13367 -6.85739e-09 0)
(1.13367 -7.72277e-09 0)
(1.13367 -8.6237e-09 0)
(1.13367 -9.34488e-09 0)
(1.13367 -9.75018e-09 0)
(1.13367 -9.84703e-09 0)
(1.13367 -9.68387e-09 0)
(1.13367 -9.28777e-09 0)
(1.13367 -8.81015e-09 0)
(1.13367 -8.48714e-09 0)
(1.13367 -8.48271e-09 0)
(1.13367 -8.63912e-09 0)
(1.13367 -8.49363e-09 0)
(1.13367 -7.62162e-09 0)
(1.13367 -6.0046e-09 0)
(1.13367 -4.265e-09 0)
(1.13367 -3.09627e-09 0)
(1.13367 -2.65408e-09 0)
(1.13367 -2.38468e-09 0)
(1.13367 -1.31685e-09 0)
(1.13367 7.84466e-10 0)
(1.13367 3.53776e-09 0)
(1.13367 5.94464e-09 0)
(1.13367 7.44965e-09 0)
(1.13367 8.42066e-09 0)
(1.13367 9.88013e-09 0)
(1.13367 1.24961e-08 0)
(1.13367 1.60322e-08 0)
(1.13367 1.97245e-08 0)
(1.13367 2.29423e-08 0)
(1.13367 2.55436e-08 0)
(1.13367 2.77282e-08 0)
(1.13367 2.99082e-08 0)
(1.13367 3.2636e-08 0)
(1.13367 3.6336e-08 0)
(1.13367 4.07662e-08 0)
(1.13367 4.47775e-08 0)
(1.13367 4.71982e-08 0)
(1.13367 4.82239e-08 0)
(1.13367 4.9587e-08 0)
(1.13367 5.28529e-08 0)
(1.13367 5.76625e-08 0)
(1.13367 6.19879e-08 0)
(1.13367 6.43292e-08 0)
(1.13367 6.51732e-08 0)
(1.13367 6.61452e-08 0)
(1.13367 6.82306e-08 0)
(1.13367 7.13243e-08 0)
(1.13367 7.47877e-08 0)
(1.13367 7.78691e-08 0)
(1.13367 7.96861e-08 0)
(1.13367 8.01616e-08 0)
(1.13367 8.09331e-08 0)
(1.13367 8.40238e-08 0)
(1.13367 8.91629e-08 0)
(1.13367 9.38887e-08 0)
(1.13367 9.68114e-08 0)
(1.13367 9.91004e-08 0)
(1.13367 1.02304e-07 0)
(1.13367 1.06649e-07 0)
(1.13367 1.12123e-07 0)
(1.13367 1.18628e-07 0)
(1.13367 1.24789e-07 0)
(1.13367 1.29508e-07 0)
(1.13367 1.34806e-07 0)
(1.13367 1.42867e-07 0)
(1.13367 1.52146e-07 0)
(1.13367 1.61261e-07 0)
(1.13367 1.71969e-07 0)
(1.13367 1.83546e-07 0)
(1.13367 1.94306e-07 0)
(1.13367 2.07838e-07 0)
(1.13367 2.25264e-07 0)
(1.13367 2.41958e-07 0)
(1.13367 2.6036e-07 0)
(1.13367 2.82583e-07 0)
(1.13367 3.0452e-07 0)
(1.13367 3.30885e-07 0)
(1.13367 3.63651e-07 0)
(1.13367 3.93475e-07 0)
(1.13367 4.27166e-07 0)
(1.13367 4.66967e-07 0)
(1.13367 5.09462e-07 0)
(1.13367 5.57711e-07 0)
(1.13367 6.11944e-07 0)
(1.13367 6.68411e-07 0)
(1.13367 7.33234e-07 0)
(1.13367 8.00136e-07 0)
(1.13367 8.79364e-07 0)
(1.13367 9.61439e-07 0)
(1.13367 1.05833e-06 0)
(1.13367 1.15727e-06 0)
(1.13367 1.27408e-06 0)
(1.13367 1.38425e-06 0)
(1.13367 1.52534e-06 0)
(1.13367 1.65276e-06 0)
(1.13367 1.82441e-06 0)
(1.13367 1.95291e-06 0)
(1.13367 2.14274e-06 0)
(1.13367 2.26007e-06 0)
(1.13367 2.47344e-06 0)
(1.00002 0.000899597 0)
(1.00053 0.0026782 0)
(1.00149 0.00440202 0)
(1.00292 0.00603353 0)
(1.0048 0.00753801 0)
(1.00709 0.00888874 0)
(1.0097 0.0100689 0)
(1.0126 0.0110715 0)
(1.01573 0.0118972 0)
(1.01903 0.0125532 0)
(1.02246 0.0130508 0)
(1.02598 0.013404 0)
(1.02955 0.0136287 0)
(1.03314 0.0137408 0)
(1.03672 0.0137563 0)
(1.04028 0.01369 0)
(1.04379 0.0135557 0)
(1.04725 0.0133654 0)
(1.05063 0.0131296 0)
(1.05395 0.0128576 0)
(1.05717 0.0125569 0)
(1.06031 0.0122339 0)
(1.06336 0.011894 0)
(1.06632 0.0115416 0)
(1.06918 0.0111803 0)
(1.07194 0.0108131 0)
(1.07461 0.0104425 0)
(1.07718 0.0100706 0)
(1.07966 0.00969944 0)
(1.08204 0.00933062 0)
(1.08432 0.00896589 0)
(1.08651 0.00860706 0)
(1.08861 0.00825618 0)
(1.09062 0.0079158 0)
(1.09254 0.00758906 0)
(1.09438 0.0072799 0)
(1.09614 0.00699297 0)
(1.09783 0.00673352 0)
(1.09945 0.00650693 0)
(1.10102 0.00631823 0)
(1.10254 0.00617133 0)
(1.10402 0.00606833 0)
(1.10547 0.00600884 0)
(1.10691 0.00598957 0)
(1.10834 0.00600416 0)
(1.10977 0.00604342 0)
(1.1112 0.00609588 0)
(1.11264 0.00614862 0)
(1.11409 0.00618831 0)
(1.11554 0.00620233 0)
(1.11699 0.00617974 0)
(1.11842 0.00611216 0)
(1.11982 0.0059943 0)
(1.12118 0.00582422 0)
(1.12249 0.00560326 0)
(1.12374 0.0053357 0)
(1.12491 0.00502821 0)
(1.126 0.00468913 0)
(1.12701 0.0043278 0)
(1.12793 0.00395381 0)
(1.12875 0.00357644 0)
(1.12949 0.00320408 0)
(1.13014 0.00284398 0)
(1.13071 0.00250199 0)
(1.13121 0.0021825 0)
(1.13163 0.00188848 0)
(1.13199 0.0016216 0)
(1.1323 0.00138241 0)
(1.13255 0.0011705 0)
(1.13276 0.000984765 0)
(1.13294 0.000823565 0)
(1.13309 0.000684925 0)
(1.1332 0.000566679 0)
(1.1333 0.000466597 0)
(1.13338 0.000382485 0)
(1.13344 0.000312251 0)
(1.13349 0.000253952 0)
(1.13353 0.000205822 0)
(1.13356 0.000166284 0)
(1.13359 0.000133953 0)
(1.13361 0.000107624 0)
(1.13362 8.62643e-05 0)
(1.13363 6.89971e-05 0)
(1.13364 5.50823e-05 0)
(1.13365 4.39013e-05 0)
(1.13366 3.49415e-05 0)
(1.13366 2.77792e-05 0)
(1.13366 2.20665e-05 0)
(1.13367 1.75191e-05 0)
(1.13367 1.39063e-05 0)
(1.13367 1.10405e-05 0)
(1.13367 8.77083e-06 0)
(1.13367 6.97575e-06 0)
(1.13367 5.55746e-06 0)
(1.13367 4.43806e-06 0)
(1.13367 3.55539e-06 0)
(1.13367 2.85932e-06 0)
(1.13367 2.3099e-06 0)
(1.13367 1.87596e-06 0)
(1.13367 1.53293e-06 0)
(1.13367 1.26127e-06 0)
(1.13367 1.04558e-06 0)
(1.13367 8.73852e-07 0)
(1.13367 7.3667e-07 0)
(1.13367 6.26565e-07 0)
(1.13367 5.376e-07 0)
(1.13367 4.65152e-07 0)
(1.13367 4.05649e-07 0)
(1.13367 3.56283e-07 0)
(1.13367 3.14876e-07 0)
(1.13367 2.79814e-07 0)
(1.13367 2.49892e-07 0)
(1.13367 2.24146e-07 0)
(1.13367 2.01781e-07 0)
(1.13367 1.82176e-07 0)
(1.13367 1.64834e-07 0)
(1.13367 1.49311e-07 0)
(1.13367 1.35213e-07 0)
(1.13367 1.22244e-07 0)
(1.13367 1.10252e-07 0)
(1.13367 9.9223e-08 0)
(1.13367 8.92302e-08 0)
(1.13367 8.03497e-08 0)
(1.13367 7.25547e-08 0)
(1.13367 6.56493e-08 0)
(1.13367 5.93037e-08 0)
(1.13367 5.32031e-08 0)
(1.13367 4.72172e-08 0)
(1.13367 4.14628e-08 0)
(1.13367 3.62156e-08 0)
(1.13367 3.17221e-08 0)
(1.13367 2.80164e-08 0)
(1.13367 2.48644e-08 0)
(1.13367 2.18815e-08 0)
(1.13367 1.87592e-08 0)
(1.13367 1.54535e-08 0)
(1.13367 1.22184e-08 0)
(1.13367 9.45745e-09 0)
(1.13367 7.41434e-09 0)
(1.13367 5.97913e-09 0)
(1.13367 4.78626e-09 0)
(1.13367 3.40411e-09 0)
(1.13367 1.63117e-09 0)
(1.13367 -2.45853e-10 0)
(1.13367 -1.87119e-09 0)
(1.13367 -2.94535e-09 0)
(1.13367 -3.4936e-09 0)
(1.13367 -3.8541e-09 0)
(1.13367 -4.42745e-09 0)
(1.13367 -5.36083e-09 0)
(1.13367 -6.48713e-09 0)
(1.13367 -7.45949e-09 0)
(1.13367 -7.99147e-09 0)
(1.13367 -8.07632e-09 0)
(1.13367 -7.90781e-09 0)
(1.13367 -7.64932e-09 0)
(1.13367 -7.43405e-09 0)
(1.13367 -7.34604e-09 0)
(1.13367 -7.41514e-09 0)
(1.13367 -7.55297e-09 0)
(1.13367 -7.48807e-09 0)
(1.13367 -6.93819e-09 0)
(1.13367 -5.78909e-09 0)
(1.13367 -4.39626e-09 0)
(1.13367 -3.32597e-09 0)
(1.13367 -2.86228e-09 0)
(1.13367 -2.73035e-09 0)
(1.13367 -2.09952e-09 0)
(1.13367 -4.31658e-10 0)
(1.13367 1.98671e-09 0)
(1.13367 4.31854e-09 0)
(1.13367 5.77101e-09 0)
(1.13367 6.41721e-09 0)
(1.13367 7.31997e-09 0)
(1.13367 9.49994e-09 0)
(1.13367 1.29546e-08 0)
(1.13367 1.67505e-08 0)
(1.13367 1.98597e-08 0)
(1.13367 2.20585e-08 0)
(1.13367 2.38531e-08 0)
(1.13367 2.59318e-08 0)
(1.13367 2.8726e-08 0)
(1.13367 3.2292e-08 0)
(1.13367 3.63266e-08 0)
(1.13367 4.00859e-08 0)
(1.13367 4.27452e-08 0)
(1.13367 4.42954e-08 0)
(1.13367 4.59561e-08 0)
(1.13367 4.91873e-08 0)
(1.13367 5.4027e-08 0)
(1.13367 5.86477e-08 0)
(1.13367 6.11836e-08 0)
(1.13367 6.18429e-08 0)
(1.13367 6.2667e-08 0)
(1.13367 6.5196e-08 0)
(1.13367 6.90504e-08 0)
(1.13367 7.27314e-08 0)
(1.13367 7.52594e-08 0)
(1.13367 7.65087e-08 0)
(1.13367 7.70318e-08 0)
(1.13367 7.81077e-08 0)
(1.13367 8.12732e-08 0)
(1.13367 8.6399e-08 0)
(1.13367 9.10803e-08 0)
(1.13367 9.32429e-08 0)
(1.13367 9.41246e-08 0)
(1.13367 9.66695e-08 0)
(1.13367 1.01656e-07 0)
(1.13367 1.07533e-07 0)
(1.13367 1.13261e-07 0)
(1.13367 1.18644e-07 0)
(1.13367 1.23032e-07 0)
(1.13367 1.26836e-07 0)
(1.13367 1.32822e-07 0)
(1.13367 1.42113e-07 0)
(1.13367 1.51522e-07 0)
(1.13367 1.5932e-07 0)
(1.13367 1.68511e-07 0)
(1.13367 1.79573e-07 0)
(1.13367 1.90216e-07 0)
(1.13367 2.03286e-07 0)
(1.13367 2.20133e-07 0)
(1.13367 2.35147e-07 0)
(1.13367 2.5134e-07 0)
(1.13367 2.74049e-07 0)
(1.13367 2.96284e-07 0)
(1.13367 3.18387e-07 0)
(1.13367 3.47041e-07 0)
(1.13367 3.75432e-07 0)
(1.13367 4.06568e-07 0)
(1.13367 4.45143e-07 0)
(1.13367 4.86465e-07 0)
(1.13367 5.2921e-07 0)
(1.13367 5.76744e-07 0)
(1.13367 6.2737e-07 0)
(1.13367 6.87667e-07 0)
(1.13367 7.509e-07 0)
(1.13367 8.22812e-07 0)
(1.13367 8.9523e-07 0)
(1.13367 9.7994e-07 0)
(1.13367 1.06553e-06 0)
(1.13367 1.17048e-06 0)
(1.13367 1.26924e-06 0)
(1.13367 1.39385e-06 0)
(1.13367 1.50014e-06 0)
(1.13367 1.64501e-06 0)
(1.13367 1.75204e-06 0)
(1.13367 1.91913e-06 0)
(1.13367 2.00921e-06 0)
(1.13367 2.18717e-06 0)
(1.00002 0.000657636 0)
(1.0005 0.00195842 0)
(1.00139 0.00322071 0)
(1.00272 0.00441809 0)
(1.00448 0.00552597 0)
(1.00662 0.0065251 0)
(1.00908 0.00740292 0)
(1.01182 0.00815346 0)
(1.01479 0.00877637 0)
(1.01795 0.00927574 0)
(1.02124 0.00965897 0)
(1.02463 0.00993564 0)
(1.02808 0.0101167 0)
(1.03157 0.0102134 0)
(1.03507 0.0102372 0)
(1.03855 0.010199 0)
(1.042 0.0101087 0)
(1.0454 0.00997535 0)
(1.04875 0.0098068 0)
(1.05202 0.00960991 0)
(1.05522 0.00939054 0)
(1.05833 0.00915359 0)
(1.06136 0.00890318 0)
(1.0643 0.00864272 0)
(1.06715 0.00837505 0)
(1.06991 0.00810251 0)
(1.07257 0.00782708 0)
(1.07514 0.00755046 0)
(1.07761 0.00727413 0)
(1.07999 0.00699947 0)
(1.08227 0.0067278 0)
(1.08447 0.00646051 0)
(1.08657 0.0061992 0)
(1.08859 0.00594582 0)
(1.09052 0.00570279 0)
(1.09237 0.00547311 0)
(1.09414 0.00526034 0)
(1.09585 0.00506845 0)
(1.09749 0.00490153 0)
(1.09907 0.00476335 0)
(1.10062 0.00465683 0)
(1.10213 0.00458351 0)
(1.10361 0.00454301 0)
(1.10509 0.0045328 0)
(1.10656 0.00454802 0)
(1.10804 0.0045817 0)
(1.10953 0.00462515 0)
(1.11102 0.00466864 0)
(1.11253 0.0047021 0)
(1.11405 0.00471605 0)
(1.11556 0.00470222 0)
(1.11706 0.00465429 0)
(1.11854 0.00456825 0)
(1.11997 0.00444258 0)
(1.12136 0.00427821 0)
(1.12269 0.0040783 0)
(1.12394 0.00384779 0)
(1.12512 0.00359291 0)
(1.1262 0.00332065 0)
(1.12719 0.00303822 0)
(1.12809 0.00275261 0)
(1.1289 0.00247019 0)
(1.12962 0.00219648 0)
(1.13025 0.00193598 0)
(1.1308 0.00169208 0)
(1.13128 0.00146713 0)
(1.13169 0.00126248 0)
(1.13203 0.00107864 0)
(1.13233 0.000915393 0)
(1.13257 0.000771969 0)
(1.13278 0.000647194 0)
(1.13295 0.000539618 0)
(1.13309 0.000447639 0)
(1.13321 0.000369597 0)
(1.1333 0.000303841 0)
(1.13338 0.000248793 0)
(1.13344 0.00020298 0)
(1.13349 0.000165058 0)
(1.13353 0.000133821 0)
(1.13356 0.000108208 0)
(1.13358 8.72893e-05 0)
(1.1336 7.02687e-05 0)
(1.13362 5.64672e-05 0)
(1.13363 4.531e-05 0)
(1.13364 3.63149e-05 0)
(1.13365 2.90804e-05 0)
(1.13366 2.32755e-05 0)
(1.13366 1.86264e-05 0)
(1.13366 1.4909e-05 0)
(1.13367 1.19411e-05 0)
(1.13367 9.57457e-06 0)
(1.13367 7.68935e-06 0)
(1.13367 6.18891e-06 0)
(1.13367 4.99515e-06 0)
(1.13367 4.04531e-06 0)
(1.13367 3.28944e-06 0)
(1.13367 2.68757e-06 0)
(1.13367 2.20746e-06 0)
(1.13367 1.82361e-06 0)
(1.13367 1.51607e-06 0)
(1.13367 1.26898e-06 0)
(1.13367 1.06966e-06 0)
(1.13367 9.08284e-07 0)
(1.13367 7.77173e-07 0)
(1.13367 6.70062e-07 0)
(1.13367 5.81835e-07 0)
(1.13367 5.08497e-07 0)
(1.13367 4.46965e-07 0)
(1.13367 3.9483e-07 0)
(1.13367 3.50274e-07 0)
(1.13367 3.11971e-07 0)
(1.13367 2.78888e-07 0)
(1.13367 2.50144e-07 0)
(1.13367 2.24995e-07 0)
(1.13367 2.02824e-07 0)
(1.13367 1.83098e-07 0)
(1.13367 1.6534e-07 0)
(1.13367 1.49169e-07 0)
(1.13367 1.34351e-07 0)
(1.13367 1.20799e-07 0)
(1.13367 1.08523e-07 0)
(1.13367 9.7554e-08 0)
(1.13367 8.78585e-08 0)
(1.13367 7.92785e-08 0)
(1.13367 7.15269e-08 0)
(1.13367 6.42801e-08 0)
(1.13367 5.73225e-08 0)
(1.13367 5.06467e-08 0)
(1.13367 4.44371e-08 0)
(1.13367 3.89397e-08 0)
(1.13367 3.42829e-08 0)
(1.13367 3.03577e-08 0)
(1.13367 2.6849e-08 0)
(1.13367 2.34043e-08 0)
(1.13367 1.98487e-08 0)
(1.13367 1.6301e-08 0)
(1.13367 1.31147e-08 0)
(1.13367 1.06246e-08 0)
(1.13367 8.87126e-09 0)
(1.13367 7.57307e-09 0)
(1.13367 6.26163e-09 0)
(1.13367 4.58961e-09 0)
(1.13367 2.58862e-09 0)
(1.13367 6.57064e-10 0)
(1.13367 -7.52962e-10 0)
(1.13367 -1.48399e-09 0)
(1.13367 -1.7809e-09 0)
(1.13367 -2.1743e-09 0)
(1.13367 -3.01941e-09 0)
(1.13367 -4.25396e-09 0)
(1.13367 -5.4964e-09 0)
(1.13367 -6.28045e-09 0)
(1.13367 -6.44746e-09 0)
(1.13367 -6.22843e-09 0)
(1.13367 -5.95878e-09 0)
(1.13367 -5.89564e-09 0)
(1.13367 -6.08116e-09 0)
(1.13367 -6.36805e-09 0)
(1.13367 -6.57509e-09 0)
(1.13367 -6.50725e-09 0)
(1.13367 -6.06761e-09 0)
(1.13367 -5.22997e-09 0)
(1.13367 -4.20869e-09 0)
(1.13367 -3.37846e-09 0)
(1.13367 -2.9836e-09 0)
(1.13367 -2.91423e-09 0)
(1.13367 -2.57752e-09 0)
(1.13367 -1.346e-09 0)
(1.13367 6.85805e-10 0)
(1.13367 2.87682e-09 0)
(1.13367 4.38258e-09 0)
(1.13367 4.93835e-09 0)
(1.13367 5.38306e-09 0)
(1.13367 6.94739e-09 0)
(1.13367 1.00076e-08 0)
(1.13367 1.37681e-08 0)
(1.13367 1.69049e-08 0)
(1.13367 1.88928e-08 0)
(1.13367 2.03159e-08 0)
(1.13367 2.21874e-08 0)
(1.13367 2.50381e-08 0)
(1.13367 2.86102e-08 0)
(1.13367 3.22994e-08 0)
(1.13367 3.55717e-08 0)
(1.13367 3.81098e-08 0)
(1.13367 4.00707e-08 0)
(1.13367 4.22482e-08 0)
(1.13367 4.56374e-08 0)
(1.13367 5.03577e-08 0)
(1.13367 5.49887e-08 0)
(1.13367 5.77067e-08 0)
(1.13367 5.8383e-08 0)
(1.13367 5.90521e-08 0)
(1.13367 6.17584e-08 0)
(1.13367 6.62647e-08 0)
(1.13367 7.04039e-08 0)
(1.13367 7.26017e-08 0)
(1.13367 7.3214e-08 0)
(1.13367 7.36681e-08 0)
(1.13367 7.52325e-08 0)
(1.13367 7.86735e-08 0)
(1.13367 8.35482e-08 0)
(1.13367 8.79051e-08 0)
(1.13367 8.97938e-08 0)
(1.13367 9.00855e-08 0)
(1.13367 9.19325e-08 0)
(1.13367 9.69873e-08 0)
(1.13367 1.03304e-07 0)
(1.13367 1.08335e-07 0)
(1.13367 1.11809e-07 0)
(1.13367 1.151e-07 0)
(1.13367 1.1947e-07 0)
(1.13367 1.25769e-07 0)
(1.13367 1.33648e-07 0)
(1.13367 1.41539e-07 0)
(1.13367 1.48316e-07 0)
(1.13367 1.54797e-07 0)
(1.13367 1.63185e-07 0)
(1.13367 1.743e-07 0)
(1.13367 1.862e-07 0)
(1.13367 1.98296e-07 0)
(1.13367 2.12337e-07 0)
(1.13367 2.26538e-07 0)
(1.13367 2.4118e-07 0)
(1.13367 2.61435e-07 0)
(1.13367 2.84002e-07 0)
(1.13367 3.03776e-07 0)
(1.13367 3.28133e-07 0)
(1.13367 3.56356e-07 0)
(1.13367 3.8523e-07 0)
(1.13367 4.1935e-07 0)
(1.13367 4.56753e-07 0)
(1.13367 4.94399e-07 0)
(1.13367 5.37493e-07 0)
(1.13367 5.83679e-07 0)
(1.13367 6.37442e-07 0)
(1.13367 6.93466e-07 0)
(1.13367 7.56402e-07 0)
(1.13367 8.1984e-07 0)
(1.13367 8.94989e-07 0)
(1.13367 9.69109e-07 0)
(1.13367 1.06131e-06 0)
(1.13367 1.14627e-06 0)
(1.13367 1.25297e-06 0)
(1.13367 1.34043e-06 0)
(1.13367 1.46381e-06 0)
(1.13367 1.55264e-06 0)
(1.13368 1.69647e-06 0)
(1.13367 1.7648e-06 0)
(1.13368 1.92266e-06 0)
(1.00002 0.000430589 0)
(1.00047 0.00128253 0)
(1.00132 0.00210997 0)
(1.00259 0.00289607 0)
(1.00426 0.0036251 0)
(1.0063 0.00428458 0)
(1.00866 0.00486619 0)
(1.01129 0.0053657 0)
(1.01415 0.00578243 0)
(1.0172 0.00611861 0)
(1.0204 0.00637864 0)
(1.0237 0.00656847 0)
(1.02708 0.00669494 0)
(1.03049 0.00676534 0)
(1.03393 0.00678698 0)
(1.03736 0.0067669 0)
(1.04076 0.00671168 0)
(1.04413 0.00662723 0)
(1.04744 0.0065188 0)
(1.05068 0.006391 0)
(1.05386 0.00624773 0)
(1.05696 0.00609233 0)
(1.05997 0.00592759 0)
(1.0629 0.00575583 0)
(1.06574 0.00557901 0)
(1.06849 0.00539872 0)
(1.07115 0.00521635 0)
(1.07371 0.00503305 0)
(1.07618 0.00484986 0)
(1.07856 0.0046677 0)
(1.08085 0.00448749 0)
(1.08304 0.00431018 0)
(1.08515 0.00413686 0)
(1.08717 0.00396884 0)
(1.08911 0.00380776 0)
(1.09097 0.00365567 0)
(1.09275 0.00351496 0)
(1.09447 0.0033883 0)
(1.09612 0.00327844 0)
(1.09773 0.0031879 0)
(1.09929 0.00311862 0)
(1.10082 0.00307159 0)
(1.10233 0.00304654 0)
(1.10383 0.00304174 0)
(1.10533 0.00305389 0)
(1.10684 0.0030783 0)
(1.10837 0.00310916 0)
(1.10991 0.00313994 0)
(1.11146 0.00316391 0)
(1.11302 0.00317473 0)
(1.11457 0.00316689 0)
(1.11612 0.00313616 0)
(1.11765 0.00307983 0)
(1.11914 0.00299688 0)
(1.12058 0.00288792 0)
(1.12196 0.00275502 0)
(1.12327 0.00260145 0)
(1.1245 0.00243135 0)
(1.12563 0.00224936 0)
(1.12668 0.00206031 0)
(1.12763 0.00186885 0)
(1.12848 0.00167926 0)
(1.12925 0.00149526 0)
(1.12992 0.00131988 0)
(1.13051 0.00115543 0)
(1.13103 0.00100352 0)
(1.13147 0.000865096 0)
(1.13185 0.000740542 0)
(1.13217 0.00062975 0)
(1.13244 0.00053224 0)
(1.13266 0.000447253 0)
(1.13285 0.000373843 0)
(1.13301 0.000310952 0)
(1.13314 0.00025748 0)
(1.13324 0.000212331 0)
(1.13333 0.00017445 0)
(1.1334 0.000142849 0)
(1.13346 0.000116626 0)
(1.1335 9.49702e-05 0)
(1.13354 7.71626e-05 0)
(1.13357 6.25772e-05 0)
(1.13359 5.06719e-05 0)
(1.13361 4.09841e-05 0)
(1.13362 3.31234e-05 0)
(1.13363 2.67606e-05 0)
(1.13364 2.162e-05 0)
(1.13365 1.74749e-05 0)
(1.13366 1.41374e-05 0)
(1.13366 1.14525e-05 0)
(1.13366 9.2942e-06 0)
(1.13367 7.5604e-06 0)
(1.13367 6.16794e-06 0)
(1.13367 5.04946e-06 0)
(1.13367 4.15053e-06 0)
(1.13367 3.42701e-06 0)
(1.13367 2.84364e-06 0)
(1.13367 2.37244e-06 0)
(1.13367 1.99067e-06 0)
(1.13367 1.68012e-06 0)
(1.13367 1.42658e-06 0)
(1.13367 1.21879e-06 0)
(1.13367 1.04769e-06 0)
(1.13367 9.06138e-07 0)
(1.13367 7.88483e-07 0)
(1.13367 6.90018e-07 0)
(1.13367 6.06921e-07 0)
(1.13367 5.36228e-07 0)
(1.13367 4.75609e-07 0)
(1.13367 4.23188e-07 0)
(1.13367 3.77539e-07 0)
(1.13367 3.37616e-07 0)
(1.13367 3.02597e-07 0)
(1.13367 2.71771e-07 0)
(1.13367 2.44522e-07 0)
(1.13367 2.203e-07 0)
(1.13367 1.98594e-07 0)
(1.13367 1.7895e-07 0)
(1.13367 1.6105e-07 0)
(1.13367 1.44736e-07 0)
(1.13367 1.29965e-07 0)
(1.13367 1.16719e-07 0)
(1.13367 1.04939e-07 0)
(1.13367 9.44757e-08 0)
(1.13367 8.50789e-08 0)
(1.13367 7.64479e-08 0)
(1.13367 6.83313e-08 0)
(1.13367 6.06294e-08 0)
(1.13367 5.34243e-08 0)
(1.13367 4.69107e-08 0)
(1.13367 4.12516e-08 0)
(1.13367 3.64341e-08 0)
(1.13367 3.22332e-08 0)
(1.13367 2.83152e-08 0)
(1.13367 2.44257e-08 0)
(1.13367 2.05532e-08 0)
(1.13367 1.69544e-08 0)
(1.13367 1.39796e-08 0)
(1.13367 1.17986e-08 0)
(1.13367 1.02647e-08 0)
(1.13367 8.9469e-09 0)
(1.13367 7.36985e-09 0)
(1.13367 5.38517e-09 0)
(1.13367 3.26777e-09 0)
(1.13367 1.48728e-09 0)
(1.13367 4.32877e-10 0)
(1.13367 6.15543e-12 0)
(1.13367 -2.51948e-10 0)
(1.13367 -8.54275e-10 0)
(1.13367 -2.01925e-09 0)
(1.13367 -3.44493e-09 0)
(1.13367 -4.54365e-09 0)
(1.13367 -4.92628e-09 0)
(1.13367 -4.70781e-09 0)
(1.13367 -4.32718e-09 0)
(1.13367 -4.24968e-09 0)
(1.13367 -4.63132e-09 0)
(1.13367 -5.22007e-09 0)
(1.13367 -5.65714e-09 0)
(1.13367 -5.65325e-09 0)
(1.13367 -5.20526e-09 0)
(1.13367 -4.46863e-09 0)
(1.13367 -3.69971e-09 0)
(1.13367 -3.1575e-09 0)
(1.13367 -2.93877e-09 0)
(1.13367 -2.95597e-09 0)
(1.13367 -2.79373e-09 0)
(1.13367 -1.95404e-09 0)
(1.13367 -3.3414e-10 0)
(1.13367 1.60002e-09 0)
(1.13367 3.1171e-09 0)
(1.13367 3.76082e-09 0)
(1.13367 3.99352e-09 0)
(1.13367 4.98992e-09 0)
(1.13367 7.43848e-09 0)
(1.13367 1.08991e-08 0)
(1.13367 1.40156e-08 0)
(1.13367 1.59255e-08 0)
(1.13367 1.70429e-08 0)
(1.13367 1.86028e-08 0)
(1.13367 2.1424e-08 0)
(1.13367 2.51523e-08 0)
(1.13367 2.87537e-08 0)
(1.13367 3.1561e-08 0)
(1.13367 3.36771e-08 0)
(1.13367 3.57208e-08 0)
(1.13367 3.83541e-08 0)
(1.13367 4.20243e-08 0)
(1.13367 4.66229e-08 0)
(1.13367 5.10868e-08 0)
(1.13367 5.39381e-08 0)
(1.13367 5.48648e-08 0)
(1.13367 5.55493e-08 0)
(1.13367 5.81788e-08 0)
(1.13367 6.28972e-08 0)
(1.13367 6.74193e-08 0)
(1.13367 6.95994e-08 0)
(1.13367 6.985e-08 0)
(1.13367 7.03838e-08 0)
(1.13367 7.26828e-08 0)
(1.13367 7.65681e-08 0)
(1.13367 8.08981e-08 0)
(1.13367 8.42742e-08 0)
(1.13367 8.56019e-08 0)
(1.13367 8.58247e-08 0)
(1.13367 8.78282e-08 0)
(1.13367 9.31796e-08 0)
(1.13367 9.95503e-08 0)
(1.13367 1.0373e-07 0)
(1.13367 1.05712e-07 0)
(1.13367 1.07974e-07 0)
(1.13367 1.12126e-07 0)
(1.13367 1.1866e-07 0)
(1.13367 1.26749e-07 0)
(1.13367 1.33311e-07 0)
(1.13367 1.36836e-07 0)
(1.13367 1.41404e-07 0)
(1.13367 1.49889e-07 0)
(1.13367 1.59684e-07 0)
(1.13367 1.69786e-07 0)
(1.13367 1.80654e-07 0)
(1.13367 1.89965e-07 0)
(1.13367 2.00732e-07 0)
(1.13367 2.16481e-07 0)
(1.13367 2.3168e-07 0)
(1.13367 2.47348e-07 0)
(1.13367 2.67887e-07 0)
(1.13367 2.86647e-07 0)
(1.13367 3.08218e-07 0)
(1.13367 3.35667e-07 0)
(1.13367 3.61768e-07 0)
(1.13367 3.89437e-07 0)
(1.13367 4.21198e-07 0)
(1.13367 4.55473e-07 0)
(1.13367 4.95372e-07 0)
(1.13367 5.3677e-07 0)
(1.13367 5.8175e-07 0)
(1.13367 6.28783e-07 0)
(1.13367 6.83776e-07 0)
(1.13367 7.40461e-07 0)
(1.13367 8.06734e-07 0)
(1.13367 8.68726e-07 0)
(1.13367 9.45649e-07 0)
(1.13367 1.0151e-06 0)
(1.13367 1.10514e-06 0)
(1.13367 1.17828e-06 0)
(1.13367 1.2848e-06 0)
(1.13367 1.355e-06 0)
(1.13368 1.47406e-06 0)
(1.13367 1.52591e-06 0)
(1.13368 1.66895e-06 0)
(1.00002 0.000213007 0)
(1.00046 0.00063453 0)
(1.00128 0.00104413 0)
(1.00251 0.00143362 0)
(1.00413 0.00179532 0)
(1.00612 0.0021231 0)
(1.00842 0.00241283 0)
(1.01098 0.00266231 0)
(1.01378 0.00287109 0)
(1.01677 0.00304013 0)
(1.01991 0.00317149 0)
(1.02316 0.003268 0)
(1.02648 0.00333297 0)
(1.02986 0.00336994 0)
(1.03326 0.0033825 0)
(1.03665 0.0033741 0)
(1.04003 0.00334801 0)
(1.04337 0.00330716 0)
(1.04666 0.00325418 0)
(1.0499 0.00319135 0)
(1.05306 0.00312066 0)
(1.05615 0.00304378 0)
(1.05915 0.00296212 0)
(1.06208 0.00287686 0)
(1.06491 0.00278898 0)
(1.06766 0.00269931 0)
(1.07031 0.00260855 0)
(1.07287 0.00251728 0)
(1.07534 0.00242603 0)
(1.07772 0.00233528 0)
(1.08001 0.00224547 0)
(1.08221 0.00215711 0)
(1.08432 0.00207072 0)
(1.08634 0.00198698 0)
(1.08828 0.00190673 0)
(1.09015 0.00183098 0)
(1.09194 0.00176095 0)
(1.09366 0.00169799 0)
(1.09532 0.00164348 0)
(1.09693 0.00159868 0)
(1.09851 0.00156458 0)
(1.10005 0.00154166 0)
(1.10158 0.00152977 0)
(1.10309 0.00152802 0)
(1.10461 0.00153476 0)
(1.10614 0.00154762 0)
(1.10769 0.00156367 0)
(1.10925 0.00157964 0)
(1.11082 0.00159215 0)
(1.11241 0.00159802 0)
(1.11399 0.0015945 0)
(1.11557 0.00157948 0)
(1.11713 0.0015516 0)
(1.11865 0.00151036 0)
(1.12012 0.00145607 0)
(1.12153 0.00138975 0)
(1.12287 0.00131304 0)
(1.12413 0.00122801 0)
(1.1253 0.00113699 0)
(1.12637 0.00104237 0)
(1.12735 0.000946483 0)
(1.12824 0.000851477 0)
(1.12903 0.000759204 0)
(1.12972 0.000671185 0)
(1.13034 0.000588583 0)
(1.13087 0.000512207 0)
(1.13133 0.00044254 0)
(1.13173 0.000379779 0)
(1.13207 0.000323879 0)
(1.13235 0.000274606 0)
(1.13259 0.000231591 0)
(1.13279 0.000194367 0)
(1.13296 0.00016241 0)
(1.13309 0.000135176 0)
(1.13321 0.00011212 0)
(1.1333 9.27197e-05 0)
(1.13337 7.64825e-05 0)
(1.13343 6.29583e-05 0)
(1.13348 5.17428e-05 0)
(1.13352 4.2477e-05 0)
(1.13356 3.48474e-05 0)
(1.13358 2.85833e-05 0)
(1.1336 2.34516e-05 0)
(1.13362 1.92565e-05 0)
(1.13363 1.58325e-05 0)
(1.13364 1.30397e-05 0)
(1.13365 1.07631e-05 0)
(1.13365 8.90821e-06 0)
(1.13366 7.39628e-06 0)
(1.13366 6.16265e-06 0)
(1.13366 5.15509e-06 0)
(1.13367 4.33098e-06 0)
(1.13367 3.65555e-06 0)
(1.13367 3.10071e-06 0)
(1.13367 2.64348e-06 0)
(1.13367 2.26513e-06 0)
(1.13367 1.95068e-06 0)
(1.13367 1.68803e-06 0)
(1.13367 1.46751e-06 0)
(1.13367 1.28152e-06 0)
(1.13367 1.12398e-06 0)
(1.13367 9.89909e-07 0)
(1.13367 8.75237e-07 0)
(1.13367 7.76586e-07 0)
(1.13367 6.91118e-07 0)
(1.13367 6.16567e-07 0)
(1.13367 5.51181e-07 0)
(1.13367 4.93549e-07 0)
(1.13367 4.42514e-07 0)
(1.13367 3.97196e-07 0)
(1.13367 3.56919e-07 0)
(1.13367 3.21082e-07 0)
(1.13367 2.89112e-07 0)
(1.13367 2.60481e-07 0)
(1.13367 2.34709e-07 0)
(1.13367 2.11374e-07 0)
(1.13367 1.90149e-07 0)
(1.13367 1.7084e-07 0)
(1.13367 1.53364e-07 0)
(1.13367 1.37665e-07 0)
(1.13367 1.23649e-07 0)
(1.13367 1.11147e-07 0)
(1.13367 9.99207e-08 0)
(1.13367 8.96948e-08 0)
(1.13367 8.02184e-08 0)
(1.13367 7.13434e-08 0)
(1.13367 6.30707e-08 0)
(1.13367 5.55255e-08 0)
(1.13367 4.88571e-08 0)
(1.13367 4.31026e-08 0)
(1.13367 3.81123e-08 0)
(1.13367 3.35963e-08 0)
(1.13367 2.92713e-08 0)
(1.13367 2.50286e-08 0)
(1.13367 2.10129e-08 0)
(1.13367 1.75355e-08 0)
(1.13367 1.4845e-08 0)
(1.13367 1.29263e-08 0)
(1.13367 1.14581e-08 0)
(1.13367 9.92657e-09 0)
(1.13367 8.00345e-09 0)
(1.13367 5.78831e-09 0)
(1.13367 3.71366e-09 0)
(1.13367 2.26878e-09 0)
(1.13367 1.61154e-09 0)
(1.13367 1.39116e-09 0)
(1.13367 9.83061e-10 0)
(1.13367 2.48603e-11 0)
(1.13367 -1.39816e-09 0)
(1.13367 -2.76452e-09 0)
(1.13367 -3.46564e-09 0)
(1.13367 -3.37071e-09 0)
(1.13367 -2.87188e-09 0)
(1.13367 -2.62678e-09 0)
(1.13367 -3.03081e-09 0)
(1.13367 -3.87585e-09 0)
(1.13367 -4.66155e-09 0)
(1.13367 -4.89096e-09 0)
(1.13367 -4.46618e-09 0)
(1.13367 -3.69141e-09 0)
(1.13367 -2.98582e-09 0)
(1.13367 -2.65593e-09 0)
(1.13367 -2.6668e-09 0)
(1.13367 -2.83673e-09 0)
(1.13367 -2.79695e-09 0)
(1.13367 -2.21248e-09 0)
(1.13367 -9.66189e-10 0)
(1.13367 5.72029e-10 0)
(1.13367 1.93036e-09 0)
(1.13367 2.665e-09 0)
(1.13367 2.90875e-09 0)
(1.13367 3.5582e-09 0)
(1.13367 5.39477e-09 0)
(1.13367 8.35662e-09 0)
(1.13367 1.13028e-08 0)
(1.13367 1.31654e-08 0)
(1.13367 1.40503e-08 0)
(1.13367 1.5216e-08 0)
(1.13367 1.78075e-08 0)
(1.13367 2.16546e-08 0)
(1.13367 2.54378e-08 0)
(1.13367 2.8076e-08 0)
(1.13367 2.97316e-08 0)
(1.13367 3.15216e-08 0)
(1.13367 3.4368e-08 0)
(1.13367 3.83346e-08 0)
(1.13367 4.28229e-08 0)
(1.13367 4.69235e-08 0)
(1.13367 4.97345e-08 0)
(1.13367 5.10825e-08 0)
(1.13367 5.21593e-08 0)
(1.13367 5.48079e-08 0)
(1.13367 5.94195e-08 0)
(1.13367 6.40176e-08 0)
(1.13367 6.62412e-08 0)
(1.13367 6.62817e-08 0)
(1.13367 6.67858e-08 0)
(1.13367 6.97629e-08 0)
(1.13367 7.44495e-08 0)
(1.13367 7.86214e-08 0)
(1.13367 8.09815e-08 0)
(1.13367 8.17412e-08 0)
(1.13367 8.21373e-08 0)
(1.13367 8.42614e-08 0)
(1.13367 8.94029e-08 0)
(1.13367 9.55795e-08 0)
(1.13367 9.90312e-08 0)
(1.13367 9.95163e-08 0)
(1.13367 1.01111e-07 0)
(1.13367 1.06429e-07 0)
(1.13367 1.13451e-07 0)
(1.13367 1.19675e-07 0)
(1.13367 1.24526e-07 0)
(1.13367 1.27398e-07 0)
(1.13367 1.2963e-07 0)
(1.13367 1.36443e-07 0)
(1.13367 1.47949e-07 0)
(1.13367 1.56782e-07 0)
(1.13367 1.62193e-07 0)
(1.13367 1.70092e-07 0)
(1.13367 1.79161e-07 0)
(1.13367 1.8992e-07 0)
(1.13367 2.06625e-07 0)
(1.13367 2.21309e-07 0)
(1.13367 2.31775e-07 0)
(1.13367 2.48416e-07 0)
(1.13367 2.67642e-07 0)
(1.13367 2.87521e-07 0)
(1.13367 3.11026e-07 0)
(1.13367 3.33786e-07 0)
(1.13367 3.57017e-07 0)
(1.13367 3.85153e-07 0)
(1.13367 4.15794e-07 0)
(1.13367 4.50008e-07 0)
(1.13367 4.84413e-07 0)
(1.13367 5.21856e-07 0)
(1.13367 5.623e-07 0)
(1.13367 6.093e-07 0)
(1.13367 6.56338e-07 0)
(1.13367 7.10435e-07 0)
(1.13367 7.60491e-07 0)
(1.13367 8.24132e-07 0)
(1.13367 8.80311e-07 0)
(1.13367 9.55962e-07 0)
(1.13367 1.01547e-06 0)
(1.13367 1.10198e-06 0)
(1.13367 1.15357e-06 0)
(1.13368 1.25701e-06 0)
(1.13367 1.30029e-06 0)
(1.13368 1.42021e-06 0)
(1.00002 2.26439e-08 0)
(1.00045 6.43379e-08 0)
(1.00126 1.12453e-07 0)
(1.00248 1.57584e-07 0)
(1.00409 2.06379e-07 0)
(1.00606 2.6213e-07 0)
(1.00834 3.15494e-07 0)
(1.01088 3.70594e-07 0)
(1.01366 4.31991e-07 0)
(1.01663 4.97316e-07 0)
(1.01975 5.65843e-07 0)
(1.02298 6.37106e-07 0)
(1.02629 7.16052e-07 0)
(1.02965 7.97143e-07 0)
(1.03304 8.7859e-07 0)
(1.03642 9.72786e-07 0)
(1.03979 1.06463e-06 0)
(1.04312 1.16032e-06 0)
(1.04641 1.26697e-06 0)
(1.04964 1.36983e-06 0)
(1.0528 1.47839e-06 0)
(1.05588 1.59129e-06 0)
(1.05888 1.70399e-06 0)
(1.0618 1.8185e-06 0)
(1.06464 1.93405e-06 0)
(1.06738 2.04854e-06 0)
(1.07003 2.16037e-06 0)
(1.07259 2.26759e-06 0)
(1.07506 2.36854e-06 0)
(1.07744 2.4602e-06 0)
(1.07973 2.53796e-06 0)
(1.08193 2.59842e-06 0)
(1.08404 2.63852e-06 0)
(1.08607 2.65574e-06 0)
(1.08801 2.65177e-06 0)
(1.08987 2.63156e-06 0)
(1.09167 2.60262e-06 0)
(1.09339 2.57711e-06 0)
(1.09506 2.56872e-06 0)
(1.09667 2.58984e-06 0)
(1.09825 2.64966e-06 0)
(1.0998 2.75189e-06 0)
(1.10133 2.89432e-06 0)
(1.10285 3.06869e-06 0)
(1.10438 3.2619e-06 0)
(1.10591 3.45686e-06 0)
(1.10746 3.636e-06 0)
(1.10903 3.78498e-06 0)
(1.11062 3.89452e-06 0)
(1.11221 3.96141e-06 0)
(1.1138 3.98903e-06 0)
(1.11539 3.98719e-06 0)
(1.11695 3.97189e-06 0)
(1.11848 3.96251e-06 0)
(1.11997 3.97795e-06 0)
(1.12139 4.03543e-06 0)
(1.12274 4.14941e-06 0)
(1.12401 4.32828e-06 0)
(1.12518 4.57404e-06 0)
(1.12627 4.88231e-06 0)
(1.12726 5.24203e-06 0)
(1.12815 5.63843e-06 0)
(1.12895 6.05401e-06 0)
(1.12966 6.46914e-06 0)
(1.13028 6.86455e-06 0)
(1.13082 7.22244e-06 0)
(1.13129 7.52838e-06 0)
(1.13169 7.772e-06 0)
(1.13203 7.94528e-06 0)
(1.13232 8.04351e-06 0)
(1.13257 8.0672e-06 0)
(1.13277 8.01985e-06 0)
(1.13294 7.9061e-06 0)
(1.13308 7.73247e-06 0)
(1.13319 7.50742e-06 0)
(1.13329 7.23989e-06 0)
(1.13337 6.93874e-06 0)
(1.13343 6.61223e-06 0)
(1.13348 6.26769e-06 0)
(1.13352 5.9128e-06 0)
(1.13355 5.55433e-06 0)
(1.13358 5.19783e-06 0)
(1.1336 4.8471e-06 0)
(1.13361 4.50561e-06 0)
(1.13363 4.17691e-06 0)
(1.13364 3.8626e-06 0)
(1.13365 3.5632e-06 0)
(1.13365 3.28023e-06 0)
(1.13366 3.01449e-06 0)
(1.13366 2.76563e-06 0)
(1.13366 2.53346e-06 0)
(1.13367 2.31793e-06 0)
(1.13367 2.11851e-06 0)
(1.13367 1.93446e-06 0)
(1.13367 1.76492e-06 0)
(1.13367 1.60887e-06 0)
(1.13367 1.46523e-06 0)
(1.13367 1.33318e-06 0)
(1.13367 1.21207e-06 0)
(1.13367 1.10126e-06 0)
(1.13367 1.00006e-06 0)
(1.13367 9.07858e-07 0)
(1.13367 8.23985e-07 0)
(1.13367 7.4764e-07 0)
(1.13367 6.78023e-07 0)
(1.13367 6.14446e-07 0)
(1.13367 5.56337e-07 0)
(1.13367 5.03227e-07 0)
(1.13367 4.5479e-07 0)
(1.13367 4.10802e-07 0)
(1.13367 3.71017e-07 0)
(1.13367 3.35088e-07 0)
(1.13367 3.02582e-07 0)
(1.13367 2.73061e-07 0)
(1.13367 2.46138e-07 0)
(1.13367 2.21526e-07 0)
(1.13367 1.99056e-07 0)
(1.13367 1.7866e-07 0)
(1.13367 1.60294e-07 0)
(1.13367 1.43862e-07 0)
(1.13367 1.29178e-07 0)
(1.13367 1.15987e-07 0)
(1.13367 1.04007e-07 0)
(1.13367 9.29874e-08 0)
(1.13367 8.27633e-08 0)
(1.13367 7.32948e-08 0)
(1.13367 6.46556e-08 0)
(1.13367 5.69635e-08 0)
(1.13367 5.02648e-08 0)
(1.13367 4.44486e-08 0)
(1.13367 3.92619e-08 0)
(1.13367 3.44175e-08 0)
(1.13367 2.97451e-08 0)
(1.13367 2.52957e-08 0)
(1.13367 2.13146e-08 0)
(1.13367 1.8075e-08 0)
(1.13367 1.56652e-08 0)
(1.13367 1.38863e-08 0)
(1.13367 1.22768e-08 0)
(1.13367 1.03996e-08 0)
(1.13367 8.16233e-09 0)
(1.13367 5.86954e-09 0)
(1.13367 4.04741e-09 0)
(1.13367 3.04357e-09 0)
(1.13367 2.71081e-09 0)
(1.13367 2.51734e-09 0)
(1.13367 1.85519e-09 0)
(1.13367 5.41404e-10 0)
(1.13367 -9.84776e-10 0)
(1.13367 -2.03168e-09 0)
(1.13367 -2.21245e-09 0)
(1.13367 -1.69671e-09 0)
(1.13367 -1.19556e-09 0)
(1.13367 -1.42165e-09 0)
(1.13367 -2.3523e-09 0)
(1.13367 -3.47005e-09 0)
(1.13367 -4.08384e-09 0)
(1.13367 -3.83572e-09 0)
(1.13367 -3.019e-09 0)
(1.13367 -2.22262e-09 0)
(1.13367 -1.95225e-09 0)
(1.13367 -2.16955e-09 0)
(1.13367 -2.55164e-09 0)
(1.13367 -2.65942e-09 0)
(1.13367 -2.20704e-09 0)
(1.13367 -1.2408e-09 0)
(1.13367 -6.46098e-11 0)
(1.13367 9.67365e-10 0)
(1.13367 1.60768e-09 0)
(1.13367 1.906e-09 0)
(1.13367 2.43797e-09 0)
(1.13367 3.8341e-09 0)
(1.13367 6.25694e-09 0)
(1.13367 8.89693e-09 0)
(1.13367 1.06852e-08 0)
(1.13367 1.14182e-08 0)
(1.13367 1.21721e-08 0)
(1.13367 1.43168e-08 0)
(1.13367 1.8044e-08 0)
(1.13367 2.20519e-08 0)
(1.13367 2.48321e-08 0)
(1.13367 2.62571e-08 0)
(1.13367 2.76554e-08 0)
(1.13367 3.04016e-08 0)
(1.13367 3.45651e-08 0)
(1.13367 3.90545e-08 0)
(1.13367 4.27433e-08 0)
(1.13367 4.52162e-08 0)
(1.13367 4.68286e-08 0)
(1.13367 4.85252e-08 0)
(1.13367 5.14651e-08 0)
(1.13367 5.59052e-08 0)
(1.13367 6.03828e-08 0)
(1.13367 6.27797e-08 0)
(1.13367 6.29824e-08 0)
(1.13367 6.35045e-08 0)
(1.13367 6.67096e-08 0)
(1.13367 7.18009e-08 0)
(1.13367 7.58793e-08 0)
(1.13367 7.736e-08 0)
(1.13367 7.7553e-08 0)
(1.13367 7.86491e-08 0)
(1.13367 8.18476e-08 0)
(1.13367 8.68085e-08 0)
(1.13367 9.18306e-08 0)
(1.13367 9.44103e-08 0)
(1.13367 9.42861e-08 0)
(1.13367 9.50404e-08 0)
(1.13367 1.00239e-07 0)
(1.13367 1.08133e-07 0)
(1.13367 1.13949e-07 0)
(1.13367 1.16023e-07 0)
(1.13367 1.1726e-07 0)
(1.13367 1.20658e-07 0)
(1.13367 1.27078e-07 0)
(1.13367 1.35731e-07 0)
(1.13367 1.43769e-07 0)
(1.13367 1.47712e-07 0)
(1.13367 1.50608e-07 0)
(1.13367 1.59625e-07 0)
(1.13367 1.72355e-07 0)
(1.13367 1.82511e-07 0)
(1.13367 1.92865e-07 0)
(1.13367 2.04082e-07 0)
(1.13367 2.1411e-07 0)
(1.13367 2.29858e-07 0)
(1.13367 2.49928e-07 0)
(1.13367 2.65918e-07 0)
(1.13367 2.81619e-07 0)
(1.13367 3.01119e-07 0)
(1.13367 3.2338e-07 0)
(1.13367 3.50164e-07 0)
(1.13367 3.74618e-07 0)
(1.13367 3.99567e-07 0)
(1.13367 4.26444e-07 0)
(1.13367 4.59266e-07 0)
(1.13367 4.95027e-07 0)
(1.13367 5.32354e-07 0)
(1.13367 5.66878e-07 0)
(1.13367 6.08357e-07 0)
(1.13367 6.48917e-07 0)
(1.13367 7.01736e-07 0)
(1.13367 7.43831e-07 0)
(1.13367 8.00473e-07 0)
(1.13367 8.44198e-07 0)
(1.13367 9.14863e-07 0)
(1.13367 9.56672e-07 0)
(1.13368 1.04198e-06 0)
(1.13367 1.06876e-06 0)
(1.13368 1.17663e-06 0)
(1.00002 -0.000212963 0)
(1.00046 -0.000634398 0)
(1.00128 -0.0010439 0)
(1.00251 -0.0014333 0)
(1.00413 -0.00179491 0)
(1.00612 -0.00212258 0)
(1.00842 -0.0024122 0)
(1.01098 -0.00266156 0)
(1.01378 -0.00287022 0)
(1.01677 -0.00303913 0)
(1.01991 -0.00317035 0)
(1.02316 -0.00326672 0)
(1.02648 -0.00333154 0)
(1.02986 -0.00336834 0)
(1.03326 -0.00338073 0)
(1.03665 -0.00337216 0)
(1.04003 -0.00334588 0)
(1.04337 -0.00330483 0)
(1.04666 -0.00325164 0)
(1.0499 -0.00318861 0)
(1.05306 -0.0031177 0)
(1.05615 -0.0030406 0)
(1.05915 -0.00295871 0)
(1.06208 -0.00287322 0)
(1.06491 -0.00278511 0)
(1.06766 -0.00269521 0)
(1.07031 -0.00260422 0)
(1.07287 -0.00251274 0)
(1.07534 -0.00242128 0)
(1.07772 -0.00233034 0)
(1.08001 -0.00224038 0)
(1.08221 -0.00215189 0)
(1.08432 -0.00206542 0)
(1.08634 -0.00198164 0)
(1.08828 -0.00190139 0)
(1.09015 -0.00182568 0)
(1.09194 -0.0017557 0)
(1.09366 -0.00169278 0)
(1.09532 -0.00163829 0)
(1.09693 -0.00159345 0)
(1.09851 -0.00155923 0)
(1.10005 -0.00153611 0)
(1.10157 -0.00152394 0)
(1.10309 -0.00152185 0)
(1.10461 -0.00152821 0)
(1.10614 -0.00154069 0)
(1.10769 -0.00155639 0)
(1.10925 -0.00157207 0)
(1.11082 -0.00158437 0)
(1.11241 -0.00159011 0)
(1.11399 -0.00158654 0)
(1.11557 -0.00157152 0)
(1.11713 -0.00154367 0)
(1.11865 -0.00150245 0)
(1.12012 -0.00144811 0)
(1.12153 -0.00138166 0)
(1.12287 -0.00130471 0)
(1.12413 -0.00121932 0)
(1.1253 -0.00112779 0)
(1.12637 -0.00103254 0)
(1.12735 -0.00093593 0)
(1.12823 -0.000840127 0)
(1.12902 -0.000747022 0)
(1.12972 -0.000658176 0)
(1.13034 -0.000574788 0)
(1.13087 -0.000497705 0)
(1.13133 -0.000427437 0)
(1.13173 -0.000364202 0)
(1.13206 -0.000307968 0)
(1.13235 -0.000258513 0)
(1.13259 -0.000215463 0)
(1.13279 -0.000178346 0)
(1.13295 -0.000146628 0)
(1.13309 -0.00011975 0)
(1.1332 -9.71516e-05 0)
(1.1333 -7.82916e-05 0)
(1.13337 -6.26616e-05 0)
(1.13343 -4.97945e-05 0)
(1.13348 -3.9269e-05 0)
(1.13352 -3.07128e-05 0)
(1.13355 -2.37994e-05 0)
(1.13358 -1.82469e-05 0)
(1.1336 -1.38146e-05 0)
(1.13362 -1.02996e-05 0)
(1.13363 -7.52998e-06 0)
(1.13364 -5.36298e-06 0)
(1.13365 -3.68176e-06 0)
(1.13365 -2.38942e-06 0)
(1.13366 -1.40601e-06 0)
(1.13366 -6.67084e-07 0)
(1.13366 -1.20652e-07 0)
(1.13367 2.75429e-07 0)
(1.13367 5.54774e-07 0)
(1.13367 7.43928e-07 0)
(1.13367 8.64239e-07 0)
(1.13367 9.32489e-07 0)
(1.13367 9.61666e-07 0)
(1.13367 9.62155e-07 0)
(1.13367 9.42175e-07 0)
(1.13367 9.07961e-07 0)
(1.13367 8.64314e-07 0)
(1.13367 8.15003e-07 0)
(1.13367 7.62774e-07 0)
(1.13367 7.09477e-07 0)
(1.13367 6.56411e-07 0)
(1.13367 6.04515e-07 0)
(1.13367 5.54438e-07 0)
(1.13367 5.06677e-07 0)
(1.13367 4.61676e-07 0)
(1.13367 4.19766e-07 0)
(1.13367 3.81057e-07 0)
(1.13367 3.45442e-07 0)
(1.13367 3.12679e-07 0)
(1.13367 2.825e-07 0)
(1.13367 2.5468e-07 0)
(1.13367 2.29089e-07 0)
(1.13367 2.05694e-07 0)
(1.13367 1.84505e-07 0)
(1.13367 1.65477e-07 0)
(1.13367 1.48454e-07 0)
(1.13367 1.33173e-07 0)
(1.13367 1.19326e-07 0)
(1.13367 1.06632e-07 0)
(1.13367 9.49083e-08 0)
(1.13367 8.40955e-08 0)
(1.13367 7.42474e-08 0)
(1.13367 6.54657e-08 0)
(1.13367 5.7795e-08 0)
(1.13367 5.1136e-08 0)
(1.13367 4.52474e-08 0)
(1.13367 3.98352e-08 0)
(1.13367 3.46869e-08 0)
(1.13367 2.97823e-08 0)
(1.13367 2.53019e-08 0)
(1.13367 2.15079e-08 0)
(1.13367 1.85517e-08 0)
(1.13367 1.63402e-08 0)
(1.13367 1.4507e-08 0)
(1.13367 1.25896e-08 0)
(1.13367 1.03497e-08 0)
(1.13367 7.92771e-09 0)
(1.13367 5.78828e-09 0)
(1.13367 4.4055e-09 0)
(1.13367 3.82939e-09 0)
(1.13367 3.66863e-09 0)
(1.13367 3.29265e-09 0)
(1.13367 2.28713e-09 0)
(1.13367 7.82494e-10 0)
(1.13367 -5.77118e-10 0)
(1.13367 -1.14285e-09 0)
(1.13367 -8.30586e-10 0)
(1.13367 -2.07783e-10 0)
(1.13367 -8.5598e-11 0)
(1.13367 -8.2574e-10 0)
(1.13367 -2.09074e-09 0)
(1.13367 -3.10706e-09 0)
(1.13367 -3.20167e-09 0)
(1.13367 -2.4595e-09 0)
(1.13367 -1.51365e-09 0)
(1.13367 -1.14656e-09 0)
(1.13367 -1.48411e-09 0)
(1.13367 -2.11005e-09 0)
(1.13367 -2.44136e-09 0)
(1.13367 -2.08783e-09 0)
(1.13367 -1.21545e-09 0)
(1.13367 -2.56113e-10 0)
(1.13367 4.00668e-10 0)
(1.13367 7.32658e-10 0)
(1.13367 9.32379e-10 0)
(1.13367 1.42446e-09 0)
(1.13367 2.58458e-09 0)
(1.13367 4.56913e-09 0)
(1.13367 6.84688e-09 0)
(1.13367 8.51145e-09 0)
(1.13367 9.18377e-09 0)
(1.13367 9.62371e-09 0)
(1.13367 1.12071e-08 0)
(1.13367 1.44932e-08 0)
(1.13367 1.85146e-08 0)
(1.13367 2.15527e-08 0)
(1.13367 2.30154e-08 0)
(1.13367 2.40943e-08 0)
(1.13367 2.65337e-08 0)
(1.13367 3.0709e-08 0)
(1.13367 3.52747e-08 0)
(1.13367 3.86916e-08 0)
(1.13367 4.06956e-08 0)
(1.13367 4.226e-08 0)
(1.13367 4.45251e-08 0)
(1.13367 4.80251e-08 0)
(1.13367 5.24156e-08 0)
(1.13367 5.65174e-08 0)
(1.13367 5.89118e-08 0)
(1.13367 5.95314e-08 0)
(1.13367 6.04073e-08 0)
(1.13367 6.38197e-08 0)
(1.13367 6.91756e-08 0)
(1.13367 7.32834e-08 0)
(1.13367 7.41419e-08 0)
(1.13367 7.3584e-08 0)
(1.13367 7.47862e-08 0)
(1.13367 7.88203e-08 0)
(1.13367 8.40566e-08 0)
(1.13367 8.82402e-08 0)
(1.13367 8.99389e-08 0)
(1.13367 8.98762e-08 0)
(1.13367 9.10591e-08 0)
(1.13367 9.6016e-08 0)
(1.13367 1.02738e-07 0)
(1.13367 1.06912e-07 0)
(1.13367 1.07845e-07 0)
(1.13367 1.0875e-07 0)
(1.13367 1.12276e-07 0)
(1.13367 1.19074e-07 0)
(1.13367 1.26884e-07 0)
(1.13367 1.31226e-07 0)
(1.13367 1.32551e-07 0)
(1.13367 1.36224e-07 0)
(1.13367 1.43776e-07 0)
(1.13367 1.53929e-07 0)
(1.13367 1.64745e-07 0)
(1.13367 1.70403e-07 0)
(1.13367 1.74211e-07 0)
(1.13367 1.86173e-07 0)
(1.13367 2.00366e-07 0)
(1.13367 2.12779e-07 0)
(1.13367 2.26665e-07 0)
(1.13367 2.37935e-07 0)
(1.13367 2.51369e-07 0)
(1.13367 2.71176e-07 0)
(1.13367 2.90562e-07 0)
(1.13367 3.09568e-07 0)
(1.13367 3.26157e-07 0)
(1.13367 3.46512e-07 0)
(1.13367 3.71252e-07 0)
(1.13367 3.9839e-07 0)
(1.13367 4.2278e-07 0)
(1.13367 4.47815e-07 0)
(1.13367 4.75095e-07 0)
(1.13367 5.09918e-07 0)
(1.13367 5.37768e-07 0)
(1.13367 5.72585e-07 0)
(1.13367 6.01851e-07 0)
(1.13367 6.45522e-07 0)
(1.13367 6.7564e-07 0)
(1.13367 7.26078e-07 0)
(1.13367 7.52469e-07 0)
(1.13368 8.21097e-07 0)
(1.13367 8.36122e-07 0)
(1.13368 9.32262e-07 0)
(1.00002 -0.000430548 0)
(1.00047 -0.0012824 0)
(1.00132 -0.00210975 0)
(1.00259 -0.00289576 0)
(1.00426 -0.00362468 0)
(1.0063 -0.00428406 0)
(1.00866 -0.00486556 0)
(1.01129 -0.00536496 0)
(1.01415 -0.00578157 0)
(1.0172 -0.00611762 0)
(1.0204 -0.00637752 0)
(1.0237 -0.0065672 0)
(1.02708 -0.00669351 0)
(1.03049 -0.00676375 0)
(1.03393 -0.00678521 0)
(1.03736 -0.00676497 0)
(1.04076 -0.00670955 0)
(1.04413 -0.0066249 0)
(1.04744 -0.00651628 0)
(1.05068 -0.00638826 0)
(1.05386 -0.00624477 0)
(1.05696 -0.00608914 0)
(1.05997 -0.00592417 0)
(1.0629 -0.00575218 0)
(1.06574 -0.00557512 0)
(1.06849 -0.00539461 0)
(1.07115 -0.005212 0)
(1.07371 -0.00502848 0)
(1.07618 -0.00484507 0)
(1.07856 -0.00466272 0)
(1.08085 -0.00448235 0)
(1.08304 -0.0043049 0)
(1.08515 -0.00413147 0)
(1.08717 -0.0039634 0)
(1.08911 -0.00380232 0)
(1.09097 -0.00365024 0)
(1.09275 -0.00350957 0)
(1.09447 -0.00338295 0)
(1.09612 -0.00327309 0)
(1.09773 -0.00318251 0)
(1.09929 -0.00311311 0)
(1.10082 -0.00306589 0)
(1.10233 -0.00304057 0)
(1.10383 -0.00303544 0)
(1.10533 -0.00304724 0)
(1.10684 -0.0030713 0)
(1.10837 -0.00310184 0)
(1.1099 -0.00313236 0)
(1.11145 -0.00315615 0)
(1.11301 -0.00316686 0)
(1.11457 -0.00315898 0)
(1.11612 -0.00312825 0)
(1.11765 -0.00307194 0)
(1.11914 -0.00298899 0)
(1.12058 -0.00287997 0)
(1.12196 -0.0027469 0)
(1.12327 -0.00259305 0)
(1.12449 -0.00242254 0)
(1.12563 -0.00224002 0)
(1.12668 -0.0020503 0)
(1.12763 -0.0018581 0)
(1.12848 -0.0016677 0)
(1.12924 -0.00148286 0)
(1.12992 -0.00130666 0)
(1.13051 -0.00114145 0)
(1.13102 -0.000988853 0)
(1.13146 -0.000849864 0)
(1.13184 -0.000724874 0)
(1.13216 -0.000613789 0)
(1.13243 -0.000516135 0)
(1.13266 -0.000431152 0)
(1.13285 -0.000357885 0)
(1.133 -0.000295265 0)
(1.13313 -0.000242177 0)
(1.13324 -0.000197508 0)
(1.13332 -0.000160184 0)
(1.13339 -0.000129204 0)
(1.13345 -0.000103646 0)
(1.1335 -8.26837e-05 0)
(1.13353 -6.55855e-05 0)
(1.13356 -5.17131e-05 0)
(1.13359 -4.05146e-05 0)
(1.13361 -3.1519e-05 0)
(1.13362 -2.43294e-05 0)
(1.13363 -1.86119e-05 0)
(1.13364 -1.40877e-05 0)
(1.13365 -1.05273e-05 0)
(1.13365 -7.74167e-06 0)
(1.13366 -5.57564e-06 0)
(1.13366 -3.90277e-06 0)
(1.13366 -2.62112e-06 0)
(1.13367 -1.64828e-06 0)
(1.13367 -9.1799e-07 0)
(1.13367 -3.7741e-07 0)
(1.13367 1.5642e-08 0)
(1.13367 2.94644e-07 0)
(1.13367 4.86064e-07 0)
(1.13367 6.10898e-07 0)
(1.13367 6.85694e-07 0)
(1.13367 7.23313e-07 0)
(1.13367 7.33781e-07 0)
(1.13367 7.24886e-07 0)
(1.13367 7.02451e-07 0)
(1.13367 6.70767e-07 0)
(1.13367 6.33114e-07 0)
(1.13367 5.92031e-07 0)
(1.13367 5.49438e-07 0)
(1.13367 5.06802e-07 0)
(1.13367 4.65247e-07 0)
(1.13367 4.2553e-07 0)
(1.13367 3.88026e-07 0)
(1.13367 3.52829e-07 0)
(1.13367 3.19897e-07 0)
(1.13367 2.8916e-07 0)
(1.13367 2.60585e-07 0)
(1.13367 2.34209e-07 0)
(1.13367 2.10116e-07 0)
(1.13367 1.88355e-07 0)
(1.13367 1.68846e-07 0)
(1.13367 1.51352e-07 0)
(1.13367 1.35541e-07 0)
(1.13367 1.21084e-07 0)
(1.13367 1.0775e-07 0)
(1.13367 9.54607e-08 0)
(1.13367 8.42693e-08 0)
(1.13367 7.42881e-08 0)
(1.13367 6.55744e-08 0)
(1.13367 5.80363e-08 0)
(1.13367 5.14251e-08 0)
(1.13367 4.5422e-08 0)
(1.13367 3.97705e-08 0)
(1.13367 3.43934e-08 0)
(1.13367 2.94187e-08 0)
(1.13367 2.50872e-08 0)
(1.13367 2.15809e-08 0)
(1.13367 1.88784e-08 0)
(1.13367 1.67064e-08 0)
(1.13367 1.4636e-08 0)
(1.13367 1.23494e-08 0)
(1.13367 9.84503e-09 0)
(1.13367 7.47521e-09 0)
(1.13367 5.73274e-09 0)
(1.13367 4.83932e-09 0)
(1.13367 4.56332e-09 0)
(1.13367 4.35534e-09 0)
(1.13367 3.65214e-09 0)
(1.13367 2.33589e-09 0)
(1.13367 8.57911e-10 0)
(1.13367 -6.08251e-11 0)
(1.13367 -8.77101e-11 0)
(1.13367 5.19804e-10 0)
(1.13367 9.26363e-10 0)
(1.13367 4.86546e-10 0)
(1.13367 -6.79523e-10 0)
(1.13367 -1.95303e-09 0)
(1.13367 -2.46357e-09 0)
(1.13367 -1.94229e-09 0)
(1.13367 -9.24492e-10 0)
(1.13367 -3.21235e-10 0)
(1.13367 -6.4426e-10 0)
(1.13367 -1.49393e-09 0)
(1.13367 -2.14556e-09 0)
(1.13367 -1.97816e-09 0)
(1.13367 -1.10119e-09 0)
(1.13367 -1.46716e-10 0)
(1.13367 3.41811e-10 0)
(1.13367 3.34623e-10 0)
(1.13367 2.17985e-10 0)
(1.13367 5.26904e-10 0)
(1.13367 1.52561e-09 0)
(1.13367 3.1996e-09 0)
(1.13367 5.13201e-09 0)
(1.13367 6.60812e-09 0)
(1.13367 7.25701e-09 0)
(1.13367 7.5533e-09 0)
(1.13367 8.66771e-09 0)
(1.13367 1.13313e-08 0)
(1.13367 1.50229e-08 0)
(1.13367 1.8168e-08 0)
(1.13367 1.97987e-08 0)
(1.13367 2.06975e-08 0)
(1.13367 2.27217e-08 0)
(1.13367 2.67192e-08 0)
(1.13367 3.14168e-08 0)
(1.13367 3.48118e-08 0)
(1.13367 3.64032e-08 0)
(1.13367 3.76001e-08 0)
(1.13367 4.01019e-08 0)
(1.13367 4.4237e-08 0)
(1.13367 4.89336e-08 0)
(1.13367 5.27977e-08 0)
(1.13367 5.50202e-08 0)
(1.13367 5.5971e-08 0)
(1.13367 5.72599e-08 0)
(1.13367 6.06418e-08 0)
(1.13367 6.5818e-08 0)
(1.13367 7.00652e-08 0)
(1.13367 7.11053e-08 0)
(1.13367 7.04822e-08 0)
(1.13367 7.18722e-08 0)
(1.13367 7.64014e-08 0)
(1.13367 8.13806e-08 0)
(1.13367 8.4225e-08 0)
(1.13367 8.50148e-08 0)
(1.13367 8.55028e-08 0)
(1.13367 8.76459e-08 0)
(1.13367 9.26047e-08 0)
(1.13367 9.85827e-08 0)
(1.13367 1.0126e-07 0)
(1.13367 1.00107e-07 0)
(1.13367 1.00633e-07 0)
(1.13367 1.06179e-07 0)
(1.13367 1.12687e-07 0)
(1.13367 1.1694e-07 0)
(1.13367 1.19729e-07 0)
(1.13367 1.20854e-07 0)
(1.13367 1.23021e-07 0)
(1.13367 1.31648e-07 0)
(1.13367 1.41162e-07 0)
(1.13367 1.44366e-07 0)
(1.13367 1.47959e-07 0)
(1.13367 1.54123e-07 0)
(1.13367 1.60667e-07 0)
(1.13367 1.73444e-07 0)
(1.13367 1.84997e-07 0)
(1.13367 1.90048e-07 0)
(1.13367 1.98493e-07 0)
(1.13367 2.11381e-07 0)
(1.13367 2.25901e-07 0)
(1.13367 2.40009e-07 0)
(1.13367 2.5107e-07 0)
(1.13367 2.63607e-07 0)
(1.13367 2.7988e-07 0)
(1.13367 2.98649e-07 0)
(1.13367 3.14967e-07 0)
(1.13367 3.30305e-07 0)
(1.13367 3.45722e-07 0)
(1.13367 3.65156e-07 0)
(1.13367 3.84513e-07 0)
(1.13367 4.06973e-07 0)
(1.13367 4.21949e-07 0)
(1.13367 4.43558e-07 0)
(1.13367 4.62861e-07 0)
(1.13367 4.89763e-07 0)
(1.13367 5.04057e-07 0)
(1.13367 5.38653e-07 0)
(1.13367 5.4446e-07 0)
(1.13368 5.96473e-07 0)
(1.13367 6.04273e-07 0)
(1.13368 6.79819e-07 0)
(1.00002 -0.000657596 0)
(1.0005 -0.00195829 0)
(1.00139 -0.00322048 0)
(1.00272 -0.00441777 0)
(1.00448 -0.00552556 0)
(1.00662 -0.00652458 0)
(1.00908 -0.0074023 0)
(1.01182 -0.00815273 0)
(1.01479 -0.00877551 0)
(1.01795 -0.00927475 0)
(1.02124 -0.00965784 0)
(1.02463 -0.00993438 0)
(1.02808 -0.0101152 0)
(1.03157 -0.0102118 0)
(1.03507 -0.0102355 0)
(1.03855 -0.0101971 0)
(1.042 -0.0101066 0)
(1.0454 -0.00997303 0)
(1.04875 -0.00980427 0)
(1.05202 -0.00960717 0)
(1.05522 -0.00938757 0)
(1.05834 -0.00915039 0)
(1.06136 -0.00889975 0)
(1.0643 -0.00863906 0)
(1.06715 -0.00837114 0)
(1.06991 -0.00809836 0)
(1.07257 -0.00782269 0)
(1.07514 -0.00754583 0)
(1.07761 -0.00726929 0)
(1.07999 -0.00699442 0)
(1.08227 -0.00672256 0)
(1.08446 -0.00645512 0)
(1.08657 -0.00619369 0)
(1.08858 -0.00594023 0)
(1.09052 -0.00569716 0)
(1.09237 -0.00546748 0)
(1.09414 -0.00525472 0)
(1.09584 -0.00506284 0)
(1.09748 -0.00489591 0)
(1.09907 -0.00475768 0)
(1.10061 -0.00465104 0)
(1.10212 -0.00457753 0)
(1.10361 -0.00453679 0)
(1.10508 -0.00452629 0)
(1.10656 -0.00454119 0)
(1.10803 -0.00457456 0)
(1.10952 -0.00461774 0)
(1.11102 -0.00466101 0)
(1.11253 -0.00469434 0)
(1.11404 -0.00470821 0)
(1.11556 -0.00469437 0)
(1.11706 -0.00464646 0)
(1.11853 -0.00456042 0)
(1.11997 -0.00443472 0)
(1.12136 -0.00427024 0)
(1.12269 -0.00407012 0)
(1.12394 -0.00383927 0)
(1.12511 -0.00358392 0)
(1.1262 -0.00331107 0)
(1.12719 -0.00302793 0)
(1.12809 -0.00274154 0)
(1.1289 -0.00245829 0)
(1.12961 -0.00218375 0)
(1.13024 -0.00192244 0)
(1.13079 -0.00167781 0)
(1.13127 -0.00145223 0)
(1.13168 -0.00124707 0)
(1.13203 -0.00106285 0)
(1.13232 -0.000899378 0)
(1.13257 -0.000755875 0)
(1.13277 -0.000631165 0)
(1.13294 -0.00052379 0)
(1.13308 -0.000432134 0)
(1.1332 -0.000354518 0)
(1.13329 -0.000289276 0)
(1.13337 -0.000234812 0)
(1.13343 -0.000189637 0)
(1.13348 -0.00015239 0)
(1.13352 -0.000121852 0)
(1.13355 -9.69456e-05 0)
(1.13358 -7.67341e-05 0)
(1.1336 -6.04111e-05 0)
(1.13362 -4.72888e-05 0)
(1.13363 -3.67874e-05 0)
(1.13364 -2.84217e-05 0)
(1.13365 -2.17872e-05 0)
(1.13365 -1.65497e-05 0)
(1.13366 -1.24355e-05 0)
(1.13366 -9.22056e-06 0)
(1.13366 -6.72219e-06 0)
(1.13367 -4.79277e-06 0)
(1.13367 -3.31333e-06 0)
(1.13367 -2.18819e-06 0)
(1.13367 -1.34084e-06 0)
(1.13367 -7.10544e-07 0)
(1.13367 -2.48978e-07 0)
(1.13367 8.23076e-08 0)
(1.13367 3.13809e-07 0)
(1.13367 4.69485e-07 0)
(1.13367 5.68128e-07 0)
(1.13367 6.24399e-07 0)
(1.13367 6.49555e-07 0)
(1.13367 6.52099e-07 0)
(1.13367 6.38469e-07 0)
(1.13367 6.13638e-07 0)
(1.13367 5.81475e-07 0)
(1.13367 5.4497e-07 0)
(1.13367 5.06424e-07 0)
(1.13367 4.67538e-07 0)
(1.13367 4.29437e-07 0)
(1.13367 3.92743e-07 0)
(1.13367 3.57739e-07 0)
(1.13367 3.24548e-07 0)
(1.13367 2.93266e-07 0)
(1.13367 2.64027e-07 0)
(1.13367 2.37018e-07 0)
(1.13367 2.12413e-07 0)
(1.13367 1.90264e-07 0)
(1.13367 1.70419e-07 0)
(1.13367 1.5255e-07 0)
(1.13367 1.36268e-07 0)
(1.13367 1.21267e-07 0)
(1.13367 1.07415e-07 0)
(1.13367 9.47571e-08 0)
(1.13367 8.34371e-08 0)
(1.13367 7.35545e-08 0)
(1.13367 6.50477e-08 0)
(1.13367 5.76649e-08 0)
(1.13367 5.10494e-08 0)
(1.13367 4.48829e-08 0)
(1.13367 3.90243e-08 0)
(1.13367 3.3555e-08 0)
(1.13367 2.86993e-08 0)
(1.13367 2.46594e-08 0)
(1.13367 2.14624e-08 0)
(1.13367 1.89008e-08 0)
(1.13367 1.65943e-08 0)
(1.13367 1.41994e-08 0)
(1.13367 1.16137e-08 0)
(1.13367 9.07528e-09 0)
(1.13367 7.03137e-09 0)
(1.13367 5.79439e-09 0)
(1.13367 5.29079e-09 0)
(1.13367 5.11e-09 0)
(1.13367 4.64925e-09 0)
(1.13367 3.5853e-09 0)
(1.13367 2.12406e-09 0)
(1.13367 9.31475e-10 0)
(1.13367 5.6258e-10 0)
(1.13367 1.00796e-09 0)
(1.13367 1.63564e-09 0)
(1.13367 1.64685e-09 0)
(1.13367 7.08621e-10 0)
(1.13367 -6.80223e-10 0)
(1.13367 -1.5781e-09 0)
(1.13367 -1.40075e-09 0)
(1.13367 -4.50365e-10 0)
(1.13367 3.83025e-10 0)
(1.13367 2.46335e-10 0)
(1.13367 -6.87937e-10 0)
(1.13367 -1.69667e-09 0)
(1.13367 -1.88093e-09 0)
(1.13367 -1.06408e-09 0)
(1.13367 5.44725e-11 0)
(1.13367 6.22436e-10 0)
(1.13367 3.99396e-10 0)
(1.13367 -1.12935e-10 0)
(1.13367 -1.37239e-10 0)
(1.13367 6.62572e-10 0)
(1.13367 2.1087e-09 0)
(1.13367 3.75104e-09 0)
(1.13367 4.97179e-09 0)
(1.13367 5.52647e-09 0)
(1.13367 5.77407e-09 0)
(1.13367 6.62296e-09 0)
(1.13367 8.74184e-09 0)
(1.13367 1.19053e-08 0)
(1.13367 1.48727e-08 0)
(1.13367 1.65837e-08 0)
(1.13367 1.73908e-08 0)
(1.13367 1.89706e-08 0)
(1.13367 2.25475e-08 0)
(1.13367 2.72836e-08 0)
(1.13367 3.0958e-08 0)
(1.13367 3.24982e-08 0)
(1.13367 3.32473e-08 0)
(1.13367 3.55122e-08 0)
(1.13367 3.99734e-08 0)
(1.13367 4.50914e-08 0)
(1.13367 4.89385e-08 0)
(1.13367 5.09954e-08 0)
(1.13367 5.2278e-08 0)
(1.13367 5.42612e-08 0)
(1.13367 5.78634e-08 0)
(1.13367 6.25207e-08 0)
(1.13367 6.62588e-08 0)
(1.13367 6.74201e-08 0)
(1.13367 6.71499e-08 0)
(1.13367 6.87935e-08 0)
(1.13367 7.37872e-08 0)
(1.13367 7.91838e-08 0)
(1.13367 8.13052e-08 0)
(1.13367 8.07937e-08 0)
(1.13367 8.13467e-08 0)
(1.13367 8.47847e-08 0)
(1.13367 8.96591e-08 0)
(1.13367 9.38231e-08 0)
(1.13367 9.55045e-08 0)
(1.13367 9.47859e-08 0)
(1.13367 9.50002e-08 0)
(1.13367 9.99345e-08 0)
(1.13367 1.07068e-07 0)
(1.13367 1.09782e-07 0)
(1.13367 1.08352e-07 0)
(1.13367 1.09646e-07 0)
(1.13367 1.15056e-07 0)
(1.13367 1.20773e-07 0)
(1.13367 1.26497e-07 0)
(1.13367 1.29673e-07 0)
(1.13367 1.28688e-07 0)
(1.13367 1.33107e-07 0)
(1.13367 1.44589e-07 0)
(1.13367 1.51666e-07 0)
(1.13367 1.54966e-07 0)
(1.13367 1.59883e-07 0)
(1.13367 1.66557e-07 0)
(1.13367 1.77572e-07 0)
(1.13367 1.89311e-07 0)
(1.13367 1.9568e-07 0)
(1.13367 2.00642e-07 0)
(1.13367 2.10117e-07 0)
(1.13367 2.23864e-07 0)
(1.13367 2.36776e-07 0)
(1.13367 2.45409e-07 0)
(1.13367 2.50907e-07 0)
(1.13367 2.61794e-07 0)
(1.13367 2.75189e-07 0)
(1.13367 2.86709e-07 0)
(1.13367 2.89958e-07 0)
(1.13367 2.9708e-07 0)
(1.13367 3.06696e-07 0)
(1.13367 3.18492e-07 0)
(1.13367 3.21526e-07 0)
(1.13367 3.28808e-07 0)
(1.13367 3.26757e-07 0)
(1.13367 3.48227e-07 0)
(1.13367 3.40408e-07 0)
(1.13368 3.68554e-07 0)
(1.13367 3.62891e-07 0)
(1.13368 4.23339e-07 0)
(1.00002 -0.000899556 0)
(1.00053 -0.00267807 0)
(1.00149 -0.00440181 0)
(1.00292 -0.00603322 0)
(1.0048 -0.0075376 0)
(1.00709 -0.00888822 0)
(1.0097 -0.0100683 0)
(1.0126 -0.0110708 0)
(1.01573 -0.0118964 0)
(1.01903 -0.0125522 0)
(1.02246 -0.0130497 0)
(1.02598 -0.0134028 0)
(1.02955 -0.0136273 0)
(1.03314 -0.0137392 0)
(1.03672 -0.0137545 0)
(1.04028 -0.0136881 0)
(1.04379 -0.0135536 0)
(1.04725 -0.0133631 0)
(1.05063 -0.0131271 0)
(1.05395 -0.0128548 0)
(1.05717 -0.0125539 0)
(1.06031 -0.0122307 0)
(1.06336 -0.0118906 0)
(1.06632 -0.0115379 0)
(1.06918 -0.0111764 0)
(1.07194 -0.0108089 0)
(1.07461 -0.0104381 0)
(1.07718 -0.0100659 0)
(1.07966 -0.0096945 0)
(1.08204 -0.00932546 0)
(1.08432 -0.00896052 0)
(1.08651 -0.00860151 0)
(1.08861 -0.00825048 0)
(1.09062 -0.00790999 0)
(1.09254 -0.00758318 0)
(1.09438 -0.00727398 0)
(1.09614 -0.00698703 0)
(1.09783 -0.00672756 0)
(1.09945 -0.00650093 0)
(1.10101 -0.00631216 0)
(1.10253 -0.00616513 0)
(1.10401 -0.00606195 0)
(1.10546 -0.00600223 0)
(1.1069 -0.00598269 0)
(1.10833 -0.00599702 0)
(1.10976 -0.00603603 0)
(1.11119 -0.00608829 0)
(1.11264 -0.00614089 0)
(1.11409 -0.0061805 0)
(1.11554 -0.0061945 0)
(1.11698 -0.00617193 0)
(1.11841 -0.00610438 0)
(1.11981 -0.00598651 0)
(1.12117 -0.00581637 0)
(1.12248 -0.00559525 0)
(1.12373 -0.00532741 0)
(1.1249 -0.00501949 0)
(1.126 -0.00467987 0)
(1.127 -0.00431787 0)
(1.12792 -0.00394313 0)
(1.12875 -0.00356493 0)
(1.12948 -0.00319173 0)
(1.13013 -0.00283081 0)
(1.1307 -0.00248805 0)
(1.13119 -0.00216787 0)
(1.13162 -0.00187329 0)
(1.13198 -0.00160599 0)
(1.13228 -0.00136651 0)
(1.13254 -0.00115446 0)
(1.13275 -0.00096874 0)
(1.13293 -0.000807691 0)
(1.13308 -0.000669328 0)
(1.13319 -0.000551468 0)
(1.13329 -0.000451867 0)
(1.13337 -0.000368312 0)
(1.13343 -0.000298693 0)
(1.13348 -0.000241051 0)
(1.13352 -0.000193606 0)
(1.13356 -0.000154768 0)
(1.13358 -0.000123139 0)
(1.1336 -9.75049e-05 0)
(1.13362 -7.68262e-05 0)
(1.13363 -6.02188e-05 0)
(1.13364 -4.69384e-05 0)
(1.13365 -3.63639e-05 0)
(1.13365 -2.79802e-05 0)
(1.13366 -2.13617e-05 0)
(1.13366 -1.61603e-05 0)
(1.13366 -1.20923e-05 0)
(1.13367 -8.92689e-06 0)
(1.13367 -6.47732e-06 0)
(1.13367 -4.59374e-06 0)
(1.13367 -3.1559e-06 0)
(1.13367 -2.06761e-06 0)
(1.13367 -1.25242e-06 0)
(1.13367 -6.49624e-07 0)
(1.13367 -2.11067e-07 0)
(1.13367 1.01474e-07 0)
(1.13367 3.17905e-07 0)
(1.13367 4.61746e-07 0)
(1.13367 5.51323e-07 0)
(1.13367 6.00694e-07 0)
(1.13367 6.20586e-07 0)
(1.13367 6.19226e-07 0)
(1.13367 6.02929e-07 0)
(1.13367 5.76546e-07 0)
(1.13367 5.43826e-07 0)
(1.13367 5.0765e-07 0)
(1.13367 4.70122e-07 0)
(1.13367 4.32636e-07 0)
(1.13367 3.96012e-07 0)
(1.13367 3.60691e-07 0)
(1.13367 3.26937e-07 0)
(1.13367 2.94982e-07 0)
(1.13367 2.65101e-07 0)
(1.13367 2.37591e-07 0)
(1.13367 2.12653e-07 0)
(1.13367 1.90279e-07 0)
(1.13367 1.70206e-07 0)
(1.13367 1.52018e-07 0)
(1.13367 1.35315e-07 0)
(1.13367 1.1987e-07 0)
(1.13367 1.05681e-07 0)
(1.13367 9.29083e-08 0)
(1.13367 8.17143e-08 0)
(1.13367 7.2105e-08 0)
(1.13367 6.38567e-08 0)
(1.13367 5.65816e-08 0)
(1.13367 4.98876e-08 0)
(1.13367 4.35463e-08 0)
(1.13367 3.75815e-08 0)
(1.13367 3.22036e-08 0)
(1.13367 2.76418e-08 0)
(1.13367 2.3967e-08 0)
(1.13367 2.10177e-08 0)
(1.13367 1.84477e-08 0)
(1.13367 1.59054e-08 0)
(1.13367 1.32258e-08 0)
(1.13367 1.0552e-08 0)
(1.13367 8.26572e-09 0)
(1.13367 6.70989e-09 0)
(1.13367 5.92631e-09 0)
(1.13367 5.63755e-09 0)
(1.13367 5.31057e-09 0)
(1.13367 4.48426e-09 0)
(1.13367 3.16461e-09 0)
(1.13367 1.83772e-09 0)
(1.13367 1.14016e-09 0)
(1.13367 1.30103e-09 0)
(1.13367 1.97107e-09 0)
(1.13367 2.333e-09 0)
(1.13367 1.81873e-09 0)
(1.13367 5.74454e-10 0)
(1.13367 -5.79633e-10 0)
(1.13367 -7.86146e-10 0)
(1.13367 -7.70301e-12 0)
(1.13367 1.00673e-09 0)
(1.13367 1.21676e-09 0)
(1.13367 3.05638e-10 0)
(1.13367 -9.95892e-10 0)
(1.13367 -1.66871e-09 0)
(1.13367 -1.11807e-09 0)
(1.13367 1.24227e-10 0)
(1.13367 9.93639e-10 0)
(1.13367 8.22598e-10 0)
(1.13367 -1.46131e-11 0)
(1.13367 -5.52803e-10 0)
(1.13367 -6.27814e-11 0)
(1.13367 1.23196e-09 0)
(1.13367 2.70637e-09 0)
(1.13367 3.67042e-09 0)
(1.13367 3.99125e-09 0)
(1.13367 4.12042e-09 0)
(1.13367 4.84213e-09 0)
(1.13367 6.62961e-09 0)
(1.13367 9.30697e-09 0)
(1.13367 1.19156e-08 0)
(1.13367 1.35259e-08 0)
(1.13367 1.42224e-08 0)
(1.13367 1.53792e-08 0)
(1.13367 1.83547e-08 0)
(1.13367 2.28523e-08 0)
(1.13367 2.68265e-08 0)
(1.13367 2.87057e-08 0)
(1.13367 2.93045e-08 0)
(1.13367 3.11376e-08 0)
(1.13367 3.55326e-08 0)
(1.13367 4.10149e-08 0)
(1.13367 4.5027e-08 0)
(1.13367 4.68155e-08 0)
(1.13367 4.79999e-08 0)
(1.13367 5.05066e-08 0)
(1.13367 5.46894e-08 0)
(1.13367 5.93109e-08 0)
(1.13367 6.26783e-08 0)
(1.13367 6.39425e-08 0)
(1.13367 6.42112e-08 0)
(1.13367 6.61101e-08 0)
(1.13367 7.08303e-08 0)
(1.13367 7.60142e-08 0)
(1.13367 7.81181e-08 0)
(1.13367 7.73709e-08 0)
(1.13367 7.78458e-08 0)
(1.13367 8.20515e-08 0)
(1.13367 8.74341e-08 0)
(1.13367 9.03081e-08 0)
(1.13367 9.01435e-08 0)
(1.13367 8.94401e-08 0)
(1.13367 9.12e-08 0)
(1.13367 9.61715e-08 0)
(1.13367 1.01118e-07 0)
(1.13367 1.02187e-07 0)
(1.13367 1.00536e-07 0)
(1.13367 1.0107e-07 0)
(1.13367 1.06587e-07 0)
(1.13367 1.13529e-07 0)
(1.13367 1.15248e-07 0)
(1.13367 1.12715e-07 0)
(1.13367 1.13752e-07 0)
(1.13367 1.19261e-07 0)
(1.13367 1.25753e-07 0)
(1.13367 1.32423e-07 0)
(1.13367 1.34084e-07 0)
(1.13367 1.32511e-07 0)
(1.13367 1.39262e-07 0)
(1.13367 1.49144e-07 0)
(1.13367 1.54681e-07 0)
(1.13367 1.57988e-07 0)
(1.13367 1.60965e-07 0)
(1.13367 1.67917e-07 0)
(1.13367 1.76887e-07 0)
(1.13367 1.82513e-07 0)
(1.13367 1.85034e-07 0)
(1.13367 1.89476e-07 0)
(1.13367 1.94465e-07 0)
(1.13367 1.99761e-07 0)
(1.13367 2.00412e-07 0)
(1.13367 2.00441e-07 0)
(1.13367 1.9935e-07 0)
(1.13367 1.98477e-07 0)
(1.13367 1.94255e-07 0)
(1.13367 1.87268e-07 0)
(1.13367 1.7402e-07 0)
(1.13367 1.70973e-07 0)
(1.13367 1.51337e-07 0)
(1.13367 1.482e-07 0)
(1.13367 1.30292e-07 0)
(1.13368 1.40046e-07 0)
(1.13367 1.14142e-07 0)
(1.13367 1.53736e-07 0)
(1.00003 -0.00116283 0)
(1.00058 -0.00346051 0)
(1.00163 -0.00568368 0)
(1.0032 -0.00778133 0)
(1.00525 -0.00970678 0)
(1.00773 -0.0114249 0)
(1.01056 -0.0129149 0)
(1.01367 -0.0141695 0)
(1.01701 -0.0151922 0)
(1.02051 -0.0159946 0)
(1.02412 -0.0165933 0)
(1.02781 -0.0170083 0)
(1.03153 -0.017261 0)
(1.03524 -0.017373 0)
(1.03894 -0.0173654 0)
(1.04259 -0.0172575 0)
(1.04619 -0.0170668 0)
(1.04971 -0.0168086 0)
(1.05315 -0.0164961 0)
(1.05651 -0.0161407 0)
(1.05978 -0.0157515 0)
(1.06295 -0.0153365 0)
(1.06602 -0.0149019 0)
(1.069 -0.0144532 0)
(1.07188 -0.0139944 0)
(1.07466 -0.0135291 0)
(1.07733 -0.0130603 0)
(1.07991 -0.0125905 0)
(1.08239 -0.0121218 0)
(1.08477 -0.0116564 0)
(1.08706 -0.0111963 0)
(1.08924 -0.0107436 0)
(1.09134 -0.0103008 0)
(1.09334 -0.009871 0)
(1.09525 -0.00945805 0)
(1.09707 -0.00906673 0)
(1.09882 -0.00870272 0)
(1.10049 -0.00837245 0)
(1.10208 -0.00808256 0)
(1.10362 -0.00783929 0)
(1.10511 -0.00764753 0)
(1.10655 -0.00750998 0)
(1.10796 -0.0074263 0)
(1.10934 -0.00739253 0)
(1.11071 -0.00740094 0)
(1.11208 -0.00744024 0)
(1.11345 -0.00749626 0)
(1.11482 -0.007553 0)
(1.11618 -0.00759395 0)
(1.11754 -0.00760342 0)
(1.1189 -0.00756785 0)
(1.12023 -0.00747686 0)
(1.12152 -0.00732397 0)
(1.12278 -0.00710688 0)
(1.12398 -0.0068274 0)
(1.12512 -0.00649099 0)
(1.12618 -0.00610611 0)
(1.12716 -0.00568325 0)
(1.12806 -0.00523412 0)
(1.12888 -0.00477067 0)
(1.1296 -0.0043044 0)
(1.13024 -0.00384567 0)
(1.1308 -0.00340336 0)
(1.13129 -0.00298455 0)
(1.13171 -0.0025945 0)
(1.13206 -0.0022367 0)
(1.13236 -0.00191299 0)
(1.13261 -0.00162385 0)
(1.13282 -0.0013686 0)
(1.13299 -0.0011457 0)
(1.13312 -0.00095298 0)
(1.13324 -0.000787897 0)
(1.13333 -0.000647684 0)
(1.1334 -0.000529532 0)
(1.13346 -0.000430693 0)
(1.13351 -0.000348566 0)
(1.13354 -0.000280749 0)
(1.13357 -0.000225074 0)
(1.13359 -0.000179614 0)
(1.13361 -0.000142681 0)
(1.13362 -0.000112819 0)
(1.13363 -8.87826e-05 0)
(1.13364 -6.95192e-05 0)
(1.13365 -5.41455e-05 0)
(1.13365 -4.1927e-05 0)
(1.13366 -3.22566e-05 0)
(1.13366 -2.46349e-05 0)
(1.13366 -1.86538e-05 0)
(1.13366 -1.39819e-05 0)
(1.13366 -1.03504e-05 0)
(1.13367 -7.54273e-06 0)
(1.13367 -5.38527e-06 0)
(1.13367 -3.73902e-06 0)
(1.13367 -2.49307e-06 0)
(1.13367 -1.55933e-06 0)
(1.13367 -8.67964e-07 0)
(1.13367 -3.63532e-07 0)
(1.13367 -2.61828e-09 0)
(1.13367 2.4901e-07 0)
(1.13367 4.18132e-07 0)
(1.13367 5.25493e-07 0)
(1.13367 5.86995e-07 0)
(1.13367 6.14849e-07 0)
(1.13367 6.18463e-07 0)
(1.13367 6.05056e-07 0)
(1.13367 5.80154e-07 0)
(1.13367 5.48013e-07 0)
(1.13367 5.11854e-07 0)
(1.13367 4.73973e-07 0)
(1.13367 4.35859e-07 0)
(1.13367 3.98399e-07 0)
(1.13367 3.62118e-07 0)
(1.13367 3.27384e-07 0)
(1.13367 2.94555e-07 0)
(1.13367 2.64017e-07 0)
(1.13367 2.36107e-07 0)
(1.13367 2.10971e-07 0)
(1.13367 1.88472e-07 0)
(1.13367 1.68221e-07 0)
(1.13367 1.49743e-07 0)
(1.13367 1.32684e-07 0)
(1.13367 1.16943e-07 0)
(1.13367 1.0265e-07 0)
(1.13367 9.00219e-08 0)
(1.13367 7.91584e-08 0)
(1.13367 6.99122e-08 0)
(1.13367 6.18991e-08 0)
(1.13367 5.46553e-08 0)
(1.13367 4.78408e-08 0)
(1.13367 4.1388e-08 0)
(1.13367 3.54802e-08 0)
(1.13367 3.03831e-08 0)
(1.13367 2.62328e-08 0)
(1.13367 2.29148e-08 0)
(1.13367 2.01002e-08 0)
(1.13367 1.74159e-08 0)
(1.13367 1.4645e-08 0)
(1.13367 1.18559e-08 0)
(1.13367 9.37461e-09 0)
(1.13367 7.54806e-09 0)
(1.13367 6.49159e-09 0)
(1.13367 6.02507e-09 0)
(1.13367 5.70994e-09 0)
(1.13367 5.04625e-09 0)
(1.13367 3.89824e-09 0)
(1.13367 2.56437e-09 0)
(1.13367 1.65395e-09 0)
(1.13367 1.53231e-09 0)
(1.13367 2.07208e-09 0)
(1.13367 2.62149e-09 0)
(1.13367 2.49318e-09 0)
(1.13367 1.51735e-09 0)
(1.13367 3.23667e-10 0)
(1.13367 -1.90661e-10 0)
(1.13367 3.30267e-10 0)
(1.13367 1.4291e-09 0)
(1.13367 2.06854e-09 0)
(1.13367 1.49808e-09 0)
(1.13367 4.59334e-11 0)
(1.13367 -1.16615e-09 0)
(1.13367 -1.11997e-09 0)
(1.13367 2.13051e-11 0)
(1.13367 1.20659e-09 0)
(1.13367 1.35369e-09 0)
(1.13367 4.31689e-10 0)
(1.13367 -5.61412e-10 0)
(1.13367 -5.5333e-10 0)
(1.13367 5.28616e-10 0)
(1.13367 1.96434e-09 0)
(1.13367 2.80955e-09 0)
(1.13367 2.82095e-09 0)
(1.13367 2.62108e-09 0)
(1.13367 3.14665e-09 0)
(1.13367 4.75942e-09 0)
(1.13367 7.14164e-09 0)
(1.13367 9.38895e-09 0)
(1.13367 1.076e-08 0)
(1.13367 1.12983e-08 0)
(1.13367 1.20909e-08 0)
(1.13367 1.44161e-08 0)
(1.13367 1.8393e-08 0)
(1.13367 2.24305e-08 0)
(1.13367 2.47503e-08 0)
(1.13367 2.55049e-08 0)
(1.13367 2.69568e-08 0)
(1.13367 3.09668e-08 0)
(1.13367 3.66118e-08 0)
(1.13367 4.10586e-08 0)
(1.13367 4.29053e-08 0)
(1.13367 4.3786e-08 0)
(1.13367 4.62976e-08 0)
(1.13367 5.08832e-08 0)
(1.13367 5.5582e-08 0)
(1.13367 5.85366e-08 0)
(1.13367 5.97979e-08 0)
(1.13367 6.0916e-08 0)
(1.13367 6.36863e-08 0)
(1.13367 6.85527e-08 0)
(1.13367 7.34153e-08 0)
(1.13367 7.52524e-08 0)
(1.13367 7.42885e-08 0)
(1.13367 7.46354e-08 0)
(1.13367 7.90385e-08 0)
(1.13367 8.46808e-08 0)
(1.13367 8.70755e-08 0)
(1.13367 8.63002e-08 0)
(1.13367 8.59339e-08 0)
(1.13367 8.81633e-08 0)
(1.13367 9.24662e-08 0)
(1.13367 9.64292e-08 0)
(1.13367 9.64487e-08 0)
(1.13367 9.37815e-08 0)
(1.13367 9.51717e-08 0)
(1.13367 1.00965e-07 0)
(1.13367 1.04243e-07 0)
(1.13367 1.03634e-07 0)
(1.13367 1.02205e-07 0)
(1.13367 1.01706e-07 0)
(1.13367 1.06932e-07 0)
(1.13367 1.13977e-07 0)
(1.13367 1.12253e-07 0)
(1.13367 1.1008e-07 0)
(1.13367 1.14436e-07 0)
(1.13367 1.19067e-07 0)
(1.13367 1.24476e-07 0)
(1.13367 1.2597e-07 0)
(1.13367 1.24108e-07 0)
(1.13367 1.27634e-07 0)
(1.13367 1.34998e-07 0)
(1.13367 1.39247e-07 0)
(1.13367 1.37601e-07 0)
(1.13367 1.34948e-07 0)
(1.13367 1.37082e-07 0)
(1.13367 1.4172e-07 0)
(1.13367 1.39093e-07 0)
(1.13367 1.31257e-07 0)
(1.13367 1.24472e-07 0)
(1.13367 1.20412e-07 0)
(1.13367 1.13768e-07 0)
(1.13367 1.00327e-07 0)
(1.13367 7.91446e-08 0)
(1.13367 6.06502e-08 0)
(1.13367 3.58496e-08 0)
(1.13367 1.31089e-08 0)
(1.13367 -2.50504e-08 0)
(1.13367 -4.8902e-08 0)
(1.13367 -8.68537e-08 0)
(1.13367 -1.03226e-07 0)
(1.13367 -1.45533e-07 0)
(1.13367 -1.33008e-07 0)
(1.00003 -0.00145527 0)
(1.00065 -0.00432855 0)
(1.00183 -0.00710252 0)
(1.00357 -0.00970934 0)
(1.00586 -0.0120877 0)
(1.00859 -0.0141931 0)
(1.0117 -0.0160011 0)
(1.01509 -0.0175059 0)
(1.0187 -0.0187163 0)
(1.02245 -0.0196503 0)
(1.0263 -0.020332 0)
(1.03019 -0.0207887 0)
(1.03409 -0.0210488 0)
(1.03797 -0.0211407 0)
(1.0418 -0.0210912 0)
(1.04557 -0.0209246 0)
(1.04927 -0.0206624 0)
(1.05287 -0.0203231 0)
(1.05638 -0.0199226 0)
(1.0598 -0.019474 0)
(1.06311 -0.0189883 0)
(1.06632 -0.0184744 0)
(1.06943 -0.0179396 0)
(1.07243 -0.0173897 0)
(1.07533 -0.0168294 0)
(1.07813 -0.0162626 0)
(1.08082 -0.0156926 0)
(1.08341 -0.015122 0)
(1.0859 -0.0145533 0)
(1.08828 -0.0139888 0)
(1.09057 -0.0134308 0)
(1.09275 -0.0128816 0)
(1.09484 -0.0123443 0)
(1.09683 -0.0118223 0)
(1.09873 -0.0113201 0)
(1.10054 -0.0108432 0)
(1.10227 -0.0103984 0)
(1.10391 -0.00999322 0)
(1.10548 -0.00963544 0)
(1.10698 -0.00933252 0)
(1.10843 -0.00909034 0)
(1.10982 -0.00891221 0)
(1.11118 -0.00879788 0)
(1.1125 -0.0087428 0)
(1.1138 -0.00873791 0)
(1.11509 -0.00876992 0)
(1.11637 -0.00882207 0)
(1.11763 -0.00887543 0)
(1.11889 -0.0089104 0)
(1.12014 -0.00890842 0)
(1.12137 -0.00885352 0)
(1.12256 -0.00873352 0)
(1.12372 -0.00854095 0)
(1.12484 -0.00827337 0)
(1.12589 -0.00793322 0)
(1.12688 -0.00752733 0)
(1.1278 -0.00706595 0)
(1.12863 -0.00656178 0)
(1.12939 -0.00602879 0)
(1.13006 -0.00548118 0)
(1.13066 -0.00493246 0)
(1.13118 -0.00439475 0)
(1.13162 -0.00387827 0)
(1.132 -0.0033911 0)
(1.13232 -0.00293912 0)
(1.13259 -0.00252606 0)
(1.13281 -0.00215379 0)
(1.13299 -0.00182252 0)
(1.13313 -0.00153119 0)
(1.13325 -0.00127774 0)
(1.13334 -0.00105943 0)
(1.13342 -0.000873135 0)
(1.13348 -0.000715492 0)
(1.13352 -0.00058314 0)
(1.13356 -0.000472825 0)
(1.13358 -0.000381492 0)
(1.1336 -0.000306341 0)
(1.13362 -0.000244859 0)
(1.13363 -0.000194828 0)
(1.13364 -0.000154318 0)
(1.13364 -0.00012167 0)
(1.13365 -9.54762e-05 0)
(1.13365 -7.45496e-05 0)
(1.13365 -5.79004e-05 0)
(1.13365 -4.47082e-05 0)
(1.13365 -3.42984e-05 0)
(1.13366 -2.61183e-05 0)
(1.13366 -1.97181e-05 0)
(1.13366 -1.47335e-05 0)
(1.13366 -1.08707e-05 0)
(1.13366 -7.89356e-06 0)
(1.13366 -5.61322e-06 0)
(1.13366 -3.87908e-06 0)
(1.13366 -2.57141e-06 0)
(1.13366 -1.59536e-06 0)
(1.13366 -8.75842e-07 0)
(1.13366 -3.53501e-07 0)
(1.13366 1.80002e-08 0)
(1.13366 2.75191e-07 0)
(1.13366 4.46464e-07 0)
(1.13366 5.53654e-07 0)
(1.13365 6.13446e-07 0)
(1.13365 6.38619e-07 0)
(1.13365 6.39e-07 0)
(1.13365 6.22148e-07 0)
(1.13365 5.93884e-07 0)
(1.13365 5.58672e-07 0)
(1.13365 5.19814e-07 0)
(1.13365 4.79578e-07 0)
(1.13365 4.39381e-07 0)
(1.13365 4.00055e-07 0)
(1.13365 3.6212e-07 0)
(1.13365 3.26e-07 0)
(1.13365 2.92129e-07 0)
(1.13365 2.60928e-07 0)
(1.13365 2.32685e-07 0)
(1.13365 2.07412e-07 0)
(1.13365 1.84809e-07 0)
(1.13365 1.64378e-07 0)
(1.13365 1.45642e-07 0)
(1.13365 1.28345e-07 0)
(1.13365 1.1252e-07 0)
(1.13365 9.83868e-08 0)
(1.13365 8.61378e-08 0)
(1.13365 7.57407e-08 0)
(1.13365 6.6873e-08 0)
(1.13365 5.90336e-08 0)
(1.13365 5.1764e-08 0)
(1.13365 4.48621e-08 0)
(1.13365 3.84411e-08 0)
(1.13365 3.27892e-08 0)
(1.13365 2.81318e-08 0)
(1.13365 2.44363e-08 0)
(1.13365 2.14009e-08 0)
(1.13365 1.86144e-08 0)
(1.13365 1.57896e-08 0)
(1.13365 1.29181e-08 0)
(1.13365 1.0279e-08 0)
(1.13365 8.22981e-09 0)
(1.13365 6.94074e-09 0)
(1.13365 6.29684e-09 0)
(1.13365 5.92511e-09 0)
(1.13365 5.33393e-09 0)
(1.13365 4.30647e-09 0)
(1.13365 3.02293e-09 0)
(1.13365 1.98683e-09 0)
(1.13365 1.65207e-09 0)
(1.13365 2.02259e-09 0)
(1.13365 2.63541e-09 0)
(1.13365 2.80359e-09 0)
(1.13365 2.15636e-09 0)
(1.13365 1.01529e-09 0)
(1.13365 2.73882e-10 0)
(1.13365 5.07895e-10 0)
(1.13365 1.5596e-09 0)
(1.13365 2.54846e-09 0)
(1.13365 2.48609e-09 0)
(1.13365 1.22857e-09 0)
(1.13365 -2.93259e-10 0)
(1.13365 -8.55419e-10 0)
(1.13365 -8.77473e-11 0)
(1.13365 1.22074e-09 0)
(1.13365 1.79627e-09 0)
(1.13365 1.04663e-09 0)
(1.13365 -2.23451e-10 0)
(1.13365 -7.71227e-10 0)
(1.13365 1.81307e-11 0)
(1.13365 1.4593e-09 0)
(1.13365 2.38329e-09 0)
(1.13365 2.20489e-09 0)
(1.13365 1.52287e-09 0)
(1.13365 1.59751e-09 0)
(1.13365 2.97035e-09 0)
(1.13365 5.20953e-09 0)
(1.13365 7.24497e-09 0)
(1.13365 8.33518e-09 0)
(1.13365 8.63405e-09 0)
(1.13365 9.13586e-09 0)
(1.13365 1.09371e-08 0)
(1.13365 1.42674e-08 0)
(1.13365 1.80342e-08 0)
(1.13365 2.06309e-08 0)
(1.13365 2.17219e-08 0)
(1.13365 2.29845e-08 0)
(1.13365 2.64291e-08 0)
(1.13365 3.18326e-08 0)
(1.13365 3.65878e-08 0)
(1.13365 3.87404e-08 0)
(1.13365 3.94688e-08 0)
(1.13365 4.17822e-08 0)
(1.13365 4.6724e-08 0)
(1.13365 5.19959e-08 0)
(1.13365 5.48997e-08 0)
(1.13365 5.56523e-08 0)
(1.13365 5.68394e-08 0)
(1.13365 6.02907e-08 0)
(1.13365 6.54741e-08 0)
(1.13365 7.02957e-08 0)
(1.13365 7.2622e-08 0)
(1.13365 7.24041e-08 0)
(1.13365 7.27041e-08 0)
(1.13365 7.64943e-08 0)
(1.13365 8.18375e-08 0)
(1.13365 8.39226e-08 0)
(1.13365 8.24987e-08 0)
(1.13365 8.25729e-08 0)
(1.13365 8.65959e-08 0)
(1.13365 9.07244e-08 0)
(1.13365 9.16711e-08 0)
(1.13365 9.06894e-08 0)
(1.13365 8.97347e-08 0)
(1.13365 9.06246e-08 0)
(1.13365 9.50833e-08 0)
(1.13365 9.85846e-08 0)
(1.13365 9.50361e-08 0)
(1.13365 9.09001e-08 0)
(1.13365 9.39772e-08 0)
(1.13365 9.79131e-08 0)
(1.13365 9.88921e-08 0)
(1.13365 9.88666e-08 0)
(1.13365 9.53375e-08 0)
(1.13366 9.5633e-08 0)
(1.13366 1.0204e-07 0)
(1.13366 1.03605e-07 0)
(1.13366 1.00582e-07 0)
(1.13366 9.95034e-08 0)
(1.13366 1.02569e-07 0)
(1.13366 1.05521e-07 0)
(1.13366 1.04205e-07 0)
(1.13366 1.00035e-07 0)
(1.13366 9.86918e-08 0)
(1.13366 9.8315e-08 0)
(1.13366 9.41838e-08 0)
(1.13366 8.64968e-08 0)
(1.13366 7.92034e-08 0)
(1.13366 7.00723e-08 0)
(1.13366 5.86058e-08 0)
(1.13366 4.27157e-08 0)
(1.13366 2.165e-08 0)
(1.13366 8.61834e-10 0)
(1.13366 -2.76902e-08 0)
(1.13366 -6.08472e-08 0)
(1.13366 -1.00976e-07 0)
(1.13366 -1.41878e-07 0)
(1.13366 -1.94643e-07 0)
(1.13366 -2.4481e-07 0)
(1.13366 -3.09909e-07 0)
(1.13366 -3.56318e-07 0)
(1.13366 -4.22396e-07 0)
(1.13366 -4.40142e-07 0)
(1.00003 -0.00178683 0)
(1.00075 -0.00531126 0)
(1.00208 -0.00870419 0)
(1.00407 -0.0118761 0)
(1.00665 -0.0147474 0)
(1.00973 -0.0172629 0)
(1.01319 -0.0193959 0)
(1.01694 -0.0211454 0)
(1.02088 -0.0225284 0)
(1.02495 -0.0235728 0)
(1.02908 -0.0243123 0)
(1.03323 -0.0247837 0)
(1.03736 -0.0250244 0)
(1.04143 -0.0250704 0)
(1.04542 -0.0249553 0)
(1.04933 -0.0247088 0)
(1.05314 -0.0243565 0)
(1.05684 -0.0239201 0)
(1.06044 -0.0234178 0)
(1.06392 -0.0228646 0)
(1.06729 -0.0222727 0)
(1.07055 -0.021652 0)
(1.07369 -0.0210101 0)
(1.07673 -0.0203534 0)
(1.07966 -0.0196869 0)
(1.08248 -0.0190144 0)
(1.08519 -0.0183393 0)
(1.08779 -0.0176645 0)
(1.09029 -0.0169924 0)
(1.09269 -0.0163255 0)
(1.09498 -0.0156662 0)
(1.09716 -0.0150173 0)
(1.09925 -0.0143818 0)
(1.10123 -0.0137638 0)
(1.10312 -0.0131683 0)
(1.10492 -0.0126016 0)
(1.10662 -0.0120712 0)
(1.10824 -0.0115857 0)
(1.10977 -0.0111541 0)
(1.11123 -0.0107849 0)
(1.11263 -0.010485 0)
(1.11396 -0.0102582 0)
(1.11525 -0.0101044 0)
(1.11649 -0.0100185 0)
(1.11771 -0.00999028 0)
(1.11889 -0.0100045 0)
(1.12005 -0.010042 0)
(1.12119 -0.0100812 0)
(1.12231 -0.0100997 0)
(1.1234 -0.0100763 0)
(1.12447 -0.00999292 0)
(1.12549 -0.00983596 0)
(1.12647 -0.00959724 0)
(1.12739 -0.00927444 0)
(1.12825 -0.00887085 0)
(1.12904 -0.00839472 0)
(1.12976 -0.00785823 0)
(1.13041 -0.00727615 0)
(1.13098 -0.00666461 0)
(1.13148 -0.00603982 0)
(1.1319 -0.00541706 0)
(1.13226 -0.00480985 0)
(1.13257 -0.00422946 0)
(1.13281 -0.00368463 0)
(1.13302 -0.00318153 0)
(1.13318 -0.00272394 0)
(1.1333 -0.00231345 0)
(1.1334 -0.00194989 0)
(1.13347 -0.00163165 0)
(1.13353 -0.00135608 0)
(1.13357 -0.00111982 0)
(1.1336 -0.000919135 0)
(1.13361 -0.000750099 0)
(1.13363 -0.000608833 0)
(1.13364 -0.000491622 0)
(1.13364 -0.000395016 0)
(1.13364 -0.000315882 0)
(1.13364 -0.000251428 0)
(1.13364 -0.000199208 0)
(1.13364 -0.000157108 0)
(1.13364 -0.000123327 0)
(1.13363 -9.63385e-05 0)
(1.13363 -7.48697e-05 0)
(1.13363 -5.78626e-05 0)
(1.13363 -4.44451e-05 0)
(1.13363 -3.39035e-05 0)
(1.13362 -2.56571e-05 0)
(1.13362 -1.92351e-05 0)
(1.13362 -1.42576e-05 0)
(1.13362 -1.04201e-05 0)
(1.13362 -7.47881e-06 0)
(1.13362 -5.23946e-06 0)
(1.13362 -3.54779e-06 0)
(1.13362 -2.28185e-06 0)
(1.13362 -1.34528e-06 0)
(1.13362 -6.6202e-07 0)
(1.13362 -1.72666e-07 0)
(1.13362 1.69597e-07 0)
(1.13362 4.01163e-07 0)
(1.13362 5.50149e-07 0)
(1.13362 6.38075e-07 0)
(1.13362 6.8134e-07 0)
(1.13362 6.92437e-07 0)
(1.13362 6.80915e-07 0)
(1.13362 6.54095e-07 0)
(1.13362 6.17609e-07 0)
(1.13362 5.75714e-07 0)
(1.13362 5.31461e-07 0)
(1.13362 4.86854e-07 0)
(1.13362 4.43092e-07 0)
(1.13362 4.00863e-07 0)
(1.13362 3.60621e-07 0)
(1.13362 3.22773e-07 0)
(1.13362 2.87736e-07 0)
(1.13362 2.55866e-07 0)
(1.13362 2.27309e-07 0)
(1.13362 2.01891e-07 0)
(1.13362 1.79156e-07 0)
(1.13362 1.58543e-07 0)
(1.13362 1.39626e-07 0)
(1.13362 1.22269e-07 0)
(1.13362 1.06614e-07 0)
(1.13362 9.28999e-08 0)
(1.13362 8.12188e-08 0)
(1.13362 7.13623e-08 0)
(1.13362 6.28512e-08 0)
(1.13362 5.5134e-08 0)
(1.13362 4.7848e-08 0)
(1.13362 4.09778e-08 0)
(1.13362 3.47885e-08 0)
(1.13362 2.9591e-08 0)
(1.13362 2.54761e-08 0)
(1.13362 2.22102e-08 0)
(1.13362 1.93587e-08 0)
(1.13362 1.65403e-08 0)
(1.13362 1.36447e-08 0)
(1.13362 1.08904e-08 0)
(1.13362 8.65376e-09 0)
(1.13362 7.17174e-09 0)
(1.13362 6.38889e-09 0)
(1.13362 5.96495e-09 0)
(1.13362 5.40717e-09 0)
(1.13362 4.44128e-09 0)
(1.13362 3.18907e-09 0)
(1.13362 2.07006e-09 0)
(1.13362 1.579e-09 0)
(1.13362 1.80824e-09 0)
(1.13362 2.43551e-09 0)
(1.13362 2.8295e-09 0)
(1.13362 2.51374e-09 0)
(1.13362 1.55444e-09 0)
(1.13362 6.8415e-10 0)
(1.13362 6.09695e-10 0)
(1.13362 1.46929e-09 0)
(1.13362 2.64633e-09 0)
(1.13362 3.08704e-09 0)
(1.13362 2.27616e-09 0)
(1.13362 7.27576e-10 0)
(1.13362 -2.7248e-10 0)
(1.13362 -1.88028e-11 0)
(1.13362 1.15704e-09 0)
(1.13362 2.08182e-09 0)
(1.13362 1.7113e-09 0)
(1.13362 3.5764e-10 0)
(1.13362 -6.85996e-10 0)
(1.13362 -3.77928e-10 0)
(1.13362 9.90313e-10 0)
(1.13362 2.16437e-09 0)
(1.13362 2.06543e-09 0)
(1.13362 1.01787e-09 0)
(1.13362 4.63886e-10 0)
(1.13362 1.36485e-09 0)
(1.13362 3.40996e-09 0)
(1.13362 5.37213e-09 0)
(1.13362 6.26648e-09 0)
(1.13362 6.25994e-09 0)
(1.13362 6.45774e-09 0)
(1.13362 7.8997e-09 0)
(1.13362 1.07039e-08 0)
(1.13362 1.39823e-08 0)
(1.13362 1.64737e-08 0)
(1.13362 1.77854e-08 0)
(1.13362 1.90772e-08 0)
(1.13362 2.2074e-08 0)
(1.13362 2.70121e-08 0)
(1.13362 3.18391e-08 0)
(1.13362 3.43547e-08 0)
(1.13362 3.49946e-08 0)
(1.13362 3.67471e-08 0)
(1.13362 4.15152e-08 0)
(1.13362 4.7457e-08 0)
(1.13362 5.1187e-08 0)
(1.13362 5.21578e-08 0)
(1.13362 5.32635e-08 0)
(1.13362 5.70052e-08 0)
(1.13362 6.24556e-08 0)
(1.13362 6.68355e-08 0)
(1.13362 6.88046e-08 0)
(1.13362 6.94884e-08 0)
(1.13362 7.10219e-08 0)
(1.13362 7.48136e-08 0)
(1.13362 7.95555e-08 0)
(1.13362 8.1722e-08 0)
(1.13362 8.03718e-08 0)
(1.13362 7.9737e-08 0)
(1.13362 8.34468e-08 0)
(1.13362 8.84784e-08 0)
(1.13362 8.94506e-08 0)
(1.13362 8.69128e-08 0)
(1.13362 8.60658e-08 0)
(1.13362 8.85906e-08 0)
(1.13362 9.07951e-08 0)
(1.13362 9.02064e-08 0)
(1.13362 8.81269e-08 0)
(1.13362 8.63598e-08 0)
(1.13362 8.7358e-08 0)
(1.13362 9.0619e-08 0)
(1.13362 8.9088e-08 0)
(1.13362 8.28052e-08 0)
(1.13362 8.20019e-08 0)
(1.13362 8.65146e-08 0)
(1.13362 8.78756e-08 0)
(1.13362 8.479e-08 0)
(1.13362 8.02394e-08 0)
(1.13362 7.85626e-08 0)
(1.13362 8.13938e-08 0)
(1.13362 8.21184e-08 0)
(1.13362 7.65957e-08 0)
(1.13362 7.00813e-08 0)
(1.13362 6.6892e-08 0)
(1.13362 6.53133e-08 0)
(1.13362 5.90262e-08 0)
(1.13362 4.84428e-08 0)
(1.13362 3.48646e-08 0)
(1.13362 2.55104e-08 0)
(1.13362 1.28022e-08 0)
(1.13362 -8.38897e-09 0)
(1.13362 -3.12849e-08 0)
(1.13362 -6.19183e-08 0)
(1.13362 -9.56709e-08 0)
(1.13362 -1.32207e-07 0)
(1.13362 -1.78336e-07 0)
(1.13362 -2.3507e-07 0)
(1.13362 -2.91959e-07 0)
(1.13362 -3.61915e-07 0)
(1.13362 -4.41783e-07 0)
(1.13362 -5.30296e-07 0)
(1.13362 -6.11613e-07 0)
(1.13362 -7.1747e-07 0)
(1.13362 -7.82985e-07 0)
(1.00004 -0.00217064 0)
(1.00087 -0.00644667 0)
(1.00242 -0.0105482 0)
(1.00472 -0.0143569 0)
(1.0077 -0.0177699 0)
(1.01122 -0.0207203 0)
(1.01514 -0.0231823 0)
(1.01933 -0.0251644 0)
(1.0237 -0.026697 0)
(1.02815 -0.0278217 0)
(1.03262 -0.0285851 0)
(1.03708 -0.029036 0)
(1.04146 -0.0292228 0)
(1.04576 -0.029191 0)
(1.04994 -0.0289815 0)
(1.05401 -0.0286297 0)
(1.05795 -0.0281654 0)
(1.06177 -0.0276133 0)
(1.06546 -0.0269937 0)
(1.06902 -0.0263231 0)
(1.07246 -0.0256144 0)
(1.07577 -0.024878 0)
(1.07897 -0.0241219 0)
(1.08205 -0.0233523 0)
(1.08502 -0.0225742 0)
(1.08787 -0.0217914 0)
(1.09061 -0.0210071 0)
(1.09323 -0.020224 0)
(1.09575 -0.0194446 0)
(1.09816 -0.0186712 0)
(1.10046 -0.0179065 0)
(1.10265 -0.0171532 0)
(1.10473 -0.0164149 0)
(1.10671 -0.0156959 0)
(1.10859 -0.0150017 0)
(1.11036 -0.0143393 0)
(1.11204 -0.013717 0)
(1.11362 -0.0131443 0)
(1.11511 -0.0126313 0)
(1.11652 -0.0121873 0)
(1.11785 -0.0118202 0)
(1.11911 -0.0115343 0)
(1.12031 -0.0113294 0)
(1.12145 -0.0112 0)
(1.12254 -0.0111348 0)
(1.12359 -0.0111168 0)
(1.1246 -0.0111248 0)
(1.12558 -0.0111347 0)
(1.12651 -0.011122 0)
(1.1274 -0.0110632 0)
(1.12824 -0.0109388 0)
(1.12903 -0.0107341 0)
(1.12977 -0.0104408 0)
(1.13044 -0.010057 0)
(1.13105 -0.00958708 0)
(1.13158 -0.00904091 0)
(1.13205 -0.00843246 0)
(1.13245 -0.00777846 0)
(1.13279 -0.00709689 0)
(1.13306 -0.00640558 0)
(1.13328 -0.00572112 0)
(1.13345 -0.00505797 0)
(1.13357 -0.00442798 0)
(1.13366 -0.00384009 0)
(1.13372 -0.0033004 0)
(1.13376 -0.00281234 0)
(1.13377 -0.00237703 0)
(1.13377 -0.00199366 0)
(1.13376 -0.00165999 0)
(1.13375 -0.00137268 0)
(1.13373 -0.00112776 0)
(1.13371 -0.00092087 0)
(1.13368 -0.000747592 0)
(1.13366 -0.000603589 0)
(1.13364 -0.000484776 0)
(1.13362 -0.000387394 0)
(1.1336 -0.000308067 0)
(1.13359 -0.000243814 0)
(1.13357 -0.000192045 0)
(1.13356 -0.000150541 0)
(1.13355 -0.000117422 0)
(1.13354 -9.11116e-05 0)
(1.13354 -7.03012e-05 0)
(1.13353 -5.39113e-05 0)
(1.13352 -4.10579e-05 0)
(1.13352 -3.10219e-05 0)
(1.13352 -2.32218e-05 0)
(1.13351 -1.7189e-05 0)
(1.13351 -1.25475e-05 0)
(1.13351 -8.99786e-06 0)
(1.13351 -6.30138e-06 0)
(1.13351 -4.26902e-06 0)
(1.1335 -2.75158e-06 0)
(1.1335 -1.63148e-06 0)
(1.1335 -8.16406e-07 0)
(1.1335 -2.34069e-07 0)
(1.1335 1.72002e-07 0)
(1.1335 4.45816e-07 0)
(1.1335 6.21253e-07 0)
(1.1335 7.24245e-07 0)
(1.1335 7.74515e-07 0)
(1.1335 7.8703e-07 0)
(1.1335 7.73144e-07 0)
(1.1335 7.41466e-07 0)
(1.1335 6.98547e-07 0)
(1.1335 6.49341e-07 0)
(1.1335 5.97475e-07 0)
(1.1335 5.45422e-07 0)
(1.1335 4.94699e-07 0)
(1.1335 4.46143e-07 0)
(1.1335 4.00203e-07 0)
(1.1335 3.57183e-07 0)
(1.1335 3.17387e-07 0)
(1.1335 2.81121e-07 0)
(1.1335 2.4858e-07 0)
(1.1335 2.19707e-07 0)
(1.1335 1.94131e-07 0)
(1.1335 1.71266e-07 0)
(1.1335 1.50536e-07 0)
(1.1335 1.31596e-07 0)
(1.1335 1.14425e-07 0)
(1.1335 9.92174e-08 0)
(1.1335 8.61572e-08 0)
(1.1335 7.51798e-08 0)
(1.1335 6.58954e-08 0)
(1.1335 5.77152e-08 0)
(1.1335 5.01225e-08 0)
(1.1335 4.29217e-08 0)
(1.1335 3.62812e-08 0)
(1.1335 3.05543e-08 0)
(1.1335 2.59744e-08 0)
(1.1335 2.24347e-08 0)
(1.1335 1.95229e-08 0)
(1.1335 1.67694e-08 0)
(1.1335 1.39295e-08 0)
(1.1335 1.11207e-08 0)
(1.1335 8.72491e-09 0)
(1.1335 7.06701e-09 0)
(1.1335 6.18041e-09 0)
(1.1335 5.75048e-09 0)
(1.1335 5.25826e-09 0)
(1.1335 4.34802e-09 0)
(1.1335 3.10302e-09 0)
(1.1335 1.88986e-09 0)
(1.1335 1.24677e-09 0)
(1.1335 1.37565e-09 0)
(1.1335 2.00466e-09 0)
(1.1335 2.58864e-09 0)
(1.1335 2.59603e-09 0)
(1.1335 1.90468e-09 0)
(1.1335 1.03779e-09 0)
(1.1335 7.43667e-10 0)
(1.1335 1.33267e-09 0)
(1.1335 2.487e-09 0)
(1.1335 3.27855e-09 0)
(1.1335 2.97975e-09 0)
(1.1335 1.66849e-09 0)
(1.1335 4.10571e-10 0)
(1.1335 2.1311e-10 0)
(1.1335 1.11002e-09 0)
(1.1335 2.2149e-09 0)
(1.1335 2.2988e-09 0)
(1.1335 1.07846e-09 0)
(1.1335 -3.15135e-10 0)
(1.1335 -6.18605e-10 0)
(1.1335 4.73953e-10 0)
(1.1335 1.87008e-09 0)
(1.1335 2.12542e-09 0)
(1.1335 1.03264e-09 0)
(1.1335 -1.16563e-10 0)
(1.1335 1.36559e-10 0)
(1.1335 1.8271e-09 0)
(1.1335 3.74078e-09 0)
(1.1335 4.54484e-09 0)
(1.1335 4.21636e-09 0)
(1.1335 4.02901e-09 0)
(1.1335 5.183e-09 0)
(1.1335 7.68313e-09 0)
(1.1335 1.05514e-08 0)
(1.1335 1.26668e-08 0)
(1.1335 1.38239e-08 0)
(1.1335 1.50257e-08 0)
(1.1335 1.76713e-08 0)
(1.1335 2.20607e-08 0)
(1.1335 2.67042e-08 0)
(1.1335 2.96248e-08 0)
(1.1335 3.06367e-08 0)
(1.1335 3.20589e-08 0)
(1.1335 3.62121e-08 0)
(1.1335 4.21874e-08 0)
(1.1335 4.66092e-08 0)
(1.1335 4.80703e-08 0)
(1.1335 4.92302e-08 0)
(1.1335 5.321e-08 0)
(1.1335 5.93105e-08 0)
(1.1335 6.40781e-08 0)
(1.1335 6.58048e-08 0)
(1.1335 6.63507e-08 0)
(1.1335 6.84401e-08 0)
(1.1335 7.25965e-08 0)
(1.1335 7.69564e-08 0)
(1.1335 7.91608e-08 0)
(1.1335 7.88961e-08 0)
(1.1335 7.90143e-08 0)
(1.1335 8.22362e-08 0)
(1.1335 8.6162e-08 0)
(1.1335 8.63086e-08 0)
(1.1335 8.38488e-08 0)
(1.1335 8.35837e-08 0)
(1.1335 8.62994e-08 0)
(1.1335 8.85257e-08 0)
(1.1335 8.70782e-08 0)
(1.1335 8.24907e-08 0)
(1.1335 8.03758e-08 0)
(1.1335 8.31791e-08 0)
(1.1335 8.39969e-08 0)
(1.1335 7.98314e-08 0)
(1.1335 7.59626e-08 0)
(1.1335 7.38366e-08 0)
(1.1335 7.40457e-08 0)
(1.1335 7.55522e-08 0)
(1.1335 7.05555e-08 0)
(1.1335 6.49761e-08 0)
(1.1335 6.47402e-08 0)
(1.1335 6.37131e-08 0)
(1.1335 5.97109e-08 0)
(1.1335 5.3003e-08 0)
(1.1335 4.79918e-08 0)
(1.1335 4.45125e-08 0)
(1.1335 3.85474e-08 0)
(1.1335 2.83275e-08 0)
(1.1335 1.52989e-08 0)
(1.1335 6.37096e-09 0)
(1.1335 -6.25374e-09 0)
(1.1335 -2.54212e-08 0)
(1.1335 -4.65963e-08 0)
(1.1335 -7.3619e-08 0)
(1.1335 -9.99895e-08 0)
(1.1335 -1.34632e-07 0)
(1.1335 -1.82246e-07 0)
(1.1335 -2.3101e-07 0)
(1.1335 -2.85886e-07 0)
(1.1335 -3.57113e-07 0)
(1.1335 -4.38383e-07 0)
(1.1335 -5.29392e-07 0)
(1.1335 -6.32757e-07 0)
(1.1335 -7.49506e-07 0)
(1.1335 -8.75199e-07 0)
(1.1335 -1.03012e-06 0)
(1.1335 -1.17382e-06 0)
(1.00005 -0.00262443 0)
(1.00103 -0.007786 0)
(1.00288 -0.012714 0)
(1.0056 -0.0172505 0)
(1.00909 -0.021263 0)
(1.01318 -0.0246727 0)
(1.01768 -0.0274607 0)
(1.02243 -0.0296534 0)
(1.02731 -0.0313012 0)
(1.03222 -0.0324642 0)
(1.03711 -0.0332061 0)
(1.04192 -0.033591 0)
(1.04661 -0.0336809 0)
(1.05116 -0.0335322 0)
(1.05557 -0.033194 0)
(1.05982 -0.0327075 0)
(1.06391 -0.0321063 0)
(1.06786 -0.0314179 0)
(1.07165 -0.030664 0)
(1.07531 -0.029862 0)
(1.07883 -0.0290251 0)
(1.08222 -0.0281638 0)
(1.08548 -0.0272856 0)
(1.08861 -0.0263966 0)
(1.09162 -0.0255013 0)
(1.09452 -0.024603 0)
(1.09729 -0.0237045 0)
(1.09995 -0.0228082 0)
(1.10249 -0.0219163 0)
(1.10492 -0.0210312 0)
(1.10723 -0.0201552 0)
(1.10942 -0.0192915 0)
(1.1115 -0.0184437 0)
(1.11346 -0.0176165 0)
(1.11532 -0.016816 0)
(1.11706 -0.0160497 0)
(1.11869 -0.0153268 0)
(1.12021 -0.0146575 0)
(1.12164 -0.0140527 0)
(1.12297 -0.0135228 0)
(1.12421 -0.013076 0)
(1.12536 -0.0127171 0)
(1.12643 -0.0124459 0)
(1.12743 -0.0122563 0)
(1.12837 -0.0121359 0)
(1.12923 -0.0120664 0)
(1.13004 -0.0120248 0)
(1.13078 -0.0119853 0)
(1.13146 -0.0119216 0)
(1.13208 -0.0118092 0)
(1.13263 -0.0116275 0)
(1.13311 -0.0113617 0)
(1.13353 -0.0110039 0)
(1.13387 -0.0105532 0)
(1.13415 -0.0100153 0)
(1.13436 -0.0094016 0)
(1.13451 -0.00872781 0)
(1.1346 -0.0080122 0)
(1.13465 -0.00727405 0)
(1.13465 -0.00653221 0)
(1.13461 -0.00580389 0)
(1.13455 -0.00510381 0)
(1.13447 -0.00444374 0)
(1.13437 -0.00383226 0)
(1.13427 -0.0032749 0)
(1.13416 -0.00277437 0)
(1.13405 -0.00233101 0)
(1.13395 -0.00194324 0)
(1.13385 -0.00160803 0)
(1.13376 -0.00132136 0)
(1.13368 -0.00107864 0)
(1.13361 -0.000875015 0)
(1.13354 -0.000705625 0)
(1.13348 -0.000565815 0)
(1.13343 -0.000451251 0)
(1.13339 -0.000357997 0)
(1.13335 -0.000282558 0)
(1.13332 -0.000221881 0)
(1.1333 -0.000173337 0)
(1.13327 -0.000134697 0)
(1.13326 -0.000104088 0)
(1.13324 -7.99535e-05 0)
(1.13323 -6.10106e-05 0)
(1.13322 -4.62109e-05 0)
(1.13321 -3.47022e-05 0)
(1.1332 -2.57964e-05 0)
(1.1332 -1.89407e-05 0)
(1.13319 -1.36931e-05 0)
(1.13319 -9.70209e-06 0)
(1.13319 -6.68917e-06 0)
(1.13318 -4.43413e-06 0)
(1.13318 -2.76358e-06 0)
(1.13318 -1.54209e-06 0)
(1.13318 -6.63493e-07 0)
(1.13318 -4.48378e-08 0)
(1.13318 3.78244e-07 0)
(1.13318 6.55727e-07 0)
(1.13318 8.25929e-07 0)
(1.13318 9.18062e-07 0)
(1.13318 9.54208e-07 0)
(1.13318 9.50952e-07 0)
(1.13318 9.20734e-07 0)
(1.13318 8.72881e-07 0)
(1.13318 8.14383e-07 0)
(1.13317 7.50478e-07 0)
(1.13317 6.85005e-07 0)
(1.13317 6.20624e-07 0)
(1.13317 5.58983e-07 0)
(1.13317 5.00937e-07 0)
(1.13317 4.4683e-07 0)
(1.13317 3.96761e-07 0)
(1.13317 3.50793e-07 0)
(1.13317 3.0904e-07 0)
(1.13317 2.71613e-07 0)
(1.13317 2.38487e-07 0)
(1.13317 2.09371e-07 0)
(1.13317 1.83705e-07 0)
(1.13317 1.60813e-07 0)
(1.13317 1.4014e-07 0)
(1.13317 1.21435e-07 0)
(1.13317 1.04755e-07 0)
(1.13318 9.02888e-08 0)
(1.13318 7.80953e-08 0)
(1.13318 6.79228e-08 0)
(1.13318 5.92246e-08 0)
(1.13318 5.13787e-08 0)
(1.13318 4.39929e-08 0)
(1.13318 3.70659e-08 0)
(1.13318 3.09106e-08 0)
(1.13318 2.58723e-08 0)
(1.13318 2.20142e-08 0)
(1.13318 1.90184e-08 0)
(1.13318 1.63678e-08 0)
(1.13318 1.36686e-08 0)
(1.13318 1.08917e-08 0)
(1.13318 8.37204e-09 0)
(1.13318 6.53008e-09 0)
(1.13318 5.52767e-09 0)
(1.13318 5.12728e-09 0)
(1.13318 4.77689e-09 0)
(1.13318 4.01194e-09 0)
(1.13318 2.80049e-09 0)
(1.13318 1.51132e-09 0)
(1.13318 6.89309e-10 0)
(1.13318 6.71577e-10 0)
(1.13318 1.29202e-09 0)
(1.13318 2.05006e-09 0)
(1.13318 2.36875e-09 0)
(1.13318 2.00007e-09 0)
(1.13318 1.26161e-09 0)
(1.13318 8.52462e-10 0)
(1.13318 1.20092e-09 0)
(1.13318 2.21783e-09 0)
(1.13318 3.1784e-09 0)
(1.13318 3.30137e-09 0)
(1.13318 2.3756e-09 0)
(1.13318 1.1094e-09 0)
(1.13318 5.76715e-10 0)
(1.13318 1.13067e-09 0)
(1.13318 2.25516e-09 0)
(1.13318 2.74757e-09 0)
(1.13318 1.90956e-09 0)
(1.13318 3.60613e-10 0)
(1.13318 -5.33079e-10 0)
(1.13318 9.48219e-12 0)
(1.13318 1.37986e-09 0)
(1.13318 2.07087e-09 0)
(1.13318 1.271e-09 0)
(1.13318 -1.83694e-10 0)
(1.13318 -6.59456e-10 0)
(1.13318 4.88949e-10 0)
(1.13318 2.31638e-09 0)
(1.13318 3.21515e-09 0)
(1.13318 2.66307e-09 0)
(1.13318 1.94727e-09 0)
(1.13318 2.66645e-09 0)
(1.13318 4.94281e-09 0)
(1.13318 7.61919e-09 0)
(1.13318 9.39124e-09 0)
(1.13318 1.0176e-08 0)
(1.13318 1.10825e-08 0)
(1.13318 1.33706e-08 0)
(1.13318 1.71766e-08 0)
(1.13318 2.12743e-08 0)
(1.13318 2.41525e-08 0)
(1.13318 2.55751e-08 0)
(1.13318 2.71789e-08 0)
(1.13318 3.09812e-08 0)
(1.13318 3.68038e-08 0)
(1.13318 4.18972e-08 0)
(1.13318 4.41775e-08 0)
(1.13318 4.53302e-08 0)
(1.13318 4.88726e-08 0)
(1.13318 5.50508e-08 0)
(1.13318 6.0342e-08 0)
(1.13318 6.24421e-08 0)
(1.13318 6.33842e-08 0)
(1.13318 6.61901e-08 0)
(1.13318 7.07899e-08 0)
(1.13318 7.47284e-08 0)
(1.13318 7.64634e-08 0)
(1.13318 7.67431e-08 0)
(1.13318 7.75982e-08 0)
(1.13318 8.0663e-08 0)
(1.13318 8.46731e-08 0)
(1.13318 8.55551e-08 0)
(1.13318 8.27099e-08 0)
(1.13318 8.16665e-08 0)
(1.13318 8.4605e-08 0)
(1.13318 8.57953e-08 0)
(1.13318 8.29719e-08 0)
(1.13318 8.07614e-08 0)
(1.13318 7.99487e-08 0)
(1.13318 7.88314e-08 0)
(1.13318 7.80155e-08 0)
(1.13318 7.41528e-08 0)
(1.13318 6.83466e-08 0)
(1.13318 6.87887e-08 0)
(1.13318 6.94915e-08 0)
(1.13318 6.37917e-08 0)
(1.13318 5.85412e-08 0)
(1.13318 5.38458e-08 0)
(1.13318 5.11968e-08 0)
(1.13318 4.96583e-08 0)
(1.13318 4.37596e-08 0)
(1.13318 3.61019e-08 0)
(1.13318 2.94945e-08 0)
(1.13318 2.45419e-08 0)
(1.13318 1.73409e-08 0)
(1.13318 5.66558e-09 0)
(1.13318 -6.36382e-09 0)
(1.13318 -1.83896e-08 0)
(1.13318 -3.25624e-08 0)
(1.13318 -5.02101e-08 0)
(1.13318 -7.52483e-08 0)
(1.13318 -9.91635e-08 0)
(1.13318 -1.28911e-07 0)
(1.13318 -1.66632e-07 0)
(1.13318 -2.06193e-07 0)
(1.13318 -2.54972e-07 0)
(1.13318 -3.1621e-07 0)
(1.13318 -3.86096e-07 0)
(1.13318 -4.67969e-07 0)
(1.13318 -5.68035e-07 0)
(1.13318 -6.83395e-07 0)
(1.13318 -8.14307e-07 0)
(1.13318 -9.6319e-07 0)
(1.13318 -1.13613e-06 0)
(1.13318 -1.36252e-06 0)
(1.13318 -1.63075e-06 0)
(1.00006 -0.00317302 0)
(1.00125 -0.00940042 0)
(1.00349 -0.0153101 0)
(1.00678 -0.0206893 0)
(1.01096 -0.0253665 0)
(1.01579 -0.0292547 0)
(1.02102 -0.032354 0)
(1.02645 -0.0347205 0)
(1.03195 -0.0364335 0)
(1.03743 -0.0375776 0)
(1.0428 -0.0382381 0)
(1.04802 -0.038499 0)
(1.05307 -0.0384387 0)
(1.05791 -0.0381263 0)
(1.06257 -0.0376195 0)
(1.06702 -0.0369646 0)
(1.07129 -0.0361989 0)
(1.07539 -0.0353514 0)
(1.07932 -0.0344449 0)
(1.08308 -0.0334966 0)
(1.0867 -0.0325195 0)
(1.09017 -0.0315231 0)
(1.0935 -0.0305144 0)
(1.0967 -0.0294984 0)
(1.09977 -0.0284788 0)
(1.1027 -0.0274581 0)
(1.10552 -0.0264386 0)
(1.1082 -0.0254219 0)
(1.11076 -0.02441 0)
(1.11319 -0.0234048 0)
(1.11549 -0.0224087 0)
(1.11767 -0.021425 0)
(1.11971 -0.0204574 0)
(1.12163 -0.0195111 0)
(1.12343 -0.0185928 0)
(1.12509 -0.0177106 0)
(1.12663 -0.0168744 0)
(1.12806 -0.0160953 0)
(1.12936 -0.0153848 0)
(1.13055 -0.0147538 0)
(1.13163 -0.014211 0)
(1.13261 -0.0137613 0)
(1.13349 -0.0134041 0)
(1.13428 -0.0131327 0)
(1.13497 -0.012934 0)
(1.13557 -0.0127884 0)
(1.13608 -0.012672 0)
(1.1365 -0.0125581 0)
(1.13684 -0.0124195 0)
(1.13709 -0.0122316 0)
(1.13725 -0.0119741 0)
(1.13733 -0.0116331 0)
(1.13733 -0.0112017 0)
(1.13726 -0.0106804 0)
(1.13712 -0.0100765 0)
(1.13693 -0.00940294 0)
(1.13669 -0.00867648 0)
(1.13642 -0.00791633 0)
(1.13612 -0.00714224 0)
(1.1358 -0.00637314 0)
(1.13548 -0.0056259 0)
(1.13515 -0.00491462 0)
(1.13484 -0.00425015 0)
(1.13454 -0.00364005 0)
(1.13426 -0.00308873 0)
(1.13401 -0.0025978 0)
(1.13377 -0.00216656 0)
(1.13356 -0.0017925 0)
(1.13337 -0.00147179 0)
(1.1332 -0.00119978 0)
(1.13306 -0.000971371 0)
(1.13294 -0.000781334 0)
(1.13283 -0.000624567 0)
(1.13274 -0.000496266 0)
(1.13266 -0.000392028 0)
(1.1326 -0.000307914 0)
(1.13255 -0.000240468 0)
(1.1325 -0.000186708 0)
(1.13247 -0.000144095 0)
(1.13244 -0.0001105 0)
(1.13241 -8.41506e-05 0)
(1.13239 -6.35898e-05 0)
(1.13237 -4.76286e-05 0)
(1.13236 -3.53036e-05 0)
(1.13235 -2.58397e-05 0)
(1.13234 -1.86168e-05 0)
(1.13233 -1.31414e-05 0)
(1.13233 -9.02185e-06 0)
(1.13232 -5.94992e-06 0)
(1.13232 -3.68371e-06 0)
(1.13232 -2.03399e-06 0)
(1.13232 -8.53302e-07 0)
(1.13231 -2.6896e-08 0)
(1.13231 5.33883e-07 0)
(1.13231 8.97489e-07 0)
(1.13231 1.11651e-06 0)
(1.13231 1.23097e-06 0)
(1.13231 1.27125e-06 0)
(1.13231 1.26011e-06 0)
(1.13231 1.21443e-06 0)
(1.13231 1.14658e-06 0)
(1.13231 1.0656e-06 0)
(1.13231 9.78076e-07 0)
(1.13231 8.88791e-07 0)
(1.13231 8.01199e-07 0)
(1.13231 7.17672e-07 0)
(1.13231 6.39641e-07 0)
(1.13231 5.67755e-07 0)
(1.13231 5.02088e-07 0)
(1.13231 4.42396e-07 0)
(1.13231 3.88355e-07 0)
(1.13231 3.3972e-07 0)
(1.13231 2.96347e-07 0)
(1.13231 2.58101e-07 0)
(1.13231 2.24695e-07 0)
(1.13231 1.95599e-07 0)
(1.13231 1.70088e-07 0)
(1.13231 1.47436e-07 0)
(1.13231 1.27138e-07 0)
(1.13231 1.09031e-07 0)
(1.13231 9.32077e-08 0)
(1.13231 7.97827e-08 0)
(1.13231 6.8645e-08 0)
(1.13231 5.93572e-08 0)
(1.13231 5.12741e-08 0)
(1.13231 4.3837e-08 0)
(1.13231 3.68337e-08 0)
(1.13231 3.04428e-08 0)
(1.13231 2.50457e-08 0)
(1.13231 2.0873e-08 0)
(1.13231 1.77665e-08 0)
(1.13231 1.52398e-08 0)
(1.13231 1.27757e-08 0)
(1.13231 1.01512e-08 0)
(1.13231 7.57918e-09 0)
(1.13231 5.52743e-09 0)
(1.13231 4.33866e-09 0)
(1.13231 3.92742e-09 0)
(1.13231 3.77279e-09 0)
(1.13231 3.28439e-09 0)
(1.13231 2.2411e-09 0)
(1.13231 9.5421e-10 0)
(1.13231 -3.93378e-11 0)
(1.13231 -2.39425e-10 0)
(1.13231 3.21565e-10 0)
(1.13231 1.19541e-09 0)
(1.13231 1.79583e-09 0)
(1.13231 1.76636e-09 0)
(1.13231 1.24666e-09 0)
(1.13231 8.4773e-10 0)
(1.13231 1.06324e-09 0)
(1.13231 1.93438e-09 0)
(1.13231 2.95085e-09 0)
(1.13231 3.36108e-09 0)
(1.13231 2.80479e-09 0)
(1.13231 1.70443e-09 0)
(1.13231 1.02321e-09 0)
(1.13231 1.2895e-09 0)
(1.13231 2.28644e-09 0)
(1.13231 3.04281e-09 0)
(1.13231 2.66314e-09 0)
(1.13231 1.24238e-09 0)
(1.13231 -2.0909e-11 0)
(1.13231 -1.4642e-10 0)
(1.13231 8.53184e-10 0)
(1.13231 1.77641e-09 0)
(1.13231 1.42059e-09 0)
(1.13231 2.1426e-11 0)
(1.13231 -1.00764e-09 0)
(1.13231 -5.1999e-10 0)
(1.13231 1.05957e-09 0)
(1.13231 2.13397e-09 0)
(1.13231 1.6777e-09 0)
(1.13231 6.00261e-10 0)
(1.13231 6.83522e-10 0)
(1.13231 2.50424e-09 0)
(1.13231 5.01366e-09 0)
(1.13231 6.55503e-09 0)
(1.13231 6.86458e-09 0)
(1.13231 7.26405e-09 0)
(1.13231 9.14712e-09 0)
(1.13231 1.253e-08 0)
(1.13231 1.61064e-08 0)
(1.13231 1.86386e-08 0)
(1.13231 2.01586e-08 0)
(1.13231 2.19606e-08 0)
(1.13231 2.54956e-08 0)
(1.13231 3.07783e-08 0)
(1.13231 3.6012e-08 0)
(1.13231 3.93918e-08 0)
(1.13231 4.1524e-08 0)
(1.13231 4.50315e-08 0)
(1.13231 5.08498e-08 0)
(1.13231 5.63858e-08 0)
(1.13231 5.88562e-08 0)
(1.13231 5.97111e-08 0)
(1.13231 6.27014e-08 0)
(1.13231 6.8125e-08 0)
(1.13231 7.25483e-08 0)
(1.13231 7.4241e-08 0)
(1.13231 7.51639e-08 0)
(1.13231 7.7249e-08 0)
(1.13231 8.00023e-08 0)
(1.13231 8.21556e-08 0)
(1.13231 8.30409e-08 0)
(1.13231 8.25385e-08 0)
(1.13231 8.19274e-08 0)
(1.13231 8.3287e-08 0)
(1.13231 8.50801e-08 0)
(1.13231 8.29726e-08 0)
(1.13231 7.85755e-08 0)
(1.13231 7.75338e-08 0)
(1.13231 7.75953e-08 0)
(1.13231 7.37709e-08 0)
(1.13231 6.98122e-08 0)
(1.13231 6.78062e-08 0)
(1.13231 6.42289e-08 0)
(1.13231 6.09489e-08 0)
(1.13231 5.67494e-08 0)
(1.13231 5.0256e-08 0)
(1.13231 4.57185e-08 0)
(1.13231 4.24248e-08 0)
(1.13231 3.70439e-08 0)
(1.13231 2.978e-08 0)
(1.13231 2.31149e-08 0)
(1.13231 1.67177e-08 0)
(1.13231 9.97475e-09 0)
(1.13231 -2.08786e-10 0)
(1.13231 -1.18396e-08 0)
(1.13231 -2.31275e-08 0)
(1.13231 -3.61796e-08 0)
(1.13231 -4.93186e-08 0)
(1.13231 -7.06295e-08 0)
(1.13231 -9.39196e-08 0)
(1.13231 -1.18483e-07 0)
(1.13231 -1.45621e-07 0)
(1.13231 -1.80024e-07 0)
(1.13231 -2.23415e-07 0)
(1.13231 -2.70522e-07 0)
(1.13231 -3.23138e-07 0)
(1.13231 -3.92163e-07 0)
(1.13231 -4.70986e-07 0)
(1.13231 -5.67094e-07 0)
(1.13231 -6.77035e-07 0)
(1.13231 -8.12081e-07 0)
(1.13231 -9.73003e-07 0)
(1.13231 -1.15068e-06 0)
(1.13231 -1.37646e-06 0)
(1.13231 -1.69865e-06 0)
(1.13231 -2.17125e-06 0)
(1.00007 -0.00385257 0)
(1.00156 -0.0113925 0)
(1.00433 -0.0184904 0)
(1.00839 -0.0248539 0)
(1.01349 -0.0302633 0)
(1.01928 -0.0346357 0)
(1.02544 -0.0380117 0)
(1.03173 -0.0404947 0)
(1.03798 -0.0422023 0)
(1.04412 -0.0432501 0)
(1.05006 -0.0437515 0)
(1.05577 -0.0438156 0)
(1.06122 -0.043541 0)
(1.0664 -0.04301 0)
(1.07133 -0.0422884 0)
(1.07603 -0.0414273 0)
(1.0805 -0.040466 0)
(1.08476 -0.0394344 0)
(1.08882 -0.0383546 0)
(1.09271 -0.037243 0)
(1.09642 -0.0361109 0)
(1.09998 -0.0349666 0)
(1.10337 -0.0338155 0)
(1.10662 -0.0326612 0)
(1.10972 -0.0315061 0)
(1.11267 -0.0303518 0)
(1.11548 -0.0291993 0)
(1.11814 -0.0280497 0)
(1.12066 -0.0269043 0)
(1.12303 -0.0257648 0)
(1.12526 -0.0246336 0)
(1.12734 -0.0235138 0)
(1.12926 -0.0224099 0)
(1.13104 -0.0213276 0)
(1.13267 -0.020274 0)
(1.13416 -0.0192583 0)
(1.1355 -0.0182909 0)
(1.1367 -0.0173838 0)
(1.13777 -0.0165491 0)
(1.1387 -0.0157978 0)
(1.1395 -0.0151387 0)
(1.14018 -0.0145764 0)
(1.14074 -0.0141098 0)
(1.14117 -0.0137317 0)
(1.14149 -0.013428 0)
(1.1417 -0.0131788 0)
(1.14179 -0.0129598 0)
(1.14176 -0.0127444 0)
(1.14163 -0.0125063 0)
(1.14139 -0.0122219 0)
(1.14105 -0.0118725 0)
(1.14062 -0.0114459 0)
(1.14011 -0.0109372 0)
(1.13954 -0.0103488 0)
(1.13891 -0.00968919 0)
(1.13825 -0.00897229 0)
(1.13757 -0.00821537 0)
(1.13688 -0.00743741 0)
(1.1362 -0.00665745 0)
(1.13554 -0.00589323 0)
(1.13491 -0.00516013 0)
(1.13432 -0.00447054 0)
(1.13378 -0.00383353 0)
(1.13328 -0.00325492 0)
(1.13283 -0.00273748 0)
(1.13243 -0.00228143 0)
(1.13207 -0.00188486 0)
(1.13176 -0.0015443 0)
(1.1315 -0.00125525 0)
(1.13127 -0.00101255 0)
(1.13107 -0.000810821 0)
(1.13091 -0.000644709 0)
(1.13077 -0.000509115 0)
(1.13065 -0.000399328 0)
(1.13055 -0.000311113 0)
(1.13047 -0.000240737 0)
(1.13041 -0.000184968 0)
(1.13036 -0.00014106 0)
(1.13031 -0.000106705 0)
(1.13028 -7.99888e-05 0)
(1.13025 -5.93389e-05 0)
(1.13023 -4.34784e-05 0)
(1.13021 -3.13763e-05 0)
(1.13019 -2.22075e-05 0)
(1.13018 -1.53152e-05 0)
(1.13017 -1.01815e-05 0)
(1.13016 -6.3979e-06 0)
(1.13016 -3.64598e-06 0)
(1.13015 -1.67705e-06 0)
(1.13015 -2.97639e-07 0)
(1.13015 6.40771e-07 0)
(1.13014 1.25201e-06 0)
(1.13014 1.62373e-06 0)
(1.13014 1.82252e-06 0)
(1.13014 1.8986e-06 0)
(1.13014 1.88969e-06 0)
(1.13014 1.824e-06 0)
(1.13014 1.72232e-06 0)
(1.13014 1.59967e-06 0)
(1.13014 1.46668e-06 0)
(1.13014 1.33082e-06 0)
(1.13014 1.19716e-06 0)
(1.13014 1.06915e-06 0)
(1.13014 9.49042e-07 0)
(1.13014 8.38236e-07 0)
(1.13014 7.37424e-07 0)
(1.13014 6.46668e-07 0)
(1.13014 5.65526e-07 0)
(1.13014 4.93243e-07 0)
(1.13014 4.28966e-07 0)
(1.13014 3.71936e-07 0)
(1.13014 3.21575e-07 0)
(1.13014 2.77453e-07 0)
(1.13014 2.39153e-07 0)
(1.13014 2.06115e-07 0)
(1.13014 1.77585e-07 0)
(1.13014 1.52716e-07 0)
(1.13014 1.30781e-07 0)
(1.13014 1.11351e-07 0)
(1.13014 9.43271e-08 0)
(1.13014 7.97812e-08 0)
(1.13014 6.76976e-08 0)
(1.13014 5.7781e-08 0)
(1.13014 4.94517e-08 0)
(1.13014 4.20612e-08 0)
(1.13014 3.51958e-08 0)
(1.13014 2.88349e-08 0)
(1.13014 2.32868e-08 0)
(1.13014 1.88926e-08 0)
(1.13014 1.56856e-08 0)
(1.13014 1.32962e-08 0)
(1.13014 1.11519e-08 0)
(1.13014 8.83407e-09 0)
(1.13014 6.36716e-09 0)
(1.13014 4.16806e-09 0)
(1.13014 2.70825e-09 0)
(1.13014 2.11768e-09 0)
(1.13014 2.04741e-09 0)
(1.13014 1.86361e-09 0)
(1.13014 1.17271e-09 0)
(1.13014 4.95204e-11 0)
(1.13014 -1.02388e-09 0)
(1.13014 -1.45552e-09 0)
(1.13014 -1.01557e-09 0)
(1.13014 -3.88934e-11 0)
(1.13014 8.4865e-10 0)
(1.13014 1.15436e-09 0)
(1.13014 8.90917e-10 0)
(1.13014 5.93559e-10 0)
(1.13014 7.94103e-10 0)
(1.13014 1.61194e-09 0)
(1.13014 2.68394e-09 0)
(1.13014 3.31373e-09 0)
(1.13014 3.06643e-09 0)
(1.13014 2.17908e-09 0)
(1.13014 1.46624e-09 0)
(1.13014 1.51898e-09 0)
(1.13014 2.32908e-09 0)
(1.13014 3.18438e-09 0)
(1.13014 3.1916e-09 0)
(1.13014 2.12327e-09 0)
(1.13014 7.3859e-10 0)
(1.13014 1.03841e-10 0)
(1.13014 5.53175e-10 0)
(1.13014 1.35807e-09 0)
(1.13014 1.34572e-09 0)
(1.13014 2.41634e-10 0)
(1.13014 -1.01301e-09 0)
(1.13014 -1.16809e-09 0)
(1.13014 -7.11696e-12 0)
(1.13014 1.15233e-09 0)
(1.13014 9.99129e-10 0)
(1.13014 -2.39584e-10 0)
(1.13014 -8.04169e-10 0)
(1.13014 4.02388e-10 0)
(1.13014 2.63139e-09 0)
(1.13014 4.13377e-09 0)
(1.13014 4.09606e-09 0)
(1.13014 3.79449e-09 0)
(1.13014 4.97348e-09 0)
(1.13014 7.83555e-09 0)
(1.13014 1.09579e-08 0)
(1.13014 1.3073e-08 0)
(1.13014 1.45672e-08 0)
(1.13014 1.6751e-08 0)
(1.13014 2.04496e-08 0)
(1.13014 2.52011e-08 0)
(1.13014 2.98102e-08 0)
(1.13014 3.33628e-08 0)
(1.13014 3.63139e-08 0)
(1.13014 4.02385e-08 0)
(1.13014 4.58408e-08 0)
(1.13014 5.1564e-08 0)
(1.13014 5.51967e-08 0)
(1.13014 5.69851e-08 0)
(1.13014 5.97675e-08 0)
(1.13014 6.47838e-08 0)
(1.13014 6.94719e-08 0)
(1.13014 7.15234e-08 0)
(1.13014 7.277e-08 0)
(1.13014 7.57896e-08 0)
(1.13014 7.95149e-08 0)
(1.13014 8.15221e-08 0)
(1.13014 8.1861e-08 0)
(1.13014 8.20468e-08 0)
(1.13014 8.26108e-08 0)
(1.13014 8.30047e-08 0)
(1.13014 8.27678e-08 0)
(1.13014 8.21373e-08 0)
(1.13014 8.10864e-08 0)
(1.13014 7.8652e-08 0)
(1.13014 7.50513e-08 0)
(1.13014 7.17138e-08 0)
(1.13014 6.8187e-08 0)
(1.13014 6.46469e-08 0)
(1.13014 6.21003e-08 0)
(1.13014 5.74823e-08 0)
(1.13014 5.01634e-08 0)
(1.13014 4.43739e-08 0)
(1.13014 3.98738e-08 0)
(1.13014 3.34468e-08 0)
(1.13014 2.79111e-08 0)
(1.13014 2.17144e-08 0)
(1.13014 1.33787e-08 0)
(1.13014 6.29622e-09 0)
(1.13014 -2.60184e-09 0)
(1.13014 -1.20607e-08 0)
(1.13014 -2.39221e-08 0)
(1.13014 -3.7382e-08 0)
(1.13014 -4.69065e-08 0)
(1.13014 -6.3225e-08 0)
(1.13014 -8.28629e-08 0)
(1.13014 -1.05094e-07 0)
(1.13014 -1.29092e-07 0)
(1.13014 -1.55779e-07 0)
(1.13014 -1.87737e-07 0)
(1.13014 -2.27527e-07 0)
(1.13014 -2.69751e-07 0)
(1.13014 -3.22789e-07 0)
(1.13014 -3.81878e-07 0)
(1.13014 -4.56735e-07 0)
(1.13014 -5.35106e-07 0)
(1.13014 -6.45863e-07 0)
(1.13014 -7.62552e-07 0)
(1.13014 -9.1367e-07 0)
(1.13014 -1.09617e-06 0)
(1.13014 -1.30545e-06 0)
(1.13014 -1.57465e-06 0)
(1.13014 -2.00895e-06 0)
(1.13014 -2.78958e-06 0)
(1.00009 -0.00471772 0)
(1.00199 -0.0139162 0)
(1.00553 -0.0224806 0)
(1.01065 -0.0299986 0)
(1.01699 -0.0361975 0)
(1.02405 -0.0410315 0)
(1.03138 -0.0446189 0)
(1.03871 -0.0471314 0)
(1.04589 -0.048734 0)
(1.05282 -0.0495813 0)
(1.05943 -0.0498236 0)
(1.0657 -0.0496016 0)
(1.0716 -0.049036 0)
(1.07716 -0.0482221 0)
(1.0824 -0.0472324 0)
(1.08733 -0.0461207 0)
(1.092 -0.0449268 0)
(1.09641 -0.0436793 0)
(1.10059 -0.0423988 0)
(1.10456 -0.0410989 0)
(1.10831 -0.0397889 0)
(1.11187 -0.0384745 0)
(1.11525 -0.0371592 0)
(1.11843 -0.0358448 0)
(1.12144 -0.0345322 0)
(1.12427 -0.0332216 0)
(1.12692 -0.031913 0)
(1.1294 -0.0306069 0)
(1.13169 -0.029304 0)
(1.13382 -0.0280057 0)
(1.13576 -0.0267145 0)
(1.13753 -0.025434 0)
(1.13912 -0.0241691 0)
(1.14054 -0.0229262 0)
(1.14179 -0.0217137 0)
(1.14286 -0.0205414 0)
(1.14378 -0.0194208 0)
(1.14453 -0.0183645 0)
(1.14513 -0.0173846 0)
(1.14558 -0.0164925 0)
(1.14589 -0.0156964 0)
(1.14606 -0.0150001 0)
(1.14609 -0.0144019 0)
(1.14598 -0.0138937 0)
(1.14574 -0.0134612 0)
(1.14537 -0.0130845 0)
(1.14488 -0.01274 0)
(1.14425 -0.0124027 0)
(1.14351 -0.0120483 0)
(1.14266 -0.0116557 0)
(1.14171 -0.0112091 0)
(1.14068 -0.0106989 0)
(1.13959 -0.0101226 0)
(1.13846 -0.00948402 0)
(1.1373 -0.00879284 0)
(1.13615 -0.00806284 0)
(1.13502 -0.00731046 0)
(1.13393 -0.0065531 0)
(1.13288 -0.00580761 0)
(1.13191 -0.00508918 0)
(1.131 -0.00441042 0)
(1.13018 -0.00378098 0)
(1.12943 -0.00320736 0)
(1.12877 -0.00269306 0)
(1.12818 -0.00223894 0)
(1.12767 -0.00184365 0)
(1.12723 -0.00150417 0)
(1.12685 -0.00121624 0)
(1.12653 -0.000974903 0)
(1.12626 -0.000774833 0)
(1.12603 -0.000610689 0)
(1.12584 -0.000477326 0)
(1.12569 -0.000369967 0)
(1.12556 -0.000284294 0)
(1.12545 -0.000216496 0)
(1.12537 -0.000163273 0)
(1.1253 -0.000121818 0)
(1.12524 -8.9779e-05 0)
(1.1252 -6.52108e-05 0)
(1.12516 -4.65241e-05 0)
(1.12513 -3.24336e-05 0)
(1.12511 -2.19098e-05 0)
(1.12509 -1.41341e-05 0)
(1.12508 -8.46136e-06 0)
(1.12506 -4.38694e-06 0)
(1.12506 -1.51736e-06 0)
(1.12505 4.5173e-07 0)
(1.12504 1.75288e-06 0)
(1.12504 2.56464e-06 0)
(1.12504 3.02298e-06 0)
(1.12503 3.23005e-06 0)
(1.12503 3.26228e-06 0)
(1.12503 3.17643e-06 0)
(1.12503 3.01448e-06 0)
(1.12503 2.807e-06 0)
(1.12503 2.57607e-06 0)
(1.12503 2.33721e-06 0)
(1.12503 2.10098e-06 0)
(1.12503 1.87426e-06 0)
(1.12503 1.66122e-06 0)
(1.12503 1.46417e-06 0)
(1.12502 1.28415e-06 0)
(1.12502 1.12141e-06 0)
(1.12502 9.7566e-07 0)
(1.12502 8.4625e-07 0)
(1.12502 7.32197e-07 0)
(1.12502 6.32228e-07 0)
(1.12502 5.4487e-07 0)
(1.12503 4.68613e-07 0)
(1.12503 4.02069e-07 0)
(1.12503 3.44093e-07 0)
(1.12503 2.93798e-07 0)
(1.12503 2.50467e-07 0)
(1.12503 2.13398e-07 0)
(1.12503 1.81776e-07 0)
(1.12503 1.54677e-07 0)
(1.12503 1.31205e-07 0)
(1.12503 1.10689e-07 0)
(1.12503 9.27881e-08 0)
(1.12503 7.74319e-08 0)
(1.12503 6.46142e-08 0)
(1.12503 5.41595e-08 0)
(1.12503 4.56138e-08 0)
(1.12503 3.83422e-08 0)
(1.12503 3.17952e-08 0)
(1.12503 2.57453e-08 0)
(1.12503 2.03377e-08 0)
(1.12503 1.59243e-08 0)
(1.12503 1.27041e-08 0)
(1.12503 1.04684e-08 0)
(1.12503 8.70341e-09 0)
(1.12503 6.87298e-09 0)
(1.12503 4.71363e-09 0)
(1.12503 2.52529e-09 0)
(1.12503 8.40331e-10 0)
(1.12503 1.45332e-11 0)
(1.12503 -8.00685e-11 0)
(1.12503 1.53899e-11 0)
(1.12503 -2.64042e-10 0)
(1.12503 -1.09792e-09 0)
(1.12503 -2.14082e-09 0)
(1.12503 -2.78154e-09 0)
(1.12503 -2.56477e-09 0)
(1.12503 -1.61453e-09 0)
(1.12503 -5.05118e-10 0)
(1.12503 1.3564e-10 0)
(1.12503 1.84654e-10 0)
(1.12503 1.18588e-11 0)
(1.12503 2.53421e-10 0)
(1.12503 1.10771e-09 0)
(1.12503 2.30591e-09 0)
(1.12503 3.19463e-09 0)
(1.12503 3.26529e-09 0)
(1.12503 2.61115e-09 0)
(1.12503 1.92973e-09 0)
(1.12503 1.82707e-09 0)
(1.12503 2.41863e-09 0)
(1.12503 3.21541e-09 0)
(1.12503 3.43088e-09 0)
(1.12503 2.74541e-09 0)
(1.12503 1.53919e-09 0)
(1.12503 6.84642e-10 0)
(1.12503 6.56161e-10 0)
(1.12503 1.11561e-09 0)
(1.12503 1.17667e-09 0)
(1.12503 3.59874e-10 0)
(1.12503 -8.69047e-10 0)
(1.12503 -1.46705e-09 0)
(1.12503 -8.20461e-10 0)
(1.12503 2.37361e-10 0)
(1.12503 4.11322e-10 0)
(1.12503 -6.45137e-10 0)
(1.12503 -1.69581e-09 0)
(1.12503 -1.36639e-09 0)
(1.12503 2.89505e-10 0)
(1.12503 1.7407e-09 0)
(1.12503 1.72124e-09 0)
(1.12503 1.05992e-09 0)
(1.12503 1.45469e-09 0)
(1.12503 3.55778e-09 0)
(1.12503 6.09259e-09 0)
(1.12503 7.65916e-09 0)
(1.12503 8.73976e-09 0)
(1.12503 1.09201e-08 0)
(1.12503 1.49172e-08 0)
(1.12503 1.96613e-08 0)
(1.12503 2.38375e-08 0)
(1.12503 2.72933e-08 0)
(1.12503 3.08061e-08 0)
(1.12503 3.5065e-08 0)
(1.12503 4.01094e-08 0)
(1.12503 4.5265e-08 0)
(1.12503 4.96509e-08 0)
(1.12503 5.3193e-08 0)
(1.12503 5.69716e-08 0)
(1.12503 6.16451e-08 0)
(1.12503 6.60856e-08 0)
(1.12503 6.88909e-08 0)
(1.12503 7.09498e-08 0)
(1.12503 7.41752e-08 0)
(1.12503 7.77679e-08 0)
(1.12503 7.9504e-08 0)
(1.12503 8.02327e-08 0)
(1.12503 8.19954e-08 0)
(1.12503 8.35163e-08 0)
(1.12503 8.31958e-08 0)
(1.12503 8.25691e-08 0)
(1.12503 8.21914e-08 0)
(1.12503 8.07378e-08 0)
(1.12503 7.87078e-08 0)
(1.12503 7.59051e-08 0)
(1.12503 7.15021e-08 0)
(1.12503 6.85175e-08 0)
(1.12503 6.59802e-08 0)
(1.12503 5.85169e-08 0)
(1.12503 5.11426e-08 0)
(1.12503 4.81183e-08 0)
(1.12503 4.20449e-08 0)
(1.12503 3.44336e-08 0)
(1.12503 2.81339e-08 0)
(1.12503 2.0399e-08 0)
(1.12503 1.40369e-08 0)
(1.12503 7.12593e-09 0)
(1.12503 -1.18111e-09 0)
(1.12503 -9.9213e-09 0)
(1.12503 -2.10717e-08 0)
(1.12503 -3.42512e-08 0)
(1.12503 -4.40643e-08 0)
(1.12503 -5.67686e-08 0)
(1.12503 -7.13443e-08 0)
(1.12503 -9.10288e-08 0)
(1.12503 -1.13637e-07 0)
(1.12503 -1.33509e-07 0)
(1.12503 -1.55641e-07 0)
(1.12503 -1.8902e-07 0)
(1.12503 -2.23423e-07 0)
(1.12503 -2.64211e-07 0)
(1.12503 -3.07603e-07 0)
(1.12503 -3.67769e-07 0)
(1.12503 -4.248e-07 0)
(1.12503 -5.08015e-07 0)
(1.12503 -5.83548e-07 0)
(1.12503 -6.98681e-07 0)
(1.12503 -8.14009e-07 0)
(1.12503 -9.80531e-07 0)
(1.12503 -1.1641e-06 0)
(1.12503 -1.39032e-06 0)
(1.12503 -1.68132e-06 0)
(1.12503 -2.23599e-06 0)
(1.12503 -3.43017e-06 0)
(1.00012 -0.00585363 0)
(1.00262 -0.0172102 0)
(1.00727 -0.0276219 0)
(1.01391 -0.0364892 0)
(1.02196 -0.0435042 0)
(1.03067 -0.0487309 0)
(1.03948 -0.0524206 0)
(1.0481 -0.0548324 0)
(1.05639 -0.056187 0)
(1.06427 -0.0566896 0)
(1.07166 -0.0565399 0)
(1.07854 -0.0559165 0)
(1.08492 -0.0549625 0)
(1.09084 -0.0537836 0)
(1.09632 -0.0524553 0)
(1.10142 -0.0510315 0)
(1.10616 -0.0495497 0)
(1.11057 -0.0480358 0)
(1.11468 -0.0465064 0)
(1.11849 -0.0449718 0)
(1.12203 -0.0434383 0)
(1.12531 -0.0419091 0)
(1.12834 -0.0403853 0)
(1.13112 -0.0388672 0)
(1.13367 -0.0373542 0)
(1.13598 -0.0358455 0)
(1.13807 -0.0343404 0)
(1.13994 -0.0328386 0)
(1.14159 -0.0313406 0)
(1.14303 -0.029848 0)
(1.14426 -0.0283634 0)
(1.14529 -0.0268909 0)
(1.14612 -0.0254363 0)
(1.14675 -0.0240069 0)
(1.1472 -0.0226122 0)
(1.14748 -0.021263 0)
(1.14758 -0.0199716 0)
(1.14753 -0.0187507 0)
(1.14732 -0.0176129 0)
(1.14696 -0.0165685 0)
(1.14647 -0.0156251 0)
(1.14585 -0.0147852 0)
(1.14509 -0.0140461 0)
(1.14421 -0.0133991 0)
(1.14321 -0.0128297 0)
(1.14208 -0.0123189 0)
(1.14084 -0.0118451 0)
(1.13948 -0.0113857 0)
(1.13803 -0.0109198 0)
(1.1365 -0.0104299 0)
(1.1349 -0.00990363 0)
(1.13326 -0.00933445 0)
(1.1316 -0.00872181 0)
(1.12995 -0.00807064 0)
(1.12832 -0.00739031 0)
(1.12675 -0.00669329 0)
(1.12524 -0.00599362 0)
(1.12383 -0.00530557 0)
(1.12252 -0.0046424 0)
(1.12132 -0.00401546 0)
(1.12023 -0.00343366 0)
(1.11926 -0.00290319 0)
(1.1184 -0.00242756 0)
(1.11765 -0.0020078 0)
(1.117 -0.00164288 0)
(1.11644 -0.00133013 0)
(1.11597 -0.00106569 0)
(1.11557 -0.000844938 0)
(1.11524 -0.000662907 0)
(1.11496 -0.000514554 0)
(1.11473 -0.000394991 0)
(1.11455 -0.000299654 0)
(1.11439 -0.000224427 0)
(1.11427 -0.000165683 0)
(1.11417 -0.000120282 0)
(1.11409 -8.55608e-05 0)
(1.11403 -5.92972e-05 0)
(1.11398 -3.96632e-05 0)
(1.11394 -2.51752e-05 0)
(1.11391 -1.46439e-05 0)
(1.11388 -7.12592e-06 0)
(1.11386 -1.87966e-06 0)
(1.11384 1.67163e-06 0)
(1.11383 3.97289e-06 0)
(1.11382 5.36364e-06 0)
(1.11382 6.10282e-06 0)
(1.11381 6.38434e-06 0)
(1.11381 6.35323e-06 0)
(1.1138 6.11611e-06 0)
(1.1138 5.75017e-06 0)
(1.1138 5.31119e-06 0)
(1.1138 4.83868e-06 0)
(1.1138 4.35992e-06 0)
(1.1138 3.89327e-06 0)
(1.1138 3.45062e-06 0)
(1.11379 3.0391e-06 0)
(1.11379 2.66238e-06 0)
(1.11379 2.32162e-06 0)
(1.11379 2.0163e-06 0)
(1.11379 1.74479e-06 0)
(1.11379 1.50484e-06 0)
(1.11379 1.29393e-06 0)
(1.11379 1.10949e-06 0)
(1.11379 9.4903e-07 0)
(1.11379 8.10119e-07 0)
(1.11379 6.90366e-07 0)
(1.11379 5.87424e-07 0)
(1.11379 4.99042e-07 0)
(1.11379 4.23168e-07 0)
(1.11379 3.58047e-07 0)
(1.11379 3.02255e-07 0)
(1.11379 2.54655e-07 0)
(1.11379 2.14277e-07 0)
(1.11379 1.80175e-07 0)
(1.11379 1.51356e-07 0)
(1.11379 1.26825e-07 0)
(1.1138 1.05734e-07 0)
(1.1138 8.75164e-08 0)
(1.1138 7.1912e-08 0)
(1.1138 5.88346e-08 0)
(1.1138 4.81635e-08 0)
(1.1138 3.95753e-08 0)
(1.1138 3.25341e-08 0)
(1.1138 2.64572e-08 0)
(1.1138 2.09716e-08 0)
(1.1138 1.6036e-08 0)
(1.1138 1.1897e-08 0)
(1.1138 8.82704e-09 0)
(1.1138 6.81953e-09 0)
(1.1138 5.47491e-09 0)
(1.1138 4.18752e-09 0)
(1.1138 2.54412e-09 0)
(1.1138 6.45984e-10 0)
(1.1138 -1.09531e-09 0)
(1.1138 -2.18731e-09 0)
(1.1138 -2.45325e-09 0)
(1.1138 -2.21328e-09 0)
(1.1138 -2.0726e-09 0)
(1.1138 -2.45185e-09 0)
(1.1138 -3.29397e-09 0)
(1.1138 -4.02381e-09 0)
(1.1138 -4.02413e-09 0)
(1.1138 -3.19231e-09 0)
(1.1138 -1.97324e-09 0)
(1.1138 -1.04909e-09 0)
(1.1138 -7.50985e-10 0)
(1.1138 -7.95048e-10 0)
(1.1138 -5.48762e-10 0)
(1.1138 3.34269e-10 0)
(1.1138 1.68888e-09 0)
(1.1138 2.91237e-09 0)
(1.1138 3.38999e-09 0)
(1.1138 3.04342e-09 0)
(1.1138 2.45746e-09 0)
(1.1138 2.25579e-09 0)
(1.1138 2.63618e-09 0)
(1.1138 3.25119e-09 0)
(1.1138 3.45542e-09 0)
(1.1138 2.96954e-09 0)
(1.1138 2.03774e-09 0)
(1.1138 1.2629e-09 0)
(1.1138 1.05074e-09 0)
(1.1138 1.20379e-09 0)
(1.1138 1.12688e-09 0)
(1.1138 4.34126e-10 0)
(1.1138 -6.84999e-10 0)
(1.1138 -1.51601e-09 0)
(1.1138 -1.38934e-09 0)
(1.1138 -6.20485e-10 0)
(1.1138 -2.70545e-10 0)
(1.1138 -9.15456e-10 0)
(1.1138 -1.95869e-09 0)
(1.1138 -2.18718e-09 0)
(1.1138 -1.24404e-09 0)
(1.1138 -1.85305e-10 0)
(1.1138 -2.21182e-10 0)
(1.1138 -1.16134e-09 0)
(1.1138 -1.42624e-09 0)
(1.1138 -1.32679e-10 0)
(1.1138 1.80275e-09 0)
(1.1138 2.98133e-09 0)
(1.1138 3.6146e-09 0)
(1.1138 5.37896e-09 0)
(1.1138 9.086e-09 0)
(1.1138 1.35702e-08 0)
(1.1138 1.72765e-08 0)
(1.1138 2.03903e-08 0)
(1.1138 2.43448e-08 0)
(1.1138 2.942e-08 0)
(1.1138 3.44165e-08 0)
(1.1138 3.8718e-08 0)
(1.1138 4.30825e-08 0)
(1.1138 4.80286e-08 0)
(1.1138 5.30831e-08 0)
(1.1138 5.77369e-08 0)
(1.1138 6.19027e-08 0)
(1.1138 6.55568e-08 0)
(1.1138 6.88407e-08 0)
(1.1138 7.2144e-08 0)
(1.1138 7.52908e-08 0)
(1.1138 7.73753e-08 0)
(1.1138 7.86471e-08 0)
(1.1138 8.08044e-08 0)
(1.1138 8.31955e-08 0)
(1.1138 8.27679e-08 0)
(1.1138 8.07033e-08 0)
(1.1138 8.14057e-08 0)
(1.1138 8.26015e-08 0)
(1.1138 7.8951e-08 0)
(1.1138 7.40628e-08 0)
(1.1138 7.26155e-08 0)
(1.1138 6.98651e-08 0)
(1.1138 6.38863e-08 0)
(1.1138 5.81933e-08 0)
(1.1138 5.08754e-08 0)
(1.1138 4.39614e-08 0)
(1.1138 4.01348e-08 0)
(1.1138 3.16401e-08 0)
(1.1138 2.25302e-08 0)
(1.1138 1.65792e-08 0)
(1.1138 9.7737e-09 0)
(1.1138 2.18807e-09 0)
(1.1138 -7.79266e-09 0)
(1.1138 -1.66625e-08 0)
(1.1138 -2.7744e-08 0)
(1.1138 -3.72026e-08 0)
(1.1138 -4.96137e-08 0)
(1.1138 -6.22222e-08 0)
(1.1138 -7.58862e-08 0)
(1.1138 -9.49378e-08 0)
(1.1138 -1.14459e-07 0)
(1.1138 -1.34509e-07 0)
(1.1138 -1.5879e-07 0)
(1.1138 -1.82481e-07 0)
(1.1138 -2.15518e-07 0)
(1.1138 -2.48741e-07 0)
(1.1138 -2.92192e-07 0)
(1.1138 -3.35587e-07 0)
(1.1138 -3.98178e-07 0)
(1.1138 -4.48091e-07 0)
(1.1138 -5.38466e-07 0)
(1.1138 -6.0948e-07 0)
(1.1138 -7.25882e-07 0)
(1.1138 -8.28417e-07 0)
(1.1138 -1.00115e-06 0)
(1.1138 -1.16908e-06 0)
(1.1138 -1.38678e-06 0)
(1.1138 -1.65429e-06 0)
(1.11379 -2.29661e-06 0)
(1.1138 -3.93348e-06 0)
(1.00016 -0.0073965 0)
(1.00358 -0.0216492 0)
(1.0099 -0.0344222 0)
(1.01879 -0.0448345 0)
(1.02921 -0.0526341 0)
(1.04007 -0.058128 0)
(1.05074 -0.0617581 0)
(1.06095 -0.0638772 0)
(1.07056 -0.0647708 0)
(1.07949 -0.064716 0)
(1.08765 -0.0639787 0)
(1.09504 -0.062781 0)
(1.10169 -0.0612865 0)
(1.10768 -0.0596071 0)
(1.11305 -0.0578183 0)
(1.11787 -0.0559705 0)
(1.12217 -0.0540966 0)
(1.126 -0.0522172 0)
(1.12938 -0.0503442 0)
(1.13236 -0.0484842 0)
(1.13495 -0.0466405 0)
(1.13717 -0.0448141 0)
(1.13906 -0.0430045 0)
(1.14062 -0.0412109 0)
(1.14188 -0.0394317 0)
(1.14286 -0.0376654 0)
(1.14356 -0.035911 0)
(1.14402 -0.0341677 0)
(1.14423 -0.0324359 0)
(1.14423 -0.0307169 0)
(1.14401 -0.0290138 0)
(1.1436 -0.0273308 0)
(1.14301 -0.0256743 0)
(1.14224 -0.0240525 0)
(1.14133 -0.0224752 0)
(1.14027 -0.020954 0)
(1.13908 -0.0195013 0)
(1.13778 -0.0181297 0)
(1.13637 -0.0168506 0)
(1.13487 -0.0156734 0)
(1.13328 -0.0146039 0)
(1.1316 -0.0136432 0)
(1.12985 -0.0127871 0)
(1.12803 -0.0120264 0)
(1.12613 -0.0113469 0)
(1.12416 -0.0107313 0)
(1.12213 -0.0101604 0)
(1.12005 -0.0096151 0)
(1.11793 -0.00907836 0)
(1.11579 -0.00853655 0)
(1.11365 -0.00798059 0)
(1.11153 -0.00740628 0)
(1.10946 -0.00681416 0)
(1.10746 -0.00620889 0)
(1.10555 -0.00559816 0)
(1.10374 -0.00499159 0)
(1.10207 -0.00439949 0)
(1.10052 -0.0038318 0)
(1.09913 -0.00329728 0)
(1.09787 -0.00280288 0)
(1.09676 -0.0023535 0)
(1.09579 -0.00195186 0)
(1.09494 -0.00159872 0)
(1.09422 -0.00129305 0)
(1.0936 -0.00103249 0)
(1.09309 -0.000813623 0)
(1.09265 -0.000632354 0)
(1.0923 -0.000484262 0)
(1.092 -0.000364911 0)
(1.09176 -0.000270032 0)
(1.09157 -0.000195648 0)
(1.09141 -0.000138109 0)
(1.09129 -9.42265e-05 0)
(1.09119 -6.12734e-05 0)
(1.09111 -3.69465e-05 0)
(1.09105 -1.93344e-05 0)
(1.091 -6.88336e-06 0)
(1.09096 1.6559e-06 0)
(1.09093 7.27361e-06 0)
(1.09091 1.07423e-05 0)
(1.09089 1.26588e-05 0)
(1.09088 1.34782e-05 0)
(1.09087 1.35425e-05 0)
(1.09086 1.31059e-05 0)
(1.09085 1.23549e-05 0)
(1.09085 1.14234e-05 0)
(1.09085 1.04058e-05 0)
(1.09085 9.36794e-06 0)
(1.09084 8.35337e-06 0)
(1.09084 7.3897e-06 0)
(1.09084 6.49351e-06 0)
(1.09084 5.6734e-06 0)
(1.09084 4.9323e-06 0)
(1.09084 4.26935e-06 0)
(1.09084 3.68129e-06 0)
(1.09084 3.16342e-06 0)
(1.09084 2.71008e-06 0)
(1.09084 2.31526e-06 0)
(1.09084 1.97289e-06 0)
(1.09084 1.67711e-06 0)
(1.09084 1.4224e-06 0)
(1.09084 1.20373e-06 0)
(1.09084 1.01658e-06 0)
(1.09084 8.5689e-07 0)
(1.09084 7.21051e-07 0)
(1.09084 6.05781e-07 0)
(1.09084 5.08126e-07 0)
(1.09084 4.25464e-07 0)
(1.09084 3.55529e-07 0)
(1.09084 2.96426e-07 0)
(1.09084 2.46602e-07 0)
(1.09084 2.04763e-07 0)
(1.09084 1.69766e-07 0)
(1.09084 1.40522e-07 0)
(1.09084 1.15989e-07 0)
(1.09084 9.52398e-08 0)
(1.09084 7.75685e-08 0)
(1.09084 6.2548e-08 0)
(1.09084 4.99676e-08 0)
(1.09084 3.96812e-08 0)
(1.09084 3.14505e-08 0)
(1.09084 2.48599e-08 0)
(1.09084 1.94101e-08 0)
(1.09084 1.46732e-08 0)
(1.09084 1.04774e-08 0)
(1.09084 6.9416e-09 0)
(1.09084 4.30919e-09 0)
(1.09084 2.64906e-09 0)
(1.09084 1.71619e-09 0)
(1.09084 1.03541e-09 0)
(1.09084 9.74605e-11 0)
(1.09084 -1.29343e-09 0)
(1.09084 -2.82984e-09 0)
(1.09084 -4.06949e-09 0)
(1.09084 -4.64042e-09 0)
(1.09084 -4.55669e-09 0)
(1.09084 -4.24965e-09 0)
(1.09084 -4.23732e-09 0)
(1.09084 -4.69112e-09 0)
(1.09084 -5.24605e-09 0)
(1.09084 -5.30684e-09 0)
(1.09084 -4.59499e-09 0)
(1.09084 -3.35262e-09 0)
(1.09084 -2.21373e-09 0)
(1.09084 -1.67019e-09 0)
(1.09084 -1.61079e-09 0)
(1.09084 -1.46561e-09 0)
(1.09084 -6.35343e-10 0)
(1.09084 7.67171e-10 0)
(1.09084 2.30203e-09 0)
(1.09084 3.27394e-09 0)
(1.09084 3.38051e-09 0)
(1.09084 3.02217e-09 0)
(1.09084 2.822e-09 0)
(1.09084 3.05164e-09 0)
(1.09084 3.44015e-09 0)
(1.09084 3.44106e-09 0)
(1.09084 2.87465e-09 0)
(1.09084 2.03775e-09 0)
(1.09084 1.44278e-09 0)
(1.09084 1.33667e-09 0)
(1.09084 1.46119e-09 0)
(1.09084 1.29381e-09 0)
(1.09084 5.94315e-10 0)
(1.09084 -4.25464e-10 0)
(1.09084 -1.34237e-09 0)
(1.09084 -1.63378e-09 0)
(1.09084 -1.35929e-09 0)
(1.09084 -1.16743e-09 0)
(1.09084 -1.4776e-09 0)
(1.09084 -2.10823e-09 0)
(1.09084 -2.35924e-09 0)
(1.09084 -1.91142e-09 0)
(1.09084 -1.345e-09 0)
(1.09084 -1.52091e-09 0)
(1.09084 -2.52826e-09 0)
(1.09084 -3.35186e-09 0)
(1.09084 -3.0767e-09 0)
(1.09084 -1.9664e-09 0)
(1.09084 -1.16333e-09 0)
(1.09084 -6.84317e-10 0)
(1.09084 7.29099e-10 0)
(1.09084 3.83333e-09 0)
(1.09084 7.71876e-09 0)
(1.09084 1.09089e-08 0)
(1.09084 1.34802e-08 0)
(1.09084 1.71175e-08 0)
(1.09084 2.24225e-08 0)
(1.09084 2.77367e-08 0)
(1.09084 3.18331e-08 0)
(1.09084 3.60313e-08 0)
(1.09084 4.1877e-08 0)
(1.09084 4.81002e-08 0)
(1.09084 5.25849e-08 0)
(1.09084 5.59827e-08 0)
(1.09084 6.04879e-08 0)
(1.09084 6.58711e-08 0)
(1.09084 6.98184e-08 0)
(1.09084 7.16635e-08 0)
(1.09084 7.31833e-08 0)
(1.09084 7.57424e-08 0)
(1.09084 7.8559e-08 0)
(1.09084 8.02245e-08 0)
(1.09084 8.04375e-08 0)
(1.09084 7.98312e-08 0)
(1.09084 7.93534e-08 0)
(1.09084 7.90895e-08 0)
(1.09084 7.73435e-08 0)
(1.09084 7.36499e-08 0)
(1.09084 7.11438e-08 0)
(1.09084 6.99915e-08 0)
(1.09084 6.4215e-08 0)
(1.09084 5.4344e-08 0)
(1.09084 4.86194e-08 0)
(1.09084 4.49342e-08 0)
(1.09084 3.75803e-08 0)
(1.09084 2.93261e-08 0)
(1.09084 2.04037e-08 0)
(1.09084 1.28709e-08 0)
(1.09084 5.96739e-09 0)
(1.09084 -1.86612e-09 0)
(1.09084 -9.9394e-09 0)
(1.09084 -2.14412e-08 0)
(1.09084 -3.06047e-08 0)
(1.09084 -4.19598e-08 0)
(1.09084 -5.20289e-08 0)
(1.09084 -6.1149e-08 0)
(1.09084 -7.72351e-08 0)
(1.09084 -9.43744e-08 0)
(1.09084 -1.11065e-07 0)
(1.09084 -1.28826e-07 0)
(1.09084 -1.47609e-07 0)
(1.09084 -1.75672e-07 0)
(1.09084 -2.02161e-07 0)
(1.09084 -2.33115e-07 0)
(1.09084 -2.6611e-07 0)
(1.09084 -3.11379e-07 0)
(1.09084 -3.48384e-07 0)
(1.09084 -4.08226e-07 0)
(1.09084 -4.56669e-07 0)
(1.09084 -5.42765e-07 0)
(1.09084 -6.07887e-07 0)
(1.09084 -7.25374e-07 0)
(1.09084 -8.09459e-07 0)
(1.09084 -9.70149e-07 0)
(1.09084 -1.106e-06 0)
(1.09084 -1.29316e-06 0)
(1.09084 -1.49846e-06 0)
(1.09084 -2.14455e-06 0)
(1.09084 -4.02013e-06 0)
(1.00023 -0.0095839 0)
(1.00511 -0.0278374 0)
(1.0141 -0.0435876 0)
(1.02636 -0.0556493 0)
(1.04004 -0.0640973 0)
(1.05368 -0.0696665 0)
(1.0666 -0.0730015 0)
(1.07857 -0.0745292 0)
(1.08946 -0.0746214 0)
(1.09911 -0.0736647 0)
(1.10747 -0.072013 0)
(1.11458 -0.0699372 0)
(1.12054 -0.0676207 0)
(1.12546 -0.0651817 0)
(1.12946 -0.0626952 0)
(1.13262 -0.0602075 0)
(1.13503 -0.0577451 0)
(1.13677 -0.0553223 0)
(1.13789 -0.0529456 0)
(1.13848 -0.0506175 0)
(1.13857 -0.0483382 0)
(1.13822 -0.0461066 0)
(1.13747 -0.0439208 0)
(1.13638 -0.0417784 0)
(1.13497 -0.0396768 0)
(1.1333 -0.0376132 0)
(1.1314 -0.0355854 0)
(1.12929 -0.0335916 0)
(1.12701 -0.0316308 0)
(1.12458 -0.0297034 0)
(1.12204 -0.0278111 0)
(1.1194 -0.0259577 0)
(1.11669 -0.0241486 0)
(1.11392 -0.0223915 0)
(1.11111 -0.0206955 0)
(1.10828 -0.0190715 0)
(1.10544 -0.0175307 0)
(1.10261 -0.0160842 0)
(1.09979 -0.0147416 0)
(1.09699 -0.01351 0)
(1.09421 -0.0123927 0)
(1.09146 -0.0113891 0)
(1.08874 -0.0104934 0)
(1.08605 -0.00969613 0)
(1.08338 -0.00898386 0)
(1.08074 -0.0083411 0)
(1.07814 -0.00775154 0)
(1.07557 -0.00719962 0)
(1.07306 -0.00667183 0)
(1.07061 -0.00615772 0)
(1.06824 -0.00565049 0)
(1.06597 -0.00514703 0)
(1.06382 -0.0046476 0)
(1.06179 -0.0041552 0)
(1.05991 -0.00367467 0)
(1.05818 -0.00321188 0)
(1.05661 -0.00277284 0)
(1.0552 -0.00236298 0)
(1.05395 -0.00198671 0)
(1.05285 -0.00164709 0)
(1.0519 -0.00134565 0)
(1.05109 -0.00108261 0)
(1.0504 -0.000856831 0)
(1.04982 -0.000666133 0)
(1.04933 -0.000507708 0)
(1.04894 -0.000378317 0)
(1.04861 -0.000274429 0)
(1.04835 -0.000192374 0)
(1.04814 -0.000128721 0)
(1.04797 -8.02768e-05 0)
(1.04784 -4.4164e-05 0)
(1.04773 -1.79491e-05 0)
(1.04765 4.87639e-07 0)
(1.04759 1.29367e-05 0)
(1.04754 2.08618e-05 0)
(1.04751 2.5438e-05 0)
(1.04748 2.75913e-05 0)
(1.04746 2.80419e-05 0)
(1.04744 2.73391e-05 0)
(1.04743 2.58942e-05 0)
(1.04743 2.40099e-05 0)
(1.04742 2.19035e-05 0)
(1.04742 1.9727e-05 0)
(1.04741 1.75836e-05 0)
(1.04741 1.55401e-05 0)
(1.04741 1.36362e-05 0)
(1.04741 1.1893e-05 0)
(1.04741 1.03185e-05 0)
(1.04741 8.91152e-06 0)
(1.04741 7.66519e-06 0)
(1.04741 6.56926e-06 0)
(1.04741 5.61162e-06 0)
(1.04741 4.77932e-06 0)
(1.04741 4.05936e-06 0)
(1.04741 3.43919e-06 0)
(1.04741 2.90695e-06 0)
(1.04741 2.45166e-06 0)
(1.04741 2.06333e-06 0)
(1.04741 1.73298e-06 0)
(1.04741 1.45265e-06 0)
(1.04742 1.2153e-06 0)
(1.04742 1.01478e-06 0)
(1.04742 8.45714e-07 0)
(1.04742 7.03439e-07 0)
(1.04742 5.83915e-07 0)
(1.04742 4.83658e-07 0)
(1.04742 3.99687e-07 0)
(1.04742 3.29482e-07 0)
(1.04742 2.70922e-07 0)
(1.04742 2.22216e-07 0)
(1.04742 1.81841e-07 0)
(1.04742 1.48461e-07 0)
(1.04742 1.20875e-07 0)
(1.04742 9.80041e-08 0)
(1.04742 7.89181e-08 0)
(1.04742 6.28943e-08 0)
(1.04742 4.94418e-08 0)
(1.04742 3.82654e-08 0)
(1.04742 2.9164e-08 0)
(1.04742 2.19001e-08 0)
(1.04742 1.61578e-08 0)
(1.04742 1.15192e-08 0)
(1.04742 7.64413e-09 0)
(1.04742 4.34163e-09 0)
(1.04742 1.61114e-09 0)
(1.04742 -3.92102e-10 0)
(1.04742 -1.56136e-09 0)
(1.04742 -2.00638e-09 0)
(1.04742 -2.12071e-09 0)
(1.04742 -2.36792e-09 0)
(1.04742 -3.02883e-09 0)
(1.04742 -4.07144e-09 0)
(1.04742 -5.21794e-09 0)
(1.04742 -6.02715e-09 0)
(1.04742 -6.27068e-09 0)
(1.04742 -6.10711e-09 0)
(1.04742 -5.93483e-09 0)
(1.04742 -6.0315e-09 0)
(1.04742 -6.26447e-09 0)
(1.04742 -6.19341e-09 0)
(1.04742 -5.5156e-09 0)
(1.04742 -4.30873e-09 0)
(1.04742 -3.05941e-09 0)
(1.04742 -2.32674e-09 0)
(1.04742 -2.18263e-09 0)
(1.04742 -2.14959e-09 0)
(1.04742 -1.58754e-09 0)
(1.04742 -3.11697e-10 0)
(1.04742 1.31469e-09 0)
(1.04742 2.68864e-09 0)
(1.04742 3.33785e-09 0)
(1.04742 3.38901e-09 0)
(1.04742 3.37604e-09 0)
(1.04742 3.60498e-09 0)
(1.04742 3.85015e-09 0)
(1.04742 3.60496e-09 0)
(1.04742 2.73843e-09 0)
(1.04742 1.66249e-09 0)
(1.04742 1.04108e-09 0)
(1.04742 1.09603e-09 0)
(1.04742 1.44871e-09 0)
(1.04742 1.47291e-09 0)
(1.04742 8.82663e-10 0)
(1.04742 -1.78184e-11 0)
(1.04742 -9.01959e-10 0)
(1.04742 -1.45199e-09 0)
(1.04742 -1.71461e-09 0)
(1.04742 -2.00963e-09 0)
(1.04742 -2.37348e-09 0)
(1.04742 -2.577e-09 0)
(1.04742 -2.40424e-09 0)
(1.04742 -2.01465e-09 0)
(1.04742 -1.86275e-09 0)
(1.04742 -2.33458e-09 0)
(1.04742 -3.29673e-09 0)
(1.04742 -4.1832e-09 0)
(1.04742 -4.47865e-09 0)
(1.04742 -4.3389e-09 0)
(1.04742 -4.24534e-09 0)
(1.04742 -4.13045e-09 0)
(1.04742 -3.15909e-09 0)
(1.04742 -9.13034e-10 0)
(1.04742 1.95339e-09 0)
(1.04742 4.59308e-09 0)
(1.04742 7.05376e-09 0)
(1.04742 1.04844e-08 0)
(1.04742 1.53741e-08 0)
(1.04742 2.02627e-08 0)
(1.04742 2.40712e-08 0)
(1.04742 2.82031e-08 0)
(1.04742 3.45078e-08 0)
(1.04742 4.17154e-08 0)
(1.04742 4.66825e-08 0)
(1.04742 4.93605e-08 0)
(1.04742 5.31964e-08 0)
(1.04742 5.92797e-08 0)
(1.04742 6.42483e-08 0)
(1.04742 6.61289e-08 0)
(1.04742 6.76424e-08 0)
(1.04742 7.10044e-08 0)
(1.04742 7.4068e-08 0)
(1.04742 7.43537e-08 0)
(1.04742 7.32358e-08 0)
(1.04742 7.37093e-08 0)
(1.04742 7.56926e-08 0)
(1.04742 7.5748e-08 0)
(1.04742 7.24355e-08 0)
(1.04742 6.91495e-08 0)
(1.04742 6.78968e-08 0)
(1.04742 6.52451e-08 0)
(1.04742 5.97876e-08 0)
(1.04742 5.38867e-08 0)
(1.04742 4.74489e-08 0)
(1.04742 4.11977e-08 0)
(1.04742 3.52144e-08 0)
(1.04742 2.60066e-08 0)
(1.04742 1.66204e-08 0)
(1.04742 1.12167e-08 0)
(1.04742 5.23516e-09 0)
(1.04742 -4.03914e-09 0)
(1.04742 -1.49551e-08 0)
(1.04742 -2.31134e-08 0)
(1.04742 -3.07772e-08 0)
(1.04742 -3.97253e-08 0)
(1.04742 -4.9039e-08 0)
(1.04742 -6.20707e-08 0)
(1.04742 -7.3936e-08 0)
(1.04742 -8.69756e-08 0)
(1.04742 -1.02788e-07 0)
(1.04742 -1.18461e-07 0)
(1.04742 -1.36894e-07 0)
(1.04742 -1.54599e-07 0)
(1.04742 -1.77965e-07 0)
(1.04742 -2.05529e-07 0)
(1.04742 -2.3821e-07 0)
(1.04742 -2.69343e-07 0)
(1.04742 -3.10624e-07 0)
(1.04742 -3.47418e-07 0)
(1.04742 -4.02943e-07 0)
(1.04742 -4.49452e-07 0)
(1.04742 -5.20339e-07 0)
(1.04742 -5.81427e-07 0)
(1.04742 -6.80809e-07 0)
(1.04742 -7.56486e-07 0)
(1.04742 -8.83267e-07 0)
(1.04742 -9.90252e-07 0)
(1.04742 -1.11678e-06 0)
(1.04742 -1.25496e-06 0)
(1.04742 -1.79405e-06 0)
(1.04741 -3.3972e-06 0)
(1.00033 -0.0129262 0)
(1.00783 -0.0368921 0)
(1.02129 -0.0561578 0)
(1.03857 -0.0696392 0)
(1.05648 -0.0783615 0)
(1.07317 -0.0836254 0)
(1.08804 -0.0861804 0)
(1.10093 -0.0865132 0)
(1.11163 -0.085156 0)
(1.12003 -0.08267 0)
(1.12618 -0.0795215 0)
(1.13031 -0.0760334 0)
(1.13268 -0.0724116 0)
(1.13355 -0.0687846 0)
(1.13315 -0.0652291 0)
(1.13168 -0.0617868 0)
(1.1293 -0.0584757 0)
(1.12616 -0.0553006 0)
(1.1224 -0.0522594 0)
(1.11812 -0.0493472 0)
(1.11343 -0.0465575 0)
(1.10841 -0.0438837 0)
(1.10314 -0.0413186 0)
(1.0977 -0.0388551 0)
(1.09213 -0.036486 0)
(1.0865 -0.0342042 0)
(1.08085 -0.0320031 0)
(1.07523 -0.0298766 0)
(1.06967 -0.0278199 0)
(1.0642 -0.0258292 0)
(1.05884 -0.0239029 0)
(1.05362 -0.0220411 0)
(1.04856 -0.0202466 0)
(1.04367 -0.0185239 0)
(1.03896 -0.0168798 0)
(1.03444 -0.0153222 0)
(1.03011 -0.0138598 0)
(1.02597 -0.0125005 0)
(1.02203 -0.011251 0)
(1.01828 -0.0101152 0)
(1.01471 -0.00909397 0)
(1.01131 -0.00818436 0)
(1.00807 -0.00737981 0)
(1.00499 -0.00667057 0)
(1.00205 -0.00604454 0)
(0.999243 -0.00548833 0)
(0.996571 -0.00498842 0)
(0.994031 -0.00453229 0)
(0.991623 -0.00410922 0)
(0.989352 -0.00371091 0)
(0.987223 -0.0033317 0)
(0.985242 -0.00296848 0)
(0.983415 -0.00262038 0)
(0.981745 -0.00228822 0)
(0.980235 -0.0019739 0)
(0.978884 -0.00167987 0)
(0.977689 -0.00140859 0)
(0.976644 -0.00116208 0)
(0.97574 -0.000941719 0)
(0.974968 -0.000748122 0)
(0.974316 -0.000580881 0)
(0.973772 -0.000439175 0)
(0.973322 -0.000321423 0)
(0.972956 -0.000225399 0)
(0.97266 -0.000148652 0)
(0.972425 -8.86174e-05 0)
(0.972239 -4.2814e-05 0)
(0.972094 -8.9911e-06 0)
(0.971983 1.50615e-05 0)
(0.971899 3.13711e-05 0)
(0.971835 4.16805e-05 0)
(0.971789 4.73821e-05 0)
(0.971755 4.96702e-05 0)
(0.971731 4.95268e-05 0)
(0.971715 4.77216e-05 0)
(0.971704 4.4845e-05 0)
(0.971697 4.13446e-05 0)
(0.971693 3.75481e-05 0)
(0.971692 3.36877e-05 0)
(0.971692 2.99231e-05 0)
(0.971692 2.63577e-05 0)
(0.971694 2.3053e-05 0)
(0.971696 2.00406e-05 0)
(0.971697 1.73305e-05 0)
(0.971699 1.4918e-05 0)
(0.971701 1.27892e-05 0)
(0.971703 1.09243e-05 0)
(0.971705 9.30064e-06 0)
(0.971706 7.89445e-06 0)
(0.971708 6.68225e-06 0)
(0.971709 5.6416e-06 0)
(0.97171 4.75152e-06 0)
(0.971711 3.99276e-06 0)
(0.971712 3.34791e-06 0)
(0.971713 2.80133e-06 0)
(0.971714 2.33918e-06 0)
(0.971714 1.9493e-06 0)
(0.971715 1.62112e-06 0)
(0.971715 1.34549e-06 0)
(0.971716 1.11454e-06 0)
(0.971716 9.2143e-07 0)
(0.971716 7.60232e-07 0)
(0.971717 6.25826e-07 0)
(0.971717 5.13828e-07 0)
(0.971717 4.20546e-07 0)
(0.971717 3.42945e-07 0)
(0.971717 2.78568e-07 0)
(0.971717 2.25416e-07 0)
(0.971717 1.81801e-07 0)
(0.971717 1.46223e-07 0)
(0.971718 1.17297e-07 0)
(0.971718 9.37434e-08 0)
(0.971718 7.44409e-08 0)
(0.971718 5.84817e-08 0)
(0.971718 4.52126e-08 0)
(0.971718 3.42159e-08 0)
(0.971718 2.52283e-08 0)
(0.971718 1.803e-08 0)
(0.971718 1.23634e-08 0)
(0.971718 7.90153e-09 0)
(0.971718 4.3e-09 0)
(0.971718 1.34002e-09 0)
(0.971718 -1.12281e-09 0)
(0.971718 -3.05735e-09 0)
(0.971718 -4.3557e-09 0)
(0.971718 -4.97151e-09 0)
(0.971718 -4.98311e-09 0)
(0.971718 -4.64139e-09 0)
(0.971718 -4.32268e-09 0)
(0.971718 -4.33575e-09 0)
(0.971718 -4.76511e-09 0)
(0.971718 -5.47814e-09 0)
(0.971718 -6.20577e-09 0)
(0.971718 -6.67799e-09 0)
(0.971718 -6.83015e-09 0)
(0.971718 -6.81667e-09 0)
(0.971718 -6.81417e-09 0)
(0.971718 -6.78969e-09 0)
(0.971718 -6.49604e-09 0)
(0.971718 -5.73323e-09 0)
(0.971718 -4.54726e-09 0)
(0.971718 -3.2885e-09 0)
(0.971718 -2.45896e-09 0)
(0.971718 -2.22942e-09 0)
(0.971718 -2.27656e-09 0)
(0.971718 -2.02508e-09 0)
(0.971718 -1.14493e-09 0)
(0.971718 2.02526e-10 0)
(0.971718 1.63144e-09 0)
(0.971718 2.64242e-09 0)
(0.971718 3.15517e-09 0)
(0.971718 3.50999e-09 0)
(0.971718 3.94665e-09 0)
(0.971718 4.24728e-09 0)
(0.971718 3.90737e-09 0)
(0.971718 2.76076e-09 0)
(0.971718 1.33618e-09 0)
(0.971718 4.09823e-10 0)
(0.971718 3.48291e-10 0)
(0.971718 8.52685e-10 0)
(0.971718 1.24605e-09 0)
(0.971718 1.05379e-09 0)
(0.971718 4.48738e-10 0)
(0.971718 -1.87293e-10 0)
(0.971718 -7.87197e-10 0)
(0.971718 -1.4472e-09 0)
(0.971718 -2.36189e-09 0)
(0.971718 -3.18761e-09 0)
(0.971718 -3.33692e-09 0)
(0.971718 -2.69255e-09 0)
(0.971718 -1.92109e-09 0)
(0.971718 -1.78907e-09 0)
(0.971718 -2.44248e-09 0)
(0.971718 -3.38114e-09 0)
(0.971718 -4.08672e-09 0)
(0.971718 -4.50385e-09 0)
(0.971718 -4.96577e-09 0)
(0.971718 -5.55822e-09 0)
(0.971718 -5.78541e-09 0)
(0.971718 -5.11099e-09 0)
(0.971718 -3.77493e-09 0)
(0.971718 -2.32434e-09 0)
(0.971718 -8.88948e-10 0)
(0.971718 1.19228e-09 0)
(0.971718 4.43144e-09 0)
(0.971718 8.87496e-09 0)
(0.971718 1.32658e-08 0)
(0.971718 1.67454e-08 0)
(0.971718 2.05679e-08 0)
(0.971718 2.62432e-08 0)
(0.971718 3.28065e-08 0)
(0.971718 3.7704e-08 0)
(0.971718 4.08131e-08 0)
(0.971718 4.48378e-08 0)
(0.971718 5.07004e-08 0)
(0.971718 5.53287e-08 0)
(0.971718 5.66563e-08 0)
(0.971718 5.77288e-08 0)
(0.971718 6.14845e-08 0)
(0.971718 6.50809e-08 0)
(0.971718 6.5039e-08 0)
(0.971718 6.3653e-08 0)
(0.971718 6.40838e-08 0)
(0.971718 6.49962e-08 0)
(0.971718 6.48662e-08 0)
(0.971718 6.43295e-08 0)
(0.971718 6.27232e-08 0)
(0.971718 5.97953e-08 0)
(0.971718 5.69098e-08 0)
(0.971718 5.23482e-08 0)
(0.971718 4.63216e-08 0)
(0.971718 4.324e-08 0)
(0.971718 3.92831e-08 0)
(0.971718 3.00884e-08 0)
(0.971718 2.14867e-08 0)
(0.971718 1.41423e-08 0)
(0.971718 6.92181e-09 0)
(0.971718 2.81702e-09 0)
(0.971718 -4.75435e-09 0)
(0.971718 -1.42944e-08 0)
(0.971718 -2.25774e-08 0)
(0.971718 -3.06118e-08 0)
(0.971718 -3.55205e-08 0)
(0.971718 -4.3932e-08 0)
(0.971718 -5.31151e-08 0)
(0.971718 -6.32903e-08 0)
(0.971718 -7.69071e-08 0)
(0.971718 -8.89348e-08 0)
(0.971718 -1.00977e-07 0)
(0.971718 -1.15643e-07 0)
(0.971718 -1.33939e-07 0)
(0.971718 -1.52682e-07 0)
(0.971718 -1.72095e-07 0)
(0.971718 -1.94745e-07 0)
(0.971718 -2.23287e-07 0)
(0.971718 -2.51351e-07 0)
(0.971718 -2.83353e-07 0)
(0.971718 -3.20981e-07 0)
(0.971718 -3.6894e-07 0)
(0.971718 -4.14179e-07 0)
(0.971718 -4.6569e-07 0)
(0.971718 -5.28327e-07 0)
(0.971718 -5.92719e-07 0)
(0.971717 -6.70877e-07 0)
(0.971718 -7.40213e-07 0)
(0.971717 -8.40095e-07 0)
(0.971718 -8.89063e-07 0)
(0.971715 -9.97198e-07 0)
(0.971719 -1.29662e-06 0)
(0.971713 -2.00279e-06 0)
(1.00052 -0.0188442 0)
(1.01346 -0.0515364 0)
(1.03454 -0.074381 0)
(1.05815 -0.0882216 0)
(1.07937 -0.0961148 0)
(1.09653 -0.0998407 0)
(1.10952 -0.100148 0)
(1.11842 -0.0977496 0)
(1.12325 -0.093535 0)
(1.12429 -0.0883248 0)
(1.12207 -0.0827049 0)
(1.11722 -0.077035 0)
(1.11033 -0.071525 0)
(1.10192 -0.0662926 0)
(1.09239 -0.0613944 0)
(1.08209 -0.0568467 0)
(1.07127 -0.0526408 0)
(1.06016 -0.0487565 0)
(1.04892 -0.0451685 0)
(1.03769 -0.0418511 0)
(1.02657 -0.0387796 0)
(1.01564 -0.0359305 0)
(1.00498 -0.0332821 0)
(0.994632 -0.030814 0)
(0.984644 -0.0285074 0)
(0.975046 -0.0263449 0)
(0.96586 -0.0243105 0)
(0.957103 -0.0223899 0)
(0.948786 -0.020571 0)
(0.940915 -0.0188436 0)
(0.933493 -0.0172003 0)
(0.926519 -0.0156363 0)
(0.919987 -0.0141496 0)
(0.91389 -0.012741 0)
(0.908219 -0.0114134 0)
(0.902959 -0.0101711 0)
(0.898096 -0.00901912 0)
(0.89361 -0.00796209 0)
(0.889481 -0.00700339 0)
(0.885686 -0.00614429 0)
(0.882199 -0.00538351 0)
(0.878995 -0.00471704 0)
(0.876049 -0.00413826 0)
(0.873339 -0.00363845 0)
(0.870842 -0.0032075 0)
(0.86854 -0.0028347 0)
(0.866418 -0.0025095 0)
(0.864465 -0.00222229 0)
(0.862672 -0.00196485 0)
(0.861032 -0.00173067 0)
(0.85954 -0.00151499 0)
(0.858192 -0.00131479 0)
(0.856985 -0.00112841 0)
(0.855913 -0.000955304 0)
(0.854972 -0.000795633 0)
(0.854155 -0.000649919 0)
(0.853454 -0.000518712 0)
(0.85286 -0.00040255 0)
(0.852364 -0.000301395 0)
(0.851954 -0.00021528 0)
(0.851622 -0.000143322 0)
(0.851356 -8.43677e-05 0)
(0.851147 -3.72804e-05 0)
(0.850986 -1.06113e-06 0)
(0.850864 2.57769e-05 0)
(0.850774 4.48135e-05 0)
(0.85071 5.74366e-05 0)
(0.850666 6.48076e-05 0)
(0.850637 6.80989e-05 0)
(0.850619 6.83181e-05 0)
(0.850611 6.62975e-05 0)
(0.850608 6.27774e-05 0)
(0.85061 5.8318e-05 0)
(0.850615 5.3342e-05 0)
(0.850621 4.81688e-05 0)
(0.850628 4.3032e-05 0)
(0.850636 3.80938e-05 0)
(0.850643 3.34588e-05 0)
(0.850651 2.91887e-05 0)
(0.850657 2.5313e-05 0)
(0.850664 2.18377e-05 0)
(0.850669 1.87528e-05 0)
(0.850675 1.60377e-05 0)
(0.850679 1.36651e-05 0)
(0.850683 1.16046e-05 0)
(0.850687 9.82454e-06 0)
(0.85069 8.29381e-06 0)
(0.850692 6.98283e-06 0)
(0.850695 5.86417e-06 0)
(0.850697 4.91288e-06 0)
(0.850698 4.10654e-06 0)
(0.8507 3.4251e-06 0)
(0.850701 2.85076e-06 0)
(0.850702 2.3678e-06 0)
(0.850703 1.96249e-06 0)
(0.850704 1.62297e-06 0)
(0.850704 1.33909e-06 0)
(0.850705 1.10229e-06 0)
(0.850705 9.05329e-07 0)
(0.850706 7.41977e-07 0)
(0.850706 6.06825e-07 0)
(0.850706 4.95123e-07 0)
(0.850707 4.0274e-07 0)
(0.850707 3.26193e-07 0)
(0.850707 2.62694e-07 0)
(0.850707 2.10126e-07 0)
(0.850707 1.66918e-07 0)
(0.850707 1.31831e-07 0)
(0.850707 1.03729e-07 0)
(0.850707 8.14391e-08 0)
(0.850707 6.37443e-08 0)
(0.850707 4.94965e-08 0)
(0.850707 3.77828e-08 0)
(0.850707 2.80224e-08 0)
(0.850707 1.99533e-08 0)
(0.850707 1.34838e-08 0)
(0.850708 8.51082e-09 0)
(0.850708 4.80659e-09 0)
(0.850708 1.94437e-09 0)
(0.850708 -4.35098e-10 0)
(0.850708 -2.54343e-09 0)
(0.850708 -4.35003e-09 0)
(0.850708 -5.73157e-09 0)
(0.850708 -6.52576e-09 0)
(0.850708 -6.67871e-09 0)
(0.850708 -6.31865e-09 0)
(0.850708 -5.71741e-09 0)
(0.850708 -5.17786e-09 0)
(0.850708 -4.86782e-09 0)
(0.850708 -4.80388e-09 0)
(0.850708 -4.94535e-09 0)
(0.850708 -5.20906e-09 0)
(0.850708 -5.52608e-09 0)
(0.850708 -5.86179e-09 0)
(0.850708 -6.18793e-09 0)
(0.850708 -6.43436e-09 0)
(0.850708 -6.43967e-09 0)
(0.850708 -6.02341e-09 0)
(0.850708 -5.13871e-09 0)
(0.850708 -3.93621e-09 0)
(0.850708 -2.75361e-09 0)
(0.850708 -1.98317e-09 0)
(0.850708 -1.74056e-09 0)
(0.850708 -1.80566e-09 0)
(0.850708 -1.78284e-09 0)
(0.850708 -1.39862e-09 0)
(0.850708 -6.3458e-10 0)
(0.850708 3.31894e-10 0)
(0.850708 1.29408e-09 0)
(0.850708 2.05524e-09 0)
(0.850708 2.78185e-09 0)
(0.850708 3.57126e-09 0)
(0.850708 4.13288e-09 0)
(0.850708 3.95293e-09 0)
(0.850708 2.79699e-09 0)
(0.850708 1.14291e-09 0)
(0.850708 -2.52518e-10 0)
(0.850708 -7.27004e-10 0)
(0.850708 -3.31176e-10 0)
(0.850708 3.57381e-10 0)
(0.850708 7.48117e-10 0)
(0.850708 7.22975e-10 0)
(0.850708 5.30091e-10 0)
(0.850708 1.13979e-10 0)
(0.850708 -6.69074e-10 0)
(0.850708 -2.01102e-09 0)
(0.850708 -3.40515e-09 0)
(0.850708 -3.90202e-09 0)
(0.850708 -3.13553e-09 0)
(0.850708 -1.91897e-09 0)
(0.850708 -1.41186e-09 0)
(0.850708 -1.85706e-09 0)
(0.850708 -2.61344e-09 0)
(0.850708 -3.03373e-09 0)
(0.850708 -3.32484e-09 0)
(0.850708 -4.05904e-09 0)
(0.850708 -5.1835e-09 0)
(0.850708 -5.72122e-09 0)
(0.850708 -5.12612e-09 0)
(0.850708 -4.14146e-09 0)
(0.850708 -3.75509e-09 0)
(0.850708 -3.62979e-09 0)
(0.850708 -2.41753e-09 0)
(0.850708 1.89859e-10 0)
(0.850708 3.37506e-09 0)
(0.850708 6.36082e-09 0)
(0.850708 9.28718e-09 0)
(0.850708 1.32708e-08 0)
(0.850708 1.85351e-08 0)
(0.850708 2.3735e-08 0)
(0.850708 2.72864e-08 0)
(0.850708 2.9695e-08 0)
(0.850708 3.30482e-08 0)
(0.850708 3.78639e-08 0)
(0.850708 4.20093e-08 0)
(0.850708 4.40363e-08 0)
(0.850708 4.55049e-08 0)
(0.850708 4.81294e-08 0)
(0.850708 5.03181e-08 0)
(0.850708 4.97194e-08 0)
(0.850708 4.80358e-08 0)
(0.850708 4.87046e-08 0)
(0.850708 5.06039e-08 0)
(0.850708 5.03886e-08 0)
(0.850708 4.91999e-08 0)
(0.850708 4.90638e-08 0)
(0.850708 4.70411e-08 0)
(0.850708 4.23237e-08 0)
(0.850708 3.96481e-08 0)
(0.850708 3.83122e-08 0)
(0.850708 3.44556e-08 0)
(0.850708 3.10954e-08 0)
(0.850708 2.61496e-08 0)
(0.850708 1.57953e-08 0)
(0.850708 8.46804e-09 0)
(0.850708 5.19628e-09 0)
(0.850708 4.61706e-10 0)
(0.850708 -5.10007e-09 0)
(0.850708 -1.23698e-08 0)
(0.850708 -1.99111e-08 0)
(0.850708 -2.36405e-08 0)
(0.850708 -2.86453e-08 0)
(0.850708 -3.45976e-08 0)
(0.850708 -4.06587e-08 0)
(0.850708 -5.00175e-08 0)
(0.850708 -5.84092e-08 0)
(0.850708 -6.73672e-08 0)
(0.850708 -7.74942e-08 0)
(0.850708 -8.78894e-08 0)
(0.850708 -1.00712e-07 0)
(0.850708 -1.146e-07 0)
(0.850708 -1.31453e-07 0)
(0.850708 -1.50958e-07 0)
(0.850708 -1.68547e-07 0)
(0.850708 -1.87204e-07 0)
(0.850708 -2.13007e-07 0)
(0.850708 -2.39207e-07 0)
(0.850707 -2.68674e-07 0)
(0.850707 -2.9999e-07 0)
(0.850707 -3.43129e-07 0)
(0.850707 -3.75315e-07 0)
(0.850707 -4.33428e-07 0)
(0.850707 -4.67105e-07 0)
(0.850707 -5.45165e-07 0)
(0.850707 -5.52698e-07 0)
(0.850706 -6.43641e-07 0)
(0.850707 -5.9703e-07 0)
(0.850704 -7.10314e-07 0)
(0.850708 -6.17672e-07 0)
(0.850702 -2.26733e-07 0)
(1.00124 -0.0319511 0)
(1.02549 -0.0779073 0)
(1.05555 -0.102017 0)
(1.07972 -0.112679 0)
(1.09373 -0.116243 0)
(1.09867 -0.114752 0)
(1.09636 -0.109212 0)
(1.08797 -0.101008 0)
(1.0745 -0.0915983 0)
(1.05716 -0.0820639 0)
(1.03724 -0.0730273 0)
(1.01588 -0.0647911 0)
(0.993948 -0.0574628 0)
(0.97206 -0.0510364 0)
(0.950645 -0.0454435 0)
(0.929987 -0.0405891 0)
(0.910262 -0.0363727 0)
(0.891562 -0.0327007 0)
(0.873926 -0.0294901 0)
(0.857357 -0.0266696 0)
(0.841834 -0.0241788 0)
(0.827322 -0.0219666 0)
(0.813781 -0.0199902 0)
(0.801165 -0.0182133 0)
(0.789431 -0.0166051 0)
(0.778533 -0.0151396 0)
(0.76843 -0.0137946 0)
(0.759084 -0.0125513 0)
(0.750456 -0.0113944 0)
(0.742512 -0.0103116 0)
(0.73522 -0.00929369 0)
(0.72855 -0.00833467 0)
(0.72247 -0.00743118 0)
(0.716952 -0.00658238 0)
(0.711964 -0.00578932 0)
(0.707474 -0.00505428 0)
(0.703451 -0.00438003 0)
(0.699859 -0.00376905 0)
(0.696662 -0.00322288 0)
(0.693824 -0.00274168 0)
(0.691309 -0.00232387 0)
(0.689079 -0.00196617 0)
(0.687103 -0.00166376 0)
(0.685348 -0.00141062 0)
(0.683789 -0.0012 0)
(0.682399 -0.0010249 0)
(0.681161 -0.000878567 0)
(0.680057 -0.000754847 0)
(0.679075 -0.00064848 0)
(0.678204 -0.000555243 0)
(0.677436 -0.000471981 0)
(0.676763 -0.000396529 0)
(0.676179 -0.000327567 0)
(0.675678 -0.000264423 0)
(0.675254 -0.000206907 0)
(0.6749 -0.000155013 0)
(0.67461 -0.000108959 0)
(0.674377 -6.8935e-05 0)
(0.674194 -3.47517e-05 0)
(0.674054 -6.00717e-06 0)
(0.673951 1.69453e-05 0)
(0.673879 3.47841e-05 0)
(0.673832 4.80539e-05 0)
(0.673805 5.71001e-05 0)
(0.673793 6.25122e-05 0)
(0.673792 6.49195e-05 0)
(0.6738 6.49413e-05 0)
(0.673813 6.32161e-05 0)
(0.673831 6.02134e-05 0)
(0.67385 5.63269e-05 0)
(0.67387 5.19012e-05 0)
(0.67389 4.72238e-05 0)
(0.673909 4.25021e-05 0)
(0.673927 3.78881e-05 0)
(0.673944 3.34928e-05 0)
(0.673959 2.93893e-05 0)
(0.673973 2.56199e-05 0)
(0.673985 2.22036e-05 0)
(0.673996 1.91423e-05 0)
(0.674005 1.64255e-05 0)
(0.674013 1.40344e-05 0)
(0.67402 1.19452e-05 0)
(0.674026 1.01314e-05 0)
(0.674032 8.56534e-06 0)
(0.674036 7.21965e-06 0)
(0.67404 6.06818e-06 0)
(0.674043 5.08658e-06 0)
(0.674046 4.25268e-06 0)
(0.674048 3.54659e-06 0)
(0.67405 2.95065e-06 0)
(0.674052 2.44928e-06 0)
(0.674053 2.02867e-06 0)
(0.674054 1.67665e-06 0)
(0.674055 1.38255e-06 0)
(0.674056 1.13718e-06 0)
(0.674057 9.32776e-07 0)
(0.674057 7.62878e-07 0)
(0.674058 6.22174e-07 0)
(0.674058 5.06188e-07 0)
(0.674058 4.11001e-07 0)
(0.674059 3.33059e-07 0)
(0.674059 2.6913e-07 0)
(0.674059 2.16396e-07 0)
(0.674059 1.72606e-07 0)
(0.674059 1.36158e-07 0)
(0.674059 1.06056e-07 0)
(0.674059 8.16825e-08 0)
(0.67406 6.2503e-08 0)
(0.67406 4.78096e-08 0)
(0.67406 3.66566e-08 0)
(0.67406 2.79908e-08 0)
(0.67406 2.09079e-08 0)
(0.67406 1.48618e-08 0)
(0.67406 9.70389e-09 0)
(0.67406 5.55977e-09 0)
(0.67406 2.58067e-09 0)
(0.67406 6.36975e-10 0)
(0.67406 -6.83443e-10 0)
(0.67406 -1.84783e-09 0)
(0.67406 -3.12207e-09 0)
(0.67406 -4.45241e-09 0)
(0.67406 -5.57884e-09 0)
(0.67406 -6.16684e-09 0)
(0.67406 -6.10644e-09 0)
(0.67406 -5.57677e-09 0)
(0.67406 -4.93258e-09 0)
(0.67406 -4.47615e-09 0)
(0.67406 -4.24025e-09 0)
(0.67406 -4.07309e-09 0)
(0.67406 -3.83362e-09 0)
(0.67406 -3.5151e-09 0)
(0.67406 -3.30287e-09 0)
(0.67406 -3.42952e-09 0)
(0.67406 -3.92282e-09 0)
(0.67406 -4.54068e-09 0)
(0.67406 -4.87529e-09 0)
(0.67406 -4.58826e-09 0)
(0.67406 -3.68663e-09 0)
(0.67406 -2.50194e-09 0)
(0.67406 -1.52421e-09 0)
(0.67406 -1.03716e-09 0)
(0.67406 -9.65016e-10 0)
(0.67406 -1.05396e-09 0)
(0.67406 -1.08159e-09 0)
(0.67406 -1.00447e-09 0)
(0.67406 -8.8216e-10 0)
(0.67406 -7.07598e-10 0)
(0.67406 -3.92986e-10 0)
(0.67406 2.0064e-10 0)
(0.67406 1.12486e-09 0)
(0.67406 2.2195e-09 0)
(0.67406 3.09287e-09 0)
(0.67406 3.23507e-09 0)
(0.67406 2.43173e-09 0)
(0.67406 1.01561e-09 0)
(0.67406 -4.60137e-10 0)
(0.67406 -1.38294e-09 0)
(0.67406 -1.45914e-09 0)
(0.67406 -8.43157e-10 0)
(0.67406 -1.73609e-11 0)
(0.67406 6.30153e-10 0)
(0.67406 9.98927e-10 0)
(0.67406 9.18118e-10 0)
(0.67406 1.89843e-10 0)
(0.67406 -1.17662e-09 0)
(0.67406 -2.75107e-09 0)
(0.67406 -3.56747e-09 0)
(0.67406 -3.09169e-09 0)
(0.67406 -1.87266e-09 0)
(0.67406 -9.85318e-10 0)
(0.67406 -8.86605e-10 0)
(0.67406 -1.19882e-09 0)
(0.67406 -1.35145e-09 0)
(0.67406 -1.44658e-09 0)
(0.67406 -2.05987e-09 0)
(0.67406 -3.20182e-09 0)
(0.67406 -3.89042e-09 0)
(0.67406 -3.58e-09 0)
(0.67406 -3.0662e-09 0)
(0.67406 -3.44097e-09 0)
(0.67406 -4.17566e-09 0)
(0.67406 -3.74392e-09 0)
(0.67406 -1.73725e-09 0)
(0.67406 4.20201e-10 0)
(0.67406 1.86826e-09 0)
(0.67406 3.22659e-09 0)
(0.67406 5.96928e-09 0)
(0.67406 9.92954e-09 0)
(0.67406 1.33623e-08 0)
(0.67406 1.56897e-08 0)
(0.67406 1.8055e-08 0)
(0.67406 2.10593e-08 0)
(0.67406 2.36929e-08 0)
(0.67406 2.51625e-08 0)
(0.67406 2.63182e-08 0)
(0.67406 2.82912e-08 0)
(0.67406 3.06344e-08 0)
(0.67406 3.19266e-08 0)
(0.67406 3.17478e-08 0)
(0.67406 3.0698e-08 0)
(0.67406 2.95255e-08 0)
(0.67406 2.9114e-08 0)
(0.67406 2.99894e-08 0)
(0.67406 3.12229e-08 0)
(0.67406 3.12665e-08 0)
(0.67406 2.97116e-08 0)
(0.67406 2.66691e-08 0)
(0.67406 2.32603e-08 0)
(0.67406 2.22757e-08 0)
(0.67406 2.30444e-08 0)
(0.67406 2.12262e-08 0)
(0.67406 1.72348e-08 0)
(0.67406 1.2131e-08 0)
(0.67406 5.39795e-09 0)
(0.67406 1.01591e-09 0)
(0.67406 -1.26012e-09 0)
(0.67406 -3.29353e-09 0)
(0.67406 -7.97222e-09 0)
(0.67406 -1.28365e-08 0)
(0.67406 -1.58757e-08 0)
(0.67406 -1.9209e-08 0)
(0.67406 -2.09134e-08 0)
(0.67406 -2.53595e-08 0)
(0.67406 -3.05144e-08 0)
(0.67406 -3.7e-08 0)
(0.67406 -4.31568e-08 0)
(0.67406 -4.81775e-08 0)
(0.67406 -5.59266e-08 0)
(0.67406 -6.3902e-08 0)
(0.67406 -7.2865e-08 0)
(0.67406 -8.3065e-08 0)
(0.67406 -9.3481e-08 0)
(0.67406 -1.0606e-07 0)
(0.67406 -1.20032e-07 0)
(0.67406 -1.32163e-07 0)
(0.67406 -1.49737e-07 0)
(0.67406 -1.69607e-07 0)
(0.674059 -1.89575e-07 0)
(0.674059 -2.05617e-07 0)
(0.674059 -2.37498e-07 0)
(0.674059 -2.55989e-07 0)
(0.674059 -2.978e-07 0)
(0.674059 -3.08003e-07 0)
(0.674059 -3.61777e-07 0)
(0.674059 -3.34256e-07 0)
(0.674058 -3.84388e-07 0)
(0.674058 -2.54866e-07 0)
(0.674057 -3.09364e-07 0)
(0.674059 2.05238e-07 0)
(0.674055 1.12875e-06 0)
(1.0015 -0.0570097 0)
(1.03216 -0.11049 0)
(1.04865 -0.125501 0)
(1.0403 -0.125352 0)
(1.01351 -0.118757 0)
(0.97764 -0.107626 0)
(0.937521 -0.0933708 0)
(0.895383 -0.0780825 0)
(0.852934 -0.0635767 0)
(0.811823 -0.0508992 0)
(0.773324 -0.0404468 0)
(0.738147 -0.0322089 0)
(0.706516 -0.0259317 0)
(0.678331 -0.0212447 0)
(0.653316 -0.0177625 0)
(0.631124 -0.0151497 0)
(0.611396 -0.0131468 0)
(0.593799 -0.0115671 0)
(0.578036 -0.0102834 0)
(0.563859 -0.00921121 0)
(0.551058 -0.0082952 0)
(0.539461 -0.00749876 0)
(0.528929 -0.00679685 0)
(0.519343 -0.0061715 0)
(0.510609 -0.00560905 0)
(0.502645 -0.00509851 0)
(0.495387 -0.00463082 0)
(0.488777 -0.00419843 0)
(0.482769 -0.00379517 0)
(0.477324 -0.00341623 0)
(0.472405 -0.00305815 0)
(0.467983 -0.00271884 0)
(0.464029 -0.00239748 0)
(0.460513 -0.00209432 0)
(0.457409 -0.00181043 0)
(0.454687 -0.00154736 0)
(0.452317 -0.00130684 0)
(0.450268 -0.00109036 0)
(0.448508 -0.000898974 0)
(0.447003 -0.000733011 0)
(0.445722 -0.000592019 0)
(0.444634 -0.000474745 0)
(0.44371 -0.000379222 0)
(0.442925 -0.000302944 0)
(0.442256 -0.000243068 0)
(0.441685 -0.000196627 0)
(0.441194 -0.00016075 0)
(0.440772 -0.000132808 0)
(0.44041 -0.000110536 0)
(0.440098 -9.2117e-05 0)
(0.439833 -7.61981e-05 0)
(0.439608 -6.18566e-05 0)
(0.439421 -4.85198e-05 0)
(0.439268 -3.59143e-05 0)
(0.439147 -2.40032e-05 0)
(0.439053 -1.2836e-05 0)
(0.438984 -2.43422e-06 0)
(0.438938 7.19445e-06 0)
(0.438911 1.54151e-05 0)
(0.438899 2.25057e-05 0)
(0.4389 2.79783e-05 0)
(0.438912 3.17901e-05 0)
(0.438931 3.41342e-05 0)
(0.438955 3.53434e-05 0)
(0.438983 3.55403e-05 0)
(0.439013 3.48759e-05 0)
(0.439044 3.35453e-05 0)
(0.439074 3.17322e-05 0)
(0.439103 2.95774e-05 0)
(0.439131 2.72111e-05 0)
(0.439157 2.47472e-05 0)
(0.43918 2.22791e-05 0)
(0.439201 1.9876e-05 0)
(0.439221 1.75879e-05 0)
(0.439237 1.54493e-05 0)
(0.439252 1.3481e-05 0)
(0.439265 1.16929e-05 0)
(0.439277 1.00868e-05 0)
(0.439287 8.65811e-06 0)
(0.439295 7.39824e-06 0)
(0.439302 6.29567e-06 0)
(0.439309 5.33727e-06 0)
(0.439314 4.50909e-06 0)
(0.439318 3.79709e-06 0)
(0.439322 3.18771e-06 0)
(0.439325 2.66821e-06 0)
(0.439328 2.22693e-06 0)
(0.43933 1.85346e-06 0)
(0.439332 1.53853e-06 0)
(0.439333 1.27396e-06 0)
(0.439335 1.05243e-06 0)
(0.439336 8.6742e-07 0)
(0.439337 7.13167e-07 0)
(0.439337 5.84658e-07 0)
(0.439338 4.77687e-07 0)
(0.439338 3.88839e-07 0)
(0.439339 3.15393e-07 0)
(0.439339 2.55118e-07 0)
(0.439339 2.06038e-07 0)
(0.43934 1.66265e-07 0)
(0.43934 1.33955e-07 0)
(0.43934 1.07406e-07 0)
(0.43934 8.52303e-08 0)
(0.43934 6.65128e-08 0)
(0.43934 5.08313e-08 0)
(0.43934 3.80958e-08 0)
(0.43934 2.82721e-08 0)
(0.43934 2.11203e-08 0)
(0.43934 1.60936e-08 0)
(0.439341 1.24373e-08 0)
(0.439341 9.42807e-09 0)
(0.439341 6.64455e-09 0)
(0.439341 4.07371e-09 0)
(0.439341 1.99553e-09 0)
(0.439341 6.43286e-10 0)
(0.439341 -4.02465e-11 0)
(0.439341 -3.65081e-10 0)
(0.439341 -7.69197e-10 0)
(0.439341 -1.43882e-09 0)
(0.439341 -2.35089e-09 0)
(0.439341 -3.22861e-09 0)
(0.439341 -3.72072e-09 0)
(0.439341 -3.65412e-09 0)
(0.439341 -3.18995e-09 0)
(0.439341 -2.70348e-09 0)
(0.439341 -2.466e-09 0)
(0.439341 -2.4463e-09 0)
(0.439341 -2.38249e-09 0)
(0.439341 -1.9899e-09 0)
(0.439341 -1.31579e-09 0)
(0.439341 -7.24669e-10 0)
(0.439341 -6.24947e-10 0)
(0.439341 -1.09957e-09 0)
(0.439341 -1.82844e-09 0)
(0.439341 -2.32767e-09 0)
(0.439341 -2.22068e-09 0)
(0.439341 -1.52387e-09 0)
(0.439341 -6.36967e-10 0)
(0.439341 -7.83677e-11 0)
(0.439341 -1.38006e-11 0)
(0.439341 -2.32035e-10 0)
(0.439341 -4.37551e-10 0)
(0.439341 -5.06185e-10 0)
(0.439341 -5.56106e-10 0)
(0.439341 -7.51912e-10 0)
(0.439341 -1.07092e-09 0)
(0.439341 -1.28203e-09 0)
(0.439341 -1.09923e-09 0)
(0.439341 -4.49648e-10 0)
(0.439341 5.33599e-10 0)
(0.439341 1.36908e-09 0)
(0.439341 1.65611e-09 0)
(0.439341 1.33586e-09 0)
(0.439341 5.95234e-10 0)
(0.439341 -2.85254e-10 0)
(0.439341 -1.01191e-09 0)
(0.439341 -1.26277e-09 0)
(0.439341 -9.99978e-10 0)
(0.439341 -3.7464e-10 0)
(0.439341 3.77092e-10 0)
(0.439341 9.61213e-10 0)
(0.439341 1.06508e-09 0)
(0.439341 5.48795e-10 0)
(0.439341 -4.19456e-10 0)
(0.439341 -1.50006e-09 0)
(0.439341 -2.06069e-09 0)
(0.439341 -1.81476e-09 0)
(0.439341 -1.06067e-09 0)
(0.439341 -3.86902e-10 0)
(0.439341 -5.67977e-11 0)
(0.439341 6.25684e-11 0)
(0.439341 1.12068e-10 0)
(0.439341 6.63128e-11 0)
(0.439341 -3.38359e-10 0)
(0.439341 -1.02386e-09 0)
(0.439341 -1.40236e-09 0)
(0.439341 -1.20127e-09 0)
(0.439341 -1.11826e-09 0)
(0.439341 -1.84734e-09 0)
(0.439341 -2.80947e-09 0)
(0.439341 -2.81225e-09 0)
(0.439341 -1.71678e-09 0)
(0.439341 -7.57145e-10 0)
(0.439341 -5.45916e-10 0)
(0.439341 -2.04829e-10 0)
(0.439341 1.1756e-09 0)
(0.439341 3.10896e-09 0)
(0.439341 4.17097e-09 0)
(0.439341 4.67779e-09 0)
(0.439341 6.14335e-09 0)
(0.439341 8.54093e-09 0)
(0.439341 1.00142e-08 0)
(0.439341 1.01167e-08 0)
(0.439341 1.04211e-08 0)
(0.439341 1.15248e-08 0)
(0.439341 1.2202e-08 0)
(0.439341 1.21626e-08 0)
(0.439341 1.25168e-08 0)
(0.439341 1.29851e-08 0)
(0.439341 1.21827e-08 0)
(0.439341 1.06182e-08 0)
(0.439341 1.02914e-08 0)
(0.439341 1.13656e-08 0)
(0.439341 1.19674e-08 0)
(0.439341 1.13964e-08 0)
(0.439341 1.05131e-08 0)
(0.439341 9.68282e-09 0)
(0.439341 8.88652e-09 0)
(0.439341 8.73907e-09 0)
(0.439341 9.02719e-09 0)
(0.439341 8.34823e-09 0)
(0.439341 6.36399e-09 0)
(0.439341 3.68857e-09 0)
(0.439341 9.7605e-10 0)
(0.439341 -8.03697e-10 0)
(0.439341 -2.50664e-09 0)
(0.439341 -2.67939e-09 0)
(0.439341 -3.34897e-09 0)
(0.439341 -6.00505e-09 0)
(0.439341 -7.65542e-09 0)
(0.439341 -9.6162e-09 0)
(0.439341 -1.03598e-08 0)
(0.439341 -1.17597e-08 0)
(0.439341 -1.5227e-08 0)
(0.439341 -1.8484e-08 0)
(0.439341 -2.08459e-08 0)
(0.439341 -2.31378e-08 0)
(0.439341 -2.75322e-08 0)
(0.439341 -3.19603e-08 0)
(0.439341 -3.53168e-08 0)
(0.439341 -3.99959e-08 0)
(0.439341 -4.49917e-08 0)
(0.43934 -5.03381e-08 0)
(0.43934 -5.79371e-08 0)
(0.43934 -6.44784e-08 0)
(0.43934 -7.15587e-08 0)
(0.43934 -7.91067e-08 0)
(0.43934 -8.83025e-08 0)
(0.43934 -9.58891e-08 0)
(0.43934 -1.10773e-07 0)
(0.43934 -1.17351e-07 0)
(0.43934 -1.34656e-07 0)
(0.43934 -1.30923e-07 0)
(0.439339 -1.47188e-07 0)
(0.439339 -1.13932e-07 0)
(0.439339 -1.08304e-07 0)
(0.439339 2.41343e-08 0)
(0.439338 9.89007e-08 0)
(0.439339 7.34773e-07 0)
(0.439338 1.39748e-06 0)
(0.918653 -0.0369142 0)
(0.858172 -0.0654077 0)
(0.774067 -0.0677281 0)
(0.669868 -0.0612339 0)
(0.570639 -0.0516843 0)
(0.488913 -0.0405687 0)
(0.42434 -0.0294269 0)
(0.373501 -0.0199071 0)
(0.3339 -0.0127605 0)
(0.303561 -0.00787349 0)
(0.280484 -0.00477685 0)
(0.262796 -0.00296043 0)
(0.248962 -0.00198249 0)
(0.237834 -0.00150211 0)
(0.228608 -0.00128458 0)
(0.220743 -0.00118699 0)
(0.213886 -0.00113275 0)
(0.207812 -0.00108655 0)
(0.202375 -0.00103563 0)
(0.197475 -0.000977981 0)
(0.193039 -0.000915773 0)
(0.189013 -0.000852041 0)
(0.185352 -0.000789308 0)
(0.182018 -0.00072917 0)
(0.178979 -0.00067235 0)
(0.176208 -0.000618914 0)
(0.173681 -0.000568507 0)
(0.17138 -0.000520567 0)
(0.169289 -0.000474479 0)
(0.167395 -0.000429709 0)
(0.165688 -0.000385882 0)
(0.164159 -0.000342833 0)
(0.1628 -0.000300629 0)
(0.161602 -0.000259546 0)
(0.160558 -0.000220036 0)
(0.159658 -0.000182659 0)
(0.158892 -0.000148014 0)
(0.158248 -0.000116658 0)
(0.157715 -8.90421e-05 0)
(0.157278 -6.54553e-05 0)
(0.156925 -4.59967e-05 0)
(0.156642 -3.05673e-05 0)
(0.156418 -1.88841e-05 0)
(0.15624 -1.05189e-05 0)
(0.156099 -4.94805e-06 0)
(0.155987 -1.60439e-06 0)
(0.155896 7.84176e-08 0)
(0.155821 6.34924e-07 0)
(0.155759 5.25014e-07 0)
(0.155707 1.15963e-07 0)
(0.155663 -3.22524e-07 0)
(0.155627 -6.00922e-07 0)
(0.155597 -6.05219e-07 0)
(0.155575 -3.12624e-07 0)
(0.155558 2.43236e-07 0)
(0.155548 1.03472e-06 0)
(0.155544 2.18062e-06 0)
(0.155545 3.67896e-06 0)
(0.155551 4.96359e-06 0)
(0.155561 5.89098e-06 0)
(0.155574 6.72433e-06 0)
(0.15559 7.33281e-06 0)
(0.155607 7.71304e-06 0)
(0.155626 7.90392e-06 0)
(0.155646 7.9068e-06 0)
(0.155665 7.74286e-06 0)
(0.155685 7.44442e-06 0)
(0.155703 7.04402e-06 0)
(0.15572 6.57059e-06 0)
(0.155736 6.0508e-06 0)
(0.155751 5.50842e-06 0)
(0.155764 4.96368e-06 0)
(0.155776 4.43195e-06 0)
(0.155787 3.9243e-06 0)
(0.155797 3.44852e-06 0)
(0.155805 3.00952e-06 0)
(0.155812 2.60986e-06 0)
(0.155818 2.25026e-06 0)
(0.155824 1.93001e-06 0)
(0.155829 1.6474e-06 0)
(0.155832 1.40006e-06 0)
(0.155836 1.18513e-06 0)
(0.155839 9.99511e-07 0)
(0.155841 8.40044e-07 0)
(0.155843 7.03644e-07 0)
(0.155845 5.87437e-07 0)
(0.155846 4.88829e-07 0)
(0.155847 4.05517e-07 0)
(0.155848 3.35455e-07 0)
(0.155849 2.76807e-07 0)
(0.15585 2.27891e-07 0)
(0.15585 1.87166e-07 0)
(0.155851 1.5325e-07 0)
(0.155851 1.24967e-07 0)
(0.155852 1.01385e-07 0)
(0.155852 8.18117e-08 0)
(0.155852 6.57317e-08 0)
(0.155852 5.2714e-08 0)
(0.155852 4.23161e-08 0)
(0.155852 3.40385e-08 0)
(0.155852 2.73441e-08 0)
(0.155853 2.1738e-08 0)
(0.155853 1.68747e-08 0)
(0.155853 1.26278e-08 0)
(0.155853 9.0637e-09 0)
(0.155853 6.32119e-09 0)
(0.155853 4.45976e-09 0)
(0.155853 3.3643e-09 0)
(0.155853 2.75769e-09 0)
(0.155853 2.30005e-09 0)
(0.155853 1.74117e-09 0)
(0.155853 1.04526e-09 0)
(0.155853 3.82533e-10 0)
(0.155853 -7.25548e-12 0)
(0.155853 -5.14492e-11 0)
(0.155853 7.62908e-11 0)
(0.155853 1.6738e-10 0)
(0.155853 4.13043e-11 0)
(0.155853 -3.0692e-10 0)
(0.155853 -7.51572e-10 0)
(0.155853 -1.08584e-09 0)
(0.155853 -1.13505e-09 0)
(0.155853 -9.06463e-10 0)
(0.155853 -6.08293e-10 0)
(0.155853 -4.80118e-10 0)
(0.155853 -5.68056e-10 0)
(0.155853 -7.26566e-10 0)
(0.155853 -7.25295e-10 0)
(0.155853 -3.94175e-10 0)
(0.155853 8.31308e-11 0)
(0.155853 3.21978e-10 0)
(0.155853 1.32242e-10 0)
(0.155853 -3.61129e-10 0)
(0.155853 -8.33515e-10 0)
(0.155853 -9.66135e-10 0)
(0.155853 -6.54691e-10 0)
(0.155853 -1.40885e-10 0)
(0.155853 1.97022e-10 0)
(0.155853 1.18771e-10 0)
(0.155853 -1.65952e-10 0)
(0.155853 -3.94131e-10 0)
(0.155853 -4.33847e-10 0)
(0.155853 -3.19323e-10 0)
(0.155853 -2.89923e-10 0)
(0.155853 -4.73479e-10 0)
(0.155853 -7.50846e-10 0)
(0.155853 -8.70489e-10 0)
(0.155853 -6.76771e-10 0)
(0.155853 -2.5885e-10 0)
(0.155853 1.25506e-10 0)
(0.155853 2.55677e-10 0)
(0.155853 1.32735e-10 0)
(0.155853 -8.69847e-12 0)
(0.155853 -6.18406e-11 0)
(0.155853 -1.68283e-10 0)
(0.155853 -3.03107e-10 0)
(0.155853 -4.4984e-10 0)
(0.155853 -4.09071e-10 0)
(0.155853 -7.5937e-11 0)
(0.155853 3.42248e-10 0)
(0.155853 5.05007e-10 0)
(0.155853 2.1384e-10 0)
(0.155853 -2.61667e-10 0)
(0.155853 -5.43493e-10 0)
(0.155853 -5.07504e-10 0)
(0.155853 -3.1763e-10 0)
(0.155853 -2.65074e-10 0)
(0.155853 -2.93062e-10 0)
(0.155853 -1.09507e-10 0)
(0.155853 2.75783e-10 0)
(0.155853 5.0899e-10 0)
(0.155853 3.29284e-10 0)
(0.155853 -9.71375e-12 0)
(0.155853 -1.23211e-10 0)
(0.155853 4.81038e-11 0)
(0.155853 1.52207e-10 0)
(0.155853 -2.04e-10 0)
(0.155853 -8.16014e-10 0)
(0.155853 -1.1374e-09 0)
(0.155853 -8.70304e-10 0)
(0.155853 -4.35003e-10 0)
(0.155853 -2.89126e-10 0)
(0.155853 -3.50401e-10 0)
(0.155853 -1.91089e-10 0)
(0.155853 5.47927e-11 0)
(0.155853 8.91936e-11 0)
(0.155853 -7.02987e-11 0)
(0.155853 -4.6134e-11 0)
(0.155853 5.94152e-10 0)
(0.155853 1.5803e-09 0)
(0.155853 2.14064e-09 0)
(0.155853 2.04912e-09 0)
(0.155853 1.84792e-09 0)
(0.155853 1.81591e-09 0)
(0.155853 1.72618e-09 0)
(0.155853 1.64773e-09 0)
(0.155853 2.00312e-09 0)
(0.155853 2.61554e-09 0)
(0.155853 2.56838e-09 0)
(0.155853 1.7273e-09 0)
(0.155853 9.57462e-10 0)
(0.155853 8.21982e-10 0)
(0.155853 1.02506e-09 0)
(0.155853 1.26048e-09 0)
(0.155853 1.79933e-09 0)
(0.155853 2.16243e-09 0)
(0.155853 1.56583e-09 0)
(0.155853 7.47472e-10 0)
(0.155853 8.6959e-10 0)
(0.155853 1.49933e-09 0)
(0.155853 1.88133e-09 0)
(0.155853 1.77014e-09 0)
(0.155853 8.13194e-10 0)
(0.155853 -7.15871e-10 0)
(0.155853 -1.27122e-09 0)
(0.155853 -4.58201e-10 0)
(0.155853 6.25383e-10 0)
(0.155853 3.59705e-10 0)
(0.155853 -9.13253e-10 0)
(0.155853 -2.46075e-09 0)
(0.155853 -2.6696e-09 0)
(0.155853 -2.11572e-09 0)
(0.155853 -2.09101e-09 0)
(0.155853 -3.00475e-09 0)
(0.155853 -4.18029e-09 0)
(0.155853 -4.91874e-09 0)
(0.155853 -5.50588e-09 0)
(0.155853 -6.2003e-09 0)
(0.155853 -6.86628e-09 0)
(0.155853 -7.79507e-09 0)
(0.155853 -9.16664e-09 0)
(0.155853 -1.07064e-08 0)
(0.155853 -1.22693e-08 0)
(0.155853 -1.36429e-08 0)
(0.155853 -1.45673e-08 0)
(0.155853 -1.63113e-08 0)
(0.155853 -1.79661e-08 0)
(0.155853 -2.00172e-08 0)
(0.155852 -2.21593e-08 0)
(0.155852 -2.53667e-08 0)
(0.155852 -2.57176e-08 0)
(0.155852 -2.77769e-08 0)
(0.155852 -2.39147e-08 0)
(0.155852 -2.24734e-08 0)
(0.155852 -1.23455e-09 0)
(0.155852 2.34866e-08 0)
(0.155852 9.68244e-08 0)
(0.155852 1.9558e-07 0)
(0.155852 4.69933e-07 0)
(0.155853 6.28476e-07 0)
)
;

boundaryField
{
    inlet
    {
        type            fixedValue;
        value           uniform (1 0 0);
    }
    outlet
    {
        type            zeroGradient;
    }
    bottomWall
    {
        type            noSlip;
    }
    topWall
    {
        type            noSlip;
    }
    front
    {
        type            empty;
    }
    back
    {
        type            empty;
    }
}


// ************************************************************************* //
