/*--------------------------------*- C++ -*----------------------------------*\
| =========                 |                                                 |
| \\      /  F ield         | OpenFOAM: The Open Source CFD Toolbox           |
|  \\    /   O peration     | Version:  2512                                  |
|   \\  /    A nd           | Website:  www.openfoam.com                      |
|    \\/     M anipulation  |                                                 |
\*---------------------------------------------------------------------------*/
FoamFile
{
    version     2.0;
    format      ascii;
    arch        "LSB;label=32;scalar=64";
    class       volVectorField;
    location    "700";
    object      cellDisplacement;
}
// * * * * * * * * * * * * * * * * * * * * * * * * * * * * * * * * * * * * * //

dimensions      [0 1 0 0 0 0 0];

internalField   nonuniform List<vector> 
17547
(
(0 -4.189277e-08 0)
(0 -1.2625582e-07 0)
(0 -2.1236908e-07 0)
(0 -3.0144442e-07 0)
(0 -3.9475916e-07 0)
(0 -4.9368331e-07 0)
(0 -5.9970768e-07 0)
(0 -7.1447287e-07 0)
(0 -8.3979917e-07 0)
(0 -9.777169e-07 0)
(0 -1.1304966e-06 0)
(0 -1.3006783e-06 0)
(0 -1.4910979e-06 0)
(0 -1.7049092e-06 0)
(0 -1.9455985e-06 0)
(0 -2.2169887e-06 0)
(0 -2.5232286e-06 0)
(0 -2.8687632e-06 0)
(0 -3.2582788e-06 0)
(0 -3.6966323e-06 0)
(0 -1.2464711e-07 0)
(0 -3.7565102e-07 0)
(0 -6.3183639e-07 0)
(0 -8.9679162e-07 0)
(0 -1.1743003e-06 0)
(0 -1.4684225e-06 0)
(0 -1.783579e-06 0)
(0 -2.1246385e-06 0)
(0 -2.4970081e-06 0)
(0 -2.9067248e-06 0)
(0 -3.3605487e-06 0)
(0 -3.8660524e-06 0)
(0 -4.4317046e-06 0)
(0 -5.0669406e-06 0)
(0 -5.7822122e-06 0)
(0 -6.5890068e-06 0)
(0 -7.4998242e-06 0)
(0 -8.5280951e-06 0)
(0 -9.6880269e-06 0)
(0 -1.0994396e-05 0)
(0 -2.0434885e-07 0)
(0 -6.1582043e-07 0)
(0 -1.0356985e-06 0)
(0 -1.4698073e-06 0)
(0 -1.924292e-06 0)
(0 -2.4057532e-06 0)
(0 -2.9213863e-06 0)
(0 -3.4791283e-06 0)
(0 -4.0878087e-06 0)
(0 -4.7573071e-06 0)
(0 -5.498713e-06 0)
(0 -6.3244837e-06 0)
(0 -7.2485954e-06 0)
(0 -8.2866758e-06 0)
(0 -9.4561076e-06 0)
(0 -1.0776085e-05 0)
(0 -1.2267601e-05 0)
(0 -1.3953346e-05 0)
(0 -1.585748e-05 0)
(0 -1.8005309e-05 0)
(0 -2.7909875e-07 0)
(0 -8.4102263e-07 0)
(0 -1.4142393e-06 0)
(0 -2.0065771e-06 0)
(0 -2.6263037e-06 0)
(0 -3.2823116e-06 0)
(0 -3.9843121e-06 0)
(0 -4.7430397e-06 0)
(0 -5.5704677e-06 0)
(0 -6.4800341e-06 0)
(0 -7.4868764e-06 0)
(0 -8.6080691e-06 0)
(0 -9.8628587e-06 0)
(0 -1.1272882e-05 0)
(0 -1.2862352e-05 0)
(0 -1.4658188e-05 0)
(0 -1.6690064e-05 0)
(0 -1.8990327e-05 0)
(0 -2.1593758e-05 0)
(0 -2.4537175e-05 0)
(0 -3.4719817e-07 0)
(0 -1.0461206e-06 0)
(0 -1.7587588e-06 0)
(0 -2.4946275e-06 0)
(0 -3.2637875e-06 0)
(0 -4.0770781e-06 0)
(0 -4.9463628e-06 0)
(0 -5.8847909e-06 0)
(0 -6.9070776e-06 0)
(0 -8.0298025e-06 0)
(0 -9.2717276e-06 0)
(0 -1.0654128e-05 0)
(0 -1.2201132e-05 0)
(0 -1.3940055e-05 0)
(0 -1.5901706e-05 0)
(0 -1.812065e-05 0)
(0 -2.0635374e-05 0)
(0 -2.3488316e-05 0)
(0 -2.6725692e-05 0)
(0 -3.0397115e-05 0)
(0 -4.0722241e-07 0)
(0 -1.2268035e-06 0)
(0 -2.0619485e-06 0)
(0 -2.9234626e-06 0)
(0 -3.8227863e-06 0)
(0 -4.7722695e-06 0)
(0 -5.7854627e-06 0)
(0 -6.8774323e-06 0)
(0 -8.0651037e-06 0)
(0 -9.3676347e-06 0)
(0 -1.0806822e-05 0)
(0 -1.2407539e-05 0)
(0 -1.4198202e-05 0)
(0 -1.6211252e-05 0)
(0 -1.8483638e-05 0)
(0 -2.1057268e-05 0)
(0 -2.3979392e-05 0)
(0 -2.7302845e-05 0)
(0 -3.1086076e-05 0)
(0 -3.539293e-05 0)
(0 -4.5808634e-07 0)
(0 -1.3797852e-06 0)
(0 -2.3182284e-06 0)
(0 -3.2850492e-06 0)
(0 -4.2925823e-06 0)
(0 -5.3541692e-06 0)
(0 -6.4844872e-06 0)
(0 -7.6999105e-06 0)
(0 -9.0189105e-06 0)
(0 -1.0462501e-05 0)
(0 -1.2054733e-05 0)
(0 -1.3823253e-05 0)
(0 -1.5799905e-05 0)
(0 -1.8021401e-05 0)
(0 -2.0530021e-05 0)
(0 -2.3374342e-05 0)
(0 -2.6609935e-05 0)
(0 -3.0299976e-05 0)
(0 -3.4515673e-05 0)
(0 -3.9336415e-05 0)
(0 -4.9909865e-07 0)
(0 -1.5029697e-06 0)
(0 -2.52403e-06 0)
(0 -3.5742297e-06 0)
(0 -4.6662553e-06 0)
(0 -5.8138542e-06 0)
(0 -7.0321886e-06 0)
(0 -8.3382302e-06 0)
(0 -9.7512046e-06 0)
(0 -1.1293098e-05 0)
(0 -1.2989235e-05 0)
(0 -1.4868948e-05 0)
(0 -1.6966332e-05 0)
(0 -1.9321113e-05 0)
(0 -2.1979617e-05 0)
(0 -2.499584e-05 0)
(0 -2.8432586e-05 0)
(0 -3.2362618e-05 0)
(0 -3.6869728e-05 0)
(0 -4.2049592e-05 0)
(0 -5.30001e-07 0)
(0 -1.5955705e-06 0)
(0 -2.6780039e-06 0)
(0 -3.7890293e-06 0)
(0 -4.9411091e-06 0)
(0 -6.1477666e-06 0)
(0 -7.4239483e-06 0)
(0 -8.7864324e-06 0)
(0 -1.0254299e-05 0)
(0 -1.1849476e-05 0)
(0 -1.3597382e-05 0)
(0 -1.552768e-05 0)
(0 -1.7675181e-05 0)
(0 -2.0080898e-05 0)
(0 -2.2793303e-05 0)
(0 -2.5869786e-05 0)
(0 -2.9378329e-05 0)
(0 -3.3399384e-05 0)
(0 -3.8027868e-05 0)
(0 -4.3375159e-05 0)
(0 -5.5098776e-07 0)
(0 -1.6581723e-06 0)
(0 -2.7811293e-06 0)
(0 -3.9308265e-06 0)
(0 -5.1189207e-06 0)
(0 -6.3580679e-06 0)
(0 -7.6622718e-06 0)
(0 -9.0472826e-06 0)
(0 -1.0531063e-05 0)
(0 -1.2134344e-05 0)
(0 -1.3881288e-05 0)
(0 -1.58003e-05 0)
(0 -1.7925013e-05 0)
(0 -2.0295508e-05 0)
(0 -2.2959803e-05 0)
(0 -2.59757e-05 0)
(0 -2.9413027e-05 0)
(0 -3.335636e-05 0)
(0 -3.7908219e-05 0)
(0 -4.3192681e-05 0)
(0 -5.627025e-07 0)
(0 -1.6927218e-06 0)
(0 -2.8367053e-06 0)
(0 -4.0043531e-06 0)
(0 -5.2059641e-06 0)
(0 -6.4527087e-06 0)
(0 -7.7569387e-06 0)
(0 -9.1325468e-06 0)
(0 -1.0595395e-05 0)
(0 -1.2163831e-05 0)
(0 -1.3859327e-05 0)
(0 -1.5707269e-05 0)
(0 -1.7737959e-05 0)
(0 -1.9987879e-05 0)
(0 -2.2501328e-05 0)
(0 -2.5332515e-05 0)
(0 -2.8548289e-05 0)
(0 -3.2231651e-05 0)
(0 -3.6486258e-05 0)
(0 -4.1442041e-05 0)
(0 -5.6620861e-07 0)
(0 -1.7024408e-06 0)
(0 -2.8502073e-06 0)
(0 -4.0174988e-06 0)
(0 -5.2127707e-06 0)
(0 -6.4451578e-06 0)
(0 -7.7247204e-06 0)
(0 -9.0627335e-06 0)
(0 -1.0472037e-05 0)
(0 -1.1967467e-05 0)
(0 -1.3566394e-05 0)
(0 -1.5289415e-05 0)
(0 -1.7161238e-05 0)
(0 -1.9211857e-05 0)
(0 -2.1478108e-05 0)
(0 -2.4005773e-05 0)
(0 -2.6852464e-05 0)
(0 -3.0091594e-05 0)
(0 -3.3817886e-05 0)
(0 -3.8154903e-05 0)
(0 -5.6293267e-07 0)
(0 -1.6916551e-06 0)
(0 -2.8290006e-06 0)
(0 -3.980906e-06 0)
(0 -5.1536023e-06 0)
(0 -6.3537517e-06 0)
(0 -7.5886077e-06 0)
(0 -8.8662063e-06 0)
(0 -1.01956e-05 0)
(0 -1.1587152e-05 0)
(0 -1.3052911e-05 0)
(0 -1.4607099e-05 0)
(0 -1.6266755e-05 0)
(0 -1.8052614e-05 0)
(0 -1.9990305e-05 0)
(0 -2.2112064e-05 0)
(0 -2.4459198e-05 0)
(0 -2.7085741e-05 0)
(0 -3.0063953e-05 0)
(0 -3.349265e-05 0)
(0 -5.5458196e-07 0)
(0 -1.6655451e-06 0)
(0 -2.7819167e-06 0)
(0 -3.9073616e-06 0)
(0 -5.0456417e-06 0)
(0 -6.2006628e-06 0)
(0 -7.3765324e-06 0)
(0 -8.5776305e-06 0)
(0 -9.808701e-06 0)
(0 -1.1074968e-05 0)
(0 -1.2382292e-05 0)
(0 -1.3737371e-05 0)
(0 -1.5148027e-05 0)
(0 -1.6623587e-05 0)
(0 -1.8175448e-05 0)
(0 -1.9817909e-05 0)
(0 -2.1569481e-05 0)
(0 -2.3455025e-05 0)
(0 -2.5509401e-05 0)
(0 -2.7783866e-05 0)
(0 -5.4304006e-07 0)
(0 -1.6298289e-06 0)
(0 -2.7187129e-06 0)
(0 -3.8110125e-06 0)
(0 -4.9079363e-06 0)
(0 -6.010532e-06 0)
(0 -7.1196346e-06 0)
(0 -8.2358076e-06 0)
(0 -9.3592772e-06 0)
(0 -1.0489856e-05 0)
(0 -1.162685e-05 0)
(0 -1.2768942e-05 0)
(0 -1.3914041e-05 0)
(0 -1.5059079e-05 0)
(0 -1.6199733e-05 0)
(0 -1.7330048e-05 0)
(0 -1.8441935e-05 0)
(0 -1.9524594e-05 0)
(0 -2.0563995e-05 0)
(0 -2.1543198e-05 0)
(0 -4.1066872e-06 0)
(0 -4.4603485e-06 0)
(0 -4.8410247e-06 0)
(0 -5.2499806e-06 0)
(0 -5.6883828e-06 0)
(0 -6.1572527e-06 0)
(0 -6.6574324e-06 0)
(0 -7.1895493e-06 0)
(0 -7.7539828e-06 0)
(0 -8.3508315e-06 0)
(0 -8.9798848e-06 0)
(0 -9.6405981e-06 0)
(0 -1.0332075e-05 0)
(0 -1.1053056e-05 0)
(0 -1.1801915e-05 0)
(0 -1.257667e-05 0)
(0 -1.3374991e-05 0)
(0 -1.4194232e-05 0)
(0 -1.5031464e-05 0)
(0 -1.588314e-05 0)
(0 -1.2217484e-05 0)
(0 -1.327302e-05 0)
(0 -1.4409925e-05 0)
(0 -1.5632116e-05 0)
(0 -1.6943225e-05 0)
(0 -1.8346452e-05 0)
(0 -1.9844461e-05 0)
(0 -2.1439271e-05 0)
(0 -2.3132148e-05 0)
(0 -2.4923503e-05 0)
(0 -2.6812801e-05 0)
(0 -2.879848e-05 0)
(0 -3.0877893e-05 0)
(0 -3.3047275e-05 0)
(0 -3.5301722e-05 0)
(0 -3.763522e-05 0)
(0 -4.0040684e-05 0)
(0 -4.2510041e-05 0)
(0 -4.5034332e-05 0)
(0 -4.7602726e-05 0)
(0 -2.0019697e-05 0)
(0 -2.1760319e-05 0)
(0 -2.3637591e-05 0)
(0 -2.5658463e-05 0)
(0 -2.7829437e-05 0)
(0 -3.0156317e-05 0)
(0 -3.2644022e-05 0)
(0 -3.5296389e-05 0)
(0 -3.8115977e-05 0)
(0 -4.1103877e-05 0)
(0 -4.4259539e-05 0)
(0 -4.7580623e-05 0)
(0 -5.1062879e-05 0)
(0 -5.4700074e-05 0)
(0 -5.848396e-05 0)
(0 -6.2404299e-05 0)
(0 -6.6448945e-05 0)
(0 -7.0603976e-05 0)
(0 -7.4853882e-05 0)
(0 -7.9179936e-05 0)
(0 -2.7304961e-05 0)
(0 -2.970117e-05 0)
(0 -3.2290703e-05 0)
(0 -3.5084207e-05 0)
(0 -3.8091763e-05 0)
(0 -4.1322538e-05 0)
(0 -4.4784489e-05 0)
(0 -4.8484051e-05 0)
(0 -5.2425832e-05 0)
(0 -5.6612293e-05 0)
(0 -6.1043467e-05 0)
(0 -6.5716698e-05 0)
(0 -7.0626439e-05 0)
(0 -7.5764102e-05 0)
(0 -8.1117999e-05 0)
(0 -8.6673353e-05 0)
(0 -9.2412416e-05 0)
(0 -9.8314664e-05 0)
(0 -0.0001043571 0)
(0 -0.00011051198 0)
(0 -3.3861662e-05 0)
(0 -3.6868905e-05 0)
(0 -4.0127732e-05 0)
(0 -4.3653464e-05 0)
(0 -4.7460844e-05 0)
(0 -5.1563569e-05 0)
(0 -5.5973862e-05 0)
(0 -6.0702015e-05 0)
(0 -6.5755907e-05 0)
(0 -7.1140527e-05 0)
(0 -7.6857505e-05 0)
(0 -8.2904694e-05 0)
(0 -8.9275814e-05 0)
(0 -9.5960197e-05 0)
(0 -0.00010294264 0)
(0 -0.00011020337 0)
(0 -0.00011771825 0)
(0 -0.00012545897 0)
(0 -0.00013339356 0)
(0 -0.00014148351 0)
(0 -3.9475228e-05 0)
(0 -4.3030488e-05 0)
(0 -4.6896891e-05 0)
(0 -5.1095774e-05 0)
(0 -5.5648065e-05 0)
(0 -6.0573684e-05 0)
(0 -6.5890947e-05 0)
(0 -7.1615909e-05 0)
(0 -7.7761646e-05 0)
(0 -8.4337514e-05 0)
(0 -9.1348419e-05 0)
(0 -9.8794127e-05 0)
(0 -0.00010666867 0)
(0 -0.00011495986 0)
(0 -0.00012364903 0)
(0 -0.0001327109 0)
(0 -0.00014211374 0)
(0 -0.00015181979 0)
(0 -0.00016178583 0)
(0 -0.00017195987 0)
(0 -4.3930388e-05 0)
(0 -4.7947651e-05 0)
(0 -5.2335835e-05 0)
(0 -5.7124027e-05 0)
(0 -6.2341388e-05 0)
(0 -6.8016424e-05 0)
(0 -7.4176177e-05 0)
(0 -8.0845304e-05 0)
(0 -8.8045026e-05 0)
(0 -9.5791982e-05 0)
(0 -0.00010409709 0)
(0 -0.00011296442 0)
(0 -0.00012239019 0)
(0 -0.00013236189 0)
(0 -0.00014285772 0)
(0 -0.0001538463 0)
(0 -0.00016528681 0)
(0 -0.00017712949 0)
(0 -0.00018931655 0)
(0 -0.00020177844 0)
(0 -4.7016581e-05 0)
(0 -5.1381219e-05 0)
(0 -5.6174419e-05 0)
(0 -6.1435122e-05 0)
(0 -6.7203346e-05 0)
(0 -7.3519361e-05 0)
(0 -8.0422652e-05 0)
(0 -8.7950642e-05 0)
(0 -9.613718e-05 0)
(0 -0.0001050108 0)
(0 -0.0001145929 0)
(0 -0.00012489595 0)
(0 -0.0001359217 0)
(0 -0.00014765966 0)
(0 -0.00016008596 0)
(0 -0.00017316268 0)
(0 -0.00018683789 0)
(0 -0.00020104624 0)
(0 -0.00021571031 0)
(0 -0.00023073671 0)
(0 -4.8538141e-05 0)
(0 -5.3100531e-05 0)
(0 -5.8142658e-05 0)
(0 -6.3715617e-05 0)
(0 -6.9873426e-05 0)
(0 -7.6672195e-05 0)
(0 -8.4168917e-05 0)
(0 -9.2419792e-05 0)
(0 -0.0001014781 0)
(0 -0.00011139158 0)
(0 -0.00012219954 0)
(0 -0.00013392985 0)
(0 -0.00014659585 0)
(0 -0.00016019357 0)
(0 -0.00017469954 0)
(0 -0.00019006945 0)
(0 -0.00020623778 0)
(0 -0.00022311846 0)
(0 -0.00024060675 0)
(0 -0.00025857556 0)
(0 -4.8331509e-05 0)
(0 -5.2900797e-05 0)
(0 -5.7987265e-05 0)
(0 -6.3656204e-05 0)
(0 -6.9978917e-05 0)
(0 -7.7032135e-05 0)
(0 -8.4896831e-05 0)
(0 -9.3656356e-05 0)
(0 -0.00010339369 0)
(0 -0.00011418758 0)
(0 -0.00012610793 0)
(0 -0.00013921034 0)
(0 -0.00015353055 0)
(0 -0.00016907933 0)
(0 -0.00018583893 0)
(0 -0.00020376025 0)
(0 -0.0002227617 0)
(0 -0.00024272933 0)
(0 -0.00026351914 0)
(0 -0.00028495455 0)
(0 -4.6292153e-05 0)
(0 -5.0632133e-05 0)
(0 -5.5501718e-05 0)
(0 -6.0981133e-05 0)
(0 -6.7161348e-05 0)
(0 -7.4144146e-05 0)
(0 -8.2041553e-05 0)
(0 -9.0974779e-05 0)
(0 -0.00010107164 0)
(0 -0.00011246179 0)
(0 -0.00012526877 0)
(0 -0.00013959846 0)
(0 -0.00015552803 0)
(0 -0.00017309668 0)
(0 -0.00019230258 0)
(0 -0.0002130969 0)
(0 -0.00023538145 0)
(0 -0.00025900547 0)
(0 -0.00028376731 0)
(0 -0.00030941422 0)
(0 -4.2413755e-05 0)
(0 -4.6244716e-05 0)
(0 -5.0576427e-05 0)
(0 -5.5501599e-05 0)
(0 -6.1130376e-05 0)
(0 -6.7590809e-05 0)
(0 -7.5029216e-05 0)
(0 -8.3615477e-05 0)
(0 -9.3542529e-05 0)
(0 -0.00010502698 0)
(0 -0.00011829207 0)
(0 -0.00013353769 0)
(0 -0.00015091672 0)
(0 -0.00017051354 0)
(0 -0.00019235987 0)
(0 -0.00021641608 0)
(0 -0.00024258026 0)
(0 -0.00027065829 0)
(0 -0.00030036206 0)
(0 -0.00033131554 0)
(0 -3.6840568e-05 0)
(0 -3.9853694e-05 0)
(0 -4.3275917e-05 0)
(0 -4.7203399e-05 0)
(0 -5.1761928e-05 0)
(0 -5.7101583e-05 0)
(0 -6.3379188e-05 0)
(0 -7.0818355e-05 0)
(0 -7.96924e-05 0)
(0 -9.0377144e-05 0)
(0 -0.00010329769 0)
(0 -0.00011883992 0)
(0 -0.00013730418 0)
(0 -0.0001588137 0)
(0 -0.0001834657 0)
(0 -0.00021119444 0)
(0 -0.00024201308 0)
(0 -0.00027568634 0)
(0 -0.00031179058 0)
(0 -0.00034973596 0)
(0 -2.9928716e-05 0)
(0 -3.1824491e-05 0)
(0 -3.3949895e-05 0)
(0 -3.6369323e-05 0)
(0 -3.9235802e-05 0)
(0 -4.279095e-05 0)
(0 -4.6950928e-05 0)
(0 -5.2064165e-05 0)
(0 -5.8376031e-05 0)
(0 -6.6630562e-05 0)
(0 -7.7678718e-05 0)
(0 -9.2293041e-05 0)
(0 -0.00011117078 0)
(0 -0.00013425437 0)
(0 -0.00016199407 0)
(0 -0.00019337238 0)
(0 -0.00022981837 0)
(0 -0.00027076449 0)
(0 -0.00031558019 0)
(0 -0.00036327937 0)
(0 -2.2296717e-05 0)
(0 -2.2871292e-05 0)
(0 -2.3434381e-05 0)
(0 -2.3720643e-05 0)
(0 -2.383531e-05 0)
(0 -2.240964e-05 0)
(0 -2.3418193e-05 0)
(0 -2.4875182e-05 0)
(0 -2.6791402e-05 0)
(0 -2.9362868e-05 0)
(0 -3.4469609e-05 0)
(0 -4.2202575e-05 0)
(0 -5.4979355e-05 0)
(0 -7.1229317e-05 0)
(0 -9.4403876e-05 0)
(0 -0.00015410268 0)
(0 -0.00019911916 0)
(0 -0.00024988415 0)
(0 -0.00030732434 0)
(0 -0.00036971605 0)
(0 -1.7394109e-05 0)
(0 -1.9586535e-05 0)
(0 -2.1755327e-05 0)
(0 -2.3848382e-05 0)
(0 -2.5821388e-05 0)
(0 -2.7640825e-05 0)
(0 -2.928468e-05 0)
(0 -3.0741643e-05 0)
(0 -3.2009316e-05 0)
(0 -3.3091968e-05 0)
(0 -3.3998269e-05 0)
(0 -3.4739264e-05 0)
(0 -3.5326721e-05 0)
(0 -3.5771885e-05 0)
(0 -3.6084604e-05 0)
(0 -3.6272785e-05 0)
(0 -3.63421e-05 0)
(0 -3.6295919e-05 0)
(0 -3.6135428e-05 0)
(0 -3.5859913e-05 0)
(0 -3.5467216e-05 0)
(0 -3.4954363e-05 0)
(0 -3.4318348e-05 0)
(0 -3.3557051e-05 0)
(0 -3.2670224e-05 0)
(0 -3.1660442e-05 0)
(0 -3.0533876e-05 0)
(0 -2.930074e-05 0)
(0 -2.7975293e-05 0)
(0 -2.6575328e-05 0)
(0 -2.5121227e-05 0)
(0 -2.3634707e-05 0)
(0 -2.2137479e-05 0)
(0 -2.065001e-05 0)
(0 -1.9190556e-05 0)
(0 -1.7774527e-05 0)
(0 -1.6414188e-05 0)
(0 -1.5118658e-05 0)
(0 -1.389412e-05 0)
(0 -1.2744174e-05 0)
(0 -1.1670244e-05 0)
(0 -1.0672013e-05 0)
(0 -9.7478169e-06 0)
(0 -8.8950105e-06 0)
(0 -8.1102654e-06 0)
(0 -7.3898198e-06 0)
(0 -6.7296739e-06 0)
(0 -6.1257398e-06 0)
(0 -5.5739529e-06 0)
(0 -5.0703518e-06 0)
(0 -4.6111328e-06 0)
(0 -4.1926855e-06 0)
(0 -3.811613e-06 0)
(0 -3.4647422e-06 0)
(0 -3.1491249e-06 0)
(0 -2.8620342e-06 0)
(0 -2.600957e-06 0)
(0 -2.3635835e-06 0)
(0 -2.147796e-06 0)
(0 -1.951656e-06 0)
(0 -1.7733924e-06 0)
(0 -1.6113883e-06 0)
(0 -1.4641694e-06 0)
(0 -1.3303924e-06 0)
(0 -1.208834e-06 0)
(0 -1.0983811e-06 0)
(0 -9.9802072e-07 0)
(0 -9.0683181e-07 0)
(0 -8.2397681e-07 0)
(0 -7.4869437e-07 0)
(0 -6.8029247e-07 0)
(0 -6.181422e-07 0)
(0 -5.6167206e-07 0)
(0 -5.1036273e-07 0)
(0 -4.6374238e-07 0)
(0 -4.213823e-07 0)
(0 -3.8289297e-07 0)
(0 -3.4792052e-07 0)
(0 -3.1614343e-07 0)
(0 -2.872696e-07 0)
(0 -2.6103365e-07 0)
(0 -2.3719446e-07 0)
(0 -2.1553299e-07 0)
(0 -1.958502e-07 0)
(0 -1.7796528e-07 0)
(0 -1.6171394e-07 0)
(0 -1.4694692e-07 0)
(0 -1.335286e-07 0)
(0 -1.2133577e-07 0)
(0 -1.1025647e-07 0)
(0 -1.0018896e-07 0)
(0 -9.1040843e-08 0)
(0 -8.2728123e-08 0)
(0 -7.51745e-08 0)
(0 -6.831064e-08 0)
(0 -6.2073546e-08 0)
(0 -5.6405975e-08 0)
(0 -5.1255917e-08 0)
(0 -4.6576108e-08 0)
(0 -4.2323606e-08 0)
(0 -3.8459389e-08 0)
(0 -3.4947999e-08 0)
(0 -3.1757219e-08 0)
(0 -2.8857772e-08 0)
(0 -2.6223056e-08 0)
(0 -2.3828898e-08 0)
(0 -2.1653332e-08 0)
(0 -1.96764e-08 0)
(0 -1.7879965e-08 0)
(0 -1.6247545e-08 0)
(0 -1.4764167e-08 0)
(0 -1.341622e-08 0)
(0 -1.2191341e-08 0)
(0 -1.1078292e-08 0)
(0 -1.0066863e-08 0)
(0 -9.1477758e-09 0)
(0 -8.3125995e-09 0)
(0 -7.5536728e-09 0)
(0 -6.8640341e-09 0)
(0 -6.2373571e-09 0)
(0 -5.6678934e-09 0)
(0 -5.1504194e-09 0)
(0 -4.6801884e-09 0)
(0 -4.2528869e-09 0)
(0 -3.8645955e-09 0)
(0 -3.5117525e-09 0)
(0 -3.1911212e-09 0)
(0 -2.8997606e-09 0)
(0 -2.6349982e-09 0)
(0 -2.3944055e-09 0)
(0 -2.1757754e-09 0)
(0 -1.9771027e-09 0)
(0 -1.796565e-09 0)
(0 -1.6325062e-09 0)
(0 -1.4834216e-09 0)
(0 -1.3479436e-09 0)
(0 -1.2248296e-09 0)
(0 -1.1129504e-09 0)
(0 -1.0112796e-09 0)
(0 -9.1888471e-10 0)
(0 -8.3491828e-10 0)
(0 -7.5861009e-10 0)
(0 -6.8926022e-10 0)
(0 -6.2623255e-10 0)
(0 -5.6894896e-10 0)
(0 -5.1688402e-10 0)
(0 -4.6956016e-10 0)
(0 -4.2654332e-10 0)
(0 -3.8743891e-10 0)
(0 -3.5188827e-10 0)
(0 -3.1956529e-10 0)
(0 -2.901735e-10 0)
(0 -2.6344331e-10 0)
(0 -2.3912953e-10 0)
(0 -2.1700915e-10 0)
(0 -1.9687927e-10 0)
(0 -1.7855525e-10 0)
(0 -1.6186901e-10 0)
(0 -1.4666751e-10 0)
(0 -1.3281129e-10 0)
(0 -1.2017328e-10 0)
(0 -1.0863755e-10 0)
(0 -9.8098292e-11 0)
(0 -8.8458828e-11 0)
(0 -7.9630747e-11 0)
(0 -7.1533071e-11 0)
(0 -6.4091526e-11 0)
(0 -5.7237856e-11 0)
(0 -5.0909195e-11 0)
(0 -4.5047494e-11 0)
(0 -3.9598988e-11 0)
(0 -3.45137e-11 0)
(0 -2.9744985e-11 0)
(0 -2.5249105e-11 0)
(0 -2.0984819e-11 0)
(0 -1.6913015e-11 0)
(0 -1.2996344e-11 0)
(0 -9.1988805e-12 0)
(0 -5.4857932e-12 0)
(0 -1.8230239e-12 0)
(0 -5.2159993e-05 0)
(0 -5.8773116e-05 0)
(0 -6.5312865e-05 0)
(0 -7.1620186e-05 0)
(0 -7.7560514e-05 0)
(0 -8.303284e-05 0)
(0 -8.7971639e-05 0)
(0 -9.2344117e-05 0)
(0 -9.6144499e-05 0)
(0 -9.9387028e-05 0)
(0 -0.000102099 0)
(0 -0.00010431458 0)
(0 -0.00010606988 0)
(0 -0.00010739917 0)
(0 -0.00010833236 0)
(0 -0.00010889332 0)
(0 -0.00010909914 0)
(0 -0.00010895985 0)
(0 -0.00010847883 0)
(0 -0.00010765363 0)
(0 -0.00010647741 0)
(0 -0.00010494073 0)
(0 -0.000103034 0)
(0 -0.00010075024 0)
(0 -9.808811e-05 0)
(0 -9.5054834e-05 0)
(0 -9.1668645e-05 0)
(0 -8.7960192e-05 0)
(0 -8.3972562e-05 0)
(0 -7.9759742e-05 0)
(0 -7.5383668e-05 0)
(0 -7.0910342e-05 0)
(0 -6.6405675e-05 0)
(0 -6.1931691e-05 0)
(0 -5.7543562e-05 0)
(0 -5.3287701e-05 0)
(0 -4.9200908e-05 0)
(0 -4.5310407e-05 0)
(0 -4.1634528e-05 0)
(0 -3.8183803e-05 0)
(0 -3.4962238e-05 0)
(0 -3.1968621e-05 0)
(0 -2.9197738e-05 0)
(0 -2.6641456e-05 0)
(0 -2.4289633e-05 0)
(0 -2.213086e-05 0)
(0 -2.0153041e-05 0)
(0 -1.8343841e-05 0)
(0 -1.6691017e-05 0)
(0 -1.5182649e-05 0)
(0 -1.3807304e-05 0)
(0 -1.2554136e-05 0)
(0 -1.141295e-05 0)
(0 -1.0374224e-05 0)
(0 -9.4291174e-06 0)
(0 -8.5694539e-06 0)
(0 -7.7877005e-06 0)
(0 -7.0769356e-06 0)
(0 -6.4308134e-06 0)
(0 -5.8435273e-06 0)
(0 -5.3097711e-06 0)
(0 -4.8247023e-06 0)
(0 -4.3839053e-06 0)
(0 -3.9833571e-06 0)
(0 -3.6193946e-06 0)
(0 -3.288684e-06 0)
(0 -2.9881924e-06 0)
(0 -2.7151617e-06 0)
(0 -2.467084e-06 0)
(0 -2.2416796e-06 0)
(0 -2.0368764e-06 0)
(0 -1.8507913e-06 0)
(0 -1.6817132e-06 0)
(0 -1.5280873e-06 0)
(0 -1.3885006e-06 0)
(0 -1.2616696e-06 0)
(0 -1.1464281e-06 0)
(0 -1.0417165e-06 0)
(0 -9.4657221e-07 0)
(0 -8.6012057e-07 0)
(0 -7.8156702e-07 0)
(0 -7.1018966e-07 0)
(0 -6.453326e-07 0)
(0 -5.8639996e-07 0)
(0 -5.3285034e-07 0)
(0 -4.8419186e-07 0)
(0 -4.3997759e-07 0)
(0 -3.9980151e-07 0)
(0 -3.6329466e-07 0)
(0 -3.3012184e-07 0)
(0 -2.9997849e-07 0)
(0 -2.7258787e-07 0)
(0 -2.4769855e-07 0)
(0 -2.2508205e-07 0)
(0 -2.0453079e-07 0)
(0 -1.8585614e-07 0)
(0 -1.6888672e-07 0)
(0 -1.5346679e-07 0)
(0 -1.3945485e-07 0)
(0 -1.2672232e-07 0)
(0 -1.1515236e-07 0)
(0 -1.0463881e-07 0)
(0 -9.5085204e-08 0)
(0 -8.6403889e-08 0)
(0 -7.851521e-08 0)
(0 -7.1346793e-08 0)
(0 -6.4832871e-08 0)
(0 -5.8913682e-08 0)
(0 -5.3534923e-08 0)
(0 -4.864725e-08 0)
(0 -4.4205823e-08 0)
(0 -4.0169898e-08 0)
(0 -3.6502451e-08 0)
(0 -3.3169839e-08 0)
(0 -3.014149e-08 0)
(0 -2.7389625e-08 0)
(0 -2.4888999e-08 0)
(0 -2.2616674e-08 0)
(0 -2.0551807e-08 0)
(0 -1.8675455e-08 0)
(0 -1.6970407e-08 0)
(0 -1.5421023e-08 0)
(0 -1.401309e-08 0)
(0 -1.2733694e-08 0)
(0 -1.15711e-08 0)
(0 -1.0514642e-08 0)
(0 -9.5546302e-09 0)
(0 -8.682259e-09 0)
(0 -7.8895262e-09 0)
(0 -7.1691602e-09 0)
(0 -6.5145536e-09 0)
(0 -5.9197017e-09 0)
(0 -5.3791483e-09 0)
(0 -4.8879352e-09 0)
(0 -4.4415565e-09 0)
(0 -4.0359179e-09 0)
(0 -3.6672987e-09 0)
(0 -3.3323176e-09 0)
(0 -3.0279021e-09 0)
(0 -2.7512599e-09 0)
(0 -2.4998536e-09 0)
(0 -2.271377e-09 0)
(0 -2.0637344e-09 0)
(0 -1.8750214e-09 0)
(0 -1.7035069e-09 0)
(0 -1.5476178e-09 0)
(0 -1.405924e-09 0)
(0 -1.277126e-09 0)
(0 -1.1600423e-09 0)
(0 -1.0535991e-09 0)
(0 -9.5681991e-10 0)
(0 -8.6881709e-10 0)
(0 -7.8878343e-10 0)
(0 -7.1598482e-10 0)
(0 -6.4975354e-10 0)
(0 -5.8948206e-10 0)
(0 -5.3461757e-10 0)
(0 -4.8465681e-10 0)
(0 -4.3914153e-10 0)
(0 -3.9765423e-10 0)
(0 -3.5981439e-10 0)
(0 -3.2527492e-10 0)
(0 -2.93719e-10 0)
(0 -2.648572e-10 0)
(0 -2.3842478e-10 0)
(0 -2.1417929e-10 0)
(0 -1.9189834e-10 0)
(0 -1.7137756e-10 0)
(0 -1.5242873e-10 0)
(0 -1.3487804e-10 0)
(0 -1.185645e-10 0)
(0 -1.0333849e-10 0)
(0 -8.9060343e-11 0)
(0 -7.5599093e-11 0)
(0 -6.2831269e-11 0)
(0 -5.0639759e-11 0)
(0 -3.8912738e-11 0)
(0 -2.7542641e-11 0)
(0 -1.6425176e-11 0)
(0 -5.4583699e-12 0)
(0 -8.6858151e-05 0)
(0 -9.8001717e-05 0)
(0 -0.0001090143 0)
(0 -0.00011962139 0)
(0 -0.00012959327 0)
(0 -0.00013876021 0)
(0 -0.00014701494 0)
(0 -0.00015430681 0)
(0 -0.00016063108 0)
(0 -0.0001660164 0)
(0 -0.00017051258 0)
(0 -0.00017418007 0)
(0 -0.00017708164 0)
(0 -0.00017927624 0)
(0 -0.00018081484 0)
(0 -0.00018173785 0)
(0 -0.00018207385 0)
(0 -0.00018183932 0)
(0 -0.00018103928 0)
(0 -0.00017966871 0)
(0 -0.00017771487 0)
(0 -0.00017516037 0)
(0 -0.00017198728 0)
(0 -0.00016818183 0)
(0 -0.00016373973 0)
(0 -0.00015867135 0)
(0 -0.00015300607 0)
(0 -0.00014679496 0)
(0 -0.0001401109 0)
(0 -0.00013304595 0)
(0 -0.00012570604 0)
(0 -0.00011820412 0)
(0 -0.00011065268 0)
(0 -0.0001031572 0)
(0 -9.5810964e-05 0)
(0 -8.8691949e-05 0)
(0 -8.1861464e-05 0)
(0 -7.5364402e-05 0)
(0 -6.9230551e-05 0)
(0 -6.3476564e-05 0)
(0 -5.8108201e-05 0)
(0 -5.3122578e-05 0)
(0 -4.8510243e-05 0)
(0 -4.4256998e-05 0)
(0 -4.0345416e-05 0)
(0 -3.6756066e-05 0)
(0 -3.3468475e-05 0)
(0 -3.0461852e-05 0)
(0 -2.7715623e-05 0)
(0 -2.5209807e-05 0)
(0 -2.2925277e-05 0)
(0 -2.0843916e-05 0)
(0 -1.894871e-05 0)
(0 -1.7223789e-05 0)
(0 -1.5654426e-05 0)
(0 -1.4227011e-05 0)
(0 -1.2929011e-05 0)
(0 -1.1748916e-05 0)
(0 -1.0676176e-05 0)
(0 -9.7011392e-06 0)
(0 -8.8149899e-06 0)
(0 -8.0096824e-06 0)
(0 -7.277882e-06 0)
(0 -6.6129071e-06 0)
(0 -6.008674e-06 0)
(0 -5.4596467e-06 0)
(0 -4.9607892e-06 0)
(0 -4.5075217e-06 0)
(0 -4.0956803e-06 0)
(0 -3.72148e-06 0)
(0 -3.3814807e-06 0)
(0 -3.072556e-06 0)
(0 -2.7918651e-06 0)
(0 -2.5368266e-06 0)
(0 -2.3050951e-06 0)
(0 -2.0945396e-06 0)
(0 -1.9032241e-06 0)
(0 -1.7293895e-06 0)
(0 -1.5714377e-06 0)
(0 -1.4279168e-06 0)
(0 -1.2975076e-06 0)
(0 -1.1790119e-06 0)
(0 -1.0713406e-06 0)
(0 -9.7350458e-07 0)
(0 -8.8460508e-07 0)
(0 -8.0382547e-07 0)
(0 -7.3042384e-07 0)
(0 -6.6372609e-07 0)
(0 -6.0311976e-07 0)
(0 -5.4804836e-07 0)
(0 -4.9800627e-07 0)
(0 -4.5253408e-07 0)
(0 -4.1121436e-07 0)
(0 -3.7366785e-07 0)
(0 -3.395499e-07 0)
(0 -3.0854739e-07 0)
(0 -2.8037579e-07 0)
(0 -2.5477655e-07 0)
(0 -2.3151477e-07 0)
(0 -2.1037698e-07 0)
(0 -1.9116922e-07 0)
(0 -1.7371525e-07 0)
(0 -1.5785493e-07 0)
(0 -1.4344272e-07 0)
(0 -1.303464e-07 0)
(0 -1.1844581e-07 0)
(0 -1.0763178e-07 0)
(0 -9.7805089e-08 0)
(0 -8.8875587e-08 0)
(0 -8.0761357e-08 0)
(0 -7.3387958e-08 0)
(0 -6.668775e-08 0)
(0 -6.0599267e-08 0)
(0 -5.5066657e-08 0)
(0 -5.0039168e-08 0)
(0 -4.547068e-08 0)
(0 -4.1319285e-08 0)
(0 -3.7546903e-08 0)
(0 -3.4118929e-08 0)
(0 -3.1003918e-08 0)
(0 -2.8173295e-08 0)
(0 -2.5601097e-08 0)
(0 -2.3263729e-08 0)
(0 -2.1139749e-08 0)
(0 -1.9209676e-08 0)
(0 -1.7455806e-08 0)
(0 -1.5862049e-08 0)
(0 -1.4413789e-08 0)
(0 -1.3097739e-08 0)
(0 -1.1901829e-08 0)
(0 -1.0815089e-08 0)
(0 -9.8275497e-09 0)
(0 -8.930154e-09 0)
(0 -8.11467e-09 0)
(0 -7.3736177e-09 0)
(0 -6.7001998e-09 0)
(0 -6.0882393e-09 0)
(0 -5.5321229e-09 0)
(0 -5.0267498e-09 0)
(0 -4.5674842e-09 0)
(0 -4.1501138e-09 0)
(0 -3.77081e-09 0)
(0 -3.4260938e-09 0)
(0 -3.1128033e-09 0)
(0 -2.8280647e-09 0)
(0 -2.5692664e-09 0)
(0 -2.3340346e-09 0)
(0 -2.1202115e-09 0)
(0 -1.9258359e-09 0)
(0 -1.7491249e-09 0)
(0 -1.5884577e-09 0)
(0 -1.4423604e-09 0)
(0 -1.3094931e-09 0)
(0 -1.188637e-09 0)
(0 -1.0786836e-09 0)
(0 -9.7862439e-10 0)
(0 -8.8754149e-10 0)
(0 -8.045995e-10 0)
(0 -7.2903763e-10 0)
(0 -6.6016281e-10 0)
(0 -5.9734327e-10 0)
(0 -5.4000281e-10 0)
(0 -4.8761548e-10 0)
(0 -4.3970077e-10 0)
(0 -3.9581918e-10 0)
(0 -3.555682e-10 0)
(0 -3.1857864e-10 0)
(0 -2.8451122e-10 0)
(0 -2.5305346e-10 0)
(0 -2.239168e-10 0)
(0 -1.96834e-10 0)
(0 -1.7155665e-10 0)
(0 -1.4785289e-10 0)
(0 -1.2550529e-10 0)
(0 -1.0430888e-10 0)
(0 -8.406923e-11 0)
(0 -6.4600701e-11 0)
(0 -4.5724716e-11 0)
(0 -2.7268138e-11 0)
(0 -9.0616734e-12 0)
(0 -0.000121441 0)
(0 -0.00013730558 0)
(0 -0.00015296679 0)
(0 -0.00016801967 0)
(0 -0.00018213104 0)
(0 -0.00019506096 0)
(0 -0.0002066641 0)
(0 -0.00021687872 0)
(0 -0.00022570911 0)
(0 -0.00023320602 0)
(0 -0.00023944843 0)
(0 -0.00024452836 0)
(0 -0.00024853911 0)
(0 -0.00025156695 0)
(0 -0.00025368553 0)
(0 -0.00025495258 0)
(0 -0.00025540838 0)
(0 -0.00025507543 0)
(0 -0.00025395951 0)
(0 -0.00025205158 0)
(0 -0.00024933101 0)
(0 -0.00024576994 0)
(0 -0.00024133906 0)
(0 -0.00023601451 0)
(0 -0.00022978576 0)
(0 -0.00022266354 0)
(0 -0.00021468672 0)
(0 -0.00020592668 0)
(0 -0.00019648782 0)
(0 -0.00018650354 0)
(0 -0.0001761282 0)
(0 -0.00016552632 0)
(0 -0.00015486125 0)
(0 -0.0001442851 0)
(0 -0.00013393135 0)
(0 -0.00012391033 0)
(0 -0.00011430773 0)
(0 -0.00010518528 0)
(0 -9.6582986e-05 0)
(0 -8.8522187e-05 0)
(0 -8.1008971e-05 0)
(0 -7.4037461e-05 0)
(0 -6.7592814e-05 0)
(0 -6.1653796e-05 0)
(0 -5.6194914e-05 0)
(0 -5.1188109e-05 0)
(0 -4.6604065e-05 0)
(0 -4.2413194e-05 0)
(0 -3.8586352e-05 0)
(0 -3.5095335e-05 0)
(0 -3.1913218e-05 0)
(0 -2.9014552e-05 0)
(0 -2.6375486e-05 0)
(0 -2.3973796e-05 0)
(0 -2.1788886e-05 0)
(0 -1.9801741e-05 0)
(0 -1.7994863e-05 0)
(0 -1.6352189e-05 0)
(0 -1.4859007e-05 0)
(0 -1.3501863e-05 0)
(0 -1.226847e-05 0)
(0 -1.1147618e-05 0)
(0 -1.012909e-05 0)
(0 -9.2035822e-06 0)
(0 -8.3626216e-06 0)
(0 -7.5985008e-06 0)
(0 -6.9042084e-06 0)
(0 -6.2733689e-06 0)
(0 -5.7001862e-06 0)
(0 -5.1793918e-06 0)
(0 -4.7061972e-06 0)
(0 -4.276251e-06 0)
(0 -3.8855994e-06 0)
(0 -3.5306495e-06 0)
(0 -3.208137e-06 0)
(0 -2.9150961e-06 0)
(0 -2.6488323e-06 0)
(0 -2.4068974e-06 0)
(0 -2.1870674e-06 0)
(0 -1.9873214e-06 0)
(0 -1.8058237e-06 0)
(0 -1.6409064e-06 0)
(0 -1.491054e-06 0)
(0 -1.3548899e-06 0)
(0 -1.2311631e-06 0)
(0 -1.1187372e-06 0)
(0 -1.0165796e-06 0)
(0 -9.2375217e-07 0)
(0 -8.3940251e-07 0)
(0 -7.6275611e-07 0)
(0 -6.931093e-07 0)
(0 -6.2982269e-07 0)
(0 -5.7231534e-07 0)
(0 -5.2005936e-07 0)
(0 -4.7257514e-07 0)
(0 -4.2942686e-07 0)
(0 -3.9021854e-07 0)
(0 -3.5459034e-07 0)
(0 -3.2221533e-07 0)
(0 -2.9279642e-07 0)
(0 -2.6606366e-07 0)
(0 -2.4177177e-07 0)
(0 -2.1969785e-07 0)
(0 -1.9963938e-07 0)
(0 -1.8141232e-07 0)
(0 -1.6484944e-07 0)
(0 -1.4979879e-07 0)
(0 -1.3612229e-07 0)
(0 -1.2369448e-07 0)
(0 -1.1240133e-07 0)
(0 -1.0213925e-07 0)
(0 -9.2814097e-08 0)
(0 -8.4340324e-08 0)
(0 -7.6640199e-08 0)
(0 -6.9643085e-08 0)
(0 -6.3284795e-08 0)
(0 -5.7507004e-08 0)
(0 -5.2256711e-08 0)
(0 -4.7485755e-08 0)
(0 -4.3150372e-08 0)
(0 -3.9210793e-08 0)
(0 -3.5630881e-08 0)
(0 -3.2377798e-08 0)
(0 -2.9421704e-08 0)
(0 -2.6735483e-08 0)
(0 -2.4294496e-08 0)
(0 -2.2076352e-08 0)
(0 -2.0060704e-08 0)
(0 -1.8229063e-08 0)
(0 -1.6564629e-08 0)
(0 -1.5052135e-08 0)
(0 -1.3677706e-08 0)
(0 -1.2428736e-08 0)
(0 -1.1293769e-08 0)
(0 -1.0262393e-08 0)
(0 -9.325149e-09 0)
(0 -8.4734396e-09 0)
(0 -7.6994526e-09 0)
(0 -6.9960885e-09 0)
(0 -6.3568957e-09 0)
(0 -5.7760113e-09 0)
(0 -5.248107e-09 0)
(0 -4.7683407e-09 0)
(0 -4.3323118e-09 0)
(0 -3.9360207e-09 0)
(0 -3.5758326e-09 0)
(0 -3.2484435e-09 0)
(0 -2.9508506e-09 0)
(0 -2.6803241e-09 0)
(0 -2.4343828e-09 0)
(0 -2.2107706e-09 0)
(0 -2.0074366e-09 0)
(0 -1.8225156e-09 0)
(0 -1.6543115e-09 0)
(0 -1.5012815e-09 0)
(0 -1.3620218e-09 0)
(0 -1.2352552e-09 0)
(0 -1.1198189e-09 0)
(0 -1.014654e-09 0)
(0 -9.1879599e-10 0)
(0 -8.3136553e-10 0)
(0 -7.515607e-10 0)
(0 -6.7864949e-10 0)
(0 -6.1196314e-10 0)
(0 -5.5088998e-10 0)
(0 -4.948698e-10 0)
(0 -4.4338878e-10 0)
(0 -3.959747e-10 0)
(0 -3.5219267e-10 0)
(0 -3.116411e-10 0)
(0 -2.7394802e-10 0)
(0 -2.3876771e-10 0)
(0 -2.0577748e-10 0)
(0 -1.7467472e-10 0)
(0 -1.4517416e-10 0)
(0 -1.1700519e-10 0)
(0 -8.9909436e-11 0)
(0 -6.3638372e-11 0)
(0 -3.7951026e-11 0)
(0 -1.2611782e-11 0)
(0 -0.00015585735 0)
(0 -0.00017672688 0)
(0 -0.00019729604 0)
(0 -0.00021700649 0)
(0 -0.00023541002 0)
(0 -0.00025219565 0)
(0 -0.00026718688 0)
(0 -0.00028032213 0)
(0 -0.00029162705 0)
(0 -0.00030118604 0)
(0 -0.00030911689 0)
(0 -0.00031555056 0)
(0 -0.00032061623 0)
(0 -0.00032443094 0)
(0 -0.00032709314 0)
(0 -0.0003286789 0)
(0 -0.00032924028 0)
(0 -0.0003288053 0)
(0 -0.00032737916 0)
(0 -0.00032494683 0)
(0 -0.00032147701 0)
(0 -0.00031692777 0)
(0 -0.000311254 0)
(0 -0.00030441681 0)
(0 -0.00029639441 0)
(0 -0.00028719355 0)
(0 -0.00027685983 0)
(0 -0.0002654846 0)
(0 -0.00025320628 0)
(0 -0.00024020481 0)
(0 -0.00022668971 0)
(0 -0.00021288431 0)
(0 -0.00019900913 0)
(0 -0.00018526773 0)
(0 -0.00017183651 0)
(0 -0.00015885921 0)
(0 -0.00014644544 0)
(0 -0.00013467235 0)
(0 -0.0001235882 0)
(0 -0.00011321688 0)
(0 -0.00010356272 0)
(0 -9.4614921e-05 0)
(0 -8.635162e-05 0)
(0 -7.8743195e-05 0)
(0 -7.1755008e-05 0)
(0 -6.5349533e-05 0)
(0 -5.9487987e-05 0)
(0 -5.4131533e-05 0)
(0 -4.9242136e-05 0)
(0 -4.4783157e-05 0)
(0 -4.0719741e-05 0)
(0 -3.7019041e-05 0)
(0 -3.3650337e-05 0)
(0 -3.0585061e-05 0)
(0 -2.7796775e-05 0)
(0 -2.52611e-05 0)
(0 -2.2955623e-05 0)
(0 -2.0859787e-05 0)
(0 -1.8954775e-05 0)
(0 -1.7223387e-05 0)
(0 -1.5649923e-05 0)
(0 -1.4220065e-05 0)
(0 -1.2920767e-05 0)
(0 -1.1740147e-05 0)
(0 -1.0667392e-05 0)
(0 -9.6926646e-06 0)
(0 -8.8070177e-06 0)
(0 -8.0023159e-06 0)
(0 -7.2711638e-06 0)
(0 -6.6068396e-06 0)
(0 -6.0032346e-06 0)
(0 -5.4547976e-06 0)
(0 -4.9564846e-06 0)
(0 -4.5037124e-06 0)
(0 -4.0923171e-06 0)
(0 -3.7185153e-06 0)
(0 -3.37887e-06 0)
(0 -3.0702583e-06 0)
(0 -2.7898432e-06 0)
(0 -2.5350472e-06 0)
(0 -2.3035284e-06 0)
(0 -2.0931593e-06 0)
(0 -1.9020069e-06 0)
(0 -1.7283152e-06 0)
(0 -1.5704885e-06 0)
(0 -1.4270772e-06 0)
(0 -1.2967641e-06 0)
(0 -1.1783525e-06 0)
(0 -1.0707552e-06 0)
(0 -9.7298414e-07 0)
(0 -8.8414181e-07 0)
(0 -8.0341259e-07 0)
(0 -7.3005542e-07 0)
(0 -6.6339695e-07 0)
(0 -6.0282537e-07 0)
(0 -5.4778477e-07 0)
(0 -4.9777e-07 0)
(0 -4.523221e-07 0)
(0 -4.1102399e-07 0)
(0 -3.7349672e-07 0)
(0 -3.3939595e-07 0)
(0 -3.0840878e-07 0)
(0 -2.8025089e-07 0)
(0 -2.5466393e-07 0)
(0 -2.3141315e-07 0)
(0 -2.1028524e-07 0)
(0 -1.9108635e-07 0)
(0 -1.7364034e-07 0)
(0 -1.5778718e-07 0)
(0 -1.4338142e-07 0)
(0 -1.3029091e-07 0)
(0 -1.1839556e-07 0)
(0 -1.0758625e-07 0)
(0 -9.7763813e-08 0)
(0 -8.8838154e-08 0)
(0 -8.0727391e-08 0)
(0 -7.3357124e-08 0)
(0 -6.6659744e-08 0)
(0 -6.0573815e-08 0)
(0 -5.5043511e-08 0)
(0 -5.0018103e-08 0)
(0 -4.5451494e-08 0)
(0 -4.1301794e-08 0)
(0 -3.753094e-08 0)
(0 -3.4104341e-08 0)
(0 -3.0990567e-08 0)
(0 -2.8161056e-08 0)
(0 -2.5589854e-08 0)
(0 -2.3253375e-08 0)
(0 -2.1130188e-08 0)
(0 -1.9200819e-08 0)
(0 -1.7447569e-08 0)
(0 -1.5854357e-08 0)
(0 -1.4406568e-08 0)
(0 -1.3090924e-08 0)
(0 -1.1895356e-08 0)
(0 -1.0808898e-08 0)
(0 -9.8215836e-09 0)
(0 -8.9243576e-09 0)
(0 -8.1089899e-09 0)
(0 -7.3680015e-09 0)
(0 -6.6945957e-09 0)
(0 -6.0825958e-09 0)
(0 -5.5263881e-09 0)
(0 -5.0208709e-09 0)
(0 -4.5614073e-09 0)
(0 -4.1437829e-09 0)
(0 -3.7641671e-09 0)
(0 -3.4190779e-09 0)
(0 -3.1053499e-09 0)
(0 -2.8201055e-09 0)
(0 -2.5607284e-09 0)
(0 -2.3248393e-09 0)
(0 -2.1102746e-09 0)
(0 -1.9150663e-09 0)
(0 -1.7374238e-09 0)
(0 -1.5757176e-09 0)
(0 -1.4284646e-09 0)
(0 -1.2943141e-09 0)
(0 -1.1720355e-09 0)
(0 -1.0605074e-09 0)
(0 -9.5870666e-10 0)
(0 -8.6569959e-10 0)
(0 -7.8063308e-10 0)
(0 -7.0272686e-10 0)
(0 -6.3126635e-10 0)
(0 -5.6559607e-10 0)
(0 -5.0511368e-10 0)
(0 -4.4926439e-10 0)
(0 -3.9753595e-10 0)
(0 -3.4945387e-10 0)
(0 -3.0457713e-10 0)
(0 -2.6249409e-10 0)
(0 -2.2281876e-10 0)
(0 -1.8518721e-10 0)
(0 -1.4925428e-10 0)
(0 -1.1469037e-10 0)
(0 -8.1178449e-11 0)
(0 -4.8411128e-11 0)
(0 -1.6087855e-11 0)
(0 -0.00019005107 0)
(0 -0.00021632264 0)
(0 -0.00024215723 0)
(0 -0.00026681029 0)
(0 -0.00028970405 0)
(0 -0.00031045811 0)
(0 -0.00032887737 0)
(0 -0.00034491783 0)
(0 -0.00035864463 0)
(0 -0.00037019181 0)
(0 -0.0003797288 0)
(0 -0.00038743499 0)
(0 -0.00039348189 0)
(0 -0.00039802152 0)
(0 -0.00040117945 0)
(0 -0.00040305112 0)
(0 -0.00040370045 0)
(0 -0.00040316012 0)
(0 -0.0004014332 0)
(0 -0.00039849615 0)
(0 -0.00039430344 0)
(0 -0.00038879432 0)
(0 -0.00038190201 0)
(0 -0.00037356569 0)
(0 -0.00036374508 0)
(0 -0.00035243643 0)
(0 -0.0003396877 0)
(0 -0.0003256094 0)
(0 -0.0003103775 0)
(0 -0.00029422593 0)
(0 -0.00027742949 0)
(0 -0.00026028074 0)
(0 -0.00024306643 0)
(0 -0.00022604796 0)
(0 -0.00020944821 0)
(0 -0.00019344521 0)
(0 -0.00017817148 0)
(0 -0.00016371731 0)
(0 -0.00015013635 0)
(0 -0.00013745201 0)
(0 -0.00012566396 0)
(0 -0.00011475401 0)
(0 -0.0001046911 0)
(0 -9.5435503e-05 0)
(0 -8.6942069e-05 0)
(0 -7.9162776e-05 0)
(0 -7.2048608e-05 0)
(0 -6.5550927e-05 0)
(0 -5.9622432e-05 0)
(0 -5.4217806e-05 0)
(0 -4.9294117e-05 0)
(0 -4.4811048e-05 0)
(0 -4.0730989e-05 0)
(0 -3.701905e-05 0)
(0 -3.3642991e-05 0)
(0 -3.0573131e-05 0)
(0 -2.7782211e-05 0)
(0 -2.5245257e-05 0)
(0 -2.2939422e-05 0)
(0 -2.0843839e-05 0)
(0 -1.8939468e-05 0)
(0 -1.7208955e-05 0)
(0 -1.5636489e-05 0)
(0 -1.4207677e-05 0)
(0 -1.2909424e-05 0)
(0 -1.1729817e-05 0)
(0 -1.0658022e-05 0)
(0 -9.6841909e-06 0)
(0 -8.7993714e-06 0)
(0 -7.9954272e-06 0)
(0 -7.2649646e-06 0)
(0 -6.6012649e-06 0)
(0 -5.9982236e-06 0)
(0 -5.4502942e-06 0)
(0 -4.9524372e-06 0)
(0 -4.5000744e-06 0)
(0 -4.0890461e-06 0)
(0 -3.7155734e-06 0)
(0 -3.3762229e-06 0)
(0 -3.0678755e-06 0)
(0 -2.7876972e-06 0)
(0 -2.5331135e-06 0)
(0 -2.3017851e-06 0)
(0 -2.091587e-06 0)
(0 -1.9005881e-06 0)
(0 -1.7270343e-06 0)
(0 -1.5693315e-06 0)
(0 -1.4260317e-06 0)
(0 -1.295819e-06 0)
(0 -1.1774978e-06 0)
(0 -1.0699819e-06 0)
(0 -9.7228438e-07 0)
(0 -8.8350833e-07 0)
(0 -8.0283893e-07 0)
(0 -7.2953579e-07 0)
(0 -6.6292613e-07 0)
(0 -6.0239868e-07 0)
(0 -5.4739798e-07 0)
(0 -4.9741931e-07 0)
(0 -4.5200407e-07 0)
(0 -4.1073553e-07 0)
(0 -3.7323505e-07 0)
(0 -3.3915853e-07 0)
(0 -3.0819334e-07 0)
(0 -2.8005536e-07 0)
(0 -2.5448646e-07 0)
(0 -2.3125205e-07 0)
(0 -2.1013898e-07 0)
(0 -1.9095355e-07 0)
(0 -1.7351975e-07 0)
(0 -1.5767767e-07 0)
(0 -1.4328196e-07 0)
(0 -1.3020057e-07 0)
(0 -1.1831349e-07 0)
(0 -1.0751169e-07 0)
(0 -9.7696071e-08 0)
(0 -8.8776596e-08 0)
(0 -8.0671447e-08 0)
(0 -7.3306274e-08 0)
(0 -6.6613517e-08 0)
(0 -6.0531782e-08 0)
(0 -5.5005285e-08 0)
(0 -4.998333e-08 0)
(0 -4.5419852e-08 0)
(0 -4.1272991e-08 0)
(0 -3.750471e-08 0)
(0 -3.4080443e-08 0)
(0 -3.096878e-08 0)
(0 -2.814118e-08 0)
(0 -2.5571705e-08 0)
(0 -2.3236786e-08 0)
(0 -2.1115007e-08 0)
(0 -1.9186906e-08 0)
(0 -1.7434796e-08 0)
(0 -1.5842606e-08 0)
(0 -1.4395733e-08 0)
(0 -1.3080903e-08 0)
(0 -1.1886058e-08 0)
(0 -1.0800237e-08 0)
(0 -9.8134813e-09 0)
(0 -8.9167388e-09 0)
(0 -8.1017847e-09 0)
(0 -7.3611438e-09 0)
(0 -6.6880225e-09 0)
(0 -6.0762467e-09 0)
(0 -5.5202049e-09 0)
(0 -5.0147969e-09 0)
(0 -4.5553867e-09 0)
(0 -4.1377605e-09 0)
(0 -3.7580876e-09 0)
(0 -3.4128855e-09 0)
(0 -3.0989878e-09 0)
(0 -2.8135154e-09 0)
(0 -2.5538497e-09 0)
(0 -2.317609e-09 0)
(0 -2.1026264e-09 0)
(0 -1.90693e-09 0)
(0 -1.7287247e-09 0)
(0 -1.566376e-09 0)
(0 -1.4183948e-09 0)
(0 -1.2834237e-09 0)
(0 -1.1602247e-09 0)
(0 -1.0476677e-09 0)
(0 -9.4472043e-10 0)
(0 -8.504385e-10 0)
(0 -7.6395714e-10 0)
(0 -6.8448312e-10 0)
(0 -6.1128746e-10 0)
(0 -5.4369878e-10 0)
(0 -4.8109713e-10 0)
(0 -4.229083e-10 0)
(0 -3.6859857e-10 0)
(0 -3.1766977e-10 0)
(0 -2.6965477e-10 0)
(0 -2.2411316e-10 0)
(0 -1.806272e-10 0)
(0 -1.3879803e-10 0)
(0 -9.824198e-11 0)
(0 -5.8587041e-11 0)
(0 -1.9469486e-11 0)
(0 -0.00022396016 0)
(0 -0.00025617393 0)
(0 -0.00028775062 0)
(0 -0.00031771395 0)
(0 -0.00034534043 0)
(0 -0.00037018795 0)
(0 -0.0003920644 0)
(0 -0.00041097002 0)
(0 -0.00042703487 0)
(0 -0.00044046391 0)
(0 -0.00045149428 0)
(0 -0.00046036509 0)
(0 -0.00046729756 0)
(0 -0.00047248307 0)
(0 -0.00047607664 0)
(0 -0.00047819395 0)
(0 -0.00047891064 0)
(0 -0.00047826303 0)
(0 -0.00047625014 0)
(0 -0.00047283697 0)
(0 -0.00046795956 0)
(0 -0.00046153251 0)
(0 -0.00045345978 0)
(0 -0.00044364943 0)
(0 -0.00043203258 0)
(0 -0.0004185854 0)
(0 -0.00040335132 0)
(0 -0.00038645821 0)
(0 -0.00036812427 0)
(0 -0.00034864837 0)
(0 -0.00032838509 0)
(0 -0.0003077112 0)
(0 -0.00028699209 0)
(0 -0.00026655533 0)
(0 -0.00024667428 0)
(0 -0.00022756172 0)
(0 -0.00020937098 0)
(0 -0.00019220199 0)
(0 -0.00017610963 0)
(0 -0.00016111277 0)
(0 -0.00014720273 0)
(0 -0.00013435064 0)
(0 -0.00012251367 0)
(0 -0.00011163986 0)
(0 -0.00010167197 0)
(0 -9.2550263e-05 0)
(0 -8.4214626e-05 0)
(0 -7.6606006e-05 0)
(0 -6.9667428e-05 0)
(0 -6.3344639e-05 0)
(0 -5.7586486e-05 0)
(0 -5.234512e-05 0)
(0 -4.7576042e-05 0)
(0 -4.3238072e-05 0)
(0 -3.9293239e-05 0)
(0 -3.5706639e-05 0)
(0 -3.2446262e-05 0)
(0 -2.948281e-05 0)
(0 -2.6789508e-05 0)
(0 -2.4341915e-05 0)
(0 -2.2117745e-05 0)
(0 -2.0096694e-05 0)
(0 -1.8260271e-05 0)
(0 -1.6591651e-05 0)
(0 -1.5075524e-05 0)
(0 -1.3697969e-05 0)
(0 -1.244633e-05 0)
(0 -1.1309099e-05 0)
(0 -1.0275819e-05 0)
(0 -9.3369866e-06 0)
(0 -8.4839662e-06 0)
(0 -7.7089108e-06 0)
(0 -7.0046911e-06 0)
(0 -6.3648295e-06 0)
(0 -5.7834411e-06 0)
(0 -5.2551793e-06 0)
(0 -4.7751867e-06 0)
(0 -4.3390502e-06 0)
(0 -3.9427606e-06 0)
(0 -3.5826755e-06 0)
(0 -3.2554855e-06 0)
(0 -2.9581842e-06 0)
(0 -2.68804e-06 0)
(0 -2.4425711e-06 0)
(0 -2.2195229e-06 0)
(0 -2.0168467e-06 0)
(0 -1.8326811e-06 0)
(0 -1.6653352e-06 0)
(0 -1.5132722e-06 0)
(0 -1.3750961e-06 0)
(0 -1.2495383e-06 0)
(0 -1.1354464e-06 0)
(0 -1.031773e-06 0)
(0 -9.3756651e-07 0)
(0 -8.5196236e-07 0)
(0 -7.7417489e-07 0)
(0 -7.0349024e-07 0)
(0 -6.3925976e-07 0)
(0 -5.8089404e-07 0)
(0 -5.2785752e-07 0)
(0 -4.7966357e-07 0)
(0 -4.3586997e-07 0)
(0 -3.9607493e-07 0)
(0 -3.5991332e-07 0)
(0 -3.2705337e-07 0)
(0 -2.9719361e-07 0)
(0 -2.700601e-07 0)
(0 -2.4540392e-07 0)
(0 -2.2299886e-07 0)
(0 -2.0263939e-07 0)
(0 -1.8413875e-07 0)
(0 -1.673272e-07 0)
(0 -1.5205053e-07 0)
(0 -1.381686e-07 0)
(0 -1.2555407e-07 0)
(0 -1.1409122e-07 0)
(0 -1.036749e-07 0)
(0 -9.4209566e-08 0)
(0 -8.5608388e-08 0)
(0 -7.7792467e-08 0)
(0 -7.0690111e-08 0)
(0 -6.4236168e-08 0)
(0 -5.837144e-08 0)
(0 -5.3042128e-08 0)
(0 -4.819935e-08 0)
(0 -4.3798684e-08 0)
(0 -3.9799763e-08 0)
(0 -3.6165907e-08 0)
(0 -3.2863784e-08 0)
(0 -2.9863105e-08 0)
(0 -2.7136345e-08 0)
(0 -2.4658493e-08 0)
(0 -2.2406821e-08 0)
(0 -2.0360675e-08 0)
(0 -1.8501287e-08 0)
(0 -1.6811601e-08 0)
(0 -1.5276119e-08 0)
(0 -1.3880757e-08 0)
(0 -1.2612716e-08 0)
(0 -1.1460364e-08 0)
(0 -1.0413132e-08 0)
(0 -9.4614133e-09 0)
(0 -8.5964792e-09 0)
(0 -7.8103958e-09 0)
(0 -7.0959528e-09 0)
(0 -6.446597e-09 0)
(0 -5.8563722e-09 0)
(0 -5.3198645e-09 0)
(0 -4.8321529e-09 0)
(0 -4.3887639e-09 0)
(0 -3.9856306e-09 0)
(0 -3.6190551e-09 0)
(0 -3.2856751e-09 0)
(0 -2.9824327e-09 0)
(0 -2.7065465e-09 0)
(0 -2.4554859e-09 0)
(0 -2.226948e-09 0)
(0 -2.0188366e-09 0)
(0 -1.8292428e-09 0)
(0 -1.6564276e-09 0)
(0 -1.4988059e-09 0)
(0 -1.3549318e-09 0)
(0 -1.2234857e-09 0)
(0 -1.1032619e-09 0)
(0 -9.9315777e-10 0)
(0 -8.9216325e-10 0)
(0 -7.9935201e-10 0)
(0 -7.1387277e-10 0)
(0 -6.3494146e-10 0)
(0 -5.618341e-10 0)
(0 -4.9388012e-10 0)
(0 -4.3045621e-10 0)
(0 -3.7098062e-10 0)
(0 -3.1490782e-10 0)
(0 -2.6172348e-10 0)
(0 -2.1093978e-10 0)
(0 -1.6209091e-10 0)
(0 -1.147288e-10 0)
(0 -6.8419027e-11 0)
(0 -2.2736825e-11 0)
(0 -0.00025751659 0)
(0 -0.00029640044 0)
(0 -0.00033434424 0)
(0 -0.00037007864 0)
(0 -0.0004027202 0)
(0 -0.00043178494 0)
(0 -0.00045712032 0)
(0 -0.00047881037 0)
(0 -0.00049708494 0)
(0 -0.00051224692 0)
(0 -0.00052462036 0)
(0 -0.0005345166 0)
(0 -0.00054221417 0)
(0 -0.00054794796 0)
(0 -0.00055190433 0)
(0 -0.00055421967 0)
(0 -0.00055498082 0)
(0 -0.00055422653 0)
(0 -0.00055194969 0)
(0 -0.00054810064 0)
(0 -0.00054259224 0)
(0 -0.00053530764 0)
(0 -0.00052611218 0)
(0 -0.00051487086 0)
(0 -0.00050147227 0)
(0 -0.0004858585 0)
(0 -0.00046805761 0)
(0 -0.00044821103 0)
(0 -0.00042658544 0)
(0 -0.00040356032 0)
(0 -0.00037959136 0)
(0 -0.00035516074 0)
(0 -0.00033072929 0)
(0 -0.00030670108 0)
(0 -0.00028340406 0)
(0 -0.00026108499 0)
(0 -0.0002399142 0)
(0 -0.00021999591 0)
(0 -0.00020138059 0)
(0 -0.00018407715 0)
(0 -0.00016806381 0)
(0 -0.0001532972 0)
(0 -0.00013971952 0)
(0 -0.00012726424 0)
(0 -0.00011586018 0)
(0 -0.00010543458 0)
(0 -9.5915293e-05 0)
(0 -8.7232218e-05 0)
(0 -7.9318295e-05 0)
(0 -7.2110086e-05 0)
(0 -6.5548101e-05 0)
(0 -5.9576919e-05 0)
(0 -5.4145181e-05 0)
(0 -4.9205483e-05 0)
(0 -4.4714215e-05 0)
(0 -4.0631362e-05 0)
(0 -3.6920279e-05 0)
(0 -3.3547467e-05 0)
(0 -3.0482339e-05 0)
(0 -2.7696999e-05 0)
(0 -2.5166026e-05 0)
(0 -2.286627e-05 0)
(0 -2.0776661e-05 0)
(0 -1.8878028e-05 0)
(0 -1.7152937e-05 0)
(0 -1.5585536e-05 0)
(0 -1.4161416e-05 0)
(0 -1.2867478e-05 0)
(0 -1.169182e-05 0)
(0 -1.0623626e-05 0)
(0 -9.6530702e-06 0)
(0 -8.7712219e-06 0)
(0 -7.9699693e-06 0)
(0 -7.241942e-06 0)
(0 -6.580444e-06 0)
(0 -5.979392e-06 0)
(0 -5.4332594e-06 0)
(0 -4.9370251e-06 0)
(0 -4.4861276e-06 0)
(0 -4.0764226e-06 0)
(0 -3.7041451e-06 0)
(0 -3.3658744e-06 0)
(0 -3.0585026e-06 0)
(0 -2.7792061e-06 0)
(0 -2.5254196e-06 0)
(0 -2.2948122e-06 0)
(0 -2.0852662e-06 0)
(0 -1.8948575e-06 0)
(0 -1.7218378e-06 0)
(0 -1.5646186e-06 0)
(0 -1.4217566e-06 0)
(0 -1.2919406e-06 0)
(0 -1.1739788e-06 0)
(0 -1.0667886e-06 0)
(0 -9.6938626e-07 0)
(0 -8.8087785e-07 0)
(0 -8.0045113e-07 0)
(0 -7.2736808e-07 0)
(0 -6.6095808e-07 0)
(0 -6.0061174e-07 0)
(0 -5.4577537e-07 0)
(0 -4.9594583e-07 0)
(0 -4.5066593e-07 0)
(0 -4.0952023e-07 0)
(0 -3.7213125e-07 0)
(0 -3.3815596e-07 0)
(0 -3.0728266e-07 0)
(0 -2.7922814e-07 0)
(0 -2.53735e-07 0)
(0 -2.3056939e-07 0)
(0 -2.095188e-07 0)
(0 -1.9039011e-07 0)
(0 -1.7300785e-07 0)
(0 -1.5721257e-07 0)
(0 -1.4285937e-07 0)
(0 -1.2981658e-07 0)
(0 -1.1796458e-07 0)
(0 -1.0719462e-07 0)
(0 -9.7407936e-08 0)
(0 -8.8514738e-08 0)
(0 -8.0433454e-08 0)
(0 -7.3089956e-08 0)
(0 -6.6416883e-08 0)
(0 -6.0353024e-08 0)
(0 -5.4842758e-08 0)
(0 -4.9835541e-08 0)
(0 -4.5285442e-08 0)
(0 -4.1150725e-08 0)
(0 -3.7393465e-08 0)
(0 -3.3979196e-08 0)
(0 -3.0876602e-08 0)
(0 -2.8057223e-08 0)
(0 -2.5495198e-08 0)
(0 -2.3167028e-08 0)
(0 -2.1051357e-08 0)
(0 -1.9128779e-08 0)
(0 -1.7381659e-08 0)
(0 -1.5793971e-08 0)
(0 -1.4351153e-08 0)
(0 -1.303997e-08 0)
(0 -1.1848396e-08 0)
(0 -1.07655e-08 0)
(0 -9.7813502e-09 0)
(0 -8.8869193e-09 0)
(0 -8.0740031e-09 0)
(0 -7.3351452e-09 0)
(0 -6.6635685e-09 0)
(0 -6.0531128e-09 0)
(0 -5.4981789e-09 0)
(0 -4.9936767e-09 0)
(0 -4.5349786e-09 0)
(0 -4.1178772e-09 0)
(0 -3.7385468e-09 0)
(0 -3.3935079e-09 0)
(0 -3.0795957e-09 0)
(0 -2.7939308e-09 0)
(0 -2.533893e-09 0)
(0 -2.2970972e-09 0)
(0 -2.0813713e-09 0)
(0 -1.8847366e-09 0)
(0 -1.7053895e-09 0)
(0 -1.541685e-09 0)
(0 -1.3921214e-09 0)
(0 -1.2553269e-09 0)
(0 -1.1300469e-09 0)
(0 -1.015132e-09 0)
(0 -9.0952844e-10 0)
(0 -8.122674e-10 0)
(0 -7.2245682e-10 0)
(0 -6.3927292e-10 0)
(0 -5.6195269e-10 0)
(0 -4.8978692e-10 0)
(0 -4.2211368e-10 0)
(0 -3.5831225e-10 0)
(0 -2.977974e-10 0)
(0 -2.4001407e-10 0)
(0 -1.8443225e-10 0)
(0 -1.3054212e-10 0)
(0 -7.784937e-11 0)
(0 -2.5870691e-11 0)
(0 -0.00029064823 0)
(0 -0.00033718459 0)
(0 -0.00038230829 0)
(0 -0.00042437717 0)
(0 -0.00046234385 0)
(0 -0.00049572553 0)
(0 -0.00052446928 0)
(0 -0.0005488005 0)
(0 -0.0005690949 0)
(0 -0.00058578626 0)
(0 -0.00059930694 0)
(0 -0.00061005337 0)
(0 -0.00061836819 0)
(0 -0.00062453292 0)
(0 -0.00062876621 0)
(0 -0.00063122488 0)
(0 -0.00063200609 0)
(0 -0.00063114958 0)
(0 -0.00062864004 0)
(0 -0.00062440997 0)
(0 -0.00061834409 0)
(0 -0.00061028659 0)
(0 -0.00060005321 0)
(0 -0.0005874507 0)
(0 -0.00057230622 0)
(0 -0.0005545073 0)
(0 -0.0005340493 0)
(0 -0.00051107975 0)
(0 -0.00048592165 0)
(0 -0.00045905835 0)
(0 -0.00043107807 0)
(0 -0.00040259873 0)
(0 -0.000374199 0)
(0 -0.00034637172 0)
(0 -0.00031950267 0)
(0 -0.00029386952 0)
(0 -0.00026965306 0)
(0 -0.00024695398 0)
(0 -0.00022581058 0)
(0 -0.00020621491 0)
(0 -0.00018812635 0)
(0 -0.00017148238 0)
(0 -0.00015620675 0)
(0 -0.00014221564 0)
(0 -0.00012942203 0)
(0 -0.00011773877 0)
(0 -0.00010708072 0)
(0 -9.7366132e-05 0)
(0 -8.8517476e-05 0)
(0 -8.0461932e-05 0)
(0 -7.3131589e-05 0)
(0 -6.6463467e-05 0)
(0 -6.0399408e-05 0)
(0 -5.4885894e-05 0)
(0 -4.9873804e-05 0)
(0 -4.5318151e-05 0)
(0 -4.1177803e-05 0)
(0 -3.7415205e-05 0)
(0 -3.3996105e-05 0)
(0 -3.0889288e-05 0)
(0 -2.8066328e-05 0)
(0 -2.5501353e-05 0)
(0 -2.3170825e-05 0)
(0 -2.1053338e-05 0)
(0 -1.9129429e-05 0)
(0 -1.7381404e-05 0)
(0 -1.5793185e-05 0)
(0 -1.4350157e-05 0)
(0 -1.3039043e-05 0)
(0 -1.1847779e-05 0)
(0 -1.0765401e-05 0)
(0 -9.7819519e-06 0)
(0 -8.8883834e-06 0)
(0 -8.0764758e-06 0)
(0 -7.3387615e-06 0)
(0 -6.6684563e-06 0)
(0 -6.0593971e-06 0)
(0 -5.5059843e-06 0)
(0 -5.0031312e-06 0)
(0 -4.5462161e-06 0)
(0 -4.1310404e-06 0)
(0 -3.7537892e-06 0)
(0 -3.410997e-06 0)
(0 -3.0995148e-06 0)
(0 -2.8164817e-06 0)
(0 -2.5592985e-06 0)
(0 -2.3256035e-06 0)
(0 -2.1132509e-06 0)
(0 -1.920291e-06 0)
(0 -1.7449524e-06 0)
(0 -1.5856256e-06 0)
(0 -1.440848e-06 0)
(0 -1.3092908e-06 0)
(0 -1.1897465e-06 0)
(0 -1.081118e-06 0)
(0 -9.8240851e-07 0)
(0 -8.9271208e-07 0)
(0 -8.1120567e-07 0)
(0 -7.3714136e-07 0)
(0 -6.6983958e-07 0)
(0 -6.0868281e-07 0)
(0 -5.5310992e-07 0)
(0 -5.0261103e-07 0)
(0 -4.5672285e-07 0)
(0 -4.1502437e-07 0)
(0 -3.7713303e-07 0)
(0 -3.4270122e-07 0)
(0 -3.1141306e-07 0)
(0 -2.8298152e-07 0)
(0 -2.5714578e-07 0)
(0 -2.3366883e-07 0)
(0 -2.1233531e-07 0)
(0 -1.9294951e-07 0)
(0 -1.7533361e-07 0)
(0 -1.59326e-07 0)
(0 -1.4477986e-07 0)
(0 -1.3156174e-07 0)
(0 -1.195504e-07 0)
(0 -1.0863565e-07 0)
(0 -9.8717383e-08 0)
(0 -8.9704614e-08 0)
(0 -8.1514671e-08 0)
(0 -7.4072428e-08 0)
(0 -6.7309621e-08 0)
(0 -6.1164215e-08 0)
(0 -5.5579842e-08 0)
(0 -5.0505276e-08 0)
(0 -4.5893972e-08 0)
(0 -4.170363e-08 0)
(0 -3.7895816e-08 0)
(0 -3.4435601e-08 0)
(0 -3.1291246e-08 0)
(0 -2.843391e-08 0)
(0 -2.5837383e-08 0)
(0 -2.3477848e-08 0)
(0 -2.1333664e-08 0)
(0 -1.9385161e-08 0)
(0 -1.7614468e-08 0)
(0 -1.6005343e-08 0)
(0 -1.4543027e-08 0)
(0 -1.3214105e-08 0)
(0 -1.2006389e-08 0)
(0 -1.0908801e-08 0)
(0 -9.9112734e-09 0)
(0 -9.0046562e-09 0)
(0 -8.1806336e-09 0)
(0 -7.4316473e-09 0)
(0 -6.7508272e-09 0)
(0 -6.1319287e-09 0)
(0 -5.5692748e-09 0)
(0 -5.0577047e-09 0)
(0 -4.592526e-09 0)
(0 -4.1694719e-09 0)
(0 -3.7846619e-09 0)
(0 -3.4345665e-09 0)
(0 -3.1159744e-09 0)
(0 -2.8259632e-09 0)
(0 -2.5618731e-09 0)
(0 -2.3212814e-09 0)
(0 -2.1019816e-09 0)
(0 -1.9019619e-09 0)
(0 -1.7193879e-09 0)
(0 -1.5525848e-09 0)
(0 -1.4000227e-09 0)
(0 -1.2603022e-09 0)
(0 -1.1321417e-09 0)
(0 -1.0143656e-09 0)
(0 -9.0589375e-10 0)
(0 -8.0573111e-10 0)
(0 -7.1295898e-10 0)
(0 -6.267264e-10 0)
(0 -5.4624242e-10 0)
(0 -4.7076879e-10 0)
(0 -3.9961326e-10 0)
(0 -3.3212314e-10 0)
(0 -2.6767939e-10 0)
(0 -2.0569091e-10 0)
(0 -1.4558911e-10 0)
(0 -8.6822711e-11 0)
(0 -2.8852687e-11 0)
(0 -0.00032328547 0)
(0 -0.00037881254 0)
(0 -0.00043216825 0)
(0 -0.00048124094 0)
(0 -0.00052484388 0)
(0 -0.00056258052 0)
(0 -0.00059459369 0)
(0 -0.00062133125 0)
(0 -0.00064337335 0)
(0 -0.00066132237 0)
(0 -0.00067574098 0)
(0 -0.00068712193 0)
(0 -0.0006958768 0)
(0 -0.00070233481 0)
(0 -0.00070674624 0)
(0 -0.00070928707 0)
(0 -0.00071006331 0)
(0 -0.00070911423 0)
(0 -0.00070641448 0)
(0 -0.00070187595 0)
(0 -0.00069535064 0)
(0 -0.00068663614 0)
(0 -0.00067548625 0)
(0 -0.00066163095 0)
(0 -0.00064481066 0)
(0 -0.0006248284 0)
(0 -0.0006016188 0)
(0 -0.00057532079 0)
(0 -0.00054632337 0)
(0 -0.00051524887 0)
(0 -0.00048286566 0)
(0 -0.00044997106 0)
(0 -0.00041729107 0)
(0 -0.00038542068 0)
(0 -0.00035480416 0)
(0 -0.00032574296 0)
(0 -0.00029841769 0)
(0 -0.00027291425 0)
(0 -0.00024924851 0)
(0 -0.00022738707 0)
(0 -0.00020726365 0)
(0 -0.00018879133 0)
(0 -0.00017187156 0)
(0 -0.00015640043 0)
(0 -0.0001422731 0)
(0 -0.00012938672 0)
(0 -0.00011764227 0)
(0 -0.0001069458 0)
(0 -9.7209036e-05 0)
(0 -8.8349629e-05 0)
(0 -8.0291243e-05 0)
(0 -7.2963405e-05 0)
(0 -6.6301282e-05 0)
(0 -6.0245391e-05 0)
(0 -5.4741271e-05 0)
(0 -4.9739142e-05 0)
(0 -4.5193565e-05 0)
(0 -4.1063105e-05 0)
(0 -3.731001e-05 0)
(0 -3.3899909e-05 0)
(0 -3.080152e-05 0)
(0 -2.798639e-05 0)
(0 -2.5428644e-05 0)
(0 -2.3104759e-05 0)
(0 -2.0993354e-05 0)
(0 -1.9074997e-05 0)
(0 -1.7332031e-05 0)
(0 -1.5748412e-05 0)
(0 -1.4309564e-05 0)
(0 -1.3002243e-05 0)
(0 -1.1814418e-05 0)
(0 -1.0735158e-05 0)
(0 -9.7545345e-06 0)
(0 -8.8635258e-06 0)
(0 -8.053937e-06 0)
(0 -7.3183233e-06 0)
(0 -6.649921e-06 0)
(0 -6.0425855e-06 0)
(0 -5.4907345e-06 0)
(0 -4.9892965e-06 0)
(0 -4.5336639e-06 0)
(0 -4.1196504e-06 0)
(0 -3.7434529e-06 0)
(0 -3.4016159e-06 0)
(0 -3.0909999e-06 0)
(0 -2.8087523e-06 0)
(0 -2.5522816e-06 0)
(0 -2.3192329e-06 0)
(0 -2.1074666e-06 0)
(0 -1.9150388e-06 0)
(0 -1.740183e-06 0)
(0 -1.5812944e-06 0)
(0 -1.4369145e-06 0)
(0 -1.3057183e-06 0)
(0 -1.1865017e-06 0)
(0 -1.0781708e-06 0)
(0 -9.7973142e-07 0)
(0 -8.902803e-07 0)
(0 -8.0899664e-07 0)
(0 -7.3513462e-07 0)
(0 -6.6801656e-07 0)
(0 -6.0702664e-07 0)
(0 -5.5160529e-07 0)
(0 -5.0124406e-07 0)
(0 -4.5548091e-07 0)
(0 -4.13896e-07 0)
(0 -3.7610784e-07 0)
(0 -3.4176975e-07 0)
(0 -3.1056674e-07 0)
(0 -2.8221254e-07 0)
(0 -2.5644707e-07 0)
(0 -2.3303396e-07 0)
(0 -2.1175844e-07 0)
(0 -1.9242533e-07 0)
(0 -1.748573e-07 0)
(0 -1.5889319e-07 0)
(0 -1.4438656e-07 0)
(0 -1.3120434e-07 0)
(0 -1.1922562e-07 0)
(0 -1.0834051e-07 0)
(0 -9.8449166e-08 0)
(0 -8.9460857e-08 0)
(0 -8.1293135e-08 0)
(0 -7.3871081e-08 0)
(0 -6.7126612e-08 0)
(0 -6.0997865e-08 0)
(0 -5.5428623e-08 0)
(0 -5.0367802e-08 0)
(0 -4.5768979e-08 0)
(0 -4.1589973e-08 0)
(0 -3.779245e-08 0)
(0 -3.4341578e-08 0)
(0 -3.1205703e-08 0)
(0 -2.8356062e-08 0)
(0 -2.5766515e-08 0)
(0 -2.3413312e-08 0)
(0 -2.1274866e-08 0)
(0 -1.9331562e-08 0)
(0 -1.7565577e-08 0)
(0 -1.5960711e-08 0)
(0 -1.4502243e-08 0)
(0 -1.3176797e-08 0)
(0 -1.1972213e-08 0)
(0 -1.0877445e-08 0)
(0 -9.8824486e-09 0)
(0 -8.9780986e-09 0)
(0 -8.1560996e-09 0)
(0 -7.4089119e-09 0)
(0 -6.7296819e-09 0)
(0 -6.1121793e-09 0)
(0 -5.5507403e-09 0)
(0 -5.040215e-09 0)
(0 -4.5759207e-09 0)
(0 -4.1535987e-09 0)
(0 -3.7693753e-09 0)
(0 -3.4197261e-09 0)
(0 -3.1014441e-09 0)
(0 -2.8116098e-09 0)
(0 -2.5475648e-09 0)
(0 -2.3068871e-09 0)
(0 -2.0873692e-09 0)
(0 -1.8869975e-09 0)
(0 -1.7039341e-09 0)
(0 -1.5364999e-09 0)
(0 -1.3831591e-09 0)
(0 -1.2425052e-09 0)
(0 -1.1132481e-09 0)
(0 -9.9420218e-10 0)
(0 -8.8427548e-10 0)
(0 -7.8245973e-10 0)
(0 -6.8782101e-10 0)
(0 -5.9949128e-10 0)
(0 -5.1666033e-10 0)
(0 -4.385684e-10 0)
(0 -3.644992e-10 0)
(0 -2.9377334e-10 0)
(0 -2.2574209e-10 0)
(0 -1.5978144e-10 0)
(0 -9.5286372e-11 0)
(0 -3.1665308e-11 0)
(0 -0.00035537842 0)
(0 -0.00042174576 0)
(0 -0.00048468792 0)
(0 -0.00054152555 0)
(0 -0.00059102406 0)
(0 -0.00063303192 0)
(0 -0.0006680362 0)
(0 -0.00069681694 0)
(0 -0.00072022859 0)
(0 -0.00073908158 0)
(0 -0.00075408812 0)
(0 -0.00076584457 0)
(0 -0.00077483221 0)
(0 -0.00078142592 0)
(0 -0.00078590469 0)
(0 -0.00078846092 0)
(0 -0.00078920743 0)
(0 -0.00078818175 0)
(0 -0.00078534726 0)
(0 -0.00078059346 0)
(0 -0.0007737361 0)
(0 -0.00076451951 0)
(0 -0.00075262286 0)
(0 -0.00073767767 0)
(0 -0.00071930473 0)
(0 -0.00069717882 0)
(0 -0.00067112801 0)
(0 -0.00064125383 0)
(0 -0.00060802195 0)
(0 -0.00057224903 0)
(0 -0.00053495777 0)
(0 -0.00049718825 0)
(0 -0.00045985159 0)
(0 -0.00042365735 0)
(0 -0.00038910321 0)
(0 -0.00035650045 0)
(0 -0.00032601289 0)
(0 -0.00029769601 0)
(0 -0.00027153005 0)
(0 -0.0002474458 0)
(0 -0.00022534348 0)
(0 -0.00020510615 0)
(0 -0.00018660888 0)
(0 -0.00016972495 0)
(0 -0.00015432983 0)
(0 -0.00014030372 0)
(0 -0.00012753304 0)
(0 -0.00011591123 0)
(0 -0.00010533905 0)
(0 -9.5724653e-05 0)
(0 -8.6983333e-05 0)
(0 -7.9037276e-05 0)
(0 -7.1815162e-05 0)
(0 -6.5251752e-05 0)
(0 -5.9287461e-05 0)
(0 -5.3867939e-05 0)
(0 -4.8943651e-05 0)
(0 -4.446949e-05 0)
(0 -4.04044e-05 0)
(0 -3.6711033e-05 0)
(0 -3.3355426e-05 0)
(0 -3.03067e-05 0)
(0 -2.7536791e-05 0)
(0 -2.5020193e-05 0)
(0 -2.2733728e-05 0)
(0 -2.0656339e-05 0)
(0 -1.8768894e-05 0)
(0 -1.7054014e-05 0)
(0 -1.5495907e-05 0)
(0 -1.408023e-05 0)
(0 -1.2793952e-05 0)
(0 -1.1625238e-05 0)
(0 -1.0563332e-05 0)
(0 -9.598467e-06 0)
(0 -8.7217686e-06 0)
(0 -7.9251749e-06 0)
(0 -7.2013621e-06 0)
(0 -6.5436765e-06 0)
(0 -5.9460736e-06 0)
(0 -5.4030615e-06 0)
(0 -4.9096511e-06 0)
(0 -4.4613094e-06 0)
(0 -4.0539182e-06 0)
(0 -3.6837357e-06 0)
(0 -3.3473622e-06 0)
(0 -3.041709e-06 0)
(0 -2.7639696e-06 0)
(0 -2.5115941e-06 0)
(0 -2.2822657e-06 0)
(0 -2.0738791e-06 0)
(0 -1.8845216e-06 0)
(0 -1.7124551e-06 0)
(0 -1.5561006e-06 0)
(0 -1.414023e-06 0)
(0 -1.2849186e-06 0)
(0 -1.1676025e-06 0)
(0 -1.0609983e-06 0)
(0 -9.6412775e-07 0)
(0 -8.7610205e-07 0)
(0 -7.9611353e-07 0)
(0 -7.234283e-07 0)
(0 -6.5737947e-07 0)
(0 -5.9736108e-07 0)
(0 -5.428225e-07 0)
(0 -4.9326338e-07 0)
(0 -4.4822906e-07 0)
(0 -4.0730641e-07 0)
(0 -3.7012e-07 0)
(0 -3.363287e-07 0)
(0 -3.0562253e-07 0)
(0 -2.777198e-07 0)
(0 -2.5236456e-07 0)
(0 -2.2932422e-07 0)
(0 -2.0838741e-07 0)
(0 -1.8936209e-07 0)
(0 -1.7207374e-07 0)
(0 -1.5636376e-07 0)
(0 -1.4208806e-07 0)
(0 -1.2911568e-07 0)
(0 -1.1732763e-07 0)
(0 -1.0661578e-07 0)
(0 -9.6881868e-08 0)
(0 -8.8036616e-08 0)
(0 -7.9998885e-08 0)
(0 -7.2694947e-08 0)
(0 -6.6057806e-08 0)
(0 -6.0026582e-08 0)
(0 -5.4545952e-08 0)
(0 -4.9565646e-08 0)
(0 -4.5039979e-08 0)
(0 -4.0927442e-08 0)
(0 -3.7190311e-08 0)
(0 -3.3794307e-08 0)
(0 -3.070828e-08 0)
(0 -2.7903924e-08 0)
(0 -2.5355515e-08 0)
(0 -2.3039679e-08 0)
(0 -2.0935173e-08 0)
(0 -1.9022694e-08 0)
(0 -1.7284699e-08 0)
(0 -1.5705248e-08 0)
(0 -1.4269851e-08 0)
(0 -1.2965345e-08 0)
(0 -1.1779762e-08 0)
(0 -1.0702228e-08 0)
(0 -9.7228591e-09 0)
(0 -8.8326728e-09 0)
(0 -8.0235036e-09 0)
(0 -7.2879294e-09 0)
(0 -6.6192032e-09 0)
(0 -6.0111911e-09 0)
(0 -5.4583162e-09 0)
(0 -4.9555073e-09 0)
(0 -4.4981524e-09 0)
(0 -4.0820564e-09 0)
(0 -3.7034028e-09 0)
(0 -3.3587184e-09 0)
(0 -3.0448415e-09 0)
(0 -2.7588931e-09 0)
(0 -2.4982505e-09 0)
(0 -2.2605229e-09 0)
(0 -2.0435297e-09 0)
(0 -1.8452806e-09 0)
(0 -1.6639573e-09 0)
(0 -1.4978964e-09 0)
(0 -1.3455748e-09 0)
(0 -1.2055955e-09 0)
(0 -1.0766743e-09 0)
(0 -9.5762885e-10 0)
(0 -8.4736716e-10 0)
(0 -7.4487788e-10 0)
(0 -6.4922093e-10 0)
(0 -5.5951889e-10 0)
(0 -4.74949e-10 0)
(0 -3.9473553e-10 0)
(0 -3.1814275e-10 0)
(0 -2.4446809e-10 0)
(0 -1.730358e-10 0)
(0 -1.0319067e-10 0)
(0 -3.4292043e-11 0)
(0 -0.00038693892 0)
(0 -0.00046674971 0)
(0 -0.00054100073 0)
(0 -0.00060640072 0)
(0 -0.00066190346 0)
(0 -0.00070788392 0)
(0 -0.0007453928 0)
(0 -0.00077568123 0)
(0 -0.00079995348 0)
(0 -0.00081926262 0)
(0 -0.0008344819 0)
(0 -0.00084631093 0)
(0 -0.00085529534 0)
(0 -0.00086184907 0)
(0 -0.00086627403 0)
(0 -0.00086877458 0)
(0 -0.00086946775 0)
(0 -0.00086838853 0)
(0 -0.00086548888 0)
(0 -0.0008606358 0)
(0 -0.00085360735 0)
(0 -0.00084409051 0)
(0 -0.00083167881 0)
(0 -0.00081588191 0)
(0 -0.00079615991 0)
(0 -0.00077199676 0)
(0 -0.00074303795 0)
(0 -0.00070929056 0)
(0 -0.00067130556 0)
(0 -0.00063018583 0)
(0 -0.00058732781 0)
(0 -0.00054410693 0)
(0 -0.00050166512 0)
(0 -0.00046083301 0)
(0 -0.00042214543 0)
(0 -0.0003858987 0)
(0 -0.0003522151 0)
(0 -0.00032109862 0)
(0 -0.00029247757 0)
(0 -0.00026623493 0)
(0 -0.00024222895 0)
(0 -0.00022030681 0)
(0 -0.00020031333 0)
(0 -0.0001820964 0)
(0 -0.00016551023 0)
(0 -0.00015041714 0)
(0 -0.00013668847 0)
(0 -0.00012420483 0)
(0 -0.00011285607 0)
(0 -0.00010254089 0)
(0 -9.3166441e-05 0)
(0 -8.4647817e-05 0)
(0 -7.6907467e-05 0)
(0 -6.9874671e-05 0)
(0 -6.3484998e-05 0)
(0 -5.7679785e-05 0)
(0 -5.2405656e-05 0)
(0 -4.7614069e-05 0)
(0 -4.3260886e-05 0)
(0 -3.9305991e-05 0)
(0 -3.5712927e-05 0)
(0 -3.2448568e-05 0)
(0 -2.948282e-05 0)
(0 -2.678834e-05 0)
(0 -2.4340293e-05 0)
(0 -2.2116117e-05 0)
(0 -2.0095318e-05 0)
(0 -1.825928e-05 0)
(0 -1.6591094e-05 0)
(0 -1.5075401e-05 0)
(0 -1.3698247e-05 0)
(0 -1.2446959e-05 0)
(0 -1.1310023e-05 0)
(0 -1.0276982e-05 0)
(0 -9.3383332e-06 0)
(0 -8.4854468e-06 0)
(0 -7.7104818e-06 0)
(0 -7.0063147e-06 0)
(0 -6.3664744e-06 0)
(0 -5.7850814e-06 0)
(0 -5.2567943e-06 0)
(0 -4.7767602e-06 0)
(0 -4.3405699e-06 0)
(0 -3.9442176e-06 0)
(0 -3.5840636e-06 0)
(0 -3.2568008e-06 0)
(0 -2.9594248e-06 0)
(0 -2.6892053e-06 0)
(0 -2.4436619e-06 0)
(0 -2.2205407e-06 0)
(0 -2.0177938e-06 0)
(0 -1.8335603e-06 0)
(0 -1.6661495e-06 0)
(0 -1.514025e-06 0)
(0 -1.3757909e-06 0)
(0 -1.2501786e-06 0)
(0 -1.1360356e-06 0)
(0 -1.0323145e-06 0)
(0 -9.3806368e-07 0)
(0 -8.5241835e-07 0)
(0 -7.7459274e-07 0)
(0 -7.0387282e-07 0)
(0 -6.3960979e-07 0)
(0 -5.8121409e-07 0)
(0 -5.2814998e-07 0)
(0 -4.7993066e-07 0)
(0 -4.3611378e-07 0)
(0 -3.9629737e-07 0)
(0 -3.6011618e-07 0)
(0 -3.2723831e-07 0)
(0 -2.9736214e-07 0)
(0 -2.7021363e-07 0)
(0 -2.4554373e-07 0)
(0 -2.2312614e-07 0)
(0 -2.0275522e-07 0)
(0 -1.8424412e-07 0)
(0 -1.6742303e-07 0)
(0 -1.5213764e-07 0)
(0 -1.3824776e-07 0)
(0 -1.2562598e-07 0)
(0 -1.141565e-07 0)
(0 -1.0373414e-07 0)
(0 -9.4263283e-08 0)
(0 -8.5657062e-08 0)
(0 -7.7836532e-08 0)
(0 -7.072996e-08 0)
(0 -6.427216e-08 0)
(0 -5.8403896e-08 0)
(0 -5.3071342e-08 0)
(0 -4.8225584e-08 0)
(0 -4.3822174e-08 0)
(0 -3.9820723e-08 0)
(0 -3.6184525e-08 0)
(0 -3.2880229e-08 0)
(0 -2.9877525e-08 0)
(0 -2.7148872e-08 0)
(0 -2.466924e-08 0)
(0 -2.2415886e-08 0)
(0 -2.036814e-08 0)
(0 -1.850722e-08 0)
(0 -1.6816057e-08 0)
(0 -1.5279137e-08 0)
(0 -1.3882365e-08 0)
(0 -1.2612927e-08 0)
(0 -1.1459181e-08 0)
(0 -1.0410543e-08 0)
(0 -9.4573951e-09 0)
(0 -8.5909946e-09 0)
(0 -7.8033943e-09 0)
(0 -7.08737e-09 0)
(0 -6.4363541e-09 0)
(0 -5.8443752e-09 0)
(0 -5.3060033e-09 0)
(0 -4.8163004e-09 0)
(0 -4.3707745e-09 0)
(0 -3.9653393e-09 0)
(0 -3.5962758e-09 0)
(0 -3.2601988e-09 0)
(0 -2.9540258e-09 0)
(0 -2.6749483e-09 0)
(0 -2.4204065e-09 0)
(0 -2.1880657e-09 0)
(0 -1.9757948e-09 0)
(0 -1.7816466e-09 0)
(0 -1.6038405e-09 0)
(0 -1.4407455e-09 0)
(0 -1.2908655e-09 0)
(0 -1.152826e-09 0)
(0 -1.0253606e-09 0)
(0 -9.0730026e-10 0)
(0 -7.9756206e-10 0)
(0 -6.9513942e-10 0)
(0 -5.9909289e-10 0)
(0 -5.0854148e-10 0)
(0 -4.2265463e-10 0)
(0 -3.4064454e-10 0)
(0 -2.6175898e-10 0)
(0 -1.8527439e-10 0)
(0 -1.104892e-10 0)
(0 -3.6717472e-11 0)
(0 -0.00041814326 0)
(0 -0.0005151312 0)
(0 -0.00060281641 0)
(0 -0.00067746729 0)
(0 -0.00073875667 0)
(0 -0.00078805874 0)
(0 -0.00082729022 0)
(0 -0.00085833107 0)
(0 -0.00088280233 0)
(0 -0.00090201852 0)
(0 -0.00091701032 0)
(0 -0.00092856848 0)
(0 -0.00093728908 0)
(0 -0.00094361269 0)
(0 -0.00094785518 0)
(0 -0.00095022634 0)
(0 -0.00095084414 0)
(0 -0.00094974163 0)
(0 -0.00094686057 0)
(0 -0.00094204796 0)
(0 -0.00093504545 0)
(0 -0.00092548416 0)
(0 -0.00091286578 0)
(0 -0.00089655635 0)
(0 -0.0008758088 0)
(0 -0.00084982908 0)
(0 -0.00081795385 0)
(0 -0.00077998093 0)
(0 -0.00073654216 0)
(0 -0.00068919048 0)
(0 -0.00063989513 0)
(0 -0.00059050103 0)
(0 -0.00054242989 0)
(0 -0.00049662325 0)
(0 -0.00045361667 0)
(0 -0.00041365058 0)
(0 -0.00037677034 0)
(0 -0.00034290147 0)
(0 -0.00031190113 0)
(0 -0.0002835914 0)
(0 -0.00025777996 0)
(0 -0.0002342726 0)
(0 -0.00021288043 0)
(0 -0.00019342394 0)
(0 -0.0001757349 0)
(0 -0.00015965724 0)
(0 -0.000145047 0)
(0 -0.00013177208 0)
(0 -0.00011971156 0)
(0 -0.00010875503 0)
(0 -9.8801814e-05 0)
(0 -8.9760254e-05 0)
(0 -8.1546931e-05 0)
(0 -7.408599e-05 0)
(0 -6.7308478e-05 0)
(0 -6.1151735e-05 0)
(0 -5.5558835e-05 0)
(0 -5.0478068e-05 0)
(0 -4.5862467e-05 0)
(0 -4.1669376e-05 0)
(0 -3.7860056e-05 0)
(0 -3.4399326e-05 0)
(0 -3.1255237e-05 0)
(0 -2.8398772e-05 0)
(0 -2.5803581e-05 0)
(0 -2.3445733e-05 0)
(0 -2.1303493e-05 0)
(0 -1.9357121e-05 0)
(0 -1.7588687e-05 0)
(0 -1.5981907e-05 0)
(0 -1.4521988e-05 0)
(0 -1.3195495e-05 0)
(0 -1.1990223e-05 0)
(0 -1.0895085e-05 0)
(0 -9.90001e-06 0)
(0 -8.9958491e-06 0)
(0 -8.1742907e-06 0)
(0 -7.4277839e-06 0)
(0 -6.7494689e-06 0)
(0 -6.1331135e-06 0)
(0 -5.5730556e-06 0)
(0 -5.0641508e-06 0)
(0 -4.6017253e-06 0)
(0 -4.1815326e-06 0)
(0 -3.7997145e-06 0)
(0 -3.4527652e-06 0)
(0 -3.1374997e-06 0)
(0 -2.8510238e-06 0)
(0 -2.5907079e-06 0)
(0 -2.3541628e-06 0)
(0 -2.1392174e-06 0)
(0 -1.9438989e-06 0)
(0 -1.7664151e-06 0)
(0 -1.6051372e-06 0)
(0 -1.4585852e-06 0)
(0 -1.3254144e-06 0)
(0 -1.2044029e-06 0)
(0 -1.0944403e-06 0)
(0 -9.9451778e-07 0)
(0 -9.0371854e-07 0)
(0 -8.2120953e-07 0)
(0 -7.4623377e-07 0)
(0 -6.7810342e-07 0)
(0 -6.1619345e-07 0)
(0 -5.5993591e-07 0)
(0 -5.088147e-07 0)
(0 -4.6236084e-07 0)
(0 -4.201482e-07 0)
(0 -3.8178955e-07 0)
(0 -3.4693299e-07 0)
(0 -3.1525879e-07 0)
(0 -2.8647639e-07 0)
(0 -2.6032176e-07 0)
(0 -2.36555e-07 0)
(0 -2.1495808e-07 0)
(0 -1.953329e-07 0)
(0 -1.7749943e-07 0)
(0 -1.6129411e-07 0)
(0 -1.4656827e-07 0)
(0 -1.3318684e-07 0)
(0 -1.2102708e-07 0)
(0 -1.0997745e-07 0)
(0 -9.9936585e-08 0)
(0 -9.0812395e-08 0)
(0 -8.2521185e-08 0)
(0 -7.4986901e-08 0)
(0 -6.8140435e-08 0)
(0 -6.1918986e-08 0)
(0 -5.6265489e-08 0)
(0 -5.1128086e-08 0)
(0 -4.6459654e-08 0)
(0 -4.2217372e-08 0)
(0 -3.8362327e-08 0)
(0 -3.4859159e-08 0)
(0 -3.1675735e-08 0)
(0 -2.8782855e-08 0)
(0 -2.6153985e-08 0)
(0 -2.376501e-08 0)
(0 -2.1594019e-08 0)
(0 -1.9621097e-08 0)
(0 -1.7828149e-08 0)
(0 -1.6198729e-08 0)
(0 -1.471789e-08 0)
(0 -1.337205e-08 0)
(0 -1.2148864e-08 0)
(0 -1.1037113e-08 0)
(0 -1.0026599e-08 0)
(0 -9.1080533e-09 0)
(0 -8.2730505e-09 0)
(0 -7.5139315e-09 0)
(0 -6.8237335e-09 0)
(0 -6.1961257e-09 0)
(0 -5.6253513e-09 0)
(0 -5.106175e-09 0)
(0 -4.6338347e-09 0)
(0 -4.2039978e-09 0)
(0 -3.8127218e-09 0)
(0 -3.4564177e-09 0)
(0 -3.1318172e-09 0)
(0 -2.8359431e-09 0)
(0 -2.5660815e-09 0)
(0 -2.319757e-09 0)
(0 -2.0947103e-09 0)
(0 -1.8888771e-09 0)
(0 -1.7003695e-09 0)
(0 -1.5274584e-09 0)
(0 -1.3685578e-09 0)
(0 -1.2222102e-09 0)
(0 -1.0870731e-09 0)
(0 -9.619072e-10 0)
(0 -8.4556427e-10 0)
(0 -7.369772e-10 0)
(0 -6.3515e-10 0)
(0 -5.3914865e-10 0)
(0 -4.480926e-10 0)
(0 -3.6114663e-10 0)
(0 -2.7751326e-10 0)
(0 -1.9642534e-10 0)
(0 -1.1713913e-10 0)
(0 -3.8927356e-11 0)
(0 -0.00044959072 0)
(0 -0.00056918687 0)
(0 -0.00067273973 0)
(0 -0.00075689325 0)
(0 -0.00082313009 0)
(0 -0.00087456085 0)
(0 -0.00091433831 0)
(0 -0.00094511435 0)
(0 -0.00096895862 0)
(0 -0.00098743365 0)
(0 -0.0010017004 0)
(0 -0.0010126125 0)
(0 -0.0010207919 0)
(0 -0.0010266865 0)
(0 -0.0010306144 0)
(0 -0.0010327819 0)
(0 -0.0010333035 0)
(0 -0.0010322144 0)
(0 -0.0010294483 0)
(0 -0.0010248388 0)
(0 -0.0010180944 0)
(0 -0.0010088023 0)
(0 -0.00099637596 0)
(0 -0.00098002344 0)
(0 -0.00095874848 0)
(0 -0.00093136639 0)
(0 -0.0008966963 0)
(0 -0.00085409196 0)
(0 -0.00080421262 0)
(0 -0.00074938135 0)
(0 -0.0006924819 0)
(0 -0.00063601712 0)
(0 -0.00058172379 0)
(0 -0.00053060691 0)
(0 -0.00048313234 0)
(0 -0.00043942116 0)
(0 -0.00039939413 0)
(0 -0.00036286572 0)
(0 -0.00032960092 0)
(0 -0.0002993478 0)
(0 -0.0002718556 0)
(0 -0.00024688415 0)
(0 -0.00022420838 0)
(0 -0.00020362008 0)
(0 -0.00018492816 0)
(0 -0.00016795808 0)
(0 -0.00015255088 0)
(0 -0.00013856208 0)
(0 -0.00012586048 0)
(0 -0.00011432702 0)
(0 -0.00010385372 0)
(0 -9.4342612e-05 0)
(0 -8.5704868e-05 0)
(0 -7.7859913e-05 0)
(0 -7.0734664e-05 0)
(0 -6.4262824e-05 0)
(0 -5.8384248e-05 0)
(0 -5.3044361e-05 0)
(0 -4.8193642e-05 0)
(0 -4.3787149e-05 0)
(0 -3.9784088e-05 0)
(0 -3.6147435e-05 0)
(0 -3.2843573e-05 0)
(0 -2.9841988e-05 0)
(0 -2.711497e-05 0)
(0 -2.4637361e-05 0)
(0 -2.2386314e-05 0)
(0 -2.0341081e-05 0)
(0 -1.8482822e-05 0)
(0 -1.6794421e-05 0)
(0 -1.5260336e-05 0)
(0 -1.3866449e-05 0)
(0 -1.2599936e-05 0)
(0 -1.1449148e-05 0)
(0 -1.0403502e-05 0)
(0 -9.4533858e-06 0)
(0 -8.5900665e-06 0)
(0 -7.8056103e-06 0)
(0 -7.0928093e-06 0)
(0 -6.4451153e-06 0)
(0 -5.8565789e-06 0)
(0 -5.3217947e-06 0)
(0 -4.8358518e-06 0)
(0 -4.394288e-06 0)
(0 -3.9930493e-06 0)
(0 -3.628452e-06 0)
(0 -3.2971492e-06 0)
(0 -2.9960998e-06 0)
(0 -2.7225407e-06 0)
(0 -2.4739611e-06 0)
(0 -2.2480796e-06 0)
(0 -2.0428235e-06 0)
(0 -1.856309e-06 0)
(0 -1.6868247e-06 0)
(0 -1.5328155e-06 0)
(0 -1.3928682e-06 0)
(0 -1.2656988e-06 0)
(0 -1.1501405e-06 0)
(0 -1.045133e-06 0)
(0 -9.4971299e-07 0)
(0 -8.6300503e-07 0)
(0 -7.8421365e-07 0)
(0 -7.12616e-07 0)
(0 -6.4755527e-07 0)
(0 -5.8843459e-07 0)
(0 -5.3471162e-07 0)
(0 -4.8589353e-07 0)
(0 -4.4153249e-07 0)
(0 -4.0122157e-07 0)
(0 -3.6459097e-07 0)
(0 -3.3130468e-07 0)
(0 -3.0105737e-07 0)
(0 -2.7357157e-07 0)
(0 -2.4859515e-07 0)
(0 -2.2589902e-07 0)
(0 -2.0527497e-07 0)
(0 -1.8653384e-07 0)
(0 -1.695037e-07 0)
(0 -1.5402836e-07 0)
(0 -1.3996584e-07 0)
(0 -1.2718718e-07 0)
(0 -1.1557514e-07 0)
(0 -1.0502322e-07 0)
(0 -9.5434623e-08 0)
(0 -8.6721404e-08 0)
(0 -7.8803638e-08 0)
(0 -7.1608698e-08 0)
(0 -6.5070587e-08 0)
(0 -5.9129336e-08 0)
(0 -5.3730446e-08 0)
(0 -4.8824397e-08 0)
(0 -4.4366189e-08 0)
(0 -4.0314927e-08 0)
(0 -3.6633452e-08 0)
(0 -3.3287996e-08 0)
(0 -3.0247872e-08 0)
(0 -2.7485195e-08 0)
(0 -2.4974625e-08 0)
(0 -2.2693133e-08 0)
(0 -2.0619792e-08 0)
(0 -1.8735584e-08 0)
(0 -1.7023228e-08 0)
(0 -1.5467016e-08 0)
(0 -1.4052674e-08 0)
(0 -1.276723e-08 0)
(0 -1.1598892e-08 0)
(0 -1.0536944e-08 0)
(0 -9.5716446e-09 0)
(0 -8.6941409e-09 0)
(0 -7.8963836e-09 0)
(0 -7.1710552e-09 0)
(0 -6.5115027e-09 0)
(0 -5.9116764e-09 0)
(0 -5.3660746e-09 0)
(0 -4.8696926e-09 0)
(0 -4.4179775e-09 0)
(0 -4.0067859e-09 0)
(0 -3.6323462e-09 0)
(0 -3.2912239e-09 0)
(0 -2.9802901e-09 0)
(0 -2.6966927e-09 0)
(0 -2.4378305e-09 0)
(0 -2.2013291e-09 0)
(0 -1.9850193e-09 0)
(0 -1.7869168e-09 0)
(0 -1.6052047e-09 0)
(0 -1.4382162e-09 0)
(0 -1.2844196e-09 0)
(0 -1.1424042e-09 0)
(0 -1.0108674e-09 0)
(0 -8.8860273e-10 0)
(0 -7.7448868e-10 0)
(0 -6.6747856e-10 0)
(0 -5.6659083e-10 0)
(0 -4.7090011e-10 0)
(0 -3.7952867e-10 0)
(0 -2.9163843e-10 0)
(0 -2.0642322e-10 0)
(0 -1.231014e-10 0)
(0 -4.0908723e-11 0)
(0 -0.00048300005 0)
(0 -0.00063308593 0)
(0 -0.00075477672 0)
(0 -0.00084757837 0)
(0 -0.0009168429 0)
(0 -0.00096843413 0)
(0 -0.0010070943 0)
(0 -0.0010363041 0)
(0 -0.0010585373 0)
(0 -0.0010755392 0)
(0 -0.0010885422 0)
(0 -0.0010984157 0)
(0 -0.0011057711 0)
(0 -0.0011110358 0)
(0 -0.0011145187 0)
(0 -0.0011164101 0)
(0 -0.0011168133 0)
(0 -0.0011157793 0)
(0 -0.0011132331 0)
(0 -0.0011090108 0)
(0 -0.001102785 0)
(0 -0.0010941318 0)
(0 -0.0010823966 0)
(0 -0.001066628 0)
(0 -0.0010455698 0)
(0 -0.0010175238 0)
(0 -0.00098045517 0)
(0 -0.00093278715 0)
(0 -0.00087498413 0)
(0 -0.00081084029 0)
(0 -0.00074474986 0)
(0 -0.00068011589 0)
(0 -0.00061896699 0)
(0 -0.00056224841 0)
(0 -0.00051023276 0)
(0 -0.00046282995 0)
(0 -0.00041977656 0)
(0 -0.00038074008 0)
(0 -0.00034537264 0)
(0 -0.00031333698 0)
(0 -0.00028431795 0)
(0 -0.00025802657 0)
(0 -0.00023420049 0)
(0 -0.00021260271 0)
(0 -0.00019301961 0)
(0 -0.00017525884 0)
(0 -0.00015914713 0)
(0 -0.0001445284 0)
(0 -0.00013126189 0)
(0 -0.00011922062 0)
(0 -0.0001082899 0)
(0 -9.8366087e-05 0)
(0 -8.9355476e-05 0)
(0 -8.1173271e-05 0)
(0 -7.3742708e-05 0)
(0 -6.6994259e-05 0)
(0 -6.0864927e-05 0)
(0 -5.5297609e-05 0)
(0 -5.0240532e-05 0)
(0 -4.5646739e-05 0)
(0 -4.1473634e-05 0)
(0 -3.7682566e-05 0)
(0 -3.4238462e-05 0)
(0 -3.1109488e-05 0)
(0 -2.8266743e-05 0)
(0 -2.5683993e-05 0)
(0 -2.3337417e-05 0)
(0 -2.1205383e-05 0)
(0 -1.9268249e-05 0)
(0 -1.7508175e-05 0)
(0 -1.590896e-05 0)
(0 -1.4455886e-05 0)
(0 -1.3135587e-05 0)
(0 -1.193592e-05 0)
(0 -1.0845856e-05 0)
(0 -9.8553734e-06 0)
(0 -8.9553707e-06 0)
(0 -8.1375778e-06 0)
(0 -7.3944817e-06 0)
(0 -6.7192566e-06 0)
(0 -6.105701e-06 0)
(0 -5.5481804e-06 0)
(0 -5.0415757e-06 0)
(0 -4.5812355e-06 0)
(0 -4.1629337e-06 0)
(0 -3.7828304e-06 0)
(0 -3.4374366e-06 0)
(0 -3.1235822e-06 0)
(0 -2.8383867e-06 0)
(0 -2.5792326e-06 0)
(0 -2.3437418e-06 0)
(0 -2.1297533e-06 0)
(0 -1.9353036e-06 0)
(0 -1.7586083e-06 0)
(0 -1.5980463e-06 0)
(0 -1.4521443e-06 0)
(0 -1.3195637e-06 0)
(0 -1.1990881e-06 0)
(0 -1.0896122e-06 0)
(0 -9.9013174e-07 0)
(0 -8.9973394e-07 0)
(0 -8.1758955e-07 0)
(0 -7.4294497e-07 0)
(0 -6.7511545e-07 0)
(0 -6.1347874e-07 0)
(0 -5.5746943e-07 0)
(0 -5.0657371e-07 0)
(0 -4.6032471e-07 0)
(0 -4.1829817e-07 0)
(0 -3.8010859e-07 0)
(0 -3.4540563e-07 0)
(0 -3.1387098e-07 0)
(0 -2.8521537e-07 0)
(0 -2.5917593e-07 0)
(0 -2.3551382e-07 0)
(0 -2.1401199e-07 0)
(0 -1.944732e-07 0)
(0 -1.7671823e-07 0)
(0 -1.6058423e-07 0)
(0 -1.4592318e-07 0)
(0 -1.3260063e-07 0)
(0 -1.2049436e-07 0)
(0 -1.0949332e-07 0)
(0 -9.9496611e-08 0)
(0 -9.0412535e-08 0)
(0 -8.2157767e-08 0)
(0 -7.465659e-08 0)
(0 -6.7840199e-08 0)
(0 -6.1646071e-08 0)
(0 -5.6017388e-08 0)
(0 -5.0902523e-08 0)
(0 -4.625456e-08 0)
(0 -4.2030864e-08 0)
(0 -3.8192694e-08 0)
(0 -3.4704844e-08 0)
(0 -3.1535323e-08 0)
(0 -2.8655058e-08 0)
(0 -2.6037629e-08 0)
(0 -2.3659029e-08 0)
(0 -2.149744e-08 0)
(0 -1.9533035e-08 0)
(0 -1.7747795e-08 0)
(0 -1.6125346e-08 0)
(0 -1.4650805e-08 0)
(0 -1.3310647e-08 0)
(0 -1.2092581e-08 0)
(0 -1.0985432e-08 0)
(0 -9.979047e-09 0)
(0 -9.0641938e-09 0)
(0 -8.2324811e-09 0)
(0 -7.4762802e-09 0)
(0 -6.7886549e-09 0)
(0 -6.163298e-09 0)
(0 -5.5944734e-09 0)
(0 -5.0769637e-09 0)
(0 -4.606022e-09 0)
(0 -4.1773287e-09 0)
(0 -3.7869515e-09 0)
(0 -3.4313099e-09 0)
(0 -3.1071416e-09 0)
(0 -2.8114734e-09 0)
(0 -2.5415931e-09 0)
(0 -2.2950254e-09 0)
(0 -2.0695086e-09 0)
(0 -1.8629742e-09 0)
(0 -1.6735278e-09 0)
(0 -1.4994317e-09 0)
(0 -1.339089e-09 0)
(0 -1.1910289e-09 0)
(0 -1.0538935e-09 0)
(0 -9.2642478e-10 0)
(0 -8.0745364e-10 0)
(0 -6.9588879e-10 0)
(0 -5.9070693e-10 0)
(0 -4.9094327e-10 0)
(0 -3.9568275e-10 0)
(0 -3.0405159e-10 0)
(0 -2.1520931e-10 0)
(0 -1.2834103e-10 0)
(0 -4.2649942e-11 0)
(0 -5.3344547e-07 0)
(0 -1.600256e-06 0)
(0 -2.6667651e-06 0)
(0 -3.7325964e-06 0)
(0 -4.7971084e-06 0)
(0 -5.8592757e-06 0)
(0 -6.9175564e-06 0)
(0 -7.9697394e-06 0)
(0 -9.0127658e-06 0)
(0 -1.0042513e-05 0)
(0 -1.1053527e-05 0)
(0 -1.2038679e-05 0)
(0 -1.2988718e-05 0)
(0 -1.3891648e-05 0)
(0 -1.4731863e-05 0)
(0 -1.5488877e-05 0)
(0 -1.6135433e-05 0)
(0 -1.6634631e-05 0)
(0 -1.6935259e-05 0)
(0 -1.6962158e-05 0)
(0 -5.2708697e-07 0)
(0 -1.5806772e-06 0)
(0 -2.6324374e-06 0)
(0 -3.6809088e-06 0)
(0 -4.7242695e-06 0)
(0 -5.7601709e-06 0)
(0 -6.7855543e-06 0)
(0 -7.7964384e-06 0)
(0 -8.7876702e-06 0)
(0 -9.7526228e-06 0)
(0 -1.0682821e-05 0)
(0 -1.1567462e-05 0)
(0 -1.2392795e-05 0)
(0 -1.314126e-05 0)
(0 -1.3790292e-05 0)
(0 -1.4310553e-05 0)
(0 -1.4663273e-05 0)
(0 -1.4796193e-05 0)
(0 -1.4637481e-05 0)
(0 -1.4083817e-05 0)
(0 -5.2099014e-07 0)
(0 -1.5619144e-06 0)
(0 -2.5995745e-06 0)
(0 -3.6314963e-06 0)
(0 -4.6547503e-06 0)
(0 -5.6657466e-06 0)
(0 -6.6600036e-06 0)
(0 -7.6318811e-06 0)
(0 -8.5742664e-06 0)
(0 -9.4781946e-06 0)
(0 -1.0332381e-05 0)
(0 -1.1122631e-05 0)
(0 -1.1831069e-05 0)
(0 -1.2435109e-05 0)
(0 -1.2906009e-05 0)
(0 -1.3206761e-05 0)
(0 -1.328885e-05 0)
(0 -1.3087293e-05 0)
(0 -1.2514659e-05 0)
(0 -1.1469828e-05 0)
(0 -5.1536469e-07 0)
(0 -1.5446046e-06 0)
(0 -2.5692648e-06 0)
(0 -3.5859394e-06 0)
(0 -4.590683e-06 0)
(0 -5.5787671e-06 0)
(0 -6.5444057e-06 0)
(0 -7.4804395e-06 0)
(0 -8.3779646e-06 0)
(0 -9.2258865e-06 0)
(0 -1.0010374e-05 0)
(0 -1.071418e-05 0)
(0 -1.1315767e-05 0)
(0 -1.1788161e-05 0)
(0 -1.2097381e-05 0)
(0 -1.2200164e-05 0)
(0 -1.2040409e-05 0)
(0 -1.1542913e-05 0)
(0 -1.0600309e-05 0)
(0 -9.0425901e-06 0)
(0 -5.1040304e-07 0)
(0 -1.5293324e-06 0)
(0 -2.5425067e-06 0)
(0 -3.5456881e-06 0)
(0 -4.5340236e-06 0)
(0 -5.501768e-06 0)
(0 -6.4419712e-06 0)
(0 -7.34612e-06 0)
(0 -8.2037177e-06 0)
(0 -9.0017825e-06 0)
(0 -9.7242405e-06 0)
(0 -1.0351178e-05 0)
(0 -1.0857907e-05 0)
(0 -1.1213761e-05 0)
(0 -1.138052e-05 0)
(0 -1.1310207e-05 0)
(0 -1.0941819e-05 0)
(0 -1.0195572e-05 0)
(0 -8.9575203e-06 0)
(0 -6.9939426e-06 0)
(0 -5.0627705e-07 0)
(0 -1.5166197e-06 0)
(0 -2.5201921e-06 0)
(0 -3.5120374e-06 0)
(0 -4.486519e-06 0)
(0 -5.4370133e-06 0)
(0 -6.3555659e-06 0)
(0 -7.2324963e-06 0)
(0 -8.0559376e-06 0)
(0 -8.8112913e-06 0)
(0 -9.4805725e-06 0)
(0 -1.0041619e-05 0)
(0 -1.046712e-05 0)
(0 -1.0723422e-05 0)
(0 -1.0769011e-05 0)
(0 -1.0552572e-05 0)
(0 -1.0010554e-05 0)
(0 -9.0650342e-06 0)
(0 -7.629872e-06 0)
(0 -4.9937463e-06 0)
(0 -5.0313515e-07 0)
(0 -1.5069175e-06 0)
(0 -2.5030913e-06 0)
(0 -3.486106e-06 0)
(0 -4.4496778e-06 0)
(0 -5.3864583e-06 0)
(0 -6.2876634e-06 0)
(0 -7.1426505e-06 0)
(0 -7.9384254e-06 0)
(0 -8.6590628e-06 0)
(0 -9.2850194e-06 0)
(0 -9.7923141e-06 0)
(0 -1.0151549e-05 0)
(0 -1.0326738e-05 0)
(0 -1.027389e-05 0)
(0 -9.9392904e-06 0)
(0 -9.2574779e-06 0)
(0 -8.1493271e-06 0)
(0 -6.5199649e-06 0)
(0 -3.8335725e-06 0)
(0 -5.0109986e-07 0)
(0 -1.500598e-06 0)
(0 -2.4918401e-06 0)
(0 -3.4688174e-06 0)
(0 -4.424746e-06 0)
(0 -5.3517169e-06 0)
(0 -6.2403054e-06 0)
(0 -7.0791253e-06 0)
(0 -7.8543126e-06 0)
(0 -8.5489212e-06 0)
(0 -9.1422135e-06 0)
(0 -9.6088249e-06 0)
(0 -9.9177872e-06 0)
(0 -1.0031389e-05 0)
(0 -9.9038421e-06 0)
(0 -9.4796988e-06 0)
(0 -8.6920305e-06 0)
(0 -7.4609396e-06 0)
(0 -5.6946616e-06 0)
(0 -3.0631717e-06 0)
(0 -5.0026575e-07 0)
(0 -1.4979485e-06 0)
(0 -2.4869295e-06 0)
(0 -3.4608847e-06 0)
(0 -4.4126854e-06 0)
(0 -5.334036e-06 0)
(0 -6.2150689e-06 0)
(0 -7.0438841e-06 0)
(0 -7.806016e-06 0)
(0 -8.4838137e-06 0)
(0 -9.0557163e-06 0)
(0 -9.49541e-06 0)
(0 -9.7708553e-06 0)
(0 -9.8431739e-06 0)
(0 -9.6653601e-06 0)
(0 -9.1807256e-06 0)
(0 -8.3209784e-06 0)
(0 -7.0043068e-06 0)
(0 -5.1341269e-06 0)
(0 -2.5404161e-06 0)
(0 -5.0069783e-07 0)
(0 -1.4991665e-06 0)
(0 -2.4886973e-06 0)
(0 -3.4627988e-06 0)
(0 -4.4141587e-06 0)
(0 -5.3342747e-06 0)
(0 -6.2130413e-06 0)
(0 -7.0382812e-06 0)
(0 -7.7952032e-06 0)
(0 -8.4657734e-06 0)
(0 -9.0279827e-06 0)
(0 -9.4549991e-06 0)
(0 -9.7141974e-06 0)
(0 -9.7660573e-06 0)
(0 -9.562892e-06 0)
(0 -9.0472817e-06 0)
(0 -8.150054e-06 0)
(0 -6.788226e-06 0)
(0 -4.8645759e-06 0)
(0 -2.2236659e-06 0)
(0 -5.0243046e-07 0)
(0 -1.5043565e-06 0)
(0 -2.4973222e-06 0)
(0 -3.4748199e-06 0)
(0 -4.4295181e-06 0)
(0 -5.3528907e-06 0)
(0 -6.2348033e-06 0)
(0 -7.0630418e-06 0)
(0 -7.8227691e-06 0)
(0 -8.4958941e-06 0)
(0 -9.0603363e-06 0)
(0 -9.4891754e-06 0)
(0 -9.7496783e-06 0)
(0 -9.8021932e-06 0)
(0 -9.5988746e-06 0)
(0 -9.0821087e-06 0)
(0 -8.1824702e-06 0)
(0 -6.8165863e-06 0)
(0 -4.8865118e-06 0)
(0 -2.1920632e-06 0)
(0 -5.0546671e-07 0)
(0 -1.513528e-06 0)
(0 -2.5128209e-06 0)
(0 -3.4969731e-06 0)
(0 -4.4587988e-06 0)
(0 -5.3899323e-06 0)
(0 -6.2804193e-06 0)
(0 -7.1182503e-06 0)
(0 -7.8888235e-06 0)
(0 -8.5743168e-06 0)
(0 -9.1529567e-06 0)
(0 -9.598166e-06 0)
(0 -9.8775825e-06 0)
(0 -9.9519355e-06 0)
(0 -9.7737464e-06 0)
(0 -9.2857564e-06 0)
(0 -8.4189476e-06 0)
(0 -7.0904467e-06 0)
(0 -5.2016852e-06 0)
(0 -2.3644985e-06 0)
(0 -5.0977827e-07 0)
(0 -1.5265951e-06 0)
(0 -2.5350474e-06 0)
(0 -3.5290477e-06 0)
(0 -4.5017187e-06 0)
(0 -5.4450371e-06 0)
(0 -6.3494354e-06 0)
(0 -7.2033485e-06 0)
(0 -7.9926878e-06 0)
(0 -8.7002262e-06 0)
(0 -9.3048756e-06 0)
(0 -9.7808373e-06 0)
(0 -1.0096609e-05 0)
(0 -1.0213831e-05 0)
(0 -1.0085936e-05 0)
(0 -9.6565523e-06 0)
(0 -8.8576465e-06 0)
(0 -7.6079072e-06 0)
(0 -5.8132862e-06 0)
(0 -2.8427189e-06 0)
(0 -5.1530582e-07 0)
(0 -1.543378e-06 0)
(0 -2.5636949e-06 0)
(0 -3.5705997e-06 0)
(0 -4.5576817e-06 0)
(0 -5.5174366e-06 0)
(0 -6.4408859e-06 0)
(0 -7.317142e-06 0)
(0 -8.1329031e-06 0)
(0 -8.8718583e-06 0)
(0 -9.5139824e-06 0)
(0 -1.0034696e-05 0)
(0 -1.0403864e-05 0)
(0 -1.05846e-05 0)
(0 -1.0531832e-05 0)
(0 -1.0190581e-05 0)
(0 -9.4939749e-06 0)
(0 -8.3614055e-06 0)
(0 -6.6963515e-06 0)
(0 -3.4978505e-06 0)
(0 -5.2195996e-07 0)
(0 -1.5636052e-06 0)
(0 -2.5983008e-06 0)
(0 -3.620959e-06 0)
(0 -4.6257869e-06 0)
(0 -5.6059682e-06 0)
(0 -6.5533065e-06 0)
(0 -7.4578166e-06 0)
(0 -8.3072477e-06 0)
(0 -9.0865184e-06 0)
(0 -9.7770399e-06 0)
(0 -1.0355897e-05 0)
(0 -1.079485e-05 0)
(0 -1.1059098e-05 0)
(0 -1.1105744e-05 0)
(0 -1.0881853e-05 0)
(0 -1.0322126e-05 0)
(0 -9.3471976e-06 0)
(0 -7.8712388e-06 0)
(0 -4.502958e-06 0)
(0 -5.2962261e-07 0)
(0 -1.5869185e-06 0)
(0 -2.6382536e-06 0)
(0 -3.6792393e-06 0)
(0 -4.704842e-06 0)
(0 -5.7090919e-06 0)
(0 -6.6847562e-06 0)
(0 -7.6229639e-06 0)
(0 -8.5127664e-06 0)
(0 -9.3406125e-06 0)
(0 -1.0089714e-05 0)
(0 -1.0739264e-05 0)
(0 -1.1263462e-05 0)
(0 -1.1630269e-05 0)
(0 -1.179977e-05 0)
(0 -1.1721957e-05 0)
(0 -1.1333544e-05 0)
(0 -1.0552813e-05 0)
(0 -9.2668067e-06 0)
(0 -7.2533356e-06 0)
(0 -5.3814881e-07 0)
(0 -1.6128777e-06 0)
(0 -2.6828026e-06 0)
(0 -3.7443526e-06 0)
(0 -4.7933828e-06 0)
(0 -5.8249149e-06 0)
(0 -6.8328466e-06 0)
(0 -7.8096168e-06 0)
(0 -8.7458117e-06 0)
(0 -9.6296925e-06 0)
(0 -1.0446618e-05 0)
(0 -1.1178325e-05 0)
(0 -1.1802005e-05 0)
(0 -1.2289097e-05 0)
(0 -1.2603633e-05 0)
(0 -1.2699857e-05 0)
(0 -1.2518578e-05 0)
(0 -1.198105e-05 0)
(0 -1.0978319e-05 0)
(0 -9.3624439e-06 0)
(0 -5.473691e-07 0)
(0 -1.6409684e-06 0)
(0 -2.7310698e-06 0)
(0 -3.8150258e-06 0)
(0 -4.8896952e-06 0)
(0 -5.9512207e-06 0)
(0 -6.9947791e-06 0)
(0 -8.0142941e-06 0)
(0 -9.0020965e-06 0)
(0 -9.9485168e-06 0)
(0 -1.0841381e-05 0)
(0 -1.1665377e-05 0)
(0 -1.2401228e-05 0)
(0 -1.3024584e-05 0)
(0 -1.3504463e-05 0)
(0 -1.3800949e-05 0)
(0 -1.3861543e-05 0)
(0 -1.3615024e-05 0)
(0 -1.2960499e-05 0)
(0 -1.1746874e-05 0)
(0 -5.5709215e-07 0)
(0 -1.6706098e-06 0)
(0 -2.7820641e-06 0)
(0 -3.8898215e-06 0)
(0 -4.9918437e-06 0)
(0 -6.085505e-06 0)
(0 -7.1673895e-06 0)
(0 -8.2330558e-06 0)
(0 -9.2767613e-06 0)
(0 -1.0291129e-05 0)
(0 -1.1266734e-05 0)
(0 -1.2191582e-05 0)
(0 -1.3050421e-05 0)
(0 -1.3823801e-05 0)
(0 -1.4486751e-05 0)
(0 -1.5006782e-05 0)
(0 -1.5340758e-05 0)
(0 -1.5429671e-05 0)
(0 -1.518945e-05 0)
(0 -1.4493263e-05 0)
(0 -5.6710779e-07 0)
(0 -1.7011639e-06 0)
(0 -2.8346967e-06 0)
(0 -3.9671609e-06 0)
(0 -5.0977016e-06 0)
(0 -6.2250158e-06 0)
(0 -7.3471984e-06 0)
(0 -8.461566e-06 0)
(0 -9.5644502e-06 0)
(0 -1.0650949e-05 0)
(0 -1.1714621e-05 0)
(0 -1.2747094e-05 0)
(0 -1.3737555e-05 0)
(0 -1.4672047e-05 0)
(0 -1.5532486e-05 0)
(0 -1.6295197e-05 0)
(0 -1.6928679e-05 0)
(0 -1.7390106e-05 0)
(0 -1.7619767e-05 0)
(0 -1.7532772e-05 0)
(0 -1.6652732e-05 0)
(0 -1.6166205e-05 0)
(0 -1.2896511e-05 0)
(0 -1.1906148e-05 0)
(0 -1.0534529e-05 0)
(0 -8.143922e-06 0)
(0 -5.4353411e-06 0)
(0 -2.4226194e-06 0)
(0 -1.1725686e-06 0)
(0 -3.2793904e-06 0)
(0 -1.1783746e-05 0)
(0 -2.9039307e-05 0)
(0 -6.6184375e-05 0)
(0 -0.00010677859 0)
(0 -0.00021217124 0)
(0 -0.00028530342 0)
(0 -0.00036642454 0)
(0 -1.3116914e-05 0)
(0 -1.0283881e-05 0)
(0 -8.5732457e-06 0)
(0 -6.5032176e-06 0)
(0 -3.7088539e-06 0)
(0 -9.1009244e-07 0)
(0 -1.2096909e-05 0)
(0 -4.6875238e-05 0)
(0 -0.00012252641 0)
(0 -0.00026087448 0)
(0 -0.0003607018 0)
(0 -8.4406428e-06 0)
(0 -6.8236378e-06 0)
(0 -4.6490802e-06 0)
(0 -1.8839205e-06 0)
(0 -4.8418119e-05 0)
(0 -0.0001510844 0)
(0 -0.00024319659 0)
(0 -5.9252796e-06 0)
(0 -3.9753942e-06 0)
(0 -1.4550562e-06 0)
(0 -6.5251326e-05 0)
(0 -0.00021752687 0)
(0 -4.020153e-06 0)
(0 -1.7039365e-06 0)
(0 -8.0075598e-06 0)
(0 -0.0001756285 0)
(0 -2.4537452e-06 0)
(0 -3.2248796e-07 0)
(0 -6.997252e-05 0)
(0 -1.2267805e-06 0)
(0 -4.1693878e-07 0)
(0 -1.5562439e-07 0)
(0 -2.0159362e-07 0)
(0 -6.5483304e-07 0)
(0 -1.5113761e-06 0)
(0 -1.3671602e-05 0)
(0 -3.3325704e-06 0)
(0 -6.0158136e-07 0)
(0 -7.5400176e-05 0)
(0 -5.2213058e-06 0)
(0 -2.2580162e-06 0)
(0 -1.4704208e-05 0)
(0 -0.00017854257 0)
(0 -1.0036475e-05 0)
(0 -5.7513486e-06 0)
(0 -2.2397078e-06 0)
(0 -6.5074646e-06 0)
(0 -0.00011418762 0)
(0 -0.000212141 0)
(0 -1.3356406e-05 0)
(0 -1.1998868e-05 0)
(0 -6.8585509e-06 0)
(0 -2.8813834e-06 0)
(0 -3.3679202e-07 0)
(0 -8.278502e-06 0)
(0 -8.8894802e-05 0)
(0 -0.00024274265 0)
(0 -0.00033596097 0)
(0 -1.7097836e-05 0)
(0 -1.6514194e-05 0)
(0 -1.095827e-05 0)
(0 -9.4101025e-06 0)
(0 -7.1736997e-06 0)
(0 -2.619323e-06 0)
(0 -2.6699104e-06 0)
(0 -2.2963304e-05 0)
(0 -7.8782427e-05 0)
(0 -0.00012980233 0)
(0 -0.00026929185 0)
(0 -0.00034507287 0)
(0 -0.00051304325 0)
(0 -0.00069407837 0)
(0 -0.00082981007 0)
(0 -0.00092664676 0)
(0 -0.00099543925 0)
(0 -0.0010449193 0)
(0 -0.0010810993 0)
(0 -0.0011079663 0)
(0 -0.0011281666 0)
(0 -0.0011434814 0)
(0 -0.0011551261 0)
(0 -0.0011639317 0)
(0 -0.0011704671 0)
(0 -0.0011751136 0)
(0 -0.0011781729 0)
(0 -0.0011798085 0)
(0 -0.0011800989 0)
(0 -0.0011791416 0)
(0 -0.0011768378 0)
(0 -0.0011730605 0)
(0 -0.0011674241 0)
(0 -0.0011595597 0)
(0 -0.0011487926 0)
(0 -0.0011340557 0)
(0 -0.0011139622 0)
(0 -0.0010863777 0)
(0 -0.0010482479 0)
(0 -0.00099654697 0)
(0 -0.00093099058 0)
(0 -0.00085777667 0)
(0 -0.00078318513 0)
(0 -0.00071147181 0)
(0 -0.00064474282 0)
(0 -0.00058370238 0)
(0 -0.0005283308 0)
(0 -0.00047828998 0)
(0 -0.00043312919 0)
(0 -0.00039238047 0)
(0 -0.00035559916 0)
(0 -0.00032237869 0)
(0 -0.0002923538 0)
(0 -0.00026519882 0)
(0 -0.00024062406 0)
(0 -0.00021837191 0)
(0 -0.00019821293 0)
(0 -0.00017994241 0)
(0 -0.00016337734 0)
(0 -0.00014835378 0)
(0 -0.00013472462 0)
(0 -0.00012235757 0)
(0 -0.00011113356 0)
(0 -0.00010094524 0)
(0 -9.16957e-05 0)
(0 -8.3297422e-05 0)
(0 -7.567126e-05 0)
(0 -6.8745604e-05 0)
(0 -6.2455624e-05 0)
(0 -5.6742593e-05 0)
(0 -5.1553293e-05 0)
(0 -4.6839477e-05 0)
(0 -4.2557394e-05 0)
(0 -3.8667356e-05 0)
(0 -3.5133354e-05 0)
(0 -3.192271e-05 0)
(0 -2.9005766e-05 0)
(0 -2.6355597e-05 0)
(0 -2.3947757e-05 0)
(0 -2.1760052e-05 0)
(0 -1.9772326e-05 0)
(0 -1.7966276e-05 0)
(0 -1.6325277e-05 0)
(0 -1.4834229e-05 0)
(0 -1.347942e-05 0)
(0 -1.2248389e-05 0)
(0 -1.112982e-05 0)
(0 -1.0113433e-05 0)
(0 -9.1898871e-06 0)
(0 -8.3506982e-06 0)
(0 -7.5881572e-06 0)
(0 -6.8952606e-06 0)
(0 -6.2656453e-06 0)
(0 -5.6935298e-06 0)
(0 -5.1736614e-06 0)
(0 -4.7012675e-06 0)
(0 -4.2720115e-06 0)
(0 -3.8819535e-06 0)
(0 -3.5275132e-06 0)
(0 -3.2054377e-06 0)
(0 -2.9127711e-06 0)
(0 -2.6468278e-06 0)
(0 -2.4051673e-06 0)
(0 -2.1855721e-06 0)
(0 -1.9860273e-06 0)
(0 -1.804702e-06 0)
(0 -1.6399324e-06 0)
(0 -1.490207e-06 0)
(0 -1.3541519e-06 0)
(0 -1.2305189e-06 0)
(0 -1.1181739e-06 0)
(0 -1.0160861e-06 0)
(0 -9.2331898e-07 0)
(0 -8.3902155e-07 0)
(0 -7.6242046e-07 0)
(0 -6.9281303e-07 0)
(0 -6.295607e-07 0)
(0 -5.7208325e-07 0)
(0 -5.1985342e-07 0)
(0 -4.7239209e-07 0)
(0 -4.2926389e-07 0)
(0 -3.9007322e-07 0)
(0 -3.5446056e-07 0)
(0 -3.2209925e-07 0)
(0 -2.9269245e-07 0)
(0 -2.659704e-07 0)
(0 -2.4168799e-07 0)
(0 -2.1962249e-07 0)
(0 -1.9957149e-07 0)
(0 -1.8135107e-07 0)
(0 -1.647941e-07 0)
(0 -1.4974872e-07 0)
(0 -1.360769e-07 0)
(0 -1.2365326e-07 0)
(0 -1.1236382e-07 0)
(0 -1.0210504e-07 0)
(0 -9.2782815e-08 0)
(0 -8.431164e-08 0)
(0 -7.6613812e-08 0)
(0 -6.9618722e-08 0)
(0 -6.3262207e-08 0)
(0 -5.7485963e-08 0)
(0 -5.2237005e-08 0)
(0 -4.7467189e-08 0)
(0 -4.3132764e-08 0)
(0 -3.9193971e-08 0)
(0 -3.5614683e-08 0)
(0 -3.2362069e-08 0)
(0 -2.9406293e-08 0)
(0 -2.6720245e-08 0)
(0 -2.4279287e-08 0)
(0 -2.2061029e-08 0)
(0 -2.0045124e-08 0)
(0 -1.8213081e-08 0)
(0 -1.6548097e-08 0)
(0 -1.5034898e-08 0)
(0 -1.3659607e-08 0)
(0 -1.2409607e-08 0)
(0 -1.1273433e-08 0)
(0 -1.0240663e-08 0)
(0 -9.3018259e-09 0)
(0 -8.4483086e-09 0)
(0 -7.6722827e-09 0)
(0 -6.9666303e-09 0)
(0 -6.3248787e-09 0)
(0 -5.7411415e-09 0)
(0 -5.2100644e-09 0)
(0 -4.7267762e-09 0)
(0 -4.286844e-09 0)
(0 -3.8862325e-09 0)
(0 -3.5212672e-09 0)
(0 -3.1886003e-09 0)
(0 -2.8851807e-09 0)
(0 -2.6082251e-09 0)
(0 -2.3551932e-09 0)
(0 -2.1237641e-09 0)
(0 -1.9118151e-09 0)
(0 -1.717402e-09 0)
(0 -1.5387417e-09 0)
(0 -1.3741953e-09 0)
(0 -1.2222536e-09 0)
(0 -1.081523e-09 0)
(0 -9.507125e-10 0)
(0 -8.2862233e-10 0)
(0 -7.1413264e-10 0)
(0 -6.0619326e-10 0)
(0 -5.0381414e-10 0)
(0 -4.0605621e-10 0)
(0 -3.1202279e-10 0)
(0 -2.2085137e-10 0)
(0 -1.317057e-10 0)
(0 -4.3768079e-11 0)
(0 -0.00053714925 0)
(0 -0.00074164777 0)
(0 -0.00088580023 0)
(0 -0.00098365729 0)
(0 -0.0010507857 0)
(0 -0.0010979285 0)
(0 -0.0011318388 0)
(0 -0.0011567352 0)
(0 -0.0011753054 0)
(0 -0.001189308 0)
(0 -0.001199919 0)
(0 -0.0012079254 0)
(0 -0.0012138556 0)
(0 -0.0012180435 0)
(0 -0.0012207952 0)
(0 -0.0012222483 0)
(0 -0.0012224481 0)
(0 -0.0012215572 0)
(0 -0.0012194346 0)
(0 -0.0012160138 0)
(0 -0.001210827 0)
(0 -0.001203593 0)
(0 -0.0011936368 0)
(0 -0.0011798029 0)
(0 -0.0011606841 0)
(0 -0.0011338827 0)
(0 -0.0010955163 0)
(0 -0.0010411699 0)
(0 -0.00096947605 0)
(0 -0.00088923739 0)
(0 -0.00080831798 0)
(0 -0.00073156101 0)
(0 -0.00066100669 0)
(0 -0.00059709233 0)
(0 -0.00053953989 0)
(0 -0.00048781383 0)
(0 -0.00044132376 0)
(0 -0.00039950515 0)
(0 -0.00036184658 0)
(0 -0.00032789486 0)
(0 -0.00029725163 0)
(0 -0.00026956732 0)
(0 -0.00024453472 0)
(0 -0.00022188307 0)
(0 -0.00020137293 0)
(0 -0.00018279187 0)
(0 -0.0001659508 0)
(0 -0.00015068092 0)
(0 -0.00013683114 0)
(0 -0.00012426597 0)
(0 -0.00011286362 0)
(0 -0.00010251445 0)
(0 -9.311964e-05 0)
(0 -8.4589978e-05 0)
(0 -7.6844875e-05 0)
(0 -6.9811456e-05 0)
(0 -6.3423774e-05 0)
(0 -5.7622117e-05 0)
(0 -5.2352387e-05 0)
(0 -4.7565557e-05 0)
(0 -4.3217172e-05 0)
(0 -3.9266915e-05 0)
(0 -3.5678209e-05 0)
(0 -3.2417866e-05 0)
(0 -2.9455764e-05 0)
(0 -2.6764559e-05 0)
(0 -2.4319429e-05 0)
(0 -2.2097834e-05 0)
(0 -2.0079309e-05 0)
(0 -1.8245268e-05 0)
(0 -1.6578828e-05 0)
(0 -1.506466e-05 0)
(0 -1.3688836e-05 0)
(0 -1.2438707e-05 0)
(0 -1.130278e-05 0)
(0 -1.0270617e-05 0)
(0 -9.3327342e-06 0)
(0 -8.4805147e-06 0)
(0 -7.7061311e-06 0)
(0 -7.0024716e-06 0)
(0 -6.3630748e-06 0)
(0 -5.7820698e-06 0)
(0 -5.2541226e-06 0)
(0 -4.7743867e-06 0)
(0 -4.3384584e-06 0)
(0 -3.9423367e-06 0)
(0 -3.5823858e-06 0)
(0 -3.2553025e-06 0)
(0 -2.958085e-06 0)
(0 -2.688006e-06 0)
(0 -2.4425871e-06 0)
(0 -2.2195765e-06 0)
(0 -2.016928e-06 0)
(0 -1.8327822e-06 0)
(0 -1.6654495e-06 0)
(0 -1.5133949e-06 0)
(0 -1.3752231e-06 0)
(0 -1.2496668e-06 0)
(0 -1.1355738e-06 0)
(0 -1.0318977e-06 0)
(0 -9.3768719e-07 0)
(0 -8.5207813e-07 0)
(0 -7.7428514e-07 0)
(0 -7.035946e-07 0)
(0 -6.3935803e-07 0)
(0 -5.8098618e-07 0)
(0 -5.279436e-07 0)
(0 -4.7974371e-07 0)
(0 -4.3594437e-07 0)
(0 -3.9614382e-07 0)
(0 -3.5997696e-07 0)
(0 -3.2711205e-07 0)
(0 -2.9724761e-07 0)
(0 -2.701097e-07 0)
(0 -2.454494e-07 0)
(0 -2.230405e-07 0)
(0 -2.0267746e-07 0)
(0 -1.8417348e-07 0)
(0 -1.6735884e-07 0)
(0 -1.520793e-07 0)
(0 -1.3819471e-07 0)
(0 -1.2557771e-07 0)
(0 -1.1411258e-07 0)
(0 -1.0369414e-07 0)
(0 -9.4226833e-08 0)
(0 -8.562382e-08 0)
(0 -7.7806189e-08 0)
(0 -7.0702232e-08 0)
(0 -6.4246789e-08 0)
(0 -5.8380646e-08 0)
(0 -5.3049997e-08 0)
(0 -4.8205947e-08 0)
(0 -4.3804063e-08 0)
(0 -3.9803969e-08 0)
(0 -3.6168975e-08 0)
(0 -3.2865738e-08 0)
(0 -2.9863961e-08 0)
(0 -2.7136108e-08 0)
(0 -2.465716e-08 0)
(0 -2.2404378e-08 0)
(0 -2.0357098e-08 0)
(0 -1.8496542e-08 0)
(0 -1.6805645e-08 0)
(0 -1.5268896e-08 0)
(0 -1.38722e-08 0)
(0 -1.2602745e-08 0)
(0 -1.1448888e-08 0)
(0 -1.0400045e-08 0)
(0 -9.4465961e-09 0)
(0 -8.579795e-09 0)
(0 -7.7916914e-09 0)
(0 -7.0750564e-09 0)
(0 -6.4233168e-09 0)
(0 -5.8304945e-09 0)
(0 -5.291152e-09 0)
(0 -4.8003421e-09 0)
(0 -4.3535629e-09 0)
(0 -3.9467165e-09 0)
(0 -3.5760709e-09 0)
(0 -3.2382266e-09 0)
(0 -2.9300846e-09 0)
(0 -2.6488186e-09 0)
(0 -2.3918486e-09 0)
(0 -2.1568176e-09 0)
(0 -1.9415699e-09 0)
(0 -1.7441311e-09 0)
(0 -1.5626901e-09 0)
(0 -1.3955828e-09 0)
(0 -1.2412764e-09 0)
(0 -1.0983554e-09 0)
(0 -9.6550905e-10 0)
(0 -8.4151872e-10 0)
(0 -7.2524715e-10 0)
(0 -6.1562784e-10 0)
(0 -5.1165533e-10 0)
(0 -4.1237592e-10 0)
(0 -3.16879e-10 0)
(0 -2.2428863e-10 0)
(0 -1.3375552e-10 0)
(0 -4.444927e-11 0)
(0 -0.00056790682 0)
(0 -0.00079849243 0)
(0 -0.00094905321 0)
(0 -0.0010455428 0)
(0 -0.0011093334 0)
(0 -0.0011530782 0)
(0 -0.0011840529 0)
(0 -0.0012065525 0)
(0 -0.0012232129 0)
(0 -0.0012357158 0)
(0 -0.0012451675 0)
(0 -0.0012522898 0)
(0 -0.0012575611 0)
(0 -0.0012612414 0)
(0 -0.0012636632 0)
(0 -0.001264926 0)
(0 -0.0012650091 0)
(0 -0.0012642067 0)
(0 -0.0012622757 0)
(0 -0.0012592855 0)
(0 -0.0012545937 0)
(0 -0.0012480974 0)
(0 -0.0012391355 0)
(0 -0.0012264272 0)
(0 -0.0012086613 0)
(0 -0.0011832522 0)
(0 -0.0011453355 0)
(0 -0.0010885393 0)
(0 -0.0010093014 0)
(0 -0.00092078799 0)
(0 -0.00083277381 0)
(0 -0.00075065216 0)
(0 -0.00067620569 0)
(0 -0.00060946347 0)
(0 -0.00054981666 0)
(0 -0.00049650019 0)
(0 -0.00044877131 0)
(0 -0.00040596467 0)
(0 -0.00036750134 0)
(0 -0.00033288206 0)
(0 -0.00030167637 0)
(0 -0.00027351185 0)
(0 -0.00024806468 0)
(0 -0.00022505179 0)
(0 -0.00020422446 0)
(0 -0.00018536309 0)
(0 -0.000168273 0)
(0 -0.00015278093 0)
(0 -0.00013873222 0)
(0 -0.0001259884 0)
(0 -0.00011442523 0)
(0 -0.00010393102 0)
(0 -9.4405197e-05 0)
(0 -8.5757038e-05 0)
(0 -7.7904649e-05 0)
(0 -7.0774013e-05 0)
(0 -6.4298179e-05 0)
(0 -5.8416547e-05 0)
(0 -5.3074231e-05 0)
(0 -4.8221496e-05 0)
(0 -4.3813258e-05 0)
(0 -3.9808633e-05 0)
(0 -3.6170533e-05 0)
(0 -3.2865309e-05 0)
(0 -2.9862421e-05 0)
(0 -2.7134152e-05 0)
(0 -2.4655337e-05 0)
(0 -2.2403128e-05 0)
(0 -2.0356777e-05 0)
(0 -1.8497444e-05 0)
(0 -1.6808018e-05 0)
(0 -1.5272957e-05 0)
(0 -1.3878143e-05 0)
(0 -1.2610754e-05 0)
(0 -1.1459139e-05 0)
(0 -1.0412718e-05 0)
(0 -9.4618756e-06 0)
(0 -8.5978778e-06 0)
(0 -7.8127894e-06 0)
(0 -7.0994008e-06 0)
(0 -6.4511618e-06 0)
(0 -5.8621207e-06 0)
(0 -5.3268701e-06 0)
(0 -4.8404967e-06 0)
(0 -4.3985364e-06 0)
(0 -3.9969326e-06 0)
(0 -3.6319998e-06 0)
(0 -3.3003888e-06 0)
(0 -2.9990568e-06 0)
(0 -2.7252386e-06 0)
(0 -2.4764217e-06 0)
(0 -2.2503231e-06 0)
(0 -2.0448683e-06 0)
(0 -1.8581723e-06 0)
(0 -1.6885221e-06 0)
(0 -1.5343615e-06 0)
(0 -1.394276e-06 0)
(0 -1.2669804e-06 0)
(0 -1.1513071e-06 0)
(0 -1.0461948e-06 0)
(0 -9.5067918e-07 0)
(0 -8.6388414e-07 0)
(0 -7.8501343e-07 0)
(0 -7.1334353e-07 0)
(0 -6.4821701e-07 0)
(0 -5.8903644e-07 0)
(0 -5.3525895e-07 0)
(0 -4.8639124e-07 0)
(0 -4.4198504e-07 0)
(0 -4.0163303e-07 0)
(0 -3.6496505e-07 0)
(0 -3.3164476e-07 0)
(0 -3.0136652e-07 0)
(0 -2.7385259e-07 0)
(0 -2.4885058e-07 0)
(0 -2.2613118e-07 0)
(0 -2.0548597e-07 0)
(0 -1.8672559e-07 0)
(0 -1.6967795e-07 0)
(0 -1.5418669e-07 0)
(0 -1.4010971e-07 0)
(0 -1.2731788e-07 0)
(0 -1.1569387e-07 0)
(0 -1.0513106e-07 0)
(0 -9.5532565e-08 0)
(0 -8.6810339e-08 0)
(0 -7.8884378e-08 0)
(0 -7.168198e-08 0)
(0 -6.5137082e-08 0)
(0 -5.9189651e-08 0)
(0 -5.3785134e-08 0)
(0 -4.8873958e-08 0)
(0 -4.4411075e-08 0)
(0 -4.0355551e-08 0)
(0 -3.6670185e-08 0)
(0 -3.3321174e-08 0)
(0 -3.02778e-08 0)
(0 -2.7512146e-08 0)
(0 -2.4998846e-08 0)
(0 -2.2714846e-08 0)
(0 -2.0639196e-08 0)
(0 -1.8752858e-08 0)
(0 -1.7038529e-08 0)
(0 -1.5480485e-08 0)
(0 -1.4064434e-08 0)
(0 -1.2777388e-08 0)
(0 -1.1607541e-08 0)
(0 -1.0544164e-08 0)
(0 -9.5775026e-09 0)
(0 -8.6986898e-09 0)
(0 -7.899665e-09 0)
(0 -7.1730992e-09 0)
(0 -6.5123281e-09 0)
(0 -5.9112908e-09 0)
(0 -5.3644743e-09 0)
(0 -4.866863e-09 0)
(0 -4.4138926e-09 0)
(0 -4.0014083e-09 0)
(0 -3.6256265e-09 0)
(0 -3.2831004e-09 0)
(0 -2.9706884e-09 0)
(0 -2.6855247e-09 0)
(0 -2.4249937e-09 0)
(0 -2.1867058e-09 0)
(0 -1.9684753e-09 0)
(0 -1.7683005e-09 0)
(0 -1.5843452e-09 0)
(0 -1.4149222e-09 0)
(0 -1.2584774e-09 0)
(0 -1.1135759e-09 0)
(0 -9.7888864e-10 0)
(0 -8.5318011e-10 0)
(0 -7.352973e-10 0)
(0 -6.2415894e-10 0)
(0 -5.1874562e-10 0)
(0 -4.1809044e-10 0)
(0 -3.2127017e-10 0)
(0 -2.2739672e-10 0)
(0 -1.3560904e-10 0)
(0 -4.5065228e-11 0)
(0 -0.00060278304 0)
(0 -0.00086763817 0)
(0 -0.0010207381 0)
(0 -0.0011125639 0)
(0 -0.0011710435 0)
(0 -0.0012102502 0)
(0 -0.0012376143 0)
(0 -0.0012573024 0)
(0 -0.001271788 0)
(0 -0.0012826167 0)
(0 -0.0012907949 0)
(0 -0.0012969575 0)
(0 -0.0013015288 0)
(0 -0.0013046487 0)
(0 -0.0013067245 0)
(0 -0.0013077995 0)
(0 -0.0013077187 0)
(0 -0.0013070419 0)
(0 -0.0013052914 0)
(0 -0.0013028328 0)
(0 -0.0012986523 0)
(0 -0.0012929988 0)
(0 -0.0012852333 0)
(0 -0.0012738567 0)
(0 -0.0012578502 0)
(0 -0.0012345966 0)
(0 -0.0011981228 0)
(0 -0.0011394134 0)
(0 -0.0010505417 0)
(0 -0.00095221382 0)
(0 -0.00085626124 0)
(0 -0.00076850146 0)
(0 -0.00069016448 0)
(0 -0.00062069516 0)
(0 -0.00055907815 0)
(0 -0.00050429113 0)
(0 -0.00045543046 0)
(0 -0.00041172875 0)
(0 -0.00037254075 0)
(0 -0.0003373229 0)
(0 -0.00030561441 0)
(0 -0.00027702153 0)
(0 -0.0002512051 0)
(0 -0.00022787079 0)
(0 -0.00020676141 0)
(0 -0.0001876509 0)
(0 -0.00017033951 0)
(0 -0.00015465001 0)
(0 -0.00014042451 0)
(0 -0.00012752191 0)
(0 -0.0001158158 0)
(0 -0.00010519265 0)
(0 -9.5550326e-05 0)
(0 -8.6796775e-05 0)
(0 -7.8848943e-05 0)
(0 -7.1631802e-05 0)
(0 -6.5077512e-05 0)
(0 -5.9124687e-05 0)
(0 -5.3717741e-05 0)
(0 -4.8806316e-05 0)
(0 -4.4344767e-05 0)
(0 -4.0291707e-05 0)
(0 -3.6609596e-05 0)
(0 -3.3264377e-05 0)
(0 -3.0225141e-05 0)
(0 -2.7463834e-05 0)
(0 -2.4954989e-05 0)
(0 -2.2675484e-05 0)
(0 -2.0604322e-05 0)
(0 -1.8722436e-05 0)
(0 -1.701251e-05 0)
(0 -1.5458814e-05 0)
(0 -1.4047062e-05 0)
(0 -1.2764276e-05 0)
(0 -1.1598667e-05 0)
(0 -1.0539526e-05 0)
(0 -9.5771218e-06 0)
(0 -8.7026154e-06 0)
(0 -7.9079757e-06 0)
(0 -7.1859061e-06 0)
(0 -6.5297771e-06 0)
(0 -5.9335651e-06 0)
(0 -5.3917973e-06 0)
(0 -4.8995008e-06 0)
(0 -4.4521572e-06 0)
(0 -4.0456612e-06 0)
(0 -3.6762822e-06 0)
(0 -3.3406306e-06 0)
(0 -3.0356264e-06 0)
(0 -2.758471e-06 0)
(0 -2.5066213e-06 0)
(0 -2.2777666e-06 0)
(0 -2.0698072e-06 0)
(0 -1.880835e-06 0)
(0 -1.7091165e-06 0)
(0 -1.5530761e-06 0)
(0 -1.4112824e-06 0)
(0 -1.2824346e-06 0)
(0 -1.1653506e-06 0)
(0 -1.0589564e-06 0)
(0 -9.6227589e-07 0)
(0 -8.7442227e-07 0)
(0 -7.9458959e-07 0)
(0 -7.2204553e-07 0)
(0 -6.5612463e-07 0)
(0 -5.9622219e-07 0)
(0 -5.4178873e-07 0)
(0 -4.9232493e-07 0)
(0 -4.4737705e-07 0)
(0 -4.065328e-07 0)
(0 -3.6941752e-07 0)
(0 -3.3569076e-07 0)
(0 -3.0504315e-07 0)
(0 -2.7719356e-07 0)
(0 -2.5188655e-07 0)
(0 -2.2888998e-07 0)
(0 -2.0799292e-07 0)
(0 -1.8900366e-07 0)
(0 -1.7174805e-07 0)
(0 -1.560678e-07 0)
(0 -1.4181908e-07 0)
(0 -1.2887119e-07 0)
(0 -1.1710537e-07 0)
(0 -1.0641369e-07 0)
(0 -9.6698094e-08 0)
(0 -8.7869456e-08 0)
(0 -7.9846796e-08 0)
(0 -7.2556528e-08 0)
(0 -6.5931781e-08 0)
(0 -5.9911789e-08 0)
(0 -5.4441335e-08 0)
(0 -4.9470241e-08 0)
(0 -4.495291e-08 0)
(0 -4.0847907e-08 0)
(0 -3.7117579e-08 0)
(0 -3.3727709e-08 0)
(0 -3.0647204e-08 0)
(0 -2.7847808e-08 0)
(0 -2.5303845e-08 0)
(0 -2.2991979e-08 0)
(0 -2.0891005e-08 0)
(0 -1.8981653e-08 0)
(0 -1.7246408e-08 0)
(0 -1.5669355e-08 0)
(0 -1.4236027e-08 0)
(0 -1.2933279e-08 0)
(0 -1.174916e-08 0)
(0 -1.0672809e-08 0)
(0 -9.6943532e-09 0)
(0 -8.8048184e-09 0)
(0 -7.9960452e-09 0)
(0 -7.2606149e-09 0)
(0 -6.5917821e-09 0)
(0 -5.9834118e-09 0)
(0 -5.4299238e-09 0)
(0 -4.9262414e-09 0)
(0 -4.4677445e-09 0)
(0 -4.0502276e-09 0)
(0 -3.6698611e-09 0)
(0 -3.3231561e-09 0)
(0 -3.0069324e-09 0)
(0 -2.7182896e-09 0)
(0 -2.45458e-09 0)
(0 -2.2133849e-09 0)
(0 -1.9924918e-09 0)
(0 -1.7898747e-09 0)
(0 -1.6036751e-09 0)
(0 -1.432185e-09 0)
(0 -1.2738315e-09 0)
(0 -1.1271622e-09 0)
(0 -9.9083163e-10 0)
(0 -8.6358938e-10 0)
(0 -7.4426833e-10 0)
(0 -6.3177402e-10 0)
(0 -5.250746e-10 0)
(0 -4.2319138e-10 0)
(0 -3.2518984e-10 0)
(0 -2.3017108e-10 0)
(0 -1.3726355e-10 0)
(0 -4.5615049e-11 0)
(0 -0.00064929999 0)
(0 -0.000954033 0)
(0 -0.0011020079 0)
(0 -0.0011848504 0)
(0 -0.0012358184 0)
(0 -0.0012693198 0)
(0 -0.0012924166 0)
(0 -0.0013089025 0)
(0 -0.0013209688 0)
(0 -0.0013299638 0)
(0 -0.0013367675 0)
(0 -0.0013419026 0)
(0 -0.0013457515 0)
(0 -0.0013482466 0)
(0 -0.0013499685 0)
(0 -0.0013508784 0)
(0 -0.0013505429 0)
(0 -0.0013500653 0)
(0 -0.0013484369 0)
(0 -0.0013466694 0)
(0 -0.0013429616 0)
(0 -0.0013382534 0)
(0 -0.0013319224 0)
(0 -0.0013220376 0)
(0 -0.0013082019 0)
(0 -0.0012880438 0)
(0 -0.0012544192 0)
(0 -0.0011949997 0)
(0 -0.0010932055 0)
(0 -0.00098320575 0)
(0 -0.00087841094 0)
(0 -0.00078483019 0)
(0 -0.00070269778 0)
(0 -0.00063066673 0)
(0 -0.00056724471 0)
(0 -0.0005111326 0)
(0 -0.00046126343 0)
(0 -0.00041677019 0)
(0 -0.00037694466 0)
(0 -0.00034120207 0)
(0 -0.00030905384 0)
(0 -0.00028008691 0)
(0 -0.00025394835 0)
(0 -0.00023033378 0)
(0 -0.00020897853 0)
(0 -0.00018965083 0)
(0 -0.00017214651 0)
(0 -0.00015628485 0)
(0 -0.00014190513 0)
(0 -0.00012886399 0)
(0 -0.0001170331 0)
(0 -0.00010629735 0)
(0 -9.6553252e-05 0)
(0 -8.7707597e-05 0)
(0 -7.9676326e-05 0)
(0 -7.2383534e-05 0)
(0 -6.5760611e-05 0)
(0 -5.9745487e-05 0)
(0 -5.4281968e-05 0)
(0 -4.9319155e-05 0)
(0 -4.4810917e-05 0)
(0 -4.0715429e-05 0)
(0 -3.6994758e-05 0)
(0 -3.3614488e-05 0)
(0 -3.0543391e-05 0)
(0 -2.7753121e-05 0)
(0 -2.5217946e-05 0)
(0 -2.2914505e-05 0)
(0 -2.0821583e-05 0)
(0 -1.8919915e-05 0)
(0 -1.7192004e-05 0)
(0 -1.562196e-05 0)
(0 -1.4195346e-05 0)
(0 -1.289905e-05 0)
(0 -1.1721161e-05 0)
(0 -1.0650856e-05 0)
(0 -9.6783043e-06 0)
(0 -8.7945743e-06 0)
(0 -7.9915509e-06 0)
(0 -7.261861e-06 0)
(0 -6.5988057e-06 0)
(0 -5.9962985e-06 0)
(0 -5.448809e-06 0)
(0 -4.9513123e-06 0)
(0 -4.4992425e-06 0)
(0 -4.088451e-06 0)
(0 -3.7151682e-06 0)
(0 -3.3759687e-06 0)
(0 -3.0677402e-06 0)
(0 -2.7876545e-06 0)
(0 -2.5331417e-06 0)
(0 -2.3018669e-06 0)
(0 -2.0917081e-06 0)
(0 -1.9007372e-06 0)
(0 -1.7272022e-06 0)
(0 -1.5695112e-06 0)
(0 -1.4262175e-06 0)
(0 -1.2960065e-06 0)
(0 -1.1776837e-06 0)
(0 -1.0701638e-06 0)
(0 -9.724603e-07 0)
(0 -8.8367704e-07 0)
(0 -8.0299957e-07 0)
(0 -7.2968782e-07 0)
(0 -6.630693e-07 0)
(0 -6.0253292e-07 0)
(0 -5.4752337e-07 0)
(0 -4.9753606e-07 0)
(0 -4.5211247e-07 0)
(0 -4.1083593e-07 0)
(0 -3.7332782e-07 0)
(0 -3.3924408e-07 0)
(0 -3.0827209e-07 0)
(0 -2.8012773e-07 0)
(0 -2.5455285e-07 0)
(0 -2.3131287e-07 0)
(0 -2.1019461e-07 0)
(0 -1.9100436e-07 0)
(0 -1.7356609e-07 0)
(0 -1.5771986e-07 0)
(0 -1.4332031e-07 0)
(0 -1.3023537e-07 0)
(0 -1.18345e-07 0)
(0 -1.0754015e-07 0)
(0 -9.772171e-08 0)
(0 -8.8799616e-08 0)
(0 -8.0692032e-08 0)
(0 -7.3324592e-08 0)
(0 -6.6629718e-08 0)
(0 -6.0546002e-08 0)
(0 -5.501764e-08 0)
(0 -4.9993923e-08 0)
(0 -4.5428773e-08 0)
(0 -4.1280315e-08 0)
(0 -3.7510499e-08 0)
(0 -3.4084744e-08 0)
(0 -3.097163e-08 0)
(0 -2.8142601e-08 0)
(0 -2.5571707e-08 0)
(0 -2.3235369e-08 0)
(0 -2.1112154e-08 0)
(0 -1.918259e-08 0)
(0 -1.7428976e-08 0)
(0 -1.5835229e-08 0)
(0 -1.4386728e-08 0)
(0 -1.3070189e-08 0)
(0 -1.1873535e-08 0)
(0 -1.078579e-08 0)
(0 -9.7969766e-09 0)
(0 -8.8980253e-09 0)
(0 -8.0806904e-09 0)
(0 -7.337475e-09 0)
(0 -6.661562e-09 0)
(0 -6.0467516e-09 0)
(0 -5.4874045e-09 0)
(0 -4.9783901e-09 0)
(0 -4.5150396e-09 0)
(0 -4.093103e-09 0)
(0 -3.7087099e-09 0)
(0 -3.3583347e-09 0)
(0 -3.0387635e-09 0)
(0 -2.7470651e-09 0)
(0 -2.480564e-09 0)
(0 -2.2368156e-09 0)
(0 -2.0135841e-09 0)
(0 -1.8088222e-09 0)
(0 -1.6206514e-09 0)
(0 -1.447346e-09 0)
(0 -1.2873162e-09 0)
(0 -1.1390942e-09 0)
(0 -1.0013205e-09 0)
(0 -8.7273126e-10 0)
(0 -7.5214709e-10 0)
(0 -6.3846192e-10 0)
(0 -5.3063299e-10 0)
(0 -4.2767125e-10 0)
(0 -3.2863227e-10 0)
(0 -2.3260765e-10 0)
(0 -1.3871661e-10 0)
(0 -4.6097926e-11 0)
(0 -0.00042746099 0)
(0 -0.0010662703 0)
(0 -0.0011955907 0)
(0 -0.0012640315 0)
(0 -0.0013050436 0)
(0 -0.0013315865 0)
(0 -0.0013497112 0)
(0 -0.0013625684 0)
(0 -0.0013719415 0)
(0 -0.0013789172 0)
(0 -0.0013842287 0)
(0 -0.0013882488 0)
(0 -0.0013913697 0)
(0 -0.0013931316 0)
(0 -0.0013944956 0)
(0 -0.0013953034 0)
(0 -0.0013945232 0)
(0 -0.0013944101 0)
(0 -0.0013927404 0)
(0 -0.0013919738 0)
(0 -0.0013885951 0)
(0 -0.0013849585 0)
(0 -0.0013804154 0)
(0 -0.0013721128 0)
(0 -0.0013608741 0)
(0 -0.0013450362 0)
(0 -0.0013162719 0)
(0 -0.0012586065 0)
(0 -0.0011380331 0)
(0 -0.0010136954 0)
(0 -0.00089874384 0)
(0 -0.00079931955 0)
(0 -0.00071361101 0)
(0 -0.0006392584 0)
(0 -0.00057424005 0)
(0 -0.00051697418 0)
(0 -0.00046623562 0)
(0 -0.00042106443 0)
(0 -0.00038069506 0)
(0 -0.00034450601 0)
(0 -0.00031198418 0)
(0 -0.0002826997 0)
(0 -0.00025628773 0)
(0 -0.00023243527 0)
(0 -0.00021087124 0)
(0 -0.00019135901 0)
(0 -0.00017369069 0)
(0 -0.00015768257 0)
(0 -0.00014317158 0)
(0 -0.00013001242 0)
(0 -0.00011807518 0)
(0 -0.00010724339 0)
(0 -9.7412427e-05 0)
(0 -8.8488117e-05 0)
(0 -8.0385552e-05 0)
(0 -7.3028088e-05 0)
(0 -6.6346462e-05 0)
(0 -6.0278029e-05 0)
(0 -5.4766083e-05 0)
(0 -4.9759263e-05 0)
(0 -4.5211027e-05 0)
(0 -4.1079181e-05 0)
(0 -3.7325454e-05 0)
(0 -3.3915132e-05 0)
(0 -3.0816709e-05 0)
(0 -2.8001593e-05 0)
(0 -2.5443826e-05 0)
(0 -2.3119843e-05 0)
(0 -2.1008243e-05 0)
(0 -1.9089592e-05 0)
(0 -1.7346241e-05 0)
(0 -1.5762157e-05 0)
(0 -1.432278e-05 0)
(0 -1.301488e-05 0)
(0 -1.1826441e-05 0)
(0 -1.0746545e-05 0)
(0 -9.7652754e-06 0)
(0 -8.8736202e-06 0)
(0 -8.0633926e-06 0)
(0 -7.3271542e-06 0)
(0 -6.6581466e-06 0)
(0 -6.050229e-06 0)
(0 -5.4978219e-06 0)
(0 -4.9958555e-06 0)
(0 -4.5397233e-06 0)
(0 -4.1252395e-06 0)
(0 -3.7486009e-06 0)
(0 -3.4063515e-06 0)
(0 -3.0953511e-06 0)
(0 -2.8127463e-06 0)
(0 -2.5559441e-06 0)
(0 -2.3225886e-06 0)
(0 -2.1105389e-06 0)
(0 -1.9178496e-06 0)
(0 -1.742753e-06 0)
(0 -1.5836428e-06 0)
(0 -1.4390593e-06 0)
(0 -1.3076763e-06 0)
(0 -1.1882884e-06 0)
(0 -1.0798005e-06 0)
(0 -9.8121747e-07 0)
(0 -8.9163488e-07 0)
(0 -8.1023103e-07 0)
(0 -7.362592e-07 0)
(0 -6.6904083e-07 0)
(0 -6.0795935e-07 0)
(0 -5.5245445e-07 0)
(0 -5.0201701e-07 0)
(0 -4.5618437e-07 0)
(0 -4.1453611e-07 0)
(0 -3.7669022e-07 0)
(0 -3.4229953e-07 0)
(0 -3.110486e-07 0)
(0 -2.8265078e-07 0)
(0 -2.5684557e-07 0)
(0 -2.3339628e-07 0)
(0 -2.1208782e-07 0)
(0 -1.9272473e-07 0)
(0 -1.7512941e-07 0)
(0 -1.5914045e-07 0)
(0 -1.4461121e-07 0)
(0 -1.3140841e-07 0)
(0 -1.1941095e-07 0)
(0 -1.0850879e-07 0)
(0 -9.8601909e-08 0)
(0 -8.9599454e-08 0)
(0 -8.1418845e-08 0)
(0 -7.3985046e-08 0)
(0 -6.7229871e-08 0)
(0 -6.1091357e-08 0)
(0 -5.55132e-08 0)
(0 -5.0444235e-08 0)
(0 -4.5837965e-08 0)
(0 -4.1652141e-08 0)
(0 -3.7848369e-08 0)
(0 -3.4391758e-08 0)
(0 -3.1250603e-08 0)
(0 -2.8396092e-08 0)
(0 -2.5802041e-08 0)
(0 -2.3444658e-08 0)
(0 -2.130232e-08 0)
(0 -1.9355375e-08 0)
(0 -1.7585966e-08 0)
(0 -1.5977863e-08 0)
(0 -1.4516315e-08 0)
(0 -1.3187917e-08 0)
(0 -1.1980485e-08 0)
(0 -1.0882942e-08 0)
(0 -9.885222e-09 0)
(0 -8.9781735e-09 0)
(0 -8.1534766e-09 0)
(0 -7.4035668e-09 0)
(0 -6.7215655e-09 0)
(0 -6.1012172e-09 0)
(0 -5.5368319e-09 0)
(0 -5.0232326e-09 0)
(0 -4.5557085e-09 0)
(0 -4.1299713e-09 0)
(0 -3.7421159e-09 0)
(0 -3.3885847e-09 0)
(0 -3.066135e-09 0)
(0 -2.7718091e-09 0)
(0 -2.5029075e-09 0)
(0 -2.2569635e-09 0)
(0 -2.0317214e-09 0)
(0 -1.825115e-09 0)
(0 -1.6352493e-09 0)
(0 -1.4603829e-09 0)
(0 -1.2989116e-09 0)
(0 -1.1493545e-09 0)
(0 -1.0103398e-09 0)
(0 -8.8059233e-10 0)
(0 -7.5892201e-10 0)
(0 -6.4421283e-10 0)
(0 -5.3541264e-10 0)
(0 -4.3152347e-10 0)
(0 -3.3159241e-10 0)
(0 -2.3470285e-10 0)
(0 -1.3996609e-10 0)
(0 -4.651315e-11 0)
(0 -0.00051671158 0)
(0 -0.00084210004 0)
(0 -0.00094384929 0)
(0 -0.00098955045 0)
(0 -0.0010162369 0)
(0 -0.0010331231 0)
(0 -0.001044479 0)
(0 -0.0010524504 0)
(0 -0.001058219 0)
(0 -0.0010624895 0)
(0 -0.0010657595 0)
(0 -0.0010696872 0)
(0 -0.0010717365 0)
(0 -0.0010713199 0)
(0 -0.0010736016 0)
(0 -0.0010757144 0)
(0 -0.0010735099 0)
(0 -0.0010727898 0)
(0 -0.0010715607 0)
(0 -0.0010729629 0)
(0 -0.0010677938 0)
(0 -0.0010652482 0)
(0 -0.0010662507 0)
(0 -0.0010598335 0)
(0 -0.001050312 0)
(0 -0.0010448843 0)
(0 -0.0010309891 0)
(0 -0.00099952428 0)
(0 -0.00091296135 0)
(0 -0.001042648 0)
(0 -0.00091665777 0)
(0 -0.00081162399 0)
(0 -0.00072271056 0)
(0 -0.0006463567 0)
(0 -0.00057999423 0)
(0 -0.00052177065 0)
(0 -0.00047031657 0)
(0 -0.00042459007 0)
(0 -0.00038377644 0)
(0 -0.00034722309 0)
(0 -0.00031439649 0)
(0 -0.00028485284 0)
(0 -0.00025821756 0)
(0 -0.00023417059 0)
(0 -0.00021243564 0)
(0 -0.00019277217 0)
(0 -0.00017496923 0)
(0 -0.00015884075 0)
(0 -0.00014422174 0)
(0 -0.00013096535 0)
(0 -0.00011894038 0)
(0 -0.00010802929 0)
(0 -9.8126538e-05 0)
(0 -8.9137159e-05 0)
(0 -8.0975563e-05 0)
(0 -7.3564508e-05 0)
(0 -6.6834203e-05 0)
(0 -6.0721534e-05 0)
(0 -5.5169377e-05 0)
(0 -5.0125997e-05 0)
(0 -4.5544516e-05 0)
(0 -4.1382433e-05 0)
(0 -3.7601207e-05 0)
(0 -3.4165871e-05 0)
(0 -3.1044698e-05 0)
(0 -2.8208889e-05 0)
(0 -2.5632301e-05 0)
(0 -2.3291199e-05 0)
(0 -2.1164031e-05 0)
(0 -1.9231221e-05 0)
(0 -1.7474994e-05 0)
(0 -1.5879201e-05 0)
(0 -1.4429176e-05 0)
(0 -1.3111595e-05 0)
(0 -1.1914353e-05 0)
(0 -1.0826455e-05 0)
(0 -9.8379082e-06 0)
(0 -8.9396377e-06 0)
(0 -8.1233961e-06 0)
(0 -7.3816906e-06 0)
(0 -6.7077131e-06 0)
(0 -6.0952779e-06 0)
(0 -5.5387643e-06 0)
(0 -5.0330652e-06 0)
(0 -4.5735403e-06 0)
(0 -4.1559727e-06 0)
(0 -3.7765313e-06 0)
(0 -3.4317345e-06 0)
(0 -3.1184188e-06 0)
(0 -2.8337096e-06 0)
(0 -2.574995e-06 0)
(0 -2.3399014e-06 0)
(0 -2.1262721e-06 0)
(0 -1.9321472e-06 0)
(0 -1.755746e-06 0)
(0 -1.5954501e-06 0)
(0 -1.4497891e-06 0)
(0 -1.3174269e-06 0)
(0 -1.1971491e-06 0)
(0 -1.0878525e-06 0)
(0 -9.8853457e-07 0)
(0 -8.9828413e-07 0)
(0 -8.1627338e-07 0)
(0 -7.4175001e-07 0)
(0 -6.7403046e-07 0)
(0 -6.1249352e-07 0)
(0 -5.5657474e-07 0)
(0 -5.0576119e-07 0)
(0 -4.5958676e-07 0)
(0 -4.1762792e-07 0)
(0 -3.7949978e-07 0)
(0 -3.4485262e-07 0)
(0 -3.1336863e-07 0)
(0 -2.8475901e-07 0)
(0 -2.5876134e-07 0)
(0 -2.3513716e-07 0)
(0 -2.1366977e-07 0)
(0 -1.9416226e-07 0)
(0 -1.764357e-07 0)
(0 -1.6032749e-07 0)
(0 -1.4568988e-07 0)
(0 -1.3238861e-07 0)
(0 -1.2030166e-07 0)
(0 -1.0931817e-07 0)
(0 -9.9337402e-08 0)
(0 -9.0267797e-08 0)
(0 -8.2026169e-08 0)
(0 -7.4536921e-08 0)
(0 -6.7731358e-08 0)
(0 -6.1547056e-08 0)
(0 -5.5927291e-08 0)
(0 -5.0820514e-08 0)
(0 -4.6179886e-08 0)
(0 -4.1962839e-08 0)
(0 -3.8130693e-08 0)
(0 -3.4648298e-08 0)
(0 -3.1483713e-08 0)
(0 -2.8607909e-08 0)
(0 -2.5994509e-08 0)
(0 -2.3619541e-08 0)
(0 -2.1461222e-08 0)
(0 -1.9499755e-08 0)
(0 -1.7717147e-08 0)
(0 -1.6097048e-08 0)
(0 -1.4624598e-08 0)
(0 -1.3286291e-08 0)
(0 -1.2069852e-08 0)
(0 -1.0964122e-08 0)
(0 -9.95896e-09 0)
(0 -9.0451455e-09 0)
(0 -8.2142969e-09 0)
(0 -7.4587931e-09 0)
(0 -6.7717045e-09 0)
(0 -6.1467288e-09 0)
(0 -5.5781335e-09 0)
(0 -5.0607031e-09 0)
(0 -4.5896915e-09 0)
(0 -4.1607785e-09 0)
(0 -3.7700299e-09 0)
(0 -3.4138616e-09 0)
(0 -3.0890066e-09 0)
(0 -2.7924853e-09 0)
(0 -2.5215778e-09 0)
(0 -2.2737992e-09 0)
(0 -2.0468769e-09 0)
(0 -1.8387293e-09 0)
(0 -1.6474474e-09 0)
(0 -1.4712765e-09 0)
(0 -1.3086008e-09 0)
(0 -1.1579281e-09 0)
(0 -1.0178764e-09 0)
(0 -8.8716106e-10 0)
(0 -7.6458314e-10 0)
(0 -6.490183e-10 0)
(0 -5.3940651e-10 0)
(0 -4.3474239e-10 0)
(0 -3.340659e-10 0)
(0 -2.364536e-10 0)
(0 -1.4101016e-10 0)
(0 -4.6860112e-11 0)
(0 -0.00043539288 0)
(0 -0.00075572983 0)
(0 -0.00080711531 0)
(0 -0.00082764223 0)
(0 -0.00083922207 0)
(0 -0.00084643229 0)
(0 -0.00085122849 0)
(0 -0.00085457017 0)
(0 -0.00085697594 0)
(0 -0.00085875104 0)
(0 -0.0008601203 0)
(0 -0.00086317442 0)
(0 -0.00086705695 0)
(0 -0.00086251225 0)
(0 -0.00086482725 0)
(0 -0.00086968127 0)
(0 -0.00086779574 0)
(0 -0.00086302753 0)
(0 -0.00086472623 0)
(0 -0.00086690875 0)
(0 -0.00086180498 0)
(0 -0.00085576466 0)
(0 -0.00086501755 0)
(0 -0.00085793476 0)
(0 -0.00084813998 0)
(0 -0.00085032056 0)
(0 -0.00084705722 0)
(0 -0.00083370168 0)
(0 -0.00097723744 0)
(0 -0.0010686872 0)
(0 -0.00093142386 0)
(0 -0.0008213976 0)
(0 -0.00072981606 0)
(0 -0.00065186018 0)
(0 -0.00058444671 0)
(0 -0.00052548377 0)
(0 -0.00047348079 0)
(0 -0.00042732945 0)
(0 -0.00038617605 0)
(0 -0.00034934381 0)
(0 -0.00031628348 0)
(0 -0.00028654063 0)
(0 -0.00025973326 0)
(0 -0.00023553598 0)
(0 -0.00021366861 0)
(0 -0.00019388764 0)
(0 -0.00017597986 0)
(0 -0.00015975741 0)
(0 -0.00014505389 0)
(0 -0.00013172126 0)
(0 -0.00011962736 0)
(0 -0.00010865386 0)
(0 -9.8694509e-05 0)
(0 -8.9653756e-05 0)
(0 -8.1445488e-05 0)
(0 -7.3992008e-05 0)
(0 -6.7223122e-05 0)
(0 -6.1075357e-05 0)
(0 -5.5491267e-05 0)
(0 -5.0418828e-05 0)
(0 -4.58109e-05 0)
(0 -4.1624748e-05 0)
(0 -3.7821617e-05 0)
(0 -3.4366345e-05 0)
(0 -3.1227029e-05 0)
(0 -2.8374709e-05 0)
(0 -2.5783098e-05 0)
(0 -2.3428327e-05 0)
(0 -2.1288721e-05 0)
(0 -1.9344597e-05 0)
(0 -1.7578077e-05 0)
(0 -1.5972923e-05 0)
(0 -1.4514382e-05 0)
(0 -1.3189056e-05 0)
(0 -1.1984771e-05 0)
(0 -1.0890467e-05 0)
(0 -9.8960969e-06 0)
(0 -8.9925305e-06 0)
(0 -8.1714738e-06 0)
(0 -7.4253905e-06 0)
(0 -6.7474329e-06 0)
(0 -6.1313793e-06 0)
(0 -5.5715764e-06 0)
(0 -5.0628872e-06 0)
(0 -4.600644e-06 0)
(0 -4.1806058e-06 0)
(0 -3.7989186e-06 0)
(0 -3.4520804e-06 0)
(0 -3.1369094e-06 0)
(0 -2.8505139e-06 0)
(0 -2.5902666e-06 0)
(0 -2.3537799e-06 0)
(0 -2.1388846e-06 0)
(0 -1.943609e-06 0)
(0 -1.7661621e-06 0)
(0 -1.6049158e-06 0)
(0 -1.4583911e-06 0)
(0 -1.3252439e-06 0)
(0 -1.2042528e-06 0)
(0 -1.094308e-06 0)
(0 -9.9440086e-07 0)
(0 -9.0361503e-07 0)
(0 -8.2111774e-07 0)
(0 -7.4615223e-07 0)
(0 -6.7803086e-07 0)
(0 -6.1612879e-07 0)
(0 -5.5987819e-07 0)
(0 -5.0876311e-07 0)
(0 -4.6231466e-07 0)
(0 -4.2010681e-07 0)
(0 -3.817524e-07 0)
(0 -3.4689961e-07 0)
(0 -3.1522875e-07 0)
(0 -2.8644932e-07 0)
(0 -2.6029735e-07 0)
(0 -2.3653295e-07 0)
(0 -2.1493814e-07 0)
(0 -1.9531484e-07 0)
(0 -1.7748306e-07 0)
(0 -1.6127924e-07 0)
(0 -1.4655474e-07 0)
(0 -1.3317451e-07 0)
(0 -1.2101581e-07 0)
(0 -1.0996713e-07 0)
(0 -9.9927108e-08 0)
(0 -9.0803664e-08 0)
(0 -8.2513112e-08 0)
(0 -7.4979405e-08 0)
(0 -6.8133442e-08 0)
(0 -6.1912429e-08 0)
(0 -5.6259302e-08 0)
(0 -5.1122211e-08 0)
(0 -4.6454033e-08 0)
(0 -4.2211952e-08 0)
(0 -3.8357057e-08 0)
(0 -3.485399e-08 0)
(0 -3.1670617e-08 0)
(0 -2.8777741e-08 0)
(0 -2.6148827e-08 0)
(0 -2.375976e-08 0)
(0 -2.1588628e-08 0)
(0 -1.9615516e-08 0)
(0 -1.7822326e-08 0)
(0 -1.619261e-08 0)
(0 -1.4711419e-08 0)
(0 -1.3365167e-08 0)
(0 -1.2141506e-08 0)
(0 -1.1029212e-08 0)
(0 -1.0018082e-08 0)
(0 -9.098843e-09 0)
(0 -8.2630619e-09 0)
(0 -7.5030731e-09 0)
(0 -6.8119055e-09 0)
(0 -6.1832196e-09 0)
(0 -5.6112487e-09 0)
(0 -5.0907465e-09 0)
(0 -4.6169388e-09 0)
(0 -4.1854795e-09 0)
(0 -3.7924111e-09 0)
(0 -3.4341284e-09 0)
(0 -3.1073449e-09 0)
(0 -2.8090632e-09 0)
(0 -2.5365474e-09 0)
(0 -2.2872979e-09 0)
(0 -2.0590284e-09 0)
(0 -1.8496452e-09 0)
(0 -1.6572277e-09 0)
(0 -1.4800109e-09 0)
(0 -1.3163695e-09 0)
(0 -1.1648023e-09 0)
(0 -1.0239191e-09 0)
(0 -8.924278e-10 0)
(0 -7.6912218e-10 0)
(0 -6.5287127e-10 0)
(0 -5.4260877e-10 0)
(0 -4.3732329e-10 0)
(0 -3.3604913e-10 0)
(0 -2.3785734e-10 0)
(0 -1.4184728e-10 0)
(0 -4.7138303e-11 0)
(0 -0.00091224732 0)
(0 -0.0010876368 0)
(0 -0.00094215481 0)
(0 -0.00082829739 0)
(0 -0.00073476381 0)
(0 -0.00065568303 0)
(0 -0.00058754843 0)
(0 -0.00052808342 0)
(0 -0.00047570865 0)
(0 -0.00042926906 0)
(0 -0.00038788421 0)
(0 -0.00035086099 0)
(0 -0.00031763966 0)
(0 -0.00028775873 0)
(0 -0.00026083133 0)
(0 -0.00023652859 0)
(0 -0.00021456775 0)
(0 -0.0001947034 0)
(0 -0.00017672084 0)
(0 -0.00016043105 0)
(0 -0.00014566669 0)
(0 -0.00013227896 0)
(0 -0.00012013508 0)
(0 -0.00010911616 0)
(0 -9.9115507e-05 0)
(0 -9.0037155e-05 0)
(0 -8.1794647e-05 0)
(0 -7.4309973e-05 0)
(0 -6.7512663e-05 0)
(0 -6.1338992e-05 0)
(0 -5.5731293e-05 0)
(0 -5.0637337e-05 0)
(0 -4.60098e-05 0)
(0 -4.1805781e-05 0)
(0 -3.7986369e-05 0)
(0 -3.4516266e-05 0)
(0 -3.136344e-05 0)
(0 -2.8498816e-05 0)
(0 -2.5896001e-05 0)
(0 -2.3531028e-05 0)
(0 -2.1382135e-05 0)
(0 -1.9429557e-05 0)
(0 -1.7655343e-05 0)
(0 -1.6043186e-05 0)
(0 -1.4578274e-05 0)
(0 -1.3247151e-05 0)
(0 -1.2037592e-05 0)
(0 -1.0938491e-05 0)
(0 -9.9397569e-06 0)
(0 -9.0322218e-06 0)
(0 -8.2075558e-06 0)
(0 -7.4581902e-06 0)
(0 -6.777248e-06 0)
(0 -6.1584807e-06 0)
(0 -5.5962102e-06 0)
(0 -5.0852777e-06 0)
(0 -4.6209951e-06 0)
(0 -4.1991027e-06 0)
(0 -3.81573e-06 0)
(0 -3.4673597e-06 0)
(0 -3.1507959e-06 0)
(0 -2.8631344e-06 0)
(0 -2.6017364e-06 0)
(0 -2.3642039e-06 0)
(0 -2.1483578e-06 0)
(0 -1.9522183e-06 0)
(0 -1.773986e-06 0)
(0 -1.612026e-06 0)
(0 -1.4648527e-06 0)
(0 -1.331116e-06 0)
(0 -1.2095891e-06 0)
(0 -1.0991574e-06 0)
(0 -9.9880774e-07 0)
(0 -9.0761977e-07 0)
(0 -8.2475701e-07 0)
(0 -7.4945937e-07 0)
(0 -6.8103619e-07 0)
(0 -6.1885983e-07 0)
(0 -5.6235997e-07 0)
(0 -5.1101836e-07 0)
(0 -4.6436407e-07 0)
(0 -4.2196916e-07 0)
(0 -3.8344475e-07 0)
(0 -3.4843748e-07 0)
(0 -3.1662624e-07 0)
(0 -2.8771925e-07 0)
(0 -2.6145135e-07 0)
(0 -2.3758161e-07 0)
(0 -2.1589107e-07 0)
(0 -1.9618078e-07 0)
(0 -1.7826995e-07 0)
(0 -1.6199429e-07 0)
(0 -1.4720451e-07 0)
(0 -1.3376496e-07 0)
(0 -1.2155236e-07 0)
(0 -1.1045469e-07 0)
(0 -1.0037016e-07 0)
(0 -9.1206269e-08 0)
(0 -8.2878959e-08 0)
(0 -7.5311851e-08 0)
(0 -6.8435535e-08 0)
(0 -6.218694e-08 0)
(0 -5.6508749e-08 0)
(0 -5.134888e-08 0)
(0 -4.6660006e-08 0)
(0 -4.2399116e-08 0)
(0 -3.8527129e-08 0)
(0 -3.5008529e-08 0)
(0 -3.1811043e-08 0)
(0 -2.890534e-08 0)
(0 -2.6264769e-08 0)
(0 -2.386511e-08 0)
(0 -2.1684351e-08 0)
(0 -1.9702491e-08 0)
(0 -1.790135e-08 0)
(0 -1.6264407e-08 0)
(0 -1.4776649e-08 0)
(0 -1.3424428e-08 0)
(0 -1.2195341e-08 0)
(0 -1.1078115e-08 0)
(0 -1.0062502e-08 0)
(0 -9.1391871e-09 0)
(0 -8.2997002e-09 0)
(0 -7.5363416e-09 0)
(0 -6.8421094e-09 0)
(0 -6.2106359e-09 0)
(0 -5.6361289e-09 0)
(0 -5.1133188e-09 0)
(0 -4.6374102e-09 0)
(0 -4.2040379e-09 0)
(0 -3.8092267e-09 0)
(0 -3.4493553e-09 0)
(0 -3.1211228e-09 0)
(0 -2.8215186e-09 0)
(0 -2.5477945e-09 0)
(0 -2.2974398e-09 0)
(0 -2.0681581e-09 0)
(0 -1.8578465e-09 0)
(0 -1.6645758e-09 0)
(0 -1.4865733e-09 0)
(0 -1.3222062e-09 0)
(0 -1.169967e-09 0)
(0 -1.0284592e-09 0)
(0 -8.9638482e-10 0)
(0 -7.7253247e-10 0)
(0 -6.557661e-10 0)
(0 -5.4501469e-10 0)
(0 -4.3926238e-10 0)
(0 -3.3753917e-10 0)
(0 -2.38912e-10 0)
(0 -1.4247623e-10 0)
(0 -4.7347314e-11 0)
(0 -0.00095993789 0)
(0 -0.0010975405 0)
(0 -0.00094786134 0)
(0 -0.0008319528 0)
(0 -0.00073740596 0)
(0 -0.00065775783 0)
(0 -0.00058926419 0)
(0 -0.00052954892 0)
(0 -0.00047698692 0)
(0 -0.00043039989 0)
(0 -0.00038889449 0)
(0 -0.00035176987 0)
(0 -0.00031846137 0)
(0 -0.00028850428 0)
(0 -0.00026150946 0)
(0 -0.0002371465 0)
(0 -0.00021513146 0)
(0 -0.00019521808 0)
(0 -0.00017719098 0)
(0 -0.00016086062 0)
(0 -0.00014605923 0)
(0 -0.00013263766 0)
(0 -0.00012046281 0)
(0 -0.00010941555 0)
(0 -9.9388937e-05 0)
(0 -9.0286821e-05 0)
(0 -8.2022554e-05 0)
(0 -7.4517961e-05 0)
(0 -6.7702421e-05 0)
(0 -6.1512072e-05 0)
(0 -5.588912e-05 0)
(0 -5.0781219e-05 0)
(0 -4.6140938e-05 0)
(0 -4.1925276e-05 0)
(0 -3.8095232e-05 0)
(0 -3.4615423e-05 0)
(0 -3.1453739e-05 0)
(0 -2.8581034e-05 0)
(0 -2.5970849e-05 0)
(0 -2.3599156e-05 0)
(0 -2.1444138e-05 0)
(0 -1.9485978e-05 0)
(0 -1.7706679e-05 0)
(0 -1.608989e-05 0)
(0 -1.462076e-05 0)
(0 -1.3285796e-05 0)
(0 -1.207274e-05 0)
(0 -1.0970456e-05 0)
(0 -9.968825e-06 0)
(0 -9.058654e-06 0)
(0 -8.2315897e-06 0)
(0 -7.4800422e-06 0)
(0 -6.7971152e-06 0)
(0 -6.1765425e-06 0)
(0 -5.6126301e-06 0)
(0 -5.1002042e-06 0)
(0 -4.6345636e-06 0)
(0 -4.2114365e-06 0)
(0 -3.826941e-06 0)
(0 -3.4775499e-06 0)
(0 -3.160058e-06 0)
(0 -2.8715528e-06 0)
(0 -2.6093877e-06 0)
(0 -2.3711579e-06 0)
(0 -2.1546781e-06 0)
(0 -1.9579624e-06 0)
(0 -1.7792064e-06 0)
(0 -1.6167704e-06 0)
(0 -1.4691644e-06 0)
(0 -1.3350345e-06 0)
(0 -1.2131502e-06 0)
(0 -1.1023936e-06 0)
(0 -1.0017488e-06 0)
(0 -9.1029248e-07 0)
(0 -8.2718586e-07 0)
(0 -7.5166661e-07 0)
(0 -6.8304202e-07 0)
(0 -6.2068262e-07 0)
(0 -5.6401642e-07 0)
(0 -5.1252364e-07 0)
(0 -4.6573198e-07 0)
(0 -4.2321222e-07 0)
(0 -3.8457436e-07 0)
(0 -3.4946399e-07 0)
(0 -3.1755906e-07 0)
(0 -2.8856692e-07 0)
(0 -2.6222165e-07 0)
(0 -2.3828159e-07 0)
(0 -2.1652716e-07 0)
(0 -1.967588e-07 0)
(0 -1.7879521e-07 0)
(0 -1.624716e-07 0)
(0 -1.4763825e-07 0)
(0 -1.341591e-07 0)
(0 -1.2191052e-07 0)
(0 -1.1078016e-07 0)
(0 -1.0066591e-07 0)
(0 -9.147502e-08 0)
(0 -8.3123174e-08 0)
(0 -7.553377e-08 0)
(0 -6.8637193e-08 0)
(0 -6.2370186e-08 0)
(0 -5.6675264e-08 0)
(0 -5.1500191e-08 0)
(0 -4.67975e-08 0)
(0 -4.2524056e-08 0)
(0 -3.8640659e-08 0)
(0 -3.5111691e-08 0)
(0 -3.1904782e-08 0)
(0 -2.8990517e-08 0)
(0 -2.6342166e-08 0)
(0 -2.3935435e-08 0)
(0 -2.1748251e-08 0)
(0 -1.976055e-08 0)
(0 -1.7954101e-08 0)
(0 -1.6312335e-08 0)
(0 -1.4820193e-08 0)
(0 -1.3463987e-08 0)
(0 -1.2231278e-08 0)
(0 -1.111076e-08 0)
(0 -1.0092155e-08 0)
(0 -9.1661187e-09 0)
(0 -8.3241579e-09 0)
(0 -7.5585499e-09 0)
(0 -6.8622719e-09 0)
(0 -6.2289376e-09 0)
(0 -5.6527376e-09 0)
(0 -5.1283869e-09 0)
(0 -4.6510759e-09 0)
(0 -4.2164265e-09 0)
(0 -3.8204518e-09 0)
(0 -3.45952e-09 0)
(0 -3.1303203e-09 0)
(0 -2.8298331e-09 0)
(0 -2.5553024e-09 0)
(0 -2.3042099e-09 0)
(0 -2.0742527e-09 0)
(0 -1.8633213e-09 0)
(0 -1.669481e-09 0)
(0 -1.490954e-09 0)
(0 -1.3261026e-09 0)
(0 -1.1734147e-09 0)
(0 -1.0314899e-09 0)
(0 -8.9902633e-10 0)
(0 -7.74809e-10 0)
(0 -6.5769854e-10 0)
(0 -5.4662076e-10 0)
(0 -4.4055682e-10 0)
(0 -3.3853384e-10 0)
(0 -2.3961604e-10 0)
(0 -1.4289609e-10 0)
(0 -4.7486839e-11 0)
(0 -0.00096341395 0)
(0 -0.0010974616 0)
(0 -0.0009479373 0)
(0 -0.00083213228 0)
(0 -0.00073765548 0)
(0 -0.00065804816 0)
(0 -0.00058957628 0)
(0 -0.00052987032 0)
(0 -0.00047730936 0)
(0 -0.00043071774 0)
(0 -0.00038920389 0)
(0 -0.0003520682 0)
(0 -0.00031874689 0)
(0 -0.00028877587 0)
(0 -0.00026176652 0)
(0 -0.00023738875 0)
(0 -0.00021535892 0)
(0 -0.00019543096 0)
(0 -0.00017738965 0)
(0 -0.00016104556 0)
(0 -0.000146231 0)
(0 -0.00013279688 0)
(0 -0.00012061013 0)
(0 -0.00010955163 0)
(0 -9.951445e-05 0)
(0 -9.0402431e-05 0)
(0 -8.2128913e-05 0)
(0 -7.46157e-05 0)
(0 -6.7792149e-05 0)
(0 -6.159437e-05 0)
(0 -5.5964539e-05 0)
(0 -5.0850282e-05 0)
(0 -4.6204137e-05 0)
(0 -4.1983073e-05 0)
(0 -3.8148057e-05 0)
(0 -3.4663679e-05 0)
(0 -3.1497801e-05 0)
(0 -2.8621249e-05 0)
(0 -2.6007538e-05 0)
(0 -2.3632616e-05 0)
(0 -2.1474644e-05 0)
(0 -1.9513782e-05 0)
(0 -1.7732013e-05 0)
(0 -1.6112968e-05 0)
(0 -1.4641778e-05 0)
(0 -1.3304935e-05 0)
(0 -1.2090164e-05 0)
(0 -1.0986316e-05 0)
(0 -9.9832596e-06 0)
(0 -9.0717892e-06 0)
(0 -8.2435409e-06 0)
(0 -7.4909149e-06 0)
(0 -6.8070057e-06 0)
(0 -6.1855386e-06 0)
(0 -5.620812e-06 0)
(0 -5.1076451e-06 0)
(0 -4.6413301e-06 0)
(0 -4.2175892e-06 0)
(0 -3.8325353e-06 0)
(0 -3.4826362e-06 0)
(0 -3.1646823e-06 0)
(0 -2.8757568e-06 0)
(0 -2.6132095e-06 0)
(0 -2.374632e-06 0)
(0 -2.1578361e-06 0)
(0 -1.960833e-06 0)
(0 -1.7818156e-06 0)
(0 -1.619142e-06 0)
(0 -1.47132e-06 0)
(0 -1.3369937e-06 0)
(0 -1.2149309e-06 0)
(0 -1.104012e-06 0)
(0 -1.0032196e-06 0)
(0 -9.1162924e-07 0)
(0 -8.2840074e-07 0)
(0 -7.527707e-07 0)
(0 -6.8404542e-07 0)
(0 -6.215945e-07 0)
(0 -5.6484512e-07 0)
(0 -5.1327675e-07 0)
(0 -4.6641638e-07 0)
(0 -4.2383418e-07 0)
(0 -3.8513957e-07 0)
(0 -3.4997762e-07 0)
(0 -3.1802582e-07 0)
(0 -2.8899109e-07 0)
(0 -2.6260711e-07 0)
(0 -2.3863188e-07 0)
(0 -2.1684547e-07 0)
(0 -1.9704807e-07 0)
(0 -1.7905807e-07 0)
(0 -1.6271047e-07 0)
(0 -1.4785532e-07 0)
(0 -1.3435636e-07 0)
(0 -1.2208977e-07 0)
(0 -1.1094304e-07 0)
(0 -1.0081393e-07 0)
(0 -9.1609523e-08 0)
(0 -8.3245399e-08 0)
(0 -7.5644837e-08 0)
(0 -6.873812e-08 0)
(0 -6.2461898e-08 0)
(0 -5.6758603e-08 0)
(0 -5.1575921e-08 0)
(0 -4.6866316e-08 0)
(0 -4.2586587e-08 0)
(0 -3.8697481e-08 0)
(0 -3.5163324e-08 0)
(0 -3.1951699e-08 0)
(0 -2.9033149e-08 0)
(0 -2.6380903e-08 0)
(0 -2.3970633e-08 0)
(0 -2.1780232e-08 0)
(0 -1.9789609e-08 0)
(0 -1.7980504e-08 0)
(0 -1.6336323e-08 0)
(0 -1.4841987e-08 0)
(0 -1.3483787e-08 0)
(0 -1.2249265e-08 0)
(0 -1.11271e-08 0)
(0 -1.0106996e-08 0)
(0 -9.1795981e-09 0)
(0 -8.3363993e-09 0)
(0 -7.5696653e-09 0)
(0 -6.8723635e-09 0)
(0 -6.2380978e-09 0)
(0 -5.6610505e-09 0)
(0 -5.1359287e-09 0)
(0 -4.6579157e-09 0)
(0 -4.2226271e-09 0)
(0 -3.8260702e-09 0)
(0 -3.4646075e-09 0)
(0 -3.1349237e-09 0)
(0 -2.8339947e-09 0)
(0 -2.5590602e-09 0)
(0 -2.3075985e-09 0)
(0 -2.077303e-09 0)
(0 -1.8660615e-09 0)
(0 -1.6719362e-09 0)
(0 -1.4931466e-09 0)
(0 -1.3280527e-09 0)
(0 -1.1751403e-09 0)
(0 -1.0330068e-09 0)
(0 -9.0034843e-10 0)
(0 -7.7594843e-10 0)
(0 -6.5866575e-10 0)
(0 -5.4742462e-10 0)
(0 -4.412047e-10 0)
(0 -3.3903169e-10 0)
(0 -2.3996841e-10 0)
(0 -1.4310623e-10 0)
(0 -4.7556673e-11 0)
(0 -0.00095705853 0)
(0 -0.0010872113 0)
(0 -0.00094238181 0)
(0 -0.00082884645 0)
(0 -0.00073551908 0)
(0 -0.0006565581 0)
(0 -0.00058848717 0)
(0 -0.00052904923 0)
(0 -0.00047667703 0)
(0 -0.00043022332 0)
(0 -0.0003888129 0)
(0 -0.00035175631 0)
(0 -0.00031849641 0)
(0 -0.00028857364 0)
(0 -0.00026160255 0)
(0 -0.00023725535 0)
(0 -0.00021525009 0)
(0 -0.00019534198 0)
(0 -0.00017731677 0)
(0 -0.00016098578 0)
(0 -0.00014618191 0)
(0 -0.00013275652 0)
(0 -0.00012057693 0)
(0 -0.00010952429 0)
(0 -9.949194e-05 0)
(0 -9.0383883e-05 0)
(0 -8.2113624e-05 0)
(0 -7.4603095e-05 0)
(0 -6.7781753e-05 0)
(0 -6.1585796e-05 0)
(0 -5.5957466e-05 0)
(0 -5.0844447e-05 0)
(0 -4.6199324e-05 0)
(0 -4.1979101e-05 0)
(0 -3.8144781e-05 0)
(0 -3.4660976e-05 0)
(0 -3.1495571e-05 0)
(0 -2.8619409e-05 0)
(0 -2.600602e-05 0)
(0 -2.3631365e-05 0)
(0 -2.1473612e-05 0)
(0 -1.9512931e-05 0)
(0 -1.7731312e-05 0)
(0 -1.611239e-05 0)
(0 -1.4641302e-05 0)
(0 -1.3304542e-05 0)
(0 -1.2089841e-05 0)
(0 -1.098605e-05 0)
(0 -9.9830404e-06 0)
(0 -9.0716088e-06 0)
(0 -8.2433925e-06 0)
(0 -7.4907929e-06 0)
(0 -6.8069055e-06 0)
(0 -6.1854563e-06 0)
(0 -5.6207445e-06 0)
(0 -5.1075897e-06 0)
(0 -4.6412847e-06 0)
(0 -4.217552e-06 0)
(0 -3.8325049e-06 0)
(0 -3.4826114e-06 0)
(0 -3.164662e-06 0)
(0 -2.8757402e-06 0)
(0 -2.613196e-06 0)
(0 -2.3746211e-06 0)
(0 -2.1578272e-06 0)
(0 -1.9608258e-06 0)
(0 -1.7818098e-06 0)
(0 -1.6191374e-06 0)
(0 -1.4713163e-06 0)
(0 -1.3369907e-06 0)
(0 -1.2149285e-06 0)
(0 -1.1040101e-06 0)
(0 -1.0032181e-06 0)
(0 -9.1162809e-07 0)
(0 -8.2839986e-07 0)
(0 -7.5277004e-07 0)
(0 -6.8404492e-07 0)
(0 -6.2159414e-07 0)
(0 -5.6484487e-07 0)
(0 -5.1327658e-07 0)
(0 -4.6641627e-07 0)
(0 -4.2383412e-07 0)
(0 -3.8513955e-07 0)
(0 -3.4997764e-07 0)
(0 -3.1802586e-07 0)
(0 -2.8899115e-07 0)
(0 -2.6260718e-07 0)
(0 -2.3863195e-07 0)
(0 -2.1684555e-07 0)
(0 -1.9704814e-07 0)
(0 -1.7905815e-07 0)
(0 -1.6271055e-07 0)
(0 -1.4785539e-07 0)
(0 -1.3435643e-07 0)
(0 -1.2208984e-07 0)
(0 -1.1094311e-07 0)
(0 -1.0081399e-07 0)
(0 -9.1609582e-08 0)
(0 -8.3245454e-08 0)
(0 -7.5644888e-08 0)
(0 -6.8738168e-08 0)
(0 -6.2461942e-08 0)
(0 -5.6758644e-08 0)
(0 -5.1575959e-08 0)
(0 -4.686635e-08 0)
(0 -4.2586619e-08 0)
(0 -3.869751e-08 0)
(0 -3.5163351e-08 0)
(0 -3.1951724e-08 0)
(0 -2.9033172e-08 0)
(0 -2.6380924e-08 0)
(0 -2.3970652e-08 0)
(0 -2.178025e-08 0)
(0 -1.9789625e-08 0)
(0 -1.7980518e-08 0)
(0 -1.6336337e-08 0)
(0 -1.4841999e-08 0)
(0 -1.3483798e-08 0)
(0 -1.2249275e-08 0)
(0 -1.1127109e-08 0)
(0 -1.0107004e-08 0)
(0 -9.1796058e-09 0)
(0 -8.3364062e-09 0)
(0 -7.5696717e-09 0)
(0 -6.8723692e-09 0)
(0 -6.238103e-09 0)
(0 -5.6610552e-09 0)
(0 -5.135933e-09 0)
(0 -4.6579196e-09 0)
(0 -4.2226307e-09 0)
(0 -3.8260734e-09 0)
(0 -3.4646104e-09 0)
(0 -3.1349263e-09 0)
(0 -2.833997e-09 0)
(0 -2.5590624e-09 0)
(0 -2.3076004e-09 0)
(0 -2.0773048e-09 0)
(0 -1.866063e-09 0)
(0 -1.6719376e-09 0)
(0 -1.4931478e-09 0)
(0 -1.3280539e-09 0)
(0 -1.1751413e-09 0)
(0 -1.0330077e-09 0)
(0 -9.0034919e-10 0)
(0 -7.7594909e-10 0)
(0 -6.5866631e-10 0)
(0 -5.4742509e-10 0)
(0 -4.4120507e-10 0)
(0 -3.3903197e-10 0)
(0 -2.3996862e-10 0)
(0 -1.4310635e-10 0)
(0 -4.7556713e-11 0)
(0 -0.00086587677 0)
(0 -0.00097372546 0)
(0 -0.00098189169 0)
(0 -0.00098503369 0)
(0 -0.00098677667 0)
(0 -0.00098784868 0)
(0 -0.00098855573 0)
(0 -0.00098904556 0)
(0 -0.00098939682 0)
(0 -0.00098965466 0)
(0 -0.00098984664 0)
(0 -0.00098999029 0)
(0 -0.00099009716 0)
(0 -0.00099017498 0)
(0 -0.00099022888 0)
(0 -0.00099026214 0)
(0 -0.0009902766 0)
(0 -0.00099027283 0)
(0 -0.00099025014 0)
(0 -0.00099020642 0)
(0 -0.00099013768 0)
(0 -0.00099003721 0)
(0 -0.00098989386 0)
(0 -0.00098968855 0)
(0 -0.00098938654 0)
(0 -0.00098891709 0)
(0 -0.00098810543 0)
(0 -0.00098610286 0)
(0 -0.00087902155 0)
(0 -0.0010674792 0)
(0 -0.00093183079 0)
(0 -0.00082234944 0)
(0 -0.00073109713 0)
(0 -0.00065333182 0)
(0 -0.00058601945 0)
(0 -0.00052709872 0)
(0 -0.00047509825 0)
(0 -0.00042892223 0)
(0 -0.00038772544 0)
(0 -0.00035083705 0)
(0 -0.00031771206 0)
(0 -0.00028789919 0)
(0 -0.00026101879 0)
(0 -0.00023674726 0)
(0 -0.00021480574 0)
(0 -0.00019495175 0)
(0 -0.00017697283 0)
(0 -0.00016068167 0)
(0 -0.00014591226 0)
(0 -0.00013251684 0)
(0 -0.00012036342 0)
(0 -0.00010933372 0)
(0 -9.9321543e-05 0)
(0 -9.0231288e-05 0)
(0 -8.1976779e-05 0)
(0 -7.448022e-05 0)
(0 -6.7671297e-05 0)
(0 -6.1486402e-05 0)
(0 -5.5867944e-05 0)
(0 -5.076375e-05 0)
(0 -4.6126526e-05 0)
(0 -4.1913386e-05 0)
(0 -3.8085422e-05 0)
(0 -3.4607329e-05 0)
(0 -3.1447062e-05 0)
(0 -2.8575526e-05 0)
(0 -2.5966306e-05 0)
(0 -2.3595409e-05 0)
(0 -2.1441048e-05 0)
(0 -1.9483431e-05 0)
(0 -1.7704578e-05 0)
(0 -1.6088158e-05 0)
(0 -1.4619333e-05 0)
(0 -1.328462e-05 0)
(0 -1.2071772e-05 0)
(0 -1.0969659e-05 0)
(0 -9.9681688e-06 0)
(0 -9.058114e-06 0)
(0 -8.2311455e-06 0)
(0 -7.479677e-06 0)
(0 -6.7968151e-06 0)
(0 -6.176296e-06 0)
(0 -5.6124278e-06 0)
(0 -5.1000383e-06 0)
(0 -4.6344276e-06 0)
(0 -4.2113251e-06 0)
(0 -3.8268499e-06 0)
(0 -3.4774754e-06 0)
(0 -3.1599972e-06 0)
(0 -2.8715033e-06 0)
(0 -2.6093474e-06 0)
(0 -2.3711252e-06 0)
(0 -2.1546515e-06 0)
(0 -1.9579409e-06 0)
(0 -1.7791891e-06 0)
(0 -1.6167565e-06 0)
(0 -1.4691533e-06 0)
(0 -1.3350256e-06 0)
(0 -1.2131431e-06 0)
(0 -1.102388e-06 0)
(0 -1.0017444e-06 0)
(0 -9.1028906e-07 0)
(0 -8.2718323e-07 0)
(0 -7.5166461e-07 0)
(0 -6.8304053e-07 0)
(0 -6.2068153e-07 0)
(0 -5.6401565e-07 0)
(0 -5.1252313e-07 0)
(0 -4.6573166e-07 0)
(0 -4.2321206e-07 0)
(0 -3.8457431e-07 0)
(0 -3.4946403e-07 0)
(0 -3.1755917e-07 0)
(0 -2.8856708e-07 0)
(0 -2.6222184e-07 0)
(0 -2.3828181e-07 0)
(0 -2.1652738e-07 0)
(0 -1.9675904e-07 0)
(0 -1.7879544e-07 0)
(0 -1.6247183e-07 0)
(0 -1.4763848e-07 0)
(0 -1.3415932e-07 0)
(0 -1.2191073e-07 0)
(0 -1.1078035e-07 0)
(0 -1.006661e-07 0)
(0 -9.1475196e-08 0)
(0 -8.3123339e-08 0)
(0 -7.5533924e-08 0)
(0 -6.8637336e-08 0)
(0 -6.2370318e-08 0)
(0 -5.6675387e-08 0)
(0 -5.1500305e-08 0)
(0 -4.6797605e-08 0)
(0 -4.2524152e-08 0)
(0 -3.8640748e-08 0)
(0 -3.5111773e-08 0)
(0 -3.1904857e-08 0)
(0 -2.8990586e-08 0)
(0 -2.6342228e-08 0)
(0 -2.3935493e-08 0)
(0 -2.1748303e-08 0)
(0 -1.9760598e-08 0)
(0 -1.7954145e-08 0)
(0 -1.6312375e-08 0)
(0 -1.4820229e-08 0)
(0 -1.346402e-08 0)
(0 -1.2231309e-08 0)
(0 -1.1110788e-08 0)
(0 -1.009218e-08 0)
(0 -9.1661416e-09 0)
(0 -8.3241788e-09 0)
(0 -7.5585688e-09 0)
(0 -6.8622892e-09 0)
(0 -6.2289533e-09 0)
(0 -5.6527519e-09 0)
(0 -5.1283999e-09 0)
(0 -4.6510877e-09 0)
(0 -4.2164371e-09 0)
(0 -3.8204615e-09 0)
(0 -3.4595288e-09 0)
(0 -3.1303282e-09 0)
(0 -2.8298403e-09 0)
(0 -2.5553089e-09 0)
(0 -2.3042158e-09 0)
(0 -2.0742579e-09 0)
(0 -1.863326e-09 0)
(0 -1.6694853e-09 0)
(0 -1.4909578e-09 0)
(0 -1.3261059e-09 0)
(0 -1.1734177e-09 0)
(0 -1.0314925e-09 0)
(0 -8.9902862e-10 0)
(0 -7.7481098e-10 0)
(0 -6.5770022e-10 0)
(0 -5.4662216e-10 0)
(0 -4.4055794e-10 0)
(0 -3.385347e-10 0)
(0 -2.3961665e-10 0)
(0 -1.4289645e-10 0)
(0 -4.748696e-11 0)
(0 -0.00051468978 0)
(0 -0.00089281838 0)
(0 -0.00098133129 0)
(0 -0.0010195433 0)
(0 -0.0010413396 0)
(0 -0.0010549464 0)
(0 -0.0010640142 0)
(0 -0.0010703417 0)
(0 -0.0010749017 0)
(0 -0.0010782603 0)
(0 -0.0010807655 0)
(0 -0.0010826408 0)
(0 -0.001084034 0)
(0 -0.0010850438 0)
(0 -0.0010857361 0)
(0 -0.0010861525 0)
(0 -0.0010863154 0)
(0 -0.0010862303 0)
(0 -0.0010858855 0)
(0 -0.0010852494 0)
(0 -0.0010842642 0)
(0 -0.0010828329 0)
(0 -0.0010807948 0)
(0 -0.0010778744 0)
(0 -0.0010735671 0)
(0 -0.0010668416 0)
(0 -0.0010551291 0)
(0 -0.0010285604 0)
(0 -0.00093708057 0)
(0 -0.0010411124 0)
(0 -0.00091736676 0)
(0 -0.00081303653 0)
(0 -0.00072454942 0)
(0 -0.00064844384 0)
(0 -0.00058221282 0)
(0 -0.00052404242 0)
(0 -0.00047258822 0)
(0 -0.00042682482 0)
(0 -0.00038594886 0)
(0 -0.00034931578 0)
(0 -0.00031639786 0)
(0 -0.00028675561 0)
(0 -0.00026001766 0)
(0 -0.0002358664 0)
(0 -0.00021402741 0)
(0 -0.00019426153 0)
(0 -0.00017635886 0)
(0 -0.00016013409 0)
(0 -0.00014542279 0)
(0 -0.00013207845 0)
(0 -0.00011997011 0)
(0 -0.00010898035 0)
(0 -9.900364e-05 0)
(0 -8.9944974e-05 0)
(0 -8.1718663e-05 0)
(0 -7.4247323e-05 0)
(0 -6.7460997e-05 0)
(0 -6.1296378e-05 0)
(0 -5.569614e-05 0)
(0 -5.0608337e-05 0)
(0 -4.5985875e-05 0)
(0 -4.1786042e-05 0)
(0 -3.7970084e-05 0)
(0 -3.4502831e-05 0)
(0 -3.1352356e-05 0)
(0 -2.8489673e-05 0)
(0 -2.5888459e-05 0)
(0 -2.3524808e-05 0)
(0 -2.1377005e-05 0)
(0 -1.9425327e-05 0)
(0 -1.7651856e-05 0)
(0 -1.6040312e-05 0)
(0 -1.4575906e-05 0)
(0 -1.32452e-05 0)
(0 -1.2035985e-05 0)
(0 -1.0937168e-05 0)
(0 -9.9386675e-06 0)
(0 -9.0313254e-06 0)
(0 -8.2068184e-06 0)
(0 -7.457584e-06 0)
(0 -6.7767499e-06 0)
(0 -6.1580716e-06 0)
(0 -5.5958745e-06 0)
(0 -5.0850023e-06 0)
(0 -4.6207693e-06 0)
(0 -4.1989179e-06 0)
(0 -3.8155788e-06 0)
(0 -3.4672361e-06 0)
(0 -3.150695e-06 0)
(0 -2.8630522e-06 0)
(0 -2.6016695e-06 0)
(0 -2.3641495e-06 0)
(0 -2.1483138e-06 0)
(0 -1.9521827e-06 0)
(0 -1.7739573e-06 0)
(0 -1.6120029e-06 0)
(0 -1.4648342e-06 0)
(0 -1.3311012e-06 0)
(0 -1.2095774e-06 0)
(0 -1.0991481e-06 0)
(0 -9.9880047e-07 0)
(0 -9.0761411e-07 0)
(0 -8.2475265e-07 0)
(0 -7.4945607e-07 0)
(0 -6.8103372e-07 0)
(0 -6.1885803e-07 0)
(0 -5.623587e-07 0)
(0 -5.1101751e-07 0)
(0 -4.6436355e-07 0)
(0 -4.2196889e-07 0)
(0 -3.8344468e-07 0)
(0 -3.4843756e-07 0)
(0 -3.1662643e-07 0)
(0 -2.8771952e-07 0)
(0 -2.6145168e-07 0)
(0 -2.3758197e-07 0)
(0 -2.1589145e-07 0)
(0 -1.9618117e-07 0)
(0 -1.7827034e-07 0)
(0 -1.6199468e-07 0)
(0 -1.4720489e-07 0)
(0 -1.3376533e-07 0)
(0 -1.2155271e-07 0)
(0 -1.1045502e-07 0)
(0 -1.0037047e-07 0)
(0 -9.1206562e-08 0)
(0 -8.2879234e-08 0)
(0 -7.5312107e-08 0)
(0 -6.8435773e-08 0)
(0 -6.218716e-08 0)
(0 -5.6508953e-08 0)
(0 -5.1349069e-08 0)
(0 -4.666018e-08 0)
(0 -4.2399277e-08 0)
(0 -3.8527277e-08 0)
(0 -3.5008665e-08 0)
(0 -3.1811167e-08 0)
(0 -2.8905454e-08 0)
(0 -2.6264873e-08 0)
(0 -2.3865205e-08 0)
(0 -2.1684439e-08 0)
(0 -1.9702571e-08 0)
(0 -1.7901422e-08 0)
(0 -1.6264474e-08 0)
(0 -1.4776709e-08 0)
(0 -1.3424483e-08 0)
(0 -1.2195391e-08 0)
(0 -1.1078161e-08 0)
(0 -1.0062544e-08 0)
(0 -9.1392252e-09 0)
(0 -8.2997349e-09 0)
(0 -7.5363732e-09 0)
(0 -6.8421381e-09 0)
(0 -6.210662e-09 0)
(0 -5.6361527e-09 0)
(0 -5.1133404e-09 0)
(0 -4.6374298e-09 0)
(0 -4.2040556e-09 0)
(0 -3.8092428e-09 0)
(0 -3.4493699e-09 0)
(0 -3.1211361e-09 0)
(0 -2.8215305e-09 0)
(0 -2.5478053e-09 0)
(0 -2.2974495e-09 0)
(0 -2.0681669e-09 0)
(0 -1.8578544e-09 0)
(0 -1.6645829e-09 0)
(0 -1.4865796e-09 0)
(0 -1.3222119e-09 0)
(0 -1.169972e-09 0)
(0 -1.0284636e-09 0)
(0 -8.9638864e-10 0)
(0 -7.7253576e-10 0)
(0 -6.557689e-10 0)
(0 -5.4501701e-10 0)
(0 -4.3926425e-10 0)
(0 -3.375406e-10 0)
(0 -2.3891302e-10 0)
(0 -1.4247684e-10 0)
(0 -4.7347516e-11 0)
(0 -0.000408506 0)
(0 -0.0010325058 0)
(0 -0.0011749097 0)
(0 -0.0012493924 0)
(0 -0.0012934556 0)
(0 -0.0013217175 0)
(0 -0.0013408999 0)
(0 -0.0013544549 0)
(0 -0.0013643083 0)
(0 -0.0013716065 0)
(0 -0.0013770672 0)
(0 -0.0013811566 0)
(0 -0.0013841856 0)
(0 -0.0013863628 0)
(0 -0.0013878266 0)
(0 -0.0013886626 0)
(0 -0.0013889139 0)
(0 -0.0013885846 0)
(0 -0.0013876385 0)
(0 -0.0013859909 0)
(0 -0.0013834921 0)
(0 -0.0013798938 0)
(0 -0.0013747852 0)
(0 -0.0013674602 0)
(0 -0.0013566202 0)
(0 -0.0013396117 0)
(0 -0.0013101626 0)
(0 -0.0012511888 0)
(0 -0.0011338922 0)
(0 -0.0010130952 0)
(0 -0.00089991257 0)
(0 -0.00080126552 0)
(0 -0.00071604857 0)
(0 -0.00064198589 0)
(0 -0.0005771202 0)
(0 -0.0005199131 0)
(0 -0.0004691684 0)
(0 -0.00042394585 0)
(0 -0.0003834937 0)
(0 -0.00034720026 0)
(0 -0.00031455967 0)
(0 -0.00028514741 0)
(0 -0.00025860271 0)
(0 -0.00023461562 0)
(0 -0.00021291741 0)
(0 -0.00019327321 0)
(0 -0.00017547644 0)
(0 -0.00015934436 0)
(0 -0.0001447146 0)
(0 -0.0001314423 0)
(0 -0.00011939784 0)
(0 -0.00010846489 0)
(0 -9.8538852e-05 0)
(0 -8.9525486e-05 0)
(0 -8.1339753e-05 0)
(0 -7.3904826e-05 0)
(0 -6.7151224e-05 0)
(0 -6.1016053e-05 0)
(0 -5.5442346e-05 0)
(0 -5.037847e-05 0)
(0 -4.5777604e-05 0)
(0 -4.1597278e-05 0)
(0 -3.7798953e-05 0)
(0 -3.4347647e-05 0)
(0 -3.1211603e-05 0)
(0 -2.8361985e-05 0)
(0 -2.5772602e-05 0)
(0 -2.341967e-05 0)
(0 -2.1281583e-05 0)
(0 -1.9338711e-05 0)
(0 -1.7573225e-05 0)
(0 -1.5968923e-05 0)
(0 -1.4511087e-05 0)
(0 -1.3186341e-05 0)
(0 -1.1982535e-05 0)
(0 -1.0888626e-05 0)
(0 -9.894581e-06 0)
(0 -8.9912831e-06 0)
(0 -8.1704478e-06 0)
(0 -7.424547e-06 0)
(0 -6.7467398e-06 0)
(0 -6.1308101e-06 0)
(0 -5.5711092e-06 0)
(0 -5.062504e-06 0)
(0 -4.60033e-06 0)
(0 -4.1803487e-06 0)
(0 -3.7987082e-06 0)
(0 -3.4519086e-06 0)
(0 -3.1367691e-06 0)
(0 -2.8503995e-06 0)
(0 -2.5901735e-06 0)
(0 -2.3537044e-06 0)
(0 -2.1388233e-06 0)
(0 -1.9435595e-06 0)
(0 -1.7661221e-06 0)
(0 -1.6048837e-06 0)
(0 -1.4583654e-06 0)
(0 -1.3252234e-06 0)
(0 -1.2042365e-06 0)
(0 -1.0942951e-06 0)
(0 -9.9439076e-07 0)
(0 -9.0360718e-07 0)
(0 -8.211117e-07 0)
(0 -7.4614765e-07 0)
(0 -6.7802745e-07 0)
(0 -6.1612631e-07 0)
(0 -5.5987645e-07 0)
(0 -5.0876194e-07 0)
(0 -4.6231395e-07 0)
(0 -4.2010646e-07 0)
(0 -3.8175231e-07 0)
(0 -3.4689972e-07 0)
(0 -3.1522902e-07 0)
(0 -2.864497e-07 0)
(0 -2.6029781e-07 0)
(0 -2.3653346e-07 0)
(0 -2.1493868e-07 0)
(0 -1.9531539e-07 0)
(0 -1.7748361e-07 0)
(0 -1.6127978e-07 0)
(0 -1.4655527e-07 0)
(0 -1.3317502e-07 0)
(0 -1.210163e-07 0)
(0 -1.0996759e-07 0)
(0 -9.9927544e-08 0)
(0 -9.0804075e-08 0)
(0 -8.2513496e-08 0)
(0 -7.4979763e-08 0)
(0 -6.8133775e-08 0)
(0 -6.1912738e-08 0)
(0 -5.6259588e-08 0)
(0 -5.1122475e-08 0)
(0 -4.6454277e-08 0)
(0 -4.2212177e-08 0)
(0 -3.8357264e-08 0)
(0 -3.4854179e-08 0)
(0 -3.1670791e-08 0)
(0 -2.8777901e-08 0)
(0 -2.6148973e-08 0)
(0 -2.3759894e-08 0)
(0 -2.158875e-08 0)
(0 -1.9615628e-08 0)
(0 -1.7822428e-08 0)
(0 -1.6192703e-08 0)
(0 -1.4711503e-08 0)
(0 -1.3365244e-08 0)
(0 -1.2141576e-08 0)
(0 -1.1029276e-08 0)
(0 -1.0018141e-08 0)
(0 -9.0988963e-09 0)
(0 -8.2631104e-09 0)
(0 -7.5031172e-09 0)
(0 -6.8119457e-09 0)
(0 -6.1832561e-09 0)
(0 -5.6112819e-09 0)
(0 -5.0907767e-09 0)
(0 -4.6169661e-09 0)
(0 -4.1855043e-09 0)
(0 -3.7924337e-09 0)
(0 -3.4341488e-09 0)
(0 -3.1073634e-09 0)
(0 -2.8090799e-09 0)
(0 -2.5365625e-09 0)
(0 -2.2873115e-09 0)
(0 -2.0590407e-09 0)
(0 -1.8496562e-09 0)
(0 -1.6572376e-09 0)
(0 -1.4800198e-09 0)
(0 -1.3163773e-09 0)
(0 -1.1648092e-09 0)
(0 -1.0239253e-09 0)
(0 -8.9243313e-10 0)
(0 -7.6912678e-10 0)
(0 -6.5287518e-10 0)
(0 -5.4261201e-10 0)
(0 -4.3732591e-10 0)
(0 -3.3605113e-10 0)
(0 -2.3785876e-10 0)
(0 -1.4184813e-10 0)
(0 -4.7138585e-11 0)
(0 -0.00059768487 0)
(0 -0.00092126018 0)
(0 -0.0010823977 0)
(0 -0.0011719612 0)
(0 -0.0012265413 0)
(0 -0.0012621385 0)
(0 -0.0012865473 0)
(0 -0.0013039091 0)
(0 -0.0013165856 0)
(0 -0.0013260039 0)
(0 -0.0013330663 0)
(0 -0.0013383637 0)
(0 -0.001342292 0)
(0 -0.0013451184 0)
(0 -0.0013470201 0)
(0 -0.0013481076 0)
(0 -0.0013484363 0)
(0 -0.0013480122 0)
(0 -0.0013467894 0)
(0 -0.0013446606 0)
(0 -0.0013414366 0)
(0 -0.0013368057 0)
(0 -0.0013302579 0)
(0 -0.0013209331 0)
(0 -0.001307298 0)
(0 -0.0012864061 0)
(0 -0.0012521418 0)
(0 -0.0011919003 0)
(0 -0.0010918587 0)
(0 -0.00098382131 0)
(0 -0.00088015441 0)
(0 -0.00078738629 0)
(0 -0.00070578073 0)
(0 -0.00063406381 0)
(0 -0.00057080538 0)
(0 -0.00051475128 0)
(0 -0.00046486587 0)
(0 -0.00042030411 0)
(0 -0.00038037344 0)
(0 -0.00034450049 0)
(0 -0.00031220509 0)
(0 -0.0002830805 0)
(0 -0.0002567786 0)
(0 -0.00023299866 0)
(0 -0.00021147879 0)
(0 -0.00019198932 0)
(0 -0.00017432768 0)
(0 -0.00015831427 0)
(0 -0.00014378923 0)
(0 -0.00013060971 0)
(0 -0.00011864772 0)
(0 -0.00010778833 0)
(0 -9.7928039e-05 0)
(0 -8.8973577e-05 0)
(0 -8.0840714e-05 0)
(0 -7.3453317e-05 0)
(0 -6.6742502e-05 0)
(0 -6.0645895e-05 0)
(0 -5.5106981e-05 0)
(0 -5.0074521e-05 0)
(0 -4.5502047e-05 0)
(0 -4.1347394e-05 0)
(0 -3.7572299e-05 0)
(0 -3.4142022e-05 0)
(0 -3.1025023e-05 0)
(0 -2.8192658e-05 0)
(0 -2.5618914e-05 0)
(0 -2.3280158e-05 0)
(0 -2.1154926e-05 0)
(0 -1.9223714e-05 0)
(0 -1.7468805e-05 0)
(0 -1.58741e-05 0)
(0 -1.4424973e-05 0)
(0 -1.3108132e-05 0)
(0 -1.1911501e-05 0)
(0 -1.0824106e-05 0)
(0 -9.8359749e-06 0)
(0 -8.9380469e-06 0)
(0 -8.1220877e-06 0)
(0 -7.3806149e-06 0)
(0 -6.7068293e-06 0)
(0 -6.0945521e-06 0)
(0 -5.5381686e-06 0)
(0 -5.0325767e-06 0)
(0 -4.5731399e-06 0)
(0 -4.1556449e-06 0)
(0 -3.7762631e-06 0)
(0 -3.4315154e-06 0)
(0 -3.11824e-06 0)
(0 -2.8335639e-06 0)
(0 -2.5748764e-06 0)
(0 -2.3398051e-06 0)
(0 -2.126194e-06 0)
(0 -1.9320841e-06 0)
(0 -1.7556951e-06 0)
(0 -1.5954092e-06 0)
(0 -1.4497563e-06 0)
(0 -1.3174007e-06 0)
(0 -1.1971283e-06 0)
(0 -1.0878362e-06 0)
(0 -9.8852173e-07 0)
(0 -8.9827416e-07 0)
(0 -8.1626571e-07 0)
(0 -7.4174421e-07 0)
(0 -6.7402613e-07 0)
(0 -6.1249038e-07 0)
(0 -5.5657254e-07 0)
(0 -5.0575973e-07 0)
(0 -4.5958588e-07 0)
(0 -4.1762748e-07 0)
(0 -3.7949969e-07 0)
(0 -3.4485279e-07 0)
(0 -3.1336899e-07 0)
(0 -2.847595e-07 0)
(0 -2.5876193e-07 0)
(0 -2.3513782e-07 0)
(0 -2.1367046e-07 0)
(0 -1.9416297e-07 0)
(0 -1.7643641e-07 0)
(0 -1.6032819e-07 0)
(0 -1.4569056e-07 0)
(0 -1.3238926e-07 0)
(0 -1.2030229e-07 0)
(0 -1.0931877e-07 0)
(0 -9.9337963e-08 0)
(0 -9.0268325e-08 0)
(0 -8.2026663e-08 0)
(0 -7.4537381e-08 0)
(0 -6.7731785e-08 0)
(0 -6.1547453e-08 0)
(0 -5.5927658e-08 0)
(0 -5.0820854e-08 0)
(0 -4.6180199e-08 0)
(0 -4.1963127e-08 0)
(0 -3.8130958e-08 0)
(0 -3.4648542e-08 0)
(0 -3.1483936e-08 0)
(0 -2.8608113e-08 0)
(0 -2.5994696e-08 0)
(0 -2.3619713e-08 0)
(0 -2.1461379e-08 0)
(0 -1.9499898e-08 0)
(0 -1.7717278e-08 0)
(0 -1.6097167e-08 0)
(0 -1.4624707e-08 0)
(0 -1.3286391e-08 0)
(0 -1.2069943e-08 0)
(0 -1.0964205e-08 0)
(0 -9.9590352e-09 0)
(0 -9.045214e-09 0)
(0 -8.2143591e-09 0)
(0 -7.4588498e-09 0)
(0 -6.7717561e-09 0)
(0 -6.1467757e-09 0)
(0 -5.5781761e-09 0)
(0 -5.0607418e-09 0)
(0 -4.5897267e-09 0)
(0 -4.1608104e-09 0)
(0 -3.7700589e-09 0)
(0 -3.4138878e-09 0)
(0 -3.0890304e-09 0)
(0 -2.7925067e-09 0)
(0 -2.5215972e-09 0)
(0 -2.2738167e-09 0)
(0 -2.0468926e-09 0)
(0 -1.8387435e-09 0)
(0 -1.6474601e-09 0)
(0 -1.4712879e-09 0)
(0 -1.3086109e-09 0)
(0 -1.157937e-09 0)
(0 -1.0178842e-09 0)
(0 -8.8716791e-10 0)
(0 -7.6458904e-10 0)
(0 -6.4902331e-10 0)
(0 -5.3941068e-10 0)
(0 -4.3474575e-10 0)
(0 -3.3406848e-10 0)
(0 -2.3645543e-10 0)
(0 -1.4101124e-10 0)
(0 -4.6860474e-11 0)
(0 -0.0005584826 0)
(0 -0.00083528244 0)
(0 -0.00099972716 0)
(0 -0.0010985517 0)
(0 -0.0011612013 0)
(0 -0.0012029968 0)
(0 -0.0012320598 0)
(0 -0.0012529216 0)
(0 -0.0012682483 0)
(0 -0.0012796851 0)
(0 -0.0012882877 0)
(0 -0.0012947551 0)
(0 -0.001299559 0)
(0 -0.00130302 0)
(0 -0.0013053515 0)
(0 -0.0013066869 0)
(0 -0.001307094 0)
(0 -0.0013065804 0)
(0 -0.0013050922 0)
(0 -0.0013025025 0)
(0 -0.0012985879 0)
(0 -0.0012929849 0)
(0 -0.0012851071 0)
(0 -0.00127399 0)
(0 -0.0012579829 0)
(0 -0.0012341321 0)
(0 -0.0011970445 0)
(0 -0.0011378639 0)
(0 -0.0010502573 0)
(0 -0.00095352761 0)
(0 -0.00085869605 0)
(0 -0.00077174484 0)
(0 -0.00069394248 0)
(0 -0.00062479406 0)
(0 -0.00056334074 0)
(0 -0.00050860403 0)
(0 -0.00045971246 0)
(0 -0.00041592197 0)
(0 -0.00037660431 0)
(0 -0.00034122855 0)
(0 -0.00030934333 0)
(0 -0.00028056206 0)
(0 -0.00025455105 0)
(0 -0.00023102014 0)
(0 -0.00020971534 0)
(0 -0.00019041301 0)
(0 -0.00017291522 0)
(0 -0.00015704606 0)
(0 -0.00014264858 0)
(0 -0.00012958231 0)
(0 -0.0001177212 0)
(0 -0.00010695191 0)
(0 -9.7172296e-05 0)
(0 -8.8290215e-05 0)
(0 -8.0222403e-05 0)
(0 -7.2893556e-05 0)
(0 -6.6235508e-05 0)
(0 -6.0186507e-05 0)
(0 -5.4690582e-05 0)
(0 -4.9696975e-05 0)
(0 -4.5159638e-05 0)
(0 -4.1036782e-05 0)
(0 -3.7290474e-05 0)
(0 -3.3886272e-05 0)
(0 -3.0792901e-05 0)
(0 -2.7981953e-05 0)
(0 -2.5427627e-05 0)
(0 -2.3106482e-05 0)
(0 -2.0997225e-05 0)
(0 -1.9080508e-05 0)
(0 -1.7338752e-05 0)
(0 -1.5755985e-05 0)
(0 -1.4317693e-05 0)
(0 -1.3010689e-05 0)
(0 -1.1822989e-05 0)
(0 -1.0743703e-05 0)
(0 -9.7629364e-06 0)
(0 -8.8716956e-06 0)
(0 -8.0618097e-06 0)
(0 -7.325853e-06 0)
(0 -6.6570774e-06 0)
(0 -6.049351e-06 0)
(0 -5.4971013e-06 0)
(0 -4.9952646e-06 0)
(0 -4.539239e-06 0)
(0 -4.124843e-06 0)
(0 -3.7482766e-06 0)
(0 -3.4060866e-06 0)
(0 -3.0951349e-06 0)
(0 -2.8125701e-06 0)
(0 -2.5558008e-06 0)
(0 -2.3224722e-06 0)
(0 -2.1104446e-06 0)
(0 -1.9177734e-06 0)
(0 -1.7426915e-06 0)
(0 -1.5835934e-06 0)
(0 -1.4390198e-06 0)
(0 -1.3076447e-06 0)
(0 -1.1882634e-06 0)
(0 -1.0797808e-06 0)
(0 -9.81202e-07 0)
(0 -8.9162287e-07 0)
(0 -8.1022181e-07 0)
(0 -7.3625222e-07 0)
(0 -6.6903564e-07 0)
(0 -6.0795559e-07 0)
(0 -5.5245183e-07 0)
(0 -5.0201528e-07 0)
(0 -4.5618333e-07 0)
(0 -4.1453562e-07 0)
(0 -3.7669013e-07 0)
(0 -3.4229976e-07 0)
(0 -3.1104906e-07 0)
(0 -2.826514e-07 0)
(0 -2.5684631e-07 0)
(0 -2.3339709e-07 0)
(0 -2.1208867e-07 0)
(0 -1.927256e-07 0)
(0 -1.7513028e-07 0)
(0 -1.5914131e-07 0)
(0 -1.4461205e-07 0)
(0 -1.3140922e-07 0)
(0 -1.1941172e-07 0)
(0 -1.0850951e-07 0)
(0 -9.8602596e-08 0)
(0 -8.9600099e-08 0)
(0 -8.1419448e-08 0)
(0 -7.3985609e-08 0)
(0 -6.7230394e-08 0)
(0 -6.1091842e-08 0)
(0 -5.5513649e-08 0)
(0 -5.0444649e-08 0)
(0 -4.5838347e-08 0)
(0 -4.1652493e-08 0)
(0 -3.7848692e-08 0)
(0 -3.4392055e-08 0)
(0 -3.1250875e-08 0)
(0 -2.8396341e-08 0)
(0 -2.580227e-08 0)
(0 -2.3444868e-08 0)
(0 -2.1302511e-08 0)
(0 -1.935555e-08 0)
(0 -1.7586126e-08 0)
(0 -1.5978008e-08 0)
(0 -1.4516448e-08 0)
(0 -1.3188038e-08 0)
(0 -1.1980595e-08 0)
(0 -1.0883042e-08 0)
(0 -9.8853137e-09 0)
(0 -8.978257e-09 0)
(0 -8.1535526e-09 0)
(0 -7.4036359e-09 0)
(0 -6.7216284e-09 0)
(0 -6.1012744e-09 0)
(0 -5.5368838e-09 0)
(0 -5.0232798e-09 0)
(0 -4.5557514e-09 0)
(0 -4.1300102e-09 0)
(0 -3.7421511e-09 0)
(0 -3.3886166e-09 0)
(0 -3.0661639e-09 0)
(0 -2.7718353e-09 0)
(0 -2.5029311e-09 0)
(0 -2.2569849e-09 0)
(0 -2.0317406e-09 0)
(0 -1.8251323e-09 0)
(0 -1.6352648e-09 0)
(0 -1.4603967e-09 0)
(0 -1.2989239e-09 0)
(0 -1.1493654e-09 0)
(0 -1.0103494e-09 0)
(0 -8.8060068e-10 0)
(0 -7.589292e-10 0)
(0 -6.4421894e-10 0)
(0 -5.3541771e-10 0)
(0 -4.3152756e-10 0)
(0 -3.3159555e-10 0)
(0 -2.3470508e-10 0)
(0 -1.3996742e-10 0)
(0 -4.6513591e-11 0)
(0 -0.000529539 0)
(0 -0.00076800195 0)
(0 -0.0009278805 0)
(0 -0.001031085 0)
(0 -0.0010992862 0)
(0 -0.0011459501 0)
(0 -0.0011789264 0)
(0 -0.0012028527 0)
(0 -0.001220561 0)
(0 -0.0012338437 0)
(0 -0.0012438724 0)
(0 -0.0012514327 0)
(0 -0.00125706 0)
(0 -0.0012611206 0)
(0 -0.00126386 0)
(0 -0.0012654323 0)
(0 -0.0012659163 0)
(0 -0.0012653222 0)
(0 -0.0012635894 0)
(0 -0.001260575 0)
(0 -0.0012560294 0)
(0 -0.0012495499 0)
(0 -0.0012404995 0)
(0 -0.0012278593 0)
(0 -0.0012099622 0)
(0 -0.0011840334 0)
(0 -0.0011455732 0)
(0 -0.0010885061 0)
(0 -0.0010102026 0)
(0 -0.00092298479 0)
(0 -0.00083600909 0)
(0 -0.00075465732 0)
(0 -0.00068072899 0)
(0 -0.0006142981 0)
(0 -0.00055480423 0)
(0 -0.00050152319 0)
(0 -0.00045374387 0)
(0 -0.00041082477 0)
(0 -0.00037220487 0)
(0 -0.00033739838 0)
(0 -0.00030598511 0)
(0 -0.0002776005 0)
(0 -0.00025192677 0)
(0 -0.0002286855 0)
(0 -0.00020763154 0)
(0 -0.00018854799 0)
(0 -0.0001712422 0)
(0 -0.00015554239 0)
(0 -0.00014129495 0)
(0 -0.00012836209 0)
(0 -0.00011662 0)
(0 -0.00010595714 0)
(0 -9.6272951e-05 0)
(0 -8.7476571e-05 0)
(0 -7.9485858e-05 0)
(0 -7.2226469e-05 0)
(0 -6.5631067e-05 0)
(0 -5.9638627e-05 0)
(0 -5.4193813e-05 0)
(0 -4.9246426e-05 0)
(0 -4.4750912e-05 0)
(0 -4.0665922e-05 0)
(0 -3.6953912e-05 0)
(0 -3.358079e-05 0)
(0 -3.0515591e-05 0)
(0 -2.7730188e-05 0)
(0 -2.5199031e-05 0)
(0 -2.2898905e-05 0)
(0 -2.0808718e-05 0)
(0 -1.8909308e-05 0)
(0 -1.7183261e-05 0)
(0 -1.5614753e-05 0)
(0 -1.4189408e-05 0)
(0 -1.2894158e-05 0)
(0 -1.1717131e-05 0)
(0 -1.0647538e-05 0)
(0 -9.6755736e-06 0)
(0 -8.7923276e-06 0)
(0 -7.9897031e-06 0)
(0 -7.260342e-06 0)
(0 -6.5975577e-06 0)
(0 -5.9952737e-06 0)
(0 -5.447968e-06 0)
(0 -4.9506227e-06 0)
(0 -4.4986774e-06 0)
(0 -4.0879884e-06 0)
(0 -3.7147899e-06 0)
(0 -3.3756597e-06 0)
(0 -3.067488e-06 0)
(0 -2.787449e-06 0)
(0 -2.5329746e-06 0)
(0 -2.3017312e-06 0)
(0 -2.0915981e-06 0)
(0 -1.9006483e-06 0)
(0 -1.7271306e-06 0)
(0 -1.5694537e-06 0)
(0 -1.4261714e-06 0)
(0 -1.2959698e-06 0)
(0 -1.1776546e-06 0)
(0 -1.0701408e-06 0)
(0 -9.7244233e-07 0)
(0 -8.836631e-07 0)
(0 -8.0298888e-07 0)
(0 -7.2967974e-07 0)
(0 -6.6306331e-07 0)
(0 -6.0252859e-07 0)
(0 -5.4752036e-07 0)
(0 -4.9753409e-07 0)
(0 -4.5211131e-07 0)
(0 -4.1083539e-07 0)
(0 -3.7332776e-07 0)
(0 -3.3924438e-07 0)
(0 -3.0827265e-07 0)
(0 -2.8012848e-07 0)
(0 -2.5455374e-07 0)
(0 -2.3131384e-07 0)
(0 -2.1019563e-07 0)
(0 -1.9100539e-07 0)
(0 -1.7356713e-07 0)
(0 -1.5772088e-07 0)
(0 -1.433213e-07 0)
(0 -1.3023632e-07 0)
(0 -1.1834591e-07 0)
(0 -1.0754101e-07 0)
(0 -9.7722521e-08 0)
(0 -8.8800378e-08 0)
(0 -8.0692745e-08 0)
(0 -7.3325256e-08 0)
(0 -6.6630335e-08 0)
(0 -6.0546574e-08 0)
(0 -5.5018169e-08 0)
(0 -4.9994412e-08 0)
(0 -4.5429224e-08 0)
(0 -4.128073e-08 0)
(0 -3.751088e-08 0)
(0 -3.4085094e-08 0)
(0 -3.0971951e-08 0)
(0 -2.8142895e-08 0)
(0 -2.5571977e-08 0)
(0 -2.3235615e-08 0)
(0 -2.111238e-08 0)
(0 -1.9182796e-08 0)
(0 -1.7429164e-08 0)
(0 -1.58354e-08 0)
(0 -1.4386885e-08 0)
(0 -1.3070332e-08 0)
(0 -1.1873665e-08 0)
(0 -1.0785908e-08 0)
(0 -9.7970846e-09 0)
(0 -8.8981237e-09 0)
(0 -8.08078e-09 0)
(0 -7.3375565e-09 0)
(0 -6.6616361e-09 0)
(0 -6.0468189e-09 0)
(0 -5.4874657e-09 0)
(0 -4.9784457e-09 0)
(0 -4.5150901e-09 0)
(0 -4.0931488e-09 0)
(0 -3.7087515e-09 0)
(0 -3.3583724e-09 0)
(0 -3.0387976e-09 0)
(0 -2.747096e-09 0)
(0 -2.4805918e-09 0)
(0 -2.2368407e-09 0)
(0 -2.0136068e-09 0)
(0 -1.8088425e-09 0)
(0 -1.6206697e-09 0)
(0 -1.4473623e-09 0)
(0 -1.2873307e-09 0)
(0 -1.1391071e-09 0)
(0 -1.0013318e-09 0)
(0 -8.727411e-10 0)
(0 -7.5215557e-10 0)
(0 -6.3846912e-10 0)
(0 -5.3063897e-10 0)
(0 -4.2767607e-10 0)
(0 -3.2863598e-10 0)
(0 -2.3261028e-10 0)
(0 -1.3871817e-10 0)
(0 -4.6098446e-11 0)
(0 -0.00050476187 0)
(0 -0.00071381592 0)
(0 -0.00086536987 0)
(0 -0.00096935543 0)
(0 -0.001040894 0)
(0 -0.0010911415 0)
(0 -0.0011272738 0)
(0 -0.0011538027 0)
(0 -0.0011736005 0)
(0 -0.0011885384 0)
(0 -0.0011998652 0)
(0 -0.001208431 0)
(0 -0.001214822 0)
(0 -0.0012194423 0)
(0 -0.0012225645 0)
(0 -0.0012243609 0)
(0 -0.0012249203 0)
(0 -0.0012242554 0)
(0 -0.0012223011 0)
(0 -0.0012189029 0)
(0 -0.0012137917 0)
(0 -0.0012065395 0)
(0 -0.0011964824 0)
(0 -0.0011825907 0)
(0 -0.0011632559 0)
(0 -0.0011359839 0)
(0 -0.0010971472 0)
(0 -0.0010426371 0)
(0 -0.00097164305 0)
(0 -0.0008924484 0)
(0 -0.00081244926 0)
(0 -0.00073639732 0)
(0 -0.00066632446 0)
(0 -0.00060269707 0)
(0 -0.00054527648 0)
(0 -0.00049356377 0)
(0 -0.00044699869 0)
(0 -0.00040504038 0)
(0 -0.00036719571 0)
(0 -0.00033302557 0)
(0 -0.00030214249 0)
(0 -0.00027420532 0)
(0 -0.00024891338 0)
(0 -0.00022600095 0)
(0 -0.0002052325 0)
(0 -0.00018639856 0)
(0 -0.00016931224 0)
(0 -0.00015380636 0)
(0 -0.00013973099 0)
(0 -0.00012695136 0)
(0 -0.00011534612 0)
(0 -0.0001048058 0)
(0 -9.5231559e-05 0)
(0 -8.6534022e-05 0)
(0 -7.8632303e-05 0)
(0 -7.1453144e-05 0)
(0 -6.4930153e-05 0)
(0 -5.9003128e-05 0)
(0 -5.3617456e-05 0)
(0 -4.8723578e-05 0)
(0 -4.4276503e-05 0)
(0 -4.0235385e-05 0)
(0 -3.6563128e-05 0)
(0 -3.322604e-05 0)
(0 -3.0193514e-05 0)
(0 -2.7437745e-05 0)
(0 -2.493347e-05 0)
(0 -2.2657736e-05 0)
(0 -2.0589687e-05 0)
(0 -1.871037e-05 0)
(0 -1.7002563e-05 0)
(0 -1.5450616e-05 0)
(0 -1.4040307e-05 0)
(0 -1.2758711e-05 0)
(0 -1.1594084e-05 0)
(0 -1.0535752e-05 0)
(0 -9.574016e-06 0)
(0 -8.7000601e-06 0)
(0 -7.9058743e-06 0)
(0 -7.1841788e-06 0)
(0 -6.528358e-06 0)
(0 -5.9323999e-06 0)
(0 -5.3908411e-06 0)
(0 -4.8987167e-06 0)
(0 -4.4515149e-06 0)
(0 -4.0451354e-06 0)
(0 -3.6758522e-06 0)
(0 -3.3402794e-06 0)
(0 -3.0353399e-06 0)
(0 -2.7582376e-06 0)
(0 -2.5064315e-06 0)
(0 -2.2776125e-06 0)
(0 -2.0696824e-06 0)
(0 -1.8807342e-06 0)
(0 -1.7090352e-06 0)
(0 -1.5530108e-06 0)
(0 -1.4112302e-06 0)
(0 -1.282393e-06 0)
(0 -1.1653176e-06 0)
(0 -1.0589304e-06 0)
(0 -9.6225557e-07 0)
(0 -8.7440653e-07 0)
(0 -7.9457754e-07 0)
(0 -7.2203644e-07 0)
(0 -6.5611791e-07 0)
(0 -5.9621735e-07 0)
(0 -5.4178538e-07 0)
(0 -4.9232275e-07 0)
(0 -4.4737578e-07 0)
(0 -4.0653224e-07 0)
(0 -3.694175e-07 0)
(0 -3.3569114e-07 0)
(0 -3.0504383e-07 0)
(0 -2.7719446e-07 0)
(0 -2.518876e-07 0)
(0 -2.2889112e-07 0)
(0 -2.079941e-07 0)
(0 -1.8900487e-07 0)
(0 -1.7174925e-07 0)
(0 -1.5606898e-07 0)
(0 -1.4182022e-07 0)
(0 -1.2887229e-07 0)
(0 -1.1710642e-07 0)
(0 -1.0641469e-07 0)
(0 -9.6699031e-08 0)
(0 -8.7870335e-08 0)
(0 -7.9847618e-08 0)
(0 -7.2557293e-08 0)
(0 -6.5932492e-08 0)
(0 -5.9912448e-08 0)
(0 -5.4441945e-08 0)
(0 -4.9470804e-08 0)
(0 -4.4953429e-08 0)
(0 -4.0848385e-08 0)
(0 -3.7118017e-08 0)
(0 -3.3728111e-08 0)
(0 -3.0647573e-08 0)
(0 -2.7848147e-08 0)
(0 -2.5304155e-08 0)
(0 -2.2992262e-08 0)
(0 -2.0891264e-08 0)
(0 -1.898189e-08 0)
(0 -1.7246624e-08 0)
(0 -1.5669552e-08 0)
(0 -1.4236207e-08 0)
(0 -1.2933443e-08 0)
(0 -1.1749309e-08 0)
(0 -1.0672945e-08 0)
(0 -9.6944775e-09 0)
(0 -8.8049316e-09 0)
(0 -7.9961481e-09 0)
(0 -7.2607086e-09 0)
(0 -6.5918673e-09 0)
(0 -5.9834892e-09 0)
(0 -5.4299942e-09 0)
(0 -4.9263054e-09 0)
(0 -4.4678026e-09 0)
(0 -4.0502803e-09 0)
(0 -3.6699089e-09 0)
(0 -3.3231994e-09 0)
(0 -3.0069716e-09 0)
(0 -2.7183251e-09 0)
(0 -2.4546121e-09 0)
(0 -2.2134138e-09 0)
(0 -1.9925179e-09 0)
(0 -1.7898981e-09 0)
(0 -1.6036961e-09 0)
(0 -1.4322038e-09 0)
(0 -1.2738482e-09 0)
(0 -1.127177e-09 0)
(0 -9.9084461e-10 0)
(0 -8.6360069e-10 0)
(0 -7.4427808e-10 0)
(0 -6.317823e-10 0)
(0 -5.2508148e-10 0)
(0 -4.2319692e-10 0)
(0 -3.251941e-10 0)
(0 -2.301741e-10 0)
(0 -1.3726535e-10 0)
(0 -4.5615647e-11 0)
(0 -0.00048577067 0)
(0 -0.00066920765 0)
(0 -0.00081064013 0)
(0 -0.00091288016 0)
(0 -0.00098592086 0)
(0 -0.0010385808 0)
(0 -0.0010771369 0)
(0 -0.001105804 0)
(0 -0.0011273895 0)
(0 -0.0011437819 0)
(0 -0.0011562705 0)
(0 -0.0011657482 0)
(0 -0.0011728383 0)
(0 -0.0011779746 0)
(0 -0.0011814523 0)
(0 -0.0011834586 0)
(0 -0.0011840914 0)
(0 -0.0011833663 0)
(0 -0.0011812155 0)
(0 -0.0011774765 0)
(0 -0.0011718686 0)
(0 -0.0011639506 0)
(0 -0.001153053 0)
(0 -0.0011381701 0)
(0 -0.0011178027 0)
(0 -0.0010897793 0)
(0 -0.0010512418 0)
(0 -0.00099943738 0)
(0 -0.000934424 0)
(0 -0.00086206102 0)
(0 -0.00078827033 0)
(0 -0.00071718761 0)
(0 -0.00065089232 0)
(0 -0.00059010475 0)
(0 -0.00053483627 0)
(0 -0.00048478101 0)
(0 -0.00043951645 0)
(0 -0.0003985977 0)
(0 -0.00036159848 0)
(0 -0.00032812667 0)
(0 -0.00029782836 0)
(0 -0.00027038676 0)
(0 -0.00024551913 0)
(0 -0.00022297324 0)
(0 -0.00020252385 0)
(0 -0.00018396942 0)
(0 -0.00016712933 0)
(0 -0.00015184139 0)
(0 -0.00013795967 0)
(0 -0.00012535269 0)
(0 -0.00011390181 0)
(0 -0.00010349985 0)
(0 -9.4049869e-05 0)
(0 -8.5464121e-05 0)
(0 -7.7663121e-05 0)
(0 -7.0574818e-05 0)
(0 -6.4133872e-05 0)
(0 -5.8281002e-05 0)
(0 -5.2962405e-05 0)
(0 -4.8129234e-05 0)
(0 -4.3737135e-05 0)
(0 -3.9745826e-05 0)
(0 -3.6118714e-05 0)
(0 -3.2822557e-05 0)
(0 -2.9827153e-05 0)
(0 -2.710506e-05 0)
(0 -2.4631341e-05 0)
(0 -2.2383337e-05 0)
(0 -2.0340458e-05 0)
(0 -1.8483989e-05 0)
(0 -1.6796927e-05 0)
(0 -1.5263816e-05 0)
(0 -1.3870611e-05 0)
(0 -1.2604549e-05 0)
(0 -1.1454029e-05 0)
(0 -1.0408511e-05 0)
(0 -9.4584131e-06 0)
(0 -8.5950292e-06 0)
(0 -7.8104469e-06 0)
(0 -7.0974755e-06 0)
(0 -6.44958e-06 0)
(0 -5.860822e-06 0)
(0 -5.3258046e-06 0)
(0 -4.8396231e-06 0)
(0 -4.3978207e-06 0)
(0 -3.9963468e-06 0)
(0 -3.6315208e-06 0)
(0 -3.2999977e-06 0)
(0 -2.9987378e-06 0)
(0 -2.7249788e-06 0)
(0 -2.4762104e-06 0)
(0 -2.2501516e-06 0)
(0 -2.0447294e-06 0)
(0 -1.8580601e-06 0)
(0 -1.6884318e-06 0)
(0 -1.534289e-06 0)
(0 -1.394218e-06 0)
(0 -1.2669342e-06 0)
(0 -1.1512705e-06 0)
(0 -1.046166e-06 0)
(0 -9.5065669e-07 0)
(0 -8.6386674e-07 0)
(0 -7.8500013e-07 0)
(0 -7.1333352e-07 0)
(0 -6.4820962e-07 0)
(0 -5.8903114e-07 0)
(0 -5.352553e-07 0)
(0 -4.8638889e-07 0)
(0 -4.4198371e-07 0)
(0 -4.0163248e-07 0)
(0 -3.649651e-07 0)
(0 -3.3164525e-07 0)
(0 -3.0136734e-07 0)
(0 -2.7385364e-07 0)
(0 -2.4885179e-07 0)
(0 -2.2613249e-07 0)
(0 -2.0548733e-07 0)
(0 -1.8672697e-07 0)
(0 -1.6967933e-07 0)
(0 -1.5418804e-07 0)
(0 -1.4011101e-07 0)
(0 -1.2731913e-07 0)
(0 -1.1569506e-07 0)
(0 -1.0513219e-07 0)
(0 -9.5533628e-08 0)
(0 -8.6811335e-08 0)
(0 -7.8885308e-08 0)
(0 -7.1682847e-08 0)
(0 -6.5137887e-08 0)
(0 -5.9190397e-08 0)
(0 -5.3785823e-08 0)
(0 -4.8874594e-08 0)
(0 -4.4411662e-08 0)
(0 -4.0356091e-08 0)
(0 -3.6670681e-08 0)
(0 -3.332163e-08 0)
(0 -3.0278217e-08 0)
(0 -2.7512529e-08 0)
(0 -2.4999196e-08 0)
(0 -2.2715167e-08 0)
(0 -2.0639489e-08 0)
(0 -1.8753126e-08 0)
(0 -1.7038773e-08 0)
(0 -1.5480708e-08 0)
(0 -1.4064637e-08 0)
(0 -1.2777573e-08 0)
(0 -1.160771e-08 0)
(0 -1.0544318e-08 0)
(0 -9.5776428e-09 0)
(0 -8.6988175e-09 0)
(0 -7.8997812e-09 0)
(0 -7.173205e-09 0)
(0 -6.5124243e-09 0)
(0 -5.9113783e-09 0)
(0 -5.3645538e-09 0)
(0 -4.8669352e-09 0)
(0 -4.4139582e-09 0)
(0 -4.0014678e-09 0)
(0 -3.6256804e-09 0)
(0 -3.2831494e-09 0)
(0 -2.9707327e-09 0)
(0 -2.6855648e-09 0)
(0 -2.4250299e-09 0)
(0 -2.1867385e-09 0)
(0 -1.9685047e-09 0)
(0 -1.7683269e-09 0)
(0 -1.5843689e-09 0)
(0 -1.4149433e-09 0)
(0 -1.2584963e-09 0)
(0 -1.1135926e-09 0)
(0 -9.7890329e-10 0)
(0 -8.5319288e-10 0)
(0 -7.353083e-10 0)
(0 -6.2416828e-10 0)
(0 -5.1875338e-10 0)
(0 -4.180967e-10 0)
(0 -3.2127498e-10 0)
(0 -2.2740012e-10 0)
(0 -1.3561107e-10 0)
(0 -4.5065903e-11 0)
(0 -5.8223225e-07 0)
(0 -1.7473378e-06 0)
(0 -2.9143511e-06 0)
(0 -4.0844445e-06 0)
(0 -5.2586306e-06 0)
(0 -6.4376926e-06 0)
(0 -7.6221093e-06 0)
(0 -8.8119719e-06 0)
(0 -1.0006889e-05 0)
(0 -1.1205877e-05 0)
(0 -1.2407226e-05 0)
(0 -1.3608341e-05 0)
(0 -1.4805531e-05 0)
(0 -1.5993741e-05 0)
(0 -1.7166189e-05 0)
(0 -1.83139e-05 0)
(0 -1.9425142e-05 0)
(0 -2.0484934e-05 0)
(0 -2.147531e-05 0)
(0 -2.2378426e-05 0)
(0 -6.0124309e-07 0)
(0 -1.805494e-06 0)
(0 -3.0150617e-06 0)
(0 -4.2335247e-06 0)
(0 -5.4645082e-06 0)
(0 -6.7117106e-06 0)
(0 -7.9789376e-06 0)
(0 -9.2701477e-06 0)
(0 -1.0589514e-05 0)
(0 -1.1941511e-05 0)
(0 -1.333103e-05 0)
(0 -1.4763542e-05 0)
(0 -1.6245338e-05 0)
(0 -1.7783864e-05 0)
(0 -1.9388246e-05 0)
(0 -2.1070103e-05 0)
(0 -2.2844902e-05 0)
(0 -2.4734292e-05 0)
(0 -2.6770233e-05 0)
(0 -2.9002342e-05 0)
(0 -6.1710275e-07 0)
(0 -1.8541822e-06 0)
(0 -3.0999407e-06 0)
(0 -4.3603252e-06 0)
(0 -5.6415271e-06 0)
(0 -6.9500988e-06 0)
(0 -8.2930913e-06 0)
(0 -9.67822e-06 0)
(0 -1.1114072e-05 0)
(0 -1.2610368e-05 0)
(0 -1.4178307e-05 0)
(0 -1.5831012e-05 0)
(0 -1.7584141e-05 0)
(0 -1.9456725e-05 0)
(0 -2.1472334e-05 0)
(0 -2.3660773e-05 0)
(0 -2.6060553e-05 0)
(0 -2.8722587e-05 0)
(0 -3.1715751e-05 0)
(0 -3.5135265e-05 0)
(0 -6.2784228e-07 0)
(0 -1.8874281e-06 0)
(0 -3.1588034e-06 0)
(0 -4.4500998e-06 0)
(0 -5.769867e-06 0)
(0 -7.1272679e-06 0)
(0 -8.5323028e-06 0)
(0 -9.9960758e-06 0)
(0 -1.1531119e-05 0)
(0 -1.3151795e-05 0)
(0 -1.4874805e-05 0)
(0 -1.6719844e-05 0)
(0 -1.8710454e-05 0)
(0 -2.0875156e-05 0)
(0 -2.3248969e-05 0)
(0 -2.587548e-05 0)
(0 -2.8809675e-05 0)
(0 -3.2121855e-05 0)
(0 -3.5903014e-05 0)
(0 -4.0272243e-05 0)
(0 -6.3164015e-07 0)
(0 -1.8997074e-06 0)
(0 -3.1822416e-06 0)
(0 -4.4892477e-06 0)
(0 -5.8312873e-06 0)
(0 -7.2197342e-06 0)
(0 -8.6670643e-06 0)
(0 -1.0187194e-05 0)
(0 -1.1795886e-05 0)
(0 -1.3511238e-05 0)
(0 -1.5354291e-05 0)
(0 -1.7349793e-05 0)
(0 -1.9527157e-05 0)
(0 -2.1921692e-05 0)
(0 -2.4576193e-05 0)
(0 -2.7542984e-05 0)
(0 -3.0886579e-05 0)
(0 -3.4687103e-05 0)
(0 -3.9044652e-05 0)
(0 -4.4084796e-05 0)
(0 -6.2692809e-07 0)
(0 -1.8862672e-06 0)
(0 -3.1621724e-06 0)
(0 -4.4661096e-06 0)
(0 -5.8101983e-06 0)
(0 -7.2075075e-06 0)
(0 -8.6723866e-06 0)
(0 -1.0220846e-05 0)
(0 -1.1871003e-05 0)
(0 -1.3643611e-05 0)
(0 -1.5562702e-05 0)
(0 -1.765636e-05 0)
(0 -1.9957684e-05 0)
(0 -2.2505954e-05 0)
(0 -2.5348093e-05 0)
(0 -2.8540448e-05 0)
(0 -3.2150975e-05 0)
(0 -3.6261876e-05 0)
(0 -4.0972692e-05 0)
(0 -4.6403841e-05 0)
(0 -6.1247632e-07 0)
(0 -1.8433836e-06 0)
(0 -3.0922753e-06 0)
(0 -4.3715957e-06 0)
(0 -5.6944971e-06 0)
(0 -7.0751548e-06 0)
(0 -8.5291153e-06 0)
(0 -1.007369e-05 0)
(0 -1.1728409e-05 0)
(0 -1.3515543e-05 0)
(0 -1.5460729e-05 0)
(0 -1.7593694e-05 0)
(0 -1.9949126e-05 0)
(0 -2.2567699e-05 0)
(0 -2.5497285e-05 0)
(0 -2.8794371e-05 0)
(0 -3.2525681e-05 0)
(0 -3.6769992e-05 0)
(0 -4.1620076e-05 0)
(0 -4.7184621e-05 0)
(0 -5.8745402e-07 0)
(0 -1.7685446e-06 0)
(0 -2.968298e-06 0)
(0 -4.1996183e-06 0)
(0 -5.4761302e-06 0)
(0 -6.8124951e-06 0)
(0 -8.2247569e-06 0)
(0 -9.7307244e-06 0)
(0 -1.1350403e-05 0)
(0 -1.3106484e-05 0)
(0 -1.5024907e-05 0)
(0 -1.71355e-05 0)
(0 -1.9472719e-05 0)
(0 -2.2076474e-05 0)
(0 -2.4993076e-05 0)
(0 -2.8276262e-05 0)
(0 -3.1988299e-05 0)
(0 -3.6201099e-05 0)
(0 -4.0997254e-05 0)
(0 -4.6470808e-05 0)
(0 -5.5146381e-07 0)
(0 -1.6605519e-06 0)
(0 -2.7882262e-06 0)
(0 -3.9473236e-06 0)
(0 -5.151379e-06 0)
(0 -6.414927e-06 0)
(0 -7.7538273e-06 0)
(0 -9.1856188e-06 0)
(0 -1.0729911e-05 0)
(0 -1.2408819e-05 0)
(0 -1.4247443e-05 0)
(0 -1.6274408e-05 0)
(0 -1.8522448e-05 0)
(0 -2.1029049e-05 0)
(0 -2.3837124e-05 0)
(0 -2.6995708e-05 0)
(0 -3.056063e-05 0)
(0 -3.45951e-05 0)
(0 -3.917011e-05 0)
(0 -4.4364482e-05 0)
(0 -5.0455131e-07 0)
(0 -1.519549e-06 0)
(0 -2.5523227e-06 0)
(0 -3.6151344e-06 0)
(0 -4.7208926e-06 0)
(0 -5.8834273e-06 0)
(0 -7.1177835e-06 0)
(0 -8.4405348e-06 0)
(0 -9.8701236e-06 0)
(0 -1.1427229e-05 0)
(0 -1.3135163e-05 0)
(0 -1.5020297e-05 0)
(0 -1.7112514e-05 0)
(0 -1.9445665e-05 0)
(0 -2.2058033e-05 0)
(0 -2.4992761e-05 0)
(0 -2.8298201e-05 0)
(0 -3.2028142e-05 0)
(0 -3.6241819e-05 0)
(0 -4.1003548e-05 0)
(0 -4.4719276e-07 0)
(0 -1.3469816e-06 0)
(0 -2.2630549e-06 0)
(0 -3.2066322e-06 0)
(0 -4.1895053e-06 0)
(0 -5.2242793e-06 0)
(0 -6.3246255e-06 0)
(0 -7.5055485e-06 0)
(0 -8.7836692e-06 0)
(0 -1.0177524e-05 0)
(0 -1.1707881e-05 0)
(0 -1.339806e-05 0)
(0 -1.5274266e-05 0)
(0 -1.7365904e-05 0)
(0 -1.9705868e-05 0)
(0 -2.2330779e-05 0)
(0 -2.5281119e-05 0)
(0 -2.8601238e-05 0)
(0 -3.233915e-05 0)
(0 -3.6545985e-05 0)
(0 -3.8026438e-07 0)
(0 -1.1455031e-06 0)
(0 -1.9249301e-06 0)
(0 -2.7283094e-06 0)
(0 -3.5658878e-06 0)
(0 -4.4485959e-06 0)
(0 -5.3882564e-06 0)
(0 -6.3978013e-06 0)
(0 -7.491498e-06 0)
(0 -8.6851826e-06 0)
(0 -9.9964985e-06 0)
(0 -1.1445134e-05 0)
(0 -1.3053052e-05 0)
(0 -1.4844695e-05 0)
(0 -1.6847155e-05 0)
(0 -1.9090278e-05 0)
(0 -2.1606681e-05 0)
(0 -2.4431632e-05 0)
(0 -2.7602771e-05 0)
(0 -3.1159523e-05 0)
(0 -3.0499781e-07 0)
(0 -9.1883931e-07 0)
(0 -1.5442614e-06 0)
(0 -2.1892259e-06 0)
(0 -2.8620773e-06 0)
(0 -3.5717009e-06 0)
(0 -4.3276848e-06 0)
(0 -5.1404867e-06 0)
(0 -6.021605e-06 0)
(0 -6.9837516e-06 0)
(0 -8.0410239e-06 0)
(0 -9.2090709e-06 0)
(0 -1.0505245e-05 0)
(0 -1.1948728e-05 0)
(0 -1.3560623e-05 0)
(0 -1.5363978e-05 0)
(0 -1.7383747e-05 0)
(0 -1.9646632e-05 0)
(0 -2.2180794e-05 0)
(0 -2.501534e-05 0)
(0 -2.2292528e-07 0)
(0 -6.7162166e-07 0)
(0 -1.1288847e-06 0)
(0 -1.6005995e-06 0)
(0 -2.0929277e-06 0)
(0 -2.612421e-06 0)
(0 -3.1661362e-06 0)
(0 -3.7617532e-06 0)
(0 -4.4076936e-06 0)
(0 -5.113239e-06 0)
(0 -5.8886462e-06 0)
(0 -6.7452551e-06 0)
(0 -7.695582e-06 0)
(0 -8.7533926e-06 0)
(0 -9.9337424e-06 0)
(0 -1.1252972e-05 0)
(0 -1.2728645e-05 0)
(0 -1.4379405e-05 0)
(0 -1.6224743e-05 0)
(0 -1.8284596e-05 0)
(0 -1.3581793e-07 0)
(0 -4.0920105e-07 0)
(0 -6.8784277e-07 0)
(0 -9.7535362e-07 0)
(0 -1.2755112e-06 0)
(0 -1.5923283e-06 0)
(0 -1.9301216e-06 0)
(0 -2.2935817e-06 0)
(0 -2.6878431e-06 0)
(0 -3.1185523e-06 0)
(0 -3.5919346e-06 0)
(0 -4.1148531e-06 0)
(0 -4.69486e-06 0)
(0 -5.3402325e-06 0)
(0 -6.059988e-06 0)
(0 -6.8638716e-06 0)
(0 -7.7623067e-06 0)
(0 -8.7662992e-06 0)
(0 -9.8872861e-06 0)
(0 -1.1136885e-05 0)
(0 -4.5619935e-08 0)
(0 -1.3744888e-07 0)
(0 -2.3105051e-07 0)
(0 -3.2764162e-07 0)
(0 -4.2849485e-07 0)
(0 -5.3496135e-07 0)
(0 -6.4849376e-07 0)
(0 -7.7066927e-07 0)
(0 -9.0321265e-07 0)
(0 -1.0480188e-06 0)
(0 -1.2071742e-06 0)
(0 -1.382976e-06 0)
(0 -1.5779479e-06 0)
(0 -1.7948512e-06 0)
(0 -2.0366882e-06 0)
(0 -2.3066963e-06 0)
(0 -2.6083301e-06 0)
(0 -2.9452271e-06 0)
(0 -3.3211561e-06 0)
(0 -3.7399322e-06 0)
(0 -2.305342e-05 0)
(0 -2.356804e-05 0)
(0 -2.4087491e-05 0)
(0 -2.431502e-05 0)
(0 -2.4349365e-05 0)
(0 -1.4489956e-05 0)
(0 -1.3265502e-05 0)
(0 -6.6512181e-06 0)
(0 -5.8645641e-06 0)
(0 -3.9700727e-06 0)
(0 -4.6027931e-06 0)
(0 -6.0454654e-06 0)
(0 -1.3526078e-05 0)
(0 -4.0148909e-05 0)
(0 -6.2950542e-05 0)
(0 -0.00014708855 0)
(0 -0.00018981197 0)
(0 -0.00023971757 0)
(0 -0.00029332046 0)
(0 -0.00035261482 0)
(0 -3.1092003e-05 0)
(0 -3.2932694e-05 0)
(0 -3.4990479e-05 0)
(0 -3.732261e-05 0)
(0 -4.0076224e-05 0)
(0 -4.3489381e-05 0)
(0 -4.7457353e-05 0)
(0 -5.2327724e-05 0)
(0 -5.8331284e-05 0)
(0 -6.6195953e-05 0)
(0 -7.6740492e-05 0)
(0 -9.0695673e-05 0)
(0 -0.00010870858 0)
(0 -0.00013069358 0)
(0 -0.0001570884 0)
(0 -0.00018698011 0)
(0 -0.00022198418 0)
(0 -0.00026149232 0)
(0 -0.00030461097 0)
(0 -0.00035073116 0)
(0 -3.8451495e-05 0)
(0 -4.1423336e-05 0)
(0 -4.4785526e-05 0)
(0 -4.8629243e-05 0)
(0 -5.3074348e-05 0)
(0 -5.8263918e-05 0)
(0 -6.4346348e-05 0)
(0 -7.1536204e-05 0)
(0 -8.0095247e-05 0)
(0 -9.0387991e-05 0)
(0 -0.00010282538 0)
(0 -0.00011777897 0)
(0 -0.00013553732 0)
(0 -0.00015622303 0)
(0 -0.00017994925 0)
(0 -0.00020668601 0)
(0 -0.00023648737 0)
(0 -0.00026914404 0)
(0 -0.00030425536 0)
(0 -0.0003413289 0)
(0 -4.4533991e-05 0)
(0 -4.8351031e-05 0)
(0 -5.2649952e-05 0)
(0 -5.7519417e-05 0)
(0 -6.3064992e-05 0)
(0 -6.9409414e-05 0)
(0 -7.6693e-05 0)
(0 -8.5079151e-05 0)
(0 -9.4754034e-05 0)
(0 -0.00010592847 0)
(0 -0.00011882062 0)
(0 -0.00013362696 0)
(0 -0.00015050007 0)
(0 -0.00016952954 0)
(0 -0.00019075988 0)
(0 -0.00021417121 0)
(0 -0.00023968628 0)
(0 -0.00026713809 0)
(0 -0.0002962696 0)
(0 -0.00032675817 0)
(0 -4.8984951e-05 0)
(0 -5.3351196e-05 0)
(0 -5.8231128e-05 0)
(0 -6.3701923e-05 0)
(0 -6.9851295e-05 0)
(0 -7.6777472e-05 0)
(0 -8.4588728e-05 0)
(0 -9.3402543e-05 0)
(0 -0.00010334341 0)
(0 -0.00011453865 0)
(0 -0.00012711081 0)
(0 -0.00014116642 0)
(0 -0.0001567857 0)
(0 -0.00017401402 0)
(0 -0.00019285963 0)
(0 -0.00021328747 0)
(0 -0.00023521623 0)
(0 -0.00025851442 0)
(0 -0.00028300148 0)
(0 -0.00030846128 0)
(0 -5.1650844e-05 0)
(0 -5.6296992e-05 0)
(0 -6.1448982e-05 0)
(0 -6.7170046e-05 0)
(0 -7.3529375e-05 0)
(0 -8.0601544e-05 0)
(0 -8.8465461e-05 0)
(0 -9.7202656e-05 0)
(0 -0.00010689482 0)
(0 -0.00011762027 0)
(0 -0.00012944958 0)
(0 -0.00014244039 0)
(0 -0.00015663206 0)
(0 -0.00017204093 0)
(0 -0.00018865698 0)
(0 -0.0002064409 0)
(0 -0.00022532258 0)
(0 -0.00024520082 0)
(0 -0.00026594502 0)
(0 -0.00028740557 0)
(0 -5.2522335e-05 0)
(0 -5.7219775e-05 0)
(0 -6.2390981e-05 0)
(0 -6.8085828e-05 0)
(0 -7.43571e-05 0)
(0 -8.1259756e-05 0)
(0 -8.8849811e-05 0)
(0 -9.7182801e-05 0)
(0 -0.0001063118 0)
(0 -0.00011628499 0)
(0 -0.00012714297 0)
(0 -0.00013891579 0)
(0 -0.0001516201 0)
(0 -0.00016525639 0)
(0 -0.00017980686 0)
(0 -0.000195234 0)
(0 -0.00021147996 0)
(0 -0.00022846696 0)
(0 -0.00024609867 0)
(0 -0.00026426864 0)
(0 -5.1684867e-05 0)
(0 -5.6247749e-05 0)
(0 -6.123889e-05 0)
(0 -6.6696662e-05 0)
(0 -7.2660482e-05 0)
(0 -7.9170123e-05 0)
(0 -8.626476e-05 0)
(0 -9.3981763e-05 0)
(0 -0.00010235529 0)
(0 -0.00011141463 0)
(0 -0.00012118253 0)
(0 -0.00013167336 0)
(0 -0.0001428915 0)
(0 -0.00015482976 0)
(0 -0.00016746826 0)
(0 -0.00018077363 0)
(0 -0.00019469895 0)
(0 -0.00020918411 0)
(0 -0.0002241569 0)
(0 -0.00023953995 0)
(0 -4.9281258e-05 0)
(0 -5.3562807e-05 0)
(0 -5.8220709e-05 0)
(0 -6.3283973e-05 0)
(0 -6.878159e-05 0)
(0 -7.4741989e-05 0)
(0 -8.1192272e-05 0)
(0 -8.8157341e-05 0)
(0 -9.56589e-05 0)
(0 -0.00010371437 0)
(0 -0.00011233579 0)
(0 -0.00012152873 0)
(0 -0.00013129127 0)
(0 -0.00014161318 0)
(0 -0.00015247526 0)
(0 -0.00016384903 0)
(0 -0.00017569674 0)
(0 -0.00018797176 0)
(0 -0.0002006193 0)
(0 -0.00021358225 0)
(0 -4.5485744e-05 0)
(0 -4.9372454e-05 0)
(0 -5.3581483e-05 0)
(0 -5.8134448e-05 0)
(0 -6.3052412e-05 0)
(0 -6.835548e-05 0)
(0 -7.4062226e-05 0)
(0 -8.0189067e-05 0)
(0 -8.6749575e-05 0)
(0 -9.3753745e-05 0)
(0 -0.00010120731 0)
(0 -0.00010911105 0)
(0 -0.00011746018 0)
(0 -0.0001262439 0)
(0 -0.00013544504 0)
(0 -0.00014503991 0)
(0 -0.00015499843 0)
(0 -0.0001652844 0)
(0 -0.00017585604 0)
(0 -0.00018667078 0)
(0 -4.0487152e-05 0)
(0 -4.389274e-05 0)
(0 -4.7566873e-05 0)
(0 -5.1525429e-05 0)
(0 -5.5783515e-05 0)
(0 -6.0355188e-05 0)
(0 -6.5253044e-05 0)
(0 -7.0487768e-05 0)
(0 -7.6067659e-05 0)
(0 -8.1998164e-05 0)
(0 -8.8281417e-05 0)
(0 -9.4915818e-05 0)
(0 -0.00010189566 0)
(0 -0.00010921089 0)
(0 -0.00011684688 0)
(0 -0.00012478446 0)
(0 -0.00013299994 0)
(0 -0.00014146541 0)
(0 -0.00015014906 0)
(0 -0.00015901918 0)
(0 -3.4478712e-05 0)
(0 -3.7338701e-05 0)
(0 -4.041489e-05 0)
(0 -4.3718718e-05 0)
(0 -4.7260834e-05 0)
(0 -5.1050917e-05 0)
(0 -5.5097379e-05 0)
(0 -5.9407054e-05 0)
(0 -6.398488e-05 0)
(0 -6.8833591e-05 0)
(0 -7.3953417e-05 0)
(0 -7.9341824e-05 0)
(0 -8.4993297e-05 0)
(0 -9.0899185e-05 0)
(0 -9.7047616e-05 0)
(0 -0.0001034235 0)
(0 -0.0001100086 0)
(0 -0.00011678176 0)
(0 -0.0001237191 0)
(0 -0.00013079721 0)
(0 -2.7652454e-05 0)
(0 -2.9919696e-05 0)
(0 -3.2352618e-05 0)
(0 -3.4959204e-05 0)
(0 -3.7746744e-05 0)
(0 -4.0721725e-05 0)
(0 -4.3889624e-05 0)
(0 -4.72547e-05 0)
(0 -5.0819783e-05 0)
(0 -5.4586073e-05 0)
(0 -5.8552954e-05 0)
(0 -6.2717829e-05 0)
(0 -6.7075996e-05 0)
(0 -7.1620557e-05 0)
(0 -7.6342379e-05 0)
(0 -8.123011e-05 0)
(0 -8.6270253e-05 0)
(0 -9.1447292e-05 0)
(0 -9.6743883e-05 0)
(0 -0.00010214322 0)
(0 -2.0196628e-05 0)
(0 -2.1837808e-05 0)
(0 -2.3595902e-05 0)
(0 -2.5476146e-05 0)
(0 -2.7483246e-05 0)
(0 -2.9621314e-05 0)
(0 -3.1893736e-05 0)
(0 -3.4303038e-05 0)
(0 -3.6850754e-05 0)
(0 -3.95373e-05 0)
(0 -4.2361864e-05 0)
(0 -4.5322306e-05 0)
(0 -4.8415087e-05 0)
(0 -5.1635218e-05 0)
(0 -5.4976249e-05 0)
(0 -5.8430279e-05 0)
(0 -6.1988015e-05 0)
(0 -6.5638855e-05 0)
(0 -6.9371011e-05 0)
(0 -7.317318e-05 0)
(0 -1.2295072e-05 0)
(0 -1.3288131e-05 0)
(0 -1.435074e-05 0)
(0 -1.5485862e-05 0)
(0 -1.6696126e-05 0)
(0 -1.7983804e-05 0)
(0 -1.9350728e-05 0)
(0 -2.0798219e-05 0)
(0 -2.2327019e-05 0)
(0 -2.3937215e-05 0)
(0 -2.5628184e-05 0)
(0 -2.7398542e-05 0)
(0 -2.9246102e-05 0)
(0 -3.1167857e-05 0)
(0 -3.3159966e-05 0)
(0 -3.5217776e-05 0)
(0 -3.7335842e-05 0)
(0 -3.9507989e-05 0)
(0 -4.1727371e-05 0)
(0 -4.3987471e-05 0)
(0 -4.1277844e-06 0)
(0 -4.4601624e-06 0)
(0 -4.8156221e-06 0)
(0 -5.195121e-06 0)
(0 -5.5995051e-06 0)
(0 -6.0294989e-06 0)
(0 -6.4856815e-06 0)
(0 -6.9684628e-06 0)
(0 -7.4780605e-06 0)
(0 -8.0144786e-06 0)
(0 -8.5774882e-06 0)
(0 -9.1666119e-06 0)
(0 -9.7811118e-06 0)
(0 -1.0419983e-05 0)
(0 -1.1081952e-05 0)
(0 -1.176548e-05 0)
(0 -1.2468776e-05 0)
(0 -1.318981e-05 0)
(0 -1.3926338e-05 0)
(0 -1.4676229e-05 0)
(0 -0.00046210893 0)
(0 -0.00061286173 0)
(0 -0.0007383391 0)
(0 -0.00083546664 0)
(0 -0.00090857064 0)
(0 -0.00096329217 0)
(0 -0.001004438 0)
(0 -0.0010356155 0)
(0 -0.0010594136 0)
(0 -0.0010776669 0)
(0 -0.0010916759 0)
(0 -0.001102366 0)
(0 -0.0011103965 0)
(0 -0.0011162334 0)
(0 -0.0011201974 0)
(0 -0.0011224942 0)
(0 -0.001123233 0)
(0 -0.0011224342 0)
(0 -0.0011200289 0)
(0 -0.0011158487 0)
(0 -0.001109605 0)
(0 -0.0011008542 0)
(0 -0.0010889448 0)
(0 -0.0010729455 0)
(0 -0.0010515651 0)
(0 -0.0010231191 0)
(0 -0.00098570912 0)
(0 -0.00093795048 0)
(0 -0.00088046943 0)
(0 -0.00081689557 0)
(0 -0.00075139612 0)
(0 -0.00068724963 0)
(0 -0.00062643696 0)
(0 -0.00056990027 0)
(0 -0.00051792991 0)
(0 -0.00047046021 0)
(0 -0.00042725203 0)
(0 -0.00038799422 0)
(0 -0.00035235683 0)
(0 -0.00032001718 0)
(0 -0.0002906719 0)
(0 -0.00026404137 0)
(0 -0.00023987067 0)
(0 -0.00021792862 0)
(0 -0.00019800614 0)
(0 -0.00017991431 0)
(0 -0.00016348249 0)
(0 -0.00014855645 0)
(0 -0.00013499675 0)
(0 -0.00012267722 0)
(0 -0.00011148362 0)
(0 -0.00010131245 0)
(0 -9.206992e-05 0)
(0 -8.3670932e-05 0)
(0 -7.60383e-05 0)
(0 -6.9101963e-05 0)
(0 -6.2798313e-05 0)
(0 -5.7069588e-05 0)
(0 -5.1863324e-05 0)
(0 -4.713186e-05 0)
(0 -4.2831894e-05 0)
(0 -3.8924079e-05 0)
(0 -3.5372663e-05 0)
(0 -3.2145152e-05 0)
(0 -2.9212017e-05 0)
(0 -2.6546422e-05 0)
(0 -2.4123975e-05 0)
(0 -2.1922509e-05 0)
(0 -1.9921875e-05 0)
(0 -1.8103761e-05 0)
(0 -1.6451524e-05 0)
(0 -1.4950038e-05 0)
(0 -1.3585553e-05 0)
(0 -1.2345575e-05 0)
(0 -1.1218747e-05 0)
(0 -1.0194748e-05 0)
(0 -9.2641974e-06 0)
(0 -8.4185705e-06 0)
(0 -7.6501192e-06 0)
(0 -6.9518022e-06 0)
(0 -6.3172202e-06 0)
(0 -5.7405575e-06 0)
(0 -5.2165291e-06 0)
(0 -4.7403318e-06 0)
(0 -4.3076005e-06 0)
(0 -3.9143686e-06 0)
(0 -3.5570311e-06 0)
(0 -3.232312e-06 0)
(0 -2.9372344e-06 0)
(0 -2.6690927e-06 0)
(0 -2.4254285e-06 0)
(0 -2.2040075e-06 0)
(0 -2.0027994e-06 0)
(0 -1.8199592e-06 0)
(0 -1.6538102e-06 0)
(0 -1.5028289e-06 0)
(0 -1.3656307e-06 0)
(0 -1.2409574e-06 0)
(0 -1.1276656e-06 0)
(0 -1.0247165e-06 0)
(0 -9.3116574e-07 0)
(0 -8.4615547e-07 0)
(0 -7.6890602e-07 0)
(0 -6.987089e-07 0)
(0 -6.349203e-07 0)
(0 -5.7695519e-07 0)
(0 -5.2428193e-07 0)
(0 -4.7641742e-07 0)
(0 -4.3292266e-07 0)
(0 -3.9339872e-07 0)
(0 -3.5748309e-07 0)
(0 -3.2484636e-07 0)
(0 -2.9518919e-07 0)
(0 -2.6823955e-07 0)
(0 -2.4375028e-07 0)
(0 -2.2149674e-07 0)
(0 -2.0127483e-07 0)
(0 -1.8289907e-07 0)
(0 -1.6620091e-07 0)
(0 -1.510272e-07 0)
(0 -1.3723875e-07 0)
(0 -1.2470911e-07 0)
(0 -1.1332334e-07 0)
(0 -1.0297701e-07 0)
(0 -9.3575218e-08 0)
(0 -8.5031732e-08 0)
(0 -7.7268188e-08 0)
(0 -7.0213376e-08 0)
(0 -6.3802587e-08 0)
(0 -5.7977019e-08 0)
(0 -5.2683238e-08 0)
(0 -4.7872688e-08 0)
(0 -4.3501244e-08 0)
(0 -3.9528811e-08 0)
(0 -3.5918951e-08 0)
(0 -3.2638554e-08 0)
(0 -2.965753e-08 0)
(0 -2.6948537e-08 0)
(0 -2.4486727e-08 0)
(0 -2.2249518e-08 0)
(0 -2.0216391e-08 0)
(0 -1.8368697e-08 0)
(0 -1.6689488e-08 0)
(0 -1.5163362e-08 0)
(0 -1.377632e-08 0)
(0 -1.2515641e-08 0)
(0 -1.1369759e-08 0)
(0 -1.0328166e-08 0)
(0 -9.3813069e-09 0)
(0 -8.520497e-09 0)
(0 -7.7378405e-09 0)
(0 -7.0261586e-09 0)
(0 -6.3789236e-09 0)
(0 -5.7901986e-09 0)
(0 -5.2545837e-09 0)
(0 -4.767166e-09 0)
(0 -4.3234748e-09 0)
(0 -3.9194401e-09 0)
(0 -3.5513562e-09 0)
(0 -3.2158468e-09 0)
(0 -2.9098345e-09 0)
(0 -2.6305123e-09 0)
(0 -2.3753183e-09 0)
(0 -2.1419117e-09 0)
(0 -1.9281516e-09 0)
(0 -1.7320773e-09 0)
(0 -1.5518903e-09 0)
(0 -1.3859379e-09 0)
(0 -1.2326979e-09 0)
(0 -1.0907647e-09 0)
(0 -9.5883639e-10 0)
(0 -8.3570296e-10 0)
(0 -7.2023494e-10 0)
(0 -6.1137322e-10 0)
(0 -5.0811926e-10 0)
(0 -4.0952598e-10 0)
(0 -3.1468904e-10 0)
(0 -2.2273856e-10 0)
(0 -1.3283113e-10 0)
(0 -4.414208e-11 0)
(0 -0.00043495634 0)
(0 -0.00055464381 0)
(0 -0.00066057357 0)
(0 -0.00074795664 0)
(0 -0.00081743495 0)
(0 -0.00087176677 0)
(0 -0.00091401686 0)
(0 -0.00094685812 0)
(0 -0.00097241402 0)
(0 -0.00099230357 0)
(0 -0.0010077384 0)
(0 -0.0010196167 0)
(0 -0.0010285982 0)
(0 -0.0010351608 0)
(0 -0.0010396392 0)
(0 -0.0010422523 0)
(0 -0.0010431192 0)
(0 -0.001042267 0)
(0 -0.0010396317 0)
(0 -0.0010350504 0)
(0 -0.0010282472 0)
(0 -0.001018809 0)
(0 -0.0010061553 0)
(0 -0.00098950633 0)
(0 -0.00096787005 0)
(0 -0.00094009719 0)
(0 -0.0009051002 0)
(0 -0.00086234938 0)
(0 -0.00081257566 0)
(0 -0.00075802518 0)
(0 -0.00070145077 0)
(0 -0.00064525803 0)
(0 -0.00059113294 0)
(0 -0.00054006495 0)
(0 -0.00049252534 0)
(0 -0.00044865046 0)
(0 -0.00040837948 0)
(0 -0.00037154498 0)
(0 -0.00033792819 0)
(0 -0.00030729113 0)
(0 -0.00027939469 0)
(0 -0.00025400821 0)
(0 -0.0002309143 0)
(0 -0.00020991088 0)
(0 -0.00019081163 0)
(0 -0.00017344567 0)
(0 -0.00015765677 0)
(0 -0.00014330243 0)
(0 -0.00013025277 0)
(0 -0.00011838955 0)
(0 -0.00010760518 0)
(0 -9.780175e-05 0)
(0 -8.8890233e-05 0)
(0 -8.0789639e-05 0)
(0 -7.342632e-05 0)
(0 -6.6733298e-05 0)
(0 -6.0649665e-05 0)
(0 -5.5120036e-05 0)
(0 -5.0094045e-05 0)
(0 -4.5525898e-05 0)
(0 -4.1373951e-05 0)
(0 -3.7600342e-05 0)
(0 -3.4170644e-05 0)
(0 -3.1053556e-05 0)
(0 -2.8220621e-05 0)
(0 -2.5645965e-05 0)
(0 -2.3306067e-05 0)
(0 -2.1179544e-05 0)
(0 -1.9246956e-05 0)
(0 -1.7490633e-05 0)
(0 -1.5894511e-05 0)
(0 -1.4443989e-05 0)
(0 -1.3125794e-05 0)
(0 -1.1927862e-05 0)
(0 -1.0839228e-05 0)
(0 -9.8499245e-06 0)
(0 -8.9508932e-06 0)
(0 -8.1339007e-06 0)
(0 -7.3914637e-06 0)
(0 -6.7167813e-06 0)
(0 -6.1036724e-06 0)
(0 -5.5465194e-06 0)
(0 -5.0402169e-06 0)
(0 -4.5801252e-06 0)
(0 -4.1620276e-06 0)
(0 -3.7820919e-06 0)
(0 -3.4368357e-06 0)
(0 -3.1230941e-06 0)
(0 -2.837991e-06 0)
(0 -2.5789126e-06 0)
(0 -2.3434837e-06 0)
(0 -2.1295458e-06 0)
(0 -1.9351372e-06 0)
(0 -1.7584756e-06 0)
(0 -1.5979409e-06 0)
(0 -1.4520611e-06 0)
(0 -1.3194984e-06 0)
(0 -1.1990374e-06 0)
(0 -1.0895733e-06 0)
(0 -9.9010217e-07 0)
(0 -8.9971191e-07 0)
(0 -8.1757352e-07 0)
(0 -7.4293371e-07 0)
(0 -6.7510794e-07 0)
(0 -6.1347418e-07 0)
(0 -5.5746714e-07 0)
(0 -5.0657317e-07 0)
(0 -4.6032549e-07 0)
(0 -4.1829993e-07 0)
(0 -3.8011105e-07 0)
(0 -3.4540859e-07 0)
(0 -3.1387426e-07 0)
(0 -2.8521883e-07 0)
(0 -2.5917948e-07 0)
(0 -2.3551738e-07 0)
(0 -2.140155e-07 0)
(0 -1.9447662e-07 0)
(0 -1.7672153e-07 0)
(0 -1.6058738e-07 0)
(0 -1.4592617e-07 0)
(0 -1.3260345e-07 0)
(0 -1.2049701e-07 0)
(0 -1.094958e-07 0)
(0 -9.9498927e-08 0)
(0 -9.0414689e-08 0)
(0 -8.2159765e-08 0)
(0 -7.465844e-08 0)
(0 -6.7841908e-08 0)
(0 -6.1647646e-08 0)
(0 -5.6018839e-08 0)
(0 -5.0903857e-08 0)
(0 -4.6255784e-08 0)
(0 -4.2031987e-08 0)
(0 -3.8193724e-08 0)
(0 -3.4705788e-08 0)
(0 -3.1536186e-08 0)
(0 -2.8655847e-08 0)
(0 -2.6038351e-08 0)
(0 -2.3659688e-08 0)
(0 -2.1498042e-08 0)
(0 -1.9533584e-08 0)
(0 -1.7748296e-08 0)
(0 -1.6125802e-08 0)
(0 -1.4651221e-08 0)
(0 -1.3311026e-08 0)
(0 -1.2092926e-08 0)
(0 -1.0985747e-08 0)
(0 -9.9793332e-09 0)
(0 -9.0644542e-09 0)
(0 -8.232718e-09 0)
(0 -7.4764957e-09 0)
(0 -6.7888509e-09 0)
(0 -6.1634762e-09 0)
(0 -5.5946353e-09 0)
(0 -5.0771108e-09 0)
(0 -4.6061556e-09 0)
(0 -4.1774499e-09 0)
(0 -3.7870615e-09 0)
(0 -3.4314096e-09 0)
(0 -3.107232e-09 0)
(0 -2.8115552e-09 0)
(0 -2.5416671e-09 0)
(0 -2.2950923e-09 0)
(0 -2.0695689e-09 0)
(0 -1.8630285e-09 0)
(0 -1.6735766e-09 0)
(0 -1.4994754e-09 0)
(0 -1.339128e-09 0)
(0 -1.1910637e-09 0)
(0 -1.0539242e-09 0)
(0 -9.2645181e-10 0)
(0 -8.074772e-10 0)
(0 -6.959091e-10 0)
(0 -5.9072417e-10 0)
(0 -4.909576e-10 0)
(0 -3.956943e-10 0)
(0 -3.0406046e-10 0)
(0 -2.152156e-10 0)
(0 -1.2834478e-10 0)
(0 -4.2651187e-11 0)
(0 -0.00040858712 0)
(0 -0.00050564454 0)
(0 -0.00059498516 0)
(0 -0.00067212109 0)
(0 -0.00073613675 0)
(0 -0.00078806664 0)
(0 -0.00082967558 0)
(0 -0.00086279789 0)
(0 -0.00088905914 0)
(0 -0.00090979825 0)
(0 -0.00092607633 0)
(0 -0.00093871483 0)
(0 -0.00094833787 0)
(0 -0.00095540904 0)
(0 -0.00096026026 0)
(0 -0.0009631126 0)
(0 -0.00096408991 0)
(0 -0.00096322598 0)
(0 -0.0009604661 0)
(0 -0.00095566302 0)
(0 -0.00094856818 0)
(0 -0.0009388193 0)
(0 -0.00092592773 0)
(0 -0.00090927423 0)
(0 -0.00088813107 0)
(0 -0.00086174345 0)
(0 -0.0008295143 0)
(0 -0.00079131272 0)
(0 -0.00074780555 0)
(0 -0.00070050517 0)
(0 -0.00065130227 0)
(0 -0.00060197182 0)
(0 -0.00055389149 0)
(0 -0.00050798384 0)
(0 -0.00046478325 0)
(0 -0.00042453917 0)
(0 -0.00038731067 0)
(0 -0.00035303831 0)
(0 -0.00032159366 0)
(0 -0.00029281176 0)
(0 -0.00026651148 0)
(0 -0.00024250799 0)
(0 -0.00022062011 0)
(0 -0.00020067449 0)
(0 -0.00018250779 0)
(0 -0.00016596765 0)
(0 -0.00015091289 0)
(0 -0.00013721336 0)
(0 -0.00012474941 0)
(0 -0.00011341138 0)
(0 -0.00010309888 0)
(0 -9.3720186e-05 0)
(0 -8.5191521e-05 0)
(0 -7.7436463e-05 0)
(0 -7.0385327e-05 0)
(0 -6.3974604e-05 0)
(0 -5.8146438e-05 0)
(0 -5.284814e-05 0)
(0 -4.8031735e-05 0)
(0 -4.3653556e-05 0)
(0 -3.9673863e-05 0)
(0 -3.6056494e-05 0)
(0 -3.2768548e-05 0)
(0 -2.9780098e-05 0)
(0 -2.7063921e-05 0)
(0 -2.4595259e-05 0)
(0 -2.2351596e-05 0)
(0 -2.0312458e-05 0)
(0 -1.8459226e-05 0)
(0 -1.6774974e-05 0)
(0 -1.5244312e-05 0)
(0 -1.3853249e-05 0)
(0 -1.2589065e-05 0)
(0 -1.1440198e-05 0)
(0 -1.0396136e-05 0)
(0 -9.4473265e-06 0)
(0 -8.5850838e-06 0)
(0 -7.8015148e-06 0)
(0 -7.089445e-06 0)
(0 -6.4423532e-06 0)
(0 -5.8543127e-06 0)
(0 -5.3199367e-06 0)
(0 -4.8343298e-06 0)
(0 -4.3930424e-06 0)
(0 -3.9920309e-06 0)
(0 -3.6276204e-06 0)
(0 -3.296471e-06 0)
(0 -2.9955475e-06 0)
(0 -2.7220917e-06 0)
(0 -2.4735967e-06 0)
(0 -2.2477846e-06 0)
(0 -2.0425852e-06 0)
(0 -1.8561171e-06 0)
(0 -1.6866707e-06 0)
(0 -1.5326923e-06 0)
(0 -1.3927702e-06 0)
(0 -1.2656212e-06 0)
(0 -1.1500794e-06 0)
(0 -1.0450853e-06 0)
(0 -9.4967614e-07 0)
(0 -8.6297688e-07 0)
(0 -7.8419248e-07 0)
(0 -7.1260041e-07 0)
(0 -6.4754411e-07 0)
(0 -5.8842694e-07 0)
(0 -5.3470673e-07 0)
(0 -4.8589078e-07 0)
(0 -4.4153139e-07 0)
(0 -4.0122173e-07 0)
(0 -3.6459207e-07 0)
(0 -3.3130647e-07 0)
(0 -3.0105965e-07 0)
(0 -2.7357418e-07 0)
(0 -2.4859797e-07 0)
(0 -2.2590195e-07 0)
(0 -2.0527794e-07 0)
(0 -1.8653679e-07 0)
(0 -1.6950659e-07 0)
(0 -1.5403115e-07 0)
(0 -1.3996853e-07 0)
(0 -1.2718973e-07 0)
(0 -1.1557756e-07 0)
(0 -1.0502549e-07 0)
(0 -9.5436759e-08 0)
(0 -8.67234e-08 0)
(0 -7.8805496e-08 0)
(0 -7.1610423e-08 0)
(0 -6.5072186e-08 0)
(0 -5.9130813e-08 0)
(0 -5.373181e-08 0)
(0 -4.8825654e-08 0)
(0 -4.4367345e-08 0)
(0 -4.0315989e-08 0)
(0 -3.6634427e-08 0)
(0 -3.328889e-08 0)
(0 -3.0248691e-08 0)
(0 -2.7485945e-08 0)
(0 -2.4975311e-08 0)
(0 -2.269376e-08 0)
(0 -2.0620365e-08 0)
(0 -1.8736108e-08 0)
(0 -1.7023706e-08 0)
(0 -1.5467452e-08 0)
(0 -1.4053072e-08 0)
(0 -1.2767592e-08 0)
(0 -1.1599222e-08 0)
(0 -1.0537244e-08 0)
(0 -9.5719183e-09 0)
(0 -8.69439e-09 0)
(0 -7.8966103e-09 0)
(0 -7.1712614e-09 0)
(0 -6.5116903e-09 0)
(0 -5.911847e-09 0)
(0 -5.3662296e-09 0)
(0 -4.8698334e-09 0)
(0 -4.4181054e-09 0)
(0 -4.006902e-09 0)
(0 -3.6324516e-09 0)
(0 -3.2913194e-09 0)
(0 -2.9803767e-09 0)
(0 -2.6967711e-09 0)
(0 -2.4379014e-09 0)
(0 -2.2013932e-09 0)
(0 -1.9850771e-09 0)
(0 -1.7869688e-09 0)
(0 -1.6052515e-09 0)
(0 -1.4382581e-09 0)
(0 -1.284457e-09 0)
(0 -1.1424375e-09 0)
(0 -1.0108969e-09 0)
(0 -8.8862865e-10 0)
(0 -7.7451128e-10 0)
(0 -6.6749804e-10 0)
(0 -5.6660736e-10 0)
(0 -4.7091385e-10 0)
(0 -3.7953975e-10 0)
(0 -2.9164694e-10 0)
(0 -2.0642924e-10 0)
(0 -1.2310499e-10 0)
(0 -4.0909917e-11 0)
(0 -0.00038180853 0)
(0 -0.00046185264 0)
(0 -0.00053743916 0)
(0 -0.00060487459 0)
(0 -0.00066272615 0)
(0 -0.00071109101 0)
(0 -0.00075085822 0)
(0 -0.00078320078 0)
(0 -0.00080929509 0)
(0 -0.00083019313 0)
(0 -0.00084678009 0)
(0 -0.00085977306 0)
(0 -0.00086973621 0)
(0 -0.00087710029 0)
(0 -0.00088218064 0)
(0 -0.00088519176 0)
(0 -0.00088625753 0)
(0 -0.00088541744 0)
(0 -0.00088262871 0)
(0 -0.0008777653 0)
(0 -0.00087061438 0)
(0 -0.00086087262 0)
(0 -0.00084814614 0)
(0 -0.00083196208 0)
(0 -0.00081180461 0)
(0 -0.0007871939 0)
(0 -0.00075782343 0)
(0 -0.00072374553 0)
(0 -0.00068553049 0)
(0 -0.0006442586 0)
(0 -0.00060127829 0)
(0 -0.00055791674 0)
(0 -0.00051528144 0)
(0 -0.0004741853 0)
(0 -0.00043515923 0)
(0 -0.0003985048 0)
(0 -0.00036435461 0)
(0 -0.00033272505 0)
(0 -0.00030355711 0)
(0 -0.0002767456 0)
(0 -0.00025215931 0)
(0 -0.00022965445 0)
(0 -0.00020908332 0)
(0 -0.00019029991 0)
(0 -0.00017316319 0)
(0 -0.00015753914 0)
(0 -0.00014330178 0)
(0 -0.00013033358 0)
(0 -0.00011852552 0)
(0 -0.00010777689 0)
(0 -9.7994985e-05 0)
(0 -8.909462e-05 0)
(0 -8.0997714e-05 0)
(0 -7.3632786e-05 0)
(0 -6.6934475e-05 0)
(0 -6.0843078e-05 0)
(0 -5.53041e-05 0)
(0 -5.0267834e-05 0)
(0 -4.5688961e-05 0)
(0 -4.1526186e-05 0)
(0 -3.7741889e-05 0)
(0 -3.4301815e-05 0)
(0 -3.1174776e-05 0)
(0 -2.8332386e-05 0)
(0 -2.5748813e-05 0)
(0 -2.3400555e-05 0)
(0 -2.126623e-05 0)
(0 -1.9326391e-05 0)
(0 -1.7563349e-05 0)
(0 -1.5961018e-05 0)
(0 -1.4504771e-05 0)
(0 -1.3181307e-05 0)
(0 -1.1978534e-05 0)
(0 -1.0885458e-05 0)
(0 -9.892084e-06 0)
(0 -8.9893254e-06 0)
(0 -8.1689232e-06 0)
(0 -7.4233696e-06 0)
(0 -6.7458403e-06 0)
(0 -6.1301322e-06 0)
(0 -5.5706076e-06 0)
(0 -5.062142e-06 0)
(0 -4.6000781e-06 0)
(0 -4.180183e-06 0)
(0 -3.7986096e-06 0)
(0 -3.4518617e-06 0)
(0 -3.1367616e-06 0)
(0 -2.8504217e-06 0)
(0 -2.5902174e-06 0)
(0 -2.3537638e-06 0)
(0 -2.1388935e-06 0)
(0 -1.9436366e-06 0)
(0 -1.7662031e-06 0)
(0 -1.6049663e-06 0)
(0 -1.4584479e-06 0)
(0 -1.3253045e-06 0)
(0 -1.2043153e-06 0)
(0 -1.0943709e-06 0)
(0 -9.9446306e-07 0)
(0 -9.0367574e-07 0)
(0 -8.2117635e-07 0)
(0 -7.4620835e-07 0)
(0 -6.7808423e-07 0)
(0 -6.1617924e-07 0)
(0 -5.5992566e-07 0)
(0 -5.0880758e-07 0)
(0 -4.623562e-07 0)
(0 -4.2014548e-07 0)
(0 -3.8178831e-07 0)
(0 -3.469329e-07 0)
(0 -3.1525955e-07 0)
(0 -2.8647778e-07 0)
(0 -2.6032361e-07 0)
(0 -2.3655715e-07 0)
(0 -2.1496043e-07 0)
(0 -1.9533536e-07 0)
(0 -1.7750194e-07 0)
(0 -1.6129661e-07 0)
(0 -1.4657073e-07 0)
(0 -1.3318923e-07 0)
(0 -1.2102937e-07 0)
(0 -1.0997963e-07 0)
(0 -9.9938657e-08 0)
(0 -9.0814349e-08 0)
(0 -8.2523019e-08 0)
(0 -7.4988615e-08 0)
(0 -6.8142032e-08 0)
(0 -6.1920471e-08 0)
(0 -5.6266865e-08 0)
(0 -5.1129359e-08 0)
(0 -4.6460829e-08 0)
(0 -4.2218455e-08 0)
(0 -3.8363324e-08 0)
(0 -3.4860075e-08 0)
(0 -3.1676576e-08 0)
(0 -2.8783627e-08 0)
(0 -2.6154692e-08 0)
(0 -2.3765657e-08 0)
(0 -2.1594611e-08 0)
(0 -1.9621639e-08 0)
(0 -1.7828644e-08 0)
(0 -1.6199181e-08 0)
(0 -1.4718302e-08 0)
(0 -1.3372426e-08 0)
(0 -1.2149207e-08 0)
(0 -1.1037426e-08 0)
(0 -1.0026884e-08 0)
(0 -9.1083129e-09 0)
(0 -8.2732869e-09 0)
(0 -7.5141467e-09 0)
(0 -6.8239293e-09 0)
(0 -6.1963038e-09 0)
(0 -5.6255133e-09 0)
(0 -5.1063223e-09 0)
(0 -4.6339685e-09 0)
(0 -4.2041194e-09 0)
(0 -3.8128322e-09 0)
(0 -3.4565179e-09 0)
(0 -3.1319081e-09 0)
(0 -2.8360255e-09 0)
(0 -2.566156e-09 0)
(0 -2.3198244e-09 0)
(0 -2.0947712e-09 0)
(0 -1.8889321e-09 0)
(0 -1.700419e-09 0)
(0 -1.5275029e-09 0)
(0 -1.3685977e-09 0)
(0 -1.2222458e-09 0)
(0 -1.0871048e-09 0)
(0 -9.6193525e-10 0)
(0 -8.4558893e-10 0)
(0 -7.369987e-10 0)
(0 -6.3516853e-10 0)
(0 -5.3916438e-10 0)
(0 -4.4810567e-10 0)
(0 -3.6115717e-10 0)
(0 -2.7752135e-10 0)
(0 -1.9643107e-10 0)
(0 -1.1714254e-10 0)
(0 -3.8928492e-11 0)
(0 -0.0003542598 0)
(0 -0.00042108646 0)
(0 -0.00048526807 0)
(0 -0.00054390295 0)
(0 -0.00059550701 0)
(0 -0.000639717 0)
(0 -0.00067687331 0)
(0 -0.00070766796 0)
(0 -0.00073290973 0)
(0 -0.00075339048 0)
(0 -0.00076981986 0)
(0 -0.00078280043 0)
(0 -0.0007928237 0)
(0 -0.00080027574 0)
(0 -0.00080544585 0)
(0 -0.00080853522 0)
(0 -0.00080966383 0)
(0 -0.00080887534 0)
(0 -0.00080613969 0)
(0 -0.00080135428 0)
(0 -0.0007943445 0)
(0 -0.000784866 0)
(0 -0.00077261236 0)
(0 -0.00075723378 0)
(0 -0.00073837542 0)
(0 -0.00071574343 0)
(0 -0.0006892016 0)
(0 -0.00065888202 0)
(0 -0.00062526295 0)
(0 -0.00058914864 0)
(0 -0.00055153256 0)
(0 -0.00051342268 0)
(0 -0.0004757051 0)
(0 -0.00043907523 0)
(0 -0.00040402667 0)
(0 -0.00037087418 0)
(0 -0.00033978976 0)
(0 -0.00031083939 0)
(0 -0.00028401452 0)
(0 -0.00025925672 0)
(0 -0.00023647602 0)
(0 -0.00021556399 0)
(0 -0.00019640288 0)
(0 -0.00017887176 0)
(0 -0.00016285069 0)
(0 -0.00014822331 0)
(0 -0.00013487852 0)
(0 -0.00012271139 0)
(0 -0.00011162364 0)
(0 -0.00010152375 0)
(0 -9.2326925e-05 0)
(0 -8.3954858e-05 0)
(0 -7.6335455e-05 0)
(0 -6.9402482e-05 0)
(0 -6.3095204e-05 0)
(0 -5.7358008e-05 0)
(0 -5.214003e-05 0)
(0 -4.7394799e-05 0)
(0 -4.3079887e-05 0)
(0 -3.915659e-05 0)
(0 -3.5589614e-05 0)
(0 -3.2346794e-05 0)
(0 -2.9398829e-05 0)
(0 -2.671903e-05 0)
(0 -2.4283103e-05 0)
(0 -2.2068933e-05 0)
(0 -2.0056394e-05 0)
(0 -1.8227174e-05 0)
(0 -1.6564617e-05 0)
(0 -1.5053568e-05 0)
(0 -1.3680248e-05 0)
(0 -1.2432123e-05 0)
(0 -1.1297798e-05 0)
(0 -1.0266909e-05 0)
(0 -9.3300374e-06 0)
(0 -8.4786163e-06 0)
(0 -7.7048596e-06 0)
(0 -7.0016889e-06 0)
(0 -6.3626699e-06 0)
(0 -5.7819539e-06 0)
(0 -5.2542247e-06 0)
(0 -4.7746501e-06 0)
(0 -4.3388383e-06 0)
(0 -3.9427976e-06 0)
(0 -3.5829001e-06 0)
(0 -3.2558483e-06 0)
(0 -2.9586458e-06 0)
(0 -2.6885689e-06 0)
(0 -2.4431427e-06 0)
(0 -2.2201177e-06 0)
(0 -2.0174497e-06 0)
(0 -1.8332809e-06 0)
(0 -1.6659231e-06 0)
(0 -1.5138421e-06 0)
(0 -1.3756434e-06 0)
(0 -1.2500601e-06 0)
(0 -1.1359407e-06 0)
(0 -1.0322389e-06 0)
(0 -9.380037e-07 0)
(0 -8.5237107e-07 0)
(0 -7.7455574e-07 0)
(0 -7.0384413e-07 0)
(0 -6.3958779e-07 0)
(0 -5.8119746e-07 0)
(0 -5.2813765e-07 0)
(0 -4.7992175e-07 0)
(0 -4.3610758e-07 0)
(0 -3.9629331e-07 0)
(0 -3.6011378e-07 0)
(0 -3.272372e-07 0)
(0 -2.9736202e-07 0)
(0 -2.7021425e-07 0)
(0 -2.4554489e-07 0)
(0 -2.2312769e-07 0)
(0 -2.0275705e-07 0)
(0 -1.8424612e-07 0)
(0 -1.6742512e-07 0)
(0 -1.5213978e-07 0)
(0 -1.382499e-07 0)
(0 -1.2562807e-07 0)
(0 -1.1415854e-07 0)
(0 -1.037361e-07 0)
(0 -9.4265153e-08 0)
(0 -8.5658834e-08 0)
(0 -7.7838204e-08 0)
(0 -7.073153e-08 0)
(0 -6.4273628e-08 0)
(0 -5.8405264e-08 0)
(0 -5.3072613e-08 0)
(0 -4.8226763e-08 0)
(0 -4.3823265e-08 0)
(0 -3.9821729e-08 0)
(0 -3.6185453e-08 0)
(0 -3.2881083e-08 0)
(0 -2.987831e-08 0)
(0 -2.7149593e-08 0)
(0 -2.4669902e-08 0)
(0 -2.2416492e-08 0)
(0 -2.0368695e-08 0)
(0 -1.8507728e-08 0)
(0 -1.6816521e-08 0)
(0 -1.5279561e-08 0)
(0 -1.3882752e-08 0)
(0 -1.261328e-08 0)
(0 -1.1459503e-08 0)
(0 -1.0410837e-08 0)
(0 -9.4576631e-09 0)
(0 -8.5912387e-09 0)
(0 -7.8036167e-09 0)
(0 -7.0875725e-09 0)
(0 -6.4365385e-09 0)
(0 -5.8445429e-09 0)
(0 -5.3061559e-09 0)
(0 -4.8164391e-09 0)
(0 -4.3709006e-09 0)
(0 -3.9654538e-09 0)
(0 -3.5963798e-09 0)
(0 -3.2602932e-09 0)
(0 -2.9541114e-09 0)
(0 -2.6750259e-09 0)
(0 -2.4204768e-09 0)
(0 -2.1881293e-09 0)
(0 -1.9758522e-09 0)
(0 -1.7816985e-09 0)
(0 -1.6038872e-09 0)
(0 -1.4407874e-09 0)
(0 -1.2909031e-09 0)
(0 -1.1528596e-09 0)
(0 -1.0253905e-09 0)
(0 -9.0732672e-10 0)
(0 -7.9758531e-10 0)
(0 -6.9515969e-10 0)
(0 -5.9911036e-10 0)
(0 -5.0855632e-10 0)
(0 -4.2266696e-10 0)
(0 -3.4065448e-10 0)
(0 -2.6176662e-10 0)
(0 -1.8527979e-10 0)
(0 -1.1049243e-10 0)
(0 -3.6718543e-11 0)
(0 -0.00032589312 0)
(0 -0.00038212901 0)
(0 -0.00043675733 0)
(0 -0.00048753537 0)
(0 -0.00053311366 0)
(0 -0.00057293849 0)
(0 -0.00060702877 0)
(0 -0.00063574681 0)
(0 -0.00065961979 0)
(0 -0.00067922117 0)
(0 -0.00069510097 0)
(0 -0.00070774953 0)
(0 -0.00071758197 0)
(0 -0.00072493392 0)
(0 -0.00073006306 0)
(0 -0.0007331527 0)
(0 -0.0007343158 0)
(0 -0.00073359842 0)
(0 -0.00073098255 0)
(0 -0.00072638863 0)
(0 -0.00071967882 0)
(0 -0.00071066293 0)
(0 -0.00069910977 0)
(0 -0.00068476801 0)
(0 -0.0006674009 0)
(0 -0.00064683812 0)
(0 -0.00062304193 0)
(0 -0.00059617361 0)
(0 -0.00056663206 0)
(0 -0.00053503387 0)
(0 -0.00050213045 0)
(0 -0.00046869892 0)
(0 -0.00043544863 0)
(0 -0.00040296477 0)
(0 -0.00037168897 0)
(0 -0.00034192588 0)
(0 -0.00031386325 0)
(0 -0.00028759631 0)
(0 -0.00026315102 0)
(0 -0.00024050389 0)
(0 -0.00021959773 0)
(0 -0.00020035362 0)
(0 -0.0001826797 0)
(0 -0.00016647751 0)
(0 -0.00015164645 0)
(0 -0.00013808677 0)
(0 -0.00012570166 0)
(0 -0.00011439848 0)
(0 -0.00010408958 0)
(0 -9.4692685e-05 0)
(0 -8.6131045e-05 0)
(0 -7.8333411e-05 0)
(0 -7.1233893e-05 0)
(0 -6.4771743e-05 0)
(0 -5.8891089e-05 0)
(0 -5.3540643e-05 0)
(0 -4.8673406e-05 0)
(0 -4.4246361e-05 0)
(0 -4.0220182e-05 0)
(0 -3.655895e-05 0)
(0 -3.322988e-05 0)
(0 -3.0203068e-05 0)
(0 -2.7451255e-05 0)
(0 -2.4949598e-05 0)
(0 -2.267547e-05 0)
(0 -2.0608267e-05 0)
(0 -1.8729233e-05 0)
(0 -1.7021294e-05 0)
(0 -1.5468919e-05 0)
(0 -1.4057972e-05 0)
(0 -1.27756e-05 0)
(0 -1.1610107e-05 0)
(0 -1.0550861e-05 0)
(0 -9.5881903e-06 0)
(0 -8.7133023e-06 0)
(0 -7.918202e-06 0)
(0 -7.1956209e-06 0)
(0 -6.5389511e-06 0)
(0 -5.9421857e-06 0)
(0 -5.3998641e-06 0)
(0 -4.9070228e-06 0)
(0 -4.4591501e-06 0)
(0 -4.0521451e-06 0)
(0 -3.6822807e-06 0)
(0 -3.3461692e-06 0)
(0 -3.0407315e-06 0)
(0 -2.7631695e-06 0)
(0 -2.5109398e-06 0)
(0 -2.2817312e-06 0)
(0 -2.0734431e-06 0)
(0 -1.8841664e-06 0)
(0 -1.7121663e-06 0)
(0 -1.5558661e-06 0)
(0 -1.4138331e-06 0)
(0 -1.2847651e-06 0)
(0 -1.1674788e-06 0)
(0 -1.0608989e-06 0)
(0 -9.6404824e-07 0)
(0 -8.760387e-07 0)
(0 -7.9606332e-07 0)
(0 -7.2338874e-07 0)
(0 -6.5734854e-07 0)
(0 -5.9733712e-07 0)
(0 -5.4280415e-07 0)
(0 -4.9324954e-07 0)
(0 -4.4821882e-07 0)
(0 -4.0729903e-07 0)
(0 -3.7011489e-07 0)
(0 -3.3632537e-07 0)
(0 -3.056206e-07 0)
(0 -2.7771895e-07 0)
(0 -2.5236453e-07 0)
(0 -2.293248e-07 0)
(0 -2.0838845e-07 0)
(0 -1.8936345e-07 0)
(0 -1.7207532e-07 0)
(0 -1.5636548e-07 0)
(0 -1.4208986e-07 0)
(0 -1.2911751e-07 0)
(0 -1.1732945e-07 0)
(0 -1.0661757e-07 0)
(0 -9.6883608e-08 0)
(0 -8.8038288e-08 0)
(0 -8.0000479e-08 0)
(0 -7.2696458e-08 0)
(0 -6.605923e-08 0)
(0 -6.0027918e-08 0)
(0 -5.4547201e-08 0)
(0 -4.9566809e-08 0)
(0 -4.5041061e-08 0)
(0 -4.0928444e-08 0)
(0 -3.7191238e-08 0)
(0 -3.3795162e-08 0)
(0 -3.0709068e-08 0)
(0 -2.7904649e-08 0)
(0 -2.5356182e-08 0)
(0 -2.3040291e-08 0)
(0 -2.0935734e-08 0)
(0 -1.9023208e-08 0)
(0 -1.728517e-08 0)
(0 -1.5705679e-08 0)
(0 -1.4270245e-08 0)
(0 -1.2965705e-08 0)
(0 -1.178009e-08 0)
(0 -1.0702528e-08 0)
(0 -9.7231328e-09 0)
(0 -8.8329224e-09 0)
(0 -8.0237311e-09 0)
(0 -7.2881366e-09 0)
(0 -6.6193919e-09 0)
(0 -6.0113629e-09 0)
(0 -5.4584726e-09 0)
(0 -4.9556496e-09 0)
(0 -4.4982818e-09 0)
(0 -4.082174e-09 0)
(0 -3.7035097e-09 0)
(0 -3.3588154e-09 0)
(0 -3.0449295e-09 0)
(0 -2.758973e-09 0)
(0 -2.4983229e-09 0)
(0 -2.2605885e-09 0)
(0 -2.043589e-09 0)
(0 -1.8453343e-09 0)
(0 -1.6640056e-09 0)
(0 -1.49794e-09 0)
(0 -1.345614e-09 0)
(0 -1.2056306e-09 0)
(0 -1.0767057e-09 0)
(0 -9.5765675e-10 0)
(0 -8.4739186e-10 0)
(0 -7.448996e-10 0)
(0 -6.4923986e-10 0)
(0 -5.5953521e-10 0)
(0 -4.7496285e-10 0)
(0 -3.9474705e-10 0)
(0 -3.1815203e-10 0)
(0 -2.4447523e-10 0)
(0 -1.7304085e-10 0)
(0 -1.0319368e-10 0)
(0 -3.4293043e-11 0)
(0 -0.0002967744 0)
(0 -0.00034428092 0)
(0 -0.00039078945 0)
(0 -0.00043457334 0)
(0 -0.00047447538 0)
(0 -0.00050989588 0)
(0 -0.0005406804 0)
(0 -0.00056697669 0)
(0 -0.00058910676 0)
(0 -0.00060747057 0)
(0 -0.00062248172 0)
(0 -0.00063452834 0)
(0 -0.00064395172 0)
(0 -0.00065103613 0)
(0 -0.00065600516 0)
(0 -0.00065902168 0)
(0 -0.00066018932 0)
(0 -0.00065955477 0)
(0 -0.00065711039 0)
(0 -0.00065279756 0)
(0 -0.0006465114 0)
(0 -0.0006381085 0)
(0 -0.00062741948 0)
(0 -0.00061426894 0)
(0 -0.00059850474 0)
(0 -0.00058003719 0)
(0 -0.00055888396 0)
(0 -0.00053521041 0)
(0 -0.00050934879 0)
(0 -0.00048178164 0)
(0 -0.00045308875 0)
(0 -0.00042387688 0)
(0 -0.00039471519 0)
(0 -0.00036609125 0)
(0 -0.00033839052 0)
(0 -0.00031189459 0)
(0 -0.00028679128 0)
(0 -0.00026319004 0)
(0 -0.00024113856 0)
(0 -0.00022063815 0)
(0 -0.00020165666 0)
(0 -0.00018413897 0)
(0 -0.00016801505 0)
(0 -0.00015320606 0)
(0 -0.00013962874 0)
(0 -0.00012719867 0)
(0 -0.00011583247 0)
(0 -0.0001054493 0)
(0 -9.5971891e-05 0)
(0 -8.7327094e-05 0)
(0 -7.9446228e-05 0)
(0 -7.2265187e-05 0)
(0 -6.5724429e-05 0)
(0 -5.9768857e-05 0)
(0 -5.4347646e-05 0)
(0 -4.9414029e-05 0)
(0 -4.4925061e-05 0)
(0 -4.0841371e-05 0)
(0 -3.7126913e-05 0)
(0 -3.3748727e-05 0)
(0 -3.06767e-05 0)
(0 -2.7883344e-05 0)
(0 -2.5343581e-05 0)
(0 -2.3034547e-05 0)
(0 -2.0935405e-05 0)
(0 -1.9027175e-05 0)
(0 -1.729257e-05 0)
(0 -1.5715855e-05 0)
(0 -1.4282706e-05 0)
(0 -1.298009e-05 0)
(0 -1.1796148e-05 0)
(0 -1.0720094e-05 0)
(0 -9.742116e-06 0)
(0 -8.8532904e-06 0)
(0 -8.0455029e-06 0)
(0 -7.3113753e-06 0)
(0 -6.6441989e-06 0)
(0 -6.0378746e-06 0)
(0 -5.4868574e-06 0)
(0 -4.9861069e-06 0)
(0 -4.531041e-06 0)
(0 -4.1174946e-06 0)
(0 -3.741682e-06 0)
(0 -3.400162e-06 0)
(0 -3.089807e-06 0)
(0 -2.8077744e-06 0)
(0 -2.5514805e-06 0)
(0 -2.3185773e-06 0)
(0 -2.1069306e-06 0)
(0 -1.9146011e-06 0)
(0 -1.7398261e-06 0)
(0 -1.5810037e-06 0)
(0 -1.4366782e-06 0)
(0 -1.3055265e-06 0)
(0 -1.1863465e-06 0)
(0 -1.0780454e-06 0)
(0 -9.7963046e-07 0)
(0 -8.9019926e-07 0)
(0 -8.0893185e-07 0)
(0 -7.3508306e-07 0)
(0 -6.6797574e-07 0)
(0 -6.0699453e-07 0)
(0 -5.5158024e-07 0)
(0 -5.012247e-07 0)
(0 -4.5546613e-07 0)
(0 -4.1388489e-07 0)
(0 -3.7609966e-07 0)
(0 -3.4176391e-07 0)
(0 -3.1056273e-07 0)
(0 -2.8220999e-07 0)
(0 -2.5644565e-07 0)
(0 -2.330334e-07 0)
(0 -2.1175854e-07 0)
(0 -1.9242593e-07 0)
(0 -1.7485826e-07 0)
(0 -1.5889441e-07 0)
(0 -1.4438795e-07 0)
(0 -1.3120584e-07 0)
(0 -1.1922717e-07 0)
(0 -1.0834208e-07 0)
(0 -9.8450728e-08 0)
(0 -8.9462386e-08 0)
(0 -8.1294615e-08 0)
(0 -7.38725e-08 0)
(0 -6.7127963e-08 0)
(0 -6.0999144e-08 0)
(0 -5.5429828e-08 0)
(0 -5.0368931e-08 0)
(0 -4.5770033e-08 0)
(0 -4.1590954e-08 0)
(0 -3.7793361e-08 0)
(0 -3.4342422e-08 0)
(0 -3.1206484e-08 0)
(0 -2.8356782e-08 0)
(0 -2.5767179e-08 0)
(0 -2.3413922e-08 0)
(0 -2.1275427e-08 0)
(0 -1.9332077e-08 0)
(0 -1.7566049e-08 0)
(0 -1.5961143e-08 0)
(0 -1.4502639e-08 0)
(0 -1.3177159e-08 0)
(0 -1.1972544e-08 0)
(0 -1.0877747e-08 0)
(0 -9.8827247e-09 0)
(0 -8.9783506e-09 0)
(0 -8.1563295e-09 0)
(0 -7.4091214e-09 0)
(0 -6.7298728e-09 0)
(0 -6.1123533e-09 0)
(0 -5.5508987e-09 0)
(0 -5.0403592e-09 0)
(0 -4.5760519e-09 0)
(0 -4.153718e-09 0)
(0 -3.7694837e-09 0)
(0 -3.4198246e-09 0)
(0 -3.1015336e-09 0)
(0 -2.8116911e-09 0)
(0 -2.5476385e-09 0)
(0 -2.306954e-09 0)
(0 -2.0874297e-09 0)
(0 -1.8870522e-09 0)
(0 -1.7039836e-09 0)
(0 -1.5365445e-09 0)
(0 -1.3831993e-09 0)
(0 -1.2425414e-09 0)
(0 -1.1132805e-09 0)
(0 -9.9423113e-10 0)
(0 -8.8430124e-10 0)
(0 -7.8248253e-10 0)
(0 -6.8784106e-10 0)
(0 -5.9950876e-10 0)
(0 -5.166754e-10 0)
(0 -4.3858119e-10 0)
(0 -3.6450984e-10 0)
(0 -2.9378191e-10 0)
(0 -2.2574868e-10 0)
(0 -1.597861e-10 0)
(0 -9.5289152e-11 0)
(0 -3.1666232e-11 0)
(0 -0.00026700448 0)
(0 -0.00030712913 0)
(0 -0.00034662248 0)
(0 -0.00038415411 0)
(0 -0.00041876204 0)
(0 -0.00044987336 0)
(0 -0.00047725267 0)
(0 -0.00050091587 0)
(0 -0.00052104187 0)
(0 -0.00053789865 0)
(0 -0.00055178854 0)
(0 -0.00056301123 0)
(0 -0.00057184076 0)
(0 -0.00057851228 0)
(0 -0.00058321538 0)
(0 -0.00058609142 0)
(0 -0.00058723326 0)
(0 -0.0005866865 0)
(0 -0.00058445175 0)
(0 -0.00058048818 0)
(0 -0.00057471893 0)
(0 -0.00056703923 0)
(0 -0.00055732865 0)
(0 -0.00054546866 0)
(0 -0.00053136645 0)
(0 -0.00051498381 0)
(0 -0.00049636771 0)
(0 -0.00047567505 0)
(0 -0.0004531822 0)
(0 -0.00042927177 0)
(0 -0.00040439749 0)
(0 -0.00037903743 0)
(0 -0.00035364904 0)
(0 -0.00032863558 0)
(0 -0.00030432744 0)
(0 -0.00028097676 0)
(0 -0.00025876141 0)
(0 -0.00023779436 0)
(0 -0.00021813518 0)
(0 -0.00019980154 0)
(0 -0.00018277962 0)
(0 -0.00016703291 0)
(0 -0.00015250929 0)
(0 -0.00013914663 0)
(0 -0.000126877 0)
(0 -0.00011562984 0)
(0 -0.00010533423 0)
(0 -9.5920512e-05 0)
(0 -8.732138e-05 0)
(0 -7.9472623e-05 0)
(0 -7.2313547e-05 0)
(0 -6.5787201e-05 0)
(0 -5.9840459e-05 0)
(0 -5.4423988e-05 0)
(0 -4.9492149e-05 0)
(0 -4.5002845e-05 0)
(0 -4.0917343e-05 0)
(0 -3.7200074e-05 0)
(0 -3.3818431e-05 0)
(0 -3.0742564e-05 0)
(0 -2.7945173e-05 0)
(0 -2.5401321e-05 0)
(0 -2.3088241e-05 0)
(0 -2.0985165e-05 0)
(0 -1.9073157e-05 0)
(0 -1.7334961e-05 0)
(0 -1.5754858e-05 0)
(0 -1.4318532e-05 0)
(0 -1.3012952e-05 0)
(0 -1.1826255e-05 0)
(0 -1.0747649e-05 0)
(0 -9.7673125e-06 0)
(0 -8.8763133e-06 0)
(0 -8.066526e-06 0)
(0 -7.3305614e-06 0)
(0 -6.6616999e-06 0)
(0 -6.0538317e-06 0)
(0 -5.5014014e-06 0)
(0 -4.9993585e-06 0)
(0 -4.5431116e-06 0)
(0 -4.1284867e-06 0)
(0 -3.7516896e-06 0)
(0 -3.4092716e-06 0)
(0 -3.0980976e-06 0)
(0 -2.8153185e-06 0)
(0 -2.5583444e-06 0)
(0 -2.3248215e-06 0)
(0 -2.1126105e-06 0)
(0 -1.9197671e-06 0)
(0 -1.7445243e-06 0)
(0 -1.5852761e-06 0)
(0 -1.4405631e-06 0)
(0 -1.3090589e-06 0)
(0 -1.1895581e-06 0)
(0 -1.0809653e-06 0)
(0 -9.8228495e-07 0)
(0 -8.9261238e-07 0)
(0 -8.1112546e-07 0)
(0 -7.3707707e-07 0)
(0 -6.6978825e-07 0)
(0 -6.0864203e-07 0)
(0 -5.530777e-07 0)
(0 -5.0258576e-07 0)
(0 -4.5670318e-07 0)
(0 -4.1500923e-07 0)
(0 -3.7712153e-07 0)
(0 -3.4269263e-07 0)
(0 -3.1140679e-07 0)
(0 -2.829771e-07 0)
(0 -2.5714281e-07 0)
(0 -2.33667e-07 0)
(0 -2.1233436e-07 0)
(0 -1.9294924e-07 0)
(0 -1.7533385e-07 0)
(0 -1.5932663e-07 0)
(0 -1.4478076e-07 0)
(0 -1.3156283e-07 0)
(0 -1.1955162e-07 0)
(0 -1.0863695e-07 0)
(0 -9.8718722e-08 0)
(0 -8.9705959e-08 0)
(0 -8.1515999e-08 0)
(0 -7.4073723e-08 0)
(0 -6.731087e-08 0)
(0 -6.116541e-08 0)
(0 -5.5580977e-08 0)
(0 -5.0506349e-08 0)
(0 -4.589498e-08 0)
(0 -4.1704574e-08 0)
(0 -3.7896697e-08 0)
(0 -3.443642e-08 0)
(0 -3.1292006e-08 0)
(0 -2.8434613e-08 0)
(0 -2.5838033e-08 0)
(0 -2.3478448e-08 0)
(0 -2.1334216e-08 0)
(0 -1.9385669e-08 0)
(0 -1.7614935e-08 0)
(0 -1.6005771e-08 0)
(0 -1.4543419e-08 0)
(0 -1.3214464e-08 0)
(0 -1.2006718e-08 0)
(0 -1.0909102e-08 0)
(0 -9.911548e-09 0)
(0 -9.004907e-09 0)
(0 -8.1808625e-09 0)
(0 -7.4318561e-09 0)
(0 -6.7510177e-09 0)
(0 -6.1321023e-09 0)
(0 -5.569433e-09 0)
(0 -5.0578488e-09 0)
(0 -4.5926572e-09 0)
(0 -4.1695913e-09 0)
(0 -3.7847705e-09 0)
(0 -3.4346652e-09 0)
(0 -3.1160641e-09 0)
(0 -2.8260447e-09 0)
(0 -2.561947e-09 0)
(0 -2.3213485e-09 0)
(0 -2.1020424e-09 0)
(0 -1.9020171e-09 0)
(0 -1.7194378e-09 0)
(0 -1.5526299e-09 0)
(0 -1.4000634e-09 0)
(0 -1.2603388e-09 0)
(0 -1.1321746e-09 0)
(0 -1.0143951e-09 0)
(0 -9.0592012e-10 0)
(0 -8.0575458e-10 0)
(0 -7.1297975e-10 0)
(0 -6.2674467e-10 0)
(0 -5.4625834e-10 0)
(0 -4.7078252e-10 0)
(0 -3.9962491e-10 0)
(0 -3.3213282e-10 0)
(0 -2.676872e-10 0)
(0 -2.0569691e-10 0)
(0 -1.4559335e-10 0)
(0 -8.6825243e-11 0)
(0 -2.8853529e-11 0)
(0 -0.00023668798 0)
(0 -0.00027042355 0)
(0 -0.00030375311 0)
(0 -0.00033565033 0)
(0 -0.00036533081 0)
(0 -0.0003922819 0)
(0 -0.00041624296 0)
(0 -0.00043715507 0)
(0 -0.0004551018 0)
(0 -0.00047025447 0)
(0 -0.00048282799 0)
(0 -0.00049304852 0)
(0 -0.0005011313 0)
(0 -0.00050726669 0)
(0 -0.00051161198 0)
(0 -0.00051428718 0)
(0 -0.00051537362 0)
(0 -0.00051491427 0)
(0 -0.00051291567 0)
(0 -0.00050935136 0)
(0 -0.00050416719 0)
(0 -0.00049728911 0)
(0 -0.0004886342 0)
(0 -0.00047812552 0)
(0 -0.00046571076 0)
(0 -0.00045138344 0)
(0 -0.00043520375 0)
(0 -0.00041731399 0)
(0 -0.00039794311 0)
(0 -0.00037739652 0)
(0 -0.00035603208 0)
(0 -0.00033422829 0)
(0 -0.00031235255 0)
(0 -0.0002907359 0)
(0 -0.00026965718 0)
(0 -0.00024933646 0)
(0 -0.00022993565 0)
(0 -0.00021156384 0)
(0 -0.00019428501 0)
(0 -0.00017812654 0)
(0 -0.00016308725 0)
(0 -0.00014914463 0)
(0 -0.00013626091 0)
(0 -0.00012438793 0)
(0 -0.00011347108 0)
(0 -0.00010345216 0)
(0 -9.4271689e-05 0)
(0 -8.5870453e-05 0)
(0 -7.8190676e-05 0)
(0 -7.1176791e-05 0)
(0 -6.4775942e-05 0)
(0 -5.8938284e-05 0)
(0 -5.3617126e-05 0)
(0 -4.8768963e-05 0)
(0 -4.4353435e-05 0)
(0 -4.0333232e-05 0)
(0 -3.6673958e-05 0)
(0 -3.3343978e-05 0)
(0 -3.0314255e-05 0)
(0 -2.7558176e-05 0)
(0 -2.5051382e-05 0)
(0 -2.2771604e-05 0)
(0 -2.0698499e-05 0)
(0 -1.8813499e-05 0)
(0 -1.7099669e-05 0)
(0 -1.5541569e-05 0)
(0 -1.4125129e-05 0)
(0 -1.2837533e-05 0)
(0 -1.1667113e-05 0)
(0 -1.0603243e-05 0)
(0 -9.6362566e-06 0)
(0 -8.7573552e-06 0)
(0 -7.9585349e-06 0)
(0 -7.2325151e-06 0)
(0 -6.5726738e-06 0)
(0 -5.9729889e-06 0)
(0 -5.4279841e-06 0)
(0 -4.9326803e-06 0)
(0 -4.4825502e-06 0)
(0 -4.0734782e-06 0)
(0 -3.7017226e-06 0)
(0 -3.3638821e-06 0)
(0 -3.0568649e-06 0)
(0 -2.7778606e-06 0)
(0 -2.5243148e-06 0)
(0 -2.2939056e-06 0)
(0 -2.0845228e-06 0)
(0 -1.8942484e-06 0)
(0 -1.7213392e-06 0)
(0 -1.5642109e-06 0)
(0 -1.4214236e-06 0)
(0 -1.2916689e-06 0)
(0 -1.1737575e-06 0)
(0 -1.0666086e-06 0)
(0 -9.6924016e-07 0)
(0 -8.8075949e-07 0)
(0 -8.0035549e-07 0)
(0 -7.2729101e-07 0)
(0 -6.6089617e-07 0)
(0 -6.005622e-07 0)
(0 -5.457359e-07 0)
(0 -4.9591454e-07 0)
(0 -4.5064128e-07 0)
(0 -4.0950096e-07 0)
(0 -3.7211632e-07 0)
(0 -3.3814452e-07 0)
(0 -3.0727404e-07 0)
(0 -2.7922175e-07 0)
(0 -2.537304e-07 0)
(0 -2.3056621e-07 0)
(0 -2.0951673e-07 0)
(0 -1.903889e-07 0)
(0 -1.7300732e-07 0)
(0 -1.5721254e-07 0)
(0 -1.4285973e-07 0)
(0 -1.2981723e-07 0)
(0 -1.1796542e-07 0)
(0 -1.0719561e-07 0)
(0 -9.740901e-08 0)
(0 -8.8515861e-08 0)
(0 -8.0434596e-08 0)
(0 -7.3091094e-08 0)
(0 -6.6418e-08 0)
(0 -6.0354108e-08 0)
(0 -5.48438e-08 0)
(0 -4.9836534e-08 0)
(0 -4.5286383e-08 0)
(0 -4.1151613e-08 0)
(0 -3.7394297e-08 0)
(0 -3.3979974e-08 0)
(0 -3.0877327e-08 0)
(0 -2.8057897e-08 0)
(0 -2.5495823e-08 0)
(0 -2.3167606e-08 0)
(0 -2.105189e-08 0)
(0 -1.912927e-08 0)
(0 -1.7382111e-08 0)
(0 -1.5794387e-08 0)
(0 -1.4351534e-08 0)
(0 -1.304032e-08 0)
(0 -1.1848716e-08 0)
(0 -1.0765793e-08 0)
(0 -9.7816187e-09 0)
(0 -8.8871648e-09 0)
(0 -8.0742274e-09 0)
(0 -7.33535e-09 0)
(0 -6.6637553e-09 0)
(0 -6.0532833e-09 0)
(0 -5.4983343e-09 0)
(0 -4.9938183e-09 0)
(0 -4.5351076e-09 0)
(0 -4.1179947e-09 0)
(0 -3.7386537e-09 0)
(0 -3.3936051e-09 0)
(0 -3.0796841e-09 0)
(0 -2.7940112e-09 0)
(0 -2.533966e-09 0)
(0 -2.2971635e-09 0)
(0 -2.0814314e-09 0)
(0 -1.8847911e-09 0)
(0 -1.7054389e-09 0)
(0 -1.5417297e-09 0)
(0 -1.3921618e-09 0)
(0 -1.2553634e-09 0)
(0 -1.1300797e-09 0)
(0 -1.0151616e-09 0)
(0 -9.095549e-10 0)
(0 -8.1229105e-10 0)
(0 -7.2247786e-10 0)
(0 -6.3929154e-10 0)
(0 -5.6196906e-10 0)
(0 -4.898012e-10 0)
(0 -4.2212599e-10 0)
(0 -3.5832269e-10 0)
(0 -2.9780608e-10 0)
(0 -2.4002107e-10 0)
(0 -1.8443763e-10 0)
(0 -1.3054592e-10 0)
(0 -7.7851641e-11 0)
(0 -2.5871446e-11 0)
(0 -0.00020592179 0)
(0 -0.00023400919 0)
(0 -0.00026183184 0)
(0 -0.00028859898 0)
(0 -0.00031368091 0)
(0 -0.00033663804 0)
(0 -0.00035721698 0)
(0 -0.0003753223 0)
(0 -0.00039097754 0)
(0 -0.00040428588 0)
(0 -0.00041539578 0)
(0 -0.00042447409 0)
(0 -0.00043168633 0)
(0 -0.00043718335 0)
(0 -0.0004410928 0)
(0 -0.00044351435 0)
(0 -0.00044451746 0)
(0 -0.00044414128 0)
(0 -0.00044239605 0)
(0 -0.00043926623 0)
(0 -0.00043471533 0)
(0 -0.00042869289 0)
(0 -0.00042114389 0)
(0 -0.00041202087 0)
(0 -0.00040129828 0)
(0 -0.00038898791 0)
(0 -0.00037515316 0)
(0 -0.00035991876 0)
(0 -0.00034347283 0)
(0 -0.00032605907 0)
(0 -0.00030796007 0)
(0 -0.00028947525 0)
(0 -0.00027089828 0)
(0 -0.00025249821 0)
(0 -0.00023450659 0)
(0 -0.00021711101 0)
(0 -0.00020045399 0)
(0 -0.00018463574 0)
(0 -0.00016971923 0)
(0 -0.00015573628 0)
(0 -0.00014269373 0)
(0 -0.00013057918 0)
(0 -0.00011936601 0)
(0 -0.00010901758 0)
(0 -9.9490651e-05 0)
(0 -9.0738002e-05 0)
(0 -8.2710523e-05 0)
(0 -7.5358724e-05 0)
(0 -6.8633847e-05 0)
(0 -6.2488646e-05 0)
(0 -5.6877917e-05 0)
(0 -5.1758824e-05 0)
(0 -4.7091088e-05 0)
(0 -4.2837059e-05 0)
(0 -3.896172e-05 0)
(0 -3.5432629e-05 0)
(0 -3.2219827e-05 0)
(0 -2.929572e-05 0)
(0 -2.6634949e-05 0)
(0 -2.4214247e-05 0)
(0 -2.2012303e-05 0)
(0 -2.0009617e-05 0)
(0 -1.818837e-05 0)
(0 -1.6532286e-05 0)
(0 -1.5026515e-05 0)
(0 -1.3657514e-05 0)
(0 -1.2412939e-05 0)
(0 -1.1281543e-05 0)
(0 -1.025308e-05 0)
(0 -9.3182261e-06 0)
(0 -8.46849e-06 0)
(0 -7.6961459e-06 0)
(0 -6.9941643e-06 0)
(0 -6.35615e-06 0)
(0 -5.7762862e-06 0)
(0 -5.2492825e-06 0)
(0 -4.770328e-06 0)
(0 -4.3350479e-06 0)
(0 -3.9394648e-06 0)
(0 -3.5799623e-06 0)
(0 -3.2532528e-06 0)
(0 -2.9563476e-06 0)
(0 -2.6865299e-06 0)
(0 -2.4413302e-06 0)
(0 -2.2185036e-06 0)
(0 -2.01601e-06 0)
(0 -1.8319948e-06 0)
(0 -1.6647726e-06 0)
(0 -1.5128115e-06 0)
(0 -1.3747192e-06 0)
(0 -1.2492303e-06 0)
(0 -1.135195e-06 0)
(0 -1.031568e-06 0)
(0 -9.3739968e-07 0)
(0 -8.5182681e-07 0)
(0 -7.7406497e-07 0)
(0 -7.0340131e-07 0)
(0 -6.3918799e-07 0)
(0 -5.808363e-07 0)
(0 -5.2781123e-07 0)
(0 -4.796266e-07 0)
(0 -4.358406e-07 0)
(0 -3.9605171e-07 0)
(0 -3.598951e-07 0)
(0 -3.2703919e-07 0)
(0 -2.9718269e-07 0)
(0 -2.700518e-07 0)
(0 -2.4539771e-07 0)
(0 -2.2299433e-07 0)
(0 -2.0263619e-07 0)
(0 -1.8413659e-07 0)
(0 -1.6732586e-07 0)
(0 -1.5204983e-07 0)
(0 -1.3816839e-07 0)
(0 -1.2555423e-07 0)
(0 -1.1409166e-07 0)
(0 -1.0367554e-07 0)
(0 -9.4210344e-08 0)
(0 -8.5609259e-08 0)
(0 -7.7793395e-08 0)
(0 -7.0691065e-08 0)
(0 -6.4237128e-08 0)
(0 -5.8372388e-08 0)
(0 -5.3043053e-08 0)
(0 -4.8200243e-08 0)
(0 -4.3799538e-08 0)
(0 -3.9800575e-08 0)
(0 -3.6166674e-08 0)
(0 -3.2864505e-08 0)
(0 -2.986378e-08 0)
(0 -2.7136975e-08 0)
(0 -2.4659079e-08 0)
(0 -2.2407364e-08 0)
(0 -2.0361178e-08 0)
(0 -1.8501752e-08 0)
(0 -1.681203e-08 0)
(0 -1.5276514e-08 0)
(0 -1.3881121e-08 0)
(0 -1.261305e-08 0)
(0 -1.146067e-08 0)
(0 -1.0413412e-08 0)
(0 -9.4616704e-09 0)
(0 -8.5967145e-09 0)
(0 -7.810611e-09 0)
(0 -7.0961494e-09 0)
(0 -6.4467766e-09 0)
(0 -5.8565361e-09 0)
(0 -5.320014e-09 0)
(0 -4.8322893e-09 0)
(0 -4.3888882e-09 0)
(0 -3.9857438e-09 0)
(0 -3.6191582e-09 0)
(0 -3.285769e-09 0)
(0 -2.9825181e-09 0)
(0 -2.7066242e-09 0)
(0 -2.4555565e-09 0)
(0 -2.2270121e-09 0)
(0 -2.0188948e-09 0)
(0 -1.8292956e-09 0)
(0 -1.6564755e-09 0)
(0 -1.4988493e-09 0)
(0 -1.3549711e-09 0)
(0 -1.2235212e-09 0)
(0 -1.103294e-09 0)
(0 -9.9318662e-10 0)
(0 -8.9218918e-10 0)
(0 -7.9937526e-10 0)
(0 -7.1389355e-10 0)
(0 -6.3495995e-10 0)
(0 -5.6185047e-10 0)
(0 -4.9389451e-10 0)
(0 -4.3046875e-10 0)
(0 -3.7099143e-10 0)
(0 -3.14917e-10 0)
(0 -2.6173111e-10 0)
(0 -2.1094593e-10 0)
(0 -1.6209563e-10 0)
(0 -1.1473214e-10 0)
(0 -6.8421023e-11 0)
(0 -2.2737488e-11 0)
(0 -0.00017479174 0)
(0 -0.00019778787 0)
(0 -0.00022060964 0)
(0 -0.00024265192 0)
(0 -0.00026341775 0)
(0 -0.00028254314 0)
(0 -0.00029980029 0)
(0 -0.00031508234 0)
(0 -0.00032837832 0)
(0 -0.00033974538 0)
(0 -0.00034928297 0)
(0 -0.00035711133 0)
(0 -0.00036335494 0)
(0 -0.00036813058 0)
(0 -0.00037153943 0)
(0 -0.00037366216 0)
(0 -0.00037455653 0)
(0 -0.00037425686 0)
(0 -0.00037277514 0)
(0 -0.00037010357 0)
(0 -0.00036621883 0)
(0 -0.00036108789 0)
(0 -0.00035467584 0)
(0 -0.00034695538 0)
(0 -0.00033791773 0)
(0 -0.00032758373 0)
(0 -0.00031601364 0)
(0 -0.00030331334 0)
(0 -0.00028963512 0)
(0 -0.00027517178 0)
(0 -0.0002601449 0)
(0 -0.00024478941 0)
(0 -0.00022933742 0)
(0 -0.00021400431 0)
(0 -0.00019897854 0)
(0 -0.00018441593 0)
(0 -0.00017043779 0)
(0 -0.0001571322 0)
(0 -0.00014455719 0)
(0 -0.00013274505 0)
(0 -0.00012170693 0)
(0 -0.00011143729 0)
(0 -0.00010191799 0)
(0 -9.3121709e-05 0)
(0 -8.5014846e-05 0)
(0 -7.7559848e-05 0)
(0 -7.0717003e-05 0)
(0 -6.4445822e-05 0)
(0 -5.8706064e-05 0)
(0 -5.3458467e-05 0)
(0 -4.8665264e-05 0)
(0 -4.429051e-05 0)
(0 -4.0300287e-05 0)
(0 -3.66628e-05 0)
(0 -3.334841e-05 0)
(0 -3.0329604e-05 0)
(0 -2.7580934e-05 0)
(0 -2.507893e-05 0)
(0 -2.2801999e-05 0)
(0 -2.0730313e-05 0)
(0 -1.8845698e-05 0)
(0 -1.7131511e-05 0)
(0 -1.5572536e-05 0)
(0 -1.4154872e-05 0)
(0 -1.2865828e-05 0)
(0 -1.1693827e-05 0)
(0 -1.0628316e-05 0)
(0 -9.6596736e-06 0)
(0 -8.7791393e-06 0)
(0 -7.9787335e-06 0)
(0 -7.2511924e-06 0)
(0 -6.5899047e-06 0)
(0 -5.9888545e-06 0)
(0 -5.4425686e-06 0)
(0 -4.9460681e-06 0)
(0 -4.4948247e-06 0)
(0 -4.0847202e-06 0)
(0 -3.7120096e-06 0)
(0 -3.3732878e-06 0)
(0 -3.0654589e-06 0)
(0 -2.7857082e-06 0)
(0 -2.5314771e-06 0)
(0 -2.3004395e-06 0)
(0 -2.0904809e-06 0)
(0 -1.8996794e-06 0)
(0 -1.7262882e-06 0)
(0 -1.5687194e-06 0)
(0 -1.4255298e-06 0)
(0 -1.2954078e-06 0)
(0 -1.1771613e-06 0)
(0 -1.0697068e-06 0)
(0 -9.7205965e-07 0)
(0 -8.8332503e-07 0)
(0 -8.0268964e-07 0)
(0 -7.294144e-07 0)
(0 -6.6282762e-07 0)
(0 -6.023189e-07 0)
(0 -5.4733353e-07 0)
(0 -4.9736739e-07 0)
(0 -4.5196239e-07 0)
(0 -4.1070219e-07 0)
(0 -3.732085e-07 0)
(0 -3.391375e-07 0)
(0 -3.0817678e-07 0)
(0 -2.8004244e-07 0)
(0 -2.5447646e-07 0)
(0 -2.312444e-07 0)
(0 -2.1013322e-07 0)
(0 -1.909493e-07 0)
(0 -1.7351671e-07 0)
(0 -1.5767557e-07 0)
(0 -1.4328061e-07 0)
(0 -1.301998e-07 0)
(0 -1.1831317e-07 0)
(0 -1.0751171e-07 0)
(0 -9.7696349e-08 0)
(0 -8.8777063e-08 0)
(0 -8.0672048e-08 0)
(0 -7.3306966e-08 0)
(0 -6.6614266e-08 0)
(0 -6.0532563e-08 0)
(0 -5.5006076e-08 0)
(0 -4.9984117e-08 0)
(0 -4.5420623e-08 0)
(0 -4.1273738e-08 0)
(0 -3.7505427e-08 0)
(0 -3.4081126e-08 0)
(0 -3.0969427e-08 0)
(0 -2.8141789e-08 0)
(0 -2.5572276e-08 0)
(0 -2.323732e-08 0)
(0 -2.1115505e-08 0)
(0 -1.9187368e-08 0)
(0 -1.7435224e-08 0)
(0 -1.5843002e-08 0)
(0 -1.4396098e-08 0)
(0 -1.308124e-08 0)
(0 -1.1886368e-08 0)
(0 -1.0800522e-08 0)
(0 -9.8137425e-09 0)
(0 -8.9169784e-09 0)
(0 -8.1020042e-09 0)
(0 -7.3613447e-09 0)
(0 -6.6882063e-09 0)
(0 -6.0764147e-09 0)
(0 -5.5203584e-09 0)
(0 -5.014937e-09 0)
(0 -4.5555145e-09 0)
(0 -4.1378771e-09 0)
(0 -3.7581939e-09 0)
(0 -3.4129823e-09 0)
(0 -3.099076e-09 0)
(0 -2.8135957e-09 0)
(0 -2.5539227e-09 0)
(0 -2.3176754e-09 0)
(0 -2.1026868e-09 0)
(0 -1.9069848e-09 0)
(0 -1.7287745e-09 0)
(0 -1.5664212e-09 0)
(0 -1.4184358e-09 0)
(0 -1.2834608e-09 0)
(0 -1.1602583e-09 0)
(0 -1.0476981e-09 0)
(0 -9.4474785e-10 0)
(0 -8.504632e-10 0)
(0 -7.6397935e-10 0)
(0 -6.8450302e-10 0)
(0 -6.1130524e-10 0)
(0 -5.4371461e-10 0)
(0 -4.8111114e-10 0)
(0 -4.2292062e-10 0)
(0 -3.6860931e-10 0)
(0 -3.1767903e-10 0)
(0 -2.6966263e-10 0)
(0 -2.2411969e-10 0)
(0 -1.8063247e-10 0)
(0 -1.3880208e-10 0)
(0 -9.8244845e-11 0)
(0 -5.8588749e-11 0)
(0 -1.9470054e-11 0)
(0 -0.00014337268 0)
(0 -0.00016169591 0)
(0 -0.00017990399 0)
(0 -0.00019754134 0)
(0 -0.00021422517 0)
(0 -0.00022966501 0)
(0 -0.00024366846 0)
(0 -0.00025613345 0)
(0 -0.00026703242 0)
(0 -0.00027639318 0)
(0 -0.00028428008 0)
(0 -0.00029077746 0)
(0 -0.00029597645 0)
(0 -0.00029996495 0)
(0 -0.00030282075 0)
(0 -0.00030460712 0)
(0 -0.00030537045 0)
(0 -0.00030513954 0)
(0 -0.0003039264 0)
(0 -0.00030172831 0)
(0 -0.00029853124 0)
(0 -0.00029431462 0)
(0 -0.00028905742 0)
(0 -0.0002827455 0)
(0 -0.0002753796 0)
(0 -0.00026698329 0)
(0 -0.00025760966 0)
(0 -0.00024734528 0)
(0 -0.00023631035 0)
(0 -0.00022465439 0)
(0 -0.00021254799 0)
(0 -0.00020017193 0)
(0 -0.00018770585 0)
(0 -0.00017531798 0)
(0 -0.0001631574 0)
(0 -0.00015134932 0)
(0 -0.00013999307 0)
(0 -0.0001291625 0)
(0 -0.00011890795 0)
(0 -0.0001092592 0)
(0 -0.00010022883 0)
(0 -9.1815588e-05 0)
(0 -8.4007527e-05 0)
(0 -7.6784801e-05 0)
(0 -7.0121988e-05 0)
(0 -6.3990017e-05 0)
(0 -5.8357688e-05 0)
(0 -5.319286e-05 0)
(0 -4.8463332e-05 0)
(0 -4.4137502e-05 0)
(0 -4.0184821e-05 0)
(0 -3.6576109e-05 0)
(0 -3.3283742e-05 0)
(0 -3.0281766e-05 0)
(0 -2.7545932e-05 0)
(0 -2.5053696e-05 0)
(0 -2.2784176e-05 0)
(0 -2.0718094e-05 0)
(0 -1.8837693e-05 0)
(0 -1.7126657e-05 0)
(0 -1.5570019e-05 0)
(0 -1.4154069e-05 0)
(0 -1.2866264e-05 0)
(0 -1.1695141e-05 0)
(0 -1.0630233e-05 0)
(0 -9.661988e-06 0)
(0 -8.7816954e-06 0)
(0 -7.9814159e-06 0)
(0 -7.2539159e-06 0)
(0 -6.5926075e-06 0)
(0 -5.9914926e-06 0)
(0 -5.4451115e-06 0)
(0 -4.9484957e-06 0)
(0 -4.4971245e-06 0)
(0 -4.0868855e-06 0)
(0 -3.7140381e-06 0)
(0 -3.3751803e-06 0)
(0 -3.0672183e-06 0)
(0 -2.7873393e-06 0)
(0 -2.5329854e-06 0)
(0 -2.3018312e-06 0)
(0 -2.0917628e-06 0)
(0 -1.9008584e-06 0)
(0 -1.727371e-06 0)
(0 -1.5697127e-06 0)
(0 -1.42644e-06 0)
(0 -1.2962412e-06 0)
(0 -1.1779237e-06 0)
(0 -1.0704038e-06 0)
(0 -9.7269643e-07 0)
(0 -8.8390649e-07 0)
(0 -8.0322033e-07 0)
(0 -7.2989853e-07 0)
(0 -6.6326912e-07 0)
(0 -6.0272137e-07 0)
(0 -5.4770031e-07 0)
(0 -4.9770156e-07 0)
(0 -4.5226676e-07 0)
(0 -4.1097937e-07 0)
(0 -3.7346086e-07 0)
(0 -3.3936722e-07 0)
(0 -3.0838587e-07 0)
(0 -2.8023271e-07 0)
(0 -2.5464959e-07 0)
(0 -2.3140193e-07 0)
(0 -2.1027652e-07 0)
(0 -1.9107965e-07 0)
(0 -1.7363528e-07 0)
(0 -1.5778342e-07 0)
(0 -1.4337869e-07 0)
(0 -1.30289e-07 0)
(0 -1.183943e-07 0)
(0 -1.0758549e-07 0)
(0 -9.7763451e-08 0)
(0 -8.8838091e-08 0)
(0 -8.0727555e-08 0)
(0 -7.3357455e-08 0)
(0 -6.6660194e-08 0)
(0 -6.0574349e-08 0)
(0 -5.5044099e-08 0)
(0 -5.0018722e-08 0)
(0 -4.5452126e-08 0)
(0 -4.1302427e-08 0)
(0 -3.7531562e-08 0)
(0 -3.4104947e-08 0)
(0 -3.099115e-08 0)
(0 -2.8161613e-08 0)
(0 -2.5590382e-08 0)
(0 -2.3253873e-08 0)
(0 -2.1130656e-08 0)
(0 -1.9201256e-08 0)
(0 -1.7447977e-08 0)
(0 -1.5854736e-08 0)
(0 -1.440692e-08 0)
(0 -1.3091249e-08 0)
(0 -1.1895656e-08 0)
(0 -1.0809175e-08 0)
(0 -9.8218385e-09 0)
(0 -8.924592e-09 0)
(0 -8.1092051e-09 0)
(0 -7.3681989e-09 0)
(0 -6.6947766e-09 0)
(0 -6.0827614e-09 0)
(0 -5.5265397e-09 0)
(0 -5.0210094e-09 0)
(0 -4.5615339e-09 0)
(0 -4.1438985e-09 0)
(0 -3.7642726e-09 0)
(0 -3.4191741e-09 0)
(0 -3.1054376e-09 0)
(0 -2.8201855e-09 0)
(0 -2.5608012e-09 0)
(0 -2.3249056e-09 0)
(0 -2.110335e-09 0)
(0 -1.9151212e-09 0)
(0 -1.7374736e-09 0)
(0 -1.5757629e-09 0)
(0 -1.4285058e-09 0)
(0 -1.2943514e-09 0)
(0 -1.1720694e-09 0)
(0 -1.0605381e-09 0)
(0 -9.5873442e-10 0)
(0 -8.6572469e-10 0)
(0 -7.8065573e-10 0)
(0 -7.0274727e-10 0)
(0 -6.3128469e-10 0)
(0 -5.6561252e-10 0)
(0 -5.0512837e-10 0)
(0 -4.4927747e-10 0)
(0 -3.9754753e-10 0)
(0 -3.4946405e-10 0)
(0 -3.04586e-10 0)
(0 -2.6250174e-10 0)
(0 -2.2282525e-10 0)
(0 -1.8519261e-10 0)
(0 -1.4925863e-10 0)
(0 -1.1469372e-10 0)
(0 -8.1180816e-11 0)
(0 -4.841254e-11 0)
(0 -1.6088324e-11 0)
(0 -0.00011172989 0)
(0 -0.00012569087 0)
(0 -0.00013957667 0)
(0 -0.00015305565 0)
(0 -0.0001658444 0)
(0 -0.00017772232 0)
(0 -0.00018853736 0)
(0 -0.00019820248 0)
(0 -0.00020668587 0)
(0 -0.0002139982 0)
(0 -0.00022017939 0)
(0 -0.00022528648 0)
(0 -0.00022938365 0)
(0 -0.0002325344 0)
(0 -0.00023479603 0)
(0 -0.00023621591 0)
(0 -0.00023682947 0)
(0 -0.00023665953 0)
(0 -0.00023571678 0)
(0 -0.00023400133 0)
(0 -0.00023150538 0)
(0 -0.00022821682 0)
(0 -0.00022412382 0)
(0 -0.00021922016 0)
(0 -0.00021351098 0)
(0 -0.00020701825 0)
(0 -0.0001997853 0)
(0 -0.00019187931 0)
(0 -0.00018339118 0)
(0 -0.00017443252 0)
(0 -0.00016512985 0)
(0 -0.00015561728 0)
(0 -0.00014602849 0)
(0 -0.00013648956 0)
(0 -0.00012711331 0)
(0 -0.00011799557 0)
(0 -0.00010921345 0)
(0 -0.00010082529 0)
(0 -9.2871844e-05 0)
(0 -8.5378216e-05 0)
(0 -7.8356232e-05 0)
(0 -7.1806886e-05 0)
(0 -6.5722679e-05 0)
(0 -6.0089714e-05 0)
(0 -5.4889509e-05 0)
(0 -5.0100496e-05 0)
(0 -4.5699232e-05 0)
(0 -4.1661346e-05 0)
(0 -3.7962263e-05 0)
(0 -3.4577741e-05 0)
(0 -3.1484254e-05 0)
(0 -2.8659257e-05 0)
(0 -2.6081355e-05 0)
(0 -2.3730405e-05 0)
(0 -2.1587554e-05 0)
(0 -1.9635251e-05 0)
(0 -1.7857221e-05 0)
(0 -1.6238423e-05 0)
(0 -1.4764994e-05 0)
(0 -1.3424186e-05 0)
(0 -1.22043e-05 0)
(0 -1.1094614e-05 0)
(0 -1.0085315e-05 0)
(0 -9.1674335e-06 0)
(0 -8.3327742e-06 0)
(0 -7.5738591e-06 0)
(0 -6.8838669e-06 0)
(0 -6.2565793e-06 0)
(0 -5.6863299e-06 0)
(0 -5.1679577e-06 0)
(0 -4.6967633e-06 0)
(0 -4.2684686e-06 0)
(0 -3.8791803e-06 0)
(0 -3.5253559e-06 0)
(0 -3.2037723e-06 0)
(0 -2.9114981e-06 0)
(0 -2.645867e-06 0)
(0 -2.4044541e-06 0)
(0 -2.1850547e-06 0)
(0 -1.985664e-06 0)
(0 -1.8044593e-06 0)
(0 -1.6397836e-06 0)
(0 -1.4901304e-06 0)
(0 -1.3541305e-06 0)
(0 -1.2305391e-06 0)
(0 -1.1182246e-06 0)
(0 -1.0161589e-06 0)
(0 -9.2340709e-07 0)
(0 -8.3911967e-07 0)
(0 -7.6252449e-07 0)
(0 -6.929198e-07 0)
(0 -6.2966782e-07 0)
(0 -5.7218892e-07 0)
(0 -5.1995631e-07 0)
(0 -4.7249127e-07 0)
(0 -4.2935872e-07 0)
(0 -3.9016328e-07 0)
(0 -3.5454564e-07 0)
(0 -3.2217926e-07 0)
(0 -2.927674e-07 0)
(0 -2.660404e-07 0)
(0 -2.4175319e-07 0)
(0 -2.1968309e-07 0)
(0 -1.9962772e-07 0)
(0 -1.8140317e-07 0)
(0 -1.6484232e-07 0)
(0 -1.4979331e-07 0)
(0 -1.3611813e-07 0)
(0 -1.2369137e-07 0)
(0 -1.1239906e-07 0)
(0 -1.0213765e-07 0)
(0 -9.2813019e-08 0)
(0 -8.4339658e-08 0)
(0 -7.6639853e-08 0)
(0 -6.9642985e-08 0)
(0 -6.3284881e-08 0)
(0 -5.7507228e-08 0)
(0 -5.2257036e-08 0)
(0 -4.748615e-08 0)
(0 -4.3150813e-08 0)
(0 -3.9211262e-08 0)
(0 -3.5631363e-08 0)
(0 -3.2378283e-08 0)
(0 -2.9422183e-08 0)
(0 -2.673595e-08 0)
(0 -2.4294947e-08 0)
(0 -2.2076783e-08 0)
(0 -2.0061113e-08 0)
(0 -1.822945e-08 0)
(0 -1.6564993e-08 0)
(0 -1.5052475e-08 0)
(0 -1.3678024e-08 0)
(0 -1.2429032e-08 0)
(0 -1.1294043e-08 0)
(0 -1.0262647e-08 0)
(0 -9.3253836e-09 0)
(0 -8.473656e-09 0)
(0 -7.6996518e-09 0)
(0 -6.9962717e-09 0)
(0 -6.357064e-09 0)
(0 -5.7761657e-09 0)
(0 -5.2482486e-09 0)
(0 -4.7684704e-09 0)
(0 -4.3324304e-09 0)
(0 -3.9361292e-09 0)
(0 -3.5759317e-09 0)
(0 -3.248534e-09 0)
(0 -2.9509332e-09 0)
(0 -2.6803995e-09 0)
(0 -2.4344515e-09 0)
(0 -2.2108332e-09 0)
(0 -2.0074936e-09 0)
(0 -1.8225675e-09 0)
(0 -1.6543588e-09 0)
(0 -1.5013245e-09 0)
(0 -1.3620609e-09 0)
(0 -1.2352908e-09 0)
(0 -1.1198512e-09 0)
(0 -1.0146833e-09 0)
(0 -9.1882253e-10 0)
(0 -8.3138957e-10 0)
(0 -7.5158246e-10 0)
(0 -6.7866916e-10 0)
(0 -6.119809e-10 0)
(0 -5.5090597e-10 0)
(0 -4.9488418e-10 0)
(0 -4.4340167e-10 0)
(0 -3.9598622e-10 0)
(0 -3.5220292e-10 0)
(0 -3.1165017e-10 0)
(0 -2.73956e-10 0)
(0 -2.3877467e-10 0)
(0 -2.0578348e-10 0)
(0 -1.7467982e-10 0)
(0 -1.4517839e-10 0)
(0 -1.170086e-10 0)
(0 -8.9912058e-11 0)
(0 -6.3640228e-11 0)
(0 -3.7952132e-11 0)
(0 -1.2612149e-11 0)
(0 -7.9920888e-05 0)
(0 -8.97435e-05 0)
(0 -9.9519136e-05 0)
(0 -0.00010902229 0)
(0 -0.00011805801 0)
(0 -0.00012647179 0)
(0 -0.00013415422 0)
(0 -0.00014103958 0)
(0 -0.00014710008 0)
(0 -0.00015233782 0)
(0 -0.00015677605 0)
(0 -0.00016045105 0)
(0 -0.00016340506 0)
(0 -0.00016568082 0)
(0 -0.00016731747 0)
(0 -0.00016834782 0)
(0 -0.00016879681 0)
(0 -0.00016868092 0)
(0 -0.00016800849 0)
(0 -0.00016678079 0)
(0 -0.00016499389 0)
(0 -0.00016264117 0)
(0 -0.00015971653 0)
(0 -0.00015621795 0)
(0 -0.00015215141 0)
(0 -0.0001475344 0)
(0 -0.00014239884 0)
(0 -0.00013679258 0)
(0 -0.00013077925 0)
(0 -0.00012443619 0)
(0 -0.00011785072 0)
(0 -0.00011111531 0)
(0 -0.00010432241 0)
(0 -9.7559611e-05 0)
(0 -9.0905809e-05 0)
(0 -8.4428586e-05 0)
(0 -7.8182877e-05 0)
(0 -7.2210761e-05 0)
(0 -6.6542117e-05 0)
(0 -6.1195861e-05 0)
(0 -5.6181493e-05 0)
(0 -5.1500751e-05 0)
(0 -4.7149218e-05 0)
(0 -4.3117792e-05 0)
(0 -3.939396e-05 0)
(0 -3.5962883e-05 0)
(0 -3.2808261e-05 0)
(0 -2.9913031e-05 0)
(0 -2.7259898e-05 0)
(0 -2.4831734e-05 0)
(0 -2.2611864e-05 0)
(0 -2.0584271e-05 0)
(0 -1.8733726e-05 0)
(0 -1.7045865e-05 0)
(0 -1.5507229e-05 0)
(0 -1.4105275e-05 0)
(0 -1.282836e-05 0)
(0 -1.1665717e-05 0)
(0 -1.0607418e-05 0)
(0 -9.6443256e-06 0)
(0 -8.7680534e-06 0)
(0 -7.9709116e-06 0)
(0 -7.2458606e-06 0)
(0 -6.5864634e-06 0)
(0 -5.9868392e-06 0)
(0 -5.4416196e-06 0)
(0 -4.9459076e-06 0)
(0 -4.4952382e-06 0)
(0 -4.0855425e-06 0)
(0 -3.7131142e-06 0)
(0 -3.3745781e-06 0)
(0 -3.0668616e-06 0)
(0 -2.7871681e-06 0)
(0 -2.532953e-06 0)
(0 -2.3019011e-06 0)
(0 -2.0919066e-06 0)
(0 -1.9010539e-06 0)
(0 -1.7276013e-06 0)
(0 -1.5699646e-06 0)
(0 -1.4267036e-06 0)
(0 -1.2965089e-06 0)
(0 -1.1781899e-06 0)
(0 -1.0706644e-06 0)
(0 -9.729486e-07 0)
(0 -8.8414813e-07 0)
(0 -8.0345012e-07 0)
(0 -7.3011571e-07 0)
(0 -6.6347331e-07 0)
(0 -6.0291254e-07 0)
(0 -5.4787863e-07 0)
(0 -4.9786738e-07 0)
(0 -4.5242055e-07 0)
(0 -4.1112167e-07 0)
(0 -3.7359227e-07 0)
(0 -3.3948837e-07 0)
(0 -3.0849738e-07 0)
(0 -2.8033522e-07 0)
(0 -2.5474372e-07 0)
(0 -2.3148826e-07 0)
(0 -2.1035564e-07 0)
(0 -1.911521e-07 0)
(0 -1.7370157e-07 0)
(0 -1.5784405e-07 0)
(0 -1.4343411e-07 0)
(0 -1.3033964e-07 0)
(0 -1.1844054e-07 0)
(0 -1.0762771e-07 0)
(0 -9.780199e-08 0)
(0 -8.8873264e-08 0)
(0 -8.0759652e-08 0)
(0 -7.3386745e-08 0)
(0 -6.6686926e-08 0)
(0 -6.0598748e-08 0)
(0 -5.5066375e-08 0)
(0 -5.0039068e-08 0)
(0 -4.5470719e-08 0)
(0 -4.1319428e-08 0)
(0 -3.7547121e-08 0)
(0 -3.41192e-08 0)
(0 -3.1004224e-08 0)
(0 -2.8173624e-08 0)
(0 -2.5601437e-08 0)
(0 -2.3264071e-08 0)
(0 -2.1140089e-08 0)
(0 -1.9210008e-08 0)
(0 -1.7456126e-08 0)
(0 -1.5862357e-08 0)
(0 -1.4414081e-08 0)
(0 -1.3098015e-08 0)
(0 -1.1902089e-08 0)
(0 -1.0815332e-08 0)
(0 -9.8277771e-09 0)
(0 -8.9303656e-09 0)
(0 -8.1148664e-09 0)
(0 -7.3737996e-09 0)
(0 -6.7003679e-09 0)
(0 -6.0883943e-09 0)
(0 -5.5322658e-09 0)
(0 -5.0268811e-09 0)
(0 -4.5676049e-09 0)
(0 -4.1502245e-09 0)
(0 -3.7709115e-09 0)
(0 -3.4261868e-09 0)
(0 -3.1128884e-09 0)
(0 -2.8281426e-09 0)
(0 -2.5693376e-09 0)
(0 -2.3340995e-09 0)
(0 -2.1202708e-09 0)
(0 -1.92589e-09 0)
(0 -1.7491743e-09 0)
(0 -1.5885026e-09 0)
(0 -1.4424014e-09 0)
(0 -1.3095304e-09 0)
(0 -1.188671e-09 0)
(0 -1.0787145e-09 0)
(0 -9.7865246e-10 0)
(0 -8.87567e-10 0)
(0 -8.0462267e-10 0)
(0 -7.2905866e-10 0)
(0 -6.6018187e-10 0)
(0 -5.9736054e-10 0)
(0 -5.4001844e-10 0)
(0 -4.8762961e-10 0)
(0 -4.3971352e-10 0)
(0 -3.9583067e-10 0)
(0 -3.5557853e-10 0)
(0 -3.185879e-10 0)
(0 -2.845195e-10 0)
(0 -2.5306082e-10 0)
(0 -2.2392332e-10 0)
(0 -1.9683974e-10 0)
(0 -1.7156165e-10 0)
(0 -1.4785719e-10 0)
(0 -1.2550895e-10 0)
(0 -1.0431192e-10 0)
(0 -8.4071681e-11 0)
(0 -6.4602585e-11 0)
(0 -4.572605e-11 0)
(0 -2.7268933e-11 0)
(0 -9.0619376e-12 0)
(0 -4.7997253e-05 0)
(0 -5.3832666e-05 0)
(0 -5.9642326e-05 0)
(0 -6.5295283e-05 0)
(0 -7.0677482e-05 0)
(0 -7.5697499e-05 0)
(0 -8.0289502e-05 0)
(0 -8.4412784e-05 0)
(0 -8.8048772e-05 0)
(0 -9.1196608e-05 0)
(0 -9.3868216e-05 0)
(0 -9.6083579e-05 0)
(0 -9.7866629e-05 0)
(0 -9.9241941e-05 0)
(0 -0.00010023227 0)
(0 -0.00010085689 0)
(0 -0.0001011306 0)
(0 -0.00010106335 0)
(0 -0.00010066043 0)
(0 -9.9923067e-05 0)
(0 -9.8849554e-05 0)
(0 -9.7436724e-05 0)
(0 -9.5681813e-05 0)
(0 -9.3584568e-05 0)
(0 -9.1149439e-05 0)
(0 -8.8387612e-05 0)
(0 -8.5318589e-05 0)
(0 -8.1971025e-05 0)
(0 -7.8382584e-05 0)
(0 -7.4598765e-05 0)
(0 -7.0670789e-05 0)
(0 -6.665288e-05 0)
(0 -6.2599322e-05 0)
(0 -5.8561711e-05 0)
(0 -5.458672e-05 0)
(0 -5.071454e-05 0)
(0 -4.6978053e-05 0)
(0 -4.3402644e-05 0)
(0 -4.0006533e-05 0)
(0 -3.6801444e-05 0)
(0 -3.3793486e-05 0)
(0 -3.0984105e-05 0)
(0 -2.8371022e-05 0)
(0 -2.5949102e-05 0)
(0 -2.3711116e-05 0)
(0 -2.1648386e-05 0)
(0 -1.9751313e-05 0)
(0 -1.8009799e-05 0)
(0 -1.6413571e-05 0)
(0 -1.495243e-05 0)
(0 -1.3616425e-05 0)
(0 -1.2395982e-05 0)
(0 -1.1281983e-05 0)
(0 -1.0265823e-05 0)
(0 -9.3394295e-06 0)
(0 -8.495274e-06 0)
(0 -7.7263648e-06 0)
(0 -7.0262326e-06 0)
(0 -6.3889091e-06 0)
(0 -5.8089012e-06 0)
(0 -5.2811639e-06 0)
(0 -4.8010713e-06 0)
(0 -4.3643876e-06 0)
(0 -3.9672388e-06 0)
(0 -3.6060852e-06 0)
(0 -3.2776954e-06 0)
(0 -2.979121e-06 0)
(0 -2.7076739e-06 0)
(0 -2.4609041e-06 0)
(0 -2.2365798e-06 0)
(0 -2.0326685e-06 0)
(0 -1.8473198e-06 0)
(0 -1.6788498e-06 0)
(0 -1.5257257e-06 0)
(0 -1.3865533e-06 0)
(0 -1.2600643e-06 0)
(0 -1.1451049e-06 0)
(0 -1.0406262e-06 0)
(0 -9.45674e-07 0)
(0 -8.5938083e-07 0)
(0 -7.80958e-07 0)
(0 -7.0968842e-07 0)
(0 -6.4492024e-07 0)
(0 -5.8606087e-07 0)
(0 -5.3257163e-07 0)
(0 -4.839629e-07 0)
(0 -4.3978963e-07 0)
(0 -3.9964729e-07 0)
(0 -3.6316822e-07 0)
(0 -3.3001827e-07 0)
(0 -2.9989373e-07 0)
(0 -2.7251858e-07 0)
(0 -2.4764196e-07 0)
(0 -2.250359e-07 0)
(0 -2.0449321e-07 0)
(0 -1.8582559e-07 0)
(0 -1.6886193e-07 0)
(0 -1.5344672e-07 0)
(0 -1.3943864e-07 0)
(0 -1.2670927e-07 0)
(0 -1.1514188e-07 0)
(0 -1.0463043e-07 0)
(0 -9.507854e-08 0)
(0 -8.6398613e-08 0)
(0 -7.8511062e-08 0)
(0 -7.1343556e-08 0)
(0 -6.4830369e-08 0)
(0 -5.8911772e-08 0)
(0 -5.3533488e-08 0)
(0 -4.8646194e-08 0)
(0 -4.4205068e-08 0)
(0 -4.0169382e-08 0)
(0 -3.6502122e-08 0)
(0 -3.3169655e-08 0)
(0 -3.0141419e-08 0)
(0 -2.7389639e-08 0)
(0 -2.4889077e-08 0)
(0 -2.2616799e-08 0)
(0 -2.0551964e-08 0)
(0 -1.8675635e-08 0)
(0 -1.6970601e-08 0)
(0 -1.5421224e-08 0)
(0 -1.4013294e-08 0)
(0 -1.2733897e-08 0)
(0 -1.1571298e-08 0)
(0 -1.0514834e-08 0)
(0 -9.5548141e-09 0)
(0 -8.682434e-09 0)
(0 -7.8896918e-09 0)
(0 -7.1693162e-09 0)
(0 -6.5146997e-09 0)
(0 -5.9198382e-09 0)
(0 -5.3792754e-09 0)
(0 -4.8880532e-09 0)
(0 -4.4416658e-09 0)
(0 -4.036019e-09 0)
(0 -3.6673919e-09 0)
(0 -3.3324035e-09 0)
(0 -3.0279811e-09 0)
(0 -2.7513325e-09 0)
(0 -2.4999202e-09 0)
(0 -2.2714381e-09 0)
(0 -2.0637904e-09 0)
(0 -1.8750727e-09 0)
(0 -1.7035538e-09 0)
(0 -1.5476606e-09 0)
(0 -1.4059631e-09 0)
(0 -1.2771617e-09 0)
(0 -1.1600749e-09 0)
(0 -1.0536288e-09 0)
(0 -9.5684699e-10 0)
(0 -8.6884176e-10 0)
(0 -7.8880589e-10 0)
(0 -7.1600527e-10 0)
(0 -6.4977213e-10 0)
(0 -5.8949897e-10 0)
(0 -5.3463293e-10 0)
(0 -4.8467076e-10 0)
(0 -4.3915419e-10 0)
(0 -3.9766572e-10 0)
(0 -3.598248e-10 0)
(0 -3.2528433e-10 0)
(0 -2.9372751e-10 0)
(0 -2.6486488e-10 0)
(0 -2.384317e-10 0)
(0 -2.1418551e-10 0)
(0 -1.9190392e-10 0)
(0 -1.7138255e-10 0)
(0 -1.5243317e-10 0)
(0 -1.3488196e-10 0)
(0 -1.1856796e-10 0)
(0 -1.033415e-10 0)
(0 -8.9062938e-11 0)
(0 -7.5601296e-11 0)
(0 -6.28331e-11 0)
(0 -5.0641235e-11 0)
(0 -3.8913873e-11 0)
(0 -2.7543444e-11 0)
(0 -1.6425655e-11 0)
(0 -5.458529e-12 0)
(0 -1.6006458e-05 0)
(0 -1.7942063e-05 0)
(0 -1.9869465e-05 0)
(0 -2.174572e-05 0)
(0 -2.3533289e-05 0)
(0 -2.5201916e-05 0)
(0 -2.6729635e-05 0)
(0 -2.8102681e-05 0)
(0 -2.9314558e-05 0)
(0 -3.0364637e-05 0)
(0 -3.125656e-05 0)
(0 -3.1996697e-05 0)
(0 -3.2592786e-05 0)
(0 -3.3052841e-05 0)
(0 -3.3384329e-05 0)
(0 -3.3593598e-05 0)
(0 -3.3685554e-05 0)
(0 -3.3663529e-05 0)
(0 -3.3529326e-05 0)
(0 -3.3283436e-05 0)
(0 -3.2925395e-05 0)
(0 -3.245428e-05 0)
(0 -3.1869319e-05 0)
(0 -3.1170582e-05 0)
(0 -3.0359694e-05 0)
(0 -2.9440492e-05 0)
(0 -2.8419535e-05 0)
(0 -2.7306362e-05 0)
(0 -2.6113446e-05 0)
(0 -2.4855806e-05 0)
(0 -2.3550325e-05 0)
(0 -2.2214874e-05 0)
(0 -2.0867355e-05 0)
(0 -1.9524808e-05 0)
(0 -1.8202681e-05 0)
(0 -1.691431e-05 0)
(0 -1.5670641e-05 0)
(0 -1.4480158e-05 0)
(0 -1.3348978e-05 0)
(0 -1.2281072e-05 0)
(0 -1.1278542e-05 0)
(0 -1.0341938e-05 0)
(0 -9.4705599e-06 0)
(0 -8.6627516e-06 0)
(0 -7.9161491e-06 0)
(0 -7.2278976e-06 0)
(0 -6.5948277e-06 0)
(0 -6.013597e-06 0)
(0 -5.480799e-06 0)
(0 -4.9930467e-06 0)
(0 -4.5470323e-06 0)
(0 -4.1395705e-06 0)
(0 -3.7676262e-06 0)
(0 -3.4283324e-06 0)
(0 -3.1189992e-06 0)
(0 -2.8371166e-06 0)
(0 -2.5803533e-06 0)
(0 -2.3465511e-06 0)
(0 -2.1337189e-06 0)
(0 -1.9400237e-06 0)
(0 -1.7637819e-06 0)
(0 -1.6034494e-06 0)
(0 -1.4576123e-06 0)
(0 -1.3249773e-06 0)
(0 -1.2043626e-06 0)
(0 -1.0946893e-06 0)
(0 -9.94973e-07 0)
(0 -9.043161e-07 0)
(0 -8.2190051e-07 0)
(0 -7.4698094e-07 0)
(0 -6.7887869e-07 0)
(0 -6.1697584e-07 0)
(0 -5.6070996e-07 0)
(0 -5.0956926e-07 0)
(0 -4.630881e-07 0)
(0 -4.208429e-07 0)
(0 -3.8244838e-07 0)
(0 -3.4755416e-07 0)
(0 -3.1584162e-07 0)
(0 -2.8702103e-07 0)
(0 -2.60829e-07 0)
(0 -2.3702603e-07 0)
(0 -2.1539442e-07 0)
(0 -1.9573625e-07 0)
(0 -1.7787161e-07 0)
(0 -1.6163699e-07 0)
(0 -1.4688375e-07 0)
(0 -1.3347677e-07 0)
(0 -1.2129327e-07 0)
(0 -1.1022165e-07 0)
(0 -1.0016047e-07 0)
(0 -9.1017548e-08 0)
(0 -8.2709099e-08 0)
(0 -7.5158984e-08 0)
(0 -6.8298004e-08 0)
(0 -6.2063272e-08 0)
(0 -5.6397639e-08 0)
(0 -5.1249166e-08 0)
(0 -4.6570656e-08 0)
(0 -4.2319215e-08 0)
(0 -3.8455863e-08 0)
(0 -3.494518e-08 0)
(0 -3.1754975e-08 0)
(0 -2.8855995e-08 0)
(0 -2.6221658e-08 0)
(0 -2.3827806e-08 0)
(0 -2.1652488e-08 0)
(0 -1.9675755e-08 0)
(0 -1.7879479e-08 0)
(0 -1.6247188e-08 0)
(0 -1.4763911e-08 0)
(0 -1.3416044e-08 0)
(0 -1.2191228e-08 0)
(0 -1.1078228e-08 0)
(0 -1.0066837e-08 0)
(0 -9.147779e-09 0)
(0 -8.3126243e-09 0)
(0 -7.5537135e-09 0)
(0 -6.8640859e-09 0)
(0 -6.2374166e-09 0)
(0 -5.6679577e-09 0)
(0 -5.1504863e-09 0)
(0 -4.6802561e-09 0)
(0 -4.2529542e-09 0)
(0 -3.8646614e-09 0)
(0 -3.5118162e-09 0)
(0 -3.1911824e-09 0)
(0 -2.8998189e-09 0)
(0 -2.6350534e-09 0)
(0 -2.3944574e-09 0)
(0 -2.1758242e-09 0)
(0 -1.9771482e-09 0)
(0 -1.7966074e-09 0)
(0 -1.6325456e-09 0)
(0 -1.4834581e-09 0)
(0 -1.3479773e-09 0)
(0 -1.2248607e-09 0)
(0 -1.112979e-09 0)
(0 -1.0113059e-09 0)
(0 -9.1890894e-10 0)
(0 -8.3494052e-10 0)
(0 -7.5863049e-10 0)
(0 -6.892789e-10 0)
(0 -6.2624965e-10 0)
(0 -5.689646e-10 0)
(0 -5.1689831e-10 0)
(0 -4.6957322e-10 0)
(0 -4.2655524e-10 0)
(0 -3.8744979e-10 0)
(0 -3.5189819e-10 0)
(0 -3.1957433e-10 0)
(0 -2.9018174e-10 0)
(0 -2.6345081e-10 0)
(0 -2.3913636e-10 0)
(0 -2.1701536e-10 0)
(0 -1.9688492e-10 0)
(0 -1.7856038e-10 0)
(0 -1.6187367e-10 0)
(0 -1.4667173e-10 0)
(0 -1.3281513e-10 0)
(0 -1.2017676e-10 0)
(0 -1.086407e-10 0)
(0 -9.8101134e-11 0)
(0 -8.8461394e-11 0)
(0 -7.9633058e-11 0)
(0 -7.1535149e-11 0)
(0 -6.4093389e-11 0)
(0 -5.7239521e-11 0)
(0 -5.0910676e-11 0)
(0 -4.5048806e-11 0)
(0 -3.9600141e-11 0)
(0 -3.4514705e-11 0)
(0 -2.9745852e-11 0)
(0 -2.524984e-11 0)
(0 -2.0985431e-11 0)
(0 -1.6913508e-11 0)
(0 -1.2996723e-11 0)
(0 -9.1991487e-12 0)
(0 -5.4859531e-12 0)
(0 -1.823077e-12 0)
(0 -5.9595274e-06 0)
(0 -8.121636e-06 0)
(0 -5.9521541e-06 0)
(0 -2.5624162e-06 0)
(0 -5.1762507e-07 0)
(0 -2.456174e-06 0)
(0 -5.1252478e-07 0)
(0 -3.4586851e-06 0)
(0 -5.4306605e-06 0)
(0 -3.4562573e-06 0)
(0 -1.4158257e-06 0)
(0 -2.4211219e-06 0)
(0 -1.4105265e-06 0)
(0 -1.1682576e-06 0)
(0 -2.4763527e-06 0)
(0 -2.4684617e-06 0)
(0 -7.4983208e-06 0)
(0 -3.2708771e-06 0)
(0 -7.4923129e-06 0)
(0 -2.4032317e-05 0)
(0 -1.1776376e-05 0)
(0 -2.4032998e-05 0)
(0 -4.9926414e-05 0)
(0 -2.9048633e-05 0)
(0 -5.0026282e-05 0)
(0 -2.8097533e-06 0)
(0 -1.7594722e-05 0)
(0 -2.8033812e-06 0)
(0 -1.7977423e-05 0)
(0 -1.5189341e-06 0)
(0 -3.2712651e-07 0)
(0 -3.6923847e-06 0)
(0 -1.5280397e-06 0)
(0 -3.2543616e-07 0)
(0 -8.9303964e-07 0)
(0 -6.7121518e-06 0)
(0 -6.7545984e-06 0)
(0 -3.7261784e-05 0)
(0 -3.9753388e-06 0)
(0 -1.2081492e-05 0)
(0 -3.7411934e-05 0)
(0 -3.9709056e-06 0)
(0 -2.5424947e-06 0)
(0 -2.0903248e-06 0)
(0 -3.0628626e-07 0)
(0 -4.6479411e-06 0)
(0 -2.5409271e-06 0)
(0 -2.0890854e-06 0)
(0 -3.049133e-07 0)
(0 -1.8818706e-06 0)
(0 -3.3595866e-05 0)
(0 -3.3578879e-05 0)
(0 -0.00010781354 0)
(0 -7.1295612e-06 0)
(0 -5.9335731e-05 0)
(0 -4.83931e-05 0)
(0 -0.00010779092 0)
(0 -7.0963769e-06 0)
(0 -5.9301415e-05 0)
(0 -1.4534708e-06 0)
(0 -4.4171325e-05 0)
(0 -4.4150075e-05 0)
(0 -1.7688042e-07 0)
(0 -5.7016885e-07 0)
(0 -1.6958749e-06 0)
(0 -1.760746e-07 0)
(0 -5.6983021e-07 0)
(0 -9.2086994e-05 0)
(0 -3.9983761e-05 0)
(0 -7.9844701e-06 0)
(0 -9.2070264e-05 0)
(0 -3.9957476e-05 0)
(0 -1.4603965e-06 0)
(0 -2.447833e-06 0)
(0 -1.4586002e-06 0)
(0 -8.6379755e-07 0)
(0 -1.3984798e-07 0)
(0 -8.4035743e-07 0)
(0 -1.3862579e-07 0)
(0 -3.180515e-07 0)
(0 -2.4558895e-05 0)
(0 -2.4506701e-05 0)
(0 -0.00022993259 0)
(0 -1.6397326e-05 0)
(0 -0.00019565551 0)
(0 -6.9911736e-05 0)
(0 -0.00023033212 0)
(0 -1.6390388e-05 0)
(0 -0.00019685534 0)
(0 -6.3633178e-07 0)
(0 -1.2256682e-06 0)
(0 -6.357811e-07 0)
(0 -0.00019350556 0)
(0 -0.00017151578 0)
(0 -0.0001952704 0)
(0 -0.00017305525 0)
(0 -1.9737344e-07 0)
(0 -4.1663372e-07 0)
(0 -1.9735113e-07 0)
(0 -0.00016598986 0)
(0 -0.00065825119 0)
(0 -0.00016122646 0)
(0 -0.00065222007 0)
(0 -1.5615369e-07 0)
(0 -1.5860236e-07 0)
(0 -1.5913174e-07 0)
(0 -4.2827962e-07 0)
(0 -2.0157614e-07 0)
(0 -4.2800793e-07 0)
(0 -0.00057495544 0)
(0 -0.00011887712 0)
(0 -0.00057508001 0)
(0 -0.000118681 0)
(0 -1.2677656e-06 0)
(0 -6.5440128e-07 0)
(0 -1.2679222e-06 0)
(0 -0.00013441088 0)
(0 -0.00016199519 0)
(0 -0.0001342244 0)
(0 -0.00016190756 0)
(0 -2.5493085e-06 0)
(0 -1.5119724e-06 0)
(0 -2.5541371e-06 0)
(0 -1.4487107e-07 0)
(0 -8.8297748e-07 0)
(0 -1.4454004e-07 0)
(0 -9.0358607e-07 0)
(0 -3.3557486e-07 0)
(0 -3.3755429e-07 0)
(0 -2.1326616e-05 0)
(0 -2.1270848e-05 0)
(0 -0.00016654195 0)
(0 -6.1140256e-05 0)
(0 -0.00020214987 0)
(0 -1.3591986e-05 0)
(0 -0.00016647647 0)
(0 -6.1109482e-05 0)
(0 -0.00020213032 0)
(0 -1.8079324e-06 0)
(0 -1.8933506e-07 0)
(0 -5.9985907e-07 0)
(0 -1.8155683e-06 0)
(0 -1.889177e-07 0)
(0 -3.5081818e-05 0)
(0 -7.0067355e-06 0)
(0 -8.010533e-05 0)
(0 -3.5093254e-05 0)
(0 -7.101579e-06 0)
(0 -8.2404559e-05 0)
(0 -1.5613799e-06 0)
(0 -1.5599898e-06 0)
(0 -4.0252923e-05 0)
(0 -4.0256421e-05 0)
(0 -3.2387921e-07 0)
(0 -4.9258425e-06 0)
(0 -2.6559339e-06 0)
(0 -2.2387198e-06 0)
(0 -3.2246175e-07 0)
(0 -4.9248758e-06 0)
(0 -2.6547543e-06 0)
(0 -1.9620979e-06 0)
(0 -1.9603416e-06 0)
(0 -3.0713318e-05 0)
(0 -3.0736446e-05 0)
(0 -5.4226276e-05 0)
(0 -4.4311704e-05 0)
(0 -9.9242246e-05 0)
(0 -6.478292e-06 0)
(0 -5.4262589e-05 0)
(0 -4.4343592e-05 0)
(0 -9.9266478e-05 0)
(0 -3.8087751e-06 0)
(0 -1.5571415e-06 0)
(0 -3.3539947e-07 0)
(0 -3.8079473e-06 0)
(0 -1.5539591e-06 0)
(0 -9.3108297e-07 0)
(0 -9.2754766e-07 0)
(0 -6.3189224e-06 0)
(0 -6.2967178e-06 0)
(0 -3.5493266e-06 0)
(0 -1.1247728e-05 0)
(0 -3.3797562e-05 0)
(0 -3.6091993e-06 0)
(0 -1.1233874e-05 0)
(0 -3.4297549e-05 0)
(0 -5.2679652e-07 0)
(0 -8.3088259e-06 0)
(0 -6.055083e-06 0)
(0 -2.6150169e-06 0)
(0 -5.2382926e-07 0)
(0 -8.3067545e-06 0)
(0 -6.0529275e-06 0)
(0 -5.5127659e-06 0)
(0 -3.4923695e-06 0)
(0 -5.5110017e-06 0)
(0 -3.4899277e-06 0)
(0 -2.441236e-06 0)
(0 -1.4178273e-06 0)
(0 -2.4395443e-06 0)
(0 -1.412233e-06 0)
(0 -1.1714586e-06 0)
(0 -1.166979e-06 0)
(0 -2.3943407e-06 0)
(0 -2.3859271e-06 0)
(0 -3.1680143e-06 0)
(0 -7.2129558e-06 0)
(0 -3.1587626e-06 0)
(0 -7.2040518e-06 0)
(0 -1.1325731e-05 0)
(0 -2.2969431e-05 0)
(0 -1.1314186e-05 0)
(0 -2.2961703e-05 0)
(0 -1.6872294e-05 0)
(0 -2.7721428e-05 0)
(0 -4.7400007e-05 0)
(0 -2.6544876e-06 0)
(0 -1.6849442e-05 0)
(0 -2.7712673e-05 0)
(0 -4.7394851e-05 0)
(0 -0.0009361378 0)
(0 -0.00075777249 0)
(0 -0.00091856212 0)
(0 -0.00095516962 0)
(0 -0.00095463105 0)
(0 -0.00094967334 0)
(0 -0.00095242838 0)
(0 -0.0010447379 0)
(0 -0.00097282903 0)
(0 -0.0009644507 0)
(0 -0.0010043283 0)
(0 -0.0010413835 0)
(0 -0.00095623192 0)
(0 -0.00096220898 0)
(0 -0.0010743281 0)
(0 -0.00097978584 0)
(0 -0.00096781316 0)
(0 -0.0010532777 0)
(0 -0.0010710469 0)
(0 -0.00096296614 0)
(0 -0.00096552326 0)
(0 -0.0010899447 0)
(0 -0.00098250246 0)
(0 -0.0009696138 0)
(0 -0.0010738626 0)
(0 -0.0010866665 0)
(0 -0.00096561749 0)
(0 -0.00096729842 0)
(0 -0.0010993544 0)
(0 -0.00098402327 0)
(0 -0.00097070614 0)
(0 -0.0010856611 0)
(0 -0.0010960748 0)
(0 -0.00096711004 0)
(0 -0.00096837568 0)
(0 -0.0011054674 0)
(0 -0.0009849675 0)
(0 -0.00097141932 0)
(0 -0.0010930704 0)
(0 -0.001102186 0)
(0 -0.00096803911 0)
(0 -0.00096907918 0)
(0 -0.0011096556 0)
(0 -0.00098559435 0)
(0 -0.0009719097 0)
(0 -0.0010980281 0)
(0 -0.0011063725 0)
(0 -0.00096865695 0)
(0 -0.00096956298 0)
(0 -0.0011126349 0)
(0 -0.00098603051 0)
(0 -0.00097225944 0)
(0 -0.0011014966 0)
(0 -0.0011093504 0)
(0 -0.00096908734 0)
(0 -0.00096990807 0)
(0 -0.0011148124 0)
(0 -0.00098634422 0)
(0 -0.00097251557 0)
(0 -0.0011040011 0)
(0 -0.0011115266 0)
(0 -0.00096939716 0)
(0 -0.00097016081 0)
(0 -0.0011164467 0)
(0 -0.00098657557 0)
(0 -0.00097270922 0)
(0 -0.0011058528 0)
(0 -0.0011131524 0)
(0 -0.00096962571 0)
(0 -0.00097034993 0)
(0 -0.0011180269 0)
(0 -0.00098675523 0)
(0 -0.00097298909 0)
(0 -0.0011072392 0)
(0 -0.0011141937 0)
(0 -0.00096979746 0)
(0 -0.00097042698 0)
(0 -0.00086806317 0)
(0 -0.00098745225 0)
(0 -0.00099065532 0)
(0 -0.0011058341 0)
(0 -0.0011041386 0)
(0 -0.00096972535 0)
(0 -0.00096929529 0)
(0 -0.0011196332 0)
(0 -0.00099025153 0)
(0 -0.00097308395 0)
(0 -0.0011066008 0)
(0 -0.0011158035 0)
(0 -0.00096947685 0)
(0 -0.00097066653 0)
(0 -0.0011200834 0)
(0 -0.00098707041 0)
(0 -0.00097323059 0)
(0 -0.0011096125 0)
(0 -0.0011162353 0)
(0 -0.00097008876 0)
(0 -0.00097066276 0)
(0 -0.00086952719 0)
(0 -0.00098766905 0)
(0 -0.00099122267 0)
(0 -0.0011075015 0)
(0 -0.0011054282 0)
(0 -0.00096993373 0)
(0 -0.00096914206 0)
(0 -0.00086948876 0)
(0 -0.00099124864 0)
(0 -0.00099084013 0)
(0 -0.001105333 0)
(0 -0.0011054308 0)
(0 -0.00096913959 0)
(0 -0.00096958356 0)
(0 -0.0011116832 0)
(0 -0.00099033071 0)
(0 -0.00097240672 0)
(0 -0.0011078449 0)
(0 -0.00085994542 0)
(0 -0.00097028104 0)
(0 -0.000986934 0)
(0 -0.00086760657 0)
(0 -0.00098731789 0)
(0 -0.00099044832 0)
(0 -0.0011077747 0)
(0 -0.0011056677 0)
(0 -0.00097168796 0)
(0 -0.00097118364 0)
(0 -0.00086411555 0)
(0 -0.00098964377 0)
(0 -0.00098986669 0)
(0 -0.00085653462 0)
(0 -0.00085663108 0)
(0 -0.00098609391 0)
(0 -0.00098585469 0)
(0 -0.00086631901 0)
(0 -0.00099066608 0)
(0 -0.00099023706 0)
(0 -0.0011051585 0)
(0 -0.0011049478 0)
(0 -0.00097093694 0)
(0 -0.00097114727 0)
(0 -0.0011049628 0)
(0 -0.00098896453 0)
(0 -0.00097156708 0)
(0 -0.00085668917 0)
(0 -0.00086511493 0)
(0 -0.00098623662 0)
(0 -0.00099044013 0)
(0 -0.0008662153 0)
(0 -0.00098581885 0)
(0 -0.00099036683 0)
(0 -0.0008612317 0)
(0 -0.0011034476 0)
(0 -0.00098928594 0)
(0 -0.00096984614 0)
(0 -0.0011162303 0)
(0 -0.00098997159 0)
(0 -0.00097263435 0)
(0 -0.0011044174 0)
(0 -0.0011125957 0)
(0 -0.00096938825 0)
(0 -0.00097040033 0)
(0 -0.001102083 0)
(0 -0.00098644808 0)
(0 -0.00097095817 0)
(0 -0.0011056019 0)
(0 -0.00085981064 0)
(0 -0.00097028887 0)
(0 -0.00098953868 0)
(0 -0.0010991305 0)
(0 -0.00098447643 0)
(0 -0.00097086768 0)
(0 -0.00085850768 0)
(0 -0.00085358936 0)
(0 -0.00098929776 0)
(0 -0.00098644452 0)
(0 -0.0011058354 0)
(0 -0.00098535011 0)
(0 -0.00097133681 0)
(0 -0.0010992357 0)
(0 -0.0011026833 0)
(0 -0.00097070372 0)
(0 -0.00096900923 0)
(0 -0.0010961245 0)
(0 -0.00098509653 0)
(0 -0.00097005829 0)
(0 -0.0010920384 0)
(0 -0.001092709 0)
(0 -0.00096806853 0)
(0 -0.00096770759 0)
(0 -0.0010584297 0)
(0 -0.00098316159 0)
(0 -0.00094201476 0)
(0 -0.0010748886 0)
(0 -0.0010552366 0)
(0 -0.00096622562 0)
(0 -0.00094102693 0)
(0 -0.00089548336 0)
(0 -0.00087050843 0)
(0 -0.00091140025 0)
(0 -0.00097553432 0)
(0 -0.00089533712 0)
(0 -0.00087305249 0)
(0 -0.00091124608 0)
(0 -0.00092515269 0)
(0 -0.00095608664 0)
(0 -0.00093551023 0)
(0 -0.00091592533 0)
(0 -0.00092526246 0)
(0 -0.00095682502 0)
(0 -0.00093559624 0)
(0 -0.0009426435 0)
(0 -0.00096351222 0)
(0 -0.00094649303 0)
(0 -0.00096037047 0)
(0 -0.0009426731 0)
(0 -0.00096356859 0)
(0 -0.00094649934 0)
(0 -0.00094646318 0)
(0 -0.00096065245 0)
(0 -0.00094269099 0)
(0 -0.00096352 0)
(0 -0.00094642565 0)
(0 -0.000960681 0)
(0 -0.00094263892 0)
(0 -0.00093525407 0)
(0 -0.00091933809 0)
(0 -0.00092403505 0)
(0 -0.00095720326 0)
(0 -0.00093515211 0)
(0 -0.00091963316 0)
(0 -0.00092394308 0)
(0 -2.4008613e-05 0)
(0 -1.3097022e-05 0)
(0 -1.2424202e-05 0)
(0 -2.3418621e-05 0)
(0 -2.4009071e-05 0)
(0 -1.3095011e-05 0)
(0 -1.2422547e-05 0)
(0 -2.5803606e-05 0)
(0 -6.5989082e-06 0)
(0 -6.2051128e-06 0)
(0 -2.4875481e-05 0)
(0 -2.5803887e-05 0)
(0 -6.5967627e-06 0)
(0 -6.1974457e-06 0)
(0 -2.7685615e-05 0)
(0 -5.8621471e-06 0)
(0 -4.0513777e-06 0)
(0 -2.6790591e-05 0)
(0 -2.7683154e-05 0)
(0 -5.854162e-06 0)
(0 -4.0392053e-06 0)
(0 -3.162643e-05 0)
(0 -3.9976382e-06 0)
(0 -4.44944e-06 0)
(0 -2.9359725e-05 0)
(0 -3.162326e-05 0)
(0 -3.9850609e-06 0)
(0 -4.4362169e-06 0)
(0 -3.7724378e-05 0)
(0 -4.6696931e-06 0)
(0 -5.568425e-06 0)
(0 -3.446622e-05 0)
(0 -3.7720784e-05 0)
(0 -4.6557995e-06 0)
(0 -5.5481964e-06 0)
(0 -4.8116673e-05 0)
(0 -6.1796278e-06 0)
(0 -1.1950388e-05 0)
(0 -4.2199141e-05 0)
(0 -4.8115561e-05 0)
(0 -6.1622487e-06 0)
(0 -1.1936625e-05 0)
(0 -6.2401913e-05 0)
(0 -1.3945791e-05 0)
(0 -2.016834e-05 0)
(0 -5.4980644e-05 0)
(0 -6.2404053e-05 0)
(0 -1.3933252e-05 0)
(0 -2.0163795e-05 0)
(0 -8.1761863e-05 0)
(0 -4.1689603e-05 0)
(0 -5.2486558e-05 0)
(0 -7.1233622e-05 0)
(0 -8.1768201e-05 0)
(0 -4.1689647e-05 0)
(0 -5.2489721e-05 0)
(0 -2.5040161e-06 0)
(0 -3.4056115e-06 0)
(0 -2.0220491e-06 0)
(0 -3.8334698e-06 0)
(0 -2.5035012e-06 0)
(0 -3.4055377e-06 0)
(0 -2.0216846e-06 0)
(0 -1.0160065e-06 0)
(0 -2.7864179e-06 0)
(0 -7.2954208e-07 0)
(0 -3.0631432e-06 0)
(0 -1.0156828e-06 0)
(0 -2.7864103e-06 0)
(0 -7.2928345e-07 0)
(0 -6.3656786e-07 0)
(0 -2.3368233e-06 0)
(0 -3.2935449e-07 0)
(0 -2.5403193e-06 0)
(0 -6.3679091e-07 0)
(0 -2.3365658e-06 0)
(0 -3.2862059e-07 0)
(0 -3.0383108e-07 0)
(0 -2.1865341e-06 0)
(0 -2.8856439e-07 0)
(0 -2.2233726e-06 0)
(0 -3.0301425e-07 0)
(0 -2.1862346e-06 0)
(0 -2.8782555e-07 0)
(0 -2.8896891e-07 0)
(0 -2.239374e-06 0)
(0 -3.065708e-07 0)
(0 -2.1917727e-06 0)
(0 -2.8832982e-07 0)
(0 -2.2390465e-06 0)
(0 -3.0570606e-07 0)
(0 -3.3314564e-07 0)
(0 -2.581057e-06 0)
(0 -6.4832404e-07 0)
(0 -2.3642171e-06 0)
(0 -3.3237086e-07 0)
(0 -2.5809593e-06 0)
(0 -6.4855069e-07 0)
(0 -7.4464136e-07 0)
(0 -3.135835e-06 0)
(0 -1.04332e-06 0)
(0 -2.8427351e-06 0)
(0 -7.4438381e-07 0)
(0 -3.1358777e-06 0)
(0 -1.0430988e-06 0)
(0 -2.0802374e-06 0)
(0 -3.9479978e-06 0)
(0 -2.5835071e-06 0)
(0 -3.4979239e-06 0)
(0 -2.0801619e-06 0)
(0 -3.9481924e-06 0)
(0 -2.583729e-06 0)
(0 -9.4798151e-06 0)
(0 -1.049825e-05 0)
(0 -9.3966004e-06 0)
(0 -6.9879509e-06 0)
(0 -3.2303485e-06 0)
(0 -6.9410776e-06 0)
(0 -5.4998322e-06 0)
(0 -8.4954525e-05 0)
(0 -6.6818584e-05 0)
(0 -8.524894e-05 0)
(0 -4.257935e-05 0)
(0 -6.2757804e-05 0)
(0 -2.4566689e-05 0)
(0 -6.3112893e-05 0)
(0 -4.2629442e-06 0)
(0 -2.7747856e-06 0)
(0 -6.8304698e-07 0)
(0 -6.4988019e-06 0)
(0 -4.2513849e-06 0)
(0 -2.7726479e-06 0)
(0 -6.8023171e-07 0)
(0 -9.0395399e-05 0)
(0 -9.2535659e-06 0)
(0 -4.6818421e-05 0)
(0 -4.6956803e-05 0)
(0 -9.0406833e-05 0)
(0 -9.2387882e-06 0)
(0 -4.679893e-05 0)
(0 -2.0318272e-06 0)
(0 -2.1144284e-06 0)
(0 -4.0818609e-07 0)
(0 -3.9734248e-06 0)
(0 -2.0304645e-06 0)
(0 -2.1092672e-06 0)
(0 -4.0680154e-07 0)
(0 -0.00015436766 0)
(0 -1.6562306e-05 0)
(0 -0.00010424466 0)
(0 -6.5216306e-05 0)
(0 -0.00015433926 0)
(0 -1.6508052e-05 0)
(0 -0.00010422693 0)
(0 -3.217989e-06 0)
(0 -4.0074358e-06 0)
(0 -3.1879923e-06 0)
(0 -2.9203077e-06 0)
(0 -1.1666079e-06 0)
(0 -2.9028672e-06 0)
(0 -2.0149897e-06 0)
(0 -0.00026475397 0)
(0 -8.5497149e-05 0)
(0 -0.0002479613 0)
(0 -0.00017565942 0)
(0 -0.00026482704 0)
(0 -8.5474029e-05 0)
(0 -0.00024811056 0)
(0 -4.2159614e-06 0)
(0 -3.3636436e-06 0)
(0 -4.2292876e-06 0)
(0 -2.1206638e-06 0)
(0 -3.0781468e-06 0)
(0 -1.2251238e-06 0)
(0 -3.0957356e-06 0)
(0 -0.00022189037 0)
(0 -0.0001570015 0)
(0 -0.00023848018 0)
(0 -7.5404643e-05 0)
(0 -0.00022196609 0)
(0 -0.00015732382 0)
(0 -0.00023869872 0)
(0 -4.3828827e-07 0)
(0 -4.2824034e-06 0)
(0 -2.1856234e-06 0)
(0 -2.2623006e-06 0)
(0 -4.3737503e-07 0)
(0 -4.2830503e-06 0)
(0 -2.1847925e-06 0)
(0 -0.00011150966 0)
(0 -5.9246508e-05 0)
(0 -0.00013899425 0)
(0 -1.476047e-05 0)
(0 -9.3608614e-05 0)
(0 -5.9354126e-05 0)
(0 -0.00013985311 0)
(0 -7.0474299e-07 0)
(0 -6.7051008e-06 0)
(0 -4.3814186e-06 0)
(0 -2.8800592e-06 0)
(0 -7.0242307e-07 0)
(0 -6.7042138e-06 0)
(0 -4.3804479e-06 0)
(0 -4.2705623e-05 0)
(0 -5.5380596e-05 0)
(0 -8.1824694e-05 0)
(0 -8.3975983e-06 0)
(0 -4.2819564e-05 0)
(0 -4.2851562e-05 0)
(0 -8.2267164e-05 0)
(0 -3.3087715e-06 0)
(0 -1.0792076e-05 0)
(0 -9.6914032e-06 0)
(0 -7.1729366e-06 0)
(0 -3.3049075e-06 0)
(0 -1.079191e-05 0)
(0 -9.6905606e-06 0)
(0 -5.8232928e-05 0)
(0 -6.2889209e-05 0)
(0 -7.9375699e-05 0)
(0 -2.2950955e-05 0)
(0 -5.8300312e-05 0)
(0 -6.2912126e-05 0)
(0 -7.9453522e-05 0)
(0 -0.00059652862 0)
(0 -0.00052267423 0)
(0 -0.00061072854 0)
(0 -0.00074843412 0)
(0 -0.0008387099 0)
(0 -0.00074750735 0)
(0 -0.00083668032 0)
(0 -0.00092153129 0)
(0 -0.00096576682 0)
(0 -0.00082053877 0)
(0 -0.00092862352 0)
(0 -0.00092247416 0)
(0 -0.00096229733 0)
(0 -0.00083721539 0)
(0 -0.00093339442 0)
(0 -0.00097272584 0)
(0 -0.00086461496 0)
(0 -0.00096183981 0)
(0 -0.00093102856 0)
(0 -0.00097399468 0)
(0 -0.00086756257 0)
(0 -0.00093499199 0)
(0 -0.00097510664 0)
(0 -0.00087055178 0)
(0 -0.00096300113 0)
(0 -0.00093567668 0)
(0 -0.0009748007 0)
(0 -0.00086953754 0)
(0 -0.00092441534 0)
(0 -0.00097060605 0)
(0 -0.00086036505 0)
(0 -0.00094953196 0)
(0 -0.00092799471 0)
(0 -0.0009666854 0)
(0 -0.00085231019 0)
(0 -0.00035730243 0)
(0 -0.00086586582 0)
(0 -0.00035723301 0)
(0 -0.00096888305 0)
(0 -0.00070539367 0)
(0 -0.00096850939 0)
(0 -0.00070444551 0)
(0 -0.0009805658 0)
(0 -0.00073736996 0)
(0 -0.00078391152 0)
(0 -0.00097335058 0)
(0 -0.00098014853 0)
(0 -0.00073638273 0)
(0 -0.00078288744 0)
(0 -0.00098436929 0)
(0 -0.00079421747 0)
(0 -0.00081146282 0)
(0 -0.00098147287 0)
(0 -0.00098393414 0)
(0 -0.00079319061 0)
(0 -0.00081042822 0)
(0 -0.00098638646 0)
(0 -0.00081688884 0)
(0 -0.00082636134 0)
(0 -0.00098459777 0)
(0 -0.00098594155 0)
(0 -0.00081585546 0)
(0 -0.00082532649 0)
(0 -0.00098759983 0)
(0 -0.00082956888 0)
(0 -0.00083533812 0)
(0 -0.00098633133 0)
(0 -0.00098714899 0)
(0 -0.0008285353 0)
(0 -0.00083430436 0)
(0 -0.00098838743 0)
(0 -0.00083739246 0)
(0 -0.00084117076 0)
(0 -0.00098739758 0)
(0 -0.00098793271 0)
(0 -0.00083635969 0)
(0 -0.00084013814 0)
(0 -0.00098892692 0)
(0 -0.00084256384 0)
(0 -0.00084516806 0)
(0 -0.00098810083 0)
(0 -0.00098846952 0)
(0 -0.000841532 0)
(0 -0.00084413646 0)
(0 -0.00098931071 0)
(0 -0.00084615189 0)
(0 -0.00084801261 0)
(0 -0.00098858804 0)
(0 -0.0009888514 0)
(0 -0.00084512088 0)
(0 -0.00084698183 0)
(0 -0.00098959095 0)
(0 -0.0008487275 0)
(0 -0.00085009016 0)
(0 -0.00098893742 0)
(0 -0.00098913025 0)
(0 -0.00084769717 0)
(0 -0.00084906004 0)
(0 -0.00098979901 0)
(0 -0.00085061953 0)
(0 -0.00085163282 0)
(0 -0.00098919389 0)
(0 -0.00098933726 0)
(0 -0.00084958976 0)
(0 -0.00085060322 0)
(0 -0.00098995464 0)
(0 -0.00085202884 0)
(0 -0.00085278708 0)
(0 -0.00098938484 0)
(0 -0.00098949212 0)
(0 -0.0008509995 0)
(0 -0.00085175788 0)
(0 -0.00099007077 0)
(0 -0.00085308362 0)
(0 -0.00085364868 0)
(0 -0.00098952773 0)
(0 -0.00098960767 0)
(0 -0.00085205462 0)
(0 -0.0008526198 0)
(0 -0.00099015601 0)
(0 -0.00085386829 0)
(0 -0.0008542815 0)
(0 -0.00098963404 0)
(0 -0.00098969249 0)
(0 -0.00085283956 0)
(0 -0.00085325285 0)
(0 -0.00099021613 0)
(0 -0.00085443935 0)
(0 -0.0008547283 0)
(0 -0.00098971143 0)
(0 -0.00098975231 0)
(0 -0.00085341082 0)
(0 -0.00085369983 0)
(0 -0.00099025486 0)
(0 -0.00085483441 0)
(0 -0.0008550169 0)
(0 -0.00098976504 0)
(0 -0.00098979085 0)
(0 -0.00085380602 0)
(0 -0.00085398854 0)
(0 -0.00099027442 0)
(0 -0.00085507749 0)
(0 -0.00085516374 0)
(0 -0.00098979812 0)
(0 -0.00098981032 0)
(0 -0.00085404918 0)
(0 -0.00085413545 0)
(0 -0.00099027571 0)
(0 -0.00085518193 0)
(0 -0.00085517569 0)
(0 -0.0009898125 0)
(0 -0.00098981161 0)
(0 -0.00085415365 0)
(0 -0.00085414741 0)
(0 -0.0009902584 0)
(0 -0.00085515178 0)
(0 -0.00085505048 0)
(0 -0.00098980874 0)
(0 -0.0009897944 0)
(0 -0.00085412348 0)
(0 -0.00085402216 0)
(0 -0.0009902208 0)
(0 -0.00085498182 0)
(0 -0.00085477585 0)
(0 -0.00098978615 0)
(0 -0.00098975701 0)
(0 -0.00085395345 0)
(0 -0.00085374744 0)
(0 -0.00099015951 0)
(0 -0.0008546563 0)
(0 -0.00085432699 0)
(0 -0.00098974265 0)
(0 -0.00098969605 0)
(0 -0.0008536278 0)
(0 -0.00085329843 0)
(0 -0.00099006867 0)
(0 -0.00085414562 0)
(0 -0.00085366124 0)
(0 -0.00098967425 0)
(0 -0.0009896057 0)
(0 -0.00085311694 0)
(0 -0.00085263246 0)
(0 -0.0009899386 0)
(0 -0.00085339997 0)
(0 -0.00085270792 0)
(0 -0.00098957428 0)
(0 -0.00098947633 0)
(0 -0.00085237102 0)
(0 -0.00085167884 0)
(0 -0.00098975288 0)
(0 -0.00085233676 0)
(0 -0.00085134774 0)
(0 -0.00098943163 0)
(0 -0.00098929161 0)
(0 -0.00085130743 0)
(0 -0.00085031825 0)
(0 -0.00098948221 0)
(0 -0.00085081499 0)
(0 -0.0008493681 0)
(0 -0.00098922735 0)
(0 -0.0009890224 0)
(0 -0.00084978517 0)
(0 -0.00084833808 0)
(0 -0.00098906888 0)
(0 -0.00084857818 0)
(0 -0.00084635321 0)
(0 -0.00098892683 0)
(0 -0.00098861133 0)
(0 -0.00084754767 0)
(0 -0.00084532246 0)
(0 -0.00098837863 0)
(0 -0.00084510798 0)
(0 -0.00084134855 0)
(0 -0.0009884597 0)
(0 -0.00098792494 0)
(0 -0.00084407667 0)
(0 -0.0008403175 0)
(0 -0.0009869352 0)
(0 -0.00083914635 0)
(0 -0.00083106957 0)
(0 -0.00098765204 0)
(0 -0.0009864886 0)
(0 -0.00083811461 0)
(0 -0.00083003839 0)
(0 -0.00096158008 0)
(0 -0.00082550357 0)
(0 -0.00078282358 0)
(0 -0.0009856521 0)
(0 -0.00096043387 0)
(0 -0.00082447228 0)
(0 -0.00078211701 0)
(0 -0.00090789403 0)
(0 -0.00096924812 0)
(0 -0.00089090425 0)
(0 -0.00087879686 0)
(0 -0.00090782845 0)
(0 -0.00096951199 0)
(0 -0.00089091799 0)
(0 -0.00044790042 0)
(0 -0.0005144952 0)
(0 -0.00044780196 0)
(0 -0.00078800064 0)
(0 -0.00070028302 0)
(0 -0.00078804256 0)
(0 -0.00070035166 0)
(0 -1.2545727e-05 0)
(0 -1.3264844e-05 0)
(0 -1.2544226e-05 0)
(0 -2.3699929e-05 0)
(0 -2.4225974e-05 0)
(0 -2.369983e-05 0)
(0 -2.4225602e-05 0)
(0 -6.2189428e-06 0)
(0 -6.6491892e-06 0)
(0 -6.2109909e-06 0)
(0 -2.5026876e-05 0)
(0 -2.5881352e-05 0)
(0 -2.50266e-05 0)
(0 -2.5880738e-05 0)
(0 -4.0314713e-06 0)
(0 -5.8563484e-06 0)
(0 -4.0193257e-06 0)
(0 -2.678691e-05 0)
(0 -2.7593575e-05 0)
(0 -2.6784964e-05 0)
(0 -2.7589662e-05 0)
(0 -4.3930393e-06 0)
(0 -3.9574875e-06 0)
(0 -4.3799032e-06 0)
(0 -2.9171479e-05 0)
(0 -3.1319722e-05 0)
(0 -2.9166669e-05 0)
(0 -3.1314615e-05 0)
(0 -5.4586266e-06 0)
(0 -4.5890759e-06 0)
(0 -5.440097e-06 0)
(0 -3.402725e-05 0)
(0 -3.7122249e-05 0)
(0 -3.4021631e-05 0)
(0 -3.7115964e-05 0)
(0 -1.1613043e-05 0)
(0 -6.0283689e-06 0)
(0 -1.1598634e-05 0)
(0 -4.1399304e-05 0)
(0 -4.7049197e-05 0)
(0 -4.1392939e-05 0)
(0 -4.7044905e-05 0)
(0 -1.9447246e-05 0)
(0 -1.3512376e-05 0)
(0 -1.9440983e-05 0)
(0 -5.3595718e-05 0)
(0 -6.0640117e-05 0)
(0 -5.3593515e-05 0)
(0 -6.0638541e-05 0)
(0 -5.0373048e-05 0)
(0 -4.0143019e-05 0)
(0 -5.0370656e-05 0)
(0 -6.8992207e-05 0)
(0 -7.8959767e-05 0)
(0 -6.8989267e-05 0)
(0 -7.8957452e-05 0)
(0 -3.4619413e-06 0)
(0 -6.094608e-07 0)
(0 -1.8585645e-06 0)
(0 -9.8923649e-07 0)
(0 -2.1959342e-06 0)
(0 -1.2115938e-06 0)
(0 -2.7846444e-06 0)
(0 -1.732779e-06 0)
(0 -4.1099318e-06 0)
(0 -4.1521154e-06 0)
(0 -1.1057208e-06 0)
(0 -4.9718502e-06 0)
(0 -1.2912173e-06 0)
(0 -1.493511e-06 0)
(0 -6.9770577e-07 0)
(0 -1.1531106e-06 0)
(0 -1.3396316e-06 0)
(0 -6.0344902e-07 0)
(0 -2.867438e-06 0)
(0 -1.8031953e-06 0)
(0 -6.0075666e-07 0)
(0 -2.0513398e-06 0)
(0 -7.0759471e-07 0)
(0 -1.534331e-06 0)
(0 -1.5731661e-06 0)
(0 -1.7389814e-06 0)
(0 -1.2636871e-06 0)
(0 -6.9331448e-07 0)
(0 -7.4913681e-07 0)
(0 -2.6752879e-06 0)
(0 -1.2997186e-06 0)
(0 -1.4043475e-06 0)
(0 -3.5752253e-06 0)
(0 -4.0307809e-06 0)
(0 -4.4876746e-06 0)
(0 -8.9136908e-06 0)
(0 -5.105427e-06 0)
(0 -1.9144401e-06 0)
(0 -5.8494953e-06 0)
(0 -2.2631056e-06 0)
(0 -6.6516771e-06 0)
(0 -1.4047423e-05 0)
(0 -1.52788e-05 0)
(0 -3.9184292e-06 0)
(0 -1.8366743e-05 0)
(0 -4.5843366e-06 0)
(0 -5.7205543e-06 0)
(0 -3.0257075e-06 0)
(0 -5.5868214e-06 0)
(0 -6.510249e-06 0)
(0 -2.6095541e-06 0)
(0 -1.9996536e-05 0)
(0 -3.3317599e-06 0)
(0 -9.7508537e-06 0)
(0 -6.0444285e-06 0)
(0 -1.1545582e-05 0)
(0 -7.3103854e-06 0)
(0 -1.6146946e-05 0)
(0 -1.046769e-06 0)
(0 -1.9434977e-06 0)
(0 -2.378168e-06 0)
(0 -4.2999971e-07 0)
(0 -3.0543336e-06 0)
(0 -5.3740403e-07 0)
(0 -8.5488312e-07 0)
(0 -5.7265683e-07 0)
(0 -3.8474512e-07 0)
(0 -1.1363114e-06 0)
(0 -1.3492628e-06 0)
(0 -4.7875946e-07 0)
(0 -1.1380368e-06 0)
(0 -4.5446586e-07 0)
(0 -5.7152302e-07 0)
(0 -8.158591e-06 0)
(0 -3.1203302e-06 0)
(0 -3.7877262e-06 0)
(0 -9.470122e-06 0)
(0 -1.4640283e-05 0)
(0 -2.0437576e-05 0)
(0 -3.5596383e-06 0)
(0 -2.5476026e-05 0)
(0 -4.2944731e-06 0)
(0 -7.8644039e-06 0)
(0 -5.9354669e-06 0)
(0 -4.6813038e-06 0)
(0 -1.3022113e-05 0)
(0 -1.5410121e-05 0)
(0 -4.9921865e-06 0)
(0 -2.0265263e-06 0)
(0 -3.6777672e-07 0)
(0 -8.8601627e-07 0)
(0 -8.2824541e-07 0)
(0 -1.0752545e-06 0)
(0 -1.0055647e-06 0)
(0 -1.6133074e-06 0)
(0 -4.2742221e-07 0)
(0 -2.3574151e-06 0)
(0 -1.0699658e-06 0)
(0 -9.5668441e-07 0)
(0 -1.2876166e-06 0)
(0 -1.1588924e-06 0)
(0 -3.5673379e-07 0)
(0 -4.1567543e-07 0)
(0 -4.941012e-07 0)
(0 -3.2756109e-07 0)
(0 -3.9457225e-07 0)
(0 -6.3684794e-06 0)
(0 -7.5654106e-06 0)
(0 -7.5493456e-06 0)
(0 -4.2082968e-05 0)
(0 -1.7711829e-05 0)
(0 -1.8213707e-05 0)
(0 -2.1320292e-05 0)
(0 -2.2045556e-05 0)
(0 -6.3026447e-06 0)
(0 -6.6457305e-06 0)
(0 -7.9990038e-06 0)
(0 -4.7079942e-05 0)
(0 -8.548832e-06 0)
(0 -1.926627e-05 0)
(0 -2.0663133e-05 0)
(0 -2.3369997e-05 0)
(0 -2.5044804e-05 0)
(0 -3.748374e-05 0)
(0 -3.2674089e-07 0)
(0 -1.8214241e-06 0)
(0 -7.8433574e-07 0)
(0 -7.6903031e-07 0)
(0 -9.5023859e-07 0)
(0 -9.2644965e-07 0)
(0 -2.7249901e-07 0)
(0 -2.8591321e-07 0)
(0 -3.4457479e-07 0)
(0 -2.7790088e-07 0)
(0 -3.3069856e-07 0)
(0 -7.6642065e-06 0)
(0 -9.2168105e-06 0)
(0 -1.0055265e-05 0)
(0 -5.5302597e-05 0)
(0 -2.2449539e-05 0)
(0 -2.5321775e-05 0)
(0 -2.715465e-05 0)
(0 -3.0430493e-05 0)
(0 -8.4073845e-06 0)
(0 -9.9338692e-06 0)
(0 -1.1779734e-05 0)
(0 -2.7055551e-07 0)
(0 -2.0813016e-07 0)
(0 -5.8189361e-07 0)
(0 -6.9090152e-07 0)
(0 -2.2623594e-07 0)
(0 -4.443144e-07 0)
(0 -7.2732093e-07 0)
(0 -9.4640496e-07 0)
(0 -1.6669828e-07 0)
(0 -1.2213534e-06 0)
(0 -2.0878108e-07 0)
(0 -3.6243508e-07 0)
(0 -1.4211168e-05 0)
(0 -9.4133206e-06 0)
(0 -2.8060183e-05 0)
(0 -3.3218027e-05 0)
(0 -1.1932926e-05 0)
(0 -2.6044458e-05 0)
(0 -4.8293201e-05 0)
(0 -6.0261611e-05 0)
(0 -1.1100252e-05 0)
(0 -7.5305226e-05 0)
(0 -1.3357749e-05 0)
(0 -2.1596992e-05 0)
(0 -9.9381462e-07 0)
(0 -1.6691816e-07 0)
(0 -4.8567815e-07 0)
(0 -2.9393018e-07 0)
(0 -3.6190897e-07 0)
(0 -5.8229454e-07 0)
(0 -7.9303946e-07 0)
(0 -4.0484345e-07 0)
(0 -1.485163e-07 0)
(0 -1.8700209e-07 0)
(0 -2.945656e-05 0)
(0 -1.298178e-05 0)
(0 -1.5665154e-05 0)
(0 -0.00010344192 0)
(0 -1.9084533e-05 0)
(0 -2.9608917e-05 0)
(0 -6.061065e-05 0)
(0 -3.5456723e-05 0)
(0 -7.0232276e-05 0)
(0 -8.4417699e-05 0)
(0 -3.5939839e-07 0)
(0 -7.8082618e-07 0)
(0 -8.0925074e-07 0)
(0 -2.1003645e-07 0)
(0 -1.0035562e-06 0)
(0 -2.5222964e-07 0)
(0 -3.0159576e-07 0)
(0 -1.58647e-07 0)
(0 -2.8179965e-07 0)
(0 -3.3343431e-07 0)
(0 -1.3407071e-07 0)
(0 -2.6239888e-05 0)
(0 -4.0234949e-05 0)
(0 -4.576369e-05 0)
(0 -2.322165e-05 0)
(0 -7.3501895e-05 0)
(0 -0.00019902201 0)
(0 -0.00018230649 0)
(0 -5.4572831e-05 0)
(0 -6.1885218e-05 0)
(0 -0.00021188076 0)
(0 -6.4969262e-05 0)
(0 -5.051143e-07 0)
(0 -2.9063182e-07 0)
(0 -1.055823e-07 0)
(0 -3.3936647e-07 0)
(0 -1.2736765e-07 0)
(0 -2.2249546e-07 0)
(0 -2.3533772e-07 0)
(0 -2.6861858e-07 0)
(0 -0.00066116978 0)
(0 -0.0002480506 0)
(0 -0.00025164814 0)
(0 -0.00018241805 0)
(0 -3.84428e-05 0)
(0 -0.00015600045 0)
(0 -4.3453136e-05 0)
(0 -0.00017442649 0)
(0 -0.0006629484 0)
(0 -0.00023881924 0)
(0 -0.0002514118 0)
(0 -1.753893e-07 0)
(0 -8.7211863e-08 0)
(0 -9.7942143e-08 0)
(0 -1.7874427e-07 0)
(0 -8.8667833e-08 0)
(0 -9.9576191e-08 0)
(0 -2.2727907e-07 0)
(0 -2.4088048e-07 0)
(0 -2.7498242e-07 0)
(0 -5.1892645e-07 0)
(0 -2.9801518e-07 0)
(0 -1.085328e-07 0)
(0 -3.4804173e-07 0)
(0 -1.3093075e-07 0)
(0 -0.00057683791 0)
(0 -0.00015858421 0)
(0 -0.00016254584 0)
(0 -0.00013407054 0)
(0 -0.00011591267 0)
(0 -2.7346905e-05 0)
(0 -3.0921764e-05 0)
(0 -0.0001240996 0)
(0 -3.7058069e-07 0)
(0 -8.0369562e-07 0)
(0 -8.3410678e-07 0)
(0 -2.1641625e-07 0)
(0 -1.0343275e-06 0)
(0 -2.5986895e-07 0)
(0 -3.1100362e-07 0)
(0 -1.6401211e-07 0)
(0 -2.9237177e-07 0)
(0 -3.4549499e-07 0)
(0 -1.3866968e-07 0)
(0 -5.68646e-05 0)
(0 -0.00015470977 0)
(0 -4.0201261e-05 0)
(0 -0.00014495116 0)
(0 -4.5799246e-05 0)
(0 -0.00016883188 0)
(0 -5.0013612e-05 0)
(0 -2.085715e-05 0)
(0 -3.2378772e-05 0)
(0 -3.7182442e-05 0)
(0 -1.8329708e-05 0)
(0 -1.0318218e-06 0)
(0 -1.731166e-07 0)
(0 -5.0523724e-07 0)
(0 -3.0846941e-07 0)
(0 -6.041513e-07 0)
(0 -3.7456583e-07 0)
(0 -8.2879424e-07 0)
(0 -4.0821628e-07 0)
(0 -1.5725036e-07 0)
(0 -1.9127172e-07 0)
(0 -2.5658708e-05 0)
(0 -1.1196462e-05 0)
(0 -1.3551563e-05 0)
(0 -8.8625097e-05 0)
(0 -1.5984812e-05 0)
(0 -5.0214106e-05 0)
(0 -2.5116243e-05 0)
(0 -5.8707e-05 0)
(0 -3.0230281e-05 0)
(0 -7.2243757e-05 0)
(0 -4.647211e-07 0)
(0 -7.2763361e-07 0)
(0 -1.7573621e-07 0)
(0 -1.0059989e-06 0)
(0 -2.1222325e-07 0)
(0 -1.2551179e-06 0)
(0 -3.8537108e-07 0)
(0 -2.8785946e-07 0)
(0 -2.2310751e-07 0)
(0 -6.2356783e-07 0)
(0 -7.3932227e-07 0)
(0 -2.4162832e-07 0)
(0 -2.3065715e-05 0)
(0 -4.2517722e-05 0)
(0 -9.75228e-06 0)
(0 -5.3623741e-05 0)
(0 -1.1770415e-05 0)
(0 -6.6862642e-05 0)
(0 -1.908927e-05 0)
(0 -1.2688256e-05 0)
(0 -8.4296393e-06 0)
(0 -2.4943415e-05 0)
(0 -2.9706811e-05 0)
(0 -1.060842e-05 0)
(0 -2.9880793e-07 0)
(0 -3.555893e-07 0)
(0 -3.5042744e-07 0)
(0 -1.9549843e-06 0)
(0 -8.2624265e-07 0)
(0 -8.3896349e-07 0)
(0 -9.954521e-07 0)
(0 -1.0165287e-06 0)
(0 -2.9221803e-07 0)
(0 -3.04569e-07 0)
(0 -3.6707543e-07 0)
(0 -8.9577517e-06 0)
(0 -1.0687974e-05 0)
(0 -6.9711156e-06 0)
(0 -8.4116916e-06 0)
(0 -9.1479434e-06 0)
(0 -5.0428179e-05 0)
(0 -2.2897733e-05 0)
(0 -2.0392037e-05 0)
(0 -2.7616486e-05 0)
(0 -2.4727684e-05 0)
(0 -7.6191771e-06 0)
(0 -2.1455421e-06 0)
(0 -3.8900632e-07 0)
(0 -8.8001552e-07 0)
(0 -9.3344308e-07 0)
(0 -1.0685557e-06 0)
(0 -1.1329888e-06 0)
(0 -1.7078702e-06 0)
(0 -3.4365944e-07 0)
(0 -4.1404051e-07 0)
(0 -4.4527593e-07 0)
(0 -2.4558579e-06 0)
(0 -9.9992263e-07 0)
(0 -1.1112025e-06 0)
(0 -1.2114322e-06 0)
(0 -1.3374014e-06 0)
(0 -3.7157639e-07 0)
(0 -4.306185e-07 0)
(0 -5.1191841e-07 0)
(0 -6.0691735e-06 0)
(0 -7.3277325e-06 0)
(0 -5.7956248e-06 0)
(0 -6.9141596e-06 0)
(0 -6.9023713e-06 0)
(0 -3.8530033e-05 0)
(0 -1.6619683e-05 0)
(0 -1.6134775e-05 0)
(0 -2.0158901e-05 0)
(0 -1.9472159e-05 0)
(0 -5.7462218e-06 0)
(0 -4.3218882e-05 0)
(0 -7.8282182e-06 0)
(0 -1.8842555e-05 0)
(0 -1.7603127e-05 0)
(0 -2.2899895e-05 0)
(0 -2.1401675e-05 0)
(0 -3.4397753e-05 0)
(0 -5.8528583e-07 0)
(0 -3.9618311e-07 0)
(0 -1.1699754e-06 0)
(0 -1.3874742e-06 0)
(0 -4.9111721e-07 0)
(0 -1.04913e-06 0)
(0 -1.8811091e-06 0)
(0 -4.3620664e-07 0)
(0 -2.412631e-06 0)
(0 -5.2564847e-07 0)
(0 -3.010981e-06 0)
(0 -8.6992065e-07 0)
(0 -1.117671e-06 0)
(0 -4.7264824e-07 0)
(0 -5.7241832e-07 0)
(0 -7.6049498e-06 0)
(0 -2.9223897e-06 0)
(0 -3.5499854e-06 0)
(0 -5.472663e-06 0)
(0 -4.2844827e-06 0)
(0 -1.1865221e-05 0)
(0 -1.4143677e-05 0)
(0 -4.568274e-06 0)
(0 -8.7662047e-06 0)
(0 -1.3633067e-05 0)
(0 -3.2939996e-06 0)
(0 -1.8929403e-05 0)
(0 -3.9813406e-06 0)
(0 -2.3664465e-05 0)
(0 -7.2450778e-06 0)
(0 -3.5238812e-06 0)
(0 -6.1977387e-07 0)
(0 -1.0186139e-06 0)
(0 -1.8953728e-06 0)
(0 -1.2292729e-06 0)
(0 -2.2344501e-06 0)
(0 -2.8533e-06 0)
(0 -7.0786789e-07 0)
(0 -1.1727775e-06 0)
(0 -1.3615104e-06 0)
(0 -6.1212359e-07 0)
(0 -1.7545161e-06 0)
(0 -4.1518769e-06 0)
(0 -1.117092e-06 0)
(0 -4.198418e-06 0)
(0 -1.3051433e-06 0)
(0 -5.029977e-06 0)
(0 -1.5114678e-06 0)
(0 -2.8907856e-06 0)
(0 -6.0570935e-07 0)
(0 -1.8133913e-06 0)
(0 -7.1381113e-07 0)
(0 -2.0640756e-06 0)
(0 -1.537306e-06 0)
(0 -1.5784219e-06 0)
(0 -1.7459053e-06 0)
(0 -1.2633164e-06 0)
(0 -6.907869e-07 0)
(0 -7.4706933e-07 0)
(0 -2.5891193e-06 0)
(0 -1.258361e-06 0)
(0 -1.3615895e-06 0)
(0 -3.4562087e-06 0)
(0 -3.8861377e-06 0)
(0 -4.3302737e-06 0)
(0 -8.5783761e-06 0)
(0 -1.8390369e-06 0)
(0 -4.9152554e-06 0)
(0 -2.176379e-06 0)
(0 -5.63599e-06 0)
(0 -2.8904083e-06 0)
(0 -5.313624e-06 0)
(0 -6.2030005e-06 0)
(0 -2.4879885e-06 0)
(0 -6.3803432e-06 0)
(0 -1.351025e-05 0)
(0 -3.7568072e-06 0)
(0 -1.4648626e-05 0)
(0 -4.4018746e-06 0)
(0 -1.7635075e-05 0)
(0 -5.4767371e-06 0)
(0 -1.8963389e-05 0)
(0 -3.1590303e-06 0)
(0 -5.7027976e-06 0)
(0 -9.2593382e-06 0)
(0 -6.9058639e-06 0)
(0 -1.0978755e-05 0)
(0 -1.5300472e-05 0)
(0 -0.00089136108 0)
(0 -0.00094542189 0)
(0 -0.00071025992 0)
(0 -0.00095037989 0)
(0 -0.00073461212 0)
(0 -0.00096727883 0)
(0 -0.00083898983 0)
(0 -0.00092336678 0)
(0 -0.00095230433 0)
(0 -0.00065349373 0)
(0 -0.00093532483 0)
(0 -0.00075640326 0)
(0 -0.00097507391 0)
(0 -0.00078070835 0)
(0 -0.00098007325 0)
(0 -0.00099705477 0)
(0 -0.00095001525 0)
(0 -0.00084415207 0)
(0 -0.00099903985 0)
(0 -0.00099148392 0)
(0 -0.00082942102 0)
(0 -0.00098094843 0)
(0 -0.00099763827 0)
(0 -0.00094776913 0)
(0 -0.00083672058 0)
(0 -0.001000792 0)
(0 -0.00099176016 0)
(0 -0.00082144163 0)
(0 -0.00098756784 0)
(0 -0.00099284417 0)
(0 -0.0009116636 0)
(0 -0.00097609529 0)
(0 -0.00097835016 0)
(0 -0.00099572243 0)
(0 -0.0009209373 0)
(0 -0.001032076 0)
(0 -0.0010083888 0)
(0 -0.00087573811 0)
(0 -0.00096403094 0)
(0 -0.0010365508 0)
(0 -0.0010070445 0)
(0 -0.00087334509 0)
(0 -0.0010171812 0)
(0 -0.001000138 0)
(0 -0.00084945345 0)
(0 -0.00095868944 0)
(0 -0.0010097373 0)
(0 -0.0010025105 0)
(0 -0.00085650854 0)
(0 -0.0010336416 0)
(0 -0.0010089377 0)
(0 -0.00086830881 0)
(0 -0.0009614863 0)
(0 -0.0010383031 0)
(0 -0.0010075262 0)
(0 -0.00086551652 0)
(0 -0.0010071488 0)
(0 -0.001000781 0)
(0 -0.00093401061 0)
(0 -0.00098139132 0)
(0 -0.0010041299 0)
(0 -0.0010017476 0)
(0 -0.00093789281 0)
(0 -0.0010472179 0)
(0 -0.0010123057 0)
(0 -0.00088657092 0)
(0 -0.0009680115 0)
(0 -0.0010495419 0)
(0 -0.0010116478 0)
(0 -0.00088601811 0)
(0 -0.0010377981 0)
(0 -0.0010079853 0)
(0 -0.00087106964 0)
(0 -0.0009640446 0)
(0 -0.0010356318 0)
(0 -0.0010087109 0)
(0 -0.00087381936 0)
(0 -0.0010489037 0)
(0 -0.0010128273 0)
(0 -0.00087903289 0)
(0 -0.00096544962 0)
(0 -0.0010512273 0)
(0 -0.0010121495 0)
(0 -0.00087822485 0)
(0 -0.0010157648 0)
(0 -0.0010038777 0)
(0 -0.00094274368 0)
(0 -0.00098372551 0)
(0 -0.0010142014 0)
(0 -0.0010043967 0)
(0 -0.00094537602 0)
(0 -0.0010548804 0)
(0 -0.0010144104 0)
(0 -0.00089237516 0)
(0 -0.00097001076 0)
(0 -0.0010565317 0)
(0 -0.0010139686 0)
(0 -0.00089240456 0)
(0 -0.001046824 0)
(0 -0.0010110877 0)
(0 -0.0008796091 0)
(0 -0.00096638088 0)
(0 -0.0010459013 0)
(0 -0.0010114257 0)
(0 -0.00088137096 0)
(0 -0.0010565929 0)
(0 -0.0010149185 0)
(0 -0.00088478163 0)
(0 -0.00096742817 0)
(0 -0.0010581854 0)
(0 -0.001014471 0)
(0 -0.00088459022 0)
(0 -0.0010207548 0)
(0 -0.0010056127 0)
(0 -0.00094763441 0)
(0 -0.00098507819 0)
(0 -0.0010198459 0)
(0 -0.0010059306 0)
(0 -0.00094971336 0)
(0 -0.001059454 0)
(0 -0.0010156867 0)
(0 -0.00089589493 0)
(0 -0.00097120406 0)
(0 -0.0010607691 0)
(0 -0.0010153532 0)
(0 -0.00089621773 0)
(0 -0.0010520467 0)
(0 -0.0010128334 0)
(0 -0.00088442051 0)
(0 -0.00096773304 0)
(0 -0.0010516855 0)
(0 -0.0010129966 0)
(0 -0.00088574079 0)
(0 -0.0010611786 0)
(0 -0.0010161869 0)
(0 -0.00088826898 0)
(0 -0.00096860788 0)
(0 -0.001062405 0)
(0 -0.001015855 0)
(0 -0.00088838692 0)
(0 -0.0010239102 0)
(0 -0.0010066897 0)
(0 -0.00095067121 0)
(0 -0.00098593413 0)
(0 -0.0010233501 0)
(0 -0.0010069006 0)
(0 -0.00095245772 0)
(0 -0.001062406 0)
(0 -0.0010165196 0)
(0 -0.00089819236 0)
(0 -0.00097197437 0)
(0 -0.0010635343 0)
(0 -0.0010162467 0)
(0 -0.00089867978 0)
(0 -0.0010553458 0)
(0 -0.001013919 0)
(0 -0.00088741638 0)
(0 -0.00096858747 0)
(0 -0.0010552841 0)
(0 -0.001013989 0)
(0 -0.00088850135 0)
(0 -0.001064137 0)
(0 -0.0010170149 0)
(0 -0.00089054573 0)
(0 -0.00096936887 0)
(0 -0.0010651591 0)
(0 -0.0010167476 0)
(0 -0.00089083674 0)
(0 -0.0010260321 0)
(0 -0.0010074045 0)
(0 -0.00095268742 0)
(0 -0.00098650998 0)
(0 -0.0010256762 0)
(0 -0.001007553 0)
(0 -0.00095430391 0)
(0 -0.0010644197 0)
(0 -0.0010170923 0)
(0 -0.00089977176 0)
(0 -0.00097249984 0)
(0 -0.001065435 0)
(0 -0.001016856 0)
(0 -0.00090035955 0)
(0 -0.0010575625 0)
(0 -0.0010146404 0)
(0 -0.00088940915 0)
(0 -0.00096916176 0)
(0 -0.0010576763 0)
(0 -0.001014656 0)
(0 -0.00089035641 0)
(0 -0.0010661542 0)
(0 -0.0010175841 0)
(0 -0.00089211116 0)
(0 -0.00096988775 0)
(0 -0.0010670524 0)
(0 -0.0010173561 0)
(0 -0.00089250743 0)
(0 -0.0010275219 0)
(0 -0.0010079018 0)
(0 -0.00095409034 0)
(0 -0.00098691441 0)
(0 -0.0010272945 0)
(0 -0.001008011 0)
(0 -0.00095560047 0)
(0 -0.0010658476 0)
(0 -0.0010175006 0)
(0 -0.00090089801 0)
(0 -0.0009728725 0)
(0 -0.0010667901 0)
(0 -0.001017288 0)
(0 -0.00090155094 0)
(0 -0.001059118 0)
(0 -0.0010151427 0)
(0 -0.00089079756 0)
(0 -0.00096956481 0)
(0 -0.0010593422 0)
(0 -0.001015124 0)
(0 -0.00089165816 0)
(0 -0.0010675844 0)
(0 -0.0010179901 0)
(0 -0.00089322756 0)
(0 -0.00097025562 0)
(0 -0.0010684025 0)
(0 -0.0010177875 0)
(0 -0.00089369203 0)
(0 -0.0010286004 0)
(0 -0.0010082595 0)
(0 -0.00095509944 0)
(0 -0.00098720726 0)
(0 -0.0010284585 0)
(0 -0.0010083425 0)
(0 -0.00095653928 0)
(0 -0.0010668888 0)
(0 -0.0010177995 0)
(0 -0.00090172275 0)
(0 -0.00097314427 0)
(0 -0.0010677822 0)
(0 -0.001017603 0)
(0 -0.00090241986 0)
(0 -0.0010602436 0)
(0 -0.0010155042 0)
(0 -0.00089179713 0)
(0 -0.00096985652 0)
(0 -0.0010605413 0)
(0 -0.0010154627 0)
(0 -0.00089260017 0)
(0 -0.001068627 0)
(0 -0.0010182873 0)
(0 -0.00089404511 0)
(0 -0.00097052382 0)
(0 -0.0010693909 0)
(0 -0.001018102 0)
(0 -0.00089455576 0)
(0 -0.0010294003 0)
(0 -0.0010085232 0)
(0 -0.00095584362 0)
(0 -0.00098742461 0)
(0 -0.0010293166 0)
(0 -0.0010085884 0)
(0 -0.00095723603 0)
(0 -0.001067667 0)
(0 -0.0010180245 0)
(0 -0.00090234577 0)
(0 -0.00097334772 0)
(0 -0.0010685287 0)
(0 -0.0010178384 0)
(0 -0.00090307037 0)
(0 -0.0010610775 0)
(0 -0.0010157707 0)
(0 -0.00089253455 0)
(0 -0.00097007265 0)
(0 -0.0010614255 0)
(0 -0.0010157137 0)
(0 -0.00089329806 0)
(0 -0.0010694044 0)
(0 -0.0010185098 0)
(0 -0.00089465686 0)
(0 -0.00097072385 0)
(0 -0.0010701306 0)
(0 -0.0010183365 0)
(0 -0.00089520002 0)
(0 -0.0010300397 0)
(0 -0.0010087252 0)
(0 -0.00095642088 0)
(0 -0.00098760413 0)
(0 -0.0010299738 0)
(0 -0.0010087847 0)
(0 -0.0009578104 0)
(0 -0.0010683343 0)
(0 -0.0010181884 0)
(0 -0.00090319313 0)
(0 -0.00097354312 0)
(0 -0.0010690921 0)
(0 -0.0010180379 0)
(0 -0.00090368814 0)
(0 -0.0010617001 0)
(0 -0.0010159711 0)
(0 -0.00089308902 0)
(0 -0.00097023256 0)
(0 -0.0010620902 0)
(0 -0.0010159012 0)
(0 -0.00089381453 0)
(0 -0.001069955 0)
(0 -0.001018607 0)
(0 -0.00089493065 0)
(0 -0.00097086258 0)
(0 -0.0010704692 0)
(0 -0.0010185019 0)
(0 -0.00089565082 0)
(0 -0.0010221784 0)
(0 -0.0010086087 0)
(0 -0.00095852123 0)
(0 -0.00099087826 0)
(0 -0.0010296811 0)
(0 -0.0010064955 0)
(0 -0.0009681189 0)
(0 -0.0010582935 0)
(0 -0.001015826 0)
(0 -0.00089289792 0)
(0 -0.00096982218 0)
(0 -0.0010616996 0)
(0 -0.0010147678 0)
(0 -0.0008926432 0)
(0 -0.0010578952 0)
(0 -0.0010147445 0)
(0 -0.00089156648 0)
(0 -0.00096969707 0)
(0 -0.0010584099 0)
(0 -0.0010146258 0)
(0 -0.00089224942 0)
(0 -0.0010300146 0)
(0 -0.0010065236 0)
(0 -0.00096705447 0)
(0 -0.0009883722 0)
(0 -0.0010223839 0)
(0 -0.0010087499 0)
(0 -0.00096009603 0)
(0 -0.0010690326 0)
(0 -0.0010184351 0)
(0 -0.00090354593 0)
(0 -0.000973824 0)
(0 -0.0010698991 0)
(0 -0.0010182444 0)
(0 -0.00090456849 0)
(0 -0.0010616203 0)
(0 -0.0010149466 0)
(0 -0.0008921529 0)
(0 -0.00097025302 0)
(0 -0.0010590155 0)
(0 -0.0010158491 0)
(0 -0.0008939155 0)
(0 -0.0010705359 0)
(0 -0.0010188849 0)
(0 -0.00089568586 0)
(0 -0.00097101407 0)
(0 -0.0010713806 0)
(0 -0.0010186737 0)
(0 -0.00089614176 0)
(0 -0.0010310757 0)
(0 -0.0010090767 0)
(0 -0.00095743213 0)
(0 -0.00098788808 0)
(0 -0.0010311185 0)
(0 -0.0010091033 0)
(0 -0.00095872024 0)
(0 -0.0010693196 0)
(0 -0.0010184687 0)
(0 -0.00090397056 0)
(0 -0.00097380156 0)
(0 -0.0010700225 0)
(0 -0.001018336 0)
(0 -0.00090451401 0)
(0 -0.0010627676 0)
(0 -0.0010163135 0)
(0 -0.00089403074 0)
(0 -0.00097050938 0)
(0 -0.0010632255 0)
(0 -0.0010162225 0)
(0 -0.0008947088 0)
(0 -0.0010709361 0)
(0 -0.0010188841 0)
(0 -0.00089569377 0)
(0 -0.00097111521 0)
(0 -0.001071391 0)
(0 -0.0010187979 0)
(0 -0.00089646423 0)
(0 -0.0010229004 0)
(0 -0.0010088516 0)
(0 -0.000959218 0)
(0 -0.000991088 0)
(0 -0.0010304718 0)
(0 -0.0010067182 0)
(0 -0.00096878565 0)
(0 -0.0010590295 0)
(0 -0.0010160685 0)
(0 -0.00089357046 0)
(0 -0.00097001277 0)
(0 -0.001062504 0)
(0 -0.0010149889 0)
(0 -0.00089326106 0)
(0 -0.0010585249 0)
(0 -0.0010149538 0)
(0 -0.00089170832 0)
(0 -0.00096984096 0)
(0 -0.0010591422 0)
(0 -0.0010148134 0)
(0 -0.00089277175 0)
(0 -0.0010584516 0)
(0 -0.0010149416 0)
(0 -0.00089169736 0)
(0 -0.00096980688 0)
(0 -0.0010591005 0)
(0 -0.0010147908 0)
(0 -0.00089264999 0)
(0 -0.0010584691 0)
(0 -0.001015008 0)
(0 -0.0008924203 0)
(0 -0.00096984823 0)
(0 -0.0010592584 0)
(0 -0.0010148014 0)
(0 -0.00089271278 0)
(0 -0.0010276151 0)
(0 -0.0010067273 0)
(0 -0.00096733816 0)
(0 -0.00098807127 0)
(0 -0.0010231153 0)
(0 -0.0010079087 0)
(0 -0.0009592062 0)
(0 -0.001058352 0)
(0 -0.0010149042 0)
(0 -0.00090144536 0)
(0 -0.00097301619 0)
(0 -0.0010589486 0)
(0 -0.0010147864 0)
(0 -0.00090218149 0)
(0 -0.0010549934 0)
(0 -0.0010156238 0)
(0 -0.00089469248 0)
(0 -0.00097197537 0)
(0 -0.0010617052 0)
(0 -0.0010138896 0)
(0 -0.00089895298 0)
(0 -0.0010231198 0)
(0 -0.0010078817 0)
(0 -0.00095804514 0)
(0 -0.00099100652 0)
(0 -0.0010276173 0)
(0 -0.0010067673 0)
(0 -0.00096851313 0)
(0 -0.0010614991 0)
(0 -0.0010139609 0)
(0 -0.00089859758 0)
(0 -0.00097081834 0)
(0 -0.0010553459 0)
(0 -0.0010156057 0)
(0 -0.00089572001 0)
(0 -0.0010609598 0)
(0 -0.0010126644 0)
(0 -0.00089700204 0)
(0 -0.00097067662 0)
(0 -0.0010513901 0)
(0 -0.0010154203 0)
(0 -0.00089527642 0)
(0 -0.0010079652 0)
(0 -0.0010027463 0)
(0 -0.00096517151 0)
(0 -0.00098985625 0)
(0 -0.0010110626 0)
(0 -0.0010017777 0)
(0 -0.00096504665 0)
(0 -0.0010606432 0)
(0 -0.0010126491 0)
(0 -0.00089671533 0)
(0 -0.00097055589 0)
(0 -0.0010513866 0)
(0 -0.0010153235 0)
(0 -0.00089492014 0)
(0 -0.0010605971 0)
(0 -0.0010126044 0)
(0 -0.00089685341 0)
(0 -0.00097056193 0)
(0 -0.0010511723 0)
(0 -0.0010153119 0)
(0 -0.0008948935 0)
(0 -0.0010151865 0)
(0 -0.0010028795 0)
(0 -0.000963132 0)
(0 -0.00098653509 0)
(0 -0.001011421 0)
(0 -0.0010038977 0)
(0 -0.00095454205 0)
(0 -0.0010528173 0)
(0 -0.0010130913 0)
(0 -0.0008987321 0)
(0 -0.00097210175 0)
(0 -0.0010532731 0)
(0 -0.001012998 0)
(0 -0.00089941156 0)
(0 -0.0010110468 0)
(0 -0.0010037865 0)
(0 -0.00095330122 0)
(0 -0.00098947762 0)
(0 -0.0010148974 0)
(0 -0.0010027936 0)
(0 -0.00096390137 0)
(0 -0.0010502108 0)
(0 -0.0010150884 0)
(0 -0.00089329378 0)
(0 -0.00097123837 0)
(0 -0.0010600012 0)
(0 -0.0010123417 0)
(0 -0.00089668144 0)
(0 -0.0010288557 0)
(0 -0.0010062575 0)
(0 -0.00096618251 0)
(0 -0.00098805593 0)
(0 -0.0010215133 0)
(0 -0.0010083936 0)
(0 -0.00095908624 0)
(0 -0.0010674824 0)
(0 -0.0010179282 0)
(0 -0.00090212938 0)
(0 -0.00097344033 0)
(0 -0.0010682208 0)
(0 -0.0010177781 0)
(0 -0.0009033409 0)
(0 -0.00106047 0)
(0 -0.0010147614 0)
(0 -0.00089178135 0)
(0 -0.00096999516 0)
(0 -0.0010583669 0)
(0 -0.0010155042 0)
(0 -0.00089306662 0)
(0 -0.0010690619 0)
(0 -0.0010184812 0)
(0 -0.00089474921 0)
(0 -0.00097067997 0)
(0 -0.0010700191 0)
(0 -0.0010182327 0)
(0 -0.00089504198 0)
(0 -0.0010257087 0)
(0 -0.0010085106 0)
(0 -0.00095546399 0)
(0 -0.0009867593 0)
(0 -0.001029353 0)
(0 -0.0010073483 0)
(0 -0.00095518205 0)
(0 -0.0010544646 0)
(0 -0.0010126547 0)
(0 -0.00089679325 0)
(0 -0.00097192525 0)
(0 -0.001051741 0)
(0 -0.0010135991 0)
(0 -0.00089872812 0)
(0 -0.0010534645 0)
(0 -0.001016249 0)
(0 -0.00089460407 0)
(0 -0.00097166887 0)
(0 -0.0010634536 0)
(0 -0.0010134473 0)
(0 -0.00089791434 0)
(0 -0.0010123951 0)
(0 -0.0010031139 0)
(0 -0.0009491421 0)
(0 -0.00098503442 0)
(0 -0.0010126986 0)
(0 -0.0010030443 0)
(0 -0.00094989819 0)
(0 -0.0010501107 0)
(0 -0.0010132221 0)
(0 -0.00089660235 0)
(0 -0.00097118158 0)
(0 -0.0010534347 0)
(0 -0.0010122109 0)
(0 -0.00089647244 0)
(0 -0.0010259975 0)
(0 -0.0010065719 0)
(0 -0.00095186195 0)
(0 -0.00098637261 0)
(0 -0.0010232726 0)
(0 -0.0010075185 0)
(0 -0.00095385617 0)
(0 -0.001063017 0)
(0 -0.0010164016 0)
(0 -0.00089795545 0)
(0 -0.00097213433 0)
(0 -0.001063168 0)
(0 -0.0010164377 0)
(0 -0.00089917543 0)
(0 -0.001059674 0)
(0 -0.0010127342 0)
(0 -0.00089534371 0)
(0 -0.00096984865 0)
(0 -0.0010512081 0)
(0 -0.0010151521 0)
(0 -0.00089249416 0)
(0 -0.0010650892 0)
(0 -0.0010169068 0)
(0 -0.00089032098 0)
(0 -0.00096968307 0)
(0 -0.0010648183 0)
(0 -0.0010170449 0)
(0 -0.00089177968 0)
(0 -0.0010586308 0)
(0 -0.0010148202 0)
(0 -0.0008938487 0)
(0 -0.00097106571 0)
(0 -0.0010580164 0)
(0 -0.0010151061 0)
(0 -0.00089573868 0)
(0 -0.0010542328 0)
(0 -0.0010140285 0)
(0 -0.00088745941 0)
(0 -0.00096824941 0)
(0 -0.0010556193 0)
(0 -0.0010136423 0)
(0 -0.00088740608 0)
(0 -0.0010604032 0)
(0 -0.0010152887 0)
(0 -0.00088610851 0)
(0 -0.00096847883 0)
(0 -0.0010595428 0)
(0 -0.0010156211 0)
(0 -0.00088791991 0)
(0 -0.0010129671 0)
(0 -0.001004716 0)
(0 -0.00094504851 0)
(0 -0.00098236647 0)
(0 -0.0010169757 0)
(0 -0.0010033993 0)
(0 -0.00094140756 0)
(0 -0.0010433963 0)
(0 -0.0010063574 0)
(0 -0.00084657392 0)
(0 -0.00096294053 0)
(0 -0.0010401296 0)
(0 -0.0010101345 0)
(0 -0.00087518705 0)
(0 -0.0010448222 0)
(0 -0.0010117938 0)
(0 -0.00088167268 0)
(0 -0.0009648748 0)
(0 -0.0010483317 0)
(0 -0.0010106914 0)
(0 -0.00087811374 0)
(0 -0.0010470784 0)
(0 -0.0010053165 0)
(0 -0.00084388451 0)
(0 -0.00096022188 0)
(0 -0.0010365399 0)
(0 -0.0010114156 0)
(0 -0.00086935463 0)
(0 -0.00096461123 0)
(0 -0.00097192179 0)
(0 -0.0007953706 0)
(0 -0.0007927346 0)
(0 -0.00099756355 0)
(0 -0.00093421687 0)
(0 -0.00075013687 0)
(0 -0.00096382689 0)
(0 -0.00097119647 0)
(0 -0.00079485854 0)
(0 -0.00079329698 0)
(0 -0.00099609905 0)
(0 -0.00093372122 0)
(0 -0.00074847939 0)
(0 -0.00092452098 0)
(0 -0.00097068511 0)
(0 -0.00094752384 0)
(0 -0.00085931965 0)
(0 -0.00096727138 0)
(0 -0.00092807314 0)
(0 -0.00085094882 0)
(0 -0.00092187793 0)
(0 -0.00096610172 0)
(0 -0.00082161166 0)
(0 -0.00093225993 0)
(0 -0.0009226434 0)
(0 -0.00096280023 0)
(0 -0.0008392915 0)
(0 -0.00092481306 0)
(0 -0.00097087508 0)
(0 -0.00094906624 0)
(0 -0.00085999936 0)
(0 -0.00096760226 0)
(0 -0.00092827928 0)
(0 -0.0008519665 0)
(0 -0.00093498883 0)
(0 -0.00097511551 0)
(0 -0.00096314149 0)
(0 -0.00087043972 0)
(0 -0.00097476264 0)
(0 -0.00093578512 0)
(0 -0.0008698274 0)
(0 -0.00093350283 0)
(0 -0.00097285492 0)
(0 -0.0008649244 0)
(0 -0.00096212755 0)
(0 -0.00093119608 0)
(0 -0.00097406279 0)
(0 -0.00086786638 0)
(0 -0.00093503986 0)
(0 -0.00097512891 0)
(0 -0.00096319379 0)
(0 -0.00087046358 0)
(0 -0.00097479253 0)
(0 -0.00093580717 0)
(0 -0.00086975563 0)
(0 -0.00093351037 0)
(0 -0.00097284778 0)
(0 -0.00096243963 0)
(0 -0.00086506054 0)
(0 -0.00097411774 0)
(0 -0.00093124449 0)
(0 -0.00086827776 0)
(0 -0.00093501311 0)
(0 -0.00097513397 0)
(0 -0.00087047215 0)
(0 -0.00096311906 0)
(0 -0.00093571212 0)
(0 -0.00097481307 0)
(0 -0.00086958964 0)
(0 -0.00093349883 0)
(0 -0.00097284571 0)
(0 -0.00096240727 0)
(0 -0.00086495753 0)
(0 -0.00097411706 0)
(0 -0.00093121379 0)
(0 -0.00086803827 0)
(0 -0.00092125261 0)
(0 -0.00095996905 0)
(0 -0.0009338977 0)
(0 -0.00082226248 0)
(0 -0.00096023944 0)
(0 -0.00092204699 0)
(0 -0.00084079583 0)
(0 -0.00092437884 0)
(0 -0.00097063313 0)
(0 -0.00086016254 0)
(0 -0.00094981813 0)
(0 -0.00092798049 0)
(0 -0.00096671033 0)
(0 -0.00085217783 0)
(0 -0.00092116839 0)
(0 -0.00095986544 0)
(0 -0.00093436161 0)
(0 -0.00082170882 0)
(0 -0.00096026469 0)
(0 -0.00092195253 0)
(0 -0.00084018743 0)
(0 -0.0010214744 0)
(0 -0.0010062375 0)
(0 -0.00096823978 0)
(0 -0.00099134351 0)
(0 -0.0010215064 0)
(0 -0.0010062624 0)
(0 -0.0009694409 0)
(0 -0.0010221309 0)
(0 -0.0010063943 0)
(0 -0.00096929837 0)
(0 -0.0009915828 0)
(0 -0.0010219517 0)
(0 -0.0010064657 0)
(0 -0.00097009634 0)
(0 -0.0010221163 0)
(0 -0.0010064009 0)
(0 -0.00096937932 0)
(0 -0.00099172904 0)
(0 -0.0010219762 0)
(0 -0.0010064607 0)
(0 -0.00097054424 0)
(0 -0.0010221115 0)
(0 -0.0010064484 0)
(0 -0.00096885067 0)
(0 -0.00099168067 0)
(0 -0.0010221897 0)
(0 -0.001006459 0)
(0 -0.0009704968 0)
(0 -0.0010279517 0)
(0 -0.0010080175 0)
(0 -0.00095633471 0)
(0 -0.00098731425 0)
(0 -0.001028016 0)
(0 -0.0010080157 0)
(0 -0.00095692601 0)
(0 -0.0010222578 0)
(0 -0.0010052919 0)
(0 -0.00096753786 0)
(0 -0.0009914435 0)
(0 -0.0010187276 0)
(0 -0.0010064849 0)
(0 -0.00096974642 0)
(0 -0.001007917 0)
(0 -0.0010027064 0)
(0 -0.00096520805 0)
(0 -0.00098986778 0)
(0 -0.001010874 0)
(0 -0.0010017643 0)
(0 -0.00096499864 0)
(0 -0.0010075643 0)
(0 -0.0010036157 0)
(0 -0.00095382743 0)
(0 -0.00098901212 0)
(0 -0.0010143997 0)
(0 -0.0010016621 0)
(0 -0.00096257032 0)
(0 -0.001007529 0)
(0 -0.001003585 0)
(0 -0.00095360818 0)
(0 -0.00098898516 0)
(0 -0.001014325 0)
(0 -0.0010016499 0)
(0 -0.00096253047 0)
(0 -0.0010219286 0)
(0 -0.0010052288 0)
(0 -0.00096755741 0)
(0 -0.00099151704 0)
(0 -0.0010184624 0)
(0 -0.0010063847 0)
(0 -0.00096987334 0)
(0 -0.0010218594 0)
(0 -0.0010051924 0)
(0 -0.00096690044 0)
(0 -0.00099145427 0)
(0 -0.0010183939 0)
(0 -0.0010063626 0)
(0 -0.00096976303 0)
(0 -0.0010114052 0)
(0 -0.0010038062 0)
(0 -0.00095422278 0)
(0 -0.00098967428 0)
(0 -0.0010149344 0)
(0 -0.0010029135 0)
(0 -0.00096451486 0)
(0 -0.0010183084 0)
(0 -0.0010051331 0)
(0 -0.00096693552 0)
(0 -0.00099077565 0)
(0 -0.0010181844 0)
(0 -0.0010051799 0)
(0 -0.0009676449 0)
(0 -0.001014467 0)
(0 -0.0010027921 0)
(0 -0.00096356566 0)
(0 -0.00098642565 0)
(0 -0.0010110504 0)
(0 -0.0010036767 0)
(0 -0.0009542159 0)
(0 -0.0010247687 0)
(0 -0.0010048217 0)
(0 -0.00096411772 0)
(0 -0.00098726295 0)
(0 -0.0010170879 0)
(0 -0.001007016 0)
(0 -0.00095657272 0)
(0 -0.0010087168 0)
(0 -0.0010021578 0)
(0 -0.00096343675 0)
(0 -0.00098950865 0)
(0 -0.0010089572 0)
(0 -0.0010020941 0)
(0 -0.00096376603 0)
(0 -0.0010161208 0)
(0 -0.0010065133 0)
(0 -0.00095459633 0)
(0 -0.00098954508 0)
(0 -0.0010231839 0)
(0 -0.0010045317 0)
(0 -0.00096384981 0)
(0 -0.001017792 0)
(0 -0.0010060582 0)
(0 -0.00096735747 0)
(0 -0.00099067005 0)
(0 -0.0010209954 0)
(0 -0.0010050337 0)
(0 -0.0009673992 0)
(0 -0.0010225262 0)
(0 -0.0010067828 0)
(0 -0.00095105188 0)
(0 -0.00098560629 0)
(0 -0.0010236306 0)
(0 -0.0010064765 0)
(0 -0.00095138918 0)
(0 -2.5808996e-06 0)
(0 -6.6236396e-06 0)
(0 -4.7807277e-06 0)
(0 -3.2879094e-06 0)
(0 -5.7556881e-06 0)
(0 -3.8628836e-06 0)
(0 -2.2263052e-06 0)
(0 -2.8678213e-06 0)
(0 -1.8060913e-06 0)
(0 -6.0155386e-07 0)
(0 -2.0525886e-06 0)
(0 -7.0787483e-07 0)
(0 -1.2645445e-06 0)
(0 -6.9496831e-07 0)
(0 -7.4891252e-07 0)
(0 -3.5775434e-06 0)
(0 -4.0355819e-06 0)
(0 -4.4883618e-06 0)
(0 -6.6559713e-06 0)
(0 -1.4050031e-05 0)
(0 -1.5282125e-05 0)
(0 -3.9243506e-06 0)
(0 -1.8368342e-05 0)
(0 -4.5874143e-06 0)
(0 -5.7274129e-06 0)
(0 -1.0969128e-06 0)
(0 -4.6444393e-07 0)
(0 -5.6209348e-07 0)
(0 -9.6114934e-06 0)
(0 -1.5406067e-05 0)
(0 -2.0332726e-05 0)
(0 -3.5745612e-06 0)
(0 -2.6193475e-05 0)
(0 -4.4641051e-06 0)
(0 -7.8633715e-06 0)
(0 -4.278555e-07 0)
(0 -2.3584343e-06 0)
(0 -1.0720328e-06 0)
(0 -9.5840427e-07 0)
(0 -1.2884827e-06 0)
(0 -1.1595415e-06 0)
(0 -3.5754262e-07 0)
(0 -6.3853363e-06 0)
(0 -7.5691326e-06 0)
(0 -3.2709546e-07 0)
(0 -1.822239e-06 0)
(0 -7.858583e-07 0)
(0 -7.7061682e-07 0)
(0 -9.5091082e-07 0)
(0 -9.2714996e-07 0)
(0 -2.7313499e-07 0)
(0 -7.6868473e-06 0)
(0 -9.2218761e-06 0)
(0 -1.4221408e-05 0)
(0 -9.4222965e-06 0)
(0 -2.8084906e-05 0)
(0 -3.3223812e-05 0)
(0 -1.1949212e-05 0)
(0 -3.8907656e-07 0)
(0 -1.5088786e-07 0)
(0 -1.8310834e-07 0)
(0 -0.00012852058 0)
(0 -8.6218143e-05 0)
(0 -0.00011494027 0)
(0 -4.707158e-05 0)
(0 -0.00015013317 0)
(0 -5.7178148e-05 0)
(0 -0.00010003349 0)
(0 -5.7053081e-07 0)
(0 -1.5459102e-06 0)
(0 -1.0055174e-06 0)
(0 -7.717419e-07 0)
(0 -1.2530098e-06 0)
(0 -9.2798065e-07 0)
(0 -4.7988095e-07 0)
(0 -2.6126551e-05 0)
(0 -4.0062926e-05 0)
(0 -4.5630319e-05 0)
(0 -2.3031884e-05 0)
(0 -5.0528614e-07 0)
(0 -2.909789e-07 0)
(0 -1.0578726e-07 0)
(0 -3.3953842e-07 0)
(0 -1.2748997e-07 0)
(0 -1.7494285e-07 0)
(0 -8.6297667e-08 0)
(0 -9.7305762e-08 0)
(0 -2.2719577e-07 0)
(0 -2.4112421e-07 0)
(0 -2.7505143e-07 0)
(0 -3.7081942e-07 0)
(0 -8.0398519e-07 0)
(0 -8.3441603e-07 0)
(0 -2.1669325e-07 0)
(0 -1.0345604e-06 0)
(0 -2.6003325e-07 0)
(0 -3.1137853e-07 0)
(0 -8.8719604e-05 0)
(0 -1.6030781e-05 0)
(0 -5.0363701e-05 0)
(0 -2.5221002e-05 0)
(0 -5.8787062e-05 0)
(0 -3.0288139e-05 0)
(0 -7.2396514e-05 0)
(0 -4.7187555e-07 0)
(0 -7.6656571e-07 0)
(0 -1.7661153e-07 0)
(0 -1.0021426e-06 0)
(0 -2.2079479e-07 0)
(0 -1.2921983e-06 0)
(0 -3.8535066e-07 0)
(0 -2.9979801e-07 0)
(0 -3.5585595e-07 0)
(0 -1.8019584e-05 0)
(0 -4.06849e-05 0)
(0 -2.7539646e-05 0)
(0 -5.218896e-05 0)
(0 -3.3683257e-05 0)
(0 -7.1087827e-05 0)
(0 -5.4734242e-05 0)
(0 -3.4473809e-07 0)
(0 -4.1438014e-07 0)
(0 -4.3250665e-05 0)
(0 -7.8455697e-06 0)
(0 -1.8887289e-05 0)
(0 -1.7636881e-05 0)
(0 -2.2927722e-05 0)
(0 -2.1417787e-05 0)
(0 -3.4442439e-05 0)
(0 -5.8577243e-07 0)
(0 -3.9689311e-07 0)
(0 -1.1721605e-06 0)
(0 -1.3884622e-06 0)
(0 -4.9199433e-07 0)
(0 -1.018147e-05 0)
(0 -1.6571221e-05 0)
(0 -2.1020359e-05 0)
(0 -2.032953e-05 0)
(0 -2.7166623e-05 0)
(0 -4.0098457e-05 0)
(0 -3.0629888e-05 0)
(0 -4.6081099e-06 0)
(0 -3.233457e-06 0)
(0 -1.6942164e-06 0)
(0 -4.2629228e-06 0)
(0 -2.0644717e-06 0)
(0 -5.5759634e-06 0)
(0 -3.5802527e-06 0)
(0 -7.0873842e-07 0)
(0 -1.1773509e-06 0)
(0 -1.3635486e-06 0)
(0 -6.1371188e-07 0)
(0 -1.8983714e-05 0)
(0 -3.1672655e-06 0)
(0 -5.7274312e-06 0)
(0 -9.2861243e-06 0)
(0 -6.919947e-06 0)
(0 -1.0990505e-05 0)
(0 -1.5332788e-05 0)
(0 -0.00087089273 0)
(0 -0.00060533482 0)
(0 -0.00093892895 0)
(0 -0.00061924548 0)
(0 -0.00094502833 0)
(0 -0.00082731887 0)
(0 -0.00080520619 0)
(0 -0.00098243643 0)
(0 -0.00097633212 0)
(0 -0.00098576754 0)
(0 -0.00095618621 0)
(0 -0.00091291068 0)
(0 -0.00094553077 0)
(0 -0.00092145143 0)
(0 -0.00099172835 0)
(0 -0.00098241851 0)
(0 -0.00099278299 0)
(0 -0.0009788551 0)
(0 -0.00093871323 0)
(0 -0.00097542358 0)
(0 -0.00094082261 0)
(0 -0.00099533953 0)
(0 -0.00098507859 0)
(0 -0.00099587125 0)
(0 -0.00098886877 0)
(0 -0.00094869779 0)
(0 -0.00098710748 0)
(0 -0.0009493199 0)
(0 -0.00099734868 0)
(0 -0.00098660165 0)
(0 -0.00099764411 0)
(0 -0.00099462218 0)
(0 -0.00095424447 0)
(0 -0.00099361758 0)
(0 -0.00095418966 0)
(0 -0.0009985862 0)
(0 -0.00098755666 0)
(0 -0.00099875724 0)
(0 -0.00099823598 0)
(0 -0.00095765786 0)
(0 -0.00099762963 0)
(0 -0.00095724453 0)
(0 -0.00099940316 0)
(0 -0.00098819518 0)
(0 -0.00099950211 0)
(0 -0.0010006548 0)
(0 -0.00095990999 0)
(0 -0.0010002792 0)
(0 -0.00095928764 0)
(0 -0.00099996948 0)
(0 -0.0009886418 0)
(0 -0.0010000234 0)
(0 -0.0010023479 0)
(0 -0.00096147064 0)
(0 -0.0010021163 0)
(0 -0.00096071701 0)
(0 -0.0010003758 0)
(0 -0.0009889642 0)
(0 -0.0010003999 0)
(0 -0.0010035707 0)
(0 -0.00096258996 0)
(0 -0.0010034345 0)
(0 -0.00096174896 0)
(0 -0.0010006741 0)
(0 -0.00098920189 0)
(0 -0.0010006775 0)
(0 -0.0010044726 0)
(0 -0.00096341172 0)
(0 -0.0010044025 0)
(0 -0.00096250983 0)
(0 -0.0010008962 0)
(0 -0.00098937923 0)
(0 -0.0010008847 0)
(0 -0.0010051456 0)
(0 -0.0009640236 0)
(0 -0.0010051234 0)
(0 -0.00096307757 0)
(0 -0.0010010625 0)
(0 -0.0009895119 0)
(0 -0.0010010397 0)
(0 -0.0010056493 0)
(0 -0.00096448148 0)
(0 -0.001005663 0)
(0 -0.00096350233 0)
(0 -0.0010011862 0)
(0 -0.00098961027 0)
(0 -0.0010011547 0)
(0 -0.0010060228 0)
(0 -0.00096482214 0)
(0 -0.0010060645 0)
(0 -0.00096381729 0)
(0 -0.0010012763 0)
(0 -0.00098968129 0)
(0 -0.0010012377 0)
(0 -0.0010062925 0)
(0 -0.00096507016 0)
(0 -0.0010063569 0)
(0 -0.00096404467 0)
(0 -0.0010013387 0)
(0 -0.00098972955 0)
(0 -0.0010012941 0)
(0 -0.0010064757 0)
(0 -0.00096524193 0)
(0 -0.0010065593 0)
(0 -0.00096419919 0)
(0 -0.0010013772 0)
(0 -0.00098975793 0)
(0 -0.0010013272 0)
(0 -0.0010065836 0)
(0 -0.0009653479 0)
(0 -0.0010066842 0)
(0 -0.00096429007 0)
(0 -0.0010013939 0)
(0 -0.00098976793 0)
(0 -0.0010013389 0)
(0 -0.0010066216 0)
(0 -0.00096539391 0)
(0 -0.0010067384 0)
(0 -0.00096432212 0)
(0 -0.0010013895 0)
(0 -0.00098975984 0)
(0 -0.0010013295 0)
(0 -0.0010065909 0)
(0 -0.00096538177 0)
(0 -0.001006724 0)
(0 -0.00096429623 0)
(0 -0.0010013632 0)
(0 -0.00098973266 0)
(0 -0.0010012977 0)
(0 -0.0010064878 0)
(0 -0.00096530928 0)
(0 -0.0010066385 0)
(0 -0.00096420921 0)
(0 -0.0010013126 0)
(0 -0.0009896839 0)
(0 -0.0010012407 0)
(0 -0.0010063027 0)
(0 -0.00096516969 0)
(0 -0.0010064738 0)
(0 -0.00096405312 0)
(0 -0.0010012329 0)
(0 -0.00098960908 0)
(0 -0.0010011533 0)
(0 -0.0010060187 0)
(0 -0.00096495028 0)
(0 -0.001006215 0)
(0 -0.0009638136 0)
(0 -0.0010011165 0)
(0 -0.00098950069 0)
(0 -0.0010010267 0)
(0 -0.0010056074 0)
(0 -0.00096462963 0)
(0 -0.0010058369 0)
(0 -0.00096346667 0)
(0 -0.0010009505 0)
(0 -0.00098934625 0)
(0 -0.0010008462 0)
(0 -0.0010050215 0)
(0 -0.00096417216 0)
(0 -0.0010052974 0)
(0 -0.00096297235 0)
(0 -0.0010007127 0)
(0 -0.00098912414 0)
(0 -0.0010005868 0)
(0 -0.001004179 0)
(0 -0.00096351706 0)
(0 -0.001004525 0)
(0 -0.00096226154 0)
(0 -0.0010003629 0)
(0 -0.00098879406 0)
(0 -0.0010002013 0)
(0 -0.0010029276 0)
(0 -0.00096255349 0)
(0 -0.0010033891 0)
(0 -0.00096120547 0)
(0 -0.00099981928 0)
(0 -0.00098827092 0)
(0 -0.00099959038 0)
(0 -0.0010009453 0)
(0 -0.00096105614 0)
(0 -0.001001624 0)
(0 -0.00095953257 0)
(0 -0.0009988762 0)
(0 -0.00098732662 0)
(0 -0.00099848143 0)
(0 -0.00099735159 0)
(0 -0.00095846918 0)
(0 -0.00099856412 0)
(0 -0.00095651487 0)
(0 -0.00099664799 0)
(0 -0.0009840005 0)
(0 -0.00099525051 0)
(0 -0.00098750397 0)
(0 -0.00095218955 0)
(0 -0.00099146312 0)
(0 -0.00094669328 0)
(0 -6.3596019e-06 0)
(0 -4.8697514e-06 0)
(0 -5.2615496e-06 0)
(0 -1.4100215e-05 0)
(0 -1.2603883e-05 0)
(0 -1.4460193e-05 0)
(0 -1.231248e-05 0)
(0 -4.3297161e-06 0)
(0 -4.0511199e-06 0)
(0 -4.4277769e-06 0)
(0 -1.4187557e-05 0)
(0 -1.2039255e-05 0)
(0 -1.3787609e-05 0)
(0 -1.2389639e-05 0)
(0 -5.0382436e-06 0)
(0 -4.8227351e-06 0)
(0 -5.2757774e-06 0)
(0 -1.6774568e-05 0)
(0 -1.4029159e-05 0)
(0 -1.6071242e-05 0)
(0 -1.4647323e-05 0)
(0 -6.5631779e-06 0)
(0 -7.0088398e-06 0)
(0 -7.5791823e-06 0)
(0 -2.1971945e-05 0)
(0 -1.7455826e-05 0)
(0 -1.9991465e-05 0)
(0 -1.9184847e-05 0)
(0 -4.5154342e-06 0)
(0 -3.1646731e-06 0)
(0 -4.1730649e-06 0)
(0 -1.6599398e-06 0)
(0 -5.4510484e-06 0)
(0 -2.0239727e-06 0)
(0 -3.5092478e-06 0)
(0 -3.4612818e-06 0)
(0 -6.1057473e-07 0)
(0 -1.868887e-06 0)
(0 -1.0027732e-06 0)
(0 -2.198931e-06 0)
(0 -1.2079935e-06 0)
(0 -2.8060023e-06 0)
(0 -1.7338477e-06 0)
(0 -4.1110557e-06 0)
(0 -4.1546068e-06 0)
(0 -1.1073668e-06 0)
(0 -4.9732242e-06 0)
(0 -1.292008e-06 0)
(0 -1.4954732e-06 0)
(0 -6.9864387e-07 0)
(0 -1.1591879e-06 0)
(0 -1.3417312e-06 0)
(0 -6.0535964e-07 0)
(0 -1.5365384e-06 0)
(0 -1.5766073e-06 0)
(0 -1.7405554e-06 0)
(0 -2.676711e-06 0)
(0 -1.3035005e-06 0)
(0 -1.4045413e-06 0)
(0 -8.9152085e-06 0)
(0 -5.1104533e-06 0)
(0 -1.9191826e-06 0)
(0 -5.8504857e-06 0)
(0 -2.2654458e-06 0)
(0 -1.077893e-05 0)
(0 -2.9475979e-05 0)
(0 -1.9379419e-05 0)
(0 -1.5160327e-05 0)
(0 -2.343258e-05 0)
(0 -1.7904738e-05 0)
(0 -9.2669802e-06 0)
(0 -3.0301543e-06 0)
(0 -5.6006685e-06 0)
(0 -6.5190429e-06 0)
(0 -2.6156e-06 0)
(0 -2.0067788e-05 0)
(0 -3.34831e-06 0)
(0 -9.7546596e-06 0)
(0 -6.0296575e-06 0)
(0 -1.1564769e-05 0)
(0 -7.3822622e-06 0)
(0 -1.6108977e-05 0)
(0 -2.8393797e-05 0)
(0 -2.3263757e-05 0)
(0 -2.7343736e-05 0)
(0 -1.0613163e-05 0)
(0 -3.7370156e-05 0)
(0 -1.3326557e-05 0)
(0 -2.1640732e-05 0)
(0 -1.0260058e-06 0)
(0 -1.8414666e-06 0)
(0 -2.3543163e-06 0)
(0 -4.2702946e-07 0)
(0 -2.9409297e-06 0)
(0 -5.1537523e-07 0)
(0 -8.4982928e-07 0)
(0 -5.706141e-07 0)
(0 -3.8538887e-07 0)
(0 -1.1396633e-06 0)
(0 -1.3496756e-06 0)
(0 -4.7896665e-07 0)
(0 -8.5119394e-06 0)
(0 -3.0975469e-06 0)
(0 -3.8845493e-06 0)
(0 -5.9538925e-06 0)
(0 -4.6836046e-06 0)
(0 -1.3013532e-05 0)
(0 -1.5412225e-05 0)
(0 -4.9925891e-06 0)
(0 -2.0283362e-06 0)
(0 -3.685796e-07 0)
(0 -8.8832336e-07 0)
(0 -8.302367e-07 0)
(0 -1.0765986e-06 0)
(0 -1.0064934e-06 0)
(0 -1.6160159e-06 0)
(0 -4.1733031e-07 0)
(0 -4.9462083e-07 0)
(0 -3.2863847e-07 0)
(0 -3.9491732e-07 0)
(0 -7.5555274e-06 0)
(0 -4.2084755e-05 0)
(0 -1.7731936e-05 0)
(0 -1.8235631e-05 0)
(0 -2.1322975e-05 0)
(0 -2.2049174e-05 0)
(0 -6.314017e-06 0)
(0 -6.6674329e-06 0)
(0 -8.0042105e-06 0)
(0 -4.7120179e-05 0)
(0 -8.5681188e-06 0)
(0 -1.9312129e-05 0)
(0 -2.0712709e-05 0)
(0 -2.3390657e-05 0)
(0 -2.5072765e-05 0)
(0 -3.7539203e-05 0)
(0 -2.8695966e-07 0)
(0 -3.4489921e-07 0)
(0 -2.7900034e-07 0)
(0 -3.3102633e-07 0)
(0 -1.0062904e-05 0)
(0 -5.5303355e-05 0)
(0 -2.2472203e-05 0)
(0 -2.5350254e-05 0)
(0 -2.7154786e-05 0)
(0 -3.0429946e-05 0)
(0 -8.4224465e-06 0)
(0 -9.9623285e-06 0)
(0 -1.1786309e-05 0)
(0 -2.7009171e-07 0)
(0 -2.0842715e-07 0)
(0 -5.8375177e-07 0)
(0 -6.9132132e-07 0)
(0 -2.2692725e-07 0)
(0 -4.3822534e-07 0)
(0 -6.9131012e-07 0)
(0 -9.5150209e-07 0)
(0 -1.6688738e-07 0)
(0 -1.1869971e-06 0)
(0 -2.0126111e-07 0)
(0 -3.6370835e-07 0)
(0 -2.6072821e-05 0)
(0 -4.8274741e-05 0)
(0 -6.0293761e-05 0)
(0 -1.1131742e-05 0)
(0 -7.5312601e-05 0)
(0 -1.3374454e-05 0)
(0 -2.1638794e-05 0)
(0 -1.3798897e-06 0)
(0 -1.0693485e-06 0)
(0 -1.3495454e-06 0)
(0 -5.2048034e-07 0)
(0 -1.770264e-06 0)
(0 -6.3703327e-07 0)
(0 -1.0665842e-06 0)
(0 -9.9255413e-07 0)
(0 -1.6698598e-07 0)
(0 -4.8809207e-07 0)
(0 -2.9704761e-07 0)
(0 -3.5992783e-07 0)
(0 -5.8262547e-07 0)
(0 -7.9807702e-07 0)
(0 -2.9454731e-05 0)
(0 -1.299552e-05 0)
(0 -1.5663372e-05 0)
(0 -0.00010335796 0)
(0 -1.9090342e-05 0)
(0 -2.9624943e-05 0)
(0 -6.0435711e-05 0)
(0 -3.5465368e-05 0)
(0 -7.0125025e-05 0)
(0 -8.4252874e-05 0)
(0 -3.5965699e-07 0)
(0 -7.8118954e-07 0)
(0 -8.0982974e-07 0)
(0 -2.1039442e-07 0)
(0 -1.0039222e-06 0)
(0 -2.5243867e-07 0)
(0 -3.0205757e-07 0)
(0 -1.5889481e-07 0)
(0 -2.8328228e-07 0)
(0 -3.3384846e-07 0)
(0 -1.3456802e-07 0)
(0 -9.8520309e-05 0)
(0 -0.00023043716 0)
(0 -0.0001158981 0)
(0 -0.00018423399 0)
(0 -0.00013373013 0)
(0 -0.00021664611 0)
(0 -8.6538701e-05 0)
(0 -7.306388e-05 0)
(0 -0.00019822323 0)
(0 -0.00017969691 0)
(0 -5.4191911e-05 0)
(0 -6.1712878e-05 0)
(0 -0.00021001504 0)
(0 -6.4248432e-05 0)
(0 -2.2241817e-07 0)
(0 -2.3559516e-07 0)
(0 -2.6869745e-07 0)
(0 -0.00018678861 0)
(0 -3.9471047e-05 0)
(0 -0.00017379318 0)
(0 -4.43473e-05 0)
(0 -0.00018270235 0)
(0 -1.7829379e-07 0)
(0 -8.7735241e-08 0)
(0 -9.8928364e-08 0)
(0 -5.190719e-07 0)
(0 -2.9835694e-07 0)
(0 -1.0873083e-07 0)
(0 -3.4820968e-07 0)
(0 -1.3104689e-07 0)
(0 -0.00057676352 0)
(0 -0.00015890154 0)
(0 -0.0001627343 0)
(0 -0.00013414736 0)
(0 -0.00011619402 0)
(0 -2.7438171e-05 0)
(0 -3.0972128e-05 0)
(0 -0.00012425711 0)
(0 -5.8927067e-07 0)
(0 -1.5983013e-06 0)
(0 -1.0376791e-06 0)
(0 -7.9813137e-07 0)
(0 -1.2934338e-06 0)
(0 -9.6041936e-07 0)
(0 -4.9546236e-07 0)
(0 -1.6425176e-07 0)
(0 -2.9316418e-07 0)
(0 -3.4602089e-07 0)
(0 -1.3901999e-07 0)
(0 -5.6918012e-05 0)
(0 -0.00015482896 0)
(0 -4.0303128e-05 0)
(0 -0.00014512157 0)
(0 -4.5851203e-05 0)
(0 -0.00016891271 0)
(0 -5.0128381e-05 0)
(0 -2.0887701e-05 0)
(0 -3.2524361e-05 0)
(0 -3.7246242e-05 0)
(0 -1.8389705e-05 0)
(0 -7.9151098e-05 0)
(0 -0.00019273834 0)
(0 -0.00015216393 0)
(0 -9.5584052e-05 0)
(0 -0.00011051862 0)
(0 -0.00017874832 0)
(0 -6.9537385e-05 0)
(0 -1.0352983e-06 0)
(0 -1.7395552e-07 0)
(0 -5.0559124e-07 0)
(0 -3.0758269e-07 0)
(0 -6.0525082e-07 0)
(0 -3.7796797e-07 0)
(0 -8.2693565e-07 0)
(0 -1.4487617e-06 0)
(0 -1.1687985e-06 0)
(0 -1.3807826e-06 0)
(0 -5.3750345e-07 0)
(0 -6.7624413e-07 0)
(0 -1.8891802e-06 0)
(0 -1.1023907e-06 0)
(0 -4.2598048e-07 0)
(0 -1.5614138e-07 0)
(0 -1.9612838e-07 0)
(0 -2.5697369e-05 0)
(0 -1.1234727e-05 0)
(0 -1.3576424e-05 0)
(0 -0.00011206075 0)
(0 -7.5488651e-05 0)
(0 -4.0725587e-05 0)
(0 -0.00010097465 0)
(0 -4.9551931e-05 0)
(0 -0.00013189119 0)
(0 -8.7413081e-05 0)
(0 -2.8879619e-07 0)
(0 -2.2336873e-07 0)
(0 -6.2361441e-07 0)
(0 -7.3973998e-07 0)
(0 -2.4169987e-07 0)
(0 -2.3242589e-05 0)
(0 -4.2584738e-05 0)
(0 -9.7405115e-06 0)
(0 -5.3398885e-05 0)
(0 -1.1814203e-05 0)
(0 -6.7048849e-05 0)
(0 -1.8927039e-05 0)
(0 -1.2931091e-05 0)
(0 -8.7017514e-06 0)
(0 -2.4364631e-05 0)
(0 -3.064543e-05 0)
(0 -1.0417129e-05 0)
(0 -3.5075238e-07 0)
(0 -1.9556903e-06 0)
(0 -8.2765347e-07 0)
(0 -8.4037007e-07 0)
(0 -9.9607035e-07 0)
(0 -1.0171483e-06 0)
(0 -2.9280259e-07 0)
(0 -3.0556289e-07 0)
(0 -3.6738253e-07 0)
(0 -8.9758922e-06 0)
(0 -1.0822499e-05 0)
(0 -6.9915061e-06 0)
(0 -8.4215323e-06 0)
(0 -9.1728829e-06 0)
(0 -5.048117e-05 0)
(0 -2.2918447e-05 0)
(0 -2.0416463e-05 0)
(0 -2.7734204e-05 0)
(0 -2.4756649e-05 0)
(0 -7.6284163e-06 0)
(0 -2.147383e-06 0)
(0 -3.8983861e-07 0)
(0 -8.8204533e-07 0)
(0 -9.3576397e-07 0)
(0 -1.0695155e-06 0)
(0 -1.134346e-06 0)
(0 -1.710627e-06 0)
(0 -4.4567796e-07 0)
(0 -2.4567439e-06 0)
(0 -1.0015736e-06 0)
(0 -1.1130194e-06 0)
(0 -1.2120634e-06 0)
(0 -1.3381623e-06 0)
(0 -3.7232123e-07 0)
(0 -4.3213932e-07 0)
(0 -5.1236873e-07 0)
(0 -6.0885417e-06 0)
(0 -7.3357784e-06 0)
(0 -5.7725766e-06 0)
(0 -6.9722823e-06 0)
(0 -6.9144563e-06 0)
(0 -3.855065e-05 0)
(0 -1.6634213e-05 0)
(0 -1.6112988e-05 0)
(0 -2.0178475e-05 0)
(0 -1.952185e-05 0)
(0 -5.7457031e-06 0)
(0 -1.0501104e-06 0)
(0 -1.8827003e-06 0)
(0 -4.3761989e-07 0)
(0 -2.4157405e-06 0)
(0 -5.2648785e-07 0)
(0 -3.0126348e-06 0)
(0 -8.7170434e-07 0)
(0 -1.1190468e-06 0)
(0 -4.7430403e-07 0)
(0 -5.7324454e-07 0)
(0 -7.6205738e-06 0)
(0 -2.9345312e-06 0)
(0 -3.5576225e-06 0)
(0 -5.602726e-06 0)
(0 -4.416417e-06 0)
(0 -1.1617784e-05 0)
(0 -1.4627071e-05 0)
(0 -4.5136337e-06 0)
(0 -8.8665197e-06 0)
(0 -1.3666679e-05 0)
(0 -3.2992096e-06 0)
(0 -1.8907986e-05 0)
(0 -4.0041411e-06 0)
(0 -2.3776581e-05 0)
(0 -7.2221243e-06 0)
(0 -3.5274614e-06 0)
(0 -6.2157404e-07 0)
(0 -1.0222497e-06 0)
(0 -1.9010472e-06 0)
(0 -1.2311729e-06 0)
(0 -2.2377885e-06 0)
(0 -2.8590221e-06 0)
(0 -2.6169438e-06 0)
(0 -6.7221126e-06 0)
(0 -3.3371928e-06 0)
(0 -4.8416484e-06 0)
(0 -3.9231348e-06 0)
(0 -5.8326872e-06 0)
(0 -2.2559334e-06 0)
(0 -1.7555132e-06 0)
(0 -4.1533482e-06 0)
(0 -1.1187081e-06 0)
(0 -4.2006393e-06 0)
(0 -1.3060064e-06 0)
(0 -5.0314489e-06 0)
(0 -1.5131757e-06 0)
(0 -2.8915246e-06 0)
(0 -6.0657464e-07 0)
(0 -1.8165099e-06 0)
(0 -7.1420826e-07 0)
(0 -2.0656055e-06 0)
(0 -1.539738e-06 0)
(0 -1.5821434e-06 0)
(0 -1.7477168e-06 0)
(0 -1.264293e-06 0)
(0 -6.925709e-07 0)
(0 -7.4694199e-07 0)
(0 -2.5910476e-06 0)
(0 -1.2625462e-06 0)
(0 -1.3621529e-06 0)
(0 -3.4592753e-06 0)
(0 -3.892139e-06 0)
(0 -4.3321641e-06 0)
(0 -8.5837581e-06 0)
(0 -1.8446005e-06 0)
(0 -4.9223191e-06 0)
(0 -2.1798512e-06 0)
(0 -5.6393923e-06 0)
(0 -2.8950257e-06 0)
(0 -5.3360455e-06 0)
(0 -6.2115227e-06 0)
(0 -2.4961379e-06 0)
(0 -6.3858298e-06 0)
(0 -1.3518541e-05 0)
(0 -3.7643177e-06 0)
(0 -1.4659188e-05 0)
(0 -4.4064689e-06 0)
(0 -1.7642352e-05 0)
(0 -5.4862382e-06 0)
(0 -1.0321666e-05 0)
(0 -2.8194584e-05 0)
(0 -1.4470222e-05 0)
(0 -1.8557816e-05 0)
(0 -1.7101437e-05 0)
(0 -2.2466877e-05 0)
(0 -8.8615906e-06 0)
(0 -2.6682403e-05 0)
(0 -2.0891067e-05 0)
(0 -1.009403e-05 0)
(0 -2.6263284e-05 0)
(0 -1.2341028e-05 0)
(0 -3.4516007e-05 0)
(0 -2.0627491e-05 0)
(0 -6.3522696e-06 0)
(0 -4.8765056e-06 0)
(0 -5.2643533e-06 0)
(0 -1.4102095e-05 0)
(0 -1.2598214e-05 0)
(0 -1.4439479e-05 0)
(0 -1.2327769e-05 0)
(0 -4.3977167e-06 0)
(0 -4.2918982e-06 0)
(0 -4.6399075e-06 0)
(0 -1.3750788e-05 0)
(0 -1.1917054e-05 0)
(0 -1.3627221e-05 0)
(0 -1.202463e-05 0)
(0 -4.392164e-06 0)
(0 -4.2803661e-06 0)
(0 -4.6358641e-06 0)
(0 -1.3742788e-05 0)
(0 -1.190084e-05 0)
(0 -1.3618801e-05 0)
(0 -1.2012056e-05 0)
(0 -4.3549425e-06 0)
(0 -4.0863797e-06 0)
(0 -4.461012e-06 0)
(0 -1.4285611e-05 0)
(0 -1.2117076e-05 0)
(0 -1.386022e-05 0)
(0 -1.2491352e-05 0)
(0 -4.8642559e-06 0)
(0 -4.2589034e-06 0)
(0 -4.6548421e-06 0)
(0 -1.4896084e-05 0)
(0 -1.3579347e-05 0)
(0 -1.5532575e-05 0)
(0 -1.3020042e-05 0)
(0 -4.3509499e-06 0)
(0 -4.0726943e-06 0)
(0 -4.4556182e-06 0)
(0 -1.4274812e-05 0)
(0 -1.2100132e-05 0)
(0 -1.3851123e-05 0)
(0 -1.2473363e-05 0)
(0 -4.8597743e-06 0)
(0 -4.2455923e-06 0)
(0 -4.6493276e-06 0)
(0 -1.4884719e-05 0)
(0 -1.3560634e-05 0)
(0 -1.5522316e-05 0)
(0 -1.3001246e-05 0)
(0 -5.1045684e-06 0)
(0 -4.9016561e-06 0)
(0 -5.3544836e-06 0)
(0 -1.70049e-05 0)
(0 -1.4218661e-05 0)
(0 -1.6265459e-05 0)
(0 -1.4871198e-05 0)
(0 -6.058042e-06 0)
(0 -5.1795354e-06 0)
(0 -5.6511344e-06 0)
(0 -1.7868301e-05 0)
(0 -1.6539479e-05 0)
(0 -1.890604e-05 0)
(0 -1.5627791e-05 0)
(0 -5.098456e-06 0)
(0 -4.8876291e-06 0)
(0 -5.3492987e-06 0)
(0 -1.6992521e-05 0)
(0 -1.4199108e-05 0)
(0 -1.6254862e-05 0)
(0 -1.4851268e-05 0)
(0 -6.0481232e-06 0)
(0 -5.1683184e-06 0)
(0 -5.647076e-06 0)
(0 -1.7855334e-05 0)
(0 -1.6518245e-05 0)
(0 -1.8894618e-05 0)
(0 -1.5606525e-05 0)
(0 -6.6984541e-06 0)
(0 -7.178121e-06 0)
(0 -7.7506397e-06 0)
(0 -2.2427663e-05 0)
(0 -1.7814864e-05 0)
(0 -2.0369792e-05 0)
(0 -1.961586e-05 0)
(0 -1.2968114e-05 0)
(0 -8.9430166e-06 0)
(0 -9.6508054e-06 0)
(0 -2.5198219e-05 0)
(0 -2.4578584e-05 0)
(0 -2.8203263e-05 0)
(0 -2.2012139e-05 0)
(0 -6.6925509e-06 0)
(0 -7.1592617e-06 0)
(0 -7.7419348e-06 0)
(0 -2.24144e-05 0)
(0 -1.7792683e-05 0)
(0 -2.0358202e-05 0)
(0 -1.9594774e-05 0)
(0 -7.2244218e-07 0)
(0 -4.7745413e-07 0)
(0 -5.4099466e-07 0)
(0 -1.3729353e-06 0)
(0 -1.250244e-06 0)
(0 -1.5066743e-06 0)
(0 -1.1400909e-06 0)
(0 -3.7703023e-07 0)
(0 -3.7675849e-07 0)
(0 -4.2821158e-07 0)
(0 -1.2467724e-06 0)
(0 -9.614616e-07 0)
(0 -1.1578029e-06 0)
(0 -1.0357606e-06 0)
(0 -3.7681839e-07 0)
(0 -3.7618309e-07 0)
(0 -4.2801233e-07 0)
(0 -1.2461725e-06 0)
(0 -9.603437e-07 0)
(0 -1.1572004e-06 0)
(0 -1.0348982e-06 0)
(0 -3.496863e-07 0)
(0 -2.9274824e-07 0)
(0 -3.3796687e-07 0)
(0 -1.0822088e-06 0)
(0 -9.1920261e-07 0)
(0 -1.1070144e-06 0)
(0 -8.9852314e-07 0)
(0 -3.3381599e-07 0)
(0 -2.89529e-07 0)
(0 -3.3476693e-07 0)
(0 -1.0732255e-06 0)
(0 -8.8833179e-07 0)
(0 -1.0702904e-06 0)
(0 -8.9077851e-07 0)
(0 -3.4930776e-07 0)
(0 -2.9200931e-07 0)
(0 -3.3769994e-07 0)
(0 -1.0814978e-06 0)
(0 -9.1802047e-07 0)
(0 -1.1063641e-06 0)
(0 -8.9739589e-07 0)
(0 -3.3352166e-07 0)
(0 -2.8881495e-07 0)
(0 -3.3441642e-07 0)
(0 -1.0725171e-06 0)
(0 -8.8725005e-07 0)
(0 -1.0696996e-06 0)
(0 -8.8966912e-07 0)
(0 -3.3429173e-07 0)
(0 -2.9065755e-07 0)
(0 -3.3605298e-07 0)
(0 -1.0771947e-06 0)
(0 -8.8950599e-07 0)
(0 -1.0717651e-06 0)
(0 -8.9410395e-07 0)
(0 -3.5281689e-07 0)
(0 -2.9469123e-07 0)
(0 -3.4019433e-07 0)
(0 -1.0890313e-06 0)
(0 -9.2711542e-07 0)
(0 -1.1165168e-06 0)
(0 -9.0420514e-07 0)
(0 -3.3402524e-07 0)
(0 -2.8989913e-07 0)
(0 -3.3568747e-07 0)
(0 -1.0764745e-06 0)
(0 -8.8848797e-07 0)
(0 -1.0711923e-06 0)
(0 -8.9293353e-07 0)
(0 -3.5241836e-07 0)
(0 -2.9391688e-07 0)
(0 -3.3991541e-07 0)
(0 -1.0882896e-06 0)
(0 -9.2587617e-07 0)
(0 -1.1158369e-06 0)
(0 -9.0301238e-07 0)
(0 -3.8134664e-07 0)
(0 -3.8198971e-07 0)
(0 -4.3413607e-07 0)
(0 -1.2634309e-06 0)
(0 -9.721795e-07 0)
(0 -1.1707013e-06 0)
(0 -1.0496096e-06 0)
(0 -7.3579085e-07 0)
(0 -4.8514047e-07 0)
(0 -5.4969469e-07 0)
(0 -1.3944752e-06 0)
(0 -1.272416e-06 0)
(0 -1.5334386e-06 0)
(0 -1.1579582e-06 0)
(0 -3.8111794e-07 0)
(0 -3.8138733e-07 0)
(0 -4.3392878e-07 0)
(0 -1.2628004e-06 0)
(0 -9.710062e-07 0)
(0 -1.1700711e-06 0)
(0 -1.0486972e-06 0)
(0 -8.0461399e-07 0)
(0 -1.9026624e-06 0)
(0 -1.2776805e-06 0)
(0 -2.2851094e-06 0)
(0 -1.5231476e-06 0)
(0 -3.1626471e-06 0)
(0 -2.5443177e-06 0)
(0 -8.0322761e-07 0)
(0 -1.8974284e-06 0)
(0 -1.2745234e-06 0)
(0 -2.2829818e-06 0)
(0 -1.522009e-06 0)
(0 -3.1601447e-06 0)
(0 -2.5395409e-06 0)
(0 -1.0899805e-05 0)
(0 -2.375419e-05 0)
(0 -1.8430576e-05 0)
(0 -2.8540271e-05 0)
(0 -2.1971868e-05 0)
(0 -4.279937e-05 0)
(0 -3.4403039e-05 0)
(0 -1.0891892e-05 0)
(0 -2.3748802e-05 0)
(0 -1.8408133e-05 0)
(0 -2.8534221e-05 0)
(0 -2.1961036e-05 0)
(0 -4.2785278e-05 0)
(0 -3.4389128e-05 0)
(0 -4.8109825e-07 0)
(0 -8.0836564e-07 0)
(0 -1.0557959e-06 0)
(0 -9.6449274e-07 0)
(0 -1.2688257e-06 0)
(0 -1.8886794e-06 0)
(0 -1.5181995e-06 0)
(0 -4.8053002e-07 0)
(0 -8.0670032e-07 0)
(0 -1.0531506e-06 0)
(0 -9.6398487e-07 0)
(0 -1.2677405e-06 0)
(0 -1.887343e-06 0)
(0 -1.515706e-06 0)
(0 -1.9474694e-05 0)
(0 -3.0682769e-05 0)
(0 -4.6237507e-05 0)
(0 -3.6524689e-05 0)
(0 -5.5461847e-05 0)
(0 -7.5900031e-05 0)
(0 -6.1040216e-05 0)
(0 -1.9442973e-05 0)
(0 -3.0619843e-05 0)
(0 -4.6167721e-05 0)
(0 -3.6490705e-05 0)
(0 -5.5429077e-05 0)
(0 -7.5858458e-05 0)
(0 -6.0976489e-05 0)
(0 -5.1690971e-07 0)
(0 -1.1318107e-06 0)
(0 -8.6879809e-07 0)
(0 -1.3614227e-06 0)
(0 -1.0370938e-06 0)
(0 -2.0305278e-06 0)
(0 -1.6314059e-06 0)
(0 -5.165335e-07 0)
(0 -1.131327e-06 0)
(0 -8.6776353e-07 0)
(0 -1.3610722e-06 0)
(0 -1.0369141e-06 0)
(0 -2.0300632e-06 0)
(0 -1.630741e-06 0)
(0 -1.7513295e-05 0)
(0 -4.1308518e-05 0)
(0 -2.7567745e-05 0)
(0 -4.9872449e-05 0)
(0 -3.3057259e-05 0)
(0 -6.8618487e-05 0)
(0 -5.5033938e-05 0)
(0 -8.3049234e-07 0)
(0 -1.3203651e-06 0)
(0 -1.9596853e-06 0)
(0 -1.5746183e-06 0)
(0 -2.3545142e-06 0)
(0 -3.2635374e-06 0)
(0 -2.6246381e-06 0)
(0 -8.2927669e-07 0)
(0 -1.3179599e-06 0)
(0 -1.9565333e-06 0)
(0 -1.5738611e-06 0)
(0 -2.3530221e-06 0)
(0 -3.2621182e-06 0)
(0 -2.621966e-06 0)
(0 -9.9563361e-06 0)
(0 -1.6746863e-05 0)
(0 -2.1604541e-05 0)
(0 -2.0066829e-05 0)
(0 -2.608287e-05 0)
(0 -3.9050485e-05 0)
(0 -3.1325335e-05 0)
(0 -0.00087093318 0)
(0 -0.00060518303 0)
(0 -0.00093870619 0)
(0 -0.00061920593 0)
(0 -0.00094495543 0)
(0 -0.00082714287 0)
(0 -0.00080476072 0)
(0 -0.00097694207 0)
(0 -0.00095982152 0)
(0 -0.00096728854 0)
(0 -0.00089709577 0)
(0 -0.00089767098 0)
(0 -0.00092793533 0)
(0 -0.00086951572 0)
(0 -0.00097687566 0)
(0 -0.00095961356 0)
(0 -0.00096723251 0)
(0 -0.00089699407 0)
(0 -0.00089674219 0)
(0 -0.00092777966 0)
(0 -0.00086898161 0)
(0 -0.00099019274 0)
(0 -0.00097856527 0)
(0 -0.00098833359 0)
(0 -0.00096450068 0)
(0 -0.00093446144 0)
(0 -0.00097041845 0)
(0 -0.00092857093 0)
(0 -0.000982379 0)
(0 -0.0009761224 0)
(0 -0.00098573384 0)
(0 -0.00095613914 0)
(0 -0.00091196693 0)
(0 -0.0009454022 0)
(0 -0.00092087398 0)
(0 -0.00099014311 0)
(0 -0.00097834949 0)
(0 -0.00098830364 0)
(0 -0.00096446487 0)
(0 -0.00093341292 0)
(0 -0.00097032173 0)
(0 -0.00092797059 0)
(0 -0.0009945676 0)
(0 -0.0009832428 0)
(0 -0.00099374026 0)
(0 -0.00098196708 0)
(0 -0.00094655362 0)
(0 -0.00098457646 0)
(0 -0.00094345884 0)
(0 -0.00099168188 0)
(0 -0.0009822018 0)
(0 -0.00099276155 0)
(0 -0.00097884196 0)
(0 -0.0009376582 0)
(0 -0.00097533742 0)
(0 -0.00094021179 0)
(0 -0.0009945249 0)
(0 -0.00098302373 0)
(0 -0.00099372045 0)
(0 -0.00098195884 0)
(0 -0.00094545854 0)
(0 -0.00098450549 0)
(0 -0.00094283901 0)
(0 -0.00099689447 0)
(0 -0.00098553176 0)
(0 -0.00099639935 0)
(0 -0.0009905877 0)
(0 -0.00095298386 0)
(0 -0.00099212687 0)
(0 -0.00095077096 0)
(0 -0.00099529857 0)
(0 -0.00098485947 0)
(0 -0.0009958561 0)
(0 -0.00098887297 0)
(0 -0.00094759944 0)
(0 -0.00098704246 0)
(0 -0.00094869586 0)
(0 -0.00099685586 0)
(0 -0.00098531135 0)
(0 -0.00099638517 0)
(0 -0.00099059486 0)
(0 -0.00095186375 0)
(0 -0.00099207123 0)
(0 -0.00095014199 0)
(0 -0.00099829624 0)
(0 -0.00098687774 0)
(0 -0.00099796638 0)
(0 -0.00099567153 0)
(0 -0.00095685336 0)
(0 -0.00099667741 0)
(0 -0.000955074 0)
(0 -0.00099731115 0)
(0 -0.00098638136 0)
(0 -0.00099763283 0)
(0 -0.00099463712 0)
(0 -0.0009531225 0)
(0 -0.00099356564 0)
(0 -0.00095355857 0)
(0 -0.00099826024 0)
(0 -0.00098665666 0)
(0 -0.00099795573 0)
(0 -0.00099568837 0)
(0 -0.00095571809 0)
(0 -0.00099663153 0)
(0 -0.0009544399 0)
(0 -0.00099920694 0)
(0 -0.0009877375 0)
(0 -0.00099896856 0)
(0 -0.0009989242 0)
(0 -0.00095936569 0)
(0 -0.00099963453 0)
(0 -0.00095782394 0)
(0 -0.00099855091 0)
(0 -0.00098733571 0)
(0 -0.0009987485 0)
(0 -0.00099825794 0)
(0 -0.00095652141 0)
(0 -0.00099758619 0)
(0 -0.0009566092 0)
(0 -0.00099917269 0)
(0 -0.00098751604 0)
(0 -0.00099896024 0)
(0 -0.00099894745 0)
(0 -0.00095822053 0)
(0 -0.00099959522 0)
(0 -0.00095718664 0)
(0 -0.00099983109 0)
(0 -0.00098831984 0)
(0 -0.00099964787 0)
(0 -0.0010011296 0)
(0 -0.00096108682 0)
(0 -0.0010016615 0)
(0 -0.00095968711 0)
(0 -0.0009993694 0)
(0 -0.00098797383 0)
(0 -0.00099949511 0)
(0 -0.0010006816 0)
(0 -0.00095876405 0)
(0 -0.0010002415 0)
(0 -0.00095864956 0)
(0 -0.00099979807 0)
(0 -0.00098809813 0)
(0 -0.00099964117 0)
(0 -0.0010011573 0)
(0 -0.00095993487 0)
(0 -0.0010016268 0)
(0 -0.00095904767 0)
(0 -0.0010002753 0)
(0 -0.00098873088 0)
(0 -0.0010001276 0)
(0 -0.0010026874 0)
(0 -0.00096231134 0)
(0 -0.0010031042 0)
(0 -0.00096100249 0)
(0 -0.00099993681 0)
(0 -0.00098842018 0)
(0 -0.0010000177 0)
(0 -0.0010023781 0)
(0 -0.00096031815 0)
(0 -0.0010020828 0)
(0 -0.00096007704 0)
(0 -0.0010002432 0)
(0 -0.000988509 0)
(0 -0.0010001221 0)
(0 -0.0010027183 0)
(0 -0.00096115454 0)
(0 -0.0010030728 0)
(0 -0.00096036154 0)
(0 -0.0010005997 0)
(0 -0.00098902944 0)
(0 -0.0010004762 0)
(0 -0.0010038195 0)
(0 -0.00096320555 0)
(0 -0.0010041581 0)
(0 -0.00096195805 0)
(0 -0.0010003439 0)
(0 -0.0009887424 0)
(0 -0.001000395 0)
(0 -0.0010036035 0)
(0 -0.00096143277 0)
(0 -0.0010034039 0)
(0 -0.00096110765 0)
(0 -0.0010005683 0)
(0 -0.00098880745 0)
(0 -0.0010004715 0)
(0 -0.0010038527 0)
(0 -0.00096204522 0)
(0 -0.0010041291 0)
(0 -0.00096131603 0)
(0 -0.0010008406 0)
(0 -0.0009892504 0)
(0 -0.0010007343 0)
(0 -0.0010046576 0)
(0 -0.00096386944 0)
(0 -0.0010049407 0)
(0 -0.00096266532 0)
(0 -0.0010006428 0)
(0 -0.00098897995 0)
(0 -0.0010006733 0)
(0 -0.0010045072 0)
(0 -0.0009622511 0)
(0 -0.0010043742 0)
(0 -0.00096186754 0)
(0 -0.0010008097 0)
(0 -0.00098902833 0)
(0 -0.0010007302 0)
(0 -0.0010046926 0)
(0 -0.00096270648 0)
(0 -0.0010049135 0)
(0 -0.0009620225 0)
(0 -0.0010010209 0)
(0 -0.00098941553 0)
(0 -0.0010009272 0)
(0 -0.0010052841 0)
(0 -0.00096436609 0)
(0 -0.0010055262 0)
(0 -0.00096319393 0)
(0 -0.0010008654 0)
(0 -0.0009891572 0)
(0 -0.001000881 0)
(0 -0.0010051817 0)
(0 -0.00096286042 0)
(0 -0.0010050968 0)
(0 -0.00096243455 0)
(0 -0.0010009903 0)
(0 -0.0009891934 0)
(0 -0.0010009236 0)
(0 -0.0010053204 0)
(0 -0.00096320117 0)
(0 -0.0010055005 0)
(0 -0.00096255052 0)
(0 -0.0010011554 0)
(0 -0.00098953896 0)
(0 -0.0010010714 0)
(0 -0.0010057525 0)
(0 -0.00096473671 0)
(0 -0.0010059632 0)
(0 -0.00096358905 0)
(0 -0.001001032 0)
(0 -0.0009892898 0)
(0 -0.0010010364 0)
(0 -0.0010056864 0)
(0 -0.00096331639 0)
(0 -0.0010056377 0)
(0 -0.00096285878 0)
(0 -0.0010011251 0)
(0 -0.00098931678 0)
(0 -0.0010010682 0)
(0 -0.0010057898 0)
(0 -0.00096357031 0)
(0 -0.0010059385 0)
(0 -0.0009629452 0)
(0 -0.0010012542 0)
(0 -0.00098963006 0)
(0 -0.0010011778 0)
(0 -0.0010060983 0)
(0 -0.00096500877 0)
(0 -0.001006284 0)
(0 -0.00096388071 0)
(0 -0.001001156 0)
(0 -0.00098938812 0)
(0 -0.0010011517 0)
(0 -0.0010060606 0)
(0 -0.00096365562 0)
(0 -0.0010060401 0)
(0 -0.00096317334 0)
(0 -0.001001224 0)
(0 -0.00098940785 0)
(0 -0.0010011749 0)
(0 -0.0010061363 0)
(0 -0.0009638413 0)
(0 -0.0010062601 0)
(0 -0.00096323654 0)
(0 -0.0010013238 0)
(0 -0.00098969512 0)
(0 -0.0010012539 0)
(0 -0.0010063453 0)
(0 -0.00096520067 0)
(0 -0.0010065104 0)
(0 -0.00096408902 0)
(0 -0.0010012462 0)
(0 -0.0009894591 0)
(0 -0.0010012349 0)
(0 -0.0010063309 0)
(0 -0.00096390261 0)
(0 -0.0010063331 0)
(0 -0.00096340042 0)
(0 -0.0010012938 0)
(0 -0.00098947289 0)
(0 -0.0010012511 0)
(0 -0.0010063838 0)
(0 -0.00096403244 0)
(0 -0.001006487 0)
(0 -0.00096344462 0)
(0 -0.0010013687 0)
(0 -0.00098973828 0)
(0 -0.0010013043 0)
(0 -0.0010065091 0)
(0 -0.00096532434 0)
(0 -0.0010066563 0)
(0 -0.0009642272 0)
(0 -0.0010013087 0)
(0 -0.00098950733 0)
(0 -0.0010012914 0)
(0 -0.0010065145 0)
(0 -0.00096407365 0)
(0 -0.001006536 0)
(0 -0.00096355474 0)
(0 -0.0010013388 0)
(0 -0.00098951604 0)
(0 -0.0010013017 0)
(0 -0.001006548 0)
(0 -0.00096415564 0)
(0 -0.0010066332 0)
(0 -0.00096358266 0)
(0 -0.0010013914 0)
(0 -0.00098976206 0)
(0 -0.0010013321 0)
(0 -0.0010065993 0)
(0 -0.00096538685 0)
(0 -0.00100673 0)
(0 -0.0009643033 0)
(0 -0.0010013473 0)
(0 -0.00098953569 0)
(0 -0.0010013247 0)
(0 -0.0010066226 0)
(0 -0.00096417917 0)
(0 -0.0010066612 0)
(0 -0.0009636455 0)
(0 -0.0010013615 0)
(0 -0.00098953981 0)
(0 -0.0010013295 0)
(0 -0.0010066384 0)
(0 -0.00096421792 0)
(0 -0.0010067071 0)
(0 -0.00096365869 0)
(0 -0.0010013929 0)
(0 -0.00098976764 0)
(0 -0.0010013386 0)
(0 -0.0010066205 0)
(0 -0.00096539109 0)
(0 -0.0010067351 0)
(0 -0.00096432116 0)
(0 -0.0010013641 0)
(0 -0.00098954569 0)
(0 -0.0010013364 0)
(0 -0.0010066607 0)
(0 -0.00096422497 0)
(0 -0.0010067155 0)
(0 -0.0009636775 0)
(0 -0.001001363 0)
(0 -0.00098954539 0)
(0 -0.001001336 0)
(0 -0.0010066596 0)
(0 -0.00096422216 0)
(0 -0.0010067122 0)
(0 -0.00096367655 0)
(0 -0.0010013729 0)
(0 -0.00098975499 0)
(0 -0.0010013238 0)
(0 -0.0010065724 0)
(0 -0.00096533601 0)
(0 -0.0010066702 0)
(0 -0.00096428068 0)
(0 -0.0010013597 0)
(0 -0.0009895376 0)
(0 -0.0010013269 0)
(0 -0.00100663 0)
(0 -0.00096421285 0)
(0 -0.0010067011 0)
(0 -0.00096365162 0)
(0 -0.001001343 0)
(0 -0.00098953276 0)
(0 -0.0010013212 0)
(0 -0.0010066114 0)
(0 -0.00096416733 0)
(0 -0.0010066472 0)
(0 -0.00096363613 0)
(0 -0.0010013294 0)
(0 -0.0009897228 0)
(0 -0.0010012862 0)
(0 -0.0010064501 0)
(0 -0.00096521623 0)
(0 -0.001006529 0)
(0 -0.0009641776 0)
(0 -0.0010013333 0)
(0 -0.00098951042 0)
(0 -0.0010012951 0)
(0 -0.0010065266 0)
(0 -0.00096414064 0)
(0 -0.0010066154 0)
(0 -0.00096356469 0)
(0 -0.0010012994 0)
(0 -0.00098950059 0)
(0 -0.0010012835 0)
(0 -0.0010064889 0)
(0 -0.00096404807 0)
(0 -0.0010065057 0)
(0 -0.00096353318 0)
(0 -0.0010012584 0)
(0 -0.00098966813 0)
(0 -0.0010012223 0)
(0 -0.0010062425 0)
(0 -0.00096502092 0)
(0 -0.0010062988 0)
(0 -0.00096400258 0)
(0 -0.0010012825 0)
(0 -0.00098946167 0)
(0 -0.0010012379 0)
(0 -0.0010063411 0)
(0 -0.00096400158 0)
(0 -0.0010064503 0)
(0 -0.00096340876 0)
(0 -0.0010012283 0)
(0 -0.00098944595 0)
(0 -0.0010012194 0)
(0 -0.0010062808 0)
(0 -0.00096385357 0)
(0 -0.0010062749 0)
(0 -0.0009633584 0)
(0 -0.0010011533 0)
(0 -0.00098958589 0)
(0 -0.0010011261 0)
(0 -0.0010059302 0)
(0 -0.00096473144 0)
(0 -0.0010059576 0)
(0 -0.00096373927 0)
(0 -0.0010012027 0)
(0 -0.00098938688 0)
(0 -0.0010011503 0)
(0 -0.0010060565 0)
(0 -0.00096378304 0)
(0 -0.0010061909 0)
(0 -0.00096316951 0)
(0 -0.0010011229 0)
(0 -0.00098936375 0)
(0 -0.0010011231 0)
(0 -0.0010059679 0)
(0 -0.00096356532 0)
(0 -0.0010059329 0)
(0 -0.00096309543 0)
(0 -0.0010010027 0)
(0 -0.00098946756 0)
(0 -0.0010009879 0)
(0 -0.001005481 0)
(0 -0.00096431692 0)
(0 -0.0010054691 0)
(0 -0.00096336047 0)
(0 -0.0010010861 0)
(0 -0.00098927853 0)
(0 -0.0010010233 0)
(0 -0.0010056444 0)
(0 -0.00096346365 0)
(0 -0.0010058119 0)
(0 -0.00096282295 0)
(0 -0.0010009721 0)
(0 -0.00098924549 0)
(0 -0.0010009845 0)
(0 -0.0010055177 0)
(0 -0.00096315254 0)
(0 -0.0010054433 0)
(0 -0.00096271712 0)
(0 -0.0010007878 0)
(0 -0.00098929891 0)
(0 -0.0010007908 0)
(0 -0.0010048409 0)
(0 -0.00096372516 0)
(0 -0.0010047718 0)
(0 -0.0009628206 0)
(0 -0.0010009197 0)
(0 -0.00098912414 0)
(0 -0.0010008425 0)
(0 -0.0010050572 0)
(0 -0.00096300798 0)
(0 -0.0010052711 0)
(0 -0.00096232918 0)
(0 -0.0010007567 0)
(0 -0.00098907693 0)
(0 -0.0010007869 0)
(0 -0.0010048762 0)
(0 -0.00096256327 0)
(0 -0.0010047444 0)
(0 -0.00096217795 0)
(0 -0.0010004746 0)
(0 -0.00098905488 0)
(0 -0.0010005057 0)
(0 -0.0010039149 0)
(0 -0.00096286286 0)
(0 -0.0010037559 0)
(0 -0.00096203957 0)
(0 -0.0010006814 0)
(0 -0.00098890211 0)
(0 -0.0010005824 0)
(0 -0.001004213 0)
(0 -0.00096235547 0)
(0 -0.0010044969 0)
(0 -0.00096161916 0)
(0 -0.0010004429 0)
(0 -0.00098883304 0)
(0 -0.0010005011 0)
(0 -0.0010039484 0)
(0 -0.00096170462 0)
(0 -0.0010037262 0)
(0 -0.00096139796 0)
(0 -0.00099999648 0)
(0 -0.00098868756 0)
(0 -0.0010000767 0)
(0 -0.0010025218 0)
(0 -0.00096154657 0)
(0 -0.0010022056 0)
(0 -0.00096086425 0)
(0 -0.001000331 0)
(0 -0.00098857215 0)
(0 -0.0010001959 0)
(0 -0.001002959 0)
(0 -0.00096139569 0)
(0 -0.0010033584 0)
(0 -0.00096056427 0)
(0 -0.00099996388 0)
(0 -0.00098846596 0)
(0 -0.0010000711 0)
(0 -0.0010025524 0)
(0 -0.00096039399 0)
(0 -0.0010021723 0)
(0 -0.00096022423 0)
(0 -0.00099919717 0)
(0 -0.00098809103 0)
(0 -0.00099937964 0)
(0 -0.0010002592 0)
(0 -0.00095935019 0)
(0 -0.00099961557 0)
(0 -0.0009589565 0)
(0 -0.00099978623 0)
(0 -0.00098804923 0)
(0 -0.00099958354 0)
(0 -0.0010009726 0)
(0 -0.00095990429 0)
(0 -0.0010015892 0)
(0 -0.00095889336 0)
(0 -0.00099916307 0)
(0 -0.00098786986 0)
(0 -0.00099937238 0)
(0 -0.0010002853 0)
(0 -0.00095820735 0)
(0 -0.00099957659 0)
(0 -0.0009583193 0)
(0 -0.00099752231 0)
(0 -0.00098694828 0)
(0 -0.00099803319 0)
(0 -0.00099589731 0)
(0 -0.00095476022 0)
(0 -0.00099421661 0)
(0 -0.00095530115 0)
(0 -0.00099884131 0)
(0 -0.00098710538 0)
(0 -0.00099847197 0)
(0 -0.0009973718 0)
(0 -0.00095732767 0)
(0 -0.00099852244 0)
(0 -0.00095587937 0)
(0 -0.00099748487 0)
(0 -0.00098672806 0)
(0 -0.0009980228 0)
(0 -0.00099591468 0)
(0 -0.00095363524 0)
(0 -0.00099416562 0)
(0 -0.00095466973 0)
(0 -0.00098331034 0)
(0 -0.00097962372 0)
(0 -0.00099236947 0)
(0 -0.00098096231 0)
(0 -0.00090471153 0)
(0 -0.00097217549 0)
(0 -0.00093607488 0)
(0 -0.0009966076 0)
(0 -0.00098375018 0)
(0 -0.00099522845 0)
(0 -0.00098750085 0)
(0 -0.00095106232 0)
(0 -0.00099140461 0)
(0 -0.00094603302 0)
(0 -0.00098297627 0)
(0 -0.00097913595 0)
(0 -0.00099230606 0)
(0 -0.00098090952 0)
(0 -0.00090256134 0)
(0 -0.00097190054 0)
(0 -0.00093524817 0)
(0 -4.3806217e-06 0)
(0 -4.2791504e-06 0)
(0 -4.6305813e-06 0)
(0 -1.3725876e-05 0)
(0 -1.1861531e-05 0)
(0 -1.3579321e-05 0)
(0 -1.1989218e-05 0)
(0 -4.3752732e-06 0)
(0 -4.2676203e-06 0)
(0 -4.6267115e-06 0)
(0 -1.3718276e-05 0)
(0 -1.1845608e-05 0)
(0 -1.3571545e-05 0)
(0 -1.1976825e-05 0)
(0 -4.8087654e-06 0)
(0 -4.2137369e-06 0)
(0 -4.6112822e-06 0)
(0 -1.4768355e-05 0)
(0 -1.3421153e-05 0)
(0 -1.5372375e-05 0)
(0 -1.2890946e-05 0)
(0 -4.3258784e-06 0)
(0 -4.0375915e-06 0)
(0 -4.4226661e-06 0)
(0 -1.4177321e-05 0)
(0 -1.2022724e-05 0)
(0 -1.377925e-05 0)
(0 -1.2372057e-05 0)
(0 -4.8045367e-06 0)
(0 -4.2007642e-06 0)
(0 -4.6060991e-06 0)
(0 -1.475771e-05 0)
(0 -1.3403209e-05 0)
(0 -1.5363209e-05 0)
(0 -1.2872757e-05 0)
(0 -5.9479953e-06 0)
(0 -5.0849678e-06 0)
(0 -5.5558155e-06 0)
(0 -1.7595924e-05 0)
(0 -1.6235555e-05 0)
(0 -1.8587654e-05 0)
(0 -1.5365287e-05 0)
(0 -5.0325085e-06 0)
(0 -4.8088244e-06 0)
(0 -5.2709321e-06 0)
(0 -1.676302e-05 0)
(0 -1.4010225e-05 0)
(0 -1.6061691e-05 0)
(0 -1.4628036e-05 0)
(0 -5.9393952e-06 0)
(0 -5.0723547e-06 0)
(0 -5.5513079e-06 0)
(0 -1.7583987e-05 0)
(0 -1.6214427e-05 0)
(0 -1.8577225e-05 0)
(0 -1.5344815e-05 0)
(0 -1.2616629e-05 0)
(0 -8.7111289e-06 0)
(0 -9.4133139e-06 0)
(0 -2.4642123e-05 0)
(0 -2.3951541e-05 0)
(0 -2.7526651e-05 0)
(0 -2.148949e-05 0)
(0 -6.557796e-06 0)
(0 -6.9901436e-06 0)
(0 -7.5710912e-06 0)
(0 -2.1960015e-05 0)
(0 -1.7434149e-05 0)
(0 -1.9981224e-05 0)
(0 -1.9164891e-05 0)
(0 -2.2864883e-05 0)
(0 -1.4219611e-05 0)
(0 -1.3748594e-05 0)
(0 -2.2409434e-05 0)
(0 -2.2864865e-05 0)
(0 -1.4214605e-05 0)
(0 -1.3744855e-05 0)
(0 -0.00010923284 0)
(0 -6.5774158e-05 0)
(0 -8.1076107e-05 0)
(0 -9.4409925e-05 0)
(0 -0.00010923612 0)
(0 -6.5782559e-05 0)
(0 -8.1099463e-05 0)
(0 -3.7643583e-06 0)
(0 -4.3618535e-06 0)
(0 -3.0947985e-06 0)
(0 -4.9935261e-06 0)
(0 -3.7627877e-06 0)
(0 -4.3616457e-06 0)
(0 -3.0937285e-06 0)
(0 -3.2011541e-06 0)
(0 -5.1649495e-06 0)
(0 -3.9016277e-06 0)
(0 -4.503217e-06 0)
(0 -3.2017897e-06 0)
(0 -5.165207e-06 0)
(0 -3.9029484e-06 0)
(0 -1.1247505e-05 0)
(0 -1.1900664e-05 0)
(0 -1.1232638e-05 0)
(0 -9.1513146e-06 0)
(0 -8.1830295e-06 0)
(0 -9.1450012e-06 0)
(0 -8.1664334e-06 0)
(0 -3.2875404e-05 0)
(0 -3.6474328e-05 0)
(0 -3.3633087e-05 0)
(0 -2.0294236e-05 0)
(0 -4.483303e-05 0)
(0 -2.4675322e-05 0)
(0 -2.5275103e-05 0)
(0 -0.00013294664 0)
(0 -0.00010690408 0)
(0 -0.0001329904 0)
(0 -8.691571e-05 0)
(0 -0.00011430986 0)
(0 -8.7034657e-05 0)
(0 -0.00011435501 0)
(0 -7.6102693e-06 0)
(0 -6.5526944e-06 0)
(0 -5.3616957e-06 0)
(0 -8.572646e-06 0)
(0 -7.608239e-06 0)
(0 -6.5518903e-06 0)
(0 -5.3601071e-06 0)
(0 -1.8241886e-06 0)
(0 -4.8298602e-06 0)
(0 -3.0366783e-06 0)
(0 -2.449021e-06 0)
(0 -3.9064635e-06 0)
(0 -2.9947987e-06 0)
(0 -1.5080564e-06 0)
(0 -6.2329485e-05 0)
(0 -3.6498521e-05 0)
(0 -4.5555161e-05 0)
(0 -6.1167439e-05 0)
(0 -5.6435074e-05 0)
(0 -7.7969508e-05 0)
(0 -4.64336e-05 0)
(0 -0.00015949155 0)
(0 -9.7126418e-05 0)
(0 -0.00013622812 0)
(0 -0.00012252886 0)
(0 -0.00015949526 0)
(0 -9.7119171e-05 0)
(0 -0.0001362234 0)
(0 -5.8216303e-06 0)
(0 -5.3295321e-06 0)
(0 -4.1931424e-06 0)
(0 -6.8234324e-06 0)
(0 -5.8210566e-06 0)
(0 -5.328604e-06 0)
(0 -4.1921699e-06 0)
(0 -6.7629153e-05 0)
(0 -6.3869813e-05 0)
(0 -6.3464939e-05 0)
(0 -3.540504e-05 0)
(0 -8.7246473e-05 0)
(0 -4.4275572e-05 0)
(0 -5.1336508e-05 0)
(0 -0.00019629693 0)
(0 -0.00012497563 0)
(0 -0.00017725663 0)
(0 -0.00015107561 0)
(0 -0.00019630232 0)
(0 -0.00012496184 0)
(0 -0.00017725008 0)
(0 -4.9261251e-06 0)
(0 -5.923449e-06 0)
(0 -4.9210103e-06 0)
(0 -5.0402462e-06 0)
(0 -3.9327075e-06 0)
(0 -5.0379029e-06 0)
(0 -3.9265892e-06 0)
(0 -8.5930993e-05 0)
(0 -5.0761985e-05 0)
(0 -6.2942059e-05 0)
(0 -9.8181547e-05 0)
(0 -8.7359112e-05 0)
(0 -0.00011983331 0)
(0 -7.5067111e-05 0)
(0 -0.000282606 0)
(0 -0.00019937837 0)
(0 -0.00027327408 0)
(0 -0.0002175315 0)
(0 -0.00028262689 0)
(0 -0.00019938733 0)
(0 -0.00027332469 0)
(0 -8.2353063e-07 0)
(0 -2.2272257e-06 0)
(0 -1.190692e-06 0)
(0 -1.3045689e-06 0)
(0 -1.4567395e-06 0)
(0 -1.6826331e-06 0)
(0 -6.8113818e-07 0)
(0 -1.7071941e-06 0)
(0 -1.943078e-06 0)
(0 -1.7351195e-06 0)
(0 -1.0555379e-06 0)
(0 -2.3485371e-06 0)
(0 -1.3015494e-06 0)
(0 -1.3018133e-06 0)
(0 -9.4933841e-05 0)
(0 -0.00011154054 0)
(0 -8.6287582e-05 0)
(0 -0.00014815151 0)
(0 -0.00011491843 0)
(0 -0.00016587723 0)
(0 -0.00011952849 0)
(0 -6.4093261e-06 0)
(0 -5.2266908e-06 0)
(0 -6.411231e-06 0)
(0 -4.2029117e-06 0)
(0 -5.4587374e-06 0)
(0 -4.2087419e-06 0)
(0 -5.4607319e-06 0)
(0 -3.004901e-06 0)
(0 -1.7489051e-06 0)
(0 -2.1849223e-06 0)
(0 -2.9149081e-06 0)
(0 -2.7000523e-06 0)
(0 -3.7335621e-06 0)
(0 -2.2120556e-06 0)
(0 -0.00024783985 0)
(0 -0.00019715504 0)
(0 -0.00025804849 0)
(0 -0.00017980684 0)
(0 -0.00024827302 0)
(0 -0.0001977293 0)
(0 -0.00025832561 0)
(0 -4.5150162e-06 0)
(0 -7.4240691e-06 0)
(0 -6.2862168e-06 0)
(0 -5.7514139e-06 0)
(0 -4.5145773e-06 0)
(0 -7.4242874e-06 0)
(0 -6.2859295e-06 0)
(0 -3.0992065e-06 0)
(0 -2.9552433e-06 0)
(0 -1.6277209e-06 0)
(0 -2.9210049e-06 0)
(0 -2.0370444e-06 0)
(0 -4.0179971e-06 0)
(0 -2.3523797e-06 0)
(0 -0.00016183539 0)
(0 -0.00013933499 0)
(0 -0.00018113994 0)
(0 -0.00011429134 0)
(0 -0.0001620975 0)
(0 -0.00013938749 0)
(0 -0.00018124199 0)
(0 -5.578271e-06 0)
(0 -8.8659096e-06 0)
(0 -7.8614127e-06 0)
(0 -6.8581434e-06 0)
(0 -5.5775083e-06 0)
(0 -8.8660819e-06 0)
(0 -7.8610587e-06 0)
(0 -3.7956709e-06 0)
(0 -2.2173887e-06 0)
(0 -2.7522894e-06 0)
(0 -4.2698441e-06 0)
(0 -3.8322733e-06 0)
(0 -5.2604879e-06 0)
(0 -3.2643977e-06 0)
(0 -0.0001254587 0)
(0 -0.00011178015 0)
(0 -0.00014597222 0)
(0 -8.8976274e-05 0)
(0 -0.00012549616 0)
(0 -0.00011192776 0)
(0 -0.00014603124 0)
(0 -8.4065546e-06 0)
(0 -1.2222286e-05 0)
(0 -1.1537468e-05 0)
(0 -9.4099072e-06 0)
(0 -8.406161e-06 0)
(0 -1.2222416e-05 0)
(0 -1.1537577e-05 0)
(0 -2.8953511e-05 0)
(0 -2.9100202e-05 0)
(0 -3.2131799e-05 0)
(0 -3.8591814e-05 0)
(0 -4.2869045e-05 0)
(0 -5.2510815e-05 0)
(0 -3.7905872e-05 0)
(0 -0.00010264447 0)
(0 -9.8273239e-05 0)
(0 -0.00011956857 0)
(0 -7.9425573e-05 0)
(0 -0.00010295044 0)
(0 -9.8480037e-05 0)
(0 -0.00011970798 0)
(0 -0.00046497691 0)
(0 -0.00042841298 0)
(0 -0.00046744863 0)
(0 -0.00062945653 0)
(0 -0.00068074417 0)
(0 -0.00062933414 0)
(0 -0.00068048391 0)
(0 -0.00090595768 0)
(0 -0.00092004378 0)
(0 -0.00097318935 0)
(0 -0.00084109842 0)
(0 -0.00090417067 0)
(0 -0.00091971608 0)
(0 -0.00097093707 0)
(0 -0.00096830314 0)
(0 -0.00099912112 0)
(0 -0.0010207309 0)
(0 -0.00094190931 0)
(0 -0.00096626405 0)
(0 -0.00099727756 0)
(0 -0.0010182873 0)
(0 -0.0010037737 0)
(0 -0.0010333451 0)
(0 -0.001046519 0)
(0 -0.00098722864 0)
(0 -0.0010016031 0)
(0 -0.0010308802 0)
(0 -0.0010439834 0)
(0 -0.001025312 0)
(0 -0.0010531148 0)
(0 -0.0010621043 0)
(0 -0.0010137036 0)
(0 -0.0010230623 0)
(0 -0.0010503074 0)
(0 -0.0010595149 0)
(0 -0.0010393709 0)
(0 -0.0010655636 0)
(0 -0.0010722474 0)
(0 -0.0010304584 0)
(0 -0.0010370694 0)
(0 -0.0010625444 0)
(0 -0.0010696231 0)
(0 -0.001049031 0)
(0 -0.0010739084 0)
(0 -0.0010792045 0)
(0 -0.0010417271 0)
(0 -0.0010466939 0)
(0 -0.0010707488 0)
(0 -0.0010765562 0)
(0 -0.0010559151 0)
(0 -0.0010797535 0)
(0 -0.0010841568 0)
(0 -0.0010496376 0)
(0 -0.0010535525 0)
(0 -0.0010764962 0)
(0 -0.0010814914 0)
(0 -0.0010609516 0)
(0 -0.0010839774 0)
(0 -0.0010877776 0)
(0 -0.0010553623 0)
(0 -0.0010585701 0)
(0 -0.0010806498 0)
(0 -0.0010850996 0)
(0 -0.001064723 0)
(0 -0.0010871028 0)
(0 -0.0010904933 0)
(0 -0.0010595997 0)
(0 -0.0010623194 0)
(0 -0.0010837221 0)
(0 -0.0010877959 0)
(0 -0.0010679497 0)
(0 -0.0010895327 0)
(0 -0.0010930332 0)
(0 -0.0010628055 0)
(0 -0.001065084 0)
(0 -0.0010860378 0)
(0 -0.0010897038 0)
(0 -0.0010717059 0)
(0 -0.0010946389 0)
(0 -0.0010979538 0)
(0 -0.0010647326 0)
(0 -0.0010649678 0)
(0 -0.0010867175 0)
(0 -0.0010864309 0)
(0 -0.0010715934 0)
(0 -0.0010960787 0)
(0 -0.0010956894 0)
(0 -0.0010663657 0)
(0 -0.0010688876 0)
(0 -0.0010879596 0)
(0 -0.0010923953 0)
(0 -0.0010726977 0)
(0 -0.0010936328 0)
(0 -0.0010964513 0)
(0 -0.0010682629 0)
(0 -0.0010698029 0)
(0 -0.0010899904 0)
(0 -0.0010930928 0)
(0 -0.0010753021 0)
(0 -0.0010975293 0)
(0 -0.0011006849 0)
(0 -0.0010685832 0)
(0 -0.0010681357 0)
(0 -0.0010895005 0)
(0 -0.0010886451 0)
(0 -0.0010753629 0)
(0 -0.0011011734 0)
(0 -0.001100796 0)
(0 -0.0010683409 0)
(0 -0.0010684782 0)
(0 -0.0010886534 0)
(0 -0.0010888349 0)
(0 -0.0010708822 0)
(0 -0.0010968477 0)
(0 -0.0010922764 0)
(0 -0.0010690701 0)
(0 -0.0010702113 0)
(0 -0.001089834 0)
(0 -0.0010908858 0)
(0 -0.0010739419 0)
(0 -0.0010962425 0)
(0 -0.0010988701 0)
(0 -0.0010691448 0)
(0 -0.0010685098 0)
(0 -0.0010898461 0)
(0 -0.0010889167 0)
(0 -0.001071246 0)
(0 -0.0010945984 0)
(0 -0.0010942871 0)
(0 -0.0010682724 0)
(0 -0.0010679883 0)
(0 -0.0010882389 0)
(0 -0.0010880546 0)
(0 -0.0010721414 0)
(0 -0.0010982924 0)
(0 -0.001097541 0)
(0 -0.0010673888 0)
(0 -0.0010669908 0)
(0 -0.0010880479 0)
(0 -0.001087775 0)
(0 -0.0010656937 0)
(0 -0.0010894351 0)
(0 -0.0010870538 0)
(0 -0.0010668472 0)
(0 -0.0010690496 0)
(0 -0.0010883354 0)
(0 -0.0010941371 0)
(0 -0.001068218 0)
(0 -0.0010876717 0)
(0 -0.001094496 0)
(0 -0.0010652694 0)
(0 -0.0010628447 0)
(0 -0.0010871533 0)
(0 -0.0010849443 0)
(0 -0.0010639988 0)
(0 -0.0010920329 0)
(0 -0.0010900504 0)
(0 -0.0010611794 0)
(0 -0.001061589 0)
(0 -0.0010843192 0)
(0 -0.0010871279 0)
(0 -0.0010552741 0)
(0 -0.0010844835 0)
(0 -0.0010796286 0)
(0 -0.0010582134 0)
(0 -0.0010578948 0)
(0 -0.0010829379 0)
(0 -0.0010842466 0)
(0 -0.0010486474 0)
(0 -0.001073689 0)
(0 -0.0010747047 0)
(0 -0.0010540776 0)
(0 -0.0010507414 0)
(0 -0.0010819634 0)
(0 -0.0010790368 0)
(0 -0.0010412445 0)
(0 -0.0010735474 0)
(0 -0.0010730782 0)
(0 -0.0010438347 0)
(0 -0.0010390635 0)
(0 -0.001072431 0)
(0 -0.0010707183 0)
(0 -0.0010208197 0)
(0 -0.0010639126 0)
(0 -0.0010575975 0)
(0 -0.0010283115 0)
(0 -0.001018564 0)
(0 -0.0010608595 0)
(0 -0.0010549729 0)
(0 -0.00096999839 0)
(0 -0.0010383224 0)
(0 -0.0010116822 0)
(0 -0.00099709313 0)
(0 -0.0009686665 0)
(0 -0.0010358117 0)
(0 -0.0010097157 0)
(0 -0.000866933 0)
(0 -0.00094566481 0)
(0 -0.00088013183 0)
(0 -0.00091247061 0)
(0 -0.00086686501 0)
(0 -0.00094482095 0)
(0 -0.00088006416 0)
(0 -0.00082204952 0)
(0 -0.00054280066 0)
(0 -0.0005555579 0)
(0 -0.00061032644 0)
(0 -0.0006074658 0)
(0 -0.00077519527 0)
(0 -0.00072108952 0)
(0 -0.00098233214 0)
(0 -0.00096846801 0)
(0 -0.00077379816 0)
(0 -0.00083824368 0)
(0 -0.00098822708 0)
(0 -0.00096631387 0)
(0 -0.00085232329 0)
(0 -0.0010171973 0)
(0 -0.0010327468 0)
(0 -0.00081369885 0)
(0 -0.0008763033 0)
(0 -0.0010391402 0)
(0 -0.0010119857 0)
(0 -0.00088118996 0)
(0 -0.0010325947 0)
(0 -0.0010585008 0)
(0 -0.00083151917 0)
(0 -0.00089125785 0)
(0 -0.0010617318 0)
(0 -0.0010299069 0)
(0 -0.00089399387 0)
(0 -0.0010415228 0)
(0 -0.0010730503 0)
(0 -0.00084188766 0)
(0 -0.00089964452 0)
(0 -0.0010748523 0)
(0 -0.0010399664 0)
(0 -0.00090142537 0)
(0 -0.0010471705 0)
(0 -0.001082114 0)
(0 -0.00084845429 0)
(0 -0.00090485499 0)
(0 -0.0010831538 0)
(0 -0.001046217 0)
(0 -0.00090612897 0)
(0 -0.0010509691 0)
(0 -0.0010881448 0)
(0 -0.00085287428 0)
(0 -0.00090831577 0)
(0 -0.0010887379 0)
(0 -0.0010503687 0)
(0 -0.00090929378 0)
(0 -0.0010536365 0)
(0 -0.0010923475 0)
(0 -0.00085597945 0)
(0 -0.00091072455 0)
(0 -0.0010926591 0)
(0 -0.0010532584 0)
(0 -0.00091151665 0)
(0 -0.0010555676 0)
(0 -0.0010953735 0)
(0 -0.00085822825 0)
(0 -0.00091245749 0)
(0 -0.001095498 0)
(0 -0.0010553374 0)
(0 -0.00091312629 0)
(0 -0.0010569999 0)
(0 -0.0010976059 0)
(0 -0.00085989682 0)
(0 -0.00091373559 0)
(0 -0.001097603 0)
(0 -0.0010568703 0)
(0 -0.00091432085 0)
(0 -0.0010581498 0)
(0 -0.0010993139 0)
(0 -0.00086125327 0)
(0 -0.00091472497 0)
(0 -0.0010992847 0)
(0 -0.0010580439 0)
(0 -0.0009153031 0)
(0 -0.0010432308 0)
(0 -0.0011011268 0)
(0 -0.00086751161 0)
(0 -0.00091778496 0)
(0 -0.0010847726 0)
(0 -0.0010580892 0)
(0 -0.00093042126 0)
(0 -0.0010586872 0)
(0 -0.00108599 0)
(0 -0.0008649004 0)
(0 -0.00093019599 0)
(0 -0.0011018785 0)
(0 -0.001043751 0)
(0 -0.00091871365 0)
(0 -0.0010600044 0)
(0 -0.0011022906 0)
(0 -0.00086342594 0)
(0 -0.00091645825 0)
(0 -0.0011020113 0)
(0 -0.0010600939 0)
(0 -0.00091686153 0)
(0 -0.0010445198 0)
(0 -0.0011031843 0)
(0 -0.00086908901 0)
(0 -0.00091897966 0)
(0 -0.0010866901 0)
(0 -0.0010595018 0)
(0 -0.00093156401 0)
(0 -0.0010437145 0)
(0 -0.0010877541 0)
(0 -0.00087112806 0)
(0 -0.00093306475 0)
(0 -0.0010873519 0)
(0 -0.0010436151 0)
(0 -0.00093393549 0)
(0 -0.0010560984 0)
(0 -0.0010877332 0)
(0 -0.00086399329 0)
(0 -0.0009307237 0)
(0 -0.0010999547 0)
(0 -0.0010451996 0)
(0 -0.00091757966 0)
(0 -0.001044987 0)
(0 -0.0011000596 0)
(0 -0.0008684715 0)
(0 -0.00091718006 0)
(0 -0.0010868985 0)
(0 -0.0010560728 0)
(0 -0.00093110347 0)
(0 -0.0010257956 0)
(0 -0.0010757823 0)
(0 -0.00086396643 0)
(0 -0.00092774768 0)
(0 -0.0010698403 0)
(0 -0.0010307678 0)
(0 -0.00092651408 0)
(0 -0.0010434764 0)
(0 -0.0010825847 0)
(0 -0.00086967795 0)
(0 -0.00093039703 0)
(0 -0.0010865409 0)
(0 -0.001038797 0)
(0 -0.00093281619 0)
(0 -0.0010391992 0)
(0 -0.0010743771 0)
(0 -0.00085722179 0)
(0 -0.00092478944 0)
(0 -0.0010836319 0)
(0 -0.001030925 0)
(0 -0.00091101512 0)
(0 -0.0010300219 0)
(0 -0.0010831407 0)
(0 -0.00086166209 0)
(0 -0.00091027349 0)
(0 -0.0010726328 0)
(0 -0.0010387612 0)
(0 -0.00092462368 0)
(0 -0.0010566086 0)
(0 -0.0010834847 0)
(0 -0.00086254191 0)
(0 -0.00092870416 0)
(0 -0.0010988439 0)
(0 -0.0010421333 0)
(0 -0.00091699016 0)
(0 -0.0010521344 0)
(0 -0.0010975001 0)
(0 -0.00085641557 0)
(0 -0.00091312376 0)
(0 -0.0010925217 0)
(0 -0.001057102 0)
(0 -0.00091120938 0)
(0 -0.0010339998 0)
(0 -0.0010759154 0)
(0 -0.00084827774 0)
(0 -0.00090380946 0)
(0 -0.0010748246 0)
(0 -0.0010346348 0)
(0 -0.00090365975 0)
(0 -0.0010511076 0)
(0 -0.0010861931 0)
(0 -0.00085199387 0)
(0 -0.00090712534 0)
(0 -0.0010887162 0)
(0 -0.0010477586 0)
(0 -0.00090855846 0)
(0 -0.0010447694 0)
(0 -0.0010826023 0)
(0 -0.00084599656 0)
(0 -0.00090544076 0)
(0 -0.0010800498 0)
(0 -0.0010466696 0)
(0 -0.00090428565 0)
(0 -0.0010282309 0)
(0 -0.0010658629 0)
(0 -0.00082766774 0)
(0 -0.00089542755 0)
(0 -0.0010574321 0)
(0 -0.0010350233 0)
(0 -0.0008894139 0)
(0 -0.00095788966 0)
(0 -0.00079272258 0)
(0 -0.00093278177 0)
(0 -0.00096638223 0)
(0 -0.00079380452 0)
(0 -0.00098084064 0)
(0 -0.00074440372 0)
(0 -0.00094744549 0)
(0 -0.00081225048 0)
(0 -0.00088048809 0)
(0 -0.00089291138 0)
(0 -0.00094758958 0)
(0 -0.00081239012 0)
(0 -0.00088064688 0)
(0 -0.0010018679 0)
(0 -0.00092497803 0)
(0 -0.00095073129 0)
(0 -0.00098149959 0)
(0 -0.0010020517 0)
(0 -0.00092514499 0)
(0 -0.00095090404 0)
(0 -0.0010309034 0)
(0 -0.0009755182 0)
(0 -0.00098987042 0)
(0 -0.0010197433 0)
(0 -0.001031113 0)
(0 -0.00097569472 0)
(0 -0.00099004904 0)
(0 -0.0010482682 0)
(0 -0.0010046168 0)
(0 -0.0010133782 0)
(0 -0.0010415596 0)
(0 -0.0010484943 0)
(0 -0.0010047981 0)
(0 -0.0010135606 0)
(0 -0.0010594881 0)
(0 -0.0010228606 0)
(0 -0.0010286074 0)
(0 -0.0010551795 0)
(0 -0.0010597254 0)
(0 -0.001023045 0)
(0 -0.0010287925 0)
(0 -0.0010671465 0)
(0 -0.0010350535 0)
(0 -0.0010390183 0)
(0 -0.0010642563 0)
(0 -0.0010673915 0)
(0 -0.0010352399 0)
(0 -0.0010392052 0)
(0 -0.0010725806 0)
(0 -0.0010435779 0)
(0 -0.0010464125 0)
(0 -0.0010705903 0)
(0 -0.0010728313 0)
(0 -0.0010437658 0)
(0 -0.0010466008 0)
(0 -0.0010765418 0)
(0 -0.0010497293 0)
(0 -0.001051806 0)
(0 -0.0010751551 0)
(0 -0.0010767967 0)
(0 -0.0010499183 0)
(0 -0.0010519953 0)
(0 -0.0010794801 0)
(0 -0.0010542639 0)
(0 -0.0010558087 0)
(0 -0.0010785171 0)
(0 -0.0010797381 0)
(0 -0.0010544537 0)
(0 -0.0010559986 0)
(0 -0.0010816784 0)
(0 -0.0010576483 0)
(0 -0.0010588045 0)
(0 -0.001081025 0)
(0 -0.0010819388 0)
(0 -0.0010578388 0)
(0 -0.0010589951 0)
(0 -0.0010833212 0)
(0 -0.0010601826 0)
(0 -0.0010610444 0)
(0 -0.0010829023 0)
(0 -0.0010835833 0)
(0 -0.0010603735 0)
(0 -0.0010612353 0)
(0 -0.0010845315 0)
(0 -0.0010620653 0)
(0 -0.0010626955 0)
(0 -0.0010842969 0)
(0 -0.0010847949 0)
(0 -0.0010622565 0)
(0 -0.0010628868 0)
(0 -0.0010853918 0)
(0 -0.0010634295 0)
(0 -0.0010638702 0)
(0 -0.0010853078 0)
(0 -0.0010856561 0)
(0 -0.0010636209 0)
(0 -0.0010640617 0)
(0 -0.0010859559 0)
(0 -0.0010643637 0)
(0 -0.0010646421 0)
(0 -0.0010860008 0)
(0 -0.0010862208 0)
(0 -0.0010645553 0)
(0 -0.0010648337 0)
(0 -0.0010862564 0)
(0 -0.001064924 0)
(0 -0.0010650556 0)
(0 -0.0010864177 0)
(0 -0.0010865217 0)
(0 -0.0010651157 0)
(0 -0.0010652473 0)
(0 -0.0010863079 0)
(0 -0.0010651404 0)
(0 -0.0010651309 0)
(0 -0.0010865807 0)
(0 -0.0010865732 0)
(0 -0.0010653321 0)
(0 -0.0010653227 0)
(0 -0.0010861083 0)
(0 -0.00106502 0)
(0 -0.0010648656 0)
(0 -0.0010864955 0)
(0 -0.0010863735 0)
(0 -0.0010652117 0)
(0 -0.0010650573 0)
(0 -0.0010856375 0)
(0 -0.0010645467 0)
(0 -0.0010642327 0)
(0 -0.0010861503 0)
(0 -0.0010859021 0)
(0 -0.0010647383 0)
(0 -0.0010644243 0)
(0 -0.001084853 0)
(0 -0.0010636775 0)
(0 -0.0010631756 0)
(0 -0.0010855136 0)
(0 -0.0010851168 0)
(0 -0.001063869 0)
(0 -0.001063367 0)
(0 -0.0010836812 0)
(0 -0.0010623337 0)
(0 -0.0010615955 0)
(0 -0.0010845273 0)
(0 -0.0010839437 0)
(0 -0.0010625249 0)
(0 -0.0010617867 0)
(0 -0.0010820001 0)
(0 -0.0010603835 0)
(0 -0.0010593294 0)
(0 -0.0010830945 0)
(0 -0.0010822609 0)
(0 -0.0010605743 0)
(0 -0.0010595201 0)
(0 -0.0010796049 0)
(0 -0.0010576093 0)
(0 -0.0010561039 0)
(0 -0.0010810542 0)
(0 -0.0010798632 0)
(0 -0.0010577996 0)
(0 -0.001056294 0)
(0 -0.0010761347 0)
(0 -0.0010536394 0)
(0 -0.0010514396 0)
(0 -0.0010781307 0)
(0 -0.0010763894 0)
(0 -0.001053829 0)
(0 -0.001051629 0)
(0 -0.001070895 0)
(0 -0.0010477966 0)
(0 -0.0010444224 0)
(0 -0.0010738189 0)
(0 -0.0010711444 0)
(0 -0.0010479851 0)
(0 -0.0010446105 0)
(0 -0.0010623391 0)
(0 -0.0010387154 0)
(0 -0.001033056 0)
(0 -0.0010670867 0)
(0 -0.0010625803 0)
(0 -0.0010389023 0)
(0 -0.0010332423 0)
(0 -0.0010458048 0)
(0 -0.0010231448 0)
(0 -0.0010117723 0)
(0 -0.001055364 0)
(0 -0.0010460317 0)
(0 -0.001023329 0)
(0 -0.0010119551 0)
(0 -0.00099545308 0)
(0 -0.00099058784 0)
(0 -0.00095898974 0)
(0 -0.0010287717 0)
(0 -0.00099563465 0)
(0 -0.00099076334 0)
(0 -0.0009591524 0)
(0 -0.00038182332 0)
(0 -0.00040846454 0)
(0 -0.00038185968 0)
(0 -0.0006359532 0)
(0 -0.0005869063 0)
(0 -0.00063599017 0)
(0 -0.0005869495 0)
(0 -1.3969369e-05 0)
(0 -1.4489474e-05 0)
(0 -1.3968683e-05 0)
(0 -2.2808676e-05 0)
(0 -2.3209544e-05 0)
(0 -2.280866e-05 0)
(0 -2.3209395e-05 0)
(0 -8.4584028e-06 0)
(0 -6.5483034e-06 0)
(0 -7.5938859e-06 0)
(0 -1.4874278e-05 0)
(0 -1.1904004e-05 0)
(0 -1.5494626e-05 0)
(0 -1.2317383e-05 0)
(0 -1.4828154e-05 0)
(0 -1.5264884e-05 0)
(0 -1.7090193e-05 0)
(0 -3.3330283e-05 0)
(0 -2.6224968e-05 0)
(0 -3.0359896e-05 0)
(0 -2.833259e-05 0)
(0 -7.7364304e-05 0)
(0 -6.2949637e-05 0)
(0 -7.7362707e-05 0)
(0 -9.0932974e-05 0)
(0 -0.00010488954 0)
(0 -9.0930897e-05 0)
(0 -0.00010488929 0)
(0 -5.897412e-06 0)
(0 -7.4374371e-06 0)
(0 -6.3203772e-06 0)
(0 -4.0098393e-06 0)
(0 -8.3980353e-06 0)
(0 -4.8457484e-06 0)
(0 -4.5453757e-06 0)
(0 -5.8911237e-06 0)
(0 -7.4336582e-06 0)
(0 -6.3094538e-06 0)
(0 -3.9989993e-06 0)
(0 -8.390789e-06 0)
(0 -4.8418184e-06 0)
(0 -4.5306232e-06 0)
(0 -4.5342813e-06 0)
(0 -3.2692037e-06 0)
(0 -4.0472355e-06 0)
(0 -1.6269943e-06 0)
(0 -5.5451081e-06 0)
(0 -2.0448832e-06 0)
(0 -3.4635293e-06 0)
(0 -2.5796016e-06 0)
(0 -6.6213423e-06 0)
(0 -4.777829e-06 0)
(0 -3.2809843e-06 0)
(0 -5.754061e-06 0)
(0 -3.8601812e-06 0)
(0 -2.2236987e-06 0)
(0 -1.0774219e-05 0)
(0 -2.9469909e-05 0)
(0 -1.9377378e-05 0)
(0 -1.5148446e-05 0)
(0 -2.3428615e-05 0)
(0 -1.7893454e-05 0)
(0 -9.2619092e-06 0)
(0 -3.2871361e-05 0)
(0 -3.6470732e-05 0)
(0 -3.3666146e-05 0)
(0 -2.0291743e-05 0)
(0 -4.4849102e-05 0)
(0 -2.466428e-05 0)
(0 -2.5310458e-05 0)
(0 -2.8172091e-05 0)
(0 -2.2250782e-05 0)
(0 -2.788621e-05 0)
(0 -1.0703716e-05 0)
(0 -3.6557814e-05 0)
(0 -1.3088084e-05 0)
(0 -2.1803296e-05 0)
(0 -1.8363051e-06 0)
(0 -4.8224625e-06 0)
(0 -3.0403873e-06 0)
(0 -2.4429878e-06 0)
(0 -3.9348001e-06 0)
(0 -2.99467e-06 0)
(0 -1.5107635e-06 0)
(0 -1.8043334e-05 0)
(0 -4.8811212e-05 0)
(0 -2.8258468e-05 0)
(0 -2.6301736e-05 0)
(0 -3.6681224e-05 0)
(0 -3.2203991e-05 0)
(0 -1.4862078e-05 0)
(0 -1.7963774e-05 0)
(0 -4.8869454e-05 0)
(0 -2.8318108e-05 0)
(0 -2.6347487e-05 0)
(0 -3.6499132e-05 0)
(0 -3.2200112e-05 0)
(0 -1.4876566e-05 0)
(0 -3.0987705e-06 0)
(0 -3.3434099e-06 0)
(0 -3.0995606e-06 0)
(0 -1.7373629e-06 0)
(0 -4.2636012e-06 0)
(0 -2.1733712e-06 0)
(0 -2.3453668e-06 0)
(0 -2.9145758e-06 0)
(0 -2.7581883e-06 0)
(0 -2.7348025e-06 0)
(0 -1.5261518e-06 0)
(0 -3.7617286e-06 0)
(0 -1.9094633e-06 0)
(0 -2.2133115e-06 0)
(0 -3.0973845e-06 0)
(0 -3.3425079e-06 0)
(0 -3.0983086e-06 0)
(0 -1.7348939e-06 0)
(0 -4.2624587e-06 0)
(0 -2.1722381e-06 0)
(0 -2.3436856e-06 0)
(0 -2.9132548e-06 0)
(0 -2.7574731e-06 0)
(0 -2.733822e-06 0)
(0 -1.5239129e-06 0)
(0 -3.7607851e-06 0)
(0 -1.9083795e-06 0)
(0 -2.2117425e-06 0)
(0 -7.2026459e-05 0)
(0 -7.8032064e-05 0)
(0 -7.2146334e-05 0)
(0 -4.0534554e-05 0)
(0 -9.9213316e-05 0)
(0 -5.0657366e-05 0)
(0 -5.4549143e-05 0)
(0 -6.7598505e-05 0)
(0 -6.3857019e-05 0)
(0 -6.3428884e-05 0)
(0 -3.5357893e-05 0)
(0 -8.7215927e-05 0)
(0 -4.4254223e-05 0)
(0 -5.130045e-05 0)
(0 -7.1992672e-05 0)
(0 -7.8021999e-05 0)
(0 -7.2121221e-05 0)
(0 -4.0480845e-05 0)
(0 -9.917856e-05 0)
(0 -5.0636877e-05 0)
(0 -5.4516355e-05 0)
(0 -8.2681502e-07 0)
(0 -2.2235594e-06 0)
(0 -1.1869314e-06 0)
(0 -1.3009811e-06 0)
(0 -1.4559725e-06 0)
(0 -1.6907423e-06 0)
(0 -6.7962786e-07 0)
(0 -4.5744636e-05 0)
(0 -0.00011996041 0)
(0 -6.0527953e-05 0)
(0 -7.6407471e-05 0)
(0 -7.3969943e-05 0)
(0 -9.830237e-05 0)
(0 -3.7850036e-05 0)
(0 -4.5724912e-05 0)
(0 -0.00011994197 0)
(0 -6.0493549e-05 0)
(0 -7.6390371e-05 0)
(0 -7.3942884e-05 0)
(0 -9.8286467e-05 0)
(0 -3.782387e-05 0)
(0 -1.6433091e-06 0)
(0 -1.8762912e-06 0)
(0 -1.6744139e-06 0)
(0 -1.0191934e-06 0)
(0 -2.2645101e-06 0)
(0 -1.2552044e-06 0)
(0 -1.2552962e-06 0)
(0 -1.6420018e-06 0)
(0 -1.8753938e-06 0)
(0 -1.671689e-06 0)
(0 -1.0164637e-06 0)
(0 -2.2626924e-06 0)
(0 -1.2543006e-06 0)
(0 -1.251678e-06 0)
(0 -1.3882225e-06 0)
(0 -1.1139459e-06 0)
(0 -1.3194868e-06 0)
(0 -5.1325736e-07 0)
(0 -1.8057853e-06 0)
(0 -6.4645353e-07 0)
(0 -1.0559402e-06 0)
(0 -0.00017797717 0)
(0 -0.00023920923 0)
(0 -0.00019499728 0)
(0 -0.00013076877 0)
(0 -0.00015550707 0)
(0 -0.00025562366 0)
(0 -0.00013829956 0)
(0 -0.00012860377 0)
(0 -8.6188637e-05 0)
(0 -0.00011500808 0)
(0 -4.7068554e-05 0)
(0 -0.00015019295 0)
(0 -5.7174278e-05 0)
(0 -0.00010017724 0)
(0 -0.00017824337 0)
(0 -0.00023995661 0)
(0 -0.00019580726 0)
(0 -0.00013139001 0)
(0 -0.00015589789 0)
(0 -0.00025617658 0)
(0 -0.00013874923 0)
(0 -5.7015587e-07 0)
(0 -1.5453886e-06 0)
(0 -1.0048266e-06 0)
(0 -7.6998756e-07 0)
(0 -1.2526107e-06 0)
(0 -9.2729132e-07 0)
(0 -4.7915412e-07 0)
(0 -9.9058951e-05 0)
(0 -0.00023168367 0)
(0 -0.00011667389 0)
(0 -0.00018637456 0)
(0 -0.00013420464 0)
(0 -0.00021812056 0)
(0 -8.7429736e-05 0)
(0 -5.8900755e-07 0)
(0 -1.5983222e-06 0)
(0 -1.0375807e-06 0)
(0 -7.9757157e-07 0)
(0 -1.2933148e-06 0)
(0 -9.600029e-07 0)
(0 -4.9512108e-07 0)
(0 -7.9120358e-05 0)
(0 -0.00019270614 0)
(0 -0.00015208171 0)
(0 -9.5473575e-05 0)
(0 -0.00011050049 0)
(0 -0.00017873672 0)
(0 -6.9456367e-05 0)
(0 -1.7070128e-06 0)
(0 -1.9433049e-06 0)
(0 -1.7369684e-06 0)
(0 -1.0554401e-06 0)
(0 -2.3495536e-06 0)
(0 -1.3011215e-06 0)
(0 -1.303505e-06 0)
(0 -1.4380992e-06 0)
(0 -1.1198625e-06 0)
(0 -1.4096758e-06 0)
(0 -5.4250942e-07 0)
(0 -6.6480455e-07 0)
(0 -1.850152e-06 0)
(0 -1.1108614e-06 0)
(0 -0.00015320137 0)
(0 -0.00020380065 0)
(0 -0.00011013439 0)
(0 -0.00016793934 0)
(0 -0.00013147374 0)
(0 -0.00022062172 0)
(0 -0.00011881843 0)
(0 -0.00015315661 0)
(0 -0.00020382986 0)
(0 -0.00010999054 0)
(0 -0.00016792933 0)
(0 -0.00013141821 0)
(0 -0.00022062807 0)
(0 -0.0001187503 0)
(0 -0.00011200926 0)
(0 -7.5480175e-05 0)
(0 -4.0658854e-05 0)
(0 -0.00010100911 0)
(0 -4.9512968e-05 0)
(0 -0.00013189772 0)
(0 -8.7338151e-05 0)
(0 -8.8035899e-07 0)
(0 -2.3707831e-06 0)
(0 -1.3819605e-06 0)
(0 -1.2688432e-06 0)
(0 -1.7959454e-06 0)
(0 -1.5560434e-06 0)
(0 -7.2381232e-07 0)
(0 -8.7645272e-07 0)
(0 -2.3742139e-06 0)
(0 -1.3847556e-06 0)
(0 -1.2710902e-06 0)
(0 -1.7867304e-06 0)
(0 -1.5559852e-06 0)
(0 -7.2460966e-07 0)
(0 -4.1307149e-05 0)
(0 -0.00010954009 0)
(0 -6.7544517e-05 0)
(0 -5.1807078e-05 0)
(0 -8.834972e-05 0)
(0 -6.8594435e-05 0)
(0 -3.3024198e-05 0)
(0 -4.0765473e-05 0)
(0 -0.00010731061 0)
(0 -6.8325751e-05 0)
(0 -5.4020846e-05 0)
(0 -8.778928e-05 0)
(0 -6.6262831e-05 0)
(0 -3.3643695e-05 0)
(0 -3.2678212e-06 0)
(0 -3.4940195e-06 0)
(0 -1.8230562e-06 0)
(0 -3.2523849e-06 0)
(0 -2.2809945e-06 0)
(0 -4.4745213e-06 0)
(0 -2.4737767e-06 0)
(0 -3.0979568e-06 0)
(0 -2.9547019e-06 0)
(0 -1.6256053e-06 0)
(0 -2.9203171e-06 0)
(0 -2.0360134e-06 0)
(0 -4.0173026e-06 0)
(0 -2.3508975e-06 0)
(0 -3.2665142e-06 0)
(0 -3.4933803e-06 0)
(0 -1.8207058e-06 0)
(0 -3.2515788e-06 0)
(0 -2.2799377e-06 0)
(0 -4.4737128e-06 0)
(0 -2.4722362e-06 0)
(0 -6.6144595e-05 0)
(0 -7.134844e-05 0)
(0 -3.7019073e-05 0)
(0 -6.6056781e-05 0)
(0 -4.6374756e-05 0)
(0 -9.0934263e-05 0)
(0 -5.0016898e-05 0)
(0 -6.2119439e-05 0)
(0 -5.8564841e-05 0)
(0 -3.2412379e-05 0)
(0 -5.81581e-05 0)
(0 -4.0618715e-05 0)
(0 -8.007659e-05 0)
(0 -4.715608e-05 0)
(0 -6.6139513e-05 0)
(0 -7.1353511e-05 0)
(0 -3.6997357e-05 0)
(0 -6.609526e-05 0)
(0 -4.6357304e-05 0)
(0 -9.0967199e-05 0)
(0 -5.0014481e-05 0)
(0 -6.2115989e-05 0)
(0 -5.8577803e-05 0)
(0 -3.2392701e-05 0)
(0 -5.8206371e-05 0)
(0 -4.0605499e-05 0)
(0 -8.010646e-05 0)
(0 -4.7159563e-05 0)
(0 -1.870933e-06 0)
(0 -4.9627234e-06 0)
(0 -2.5167484e-06 0)
(0 -3.1172782e-06 0)
(0 -3.0783919e-06 0)
(0 -4.0074825e-06 0)
(0 -1.5481508e-06 0)
(0 -1.870426e-06 0)
(0 -4.9624519e-06 0)
(0 -2.5150413e-06 0)
(0 -3.1158412e-06 0)
(0 -3.0775922e-06 0)
(0 -4.006712e-06 0)
(0 -1.5471988e-06 0)
(0 -1.6909671e-05 0)
(0 -4.6124229e-05 0)
(0 -2.3522807e-05 0)
(0 -2.5957714e-05 0)
(0 -3.0962274e-05 0)
(0 -3.4100577e-05 0)
(0 -1.3522632e-05 0)
(0 -1.6593854e-05 0)
(0 -4.4984834e-05 0)
(0 -2.4088224e-05 0)
(0 -2.6104391e-05 0)
(0 -2.9622912e-05 0)
(0 -3.3777981e-05 0)
(0 -1.3654664e-05 0)
(0 -6.0080111e-06 0)
(0 -7.5606884e-06 0)
(0 -4.0769345e-06 0)
(0 -6.4316974e-06 0)
(0 -4.9292337e-06 0)
(0 -8.5492713e-06 0)
(0 -4.6294059e-06 0)
(0 -4.6054451e-06 0)
(0 -3.2315934e-06 0)
(0 -1.6911067e-06 0)
(0 -4.2605527e-06 0)
(0 -2.0626304e-06 0)
(0 -5.5744778e-06 0)
(0 -3.5765412e-06 0)
(0 -6.0054843e-06 0)
(0 -7.5599041e-06 0)
(0 -4.0718422e-06 0)
(0 -6.4302109e-06 0)
(0 -4.9271054e-06 0)
(0 -8.5480346e-06 0)
(0 -4.625891e-06 0)
(0 -2.6159695e-06 0)
(0 -6.7215685e-06 0)
(0 -3.332929e-06 0)
(0 -4.8400042e-06 0)
(0 -3.9214278e-06 0)
(0 -5.8317612e-06 0)
(0 -2.2541816e-06 0)
(0 -1.0316325e-05 0)
(0 -2.8194417e-05 0)
(0 -1.4448162e-05 0)
(0 -1.8549929e-05 0)
(0 -1.70922e-05 0)
(0 -2.2463274e-05 0)
(0 -8.8519581e-06 0)
(0 -3.1253646e-05 0)
(0 -3.4824538e-05 0)
(0 -1.934922e-05 0)
(0 -3.2048606e-05 0)
(0 -2.3517742e-05 0)
(0 -4.2701245e-05 0)
(0 -2.4070079e-05 0)
(0 -2.6667896e-05 0)
(0 -2.0877479e-05 0)
(0 -1.0069646e-05 0)
(0 -2.6256404e-05 0)
(0 -1.2325879e-05 0)
(0 -3.4514326e-05 0)
(0 -2.0607347e-05 0)
(0 -3.1241617e-05 0)
(0 -3.4824673e-05 0)
(0 -1.9322079e-05 0)
(0 -3.2046426e-05 0)
(0 -2.3506225e-05 0)
(0 -4.2699582e-05 0)
(0 -2.40525e-05 0)
(0 -0.0010424697 0)
(0 -0.0010859129 0)
(0 -0.00086894898 0)
(0 -0.00093173042 0)
(0 -0.0010852376 0)
(0 -0.0010426627 0)
(0 -0.00093220289 0)
(0 -0.0010436524 0)
(0 -0.0010876407 0)
(0 -0.00087043785 0)
(0 -0.00093293454 0)
(0 -0.001087019 0)
(0 -0.0010435554 0)
(0 -0.00093326683 0)
(0 -0.0010436867 0)
(0 -0.0010876259 0)
(0 -0.00087107171 0)
(0 -0.00093277807 0)
(0 -0.001087264 0)
(0 -0.0010438459 0)
(0 -0.00093391354 0)
(0 -0.0010565619 0)
(0 -0.0010987916 0)
(0 -0.00086036117 0)
(0 -0.00091426101 0)
(0 -0.001098518 0)
(0 -0.0010566117 0)
(0 -0.00091443846 0)
(0 -0.0010439731 0)
(0 -0.001083077 0)
(0 -0.00086973583 0)
(0 -0.00093080943 0)
(0 -0.0010870336 0)
(0 -0.0010392806 0)
(0 -0.0009327458 0)
(0 -0.0010257061 0)
(0 -0.0010754542 0)
(0 -0.0008638345 0)
(0 -0.00092737533 0)
(0 -0.0010697126 0)
(0 -0.0010304135 0)
(0 -0.00092638128 0)
(0 -0.0010247693 0)
(0 -0.0010825824 0)
(0 -0.00086011716 0)
(0 -0.00091115846 0)
(0 -0.0010667589 0)
(0 -0.0010382229 0)
(0 -0.0009232278 0)
(0 -0.001024713 0)
(0 -0.0010823346 0)
(0 -0.00086008214 0)
(0 -0.00091102472 0)
(0 -0.0010666771 0)
(0 -0.0010381208 0)
(0 -0.00092322547 0)
(0 -0.0010433447 0)
(0 -0.0010819651 0)
(0 -0.0008694866 0)
(0 -0.00092979689 0)
(0 -0.0010863151 0)
(0 -0.0010386251 0)
(0 -0.00093269249 0)
(0 -0.0010305018 0)
(0 -0.0010825741 0)
(0 -0.00086247116 0)
(0 -0.00091159581 0)
(0 -0.0010727723 0)
(0 -0.0010387896 0)
(0 -0.0009258107 0)
(0 -0.0010384381 0)
(0 -0.001080788 0)
(0 -0.00086596709 0)
(0 -0.00092907991 0)
(0 -0.0010806734 0)
(0 -0.001038281 0)
(0 -0.0009296639 0)
(0 -0.0010374102 0)
(0 -0.0010844592 0)
(0 -0.00086575948 0)
(0 -0.0009302982 0)
(0 -0.0010797442 0)
(0 -0.001041915 0)
(0 -0.0009292316 0)
(0 -0.0010379631 0)
(0 -0.001072412 0)
(0 -0.00085604257 0)
(0 -0.00092486175 0)
(0 -0.0010812277 0)
(0 -0.0010300217 0)
(0 -0.00091093121 0)
(0 -0.0010513621 0)
(0 -0.0010754679 0)
(0 -0.00085744025 0)
(0 -0.00092459984 0)
(0 -0.0010925142 0)
(0 -0.0010357906 0)
(0 -0.0009133005 0)
(0 -0.0010256927 0)
(0 -0.001067346 0)
(0 -0.00085856061 0)
(0 -0.00092392871 0)
(0 -0.0010662683 0)
(0 -0.0010262364 0)
(0 -0.00092389478 0)
(0 -0.0010339878 0)
(0 -0.0010884923 0)
(0 -0.00085825021 0)
(0 -0.00091066579 0)
(0 -0.0010724005 0)
(0 -0.0010484431 0)
(0 -0.00092350382 0)
(0 -8.3904868e-06 0)
(0 -6.5094509e-06 0)
(0 -7.5454229e-06 0)
(0 -1.4782834e-05 0)
(0 -1.1819174e-05 0)
(0 -1.5379259e-05 0)
(0 -1.2250209e-05 0)
(0 -6.7683632e-06 0)
(0 -6.3592661e-06 0)
(0 -7.0647738e-06 0)
(0 -1.4595597e-05 0)
(0 -1.2603144e-05 0)
(0 -1.4526547e-05 0)
(0 -1.2480431e-05 0)
(0 -8.3891573e-06 0)
(0 -6.5065314e-06 0)
(0 -7.5441506e-06 0)
(0 -1.4781411e-05 0)
(0 -1.1817495e-05 0)
(0 -1.537781e-05 0)
(0 -1.2248359e-05 0)
(0 -6.7646404e-06 0)
(0 -6.3548878e-06 0)
(0 -7.062549e-06 0)
(0 -1.4593645e-05 0)
(0 -1.2598928e-05 0)
(0 -1.452362e-05 0)
(0 -1.2477867e-05 0)
(0 -6.3494968e-06 0)
(0 -4.8686846e-06 0)
(0 -5.2618782e-06 0)
(0 -1.4096602e-05 0)
(0 -1.2592231e-05 0)
(0 -1.4435185e-05 0)
(0 -1.2318533e-05 0)
(0 -1.2963637e-05 0)
(0 -8.9284569e-06 0)
(0 -9.6458118e-06 0)
(0 -2.5188544e-05 0)
(0 -2.4567396e-05 0)
(0 -2.8194912e-05 0)
(0 -2.1995651e-05 0)
(0 -1.5273782e-05 0)
(0 -1.5770355e-05 0)
(0 -1.7644259e-05 0)
(0 -3.4284688e-05 0)
(0 -2.6960209e-05 0)
(0 -3.1165124e-05 0)
(0 -2.9181395e-05 0)
(0 -2.5725239e-05 0)
(0 -1.7863494e-05 0)
(0 -2.0889418e-05 0)
(0 -3.8132593e-05 0)
(0 -3.3257431e-05 0)
(0 -4.3375148e-05 0)
(0 -3.1401118e-05 0)
(0 -1.526878e-05 0)
(0 -1.5763003e-05 0)
(0 -1.7641298e-05 0)
(0 -3.4279956e-05 0)
(0 -2.6951585e-05 0)
(0 -3.115865e-05 0)
(0 -2.9175692e-05 0)
(0 -2.5723424e-05 0)
(0 -1.7857501e-05 0)
(0 -2.088676e-05 0)
(0 -3.8128681e-05 0)
(0 -3.3253349e-05 0)
(0 -4.3371232e-05 0)
(0 -3.1396425e-05 0)
(0 -1.3105614e-06 0)
(0 -9.0857938e-07 0)
(0 -1.0857529e-06 0)
(0 -1.9182392e-06 0)
(0 -1.6078433e-06 0)
(0 -2.1433088e-06 0)
(0 -1.5282955e-06 0)
(0 -8.3088031e-07 0)
(0 -8.1167675e-07 0)
(0 -9.3711632e-07 0)
(0 -1.7586301e-06 0)
(0 -1.346844e-06 0)
(0 -1.6303735e-06 0)
(0 -1.4360925e-06 0)
(0 -1.3102979e-06 0)
(0 -9.0824754e-07 0)
(0 -1.0855553e-06 0)
(0 -1.9181174e-06 0)
(0 -1.6076738e-06 0)
(0 -2.1431456e-06 0)
(0 -1.5281717e-06 0)
(0 -8.3080897e-07 0)
(0 -8.1143003e-07 0)
(0 -9.3702169e-07 0)
(0 -1.7584921e-06 0)
(0 -1.3466753e-06 0)
(0 -1.6302048e-06 0)
(0 -1.4359746e-06 0)
(0 -7.2275375e-07 0)
(0 -4.7790873e-07 0)
(0 -5.4138306e-07 0)
(0 -1.3725774e-06 0)
(0 -1.2500128e-06 0)
(0 -1.5064253e-06 0)
(0 -1.1395617e-06 0)
(0 -7.3611048e-07 0)
(0 -4.8560174e-07 0)
(0 -5.5008902e-07 0)
(0 -1.3941027e-06 0)
(0 -1.2721897e-06 0)
(0 -1.5331875e-06 0)
(0 -1.1573974e-06 0)
(0 -8.4813227e-07 0)
(0 -8.30173e-07 0)
(0 -9.5860322e-07 0)
(0 -1.7972914e-06 0)
(0 -1.3737188e-06 0)
(0 -1.6629956e-06 0)
(0 -1.4675297e-06 0)
(0 -1.3458894e-06 0)
(0 -9.3112692e-07 0)
(0 -1.1128826e-06 0)
(0 -1.9642222e-06 0)
(0 -1.6490862e-06 0)
(0 -2.1984442e-06 0)
(0 -1.5647416e-06 0)
(0 -8.4806543e-07 0)
(0 -8.2995265e-07 0)
(0 -9.585275e-07 0)
(0 -1.7971713e-06 0)
(0 -1.3735609e-06 0)
(0 -1.6628376e-06 0)
(0 -1.4674467e-06 0)
(0 -1.3457087e-06 0)
(0 -9.3084146e-07 0)
(0 -1.1127198e-06 0)
(0 -1.9641496e-06 0)
(0 -1.6490451e-06 0)
(0 -2.1983806e-06 0)
(0 -1.5646812e-06 0)
(0 -4.0477644e-06 0)
(0 -4.7390762e-06 0)
(0 -3.7727642e-06 0)
(0 -6.2471797e-06 0)
(0 -4.9951262e-06 0)
(0 -7.0790872e-06 0)
(0 -5.187201e-06 0)
(0 -3.0796555e-05 0)
(0 -3.4263174e-05 0)
(0 -3.1327155e-05 0)
(0 -4.5308207e-05 0)
(0 -4.1251416e-05 0)
(0 -5.5364956e-05 0)
(0 -4.0653451e-05 0)
(0 -5.6462008e-06 0)
(0 -3.113663e-06 0)
(0 -3.883525e-06 0)
(0 -4.7895739e-06 0)
(0 -4.6989734e-06 0)
(0 -6.4992701e-06 0)
(0 -3.6253938e-06 0)
(0 -3.6551559e-06 0)
(0 -2.1410429e-06 0)
(0 -2.6567477e-06 0)
(0 -4.1312481e-06 0)
(0 -3.7015188e-06 0)
(0 -5.079853e-06 0)
(0 -3.1596578e-06 0)
(0 -5.6395304e-06 0)
(0 -3.106688e-06 0)
(0 -3.8807839e-06 0)
(0 -4.786243e-06 0)
(0 -4.6911297e-06 0)
(0 -6.4933933e-06 0)
(0 -3.6195714e-06 0)
(0 -3.6539263e-06 0)
(0 -2.1373568e-06 0)
(0 -2.6551076e-06 0)
(0 -4.1289607e-06 0)
(0 -3.6991303e-06 0)
(0 -5.0777629e-06 0)
(0 -3.1560081e-06 0)
(0 -6.1495443e-05 0)
(0 -3.3347878e-05 0)
(0 -4.13928e-05 0)
(0 -6.0354845e-05 0)
(0 -5.836925e-05 0)
(0 -8.0065236e-05 0)
(0 -4.6006121e-05 0)
(0 -6.2362659e-05 0)
(0 -3.6532582e-05 0)
(0 -4.556453e-05 0)
(0 -6.1168063e-05 0)
(0 -5.6475404e-05 0)
(0 -7.7990889e-05 0)
(0 -4.6448825e-05 0)
(0 -6.1490623e-05 0)
(0 -3.3313772e-05 0)
(0 -4.1382524e-05 0)
(0 -6.0341372e-05 0)
(0 -5.8363635e-05 0)
(0 -8.004889e-05 0)
(0 -4.599428e-05 0)
(0 -2.6685817e-06 0)
(0 -1.4545808e-06 0)
(0 -1.8064391e-06 0)
(0 -2.6459084e-06 0)
(0 -2.5423034e-06 0)
(0 -3.4882091e-06 0)
(0 -2.0165534e-06 0)
(0 -2.8096617e-06 0)
(0 -1.6342431e-06 0)
(0 -2.0391863e-06 0)
(0 -2.7128738e-06 0)
(0 -2.5173075e-06 0)
(0 -3.4789391e-06 0)
(0 -2.059945e-06 0)
(0 -2.6677925e-06 0)
(0 -1.4522336e-06 0)
(0 -1.8053919e-06 0)
(0 -2.6446989e-06 0)
(0 -2.5410219e-06 0)
(0 -3.4870761e-06 0)
(0 -2.0145842e-06 0)
(0 -2.8068377e-06 0)
(0 -1.6307309e-06 0)
(0 -2.0377635e-06 0)
(0 -2.7113038e-06 0)
(0 -2.5140566e-06 0)
(0 -3.4765348e-06 0)
(0 -2.0571533e-06 0)
(0 -0.00013807392 0)
(0 -7.5909126e-05 0)
(0 -9.4615841e-05 0)
(0 -0.00011528537 0)
(0 -0.00011355862 0)
(0 -0.00015708706 0)
(0 -8.7238464e-05 0)
(0 -8.5914174e-05 0)
(0 -5.0701314e-05 0)
(0 -6.2918963e-05 0)
(0 -9.8142307e-05 0)
(0 -8.7306489e-05 0)
(0 -0.00011979305 0)
(0 -7.5015661e-05 0)
(0 -0.00013803331 0)
(0 -7.5872061e-05 0)
(0 -9.4599649e-05 0)
(0 -0.00011524397 0)
(0 -0.00011353724 0)
(0 -0.00015705379 0)
(0 -8.7196615e-05 0)
(0 -1.4628879e-06 0)
(0 -1.6399759e-06 0)
(0 -1.4676316e-06 0)
(0 -1.9344472e-06 0)
(0 -2.1695393e-06 0)
(0 -2.6194813e-06 0)
(0 -1.9220613e-06 0)
(0 -0.00010741021 0)
(0 -9.728341e-05 0)
(0 -0.00012584826 0)
(0 -0.00012930073 0)
(0 -0.00016712439 0)
(0 -0.00018633684 0)
(0 -0.00013441236 0)
(0 -0.0001073964 0)
(0 -9.7260863e-05 0)
(0 -0.00012591669 0)
(0 -0.00012930032 0)
(0 -0.0001671021 0)
(0 -0.00018635341 0)
(0 -0.00013443356 0)
(0 -1.5370985e-06 0)
(0 -1.7181642e-06 0)
(0 -1.5489521e-06 0)
(0 -2.2738503e-06 0)
(0 -2.0408634e-06 0)
(0 -2.7553751e-06 0)
(0 -2.0217448e-06 0)
(0 -9.4931502e-05 0)
(0 -0.00011159942 0)
(0 -8.6469896e-05 0)
(0 -0.00014823963 0)
(0 -0.0001149542 0)
(0 -0.00016598067 0)
(0 -0.00011969921 0)
(0 -2.8713226e-06 0)
(0 -1.5644651e-06 0)
(0 -1.9435506e-06 0)
(0 -2.8483469e-06 0)
(0 -2.7375987e-06 0)
(0 -3.7567918e-06 0)
(0 -2.1702553e-06 0)
(0 -3.0073016e-06 0)
(0 -1.750537e-06 0)
(0 -2.1855652e-06 0)
(0 -2.9152949e-06 0)
(0 -2.7026084e-06 0)
(0 -3.7351194e-06 0)
(0 -2.2128395e-06 0)
(0 -2.8708872e-06 0)
(0 -1.5627328e-06 0)
(0 -1.9428583e-06 0)
(0 -2.8480382e-06 0)
(0 -2.7374502e-06 0)
(0 -3.7564861e-06 0)
(0 -2.1696802e-06 0)
(0 -7.8326632e-05 0)
(0 -4.5926036e-05 0)
(0 -5.7504498e-05 0)
(0 -8.9668311e-05 0)
(0 -7.8903187e-05 0)
(0 -0.00010878386 0)
(0 -6.7858975e-05 0)
(0 -0.0001232897 0)
(0 -6.7998385e-05 0)
(0 -8.4721389e-05 0)
(0 -0.00010366031 0)
(0 -0.00010223972 0)
(0 -0.00013970882 0)
(0 -7.8574145e-05 0)
(0 -7.8283841e-05 0)
(0 -4.5942672e-05 0)
(0 -5.7185394e-05 0)
(0 -8.9038478e-05 0)
(0 -7.9272498e-05 0)
(0 -0.00010890732 0)
(0 -6.7997105e-05 0)
(0 -5.8065435e-06 0)
(0 -3.2034014e-06 0)
(0 -3.9970298e-06 0)
(0 -4.93503e-06 0)
(0 -4.834247e-06 0)
(0 -6.6893619e-06 0)
(0 -3.7347164e-06 0)
(0 -3.7949252e-06 0)
(0 -2.2145474e-06 0)
(0 -2.7511198e-06 0)
(0 -4.26878e-06 0)
(0 -3.8313932e-06 0)
(0 -5.2595914e-06 0)
(0 -3.262521e-06 0)
(0 -5.8062184e-06 0)
(0 -3.2015038e-06 0)
(0 -3.9963427e-06 0)
(0 -4.9341004e-06 0)
(0 -4.8337017e-06 0)
(0 -6.6887237e-06 0)
(0 -3.73296e-06 0)
(0 -5.6242553e-05 0)
(0 -3.02676e-05 0)
(0 -3.7954968e-05 0)
(0 -5.534277e-05 0)
(0 -5.3002546e-05 0)
(0 -7.3005686e-05 0)
(0 -4.1647421e-05 0)
(0 -5.6244231e-05 0)
(0 -3.0385726e-05 0)
(0 -3.7832487e-05 0)
(0 -5.5105088e-05 0)
(0 -5.325871e-05 0)
(0 -7.3111005e-05 0)
(0 -4.1909129e-05 0)
(0 -5.6764016e-05 0)
(0 -3.330083e-05 0)
(0 -4.1518429e-05 0)
(0 -5.54979e-05 0)
(0 -5.1391304e-05 0)
(0 -7.0123266e-05 0)
(0 -4.2323007e-05 0)
(0 -4.1617191e-06 0)
(0 -3.8692276e-06 0)
(0 -4.8482119e-06 0)
(0 -5.1391482e-06 0)
(0 -6.4422865e-06 0)
(0 -7.3618865e-06 0)
(0 -5.3130058e-06 0)
(0 -4.1601905e-06 0)
(0 -3.8673363e-06 0)
(0 -4.8465687e-06 0)
(0 -5.138124e-06 0)
(0 -6.4415495e-06 0)
(0 -7.3611323e-06 0)
(0 -5.3120903e-06 0)
(0 -2.8935907e-05 0)
(0 -2.9120671e-05 0)
(0 -3.2140689e-05 0)
(0 -3.8571009e-05 0)
(0 -4.2879329e-05 0)
(0 -5.2530518e-05 0)
(0 -3.7936588e-05 0)
(0 -0.00043249511 0)
(0 -0.0004566403 0)
(0 -0.00049111901 0)
(0 -0.00072969434 0)
(0 -0.0005538512 0)
(0 -0.00067487821 0)
(0 -0.00067501041 0)
(0 -0.00043261405 0)
(0 -0.0004566196 0)
(0 -0.00049126236 0)
(0 -0.00072960447 0)
(0 -0.00055342068 0)
(0 -0.00067483412 0)
(0 -0.00067440711 0)
(0 -0.00083433362 0)
(0 -0.00065322601 0)
(0 -0.00081086223 0)
(0 -0.00086750017 0)
(0 -0.00088491398 0)
(0 -0.00080174441 0)
(0 -0.00076708991 0)
(0 -0.00083428746 0)
(0 -0.00065262647 0)
(0 -0.00086778273 0)
(0 -0.000809626 0)
(0 -0.00088481102 0)
(0 -0.00080193464 0)
(0 -0.00076620367 0)
(0 -0.00093380452 0)
(0 -0.00083601061 0)
(0 -0.00075579714 0)
(0 -0.00091051707 0)
(0 -0.00091538952 0)
(0 -0.00093598509 0)
(0 -0.00085075266 0)
(0 -0.0009487514 0)
(0 -0.00087191763 0)
(0 -0.00077234372 0)
(0 -0.00097195285 0)
(0 -0.00095885587 0)
(0 -0.00095831219 0)
(0 -0.00086295552 0)
(0 -0.00093387591 0)
(0 -0.00091100614 0)
(0 -0.00083471366 0)
(0 -0.00075525869 0)
(0 -0.00091534771 0)
(0 -0.00093648348 0)
(0 -0.00084972167 0)
(0 -0.00094884902 0)
(0 -0.00097265142 0)
(0 -0.00087050907 0)
(0 -0.0007717999 0)
(0 -0.00095891723 0)
(0 -0.00095889796 0)
(0 -0.00086188166 0)
(0 -0.0009741243 0)
(0 -0.00087932447 0)
(0 -0.00079960197 0)
(0 -0.00098583916 0)
(0 -0.00096797932 0)
(0 -0.0009946957 0)
(0 -0.0008836966 0)
(0 -0.00097975259 0)
(0 -0.00089250597 0)
(0 -0.00080579687 0)
(0 -0.0010088403 0)
(0 -0.00098411259 0)
(0 -0.0010031554 0)
(0 -0.00088824053 0)
(0 -0.00097427283 0)
(0 -0.00098662254 0)
(0 -0.00087789798 0)
(0 -0.00079912434 0)
(0 -0.00096806708 0)
(0 -0.00099541638 0)
(0 -0.00088259872 0)
(0 -0.00097991224 0)
(0 -0.0010097168 0)
(0 -0.00089103913 0)
(0 -0.00080531746 0)
(0 -0.0009842473 0)
(0 -0.0010039123 0)
(0 -0.00088712563 0)
(0 -0.00099206119 0)
(0 -0.00089630265 0)
(0 -0.00081915001 0)
(0 -0.0010161177 0)
(0 -0.00098879402 0)
(0 -0.0010210265 0)
(0 -0.00089825694 0)
(0 -0.00099517752 0)
(0 -0.00090352517 0)
(0 -0.00082257644 0)
(0 -0.0010287936 0)
(0 -0.00099766344 0)
(0 -0.0010257239 0)
(0 -0.00090076361 0)
(0 -0.00099224856 0)
(0 -0.0010170425 0)
(0 -0.00089482722 0)
(0 -0.00081871097 0)
(0 -0.00098894392 0)
(0 -0.0010218575 0)
(0 -0.0008971324 0)
(0 -0.00099537155 0)
(0 -0.0010297739 0)
(0 -0.00090202887 0)
(0 -0.00082213711 0)
(0 -0.00099784164 0)
(0 -0.0010265761 0)
(0 -0.00089962981 0)
(0 -0.0010023825 0)
(0 -0.00090576236 0)
(0 -0.00083038922 0)
(0 -0.0010330988 0)
(0 -0.0010004262 0)
(0 -0.0010362008 0)
(0 -0.00090661438 0)
(0 -0.0010042858 0)
(0 -0.00091016028 0)
(0 -0.00083247885 0)
(0 -0.0010408306 0)
(0 -0.0010058352 0)
(0 -0.0010390708 0)
(0 -0.00090814275 0)
(0 -0.0010025937 0)
(0 -0.0010341087 0)
(0 -0.00090426115 0)
(0 -0.00082997613 0)
(0 -0.0010006138 0)
(0 -0.0010370987 0)
(0 -0.00090547578 0)
(0 -0.0010045012 0)
(0 -0.0010418759 0)
(0 -0.00090864653 0)
(0 -0.00083206583 0)
(0 -0.0010060409 0)
(0 -0.0010399822 0)
(0 -0.00090699853 0)
(0 -0.0010088691 0)
(0 -0.0009115901 0)
(0 -0.00083744914 0)
(0 -0.0010435885 0)
(0 -0.0010076021 0)
(0 -0.0010457419 0)
(0 -0.00091186071 0)
(0 -0.0010101178 0)
(0 -0.00091446976 0)
(0 -0.00083881895 0)
(0 -0.0010486566 0)
(0 -0.0010111472 0)
(0 -0.0010476253 0)
(0 -0.00091286239 0)
(0 -0.0010090959 0)
(0 -0.0010446531 0)
(0 -0.00091007327 0)
(0 -0.00083705371 0)
(0 -0.001007814 0)
(0 -0.0010466831 0)
(0 -0.00091071369 0)
(0 -0.0010103475 0)
(0 -0.001049745 0)
(0 -0.00091294482 0)
(0 -0.00083842364 0)
(0 -0.0010113713 0)
(0 -0.0010485755 0)
(0 -0.00091171168 0)
(0 -0.0010132125 0)
(0 -0.00091543806 0)
(0 -0.00084217498 0)
(0 -0.0010505269 0)
(0 -0.0010123444 0)
(0 -0.0010521321 0)
(0 -0.00091537105 0)
(0 -0.0010140741 0)
(0 -0.00091742267 0)
(0 -0.00084311969 0)
(0 -0.0010540222 0)
(0 -0.0010147891 0)
(0 -0.001053432 0)
(0 -0.0009160618 0)
(0 -0.0010134499 0)
(0 -0.0010516287 0)
(0 -0.00091391105 0)
(0 -0.00084179196 0)
(0 -0.0010125728 0)
(0 -0.001053103 0)
(0 -0.00091421857 0)
(0 -0.0010143135 0)
(0 -0.0010551406 0)
(0 -0.00091589011 0)
(0 -0.00084273679 0)
(0 -0.0010150261 0)
(0 -0.0010544091 0)
(0 -0.00091490677 0)
(0 -0.0010162534 0)
(0 -0.0009181059 0)
(0 -0.00084548308 0)
(0 -0.0010553432 0)
(0 -0.0010156341 0)
(0 -0.001056607 0)
(0 -0.00091782762 0)
(0 -0.0010168695 0)
(0 -0.00091952381 0)
(0 -0.00084615834 0)
(0 -0.0010578416 0)
(0 -0.0010173815 0)
(0 -0.0010575366 0)
(0 -0.00091832132 0)
(0 -0.0010164984 0)
(0 -0.0010564711 0)
(0 -0.0009165719 0)
(0 -0.00084510902 0)
(0 -0.0010158741 0)
(0 -0.0010575988 0)
(0 -0.00091667141 0)
(0 -0.001017116 0)
(0 -0.0010589815 0)
(0 -0.00091798587 0)
(0 -0.00084578439 0)
(0 -0.0010176277 0)
(0 -0.0010585329 0)
(0 -0.00091716329 0)
(0 -0.00101845 0)
(0 -0.00092001998 0)
(0 -0.00084787232 0)
(0 -0.0010588015 0)
(0 -0.0010179953 0)
(0 -0.0010598397 0)
(0 -0.00091960153 0)
(0 -0.0010189015 0)
(0 -0.00092105831 0)
(0 -0.00084836697 0)
(0 -0.0010606317 0)
(0 -0.0010192753 0)
(0 -0.0010605209 0)
(0 -0.00091996316 0)
(0 -0.0010187005 0)
(0 -0.0010599484 0)
(0 -0.000918481 0)
(0 -0.00084750489 0)
(0 -0.0010182437 0)
(0 -0.0010608468 0)
(0 -0.00091844267 0)
(0 -0.001019153 0)
(0 -0.0010617875 0)
(0 -0.00091951645 0)
(0 -0.00084799963 0)
(0 -0.0010195283 0)
(0 -0.0010615313 0)
(0 -0.00091880297 0)
(0 -0.0010200702 0)
(0 -0.00092142557 0)
(0 -0.0008496344 0)
(0 -0.0010613425 0)
(0 -0.0010197297 0)
(0 -0.0010622244 0)
(0 -0.00092090963 0)
(0 -0.0010204061 0)
(0 -0.00092219766 0)
(0 -0.0008500023 0)
(0 -0.0010627038 0)
(0 -0.0010206817 0)
(0 -0.0010627312 0)
(0 -0.00092117859 0)
(0 -0.0010203248 0)
(0 -0.0010625035 0)
(0 -0.00091988294 0)
(0 -0.00084927194 0)
(0 -0.0010199844 0)
(0 -0.0010632428 0)
(0 -0.00091974884 0)
(0 -0.0010206615 0)
(0 -0.0010638714 0)
(0 -0.0009206529 0)
(0 -0.00084963991 0)
(0 -0.0010209398 0)
(0 -0.0010637521 0)
(0 -0.0009200168 0)
(0 -0.0010212795 0)
(0 -0.00092247232 0)
(0 -0.0008509495 0)
(0 -0.0010632356 0)
(0 -0.0010210215 0)
(0 -0.0010640045 0)
(0 -0.00092188581 0)
(0 -0.0010215309 0)
(0 -0.00092305006 0)
(0 -0.00085122484 0)
(0 -0.0010642544 0)
(0 -0.001021734 0)
(0 -0.0010643838 0)
(0 -0.0009220871 0)
(0 -0.0010215372 0)
(0 -0.001064407 0)
(0 -0.00092092699 0)
(0 -0.00085059079 0)
(0 -0.0010212809 0)
(0 -0.0010650314 0)
(0 -0.00092072359 0)
(0 -0.0010217892 0)
(0 -0.0010654308 0)
(0 -0.00092150314 0)
(0 -0.00085086619 0)
(0 -0.001021996 0)
(0 -0.0010654126 0)
(0 -0.00092092413 0)
(0 -0.0010221845 0)
(0 -0.00092325568 0)
(0 -0.00085193359 0)
(0 -0.0010646526 0)
(0 -0.0010219885 0)
(0 -0.0010653366 0)
(0 -0.00092261622 0)
(0 -0.0010223719 0)
(0 -0.00092368622 0)
(0 -0.00085213879 0)
(0 -0.0010654119 0)
(0 -0.0010225195 0)
(0 -0.0010656194 0)
(0 -0.00092276623 0)
(0 -0.0010224445 0)
(0 -0.001065832 0)
(0 -0.00092170833 0)
(0 -0.0008515777 0)
(0 -0.0010222514 0)
(0 -0.0010663699 0)
(0 -0.00092145293 0)
(0 -0.0010226324 0)
(0 -0.001066595 0)
(0 -0.00092213769 0)
(0 -0.00085178295 0)
(0 -0.0010227844 0)
(0 -0.0010666541 0)
(0 -0.0009216024 0)
(0 -0.0010228557 0)
(0 -0.00092383848 0)
(0 -0.00085266341 0)
(0 -0.0010657068 0)
(0 -0.001022708 0)
(0 -0.0010663247 0)
(0 -0.00092315786 0)
(0 -0.0010229928 0)
(0 -0.00092415331 0)
(0 -0.00085281348 0)
(0 -0.0010662621 0)
(0 -0.0010230963 0)
(0 -0.0010665315 0)
(0 -0.00092326756 0)
(0 -0.0010231174 0)
(0 -0.0010668921 0)
(0 -0.00092228963 0)
(0 -0.00085230962 0)
(0 -0.0010229735 0)
(0 -0.0010673628 0)
(0 -0.00092199378 0)
(0 -0.0010232548 0)
(0 -0.0010674502 0)
(0 -0.0009226036 0)
(0 -0.00085245973 0)
(0 -0.0010233633 0)
(0 -0.0010675706 0)
(0 -0.00092210308 0)
(0 -0.0010233403 0)
(0 -0.00092426274 0)
(0 -0.00085319039 0)
(0 -0.0010664741 0)
(0 -0.0010232317 0)
(0 -0.0010670383 0)
(0 -0.00092354891 0)
(0 -0.0010234362 0)
(0 -0.00092448289 0)
(0 -0.00085329534 0)
(0 -0.0010668625 0)
(0 -0.0010235033 0)
(0 -0.001067183 0)
(0 -0.00092362563 0)
(0 -0.0010236033 0)
(0 -0.0010676637 0)
(0 -0.0009227128 0)
(0 -0.00085283813 0)
(0 -0.0010234992 0)
(0 -0.0010680798 0)
(0 -0.00092238426 0)
(0 -0.0010236994 0)
(0 -0.001068054 0)
(0 -0.00092293235 0)
(0 -0.0008529431 0)
(0 -0.0010237718 0)
(0 -0.0010682252 0)
(0 -0.0009224607 0)
(0 -0.0010236698 0)
(0 -0.00092455644 0)
(0 -0.00085354863 0)
(0 -0.001067005 0)
(0 -0.0010235944 0)
(0 -0.0010675236 0)
(0 -0.00092381468 0)
(0 -0.0010237303 0)
(0 -0.00092469548 0)
(0 -0.00085361491 0)
(0 -0.0010672502 0)
(0 -0.0010237659 0)
(0 -0.0010676149 0)
(0 -0.00092386314 0)
(0 -0.0010239336 0)
(0 -0.0010681975 0)
(0 -0.00092300575 0)
(0 -0.00085319739 0)
(0 -0.0010238632 0)
(0 -0.0010685674 0)
(0 -0.00092264964 0)
(0 -0.0010239942 0)
(0 -0.001068444 0)
(0 -0.0009231444 0)
(0 -0.00085326369 0)
(0 -0.0010240353 0)
(0 -0.0010686592 0)
(0 -0.00092269791 0)
(0 -0.0010238636 0)
(0 -0.00092473747 0)
(0 -0.00085375947 0)
(0 -0.0010673316 0)
(0 -0.0010238179 0)
(0 -0.0010678093 0)
(0 -0.00092397103 0)
(0 -0.0010238922 0)
(0 -0.00092480318 0)
(0 -0.00085379081 0)
(0 -0.0010674475 0)
(0 -0.0010238989 0)
(0 -0.0010678525 0)
(0 -0.00092399393 0)
(0 -0.0010241279 0)
(0 -0.001068526 0)
(0 -0.00092318631 0)
(0 -0.00085340882 0)
(0 -0.0010240875 0)
(0 -0.0010688545 0)
(0 -0.00092280574 0)
(0 -0.0010241566 0)
(0 -0.0010686425 0)
(0 -0.00092325184 0)
(0 -0.00085344016 0)
(0 -0.0010241689 0)
(0 -0.0010688979 0)
(0 -0.00092282856 0)
(0 -0.0010239321 0)
(0 -0.00092481578 0)
(0 -0.00085383411 0)
(0 -0.001067472 0)
(0 -0.0010239145 0)
(0 -0.0010679107 0)
(0 -0.00092402623 0)
(0 -0.0010239301 0)
(0 -0.00092481102 0)
(0 -0.00085383185 0)
(0 -0.0010674636 0)
(0 -0.0010239086 0)
(0 -0.0010679076 0)
(0 -0.00092402458 0)
(0 -0.0010241966 0)
(0 -0.0010686671 0)
(0 -0.00092326441 0)
(0 -0.00085348364 0)
(0 -0.0010241845 0)
(0 -0.0010689564 0)
(0 -0.00092286085 0)
(0 -0.0010241945 0)
(0 -0.0010686587 0)
(0 -0.00092325966 0)
(0 -0.00085348138 0)
(0 -0.0010241786 0)
(0 -0.0010689533 0)
(0 -0.0009228592 0)
(0 -0.0010238772 0)
(0 -0.00092479442 0)
(0 -0.00085377459 0)
(0 -0.0010674314 0)
(0 -0.0010238881 0)
(0 -0.0010678306 0)
(0 -0.00092398181 0)
(0 -0.0010238436 0)
(0 -0.00092471723 0)
(0 -0.00085373781 0)
(0 -0.0010672953 0)
(0 -0.0010237929 0)
(0 -0.0010677799 0)
(0 -0.00092395492 0)
(0 -0.0010241415 0)
(0 -0.0010686263 0)
(0 -0.0009232431 0)
(0 -0.00085342389 0)
(0 -0.001024158 0)
(0 -0.0010688759 0)
(0 -0.00092281645 0)
(0 -0.0010241079 0)
(0 -0.0010684895 0)
(0 -0.00092316612 0)
(0 -0.0008533871 0)
(0 -0.0010240624 0)
(0 -0.001068825 0)
(0 -0.00092278966 0)
(0 -0.0010236921 0)
(0 -0.00092466961 0)
(0 -0.00085357362 0)
(0 -0.0010672031 0)
(0 -0.0010237339 0)
(0 -0.0010675591 0)
(0 -0.0009238323 0)
(0 -0.0010236238 0)
(0 -0.00092451266 0)
(0 -0.00085349883 0)
(0 -0.0010669262 0)
(0 -0.0010235403 0)
(0 -0.001067456 0)
(0 -0.00092377762 0)
(0 -0.001023956 0)
(0 -0.0010683966 0)
(0 -0.0009231186 0)
(0 -0.00085322226 0)
(0 -0.0010240032 0)
(0 -0.0010686031 0)
(0 -0.00092266712 0)
(0 -0.0010238875 0)
(0 -0.0010681184 0)
(0 -0.00092296208 0)
(0 -0.00085314745 0)
(0 -0.0010238089 0)
(0 -0.0010684995 0)
(0 -0.00092261264 0)
(0 -0.00102336 0)
(0 -0.00092442973 0)
(0 -0.00085321287 0)
(0 -0.0010667656 0)
(0 -0.0010234376 0)
(0 -0.0010670714 0)
(0 -0.00092356408 0)
(0 -0.0010232507 0)
(0 -0.00092417878 0)
(0 -0.0008530933 0)
(0 -0.001066323 0)
(0 -0.0010231281 0)
(0 -0.0010669066 0)
(0 -0.00092347666 0)
(0 -0.0010236229 0)
(0 -0.0010679566 0)
(0 -0.00092287932 0)
(0 -0.00085286037 0)
(0 -0.0010237059 0)
(0 -0.0010681131 0)
(0 -0.00092239923 0)
(0 -0.0010235134 0)
(0 -0.0010675118 0)
(0 -0.00092262907 0)
(0 -0.00085274078 0)
(0 -0.0010233952 0)
(0 -0.0010679475 0)
(0 -0.00092231213 0)
(0 -0.0010228502 0)
(0 -0.00092405295 0)
(0 -0.00085265925 0)
(0 -0.0010660794 0)
(0 -0.0010229723 0)
(0 -0.0010663229 0)
(0 -0.00092315249 0)
(0 -0.0010226896 0)
(0 -0.00092368383 0)
(0 -0.00085248341 0)
(0 -0.0010654284 0)
(0 -0.001022517 0)
(0 -0.0010660806 0)
(0 -0.00092302392 0)
(0 -0.0010231119 0)
(0 -0.0010672664 0)
(0 -0.0009225035 0)
(0 -0.00085230502 0)
(0 -0.0010232388 0)
(0 -0.001067361 0)
(0 -0.00092198816 0)
(0 -0.0010229509 0)
(0 -0.0010666122 0)
(0 -0.00092213539 0)
(0 -0.00085212914 0)
(0 -0.0010227818 0)
(0 -0.0010671175 0)
(0 -0.00092186006 0)
(0 -0.001022112 0)
(0 -0.0009235025 0)
(0 -0.0008518575 0)
(0 -0.0010650774 0)
(0 -0.0010222925 0)
(0 -0.0010652389 0)
(0 -0.00092255637 0)
(0 -0.0010218826 0)
(0 -0.00092297509 0)
(0 -0.00085160632 0)
(0 -0.0010641475 0)
(0 -0.001021642 0)
(0 -0.0010648928 0)
(0 -0.0009223727 0)
(0 -0.0010223717 0)
(0 -0.0010662586 0)
(0 -0.00092195444 0)
(0 -0.00085150079 0)
(0 -0.0010225566 0)
(0 -0.0010662718 0)
(0 -0.0009213928 0)
(0 -0.0010221418 0)
(0 -0.0010653241 0)
(0 -0.00092142848 0)
(0 -0.00085124955 0)
(0 -0.0010219037 0)
(0 -0.001065924 0)
(0 -0.00092120981 0)
(0 -0.0010210604 0)
(0 -0.00092271734 0)
(0 -0.00085071569 0)
(0 -0.0010636488 0)
(0 -0.001021323 0)
(0 -0.0010636952 0)
(0 -0.00092170718 0)
(0 -0.0010207327 0)
(0 -0.00092196352 0)
(0 -0.00085035684 0)
(0 -0.0010623199 0)
(0 -0.0010203934 0)
(0 -0.0010632008 0)
(0 -0.00092144475 0)
(0 -0.0010213175 0)
(0 -0.0010648217 0)
(0 -0.00092117128 0)
(0 -0.00085035546 0)
(0 -0.0010215835 0)
(0 -0.0010647207 0)
(0 -0.0009205447 0)
(0 -0.001020989 0)
(0 -0.0010634864 0)
(0 -0.00092041954 0)
(0 -0.00084999654 0)
(0 -0.0010206505 0)
(0 -0.0010642239 0)
(0 -0.00092028324 0)
(0 -0.001019549 0)
(0 -0.00092159323 0)
(0 -0.00084907511 0)
(0 -0.001061604 0)
(0 -0.0010199351 0)
(0 -0.0010614773 0)
(0 -0.00092048646 0)
(0 -0.0010190699 0)
(0 -0.00092049019 0)
(0 -0.00084855046 0)
(0 -0.0010596603 0)
(0 -0.0010185751 0)
(0 -0.0010607547 0)
(0 -0.00092010269 0)
(0 -0.0010198023 0)
(0 -0.0010627653 0)
(0 -0.00092005003 0)
(0 -0.00084870988 0)
(0 -0.0010201905 0)
(0 -0.0010624923 0)
(0 -0.00091932556 0)
(0 -0.001019322 0)
(0 -0.0010608121 0)
(0 -0.00091895006 0)
(0 -0.00084818514 0)
(0 -0.0010188257 0)
(0 -0.0010617662 0)
(0 -0.00091894321 0)
(0 -0.0010173053 0)
(0 -0.00091994027 0)
(0 -0.0008466413 0)
(0 -0.0010585984 0)
(0 -0.0010178944 0)
(0 -0.0010581873 0)
(0 -0.00091867389 0)
(0 -0.0010165692 0)
(0 -0.0009182433 0)
(0 -0.00084583559 0)
(0 -0.0010556097 0)
(0 -0.0010158025 0)
(0 -0.0010570778 0)
(0 -0.00091808418 0)
(0 -0.0010175528 0)
(0 -0.0010597425 0)
(0 -0.0009184013 0)
(0 -0.00084626869 0)
(0 -0.0010181425 0)
(0 -0.0010591868 0)
(0 -0.00091751534 0)
(0 -0.001016815 0)
(0 -0.0010567394 0)
(0 -0.00091670903 0)
(0 -0.00084546285 0)
(0 -0.0010160431 0)
(0 -0.0010580719 0)
(0 -0.00091692782 0)
(0 -0.0010137548 0)
(0 -0.0009173734 0)
(0 -0.00084279827 0)
(0 -0.001053933 0)
(0 -0.0010147251 0)
(0 -0.0010529897 0)
(0 -0.00091580616 0)
(0 -0.0010125116 0)
(0 -0.00091450165 0)
(0 -0.00084144267 0)
(0 -0.0010488721 0)
(0 -0.0010111785 0)
(0 -0.0010511181 0)
(0 -0.0009148119 0)
(0 -0.0010139935 0)
(0 -0.0010550507 0)
(0 -0.00091584106 0)
(0 -0.00084241453 0)
(0 -0.0010149619 0)
(0 -0.001053965 0)
(0 -0.00091465166 0)
(0 -0.0010127473 0)
(0 -0.0010499658 0)
(0 -0.00091297787 0)
(0 -0.00084105883 0)
(0 -0.001011403 0)
(0 -0.0010520843 0)
(0 -0.00091366116 0)
(0 -0.0010073425 0)
(0 -0.0009129478 0)
(0 -0.00083592194 0)
(0 -0.0010458798 0)
(0 -0.0010092413 0)
(0 -0.0010436526 0)
(0 -0.00091064833 0)
(0 -0.0010047355 0)
(0 -0.00090672167 0)
(0 -0.0008331046 0)
(0 -0.0010351968 0)
(0 -0.0010016672 0)
(0 -0.0010397744 0)
(0 -0.00090856045 0)
(0 -0.0010075656 0)
(0 -0.0010469525 0)
(0 -0.00091142768 0)
(0 -0.00083551836 0)
(0 -0.0010094589 0)
(0 -0.0010445853 0)
(0 -0.00090950112 0)
(0 -0.0010049525 0)
(0 -0.0010362225 0)
(0 -0.00090521778 0)
(0 -0.00083270073 0)
(0 -0.0010018598 0)
(0 -0.0010406891 0)
(0 -0.00090742059 0)
(0 -0.0009908578 0)
(0 -0.00090246216 0)
(0 -0.00081691566 0)
(0 -0.0010282062 0)
(0 -0.00099689423 0)
(0 -0.0010205451 0)
(0 -0.00089525302 0)
(0 -0.00098162449 0)
(0 -0.00084954277 0)
(0 -0.00080370422 0)
(0 -0.0010021048 0)
(0 -0.00097638083 0)
(0 -0.0010075849 0)
(0 -0.00088220238 0)
(0 -0.00099104523 0)
(0 -0.0010291895 0)
(0 -0.00090096299 0)
(0 -0.00081649551 0)
(0 -0.00099707263 0)
(0 -0.0010213924 0)
(0 -0.00089410859 0)
(0 -0.00098178576 0)
(0 -0.0010028595 0)
(0 -0.00084799864 0)
(0 -0.00080333602 0)
(0 -0.00097645489 0)
(0 -0.001008412 0)
(0 -0.00088101164 0)
(0 -0.00095771349 0)
(0 -0.00079226717 0)
(0 -0.00093286253 0)
(0 -0.00096664604 0)
(0 -0.00079312138 0)
(0 -0.00098101406 0)
(0 -0.00074405847 0)
(0 -6.7880159e-06 0)
(0 -6.3848878e-06 0)
(0 -7.0975039e-06 0)
(0 -1.4663143e-05 0)
(0 -1.2629899e-05 0)
(0 -1.4570973e-05 0)
(0 -1.2527233e-05 0)
(0 -8.4571214e-06 0)
(0 -6.5452673e-06 0)
(0 -7.5926034e-06 0)
(0 -1.4873561e-05 0)
(0 -1.1903241e-05 0)
(0 -1.549409e-05 0)
(0 -1.2316294e-05 0)
(0 -6.7843822e-06 0)
(0 -6.3802389e-06 0)
(0 -7.0952915e-06 0)
(0 -1.46618e-05 0)
(0 -1.2626082e-05 0)
(0 -1.4568816e-05 0)
(0 -1.2525206e-05 0)
(0 -6.3570054e-06 0)
(0 -4.8617074e-06 0)
(0 -5.2591071e-06 0)
(0 -1.4095138e-05 0)
(0 -1.259822e-05 0)
(0 -1.4456657e-05 0)
(0 -1.2303463e-05 0)
(0 -1.2612912e-05 0)
(0 -8.6960399e-06 0)
(0 -9.4084768e-06 0)
(0 -2.4634095e-05 0)
(0 -2.3941783e-05 0)
(0 -2.7521217e-05 0)
(0 -2.1474359e-05 0)
(0 -2.480152e-05 0)
(0 -1.7258907e-05 0)
(0 -2.018723e-05 0)
(0 -3.6992078e-05 0)
(0 -3.2170563e-05 0)
(0 -4.1972097e-05 0)
(0 -3.0435609e-05 0)
(0 -1.4823634e-05 0)
(0 -1.5255956e-05 0)
(0 -1.7087312e-05 0)
(0 -3.3328045e-05 0)
(0 -2.6217961e-05 0)
(0 -3.0356577e-05 0)
(0 -2.832869e-05 0)
(0 -2.4797979e-05 0)
(0 -1.7250983e-05 0)
(0 -2.0183673e-05 0)
(0 -3.6991241e-05 0)
(0 -3.2169661e-05 0)
(0 -4.197176e-05 0)
(0 -3.0433699e-05 0)
(0 -1.2382641e-05 0)
(0 -1.2895687e-05 0)
(0 -1.2380421e-05 0)
(0 -1.0641344e-05 0)
(0 -9.9529382e-06 0)
(0 -1.0640491e-05 0)
(0 -9.9507046e-06 0)
(0 -9.4787615e-06 0)
(0 -8.4281736e-06 0)
(0 -7.5759423e-06 0)
(0 -1.0283787e-05 0)
(0 -9.4785476e-06 0)
(0 -8.4280706e-06 0)
(0 -7.5758005e-06 0)
(0 -7.0759508e-06 0)
(0 -8.4403855e-06 0)
(0 -7.0752285e-06 0)
(0 -7.7079733e-06 0)
(0 -6.2926919e-06 0)
(0 -7.7076805e-06 0)
(0 -6.2919304e-06 0)
(0 -0.00029340806 0)
(0 -0.00023158993 0)
(0 -0.0002873232 0)
(0 -0.00024319652 0)
(0 -0.00029340616 0)
(0 -0.000231599 0)
(0 -0.00028734141 0)
(0 -0.00026433053 0)
(0 -0.00022482649 0)
(0 -0.00027147067 0)
(0 -0.0002123668 0)
(0 -0.00026447417 0)
(0 -0.00022492701 0)
(0 -0.00027154048 0)
(0 -1.0243312e-05 0)
(0 -1.3204597e-05 0)
(0 -1.2713706e-05 0)
(0 -1.0958397e-05 0)
(0 -1.0243512e-05 0)
(0 -1.3204692e-05 0)
(0 -1.2713815e-05 0)
(0 -0.00016043354 0)
(0 -0.00014398068 0)
(0 -0.00017221908 0)
(0 -0.00012992345 0)
(0 -0.00016048257 0)
(0 -0.00014405708 0)
(0 -0.00017225636 0)
(0 -0.00087560172 0)
(0 -0.00090620191 0)
(0 -0.00086368696 0)
(0 -0.00093713334 0)
(0 -0.00087558814 0)
(0 -0.00090627883 0)
(0 -0.00086372242 0)
)
;

boundaryField
{
    inlet
    {
        type            cellMotion;
        value           uniform (0 0 0);
    }
    outlet
    {
        type            cellMotion;
        value           uniform (0 0 0);
    }
    bottomWall
    {
        type            cellMotion;
        value           uniform (0 0 0);
    }
    topWall
    {
        type            cellMotion;
        value           uniform (0 0 0);
    }
    front
    {
        type            empty;
    }
    back
    {
        type            empty;
    }
    cylinder
    {
        type            cellMotion;
        value           nonuniform List<vector> 
848
(
(0 0 0)
(0 0 0)
(0 0 0)
(0 0 0)
(0 0 0)
(0 0 0)
(0 0 0)
(0 0 0)
(0 0 0)
(0 0 0)
(0 0 0)
(0 0 0)
(0 0 0)
(0 0 0)
(0 0 0)
(0 0 0)
(0 0 0)
(0 0 0)
(0 0 0)
(0 0 0)
(0 0 0)
(0 0 0)
(0 0 0)
(0 0 0)
(0 0 0)
(0 0 0)
(0 0 0)
(0 0 0)
(0 0 0)
(0 0 0)
(0 0 0)
(0 0 0)
(0 0 0)
(0 0 0)
(0 0 0)
(0 0 0)
(0 0 0)
(0 0 0)
(0 0 0)
(0 0 0)
(0 0 0)
(0 0 0)
(0 0 0)
(0 0 0)
(0 -0.0005 0)
(0 -0.0005 0)
(0 0 0)
(0 0 0)
(0 0 0)
(0 0 0)
(0 -0.0005 0)
(0 -0.0005 0)
(0 0 0)
(0 0 0)
(0 0 0)
(0 0 0)
(0 0 0)
(0 0 0)
(0 0 0)
(0 0 0)
(0 0 0)
(0 0 0)
(0 0 0)
(0 0 0)
(0 0 0)
(0 0 0)
(0 0 0)
(0 0 0)
(0 0 0)
(0 0 0)
(0 0 0)
(0 0 0)
(0 0 0)
(0 0 0)
(0 0 0)
(0 0 0)
(0 0 0)
(0 0 0)
(0 0 0)
(0 0 0)
(0 0 0)
(0 0 0)
(0 0 0)
(0 0 0)
(0 0 0)
(0 0 0)
(0 0 0)
(0 0 0)
(0 0 0)
(0 0 0)
(0 0 0)
(0 0 0)
(0 0 0)
(0 0 0)
(0 0 0)
(0 0 0)
(0 0 0)
(0 0 0)
(0 0 0)
(0 0 0)
(0 0 0)
(0 0 0)
(0 0 0)
(0 0 0)
(0 0 0)
(0 0 0)
(0 0 0)
(0 0 0)
(0 0 0)
(0 0 0)
(0 0 0)
(0 0 0)
(0 0 0)
(0 0 0)
(0 0 0)
(0 0 0)
(0 0 0)
(0 0 0)
(0 0 0)
(0 0 0)
(0 0 0)
(0 0 0)
(0 0 0)
(0 0 0)
(0 0 0)
(0 0 0)
(0 0 0)
(0 0 0)
(0 0 0)
(0 0 0)
(0 0 0)
(0 0 0)
(0 0 0)
(0 0 0)
(0 0 0)
(0 0 0)
(0 0 0)
(0 0 0)
(0 0 0)
(0 0 0)
(0 0 0)
(0 0 0)
(0 0 0)
(0 0 0)
(0 0 0)
(0 0 0)
(0 0 0)
(0 0 0)
(0 0 0)
(0 0 0)
(0 0 0)
(0 0 0)
(0 -0.0005 0)
(0 0 0)
(0 0 0)
(0 0 0)
(0 0 0)
(0 -0.0005 0)
(0 0 0)
(0 0 0)
(0 0 0)
(0 0 0)
(0 0 0)
(0 0 0)
(0 0 0)
(0 0 0)
(0 0 0)
(0 -0.0005 0)
(0 0 0)
(0 0 0)
(0 0 0)
(0 0 0)
(0 0 0)
(0 0 0)
(0 0 0)
(0 0 0)
(0 0 0)
(0 0 0)
(0 0 0)
(0 0 0)
(0 0 0)
(0 0 0)
(0 0 0)
(0 0 0)
(0 0 0)
(0 0 0)
(0 0 0)
(0 0 0)
(0 0 0)
(0 0 0)
(0 0 0)
(0 0 0)
(0 0 0)
(0 0 0)
(0 0 0)
(0 0 0)
(0 0 0)
(0 0 0)
(0 0 0)
(0 0 0)
(0 0 0)
(0 0 0)
(0 0 0)
(0 0 0)
(0 0 0)
(0 0 0)
(0 0 0)
(0 0 0)
(0 0 0)
(0 0 0)
(0 0 0)
(0 0 0)
(0 0 0)
(0 0 0)
(0 0 0)
(0 0 0)
(0 0 0)
(0 0 0)
(0 0 0)
(0 0 0)
(0 0 0)
(0 0 0)
(0 0 0)
(0 0 0)
(0 0 0)
(0 0 0)
(0 0 0)
(0 0 0)
(0 0 0)
(0 0 0)
(0 0 0)
(0 0 0)
(0 0 0)
(0 0 0)
(0 0 0)
(0 0 0)
(0 0 0)
(0 0 0)
(0 0 0)
(0 0 0)
(0 0 0)
(0 0 0)
(0 0 0)
(0 0 0)
(0 0 0)
(0 0 0)
(0 0 0)
(0 0 0)
(0 0 0)
(0 0 0)
(0 0 0)
(0 0 0)
(0 0 0)
(0 0 0)
(0 0 0)
(0 0 0)
(0 0 0)
(0 0 0)
(0 0 0)
(0 0 0)
(0 0 0)
(0 0 0)
(0 0 0)
(0 0 0)
(0 0 0)
(0 0 0)
(0 0 0)
(0 0 0)
(0 0 0)
(0 0 0)
(0 0 0)
(0 0 0)
(0 0 0)
(0 0 0)
(0 0 0)
(0 0 0)
(0 0 0)
(0 0 0)
(0 0 0)
(0 0 0)
(0 0 0)
(0 0 0)
(0 0 0)
(0 0 0)
(0 0 0)
(0 0 0)
(0 0 0)
(0 0 0)
(0 0 0)
(0 0 0)
(0 0 0)
(0 0 0)
(0 0 0)
(0 0 0)
(0 0 0)
(0 0 0)
(0 0 0)
(0 0 0)
(0 0 0)
(0 0 0)
(0 0 0)
(0 0 0)
(0 0 0)
(0 0 0)
(0 0 0)
(0 0 0)
(0 0 0)
(0 0 0)
(0 0 0)
(0 0 0)
(0 0 0)
(0 0 0)
(0 0 0)
(0 0 0)
(0 0 0)
(0 0 0)
(0 0 0)
(0 0 0)
(0 0 0)
(0 0 0)
(0 0 0)
(0 0 0)
(0 0 0)
(0 0 0)
(0 0 0)
(0 0 0)
(0 0 0)
(0 -0.0005 0)
(0 0 0)
(0 0 0)
(0 0 0)
(0 0 0)
(0 0 0)
(0 0 0)
(0 0 0)
(0 0 0)
(0 0 0)
(0 0 0)
(0 0 0)
(0 0 0)
(0 0 0)
(0 0 0)
(0 0 0)
(0 0 0)
(0 0 0)
(0 0 0)
(0 0 0)
(0 0 0)
(0 0 0)
(0 0 0)
(0 0 0)
(0 0 0)
(0 0 0)
(0 0 0)
(0 0 0)
(0 0 0)
(0 0 0)
(0 0 0)
(0 0 0)
(0 0 0)
(0 0 0)
(0 0 0)
(0 0 0)
(0 0 0)
(0 0 0)
(0 0 0)
(0 0 0)
(0 0 0)
(0 0 0)
(0 0 0)
(0 0 0)
(0 0 0)
(0 0 0)
(0 0 0)
(0 0 0)
(0 0 0)
(0 0 0)
(0 0 0)
(0 0 0)
(0 0 0)
(0 0 0)
(0 0 0)
(0 0 0)
(0 0 0)
(0 0 0)
(0 0 0)
(0 0 0)
(0 0 0)
(0 0 0)
(0 0 0)
(0 0 0)
(0 0 0)
(0 0 0)
(0 0 0)
(0 0 0)
(0 0 0)
(0 0 0)
(0 0 0)
(0 0 0)
(0 0 0)
(0 0 0)
(0 0 0)
(0 0 0)
(0 0 0)
(0 0 0)
(0 0 0)
(0 0 0)
(0 0 0)
(0 0 0)
(0 0 0)
(0 0 0)
(0 0 0)
(0 0 0)
(0 0 0)
(0 0 0)
(0 0 0)
(0 0 0)
(0 0 0)
(0 0 0)
(0 0 0)
(0 0 0)
(0 0 0)
(0 0 0)
(0 0 0)
(0 0 0)
(0 0 0)
(0 0 0)
(0 0 0)
(0 0 0)
(0 0 0)
(0 0 0)
(0 0 0)
(0 0 0)
(0 0 0)
(0 0 0)
(0 0 0)
(0 0 0)
(0 0 0)
(0 0 0)
(0 0 0)
(0 0 0)
(0 0 0)
(0 0 0)
(0 0 0)
(0 0 0)
(0 0 0)
(0 0 0)
(0 0 0)
(0 0 0)
(0 0 0)
(0 0 0)
(0 0 0)
(0 0 0)
(0 0 0)
(0 0 0)
(0 0 0)
(0 0 0)
(0 0 0)
(0 0 0)
(0 0 0)
(0 0 0)
(0 0 0)
(0 0 0)
(0 0 0)
(0 0 0)
(0 0 0)
(0 0 0)
(0 0 0)
(0 0 0)
(0 0 0)
(0 0 0)
(0 0 0)
(0 0 0)
(0 0 0)
(0 0 0)
(0 0 0)
(0 0 0)
(0 0 0)
(0 0 0)
(0 0 0)
(0 0 0)
(0 0 0)
(0 0 0)
(0 0 0)
(0 0 0)
(0 0 0)
(0 0 0)
(0 0 0)
(0 0 0)
(0 0 0)
(0 0 0)
(0 0 0)
(0 0 0)
(0 0 0)
(0 0 0)
(0 0 0)
(0 0 0)
(0 0 0)
(0 0 0)
(0 0 0)
(0 0 0)
(0 0 0)
(0 0 0)
(0 0 0)
(0 0 0)
(0 0 0)
(0 0 0)
(0 0 0)
(0 0 0)
(0 0 0)
(0 0 0)
(0 0 0)
(0 0 0)
(0 0 0)
(0 0 0)
(0 0 0)
(0 0 0)
(0 0 0)
(0 0 0)
(0 0 0)
(0 0 0)
(0 0 0)
(0 0 0)
(0 0 0)
(0 0 0)
(0 0 0)
(0 0 0)
(0 0 0)
(0 0 0)
(0 0 0)
(0 0 0)
(0 0 0)
(0 0 0)
(0 0 0)
(0 0 0)
(0 0 0)
(0 0 0)
(0 0 0)
(0 0 0)
(0 0 0)
(0 0 0)
(0 0 0)
(0 0 0)
(0 0 0)
(0 0 0)
(0 0 0)
(0 0 0)
(0 0 0)
(0 0 0)
(0 0 0)
(0 0 0)
(0 0 0)
(0 0 0)
(0 0 0)
(0 0 0)
(0 0 0)
(0 0 0)
(0 0 0)
(0 0 0)
(0 0 0)
(0 0 0)
(0 0 0)
(0 0 0)
(0 0 0)
(0 0 0)
(0 0 0)
(0 0 0)
(0 0 0)
(0 0 0)
(0 0 0)
(0 0 0)
(0 0 0)
(0 0 0)
(0 0 0)
(0 0 0)
(0 0 0)
(0 0 0)
(0 0 0)
(0 0 0)
(0 0 0)
(0 0 0)
(0 0 0)
(0 0 0)
(0 0 0)
(0 0 0)
(0 0 0)
(0 0 0)
(0 0 0)
(0 0 0)
(0 0 0)
(0 0 0)
(0 0 0)
(0 0 0)
(0 0 0)
(0 0 0)
(0 0 0)
(0 0 0)
(0 0 0)
(0 0 0)
(0 0 0)
(0 0 0)
(0 0 0)
(0 0 0)
(0 0 0)
(0 0 0)
(0 0 0)
(0 0 0)
(0 0 0)
(0 0 0)
(0 0 0)
(0 0 0)
(0 0 0)
(0 0 0)
(0 0 0)
(0 0 0)
(0 0 0)
(0 0 0)
(0 0 0)
(0 0 0)
(0 0 0)
(0 0 0)
(0 0 0)
(0 0 0)
(0 0 0)
(0 0 0)
(0 0 0)
(0 0 0)
(0 0 0)
(0 0 0)
(0 0 0)
(0 0 0)
(0 0 0)
(0 0 0)
(0 0 0)
(0 0 0)
(0 0 0)
(0 0 0)
(0 0 0)
(0 0 0)
(0 0 0)
(0 0 0)
(0 0 0)
(0 0 0)
(0 0 0)
(0 0 0)
(0 0 0)
(0 0 0)
(0 0 0)
(0 0 0)
(0 0 0)
(0 0 0)
(0 0 0)
(0 0 0)
(0 0 0)
(0 0 0)
(0 0 0)
(0 0 0)
(0 0 0)
(0 0 0)
(0 0 0)
(0 0 0)
(0 0 0)
(0 0 0)
(0 0 0)
(0 0 0)
(0 0 0)
(0 0 0)
(0 0 0)
(0 0 0)
(0 0 0)
(0 0 0)
(0 0 0)
(0 0 0)
(0 0 0)
(0 0 0)
(0 0 0)
(0 0 0)
(0 0 0)
(0 0 0)
(0 0 0)
(0 0 0)
(0 0 0)
(0 0 0)
(0 0 0)
(0 0 0)
(0 0 0)
(0 0 0)
(0 0 0)
(0 0 0)
(0 0 0)
(0 0 0)
(0 0 0)
(0 0 0)
(0 0 0)
(0 0 0)
(0 0 0)
(0 0 0)
(0 0 0)
(0 0 0)
(0 0 0)
(0 0 0)
(0 0 0)
(0 0 0)
(0 0 0)
(0 0 0)
(0 0 0)
(0 0 0)
(0 0 0)
(0 0 0)
(0 0 0)
(0 0 0)
(0 0 0)
(0 0 0)
(0 0 0)
(0 0 0)
(0 0 0)
(0 0 0)
(0 0 0)
(0 0 0)
(0 0 0)
(0 0 0)
(0 0 0)
(0 0 0)
(0 0 0)
(0 0 0)
(0 0 0)
(0 0 0)
(0 0 0)
(0 0 0)
(0 0 0)
(0 0 0)
(0 0 0)
(0 0 0)
(0 0 0)
(0 0 0)
(0 0 0)
(0 0 0)
(0 0 0)
(0 0 0)
(0 0 0)
(0 0 0)
(0 0 0)
(0 0 0)
(0 0 0)
(0 0 0)
(0 0 0)
(0 0 0)
(0 0 0)
(0 0 0)
(0 0 0)
(0 0 0)
(0 0 0)
(0 0 0)
(0 0 0)
(0 0 0)
(0 0 0)
(0 0 0)
(0 0 0)
(0 0 0)
(0 0 0)
(0 0 0)
(0 0 0)
(0 0 0)
(0 0 0)
(0 0 0)
(0 0 0)
(0 0 0)
(0 0 0)
(0 0 0)
(0 0 0)
(0 0 0)
(0 0 0)
(0 0 0)
(0 0 0)
(0 0 0)
(0 0 0)
(0 0 0)
(0 0 0)
(0 0 0)
(0 0 0)
(0 0 0)
(0 0 0)
(0 0 0)
(0 0 0)
(0 0 0)
(0 0 0)
(0 0 0)
(0 0 0)
(0 0 0)
(0 0 0)
(0 0 0)
(0 0 0)
(0 0 0)
(0 0 0)
(0 0 0)
(0 0 0)
(0 0 0)
(0 0 0)
(0 0 0)
(0 0 0)
(0 0 0)
(0 0 0)
(0 0 0)
(0 0 0)
(0 0 0)
(0 0 0)
(0 0 0)
(0 0 0)
(0 0 0)
(0 0 0)
(0 0 0)
(0 0 0)
(0 0 0)
(0 0 0)
(0 0 0)
(0 0 0)
(0 0 0)
(0 0 0)
(0 0 0)
(0 0 0)
(0 0 0)
(0 0 0)
(0 0 0)
(0 0 0)
(0 0 0)
(0 0 0)
(0 0 0)
(0 0 0)
(0 0 0)
(0 0 0)
(0 0 0)
(0 0 0)
(0 0 0)
(0 0 0)
(0 0 0)
(0 0 0)
(0 0 0)
(0 0 0)
(0 0 0)
(0 0 0)
(0 0 0)
(0 0 0)
(0 0 0)
(0 0 0)
(0 0 0)
(0 0 0)
(0 0 0)
(0 0 0)
)
;
    }
    beam
    {
        type            cellMotion;
        value           nonuniform List<vector> 
968
(
(0 -0.001 0)
(0 -0.001 0)
(0 -0.001 0)
(0 -0.001 0)
(0 -0.001 0)
(0 -0.001 0)
(0 -0.001 0)
(0 -0.001 0)
(0 -0.001 0)
(0 -0.001 0)
(0 -0.001 0)
(0 -0.001 0)
(0 -0.001 0)
(0 -0.001 0)
(0 -0.001 0)
(0 -0.001 0)
(0 -0.001 0)
(0 -0.001 0)
(0 -0.001 0)
(0 -0.001 0)
(0 -0.001 0)
(0 -0.001 0)
(0 -0.001 0)
(0 -0.001 0)
(0 -0.001 0)
(0 -0.001 0)
(0 -0.001 0)
(0 -0.001 0)
(0 -0.001 0)
(0 -0.001 0)
(0 -0.001 0)
(0 -0.001 0)
(0 -0.001 0)
(0 -0.001 0)
(0 -0.001 0)
(0 -0.001 0)
(0 -0.001 0)
(0 -0.001 0)
(0 -0.001 0)
(0 -0.001 0)
(0 -0.001 0)
(0 -0.001 0)
(0 -0.001 0)
(0 -0.001 0)
(0 -0.001 0)
(0 -0.001 0)
(0 -0.001 0)
(0 -0.001 0)
(0 -0.001 0)
(0 -0.001 0)
(0 -0.001 0)
(0 -0.001 0)
(0 -0.001 0)
(0 -0.001 0)
(0 -0.001 0)
(0 -0.001 0)
(0 -0.001 0)
(0 -0.001 0)
(0 -0.001 0)
(0 -0.001 0)
(0 -0.001 0)
(0 -0.001 0)
(0 -0.001 0)
(0 -0.001 0)
(0 -0.001 0)
(0 -0.001 0)
(0 -0.001 0)
(0 -0.001 0)
(0 -0.001 0)
(0 -0.001 0)
(0 -0.001 0)
(0 -0.001 0)
(0 -0.001 0)
(0 -0.001 0)
(0 -0.001 0)
(0 -0.001 0)
(0 -0.001 0)
(0 -0.001 0)
(0 -0.001 0)
(0 -0.001 0)
(0 -0.001 0)
(0 -0.001 0)
(0 -0.001 0)
(0 -0.001 0)
(0 -0.001 0)
(0 -0.001 0)
(0 -0.001 0)
(0 -0.001 0)
(0 -0.001 0)
(0 -0.001 0)
(0 -0.001 0)
(0 -0.001 0)
(0 -0.001 0)
(0 -0.001 0)
(0 -0.001 0)
(0 -0.001 0)
(0 -0.001 0)
(0 -0.001 0)
(0 -0.001 0)
(0 -0.001 0)
(0 -0.001 0)
(0 -0.001 0)
(0 -0.001 0)
(0 -0.001 0)
(0 -0.001 0)
(0 -0.001 0)
(0 -0.001 0)
(0 -0.001 0)
(0 -0.001 0)
(0 -0.001 0)
(0 -0.001 0)
(0 -0.001 0)
(0 -0.001 0)
(0 -0.001 0)
(0 -0.001 0)
(0 -0.001 0)
(0 -0.001 0)
(0 -0.001 0)
(0 -0.001 0)
(0 -0.001 0)
(0 -0.001 0)
(0 -0.001 0)
(0 -0.001 0)
(0 -0.001 0)
(0 -0.001 0)
(0 -0.001 0)
(0 -0.001 0)
(0 -0.001 0)
(0 -0.001 0)
(0 -0.001 0)
(0 -0.001 0)
(0 -0.001 0)
(0 -0.001 0)
(0 -0.001 0)
(0 -0.001 0)
(0 -0.001 0)
(0 -0.001 0)
(0 -0.001 0)
(0 -0.001 0)
(0 -0.001 0)
(0 -0.001 0)
(0 -0.001 0)
(0 -0.001 0)
(0 -0.001 0)
(0 -0.001 0)
(0 -0.001 0)
(0 -0.001 0)
(0 -0.001 0)
(0 -0.001 0)
(0 -0.001 0)
(0 -0.001 0)
(0 -0.001 0)
(0 -0.001 0)
(0 -0.001 0)
(0 -0.001 0)
(0 -0.001 0)
(0 -0.001 0)
(0 -0.001 0)
(0 -0.001 0)
(0 -0.001 0)
(0 -0.001 0)
(0 -0.001 0)
(0 -0.001 0)
(0 -0.001 0)
(0 -0.001 0)
(0 -0.001 0)
(0 -0.001 0)
(0 -0.001 0)
(0 -0.001 0)
(0 -0.001 0)
(0 -0.001 0)
(0 -0.001 0)
(0 -0.001 0)
(0 -0.001 0)
(0 -0.001 0)
(0 -0.001 0)
(0 -0.001 0)
(0 -0.001 0)
(0 -0.001 0)
(0 -0.001 0)
(0 -0.001 0)
(0 -0.001 0)
(0 -0.001 0)
(0 -0.001 0)
(0 -0.001 0)
(0 -0.001 0)
(0 -0.001 0)
(0 -0.001 0)
(0 -0.001 0)
(0 -0.001 0)
(0 -0.001 0)
(0 -0.001 0)
(0 -0.001 0)
(0 -0.001 0)
(0 -0.001 0)
(0 -0.001 0)
(0 -0.001 0)
(0 -0.001 0)
(0 -0.001 0)
(0 -0.001 0)
(0 -0.001 0)
(0 -0.001 0)
(0 -0.001 0)
(0 -0.001 0)
(0 -0.001 0)
(0 -0.001 0)
(0 -0.001 0)
(0 -0.001 0)
(0 -0.001 0)
(0 -0.001 0)
(0 -0.001 0)
(0 -0.001 0)
(0 -0.001 0)
(0 -0.001 0)
(0 -0.001 0)
(0 -0.001 0)
(0 -0.001 0)
(0 -0.001 0)
(0 -0.001 0)
(0 -0.001 0)
(0 -0.001 0)
(0 -0.001 0)
(0 -0.001 0)
(0 -0.001 0)
(0 -0.001 0)
(0 -0.001 0)
(0 -0.001 0)
(0 -0.001 0)
(0 -0.001 0)
(0 -0.001 0)
(0 -0.001 0)
(0 -0.001 0)
(0 -0.001 0)
(0 -0.001 0)
(0 -0.001 0)
(0 -0.001 0)
(0 -0.001 0)
(0 -0.001 0)
(0 -0.001 0)
(0 -0.001 0)
(0 -0.001 0)
(0 -0.001 0)
(0 -0.001 0)
(0 -0.001 0)
(0 -0.001 0)
(0 -0.001 0)
(0 -0.001 0)
(0 -0.001 0)
(0 -0.001 0)
(0 -0.001 0)
(0 -0.001 0)
(0 -0.001 0)
(0 -0.001 0)
(0 -0.001 0)
(0 -0.001 0)
(0 -0.001 0)
(0 -0.001 0)
(0 -0.001 0)
(0 -0.001 0)
(0 -0.001 0)
(0 -0.001 0)
(0 -0.001 0)
(0 -0.001 0)
(0 -0.001 0)
(0 -0.001 0)
(0 -0.001 0)
(0 -0.001 0)
(0 -0.001 0)
(0 -0.001 0)
(0 -0.001 0)
(0 -0.001 0)
(0 -0.001 0)
(0 -0.001 0)
(0 -0.001 0)
(0 -0.001 0)
(0 -0.001 0)
(0 -0.001 0)
(0 -0.001 0)
(0 -0.001 0)
(0 -0.001 0)
(0 -0.001 0)
(0 -0.001 0)
(0 -0.001 0)
(0 -0.001 0)
(0 -0.001 0)
(0 -0.001 0)
(0 -0.001 0)
(0 -0.001 0)
(0 -0.001 0)
(0 -0.001 0)
(0 -0.001 0)
(0 -0.001 0)
(0 -0.001 0)
(0 -0.001 0)
(0 -0.001 0)
(0 -0.001 0)
(0 -0.001 0)
(0 -0.001 0)
(0 -0.001 0)
(0 -0.001 0)
(0 -0.001 0)
(0 -0.001 0)
(0 -0.001 0)
(0 -0.001 0)
(0 -0.001 0)
(0 -0.001 0)
(0 -0.001 0)
(0 -0.001 0)
(0 -0.001 0)
(0 -0.001 0)
(0 -0.001 0)
(0 -0.001 0)
(0 -0.001 0)
(0 -0.001 0)
(0 -0.001 0)
(0 -0.001 0)
(0 -0.001 0)
(0 -0.001 0)
(0 -0.001 0)
(0 -0.001 0)
(0 -0.001 0)
(0 -0.001 0)
(0 -0.001 0)
(0 -0.001 0)
(0 -0.001 0)
(0 -0.001 0)
(0 -0.001 0)
(0 -0.001 0)
(0 -0.001 0)
(0 -0.001 0)
(0 -0.001 0)
(0 -0.001 0)
(0 -0.001 0)
(0 -0.001 0)
(0 -0.001 0)
(0 -0.001 0)
(0 -0.001 0)
(0 -0.001 0)
(0 -0.001 0)
(0 -0.001 0)
(0 -0.001 0)
(0 -0.001 0)
(0 -0.001 0)
(0 -0.001 0)
(0 -0.001 0)
(0 -0.001 0)
(0 -0.001 0)
(0 -0.001 0)
(0 -0.001 0)
(0 -0.001 0)
(0 -0.001 0)
(0 -0.001 0)
(0 -0.001 0)
(0 -0.001 0)
(0 -0.001 0)
(0 -0.001 0)
(0 -0.001 0)
(0 -0.001 0)
(0 -0.001 0)
(0 -0.001 0)
(0 -0.001 0)
(0 -0.001 0)
(0 -0.001 0)
(0 -0.001 0)
(0 -0.001 0)
(0 -0.001 0)
(0 -0.001 0)
(0 -0.001 0)
(0 -0.001 0)
(0 -0.001 0)
(0 -0.001 0)
(0 -0.001 0)
(0 -0.001 0)
(0 -0.001 0)
(0 -0.001 0)
(0 -0.001 0)
(0 -0.001 0)
(0 -0.001 0)
(0 -0.001 0)
(0 -0.001 0)
(0 -0.001 0)
(0 -0.001 0)
(0 -0.001 0)
(0 -0.001 0)
(0 -0.001 0)
(0 -0.001 0)
(0 -0.001 0)
(0 -0.001 0)
(0 -0.001 0)
(0 -0.001 0)
(0 -0.001 0)
(0 -0.001 0)
(0 -0.001 0)
(0 -0.001 0)
(0 -0.001 0)
(0 -0.001 0)
(0 -0.001 0)
(0 -0.001 0)
(0 -0.001 0)
(0 -0.001 0)
(0 -0.001 0)
(0 -0.001 0)
(0 -0.001 0)
(0 -0.001 0)
(0 -0.001 0)
(0 -0.001 0)
(0 -0.001 0)
(0 -0.001 0)
(0 -0.001 0)
(0 -0.001 0)
(0 -0.001 0)
(0 -0.001 0)
(0 -0.001 0)
(0 -0.001 0)
(0 -0.001 0)
(0 -0.001 0)
(0 -0.001 0)
(0 -0.001 0)
(0 -0.001 0)
(0 -0.001 0)
(0 -0.001 0)
(0 -0.001 0)
(0 -0.001 0)
(0 -0.001 0)
(0 -0.001 0)
(0 -0.001 0)
(0 -0.001 0)
(0 -0.001 0)
(0 -0.001 0)
(0 -0.001 0)
(0 -0.001 0)
(0 -0.001 0)
(0 -0.001 0)
(0 -0.001 0)
(0 -0.001 0)
(0 -0.001 0)
(0 -0.001 0)
(0 -0.001 0)
(0 -0.001 0)
(0 -0.001 0)
(0 -0.001 0)
(0 -0.001 0)
(0 -0.001 0)
(0 -0.001 0)
(0 -0.001 0)
(0 -0.001 0)
(0 -0.001 0)
(0 -0.001 0)
(0 -0.001 0)
(0 -0.001 0)
(0 -0.001 0)
(0 -0.001 0)
(0 -0.001 0)
(0 -0.001 0)
(0 -0.001 0)
(0 -0.001 0)
(0 -0.001 0)
(0 -0.001 0)
(0 -0.001 0)
(0 -0.001 0)
(0 -0.001 0)
(0 -0.001 0)
(0 -0.001 0)
(0 -0.001 0)
(0 -0.001 0)
(0 -0.001 0)
(0 -0.001 0)
(0 -0.001 0)
(0 -0.001 0)
(0 -0.001 0)
(0 -0.001 0)
(0 -0.001 0)
(0 -0.001 0)
(0 -0.001 0)
(0 -0.001 0)
(0 -0.001 0)
(0 -0.001 0)
(0 -0.001 0)
(0 -0.001 0)
(0 -0.001 0)
(0 -0.001 0)
(0 -0.001 0)
(0 -0.001 0)
(0 -0.001 0)
(0 -0.001 0)
(0 -0.001 0)
(0 -0.001 0)
(0 -0.001 0)
(0 -0.001 0)
(0 -0.001 0)
(0 -0.001 0)
(0 -0.001 0)
(0 -0.001 0)
(0 -0.001 0)
(0 -0.001 0)
(0 -0.001 0)
(0 -0.001 0)
(0 -0.001 0)
(0 -0.001 0)
(0 -0.001 0)
(0 -0.001 0)
(0 -0.001 0)
(0 -0.001 0)
(0 -0.001 0)
(0 -0.001 0)
(0 -0.001 0)
(0 -0.001 0)
(0 -0.001 0)
(0 -0.001 0)
(0 -0.001 0)
(0 -0.001 0)
(0 -0.001 0)
(0 -0.001 0)
(0 -0.001 0)
(0 -0.001 0)
(0 -0.001 0)
(0 -0.001 0)
(0 -0.001 0)
(0 -0.001 0)
(0 -0.001 0)
(0 -0.001 0)
(0 -0.001 0)
(0 -0.001 0)
(0 -0.001 0)
(0 -0.001 0)
(0 -0.001 0)
(0 -0.001 0)
(0 -0.001 0)
(0 -0.001 0)
(0 -0.001 0)
(0 -0.001 0)
(0 -0.001 0)
(0 -0.001 0)
(0 -0.001 0)
(0 -0.001 0)
(0 -0.001 0)
(0 -0.001 0)
(0 -0.001 0)
(0 -0.001 0)
(0 -0.001 0)
(0 -0.001 0)
(0 -0.001 0)
(0 -0.001 0)
(0 -0.001 0)
(0 -0.001 0)
(0 -0.001 0)
(0 -0.001 0)
(0 -0.001 0)
(0 -0.001 0)
(0 -0.001 0)
(0 -0.001 0)
(0 -0.001 0)
(0 -0.001 0)
(0 -0.001 0)
(0 -0.001 0)
(0 -0.001 0)
(0 -0.001 0)
(0 -0.001 0)
(0 -0.001 0)
(0 -0.001 0)
(0 -0.001 0)
(0 -0.001 0)
(0 -0.001 0)
(0 -0.001 0)
(0 -0.001 0)
(0 -0.001 0)
(0 -0.001 0)
(0 -0.001 0)
(0 -0.001 0)
(0 -0.001 0)
(0 -0.001 0)
(0 -0.001 0)
(0 -0.001 0)
(0 -0.001 0)
(0 -0.001 0)
(0 -0.001 0)
(0 -0.001 0)
(0 -0.001 0)
(0 -0.001 0)
(0 -0.001 0)
(0 -0.001 0)
(0 -0.001 0)
(0 -0.001 0)
(0 -0.001 0)
(0 -0.001 0)
(0 -0.001 0)
(0 -0.001 0)
(0 -0.001 0)
(0 -0.001 0)
(0 -0.001 0)
(0 -0.001 0)
(0 -0.001 0)
(0 -0.001 0)
(0 -0.001 0)
(0 -0.001 0)
(0 -0.001 0)
(0 -0.001 0)
(0 -0.001 0)
(0 -0.001 0)
(0 -0.001 0)
(0 -0.001 0)
(0 -0.001 0)
(0 -0.001 0)
(0 -0.001 0)
(0 -0.001 0)
(0 -0.001 0)
(0 -0.001 0)
(0 -0.001 0)
(0 -0.001 0)
(0 -0.001 0)
(0 -0.001 0)
(0 -0.001 0)
(0 -0.001 0)
(0 -0.001 0)
(0 -0.001 0)
(0 -0.001 0)
(0 -0.001 0)
(0 -0.001 0)
(0 -0.001 0)
(0 -0.001 0)
(0 -0.001 0)
(0 -0.001 0)
(0 -0.001 0)
(0 -0.001 0)
(0 -0.001 0)
(0 -0.001 0)
(0 -0.001 0)
(0 -0.001 0)
(0 -0.001 0)
(0 -0.001 0)
(0 -0.001 0)
(0 -0.001 0)
(0 -0.001 0)
(0 -0.001 0)
(0 -0.001 0)
(0 -0.001 0)
(0 -0.001 0)
(0 -0.001 0)
(0 -0.001 0)
(0 -0.001 0)
(0 -0.001 0)
(0 -0.001 0)
(0 -0.001 0)
(0 -0.001 0)
(0 -0.001 0)
(0 -0.001 0)
(0 -0.001 0)
(0 -0.001 0)
(0 -0.001 0)
(0 -0.001 0)
(0 -0.001 0)
(0 -0.001 0)
(0 -0.001 0)
(0 -0.001 0)
(0 -0.001 0)
(0 -0.001 0)
(0 -0.001 0)
(0 -0.001 0)
(0 -0.001 0)
(0 -0.001 0)
(0 -0.001 0)
(0 -0.001 0)
(0 -0.001 0)
(0 -0.001 0)
(0 -0.001 0)
(0 -0.001 0)
(0 -0.001 0)
(0 -0.001 0)
(0 -0.001 0)
(0 -0.001 0)
(0 -0.001 0)
(0 -0.001 0)
(0 -0.001 0)
(0 -0.001 0)
(0 -0.001 0)
(0 -0.001 0)
(0 -0.001 0)
(0 -0.001 0)
(0 -0.001 0)
(0 -0.001 0)
(0 -0.001 0)
(0 -0.001 0)
(0 -0.001 0)
(0 -0.001 0)
(0 -0.001 0)
(0 -0.001 0)
(0 -0.001 0)
(0 -0.001 0)
(0 -0.001 0)
(0 -0.001 0)
(0 -0.001 0)
(0 -0.001 0)
(0 -0.001 0)
(0 -0.001 0)
(0 -0.001 0)
(0 -0.001 0)
(0 -0.001 0)
(0 -0.001 0)
(0 -0.001 0)
(0 -0.001 0)
(0 -0.001 0)
(0 -0.001 0)
(0 -0.001 0)
(0 -0.001 0)
(0 -0.001 0)
(0 -0.001 0)
(0 -0.001 0)
(0 -0.001 0)
(0 -0.001 0)
(0 -0.001 0)
(0 -0.001 0)
(0 -0.001 0)
(0 -0.001 0)
(0 -0.001 0)
(0 -0.001 0)
(0 -0.001 0)
(0 -0.001 0)
(0 -0.001 0)
(0 -0.001 0)
(0 -0.001 0)
(0 -0.001 0)
(0 -0.001 0)
(0 -0.001 0)
(0 -0.001 0)
(0 -0.001 0)
(0 -0.001 0)
(0 -0.001 0)
(0 -0.001 0)
(0 -0.001 0)
(0 -0.001 0)
(0 -0.001 0)
(0 -0.001 0)
(0 -0.001 0)
(0 -0.001 0)
(0 -0.001 0)
(0 -0.001 0)
(0 -0.001 0)
(0 -0.001 0)
(0 -0.001 0)
(0 -0.001 0)
(0 -0.001 0)
(0 -0.001 0)
(0 -0.001 0)
(0 -0.001 0)
(0 -0.001 0)
(0 -0.001 0)
(0 -0.001 0)
(0 -0.001 0)
(0 -0.001 0)
(0 -0.001 0)
(0 -0.001 0)
(0 -0.001 0)
(0 -0.001 0)
(0 -0.001 0)
(0 -0.001 0)
(0 -0.001 0)
(0 -0.001 0)
(0 -0.001 0)
(0 -0.001 0)
(0 -0.001 0)
(0 -0.001 0)
(0 -0.001 0)
(0 -0.001 0)
(0 -0.001 0)
(0 -0.001 0)
(0 -0.001 0)
(0 -0.001 0)
(0 -0.001 0)
(0 -0.001 0)
(0 -0.001 0)
(0 -0.001 0)
(0 -0.001 0)
(0 -0.001 0)
(0 -0.001 0)
(0 -0.001 0)
(0 -0.001 0)
(0 -0.001 0)
(0 -0.001 0)
(0 -0.001 0)
(0 -0.001 0)
(0 -0.001 0)
(0 -0.001 0)
(0 -0.001 0)
(0 -0.001 0)
(0 -0.001 0)
(0 -0.001 0)
(0 -0.001 0)
(0 -0.001 0)
(0 -0.001 0)
(0 -0.001 0)
(0 -0.001 0)
(0 -0.001 0)
(0 -0.001 0)
(0 -0.001 0)
(0 -0.001 0)
(0 -0.001 0)
(0 -0.001 0)
(0 -0.001 0)
(0 -0.001 0)
(0 -0.001 0)
(0 -0.001 0)
(0 -0.001 0)
(0 -0.001 0)
(0 -0.001 0)
(0 -0.001 0)
(0 -0.001 0)
(0 -0.001 0)
(0 -0.001 0)
(0 -0.001 0)
(0 -0.001 0)
(0 -0.001 0)
(0 -0.001 0)
(0 -0.001 0)
(0 -0.001 0)
(0 -0.001 0)
(0 -0.001 0)
(0 -0.001 0)
(0 -0.001 0)
(0 -0.001 0)
(0 -0.001 0)
(0 -0.001 0)
(0 -0.001 0)
(0 -0.001 0)
(0 -0.001 0)
(0 -0.001 0)
(0 -0.001 0)
(0 -0.001 0)
(0 -0.001 0)
(0 -0.001 0)
(0 -0.001 0)
(0 -0.001 0)
(0 -0.001 0)
(0 -0.001 0)
(0 -0.001 0)
(0 -0.001 0)
(0 -0.001 0)
(0 -0.001 0)
(0 -0.001 0)
(0 -0.001 0)
(0 -0.001 0)
(0 -0.001 0)
(0 -0.001 0)
(0 -0.001 0)
(0 -0.001 0)
(0 -0.001 0)
(0 -0.001 0)
(0 -0.001 0)
(0 -0.001 0)
(0 -0.001 0)
(0 -0.001 0)
(0 -0.001 0)
(0 -0.001 0)
(0 -0.001 0)
(0 -0.001 0)
(0 -0.001 0)
(0 -0.001 0)
(0 -0.001 0)
(0 -0.001 0)
(0 -0.001 0)
(0 -0.001 0)
(0 -0.001 0)
(0 -0.001 0)
(0 -0.001 0)
(0 -0.001 0)
(0 -0.001 0)
(0 -0.001 0)
(0 -0.001 0)
(0 -0.001 0)
(0 -0.001 0)
(0 -0.001 0)
(0 -0.001 0)
(0 -0.001 0)
(0 -0.001 0)
(0 -0.001 0)
(0 -0.001 0)
(0 -0.001 0)
(0 -0.001 0)
(0 -0.001 0)
(0 -0.001 0)
(0 -0.001 0)
(0 -0.001 0)
(0 -0.001 0)
(0 -0.001 0)
(0 -0.001 0)
(0 -0.001 0)
(0 -0.001 0)
(0 -0.001 0)
(0 -0.001 0)
(0 -0.001 0)
(0 -0.001 0)
(0 -0.001 0)
(0 -0.001 0)
(0 -0.001 0)
(0 -0.001 0)
(0 -0.001 0)
(0 -0.001 0)
(0 -0.001 0)
(0 -0.001 0)
(0 -0.001 0)
(0 -0.001 0)
(0 -0.001 0)
(0 -0.001 0)
(0 -0.001 0)
(0 -0.001 0)
(0 -0.001 0)
(0 -0.001 0)
(0 -0.001 0)
(0 -0.001 0)
(0 -0.001 0)
(0 -0.001 0)
(0 -0.001 0)
(0 -0.001 0)
(0 -0.001 0)
(0 -0.001 0)
(0 -0.001 0)
(0 -0.001 0)
(0 -0.001 0)
(0 -0.001 0)
(0 -0.001 0)
(0 -0.001 0)
(0 -0.001 0)
(0 -0.001 0)
(0 -0.001 0)
(0 -0.001 0)
(0 -0.001 0)
(0 -0.001 0)
(0 -0.001 0)
(0 -0.001 0)
(0 -0.001 0)
(0 -0.001 0)
(0 -0.001 0)
(0 -0.001 0)
(0 -0.001 0)
(0 -0.001 0)
(0 -0.001 0)
(0 -0.001 0)
(0 -0.001 0)
(0 -0.001 0)
(0 -0.001 0)
(0 -0.001 0)
(0 -0.001 0)
(0 -0.001 0)
(0 -0.001 0)
(0 -0.001 0)
(0 -0.001 0)
(0 -0.001 0)
(0 -0.001 0)
(0 -0.001 0)
(0 -0.001 0)
(0 -0.001 0)
(0 -0.001 0)
(0 -0.001 0)
(0 -0.001 0)
(0 -0.001 0)
(0 -0.001 0)
(0 -0.001 0)
(0 -0.001 0)
(0 -0.001 0)
(0 -0.001 0)
(0 -0.001 0)
(0 -0.001 0)
(0 -0.001 0)
(0 -0.001 0)
(0 -0.001 0)
(0 -0.001 0)
(0 -0.001 0)
(0 -0.001 0)
(0 -0.001 0)
)
;
    }
}


// ************************************************************************* //
