/*--------------------------------*- C++ -*----------------------------------*\
| =========                 |                                                 |
| \\      /  F ield         | OpenFOAM: The Open Source CFD Toolbox           |
|  \\    /   O peration     | Version:  2512                                  |
|   \\  /    A nd           | Website:  www.openfoam.com                      |
|    \\/     M anipulation  |                                                 |
\*---------------------------------------------------------------------------*/
FoamFile
{
    version     2.0;
    format      ascii;
    arch        "LSB;label=32;scalar=64";
    class       vectorField;
    location    "constant/polyMesh";
    object      points;
}
// * * * * * * * * * * * * * * * * * * * * * * * * * * * * * * * * * * * * * //


22984
(
(0 0 0)
(0.0075 0 0)
(0.015 0 0)
(0.0225 0 0)
(0.03 0 0)
(0.0375 0 0)
(0.045 0 0)
(0.0525 0 0)
(0.06 0 0)
(0.0675 0 0)
(0.075 0 0)
(0.0825 0 0)
(0.09 0 0)
(0.0975 0 0)
(0.105 0 0)
(0.1125 0 0)
(0.12 0 0)
(0.1275 0 0)
(0.135 0 0)
(0.1425 0 0)
(0.15 0 0)
(0 0.01 0)
(0.0075 0.01 0)
(0.015 0.01 0)
(0.0225 0.01 0)
(0.03 0.01 0)
(0.0375 0.01 0)
(0.045 0.01 0)
(0.0525 0.01 0)
(0.06 0.01 0)
(0.0675 0.01 0)
(0.075 0.01 0)
(0.0825 0.01 0)
(0.09 0.01 0)
(0.0975 0.01 0)
(0.105 0.01 0)
(0.1125 0.01 0)
(0.12 0.01 0)
(0.1275 0.01 0)
(0.135 0.01 0)
(0.1425 0.01 0)
(0.15 0.01 0)
(0 0.02 0)
(0.0075 0.02 0)
(0.015 0.02 0)
(0.0225 0.02 0)
(0.03 0.02 0)
(0.0375 0.02 0)
(0.045 0.02 0)
(0.0525 0.02 0)
(0.06 0.02 0)
(0.0675 0.02 0)
(0.075 0.02 0)
(0.0825 0.02 0)
(0.09 0.02 0)
(0.0975 0.02 0)
(0.105 0.02 0)
(0.1125 0.02 0)
(0.12 0.02 0)
(0.1275 0.02 0)
(0.135 0.02 0)
(0.1425 0.02 0)
(0.15 0.02 0)
(0 0.03 0)
(0.0075 0.03 0)
(0.015 0.03 0)
(0.0225 0.03 0)
(0.03 0.03 0)
(0.0375 0.03 0)
(0.045 0.03 0)
(0.0525 0.03 0)
(0.06 0.03 0)
(0.0675 0.03 0)
(0.075 0.03 0)
(0.0825 0.03 0)
(0.09 0.03 0)
(0.0975 0.03 0)
(0.105 0.03 0)
(0.1125 0.03 0)
(0.12 0.03 0)
(0.1275 0.03 0)
(0.135 0.03 0)
(0.1425 0.03 0)
(0.15 0.03 0)
(0 0.04 0)
(0.0075 0.04 0)
(0.015 0.04 0)
(0.0225 0.04 0)
(0.03 0.04 0)
(0.0375 0.04 0)
(0.045 0.04 0)
(0.0525 0.04 0)
(0.06 0.04 0)
(0.0675 0.04 0)
(0.075 0.04 0)
(0.0825 0.04 0)
(0.09 0.04 0)
(0.0975 0.04 0)
(0.105 0.04 0)
(0.1125 0.04 0)
(0.12 0.04 0)
(0.1275 0.04 0)
(0.135 0.04 0)
(0.1425 0.04 0)
(0.15 0.04 0)
(0 0.05 0)
(0.0075 0.05 0)
(0.015 0.05 0)
(0.0225 0.05 0)
(0.03 0.05 0)
(0.0375 0.05 0)
(0.045 0.05 0)
(0.0525 0.05 0)
(0.06 0.05 0)
(0.0675 0.05 0)
(0.075 0.05 0)
(0.0825 0.05 0)
(0.09 0.05 0)
(0.0975 0.05 0)
(0.105 0.05 0)
(0.1125 0.05 0)
(0.12 0.05 0)
(0.1275 0.05 0)
(0.135 0.05 0)
(0.1425 0.05 0)
(0.15 0.05 0)
(0 0.06 0)
(0.0075 0.06 0)
(0.015 0.06 0)
(0.0225 0.06 0)
(0.03 0.06 0)
(0.0375 0.06 0)
(0.045 0.06 0)
(0.0525 0.06 0)
(0.06 0.06 0)
(0.0675 0.06 0)
(0.075 0.06 0)
(0.0825 0.06 0)
(0.09 0.06 0)
(0.0975 0.06 0)
(0.105 0.06 0)
(0.1125 0.06 0)
(0.12 0.06 0)
(0.1275 0.06 0)
(0.135 0.06 0)
(0.1425 0.06 0)
(0.15 0.06 0)
(0 0.07 0)
(0.0075 0.07 0)
(0.015 0.07 0)
(0.0225 0.07 0)
(0.03 0.07 0)
(0.0375 0.07 0)
(0.045 0.07 0)
(0.0525 0.07 0)
(0.06 0.07 0)
(0.0675 0.07 0)
(0.075 0.07 0)
(0.0825 0.07 0)
(0.09 0.07 0)
(0.0975 0.07 0)
(0.105 0.07 0)
(0.1125 0.07 0)
(0.12 0.07 0)
(0.1275 0.07 0)
(0.135 0.07 0)
(0.1425 0.07 0)
(0.15 0.07 0)
(0 0.08 0)
(0.0075 0.08 0)
(0.015 0.08 0)
(0.0225 0.08 0)
(0.03 0.08 0)
(0.0375 0.08 0)
(0.045 0.08 0)
(0.0525 0.08 0)
(0.06 0.08 0)
(0.0675 0.08 0)
(0.075 0.08 0)
(0.0825 0.08 0)
(0.09 0.08 0)
(0.0975 0.08 0)
(0.105 0.08 0)
(0.1125 0.08 0)
(0.12 0.08 0)
(0.1275 0.08 0)
(0.135 0.08 0)
(0.1425 0.08 0)
(0.15 0.08 0)
(0 0.09 0)
(0.0075 0.09 0)
(0.015 0.09 0)
(0.0225 0.09 0)
(0.03 0.09 0)
(0.0375 0.09 0)
(0.045 0.09 0)
(0.0525 0.09 0)
(0.06 0.09 0)
(0.0675 0.09 0)
(0.075 0.09 0)
(0.0825 0.09 0)
(0.09 0.09 0)
(0.0975 0.09 0)
(0.105 0.09 0)
(0.1125 0.09 0)
(0.12 0.09 0)
(0.1275 0.09 0)
(0.135 0.09 0)
(0.1425 0.09 0)
(0.15 0.09 0)
(0 0.1 0)
(0.0075 0.1 0)
(0.015 0.1 0)
(0.0225 0.1 0)
(0.03 0.1 0)
(0.0375 0.1 0)
(0.045 0.1 0)
(0.0525 0.1 0)
(0.06 0.1 0)
(0.0675 0.1 0)
(0.075 0.1 0)
(0.0825 0.1 0)
(0.09 0.1 0)
(0.0975 0.1 0)
(0.105 0.1 0)
(0.1125 0.1 0)
(0.12 0.1 0)
(0.1275 0.1 0)
(0.135 0.1 0)
(0.1425 0.1 0)
(0.15 0.1 0)
(0 0.11 0)
(0.0075 0.11 0)
(0.015 0.11 0)
(0.0225 0.11 0)
(0.03 0.11 0)
(0.0375 0.11 0)
(0.045 0.11 0)
(0.0525 0.11 0)
(0.06 0.11 0)
(0.0675 0.11 0)
(0.075 0.11 0)
(0.0825 0.11 0)
(0.09 0.11 0)
(0.0975 0.11 0)
(0.105 0.11 0)
(0.1125 0.11 0)
(0.12 0.11 0)
(0.1275 0.11 0)
(0.135 0.11 0)
(0.1425 0.11 0)
(0.15 0.11 0)
(0 0.12 0)
(0.0075 0.12 0)
(0.015 0.12 0)
(0.0225 0.12 0)
(0.03 0.12 0)
(0.0375 0.12 0)
(0.045 0.12 0)
(0.0525 0.12 0)
(0.06 0.12 0)
(0.0675 0.12 0)
(0.075 0.12 0)
(0.0825 0.12 0)
(0.09 0.12 0)
(0.0975 0.12 0)
(0.105 0.12 0)
(0.1125 0.12 0)
(0.12 0.12 0)
(0.1275 0.12 0)
(0.135 0.12 0)
(0.1425 0.12 0)
(0.15 0.12 0)
(0 0.13 0)
(0.0075 0.13 0)
(0.015 0.13 0)
(0.0225 0.13 0)
(0.03 0.13 0)
(0.0375 0.13 0)
(0.045 0.13 0)
(0.0525 0.13 0)
(0.06 0.13 0)
(0.0675 0.13 0)
(0.075 0.13 0)
(0.0825 0.13 0)
(0.09 0.13 0)
(0.0975 0.13 0)
(0.105 0.13 0)
(0.1125 0.13 0)
(0.12 0.13 0)
(0.1275 0.13 0)
(0.135 0.13 0)
(0.1425 0.13 0)
(0.15 0.13 0)
(0 0.14 0)
(0.0075 0.14 0)
(0.015 0.14 0)
(0.0225 0.14 0)
(0.03 0.14 0)
(0.0375 0.14 0)
(0.045 0.14 0)
(0.0525 0.14 0)
(0.06 0.14 0)
(0.0675 0.14 0)
(0.075 0.14 0)
(0.0825 0.14 0)
(0.09 0.14 0)
(0.0975 0.14 0)
(0.105 0.14 0)
(0.1125 0.14 0)
(0.12 0.14 0)
(0.1275 0.14 0)
(0.135 0.14 0)
(0.1425 0.14 0)
(0.15 0.14 0)
(0 0.15 0)
(0.0075 0.15 0)
(0.015 0.15 0)
(0.0225 0.15 0)
(0.03 0.15 0)
(0.0375 0.15 0)
(0.045 0.15 0)
(0.0525 0.15 0)
(0.06 0.15 0)
(0.0675 0.15 0)
(0.075 0.15 0)
(0.0825 0.15 0)
(0.09 0.15 0)
(0.0975 0.15 0)
(0.105 0.15 0)
(0.1125 0.15 0)
(0.12 0.15 0)
(0.1275 0.15 0)
(0.135 0.15 0)
(0.1425 0.15 0)
(0.15 0.15 0)
(0 0 0.01)
(0.0075 0 0.01)
(0.015 0 0.01)
(0.0225 0 0.01)
(0.03 0 0.01)
(0.0375 0 0.01)
(0.045 0 0.01)
(0.0525 0 0.01)
(0.06 0 0.01)
(0.0675 0 0.01)
(0.075 0 0.01)
(0.0825 0 0.01)
(0.09 0 0.01)
(0.0975 0 0.01)
(0.105 0 0.01)
(0.1125 0 0.01)
(0.12 0 0.01)
(0.1275 0 0.01)
(0.135 0 0.01)
(0.1425 0 0.01)
(0.15 0 0.01)
(0 0.01 0.01)
(0.0075 0.01 0.01)
(0.015 0.01 0.01)
(0.0225 0.01 0.01)
(0.03 0.01 0.01)
(0.0375 0.01 0.01)
(0.045 0.01 0.01)
(0.0525 0.01 0.01)
(0.06 0.01 0.01)
(0.0675 0.01 0.01)
(0.075 0.01 0.01)
(0.0825 0.01 0.01)
(0.09 0.01 0.01)
(0.0975 0.01 0.01)
(0.105 0.01 0.01)
(0.1125 0.01 0.01)
(0.12 0.01 0.01)
(0.1275 0.01 0.01)
(0.135 0.01 0.01)
(0.1425 0.01 0.01)
(0.15 0.01 0.01)
(0 0.02 0.01)
(0.0075 0.02 0.01)
(0.015 0.02 0.01)
(0.0225 0.02 0.01)
(0.03 0.02 0.01)
(0.0375 0.02 0.01)
(0.045 0.02 0.01)
(0.0525 0.02 0.01)
(0.06 0.02 0.01)
(0.0675 0.02 0.01)
(0.075 0.02 0.01)
(0.0825 0.02 0.01)
(0.09 0.02 0.01)
(0.0975 0.02 0.01)
(0.105 0.02 0.01)
(0.1125 0.02 0.01)
(0.12 0.02 0.01)
(0.1275 0.02 0.01)
(0.135 0.02 0.01)
(0.1425 0.02 0.01)
(0.15 0.02 0.01)
(0 0.03 0.01)
(0.0075 0.03 0.01)
(0.015 0.03 0.01)
(0.0225 0.03 0.01)
(0.03 0.03 0.01)
(0.0375 0.03 0.01)
(0.045 0.03 0.01)
(0.0525 0.03 0.01)
(0.06 0.03 0.01)
(0.0675 0.03 0.01)
(0.075 0.03 0.01)
(0.0825 0.03 0.01)
(0.09 0.03 0.01)
(0.0975 0.03 0.01)
(0.105 0.03 0.01)
(0.1125 0.03 0.01)
(0.12 0.03 0.01)
(0.1275 0.03 0.01)
(0.135 0.03 0.01)
(0.1425 0.03 0.01)
(0.15 0.03 0.01)
(0 0.04 0.01)
(0.0075 0.04 0.01)
(0.015 0.04 0.01)
(0.0225 0.04 0.01)
(0.03 0.04 0.01)
(0.0375 0.04 0.01)
(0.045 0.04 0.01)
(0.0525 0.04 0.01)
(0.06 0.04 0.01)
(0.0675 0.04 0.01)
(0.075 0.04 0.01)
(0.0825 0.04 0.01)
(0.09 0.04 0.01)
(0.0975 0.04 0.01)
(0.105 0.04 0.01)
(0.1125 0.04 0.01)
(0.12 0.04 0.01)
(0.1275 0.04 0.01)
(0.135 0.04 0.01)
(0.1425 0.04 0.01)
(0.15 0.04 0.01)
(0 0.05 0.01)
(0.0075 0.05 0.01)
(0.015 0.05 0.01)
(0.0225 0.05 0.01)
(0.03 0.05 0.01)
(0.0375 0.05 0.01)
(0.045 0.05 0.01)
(0.0525 0.05 0.01)
(0.06 0.05 0.01)
(0.0675 0.05 0.01)
(0.075 0.05 0.01)
(0.0825 0.05 0.01)
(0.09 0.05 0.01)
(0.0975 0.05 0.01)
(0.105 0.05 0.01)
(0.1125 0.05 0.01)
(0.12 0.05 0.01)
(0.1275 0.05 0.01)
(0.135 0.05 0.01)
(0.1425 0.05 0.01)
(0.15 0.05 0.01)
(0 0.06 0.01)
(0.0075 0.06 0.01)
(0.015 0.06 0.01)
(0.0225 0.06 0.01)
(0.03 0.06 0.01)
(0.0375 0.06 0.01)
(0.045 0.06 0.01)
(0.0525 0.06 0.01)
(0.06 0.06 0.01)
(0.0675 0.06 0.01)
(0.075 0.06 0.01)
(0.0825 0.06 0.01)
(0.09 0.06 0.01)
(0.0975 0.06 0.01)
(0.105 0.06 0.01)
(0.1125 0.06 0.01)
(0.12 0.06 0.01)
(0.1275 0.06 0.01)
(0.135 0.06 0.01)
(0.1425 0.06 0.01)
(0.15 0.06 0.01)
(0 0.07 0.01)
(0.0075 0.07 0.01)
(0.015 0.07 0.01)
(0.0225 0.07 0.01)
(0.03 0.07 0.01)
(0.0375 0.07 0.01)
(0.045 0.07 0.01)
(0.0525 0.07 0.01)
(0.06 0.07 0.01)
(0.0675 0.07 0.01)
(0.075 0.07 0.01)
(0.0825 0.07 0.01)
(0.09 0.07 0.01)
(0.0975 0.07 0.01)
(0.105 0.07 0.01)
(0.1125 0.07 0.01)
(0.12 0.07 0.01)
(0.1275 0.07 0.01)
(0.135 0.07 0.01)
(0.1425 0.07 0.01)
(0.15 0.07 0.01)
(0 0.08 0.01)
(0.0075 0.08 0.01)
(0.015 0.08 0.01)
(0.0225 0.08 0.01)
(0.03 0.08 0.01)
(0.0375 0.08 0.01)
(0.045 0.08 0.01)
(0.0525 0.08 0.01)
(0.06 0.08 0.01)
(0.0675 0.08 0.01)
(0.075 0.08 0.01)
(0.0825 0.08 0.01)
(0.09 0.08 0.01)
(0.0975 0.08 0.01)
(0.105 0.08 0.01)
(0.1125 0.08 0.01)
(0.12 0.08 0.01)
(0.1275 0.08 0.01)
(0.135 0.08 0.01)
(0.1425 0.08 0.01)
(0.15 0.08 0.01)
(0 0.09 0.01)
(0.0075 0.09 0.01)
(0.015 0.09 0.01)
(0.0225 0.09 0.01)
(0.03 0.09 0.01)
(0.0375 0.09 0.01)
(0.045 0.09 0.01)
(0.0525 0.09 0.01)
(0.06 0.09 0.01)
(0.0675 0.09 0.01)
(0.075 0.09 0.01)
(0.0825 0.09 0.01)
(0.09 0.09 0.01)
(0.0975 0.09 0.01)
(0.105 0.09 0.01)
(0.1125 0.09 0.01)
(0.12 0.09 0.01)
(0.1275 0.09 0.01)
(0.135 0.09 0.01)
(0.1425 0.09 0.01)
(0.15 0.09 0.01)
(0 0.1 0.01)
(0.0075 0.1 0.01)
(0.015 0.1 0.01)
(0.0225 0.1 0.01)
(0.03 0.1 0.01)
(0.0375 0.1 0.01)
(0.045 0.1 0.01)
(0.0525 0.1 0.01)
(0.06 0.1 0.01)
(0.0675 0.1 0.01)
(0.075 0.1 0.01)
(0.0825 0.1 0.01)
(0.09 0.1 0.01)
(0.0975 0.1 0.01)
(0.105 0.1 0.01)
(0.1125 0.1 0.01)
(0.12 0.1 0.01)
(0.1275 0.1 0.01)
(0.135 0.1 0.01)
(0.1425 0.1 0.01)
(0.15 0.1 0.01)
(0 0.11 0.01)
(0.0075 0.11 0.01)
(0.015 0.11 0.01)
(0.0225 0.11 0.01)
(0.03 0.11 0.01)
(0.0375 0.11 0.01)
(0.045 0.11 0.01)
(0.0525 0.11 0.01)
(0.06 0.11 0.01)
(0.0675 0.11 0.01)
(0.075 0.11 0.01)
(0.0825 0.11 0.01)
(0.09 0.11 0.01)
(0.0975 0.11 0.01)
(0.105 0.11 0.01)
(0.1125 0.11 0.01)
(0.12 0.11 0.01)
(0.1275 0.11 0.01)
(0.135 0.11 0.01)
(0.1425 0.11 0.01)
(0.15 0.11 0.01)
(0 0.12 0.01)
(0.0075 0.12 0.01)
(0.015 0.12 0.01)
(0.0225 0.12 0.01)
(0.03 0.12 0.01)
(0.0375 0.12 0.01)
(0.045 0.12 0.01)
(0.0525 0.12 0.01)
(0.06 0.12 0.01)
(0.0675 0.12 0.01)
(0.075 0.12 0.01)
(0.0825 0.12 0.01)
(0.09 0.12 0.01)
(0.0975 0.12 0.01)
(0.105 0.12 0.01)
(0.1125 0.12 0.01)
(0.12 0.12 0.01)
(0.1275 0.12 0.01)
(0.135 0.12 0.01)
(0.1425 0.12 0.01)
(0.15 0.12 0.01)
(0 0.13 0.01)
(0.0075 0.13 0.01)
(0.015 0.13 0.01)
(0.0225 0.13 0.01)
(0.03 0.13 0.01)
(0.0375 0.13 0.01)
(0.045 0.13 0.01)
(0.0525 0.13 0.01)
(0.06 0.13 0.01)
(0.0675 0.13 0.01)
(0.075 0.13 0.01)
(0.0825 0.13 0.01)
(0.09 0.13 0.01)
(0.0975 0.13 0.01)
(0.105 0.13 0.01)
(0.1125 0.13 0.01)
(0.12 0.13 0.01)
(0.1275 0.13 0.01)
(0.135 0.13 0.01)
(0.1425 0.13 0.01)
(0.15 0.13 0.01)
(0 0.14 0.01)
(0.0075 0.14 0.01)
(0.015 0.14 0.01)
(0.0225 0.14 0.01)
(0.03 0.14 0.01)
(0.0375 0.14 0.01)
(0.045 0.14 0.01)
(0.0525 0.14 0.01)
(0.06 0.14 0.01)
(0.0675 0.14 0.01)
(0.075 0.14 0.01)
(0.0825 0.14 0.01)
(0.09 0.14 0.01)
(0.0975 0.14 0.01)
(0.105 0.14 0.01)
(0.1125 0.14 0.01)
(0.12 0.14 0.01)
(0.1275 0.14 0.01)
(0.135 0.14 0.01)
(0.1425 0.14 0.01)
(0.15 0.14 0.01)
(0 0.15 0.01)
(0.0075 0.15 0.01)
(0.015 0.15 0.01)
(0.0225 0.15 0.01)
(0.03 0.15 0.01)
(0.0375 0.15 0.01)
(0.045 0.15 0.01)
(0.0525 0.15 0.01)
(0.06 0.15 0.01)
(0.0675 0.15 0.01)
(0.075 0.15 0.01)
(0.0825 0.15 0.01)
(0.09 0.15 0.01)
(0.0975 0.15 0.01)
(0.105 0.15 0.01)
(0.1125 0.15 0.01)
(0.12 0.15 0.01)
(0.1275 0.15 0.01)
(0.135 0.15 0.01)
(0.1425 0.15 0.01)
(0.15 0.15 0.01)
(0.155 0 0)
(0.16 0 0)
(0.165 0 0)
(0.17 0 0)
(0.175 0 0)
(0.18 0 0)
(0.185 0 0)
(0.19 0 0)
(0.195 0 0)
(0.2 0 0)
(0.205 0 0)
(0.21 0 0)
(0.215 0 0)
(0.22 0 0)
(0.225 0 0)
(0.23 0 0)
(0.235 0 0)
(0.24 0 0)
(0.245 0 0)
(0.25 0 0)
(0.155 0.01 0)
(0.16 0.01 0)
(0.165 0.01 0)
(0.17 0.01 0)
(0.175 0.01 0)
(0.18 0.01 0)
(0.185 0.01 0)
(0.19 0.01 0)
(0.195 0.01 0)
(0.2 0.01 0)
(0.205 0.01 0)
(0.21 0.01 0)
(0.215 0.01 0)
(0.22 0.01 0)
(0.225 0.01 0)
(0.23 0.01 0)
(0.235 0.01 0)
(0.24 0.01 0)
(0.245 0.01 0)
(0.25 0.01 0)
(0.155 0.02 0)
(0.16 0.02 0)
(0.165 0.02 0)
(0.17 0.02 0)
(0.175 0.02 0)
(0.18 0.02 0)
(0.185 0.02 0)
(0.19 0.02 0)
(0.195 0.02 0)
(0.2 0.02 0)
(0.205 0.02 0)
(0.21 0.02 0)
(0.215 0.02 0)
(0.22 0.02 0)
(0.225 0.02 0)
(0.23 0.02 0)
(0.235 0.02 0)
(0.24 0.02 0)
(0.245 0.02 0)
(0.25 0.02 0)
(0.155 0.03 0)
(0.16 0.03 0)
(0.165 0.03 0)
(0.17 0.03 0)
(0.175 0.03 0)
(0.18 0.03 0)
(0.185 0.03 0)
(0.19 0.03 0)
(0.195 0.03 0)
(0.2 0.03 0)
(0.205 0.03 0)
(0.21 0.03 0)
(0.215 0.03 0)
(0.22 0.03 0)
(0.225 0.03 0)
(0.23 0.03 0)
(0.235 0.03 0)
(0.24 0.03 0)
(0.245 0.03 0)
(0.25 0.03 0)
(0.155 0.04 0)
(0.16 0.04 0)
(0.165 0.04 0)
(0.17 0.04 0)
(0.175 0.04 0)
(0.18 0.04 0)
(0.185 0.04 0)
(0.19 0.04 0)
(0.195 0.04 0)
(0.2 0.04 0)
(0.205 0.04 0)
(0.21 0.04 0)
(0.215 0.04 0)
(0.22 0.04 0)
(0.225 0.04 0)
(0.23 0.04 0)
(0.235 0.04 0)
(0.24 0.04 0)
(0.245 0.04 0)
(0.25 0.04 0)
(0.155 0.05 0)
(0.16 0.05 0)
(0.165 0.05 0)
(0.17 0.05 0)
(0.175 0.05 0)
(0.18 0.05 0)
(0.185 0.05 0)
(0.19 0.05 0)
(0.195 0.05 0)
(0.2 0.05 0)
(0.205 0.05 0)
(0.21 0.05 0)
(0.215 0.05 0)
(0.22 0.05 0)
(0.225 0.05 0)
(0.23 0.05 0)
(0.235 0.05 0)
(0.24 0.05 0)
(0.245 0.05 0)
(0.25 0.05 0)
(0.155 0.06 0)
(0.16 0.06 0)
(0.165 0.06 0)
(0.17 0.06 0)
(0.175 0.06 0)
(0.18 0.06 0)
(0.185 0.06 0)
(0.19 0.06 0)
(0.195 0.06 0)
(0.2 0.06 0)
(0.205 0.06 0)
(0.21 0.06 0)
(0.215 0.06 0)
(0.22 0.06 0)
(0.225 0.06 0)
(0.23 0.06 0)
(0.235 0.06 0)
(0.24 0.06 0)
(0.245 0.06 0)
(0.25 0.06 0)
(0.155 0.07 0)
(0.16 0.07 0)
(0.165 0.07 0)
(0.17 0.07 0)
(0.175 0.07 0)
(0.18 0.07 0)
(0.185 0.07 0)
(0.19 0.07 0)
(0.195 0.07 0)
(0.2 0.07 0)
(0.205 0.07 0)
(0.21 0.07 0)
(0.215 0.07 0)
(0.22 0.07 0)
(0.225 0.07 0)
(0.23 0.07 0)
(0.235 0.07 0)
(0.24 0.07 0)
(0.245 0.07 0)
(0.25 0.07 0)
(0.155 0.08 0)
(0.16 0.08 0)
(0.165 0.08 0)
(0.17 0.08 0)
(0.175 0.08 0)
(0.18 0.08 0)
(0.185 0.08 0)
(0.19 0.08 0)
(0.195 0.08 0)
(0.2 0.08 0)
(0.205 0.08 0)
(0.21 0.08 0)
(0.215 0.08 0)
(0.22 0.08 0)
(0.225 0.08 0)
(0.23 0.08 0)
(0.235 0.08 0)
(0.24 0.08 0)
(0.245 0.08 0)
(0.25 0.08 0)
(0.155 0.09 0)
(0.16 0.09 0)
(0.165 0.09 0)
(0.17 0.09 0)
(0.175 0.09 0)
(0.18 0.09 0)
(0.185 0.09 0)
(0.19 0.09 0)
(0.195 0.09 0)
(0.2 0.09 0)
(0.205 0.09 0)
(0.21 0.09 0)
(0.215 0.09 0)
(0.22 0.09 0)
(0.225 0.09 0)
(0.23 0.09 0)
(0.235 0.09 0)
(0.24 0.09 0)
(0.245 0.09 0)
(0.25 0.09 0)
(0.155 0.1 0)
(0.16 0.1 0)
(0.165 0.1 0)
(0.17 0.1 0)
(0.175 0.1 0)
(0.18 0.1 0)
(0.185 0.1 0)
(0.19 0.1 0)
(0.195 0.1 0)
(0.2 0.1 0)
(0.205 0.1 0)
(0.21 0.1 0)
(0.215 0.1 0)
(0.22 0.1 0)
(0.225 0.1 0)
(0.23 0.1 0)
(0.235 0.1 0)
(0.24 0.1 0)
(0.245 0.1 0)
(0.25 0.1 0)
(0.155 0.11 0)
(0.16 0.11 0)
(0.165 0.11 0)
(0.17 0.11 0)
(0.175 0.11 0)
(0.18 0.11 0)
(0.185 0.11 0)
(0.19 0.11 0)
(0.195 0.11 0)
(0.2 0.11 0)
(0.205 0.11 0)
(0.21 0.11 0)
(0.215 0.11 0)
(0.22 0.11 0)
(0.225 0.11 0)
(0.23 0.11 0)
(0.235 0.11 0)
(0.24 0.11 0)
(0.245 0.11 0)
(0.25 0.11 0)
(0.155 0.12 0)
(0.16 0.12 0)
(0.165 0.12 0)
(0.17 0.12 0)
(0.175 0.12 0)
(0.18 0.12 0)
(0.185 0.12 0)
(0.19 0.12 0)
(0.195 0.12 0)
(0.2 0.12 0)
(0.205 0.12 0)
(0.21 0.12 0)
(0.215 0.12 0)
(0.22 0.12 0)
(0.225 0.12 0)
(0.23 0.12 0)
(0.235 0.12 0)
(0.24 0.12 0)
(0.245 0.12 0)
(0.25 0.12 0)
(0.155 0.13 0)
(0.16 0.13 0)
(0.165 0.13 0)
(0.17 0.13 0)
(0.175 0.13 0)
(0.18 0.13 0)
(0.185 0.13 0)
(0.19 0.13 0)
(0.195 0.13 0)
(0.2 0.13 0)
(0.205 0.13 0)
(0.21 0.13 0)
(0.215 0.13 0)
(0.22 0.13 0)
(0.225 0.13 0)
(0.23 0.13 0)
(0.235 0.13 0)
(0.24 0.13 0)
(0.245 0.13 0)
(0.25 0.13 0)
(0.155 0.14 0)
(0.16 0.14 0)
(0.165 0.14 0)
(0.17 0.14 0)
(0.175 0.14 0)
(0.18 0.14 0)
(0.185 0.14 0)
(0.19 0.14 0)
(0.195 0.14 0)
(0.2 0.14 0)
(0.205 0.14 0)
(0.21 0.14 0)
(0.215 0.14 0)
(0.22 0.14 0)
(0.225 0.14 0)
(0.23 0.14 0)
(0.235 0.14 0)
(0.24 0.14 0)
(0.245 0.14 0)
(0.25 0.14 0)
(0.155 0.15 0)
(0.16 0.15 0)
(0.165 0.15 0)
(0.17 0.15 0)
(0.175 0.15 0)
(0.18 0.15 0)
(0.185 0.15 0)
(0.19 0.15 0)
(0.195 0.15 0)
(0.2 0.15 0)
(0.205 0.15 0)
(0.21 0.15 0)
(0.215 0.15 0)
(0.22 0.15 0)
(0.225 0.15 0)
(0.23 0.15 0)
(0.235 0.15 0)
(0.24 0.15 0)
(0.245 0.15 0)
(0.25 0.15 0)
(0.155 0 0.01)
(0.16 0 0.01)
(0.165 0 0.01)
(0.17 0 0.01)
(0.175 0 0.01)
(0.18 0 0.01)
(0.185 0 0.01)
(0.19 0 0.01)
(0.195 0 0.01)
(0.2 0 0.01)
(0.205 0 0.01)
(0.21 0 0.01)
(0.215 0 0.01)
(0.22 0 0.01)
(0.225 0 0.01)
(0.23 0 0.01)
(0.235 0 0.01)
(0.24 0 0.01)
(0.245 0 0.01)
(0.25 0 0.01)
(0.155 0.01 0.01)
(0.16 0.01 0.01)
(0.165 0.01 0.01)
(0.17 0.01 0.01)
(0.175 0.01 0.01)
(0.18 0.01 0.01)
(0.185 0.01 0.01)
(0.19 0.01 0.01)
(0.195 0.01 0.01)
(0.2 0.01 0.01)
(0.205 0.01 0.01)
(0.21 0.01 0.01)
(0.215 0.01 0.01)
(0.22 0.01 0.01)
(0.225 0.01 0.01)
(0.23 0.01 0.01)
(0.235 0.01 0.01)
(0.24 0.01 0.01)
(0.245 0.01 0.01)
(0.25 0.01 0.01)
(0.155 0.02 0.01)
(0.16 0.02 0.01)
(0.165 0.02 0.01)
(0.17 0.02 0.01)
(0.175 0.02 0.01)
(0.18 0.02 0.01)
(0.185 0.02 0.01)
(0.19 0.02 0.01)
(0.195 0.02 0.01)
(0.2 0.02 0.01)
(0.205 0.02 0.01)
(0.21 0.02 0.01)
(0.215 0.02 0.01)
(0.22 0.02 0.01)
(0.225 0.02 0.01)
(0.23 0.02 0.01)
(0.235 0.02 0.01)
(0.24 0.02 0.01)
(0.245 0.02 0.01)
(0.25 0.02 0.01)
(0.155 0.03 0.01)
(0.16 0.03 0.01)
(0.165 0.03 0.01)
(0.17 0.03 0.01)
(0.175 0.03 0.01)
(0.18 0.03 0.01)
(0.185 0.03 0.01)
(0.19 0.03 0.01)
(0.195 0.03 0.01)
(0.2 0.03 0.01)
(0.205 0.03 0.01)
(0.21 0.03 0.01)
(0.215 0.03 0.01)
(0.22 0.03 0.01)
(0.225 0.03 0.01)
(0.23 0.03 0.01)
(0.235 0.03 0.01)
(0.24 0.03 0.01)
(0.245 0.03 0.01)
(0.25 0.03 0.01)
(0.155 0.04 0.01)
(0.16 0.04 0.01)
(0.165 0.04 0.01)
(0.17 0.04 0.01)
(0.175 0.04 0.01)
(0.18 0.04 0.01)
(0.185 0.04 0.01)
(0.19 0.04 0.01)
(0.195 0.04 0.01)
(0.2 0.04 0.01)
(0.205 0.04 0.01)
(0.21 0.04 0.01)
(0.215 0.04 0.01)
(0.22 0.04 0.01)
(0.225 0.04 0.01)
(0.23 0.04 0.01)
(0.235 0.04 0.01)
(0.24 0.04 0.01)
(0.245 0.04 0.01)
(0.25 0.04 0.01)
(0.155 0.05 0.01)
(0.16 0.05 0.01)
(0.165 0.05 0.01)
(0.17 0.05 0.01)
(0.175 0.05 0.01)
(0.18 0.05 0.01)
(0.185 0.05 0.01)
(0.19 0.05 0.01)
(0.195 0.05 0.01)
(0.2 0.05 0.01)
(0.205 0.05 0.01)
(0.21 0.05 0.01)
(0.215 0.05 0.01)
(0.22 0.05 0.01)
(0.225 0.05 0.01)
(0.23 0.05 0.01)
(0.235 0.05 0.01)
(0.24 0.05 0.01)
(0.245 0.05 0.01)
(0.25 0.05 0.01)
(0.155 0.06 0.01)
(0.16 0.06 0.01)
(0.165 0.06 0.01)
(0.17 0.06 0.01)
(0.175 0.06 0.01)
(0.18 0.06 0.01)
(0.185 0.06 0.01)
(0.19 0.06 0.01)
(0.195 0.06 0.01)
(0.2 0.06 0.01)
(0.205 0.06 0.01)
(0.21 0.06 0.01)
(0.215 0.06 0.01)
(0.22 0.06 0.01)
(0.225 0.06 0.01)
(0.23 0.06 0.01)
(0.235 0.06 0.01)
(0.24 0.06 0.01)
(0.245 0.06 0.01)
(0.25 0.06 0.01)
(0.155 0.07 0.01)
(0.16 0.07 0.01)
(0.165 0.07 0.01)
(0.17 0.07 0.01)
(0.175 0.07 0.01)
(0.18 0.07 0.01)
(0.185 0.07 0.01)
(0.19 0.07 0.01)
(0.195 0.07 0.01)
(0.2 0.07 0.01)
(0.205 0.07 0.01)
(0.21 0.07 0.01)
(0.215 0.07 0.01)
(0.22 0.07 0.01)
(0.225 0.07 0.01)
(0.23 0.07 0.01)
(0.235 0.07 0.01)
(0.24 0.07 0.01)
(0.245 0.07 0.01)
(0.25 0.07 0.01)
(0.155 0.08 0.01)
(0.16 0.08 0.01)
(0.165 0.08 0.01)
(0.17 0.08 0.01)
(0.175 0.08 0.01)
(0.18 0.08 0.01)
(0.185 0.08 0.01)
(0.19 0.08 0.01)
(0.195 0.08 0.01)
(0.2 0.08 0.01)
(0.205 0.08 0.01)
(0.21 0.08 0.01)
(0.215 0.08 0.01)
(0.22 0.08 0.01)
(0.225 0.08 0.01)
(0.23 0.08 0.01)
(0.235 0.08 0.01)
(0.24 0.08 0.01)
(0.245 0.08 0.01)
(0.25 0.08 0.01)
(0.155 0.09 0.01)
(0.16 0.09 0.01)
(0.165 0.09 0.01)
(0.17 0.09 0.01)
(0.175 0.09 0.01)
(0.18 0.09 0.01)
(0.185 0.09 0.01)
(0.19 0.09 0.01)
(0.195 0.09 0.01)
(0.2 0.09 0.01)
(0.205 0.09 0.01)
(0.21 0.09 0.01)
(0.215 0.09 0.01)
(0.22 0.09 0.01)
(0.225 0.09 0.01)
(0.23 0.09 0.01)
(0.235 0.09 0.01)
(0.24 0.09 0.01)
(0.245 0.09 0.01)
(0.25 0.09 0.01)
(0.155 0.1 0.01)
(0.16 0.1 0.01)
(0.165 0.1 0.01)
(0.17 0.1 0.01)
(0.175 0.1 0.01)
(0.18 0.1 0.01)
(0.185 0.1 0.01)
(0.19 0.1 0.01)
(0.195 0.1 0.01)
(0.2 0.1 0.01)
(0.205 0.1 0.01)
(0.21 0.1 0.01)
(0.215 0.1 0.01)
(0.22 0.1 0.01)
(0.225 0.1 0.01)
(0.23 0.1 0.01)
(0.235 0.1 0.01)
(0.24 0.1 0.01)
(0.245 0.1 0.01)
(0.25 0.1 0.01)
(0.155 0.11 0.01)
(0.16 0.11 0.01)
(0.165 0.11 0.01)
(0.17 0.11 0.01)
(0.175 0.11 0.01)
(0.18 0.11 0.01)
(0.185 0.11 0.01)
(0.19 0.11 0.01)
(0.195 0.11 0.01)
(0.2 0.11 0.01)
(0.205 0.11 0.01)
(0.21 0.11 0.01)
(0.215 0.11 0.01)
(0.22 0.11 0.01)
(0.225 0.11 0.01)
(0.23 0.11 0.01)
(0.235 0.11 0.01)
(0.24 0.11 0.01)
(0.245 0.11 0.01)
(0.25 0.11 0.01)
(0.155 0.12 0.01)
(0.16 0.12 0.01)
(0.165 0.12 0.01)
(0.17 0.12 0.01)
(0.175 0.12 0.01)
(0.18 0.12 0.01)
(0.185 0.12 0.01)
(0.19 0.12 0.01)
(0.195 0.12 0.01)
(0.2 0.12 0.01)
(0.205 0.12 0.01)
(0.21 0.12 0.01)
(0.215 0.12 0.01)
(0.22 0.12 0.01)
(0.225 0.12 0.01)
(0.23 0.12 0.01)
(0.235 0.12 0.01)
(0.24 0.12 0.01)
(0.245 0.12 0.01)
(0.25 0.12 0.01)
(0.155 0.13 0.01)
(0.16 0.13 0.01)
(0.165 0.13 0.01)
(0.17 0.13 0.01)
(0.175 0.13 0.01)
(0.18 0.13 0.01)
(0.185 0.13 0.01)
(0.19 0.13 0.01)
(0.195 0.13 0.01)
(0.2 0.13 0.01)
(0.205 0.13 0.01)
(0.21 0.13 0.01)
(0.215 0.13 0.01)
(0.22 0.13 0.01)
(0.225 0.13 0.01)
(0.23 0.13 0.01)
(0.235 0.13 0.01)
(0.24 0.13 0.01)
(0.245 0.13 0.01)
(0.25 0.13 0.01)
(0.155 0.14 0.01)
(0.16 0.14 0.01)
(0.165 0.14 0.01)
(0.17 0.14 0.01)
(0.175 0.14 0.01)
(0.18 0.14 0.01)
(0.185 0.14 0.01)
(0.19 0.14 0.01)
(0.195 0.14 0.01)
(0.2 0.14 0.01)
(0.205 0.14 0.01)
(0.21 0.14 0.01)
(0.215 0.14 0.01)
(0.22 0.14 0.01)
(0.225 0.14 0.01)
(0.23 0.14 0.01)
(0.235 0.14 0.01)
(0.24 0.14 0.01)
(0.245 0.14 0.01)
(0.25 0.14 0.01)
(0.155 0.15 0.01)
(0.16 0.15 0.01)
(0.165 0.15 0.01)
(0.17 0.15 0.01)
(0.175 0.15 0.01)
(0.18 0.15 0.01)
(0.185 0.15 0.01)
(0.19 0.15 0.01)
(0.195 0.15 0.01)
(0.2 0.15 0.01)
(0.205 0.15 0.01)
(0.21 0.15 0.01)
(0.215 0.15 0.01)
(0.22 0.15 0.01)
(0.225 0.15 0.01)
(0.23 0.15 0.01)
(0.235 0.15 0.01)
(0.24 0.15 0.01)
(0.245 0.15 0.01)
(0.25 0.15 0.01)
(0.2625 0 0)
(0.275 0 0)
(0.2875 0 0)
(0.3 0 0)
(0.3125 0 0)
(0.325 0 0)
(0.3375 0 0)
(0.35 0 0)
(0.3625 0 0)
(0.375 0 0)
(0.3875 0 0)
(0.4 0 0)
(0.4125 0 0)
(0.425 0 0)
(0.4375 0 0)
(0.45 0 0)
(0.4625 0 0)
(0.475 0 0)
(0.4875 0 0)
(0.5 0 0)
(0.5125 0 0)
(0.525 0 0)
(0.5375 0 0)
(0.55 0 0)
(0.5625 0 0)
(0.575 0 0)
(0.5875 0 0)
(0.6 0 0)
(0.6125 0 0)
(0.625 0 0)
(0.6375 0 0)
(0.65 0 0)
(0.6625 0 0)
(0.675 0 0)
(0.6875 0 0)
(0.7 0 0)
(0.7125 0 0)
(0.725 0 0)
(0.7375 0 0)
(0.75 0 0)
(0.7625 0 0)
(0.775 0 0)
(0.7875 0 0)
(0.8 0 0)
(0.8125 0 0)
(0.825 0 0)
(0.8375 0 0)
(0.85 0 0)
(0.8625 0 0)
(0.875 0 0)
(0.8875 0 0)
(0.9 0 0)
(0.9125 0 0)
(0.925 0 0)
(0.9375 0 0)
(0.95 0 0)
(0.9625 0 0)
(0.975 0 0)
(0.9875 0 0)
(1 0 0)
(1.0125 0 0)
(1.025 0 0)
(1.0375 0 0)
(1.05 0 0)
(1.0625 0 0)
(1.075 0 0)
(1.0875 0 0)
(1.1 0 0)
(1.1125 0 0)
(1.125 0 0)
(1.1375 0 0)
(1.15 0 0)
(1.1625 0 0)
(1.175 0 0)
(1.1875 0 0)
(1.2 0 0)
(1.2125 0 0)
(1.225 0 0)
(1.2375 0 0)
(1.25 0 0)
(1.2625 0 0)
(1.275 0 0)
(1.2875 0 0)
(1.3 0 0)
(1.3125 0 0)
(1.325 0 0)
(1.3375 0 0)
(1.35 0 0)
(1.3625 0 0)
(1.375 0 0)
(1.3875 0 0)
(1.4 0 0)
(1.4125 0 0)
(1.425 0 0)
(1.4375 0 0)
(1.45 0 0)
(1.4625 0 0)
(1.475 0 0)
(1.4875 0 0)
(1.5 0 0)
(1.5125 0 0)
(1.525 0 0)
(1.5375 0 0)
(1.55 0 0)
(1.5625 0 0)
(1.575 0 0)
(1.5875 0 0)
(1.6 0 0)
(1.6125 0 0)
(1.625 0 0)
(1.6375 0 0)
(1.65 0 0)
(1.6625 0 0)
(1.675 0 0)
(1.6875 0 0)
(1.7 0 0)
(1.7125 0 0)
(1.725 0 0)
(1.7375 0 0)
(1.75 0 0)
(1.7625 0 0)
(1.775 0 0)
(1.7875 0 0)
(1.8 0 0)
(1.8125 0 0)
(1.825 0 0)
(1.8375 0 0)
(1.85 0 0)
(1.8625 0 0)
(1.875 0 0)
(1.8875 0 0)
(1.9 0 0)
(1.9125 0 0)
(1.925 0 0)
(1.9375 0 0)
(1.95 0 0)
(1.9625 0 0)
(1.975 0 0)
(1.9875 0 0)
(2 0 0)
(2.0125 0 0)
(2.025 0 0)
(2.0375 0 0)
(2.05 0 0)
(2.0625 0 0)
(2.075 0 0)
(2.0875 0 0)
(2.1 0 0)
(2.1125 0 0)
(2.125 0 0)
(2.1375 0 0)
(2.15 0 0)
(2.1625 0 0)
(2.175 0 0)
(2.1875 0 0)
(2.2 0 0)
(2.2125 0 0)
(2.225 0 0)
(2.2375 0 0)
(2.25 0 0)
(2.2625 0 0)
(2.275 0 0)
(2.2875 0 0)
(2.3 0 0)
(2.3125 0 0)
(2.325 0 0)
(2.3375 0 0)
(2.35 0 0)
(2.3625 0 0)
(2.375 0 0)
(2.3875 0 0)
(2.4 0 0)
(2.4125 0 0)
(2.425 0 0)
(2.4375 0 0)
(2.45 0 0)
(2.4625 0 0)
(2.475 0 0)
(2.4875 0 0)
(2.5 0 0)
(0.2625 0.01 0)
(0.275 0.01 0)
(0.2875 0.01 0)
(0.3 0.01 0)
(0.3125 0.01 0)
(0.325 0.01 0)
(0.3375 0.01 0)
(0.35 0.01 0)
(0.3625 0.01 0)
(0.375 0.01 0)
(0.3875 0.01 0)
(0.4 0.01 0)
(0.4125 0.01 0)
(0.425 0.01 0)
(0.4375 0.01 0)
(0.45 0.01 0)
(0.4625 0.01 0)
(0.475 0.01 0)
(0.4875 0.01 0)
(0.5 0.01 0)
(0.5125 0.01 0)
(0.525 0.01 0)
(0.5375 0.01 0)
(0.55 0.01 0)
(0.5625 0.01 0)
(0.575 0.01 0)
(0.5875 0.01 0)
(0.6 0.01 0)
(0.6125 0.01 0)
(0.625 0.01 0)
(0.6375 0.01 0)
(0.65 0.01 0)
(0.6625 0.01 0)
(0.675 0.01 0)
(0.6875 0.01 0)
(0.7 0.01 0)
(0.7125 0.01 0)
(0.725 0.01 0)
(0.7375 0.01 0)
(0.75 0.01 0)
(0.7625 0.01 0)
(0.775 0.01 0)
(0.7875 0.01 0)
(0.8 0.01 0)
(0.8125 0.01 0)
(0.825 0.01 0)
(0.8375 0.01 0)
(0.85 0.01 0)
(0.8625 0.01 0)
(0.875 0.01 0)
(0.8875 0.01 0)
(0.9 0.01 0)
(0.9125 0.01 0)
(0.925 0.01 0)
(0.9375 0.01 0)
(0.95 0.01 0)
(0.9625 0.01 0)
(0.975 0.01 0)
(0.9875 0.01 0)
(1 0.01 0)
(1.0125 0.01 0)
(1.025 0.01 0)
(1.0375 0.01 0)
(1.05 0.01 0)
(1.0625 0.01 0)
(1.075 0.01 0)
(1.0875 0.01 0)
(1.1 0.01 0)
(1.1125 0.01 0)
(1.125 0.01 0)
(1.1375 0.01 0)
(1.15 0.01 0)
(1.1625 0.01 0)
(1.175 0.01 0)
(1.1875 0.01 0)
(1.2 0.01 0)
(1.2125 0.01 0)
(1.225 0.01 0)
(1.2375 0.01 0)
(1.25 0.01 0)
(1.2625 0.01 0)
(1.275 0.01 0)
(1.2875 0.01 0)
(1.3 0.01 0)
(1.3125 0.01 0)
(1.325 0.01 0)
(1.3375 0.01 0)
(1.35 0.01 0)
(1.3625 0.01 0)
(1.375 0.01 0)
(1.3875 0.01 0)
(1.4 0.01 0)
(1.4125 0.01 0)
(1.425 0.01 0)
(1.4375 0.01 0)
(1.45 0.01 0)
(1.4625 0.01 0)
(1.475 0.01 0)
(1.4875 0.01 0)
(1.5 0.01 0)
(1.5125 0.01 0)
(1.525 0.01 0)
(1.5375 0.01 0)
(1.55 0.01 0)
(1.5625 0.01 0)
(1.575 0.01 0)
(1.5875 0.01 0)
(1.6 0.01 0)
(1.6125 0.01 0)
(1.625 0.01 0)
(1.6375 0.01 0)
(1.65 0.01 0)
(1.6625 0.01 0)
(1.675 0.01 0)
(1.6875 0.01 0)
(1.7 0.01 0)
(1.7125 0.01 0)
(1.725 0.01 0)
(1.7375 0.01 0)
(1.75 0.01 0)
(1.7625 0.01 0)
(1.775 0.01 0)
(1.7875 0.01 0)
(1.8 0.01 0)
(1.8125 0.01 0)
(1.825 0.01 0)
(1.8375 0.01 0)
(1.85 0.01 0)
(1.8625 0.01 0)
(1.875 0.01 0)
(1.8875 0.01 0)
(1.9 0.01 0)
(1.9125 0.01 0)
(1.925 0.01 0)
(1.9375 0.01 0)
(1.95 0.01 0)
(1.9625 0.01 0)
(1.975 0.01 0)
(1.9875 0.01 0)
(2 0.01 0)
(2.0125 0.01 0)
(2.025 0.01 0)
(2.0375 0.01 0)
(2.05 0.01 0)
(2.0625 0.01 0)
(2.075 0.01 0)
(2.0875 0.01 0)
(2.1 0.01 0)
(2.1125 0.01 0)
(2.125 0.01 0)
(2.1375 0.01 0)
(2.15 0.01 0)
(2.1625 0.01 0)
(2.175 0.01 0)
(2.1875 0.01 0)
(2.2 0.01 0)
(2.2125 0.01 0)
(2.225 0.01 0)
(2.2375 0.01 0)
(2.25 0.01 0)
(2.2625 0.01 0)
(2.275 0.01 0)
(2.2875 0.01 0)
(2.3 0.01 0)
(2.3125 0.01 0)
(2.325 0.01 0)
(2.3375 0.01 0)
(2.35 0.01 0)
(2.3625 0.01 0)
(2.375 0.01 0)
(2.3875 0.01 0)
(2.4 0.01 0)
(2.4125 0.01 0)
(2.425 0.01 0)
(2.4375 0.01 0)
(2.45 0.01 0)
(2.4625 0.01 0)
(2.475 0.01 0)
(2.4875 0.01 0)
(2.5 0.01 0)
(0.2625 0.02 0)
(0.275 0.02 0)
(0.2875 0.02 0)
(0.3 0.02 0)
(0.3125 0.02 0)
(0.325 0.02 0)
(0.3375 0.02 0)
(0.35 0.02 0)
(0.3625 0.02 0)
(0.375 0.02 0)
(0.3875 0.02 0)
(0.4 0.02 0)
(0.4125 0.02 0)
(0.425 0.02 0)
(0.4375 0.02 0)
(0.45 0.02 0)
(0.4625 0.02 0)
(0.475 0.02 0)
(0.4875 0.02 0)
(0.5 0.02 0)
(0.5125 0.02 0)
(0.525 0.02 0)
(0.5375 0.02 0)
(0.55 0.02 0)
(0.5625 0.02 0)
(0.575 0.02 0)
(0.5875 0.02 0)
(0.6 0.02 0)
(0.6125 0.02 0)
(0.625 0.02 0)
(0.6375 0.02 0)
(0.65 0.02 0)
(0.6625 0.02 0)
(0.675 0.02 0)
(0.6875 0.02 0)
(0.7 0.02 0)
(0.7125 0.02 0)
(0.725 0.02 0)
(0.7375 0.02 0)
(0.75 0.02 0)
(0.7625 0.02 0)
(0.775 0.02 0)
(0.7875 0.02 0)
(0.8 0.02 0)
(0.8125 0.02 0)
(0.825 0.02 0)
(0.8375 0.02 0)
(0.85 0.02 0)
(0.8625 0.02 0)
(0.875 0.02 0)
(0.8875 0.02 0)
(0.9 0.02 0)
(0.9125 0.02 0)
(0.925 0.02 0)
(0.9375 0.02 0)
(0.95 0.02 0)
(0.9625 0.02 0)
(0.975 0.02 0)
(0.9875 0.02 0)
(1 0.02 0)
(1.0125 0.02 0)
(1.025 0.02 0)
(1.0375 0.02 0)
(1.05 0.02 0)
(1.0625 0.02 0)
(1.075 0.02 0)
(1.0875 0.02 0)
(1.1 0.02 0)
(1.1125 0.02 0)
(1.125 0.02 0)
(1.1375 0.02 0)
(1.15 0.02 0)
(1.1625 0.02 0)
(1.175 0.02 0)
(1.1875 0.02 0)
(1.2 0.02 0)
(1.2125 0.02 0)
(1.225 0.02 0)
(1.2375 0.02 0)
(1.25 0.02 0)
(1.2625 0.02 0)
(1.275 0.02 0)
(1.2875 0.02 0)
(1.3 0.02 0)
(1.3125 0.02 0)
(1.325 0.02 0)
(1.3375 0.02 0)
(1.35 0.02 0)
(1.3625 0.02 0)
(1.375 0.02 0)
(1.3875 0.02 0)
(1.4 0.02 0)
(1.4125 0.02 0)
(1.425 0.02 0)
(1.4375 0.02 0)
(1.45 0.02 0)
(1.4625 0.02 0)
(1.475 0.02 0)
(1.4875 0.02 0)
(1.5 0.02 0)
(1.5125 0.02 0)
(1.525 0.02 0)
(1.5375 0.02 0)
(1.55 0.02 0)
(1.5625 0.02 0)
(1.575 0.02 0)
(1.5875 0.02 0)
(1.6 0.02 0)
(1.6125 0.02 0)
(1.625 0.02 0)
(1.6375 0.02 0)
(1.65 0.02 0)
(1.6625 0.02 0)
(1.675 0.02 0)
(1.6875 0.02 0)
(1.7 0.02 0)
(1.7125 0.02 0)
(1.725 0.02 0)
(1.7375 0.02 0)
(1.75 0.02 0)
(1.7625 0.02 0)
(1.775 0.02 0)
(1.7875 0.02 0)
(1.8 0.02 0)
(1.8125 0.02 0)
(1.825 0.02 0)
(1.8375 0.02 0)
(1.85 0.02 0)
(1.8625 0.02 0)
(1.875 0.02 0)
(1.8875 0.02 0)
(1.9 0.02 0)
(1.9125 0.02 0)
(1.925 0.02 0)
(1.9375 0.02 0)
(1.95 0.02 0)
(1.9625 0.02 0)
(1.975 0.02 0)
(1.9875 0.02 0)
(2 0.02 0)
(2.0125 0.02 0)
(2.025 0.02 0)
(2.0375 0.02 0)
(2.05 0.02 0)
(2.0625 0.02 0)
(2.075 0.02 0)
(2.0875 0.02 0)
(2.1 0.02 0)
(2.1125 0.02 0)
(2.125 0.02 0)
(2.1375 0.02 0)
(2.15 0.02 0)
(2.1625 0.02 0)
(2.175 0.02 0)
(2.1875 0.02 0)
(2.2 0.02 0)
(2.2125 0.02 0)
(2.225 0.02 0)
(2.2375 0.02 0)
(2.25 0.02 0)
(2.2625 0.02 0)
(2.275 0.02 0)
(2.2875 0.02 0)
(2.3 0.02 0)
(2.3125 0.02 0)
(2.325 0.02 0)
(2.3375 0.02 0)
(2.35 0.02 0)
(2.3625 0.02 0)
(2.375 0.02 0)
(2.3875 0.02 0)
(2.4 0.02 0)
(2.4125 0.02 0)
(2.425 0.02 0)
(2.4375 0.02 0)
(2.45 0.02 0)
(2.4625 0.02 0)
(2.475 0.02 0)
(2.4875 0.02 0)
(2.5 0.02 0)
(0.2625 0.03 0)
(0.275 0.03 0)
(0.2875 0.03 0)
(0.3 0.03 0)
(0.3125 0.03 0)
(0.325 0.03 0)
(0.3375 0.03 0)
(0.35 0.03 0)
(0.3625 0.03 0)
(0.375 0.03 0)
(0.3875 0.03 0)
(0.4 0.03 0)
(0.4125 0.03 0)
(0.425 0.03 0)
(0.4375 0.03 0)
(0.45 0.03 0)
(0.4625 0.03 0)
(0.475 0.03 0)
(0.4875 0.03 0)
(0.5 0.03 0)
(0.5125 0.03 0)
(0.525 0.03 0)
(0.5375 0.03 0)
(0.55 0.03 0)
(0.5625 0.03 0)
(0.575 0.03 0)
(0.5875 0.03 0)
(0.6 0.03 0)
(0.6125 0.03 0)
(0.625 0.03 0)
(0.6375 0.03 0)
(0.65 0.03 0)
(0.6625 0.03 0)
(0.675 0.03 0)
(0.6875 0.03 0)
(0.7 0.03 0)
(0.7125 0.03 0)
(0.725 0.03 0)
(0.7375 0.03 0)
(0.75 0.03 0)
(0.7625 0.03 0)
(0.775 0.03 0)
(0.7875 0.03 0)
(0.8 0.03 0)
(0.8125 0.03 0)
(0.825 0.03 0)
(0.8375 0.03 0)
(0.85 0.03 0)
(0.8625 0.03 0)
(0.875 0.03 0)
(0.8875 0.03 0)
(0.9 0.03 0)
(0.9125 0.03 0)
(0.925 0.03 0)
(0.9375 0.03 0)
(0.95 0.03 0)
(0.9625 0.03 0)
(0.975 0.03 0)
(0.9875 0.03 0)
(1 0.03 0)
(1.0125 0.03 0)
(1.025 0.03 0)
(1.0375 0.03 0)
(1.05 0.03 0)
(1.0625 0.03 0)
(1.075 0.03 0)
(1.0875 0.03 0)
(1.1 0.03 0)
(1.1125 0.03 0)
(1.125 0.03 0)
(1.1375 0.03 0)
(1.15 0.03 0)
(1.1625 0.03 0)
(1.175 0.03 0)
(1.1875 0.03 0)
(1.2 0.03 0)
(1.2125 0.03 0)
(1.225 0.03 0)
(1.2375 0.03 0)
(1.25 0.03 0)
(1.2625 0.03 0)
(1.275 0.03 0)
(1.2875 0.03 0)
(1.3 0.03 0)
(1.3125 0.03 0)
(1.325 0.03 0)
(1.3375 0.03 0)
(1.35 0.03 0)
(1.3625 0.03 0)
(1.375 0.03 0)
(1.3875 0.03 0)
(1.4 0.03 0)
(1.4125 0.03 0)
(1.425 0.03 0)
(1.4375 0.03 0)
(1.45 0.03 0)
(1.4625 0.03 0)
(1.475 0.03 0)
(1.4875 0.03 0)
(1.5 0.03 0)
(1.5125 0.03 0)
(1.525 0.03 0)
(1.5375 0.03 0)
(1.55 0.03 0)
(1.5625 0.03 0)
(1.575 0.03 0)
(1.5875 0.03 0)
(1.6 0.03 0)
(1.6125 0.03 0)
(1.625 0.03 0)
(1.6375 0.03 0)
(1.65 0.03 0)
(1.6625 0.03 0)
(1.675 0.03 0)
(1.6875 0.03 0)
(1.7 0.03 0)
(1.7125 0.03 0)
(1.725 0.03 0)
(1.7375 0.03 0)
(1.75 0.03 0)
(1.7625 0.03 0)
(1.775 0.03 0)
(1.7875 0.03 0)
(1.8 0.03 0)
(1.8125 0.03 0)
(1.825 0.03 0)
(1.8375 0.03 0)
(1.85 0.03 0)
(1.8625 0.03 0)
(1.875 0.03 0)
(1.8875 0.03 0)
(1.9 0.03 0)
(1.9125 0.03 0)
(1.925 0.03 0)
(1.9375 0.03 0)
(1.95 0.03 0)
(1.9625 0.03 0)
(1.975 0.03 0)
(1.9875 0.03 0)
(2 0.03 0)
(2.0125 0.03 0)
(2.025 0.03 0)
(2.0375 0.03 0)
(2.05 0.03 0)
(2.0625 0.03 0)
(2.075 0.03 0)
(2.0875 0.03 0)
(2.1 0.03 0)
(2.1125 0.03 0)
(2.125 0.03 0)
(2.1375 0.03 0)
(2.15 0.03 0)
(2.1625 0.03 0)
(2.175 0.03 0)
(2.1875 0.03 0)
(2.2 0.03 0)
(2.2125 0.03 0)
(2.225 0.03 0)
(2.2375 0.03 0)
(2.25 0.03 0)
(2.2625 0.03 0)
(2.275 0.03 0)
(2.2875 0.03 0)
(2.3 0.03 0)
(2.3125 0.03 0)
(2.325 0.03 0)
(2.3375 0.03 0)
(2.35 0.03 0)
(2.3625 0.03 0)
(2.375 0.03 0)
(2.3875 0.03 0)
(2.4 0.03 0)
(2.4125 0.03 0)
(2.425 0.03 0)
(2.4375 0.03 0)
(2.45 0.03 0)
(2.4625 0.03 0)
(2.475 0.03 0)
(2.4875 0.03 0)
(2.5 0.03 0)
(0.2625 0.04 0)
(0.275 0.04 0)
(0.2875 0.04 0)
(0.3 0.04 0)
(0.3125 0.04 0)
(0.325 0.04 0)
(0.3375 0.04 0)
(0.35 0.04 0)
(0.3625 0.04 0)
(0.375 0.04 0)
(0.3875 0.04 0)
(0.4 0.04 0)
(0.4125 0.04 0)
(0.425 0.04 0)
(0.4375 0.04 0)
(0.45 0.04 0)
(0.4625 0.04 0)
(0.475 0.04 0)
(0.4875 0.04 0)
(0.5 0.04 0)
(0.5125 0.04 0)
(0.525 0.04 0)
(0.5375 0.04 0)
(0.55 0.04 0)
(0.5625 0.04 0)
(0.575 0.04 0)
(0.5875 0.04 0)
(0.6 0.04 0)
(0.6125 0.04 0)
(0.625 0.04 0)
(0.6375 0.04 0)
(0.65 0.04 0)
(0.6625 0.04 0)
(0.675 0.04 0)
(0.6875 0.04 0)
(0.7 0.04 0)
(0.7125 0.04 0)
(0.725 0.04 0)
(0.7375 0.04 0)
(0.75 0.04 0)
(0.7625 0.04 0)
(0.775 0.04 0)
(0.7875 0.04 0)
(0.8 0.04 0)
(0.8125 0.04 0)
(0.825 0.04 0)
(0.8375 0.04 0)
(0.85 0.04 0)
(0.8625 0.04 0)
(0.875 0.04 0)
(0.8875 0.04 0)
(0.9 0.04 0)
(0.9125 0.04 0)
(0.925 0.04 0)
(0.9375 0.04 0)
(0.95 0.04 0)
(0.9625 0.04 0)
(0.975 0.04 0)
(0.9875 0.04 0)
(1 0.04 0)
(1.0125 0.04 0)
(1.025 0.04 0)
(1.0375 0.04 0)
(1.05 0.04 0)
(1.0625 0.04 0)
(1.075 0.04 0)
(1.0875 0.04 0)
(1.1 0.04 0)
(1.1125 0.04 0)
(1.125 0.04 0)
(1.1375 0.04 0)
(1.15 0.04 0)
(1.1625 0.04 0)
(1.175 0.04 0)
(1.1875 0.04 0)
(1.2 0.04 0)
(1.2125 0.04 0)
(1.225 0.04 0)
(1.2375 0.04 0)
(1.25 0.04 0)
(1.2625 0.04 0)
(1.275 0.04 0)
(1.2875 0.04 0)
(1.3 0.04 0)
(1.3125 0.04 0)
(1.325 0.04 0)
(1.3375 0.04 0)
(1.35 0.04 0)
(1.3625 0.04 0)
(1.375 0.04 0)
(1.3875 0.04 0)
(1.4 0.04 0)
(1.4125 0.04 0)
(1.425 0.04 0)
(1.4375 0.04 0)
(1.45 0.04 0)
(1.4625 0.04 0)
(1.475 0.04 0)
(1.4875 0.04 0)
(1.5 0.04 0)
(1.5125 0.04 0)
(1.525 0.04 0)
(1.5375 0.04 0)
(1.55 0.04 0)
(1.5625 0.04 0)
(1.575 0.04 0)
(1.5875 0.04 0)
(1.6 0.04 0)
(1.6125 0.04 0)
(1.625 0.04 0)
(1.6375 0.04 0)
(1.65 0.04 0)
(1.6625 0.04 0)
(1.675 0.04 0)
(1.6875 0.04 0)
(1.7 0.04 0)
(1.7125 0.04 0)
(1.725 0.04 0)
(1.7375 0.04 0)
(1.75 0.04 0)
(1.7625 0.04 0)
(1.775 0.04 0)
(1.7875 0.04 0)
(1.8 0.04 0)
(1.8125 0.04 0)
(1.825 0.04 0)
(1.8375 0.04 0)
(1.85 0.04 0)
(1.8625 0.04 0)
(1.875 0.04 0)
(1.8875 0.04 0)
(1.9 0.04 0)
(1.9125 0.04 0)
(1.925 0.04 0)
(1.9375 0.04 0)
(1.95 0.04 0)
(1.9625 0.04 0)
(1.975 0.04 0)
(1.9875 0.04 0)
(2 0.04 0)
(2.0125 0.04 0)
(2.025 0.04 0)
(2.0375 0.04 0)
(2.05 0.04 0)
(2.0625 0.04 0)
(2.075 0.04 0)
(2.0875 0.04 0)
(2.1 0.04 0)
(2.1125 0.04 0)
(2.125 0.04 0)
(2.1375 0.04 0)
(2.15 0.04 0)
(2.1625 0.04 0)
(2.175 0.04 0)
(2.1875 0.04 0)
(2.2 0.04 0)
(2.2125 0.04 0)
(2.225 0.04 0)
(2.2375 0.04 0)
(2.25 0.04 0)
(2.2625 0.04 0)
(2.275 0.04 0)
(2.2875 0.04 0)
(2.3 0.04 0)
(2.3125 0.04 0)
(2.325 0.04 0)
(2.3375 0.04 0)
(2.35 0.04 0)
(2.3625 0.04 0)
(2.375 0.04 0)
(2.3875 0.04 0)
(2.4 0.04 0)
(2.4125 0.04 0)
(2.425 0.04 0)
(2.4375 0.04 0)
(2.45 0.04 0)
(2.4625 0.04 0)
(2.475 0.04 0)
(2.4875 0.04 0)
(2.5 0.04 0)
(0.2625 0.05 0)
(0.275 0.05 0)
(0.2875 0.05 0)
(0.3 0.05 0)
(0.3125 0.05 0)
(0.325 0.05 0)
(0.3375 0.05 0)
(0.35 0.05 0)
(0.3625 0.05 0)
(0.375 0.05 0)
(0.3875 0.05 0)
(0.4 0.05 0)
(0.4125 0.05 0)
(0.425 0.05 0)
(0.4375 0.05 0)
(0.45 0.05 0)
(0.4625 0.05 0)
(0.475 0.05 0)
(0.4875 0.05 0)
(0.5 0.05 0)
(0.5125 0.05 0)
(0.525 0.05 0)
(0.5375 0.05 0)
(0.55 0.05 0)
(0.5625 0.05 0)
(0.575 0.05 0)
(0.5875 0.05 0)
(0.6 0.05 0)
(0.6125 0.05 0)
(0.625 0.05 0)
(0.6375 0.05 0)
(0.65 0.05 0)
(0.6625 0.05 0)
(0.675 0.05 0)
(0.6875 0.05 0)
(0.7 0.05 0)
(0.7125 0.05 0)
(0.725 0.05 0)
(0.7375 0.05 0)
(0.75 0.05 0)
(0.7625 0.05 0)
(0.775 0.05 0)
(0.7875 0.05 0)
(0.8 0.05 0)
(0.8125 0.05 0)
(0.825 0.05 0)
(0.8375 0.05 0)
(0.85 0.05 0)
(0.8625 0.05 0)
(0.875 0.05 0)
(0.8875 0.05 0)
(0.9 0.05 0)
(0.9125 0.05 0)
(0.925 0.05 0)
(0.9375 0.05 0)
(0.95 0.05 0)
(0.9625 0.05 0)
(0.975 0.05 0)
(0.9875 0.05 0)
(1 0.05 0)
(1.0125 0.05 0)
(1.025 0.05 0)
(1.0375 0.05 0)
(1.05 0.05 0)
(1.0625 0.05 0)
(1.075 0.05 0)
(1.0875 0.05 0)
(1.1 0.05 0)
(1.1125 0.05 0)
(1.125 0.05 0)
(1.1375 0.05 0)
(1.15 0.05 0)
(1.1625 0.05 0)
(1.175 0.05 0)
(1.1875 0.05 0)
(1.2 0.05 0)
(1.2125 0.05 0)
(1.225 0.05 0)
(1.2375 0.05 0)
(1.25 0.05 0)
(1.2625 0.05 0)
(1.275 0.05 0)
(1.2875 0.05 0)
(1.3 0.05 0)
(1.3125 0.05 0)
(1.325 0.05 0)
(1.3375 0.05 0)
(1.35 0.05 0)
(1.3625 0.05 0)
(1.375 0.05 0)
(1.3875 0.05 0)
(1.4 0.05 0)
(1.4125 0.05 0)
(1.425 0.05 0)
(1.4375 0.05 0)
(1.45 0.05 0)
(1.4625 0.05 0)
(1.475 0.05 0)
(1.4875 0.05 0)
(1.5 0.05 0)
(1.5125 0.05 0)
(1.525 0.05 0)
(1.5375 0.05 0)
(1.55 0.05 0)
(1.5625 0.05 0)
(1.575 0.05 0)
(1.5875 0.05 0)
(1.6 0.05 0)
(1.6125 0.05 0)
(1.625 0.05 0)
(1.6375 0.05 0)
(1.65 0.05 0)
(1.6625 0.05 0)
(1.675 0.05 0)
(1.6875 0.05 0)
(1.7 0.05 0)
(1.7125 0.05 0)
(1.725 0.05 0)
(1.7375 0.05 0)
(1.75 0.05 0)
(1.7625 0.05 0)
(1.775 0.05 0)
(1.7875 0.05 0)
(1.8 0.05 0)
(1.8125 0.05 0)
(1.825 0.05 0)
(1.8375 0.05 0)
(1.85 0.05 0)
(1.8625 0.05 0)
(1.875 0.05 0)
(1.8875 0.05 0)
(1.9 0.05 0)
(1.9125 0.05 0)
(1.925 0.05 0)
(1.9375 0.05 0)
(1.95 0.05 0)
(1.9625 0.05 0)
(1.975 0.05 0)
(1.9875 0.05 0)
(2 0.05 0)
(2.0125 0.05 0)
(2.025 0.05 0)
(2.0375 0.05 0)
(2.05 0.05 0)
(2.0625 0.05 0)
(2.075 0.05 0)
(2.0875 0.05 0)
(2.1 0.05 0)
(2.1125 0.05 0)
(2.125 0.05 0)
(2.1375 0.05 0)
(2.15 0.05 0)
(2.1625 0.05 0)
(2.175 0.05 0)
(2.1875 0.05 0)
(2.2 0.05 0)
(2.2125 0.05 0)
(2.225 0.05 0)
(2.2375 0.05 0)
(2.25 0.05 0)
(2.2625 0.05 0)
(2.275 0.05 0)
(2.2875 0.05 0)
(2.3 0.05 0)
(2.3125 0.05 0)
(2.325 0.05 0)
(2.3375 0.05 0)
(2.35 0.05 0)
(2.3625 0.05 0)
(2.375 0.05 0)
(2.3875 0.05 0)
(2.4 0.05 0)
(2.4125 0.05 0)
(2.425 0.05 0)
(2.4375 0.05 0)
(2.45 0.05 0)
(2.4625 0.05 0)
(2.475 0.05 0)
(2.4875 0.05 0)
(2.5 0.05 0)
(0.2625 0.06 0)
(0.275 0.06 0)
(0.2875 0.06 0)
(0.3 0.06 0)
(0.3125 0.06 0)
(0.325 0.06 0)
(0.3375 0.06 0)
(0.35 0.06 0)
(0.3625 0.06 0)
(0.375 0.06 0)
(0.3875 0.06 0)
(0.4 0.06 0)
(0.4125 0.06 0)
(0.425 0.06 0)
(0.4375 0.06 0)
(0.45 0.06 0)
(0.4625 0.06 0)
(0.475 0.06 0)
(0.4875 0.06 0)
(0.5 0.06 0)
(0.5125 0.06 0)
(0.525 0.06 0)
(0.5375 0.06 0)
(0.55 0.06 0)
(0.5625 0.06 0)
(0.575 0.06 0)
(0.5875 0.06 0)
(0.6 0.06 0)
(0.6125 0.06 0)
(0.625 0.06 0)
(0.6375 0.06 0)
(0.65 0.06 0)
(0.6625 0.06 0)
(0.675 0.06 0)
(0.6875 0.06 0)
(0.7 0.06 0)
(0.7125 0.06 0)
(0.725 0.06 0)
(0.7375 0.06 0)
(0.75 0.06 0)
(0.7625 0.06 0)
(0.775 0.06 0)
(0.7875 0.06 0)
(0.8 0.06 0)
(0.8125 0.06 0)
(0.825 0.06 0)
(0.8375 0.06 0)
(0.85 0.06 0)
(0.8625 0.06 0)
(0.875 0.06 0)
(0.8875 0.06 0)
(0.9 0.06 0)
(0.9125 0.06 0)
(0.925 0.06 0)
(0.9375 0.06 0)
(0.95 0.06 0)
(0.9625 0.06 0)
(0.975 0.06 0)
(0.9875 0.06 0)
(1 0.06 0)
(1.0125 0.06 0)
(1.025 0.06 0)
(1.0375 0.06 0)
(1.05 0.06 0)
(1.0625 0.06 0)
(1.075 0.06 0)
(1.0875 0.06 0)
(1.1 0.06 0)
(1.1125 0.06 0)
(1.125 0.06 0)
(1.1375 0.06 0)
(1.15 0.06 0)
(1.1625 0.06 0)
(1.175 0.06 0)
(1.1875 0.06 0)
(1.2 0.06 0)
(1.2125 0.06 0)
(1.225 0.06 0)
(1.2375 0.06 0)
(1.25 0.06 0)
(1.2625 0.06 0)
(1.275 0.06 0)
(1.2875 0.06 0)
(1.3 0.06 0)
(1.3125 0.06 0)
(1.325 0.06 0)
(1.3375 0.06 0)
(1.35 0.06 0)
(1.3625 0.06 0)
(1.375 0.06 0)
(1.3875 0.06 0)
(1.4 0.06 0)
(1.4125 0.06 0)
(1.425 0.06 0)
(1.4375 0.06 0)
(1.45 0.06 0)
(1.4625 0.06 0)
(1.475 0.06 0)
(1.4875 0.06 0)
(1.5 0.06 0)
(1.5125 0.06 0)
(1.525 0.06 0)
(1.5375 0.06 0)
(1.55 0.06 0)
(1.5625 0.06 0)
(1.575 0.06 0)
(1.5875 0.06 0)
(1.6 0.06 0)
(1.6125 0.06 0)
(1.625 0.06 0)
(1.6375 0.06 0)
(1.65 0.06 0)
(1.6625 0.06 0)
(1.675 0.06 0)
(1.6875 0.06 0)
(1.7 0.06 0)
(1.7125 0.06 0)
(1.725 0.06 0)
(1.7375 0.06 0)
(1.75 0.06 0)
(1.7625 0.06 0)
(1.775 0.06 0)
(1.7875 0.06 0)
(1.8 0.06 0)
(1.8125 0.06 0)
(1.825 0.06 0)
(1.8375 0.06 0)
(1.85 0.06 0)
(1.8625 0.06 0)
(1.875 0.06 0)
(1.8875 0.06 0)
(1.9 0.06 0)
(1.9125 0.06 0)
(1.925 0.06 0)
(1.9375 0.06 0)
(1.95 0.06 0)
(1.9625 0.06 0)
(1.975 0.06 0)
(1.9875 0.06 0)
(2 0.06 0)
(2.0125 0.06 0)
(2.025 0.06 0)
(2.0375 0.06 0)
(2.05 0.06 0)
(2.0625 0.06 0)
(2.075 0.06 0)
(2.0875 0.06 0)
(2.1 0.06 0)
(2.1125 0.06 0)
(2.125 0.06 0)
(2.1375 0.06 0)
(2.15 0.06 0)
(2.1625 0.06 0)
(2.175 0.06 0)
(2.1875 0.06 0)
(2.2 0.06 0)
(2.2125 0.06 0)
(2.225 0.06 0)
(2.2375 0.06 0)
(2.25 0.06 0)
(2.2625 0.06 0)
(2.275 0.06 0)
(2.2875 0.06 0)
(2.3 0.06 0)
(2.3125 0.06 0)
(2.325 0.06 0)
(2.3375 0.06 0)
(2.35 0.06 0)
(2.3625 0.06 0)
(2.375 0.06 0)
(2.3875 0.06 0)
(2.4 0.06 0)
(2.4125 0.06 0)
(2.425 0.06 0)
(2.4375 0.06 0)
(2.45 0.06 0)
(2.4625 0.06 0)
(2.475 0.06 0)
(2.4875 0.06 0)
(2.5 0.06 0)
(0.2625 0.07 0)
(0.275 0.07 0)
(0.2875 0.07 0)
(0.3 0.07 0)
(0.3125 0.07 0)
(0.325 0.07 0)
(0.3375 0.07 0)
(0.35 0.07 0)
(0.3625 0.07 0)
(0.375 0.07 0)
(0.3875 0.07 0)
(0.4 0.07 0)
(0.4125 0.07 0)
(0.425 0.07 0)
(0.4375 0.07 0)
(0.45 0.07 0)
(0.4625 0.07 0)
(0.475 0.07 0)
(0.4875 0.07 0)
(0.5 0.07 0)
(0.5125 0.07 0)
(0.525 0.07 0)
(0.5375 0.07 0)
(0.55 0.07 0)
(0.5625 0.07 0)
(0.575 0.07 0)
(0.5875 0.07 0)
(0.6 0.07 0)
(0.6125 0.07 0)
(0.625 0.07 0)
(0.6375 0.07 0)
(0.65 0.07 0)
(0.6625 0.07 0)
(0.675 0.07 0)
(0.6875 0.07 0)
(0.7 0.07 0)
(0.7125 0.07 0)
(0.725 0.07 0)
(0.7375 0.07 0)
(0.75 0.07 0)
(0.7625 0.07 0)
(0.775 0.07 0)
(0.7875 0.07 0)
(0.8 0.07 0)
(0.8125 0.07 0)
(0.825 0.07 0)
(0.8375 0.07 0)
(0.85 0.07 0)
(0.8625 0.07 0)
(0.875 0.07 0)
(0.8875 0.07 0)
(0.9 0.07 0)
(0.9125 0.07 0)
(0.925 0.07 0)
(0.9375 0.07 0)
(0.95 0.07 0)
(0.9625 0.07 0)
(0.975 0.07 0)
(0.9875 0.07 0)
(1 0.07 0)
(1.0125 0.07 0)
(1.025 0.07 0)
(1.0375 0.07 0)
(1.05 0.07 0)
(1.0625 0.07 0)
(1.075 0.07 0)
(1.0875 0.07 0)
(1.1 0.07 0)
(1.1125 0.07 0)
(1.125 0.07 0)
(1.1375 0.07 0)
(1.15 0.07 0)
(1.1625 0.07 0)
(1.175 0.07 0)
(1.1875 0.07 0)
(1.2 0.07 0)
(1.2125 0.07 0)
(1.225 0.07 0)
(1.2375 0.07 0)
(1.25 0.07 0)
(1.2625 0.07 0)
(1.275 0.07 0)
(1.2875 0.07 0)
(1.3 0.07 0)
(1.3125 0.07 0)
(1.325 0.07 0)
(1.3375 0.07 0)
(1.35 0.07 0)
(1.3625 0.07 0)
(1.375 0.07 0)
(1.3875 0.07 0)
(1.4 0.07 0)
(1.4125 0.07 0)
(1.425 0.07 0)
(1.4375 0.07 0)
(1.45 0.07 0)
(1.4625 0.07 0)
(1.475 0.07 0)
(1.4875 0.07 0)
(1.5 0.07 0)
(1.5125 0.07 0)
(1.525 0.07 0)
(1.5375 0.07 0)
(1.55 0.07 0)
(1.5625 0.07 0)
(1.575 0.07 0)
(1.5875 0.07 0)
(1.6 0.07 0)
(1.6125 0.07 0)
(1.625 0.07 0)
(1.6375 0.07 0)
(1.65 0.07 0)
(1.6625 0.07 0)
(1.675 0.07 0)
(1.6875 0.07 0)
(1.7 0.07 0)
(1.7125 0.07 0)
(1.725 0.07 0)
(1.7375 0.07 0)
(1.75 0.07 0)
(1.7625 0.07 0)
(1.775 0.07 0)
(1.7875 0.07 0)
(1.8 0.07 0)
(1.8125 0.07 0)
(1.825 0.07 0)
(1.8375 0.07 0)
(1.85 0.07 0)
(1.8625 0.07 0)
(1.875 0.07 0)
(1.8875 0.07 0)
(1.9 0.07 0)
(1.9125 0.07 0)
(1.925 0.07 0)
(1.9375 0.07 0)
(1.95 0.07 0)
(1.9625 0.07 0)
(1.975 0.07 0)
(1.9875 0.07 0)
(2 0.07 0)
(2.0125 0.07 0)
(2.025 0.07 0)
(2.0375 0.07 0)
(2.05 0.07 0)
(2.0625 0.07 0)
(2.075 0.07 0)
(2.0875 0.07 0)
(2.1 0.07 0)
(2.1125 0.07 0)
(2.125 0.07 0)
(2.1375 0.07 0)
(2.15 0.07 0)
(2.1625 0.07 0)
(2.175 0.07 0)
(2.1875 0.07 0)
(2.2 0.07 0)
(2.2125 0.07 0)
(2.225 0.07 0)
(2.2375 0.07 0)
(2.25 0.07 0)
(2.2625 0.07 0)
(2.275 0.07 0)
(2.2875 0.07 0)
(2.3 0.07 0)
(2.3125 0.07 0)
(2.325 0.07 0)
(2.3375 0.07 0)
(2.35 0.07 0)
(2.3625 0.07 0)
(2.375 0.07 0)
(2.3875 0.07 0)
(2.4 0.07 0)
(2.4125 0.07 0)
(2.425 0.07 0)
(2.4375 0.07 0)
(2.45 0.07 0)
(2.4625 0.07 0)
(2.475 0.07 0)
(2.4875 0.07 0)
(2.5 0.07 0)
(0.2625 0.08 0)
(0.275 0.08 0)
(0.2875 0.08 0)
(0.3 0.08 0)
(0.3125 0.08 0)
(0.325 0.08 0)
(0.3375 0.08 0)
(0.35 0.08 0)
(0.3625 0.08 0)
(0.375 0.08 0)
(0.3875 0.08 0)
(0.4 0.08 0)
(0.4125 0.08 0)
(0.425 0.08 0)
(0.4375 0.08 0)
(0.45 0.08 0)
(0.4625 0.08 0)
(0.475 0.08 0)
(0.4875 0.08 0)
(0.5 0.08 0)
(0.5125 0.08 0)
(0.525 0.08 0)
(0.5375 0.08 0)
(0.55 0.08 0)
(0.5625 0.08 0)
(0.575 0.08 0)
(0.5875 0.08 0)
(0.6 0.08 0)
(0.6125 0.08 0)
(0.625 0.08 0)
(0.6375 0.08 0)
(0.65 0.08 0)
(0.6625 0.08 0)
(0.675 0.08 0)
(0.6875 0.08 0)
(0.7 0.08 0)
(0.7125 0.08 0)
(0.725 0.08 0)
(0.7375 0.08 0)
(0.75 0.08 0)
(0.7625 0.08 0)
(0.775 0.08 0)
(0.7875 0.08 0)
(0.8 0.08 0)
(0.8125 0.08 0)
(0.825 0.08 0)
(0.8375 0.08 0)
(0.85 0.08 0)
(0.8625 0.08 0)
(0.875 0.08 0)
(0.8875 0.08 0)
(0.9 0.08 0)
(0.9125 0.08 0)
(0.925 0.08 0)
(0.9375 0.08 0)
(0.95 0.08 0)
(0.9625 0.08 0)
(0.975 0.08 0)
(0.9875 0.08 0)
(1 0.08 0)
(1.0125 0.08 0)
(1.025 0.08 0)
(1.0375 0.08 0)
(1.05 0.08 0)
(1.0625 0.08 0)
(1.075 0.08 0)
(1.0875 0.08 0)
(1.1 0.08 0)
(1.1125 0.08 0)
(1.125 0.08 0)
(1.1375 0.08 0)
(1.15 0.08 0)
(1.1625 0.08 0)
(1.175 0.08 0)
(1.1875 0.08 0)
(1.2 0.08 0)
(1.2125 0.08 0)
(1.225 0.08 0)
(1.2375 0.08 0)
(1.25 0.08 0)
(1.2625 0.08 0)
(1.275 0.08 0)
(1.2875 0.08 0)
(1.3 0.08 0)
(1.3125 0.08 0)
(1.325 0.08 0)
(1.3375 0.08 0)
(1.35 0.08 0)
(1.3625 0.08 0)
(1.375 0.08 0)
(1.3875 0.08 0)
(1.4 0.08 0)
(1.4125 0.08 0)
(1.425 0.08 0)
(1.4375 0.08 0)
(1.45 0.08 0)
(1.4625 0.08 0)
(1.475 0.08 0)
(1.4875 0.08 0)
(1.5 0.08 0)
(1.5125 0.08 0)
(1.525 0.08 0)
(1.5375 0.08 0)
(1.55 0.08 0)
(1.5625 0.08 0)
(1.575 0.08 0)
(1.5875 0.08 0)
(1.6 0.08 0)
(1.6125 0.08 0)
(1.625 0.08 0)
(1.6375 0.08 0)
(1.65 0.08 0)
(1.6625 0.08 0)
(1.675 0.08 0)
(1.6875 0.08 0)
(1.7 0.08 0)
(1.7125 0.08 0)
(1.725 0.08 0)
(1.7375 0.08 0)
(1.75 0.08 0)
(1.7625 0.08 0)
(1.775 0.08 0)
(1.7875 0.08 0)
(1.8 0.08 0)
(1.8125 0.08 0)
(1.825 0.08 0)
(1.8375 0.08 0)
(1.85 0.08 0)
(1.8625 0.08 0)
(1.875 0.08 0)
(1.8875 0.08 0)
(1.9 0.08 0)
(1.9125 0.08 0)
(1.925 0.08 0)
(1.9375 0.08 0)
(1.95 0.08 0)
(1.9625 0.08 0)
(1.975 0.08 0)
(1.9875 0.08 0)
(2 0.08 0)
(2.0125 0.08 0)
(2.025 0.08 0)
(2.0375 0.08 0)
(2.05 0.08 0)
(2.0625 0.08 0)
(2.075 0.08 0)
(2.0875 0.08 0)
(2.1 0.08 0)
(2.1125 0.08 0)
(2.125 0.08 0)
(2.1375 0.08 0)
(2.15 0.08 0)
(2.1625 0.08 0)
(2.175 0.08 0)
(2.1875 0.08 0)
(2.2 0.08 0)
(2.2125 0.08 0)
(2.225 0.08 0)
(2.2375 0.08 0)
(2.25 0.08 0)
(2.2625 0.08 0)
(2.275 0.08 0)
(2.2875 0.08 0)
(2.3 0.08 0)
(2.3125 0.08 0)
(2.325 0.08 0)
(2.3375 0.08 0)
(2.35 0.08 0)
(2.3625 0.08 0)
(2.375 0.08 0)
(2.3875 0.08 0)
(2.4 0.08 0)
(2.4125 0.08 0)
(2.425 0.08 0)
(2.4375 0.08 0)
(2.45 0.08 0)
(2.4625 0.08 0)
(2.475 0.08 0)
(2.4875 0.08 0)
(2.5 0.08 0)
(0.2625 0.09 0)
(0.275 0.09 0)
(0.2875 0.09 0)
(0.3 0.09 0)
(0.3125 0.09 0)
(0.325 0.09 0)
(0.3375 0.09 0)
(0.35 0.09 0)
(0.3625 0.09 0)
(0.375 0.09 0)
(0.3875 0.09 0)
(0.4 0.09 0)
(0.4125 0.09 0)
(0.425 0.09 0)
(0.4375 0.09 0)
(0.45 0.09 0)
(0.4625 0.09 0)
(0.475 0.09 0)
(0.4875 0.09 0)
(0.5 0.09 0)
(0.5125 0.09 0)
(0.525 0.09 0)
(0.5375 0.09 0)
(0.55 0.09 0)
(0.5625 0.09 0)
(0.575 0.09 0)
(0.5875 0.09 0)
(0.6 0.09 0)
(0.6125 0.09 0)
(0.625 0.09 0)
(0.6375 0.09 0)
(0.65 0.09 0)
(0.6625 0.09 0)
(0.675 0.09 0)
(0.6875 0.09 0)
(0.7 0.09 0)
(0.7125 0.09 0)
(0.725 0.09 0)
(0.7375 0.09 0)
(0.75 0.09 0)
(0.7625 0.09 0)
(0.775 0.09 0)
(0.7875 0.09 0)
(0.8 0.09 0)
(0.8125 0.09 0)
(0.825 0.09 0)
(0.8375 0.09 0)
(0.85 0.09 0)
(0.8625 0.09 0)
(0.875 0.09 0)
(0.8875 0.09 0)
(0.9 0.09 0)
(0.9125 0.09 0)
(0.925 0.09 0)
(0.9375 0.09 0)
(0.95 0.09 0)
(0.9625 0.09 0)
(0.975 0.09 0)
(0.9875 0.09 0)
(1 0.09 0)
(1.0125 0.09 0)
(1.025 0.09 0)
(1.0375 0.09 0)
(1.05 0.09 0)
(1.0625 0.09 0)
(1.075 0.09 0)
(1.0875 0.09 0)
(1.1 0.09 0)
(1.1125 0.09 0)
(1.125 0.09 0)
(1.1375 0.09 0)
(1.15 0.09 0)
(1.1625 0.09 0)
(1.175 0.09 0)
(1.1875 0.09 0)
(1.2 0.09 0)
(1.2125 0.09 0)
(1.225 0.09 0)
(1.2375 0.09 0)
(1.25 0.09 0)
(1.2625 0.09 0)
(1.275 0.09 0)
(1.2875 0.09 0)
(1.3 0.09 0)
(1.3125 0.09 0)
(1.325 0.09 0)
(1.3375 0.09 0)
(1.35 0.09 0)
(1.3625 0.09 0)
(1.375 0.09 0)
(1.3875 0.09 0)
(1.4 0.09 0)
(1.4125 0.09 0)
(1.425 0.09 0)
(1.4375 0.09 0)
(1.45 0.09 0)
(1.4625 0.09 0)
(1.475 0.09 0)
(1.4875 0.09 0)
(1.5 0.09 0)
(1.5125 0.09 0)
(1.525 0.09 0)
(1.5375 0.09 0)
(1.55 0.09 0)
(1.5625 0.09 0)
(1.575 0.09 0)
(1.5875 0.09 0)
(1.6 0.09 0)
(1.6125 0.09 0)
(1.625 0.09 0)
(1.6375 0.09 0)
(1.65 0.09 0)
(1.6625 0.09 0)
(1.675 0.09 0)
(1.6875 0.09 0)
(1.7 0.09 0)
(1.7125 0.09 0)
(1.725 0.09 0)
(1.7375 0.09 0)
(1.75 0.09 0)
(1.7625 0.09 0)
(1.775 0.09 0)
(1.7875 0.09 0)
(1.8 0.09 0)
(1.8125 0.09 0)
(1.825 0.09 0)
(1.8375 0.09 0)
(1.85 0.09 0)
(1.8625 0.09 0)
(1.875 0.09 0)
(1.8875 0.09 0)
(1.9 0.09 0)
(1.9125 0.09 0)
(1.925 0.09 0)
(1.9375 0.09 0)
(1.95 0.09 0)
(1.9625 0.09 0)
(1.975 0.09 0)
(1.9875 0.09 0)
(2 0.09 0)
(2.0125 0.09 0)
(2.025 0.09 0)
(2.0375 0.09 0)
(2.05 0.09 0)
(2.0625 0.09 0)
(2.075 0.09 0)
(2.0875 0.09 0)
(2.1 0.09 0)
(2.1125 0.09 0)
(2.125 0.09 0)
(2.1375 0.09 0)
(2.15 0.09 0)
(2.1625 0.09 0)
(2.175 0.09 0)
(2.1875 0.09 0)
(2.2 0.09 0)
(2.2125 0.09 0)
(2.225 0.09 0)
(2.2375 0.09 0)
(2.25 0.09 0)
(2.2625 0.09 0)
(2.275 0.09 0)
(2.2875 0.09 0)
(2.3 0.09 0)
(2.3125 0.09 0)
(2.325 0.09 0)
(2.3375 0.09 0)
(2.35 0.09 0)
(2.3625 0.09 0)
(2.375 0.09 0)
(2.3875 0.09 0)
(2.4 0.09 0)
(2.4125 0.09 0)
(2.425 0.09 0)
(2.4375 0.09 0)
(2.45 0.09 0)
(2.4625 0.09 0)
(2.475 0.09 0)
(2.4875 0.09 0)
(2.5 0.09 0)
(0.2625 0.1 0)
(0.275 0.1 0)
(0.2875 0.1 0)
(0.3 0.1 0)
(0.3125 0.1 0)
(0.325 0.1 0)
(0.3375 0.1 0)
(0.35 0.1 0)
(0.3625 0.1 0)
(0.375 0.1 0)
(0.3875 0.1 0)
(0.4 0.1 0)
(0.4125 0.1 0)
(0.425 0.1 0)
(0.4375 0.1 0)
(0.45 0.1 0)
(0.4625 0.1 0)
(0.475 0.1 0)
(0.4875 0.1 0)
(0.5 0.1 0)
(0.5125 0.1 0)
(0.525 0.1 0)
(0.5375 0.1 0)
(0.55 0.1 0)
(0.5625 0.1 0)
(0.575 0.1 0)
(0.5875 0.1 0)
(0.6 0.1 0)
(0.6125 0.1 0)
(0.625 0.1 0)
(0.6375 0.1 0)
(0.65 0.1 0)
(0.6625 0.1 0)
(0.675 0.1 0)
(0.6875 0.1 0)
(0.7 0.1 0)
(0.7125 0.1 0)
(0.725 0.1 0)
(0.7375 0.1 0)
(0.75 0.1 0)
(0.7625 0.1 0)
(0.775 0.1 0)
(0.7875 0.1 0)
(0.8 0.1 0)
(0.8125 0.1 0)
(0.825 0.1 0)
(0.8375 0.1 0)
(0.85 0.1 0)
(0.8625 0.1 0)
(0.875 0.1 0)
(0.8875 0.1 0)
(0.9 0.1 0)
(0.9125 0.1 0)
(0.925 0.1 0)
(0.9375 0.1 0)
(0.95 0.1 0)
(0.9625 0.1 0)
(0.975 0.1 0)
(0.9875 0.1 0)
(1 0.1 0)
(1.0125 0.1 0)
(1.025 0.1 0)
(1.0375 0.1 0)
(1.05 0.1 0)
(1.0625 0.1 0)
(1.075 0.1 0)
(1.0875 0.1 0)
(1.1 0.1 0)
(1.1125 0.1 0)
(1.125 0.1 0)
(1.1375 0.1 0)
(1.15 0.1 0)
(1.1625 0.1 0)
(1.175 0.1 0)
(1.1875 0.1 0)
(1.2 0.1 0)
(1.2125 0.1 0)
(1.225 0.1 0)
(1.2375 0.1 0)
(1.25 0.1 0)
(1.2625 0.1 0)
(1.275 0.1 0)
(1.2875 0.1 0)
(1.3 0.1 0)
(1.3125 0.1 0)
(1.325 0.1 0)
(1.3375 0.1 0)
(1.35 0.1 0)
(1.3625 0.1 0)
(1.375 0.1 0)
(1.3875 0.1 0)
(1.4 0.1 0)
(1.4125 0.1 0)
(1.425 0.1 0)
(1.4375 0.1 0)
(1.45 0.1 0)
(1.4625 0.1 0)
(1.475 0.1 0)
(1.4875 0.1 0)
(1.5 0.1 0)
(1.5125 0.1 0)
(1.525 0.1 0)
(1.5375 0.1 0)
(1.55 0.1 0)
(1.5625 0.1 0)
(1.575 0.1 0)
(1.5875 0.1 0)
(1.6 0.1 0)
(1.6125 0.1 0)
(1.625 0.1 0)
(1.6375 0.1 0)
(1.65 0.1 0)
(1.6625 0.1 0)
(1.675 0.1 0)
(1.6875 0.1 0)
(1.7 0.1 0)
(1.7125 0.1 0)
(1.725 0.1 0)
(1.7375 0.1 0)
(1.75 0.1 0)
(1.7625 0.1 0)
(1.775 0.1 0)
(1.7875 0.1 0)
(1.8 0.1 0)
(1.8125 0.1 0)
(1.825 0.1 0)
(1.8375 0.1 0)
(1.85 0.1 0)
(1.8625 0.1 0)
(1.875 0.1 0)
(1.8875 0.1 0)
(1.9 0.1 0)
(1.9125 0.1 0)
(1.925 0.1 0)
(1.9375 0.1 0)
(1.95 0.1 0)
(1.9625 0.1 0)
(1.975 0.1 0)
(1.9875 0.1 0)
(2 0.1 0)
(2.0125 0.1 0)
(2.025 0.1 0)
(2.0375 0.1 0)
(2.05 0.1 0)
(2.0625 0.1 0)
(2.075 0.1 0)
(2.0875 0.1 0)
(2.1 0.1 0)
(2.1125 0.1 0)
(2.125 0.1 0)
(2.1375 0.1 0)
(2.15 0.1 0)
(2.1625 0.1 0)
(2.175 0.1 0)
(2.1875 0.1 0)
(2.2 0.1 0)
(2.2125 0.1 0)
(2.225 0.1 0)
(2.2375 0.1 0)
(2.25 0.1 0)
(2.2625 0.1 0)
(2.275 0.1 0)
(2.2875 0.1 0)
(2.3 0.1 0)
(2.3125 0.1 0)
(2.325 0.1 0)
(2.3375 0.1 0)
(2.35 0.1 0)
(2.3625 0.1 0)
(2.375 0.1 0)
(2.3875 0.1 0)
(2.4 0.1 0)
(2.4125 0.1 0)
(2.425 0.1 0)
(2.4375 0.1 0)
(2.45 0.1 0)
(2.4625 0.1 0)
(2.475 0.1 0)
(2.4875 0.1 0)
(2.5 0.1 0)
(0.2625 0.11 0)
(0.275 0.11 0)
(0.2875 0.11 0)
(0.3 0.11 0)
(0.3125 0.11 0)
(0.325 0.11 0)
(0.3375 0.11 0)
(0.35 0.11 0)
(0.3625 0.11 0)
(0.375 0.11 0)
(0.3875 0.11 0)
(0.4 0.11 0)
(0.4125 0.11 0)
(0.425 0.11 0)
(0.4375 0.11 0)
(0.45 0.11 0)
(0.4625 0.11 0)
(0.475 0.11 0)
(0.4875 0.11 0)
(0.5 0.11 0)
(0.5125 0.11 0)
(0.525 0.11 0)
(0.5375 0.11 0)
(0.55 0.11 0)
(0.5625 0.11 0)
(0.575 0.11 0)
(0.5875 0.11 0)
(0.6 0.11 0)
(0.6125 0.11 0)
(0.625 0.11 0)
(0.6375 0.11 0)
(0.65 0.11 0)
(0.6625 0.11 0)
(0.675 0.11 0)
(0.6875 0.11 0)
(0.7 0.11 0)
(0.7125 0.11 0)
(0.725 0.11 0)
(0.7375 0.11 0)
(0.75 0.11 0)
(0.7625 0.11 0)
(0.775 0.11 0)
(0.7875 0.11 0)
(0.8 0.11 0)
(0.8125 0.11 0)
(0.825 0.11 0)
(0.8375 0.11 0)
(0.85 0.11 0)
(0.8625 0.11 0)
(0.875 0.11 0)
(0.8875 0.11 0)
(0.9 0.11 0)
(0.9125 0.11 0)
(0.925 0.11 0)
(0.9375 0.11 0)
(0.95 0.11 0)
(0.9625 0.11 0)
(0.975 0.11 0)
(0.9875 0.11 0)
(1 0.11 0)
(1.0125 0.11 0)
(1.025 0.11 0)
(1.0375 0.11 0)
(1.05 0.11 0)
(1.0625 0.11 0)
(1.075 0.11 0)
(1.0875 0.11 0)
(1.1 0.11 0)
(1.1125 0.11 0)
(1.125 0.11 0)
(1.1375 0.11 0)
(1.15 0.11 0)
(1.1625 0.11 0)
(1.175 0.11 0)
(1.1875 0.11 0)
(1.2 0.11 0)
(1.2125 0.11 0)
(1.225 0.11 0)
(1.2375 0.11 0)
(1.25 0.11 0)
(1.2625 0.11 0)
(1.275 0.11 0)
(1.2875 0.11 0)
(1.3 0.11 0)
(1.3125 0.11 0)
(1.325 0.11 0)
(1.3375 0.11 0)
(1.35 0.11 0)
(1.3625 0.11 0)
(1.375 0.11 0)
(1.3875 0.11 0)
(1.4 0.11 0)
(1.4125 0.11 0)
(1.425 0.11 0)
(1.4375 0.11 0)
(1.45 0.11 0)
(1.4625 0.11 0)
(1.475 0.11 0)
(1.4875 0.11 0)
(1.5 0.11 0)
(1.5125 0.11 0)
(1.525 0.11 0)
(1.5375 0.11 0)
(1.55 0.11 0)
(1.5625 0.11 0)
(1.575 0.11 0)
(1.5875 0.11 0)
(1.6 0.11 0)
(1.6125 0.11 0)
(1.625 0.11 0)
(1.6375 0.11 0)
(1.65 0.11 0)
(1.6625 0.11 0)
(1.675 0.11 0)
(1.6875 0.11 0)
(1.7 0.11 0)
(1.7125 0.11 0)
(1.725 0.11 0)
(1.7375 0.11 0)
(1.75 0.11 0)
(1.7625 0.11 0)
(1.775 0.11 0)
(1.7875 0.11 0)
(1.8 0.11 0)
(1.8125 0.11 0)
(1.825 0.11 0)
(1.8375 0.11 0)
(1.85 0.11 0)
(1.8625 0.11 0)
(1.875 0.11 0)
(1.8875 0.11 0)
(1.9 0.11 0)
(1.9125 0.11 0)
(1.925 0.11 0)
(1.9375 0.11 0)
(1.95 0.11 0)
(1.9625 0.11 0)
(1.975 0.11 0)
(1.9875 0.11 0)
(2 0.11 0)
(2.0125 0.11 0)
(2.025 0.11 0)
(2.0375 0.11 0)
(2.05 0.11 0)
(2.0625 0.11 0)
(2.075 0.11 0)
(2.0875 0.11 0)
(2.1 0.11 0)
(2.1125 0.11 0)
(2.125 0.11 0)
(2.1375 0.11 0)
(2.15 0.11 0)
(2.1625 0.11 0)
(2.175 0.11 0)
(2.1875 0.11 0)
(2.2 0.11 0)
(2.2125 0.11 0)
(2.225 0.11 0)
(2.2375 0.11 0)
(2.25 0.11 0)
(2.2625 0.11 0)
(2.275 0.11 0)
(2.2875 0.11 0)
(2.3 0.11 0)
(2.3125 0.11 0)
(2.325 0.11 0)
(2.3375 0.11 0)
(2.35 0.11 0)
(2.3625 0.11 0)
(2.375 0.11 0)
(2.3875 0.11 0)
(2.4 0.11 0)
(2.4125 0.11 0)
(2.425 0.11 0)
(2.4375 0.11 0)
(2.45 0.11 0)
(2.4625 0.11 0)
(2.475 0.11 0)
(2.4875 0.11 0)
(2.5 0.11 0)
(0.2625 0.12 0)
(0.275 0.12 0)
(0.2875 0.12 0)
(0.3 0.12 0)
(0.3125 0.12 0)
(0.325 0.12 0)
(0.3375 0.12 0)
(0.35 0.12 0)
(0.3625 0.12 0)
(0.375 0.12 0)
(0.3875 0.12 0)
(0.4 0.12 0)
(0.4125 0.12 0)
(0.425 0.12 0)
(0.4375 0.12 0)
(0.45 0.12 0)
(0.4625 0.12 0)
(0.475 0.12 0)
(0.4875 0.12 0)
(0.5 0.12 0)
(0.5125 0.12 0)
(0.525 0.12 0)
(0.5375 0.12 0)
(0.55 0.12 0)
(0.5625 0.12 0)
(0.575 0.12 0)
(0.5875 0.12 0)
(0.6 0.12 0)
(0.6125 0.12 0)
(0.625 0.12 0)
(0.6375 0.12 0)
(0.65 0.12 0)
(0.6625 0.12 0)
(0.675 0.12 0)
(0.6875 0.12 0)
(0.7 0.12 0)
(0.7125 0.12 0)
(0.725 0.12 0)
(0.7375 0.12 0)
(0.75 0.12 0)
(0.7625 0.12 0)
(0.775 0.12 0)
(0.7875 0.12 0)
(0.8 0.12 0)
(0.8125 0.12 0)
(0.825 0.12 0)
(0.8375 0.12 0)
(0.85 0.12 0)
(0.8625 0.12 0)
(0.875 0.12 0)
(0.8875 0.12 0)
(0.9 0.12 0)
(0.9125 0.12 0)
(0.925 0.12 0)
(0.9375 0.12 0)
(0.95 0.12 0)
(0.9625 0.12 0)
(0.975 0.12 0)
(0.9875 0.12 0)
(1 0.12 0)
(1.0125 0.12 0)
(1.025 0.12 0)
(1.0375 0.12 0)
(1.05 0.12 0)
(1.0625 0.12 0)
(1.075 0.12 0)
(1.0875 0.12 0)
(1.1 0.12 0)
(1.1125 0.12 0)
(1.125 0.12 0)
(1.1375 0.12 0)
(1.15 0.12 0)
(1.1625 0.12 0)
(1.175 0.12 0)
(1.1875 0.12 0)
(1.2 0.12 0)
(1.2125 0.12 0)
(1.225 0.12 0)
(1.2375 0.12 0)
(1.25 0.12 0)
(1.2625 0.12 0)
(1.275 0.12 0)
(1.2875 0.12 0)
(1.3 0.12 0)
(1.3125 0.12 0)
(1.325 0.12 0)
(1.3375 0.12 0)
(1.35 0.12 0)
(1.3625 0.12 0)
(1.375 0.12 0)
(1.3875 0.12 0)
(1.4 0.12 0)
(1.4125 0.12 0)
(1.425 0.12 0)
(1.4375 0.12 0)
(1.45 0.12 0)
(1.4625 0.12 0)
(1.475 0.12 0)
(1.4875 0.12 0)
(1.5 0.12 0)
(1.5125 0.12 0)
(1.525 0.12 0)
(1.5375 0.12 0)
(1.55 0.12 0)
(1.5625 0.12 0)
(1.575 0.12 0)
(1.5875 0.12 0)
(1.6 0.12 0)
(1.6125 0.12 0)
(1.625 0.12 0)
(1.6375 0.12 0)
(1.65 0.12 0)
(1.6625 0.12 0)
(1.675 0.12 0)
(1.6875 0.12 0)
(1.7 0.12 0)
(1.7125 0.12 0)
(1.725 0.12 0)
(1.7375 0.12 0)
(1.75 0.12 0)
(1.7625 0.12 0)
(1.775 0.12 0)
(1.7875 0.12 0)
(1.8 0.12 0)
(1.8125 0.12 0)
(1.825 0.12 0)
(1.8375 0.12 0)
(1.85 0.12 0)
(1.8625 0.12 0)
(1.875 0.12 0)
(1.8875 0.12 0)
(1.9 0.12 0)
(1.9125 0.12 0)
(1.925 0.12 0)
(1.9375 0.12 0)
(1.95 0.12 0)
(1.9625 0.12 0)
(1.975 0.12 0)
(1.9875 0.12 0)
(2 0.12 0)
(2.0125 0.12 0)
(2.025 0.12 0)
(2.0375 0.12 0)
(2.05 0.12 0)
(2.0625 0.12 0)
(2.075 0.12 0)
(2.0875 0.12 0)
(2.1 0.12 0)
(2.1125 0.12 0)
(2.125 0.12 0)
(2.1375 0.12 0)
(2.15 0.12 0)
(2.1625 0.12 0)
(2.175 0.12 0)
(2.1875 0.12 0)
(2.2 0.12 0)
(2.2125 0.12 0)
(2.225 0.12 0)
(2.2375 0.12 0)
(2.25 0.12 0)
(2.2625 0.12 0)
(2.275 0.12 0)
(2.2875 0.12 0)
(2.3 0.12 0)
(2.3125 0.12 0)
(2.325 0.12 0)
(2.3375 0.12 0)
(2.35 0.12 0)
(2.3625 0.12 0)
(2.375 0.12 0)
(2.3875 0.12 0)
(2.4 0.12 0)
(2.4125 0.12 0)
(2.425 0.12 0)
(2.4375 0.12 0)
(2.45 0.12 0)
(2.4625 0.12 0)
(2.475 0.12 0)
(2.4875 0.12 0)
(2.5 0.12 0)
(0.2625 0.13 0)
(0.275 0.13 0)
(0.2875 0.13 0)
(0.3 0.13 0)
(0.3125 0.13 0)
(0.325 0.13 0)
(0.3375 0.13 0)
(0.35 0.13 0)
(0.3625 0.13 0)
(0.375 0.13 0)
(0.3875 0.13 0)
(0.4 0.13 0)
(0.4125 0.13 0)
(0.425 0.13 0)
(0.4375 0.13 0)
(0.45 0.13 0)
(0.4625 0.13 0)
(0.475 0.13 0)
(0.4875 0.13 0)
(0.5 0.13 0)
(0.5125 0.13 0)
(0.525 0.13 0)
(0.5375 0.13 0)
(0.55 0.13 0)
(0.5625 0.13 0)
(0.575 0.13 0)
(0.5875 0.13 0)
(0.6 0.13 0)
(0.6125 0.13 0)
(0.625 0.13 0)
(0.6375 0.13 0)
(0.65 0.13 0)
(0.6625 0.13 0)
(0.675 0.13 0)
(0.6875 0.13 0)
(0.7 0.13 0)
(0.7125 0.13 0)
(0.725 0.13 0)
(0.7375 0.13 0)
(0.75 0.13 0)
(0.7625 0.13 0)
(0.775 0.13 0)
(0.7875 0.13 0)
(0.8 0.13 0)
(0.8125 0.13 0)
(0.825 0.13 0)
(0.8375 0.13 0)
(0.85 0.13 0)
(0.8625 0.13 0)
(0.875 0.13 0)
(0.8875 0.13 0)
(0.9 0.13 0)
(0.9125 0.13 0)
(0.925 0.13 0)
(0.9375 0.13 0)
(0.95 0.13 0)
(0.9625 0.13 0)
(0.975 0.13 0)
(0.9875 0.13 0)
(1 0.13 0)
(1.0125 0.13 0)
(1.025 0.13 0)
(1.0375 0.13 0)
(1.05 0.13 0)
(1.0625 0.13 0)
(1.075 0.13 0)
(1.0875 0.13 0)
(1.1 0.13 0)
(1.1125 0.13 0)
(1.125 0.13 0)
(1.1375 0.13 0)
(1.15 0.13 0)
(1.1625 0.13 0)
(1.175 0.13 0)
(1.1875 0.13 0)
(1.2 0.13 0)
(1.2125 0.13 0)
(1.225 0.13 0)
(1.2375 0.13 0)
(1.25 0.13 0)
(1.2625 0.13 0)
(1.275 0.13 0)
(1.2875 0.13 0)
(1.3 0.13 0)
(1.3125 0.13 0)
(1.325 0.13 0)
(1.3375 0.13 0)
(1.35 0.13 0)
(1.3625 0.13 0)
(1.375 0.13 0)
(1.3875 0.13 0)
(1.4 0.13 0)
(1.4125 0.13 0)
(1.425 0.13 0)
(1.4375 0.13 0)
(1.45 0.13 0)
(1.4625 0.13 0)
(1.475 0.13 0)
(1.4875 0.13 0)
(1.5 0.13 0)
(1.5125 0.13 0)
(1.525 0.13 0)
(1.5375 0.13 0)
(1.55 0.13 0)
(1.5625 0.13 0)
(1.575 0.13 0)
(1.5875 0.13 0)
(1.6 0.13 0)
(1.6125 0.13 0)
(1.625 0.13 0)
(1.6375 0.13 0)
(1.65 0.13 0)
(1.6625 0.13 0)
(1.675 0.13 0)
(1.6875 0.13 0)
(1.7 0.13 0)
(1.7125 0.13 0)
(1.725 0.13 0)
(1.7375 0.13 0)
(1.75 0.13 0)
(1.7625 0.13 0)
(1.775 0.13 0)
(1.7875 0.13 0)
(1.8 0.13 0)
(1.8125 0.13 0)
(1.825 0.13 0)
(1.8375 0.13 0)
(1.85 0.13 0)
(1.8625 0.13 0)
(1.875 0.13 0)
(1.8875 0.13 0)
(1.9 0.13 0)
(1.9125 0.13 0)
(1.925 0.13 0)
(1.9375 0.13 0)
(1.95 0.13 0)
(1.9625 0.13 0)
(1.975 0.13 0)
(1.9875 0.13 0)
(2 0.13 0)
(2.0125 0.13 0)
(2.025 0.13 0)
(2.0375 0.13 0)
(2.05 0.13 0)
(2.0625 0.13 0)
(2.075 0.13 0)
(2.0875 0.13 0)
(2.1 0.13 0)
(2.1125 0.13 0)
(2.125 0.13 0)
(2.1375 0.13 0)
(2.15 0.13 0)
(2.1625 0.13 0)
(2.175 0.13 0)
(2.1875 0.13 0)
(2.2 0.13 0)
(2.2125 0.13 0)
(2.225 0.13 0)
(2.2375 0.13 0)
(2.25 0.13 0)
(2.2625 0.13 0)
(2.275 0.13 0)
(2.2875 0.13 0)
(2.3 0.13 0)
(2.3125 0.13 0)
(2.325 0.13 0)
(2.3375 0.13 0)
(2.35 0.13 0)
(2.3625 0.13 0)
(2.375 0.13 0)
(2.3875 0.13 0)
(2.4 0.13 0)
(2.4125 0.13 0)
(2.425 0.13 0)
(2.4375 0.13 0)
(2.45 0.13 0)
(2.4625 0.13 0)
(2.475 0.13 0)
(2.4875 0.13 0)
(2.5 0.13 0)
(0.2625 0.14 0)
(0.275 0.14 0)
(0.2875 0.14 0)
(0.3 0.14 0)
(0.3125 0.14 0)
(0.325 0.14 0)
(0.3375 0.14 0)
(0.35 0.14 0)
(0.3625 0.14 0)
(0.375 0.14 0)
(0.3875 0.14 0)
(0.4 0.14 0)
(0.4125 0.14 0)
(0.425 0.14 0)
(0.4375 0.14 0)
(0.45 0.14 0)
(0.4625 0.14 0)
(0.475 0.14 0)
(0.4875 0.14 0)
(0.5 0.14 0)
(0.5125 0.14 0)
(0.525 0.14 0)
(0.5375 0.14 0)
(0.55 0.14 0)
(0.5625 0.14 0)
(0.575 0.14 0)
(0.5875 0.14 0)
(0.6 0.14 0)
(0.6125 0.14 0)
(0.625 0.14 0)
(0.6375 0.14 0)
(0.65 0.14 0)
(0.6625 0.14 0)
(0.675 0.14 0)
(0.6875 0.14 0)
(0.7 0.14 0)
(0.7125 0.14 0)
(0.725 0.14 0)
(0.7375 0.14 0)
(0.75 0.14 0)
(0.7625 0.14 0)
(0.775 0.14 0)
(0.7875 0.14 0)
(0.8 0.14 0)
(0.8125 0.14 0)
(0.825 0.14 0)
(0.8375 0.14 0)
(0.85 0.14 0)
(0.8625 0.14 0)
(0.875 0.14 0)
(0.8875 0.14 0)
(0.9 0.14 0)
(0.9125 0.14 0)
(0.925 0.14 0)
(0.9375 0.14 0)
(0.95 0.14 0)
(0.9625 0.14 0)
(0.975 0.14 0)
(0.9875 0.14 0)
(1 0.14 0)
(1.0125 0.14 0)
(1.025 0.14 0)
(1.0375 0.14 0)
(1.05 0.14 0)
(1.0625 0.14 0)
(1.075 0.14 0)
(1.0875 0.14 0)
(1.1 0.14 0)
(1.1125 0.14 0)
(1.125 0.14 0)
(1.1375 0.14 0)
(1.15 0.14 0)
(1.1625 0.14 0)
(1.175 0.14 0)
(1.1875 0.14 0)
(1.2 0.14 0)
(1.2125 0.14 0)
(1.225 0.14 0)
(1.2375 0.14 0)
(1.25 0.14 0)
(1.2625 0.14 0)
(1.275 0.14 0)
(1.2875 0.14 0)
(1.3 0.14 0)
(1.3125 0.14 0)
(1.325 0.14 0)
(1.3375 0.14 0)
(1.35 0.14 0)
(1.3625 0.14 0)
(1.375 0.14 0)
(1.3875 0.14 0)
(1.4 0.14 0)
(1.4125 0.14 0)
(1.425 0.14 0)
(1.4375 0.14 0)
(1.45 0.14 0)
(1.4625 0.14 0)
(1.475 0.14 0)
(1.4875 0.14 0)
(1.5 0.14 0)
(1.5125 0.14 0)
(1.525 0.14 0)
(1.5375 0.14 0)
(1.55 0.14 0)
(1.5625 0.14 0)
(1.575 0.14 0)
(1.5875 0.14 0)
(1.6 0.14 0)
(1.6125 0.14 0)
(1.625 0.14 0)
(1.6375 0.14 0)
(1.65 0.14 0)
(1.6625 0.14 0)
(1.675 0.14 0)
(1.6875 0.14 0)
(1.7 0.14 0)
(1.7125 0.14 0)
(1.725 0.14 0)
(1.7375 0.14 0)
(1.75 0.14 0)
(1.7625 0.14 0)
(1.775 0.14 0)
(1.7875 0.14 0)
(1.8 0.14 0)
(1.8125 0.14 0)
(1.825 0.14 0)
(1.8375 0.14 0)
(1.85 0.14 0)
(1.8625 0.14 0)
(1.875 0.14 0)
(1.8875 0.14 0)
(1.9 0.14 0)
(1.9125 0.14 0)
(1.925 0.14 0)
(1.9375 0.14 0)
(1.95 0.14 0)
(1.9625 0.14 0)
(1.975 0.14 0)
(1.9875 0.14 0)
(2 0.14 0)
(2.0125 0.14 0)
(2.025 0.14 0)
(2.0375 0.14 0)
(2.05 0.14 0)
(2.0625 0.14 0)
(2.075 0.14 0)
(2.0875 0.14 0)
(2.1 0.14 0)
(2.1125 0.14 0)
(2.125 0.14 0)
(2.1375 0.14 0)
(2.15 0.14 0)
(2.1625 0.14 0)
(2.175 0.14 0)
(2.1875 0.14 0)
(2.2 0.14 0)
(2.2125 0.14 0)
(2.225 0.14 0)
(2.2375 0.14 0)
(2.25 0.14 0)
(2.2625 0.14 0)
(2.275 0.14 0)
(2.2875 0.14 0)
(2.3 0.14 0)
(2.3125 0.14 0)
(2.325 0.14 0)
(2.3375 0.14 0)
(2.35 0.14 0)
(2.3625 0.14 0)
(2.375 0.14 0)
(2.3875 0.14 0)
(2.4 0.14 0)
(2.4125 0.14 0)
(2.425 0.14 0)
(2.4375 0.14 0)
(2.45 0.14 0)
(2.4625 0.14 0)
(2.475 0.14 0)
(2.4875 0.14 0)
(2.5 0.14 0)
(0.2625 0.15 0)
(0.275 0.15 0)
(0.2875 0.15 0)
(0.3 0.15 0)
(0.3125 0.15 0)
(0.325 0.15 0)
(0.3375 0.15 0)
(0.35 0.15 0)
(0.3625 0.15 0)
(0.375 0.15 0)
(0.3875 0.15 0)
(0.4 0.15 0)
(0.4125 0.15 0)
(0.425 0.15 0)
(0.4375 0.15 0)
(0.45 0.15 0)
(0.4625 0.15 0)
(0.475 0.15 0)
(0.4875 0.15 0)
(0.5 0.15 0)
(0.5125 0.15 0)
(0.525 0.15 0)
(0.5375 0.15 0)
(0.55 0.15 0)
(0.5625 0.15 0)
(0.575 0.15 0)
(0.5875 0.15 0)
(0.6 0.15 0)
(0.6125 0.15 0)
(0.625 0.15 0)
(0.6375 0.15 0)
(0.65 0.15 0)
(0.6625 0.15 0)
(0.675 0.15 0)
(0.6875 0.15 0)
(0.7 0.15 0)
(0.7125 0.15 0)
(0.725 0.15 0)
(0.7375 0.15 0)
(0.75 0.15 0)
(0.7625 0.15 0)
(0.775 0.15 0)
(0.7875 0.15 0)
(0.8 0.15 0)
(0.8125 0.15 0)
(0.825 0.15 0)
(0.8375 0.15 0)
(0.85 0.15 0)
(0.8625 0.15 0)
(0.875 0.15 0)
(0.8875 0.15 0)
(0.9 0.15 0)
(0.9125 0.15 0)
(0.925 0.15 0)
(0.9375 0.15 0)
(0.95 0.15 0)
(0.9625 0.15 0)
(0.975 0.15 0)
(0.9875 0.15 0)
(1 0.15 0)
(1.0125 0.15 0)
(1.025 0.15 0)
(1.0375 0.15 0)
(1.05 0.15 0)
(1.0625 0.15 0)
(1.075 0.15 0)
(1.0875 0.15 0)
(1.1 0.15 0)
(1.1125 0.15 0)
(1.125 0.15 0)
(1.1375 0.15 0)
(1.15 0.15 0)
(1.1625 0.15 0)
(1.175 0.15 0)
(1.1875 0.15 0)
(1.2 0.15 0)
(1.2125 0.15 0)
(1.225 0.15 0)
(1.2375 0.15 0)
(1.25 0.15 0)
(1.2625 0.15 0)
(1.275 0.15 0)
(1.2875 0.15 0)
(1.3 0.15 0)
(1.3125 0.15 0)
(1.325 0.15 0)
(1.3375 0.15 0)
(1.35 0.15 0)
(1.3625 0.15 0)
(1.375 0.15 0)
(1.3875 0.15 0)
(1.4 0.15 0)
(1.4125 0.15 0)
(1.425 0.15 0)
(1.4375 0.15 0)
(1.45 0.15 0)
(1.4625 0.15 0)
(1.475 0.15 0)
(1.4875 0.15 0)
(1.5 0.15 0)
(1.5125 0.15 0)
(1.525 0.15 0)
(1.5375 0.15 0)
(1.55 0.15 0)
(1.5625 0.15 0)
(1.575 0.15 0)
(1.5875 0.15 0)
(1.6 0.15 0)
(1.6125 0.15 0)
(1.625 0.15 0)
(1.6375 0.15 0)
(1.65 0.15 0)
(1.6625 0.15 0)
(1.675 0.15 0)
(1.6875 0.15 0)
(1.7 0.15 0)
(1.7125 0.15 0)
(1.725 0.15 0)
(1.7375 0.15 0)
(1.75 0.15 0)
(1.7625 0.15 0)
(1.775 0.15 0)
(1.7875 0.15 0)
(1.8 0.15 0)
(1.8125 0.15 0)
(1.825 0.15 0)
(1.8375 0.15 0)
(1.85 0.15 0)
(1.8625 0.15 0)
(1.875 0.15 0)
(1.8875 0.15 0)
(1.9 0.15 0)
(1.9125 0.15 0)
(1.925 0.15 0)
(1.9375 0.15 0)
(1.95 0.15 0)
(1.9625 0.15 0)
(1.975 0.15 0)
(1.9875 0.15 0)
(2 0.15 0)
(2.0125 0.15 0)
(2.025 0.15 0)
(2.0375 0.15 0)
(2.05 0.15 0)
(2.0625 0.15 0)
(2.075 0.15 0)
(2.0875 0.15 0)
(2.1 0.15 0)
(2.1125 0.15 0)
(2.125 0.15 0)
(2.1375 0.15 0)
(2.15 0.15 0)
(2.1625 0.15 0)
(2.175 0.15 0)
(2.1875 0.15 0)
(2.2 0.15 0)
(2.2125 0.15 0)
(2.225 0.15 0)
(2.2375 0.15 0)
(2.25 0.15 0)
(2.2625 0.15 0)
(2.275 0.15 0)
(2.2875 0.15 0)
(2.3 0.15 0)
(2.3125 0.15 0)
(2.325 0.15 0)
(2.3375 0.15 0)
(2.35 0.15 0)
(2.3625 0.15 0)
(2.375 0.15 0)
(2.3875 0.15 0)
(2.4 0.15 0)
(2.4125 0.15 0)
(2.425 0.15 0)
(2.4375 0.15 0)
(2.45 0.15 0)
(2.4625 0.15 0)
(2.475 0.15 0)
(2.4875 0.15 0)
(2.5 0.15 0)
(0.2625 0 0.01)
(0.275 0 0.01)
(0.2875 0 0.01)
(0.3 0 0.01)
(0.3125 0 0.01)
(0.325 0 0.01)
(0.3375 0 0.01)
(0.35 0 0.01)
(0.3625 0 0.01)
(0.375 0 0.01)
(0.3875 0 0.01)
(0.4 0 0.01)
(0.4125 0 0.01)
(0.425 0 0.01)
(0.4375 0 0.01)
(0.45 0 0.01)
(0.4625 0 0.01)
(0.475 0 0.01)
(0.4875 0 0.01)
(0.5 0 0.01)
(0.5125 0 0.01)
(0.525 0 0.01)
(0.5375 0 0.01)
(0.55 0 0.01)
(0.5625 0 0.01)
(0.575 0 0.01)
(0.5875 0 0.01)
(0.6 0 0.01)
(0.6125 0 0.01)
(0.625 0 0.01)
(0.6375 0 0.01)
(0.65 0 0.01)
(0.6625 0 0.01)
(0.675 0 0.01)
(0.6875 0 0.01)
(0.7 0 0.01)
(0.7125 0 0.01)
(0.725 0 0.01)
(0.7375 0 0.01)
(0.75 0 0.01)
(0.7625 0 0.01)
(0.775 0 0.01)
(0.7875 0 0.01)
(0.8 0 0.01)
(0.8125 0 0.01)
(0.825 0 0.01)
(0.8375 0 0.01)
(0.85 0 0.01)
(0.8625 0 0.01)
(0.875 0 0.01)
(0.8875 0 0.01)
(0.9 0 0.01)
(0.9125 0 0.01)
(0.925 0 0.01)
(0.9375 0 0.01)
(0.95 0 0.01)
(0.9625 0 0.01)
(0.975 0 0.01)
(0.9875 0 0.01)
(1 0 0.01)
(1.0125 0 0.01)
(1.025 0 0.01)
(1.0375 0 0.01)
(1.05 0 0.01)
(1.0625 0 0.01)
(1.075 0 0.01)
(1.0875 0 0.01)
(1.1 0 0.01)
(1.1125 0 0.01)
(1.125 0 0.01)
(1.1375 0 0.01)
(1.15 0 0.01)
(1.1625 0 0.01)
(1.175 0 0.01)
(1.1875 0 0.01)
(1.2 0 0.01)
(1.2125 0 0.01)
(1.225 0 0.01)
(1.2375 0 0.01)
(1.25 0 0.01)
(1.2625 0 0.01)
(1.275 0 0.01)
(1.2875 0 0.01)
(1.3 0 0.01)
(1.3125 0 0.01)
(1.325 0 0.01)
(1.3375 0 0.01)
(1.35 0 0.01)
(1.3625 0 0.01)
(1.375 0 0.01)
(1.3875 0 0.01)
(1.4 0 0.01)
(1.4125 0 0.01)
(1.425 0 0.01)
(1.4375 0 0.01)
(1.45 0 0.01)
(1.4625 0 0.01)
(1.475 0 0.01)
(1.4875 0 0.01)
(1.5 0 0.01)
(1.5125 0 0.01)
(1.525 0 0.01)
(1.5375 0 0.01)
(1.55 0 0.01)
(1.5625 0 0.01)
(1.575 0 0.01)
(1.5875 0 0.01)
(1.6 0 0.01)
(1.6125 0 0.01)
(1.625 0 0.01)
(1.6375 0 0.01)
(1.65 0 0.01)
(1.6625 0 0.01)
(1.675 0 0.01)
(1.6875 0 0.01)
(1.7 0 0.01)
(1.7125 0 0.01)
(1.725 0 0.01)
(1.7375 0 0.01)
(1.75 0 0.01)
(1.7625 0 0.01)
(1.775 0 0.01)
(1.7875 0 0.01)
(1.8 0 0.01)
(1.8125 0 0.01)
(1.825 0 0.01)
(1.8375 0 0.01)
(1.85 0 0.01)
(1.8625 0 0.01)
(1.875 0 0.01)
(1.8875 0 0.01)
(1.9 0 0.01)
(1.9125 0 0.01)
(1.925 0 0.01)
(1.9375 0 0.01)
(1.95 0 0.01)
(1.9625 0 0.01)
(1.975 0 0.01)
(1.9875 0 0.01)
(2 0 0.01)
(2.0125 0 0.01)
(2.025 0 0.01)
(2.0375 0 0.01)
(2.05 0 0.01)
(2.0625 0 0.01)
(2.075 0 0.01)
(2.0875 0 0.01)
(2.1 0 0.01)
(2.1125 0 0.01)
(2.125 0 0.01)
(2.1375 0 0.01)
(2.15 0 0.01)
(2.1625 0 0.01)
(2.175 0 0.01)
(2.1875 0 0.01)
(2.2 0 0.01)
(2.2125 0 0.01)
(2.225 0 0.01)
(2.2375 0 0.01)
(2.25 0 0.01)
(2.2625 0 0.01)
(2.275 0 0.01)
(2.2875 0 0.01)
(2.3 0 0.01)
(2.3125 0 0.01)
(2.325 0 0.01)
(2.3375 0 0.01)
(2.35 0 0.01)
(2.3625 0 0.01)
(2.375 0 0.01)
(2.3875 0 0.01)
(2.4 0 0.01)
(2.4125 0 0.01)
(2.425 0 0.01)
(2.4375 0 0.01)
(2.45 0 0.01)
(2.4625 0 0.01)
(2.475 0 0.01)
(2.4875 0 0.01)
(2.5 0 0.01)
(0.2625 0.01 0.01)
(0.275 0.01 0.01)
(0.2875 0.01 0.01)
(0.3 0.01 0.01)
(0.3125 0.01 0.01)
(0.325 0.01 0.01)
(0.3375 0.01 0.01)
(0.35 0.01 0.01)
(0.3625 0.01 0.01)
(0.375 0.01 0.01)
(0.3875 0.01 0.01)
(0.4 0.01 0.01)
(0.4125 0.01 0.01)
(0.425 0.01 0.01)
(0.4375 0.01 0.01)
(0.45 0.01 0.01)
(0.4625 0.01 0.01)
(0.475 0.01 0.01)
(0.4875 0.01 0.01)
(0.5 0.01 0.01)
(0.5125 0.01 0.01)
(0.525 0.01 0.01)
(0.5375 0.01 0.01)
(0.55 0.01 0.01)
(0.5625 0.01 0.01)
(0.575 0.01 0.01)
(0.5875 0.01 0.01)
(0.6 0.01 0.01)
(0.6125 0.01 0.01)
(0.625 0.01 0.01)
(0.6375 0.01 0.01)
(0.65 0.01 0.01)
(0.6625 0.01 0.01)
(0.675 0.01 0.01)
(0.6875 0.01 0.01)
(0.7 0.01 0.01)
(0.7125 0.01 0.01)
(0.725 0.01 0.01)
(0.7375 0.01 0.01)
(0.75 0.01 0.01)
(0.7625 0.01 0.01)
(0.775 0.01 0.01)
(0.7875 0.01 0.01)
(0.8 0.01 0.01)
(0.8125 0.01 0.01)
(0.825 0.01 0.01)
(0.8375 0.01 0.01)
(0.85 0.01 0.01)
(0.8625 0.01 0.01)
(0.875 0.01 0.01)
(0.8875 0.01 0.01)
(0.9 0.01 0.01)
(0.9125 0.01 0.01)
(0.925 0.01 0.01)
(0.9375 0.01 0.01)
(0.95 0.01 0.01)
(0.9625 0.01 0.01)
(0.975 0.01 0.01)
(0.9875 0.01 0.01)
(1 0.01 0.01)
(1.0125 0.01 0.01)
(1.025 0.01 0.01)
(1.0375 0.01 0.01)
(1.05 0.01 0.01)
(1.0625 0.01 0.01)
(1.075 0.01 0.01)
(1.0875 0.01 0.01)
(1.1 0.01 0.01)
(1.1125 0.01 0.01)
(1.125 0.01 0.01)
(1.1375 0.01 0.01)
(1.15 0.01 0.01)
(1.1625 0.01 0.01)
(1.175 0.01 0.01)
(1.1875 0.01 0.01)
(1.2 0.01 0.01)
(1.2125 0.01 0.01)
(1.225 0.01 0.01)
(1.2375 0.01 0.01)
(1.25 0.01 0.01)
(1.2625 0.01 0.01)
(1.275 0.01 0.01)
(1.2875 0.01 0.01)
(1.3 0.01 0.01)
(1.3125 0.01 0.01)
(1.325 0.01 0.01)
(1.3375 0.01 0.01)
(1.35 0.01 0.01)
(1.3625 0.01 0.01)
(1.375 0.01 0.01)
(1.3875 0.01 0.01)
(1.4 0.01 0.01)
(1.4125 0.01 0.01)
(1.425 0.01 0.01)
(1.4375 0.01 0.01)
(1.45 0.01 0.01)
(1.4625 0.01 0.01)
(1.475 0.01 0.01)
(1.4875 0.01 0.01)
(1.5 0.01 0.01)
(1.5125 0.01 0.01)
(1.525 0.01 0.01)
(1.5375 0.01 0.01)
(1.55 0.01 0.01)
(1.5625 0.01 0.01)
(1.575 0.01 0.01)
(1.5875 0.01 0.01)
(1.6 0.01 0.01)
(1.6125 0.01 0.01)
(1.625 0.01 0.01)
(1.6375 0.01 0.01)
(1.65 0.01 0.01)
(1.6625 0.01 0.01)
(1.675 0.01 0.01)
(1.6875 0.01 0.01)
(1.7 0.01 0.01)
(1.7125 0.01 0.01)
(1.725 0.01 0.01)
(1.7375 0.01 0.01)
(1.75 0.01 0.01)
(1.7625 0.01 0.01)
(1.775 0.01 0.01)
(1.7875 0.01 0.01)
(1.8 0.01 0.01)
(1.8125 0.01 0.01)
(1.825 0.01 0.01)
(1.8375 0.01 0.01)
(1.85 0.01 0.01)
(1.8625 0.01 0.01)
(1.875 0.01 0.01)
(1.8875 0.01 0.01)
(1.9 0.01 0.01)
(1.9125 0.01 0.01)
(1.925 0.01 0.01)
(1.9375 0.01 0.01)
(1.95 0.01 0.01)
(1.9625 0.01 0.01)
(1.975 0.01 0.01)
(1.9875 0.01 0.01)
(2 0.01 0.01)
(2.0125 0.01 0.01)
(2.025 0.01 0.01)
(2.0375 0.01 0.01)
(2.05 0.01 0.01)
(2.0625 0.01 0.01)
(2.075 0.01 0.01)
(2.0875 0.01 0.01)
(2.1 0.01 0.01)
(2.1125 0.01 0.01)
(2.125 0.01 0.01)
(2.1375 0.01 0.01)
(2.15 0.01 0.01)
(2.1625 0.01 0.01)
(2.175 0.01 0.01)
(2.1875 0.01 0.01)
(2.2 0.01 0.01)
(2.2125 0.01 0.01)
(2.225 0.01 0.01)
(2.2375 0.01 0.01)
(2.25 0.01 0.01)
(2.2625 0.01 0.01)
(2.275 0.01 0.01)
(2.2875 0.01 0.01)
(2.3 0.01 0.01)
(2.3125 0.01 0.01)
(2.325 0.01 0.01)
(2.3375 0.01 0.01)
(2.35 0.01 0.01)
(2.3625 0.01 0.01)
(2.375 0.01 0.01)
(2.3875 0.01 0.01)
(2.4 0.01 0.01)
(2.4125 0.01 0.01)
(2.425 0.01 0.01)
(2.4375 0.01 0.01)
(2.45 0.01 0.01)
(2.4625 0.01 0.01)
(2.475 0.01 0.01)
(2.4875 0.01 0.01)
(2.5 0.01 0.01)
(0.2625 0.02 0.01)
(0.275 0.02 0.01)
(0.2875 0.02 0.01)
(0.3 0.02 0.01)
(0.3125 0.02 0.01)
(0.325 0.02 0.01)
(0.3375 0.02 0.01)
(0.35 0.02 0.01)
(0.3625 0.02 0.01)
(0.375 0.02 0.01)
(0.3875 0.02 0.01)
(0.4 0.02 0.01)
(0.4125 0.02 0.01)
(0.425 0.02 0.01)
(0.4375 0.02 0.01)
(0.45 0.02 0.01)
(0.4625 0.02 0.01)
(0.475 0.02 0.01)
(0.4875 0.02 0.01)
(0.5 0.02 0.01)
(0.5125 0.02 0.01)
(0.525 0.02 0.01)
(0.5375 0.02 0.01)
(0.55 0.02 0.01)
(0.5625 0.02 0.01)
(0.575 0.02 0.01)
(0.5875 0.02 0.01)
(0.6 0.02 0.01)
(0.6125 0.02 0.01)
(0.625 0.02 0.01)
(0.6375 0.02 0.01)
(0.65 0.02 0.01)
(0.6625 0.02 0.01)
(0.675 0.02 0.01)
(0.6875 0.02 0.01)
(0.7 0.02 0.01)
(0.7125 0.02 0.01)
(0.725 0.02 0.01)
(0.7375 0.02 0.01)
(0.75 0.02 0.01)
(0.7625 0.02 0.01)
(0.775 0.02 0.01)
(0.7875 0.02 0.01)
(0.8 0.02 0.01)
(0.8125 0.02 0.01)
(0.825 0.02 0.01)
(0.8375 0.02 0.01)
(0.85 0.02 0.01)
(0.8625 0.02 0.01)
(0.875 0.02 0.01)
(0.8875 0.02 0.01)
(0.9 0.02 0.01)
(0.9125 0.02 0.01)
(0.925 0.02 0.01)
(0.9375 0.02 0.01)
(0.95 0.02 0.01)
(0.9625 0.02 0.01)
(0.975 0.02 0.01)
(0.9875 0.02 0.01)
(1 0.02 0.01)
(1.0125 0.02 0.01)
(1.025 0.02 0.01)
(1.0375 0.02 0.01)
(1.05 0.02 0.01)
(1.0625 0.02 0.01)
(1.075 0.02 0.01)
(1.0875 0.02 0.01)
(1.1 0.02 0.01)
(1.1125 0.02 0.01)
(1.125 0.02 0.01)
(1.1375 0.02 0.01)
(1.15 0.02 0.01)
(1.1625 0.02 0.01)
(1.175 0.02 0.01)
(1.1875 0.02 0.01)
(1.2 0.02 0.01)
(1.2125 0.02 0.01)
(1.225 0.02 0.01)
(1.2375 0.02 0.01)
(1.25 0.02 0.01)
(1.2625 0.02 0.01)
(1.275 0.02 0.01)
(1.2875 0.02 0.01)
(1.3 0.02 0.01)
(1.3125 0.02 0.01)
(1.325 0.02 0.01)
(1.3375 0.02 0.01)
(1.35 0.02 0.01)
(1.3625 0.02 0.01)
(1.375 0.02 0.01)
(1.3875 0.02 0.01)
(1.4 0.02 0.01)
(1.4125 0.02 0.01)
(1.425 0.02 0.01)
(1.4375 0.02 0.01)
(1.45 0.02 0.01)
(1.4625 0.02 0.01)
(1.475 0.02 0.01)
(1.4875 0.02 0.01)
(1.5 0.02 0.01)
(1.5125 0.02 0.01)
(1.525 0.02 0.01)
(1.5375 0.02 0.01)
(1.55 0.02 0.01)
(1.5625 0.02 0.01)
(1.575 0.02 0.01)
(1.5875 0.02 0.01)
(1.6 0.02 0.01)
(1.6125 0.02 0.01)
(1.625 0.02 0.01)
(1.6375 0.02 0.01)
(1.65 0.02 0.01)
(1.6625 0.02 0.01)
(1.675 0.02 0.01)
(1.6875 0.02 0.01)
(1.7 0.02 0.01)
(1.7125 0.02 0.01)
(1.725 0.02 0.01)
(1.7375 0.02 0.01)
(1.75 0.02 0.01)
(1.7625 0.02 0.01)
(1.775 0.02 0.01)
(1.7875 0.02 0.01)
(1.8 0.02 0.01)
(1.8125 0.02 0.01)
(1.825 0.02 0.01)
(1.8375 0.02 0.01)
(1.85 0.02 0.01)
(1.8625 0.02 0.01)
(1.875 0.02 0.01)
(1.8875 0.02 0.01)
(1.9 0.02 0.01)
(1.9125 0.02 0.01)
(1.925 0.02 0.01)
(1.9375 0.02 0.01)
(1.95 0.02 0.01)
(1.9625 0.02 0.01)
(1.975 0.02 0.01)
(1.9875 0.02 0.01)
(2 0.02 0.01)
(2.0125 0.02 0.01)
(2.025 0.02 0.01)
(2.0375 0.02 0.01)
(2.05 0.02 0.01)
(2.0625 0.02 0.01)
(2.075 0.02 0.01)
(2.0875 0.02 0.01)
(2.1 0.02 0.01)
(2.1125 0.02 0.01)
(2.125 0.02 0.01)
(2.1375 0.02 0.01)
(2.15 0.02 0.01)
(2.1625 0.02 0.01)
(2.175 0.02 0.01)
(2.1875 0.02 0.01)
(2.2 0.02 0.01)
(2.2125 0.02 0.01)
(2.225 0.02 0.01)
(2.2375 0.02 0.01)
(2.25 0.02 0.01)
(2.2625 0.02 0.01)
(2.275 0.02 0.01)
(2.2875 0.02 0.01)
(2.3 0.02 0.01)
(2.3125 0.02 0.01)
(2.325 0.02 0.01)
(2.3375 0.02 0.01)
(2.35 0.02 0.01)
(2.3625 0.02 0.01)
(2.375 0.02 0.01)
(2.3875 0.02 0.01)
(2.4 0.02 0.01)
(2.4125 0.02 0.01)
(2.425 0.02 0.01)
(2.4375 0.02 0.01)
(2.45 0.02 0.01)
(2.4625 0.02 0.01)
(2.475 0.02 0.01)
(2.4875 0.02 0.01)
(2.5 0.02 0.01)
(0.2625 0.03 0.01)
(0.275 0.03 0.01)
(0.2875 0.03 0.01)
(0.3 0.03 0.01)
(0.3125 0.03 0.01)
(0.325 0.03 0.01)
(0.3375 0.03 0.01)
(0.35 0.03 0.01)
(0.3625 0.03 0.01)
(0.375 0.03 0.01)
(0.3875 0.03 0.01)
(0.4 0.03 0.01)
(0.4125 0.03 0.01)
(0.425 0.03 0.01)
(0.4375 0.03 0.01)
(0.45 0.03 0.01)
(0.4625 0.03 0.01)
(0.475 0.03 0.01)
(0.4875 0.03 0.01)
(0.5 0.03 0.01)
(0.5125 0.03 0.01)
(0.525 0.03 0.01)
(0.5375 0.03 0.01)
(0.55 0.03 0.01)
(0.5625 0.03 0.01)
(0.575 0.03 0.01)
(0.5875 0.03 0.01)
(0.6 0.03 0.01)
(0.6125 0.03 0.01)
(0.625 0.03 0.01)
(0.6375 0.03 0.01)
(0.65 0.03 0.01)
(0.6625 0.03 0.01)
(0.675 0.03 0.01)
(0.6875 0.03 0.01)
(0.7 0.03 0.01)
(0.7125 0.03 0.01)
(0.725 0.03 0.01)
(0.7375 0.03 0.01)
(0.75 0.03 0.01)
(0.7625 0.03 0.01)
(0.775 0.03 0.01)
(0.7875 0.03 0.01)
(0.8 0.03 0.01)
(0.8125 0.03 0.01)
(0.825 0.03 0.01)
(0.8375 0.03 0.01)
(0.85 0.03 0.01)
(0.8625 0.03 0.01)
(0.875 0.03 0.01)
(0.8875 0.03 0.01)
(0.9 0.03 0.01)
(0.9125 0.03 0.01)
(0.925 0.03 0.01)
(0.9375 0.03 0.01)
(0.95 0.03 0.01)
(0.9625 0.03 0.01)
(0.975 0.03 0.01)
(0.9875 0.03 0.01)
(1 0.03 0.01)
(1.0125 0.03 0.01)
(1.025 0.03 0.01)
(1.0375 0.03 0.01)
(1.05 0.03 0.01)
(1.0625 0.03 0.01)
(1.075 0.03 0.01)
(1.0875 0.03 0.01)
(1.1 0.03 0.01)
(1.1125 0.03 0.01)
(1.125 0.03 0.01)
(1.1375 0.03 0.01)
(1.15 0.03 0.01)
(1.1625 0.03 0.01)
(1.175 0.03 0.01)
(1.1875 0.03 0.01)
(1.2 0.03 0.01)
(1.2125 0.03 0.01)
(1.225 0.03 0.01)
(1.2375 0.03 0.01)
(1.25 0.03 0.01)
(1.2625 0.03 0.01)
(1.275 0.03 0.01)
(1.2875 0.03 0.01)
(1.3 0.03 0.01)
(1.3125 0.03 0.01)
(1.325 0.03 0.01)
(1.3375 0.03 0.01)
(1.35 0.03 0.01)
(1.3625 0.03 0.01)
(1.375 0.03 0.01)
(1.3875 0.03 0.01)
(1.4 0.03 0.01)
(1.4125 0.03 0.01)
(1.425 0.03 0.01)
(1.4375 0.03 0.01)
(1.45 0.03 0.01)
(1.4625 0.03 0.01)
(1.475 0.03 0.01)
(1.4875 0.03 0.01)
(1.5 0.03 0.01)
(1.5125 0.03 0.01)
(1.525 0.03 0.01)
(1.5375 0.03 0.01)
(1.55 0.03 0.01)
(1.5625 0.03 0.01)
(1.575 0.03 0.01)
(1.5875 0.03 0.01)
(1.6 0.03 0.01)
(1.6125 0.03 0.01)
(1.625 0.03 0.01)
(1.6375 0.03 0.01)
(1.65 0.03 0.01)
(1.6625 0.03 0.01)
(1.675 0.03 0.01)
(1.6875 0.03 0.01)
(1.7 0.03 0.01)
(1.7125 0.03 0.01)
(1.725 0.03 0.01)
(1.7375 0.03 0.01)
(1.75 0.03 0.01)
(1.7625 0.03 0.01)
(1.775 0.03 0.01)
(1.7875 0.03 0.01)
(1.8 0.03 0.01)
(1.8125 0.03 0.01)
(1.825 0.03 0.01)
(1.8375 0.03 0.01)
(1.85 0.03 0.01)
(1.8625 0.03 0.01)
(1.875 0.03 0.01)
(1.8875 0.03 0.01)
(1.9 0.03 0.01)
(1.9125 0.03 0.01)
(1.925 0.03 0.01)
(1.9375 0.03 0.01)
(1.95 0.03 0.01)
(1.9625 0.03 0.01)
(1.975 0.03 0.01)
(1.9875 0.03 0.01)
(2 0.03 0.01)
(2.0125 0.03 0.01)
(2.025 0.03 0.01)
(2.0375 0.03 0.01)
(2.05 0.03 0.01)
(2.0625 0.03 0.01)
(2.075 0.03 0.01)
(2.0875 0.03 0.01)
(2.1 0.03 0.01)
(2.1125 0.03 0.01)
(2.125 0.03 0.01)
(2.1375 0.03 0.01)
(2.15 0.03 0.01)
(2.1625 0.03 0.01)
(2.175 0.03 0.01)
(2.1875 0.03 0.01)
(2.2 0.03 0.01)
(2.2125 0.03 0.01)
(2.225 0.03 0.01)
(2.2375 0.03 0.01)
(2.25 0.03 0.01)
(2.2625 0.03 0.01)
(2.275 0.03 0.01)
(2.2875 0.03 0.01)
(2.3 0.03 0.01)
(2.3125 0.03 0.01)
(2.325 0.03 0.01)
(2.3375 0.03 0.01)
(2.35 0.03 0.01)
(2.3625 0.03 0.01)
(2.375 0.03 0.01)
(2.3875 0.03 0.01)
(2.4 0.03 0.01)
(2.4125 0.03 0.01)
(2.425 0.03 0.01)
(2.4375 0.03 0.01)
(2.45 0.03 0.01)
(2.4625 0.03 0.01)
(2.475 0.03 0.01)
(2.4875 0.03 0.01)
(2.5 0.03 0.01)
(0.2625 0.04 0.01)
(0.275 0.04 0.01)
(0.2875 0.04 0.01)
(0.3 0.04 0.01)
(0.3125 0.04 0.01)
(0.325 0.04 0.01)
(0.3375 0.04 0.01)
(0.35 0.04 0.01)
(0.3625 0.04 0.01)
(0.375 0.04 0.01)
(0.3875 0.04 0.01)
(0.4 0.04 0.01)
(0.4125 0.04 0.01)
(0.425 0.04 0.01)
(0.4375 0.04 0.01)
(0.45 0.04 0.01)
(0.4625 0.04 0.01)
(0.475 0.04 0.01)
(0.4875 0.04 0.01)
(0.5 0.04 0.01)
(0.5125 0.04 0.01)
(0.525 0.04 0.01)
(0.5375 0.04 0.01)
(0.55 0.04 0.01)
(0.5625 0.04 0.01)
(0.575 0.04 0.01)
(0.5875 0.04 0.01)
(0.6 0.04 0.01)
(0.6125 0.04 0.01)
(0.625 0.04 0.01)
(0.6375 0.04 0.01)
(0.65 0.04 0.01)
(0.6625 0.04 0.01)
(0.675 0.04 0.01)
(0.6875 0.04 0.01)
(0.7 0.04 0.01)
(0.7125 0.04 0.01)
(0.725 0.04 0.01)
(0.7375 0.04 0.01)
(0.75 0.04 0.01)
(0.7625 0.04 0.01)
(0.775 0.04 0.01)
(0.7875 0.04 0.01)
(0.8 0.04 0.01)
(0.8125 0.04 0.01)
(0.825 0.04 0.01)
(0.8375 0.04 0.01)
(0.85 0.04 0.01)
(0.8625 0.04 0.01)
(0.875 0.04 0.01)
(0.8875 0.04 0.01)
(0.9 0.04 0.01)
(0.9125 0.04 0.01)
(0.925 0.04 0.01)
(0.9375 0.04 0.01)
(0.95 0.04 0.01)
(0.9625 0.04 0.01)
(0.975 0.04 0.01)
(0.9875 0.04 0.01)
(1 0.04 0.01)
(1.0125 0.04 0.01)
(1.025 0.04 0.01)
(1.0375 0.04 0.01)
(1.05 0.04 0.01)
(1.0625 0.04 0.01)
(1.075 0.04 0.01)
(1.0875 0.04 0.01)
(1.1 0.04 0.01)
(1.1125 0.04 0.01)
(1.125 0.04 0.01)
(1.1375 0.04 0.01)
(1.15 0.04 0.01)
(1.1625 0.04 0.01)
(1.175 0.04 0.01)
(1.1875 0.04 0.01)
(1.2 0.04 0.01)
(1.2125 0.04 0.01)
(1.225 0.04 0.01)
(1.2375 0.04 0.01)
(1.25 0.04 0.01)
(1.2625 0.04 0.01)
(1.275 0.04 0.01)
(1.2875 0.04 0.01)
(1.3 0.04 0.01)
(1.3125 0.04 0.01)
(1.325 0.04 0.01)
(1.3375 0.04 0.01)
(1.35 0.04 0.01)
(1.3625 0.04 0.01)
(1.375 0.04 0.01)
(1.3875 0.04 0.01)
(1.4 0.04 0.01)
(1.4125 0.04 0.01)
(1.425 0.04 0.01)
(1.4375 0.04 0.01)
(1.45 0.04 0.01)
(1.4625 0.04 0.01)
(1.475 0.04 0.01)
(1.4875 0.04 0.01)
(1.5 0.04 0.01)
(1.5125 0.04 0.01)
(1.525 0.04 0.01)
(1.5375 0.04 0.01)
(1.55 0.04 0.01)
(1.5625 0.04 0.01)
(1.575 0.04 0.01)
(1.5875 0.04 0.01)
(1.6 0.04 0.01)
(1.6125 0.04 0.01)
(1.625 0.04 0.01)
(1.6375 0.04 0.01)
(1.65 0.04 0.01)
(1.6625 0.04 0.01)
(1.675 0.04 0.01)
(1.6875 0.04 0.01)
(1.7 0.04 0.01)
(1.7125 0.04 0.01)
(1.725 0.04 0.01)
(1.7375 0.04 0.01)
(1.75 0.04 0.01)
(1.7625 0.04 0.01)
(1.775 0.04 0.01)
(1.7875 0.04 0.01)
(1.8 0.04 0.01)
(1.8125 0.04 0.01)
(1.825 0.04 0.01)
(1.8375 0.04 0.01)
(1.85 0.04 0.01)
(1.8625 0.04 0.01)
(1.875 0.04 0.01)
(1.8875 0.04 0.01)
(1.9 0.04 0.01)
(1.9125 0.04 0.01)
(1.925 0.04 0.01)
(1.9375 0.04 0.01)
(1.95 0.04 0.01)
(1.9625 0.04 0.01)
(1.975 0.04 0.01)
(1.9875 0.04 0.01)
(2 0.04 0.01)
(2.0125 0.04 0.01)
(2.025 0.04 0.01)
(2.0375 0.04 0.01)
(2.05 0.04 0.01)
(2.0625 0.04 0.01)
(2.075 0.04 0.01)
(2.0875 0.04 0.01)
(2.1 0.04 0.01)
(2.1125 0.04 0.01)
(2.125 0.04 0.01)
(2.1375 0.04 0.01)
(2.15 0.04 0.01)
(2.1625 0.04 0.01)
(2.175 0.04 0.01)
(2.1875 0.04 0.01)
(2.2 0.04 0.01)
(2.2125 0.04 0.01)
(2.225 0.04 0.01)
(2.2375 0.04 0.01)
(2.25 0.04 0.01)
(2.2625 0.04 0.01)
(2.275 0.04 0.01)
(2.2875 0.04 0.01)
(2.3 0.04 0.01)
(2.3125 0.04 0.01)
(2.325 0.04 0.01)
(2.3375 0.04 0.01)
(2.35 0.04 0.01)
(2.3625 0.04 0.01)
(2.375 0.04 0.01)
(2.3875 0.04 0.01)
(2.4 0.04 0.01)
(2.4125 0.04 0.01)
(2.425 0.04 0.01)
(2.4375 0.04 0.01)
(2.45 0.04 0.01)
(2.4625 0.04 0.01)
(2.475 0.04 0.01)
(2.4875 0.04 0.01)
(2.5 0.04 0.01)
(0.2625 0.05 0.01)
(0.275 0.05 0.01)
(0.2875 0.05 0.01)
(0.3 0.05 0.01)
(0.3125 0.05 0.01)
(0.325 0.05 0.01)
(0.3375 0.05 0.01)
(0.35 0.05 0.01)
(0.3625 0.05 0.01)
(0.375 0.05 0.01)
(0.3875 0.05 0.01)
(0.4 0.05 0.01)
(0.4125 0.05 0.01)
(0.425 0.05 0.01)
(0.4375 0.05 0.01)
(0.45 0.05 0.01)
(0.4625 0.05 0.01)
(0.475 0.05 0.01)
(0.4875 0.05 0.01)
(0.5 0.05 0.01)
(0.5125 0.05 0.01)
(0.525 0.05 0.01)
(0.5375 0.05 0.01)
(0.55 0.05 0.01)
(0.5625 0.05 0.01)
(0.575 0.05 0.01)
(0.5875 0.05 0.01)
(0.6 0.05 0.01)
(0.6125 0.05 0.01)
(0.625 0.05 0.01)
(0.6375 0.05 0.01)
(0.65 0.05 0.01)
(0.6625 0.05 0.01)
(0.675 0.05 0.01)
(0.6875 0.05 0.01)
(0.7 0.05 0.01)
(0.7125 0.05 0.01)
(0.725 0.05 0.01)
(0.7375 0.05 0.01)
(0.75 0.05 0.01)
(0.7625 0.05 0.01)
(0.775 0.05 0.01)
(0.7875 0.05 0.01)
(0.8 0.05 0.01)
(0.8125 0.05 0.01)
(0.825 0.05 0.01)
(0.8375 0.05 0.01)
(0.85 0.05 0.01)
(0.8625 0.05 0.01)
(0.875 0.05 0.01)
(0.8875 0.05 0.01)
(0.9 0.05 0.01)
(0.9125 0.05 0.01)
(0.925 0.05 0.01)
(0.9375 0.05 0.01)
(0.95 0.05 0.01)
(0.9625 0.05 0.01)
(0.975 0.05 0.01)
(0.9875 0.05 0.01)
(1 0.05 0.01)
(1.0125 0.05 0.01)
(1.025 0.05 0.01)
(1.0375 0.05 0.01)
(1.05 0.05 0.01)
(1.0625 0.05 0.01)
(1.075 0.05 0.01)
(1.0875 0.05 0.01)
(1.1 0.05 0.01)
(1.1125 0.05 0.01)
(1.125 0.05 0.01)
(1.1375 0.05 0.01)
(1.15 0.05 0.01)
(1.1625 0.05 0.01)
(1.175 0.05 0.01)
(1.1875 0.05 0.01)
(1.2 0.05 0.01)
(1.2125 0.05 0.01)
(1.225 0.05 0.01)
(1.2375 0.05 0.01)
(1.25 0.05 0.01)
(1.2625 0.05 0.01)
(1.275 0.05 0.01)
(1.2875 0.05 0.01)
(1.3 0.05 0.01)
(1.3125 0.05 0.01)
(1.325 0.05 0.01)
(1.3375 0.05 0.01)
(1.35 0.05 0.01)
(1.3625 0.05 0.01)
(1.375 0.05 0.01)
(1.3875 0.05 0.01)
(1.4 0.05 0.01)
(1.4125 0.05 0.01)
(1.425 0.05 0.01)
(1.4375 0.05 0.01)
(1.45 0.05 0.01)
(1.4625 0.05 0.01)
(1.475 0.05 0.01)
(1.4875 0.05 0.01)
(1.5 0.05 0.01)
(1.5125 0.05 0.01)
(1.525 0.05 0.01)
(1.5375 0.05 0.01)
(1.55 0.05 0.01)
(1.5625 0.05 0.01)
(1.575 0.05 0.01)
(1.5875 0.05 0.01)
(1.6 0.05 0.01)
(1.6125 0.05 0.01)
(1.625 0.05 0.01)
(1.6375 0.05 0.01)
(1.65 0.05 0.01)
(1.6625 0.05 0.01)
(1.675 0.05 0.01)
(1.6875 0.05 0.01)
(1.7 0.05 0.01)
(1.7125 0.05 0.01)
(1.725 0.05 0.01)
(1.7375 0.05 0.01)
(1.75 0.05 0.01)
(1.7625 0.05 0.01)
(1.775 0.05 0.01)
(1.7875 0.05 0.01)
(1.8 0.05 0.01)
(1.8125 0.05 0.01)
(1.825 0.05 0.01)
(1.8375 0.05 0.01)
(1.85 0.05 0.01)
(1.8625 0.05 0.01)
(1.875 0.05 0.01)
(1.8875 0.05 0.01)
(1.9 0.05 0.01)
(1.9125 0.05 0.01)
(1.925 0.05 0.01)
(1.9375 0.05 0.01)
(1.95 0.05 0.01)
(1.9625 0.05 0.01)
(1.975 0.05 0.01)
(1.9875 0.05 0.01)
(2 0.05 0.01)
(2.0125 0.05 0.01)
(2.025 0.05 0.01)
(2.0375 0.05 0.01)
(2.05 0.05 0.01)
(2.0625 0.05 0.01)
(2.075 0.05 0.01)
(2.0875 0.05 0.01)
(2.1 0.05 0.01)
(2.1125 0.05 0.01)
(2.125 0.05 0.01)
(2.1375 0.05 0.01)
(2.15 0.05 0.01)
(2.1625 0.05 0.01)
(2.175 0.05 0.01)
(2.1875 0.05 0.01)
(2.2 0.05 0.01)
(2.2125 0.05 0.01)
(2.225 0.05 0.01)
(2.2375 0.05 0.01)
(2.25 0.05 0.01)
(2.2625 0.05 0.01)
(2.275 0.05 0.01)
(2.2875 0.05 0.01)
(2.3 0.05 0.01)
(2.3125 0.05 0.01)
(2.325 0.05 0.01)
(2.3375 0.05 0.01)
(2.35 0.05 0.01)
(2.3625 0.05 0.01)
(2.375 0.05 0.01)
(2.3875 0.05 0.01)
(2.4 0.05 0.01)
(2.4125 0.05 0.01)
(2.425 0.05 0.01)
(2.4375 0.05 0.01)
(2.45 0.05 0.01)
(2.4625 0.05 0.01)
(2.475 0.05 0.01)
(2.4875 0.05 0.01)
(2.5 0.05 0.01)
(0.2625 0.06 0.01)
(0.275 0.06 0.01)
(0.2875 0.06 0.01)
(0.3 0.06 0.01)
(0.3125 0.06 0.01)
(0.325 0.06 0.01)
(0.3375 0.06 0.01)
(0.35 0.06 0.01)
(0.3625 0.06 0.01)
(0.375 0.06 0.01)
(0.3875 0.06 0.01)
(0.4 0.06 0.01)
(0.4125 0.06 0.01)
(0.425 0.06 0.01)
(0.4375 0.06 0.01)
(0.45 0.06 0.01)
(0.4625 0.06 0.01)
(0.475 0.06 0.01)
(0.4875 0.06 0.01)
(0.5 0.06 0.01)
(0.5125 0.06 0.01)
(0.525 0.06 0.01)
(0.5375 0.06 0.01)
(0.55 0.06 0.01)
(0.5625 0.06 0.01)
(0.575 0.06 0.01)
(0.5875 0.06 0.01)
(0.6 0.06 0.01)
(0.6125 0.06 0.01)
(0.625 0.06 0.01)
(0.6375 0.06 0.01)
(0.65 0.06 0.01)
(0.6625 0.06 0.01)
(0.675 0.06 0.01)
(0.6875 0.06 0.01)
(0.7 0.06 0.01)
(0.7125 0.06 0.01)
(0.725 0.06 0.01)
(0.7375 0.06 0.01)
(0.75 0.06 0.01)
(0.7625 0.06 0.01)
(0.775 0.06 0.01)
(0.7875 0.06 0.01)
(0.8 0.06 0.01)
(0.8125 0.06 0.01)
(0.825 0.06 0.01)
(0.8375 0.06 0.01)
(0.85 0.06 0.01)
(0.8625 0.06 0.01)
(0.875 0.06 0.01)
(0.8875 0.06 0.01)
(0.9 0.06 0.01)
(0.9125 0.06 0.01)
(0.925 0.06 0.01)
(0.9375 0.06 0.01)
(0.95 0.06 0.01)
(0.9625 0.06 0.01)
(0.975 0.06 0.01)
(0.9875 0.06 0.01)
(1 0.06 0.01)
(1.0125 0.06 0.01)
(1.025 0.06 0.01)
(1.0375 0.06 0.01)
(1.05 0.06 0.01)
(1.0625 0.06 0.01)
(1.075 0.06 0.01)
(1.0875 0.06 0.01)
(1.1 0.06 0.01)
(1.1125 0.06 0.01)
(1.125 0.06 0.01)
(1.1375 0.06 0.01)
(1.15 0.06 0.01)
(1.1625 0.06 0.01)
(1.175 0.06 0.01)
(1.1875 0.06 0.01)
(1.2 0.06 0.01)
(1.2125 0.06 0.01)
(1.225 0.06 0.01)
(1.2375 0.06 0.01)
(1.25 0.06 0.01)
(1.2625 0.06 0.01)
(1.275 0.06 0.01)
(1.2875 0.06 0.01)
(1.3 0.06 0.01)
(1.3125 0.06 0.01)
(1.325 0.06 0.01)
(1.3375 0.06 0.01)
(1.35 0.06 0.01)
(1.3625 0.06 0.01)
(1.375 0.06 0.01)
(1.3875 0.06 0.01)
(1.4 0.06 0.01)
(1.4125 0.06 0.01)
(1.425 0.06 0.01)
(1.4375 0.06 0.01)
(1.45 0.06 0.01)
(1.4625 0.06 0.01)
(1.475 0.06 0.01)
(1.4875 0.06 0.01)
(1.5 0.06 0.01)
(1.5125 0.06 0.01)
(1.525 0.06 0.01)
(1.5375 0.06 0.01)
(1.55 0.06 0.01)
(1.5625 0.06 0.01)
(1.575 0.06 0.01)
(1.5875 0.06 0.01)
(1.6 0.06 0.01)
(1.6125 0.06 0.01)
(1.625 0.06 0.01)
(1.6375 0.06 0.01)
(1.65 0.06 0.01)
(1.6625 0.06 0.01)
(1.675 0.06 0.01)
(1.6875 0.06 0.01)
(1.7 0.06 0.01)
(1.7125 0.06 0.01)
(1.725 0.06 0.01)
(1.7375 0.06 0.01)
(1.75 0.06 0.01)
(1.7625 0.06 0.01)
(1.775 0.06 0.01)
(1.7875 0.06 0.01)
(1.8 0.06 0.01)
(1.8125 0.06 0.01)
(1.825 0.06 0.01)
(1.8375 0.06 0.01)
(1.85 0.06 0.01)
(1.8625 0.06 0.01)
(1.875 0.06 0.01)
(1.8875 0.06 0.01)
(1.9 0.06 0.01)
(1.9125 0.06 0.01)
(1.925 0.06 0.01)
(1.9375 0.06 0.01)
(1.95 0.06 0.01)
(1.9625 0.06 0.01)
(1.975 0.06 0.01)
(1.9875 0.06 0.01)
(2 0.06 0.01)
(2.0125 0.06 0.01)
(2.025 0.06 0.01)
(2.0375 0.06 0.01)
(2.05 0.06 0.01)
(2.0625 0.06 0.01)
(2.075 0.06 0.01)
(2.0875 0.06 0.01)
(2.1 0.06 0.01)
(2.1125 0.06 0.01)
(2.125 0.06 0.01)
(2.1375 0.06 0.01)
(2.15 0.06 0.01)
(2.1625 0.06 0.01)
(2.175 0.06 0.01)
(2.1875 0.06 0.01)
(2.2 0.06 0.01)
(2.2125 0.06 0.01)
(2.225 0.06 0.01)
(2.2375 0.06 0.01)
(2.25 0.06 0.01)
(2.2625 0.06 0.01)
(2.275 0.06 0.01)
(2.2875 0.06 0.01)
(2.3 0.06 0.01)
(2.3125 0.06 0.01)
(2.325 0.06 0.01)
(2.3375 0.06 0.01)
(2.35 0.06 0.01)
(2.3625 0.06 0.01)
(2.375 0.06 0.01)
(2.3875 0.06 0.01)
(2.4 0.06 0.01)
(2.4125 0.06 0.01)
(2.425 0.06 0.01)
(2.4375 0.06 0.01)
(2.45 0.06 0.01)
(2.4625 0.06 0.01)
(2.475 0.06 0.01)
(2.4875 0.06 0.01)
(2.5 0.06 0.01)
(0.2625 0.07 0.01)
(0.275 0.07 0.01)
(0.2875 0.07 0.01)
(0.3 0.07 0.01)
(0.3125 0.07 0.01)
(0.325 0.07 0.01)
(0.3375 0.07 0.01)
(0.35 0.07 0.01)
(0.3625 0.07 0.01)
(0.375 0.07 0.01)
(0.3875 0.07 0.01)
(0.4 0.07 0.01)
(0.4125 0.07 0.01)
(0.425 0.07 0.01)
(0.4375 0.07 0.01)
(0.45 0.07 0.01)
(0.4625 0.07 0.01)
(0.475 0.07 0.01)
(0.4875 0.07 0.01)
(0.5 0.07 0.01)
(0.5125 0.07 0.01)
(0.525 0.07 0.01)
(0.5375 0.07 0.01)
(0.55 0.07 0.01)
(0.5625 0.07 0.01)
(0.575 0.07 0.01)
(0.5875 0.07 0.01)
(0.6 0.07 0.01)
(0.6125 0.07 0.01)
(0.625 0.07 0.01)
(0.6375 0.07 0.01)
(0.65 0.07 0.01)
(0.6625 0.07 0.01)
(0.675 0.07 0.01)
(0.6875 0.07 0.01)
(0.7 0.07 0.01)
(0.7125 0.07 0.01)
(0.725 0.07 0.01)
(0.7375 0.07 0.01)
(0.75 0.07 0.01)
(0.7625 0.07 0.01)
(0.775 0.07 0.01)
(0.7875 0.07 0.01)
(0.8 0.07 0.01)
(0.8125 0.07 0.01)
(0.825 0.07 0.01)
(0.8375 0.07 0.01)
(0.85 0.07 0.01)
(0.8625 0.07 0.01)
(0.875 0.07 0.01)
(0.8875 0.07 0.01)
(0.9 0.07 0.01)
(0.9125 0.07 0.01)
(0.925 0.07 0.01)
(0.9375 0.07 0.01)
(0.95 0.07 0.01)
(0.9625 0.07 0.01)
(0.975 0.07 0.01)
(0.9875 0.07 0.01)
(1 0.07 0.01)
(1.0125 0.07 0.01)
(1.025 0.07 0.01)
(1.0375 0.07 0.01)
(1.05 0.07 0.01)
(1.0625 0.07 0.01)
(1.075 0.07 0.01)
(1.0875 0.07 0.01)
(1.1 0.07 0.01)
(1.1125 0.07 0.01)
(1.125 0.07 0.01)
(1.1375 0.07 0.01)
(1.15 0.07 0.01)
(1.1625 0.07 0.01)
(1.175 0.07 0.01)
(1.1875 0.07 0.01)
(1.2 0.07 0.01)
(1.2125 0.07 0.01)
(1.225 0.07 0.01)
(1.2375 0.07 0.01)
(1.25 0.07 0.01)
(1.2625 0.07 0.01)
(1.275 0.07 0.01)
(1.2875 0.07 0.01)
(1.3 0.07 0.01)
(1.3125 0.07 0.01)
(1.325 0.07 0.01)
(1.3375 0.07 0.01)
(1.35 0.07 0.01)
(1.3625 0.07 0.01)
(1.375 0.07 0.01)
(1.3875 0.07 0.01)
(1.4 0.07 0.01)
(1.4125 0.07 0.01)
(1.425 0.07 0.01)
(1.4375 0.07 0.01)
(1.45 0.07 0.01)
(1.4625 0.07 0.01)
(1.475 0.07 0.01)
(1.4875 0.07 0.01)
(1.5 0.07 0.01)
(1.5125 0.07 0.01)
(1.525 0.07 0.01)
(1.5375 0.07 0.01)
(1.55 0.07 0.01)
(1.5625 0.07 0.01)
(1.575 0.07 0.01)
(1.5875 0.07 0.01)
(1.6 0.07 0.01)
(1.6125 0.07 0.01)
(1.625 0.07 0.01)
(1.6375 0.07 0.01)
(1.65 0.07 0.01)
(1.6625 0.07 0.01)
(1.675 0.07 0.01)
(1.6875 0.07 0.01)
(1.7 0.07 0.01)
(1.7125 0.07 0.01)
(1.725 0.07 0.01)
(1.7375 0.07 0.01)
(1.75 0.07 0.01)
(1.7625 0.07 0.01)
(1.775 0.07 0.01)
(1.7875 0.07 0.01)
(1.8 0.07 0.01)
(1.8125 0.07 0.01)
(1.825 0.07 0.01)
(1.8375 0.07 0.01)
(1.85 0.07 0.01)
(1.8625 0.07 0.01)
(1.875 0.07 0.01)
(1.8875 0.07 0.01)
(1.9 0.07 0.01)
(1.9125 0.07 0.01)
(1.925 0.07 0.01)
(1.9375 0.07 0.01)
(1.95 0.07 0.01)
(1.9625 0.07 0.01)
(1.975 0.07 0.01)
(1.9875 0.07 0.01)
(2 0.07 0.01)
(2.0125 0.07 0.01)
(2.025 0.07 0.01)
(2.0375 0.07 0.01)
(2.05 0.07 0.01)
(2.0625 0.07 0.01)
(2.075 0.07 0.01)
(2.0875 0.07 0.01)
(2.1 0.07 0.01)
(2.1125 0.07 0.01)
(2.125 0.07 0.01)
(2.1375 0.07 0.01)
(2.15 0.07 0.01)
(2.1625 0.07 0.01)
(2.175 0.07 0.01)
(2.1875 0.07 0.01)
(2.2 0.07 0.01)
(2.2125 0.07 0.01)
(2.225 0.07 0.01)
(2.2375 0.07 0.01)
(2.25 0.07 0.01)
(2.2625 0.07 0.01)
(2.275 0.07 0.01)
(2.2875 0.07 0.01)
(2.3 0.07 0.01)
(2.3125 0.07 0.01)
(2.325 0.07 0.01)
(2.3375 0.07 0.01)
(2.35 0.07 0.01)
(2.3625 0.07 0.01)
(2.375 0.07 0.01)
(2.3875 0.07 0.01)
(2.4 0.07 0.01)
(2.4125 0.07 0.01)
(2.425 0.07 0.01)
(2.4375 0.07 0.01)
(2.45 0.07 0.01)
(2.4625 0.07 0.01)
(2.475 0.07 0.01)
(2.4875 0.07 0.01)
(2.5 0.07 0.01)
(0.2625 0.08 0.01)
(0.275 0.08 0.01)
(0.2875 0.08 0.01)
(0.3 0.08 0.01)
(0.3125 0.08 0.01)
(0.325 0.08 0.01)
(0.3375 0.08 0.01)
(0.35 0.08 0.01)
(0.3625 0.08 0.01)
(0.375 0.08 0.01)
(0.3875 0.08 0.01)
(0.4 0.08 0.01)
(0.4125 0.08 0.01)
(0.425 0.08 0.01)
(0.4375 0.08 0.01)
(0.45 0.08 0.01)
(0.4625 0.08 0.01)
(0.475 0.08 0.01)
(0.4875 0.08 0.01)
(0.5 0.08 0.01)
(0.5125 0.08 0.01)
(0.525 0.08 0.01)
(0.5375 0.08 0.01)
(0.55 0.08 0.01)
(0.5625 0.08 0.01)
(0.575 0.08 0.01)
(0.5875 0.08 0.01)
(0.6 0.08 0.01)
(0.6125 0.08 0.01)
(0.625 0.08 0.01)
(0.6375 0.08 0.01)
(0.65 0.08 0.01)
(0.6625 0.08 0.01)
(0.675 0.08 0.01)
(0.6875 0.08 0.01)
(0.7 0.08 0.01)
(0.7125 0.08 0.01)
(0.725 0.08 0.01)
(0.7375 0.08 0.01)
(0.75 0.08 0.01)
(0.7625 0.08 0.01)
(0.775 0.08 0.01)
(0.7875 0.08 0.01)
(0.8 0.08 0.01)
(0.8125 0.08 0.01)
(0.825 0.08 0.01)
(0.8375 0.08 0.01)
(0.85 0.08 0.01)
(0.8625 0.08 0.01)
(0.875 0.08 0.01)
(0.8875 0.08 0.01)
(0.9 0.08 0.01)
(0.9125 0.08 0.01)
(0.925 0.08 0.01)
(0.9375 0.08 0.01)
(0.95 0.08 0.01)
(0.9625 0.08 0.01)
(0.975 0.08 0.01)
(0.9875 0.08 0.01)
(1 0.08 0.01)
(1.0125 0.08 0.01)
(1.025 0.08 0.01)
(1.0375 0.08 0.01)
(1.05 0.08 0.01)
(1.0625 0.08 0.01)
(1.075 0.08 0.01)
(1.0875 0.08 0.01)
(1.1 0.08 0.01)
(1.1125 0.08 0.01)
(1.125 0.08 0.01)
(1.1375 0.08 0.01)
(1.15 0.08 0.01)
(1.1625 0.08 0.01)
(1.175 0.08 0.01)
(1.1875 0.08 0.01)
(1.2 0.08 0.01)
(1.2125 0.08 0.01)
(1.225 0.08 0.01)
(1.2375 0.08 0.01)
(1.25 0.08 0.01)
(1.2625 0.08 0.01)
(1.275 0.08 0.01)
(1.2875 0.08 0.01)
(1.3 0.08 0.01)
(1.3125 0.08 0.01)
(1.325 0.08 0.01)
(1.3375 0.08 0.01)
(1.35 0.08 0.01)
(1.3625 0.08 0.01)
(1.375 0.08 0.01)
(1.3875 0.08 0.01)
(1.4 0.08 0.01)
(1.4125 0.08 0.01)
(1.425 0.08 0.01)
(1.4375 0.08 0.01)
(1.45 0.08 0.01)
(1.4625 0.08 0.01)
(1.475 0.08 0.01)
(1.4875 0.08 0.01)
(1.5 0.08 0.01)
(1.5125 0.08 0.01)
(1.525 0.08 0.01)
(1.5375 0.08 0.01)
(1.55 0.08 0.01)
(1.5625 0.08 0.01)
(1.575 0.08 0.01)
(1.5875 0.08 0.01)
(1.6 0.08 0.01)
(1.6125 0.08 0.01)
(1.625 0.08 0.01)
(1.6375 0.08 0.01)
(1.65 0.08 0.01)
(1.6625 0.08 0.01)
(1.675 0.08 0.01)
(1.6875 0.08 0.01)
(1.7 0.08 0.01)
(1.7125 0.08 0.01)
(1.725 0.08 0.01)
(1.7375 0.08 0.01)
(1.75 0.08 0.01)
(1.7625 0.08 0.01)
(1.775 0.08 0.01)
(1.7875 0.08 0.01)
(1.8 0.08 0.01)
(1.8125 0.08 0.01)
(1.825 0.08 0.01)
(1.8375 0.08 0.01)
(1.85 0.08 0.01)
(1.8625 0.08 0.01)
(1.875 0.08 0.01)
(1.8875 0.08 0.01)
(1.9 0.08 0.01)
(1.9125 0.08 0.01)
(1.925 0.08 0.01)
(1.9375 0.08 0.01)
(1.95 0.08 0.01)
(1.9625 0.08 0.01)
(1.975 0.08 0.01)
(1.9875 0.08 0.01)
(2 0.08 0.01)
(2.0125 0.08 0.01)
(2.025 0.08 0.01)
(2.0375 0.08 0.01)
(2.05 0.08 0.01)
(2.0625 0.08 0.01)
(2.075 0.08 0.01)
(2.0875 0.08 0.01)
(2.1 0.08 0.01)
(2.1125 0.08 0.01)
(2.125 0.08 0.01)
(2.1375 0.08 0.01)
(2.15 0.08 0.01)
(2.1625 0.08 0.01)
(2.175 0.08 0.01)
(2.1875 0.08 0.01)
(2.2 0.08 0.01)
(2.2125 0.08 0.01)
(2.225 0.08 0.01)
(2.2375 0.08 0.01)
(2.25 0.08 0.01)
(2.2625 0.08 0.01)
(2.275 0.08 0.01)
(2.2875 0.08 0.01)
(2.3 0.08 0.01)
(2.3125 0.08 0.01)
(2.325 0.08 0.01)
(2.3375 0.08 0.01)
(2.35 0.08 0.01)
(2.3625 0.08 0.01)
(2.375 0.08 0.01)
(2.3875 0.08 0.01)
(2.4 0.08 0.01)
(2.4125 0.08 0.01)
(2.425 0.08 0.01)
(2.4375 0.08 0.01)
(2.45 0.08 0.01)
(2.4625 0.08 0.01)
(2.475 0.08 0.01)
(2.4875 0.08 0.01)
(2.5 0.08 0.01)
(0.2625 0.09 0.01)
(0.275 0.09 0.01)
(0.2875 0.09 0.01)
(0.3 0.09 0.01)
(0.3125 0.09 0.01)
(0.325 0.09 0.01)
(0.3375 0.09 0.01)
(0.35 0.09 0.01)
(0.3625 0.09 0.01)
(0.375 0.09 0.01)
(0.3875 0.09 0.01)
(0.4 0.09 0.01)
(0.4125 0.09 0.01)
(0.425 0.09 0.01)
(0.4375 0.09 0.01)
(0.45 0.09 0.01)
(0.4625 0.09 0.01)
(0.475 0.09 0.01)
(0.4875 0.09 0.01)
(0.5 0.09 0.01)
(0.5125 0.09 0.01)
(0.525 0.09 0.01)
(0.5375 0.09 0.01)
(0.55 0.09 0.01)
(0.5625 0.09 0.01)
(0.575 0.09 0.01)
(0.5875 0.09 0.01)
(0.6 0.09 0.01)
(0.6125 0.09 0.01)
(0.625 0.09 0.01)
(0.6375 0.09 0.01)
(0.65 0.09 0.01)
(0.6625 0.09 0.01)
(0.675 0.09 0.01)
(0.6875 0.09 0.01)
(0.7 0.09 0.01)
(0.7125 0.09 0.01)
(0.725 0.09 0.01)
(0.7375 0.09 0.01)
(0.75 0.09 0.01)
(0.7625 0.09 0.01)
(0.775 0.09 0.01)
(0.7875 0.09 0.01)
(0.8 0.09 0.01)
(0.8125 0.09 0.01)
(0.825 0.09 0.01)
(0.8375 0.09 0.01)
(0.85 0.09 0.01)
(0.8625 0.09 0.01)
(0.875 0.09 0.01)
(0.8875 0.09 0.01)
(0.9 0.09 0.01)
(0.9125 0.09 0.01)
(0.925 0.09 0.01)
(0.9375 0.09 0.01)
(0.95 0.09 0.01)
(0.9625 0.09 0.01)
(0.975 0.09 0.01)
(0.9875 0.09 0.01)
(1 0.09 0.01)
(1.0125 0.09 0.01)
(1.025 0.09 0.01)
(1.0375 0.09 0.01)
(1.05 0.09 0.01)
(1.0625 0.09 0.01)
(1.075 0.09 0.01)
(1.0875 0.09 0.01)
(1.1 0.09 0.01)
(1.1125 0.09 0.01)
(1.125 0.09 0.01)
(1.1375 0.09 0.01)
(1.15 0.09 0.01)
(1.1625 0.09 0.01)
(1.175 0.09 0.01)
(1.1875 0.09 0.01)
(1.2 0.09 0.01)
(1.2125 0.09 0.01)
(1.225 0.09 0.01)
(1.2375 0.09 0.01)
(1.25 0.09 0.01)
(1.2625 0.09 0.01)
(1.275 0.09 0.01)
(1.2875 0.09 0.01)
(1.3 0.09 0.01)
(1.3125 0.09 0.01)
(1.325 0.09 0.01)
(1.3375 0.09 0.01)
(1.35 0.09 0.01)
(1.3625 0.09 0.01)
(1.375 0.09 0.01)
(1.3875 0.09 0.01)
(1.4 0.09 0.01)
(1.4125 0.09 0.01)
(1.425 0.09 0.01)
(1.4375 0.09 0.01)
(1.45 0.09 0.01)
(1.4625 0.09 0.01)
(1.475 0.09 0.01)
(1.4875 0.09 0.01)
(1.5 0.09 0.01)
(1.5125 0.09 0.01)
(1.525 0.09 0.01)
(1.5375 0.09 0.01)
(1.55 0.09 0.01)
(1.5625 0.09 0.01)
(1.575 0.09 0.01)
(1.5875 0.09 0.01)
(1.6 0.09 0.01)
(1.6125 0.09 0.01)
(1.625 0.09 0.01)
(1.6375 0.09 0.01)
(1.65 0.09 0.01)
(1.6625 0.09 0.01)
(1.675 0.09 0.01)
(1.6875 0.09 0.01)
(1.7 0.09 0.01)
(1.7125 0.09 0.01)
(1.725 0.09 0.01)
(1.7375 0.09 0.01)
(1.75 0.09 0.01)
(1.7625 0.09 0.01)
(1.775 0.09 0.01)
(1.7875 0.09 0.01)
(1.8 0.09 0.01)
(1.8125 0.09 0.01)
(1.825 0.09 0.01)
(1.8375 0.09 0.01)
(1.85 0.09 0.01)
(1.8625 0.09 0.01)
(1.875 0.09 0.01)
(1.8875 0.09 0.01)
(1.9 0.09 0.01)
(1.9125 0.09 0.01)
(1.925 0.09 0.01)
(1.9375 0.09 0.01)
(1.95 0.09 0.01)
(1.9625 0.09 0.01)
(1.975 0.09 0.01)
(1.9875 0.09 0.01)
(2 0.09 0.01)
(2.0125 0.09 0.01)
(2.025 0.09 0.01)
(2.0375 0.09 0.01)
(2.05 0.09 0.01)
(2.0625 0.09 0.01)
(2.075 0.09 0.01)
(2.0875 0.09 0.01)
(2.1 0.09 0.01)
(2.1125 0.09 0.01)
(2.125 0.09 0.01)
(2.1375 0.09 0.01)
(2.15 0.09 0.01)
(2.1625 0.09 0.01)
(2.175 0.09 0.01)
(2.1875 0.09 0.01)
(2.2 0.09 0.01)
(2.2125 0.09 0.01)
(2.225 0.09 0.01)
(2.2375 0.09 0.01)
(2.25 0.09 0.01)
(2.2625 0.09 0.01)
(2.275 0.09 0.01)
(2.2875 0.09 0.01)
(2.3 0.09 0.01)
(2.3125 0.09 0.01)
(2.325 0.09 0.01)
(2.3375 0.09 0.01)
(2.35 0.09 0.01)
(2.3625 0.09 0.01)
(2.375 0.09 0.01)
(2.3875 0.09 0.01)
(2.4 0.09 0.01)
(2.4125 0.09 0.01)
(2.425 0.09 0.01)
(2.4375 0.09 0.01)
(2.45 0.09 0.01)
(2.4625 0.09 0.01)
(2.475 0.09 0.01)
(2.4875 0.09 0.01)
(2.5 0.09 0.01)
(0.2625 0.1 0.01)
(0.275 0.1 0.01)
(0.2875 0.1 0.01)
(0.3 0.1 0.01)
(0.3125 0.1 0.01)
(0.325 0.1 0.01)
(0.3375 0.1 0.01)
(0.35 0.1 0.01)
(0.3625 0.1 0.01)
(0.375 0.1 0.01)
(0.3875 0.1 0.01)
(0.4 0.1 0.01)
(0.4125 0.1 0.01)
(0.425 0.1 0.01)
(0.4375 0.1 0.01)
(0.45 0.1 0.01)
(0.4625 0.1 0.01)
(0.475 0.1 0.01)
(0.4875 0.1 0.01)
(0.5 0.1 0.01)
(0.5125 0.1 0.01)
(0.525 0.1 0.01)
(0.5375 0.1 0.01)
(0.55 0.1 0.01)
(0.5625 0.1 0.01)
(0.575 0.1 0.01)
(0.5875 0.1 0.01)
(0.6 0.1 0.01)
(0.6125 0.1 0.01)
(0.625 0.1 0.01)
(0.6375 0.1 0.01)
(0.65 0.1 0.01)
(0.6625 0.1 0.01)
(0.675 0.1 0.01)
(0.6875 0.1 0.01)
(0.7 0.1 0.01)
(0.7125 0.1 0.01)
(0.725 0.1 0.01)
(0.7375 0.1 0.01)
(0.75 0.1 0.01)
(0.7625 0.1 0.01)
(0.775 0.1 0.01)
(0.7875 0.1 0.01)
(0.8 0.1 0.01)
(0.8125 0.1 0.01)
(0.825 0.1 0.01)
(0.8375 0.1 0.01)
(0.85 0.1 0.01)
(0.8625 0.1 0.01)
(0.875 0.1 0.01)
(0.8875 0.1 0.01)
(0.9 0.1 0.01)
(0.9125 0.1 0.01)
(0.925 0.1 0.01)
(0.9375 0.1 0.01)
(0.95 0.1 0.01)
(0.9625 0.1 0.01)
(0.975 0.1 0.01)
(0.9875 0.1 0.01)
(1 0.1 0.01)
(1.0125 0.1 0.01)
(1.025 0.1 0.01)
(1.0375 0.1 0.01)
(1.05 0.1 0.01)
(1.0625 0.1 0.01)
(1.075 0.1 0.01)
(1.0875 0.1 0.01)
(1.1 0.1 0.01)
(1.1125 0.1 0.01)
(1.125 0.1 0.01)
(1.1375 0.1 0.01)
(1.15 0.1 0.01)
(1.1625 0.1 0.01)
(1.175 0.1 0.01)
(1.1875 0.1 0.01)
(1.2 0.1 0.01)
(1.2125 0.1 0.01)
(1.225 0.1 0.01)
(1.2375 0.1 0.01)
(1.25 0.1 0.01)
(1.2625 0.1 0.01)
(1.275 0.1 0.01)
(1.2875 0.1 0.01)
(1.3 0.1 0.01)
(1.3125 0.1 0.01)
(1.325 0.1 0.01)
(1.3375 0.1 0.01)
(1.35 0.1 0.01)
(1.3625 0.1 0.01)
(1.375 0.1 0.01)
(1.3875 0.1 0.01)
(1.4 0.1 0.01)
(1.4125 0.1 0.01)
(1.425 0.1 0.01)
(1.4375 0.1 0.01)
(1.45 0.1 0.01)
(1.4625 0.1 0.01)
(1.475 0.1 0.01)
(1.4875 0.1 0.01)
(1.5 0.1 0.01)
(1.5125 0.1 0.01)
(1.525 0.1 0.01)
(1.5375 0.1 0.01)
(1.55 0.1 0.01)
(1.5625 0.1 0.01)
(1.575 0.1 0.01)
(1.5875 0.1 0.01)
(1.6 0.1 0.01)
(1.6125 0.1 0.01)
(1.625 0.1 0.01)
(1.6375 0.1 0.01)
(1.65 0.1 0.01)
(1.6625 0.1 0.01)
(1.675 0.1 0.01)
(1.6875 0.1 0.01)
(1.7 0.1 0.01)
(1.7125 0.1 0.01)
(1.725 0.1 0.01)
(1.7375 0.1 0.01)
(1.75 0.1 0.01)
(1.7625 0.1 0.01)
(1.775 0.1 0.01)
(1.7875 0.1 0.01)
(1.8 0.1 0.01)
(1.8125 0.1 0.01)
(1.825 0.1 0.01)
(1.8375 0.1 0.01)
(1.85 0.1 0.01)
(1.8625 0.1 0.01)
(1.875 0.1 0.01)
(1.8875 0.1 0.01)
(1.9 0.1 0.01)
(1.9125 0.1 0.01)
(1.925 0.1 0.01)
(1.9375 0.1 0.01)
(1.95 0.1 0.01)
(1.9625 0.1 0.01)
(1.975 0.1 0.01)
(1.9875 0.1 0.01)
(2 0.1 0.01)
(2.0125 0.1 0.01)
(2.025 0.1 0.01)
(2.0375 0.1 0.01)
(2.05 0.1 0.01)
(2.0625 0.1 0.01)
(2.075 0.1 0.01)
(2.0875 0.1 0.01)
(2.1 0.1 0.01)
(2.1125 0.1 0.01)
(2.125 0.1 0.01)
(2.1375 0.1 0.01)
(2.15 0.1 0.01)
(2.1625 0.1 0.01)
(2.175 0.1 0.01)
(2.1875 0.1 0.01)
(2.2 0.1 0.01)
(2.2125 0.1 0.01)
(2.225 0.1 0.01)
(2.2375 0.1 0.01)
(2.25 0.1 0.01)
(2.2625 0.1 0.01)
(2.275 0.1 0.01)
(2.2875 0.1 0.01)
(2.3 0.1 0.01)
(2.3125 0.1 0.01)
(2.325 0.1 0.01)
(2.3375 0.1 0.01)
(2.35 0.1 0.01)
(2.3625 0.1 0.01)
(2.375 0.1 0.01)
(2.3875 0.1 0.01)
(2.4 0.1 0.01)
(2.4125 0.1 0.01)
(2.425 0.1 0.01)
(2.4375 0.1 0.01)
(2.45 0.1 0.01)
(2.4625 0.1 0.01)
(2.475 0.1 0.01)
(2.4875 0.1 0.01)
(2.5 0.1 0.01)
(0.2625 0.11 0.01)
(0.275 0.11 0.01)
(0.2875 0.11 0.01)
(0.3 0.11 0.01)
(0.3125 0.11 0.01)
(0.325 0.11 0.01)
(0.3375 0.11 0.01)
(0.35 0.11 0.01)
(0.3625 0.11 0.01)
(0.375 0.11 0.01)
(0.3875 0.11 0.01)
(0.4 0.11 0.01)
(0.4125 0.11 0.01)
(0.425 0.11 0.01)
(0.4375 0.11 0.01)
(0.45 0.11 0.01)
(0.4625 0.11 0.01)
(0.475 0.11 0.01)
(0.4875 0.11 0.01)
(0.5 0.11 0.01)
(0.5125 0.11 0.01)
(0.525 0.11 0.01)
(0.5375 0.11 0.01)
(0.55 0.11 0.01)
(0.5625 0.11 0.01)
(0.575 0.11 0.01)
(0.5875 0.11 0.01)
(0.6 0.11 0.01)
(0.6125 0.11 0.01)
(0.625 0.11 0.01)
(0.6375 0.11 0.01)
(0.65 0.11 0.01)
(0.6625 0.11 0.01)
(0.675 0.11 0.01)
(0.6875 0.11 0.01)
(0.7 0.11 0.01)
(0.7125 0.11 0.01)
(0.725 0.11 0.01)
(0.7375 0.11 0.01)
(0.75 0.11 0.01)
(0.7625 0.11 0.01)
(0.775 0.11 0.01)
(0.7875 0.11 0.01)
(0.8 0.11 0.01)
(0.8125 0.11 0.01)
(0.825 0.11 0.01)
(0.8375 0.11 0.01)
(0.85 0.11 0.01)
(0.8625 0.11 0.01)
(0.875 0.11 0.01)
(0.8875 0.11 0.01)
(0.9 0.11 0.01)
(0.9125 0.11 0.01)
(0.925 0.11 0.01)
(0.9375 0.11 0.01)
(0.95 0.11 0.01)
(0.9625 0.11 0.01)
(0.975 0.11 0.01)
(0.9875 0.11 0.01)
(1 0.11 0.01)
(1.0125 0.11 0.01)
(1.025 0.11 0.01)
(1.0375 0.11 0.01)
(1.05 0.11 0.01)
(1.0625 0.11 0.01)
(1.075 0.11 0.01)
(1.0875 0.11 0.01)
(1.1 0.11 0.01)
(1.1125 0.11 0.01)
(1.125 0.11 0.01)
(1.1375 0.11 0.01)
(1.15 0.11 0.01)
(1.1625 0.11 0.01)
(1.175 0.11 0.01)
(1.1875 0.11 0.01)
(1.2 0.11 0.01)
(1.2125 0.11 0.01)
(1.225 0.11 0.01)
(1.2375 0.11 0.01)
(1.25 0.11 0.01)
(1.2625 0.11 0.01)
(1.275 0.11 0.01)
(1.2875 0.11 0.01)
(1.3 0.11 0.01)
(1.3125 0.11 0.01)
(1.325 0.11 0.01)
(1.3375 0.11 0.01)
(1.35 0.11 0.01)
(1.3625 0.11 0.01)
(1.375 0.11 0.01)
(1.3875 0.11 0.01)
(1.4 0.11 0.01)
(1.4125 0.11 0.01)
(1.425 0.11 0.01)
(1.4375 0.11 0.01)
(1.45 0.11 0.01)
(1.4625 0.11 0.01)
(1.475 0.11 0.01)
(1.4875 0.11 0.01)
(1.5 0.11 0.01)
(1.5125 0.11 0.01)
(1.525 0.11 0.01)
(1.5375 0.11 0.01)
(1.55 0.11 0.01)
(1.5625 0.11 0.01)
(1.575 0.11 0.01)
(1.5875 0.11 0.01)
(1.6 0.11 0.01)
(1.6125 0.11 0.01)
(1.625 0.11 0.01)
(1.6375 0.11 0.01)
(1.65 0.11 0.01)
(1.6625 0.11 0.01)
(1.675 0.11 0.01)
(1.6875 0.11 0.01)
(1.7 0.11 0.01)
(1.7125 0.11 0.01)
(1.725 0.11 0.01)
(1.7375 0.11 0.01)
(1.75 0.11 0.01)
(1.7625 0.11 0.01)
(1.775 0.11 0.01)
(1.7875 0.11 0.01)
(1.8 0.11 0.01)
(1.8125 0.11 0.01)
(1.825 0.11 0.01)
(1.8375 0.11 0.01)
(1.85 0.11 0.01)
(1.8625 0.11 0.01)
(1.875 0.11 0.01)
(1.8875 0.11 0.01)
(1.9 0.11 0.01)
(1.9125 0.11 0.01)
(1.925 0.11 0.01)
(1.9375 0.11 0.01)
(1.95 0.11 0.01)
(1.9625 0.11 0.01)
(1.975 0.11 0.01)
(1.9875 0.11 0.01)
(2 0.11 0.01)
(2.0125 0.11 0.01)
(2.025 0.11 0.01)
(2.0375 0.11 0.01)
(2.05 0.11 0.01)
(2.0625 0.11 0.01)
(2.075 0.11 0.01)
(2.0875 0.11 0.01)
(2.1 0.11 0.01)
(2.1125 0.11 0.01)
(2.125 0.11 0.01)
(2.1375 0.11 0.01)
(2.15 0.11 0.01)
(2.1625 0.11 0.01)
(2.175 0.11 0.01)
(2.1875 0.11 0.01)
(2.2 0.11 0.01)
(2.2125 0.11 0.01)
(2.225 0.11 0.01)
(2.2375 0.11 0.01)
(2.25 0.11 0.01)
(2.2625 0.11 0.01)
(2.275 0.11 0.01)
(2.2875 0.11 0.01)
(2.3 0.11 0.01)
(2.3125 0.11 0.01)
(2.325 0.11 0.01)
(2.3375 0.11 0.01)
(2.35 0.11 0.01)
(2.3625 0.11 0.01)
(2.375 0.11 0.01)
(2.3875 0.11 0.01)
(2.4 0.11 0.01)
(2.4125 0.11 0.01)
(2.425 0.11 0.01)
(2.4375 0.11 0.01)
(2.45 0.11 0.01)
(2.4625 0.11 0.01)
(2.475 0.11 0.01)
(2.4875 0.11 0.01)
(2.5 0.11 0.01)
(0.2625 0.12 0.01)
(0.275 0.12 0.01)
(0.2875 0.12 0.01)
(0.3 0.12 0.01)
(0.3125 0.12 0.01)
(0.325 0.12 0.01)
(0.3375 0.12 0.01)
(0.35 0.12 0.01)
(0.3625 0.12 0.01)
(0.375 0.12 0.01)
(0.3875 0.12 0.01)
(0.4 0.12 0.01)
(0.4125 0.12 0.01)
(0.425 0.12 0.01)
(0.4375 0.12 0.01)
(0.45 0.12 0.01)
(0.4625 0.12 0.01)
(0.475 0.12 0.01)
(0.4875 0.12 0.01)
(0.5 0.12 0.01)
(0.5125 0.12 0.01)
(0.525 0.12 0.01)
(0.5375 0.12 0.01)
(0.55 0.12 0.01)
(0.5625 0.12 0.01)
(0.575 0.12 0.01)
(0.5875 0.12 0.01)
(0.6 0.12 0.01)
(0.6125 0.12 0.01)
(0.625 0.12 0.01)
(0.6375 0.12 0.01)
(0.65 0.12 0.01)
(0.6625 0.12 0.01)
(0.675 0.12 0.01)
(0.6875 0.12 0.01)
(0.7 0.12 0.01)
(0.7125 0.12 0.01)
(0.725 0.12 0.01)
(0.7375 0.12 0.01)
(0.75 0.12 0.01)
(0.7625 0.12 0.01)
(0.775 0.12 0.01)
(0.7875 0.12 0.01)
(0.8 0.12 0.01)
(0.8125 0.12 0.01)
(0.825 0.12 0.01)
(0.8375 0.12 0.01)
(0.85 0.12 0.01)
(0.8625 0.12 0.01)
(0.875 0.12 0.01)
(0.8875 0.12 0.01)
(0.9 0.12 0.01)
(0.9125 0.12 0.01)
(0.925 0.12 0.01)
(0.9375 0.12 0.01)
(0.95 0.12 0.01)
(0.9625 0.12 0.01)
(0.975 0.12 0.01)
(0.9875 0.12 0.01)
(1 0.12 0.01)
(1.0125 0.12 0.01)
(1.025 0.12 0.01)
(1.0375 0.12 0.01)
(1.05 0.12 0.01)
(1.0625 0.12 0.01)
(1.075 0.12 0.01)
(1.0875 0.12 0.01)
(1.1 0.12 0.01)
(1.1125 0.12 0.01)
(1.125 0.12 0.01)
(1.1375 0.12 0.01)
(1.15 0.12 0.01)
(1.1625 0.12 0.01)
(1.175 0.12 0.01)
(1.1875 0.12 0.01)
(1.2 0.12 0.01)
(1.2125 0.12 0.01)
(1.225 0.12 0.01)
(1.2375 0.12 0.01)
(1.25 0.12 0.01)
(1.2625 0.12 0.01)
(1.275 0.12 0.01)
(1.2875 0.12 0.01)
(1.3 0.12 0.01)
(1.3125 0.12 0.01)
(1.325 0.12 0.01)
(1.3375 0.12 0.01)
(1.35 0.12 0.01)
(1.3625 0.12 0.01)
(1.375 0.12 0.01)
(1.3875 0.12 0.01)
(1.4 0.12 0.01)
(1.4125 0.12 0.01)
(1.425 0.12 0.01)
(1.4375 0.12 0.01)
(1.45 0.12 0.01)
(1.4625 0.12 0.01)
(1.475 0.12 0.01)
(1.4875 0.12 0.01)
(1.5 0.12 0.01)
(1.5125 0.12 0.01)
(1.525 0.12 0.01)
(1.5375 0.12 0.01)
(1.55 0.12 0.01)
(1.5625 0.12 0.01)
(1.575 0.12 0.01)
(1.5875 0.12 0.01)
(1.6 0.12 0.01)
(1.6125 0.12 0.01)
(1.625 0.12 0.01)
(1.6375 0.12 0.01)
(1.65 0.12 0.01)
(1.6625 0.12 0.01)
(1.675 0.12 0.01)
(1.6875 0.12 0.01)
(1.7 0.12 0.01)
(1.7125 0.12 0.01)
(1.725 0.12 0.01)
(1.7375 0.12 0.01)
(1.75 0.12 0.01)
(1.7625 0.12 0.01)
(1.775 0.12 0.01)
(1.7875 0.12 0.01)
(1.8 0.12 0.01)
(1.8125 0.12 0.01)
(1.825 0.12 0.01)
(1.8375 0.12 0.01)
(1.85 0.12 0.01)
(1.8625 0.12 0.01)
(1.875 0.12 0.01)
(1.8875 0.12 0.01)
(1.9 0.12 0.01)
(1.9125 0.12 0.01)
(1.925 0.12 0.01)
(1.9375 0.12 0.01)
(1.95 0.12 0.01)
(1.9625 0.12 0.01)
(1.975 0.12 0.01)
(1.9875 0.12 0.01)
(2 0.12 0.01)
(2.0125 0.12 0.01)
(2.025 0.12 0.01)
(2.0375 0.12 0.01)
(2.05 0.12 0.01)
(2.0625 0.12 0.01)
(2.075 0.12 0.01)
(2.0875 0.12 0.01)
(2.1 0.12 0.01)
(2.1125 0.12 0.01)
(2.125 0.12 0.01)
(2.1375 0.12 0.01)
(2.15 0.12 0.01)
(2.1625 0.12 0.01)
(2.175 0.12 0.01)
(2.1875 0.12 0.01)
(2.2 0.12 0.01)
(2.2125 0.12 0.01)
(2.225 0.12 0.01)
(2.2375 0.12 0.01)
(2.25 0.12 0.01)
(2.2625 0.12 0.01)
(2.275 0.12 0.01)
(2.2875 0.12 0.01)
(2.3 0.12 0.01)
(2.3125 0.12 0.01)
(2.325 0.12 0.01)
(2.3375 0.12 0.01)
(2.35 0.12 0.01)
(2.3625 0.12 0.01)
(2.375 0.12 0.01)
(2.3875 0.12 0.01)
(2.4 0.12 0.01)
(2.4125 0.12 0.01)
(2.425 0.12 0.01)
(2.4375 0.12 0.01)
(2.45 0.12 0.01)
(2.4625 0.12 0.01)
(2.475 0.12 0.01)
(2.4875 0.12 0.01)
(2.5 0.12 0.01)
(0.2625 0.13 0.01)
(0.275 0.13 0.01)
(0.2875 0.13 0.01)
(0.3 0.13 0.01)
(0.3125 0.13 0.01)
(0.325 0.13 0.01)
(0.3375 0.13 0.01)
(0.35 0.13 0.01)
(0.3625 0.13 0.01)
(0.375 0.13 0.01)
(0.3875 0.13 0.01)
(0.4 0.13 0.01)
(0.4125 0.13 0.01)
(0.425 0.13 0.01)
(0.4375 0.13 0.01)
(0.45 0.13 0.01)
(0.4625 0.13 0.01)
(0.475 0.13 0.01)
(0.4875 0.13 0.01)
(0.5 0.13 0.01)
(0.5125 0.13 0.01)
(0.525 0.13 0.01)
(0.5375 0.13 0.01)
(0.55 0.13 0.01)
(0.5625 0.13 0.01)
(0.575 0.13 0.01)
(0.5875 0.13 0.01)
(0.6 0.13 0.01)
(0.6125 0.13 0.01)
(0.625 0.13 0.01)
(0.6375 0.13 0.01)
(0.65 0.13 0.01)
(0.6625 0.13 0.01)
(0.675 0.13 0.01)
(0.6875 0.13 0.01)
(0.7 0.13 0.01)
(0.7125 0.13 0.01)
(0.725 0.13 0.01)
(0.7375 0.13 0.01)
(0.75 0.13 0.01)
(0.7625 0.13 0.01)
(0.775 0.13 0.01)
(0.7875 0.13 0.01)
(0.8 0.13 0.01)
(0.8125 0.13 0.01)
(0.825 0.13 0.01)
(0.8375 0.13 0.01)
(0.85 0.13 0.01)
(0.8625 0.13 0.01)
(0.875 0.13 0.01)
(0.8875 0.13 0.01)
(0.9 0.13 0.01)
(0.9125 0.13 0.01)
(0.925 0.13 0.01)
(0.9375 0.13 0.01)
(0.95 0.13 0.01)
(0.9625 0.13 0.01)
(0.975 0.13 0.01)
(0.9875 0.13 0.01)
(1 0.13 0.01)
(1.0125 0.13 0.01)
(1.025 0.13 0.01)
(1.0375 0.13 0.01)
(1.05 0.13 0.01)
(1.0625 0.13 0.01)
(1.075 0.13 0.01)
(1.0875 0.13 0.01)
(1.1 0.13 0.01)
(1.1125 0.13 0.01)
(1.125 0.13 0.01)
(1.1375 0.13 0.01)
(1.15 0.13 0.01)
(1.1625 0.13 0.01)
(1.175 0.13 0.01)
(1.1875 0.13 0.01)
(1.2 0.13 0.01)
(1.2125 0.13 0.01)
(1.225 0.13 0.01)
(1.2375 0.13 0.01)
(1.25 0.13 0.01)
(1.2625 0.13 0.01)
(1.275 0.13 0.01)
(1.2875 0.13 0.01)
(1.3 0.13 0.01)
(1.3125 0.13 0.01)
(1.325 0.13 0.01)
(1.3375 0.13 0.01)
(1.35 0.13 0.01)
(1.3625 0.13 0.01)
(1.375 0.13 0.01)
(1.3875 0.13 0.01)
(1.4 0.13 0.01)
(1.4125 0.13 0.01)
(1.425 0.13 0.01)
(1.4375 0.13 0.01)
(1.45 0.13 0.01)
(1.4625 0.13 0.01)
(1.475 0.13 0.01)
(1.4875 0.13 0.01)
(1.5 0.13 0.01)
(1.5125 0.13 0.01)
(1.525 0.13 0.01)
(1.5375 0.13 0.01)
(1.55 0.13 0.01)
(1.5625 0.13 0.01)
(1.575 0.13 0.01)
(1.5875 0.13 0.01)
(1.6 0.13 0.01)
(1.6125 0.13 0.01)
(1.625 0.13 0.01)
(1.6375 0.13 0.01)
(1.65 0.13 0.01)
(1.6625 0.13 0.01)
(1.675 0.13 0.01)
(1.6875 0.13 0.01)
(1.7 0.13 0.01)
(1.7125 0.13 0.01)
(1.725 0.13 0.01)
(1.7375 0.13 0.01)
(1.75 0.13 0.01)
(1.7625 0.13 0.01)
(1.775 0.13 0.01)
(1.7875 0.13 0.01)
(1.8 0.13 0.01)
(1.8125 0.13 0.01)
(1.825 0.13 0.01)
(1.8375 0.13 0.01)
(1.85 0.13 0.01)
(1.8625 0.13 0.01)
(1.875 0.13 0.01)
(1.8875 0.13 0.01)
(1.9 0.13 0.01)
(1.9125 0.13 0.01)
(1.925 0.13 0.01)
(1.9375 0.13 0.01)
(1.95 0.13 0.01)
(1.9625 0.13 0.01)
(1.975 0.13 0.01)
(1.9875 0.13 0.01)
(2 0.13 0.01)
(2.0125 0.13 0.01)
(2.025 0.13 0.01)
(2.0375 0.13 0.01)
(2.05 0.13 0.01)
(2.0625 0.13 0.01)
(2.075 0.13 0.01)
(2.0875 0.13 0.01)
(2.1 0.13 0.01)
(2.1125 0.13 0.01)
(2.125 0.13 0.01)
(2.1375 0.13 0.01)
(2.15 0.13 0.01)
(2.1625 0.13 0.01)
(2.175 0.13 0.01)
(2.1875 0.13 0.01)
(2.2 0.13 0.01)
(2.2125 0.13 0.01)
(2.225 0.13 0.01)
(2.2375 0.13 0.01)
(2.25 0.13 0.01)
(2.2625 0.13 0.01)
(2.275 0.13 0.01)
(2.2875 0.13 0.01)
(2.3 0.13 0.01)
(2.3125 0.13 0.01)
(2.325 0.13 0.01)
(2.3375 0.13 0.01)
(2.35 0.13 0.01)
(2.3625 0.13 0.01)
(2.375 0.13 0.01)
(2.3875 0.13 0.01)
(2.4 0.13 0.01)
(2.4125 0.13 0.01)
(2.425 0.13 0.01)
(2.4375 0.13 0.01)
(2.45 0.13 0.01)
(2.4625 0.13 0.01)
(2.475 0.13 0.01)
(2.4875 0.13 0.01)
(2.5 0.13 0.01)
(0.2625 0.14 0.01)
(0.275 0.14 0.01)
(0.2875 0.14 0.01)
(0.3 0.14 0.01)
(0.3125 0.14 0.01)
(0.325 0.14 0.01)
(0.3375 0.14 0.01)
(0.35 0.14 0.01)
(0.3625 0.14 0.01)
(0.375 0.14 0.01)
(0.3875 0.14 0.01)
(0.4 0.14 0.01)
(0.4125 0.14 0.01)
(0.425 0.14 0.01)
(0.4375 0.14 0.01)
(0.45 0.14 0.01)
(0.4625 0.14 0.01)
(0.475 0.14 0.01)
(0.4875 0.14 0.01)
(0.5 0.14 0.01)
(0.5125 0.14 0.01)
(0.525 0.14 0.01)
(0.5375 0.14 0.01)
(0.55 0.14 0.01)
(0.5625 0.14 0.01)
(0.575 0.14 0.01)
(0.5875 0.14 0.01)
(0.6 0.14 0.01)
(0.6125 0.14 0.01)
(0.625 0.14 0.01)
(0.6375 0.14 0.01)
(0.65 0.14 0.01)
(0.6625 0.14 0.01)
(0.675 0.14 0.01)
(0.6875 0.14 0.01)
(0.7 0.14 0.01)
(0.7125 0.14 0.01)
(0.725 0.14 0.01)
(0.7375 0.14 0.01)
(0.75 0.14 0.01)
(0.7625 0.14 0.01)
(0.775 0.14 0.01)
(0.7875 0.14 0.01)
(0.8 0.14 0.01)
(0.8125 0.14 0.01)
(0.825 0.14 0.01)
(0.8375 0.14 0.01)
(0.85 0.14 0.01)
(0.8625 0.14 0.01)
(0.875 0.14 0.01)
(0.8875 0.14 0.01)
(0.9 0.14 0.01)
(0.9125 0.14 0.01)
(0.925 0.14 0.01)
(0.9375 0.14 0.01)
(0.95 0.14 0.01)
(0.9625 0.14 0.01)
(0.975 0.14 0.01)
(0.9875 0.14 0.01)
(1 0.14 0.01)
(1.0125 0.14 0.01)
(1.025 0.14 0.01)
(1.0375 0.14 0.01)
(1.05 0.14 0.01)
(1.0625 0.14 0.01)
(1.075 0.14 0.01)
(1.0875 0.14 0.01)
(1.1 0.14 0.01)
(1.1125 0.14 0.01)
(1.125 0.14 0.01)
(1.1375 0.14 0.01)
(1.15 0.14 0.01)
(1.1625 0.14 0.01)
(1.175 0.14 0.01)
(1.1875 0.14 0.01)
(1.2 0.14 0.01)
(1.2125 0.14 0.01)
(1.225 0.14 0.01)
(1.2375 0.14 0.01)
(1.25 0.14 0.01)
(1.2625 0.14 0.01)
(1.275 0.14 0.01)
(1.2875 0.14 0.01)
(1.3 0.14 0.01)
(1.3125 0.14 0.01)
(1.325 0.14 0.01)
(1.3375 0.14 0.01)
(1.35 0.14 0.01)
(1.3625 0.14 0.01)
(1.375 0.14 0.01)
(1.3875 0.14 0.01)
(1.4 0.14 0.01)
(1.4125 0.14 0.01)
(1.425 0.14 0.01)
(1.4375 0.14 0.01)
(1.45 0.14 0.01)
(1.4625 0.14 0.01)
(1.475 0.14 0.01)
(1.4875 0.14 0.01)
(1.5 0.14 0.01)
(1.5125 0.14 0.01)
(1.525 0.14 0.01)
(1.5375 0.14 0.01)
(1.55 0.14 0.01)
(1.5625 0.14 0.01)
(1.575 0.14 0.01)
(1.5875 0.14 0.01)
(1.6 0.14 0.01)
(1.6125 0.14 0.01)
(1.625 0.14 0.01)
(1.6375 0.14 0.01)
(1.65 0.14 0.01)
(1.6625 0.14 0.01)
(1.675 0.14 0.01)
(1.6875 0.14 0.01)
(1.7 0.14 0.01)
(1.7125 0.14 0.01)
(1.725 0.14 0.01)
(1.7375 0.14 0.01)
(1.75 0.14 0.01)
(1.7625 0.14 0.01)
(1.775 0.14 0.01)
(1.7875 0.14 0.01)
(1.8 0.14 0.01)
(1.8125 0.14 0.01)
(1.825 0.14 0.01)
(1.8375 0.14 0.01)
(1.85 0.14 0.01)
(1.8625 0.14 0.01)
(1.875 0.14 0.01)
(1.8875 0.14 0.01)
(1.9 0.14 0.01)
(1.9125 0.14 0.01)
(1.925 0.14 0.01)
(1.9375 0.14 0.01)
(1.95 0.14 0.01)
(1.9625 0.14 0.01)
(1.975 0.14 0.01)
(1.9875 0.14 0.01)
(2 0.14 0.01)
(2.0125 0.14 0.01)
(2.025 0.14 0.01)
(2.0375 0.14 0.01)
(2.05 0.14 0.01)
(2.0625 0.14 0.01)
(2.075 0.14 0.01)
(2.0875 0.14 0.01)
(2.1 0.14 0.01)
(2.1125 0.14 0.01)
(2.125 0.14 0.01)
(2.1375 0.14 0.01)
(2.15 0.14 0.01)
(2.1625 0.14 0.01)
(2.175 0.14 0.01)
(2.1875 0.14 0.01)
(2.2 0.14 0.01)
(2.2125 0.14 0.01)
(2.225 0.14 0.01)
(2.2375 0.14 0.01)
(2.25 0.14 0.01)
(2.2625 0.14 0.01)
(2.275 0.14 0.01)
(2.2875 0.14 0.01)
(2.3 0.14 0.01)
(2.3125 0.14 0.01)
(2.325 0.14 0.01)
(2.3375 0.14 0.01)
(2.35 0.14 0.01)
(2.3625 0.14 0.01)
(2.375 0.14 0.01)
(2.3875 0.14 0.01)
(2.4 0.14 0.01)
(2.4125 0.14 0.01)
(2.425 0.14 0.01)
(2.4375 0.14 0.01)
(2.45 0.14 0.01)
(2.4625 0.14 0.01)
(2.475 0.14 0.01)
(2.4875 0.14 0.01)
(2.5 0.14 0.01)
(0.2625 0.15 0.01)
(0.275 0.15 0.01)
(0.2875 0.15 0.01)
(0.3 0.15 0.01)
(0.3125 0.15 0.01)
(0.325 0.15 0.01)
(0.3375 0.15 0.01)
(0.35 0.15 0.01)
(0.3625 0.15 0.01)
(0.375 0.15 0.01)
(0.3875 0.15 0.01)
(0.4 0.15 0.01)
(0.4125 0.15 0.01)
(0.425 0.15 0.01)
(0.4375 0.15 0.01)
(0.45 0.15 0.01)
(0.4625 0.15 0.01)
(0.475 0.15 0.01)
(0.4875 0.15 0.01)
(0.5 0.15 0.01)
(0.5125 0.15 0.01)
(0.525 0.15 0.01)
(0.5375 0.15 0.01)
(0.55 0.15 0.01)
(0.5625 0.15 0.01)
(0.575 0.15 0.01)
(0.5875 0.15 0.01)
(0.6 0.15 0.01)
(0.6125 0.15 0.01)
(0.625 0.15 0.01)
(0.6375 0.15 0.01)
(0.65 0.15 0.01)
(0.6625 0.15 0.01)
(0.675 0.15 0.01)
(0.6875 0.15 0.01)
(0.7 0.15 0.01)
(0.7125 0.15 0.01)
(0.725 0.15 0.01)
(0.7375 0.15 0.01)
(0.75 0.15 0.01)
(0.7625 0.15 0.01)
(0.775 0.15 0.01)
(0.7875 0.15 0.01)
(0.8 0.15 0.01)
(0.8125 0.15 0.01)
(0.825 0.15 0.01)
(0.8375 0.15 0.01)
(0.85 0.15 0.01)
(0.8625 0.15 0.01)
(0.875 0.15 0.01)
(0.8875 0.15 0.01)
(0.9 0.15 0.01)
(0.9125 0.15 0.01)
(0.925 0.15 0.01)
(0.9375 0.15 0.01)
(0.95 0.15 0.01)
(0.9625 0.15 0.01)
(0.975 0.15 0.01)
(0.9875 0.15 0.01)
(1 0.15 0.01)
(1.0125 0.15 0.01)
(1.025 0.15 0.01)
(1.0375 0.15 0.01)
(1.05 0.15 0.01)
(1.0625 0.15 0.01)
(1.075 0.15 0.01)
(1.0875 0.15 0.01)
(1.1 0.15 0.01)
(1.1125 0.15 0.01)
(1.125 0.15 0.01)
(1.1375 0.15 0.01)
(1.15 0.15 0.01)
(1.1625 0.15 0.01)
(1.175 0.15 0.01)
(1.1875 0.15 0.01)
(1.2 0.15 0.01)
(1.2125 0.15 0.01)
(1.225 0.15 0.01)
(1.2375 0.15 0.01)
(1.25 0.15 0.01)
(1.2625 0.15 0.01)
(1.275 0.15 0.01)
(1.2875 0.15 0.01)
(1.3 0.15 0.01)
(1.3125 0.15 0.01)
(1.325 0.15 0.01)
(1.3375 0.15 0.01)
(1.35 0.15 0.01)
(1.3625 0.15 0.01)
(1.375 0.15 0.01)
(1.3875 0.15 0.01)
(1.4 0.15 0.01)
(1.4125 0.15 0.01)
(1.425 0.15 0.01)
(1.4375 0.15 0.01)
(1.45 0.15 0.01)
(1.4625 0.15 0.01)
(1.475 0.15 0.01)
(1.4875 0.15 0.01)
(1.5 0.15 0.01)
(1.5125 0.15 0.01)
(1.525 0.15 0.01)
(1.5375 0.15 0.01)
(1.55 0.15 0.01)
(1.5625 0.15 0.01)
(1.575 0.15 0.01)
(1.5875 0.15 0.01)
(1.6 0.15 0.01)
(1.6125 0.15 0.01)
(1.625 0.15 0.01)
(1.6375 0.15 0.01)
(1.65 0.15 0.01)
(1.6625 0.15 0.01)
(1.675 0.15 0.01)
(1.6875 0.15 0.01)
(1.7 0.15 0.01)
(1.7125 0.15 0.01)
(1.725 0.15 0.01)
(1.7375 0.15 0.01)
(1.75 0.15 0.01)
(1.7625 0.15 0.01)
(1.775 0.15 0.01)
(1.7875 0.15 0.01)
(1.8 0.15 0.01)
(1.8125 0.15 0.01)
(1.825 0.15 0.01)
(1.8375 0.15 0.01)
(1.85 0.15 0.01)
(1.8625 0.15 0.01)
(1.875 0.15 0.01)
(1.8875 0.15 0.01)
(1.9 0.15 0.01)
(1.9125 0.15 0.01)
(1.925 0.15 0.01)
(1.9375 0.15 0.01)
(1.95 0.15 0.01)
(1.9625 0.15 0.01)
(1.975 0.15 0.01)
(1.9875 0.15 0.01)
(2 0.15 0.01)
(2.0125 0.15 0.01)
(2.025 0.15 0.01)
(2.0375 0.15 0.01)
(2.05 0.15 0.01)
(2.0625 0.15 0.01)
(2.075 0.15 0.01)
(2.0875 0.15 0.01)
(2.1 0.15 0.01)
(2.1125 0.15 0.01)
(2.125 0.15 0.01)
(2.1375 0.15 0.01)
(2.15 0.15 0.01)
(2.1625 0.15 0.01)
(2.175 0.15 0.01)
(2.1875 0.15 0.01)
(2.2 0.15 0.01)
(2.2125 0.15 0.01)
(2.225 0.15 0.01)
(2.2375 0.15 0.01)
(2.25 0.15 0.01)
(2.2625 0.15 0.01)
(2.275 0.15 0.01)
(2.2875 0.15 0.01)
(2.3 0.15 0.01)
(2.3125 0.15 0.01)
(2.325 0.15 0.01)
(2.3375 0.15 0.01)
(2.35 0.15 0.01)
(2.3625 0.15 0.01)
(2.375 0.15 0.01)
(2.3875 0.15 0.01)
(2.4 0.15 0.01)
(2.4125 0.15 0.01)
(2.425 0.15 0.01)
(2.4375 0.15 0.01)
(2.45 0.15 0.01)
(2.4625 0.15 0.01)
(2.475 0.15 0.01)
(2.4875 0.15 0.01)
(2.5 0.15 0.01)
(0 0.155 0)
(0.0075 0.155 0)
(0.015 0.155 0)
(0.0225 0.155 0)
(0.03 0.155 0)
(0.0375 0.155 0)
(0.045 0.155 0)
(0.0525 0.155 0)
(0.06 0.155 0)
(0.0675 0.155 0)
(0.075 0.155 0)
(0.0825 0.155 0)
(0.09 0.155 0)
(0.0975 0.155 0)
(0.105 0.155 0)
(0.1125 0.155 0)
(0.12 0.155 0)
(0.1275 0.155 0)
(0.135 0.155 0)
(0.1425 0.155 0)
(0.15 0.155 0)
(0 0.16 0)
(0.0075 0.16 0)
(0.015 0.16 0)
(0.0225 0.16 0)
(0.03 0.16 0)
(0.0375 0.16 0)
(0.045 0.16 0)
(0.0525 0.16 0)
(0.06 0.16 0)
(0.0675 0.16 0)
(0.075 0.16 0)
(0.0825 0.16 0)
(0.09 0.16 0)
(0.0975 0.16 0)
(0.105 0.16 0)
(0.1125 0.16 0)
(0.12 0.16 0)
(0.1275 0.16 0)
(0.135 0.16 0)
(0.1425 0.16 0)
(0.15 0.16 0)
(0 0.165 0)
(0.0075 0.165 0)
(0.015 0.165 0)
(0.0225 0.165 0)
(0.03 0.165 0)
(0.0375 0.165 0)
(0.045 0.165 0)
(0.0525 0.165 0)
(0.06 0.165 0)
(0.0675 0.165 0)
(0.075 0.165 0)
(0.0825 0.165 0)
(0.09 0.165 0)
(0.0975 0.165 0)
(0.105 0.165 0)
(0.1125 0.165 0)
(0.12 0.165 0)
(0.1275 0.165 0)
(0.135 0.165 0)
(0.1425 0.165 0)
(0.15 0.165 0)
(0 0.17 0)
(0.0075 0.17 0)
(0.015 0.17 0)
(0.0225 0.17 0)
(0.03 0.17 0)
(0.0375 0.17 0)
(0.045 0.17 0)
(0.0525 0.17 0)
(0.06 0.17 0)
(0.0675 0.17 0)
(0.075 0.17 0)
(0.0825 0.17 0)
(0.09 0.17 0)
(0.0975 0.17 0)
(0.105 0.17 0)
(0.1125 0.17 0)
(0.12 0.17 0)
(0.1275 0.17 0)
(0.135 0.17 0)
(0.1425 0.17 0)
(0.15 0.17 0)
(0 0.175 0)
(0.0075 0.175 0)
(0.015 0.175 0)
(0.0225 0.175 0)
(0.03 0.175 0)
(0.0375 0.175 0)
(0.045 0.175 0)
(0.0525 0.175 0)
(0.06 0.175 0)
(0.0675 0.175 0)
(0.075 0.175 0)
(0.0825 0.175 0)
(0.09 0.175 0)
(0.0975 0.175 0)
(0.105 0.175 0)
(0.1125 0.175 0)
(0.12 0.175 0)
(0.1275 0.175 0)
(0.135 0.175 0)
(0.1425 0.175 0)
(0.15 0.175 0)
(0 0.18 0)
(0.0075 0.18 0)
(0.015 0.18 0)
(0.0225 0.18 0)
(0.03 0.18 0)
(0.0375 0.18 0)
(0.045 0.18 0)
(0.0525 0.18 0)
(0.06 0.18 0)
(0.0675 0.18 0)
(0.075 0.18 0)
(0.0825 0.18 0)
(0.09 0.18 0)
(0.0975 0.18 0)
(0.105 0.18 0)
(0.1125 0.18 0)
(0.12 0.18 0)
(0.1275 0.18 0)
(0.135 0.18 0)
(0.1425 0.18 0)
(0.15 0.18 0)
(0 0.185 0)
(0.0075 0.185 0)
(0.015 0.185 0)
(0.0225 0.185 0)
(0.03 0.185 0)
(0.0375 0.185 0)
(0.045 0.185 0)
(0.0525 0.185 0)
(0.06 0.185 0)
(0.0675 0.185 0)
(0.075 0.185 0)
(0.0825 0.185 0)
(0.09 0.185 0)
(0.0975 0.185 0)
(0.105 0.185 0)
(0.1125 0.185 0)
(0.12 0.185 0)
(0.1275 0.185 0)
(0.135 0.185 0)
(0.1425 0.185 0)
(0.15 0.185 0)
(0 0.19 0)
(0.0075 0.19 0)
(0.015 0.19 0)
(0.0225 0.19 0)
(0.03 0.19 0)
(0.0375 0.19 0)
(0.045 0.19 0)
(0.0525 0.19 0)
(0.06 0.19 0)
(0.0675 0.19 0)
(0.075 0.19 0)
(0.0825 0.19 0)
(0.09 0.19 0)
(0.0975 0.19 0)
(0.105 0.19 0)
(0.1125 0.19 0)
(0.12 0.19 0)
(0.1275 0.19 0)
(0.135 0.19 0)
(0.1425 0.19 0)
(0.15 0.19 0)
(0 0.195 0)
(0.0075 0.195 0)
(0.015 0.195 0)
(0.0225 0.195 0)
(0.03 0.195 0)
(0.0375 0.195 0)
(0.045 0.195 0)
(0.0525 0.195 0)
(0.06 0.195 0)
(0.0675 0.195 0)
(0.075 0.195 0)
(0.0825 0.195 0)
(0.09 0.195 0)
(0.0975 0.195 0)
(0.105 0.195 0)
(0.1125 0.195 0)
(0.12 0.195 0)
(0.1275 0.195 0)
(0.135 0.195 0)
(0.1425 0.195 0)
(0.15 0.195 0)
(0 0.2 0)
(0.0075 0.2 0)
(0.015 0.2 0)
(0.0225 0.2 0)
(0.03 0.2 0)
(0.0375 0.2 0)
(0.045 0.2 0)
(0.0525 0.2 0)
(0.06 0.2 0)
(0.0675 0.2 0)
(0.075 0.2 0)
(0.0825 0.2 0)
(0.09 0.2 0)
(0.0975 0.2 0)
(0.105 0.2 0)
(0.1125 0.2 0)
(0.12 0.2 0)
(0.1275 0.2 0)
(0.135 0.2 0)
(0.1425 0.2 0)
(0.15 0.2 0)
(0 0.205 0)
(0.0075 0.205 0)
(0.015 0.205 0)
(0.0225 0.205 0)
(0.03 0.205 0)
(0.0375 0.205 0)
(0.045 0.205 0)
(0.0525 0.205 0)
(0.06 0.205 0)
(0.0675 0.205 0)
(0.075 0.205 0)
(0.0825 0.205 0)
(0.09 0.205 0)
(0.0975 0.205 0)
(0.105 0.205 0)
(0.1125 0.205 0)
(0.12 0.205 0)
(0.1275 0.205 0)
(0.135 0.205 0)
(0.1425 0.205 0)
(0.15 0.205 0)
(0 0.21 0)
(0.0075 0.21 0)
(0.015 0.21 0)
(0.0225 0.21 0)
(0.03 0.21 0)
(0.0375 0.21 0)
(0.045 0.21 0)
(0.0525 0.21 0)
(0.06 0.21 0)
(0.0675 0.21 0)
(0.075 0.21 0)
(0.0825 0.21 0)
(0.09 0.21 0)
(0.0975 0.21 0)
(0.105 0.21 0)
(0.1125 0.21 0)
(0.12 0.21 0)
(0.1275 0.21 0)
(0.135 0.21 0)
(0.1425 0.21 0)
(0.15 0.21 0)
(0 0.215 0)
(0.0075 0.215 0)
(0.015 0.215 0)
(0.0225 0.215 0)
(0.03 0.215 0)
(0.0375 0.215 0)
(0.045 0.215 0)
(0.0525 0.215 0)
(0.06 0.215 0)
(0.0675 0.215 0)
(0.075 0.215 0)
(0.0825 0.215 0)
(0.09 0.215 0)
(0.0975 0.215 0)
(0.105 0.215 0)
(0.1125 0.215 0)
(0.12 0.215 0)
(0.1275 0.215 0)
(0.135 0.215 0)
(0.1425 0.215 0)
(0.15 0.215 0)
(0 0.22 0)
(0.0075 0.22 0)
(0.015 0.22 0)
(0.0225 0.22 0)
(0.03 0.22 0)
(0.0375 0.22 0)
(0.045 0.22 0)
(0.0525 0.22 0)
(0.06 0.22 0)
(0.0675 0.22 0)
(0.075 0.22 0)
(0.0825 0.22 0)
(0.09 0.22 0)
(0.0975 0.22 0)
(0.105 0.22 0)
(0.1125 0.22 0)
(0.12 0.22 0)
(0.1275 0.22 0)
(0.135 0.22 0)
(0.1425 0.22 0)
(0.15 0.22 0)
(0 0.225 0)
(0.0075 0.225 0)
(0.015 0.225 0)
(0.0225 0.225 0)
(0.03 0.225 0)
(0.0375 0.225 0)
(0.045 0.225 0)
(0.0525 0.225 0)
(0.06 0.225 0)
(0.0675 0.225 0)
(0.075 0.225 0)
(0.0825 0.225 0)
(0.09 0.225 0)
(0.0975 0.225 0)
(0.105 0.225 0)
(0.1125 0.225 0)
(0.12 0.225 0)
(0.1275 0.225 0)
(0.135 0.225 0)
(0.1425 0.225 0)
(0.15 0.225 0)
(0 0.23 0)
(0.0075 0.23 0)
(0.015 0.23 0)
(0.0225 0.23 0)
(0.03 0.23 0)
(0.0375 0.23 0)
(0.045 0.23 0)
(0.0525 0.23 0)
(0.06 0.23 0)
(0.0675 0.23 0)
(0.075 0.23 0)
(0.0825 0.23 0)
(0.09 0.23 0)
(0.0975 0.23 0)
(0.105 0.23 0)
(0.1125 0.23 0)
(0.12 0.23 0)
(0.1275 0.23 0)
(0.135 0.23 0)
(0.1425 0.23 0)
(0.15 0.23 0)
(0 0.235 0)
(0.0075 0.235 0)
(0.015 0.235 0)
(0.0225 0.235 0)
(0.03 0.235 0)
(0.0375 0.235 0)
(0.045 0.235 0)
(0.0525 0.235 0)
(0.06 0.235 0)
(0.0675 0.235 0)
(0.075 0.235 0)
(0.0825 0.235 0)
(0.09 0.235 0)
(0.0975 0.235 0)
(0.105 0.235 0)
(0.1125 0.235 0)
(0.12 0.235 0)
(0.1275 0.235 0)
(0.135 0.235 0)
(0.1425 0.235 0)
(0.15 0.235 0)
(0 0.24 0)
(0.0075 0.24 0)
(0.015 0.24 0)
(0.0225 0.24 0)
(0.03 0.24 0)
(0.0375 0.24 0)
(0.045 0.24 0)
(0.0525 0.24 0)
(0.06 0.24 0)
(0.0675 0.24 0)
(0.075 0.24 0)
(0.0825 0.24 0)
(0.09 0.24 0)
(0.0975 0.24 0)
(0.105 0.24 0)
(0.1125 0.24 0)
(0.12 0.24 0)
(0.1275 0.24 0)
(0.135 0.24 0)
(0.1425 0.24 0)
(0.15 0.24 0)
(0 0.245 0)
(0.0075 0.245 0)
(0.015 0.245 0)
(0.0225 0.245 0)
(0.03 0.245 0)
(0.0375 0.245 0)
(0.045 0.245 0)
(0.0525 0.245 0)
(0.06 0.245 0)
(0.0675 0.245 0)
(0.075 0.245 0)
(0.0825 0.245 0)
(0.09 0.245 0)
(0.0975 0.245 0)
(0.105 0.245 0)
(0.1125 0.245 0)
(0.12 0.245 0)
(0.1275 0.245 0)
(0.135 0.245 0)
(0.1425 0.245 0)
(0.15 0.245 0)
(0 0.25 0)
(0.0075 0.25 0)
(0.015 0.25 0)
(0.0225 0.25 0)
(0.03 0.25 0)
(0.0375 0.25 0)
(0.045 0.25 0)
(0.0525 0.25 0)
(0.06 0.25 0)
(0.0675 0.25 0)
(0.075 0.25 0)
(0.0825 0.25 0)
(0.09 0.25 0)
(0.0975 0.25 0)
(0.105 0.25 0)
(0.1125 0.25 0)
(0.12 0.25 0)
(0.1275 0.25 0)
(0.135 0.25 0)
(0.1425 0.25 0)
(0.15 0.25 0)
(0 0.155 0.01)
(0.0075 0.155 0.01)
(0.015 0.155 0.01)
(0.0225 0.155 0.01)
(0.03 0.155 0.01)
(0.0375 0.155 0.01)
(0.045 0.155 0.01)
(0.0525 0.155 0.01)
(0.06 0.155 0.01)
(0.0675 0.155 0.01)
(0.075 0.155 0.01)
(0.0825 0.155 0.01)
(0.09 0.155 0.01)
(0.0975 0.155 0.01)
(0.105 0.155 0.01)
(0.1125 0.155 0.01)
(0.12 0.155 0.01)
(0.1275 0.155 0.01)
(0.135 0.155 0.01)
(0.1425 0.155 0.01)
(0.15 0.155 0.01)
(0 0.16 0.01)
(0.0075 0.16 0.01)
(0.015 0.16 0.01)
(0.0225 0.16 0.01)
(0.03 0.16 0.01)
(0.0375 0.16 0.01)
(0.045 0.16 0.01)
(0.0525 0.16 0.01)
(0.06 0.16 0.01)
(0.0675 0.16 0.01)
(0.075 0.16 0.01)
(0.0825 0.16 0.01)
(0.09 0.16 0.01)
(0.0975 0.16 0.01)
(0.105 0.16 0.01)
(0.1125 0.16 0.01)
(0.12 0.16 0.01)
(0.1275 0.16 0.01)
(0.135 0.16 0.01)
(0.1425 0.16 0.01)
(0.15 0.16 0.01)
(0 0.165 0.01)
(0.0075 0.165 0.01)
(0.015 0.165 0.01)
(0.0225 0.165 0.01)
(0.03 0.165 0.01)
(0.0375 0.165 0.01)
(0.045 0.165 0.01)
(0.0525 0.165 0.01)
(0.06 0.165 0.01)
(0.0675 0.165 0.01)
(0.075 0.165 0.01)
(0.0825 0.165 0.01)
(0.09 0.165 0.01)
(0.0975 0.165 0.01)
(0.105 0.165 0.01)
(0.1125 0.165 0.01)
(0.12 0.165 0.01)
(0.1275 0.165 0.01)
(0.135 0.165 0.01)
(0.1425 0.165 0.01)
(0.15 0.165 0.01)
(0 0.17 0.01)
(0.0075 0.17 0.01)
(0.015 0.17 0.01)
(0.0225 0.17 0.01)
(0.03 0.17 0.01)
(0.0375 0.17 0.01)
(0.045 0.17 0.01)
(0.0525 0.17 0.01)
(0.06 0.17 0.01)
(0.0675 0.17 0.01)
(0.075 0.17 0.01)
(0.0825 0.17 0.01)
(0.09 0.17 0.01)
(0.0975 0.17 0.01)
(0.105 0.17 0.01)
(0.1125 0.17 0.01)
(0.12 0.17 0.01)
(0.1275 0.17 0.01)
(0.135 0.17 0.01)
(0.1425 0.17 0.01)
(0.15 0.17 0.01)
(0 0.175 0.01)
(0.0075 0.175 0.01)
(0.015 0.175 0.01)
(0.0225 0.175 0.01)
(0.03 0.175 0.01)
(0.0375 0.175 0.01)
(0.045 0.175 0.01)
(0.0525 0.175 0.01)
(0.06 0.175 0.01)
(0.0675 0.175 0.01)
(0.075 0.175 0.01)
(0.0825 0.175 0.01)
(0.09 0.175 0.01)
(0.0975 0.175 0.01)
(0.105 0.175 0.01)
(0.1125 0.175 0.01)
(0.12 0.175 0.01)
(0.1275 0.175 0.01)
(0.135 0.175 0.01)
(0.1425 0.175 0.01)
(0.15 0.175 0.01)
(0 0.18 0.01)
(0.0075 0.18 0.01)
(0.015 0.18 0.01)
(0.0225 0.18 0.01)
(0.03 0.18 0.01)
(0.0375 0.18 0.01)
(0.045 0.18 0.01)
(0.0525 0.18 0.01)
(0.06 0.18 0.01)
(0.0675 0.18 0.01)
(0.075 0.18 0.01)
(0.0825 0.18 0.01)
(0.09 0.18 0.01)
(0.0975 0.18 0.01)
(0.105 0.18 0.01)
(0.1125 0.18 0.01)
(0.12 0.18 0.01)
(0.1275 0.18 0.01)
(0.135 0.18 0.01)
(0.1425 0.18 0.01)
(0.15 0.18 0.01)
(0 0.185 0.01)
(0.0075 0.185 0.01)
(0.015 0.185 0.01)
(0.0225 0.185 0.01)
(0.03 0.185 0.01)
(0.0375 0.185 0.01)
(0.045 0.185 0.01)
(0.0525 0.185 0.01)
(0.06 0.185 0.01)
(0.0675 0.185 0.01)
(0.075 0.185 0.01)
(0.0825 0.185 0.01)
(0.09 0.185 0.01)
(0.0975 0.185 0.01)
(0.105 0.185 0.01)
(0.1125 0.185 0.01)
(0.12 0.185 0.01)
(0.1275 0.185 0.01)
(0.135 0.185 0.01)
(0.1425 0.185 0.01)
(0.15 0.185 0.01)
(0 0.19 0.01)
(0.0075 0.19 0.01)
(0.015 0.19 0.01)
(0.0225 0.19 0.01)
(0.03 0.19 0.01)
(0.0375 0.19 0.01)
(0.045 0.19 0.01)
(0.0525 0.19 0.01)
(0.06 0.19 0.01)
(0.0675 0.19 0.01)
(0.075 0.19 0.01)
(0.0825 0.19 0.01)
(0.09 0.19 0.01)
(0.0975 0.19 0.01)
(0.105 0.19 0.01)
(0.1125 0.19 0.01)
(0.12 0.19 0.01)
(0.1275 0.19 0.01)
(0.135 0.19 0.01)
(0.1425 0.19 0.01)
(0.15 0.19 0.01)
(0 0.195 0.01)
(0.0075 0.195 0.01)
(0.015 0.195 0.01)
(0.0225 0.195 0.01)
(0.03 0.195 0.01)
(0.0375 0.195 0.01)
(0.045 0.195 0.01)
(0.0525 0.195 0.01)
(0.06 0.195 0.01)
(0.0675 0.195 0.01)
(0.075 0.195 0.01)
(0.0825 0.195 0.01)
(0.09 0.195 0.01)
(0.0975 0.195 0.01)
(0.105 0.195 0.01)
(0.1125 0.195 0.01)
(0.12 0.195 0.01)
(0.1275 0.195 0.01)
(0.135 0.195 0.01)
(0.1425 0.195 0.01)
(0.15 0.195 0.01)
(0 0.2 0.01)
(0.0075 0.2 0.01)
(0.015 0.2 0.01)
(0.0225 0.2 0.01)
(0.03 0.2 0.01)
(0.0375 0.2 0.01)
(0.045 0.2 0.01)
(0.0525 0.2 0.01)
(0.06 0.2 0.01)
(0.0675 0.2 0.01)
(0.075 0.2 0.01)
(0.0825 0.2 0.01)
(0.09 0.2 0.01)
(0.0975 0.2 0.01)
(0.105 0.2 0.01)
(0.1125 0.2 0.01)
(0.12 0.2 0.01)
(0.1275 0.2 0.01)
(0.135 0.2 0.01)
(0.1425 0.2 0.01)
(0.15 0.2 0.01)
(0 0.205 0.01)
(0.0075 0.205 0.01)
(0.015 0.205 0.01)
(0.0225 0.205 0.01)
(0.03 0.205 0.01)
(0.0375 0.205 0.01)
(0.045 0.205 0.01)
(0.0525 0.205 0.01)
(0.06 0.205 0.01)
(0.0675 0.205 0.01)
(0.075 0.205 0.01)
(0.0825 0.205 0.01)
(0.09 0.205 0.01)
(0.0975 0.205 0.01)
(0.105 0.205 0.01)
(0.1125 0.205 0.01)
(0.12 0.205 0.01)
(0.1275 0.205 0.01)
(0.135 0.205 0.01)
(0.1425 0.205 0.01)
(0.15 0.205 0.01)
(0 0.21 0.01)
(0.0075 0.21 0.01)
(0.015 0.21 0.01)
(0.0225 0.21 0.01)
(0.03 0.21 0.01)
(0.0375 0.21 0.01)
(0.045 0.21 0.01)
(0.0525 0.21 0.01)
(0.06 0.21 0.01)
(0.0675 0.21 0.01)
(0.075 0.21 0.01)
(0.0825 0.21 0.01)
(0.09 0.21 0.01)
(0.0975 0.21 0.01)
(0.105 0.21 0.01)
(0.1125 0.21 0.01)
(0.12 0.21 0.01)
(0.1275 0.21 0.01)
(0.135 0.21 0.01)
(0.1425 0.21 0.01)
(0.15 0.21 0.01)
(0 0.215 0.01)
(0.0075 0.215 0.01)
(0.015 0.215 0.01)
(0.0225 0.215 0.01)
(0.03 0.215 0.01)
(0.0375 0.215 0.01)
(0.045 0.215 0.01)
(0.0525 0.215 0.01)
(0.06 0.215 0.01)
(0.0675 0.215 0.01)
(0.075 0.215 0.01)
(0.0825 0.215 0.01)
(0.09 0.215 0.01)
(0.0975 0.215 0.01)
(0.105 0.215 0.01)
(0.1125 0.215 0.01)
(0.12 0.215 0.01)
(0.1275 0.215 0.01)
(0.135 0.215 0.01)
(0.1425 0.215 0.01)
(0.15 0.215 0.01)
(0 0.22 0.01)
(0.0075 0.22 0.01)
(0.015 0.22 0.01)
(0.0225 0.22 0.01)
(0.03 0.22 0.01)
(0.0375 0.22 0.01)
(0.045 0.22 0.01)
(0.0525 0.22 0.01)
(0.06 0.22 0.01)
(0.0675 0.22 0.01)
(0.075 0.22 0.01)
(0.0825 0.22 0.01)
(0.09 0.22 0.01)
(0.0975 0.22 0.01)
(0.105 0.22 0.01)
(0.1125 0.22 0.01)
(0.12 0.22 0.01)
(0.1275 0.22 0.01)
(0.135 0.22 0.01)
(0.1425 0.22 0.01)
(0.15 0.22 0.01)
(0 0.225 0.01)
(0.0075 0.225 0.01)
(0.015 0.225 0.01)
(0.0225 0.225 0.01)
(0.03 0.225 0.01)
(0.0375 0.225 0.01)
(0.045 0.225 0.01)
(0.0525 0.225 0.01)
(0.06 0.225 0.01)
(0.0675 0.225 0.01)
(0.075 0.225 0.01)
(0.0825 0.225 0.01)
(0.09 0.225 0.01)
(0.0975 0.225 0.01)
(0.105 0.225 0.01)
(0.1125 0.225 0.01)
(0.12 0.225 0.01)
(0.1275 0.225 0.01)
(0.135 0.225 0.01)
(0.1425 0.225 0.01)
(0.15 0.225 0.01)
(0 0.23 0.01)
(0.0075 0.23 0.01)
(0.015 0.23 0.01)
(0.0225 0.23 0.01)
(0.03 0.23 0.01)
(0.0375 0.23 0.01)
(0.045 0.23 0.01)
(0.0525 0.23 0.01)
(0.06 0.23 0.01)
(0.0675 0.23 0.01)
(0.075 0.23 0.01)
(0.0825 0.23 0.01)
(0.09 0.23 0.01)
(0.0975 0.23 0.01)
(0.105 0.23 0.01)
(0.1125 0.23 0.01)
(0.12 0.23 0.01)
(0.1275 0.23 0.01)
(0.135 0.23 0.01)
(0.1425 0.23 0.01)
(0.15 0.23 0.01)
(0 0.235 0.01)
(0.0075 0.235 0.01)
(0.015 0.235 0.01)
(0.0225 0.235 0.01)
(0.03 0.235 0.01)
(0.0375 0.235 0.01)
(0.045 0.235 0.01)
(0.0525 0.235 0.01)
(0.06 0.235 0.01)
(0.0675 0.235 0.01)
(0.075 0.235 0.01)
(0.0825 0.235 0.01)
(0.09 0.235 0.01)
(0.0975 0.235 0.01)
(0.105 0.235 0.01)
(0.1125 0.235 0.01)
(0.12 0.235 0.01)
(0.1275 0.235 0.01)
(0.135 0.235 0.01)
(0.1425 0.235 0.01)
(0.15 0.235 0.01)
(0 0.24 0.01)
(0.0075 0.24 0.01)
(0.015 0.24 0.01)
(0.0225 0.24 0.01)
(0.03 0.24 0.01)
(0.0375 0.24 0.01)
(0.045 0.24 0.01)
(0.0525 0.24 0.01)
(0.06 0.24 0.01)
(0.0675 0.24 0.01)
(0.075 0.24 0.01)
(0.0825 0.24 0.01)
(0.09 0.24 0.01)
(0.0975 0.24 0.01)
(0.105 0.24 0.01)
(0.1125 0.24 0.01)
(0.12 0.24 0.01)
(0.1275 0.24 0.01)
(0.135 0.24 0.01)
(0.1425 0.24 0.01)
(0.15 0.24 0.01)
(0 0.245 0.01)
(0.0075 0.245 0.01)
(0.015 0.245 0.01)
(0.0225 0.245 0.01)
(0.03 0.245 0.01)
(0.0375 0.245 0.01)
(0.045 0.245 0.01)
(0.0525 0.245 0.01)
(0.06 0.245 0.01)
(0.0675 0.245 0.01)
(0.075 0.245 0.01)
(0.0825 0.245 0.01)
(0.09 0.245 0.01)
(0.0975 0.245 0.01)
(0.105 0.245 0.01)
(0.1125 0.245 0.01)
(0.12 0.245 0.01)
(0.1275 0.245 0.01)
(0.135 0.245 0.01)
(0.1425 0.245 0.01)
(0.15 0.245 0.01)
(0 0.25 0.01)
(0.0075 0.25 0.01)
(0.015 0.25 0.01)
(0.0225 0.25 0.01)
(0.03 0.25 0.01)
(0.0375 0.25 0.01)
(0.045 0.25 0.01)
(0.0525 0.25 0.01)
(0.06 0.25 0.01)
(0.0675 0.25 0.01)
(0.075 0.25 0.01)
(0.0825 0.25 0.01)
(0.09 0.25 0.01)
(0.0975 0.25 0.01)
(0.105 0.25 0.01)
(0.1125 0.25 0.01)
(0.12 0.25 0.01)
(0.1275 0.25 0.01)
(0.135 0.25 0.01)
(0.1425 0.25 0.01)
(0.15 0.25 0.01)
(0.155 0.155 0)
(0.16 0.155 0)
(0.165 0.155 0)
(0.17 0.155 0)
(0.175 0.155 0)
(0.18 0.155 0)
(0.185 0.155 0)
(0.19 0.155 0)
(0.195 0.155 0)
(0.2 0.155 0)
(0.205 0.155 0)
(0.21 0.155 0)
(0.215 0.155 0)
(0.22 0.155 0)
(0.225 0.155 0)
(0.23 0.155 0)
(0.235 0.155 0)
(0.24 0.155 0)
(0.245 0.155 0)
(0.25 0.155 0)
(0.155 0.16 0)
(0.16 0.16 0)
(0.165 0.16 0)
(0.17 0.16 0)
(0.175 0.16 0)
(0.18 0.16 0)
(0.185 0.16 0)
(0.19 0.16 0)
(0.195 0.16 0)
(0.2 0.16 0)
(0.205 0.16 0)
(0.21 0.16 0)
(0.215 0.16 0)
(0.22 0.16 0)
(0.225 0.16 0)
(0.23 0.16 0)
(0.235 0.16 0)
(0.24 0.16 0)
(0.245 0.16 0)
(0.25 0.16 0)
(0.155 0.165 0)
(0.16 0.165 0)
(0.165 0.165 0)
(0.17 0.165 0)
(0.175 0.165 0)
(0.18 0.165 0)
(0.185 0.165 0)
(0.19 0.165 0)
(0.195 0.165 0)
(0.2 0.165 0)
(0.205 0.165 0)
(0.21 0.165 0)
(0.215 0.165 0)
(0.22 0.165 0)
(0.225 0.165 0)
(0.23 0.165 0)
(0.235 0.165 0)
(0.24 0.165 0)
(0.245 0.165 0)
(0.25 0.165 0)
(0.155 0.17 0)
(0.16 0.17 0)
(0.165 0.17 0)
(0.17 0.17 0)
(0.175 0.17 0)
(0.18 0.17 0)
(0.185 0.17 0)
(0.19 0.17 0)
(0.195 0.17 0)
(0.2 0.17 0)
(0.205 0.17 0)
(0.21 0.17 0)
(0.215 0.17 0)
(0.22 0.17 0)
(0.225 0.17 0)
(0.23 0.17 0)
(0.235 0.17 0)
(0.24 0.17 0)
(0.245 0.17 0)
(0.25 0.17 0)
(0.155 0.175 0)
(0.16 0.175 0)
(0.165 0.175 0)
(0.17 0.175 0)
(0.175 0.175 0)
(0.18 0.175 0)
(0.185 0.175 0)
(0.19 0.175 0)
(0.195 0.175 0)
(0.2 0.175 0)
(0.205 0.175 0)
(0.21 0.175 0)
(0.215 0.175 0)
(0.22 0.175 0)
(0.225 0.175 0)
(0.23 0.175 0)
(0.235 0.175 0)
(0.24 0.175 0)
(0.245 0.175 0)
(0.25 0.175 0)
(0.155 0.18 0)
(0.16 0.18 0)
(0.165 0.18 0)
(0.17 0.18 0)
(0.175 0.18 0)
(0.18 0.18 0)
(0.185 0.18 0)
(0.19 0.18 0)
(0.195 0.18 0)
(0.2 0.18 0)
(0.205 0.18 0)
(0.21 0.18 0)
(0.215 0.18 0)
(0.22 0.18 0)
(0.225 0.18 0)
(0.23 0.18 0)
(0.235 0.18 0)
(0.24 0.18 0)
(0.245 0.18 0)
(0.25 0.18 0)
(0.155 0.185 0)
(0.16 0.185 0)
(0.165 0.185 0)
(0.17 0.185 0)
(0.175 0.185 0)
(0.18 0.185 0)
(0.185 0.185 0)
(0.19 0.185 0)
(0.195 0.185 0)
(0.2 0.185 0)
(0.205 0.185 0)
(0.21 0.185 0)
(0.215 0.185 0)
(0.22 0.185 0)
(0.225 0.185 0)
(0.23 0.185 0)
(0.235 0.185 0)
(0.24 0.185 0)
(0.245 0.185 0)
(0.25 0.185 0)
(0.155 0.19 0)
(0.16 0.19 0)
(0.165 0.19 0)
(0.17 0.19 0)
(0.175 0.19 0)
(0.18 0.19 0)
(0.185 0.19 0)
(0.19 0.19 0)
(0.195 0.19 0)
(0.2 0.19 0)
(0.205 0.19 0)
(0.21 0.19 0)
(0.215 0.19 0)
(0.22 0.19 0)
(0.225 0.19 0)
(0.23 0.19 0)
(0.235 0.19 0)
(0.24 0.19 0)
(0.245 0.19 0)
(0.25 0.19 0)
(0.155 0.195 0)
(0.16 0.195 0)
(0.165 0.195 0)
(0.17 0.195 0)
(0.175 0.195 0)
(0.18 0.195 0)
(0.185 0.195 0)
(0.19 0.195 0)
(0.195 0.195 0)
(0.2 0.195 0)
(0.205 0.195 0)
(0.21 0.195 0)
(0.215 0.195 0)
(0.22 0.195 0)
(0.225 0.195 0)
(0.23 0.195 0)
(0.235 0.195 0)
(0.24 0.195 0)
(0.245 0.195 0)
(0.25 0.195 0)
(0.155 0.2 0)
(0.16 0.2 0)
(0.165 0.2 0)
(0.17 0.2 0)
(0.175 0.2 0)
(0.18 0.2 0)
(0.185 0.2 0)
(0.19 0.2 0)
(0.195 0.2 0)
(0.2 0.2 0)
(0.205 0.2 0)
(0.21 0.2 0)
(0.215 0.2 0)
(0.22 0.2 0)
(0.225 0.2 0)
(0.23 0.2 0)
(0.235 0.2 0)
(0.24 0.2 0)
(0.245 0.2 0)
(0.25 0.2 0)
(0.155 0.205 0)
(0.16 0.205 0)
(0.165 0.205 0)
(0.17 0.205 0)
(0.175 0.205 0)
(0.18 0.205 0)
(0.185 0.205 0)
(0.19 0.205 0)
(0.195 0.205 0)
(0.2 0.205 0)
(0.205 0.205 0)
(0.21 0.205 0)
(0.215 0.205 0)
(0.22 0.205 0)
(0.225 0.205 0)
(0.23 0.205 0)
(0.235 0.205 0)
(0.24 0.205 0)
(0.245 0.205 0)
(0.25 0.205 0)
(0.155 0.21 0)
(0.16 0.21 0)
(0.165 0.21 0)
(0.17 0.21 0)
(0.175 0.21 0)
(0.18 0.21 0)
(0.185 0.21 0)
(0.19 0.21 0)
(0.195 0.21 0)
(0.2 0.21 0)
(0.205 0.21 0)
(0.21 0.21 0)
(0.215 0.21 0)
(0.22 0.21 0)
(0.225 0.21 0)
(0.23 0.21 0)
(0.235 0.21 0)
(0.24 0.21 0)
(0.245 0.21 0)
(0.25 0.21 0)
(0.155 0.215 0)
(0.16 0.215 0)
(0.165 0.215 0)
(0.17 0.215 0)
(0.175 0.215 0)
(0.18 0.215 0)
(0.185 0.215 0)
(0.19 0.215 0)
(0.195 0.215 0)
(0.2 0.215 0)
(0.205 0.215 0)
(0.21 0.215 0)
(0.215 0.215 0)
(0.22 0.215 0)
(0.225 0.215 0)
(0.23 0.215 0)
(0.235 0.215 0)
(0.24 0.215 0)
(0.245 0.215 0)
(0.25 0.215 0)
(0.155 0.22 0)
(0.16 0.22 0)
(0.165 0.22 0)
(0.17 0.22 0)
(0.175 0.22 0)
(0.18 0.22 0)
(0.185 0.22 0)
(0.19 0.22 0)
(0.195 0.22 0)
(0.2 0.22 0)
(0.205 0.22 0)
(0.21 0.22 0)
(0.215 0.22 0)
(0.22 0.22 0)
(0.225 0.22 0)
(0.23 0.22 0)
(0.235 0.22 0)
(0.24 0.22 0)
(0.245 0.22 0)
(0.25 0.22 0)
(0.155 0.225 0)
(0.16 0.225 0)
(0.165 0.225 0)
(0.17 0.225 0)
(0.175 0.225 0)
(0.18 0.225 0)
(0.185 0.225 0)
(0.19 0.225 0)
(0.195 0.225 0)
(0.2 0.225 0)
(0.205 0.225 0)
(0.21 0.225 0)
(0.215 0.225 0)
(0.22 0.225 0)
(0.225 0.225 0)
(0.23 0.225 0)
(0.235 0.225 0)
(0.24 0.225 0)
(0.245 0.225 0)
(0.25 0.225 0)
(0.155 0.23 0)
(0.16 0.23 0)
(0.165 0.23 0)
(0.17 0.23 0)
(0.175 0.23 0)
(0.18 0.23 0)
(0.185 0.23 0)
(0.19 0.23 0)
(0.195 0.23 0)
(0.2 0.23 0)
(0.205 0.23 0)
(0.21 0.23 0)
(0.215 0.23 0)
(0.22 0.23 0)
(0.225 0.23 0)
(0.23 0.23 0)
(0.235 0.23 0)
(0.24 0.23 0)
(0.245 0.23 0)
(0.25 0.23 0)
(0.155 0.235 0)
(0.16 0.235 0)
(0.165 0.235 0)
(0.17 0.235 0)
(0.175 0.235 0)
(0.18 0.235 0)
(0.185 0.235 0)
(0.19 0.235 0)
(0.195 0.235 0)
(0.2 0.235 0)
(0.205 0.235 0)
(0.21 0.235 0)
(0.215 0.235 0)
(0.22 0.235 0)
(0.225 0.235 0)
(0.23 0.235 0)
(0.235 0.235 0)
(0.24 0.235 0)
(0.245 0.235 0)
(0.25 0.235 0)
(0.155 0.24 0)
(0.16 0.24 0)
(0.165 0.24 0)
(0.17 0.24 0)
(0.175 0.24 0)
(0.18 0.24 0)
(0.185 0.24 0)
(0.19 0.24 0)
(0.195 0.24 0)
(0.2 0.24 0)
(0.205 0.24 0)
(0.21 0.24 0)
(0.215 0.24 0)
(0.22 0.24 0)
(0.225 0.24 0)
(0.23 0.24 0)
(0.235 0.24 0)
(0.24 0.24 0)
(0.245 0.24 0)
(0.25 0.24 0)
(0.155 0.245 0)
(0.16 0.245 0)
(0.165 0.245 0)
(0.17 0.245 0)
(0.175 0.245 0)
(0.18 0.245 0)
(0.185 0.245 0)
(0.19 0.245 0)
(0.195 0.245 0)
(0.2 0.245 0)
(0.205 0.245 0)
(0.21 0.245 0)
(0.215 0.245 0)
(0.22 0.245 0)
(0.225 0.245 0)
(0.23 0.245 0)
(0.235 0.245 0)
(0.24 0.245 0)
(0.245 0.245 0)
(0.25 0.245 0)
(0.155 0.25 0)
(0.16 0.25 0)
(0.165 0.25 0)
(0.17 0.25 0)
(0.175 0.25 0)
(0.18 0.25 0)
(0.185 0.25 0)
(0.19 0.25 0)
(0.195 0.25 0)
(0.2 0.25 0)
(0.205 0.25 0)
(0.21 0.25 0)
(0.215 0.25 0)
(0.22 0.25 0)
(0.225 0.25 0)
(0.23 0.25 0)
(0.235 0.25 0)
(0.24 0.25 0)
(0.245 0.25 0)
(0.25 0.25 0)
(0.155 0.155 0.01)
(0.16 0.155 0.01)
(0.165 0.155 0.01)
(0.17 0.155 0.01)
(0.175 0.155 0.01)
(0.18 0.155 0.01)
(0.185 0.155 0.01)
(0.19 0.155 0.01)
(0.195 0.155 0.01)
(0.2 0.155 0.01)
(0.205 0.155 0.01)
(0.21 0.155 0.01)
(0.215 0.155 0.01)
(0.22 0.155 0.01)
(0.225 0.155 0.01)
(0.23 0.155 0.01)
(0.235 0.155 0.01)
(0.24 0.155 0.01)
(0.245 0.155 0.01)
(0.25 0.155 0.01)
(0.155 0.16 0.01)
(0.16 0.16 0.01)
(0.165 0.16 0.01)
(0.17 0.16 0.01)
(0.175 0.16 0.01)
(0.18 0.16 0.01)
(0.185 0.16 0.01)
(0.19 0.16 0.01)
(0.195 0.16 0.01)
(0.2 0.16 0.01)
(0.205 0.16 0.01)
(0.21 0.16 0.01)
(0.215 0.16 0.01)
(0.22 0.16 0.01)
(0.225 0.16 0.01)
(0.23 0.16 0.01)
(0.235 0.16 0.01)
(0.24 0.16 0.01)
(0.245 0.16 0.01)
(0.25 0.16 0.01)
(0.155 0.165 0.01)
(0.16 0.165 0.01)
(0.165 0.165 0.01)
(0.17 0.165 0.01)
(0.175 0.165 0.01)
(0.18 0.165 0.01)
(0.185 0.165 0.01)
(0.19 0.165 0.01)
(0.195 0.165 0.01)
(0.2 0.165 0.01)
(0.205 0.165 0.01)
(0.21 0.165 0.01)
(0.215 0.165 0.01)
(0.22 0.165 0.01)
(0.225 0.165 0.01)
(0.23 0.165 0.01)
(0.235 0.165 0.01)
(0.24 0.165 0.01)
(0.245 0.165 0.01)
(0.25 0.165 0.01)
(0.155 0.17 0.01)
(0.16 0.17 0.01)
(0.165 0.17 0.01)
(0.17 0.17 0.01)
(0.175 0.17 0.01)
(0.18 0.17 0.01)
(0.185 0.17 0.01)
(0.19 0.17 0.01)
(0.195 0.17 0.01)
(0.2 0.17 0.01)
(0.205 0.17 0.01)
(0.21 0.17 0.01)
(0.215 0.17 0.01)
(0.22 0.17 0.01)
(0.225 0.17 0.01)
(0.23 0.17 0.01)
(0.235 0.17 0.01)
(0.24 0.17 0.01)
(0.245 0.17 0.01)
(0.25 0.17 0.01)
(0.155 0.175 0.01)
(0.16 0.175 0.01)
(0.165 0.175 0.01)
(0.17 0.175 0.01)
(0.175 0.175 0.01)
(0.18 0.175 0.01)
(0.185 0.175 0.01)
(0.19 0.175 0.01)
(0.195 0.175 0.01)
(0.2 0.175 0.01)
(0.205 0.175 0.01)
(0.21 0.175 0.01)
(0.215 0.175 0.01)
(0.22 0.175 0.01)
(0.225 0.175 0.01)
(0.23 0.175 0.01)
(0.235 0.175 0.01)
(0.24 0.175 0.01)
(0.245 0.175 0.01)
(0.25 0.175 0.01)
(0.155 0.18 0.01)
(0.16 0.18 0.01)
(0.165 0.18 0.01)
(0.17 0.18 0.01)
(0.175 0.18 0.01)
(0.18 0.18 0.01)
(0.185 0.18 0.01)
(0.19 0.18 0.01)
(0.195 0.18 0.01)
(0.2 0.18 0.01)
(0.205 0.18 0.01)
(0.21 0.18 0.01)
(0.215 0.18 0.01)
(0.22 0.18 0.01)
(0.225 0.18 0.01)
(0.23 0.18 0.01)
(0.235 0.18 0.01)
(0.24 0.18 0.01)
(0.245 0.18 0.01)
(0.25 0.18 0.01)
(0.155 0.185 0.01)
(0.16 0.185 0.01)
(0.165 0.185 0.01)
(0.17 0.185 0.01)
(0.175 0.185 0.01)
(0.18 0.185 0.01)
(0.185 0.185 0.01)
(0.19 0.185 0.01)
(0.195 0.185 0.01)
(0.2 0.185 0.01)
(0.205 0.185 0.01)
(0.21 0.185 0.01)
(0.215 0.185 0.01)
(0.22 0.185 0.01)
(0.225 0.185 0.01)
(0.23 0.185 0.01)
(0.235 0.185 0.01)
(0.24 0.185 0.01)
(0.245 0.185 0.01)
(0.25 0.185 0.01)
(0.155 0.19 0.01)
(0.16 0.19 0.01)
(0.165 0.19 0.01)
(0.17 0.19 0.01)
(0.175 0.19 0.01)
(0.18 0.19 0.01)
(0.185 0.19 0.01)
(0.19 0.19 0.01)
(0.195 0.19 0.01)
(0.2 0.19 0.01)
(0.205 0.19 0.01)
(0.21 0.19 0.01)
(0.215 0.19 0.01)
(0.22 0.19 0.01)
(0.225 0.19 0.01)
(0.23 0.19 0.01)
(0.235 0.19 0.01)
(0.24 0.19 0.01)
(0.245 0.19 0.01)
(0.25 0.19 0.01)
(0.155 0.195 0.01)
(0.16 0.195 0.01)
(0.165 0.195 0.01)
(0.17 0.195 0.01)
(0.175 0.195 0.01)
(0.18 0.195 0.01)
(0.185 0.195 0.01)
(0.19 0.195 0.01)
(0.195 0.195 0.01)
(0.2 0.195 0.01)
(0.205 0.195 0.01)
(0.21 0.195 0.01)
(0.215 0.195 0.01)
(0.22 0.195 0.01)
(0.225 0.195 0.01)
(0.23 0.195 0.01)
(0.235 0.195 0.01)
(0.24 0.195 0.01)
(0.245 0.195 0.01)
(0.25 0.195 0.01)
(0.155 0.2 0.01)
(0.16 0.2 0.01)
(0.165 0.2 0.01)
(0.17 0.2 0.01)
(0.175 0.2 0.01)
(0.18 0.2 0.01)
(0.185 0.2 0.01)
(0.19 0.2 0.01)
(0.195 0.2 0.01)
(0.2 0.2 0.01)
(0.205 0.2 0.01)
(0.21 0.2 0.01)
(0.215 0.2 0.01)
(0.22 0.2 0.01)
(0.225 0.2 0.01)
(0.23 0.2 0.01)
(0.235 0.2 0.01)
(0.24 0.2 0.01)
(0.245 0.2 0.01)
(0.25 0.2 0.01)
(0.155 0.205 0.01)
(0.16 0.205 0.01)
(0.165 0.205 0.01)
(0.17 0.205 0.01)
(0.175 0.205 0.01)
(0.18 0.205 0.01)
(0.185 0.205 0.01)
(0.19 0.205 0.01)
(0.195 0.205 0.01)
(0.2 0.205 0.01)
(0.205 0.205 0.01)
(0.21 0.205 0.01)
(0.215 0.205 0.01)
(0.22 0.205 0.01)
(0.225 0.205 0.01)
(0.23 0.205 0.01)
(0.235 0.205 0.01)
(0.24 0.205 0.01)
(0.245 0.205 0.01)
(0.25 0.205 0.01)
(0.155 0.21 0.01)
(0.16 0.21 0.01)
(0.165 0.21 0.01)
(0.17 0.21 0.01)
(0.175 0.21 0.01)
(0.18 0.21 0.01)
(0.185 0.21 0.01)
(0.19 0.21 0.01)
(0.195 0.21 0.01)
(0.2 0.21 0.01)
(0.205 0.21 0.01)
(0.21 0.21 0.01)
(0.215 0.21 0.01)
(0.22 0.21 0.01)
(0.225 0.21 0.01)
(0.23 0.21 0.01)
(0.235 0.21 0.01)
(0.24 0.21 0.01)
(0.245 0.21 0.01)
(0.25 0.21 0.01)
(0.155 0.215 0.01)
(0.16 0.215 0.01)
(0.165 0.215 0.01)
(0.17 0.215 0.01)
(0.175 0.215 0.01)
(0.18 0.215 0.01)
(0.185 0.215 0.01)
(0.19 0.215 0.01)
(0.195 0.215 0.01)
(0.2 0.215 0.01)
(0.205 0.215 0.01)
(0.21 0.215 0.01)
(0.215 0.215 0.01)
(0.22 0.215 0.01)
(0.225 0.215 0.01)
(0.23 0.215 0.01)
(0.235 0.215 0.01)
(0.24 0.215 0.01)
(0.245 0.215 0.01)
(0.25 0.215 0.01)
(0.155 0.22 0.01)
(0.16 0.22 0.01)
(0.165 0.22 0.01)
(0.17 0.22 0.01)
(0.175 0.22 0.01)
(0.18 0.22 0.01)
(0.185 0.22 0.01)
(0.19 0.22 0.01)
(0.195 0.22 0.01)
(0.2 0.22 0.01)
(0.205 0.22 0.01)
(0.21 0.22 0.01)
(0.215 0.22 0.01)
(0.22 0.22 0.01)
(0.225 0.22 0.01)
(0.23 0.22 0.01)
(0.235 0.22 0.01)
(0.24 0.22 0.01)
(0.245 0.22 0.01)
(0.25 0.22 0.01)
(0.155 0.225 0.01)
(0.16 0.225 0.01)
(0.165 0.225 0.01)
(0.17 0.225 0.01)
(0.175 0.225 0.01)
(0.18 0.225 0.01)
(0.185 0.225 0.01)
(0.19 0.225 0.01)
(0.195 0.225 0.01)
(0.2 0.225 0.01)
(0.205 0.225 0.01)
(0.21 0.225 0.01)
(0.215 0.225 0.01)
(0.22 0.225 0.01)
(0.225 0.225 0.01)
(0.23 0.225 0.01)
(0.235 0.225 0.01)
(0.24 0.225 0.01)
(0.245 0.225 0.01)
(0.25 0.225 0.01)
(0.155 0.23 0.01)
(0.16 0.23 0.01)
(0.165 0.23 0.01)
(0.17 0.23 0.01)
(0.175 0.23 0.01)
(0.18 0.23 0.01)
(0.185 0.23 0.01)
(0.19 0.23 0.01)
(0.195 0.23 0.01)
(0.2 0.23 0.01)
(0.205 0.23 0.01)
(0.21 0.23 0.01)
(0.215 0.23 0.01)
(0.22 0.23 0.01)
(0.225 0.23 0.01)
(0.23 0.23 0.01)
(0.235 0.23 0.01)
(0.24 0.23 0.01)
(0.245 0.23 0.01)
(0.25 0.23 0.01)
(0.155 0.235 0.01)
(0.16 0.235 0.01)
(0.165 0.235 0.01)
(0.17 0.235 0.01)
(0.175 0.235 0.01)
(0.18 0.235 0.01)
(0.185 0.235 0.01)
(0.19 0.235 0.01)
(0.195 0.235 0.01)
(0.2 0.235 0.01)
(0.205 0.235 0.01)
(0.21 0.235 0.01)
(0.215 0.235 0.01)
(0.22 0.235 0.01)
(0.225 0.235 0.01)
(0.23 0.235 0.01)
(0.235 0.235 0.01)
(0.24 0.235 0.01)
(0.245 0.235 0.01)
(0.25 0.235 0.01)
(0.155 0.24 0.01)
(0.16 0.24 0.01)
(0.165 0.24 0.01)
(0.17 0.24 0.01)
(0.175 0.24 0.01)
(0.18 0.24 0.01)
(0.185 0.24 0.01)
(0.19 0.24 0.01)
(0.195 0.24 0.01)
(0.2 0.24 0.01)
(0.205 0.24 0.01)
(0.21 0.24 0.01)
(0.215 0.24 0.01)
(0.22 0.24 0.01)
(0.225 0.24 0.01)
(0.23 0.24 0.01)
(0.235 0.24 0.01)
(0.24 0.24 0.01)
(0.245 0.24 0.01)
(0.25 0.24 0.01)
(0.155 0.245 0.01)
(0.16 0.245 0.01)
(0.165 0.245 0.01)
(0.17 0.245 0.01)
(0.175 0.245 0.01)
(0.18 0.245 0.01)
(0.185 0.245 0.01)
(0.19 0.245 0.01)
(0.195 0.245 0.01)
(0.2 0.245 0.01)
(0.205 0.245 0.01)
(0.21 0.245 0.01)
(0.215 0.245 0.01)
(0.22 0.245 0.01)
(0.225 0.245 0.01)
(0.23 0.245 0.01)
(0.235 0.245 0.01)
(0.24 0.245 0.01)
(0.245 0.245 0.01)
(0.25 0.245 0.01)
(0.155 0.25 0.01)
(0.16 0.25 0.01)
(0.165 0.25 0.01)
(0.17 0.25 0.01)
(0.175 0.25 0.01)
(0.18 0.25 0.01)
(0.185 0.25 0.01)
(0.19 0.25 0.01)
(0.195 0.25 0.01)
(0.2 0.25 0.01)
(0.205 0.25 0.01)
(0.21 0.25 0.01)
(0.215 0.25 0.01)
(0.22 0.25 0.01)
(0.225 0.25 0.01)
(0.23 0.25 0.01)
(0.235 0.25 0.01)
(0.24 0.25 0.01)
(0.245 0.25 0.01)
(0.25 0.25 0.01)
(0.2625 0.155 0)
(0.275 0.155 0)
(0.2875 0.155 0)
(0.3 0.155 0)
(0.3125 0.155 0)
(0.325 0.155 0)
(0.3375 0.155 0)
(0.35 0.155 0)
(0.3625 0.155 0)
(0.375 0.155 0)
(0.3875 0.155 0)
(0.4 0.155 0)
(0.4125 0.155 0)
(0.425 0.155 0)
(0.4375 0.155 0)
(0.45 0.155 0)
(0.4625 0.155 0)
(0.475 0.155 0)
(0.4875 0.155 0)
(0.5 0.155 0)
(0.5125 0.155 0)
(0.525 0.155 0)
(0.5375 0.155 0)
(0.55 0.155 0)
(0.5625 0.155 0)
(0.575 0.155 0)
(0.5875 0.155 0)
(0.6 0.155 0)
(0.6125 0.155 0)
(0.625 0.155 0)
(0.6375 0.155 0)
(0.65 0.155 0)
(0.6625 0.155 0)
(0.675 0.155 0)
(0.6875 0.155 0)
(0.7 0.155 0)
(0.7125 0.155 0)
(0.725 0.155 0)
(0.7375 0.155 0)
(0.75 0.155 0)
(0.7625 0.155 0)
(0.775 0.155 0)
(0.7875 0.155 0)
(0.8 0.155 0)
(0.8125 0.155 0)
(0.825 0.155 0)
(0.8375 0.155 0)
(0.85 0.155 0)
(0.8625 0.155 0)
(0.875 0.155 0)
(0.8875 0.155 0)
(0.9 0.155 0)
(0.9125 0.155 0)
(0.925 0.155 0)
(0.9375 0.155 0)
(0.95 0.155 0)
(0.9625 0.155 0)
(0.975 0.155 0)
(0.9875 0.155 0)
(1 0.155 0)
(1.0125 0.155 0)
(1.025 0.155 0)
(1.0375 0.155 0)
(1.05 0.155 0)
(1.0625 0.155 0)
(1.075 0.155 0)
(1.0875 0.155 0)
(1.1 0.155 0)
(1.1125 0.155 0)
(1.125 0.155 0)
(1.1375 0.155 0)
(1.15 0.155 0)
(1.1625 0.155 0)
(1.175 0.155 0)
(1.1875 0.155 0)
(1.2 0.155 0)
(1.2125 0.155 0)
(1.225 0.155 0)
(1.2375 0.155 0)
(1.25 0.155 0)
(1.2625 0.155 0)
(1.275 0.155 0)
(1.2875 0.155 0)
(1.3 0.155 0)
(1.3125 0.155 0)
(1.325 0.155 0)
(1.3375 0.155 0)
(1.35 0.155 0)
(1.3625 0.155 0)
(1.375 0.155 0)
(1.3875 0.155 0)
(1.4 0.155 0)
(1.4125 0.155 0)
(1.425 0.155 0)
(1.4375 0.155 0)
(1.45 0.155 0)
(1.4625 0.155 0)
(1.475 0.155 0)
(1.4875 0.155 0)
(1.5 0.155 0)
(1.5125 0.155 0)
(1.525 0.155 0)
(1.5375 0.155 0)
(1.55 0.155 0)
(1.5625 0.155 0)
(1.575 0.155 0)
(1.5875 0.155 0)
(1.6 0.155 0)
(1.6125 0.155 0)
(1.625 0.155 0)
(1.6375 0.155 0)
(1.65 0.155 0)
(1.6625 0.155 0)
(1.675 0.155 0)
(1.6875 0.155 0)
(1.7 0.155 0)
(1.7125 0.155 0)
(1.725 0.155 0)
(1.7375 0.155 0)
(1.75 0.155 0)
(1.7625 0.155 0)
(1.775 0.155 0)
(1.7875 0.155 0)
(1.8 0.155 0)
(1.8125 0.155 0)
(1.825 0.155 0)
(1.8375 0.155 0)
(1.85 0.155 0)
(1.8625 0.155 0)
(1.875 0.155 0)
(1.8875 0.155 0)
(1.9 0.155 0)
(1.9125 0.155 0)
(1.925 0.155 0)
(1.9375 0.155 0)
(1.95 0.155 0)
(1.9625 0.155 0)
(1.975 0.155 0)
(1.9875 0.155 0)
(2 0.155 0)
(2.0125 0.155 0)
(2.025 0.155 0)
(2.0375 0.155 0)
(2.05 0.155 0)
(2.0625 0.155 0)
(2.075 0.155 0)
(2.0875 0.155 0)
(2.1 0.155 0)
(2.1125 0.155 0)
(2.125 0.155 0)
(2.1375 0.155 0)
(2.15 0.155 0)
(2.1625 0.155 0)
(2.175 0.155 0)
(2.1875 0.155 0)
(2.2 0.155 0)
(2.2125 0.155 0)
(2.225 0.155 0)
(2.2375 0.155 0)
(2.25 0.155 0)
(2.2625 0.155 0)
(2.275 0.155 0)
(2.2875 0.155 0)
(2.3 0.155 0)
(2.3125 0.155 0)
(2.325 0.155 0)
(2.3375 0.155 0)
(2.35 0.155 0)
(2.3625 0.155 0)
(2.375 0.155 0)
(2.3875 0.155 0)
(2.4 0.155 0)
(2.4125 0.155 0)
(2.425 0.155 0)
(2.4375 0.155 0)
(2.45 0.155 0)
(2.4625 0.155 0)
(2.475 0.155 0)
(2.4875 0.155 0)
(2.5 0.155 0)
(0.2625 0.16 0)
(0.275 0.16 0)
(0.2875 0.16 0)
(0.3 0.16 0)
(0.3125 0.16 0)
(0.325 0.16 0)
(0.3375 0.16 0)
(0.35 0.16 0)
(0.3625 0.16 0)
(0.375 0.16 0)
(0.3875 0.16 0)
(0.4 0.16 0)
(0.4125 0.16 0)
(0.425 0.16 0)
(0.4375 0.16 0)
(0.45 0.16 0)
(0.4625 0.16 0)
(0.475 0.16 0)
(0.4875 0.16 0)
(0.5 0.16 0)
(0.5125 0.16 0)
(0.525 0.16 0)
(0.5375 0.16 0)
(0.55 0.16 0)
(0.5625 0.16 0)
(0.575 0.16 0)
(0.5875 0.16 0)
(0.6 0.16 0)
(0.6125 0.16 0)
(0.625 0.16 0)
(0.6375 0.16 0)
(0.65 0.16 0)
(0.6625 0.16 0)
(0.675 0.16 0)
(0.6875 0.16 0)
(0.7 0.16 0)
(0.7125 0.16 0)
(0.725 0.16 0)
(0.7375 0.16 0)
(0.75 0.16 0)
(0.7625 0.16 0)
(0.775 0.16 0)
(0.7875 0.16 0)
(0.8 0.16 0)
(0.8125 0.16 0)
(0.825 0.16 0)
(0.8375 0.16 0)
(0.85 0.16 0)
(0.8625 0.16 0)
(0.875 0.16 0)
(0.8875 0.16 0)
(0.9 0.16 0)
(0.9125 0.16 0)
(0.925 0.16 0)
(0.9375 0.16 0)
(0.95 0.16 0)
(0.9625 0.16 0)
(0.975 0.16 0)
(0.9875 0.16 0)
(1 0.16 0)
(1.0125 0.16 0)
(1.025 0.16 0)
(1.0375 0.16 0)
(1.05 0.16 0)
(1.0625 0.16 0)
(1.075 0.16 0)
(1.0875 0.16 0)
(1.1 0.16 0)
(1.1125 0.16 0)
(1.125 0.16 0)
(1.1375 0.16 0)
(1.15 0.16 0)
(1.1625 0.16 0)
(1.175 0.16 0)
(1.1875 0.16 0)
(1.2 0.16 0)
(1.2125 0.16 0)
(1.225 0.16 0)
(1.2375 0.16 0)
(1.25 0.16 0)
(1.2625 0.16 0)
(1.275 0.16 0)
(1.2875 0.16 0)
(1.3 0.16 0)
(1.3125 0.16 0)
(1.325 0.16 0)
(1.3375 0.16 0)
(1.35 0.16 0)
(1.3625 0.16 0)
(1.375 0.16 0)
(1.3875 0.16 0)
(1.4 0.16 0)
(1.4125 0.16 0)
(1.425 0.16 0)
(1.4375 0.16 0)
(1.45 0.16 0)
(1.4625 0.16 0)
(1.475 0.16 0)
(1.4875 0.16 0)
(1.5 0.16 0)
(1.5125 0.16 0)
(1.525 0.16 0)
(1.5375 0.16 0)
(1.55 0.16 0)
(1.5625 0.16 0)
(1.575 0.16 0)
(1.5875 0.16 0)
(1.6 0.16 0)
(1.6125 0.16 0)
(1.625 0.16 0)
(1.6375 0.16 0)
(1.65 0.16 0)
(1.6625 0.16 0)
(1.675 0.16 0)
(1.6875 0.16 0)
(1.7 0.16 0)
(1.7125 0.16 0)
(1.725 0.16 0)
(1.7375 0.16 0)
(1.75 0.16 0)
(1.7625 0.16 0)
(1.775 0.16 0)
(1.7875 0.16 0)
(1.8 0.16 0)
(1.8125 0.16 0)
(1.825 0.16 0)
(1.8375 0.16 0)
(1.85 0.16 0)
(1.8625 0.16 0)
(1.875 0.16 0)
(1.8875 0.16 0)
(1.9 0.16 0)
(1.9125 0.16 0)
(1.925 0.16 0)
(1.9375 0.16 0)
(1.95 0.16 0)
(1.9625 0.16 0)
(1.975 0.16 0)
(1.9875 0.16 0)
(2 0.16 0)
(2.0125 0.16 0)
(2.025 0.16 0)
(2.0375 0.16 0)
(2.05 0.16 0)
(2.0625 0.16 0)
(2.075 0.16 0)
(2.0875 0.16 0)
(2.1 0.16 0)
(2.1125 0.16 0)
(2.125 0.16 0)
(2.1375 0.16 0)
(2.15 0.16 0)
(2.1625 0.16 0)
(2.175 0.16 0)
(2.1875 0.16 0)
(2.2 0.16 0)
(2.2125 0.16 0)
(2.225 0.16 0)
(2.2375 0.16 0)
(2.25 0.16 0)
(2.2625 0.16 0)
(2.275 0.16 0)
(2.2875 0.16 0)
(2.3 0.16 0)
(2.3125 0.16 0)
(2.325 0.16 0)
(2.3375 0.16 0)
(2.35 0.16 0)
(2.3625 0.16 0)
(2.375 0.16 0)
(2.3875 0.16 0)
(2.4 0.16 0)
(2.4125 0.16 0)
(2.425 0.16 0)
(2.4375 0.16 0)
(2.45 0.16 0)
(2.4625 0.16 0)
(2.475 0.16 0)
(2.4875 0.16 0)
(2.5 0.16 0)
(0.2625 0.165 0)
(0.275 0.165 0)
(0.2875 0.165 0)
(0.3 0.165 0)
(0.3125 0.165 0)
(0.325 0.165 0)
(0.3375 0.165 0)
(0.35 0.165 0)
(0.3625 0.165 0)
(0.375 0.165 0)
(0.3875 0.165 0)
(0.4 0.165 0)
(0.4125 0.165 0)
(0.425 0.165 0)
(0.4375 0.165 0)
(0.45 0.165 0)
(0.4625 0.165 0)
(0.475 0.165 0)
(0.4875 0.165 0)
(0.5 0.165 0)
(0.5125 0.165 0)
(0.525 0.165 0)
(0.5375 0.165 0)
(0.55 0.165 0)
(0.5625 0.165 0)
(0.575 0.165 0)
(0.5875 0.165 0)
(0.6 0.165 0)
(0.6125 0.165 0)
(0.625 0.165 0)
(0.6375 0.165 0)
(0.65 0.165 0)
(0.6625 0.165 0)
(0.675 0.165 0)
(0.6875 0.165 0)
(0.7 0.165 0)
(0.7125 0.165 0)
(0.725 0.165 0)
(0.7375 0.165 0)
(0.75 0.165 0)
(0.7625 0.165 0)
(0.775 0.165 0)
(0.7875 0.165 0)
(0.8 0.165 0)
(0.8125 0.165 0)
(0.825 0.165 0)
(0.8375 0.165 0)
(0.85 0.165 0)
(0.8625 0.165 0)
(0.875 0.165 0)
(0.8875 0.165 0)
(0.9 0.165 0)
(0.9125 0.165 0)
(0.925 0.165 0)
(0.9375 0.165 0)
(0.95 0.165 0)
(0.9625 0.165 0)
(0.975 0.165 0)
(0.9875 0.165 0)
(1 0.165 0)
(1.0125 0.165 0)
(1.025 0.165 0)
(1.0375 0.165 0)
(1.05 0.165 0)
(1.0625 0.165 0)
(1.075 0.165 0)
(1.0875 0.165 0)
(1.1 0.165 0)
(1.1125 0.165 0)
(1.125 0.165 0)
(1.1375 0.165 0)
(1.15 0.165 0)
(1.1625 0.165 0)
(1.175 0.165 0)
(1.1875 0.165 0)
(1.2 0.165 0)
(1.2125 0.165 0)
(1.225 0.165 0)
(1.2375 0.165 0)
(1.25 0.165 0)
(1.2625 0.165 0)
(1.275 0.165 0)
(1.2875 0.165 0)
(1.3 0.165 0)
(1.3125 0.165 0)
(1.325 0.165 0)
(1.3375 0.165 0)
(1.35 0.165 0)
(1.3625 0.165 0)
(1.375 0.165 0)
(1.3875 0.165 0)
(1.4 0.165 0)
(1.4125 0.165 0)
(1.425 0.165 0)
(1.4375 0.165 0)
(1.45 0.165 0)
(1.4625 0.165 0)
(1.475 0.165 0)
(1.4875 0.165 0)
(1.5 0.165 0)
(1.5125 0.165 0)
(1.525 0.165 0)
(1.5375 0.165 0)
(1.55 0.165 0)
(1.5625 0.165 0)
(1.575 0.165 0)
(1.5875 0.165 0)
(1.6 0.165 0)
(1.6125 0.165 0)
(1.625 0.165 0)
(1.6375 0.165 0)
(1.65 0.165 0)
(1.6625 0.165 0)
(1.675 0.165 0)
(1.6875 0.165 0)
(1.7 0.165 0)
(1.7125 0.165 0)
(1.725 0.165 0)
(1.7375 0.165 0)
(1.75 0.165 0)
(1.7625 0.165 0)
(1.775 0.165 0)
(1.7875 0.165 0)
(1.8 0.165 0)
(1.8125 0.165 0)
(1.825 0.165 0)
(1.8375 0.165 0)
(1.85 0.165 0)
(1.8625 0.165 0)
(1.875 0.165 0)
(1.8875 0.165 0)
(1.9 0.165 0)
(1.9125 0.165 0)
(1.925 0.165 0)
(1.9375 0.165 0)
(1.95 0.165 0)
(1.9625 0.165 0)
(1.975 0.165 0)
(1.9875 0.165 0)
(2 0.165 0)
(2.0125 0.165 0)
(2.025 0.165 0)
(2.0375 0.165 0)
(2.05 0.165 0)
(2.0625 0.165 0)
(2.075 0.165 0)
(2.0875 0.165 0)
(2.1 0.165 0)
(2.1125 0.165 0)
(2.125 0.165 0)
(2.1375 0.165 0)
(2.15 0.165 0)
(2.1625 0.165 0)
(2.175 0.165 0)
(2.1875 0.165 0)
(2.2 0.165 0)
(2.2125 0.165 0)
(2.225 0.165 0)
(2.2375 0.165 0)
(2.25 0.165 0)
(2.2625 0.165 0)
(2.275 0.165 0)
(2.2875 0.165 0)
(2.3 0.165 0)
(2.3125 0.165 0)
(2.325 0.165 0)
(2.3375 0.165 0)
(2.35 0.165 0)
(2.3625 0.165 0)
(2.375 0.165 0)
(2.3875 0.165 0)
(2.4 0.165 0)
(2.4125 0.165 0)
(2.425 0.165 0)
(2.4375 0.165 0)
(2.45 0.165 0)
(2.4625 0.165 0)
(2.475 0.165 0)
(2.4875 0.165 0)
(2.5 0.165 0)
(0.2625 0.17 0)
(0.275 0.17 0)
(0.2875 0.17 0)
(0.3 0.17 0)
(0.3125 0.17 0)
(0.325 0.17 0)
(0.3375 0.17 0)
(0.35 0.17 0)
(0.3625 0.17 0)
(0.375 0.17 0)
(0.3875 0.17 0)
(0.4 0.17 0)
(0.4125 0.17 0)
(0.425 0.17 0)
(0.4375 0.17 0)
(0.45 0.17 0)
(0.4625 0.17 0)
(0.475 0.17 0)
(0.4875 0.17 0)
(0.5 0.17 0)
(0.5125 0.17 0)
(0.525 0.17 0)
(0.5375 0.17 0)
(0.55 0.17 0)
(0.5625 0.17 0)
(0.575 0.17 0)
(0.5875 0.17 0)
(0.6 0.17 0)
(0.6125 0.17 0)
(0.625 0.17 0)
(0.6375 0.17 0)
(0.65 0.17 0)
(0.6625 0.17 0)
(0.675 0.17 0)
(0.6875 0.17 0)
(0.7 0.17 0)
(0.7125 0.17 0)
(0.725 0.17 0)
(0.7375 0.17 0)
(0.75 0.17 0)
(0.7625 0.17 0)
(0.775 0.17 0)
(0.7875 0.17 0)
(0.8 0.17 0)
(0.8125 0.17 0)
(0.825 0.17 0)
(0.8375 0.17 0)
(0.85 0.17 0)
(0.8625 0.17 0)
(0.875 0.17 0)
(0.8875 0.17 0)
(0.9 0.17 0)
(0.9125 0.17 0)
(0.925 0.17 0)
(0.9375 0.17 0)
(0.95 0.17 0)
(0.9625 0.17 0)
(0.975 0.17 0)
(0.9875 0.17 0)
(1 0.17 0)
(1.0125 0.17 0)
(1.025 0.17 0)
(1.0375 0.17 0)
(1.05 0.17 0)
(1.0625 0.17 0)
(1.075 0.17 0)
(1.0875 0.17 0)
(1.1 0.17 0)
(1.1125 0.17 0)
(1.125 0.17 0)
(1.1375 0.17 0)
(1.15 0.17 0)
(1.1625 0.17 0)
(1.175 0.17 0)
(1.1875 0.17 0)
(1.2 0.17 0)
(1.2125 0.17 0)
(1.225 0.17 0)
(1.2375 0.17 0)
(1.25 0.17 0)
(1.2625 0.17 0)
(1.275 0.17 0)
(1.2875 0.17 0)
(1.3 0.17 0)
(1.3125 0.17 0)
(1.325 0.17 0)
(1.3375 0.17 0)
(1.35 0.17 0)
(1.3625 0.17 0)
(1.375 0.17 0)
(1.3875 0.17 0)
(1.4 0.17 0)
(1.4125 0.17 0)
(1.425 0.17 0)
(1.4375 0.17 0)
(1.45 0.17 0)
(1.4625 0.17 0)
(1.475 0.17 0)
(1.4875 0.17 0)
(1.5 0.17 0)
(1.5125 0.17 0)
(1.525 0.17 0)
(1.5375 0.17 0)
(1.55 0.17 0)
(1.5625 0.17 0)
(1.575 0.17 0)
(1.5875 0.17 0)
(1.6 0.17 0)
(1.6125 0.17 0)
(1.625 0.17 0)
(1.6375 0.17 0)
(1.65 0.17 0)
(1.6625 0.17 0)
(1.675 0.17 0)
(1.6875 0.17 0)
(1.7 0.17 0)
(1.7125 0.17 0)
(1.725 0.17 0)
(1.7375 0.17 0)
(1.75 0.17 0)
(1.7625 0.17 0)
(1.775 0.17 0)
(1.7875 0.17 0)
(1.8 0.17 0)
(1.8125 0.17 0)
(1.825 0.17 0)
(1.8375 0.17 0)
(1.85 0.17 0)
(1.8625 0.17 0)
(1.875 0.17 0)
(1.8875 0.17 0)
(1.9 0.17 0)
(1.9125 0.17 0)
(1.925 0.17 0)
(1.9375 0.17 0)
(1.95 0.17 0)
(1.9625 0.17 0)
(1.975 0.17 0)
(1.9875 0.17 0)
(2 0.17 0)
(2.0125 0.17 0)
(2.025 0.17 0)
(2.0375 0.17 0)
(2.05 0.17 0)
(2.0625 0.17 0)
(2.075 0.17 0)
(2.0875 0.17 0)
(2.1 0.17 0)
(2.1125 0.17 0)
(2.125 0.17 0)
(2.1375 0.17 0)
(2.15 0.17 0)
(2.1625 0.17 0)
(2.175 0.17 0)
(2.1875 0.17 0)
(2.2 0.17 0)
(2.2125 0.17 0)
(2.225 0.17 0)
(2.2375 0.17 0)
(2.25 0.17 0)
(2.2625 0.17 0)
(2.275 0.17 0)
(2.2875 0.17 0)
(2.3 0.17 0)
(2.3125 0.17 0)
(2.325 0.17 0)
(2.3375 0.17 0)
(2.35 0.17 0)
(2.3625 0.17 0)
(2.375 0.17 0)
(2.3875 0.17 0)
(2.4 0.17 0)
(2.4125 0.17 0)
(2.425 0.17 0)
(2.4375 0.17 0)
(2.45 0.17 0)
(2.4625 0.17 0)
(2.475 0.17 0)
(2.4875 0.17 0)
(2.5 0.17 0)
(0.2625 0.175 0)
(0.275 0.175 0)
(0.2875 0.175 0)
(0.3 0.175 0)
(0.3125 0.175 0)
(0.325 0.175 0)
(0.3375 0.175 0)
(0.35 0.175 0)
(0.3625 0.175 0)
(0.375 0.175 0)
(0.3875 0.175 0)
(0.4 0.175 0)
(0.4125 0.175 0)
(0.425 0.175 0)
(0.4375 0.175 0)
(0.45 0.175 0)
(0.4625 0.175 0)
(0.475 0.175 0)
(0.4875 0.175 0)
(0.5 0.175 0)
(0.5125 0.175 0)
(0.525 0.175 0)
(0.5375 0.175 0)
(0.55 0.175 0)
(0.5625 0.175 0)
(0.575 0.175 0)
(0.5875 0.175 0)
(0.6 0.175 0)
(0.6125 0.175 0)
(0.625 0.175 0)
(0.6375 0.175 0)
(0.65 0.175 0)
(0.6625 0.175 0)
(0.675 0.175 0)
(0.6875 0.175 0)
(0.7 0.175 0)
(0.7125 0.175 0)
(0.725 0.175 0)
(0.7375 0.175 0)
(0.75 0.175 0)
(0.7625 0.175 0)
(0.775 0.175 0)
(0.7875 0.175 0)
(0.8 0.175 0)
(0.8125 0.175 0)
(0.825 0.175 0)
(0.8375 0.175 0)
(0.85 0.175 0)
(0.8625 0.175 0)
(0.875 0.175 0)
(0.8875 0.175 0)
(0.9 0.175 0)
(0.9125 0.175 0)
(0.925 0.175 0)
(0.9375 0.175 0)
(0.95 0.175 0)
(0.9625 0.175 0)
(0.975 0.175 0)
(0.9875 0.175 0)
(1 0.175 0)
(1.0125 0.175 0)
(1.025 0.175 0)
(1.0375 0.175 0)
(1.05 0.175 0)
(1.0625 0.175 0)
(1.075 0.175 0)
(1.0875 0.175 0)
(1.1 0.175 0)
(1.1125 0.175 0)
(1.125 0.175 0)
(1.1375 0.175 0)
(1.15 0.175 0)
(1.1625 0.175 0)
(1.175 0.175 0)
(1.1875 0.175 0)
(1.2 0.175 0)
(1.2125 0.175 0)
(1.225 0.175 0)
(1.2375 0.175 0)
(1.25 0.175 0)
(1.2625 0.175 0)
(1.275 0.175 0)
(1.2875 0.175 0)
(1.3 0.175 0)
(1.3125 0.175 0)
(1.325 0.175 0)
(1.3375 0.175 0)
(1.35 0.175 0)
(1.3625 0.175 0)
(1.375 0.175 0)
(1.3875 0.175 0)
(1.4 0.175 0)
(1.4125 0.175 0)
(1.425 0.175 0)
(1.4375 0.175 0)
(1.45 0.175 0)
(1.4625 0.175 0)
(1.475 0.175 0)
(1.4875 0.175 0)
(1.5 0.175 0)
(1.5125 0.175 0)
(1.525 0.175 0)
(1.5375 0.175 0)
(1.55 0.175 0)
(1.5625 0.175 0)
(1.575 0.175 0)
(1.5875 0.175 0)
(1.6 0.175 0)
(1.6125 0.175 0)
(1.625 0.175 0)
(1.6375 0.175 0)
(1.65 0.175 0)
(1.6625 0.175 0)
(1.675 0.175 0)
(1.6875 0.175 0)
(1.7 0.175 0)
(1.7125 0.175 0)
(1.725 0.175 0)
(1.7375 0.175 0)
(1.75 0.175 0)
(1.7625 0.175 0)
(1.775 0.175 0)
(1.7875 0.175 0)
(1.8 0.175 0)
(1.8125 0.175 0)
(1.825 0.175 0)
(1.8375 0.175 0)
(1.85 0.175 0)
(1.8625 0.175 0)
(1.875 0.175 0)
(1.8875 0.175 0)
(1.9 0.175 0)
(1.9125 0.175 0)
(1.925 0.175 0)
(1.9375 0.175 0)
(1.95 0.175 0)
(1.9625 0.175 0)
(1.975 0.175 0)
(1.9875 0.175 0)
(2 0.175 0)
(2.0125 0.175 0)
(2.025 0.175 0)
(2.0375 0.175 0)
(2.05 0.175 0)
(2.0625 0.175 0)
(2.075 0.175 0)
(2.0875 0.175 0)
(2.1 0.175 0)
(2.1125 0.175 0)
(2.125 0.175 0)
(2.1375 0.175 0)
(2.15 0.175 0)
(2.1625 0.175 0)
(2.175 0.175 0)
(2.1875 0.175 0)
(2.2 0.175 0)
(2.2125 0.175 0)
(2.225 0.175 0)
(2.2375 0.175 0)
(2.25 0.175 0)
(2.2625 0.175 0)
(2.275 0.175 0)
(2.2875 0.175 0)
(2.3 0.175 0)
(2.3125 0.175 0)
(2.325 0.175 0)
(2.3375 0.175 0)
(2.35 0.175 0)
(2.3625 0.175 0)
(2.375 0.175 0)
(2.3875 0.175 0)
(2.4 0.175 0)
(2.4125 0.175 0)
(2.425 0.175 0)
(2.4375 0.175 0)
(2.45 0.175 0)
(2.4625 0.175 0)
(2.475 0.175 0)
(2.4875 0.175 0)
(2.5 0.175 0)
(0.2625 0.18 0)
(0.275 0.18 0)
(0.2875 0.18 0)
(0.3 0.18 0)
(0.3125 0.18 0)
(0.325 0.18 0)
(0.3375 0.18 0)
(0.35 0.18 0)
(0.3625 0.18 0)
(0.375 0.18 0)
(0.3875 0.18 0)
(0.4 0.18 0)
(0.4125 0.18 0)
(0.425 0.18 0)
(0.4375 0.18 0)
(0.45 0.18 0)
(0.4625 0.18 0)
(0.475 0.18 0)
(0.4875 0.18 0)
(0.5 0.18 0)
(0.5125 0.18 0)
(0.525 0.18 0)
(0.5375 0.18 0)
(0.55 0.18 0)
(0.5625 0.18 0)
(0.575 0.18 0)
(0.5875 0.18 0)
(0.6 0.18 0)
(0.6125 0.18 0)
(0.625 0.18 0)
(0.6375 0.18 0)
(0.65 0.18 0)
(0.6625 0.18 0)
(0.675 0.18 0)
(0.6875 0.18 0)
(0.7 0.18 0)
(0.7125 0.18 0)
(0.725 0.18 0)
(0.7375 0.18 0)
(0.75 0.18 0)
(0.7625 0.18 0)
(0.775 0.18 0)
(0.7875 0.18 0)
(0.8 0.18 0)
(0.8125 0.18 0)
(0.825 0.18 0)
(0.8375 0.18 0)
(0.85 0.18 0)
(0.8625 0.18 0)
(0.875 0.18 0)
(0.8875 0.18 0)
(0.9 0.18 0)
(0.9125 0.18 0)
(0.925 0.18 0)
(0.9375 0.18 0)
(0.95 0.18 0)
(0.9625 0.18 0)
(0.975 0.18 0)
(0.9875 0.18 0)
(1 0.18 0)
(1.0125 0.18 0)
(1.025 0.18 0)
(1.0375 0.18 0)
(1.05 0.18 0)
(1.0625 0.18 0)
(1.075 0.18 0)
(1.0875 0.18 0)
(1.1 0.18 0)
(1.1125 0.18 0)
(1.125 0.18 0)
(1.1375 0.18 0)
(1.15 0.18 0)
(1.1625 0.18 0)
(1.175 0.18 0)
(1.1875 0.18 0)
(1.2 0.18 0)
(1.2125 0.18 0)
(1.225 0.18 0)
(1.2375 0.18 0)
(1.25 0.18 0)
(1.2625 0.18 0)
(1.275 0.18 0)
(1.2875 0.18 0)
(1.3 0.18 0)
(1.3125 0.18 0)
(1.325 0.18 0)
(1.3375 0.18 0)
(1.35 0.18 0)
(1.3625 0.18 0)
(1.375 0.18 0)
(1.3875 0.18 0)
(1.4 0.18 0)
(1.4125 0.18 0)
(1.425 0.18 0)
(1.4375 0.18 0)
(1.45 0.18 0)
(1.4625 0.18 0)
(1.475 0.18 0)
(1.4875 0.18 0)
(1.5 0.18 0)
(1.5125 0.18 0)
(1.525 0.18 0)
(1.5375 0.18 0)
(1.55 0.18 0)
(1.5625 0.18 0)
(1.575 0.18 0)
(1.5875 0.18 0)
(1.6 0.18 0)
(1.6125 0.18 0)
(1.625 0.18 0)
(1.6375 0.18 0)
(1.65 0.18 0)
(1.6625 0.18 0)
(1.675 0.18 0)
(1.6875 0.18 0)
(1.7 0.18 0)
(1.7125 0.18 0)
(1.725 0.18 0)
(1.7375 0.18 0)
(1.75 0.18 0)
(1.7625 0.18 0)
(1.775 0.18 0)
(1.7875 0.18 0)
(1.8 0.18 0)
(1.8125 0.18 0)
(1.825 0.18 0)
(1.8375 0.18 0)
(1.85 0.18 0)
(1.8625 0.18 0)
(1.875 0.18 0)
(1.8875 0.18 0)
(1.9 0.18 0)
(1.9125 0.18 0)
(1.925 0.18 0)
(1.9375 0.18 0)
(1.95 0.18 0)
(1.9625 0.18 0)
(1.975 0.18 0)
(1.9875 0.18 0)
(2 0.18 0)
(2.0125 0.18 0)
(2.025 0.18 0)
(2.0375 0.18 0)
(2.05 0.18 0)
(2.0625 0.18 0)
(2.075 0.18 0)
(2.0875 0.18 0)
(2.1 0.18 0)
(2.1125 0.18 0)
(2.125 0.18 0)
(2.1375 0.18 0)
(2.15 0.18 0)
(2.1625 0.18 0)
(2.175 0.18 0)
(2.1875 0.18 0)
(2.2 0.18 0)
(2.2125 0.18 0)
(2.225 0.18 0)
(2.2375 0.18 0)
(2.25 0.18 0)
(2.2625 0.18 0)
(2.275 0.18 0)
(2.2875 0.18 0)
(2.3 0.18 0)
(2.3125 0.18 0)
(2.325 0.18 0)
(2.3375 0.18 0)
(2.35 0.18 0)
(2.3625 0.18 0)
(2.375 0.18 0)
(2.3875 0.18 0)
(2.4 0.18 0)
(2.4125 0.18 0)
(2.425 0.18 0)
(2.4375 0.18 0)
(2.45 0.18 0)
(2.4625 0.18 0)
(2.475 0.18 0)
(2.4875 0.18 0)
(2.5 0.18 0)
(0.2625 0.185 0)
(0.275 0.185 0)
(0.2875 0.185 0)
(0.3 0.185 0)
(0.3125 0.185 0)
(0.325 0.185 0)
(0.3375 0.185 0)
(0.35 0.185 0)
(0.3625 0.185 0)
(0.375 0.185 0)
(0.3875 0.185 0)
(0.4 0.185 0)
(0.4125 0.185 0)
(0.425 0.185 0)
(0.4375 0.185 0)
(0.45 0.185 0)
(0.4625 0.185 0)
(0.475 0.185 0)
(0.4875 0.185 0)
(0.5 0.185 0)
(0.5125 0.185 0)
(0.525 0.185 0)
(0.5375 0.185 0)
(0.55 0.185 0)
(0.5625 0.185 0)
(0.575 0.185 0)
(0.5875 0.185 0)
(0.6 0.185 0)
(0.6125 0.185 0)
(0.625 0.185 0)
(0.6375 0.185 0)
(0.65 0.185 0)
(0.6625 0.185 0)
(0.675 0.185 0)
(0.6875 0.185 0)
(0.7 0.185 0)
(0.7125 0.185 0)
(0.725 0.185 0)
(0.7375 0.185 0)
(0.75 0.185 0)
(0.7625 0.185 0)
(0.775 0.185 0)
(0.7875 0.185 0)
(0.8 0.185 0)
(0.8125 0.185 0)
(0.825 0.185 0)
(0.8375 0.185 0)
(0.85 0.185 0)
(0.8625 0.185 0)
(0.875 0.185 0)
(0.8875 0.185 0)
(0.9 0.185 0)
(0.9125 0.185 0)
(0.925 0.185 0)
(0.9375 0.185 0)
(0.95 0.185 0)
(0.9625 0.185 0)
(0.975 0.185 0)
(0.9875 0.185 0)
(1 0.185 0)
(1.0125 0.185 0)
(1.025 0.185 0)
(1.0375 0.185 0)
(1.05 0.185 0)
(1.0625 0.185 0)
(1.075 0.185 0)
(1.0875 0.185 0)
(1.1 0.185 0)
(1.1125 0.185 0)
(1.125 0.185 0)
(1.1375 0.185 0)
(1.15 0.185 0)
(1.1625 0.185 0)
(1.175 0.185 0)
(1.1875 0.185 0)
(1.2 0.185 0)
(1.2125 0.185 0)
(1.225 0.185 0)
(1.2375 0.185 0)
(1.25 0.185 0)
(1.2625 0.185 0)
(1.275 0.185 0)
(1.2875 0.185 0)
(1.3 0.185 0)
(1.3125 0.185 0)
(1.325 0.185 0)
(1.3375 0.185 0)
(1.35 0.185 0)
(1.3625 0.185 0)
(1.375 0.185 0)
(1.3875 0.185 0)
(1.4 0.185 0)
(1.4125 0.185 0)
(1.425 0.185 0)
(1.4375 0.185 0)
(1.45 0.185 0)
(1.4625 0.185 0)
(1.475 0.185 0)
(1.4875 0.185 0)
(1.5 0.185 0)
(1.5125 0.185 0)
(1.525 0.185 0)
(1.5375 0.185 0)
(1.55 0.185 0)
(1.5625 0.185 0)
(1.575 0.185 0)
(1.5875 0.185 0)
(1.6 0.185 0)
(1.6125 0.185 0)
(1.625 0.185 0)
(1.6375 0.185 0)
(1.65 0.185 0)
(1.6625 0.185 0)
(1.675 0.185 0)
(1.6875 0.185 0)
(1.7 0.185 0)
(1.7125 0.185 0)
(1.725 0.185 0)
(1.7375 0.185 0)
(1.75 0.185 0)
(1.7625 0.185 0)
(1.775 0.185 0)
(1.7875 0.185 0)
(1.8 0.185 0)
(1.8125 0.185 0)
(1.825 0.185 0)
(1.8375 0.185 0)
(1.85 0.185 0)
(1.8625 0.185 0)
(1.875 0.185 0)
(1.8875 0.185 0)
(1.9 0.185 0)
(1.9125 0.185 0)
(1.925 0.185 0)
(1.9375 0.185 0)
(1.95 0.185 0)
(1.9625 0.185 0)
(1.975 0.185 0)
(1.9875 0.185 0)
(2 0.185 0)
(2.0125 0.185 0)
(2.025 0.185 0)
(2.0375 0.185 0)
(2.05 0.185 0)
(2.0625 0.185 0)
(2.075 0.185 0)
(2.0875 0.185 0)
(2.1 0.185 0)
(2.1125 0.185 0)
(2.125 0.185 0)
(2.1375 0.185 0)
(2.15 0.185 0)
(2.1625 0.185 0)
(2.175 0.185 0)
(2.1875 0.185 0)
(2.2 0.185 0)
(2.2125 0.185 0)
(2.225 0.185 0)
(2.2375 0.185 0)
(2.25 0.185 0)
(2.2625 0.185 0)
(2.275 0.185 0)
(2.2875 0.185 0)
(2.3 0.185 0)
(2.3125 0.185 0)
(2.325 0.185 0)
(2.3375 0.185 0)
(2.35 0.185 0)
(2.3625 0.185 0)
(2.375 0.185 0)
(2.3875 0.185 0)
(2.4 0.185 0)
(2.4125 0.185 0)
(2.425 0.185 0)
(2.4375 0.185 0)
(2.45 0.185 0)
(2.4625 0.185 0)
(2.475 0.185 0)
(2.4875 0.185 0)
(2.5 0.185 0)
(0.2625 0.19 0)
(0.275 0.19 0)
(0.2875 0.19 0)
(0.3 0.19 0)
(0.3125 0.19 0)
(0.325 0.19 0)
(0.3375 0.19 0)
(0.35 0.19 0)
(0.3625 0.19 0)
(0.375 0.19 0)
(0.3875 0.19 0)
(0.4 0.19 0)
(0.4125 0.19 0)
(0.425 0.19 0)
(0.4375 0.19 0)
(0.45 0.19 0)
(0.4625 0.19 0)
(0.475 0.19 0)
(0.4875 0.19 0)
(0.5 0.19 0)
(0.5125 0.19 0)
(0.525 0.19 0)
(0.5375 0.19 0)
(0.55 0.19 0)
(0.5625 0.19 0)
(0.575 0.19 0)
(0.5875 0.19 0)
(0.6 0.19 0)
(0.6125 0.19 0)
(0.625 0.19 0)
(0.6375 0.19 0)
(0.65 0.19 0)
(0.6625 0.19 0)
(0.675 0.19 0)
(0.6875 0.19 0)
(0.7 0.19 0)
(0.7125 0.19 0)
(0.725 0.19 0)
(0.7375 0.19 0)
(0.75 0.19 0)
(0.7625 0.19 0)
(0.775 0.19 0)
(0.7875 0.19 0)
(0.8 0.19 0)
(0.8125 0.19 0)
(0.825 0.19 0)
(0.8375 0.19 0)
(0.85 0.19 0)
(0.8625 0.19 0)
(0.875 0.19 0)
(0.8875 0.19 0)
(0.9 0.19 0)
(0.9125 0.19 0)
(0.925 0.19 0)
(0.9375 0.19 0)
(0.95 0.19 0)
(0.9625 0.19 0)
(0.975 0.19 0)
(0.9875 0.19 0)
(1 0.19 0)
(1.0125 0.19 0)
(1.025 0.19 0)
(1.0375 0.19 0)
(1.05 0.19 0)
(1.0625 0.19 0)
(1.075 0.19 0)
(1.0875 0.19 0)
(1.1 0.19 0)
(1.1125 0.19 0)
(1.125 0.19 0)
(1.1375 0.19 0)
(1.15 0.19 0)
(1.1625 0.19 0)
(1.175 0.19 0)
(1.1875 0.19 0)
(1.2 0.19 0)
(1.2125 0.19 0)
(1.225 0.19 0)
(1.2375 0.19 0)
(1.25 0.19 0)
(1.2625 0.19 0)
(1.275 0.19 0)
(1.2875 0.19 0)
(1.3 0.19 0)
(1.3125 0.19 0)
(1.325 0.19 0)
(1.3375 0.19 0)
(1.35 0.19 0)
(1.3625 0.19 0)
(1.375 0.19 0)
(1.3875 0.19 0)
(1.4 0.19 0)
(1.4125 0.19 0)
(1.425 0.19 0)
(1.4375 0.19 0)
(1.45 0.19 0)
(1.4625 0.19 0)
(1.475 0.19 0)
(1.4875 0.19 0)
(1.5 0.19 0)
(1.5125 0.19 0)
(1.525 0.19 0)
(1.5375 0.19 0)
(1.55 0.19 0)
(1.5625 0.19 0)
(1.575 0.19 0)
(1.5875 0.19 0)
(1.6 0.19 0)
(1.6125 0.19 0)
(1.625 0.19 0)
(1.6375 0.19 0)
(1.65 0.19 0)
(1.6625 0.19 0)
(1.675 0.19 0)
(1.6875 0.19 0)
(1.7 0.19 0)
(1.7125 0.19 0)
(1.725 0.19 0)
(1.7375 0.19 0)
(1.75 0.19 0)
(1.7625 0.19 0)
(1.775 0.19 0)
(1.7875 0.19 0)
(1.8 0.19 0)
(1.8125 0.19 0)
(1.825 0.19 0)
(1.8375 0.19 0)
(1.85 0.19 0)
(1.8625 0.19 0)
(1.875 0.19 0)
(1.8875 0.19 0)
(1.9 0.19 0)
(1.9125 0.19 0)
(1.925 0.19 0)
(1.9375 0.19 0)
(1.95 0.19 0)
(1.9625 0.19 0)
(1.975 0.19 0)
(1.9875 0.19 0)
(2 0.19 0)
(2.0125 0.19 0)
(2.025 0.19 0)
(2.0375 0.19 0)
(2.05 0.19 0)
(2.0625 0.19 0)
(2.075 0.19 0)
(2.0875 0.19 0)
(2.1 0.19 0)
(2.1125 0.19 0)
(2.125 0.19 0)
(2.1375 0.19 0)
(2.15 0.19 0)
(2.1625 0.19 0)
(2.175 0.19 0)
(2.1875 0.19 0)
(2.2 0.19 0)
(2.2125 0.19 0)
(2.225 0.19 0)
(2.2375 0.19 0)
(2.25 0.19 0)
(2.2625 0.19 0)
(2.275 0.19 0)
(2.2875 0.19 0)
(2.3 0.19 0)
(2.3125 0.19 0)
(2.325 0.19 0)
(2.3375 0.19 0)
(2.35 0.19 0)
(2.3625 0.19 0)
(2.375 0.19 0)
(2.3875 0.19 0)
(2.4 0.19 0)
(2.4125 0.19 0)
(2.425 0.19 0)
(2.4375 0.19 0)
(2.45 0.19 0)
(2.4625 0.19 0)
(2.475 0.19 0)
(2.4875 0.19 0)
(2.5 0.19 0)
(0.2625 0.195 0)
(0.275 0.195 0)
(0.2875 0.195 0)
(0.3 0.195 0)
(0.3125 0.195 0)
(0.325 0.195 0)
(0.3375 0.195 0)
(0.35 0.195 0)
(0.3625 0.195 0)
(0.375 0.195 0)
(0.3875 0.195 0)
(0.4 0.195 0)
(0.4125 0.195 0)
(0.425 0.195 0)
(0.4375 0.195 0)
(0.45 0.195 0)
(0.4625 0.195 0)
(0.475 0.195 0)
(0.4875 0.195 0)
(0.5 0.195 0)
(0.5125 0.195 0)
(0.525 0.195 0)
(0.5375 0.195 0)
(0.55 0.195 0)
(0.5625 0.195 0)
(0.575 0.195 0)
(0.5875 0.195 0)
(0.6 0.195 0)
(0.6125 0.195 0)
(0.625 0.195 0)
(0.6375 0.195 0)
(0.65 0.195 0)
(0.6625 0.195 0)
(0.675 0.195 0)
(0.6875 0.195 0)
(0.7 0.195 0)
(0.7125 0.195 0)
(0.725 0.195 0)
(0.7375 0.195 0)
(0.75 0.195 0)
(0.7625 0.195 0)
(0.775 0.195 0)
(0.7875 0.195 0)
(0.8 0.195 0)
(0.8125 0.195 0)
(0.825 0.195 0)
(0.8375 0.195 0)
(0.85 0.195 0)
(0.8625 0.195 0)
(0.875 0.195 0)
(0.8875 0.195 0)
(0.9 0.195 0)
(0.9125 0.195 0)
(0.925 0.195 0)
(0.9375 0.195 0)
(0.95 0.195 0)
(0.9625 0.195 0)
(0.975 0.195 0)
(0.9875 0.195 0)
(1 0.195 0)
(1.0125 0.195 0)
(1.025 0.195 0)
(1.0375 0.195 0)
(1.05 0.195 0)
(1.0625 0.195 0)
(1.075 0.195 0)
(1.0875 0.195 0)
(1.1 0.195 0)
(1.1125 0.195 0)
(1.125 0.195 0)
(1.1375 0.195 0)
(1.15 0.195 0)
(1.1625 0.195 0)
(1.175 0.195 0)
(1.1875 0.195 0)
(1.2 0.195 0)
(1.2125 0.195 0)
(1.225 0.195 0)
(1.2375 0.195 0)
(1.25 0.195 0)
(1.2625 0.195 0)
(1.275 0.195 0)
(1.2875 0.195 0)
(1.3 0.195 0)
(1.3125 0.195 0)
(1.325 0.195 0)
(1.3375 0.195 0)
(1.35 0.195 0)
(1.3625 0.195 0)
(1.375 0.195 0)
(1.3875 0.195 0)
(1.4 0.195 0)
(1.4125 0.195 0)
(1.425 0.195 0)
(1.4375 0.195 0)
(1.45 0.195 0)
(1.4625 0.195 0)
(1.475 0.195 0)
(1.4875 0.195 0)
(1.5 0.195 0)
(1.5125 0.195 0)
(1.525 0.195 0)
(1.5375 0.195 0)
(1.55 0.195 0)
(1.5625 0.195 0)
(1.575 0.195 0)
(1.5875 0.195 0)
(1.6 0.195 0)
(1.6125 0.195 0)
(1.625 0.195 0)
(1.6375 0.195 0)
(1.65 0.195 0)
(1.6625 0.195 0)
(1.675 0.195 0)
(1.6875 0.195 0)
(1.7 0.195 0)
(1.7125 0.195 0)
(1.725 0.195 0)
(1.7375 0.195 0)
(1.75 0.195 0)
(1.7625 0.195 0)
(1.775 0.195 0)
(1.7875 0.195 0)
(1.8 0.195 0)
(1.8125 0.195 0)
(1.825 0.195 0)
(1.8375 0.195 0)
(1.85 0.195 0)
(1.8625 0.195 0)
(1.875 0.195 0)
(1.8875 0.195 0)
(1.9 0.195 0)
(1.9125 0.195 0)
(1.925 0.195 0)
(1.9375 0.195 0)
(1.95 0.195 0)
(1.9625 0.195 0)
(1.975 0.195 0)
(1.9875 0.195 0)
(2 0.195 0)
(2.0125 0.195 0)
(2.025 0.195 0)
(2.0375 0.195 0)
(2.05 0.195 0)
(2.0625 0.195 0)
(2.075 0.195 0)
(2.0875 0.195 0)
(2.1 0.195 0)
(2.1125 0.195 0)
(2.125 0.195 0)
(2.1375 0.195 0)
(2.15 0.195 0)
(2.1625 0.195 0)
(2.175 0.195 0)
(2.1875 0.195 0)
(2.2 0.195 0)
(2.2125 0.195 0)
(2.225 0.195 0)
(2.2375 0.195 0)
(2.25 0.195 0)
(2.2625 0.195 0)
(2.275 0.195 0)
(2.2875 0.195 0)
(2.3 0.195 0)
(2.3125 0.195 0)
(2.325 0.195 0)
(2.3375 0.195 0)
(2.35 0.195 0)
(2.3625 0.195 0)
(2.375 0.195 0)
(2.3875 0.195 0)
(2.4 0.195 0)
(2.4125 0.195 0)
(2.425 0.195 0)
(2.4375 0.195 0)
(2.45 0.195 0)
(2.4625 0.195 0)
(2.475 0.195 0)
(2.4875 0.195 0)
(2.5 0.195 0)
(0.2625 0.2 0)
(0.275 0.2 0)
(0.2875 0.2 0)
(0.3 0.2 0)
(0.3125 0.2 0)
(0.325 0.2 0)
(0.3375 0.2 0)
(0.35 0.2 0)
(0.3625 0.2 0)
(0.375 0.2 0)
(0.3875 0.2 0)
(0.4 0.2 0)
(0.4125 0.2 0)
(0.425 0.2 0)
(0.4375 0.2 0)
(0.45 0.2 0)
(0.4625 0.2 0)
(0.475 0.2 0)
(0.4875 0.2 0)
(0.5 0.2 0)
(0.5125 0.2 0)
(0.525 0.2 0)
(0.5375 0.2 0)
(0.55 0.2 0)
(0.5625 0.2 0)
(0.575 0.2 0)
(0.5875 0.2 0)
(0.6 0.2 0)
(0.6125 0.2 0)
(0.625 0.2 0)
(0.6375 0.2 0)
(0.65 0.2 0)
(0.6625 0.2 0)
(0.675 0.2 0)
(0.6875 0.2 0)
(0.7 0.2 0)
(0.7125 0.2 0)
(0.725 0.2 0)
(0.7375 0.2 0)
(0.75 0.2 0)
(0.7625 0.2 0)
(0.775 0.2 0)
(0.7875 0.2 0)
(0.8 0.2 0)
(0.8125 0.2 0)
(0.825 0.2 0)
(0.8375 0.2 0)
(0.85 0.2 0)
(0.8625 0.2 0)
(0.875 0.2 0)
(0.8875 0.2 0)
(0.9 0.2 0)
(0.9125 0.2 0)
(0.925 0.2 0)
(0.9375 0.2 0)
(0.95 0.2 0)
(0.9625 0.2 0)
(0.975 0.2 0)
(0.9875 0.2 0)
(1 0.2 0)
(1.0125 0.2 0)
(1.025 0.2 0)
(1.0375 0.2 0)
(1.05 0.2 0)
(1.0625 0.2 0)
(1.075 0.2 0)
(1.0875 0.2 0)
(1.1 0.2 0)
(1.1125 0.2 0)
(1.125 0.2 0)
(1.1375 0.2 0)
(1.15 0.2 0)
(1.1625 0.2 0)
(1.175 0.2 0)
(1.1875 0.2 0)
(1.2 0.2 0)
(1.2125 0.2 0)
(1.225 0.2 0)
(1.2375 0.2 0)
(1.25 0.2 0)
(1.2625 0.2 0)
(1.275 0.2 0)
(1.2875 0.2 0)
(1.3 0.2 0)
(1.3125 0.2 0)
(1.325 0.2 0)
(1.3375 0.2 0)
(1.35 0.2 0)
(1.3625 0.2 0)
(1.375 0.2 0)
(1.3875 0.2 0)
(1.4 0.2 0)
(1.4125 0.2 0)
(1.425 0.2 0)
(1.4375 0.2 0)
(1.45 0.2 0)
(1.4625 0.2 0)
(1.475 0.2 0)
(1.4875 0.2 0)
(1.5 0.2 0)
(1.5125 0.2 0)
(1.525 0.2 0)
(1.5375 0.2 0)
(1.55 0.2 0)
(1.5625 0.2 0)
(1.575 0.2 0)
(1.5875 0.2 0)
(1.6 0.2 0)
(1.6125 0.2 0)
(1.625 0.2 0)
(1.6375 0.2 0)
(1.65 0.2 0)
(1.6625 0.2 0)
(1.675 0.2 0)
(1.6875 0.2 0)
(1.7 0.2 0)
(1.7125 0.2 0)
(1.725 0.2 0)
(1.7375 0.2 0)
(1.75 0.2 0)
(1.7625 0.2 0)
(1.775 0.2 0)
(1.7875 0.2 0)
(1.8 0.2 0)
(1.8125 0.2 0)
(1.825 0.2 0)
(1.8375 0.2 0)
(1.85 0.2 0)
(1.8625 0.2 0)
(1.875 0.2 0)
(1.8875 0.2 0)
(1.9 0.2 0)
(1.9125 0.2 0)
(1.925 0.2 0)
(1.9375 0.2 0)
(1.95 0.2 0)
(1.9625 0.2 0)
(1.975 0.2 0)
(1.9875 0.2 0)
(2 0.2 0)
(2.0125 0.2 0)
(2.025 0.2 0)
(2.0375 0.2 0)
(2.05 0.2 0)
(2.0625 0.2 0)
(2.075 0.2 0)
(2.0875 0.2 0)
(2.1 0.2 0)
(2.1125 0.2 0)
(2.125 0.2 0)
(2.1375 0.2 0)
(2.15 0.2 0)
(2.1625 0.2 0)
(2.175 0.2 0)
(2.1875 0.2 0)
(2.2 0.2 0)
(2.2125 0.2 0)
(2.225 0.2 0)
(2.2375 0.2 0)
(2.25 0.2 0)
(2.2625 0.2 0)
(2.275 0.2 0)
(2.2875 0.2 0)
(2.3 0.2 0)
(2.3125 0.2 0)
(2.325 0.2 0)
(2.3375 0.2 0)
(2.35 0.2 0)
(2.3625 0.2 0)
(2.375 0.2 0)
(2.3875 0.2 0)
(2.4 0.2 0)
(2.4125 0.2 0)
(2.425 0.2 0)
(2.4375 0.2 0)
(2.45 0.2 0)
(2.4625 0.2 0)
(2.475 0.2 0)
(2.4875 0.2 0)
(2.5 0.2 0)
(0.2625 0.205 0)
(0.275 0.205 0)
(0.2875 0.205 0)
(0.3 0.205 0)
(0.3125 0.205 0)
(0.325 0.205 0)
(0.3375 0.205 0)
(0.35 0.205 0)
(0.3625 0.205 0)
(0.375 0.205 0)
(0.3875 0.205 0)
(0.4 0.205 0)
(0.4125 0.205 0)
(0.425 0.205 0)
(0.4375 0.205 0)
(0.45 0.205 0)
(0.4625 0.205 0)
(0.475 0.205 0)
(0.4875 0.205 0)
(0.5 0.205 0)
(0.5125 0.205 0)
(0.525 0.205 0)
(0.5375 0.205 0)
(0.55 0.205 0)
(0.5625 0.205 0)
(0.575 0.205 0)
(0.5875 0.205 0)
(0.6 0.205 0)
(0.6125 0.205 0)
(0.625 0.205 0)
(0.6375 0.205 0)
(0.65 0.205 0)
(0.6625 0.205 0)
(0.675 0.205 0)
(0.6875 0.205 0)
(0.7 0.205 0)
(0.7125 0.205 0)
(0.725 0.205 0)
(0.7375 0.205 0)
(0.75 0.205 0)
(0.7625 0.205 0)
(0.775 0.205 0)
(0.7875 0.205 0)
(0.8 0.205 0)
(0.8125 0.205 0)
(0.825 0.205 0)
(0.8375 0.205 0)
(0.85 0.205 0)
(0.8625 0.205 0)
(0.875 0.205 0)
(0.8875 0.205 0)
(0.9 0.205 0)
(0.9125 0.205 0)
(0.925 0.205 0)
(0.9375 0.205 0)
(0.95 0.205 0)
(0.9625 0.205 0)
(0.975 0.205 0)
(0.9875 0.205 0)
(1 0.205 0)
(1.0125 0.205 0)
(1.025 0.205 0)
(1.0375 0.205 0)
(1.05 0.205 0)
(1.0625 0.205 0)
(1.075 0.205 0)
(1.0875 0.205 0)
(1.1 0.205 0)
(1.1125 0.205 0)
(1.125 0.205 0)
(1.1375 0.205 0)
(1.15 0.205 0)
(1.1625 0.205 0)
(1.175 0.205 0)
(1.1875 0.205 0)
(1.2 0.205 0)
(1.2125 0.205 0)
(1.225 0.205 0)
(1.2375 0.205 0)
(1.25 0.205 0)
(1.2625 0.205 0)
(1.275 0.205 0)
(1.2875 0.205 0)
(1.3 0.205 0)
(1.3125 0.205 0)
(1.325 0.205 0)
(1.3375 0.205 0)
(1.35 0.205 0)
(1.3625 0.205 0)
(1.375 0.205 0)
(1.3875 0.205 0)
(1.4 0.205 0)
(1.4125 0.205 0)
(1.425 0.205 0)
(1.4375 0.205 0)
(1.45 0.205 0)
(1.4625 0.205 0)
(1.475 0.205 0)
(1.4875 0.205 0)
(1.5 0.205 0)
(1.5125 0.205 0)
(1.525 0.205 0)
(1.5375 0.205 0)
(1.55 0.205 0)
(1.5625 0.205 0)
(1.575 0.205 0)
(1.5875 0.205 0)
(1.6 0.205 0)
(1.6125 0.205 0)
(1.625 0.205 0)
(1.6375 0.205 0)
(1.65 0.205 0)
(1.6625 0.205 0)
(1.675 0.205 0)
(1.6875 0.205 0)
(1.7 0.205 0)
(1.7125 0.205 0)
(1.725 0.205 0)
(1.7375 0.205 0)
(1.75 0.205 0)
(1.7625 0.205 0)
(1.775 0.205 0)
(1.7875 0.205 0)
(1.8 0.205 0)
(1.8125 0.205 0)
(1.825 0.205 0)
(1.8375 0.205 0)
(1.85 0.205 0)
(1.8625 0.205 0)
(1.875 0.205 0)
(1.8875 0.205 0)
(1.9 0.205 0)
(1.9125 0.205 0)
(1.925 0.205 0)
(1.9375 0.205 0)
(1.95 0.205 0)
(1.9625 0.205 0)
(1.975 0.205 0)
(1.9875 0.205 0)
(2 0.205 0)
(2.0125 0.205 0)
(2.025 0.205 0)
(2.0375 0.205 0)
(2.05 0.205 0)
(2.0625 0.205 0)
(2.075 0.205 0)
(2.0875 0.205 0)
(2.1 0.205 0)
(2.1125 0.205 0)
(2.125 0.205 0)
(2.1375 0.205 0)
(2.15 0.205 0)
(2.1625 0.205 0)
(2.175 0.205 0)
(2.1875 0.205 0)
(2.2 0.205 0)
(2.2125 0.205 0)
(2.225 0.205 0)
(2.2375 0.205 0)
(2.25 0.205 0)
(2.2625 0.205 0)
(2.275 0.205 0)
(2.2875 0.205 0)
(2.3 0.205 0)
(2.3125 0.205 0)
(2.325 0.205 0)
(2.3375 0.205 0)
(2.35 0.205 0)
(2.3625 0.205 0)
(2.375 0.205 0)
(2.3875 0.205 0)
(2.4 0.205 0)
(2.4125 0.205 0)
(2.425 0.205 0)
(2.4375 0.205 0)
(2.45 0.205 0)
(2.4625 0.205 0)
(2.475 0.205 0)
(2.4875 0.205 0)
(2.5 0.205 0)
(0.2625 0.21 0)
(0.275 0.21 0)
(0.2875 0.21 0)
(0.3 0.21 0)
(0.3125 0.21 0)
(0.325 0.21 0)
(0.3375 0.21 0)
(0.35 0.21 0)
(0.3625 0.21 0)
(0.375 0.21 0)
(0.3875 0.21 0)
(0.4 0.21 0)
(0.4125 0.21 0)
(0.425 0.21 0)
(0.4375 0.21 0)
(0.45 0.21 0)
(0.4625 0.21 0)
(0.475 0.21 0)
(0.4875 0.21 0)
(0.5 0.21 0)
(0.5125 0.21 0)
(0.525 0.21 0)
(0.5375 0.21 0)
(0.55 0.21 0)
(0.5625 0.21 0)
(0.575 0.21 0)
(0.5875 0.21 0)
(0.6 0.21 0)
(0.6125 0.21 0)
(0.625 0.21 0)
(0.6375 0.21 0)
(0.65 0.21 0)
(0.6625 0.21 0)
(0.675 0.21 0)
(0.6875 0.21 0)
(0.7 0.21 0)
(0.7125 0.21 0)
(0.725 0.21 0)
(0.7375 0.21 0)
(0.75 0.21 0)
(0.7625 0.21 0)
(0.775 0.21 0)
(0.7875 0.21 0)
(0.8 0.21 0)
(0.8125 0.21 0)
(0.825 0.21 0)
(0.8375 0.21 0)
(0.85 0.21 0)
(0.8625 0.21 0)
(0.875 0.21 0)
(0.8875 0.21 0)
(0.9 0.21 0)
(0.9125 0.21 0)
(0.925 0.21 0)
(0.9375 0.21 0)
(0.95 0.21 0)
(0.9625 0.21 0)
(0.975 0.21 0)
(0.9875 0.21 0)
(1 0.21 0)
(1.0125 0.21 0)
(1.025 0.21 0)
(1.0375 0.21 0)
(1.05 0.21 0)
(1.0625 0.21 0)
(1.075 0.21 0)
(1.0875 0.21 0)
(1.1 0.21 0)
(1.1125 0.21 0)
(1.125 0.21 0)
(1.1375 0.21 0)
(1.15 0.21 0)
(1.1625 0.21 0)
(1.175 0.21 0)
(1.1875 0.21 0)
(1.2 0.21 0)
(1.2125 0.21 0)
(1.225 0.21 0)
(1.2375 0.21 0)
(1.25 0.21 0)
(1.2625 0.21 0)
(1.275 0.21 0)
(1.2875 0.21 0)
(1.3 0.21 0)
(1.3125 0.21 0)
(1.325 0.21 0)
(1.3375 0.21 0)
(1.35 0.21 0)
(1.3625 0.21 0)
(1.375 0.21 0)
(1.3875 0.21 0)
(1.4 0.21 0)
(1.4125 0.21 0)
(1.425 0.21 0)
(1.4375 0.21 0)
(1.45 0.21 0)
(1.4625 0.21 0)
(1.475 0.21 0)
(1.4875 0.21 0)
(1.5 0.21 0)
(1.5125 0.21 0)
(1.525 0.21 0)
(1.5375 0.21 0)
(1.55 0.21 0)
(1.5625 0.21 0)
(1.575 0.21 0)
(1.5875 0.21 0)
(1.6 0.21 0)
(1.6125 0.21 0)
(1.625 0.21 0)
(1.6375 0.21 0)
(1.65 0.21 0)
(1.6625 0.21 0)
(1.675 0.21 0)
(1.6875 0.21 0)
(1.7 0.21 0)
(1.7125 0.21 0)
(1.725 0.21 0)
(1.7375 0.21 0)
(1.75 0.21 0)
(1.7625 0.21 0)
(1.775 0.21 0)
(1.7875 0.21 0)
(1.8 0.21 0)
(1.8125 0.21 0)
(1.825 0.21 0)
(1.8375 0.21 0)
(1.85 0.21 0)
(1.8625 0.21 0)
(1.875 0.21 0)
(1.8875 0.21 0)
(1.9 0.21 0)
(1.9125 0.21 0)
(1.925 0.21 0)
(1.9375 0.21 0)
(1.95 0.21 0)
(1.9625 0.21 0)
(1.975 0.21 0)
(1.9875 0.21 0)
(2 0.21 0)
(2.0125 0.21 0)
(2.025 0.21 0)
(2.0375 0.21 0)
(2.05 0.21 0)
(2.0625 0.21 0)
(2.075 0.21 0)
(2.0875 0.21 0)
(2.1 0.21 0)
(2.1125 0.21 0)
(2.125 0.21 0)
(2.1375 0.21 0)
(2.15 0.21 0)
(2.1625 0.21 0)
(2.175 0.21 0)
(2.1875 0.21 0)
(2.2 0.21 0)
(2.2125 0.21 0)
(2.225 0.21 0)
(2.2375 0.21 0)
(2.25 0.21 0)
(2.2625 0.21 0)
(2.275 0.21 0)
(2.2875 0.21 0)
(2.3 0.21 0)
(2.3125 0.21 0)
(2.325 0.21 0)
(2.3375 0.21 0)
(2.35 0.21 0)
(2.3625 0.21 0)
(2.375 0.21 0)
(2.3875 0.21 0)
(2.4 0.21 0)
(2.4125 0.21 0)
(2.425 0.21 0)
(2.4375 0.21 0)
(2.45 0.21 0)
(2.4625 0.21 0)
(2.475 0.21 0)
(2.4875 0.21 0)
(2.5 0.21 0)
(0.2625 0.215 0)
(0.275 0.215 0)
(0.2875 0.215 0)
(0.3 0.215 0)
(0.3125 0.215 0)
(0.325 0.215 0)
(0.3375 0.215 0)
(0.35 0.215 0)
(0.3625 0.215 0)
(0.375 0.215 0)
(0.3875 0.215 0)
(0.4 0.215 0)
(0.4125 0.215 0)
(0.425 0.215 0)
(0.4375 0.215 0)
(0.45 0.215 0)
(0.4625 0.215 0)
(0.475 0.215 0)
(0.4875 0.215 0)
(0.5 0.215 0)
(0.5125 0.215 0)
(0.525 0.215 0)
(0.5375 0.215 0)
(0.55 0.215 0)
(0.5625 0.215 0)
(0.575 0.215 0)
(0.5875 0.215 0)
(0.6 0.215 0)
(0.6125 0.215 0)
(0.625 0.215 0)
(0.6375 0.215 0)
(0.65 0.215 0)
(0.6625 0.215 0)
(0.675 0.215 0)
(0.6875 0.215 0)
(0.7 0.215 0)
(0.7125 0.215 0)
(0.725 0.215 0)
(0.7375 0.215 0)
(0.75 0.215 0)
(0.7625 0.215 0)
(0.775 0.215 0)
(0.7875 0.215 0)
(0.8 0.215 0)
(0.8125 0.215 0)
(0.825 0.215 0)
(0.8375 0.215 0)
(0.85 0.215 0)
(0.8625 0.215 0)
(0.875 0.215 0)
(0.8875 0.215 0)
(0.9 0.215 0)
(0.9125 0.215 0)
(0.925 0.215 0)
(0.9375 0.215 0)
(0.95 0.215 0)
(0.9625 0.215 0)
(0.975 0.215 0)
(0.9875 0.215 0)
(1 0.215 0)
(1.0125 0.215 0)
(1.025 0.215 0)
(1.0375 0.215 0)
(1.05 0.215 0)
(1.0625 0.215 0)
(1.075 0.215 0)
(1.0875 0.215 0)
(1.1 0.215 0)
(1.1125 0.215 0)
(1.125 0.215 0)
(1.1375 0.215 0)
(1.15 0.215 0)
(1.1625 0.215 0)
(1.175 0.215 0)
(1.1875 0.215 0)
(1.2 0.215 0)
(1.2125 0.215 0)
(1.225 0.215 0)
(1.2375 0.215 0)
(1.25 0.215 0)
(1.2625 0.215 0)
(1.275 0.215 0)
(1.2875 0.215 0)
(1.3 0.215 0)
(1.3125 0.215 0)
(1.325 0.215 0)
(1.3375 0.215 0)
(1.35 0.215 0)
(1.3625 0.215 0)
(1.375 0.215 0)
(1.3875 0.215 0)
(1.4 0.215 0)
(1.4125 0.215 0)
(1.425 0.215 0)
(1.4375 0.215 0)
(1.45 0.215 0)
(1.4625 0.215 0)
(1.475 0.215 0)
(1.4875 0.215 0)
(1.5 0.215 0)
(1.5125 0.215 0)
(1.525 0.215 0)
(1.5375 0.215 0)
(1.55 0.215 0)
(1.5625 0.215 0)
(1.575 0.215 0)
(1.5875 0.215 0)
(1.6 0.215 0)
(1.6125 0.215 0)
(1.625 0.215 0)
(1.6375 0.215 0)
(1.65 0.215 0)
(1.6625 0.215 0)
(1.675 0.215 0)
(1.6875 0.215 0)
(1.7 0.215 0)
(1.7125 0.215 0)
(1.725 0.215 0)
(1.7375 0.215 0)
(1.75 0.215 0)
(1.7625 0.215 0)
(1.775 0.215 0)
(1.7875 0.215 0)
(1.8 0.215 0)
(1.8125 0.215 0)
(1.825 0.215 0)
(1.8375 0.215 0)
(1.85 0.215 0)
(1.8625 0.215 0)
(1.875 0.215 0)
(1.8875 0.215 0)
(1.9 0.215 0)
(1.9125 0.215 0)
(1.925 0.215 0)
(1.9375 0.215 0)
(1.95 0.215 0)
(1.9625 0.215 0)
(1.975 0.215 0)
(1.9875 0.215 0)
(2 0.215 0)
(2.0125 0.215 0)
(2.025 0.215 0)
(2.0375 0.215 0)
(2.05 0.215 0)
(2.0625 0.215 0)
(2.075 0.215 0)
(2.0875 0.215 0)
(2.1 0.215 0)
(2.1125 0.215 0)
(2.125 0.215 0)
(2.1375 0.215 0)
(2.15 0.215 0)
(2.1625 0.215 0)
(2.175 0.215 0)
(2.1875 0.215 0)
(2.2 0.215 0)
(2.2125 0.215 0)
(2.225 0.215 0)
(2.2375 0.215 0)
(2.25 0.215 0)
(2.2625 0.215 0)
(2.275 0.215 0)
(2.2875 0.215 0)
(2.3 0.215 0)
(2.3125 0.215 0)
(2.325 0.215 0)
(2.3375 0.215 0)
(2.35 0.215 0)
(2.3625 0.215 0)
(2.375 0.215 0)
(2.3875 0.215 0)
(2.4 0.215 0)
(2.4125 0.215 0)
(2.425 0.215 0)
(2.4375 0.215 0)
(2.45 0.215 0)
(2.4625 0.215 0)
(2.475 0.215 0)
(2.4875 0.215 0)
(2.5 0.215 0)
(0.2625 0.22 0)
(0.275 0.22 0)
(0.2875 0.22 0)
(0.3 0.22 0)
(0.3125 0.22 0)
(0.325 0.22 0)
(0.3375 0.22 0)
(0.35 0.22 0)
(0.3625 0.22 0)
(0.375 0.22 0)
(0.3875 0.22 0)
(0.4 0.22 0)
(0.4125 0.22 0)
(0.425 0.22 0)
(0.4375 0.22 0)
(0.45 0.22 0)
(0.4625 0.22 0)
(0.475 0.22 0)
(0.4875 0.22 0)
(0.5 0.22 0)
(0.5125 0.22 0)
(0.525 0.22 0)
(0.5375 0.22 0)
(0.55 0.22 0)
(0.5625 0.22 0)
(0.575 0.22 0)
(0.5875 0.22 0)
(0.6 0.22 0)
(0.6125 0.22 0)
(0.625 0.22 0)
(0.6375 0.22 0)
(0.65 0.22 0)
(0.6625 0.22 0)
(0.675 0.22 0)
(0.6875 0.22 0)
(0.7 0.22 0)
(0.7125 0.22 0)
(0.725 0.22 0)
(0.7375 0.22 0)
(0.75 0.22 0)
(0.7625 0.22 0)
(0.775 0.22 0)
(0.7875 0.22 0)
(0.8 0.22 0)
(0.8125 0.22 0)
(0.825 0.22 0)
(0.8375 0.22 0)
(0.85 0.22 0)
(0.8625 0.22 0)
(0.875 0.22 0)
(0.8875 0.22 0)
(0.9 0.22 0)
(0.9125 0.22 0)
(0.925 0.22 0)
(0.9375 0.22 0)
(0.95 0.22 0)
(0.9625 0.22 0)
(0.975 0.22 0)
(0.9875 0.22 0)
(1 0.22 0)
(1.0125 0.22 0)
(1.025 0.22 0)
(1.0375 0.22 0)
(1.05 0.22 0)
(1.0625 0.22 0)
(1.075 0.22 0)
(1.0875 0.22 0)
(1.1 0.22 0)
(1.1125 0.22 0)
(1.125 0.22 0)
(1.1375 0.22 0)
(1.15 0.22 0)
(1.1625 0.22 0)
(1.175 0.22 0)
(1.1875 0.22 0)
(1.2 0.22 0)
(1.2125 0.22 0)
(1.225 0.22 0)
(1.2375 0.22 0)
(1.25 0.22 0)
(1.2625 0.22 0)
(1.275 0.22 0)
(1.2875 0.22 0)
(1.3 0.22 0)
(1.3125 0.22 0)
(1.325 0.22 0)
(1.3375 0.22 0)
(1.35 0.22 0)
(1.3625 0.22 0)
(1.375 0.22 0)
(1.3875 0.22 0)
(1.4 0.22 0)
(1.4125 0.22 0)
(1.425 0.22 0)
(1.4375 0.22 0)
(1.45 0.22 0)
(1.4625 0.22 0)
(1.475 0.22 0)
(1.4875 0.22 0)
(1.5 0.22 0)
(1.5125 0.22 0)
(1.525 0.22 0)
(1.5375 0.22 0)
(1.55 0.22 0)
(1.5625 0.22 0)
(1.575 0.22 0)
(1.5875 0.22 0)
(1.6 0.22 0)
(1.6125 0.22 0)
(1.625 0.22 0)
(1.6375 0.22 0)
(1.65 0.22 0)
(1.6625 0.22 0)
(1.675 0.22 0)
(1.6875 0.22 0)
(1.7 0.22 0)
(1.7125 0.22 0)
(1.725 0.22 0)
(1.7375 0.22 0)
(1.75 0.22 0)
(1.7625 0.22 0)
(1.775 0.22 0)
(1.7875 0.22 0)
(1.8 0.22 0)
(1.8125 0.22 0)
(1.825 0.22 0)
(1.8375 0.22 0)
(1.85 0.22 0)
(1.8625 0.22 0)
(1.875 0.22 0)
(1.8875 0.22 0)
(1.9 0.22 0)
(1.9125 0.22 0)
(1.925 0.22 0)
(1.9375 0.22 0)
(1.95 0.22 0)
(1.9625 0.22 0)
(1.975 0.22 0)
(1.9875 0.22 0)
(2 0.22 0)
(2.0125 0.22 0)
(2.025 0.22 0)
(2.0375 0.22 0)
(2.05 0.22 0)
(2.0625 0.22 0)
(2.075 0.22 0)
(2.0875 0.22 0)
(2.1 0.22 0)
(2.1125 0.22 0)
(2.125 0.22 0)
(2.1375 0.22 0)
(2.15 0.22 0)
(2.1625 0.22 0)
(2.175 0.22 0)
(2.1875 0.22 0)
(2.2 0.22 0)
(2.2125 0.22 0)
(2.225 0.22 0)
(2.2375 0.22 0)
(2.25 0.22 0)
(2.2625 0.22 0)
(2.275 0.22 0)
(2.2875 0.22 0)
(2.3 0.22 0)
(2.3125 0.22 0)
(2.325 0.22 0)
(2.3375 0.22 0)
(2.35 0.22 0)
(2.3625 0.22 0)
(2.375 0.22 0)
(2.3875 0.22 0)
(2.4 0.22 0)
(2.4125 0.22 0)
(2.425 0.22 0)
(2.4375 0.22 0)
(2.45 0.22 0)
(2.4625 0.22 0)
(2.475 0.22 0)
(2.4875 0.22 0)
(2.5 0.22 0)
(0.2625 0.225 0)
(0.275 0.225 0)
(0.2875 0.225 0)
(0.3 0.225 0)
(0.3125 0.225 0)
(0.325 0.225 0)
(0.3375 0.225 0)
(0.35 0.225 0)
(0.3625 0.225 0)
(0.375 0.225 0)
(0.3875 0.225 0)
(0.4 0.225 0)
(0.4125 0.225 0)
(0.425 0.225 0)
(0.4375 0.225 0)
(0.45 0.225 0)
(0.4625 0.225 0)
(0.475 0.225 0)
(0.4875 0.225 0)
(0.5 0.225 0)
(0.5125 0.225 0)
(0.525 0.225 0)
(0.5375 0.225 0)
(0.55 0.225 0)
(0.5625 0.225 0)
(0.575 0.225 0)
(0.5875 0.225 0)
(0.6 0.225 0)
(0.6125 0.225 0)
(0.625 0.225 0)
(0.6375 0.225 0)
(0.65 0.225 0)
(0.6625 0.225 0)
(0.675 0.225 0)
(0.6875 0.225 0)
(0.7 0.225 0)
(0.7125 0.225 0)
(0.725 0.225 0)
(0.7375 0.225 0)
(0.75 0.225 0)
(0.7625 0.225 0)
(0.775 0.225 0)
(0.7875 0.225 0)
(0.8 0.225 0)
(0.8125 0.225 0)
(0.825 0.225 0)
(0.8375 0.225 0)
(0.85 0.225 0)
(0.8625 0.225 0)
(0.875 0.225 0)
(0.8875 0.225 0)
(0.9 0.225 0)
(0.9125 0.225 0)
(0.925 0.225 0)
(0.9375 0.225 0)
(0.95 0.225 0)
(0.9625 0.225 0)
(0.975 0.225 0)
(0.9875 0.225 0)
(1 0.225 0)
(1.0125 0.225 0)
(1.025 0.225 0)
(1.0375 0.225 0)
(1.05 0.225 0)
(1.0625 0.225 0)
(1.075 0.225 0)
(1.0875 0.225 0)
(1.1 0.225 0)
(1.1125 0.225 0)
(1.125 0.225 0)
(1.1375 0.225 0)
(1.15 0.225 0)
(1.1625 0.225 0)
(1.175 0.225 0)
(1.1875 0.225 0)
(1.2 0.225 0)
(1.2125 0.225 0)
(1.225 0.225 0)
(1.2375 0.225 0)
(1.25 0.225 0)
(1.2625 0.225 0)
(1.275 0.225 0)
(1.2875 0.225 0)
(1.3 0.225 0)
(1.3125 0.225 0)
(1.325 0.225 0)
(1.3375 0.225 0)
(1.35 0.225 0)
(1.3625 0.225 0)
(1.375 0.225 0)
(1.3875 0.225 0)
(1.4 0.225 0)
(1.4125 0.225 0)
(1.425 0.225 0)
(1.4375 0.225 0)
(1.45 0.225 0)
(1.4625 0.225 0)
(1.475 0.225 0)
(1.4875 0.225 0)
(1.5 0.225 0)
(1.5125 0.225 0)
(1.525 0.225 0)
(1.5375 0.225 0)
(1.55 0.225 0)
(1.5625 0.225 0)
(1.575 0.225 0)
(1.5875 0.225 0)
(1.6 0.225 0)
(1.6125 0.225 0)
(1.625 0.225 0)
(1.6375 0.225 0)
(1.65 0.225 0)
(1.6625 0.225 0)
(1.675 0.225 0)
(1.6875 0.225 0)
(1.7 0.225 0)
(1.7125 0.225 0)
(1.725 0.225 0)
(1.7375 0.225 0)
(1.75 0.225 0)
(1.7625 0.225 0)
(1.775 0.225 0)
(1.7875 0.225 0)
(1.8 0.225 0)
(1.8125 0.225 0)
(1.825 0.225 0)
(1.8375 0.225 0)
(1.85 0.225 0)
(1.8625 0.225 0)
(1.875 0.225 0)
(1.8875 0.225 0)
(1.9 0.225 0)
(1.9125 0.225 0)
(1.925 0.225 0)
(1.9375 0.225 0)
(1.95 0.225 0)
(1.9625 0.225 0)
(1.975 0.225 0)
(1.9875 0.225 0)
(2 0.225 0)
(2.0125 0.225 0)
(2.025 0.225 0)
(2.0375 0.225 0)
(2.05 0.225 0)
(2.0625 0.225 0)
(2.075 0.225 0)
(2.0875 0.225 0)
(2.1 0.225 0)
(2.1125 0.225 0)
(2.125 0.225 0)
(2.1375 0.225 0)
(2.15 0.225 0)
(2.1625 0.225 0)
(2.175 0.225 0)
(2.1875 0.225 0)
(2.2 0.225 0)
(2.2125 0.225 0)
(2.225 0.225 0)
(2.2375 0.225 0)
(2.25 0.225 0)
(2.2625 0.225 0)
(2.275 0.225 0)
(2.2875 0.225 0)
(2.3 0.225 0)
(2.3125 0.225 0)
(2.325 0.225 0)
(2.3375 0.225 0)
(2.35 0.225 0)
(2.3625 0.225 0)
(2.375 0.225 0)
(2.3875 0.225 0)
(2.4 0.225 0)
(2.4125 0.225 0)
(2.425 0.225 0)
(2.4375 0.225 0)
(2.45 0.225 0)
(2.4625 0.225 0)
(2.475 0.225 0)
(2.4875 0.225 0)
(2.5 0.225 0)
(0.2625 0.23 0)
(0.275 0.23 0)
(0.2875 0.23 0)
(0.3 0.23 0)
(0.3125 0.23 0)
(0.325 0.23 0)
(0.3375 0.23 0)
(0.35 0.23 0)
(0.3625 0.23 0)
(0.375 0.23 0)
(0.3875 0.23 0)
(0.4 0.23 0)
(0.4125 0.23 0)
(0.425 0.23 0)
(0.4375 0.23 0)
(0.45 0.23 0)
(0.4625 0.23 0)
(0.475 0.23 0)
(0.4875 0.23 0)
(0.5 0.23 0)
(0.5125 0.23 0)
(0.525 0.23 0)
(0.5375 0.23 0)
(0.55 0.23 0)
(0.5625 0.23 0)
(0.575 0.23 0)
(0.5875 0.23 0)
(0.6 0.23 0)
(0.6125 0.23 0)
(0.625 0.23 0)
(0.6375 0.23 0)
(0.65 0.23 0)
(0.6625 0.23 0)
(0.675 0.23 0)
(0.6875 0.23 0)
(0.7 0.23 0)
(0.7125 0.23 0)
(0.725 0.23 0)
(0.7375 0.23 0)
(0.75 0.23 0)
(0.7625 0.23 0)
(0.775 0.23 0)
(0.7875 0.23 0)
(0.8 0.23 0)
(0.8125 0.23 0)
(0.825 0.23 0)
(0.8375 0.23 0)
(0.85 0.23 0)
(0.8625 0.23 0)
(0.875 0.23 0)
(0.8875 0.23 0)
(0.9 0.23 0)
(0.9125 0.23 0)
(0.925 0.23 0)
(0.9375 0.23 0)
(0.95 0.23 0)
(0.9625 0.23 0)
(0.975 0.23 0)
(0.9875 0.23 0)
(1 0.23 0)
(1.0125 0.23 0)
(1.025 0.23 0)
(1.0375 0.23 0)
(1.05 0.23 0)
(1.0625 0.23 0)
(1.075 0.23 0)
(1.0875 0.23 0)
(1.1 0.23 0)
(1.1125 0.23 0)
(1.125 0.23 0)
(1.1375 0.23 0)
(1.15 0.23 0)
(1.1625 0.23 0)
(1.175 0.23 0)
(1.1875 0.23 0)
(1.2 0.23 0)
(1.2125 0.23 0)
(1.225 0.23 0)
(1.2375 0.23 0)
(1.25 0.23 0)
(1.2625 0.23 0)
(1.275 0.23 0)
(1.2875 0.23 0)
(1.3 0.23 0)
(1.3125 0.23 0)
(1.325 0.23 0)
(1.3375 0.23 0)
(1.35 0.23 0)
(1.3625 0.23 0)
(1.375 0.23 0)
(1.3875 0.23 0)
(1.4 0.23 0)
(1.4125 0.23 0)
(1.425 0.23 0)
(1.4375 0.23 0)
(1.45 0.23 0)
(1.4625 0.23 0)
(1.475 0.23 0)
(1.4875 0.23 0)
(1.5 0.23 0)
(1.5125 0.23 0)
(1.525 0.23 0)
(1.5375 0.23 0)
(1.55 0.23 0)
(1.5625 0.23 0)
(1.575 0.23 0)
(1.5875 0.23 0)
(1.6 0.23 0)
(1.6125 0.23 0)
(1.625 0.23 0)
(1.6375 0.23 0)
(1.65 0.23 0)
(1.6625 0.23 0)
(1.675 0.23 0)
(1.6875 0.23 0)
(1.7 0.23 0)
(1.7125 0.23 0)
(1.725 0.23 0)
(1.7375 0.23 0)
(1.75 0.23 0)
(1.7625 0.23 0)
(1.775 0.23 0)
(1.7875 0.23 0)
(1.8 0.23 0)
(1.8125 0.23 0)
(1.825 0.23 0)
(1.8375 0.23 0)
(1.85 0.23 0)
(1.8625 0.23 0)
(1.875 0.23 0)
(1.8875 0.23 0)
(1.9 0.23 0)
(1.9125 0.23 0)
(1.925 0.23 0)
(1.9375 0.23 0)
(1.95 0.23 0)
(1.9625 0.23 0)
(1.975 0.23 0)
(1.9875 0.23 0)
(2 0.23 0)
(2.0125 0.23 0)
(2.025 0.23 0)
(2.0375 0.23 0)
(2.05 0.23 0)
(2.0625 0.23 0)
(2.075 0.23 0)
(2.0875 0.23 0)
(2.1 0.23 0)
(2.1125 0.23 0)
(2.125 0.23 0)
(2.1375 0.23 0)
(2.15 0.23 0)
(2.1625 0.23 0)
(2.175 0.23 0)
(2.1875 0.23 0)
(2.2 0.23 0)
(2.2125 0.23 0)
(2.225 0.23 0)
(2.2375 0.23 0)
(2.25 0.23 0)
(2.2625 0.23 0)
(2.275 0.23 0)
(2.2875 0.23 0)
(2.3 0.23 0)
(2.3125 0.23 0)
(2.325 0.23 0)
(2.3375 0.23 0)
(2.35 0.23 0)
(2.3625 0.23 0)
(2.375 0.23 0)
(2.3875 0.23 0)
(2.4 0.23 0)
(2.4125 0.23 0)
(2.425 0.23 0)
(2.4375 0.23 0)
(2.45 0.23 0)
(2.4625 0.23 0)
(2.475 0.23 0)
(2.4875 0.23 0)
(2.5 0.23 0)
(0.2625 0.235 0)
(0.275 0.235 0)
(0.2875 0.235 0)
(0.3 0.235 0)
(0.3125 0.235 0)
(0.325 0.235 0)
(0.3375 0.235 0)
(0.35 0.235 0)
(0.3625 0.235 0)
(0.375 0.235 0)
(0.3875 0.235 0)
(0.4 0.235 0)
(0.4125 0.235 0)
(0.425 0.235 0)
(0.4375 0.235 0)
(0.45 0.235 0)
(0.4625 0.235 0)
(0.475 0.235 0)
(0.4875 0.235 0)
(0.5 0.235 0)
(0.5125 0.235 0)
(0.525 0.235 0)
(0.5375 0.235 0)
(0.55 0.235 0)
(0.5625 0.235 0)
(0.575 0.235 0)
(0.5875 0.235 0)
(0.6 0.235 0)
(0.6125 0.235 0)
(0.625 0.235 0)
(0.6375 0.235 0)
(0.65 0.235 0)
(0.6625 0.235 0)
(0.675 0.235 0)
(0.6875 0.235 0)
(0.7 0.235 0)
(0.7125 0.235 0)
(0.725 0.235 0)
(0.7375 0.235 0)
(0.75 0.235 0)
(0.7625 0.235 0)
(0.775 0.235 0)
(0.7875 0.235 0)
(0.8 0.235 0)
(0.8125 0.235 0)
(0.825 0.235 0)
(0.8375 0.235 0)
(0.85 0.235 0)
(0.8625 0.235 0)
(0.875 0.235 0)
(0.8875 0.235 0)
(0.9 0.235 0)
(0.9125 0.235 0)
(0.925 0.235 0)
(0.9375 0.235 0)
(0.95 0.235 0)
(0.9625 0.235 0)
(0.975 0.235 0)
(0.9875 0.235 0)
(1 0.235 0)
(1.0125 0.235 0)
(1.025 0.235 0)
(1.0375 0.235 0)
(1.05 0.235 0)
(1.0625 0.235 0)
(1.075 0.235 0)
(1.0875 0.235 0)
(1.1 0.235 0)
(1.1125 0.235 0)
(1.125 0.235 0)
(1.1375 0.235 0)
(1.15 0.235 0)
(1.1625 0.235 0)
(1.175 0.235 0)
(1.1875 0.235 0)
(1.2 0.235 0)
(1.2125 0.235 0)
(1.225 0.235 0)
(1.2375 0.235 0)
(1.25 0.235 0)
(1.2625 0.235 0)
(1.275 0.235 0)
(1.2875 0.235 0)
(1.3 0.235 0)
(1.3125 0.235 0)
(1.325 0.235 0)
(1.3375 0.235 0)
(1.35 0.235 0)
(1.3625 0.235 0)
(1.375 0.235 0)
(1.3875 0.235 0)
(1.4 0.235 0)
(1.4125 0.235 0)
(1.425 0.235 0)
(1.4375 0.235 0)
(1.45 0.235 0)
(1.4625 0.235 0)
(1.475 0.235 0)
(1.4875 0.235 0)
(1.5 0.235 0)
(1.5125 0.235 0)
(1.525 0.235 0)
(1.5375 0.235 0)
(1.55 0.235 0)
(1.5625 0.235 0)
(1.575 0.235 0)
(1.5875 0.235 0)
(1.6 0.235 0)
(1.6125 0.235 0)
(1.625 0.235 0)
(1.6375 0.235 0)
(1.65 0.235 0)
(1.6625 0.235 0)
(1.675 0.235 0)
(1.6875 0.235 0)
(1.7 0.235 0)
(1.7125 0.235 0)
(1.725 0.235 0)
(1.7375 0.235 0)
(1.75 0.235 0)
(1.7625 0.235 0)
(1.775 0.235 0)
(1.7875 0.235 0)
(1.8 0.235 0)
(1.8125 0.235 0)
(1.825 0.235 0)
(1.8375 0.235 0)
(1.85 0.235 0)
(1.8625 0.235 0)
(1.875 0.235 0)
(1.8875 0.235 0)
(1.9 0.235 0)
(1.9125 0.235 0)
(1.925 0.235 0)
(1.9375 0.235 0)
(1.95 0.235 0)
(1.9625 0.235 0)
(1.975 0.235 0)
(1.9875 0.235 0)
(2 0.235 0)
(2.0125 0.235 0)
(2.025 0.235 0)
(2.0375 0.235 0)
(2.05 0.235 0)
(2.0625 0.235 0)
(2.075 0.235 0)
(2.0875 0.235 0)
(2.1 0.235 0)
(2.1125 0.235 0)
(2.125 0.235 0)
(2.1375 0.235 0)
(2.15 0.235 0)
(2.1625 0.235 0)
(2.175 0.235 0)
(2.1875 0.235 0)
(2.2 0.235 0)
(2.2125 0.235 0)
(2.225 0.235 0)
(2.2375 0.235 0)
(2.25 0.235 0)
(2.2625 0.235 0)
(2.275 0.235 0)
(2.2875 0.235 0)
(2.3 0.235 0)
(2.3125 0.235 0)
(2.325 0.235 0)
(2.3375 0.235 0)
(2.35 0.235 0)
(2.3625 0.235 0)
(2.375 0.235 0)
(2.3875 0.235 0)
(2.4 0.235 0)
(2.4125 0.235 0)
(2.425 0.235 0)
(2.4375 0.235 0)
(2.45 0.235 0)
(2.4625 0.235 0)
(2.475 0.235 0)
(2.4875 0.235 0)
(2.5 0.235 0)
(0.2625 0.24 0)
(0.275 0.24 0)
(0.2875 0.24 0)
(0.3 0.24 0)
(0.3125 0.24 0)
(0.325 0.24 0)
(0.3375 0.24 0)
(0.35 0.24 0)
(0.3625 0.24 0)
(0.375 0.24 0)
(0.3875 0.24 0)
(0.4 0.24 0)
(0.4125 0.24 0)
(0.425 0.24 0)
(0.4375 0.24 0)
(0.45 0.24 0)
(0.4625 0.24 0)
(0.475 0.24 0)
(0.4875 0.24 0)
(0.5 0.24 0)
(0.5125 0.24 0)
(0.525 0.24 0)
(0.5375 0.24 0)
(0.55 0.24 0)
(0.5625 0.24 0)
(0.575 0.24 0)
(0.5875 0.24 0)
(0.6 0.24 0)
(0.6125 0.24 0)
(0.625 0.24 0)
(0.6375 0.24 0)
(0.65 0.24 0)
(0.6625 0.24 0)
(0.675 0.24 0)
(0.6875 0.24 0)
(0.7 0.24 0)
(0.7125 0.24 0)
(0.725 0.24 0)
(0.7375 0.24 0)
(0.75 0.24 0)
(0.7625 0.24 0)
(0.775 0.24 0)
(0.7875 0.24 0)
(0.8 0.24 0)
(0.8125 0.24 0)
(0.825 0.24 0)
(0.8375 0.24 0)
(0.85 0.24 0)
(0.8625 0.24 0)
(0.875 0.24 0)
(0.8875 0.24 0)
(0.9 0.24 0)
(0.9125 0.24 0)
(0.925 0.24 0)
(0.9375 0.24 0)
(0.95 0.24 0)
(0.9625 0.24 0)
(0.975 0.24 0)
(0.9875 0.24 0)
(1 0.24 0)
(1.0125 0.24 0)
(1.025 0.24 0)
(1.0375 0.24 0)
(1.05 0.24 0)
(1.0625 0.24 0)
(1.075 0.24 0)
(1.0875 0.24 0)
(1.1 0.24 0)
(1.1125 0.24 0)
(1.125 0.24 0)
(1.1375 0.24 0)
(1.15 0.24 0)
(1.1625 0.24 0)
(1.175 0.24 0)
(1.1875 0.24 0)
(1.2 0.24 0)
(1.2125 0.24 0)
(1.225 0.24 0)
(1.2375 0.24 0)
(1.25 0.24 0)
(1.2625 0.24 0)
(1.275 0.24 0)
(1.2875 0.24 0)
(1.3 0.24 0)
(1.3125 0.24 0)
(1.325 0.24 0)
(1.3375 0.24 0)
(1.35 0.24 0)
(1.3625 0.24 0)
(1.375 0.24 0)
(1.3875 0.24 0)
(1.4 0.24 0)
(1.4125 0.24 0)
(1.425 0.24 0)
(1.4375 0.24 0)
(1.45 0.24 0)
(1.4625 0.24 0)
(1.475 0.24 0)
(1.4875 0.24 0)
(1.5 0.24 0)
(1.5125 0.24 0)
(1.525 0.24 0)
(1.5375 0.24 0)
(1.55 0.24 0)
(1.5625 0.24 0)
(1.575 0.24 0)
(1.5875 0.24 0)
(1.6 0.24 0)
(1.6125 0.24 0)
(1.625 0.24 0)
(1.6375 0.24 0)
(1.65 0.24 0)
(1.6625 0.24 0)
(1.675 0.24 0)
(1.6875 0.24 0)
(1.7 0.24 0)
(1.7125 0.24 0)
(1.725 0.24 0)
(1.7375 0.24 0)
(1.75 0.24 0)
(1.7625 0.24 0)
(1.775 0.24 0)
(1.7875 0.24 0)
(1.8 0.24 0)
(1.8125 0.24 0)
(1.825 0.24 0)
(1.8375 0.24 0)
(1.85 0.24 0)
(1.8625 0.24 0)
(1.875 0.24 0)
(1.8875 0.24 0)
(1.9 0.24 0)
(1.9125 0.24 0)
(1.925 0.24 0)
(1.9375 0.24 0)
(1.95 0.24 0)
(1.9625 0.24 0)
(1.975 0.24 0)
(1.9875 0.24 0)
(2 0.24 0)
(2.0125 0.24 0)
(2.025 0.24 0)
(2.0375 0.24 0)
(2.05 0.24 0)
(2.0625 0.24 0)
(2.075 0.24 0)
(2.0875 0.24 0)
(2.1 0.24 0)
(2.1125 0.24 0)
(2.125 0.24 0)
(2.1375 0.24 0)
(2.15 0.24 0)
(2.1625 0.24 0)
(2.175 0.24 0)
(2.1875 0.24 0)
(2.2 0.24 0)
(2.2125 0.24 0)
(2.225 0.24 0)
(2.2375 0.24 0)
(2.25 0.24 0)
(2.2625 0.24 0)
(2.275 0.24 0)
(2.2875 0.24 0)
(2.3 0.24 0)
(2.3125 0.24 0)
(2.325 0.24 0)
(2.3375 0.24 0)
(2.35 0.24 0)
(2.3625 0.24 0)
(2.375 0.24 0)
(2.3875 0.24 0)
(2.4 0.24 0)
(2.4125 0.24 0)
(2.425 0.24 0)
(2.4375 0.24 0)
(2.45 0.24 0)
(2.4625 0.24 0)
(2.475 0.24 0)
(2.4875 0.24 0)
(2.5 0.24 0)
(0.2625 0.245 0)
(0.275 0.245 0)
(0.2875 0.245 0)
(0.3 0.245 0)
(0.3125 0.245 0)
(0.325 0.245 0)
(0.3375 0.245 0)
(0.35 0.245 0)
(0.3625 0.245 0)
(0.375 0.245 0)
(0.3875 0.245 0)
(0.4 0.245 0)
(0.4125 0.245 0)
(0.425 0.245 0)
(0.4375 0.245 0)
(0.45 0.245 0)
(0.4625 0.245 0)
(0.475 0.245 0)
(0.4875 0.245 0)
(0.5 0.245 0)
(0.5125 0.245 0)
(0.525 0.245 0)
(0.5375 0.245 0)
(0.55 0.245 0)
(0.5625 0.245 0)
(0.575 0.245 0)
(0.5875 0.245 0)
(0.6 0.245 0)
(0.6125 0.245 0)
(0.625 0.245 0)
(0.6375 0.245 0)
(0.65 0.245 0)
(0.6625 0.245 0)
(0.675 0.245 0)
(0.6875 0.245 0)
(0.7 0.245 0)
(0.7125 0.245 0)
(0.725 0.245 0)
(0.7375 0.245 0)
(0.75 0.245 0)
(0.7625 0.245 0)
(0.775 0.245 0)
(0.7875 0.245 0)
(0.8 0.245 0)
(0.8125 0.245 0)
(0.825 0.245 0)
(0.8375 0.245 0)
(0.85 0.245 0)
(0.8625 0.245 0)
(0.875 0.245 0)
(0.8875 0.245 0)
(0.9 0.245 0)
(0.9125 0.245 0)
(0.925 0.245 0)
(0.9375 0.245 0)
(0.95 0.245 0)
(0.9625 0.245 0)
(0.975 0.245 0)
(0.9875 0.245 0)
(1 0.245 0)
(1.0125 0.245 0)
(1.025 0.245 0)
(1.0375 0.245 0)
(1.05 0.245 0)
(1.0625 0.245 0)
(1.075 0.245 0)
(1.0875 0.245 0)
(1.1 0.245 0)
(1.1125 0.245 0)
(1.125 0.245 0)
(1.1375 0.245 0)
(1.15 0.245 0)
(1.1625 0.245 0)
(1.175 0.245 0)
(1.1875 0.245 0)
(1.2 0.245 0)
(1.2125 0.245 0)
(1.225 0.245 0)
(1.2375 0.245 0)
(1.25 0.245 0)
(1.2625 0.245 0)
(1.275 0.245 0)
(1.2875 0.245 0)
(1.3 0.245 0)
(1.3125 0.245 0)
(1.325 0.245 0)
(1.3375 0.245 0)
(1.35 0.245 0)
(1.3625 0.245 0)
(1.375 0.245 0)
(1.3875 0.245 0)
(1.4 0.245 0)
(1.4125 0.245 0)
(1.425 0.245 0)
(1.4375 0.245 0)
(1.45 0.245 0)
(1.4625 0.245 0)
(1.475 0.245 0)
(1.4875 0.245 0)
(1.5 0.245 0)
(1.5125 0.245 0)
(1.525 0.245 0)
(1.5375 0.245 0)
(1.55 0.245 0)
(1.5625 0.245 0)
(1.575 0.245 0)
(1.5875 0.245 0)
(1.6 0.245 0)
(1.6125 0.245 0)
(1.625 0.245 0)
(1.6375 0.245 0)
(1.65 0.245 0)
(1.6625 0.245 0)
(1.675 0.245 0)
(1.6875 0.245 0)
(1.7 0.245 0)
(1.7125 0.245 0)
(1.725 0.245 0)
(1.7375 0.245 0)
(1.75 0.245 0)
(1.7625 0.245 0)
(1.775 0.245 0)
(1.7875 0.245 0)
(1.8 0.245 0)
(1.8125 0.245 0)
(1.825 0.245 0)
(1.8375 0.245 0)
(1.85 0.245 0)
(1.8625 0.245 0)
(1.875 0.245 0)
(1.8875 0.245 0)
(1.9 0.245 0)
(1.9125 0.245 0)
(1.925 0.245 0)
(1.9375 0.245 0)
(1.95 0.245 0)
(1.9625 0.245 0)
(1.975 0.245 0)
(1.9875 0.245 0)
(2 0.245 0)
(2.0125 0.245 0)
(2.025 0.245 0)
(2.0375 0.245 0)
(2.05 0.245 0)
(2.0625 0.245 0)
(2.075 0.245 0)
(2.0875 0.245 0)
(2.1 0.245 0)
(2.1125 0.245 0)
(2.125 0.245 0)
(2.1375 0.245 0)
(2.15 0.245 0)
(2.1625 0.245 0)
(2.175 0.245 0)
(2.1875 0.245 0)
(2.2 0.245 0)
(2.2125 0.245 0)
(2.225 0.245 0)
(2.2375 0.245 0)
(2.25 0.245 0)
(2.2625 0.245 0)
(2.275 0.245 0)
(2.2875 0.245 0)
(2.3 0.245 0)
(2.3125 0.245 0)
(2.325 0.245 0)
(2.3375 0.245 0)
(2.35 0.245 0)
(2.3625 0.245 0)
(2.375 0.245 0)
(2.3875 0.245 0)
(2.4 0.245 0)
(2.4125 0.245 0)
(2.425 0.245 0)
(2.4375 0.245 0)
(2.45 0.245 0)
(2.4625 0.245 0)
(2.475 0.245 0)
(2.4875 0.245 0)
(2.5 0.245 0)
(0.2625 0.25 0)
(0.275 0.25 0)
(0.2875 0.25 0)
(0.3 0.25 0)
(0.3125 0.25 0)
(0.325 0.25 0)
(0.3375 0.25 0)
(0.35 0.25 0)
(0.3625 0.25 0)
(0.375 0.25 0)
(0.3875 0.25 0)
(0.4 0.25 0)
(0.4125 0.25 0)
(0.425 0.25 0)
(0.4375 0.25 0)
(0.45 0.25 0)
(0.4625 0.25 0)
(0.475 0.25 0)
(0.4875 0.25 0)
(0.5 0.25 0)
(0.5125 0.25 0)
(0.525 0.25 0)
(0.5375 0.25 0)
(0.55 0.25 0)
(0.5625 0.25 0)
(0.575 0.25 0)
(0.5875 0.25 0)
(0.6 0.25 0)
(0.6125 0.25 0)
(0.625 0.25 0)
(0.6375 0.25 0)
(0.65 0.25 0)
(0.6625 0.25 0)
(0.675 0.25 0)
(0.6875 0.25 0)
(0.7 0.25 0)
(0.7125 0.25 0)
(0.725 0.25 0)
(0.7375 0.25 0)
(0.75 0.25 0)
(0.7625 0.25 0)
(0.775 0.25 0)
(0.7875 0.25 0)
(0.8 0.25 0)
(0.8125 0.25 0)
(0.825 0.25 0)
(0.8375 0.25 0)
(0.85 0.25 0)
(0.8625 0.25 0)
(0.875 0.25 0)
(0.8875 0.25 0)
(0.9 0.25 0)
(0.9125 0.25 0)
(0.925 0.25 0)
(0.9375 0.25 0)
(0.95 0.25 0)
(0.9625 0.25 0)
(0.975 0.25 0)
(0.9875 0.25 0)
(1 0.25 0)
(1.0125 0.25 0)
(1.025 0.25 0)
(1.0375 0.25 0)
(1.05 0.25 0)
(1.0625 0.25 0)
(1.075 0.25 0)
(1.0875 0.25 0)
(1.1 0.25 0)
(1.1125 0.25 0)
(1.125 0.25 0)
(1.1375 0.25 0)
(1.15 0.25 0)
(1.1625 0.25 0)
(1.175 0.25 0)
(1.1875 0.25 0)
(1.2 0.25 0)
(1.2125 0.25 0)
(1.225 0.25 0)
(1.2375 0.25 0)
(1.25 0.25 0)
(1.2625 0.25 0)
(1.275 0.25 0)
(1.2875 0.25 0)
(1.3 0.25 0)
(1.3125 0.25 0)
(1.325 0.25 0)
(1.3375 0.25 0)
(1.35 0.25 0)
(1.3625 0.25 0)
(1.375 0.25 0)
(1.3875 0.25 0)
(1.4 0.25 0)
(1.4125 0.25 0)
(1.425 0.25 0)
(1.4375 0.25 0)
(1.45 0.25 0)
(1.4625 0.25 0)
(1.475 0.25 0)
(1.4875 0.25 0)
(1.5 0.25 0)
(1.5125 0.25 0)
(1.525 0.25 0)
(1.5375 0.25 0)
(1.55 0.25 0)
(1.5625 0.25 0)
(1.575 0.25 0)
(1.5875 0.25 0)
(1.6 0.25 0)
(1.6125 0.25 0)
(1.625 0.25 0)
(1.6375 0.25 0)
(1.65 0.25 0)
(1.6625 0.25 0)
(1.675 0.25 0)
(1.6875 0.25 0)
(1.7 0.25 0)
(1.7125 0.25 0)
(1.725 0.25 0)
(1.7375 0.25 0)
(1.75 0.25 0)
(1.7625 0.25 0)
(1.775 0.25 0)
(1.7875 0.25 0)
(1.8 0.25 0)
(1.8125 0.25 0)
(1.825 0.25 0)
(1.8375 0.25 0)
(1.85 0.25 0)
(1.8625 0.25 0)
(1.875 0.25 0)
(1.8875 0.25 0)
(1.9 0.25 0)
(1.9125 0.25 0)
(1.925 0.25 0)
(1.9375 0.25 0)
(1.95 0.25 0)
(1.9625 0.25 0)
(1.975 0.25 0)
(1.9875 0.25 0)
(2 0.25 0)
(2.0125 0.25 0)
(2.025 0.25 0)
(2.0375 0.25 0)
(2.05 0.25 0)
(2.0625 0.25 0)
(2.075 0.25 0)
(2.0875 0.25 0)
(2.1 0.25 0)
(2.1125 0.25 0)
(2.125 0.25 0)
(2.1375 0.25 0)
(2.15 0.25 0)
(2.1625 0.25 0)
(2.175 0.25 0)
(2.1875 0.25 0)
(2.2 0.25 0)
(2.2125 0.25 0)
(2.225 0.25 0)
(2.2375 0.25 0)
(2.25 0.25 0)
(2.2625 0.25 0)
(2.275 0.25 0)
(2.2875 0.25 0)
(2.3 0.25 0)
(2.3125 0.25 0)
(2.325 0.25 0)
(2.3375 0.25 0)
(2.35 0.25 0)
(2.3625 0.25 0)
(2.375 0.25 0)
(2.3875 0.25 0)
(2.4 0.25 0)
(2.4125 0.25 0)
(2.425 0.25 0)
(2.4375 0.25 0)
(2.45 0.25 0)
(2.4625 0.25 0)
(2.475 0.25 0)
(2.4875 0.25 0)
(2.5 0.25 0)
(0.2625 0.155 0.01)
(0.275 0.155 0.01)
(0.2875 0.155 0.01)
(0.3 0.155 0.01)
(0.3125 0.155 0.01)
(0.325 0.155 0.01)
(0.3375 0.155 0.01)
(0.35 0.155 0.01)
(0.3625 0.155 0.01)
(0.375 0.155 0.01)
(0.3875 0.155 0.01)
(0.4 0.155 0.01)
(0.4125 0.155 0.01)
(0.425 0.155 0.01)
(0.4375 0.155 0.01)
(0.45 0.155 0.01)
(0.4625 0.155 0.01)
(0.475 0.155 0.01)
(0.4875 0.155 0.01)
(0.5 0.155 0.01)
(0.5125 0.155 0.01)
(0.525 0.155 0.01)
(0.5375 0.155 0.01)
(0.55 0.155 0.01)
(0.5625 0.155 0.01)
(0.575 0.155 0.01)
(0.5875 0.155 0.01)
(0.6 0.155 0.01)
(0.6125 0.155 0.01)
(0.625 0.155 0.01)
(0.6375 0.155 0.01)
(0.65 0.155 0.01)
(0.6625 0.155 0.01)
(0.675 0.155 0.01)
(0.6875 0.155 0.01)
(0.7 0.155 0.01)
(0.7125 0.155 0.01)
(0.725 0.155 0.01)
(0.7375 0.155 0.01)
(0.75 0.155 0.01)
(0.7625 0.155 0.01)
(0.775 0.155 0.01)
(0.7875 0.155 0.01)
(0.8 0.155 0.01)
(0.8125 0.155 0.01)
(0.825 0.155 0.01)
(0.8375 0.155 0.01)
(0.85 0.155 0.01)
(0.8625 0.155 0.01)
(0.875 0.155 0.01)
(0.8875 0.155 0.01)
(0.9 0.155 0.01)
(0.9125 0.155 0.01)
(0.925 0.155 0.01)
(0.9375 0.155 0.01)
(0.95 0.155 0.01)
(0.9625 0.155 0.01)
(0.975 0.155 0.01)
(0.9875 0.155 0.01)
(1 0.155 0.01)
(1.0125 0.155 0.01)
(1.025 0.155 0.01)
(1.0375 0.155 0.01)
(1.05 0.155 0.01)
(1.0625 0.155 0.01)
(1.075 0.155 0.01)
(1.0875 0.155 0.01)
(1.1 0.155 0.01)
(1.1125 0.155 0.01)
(1.125 0.155 0.01)
(1.1375 0.155 0.01)
(1.15 0.155 0.01)
(1.1625 0.155 0.01)
(1.175 0.155 0.01)
(1.1875 0.155 0.01)
(1.2 0.155 0.01)
(1.2125 0.155 0.01)
(1.225 0.155 0.01)
(1.2375 0.155 0.01)
(1.25 0.155 0.01)
(1.2625 0.155 0.01)
(1.275 0.155 0.01)
(1.2875 0.155 0.01)
(1.3 0.155 0.01)
(1.3125 0.155 0.01)
(1.325 0.155 0.01)
(1.3375 0.155 0.01)
(1.35 0.155 0.01)
(1.3625 0.155 0.01)
(1.375 0.155 0.01)
(1.3875 0.155 0.01)
(1.4 0.155 0.01)
(1.4125 0.155 0.01)
(1.425 0.155 0.01)
(1.4375 0.155 0.01)
(1.45 0.155 0.01)
(1.4625 0.155 0.01)
(1.475 0.155 0.01)
(1.4875 0.155 0.01)
(1.5 0.155 0.01)
(1.5125 0.155 0.01)
(1.525 0.155 0.01)
(1.5375 0.155 0.01)
(1.55 0.155 0.01)
(1.5625 0.155 0.01)
(1.575 0.155 0.01)
(1.5875 0.155 0.01)
(1.6 0.155 0.01)
(1.6125 0.155 0.01)
(1.625 0.155 0.01)
(1.6375 0.155 0.01)
(1.65 0.155 0.01)
(1.6625 0.155 0.01)
(1.675 0.155 0.01)
(1.6875 0.155 0.01)
(1.7 0.155 0.01)
(1.7125 0.155 0.01)
(1.725 0.155 0.01)
(1.7375 0.155 0.01)
(1.75 0.155 0.01)
(1.7625 0.155 0.01)
(1.775 0.155 0.01)
(1.7875 0.155 0.01)
(1.8 0.155 0.01)
(1.8125 0.155 0.01)
(1.825 0.155 0.01)
(1.8375 0.155 0.01)
(1.85 0.155 0.01)
(1.8625 0.155 0.01)
(1.875 0.155 0.01)
(1.8875 0.155 0.01)
(1.9 0.155 0.01)
(1.9125 0.155 0.01)
(1.925 0.155 0.01)
(1.9375 0.155 0.01)
(1.95 0.155 0.01)
(1.9625 0.155 0.01)
(1.975 0.155 0.01)
(1.9875 0.155 0.01)
(2 0.155 0.01)
(2.0125 0.155 0.01)
(2.025 0.155 0.01)
(2.0375 0.155 0.01)
(2.05 0.155 0.01)
(2.0625 0.155 0.01)
(2.075 0.155 0.01)
(2.0875 0.155 0.01)
(2.1 0.155 0.01)
(2.1125 0.155 0.01)
(2.125 0.155 0.01)
(2.1375 0.155 0.01)
(2.15 0.155 0.01)
(2.1625 0.155 0.01)
(2.175 0.155 0.01)
(2.1875 0.155 0.01)
(2.2 0.155 0.01)
(2.2125 0.155 0.01)
(2.225 0.155 0.01)
(2.2375 0.155 0.01)
(2.25 0.155 0.01)
(2.2625 0.155 0.01)
(2.275 0.155 0.01)
(2.2875 0.155 0.01)
(2.3 0.155 0.01)
(2.3125 0.155 0.01)
(2.325 0.155 0.01)
(2.3375 0.155 0.01)
(2.35 0.155 0.01)
(2.3625 0.155 0.01)
(2.375 0.155 0.01)
(2.3875 0.155 0.01)
(2.4 0.155 0.01)
(2.4125 0.155 0.01)
(2.425 0.155 0.01)
(2.4375 0.155 0.01)
(2.45 0.155 0.01)
(2.4625 0.155 0.01)
(2.475 0.155 0.01)
(2.4875 0.155 0.01)
(2.5 0.155 0.01)
(0.2625 0.16 0.01)
(0.275 0.16 0.01)
(0.2875 0.16 0.01)
(0.3 0.16 0.01)
(0.3125 0.16 0.01)
(0.325 0.16 0.01)
(0.3375 0.16 0.01)
(0.35 0.16 0.01)
(0.3625 0.16 0.01)
(0.375 0.16 0.01)
(0.3875 0.16 0.01)
(0.4 0.16 0.01)
(0.4125 0.16 0.01)
(0.425 0.16 0.01)
(0.4375 0.16 0.01)
(0.45 0.16 0.01)
(0.4625 0.16 0.01)
(0.475 0.16 0.01)
(0.4875 0.16 0.01)
(0.5 0.16 0.01)
(0.5125 0.16 0.01)
(0.525 0.16 0.01)
(0.5375 0.16 0.01)
(0.55 0.16 0.01)
(0.5625 0.16 0.01)
(0.575 0.16 0.01)
(0.5875 0.16 0.01)
(0.6 0.16 0.01)
(0.6125 0.16 0.01)
(0.625 0.16 0.01)
(0.6375 0.16 0.01)
(0.65 0.16 0.01)
(0.6625 0.16 0.01)
(0.675 0.16 0.01)
(0.6875 0.16 0.01)
(0.7 0.16 0.01)
(0.7125 0.16 0.01)
(0.725 0.16 0.01)
(0.7375 0.16 0.01)
(0.75 0.16 0.01)
(0.7625 0.16 0.01)
(0.775 0.16 0.01)
(0.7875 0.16 0.01)
(0.8 0.16 0.01)
(0.8125 0.16 0.01)
(0.825 0.16 0.01)
(0.8375 0.16 0.01)
(0.85 0.16 0.01)
(0.8625 0.16 0.01)
(0.875 0.16 0.01)
(0.8875 0.16 0.01)
(0.9 0.16 0.01)
(0.9125 0.16 0.01)
(0.925 0.16 0.01)
(0.9375 0.16 0.01)
(0.95 0.16 0.01)
(0.9625 0.16 0.01)
(0.975 0.16 0.01)
(0.9875 0.16 0.01)
(1 0.16 0.01)
(1.0125 0.16 0.01)
(1.025 0.16 0.01)
(1.0375 0.16 0.01)
(1.05 0.16 0.01)
(1.0625 0.16 0.01)
(1.075 0.16 0.01)
(1.0875 0.16 0.01)
(1.1 0.16 0.01)
(1.1125 0.16 0.01)
(1.125 0.16 0.01)
(1.1375 0.16 0.01)
(1.15 0.16 0.01)
(1.1625 0.16 0.01)
(1.175 0.16 0.01)
(1.1875 0.16 0.01)
(1.2 0.16 0.01)
(1.2125 0.16 0.01)
(1.225 0.16 0.01)
(1.2375 0.16 0.01)
(1.25 0.16 0.01)
(1.2625 0.16 0.01)
(1.275 0.16 0.01)
(1.2875 0.16 0.01)
(1.3 0.16 0.01)
(1.3125 0.16 0.01)
(1.325 0.16 0.01)
(1.3375 0.16 0.01)
(1.35 0.16 0.01)
(1.3625 0.16 0.01)
(1.375 0.16 0.01)
(1.3875 0.16 0.01)
(1.4 0.16 0.01)
(1.4125 0.16 0.01)
(1.425 0.16 0.01)
(1.4375 0.16 0.01)
(1.45 0.16 0.01)
(1.4625 0.16 0.01)
(1.475 0.16 0.01)
(1.4875 0.16 0.01)
(1.5 0.16 0.01)
(1.5125 0.16 0.01)
(1.525 0.16 0.01)
(1.5375 0.16 0.01)
(1.55 0.16 0.01)
(1.5625 0.16 0.01)
(1.575 0.16 0.01)
(1.5875 0.16 0.01)
(1.6 0.16 0.01)
(1.6125 0.16 0.01)
(1.625 0.16 0.01)
(1.6375 0.16 0.01)
(1.65 0.16 0.01)
(1.6625 0.16 0.01)
(1.675 0.16 0.01)
(1.6875 0.16 0.01)
(1.7 0.16 0.01)
(1.7125 0.16 0.01)
(1.725 0.16 0.01)
(1.7375 0.16 0.01)
(1.75 0.16 0.01)
(1.7625 0.16 0.01)
(1.775 0.16 0.01)
(1.7875 0.16 0.01)
(1.8 0.16 0.01)
(1.8125 0.16 0.01)
(1.825 0.16 0.01)
(1.8375 0.16 0.01)
(1.85 0.16 0.01)
(1.8625 0.16 0.01)
(1.875 0.16 0.01)
(1.8875 0.16 0.01)
(1.9 0.16 0.01)
(1.9125 0.16 0.01)
(1.925 0.16 0.01)
(1.9375 0.16 0.01)
(1.95 0.16 0.01)
(1.9625 0.16 0.01)
(1.975 0.16 0.01)
(1.9875 0.16 0.01)
(2 0.16 0.01)
(2.0125 0.16 0.01)
(2.025 0.16 0.01)
(2.0375 0.16 0.01)
(2.05 0.16 0.01)
(2.0625 0.16 0.01)
(2.075 0.16 0.01)
(2.0875 0.16 0.01)
(2.1 0.16 0.01)
(2.1125 0.16 0.01)
(2.125 0.16 0.01)
(2.1375 0.16 0.01)
(2.15 0.16 0.01)
(2.1625 0.16 0.01)
(2.175 0.16 0.01)
(2.1875 0.16 0.01)
(2.2 0.16 0.01)
(2.2125 0.16 0.01)
(2.225 0.16 0.01)
(2.2375 0.16 0.01)
(2.25 0.16 0.01)
(2.2625 0.16 0.01)
(2.275 0.16 0.01)
(2.2875 0.16 0.01)
(2.3 0.16 0.01)
(2.3125 0.16 0.01)
(2.325 0.16 0.01)
(2.3375 0.16 0.01)
(2.35 0.16 0.01)
(2.3625 0.16 0.01)
(2.375 0.16 0.01)
(2.3875 0.16 0.01)
(2.4 0.16 0.01)
(2.4125 0.16 0.01)
(2.425 0.16 0.01)
(2.4375 0.16 0.01)
(2.45 0.16 0.01)
(2.4625 0.16 0.01)
(2.475 0.16 0.01)
(2.4875 0.16 0.01)
(2.5 0.16 0.01)
(0.2625 0.165 0.01)
(0.275 0.165 0.01)
(0.2875 0.165 0.01)
(0.3 0.165 0.01)
(0.3125 0.165 0.01)
(0.325 0.165 0.01)
(0.3375 0.165 0.01)
(0.35 0.165 0.01)
(0.3625 0.165 0.01)
(0.375 0.165 0.01)
(0.3875 0.165 0.01)
(0.4 0.165 0.01)
(0.4125 0.165 0.01)
(0.425 0.165 0.01)
(0.4375 0.165 0.01)
(0.45 0.165 0.01)
(0.4625 0.165 0.01)
(0.475 0.165 0.01)
(0.4875 0.165 0.01)
(0.5 0.165 0.01)
(0.5125 0.165 0.01)
(0.525 0.165 0.01)
(0.5375 0.165 0.01)
(0.55 0.165 0.01)
(0.5625 0.165 0.01)
(0.575 0.165 0.01)
(0.5875 0.165 0.01)
(0.6 0.165 0.01)
(0.6125 0.165 0.01)
(0.625 0.165 0.01)
(0.6375 0.165 0.01)
(0.65 0.165 0.01)
(0.6625 0.165 0.01)
(0.675 0.165 0.01)
(0.6875 0.165 0.01)
(0.7 0.165 0.01)
(0.7125 0.165 0.01)
(0.725 0.165 0.01)
(0.7375 0.165 0.01)
(0.75 0.165 0.01)
(0.7625 0.165 0.01)
(0.775 0.165 0.01)
(0.7875 0.165 0.01)
(0.8 0.165 0.01)
(0.8125 0.165 0.01)
(0.825 0.165 0.01)
(0.8375 0.165 0.01)
(0.85 0.165 0.01)
(0.8625 0.165 0.01)
(0.875 0.165 0.01)
(0.8875 0.165 0.01)
(0.9 0.165 0.01)
(0.9125 0.165 0.01)
(0.925 0.165 0.01)
(0.9375 0.165 0.01)
(0.95 0.165 0.01)
(0.9625 0.165 0.01)
(0.975 0.165 0.01)
(0.9875 0.165 0.01)
(1 0.165 0.01)
(1.0125 0.165 0.01)
(1.025 0.165 0.01)
(1.0375 0.165 0.01)
(1.05 0.165 0.01)
(1.0625 0.165 0.01)
(1.075 0.165 0.01)
(1.0875 0.165 0.01)
(1.1 0.165 0.01)
(1.1125 0.165 0.01)
(1.125 0.165 0.01)
(1.1375 0.165 0.01)
(1.15 0.165 0.01)
(1.1625 0.165 0.01)
(1.175 0.165 0.01)
(1.1875 0.165 0.01)
(1.2 0.165 0.01)
(1.2125 0.165 0.01)
(1.225 0.165 0.01)
(1.2375 0.165 0.01)
(1.25 0.165 0.01)
(1.2625 0.165 0.01)
(1.275 0.165 0.01)
(1.2875 0.165 0.01)
(1.3 0.165 0.01)
(1.3125 0.165 0.01)
(1.325 0.165 0.01)
(1.3375 0.165 0.01)
(1.35 0.165 0.01)
(1.3625 0.165 0.01)
(1.375 0.165 0.01)
(1.3875 0.165 0.01)
(1.4 0.165 0.01)
(1.4125 0.165 0.01)
(1.425 0.165 0.01)
(1.4375 0.165 0.01)
(1.45 0.165 0.01)
(1.4625 0.165 0.01)
(1.475 0.165 0.01)
(1.4875 0.165 0.01)
(1.5 0.165 0.01)
(1.5125 0.165 0.01)
(1.525 0.165 0.01)
(1.5375 0.165 0.01)
(1.55 0.165 0.01)
(1.5625 0.165 0.01)
(1.575 0.165 0.01)
(1.5875 0.165 0.01)
(1.6 0.165 0.01)
(1.6125 0.165 0.01)
(1.625 0.165 0.01)
(1.6375 0.165 0.01)
(1.65 0.165 0.01)
(1.6625 0.165 0.01)
(1.675 0.165 0.01)
(1.6875 0.165 0.01)
(1.7 0.165 0.01)
(1.7125 0.165 0.01)
(1.725 0.165 0.01)
(1.7375 0.165 0.01)
(1.75 0.165 0.01)
(1.7625 0.165 0.01)
(1.775 0.165 0.01)
(1.7875 0.165 0.01)
(1.8 0.165 0.01)
(1.8125 0.165 0.01)
(1.825 0.165 0.01)
(1.8375 0.165 0.01)
(1.85 0.165 0.01)
(1.8625 0.165 0.01)
(1.875 0.165 0.01)
(1.8875 0.165 0.01)
(1.9 0.165 0.01)
(1.9125 0.165 0.01)
(1.925 0.165 0.01)
(1.9375 0.165 0.01)
(1.95 0.165 0.01)
(1.9625 0.165 0.01)
(1.975 0.165 0.01)
(1.9875 0.165 0.01)
(2 0.165 0.01)
(2.0125 0.165 0.01)
(2.025 0.165 0.01)
(2.0375 0.165 0.01)
(2.05 0.165 0.01)
(2.0625 0.165 0.01)
(2.075 0.165 0.01)
(2.0875 0.165 0.01)
(2.1 0.165 0.01)
(2.1125 0.165 0.01)
(2.125 0.165 0.01)
(2.1375 0.165 0.01)
(2.15 0.165 0.01)
(2.1625 0.165 0.01)
(2.175 0.165 0.01)
(2.1875 0.165 0.01)
(2.2 0.165 0.01)
(2.2125 0.165 0.01)
(2.225 0.165 0.01)
(2.2375 0.165 0.01)
(2.25 0.165 0.01)
(2.2625 0.165 0.01)
(2.275 0.165 0.01)
(2.2875 0.165 0.01)
(2.3 0.165 0.01)
(2.3125 0.165 0.01)
(2.325 0.165 0.01)
(2.3375 0.165 0.01)
(2.35 0.165 0.01)
(2.3625 0.165 0.01)
(2.375 0.165 0.01)
(2.3875 0.165 0.01)
(2.4 0.165 0.01)
(2.4125 0.165 0.01)
(2.425 0.165 0.01)
(2.4375 0.165 0.01)
(2.45 0.165 0.01)
(2.4625 0.165 0.01)
(2.475 0.165 0.01)
(2.4875 0.165 0.01)
(2.5 0.165 0.01)
(0.2625 0.17 0.01)
(0.275 0.17 0.01)
(0.2875 0.17 0.01)
(0.3 0.17 0.01)
(0.3125 0.17 0.01)
(0.325 0.17 0.01)
(0.3375 0.17 0.01)
(0.35 0.17 0.01)
(0.3625 0.17 0.01)
(0.375 0.17 0.01)
(0.3875 0.17 0.01)
(0.4 0.17 0.01)
(0.4125 0.17 0.01)
(0.425 0.17 0.01)
(0.4375 0.17 0.01)
(0.45 0.17 0.01)
(0.4625 0.17 0.01)
(0.475 0.17 0.01)
(0.4875 0.17 0.01)
(0.5 0.17 0.01)
(0.5125 0.17 0.01)
(0.525 0.17 0.01)
(0.5375 0.17 0.01)
(0.55 0.17 0.01)
(0.5625 0.17 0.01)
(0.575 0.17 0.01)
(0.5875 0.17 0.01)
(0.6 0.17 0.01)
(0.6125 0.17 0.01)
(0.625 0.17 0.01)
(0.6375 0.17 0.01)
(0.65 0.17 0.01)
(0.6625 0.17 0.01)
(0.675 0.17 0.01)
(0.6875 0.17 0.01)
(0.7 0.17 0.01)
(0.7125 0.17 0.01)
(0.725 0.17 0.01)
(0.7375 0.17 0.01)
(0.75 0.17 0.01)
(0.7625 0.17 0.01)
(0.775 0.17 0.01)
(0.7875 0.17 0.01)
(0.8 0.17 0.01)
(0.8125 0.17 0.01)
(0.825 0.17 0.01)
(0.8375 0.17 0.01)
(0.85 0.17 0.01)
(0.8625 0.17 0.01)
(0.875 0.17 0.01)
(0.8875 0.17 0.01)
(0.9 0.17 0.01)
(0.9125 0.17 0.01)
(0.925 0.17 0.01)
(0.9375 0.17 0.01)
(0.95 0.17 0.01)
(0.9625 0.17 0.01)
(0.975 0.17 0.01)
(0.9875 0.17 0.01)
(1 0.17 0.01)
(1.0125 0.17 0.01)
(1.025 0.17 0.01)
(1.0375 0.17 0.01)
(1.05 0.17 0.01)
(1.0625 0.17 0.01)
(1.075 0.17 0.01)
(1.0875 0.17 0.01)
(1.1 0.17 0.01)
(1.1125 0.17 0.01)
(1.125 0.17 0.01)
(1.1375 0.17 0.01)
(1.15 0.17 0.01)
(1.1625 0.17 0.01)
(1.175 0.17 0.01)
(1.1875 0.17 0.01)
(1.2 0.17 0.01)
(1.2125 0.17 0.01)
(1.225 0.17 0.01)
(1.2375 0.17 0.01)
(1.25 0.17 0.01)
(1.2625 0.17 0.01)
(1.275 0.17 0.01)
(1.2875 0.17 0.01)
(1.3 0.17 0.01)
(1.3125 0.17 0.01)
(1.325 0.17 0.01)
(1.3375 0.17 0.01)
(1.35 0.17 0.01)
(1.3625 0.17 0.01)
(1.375 0.17 0.01)
(1.3875 0.17 0.01)
(1.4 0.17 0.01)
(1.4125 0.17 0.01)
(1.425 0.17 0.01)
(1.4375 0.17 0.01)
(1.45 0.17 0.01)
(1.4625 0.17 0.01)
(1.475 0.17 0.01)
(1.4875 0.17 0.01)
(1.5 0.17 0.01)
(1.5125 0.17 0.01)
(1.525 0.17 0.01)
(1.5375 0.17 0.01)
(1.55 0.17 0.01)
(1.5625 0.17 0.01)
(1.575 0.17 0.01)
(1.5875 0.17 0.01)
(1.6 0.17 0.01)
(1.6125 0.17 0.01)
(1.625 0.17 0.01)
(1.6375 0.17 0.01)
(1.65 0.17 0.01)
(1.6625 0.17 0.01)
(1.675 0.17 0.01)
(1.6875 0.17 0.01)
(1.7 0.17 0.01)
(1.7125 0.17 0.01)
(1.725 0.17 0.01)
(1.7375 0.17 0.01)
(1.75 0.17 0.01)
(1.7625 0.17 0.01)
(1.775 0.17 0.01)
(1.7875 0.17 0.01)
(1.8 0.17 0.01)
(1.8125 0.17 0.01)
(1.825 0.17 0.01)
(1.8375 0.17 0.01)
(1.85 0.17 0.01)
(1.8625 0.17 0.01)
(1.875 0.17 0.01)
(1.8875 0.17 0.01)
(1.9 0.17 0.01)
(1.9125 0.17 0.01)
(1.925 0.17 0.01)
(1.9375 0.17 0.01)
(1.95 0.17 0.01)
(1.9625 0.17 0.01)
(1.975 0.17 0.01)
(1.9875 0.17 0.01)
(2 0.17 0.01)
(2.0125 0.17 0.01)
(2.025 0.17 0.01)
(2.0375 0.17 0.01)
(2.05 0.17 0.01)
(2.0625 0.17 0.01)
(2.075 0.17 0.01)
(2.0875 0.17 0.01)
(2.1 0.17 0.01)
(2.1125 0.17 0.01)
(2.125 0.17 0.01)
(2.1375 0.17 0.01)
(2.15 0.17 0.01)
(2.1625 0.17 0.01)
(2.175 0.17 0.01)
(2.1875 0.17 0.01)
(2.2 0.17 0.01)
(2.2125 0.17 0.01)
(2.225 0.17 0.01)
(2.2375 0.17 0.01)
(2.25 0.17 0.01)
(2.2625 0.17 0.01)
(2.275 0.17 0.01)
(2.2875 0.17 0.01)
(2.3 0.17 0.01)
(2.3125 0.17 0.01)
(2.325 0.17 0.01)
(2.3375 0.17 0.01)
(2.35 0.17 0.01)
(2.3625 0.17 0.01)
(2.375 0.17 0.01)
(2.3875 0.17 0.01)
(2.4 0.17 0.01)
(2.4125 0.17 0.01)
(2.425 0.17 0.01)
(2.4375 0.17 0.01)
(2.45 0.17 0.01)
(2.4625 0.17 0.01)
(2.475 0.17 0.01)
(2.4875 0.17 0.01)
(2.5 0.17 0.01)
(0.2625 0.175 0.01)
(0.275 0.175 0.01)
(0.2875 0.175 0.01)
(0.3 0.175 0.01)
(0.3125 0.175 0.01)
(0.325 0.175 0.01)
(0.3375 0.175 0.01)
(0.35 0.175 0.01)
(0.3625 0.175 0.01)
(0.375 0.175 0.01)
(0.3875 0.175 0.01)
(0.4 0.175 0.01)
(0.4125 0.175 0.01)
(0.425 0.175 0.01)
(0.4375 0.175 0.01)
(0.45 0.175 0.01)
(0.4625 0.175 0.01)
(0.475 0.175 0.01)
(0.4875 0.175 0.01)
(0.5 0.175 0.01)
(0.5125 0.175 0.01)
(0.525 0.175 0.01)
(0.5375 0.175 0.01)
(0.55 0.175 0.01)
(0.5625 0.175 0.01)
(0.575 0.175 0.01)
(0.5875 0.175 0.01)
(0.6 0.175 0.01)
(0.6125 0.175 0.01)
(0.625 0.175 0.01)
(0.6375 0.175 0.01)
(0.65 0.175 0.01)
(0.6625 0.175 0.01)
(0.675 0.175 0.01)
(0.6875 0.175 0.01)
(0.7 0.175 0.01)
(0.7125 0.175 0.01)
(0.725 0.175 0.01)
(0.7375 0.175 0.01)
(0.75 0.175 0.01)
(0.7625 0.175 0.01)
(0.775 0.175 0.01)
(0.7875 0.175 0.01)
(0.8 0.175 0.01)
(0.8125 0.175 0.01)
(0.825 0.175 0.01)
(0.8375 0.175 0.01)
(0.85 0.175 0.01)
(0.8625 0.175 0.01)
(0.875 0.175 0.01)
(0.8875 0.175 0.01)
(0.9 0.175 0.01)
(0.9125 0.175 0.01)
(0.925 0.175 0.01)
(0.9375 0.175 0.01)
(0.95 0.175 0.01)
(0.9625 0.175 0.01)
(0.975 0.175 0.01)
(0.9875 0.175 0.01)
(1 0.175 0.01)
(1.0125 0.175 0.01)
(1.025 0.175 0.01)
(1.0375 0.175 0.01)
(1.05 0.175 0.01)
(1.0625 0.175 0.01)
(1.075 0.175 0.01)
(1.0875 0.175 0.01)
(1.1 0.175 0.01)
(1.1125 0.175 0.01)
(1.125 0.175 0.01)
(1.1375 0.175 0.01)
(1.15 0.175 0.01)
(1.1625 0.175 0.01)
(1.175 0.175 0.01)
(1.1875 0.175 0.01)
(1.2 0.175 0.01)
(1.2125 0.175 0.01)
(1.225 0.175 0.01)
(1.2375 0.175 0.01)
(1.25 0.175 0.01)
(1.2625 0.175 0.01)
(1.275 0.175 0.01)
(1.2875 0.175 0.01)
(1.3 0.175 0.01)
(1.3125 0.175 0.01)
(1.325 0.175 0.01)
(1.3375 0.175 0.01)
(1.35 0.175 0.01)
(1.3625 0.175 0.01)
(1.375 0.175 0.01)
(1.3875 0.175 0.01)
(1.4 0.175 0.01)
(1.4125 0.175 0.01)
(1.425 0.175 0.01)
(1.4375 0.175 0.01)
(1.45 0.175 0.01)
(1.4625 0.175 0.01)
(1.475 0.175 0.01)
(1.4875 0.175 0.01)
(1.5 0.175 0.01)
(1.5125 0.175 0.01)
(1.525 0.175 0.01)
(1.5375 0.175 0.01)
(1.55 0.175 0.01)
(1.5625 0.175 0.01)
(1.575 0.175 0.01)
(1.5875 0.175 0.01)
(1.6 0.175 0.01)
(1.6125 0.175 0.01)
(1.625 0.175 0.01)
(1.6375 0.175 0.01)
(1.65 0.175 0.01)
(1.6625 0.175 0.01)
(1.675 0.175 0.01)
(1.6875 0.175 0.01)
(1.7 0.175 0.01)
(1.7125 0.175 0.01)
(1.725 0.175 0.01)
(1.7375 0.175 0.01)
(1.75 0.175 0.01)
(1.7625 0.175 0.01)
(1.775 0.175 0.01)
(1.7875 0.175 0.01)
(1.8 0.175 0.01)
(1.8125 0.175 0.01)
(1.825 0.175 0.01)
(1.8375 0.175 0.01)
(1.85 0.175 0.01)
(1.8625 0.175 0.01)
(1.875 0.175 0.01)
(1.8875 0.175 0.01)
(1.9 0.175 0.01)
(1.9125 0.175 0.01)
(1.925 0.175 0.01)
(1.9375 0.175 0.01)
(1.95 0.175 0.01)
(1.9625 0.175 0.01)
(1.975 0.175 0.01)
(1.9875 0.175 0.01)
(2 0.175 0.01)
(2.0125 0.175 0.01)
(2.025 0.175 0.01)
(2.0375 0.175 0.01)
(2.05 0.175 0.01)
(2.0625 0.175 0.01)
(2.075 0.175 0.01)
(2.0875 0.175 0.01)
(2.1 0.175 0.01)
(2.1125 0.175 0.01)
(2.125 0.175 0.01)
(2.1375 0.175 0.01)
(2.15 0.175 0.01)
(2.1625 0.175 0.01)
(2.175 0.175 0.01)
(2.1875 0.175 0.01)
(2.2 0.175 0.01)
(2.2125 0.175 0.01)
(2.225 0.175 0.01)
(2.2375 0.175 0.01)
(2.25 0.175 0.01)
(2.2625 0.175 0.01)
(2.275 0.175 0.01)
(2.2875 0.175 0.01)
(2.3 0.175 0.01)
(2.3125 0.175 0.01)
(2.325 0.175 0.01)
(2.3375 0.175 0.01)
(2.35 0.175 0.01)
(2.3625 0.175 0.01)
(2.375 0.175 0.01)
(2.3875 0.175 0.01)
(2.4 0.175 0.01)
(2.4125 0.175 0.01)
(2.425 0.175 0.01)
(2.4375 0.175 0.01)
(2.45 0.175 0.01)
(2.4625 0.175 0.01)
(2.475 0.175 0.01)
(2.4875 0.175 0.01)
(2.5 0.175 0.01)
(0.2625 0.18 0.01)
(0.275 0.18 0.01)
(0.2875 0.18 0.01)
(0.3 0.18 0.01)
(0.3125 0.18 0.01)
(0.325 0.18 0.01)
(0.3375 0.18 0.01)
(0.35 0.18 0.01)
(0.3625 0.18 0.01)
(0.375 0.18 0.01)
(0.3875 0.18 0.01)
(0.4 0.18 0.01)
(0.4125 0.18 0.01)
(0.425 0.18 0.01)
(0.4375 0.18 0.01)
(0.45 0.18 0.01)
(0.4625 0.18 0.01)
(0.475 0.18 0.01)
(0.4875 0.18 0.01)
(0.5 0.18 0.01)
(0.5125 0.18 0.01)
(0.525 0.18 0.01)
(0.5375 0.18 0.01)
(0.55 0.18 0.01)
(0.5625 0.18 0.01)
(0.575 0.18 0.01)
(0.5875 0.18 0.01)
(0.6 0.18 0.01)
(0.6125 0.18 0.01)
(0.625 0.18 0.01)
(0.6375 0.18 0.01)
(0.65 0.18 0.01)
(0.6625 0.18 0.01)
(0.675 0.18 0.01)
(0.6875 0.18 0.01)
(0.7 0.18 0.01)
(0.7125 0.18 0.01)
(0.725 0.18 0.01)
(0.7375 0.18 0.01)
(0.75 0.18 0.01)
(0.7625 0.18 0.01)
(0.775 0.18 0.01)
(0.7875 0.18 0.01)
(0.8 0.18 0.01)
(0.8125 0.18 0.01)
(0.825 0.18 0.01)
(0.8375 0.18 0.01)
(0.85 0.18 0.01)
(0.8625 0.18 0.01)
(0.875 0.18 0.01)
(0.8875 0.18 0.01)
(0.9 0.18 0.01)
(0.9125 0.18 0.01)
(0.925 0.18 0.01)
(0.9375 0.18 0.01)
(0.95 0.18 0.01)
(0.9625 0.18 0.01)
(0.975 0.18 0.01)
(0.9875 0.18 0.01)
(1 0.18 0.01)
(1.0125 0.18 0.01)
(1.025 0.18 0.01)
(1.0375 0.18 0.01)
(1.05 0.18 0.01)
(1.0625 0.18 0.01)
(1.075 0.18 0.01)
(1.0875 0.18 0.01)
(1.1 0.18 0.01)
(1.1125 0.18 0.01)
(1.125 0.18 0.01)
(1.1375 0.18 0.01)
(1.15 0.18 0.01)
(1.1625 0.18 0.01)
(1.175 0.18 0.01)
(1.1875 0.18 0.01)
(1.2 0.18 0.01)
(1.2125 0.18 0.01)
(1.225 0.18 0.01)
(1.2375 0.18 0.01)
(1.25 0.18 0.01)
(1.2625 0.18 0.01)
(1.275 0.18 0.01)
(1.2875 0.18 0.01)
(1.3 0.18 0.01)
(1.3125 0.18 0.01)
(1.325 0.18 0.01)
(1.3375 0.18 0.01)
(1.35 0.18 0.01)
(1.3625 0.18 0.01)
(1.375 0.18 0.01)
(1.3875 0.18 0.01)
(1.4 0.18 0.01)
(1.4125 0.18 0.01)
(1.425 0.18 0.01)
(1.4375 0.18 0.01)
(1.45 0.18 0.01)
(1.4625 0.18 0.01)
(1.475 0.18 0.01)
(1.4875 0.18 0.01)
(1.5 0.18 0.01)
(1.5125 0.18 0.01)
(1.525 0.18 0.01)
(1.5375 0.18 0.01)
(1.55 0.18 0.01)
(1.5625 0.18 0.01)
(1.575 0.18 0.01)
(1.5875 0.18 0.01)
(1.6 0.18 0.01)
(1.6125 0.18 0.01)
(1.625 0.18 0.01)
(1.6375 0.18 0.01)
(1.65 0.18 0.01)
(1.6625 0.18 0.01)
(1.675 0.18 0.01)
(1.6875 0.18 0.01)
(1.7 0.18 0.01)
(1.7125 0.18 0.01)
(1.725 0.18 0.01)
(1.7375 0.18 0.01)
(1.75 0.18 0.01)
(1.7625 0.18 0.01)
(1.775 0.18 0.01)
(1.7875 0.18 0.01)
(1.8 0.18 0.01)
(1.8125 0.18 0.01)
(1.825 0.18 0.01)
(1.8375 0.18 0.01)
(1.85 0.18 0.01)
(1.8625 0.18 0.01)
(1.875 0.18 0.01)
(1.8875 0.18 0.01)
(1.9 0.18 0.01)
(1.9125 0.18 0.01)
(1.925 0.18 0.01)
(1.9375 0.18 0.01)
(1.95 0.18 0.01)
(1.9625 0.18 0.01)
(1.975 0.18 0.01)
(1.9875 0.18 0.01)
(2 0.18 0.01)
(2.0125 0.18 0.01)
(2.025 0.18 0.01)
(2.0375 0.18 0.01)
(2.05 0.18 0.01)
(2.0625 0.18 0.01)
(2.075 0.18 0.01)
(2.0875 0.18 0.01)
(2.1 0.18 0.01)
(2.1125 0.18 0.01)
(2.125 0.18 0.01)
(2.1375 0.18 0.01)
(2.15 0.18 0.01)
(2.1625 0.18 0.01)
(2.175 0.18 0.01)
(2.1875 0.18 0.01)
(2.2 0.18 0.01)
(2.2125 0.18 0.01)
(2.225 0.18 0.01)
(2.2375 0.18 0.01)
(2.25 0.18 0.01)
(2.2625 0.18 0.01)
(2.275 0.18 0.01)
(2.2875 0.18 0.01)
(2.3 0.18 0.01)
(2.3125 0.18 0.01)
(2.325 0.18 0.01)
(2.3375 0.18 0.01)
(2.35 0.18 0.01)
(2.3625 0.18 0.01)
(2.375 0.18 0.01)
(2.3875 0.18 0.01)
(2.4 0.18 0.01)
(2.4125 0.18 0.01)
(2.425 0.18 0.01)
(2.4375 0.18 0.01)
(2.45 0.18 0.01)
(2.4625 0.18 0.01)
(2.475 0.18 0.01)
(2.4875 0.18 0.01)
(2.5 0.18 0.01)
(0.2625 0.185 0.01)
(0.275 0.185 0.01)
(0.2875 0.185 0.01)
(0.3 0.185 0.01)
(0.3125 0.185 0.01)
(0.325 0.185 0.01)
(0.3375 0.185 0.01)
(0.35 0.185 0.01)
(0.3625 0.185 0.01)
(0.375 0.185 0.01)
(0.3875 0.185 0.01)
(0.4 0.185 0.01)
(0.4125 0.185 0.01)
(0.425 0.185 0.01)
(0.4375 0.185 0.01)
(0.45 0.185 0.01)
(0.4625 0.185 0.01)
(0.475 0.185 0.01)
(0.4875 0.185 0.01)
(0.5 0.185 0.01)
(0.5125 0.185 0.01)
(0.525 0.185 0.01)
(0.5375 0.185 0.01)
(0.55 0.185 0.01)
(0.5625 0.185 0.01)
(0.575 0.185 0.01)
(0.5875 0.185 0.01)
(0.6 0.185 0.01)
(0.6125 0.185 0.01)
(0.625 0.185 0.01)
(0.6375 0.185 0.01)
(0.65 0.185 0.01)
(0.6625 0.185 0.01)
(0.675 0.185 0.01)
(0.6875 0.185 0.01)
(0.7 0.185 0.01)
(0.7125 0.185 0.01)
(0.725 0.185 0.01)
(0.7375 0.185 0.01)
(0.75 0.185 0.01)
(0.7625 0.185 0.01)
(0.775 0.185 0.01)
(0.7875 0.185 0.01)
(0.8 0.185 0.01)
(0.8125 0.185 0.01)
(0.825 0.185 0.01)
(0.8375 0.185 0.01)
(0.85 0.185 0.01)
(0.8625 0.185 0.01)
(0.875 0.185 0.01)
(0.8875 0.185 0.01)
(0.9 0.185 0.01)
(0.9125 0.185 0.01)
(0.925 0.185 0.01)
(0.9375 0.185 0.01)
(0.95 0.185 0.01)
(0.9625 0.185 0.01)
(0.975 0.185 0.01)
(0.9875 0.185 0.01)
(1 0.185 0.01)
(1.0125 0.185 0.01)
(1.025 0.185 0.01)
(1.0375 0.185 0.01)
(1.05 0.185 0.01)
(1.0625 0.185 0.01)
(1.075 0.185 0.01)
(1.0875 0.185 0.01)
(1.1 0.185 0.01)
(1.1125 0.185 0.01)
(1.125 0.185 0.01)
(1.1375 0.185 0.01)
(1.15 0.185 0.01)
(1.1625 0.185 0.01)
(1.175 0.185 0.01)
(1.1875 0.185 0.01)
(1.2 0.185 0.01)
(1.2125 0.185 0.01)
(1.225 0.185 0.01)
(1.2375 0.185 0.01)
(1.25 0.185 0.01)
(1.2625 0.185 0.01)
(1.275 0.185 0.01)
(1.2875 0.185 0.01)
(1.3 0.185 0.01)
(1.3125 0.185 0.01)
(1.325 0.185 0.01)
(1.3375 0.185 0.01)
(1.35 0.185 0.01)
(1.3625 0.185 0.01)
(1.375 0.185 0.01)
(1.3875 0.185 0.01)
(1.4 0.185 0.01)
(1.4125 0.185 0.01)
(1.425 0.185 0.01)
(1.4375 0.185 0.01)
(1.45 0.185 0.01)
(1.4625 0.185 0.01)
(1.475 0.185 0.01)
(1.4875 0.185 0.01)
(1.5 0.185 0.01)
(1.5125 0.185 0.01)
(1.525 0.185 0.01)
(1.5375 0.185 0.01)
(1.55 0.185 0.01)
(1.5625 0.185 0.01)
(1.575 0.185 0.01)
(1.5875 0.185 0.01)
(1.6 0.185 0.01)
(1.6125 0.185 0.01)
(1.625 0.185 0.01)
(1.6375 0.185 0.01)
(1.65 0.185 0.01)
(1.6625 0.185 0.01)
(1.675 0.185 0.01)
(1.6875 0.185 0.01)
(1.7 0.185 0.01)
(1.7125 0.185 0.01)
(1.725 0.185 0.01)
(1.7375 0.185 0.01)
(1.75 0.185 0.01)
(1.7625 0.185 0.01)
(1.775 0.185 0.01)
(1.7875 0.185 0.01)
(1.8 0.185 0.01)
(1.8125 0.185 0.01)
(1.825 0.185 0.01)
(1.8375 0.185 0.01)
(1.85 0.185 0.01)
(1.8625 0.185 0.01)
(1.875 0.185 0.01)
(1.8875 0.185 0.01)
(1.9 0.185 0.01)
(1.9125 0.185 0.01)
(1.925 0.185 0.01)
(1.9375 0.185 0.01)
(1.95 0.185 0.01)
(1.9625 0.185 0.01)
(1.975 0.185 0.01)
(1.9875 0.185 0.01)
(2 0.185 0.01)
(2.0125 0.185 0.01)
(2.025 0.185 0.01)
(2.0375 0.185 0.01)
(2.05 0.185 0.01)
(2.0625 0.185 0.01)
(2.075 0.185 0.01)
(2.0875 0.185 0.01)
(2.1 0.185 0.01)
(2.1125 0.185 0.01)
(2.125 0.185 0.01)
(2.1375 0.185 0.01)
(2.15 0.185 0.01)
(2.1625 0.185 0.01)
(2.175 0.185 0.01)
(2.1875 0.185 0.01)
(2.2 0.185 0.01)
(2.2125 0.185 0.01)
(2.225 0.185 0.01)
(2.2375 0.185 0.01)
(2.25 0.185 0.01)
(2.2625 0.185 0.01)
(2.275 0.185 0.01)
(2.2875 0.185 0.01)
(2.3 0.185 0.01)
(2.3125 0.185 0.01)
(2.325 0.185 0.01)
(2.3375 0.185 0.01)
(2.35 0.185 0.01)
(2.3625 0.185 0.01)
(2.375 0.185 0.01)
(2.3875 0.185 0.01)
(2.4 0.185 0.01)
(2.4125 0.185 0.01)
(2.425 0.185 0.01)
(2.4375 0.185 0.01)
(2.45 0.185 0.01)
(2.4625 0.185 0.01)
(2.475 0.185 0.01)
(2.4875 0.185 0.01)
(2.5 0.185 0.01)
(0.2625 0.19 0.01)
(0.275 0.19 0.01)
(0.2875 0.19 0.01)
(0.3 0.19 0.01)
(0.3125 0.19 0.01)
(0.325 0.19 0.01)
(0.3375 0.19 0.01)
(0.35 0.19 0.01)
(0.3625 0.19 0.01)
(0.375 0.19 0.01)
(0.3875 0.19 0.01)
(0.4 0.19 0.01)
(0.4125 0.19 0.01)
(0.425 0.19 0.01)
(0.4375 0.19 0.01)
(0.45 0.19 0.01)
(0.4625 0.19 0.01)
(0.475 0.19 0.01)
(0.4875 0.19 0.01)
(0.5 0.19 0.01)
(0.5125 0.19 0.01)
(0.525 0.19 0.01)
(0.5375 0.19 0.01)
(0.55 0.19 0.01)
(0.5625 0.19 0.01)
(0.575 0.19 0.01)
(0.5875 0.19 0.01)
(0.6 0.19 0.01)
(0.6125 0.19 0.01)
(0.625 0.19 0.01)
(0.6375 0.19 0.01)
(0.65 0.19 0.01)
(0.6625 0.19 0.01)
(0.675 0.19 0.01)
(0.6875 0.19 0.01)
(0.7 0.19 0.01)
(0.7125 0.19 0.01)
(0.725 0.19 0.01)
(0.7375 0.19 0.01)
(0.75 0.19 0.01)
(0.7625 0.19 0.01)
(0.775 0.19 0.01)
(0.7875 0.19 0.01)
(0.8 0.19 0.01)
(0.8125 0.19 0.01)
(0.825 0.19 0.01)
(0.8375 0.19 0.01)
(0.85 0.19 0.01)
(0.8625 0.19 0.01)
(0.875 0.19 0.01)
(0.8875 0.19 0.01)
(0.9 0.19 0.01)
(0.9125 0.19 0.01)
(0.925 0.19 0.01)
(0.9375 0.19 0.01)
(0.95 0.19 0.01)
(0.9625 0.19 0.01)
(0.975 0.19 0.01)
(0.9875 0.19 0.01)
(1 0.19 0.01)
(1.0125 0.19 0.01)
(1.025 0.19 0.01)
(1.0375 0.19 0.01)
(1.05 0.19 0.01)
(1.0625 0.19 0.01)
(1.075 0.19 0.01)
(1.0875 0.19 0.01)
(1.1 0.19 0.01)
(1.1125 0.19 0.01)
(1.125 0.19 0.01)
(1.1375 0.19 0.01)
(1.15 0.19 0.01)
(1.1625 0.19 0.01)
(1.175 0.19 0.01)
(1.1875 0.19 0.01)
(1.2 0.19 0.01)
(1.2125 0.19 0.01)
(1.225 0.19 0.01)
(1.2375 0.19 0.01)
(1.25 0.19 0.01)
(1.2625 0.19 0.01)
(1.275 0.19 0.01)
(1.2875 0.19 0.01)
(1.3 0.19 0.01)
(1.3125 0.19 0.01)
(1.325 0.19 0.01)
(1.3375 0.19 0.01)
(1.35 0.19 0.01)
(1.3625 0.19 0.01)
(1.375 0.19 0.01)
(1.3875 0.19 0.01)
(1.4 0.19 0.01)
(1.4125 0.19 0.01)
(1.425 0.19 0.01)
(1.4375 0.19 0.01)
(1.45 0.19 0.01)
(1.4625 0.19 0.01)
(1.475 0.19 0.01)
(1.4875 0.19 0.01)
(1.5 0.19 0.01)
(1.5125 0.19 0.01)
(1.525 0.19 0.01)
(1.5375 0.19 0.01)
(1.55 0.19 0.01)
(1.5625 0.19 0.01)
(1.575 0.19 0.01)
(1.5875 0.19 0.01)
(1.6 0.19 0.01)
(1.6125 0.19 0.01)
(1.625 0.19 0.01)
(1.6375 0.19 0.01)
(1.65 0.19 0.01)
(1.6625 0.19 0.01)
(1.675 0.19 0.01)
(1.6875 0.19 0.01)
(1.7 0.19 0.01)
(1.7125 0.19 0.01)
(1.725 0.19 0.01)
(1.7375 0.19 0.01)
(1.75 0.19 0.01)
(1.7625 0.19 0.01)
(1.775 0.19 0.01)
(1.7875 0.19 0.01)
(1.8 0.19 0.01)
(1.8125 0.19 0.01)
(1.825 0.19 0.01)
(1.8375 0.19 0.01)
(1.85 0.19 0.01)
(1.8625 0.19 0.01)
(1.875 0.19 0.01)
(1.8875 0.19 0.01)
(1.9 0.19 0.01)
(1.9125 0.19 0.01)
(1.925 0.19 0.01)
(1.9375 0.19 0.01)
(1.95 0.19 0.01)
(1.9625 0.19 0.01)
(1.975 0.19 0.01)
(1.9875 0.19 0.01)
(2 0.19 0.01)
(2.0125 0.19 0.01)
(2.025 0.19 0.01)
(2.0375 0.19 0.01)
(2.05 0.19 0.01)
(2.0625 0.19 0.01)
(2.075 0.19 0.01)
(2.0875 0.19 0.01)
(2.1 0.19 0.01)
(2.1125 0.19 0.01)
(2.125 0.19 0.01)
(2.1375 0.19 0.01)
(2.15 0.19 0.01)
(2.1625 0.19 0.01)
(2.175 0.19 0.01)
(2.1875 0.19 0.01)
(2.2 0.19 0.01)
(2.2125 0.19 0.01)
(2.225 0.19 0.01)
(2.2375 0.19 0.01)
(2.25 0.19 0.01)
(2.2625 0.19 0.01)
(2.275 0.19 0.01)
(2.2875 0.19 0.01)
(2.3 0.19 0.01)
(2.3125 0.19 0.01)
(2.325 0.19 0.01)
(2.3375 0.19 0.01)
(2.35 0.19 0.01)
(2.3625 0.19 0.01)
(2.375 0.19 0.01)
(2.3875 0.19 0.01)
(2.4 0.19 0.01)
(2.4125 0.19 0.01)
(2.425 0.19 0.01)
(2.4375 0.19 0.01)
(2.45 0.19 0.01)
(2.4625 0.19 0.01)
(2.475 0.19 0.01)
(2.4875 0.19 0.01)
(2.5 0.19 0.01)
(0.2625 0.195 0.01)
(0.275 0.195 0.01)
(0.2875 0.195 0.01)
(0.3 0.195 0.01)
(0.3125 0.195 0.01)
(0.325 0.195 0.01)
(0.3375 0.195 0.01)
(0.35 0.195 0.01)
(0.3625 0.195 0.01)
(0.375 0.195 0.01)
(0.3875 0.195 0.01)
(0.4 0.195 0.01)
(0.4125 0.195 0.01)
(0.425 0.195 0.01)
(0.4375 0.195 0.01)
(0.45 0.195 0.01)
(0.4625 0.195 0.01)
(0.475 0.195 0.01)
(0.4875 0.195 0.01)
(0.5 0.195 0.01)
(0.5125 0.195 0.01)
(0.525 0.195 0.01)
(0.5375 0.195 0.01)
(0.55 0.195 0.01)
(0.5625 0.195 0.01)
(0.575 0.195 0.01)
(0.5875 0.195 0.01)
(0.6 0.195 0.01)
(0.6125 0.195 0.01)
(0.625 0.195 0.01)
(0.6375 0.195 0.01)
(0.65 0.195 0.01)
(0.6625 0.195 0.01)
(0.675 0.195 0.01)
(0.6875 0.195 0.01)
(0.7 0.195 0.01)
(0.7125 0.195 0.01)
(0.725 0.195 0.01)
(0.7375 0.195 0.01)
(0.75 0.195 0.01)
(0.7625 0.195 0.01)
(0.775 0.195 0.01)
(0.7875 0.195 0.01)
(0.8 0.195 0.01)
(0.8125 0.195 0.01)
(0.825 0.195 0.01)
(0.8375 0.195 0.01)
(0.85 0.195 0.01)
(0.8625 0.195 0.01)
(0.875 0.195 0.01)
(0.8875 0.195 0.01)
(0.9 0.195 0.01)
(0.9125 0.195 0.01)
(0.925 0.195 0.01)
(0.9375 0.195 0.01)
(0.95 0.195 0.01)
(0.9625 0.195 0.01)
(0.975 0.195 0.01)
(0.9875 0.195 0.01)
(1 0.195 0.01)
(1.0125 0.195 0.01)
(1.025 0.195 0.01)
(1.0375 0.195 0.01)
(1.05 0.195 0.01)
(1.0625 0.195 0.01)
(1.075 0.195 0.01)
(1.0875 0.195 0.01)
(1.1 0.195 0.01)
(1.1125 0.195 0.01)
(1.125 0.195 0.01)
(1.1375 0.195 0.01)
(1.15 0.195 0.01)
(1.1625 0.195 0.01)
(1.175 0.195 0.01)
(1.1875 0.195 0.01)
(1.2 0.195 0.01)
(1.2125 0.195 0.01)
(1.225 0.195 0.01)
(1.2375 0.195 0.01)
(1.25 0.195 0.01)
(1.2625 0.195 0.01)
(1.275 0.195 0.01)
(1.2875 0.195 0.01)
(1.3 0.195 0.01)
(1.3125 0.195 0.01)
(1.325 0.195 0.01)
(1.3375 0.195 0.01)
(1.35 0.195 0.01)
(1.3625 0.195 0.01)
(1.375 0.195 0.01)
(1.3875 0.195 0.01)
(1.4 0.195 0.01)
(1.4125 0.195 0.01)
(1.425 0.195 0.01)
(1.4375 0.195 0.01)
(1.45 0.195 0.01)
(1.4625 0.195 0.01)
(1.475 0.195 0.01)
(1.4875 0.195 0.01)
(1.5 0.195 0.01)
(1.5125 0.195 0.01)
(1.525 0.195 0.01)
(1.5375 0.195 0.01)
(1.55 0.195 0.01)
(1.5625 0.195 0.01)
(1.575 0.195 0.01)
(1.5875 0.195 0.01)
(1.6 0.195 0.01)
(1.6125 0.195 0.01)
(1.625 0.195 0.01)
(1.6375 0.195 0.01)
(1.65 0.195 0.01)
(1.6625 0.195 0.01)
(1.675 0.195 0.01)
(1.6875 0.195 0.01)
(1.7 0.195 0.01)
(1.7125 0.195 0.01)
(1.725 0.195 0.01)
(1.7375 0.195 0.01)
(1.75 0.195 0.01)
(1.7625 0.195 0.01)
(1.775 0.195 0.01)
(1.7875 0.195 0.01)
(1.8 0.195 0.01)
(1.8125 0.195 0.01)
(1.825 0.195 0.01)
(1.8375 0.195 0.01)
(1.85 0.195 0.01)
(1.8625 0.195 0.01)
(1.875 0.195 0.01)
(1.8875 0.195 0.01)
(1.9 0.195 0.01)
(1.9125 0.195 0.01)
(1.925 0.195 0.01)
(1.9375 0.195 0.01)
(1.95 0.195 0.01)
(1.9625 0.195 0.01)
(1.975 0.195 0.01)
(1.9875 0.195 0.01)
(2 0.195 0.01)
(2.0125 0.195 0.01)
(2.025 0.195 0.01)
(2.0375 0.195 0.01)
(2.05 0.195 0.01)
(2.0625 0.195 0.01)
(2.075 0.195 0.01)
(2.0875 0.195 0.01)
(2.1 0.195 0.01)
(2.1125 0.195 0.01)
(2.125 0.195 0.01)
(2.1375 0.195 0.01)
(2.15 0.195 0.01)
(2.1625 0.195 0.01)
(2.175 0.195 0.01)
(2.1875 0.195 0.01)
(2.2 0.195 0.01)
(2.2125 0.195 0.01)
(2.225 0.195 0.01)
(2.2375 0.195 0.01)
(2.25 0.195 0.01)
(2.2625 0.195 0.01)
(2.275 0.195 0.01)
(2.2875 0.195 0.01)
(2.3 0.195 0.01)
(2.3125 0.195 0.01)
(2.325 0.195 0.01)
(2.3375 0.195 0.01)
(2.35 0.195 0.01)
(2.3625 0.195 0.01)
(2.375 0.195 0.01)
(2.3875 0.195 0.01)
(2.4 0.195 0.01)
(2.4125 0.195 0.01)
(2.425 0.195 0.01)
(2.4375 0.195 0.01)
(2.45 0.195 0.01)
(2.4625 0.195 0.01)
(2.475 0.195 0.01)
(2.4875 0.195 0.01)
(2.5 0.195 0.01)
(0.2625 0.2 0.01)
(0.275 0.2 0.01)
(0.2875 0.2 0.01)
(0.3 0.2 0.01)
(0.3125 0.2 0.01)
(0.325 0.2 0.01)
(0.3375 0.2 0.01)
(0.35 0.2 0.01)
(0.3625 0.2 0.01)
(0.375 0.2 0.01)
(0.3875 0.2 0.01)
(0.4 0.2 0.01)
(0.4125 0.2 0.01)
(0.425 0.2 0.01)
(0.4375 0.2 0.01)
(0.45 0.2 0.01)
(0.4625 0.2 0.01)
(0.475 0.2 0.01)
(0.4875 0.2 0.01)
(0.5 0.2 0.01)
(0.5125 0.2 0.01)
(0.525 0.2 0.01)
(0.5375 0.2 0.01)
(0.55 0.2 0.01)
(0.5625 0.2 0.01)
(0.575 0.2 0.01)
(0.5875 0.2 0.01)
(0.6 0.2 0.01)
(0.6125 0.2 0.01)
(0.625 0.2 0.01)
(0.6375 0.2 0.01)
(0.65 0.2 0.01)
(0.6625 0.2 0.01)
(0.675 0.2 0.01)
(0.6875 0.2 0.01)
(0.7 0.2 0.01)
(0.7125 0.2 0.01)
(0.725 0.2 0.01)
(0.7375 0.2 0.01)
(0.75 0.2 0.01)
(0.7625 0.2 0.01)
(0.775 0.2 0.01)
(0.7875 0.2 0.01)
(0.8 0.2 0.01)
(0.8125 0.2 0.01)
(0.825 0.2 0.01)
(0.8375 0.2 0.01)
(0.85 0.2 0.01)
(0.8625 0.2 0.01)
(0.875 0.2 0.01)
(0.8875 0.2 0.01)
(0.9 0.2 0.01)
(0.9125 0.2 0.01)
(0.925 0.2 0.01)
(0.9375 0.2 0.01)
(0.95 0.2 0.01)
(0.9625 0.2 0.01)
(0.975 0.2 0.01)
(0.9875 0.2 0.01)
(1 0.2 0.01)
(1.0125 0.2 0.01)
(1.025 0.2 0.01)
(1.0375 0.2 0.01)
(1.05 0.2 0.01)
(1.0625 0.2 0.01)
(1.075 0.2 0.01)
(1.0875 0.2 0.01)
(1.1 0.2 0.01)
(1.1125 0.2 0.01)
(1.125 0.2 0.01)
(1.1375 0.2 0.01)
(1.15 0.2 0.01)
(1.1625 0.2 0.01)
(1.175 0.2 0.01)
(1.1875 0.2 0.01)
(1.2 0.2 0.01)
(1.2125 0.2 0.01)
(1.225 0.2 0.01)
(1.2375 0.2 0.01)
(1.25 0.2 0.01)
(1.2625 0.2 0.01)
(1.275 0.2 0.01)
(1.2875 0.2 0.01)
(1.3 0.2 0.01)
(1.3125 0.2 0.01)
(1.325 0.2 0.01)
(1.3375 0.2 0.01)
(1.35 0.2 0.01)
(1.3625 0.2 0.01)
(1.375 0.2 0.01)
(1.3875 0.2 0.01)
(1.4 0.2 0.01)
(1.4125 0.2 0.01)
(1.425 0.2 0.01)
(1.4375 0.2 0.01)
(1.45 0.2 0.01)
(1.4625 0.2 0.01)
(1.475 0.2 0.01)
(1.4875 0.2 0.01)
(1.5 0.2 0.01)
(1.5125 0.2 0.01)
(1.525 0.2 0.01)
(1.5375 0.2 0.01)
(1.55 0.2 0.01)
(1.5625 0.2 0.01)
(1.575 0.2 0.01)
(1.5875 0.2 0.01)
(1.6 0.2 0.01)
(1.6125 0.2 0.01)
(1.625 0.2 0.01)
(1.6375 0.2 0.01)
(1.65 0.2 0.01)
(1.6625 0.2 0.01)
(1.675 0.2 0.01)
(1.6875 0.2 0.01)
(1.7 0.2 0.01)
(1.7125 0.2 0.01)
(1.725 0.2 0.01)
(1.7375 0.2 0.01)
(1.75 0.2 0.01)
(1.7625 0.2 0.01)
(1.775 0.2 0.01)
(1.7875 0.2 0.01)
(1.8 0.2 0.01)
(1.8125 0.2 0.01)
(1.825 0.2 0.01)
(1.8375 0.2 0.01)
(1.85 0.2 0.01)
(1.8625 0.2 0.01)
(1.875 0.2 0.01)
(1.8875 0.2 0.01)
(1.9 0.2 0.01)
(1.9125 0.2 0.01)
(1.925 0.2 0.01)
(1.9375 0.2 0.01)
(1.95 0.2 0.01)
(1.9625 0.2 0.01)
(1.975 0.2 0.01)
(1.9875 0.2 0.01)
(2 0.2 0.01)
(2.0125 0.2 0.01)
(2.025 0.2 0.01)
(2.0375 0.2 0.01)
(2.05 0.2 0.01)
(2.0625 0.2 0.01)
(2.075 0.2 0.01)
(2.0875 0.2 0.01)
(2.1 0.2 0.01)
(2.1125 0.2 0.01)
(2.125 0.2 0.01)
(2.1375 0.2 0.01)
(2.15 0.2 0.01)
(2.1625 0.2 0.01)
(2.175 0.2 0.01)
(2.1875 0.2 0.01)
(2.2 0.2 0.01)
(2.2125 0.2 0.01)
(2.225 0.2 0.01)
(2.2375 0.2 0.01)
(2.25 0.2 0.01)
(2.2625 0.2 0.01)
(2.275 0.2 0.01)
(2.2875 0.2 0.01)
(2.3 0.2 0.01)
(2.3125 0.2 0.01)
(2.325 0.2 0.01)
(2.3375 0.2 0.01)
(2.35 0.2 0.01)
(2.3625 0.2 0.01)
(2.375 0.2 0.01)
(2.3875 0.2 0.01)
(2.4 0.2 0.01)
(2.4125 0.2 0.01)
(2.425 0.2 0.01)
(2.4375 0.2 0.01)
(2.45 0.2 0.01)
(2.4625 0.2 0.01)
(2.475 0.2 0.01)
(2.4875 0.2 0.01)
(2.5 0.2 0.01)
(0.2625 0.205 0.01)
(0.275 0.205 0.01)
(0.2875 0.205 0.01)
(0.3 0.205 0.01)
(0.3125 0.205 0.01)
(0.325 0.205 0.01)
(0.3375 0.205 0.01)
(0.35 0.205 0.01)
(0.3625 0.205 0.01)
(0.375 0.205 0.01)
(0.3875 0.205 0.01)
(0.4 0.205 0.01)
(0.4125 0.205 0.01)
(0.425 0.205 0.01)
(0.4375 0.205 0.01)
(0.45 0.205 0.01)
(0.4625 0.205 0.01)
(0.475 0.205 0.01)
(0.4875 0.205 0.01)
(0.5 0.205 0.01)
(0.5125 0.205 0.01)
(0.525 0.205 0.01)
(0.5375 0.205 0.01)
(0.55 0.205 0.01)
(0.5625 0.205 0.01)
(0.575 0.205 0.01)
(0.5875 0.205 0.01)
(0.6 0.205 0.01)
(0.6125 0.205 0.01)
(0.625 0.205 0.01)
(0.6375 0.205 0.01)
(0.65 0.205 0.01)
(0.6625 0.205 0.01)
(0.675 0.205 0.01)
(0.6875 0.205 0.01)
(0.7 0.205 0.01)
(0.7125 0.205 0.01)
(0.725 0.205 0.01)
(0.7375 0.205 0.01)
(0.75 0.205 0.01)
(0.7625 0.205 0.01)
(0.775 0.205 0.01)
(0.7875 0.205 0.01)
(0.8 0.205 0.01)
(0.8125 0.205 0.01)
(0.825 0.205 0.01)
(0.8375 0.205 0.01)
(0.85 0.205 0.01)
(0.8625 0.205 0.01)
(0.875 0.205 0.01)
(0.8875 0.205 0.01)
(0.9 0.205 0.01)
(0.9125 0.205 0.01)
(0.925 0.205 0.01)
(0.9375 0.205 0.01)
(0.95 0.205 0.01)
(0.9625 0.205 0.01)
(0.975 0.205 0.01)
(0.9875 0.205 0.01)
(1 0.205 0.01)
(1.0125 0.205 0.01)
(1.025 0.205 0.01)
(1.0375 0.205 0.01)
(1.05 0.205 0.01)
(1.0625 0.205 0.01)
(1.075 0.205 0.01)
(1.0875 0.205 0.01)
(1.1 0.205 0.01)
(1.1125 0.205 0.01)
(1.125 0.205 0.01)
(1.1375 0.205 0.01)
(1.15 0.205 0.01)
(1.1625 0.205 0.01)
(1.175 0.205 0.01)
(1.1875 0.205 0.01)
(1.2 0.205 0.01)
(1.2125 0.205 0.01)
(1.225 0.205 0.01)
(1.2375 0.205 0.01)
(1.25 0.205 0.01)
(1.2625 0.205 0.01)
(1.275 0.205 0.01)
(1.2875 0.205 0.01)
(1.3 0.205 0.01)
(1.3125 0.205 0.01)
(1.325 0.205 0.01)
(1.3375 0.205 0.01)
(1.35 0.205 0.01)
(1.3625 0.205 0.01)
(1.375 0.205 0.01)
(1.3875 0.205 0.01)
(1.4 0.205 0.01)
(1.4125 0.205 0.01)
(1.425 0.205 0.01)
(1.4375 0.205 0.01)
(1.45 0.205 0.01)
(1.4625 0.205 0.01)
(1.475 0.205 0.01)
(1.4875 0.205 0.01)
(1.5 0.205 0.01)
(1.5125 0.205 0.01)
(1.525 0.205 0.01)
(1.5375 0.205 0.01)
(1.55 0.205 0.01)
(1.5625 0.205 0.01)
(1.575 0.205 0.01)
(1.5875 0.205 0.01)
(1.6 0.205 0.01)
(1.6125 0.205 0.01)
(1.625 0.205 0.01)
(1.6375 0.205 0.01)
(1.65 0.205 0.01)
(1.6625 0.205 0.01)
(1.675 0.205 0.01)
(1.6875 0.205 0.01)
(1.7 0.205 0.01)
(1.7125 0.205 0.01)
(1.725 0.205 0.01)
(1.7375 0.205 0.01)
(1.75 0.205 0.01)
(1.7625 0.205 0.01)
(1.775 0.205 0.01)
(1.7875 0.205 0.01)
(1.8 0.205 0.01)
(1.8125 0.205 0.01)
(1.825 0.205 0.01)
(1.8375 0.205 0.01)
(1.85 0.205 0.01)
(1.8625 0.205 0.01)
(1.875 0.205 0.01)
(1.8875 0.205 0.01)
(1.9 0.205 0.01)
(1.9125 0.205 0.01)
(1.925 0.205 0.01)
(1.9375 0.205 0.01)
(1.95 0.205 0.01)
(1.9625 0.205 0.01)
(1.975 0.205 0.01)
(1.9875 0.205 0.01)
(2 0.205 0.01)
(2.0125 0.205 0.01)
(2.025 0.205 0.01)
(2.0375 0.205 0.01)
(2.05 0.205 0.01)
(2.0625 0.205 0.01)
(2.075 0.205 0.01)
(2.0875 0.205 0.01)
(2.1 0.205 0.01)
(2.1125 0.205 0.01)
(2.125 0.205 0.01)
(2.1375 0.205 0.01)
(2.15 0.205 0.01)
(2.1625 0.205 0.01)
(2.175 0.205 0.01)
(2.1875 0.205 0.01)
(2.2 0.205 0.01)
(2.2125 0.205 0.01)
(2.225 0.205 0.01)
(2.2375 0.205 0.01)
(2.25 0.205 0.01)
(2.2625 0.205 0.01)
(2.275 0.205 0.01)
(2.2875 0.205 0.01)
(2.3 0.205 0.01)
(2.3125 0.205 0.01)
(2.325 0.205 0.01)
(2.3375 0.205 0.01)
(2.35 0.205 0.01)
(2.3625 0.205 0.01)
(2.375 0.205 0.01)
(2.3875 0.205 0.01)
(2.4 0.205 0.01)
(2.4125 0.205 0.01)
(2.425 0.205 0.01)
(2.4375 0.205 0.01)
(2.45 0.205 0.01)
(2.4625 0.205 0.01)
(2.475 0.205 0.01)
(2.4875 0.205 0.01)
(2.5 0.205 0.01)
(0.2625 0.21 0.01)
(0.275 0.21 0.01)
(0.2875 0.21 0.01)
(0.3 0.21 0.01)
(0.3125 0.21 0.01)
(0.325 0.21 0.01)
(0.3375 0.21 0.01)
(0.35 0.21 0.01)
(0.3625 0.21 0.01)
(0.375 0.21 0.01)
(0.3875 0.21 0.01)
(0.4 0.21 0.01)
(0.4125 0.21 0.01)
(0.425 0.21 0.01)
(0.4375 0.21 0.01)
(0.45 0.21 0.01)
(0.4625 0.21 0.01)
(0.475 0.21 0.01)
(0.4875 0.21 0.01)
(0.5 0.21 0.01)
(0.5125 0.21 0.01)
(0.525 0.21 0.01)
(0.5375 0.21 0.01)
(0.55 0.21 0.01)
(0.5625 0.21 0.01)
(0.575 0.21 0.01)
(0.5875 0.21 0.01)
(0.6 0.21 0.01)
(0.6125 0.21 0.01)
(0.625 0.21 0.01)
(0.6375 0.21 0.01)
(0.65 0.21 0.01)
(0.6625 0.21 0.01)
(0.675 0.21 0.01)
(0.6875 0.21 0.01)
(0.7 0.21 0.01)
(0.7125 0.21 0.01)
(0.725 0.21 0.01)
(0.7375 0.21 0.01)
(0.75 0.21 0.01)
(0.7625 0.21 0.01)
(0.775 0.21 0.01)
(0.7875 0.21 0.01)
(0.8 0.21 0.01)
(0.8125 0.21 0.01)
(0.825 0.21 0.01)
(0.8375 0.21 0.01)
(0.85 0.21 0.01)
(0.8625 0.21 0.01)
(0.875 0.21 0.01)
(0.8875 0.21 0.01)
(0.9 0.21 0.01)
(0.9125 0.21 0.01)
(0.925 0.21 0.01)
(0.9375 0.21 0.01)
(0.95 0.21 0.01)
(0.9625 0.21 0.01)
(0.975 0.21 0.01)
(0.9875 0.21 0.01)
(1 0.21 0.01)
(1.0125 0.21 0.01)
(1.025 0.21 0.01)
(1.0375 0.21 0.01)
(1.05 0.21 0.01)
(1.0625 0.21 0.01)
(1.075 0.21 0.01)
(1.0875 0.21 0.01)
(1.1 0.21 0.01)
(1.1125 0.21 0.01)
(1.125 0.21 0.01)
(1.1375 0.21 0.01)
(1.15 0.21 0.01)
(1.1625 0.21 0.01)
(1.175 0.21 0.01)
(1.1875 0.21 0.01)
(1.2 0.21 0.01)
(1.2125 0.21 0.01)
(1.225 0.21 0.01)
(1.2375 0.21 0.01)
(1.25 0.21 0.01)
(1.2625 0.21 0.01)
(1.275 0.21 0.01)
(1.2875 0.21 0.01)
(1.3 0.21 0.01)
(1.3125 0.21 0.01)
(1.325 0.21 0.01)
(1.3375 0.21 0.01)
(1.35 0.21 0.01)
(1.3625 0.21 0.01)
(1.375 0.21 0.01)
(1.3875 0.21 0.01)
(1.4 0.21 0.01)
(1.4125 0.21 0.01)
(1.425 0.21 0.01)
(1.4375 0.21 0.01)
(1.45 0.21 0.01)
(1.4625 0.21 0.01)
(1.475 0.21 0.01)
(1.4875 0.21 0.01)
(1.5 0.21 0.01)
(1.5125 0.21 0.01)
(1.525 0.21 0.01)
(1.5375 0.21 0.01)
(1.55 0.21 0.01)
(1.5625 0.21 0.01)
(1.575 0.21 0.01)
(1.5875 0.21 0.01)
(1.6 0.21 0.01)
(1.6125 0.21 0.01)
(1.625 0.21 0.01)
(1.6375 0.21 0.01)
(1.65 0.21 0.01)
(1.6625 0.21 0.01)
(1.675 0.21 0.01)
(1.6875 0.21 0.01)
(1.7 0.21 0.01)
(1.7125 0.21 0.01)
(1.725 0.21 0.01)
(1.7375 0.21 0.01)
(1.75 0.21 0.01)
(1.7625 0.21 0.01)
(1.775 0.21 0.01)
(1.7875 0.21 0.01)
(1.8 0.21 0.01)
(1.8125 0.21 0.01)
(1.825 0.21 0.01)
(1.8375 0.21 0.01)
(1.85 0.21 0.01)
(1.8625 0.21 0.01)
(1.875 0.21 0.01)
(1.8875 0.21 0.01)
(1.9 0.21 0.01)
(1.9125 0.21 0.01)
(1.925 0.21 0.01)
(1.9375 0.21 0.01)
(1.95 0.21 0.01)
(1.9625 0.21 0.01)
(1.975 0.21 0.01)
(1.9875 0.21 0.01)
(2 0.21 0.01)
(2.0125 0.21 0.01)
(2.025 0.21 0.01)
(2.0375 0.21 0.01)
(2.05 0.21 0.01)
(2.0625 0.21 0.01)
(2.075 0.21 0.01)
(2.0875 0.21 0.01)
(2.1 0.21 0.01)
(2.1125 0.21 0.01)
(2.125 0.21 0.01)
(2.1375 0.21 0.01)
(2.15 0.21 0.01)
(2.1625 0.21 0.01)
(2.175 0.21 0.01)
(2.1875 0.21 0.01)
(2.2 0.21 0.01)
(2.2125 0.21 0.01)
(2.225 0.21 0.01)
(2.2375 0.21 0.01)
(2.25 0.21 0.01)
(2.2625 0.21 0.01)
(2.275 0.21 0.01)
(2.2875 0.21 0.01)
(2.3 0.21 0.01)
(2.3125 0.21 0.01)
(2.325 0.21 0.01)
(2.3375 0.21 0.01)
(2.35 0.21 0.01)
(2.3625 0.21 0.01)
(2.375 0.21 0.01)
(2.3875 0.21 0.01)
(2.4 0.21 0.01)
(2.4125 0.21 0.01)
(2.425 0.21 0.01)
(2.4375 0.21 0.01)
(2.45 0.21 0.01)
(2.4625 0.21 0.01)
(2.475 0.21 0.01)
(2.4875 0.21 0.01)
(2.5 0.21 0.01)
(0.2625 0.215 0.01)
(0.275 0.215 0.01)
(0.2875 0.215 0.01)
(0.3 0.215 0.01)
(0.3125 0.215 0.01)
(0.325 0.215 0.01)
(0.3375 0.215 0.01)
(0.35 0.215 0.01)
(0.3625 0.215 0.01)
(0.375 0.215 0.01)
(0.3875 0.215 0.01)
(0.4 0.215 0.01)
(0.4125 0.215 0.01)
(0.425 0.215 0.01)
(0.4375 0.215 0.01)
(0.45 0.215 0.01)
(0.4625 0.215 0.01)
(0.475 0.215 0.01)
(0.4875 0.215 0.01)
(0.5 0.215 0.01)
(0.5125 0.215 0.01)
(0.525 0.215 0.01)
(0.5375 0.215 0.01)
(0.55 0.215 0.01)
(0.5625 0.215 0.01)
(0.575 0.215 0.01)
(0.5875 0.215 0.01)
(0.6 0.215 0.01)
(0.6125 0.215 0.01)
(0.625 0.215 0.01)
(0.6375 0.215 0.01)
(0.65 0.215 0.01)
(0.6625 0.215 0.01)
(0.675 0.215 0.01)
(0.6875 0.215 0.01)
(0.7 0.215 0.01)
(0.7125 0.215 0.01)
(0.725 0.215 0.01)
(0.7375 0.215 0.01)
(0.75 0.215 0.01)
(0.7625 0.215 0.01)
(0.775 0.215 0.01)
(0.7875 0.215 0.01)
(0.8 0.215 0.01)
(0.8125 0.215 0.01)
(0.825 0.215 0.01)
(0.8375 0.215 0.01)
(0.85 0.215 0.01)
(0.8625 0.215 0.01)
(0.875 0.215 0.01)
(0.8875 0.215 0.01)
(0.9 0.215 0.01)
(0.9125 0.215 0.01)
(0.925 0.215 0.01)
(0.9375 0.215 0.01)
(0.95 0.215 0.01)
(0.9625 0.215 0.01)
(0.975 0.215 0.01)
(0.9875 0.215 0.01)
(1 0.215 0.01)
(1.0125 0.215 0.01)
(1.025 0.215 0.01)
(1.0375 0.215 0.01)
(1.05 0.215 0.01)
(1.0625 0.215 0.01)
(1.075 0.215 0.01)
(1.0875 0.215 0.01)
(1.1 0.215 0.01)
(1.1125 0.215 0.01)
(1.125 0.215 0.01)
(1.1375 0.215 0.01)
(1.15 0.215 0.01)
(1.1625 0.215 0.01)
(1.175 0.215 0.01)
(1.1875 0.215 0.01)
(1.2 0.215 0.01)
(1.2125 0.215 0.01)
(1.225 0.215 0.01)
(1.2375 0.215 0.01)
(1.25 0.215 0.01)
(1.2625 0.215 0.01)
(1.275 0.215 0.01)
(1.2875 0.215 0.01)
(1.3 0.215 0.01)
(1.3125 0.215 0.01)
(1.325 0.215 0.01)
(1.3375 0.215 0.01)
(1.35 0.215 0.01)
(1.3625 0.215 0.01)
(1.375 0.215 0.01)
(1.3875 0.215 0.01)
(1.4 0.215 0.01)
(1.4125 0.215 0.01)
(1.425 0.215 0.01)
(1.4375 0.215 0.01)
(1.45 0.215 0.01)
(1.4625 0.215 0.01)
(1.475 0.215 0.01)
(1.4875 0.215 0.01)
(1.5 0.215 0.01)
(1.5125 0.215 0.01)
(1.525 0.215 0.01)
(1.5375 0.215 0.01)
(1.55 0.215 0.01)
(1.5625 0.215 0.01)
(1.575 0.215 0.01)
(1.5875 0.215 0.01)
(1.6 0.215 0.01)
(1.6125 0.215 0.01)
(1.625 0.215 0.01)
(1.6375 0.215 0.01)
(1.65 0.215 0.01)
(1.6625 0.215 0.01)
(1.675 0.215 0.01)
(1.6875 0.215 0.01)
(1.7 0.215 0.01)
(1.7125 0.215 0.01)
(1.725 0.215 0.01)
(1.7375 0.215 0.01)
(1.75 0.215 0.01)
(1.7625 0.215 0.01)
(1.775 0.215 0.01)
(1.7875 0.215 0.01)
(1.8 0.215 0.01)
(1.8125 0.215 0.01)
(1.825 0.215 0.01)
(1.8375 0.215 0.01)
(1.85 0.215 0.01)
(1.8625 0.215 0.01)
(1.875 0.215 0.01)
(1.8875 0.215 0.01)
(1.9 0.215 0.01)
(1.9125 0.215 0.01)
(1.925 0.215 0.01)
(1.9375 0.215 0.01)
(1.95 0.215 0.01)
(1.9625 0.215 0.01)
(1.975 0.215 0.01)
(1.9875 0.215 0.01)
(2 0.215 0.01)
(2.0125 0.215 0.01)
(2.025 0.215 0.01)
(2.0375 0.215 0.01)
(2.05 0.215 0.01)
(2.0625 0.215 0.01)
(2.075 0.215 0.01)
(2.0875 0.215 0.01)
(2.1 0.215 0.01)
(2.1125 0.215 0.01)
(2.125 0.215 0.01)
(2.1375 0.215 0.01)
(2.15 0.215 0.01)
(2.1625 0.215 0.01)
(2.175 0.215 0.01)
(2.1875 0.215 0.01)
(2.2 0.215 0.01)
(2.2125 0.215 0.01)
(2.225 0.215 0.01)
(2.2375 0.215 0.01)
(2.25 0.215 0.01)
(2.2625 0.215 0.01)
(2.275 0.215 0.01)
(2.2875 0.215 0.01)
(2.3 0.215 0.01)
(2.3125 0.215 0.01)
(2.325 0.215 0.01)
(2.3375 0.215 0.01)
(2.35 0.215 0.01)
(2.3625 0.215 0.01)
(2.375 0.215 0.01)
(2.3875 0.215 0.01)
(2.4 0.215 0.01)
(2.4125 0.215 0.01)
(2.425 0.215 0.01)
(2.4375 0.215 0.01)
(2.45 0.215 0.01)
(2.4625 0.215 0.01)
(2.475 0.215 0.01)
(2.4875 0.215 0.01)
(2.5 0.215 0.01)
(0.2625 0.22 0.01)
(0.275 0.22 0.01)
(0.2875 0.22 0.01)
(0.3 0.22 0.01)
(0.3125 0.22 0.01)
(0.325 0.22 0.01)
(0.3375 0.22 0.01)
(0.35 0.22 0.01)
(0.3625 0.22 0.01)
(0.375 0.22 0.01)
(0.3875 0.22 0.01)
(0.4 0.22 0.01)
(0.4125 0.22 0.01)
(0.425 0.22 0.01)
(0.4375 0.22 0.01)
(0.45 0.22 0.01)
(0.4625 0.22 0.01)
(0.475 0.22 0.01)
(0.4875 0.22 0.01)
(0.5 0.22 0.01)
(0.5125 0.22 0.01)
(0.525 0.22 0.01)
(0.5375 0.22 0.01)
(0.55 0.22 0.01)
(0.5625 0.22 0.01)
(0.575 0.22 0.01)
(0.5875 0.22 0.01)
(0.6 0.22 0.01)
(0.6125 0.22 0.01)
(0.625 0.22 0.01)
(0.6375 0.22 0.01)
(0.65 0.22 0.01)
(0.6625 0.22 0.01)
(0.675 0.22 0.01)
(0.6875 0.22 0.01)
(0.7 0.22 0.01)
(0.7125 0.22 0.01)
(0.725 0.22 0.01)
(0.7375 0.22 0.01)
(0.75 0.22 0.01)
(0.7625 0.22 0.01)
(0.775 0.22 0.01)
(0.7875 0.22 0.01)
(0.8 0.22 0.01)
(0.8125 0.22 0.01)
(0.825 0.22 0.01)
(0.8375 0.22 0.01)
(0.85 0.22 0.01)
(0.8625 0.22 0.01)
(0.875 0.22 0.01)
(0.8875 0.22 0.01)
(0.9 0.22 0.01)
(0.9125 0.22 0.01)
(0.925 0.22 0.01)
(0.9375 0.22 0.01)
(0.95 0.22 0.01)
(0.9625 0.22 0.01)
(0.975 0.22 0.01)
(0.9875 0.22 0.01)
(1 0.22 0.01)
(1.0125 0.22 0.01)
(1.025 0.22 0.01)
(1.0375 0.22 0.01)
(1.05 0.22 0.01)
(1.0625 0.22 0.01)
(1.075 0.22 0.01)
(1.0875 0.22 0.01)
(1.1 0.22 0.01)
(1.1125 0.22 0.01)
(1.125 0.22 0.01)
(1.1375 0.22 0.01)
(1.15 0.22 0.01)
(1.1625 0.22 0.01)
(1.175 0.22 0.01)
(1.1875 0.22 0.01)
(1.2 0.22 0.01)
(1.2125 0.22 0.01)
(1.225 0.22 0.01)
(1.2375 0.22 0.01)
(1.25 0.22 0.01)
(1.2625 0.22 0.01)
(1.275 0.22 0.01)
(1.2875 0.22 0.01)
(1.3 0.22 0.01)
(1.3125 0.22 0.01)
(1.325 0.22 0.01)
(1.3375 0.22 0.01)
(1.35 0.22 0.01)
(1.3625 0.22 0.01)
(1.375 0.22 0.01)
(1.3875 0.22 0.01)
(1.4 0.22 0.01)
(1.4125 0.22 0.01)
(1.425 0.22 0.01)
(1.4375 0.22 0.01)
(1.45 0.22 0.01)
(1.4625 0.22 0.01)
(1.475 0.22 0.01)
(1.4875 0.22 0.01)
(1.5 0.22 0.01)
(1.5125 0.22 0.01)
(1.525 0.22 0.01)
(1.5375 0.22 0.01)
(1.55 0.22 0.01)
(1.5625 0.22 0.01)
(1.575 0.22 0.01)
(1.5875 0.22 0.01)
(1.6 0.22 0.01)
(1.6125 0.22 0.01)
(1.625 0.22 0.01)
(1.6375 0.22 0.01)
(1.65 0.22 0.01)
(1.6625 0.22 0.01)
(1.675 0.22 0.01)
(1.6875 0.22 0.01)
(1.7 0.22 0.01)
(1.7125 0.22 0.01)
(1.725 0.22 0.01)
(1.7375 0.22 0.01)
(1.75 0.22 0.01)
(1.7625 0.22 0.01)
(1.775 0.22 0.01)
(1.7875 0.22 0.01)
(1.8 0.22 0.01)
(1.8125 0.22 0.01)
(1.825 0.22 0.01)
(1.8375 0.22 0.01)
(1.85 0.22 0.01)
(1.8625 0.22 0.01)
(1.875 0.22 0.01)
(1.8875 0.22 0.01)
(1.9 0.22 0.01)
(1.9125 0.22 0.01)
(1.925 0.22 0.01)
(1.9375 0.22 0.01)
(1.95 0.22 0.01)
(1.9625 0.22 0.01)
(1.975 0.22 0.01)
(1.9875 0.22 0.01)
(2 0.22 0.01)
(2.0125 0.22 0.01)
(2.025 0.22 0.01)
(2.0375 0.22 0.01)
(2.05 0.22 0.01)
(2.0625 0.22 0.01)
(2.075 0.22 0.01)
(2.0875 0.22 0.01)
(2.1 0.22 0.01)
(2.1125 0.22 0.01)
(2.125 0.22 0.01)
(2.1375 0.22 0.01)
(2.15 0.22 0.01)
(2.1625 0.22 0.01)
(2.175 0.22 0.01)
(2.1875 0.22 0.01)
(2.2 0.22 0.01)
(2.2125 0.22 0.01)
(2.225 0.22 0.01)
(2.2375 0.22 0.01)
(2.25 0.22 0.01)
(2.2625 0.22 0.01)
(2.275 0.22 0.01)
(2.2875 0.22 0.01)
(2.3 0.22 0.01)
(2.3125 0.22 0.01)
(2.325 0.22 0.01)
(2.3375 0.22 0.01)
(2.35 0.22 0.01)
(2.3625 0.22 0.01)
(2.375 0.22 0.01)
(2.3875 0.22 0.01)
(2.4 0.22 0.01)
(2.4125 0.22 0.01)
(2.425 0.22 0.01)
(2.4375 0.22 0.01)
(2.45 0.22 0.01)
(2.4625 0.22 0.01)
(2.475 0.22 0.01)
(2.4875 0.22 0.01)
(2.5 0.22 0.01)
(0.2625 0.225 0.01)
(0.275 0.225 0.01)
(0.2875 0.225 0.01)
(0.3 0.225 0.01)
(0.3125 0.225 0.01)
(0.325 0.225 0.01)
(0.3375 0.225 0.01)
(0.35 0.225 0.01)
(0.3625 0.225 0.01)
(0.375 0.225 0.01)
(0.3875 0.225 0.01)
(0.4 0.225 0.01)
(0.4125 0.225 0.01)
(0.425 0.225 0.01)
(0.4375 0.225 0.01)
(0.45 0.225 0.01)
(0.4625 0.225 0.01)
(0.475 0.225 0.01)
(0.4875 0.225 0.01)
(0.5 0.225 0.01)
(0.5125 0.225 0.01)
(0.525 0.225 0.01)
(0.5375 0.225 0.01)
(0.55 0.225 0.01)
(0.5625 0.225 0.01)
(0.575 0.225 0.01)
(0.5875 0.225 0.01)
(0.6 0.225 0.01)
(0.6125 0.225 0.01)
(0.625 0.225 0.01)
(0.6375 0.225 0.01)
(0.65 0.225 0.01)
(0.6625 0.225 0.01)
(0.675 0.225 0.01)
(0.6875 0.225 0.01)
(0.7 0.225 0.01)
(0.7125 0.225 0.01)
(0.725 0.225 0.01)
(0.7375 0.225 0.01)
(0.75 0.225 0.01)
(0.7625 0.225 0.01)
(0.775 0.225 0.01)
(0.7875 0.225 0.01)
(0.8 0.225 0.01)
(0.8125 0.225 0.01)
(0.825 0.225 0.01)
(0.8375 0.225 0.01)
(0.85 0.225 0.01)
(0.8625 0.225 0.01)
(0.875 0.225 0.01)
(0.8875 0.225 0.01)
(0.9 0.225 0.01)
(0.9125 0.225 0.01)
(0.925 0.225 0.01)
(0.9375 0.225 0.01)
(0.95 0.225 0.01)
(0.9625 0.225 0.01)
(0.975 0.225 0.01)
(0.9875 0.225 0.01)
(1 0.225 0.01)
(1.0125 0.225 0.01)
(1.025 0.225 0.01)
(1.0375 0.225 0.01)
(1.05 0.225 0.01)
(1.0625 0.225 0.01)
(1.075 0.225 0.01)
(1.0875 0.225 0.01)
(1.1 0.225 0.01)
(1.1125 0.225 0.01)
(1.125 0.225 0.01)
(1.1375 0.225 0.01)
(1.15 0.225 0.01)
(1.1625 0.225 0.01)
(1.175 0.225 0.01)
(1.1875 0.225 0.01)
(1.2 0.225 0.01)
(1.2125 0.225 0.01)
(1.225 0.225 0.01)
(1.2375 0.225 0.01)
(1.25 0.225 0.01)
(1.2625 0.225 0.01)
(1.275 0.225 0.01)
(1.2875 0.225 0.01)
(1.3 0.225 0.01)
(1.3125 0.225 0.01)
(1.325 0.225 0.01)
(1.3375 0.225 0.01)
(1.35 0.225 0.01)
(1.3625 0.225 0.01)
(1.375 0.225 0.01)
(1.3875 0.225 0.01)
(1.4 0.225 0.01)
(1.4125 0.225 0.01)
(1.425 0.225 0.01)
(1.4375 0.225 0.01)
(1.45 0.225 0.01)
(1.4625 0.225 0.01)
(1.475 0.225 0.01)
(1.4875 0.225 0.01)
(1.5 0.225 0.01)
(1.5125 0.225 0.01)
(1.525 0.225 0.01)
(1.5375 0.225 0.01)
(1.55 0.225 0.01)
(1.5625 0.225 0.01)
(1.575 0.225 0.01)
(1.5875 0.225 0.01)
(1.6 0.225 0.01)
(1.6125 0.225 0.01)
(1.625 0.225 0.01)
(1.6375 0.225 0.01)
(1.65 0.225 0.01)
(1.6625 0.225 0.01)
(1.675 0.225 0.01)
(1.6875 0.225 0.01)
(1.7 0.225 0.01)
(1.7125 0.225 0.01)
(1.725 0.225 0.01)
(1.7375 0.225 0.01)
(1.75 0.225 0.01)
(1.7625 0.225 0.01)
(1.775 0.225 0.01)
(1.7875 0.225 0.01)
(1.8 0.225 0.01)
(1.8125 0.225 0.01)
(1.825 0.225 0.01)
(1.8375 0.225 0.01)
(1.85 0.225 0.01)
(1.8625 0.225 0.01)
(1.875 0.225 0.01)
(1.8875 0.225 0.01)
(1.9 0.225 0.01)
(1.9125 0.225 0.01)
(1.925 0.225 0.01)
(1.9375 0.225 0.01)
(1.95 0.225 0.01)
(1.9625 0.225 0.01)
(1.975 0.225 0.01)
(1.9875 0.225 0.01)
(2 0.225 0.01)
(2.0125 0.225 0.01)
(2.025 0.225 0.01)
(2.0375 0.225 0.01)
(2.05 0.225 0.01)
(2.0625 0.225 0.01)
(2.075 0.225 0.01)
(2.0875 0.225 0.01)
(2.1 0.225 0.01)
(2.1125 0.225 0.01)
(2.125 0.225 0.01)
(2.1375 0.225 0.01)
(2.15 0.225 0.01)
(2.1625 0.225 0.01)
(2.175 0.225 0.01)
(2.1875 0.225 0.01)
(2.2 0.225 0.01)
(2.2125 0.225 0.01)
(2.225 0.225 0.01)
(2.2375 0.225 0.01)
(2.25 0.225 0.01)
(2.2625 0.225 0.01)
(2.275 0.225 0.01)
(2.2875 0.225 0.01)
(2.3 0.225 0.01)
(2.3125 0.225 0.01)
(2.325 0.225 0.01)
(2.3375 0.225 0.01)
(2.35 0.225 0.01)
(2.3625 0.225 0.01)
(2.375 0.225 0.01)
(2.3875 0.225 0.01)
(2.4 0.225 0.01)
(2.4125 0.225 0.01)
(2.425 0.225 0.01)
(2.4375 0.225 0.01)
(2.45 0.225 0.01)
(2.4625 0.225 0.01)
(2.475 0.225 0.01)
(2.4875 0.225 0.01)
(2.5 0.225 0.01)
(0.2625 0.23 0.01)
(0.275 0.23 0.01)
(0.2875 0.23 0.01)
(0.3 0.23 0.01)
(0.3125 0.23 0.01)
(0.325 0.23 0.01)
(0.3375 0.23 0.01)
(0.35 0.23 0.01)
(0.3625 0.23 0.01)
(0.375 0.23 0.01)
(0.3875 0.23 0.01)
(0.4 0.23 0.01)
(0.4125 0.23 0.01)
(0.425 0.23 0.01)
(0.4375 0.23 0.01)
(0.45 0.23 0.01)
(0.4625 0.23 0.01)
(0.475 0.23 0.01)
(0.4875 0.23 0.01)
(0.5 0.23 0.01)
(0.5125 0.23 0.01)
(0.525 0.23 0.01)
(0.5375 0.23 0.01)
(0.55 0.23 0.01)
(0.5625 0.23 0.01)
(0.575 0.23 0.01)
(0.5875 0.23 0.01)
(0.6 0.23 0.01)
(0.6125 0.23 0.01)
(0.625 0.23 0.01)
(0.6375 0.23 0.01)
(0.65 0.23 0.01)
(0.6625 0.23 0.01)
(0.675 0.23 0.01)
(0.6875 0.23 0.01)
(0.7 0.23 0.01)
(0.7125 0.23 0.01)
(0.725 0.23 0.01)
(0.7375 0.23 0.01)
(0.75 0.23 0.01)
(0.7625 0.23 0.01)
(0.775 0.23 0.01)
(0.7875 0.23 0.01)
(0.8 0.23 0.01)
(0.8125 0.23 0.01)
(0.825 0.23 0.01)
(0.8375 0.23 0.01)
(0.85 0.23 0.01)
(0.8625 0.23 0.01)
(0.875 0.23 0.01)
(0.8875 0.23 0.01)
(0.9 0.23 0.01)
(0.9125 0.23 0.01)
(0.925 0.23 0.01)
(0.9375 0.23 0.01)
(0.95 0.23 0.01)
(0.9625 0.23 0.01)
(0.975 0.23 0.01)
(0.9875 0.23 0.01)
(1 0.23 0.01)
(1.0125 0.23 0.01)
(1.025 0.23 0.01)
(1.0375 0.23 0.01)
(1.05 0.23 0.01)
(1.0625 0.23 0.01)
(1.075 0.23 0.01)
(1.0875 0.23 0.01)
(1.1 0.23 0.01)
(1.1125 0.23 0.01)
(1.125 0.23 0.01)
(1.1375 0.23 0.01)
(1.15 0.23 0.01)
(1.1625 0.23 0.01)
(1.175 0.23 0.01)
(1.1875 0.23 0.01)
(1.2 0.23 0.01)
(1.2125 0.23 0.01)
(1.225 0.23 0.01)
(1.2375 0.23 0.01)
(1.25 0.23 0.01)
(1.2625 0.23 0.01)
(1.275 0.23 0.01)
(1.2875 0.23 0.01)
(1.3 0.23 0.01)
(1.3125 0.23 0.01)
(1.325 0.23 0.01)
(1.3375 0.23 0.01)
(1.35 0.23 0.01)
(1.3625 0.23 0.01)
(1.375 0.23 0.01)
(1.3875 0.23 0.01)
(1.4 0.23 0.01)
(1.4125 0.23 0.01)
(1.425 0.23 0.01)
(1.4375 0.23 0.01)
(1.45 0.23 0.01)
(1.4625 0.23 0.01)
(1.475 0.23 0.01)
(1.4875 0.23 0.01)
(1.5 0.23 0.01)
(1.5125 0.23 0.01)
(1.525 0.23 0.01)
(1.5375 0.23 0.01)
(1.55 0.23 0.01)
(1.5625 0.23 0.01)
(1.575 0.23 0.01)
(1.5875 0.23 0.01)
(1.6 0.23 0.01)
(1.6125 0.23 0.01)
(1.625 0.23 0.01)
(1.6375 0.23 0.01)
(1.65 0.23 0.01)
(1.6625 0.23 0.01)
(1.675 0.23 0.01)
(1.6875 0.23 0.01)
(1.7 0.23 0.01)
(1.7125 0.23 0.01)
(1.725 0.23 0.01)
(1.7375 0.23 0.01)
(1.75 0.23 0.01)
(1.7625 0.23 0.01)
(1.775 0.23 0.01)
(1.7875 0.23 0.01)
(1.8 0.23 0.01)
(1.8125 0.23 0.01)
(1.825 0.23 0.01)
(1.8375 0.23 0.01)
(1.85 0.23 0.01)
(1.8625 0.23 0.01)
(1.875 0.23 0.01)
(1.8875 0.23 0.01)
(1.9 0.23 0.01)
(1.9125 0.23 0.01)
(1.925 0.23 0.01)
(1.9375 0.23 0.01)
(1.95 0.23 0.01)
(1.9625 0.23 0.01)
(1.975 0.23 0.01)
(1.9875 0.23 0.01)
(2 0.23 0.01)
(2.0125 0.23 0.01)
(2.025 0.23 0.01)
(2.0375 0.23 0.01)
(2.05 0.23 0.01)
(2.0625 0.23 0.01)
(2.075 0.23 0.01)
(2.0875 0.23 0.01)
(2.1 0.23 0.01)
(2.1125 0.23 0.01)
(2.125 0.23 0.01)
(2.1375 0.23 0.01)
(2.15 0.23 0.01)
(2.1625 0.23 0.01)
(2.175 0.23 0.01)
(2.1875 0.23 0.01)
(2.2 0.23 0.01)
(2.2125 0.23 0.01)
(2.225 0.23 0.01)
(2.2375 0.23 0.01)
(2.25 0.23 0.01)
(2.2625 0.23 0.01)
(2.275 0.23 0.01)
(2.2875 0.23 0.01)
(2.3 0.23 0.01)
(2.3125 0.23 0.01)
(2.325 0.23 0.01)
(2.3375 0.23 0.01)
(2.35 0.23 0.01)
(2.3625 0.23 0.01)
(2.375 0.23 0.01)
(2.3875 0.23 0.01)
(2.4 0.23 0.01)
(2.4125 0.23 0.01)
(2.425 0.23 0.01)
(2.4375 0.23 0.01)
(2.45 0.23 0.01)
(2.4625 0.23 0.01)
(2.475 0.23 0.01)
(2.4875 0.23 0.01)
(2.5 0.23 0.01)
(0.2625 0.235 0.01)
(0.275 0.235 0.01)
(0.2875 0.235 0.01)
(0.3 0.235 0.01)
(0.3125 0.235 0.01)
(0.325 0.235 0.01)
(0.3375 0.235 0.01)
(0.35 0.235 0.01)
(0.3625 0.235 0.01)
(0.375 0.235 0.01)
(0.3875 0.235 0.01)
(0.4 0.235 0.01)
(0.4125 0.235 0.01)
(0.425 0.235 0.01)
(0.4375 0.235 0.01)
(0.45 0.235 0.01)
(0.4625 0.235 0.01)
(0.475 0.235 0.01)
(0.4875 0.235 0.01)
(0.5 0.235 0.01)
(0.5125 0.235 0.01)
(0.525 0.235 0.01)
(0.5375 0.235 0.01)
(0.55 0.235 0.01)
(0.5625 0.235 0.01)
(0.575 0.235 0.01)
(0.5875 0.235 0.01)
(0.6 0.235 0.01)
(0.6125 0.235 0.01)
(0.625 0.235 0.01)
(0.6375 0.235 0.01)
(0.65 0.235 0.01)
(0.6625 0.235 0.01)
(0.675 0.235 0.01)
(0.6875 0.235 0.01)
(0.7 0.235 0.01)
(0.7125 0.235 0.01)
(0.725 0.235 0.01)
(0.7375 0.235 0.01)
(0.75 0.235 0.01)
(0.7625 0.235 0.01)
(0.775 0.235 0.01)
(0.7875 0.235 0.01)
(0.8 0.235 0.01)
(0.8125 0.235 0.01)
(0.825 0.235 0.01)
(0.8375 0.235 0.01)
(0.85 0.235 0.01)
(0.8625 0.235 0.01)
(0.875 0.235 0.01)
(0.8875 0.235 0.01)
(0.9 0.235 0.01)
(0.9125 0.235 0.01)
(0.925 0.235 0.01)
(0.9375 0.235 0.01)
(0.95 0.235 0.01)
(0.9625 0.235 0.01)
(0.975 0.235 0.01)
(0.9875 0.235 0.01)
(1 0.235 0.01)
(1.0125 0.235 0.01)
(1.025 0.235 0.01)
(1.0375 0.235 0.01)
(1.05 0.235 0.01)
(1.0625 0.235 0.01)
(1.075 0.235 0.01)
(1.0875 0.235 0.01)
(1.1 0.235 0.01)
(1.1125 0.235 0.01)
(1.125 0.235 0.01)
(1.1375 0.235 0.01)
(1.15 0.235 0.01)
(1.1625 0.235 0.01)
(1.175 0.235 0.01)
(1.1875 0.235 0.01)
(1.2 0.235 0.01)
(1.2125 0.235 0.01)
(1.225 0.235 0.01)
(1.2375 0.235 0.01)
(1.25 0.235 0.01)
(1.2625 0.235 0.01)
(1.275 0.235 0.01)
(1.2875 0.235 0.01)
(1.3 0.235 0.01)
(1.3125 0.235 0.01)
(1.325 0.235 0.01)
(1.3375 0.235 0.01)
(1.35 0.235 0.01)
(1.3625 0.235 0.01)
(1.375 0.235 0.01)
(1.3875 0.235 0.01)
(1.4 0.235 0.01)
(1.4125 0.235 0.01)
(1.425 0.235 0.01)
(1.4375 0.235 0.01)
(1.45 0.235 0.01)
(1.4625 0.235 0.01)
(1.475 0.235 0.01)
(1.4875 0.235 0.01)
(1.5 0.235 0.01)
(1.5125 0.235 0.01)
(1.525 0.235 0.01)
(1.5375 0.235 0.01)
(1.55 0.235 0.01)
(1.5625 0.235 0.01)
(1.575 0.235 0.01)
(1.5875 0.235 0.01)
(1.6 0.235 0.01)
(1.6125 0.235 0.01)
(1.625 0.235 0.01)
(1.6375 0.235 0.01)
(1.65 0.235 0.01)
(1.6625 0.235 0.01)
(1.675 0.235 0.01)
(1.6875 0.235 0.01)
(1.7 0.235 0.01)
(1.7125 0.235 0.01)
(1.725 0.235 0.01)
(1.7375 0.235 0.01)
(1.75 0.235 0.01)
(1.7625 0.235 0.01)
(1.775 0.235 0.01)
(1.7875 0.235 0.01)
(1.8 0.235 0.01)
(1.8125 0.235 0.01)
(1.825 0.235 0.01)
(1.8375 0.235 0.01)
(1.85 0.235 0.01)
(1.8625 0.235 0.01)
(1.875 0.235 0.01)
(1.8875 0.235 0.01)
(1.9 0.235 0.01)
(1.9125 0.235 0.01)
(1.925 0.235 0.01)
(1.9375 0.235 0.01)
(1.95 0.235 0.01)
(1.9625 0.235 0.01)
(1.975 0.235 0.01)
(1.9875 0.235 0.01)
(2 0.235 0.01)
(2.0125 0.235 0.01)
(2.025 0.235 0.01)
(2.0375 0.235 0.01)
(2.05 0.235 0.01)
(2.0625 0.235 0.01)
(2.075 0.235 0.01)
(2.0875 0.235 0.01)
(2.1 0.235 0.01)
(2.1125 0.235 0.01)
(2.125 0.235 0.01)
(2.1375 0.235 0.01)
(2.15 0.235 0.01)
(2.1625 0.235 0.01)
(2.175 0.235 0.01)
(2.1875 0.235 0.01)
(2.2 0.235 0.01)
(2.2125 0.235 0.01)
(2.225 0.235 0.01)
(2.2375 0.235 0.01)
(2.25 0.235 0.01)
(2.2625 0.235 0.01)
(2.275 0.235 0.01)
(2.2875 0.235 0.01)
(2.3 0.235 0.01)
(2.3125 0.235 0.01)
(2.325 0.235 0.01)
(2.3375 0.235 0.01)
(2.35 0.235 0.01)
(2.3625 0.235 0.01)
(2.375 0.235 0.01)
(2.3875 0.235 0.01)
(2.4 0.235 0.01)
(2.4125 0.235 0.01)
(2.425 0.235 0.01)
(2.4375 0.235 0.01)
(2.45 0.235 0.01)
(2.4625 0.235 0.01)
(2.475 0.235 0.01)
(2.4875 0.235 0.01)
(2.5 0.235 0.01)
(0.2625 0.24 0.01)
(0.275 0.24 0.01)
(0.2875 0.24 0.01)
(0.3 0.24 0.01)
(0.3125 0.24 0.01)
(0.325 0.24 0.01)
(0.3375 0.24 0.01)
(0.35 0.24 0.01)
(0.3625 0.24 0.01)
(0.375 0.24 0.01)
(0.3875 0.24 0.01)
(0.4 0.24 0.01)
(0.4125 0.24 0.01)
(0.425 0.24 0.01)
(0.4375 0.24 0.01)
(0.45 0.24 0.01)
(0.4625 0.24 0.01)
(0.475 0.24 0.01)
(0.4875 0.24 0.01)
(0.5 0.24 0.01)
(0.5125 0.24 0.01)
(0.525 0.24 0.01)
(0.5375 0.24 0.01)
(0.55 0.24 0.01)
(0.5625 0.24 0.01)
(0.575 0.24 0.01)
(0.5875 0.24 0.01)
(0.6 0.24 0.01)
(0.6125 0.24 0.01)
(0.625 0.24 0.01)
(0.6375 0.24 0.01)
(0.65 0.24 0.01)
(0.6625 0.24 0.01)
(0.675 0.24 0.01)
(0.6875 0.24 0.01)
(0.7 0.24 0.01)
(0.7125 0.24 0.01)
(0.725 0.24 0.01)
(0.7375 0.24 0.01)
(0.75 0.24 0.01)
(0.7625 0.24 0.01)
(0.775 0.24 0.01)
(0.7875 0.24 0.01)
(0.8 0.24 0.01)
(0.8125 0.24 0.01)
(0.825 0.24 0.01)
(0.8375 0.24 0.01)
(0.85 0.24 0.01)
(0.8625 0.24 0.01)
(0.875 0.24 0.01)
(0.8875 0.24 0.01)
(0.9 0.24 0.01)
(0.9125 0.24 0.01)
(0.925 0.24 0.01)
(0.9375 0.24 0.01)
(0.95 0.24 0.01)
(0.9625 0.24 0.01)
(0.975 0.24 0.01)
(0.9875 0.24 0.01)
(1 0.24 0.01)
(1.0125 0.24 0.01)
(1.025 0.24 0.01)
(1.0375 0.24 0.01)
(1.05 0.24 0.01)
(1.0625 0.24 0.01)
(1.075 0.24 0.01)
(1.0875 0.24 0.01)
(1.1 0.24 0.01)
(1.1125 0.24 0.01)
(1.125 0.24 0.01)
(1.1375 0.24 0.01)
(1.15 0.24 0.01)
(1.1625 0.24 0.01)
(1.175 0.24 0.01)
(1.1875 0.24 0.01)
(1.2 0.24 0.01)
(1.2125 0.24 0.01)
(1.225 0.24 0.01)
(1.2375 0.24 0.01)
(1.25 0.24 0.01)
(1.2625 0.24 0.01)
(1.275 0.24 0.01)
(1.2875 0.24 0.01)
(1.3 0.24 0.01)
(1.3125 0.24 0.01)
(1.325 0.24 0.01)
(1.3375 0.24 0.01)
(1.35 0.24 0.01)
(1.3625 0.24 0.01)
(1.375 0.24 0.01)
(1.3875 0.24 0.01)
(1.4 0.24 0.01)
(1.4125 0.24 0.01)
(1.425 0.24 0.01)
(1.4375 0.24 0.01)
(1.45 0.24 0.01)
(1.4625 0.24 0.01)
(1.475 0.24 0.01)
(1.4875 0.24 0.01)
(1.5 0.24 0.01)
(1.5125 0.24 0.01)
(1.525 0.24 0.01)
(1.5375 0.24 0.01)
(1.55 0.24 0.01)
(1.5625 0.24 0.01)
(1.575 0.24 0.01)
(1.5875 0.24 0.01)
(1.6 0.24 0.01)
(1.6125 0.24 0.01)
(1.625 0.24 0.01)
(1.6375 0.24 0.01)
(1.65 0.24 0.01)
(1.6625 0.24 0.01)
(1.675 0.24 0.01)
(1.6875 0.24 0.01)
(1.7 0.24 0.01)
(1.7125 0.24 0.01)
(1.725 0.24 0.01)
(1.7375 0.24 0.01)
(1.75 0.24 0.01)
(1.7625 0.24 0.01)
(1.775 0.24 0.01)
(1.7875 0.24 0.01)
(1.8 0.24 0.01)
(1.8125 0.24 0.01)
(1.825 0.24 0.01)
(1.8375 0.24 0.01)
(1.85 0.24 0.01)
(1.8625 0.24 0.01)
(1.875 0.24 0.01)
(1.8875 0.24 0.01)
(1.9 0.24 0.01)
(1.9125 0.24 0.01)
(1.925 0.24 0.01)
(1.9375 0.24 0.01)
(1.95 0.24 0.01)
(1.9625 0.24 0.01)
(1.975 0.24 0.01)
(1.9875 0.24 0.01)
(2 0.24 0.01)
(2.0125 0.24 0.01)
(2.025 0.24 0.01)
(2.0375 0.24 0.01)
(2.05 0.24 0.01)
(2.0625 0.24 0.01)
(2.075 0.24 0.01)
(2.0875 0.24 0.01)
(2.1 0.24 0.01)
(2.1125 0.24 0.01)
(2.125 0.24 0.01)
(2.1375 0.24 0.01)
(2.15 0.24 0.01)
(2.1625 0.24 0.01)
(2.175 0.24 0.01)
(2.1875 0.24 0.01)
(2.2 0.24 0.01)
(2.2125 0.24 0.01)
(2.225 0.24 0.01)
(2.2375 0.24 0.01)
(2.25 0.24 0.01)
(2.2625 0.24 0.01)
(2.275 0.24 0.01)
(2.2875 0.24 0.01)
(2.3 0.24 0.01)
(2.3125 0.24 0.01)
(2.325 0.24 0.01)
(2.3375 0.24 0.01)
(2.35 0.24 0.01)
(2.3625 0.24 0.01)
(2.375 0.24 0.01)
(2.3875 0.24 0.01)
(2.4 0.24 0.01)
(2.4125 0.24 0.01)
(2.425 0.24 0.01)
(2.4375 0.24 0.01)
(2.45 0.24 0.01)
(2.4625 0.24 0.01)
(2.475 0.24 0.01)
(2.4875 0.24 0.01)
(2.5 0.24 0.01)
(0.2625 0.245 0.01)
(0.275 0.245 0.01)
(0.2875 0.245 0.01)
(0.3 0.245 0.01)
(0.3125 0.245 0.01)
(0.325 0.245 0.01)
(0.3375 0.245 0.01)
(0.35 0.245 0.01)
(0.3625 0.245 0.01)
(0.375 0.245 0.01)
(0.3875 0.245 0.01)
(0.4 0.245 0.01)
(0.4125 0.245 0.01)
(0.425 0.245 0.01)
(0.4375 0.245 0.01)
(0.45 0.245 0.01)
(0.4625 0.245 0.01)
(0.475 0.245 0.01)
(0.4875 0.245 0.01)
(0.5 0.245 0.01)
(0.5125 0.245 0.01)
(0.525 0.245 0.01)
(0.5375 0.245 0.01)
(0.55 0.245 0.01)
(0.5625 0.245 0.01)
(0.575 0.245 0.01)
(0.5875 0.245 0.01)
(0.6 0.245 0.01)
(0.6125 0.245 0.01)
(0.625 0.245 0.01)
(0.6375 0.245 0.01)
(0.65 0.245 0.01)
(0.6625 0.245 0.01)
(0.675 0.245 0.01)
(0.6875 0.245 0.01)
(0.7 0.245 0.01)
(0.7125 0.245 0.01)
(0.725 0.245 0.01)
(0.7375 0.245 0.01)
(0.75 0.245 0.01)
(0.7625 0.245 0.01)
(0.775 0.245 0.01)
(0.7875 0.245 0.01)
(0.8 0.245 0.01)
(0.8125 0.245 0.01)
(0.825 0.245 0.01)
(0.8375 0.245 0.01)
(0.85 0.245 0.01)
(0.8625 0.245 0.01)
(0.875 0.245 0.01)
(0.8875 0.245 0.01)
(0.9 0.245 0.01)
(0.9125 0.245 0.01)
(0.925 0.245 0.01)
(0.9375 0.245 0.01)
(0.95 0.245 0.01)
(0.9625 0.245 0.01)
(0.975 0.245 0.01)
(0.9875 0.245 0.01)
(1 0.245 0.01)
(1.0125 0.245 0.01)
(1.025 0.245 0.01)
(1.0375 0.245 0.01)
(1.05 0.245 0.01)
(1.0625 0.245 0.01)
(1.075 0.245 0.01)
(1.0875 0.245 0.01)
(1.1 0.245 0.01)
(1.1125 0.245 0.01)
(1.125 0.245 0.01)
(1.1375 0.245 0.01)
(1.15 0.245 0.01)
(1.1625 0.245 0.01)
(1.175 0.245 0.01)
(1.1875 0.245 0.01)
(1.2 0.245 0.01)
(1.2125 0.245 0.01)
(1.225 0.245 0.01)
(1.2375 0.245 0.01)
(1.25 0.245 0.01)
(1.2625 0.245 0.01)
(1.275 0.245 0.01)
(1.2875 0.245 0.01)
(1.3 0.245 0.01)
(1.3125 0.245 0.01)
(1.325 0.245 0.01)
(1.3375 0.245 0.01)
(1.35 0.245 0.01)
(1.3625 0.245 0.01)
(1.375 0.245 0.01)
(1.3875 0.245 0.01)
(1.4 0.245 0.01)
(1.4125 0.245 0.01)
(1.425 0.245 0.01)
(1.4375 0.245 0.01)
(1.45 0.245 0.01)
(1.4625 0.245 0.01)
(1.475 0.245 0.01)
(1.4875 0.245 0.01)
(1.5 0.245 0.01)
(1.5125 0.245 0.01)
(1.525 0.245 0.01)
(1.5375 0.245 0.01)
(1.55 0.245 0.01)
(1.5625 0.245 0.01)
(1.575 0.245 0.01)
(1.5875 0.245 0.01)
(1.6 0.245 0.01)
(1.6125 0.245 0.01)
(1.625 0.245 0.01)
(1.6375 0.245 0.01)
(1.65 0.245 0.01)
(1.6625 0.245 0.01)
(1.675 0.245 0.01)
(1.6875 0.245 0.01)
(1.7 0.245 0.01)
(1.7125 0.245 0.01)
(1.725 0.245 0.01)
(1.7375 0.245 0.01)
(1.75 0.245 0.01)
(1.7625 0.245 0.01)
(1.775 0.245 0.01)
(1.7875 0.245 0.01)
(1.8 0.245 0.01)
(1.8125 0.245 0.01)
(1.825 0.245 0.01)
(1.8375 0.245 0.01)
(1.85 0.245 0.01)
(1.8625 0.245 0.01)
(1.875 0.245 0.01)
(1.8875 0.245 0.01)
(1.9 0.245 0.01)
(1.9125 0.245 0.01)
(1.925 0.245 0.01)
(1.9375 0.245 0.01)
(1.95 0.245 0.01)
(1.9625 0.245 0.01)
(1.975 0.245 0.01)
(1.9875 0.245 0.01)
(2 0.245 0.01)
(2.0125 0.245 0.01)
(2.025 0.245 0.01)
(2.0375 0.245 0.01)
(2.05 0.245 0.01)
(2.0625 0.245 0.01)
(2.075 0.245 0.01)
(2.0875 0.245 0.01)
(2.1 0.245 0.01)
(2.1125 0.245 0.01)
(2.125 0.245 0.01)
(2.1375 0.245 0.01)
(2.15 0.245 0.01)
(2.1625 0.245 0.01)
(2.175 0.245 0.01)
(2.1875 0.245 0.01)
(2.2 0.245 0.01)
(2.2125 0.245 0.01)
(2.225 0.245 0.01)
(2.2375 0.245 0.01)
(2.25 0.245 0.01)
(2.2625 0.245 0.01)
(2.275 0.245 0.01)
(2.2875 0.245 0.01)
(2.3 0.245 0.01)
(2.3125 0.245 0.01)
(2.325 0.245 0.01)
(2.3375 0.245 0.01)
(2.35 0.245 0.01)
(2.3625 0.245 0.01)
(2.375 0.245 0.01)
(2.3875 0.245 0.01)
(2.4 0.245 0.01)
(2.4125 0.245 0.01)
(2.425 0.245 0.01)
(2.4375 0.245 0.01)
(2.45 0.245 0.01)
(2.4625 0.245 0.01)
(2.475 0.245 0.01)
(2.4875 0.245 0.01)
(2.5 0.245 0.01)
(0.2625 0.25 0.01)
(0.275 0.25 0.01)
(0.2875 0.25 0.01)
(0.3 0.25 0.01)
(0.3125 0.25 0.01)
(0.325 0.25 0.01)
(0.3375 0.25 0.01)
(0.35 0.25 0.01)
(0.3625 0.25 0.01)
(0.375 0.25 0.01)
(0.3875 0.25 0.01)
(0.4 0.25 0.01)
(0.4125 0.25 0.01)
(0.425 0.25 0.01)
(0.4375 0.25 0.01)
(0.45 0.25 0.01)
(0.4625 0.25 0.01)
(0.475 0.25 0.01)
(0.4875 0.25 0.01)
(0.5 0.25 0.01)
(0.5125 0.25 0.01)
(0.525 0.25 0.01)
(0.5375 0.25 0.01)
(0.55 0.25 0.01)
(0.5625 0.25 0.01)
(0.575 0.25 0.01)
(0.5875 0.25 0.01)
(0.6 0.25 0.01)
(0.6125 0.25 0.01)
(0.625 0.25 0.01)
(0.6375 0.25 0.01)
(0.65 0.25 0.01)
(0.6625 0.25 0.01)
(0.675 0.25 0.01)
(0.6875 0.25 0.01)
(0.7 0.25 0.01)
(0.7125 0.25 0.01)
(0.725 0.25 0.01)
(0.7375 0.25 0.01)
(0.75 0.25 0.01)
(0.7625 0.25 0.01)
(0.775 0.25 0.01)
(0.7875 0.25 0.01)
(0.8 0.25 0.01)
(0.8125 0.25 0.01)
(0.825 0.25 0.01)
(0.8375 0.25 0.01)
(0.85 0.25 0.01)
(0.8625 0.25 0.01)
(0.875 0.25 0.01)
(0.8875 0.25 0.01)
(0.9 0.25 0.01)
(0.9125 0.25 0.01)
(0.925 0.25 0.01)
(0.9375 0.25 0.01)
(0.95 0.25 0.01)
(0.9625 0.25 0.01)
(0.975 0.25 0.01)
(0.9875 0.25 0.01)
(1 0.25 0.01)
(1.0125 0.25 0.01)
(1.025 0.25 0.01)
(1.0375 0.25 0.01)
(1.05 0.25 0.01)
(1.0625 0.25 0.01)
(1.075 0.25 0.01)
(1.0875 0.25 0.01)
(1.1 0.25 0.01)
(1.1125 0.25 0.01)
(1.125 0.25 0.01)
(1.1375 0.25 0.01)
(1.15 0.25 0.01)
(1.1625 0.25 0.01)
(1.175 0.25 0.01)
(1.1875 0.25 0.01)
(1.2 0.25 0.01)
(1.2125 0.25 0.01)
(1.225 0.25 0.01)
(1.2375 0.25 0.01)
(1.25 0.25 0.01)
(1.2625 0.25 0.01)
(1.275 0.25 0.01)
(1.2875 0.25 0.01)
(1.3 0.25 0.01)
(1.3125 0.25 0.01)
(1.325 0.25 0.01)
(1.3375 0.25 0.01)
(1.35 0.25 0.01)
(1.3625 0.25 0.01)
(1.375 0.25 0.01)
(1.3875 0.25 0.01)
(1.4 0.25 0.01)
(1.4125 0.25 0.01)
(1.425 0.25 0.01)
(1.4375 0.25 0.01)
(1.45 0.25 0.01)
(1.4625 0.25 0.01)
(1.475 0.25 0.01)
(1.4875 0.25 0.01)
(1.5 0.25 0.01)
(1.5125 0.25 0.01)
(1.525 0.25 0.01)
(1.5375 0.25 0.01)
(1.55 0.25 0.01)
(1.5625 0.25 0.01)
(1.575 0.25 0.01)
(1.5875 0.25 0.01)
(1.6 0.25 0.01)
(1.6125 0.25 0.01)
(1.625 0.25 0.01)
(1.6375 0.25 0.01)
(1.65 0.25 0.01)
(1.6625 0.25 0.01)
(1.675 0.25 0.01)
(1.6875 0.25 0.01)
(1.7 0.25 0.01)
(1.7125 0.25 0.01)
(1.725 0.25 0.01)
(1.7375 0.25 0.01)
(1.75 0.25 0.01)
(1.7625 0.25 0.01)
(1.775 0.25 0.01)
(1.7875 0.25 0.01)
(1.8 0.25 0.01)
(1.8125 0.25 0.01)
(1.825 0.25 0.01)
(1.8375 0.25 0.01)
(1.85 0.25 0.01)
(1.8625 0.25 0.01)
(1.875 0.25 0.01)
(1.8875 0.25 0.01)
(1.9 0.25 0.01)
(1.9125 0.25 0.01)
(1.925 0.25 0.01)
(1.9375 0.25 0.01)
(1.95 0.25 0.01)
(1.9625 0.25 0.01)
(1.975 0.25 0.01)
(1.9875 0.25 0.01)
(2 0.25 0.01)
(2.0125 0.25 0.01)
(2.025 0.25 0.01)
(2.0375 0.25 0.01)
(2.05 0.25 0.01)
(2.0625 0.25 0.01)
(2.075 0.25 0.01)
(2.0875 0.25 0.01)
(2.1 0.25 0.01)
(2.1125 0.25 0.01)
(2.125 0.25 0.01)
(2.1375 0.25 0.01)
(2.15 0.25 0.01)
(2.1625 0.25 0.01)
(2.175 0.25 0.01)
(2.1875 0.25 0.01)
(2.2 0.25 0.01)
(2.2125 0.25 0.01)
(2.225 0.25 0.01)
(2.2375 0.25 0.01)
(2.25 0.25 0.01)
(2.2625 0.25 0.01)
(2.275 0.25 0.01)
(2.2875 0.25 0.01)
(2.3 0.25 0.01)
(2.3125 0.25 0.01)
(2.325 0.25 0.01)
(2.3375 0.25 0.01)
(2.35 0.25 0.01)
(2.3625 0.25 0.01)
(2.375 0.25 0.01)
(2.3875 0.25 0.01)
(2.4 0.25 0.01)
(2.4125 0.25 0.01)
(2.425 0.25 0.01)
(2.4375 0.25 0.01)
(2.45 0.25 0.01)
(2.4625 0.25 0.01)
(2.475 0.25 0.01)
(2.4875 0.25 0.01)
(2.5 0.25 0.01)
(0 0.26 0)
(0.0075 0.26 0)
(0.015 0.26 0)
(0.0225 0.26 0)
(0.03 0.26 0)
(0.0375 0.26 0)
(0.045 0.26 0)
(0.0525 0.26 0)
(0.06 0.26 0)
(0.0675 0.26 0)
(0.075 0.26 0)
(0.0825 0.26 0)
(0.09 0.26 0)
(0.0975 0.26 0)
(0.105 0.26 0)
(0.1125 0.26 0)
(0.12 0.26 0)
(0.1275 0.26 0)
(0.135 0.26 0)
(0.1425 0.26 0)
(0.15 0.26 0)
(0 0.27 0)
(0.0075 0.27 0)
(0.015 0.27 0)
(0.0225 0.27 0)
(0.03 0.27 0)
(0.0375 0.27 0)
(0.045 0.27 0)
(0.0525 0.27 0)
(0.06 0.27 0)
(0.0675 0.27 0)
(0.075 0.27 0)
(0.0825 0.27 0)
(0.09 0.27 0)
(0.0975 0.27 0)
(0.105 0.27 0)
(0.1125 0.27 0)
(0.12 0.27 0)
(0.1275 0.27 0)
(0.135 0.27 0)
(0.1425 0.27 0)
(0.15 0.27 0)
(0 0.28 0)
(0.0075 0.28 0)
(0.015 0.28 0)
(0.0225 0.28 0)
(0.03 0.28 0)
(0.0375 0.28 0)
(0.045 0.28 0)
(0.0525 0.28 0)
(0.06 0.28 0)
(0.0675 0.28 0)
(0.075 0.28 0)
(0.0825 0.28 0)
(0.09 0.28 0)
(0.0975 0.28 0)
(0.105 0.28 0)
(0.1125 0.28 0)
(0.12 0.28 0)
(0.1275 0.28 0)
(0.135 0.28 0)
(0.1425 0.28 0)
(0.15 0.28 0)
(0 0.29 0)
(0.0075 0.29 0)
(0.015 0.29 0)
(0.0225 0.29 0)
(0.03 0.29 0)
(0.0375 0.29 0)
(0.045 0.29 0)
(0.0525 0.29 0)
(0.06 0.29 0)
(0.0675 0.29 0)
(0.075 0.29 0)
(0.0825 0.29 0)
(0.09 0.29 0)
(0.0975 0.29 0)
(0.105 0.29 0)
(0.1125 0.29 0)
(0.12 0.29 0)
(0.1275 0.29 0)
(0.135 0.29 0)
(0.1425 0.29 0)
(0.15 0.29 0)
(0 0.3 0)
(0.0075 0.3 0)
(0.015 0.3 0)
(0.0225 0.3 0)
(0.03 0.3 0)
(0.0375 0.3 0)
(0.045 0.3 0)
(0.0525 0.3 0)
(0.06 0.3 0)
(0.0675 0.3 0)
(0.075 0.3 0)
(0.0825 0.3 0)
(0.09 0.3 0)
(0.0975 0.3 0)
(0.105 0.3 0)
(0.1125 0.3 0)
(0.12 0.3 0)
(0.1275 0.3 0)
(0.135 0.3 0)
(0.1425 0.3 0)
(0.15 0.3 0)
(0 0.31 0)
(0.0075 0.31 0)
(0.015 0.31 0)
(0.0225 0.31 0)
(0.03 0.31 0)
(0.0375 0.31 0)
(0.045 0.31 0)
(0.0525 0.31 0)
(0.06 0.31 0)
(0.0675 0.31 0)
(0.075 0.31 0)
(0.0825 0.31 0)
(0.09 0.31 0)
(0.0975 0.31 0)
(0.105 0.31 0)
(0.1125 0.31 0)
(0.12 0.31 0)
(0.1275 0.31 0)
(0.135 0.31 0)
(0.1425 0.31 0)
(0.15 0.31 0)
(0 0.32 0)
(0.0075 0.32 0)
(0.015 0.32 0)
(0.0225 0.32 0)
(0.03 0.32 0)
(0.0375 0.32 0)
(0.045 0.32 0)
(0.0525 0.32 0)
(0.06 0.32 0)
(0.0675 0.32 0)
(0.075 0.32 0)
(0.0825 0.32 0)
(0.09 0.32 0)
(0.0975 0.32 0)
(0.105 0.32 0)
(0.1125 0.32 0)
(0.12 0.32 0)
(0.1275 0.32 0)
(0.135 0.32 0)
(0.1425 0.32 0)
(0.15 0.32 0)
(0 0.33 0)
(0.0075 0.33 0)
(0.015 0.33 0)
(0.0225 0.33 0)
(0.03 0.33 0)
(0.0375 0.33 0)
(0.045 0.33 0)
(0.0525 0.33 0)
(0.06 0.33 0)
(0.0675 0.33 0)
(0.075 0.33 0)
(0.0825 0.33 0)
(0.09 0.33 0)
(0.0975 0.33 0)
(0.105 0.33 0)
(0.1125 0.33 0)
(0.12 0.33 0)
(0.1275 0.33 0)
(0.135 0.33 0)
(0.1425 0.33 0)
(0.15 0.33 0)
(0 0.34 0)
(0.0075 0.34 0)
(0.015 0.34 0)
(0.0225 0.34 0)
(0.03 0.34 0)
(0.0375 0.34 0)
(0.045 0.34 0)
(0.0525 0.34 0)
(0.06 0.34 0)
(0.0675 0.34 0)
(0.075 0.34 0)
(0.0825 0.34 0)
(0.09 0.34 0)
(0.0975 0.34 0)
(0.105 0.34 0)
(0.1125 0.34 0)
(0.12 0.34 0)
(0.1275 0.34 0)
(0.135 0.34 0)
(0.1425 0.34 0)
(0.15 0.34 0)
(0 0.35 0)
(0.0075 0.35 0)
(0.015 0.35 0)
(0.0225 0.35 0)
(0.03 0.35 0)
(0.0375 0.35 0)
(0.045 0.35 0)
(0.0525 0.35 0)
(0.06 0.35 0)
(0.0675 0.35 0)
(0.075 0.35 0)
(0.0825 0.35 0)
(0.09 0.35 0)
(0.0975 0.35 0)
(0.105 0.35 0)
(0.1125 0.35 0)
(0.12 0.35 0)
(0.1275 0.35 0)
(0.135 0.35 0)
(0.1425 0.35 0)
(0.15 0.35 0)
(0 0.36 0)
(0.0075 0.36 0)
(0.015 0.36 0)
(0.0225 0.36 0)
(0.03 0.36 0)
(0.0375 0.36 0)
(0.045 0.36 0)
(0.0525 0.36 0)
(0.06 0.36 0)
(0.0675 0.36 0)
(0.075 0.36 0)
(0.0825 0.36 0)
(0.09 0.36 0)
(0.0975 0.36 0)
(0.105 0.36 0)
(0.1125 0.36 0)
(0.12 0.36 0)
(0.1275 0.36 0)
(0.135 0.36 0)
(0.1425 0.36 0)
(0.15 0.36 0)
(0 0.37 0)
(0.0075 0.37 0)
(0.015 0.37 0)
(0.0225 0.37 0)
(0.03 0.37 0)
(0.0375 0.37 0)
(0.045 0.37 0)
(0.0525 0.37 0)
(0.06 0.37 0)
(0.0675 0.37 0)
(0.075 0.37 0)
(0.0825 0.37 0)
(0.09 0.37 0)
(0.0975 0.37 0)
(0.105 0.37 0)
(0.1125 0.37 0)
(0.12 0.37 0)
(0.1275 0.37 0)
(0.135 0.37 0)
(0.1425 0.37 0)
(0.15 0.37 0)
(0 0.38 0)
(0.0075 0.38 0)
(0.015 0.38 0)
(0.0225 0.38 0)
(0.03 0.38 0)
(0.0375 0.38 0)
(0.045 0.38 0)
(0.0525 0.38 0)
(0.06 0.38 0)
(0.0675 0.38 0)
(0.075 0.38 0)
(0.0825 0.38 0)
(0.09 0.38 0)
(0.0975 0.38 0)
(0.105 0.38 0)
(0.1125 0.38 0)
(0.12 0.38 0)
(0.1275 0.38 0)
(0.135 0.38 0)
(0.1425 0.38 0)
(0.15 0.38 0)
(0 0.39 0)
(0.0075 0.39 0)
(0.015 0.39 0)
(0.0225 0.39 0)
(0.03 0.39 0)
(0.0375 0.39 0)
(0.045 0.39 0)
(0.0525 0.39 0)
(0.06 0.39 0)
(0.0675 0.39 0)
(0.075 0.39 0)
(0.0825 0.39 0)
(0.09 0.39 0)
(0.0975 0.39 0)
(0.105 0.39 0)
(0.1125 0.39 0)
(0.12 0.39 0)
(0.1275 0.39 0)
(0.135 0.39 0)
(0.1425 0.39 0)
(0.15 0.39 0)
(0 0.4 0)
(0.0075 0.4 0)
(0.015 0.4 0)
(0.0225 0.4 0)
(0.03 0.4 0)
(0.0375 0.4 0)
(0.045 0.4 0)
(0.0525 0.4 0)
(0.06 0.4 0)
(0.0675 0.4 0)
(0.075 0.4 0)
(0.0825 0.4 0)
(0.09 0.4 0)
(0.0975 0.4 0)
(0.105 0.4 0)
(0.1125 0.4 0)
(0.12 0.4 0)
(0.1275 0.4 0)
(0.135 0.4 0)
(0.1425 0.4 0)
(0.15 0.4 0)
(0 0.41 0)
(0.0075 0.41 0)
(0.015 0.41 0)
(0.0225 0.41 0)
(0.03 0.41 0)
(0.0375 0.41 0)
(0.045 0.41 0)
(0.0525 0.41 0)
(0.06 0.41 0)
(0.0675 0.41 0)
(0.075 0.41 0)
(0.0825 0.41 0)
(0.09 0.41 0)
(0.0975 0.41 0)
(0.105 0.41 0)
(0.1125 0.41 0)
(0.12 0.41 0)
(0.1275 0.41 0)
(0.135 0.41 0)
(0.1425 0.41 0)
(0.15 0.41 0)
(0 0.26 0.01)
(0.0075 0.26 0.01)
(0.015 0.26 0.01)
(0.0225 0.26 0.01)
(0.03 0.26 0.01)
(0.0375 0.26 0.01)
(0.045 0.26 0.01)
(0.0525 0.26 0.01)
(0.06 0.26 0.01)
(0.0675 0.26 0.01)
(0.075 0.26 0.01)
(0.0825 0.26 0.01)
(0.09 0.26 0.01)
(0.0975 0.26 0.01)
(0.105 0.26 0.01)
(0.1125 0.26 0.01)
(0.12 0.26 0.01)
(0.1275 0.26 0.01)
(0.135 0.26 0.01)
(0.1425 0.26 0.01)
(0.15 0.26 0.01)
(0 0.27 0.01)
(0.0075 0.27 0.01)
(0.015 0.27 0.01)
(0.0225 0.27 0.01)
(0.03 0.27 0.01)
(0.0375 0.27 0.01)
(0.045 0.27 0.01)
(0.0525 0.27 0.01)
(0.06 0.27 0.01)
(0.0675 0.27 0.01)
(0.075 0.27 0.01)
(0.0825 0.27 0.01)
(0.09 0.27 0.01)
(0.0975 0.27 0.01)
(0.105 0.27 0.01)
(0.1125 0.27 0.01)
(0.12 0.27 0.01)
(0.1275 0.27 0.01)
(0.135 0.27 0.01)
(0.1425 0.27 0.01)
(0.15 0.27 0.01)
(0 0.28 0.01)
(0.0075 0.28 0.01)
(0.015 0.28 0.01)
(0.0225 0.28 0.01)
(0.03 0.28 0.01)
(0.0375 0.28 0.01)
(0.045 0.28 0.01)
(0.0525 0.28 0.01)
(0.06 0.28 0.01)
(0.0675 0.28 0.01)
(0.075 0.28 0.01)
(0.0825 0.28 0.01)
(0.09 0.28 0.01)
(0.0975 0.28 0.01)
(0.105 0.28 0.01)
(0.1125 0.28 0.01)
(0.12 0.28 0.01)
(0.1275 0.28 0.01)
(0.135 0.28 0.01)
(0.1425 0.28 0.01)
(0.15 0.28 0.01)
(0 0.29 0.01)
(0.0075 0.29 0.01)
(0.015 0.29 0.01)
(0.0225 0.29 0.01)
(0.03 0.29 0.01)
(0.0375 0.29 0.01)
(0.045 0.29 0.01)
(0.0525 0.29 0.01)
(0.06 0.29 0.01)
(0.0675 0.29 0.01)
(0.075 0.29 0.01)
(0.0825 0.29 0.01)
(0.09 0.29 0.01)
(0.0975 0.29 0.01)
(0.105 0.29 0.01)
(0.1125 0.29 0.01)
(0.12 0.29 0.01)
(0.1275 0.29 0.01)
(0.135 0.29 0.01)
(0.1425 0.29 0.01)
(0.15 0.29 0.01)
(0 0.3 0.01)
(0.0075 0.3 0.01)
(0.015 0.3 0.01)
(0.0225 0.3 0.01)
(0.03 0.3 0.01)
(0.0375 0.3 0.01)
(0.045 0.3 0.01)
(0.0525 0.3 0.01)
(0.06 0.3 0.01)
(0.0675 0.3 0.01)
(0.075 0.3 0.01)
(0.0825 0.3 0.01)
(0.09 0.3 0.01)
(0.0975 0.3 0.01)
(0.105 0.3 0.01)
(0.1125 0.3 0.01)
(0.12 0.3 0.01)
(0.1275 0.3 0.01)
(0.135 0.3 0.01)
(0.1425 0.3 0.01)
(0.15 0.3 0.01)
(0 0.31 0.01)
(0.0075 0.31 0.01)
(0.015 0.31 0.01)
(0.0225 0.31 0.01)
(0.03 0.31 0.01)
(0.0375 0.31 0.01)
(0.045 0.31 0.01)
(0.0525 0.31 0.01)
(0.06 0.31 0.01)
(0.0675 0.31 0.01)
(0.075 0.31 0.01)
(0.0825 0.31 0.01)
(0.09 0.31 0.01)
(0.0975 0.31 0.01)
(0.105 0.31 0.01)
(0.1125 0.31 0.01)
(0.12 0.31 0.01)
(0.1275 0.31 0.01)
(0.135 0.31 0.01)
(0.1425 0.31 0.01)
(0.15 0.31 0.01)
(0 0.32 0.01)
(0.0075 0.32 0.01)
(0.015 0.32 0.01)
(0.0225 0.32 0.01)
(0.03 0.32 0.01)
(0.0375 0.32 0.01)
(0.045 0.32 0.01)
(0.0525 0.32 0.01)
(0.06 0.32 0.01)
(0.0675 0.32 0.01)
(0.075 0.32 0.01)
(0.0825 0.32 0.01)
(0.09 0.32 0.01)
(0.0975 0.32 0.01)
(0.105 0.32 0.01)
(0.1125 0.32 0.01)
(0.12 0.32 0.01)
(0.1275 0.32 0.01)
(0.135 0.32 0.01)
(0.1425 0.32 0.01)
(0.15 0.32 0.01)
(0 0.33 0.01)
(0.0075 0.33 0.01)
(0.015 0.33 0.01)
(0.0225 0.33 0.01)
(0.03 0.33 0.01)
(0.0375 0.33 0.01)
(0.045 0.33 0.01)
(0.0525 0.33 0.01)
(0.06 0.33 0.01)
(0.0675 0.33 0.01)
(0.075 0.33 0.01)
(0.0825 0.33 0.01)
(0.09 0.33 0.01)
(0.0975 0.33 0.01)
(0.105 0.33 0.01)
(0.1125 0.33 0.01)
(0.12 0.33 0.01)
(0.1275 0.33 0.01)
(0.135 0.33 0.01)
(0.1425 0.33 0.01)
(0.15 0.33 0.01)
(0 0.34 0.01)
(0.0075 0.34 0.01)
(0.015 0.34 0.01)
(0.0225 0.34 0.01)
(0.03 0.34 0.01)
(0.0375 0.34 0.01)
(0.045 0.34 0.01)
(0.0525 0.34 0.01)
(0.06 0.34 0.01)
(0.0675 0.34 0.01)
(0.075 0.34 0.01)
(0.0825 0.34 0.01)
(0.09 0.34 0.01)
(0.0975 0.34 0.01)
(0.105 0.34 0.01)
(0.1125 0.34 0.01)
(0.12 0.34 0.01)
(0.1275 0.34 0.01)
(0.135 0.34 0.01)
(0.1425 0.34 0.01)
(0.15 0.34 0.01)
(0 0.35 0.01)
(0.0075 0.35 0.01)
(0.015 0.35 0.01)
(0.0225 0.35 0.01)
(0.03 0.35 0.01)
(0.0375 0.35 0.01)
(0.045 0.35 0.01)
(0.0525 0.35 0.01)
(0.06 0.35 0.01)
(0.0675 0.35 0.01)
(0.075 0.35 0.01)
(0.0825 0.35 0.01)
(0.09 0.35 0.01)
(0.0975 0.35 0.01)
(0.105 0.35 0.01)
(0.1125 0.35 0.01)
(0.12 0.35 0.01)
(0.1275 0.35 0.01)
(0.135 0.35 0.01)
(0.1425 0.35 0.01)
(0.15 0.35 0.01)
(0 0.36 0.01)
(0.0075 0.36 0.01)
(0.015 0.36 0.01)
(0.0225 0.36 0.01)
(0.03 0.36 0.01)
(0.0375 0.36 0.01)
(0.045 0.36 0.01)
(0.0525 0.36 0.01)
(0.06 0.36 0.01)
(0.0675 0.36 0.01)
(0.075 0.36 0.01)
(0.0825 0.36 0.01)
(0.09 0.36 0.01)
(0.0975 0.36 0.01)
(0.105 0.36 0.01)
(0.1125 0.36 0.01)
(0.12 0.36 0.01)
(0.1275 0.36 0.01)
(0.135 0.36 0.01)
(0.1425 0.36 0.01)
(0.15 0.36 0.01)
(0 0.37 0.01)
(0.0075 0.37 0.01)
(0.015 0.37 0.01)
(0.0225 0.37 0.01)
(0.03 0.37 0.01)
(0.0375 0.37 0.01)
(0.045 0.37 0.01)
(0.0525 0.37 0.01)
(0.06 0.37 0.01)
(0.0675 0.37 0.01)
(0.075 0.37 0.01)
(0.0825 0.37 0.01)
(0.09 0.37 0.01)
(0.0975 0.37 0.01)
(0.105 0.37 0.01)
(0.1125 0.37 0.01)
(0.12 0.37 0.01)
(0.1275 0.37 0.01)
(0.135 0.37 0.01)
(0.1425 0.37 0.01)
(0.15 0.37 0.01)
(0 0.38 0.01)
(0.0075 0.38 0.01)
(0.015 0.38 0.01)
(0.0225 0.38 0.01)
(0.03 0.38 0.01)
(0.0375 0.38 0.01)
(0.045 0.38 0.01)
(0.0525 0.38 0.01)
(0.06 0.38 0.01)
(0.0675 0.38 0.01)
(0.075 0.38 0.01)
(0.0825 0.38 0.01)
(0.09 0.38 0.01)
(0.0975 0.38 0.01)
(0.105 0.38 0.01)
(0.1125 0.38 0.01)
(0.12 0.38 0.01)
(0.1275 0.38 0.01)
(0.135 0.38 0.01)
(0.1425 0.38 0.01)
(0.15 0.38 0.01)
(0 0.39 0.01)
(0.0075 0.39 0.01)
(0.015 0.39 0.01)
(0.0225 0.39 0.01)
(0.03 0.39 0.01)
(0.0375 0.39 0.01)
(0.045 0.39 0.01)
(0.0525 0.39 0.01)
(0.06 0.39 0.01)
(0.0675 0.39 0.01)
(0.075 0.39 0.01)
(0.0825 0.39 0.01)
(0.09 0.39 0.01)
(0.0975 0.39 0.01)
(0.105 0.39 0.01)
(0.1125 0.39 0.01)
(0.12 0.39 0.01)
(0.1275 0.39 0.01)
(0.135 0.39 0.01)
(0.1425 0.39 0.01)
(0.15 0.39 0.01)
(0 0.4 0.01)
(0.0075 0.4 0.01)
(0.015 0.4 0.01)
(0.0225 0.4 0.01)
(0.03 0.4 0.01)
(0.0375 0.4 0.01)
(0.045 0.4 0.01)
(0.0525 0.4 0.01)
(0.06 0.4 0.01)
(0.0675 0.4 0.01)
(0.075 0.4 0.01)
(0.0825 0.4 0.01)
(0.09 0.4 0.01)
(0.0975 0.4 0.01)
(0.105 0.4 0.01)
(0.1125 0.4 0.01)
(0.12 0.4 0.01)
(0.1275 0.4 0.01)
(0.135 0.4 0.01)
(0.1425 0.4 0.01)
(0.15 0.4 0.01)
(0 0.41 0.01)
(0.0075 0.41 0.01)
(0.015 0.41 0.01)
(0.0225 0.41 0.01)
(0.03 0.41 0.01)
(0.0375 0.41 0.01)
(0.045 0.41 0.01)
(0.0525 0.41 0.01)
(0.06 0.41 0.01)
(0.0675 0.41 0.01)
(0.075 0.41 0.01)
(0.0825 0.41 0.01)
(0.09 0.41 0.01)
(0.0975 0.41 0.01)
(0.105 0.41 0.01)
(0.1125 0.41 0.01)
(0.12 0.41 0.01)
(0.1275 0.41 0.01)
(0.135 0.41 0.01)
(0.1425 0.41 0.01)
(0.15 0.41 0.01)
(0.155 0.26 0)
(0.16 0.26 0)
(0.165 0.26 0)
(0.17 0.26 0)
(0.175 0.26 0)
(0.18 0.26 0)
(0.185 0.26 0)
(0.19 0.26 0)
(0.195 0.26 0)
(0.2 0.26 0)
(0.205 0.26 0)
(0.21 0.26 0)
(0.215 0.26 0)
(0.22 0.26 0)
(0.225 0.26 0)
(0.23 0.26 0)
(0.235 0.26 0)
(0.24 0.26 0)
(0.245 0.26 0)
(0.25 0.26 0)
(0.155 0.27 0)
(0.16 0.27 0)
(0.165 0.27 0)
(0.17 0.27 0)
(0.175 0.27 0)
(0.18 0.27 0)
(0.185 0.27 0)
(0.19 0.27 0)
(0.195 0.27 0)
(0.2 0.27 0)
(0.205 0.27 0)
(0.21 0.27 0)
(0.215 0.27 0)
(0.22 0.27 0)
(0.225 0.27 0)
(0.23 0.27 0)
(0.235 0.27 0)
(0.24 0.27 0)
(0.245 0.27 0)
(0.25 0.27 0)
(0.155 0.28 0)
(0.16 0.28 0)
(0.165 0.28 0)
(0.17 0.28 0)
(0.175 0.28 0)
(0.18 0.28 0)
(0.185 0.28 0)
(0.19 0.28 0)
(0.195 0.28 0)
(0.2 0.28 0)
(0.205 0.28 0)
(0.21 0.28 0)
(0.215 0.28 0)
(0.22 0.28 0)
(0.225 0.28 0)
(0.23 0.28 0)
(0.235 0.28 0)
(0.24 0.28 0)
(0.245 0.28 0)
(0.25 0.28 0)
(0.155 0.29 0)
(0.16 0.29 0)
(0.165 0.29 0)
(0.17 0.29 0)
(0.175 0.29 0)
(0.18 0.29 0)
(0.185 0.29 0)
(0.19 0.29 0)
(0.195 0.29 0)
(0.2 0.29 0)
(0.205 0.29 0)
(0.21 0.29 0)
(0.215 0.29 0)
(0.22 0.29 0)
(0.225 0.29 0)
(0.23 0.29 0)
(0.235 0.29 0)
(0.24 0.29 0)
(0.245 0.29 0)
(0.25 0.29 0)
(0.155 0.3 0)
(0.16 0.3 0)
(0.165 0.3 0)
(0.17 0.3 0)
(0.175 0.3 0)
(0.18 0.3 0)
(0.185 0.3 0)
(0.19 0.3 0)
(0.195 0.3 0)
(0.2 0.3 0)
(0.205 0.3 0)
(0.21 0.3 0)
(0.215 0.3 0)
(0.22 0.3 0)
(0.225 0.3 0)
(0.23 0.3 0)
(0.235 0.3 0)
(0.24 0.3 0)
(0.245 0.3 0)
(0.25 0.3 0)
(0.155 0.31 0)
(0.16 0.31 0)
(0.165 0.31 0)
(0.17 0.31 0)
(0.175 0.31 0)
(0.18 0.31 0)
(0.185 0.31 0)
(0.19 0.31 0)
(0.195 0.31 0)
(0.2 0.31 0)
(0.205 0.31 0)
(0.21 0.31 0)
(0.215 0.31 0)
(0.22 0.31 0)
(0.225 0.31 0)
(0.23 0.31 0)
(0.235 0.31 0)
(0.24 0.31 0)
(0.245 0.31 0)
(0.25 0.31 0)
(0.155 0.32 0)
(0.16 0.32 0)
(0.165 0.32 0)
(0.17 0.32 0)
(0.175 0.32 0)
(0.18 0.32 0)
(0.185 0.32 0)
(0.19 0.32 0)
(0.195 0.32 0)
(0.2 0.32 0)
(0.205 0.32 0)
(0.21 0.32 0)
(0.215 0.32 0)
(0.22 0.32 0)
(0.225 0.32 0)
(0.23 0.32 0)
(0.235 0.32 0)
(0.24 0.32 0)
(0.245 0.32 0)
(0.25 0.32 0)
(0.155 0.33 0)
(0.16 0.33 0)
(0.165 0.33 0)
(0.17 0.33 0)
(0.175 0.33 0)
(0.18 0.33 0)
(0.185 0.33 0)
(0.19 0.33 0)
(0.195 0.33 0)
(0.2 0.33 0)
(0.205 0.33 0)
(0.21 0.33 0)
(0.215 0.33 0)
(0.22 0.33 0)
(0.225 0.33 0)
(0.23 0.33 0)
(0.235 0.33 0)
(0.24 0.33 0)
(0.245 0.33 0)
(0.25 0.33 0)
(0.155 0.34 0)
(0.16 0.34 0)
(0.165 0.34 0)
(0.17 0.34 0)
(0.175 0.34 0)
(0.18 0.34 0)
(0.185 0.34 0)
(0.19 0.34 0)
(0.195 0.34 0)
(0.2 0.34 0)
(0.205 0.34 0)
(0.21 0.34 0)
(0.215 0.34 0)
(0.22 0.34 0)
(0.225 0.34 0)
(0.23 0.34 0)
(0.235 0.34 0)
(0.24 0.34 0)
(0.245 0.34 0)
(0.25 0.34 0)
(0.155 0.35 0)
(0.16 0.35 0)
(0.165 0.35 0)
(0.17 0.35 0)
(0.175 0.35 0)
(0.18 0.35 0)
(0.185 0.35 0)
(0.19 0.35 0)
(0.195 0.35 0)
(0.2 0.35 0)
(0.205 0.35 0)
(0.21 0.35 0)
(0.215 0.35 0)
(0.22 0.35 0)
(0.225 0.35 0)
(0.23 0.35 0)
(0.235 0.35 0)
(0.24 0.35 0)
(0.245 0.35 0)
(0.25 0.35 0)
(0.155 0.36 0)
(0.16 0.36 0)
(0.165 0.36 0)
(0.17 0.36 0)
(0.175 0.36 0)
(0.18 0.36 0)
(0.185 0.36 0)
(0.19 0.36 0)
(0.195 0.36 0)
(0.2 0.36 0)
(0.205 0.36 0)
(0.21 0.36 0)
(0.215 0.36 0)
(0.22 0.36 0)
(0.225 0.36 0)
(0.23 0.36 0)
(0.235 0.36 0)
(0.24 0.36 0)
(0.245 0.36 0)
(0.25 0.36 0)
(0.155 0.37 0)
(0.16 0.37 0)
(0.165 0.37 0)
(0.17 0.37 0)
(0.175 0.37 0)
(0.18 0.37 0)
(0.185 0.37 0)
(0.19 0.37 0)
(0.195 0.37 0)
(0.2 0.37 0)
(0.205 0.37 0)
(0.21 0.37 0)
(0.215 0.37 0)
(0.22 0.37 0)
(0.225 0.37 0)
(0.23 0.37 0)
(0.235 0.37 0)
(0.24 0.37 0)
(0.245 0.37 0)
(0.25 0.37 0)
(0.155 0.38 0)
(0.16 0.38 0)
(0.165 0.38 0)
(0.17 0.38 0)
(0.175 0.38 0)
(0.18 0.38 0)
(0.185 0.38 0)
(0.19 0.38 0)
(0.195 0.38 0)
(0.2 0.38 0)
(0.205 0.38 0)
(0.21 0.38 0)
(0.215 0.38 0)
(0.22 0.38 0)
(0.225 0.38 0)
(0.23 0.38 0)
(0.235 0.38 0)
(0.24 0.38 0)
(0.245 0.38 0)
(0.25 0.38 0)
(0.155 0.39 0)
(0.16 0.39 0)
(0.165 0.39 0)
(0.17 0.39 0)
(0.175 0.39 0)
(0.18 0.39 0)
(0.185 0.39 0)
(0.19 0.39 0)
(0.195 0.39 0)
(0.2 0.39 0)
(0.205 0.39 0)
(0.21 0.39 0)
(0.215 0.39 0)
(0.22 0.39 0)
(0.225 0.39 0)
(0.23 0.39 0)
(0.235 0.39 0)
(0.24 0.39 0)
(0.245 0.39 0)
(0.25 0.39 0)
(0.155 0.4 0)
(0.16 0.4 0)
(0.165 0.4 0)
(0.17 0.4 0)
(0.175 0.4 0)
(0.18 0.4 0)
(0.185 0.4 0)
(0.19 0.4 0)
(0.195 0.4 0)
(0.2 0.4 0)
(0.205 0.4 0)
(0.21 0.4 0)
(0.215 0.4 0)
(0.22 0.4 0)
(0.225 0.4 0)
(0.23 0.4 0)
(0.235 0.4 0)
(0.24 0.4 0)
(0.245 0.4 0)
(0.25 0.4 0)
(0.155 0.41 0)
(0.16 0.41 0)
(0.165 0.41 0)
(0.17 0.41 0)
(0.175 0.41 0)
(0.18 0.41 0)
(0.185 0.41 0)
(0.19 0.41 0)
(0.195 0.41 0)
(0.2 0.41 0)
(0.205 0.41 0)
(0.21 0.41 0)
(0.215 0.41 0)
(0.22 0.41 0)
(0.225 0.41 0)
(0.23 0.41 0)
(0.235 0.41 0)
(0.24 0.41 0)
(0.245 0.41 0)
(0.25 0.41 0)
(0.155 0.26 0.01)
(0.16 0.26 0.01)
(0.165 0.26 0.01)
(0.17 0.26 0.01)
(0.175 0.26 0.01)
(0.18 0.26 0.01)
(0.185 0.26 0.01)
(0.19 0.26 0.01)
(0.195 0.26 0.01)
(0.2 0.26 0.01)
(0.205 0.26 0.01)
(0.21 0.26 0.01)
(0.215 0.26 0.01)
(0.22 0.26 0.01)
(0.225 0.26 0.01)
(0.23 0.26 0.01)
(0.235 0.26 0.01)
(0.24 0.26 0.01)
(0.245 0.26 0.01)
(0.25 0.26 0.01)
(0.155 0.27 0.01)
(0.16 0.27 0.01)
(0.165 0.27 0.01)
(0.17 0.27 0.01)
(0.175 0.27 0.01)
(0.18 0.27 0.01)
(0.185 0.27 0.01)
(0.19 0.27 0.01)
(0.195 0.27 0.01)
(0.2 0.27 0.01)
(0.205 0.27 0.01)
(0.21 0.27 0.01)
(0.215 0.27 0.01)
(0.22 0.27 0.01)
(0.225 0.27 0.01)
(0.23 0.27 0.01)
(0.235 0.27 0.01)
(0.24 0.27 0.01)
(0.245 0.27 0.01)
(0.25 0.27 0.01)
(0.155 0.28 0.01)
(0.16 0.28 0.01)
(0.165 0.28 0.01)
(0.17 0.28 0.01)
(0.175 0.28 0.01)
(0.18 0.28 0.01)
(0.185 0.28 0.01)
(0.19 0.28 0.01)
(0.195 0.28 0.01)
(0.2 0.28 0.01)
(0.205 0.28 0.01)
(0.21 0.28 0.01)
(0.215 0.28 0.01)
(0.22 0.28 0.01)
(0.225 0.28 0.01)
(0.23 0.28 0.01)
(0.235 0.28 0.01)
(0.24 0.28 0.01)
(0.245 0.28 0.01)
(0.25 0.28 0.01)
(0.155 0.29 0.01)
(0.16 0.29 0.01)
(0.165 0.29 0.01)
(0.17 0.29 0.01)
(0.175 0.29 0.01)
(0.18 0.29 0.01)
(0.185 0.29 0.01)
(0.19 0.29 0.01)
(0.195 0.29 0.01)
(0.2 0.29 0.01)
(0.205 0.29 0.01)
(0.21 0.29 0.01)
(0.215 0.29 0.01)
(0.22 0.29 0.01)
(0.225 0.29 0.01)
(0.23 0.29 0.01)
(0.235 0.29 0.01)
(0.24 0.29 0.01)
(0.245 0.29 0.01)
(0.25 0.29 0.01)
(0.155 0.3 0.01)
(0.16 0.3 0.01)
(0.165 0.3 0.01)
(0.17 0.3 0.01)
(0.175 0.3 0.01)
(0.18 0.3 0.01)
(0.185 0.3 0.01)
(0.19 0.3 0.01)
(0.195 0.3 0.01)
(0.2 0.3 0.01)
(0.205 0.3 0.01)
(0.21 0.3 0.01)
(0.215 0.3 0.01)
(0.22 0.3 0.01)
(0.225 0.3 0.01)
(0.23 0.3 0.01)
(0.235 0.3 0.01)
(0.24 0.3 0.01)
(0.245 0.3 0.01)
(0.25 0.3 0.01)
(0.155 0.31 0.01)
(0.16 0.31 0.01)
(0.165 0.31 0.01)
(0.17 0.31 0.01)
(0.175 0.31 0.01)
(0.18 0.31 0.01)
(0.185 0.31 0.01)
(0.19 0.31 0.01)
(0.195 0.31 0.01)
(0.2 0.31 0.01)
(0.205 0.31 0.01)
(0.21 0.31 0.01)
(0.215 0.31 0.01)
(0.22 0.31 0.01)
(0.225 0.31 0.01)
(0.23 0.31 0.01)
(0.235 0.31 0.01)
(0.24 0.31 0.01)
(0.245 0.31 0.01)
(0.25 0.31 0.01)
(0.155 0.32 0.01)
(0.16 0.32 0.01)
(0.165 0.32 0.01)
(0.17 0.32 0.01)
(0.175 0.32 0.01)
(0.18 0.32 0.01)
(0.185 0.32 0.01)
(0.19 0.32 0.01)
(0.195 0.32 0.01)
(0.2 0.32 0.01)
(0.205 0.32 0.01)
(0.21 0.32 0.01)
(0.215 0.32 0.01)
(0.22 0.32 0.01)
(0.225 0.32 0.01)
(0.23 0.32 0.01)
(0.235 0.32 0.01)
(0.24 0.32 0.01)
(0.245 0.32 0.01)
(0.25 0.32 0.01)
(0.155 0.33 0.01)
(0.16 0.33 0.01)
(0.165 0.33 0.01)
(0.17 0.33 0.01)
(0.175 0.33 0.01)
(0.18 0.33 0.01)
(0.185 0.33 0.01)
(0.19 0.33 0.01)
(0.195 0.33 0.01)
(0.2 0.33 0.01)
(0.205 0.33 0.01)
(0.21 0.33 0.01)
(0.215 0.33 0.01)
(0.22 0.33 0.01)
(0.225 0.33 0.01)
(0.23 0.33 0.01)
(0.235 0.33 0.01)
(0.24 0.33 0.01)
(0.245 0.33 0.01)
(0.25 0.33 0.01)
(0.155 0.34 0.01)
(0.16 0.34 0.01)
(0.165 0.34 0.01)
(0.17 0.34 0.01)
(0.175 0.34 0.01)
(0.18 0.34 0.01)
(0.185 0.34 0.01)
(0.19 0.34 0.01)
(0.195 0.34 0.01)
(0.2 0.34 0.01)
(0.205 0.34 0.01)
(0.21 0.34 0.01)
(0.215 0.34 0.01)
(0.22 0.34 0.01)
(0.225 0.34 0.01)
(0.23 0.34 0.01)
(0.235 0.34 0.01)
(0.24 0.34 0.01)
(0.245 0.34 0.01)
(0.25 0.34 0.01)
(0.155 0.35 0.01)
(0.16 0.35 0.01)
(0.165 0.35 0.01)
(0.17 0.35 0.01)
(0.175 0.35 0.01)
(0.18 0.35 0.01)
(0.185 0.35 0.01)
(0.19 0.35 0.01)
(0.195 0.35 0.01)
(0.2 0.35 0.01)
(0.205 0.35 0.01)
(0.21 0.35 0.01)
(0.215 0.35 0.01)
(0.22 0.35 0.01)
(0.225 0.35 0.01)
(0.23 0.35 0.01)
(0.235 0.35 0.01)
(0.24 0.35 0.01)
(0.245 0.35 0.01)
(0.25 0.35 0.01)
(0.155 0.36 0.01)
(0.16 0.36 0.01)
(0.165 0.36 0.01)
(0.17 0.36 0.01)
(0.175 0.36 0.01)
(0.18 0.36 0.01)
(0.185 0.36 0.01)
(0.19 0.36 0.01)
(0.195 0.36 0.01)
(0.2 0.36 0.01)
(0.205 0.36 0.01)
(0.21 0.36 0.01)
(0.215 0.36 0.01)
(0.22 0.36 0.01)
(0.225 0.36 0.01)
(0.23 0.36 0.01)
(0.235 0.36 0.01)
(0.24 0.36 0.01)
(0.245 0.36 0.01)
(0.25 0.36 0.01)
(0.155 0.37 0.01)
(0.16 0.37 0.01)
(0.165 0.37 0.01)
(0.17 0.37 0.01)
(0.175 0.37 0.01)
(0.18 0.37 0.01)
(0.185 0.37 0.01)
(0.19 0.37 0.01)
(0.195 0.37 0.01)
(0.2 0.37 0.01)
(0.205 0.37 0.01)
(0.21 0.37 0.01)
(0.215 0.37 0.01)
(0.22 0.37 0.01)
(0.225 0.37 0.01)
(0.23 0.37 0.01)
(0.235 0.37 0.01)
(0.24 0.37 0.01)
(0.245 0.37 0.01)
(0.25 0.37 0.01)
(0.155 0.38 0.01)
(0.16 0.38 0.01)
(0.165 0.38 0.01)
(0.17 0.38 0.01)
(0.175 0.38 0.01)
(0.18 0.38 0.01)
(0.185 0.38 0.01)
(0.19 0.38 0.01)
(0.195 0.38 0.01)
(0.2 0.38 0.01)
(0.205 0.38 0.01)
(0.21 0.38 0.01)
(0.215 0.38 0.01)
(0.22 0.38 0.01)
(0.225 0.38 0.01)
(0.23 0.38 0.01)
(0.235 0.38 0.01)
(0.24 0.38 0.01)
(0.245 0.38 0.01)
(0.25 0.38 0.01)
(0.155 0.39 0.01)
(0.16 0.39 0.01)
(0.165 0.39 0.01)
(0.17 0.39 0.01)
(0.175 0.39 0.01)
(0.18 0.39 0.01)
(0.185 0.39 0.01)
(0.19 0.39 0.01)
(0.195 0.39 0.01)
(0.2 0.39 0.01)
(0.205 0.39 0.01)
(0.21 0.39 0.01)
(0.215 0.39 0.01)
(0.22 0.39 0.01)
(0.225 0.39 0.01)
(0.23 0.39 0.01)
(0.235 0.39 0.01)
(0.24 0.39 0.01)
(0.245 0.39 0.01)
(0.25 0.39 0.01)
(0.155 0.4 0.01)
(0.16 0.4 0.01)
(0.165 0.4 0.01)
(0.17 0.4 0.01)
(0.175 0.4 0.01)
(0.18 0.4 0.01)
(0.185 0.4 0.01)
(0.19 0.4 0.01)
(0.195 0.4 0.01)
(0.2 0.4 0.01)
(0.205 0.4 0.01)
(0.21 0.4 0.01)
(0.215 0.4 0.01)
(0.22 0.4 0.01)
(0.225 0.4 0.01)
(0.23 0.4 0.01)
(0.235 0.4 0.01)
(0.24 0.4 0.01)
(0.245 0.4 0.01)
(0.25 0.4 0.01)
(0.155 0.41 0.01)
(0.16 0.41 0.01)
(0.165 0.41 0.01)
(0.17 0.41 0.01)
(0.175 0.41 0.01)
(0.18 0.41 0.01)
(0.185 0.41 0.01)
(0.19 0.41 0.01)
(0.195 0.41 0.01)
(0.2 0.41 0.01)
(0.205 0.41 0.01)
(0.21 0.41 0.01)
(0.215 0.41 0.01)
(0.22 0.41 0.01)
(0.225 0.41 0.01)
(0.23 0.41 0.01)
(0.235 0.41 0.01)
(0.24 0.41 0.01)
(0.245 0.41 0.01)
(0.25 0.41 0.01)
(0.2625 0.26 0)
(0.275 0.26 0)
(0.2875 0.26 0)
(0.3 0.26 0)
(0.3125 0.26 0)
(0.325 0.26 0)
(0.3375 0.26 0)
(0.35 0.26 0)
(0.3625 0.26 0)
(0.375 0.26 0)
(0.3875 0.26 0)
(0.4 0.26 0)
(0.4125 0.26 0)
(0.425 0.26 0)
(0.4375 0.26 0)
(0.45 0.26 0)
(0.4625 0.26 0)
(0.475 0.26 0)
(0.4875 0.26 0)
(0.5 0.26 0)
(0.5125 0.26 0)
(0.525 0.26 0)
(0.5375 0.26 0)
(0.55 0.26 0)
(0.5625 0.26 0)
(0.575 0.26 0)
(0.5875 0.26 0)
(0.6 0.26 0)
(0.6125 0.26 0)
(0.625 0.26 0)
(0.6375 0.26 0)
(0.65 0.26 0)
(0.6625 0.26 0)
(0.675 0.26 0)
(0.6875 0.26 0)
(0.7 0.26 0)
(0.7125 0.26 0)
(0.725 0.26 0)
(0.7375 0.26 0)
(0.75 0.26 0)
(0.7625 0.26 0)
(0.775 0.26 0)
(0.7875 0.26 0)
(0.8 0.26 0)
(0.8125 0.26 0)
(0.825 0.26 0)
(0.8375 0.26 0)
(0.85 0.26 0)
(0.8625 0.26 0)
(0.875 0.26 0)
(0.8875 0.26 0)
(0.9 0.26 0)
(0.9125 0.26 0)
(0.925 0.26 0)
(0.9375 0.26 0)
(0.95 0.26 0)
(0.9625 0.26 0)
(0.975 0.26 0)
(0.9875 0.26 0)
(1 0.26 0)
(1.0125 0.26 0)
(1.025 0.26 0)
(1.0375 0.26 0)
(1.05 0.26 0)
(1.0625 0.26 0)
(1.075 0.26 0)
(1.0875 0.26 0)
(1.1 0.26 0)
(1.1125 0.26 0)
(1.125 0.26 0)
(1.1375 0.26 0)
(1.15 0.26 0)
(1.1625 0.26 0)
(1.175 0.26 0)
(1.1875 0.26 0)
(1.2 0.26 0)
(1.2125 0.26 0)
(1.225 0.26 0)
(1.2375 0.26 0)
(1.25 0.26 0)
(1.2625 0.26 0)
(1.275 0.26 0)
(1.2875 0.26 0)
(1.3 0.26 0)
(1.3125 0.26 0)
(1.325 0.26 0)
(1.3375 0.26 0)
(1.35 0.26 0)
(1.3625 0.26 0)
(1.375 0.26 0)
(1.3875 0.26 0)
(1.4 0.26 0)
(1.4125 0.26 0)
(1.425 0.26 0)
(1.4375 0.26 0)
(1.45 0.26 0)
(1.4625 0.26 0)
(1.475 0.26 0)
(1.4875 0.26 0)
(1.5 0.26 0)
(1.5125 0.26 0)
(1.525 0.26 0)
(1.5375 0.26 0)
(1.55 0.26 0)
(1.5625 0.26 0)
(1.575 0.26 0)
(1.5875 0.26 0)
(1.6 0.26 0)
(1.6125 0.26 0)
(1.625 0.26 0)
(1.6375 0.26 0)
(1.65 0.26 0)
(1.6625 0.26 0)
(1.675 0.26 0)
(1.6875 0.26 0)
(1.7 0.26 0)
(1.7125 0.26 0)
(1.725 0.26 0)
(1.7375 0.26 0)
(1.75 0.26 0)
(1.7625 0.26 0)
(1.775 0.26 0)
(1.7875 0.26 0)
(1.8 0.26 0)
(1.8125 0.26 0)
(1.825 0.26 0)
(1.8375 0.26 0)
(1.85 0.26 0)
(1.8625 0.26 0)
(1.875 0.26 0)
(1.8875 0.26 0)
(1.9 0.26 0)
(1.9125 0.26 0)
(1.925 0.26 0)
(1.9375 0.26 0)
(1.95 0.26 0)
(1.9625 0.26 0)
(1.975 0.26 0)
(1.9875 0.26 0)
(2 0.26 0)
(2.0125 0.26 0)
(2.025 0.26 0)
(2.0375 0.26 0)
(2.05 0.26 0)
(2.0625 0.26 0)
(2.075 0.26 0)
(2.0875 0.26 0)
(2.1 0.26 0)
(2.1125 0.26 0)
(2.125 0.26 0)
(2.1375 0.26 0)
(2.15 0.26 0)
(2.1625 0.26 0)
(2.175 0.26 0)
(2.1875 0.26 0)
(2.2 0.26 0)
(2.2125 0.26 0)
(2.225 0.26 0)
(2.2375 0.26 0)
(2.25 0.26 0)
(2.2625 0.26 0)
(2.275 0.26 0)
(2.2875 0.26 0)
(2.3 0.26 0)
(2.3125 0.26 0)
(2.325 0.26 0)
(2.3375 0.26 0)
(2.35 0.26 0)
(2.3625 0.26 0)
(2.375 0.26 0)
(2.3875 0.26 0)
(2.4 0.26 0)
(2.4125 0.26 0)
(2.425 0.26 0)
(2.4375 0.26 0)
(2.45 0.26 0)
(2.4625 0.26 0)
(2.475 0.26 0)
(2.4875 0.26 0)
(2.5 0.26 0)
(0.2625 0.27 0)
(0.275 0.27 0)
(0.2875 0.27 0)
(0.3 0.27 0)
(0.3125 0.27 0)
(0.325 0.27 0)
(0.3375 0.27 0)
(0.35 0.27 0)
(0.3625 0.27 0)
(0.375 0.27 0)
(0.3875 0.27 0)
(0.4 0.27 0)
(0.4125 0.27 0)
(0.425 0.27 0)
(0.4375 0.27 0)
(0.45 0.27 0)
(0.4625 0.27 0)
(0.475 0.27 0)
(0.4875 0.27 0)
(0.5 0.27 0)
(0.5125 0.27 0)
(0.525 0.27 0)
(0.5375 0.27 0)
(0.55 0.27 0)
(0.5625 0.27 0)
(0.575 0.27 0)
(0.5875 0.27 0)
(0.6 0.27 0)
(0.6125 0.27 0)
(0.625 0.27 0)
(0.6375 0.27 0)
(0.65 0.27 0)
(0.6625 0.27 0)
(0.675 0.27 0)
(0.6875 0.27 0)
(0.7 0.27 0)
(0.7125 0.27 0)
(0.725 0.27 0)
(0.7375 0.27 0)
(0.75 0.27 0)
(0.7625 0.27 0)
(0.775 0.27 0)
(0.7875 0.27 0)
(0.8 0.27 0)
(0.8125 0.27 0)
(0.825 0.27 0)
(0.8375 0.27 0)
(0.85 0.27 0)
(0.8625 0.27 0)
(0.875 0.27 0)
(0.8875 0.27 0)
(0.9 0.27 0)
(0.9125 0.27 0)
(0.925 0.27 0)
(0.9375 0.27 0)
(0.95 0.27 0)
(0.9625 0.27 0)
(0.975 0.27 0)
(0.9875 0.27 0)
(1 0.27 0)
(1.0125 0.27 0)
(1.025 0.27 0)
(1.0375 0.27 0)
(1.05 0.27 0)
(1.0625 0.27 0)
(1.075 0.27 0)
(1.0875 0.27 0)
(1.1 0.27 0)
(1.1125 0.27 0)
(1.125 0.27 0)
(1.1375 0.27 0)
(1.15 0.27 0)
(1.1625 0.27 0)
(1.175 0.27 0)
(1.1875 0.27 0)
(1.2 0.27 0)
(1.2125 0.27 0)
(1.225 0.27 0)
(1.2375 0.27 0)
(1.25 0.27 0)
(1.2625 0.27 0)
(1.275 0.27 0)
(1.2875 0.27 0)
(1.3 0.27 0)
(1.3125 0.27 0)
(1.325 0.27 0)
(1.3375 0.27 0)
(1.35 0.27 0)
(1.3625 0.27 0)
(1.375 0.27 0)
(1.3875 0.27 0)
(1.4 0.27 0)
(1.4125 0.27 0)
(1.425 0.27 0)
(1.4375 0.27 0)
(1.45 0.27 0)
(1.4625 0.27 0)
(1.475 0.27 0)
(1.4875 0.27 0)
(1.5 0.27 0)
(1.5125 0.27 0)
(1.525 0.27 0)
(1.5375 0.27 0)
(1.55 0.27 0)
(1.5625 0.27 0)
(1.575 0.27 0)
(1.5875 0.27 0)
(1.6 0.27 0)
(1.6125 0.27 0)
(1.625 0.27 0)
(1.6375 0.27 0)
(1.65 0.27 0)
(1.6625 0.27 0)
(1.675 0.27 0)
(1.6875 0.27 0)
(1.7 0.27 0)
(1.7125 0.27 0)
(1.725 0.27 0)
(1.7375 0.27 0)
(1.75 0.27 0)
(1.7625 0.27 0)
(1.775 0.27 0)
(1.7875 0.27 0)
(1.8 0.27 0)
(1.8125 0.27 0)
(1.825 0.27 0)
(1.8375 0.27 0)
(1.85 0.27 0)
(1.8625 0.27 0)
(1.875 0.27 0)
(1.8875 0.27 0)
(1.9 0.27 0)
(1.9125 0.27 0)
(1.925 0.27 0)
(1.9375 0.27 0)
(1.95 0.27 0)
(1.9625 0.27 0)
(1.975 0.27 0)
(1.9875 0.27 0)
(2 0.27 0)
(2.0125 0.27 0)
(2.025 0.27 0)
(2.0375 0.27 0)
(2.05 0.27 0)
(2.0625 0.27 0)
(2.075 0.27 0)
(2.0875 0.27 0)
(2.1 0.27 0)
(2.1125 0.27 0)
(2.125 0.27 0)
(2.1375 0.27 0)
(2.15 0.27 0)
(2.1625 0.27 0)
(2.175 0.27 0)
(2.1875 0.27 0)
(2.2 0.27 0)
(2.2125 0.27 0)
(2.225 0.27 0)
(2.2375 0.27 0)
(2.25 0.27 0)
(2.2625 0.27 0)
(2.275 0.27 0)
(2.2875 0.27 0)
(2.3 0.27 0)
(2.3125 0.27 0)
(2.325 0.27 0)
(2.3375 0.27 0)
(2.35 0.27 0)
(2.3625 0.27 0)
(2.375 0.27 0)
(2.3875 0.27 0)
(2.4 0.27 0)
(2.4125 0.27 0)
(2.425 0.27 0)
(2.4375 0.27 0)
(2.45 0.27 0)
(2.4625 0.27 0)
(2.475 0.27 0)
(2.4875 0.27 0)
(2.5 0.27 0)
(0.2625 0.28 0)
(0.275 0.28 0)
(0.2875 0.28 0)
(0.3 0.28 0)
(0.3125 0.28 0)
(0.325 0.28 0)
(0.3375 0.28 0)
(0.35 0.28 0)
(0.3625 0.28 0)
(0.375 0.28 0)
(0.3875 0.28 0)
(0.4 0.28 0)
(0.4125 0.28 0)
(0.425 0.28 0)
(0.4375 0.28 0)
(0.45 0.28 0)
(0.4625 0.28 0)
(0.475 0.28 0)
(0.4875 0.28 0)
(0.5 0.28 0)
(0.5125 0.28 0)
(0.525 0.28 0)
(0.5375 0.28 0)
(0.55 0.28 0)
(0.5625 0.28 0)
(0.575 0.28 0)
(0.5875 0.28 0)
(0.6 0.28 0)
(0.6125 0.28 0)
(0.625 0.28 0)
(0.6375 0.28 0)
(0.65 0.28 0)
(0.6625 0.28 0)
(0.675 0.28 0)
(0.6875 0.28 0)
(0.7 0.28 0)
(0.7125 0.28 0)
(0.725 0.28 0)
(0.7375 0.28 0)
(0.75 0.28 0)
(0.7625 0.28 0)
(0.775 0.28 0)
(0.7875 0.28 0)
(0.8 0.28 0)
(0.8125 0.28 0)
(0.825 0.28 0)
(0.8375 0.28 0)
(0.85 0.28 0)
(0.8625 0.28 0)
(0.875 0.28 0)
(0.8875 0.28 0)
(0.9 0.28 0)
(0.9125 0.28 0)
(0.925 0.28 0)
(0.9375 0.28 0)
(0.95 0.28 0)
(0.9625 0.28 0)
(0.975 0.28 0)
(0.9875 0.28 0)
(1 0.28 0)
(1.0125 0.28 0)
(1.025 0.28 0)
(1.0375 0.28 0)
(1.05 0.28 0)
(1.0625 0.28 0)
(1.075 0.28 0)
(1.0875 0.28 0)
(1.1 0.28 0)
(1.1125 0.28 0)
(1.125 0.28 0)
(1.1375 0.28 0)
(1.15 0.28 0)
(1.1625 0.28 0)
(1.175 0.28 0)
(1.1875 0.28 0)
(1.2 0.28 0)
(1.2125 0.28 0)
(1.225 0.28 0)
(1.2375 0.28 0)
(1.25 0.28 0)
(1.2625 0.28 0)
(1.275 0.28 0)
(1.2875 0.28 0)
(1.3 0.28 0)
(1.3125 0.28 0)
(1.325 0.28 0)
(1.3375 0.28 0)
(1.35 0.28 0)
(1.3625 0.28 0)
(1.375 0.28 0)
(1.3875 0.28 0)
(1.4 0.28 0)
(1.4125 0.28 0)
(1.425 0.28 0)
(1.4375 0.28 0)
(1.45 0.28 0)
(1.4625 0.28 0)
(1.475 0.28 0)
(1.4875 0.28 0)
(1.5 0.28 0)
(1.5125 0.28 0)
(1.525 0.28 0)
(1.5375 0.28 0)
(1.55 0.28 0)
(1.5625 0.28 0)
(1.575 0.28 0)
(1.5875 0.28 0)
(1.6 0.28 0)
(1.6125 0.28 0)
(1.625 0.28 0)
(1.6375 0.28 0)
(1.65 0.28 0)
(1.6625 0.28 0)
(1.675 0.28 0)
(1.6875 0.28 0)
(1.7 0.28 0)
(1.7125 0.28 0)
(1.725 0.28 0)
(1.7375 0.28 0)
(1.75 0.28 0)
(1.7625 0.28 0)
(1.775 0.28 0)
(1.7875 0.28 0)
(1.8 0.28 0)
(1.8125 0.28 0)
(1.825 0.28 0)
(1.8375 0.28 0)
(1.85 0.28 0)
(1.8625 0.28 0)
(1.875 0.28 0)
(1.8875 0.28 0)
(1.9 0.28 0)
(1.9125 0.28 0)
(1.925 0.28 0)
(1.9375 0.28 0)
(1.95 0.28 0)
(1.9625 0.28 0)
(1.975 0.28 0)
(1.9875 0.28 0)
(2 0.28 0)
(2.0125 0.28 0)
(2.025 0.28 0)
(2.0375 0.28 0)
(2.05 0.28 0)
(2.0625 0.28 0)
(2.075 0.28 0)
(2.0875 0.28 0)
(2.1 0.28 0)
(2.1125 0.28 0)
(2.125 0.28 0)
(2.1375 0.28 0)
(2.15 0.28 0)
(2.1625 0.28 0)
(2.175 0.28 0)
(2.1875 0.28 0)
(2.2 0.28 0)
(2.2125 0.28 0)
(2.225 0.28 0)
(2.2375 0.28 0)
(2.25 0.28 0)
(2.2625 0.28 0)
(2.275 0.28 0)
(2.2875 0.28 0)
(2.3 0.28 0)
(2.3125 0.28 0)
(2.325 0.28 0)
(2.3375 0.28 0)
(2.35 0.28 0)
(2.3625 0.28 0)
(2.375 0.28 0)
(2.3875 0.28 0)
(2.4 0.28 0)
(2.4125 0.28 0)
(2.425 0.28 0)
(2.4375 0.28 0)
(2.45 0.28 0)
(2.4625 0.28 0)
(2.475 0.28 0)
(2.4875 0.28 0)
(2.5 0.28 0)
(0.2625 0.29 0)
(0.275 0.29 0)
(0.2875 0.29 0)
(0.3 0.29 0)
(0.3125 0.29 0)
(0.325 0.29 0)
(0.3375 0.29 0)
(0.35 0.29 0)
(0.3625 0.29 0)
(0.375 0.29 0)
(0.3875 0.29 0)
(0.4 0.29 0)
(0.4125 0.29 0)
(0.425 0.29 0)
(0.4375 0.29 0)
(0.45 0.29 0)
(0.4625 0.29 0)
(0.475 0.29 0)
(0.4875 0.29 0)
(0.5 0.29 0)
(0.5125 0.29 0)
(0.525 0.29 0)
(0.5375 0.29 0)
(0.55 0.29 0)
(0.5625 0.29 0)
(0.575 0.29 0)
(0.5875 0.29 0)
(0.6 0.29 0)
(0.6125 0.29 0)
(0.625 0.29 0)
(0.6375 0.29 0)
(0.65 0.29 0)
(0.6625 0.29 0)
(0.675 0.29 0)
(0.6875 0.29 0)
(0.7 0.29 0)
(0.7125 0.29 0)
(0.725 0.29 0)
(0.7375 0.29 0)
(0.75 0.29 0)
(0.7625 0.29 0)
(0.775 0.29 0)
(0.7875 0.29 0)
(0.8 0.29 0)
(0.8125 0.29 0)
(0.825 0.29 0)
(0.8375 0.29 0)
(0.85 0.29 0)
(0.8625 0.29 0)
(0.875 0.29 0)
(0.8875 0.29 0)
(0.9 0.29 0)
(0.9125 0.29 0)
(0.925 0.29 0)
(0.9375 0.29 0)
(0.95 0.29 0)
(0.9625 0.29 0)
(0.975 0.29 0)
(0.9875 0.29 0)
(1 0.29 0)
(1.0125 0.29 0)
(1.025 0.29 0)
(1.0375 0.29 0)
(1.05 0.29 0)
(1.0625 0.29 0)
(1.075 0.29 0)
(1.0875 0.29 0)
(1.1 0.29 0)
(1.1125 0.29 0)
(1.125 0.29 0)
(1.1375 0.29 0)
(1.15 0.29 0)
(1.1625 0.29 0)
(1.175 0.29 0)
(1.1875 0.29 0)
(1.2 0.29 0)
(1.2125 0.29 0)
(1.225 0.29 0)
(1.2375 0.29 0)
(1.25 0.29 0)
(1.2625 0.29 0)
(1.275 0.29 0)
(1.2875 0.29 0)
(1.3 0.29 0)
(1.3125 0.29 0)
(1.325 0.29 0)
(1.3375 0.29 0)
(1.35 0.29 0)
(1.3625 0.29 0)
(1.375 0.29 0)
(1.3875 0.29 0)
(1.4 0.29 0)
(1.4125 0.29 0)
(1.425 0.29 0)
(1.4375 0.29 0)
(1.45 0.29 0)
(1.4625 0.29 0)
(1.475 0.29 0)
(1.4875 0.29 0)
(1.5 0.29 0)
(1.5125 0.29 0)
(1.525 0.29 0)
(1.5375 0.29 0)
(1.55 0.29 0)
(1.5625 0.29 0)
(1.575 0.29 0)
(1.5875 0.29 0)
(1.6 0.29 0)
(1.6125 0.29 0)
(1.625 0.29 0)
(1.6375 0.29 0)
(1.65 0.29 0)
(1.6625 0.29 0)
(1.675 0.29 0)
(1.6875 0.29 0)
(1.7 0.29 0)
(1.7125 0.29 0)
(1.725 0.29 0)
(1.7375 0.29 0)
(1.75 0.29 0)
(1.7625 0.29 0)
(1.775 0.29 0)
(1.7875 0.29 0)
(1.8 0.29 0)
(1.8125 0.29 0)
(1.825 0.29 0)
(1.8375 0.29 0)
(1.85 0.29 0)
(1.8625 0.29 0)
(1.875 0.29 0)
(1.8875 0.29 0)
(1.9 0.29 0)
(1.9125 0.29 0)
(1.925 0.29 0)
(1.9375 0.29 0)
(1.95 0.29 0)
(1.9625 0.29 0)
(1.975 0.29 0)
(1.9875 0.29 0)
(2 0.29 0)
(2.0125 0.29 0)
(2.025 0.29 0)
(2.0375 0.29 0)
(2.05 0.29 0)
(2.0625 0.29 0)
(2.075 0.29 0)
(2.0875 0.29 0)
(2.1 0.29 0)
(2.1125 0.29 0)
(2.125 0.29 0)
(2.1375 0.29 0)
(2.15 0.29 0)
(2.1625 0.29 0)
(2.175 0.29 0)
(2.1875 0.29 0)
(2.2 0.29 0)
(2.2125 0.29 0)
(2.225 0.29 0)
(2.2375 0.29 0)
(2.25 0.29 0)
(2.2625 0.29 0)
(2.275 0.29 0)
(2.2875 0.29 0)
(2.3 0.29 0)
(2.3125 0.29 0)
(2.325 0.29 0)
(2.3375 0.29 0)
(2.35 0.29 0)
(2.3625 0.29 0)
(2.375 0.29 0)
(2.3875 0.29 0)
(2.4 0.29 0)
(2.4125 0.29 0)
(2.425 0.29 0)
(2.4375 0.29 0)
(2.45 0.29 0)
(2.4625 0.29 0)
(2.475 0.29 0)
(2.4875 0.29 0)
(2.5 0.29 0)
(0.2625 0.3 0)
(0.275 0.3 0)
(0.2875 0.3 0)
(0.3 0.3 0)
(0.3125 0.3 0)
(0.325 0.3 0)
(0.3375 0.3 0)
(0.35 0.3 0)
(0.3625 0.3 0)
(0.375 0.3 0)
(0.3875 0.3 0)
(0.4 0.3 0)
(0.4125 0.3 0)
(0.425 0.3 0)
(0.4375 0.3 0)
(0.45 0.3 0)
(0.4625 0.3 0)
(0.475 0.3 0)
(0.4875 0.3 0)
(0.5 0.3 0)
(0.5125 0.3 0)
(0.525 0.3 0)
(0.5375 0.3 0)
(0.55 0.3 0)
(0.5625 0.3 0)
(0.575 0.3 0)
(0.5875 0.3 0)
(0.6 0.3 0)
(0.6125 0.3 0)
(0.625 0.3 0)
(0.6375 0.3 0)
(0.65 0.3 0)
(0.6625 0.3 0)
(0.675 0.3 0)
(0.6875 0.3 0)
(0.7 0.3 0)
(0.7125 0.3 0)
(0.725 0.3 0)
(0.7375 0.3 0)
(0.75 0.3 0)
(0.7625 0.3 0)
(0.775 0.3 0)
(0.7875 0.3 0)
(0.8 0.3 0)
(0.8125 0.3 0)
(0.825 0.3 0)
(0.8375 0.3 0)
(0.85 0.3 0)
(0.8625 0.3 0)
(0.875 0.3 0)
(0.8875 0.3 0)
(0.9 0.3 0)
(0.9125 0.3 0)
(0.925 0.3 0)
(0.9375 0.3 0)
(0.95 0.3 0)
(0.9625 0.3 0)
(0.975 0.3 0)
(0.9875 0.3 0)
(1 0.3 0)
(1.0125 0.3 0)
(1.025 0.3 0)
(1.0375 0.3 0)
(1.05 0.3 0)
(1.0625 0.3 0)
(1.075 0.3 0)
(1.0875 0.3 0)
(1.1 0.3 0)
(1.1125 0.3 0)
(1.125 0.3 0)
(1.1375 0.3 0)
(1.15 0.3 0)
(1.1625 0.3 0)
(1.175 0.3 0)
(1.1875 0.3 0)
(1.2 0.3 0)
(1.2125 0.3 0)
(1.225 0.3 0)
(1.2375 0.3 0)
(1.25 0.3 0)
(1.2625 0.3 0)
(1.275 0.3 0)
(1.2875 0.3 0)
(1.3 0.3 0)
(1.3125 0.3 0)
(1.325 0.3 0)
(1.3375 0.3 0)
(1.35 0.3 0)
(1.3625 0.3 0)
(1.375 0.3 0)
(1.3875 0.3 0)
(1.4 0.3 0)
(1.4125 0.3 0)
(1.425 0.3 0)
(1.4375 0.3 0)
(1.45 0.3 0)
(1.4625 0.3 0)
(1.475 0.3 0)
(1.4875 0.3 0)
(1.5 0.3 0)
(1.5125 0.3 0)
(1.525 0.3 0)
(1.5375 0.3 0)
(1.55 0.3 0)
(1.5625 0.3 0)
(1.575 0.3 0)
(1.5875 0.3 0)
(1.6 0.3 0)
(1.6125 0.3 0)
(1.625 0.3 0)
(1.6375 0.3 0)
(1.65 0.3 0)
(1.6625 0.3 0)
(1.675 0.3 0)
(1.6875 0.3 0)
(1.7 0.3 0)
(1.7125 0.3 0)
(1.725 0.3 0)
(1.7375 0.3 0)
(1.75 0.3 0)
(1.7625 0.3 0)
(1.775 0.3 0)
(1.7875 0.3 0)
(1.8 0.3 0)
(1.8125 0.3 0)
(1.825 0.3 0)
(1.8375 0.3 0)
(1.85 0.3 0)
(1.8625 0.3 0)
(1.875 0.3 0)
(1.8875 0.3 0)
(1.9 0.3 0)
(1.9125 0.3 0)
(1.925 0.3 0)
(1.9375 0.3 0)
(1.95 0.3 0)
(1.9625 0.3 0)
(1.975 0.3 0)
(1.9875 0.3 0)
(2 0.3 0)
(2.0125 0.3 0)
(2.025 0.3 0)
(2.0375 0.3 0)
(2.05 0.3 0)
(2.0625 0.3 0)
(2.075 0.3 0)
(2.0875 0.3 0)
(2.1 0.3 0)
(2.1125 0.3 0)
(2.125 0.3 0)
(2.1375 0.3 0)
(2.15 0.3 0)
(2.1625 0.3 0)
(2.175 0.3 0)
(2.1875 0.3 0)
(2.2 0.3 0)
(2.2125 0.3 0)
(2.225 0.3 0)
(2.2375 0.3 0)
(2.25 0.3 0)
(2.2625 0.3 0)
(2.275 0.3 0)
(2.2875 0.3 0)
(2.3 0.3 0)
(2.3125 0.3 0)
(2.325 0.3 0)
(2.3375 0.3 0)
(2.35 0.3 0)
(2.3625 0.3 0)
(2.375 0.3 0)
(2.3875 0.3 0)
(2.4 0.3 0)
(2.4125 0.3 0)
(2.425 0.3 0)
(2.4375 0.3 0)
(2.45 0.3 0)
(2.4625 0.3 0)
(2.475 0.3 0)
(2.4875 0.3 0)
(2.5 0.3 0)
(0.2625 0.31 0)
(0.275 0.31 0)
(0.2875 0.31 0)
(0.3 0.31 0)
(0.3125 0.31 0)
(0.325 0.31 0)
(0.3375 0.31 0)
(0.35 0.31 0)
(0.3625 0.31 0)
(0.375 0.31 0)
(0.3875 0.31 0)
(0.4 0.31 0)
(0.4125 0.31 0)
(0.425 0.31 0)
(0.4375 0.31 0)
(0.45 0.31 0)
(0.4625 0.31 0)
(0.475 0.31 0)
(0.4875 0.31 0)
(0.5 0.31 0)
(0.5125 0.31 0)
(0.525 0.31 0)
(0.5375 0.31 0)
(0.55 0.31 0)
(0.5625 0.31 0)
(0.575 0.31 0)
(0.5875 0.31 0)
(0.6 0.31 0)
(0.6125 0.31 0)
(0.625 0.31 0)
(0.6375 0.31 0)
(0.65 0.31 0)
(0.6625 0.31 0)
(0.675 0.31 0)
(0.6875 0.31 0)
(0.7 0.31 0)
(0.7125 0.31 0)
(0.725 0.31 0)
(0.7375 0.31 0)
(0.75 0.31 0)
(0.7625 0.31 0)
(0.775 0.31 0)
(0.7875 0.31 0)
(0.8 0.31 0)
(0.8125 0.31 0)
(0.825 0.31 0)
(0.8375 0.31 0)
(0.85 0.31 0)
(0.8625 0.31 0)
(0.875 0.31 0)
(0.8875 0.31 0)
(0.9 0.31 0)
(0.9125 0.31 0)
(0.925 0.31 0)
(0.9375 0.31 0)
(0.95 0.31 0)
(0.9625 0.31 0)
(0.975 0.31 0)
(0.9875 0.31 0)
(1 0.31 0)
(1.0125 0.31 0)
(1.025 0.31 0)
(1.0375 0.31 0)
(1.05 0.31 0)
(1.0625 0.31 0)
(1.075 0.31 0)
(1.0875 0.31 0)
(1.1 0.31 0)
(1.1125 0.31 0)
(1.125 0.31 0)
(1.1375 0.31 0)
(1.15 0.31 0)
(1.1625 0.31 0)
(1.175 0.31 0)
(1.1875 0.31 0)
(1.2 0.31 0)
(1.2125 0.31 0)
(1.225 0.31 0)
(1.2375 0.31 0)
(1.25 0.31 0)
(1.2625 0.31 0)
(1.275 0.31 0)
(1.2875 0.31 0)
(1.3 0.31 0)
(1.3125 0.31 0)
(1.325 0.31 0)
(1.3375 0.31 0)
(1.35 0.31 0)
(1.3625 0.31 0)
(1.375 0.31 0)
(1.3875 0.31 0)
(1.4 0.31 0)
(1.4125 0.31 0)
(1.425 0.31 0)
(1.4375 0.31 0)
(1.45 0.31 0)
(1.4625 0.31 0)
(1.475 0.31 0)
(1.4875 0.31 0)
(1.5 0.31 0)
(1.5125 0.31 0)
(1.525 0.31 0)
(1.5375 0.31 0)
(1.55 0.31 0)
(1.5625 0.31 0)
(1.575 0.31 0)
(1.5875 0.31 0)
(1.6 0.31 0)
(1.6125 0.31 0)
(1.625 0.31 0)
(1.6375 0.31 0)
(1.65 0.31 0)
(1.6625 0.31 0)
(1.675 0.31 0)
(1.6875 0.31 0)
(1.7 0.31 0)
(1.7125 0.31 0)
(1.725 0.31 0)
(1.7375 0.31 0)
(1.75 0.31 0)
(1.7625 0.31 0)
(1.775 0.31 0)
(1.7875 0.31 0)
(1.8 0.31 0)
(1.8125 0.31 0)
(1.825 0.31 0)
(1.8375 0.31 0)
(1.85 0.31 0)
(1.8625 0.31 0)
(1.875 0.31 0)
(1.8875 0.31 0)
(1.9 0.31 0)
(1.9125 0.31 0)
(1.925 0.31 0)
(1.9375 0.31 0)
(1.95 0.31 0)
(1.9625 0.31 0)
(1.975 0.31 0)
(1.9875 0.31 0)
(2 0.31 0)
(2.0125 0.31 0)
(2.025 0.31 0)
(2.0375 0.31 0)
(2.05 0.31 0)
(2.0625 0.31 0)
(2.075 0.31 0)
(2.0875 0.31 0)
(2.1 0.31 0)
(2.1125 0.31 0)
(2.125 0.31 0)
(2.1375 0.31 0)
(2.15 0.31 0)
(2.1625 0.31 0)
(2.175 0.31 0)
(2.1875 0.31 0)
(2.2 0.31 0)
(2.2125 0.31 0)
(2.225 0.31 0)
(2.2375 0.31 0)
(2.25 0.31 0)
(2.2625 0.31 0)
(2.275 0.31 0)
(2.2875 0.31 0)
(2.3 0.31 0)
(2.3125 0.31 0)
(2.325 0.31 0)
(2.3375 0.31 0)
(2.35 0.31 0)
(2.3625 0.31 0)
(2.375 0.31 0)
(2.3875 0.31 0)
(2.4 0.31 0)
(2.4125 0.31 0)
(2.425 0.31 0)
(2.4375 0.31 0)
(2.45 0.31 0)
(2.4625 0.31 0)
(2.475 0.31 0)
(2.4875 0.31 0)
(2.5 0.31 0)
(0.2625 0.32 0)
(0.275 0.32 0)
(0.2875 0.32 0)
(0.3 0.32 0)
(0.3125 0.32 0)
(0.325 0.32 0)
(0.3375 0.32 0)
(0.35 0.32 0)
(0.3625 0.32 0)
(0.375 0.32 0)
(0.3875 0.32 0)
(0.4 0.32 0)
(0.4125 0.32 0)
(0.425 0.32 0)
(0.4375 0.32 0)
(0.45 0.32 0)
(0.4625 0.32 0)
(0.475 0.32 0)
(0.4875 0.32 0)
(0.5 0.32 0)
(0.5125 0.32 0)
(0.525 0.32 0)
(0.5375 0.32 0)
(0.55 0.32 0)
(0.5625 0.32 0)
(0.575 0.32 0)
(0.5875 0.32 0)
(0.6 0.32 0)
(0.6125 0.32 0)
(0.625 0.32 0)
(0.6375 0.32 0)
(0.65 0.32 0)
(0.6625 0.32 0)
(0.675 0.32 0)
(0.6875 0.32 0)
(0.7 0.32 0)
(0.7125 0.32 0)
(0.725 0.32 0)
(0.7375 0.32 0)
(0.75 0.32 0)
(0.7625 0.32 0)
(0.775 0.32 0)
(0.7875 0.32 0)
(0.8 0.32 0)
(0.8125 0.32 0)
(0.825 0.32 0)
(0.8375 0.32 0)
(0.85 0.32 0)
(0.8625 0.32 0)
(0.875 0.32 0)
(0.8875 0.32 0)
(0.9 0.32 0)
(0.9125 0.32 0)
(0.925 0.32 0)
(0.9375 0.32 0)
(0.95 0.32 0)
(0.9625 0.32 0)
(0.975 0.32 0)
(0.9875 0.32 0)
(1 0.32 0)
(1.0125 0.32 0)
(1.025 0.32 0)
(1.0375 0.32 0)
(1.05 0.32 0)
(1.0625 0.32 0)
(1.075 0.32 0)
(1.0875 0.32 0)
(1.1 0.32 0)
(1.1125 0.32 0)
(1.125 0.32 0)
(1.1375 0.32 0)
(1.15 0.32 0)
(1.1625 0.32 0)
(1.175 0.32 0)
(1.1875 0.32 0)
(1.2 0.32 0)
(1.2125 0.32 0)
(1.225 0.32 0)
(1.2375 0.32 0)
(1.25 0.32 0)
(1.2625 0.32 0)
(1.275 0.32 0)
(1.2875 0.32 0)
(1.3 0.32 0)
(1.3125 0.32 0)
(1.325 0.32 0)
(1.3375 0.32 0)
(1.35 0.32 0)
(1.3625 0.32 0)
(1.375 0.32 0)
(1.3875 0.32 0)
(1.4 0.32 0)
(1.4125 0.32 0)
(1.425 0.32 0)
(1.4375 0.32 0)
(1.45 0.32 0)
(1.4625 0.32 0)
(1.475 0.32 0)
(1.4875 0.32 0)
(1.5 0.32 0)
(1.5125 0.32 0)
(1.525 0.32 0)
(1.5375 0.32 0)
(1.55 0.32 0)
(1.5625 0.32 0)
(1.575 0.32 0)
(1.5875 0.32 0)
(1.6 0.32 0)
(1.6125 0.32 0)
(1.625 0.32 0)
(1.6375 0.32 0)
(1.65 0.32 0)
(1.6625 0.32 0)
(1.675 0.32 0)
(1.6875 0.32 0)
(1.7 0.32 0)
(1.7125 0.32 0)
(1.725 0.32 0)
(1.7375 0.32 0)
(1.75 0.32 0)
(1.7625 0.32 0)
(1.775 0.32 0)
(1.7875 0.32 0)
(1.8 0.32 0)
(1.8125 0.32 0)
(1.825 0.32 0)
(1.8375 0.32 0)
(1.85 0.32 0)
(1.8625 0.32 0)
(1.875 0.32 0)
(1.8875 0.32 0)
(1.9 0.32 0)
(1.9125 0.32 0)
(1.925 0.32 0)
(1.9375 0.32 0)
(1.95 0.32 0)
(1.9625 0.32 0)
(1.975 0.32 0)
(1.9875 0.32 0)
(2 0.32 0)
(2.0125 0.32 0)
(2.025 0.32 0)
(2.0375 0.32 0)
(2.05 0.32 0)
(2.0625 0.32 0)
(2.075 0.32 0)
(2.0875 0.32 0)
(2.1 0.32 0)
(2.1125 0.32 0)
(2.125 0.32 0)
(2.1375 0.32 0)
(2.15 0.32 0)
(2.1625 0.32 0)
(2.175 0.32 0)
(2.1875 0.32 0)
(2.2 0.32 0)
(2.2125 0.32 0)
(2.225 0.32 0)
(2.2375 0.32 0)
(2.25 0.32 0)
(2.2625 0.32 0)
(2.275 0.32 0)
(2.2875 0.32 0)
(2.3 0.32 0)
(2.3125 0.32 0)
(2.325 0.32 0)
(2.3375 0.32 0)
(2.35 0.32 0)
(2.3625 0.32 0)
(2.375 0.32 0)
(2.3875 0.32 0)
(2.4 0.32 0)
(2.4125 0.32 0)
(2.425 0.32 0)
(2.4375 0.32 0)
(2.45 0.32 0)
(2.4625 0.32 0)
(2.475 0.32 0)
(2.4875 0.32 0)
(2.5 0.32 0)
(0.2625 0.33 0)
(0.275 0.33 0)
(0.2875 0.33 0)
(0.3 0.33 0)
(0.3125 0.33 0)
(0.325 0.33 0)
(0.3375 0.33 0)
(0.35 0.33 0)
(0.3625 0.33 0)
(0.375 0.33 0)
(0.3875 0.33 0)
(0.4 0.33 0)
(0.4125 0.33 0)
(0.425 0.33 0)
(0.4375 0.33 0)
(0.45 0.33 0)
(0.4625 0.33 0)
(0.475 0.33 0)
(0.4875 0.33 0)
(0.5 0.33 0)
(0.5125 0.33 0)
(0.525 0.33 0)
(0.5375 0.33 0)
(0.55 0.33 0)
(0.5625 0.33 0)
(0.575 0.33 0)
(0.5875 0.33 0)
(0.6 0.33 0)
(0.6125 0.33 0)
(0.625 0.33 0)
(0.6375 0.33 0)
(0.65 0.33 0)
(0.6625 0.33 0)
(0.675 0.33 0)
(0.6875 0.33 0)
(0.7 0.33 0)
(0.7125 0.33 0)
(0.725 0.33 0)
(0.7375 0.33 0)
(0.75 0.33 0)
(0.7625 0.33 0)
(0.775 0.33 0)
(0.7875 0.33 0)
(0.8 0.33 0)
(0.8125 0.33 0)
(0.825 0.33 0)
(0.8375 0.33 0)
(0.85 0.33 0)
(0.8625 0.33 0)
(0.875 0.33 0)
(0.8875 0.33 0)
(0.9 0.33 0)
(0.9125 0.33 0)
(0.925 0.33 0)
(0.9375 0.33 0)
(0.95 0.33 0)
(0.9625 0.33 0)
(0.975 0.33 0)
(0.9875 0.33 0)
(1 0.33 0)
(1.0125 0.33 0)
(1.025 0.33 0)
(1.0375 0.33 0)
(1.05 0.33 0)
(1.0625 0.33 0)
(1.075 0.33 0)
(1.0875 0.33 0)
(1.1 0.33 0)
(1.1125 0.33 0)
(1.125 0.33 0)
(1.1375 0.33 0)
(1.15 0.33 0)
(1.1625 0.33 0)
(1.175 0.33 0)
(1.1875 0.33 0)
(1.2 0.33 0)
(1.2125 0.33 0)
(1.225 0.33 0)
(1.2375 0.33 0)
(1.25 0.33 0)
(1.2625 0.33 0)
(1.275 0.33 0)
(1.2875 0.33 0)
(1.3 0.33 0)
(1.3125 0.33 0)
(1.325 0.33 0)
(1.3375 0.33 0)
(1.35 0.33 0)
(1.3625 0.33 0)
(1.375 0.33 0)
(1.3875 0.33 0)
(1.4 0.33 0)
(1.4125 0.33 0)
(1.425 0.33 0)
(1.4375 0.33 0)
(1.45 0.33 0)
(1.4625 0.33 0)
(1.475 0.33 0)
(1.4875 0.33 0)
(1.5 0.33 0)
(1.5125 0.33 0)
(1.525 0.33 0)
(1.5375 0.33 0)
(1.55 0.33 0)
(1.5625 0.33 0)
(1.575 0.33 0)
(1.5875 0.33 0)
(1.6 0.33 0)
(1.6125 0.33 0)
(1.625 0.33 0)
(1.6375 0.33 0)
(1.65 0.33 0)
(1.6625 0.33 0)
(1.675 0.33 0)
(1.6875 0.33 0)
(1.7 0.33 0)
(1.7125 0.33 0)
(1.725 0.33 0)
(1.7375 0.33 0)
(1.75 0.33 0)
(1.7625 0.33 0)
(1.775 0.33 0)
(1.7875 0.33 0)
(1.8 0.33 0)
(1.8125 0.33 0)
(1.825 0.33 0)
(1.8375 0.33 0)
(1.85 0.33 0)
(1.8625 0.33 0)
(1.875 0.33 0)
(1.8875 0.33 0)
(1.9 0.33 0)
(1.9125 0.33 0)
(1.925 0.33 0)
(1.9375 0.33 0)
(1.95 0.33 0)
(1.9625 0.33 0)
(1.975 0.33 0)
(1.9875 0.33 0)
(2 0.33 0)
(2.0125 0.33 0)
(2.025 0.33 0)
(2.0375 0.33 0)
(2.05 0.33 0)
(2.0625 0.33 0)
(2.075 0.33 0)
(2.0875 0.33 0)
(2.1 0.33 0)
(2.1125 0.33 0)
(2.125 0.33 0)
(2.1375 0.33 0)
(2.15 0.33 0)
(2.1625 0.33 0)
(2.175 0.33 0)
(2.1875 0.33 0)
(2.2 0.33 0)
(2.2125 0.33 0)
(2.225 0.33 0)
(2.2375 0.33 0)
(2.25 0.33 0)
(2.2625 0.33 0)
(2.275 0.33 0)
(2.2875 0.33 0)
(2.3 0.33 0)
(2.3125 0.33 0)
(2.325 0.33 0)
(2.3375 0.33 0)
(2.35 0.33 0)
(2.3625 0.33 0)
(2.375 0.33 0)
(2.3875 0.33 0)
(2.4 0.33 0)
(2.4125 0.33 0)
(2.425 0.33 0)
(2.4375 0.33 0)
(2.45 0.33 0)
(2.4625 0.33 0)
(2.475 0.33 0)
(2.4875 0.33 0)
(2.5 0.33 0)
(0.2625 0.34 0)
(0.275 0.34 0)
(0.2875 0.34 0)
(0.3 0.34 0)
(0.3125 0.34 0)
(0.325 0.34 0)
(0.3375 0.34 0)
(0.35 0.34 0)
(0.3625 0.34 0)
(0.375 0.34 0)
(0.3875 0.34 0)
(0.4 0.34 0)
(0.4125 0.34 0)
(0.425 0.34 0)
(0.4375 0.34 0)
(0.45 0.34 0)
(0.4625 0.34 0)
(0.475 0.34 0)
(0.4875 0.34 0)
(0.5 0.34 0)
(0.5125 0.34 0)
(0.525 0.34 0)
(0.5375 0.34 0)
(0.55 0.34 0)
(0.5625 0.34 0)
(0.575 0.34 0)
(0.5875 0.34 0)
(0.6 0.34 0)
(0.6125 0.34 0)
(0.625 0.34 0)
(0.6375 0.34 0)
(0.65 0.34 0)
(0.6625 0.34 0)
(0.675 0.34 0)
(0.6875 0.34 0)
(0.7 0.34 0)
(0.7125 0.34 0)
(0.725 0.34 0)
(0.7375 0.34 0)
(0.75 0.34 0)
(0.7625 0.34 0)
(0.775 0.34 0)
(0.7875 0.34 0)
(0.8 0.34 0)
(0.8125 0.34 0)
(0.825 0.34 0)
(0.8375 0.34 0)
(0.85 0.34 0)
(0.8625 0.34 0)
(0.875 0.34 0)
(0.8875 0.34 0)
(0.9 0.34 0)
(0.9125 0.34 0)
(0.925 0.34 0)
(0.9375 0.34 0)
(0.95 0.34 0)
(0.9625 0.34 0)
(0.975 0.34 0)
(0.9875 0.34 0)
(1 0.34 0)
(1.0125 0.34 0)
(1.025 0.34 0)
(1.0375 0.34 0)
(1.05 0.34 0)
(1.0625 0.34 0)
(1.075 0.34 0)
(1.0875 0.34 0)
(1.1 0.34 0)
(1.1125 0.34 0)
(1.125 0.34 0)
(1.1375 0.34 0)
(1.15 0.34 0)
(1.1625 0.34 0)
(1.175 0.34 0)
(1.1875 0.34 0)
(1.2 0.34 0)
(1.2125 0.34 0)
(1.225 0.34 0)
(1.2375 0.34 0)
(1.25 0.34 0)
(1.2625 0.34 0)
(1.275 0.34 0)
(1.2875 0.34 0)
(1.3 0.34 0)
(1.3125 0.34 0)
(1.325 0.34 0)
(1.3375 0.34 0)
(1.35 0.34 0)
(1.3625 0.34 0)
(1.375 0.34 0)
(1.3875 0.34 0)
(1.4 0.34 0)
(1.4125 0.34 0)
(1.425 0.34 0)
(1.4375 0.34 0)
(1.45 0.34 0)
(1.4625 0.34 0)
(1.475 0.34 0)
(1.4875 0.34 0)
(1.5 0.34 0)
(1.5125 0.34 0)
(1.525 0.34 0)
(1.5375 0.34 0)
(1.55 0.34 0)
(1.5625 0.34 0)
(1.575 0.34 0)
(1.5875 0.34 0)
(1.6 0.34 0)
(1.6125 0.34 0)
(1.625 0.34 0)
(1.6375 0.34 0)
(1.65 0.34 0)
(1.6625 0.34 0)
(1.675 0.34 0)
(1.6875 0.34 0)
(1.7 0.34 0)
(1.7125 0.34 0)
(1.725 0.34 0)
(1.7375 0.34 0)
(1.75 0.34 0)
(1.7625 0.34 0)
(1.775 0.34 0)
(1.7875 0.34 0)
(1.8 0.34 0)
(1.8125 0.34 0)
(1.825 0.34 0)
(1.8375 0.34 0)
(1.85 0.34 0)
(1.8625 0.34 0)
(1.875 0.34 0)
(1.8875 0.34 0)
(1.9 0.34 0)
(1.9125 0.34 0)
(1.925 0.34 0)
(1.9375 0.34 0)
(1.95 0.34 0)
(1.9625 0.34 0)
(1.975 0.34 0)
(1.9875 0.34 0)
(2 0.34 0)
(2.0125 0.34 0)
(2.025 0.34 0)
(2.0375 0.34 0)
(2.05 0.34 0)
(2.0625 0.34 0)
(2.075 0.34 0)
(2.0875 0.34 0)
(2.1 0.34 0)
(2.1125 0.34 0)
(2.125 0.34 0)
(2.1375 0.34 0)
(2.15 0.34 0)
(2.1625 0.34 0)
(2.175 0.34 0)
(2.1875 0.34 0)
(2.2 0.34 0)
(2.2125 0.34 0)
(2.225 0.34 0)
(2.2375 0.34 0)
(2.25 0.34 0)
(2.2625 0.34 0)
(2.275 0.34 0)
(2.2875 0.34 0)
(2.3 0.34 0)
(2.3125 0.34 0)
(2.325 0.34 0)
(2.3375 0.34 0)
(2.35 0.34 0)
(2.3625 0.34 0)
(2.375 0.34 0)
(2.3875 0.34 0)
(2.4 0.34 0)
(2.4125 0.34 0)
(2.425 0.34 0)
(2.4375 0.34 0)
(2.45 0.34 0)
(2.4625 0.34 0)
(2.475 0.34 0)
(2.4875 0.34 0)
(2.5 0.34 0)
(0.2625 0.35 0)
(0.275 0.35 0)
(0.2875 0.35 0)
(0.3 0.35 0)
(0.3125 0.35 0)
(0.325 0.35 0)
(0.3375 0.35 0)
(0.35 0.35 0)
(0.3625 0.35 0)
(0.375 0.35 0)
(0.3875 0.35 0)
(0.4 0.35 0)
(0.4125 0.35 0)
(0.425 0.35 0)
(0.4375 0.35 0)
(0.45 0.35 0)
(0.4625 0.35 0)
(0.475 0.35 0)
(0.4875 0.35 0)
(0.5 0.35 0)
(0.5125 0.35 0)
(0.525 0.35 0)
(0.5375 0.35 0)
(0.55 0.35 0)
(0.5625 0.35 0)
(0.575 0.35 0)
(0.5875 0.35 0)
(0.6 0.35 0)
(0.6125 0.35 0)
(0.625 0.35 0)
(0.6375 0.35 0)
(0.65 0.35 0)
(0.6625 0.35 0)
(0.675 0.35 0)
(0.6875 0.35 0)
(0.7 0.35 0)
(0.7125 0.35 0)
(0.725 0.35 0)
(0.7375 0.35 0)
(0.75 0.35 0)
(0.7625 0.35 0)
(0.775 0.35 0)
(0.7875 0.35 0)
(0.8 0.35 0)
(0.8125 0.35 0)
(0.825 0.35 0)
(0.8375 0.35 0)
(0.85 0.35 0)
(0.8625 0.35 0)
(0.875 0.35 0)
(0.8875 0.35 0)
(0.9 0.35 0)
(0.9125 0.35 0)
(0.925 0.35 0)
(0.9375 0.35 0)
(0.95 0.35 0)
(0.9625 0.35 0)
(0.975 0.35 0)
(0.9875 0.35 0)
(1 0.35 0)
(1.0125 0.35 0)
(1.025 0.35 0)
(1.0375 0.35 0)
(1.05 0.35 0)
(1.0625 0.35 0)
(1.075 0.35 0)
(1.0875 0.35 0)
(1.1 0.35 0)
(1.1125 0.35 0)
(1.125 0.35 0)
(1.1375 0.35 0)
(1.15 0.35 0)
(1.1625 0.35 0)
(1.175 0.35 0)
(1.1875 0.35 0)
(1.2 0.35 0)
(1.2125 0.35 0)
(1.225 0.35 0)
(1.2375 0.35 0)
(1.25 0.35 0)
(1.2625 0.35 0)
(1.275 0.35 0)
(1.2875 0.35 0)
(1.3 0.35 0)
(1.3125 0.35 0)
(1.325 0.35 0)
(1.3375 0.35 0)
(1.35 0.35 0)
(1.3625 0.35 0)
(1.375 0.35 0)
(1.3875 0.35 0)
(1.4 0.35 0)
(1.4125 0.35 0)
(1.425 0.35 0)
(1.4375 0.35 0)
(1.45 0.35 0)
(1.4625 0.35 0)
(1.475 0.35 0)
(1.4875 0.35 0)
(1.5 0.35 0)
(1.5125 0.35 0)
(1.525 0.35 0)
(1.5375 0.35 0)
(1.55 0.35 0)
(1.5625 0.35 0)
(1.575 0.35 0)
(1.5875 0.35 0)
(1.6 0.35 0)
(1.6125 0.35 0)
(1.625 0.35 0)
(1.6375 0.35 0)
(1.65 0.35 0)
(1.6625 0.35 0)
(1.675 0.35 0)
(1.6875 0.35 0)
(1.7 0.35 0)
(1.7125 0.35 0)
(1.725 0.35 0)
(1.7375 0.35 0)
(1.75 0.35 0)
(1.7625 0.35 0)
(1.775 0.35 0)
(1.7875 0.35 0)
(1.8 0.35 0)
(1.8125 0.35 0)
(1.825 0.35 0)
(1.8375 0.35 0)
(1.85 0.35 0)
(1.8625 0.35 0)
(1.875 0.35 0)
(1.8875 0.35 0)
(1.9 0.35 0)
(1.9125 0.35 0)
(1.925 0.35 0)
(1.9375 0.35 0)
(1.95 0.35 0)
(1.9625 0.35 0)
(1.975 0.35 0)
(1.9875 0.35 0)
(2 0.35 0)
(2.0125 0.35 0)
(2.025 0.35 0)
(2.0375 0.35 0)
(2.05 0.35 0)
(2.0625 0.35 0)
(2.075 0.35 0)
(2.0875 0.35 0)
(2.1 0.35 0)
(2.1125 0.35 0)
(2.125 0.35 0)
(2.1375 0.35 0)
(2.15 0.35 0)
(2.1625 0.35 0)
(2.175 0.35 0)
(2.1875 0.35 0)
(2.2 0.35 0)
(2.2125 0.35 0)
(2.225 0.35 0)
(2.2375 0.35 0)
(2.25 0.35 0)
(2.2625 0.35 0)
(2.275 0.35 0)
(2.2875 0.35 0)
(2.3 0.35 0)
(2.3125 0.35 0)
(2.325 0.35 0)
(2.3375 0.35 0)
(2.35 0.35 0)
(2.3625 0.35 0)
(2.375 0.35 0)
(2.3875 0.35 0)
(2.4 0.35 0)
(2.4125 0.35 0)
(2.425 0.35 0)
(2.4375 0.35 0)
(2.45 0.35 0)
(2.4625 0.35 0)
(2.475 0.35 0)
(2.4875 0.35 0)
(2.5 0.35 0)
(0.2625 0.36 0)
(0.275 0.36 0)
(0.2875 0.36 0)
(0.3 0.36 0)
(0.3125 0.36 0)
(0.325 0.36 0)
(0.3375 0.36 0)
(0.35 0.36 0)
(0.3625 0.36 0)
(0.375 0.36 0)
(0.3875 0.36 0)
(0.4 0.36 0)
(0.4125 0.36 0)
(0.425 0.36 0)
(0.4375 0.36 0)
(0.45 0.36 0)
(0.4625 0.36 0)
(0.475 0.36 0)
(0.4875 0.36 0)
(0.5 0.36 0)
(0.5125 0.36 0)
(0.525 0.36 0)
(0.5375 0.36 0)
(0.55 0.36 0)
(0.5625 0.36 0)
(0.575 0.36 0)
(0.5875 0.36 0)
(0.6 0.36 0)
(0.6125 0.36 0)
(0.625 0.36 0)
(0.6375 0.36 0)
(0.65 0.36 0)
(0.6625 0.36 0)
(0.675 0.36 0)
(0.6875 0.36 0)
(0.7 0.36 0)
(0.7125 0.36 0)
(0.725 0.36 0)
(0.7375 0.36 0)
(0.75 0.36 0)
(0.7625 0.36 0)
(0.775 0.36 0)
(0.7875 0.36 0)
(0.8 0.36 0)
(0.8125 0.36 0)
(0.825 0.36 0)
(0.8375 0.36 0)
(0.85 0.36 0)
(0.8625 0.36 0)
(0.875 0.36 0)
(0.8875 0.36 0)
(0.9 0.36 0)
(0.9125 0.36 0)
(0.925 0.36 0)
(0.9375 0.36 0)
(0.95 0.36 0)
(0.9625 0.36 0)
(0.975 0.36 0)
(0.9875 0.36 0)
(1 0.36 0)
(1.0125 0.36 0)
(1.025 0.36 0)
(1.0375 0.36 0)
(1.05 0.36 0)
(1.0625 0.36 0)
(1.075 0.36 0)
(1.0875 0.36 0)
(1.1 0.36 0)
(1.1125 0.36 0)
(1.125 0.36 0)
(1.1375 0.36 0)
(1.15 0.36 0)
(1.1625 0.36 0)
(1.175 0.36 0)
(1.1875 0.36 0)
(1.2 0.36 0)
(1.2125 0.36 0)
(1.225 0.36 0)
(1.2375 0.36 0)
(1.25 0.36 0)
(1.2625 0.36 0)
(1.275 0.36 0)
(1.2875 0.36 0)
(1.3 0.36 0)
(1.3125 0.36 0)
(1.325 0.36 0)
(1.3375 0.36 0)
(1.35 0.36 0)
(1.3625 0.36 0)
(1.375 0.36 0)
(1.3875 0.36 0)
(1.4 0.36 0)
(1.4125 0.36 0)
(1.425 0.36 0)
(1.4375 0.36 0)
(1.45 0.36 0)
(1.4625 0.36 0)
(1.475 0.36 0)
(1.4875 0.36 0)
(1.5 0.36 0)
(1.5125 0.36 0)
(1.525 0.36 0)
(1.5375 0.36 0)
(1.55 0.36 0)
(1.5625 0.36 0)
(1.575 0.36 0)
(1.5875 0.36 0)
(1.6 0.36 0)
(1.6125 0.36 0)
(1.625 0.36 0)
(1.6375 0.36 0)
(1.65 0.36 0)
(1.6625 0.36 0)
(1.675 0.36 0)
(1.6875 0.36 0)
(1.7 0.36 0)
(1.7125 0.36 0)
(1.725 0.36 0)
(1.7375 0.36 0)
(1.75 0.36 0)
(1.7625 0.36 0)
(1.775 0.36 0)
(1.7875 0.36 0)
(1.8 0.36 0)
(1.8125 0.36 0)
(1.825 0.36 0)
(1.8375 0.36 0)
(1.85 0.36 0)
(1.8625 0.36 0)
(1.875 0.36 0)
(1.8875 0.36 0)
(1.9 0.36 0)
(1.9125 0.36 0)
(1.925 0.36 0)
(1.9375 0.36 0)
(1.95 0.36 0)
(1.9625 0.36 0)
(1.975 0.36 0)
(1.9875 0.36 0)
(2 0.36 0)
(2.0125 0.36 0)
(2.025 0.36 0)
(2.0375 0.36 0)
(2.05 0.36 0)
(2.0625 0.36 0)
(2.075 0.36 0)
(2.0875 0.36 0)
(2.1 0.36 0)
(2.1125 0.36 0)
(2.125 0.36 0)
(2.1375 0.36 0)
(2.15 0.36 0)
(2.1625 0.36 0)
(2.175 0.36 0)
(2.1875 0.36 0)
(2.2 0.36 0)
(2.2125 0.36 0)
(2.225 0.36 0)
(2.2375 0.36 0)
(2.25 0.36 0)
(2.2625 0.36 0)
(2.275 0.36 0)
(2.2875 0.36 0)
(2.3 0.36 0)
(2.3125 0.36 0)
(2.325 0.36 0)
(2.3375 0.36 0)
(2.35 0.36 0)
(2.3625 0.36 0)
(2.375 0.36 0)
(2.3875 0.36 0)
(2.4 0.36 0)
(2.4125 0.36 0)
(2.425 0.36 0)
(2.4375 0.36 0)
(2.45 0.36 0)
(2.4625 0.36 0)
(2.475 0.36 0)
(2.4875 0.36 0)
(2.5 0.36 0)
(0.2625 0.37 0)
(0.275 0.37 0)
(0.2875 0.37 0)
(0.3 0.37 0)
(0.3125 0.37 0)
(0.325 0.37 0)
(0.3375 0.37 0)
(0.35 0.37 0)
(0.3625 0.37 0)
(0.375 0.37 0)
(0.3875 0.37 0)
(0.4 0.37 0)
(0.4125 0.37 0)
(0.425 0.37 0)
(0.4375 0.37 0)
(0.45 0.37 0)
(0.4625 0.37 0)
(0.475 0.37 0)
(0.4875 0.37 0)
(0.5 0.37 0)
(0.5125 0.37 0)
(0.525 0.37 0)
(0.5375 0.37 0)
(0.55 0.37 0)
(0.5625 0.37 0)
(0.575 0.37 0)
(0.5875 0.37 0)
(0.6 0.37 0)
(0.6125 0.37 0)
(0.625 0.37 0)
(0.6375 0.37 0)
(0.65 0.37 0)
(0.6625 0.37 0)
(0.675 0.37 0)
(0.6875 0.37 0)
(0.7 0.37 0)
(0.7125 0.37 0)
(0.725 0.37 0)
(0.7375 0.37 0)
(0.75 0.37 0)
(0.7625 0.37 0)
(0.775 0.37 0)
(0.7875 0.37 0)
(0.8 0.37 0)
(0.8125 0.37 0)
(0.825 0.37 0)
(0.8375 0.37 0)
(0.85 0.37 0)
(0.8625 0.37 0)
(0.875 0.37 0)
(0.8875 0.37 0)
(0.9 0.37 0)
(0.9125 0.37 0)
(0.925 0.37 0)
(0.9375 0.37 0)
(0.95 0.37 0)
(0.9625 0.37 0)
(0.975 0.37 0)
(0.9875 0.37 0)
(1 0.37 0)
(1.0125 0.37 0)
(1.025 0.37 0)
(1.0375 0.37 0)
(1.05 0.37 0)
(1.0625 0.37 0)
(1.075 0.37 0)
(1.0875 0.37 0)
(1.1 0.37 0)
(1.1125 0.37 0)
(1.125 0.37 0)
(1.1375 0.37 0)
(1.15 0.37 0)
(1.1625 0.37 0)
(1.175 0.37 0)
(1.1875 0.37 0)
(1.2 0.37 0)
(1.2125 0.37 0)
(1.225 0.37 0)
(1.2375 0.37 0)
(1.25 0.37 0)
(1.2625 0.37 0)
(1.275 0.37 0)
(1.2875 0.37 0)
(1.3 0.37 0)
(1.3125 0.37 0)
(1.325 0.37 0)
(1.3375 0.37 0)
(1.35 0.37 0)
(1.3625 0.37 0)
(1.375 0.37 0)
(1.3875 0.37 0)
(1.4 0.37 0)
(1.4125 0.37 0)
(1.425 0.37 0)
(1.4375 0.37 0)
(1.45 0.37 0)
(1.4625 0.37 0)
(1.475 0.37 0)
(1.4875 0.37 0)
(1.5 0.37 0)
(1.5125 0.37 0)
(1.525 0.37 0)
(1.5375 0.37 0)
(1.55 0.37 0)
(1.5625 0.37 0)
(1.575 0.37 0)
(1.5875 0.37 0)
(1.6 0.37 0)
(1.6125 0.37 0)
(1.625 0.37 0)
(1.6375 0.37 0)
(1.65 0.37 0)
(1.6625 0.37 0)
(1.675 0.37 0)
(1.6875 0.37 0)
(1.7 0.37 0)
(1.7125 0.37 0)
(1.725 0.37 0)
(1.7375 0.37 0)
(1.75 0.37 0)
(1.7625 0.37 0)
(1.775 0.37 0)
(1.7875 0.37 0)
(1.8 0.37 0)
(1.8125 0.37 0)
(1.825 0.37 0)
(1.8375 0.37 0)
(1.85 0.37 0)
(1.8625 0.37 0)
(1.875 0.37 0)
(1.8875 0.37 0)
(1.9 0.37 0)
(1.9125 0.37 0)
(1.925 0.37 0)
(1.9375 0.37 0)
(1.95 0.37 0)
(1.9625 0.37 0)
(1.975 0.37 0)
(1.9875 0.37 0)
(2 0.37 0)
(2.0125 0.37 0)
(2.025 0.37 0)
(2.0375 0.37 0)
(2.05 0.37 0)
(2.0625 0.37 0)
(2.075 0.37 0)
(2.0875 0.37 0)
(2.1 0.37 0)
(2.1125 0.37 0)
(2.125 0.37 0)
(2.1375 0.37 0)
(2.15 0.37 0)
(2.1625 0.37 0)
(2.175 0.37 0)
(2.1875 0.37 0)
(2.2 0.37 0)
(2.2125 0.37 0)
(2.225 0.37 0)
(2.2375 0.37 0)
(2.25 0.37 0)
(2.2625 0.37 0)
(2.275 0.37 0)
(2.2875 0.37 0)
(2.3 0.37 0)
(2.3125 0.37 0)
(2.325 0.37 0)
(2.3375 0.37 0)
(2.35 0.37 0)
(2.3625 0.37 0)
(2.375 0.37 0)
(2.3875 0.37 0)
(2.4 0.37 0)
(2.4125 0.37 0)
(2.425 0.37 0)
(2.4375 0.37 0)
(2.45 0.37 0)
(2.4625 0.37 0)
(2.475 0.37 0)
(2.4875 0.37 0)
(2.5 0.37 0)
(0.2625 0.38 0)
(0.275 0.38 0)
(0.2875 0.38 0)
(0.3 0.38 0)
(0.3125 0.38 0)
(0.325 0.38 0)
(0.3375 0.38 0)
(0.35 0.38 0)
(0.3625 0.38 0)
(0.375 0.38 0)
(0.3875 0.38 0)
(0.4 0.38 0)
(0.4125 0.38 0)
(0.425 0.38 0)
(0.4375 0.38 0)
(0.45 0.38 0)
(0.4625 0.38 0)
(0.475 0.38 0)
(0.4875 0.38 0)
(0.5 0.38 0)
(0.5125 0.38 0)
(0.525 0.38 0)
(0.5375 0.38 0)
(0.55 0.38 0)
(0.5625 0.38 0)
(0.575 0.38 0)
(0.5875 0.38 0)
(0.6 0.38 0)
(0.6125 0.38 0)
(0.625 0.38 0)
(0.6375 0.38 0)
(0.65 0.38 0)
(0.6625 0.38 0)
(0.675 0.38 0)
(0.6875 0.38 0)
(0.7 0.38 0)
(0.7125 0.38 0)
(0.725 0.38 0)
(0.7375 0.38 0)
(0.75 0.38 0)
(0.7625 0.38 0)
(0.775 0.38 0)
(0.7875 0.38 0)
(0.8 0.38 0)
(0.8125 0.38 0)
(0.825 0.38 0)
(0.8375 0.38 0)
(0.85 0.38 0)
(0.8625 0.38 0)
(0.875 0.38 0)
(0.8875 0.38 0)
(0.9 0.38 0)
(0.9125 0.38 0)
(0.925 0.38 0)
(0.9375 0.38 0)
(0.95 0.38 0)
(0.9625 0.38 0)
(0.975 0.38 0)
(0.9875 0.38 0)
(1 0.38 0)
(1.0125 0.38 0)
(1.025 0.38 0)
(1.0375 0.38 0)
(1.05 0.38 0)
(1.0625 0.38 0)
(1.075 0.38 0)
(1.0875 0.38 0)
(1.1 0.38 0)
(1.1125 0.38 0)
(1.125 0.38 0)
(1.1375 0.38 0)
(1.15 0.38 0)
(1.1625 0.38 0)
(1.175 0.38 0)
(1.1875 0.38 0)
(1.2 0.38 0)
(1.2125 0.38 0)
(1.225 0.38 0)
(1.2375 0.38 0)
(1.25 0.38 0)
(1.2625 0.38 0)
(1.275 0.38 0)
(1.2875 0.38 0)
(1.3 0.38 0)
(1.3125 0.38 0)
(1.325 0.38 0)
(1.3375 0.38 0)
(1.35 0.38 0)
(1.3625 0.38 0)
(1.375 0.38 0)
(1.3875 0.38 0)
(1.4 0.38 0)
(1.4125 0.38 0)
(1.425 0.38 0)
(1.4375 0.38 0)
(1.45 0.38 0)
(1.4625 0.38 0)
(1.475 0.38 0)
(1.4875 0.38 0)
(1.5 0.38 0)
(1.5125 0.38 0)
(1.525 0.38 0)
(1.5375 0.38 0)
(1.55 0.38 0)
(1.5625 0.38 0)
(1.575 0.38 0)
(1.5875 0.38 0)
(1.6 0.38 0)
(1.6125 0.38 0)
(1.625 0.38 0)
(1.6375 0.38 0)
(1.65 0.38 0)
(1.6625 0.38 0)
(1.675 0.38 0)
(1.6875 0.38 0)
(1.7 0.38 0)
(1.7125 0.38 0)
(1.725 0.38 0)
(1.7375 0.38 0)
(1.75 0.38 0)
(1.7625 0.38 0)
(1.775 0.38 0)
(1.7875 0.38 0)
(1.8 0.38 0)
(1.8125 0.38 0)
(1.825 0.38 0)
(1.8375 0.38 0)
(1.85 0.38 0)
(1.8625 0.38 0)
(1.875 0.38 0)
(1.8875 0.38 0)
(1.9 0.38 0)
(1.9125 0.38 0)
(1.925 0.38 0)
(1.9375 0.38 0)
(1.95 0.38 0)
(1.9625 0.38 0)
(1.975 0.38 0)
(1.9875 0.38 0)
(2 0.38 0)
(2.0125 0.38 0)
(2.025 0.38 0)
(2.0375 0.38 0)
(2.05 0.38 0)
(2.0625 0.38 0)
(2.075 0.38 0)
(2.0875 0.38 0)
(2.1 0.38 0)
(2.1125 0.38 0)
(2.125 0.38 0)
(2.1375 0.38 0)
(2.15 0.38 0)
(2.1625 0.38 0)
(2.175 0.38 0)
(2.1875 0.38 0)
(2.2 0.38 0)
(2.2125 0.38 0)
(2.225 0.38 0)
(2.2375 0.38 0)
(2.25 0.38 0)
(2.2625 0.38 0)
(2.275 0.38 0)
(2.2875 0.38 0)
(2.3 0.38 0)
(2.3125 0.38 0)
(2.325 0.38 0)
(2.3375 0.38 0)
(2.35 0.38 0)
(2.3625 0.38 0)
(2.375 0.38 0)
(2.3875 0.38 0)
(2.4 0.38 0)
(2.4125 0.38 0)
(2.425 0.38 0)
(2.4375 0.38 0)
(2.45 0.38 0)
(2.4625 0.38 0)
(2.475 0.38 0)
(2.4875 0.38 0)
(2.5 0.38 0)
(0.2625 0.39 0)
(0.275 0.39 0)
(0.2875 0.39 0)
(0.3 0.39 0)
(0.3125 0.39 0)
(0.325 0.39 0)
(0.3375 0.39 0)
(0.35 0.39 0)
(0.3625 0.39 0)
(0.375 0.39 0)
(0.3875 0.39 0)
(0.4 0.39 0)
(0.4125 0.39 0)
(0.425 0.39 0)
(0.4375 0.39 0)
(0.45 0.39 0)
(0.4625 0.39 0)
(0.475 0.39 0)
(0.4875 0.39 0)
(0.5 0.39 0)
(0.5125 0.39 0)
(0.525 0.39 0)
(0.5375 0.39 0)
(0.55 0.39 0)
(0.5625 0.39 0)
(0.575 0.39 0)
(0.5875 0.39 0)
(0.6 0.39 0)
(0.6125 0.39 0)
(0.625 0.39 0)
(0.6375 0.39 0)
(0.65 0.39 0)
(0.6625 0.39 0)
(0.675 0.39 0)
(0.6875 0.39 0)
(0.7 0.39 0)
(0.7125 0.39 0)
(0.725 0.39 0)
(0.7375 0.39 0)
(0.75 0.39 0)
(0.7625 0.39 0)
(0.775 0.39 0)
(0.7875 0.39 0)
(0.8 0.39 0)
(0.8125 0.39 0)
(0.825 0.39 0)
(0.8375 0.39 0)
(0.85 0.39 0)
(0.8625 0.39 0)
(0.875 0.39 0)
(0.8875 0.39 0)
(0.9 0.39 0)
(0.9125 0.39 0)
(0.925 0.39 0)
(0.9375 0.39 0)
(0.95 0.39 0)
(0.9625 0.39 0)
(0.975 0.39 0)
(0.9875 0.39 0)
(1 0.39 0)
(1.0125 0.39 0)
(1.025 0.39 0)
(1.0375 0.39 0)
(1.05 0.39 0)
(1.0625 0.39 0)
(1.075 0.39 0)
(1.0875 0.39 0)
(1.1 0.39 0)
(1.1125 0.39 0)
(1.125 0.39 0)
(1.1375 0.39 0)
(1.15 0.39 0)
(1.1625 0.39 0)
(1.175 0.39 0)
(1.1875 0.39 0)
(1.2 0.39 0)
(1.2125 0.39 0)
(1.225 0.39 0)
(1.2375 0.39 0)
(1.25 0.39 0)
(1.2625 0.39 0)
(1.275 0.39 0)
(1.2875 0.39 0)
(1.3 0.39 0)
(1.3125 0.39 0)
(1.325 0.39 0)
(1.3375 0.39 0)
(1.35 0.39 0)
(1.3625 0.39 0)
(1.375 0.39 0)
(1.3875 0.39 0)
(1.4 0.39 0)
(1.4125 0.39 0)
(1.425 0.39 0)
(1.4375 0.39 0)
(1.45 0.39 0)
(1.4625 0.39 0)
(1.475 0.39 0)
(1.4875 0.39 0)
(1.5 0.39 0)
(1.5125 0.39 0)
(1.525 0.39 0)
(1.5375 0.39 0)
(1.55 0.39 0)
(1.5625 0.39 0)
(1.575 0.39 0)
(1.5875 0.39 0)
(1.6 0.39 0)
(1.6125 0.39 0)
(1.625 0.39 0)
(1.6375 0.39 0)
(1.65 0.39 0)
(1.6625 0.39 0)
(1.675 0.39 0)
(1.6875 0.39 0)
(1.7 0.39 0)
(1.7125 0.39 0)
(1.725 0.39 0)
(1.7375 0.39 0)
(1.75 0.39 0)
(1.7625 0.39 0)
(1.775 0.39 0)
(1.7875 0.39 0)
(1.8 0.39 0)
(1.8125 0.39 0)
(1.825 0.39 0)
(1.8375 0.39 0)
(1.85 0.39 0)
(1.8625 0.39 0)
(1.875 0.39 0)
(1.8875 0.39 0)
(1.9 0.39 0)
(1.9125 0.39 0)
(1.925 0.39 0)
(1.9375 0.39 0)
(1.95 0.39 0)
(1.9625 0.39 0)
(1.975 0.39 0)
(1.9875 0.39 0)
(2 0.39 0)
(2.0125 0.39 0)
(2.025 0.39 0)
(2.0375 0.39 0)
(2.05 0.39 0)
(2.0625 0.39 0)
(2.075 0.39 0)
(2.0875 0.39 0)
(2.1 0.39 0)
(2.1125 0.39 0)
(2.125 0.39 0)
(2.1375 0.39 0)
(2.15 0.39 0)
(2.1625 0.39 0)
(2.175 0.39 0)
(2.1875 0.39 0)
(2.2 0.39 0)
(2.2125 0.39 0)
(2.225 0.39 0)
(2.2375 0.39 0)
(2.25 0.39 0)
(2.2625 0.39 0)
(2.275 0.39 0)
(2.2875 0.39 0)
(2.3 0.39 0)
(2.3125 0.39 0)
(2.325 0.39 0)
(2.3375 0.39 0)
(2.35 0.39 0)
(2.3625 0.39 0)
(2.375 0.39 0)
(2.3875 0.39 0)
(2.4 0.39 0)
(2.4125 0.39 0)
(2.425 0.39 0)
(2.4375 0.39 0)
(2.45 0.39 0)
(2.4625 0.39 0)
(2.475 0.39 0)
(2.4875 0.39 0)
(2.5 0.39 0)
(0.2625 0.4 0)
(0.275 0.4 0)
(0.2875 0.4 0)
(0.3 0.4 0)
(0.3125 0.4 0)
(0.325 0.4 0)
(0.3375 0.4 0)
(0.35 0.4 0)
(0.3625 0.4 0)
(0.375 0.4 0)
(0.3875 0.4 0)
(0.4 0.4 0)
(0.4125 0.4 0)
(0.425 0.4 0)
(0.4375 0.4 0)
(0.45 0.4 0)
(0.4625 0.4 0)
(0.475 0.4 0)
(0.4875 0.4 0)
(0.5 0.4 0)
(0.5125 0.4 0)
(0.525 0.4 0)
(0.5375 0.4 0)
(0.55 0.4 0)
(0.5625 0.4 0)
(0.575 0.4 0)
(0.5875 0.4 0)
(0.6 0.4 0)
(0.6125 0.4 0)
(0.625 0.4 0)
(0.6375 0.4 0)
(0.65 0.4 0)
(0.6625 0.4 0)
(0.675 0.4 0)
(0.6875 0.4 0)
(0.7 0.4 0)
(0.7125 0.4 0)
(0.725 0.4 0)
(0.7375 0.4 0)
(0.75 0.4 0)
(0.7625 0.4 0)
(0.775 0.4 0)
(0.7875 0.4 0)
(0.8 0.4 0)
(0.8125 0.4 0)
(0.825 0.4 0)
(0.8375 0.4 0)
(0.85 0.4 0)
(0.8625 0.4 0)
(0.875 0.4 0)
(0.8875 0.4 0)
(0.9 0.4 0)
(0.9125 0.4 0)
(0.925 0.4 0)
(0.9375 0.4 0)
(0.95 0.4 0)
(0.9625 0.4 0)
(0.975 0.4 0)
(0.9875 0.4 0)
(1 0.4 0)
(1.0125 0.4 0)
(1.025 0.4 0)
(1.0375 0.4 0)
(1.05 0.4 0)
(1.0625 0.4 0)
(1.075 0.4 0)
(1.0875 0.4 0)
(1.1 0.4 0)
(1.1125 0.4 0)
(1.125 0.4 0)
(1.1375 0.4 0)
(1.15 0.4 0)
(1.1625 0.4 0)
(1.175 0.4 0)
(1.1875 0.4 0)
(1.2 0.4 0)
(1.2125 0.4 0)
(1.225 0.4 0)
(1.2375 0.4 0)
(1.25 0.4 0)
(1.2625 0.4 0)
(1.275 0.4 0)
(1.2875 0.4 0)
(1.3 0.4 0)
(1.3125 0.4 0)
(1.325 0.4 0)
(1.3375 0.4 0)
(1.35 0.4 0)
(1.3625 0.4 0)
(1.375 0.4 0)
(1.3875 0.4 0)
(1.4 0.4 0)
(1.4125 0.4 0)
(1.425 0.4 0)
(1.4375 0.4 0)
(1.45 0.4 0)
(1.4625 0.4 0)
(1.475 0.4 0)
(1.4875 0.4 0)
(1.5 0.4 0)
(1.5125 0.4 0)
(1.525 0.4 0)
(1.5375 0.4 0)
(1.55 0.4 0)
(1.5625 0.4 0)
(1.575 0.4 0)
(1.5875 0.4 0)
(1.6 0.4 0)
(1.6125 0.4 0)
(1.625 0.4 0)
(1.6375 0.4 0)
(1.65 0.4 0)
(1.6625 0.4 0)
(1.675 0.4 0)
(1.6875 0.4 0)
(1.7 0.4 0)
(1.7125 0.4 0)
(1.725 0.4 0)
(1.7375 0.4 0)
(1.75 0.4 0)
(1.7625 0.4 0)
(1.775 0.4 0)
(1.7875 0.4 0)
(1.8 0.4 0)
(1.8125 0.4 0)
(1.825 0.4 0)
(1.8375 0.4 0)
(1.85 0.4 0)
(1.8625 0.4 0)
(1.875 0.4 0)
(1.8875 0.4 0)
(1.9 0.4 0)
(1.9125 0.4 0)
(1.925 0.4 0)
(1.9375 0.4 0)
(1.95 0.4 0)
(1.9625 0.4 0)
(1.975 0.4 0)
(1.9875 0.4 0)
(2 0.4 0)
(2.0125 0.4 0)
(2.025 0.4 0)
(2.0375 0.4 0)
(2.05 0.4 0)
(2.0625 0.4 0)
(2.075 0.4 0)
(2.0875 0.4 0)
(2.1 0.4 0)
(2.1125 0.4 0)
(2.125 0.4 0)
(2.1375 0.4 0)
(2.15 0.4 0)
(2.1625 0.4 0)
(2.175 0.4 0)
(2.1875 0.4 0)
(2.2 0.4 0)
(2.2125 0.4 0)
(2.225 0.4 0)
(2.2375 0.4 0)
(2.25 0.4 0)
(2.2625 0.4 0)
(2.275 0.4 0)
(2.2875 0.4 0)
(2.3 0.4 0)
(2.3125 0.4 0)
(2.325 0.4 0)
(2.3375 0.4 0)
(2.35 0.4 0)
(2.3625 0.4 0)
(2.375 0.4 0)
(2.3875 0.4 0)
(2.4 0.4 0)
(2.4125 0.4 0)
(2.425 0.4 0)
(2.4375 0.4 0)
(2.45 0.4 0)
(2.4625 0.4 0)
(2.475 0.4 0)
(2.4875 0.4 0)
(2.5 0.4 0)
(0.2625 0.41 0)
(0.275 0.41 0)
(0.2875 0.41 0)
(0.3 0.41 0)
(0.3125 0.41 0)
(0.325 0.41 0)
(0.3375 0.41 0)
(0.35 0.41 0)
(0.3625 0.41 0)
(0.375 0.41 0)
(0.3875 0.41 0)
(0.4 0.41 0)
(0.4125 0.41 0)
(0.425 0.41 0)
(0.4375 0.41 0)
(0.45 0.41 0)
(0.4625 0.41 0)
(0.475 0.41 0)
(0.4875 0.41 0)
(0.5 0.41 0)
(0.5125 0.41 0)
(0.525 0.41 0)
(0.5375 0.41 0)
(0.55 0.41 0)
(0.5625 0.41 0)
(0.575 0.41 0)
(0.5875 0.41 0)
(0.6 0.41 0)
(0.6125 0.41 0)
(0.625 0.41 0)
(0.6375 0.41 0)
(0.65 0.41 0)
(0.6625 0.41 0)
(0.675 0.41 0)
(0.6875 0.41 0)
(0.7 0.41 0)
(0.7125 0.41 0)
(0.725 0.41 0)
(0.7375 0.41 0)
(0.75 0.41 0)
(0.7625 0.41 0)
(0.775 0.41 0)
(0.7875 0.41 0)
(0.8 0.41 0)
(0.8125 0.41 0)
(0.825 0.41 0)
(0.8375 0.41 0)
(0.85 0.41 0)
(0.8625 0.41 0)
(0.875 0.41 0)
(0.8875 0.41 0)
(0.9 0.41 0)
(0.9125 0.41 0)
(0.925 0.41 0)
(0.9375 0.41 0)
(0.95 0.41 0)
(0.9625 0.41 0)
(0.975 0.41 0)
(0.9875 0.41 0)
(1 0.41 0)
(1.0125 0.41 0)
(1.025 0.41 0)
(1.0375 0.41 0)
(1.05 0.41 0)
(1.0625 0.41 0)
(1.075 0.41 0)
(1.0875 0.41 0)
(1.1 0.41 0)
(1.1125 0.41 0)
(1.125 0.41 0)
(1.1375 0.41 0)
(1.15 0.41 0)
(1.1625 0.41 0)
(1.175 0.41 0)
(1.1875 0.41 0)
(1.2 0.41 0)
(1.2125 0.41 0)
(1.225 0.41 0)
(1.2375 0.41 0)
(1.25 0.41 0)
(1.2625 0.41 0)
(1.275 0.41 0)
(1.2875 0.41 0)
(1.3 0.41 0)
(1.3125 0.41 0)
(1.325 0.41 0)
(1.3375 0.41 0)
(1.35 0.41 0)
(1.3625 0.41 0)
(1.375 0.41 0)
(1.3875 0.41 0)
(1.4 0.41 0)
(1.4125 0.41 0)
(1.425 0.41 0)
(1.4375 0.41 0)
(1.45 0.41 0)
(1.4625 0.41 0)
(1.475 0.41 0)
(1.4875 0.41 0)
(1.5 0.41 0)
(1.5125 0.41 0)
(1.525 0.41 0)
(1.5375 0.41 0)
(1.55 0.41 0)
(1.5625 0.41 0)
(1.575 0.41 0)
(1.5875 0.41 0)
(1.6 0.41 0)
(1.6125 0.41 0)
(1.625 0.41 0)
(1.6375 0.41 0)
(1.65 0.41 0)
(1.6625 0.41 0)
(1.675 0.41 0)
(1.6875 0.41 0)
(1.7 0.41 0)
(1.7125 0.41 0)
(1.725 0.41 0)
(1.7375 0.41 0)
(1.75 0.41 0)
(1.7625 0.41 0)
(1.775 0.41 0)
(1.7875 0.41 0)
(1.8 0.41 0)
(1.8125 0.41 0)
(1.825 0.41 0)
(1.8375 0.41 0)
(1.85 0.41 0)
(1.8625 0.41 0)
(1.875 0.41 0)
(1.8875 0.41 0)
(1.9 0.41 0)
(1.9125 0.41 0)
(1.925 0.41 0)
(1.9375 0.41 0)
(1.95 0.41 0)
(1.9625 0.41 0)
(1.975 0.41 0)
(1.9875 0.41 0)
(2 0.41 0)
(2.0125 0.41 0)
(2.025 0.41 0)
(2.0375 0.41 0)
(2.05 0.41 0)
(2.0625 0.41 0)
(2.075 0.41 0)
(2.0875 0.41 0)
(2.1 0.41 0)
(2.1125 0.41 0)
(2.125 0.41 0)
(2.1375 0.41 0)
(2.15 0.41 0)
(2.1625 0.41 0)
(2.175 0.41 0)
(2.1875 0.41 0)
(2.2 0.41 0)
(2.2125 0.41 0)
(2.225 0.41 0)
(2.2375 0.41 0)
(2.25 0.41 0)
(2.2625 0.41 0)
(2.275 0.41 0)
(2.2875 0.41 0)
(2.3 0.41 0)
(2.3125 0.41 0)
(2.325 0.41 0)
(2.3375 0.41 0)
(2.35 0.41 0)
(2.3625 0.41 0)
(2.375 0.41 0)
(2.3875 0.41 0)
(2.4 0.41 0)
(2.4125 0.41 0)
(2.425 0.41 0)
(2.4375 0.41 0)
(2.45 0.41 0)
(2.4625 0.41 0)
(2.475 0.41 0)
(2.4875 0.41 0)
(2.5 0.41 0)
(0.2625 0.26 0.01)
(0.275 0.26 0.01)
(0.2875 0.26 0.01)
(0.3 0.26 0.01)
(0.3125 0.26 0.01)
(0.325 0.26 0.01)
(0.3375 0.26 0.01)
(0.35 0.26 0.01)
(0.3625 0.26 0.01)
(0.375 0.26 0.01)
(0.3875 0.26 0.01)
(0.4 0.26 0.01)
(0.4125 0.26 0.01)
(0.425 0.26 0.01)
(0.4375 0.26 0.01)
(0.45 0.26 0.01)
(0.4625 0.26 0.01)
(0.475 0.26 0.01)
(0.4875 0.26 0.01)
(0.5 0.26 0.01)
(0.5125 0.26 0.01)
(0.525 0.26 0.01)
(0.5375 0.26 0.01)
(0.55 0.26 0.01)
(0.5625 0.26 0.01)
(0.575 0.26 0.01)
(0.5875 0.26 0.01)
(0.6 0.26 0.01)
(0.6125 0.26 0.01)
(0.625 0.26 0.01)
(0.6375 0.26 0.01)
(0.65 0.26 0.01)
(0.6625 0.26 0.01)
(0.675 0.26 0.01)
(0.6875 0.26 0.01)
(0.7 0.26 0.01)
(0.7125 0.26 0.01)
(0.725 0.26 0.01)
(0.7375 0.26 0.01)
(0.75 0.26 0.01)
(0.7625 0.26 0.01)
(0.775 0.26 0.01)
(0.7875 0.26 0.01)
(0.8 0.26 0.01)
(0.8125 0.26 0.01)
(0.825 0.26 0.01)
(0.8375 0.26 0.01)
(0.85 0.26 0.01)
(0.8625 0.26 0.01)
(0.875 0.26 0.01)
(0.8875 0.26 0.01)
(0.9 0.26 0.01)
(0.9125 0.26 0.01)
(0.925 0.26 0.01)
(0.9375 0.26 0.01)
(0.95 0.26 0.01)
(0.9625 0.26 0.01)
(0.975 0.26 0.01)
(0.9875 0.26 0.01)
(1 0.26 0.01)
(1.0125 0.26 0.01)
(1.025 0.26 0.01)
(1.0375 0.26 0.01)
(1.05 0.26 0.01)
(1.0625 0.26 0.01)
(1.075 0.26 0.01)
(1.0875 0.26 0.01)
(1.1 0.26 0.01)
(1.1125 0.26 0.01)
(1.125 0.26 0.01)
(1.1375 0.26 0.01)
(1.15 0.26 0.01)
(1.1625 0.26 0.01)
(1.175 0.26 0.01)
(1.1875 0.26 0.01)
(1.2 0.26 0.01)
(1.2125 0.26 0.01)
(1.225 0.26 0.01)
(1.2375 0.26 0.01)
(1.25 0.26 0.01)
(1.2625 0.26 0.01)
(1.275 0.26 0.01)
(1.2875 0.26 0.01)
(1.3 0.26 0.01)
(1.3125 0.26 0.01)
(1.325 0.26 0.01)
(1.3375 0.26 0.01)
(1.35 0.26 0.01)
(1.3625 0.26 0.01)
(1.375 0.26 0.01)
(1.3875 0.26 0.01)
(1.4 0.26 0.01)
(1.4125 0.26 0.01)
(1.425 0.26 0.01)
(1.4375 0.26 0.01)
(1.45 0.26 0.01)
(1.4625 0.26 0.01)
(1.475 0.26 0.01)
(1.4875 0.26 0.01)
(1.5 0.26 0.01)
(1.5125 0.26 0.01)
(1.525 0.26 0.01)
(1.5375 0.26 0.01)
(1.55 0.26 0.01)
(1.5625 0.26 0.01)
(1.575 0.26 0.01)
(1.5875 0.26 0.01)
(1.6 0.26 0.01)
(1.6125 0.26 0.01)
(1.625 0.26 0.01)
(1.6375 0.26 0.01)
(1.65 0.26 0.01)
(1.6625 0.26 0.01)
(1.675 0.26 0.01)
(1.6875 0.26 0.01)
(1.7 0.26 0.01)
(1.7125 0.26 0.01)
(1.725 0.26 0.01)
(1.7375 0.26 0.01)
(1.75 0.26 0.01)
(1.7625 0.26 0.01)
(1.775 0.26 0.01)
(1.7875 0.26 0.01)
(1.8 0.26 0.01)
(1.8125 0.26 0.01)
(1.825 0.26 0.01)
(1.8375 0.26 0.01)
(1.85 0.26 0.01)
(1.8625 0.26 0.01)
(1.875 0.26 0.01)
(1.8875 0.26 0.01)
(1.9 0.26 0.01)
(1.9125 0.26 0.01)
(1.925 0.26 0.01)
(1.9375 0.26 0.01)
(1.95 0.26 0.01)
(1.9625 0.26 0.01)
(1.975 0.26 0.01)
(1.9875 0.26 0.01)
(2 0.26 0.01)
(2.0125 0.26 0.01)
(2.025 0.26 0.01)
(2.0375 0.26 0.01)
(2.05 0.26 0.01)
(2.0625 0.26 0.01)
(2.075 0.26 0.01)
(2.0875 0.26 0.01)
(2.1 0.26 0.01)
(2.1125 0.26 0.01)
(2.125 0.26 0.01)
(2.1375 0.26 0.01)
(2.15 0.26 0.01)
(2.1625 0.26 0.01)
(2.175 0.26 0.01)
(2.1875 0.26 0.01)
(2.2 0.26 0.01)
(2.2125 0.26 0.01)
(2.225 0.26 0.01)
(2.2375 0.26 0.01)
(2.25 0.26 0.01)
(2.2625 0.26 0.01)
(2.275 0.26 0.01)
(2.2875 0.26 0.01)
(2.3 0.26 0.01)
(2.3125 0.26 0.01)
(2.325 0.26 0.01)
(2.3375 0.26 0.01)
(2.35 0.26 0.01)
(2.3625 0.26 0.01)
(2.375 0.26 0.01)
(2.3875 0.26 0.01)
(2.4 0.26 0.01)
(2.4125 0.26 0.01)
(2.425 0.26 0.01)
(2.4375 0.26 0.01)
(2.45 0.26 0.01)
(2.4625 0.26 0.01)
(2.475 0.26 0.01)
(2.4875 0.26 0.01)
(2.5 0.26 0.01)
(0.2625 0.27 0.01)
(0.275 0.27 0.01)
(0.2875 0.27 0.01)
(0.3 0.27 0.01)
(0.3125 0.27 0.01)
(0.325 0.27 0.01)
(0.3375 0.27 0.01)
(0.35 0.27 0.01)
(0.3625 0.27 0.01)
(0.375 0.27 0.01)
(0.3875 0.27 0.01)
(0.4 0.27 0.01)
(0.4125 0.27 0.01)
(0.425 0.27 0.01)
(0.4375 0.27 0.01)
(0.45 0.27 0.01)
(0.4625 0.27 0.01)
(0.475 0.27 0.01)
(0.4875 0.27 0.01)
(0.5 0.27 0.01)
(0.5125 0.27 0.01)
(0.525 0.27 0.01)
(0.5375 0.27 0.01)
(0.55 0.27 0.01)
(0.5625 0.27 0.01)
(0.575 0.27 0.01)
(0.5875 0.27 0.01)
(0.6 0.27 0.01)
(0.6125 0.27 0.01)
(0.625 0.27 0.01)
(0.6375 0.27 0.01)
(0.65 0.27 0.01)
(0.6625 0.27 0.01)
(0.675 0.27 0.01)
(0.6875 0.27 0.01)
(0.7 0.27 0.01)
(0.7125 0.27 0.01)
(0.725 0.27 0.01)
(0.7375 0.27 0.01)
(0.75 0.27 0.01)
(0.7625 0.27 0.01)
(0.775 0.27 0.01)
(0.7875 0.27 0.01)
(0.8 0.27 0.01)
(0.8125 0.27 0.01)
(0.825 0.27 0.01)
(0.8375 0.27 0.01)
(0.85 0.27 0.01)
(0.8625 0.27 0.01)
(0.875 0.27 0.01)
(0.8875 0.27 0.01)
(0.9 0.27 0.01)
(0.9125 0.27 0.01)
(0.925 0.27 0.01)
(0.9375 0.27 0.01)
(0.95 0.27 0.01)
(0.9625 0.27 0.01)
(0.975 0.27 0.01)
(0.9875 0.27 0.01)
(1 0.27 0.01)
(1.0125 0.27 0.01)
(1.025 0.27 0.01)
(1.0375 0.27 0.01)
(1.05 0.27 0.01)
(1.0625 0.27 0.01)
(1.075 0.27 0.01)
(1.0875 0.27 0.01)
(1.1 0.27 0.01)
(1.1125 0.27 0.01)
(1.125 0.27 0.01)
(1.1375 0.27 0.01)
(1.15 0.27 0.01)
(1.1625 0.27 0.01)
(1.175 0.27 0.01)
(1.1875 0.27 0.01)
(1.2 0.27 0.01)
(1.2125 0.27 0.01)
(1.225 0.27 0.01)
(1.2375 0.27 0.01)
(1.25 0.27 0.01)
(1.2625 0.27 0.01)
(1.275 0.27 0.01)
(1.2875 0.27 0.01)
(1.3 0.27 0.01)
(1.3125 0.27 0.01)
(1.325 0.27 0.01)
(1.3375 0.27 0.01)
(1.35 0.27 0.01)
(1.3625 0.27 0.01)
(1.375 0.27 0.01)
(1.3875 0.27 0.01)
(1.4 0.27 0.01)
(1.4125 0.27 0.01)
(1.425 0.27 0.01)
(1.4375 0.27 0.01)
(1.45 0.27 0.01)
(1.4625 0.27 0.01)
(1.475 0.27 0.01)
(1.4875 0.27 0.01)
(1.5 0.27 0.01)
(1.5125 0.27 0.01)
(1.525 0.27 0.01)
(1.5375 0.27 0.01)
(1.55 0.27 0.01)
(1.5625 0.27 0.01)
(1.575 0.27 0.01)
(1.5875 0.27 0.01)
(1.6 0.27 0.01)
(1.6125 0.27 0.01)
(1.625 0.27 0.01)
(1.6375 0.27 0.01)
(1.65 0.27 0.01)
(1.6625 0.27 0.01)
(1.675 0.27 0.01)
(1.6875 0.27 0.01)
(1.7 0.27 0.01)
(1.7125 0.27 0.01)
(1.725 0.27 0.01)
(1.7375 0.27 0.01)
(1.75 0.27 0.01)
(1.7625 0.27 0.01)
(1.775 0.27 0.01)
(1.7875 0.27 0.01)
(1.8 0.27 0.01)
(1.8125 0.27 0.01)
(1.825 0.27 0.01)
(1.8375 0.27 0.01)
(1.85 0.27 0.01)
(1.8625 0.27 0.01)
(1.875 0.27 0.01)
(1.8875 0.27 0.01)
(1.9 0.27 0.01)
(1.9125 0.27 0.01)
(1.925 0.27 0.01)
(1.9375 0.27 0.01)
(1.95 0.27 0.01)
(1.9625 0.27 0.01)
(1.975 0.27 0.01)
(1.9875 0.27 0.01)
(2 0.27 0.01)
(2.0125 0.27 0.01)
(2.025 0.27 0.01)
(2.0375 0.27 0.01)
(2.05 0.27 0.01)
(2.0625 0.27 0.01)
(2.075 0.27 0.01)
(2.0875 0.27 0.01)
(2.1 0.27 0.01)
(2.1125 0.27 0.01)
(2.125 0.27 0.01)
(2.1375 0.27 0.01)
(2.15 0.27 0.01)
(2.1625 0.27 0.01)
(2.175 0.27 0.01)
(2.1875 0.27 0.01)
(2.2 0.27 0.01)
(2.2125 0.27 0.01)
(2.225 0.27 0.01)
(2.2375 0.27 0.01)
(2.25 0.27 0.01)
(2.2625 0.27 0.01)
(2.275 0.27 0.01)
(2.2875 0.27 0.01)
(2.3 0.27 0.01)
(2.3125 0.27 0.01)
(2.325 0.27 0.01)
(2.3375 0.27 0.01)
(2.35 0.27 0.01)
(2.3625 0.27 0.01)
(2.375 0.27 0.01)
(2.3875 0.27 0.01)
(2.4 0.27 0.01)
(2.4125 0.27 0.01)
(2.425 0.27 0.01)
(2.4375 0.27 0.01)
(2.45 0.27 0.01)
(2.4625 0.27 0.01)
(2.475 0.27 0.01)
(2.4875 0.27 0.01)
(2.5 0.27 0.01)
(0.2625 0.28 0.01)
(0.275 0.28 0.01)
(0.2875 0.28 0.01)
(0.3 0.28 0.01)
(0.3125 0.28 0.01)
(0.325 0.28 0.01)
(0.3375 0.28 0.01)
(0.35 0.28 0.01)
(0.3625 0.28 0.01)
(0.375 0.28 0.01)
(0.3875 0.28 0.01)
(0.4 0.28 0.01)
(0.4125 0.28 0.01)
(0.425 0.28 0.01)
(0.4375 0.28 0.01)
(0.45 0.28 0.01)
(0.4625 0.28 0.01)
(0.475 0.28 0.01)
(0.4875 0.28 0.01)
(0.5 0.28 0.01)
(0.5125 0.28 0.01)
(0.525 0.28 0.01)
(0.5375 0.28 0.01)
(0.55 0.28 0.01)
(0.5625 0.28 0.01)
(0.575 0.28 0.01)
(0.5875 0.28 0.01)
(0.6 0.28 0.01)
(0.6125 0.28 0.01)
(0.625 0.28 0.01)
(0.6375 0.28 0.01)
(0.65 0.28 0.01)
(0.6625 0.28 0.01)
(0.675 0.28 0.01)
(0.6875 0.28 0.01)
(0.7 0.28 0.01)
(0.7125 0.28 0.01)
(0.725 0.28 0.01)
(0.7375 0.28 0.01)
(0.75 0.28 0.01)
(0.7625 0.28 0.01)
(0.775 0.28 0.01)
(0.7875 0.28 0.01)
(0.8 0.28 0.01)
(0.8125 0.28 0.01)
(0.825 0.28 0.01)
(0.8375 0.28 0.01)
(0.85 0.28 0.01)
(0.8625 0.28 0.01)
(0.875 0.28 0.01)
(0.8875 0.28 0.01)
(0.9 0.28 0.01)
(0.9125 0.28 0.01)
(0.925 0.28 0.01)
(0.9375 0.28 0.01)
(0.95 0.28 0.01)
(0.9625 0.28 0.01)
(0.975 0.28 0.01)
(0.9875 0.28 0.01)
(1 0.28 0.01)
(1.0125 0.28 0.01)
(1.025 0.28 0.01)
(1.0375 0.28 0.01)
(1.05 0.28 0.01)
(1.0625 0.28 0.01)
(1.075 0.28 0.01)
(1.0875 0.28 0.01)
(1.1 0.28 0.01)
(1.1125 0.28 0.01)
(1.125 0.28 0.01)
(1.1375 0.28 0.01)
(1.15 0.28 0.01)
(1.1625 0.28 0.01)
(1.175 0.28 0.01)
(1.1875 0.28 0.01)
(1.2 0.28 0.01)
(1.2125 0.28 0.01)
(1.225 0.28 0.01)
(1.2375 0.28 0.01)
(1.25 0.28 0.01)
(1.2625 0.28 0.01)
(1.275 0.28 0.01)
(1.2875 0.28 0.01)
(1.3 0.28 0.01)
(1.3125 0.28 0.01)
(1.325 0.28 0.01)
(1.3375 0.28 0.01)
(1.35 0.28 0.01)
(1.3625 0.28 0.01)
(1.375 0.28 0.01)
(1.3875 0.28 0.01)
(1.4 0.28 0.01)
(1.4125 0.28 0.01)
(1.425 0.28 0.01)
(1.4375 0.28 0.01)
(1.45 0.28 0.01)
(1.4625 0.28 0.01)
(1.475 0.28 0.01)
(1.4875 0.28 0.01)
(1.5 0.28 0.01)
(1.5125 0.28 0.01)
(1.525 0.28 0.01)
(1.5375 0.28 0.01)
(1.55 0.28 0.01)
(1.5625 0.28 0.01)
(1.575 0.28 0.01)
(1.5875 0.28 0.01)
(1.6 0.28 0.01)
(1.6125 0.28 0.01)
(1.625 0.28 0.01)
(1.6375 0.28 0.01)
(1.65 0.28 0.01)
(1.6625 0.28 0.01)
(1.675 0.28 0.01)
(1.6875 0.28 0.01)
(1.7 0.28 0.01)
(1.7125 0.28 0.01)
(1.725 0.28 0.01)
(1.7375 0.28 0.01)
(1.75 0.28 0.01)
(1.7625 0.28 0.01)
(1.775 0.28 0.01)
(1.7875 0.28 0.01)
(1.8 0.28 0.01)
(1.8125 0.28 0.01)
(1.825 0.28 0.01)
(1.8375 0.28 0.01)
(1.85 0.28 0.01)
(1.8625 0.28 0.01)
(1.875 0.28 0.01)
(1.8875 0.28 0.01)
(1.9 0.28 0.01)
(1.9125 0.28 0.01)
(1.925 0.28 0.01)
(1.9375 0.28 0.01)
(1.95 0.28 0.01)
(1.9625 0.28 0.01)
(1.975 0.28 0.01)
(1.9875 0.28 0.01)
(2 0.28 0.01)
(2.0125 0.28 0.01)
(2.025 0.28 0.01)
(2.0375 0.28 0.01)
(2.05 0.28 0.01)
(2.0625 0.28 0.01)
(2.075 0.28 0.01)
(2.0875 0.28 0.01)
(2.1 0.28 0.01)
(2.1125 0.28 0.01)
(2.125 0.28 0.01)
(2.1375 0.28 0.01)
(2.15 0.28 0.01)
(2.1625 0.28 0.01)
(2.175 0.28 0.01)
(2.1875 0.28 0.01)
(2.2 0.28 0.01)
(2.2125 0.28 0.01)
(2.225 0.28 0.01)
(2.2375 0.28 0.01)
(2.25 0.28 0.01)
(2.2625 0.28 0.01)
(2.275 0.28 0.01)
(2.2875 0.28 0.01)
(2.3 0.28 0.01)
(2.3125 0.28 0.01)
(2.325 0.28 0.01)
(2.3375 0.28 0.01)
(2.35 0.28 0.01)
(2.3625 0.28 0.01)
(2.375 0.28 0.01)
(2.3875 0.28 0.01)
(2.4 0.28 0.01)
(2.4125 0.28 0.01)
(2.425 0.28 0.01)
(2.4375 0.28 0.01)
(2.45 0.28 0.01)
(2.4625 0.28 0.01)
(2.475 0.28 0.01)
(2.4875 0.28 0.01)
(2.5 0.28 0.01)
(0.2625 0.29 0.01)
(0.275 0.29 0.01)
(0.2875 0.29 0.01)
(0.3 0.29 0.01)
(0.3125 0.29 0.01)
(0.325 0.29 0.01)
(0.3375 0.29 0.01)
(0.35 0.29 0.01)
(0.3625 0.29 0.01)
(0.375 0.29 0.01)
(0.3875 0.29 0.01)
(0.4 0.29 0.01)
(0.4125 0.29 0.01)
(0.425 0.29 0.01)
(0.4375 0.29 0.01)
(0.45 0.29 0.01)
(0.4625 0.29 0.01)
(0.475 0.29 0.01)
(0.4875 0.29 0.01)
(0.5 0.29 0.01)
(0.5125 0.29 0.01)
(0.525 0.29 0.01)
(0.5375 0.29 0.01)
(0.55 0.29 0.01)
(0.5625 0.29 0.01)
(0.575 0.29 0.01)
(0.5875 0.29 0.01)
(0.6 0.29 0.01)
(0.6125 0.29 0.01)
(0.625 0.29 0.01)
(0.6375 0.29 0.01)
(0.65 0.29 0.01)
(0.6625 0.29 0.01)
(0.675 0.29 0.01)
(0.6875 0.29 0.01)
(0.7 0.29 0.01)
(0.7125 0.29 0.01)
(0.725 0.29 0.01)
(0.7375 0.29 0.01)
(0.75 0.29 0.01)
(0.7625 0.29 0.01)
(0.775 0.29 0.01)
(0.7875 0.29 0.01)
(0.8 0.29 0.01)
(0.8125 0.29 0.01)
(0.825 0.29 0.01)
(0.8375 0.29 0.01)
(0.85 0.29 0.01)
(0.8625 0.29 0.01)
(0.875 0.29 0.01)
(0.8875 0.29 0.01)
(0.9 0.29 0.01)
(0.9125 0.29 0.01)
(0.925 0.29 0.01)
(0.9375 0.29 0.01)
(0.95 0.29 0.01)
(0.9625 0.29 0.01)
(0.975 0.29 0.01)
(0.9875 0.29 0.01)
(1 0.29 0.01)
(1.0125 0.29 0.01)
(1.025 0.29 0.01)
(1.0375 0.29 0.01)
(1.05 0.29 0.01)
(1.0625 0.29 0.01)
(1.075 0.29 0.01)
(1.0875 0.29 0.01)
(1.1 0.29 0.01)
(1.1125 0.29 0.01)
(1.125 0.29 0.01)
(1.1375 0.29 0.01)
(1.15 0.29 0.01)
(1.1625 0.29 0.01)
(1.175 0.29 0.01)
(1.1875 0.29 0.01)
(1.2 0.29 0.01)
(1.2125 0.29 0.01)
(1.225 0.29 0.01)
(1.2375 0.29 0.01)
(1.25 0.29 0.01)
(1.2625 0.29 0.01)
(1.275 0.29 0.01)
(1.2875 0.29 0.01)
(1.3 0.29 0.01)
(1.3125 0.29 0.01)
(1.325 0.29 0.01)
(1.3375 0.29 0.01)
(1.35 0.29 0.01)
(1.3625 0.29 0.01)
(1.375 0.29 0.01)
(1.3875 0.29 0.01)
(1.4 0.29 0.01)
(1.4125 0.29 0.01)
(1.425 0.29 0.01)
(1.4375 0.29 0.01)
(1.45 0.29 0.01)
(1.4625 0.29 0.01)
(1.475 0.29 0.01)
(1.4875 0.29 0.01)
(1.5 0.29 0.01)
(1.5125 0.29 0.01)
(1.525 0.29 0.01)
(1.5375 0.29 0.01)
(1.55 0.29 0.01)
(1.5625 0.29 0.01)
(1.575 0.29 0.01)
(1.5875 0.29 0.01)
(1.6 0.29 0.01)
(1.6125 0.29 0.01)
(1.625 0.29 0.01)
(1.6375 0.29 0.01)
(1.65 0.29 0.01)
(1.6625 0.29 0.01)
(1.675 0.29 0.01)
(1.6875 0.29 0.01)
(1.7 0.29 0.01)
(1.7125 0.29 0.01)
(1.725 0.29 0.01)
(1.7375 0.29 0.01)
(1.75 0.29 0.01)
(1.7625 0.29 0.01)
(1.775 0.29 0.01)
(1.7875 0.29 0.01)
(1.8 0.29 0.01)
(1.8125 0.29 0.01)
(1.825 0.29 0.01)
(1.8375 0.29 0.01)
(1.85 0.29 0.01)
(1.8625 0.29 0.01)
(1.875 0.29 0.01)
(1.8875 0.29 0.01)
(1.9 0.29 0.01)
(1.9125 0.29 0.01)
(1.925 0.29 0.01)
(1.9375 0.29 0.01)
(1.95 0.29 0.01)
(1.9625 0.29 0.01)
(1.975 0.29 0.01)
(1.9875 0.29 0.01)
(2 0.29 0.01)
(2.0125 0.29 0.01)
(2.025 0.29 0.01)
(2.0375 0.29 0.01)
(2.05 0.29 0.01)
(2.0625 0.29 0.01)
(2.075 0.29 0.01)
(2.0875 0.29 0.01)
(2.1 0.29 0.01)
(2.1125 0.29 0.01)
(2.125 0.29 0.01)
(2.1375 0.29 0.01)
(2.15 0.29 0.01)
(2.1625 0.29 0.01)
(2.175 0.29 0.01)
(2.1875 0.29 0.01)
(2.2 0.29 0.01)
(2.2125 0.29 0.01)
(2.225 0.29 0.01)
(2.2375 0.29 0.01)
(2.25 0.29 0.01)
(2.2625 0.29 0.01)
(2.275 0.29 0.01)
(2.2875 0.29 0.01)
(2.3 0.29 0.01)
(2.3125 0.29 0.01)
(2.325 0.29 0.01)
(2.3375 0.29 0.01)
(2.35 0.29 0.01)
(2.3625 0.29 0.01)
(2.375 0.29 0.01)
(2.3875 0.29 0.01)
(2.4 0.29 0.01)
(2.4125 0.29 0.01)
(2.425 0.29 0.01)
(2.4375 0.29 0.01)
(2.45 0.29 0.01)
(2.4625 0.29 0.01)
(2.475 0.29 0.01)
(2.4875 0.29 0.01)
(2.5 0.29 0.01)
(0.2625 0.3 0.01)
(0.275 0.3 0.01)
(0.2875 0.3 0.01)
(0.3 0.3 0.01)
(0.3125 0.3 0.01)
(0.325 0.3 0.01)
(0.3375 0.3 0.01)
(0.35 0.3 0.01)
(0.3625 0.3 0.01)
(0.375 0.3 0.01)
(0.3875 0.3 0.01)
(0.4 0.3 0.01)
(0.4125 0.3 0.01)
(0.425 0.3 0.01)
(0.4375 0.3 0.01)
(0.45 0.3 0.01)
(0.4625 0.3 0.01)
(0.475 0.3 0.01)
(0.4875 0.3 0.01)
(0.5 0.3 0.01)
(0.5125 0.3 0.01)
(0.525 0.3 0.01)
(0.5375 0.3 0.01)
(0.55 0.3 0.01)
(0.5625 0.3 0.01)
(0.575 0.3 0.01)
(0.5875 0.3 0.01)
(0.6 0.3 0.01)
(0.6125 0.3 0.01)
(0.625 0.3 0.01)
(0.6375 0.3 0.01)
(0.65 0.3 0.01)
(0.6625 0.3 0.01)
(0.675 0.3 0.01)
(0.6875 0.3 0.01)
(0.7 0.3 0.01)
(0.7125 0.3 0.01)
(0.725 0.3 0.01)
(0.7375 0.3 0.01)
(0.75 0.3 0.01)
(0.7625 0.3 0.01)
(0.775 0.3 0.01)
(0.7875 0.3 0.01)
(0.8 0.3 0.01)
(0.8125 0.3 0.01)
(0.825 0.3 0.01)
(0.8375 0.3 0.01)
(0.85 0.3 0.01)
(0.8625 0.3 0.01)
(0.875 0.3 0.01)
(0.8875 0.3 0.01)
(0.9 0.3 0.01)
(0.9125 0.3 0.01)
(0.925 0.3 0.01)
(0.9375 0.3 0.01)
(0.95 0.3 0.01)
(0.9625 0.3 0.01)
(0.975 0.3 0.01)
(0.9875 0.3 0.01)
(1 0.3 0.01)
(1.0125 0.3 0.01)
(1.025 0.3 0.01)
(1.0375 0.3 0.01)
(1.05 0.3 0.01)
(1.0625 0.3 0.01)
(1.075 0.3 0.01)
(1.0875 0.3 0.01)
(1.1 0.3 0.01)
(1.1125 0.3 0.01)
(1.125 0.3 0.01)
(1.1375 0.3 0.01)
(1.15 0.3 0.01)
(1.1625 0.3 0.01)
(1.175 0.3 0.01)
(1.1875 0.3 0.01)
(1.2 0.3 0.01)
(1.2125 0.3 0.01)
(1.225 0.3 0.01)
(1.2375 0.3 0.01)
(1.25 0.3 0.01)
(1.2625 0.3 0.01)
(1.275 0.3 0.01)
(1.2875 0.3 0.01)
(1.3 0.3 0.01)
(1.3125 0.3 0.01)
(1.325 0.3 0.01)
(1.3375 0.3 0.01)
(1.35 0.3 0.01)
(1.3625 0.3 0.01)
(1.375 0.3 0.01)
(1.3875 0.3 0.01)
(1.4 0.3 0.01)
(1.4125 0.3 0.01)
(1.425 0.3 0.01)
(1.4375 0.3 0.01)
(1.45 0.3 0.01)
(1.4625 0.3 0.01)
(1.475 0.3 0.01)
(1.4875 0.3 0.01)
(1.5 0.3 0.01)
(1.5125 0.3 0.01)
(1.525 0.3 0.01)
(1.5375 0.3 0.01)
(1.55 0.3 0.01)
(1.5625 0.3 0.01)
(1.575 0.3 0.01)
(1.5875 0.3 0.01)
(1.6 0.3 0.01)
(1.6125 0.3 0.01)
(1.625 0.3 0.01)
(1.6375 0.3 0.01)
(1.65 0.3 0.01)
(1.6625 0.3 0.01)
(1.675 0.3 0.01)
(1.6875 0.3 0.01)
(1.7 0.3 0.01)
(1.7125 0.3 0.01)
(1.725 0.3 0.01)
(1.7375 0.3 0.01)
(1.75 0.3 0.01)
(1.7625 0.3 0.01)
(1.775 0.3 0.01)
(1.7875 0.3 0.01)
(1.8 0.3 0.01)
(1.8125 0.3 0.01)
(1.825 0.3 0.01)
(1.8375 0.3 0.01)
(1.85 0.3 0.01)
(1.8625 0.3 0.01)
(1.875 0.3 0.01)
(1.8875 0.3 0.01)
(1.9 0.3 0.01)
(1.9125 0.3 0.01)
(1.925 0.3 0.01)
(1.9375 0.3 0.01)
(1.95 0.3 0.01)
(1.9625 0.3 0.01)
(1.975 0.3 0.01)
(1.9875 0.3 0.01)
(2 0.3 0.01)
(2.0125 0.3 0.01)
(2.025 0.3 0.01)
(2.0375 0.3 0.01)
(2.05 0.3 0.01)
(2.0625 0.3 0.01)
(2.075 0.3 0.01)
(2.0875 0.3 0.01)
(2.1 0.3 0.01)
(2.1125 0.3 0.01)
(2.125 0.3 0.01)
(2.1375 0.3 0.01)
(2.15 0.3 0.01)
(2.1625 0.3 0.01)
(2.175 0.3 0.01)
(2.1875 0.3 0.01)
(2.2 0.3 0.01)
(2.2125 0.3 0.01)
(2.225 0.3 0.01)
(2.2375 0.3 0.01)
(2.25 0.3 0.01)
(2.2625 0.3 0.01)
(2.275 0.3 0.01)
(2.2875 0.3 0.01)
(2.3 0.3 0.01)
(2.3125 0.3 0.01)
(2.325 0.3 0.01)
(2.3375 0.3 0.01)
(2.35 0.3 0.01)
(2.3625 0.3 0.01)
(2.375 0.3 0.01)
(2.3875 0.3 0.01)
(2.4 0.3 0.01)
(2.4125 0.3 0.01)
(2.425 0.3 0.01)
(2.4375 0.3 0.01)
(2.45 0.3 0.01)
(2.4625 0.3 0.01)
(2.475 0.3 0.01)
(2.4875 0.3 0.01)
(2.5 0.3 0.01)
(0.2625 0.31 0.01)
(0.275 0.31 0.01)
(0.2875 0.31 0.01)
(0.3 0.31 0.01)
(0.3125 0.31 0.01)
(0.325 0.31 0.01)
(0.3375 0.31 0.01)
(0.35 0.31 0.01)
(0.3625 0.31 0.01)
(0.375 0.31 0.01)
(0.3875 0.31 0.01)
(0.4 0.31 0.01)
(0.4125 0.31 0.01)
(0.425 0.31 0.01)
(0.4375 0.31 0.01)
(0.45 0.31 0.01)
(0.4625 0.31 0.01)
(0.475 0.31 0.01)
(0.4875 0.31 0.01)
(0.5 0.31 0.01)
(0.5125 0.31 0.01)
(0.525 0.31 0.01)
(0.5375 0.31 0.01)
(0.55 0.31 0.01)
(0.5625 0.31 0.01)
(0.575 0.31 0.01)
(0.5875 0.31 0.01)
(0.6 0.31 0.01)
(0.6125 0.31 0.01)
(0.625 0.31 0.01)
(0.6375 0.31 0.01)
(0.65 0.31 0.01)
(0.6625 0.31 0.01)
(0.675 0.31 0.01)
(0.6875 0.31 0.01)
(0.7 0.31 0.01)
(0.7125 0.31 0.01)
(0.725 0.31 0.01)
(0.7375 0.31 0.01)
(0.75 0.31 0.01)
(0.7625 0.31 0.01)
(0.775 0.31 0.01)
(0.7875 0.31 0.01)
(0.8 0.31 0.01)
(0.8125 0.31 0.01)
(0.825 0.31 0.01)
(0.8375 0.31 0.01)
(0.85 0.31 0.01)
(0.8625 0.31 0.01)
(0.875 0.31 0.01)
(0.8875 0.31 0.01)
(0.9 0.31 0.01)
(0.9125 0.31 0.01)
(0.925 0.31 0.01)
(0.9375 0.31 0.01)
(0.95 0.31 0.01)
(0.9625 0.31 0.01)
(0.975 0.31 0.01)
(0.9875 0.31 0.01)
(1 0.31 0.01)
(1.0125 0.31 0.01)
(1.025 0.31 0.01)
(1.0375 0.31 0.01)
(1.05 0.31 0.01)
(1.0625 0.31 0.01)
(1.075 0.31 0.01)
(1.0875 0.31 0.01)
(1.1 0.31 0.01)
(1.1125 0.31 0.01)
(1.125 0.31 0.01)
(1.1375 0.31 0.01)
(1.15 0.31 0.01)
(1.1625 0.31 0.01)
(1.175 0.31 0.01)
(1.1875 0.31 0.01)
(1.2 0.31 0.01)
(1.2125 0.31 0.01)
(1.225 0.31 0.01)
(1.2375 0.31 0.01)
(1.25 0.31 0.01)
(1.2625 0.31 0.01)
(1.275 0.31 0.01)
(1.2875 0.31 0.01)
(1.3 0.31 0.01)
(1.3125 0.31 0.01)
(1.325 0.31 0.01)
(1.3375 0.31 0.01)
(1.35 0.31 0.01)
(1.3625 0.31 0.01)
(1.375 0.31 0.01)
(1.3875 0.31 0.01)
(1.4 0.31 0.01)
(1.4125 0.31 0.01)
(1.425 0.31 0.01)
(1.4375 0.31 0.01)
(1.45 0.31 0.01)
(1.4625 0.31 0.01)
(1.475 0.31 0.01)
(1.4875 0.31 0.01)
(1.5 0.31 0.01)
(1.5125 0.31 0.01)
(1.525 0.31 0.01)
(1.5375 0.31 0.01)
(1.55 0.31 0.01)
(1.5625 0.31 0.01)
(1.575 0.31 0.01)
(1.5875 0.31 0.01)
(1.6 0.31 0.01)
(1.6125 0.31 0.01)
(1.625 0.31 0.01)
(1.6375 0.31 0.01)
(1.65 0.31 0.01)
(1.6625 0.31 0.01)
(1.675 0.31 0.01)
(1.6875 0.31 0.01)
(1.7 0.31 0.01)
(1.7125 0.31 0.01)
(1.725 0.31 0.01)
(1.7375 0.31 0.01)
(1.75 0.31 0.01)
(1.7625 0.31 0.01)
(1.775 0.31 0.01)
(1.7875 0.31 0.01)
(1.8 0.31 0.01)
(1.8125 0.31 0.01)
(1.825 0.31 0.01)
(1.8375 0.31 0.01)
(1.85 0.31 0.01)
(1.8625 0.31 0.01)
(1.875 0.31 0.01)
(1.8875 0.31 0.01)
(1.9 0.31 0.01)
(1.9125 0.31 0.01)
(1.925 0.31 0.01)
(1.9375 0.31 0.01)
(1.95 0.31 0.01)
(1.9625 0.31 0.01)
(1.975 0.31 0.01)
(1.9875 0.31 0.01)
(2 0.31 0.01)
(2.0125 0.31 0.01)
(2.025 0.31 0.01)
(2.0375 0.31 0.01)
(2.05 0.31 0.01)
(2.0625 0.31 0.01)
(2.075 0.31 0.01)
(2.0875 0.31 0.01)
(2.1 0.31 0.01)
(2.1125 0.31 0.01)
(2.125 0.31 0.01)
(2.1375 0.31 0.01)
(2.15 0.31 0.01)
(2.1625 0.31 0.01)
(2.175 0.31 0.01)
(2.1875 0.31 0.01)
(2.2 0.31 0.01)
(2.2125 0.31 0.01)
(2.225 0.31 0.01)
(2.2375 0.31 0.01)
(2.25 0.31 0.01)
(2.2625 0.31 0.01)
(2.275 0.31 0.01)
(2.2875 0.31 0.01)
(2.3 0.31 0.01)
(2.3125 0.31 0.01)
(2.325 0.31 0.01)
(2.3375 0.31 0.01)
(2.35 0.31 0.01)
(2.3625 0.31 0.01)
(2.375 0.31 0.01)
(2.3875 0.31 0.01)
(2.4 0.31 0.01)
(2.4125 0.31 0.01)
(2.425 0.31 0.01)
(2.4375 0.31 0.01)
(2.45 0.31 0.01)
(2.4625 0.31 0.01)
(2.475 0.31 0.01)
(2.4875 0.31 0.01)
(2.5 0.31 0.01)
(0.2625 0.32 0.01)
(0.275 0.32 0.01)
(0.2875 0.32 0.01)
(0.3 0.32 0.01)
(0.3125 0.32 0.01)
(0.325 0.32 0.01)
(0.3375 0.32 0.01)
(0.35 0.32 0.01)
(0.3625 0.32 0.01)
(0.375 0.32 0.01)
(0.3875 0.32 0.01)
(0.4 0.32 0.01)
(0.4125 0.32 0.01)
(0.425 0.32 0.01)
(0.4375 0.32 0.01)
(0.45 0.32 0.01)
(0.4625 0.32 0.01)
(0.475 0.32 0.01)
(0.4875 0.32 0.01)
(0.5 0.32 0.01)
(0.5125 0.32 0.01)
(0.525 0.32 0.01)
(0.5375 0.32 0.01)
(0.55 0.32 0.01)
(0.5625 0.32 0.01)
(0.575 0.32 0.01)
(0.5875 0.32 0.01)
(0.6 0.32 0.01)
(0.6125 0.32 0.01)
(0.625 0.32 0.01)
(0.6375 0.32 0.01)
(0.65 0.32 0.01)
(0.6625 0.32 0.01)
(0.675 0.32 0.01)
(0.6875 0.32 0.01)
(0.7 0.32 0.01)
(0.7125 0.32 0.01)
(0.725 0.32 0.01)
(0.7375 0.32 0.01)
(0.75 0.32 0.01)
(0.7625 0.32 0.01)
(0.775 0.32 0.01)
(0.7875 0.32 0.01)
(0.8 0.32 0.01)
(0.8125 0.32 0.01)
(0.825 0.32 0.01)
(0.8375 0.32 0.01)
(0.85 0.32 0.01)
(0.8625 0.32 0.01)
(0.875 0.32 0.01)
(0.8875 0.32 0.01)
(0.9 0.32 0.01)
(0.9125 0.32 0.01)
(0.925 0.32 0.01)
(0.9375 0.32 0.01)
(0.95 0.32 0.01)
(0.9625 0.32 0.01)
(0.975 0.32 0.01)
(0.9875 0.32 0.01)
(1 0.32 0.01)
(1.0125 0.32 0.01)
(1.025 0.32 0.01)
(1.0375 0.32 0.01)
(1.05 0.32 0.01)
(1.0625 0.32 0.01)
(1.075 0.32 0.01)
(1.0875 0.32 0.01)
(1.1 0.32 0.01)
(1.1125 0.32 0.01)
(1.125 0.32 0.01)
(1.1375 0.32 0.01)
(1.15 0.32 0.01)
(1.1625 0.32 0.01)
(1.175 0.32 0.01)
(1.1875 0.32 0.01)
(1.2 0.32 0.01)
(1.2125 0.32 0.01)
(1.225 0.32 0.01)
(1.2375 0.32 0.01)
(1.25 0.32 0.01)
(1.2625 0.32 0.01)
(1.275 0.32 0.01)
(1.2875 0.32 0.01)
(1.3 0.32 0.01)
(1.3125 0.32 0.01)
(1.325 0.32 0.01)
(1.3375 0.32 0.01)
(1.35 0.32 0.01)
(1.3625 0.32 0.01)
(1.375 0.32 0.01)
(1.3875 0.32 0.01)
(1.4 0.32 0.01)
(1.4125 0.32 0.01)
(1.425 0.32 0.01)
(1.4375 0.32 0.01)
(1.45 0.32 0.01)
(1.4625 0.32 0.01)
(1.475 0.32 0.01)
(1.4875 0.32 0.01)
(1.5 0.32 0.01)
(1.5125 0.32 0.01)
(1.525 0.32 0.01)
(1.5375 0.32 0.01)
(1.55 0.32 0.01)
(1.5625 0.32 0.01)
(1.575 0.32 0.01)
(1.5875 0.32 0.01)
(1.6 0.32 0.01)
(1.6125 0.32 0.01)
(1.625 0.32 0.01)
(1.6375 0.32 0.01)
(1.65 0.32 0.01)
(1.6625 0.32 0.01)
(1.675 0.32 0.01)
(1.6875 0.32 0.01)
(1.7 0.32 0.01)
(1.7125 0.32 0.01)
(1.725 0.32 0.01)
(1.7375 0.32 0.01)
(1.75 0.32 0.01)
(1.7625 0.32 0.01)
(1.775 0.32 0.01)
(1.7875 0.32 0.01)
(1.8 0.32 0.01)
(1.8125 0.32 0.01)
(1.825 0.32 0.01)
(1.8375 0.32 0.01)
(1.85 0.32 0.01)
(1.8625 0.32 0.01)
(1.875 0.32 0.01)
(1.8875 0.32 0.01)
(1.9 0.32 0.01)
(1.9125 0.32 0.01)
(1.925 0.32 0.01)
(1.9375 0.32 0.01)
(1.95 0.32 0.01)
(1.9625 0.32 0.01)
(1.975 0.32 0.01)
(1.9875 0.32 0.01)
(2 0.32 0.01)
(2.0125 0.32 0.01)
(2.025 0.32 0.01)
(2.0375 0.32 0.01)
(2.05 0.32 0.01)
(2.0625 0.32 0.01)
(2.075 0.32 0.01)
(2.0875 0.32 0.01)
(2.1 0.32 0.01)
(2.1125 0.32 0.01)
(2.125 0.32 0.01)
(2.1375 0.32 0.01)
(2.15 0.32 0.01)
(2.1625 0.32 0.01)
(2.175 0.32 0.01)
(2.1875 0.32 0.01)
(2.2 0.32 0.01)
(2.2125 0.32 0.01)
(2.225 0.32 0.01)
(2.2375 0.32 0.01)
(2.25 0.32 0.01)
(2.2625 0.32 0.01)
(2.275 0.32 0.01)
(2.2875 0.32 0.01)
(2.3 0.32 0.01)
(2.3125 0.32 0.01)
(2.325 0.32 0.01)
(2.3375 0.32 0.01)
(2.35 0.32 0.01)
(2.3625 0.32 0.01)
(2.375 0.32 0.01)
(2.3875 0.32 0.01)
(2.4 0.32 0.01)
(2.4125 0.32 0.01)
(2.425 0.32 0.01)
(2.4375 0.32 0.01)
(2.45 0.32 0.01)
(2.4625 0.32 0.01)
(2.475 0.32 0.01)
(2.4875 0.32 0.01)
(2.5 0.32 0.01)
(0.2625 0.33 0.01)
(0.275 0.33 0.01)
(0.2875 0.33 0.01)
(0.3 0.33 0.01)
(0.3125 0.33 0.01)
(0.325 0.33 0.01)
(0.3375 0.33 0.01)
(0.35 0.33 0.01)
(0.3625 0.33 0.01)
(0.375 0.33 0.01)
(0.3875 0.33 0.01)
(0.4 0.33 0.01)
(0.4125 0.33 0.01)
(0.425 0.33 0.01)
(0.4375 0.33 0.01)
(0.45 0.33 0.01)
(0.4625 0.33 0.01)
(0.475 0.33 0.01)
(0.4875 0.33 0.01)
(0.5 0.33 0.01)
(0.5125 0.33 0.01)
(0.525 0.33 0.01)
(0.5375 0.33 0.01)
(0.55 0.33 0.01)
(0.5625 0.33 0.01)
(0.575 0.33 0.01)
(0.5875 0.33 0.01)
(0.6 0.33 0.01)
(0.6125 0.33 0.01)
(0.625 0.33 0.01)
(0.6375 0.33 0.01)
(0.65 0.33 0.01)
(0.6625 0.33 0.01)
(0.675 0.33 0.01)
(0.6875 0.33 0.01)
(0.7 0.33 0.01)
(0.7125 0.33 0.01)
(0.725 0.33 0.01)
(0.7375 0.33 0.01)
(0.75 0.33 0.01)
(0.7625 0.33 0.01)
(0.775 0.33 0.01)
(0.7875 0.33 0.01)
(0.8 0.33 0.01)
(0.8125 0.33 0.01)
(0.825 0.33 0.01)
(0.8375 0.33 0.01)
(0.85 0.33 0.01)
(0.8625 0.33 0.01)
(0.875 0.33 0.01)
(0.8875 0.33 0.01)
(0.9 0.33 0.01)
(0.9125 0.33 0.01)
(0.925 0.33 0.01)
(0.9375 0.33 0.01)
(0.95 0.33 0.01)
(0.9625 0.33 0.01)
(0.975 0.33 0.01)
(0.9875 0.33 0.01)
(1 0.33 0.01)
(1.0125 0.33 0.01)
(1.025 0.33 0.01)
(1.0375 0.33 0.01)
(1.05 0.33 0.01)
(1.0625 0.33 0.01)
(1.075 0.33 0.01)
(1.0875 0.33 0.01)
(1.1 0.33 0.01)
(1.1125 0.33 0.01)
(1.125 0.33 0.01)
(1.1375 0.33 0.01)
(1.15 0.33 0.01)
(1.1625 0.33 0.01)
(1.175 0.33 0.01)
(1.1875 0.33 0.01)
(1.2 0.33 0.01)
(1.2125 0.33 0.01)
(1.225 0.33 0.01)
(1.2375 0.33 0.01)
(1.25 0.33 0.01)
(1.2625 0.33 0.01)
(1.275 0.33 0.01)
(1.2875 0.33 0.01)
(1.3 0.33 0.01)
(1.3125 0.33 0.01)
(1.325 0.33 0.01)
(1.3375 0.33 0.01)
(1.35 0.33 0.01)
(1.3625 0.33 0.01)
(1.375 0.33 0.01)
(1.3875 0.33 0.01)
(1.4 0.33 0.01)
(1.4125 0.33 0.01)
(1.425 0.33 0.01)
(1.4375 0.33 0.01)
(1.45 0.33 0.01)
(1.4625 0.33 0.01)
(1.475 0.33 0.01)
(1.4875 0.33 0.01)
(1.5 0.33 0.01)
(1.5125 0.33 0.01)
(1.525 0.33 0.01)
(1.5375 0.33 0.01)
(1.55 0.33 0.01)
(1.5625 0.33 0.01)
(1.575 0.33 0.01)
(1.5875 0.33 0.01)
(1.6 0.33 0.01)
(1.6125 0.33 0.01)
(1.625 0.33 0.01)
(1.6375 0.33 0.01)
(1.65 0.33 0.01)
(1.6625 0.33 0.01)
(1.675 0.33 0.01)
(1.6875 0.33 0.01)
(1.7 0.33 0.01)
(1.7125 0.33 0.01)
(1.725 0.33 0.01)
(1.7375 0.33 0.01)
(1.75 0.33 0.01)
(1.7625 0.33 0.01)
(1.775 0.33 0.01)
(1.7875 0.33 0.01)
(1.8 0.33 0.01)
(1.8125 0.33 0.01)
(1.825 0.33 0.01)
(1.8375 0.33 0.01)
(1.85 0.33 0.01)
(1.8625 0.33 0.01)
(1.875 0.33 0.01)
(1.8875 0.33 0.01)
(1.9 0.33 0.01)
(1.9125 0.33 0.01)
(1.925 0.33 0.01)
(1.9375 0.33 0.01)
(1.95 0.33 0.01)
(1.9625 0.33 0.01)
(1.975 0.33 0.01)
(1.9875 0.33 0.01)
(2 0.33 0.01)
(2.0125 0.33 0.01)
(2.025 0.33 0.01)
(2.0375 0.33 0.01)
(2.05 0.33 0.01)
(2.0625 0.33 0.01)
(2.075 0.33 0.01)
(2.0875 0.33 0.01)
(2.1 0.33 0.01)
(2.1125 0.33 0.01)
(2.125 0.33 0.01)
(2.1375 0.33 0.01)
(2.15 0.33 0.01)
(2.1625 0.33 0.01)
(2.175 0.33 0.01)
(2.1875 0.33 0.01)
(2.2 0.33 0.01)
(2.2125 0.33 0.01)
(2.225 0.33 0.01)
(2.2375 0.33 0.01)
(2.25 0.33 0.01)
(2.2625 0.33 0.01)
(2.275 0.33 0.01)
(2.2875 0.33 0.01)
(2.3 0.33 0.01)
(2.3125 0.33 0.01)
(2.325 0.33 0.01)
(2.3375 0.33 0.01)
(2.35 0.33 0.01)
(2.3625 0.33 0.01)
(2.375 0.33 0.01)
(2.3875 0.33 0.01)
(2.4 0.33 0.01)
(2.4125 0.33 0.01)
(2.425 0.33 0.01)
(2.4375 0.33 0.01)
(2.45 0.33 0.01)
(2.4625 0.33 0.01)
(2.475 0.33 0.01)
(2.4875 0.33 0.01)
(2.5 0.33 0.01)
(0.2625 0.34 0.01)
(0.275 0.34 0.01)
(0.2875 0.34 0.01)
(0.3 0.34 0.01)
(0.3125 0.34 0.01)
(0.325 0.34 0.01)
(0.3375 0.34 0.01)
(0.35 0.34 0.01)
(0.3625 0.34 0.01)
(0.375 0.34 0.01)
(0.3875 0.34 0.01)
(0.4 0.34 0.01)
(0.4125 0.34 0.01)
(0.425 0.34 0.01)
(0.4375 0.34 0.01)
(0.45 0.34 0.01)
(0.4625 0.34 0.01)
(0.475 0.34 0.01)
(0.4875 0.34 0.01)
(0.5 0.34 0.01)
(0.5125 0.34 0.01)
(0.525 0.34 0.01)
(0.5375 0.34 0.01)
(0.55 0.34 0.01)
(0.5625 0.34 0.01)
(0.575 0.34 0.01)
(0.5875 0.34 0.01)
(0.6 0.34 0.01)
(0.6125 0.34 0.01)
(0.625 0.34 0.01)
(0.6375 0.34 0.01)
(0.65 0.34 0.01)
(0.6625 0.34 0.01)
(0.675 0.34 0.01)
(0.6875 0.34 0.01)
(0.7 0.34 0.01)
(0.7125 0.34 0.01)
(0.725 0.34 0.01)
(0.7375 0.34 0.01)
(0.75 0.34 0.01)
(0.7625 0.34 0.01)
(0.775 0.34 0.01)
(0.7875 0.34 0.01)
(0.8 0.34 0.01)
(0.8125 0.34 0.01)
(0.825 0.34 0.01)
(0.8375 0.34 0.01)
(0.85 0.34 0.01)
(0.8625 0.34 0.01)
(0.875 0.34 0.01)
(0.8875 0.34 0.01)
(0.9 0.34 0.01)
(0.9125 0.34 0.01)
(0.925 0.34 0.01)
(0.9375 0.34 0.01)
(0.95 0.34 0.01)
(0.9625 0.34 0.01)
(0.975 0.34 0.01)
(0.9875 0.34 0.01)
(1 0.34 0.01)
(1.0125 0.34 0.01)
(1.025 0.34 0.01)
(1.0375 0.34 0.01)
(1.05 0.34 0.01)
(1.0625 0.34 0.01)
(1.075 0.34 0.01)
(1.0875 0.34 0.01)
(1.1 0.34 0.01)
(1.1125 0.34 0.01)
(1.125 0.34 0.01)
(1.1375 0.34 0.01)
(1.15 0.34 0.01)
(1.1625 0.34 0.01)
(1.175 0.34 0.01)
(1.1875 0.34 0.01)
(1.2 0.34 0.01)
(1.2125 0.34 0.01)
(1.225 0.34 0.01)
(1.2375 0.34 0.01)
(1.25 0.34 0.01)
(1.2625 0.34 0.01)
(1.275 0.34 0.01)
(1.2875 0.34 0.01)
(1.3 0.34 0.01)
(1.3125 0.34 0.01)
(1.325 0.34 0.01)
(1.3375 0.34 0.01)
(1.35 0.34 0.01)
(1.3625 0.34 0.01)
(1.375 0.34 0.01)
(1.3875 0.34 0.01)
(1.4 0.34 0.01)
(1.4125 0.34 0.01)
(1.425 0.34 0.01)
(1.4375 0.34 0.01)
(1.45 0.34 0.01)
(1.4625 0.34 0.01)
(1.475 0.34 0.01)
(1.4875 0.34 0.01)
(1.5 0.34 0.01)
(1.5125 0.34 0.01)
(1.525 0.34 0.01)
(1.5375 0.34 0.01)
(1.55 0.34 0.01)
(1.5625 0.34 0.01)
(1.575 0.34 0.01)
(1.5875 0.34 0.01)
(1.6 0.34 0.01)
(1.6125 0.34 0.01)
(1.625 0.34 0.01)
(1.6375 0.34 0.01)
(1.65 0.34 0.01)
(1.6625 0.34 0.01)
(1.675 0.34 0.01)
(1.6875 0.34 0.01)
(1.7 0.34 0.01)
(1.7125 0.34 0.01)
(1.725 0.34 0.01)
(1.7375 0.34 0.01)
(1.75 0.34 0.01)
(1.7625 0.34 0.01)
(1.775 0.34 0.01)
(1.7875 0.34 0.01)
(1.8 0.34 0.01)
(1.8125 0.34 0.01)
(1.825 0.34 0.01)
(1.8375 0.34 0.01)
(1.85 0.34 0.01)
(1.8625 0.34 0.01)
(1.875 0.34 0.01)
(1.8875 0.34 0.01)
(1.9 0.34 0.01)
(1.9125 0.34 0.01)
(1.925 0.34 0.01)
(1.9375 0.34 0.01)
(1.95 0.34 0.01)
(1.9625 0.34 0.01)
(1.975 0.34 0.01)
(1.9875 0.34 0.01)
(2 0.34 0.01)
(2.0125 0.34 0.01)
(2.025 0.34 0.01)
(2.0375 0.34 0.01)
(2.05 0.34 0.01)
(2.0625 0.34 0.01)
(2.075 0.34 0.01)
(2.0875 0.34 0.01)
(2.1 0.34 0.01)
(2.1125 0.34 0.01)
(2.125 0.34 0.01)
(2.1375 0.34 0.01)
(2.15 0.34 0.01)
(2.1625 0.34 0.01)
(2.175 0.34 0.01)
(2.1875 0.34 0.01)
(2.2 0.34 0.01)
(2.2125 0.34 0.01)
(2.225 0.34 0.01)
(2.2375 0.34 0.01)
(2.25 0.34 0.01)
(2.2625 0.34 0.01)
(2.275 0.34 0.01)
(2.2875 0.34 0.01)
(2.3 0.34 0.01)
(2.3125 0.34 0.01)
(2.325 0.34 0.01)
(2.3375 0.34 0.01)
(2.35 0.34 0.01)
(2.3625 0.34 0.01)
(2.375 0.34 0.01)
(2.3875 0.34 0.01)
(2.4 0.34 0.01)
(2.4125 0.34 0.01)
(2.425 0.34 0.01)
(2.4375 0.34 0.01)
(2.45 0.34 0.01)
(2.4625 0.34 0.01)
(2.475 0.34 0.01)
(2.4875 0.34 0.01)
(2.5 0.34 0.01)
(0.2625 0.35 0.01)
(0.275 0.35 0.01)
(0.2875 0.35 0.01)
(0.3 0.35 0.01)
(0.3125 0.35 0.01)
(0.325 0.35 0.01)
(0.3375 0.35 0.01)
(0.35 0.35 0.01)
(0.3625 0.35 0.01)
(0.375 0.35 0.01)
(0.3875 0.35 0.01)
(0.4 0.35 0.01)
(0.4125 0.35 0.01)
(0.425 0.35 0.01)
(0.4375 0.35 0.01)
(0.45 0.35 0.01)
(0.4625 0.35 0.01)
(0.475 0.35 0.01)
(0.4875 0.35 0.01)
(0.5 0.35 0.01)
(0.5125 0.35 0.01)
(0.525 0.35 0.01)
(0.5375 0.35 0.01)
(0.55 0.35 0.01)
(0.5625 0.35 0.01)
(0.575 0.35 0.01)
(0.5875 0.35 0.01)
(0.6 0.35 0.01)
(0.6125 0.35 0.01)
(0.625 0.35 0.01)
(0.6375 0.35 0.01)
(0.65 0.35 0.01)
(0.6625 0.35 0.01)
(0.675 0.35 0.01)
(0.6875 0.35 0.01)
(0.7 0.35 0.01)
(0.7125 0.35 0.01)
(0.725 0.35 0.01)
(0.7375 0.35 0.01)
(0.75 0.35 0.01)
(0.7625 0.35 0.01)
(0.775 0.35 0.01)
(0.7875 0.35 0.01)
(0.8 0.35 0.01)
(0.8125 0.35 0.01)
(0.825 0.35 0.01)
(0.8375 0.35 0.01)
(0.85 0.35 0.01)
(0.8625 0.35 0.01)
(0.875 0.35 0.01)
(0.8875 0.35 0.01)
(0.9 0.35 0.01)
(0.9125 0.35 0.01)
(0.925 0.35 0.01)
(0.9375 0.35 0.01)
(0.95 0.35 0.01)
(0.9625 0.35 0.01)
(0.975 0.35 0.01)
(0.9875 0.35 0.01)
(1 0.35 0.01)
(1.0125 0.35 0.01)
(1.025 0.35 0.01)
(1.0375 0.35 0.01)
(1.05 0.35 0.01)
(1.0625 0.35 0.01)
(1.075 0.35 0.01)
(1.0875 0.35 0.01)
(1.1 0.35 0.01)
(1.1125 0.35 0.01)
(1.125 0.35 0.01)
(1.1375 0.35 0.01)
(1.15 0.35 0.01)
(1.1625 0.35 0.01)
(1.175 0.35 0.01)
(1.1875 0.35 0.01)
(1.2 0.35 0.01)
(1.2125 0.35 0.01)
(1.225 0.35 0.01)
(1.2375 0.35 0.01)
(1.25 0.35 0.01)
(1.2625 0.35 0.01)
(1.275 0.35 0.01)
(1.2875 0.35 0.01)
(1.3 0.35 0.01)
(1.3125 0.35 0.01)
(1.325 0.35 0.01)
(1.3375 0.35 0.01)
(1.35 0.35 0.01)
(1.3625 0.35 0.01)
(1.375 0.35 0.01)
(1.3875 0.35 0.01)
(1.4 0.35 0.01)
(1.4125 0.35 0.01)
(1.425 0.35 0.01)
(1.4375 0.35 0.01)
(1.45 0.35 0.01)
(1.4625 0.35 0.01)
(1.475 0.35 0.01)
(1.4875 0.35 0.01)
(1.5 0.35 0.01)
(1.5125 0.35 0.01)
(1.525 0.35 0.01)
(1.5375 0.35 0.01)
(1.55 0.35 0.01)
(1.5625 0.35 0.01)
(1.575 0.35 0.01)
(1.5875 0.35 0.01)
(1.6 0.35 0.01)
(1.6125 0.35 0.01)
(1.625 0.35 0.01)
(1.6375 0.35 0.01)
(1.65 0.35 0.01)
(1.6625 0.35 0.01)
(1.675 0.35 0.01)
(1.6875 0.35 0.01)
(1.7 0.35 0.01)
(1.7125 0.35 0.01)
(1.725 0.35 0.01)
(1.7375 0.35 0.01)
(1.75 0.35 0.01)
(1.7625 0.35 0.01)
(1.775 0.35 0.01)
(1.7875 0.35 0.01)
(1.8 0.35 0.01)
(1.8125 0.35 0.01)
(1.825 0.35 0.01)
(1.8375 0.35 0.01)
(1.85 0.35 0.01)
(1.8625 0.35 0.01)
(1.875 0.35 0.01)
(1.8875 0.35 0.01)
(1.9 0.35 0.01)
(1.9125 0.35 0.01)
(1.925 0.35 0.01)
(1.9375 0.35 0.01)
(1.95 0.35 0.01)
(1.9625 0.35 0.01)
(1.975 0.35 0.01)
(1.9875 0.35 0.01)
(2 0.35 0.01)
(2.0125 0.35 0.01)
(2.025 0.35 0.01)
(2.0375 0.35 0.01)
(2.05 0.35 0.01)
(2.0625 0.35 0.01)
(2.075 0.35 0.01)
(2.0875 0.35 0.01)
(2.1 0.35 0.01)
(2.1125 0.35 0.01)
(2.125 0.35 0.01)
(2.1375 0.35 0.01)
(2.15 0.35 0.01)
(2.1625 0.35 0.01)
(2.175 0.35 0.01)
(2.1875 0.35 0.01)
(2.2 0.35 0.01)
(2.2125 0.35 0.01)
(2.225 0.35 0.01)
(2.2375 0.35 0.01)
(2.25 0.35 0.01)
(2.2625 0.35 0.01)
(2.275 0.35 0.01)
(2.2875 0.35 0.01)
(2.3 0.35 0.01)
(2.3125 0.35 0.01)
(2.325 0.35 0.01)
(2.3375 0.35 0.01)
(2.35 0.35 0.01)
(2.3625 0.35 0.01)
(2.375 0.35 0.01)
(2.3875 0.35 0.01)
(2.4 0.35 0.01)
(2.4125 0.35 0.01)
(2.425 0.35 0.01)
(2.4375 0.35 0.01)
(2.45 0.35 0.01)
(2.4625 0.35 0.01)
(2.475 0.35 0.01)
(2.4875 0.35 0.01)
(2.5 0.35 0.01)
(0.2625 0.36 0.01)
(0.275 0.36 0.01)
(0.2875 0.36 0.01)
(0.3 0.36 0.01)
(0.3125 0.36 0.01)
(0.325 0.36 0.01)
(0.3375 0.36 0.01)
(0.35 0.36 0.01)
(0.3625 0.36 0.01)
(0.375 0.36 0.01)
(0.3875 0.36 0.01)
(0.4 0.36 0.01)
(0.4125 0.36 0.01)
(0.425 0.36 0.01)
(0.4375 0.36 0.01)
(0.45 0.36 0.01)
(0.4625 0.36 0.01)
(0.475 0.36 0.01)
(0.4875 0.36 0.01)
(0.5 0.36 0.01)
(0.5125 0.36 0.01)
(0.525 0.36 0.01)
(0.5375 0.36 0.01)
(0.55 0.36 0.01)
(0.5625 0.36 0.01)
(0.575 0.36 0.01)
(0.5875 0.36 0.01)
(0.6 0.36 0.01)
(0.6125 0.36 0.01)
(0.625 0.36 0.01)
(0.6375 0.36 0.01)
(0.65 0.36 0.01)
(0.6625 0.36 0.01)
(0.675 0.36 0.01)
(0.6875 0.36 0.01)
(0.7 0.36 0.01)
(0.7125 0.36 0.01)
(0.725 0.36 0.01)
(0.7375 0.36 0.01)
(0.75 0.36 0.01)
(0.7625 0.36 0.01)
(0.775 0.36 0.01)
(0.7875 0.36 0.01)
(0.8 0.36 0.01)
(0.8125 0.36 0.01)
(0.825 0.36 0.01)
(0.8375 0.36 0.01)
(0.85 0.36 0.01)
(0.8625 0.36 0.01)
(0.875 0.36 0.01)
(0.8875 0.36 0.01)
(0.9 0.36 0.01)
(0.9125 0.36 0.01)
(0.925 0.36 0.01)
(0.9375 0.36 0.01)
(0.95 0.36 0.01)
(0.9625 0.36 0.01)
(0.975 0.36 0.01)
(0.9875 0.36 0.01)
(1 0.36 0.01)
(1.0125 0.36 0.01)
(1.025 0.36 0.01)
(1.0375 0.36 0.01)
(1.05 0.36 0.01)
(1.0625 0.36 0.01)
(1.075 0.36 0.01)
(1.0875 0.36 0.01)
(1.1 0.36 0.01)
(1.1125 0.36 0.01)
(1.125 0.36 0.01)
(1.1375 0.36 0.01)
(1.15 0.36 0.01)
(1.1625 0.36 0.01)
(1.175 0.36 0.01)
(1.1875 0.36 0.01)
(1.2 0.36 0.01)
(1.2125 0.36 0.01)
(1.225 0.36 0.01)
(1.2375 0.36 0.01)
(1.25 0.36 0.01)
(1.2625 0.36 0.01)
(1.275 0.36 0.01)
(1.2875 0.36 0.01)
(1.3 0.36 0.01)
(1.3125 0.36 0.01)
(1.325 0.36 0.01)
(1.3375 0.36 0.01)
(1.35 0.36 0.01)
(1.3625 0.36 0.01)
(1.375 0.36 0.01)
(1.3875 0.36 0.01)
(1.4 0.36 0.01)
(1.4125 0.36 0.01)
(1.425 0.36 0.01)
(1.4375 0.36 0.01)
(1.45 0.36 0.01)
(1.4625 0.36 0.01)
(1.475 0.36 0.01)
(1.4875 0.36 0.01)
(1.5 0.36 0.01)
(1.5125 0.36 0.01)
(1.525 0.36 0.01)
(1.5375 0.36 0.01)
(1.55 0.36 0.01)
(1.5625 0.36 0.01)
(1.575 0.36 0.01)
(1.5875 0.36 0.01)
(1.6 0.36 0.01)
(1.6125 0.36 0.01)
(1.625 0.36 0.01)
(1.6375 0.36 0.01)
(1.65 0.36 0.01)
(1.6625 0.36 0.01)
(1.675 0.36 0.01)
(1.6875 0.36 0.01)
(1.7 0.36 0.01)
(1.7125 0.36 0.01)
(1.725 0.36 0.01)
(1.7375 0.36 0.01)
(1.75 0.36 0.01)
(1.7625 0.36 0.01)
(1.775 0.36 0.01)
(1.7875 0.36 0.01)
(1.8 0.36 0.01)
(1.8125 0.36 0.01)
(1.825 0.36 0.01)
(1.8375 0.36 0.01)
(1.85 0.36 0.01)
(1.8625 0.36 0.01)
(1.875 0.36 0.01)
(1.8875 0.36 0.01)
(1.9 0.36 0.01)
(1.9125 0.36 0.01)
(1.925 0.36 0.01)
(1.9375 0.36 0.01)
(1.95 0.36 0.01)
(1.9625 0.36 0.01)
(1.975 0.36 0.01)
(1.9875 0.36 0.01)
(2 0.36 0.01)
(2.0125 0.36 0.01)
(2.025 0.36 0.01)
(2.0375 0.36 0.01)
(2.05 0.36 0.01)
(2.0625 0.36 0.01)
(2.075 0.36 0.01)
(2.0875 0.36 0.01)
(2.1 0.36 0.01)
(2.1125 0.36 0.01)
(2.125 0.36 0.01)
(2.1375 0.36 0.01)
(2.15 0.36 0.01)
(2.1625 0.36 0.01)
(2.175 0.36 0.01)
(2.1875 0.36 0.01)
(2.2 0.36 0.01)
(2.2125 0.36 0.01)
(2.225 0.36 0.01)
(2.2375 0.36 0.01)
(2.25 0.36 0.01)
(2.2625 0.36 0.01)
(2.275 0.36 0.01)
(2.2875 0.36 0.01)
(2.3 0.36 0.01)
(2.3125 0.36 0.01)
(2.325 0.36 0.01)
(2.3375 0.36 0.01)
(2.35 0.36 0.01)
(2.3625 0.36 0.01)
(2.375 0.36 0.01)
(2.3875 0.36 0.01)
(2.4 0.36 0.01)
(2.4125 0.36 0.01)
(2.425 0.36 0.01)
(2.4375 0.36 0.01)
(2.45 0.36 0.01)
(2.4625 0.36 0.01)
(2.475 0.36 0.01)
(2.4875 0.36 0.01)
(2.5 0.36 0.01)
(0.2625 0.37 0.01)
(0.275 0.37 0.01)
(0.2875 0.37 0.01)
(0.3 0.37 0.01)
(0.3125 0.37 0.01)
(0.325 0.37 0.01)
(0.3375 0.37 0.01)
(0.35 0.37 0.01)
(0.3625 0.37 0.01)
(0.375 0.37 0.01)
(0.3875 0.37 0.01)
(0.4 0.37 0.01)
(0.4125 0.37 0.01)
(0.425 0.37 0.01)
(0.4375 0.37 0.01)
(0.45 0.37 0.01)
(0.4625 0.37 0.01)
(0.475 0.37 0.01)
(0.4875 0.37 0.01)
(0.5 0.37 0.01)
(0.5125 0.37 0.01)
(0.525 0.37 0.01)
(0.5375 0.37 0.01)
(0.55 0.37 0.01)
(0.5625 0.37 0.01)
(0.575 0.37 0.01)
(0.5875 0.37 0.01)
(0.6 0.37 0.01)
(0.6125 0.37 0.01)
(0.625 0.37 0.01)
(0.6375 0.37 0.01)
(0.65 0.37 0.01)
(0.6625 0.37 0.01)
(0.675 0.37 0.01)
(0.6875 0.37 0.01)
(0.7 0.37 0.01)
(0.7125 0.37 0.01)
(0.725 0.37 0.01)
(0.7375 0.37 0.01)
(0.75 0.37 0.01)
(0.7625 0.37 0.01)
(0.775 0.37 0.01)
(0.7875 0.37 0.01)
(0.8 0.37 0.01)
(0.8125 0.37 0.01)
(0.825 0.37 0.01)
(0.8375 0.37 0.01)
(0.85 0.37 0.01)
(0.8625 0.37 0.01)
(0.875 0.37 0.01)
(0.8875 0.37 0.01)
(0.9 0.37 0.01)
(0.9125 0.37 0.01)
(0.925 0.37 0.01)
(0.9375 0.37 0.01)
(0.95 0.37 0.01)
(0.9625 0.37 0.01)
(0.975 0.37 0.01)
(0.9875 0.37 0.01)
(1 0.37 0.01)
(1.0125 0.37 0.01)
(1.025 0.37 0.01)
(1.0375 0.37 0.01)
(1.05 0.37 0.01)
(1.0625 0.37 0.01)
(1.075 0.37 0.01)
(1.0875 0.37 0.01)
(1.1 0.37 0.01)
(1.1125 0.37 0.01)
(1.125 0.37 0.01)
(1.1375 0.37 0.01)
(1.15 0.37 0.01)
(1.1625 0.37 0.01)
(1.175 0.37 0.01)
(1.1875 0.37 0.01)
(1.2 0.37 0.01)
(1.2125 0.37 0.01)
(1.225 0.37 0.01)
(1.2375 0.37 0.01)
(1.25 0.37 0.01)
(1.2625 0.37 0.01)
(1.275 0.37 0.01)
(1.2875 0.37 0.01)
(1.3 0.37 0.01)
(1.3125 0.37 0.01)
(1.325 0.37 0.01)
(1.3375 0.37 0.01)
(1.35 0.37 0.01)
(1.3625 0.37 0.01)
(1.375 0.37 0.01)
(1.3875 0.37 0.01)
(1.4 0.37 0.01)
(1.4125 0.37 0.01)
(1.425 0.37 0.01)
(1.4375 0.37 0.01)
(1.45 0.37 0.01)
(1.4625 0.37 0.01)
(1.475 0.37 0.01)
(1.4875 0.37 0.01)
(1.5 0.37 0.01)
(1.5125 0.37 0.01)
(1.525 0.37 0.01)
(1.5375 0.37 0.01)
(1.55 0.37 0.01)
(1.5625 0.37 0.01)
(1.575 0.37 0.01)
(1.5875 0.37 0.01)
(1.6 0.37 0.01)
(1.6125 0.37 0.01)
(1.625 0.37 0.01)
(1.6375 0.37 0.01)
(1.65 0.37 0.01)
(1.6625 0.37 0.01)
(1.675 0.37 0.01)
(1.6875 0.37 0.01)
(1.7 0.37 0.01)
(1.7125 0.37 0.01)
(1.725 0.37 0.01)
(1.7375 0.37 0.01)
(1.75 0.37 0.01)
(1.7625 0.37 0.01)
(1.775 0.37 0.01)
(1.7875 0.37 0.01)
(1.8 0.37 0.01)
(1.8125 0.37 0.01)
(1.825 0.37 0.01)
(1.8375 0.37 0.01)
(1.85 0.37 0.01)
(1.8625 0.37 0.01)
(1.875 0.37 0.01)
(1.8875 0.37 0.01)
(1.9 0.37 0.01)
(1.9125 0.37 0.01)
(1.925 0.37 0.01)
(1.9375 0.37 0.01)
(1.95 0.37 0.01)
(1.9625 0.37 0.01)
(1.975 0.37 0.01)
(1.9875 0.37 0.01)
(2 0.37 0.01)
(2.0125 0.37 0.01)
(2.025 0.37 0.01)
(2.0375 0.37 0.01)
(2.05 0.37 0.01)
(2.0625 0.37 0.01)
(2.075 0.37 0.01)
(2.0875 0.37 0.01)
(2.1 0.37 0.01)
(2.1125 0.37 0.01)
(2.125 0.37 0.01)
(2.1375 0.37 0.01)
(2.15 0.37 0.01)
(2.1625 0.37 0.01)
(2.175 0.37 0.01)
(2.1875 0.37 0.01)
(2.2 0.37 0.01)
(2.2125 0.37 0.01)
(2.225 0.37 0.01)
(2.2375 0.37 0.01)
(2.25 0.37 0.01)
(2.2625 0.37 0.01)
(2.275 0.37 0.01)
(2.2875 0.37 0.01)
(2.3 0.37 0.01)
(2.3125 0.37 0.01)
(2.325 0.37 0.01)
(2.3375 0.37 0.01)
(2.35 0.37 0.01)
(2.3625 0.37 0.01)
(2.375 0.37 0.01)
(2.3875 0.37 0.01)
(2.4 0.37 0.01)
(2.4125 0.37 0.01)
(2.425 0.37 0.01)
(2.4375 0.37 0.01)
(2.45 0.37 0.01)
(2.4625 0.37 0.01)
(2.475 0.37 0.01)
(2.4875 0.37 0.01)
(2.5 0.37 0.01)
(0.2625 0.38 0.01)
(0.275 0.38 0.01)
(0.2875 0.38 0.01)
(0.3 0.38 0.01)
(0.3125 0.38 0.01)
(0.325 0.38 0.01)
(0.3375 0.38 0.01)
(0.35 0.38 0.01)
(0.3625 0.38 0.01)
(0.375 0.38 0.01)
(0.3875 0.38 0.01)
(0.4 0.38 0.01)
(0.4125 0.38 0.01)
(0.425 0.38 0.01)
(0.4375 0.38 0.01)
(0.45 0.38 0.01)
(0.4625 0.38 0.01)
(0.475 0.38 0.01)
(0.4875 0.38 0.01)
(0.5 0.38 0.01)
(0.5125 0.38 0.01)
(0.525 0.38 0.01)
(0.5375 0.38 0.01)
(0.55 0.38 0.01)
(0.5625 0.38 0.01)
(0.575 0.38 0.01)
(0.5875 0.38 0.01)
(0.6 0.38 0.01)
(0.6125 0.38 0.01)
(0.625 0.38 0.01)
(0.6375 0.38 0.01)
(0.65 0.38 0.01)
(0.6625 0.38 0.01)
(0.675 0.38 0.01)
(0.6875 0.38 0.01)
(0.7 0.38 0.01)
(0.7125 0.38 0.01)
(0.725 0.38 0.01)
(0.7375 0.38 0.01)
(0.75 0.38 0.01)
(0.7625 0.38 0.01)
(0.775 0.38 0.01)
(0.7875 0.38 0.01)
(0.8 0.38 0.01)
(0.8125 0.38 0.01)
(0.825 0.38 0.01)
(0.8375 0.38 0.01)
(0.85 0.38 0.01)
(0.8625 0.38 0.01)
(0.875 0.38 0.01)
(0.8875 0.38 0.01)
(0.9 0.38 0.01)
(0.9125 0.38 0.01)
(0.925 0.38 0.01)
(0.9375 0.38 0.01)
(0.95 0.38 0.01)
(0.9625 0.38 0.01)
(0.975 0.38 0.01)
(0.9875 0.38 0.01)
(1 0.38 0.01)
(1.0125 0.38 0.01)
(1.025 0.38 0.01)
(1.0375 0.38 0.01)
(1.05 0.38 0.01)
(1.0625 0.38 0.01)
(1.075 0.38 0.01)
(1.0875 0.38 0.01)
(1.1 0.38 0.01)
(1.1125 0.38 0.01)
(1.125 0.38 0.01)
(1.1375 0.38 0.01)
(1.15 0.38 0.01)
(1.1625 0.38 0.01)
(1.175 0.38 0.01)
(1.1875 0.38 0.01)
(1.2 0.38 0.01)
(1.2125 0.38 0.01)
(1.225 0.38 0.01)
(1.2375 0.38 0.01)
(1.25 0.38 0.01)
(1.2625 0.38 0.01)
(1.275 0.38 0.01)
(1.2875 0.38 0.01)
(1.3 0.38 0.01)
(1.3125 0.38 0.01)
(1.325 0.38 0.01)
(1.3375 0.38 0.01)
(1.35 0.38 0.01)
(1.3625 0.38 0.01)
(1.375 0.38 0.01)
(1.3875 0.38 0.01)
(1.4 0.38 0.01)
(1.4125 0.38 0.01)
(1.425 0.38 0.01)
(1.4375 0.38 0.01)
(1.45 0.38 0.01)
(1.4625 0.38 0.01)
(1.475 0.38 0.01)
(1.4875 0.38 0.01)
(1.5 0.38 0.01)
(1.5125 0.38 0.01)
(1.525 0.38 0.01)
(1.5375 0.38 0.01)
(1.55 0.38 0.01)
(1.5625 0.38 0.01)
(1.575 0.38 0.01)
(1.5875 0.38 0.01)
(1.6 0.38 0.01)
(1.6125 0.38 0.01)
(1.625 0.38 0.01)
(1.6375 0.38 0.01)
(1.65 0.38 0.01)
(1.6625 0.38 0.01)
(1.675 0.38 0.01)
(1.6875 0.38 0.01)
(1.7 0.38 0.01)
(1.7125 0.38 0.01)
(1.725 0.38 0.01)
(1.7375 0.38 0.01)
(1.75 0.38 0.01)
(1.7625 0.38 0.01)
(1.775 0.38 0.01)
(1.7875 0.38 0.01)
(1.8 0.38 0.01)
(1.8125 0.38 0.01)
(1.825 0.38 0.01)
(1.8375 0.38 0.01)
(1.85 0.38 0.01)
(1.8625 0.38 0.01)
(1.875 0.38 0.01)
(1.8875 0.38 0.01)
(1.9 0.38 0.01)
(1.9125 0.38 0.01)
(1.925 0.38 0.01)
(1.9375 0.38 0.01)
(1.95 0.38 0.01)
(1.9625 0.38 0.01)
(1.975 0.38 0.01)
(1.9875 0.38 0.01)
(2 0.38 0.01)
(2.0125 0.38 0.01)
(2.025 0.38 0.01)
(2.0375 0.38 0.01)
(2.05 0.38 0.01)
(2.0625 0.38 0.01)
(2.075 0.38 0.01)
(2.0875 0.38 0.01)
(2.1 0.38 0.01)
(2.1125 0.38 0.01)
(2.125 0.38 0.01)
(2.1375 0.38 0.01)
(2.15 0.38 0.01)
(2.1625 0.38 0.01)
(2.175 0.38 0.01)
(2.1875 0.38 0.01)
(2.2 0.38 0.01)
(2.2125 0.38 0.01)
(2.225 0.38 0.01)
(2.2375 0.38 0.01)
(2.25 0.38 0.01)
(2.2625 0.38 0.01)
(2.275 0.38 0.01)
(2.2875 0.38 0.01)
(2.3 0.38 0.01)
(2.3125 0.38 0.01)
(2.325 0.38 0.01)
(2.3375 0.38 0.01)
(2.35 0.38 0.01)
(2.3625 0.38 0.01)
(2.375 0.38 0.01)
(2.3875 0.38 0.01)
(2.4 0.38 0.01)
(2.4125 0.38 0.01)
(2.425 0.38 0.01)
(2.4375 0.38 0.01)
(2.45 0.38 0.01)
(2.4625 0.38 0.01)
(2.475 0.38 0.01)
(2.4875 0.38 0.01)
(2.5 0.38 0.01)
(0.2625 0.39 0.01)
(0.275 0.39 0.01)
(0.2875 0.39 0.01)
(0.3 0.39 0.01)
(0.3125 0.39 0.01)
(0.325 0.39 0.01)
(0.3375 0.39 0.01)
(0.35 0.39 0.01)
(0.3625 0.39 0.01)
(0.375 0.39 0.01)
(0.3875 0.39 0.01)
(0.4 0.39 0.01)
(0.4125 0.39 0.01)
(0.425 0.39 0.01)
(0.4375 0.39 0.01)
(0.45 0.39 0.01)
(0.4625 0.39 0.01)
(0.475 0.39 0.01)
(0.4875 0.39 0.01)
(0.5 0.39 0.01)
(0.5125 0.39 0.01)
(0.525 0.39 0.01)
(0.5375 0.39 0.01)
(0.55 0.39 0.01)
(0.5625 0.39 0.01)
(0.575 0.39 0.01)
(0.5875 0.39 0.01)
(0.6 0.39 0.01)
(0.6125 0.39 0.01)
(0.625 0.39 0.01)
(0.6375 0.39 0.01)
(0.65 0.39 0.01)
(0.6625 0.39 0.01)
(0.675 0.39 0.01)
(0.6875 0.39 0.01)
(0.7 0.39 0.01)
(0.7125 0.39 0.01)
(0.725 0.39 0.01)
(0.7375 0.39 0.01)
(0.75 0.39 0.01)
(0.7625 0.39 0.01)
(0.775 0.39 0.01)
(0.7875 0.39 0.01)
(0.8 0.39 0.01)
(0.8125 0.39 0.01)
(0.825 0.39 0.01)
(0.8375 0.39 0.01)
(0.85 0.39 0.01)
(0.8625 0.39 0.01)
(0.875 0.39 0.01)
(0.8875 0.39 0.01)
(0.9 0.39 0.01)
(0.9125 0.39 0.01)
(0.925 0.39 0.01)
(0.9375 0.39 0.01)
(0.95 0.39 0.01)
(0.9625 0.39 0.01)
(0.975 0.39 0.01)
(0.9875 0.39 0.01)
(1 0.39 0.01)
(1.0125 0.39 0.01)
(1.025 0.39 0.01)
(1.0375 0.39 0.01)
(1.05 0.39 0.01)
(1.0625 0.39 0.01)
(1.075 0.39 0.01)
(1.0875 0.39 0.01)
(1.1 0.39 0.01)
(1.1125 0.39 0.01)
(1.125 0.39 0.01)
(1.1375 0.39 0.01)
(1.15 0.39 0.01)
(1.1625 0.39 0.01)
(1.175 0.39 0.01)
(1.1875 0.39 0.01)
(1.2 0.39 0.01)
(1.2125 0.39 0.01)
(1.225 0.39 0.01)
(1.2375 0.39 0.01)
(1.25 0.39 0.01)
(1.2625 0.39 0.01)
(1.275 0.39 0.01)
(1.2875 0.39 0.01)
(1.3 0.39 0.01)
(1.3125 0.39 0.01)
(1.325 0.39 0.01)
(1.3375 0.39 0.01)
(1.35 0.39 0.01)
(1.3625 0.39 0.01)
(1.375 0.39 0.01)
(1.3875 0.39 0.01)
(1.4 0.39 0.01)
(1.4125 0.39 0.01)
(1.425 0.39 0.01)
(1.4375 0.39 0.01)
(1.45 0.39 0.01)
(1.4625 0.39 0.01)
(1.475 0.39 0.01)
(1.4875 0.39 0.01)
(1.5 0.39 0.01)
(1.5125 0.39 0.01)
(1.525 0.39 0.01)
(1.5375 0.39 0.01)
(1.55 0.39 0.01)
(1.5625 0.39 0.01)
(1.575 0.39 0.01)
(1.5875 0.39 0.01)
(1.6 0.39 0.01)
(1.6125 0.39 0.01)
(1.625 0.39 0.01)
(1.6375 0.39 0.01)
(1.65 0.39 0.01)
(1.6625 0.39 0.01)
(1.675 0.39 0.01)
(1.6875 0.39 0.01)
(1.7 0.39 0.01)
(1.7125 0.39 0.01)
(1.725 0.39 0.01)
(1.7375 0.39 0.01)
(1.75 0.39 0.01)
(1.7625 0.39 0.01)
(1.775 0.39 0.01)
(1.7875 0.39 0.01)
(1.8 0.39 0.01)
(1.8125 0.39 0.01)
(1.825 0.39 0.01)
(1.8375 0.39 0.01)
(1.85 0.39 0.01)
(1.8625 0.39 0.01)
(1.875 0.39 0.01)
(1.8875 0.39 0.01)
(1.9 0.39 0.01)
(1.9125 0.39 0.01)
(1.925 0.39 0.01)
(1.9375 0.39 0.01)
(1.95 0.39 0.01)
(1.9625 0.39 0.01)
(1.975 0.39 0.01)
(1.9875 0.39 0.01)
(2 0.39 0.01)
(2.0125 0.39 0.01)
(2.025 0.39 0.01)
(2.0375 0.39 0.01)
(2.05 0.39 0.01)
(2.0625 0.39 0.01)
(2.075 0.39 0.01)
(2.0875 0.39 0.01)
(2.1 0.39 0.01)
(2.1125 0.39 0.01)
(2.125 0.39 0.01)
(2.1375 0.39 0.01)
(2.15 0.39 0.01)
(2.1625 0.39 0.01)
(2.175 0.39 0.01)
(2.1875 0.39 0.01)
(2.2 0.39 0.01)
(2.2125 0.39 0.01)
(2.225 0.39 0.01)
(2.2375 0.39 0.01)
(2.25 0.39 0.01)
(2.2625 0.39 0.01)
(2.275 0.39 0.01)
(2.2875 0.39 0.01)
(2.3 0.39 0.01)
(2.3125 0.39 0.01)
(2.325 0.39 0.01)
(2.3375 0.39 0.01)
(2.35 0.39 0.01)
(2.3625 0.39 0.01)
(2.375 0.39 0.01)
(2.3875 0.39 0.01)
(2.4 0.39 0.01)
(2.4125 0.39 0.01)
(2.425 0.39 0.01)
(2.4375 0.39 0.01)
(2.45 0.39 0.01)
(2.4625 0.39 0.01)
(2.475 0.39 0.01)
(2.4875 0.39 0.01)
(2.5 0.39 0.01)
(0.2625 0.4 0.01)
(0.275 0.4 0.01)
(0.2875 0.4 0.01)
(0.3 0.4 0.01)
(0.3125 0.4 0.01)
(0.325 0.4 0.01)
(0.3375 0.4 0.01)
(0.35 0.4 0.01)
(0.3625 0.4 0.01)
(0.375 0.4 0.01)
(0.3875 0.4 0.01)
(0.4 0.4 0.01)
(0.4125 0.4 0.01)
(0.425 0.4 0.01)
(0.4375 0.4 0.01)
(0.45 0.4 0.01)
(0.4625 0.4 0.01)
(0.475 0.4 0.01)
(0.4875 0.4 0.01)
(0.5 0.4 0.01)
(0.5125 0.4 0.01)
(0.525 0.4 0.01)
(0.5375 0.4 0.01)
(0.55 0.4 0.01)
(0.5625 0.4 0.01)
(0.575 0.4 0.01)
(0.5875 0.4 0.01)
(0.6 0.4 0.01)
(0.6125 0.4 0.01)
(0.625 0.4 0.01)
(0.6375 0.4 0.01)
(0.65 0.4 0.01)
(0.6625 0.4 0.01)
(0.675 0.4 0.01)
(0.6875 0.4 0.01)
(0.7 0.4 0.01)
(0.7125 0.4 0.01)
(0.725 0.4 0.01)
(0.7375 0.4 0.01)
(0.75 0.4 0.01)
(0.7625 0.4 0.01)
(0.775 0.4 0.01)
(0.7875 0.4 0.01)
(0.8 0.4 0.01)
(0.8125 0.4 0.01)
(0.825 0.4 0.01)
(0.8375 0.4 0.01)
(0.85 0.4 0.01)
(0.8625 0.4 0.01)
(0.875 0.4 0.01)
(0.8875 0.4 0.01)
(0.9 0.4 0.01)
(0.9125 0.4 0.01)
(0.925 0.4 0.01)
(0.9375 0.4 0.01)
(0.95 0.4 0.01)
(0.9625 0.4 0.01)
(0.975 0.4 0.01)
(0.9875 0.4 0.01)
(1 0.4 0.01)
(1.0125 0.4 0.01)
(1.025 0.4 0.01)
(1.0375 0.4 0.01)
(1.05 0.4 0.01)
(1.0625 0.4 0.01)
(1.075 0.4 0.01)
(1.0875 0.4 0.01)
(1.1 0.4 0.01)
(1.1125 0.4 0.01)
(1.125 0.4 0.01)
(1.1375 0.4 0.01)
(1.15 0.4 0.01)
(1.1625 0.4 0.01)
(1.175 0.4 0.01)
(1.1875 0.4 0.01)
(1.2 0.4 0.01)
(1.2125 0.4 0.01)
(1.225 0.4 0.01)
(1.2375 0.4 0.01)
(1.25 0.4 0.01)
(1.2625 0.4 0.01)
(1.275 0.4 0.01)
(1.2875 0.4 0.01)
(1.3 0.4 0.01)
(1.3125 0.4 0.01)
(1.325 0.4 0.01)
(1.3375 0.4 0.01)
(1.35 0.4 0.01)
(1.3625 0.4 0.01)
(1.375 0.4 0.01)
(1.3875 0.4 0.01)
(1.4 0.4 0.01)
(1.4125 0.4 0.01)
(1.425 0.4 0.01)
(1.4375 0.4 0.01)
(1.45 0.4 0.01)
(1.4625 0.4 0.01)
(1.475 0.4 0.01)
(1.4875 0.4 0.01)
(1.5 0.4 0.01)
(1.5125 0.4 0.01)
(1.525 0.4 0.01)
(1.5375 0.4 0.01)
(1.55 0.4 0.01)
(1.5625 0.4 0.01)
(1.575 0.4 0.01)
(1.5875 0.4 0.01)
(1.6 0.4 0.01)
(1.6125 0.4 0.01)
(1.625 0.4 0.01)
(1.6375 0.4 0.01)
(1.65 0.4 0.01)
(1.6625 0.4 0.01)
(1.675 0.4 0.01)
(1.6875 0.4 0.01)
(1.7 0.4 0.01)
(1.7125 0.4 0.01)
(1.725 0.4 0.01)
(1.7375 0.4 0.01)
(1.75 0.4 0.01)
(1.7625 0.4 0.01)
(1.775 0.4 0.01)
(1.7875 0.4 0.01)
(1.8 0.4 0.01)
(1.8125 0.4 0.01)
(1.825 0.4 0.01)
(1.8375 0.4 0.01)
(1.85 0.4 0.01)
(1.8625 0.4 0.01)
(1.875 0.4 0.01)
(1.8875 0.4 0.01)
(1.9 0.4 0.01)
(1.9125 0.4 0.01)
(1.925 0.4 0.01)
(1.9375 0.4 0.01)
(1.95 0.4 0.01)
(1.9625 0.4 0.01)
(1.975 0.4 0.01)
(1.9875 0.4 0.01)
(2 0.4 0.01)
(2.0125 0.4 0.01)
(2.025 0.4 0.01)
(2.0375 0.4 0.01)
(2.05 0.4 0.01)
(2.0625 0.4 0.01)
(2.075 0.4 0.01)
(2.0875 0.4 0.01)
(2.1 0.4 0.01)
(2.1125 0.4 0.01)
(2.125 0.4 0.01)
(2.1375 0.4 0.01)
(2.15 0.4 0.01)
(2.1625 0.4 0.01)
(2.175 0.4 0.01)
(2.1875 0.4 0.01)
(2.2 0.4 0.01)
(2.2125 0.4 0.01)
(2.225 0.4 0.01)
(2.2375 0.4 0.01)
(2.25 0.4 0.01)
(2.2625 0.4 0.01)
(2.275 0.4 0.01)
(2.2875 0.4 0.01)
(2.3 0.4 0.01)
(2.3125 0.4 0.01)
(2.325 0.4 0.01)
(2.3375 0.4 0.01)
(2.35 0.4 0.01)
(2.3625 0.4 0.01)
(2.375 0.4 0.01)
(2.3875 0.4 0.01)
(2.4 0.4 0.01)
(2.4125 0.4 0.01)
(2.425 0.4 0.01)
(2.4375 0.4 0.01)
(2.45 0.4 0.01)
(2.4625 0.4 0.01)
(2.475 0.4 0.01)
(2.4875 0.4 0.01)
(2.5 0.4 0.01)
(0.2625 0.41 0.01)
(0.275 0.41 0.01)
(0.2875 0.41 0.01)
(0.3 0.41 0.01)
(0.3125 0.41 0.01)
(0.325 0.41 0.01)
(0.3375 0.41 0.01)
(0.35 0.41 0.01)
(0.3625 0.41 0.01)
(0.375 0.41 0.01)
(0.3875 0.41 0.01)
(0.4 0.41 0.01)
(0.4125 0.41 0.01)
(0.425 0.41 0.01)
(0.4375 0.41 0.01)
(0.45 0.41 0.01)
(0.4625 0.41 0.01)
(0.475 0.41 0.01)
(0.4875 0.41 0.01)
(0.5 0.41 0.01)
(0.5125 0.41 0.01)
(0.525 0.41 0.01)
(0.5375 0.41 0.01)
(0.55 0.41 0.01)
(0.5625 0.41 0.01)
(0.575 0.41 0.01)
(0.5875 0.41 0.01)
(0.6 0.41 0.01)
(0.6125 0.41 0.01)
(0.625 0.41 0.01)
(0.6375 0.41 0.01)
(0.65 0.41 0.01)
(0.6625 0.41 0.01)
(0.675 0.41 0.01)
(0.6875 0.41 0.01)
(0.7 0.41 0.01)
(0.7125 0.41 0.01)
(0.725 0.41 0.01)
(0.7375 0.41 0.01)
(0.75 0.41 0.01)
(0.7625 0.41 0.01)
(0.775 0.41 0.01)
(0.7875 0.41 0.01)
(0.8 0.41 0.01)
(0.8125 0.41 0.01)
(0.825 0.41 0.01)
(0.8375 0.41 0.01)
(0.85 0.41 0.01)
(0.8625 0.41 0.01)
(0.875 0.41 0.01)
(0.8875 0.41 0.01)
(0.9 0.41 0.01)
(0.9125 0.41 0.01)
(0.925 0.41 0.01)
(0.9375 0.41 0.01)
(0.95 0.41 0.01)
(0.9625 0.41 0.01)
(0.975 0.41 0.01)
(0.9875 0.41 0.01)
(1 0.41 0.01)
(1.0125 0.41 0.01)
(1.025 0.41 0.01)
(1.0375 0.41 0.01)
(1.05 0.41 0.01)
(1.0625 0.41 0.01)
(1.075 0.41 0.01)
(1.0875 0.41 0.01)
(1.1 0.41 0.01)
(1.1125 0.41 0.01)
(1.125 0.41 0.01)
(1.1375 0.41 0.01)
(1.15 0.41 0.01)
(1.1625 0.41 0.01)
(1.175 0.41 0.01)
(1.1875 0.41 0.01)
(1.2 0.41 0.01)
(1.2125 0.41 0.01)
(1.225 0.41 0.01)
(1.2375 0.41 0.01)
(1.25 0.41 0.01)
(1.2625 0.41 0.01)
(1.275 0.41 0.01)
(1.2875 0.41 0.01)
(1.3 0.41 0.01)
(1.3125 0.41 0.01)
(1.325 0.41 0.01)
(1.3375 0.41 0.01)
(1.35 0.41 0.01)
(1.3625 0.41 0.01)
(1.375 0.41 0.01)
(1.3875 0.41 0.01)
(1.4 0.41 0.01)
(1.4125 0.41 0.01)
(1.425 0.41 0.01)
(1.4375 0.41 0.01)
(1.45 0.41 0.01)
(1.4625 0.41 0.01)
(1.475 0.41 0.01)
(1.4875 0.41 0.01)
(1.5 0.41 0.01)
(1.5125 0.41 0.01)
(1.525 0.41 0.01)
(1.5375 0.41 0.01)
(1.55 0.41 0.01)
(1.5625 0.41 0.01)
(1.575 0.41 0.01)
(1.5875 0.41 0.01)
(1.6 0.41 0.01)
(1.6125 0.41 0.01)
(1.625 0.41 0.01)
(1.6375 0.41 0.01)
(1.65 0.41 0.01)
(1.6625 0.41 0.01)
(1.675 0.41 0.01)
(1.6875 0.41 0.01)
(1.7 0.41 0.01)
(1.7125 0.41 0.01)
(1.725 0.41 0.01)
(1.7375 0.41 0.01)
(1.75 0.41 0.01)
(1.7625 0.41 0.01)
(1.775 0.41 0.01)
(1.7875 0.41 0.01)
(1.8 0.41 0.01)
(1.8125 0.41 0.01)
(1.825 0.41 0.01)
(1.8375 0.41 0.01)
(1.85 0.41 0.01)
(1.8625 0.41 0.01)
(1.875 0.41 0.01)
(1.8875 0.41 0.01)
(1.9 0.41 0.01)
(1.9125 0.41 0.01)
(1.925 0.41 0.01)
(1.9375 0.41 0.01)
(1.95 0.41 0.01)
(1.9625 0.41 0.01)
(1.975 0.41 0.01)
(1.9875 0.41 0.01)
(2 0.41 0.01)
(2.0125 0.41 0.01)
(2.025 0.41 0.01)
(2.0375 0.41 0.01)
(2.05 0.41 0.01)
(2.0625 0.41 0.01)
(2.075 0.41 0.01)
(2.0875 0.41 0.01)
(2.1 0.41 0.01)
(2.1125 0.41 0.01)
(2.125 0.41 0.01)
(2.1375 0.41 0.01)
(2.15 0.41 0.01)
(2.1625 0.41 0.01)
(2.175 0.41 0.01)
(2.1875 0.41 0.01)
(2.2 0.41 0.01)
(2.2125 0.41 0.01)
(2.225 0.41 0.01)
(2.2375 0.41 0.01)
(2.25 0.41 0.01)
(2.2625 0.41 0.01)
(2.275 0.41 0.01)
(2.2875 0.41 0.01)
(2.3 0.41 0.01)
(2.3125 0.41 0.01)
(2.325 0.41 0.01)
(2.3375 0.41 0.01)
(2.35 0.41 0.01)
(2.3625 0.41 0.01)
(2.375 0.41 0.01)
(2.3875 0.41 0.01)
(2.4 0.41 0.01)
(2.4125 0.41 0.01)
(2.425 0.41 0.01)
(2.4375 0.41 0.01)
(2.45 0.41 0.01)
(2.4625 0.41 0.01)
(2.475 0.41 0.01)
(2.4875 0.41 0.01)
(2.5 0.41 0.01)
)


// ************************************************************************* //
