/*--------------------------------*- C++ -*----------------------------------*\
| =========                 |                                                 |
| \\      /  F ield         | OpenFOAM: The Open Source CFD Toolbox           |
|  \\    /   O peration     | Version:  2512                                  |
|   \\  /    A nd           | Website:  www.openfoam.com                      |
|    \\/     M anipulation  |                                                 |
\*---------------------------------------------------------------------------*/
FoamFile
{
    version     2.0;
    format      ascii;
    arch        "LSB;label=32;scalar=64";
    class       volVectorField;
    location    "1.5";
    object      U;
}
// * * * * * * * * * * * * * * * * * * * * * * * * * * * * * * * * * * * * * //

dimensions      [0 1 -1 0 0 0 0];

internalField   nonuniform List<vector> 
10250
(
(0.918652 0.0369161 0)
(0.858164 0.0654137 0)
(0.774044 0.0677391 0)
(0.669818 0.0612503 0)
(0.570553 0.0517059 0)
(0.488783 0.0405942 0)
(0.424159 0.0294551 0)
(0.373266 0.0199368 0)
(0.333605 0.0127914 0)
(0.303201 0.00790555 0)
(0.280055 0.00481033 0)
(0.262291 0.00299564 0)
(0.248373 0.00201976 0)
(0.237153 0.00154171 0)
(0.227824 0.00132669 0)
(0.219843 0.00123165 0)
(0.212859 0.00117993 0)
(0.206644 0.0011362 0)
(0.20105 0.00108767 0)
(0.195978 0.00103238 0)
(0.191355 0.00097254 0)
(0.187123 0.000911307 0)
(0.183236 0.00085135 0)
(0.179655 0.000794469 0)
(0.176346 0.000741646 0)
(0.173278 0.000693245 0)
(0.170426 0.000649232 0)
(0.167767 0.000609351 0)
(0.16528 0.000573245 0)
(0.162948 0.000540524 0)
(0.160756 0.000510816 0)
(0.158691 0.000483775 0)
(0.156741 0.000459096 0)
(0.154896 0.000436511 0)
(0.153146 0.000415786 0)
(0.151484 0.000396719 0)
(0.149903 0.000379133 0)
(0.148395 0.000362874 0)
(0.146956 0.000347806 0)
(0.14558 0.000333811 0)
(0.144262 0.000320784 0)
(0.142999 0.000308631 0)
(0.141787 0.000297272 0)
(0.140622 0.000286632 0)
(0.139501 0.000276647 0)
(0.138421 0.00026726 0)
(0.13738 0.000258417 0)
(0.136376 0.000250074 0)
(0.135406 0.000242188 0)
(0.134468 0.000234722 0)
(0.133561 0.000227644 0)
(0.132683 0.000220923 0)
(0.131832 0.000214531 0)
(0.131008 0.000208445 0)
(0.130208 0.000202643 0)
(0.129431 0.000197103 0)
(0.128678 0.000191808 0)
(0.127945 0.000186741 0)
(0.127233 0.000181888 0)
(0.126541 0.000177234 0)
(0.125867 0.000172766 0)
(0.125211 0.000168473 0)
(0.124573 0.000164344 0)
(0.123951 0.00016037 0)
(0.123346 0.000156541 0)
(0.122755 0.000152849 0)
(0.12218 0.000149286 0)
(0.121618 0.000145845 0)
(0.121071 0.000142519 0)
(0.120537 0.000139302 0)
(0.120016 0.000136187 0)
(0.119508 0.00013317 0)
(0.119012 0.000130245 0)
(0.118528 0.000127407 0)
(0.118055 0.00012465 0)
(0.117593 0.000121972 0)
(0.117143 0.000119366 0)
(0.116703 0.000116828 0)
(0.116274 0.000114354 0)
(0.115855 0.000111939 0)
(0.115446 0.000109579 0)
(0.115047 0.000107268 0)
(0.114657 0.000105002 0)
(0.114277 0.000102776 0)
(0.113907 0.000100584 0)
(0.113545 9.84198e-05 0)
(0.113193 9.6279e-05 0)
(0.11285 9.41553e-05 0)
(0.112516 9.2043e-05 0)
(0.11219 8.99364e-05 0)
(0.111874 8.78301e-05 0)
(0.111566 8.57189e-05 0)
(0.111267 8.35982e-05 0)
(0.110977 8.14639e-05 0)
(0.110696 7.93127e-05 0)
(0.110423 7.7142e-05 0)
(0.110159 7.49504e-05 0)
(0.109904 7.27373e-05 0)
(0.109657 7.05035e-05 0)
(0.109419 6.82508e-05 0)
(0.109189 6.59823e-05 0)
(0.108968 6.37022e-05 0)
(0.108755 6.14157e-05 0)
(0.108551 5.91291e-05 0)
(0.108354 5.68492e-05 0)
(0.108166 5.45837e-05 0)
(0.107986 5.23406e-05 0)
(0.107813 5.01282e-05 0)
(0.107648 4.7955e-05 0)
(0.10749 4.58291e-05 0)
(0.107339 4.37586e-05 0)
(0.107195 4.17508e-05 0)
(0.107058 3.98124e-05 0)
(0.106926 3.79494e-05 0)
(0.106801 3.61666e-05 0)
(0.106681 3.44679e-05 0)
(0.106567 3.28561e-05 0)
(0.106457 3.13328e-05 0)
(0.106352 2.98989e-05 0)
(0.106252 2.85538e-05 0)
(0.106156 2.72963e-05 0)
(0.106063 2.6124e-05 0)
(0.105975 2.50339e-05 0)
(0.105889 2.40222e-05 0)
(0.105807 2.30846e-05 0)
(0.105728 2.22162e-05 0)
(0.105651 2.14121e-05 0)
(0.105577 2.06671e-05 0)
(0.105506 1.9976e-05 0)
(0.105436 1.93339e-05 0)
(0.105369 1.87358e-05 0)
(0.105304 1.8177e-05 0)
(0.10524 1.76533e-05 0)
(0.105179 1.71608e-05 0)
(0.105119 1.66959e-05 0)
(0.105061 1.62559e-05 0)
(0.105004 1.58382e-05 0)
(0.10495 1.54407e-05 0)
(0.104896 1.5062e-05 0)
(0.104844 1.47009e-05 0)
(0.104794 1.43565e-05 0)
(0.104745 1.40281e-05 0)
(0.104697 1.37151e-05 0)
(0.104651 1.34171e-05 0)
(0.104605 1.31337e-05 0)
(0.104562 1.28643e-05 0)
(0.104519 1.26081e-05 0)
(0.104478 1.23644e-05 0)
(0.104437 1.2132e-05 0)
(0.104398 1.19094e-05 0)
(0.10436 1.1695e-05 0)
(0.104323 1.14865e-05 0)
(0.104288 1.12818e-05 0)
(0.104253 1.10783e-05 0)
(0.104219 1.08734e-05 0)
(0.104187 1.06644e-05 0)
(0.104155 1.04487e-05 0)
(0.104125 1.0224e-05 0)
(0.104095 9.98778e-06 0)
(0.104067 9.73807e-06 0)
(0.10404 9.47317e-06 0)
(0.104013 9.19186e-06 0)
(0.103988 8.89338e-06 0)
(0.103964 8.5775e-06 0)
(0.103942 8.24458e-06 0)
(0.10392 7.89556e-06 0)
(0.1039 7.53178e-06 0)
(0.103881 7.15499e-06 0)
(0.103863 6.76735e-06 0)
(0.103846 6.37142e-06 0)
(0.10383 5.97006e-06 0)
(0.103815 5.56627e-06 0)
(0.103802 5.16306e-06 0)
(0.10379 4.76352e-06 0)
(0.103779 4.37068e-06 0)
(0.103768 3.98748e-06 0)
(0.103759 3.61655e-06 0)
(0.103751 3.26023e-06 0)
(0.103743 2.92052e-06 0)
(0.103737 2.59908e-06 0)
(0.103731 2.29725e-06 0)
(0.103726 2.01603e-06 0)
(0.103722 1.75613e-06 0)
(0.103718 1.51788e-06 0)
(0.103715 1.30119e-06 0)
(0.103712 1.10562e-06 0)
(0.10371 9.30469e-07 0)
(0.103708 7.74943e-07 0)
(0.103706 6.38058e-07 0)
(0.103705 5.18712e-07 0)
(0.103704 4.15667e-07 0)
(0.103703 3.27505e-07 0)
(0.103703 2.52978e-07 0)
(0.103702 1.90706e-07 0)
(0.103702 1.39193e-07 0)
(0.103701 9.74808e-08 0)
(0.103701 6.40252e-08 0)
(0.103701 3.72615e-08 0)
(0.103701 1.57833e-08 0)
(0.103701 -8.90643e-10 0)
(0.103701 -1.29538e-08 0)
(0.103701 -2.12973e-08 0)
(0.103701 -2.67083e-08 0)
(0.103701 -2.9871e-08 0)
(0.103702 -3.13367e-08 0)
(0.103702 -3.1498e-08 0)
(0.103702 -3.06418e-08 0)
(0.103702 -2.90497e-08 0)
(0.103702 -2.70209e-08 0)
(0.103702 -2.47931e-08 0)
(0.103702 -2.25e-08 0)
(0.103702 -2.02111e-08 0)
(0.103702 -1.79732e-08 0)
(0.103702 -1.58157e-08 0)
(0.103702 -1.37671e-08 0)
(0.103702 -1.18725e-08 0)
(0.103702 -1.01805e-08 0)
(0.103702 -8.71005e-09 0)
(0.103702 -7.43639e-09 0)
(0.103702 -6.31987e-09 0)
(0.103702 -5.34206e-09 0)
(0.103702 -4.50936e-09 0)
(0.103702 -3.81558e-09 0)
(0.103702 -3.22941e-09 0)
(0.103702 -2.72909e-09 0)
(0.103702 -2.29858e-09 0)
(0.103702 -1.93258e-09 0)
(0.103702 -1.64048e-09 0)
(0.103702 -1.40827e-09 0)
(0.103702 -1.21998e-09 0)
(0.103702 -1.07428e-09 0)
(0.103702 -9.67562e-10 0)
(0.103702 -8.73544e-10 0)
(0.103702 -7.89111e-10 0)
(0.103702 -7.37751e-10 0)
(0.103702 -7.05432e-10 0)
(0.103702 -6.69932e-10 0)
(0.103702 -6.42484e-10 0)
(0.103702 -5.90538e-10 0)
(0.103702 -5.32933e-10 0)
(0.103702 -4.92064e-10 0)
(0.103702 -4.01446e-10 0)
(0.103702 -1.79309e-10 0)
(0.103702 9.70384e-11 0)
(0.103702 5.68299e-10 0)
(0.103702 1.26341e-09 0)
(0.103702 2.52031e-09 0)
(0.103702 4.87161e-09 0)
(0.103702 9.12571e-09 0)
(0.103702 1.4028e-08 0)
(1.0015 0.0570148 0)
(1.03215 0.110506 0)
(1.04863 0.125529 0)
(1.04026 0.125395 0)
(1.01344 0.118815 0)
(0.977524 0.107699 0)
(0.937342 0.0934589 0)
(0.895124 0.0781843 0)
(0.852575 0.0636918 0)
(0.811342 0.0510279 0)
(0.772697 0.0405903 0)
(0.737351 0.0323694 0)
(0.705525 0.0261121 0)
(0.677117 0.0214477 0)
(0.65185 0.0179908 0)
(0.629373 0.0154061 0)
(0.609324 0.0134335 0)
(0.591365 0.0118866 0)
(0.575196 0.0106379 0)
(0.560564 0.0096032 0)
(0.547255 0.00872737 0)
(0.535092 0.0079741 0)
(0.523928 0.00731883 0)
(0.513641 0.00674419 0)
(0.504127 0.00623721 0)
(0.495299 0.0057878 0)
(0.487083 0.00538776 0)
(0.479416 0.00503027 0)
(0.472241 0.00470963 0)
(0.465511 0.00442101 0)
(0.459183 0.0041603 0)
(0.45322 0.00392402 0)
(0.44759 0.0037092 0)
(0.442263 0.00351329 0)
(0.437214 0.00333411 0)
(0.43242 0.00316978 0)
(0.427861 0.00301868 0)
(0.423518 0.0028794 0)
(0.419375 0.00275071 0)
(0.415417 0.00263152 0)
(0.41163 0.00252091 0)
(0.408002 0.00241803 0)
(0.404524 0.00232214 0)
(0.401183 0.00223259 0)
(0.397973 0.00214881 0)
(0.394883 0.00207027 0)
(0.391908 0.00199651 0)
(0.389039 0.00192712 0)
(0.386271 0.00186173 0)
(0.383598 0.00180001 0)
(0.381014 0.00174165 0)
(0.378515 0.00168639 0)
(0.376096 0.00163398 0)
(0.373754 0.00158421 0)
(0.371483 0.00153687 0)
(0.369281 0.00149179 0)
(0.367145 0.00144878 0)
(0.365071 0.00140772 0)
(0.363057 0.00136845 0)
(0.361099 0.00133085 0)
(0.359196 0.00129481 0)
(0.357346 0.00126022 0)
(0.355545 0.00122698 0)
(0.353793 0.001195 0)
(0.352088 0.0011642 0)
(0.350427 0.00113451 0)
(0.348809 0.00110584 0)
(0.347233 0.00107814 0)
(0.345697 0.00105134 0)
(0.3442 0.00102538 0)
(0.342741 0.00100021 0)
(0.341319 0.000975778 0)
(0.339932 0.000952038 0)
(0.33858 0.000928944 0)
(0.337262 0.000906452 0)
(0.335976 0.000884522 0)
(0.334723 0.000863115 0)
(0.333501 0.000842192 0)
(0.33231 0.000821719 0)
(0.331149 0.000801661 0)
(0.330018 0.000781982 0)
(0.328915 0.00076265 0)
(0.327841 0.000743634 0)
(0.326796 0.0007249 0)
(0.325778 0.00070642 0)
(0.324787 0.000688164 0)
(0.323824 0.000670103 0)
(0.322887 0.000652211 0)
(0.321977 0.000634465 0)
(0.321094 0.000616842 0)
(0.320236 0.000599322 0)
(0.319404 0.000581892 0)
(0.318599 0.000564538 0)
(0.317818 0.000547254 0)
(0.317063 0.000530037 0)
(0.316334 0.000512888 0)
(0.315629 0.000495816 0)
(0.314949 0.000478832 0)
(0.314294 0.000461954 0)
(0.313663 0.000445204 0)
(0.313055 0.00042861 0)
(0.312472 0.000412203 0)
(0.311911 0.000396018 0)
(0.311374 0.00038009 0)
(0.310858 0.00036446 0)
(0.310364 0.000349166 0)
(0.309892 0.000334247 0)
(0.309439 0.000319742 0)
(0.309007 0.000305686 0)
(0.308593 0.000292113 0)
(0.308198 0.000279052 0)
(0.30782 0.000266527 0)
(0.307459 0.000254558 0)
(0.307113 0.00024316 0)
(0.306783 0.000232342 0)
(0.306467 0.000222107 0)
(0.306164 0.000212452 0)
(0.305874 0.00020337 0)
(0.305596 0.000194846 0)
(0.305328 0.000186864 0)
(0.305071 0.000179401 0)
(0.304824 0.000172433 0)
(0.304586 0.00016593 0)
(0.304356 0.000159863 0)
(0.304134 0.0001542 0)
(0.30392 0.000148906 0)
(0.303712 0.00014395 0)
(0.303511 0.000139298 0)
(0.303316 0.00013492 0)
(0.303128 0.000130785 0)
(0.302944 0.000126865 0)
(0.302766 0.000123134 0)
(0.302593 0.000119569 0)
(0.302425 0.000116148 0)
(0.302262 0.000112853 0)
(0.302103 0.000109669 0)
(0.301949 0.000106582 0)
(0.301799 0.000103582 0)
(0.301654 0.000100661 0)
(0.301513 9.78122e-05 0)
(0.301375 9.5031e-05 0)
(0.301243 9.23139e-05 0)
(0.301114 8.96584e-05 0)
(0.300989 8.70625e-05 0)
(0.300868 8.45247e-05 0)
(0.300751 8.20432e-05 0)
(0.300638 7.96161e-05 0)
(0.300529 7.72408e-05 0)
(0.300424 7.49142e-05 0)
(0.300322 7.26324e-05 0)
(0.300224 7.03907e-05 0)
(0.30013 6.81835e-05 0)
(0.300039 6.60045e-05 0)
(0.299952 6.38472e-05 0)
(0.299868 6.17045e-05 0)
(0.299788 5.95697e-05 0)
(0.299712 5.74364e-05 0)
(0.299639 5.52987e-05 0)
(0.29957 5.31516e-05 0)
(0.299504 5.09912e-05 0)
(0.299441 4.88144e-05 0)
(0.299382 4.66203e-05 0)
(0.299326 4.44092e-05 0)
(0.299273 4.21832e-05 0)
(0.299224 3.9946e-05 0)
(0.299178 3.77029e-05 0)
(0.299135 3.54607e-05 0)
(0.299095 3.32272e-05 0)
(0.299058 3.10114e-05 0)
(0.299024 2.88227e-05 0)
(0.298993 2.66713e-05 0)
(0.298965 2.45674e-05 0)
(0.298939 2.25212e-05 0)
(0.298915 2.05423e-05 0)
(0.298894 1.86397e-05 0)
(0.298875 1.68216e-05 0)
(0.298859 1.50952e-05 0)
(0.298844 1.34663e-05 0)
(0.298831 1.19393e-05 0)
(0.298819 1.05174e-05 0)
(0.298809 9.2022e-06 0)
(0.298801 7.9941e-06 0)
(0.298794 6.89222e-06 0)
(0.298787 5.89451e-06 0)
(0.298782 4.99787e-06 0)
(0.298778 4.19828e-06 0)
(0.298774 3.49069e-06 0)
(0.298771 2.86961e-06 0)
(0.298769 2.3291e-06 0)
(0.298767 1.86279e-06 0)
(0.298766 1.46447e-06 0)
(0.298765 1.12756e-06 0)
(0.298764 8.45652e-07 0)
(0.298763 6.12919e-07 0)
(0.298763 4.23071e-07 0)
(0.298763 2.70495e-07 0)
(0.298763 1.5017e-07 0)
(0.298763 5.6771e-08 0)
(0.298763 -1.4356e-08 0)
(0.298763 -6.67297e-08 0)
(0.298763 -1.03349e-07 0)
(0.298763 -1.27257e-07 0)
(0.298763 -1.41029e-07 0)
(0.298763 -1.46889e-07 0)
(0.298764 -1.4684e-07 0)
(0.298764 -1.42602e-07 0)
(0.298764 -1.35451e-07 0)
(0.298764 -1.26259e-07 0)
(0.298764 -1.15793e-07 0)
(0.298764 -1.04786e-07 0)
(0.298764 -9.37992e-08 0)
(0.298764 -8.31679e-08 0)
(0.298764 -7.3115e-08 0)
(0.298765 -6.38024e-08 0)
(0.298765 -5.53098e-08 0)
(0.298765 -4.76233e-08 0)
(0.298765 -4.07024e-08 0)
(0.298765 -3.45597e-08 0)
(0.298765 -2.92242e-08 0)
(0.298765 -2.46525e-08 0)
(0.298765 -2.07283e-08 0)
(0.298765 -1.73542e-08 0)
(0.298765 -1.44923e-08 0)
(0.298765 -1.2077e-08 0)
(0.298765 -1.00323e-08 0)
(0.298765 -8.30748e-09 0)
(0.298765 -6.8339e-09 0)
(0.298765 -5.56885e-09 0)
(0.298765 -4.52001e-09 0)
(0.298765 -3.63909e-09 0)
(0.298765 -2.89796e-09 0)
(0.298765 -2.32145e-09 0)
(0.298765 -1.85473e-09 0)
(0.298765 -1.40707e-09 0)
(0.298765 -9.92142e-10 0)
(0.298765 -6.38816e-10 0)
(0.298765 -2.33966e-10 0)
(0.298765 9.00414e-11 0)
(0.298765 4.31959e-10 0)
(0.298765 9.53756e-10 0)
(0.298765 1.52585e-09 0)
(0.298765 2.07712e-09 0)
(0.298765 3.06873e-09 0)
(0.298765 4.2938e-09 0)
(0.298765 6.16594e-09 0)
(0.298765 8.69966e-09 0)
(0.298765 1.26105e-08 0)
(0.298765 1.85327e-08 0)
(0.298765 2.89493e-08 0)
(0.298765 4.36929e-08 0)
(1.00124 0.0319585 0)
(1.02548 0.0779312 0)
(1.05554 0.10206 0)
(1.0797 0.112744 0)
(1.09369 0.116333 0)
(1.0986 0.114869 0)
(1.09626 0.109359 0)
(1.08781 0.101186 0)
(1.07427 0.0918117 0)
(1.05684 0.0823152 0)
(1.0368 0.0733205 0)
(1.0153 0.0651307 0)
(0.993192 0.0578542 0)
(0.971095 0.0514851 0)
(0.949434 0.0459557 0)
(0.928486 0.0411713 0)
(0.908423 0.0370322 0)
(0.889333 0.0334452 0)
(0.87125 0.0303279 0)
(0.854169 0.0276099 0)
(0.838062 0.0252312 0)
(0.822889 0.0231419 0)
(0.808601 0.0212999 0)
(0.795145 0.0196699 0)
(0.782466 0.0182223 0)
(0.770513 0.0169321 0)
(0.759234 0.0157783 0)
(0.74858 0.014743 0)
(0.738506 0.0138108 0)
(0.72897 0.012969 0)
(0.71993 0.0122063 0)
(0.711351 0.0115134 0)
(0.7032 0.010882 0)
(0.695444 0.0103052 0)
(0.688056 0.00977685 0)
(0.68101 0.00929166 0)
(0.674282 0.00884506 0)
(0.667849 0.00843304 0)
(0.661693 0.00805207 0)
(0.655794 0.00769906 0)
(0.650136 0.00737128 0)
(0.644704 0.00706632 0)
(0.639482 0.00678205 0)
(0.634459 0.00651655 0)
(0.629623 0.00626815 0)
(0.624961 0.00603531 0)
(0.620465 0.0058167 0)
(0.616125 0.0056111 0)
(0.611932 0.0054174 0)
(0.607878 0.00523465 0)
(0.603956 0.00506193 0)
(0.600159 0.00489847 0)
(0.596481 0.00474352 0)
(0.592915 0.00459644 0)
(0.589457 0.00445663 0)
(0.586102 0.00432354 0)
(0.582844 0.00419667 0)
(0.579679 0.00407558 0)
(0.576604 0.00395985 0)
(0.573614 0.00384909 0)
(0.570706 0.00374297 0)
(0.567877 0.00364115 0)
(0.565123 0.00354335 0)
(0.562442 0.00344928 0)
(0.559831 0.00335871 0)
(0.557288 0.00327138 0)
(0.554809 0.00318709 0)
(0.552394 0.00310563 0)
(0.55004 0.00302681 0)
(0.547745 0.00295046 0)
(0.545508 0.00287641 0)
(0.543326 0.0028045 0)
(0.541198 0.0027346 0)
(0.539123 0.00266656 0)
(0.5371 0.00260025 0)
(0.535127 0.00253556 0)
(0.533203 0.00247236 0)
(0.531327 0.00241054 0)
(0.529498 0.00235 0)
(0.527715 0.00229064 0)
(0.525977 0.00223236 0)
(0.524284 0.00217507 0)
(0.522635 0.00211867 0)
(0.521029 0.0020631 0)
(0.519465 0.00200826 0)
(0.517944 0.00195408 0)
(0.516465 0.00190049 0)
(0.515026 0.00184744 0)
(0.513629 0.00179487 0)
(0.512271 0.00174273 0)
(0.510954 0.00169097 0)
(0.509677 0.00163959 0)
(0.508439 0.00158855 0)
(0.50724 0.00153785 0)
(0.50608 0.00148751 0)
(0.504958 0.00143753 0)
(0.503874 0.00138796 0)
(0.502828 0.00133883 0)
(0.501819 0.00129021 0)
(0.500847 0.00124216 0)
(0.499911 0.00119476 0)
(0.499011 0.0011481 0)
(0.498145 0.00110226 0)
(0.497314 0.00105735 0)
(0.496516 0.00101347 0)
(0.495751 0.000970702 0)
(0.495017 0.000929155 0)
(0.494315 0.000888915 0)
(0.493641 0.000850065 0)
(0.492997 0.000812679 0)
(0.49238 0.000776819 0)
(0.491789 0.000742534 0)
(0.491224 0.000709861 0)
(0.490682 0.000678821 0)
(0.490163 0.000649422 0)
(0.489666 0.000621655 0)
(0.489189 0.0005955 0)
(0.488731 0.000570918 0)
(0.488291 0.000547864 0)
(0.487868 0.000526278 0)
(0.487461 0.00050609 0)
(0.487069 0.000487224 0)
(0.48669 0.000469596 0)
(0.486325 0.000453119 0)
(0.485972 0.0004377 0)
(0.48563 0.000423249 0)
(0.4853 0.000409673 0)
(0.484979 0.000396884 0)
(0.484668 0.000384794 0)
(0.484366 0.000373323 0)
(0.484072 0.000362393 0)
(0.483787 0.000351934 0)
(0.48351 0.000341883 0)
(0.48324 0.000332181 0)
(0.482978 0.000322779 0)
(0.482723 0.000313634 0)
(0.482475 0.000304709 0)
(0.482234 0.000295973 0)
(0.481999 0.000287404 0)
(0.481772 0.000278981 0)
(0.481551 0.00027069 0)
(0.481336 0.00026252 0)
(0.481128 0.000254463 0)
(0.480926 0.000246514 0)
(0.480731 0.000238669 0)
(0.480543 0.000230924 0)
(0.48036 0.000223277 0)
(0.480184 0.000215724 0)
(0.480015 0.000208263 0)
(0.479852 0.00020089 0)
(0.479695 0.000193601 0)
(0.479544 0.000186389 0)
(0.4794 0.000179249 0)
(0.479261 0.000172175 0)
(0.479129 0.000165161 0)
(0.479004 0.000158201 0)
(0.478884 0.00015129 0)
(0.47877 0.000144426 0)
(0.478663 0.000137608 0)
(0.478561 0.000130835 0)
(0.478465 0.00012411 0)
(0.478376 0.000117438 0)
(0.478291 0.000110828 0)
(0.478213 0.00010429 0)
(0.478139 9.78369e-05 0)
(0.478071 9.14829e-05 0)
(0.478008 8.52451e-05 0)
(0.477951 7.91414e-05 0)
(0.477897 7.31907e-05 0)
(0.477849 6.74123e-05 0)
(0.477805 6.18251e-05 0)
(0.477765 5.64472e-05 0)
(0.477729 5.12959e-05 0)
(0.477697 4.63865e-05 0)
(0.477668 4.17323e-05 0)
(0.477642 3.73442e-05 0)
(0.477619 3.32305e-05 0)
(0.4776 2.93966e-05 0)
(0.477582 2.5845e-05 0)
(0.477567 2.25751e-05 0)
(0.477554 1.95838e-05 0)
(0.477543 1.68655e-05 0)
(0.477534 1.44118e-05 0)
(0.477526 1.22124e-05 0)
(0.47752 1.02549e-05 0)
(0.477514 8.52591e-06 0)
(0.47751 7.0106e-06 0)
(0.477506 5.6934e-06 0)
(0.477504 4.55813e-06 0)
(0.477502 3.58858e-06 0)
(0.4775 2.76844e-06 0)
(0.477499 2.08178e-06 0)
(0.477498 1.5139e-06 0)
(0.477497 1.04986e-06 0)
(0.477497 6.76137e-07 0)
(0.477497 3.80314e-07 0)
(0.477497 1.50293e-07 0)
(0.477497 -2.40112e-08 0)
(0.477497 -1.51651e-07 0)
(0.477497 -2.41053e-07 0)
(0.477497 -2.99899e-07 0)
(0.477498 -3.34609e-07 0)
(0.477498 -3.50532e-07 0)
(0.477498 -3.52016e-07 0)
(0.477498 -3.42726e-07 0)
(0.477498 -3.259e-07 0)
(0.477499 -3.0426e-07 0)
(0.477499 -2.79809e-07 0)
(0.477499 -2.53934e-07 0)
(0.477499 -2.27762e-07 0)
(0.477499 -2.02219e-07 0)
(0.477499 -1.77922e-07 0)
(0.477499 -1.55228e-07 0)
(0.4775 -1.34404e-07 0)
(0.4775 -1.15669e-07 0)
(0.4775 -9.90591e-08 0)
(0.4775 -8.43805e-08 0)
(0.4775 -7.14044e-08 0)
(0.4775 -6.00414e-08 0)
(0.4775 -5.02806e-08 0)
(0.4775 -4.19989e-08 0)
(0.4775 -3.49427e-08 0)
(0.4775 -2.89242e-08 0)
(0.4775 -2.38169e-08 0)
(0.4775 -1.94812e-08 0)
(0.4775 -1.5817e-08 0)
(0.4775 -1.27432e-08 0)
(0.4775 -1.01004e-08 0)
(0.4775 -7.82645e-09 0)
(0.4775 -5.87755e-09 0)
(0.4775 -4.16503e-09 0)
(0.4775 -2.67508e-09 0)
(0.4775 -1.46572e-09 0)
(0.4775 -3.88348e-10 0)
(0.4775 6.6659e-10 0)
(0.4775 1.61846e-09 0)
(0.4775 2.71352e-09 0)
(0.4775 3.79876e-09 0)
(0.4775 4.79645e-09 0)
(0.4775 5.98385e-09 0)
(0.4775 7.61582e-09 0)
(0.4775 9.22289e-09 0)
(0.4775 1.15237e-08 0)
(0.4775 1.43098e-08 0)
(0.4775 1.83282e-08 0)
(0.4775 2.34672e-08 0)
(0.4775 3.07499e-08 0)
(0.4775 4.05794e-08 0)
(0.4775 5.50367e-08 0)
(0.4775 7.72898e-08 0)
(1.00052 0.018853 0)
(1.01346 0.0515649 0)
(1.03454 0.074432 0)
(1.05813 0.0882987 0)
(1.07935 0.0962223 0)
(1.09649 0.0999833 0)
(1.10947 0.10033 0)
(1.11834 0.0979773 0)
(1.12314 0.0938136 0)
(1.12413 0.0886607 0)
(1.12184 0.0831052 0)
(1.11691 0.0775075 0)
(1.10992 0.0720783 0)
(1.10138 0.066936 0)
(1.09169 0.0621383 0)
(1.08119 0.0577021 0)
(1.07015 0.05362 0)
(1.05876 0.0498727 0)
(1.0472 0.0464362 0)
(1.03558 0.0432861 0)
(1.02401 0.0403988 0)
(1.01257 0.0377525 0)
(1.00132 0.0353268 0)
(0.990298 0.0331029 0)
(0.979539 0.0310634 0)
(0.969068 0.0291925 0)
(0.9589 0.0274751 0)
(0.949043 0.0258977 0)
(0.9395 0.0244477 0)
(0.930272 0.0231136 0)
(0.921355 0.0218848 0)
(0.912743 0.0207516 0)
(0.904429 0.0197055 0)
(0.896403 0.0187384 0)
(0.888656 0.0178431 0)
(0.881177 0.0170133 0)
(0.873957 0.0162429 0)
(0.866984 0.0155267 0)
(0.860247 0.0148599 0)
(0.853738 0.0142383 0)
(0.847445 0.0136578 0)
(0.841358 0.013115 0)
(0.835469 0.0126066 0)
(0.829768 0.0121298 0)
(0.824247 0.0116821 0)
(0.818898 0.0112609 0)
(0.813712 0.0108642 0)
(0.808683 0.0104901 0)
(0.803803 0.0101367 0)
(0.799066 0.00980241 0)
(0.794466 0.00948585 0)
(0.789996 0.00918564 0)
(0.785651 0.00890057 0)
(0.781427 0.00862951 0)
(0.777317 0.00837145 0)
(0.773318 0.00812546 0)
(0.769425 0.00789068 0)
(0.765633 0.00766631 0)
(0.76194 0.00745164 0)
(0.758341 0.007246 0)
(0.754833 0.00704876 0)
(0.751413 0.00685937 0)
(0.748077 0.00667728 0)
(0.744823 0.00650202 0)
(0.741648 0.00633312 0)
(0.73855 0.00617017 0)
(0.735526 0.00601277 0)
(0.732574 0.00586055 0)
(0.729692 0.00571316 0)
(0.726878 0.00557029 0)
(0.72413 0.00543163 0)
(0.721446 0.0052969 0)
(0.718826 0.00516582 0)
(0.716266 0.00503816 0)
(0.713767 0.00491366 0)
(0.711326 0.0047921 0)
(0.708943 0.00467328 0)
(0.706617 0.00455697 0)
(0.704345 0.004443 0)
(0.702128 0.00433118 0)
(0.699964 0.00422133 0)
(0.697854 0.00411329 0)
(0.695795 0.0040069 0)
(0.693787 0.00390202 0)
(0.69183 0.0037985 0)
(0.689923 0.00369622 0)
(0.688066 0.00359506 0)
(0.686258 0.00349493 0)
(0.684498 0.00339572 0)
(0.682787 0.00329736 0)
(0.681124 0.00319979 0)
(0.679508 0.00310298 0)
(0.677939 0.0030069 0)
(0.676417 0.00291154 0)
(0.674942 0.00281693 0)
(0.673512 0.0027231 0)
(0.672128 0.00263012 0)
(0.670789 0.00253807 0)
(0.669494 0.00244705 0)
(0.668244 0.00235717 0)
(0.667038 0.00226859 0)
(0.665874 0.00218144 0)
(0.664752 0.00209588 0)
(0.663672 0.0020121 0)
(0.662632 0.00193024 0)
(0.661633 0.00185049 0)
(0.660671 0.00177301 0)
(0.659748 0.00169795 0)
(0.658861 0.00162545 0)
(0.658009 0.00155566 0)
(0.657192 0.00148866 0)
(0.656407 0.00142455 0)
(0.655654 0.0013634 0)
(0.654931 0.00130524 0)
(0.654237 0.00125008 0)
(0.653571 0.00119791 0)
(0.65293 0.0011487 0)
(0.652315 0.00110238 0)
(0.651722 0.00105887 0)
(0.651152 0.00101807 0)
(0.650603 0.000979849 0)
(0.650073 0.000944083 0)
(0.649562 0.000910621 0)
(0.649067 0.000879304 0)
(0.64859 0.000849972 0)
(0.648127 0.000822458 0)
(0.647679 0.000796596 0)
(0.647244 0.000772224 0)
(0.646822 0.000749182 0)
(0.646412 0.00072732 0)
(0.646013 0.000706492 0)
(0.645626 0.000686566 0)
(0.645248 0.000667418 0)
(0.644881 0.000648937 0)
(0.644523 0.000631021 0)
(0.644175 0.000613584 0)
(0.643835 0.000596547 0)
(0.643504 0.000579847 0)
(0.643182 0.000563426 0)
(0.642868 0.000547241 0)
(0.642563 0.000531254 0)
(0.642265 0.000515435 0)
(0.641976 0.000499761 0)
(0.641695 0.000484215 0)
(0.641423 0.000468784 0)
(0.641158 0.000453457 0)
(0.640902 0.000438226 0)
(0.640653 0.000423088 0)
(0.640413 0.000408038 0)
(0.640182 0.000393073 0)
(0.639958 0.000378191 0)
(0.639743 0.000363391 0)
(0.639537 0.000348672 0)
(0.639339 0.000334037 0)
(0.639149 0.000319487 0)
(0.638969 0.000305028 0)
(0.638796 0.000290665 0)
(0.638632 0.00027641 0)
(0.638477 0.000262274 0)
(0.63833 0.000248274 0)
(0.638192 0.000234429 0)
(0.638062 0.000220762 0)
(0.63794 0.000207297 0)
(0.637827 0.000194065 0)
(0.637721 0.000181096 0)
(0.637623 0.000168422 0)
(0.637532 0.000156079 0)
(0.637449 0.000144099 0)
(0.637373 0.000132517 0)
(0.637304 0.000121365 0)
(0.637241 0.000110674 0)
(0.637184 0.000100471 0)
(0.637133 9.07799e-05 0)
(0.637087 8.16214e-05 0)
(0.637046 7.30104e-05 0)
(0.63701 6.49575e-05 0)
(0.636978 5.74682e-05 0)
(0.63695 5.05427e-05 0)
(0.636926 4.41761e-05 0)
(0.636905 3.83587e-05 0)
(0.636887 3.3076e-05 0)
(0.636872 2.831e-05 0)
(0.636859 2.40388e-05 0)
(0.636848 2.02372e-05 0)
(0.636839 1.68778e-05 0)
(0.636832 1.39308e-05 0)
(0.636826 1.1366e-05 0)
(0.636821 9.15205e-06 0)
(0.636817 7.25743e-06 0)
(0.636815 5.65113e-06 0)
(0.636812 4.30276e-06 0)
(0.636811 3.18247e-06 0)
(0.636809 2.2636e-06 0)
(0.636809 1.51957e-06 0)
(0.636808 9.26206e-07 0)
(0.636808 4.62101e-07 0)
(0.636808 1.05864e-07 0)
(0.636808 -1.59155e-07 0)
(0.636808 -3.49372e-07 0)
(0.636808 -4.78936e-07 0)
(0.636808 -5.59959e-07 0)
(0.636809 -6.02919e-07 0)
(0.636809 -6.16774e-07 0)
(0.636809 -6.0894e-07 0)
(0.63681 -5.85371e-07 0)
(0.63681 -5.50933e-07 0)
(0.63681 -5.09695e-07 0)
(0.63681 -4.6488e-07 0)
(0.63681 -4.18834e-07 0)
(0.636811 -3.73294e-07 0)
(0.636811 -3.29559e-07 0)
(0.636811 -2.88506e-07 0)
(0.636811 -2.50625e-07 0)
(0.636811 -2.16143e-07 0)
(0.636811 -1.85177e-07 0)
(0.636811 -1.57752e-07 0)
(0.636811 -1.33702e-07 0)
(0.636811 -1.12706e-07 0)
(0.636811 -9.44604e-08 0)
(0.636811 -7.87529e-08 0)
(0.636811 -6.53893e-08 0)
(0.636811 -5.41005e-08 0)
(0.636811 -4.45864e-08 0)
(0.636811 -3.65388e-08 0)
(0.636812 -2.96747e-08 0)
(0.636812 -2.376e-08 0)
(0.636812 -1.87406e-08 0)
(0.636812 -1.4468e-08 0)
(0.636812 -1.07859e-08 0)
(0.636812 -7.67627e-09 0)
(0.636812 -4.96986e-09 0)
(0.636812 -2.47945e-09 0)
(0.636812 -2.83759e-10 0)
(0.636812 1.65754e-09 0)
(0.636812 3.61178e-09 0)
(0.636812 5.37386e-09 0)
(0.636812 7.20018e-09 0)
(0.636812 9.16417e-09 0)
(0.636812 1.11e-08 0)
(0.636812 1.29758e-08 0)
(0.636811 1.56327e-08 0)
(0.636811 1.83553e-08 0)
(0.636811 2.20111e-08 0)
(0.636811 2.618e-08 0)
(0.636811 3.19178e-08 0)
(0.636811 3.89875e-08 0)
(0.636811 4.84446e-08 0)
(0.636811 6.12478e-08 0)
(0.636811 7.88327e-08 0)
(0.636811 1.09212e-07 0)
(1.00033 0.012936 0)
(1.00782 0.0369234 0)
(1.02129 0.0562135 0)
(1.03856 0.0697231 0)
(1.05647 0.0784781 0)
(1.07314 0.0837801 0)
(1.08801 0.0863794 0)
(1.10089 0.0867632 0)
(1.11158 0.0854648 0)
(1.11995 0.0830459 0)
(1.12608 0.0799739 0)
(1.13018 0.0765727 0)
(1.1325 0.0730494 0)
(1.13332 0.0695335 0)
(1.13285 0.0661031 0)
(1.13128 0.0628011 0)
(1.12879 0.0596469 0)
(1.12552 0.0566469 0)
(1.12159 0.0538005 0)
(1.11712 0.0511043 0)
(1.11219 0.0485537 0)
(1.10689 0.0461438 0)
(1.10129 0.0438693 0)
(1.09546 0.0417249 0)
(1.08945 0.039705 0)
(1.0833 0.037804 0)
(1.07707 0.0360161 0)
(1.07078 0.0343356 0)
(1.06447 0.0327567 0)
(1.05816 0.0312737 0)
(1.05188 0.0298809 0)
(1.04564 0.0285728 0)
(1.03946 0.0273441 0)
(1.03336 0.0261898 0)
(1.02733 0.0251051 0)
(1.02139 0.0240852 0)
(1.01555 0.0231259 0)
(1.00981 0.022223 0)
(1.00417 0.0213727 0)
(0.998641 0.0205713 0)
(0.993217 0.0198155 0)
(0.9879 0.0191021 0)
(0.982692 0.0184282 0)
(0.977592 0.017791 0)
(0.972598 0.0171879 0)
(0.96771 0.0166167 0)
(0.962926 0.0160751 0)
(0.958244 0.0155611 0)
(0.953662 0.0150728 0)
(0.949179 0.0146084 0)
(0.944792 0.0141664 0)
(0.940499 0.0137452 0)
(0.936298 0.0133435 0)
(0.932186 0.0129599 0)
(0.928162 0.0125933 0)
(0.924224 0.0122425 0)
(0.920369 0.0119066 0)
(0.916595 0.0115845 0)
(0.9129 0.0112753 0)
(0.909283 0.0109783 0)
(0.90574 0.0106927 0)
(0.902272 0.0104177 0)
(0.898875 0.0101526 0)
(0.895548 0.00989693 0)
(0.892289 0.00964995 0)
(0.889097 0.00941116 0)
(0.88597 0.00918003 0)
(0.882908 0.00895607 0)
(0.879908 0.00873882 0)
(0.876969 0.00852785 0)
(0.87409 0.00832274 0)
(0.87127 0.00812312 0)
(0.868508 0.0079286 0)
(0.865802 0.00773886 0)
(0.863153 0.00755354 0)
(0.860558 0.00737235 0)
(0.858018 0.00719498 0)
(0.855531 0.00702116 0)
(0.853097 0.0068506 0)
(0.850714 0.00668306 0)
(0.848383 0.00651829 0)
(0.846103 0.00635607 0)
(0.843874 0.00619617 0)
(0.841694 0.00603839 0)
(0.839564 0.00588254 0)
(0.837482 0.00572846 0)
(0.83545 0.00557597 0)
(0.833466 0.00542494 0)
(0.831529 0.00527525 0)
(0.829641 0.0051268 0)
(0.827801 0.00497951 0)
(0.826007 0.00483333 0)
(0.824261 0.00468822 0)
(0.822562 0.00454419 0)
(0.820909 0.00440127 0)
(0.819302 0.00425952 0)
(0.817741 0.00411901 0)
(0.816226 0.00397987 0)
(0.814757 0.00384223 0)
(0.813332 0.00370627 0)
(0.811951 0.00357216 0)
(0.810615 0.00344013 0)
(0.809322 0.00331039 0)
(0.808072 0.00318317 0)
(0.806864 0.00305873 0)
(0.805698 0.00293729 0)
(0.804572 0.00281909 0)
(0.803486 0.00270436 0)
(0.802438 0.00259331 0)
(0.801429 0.00248613 0)
(0.800457 0.00238299 0)
(0.79952 0.00228402 0)
(0.798617 0.00218933 0)
(0.797749 0.00209899 0)
(0.796912 0.00201304 0)
(0.796106 0.00193149 0)
(0.795329 0.0018543 0)
(0.794581 0.0017814 0)
(0.79386 0.00171271 0)
(0.793164 0.00164809 0)
(0.792493 0.00158738 0)
(0.791845 0.00153042 0)
(0.791218 0.00147699 0)
(0.790613 0.0014269 0)
(0.790026 0.00137991 0)
(0.789459 0.00133579 0)
(0.788908 0.00129431 0)
(0.788374 0.00125524 0)
(0.787855 0.00121833 0)
(0.787351 0.00118337 0)
(0.786861 0.00115014 0)
(0.786383 0.00111844 0)
(0.785918 0.00108806 0)
(0.785465 0.00105884 0)
(0.785022 0.00103061 0)
(0.784591 0.00100322 0)
(0.78417 0.000976536 0)
(0.783758 0.000950444 0)
(0.783356 0.000924839 0)
(0.782964 0.00089963 0)
(0.782581 0.000874739 0)
(0.782206 0.000850099 0)
(0.781841 0.000825653 0)
(0.781484 0.000801354 0)
(0.781136 0.00077716 0)
(0.780796 0.000753038 0)
(0.780465 0.00072896 0)
(0.780143 0.000704903 0)
(0.77983 0.000680851 0)
(0.779526 0.00065679 0)
(0.779231 0.00063271 0)
(0.778945 0.000608609 0)
(0.778669 0.000584487 0)
(0.778402 0.00056035 0)
(0.778145 0.00053621 0)
(0.777898 0.000512084 0)
(0.777662 0.000487997 0)
(0.777435 0.00046398 0)
(0.777219 0.000440069 0)
(0.777014 0.000416309 0)
(0.776819 0.000392749 0)
(0.776635 0.000369444 0)
(0.776461 0.000346456 0)
(0.776298 0.000323848 0)
(0.776146 0.000301688 0)
(0.776004 0.000280044 0)
(0.775872 0.000258983 0)
(0.775751 0.000238574 0)
(0.775639 0.00021888 0)
(0.775536 0.00019996 0)
(0.775443 0.000181869 0)
(0.775358 0.000164654 0)
(0.775281 0.000148355 0)
(0.775212 0.000133002 0)
(0.775151 0.000118618 0)
(0.775096 0.000105216 0)
(0.775048 9.27989e-05 0)
(0.775005 8.13612e-05 0)
(0.774968 7.08883e-05 0)
(0.774936 6.13576e-05 0)
(0.774908 5.27385e-05 0)
(0.774884 4.49943e-05 0)
(0.774864 3.80826e-05 0)
(0.774847 3.19564e-05 0)
(0.774833 2.65654e-05 0)
(0.774821 2.18565e-05 0)
(0.774811 1.77752e-05 0)
(0.774803 1.42671e-05 0)
(0.774797 1.12779e-05 0)
(0.774792 8.75425e-06 0)
(0.774788 6.64465e-06 0)
(0.774785 4.90063e-06 0)
(0.774783 3.47575e-06 0)
(0.774781 2.32716e-06 0)
(0.77478 1.4159e-06 0)
(0.774779 7.05787e-07 0)
(0.774779 1.64451e-07 0)
(0.774779 -2.36375e-07 0)
(0.774779 -5.219e-07 0)
(0.774779 -7.14606e-07 0)
(0.774779 -8.33777e-07 0)
(0.774779 -8.95471e-07 0)
(0.77478 -9.13242e-07 0)
(0.77478 -8.98622e-07 0)
(0.77478 -8.61055e-07 0)
(0.77478 -8.07966e-07 0)
(0.774781 -7.45234e-07 0)
(0.774781 -6.7752e-07 0)
(0.774781 -6.08368e-07 0)
(0.774781 -5.40367e-07 0)
(0.774781 -4.75346e-07 0)
(0.774782 -4.14554e-07 0)
(0.774782 -3.58795e-07 0)
(0.774782 -3.08428e-07 0)
(0.774782 -2.63434e-07 0)
(0.774782 -2.23608e-07 0)
(0.774782 -1.88702e-07 0)
(0.774782 -1.58419e-07 0)
(0.774782 -1.32352e-07 0)
(0.774782 -1.10027e-07 0)
(0.774782 -9.10152e-08 0)
(0.774782 -7.49392e-08 0)
(0.774782 -6.14297e-08 0)
(0.774782 -5.00685e-08 0)
(0.774782 -4.04714e-08 0)
(0.774782 -3.22569e-08 0)
(0.774782 -2.52593e-08 0)
(0.774782 -1.92919e-08 0)
(0.774782 -1.41129e-08 0)
(0.774782 -9.68699e-09 0)
(0.774782 -5.91076e-09 0)
(0.774782 -2.46348e-09 0)
(0.774782 7.71677e-10 0)
(0.774782 3.60739e-09 0)
(0.774782 6.45843e-09 0)
(0.774782 9.10376e-09 0)
(0.774782 1.15898e-08 0)
(0.774782 1.42257e-08 0)
(0.774782 1.71888e-08 0)
(0.774782 1.98739e-08 0)
(0.774782 2.33983e-08 0)
(0.774782 2.70143e-08 0)
(0.774782 3.16902e-08 0)
(0.774782 3.67924e-08 0)
(0.774782 4.35243e-08 0)
(0.774782 5.1558e-08 0)
(0.774782 6.15123e-08 0)
(0.774782 7.51297e-08 0)
(0.774782 9.46616e-08 0)
(0.774782 1.34115e-07 0)
(1.00023 0.00959434 0)
(1.00511 0.0278706 0)
(1.0141 0.0436464 0)
(1.02635 0.0557373 0)
(1.04003 0.0642189 0)
(1.05367 0.069827 0)
(1.06658 0.0732073 0)
(1.07855 0.0747874 0)
(1.08943 0.0749401 0)
(1.09908 0.0740532 0)
(1.10744 0.0724816 0)
(1.11454 0.0704976 0)
(1.12049 0.0682858 0)
(1.1254 0.065966 0)
(1.12938 0.0636147 0)
(1.13252 0.0612797 0)
(1.13491 0.0589893 0)
(1.13661 0.0567595 0)
(1.1377 0.0545986 0)
(1.13823 0.0525111 0)
(1.13825 0.0504992 0)
(1.13782 0.0485638 0)
(1.13697 0.0467049 0)
(1.13576 0.044922 0)
(1.13421 0.0432142 0)
(1.13236 0.04158 0)
(1.13025 0.0400178 0)
(1.12791 0.0385257 0)
(1.12537 0.0371016 0)
(1.12264 0.0357433 0)
(1.11976 0.0344482 0)
(1.11675 0.033214 0)
(1.11362 0.0320382 0)
(1.1104 0.0309181 0)
(1.1071 0.0298514 0)
(1.10373 0.0288354 0)
(1.10031 0.0278677 0)
(1.09684 0.0269459 0)
(1.09335 0.0260676 0)
(1.08984 0.0252306 0)
(1.08631 0.0244328 0)
(1.08278 0.0236719 0)
(1.07924 0.022946 0)
(1.07572 0.0222531 0)
(1.07221 0.0215915 0)
(1.06871 0.0209593 0)
(1.06523 0.020355 0)
(1.06178 0.0197768 0)
(1.05835 0.0192235 0)
(1.05495 0.0186934 0)
(1.05158 0.0181854 0)
(1.04825 0.0176981 0)
(1.04495 0.0172304 0)
(1.04168 0.0167811 0)
(1.03846 0.0163492 0)
(1.03527 0.0159337 0)
(1.03211 0.0155337 0)
(1.029 0.0151482 0)
(1.02593 0.0147765 0)
(1.0229 0.0144177 0)
(1.0199 0.0140711 0)
(1.01695 0.013736 0)
(1.01404 0.0134118 0)
(1.01117 0.0130977 0)
(1.00834 0.0127932 0)
(1.00555 0.0124978 0)
(1.0028 0.0122109 0)
(1.00009 0.0119319 0)
(0.997424 0.0116604 0)
(0.994796 0.011396 0)
(0.992208 0.0111382 0)
(0.98966 0.0108865 0)
(0.987152 0.0106406 0)
(0.984684 0.0104001 0)
(0.982255 0.0101646 0)
(0.979866 0.0099338 0)
(0.977516 0.00970733 0)
(0.975206 0.00948487 0)
(0.972935 0.00926613 0)
(0.970702 0.0090508 0)
(0.968509 0.00883862 0)
(0.966355 0.00862931 0)
(0.96424 0.00842263 0)
(0.962164 0.00821834 0)
(0.960127 0.00801624 0)
(0.958129 0.00781612 0)
(0.956169 0.00761779 0)
(0.954249 0.00742111 0)
(0.952368 0.00722594 0)
(0.950526 0.00703216 0)
(0.948723 0.00683968 0)
(0.946958 0.00664847 0)
(0.945234 0.00645847 0)
(0.943548 0.00626972 0)
(0.941901 0.00608223 0)
(0.940293 0.00589609 0)
(0.938725 0.00571141 0)
(0.937195 0.00552832 0)
(0.935704 0.005347 0)
(0.934252 0.00516764 0)
(0.932839 0.00499049 0)
(0.931464 0.0048158 0)
(0.930127 0.00464383 0)
(0.928828 0.00447488 0)
(0.927567 0.00430924 0)
(0.926342 0.00414723 0)
(0.925155 0.00398912 0)
(0.924004 0.00383522 0)
(0.922888 0.0036858 0)
(0.921807 0.0035411 0)
(0.920761 0.00340136 0)
(0.919749 0.00326678 0)
(0.918769 0.00313751 0)
(0.917822 0.00301367 0)
(0.916906 0.00289535 0)
(0.91602 0.0027826 0)
(0.915164 0.0026754 0)
(0.914335 0.00257372 0)
(0.913535 0.00247747 0)
(0.91276 0.00238653 0)
(0.912011 0.00230075 0)
(0.911286 0.00221994 0)
(0.910584 0.00214387 0)
(0.909904 0.00207233 0)
(0.909245 0.00200504 0)
(0.908605 0.00194174 0)
(0.907985 0.00188215 0)
(0.907383 0.00182599 0)
(0.906797 0.00177296 0)
(0.906227 0.00172279 0)
(0.905673 0.00167521 0)
(0.905133 0.00162995 0)
(0.904606 0.00158675 0)
(0.904092 0.00154537 0)
(0.90359 0.0015056 0)
(0.9031 0.00146721 0)
(0.90262 0.00143002 0)
(0.902151 0.00139386 0)
(0.901691 0.00135855 0)
(0.901241 0.00132395 0)
(0.9008 0.00128993 0)
(0.900368 0.00125637 0)
(0.899943 0.00122316 0)
(0.899528 0.00119019 0)
(0.89912 0.00115739 0)
(0.89872 0.00112466 0)
(0.898328 0.00109193 0)
(0.897943 0.00105914 0)
(0.897567 0.00102622 0)
(0.897199 0.000993137 0)
(0.896839 0.000959835 0)
(0.896488 0.000926286 0)
(0.896145 0.000892467 0)
(0.895811 0.00085837 0)
(0.895487 0.000823995 0)
(0.895172 0.00078936 0)
(0.894867 0.000754494 0)
(0.894573 0.000719442 0)
(0.89429 0.000684264 0)
(0.894018 0.000649033 0)
(0.893758 0.000613837 0)
(0.893509 0.000578775 0)
(0.893273 0.000543958 0)
(0.893049 0.000509504 0)
(0.892837 0.000475538 0)
(0.892638 0.000442188 0)
(0.892452 0.000409583 0)
(0.892278 0.000377851 0)
(0.892117 0.000347114 0)
(0.891968 0.000317485 0)
(0.89183 0.000289071 0)
(0.891705 0.000261963 0)
(0.89159 0.000236241 0)
(0.891486 0.000211967 0)
(0.891392 0.00018919 0)
(0.891308 0.00016794 0)
(0.891233 0.000148231 0)
(0.891167 0.000130062 0)
(0.891108 0.000113415 0)
(0.891057 9.82584e-05 0)
(0.891012 8.45475e-05 0)
(0.890973 7.22255e-05 0)
(0.89094 6.12265e-05 0)
(0.890911 5.14763e-05 0)
(0.890887 4.28951e-05 0)
(0.890867 3.53987e-05 0)
(0.89085 2.89004e-05 0)
(0.890836 2.33129e-05 0)
(0.890824 1.85493e-05 0)
(0.890815 1.45246e-05 0)
(0.890807 1.11562e-05 0)
(0.890801 8.36712e-06 0)
(0.890797 6.08354e-06 0)
(0.890793 4.23754e-06 0)
(0.89079 2.7666e-06 0)
(0.890788 1.61355e-06 0)
(0.890787 7.28176e-07 0)
(0.890786 6.36027e-08 0)
(0.890785 -4.19575e-07 0)
(0.890785 -7.54931e-07 0)
(0.890784 -9.73014e-07 0)
(0.890784 -1.09958e-06 0)
(0.890785 -1.1558e-06 0)
(0.890785 -1.15944e-06 0)
(0.890785 -1.12545e-06 0)
(0.890785 -1.06562e-06 0)
(0.890785 -9.89156e-07 0)
(0.890785 -9.03253e-07 0)
(0.890786 -8.13431e-07 0)
(0.890786 -7.23804e-07 0)
(0.890786 -6.37268e-07 0)
(0.890786 -5.55768e-07 0)
(0.890786 -4.80621e-07 0)
(0.890786 -4.12594e-07 0)
(0.890786 -3.5186e-07 0)
(0.890787 -2.98148e-07 0)
(0.890787 -2.51038e-07 0)
(0.890787 -2.10143e-07 0)
(0.890787 -1.75029e-07 0)
(0.890787 -1.45107e-07 0)
(0.890787 -1.19764e-07 0)
(0.890787 -9.83864e-08 0)
(0.890787 -8.03308e-08 0)
(0.890787 -6.51091e-08 0)
(0.890787 -5.23779e-08 0)
(0.890787 -4.1667e-08 0)
(0.890787 -3.26596e-08 0)
(0.890787 -2.50471e-08 0)
(0.890787 -1.84392e-08 0)
(0.890787 -1.25653e-08 0)
(0.890787 -7.51635e-09 0)
(0.890787 -3.11928e-09 0)
(0.890787 1.02015e-09 0)
(0.890787 4.67122e-09 0)
(0.890787 8.18615e-09 0)
(0.890787 1.16425e-08 0)
(0.890787 1.48586e-08 0)
(0.890787 1.80275e-08 0)
(0.890787 2.18047e-08 0)
(0.890787 2.52667e-08 0)
(0.890787 2.93527e-08 0)
(0.890787 3.35114e-08 0)
(0.890787 3.86051e-08 0)
(0.890787 4.41245e-08 0)
(0.890787 5.10729e-08 0)
(0.890787 5.93832e-08 0)
(0.890787 6.82803e-08 0)
(0.890787 8.06762e-08 0)
(0.890787 9.93552e-08 0)
(0.890787 1.44387e-07 0)
(1.00016 0.0074073 0)
(1.00358 0.0216835 0)
(1.0099 0.0344827 0)
(1.01879 0.0449246 0)
(1.0292 0.0527581 0)
(1.04007 0.0582909 0)
(1.05073 0.0619659 0)
(1.06094 0.0641368 0)
(1.07056 0.0650902 0)
(1.07948 0.0651044 0)
(1.08765 0.0644462 0)
(1.09504 0.0633395 0)
(1.10171 0.0619489 0)
(1.10771 0.0603883 0)
(1.1131 0.0587344 0)
(1.11793 0.0570396 0)
(1.12226 0.0553385 0)
(1.12611 0.0536536 0)
(1.12952 0.0519988 0)
(1.13253 0.0503827 0)
(1.13516 0.0488106 0)
(1.13743 0.0472855 0)
(1.13936 0.0458092 0)
(1.14098 0.0443823 0)
(1.14229 0.0430051 0)
(1.14333 0.041677 0)
(1.14411 0.0403976 0)
(1.14464 0.0391657 0)
(1.14494 0.0379804 0)
(1.14503 0.0368403 0)
(1.14492 0.0357443 0)
(1.14463 0.0346908 0)
(1.14416 0.0336784 0)
(1.14354 0.0327057 0)
(1.14277 0.0317712 0)
(1.14186 0.0308734 0)
(1.14083 0.0300108 0)
(1.13969 0.029182 0)
(1.13844 0.0283855 0)
(1.1371 0.02762 0)
(1.13567 0.026884 0)
(1.13416 0.0261764 0)
(1.13258 0.0254956 0)
(1.13094 0.0248406 0)
(1.12924 0.0242102 0)
(1.12749 0.0236031 0)
(1.1257 0.0230183 0)
(1.12386 0.0224547 0)
(1.12199 0.0219112 0)
(1.12009 0.021387 0)
(1.11816 0.020881 0)
(1.1162 0.0203924 0)
(1.11423 0.0199203 0)
(1.11224 0.0194638 0)
(1.11024 0.0190223 0)
(1.10823 0.018595 0)
(1.1062 0.0181811 0)
(1.10418 0.01778 0)
(1.10215 0.017391 0)
(1.10012 0.0170135 0)
(1.09809 0.0166469 0)
(1.09606 0.0162906 0)
(1.09404 0.0159441 0)
(1.09202 0.0156068 0)
(1.09001 0.0152784 0)
(1.088 0.0149582 0)
(1.08601 0.0146458 0)
(1.08402 0.0143408 0)
(1.08205 0.0140428 0)
(1.08009 0.0137512 0)
(1.07815 0.0134659 0)
(1.07622 0.0131862 0)
(1.0743 0.012912 0)
(1.0724 0.0126428 0)
(1.07051 0.0123783 0)
(1.06865 0.0121182 0)
(1.0668 0.011862 0)
(1.06496 0.0116097 0)
(1.06315 0.0113607 0)
(1.06136 0.0111149 0)
(1.05959 0.010872 0)
(1.05784 0.0106318 0)
(1.0561 0.0103939 0)
(1.0544 0.0101581 0)
(1.05271 0.00992431 0)
(1.05104 0.00969226 0)
(1.0494 0.00946178 0)
(1.04778 0.00923272 0)
(1.04619 0.00900495 0)
(1.04462 0.00877837 0)
(1.04307 0.0085529 0)
(1.04155 0.00832849 0)
(1.04005 0.00810514 0)
(1.03858 0.00788287 0)
(1.03714 0.00766173 0)
(1.03572 0.00744181 0)
(1.03433 0.00722324 0)
(1.03296 0.00700619 0)
(1.03162 0.00679085 0)
(1.03031 0.00657746 0)
(1.02903 0.00636627 0)
(1.02777 0.00615757 0)
(1.02654 0.00595168 0)
(1.02534 0.00574891 0)
(1.02417 0.00554962 0)
(1.02302 0.00535414 0)
(1.0219 0.00516281 0)
(1.02081 0.00497599 0)
(1.01975 0.00479398 0)
(1.01871 0.00461711 0)
(1.0177 0.00444564 0)
(1.01672 0.00427983 0)
(1.01576 0.00411989 0)
(1.01483 0.00396601 0)
(1.01393 0.00381831 0)
(1.01305 0.00367688 0)
(1.0122 0.00354178 0)
(1.01137 0.003413 0)
(1.01056 0.0032905 0)
(1.00978 0.00317419 0)
(1.00902 0.00306394 0)
(1.00829 0.0029596 0)
(1.00757 0.00286095 0)
(1.00687 0.00276778 0)
(1.0062 0.00267984 0)
(1.00554 0.00259685 0)
(1.0049 0.00251852 0)
(1.00428 0.00244456 0)
(1.00368 0.00237466 0)
(1.00309 0.00230853 0)
(1.00251 0.00224586 0)
(1.00195 0.00218634 0)
(1.00141 0.0021297 0)
(1.00087 0.00207566 0)
(1.00035 0.00202394 0)
(0.99984 0.0019743 0)
(0.999339 0.00192651 0)
(0.998848 0.00188033 0)
(0.998366 0.00183556 0)
(0.997893 0.001792 0)
(0.997429 0.00174946 0)
(0.996971 0.00170777 0)
(0.996521 0.00166676 0)
(0.996078 0.00162628 0)
(0.995641 0.00158616 0)
(0.995211 0.00154627 0)
(0.994786 0.00150645 0)
(0.994367 0.00146658 0)
(0.993954 0.00142653 0)
(0.993547 0.00138618 0)
(0.993145 0.00134541 0)
(0.99275 0.00130413 0)
(0.992361 0.00126225 0)
(0.991978 0.00121971 0)
(0.991603 0.00117646 0)
(0.991235 0.00113248 0)
(0.990875 0.00108777 0)
(0.990524 0.00104236 0)
(0.990182 0.000996301 0)
(0.989849 0.000949679 0)
(0.989528 0.000902602 0)
(0.989217 0.000855207 0)
(0.988919 0.000807652 0)
(0.988633 0.000760116 0)
(0.988359 0.000712794 0)
(0.988099 0.000665892 0)
(0.987853 0.000619623 0)
(0.98762 0.000574204 0)
(0.987402 0.000529848 0)
(0.987198 0.000486758 0)
(0.987008 0.000445128 0)
(0.986833 0.000405135 0)
(0.98667 0.000366932 0)
(0.986522 0.000330655 0)
(0.986386 0.00029641 0)
(0.986264 0.00026428 0)
(0.986153 0.000234319 0)
(0.986053 0.000206555 0)
(0.985964 0.00018099 0)
(0.985885 0.000157601 0)
(0.985816 0.000136343 0)
(0.985754 0.00011715 0)
(0.985701 9.99392e-05 0)
(0.985655 8.46124e-05 0)
(0.985615 7.10602e-05 0)
(0.985581 5.91646e-05 0)
(0.985553 4.88014e-05 0)
(0.985528 3.98436e-05 0)
(0.985508 3.21628e-05 0)
(0.985491 2.56329e-05 0)
(0.985477 2.01308e-05 0)
(0.985466 1.55385e-05 0)
(0.985456 1.17447e-05 0)
(0.985449 8.64572e-06 0)
(0.985443 6.14499e-06 0)
(0.985438 4.15447e-06 0)
(0.985435 2.59551e-06 0)
(0.985432 1.39609e-06 0)
(0.98543 4.94084e-07 0)
(0.985429 -1.65545e-07 0)
(0.985428 -6.29767e-07 0)
(0.985427 -9.38562e-07 0)
(0.985427 -1.12595e-06 0)
(0.985426 -1.22047e-06 0)
(0.985426 -1.24618e-06 0)
(0.985426 -1.22233e-06 0)
(0.985426 -1.16421e-06 0)
(0.985426 -1.08386e-06 0)
(0.985426 -9.90603e-07 0)
(0.985426 -8.91567e-07 0)
(0.985427 -7.92006e-07 0)
(0.985427 -6.95584e-07 0)
(0.985427 -6.0478e-07 0)
(0.985427 -5.21158e-07 0)
(0.985427 -4.45516e-07 0)
(0.985427 -3.78077e-07 0)
(0.985427 -3.1867e-07 0)
(0.985427 -2.66871e-07 0)
(0.985427 -2.22179e-07 0)
(0.985427 -1.83976e-07 0)
(0.985427 -1.51583e-07 0)
(0.985427 -1.24324e-07 0)
(0.985427 -1.01371e-07 0)
(0.985427 -8.20371e-08 0)
(0.985427 -6.59228e-08 0)
(0.985427 -5.24392e-08 0)
(0.985427 -4.10955e-08 0)
(0.985427 -3.15853e-08 0)
(0.985427 -2.3538e-08 0)
(0.985427 -1.63375e-08 0)
(0.985427 -1.00565e-08 0)
(0.985427 -4.74944e-09 0)
(0.985427 1.02464e-10 0)
(0.985427 4.49491e-09 0)
(0.985427 8.50553e-09 0)
(0.985427 1.26229e-08 0)
(0.985427 1.66041e-08 0)
(0.985427 2.02735e-08 0)
(0.985427 2.44195e-08 0)
(0.985427 2.84158e-08 0)
(0.985427 3.26508e-08 0)
(0.985427 3.71511e-08 0)
(0.985427 4.21372e-08 0)
(0.985427 4.77961e-08 0)
(0.985427 5.39988e-08 0)
(0.985427 6.19211e-08 0)
(0.985427 6.87883e-08 0)
(0.985427 7.92537e-08 0)
(0.985427 9.33091e-08 0)
(0.985427 1.34297e-07 0)
(1.00012 0.00586456 0)
(1.00262 0.0172448 0)
(1.00727 0.0276829 0)
(1.01391 0.0365797 0)
(1.02196 0.0436283 0)
(1.03067 0.0488934 0)
(1.03948 0.0526271 0)
(1.04811 0.0550894 0)
(1.05641 0.0565021 0)
(1.06429 0.0570714 0)
(1.07169 0.0569982 0)
(1.07859 0.0564624 0)
(1.08498 0.0556084 0)
(1.09092 0.0545435 0)
(1.09644 0.0533447 0)
(1.10157 0.0520676 0)
(1.10636 0.0507516 0)
(1.11082 0.0494242 0)
(1.11499 0.0481039 0)
(1.11889 0.0468032 0)
(1.12252 0.0455302 0)
(1.1259 0.0442899 0)
(1.12906 0.0430856 0)
(1.13199 0.0419189 0)
(1.1347 0.0407908 0)
(1.13721 0.0397012 0)
(1.13952 0.0386498 0)
(1.14165 0.0376361 0)
(1.14359 0.0366589 0)
(1.14535 0.0357173 0)
(1.14695 0.0348101 0)
(1.14838 0.0339361 0)
(1.14966 0.033094 0)
(1.15079 0.0322825 0)
(1.15178 0.0315003 0)
(1.15264 0.0307462 0)
(1.15336 0.030019 0)
(1.15396 0.0293176 0)
(1.15445 0.0286406 0)
(1.15482 0.0279871 0)
(1.15509 0.027356 0)
(1.15526 0.0267462 0)
(1.15533 0.0261567 0)
(1.15532 0.0255867 0)
(1.15522 0.0250352 0)
(1.15504 0.0245014 0)
(1.15478 0.0239844 0)
(1.15445 0.0234834 0)
(1.15406 0.0229978 0)
(1.1536 0.0225267 0)
(1.15308 0.0220696 0)
(1.15251 0.0216257 0)
(1.15189 0.0211945 0)
(1.15121 0.0207753 0)
(1.1505 0.0203676 0)
(1.14974 0.0199709 0)
(1.14894 0.0195845 0)
(1.1481 0.0192081 0)
(1.14723 0.0188411 0)
(1.14633 0.0184831 0)
(1.14539 0.0181336 0)
(1.14444 0.0177922 0)
(1.14345 0.0174585 0)
(1.14244 0.0171321 0)
(1.14142 0.0168126 0)
(1.14037 0.0164997 0)
(1.13931 0.0161929 0)
(1.13823 0.015892 0)
(1.13713 0.0155965 0)
(1.13603 0.0153062 0)
(1.13491 0.0150208 0)
(1.13378 0.0147399 0)
(1.13265 0.0144632 0)
(1.13151 0.0141904 0)
(1.13036 0.0139213 0)
(1.1292 0.0136555 0)
(1.12805 0.0133928 0)
(1.12689 0.0131329 0)
(1.12573 0.0128757 0)
(1.12456 0.0126207 0)
(1.1234 0.0123678 0)
(1.12224 0.0121168 0)
(1.12108 0.0118674 0)
(1.11992 0.0116195 0)
(1.11877 0.0113728 0)
(1.11762 0.0111273 0)
(1.11648 0.0108827 0)
(1.11534 0.0106389 0)
(1.11421 0.0103958 0)
(1.11309 0.0101534 0)
(1.11197 0.00991149 0)
(1.11086 0.00967018 0)
(1.10976 0.00942944 0)
(1.10867 0.0091893 0)
(1.10759 0.00894985 0)
(1.10652 0.00871119 0)
(1.10547 0.00847347 0)
(1.10442 0.00823689 0)
(1.10339 0.00800164 0)
(1.10236 0.00776799 0)
(1.10135 0.00753622 0)
(1.10036 0.00730664 0)
(1.09938 0.00707957 0)
(1.09841 0.00685536 0)
(1.09746 0.00663439 0)
(1.09652 0.00641702 0)
(1.0956 0.00620364 0)
(1.09469 0.00599459 0)
(1.0938 0.00579026 0)
(1.09293 0.00559097 0)
(1.09207 0.00539705 0)
(1.09123 0.00520879 0)
(1.09041 0.00502646 0)
(1.0896 0.00485027 0)
(1.08881 0.00468041 0)
(1.08804 0.00451702 0)
(1.08728 0.00436019 0)
(1.08654 0.00420998 0)
(1.08582 0.0040664 0)
(1.08512 0.00392939 0)
(1.08443 0.0037989 0)
(1.08376 0.00367479 0)
(1.08311 0.0035569 0)
(1.08247 0.00344507 0)
(1.08185 0.00333905 0)
(1.08124 0.00323862 0)
(1.08065 0.00314352 0)
(1.08007 0.00305346 0)
(1.07951 0.00296816 0)
(1.07896 0.00288733 0)
(1.07842 0.00281068 0)
(1.07789 0.00273791 0)
(1.07738 0.00266873 0)
(1.07688 0.00260286 0)
(1.07638 0.00254003 0)
(1.0759 0.00247998 0)
(1.07542 0.00242245 0)
(1.07496 0.00236721 0)
(1.0745 0.00231401 0)
(1.07405 0.00226264 0)
(1.0736 0.00221288 0)
(1.07316 0.00216452 0)
(1.07273 0.00211735 0)
(1.0723 0.00207116 0)
(1.07188 0.00202575 0)
(1.07146 0.00198091 0)
(1.07104 0.00193643 0)
(1.07062 0.0018921 0)
(1.07021 0.00184769 0)
(1.06981 0.00180302 0)
(1.0694 0.00175786 0)
(1.069 0.00171202 0)
(1.0686 0.00166532 0)
(1.0682 0.00161759 0)
(1.06781 0.00156869 0)
(1.06742 0.00151851 0)
(1.06703 0.00146697 0)
(1.06665 0.00141403 0)
(1.06627 0.00135969 0)
(1.0659 0.001304 0)
(1.06554 0.00124704 0)
(1.06519 0.00118896 0)
(1.06485 0.00112994 0)
(1.06451 0.00107018 0)
(1.06419 0.00100995 0)
(1.06388 0.000949514 0)
(1.06358 0.000889189 0)
(1.0633 0.000829288 0)
(1.06303 0.000770135 0)
(1.06277 0.000712054 0)
(1.06253 0.000655357 0)
(1.06231 0.000600343 0)
(1.0621 0.000547286 0)
(1.0619 0.000496434 0)
(1.06172 0.000447999 0)
(1.06156 0.000402159 0)
(1.0614 0.000359052 0)
(1.06127 0.000318777 0)
(1.06114 0.000281393 0)
(1.06103 0.00024692 0)
(1.06093 0.000215344 0)
(1.06084 0.000186614 0)
(1.06077 0.000160652 0)
(1.0607 0.000137353 0)
(1.06064 0.000116589 0)
(1.06059 9.82161e-05 0)
(1.06054 8.20773e-05 0)
(1.0605 6.80059e-05 0)
(1.06047 5.58307e-05 0)
(1.06044 4.53789e-05 0)
(1.06042 3.64802e-05 0)
(1.0604 2.8968e-05 0)
(1.06038 2.26834e-05 0)
(1.06037 1.74757e-05 0)
(1.06036 1.32045e-05 0)
(1.06035 9.73998e-06 0)
(1.06034 6.96365e-06 0)
(1.06034 4.76889e-06 0)
(1.06033 3.06093e-06 0)
(1.06033 1.75475e-06 0)
(1.06033 7.7768e-07 0)
(1.06033 6.69741e-08 0)
(1.06032 -4.31473e-07 0)
(1.06032 -7.6342e-07 0)
(1.06032 -9.66751e-07 0)
(1.06032 -1.07281e-06 0)
(1.06032 -1.10714e-06 0)
(1.06032 -1.09037e-06 0)
(1.06032 -1.03878e-06 0)
(1.06032 -9.64979e-07 0)
(1.06032 -8.78687e-07 0)
(1.06032 -7.87154e-07 0)
(1.06032 -6.95493e-07 0)
(1.06032 -6.07154e-07 0)
(1.06032 -5.24352e-07 0)
(1.06032 -4.48519e-07 0)
(1.06032 -3.80477e-07 0)
(1.06032 -3.20363e-07 0)
(1.06032 -2.67871e-07 0)
(1.06032 -2.22492e-07 0)
(1.06032 -1.83618e-07 0)
(1.06032 -1.50645e-07 0)
(1.06032 -1.229e-07 0)
(1.06032 -9.95957e-08 0)
(1.06032 -8.01451e-08 0)
(1.06032 -6.38897e-08 0)
(1.06032 -5.01448e-08 0)
(1.06032 -3.85423e-08 0)
(1.06032 -2.89549e-08 0)
(1.06032 -2.06298e-08 0)
(1.06032 -1.33784e-08 0)
(1.06032 -7.23565e-09 0)
(1.06032 -1.79503e-09 0)
(1.06032 3.3828e-09 0)
(1.06032 7.9146e-09 0)
(1.06032 1.24377e-08 0)
(1.06032 1.68633e-08 0)
(1.06032 2.09109e-08 0)
(1.06032 2.49672e-08 0)
(1.06032 2.92773e-08 0)
(1.06032 3.33245e-08 0)
(1.06032 3.81311e-08 0)
(1.06032 4.25587e-08 0)
(1.06032 4.82533e-08 0)
(1.06032 5.29878e-08 0)
(1.06032 5.98158e-08 0)
(1.06032 6.41744e-08 0)
(1.06032 7.31185e-08 0)
(1.06032 7.92367e-08 0)
(1.06032 1.04244e-07 0)
(1.00009 0.00472857 0)
(1.00199 0.0139505 0)
(1.00553 0.0225409 0)
(1.01065 0.030088 0)
(1.017 0.0363197 0)
(1.02405 0.041191 0)
(1.03139 0.0448211 0)
(1.03873 0.0473823 0)
(1.04591 0.0490407 0)
(1.05286 0.0499519 0)
(1.05949 0.0502671 0)
(1.06577 0.0501283 0)
(1.0717 0.0496573 0)
(1.07729 0.0489511 0)
(1.08256 0.0480834 0)
(1.08755 0.0471094 0)
(1.09227 0.0460707 0)
(1.09675 0.0449976 0)
(1.10102 0.0439122 0)
(1.10508 0.0428301 0)
(1.10895 0.0417622 0)
(1.11265 0.0407159 0)
(1.11618 0.0396962 0)
(1.11956 0.0387065 0)
(1.12279 0.0377486 0)
(1.12587 0.0368236 0)
(1.12881 0.0359315 0)
(1.13162 0.0350723 0)
(1.1343 0.0342453 0)
(1.13685 0.0334497 0)
(1.13928 0.0326843 0)
(1.1416 0.031948 0)
(1.14379 0.0312396 0)
(1.14587 0.0305579 0)
(1.14784 0.0299016 0)
(1.1497 0.0292694 0)
(1.15146 0.0286602 0)
(1.15312 0.0280727 0)
(1.15468 0.0275057 0)
(1.15614 0.0269583 0)
(1.15751 0.0264294 0)
(1.15879 0.025918 0)
(1.15998 0.0254231 0)
(1.16108 0.0249438 0)
(1.16211 0.0244794 0)
(1.16306 0.024029 0)
(1.16393 0.0235919 0)
(1.16472 0.0231673 0)
(1.16545 0.0227547 0)
(1.1661 0.0223533 0)
(1.16669 0.0219627 0)
(1.16722 0.0215822 0)
(1.16769 0.0212113 0)
(1.16809 0.0208495 0)
(1.16845 0.0204964 0)
(1.16874 0.0201514 0)
(1.16899 0.0198142 0)
(1.16918 0.0194844 0)
(1.16933 0.0191616 0)
(1.16943 0.0188453 0)
(1.16949 0.0185354 0)
(1.16951 0.0182313 0)
(1.16948 0.0179328 0)
(1.16942 0.0176396 0)
(1.16932 0.0173514 0)
(1.16919 0.0170678 0)
(1.16902 0.0167886 0)
(1.16882 0.0165135 0)
(1.1686 0.0162423 0)
(1.16834 0.0159746 0)
(1.16805 0.0157103 0)
(1.16774 0.015449 0)
(1.16741 0.0151905 0)
(1.16705 0.0149347 0)
(1.16667 0.0146811 0)
(1.16627 0.0144297 0)
(1.16585 0.0141801 0)
(1.16541 0.0139323 0)
(1.16495 0.0136858 0)
(1.16448 0.0134407 0)
(1.16399 0.0131966 0)
(1.16348 0.0129534 0)
(1.16297 0.0127108 0)
(1.16243 0.0124688 0)
(1.16189 0.0122272 0)
(1.16134 0.0119858 0)
(1.16077 0.0117446 0)
(1.1602 0.0115033 0)
(1.15962 0.011262 0)
(1.15903 0.0110206 0)
(1.15843 0.0107791 0)
(1.15782 0.0105374 0)
(1.15721 0.0102957 0)
(1.1566 0.0100539 0)
(1.15598 0.0098121 0)
(1.15535 0.00957052 0)
(1.15472 0.00932927 0)
(1.15409 0.00908857 0)
(1.15346 0.00884863 0)
(1.15283 0.00860971 0)
(1.15219 0.00837212 0)
(1.15155 0.00813615 0)
(1.15092 0.00790216 0)
(1.15028 0.00767051 0)
(1.14965 0.00744155 0)
(1.14902 0.00721569 0)
(1.14839 0.00699329 0)
(1.14776 0.00677475 0)
(1.14714 0.00656044 0)
(1.14652 0.00635072 0)
(1.14591 0.00614593 0)
(1.1453 0.0059464 0)
(1.1447 0.0057524 0)
(1.14411 0.00556421 0)
(1.14352 0.00538203 0)
(1.14294 0.00520604 0)
(1.14237 0.0050364 0)
(1.1418 0.00487319 0)
(1.14125 0.00471647 0)
(1.1407 0.00456625 0)
(1.14016 0.0044225 0)
(1.13963 0.00428516 0)
(1.13911 0.00415412 0)
(1.1386 0.00402925 0)
(1.1381 0.00391038 0)
(1.13761 0.00379731 0)
(1.13713 0.00368984 0)
(1.13666 0.00358773 0)
(1.13619 0.00349074 0)
(1.13574 0.00339861 0)
(1.13529 0.00331109 0)
(1.13486 0.00322791 0)
(1.13443 0.00314882 0)
(1.13401 0.00307355 0)
(1.13359 0.00300186 0)
(1.13319 0.00293351 0)
(1.13279 0.00286827 0)
(1.13239 0.00280589 0)
(1.132 0.00274617 0)
(1.13162 0.00268889 0)
(1.13124 0.00263383 0)
(1.13086 0.00258078 0)
(1.13049 0.00252953 0)
(1.13012 0.00247983 0)
(1.12975 0.00243148 0)
(1.12938 0.00238421 0)
(1.12902 0.00233777 0)
(1.12865 0.00229189 0)
(1.12829 0.00224628 0)
(1.12792 0.00220065 0)
(1.12756 0.00215469 0)
(1.12719 0.0021081 0)
(1.12682 0.00206056 0)
(1.12645 0.0020118 0)
(1.12608 0.00196154 0)
(1.12571 0.00190954 0)
(1.12534 0.00185558 0)
(1.12496 0.00179951 0)
(1.12459 0.00174122 0)
(1.12423 0.00168066 0)
(1.12386 0.00161784 0)
(1.1235 0.00155284 0)
(1.12314 0.00148581 0)
(1.12279 0.00141695 0)
(1.12245 0.00134654 0)
(1.12211 0.0012749 0)
(1.12179 0.00120239 0)
(1.12147 0.00112943 0)
(1.12117 0.00105644 0)
(1.12088 0.000983861 0)
(1.12061 0.000912153 0)
(1.12034 0.000841754 0)
(1.1201 0.000773087 0)
(1.11987 0.000706546 0)
(1.11965 0.000642492 0)
(1.11945 0.000581239 0)
(1.11926 0.000523057 0)
(1.11909 0.00046816 0)
(1.11893 0.000416711 0)
(1.11879 0.000368818 0)
(1.11866 0.000324537 0)
(1.11855 0.000283872 0)
(1.11844 0.000246784 0)
(1.11835 0.000213189 0)
(1.11827 0.00018297 0)
(1.1182 0.000155976 0)
(1.11814 0.000132034 0)
(1.11808 0.000110949 0)
(1.11804 9.25166e-05 0)
(1.118 7.65209e-05 0)
(1.11796 6.27455e-05 0)
(1.11793 5.09741e-05 0)
(1.11791 4.0996e-05 0)
(1.11789 3.26081e-05 0)
(1.11787 2.56184e-05 0)
(1.11786 1.9847e-05 0)
(1.11785 1.51276e-05 0)
(1.11784 1.13088e-05 0)
(1.11783 8.25316e-06 0)
(1.11782 5.83906e-06 0)
(1.11782 3.95877e-06 0)
(1.11781 2.51727e-06 0)
(1.11781 1.43266e-06 0)
(1.11781 6.34966e-07 0)
(1.11781 6.55386e-08 0)
(1.11781 -3.25165e-07 0)
(1.11781 -5.78166e-07 0)
(1.1178 -7.27108e-07 0)
(1.1178 -7.99234e-07 0)
(1.1178 -8.16184e-07 0)
(1.1178 -7.94964e-07 0)
(1.1178 -7.48864e-07 0)
(1.1178 -6.87836e-07 0)
(1.1178 -6.19174e-07 0)
(1.1178 -5.48114e-07 0)
(1.1178 -4.78378e-07 0)
(1.1178 -4.12516e-07 0)
(1.1178 -3.52059e-07 0)
(1.1178 -2.97705e-07 0)
(1.1178 -2.49594e-07 0)
(1.1178 -2.07539e-07 0)
(1.1178 -1.71209e-07 0)
(1.1178 -1.40269e-07 0)
(1.1178 -1.14115e-07 0)
(1.1178 -9.21055e-08 0)
(1.1178 -7.3673e-08 0)
(1.1178 -5.81552e-08 0)
(1.1178 -4.48662e-08 0)
(1.1178 -3.3895e-08 0)
(1.1178 -2.46656e-08 0)
(1.1178 -1.67477e-08 0)
(1.1178 -9.83357e-09 0)
(1.1178 -3.91856e-09 0)
(1.1178 1.87944e-09 0)
(1.1178 6.82598e-09 0)
(1.1178 1.14612e-08 0)
(1.1178 1.58699e-08 0)
(1.1178 2.01917e-08 0)
(1.1178 2.39517e-08 0)
(1.1178 2.84817e-08 0)
(1.1178 3.21414e-08 0)
(1.1178 3.71411e-08 0)
(1.1178 4.0484e-08 0)
(1.1178 4.58063e-08 0)
(1.1178 4.88605e-08 0)
(1.1178 5.45163e-08 0)
(1.1178 5.64137e-08 0)
(1.1178 6.3963e-08 0)
(1.1178 6.00633e-08 0)
(1.1178 6.1219e-08 0)
(1.00007 0.00386314 0)
(1.00156 0.0114259 0)
(1.00434 0.0185491 0)
(1.00839 0.0249407 0)
(1.0135 0.0303818 0)
(1.0193 0.0347901 0)
(1.02546 0.0382069 0)
(1.03176 0.0407363 0)
(1.03803 0.0424969 0)
(1.04418 0.0436051 0)
(1.05014 0.0441752 0)
(1.05587 0.0443176 0)
(1.06135 0.0441316 0)
(1.06657 0.0437011 0)
(1.07155 0.043093 0)
(1.07629 0.0423597 0)
(1.08083 0.0415419 0)
(1.08517 0.040671 0)
(1.08933 0.0397707 0)
(1.09332 0.0388586 0)
(1.09717 0.0379477 0)
(1.10087 0.0370476 0)
(1.10445 0.0361651 0)
(1.1079 0.0353048 0)
(1.11124 0.0344699 0)
(1.11447 0.0336624 0)
(1.11759 0.0328835 0)
(1.12062 0.0321336 0)
(1.12355 0.0314125 0)
(1.12638 0.0307199 0)
(1.12913 0.0300549 0)
(1.13179 0.0294168 0)
(1.13437 0.0288044 0)
(1.13686 0.0282167 0)
(1.13927 0.0276524 0)
(1.1416 0.0271105 0)
(1.14385 0.0265897 0)
(1.14603 0.0260888 0)
(1.14814 0.0256068 0)
(1.15017 0.0251425 0)
(1.15212 0.024695 0)
(1.15401 0.0242631 0)
(1.15583 0.0238461 0)
(1.15758 0.0234429 0)
(1.15927 0.0230527 0)
(1.16089 0.0226747 0)
(1.16245 0.0223082 0)
(1.16394 0.0219524 0)
(1.16537 0.0216068 0)
(1.16675 0.0212706 0)
(1.16806 0.0209434 0)
(1.16932 0.0206244 0)
(1.17053 0.0203134 0)
(1.17168 0.0200096 0)
(1.17277 0.0197128 0)
(1.17382 0.0194224 0)
(1.17481 0.0191381 0)
(1.17576 0.0188595 0)
(1.17666 0.0185862 0)
(1.17751 0.0183179 0)
(1.17831 0.0180543 0)
(1.17908 0.017795 0)
(1.1798 0.0175398 0)
(1.18047 0.0172883 0)
(1.18111 0.0170404 0)
(1.18171 0.0167957 0)
(1.18227 0.0165541 0)
(1.18279 0.0163151 0)
(1.18328 0.0160787 0)
(1.18373 0.0158446 0)
(1.18415 0.0156126 0)
(1.18453 0.0153823 0)
(1.18489 0.0151538 0)
(1.18521 0.0149266 0)
(1.1855 0.0147007 0)
(1.18577 0.0144758 0)
(1.186 0.0142517 0)
(1.18621 0.0140283 0)
(1.18639 0.0138054 0)
(1.18654 0.0135827 0)
(1.18667 0.0133602 0)
(1.18678 0.0131377 0)
(1.18686 0.0129149 0)
(1.18692 0.0126919 0)
(1.18696 0.0124684 0)
(1.18698 0.0122443 0)
(1.18697 0.0120196 0)
(1.18695 0.0117942 0)
(1.18691 0.011568 0)
(1.18685 0.011341 0)
(1.18677 0.0111131 0)
(1.18667 0.0108845 0)
(1.18655 0.010655 0)
(1.18642 0.0104249 0)
(1.18628 0.0101942 0)
(1.18611 0.00996305 0)
(1.18594 0.00973159 0)
(1.18575 0.00950005 0)
(1.18554 0.00926864 0)
(1.18533 0.00903763 0)
(1.1851 0.00880729 0)
(1.18486 0.00857796 0)
(1.1846 0.00834995 0)
(1.18434 0.00812361 0)
(1.18407 0.00789932 0)
(1.18379 0.00767744 0)
(1.1835 0.00745836 0)
(1.1832 0.00724246 0)
(1.18289 0.0070301 0)
(1.18258 0.00682165 0)
(1.18227 0.00661746 0)
(1.18194 0.00641785 0)
(1.18162 0.00622312 0)
(1.18129 0.00603355 0)
(1.18096 0.00584938 0)
(1.18062 0.00567081 0)
(1.18029 0.00549801 0)
(1.17995 0.00533111 0)
(1.17961 0.00517021 0)
(1.17928 0.00501536 0)
(1.17894 0.00486657 0)
(1.17861 0.00472383 0)
(1.17827 0.00458708 0)
(1.17794 0.00445624 0)
(1.17762 0.0043312 0)
(1.17729 0.00421181 0)
(1.17697 0.00409791 0)
(1.17665 0.00398933 0)
(1.17634 0.00388588 0)
(1.17603 0.00378734 0)
(1.17572 0.00369352 0)
(1.17542 0.00360419 0)
(1.17512 0.00351914 0)
(1.17482 0.00343817 0)
(1.17453 0.00336107 0)
(1.17424 0.00328763 0)
(1.17396 0.00321767 0)
(1.17367 0.00315099 0)
(1.17339 0.00308742 0)
(1.17312 0.00302676 0)
(1.17284 0.00296885 0)
(1.17256 0.00291349 0)
(1.17229 0.0028605 0)
(1.17202 0.00280966 0)
(1.17174 0.00276076 0)
(1.17147 0.00271354 0)
(1.17119 0.00266774 0)
(1.17091 0.00262305 0)
(1.17063 0.00257915 0)
(1.17034 0.00253569 0)
(1.17006 0.00249228 0)
(1.16976 0.00244852 0)
(1.16947 0.002404 0)
(1.16917 0.00235829 0)
(1.16886 0.002311 0)
(1.16855 0.00226172 0)
(1.16823 0.00221009 0)
(1.16792 0.0021558 0)
(1.16759 0.00209858 0)
(1.16727 0.00203824 0)
(1.16694 0.00197464 0)
(1.16661 0.00190777 0)
(1.16628 0.00183767 0)
(1.16595 0.00176448 0)
(1.16562 0.00168843 0)
(1.1653 0.00160982 0)
(1.16498 0.00152905 0)
(1.16467 0.00144656 0)
(1.16437 0.00136286 0)
(1.16407 0.0012785 0)
(1.16379 0.00119404 0)
(1.16352 0.00111007 0)
(1.16326 0.00102715 0)
(1.16301 0.000945855 0)
(1.16278 0.000866699 0)
(1.16255 0.000790167 0)
(1.16235 0.000716689 0)
(1.16216 0.000646633 0)
(1.16198 0.000580305 0)
(1.16182 0.000517943 0)
(1.16167 0.000459714 0)
(1.16153 0.000405721 0)
(1.16141 0.000356 0)
(1.1613 0.000310529 0)
(1.1612 0.000269233 0)
(1.16112 0.000231986 0)
(1.16104 0.000198625 0)
(1.16097 0.000168952 0)
(1.16091 0.000142745 0)
(1.16086 0.000119763 0)
(1.16082 9.97522e-05 0)
(1.16078 8.24562e-05 0)
(1.16075 6.76168e-05 0)
(1.16072 5.49809e-05 0)
(1.16069 4.43041e-05 0)
(1.16067 3.53547e-05 0)
(1.16066 2.79151e-05 0)
(1.16064 2.17841e-05 0)
(1.16063 1.6777e-05 0)
(1.16062 1.2727e-05 0)
(1.16062 9.48453e-06 0)
(1.16061 6.91725e-06 0)
(1.16061 4.90922e-06 0)
(1.1606 3.36012e-06 0)
(1.1606 2.18361e-06 0)
(1.1606 1.30619e-06 0)
(1.16059 6.66117e-07 0)
(1.16059 2.11991e-07 0)
(1.16059 -9.86717e-08 0)
(1.16059 -3.00334e-07 0)
(1.16059 -4.2069e-07 0)
(1.16059 -4.81709e-07 0)
(1.16059 -5.0067e-07 0)
(1.16059 -4.91037e-07 0)
(1.16059 -4.63082e-07 0)
(1.16059 -4.24365e-07 0)
(1.16059 -3.8024e-07 0)
(1.16059 -3.34505e-07 0)
(1.16059 -2.89786e-07 0)
(1.16059 -2.47801e-07 0)
(1.16059 -2.09465e-07 0)
(1.16059 -1.75179e-07 0)
(1.16059 -1.45157e-07 0)
(1.16059 -1.19154e-07 0)
(1.16059 -9.6798e-08 0)
(1.16059 -7.77517e-08 0)
(1.16059 -6.18156e-08 0)
(1.16059 -4.80732e-08 0)
(1.16059 -3.65761e-08 0)
(1.16059 -2.69302e-08 0)
(1.16059 -1.874e-08 0)
(1.16059 -1.1306e-08 0)
(1.16059 -5.21872e-09 0)
(1.16059 6.28907e-10 0)
(1.16059 5.59123e-09 0)
(1.16059 1.01451e-08 0)
(1.16059 1.42565e-08 0)
(1.16059 1.88108e-08 0)
(1.16059 2.22819e-08 0)
(1.16059 2.68281e-08 0)
(1.16059 2.97747e-08 0)
(1.16059 3.45872e-08 0)
(1.16059 3.66488e-08 0)
(1.16059 4.12441e-08 0)
(1.16059 4.26153e-08 0)
(1.16059 4.72819e-08 0)
(1.16059 4.70701e-08 0)
(1.16059 5.26902e-08 0)
(1.16059 3.84345e-08 0)
(1.16059 1.52471e-08 0)
(1.00006 0.00318316 0)
(1.00125 0.00943241 0)
(1.00349 0.0153662 0)
(1.00678 0.0207722 0)
(1.01097 0.0254795 0)
(1.01581 0.0294017 0)
(1.02105 0.0325395 0)
(1.0265 0.0349497 0)
(1.03201 0.0367125 0)
(1.0375 0.0379131 0)
(1.0429 0.0386377 0)
(1.04815 0.0389712 0)
(1.05323 0.0389931 0)
(1.05812 0.0387735 0)
(1.06282 0.0383711 0)
(1.06734 0.0378336 0)
(1.07168 0.0371992 0)
(1.07586 0.0364984 0)
(1.07989 0.0357551 0)
(1.08378 0.0349877 0)
(1.08753 0.0342104 0)
(1.09116 0.0334339 0)
(1.09468 0.0326662 0)
(1.09809 0.0319132 0)
(1.10141 0.0311789 0)
(1.10463 0.0304664 0)
(1.10776 0.0297775 0)
(1.11081 0.0291132 0)
(1.11378 0.0284742 0)
(1.11668 0.0278604 0)
(1.1195 0.0272716 0)
(1.12226 0.0267071 0)
(1.12495 0.0261663 0)
(1.12757 0.0256483 0)
(1.13013 0.0251521 0)
(1.13264 0.0246768 0)
(1.13508 0.0242212 0)
(1.13746 0.0237843 0)
(1.13979 0.0233651 0)
(1.14206 0.0229626 0)
(1.14427 0.0225758 0)
(1.14644 0.0222037 0)
(1.14855 0.0218455 0)
(1.15061 0.0215002 0)
(1.15261 0.021167 0)
(1.15457 0.0208452 0)
(1.15648 0.0205339 0)
(1.15834 0.0202326 0)
(1.16015 0.0199404 0)
(1.16192 0.0196569 0)
(1.16364 0.0193814 0)
(1.16531 0.0191134 0)
(1.16694 0.0188523 0)
(1.16853 0.0185977 0)
(1.17007 0.0183491 0)
(1.17156 0.0181061 0)
(1.17302 0.0178683 0)
(1.17443 0.0176353 0)
(1.17581 0.0174068 0)
(1.17714 0.0171824 0)
(1.17843 0.0169617 0)
(1.17969 0.0167446 0)
(1.1809 0.0165306 0)
(1.18208 0.0163196 0)
(1.18322 0.0161112 0)
(1.18433 0.0159052 0)
(1.1854 0.0157014 0)
(1.18643 0.0154996 0)
(1.18743 0.0152994 0)
(1.18839 0.0151007 0)
(1.18933 0.0149033 0)
(1.19022 0.014707 0)
(1.19109 0.0145115 0)
(1.19192 0.0143168 0)
(1.19273 0.0141225 0)
(1.1935 0.0139285 0)
(1.19424 0.0137347 0)
(1.19496 0.0135408 0)
(1.19564 0.0133467 0)
(1.1963 0.0131523 0)
(1.19692 0.0129574 0)
(1.19752 0.0127618 0)
(1.19809 0.0125654 0)
(1.19864 0.0123681 0)
(1.19916 0.0121698 0)
(1.19965 0.0119704 0)
(1.20012 0.0117698 0)
(1.20056 0.0115679 0)
(1.20098 0.0113647 0)
(1.20137 0.0111602 0)
(1.20174 0.0109544 0)
(1.20209 0.0107472 0)
(1.20241 0.0105388 0)
(1.20271 0.0103292 0)
(1.20298 0.0101185 0)
(1.20324 0.00990684 0)
(1.20347 0.00969438 0)
(1.20368 0.00948131 0)
(1.20388 0.00926785 0)
(1.20405 0.00905423 0)
(1.2042 0.00884073 0)
(1.20433 0.00862765 0)
(1.20444 0.00841528 0)
(1.20454 0.00820396 0)
(1.20462 0.00799404 0)
(1.20468 0.00778586 0)
(1.20472 0.00757979 0)
(1.20475 0.00737618 0)
(1.20476 0.00717539 0)
(1.20476 0.00697777 0)
(1.20474 0.00678364 0)
(1.20471 0.00659333 0)
(1.20467 0.00640713 0)
(1.20462 0.00622532 0)
(1.20456 0.00604813 0)
(1.20449 0.00587579 0)
(1.2044 0.00570847 0)
(1.20431 0.00554634 0)
(1.20422 0.0053895 0)
(1.20411 0.00523803 0)
(1.204 0.00509199 0)
(1.20389 0.0049514 0)
(1.20377 0.00481623 0)
(1.20364 0.00468646 0)
(1.20351 0.004562 0)
(1.20338 0.00444277 0)
(1.20324 0.00432866 0)
(1.20311 0.00421954 0)
(1.20297 0.00411526 0)
(1.20283 0.00401568 0)
(1.20269 0.00392063 0)
(1.20254 0.00382995 0)
(1.2024 0.00374348 0)
(1.20226 0.00366106 0)
(1.20211 0.00358254 0)
(1.20197 0.00350777 0)
(1.20182 0.0034366 0)
(1.20168 0.00336889 0)
(1.20153 0.00330453 0)
(1.20138 0.00324337 0)
(1.20124 0.0031853 0)
(1.20109 0.00313018 0)
(1.20093 0.00307786 0)
(1.20078 0.00302819 0)
(1.20063 0.00298098 0)
(1.20047 0.00293602 0)
(1.20031 0.00289307 0)
(1.20014 0.00285183 0)
(1.19997 0.00281197 0)
(1.1998 0.00277312 0)
(1.19961 0.00273486 0)
(1.19943 0.00269673 0)
(1.19923 0.00265823 0)
(1.19903 0.00261885 0)
(1.19882 0.00257805 0)
(1.19861 0.00253529 0)
(1.19838 0.00249007 0)
(1.19815 0.0024419 0)
(1.19791 0.00239035 0)
(1.19766 0.00233504 0)
(1.19741 0.0022757 0)
(1.19715 0.00221212 0)
(1.19689 0.00214421 0)
(1.19662 0.002072 0)
(1.19635 0.0019956 0)
(1.19608 0.00191526 0)
(1.19581 0.00183133 0)
(1.19553 0.00174425 0)
(1.19527 0.00165453 0)
(1.195 0.00156279 0)
(1.19474 0.00146967 0)
(1.19449 0.00137586 0)
(1.19425 0.00128206 0)
(1.19401 0.00118897 0)
(1.19379 0.00109728 0)
(1.19357 0.00100764 0)
(1.19337 0.000920644 0)
(1.19318 0.000836834 0)
(1.193 0.000756679 0)
(1.19284 0.000680569 0)
(1.19268 0.000608818 0)
(1.19254 0.000541653 0)
(1.19241 0.000479224 0)
(1.1923 0.000421603 0)
(1.19219 0.000368788 0)
(1.1921 0.000320714 0)
(1.19201 0.000277257 0)
(1.19194 0.000238245 0)
(1.19187 0.000203463 0)
(1.19181 0.000172668 0)
(1.19176 0.000145589 0)
(1.19172 0.000121945 0)
(1.19168 0.000101444 0)
(1.19164 8.37934e-05 0)
(1.19162 6.87057e-05 0)
(1.19159 5.59024e-05 0)
(1.19157 4.5118e-05 0)
(1.19155 3.61034e-05 0)
(1.19154 2.86266e-05 0)
(1.19153 2.2475e-05 0)
(1.19152 1.74557e-05 0)
(1.19151 1.33963e-05 0)
(1.1915 1.01435e-05 0)
(1.1915 7.56262e-06 0)
(1.19149 5.53661e-06 0)
(1.19149 3.9644e-06 0)
(1.19149 2.75978e-06 0)
(1.19149 1.85e-06 0)
(1.19148 1.1742e-06 0)
(1.19148 6.82015e-07 0)
(1.19148 3.32126e-07 0)
(1.19148 9.10629e-08 0)
(1.19148 -6.80631e-08 0)
(1.19148 -1.6675e-07 0)
(1.19148 -2.21913e-07 0)
(1.19148 -2.46444e-07 0)
(1.19148 -2.49946e-07 0)
(1.19148 -2.39731e-07 0)
(1.19148 -2.21239e-07 0)
(1.19148 -1.98524e-07 0)
(1.19148 -1.74317e-07 0)
(1.19148 -1.50251e-07 0)
(1.19148 -1.27515e-07 0)
(1.19148 -1.06621e-07 0)
(1.19148 -8.78452e-08 0)
(1.19148 -7.12022e-08 0)
(1.19148 -5.71274e-08 0)
(1.19148 -4.48296e-08 0)
(1.19148 -3.42385e-08 0)
(1.19148 -2.51329e-08 0)
(1.19148 -1.75358e-08 0)
(1.19148 -1.04182e-08 0)
(1.19148 -4.732e-09 0)
(1.19148 5.37936e-10 0)
(1.19148 5.10041e-09 0)
(1.19148 9.51234e-09 0)
(1.19148 1.31835e-08 0)
(1.19148 1.76416e-08 0)
(1.19148 2.05863e-08 0)
(1.19148 2.47701e-08 0)
(1.19148 2.68007e-08 0)
(1.19148 3.09956e-08 0)
(1.19148 3.19971e-08 0)
(1.19148 3.58679e-08 0)
(1.19148 3.56084e-08 0)
(1.19148 3.90329e-08 0)
(1.19148 3.68516e-08 0)
(1.19148 4.00674e-08 0)
(1.19148 1.73767e-08 0)
(1.19148 -2.41959e-08 0)
(1.00005 0.00263397 0)
(1.00103 0.00781611 0)
(1.00288 0.0127667 0)
(1.00561 0.0173284 0)
(1.00911 0.0213691 0)
(1.01321 0.0248104 0)
(1.01772 0.0276343 0)
(1.02248 0.0298675 0)
(1.02737 0.0315612 0)
(1.03231 0.0327764 0)
(1.03723 0.0335773 0)
(1.04207 0.0340289 0)
(1.0468 0.0341939 0)
(1.0514 0.0341299 0)
(1.05586 0.0338868 0)
(1.06018 0.0335068 0)
(1.06435 0.0330245 0)
(1.06839 0.0324684 0)
(1.07229 0.0318614 0)
(1.07607 0.0312216 0)
(1.07974 0.0305635 0)
(1.08329 0.0298982 0)
(1.08674 0.0292342 0)
(1.0901 0.028578 0)
(1.09336 0.0279344 0)
(1.09654 0.027307 0)
(1.09963 0.0266983 0)
(1.10265 0.0261097 0)
(1.1056 0.0255423 0)
(1.10849 0.0249967 0)
(1.1113 0.0244728 0)
(1.11406 0.0239705 0)
(1.11676 0.0234894 0)
(1.1194 0.0230288 0)
(1.12199 0.022588 0)
(1.12452 0.0221662 0)
(1.12701 0.0217627 0)
(1.12944 0.0213764 0)
(1.13184 0.0210065 0)
(1.13418 0.0206521 0)
(1.13648 0.0203124 0)
(1.13874 0.0199864 0)
(1.14095 0.0196734 0)
(1.14313 0.0193726 0)
(1.14526 0.0190831 0)
(1.14736 0.0188043 0)
(1.14941 0.0185354 0)
(1.15143 0.0182758 0)
(1.15341 0.0180249 0)
(1.15536 0.0177821 0)
(1.15726 0.0175467 0)
(1.15914 0.0173183 0)
(1.16097 0.0170965 0)
(1.16277 0.0168806 0)
(1.16454 0.0166703 0)
(1.16627 0.0164651 0)
(1.16797 0.0162647 0)
(1.16964 0.0160686 0)
(1.17127 0.0158766 0)
(1.17287 0.0156882 0)
(1.17444 0.0155033 0)
(1.17597 0.0153214 0)
(1.17748 0.0151423 0)
(1.17895 0.0149657 0)
(1.18039 0.0147914 0)
(1.1818 0.0146191 0)
(1.18318 0.0144485 0)
(1.18453 0.0142795 0)
(1.18585 0.0141118 0)
(1.18714 0.0139452 0)
(1.1884 0.0137795 0)
(1.18963 0.0136145 0)
(1.19084 0.01345 0)
(1.19201 0.0132859 0)
(1.19316 0.0131219 0)
(1.19427 0.0129578 0)
(1.19536 0.0127935 0)
(1.19642 0.0126289 0)
(1.19746 0.0124638 0)
(1.19846 0.0122979 0)
(1.19944 0.0121313 0)
(1.20039 0.0119637 0)
(1.20132 0.011795 0)
(1.20222 0.0116251 0)
(1.20309 0.011454 0)
(1.20393 0.0112814 0)
(1.20475 0.0111074 0)
(1.20555 0.0109319 0)
(1.20631 0.0107548 0)
(1.20705 0.0105761 0)
(1.20777 0.0103959 0)
(1.20846 0.010214 0)
(1.20912 0.0100307 0)
(1.20976 0.00984583 0)
(1.21037 0.00965962 0)
(1.21096 0.00947216 0)
(1.21153 0.00928359 0)
(1.21207 0.00909407 0)
(1.21258 0.0089038 0)
(1.21307 0.00871301 0)
(1.21354 0.00852192 0)
(1.21398 0.00833081 0)
(1.21441 0.00813996 0)
(1.2148 0.00794966 0)
(1.21518 0.00776022 0)
(1.21554 0.00757196 0)
(1.21587 0.00738521 0)
(1.21618 0.0072003 0)
(1.21648 0.00701754 0)
(1.21675 0.00683726 0)
(1.217 0.00665976 0)
(1.21724 0.00648534 0)
(1.21746 0.00631428 0)
(1.21766 0.00614683 0)
(1.21785 0.00598323 0)
(1.21802 0.0058237 0)
(1.21818 0.0056684 0)
(1.21832 0.00551751 0)
(1.21845 0.00537114 0)
(1.21857 0.00522939 0)
(1.21868 0.00509233 0)
(1.21877 0.00496001 0)
(1.21886 0.00483242 0)
(1.21894 0.00470958 0)
(1.219 0.00459143 0)
(1.21906 0.00447793 0)
(1.21912 0.00436901 0)
(1.21916 0.00426456 0)
(1.2192 0.00416451 0)
(1.21924 0.00406873 0)
(1.21926 0.00397711 0)
(1.21929 0.00388955 0)
(1.21931 0.00380591 0)
(1.21932 0.00372608 0)
(1.21933 0.00364997 0)
(1.21934 0.00357747 0)
(1.21934 0.00350849 0)
(1.21934 0.00344295 0)
(1.21933 0.00338077 0)
(1.21933 0.00332187 0)
(1.21931 0.0032662 0)
(1.2193 0.00321368 0)
(1.21928 0.00316423 0)
(1.21926 0.00311775 0)
(1.21923 0.00307411 0)
(1.2192 0.00303317 0)
(1.21917 0.00299472 0)
(1.21913 0.00295853 0)
(1.21908 0.00292428 0)
(1.21903 0.00289162 0)
(1.21897 0.00286014 0)
(1.2189 0.00282935 0)
(1.21883 0.00279873 0)
(1.21874 0.00276768 0)
(1.21865 0.0027356 0)
(1.21855 0.00270185 0)
(1.21844 0.00266578 0)
(1.21832 0.00262677 0)
(1.21819 0.00258423 0)
(1.21805 0.00253762 0)
(1.2179 0.00248648 0)
(1.21774 0.00243045 0)
(1.21757 0.00236927 0)
(1.21739 0.0023028 0)
(1.21721 0.00223103 0)
(1.21702 0.00215408 0)
(1.21683 0.00207221 0)
(1.21663 0.0019858 0)
(1.21643 0.00189534 0)
(1.21623 0.00180143 0)
(1.21603 0.00170474 0)
(1.21583 0.00160601 0)
(1.21563 0.00150605 0)
(1.21544 0.00140564 0)
(1.21526 0.00130561 0)
(1.21508 0.00120674 0)
(1.2149 0.00110979 0)
(1.21474 0.00101544 0)
(1.21458 0.000924336 0)
(1.21443 0.000837017 0)
(1.2143 0.000753945 0)
(1.21417 0.000675493 0)
(1.21405 0.000601937 0)
(1.21394 0.000533463 0)
(1.21384 0.00047017 0)
(1.21375 0.000412074 0)
(1.21367 0.00035912 0)
(1.21359 0.000311183 0)
(1.21353 0.000268085 0)
(1.21347 0.000229601 0)
(1.21342 0.000195472 0)
(1.21337 0.000165408 0)
(1.21333 0.000139104 0)
(1.2133 0.000116248 0)
(1.21327 9.65208e-05 0)
(1.21324 7.96122e-05 0)
(1.21322 6.5219e-05 0)
(1.2132 5.30524e-05 0)
(1.21319 4.28407e-05 0)
(1.21317 3.43313e-05 0)
(1.21316 2.72923e-05 0)
(1.21315 2.15135e-05 0)
(1.21315 1.68062e-05 0)
(1.21314 1.30023e-05 0)
(1.21313 9.95419e-06 0)
(1.21313 7.53274e-06 0)
(1.21313 5.62672e-06 0)
(1.21312 4.1412e-06 0)
(1.21312 2.99589e-06 0)
(1.21312 2.12314e-06 0)
(1.21312 1.46661e-06 0)
(1.21312 9.79653e-07 0)
(1.21312 6.24333e-07 0)
(1.21312 3.70138e-07 0)
(1.21312 1.92645e-07 0)
(1.21311 7.25308e-08 0)
(1.21311 -5.31058e-09 0)
(1.21311 -5.2755e-08 0)
(1.21311 -7.87937e-08 0)
(1.21311 -9.01882e-08 0)
(1.21311 -9.20391e-08 0)
(1.21311 -8.77645e-08 0)
(1.21311 -7.9874e-08 0)
(1.21311 -7.02336e-08 0)
(1.21311 -6.01171e-08 0)
(1.21311 -4.99448e-08 0)
(1.21311 -4.06921e-08 0)
(1.21311 -3.21823e-08 0)
(1.21311 -2.44647e-08 0)
(1.21311 -1.74226e-08 0)
(1.21311 -1.17134e-08 0)
(1.21311 -6.14531e-09 0)
(1.21311 -1.5872e-09 0)
(1.21311 2.65463e-09 0)
(1.21311 6.42885e-09 0)
(1.21311 1.04227e-08 0)
(1.21311 1.33161e-08 0)
(1.21311 1.70353e-08 0)
(1.21311 1.90045e-08 0)
(1.21311 2.25516e-08 0)
(1.21311 2.39783e-08 0)
(1.21311 2.74381e-08 0)
(1.21311 2.75878e-08 0)
(1.21311 3.05632e-08 0)
(1.21311 2.86332e-08 0)
(1.21311 3.04986e-08 0)
(1.21311 2.66571e-08 0)
(1.21311 2.7695e-08 0)
(1.21311 -5.81303e-10 0)
(1.21311 -5.17953e-08 0)
(1.00004 0.00217946 0)
(1.00087 0.00647447 0)
(1.00243 0.0105969 0)
(1.00474 0.0144287 0)
(1.00772 0.0178676 0)
(1.01125 0.020847 0)
(1.01518 0.0233418 0)
(1.01939 0.0253609 0)
(1.02378 0.0269353 0)
(1.02825 0.0281073 0)
(1.03276 0.0289241 0)
(1.03725 0.0294353 0)
(1.04168 0.0296899 0)
(1.04603 0.0297343 0)
(1.05027 0.0296102 0)
(1.05441 0.0293537 0)
(1.05844 0.0289956 0)
(1.06235 0.0285614 0)
(1.06615 0.0280723 0)
(1.06984 0.0275454 0)
(1.07343 0.0269947 0)
(1.07692 0.026431 0)
(1.08031 0.0258629 0)
(1.08361 0.0252972 0)
(1.08683 0.024739 0)
(1.08997 0.0241919 0)
(1.09303 0.023659 0)
(1.09601 0.023142 0)
(1.09893 0.0226423 0)
(1.10178 0.0221608 0)
(1.10458 0.0216977 0)
(1.10731 0.0212532 0)
(1.10999 0.0208271 0)
(1.11261 0.020419 0)
(1.11518 0.0200284 0)
(1.11771 0.0196548 0)
(1.12019 0.0192974 0)
(1.12262 0.0189556 0)
(1.12501 0.0186286 0)
(1.12736 0.0183156 0)
(1.12968 0.018016 0)
(1.13195 0.017729 0)
(1.13419 0.0174538 0)
(1.13639 0.0171898 0)
(1.13855 0.0169363 0)
(1.14069 0.0166926 0)
(1.14279 0.0164581 0)
(1.14485 0.0162322 0)
(1.14689 0.0160144 0)
(1.1489 0.0158041 0)
(1.15087 0.0156007 0)
(1.15282 0.0154039 0)
(1.15473 0.0152131 0)
(1.15662 0.0150279 0)
(1.15848 0.014848 0)
(1.16032 0.0146728 0)
(1.16212 0.014502 0)
(1.1639 0.0143354 0)
(1.16565 0.0141725 0)
(1.16738 0.014013 0)
(1.16908 0.0138567 0)
(1.17075 0.0137032 0)
(1.1724 0.0135523 0)
(1.17402 0.0134037 0)
(1.17561 0.0132572 0)
(1.17719 0.0131125 0)
(1.17873 0.0129694 0)
(1.18025 0.0128277 0)
(1.18175 0.0126872 0)
(1.18322 0.0125477 0)
(1.18467 0.0124089 0)
(1.18609 0.0122707 0)
(1.18748 0.0121329 0)
(1.18886 0.0119953 0)
(1.1902 0.0118578 0)
(1.19153 0.0117201 0)
(1.19283 0.0115821 0)
(1.1941 0.0114437 0)
(1.19535 0.0113048 0)
(1.19658 0.011165 0)
(1.19778 0.0110244 0)
(1.19895 0.0108829 0)
(1.20011 0.0107401 0)
(1.20123 0.0105962 0)
(1.20234 0.010451 0)
(1.20341 0.0103043 0)
(1.20447 0.0101561 0)
(1.2055 0.0100065 0)
(1.2065 0.00985518 0)
(1.20748 0.0097023 0)
(1.20843 0.00954779 0)
(1.20936 0.00939167 0)
(1.21027 0.00923398 0)
(1.21115 0.00907477 0)
(1.212 0.00891412 0)
(1.21283 0.00875211 0)
(1.21363 0.00858889 0)
(1.21441 0.00842458 0)
(1.21517 0.00825937 0)
(1.21589 0.00809343 0)
(1.2166 0.00792698 0)
(1.21728 0.00776024 0)
(1.21793 0.00759347 0)
(1.21857 0.00742691 0)
(1.21917 0.00726084 0)
(1.21976 0.00709554 0)
(1.22032 0.00693129 0)
(1.22086 0.00676838 0)
(1.22137 0.0066071 0)
(1.22187 0.00644772 0)
(1.22234 0.00629052 0)
(1.22279 0.00613577 0)
(1.22322 0.00598372 0)
(1.22364 0.00583459 0)
(1.22403 0.00568861 0)
(1.22441 0.00554596 0)
(1.22476 0.00540683 0)
(1.22511 0.00527135 0)
(1.22543 0.00513965 0)
(1.22574 0.00501184 0)
(1.22604 0.00488799 0)
(1.22632 0.00476814 0)
(1.22658 0.00465234 0)
(1.22684 0.00454059 0)
(1.22708 0.00443287 0)
(1.22731 0.00432916 0)
(1.22753 0.00422942 0)
(1.22775 0.00413358 0)
(1.22795 0.00404158 0)
(1.22814 0.00395334 0)
(1.22832 0.00386879 0)
(1.2285 0.00378784 0)
(1.22867 0.00371042 0)
(1.22883 0.00363644 0)
(1.22898 0.00356585 0)
(1.22913 0.00349858 0)
(1.22927 0.00343458 0)
(1.22941 0.00337383 0)
(1.22954 0.00331628 0)
(1.22967 0.00326193 0)
(1.22979 0.00321075 0)
(1.2299 0.00316274 0)
(1.23001 0.00311787 0)
(1.23011 0.00307611 0)
(1.23021 0.0030374 0)
(1.23031 0.00300165 0)
(1.2304 0.00296873 0)
(1.23048 0.00293846 0)
(1.23055 0.00291059 0)
(1.23062 0.0028848 0)
(1.23069 0.00286072 0)
(1.23074 0.00283788 0)
(1.23079 0.00281576 0)
(1.23083 0.00279374 0)
(1.23086 0.00277119 0)
(1.23088 0.00274741 0)
(1.23089 0.00272166 0)
(1.23089 0.00269324 0)
(1.23087 0.00266141 0)
(1.23085 0.00262552 0)
(1.23082 0.00258496 0)
(1.23078 0.00253919 0)
(1.23072 0.00248781 0)
(1.23066 0.00243053 0)
(1.23058 0.00236717 0)
(1.2305 0.00229773 0)
(1.23041 0.00222235 0)
(1.23031 0.00214129 0)
(1.2302 0.00205498 0)
(1.23009 0.00196395 0)
(1.22997 0.00186887 0)
(1.22985 0.00177047 0)
(1.22973 0.00166957 0)
(1.22961 0.00156704 0)
(1.22948 0.00146375 0)
(1.22936 0.0013606 0)
(1.22924 0.00125844 0)
(1.22913 0.00115809 0)
(1.22902 0.00106031 0)
(1.22891 0.00096578 0)
(1.2288 0.000875095 0)
(1.22871 0.000788757 0)
(1.22862 0.000707168 0)
(1.22853 0.00063063 0)
(1.22845 0.000559346 0)
(1.22838 0.000493428 0)
(1.22831 0.000432899 0)
(1.22825 0.000377703 0)
(1.22819 0.000327716 0)
(1.22814 0.000282752 0)
(1.2281 0.000242579 0)
(1.22806 0.000206927 0)
(1.22803 0.000175497 0)
(1.22799 0.000147972 0)
(1.22797 0.000124028 0)
(1.22794 0.000103335 0)
(1.22792 8.55697e-05 0)
(1.22791 7.04188e-05 0)
(1.22789 5.75835e-05 0)
(1.22788 4.67827e-05 0)
(1.22787 3.77551e-05 0)
(1.22786 3.02613e-05 0)
(1.22785 2.40838e-05 0)
(1.22785 1.9027e-05 0)
(1.22784 1.49172e-05 0)
(1.22784 1.16016e-05 0)
(1.22783 8.94696e-06 0)
(1.22783 6.83824e-06 0)
(1.22783 5.17694e-06 0)
(1.22782 3.87918e-06 0)
(1.22782 2.87434e-06 0)
(1.22782 2.10348e-06 0)
(1.22782 1.51794e-06 0)
(1.22782 1.07809e-06 0)
(1.22782 7.51775e-07 0)
(1.22782 5.12941e-07 0)
(1.22782 3.40616e-07 0)
(1.22782 2.18188e-07 0)
(1.22782 1.32868e-07 0)
(1.22782 7.49535e-08 0)
(1.22782 3.68463e-08 0)
(1.22782 1.2839e-08 0)
(1.22782 -1.19798e-09 0)
(1.22782 -8.6555e-09 0)
(1.22782 -1.20682e-08 0)
(1.22782 -1.24521e-08 0)
(1.22782 -1.11568e-08 0)
(1.22782 -8.8805e-09 0)
(1.22782 -6.20654e-09 0)
(1.22782 -3.00866e-09 0)
(1.22782 -4.6613e-10 0)
(1.22782 2.40454e-09 0)
(1.22782 5.05428e-09 0)
(1.22782 7.75233e-09 0)
(1.22782 1.0089e-08 0)
(1.22782 1.29394e-08 0)
(1.22782 1.46007e-08 0)
(1.22782 1.72834e-08 0)
(1.22782 1.82737e-08 0)
(1.22782 2.10404e-08 0)
(1.22782 2.19633e-08 0)
(1.22782 2.44414e-08 0)
(1.22782 2.3709e-08 0)
(1.22782 2.55575e-08 0)
(1.22782 2.22004e-08 0)
(1.22782 2.26584e-08 0)
(1.22782 1.77805e-08 0)
(1.22782 1.70379e-08 0)
(1.22782 -1.3591e-08 0)
(1.22782 -6.62401e-08 0)
(1.00003 0.00179481 0)
(1.00075 0.00533639 0)
(1.00209 0.00874817 0)
(1.00408 0.0119409 0)
(1.00667 0.0148355 0)
(1.00976 0.017377 0)
(1.01324 0.0195395 0)
(1.01701 0.0213221 0)
(1.02097 0.0227425 0)
(1.02507 0.023829 0)
(1.02923 0.024616 0)
(1.03342 0.0251409 0)
(1.03759 0.0254417 0)
(1.04172 0.0255551 0)
(1.04578 0.0255153 0)
(1.04977 0.0253526 0)
(1.05366 0.0250936 0)
(1.05747 0.0247605 0)
(1.06118 0.0243723 0)
(1.0648 0.0239446 0)
(1.06832 0.0234901 0)
(1.07175 0.0230193 0)
(1.0751 0.0225403 0)
(1.07836 0.0220597 0)
(1.08154 0.0215824 0)
(1.08465 0.0211125 0)
(1.08768 0.0206527 0)
(1.09064 0.0202052 0)
(1.09353 0.0197715 0)
(1.09636 0.0193525 0)
(1.09913 0.0189489 0)
(1.10184 0.0185608 0)
(1.10449 0.0181884 0)
(1.10709 0.0178313 0)
(1.10965 0.0174894 0)
(1.11215 0.0171622 0)
(1.11461 0.0168491 0)
(1.11703 0.0165496 0)
(1.11941 0.0162632 0)
(1.12175 0.0159892 0)
(1.12404 0.015727 0)
(1.12631 0.0154759 0)
(1.12854 0.0152355 0)
(1.13073 0.0150049 0)
(1.13289 0.0147838 0)
(1.13502 0.0145715 0)
(1.13712 0.0143675 0)
(1.13919 0.0141712 0)
(1.14124 0.0139822 0)
(1.14325 0.0138 0)
(1.14524 0.0136242 0)
(1.1472 0.0134543 0)
(1.14914 0.0132898 0)
(1.15105 0.0131305 0)
(1.15294 0.012976 0)
(1.1548 0.0128259 0)
(1.15664 0.0126798 0)
(1.15846 0.0125375 0)
(1.16025 0.0123987 0)
(1.16202 0.012263 0)
(1.16377 0.0121302 0)
(1.1655 0.0120001 0)
(1.1672 0.0118724 0)
(1.16889 0.0117469 0)
(1.17055 0.0116233 0)
(1.17219 0.0115014 0)
(1.17381 0.011381 0)
(1.17541 0.0112619 0)
(1.17699 0.0111439 0)
(1.17854 0.0110269 0)
(1.18008 0.0109106 0)
(1.18159 0.0107948 0)
(1.18309 0.0106795 0)
(1.18456 0.0105644 0)
(1.18601 0.0104493 0)
(1.18745 0.0103342 0)
(1.18886 0.0102188 0)
(1.19024 0.0101031 0)
(1.19161 0.00998681 0)
(1.19296 0.00986989 0)
(1.19428 0.0097522 0)
(1.19559 0.00963362 0)
(1.19687 0.00951403 0)
(1.19813 0.00939333 0)
(1.19937 0.00927144 0)
(1.20059 0.00914827 0)
(1.20178 0.00902375 0)
(1.20295 0.00889783 0)
(1.2041 0.00877045 0)
(1.20522 0.0086416 0)
(1.20633 0.00851126 0)
(1.20741 0.00837944 0)
(1.20846 0.00824615 0)
(1.2095 0.00811144 0)
(1.2105 0.00797538 0)
(1.21149 0.00783803 0)
(1.21245 0.00769951 0)
(1.21339 0.00755993 0)
(1.2143 0.00741944 0)
(1.21519 0.00727818 0)
(1.21606 0.00713634 0)
(1.2169 0.00699411 0)
(1.21771 0.00685169 0)
(1.21851 0.0067093 0)
(1.21928 0.00656718 0)
(1.22002 0.00642555 0)
(1.22075 0.00628466 0)
(1.22145 0.00614476 0)
(1.22212 0.00600609 0)
(1.22278 0.00586889 0)
(1.22341 0.00573339 0)
(1.22402 0.00559983 0)
(1.22461 0.00546843 0)
(1.22518 0.00533937 0)
(1.22573 0.00521286 0)
(1.22627 0.00508906 0)
(1.22678 0.00496813 0)
(1.22727 0.00485021 0)
(1.22775 0.00473539 0)
(1.22821 0.00462379 0)
(1.22865 0.00451548 0)
(1.22908 0.0044105 0)
(1.22949 0.0043089 0)
(1.22989 0.0042107 0)
(1.23027 0.00411589 0)
(1.23064 0.00402446 0)
(1.231 0.00393639 0)
(1.23135 0.00385163 0)
(1.23169 0.00377015 0)
(1.23201 0.00369189 0)
(1.23232 0.0036168 0)
(1.23263 0.00354482 0)
(1.23292 0.00347589 0)
(1.23321 0.00340999 0)
(1.23349 0.00334706 0)
(1.23376 0.00328707 0)
(1.23402 0.00323002 0)
(1.23427 0.00317589 0)
(1.23452 0.0031247 0)
(1.23476 0.00307647 0)
(1.235 0.00303122 0)
(1.23522 0.00298899 0)
(1.23545 0.00294982 0)
(1.23566 0.00291371 0)
(1.23587 0.00288069 0)
(1.23608 0.0028507 0)
(1.23628 0.0028237 0)
(1.23647 0.00279956 0)
(1.23666 0.00277809 0)
(1.23684 0.00275906 0)
(1.23701 0.00274212 0)
(1.23718 0.00272686 0)
(1.23734 0.00271279 0)
(1.23749 0.00269934 0)
(1.23764 0.00268586 0)
(1.23777 0.00267163 0)
(1.2379 0.00265592 0)
(1.23802 0.00263794 0)
(1.23812 0.00261691 0)
(1.23822 0.00259208 0)
(1.23831 0.00256273 0)
(1.23838 0.00252824 0)
(1.23845 0.00248805 0)
(1.2385 0.00244174 0)
(1.23854 0.00238902 0)
(1.23857 0.00232973 0)
(1.23859 0.0022639 0)
(1.2386 0.00219167 0)
(1.2386 0.00211337 0)
(1.23859 0.00202944 0)
(1.23858 0.00194048 0)
(1.23855 0.00184719 0)
(1.23852 0.00175035 0)
(1.23849 0.00165082 0)
(1.23845 0.00154952 0)
(1.2384 0.00144734 0)
(1.23835 0.00134522 0)
(1.2383 0.00124404 0)
(1.23825 0.00114464 0)
(1.2382 0.00104779 0)
(1.23815 0.000954172 0)
(1.2381 0.0008644 0)
(1.23805 0.000778971 0)
(1.238 0.000698284 0)
(1.23795 0.000622639 0)
(1.23791 0.000552231 0)
(1.23787 0.000487165 0)
(1.23783 0.000427456 0)
(1.23779 0.000373041 0)
(1.23776 0.000323788 0)
(1.23773 0.000279506 0)
(1.2377 0.000239959 0)
(1.23768 0.000204874 0)
(1.23766 0.00017395 0)
(1.23764 0.000146871 0)
(1.23762 0.000123311 0)
(1.23761 0.000102945 0)
(1.23759 8.54511e-05 0)
(1.23758 7.05214e-05 0)
(1.23757 5.78612e-05 0)
(1.23756 4.71941e-05 0)
(1.23755 3.82638e-05 0)
(1.23755 3.08354e-05 0)
(1.23754 2.46962e-05 0)
(1.23754 1.96553e-05 0)
(1.23753 1.55437e-05 0)
(1.23753 1.22125e-05 0)
(1.23753 9.53206e-06 0)
(1.23753 7.38982e-06 0)
(1.23752 5.6894e-06 0)
(1.23752 4.3492e-06 0)
(1.23752 3.30073e-06 0)
(1.23752 2.48671e-06 0)
(1.23752 1.85963e-06 0)
(1.23752 1.38043e-06 0)
(1.23752 1.01714e-06 0)
(1.23752 7.43824e-07 0)
(1.23752 5.39821e-07 0)
(1.23752 3.89053e-07 0)
(1.23752 2.78887e-07 0)
(1.23752 1.99213e-07 0)
(1.23752 1.42028e-07 0)
(1.23752 1.01362e-07 0)
(1.23752 7.27282e-08 0)
(1.23752 5.25241e-08 0)
(1.23752 3.88318e-08 0)
(1.23752 2.98121e-08 0)
(1.23752 2.39025e-08 0)
(1.23752 1.97259e-08 0)
(1.23752 1.74769e-08 0)
(1.23752 1.58654e-08 0)
(1.23752 1.52486e-08 0)
(1.23752 1.51934e-08 0)
(1.23752 1.56425e-08 0)
(1.23752 1.58432e-08 0)
(1.23752 1.68966e-08 0)
(1.23752 1.71331e-08 0)
(1.23752 1.88146e-08 0)
(1.23752 1.89956e-08 0)
(1.23752 2.07015e-08 0)
(1.23752 2.06846e-08 0)
(1.23752 2.1797e-08 0)
(1.23752 2.02704e-08 0)
(1.23752 2.12696e-08 0)
(1.23752 1.72948e-08 0)
(1.23752 1.67058e-08 0)
(1.23752 1.09845e-08 0)
(1.23752 8.42895e-09 0)
(1.23752 -2.14001e-08 0)
(1.23752 -6.89932e-08 0)
(1.00003 0.0014623 0)
(1.00066 0.00435069 0)
(1.00183 0.00714125 0)
(1.00359 0.00976641 0)
(1.00588 0.0121652 0)
(1.00863 0.0142934 0)
(1.01175 0.0161271 0)
(1.01516 0.0176609 0)
(1.01879 0.0189038 0)
(1.02258 0.0198745 0)
(1.02646 0.0205975 0)
(1.0304 0.0211006 0)
(1.03435 0.0214127 0)
(1.03829 0.0215629 0)
(1.04219 0.0215783 0)
(1.04604 0.021484 0)
(1.04982 0.021302 0)
(1.05353 0.0210514 0)
(1.05717 0.0207486 0)
(1.06072 0.0204073 0)
(1.06419 0.0200388 0)
(1.06758 0.0196526 0)
(1.07089 0.0192561 0)
(1.07412 0.0188553 0)
(1.07728 0.0184552 0)
(1.08036 0.0180593 0)
(1.08337 0.0176704 0)
(1.08631 0.0172908 0)
(1.08918 0.0169218 0)
(1.09199 0.0165646 0)
(1.09474 0.0162198 0)
(1.09744 0.0158878 0)
(1.10008 0.0155687 0)
(1.10266 0.0152626 0)
(1.1052 0.0149691 0)
(1.10769 0.0146881 0)
(1.11014 0.0144191 0)
(1.11254 0.0141616 0)
(1.1149 0.0139154 0)
(1.11722 0.0136798 0)
(1.1195 0.0134543 0)
(1.12175 0.0132384 0)
(1.12396 0.0130317 0)
(1.12614 0.0128337 0)
(1.12829 0.0126437 0)
(1.13041 0.0124615 0)
(1.1325 0.0122864 0)
(1.13456 0.0121182 0)
(1.13659 0.0119563 0)
(1.1386 0.0118004 0)
(1.14058 0.01165 0)
(1.14253 0.0115048 0)
(1.14446 0.0113645 0)
(1.14637 0.0112287 0)
(1.14826 0.0110972 0)
(1.15012 0.0109695 0)
(1.15196 0.0108455 0)
(1.15378 0.0107248 0)
(1.15558 0.0106072 0)
(1.15736 0.0104925 0)
(1.15912 0.0103803 0)
(1.16086 0.0102706 0)
(1.16258 0.010163 0)
(1.16428 0.0100574 0)
(1.16596 0.00995355 0)
(1.16763 0.00985128 0)
(1.16927 0.00975041 0)
(1.1709 0.00965074 0)
(1.1725 0.00955213 0)
(1.17409 0.00945438 0)
(1.17566 0.00935736 0)
(1.17722 0.0092609 0)
(1.17875 0.00916484 0)
(1.18027 0.00906906 0)
(1.18176 0.00897339 0)
(1.18324 0.00887772 0)
(1.1847 0.0087819 0)
(1.18614 0.0086858 0)
(1.18757 0.00858931 0)
(1.18897 0.0084923 0)
(1.19036 0.00839467 0)
(1.19172 0.00829631 0)
(1.19307 0.00819713 0)
(1.1944 0.00809702 0)
(1.1957 0.00799591 0)
(1.19699 0.00789372 0)
(1.19826 0.0077904 0)
(1.19951 0.00768588 0)
(1.20073 0.00758013 0)
(1.20194 0.00747313 0)
(1.20312 0.00736485 0)
(1.20429 0.00725529 0)
(1.20543 0.00714448 0)
(1.20655 0.00703243 0)
(1.20765 0.00691921 0)
(1.20873 0.00680487 0)
(1.20978 0.0066895 0)
(1.21081 0.00657319 0)
(1.21182 0.00645605 0)
(1.21281 0.00633822 0)
(1.21377 0.00621983 0)
(1.21472 0.00610105 0)
(1.21563 0.00598204 0)
(1.21653 0.00586299 0)
(1.2174 0.00574409 0)
(1.21825 0.00562552 0)
(1.21908 0.00550749 0)
(1.21989 0.0053902 0)
(1.22067 0.00527386 0)
(1.22144 0.00515867 0)
(1.22218 0.00504481 0)
(1.2229 0.0049325 0)
(1.2236 0.00482189 0)
(1.22428 0.00471318 0)
(1.22493 0.0046065 0)
(1.22557 0.00450202 0)
(1.2262 0.00439986 0)
(1.2268 0.00430014 0)
(1.22738 0.00420296 0)
(1.22795 0.00410839 0)
(1.2285 0.00401652 0)
(1.22903 0.00392738 0)
(1.22955 0.00384102 0)
(1.23006 0.00375745 0)
(1.23055 0.00367669 0)
(1.23102 0.00359872 0)
(1.23149 0.00352354 0)
(1.23193 0.00345111 0)
(1.23237 0.00338141 0)
(1.2328 0.00331441 0)
(1.23321 0.00325006 0)
(1.23362 0.00318832 0)
(1.23401 0.00312917 0)
(1.23439 0.00307258 0)
(1.23477 0.00301852 0)
(1.23513 0.00296699 0)
(1.23549 0.00291799 0)
(1.23584 0.00287154 0)
(1.23618 0.00282768 0)
(1.23651 0.00278645 0)
(1.23684 0.00274792 0)
(1.23716 0.00271213 0)
(1.23747 0.00267917 0)
(1.23778 0.0026491 0)
(1.23808 0.00262195 0)
(1.23838 0.00259777 0)
(1.23867 0.00257652 0)
(1.23896 0.00255815 0)
(1.23924 0.00254255 0)
(1.23951 0.00252952 0)
(1.23978 0.0025188 0)
(1.24004 0.00251004 0)
(1.2403 0.0025028 0)
(1.24055 0.00249656 0)
(1.2408 0.00249071 0)
(1.24103 0.00248459 0)
(1.24126 0.00247746 0)
(1.24149 0.00246854 0)
(1.2417 0.00245706 0)
(1.24191 0.00244222 0)
(1.24211 0.00242328 0)
(1.24229 0.00239953 0)
(1.24247 0.00237035 0)
(1.24264 0.00233524 0)
(1.24279 0.0022938 0)
(1.24294 0.00224579 0)
(1.24307 0.00219109 0)
(1.24319 0.00212977 0)
(1.2433 0.00206202 0)
(1.2434 0.00198821 0)
(1.24349 0.00190883 0)
(1.24357 0.00182449 0)
(1.24364 0.00173592 0)
(1.24369 0.00164393 0)
(1.24374 0.00154938 0)
(1.24378 0.00145316 0)
(1.24382 0.00135619 0)
(1.24384 0.00125937 0)
(1.24386 0.00116354 0)
(1.24388 0.00106952 0)
(1.24389 0.000978053 0)
(1.24389 0.00088978 0)
(1.24389 0.000805266 0)
(1.24389 0.000724975 0)
(1.24389 0.00064927 0)
(1.24388 0.000578415 0)
(1.24387 0.000512577 0)
(1.24386 0.000451835 0)
(1.24385 0.000396185 0)
(1.24384 0.000345547 0)
(1.24383 0.000299782 0)
(1.24382 0.000258696 0)
(1.24382 0.000222052 0)
(1.24381 0.000189582 0)
(1.2438 0.000160995 0)
(1.24379 0.000135986 0)
(1.24378 0.000114245 0)
(1.24378 9.54642e-05 0)
(1.24377 7.93404e-05 0)
(1.24376 6.55837e-05 0)
(1.24376 5.39185e-05 0)
(1.24375 4.40873e-05 0)
(1.24375 3.58522e-05 0)
(1.24375 2.89961e-05 0)
(1.24374 2.33229e-05 0)
(1.24374 1.86574e-05 0)
(1.24374 1.4844e-05 0)
(1.24374 1.17461e-05 0)
(1.24374 9.24458e-06 0)
(1.24373 7.23677e-06 0)
(1.24373 5.63519e-06 0)
(1.24373 4.36578e-06 0)
(1.24373 3.36595e-06 0)
(1.24373 2.58316e-06 0)
(1.24373 1.9738e-06 0)
(1.24373 1.50209e-06 0)
(1.24373 1.13912e-06 0)
(1.24373 8.61597e-07 0)
(1.24373 6.50682e-07 0)
(1.24373 4.91298e-07 0)
(1.24373 3.71306e-07 0)
(1.24373 2.8113e-07 0)
(1.24373 2.13427e-07 0)
(1.24373 1.63076e-07 0)
(1.24373 1.25654e-07 0)
(1.24373 9.79737e-08 0)
(1.24373 7.75271e-08 0)
(1.24373 6.2337e-08 0)
(1.24373 5.04466e-08 0)
(1.24373 4.19532e-08 0)
(1.24373 3.56746e-08 0)
(1.24373 3.11328e-08 0)
(1.24373 2.76984e-08 0)
(1.24373 2.53161e-08 0)
(1.24373 2.31653e-08 0)
(1.24373 2.23186e-08 0)
(1.24373 2.1077e-08 0)
(1.24373 2.13908e-08 0)
(1.24373 2.04584e-08 0)
(1.24373 2.08832e-08 0)
(1.24373 1.99087e-08 0)
(1.24373 1.99951e-08 0)
(1.24373 1.79851e-08 0)
(1.24373 1.82749e-08 0)
(1.24373 1.40391e-08 0)
(1.24373 1.24763e-08 0)
(1.24373 6.0522e-09 0)
(1.24373 2.42049e-09 0)
(1.24373 -2.43134e-08 0)
(1.24373 -6.35757e-08 0)
(1.00003 0.00116883 0)
(1.00059 0.00347939 0)
(1.00164 0.00571668 0)
(1.00321 0.00782994 0)
(1.00528 0.00977275 0)
(1.00777 0.0115103 0)
(1.01062 0.0130221 0)
(1.01375 0.0143011 0)
(1.01711 0.0153514 0)
(1.02064 0.0161847 0)
(1.0243 0.0168183 0)
(1.02803 0.0172723 0)
(1.0318 0.0175687 0)
(1.03558 0.0177296 0)
(1.03935 0.0177764 0)
(1.04308 0.017729 0)
(1.04677 0.0176053 0)
(1.0504 0.0174211 0)
(1.05397 0.01719 0)
(1.05747 0.0169237 0)
(1.0609 0.0166318 0)
(1.06425 0.0163225 0)
(1.06753 0.0160024 0)
(1.07074 0.0156768 0)
(1.07387 0.0153499 0)
(1.07693 0.0150252 0)
(1.07993 0.0147051 0)
(1.08285 0.0143917 0)
(1.08571 0.0140864 0)
(1.08851 0.0137902 0)
(1.09126 0.0135039 0)
(1.09394 0.0132277 0)
(1.09657 0.0129621 0)
(1.09914 0.0127068 0)
(1.10167 0.012462 0)
(1.10415 0.0122274 0)
(1.10658 0.0120027 0)
(1.10897 0.0117875 0)
(1.11132 0.0115816 0)
(1.11363 0.0113846 0)
(1.1159 0.011196 0)
(1.11814 0.0110155 0)
(1.12034 0.0108426 0)
(1.12251 0.0106769 0)
(1.12464 0.010518 0)
(1.12675 0.0103656 0)
(1.12882 0.0102193 0)
(1.13087 0.0100786 0)
(1.13289 0.00994337 0)
(1.13488 0.00981313 0)
(1.13685 0.0096876 0)
(1.13879 0.00956648 0)
(1.14072 0.00944948 0)
(1.14261 0.00933632 0)
(1.14449 0.00922674 0)
(1.14634 0.0091205 0)
(1.14818 0.00901735 0)
(1.14999 0.00891706 0)
(1.15178 0.00881943 0)
(1.15355 0.00872425 0)
(1.15531 0.00863132 0)
(1.15704 0.00854044 0)
(1.15876 0.00845145 0)
(1.16046 0.00836416 0)
(1.16214 0.00827842 0)
(1.1638 0.00819406 0)
(1.16545 0.00811092 0)
(1.16708 0.00802887 0)
(1.16869 0.00794774 0)
(1.17028 0.00786742 0)
(1.17186 0.00778775 0)
(1.17342 0.00770862 0)
(1.17497 0.00762988 0)
(1.17649 0.00755143 0)
(1.178 0.00747313 0)
(1.1795 0.00739488 0)
(1.18097 0.00731657 0)
(1.18243 0.00723808 0)
(1.18388 0.0071593 0)
(1.1853 0.00708015 0)
(1.18671 0.00700053 0)
(1.1881 0.00692035 0)
(1.18947 0.00683951 0)
(1.19083 0.00675796 0)
(1.19217 0.00667561 0)
(1.19349 0.00659241 0)
(1.19479 0.0065083 0)
(1.19607 0.00642323 0)
(1.19733 0.00633716 0)
(1.19858 0.00625009 0)
(1.1998 0.00616198 0)
(1.20101 0.00607283 0)
(1.20219 0.00598266 0)
(1.20336 0.0058915 0)
(1.2045 0.00579937 0)
(1.20563 0.00570632 0)
(1.20673 0.00561243 0)
(1.20781 0.00551776 0)
(1.20887 0.00542241 0)
(1.20992 0.00532648 0)
(1.21093 0.00523008 0)
(1.21193 0.00513334 0)
(1.21291 0.0050364 0)
(1.21386 0.00493939 0)
(1.2148 0.00484248 0)
(1.21571 0.00474582 0)
(1.2166 0.00464957 0)
(1.21747 0.00455389 0)
(1.21832 0.00445895 0)
(1.21915 0.0043649 0)
(1.21996 0.00427192 0)
(1.22074 0.00418015 0)
(1.22151 0.00408974 0)
(1.22226 0.00400082 0)
(1.22299 0.00391354 0)
(1.2237 0.003828 0)
(1.22439 0.00374432 0)
(1.22506 0.00366258 0)
(1.22572 0.00358288 0)
(1.22636 0.00350529 0)
(1.22698 0.00342985 0)
(1.22759 0.00335662 0)
(1.22818 0.00328562 0)
(1.22876 0.00321688 0)
(1.22932 0.0031504 0)
(1.22987 0.00308619 0)
(1.2304 0.00302423 0)
(1.23092 0.00296451 0)
(1.23143 0.002907 0)
(1.23193 0.00285168 0)
(1.23241 0.00279853 0)
(1.23289 0.00274752 0)
(1.23335 0.00269863 0)
(1.23381 0.00265183 0)
(1.23425 0.00260713 0)
(1.23469 0.00256453 0)
(1.23512 0.00252404 0)
(1.23554 0.00248569 0)
(1.23595 0.00244953 0)
(1.23635 0.00241562 0)
(1.23675 0.00238403 0)
(1.23714 0.00235485 0)
(1.23752 0.00232815 0)
(1.2379 0.00230403 0)
(1.23827 0.00228256 0)
(1.23864 0.00226379 0)
(1.239 0.00224776 0)
(1.23935 0.00223444 0)
(1.23971 0.00222378 0)
(1.24005 0.00221563 0)
(1.2404 0.0022098 0)
(1.24074 0.002206 0)
(1.24107 0.00220388 0)
(1.24141 0.00220298 0)
(1.24173 0.00220276 0)
(1.24206 0.00220263 0)
(1.24237 0.00220191 0)
(1.24268 0.00219989 0)
(1.24299 0.00219582 0)
(1.24329 0.00218896 0)
(1.24358 0.00217855 0)
(1.24387 0.00216391 0)
(1.24415 0.0021444 0)
(1.24441 0.00211949 0)
(1.24467 0.00208872 0)
(1.24492 0.00205179 0)
(1.24516 0.00200853 0)
(1.24538 0.00195889 0)
(1.2456 0.00190299 0)
(1.2458 0.00184109 0)
(1.24599 0.00177357 0)
(1.24616 0.00170097 0)
(1.24633 0.00162388 0)
(1.24648 0.00154304 0)
(1.24662 0.00145922 0)
(1.24674 0.00137325 0)
(1.24686 0.00128596 0)
(1.24696 0.00119821 0)
(1.24706 0.00111082 0)
(1.24714 0.00102456 0)
(1.24721 0.000940159 0)
(1.24728 0.000858273 0)
(1.24733 0.00077947 0)
(1.24738 0.000704233 0)
(1.24742 0.000632953 0)
(1.24746 0.000565928 0)
(1.24749 0.000503366 0)
(1.24751 0.000445389 0)
(1.24753 0.000392036 0)
(1.24755 0.000343278 0)
(1.24756 0.000299021 0)
(1.24757 0.000259116 0)
(1.24758 0.000223372 0)
(1.24759 0.00019156 0)
(1.24759 0.00016343 0)
(1.2476 0.00013871 0)
(1.2476 0.000117123 0)
(1.2476 9.83875e-05 0)
(1.2476 8.22261e-05 0)
(1.2476 6.83691e-05 0)
(1.2476 5.65585e-05 0)
(1.2476 4.65516e-05 0)
(1.2476 3.81229e-05 0)
(1.2476 3.10651e-05 0)
(1.2476 2.51895e-05 0)
(1.2476 2.03263e-05 0)
(1.2476 1.63238e-05 0)
(1.2476 1.3048e-05 0)
(1.2476 1.0382e-05 0)
(1.24759 8.2244e-06 0)
(1.24759 6.48812e-06 0)
(1.24759 5.09847e-06 0)
(1.24759 3.99198e-06 0)
(1.24759 3.11521e-06 0)
(1.24759 2.42382e-06 0)
(1.24759 1.88124e-06 0)
(1.24759 1.45759e-06 0)
(1.24759 1.12853e-06 0)
(1.24759 8.73686e-07 0)
(1.24759 6.76612e-07 0)
(1.24759 5.24632e-07 0)
(1.24759 4.07776e-07 0)
(1.24759 3.17986e-07 0)
(1.24759 2.49407e-07 0)
(1.24759 1.96973e-07 0)
(1.24759 1.565e-07 0)
(1.24759 1.25079e-07 0)
(1.24759 1.00989e-07 0)
(1.24759 8.20301e-08 0)
(1.24759 6.76505e-08 0)
(1.24759 5.66284e-08 0)
(1.24759 4.79578e-08 0)
(1.24759 4.08929e-08 0)
(1.24759 3.55965e-08 0)
(1.24759 3.12467e-08 0)
(1.24759 2.85968e-08 0)
(1.24759 2.58186e-08 0)
(1.24759 2.43064e-08 0)
(1.24759 2.20993e-08 0)
(1.24759 2.14912e-08 0)
(1.24759 1.99107e-08 0)
(1.24759 1.94041e-08 0)
(1.24759 1.68508e-08 0)
(1.24759 1.61129e-08 0)
(1.24759 1.16246e-08 0)
(1.24759 9.482e-09 0)
(1.24759 3.22226e-09 0)
(1.24759 -2.52599e-10 0)
(1.24759 -2.28965e-08 0)
(1.24759 -5.34335e-08 0)
(1.00002 0.000904443 0)
(1.00054 0.00269346 0)
(1.0015 0.00442869 0)
(1.00294 0.00607281 0)
(1.00483 0.0075913 0)
(1.00713 0.00895768 0)
(1.00976 0.0101555 0)
(1.01269 0.0111777 0)
(1.01584 0.0120256 0)
(1.01917 0.0127065 0)
(1.02264 0.0132321 0)
(1.02621 0.0136167 0)
(1.02983 0.0138764 0)
(1.03349 0.0140277 0)
(1.03714 0.0140867 0)
(1.04079 0.0140689 0)
(1.0444 0.0139881 0)
(1.04797 0.0138568 0)
(1.05148 0.0136859 0)
(1.05494 0.0134848 0)
(1.05833 0.0132614 0)
(1.06165 0.0130224 0)
(1.06491 0.0127733 0)
(1.06809 0.0125184 0)
(1.07121 0.0122614 0)
(1.07426 0.0120052 0)
(1.07724 0.0117519 0)
(1.08016 0.0115032 0)
(1.08301 0.0112605 0)
(1.0858 0.0110247 0)
(1.08854 0.0107963 0)
(1.09121 0.0105758 0)
(1.09384 0.0103634 0)
(1.09641 0.0101593 0)
(1.09893 0.00996325 0)
(1.1014 0.00977527 0)
(1.10383 0.00959515 0)
(1.10621 0.00942264 0)
(1.10855 0.00925749 0)
(1.11085 0.00909939 0)
(1.11312 0.00894803 0)
(1.11534 0.0088031 0)
(1.11753 0.00866428 0)
(1.11969 0.00853126 0)
(1.12182 0.00840371 0)
(1.12391 0.00828134 0)
(1.12598 0.00816386 0)
(1.12801 0.00805096 0)
(1.13002 0.00794238 0)
(1.13201 0.00783786 0)
(1.13396 0.00773713 0)
(1.1359 0.00763997 0)
(1.13781 0.00754613 0)
(1.1397 0.00745541 0)
(1.14156 0.00736758 0)
(1.1434 0.00728246 0)
(1.14523 0.00719985 0)
(1.14703 0.00711957 0)
(1.14881 0.00704145 0)
(1.15058 0.00696532 0)
(1.15232 0.00689103 0)
(1.15405 0.00681843 0)
(1.15576 0.00674737 0)
(1.15745 0.00667771 0)
(1.15912 0.00660933 0)
(1.16078 0.00654209 0)
(1.16242 0.00647586 0)
(1.16404 0.00641055 0)
(1.16565 0.00634601 0)
(1.16724 0.00628215 0)
(1.16881 0.00621886 0)
(1.17037 0.00615603 0)
(1.17191 0.00609356 0)
(1.17343 0.00603135 0)
(1.17494 0.00596931 0)
(1.17644 0.00590734 0)
(1.17791 0.00584535 0)
(1.17938 0.00578326 0)
(1.18082 0.00572098 0)
(1.18225 0.00565844 0)
(1.18366 0.00559555 0)
(1.18506 0.00553225 0)
(1.18644 0.00546848 0)
(1.1878 0.00540415 0)
(1.18915 0.00533923 0)
(1.19048 0.00527366 0)
(1.19179 0.0052074 0)
(1.19308 0.0051404 0)
(1.19436 0.00507265 0)
(1.19562 0.00500411 0)
(1.19686 0.00493478 0)
(1.19808 0.00486466 0)
(1.19928 0.00479374 0)
(1.20047 0.00472206 0)
(1.20163 0.00464963 0)
(1.20278 0.0045765 0)
(1.2039 0.0045027 0)
(1.20501 0.00442831 0)
(1.2061 0.00435339 0)
(1.20716 0.00427802 0)
(1.20821 0.00420229 0)
(1.20924 0.0041263 0)
(1.21024 0.00405014 0)
(1.21123 0.00397394 0)
(1.21219 0.00389782 0)
(1.21314 0.00382188 0)
(1.21406 0.00374626 0)
(1.21497 0.00367108 0)
(1.21585 0.00359648 0)
(1.21672 0.00352257 0)
(1.21756 0.00344949 0)
(1.21839 0.00337734 0)
(1.2192 0.00330625 0)
(1.21998 0.00323633 0)
(1.22075 0.00316767 0)
(1.2215 0.00310037 0)
(1.22224 0.00303451 0)
(1.22296 0.00297017 0)
(1.22366 0.00290741 0)
(1.22434 0.00284629 0)
(1.22501 0.00278686 0)
(1.22566 0.00272914 0)
(1.2263 0.00267317 0)
(1.22692 0.00261896 0)
(1.22753 0.00256652 0)
(1.22812 0.00251585 0)
(1.2287 0.00246695 0)
(1.22927 0.0024198 0)
(1.22983 0.00237438 0)
(1.23037 0.00233069 0)
(1.23091 0.0022887 0)
(1.23143 0.00224839 0)
(1.23194 0.00220975 0)
(1.23245 0.00217276 0)
(1.23294 0.00213744 0)
(1.23342 0.00210378 0)
(1.2339 0.00207181 0)
(1.23437 0.00204156 0)
(1.23483 0.00201308 0)
(1.23528 0.00198643 0)
(1.23572 0.00196168 0)
(1.23616 0.00193892 0)
(1.2366 0.00191824 0)
(1.23702 0.00189972 0)
(1.23745 0.00188346 0)
(1.23786 0.00186952 0)
(1.23828 0.00185795 0)
(1.23869 0.00184877 0)
(1.23909 0.00184195 0)
(1.23949 0.0018374 0)
(1.23989 0.00183497 0)
(1.24029 0.00183447 0)
(1.24069 0.00183559 0)
(1.24108 0.00183796 0)
(1.24147 0.00184115 0)
(1.24186 0.00184466 0)
(1.24224 0.00184789 0)
(1.24262 0.00185024 0)
(1.243 0.00185106 0)
(1.24338 0.00184966 0)
(1.24375 0.0018454 0)
(1.24411 0.00183763 0)
(1.24447 0.00182576 0)
(1.24483 0.00180929 0)
(1.24517 0.00178777 0)
(1.24551 0.00176088 0)
(1.24583 0.00172842 0)
(1.24615 0.00169029 0)
(1.24645 0.00164653 0)
(1.24674 0.00159732 0)
(1.24702 0.00154295 0)
(1.24728 0.00148382 0)
(1.24753 0.00142045 0)
(1.24777 0.00135342 0)
(1.24799 0.00128339 0)
(1.24819 0.00121107 0)
(1.24839 0.0011372 0)
(1.24856 0.0010625 0)
(1.24872 0.000987707 0)
(1.24887 0.000913523 0)
(1.249 0.000840599 0)
(1.24913 0.000769532 0)
(1.24923 0.000700852 0)
(1.24933 0.000635014 0)
(1.24942 0.000572395 0)
(1.24949 0.000513291 0)
(1.24956 0.000457917 0)
(1.24962 0.000406415 0)
(1.24967 0.000358852 0)
(1.24971 0.000315232 0)
(1.24975 0.000275499 0)
(1.24978 0.000239549 0)
(1.24981 0.000207233 0)
(1.24983 0.000178372 0)
(1.24985 0.000152758 0)
(1.24986 0.000130169 0)
(1.24988 0.00011037 0)
(1.24989 9.31214e-05 0)
(1.24989 7.81846e-05 0)
(1.2499 6.53257e-05 0)
(1.24991 5.43202e-05 0)
(1.24991 4.49551e-05 0)
(1.24991 3.70315e-05 0)
(1.24992 3.03653e-05 0)
(1.24992 2.47879e-05 0)
(1.24992 2.01467e-05 0)
(1.24992 1.63053e-05 0)
(1.24992 1.31423e-05 0)
(1.24992 1.05518e-05 0)
(1.24992 8.44129e-06 0)
(1.24992 6.73028e-06 0)
(1.24992 5.34949e-06 0)
(1.24992 4.24008e-06 0)
(1.24992 3.35264e-06 0)
(1.24992 2.64587e-06 0)
(1.24992 2.0854e-06 0)
(1.24992 1.64253e-06 0)
(1.24992 1.29363e-06 0)
(1.24992 1.01921e-06 0)
(1.24992 8.03479e-07 0)
(1.24992 6.34447e-07 0)
(1.24992 5.0252e-07 0)
(1.24992 3.9944e-07 0)
(1.24992 3.18761e-07 0)
(1.24992 2.55437e-07 0)
(1.24992 2.05403e-07 0)
(1.24992 1.65724e-07 0)
(1.24992 1.34898e-07 0)
(1.24992 1.10563e-07 0)
(1.24992 9.12245e-08 0)
(1.24992 7.57026e-08 0)
(1.24992 6.31825e-08 0)
(1.24992 5.30253e-08 0)
(1.24992 4.5388e-08 0)
(1.24992 3.90172e-08 0)
(1.24992 3.44321e-08 0)
(1.24992 3.02139e-08 0)
(1.24992 2.70841e-08 0)
(1.24992 2.40294e-08 0)
(1.24992 2.26437e-08 0)
(1.24992 2.02417e-08 0)
(1.24992 1.89112e-08 0)
(1.24992 1.58707e-08 0)
(1.24992 1.45898e-08 0)
(1.24992 1.04674e-08 0)
(1.24992 8.30703e-09 0)
(1.24992 2.65794e-09 0)
(1.24992 -7.80469e-10 0)
(1.24992 -1.93735e-08 0)
(1.24992 -4.11859e-08 0)
(1.00002 0.000661315 0)
(1.0005 0.00197 0)
(1.00139 0.00324095 0)
(1.00274 0.0044479 0)
(1.00451 0.0055664 0)
(1.00666 0.00657739 0)
(1.00914 0.00746851 0)
(1.01191 0.00823396 0)
(1.01491 0.00887362 0)
(1.01809 0.0093918 0)
(1.02143 0.00979614 0)
(1.02487 0.0100965 0)
(1.02838 0.0103039 0)
(1.03193 0.0104301 0)
(1.03551 0.0104867 0)
(1.03908 0.0104848 0)
(1.04263 0.0104347 0)
(1.04614 0.0103456 0)
(1.04961 0.0102256 0)
(1.05304 0.0100818 0)
(1.0564 0.00992029 0)
(1.0597 0.00974604 0)
(1.06294 0.0095633 0)
(1.06611 0.00937552 0)
(1.06921 0.0091855 0)
(1.07225 0.00899547 0)
(1.07523 0.00880717 0)
(1.07814 0.00862197 0)
(1.08099 0.00844089 0)
(1.08377 0.00826468 0)
(1.0865 0.00809385 0)
(1.08918 0.00792877 0)
(1.09179 0.00776963 0)
(1.09436 0.00761652 0)
(1.09688 0.00746945 0)
(1.09935 0.00732833 0)
(1.10177 0.00719306 0)
(1.10415 0.00706345 0)
(1.10648 0.00693933 0)
(1.10878 0.00682048 0)
(1.11104 0.00670668 0)
(1.11326 0.0065977 0)
(1.11544 0.0064933 0)
(1.1176 0.00639324 0)
(1.11971 0.0062973 0)
(1.1218 0.00620525 0)
(1.12386 0.00611687 0)
(1.12589 0.00603194 0)
(1.12789 0.00595026 0)
(1.12987 0.00587164 0)
(1.13182 0.00579588 0)
(1.13375 0.00572281 0)
(1.13565 0.00565225 0)
(1.13753 0.00558403 0)
(1.13938 0.00551801 0)
(1.14122 0.00545403 0)
(1.14303 0.00539195 0)
(1.14483 0.00533163 0)
(1.1466 0.00527295 0)
(1.14836 0.00521578 0)
(1.15009 0.00516001 0)
(1.15181 0.00510552 0)
(1.15351 0.0050522 0)
(1.1552 0.00499996 0)
(1.15686 0.00494868 0)
(1.15851 0.00489829 0)
(1.16014 0.00484867 0)
(1.16176 0.00479975 0)
(1.16336 0.00475144 0)
(1.16494 0.00470365 0)
(1.16651 0.00465631 0)
(1.16806 0.00460934 0)
(1.16959 0.00456265 0)
(1.17111 0.00451618 0)
(1.17262 0.00446985 0)
(1.17411 0.0044236 0)
(1.17558 0.00437736 0)
(1.17704 0.00433105 0)
(1.17848 0.00428464 0)
(1.17991 0.00423804 0)
(1.18132 0.00419121 0)
(1.18271 0.00414409 0)
(1.18409 0.00409663 0)
(1.18545 0.00404878 0)
(1.1868 0.00400051 0)
(1.18812 0.00395178 0)
(1.18944 0.00390255 0)
(1.19073 0.00385279 0)
(1.19201 0.00380248 0)
(1.19327 0.00375162 0)
(1.19452 0.00370018 0)
(1.19574 0.00364816 0)
(1.19695 0.00359558 0)
(1.19814 0.00354243 0)
(1.19931 0.00348875 0)
(1.20046 0.00343456 0)
(1.2016 0.0033799 0)
(1.20271 0.00332481 0)
(1.20381 0.00326933 0)
(1.20488 0.00321353 0)
(1.20594 0.00315748 0)
(1.20698 0.00310123 0)
(1.208 0.00304488 0)
(1.209 0.0029885 0)
(1.20998 0.00293218 0)
(1.21094 0.00287601 0)
(1.21188 0.00282007 0)
(1.2128 0.00276446 0)
(1.2137 0.00270928 0)
(1.21459 0.00265462 0)
(1.21545 0.00260056 0)
(1.2163 0.0025472 0)
(1.21712 0.00249462 0)
(1.21793 0.00244289 0)
(1.21873 0.0023921 0)
(1.2195 0.00234231 0)
(1.22026 0.00229359 0)
(1.221 0.00224598 0)
(1.22172 0.00219954 0)
(1.22243 0.00215431 0)
(1.22313 0.00211032 0)
(1.2238 0.0020676 0)
(1.22447 0.00202617 0)
(1.22512 0.00198603 0)
(1.22575 0.0019472 0)
(1.22638 0.00190968 0)
(1.22699 0.00187346 0)
(1.22758 0.00183854 0)
(1.22817 0.0018049 0)
(1.22874 0.00177254 0)
(1.22931 0.00174143 0)
(1.22986 0.00171156 0)
(1.2304 0.00168294 0)
(1.23094 0.00165554 0)
(1.23146 0.00162938 0)
(1.23198 0.00160446 0)
(1.23248 0.00158081 0)
(1.23298 0.00155844 0)
(1.23347 0.00153741 0)
(1.23396 0.00151777 0)
(1.23444 0.00149958 0)
(1.23491 0.00148291 0)
(1.23537 0.00146785 0)
(1.23583 0.00145447 0)
(1.23629 0.00144287 0)
(1.23674 0.0014331 0)
(1.23719 0.00142521 0)
(1.23764 0.00141925 0)
(1.23808 0.00141519 0)
(1.23852 0.001413 0)
(1.23896 0.00141257 0)
(1.2394 0.00141375 0)
(1.23983 0.00141633 0)
(1.24027 0.00142003 0)
(1.24071 0.00142452 0)
(1.24114 0.00142939 0)
(1.24158 0.0014342 0)
(1.24201 0.00143846 0)
(1.24244 0.00144164 0)
(1.24288 0.00144321 0)
(1.24331 0.00144262 0)
(1.24373 0.00143935 0)
(1.24416 0.00143291 0)
(1.24457 0.00142285 0)
(1.24499 0.00140882 0)
(1.24539 0.00139051 0)
(1.24579 0.00136772 0)
(1.24617 0.00134036 0)
(1.24655 0.00130841 0)
(1.24691 0.00127198 0)
(1.24726 0.00123128 0)
(1.2476 0.0011866 0)
(1.24792 0.00113833 0)
(1.24822 0.00108691 0)
(1.24851 0.00103286 0)
(1.24878 0.000976738 0)
(1.24904 0.000919115 0)
(1.24927 0.000860586 0)
(1.24949 0.000801738 0)
(1.2497 0.000743138 0)
(1.24988 0.000685321 0)
(1.25005 0.00062878 0)
(1.25021 0.000573958 0)
(1.25035 0.000521237 0)
(1.25047 0.000470939 0)
(1.25058 0.000423323 0)
(1.25068 0.000378583 0)
(1.25077 0.000336852 0)
(1.25085 0.000298205 0)
(1.25091 0.000262662 0)
(1.25097 0.000230197 0)
(1.25102 0.00020074 0)
(1.25107 0.000174186 0)
(1.2511 0.000150403 0)
(1.25114 0.000129235 0)
(1.25116 0.000110512 0)
(1.25118 9.4051e-05 0)
(1.2512 7.96656e-05 0)
(1.25122 6.71672e-05 0)
(1.25123 5.63709e-05 0)
(1.25124 4.7098e-05 0)
(1.25125 3.91783e-05 0)
(1.25126 3.24514e-05 0)
(1.25126 2.67681e-05 0)
(1.25127 2.19916e-05 0)
(1.25127 1.79977e-05 0)
(1.25127 1.46752e-05 0)
(1.25127 1.19249e-05 0)
(1.25128 9.6594e-06 0)
(1.25128 7.80166e-06 0)
(1.25128 6.28465e-06 0)
(1.25128 5.05074e-06 0)
(1.25128 4.05114e-06 0)
(1.25128 3.24466e-06 0)
(1.25128 2.59644e-06 0)
(1.25128 2.07686e-06 0)
(1.25128 1.66106e-06 0)
(1.25128 1.32875e-06 0)
(1.25128 1.06375e-06 0)
(1.25128 8.52878e-07 0)
(1.25128 6.85359e-07 0)
(1.25128 5.52323e-07 0)
(1.25128 4.46182e-07 0)
(1.25128 3.61062e-07 0)
(1.25128 2.92941e-07 0)
(1.25128 2.38659e-07 0)
(1.25128 1.95096e-07 0)
(1.25128 1.60354e-07 0)
(1.25128 1.3224e-07 0)
(1.25128 1.09116e-07 0)
(1.25128 9.02394e-08 0)
(1.25128 7.51266e-08 0)
(1.25128 6.29662e-08 0)
(1.25128 5.3657e-08 0)
(1.25128 4.53916e-08 0)
(1.25128 3.88115e-08 0)
(1.25128 3.34731e-08 0)
(1.25128 2.92964e-08 0)
(1.25128 2.56978e-08 0)
(1.25128 2.34423e-08 0)
(1.25128 2.02285e-08 0)
(1.25128 1.8394e-08 0)
(1.25128 1.54312e-08 0)
(1.25128 1.40924e-08 0)
(1.25128 1.04297e-08 0)
(1.25128 8.12121e-09 0)
(1.25128 3.04638e-09 0)
(1.25128 9.79785e-11 0)
(1.25128 -1.37956e-08 0)
(1.25128 -2.84351e-08 0)
(1.00002 0.000433059 0)
(1.00047 0.00129031 0)
(1.00133 0.00212356 0)
(1.0026 0.00291608 0)
(1.00429 0.00365223 0)
(1.00634 0.00431966 0)
(1.00872 0.00491018 0)
(1.01138 0.00541968 0)
(1.01427 0.00584763 0)
(1.01735 0.00619639 0)
(1.02059 0.00647055 0)
(1.02394 0.00667617 0)
(1.02738 0.0068203 0)
(1.03086 0.00691037 0)
(1.03437 0.00695388 0)
(1.03789 0.00695805 0)
(1.0414 0.0069296 0)
(1.04488 0.00687462 0)
(1.04832 0.00679853 0)
(1.05171 0.00670605 0)
(1.05506 0.00660122 0)
(1.05834 0.00648746 0)
(1.06157 0.00636763 0)
(1.06473 0.00624408 0)
(1.06782 0.00611872 0)
(1.07086 0.00599308 0)
(1.07383 0.00586838 0)
(1.07673 0.00574554 0)
(1.07958 0.0056253 0)
(1.08236 0.00550816 0)
(1.08509 0.00539451 0)
(1.08776 0.00528461 0)
(1.09038 0.00517859 0)
(1.09294 0.00507655 0)
(1.09545 0.00497847 0)
(1.09792 0.00488434 0)
(1.10034 0.00479408 0)
(1.10272 0.00470758 0)
(1.10505 0.00462472 0)
(1.10734 0.00454536 0)
(1.1096 0.00446936 0)
(1.11182 0.00439657 0)
(1.114 0.00432684 0)
(1.11615 0.00426 0)
(1.11826 0.00419591 0)
(1.12035 0.00413441 0)
(1.1224 0.00407536 0)
(1.12443 0.00401862 0)
(1.12642 0.00396406 0)
(1.12839 0.00391153 0)
(1.13034 0.00386092 0)
(1.13226 0.0038121 0)
(1.13416 0.00376496 0)
(1.13603 0.0037194 0)
(1.13788 0.0036753 0)
(1.13971 0.00363257 0)
(1.14152 0.00359111 0)
(1.14331 0.00355084 0)
(1.14508 0.00351166 0)
(1.14683 0.00347349 0)
(1.14856 0.00343627 0)
(1.15027 0.0033999 0)
(1.15196 0.00336433 0)
(1.15364 0.00332947 0)
(1.1553 0.00329527 0)
(1.15694 0.00326167 0)
(1.15857 0.00322859 0)
(1.16018 0.00319598 0)
(1.16177 0.00316378 0)
(1.16335 0.00313195 0)
(1.16491 0.00310041 0)
(1.16646 0.00306913 0)
(1.16799 0.00303805 0)
(1.1695 0.00300712 0)
(1.171 0.0029763 0)
(1.17248 0.00294554 0)
(1.17395 0.00291479 0)
(1.1754 0.00288401 0)
(1.17684 0.00285316 0)
(1.17826 0.00282221 0)
(1.17967 0.00279111 0)
(1.18106 0.00275982 0)
(1.18243 0.00272832 0)
(1.18379 0.00269658 0)
(1.18513 0.00266456 0)
(1.18646 0.00263224 0)
(1.18777 0.0025996 0)
(1.18906 0.00256662 0)
(1.19034 0.00253329 0)
(1.1916 0.0024996 0)
(1.19284 0.00246554 0)
(1.19407 0.0024311 0)
(1.19527 0.0023963 0)
(1.19646 0.00236113 0)
(1.19763 0.00232562 0)
(1.19879 0.00228978 0)
(1.19992 0.00225364 0)
(1.20104 0.00221721 0)
(1.20214 0.00218055 0)
(1.20322 0.00214367 0)
(1.20428 0.00210663 0)
(1.20532 0.00206948 0)
(1.20635 0.00203226 0)
(1.20735 0.00199502 0)
(1.20833 0.00195783 0)
(1.2093 0.00192074 0)
(1.21025 0.00188381 0)
(1.21118 0.0018471 0)
(1.21209 0.00181068 0)
(1.21298 0.00177459 0)
(1.21385 0.00173891 0)
(1.21471 0.00170369 0)
(1.21555 0.00166899 0)
(1.21637 0.00163485 0)
(1.21717 0.00160133 0)
(1.21795 0.00156847 0)
(1.21872 0.00153631 0)
(1.21948 0.00150489 0)
(1.22021 0.00147424 0)
(1.22094 0.00144438 0)
(1.22164 0.00141535 0)
(1.22233 0.00138715 0)
(1.22301 0.00135979 0)
(1.22368 0.0013333 0)
(1.22433 0.00130767 0)
(1.22497 0.00128289 0)
(1.22559 0.00125898 0)
(1.22621 0.00123592 0)
(1.22681 0.00121371 0)
(1.2274 0.00119234 0)
(1.22798 0.0011718 0)
(1.22855 0.00115208 0)
(1.22911 0.00113317 0)
(1.22966 0.00111508 0)
(1.23021 0.00109781 0)
(1.23074 0.00108136 0)
(1.23127 0.00106575 0)
(1.23178 0.001051 0)
(1.23229 0.00103714 0)
(1.2328 0.00102421 0)
(1.2333 0.00101226 0)
(1.23379 0.00100134 0)
(1.23427 0.000991513 0)
(1.23475 0.000982839 0)
(1.23523 0.000975379 0)
(1.23571 0.000969186 0)
(1.23618 0.000964306 0)
(1.23664 0.000960763 0)
(1.23711 0.000958562 0)
(1.23758 0.000957679 0)
(1.23804 0.000958053 0)
(1.2385 0.000959589 0)
(1.23897 0.000962147 0)
(1.23943 0.000965542 0)
(1.2399 0.000969548 0)
(1.24037 0.000973894 0)
(1.24084 0.000978273 0)
(1.24131 0.000982344 0)
(1.24178 0.000985745 0)
(1.24225 0.000988096 0)
(1.24272 0.000989019 0)
(1.24319 0.00098814 0)
(1.24365 0.00098511 0)
(1.24412 0.000979612 0)
(1.24458 0.000971373 0)
(1.24503 0.000960173 0)
(1.24548 0.000945857 0)
(1.24592 0.000928336 0)
(1.24634 0.000907594 0)
(1.24676 0.000883685 0)
(1.24716 0.000856735 0)
(1.24755 0.000826937 0)
(1.24793 0.000794543 0)
(1.24828 0.000759859 0)
(1.24862 0.000723232 0)
(1.24894 0.000685041 0)
(1.24924 0.000645688 0)
(1.24953 0.000605582 0)
(1.24979 0.000565132 0)
(1.25004 0.000524737 0)
(1.25026 0.000484775 0)
(1.25047 0.000445594 0)
(1.25066 0.000407511 0)
(1.25083 0.0003708 0)
(1.25098 0.000335697 0)
(1.25112 0.00030239 0)
(1.25125 0.000271025 0)
(1.25136 0.000241705 0)
(1.25146 0.000214492 0)
(1.25154 0.00018941 0)
(1.25162 0.000166447 0)
(1.25168 0.000145564 0)
(1.25174 0.000126695 0)
(1.25179 0.000109753 0)
(1.25183 9.46369e-05 0)
(1.25187 8.12311e-05 0)
(1.2519 6.94123e-05 0)
(1.25192 5.90531e-05 0)
(1.25194 5.00245e-05 0)
(1.25196 4.21998e-05 0)
(1.25197 3.54557e-05 0)
(1.25199 2.96738e-05 0)
(1.252 2.47423e-05 0)
(1.252 2.05569e-05 0)
(1.25201 1.70219e-05 0)
(1.25202 1.40505e-05 0)
(1.25202 1.15646e-05 0)
(1.25202 9.49399e-06 0)
(1.25203 7.77621e-06 0)
(1.25203 6.35627e-06 0)
(1.25203 5.18656e-06 0)
(1.25203 4.2264e-06 0)
(1.25203 3.4411e-06 0)
(1.25203 2.80062e-06 0)
(1.25203 2.27921e-06 0)
(1.25203 1.85524e-06 0)
(1.25203 1.51063e-06 0)
(1.25203 1.23083e-06 0)
(1.25203 1.00431e-06 0)
(1.25203 8.2127e-07 0)
(1.25203 6.72806e-07 0)
(1.25203 5.51848e-07 0)
(1.25203 4.53101e-07 0)
(1.25203 3.72485e-07 0)
(1.25203 3.0702e-07 0)
(1.25203 2.54081e-07 0)
(1.25203 2.10449e-07 0)
(1.25203 1.74179e-07 0)
(1.25203 1.44153e-07 0)
(1.25203 1.19469e-07 0)
(1.25203 9.95201e-08 0)
(1.25203 8.33423e-08 0)
(1.25203 6.96336e-08 0)
(1.25203 5.86463e-08 0)
(1.25203 4.89114e-08 0)
(1.25203 4.1214e-08 0)
(1.25203 3.54523e-08 0)
(1.25203 3.06876e-08 0)
(1.25203 2.65776e-08 0)
(1.25203 2.34177e-08 0)
(1.25203 1.98471e-08 0)
(1.25203 1.7952e-08 0)
(1.25203 1.51794e-08 0)
(1.25203 1.36308e-08 0)
(1.25203 1.05943e-08 0)
(1.25203 8.68553e-09 0)
(1.25203 4.36856e-09 0)
(1.25203 2.24058e-09 0)
(1.25203 -7.25125e-09 0)
(1.25203 -1.63956e-08 0)
(1.00002 0.000214239 0)
(1.00046 0.000638407 0)
(1.00129 0.00105091 0)
(1.00252 0.0014436 0)
(1.00416 0.00180886 0)
(1.00616 0.00214061 0)
(1.00848 0.00243478 0)
(1.01107 0.00268925 0)
(1.0139 0.00290362 0)
(1.01692 0.00307895 0)
(1.0201 0.00321735 0)
(1.0234 0.00332175 0)
(1.02679 0.00339553 0)
(1.03023 0.00344231 0)
(1.03371 0.00346578 0)
(1.0372 0.00346948 0)
(1.04067 0.00345673 0)
(1.04413 0.00343057 0)
(1.04756 0.0033937 0)
(1.05094 0.00334847 0)
(1.05427 0.00329692 0)
(1.05754 0.00324078 0)
(1.06076 0.00318147 0)
(1.06391 0.00312019 0)
(1.067 0.00305792 0)
(1.07003 0.00299542 0)
(1.073 0.00293332 0)
(1.0759 0.0028721 0)
(1.07875 0.00281213 0)
(1.08153 0.00275367 0)
(1.08425 0.00269692 0)
(1.08692 0.00264202 0)
(1.08954 0.00258904 0)
(1.0921 0.00253803 0)
(1.09462 0.00248899 0)
(1.09708 0.00244191 0)
(1.0995 0.00239676 0)
(1.10188 0.00235349 0)
(1.10421 0.00231203 0)
(1.1065 0.00227232 0)
(1.10875 0.00223429 0)
(1.11097 0.00219786 0)
(1.11315 0.00216295 0)
(1.1153 0.0021295 0)
(1.11741 0.00209742 0)
(1.11949 0.00206664 0)
(1.12154 0.00203708 0)
(1.12357 0.00200868 0)
(1.12556 0.00198137 0)
(1.12753 0.00195508 0)
(1.12947 0.00192975 0)
(1.13139 0.00190532 0)
(1.13328 0.00188173 0)
(1.13515 0.00185892 0)
(1.137 0.00183686 0)
(1.13883 0.00181548 0)
(1.14063 0.00179473 0)
(1.14242 0.00177458 0)
(1.14419 0.00175498 0)
(1.14593 0.00173589 0)
(1.14766 0.00171727 0)
(1.14937 0.00169909 0)
(1.15106 0.0016813 0)
(1.15273 0.00166387 0)
(1.15439 0.00164677 0)
(1.15603 0.00162997 0)
(1.15765 0.00161344 0)
(1.15925 0.00159715 0)
(1.16084 0.00158106 0)
(1.16242 0.00156515 0)
(1.16397 0.0015494 0)
(1.16552 0.00153378 0)
(1.16704 0.00151826 0)
(1.16855 0.00150283 0)
(1.17005 0.00148744 0)
(1.17153 0.00147209 0)
(1.17299 0.00145675 0)
(1.17444 0.0014414 0)
(1.17588 0.00142601 0)
(1.17729 0.00141058 0)
(1.1787 0.00139507 0)
(1.18008 0.00137948 0)
(1.18145 0.00136378 0)
(1.18281 0.00134797 0)
(1.18415 0.00133202 0)
(1.18547 0.00131592 0)
(1.18678 0.00129967 0)
(1.18807 0.00128325 0)
(1.18935 0.00126666 0)
(1.1906 0.0012499 0)
(1.19184 0.00123295 0)
(1.19307 0.00121582 0)
(1.19427 0.00119851 0)
(1.19546 0.00118102 0)
(1.19663 0.00116336 0)
(1.19778 0.00114555 0)
(1.19892 0.00112758 0)
(1.20004 0.00110948 0)
(1.20113 0.00109126 0)
(1.20221 0.00107294 0)
(1.20328 0.00105453 0)
(1.20432 0.00103608 0)
(1.20534 0.00101759 0)
(1.20635 0.000999094 0)
(1.20733 0.000980623 0)
(1.2083 0.000962203 0)
(1.20925 0.000943863 0)
(1.21018 0.000925635 0)
(1.2111 0.000907548 0)
(1.21199 0.000889631 0)
(1.21287 0.000871913 0)
(1.21373 0.000854424 0)
(1.21457 0.000837191 0)
(1.21539 0.000820238 0)
(1.2162 0.00080359 0)
(1.21699 0.000787269 0)
(1.21777 0.000771295 0)
(1.21852 0.000755687 0)
(1.21927 0.000740458 0)
(1.22 0.000725624 0)
(1.22071 0.000711195 0)
(1.22141 0.000697179 0)
(1.22209 0.000683582 0)
(1.22276 0.00067041 0)
(1.22342 0.000657663 0)
(1.22407 0.000645342 0)
(1.2247 0.000633446 0)
(1.22532 0.000621972 0)
(1.22593 0.000610917 0)
(1.22653 0.000600276 0)
(1.22712 0.000590046 0)
(1.2277 0.000580223 0)
(1.22827 0.000570803 0)
(1.22883 0.000561786 0)
(1.22939 0.000553173 0)
(1.22993 0.000544968 0)
(1.23046 0.000537179 0)
(1.23099 0.000529818 0)
(1.23151 0.0005229 0)
(1.23203 0.000516447 0)
(1.23253 0.000510484 0)
(1.23304 0.00050504 0)
(1.23353 0.000500145 0)
(1.23403 0.000495834 0)
(1.23451 0.000492138 0)
(1.235 0.000489088 0)
(1.23548 0.000486708 0)
(1.23596 0.000485015 0)
(1.23644 0.000484013 0)
(1.23692 0.000483692 0)
(1.2374 0.000484026 0)
(1.23788 0.000484967 0)
(1.23836 0.000486449 0)
(1.23884 0.000488379 0)
(1.23932 0.000490644 0)
(1.23981 0.000493109 0)
(1.2403 0.000495617 0)
(1.24079 0.000497996 0)
(1.24128 0.000500061 0)
(1.24177 0.000501619 0)
(1.24227 0.000502475 0)
(1.24276 0.000502436 0)
(1.24325 0.000501321 0)
(1.24375 0.000498965 0)
(1.24423 0.000495224 0)
(1.24472 0.000489983 0)
(1.24519 0.000483157 0)
(1.24566 0.000474695 0)
(1.24612 0.000464584 0)
(1.24657 0.000452846 0)
(1.24701 0.000439541 0)
(1.24743 0.000424761 0)
(1.24783 0.000408632 0)
(1.24822 0.000391305 0)
(1.24859 0.000372954 0)
(1.24894 0.00035377 0)
(1.24927 0.000333955 0)
(1.24958 0.000313717 0)
(1.24987 0.000293263 0)
(1.25014 0.000272797 0)
(1.2504 0.000252512 0)
(1.25063 0.000232588 0)
(1.25084 0.000213187 0)
(1.25103 0.000194451 0)
(1.2512 0.000176502 0)
(1.25136 0.000159439 0)
(1.2515 0.00014334 0)
(1.25163 0.00012826 0)
(1.25174 0.000114234 0)
(1.25183 0.000101276 0)
(1.25192 8.93839e-05 0)
(1.252 7.85404e-05 0)
(1.25206 6.87151e-05 0)
(1.25212 5.98665e-05 0)
(1.25217 5.19449e-05 0)
(1.25221 4.48934e-05 0)
(1.25224 3.86513e-05 0)
(1.25227 3.31554e-05 0)
(1.2523 2.83421e-05 0)
(1.25232 2.41483e-05 0)
(1.25233 2.05119e-05 0)
(1.25235 1.73732e-05 0)
(1.25236 1.46757e-05 0)
(1.25237 1.23672e-05 0)
(1.25238 1.03998e-05 0)
(1.25238 8.72957e-06 0)
(1.25239 7.31655e-06 0)
(1.25239 6.12461e-06 0)
(1.2524 5.12161e-06 0)
(1.2524 4.27953e-06 0)
(1.2524 3.5744e-06 0)
(1.2524 2.98544e-06 0)
(1.2524 2.49426e-06 0)
(1.25241 2.08455e-06 0)
(1.25241 1.74247e-06 0)
(1.25241 1.45706e-06 0)
(1.25241 1.21942e-06 0)
(1.25241 1.02155e-06 0)
(1.25241 8.56634e-07 0)
(1.25241 7.18853e-07 0)
(1.25241 6.03056e-07 0)
(1.25241 5.05594e-07 0)
(1.25241 4.24166e-07 0)
(1.25241 3.56337e-07 0)
(1.25241 2.99452e-07 0)
(1.25241 2.51468e-07 0)
(1.25241 2.10507e-07 0)
(1.25241 1.75708e-07 0)
(1.25241 1.46875e-07 0)
(1.25241 1.23083e-07 0)
(1.25241 1.03271e-07 0)
(1.25241 8.6376e-08 0)
(1.25241 7.15187e-08 0)
(1.25241 5.9718e-08 0)
(1.25241 4.99646e-08 0)
(1.25241 4.23077e-08 0)
(1.25241 3.60668e-08 0)
(1.25241 3.03673e-08 0)
(1.25241 2.57147e-08 0)
(1.25241 2.22434e-08 0)
(1.25241 1.91328e-08 0)
(1.25241 1.74278e-08 0)
(1.25241 1.47769e-08 0)
(1.25241 1.28922e-08 0)
(1.25241 1.04334e-08 0)
(1.25241 9.48904e-09 0)
(1.25241 6.97231e-09 0)
(1.25241 5.73116e-09 0)
(1.25241 -1.31803e-09 0)
(1.25241 -6.02228e-09 0)
(1.00002 1.54883e-09 0)
(1.00045 2.69694e-09 0)
(1.00127 3.90231e-09 0)
(1.0025 5.51692e-09 0)
(1.00412 7.35027e-09 0)
(1.0061 9.17118e-09 0)
(1.0084 1.09926e-08 0)
(1.01097 1.28825e-08 0)
(1.01378 1.50491e-08 0)
(1.01678 1.73101e-08 0)
(1.01994 1.96902e-08 0)
(1.02322 2.20526e-08 0)
(1.0266 2.46643e-08 0)
(1.03003 2.74518e-08 0)
(1.03349 3.01617e-08 0)
(1.03697 3.31649e-08 0)
(1.04044 3.63567e-08 0)
(1.04389 3.972e-08 0)
(1.0473 4.33677e-08 0)
(1.05068 4.73488e-08 0)
(1.05401 5.16386e-08 0)
(1.05728 5.6226e-08 0)
(1.06049 6.11141e-08 0)
(1.06364 6.63102e-08 0)
(1.06673 7.18065e-08 0)
(1.06976 7.75656e-08 0)
(1.07273 8.35621e-08 0)
(1.07563 8.98147e-08 0)
(1.07847 9.6359e-08 0)
(1.08125 1.03211e-07 0)
(1.08398 1.1037e-07 0)
(1.08665 1.17848e-07 0)
(1.08926 1.25682e-07 0)
(1.09183 1.33909e-07 0)
(1.09434 1.42546e-07 0)
(1.0968 1.51613e-07 0)
(1.09922 1.6114e-07 0)
(1.1016 1.71158e-07 0)
(1.10393 1.8169e-07 0)
(1.10622 1.9276e-07 0)
(1.10847 2.04398e-07 0)
(1.11069 2.16621e-07 0)
(1.11287 2.29438e-07 0)
(1.11501 2.42867e-07 0)
(1.11713 2.56932e-07 0)
(1.11921 2.71654e-07 0)
(1.12126 2.87039e-07 0)
(1.12328 3.03097e-07 0)
(1.12528 3.19853e-07 0)
(1.12724 3.37334e-07 0)
(1.12919 3.55554e-07 0)
(1.1311 3.74519e-07 0)
(1.133 3.94246e-07 0)
(1.13487 4.14764e-07 0)
(1.13671 4.36098e-07 0)
(1.13854 4.58259e-07 0)
(1.14034 4.81256e-07 0)
(1.14213 5.05113e-07 0)
(1.14389 5.29865e-07 0)
(1.14564 5.5554e-07 0)
(1.14736 5.82155e-07 0)
(1.14907 6.09726e-07 0)
(1.15076 6.38276e-07 0)
(1.15243 6.6783e-07 0)
(1.15409 6.98408e-07 0)
(1.15572 7.30024e-07 0)
(1.15734 7.62692e-07 0)
(1.15895 7.96431e-07 0)
(1.16054 8.31266e-07 0)
(1.16211 8.67222e-07 0)
(1.16366 9.0432e-07 0)
(1.16521 9.42579e-07 0)
(1.16673 9.8201e-07 0)
(1.16824 1.02262e-06 0)
(1.16973 1.06443e-06 0)
(1.17121 1.10744e-06 0)
(1.17268 1.15164e-06 0)
(1.17412 1.19705e-06 0)
(1.17556 1.24367e-06 0)
(1.17697 1.29149e-06 0)
(1.17838 1.34055e-06 0)
(1.17976 1.39085e-06 0)
(1.18113 1.44238e-06 0)
(1.18249 1.49514e-06 0)
(1.18382 1.54912e-06 0)
(1.18515 1.6043e-06 0)
(1.18645 1.66066e-06 0)
(1.18774 1.71816e-06 0)
(1.18902 1.77674e-06 0)
(1.19027 1.8364e-06 0)
(1.19151 1.89707e-06 0)
(1.19274 1.95869e-06 0)
(1.19394 2.02118e-06 0)
(1.19513 2.08446e-06 0)
(1.1963 2.14844e-06 0)
(1.19745 2.21298e-06 0)
(1.19858 2.27792e-06 0)
(1.1997 2.3431e-06 0)
(1.2008 2.40838e-06 0)
(1.20188 2.47355e-06 0)
(1.20294 2.53842e-06 0)
(1.20398 2.60276e-06 0)
(1.20501 2.66637e-06 0)
(1.20601 2.729e-06 0)
(1.207 2.79037e-06 0)
(1.20797 2.85018e-06 0)
(1.20892 2.90815e-06 0)
(1.20985 2.96399e-06 0)
(1.21076 3.01739e-06 0)
(1.21166 3.06803e-06 0)
(1.21254 3.11562e-06 0)
(1.2134 3.15991e-06 0)
(1.21424 3.2006e-06 0)
(1.21507 3.23736e-06 0)
(1.21587 3.26993e-06 0)
(1.21667 3.29805e-06 0)
(1.21744 3.32153e-06 0)
(1.2182 3.34011e-06 0)
(1.21895 3.3536e-06 0)
(1.21968 3.36184e-06 0)
(1.22039 3.36472e-06 0)
(1.22109 3.36213e-06 0)
(1.22178 3.35391e-06 0)
(1.22245 3.33999e-06 0)
(1.22311 3.32034e-06 0)
(1.22376 3.29491e-06 0)
(1.2244 3.26365e-06 0)
(1.22502 3.22652e-06 0)
(1.22563 3.18358e-06 0)
(1.22624 3.13483e-06 0)
(1.22683 3.08024e-06 0)
(1.22741 3.01975e-06 0)
(1.22798 2.95336e-06 0)
(1.22855 2.88109e-06 0)
(1.2291 2.80293e-06 0)
(1.22965 2.71885e-06 0)
(1.23019 2.62888e-06 0)
(1.23072 2.53312e-06 0)
(1.23124 2.43166e-06 0)
(1.23176 2.32452e-06 0)
(1.23227 2.21174e-06 0)
(1.23277 2.09354e-06 0)
(1.23327 1.97022e-06 0)
(1.23377 1.8421e-06 0)
(1.23426 1.70957e-06 0)
(1.23475 1.57318e-06 0)
(1.23524 1.43362e-06 0)
(1.23572 1.29155e-06 0)
(1.2362 1.14768e-06 0)
(1.23669 1.00297e-06 0)
(1.23717 8.58661e-07 0)
(1.23765 7.16194e-07 0)
(1.23814 5.7704e-07 0)
(1.23862 4.42785e-07 0)
(1.23911 3.15217e-07 0)
(1.23961 1.96305e-07 0)
(1.2401 8.81549e-08 0)
(1.2406 -6.95421e-09 0)
(1.2411 -8.65675e-08 0)
(1.2416 -1.48155e-07 0)
(1.2421 -1.89324e-07 0)
(1.2426 -2.07952e-07 0)
(1.2431 -2.0202e-07 0)
(1.2436 -1.69484e-07 0)
(1.2441 -1.08582e-07 0)
(1.2446 -1.81615e-08 0)
(1.24508 1.02446e-07 0)
(1.24556 2.53473e-07 0)
(1.24603 4.34437e-07 0)
(1.24649 6.44121e-07 0)
(1.24694 8.80752e-07 0)
(1.24737 1.14199e-06 0)
(1.24778 1.4249e-06 0)
(1.24818 1.72604e-06 0)
(1.24856 2.04122e-06 0)
(1.24892 2.36562e-06 0)
(1.24926 2.69434e-06 0)
(1.24959 3.02243e-06 0)
(1.24989 3.34486e-06 0)
(1.25017 3.65665e-06 0)
(1.25042 3.95301e-06 0)
(1.25066 4.22938e-06 0)
(1.25088 4.48147e-06 0)
(1.25108 4.7055e-06 0)
(1.25126 4.89861e-06 0)
(1.25142 5.05878e-06 0)
(1.25157 5.18446e-06 0)
(1.2517 5.27449e-06 0)
(1.25182 5.32825e-06 0)
(1.25192 5.34596e-06 0)
(1.25201 5.32886e-06 0)
(1.25209 5.27892e-06 0)
(1.25215 5.19825e-06 0)
(1.25221 5.08907e-06 0)
(1.25226 4.95395e-06 0)
(1.25231 4.79565e-06 0)
(1.25234 4.61729e-06 0)
(1.25238 4.42259e-06 0)
(1.2524 4.21523e-06 0)
(1.25242 3.99825e-06 0)
(1.25244 3.77424e-06 0)
(1.25246 3.54569e-06 0)
(1.25247 3.31535e-06 0)
(1.25248 3.08625e-06 0)
(1.25249 2.86098e-06 0)
(1.25249 2.64114e-06 0)
(1.2525 2.42777e-06 0)
(1.2525 2.22202e-06 0)
(1.25251 2.02516e-06 0)
(1.25251 1.83849e-06 0)
(1.25251 1.66294e-06 0)
(1.25251 1.49869e-06 0)
(1.25252 1.3453e-06 0)
(1.25252 1.20245e-06 0)
(1.25252 1.07036e-06 0)
(1.25252 9.49399e-07 0)
(1.25252 8.39664e-07 0)
(1.25252 7.40117e-07 0)
(1.25252 6.49463e-07 0)
(1.25252 5.6722e-07 0)
(1.25252 4.93419e-07 0)
(1.25252 4.27917e-07 0)
(1.25252 3.70281e-07 0)
(1.25252 3.19381e-07 0)
(1.25252 2.73792e-07 0)
(1.25252 2.33321e-07 0)
(1.25252 1.98229e-07 0)
(1.25252 1.68214e-07 0)
(1.25252 1.42658e-07 0)
(1.25252 1.20239e-07 0)
(1.25252 1.00425e-07 0)
(1.25252 8.36197e-08 0)
(1.25252 6.97145e-08 0)
(1.25252 5.87161e-08 0)
(1.25252 4.92214e-08 0)
(1.25252 4.09107e-08 0)
(1.25252 3.36035e-08 0)
(1.25252 2.77995e-08 0)
(1.25252 2.40892e-08 0)
(1.25252 2.11499e-08 0)
(1.25252 1.79691e-08 0)
(1.25252 1.55056e-08 0)
(1.25252 1.32543e-08 0)
(1.25252 1.255e-08 0)
(1.25252 1.13992e-08 0)
(1.25252 1.03532e-08 0)
(1.25252 8.68211e-09 0)
(1.25252 8.44192e-09 0)
(1.25252 6.46921e-09 0)
(1.25252 4.61062e-09 0)
(1.00002 -0.000214236 0)
(1.00046 -0.000638401 0)
(1.00129 -0.0010509 0)
(1.00252 -0.00144359 0)
(1.00416 -0.00180884 0)
(1.00616 -0.00214059 0)
(1.00848 -0.00243476 0)
(1.01107 -0.00268922 0)
(1.0139 -0.00290359 0)
(1.01692 -0.00307891 0)
(1.0201 -0.00321732 0)
(1.0234 -0.00332171 0)
(1.02679 -0.00339548 0)
(1.03023 -0.00344226 0)
(1.03371 -0.00346572 0)
(1.0372 -0.00346941 0)
(1.04067 -0.00345666 0)
(1.04413 -0.00343049 0)
(1.04756 -0.00339361 0)
(1.05094 -0.00334838 0)
(1.05427 -0.00329682 0)
(1.05754 -0.00324066 0)
(1.06076 -0.00318135 0)
(1.06391 -0.00312006 0)
(1.067 -0.00305777 0)
(1.07003 -0.00299527 0)
(1.073 -0.00293316 0)
(1.0759 -0.00287192 0)
(1.07875 -0.00281193 0)
(1.08153 -0.00275346 0)
(1.08425 -0.0026967 0)
(1.08692 -0.00264178 0)
(1.08954 -0.00258879 0)
(1.0921 -0.00253776 0)
(1.09462 -0.00248871 0)
(1.09708 -0.00244161 0)
(1.0995 -0.00239644 0)
(1.10188 -0.00235315 0)
(1.10421 -0.00231167 0)
(1.1065 -0.00227193 0)
(1.10875 -0.00223388 0)
(1.11097 -0.00219742 0)
(1.11315 -0.0021625 0)
(1.1153 -0.00212902 0)
(1.11741 -0.00209691 0)
(1.11949 -0.0020661 0)
(1.12154 -0.00203651 0)
(1.12357 -0.00200808 0)
(1.12556 -0.00198073 0)
(1.12753 -0.00195441 0)
(1.12947 -0.00192904 0)
(1.13139 -0.00190457 0)
(1.13328 -0.00188094 0)
(1.13515 -0.00185809 0)
(1.137 -0.00183598 0)
(1.13883 -0.00181456 0)
(1.14063 -0.00179377 0)
(1.14242 -0.00177357 0)
(1.14419 -0.00175392 0)
(1.14593 -0.00173478 0)
(1.14766 -0.00171611 0)
(1.14937 -0.00169787 0)
(1.15106 -0.00168002 0)
(1.15273 -0.00166253 0)
(1.15439 -0.00164538 0)
(1.15603 -0.00162851 0)
(1.15765 -0.00161192 0)
(1.15925 -0.00159555 0)
(1.16084 -0.0015794 0)
(1.16242 -0.00156342 0)
(1.16397 -0.0015476 0)
(1.16552 -0.0015319 0)
(1.16704 -0.0015163 0)
(1.16855 -0.00150078 0)
(1.17005 -0.00148531 0)
(1.17153 -0.00146987 0)
(1.17299 -0.00145445 0)
(1.17444 -0.001439 0)
(1.17588 -0.00142352 0)
(1.17729 -0.00140799 0)
(1.1787 -0.00139239 0)
(1.18008 -0.0013767 0)
(1.18145 -0.0013609 0)
(1.18281 -0.00134497 0)
(1.18415 -0.00132892 0)
(1.18547 -0.00131271 0)
(1.18678 -0.00129635 0)
(1.18807 -0.00127982 0)
(1.18935 -0.00126311 0)
(1.1906 -0.00124622 0)
(1.19184 -0.00122915 0)
(1.19307 -0.0012119 0)
(1.19427 -0.00119446 0)
(1.19546 -0.00117685 0)
(1.19663 -0.00115906 0)
(1.19778 -0.00114112 0)
(1.19892 -0.00112302 0)
(1.20004 -0.00110479 0)
(1.20113 -0.00108644 0)
(1.20221 -0.00106798 0)
(1.20328 -0.00104945 0)
(1.20432 -0.00103087 0)
(1.20534 -0.00101225 0)
(1.20635 -0.00099363 0)
(1.20733 -0.000975035 0)
(1.2083 -0.000956495 0)
(1.20925 -0.000938039 0)
(1.21018 -0.000919699 0)
(1.2111 -0.000901504 0)
(1.21199 -0.000883485 0)
(1.21287 -0.000865673 0)
(1.21373 -0.000848094 0)
(1.21457 -0.000830779 0)
(1.21539 -0.000813752 0)
(1.2162 -0.000797038 0)
(1.21699 -0.000780661 0)
(1.21777 -0.00076464 0)
(1.21852 -0.000748994 0)
(1.21927 -0.000733738 0)
(1.22 -0.000718887 0)
(1.22071 -0.000704452 0)
(1.22141 -0.000690441 0)
(1.22209 -0.00067686 0)
(1.22276 -0.000663715 0)
(1.22342 -0.000651007 0)
(1.22407 -0.000638737 0)
(1.2247 -0.000626904 0)
(1.22532 -0.000615504 0)
(1.22593 -0.000604535 0)
(1.22653 -0.000593992 0)
(1.22712 -0.000583871 0)
(1.2277 -0.000574168 0)
(1.22827 -0.000564881 0)
(1.22883 -0.000556009 0)
(1.22938 -0.000547552 0)
(1.22993 -0.000539515 0)
(1.23046 -0.000531906 0)
(1.23099 -0.000524736 0)
(1.23151 -0.000518021 0)
(1.23203 -0.000511782 0)
(1.23253 -0.000506044 0)
(1.23304 -0.000500835 0)
(1.23353 -0.000496187 0)
(1.23402 -0.000492131 0)
(1.23451 -0.000488699 0)
(1.235 -0.000485921 0)
(1.23548 -0.000483819 0)
(1.23596 -0.000482409 0)
(1.23644 -0.000481693 0)
(1.23692 -0.00048166 0)
(1.2374 -0.000482281 0)
(1.23788 -0.000483505 0)
(1.23836 -0.000485263 0)
(1.23884 -0.00048746 0)
(1.23932 -0.000489978 0)
(1.23981 -0.000492679 0)
(1.24029 -0.000495401 0)
(1.24078 -0.000497968 0)
(1.24128 -0.000500191 0)
(1.24177 -0.00050187 0)
(1.24226 -0.000502806 0)
(1.24276 -0.000502802 0)
(1.24325 -0.000501674 0)
(1.24374 -0.000499252 0)
(1.24423 -0.000495388 0)
(1.24471 -0.000489966 0)
(1.24519 -0.000482899 0)
(1.24566 -0.000474136 0)
(1.24612 -0.000463665 0)
(1.24657 -0.00045151 0)
(1.247 -0.000437734 0)
(1.24742 -0.000422436 0)
(1.24783 -0.000405745 0)
(1.24822 -0.000387821 0)
(1.24859 -0.000368846 0)
(1.24894 -0.000349019 0)
(1.24927 -0.000328554 0)
(1.24958 -0.000307667 0)
(1.24987 -0.000286577 0)
(1.25014 -0.000265496 0)
(1.25039 -0.000244627 0)
(1.25062 -0.000224159 0)
(1.25083 -0.000204263 0)
(1.25103 -0.000185087 0)
(1.2512 -0.000166759 0)
(1.25136 -0.000149384 0)
(1.2515 -0.00013304 0)
(1.25162 -0.000117787 0)
(1.25173 -0.000103659 0)
(1.25183 -9.06697e-05 0)
(1.25192 -7.88153e-05 0)
(1.25199 -6.80746e-05 0)
(1.25206 -5.84129e-05 0)
(1.25212 -4.97845e-05 0)
(1.25216 -4.21339e-05 0)
(1.25221 -3.53987e-05 0)
(1.25224 -2.95117e-05 0)
(1.25227 -2.44031e-05 0)
(1.2523 -2.00025e-05 0)
(1.25232 -1.62404e-05 0)
(1.25233 -1.30494e-05 0)
(1.25235 -1.03642e-05 0)
(1.25236 -8.12296e-06 0)
(1.25237 -6.26811e-06 0)
(1.25238 -4.74729e-06 0)
(1.25238 -3.51326e-06 0)
(1.25239 -2.52319e-06 0)
(1.25239 -1.73825e-06 0)
(1.2524 -1.12399e-06 0)
(1.2524 -6.50686e-07 0)
(1.2524 -2.93074e-07 0)
(1.2524 -2.98451e-08 0)
(1.25241 1.57545e-07 0)
(1.25241 2.85592e-07 0)
(1.25241 3.6783e-07 0)
(1.25241 4.14859e-07 0)
(1.25241 4.3498e-07 0)
(1.25241 4.35014e-07 0)
(1.25241 4.20675e-07 0)
(1.25241 3.97161e-07 0)
(1.25241 3.68556e-07 0)
(1.25241 3.36972e-07 0)
(1.25241 3.03599e-07 0)
(1.25241 2.69877e-07 0)
(1.25241 2.37159e-07 0)
(1.25241 2.0683e-07 0)
(1.25241 1.79559e-07 0)
(1.25241 1.54627e-07 0)
(1.25241 1.3178e-07 0)
(1.25241 1.11116e-07 0)
(1.25241 9.30416e-08 0)
(1.25241 7.81499e-08 0)
(1.25241 6.58127e-08 0)
(1.25241 5.46049e-08 0)
(1.25241 4.44882e-08 0)
(1.25241 3.64138e-08 0)
(1.25241 3.01556e-08 0)
(1.25241 2.54302e-08 0)
(1.25241 2.16894e-08 0)
(1.25241 1.79e-08 0)
(1.25241 1.48602e-08 0)
(1.25241 1.34203e-08 0)
(1.25241 1.24691e-08 0)
(1.25241 1.17089e-08 0)
(1.25241 1.09861e-08 0)
(1.25241 1.07411e-08 0)
(1.25241 1.1466e-08 0)
(1.25241 1.1638e-08 0)
(1.25241 1.18138e-08 0)
(1.25241 1.44022e-08 0)
(1.00002 -0.000433056 0)
(1.00047 -0.0012903 0)
(1.00133 -0.00212355 0)
(1.0026 -0.00291607 0)
(1.00429 -0.00365222 0)
(1.00634 -0.00431964 0)
(1.00872 -0.00491016 0)
(1.01138 -0.00541966 0)
(1.01427 -0.0058476 0)
(1.01735 -0.00619636 0)
(1.02059 -0.00647051 0)
(1.02394 -0.00667613 0)
(1.02738 -0.00682025 0)
(1.03086 -0.00691032 0)
(1.03437 -0.00695382 0)
(1.03789 -0.00695798 0)
(1.0414 -0.00692952 0)
(1.04488 -0.00687454 0)
(1.04832 -0.00679844 0)
(1.05171 -0.00670595 0)
(1.05506 -0.00660111 0)
(1.05834 -0.00648735 0)
(1.06157 -0.00636751 0)
(1.06473 -0.00624395 0)
(1.06782 -0.00611858 0)
(1.07086 -0.00599293 0)
(1.07383 -0.00586821 0)
(1.07673 -0.00574537 0)
(1.07958 -0.0056251 0)
(1.08236 -0.00550796 0)
(1.08509 -0.00539429 0)
(1.08776 -0.00528437 0)
(1.09038 -0.00517834 0)
(1.09294 -0.00507628 0)
(1.09545 -0.00497819 0)
(1.09792 -0.00488404 0)
(1.10034 -0.00479376 0)
(1.10272 -0.00470724 0)
(1.10505 -0.00462435 0)
(1.10734 -0.00454498 0)
(1.1096 -0.00446896 0)
(1.11182 -0.00439614 0)
(1.114 -0.00432638 0)
(1.11615 -0.00425951 0)
(1.11826 -0.00419539 0)
(1.12035 -0.00413387 0)
(1.1224 -0.00407479 0)
(1.12443 -0.00401802 0)
(1.12642 -0.00396342 0)
(1.12839 -0.00391085 0)
(1.13034 -0.00386021 0)
(1.13226 -0.00381135 0)
(1.13416 -0.00376418 0)
(1.13603 -0.00371857 0)
(1.13788 -0.00367443 0)
(1.13971 -0.00363165 0)
(1.14152 -0.00359015 0)
(1.14331 -0.00354983 0)
(1.14508 -0.0035106 0)
(1.14683 -0.00347238 0)
(1.14856 -0.0034351 0)
(1.15027 -0.00339868 0)
(1.15196 -0.00336305 0)
(1.15364 -0.00332814 0)
(1.1553 -0.00329388 0)
(1.15694 -0.00326021 0)
(1.15857 -0.00322706 0)
(1.16018 -0.00319439 0)
(1.16177 -0.00316212 0)
(1.16335 -0.00313021 0)
(1.16491 -0.0030986 0)
(1.16646 -0.00306725 0)
(1.16799 -0.00303609 0)
(1.1695 -0.00300508 0)
(1.171 -0.00297417 0)
(1.17248 -0.00294332 0)
(1.17395 -0.00291248 0)
(1.1754 -0.00288161 0)
(1.17684 -0.00285067 0)
(1.17826 -0.00281962 0)
(1.17967 -0.00278842 0)
(1.18106 -0.00275704 0)
(1.18243 -0.00272543 0)
(1.18379 -0.00269358 0)
(1.18513 -0.00266145 0)
(1.18646 -0.00262903 0)
(1.18777 -0.00259627 0)
(1.18906 -0.00256318 0)
(1.19034 -0.00252973 0)
(1.1916 -0.00249592 0)
(1.19284 -0.00246173 0)
(1.19407 -0.00242717 0)
(1.19527 -0.00239225 0)
(1.19646 -0.00235695 0)
(1.19763 -0.00232131 0)
(1.19879 -0.00228534 0)
(1.19992 -0.00224907 0)
(1.20104 -0.00221251 0)
(1.20214 -0.00217571 0)
(1.20322 -0.00213871 0)
(1.20428 -0.00210154 0)
(1.20532 -0.00206425 0)
(1.20634 -0.0020269 0)
(1.20735 -0.00198954 0)
(1.20833 -0.00195222 0)
(1.2093 -0.00191501 0)
(1.21025 -0.00187796 0)
(1.21118 -0.00184114 0)
(1.21209 -0.00180461 0)
(1.21298 -0.00176842 0)
(1.21385 -0.00173264 0)
(1.21471 -0.00169733 0)
(1.21554 -0.00166255 0)
(1.21636 -0.00162833 0)
(1.21717 -0.00159475 0)
(1.21795 -0.00156183 0)
(1.21872 -0.00152962 0)
(1.21948 -0.00149816 0)
(1.22021 -0.00146748 0)
(1.22093 -0.00143761 0)
(1.22164 -0.00140856 0)
(1.22233 -0.00138037 0)
(1.22301 -0.00135303 0)
(1.22368 -0.00132656 0)
(1.22433 -0.00130097 0)
(1.22497 -0.00127625 0)
(1.22559 -0.0012524 0)
(1.22621 -0.00122941 0)
(1.22681 -0.00120729 0)
(1.2274 -0.00118601 0)
(1.22798 -0.00116558 0)
(1.22855 -0.00114598 0)
(1.22911 -0.00112721 0)
(1.22966 -0.00110926 0)
(1.2302 -0.00109215 0)
(1.23074 -0.00107586 0)
(1.23126 -0.00106043 0)
(1.23178 -0.00104587 0)
(1.23229 -0.00103222 0)
(1.2328 -0.0010195 0)
(1.23329 -0.00100777 0)
(1.23379 -0.000997087 0)
(1.23427 -0.000987503 0)
(1.23475 -0.000979082 0)
(1.23523 -0.000971883 0)
(1.2357 -0.000965959 0)
(1.23617 -0.000961353 0)
(1.23664 -0.00095809 0)
(1.23711 -0.000956171 0)
(1.23757 -0.000955571 0)
(1.23804 -0.000956228 0)
(1.2385 -0.000958041 0)
(1.23897 -0.00096087 0)
(1.23943 -0.000964526 0)
(1.2399 -0.000968779 0)
(1.24036 -0.000973355 0)
(1.24083 -0.000977942 0)
(1.2413 -0.000982194 0)
(1.24177 -0.000985745 0)
(1.24224 -0.000988212 0)
(1.24271 -0.00098921 0)
(1.24318 -0.000988362 0)
(1.24365 -0.000985314 0)
(1.24411 -0.000979746 0)
(1.24457 -0.000971382 0)
(1.24503 -0.000960001 0)
(1.24547 -0.000945444 0)
(1.24591 -0.000927625 0)
(1.24634 -0.000906527 0)
(1.24675 -0.000882208 0)
(1.24716 -0.000854797 0)
(1.24755 -0.000824491 0)
(1.24792 -0.000791549 0)
(1.24828 -0.000756284 0)
(1.24861 -0.000719051 0)
(1.24894 -0.000680239 0)
(1.24924 -0.000640257 0)
(1.24952 -0.000599526 0)
(1.24978 -0.000558464 0)
(1.25003 -0.000517479 0)
(1.25025 -0.000476958 0)
(1.25046 -0.000437259 0)
(1.25065 -0.000398706 0)
(1.25082 -0.00036158 0)
(1.25098 -0.000326121 0)
(1.25112 -0.000292523 0)
(1.25124 -0.000260935 0)
(1.25135 -0.00023146 0)
(1.25145 -0.000204162 0)
(1.25154 -0.000179061 0)
(1.25161 -0.000156146 0)
(1.25168 -0.000135374 0)
(1.25174 -0.000116675 0)
(1.25179 -9.99576e-05 0)
(1.25183 -8.51142e-05 0)
(1.25186 -7.20232e-05 0)
(1.25189 -6.05555e-05 0)
(1.25192 -5.05776e-05 0)
(1.25194 -4.19551e-05 0)
(1.25196 -3.45549e-05 0)
(1.25197 -2.82474e-05 0)
(1.25199 -2.29082e-05 0)
(1.252 -1.84203e-05 0)
(1.25201 -1.46759e-05 0)
(1.25201 -1.15756e-05 0)
(1.25202 -9.02902e-06 0)
(1.25202 -6.95398e-06 0)
(1.25203 -5.27725e-06 0)
(1.25203 -3.93468e-06 0)
(1.25203 -2.87084e-06 0)
(1.25203 -2.03763e-06 0)
(1.25203 -1.39328e-06 0)
(1.25203 -9.0173e-07 0)
(1.25204 -5.32186e-07 0)
(1.25204 -2.59774e-07 0)
(1.25204 -6.48203e-08 0)
(1.25204 6.93319e-08 0)
(1.25204 1.57557e-07 0)
(1.25204 2.11912e-07 0)
(1.25204 2.41277e-07 0)
(1.25204 2.52105e-07 0)
(1.25204 2.49162e-07 0)
(1.25204 2.3682e-07 0)
(1.25204 2.19435e-07 0)
(1.25204 1.99848e-07 0)
(1.25204 1.79135e-07 0)
(1.25204 1.57873e-07 0)
(1.25204 1.36507e-07 0)
(1.25204 1.1666e-07 0)
(1.25204 9.95319e-08 0)
(1.25204 8.43022e-08 0)
(1.25204 7.03629e-08 0)
(1.25204 5.80627e-08 0)
(1.25204 4.69804e-08 0)
(1.25204 3.83784e-08 0)
(1.25204 3.19397e-08 0)
(1.25204 2.60153e-08 0)
(1.25204 2.06583e-08 0)
(1.25204 1.6676e-08 0)
(1.25204 1.38665e-08 0)
(1.25204 1.23365e-08 0)
(1.25204 1.11359e-08 0)
(1.25204 1.0239e-08 0)
(1.25204 9.53558e-09 0)
(1.25204 1.08929e-08 0)
(1.25204 1.15759e-08 0)
(1.25204 1.26522e-08 0)
(1.25204 1.50077e-08 0)
(1.25204 1.74541e-08 0)
(1.25204 2.34872e-08 0)
(1.00002 -0.000661312 0)
(1.0005 -0.00197 0)
(1.00139 -0.00324094 0)
(1.00274 -0.00444788 0)
(1.00451 -0.00556639 0)
(1.00666 -0.00657737 0)
(1.00914 -0.00746848 0)
(1.01191 -0.00823394 0)
(1.01491 -0.00887359 0)
(1.01809 -0.00939177 0)
(1.02143 -0.0097961 0)
(1.02487 -0.0100964 0)
(1.02838 -0.0103038 0)
(1.03193 -0.0104301 0)
(1.03551 -0.0104867 0)
(1.03908 -0.0104848 0)
(1.04263 -0.0104347 0)
(1.04614 -0.0103455 0)
(1.04961 -0.0102255 0)
(1.05304 -0.0100818 0)
(1.0564 -0.00992019 0)
(1.0597 -0.00974593 0)
(1.06294 -0.00956318 0)
(1.06611 -0.00937539 0)
(1.06921 -0.00918536 0)
(1.07225 -0.00899531 0)
(1.07523 -0.00880701 0)
(1.07814 -0.0086218 0)
(1.08099 -0.0084407 0)
(1.08377 -0.00826447 0)
(1.0865 -0.00809363 0)
(1.08918 -0.00792854 0)
(1.09179 -0.00776938 0)
(1.09436 -0.00761626 0)
(1.09688 -0.00746916 0)
(1.09935 -0.00732803 0)
(1.10177 -0.00719274 0)
(1.10415 -0.00706311 0)
(1.10648 -0.00693897 0)
(1.10878 -0.0068201 0)
(1.11104 -0.00670628 0)
(1.11326 -0.00659727 0)
(1.11544 -0.00649284 0)
(1.1176 -0.00639276 0)
(1.11972 -0.00629679 0)
(1.1218 -0.00620471 0)
(1.12386 -0.00611629 0)
(1.12589 -0.00603134 0)
(1.12789 -0.00594963 0)
(1.12987 -0.00587097 0)
(1.13182 -0.00579518 0)
(1.13375 -0.00572206 0)
(1.13565 -0.00565146 0)
(1.13753 -0.00558321 0)
(1.13938 -0.00551714 0)
(1.14122 -0.00545311 0)
(1.14303 -0.00539099 0)
(1.14483 -0.00533062 0)
(1.1466 -0.00527189 0)
(1.14836 -0.00521467 0)
(1.15009 -0.00515885 0)
(1.15181 -0.0051043 0)
(1.15351 -0.00505093 0)
(1.1552 -0.00499862 0)
(1.15686 -0.00494729 0)
(1.15851 -0.00489683 0)
(1.16014 -0.00484715 0)
(1.16176 -0.00479816 0)
(1.16336 -0.00474978 0)
(1.16494 -0.00470192 0)
(1.16651 -0.0046545 0)
(1.16806 -0.00460745 0)
(1.16959 -0.00456068 0)
(1.17111 -0.00451413 0)
(1.17262 -0.00446772 0)
(1.17411 -0.00442138 0)
(1.17558 -0.00437505 0)
(1.17704 -0.00432866 0)
(1.17848 -0.00428214 0)
(1.17991 -0.00423545 0)
(1.18132 -0.00418852 0)
(1.18271 -0.0041413 0)
(1.18409 -0.00409374 0)
(1.18545 -0.00404579 0)
(1.1868 -0.00399741 0)
(1.18812 -0.00394856 0)
(1.18944 -0.00389921 0)
(1.19073 -0.00384934 0)
(1.19201 -0.00379892 0)
(1.19327 -0.00374793 0)
(1.19452 -0.00369636 0)
(1.19574 -0.00364422 0)
(1.19695 -0.00359151 0)
(1.19814 -0.00353824 0)
(1.19931 -0.00348443 0)
(1.20046 -0.00343011 0)
(1.2016 -0.00337531 0)
(1.20271 -0.00332009 0)
(1.20381 -0.00326448 0)
(1.20488 -0.00320855 0)
(1.20594 -0.00315236 0)
(1.20698 -0.00309598 0)
(1.208 -0.0030395 0)
(1.209 -0.00298299 0)
(1.20998 -0.00292654 0)
(1.21094 -0.00287024 0)
(1.21188 -0.00281419 0)
(1.2128 -0.00275847 0)
(1.2137 -0.00270317 0)
(1.21459 -0.0026484 0)
(1.21545 -0.00259425 0)
(1.2163 -0.00254079 0)
(1.21712 -0.00248813 0)
(1.21793 -0.00243632 0)
(1.21873 -0.00238546 0)
(1.2195 -0.00233561 0)
(1.22026 -0.00228684 0)
(1.221 -0.00223919 0)
(1.22172 -0.00219272 0)
(1.22243 -0.00214747 0)
(1.22312 -0.00210348 0)
(1.2238 -0.00206076 0)
(1.22447 -0.00201934 0)
(1.22512 -0.00197923 0)
(1.22575 -0.00194044 0)
(1.22637 -0.00190297 0)
(1.22698 -0.00186681 0)
(1.22758 -0.00183196 0)
(1.22817 -0.00179841 0)
(1.22874 -0.00176614 0)
(1.22931 -0.00173514 0)
(1.22986 -0.0017054 0)
(1.2304 -0.00167691 0)
(1.23094 -0.00164966 0)
(1.23146 -0.00162365 0)
(1.23197 -0.0015989 0)
(1.23248 -0.00157542 0)
(1.23298 -0.00155325 0)
(1.23347 -0.00153242 0)
(1.23396 -0.00151299 0)
(1.23443 -0.00149502 0)
(1.23491 -0.00147858 0)
(1.23537 -0.00146376 0)
(1.23583 -0.00145063 0)
(1.23629 -0.00143928 0)
(1.23674 -0.00142978 0)
(1.23719 -0.00142217 0)
(1.23763 -0.00141647 0)
(1.23808 -0.00141269 0)
(1.23852 -0.00141078 0)
(1.23896 -0.00141062 0)
(1.23939 -0.00141207 0)
(1.23983 -0.00141491 0)
(1.24027 -0.00141886 0)
(1.2407 -0.00142359 0)
(1.24114 -0.00142868 0)
(1.24157 -0.00143369 0)
(1.24201 -0.00143812 0)
(1.24244 -0.00144144 0)
(1.24287 -0.00144311 0)
(1.2433 -0.00144259 0)
(1.24373 -0.00143934 0)
(1.24415 -0.00143287 0)
(1.24457 -0.00142274 0)
(1.24498 -0.00140858 0)
(1.24538 -0.00139009 0)
(1.24578 -0.00136706 0)
(1.24616 -0.0013394 0)
(1.24654 -0.00130711 0)
(1.2469 -0.00127029 0)
(1.24725 -0.00122914 0)
(1.24759 -0.00118398 0)
(1.24791 -0.00113518 0)
(1.24821 -0.00108321 0)
(1.2485 -0.00102858 0)
(1.24877 -0.000971868 0)
(1.24903 -0.000913652 0)
(1.24927 -0.000854537 0)
(1.24949 -0.000795116 0)
(1.24969 -0.000735967 0)
(1.24987 -0.000677634 0)
(1.25004 -0.000620618 0)
(1.2502 -0.000565366 0)
(1.25034 -0.000512269 0)
(1.25046 -0.000461653 0)
(1.25058 -0.000413781 0)
(1.25068 -0.000368849 0)
(1.25076 -0.000326992 0)
(1.25084 -0.000288284 0)
(1.25091 -0.000252744 0)
(1.25097 -0.000220343 0)
(1.25102 -0.000191009 0)
(1.25106 -0.000164634 0)
(1.2511 -0.000141079 0)
(1.25113 -0.000120185 0)
(1.25116 -0.000101774 0)
(1.25118 -8.56573e-05 0)
(1.2512 -7.1644e-05 0)
(1.25122 -5.95399e-05 0)
(1.25123 -4.9154e-05 0)
(1.25124 -4.03015e-05 0)
(1.25125 -3.28064e-05 0)
(1.25126 -2.65041e-05 0)
(1.25126 -2.12421e-05 0)
(1.25127 -1.68802e-05 0)
(1.25127 -1.32903e-05 0)
(1.25128 -1.03575e-05 0)
(1.25128 -7.98045e-06 0)
(1.25128 -6.07042e-06 0)
(1.25128 -4.54969e-06 0)
(1.25128 -3.35025e-06 0)
(1.25128 -2.4134e-06 0)
(1.25128 -1.68971e-06 0)
(1.25128 -1.13824e-06 0)
(1.25128 -7.24698e-07 0)
(1.25129 -4.20499e-07 0)
(1.25129 -2.01392e-07 0)
(1.25129 -4.71703e-08 0)
(1.25129 5.76226e-08 0)
(1.25129 1.24235e-07 0)
(1.25129 1.62051e-07 0)
(1.25129 1.7958e-07 0)
(1.25129 1.83741e-07 0)
(1.25129 1.79188e-07 0)
(1.25129 1.68438e-07 0)
(1.25129 1.53072e-07 0)
(1.25129 1.35723e-07 0)
(1.25129 1.18416e-07 0)
(1.25129 1.02326e-07 0)
(1.25129 8.75682e-08 0)
(1.25129 7.29846e-08 0)
(1.25129 5.93438e-08 0)
(1.25129 4.86343e-08 0)
(1.25129 3.95991e-08 0)
(1.25129 3.21267e-08 0)
(1.25129 2.51486e-08 0)
(1.25129 1.89217e-08 0)
(1.25129 1.46565e-08 0)
(1.25129 1.22851e-08 0)
(1.25129 1.01555e-08 0)
(1.25129 8.57682e-09 0)
(1.25129 6.98547e-09 0)
(1.25129 7.68281e-09 0)
(1.25129 8.14271e-09 0)
(1.25129 9.9424e-09 0)
(1.25129 1.19554e-08 0)
(1.25129 1.39717e-08 0)
(1.25129 1.73755e-08 0)
(1.25129 2.48329e-08 0)
(1.25129 3.35449e-08 0)
(1.00002 -0.00090444 0)
(1.00054 -0.00269345 0)
(1.0015 -0.00442869 0)
(1.00294 -0.0060728 0)
(1.00483 -0.00759129 0)
(1.00713 -0.00895767 0)
(1.00976 -0.0101554 0)
(1.01269 -0.0111777 0)
(1.01584 -0.0120256 0)
(1.01917 -0.0127065 0)
(1.02264 -0.013232 0)
(1.02621 -0.0136166 0)
(1.02983 -0.0138763 0)
(1.03349 -0.0140276 0)
(1.03714 -0.0140867 0)
(1.04079 -0.0140688 0)
(1.0444 -0.013988 0)
(1.04797 -0.0138567 0)
(1.05148 -0.0136858 0)
(1.05494 -0.0134847 0)
(1.05833 -0.0132613 0)
(1.06165 -0.0130223 0)
(1.06491 -0.0127731 0)
(1.06809 -0.0125183 0)
(1.07121 -0.0122613 0)
(1.07426 -0.012005 0)
(1.07724 -0.0117517 0)
(1.08016 -0.0115031 0)
(1.08301 -0.0112603 0)
(1.0858 -0.0110245 0)
(1.08854 -0.0107961 0)
(1.09121 -0.0105756 0)
(1.09384 -0.0103632 0)
(1.09641 -0.010159 0)
(1.09893 -0.00996296 0)
(1.1014 -0.00977497 0)
(1.10383 -0.00959483 0)
(1.10621 -0.00942231 0)
(1.10855 -0.00925713 0)
(1.11085 -0.009099 0)
(1.11312 -0.00894762 0)
(1.11534 -0.00880267 0)
(1.11753 -0.00866383 0)
(1.11969 -0.00853078 0)
(1.12182 -0.0084032 0)
(1.12391 -0.00828081 0)
(1.12598 -0.00816329 0)
(1.12801 -0.00805036 0)
(1.13002 -0.00794175 0)
(1.13201 -0.00783719 0)
(1.13396 -0.00773643 0)
(1.1359 -0.00763922 0)
(1.13781 -0.00754535 0)
(1.1397 -0.00745458 0)
(1.14156 -0.00736671 0)
(1.1434 -0.00728155 0)
(1.14523 -0.00719889 0)
(1.14703 -0.00711856 0)
(1.14881 -0.00704039 0)
(1.15058 -0.00696421 0)
(1.15232 -0.00688987 0)
(1.15405 -0.00681721 0)
(1.15576 -0.00674609 0)
(1.15745 -0.00667638 0)
(1.15912 -0.00660793 0)
(1.16078 -0.00654063 0)
(1.16242 -0.00647434 0)
(1.16404 -0.00640895 0)
(1.16565 -0.00634435 0)
(1.16724 -0.00628042 0)
(1.16881 -0.00621705 0)
(1.17037 -0.00615414 0)
(1.17191 -0.00609159 0)
(1.17343 -0.0060293 0)
(1.17494 -0.00596717 0)
(1.17644 -0.00590512 0)
(1.17791 -0.00584304 0)
(1.17938 -0.00578086 0)
(1.18082 -0.00571849 0)
(1.18225 -0.00565585 0)
(1.18366 -0.00559286 0)
(1.18506 -0.00552946 0)
(1.18644 -0.00546558 0)
(1.1878 -0.00540115 0)
(1.18915 -0.00533612 0)
(1.19048 -0.00527043 0)
(1.19179 -0.00520406 0)
(1.19308 -0.00513694 0)
(1.19436 -0.00506907 0)
(1.19562 -0.00500041 0)
(1.19686 -0.00493096 0)
(1.19808 -0.00486071 0)
(1.19928 -0.00478967 0)
(1.20047 -0.00471785 0)
(1.20163 -0.00464529 0)
(1.20278 -0.00457202 0)
(1.2039 -0.00449809 0)
(1.20501 -0.00442357 0)
(1.2061 -0.00434851 0)
(1.20716 -0.00427301 0)
(1.20821 -0.00419714 0)
(1.20924 -0.00412101 0)
(1.21024 -0.00404473 0)
(1.21123 -0.0039684 0)
(1.21219 -0.00389214 0)
(1.21314 -0.00381607 0)
(1.21406 -0.00374033 0)
(1.21497 -0.00366504 0)
(1.21585 -0.00359032 0)
(1.21672 -0.0035163 0)
(1.21756 -0.00344312 0)
(1.21839 -0.00337088 0)
(1.21919 -0.0032997 0)
(1.21998 -0.00322969 0)
(1.22075 -0.00316096 0)
(1.2215 -0.0030936 0)
(1.22224 -0.00302769 0)
(1.22295 -0.0029633 0)
(1.22365 -0.00290051 0)
(1.22434 -0.00283938 0)
(1.225 -0.00277993 0)
(1.22566 -0.00272222 0)
(1.22629 -0.00266626 0)
(1.22692 -0.00261208 0)
(1.22752 -0.00255968 0)
(1.22812 -0.00250906 0)
(1.2287 -0.00246022 0)
(1.22927 -0.00241314 0)
(1.22983 -0.00236782 0)
(1.23037 -0.00232422 0)
(1.2309 -0.00228234 0)
(1.23143 -0.00224215 0)
(1.23194 -0.00220364 0)
(1.23244 -0.0021668 0)
(1.23294 -0.00213164 0)
(1.23342 -0.00209815 0)
(1.2339 -0.00206635 0)
(1.23436 -0.0020363 0)
(1.23482 -0.00200801 0)
(1.23528 -0.00198157 0)
(1.23572 -0.00195704 0)
(1.23616 -0.00193451 0)
(1.23659 -0.00191406 0)
(1.23702 -0.00189579 0)
(1.23744 -0.00187977 0)
(1.23786 -0.00186609 0)
(1.23827 -0.00185479 0)
(1.23868 -0.00184587 0)
(1.23909 -0.00183931 0)
(1.23949 -0.00183503 0)
(1.23989 -0.00183287 0)
(1.24029 -0.00183262 0)
(1.24068 -0.00183398 0)
(1.24107 -0.0018366 0)
(1.24146 -0.00184001 0)
(1.24185 -0.00184372 0)
(1.24224 -0.00184714 0)
(1.24262 -0.00184965 0)
(1.243 -0.00185058 0)
(1.24337 -0.00184928 0)
(1.24374 -0.00184507 0)
(1.24411 -0.00183731 0)
(1.24447 -0.00182542 0)
(1.24482 -0.00180886 0)
(1.24516 -0.00178721 0)
(1.2455 -0.00176015 0)
(1.24582 -0.00172745 0)
(1.24614 -0.00168903 0)
(1.24644 -0.00164494 0)
(1.24673 -0.00159535 0)
(1.24701 -0.00154056 0)
(1.24727 -0.00148098 0)
(1.24752 -0.00141711 0)
(1.24776 -0.00134957 0)
(1.24798 -0.00127901 0)
(1.24818 -0.00120615 0)
(1.24838 -0.00113173 0)
(1.24855 -0.0010565 0)
(1.24871 -0.000981187 0)
(1.24886 -0.000906511 0)
(1.24899 -0.000833127 0)
(1.24912 -0.000761639 0)
(1.24922 -0.000692584 0)
(1.24932 -0.000626421 0)
(1.24941 -0.000563533 0)
(1.24948 -0.000504217 0)
(1.24955 -0.000448692 0)
(1.24961 -0.0003971 0)
(1.24966 -0.000349506 0)
(1.24971 -0.000305914 0)
(1.24974 -0.000266266 0)
(1.24978 -0.000230453 0)
(1.2498 -0.000198325 0)
(1.24983 -0.000169695 0)
(1.24985 -0.000144353 0)
(1.24986 -0.00012207 0)
(1.24988 -0.000102605 0)
(1.24989 -8.57153e-05 0)
(1.2499 -7.11549e-05 0)
(1.2499 -5.86851e-05 0)
(1.24991 -4.80763e-05 0)
(1.24991 -3.91113e-05 0)
(1.24992 -3.15869e-05 0)
(1.24992 -2.53153e-05 0)
(1.24992 -2.01241e-05 0)
(1.24992 -1.58575e-05 0)
(1.24993 -1.23767e-05 0)
(1.24993 -9.55975e-06 0)
(1.24993 -7.29894e-06 0)
(1.24993 -5.49968e-06 0)
(1.24993 -4.0801e-06 0)
(1.24993 -2.97074e-06 0)
(1.24993 -2.11369e-06 0)
(1.24993 -1.46051e-06 0)
(1.24993 -9.69615e-07 0)
(1.24993 -6.05712e-07 0)
(1.24993 -3.40571e-07 0)
(1.24993 -1.52303e-07 0)
(1.24993 -2.34986e-08 0)
(1.24993 6.03123e-08 0)
(1.24993 1.11555e-07 0)
(1.24993 1.40169e-07 0)
(1.24993 1.52585e-07 0)
(1.24993 1.52828e-07 0)
(1.24993 1.44779e-07 0)
(1.24993 1.32033e-07 0)
(1.24993 1.18087e-07 0)
(1.24993 1.03809e-07 0)
(1.24993 8.88845e-08 0)
(1.24993 7.40696e-08 0)
(1.24993 6.02887e-08 0)
(1.24993 4.86986e-08 0)
(1.24993 3.96239e-08 0)
(1.24993 3.08452e-08 0)
(1.24993 2.32404e-08 0)
(1.24993 1.6821e-08 0)
(1.24993 1.24451e-08 0)
(1.24993 9.44142e-09 0)
(1.24993 6.84103e-09 0)
(1.24993 4.08212e-09 0)
(1.24993 3.94898e-09 0)
(1.24993 3.63373e-09 0)
(1.24993 4.82848e-09 0)
(1.24993 5.95922e-09 0)
(1.24993 7.9208e-09 0)
(1.24993 1.08174e-08 0)
(1.24993 1.61283e-08 0)
(1.24993 1.90768e-08 0)
(1.24993 2.97566e-08 0)
(1.24993 4.48043e-08 0)
(1.00003 -0.00116882 0)
(1.00059 -0.00347938 0)
(1.00164 -0.00571667 0)
(1.00321 -0.00782993 0)
(1.00528 -0.00977273 0)
(1.00777 -0.0115103 0)
(1.01062 -0.0130221 0)
(1.01375 -0.0143011 0)
(1.01711 -0.0153514 0)
(1.02064 -0.0161847 0)
(1.0243 -0.0168182 0)
(1.02803 -0.0172723 0)
(1.0318 -0.0175687 0)
(1.03558 -0.0177296 0)
(1.03935 -0.0177764 0)
(1.04308 -0.0177289 0)
(1.04677 -0.0176053 0)
(1.0504 -0.017421 0)
(1.05397 -0.01719 0)
(1.05747 -0.0169236 0)
(1.0609 -0.0166317 0)
(1.06425 -0.0163224 0)
(1.06753 -0.0160023 0)
(1.07074 -0.0156767 0)
(1.07387 -0.0153498 0)
(1.07693 -0.015025 0)
(1.07993 -0.014705 0)
(1.08285 -0.0143915 0)
(1.08571 -0.0140862 0)
(1.08851 -0.01379 0)
(1.09126 -0.0135037 0)
(1.09394 -0.0132275 0)
(1.09657 -0.0129618 0)
(1.09914 -0.0127066 0)
(1.10167 -0.0124617 0)
(1.10415 -0.0122271 0)
(1.10658 -0.0120023 0)
(1.10897 -0.0117872 0)
(1.11132 -0.0115813 0)
(1.11363 -0.0113842 0)
(1.1159 -0.0111956 0)
(1.11814 -0.011015 0)
(1.12034 -0.0108421 0)
(1.12251 -0.0106764 0)
(1.12464 -0.0105175 0)
(1.12675 -0.0103651 0)
(1.12882 -0.0102187 0)
(1.13087 -0.010078 0)
(1.13289 -0.00994274 0)
(1.13488 -0.00981246 0)
(1.13685 -0.0096869 0)
(1.1388 -0.00956574 0)
(1.14072 -0.0094487 0)
(1.14261 -0.0093355 0)
(1.14449 -0.00922588 0)
(1.14634 -0.00911959 0)
(1.14818 -0.00901639 0)
(1.14999 -0.00891606 0)
(1.15178 -0.00881838 0)
(1.15355 -0.00872314 0)
(1.15531 -0.00863016 0)
(1.15704 -0.00853923 0)
(1.15876 -0.00845018 0)
(1.16046 -0.00836283 0)
(1.16214 -0.00827702 0)
(1.1638 -0.0081926 0)
(1.16545 -0.0081094 0)
(1.16708 -0.00802727 0)
(1.16869 -0.00794608 0)
(1.17028 -0.00786568 0)
(1.17186 -0.00778594 0)
(1.17342 -0.00770673 0)
(1.17497 -0.00762791 0)
(1.17649 -0.00754938 0)
(1.178 -0.007471 0)
(1.1795 -0.00739266 0)
(1.18097 -0.00731426 0)
(1.18243 -0.00723567 0)
(1.18388 -0.0071568 0)
(1.1853 -0.00707756 0)
(1.18671 -0.00699783 0)
(1.1881 -0.00691755 0)
(1.18947 -0.00683661 0)
(1.19083 -0.00675495 0)
(1.19217 -0.00667249 0)
(1.19349 -0.00658917 0)
(1.19479 -0.00650494 0)
(1.19607 -0.00641976 0)
(1.19733 -0.00633357 0)
(1.19858 -0.00624637 0)
(1.1998 -0.00615814 0)
(1.20101 -0.00606887 0)
(1.20219 -0.00597857 0)
(1.20336 -0.00588727 0)
(1.2045 -0.00579501 0)
(1.20563 -0.00570183 0)
(1.20673 -0.0056078 0)
(1.20781 -0.00551299 0)
(1.20887 -0.0054175 0)
(1.20992 -0.00532143 0)
(1.21093 -0.00522489 0)
(1.21193 -0.00512802 0)
(1.21291 -0.00503094 0)
(1.21386 -0.0049338 0)
(1.2148 -0.00483676 0)
(1.21571 -0.00473997 0)
(1.2166 -0.00464359 0)
(1.21747 -0.00454779 0)
(1.21832 -0.00445273 0)
(1.21915 -0.00435858 0)
(1.21996 -0.00426549 0)
(1.22074 -0.00417362 0)
(1.22151 -0.00408311 0)
(1.22226 -0.00399411 0)
(1.22299 -0.00390676 0)
(1.2237 -0.00382115 0)
(1.22439 -0.00373742 0)
(1.22506 -0.00365564 0)
(1.22572 -0.00357591 0)
(1.22636 -0.00349829 0)
(1.22698 -0.00342285 0)
(1.22759 -0.00334962 0)
(1.22818 -0.00327863 0)
(1.22875 -0.00320992 0)
(1.22932 -0.00314348 0)
(1.22986 -0.00307932 0)
(1.2304 -0.00301742 0)
(1.23092 -0.00295777 0)
(1.23143 -0.00290035 0)
(1.23193 -0.00284514 0)
(1.23241 -0.0027921 0)
(1.23289 -0.00274121 0)
(1.23335 -0.00269245 0)
(1.23381 -0.0026458 0)
(1.23425 -0.00260126 0)
(1.23469 -0.00255882 0)
(1.23511 -0.00251851 0)
(1.23553 -0.00248035 0)
(1.23594 -0.00244439 0)
(1.23635 -0.00241069 0)
(1.23674 -0.00237932 0)
(1.23713 -0.00235036 0)
(1.23752 -0.00232389 0)
(1.23789 -0.00230001 0)
(1.23827 -0.00227878 0)
(1.23863 -0.00226027 0)
(1.23899 -0.00224448 0)
(1.23935 -0.00223142 0)
(1.2397 -0.00222101 0)
(1.24005 -0.00221311 0)
(1.2404 -0.00220753 0)
(1.24073 -0.00220397 0)
(1.24107 -0.00220208 0)
(1.2414 -0.0022014 0)
(1.24173 -0.00220139 0)
(1.24205 -0.00220144 0)
(1.24237 -0.00220089 0)
(1.24268 -0.00219901 0)
(1.24299 -0.00219505 0)
(1.24329 -0.00218825 0)
(1.24358 -0.00217789 0)
(1.24386 -0.00216325 0)
(1.24414 -0.0021437 0)
(1.24441 -0.0021187 0)
(1.24466 -0.0020878 0)
(1.24491 -0.0020507 0)
(1.24515 -0.00200721 0)
(1.24537 -0.0019573 0)
(1.24559 -0.00190109 0)
(1.24579 -0.00183883 0)
(1.24598 -0.00177093 0)
(1.24615 -0.0016979 0)
(1.24632 -0.00162037 0)
(1.24647 -0.00153907 0)
(1.24661 -0.00145477 0)
(1.24673 -0.00136831 0)
(1.24685 -0.00128055 0)
(1.24695 -0.00119233 0)
(1.24705 -0.00110448 0)
(1.24713 -0.0010178 0)
(1.2472 -0.000933007 0)
(1.24727 -0.000850766 0)
(1.24732 -0.000771651 0)
(1.24737 -0.00069615 0)
(1.24741 -0.000624657 0)
(1.24745 -0.000557473 0)
(1.24748 -0.000494806 0)
(1.24751 -0.000436776 0)
(1.24753 -0.000383426 0)
(1.24755 -0.000334723 0)
(1.24756 -0.000290571 0)
(1.24757 -0.000250817 0)
(1.24758 -0.000215267 0)
(1.24759 -0.000183687 0)
(1.24759 -0.000155822 0)
(1.2476 -0.000131398 0)
(1.2476 -0.000110131 0)
(1.2476 -9.17338e-05 0)
(1.2476 -7.59246e-05 0)
(1.24761 -6.24287e-05 0)
(1.24761 -5.09849e-05 0)
(1.24761 -4.13468e-05 0)
(1.24761 -3.32848e-05 0)
(1.24761 -2.65874e-05 0)
(1.24761 -2.10626e-05 0)
(1.24761 -1.65384e-05 0)
(1.24761 -1.28623e-05 0)
(1.24761 -9.89906e-06 0)
(1.24761 -7.52962e-06 0)
(1.24761 -5.65074e-06 0)
(1.24761 -4.17481e-06 0)
(1.24761 -3.02773e-06 0)
(1.2476 -2.14655e-06 0)
(1.2476 -1.478e-06 0)
(1.2476 -9.7732e-07 0)
(1.2476 -6.07956e-07 0)
(1.2476 -3.41337e-07 0)
(1.2476 -1.54635e-07 0)
(1.2476 -2.82453e-08 0)
(1.2476 5.4233e-08 0)
(1.2476 1.04877e-07 0)
(1.2476 1.31981e-07 0)
(1.2476 1.41606e-07 0)
(1.2476 1.39466e-07 0)
(1.2476 1.31201e-07 0)
(1.2476 1.1959e-07 0)
(1.2476 1.058e-07 0)
(1.2476 9.03294e-08 0)
(1.2476 7.48092e-08 0)
(1.2476 6.10362e-08 0)
(1.2476 4.9366e-08 0)
(1.2476 3.8817e-08 0)
(1.2476 2.8972e-08 0)
(1.2476 2.01237e-08 0)
(1.2476 1.44399e-08 0)
(1.2476 9.81897e-09 0)
(1.2476 5.63407e-09 0)
(1.2476 1.76964e-09 0)
(1.2476 3.75413e-10 0)
(1.2476 -7.77572e-10 0)
(1.2476 -5.28016e-10 0)
(1.2476 -7.20577e-10 0)
(1.2476 4.27591e-10 0)
(1.2476 2.40959e-09 0)
(1.2476 7.01657e-09 0)
(1.2476 9.18273e-09 0)
(1.2476 1.49294e-08 0)
(1.2476 2.02292e-08 0)
(1.2476 3.50683e-08 0)
(1.2476 5.71035e-08 0)
(1.00003 -0.00146229 0)
(1.00066 -0.00435069 0)
(1.00183 -0.00714124 0)
(1.00359 -0.0097664 0)
(1.00588 -0.0121652 0)
(1.00863 -0.0142934 0)
(1.01175 -0.0161271 0)
(1.01516 -0.0176609 0)
(1.01879 -0.0189038 0)
(1.02258 -0.0198745 0)
(1.02646 -0.0205975 0)
(1.0304 -0.0211005 0)
(1.03435 -0.0214127 0)
(1.03829 -0.0215628 0)
(1.04219 -0.0215783 0)
(1.04604 -0.021484 0)
(1.04982 -0.021302 0)
(1.05353 -0.0210514 0)
(1.05717 -0.0207485 0)
(1.06072 -0.0204072 0)
(1.06419 -0.0200387 0)
(1.06758 -0.0196524 0)
(1.07089 -0.0192559 0)
(1.07412 -0.0188552 0)
(1.07728 -0.018455 0)
(1.08036 -0.0180591 0)
(1.08337 -0.0176703 0)
(1.08631 -0.0172906 0)
(1.08918 -0.0169216 0)
(1.09199 -0.0165644 0)
(1.09474 -0.0162196 0)
(1.09744 -0.0158876 0)
(1.10008 -0.0155685 0)
(1.10266 -0.0152623 0)
(1.1052 -0.0149688 0)
(1.10769 -0.0146878 0)
(1.11014 -0.0144187 0)
(1.11254 -0.0141613 0)
(1.1149 -0.013915 0)
(1.11722 -0.0136794 0)
(1.1195 -0.0134539 0)
(1.12175 -0.013238 0)
(1.12396 -0.0130313 0)
(1.12614 -0.0128332 0)
(1.12829 -0.0126432 0)
(1.13041 -0.012461 0)
(1.1325 -0.0122859 0)
(1.13456 -0.0121176 0)
(1.13659 -0.0119557 0)
(1.1386 -0.0117997 0)
(1.14058 -0.0116493 0)
(1.14253 -0.0115041 0)
(1.14446 -0.0113637 0)
(1.14637 -0.0112279 0)
(1.14826 -0.0110963 0)
(1.15012 -0.0109686 0)
(1.15196 -0.0108445 0)
(1.15378 -0.0107238 0)
(1.15558 -0.0106061 0)
(1.15736 -0.0104913 0)
(1.15912 -0.0103792 0)
(1.16086 -0.0102694 0)
(1.16258 -0.0101617 0)
(1.16428 -0.0100561 0)
(1.16596 -0.00995216 0)
(1.16763 -0.00984983 0)
(1.16927 -0.00974888 0)
(1.1709 -0.00964915 0)
(1.1725 -0.00955046 0)
(1.17409 -0.00945265 0)
(1.17566 -0.00935555 0)
(1.17722 -0.00925901 0)
(1.17875 -0.00916287 0)
(1.18027 -0.009067 0)
(1.18176 -0.00897126 0)
(1.18324 -0.00887549 0)
(1.1847 -0.00877958 0)
(1.18614 -0.00868339 0)
(1.18757 -0.0085868 0)
(1.18897 -0.0084897 0)
(1.19036 -0.00839197 0)
(1.19172 -0.00829351 0)
(1.19307 -0.00819421 0)
(1.1944 -0.008094 0)
(1.1957 -0.00799278 0)
(1.19699 -0.00789048 0)
(1.19826 -0.00778704 0)
(1.19951 -0.0076824 0)
(1.20073 -0.00757653 0)
(1.20194 -0.0074694 0)
(1.20312 -0.007361 0)
(1.20429 -0.00725131 0)
(1.20543 -0.00714037 0)
(1.20655 -0.00702819 0)
(1.20765 -0.00691483 0)
(1.20873 -0.00680036 0)
(1.20978 -0.00668485 0)
(1.21081 -0.0065684 0)
(1.21182 -0.00645112 0)
(1.21281 -0.00633315 0)
(1.21377 -0.00621462 0)
(1.21472 -0.0060957 0)
(1.21563 -0.00597655 0)
(1.21653 -0.00585737 0)
(1.2174 -0.00573832 0)
(1.21825 -0.00561962 0)
(1.21908 -0.00550146 0)
(1.21989 -0.00538405 0)
(1.22067 -0.00526759 0)
(1.22144 -0.00515228 0)
(1.22218 -0.00503832 0)
(1.2229 -0.0049259 0)
(1.2236 -0.00481521 0)
(1.22427 -0.0047064 0)
(1.22493 -0.00459966 0)
(1.22557 -0.00449511 0)
(1.22619 -0.00439289 0)
(1.2268 -0.00429313 0)
(1.22738 -0.00419591 0)
(1.22795 -0.00410133 0)
(1.2285 -0.00400944 0)
(1.22903 -0.00392031 0)
(1.22955 -0.00383396 0)
(1.23006 -0.00375042 0)
(1.23055 -0.0036697 0)
(1.23102 -0.00359179 0)
(1.23148 -0.00351667 0)
(1.23193 -0.00344432 0)
(1.23237 -0.00337472 0)
(1.2328 -0.00330781 0)
(1.23321 -0.00324358 0)
(1.23361 -0.00318197 0)
(1.23401 -0.00312296 0)
(1.23439 -0.00306651 0)
(1.23477 -0.00301261 0)
(1.23513 -0.00296125 0)
(1.23549 -0.00291243 0)
(1.23584 -0.00286618 0)
(1.23618 -0.00282251 0)
(1.23651 -0.00278149 0)
(1.23684 -0.00274316 0)
(1.23716 -0.0027076 0)
(1.23747 -0.00267487 0)
(1.23778 -0.00264502 0)
(1.23808 -0.00261811 0)
(1.23838 -0.00259416 0)
(1.23867 -0.00257316 0)
(1.23895 -0.00255503 0)
(1.23923 -0.00253967 0)
(1.23951 -0.00252687 0)
(1.23978 -0.00251638 0)
(1.24004 -0.00250784 0)
(1.2403 -0.00250081 0)
(1.24055 -0.00249477 0)
(1.24079 -0.00248911 0)
(1.24103 -0.00248315 0)
(1.24126 -0.00247616 0)
(1.24148 -0.00246736 0)
(1.2417 -0.00245597 0)
(1.2419 -0.00244119 0)
(1.2421 -0.00242227 0)
(1.24229 -0.00239851 0)
(1.24246 -0.00236928 0)
(1.24263 -0.00233408 0)
(1.24279 -0.00229252 0)
(1.24293 -0.00224433 0)
(1.24306 -0.00218942 0)
(1.24318 -0.00212785 0)
(1.24329 -0.00205982 0)
(1.24339 -0.00198569 0)
(1.24348 -0.00190596 0)
(1.24356 -0.00182125 0)
(1.24363 -0.00173229 0)
(1.24369 -0.00163989 0)
(1.24374 -0.00154493 0)
(1.24378 -0.0014483 0)
(1.24381 -0.00135092 0)
(1.24384 -0.0012537 0)
(1.24386 -0.0011575 0)
(1.24387 -0.00106314 0)
(1.24388 -0.000971348 0)
(1.24389 -0.000882792 0)
(1.24389 -0.000798035 0)
(1.24389 -0.000717544 0)
(1.24388 -0.000641685 0)
(1.24388 -0.000570723 0)
(1.24387 -0.000504826 0)
(1.24386 -0.000444072 0)
(1.24385 -0.000388456 0)
(1.24385 -0.000337898 0)
(1.24384 -0.000292255 0)
(1.24383 -0.000251329 0)
(1.24382 -0.000214881 0)
(1.24381 -0.000182638 0)
(1.2438 -0.000154306 0)
(1.2438 -0.000129576 0)
(1.24379 -0.000108134 0)
(1.24378 -8.96651e-05 0)
(1.24378 -7.38633e-05 0)
(1.24377 -6.04347e-05 0)
(1.24377 -4.91008e-05 0)
(1.24377 -3.96005e-05 0)
(1.24376 -3.16924e-05 0)
(1.24376 -2.51561e-05 0)
(1.24376 -1.97934e-05 0)
(1.24376 -1.54278e-05 0)
(1.24375 -1.1902e-05 0)
(1.24375 -9.07745e-06 0)
(1.24375 -6.83364e-06 0)
(1.24375 -5.06769e-06 0)
(1.24375 -3.69278e-06 0)
(1.24375 -2.63468e-06 0)
(1.24375 -1.8296e-06 0)
(1.24375 -1.22459e-06 0)
(1.24375 -7.77411e-07 0)
(1.24375 -4.54038e-07 0)
(1.24375 -2.26283e-07 0)
(1.24375 -7.04964e-08 0)
(1.24375 3.24826e-08 0)
(1.24375 9.66037e-08 0)
(1.24375 1.31581e-07 0)
(1.24375 1.45534e-07 0)
(1.24375 1.45951e-07 0)
(1.24375 1.38588e-07 0)
(1.24375 1.26867e-07 0)
(1.24375 1.11688e-07 0)
(1.24375 9.43396e-08 0)
(1.24375 7.73688e-08 0)
(1.24375 6.30165e-08 0)
(1.24375 5.01001e-08 0)
(1.24375 3.7832e-08 0)
(1.24375 2.66909e-08 0)
(1.24375 1.79861e-08 0)
(1.24375 1.12424e-08 0)
(1.24375 6.1209e-09 0)
(1.24375 7.40857e-10 0)
(1.24375 -2.23771e-09 0)
(1.24375 -4.39647e-09 0)
(1.24375 -5.38981e-09 0)
(1.24375 -6.42206e-09 0)
(1.24375 -6.04446e-09 0)
(1.24375 -5.23655e-09 0)
(1.24375 -2.3141e-09 0)
(1.24375 -1.39794e-09 0)
(1.24375 3.87226e-09 0)
(1.24375 7.59427e-09 0)
(1.24375 1.38037e-08 0)
(1.24375 1.94608e-08 0)
(1.24375 3.83632e-08 0)
(1.24375 6.8714e-08 0)
(1.00003 -0.00179481 0)
(1.00075 -0.00533639 0)
(1.00209 -0.00874816 0)
(1.00408 -0.0119409 0)
(1.00667 -0.0148355 0)
(1.00976 -0.017377 0)
(1.01324 -0.0195394 0)
(1.01701 -0.0213221 0)
(1.02097 -0.0227424 0)
(1.02507 -0.0238289 0)
(1.02923 -0.024616 0)
(1.03342 -0.0251409 0)
(1.03759 -0.0254416 0)
(1.04172 -0.025555 0)
(1.04578 -0.0255152 0)
(1.04977 -0.0253526 0)
(1.05366 -0.0250935 0)
(1.05747 -0.0247604 0)
(1.06118 -0.0243722 0)
(1.0648 -0.0239445 0)
(1.06832 -0.02349 0)
(1.07175 -0.0230192 0)
(1.0751 -0.0225402 0)
(1.07836 -0.0220595 0)
(1.08154 -0.0215823 0)
(1.08465 -0.0211123 0)
(1.08768 -0.0206525 0)
(1.09064 -0.020205 0)
(1.09353 -0.0197713 0)
(1.09636 -0.0193523 0)
(1.09913 -0.0189487 0)
(1.10184 -0.0185606 0)
(1.10449 -0.0181881 0)
(1.10709 -0.0178311 0)
(1.10965 -0.0174891 0)
(1.11215 -0.0171619 0)
(1.11461 -0.0168488 0)
(1.11703 -0.0165493 0)
(1.11941 -0.0162629 0)
(1.12175 -0.0159888 0)
(1.12404 -0.0157266 0)
(1.12631 -0.0154755 0)
(1.12854 -0.015235 0)
(1.13073 -0.0150045 0)
(1.13289 -0.0147833 0)
(1.13502 -0.014571 0)
(1.13712 -0.0143669 0)
(1.13919 -0.0141706 0)
(1.14124 -0.0139816 0)
(1.14325 -0.0137994 0)
(1.14524 -0.0136235 0)
(1.1472 -0.0134535 0)
(1.14914 -0.0132891 0)
(1.15105 -0.0131297 0)
(1.15294 -0.0129751 0)
(1.1548 -0.012825 0)
(1.15664 -0.0126788 0)
(1.15846 -0.0125365 0)
(1.16025 -0.0123976 0)
(1.16202 -0.0122619 0)
(1.16377 -0.0121291 0)
(1.1655 -0.0119989 0)
(1.1672 -0.0118711 0)
(1.16889 -0.0117455 0)
(1.17055 -0.0116219 0)
(1.17219 -0.0114999 0)
(1.17381 -0.0113795 0)
(1.17541 -0.0112603 0)
(1.17699 -0.0111423 0)
(1.17854 -0.0110251 0)
(1.18008 -0.0109088 0)
(1.18159 -0.0107929 0)
(1.18309 -0.0106775 0)
(1.18456 -0.0105623 0)
(1.18601 -0.0104472 0)
(1.18745 -0.010332 0)
(1.18886 -0.0102165 0)
(1.19024 -0.0101007 0)
(1.19161 -0.0099843 0)
(1.19296 -0.00986729 0)
(1.19429 -0.0097495 0)
(1.19559 -0.00963081 0)
(1.19687 -0.00951112 0)
(1.19813 -0.00939031 0)
(1.19937 -0.00926831 0)
(1.20059 -0.00914503 0)
(1.20178 -0.00902039 0)
(1.20295 -0.00889435 0)
(1.2041 -0.00876685 0)
(1.20522 -0.00863788 0)
(1.20633 -0.00850741 0)
(1.20741 -0.00837545 0)
(1.20846 -0.00824204 0)
(1.2095 -0.0081072 0)
(1.2105 -0.00797099 0)
(1.21149 -0.00783351 0)
(1.21245 -0.00769485 0)
(1.21339 -0.00755513 0)
(1.2143 -0.0074145 0)
(1.21519 -0.0072731 0)
(1.21606 -0.00713112 0)
(1.2169 -0.00698874 0)
(1.21771 -0.00684618 0)
(1.21851 -0.00670365 0)
(1.21928 -0.00656139 0)
(1.22002 -0.00641963 0)
(1.22075 -0.00627861 0)
(1.22145 -0.00613858 0)
(1.22212 -0.00599979 0)
(1.22278 -0.00586247 0)
(1.22341 -0.00572687 0)
(1.22402 -0.00559321 0)
(1.22461 -0.0054617 0)
(1.22518 -0.00533256 0)
(1.22573 -0.00520598 0)
(1.22627 -0.00508211 0)
(1.22678 -0.00496113 0)
(1.22727 -0.00484316 0)
(1.22775 -0.00472831 0)
(1.22821 -0.00461669 0)
(1.22865 -0.00450837 0)
(1.22908 -0.0044034 0)
(1.22949 -0.00430182 0)
(1.22989 -0.00420365 0)
(1.23027 -0.00410888 0)
(1.23065 -0.00401751 0)
(1.231 -0.00392951 0)
(1.23135 -0.00384484 0)
(1.23169 -0.00376345 0)
(1.23201 -0.0036853 0)
(1.23232 -0.00361033 0)
(1.23263 -0.00353848 0)
(1.23292 -0.0034697 0)
(1.23321 -0.00340395 0)
(1.23349 -0.00334118 0)
(1.23376 -0.00328136 0)
(1.23402 -0.00322449 0)
(1.23427 -0.00317055 0)
(1.23452 -0.00311956 0)
(1.23476 -0.00307153 0)
(1.235 -0.00302649 0)
(1.23522 -0.00298448 0)
(1.23545 -0.00294553 0)
(1.23566 -0.00290965 0)
(1.23587 -0.00287684 0)
(1.23608 -0.00284709 0)
(1.23628 -0.00282031 0)
(1.23647 -0.00279639 0)
(1.23666 -0.00277515 0)
(1.23684 -0.00275633 0)
(1.23701 -0.00273959 0)
(1.23718 -0.00272454 0)
(1.23734 -0.00271066 0)
(1.23749 -0.00269738 0)
(1.23764 -0.00268406 0)
(1.23777 -0.00266997 0)
(1.2379 -0.00265438 0)
(1.23802 -0.00263649 0)
(1.23812 -0.00261553 0)
(1.23822 -0.00259074 0)
(1.23831 -0.00256141 0)
(1.23838 -0.00252689 0)
(1.23844 -0.00248665 0)
(1.2385 -0.00244025 0)
(1.23854 -0.0023874 0)
(1.23857 -0.00232796 0)
(1.23859 -0.00226194 0)
(1.2386 -0.00218949 0)
(1.2386 -0.00211093 0)
(1.23859 -0.00202673 0)
(1.23858 -0.00193747 0)
(1.23855 -0.00184386 0)
(1.23852 -0.00174669 0)
(1.23849 -0.00164683 0)
(1.23844 -0.00154518 0)
(1.2384 -0.00144267 0)
(1.23835 -0.00134022 0)
(1.2383 -0.00123873 0)
(1.23825 -0.00113903 0)
(1.2382 -0.0010419 0)
(1.23815 -0.000948048 0)
(1.2381 -0.000858066 0)
(1.23805 -0.000772462 0)
(1.238 -0.000691639 0)
(1.23796 -0.000615896 0)
(1.23791 -0.000545432 0)
(1.23787 -0.000480348 0)
(1.23784 -0.000420662 0)
(1.2378 -0.000366308 0)
(1.23777 -0.000317153 0)
(1.23774 -0.000273004 0)
(1.23771 -0.000233621 0)
(1.23769 -0.000198728 0)
(1.23767 -0.000168021 0)
(1.23765 -0.00014118 0)
(1.23763 -0.000117876 0)
(1.23762 -9.77795e-05 0)
(1.23761 -8.05657e-05 0)
(1.2376 -6.59227e-05 0)
(1.23759 -5.35531e-05 0)
(1.23758 -4.31769e-05 0)
(1.23757 -3.45344e-05 0)
(1.23757 -2.73885e-05 0)
(1.23756 -2.15249e-05 0)
(1.23756 -1.67514e-05 0)
(1.23756 -1.2897e-05 0)
(1.23755 -9.81069e-06 0)
(1.23755 -7.36116e-06 0)
(1.23755 -5.43607e-06 0)
(1.23755 -3.93975e-06 0)
(1.23755 -2.79042e-06 0)
(1.23755 -1.91851e-06 0)
(1.23754 -1.26597e-06 0)
(1.23754 -7.86036e-07 0)
(1.23754 -4.41396e-07 0)
(1.23754 -2.00876e-07 0)
(1.23754 -3.80581e-08 0)
(1.23754 6.77664e-08 0)
(1.23754 1.31293e-07 0)
(1.23754 1.63318e-07 0)
(1.23754 1.73423e-07 0)
(1.23754 1.70183e-07 0)
(1.23754 1.59438e-07 0)
(1.23754 1.43294e-07 0)
(1.23754 1.23417e-07 0)
(1.23754 1.02791e-07 0)
(1.23754 8.37767e-08 0)
(1.23754 6.69223e-08 0)
(1.23754 5.18175e-08 0)
(1.23754 3.70207e-08 0)
(1.23754 2.48122e-08 0)
(1.23754 1.5677e-08 0)
(1.23754 8.23179e-09 0)
(1.23754 1.42739e-09 0)
(1.23754 -3.05563e-09 0)
(1.23754 -7.20854e-09 0)
(1.23754 -9.33352e-09 0)
(1.23754 -1.05741e-08 0)
(1.23754 -1.1588e-08 0)
(1.23754 -1.24218e-08 0)
(1.23754 -1.02564e-08 0)
(1.23754 -9.73485e-09 0)
(1.23754 -6.38284e-09 0)
(1.23754 -5.0405e-09 0)
(1.23754 4.25349e-10 0)
(1.23754 4.83499e-09 0)
(1.23754 1.1461e-08 0)
(1.23754 1.68681e-08 0)
(1.23754 4.02995e-08 0)
(1.23754 7.94973e-08 0)
(1.00004 -0.00217946 0)
(1.00087 -0.00647447 0)
(1.00243 -0.0105969 0)
(1.00474 -0.0144287 0)
(1.00772 -0.0178676 0)
(1.01125 -0.020847 0)
(1.01518 -0.0233417 0)
(1.01939 -0.0253609 0)
(1.02378 -0.0269353 0)
(1.02825 -0.0281073 0)
(1.03276 -0.0289241 0)
(1.03725 -0.0294353 0)
(1.04168 -0.0296899 0)
(1.04603 -0.0297343 0)
(1.05027 -0.0296101 0)
(1.05441 -0.0293536 0)
(1.05844 -0.0289955 0)
(1.06235 -0.0285613 0)
(1.06615 -0.0280722 0)
(1.06984 -0.0275453 0)
(1.07343 -0.0269946 0)
(1.07692 -0.0264309 0)
(1.08031 -0.0258628 0)
(1.08361 -0.0252971 0)
(1.08683 -0.0247388 0)
(1.08997 -0.0241918 0)
(1.09303 -0.0236588 0)
(1.09601 -0.0231418 0)
(1.09893 -0.0226421 0)
(1.10178 -0.0221606 0)
(1.10458 -0.0216975 0)
(1.10731 -0.021253 0)
(1.10999 -0.0208269 0)
(1.11261 -0.0204187 0)
(1.11518 -0.0200281 0)
(1.11771 -0.0196545 0)
(1.12019 -0.0192971 0)
(1.12262 -0.0189552 0)
(1.12501 -0.0186282 0)
(1.12736 -0.0183152 0)
(1.12968 -0.0180156 0)
(1.13195 -0.0177286 0)
(1.13419 -0.0174534 0)
(1.13639 -0.0171893 0)
(1.13855 -0.0169358 0)
(1.14069 -0.0166921 0)
(1.14279 -0.0164575 0)
(1.14485 -0.0162316 0)
(1.14689 -0.0160138 0)
(1.1489 -0.0158034 0)
(1.15087 -0.0156001 0)
(1.15282 -0.0154032 0)
(1.15473 -0.0152124 0)
(1.15662 -0.0150271 0)
(1.15848 -0.0148471 0)
(1.16032 -0.0146719 0)
(1.16212 -0.0145011 0)
(1.1639 -0.0143344 0)
(1.16565 -0.0141714 0)
(1.16738 -0.0140119 0)
(1.16908 -0.0138555 0)
(1.17075 -0.013702 0)
(1.1724 -0.013551 0)
(1.17402 -0.0134024 0)
(1.17561 -0.0132558 0)
(1.17719 -0.0131111 0)
(1.17873 -0.0129679 0)
(1.18025 -0.0128262 0)
(1.18175 -0.0126856 0)
(1.18322 -0.0125459 0)
(1.18467 -0.0124071 0)
(1.18609 -0.0122688 0)
(1.18748 -0.0121309 0)
(1.18886 -0.0119933 0)
(1.1902 -0.0118556 0)
(1.19153 -0.0117179 0)
(1.19283 -0.0115798 0)
(1.1941 -0.0114413 0)
(1.19535 -0.0113023 0)
(1.19658 -0.0111624 0)
(1.19778 -0.0110217 0)
(1.19895 -0.0108801 0)
(1.20011 -0.0107372 0)
(1.20123 -0.0105932 0)
(1.20234 -0.0104478 0)
(1.20342 -0.0103011 0)
(1.20447 -0.0101528 0)
(1.2055 -0.010003 0)
(1.2065 -0.0098516 0)
(1.20748 -0.00969858 0)
(1.20843 -0.00954395 0)
(1.20936 -0.00938771 0)
(1.21027 -0.00922989 0)
(1.21115 -0.00907054 0)
(1.212 -0.00890975 0)
(1.21283 -0.00874761 0)
(1.21363 -0.00858424 0)
(1.21441 -0.0084198 0)
(1.21517 -0.00825444 0)
(1.2159 -0.00808836 0)
(1.2166 -0.00792177 0)
(1.21728 -0.00775489 0)
(1.21794 -0.00758798 0)
(1.21857 -0.00742128 0)
(1.21917 -0.00725507 0)
(1.21976 -0.00708963 0)
(1.22032 -0.00692525 0)
(1.22086 -0.00676222 0)
(1.22137 -0.00660081 0)
(1.22187 -0.00644132 0)
(1.22234 -0.00628401 0)
(1.22279 -0.00612916 0)
(1.22323 -0.00597701 0)
(1.22364 -0.0058278 0)
(1.22403 -0.00568174 0)
(1.22441 -0.00553903 0)
(1.22477 -0.00539984 0)
(1.22511 -0.00526432 0)
(1.22543 -0.0051326 0)
(1.22574 -0.00500477 0)
(1.22604 -0.00488091 0)
(1.22632 -0.00476108 0)
(1.22659 -0.0046453 0)
(1.22684 -0.00453359 0)
(1.22708 -0.00442592 0)
(1.22732 -0.00432228 0)
(1.22754 -0.00422261 0)
(1.22775 -0.00412686 0)
(1.22795 -0.00403497 0)
(1.22814 -0.00394684 0)
(1.22833 -0.00386242 0)
(1.2285 -0.00378161 0)
(1.22867 -0.00370433 0)
(1.22883 -0.00363052 0)
(1.22899 -0.00356009 0)
(1.22914 -0.003493 0)
(1.22928 -0.00342919 0)
(1.22941 -0.00336862 0)
(1.22954 -0.00331127 0)
(1.22967 -0.00325712 0)
(1.22979 -0.00320615 0)
(1.22991 -0.00315834 0)
(1.23001 -0.00311368 0)
(1.23012 -0.00307214 0)
(1.23022 -0.00303364 0)
(1.23031 -0.00299811 0)
(1.2304 -0.0029654 0)
(1.23048 -0.00293533 0)
(1.23056 -0.00290766 0)
(1.23063 -0.00288207 0)
(1.23069 -0.00285817 0)
(1.23075 -0.00283551 0)
(1.23079 -0.00281355 0)
(1.23083 -0.00279168 0)
(1.23086 -0.00276927 0)
(1.23088 -0.0027456 0)
(1.23089 -0.00271995 0)
(1.23089 -0.00269159 0)
(1.23088 -0.00265982 0)
(1.23086 -0.00262396 0)
(1.23083 -0.00258339 0)
(1.23078 -0.0025376 0)
(1.23073 -0.00248616 0)
(1.23066 -0.00242879 0)
(1.23059 -0.00236532 0)
(1.2305 -0.00229575 0)
(1.23041 -0.0022202 0)
(1.23031 -0.00213895 0)
(1.2302 -0.00205242 0)
(1.23009 -0.00196117 0)
(1.22998 -0.00186584 0)
(1.22986 -0.00176718 0)
(1.22973 -0.00166602 0)
(1.22961 -0.00156322 0)
(1.22949 -0.00145967 0)
(1.22937 -0.00135626 0)
(1.22925 -0.00125385 0)
(1.22913 -0.00115326 0)
(1.22902 -0.00105526 0)
(1.22891 -0.000960535 0)
(1.22881 -0.00086968 0)
(1.22872 -0.000783199 0)
(1.22863 -0.000701497 0)
(1.22854 -0.000624879 0)
(1.22846 -0.000553547 0)
(1.22839 -0.000487614 0)
(1.22832 -0.000427102 0)
(1.22826 -0.000371956 0)
(1.22821 -0.000322048 0)
(1.22816 -0.000277193 0)
(1.22812 -0.000237156 0)
(1.22808 -0.000201663 0)
(1.22805 -0.000170414 0)
(1.22802 -0.00014309 0)
(1.22799 -0.00011936 0)
(1.22797 -9.88947e-05 0)
(1.22795 -8.13658e-05 0)
(1.22793 -6.6458e-05 0)
(1.22792 -5.38701e-05 0)
(1.22791 -4.33181e-05 0)
(1.2279 -3.45372e-05 0)
(1.22789 -2.72858e-05 0)
(1.22788 -2.13451e-05 0)
(1.22787 -1.65186e-05 0)
(1.22787 -1.26311e-05 0)
(1.22787 -9.52744e-06 0)
(1.22786 -7.07345e-06 0)
(1.22786 -5.1539e-06 0)
(1.22786 -3.67054e-06 0)
(1.22786 -2.53905e-06 0)
(1.22786 -1.68756e-06 0)
(1.22786 -1.05732e-06 0)
(1.22785 -6.00936e-07 0)
(1.22785 -2.79665e-07 0)
(1.22785 -6.10107e-08 0)
(1.22785 8.16683e-08 0)
(1.22785 1.68718e-07 0)
(1.22785 2.14899e-07 0)
(1.22785 2.31506e-07 0)
(1.22785 2.28635e-07 0)
(1.22785 2.14505e-07 0)
(1.22785 1.93761e-07 0)
(1.22785 1.69078e-07 0)
(1.22785 1.42352e-07 0)
(1.22785 1.16406e-07 0)
(1.22785 9.35232e-08 0)
(1.22785 7.27824e-08 0)
(1.22785 5.35146e-08 0)
(1.22785 3.7474e-08 0)
(1.22785 2.41129e-08 0)
(1.22785 1.37211e-08 0)
(1.22785 4.79744e-09 0)
(1.22785 -2.4261e-09 0)
(1.22785 -8.03427e-09 0)
(1.22785 -1.11851e-08 0)
(1.22785 -1.3884e-08 0)
(1.22785 -1.6278e-08 0)
(1.22785 -1.75413e-08 0)
(1.22785 -1.62307e-08 0)
(1.22785 -1.69257e-08 0)
(1.22785 -1.53502e-08 0)
(1.22785 -1.49824e-08 0)
(1.22785 -1.0687e-08 0)
(1.22785 -8.68431e-09 0)
(1.22785 -3.82287e-09 0)
(1.22785 5.80168e-10 0)
(1.22785 8.54494e-09 0)
(1.22785 1.3079e-08 0)
(1.22785 3.99514e-08 0)
(1.22785 8.72137e-08 0)
(1.00005 -0.00263397 0)
(1.00103 -0.0078161 0)
(1.00288 -0.0127667 0)
(1.00561 -0.0173284 0)
(1.00911 -0.021369 0)
(1.01321 -0.0248104 0)
(1.01772 -0.0276342 0)
(1.02248 -0.0298675 0)
(1.02737 -0.0315612 0)
(1.03231 -0.0327764 0)
(1.03723 -0.0335772 0)
(1.04207 -0.0340288 0)
(1.0468 -0.0341939 0)
(1.0514 -0.0341299 0)
(1.05586 -0.0338868 0)
(1.06018 -0.0335067 0)
(1.06435 -0.0330244 0)
(1.06839 -0.0324683 0)
(1.07229 -0.0318613 0)
(1.07607 -0.0312215 0)
(1.07974 -0.0305634 0)
(1.08329 -0.0298981 0)
(1.08674 -0.0292341 0)
(1.0901 -0.0285779 0)
(1.09336 -0.0279343 0)
(1.09654 -0.0273069 0)
(1.09963 -0.0266981 0)
(1.10265 -0.0261095 0)
(1.1056 -0.0255422 0)
(1.10849 -0.0249965 0)
(1.1113 -0.0244726 0)
(1.11406 -0.0239703 0)
(1.11676 -0.0234891 0)
(1.1194 -0.0230285 0)
(1.12199 -0.0225877 0)
(1.12452 -0.0221659 0)
(1.12701 -0.0217623 0)
(1.12944 -0.021376 0)
(1.13184 -0.0210061 0)
(1.13418 -0.0206518 0)
(1.13648 -0.020312 0)
(1.13874 -0.019986 0)
(1.14095 -0.019673 0)
(1.14313 -0.0193721 0)
(1.14526 -0.0190826 0)
(1.14736 -0.0188038 0)
(1.14942 -0.0185349 0)
(1.15143 -0.0182753 0)
(1.15341 -0.0180243 0)
(1.15536 -0.0177814 0)
(1.15726 -0.017546 0)
(1.15914 -0.0173176 0)
(1.16097 -0.0170957 0)
(1.16277 -0.0168798 0)
(1.16454 -0.0166694 0)
(1.16627 -0.0164642 0)
(1.16797 -0.0162637 0)
(1.16964 -0.0160676 0)
(1.17127 -0.0158755 0)
(1.17287 -0.0156872 0)
(1.17444 -0.0155021 0)
(1.17597 -0.0153202 0)
(1.17748 -0.015141 0)
(1.17895 -0.0149644 0)
(1.18039 -0.01479 0)
(1.1818 -0.0146176 0)
(1.18318 -0.014447 0)
(1.18453 -0.0142779 0)
(1.18585 -0.0141102 0)
(1.18714 -0.0139435 0)
(1.1884 -0.0137777 0)
(1.18963 -0.0136127 0)
(1.19084 -0.0134481 0)
(1.19201 -0.0132839 0)
(1.19316 -0.0131197 0)
(1.19427 -0.0129556 0)
(1.19536 -0.0127913 0)
(1.19642 -0.0126265 0)
(1.19746 -0.0124613 0)
(1.19846 -0.0122954 0)
(1.19944 -0.0121286 0)
(1.20039 -0.0119609 0)
(1.20132 -0.0117921 0)
(1.20222 -0.0116222 0)
(1.20309 -0.0114509 0)
(1.20393 -0.0112782 0)
(1.20475 -0.0111041 0)
(1.20555 -0.0109285 0)
(1.20631 -0.0107513 0)
(1.20705 -0.0105725 0)
(1.20777 -0.0103921 0)
(1.20846 -0.0102101 0)
(1.20912 -0.0100266 0)
(1.20976 -0.00984165 0)
(1.21038 -0.00965531 0)
(1.21096 -0.00946771 0)
(1.21153 -0.009279 0)
(1.21207 -0.00908935 0)
(1.21258 -0.00889894 0)
(1.21307 -0.00870801 0)
(1.21354 -0.00851678 0)
(1.21399 -0.00832554 0)
(1.21441 -0.00813454 0)
(1.21481 -0.0079441 0)
(1.21518 -0.00775453 0)
(1.21554 -0.00756614 0)
(1.21587 -0.00737926 0)
(1.21619 -0.00719422 0)
(1.21648 -0.00701134 0)
(1.21675 -0.00683094 0)
(1.21701 -0.00665334 0)
(1.21724 -0.00647882 0)
(1.21746 -0.00630767 0)
(1.21767 -0.00614014 0)
(1.21785 -0.00597647 0)
(1.21802 -0.00581687 0)
(1.21818 -0.00566153 0)
(1.21833 -0.0055106 0)
(1.21846 -0.00536421 0)
(1.21857 -0.00522245 0)
(1.21868 -0.0050854 0)
(1.21878 -0.00495309 0)
(1.21886 -0.00482554 0)
(1.21894 -0.00470274 0)
(1.21901 -0.00458465 0)
(1.21907 -0.00447123 0)
(1.21912 -0.00436239 0)
(1.21917 -0.00425805 0)
(1.21921 -0.0041581 0)
(1.21924 -0.00406245 0)
(1.21927 -0.00397097 0)
(1.2193 -0.00388354 0)
(1.21931 -0.00380006 0)
(1.21933 -0.0037204 0)
(1.21934 -0.00364446 0)
(1.21935 -0.00357214 0)
(1.21935 -0.00350335 0)
(1.21935 -0.00343799 0)
(1.21934 -0.003376 0)
(1.21934 -0.00331731 0)
(1.21933 -0.00326184 0)
(1.21931 -0.00320952 0)
(1.21929 -0.00316027 0)
(1.21927 -0.00311399 0)
(1.21925 -0.00307056 0)
(1.21921 -0.00302981 0)
(1.21918 -0.00299155 0)
(1.21914 -0.00295554 0)
(1.21909 -0.00292147 0)
(1.21904 -0.00288899 0)
(1.21898 -0.00285767 0)
(1.21891 -0.00282703 0)
(1.21884 -0.00279654 0)
(1.21876 -0.00276562 0)
(1.21866 -0.00273365 0)
(1.21856 -0.00269998 0)
(1.21845 -0.00266399 0)
(1.21833 -0.00262503 0)
(1.2182 -0.00258253 0)
(1.21806 -0.00253593 0)
(1.21791 -0.00248479 0)
(1.21775 -0.00242873 0)
(1.21758 -0.00236749 0)
(1.21741 -0.00230094 0)
(1.21722 -0.00222907 0)
(1.21703 -0.00215201 0)
(1.21684 -0.00207001 0)
(1.21664 -0.00198344 0)
(1.21644 -0.00189282 0)
(1.21624 -0.00179872 0)
(1.21604 -0.00170184 0)
(1.21584 -0.00160292 0)
(1.21565 -0.00150275 0)
(1.21546 -0.00140215 0)
(1.21527 -0.00130192 0)
(1.21509 -0.00120286 0)
(1.21492 -0.00110573 0)
(1.21475 -0.00101122 0)
(1.2146 -0.000919965 0)
(1.21445 -0.000832516 0)
(1.21431 -0.000749336 0)
(1.21419 -0.000670798 0)
(1.21407 -0.000597181 0)
(1.21396 -0.000528671 0)
(1.21386 -0.000465368 0)
(1.21377 -0.000407288 0)
(1.21369 -0.000354375 0)
(1.21362 -0.000306504 0)
(1.21355 -0.000263495 0)
(1.2135 -0.000225122 0)
(1.21345 -0.000191122 0)
(1.2134 -0.000161206 0)
(1.21336 -0.000135066 0)
(1.21333 -0.000112386 0)
(1.2133 -9.28459e-05 0)
(1.21328 -7.61316e-05 0)
(1.21326 -6.19388e-05 0)
(1.21324 -4.99764e-05 0)
(1.21322 -3.99703e-05 0)
(1.21321 -3.16654e-05 0)
(1.2132 -2.4828e-05 0)
(1.21319 -1.92469e-05 0)
(1.21318 -1.4732e-05 0)
(1.21318 -1.11136e-05 0)
(1.21317 -8.24232e-06 0)
(1.21317 -5.98859e-06 0)
(1.21317 -4.2415e-06 0)
(1.21317 -2.90587e-06 0)
(1.21316 -1.90054e-06 0)
(1.21316 -1.15688e-06 0)
(1.21316 -6.18441e-07 0)
(1.21316 -2.39684e-07 0)
(1.21316 1.60087e-08 0)
(1.21316 1.7962e-07 0)
(1.21316 2.76384e-07 0)
(1.21316 3.24883e-07 0)
(1.21316 3.38602e-07 0)
(1.21316 3.28689e-07 0)
(1.21316 3.04618e-07 0)
(1.21316 2.73387e-07 0)
(1.21316 2.38501e-07 0)
(1.21316 2.01556e-07 0)
(1.21316 1.65642e-07 0)
(1.21316 1.3319e-07 0)
(1.21316 1.04685e-07 0)
(1.21316 7.94083e-08 0)
(1.21316 5.69321e-08 0)
(1.21316 3.80851e-08 0)
(1.21316 2.35005e-08 0)
(1.21316 1.14806e-08 0)
(1.21316 2.12005e-09 0)
(1.21316 -5.90865e-09 0)
(1.21316 -1.186e-08 0)
(1.21316 -1.55565e-08 0)
(1.21316 -1.84303e-08 0)
(1.21316 -2.06831e-08 0)
(1.21316 -2.08936e-08 0)
(1.21316 -2.20599e-08 0)
(1.21316 -2.09985e-08 0)
(1.21316 -2.11165e-08 0)
(1.21316 -1.89342e-08 0)
(1.21316 -1.85142e-08 0)
(1.21316 -1.51472e-08 0)
(1.21316 -1.30883e-08 0)
(1.21316 -7.66609e-09 0)
(1.21316 -5.04941e-09 0)
(1.21316 2.9992e-09 0)
(1.21316 7.08508e-09 0)
(1.21316 3.49387e-08 0)
(1.21316 8.7487e-08 0)
(1.00006 -0.00318316 0)
(1.00125 -0.00943241 0)
(1.00349 -0.0153662 0)
(1.00678 -0.0207722 0)
(1.01097 -0.0254795 0)
(1.01581 -0.0294017 0)
(1.02105 -0.0325395 0)
(1.0265 -0.0349497 0)
(1.03201 -0.0367124 0)
(1.0375 -0.037913 0)
(1.0429 -0.0386376 0)
(1.04815 -0.0389711 0)
(1.05323 -0.038993 0)
(1.05812 -0.0387734 0)
(1.06282 -0.038371 0)
(1.06734 -0.0378335 0)
(1.07168 -0.0371991 0)
(1.07586 -0.0364983 0)
(1.07989 -0.035755 0)
(1.08378 -0.0349876 0)
(1.08753 -0.0342103 0)
(1.09116 -0.0334338 0)
(1.09468 -0.0326661 0)
(1.09809 -0.0319131 0)
(1.10141 -0.0311788 0)
(1.10463 -0.0304663 0)
(1.10776 -0.0297773 0)
(1.11081 -0.0291131 0)
(1.11378 -0.028474 0)
(1.11668 -0.0278602 0)
(1.1195 -0.0272714 0)
(1.12226 -0.0267069 0)
(1.12495 -0.0261661 0)
(1.12757 -0.0256481 0)
(1.13013 -0.0251519 0)
(1.13264 -0.0246765 0)
(1.13508 -0.0242209 0)
(1.13746 -0.023784 0)
(1.13979 -0.0233648 0)
(1.14206 -0.0229623 0)
(1.14427 -0.0225754 0)
(1.14644 -0.0222033 0)
(1.14855 -0.0218451 0)
(1.15061 -0.0214997 0)
(1.15261 -0.0211665 0)
(1.15457 -0.0208447 0)
(1.15648 -0.0205334 0)
(1.15834 -0.020232 0)
(1.16015 -0.0199398 0)
(1.16192 -0.0196563 0)
(1.16364 -0.0193807 0)
(1.16531 -0.0191127 0)
(1.16694 -0.0188515 0)
(1.16853 -0.0185969 0)
(1.17007 -0.0183483 0)
(1.17157 -0.0181053 0)
(1.17302 -0.0178674 0)
(1.17443 -0.0176344 0)
(1.17581 -0.0174058 0)
(1.17714 -0.0171813 0)
(1.17843 -0.0169606 0)
(1.17969 -0.0167434 0)
(1.1809 -0.0165294 0)
(1.18208 -0.0163183 0)
(1.18322 -0.0161099 0)
(1.18433 -0.0159038 0)
(1.1854 -0.0157 0)
(1.18643 -0.015498 0)
(1.18743 -0.0152978 0)
(1.18839 -0.015099 0)
(1.18933 -0.0149016 0)
(1.19022 -0.0147052 0)
(1.19109 -0.0145096 0)
(1.19193 -0.0143148 0)
(1.19273 -0.0141204 0)
(1.1935 -0.0139264 0)
(1.19424 -0.0137324 0)
(1.19496 -0.0135385 0)
(1.19564 -0.0133443 0)
(1.1963 -0.0131498 0)
(1.19692 -0.0129548 0)
(1.19752 -0.0127591 0)
(1.19809 -0.0125626 0)
(1.19864 -0.0123652 0)
(1.19916 -0.0121668 0)
(1.19965 -0.0119673 0)
(1.20012 -0.0117666 0)
(1.20056 -0.0115646 0)
(1.20098 -0.0113613 0)
(1.20137 -0.0111567 0)
(1.20174 -0.0109507 0)
(1.20209 -0.0107434 0)
(1.20241 -0.0105349 0)
(1.20271 -0.0103251 0)
(1.20299 -0.0101143 0)
(1.20324 -0.00990252 0)
(1.20348 -0.00968993 0)
(1.20369 -0.00947673 0)
(1.20388 -0.00926313 0)
(1.20405 -0.00904938 0)
(1.2042 -0.00883574 0)
(1.20433 -0.00862252 0)
(1.20445 -0.00841002 0)
(1.20454 -0.00819857 0)
(1.20462 -0.00798851 0)
(1.20468 -0.00778021 0)
(1.20472 -0.00757401 0)
(1.20475 -0.00737029 0)
(1.20477 -0.00716938 0)
(1.20476 -0.00697165 0)
(1.20475 -0.00677742 0)
(1.20472 -0.00658701 0)
(1.20468 -0.00640073 0)
(1.20463 -0.00621884 0)
(1.20457 -0.00604159 0)
(1.20449 -0.0058692 0)
(1.20441 -0.00570184 0)
(1.20432 -0.00553968 0)
(1.20423 -0.00538282 0)
(1.20412 -0.00523136 0)
(1.20401 -0.00508533 0)
(1.2039 -0.00494477 0)
(1.20378 -0.00480965 0)
(1.20365 -0.00467993 0)
(1.20352 -0.00455554 0)
(1.20339 -0.0044364 0)
(1.20326 -0.00432238 0)
(1.20312 -0.00421337 0)
(1.20298 -0.00410921 0)
(1.20284 -0.00400976 0)
(1.2027 -0.00391485 0)
(1.20256 -0.00382433 0)
(1.20242 -0.00373802 0)
(1.20227 -0.00365577 0)
(1.20213 -0.00357743 0)
(1.20198 -0.00350283 0)
(1.20184 -0.00343185 0)
(1.20169 -0.00336433 0)
(1.20155 -0.00330016 0)
(1.2014 -0.0032392 0)
(1.20125 -0.00318132 0)
(1.2011 -0.00312639 0)
(1.20095 -0.00307426 0)
(1.2008 -0.00302477 0)
(1.20065 -0.00297775 0)
(1.20049 -0.00293297 0)
(1.20033 -0.00289018 0)
(1.20016 -0.0028491 0)
(1.19999 -0.0028094 0)
(1.19982 -0.0027707 0)
(1.19964 -0.00273258 0)
(1.19945 -0.00269457 0)
(1.19925 -0.00265618 0)
(1.19905 -0.0026169 0)
(1.19885 -0.00257618 0)
(1.19863 -0.0025335 0)
(1.1984 -0.00248833 0)
(1.19817 -0.0024402 0)
(1.19793 -0.00238867 0)
(1.19769 -0.00233337 0)
(1.19743 -0.00227401 0)
(1.19718 -0.0022104 0)
(1.19691 -0.00214245 0)
(1.19664 -0.00207017 0)
(1.19637 -0.0019937 0)
(1.1961 -0.00191327 0)
(1.19583 -0.00182923 0)
(1.19556 -0.00174203 0)
(1.19529 -0.0016522 0)
(1.19503 -0.00156032 0)
(1.19477 -0.00146706 0)
(1.19452 -0.00137311 0)
(1.19427 -0.00127916 0)
(1.19404 -0.00118594 0)
(1.19381 -0.00109411 0)
(1.1936 -0.00100434 0)
(1.1934 -0.000917228 0)
(1.19321 -0.000833311 0)
(1.19303 -0.000753062 0)
(1.19287 -0.000676875 0)
(1.19271 -0.000605063 0)
(1.19257 -0.000537856 0)
(1.19245 -0.000475404 0)
(1.19233 -0.000417778 0)
(1.19223 -0.000364978 0)
(1.19213 -0.000316939 0)
(1.19205 -0.000273536 0)
(1.19197 -0.000234596 0)
(1.19191 -0.000199902 0)
(1.19185 -0.00016921 0)
(1.1918 -0.000142249 0)
(1.19176 -0.000118735 0)
(1.19172 -9.83738e-05 0)
(1.19169 -8.08718e-05 0)
(1.19166 -6.59392e-05 0)
(1.19164 -5.3296e-05 0)
(1.19162 -4.26755e-05 0)
(1.1916 -3.38257e-05 0)
(1.19159 -2.65127e-05 0)
(1.19158 -2.05225e-05 0)
(1.19157 -1.56621e-05 0)
(1.19156 -1.17582e-05 0)
(1.19155 -8.65547e-06 0)
(1.19155 -6.21758e-06 0)
(1.19155 -4.32687e-06 0)
(1.19154 -2.88303e-06 0)
(1.19154 -1.79972e-06 0)
(1.19154 -1.00311e-06 0)
(1.19154 -4.31521e-07 0)
(1.19154 -3.50567e-08 0)
(1.19153 2.26637e-07 0)
(1.19153 3.87219e-07 0)
(1.19153 4.73949e-07 0)
(1.19153 5.08301e-07 0)
(1.19153 5.0597e-07 0)
(1.19153 4.78659e-07 0)
(1.19153 4.363e-07 0)
(1.19153 3.86885e-07 0)
(1.19153 3.35172e-07 0)
(1.19153 2.83675e-07 0)
(1.19153 2.3436e-07 0)
(1.19153 1.89163e-07 0)
(1.19153 1.49431e-07 0)
(1.19153 1.1487e-07 0)
(1.19153 8.52104e-08 0)
(1.19153 6.00054e-08 0)
(1.19153 3.92677e-08 0)
(1.19153 2.27335e-08 0)
(1.19153 9.61005e-09 0)
(1.19153 -1.32703e-09 0)
(1.19153 -9.0891e-09 0)
(1.19153 -1.441e-08 0)
(1.19153 -1.90982e-08 0)
(1.19153 -2.24845e-08 0)
(1.19153 -2.36517e-08 0)
(1.19153 -2.49322e-08 0)
(1.19153 -2.45816e-08 0)
(1.19153 -2.52144e-08 0)
(1.19153 -2.41096e-08 0)
(1.19153 -2.39104e-08 0)
(1.19153 -2.17371e-08 0)
(1.19153 -2.09879e-08 0)
(1.19153 -1.83167e-08 0)
(1.19153 -1.775e-08 0)
(1.19153 -1.19763e-08 0)
(1.19153 -1.03987e-08 0)
(1.19153 -4.35825e-09 0)
(1.19153 -1.03276e-09 0)
(1.19153 2.70953e-08 0)
(1.19153 7.81846e-08 0)
(1.00007 -0.00386314 0)
(1.00156 -0.0114259 0)
(1.00434 -0.0185491 0)
(1.00839 -0.0249407 0)
(1.0135 -0.0303818 0)
(1.0193 -0.0347901 0)
(1.02546 -0.0382068 0)
(1.03176 -0.0407363 0)
(1.03803 -0.0424969 0)
(1.04418 -0.043605 0)
(1.05014 -0.0441752 0)
(1.05587 -0.0443175 0)
(1.06135 -0.0441316 0)
(1.06657 -0.0437011 0)
(1.07155 -0.0430929 0)
(1.07629 -0.0423596 0)
(1.08083 -0.0415419 0)
(1.08517 -0.040671 0)
(1.08933 -0.0397706 0)
(1.09332 -0.0388585 0)
(1.09717 -0.0379476 0)
(1.10087 -0.0370475 0)
(1.10445 -0.036165 0)
(1.1079 -0.0353047 0)
(1.11124 -0.0344698 0)
(1.11447 -0.0336623 0)
(1.11759 -0.0328834 0)
(1.12062 -0.0321334 0)
(1.12355 -0.0314123 0)
(1.12638 -0.0307197 0)
(1.12913 -0.0300547 0)
(1.13179 -0.0294166 0)
(1.13437 -0.0288042 0)
(1.13686 -0.0282164 0)
(1.13927 -0.0276522 0)
(1.1416 -0.0271102 0)
(1.14385 -0.0265894 0)
(1.14603 -0.0260885 0)
(1.14814 -0.0256065 0)
(1.15017 -0.0251422 0)
(1.15212 -0.0246946 0)
(1.15401 -0.0242627 0)
(1.15583 -0.0238456 0)
(1.15758 -0.0234424 0)
(1.15927 -0.0230522 0)
(1.16089 -0.0226742 0)
(1.16245 -0.0223076 0)
(1.16394 -0.0219519 0)
(1.16537 -0.0216062 0)
(1.16675 -0.02127 0)
(1.16806 -0.0209427 0)
(1.16932 -0.0206237 0)
(1.17053 -0.0203126 0)
(1.17168 -0.0200088 0)
(1.17277 -0.019712 0)
(1.17382 -0.0194215 0)
(1.17481 -0.0191372 0)
(1.17576 -0.0188585 0)
(1.17666 -0.0185852 0)
(1.17751 -0.0183169 0)
(1.17831 -0.0180532 0)
(1.17908 -0.0177938 0)
(1.1798 -0.0175386 0)
(1.18047 -0.0172871 0)
(1.18111 -0.0170391 0)
(1.18171 -0.0167944 0)
(1.18227 -0.0165526 0)
(1.18279 -0.0163136 0)
(1.18328 -0.0160772 0)
(1.18373 -0.015843 0)
(1.18415 -0.0156108 0)
(1.18454 -0.0153806 0)
(1.18489 -0.0151519 0)
(1.18521 -0.0149247 0)
(1.1855 -0.0146987 0)
(1.18577 -0.0144737 0)
(1.186 -0.0142496 0)
(1.18621 -0.0140261 0)
(1.18639 -0.0138031 0)
(1.18655 -0.0135803 0)
(1.18668 -0.0133577 0)
(1.18678 -0.0131351 0)
(1.18687 -0.0129122 0)
(1.18693 -0.0126891 0)
(1.18696 -0.0124655 0)
(1.18698 -0.0122413 0)
(1.18698 -0.0120165 0)
(1.18695 -0.011791 0)
(1.18691 -0.0115647 0)
(1.18685 -0.0113376 0)
(1.18677 -0.0111096 0)
(1.18667 -0.0108808 0)
(1.18656 -0.0106513 0)
(1.18643 -0.0104211 0)
(1.18628 -0.0101902 0)
(1.18612 -0.00995893 0)
(1.18594 -0.00972735 0)
(1.18575 -0.00949568 0)
(1.18555 -0.00926415 0)
(1.18533 -0.00903301 0)
(1.1851 -0.00880255 0)
(1.18486 -0.00857309 0)
(1.18461 -0.00834495 0)
(1.18435 -0.00811849 0)
(1.18408 -0.00789408 0)
(1.18379 -0.00767208 0)
(1.18351 -0.00745288 0)
(1.18321 -0.00723687 0)
(1.1829 -0.0070244 0)
(1.18259 -0.00681586 0)
(1.18228 -0.00661157 0)
(1.18195 -0.00641188 0)
(1.18163 -0.00621708 0)
(1.1813 -0.00602744 0)
(1.18097 -0.00584321 0)
(1.18063 -0.0056646 0)
(1.1803 -0.00549177 0)
(1.17996 -0.00532486 0)
(1.17963 -0.00516395 0)
(1.17929 -0.00500911 0)
(1.17895 -0.00486035 0)
(1.17862 -0.00471765 0)
(1.17829 -0.00458095 0)
(1.17796 -0.00445018 0)
(1.17763 -0.00432522 0)
(1.17731 -0.00420592 0)
(1.17699 -0.00409213 0)
(1.17667 -0.00398367 0)
(1.17636 -0.00388035 0)
(1.17605 -0.00378195 0)
(1.17574 -0.00368828 0)
(1.17544 -0.00359911 0)
(1.17514 -0.00351423 0)
(1.17485 -0.00343343 0)
(1.17455 -0.0033565 0)
(1.17427 -0.00328324 0)
(1.17398 -0.00321346 0)
(1.1737 -0.00314697 0)
(1.17342 -0.00308358 0)
(1.17314 -0.00302311 0)
(1.17287 -0.00296537 0)
(1.17259 -0.0029102 0)
(1.17232 -0.00285738 0)
(1.17204 -0.00280671 0)
(1.17177 -0.00275797 0)
(1.1715 -0.0027109 0)
(1.17122 -0.00266525 0)
(1.17094 -0.0026207 0)
(1.17066 -0.00257694 0)
(1.17038 -0.00253359 0)
(1.17009 -0.00249029 0)
(1.1698 -0.00244663 0)
(1.1695 -0.0024022 0)
(1.1692 -0.00235657 0)
(1.16889 -0.00230934 0)
(1.16858 -0.00226011 0)
(1.16827 -0.00220853 0)
(1.16795 -0.00215426 0)
(1.16762 -0.00209705 0)
(1.1673 -0.00203671 0)
(1.16697 -0.00197311 0)
(1.16664 -0.00190621 0)
(1.16631 -0.00183607 0)
(1.16598 -0.00176283 0)
(1.16566 -0.00168672 0)
(1.16534 -0.00160805 0)
(1.16502 -0.0015272 0)
(1.16471 -0.00144463 0)
(1.1644 -0.00136084 0)
(1.16411 -0.00127639 0)
(1.16383 -0.00119184 0)
(1.16355 -0.00110777 0)
(1.16329 -0.00102476 0)
(1.16305 -0.000943367 0)
(1.16281 -0.000864125 0)
(1.16259 -0.000787512 0)
(1.16239 -0.000713961 0)
(1.1622 -0.000643841 0)
(1.16202 -0.000577461 0)
(1.16186 -0.000515058 0)
(1.16171 -0.000456802 0)
(1.16158 -0.000402795 0)
(1.16146 -0.000353074 0)
(1.16135 -0.000307617 0)
(1.16125 -0.000266349 0)
(1.16116 -0.000229145 0)
(1.16109 -0.000195839 0)
(1.16102 -0.000166234 0)
(1.16096 -0.000140107 0)
(1.16091 -0.000117215 0)
(1.16087 -9.73045e-05 0)
(1.16083 -8.01164e-05 0)
(1.1608 -6.53909e-05 0)
(1.16077 -5.28742e-05 0)
(1.16075 -4.2321e-05 0)
(1.16073 -3.34982e-05 0)
(1.16071 -2.61864e-05 0)
(1.1607 -2.01826e-05 0)
(1.16069 -1.53011e-05 0)
(1.16068 -1.13745e-05 0)
(1.16067 -8.2523e-06 0)
(1.16067 -5.80173e-06 0)
(1.16066 -3.90528e-06 0)
(1.16066 -2.46189e-06 0)
(1.16066 -1.38559e-06 0)
(1.16066 -6.02803e-07 0)
(1.16065 -5.08451e-08 0)
(1.16065 3.22311e-07 0)
(1.16065 5.58635e-07 0)
(1.16065 6.91741e-07 0)
(1.16065 7.4947e-07 0)
(1.16065 7.54441e-07 0)
(1.16065 7.23978e-07 0)
(1.16065 6.7036e-07 0)
(1.16065 6.02877e-07 0)
(1.16065 5.29489e-07 0)
(1.16065 4.56172e-07 0)
(1.16065 3.85926e-07 0)
(1.16065 3.19967e-07 0)
(1.16065 2.59588e-07 0)
(1.16065 2.06375e-07 0)
(1.16065 1.61029e-07 0)
(1.16065 1.22272e-07 0)
(1.16065 8.90072e-08 0)
(1.16065 6.14963e-08 0)
(1.16065 3.923e-08 0)
(1.16065 2.18219e-08 0)
(1.16065 7.90454e-09 0)
(1.16065 -3.171e-09 0)
(1.16065 -1.11704e-08 0)
(1.16065 -1.70602e-08 0)
(1.16065 -2.16295e-08 0)
(1.16065 -2.42263e-08 0)
(1.16065 -2.62609e-08 0)
(1.16065 -2.68602e-08 0)
(1.16065 -2.74797e-08 0)
(1.16065 -2.70188e-08 0)
(1.16065 -2.70291e-08 0)
(1.16065 -2.58138e-08 0)
(1.16065 -2.54867e-08 0)
(1.16065 -2.4082e-08 0)
(1.16065 -2.34591e-08 0)
(1.16065 -2.00405e-08 0)
(1.16065 -2.06891e-08 0)
(1.16065 -1.69061e-08 0)
(1.16065 -1.55582e-08 0)
(1.16065 -1.06306e-08 0)
(1.16065 -1.03403e-08 0)
(1.16065 1.55314e-08 0)
(1.16065 5.782e-08 0)
(1.00009 -0.00472857 0)
(1.00199 -0.0139505 0)
(1.00553 -0.0225409 0)
(1.01065 -0.030088 0)
(1.017 -0.0363197 0)
(1.02405 -0.041191 0)
(1.03139 -0.0448211 0)
(1.03873 -0.0473823 0)
(1.04591 -0.0490407 0)
(1.05286 -0.0499518 0)
(1.05949 -0.050267 0)
(1.06577 -0.0501282 0)
(1.0717 -0.0496573 0)
(1.07729 -0.0489511 0)
(1.08256 -0.0480833 0)
(1.08755 -0.0471094 0)
(1.09227 -0.0460706 0)
(1.09675 -0.0449975 0)
(1.10102 -0.0439122 0)
(1.10508 -0.04283 0)
(1.10895 -0.0417621 0)
(1.11265 -0.0407158 0)
(1.11618 -0.0396961 0)
(1.11956 -0.0387064 0)
(1.12279 -0.0377485 0)
(1.12587 -0.0368234 0)
(1.12881 -0.0359314 0)
(1.13162 -0.0350722 0)
(1.1343 -0.0342452 0)
(1.13685 -0.0334495 0)
(1.13928 -0.0326841 0)
(1.1416 -0.0319478 0)
(1.14379 -0.0312394 0)
(1.14587 -0.0305577 0)
(1.14784 -0.0299014 0)
(1.1497 -0.0292692 0)
(1.15146 -0.0286599 0)
(1.15312 -0.0280724 0)
(1.15468 -0.0275054 0)
(1.15614 -0.026958 0)
(1.15751 -0.026429 0)
(1.15879 -0.0259176 0)
(1.15998 -0.0254226 0)
(1.16109 -0.0249434 0)
(1.16211 -0.0244789 0)
(1.16306 -0.0240285 0)
(1.16393 -0.0235914 0)
(1.16472 -0.0231668 0)
(1.16545 -0.0227541 0)
(1.1661 -0.0223527 0)
(1.16669 -0.0219621 0)
(1.16722 -0.0215815 0)
(1.16769 -0.0212106 0)
(1.16809 -0.0208488 0)
(1.16845 -0.0204956 0)
(1.16874 -0.0201506 0)
(1.16899 -0.0198134 0)
(1.16918 -0.0194835 0)
(1.16933 -0.0191606 0)
(1.16943 -0.0188443 0)
(1.16949 -0.0185343 0)
(1.16951 -0.0182302 0)
(1.16948 -0.0179317 0)
(1.16942 -0.0176384 0)
(1.16932 -0.0173501 0)
(1.16919 -0.0170665 0)
(1.16902 -0.0167872 0)
(1.16883 -0.0165121 0)
(1.1686 -0.0162408 0)
(1.16834 -0.0159731 0)
(1.16806 -0.0157087 0)
(1.16775 -0.0154473 0)
(1.16741 -0.0151888 0)
(1.16705 -0.0149328 0)
(1.16667 -0.0146792 0)
(1.16627 -0.0144277 0)
(1.16585 -0.0141781 0)
(1.16541 -0.0139301 0)
(1.16495 -0.0136836 0)
(1.16448 -0.0134384 0)
(1.16399 -0.0131942 0)
(1.16349 -0.0129509 0)
(1.16297 -0.0127083 0)
(1.16244 -0.0124662 0)
(1.1619 -0.0122245 0)
(1.16134 -0.011983 0)
(1.16078 -0.0117417 0)
(1.1602 -0.0115003 0)
(1.15962 -0.011259 0)
(1.15903 -0.0110175 0)
(1.15843 -0.0107758 0)
(1.15783 -0.0105341 0)
(1.15722 -0.0102922 0)
(1.1566 -0.0100503 0)
(1.15598 -0.0098084 0)
(1.15536 -0.00956671 0)
(1.15473 -0.00932535 0)
(1.1541 -0.00908454 0)
(1.15347 -0.00884448 0)
(1.15283 -0.00860545 0)
(1.1522 -0.00836774 0)
(1.15156 -0.00813167 0)
(1.15093 -0.00789756 0)
(1.15029 -0.00766579 0)
(1.14966 -0.00743673 0)
(1.14903 -0.00721075 0)
(1.1484 -0.00698826 0)
(1.14778 -0.00676961 0)
(1.14716 -0.00655521 0)
(1.14654 -0.0063454 0)
(1.14593 -0.00614053 0)
(1.14532 -0.00594093 0)
(1.14472 -0.00574687 0)
(1.14412 -0.00555862 0)
(1.14354 -0.0053764 0)
(1.14296 -0.00520038 0)
(1.14238 -0.00503072 0)
(1.14182 -0.00486751 0)
(1.14127 -0.00471079 0)
(1.14072 -0.0045606 0)
(1.14018 -0.00441689 0)
(1.13965 -0.0042796 0)
(1.13913 -0.00414862 0)
(1.13862 -0.00402383 0)
(1.13813 -0.00390505 0)
(1.13763 -0.00379209 0)
(1.13715 -0.00368473 0)
(1.13668 -0.00358275 0)
(1.13622 -0.00348589 0)
(1.13577 -0.00339391 0)
(1.13532 -0.00330654 0)
(1.13489 -0.00322352 0)
(1.13446 -0.00314459 0)
(1.13404 -0.00306949 0)
(1.13362 -0.00299798 0)
(1.13322 -0.0029298 0)
(1.13282 -0.00286473 0)
(1.13242 -0.00280252 0)
(1.13204 -0.00274298 0)
(1.13165 -0.00268586 0)
(1.13127 -0.00263097 0)
(1.1309 -0.00257808 0)
(1.13053 -0.00252697 0)
(1.13016 -0.00247743 0)
(1.12979 -0.00242921 0)
(1.12942 -0.00238207 0)
(1.12906 -0.00233576 0)
(1.12869 -0.00228999 0)
(1.12833 -0.00224449 0)
(1.12796 -0.00219896 0)
(1.1276 -0.00215308 0)
(1.12723 -0.00210657 0)
(1.12686 -0.0020591 0)
(1.12649 -0.0020104 0)
(1.12612 -0.00196018 0)
(1.12575 -0.00190822 0)
(1.12538 -0.00185429 0)
(1.12501 -0.00179823 0)
(1.12464 -0.00173995 0)
(1.12427 -0.00167939 0)
(1.1239 -0.00161656 0)
(1.12354 -0.00155154 0)
(1.12319 -0.00148449 0)
(1.12284 -0.0014156 0)
(1.12249 -0.00134515 0)
(1.12216 -0.00127346 0)
(1.12183 -0.0012009 0)
(1.12152 -0.00112788 0)
(1.12122 -0.00105483 0)
(1.12093 -0.000982192 0)
(1.12065 -0.000910422 0)
(1.12039 -0.000839961 0)
(1.12015 -0.000771233 0)
(1.11991 -0.000704636 0)
(1.1197 -0.000640528 0)
(1.1195 -0.000579227 0)
(1.11931 -0.000521003 0)
(1.11914 -0.000466071 0)
(1.11899 -0.000414596 0)
(1.11884 -0.000366685 0)
(1.11872 -0.000322395 0)
(1.1186 -0.000281731 0)
(1.1185 -0.000244654 0)
(1.11841 -0.000211081 0)
(1.11833 -0.000180893 0)
(1.11826 -0.00015394 0)
(1.1182 -0.000130048 0)
(1.11814 -0.000109021 0)
(1.1181 -9.06549e-05 0)
(1.11806 -7.47334e-05 0)
(1.11802 -6.10379e-05 0)
(1.11799 -4.93511e-05 0)
(1.11797 -3.94612e-05 0)
(1.11795 -3.11652e-05 0)
(1.11793 -2.42696e-05 0)
(1.11792 -1.85933e-05 0)
(1.11791 -1.39687e-05 0)
(1.1179 -1.02437e-05 0)
(1.11789 -7.28144e-06 0)
(1.11789 -4.95832e-06 0)
(1.11788 -3.166e-06 0)
(1.11788 -1.8076e-06 0)
(1.11788 -8.01814e-07 0)
(1.11788 -7.96813e-08 0)
(1.11787 4.18175e-07 0)
(1.11787 7.4258e-07 0)
(1.11787 9.3489e-07 0)
(1.11787 1.02807e-06 0)
(1.11787 1.04883e-06 0)
(1.11787 1.01927e-06 0)
(1.11787 9.56864e-07 0)
(1.11787 8.7422e-07 0)
(1.11787 7.80502e-07 0)
(1.11787 6.82895e-07 0)
(1.11787 5.87103e-07 0)
(1.11787 4.9692e-07 0)
(1.11787 4.13868e-07 0)
(1.11787 3.38577e-07 0)
(1.11787 2.72095e-07 0)
(1.11787 2.14622e-07 0)
(1.11787 1.65681e-07 0)
(1.11787 1.24696e-07 0)
(1.11787 8.99625e-08 0)
(1.11787 6.13811e-08 0)
(1.11787 3.90148e-08 0)
(1.11787 2.08403e-08 0)
(1.11787 6.74528e-09 0)
(1.11787 -3.62341e-09 0)
(1.11787 -1.202e-08 0)
(1.11787 -1.82776e-08 0)
(1.11787 -2.17962e-08 0)
(1.11787 -2.48792e-08 0)
(1.11787 -2.64276e-08 0)
(1.11787 -2.72207e-08 0)
(1.11787 -2.77658e-08 0)
(1.11787 -2.79585e-08 0)
(1.11787 -2.69967e-08 0)
(1.11787 -2.67567e-08 0)
(1.11787 -2.64664e-08 0)
(1.11787 -2.59626e-08 0)
(1.11787 -2.43909e-08 0)
(1.11787 -2.4939e-08 0)
(1.11787 -2.26671e-08 0)
(1.11787 -2.27513e-08 0)
(1.11787 -2.06735e-08 0)
(1.11787 -2.15051e-08 0)
(1.11787 -1.77718e-08 0)
(1.11787 -1.91079e-08 0)
(1.11787 1.57513e-10 0)
(1.11787 2.55513e-08 0)
(1.00012 -0.00586456 0)
(1.00262 -0.0172448 0)
(1.00727 -0.0276829 0)
(1.01391 -0.0365797 0)
(1.02196 -0.0436283 0)
(1.03067 -0.0488934 0)
(1.03948 -0.0526271 0)
(1.04811 -0.0550894 0)
(1.05641 -0.0565021 0)
(1.06429 -0.0570714 0)
(1.07169 -0.0569982 0)
(1.07859 -0.0564624 0)
(1.08498 -0.0556084 0)
(1.09092 -0.0545434 0)
(1.09644 -0.0533447 0)
(1.10157 -0.0520676 0)
(1.10636 -0.0507515 0)
(1.11082 -0.0494241 0)
(1.11499 -0.0481038 0)
(1.11889 -0.0468032 0)
(1.12252 -0.0455301 0)
(1.1259 -0.0442898 0)
(1.12906 -0.0430855 0)
(1.13199 -0.0419188 0)
(1.1347 -0.0407906 0)
(1.13721 -0.039701 0)
(1.13952 -0.0386497 0)
(1.14165 -0.0376359 0)
(1.14359 -0.0366587 0)
(1.14535 -0.0357172 0)
(1.14695 -0.03481 0)
(1.14838 -0.0339359 0)
(1.14966 -0.0330938 0)
(1.15079 -0.0322822 0)
(1.15178 -0.0315001 0)
(1.15264 -0.030746 0)
(1.15336 -0.0300188 0)
(1.15396 -0.0293173 0)
(1.15445 -0.0286403 0)
(1.15482 -0.0279868 0)
(1.15509 -0.0273556 0)
(1.15526 -0.0267458 0)
(1.15534 -0.0261563 0)
(1.15532 -0.0255863 0)
(1.15522 -0.0250348 0)
(1.15504 -0.0245009 0)
(1.15478 -0.0239839 0)
(1.15445 -0.0234829 0)
(1.15406 -0.0229972 0)
(1.1536 -0.0225262 0)
(1.15308 -0.022069 0)
(1.15251 -0.0216251 0)
(1.15189 -0.0211938 0)
(1.15122 -0.0207746 0)
(1.1505 -0.0203669 0)
(1.14974 -0.0199701 0)
(1.14894 -0.0195837 0)
(1.1481 -0.0192072 0)
(1.14723 -0.0188402 0)
(1.14633 -0.0184821 0)
(1.1454 -0.0181326 0)
(1.14444 -0.0177912 0)
(1.14345 -0.0174574 0)
(1.14245 -0.017131 0)
(1.14142 -0.0168115 0)
(1.14037 -0.0164985 0)
(1.13931 -0.0161916 0)
(1.13823 -0.0158906 0)
(1.13714 -0.0155951 0)
(1.13603 -0.0153048 0)
(1.13491 -0.0150193 0)
(1.13379 -0.0147383 0)
(1.13265 -0.0144616 0)
(1.13151 -0.0141887 0)
(1.13036 -0.0139195 0)
(1.12921 -0.0136537 0)
(1.12805 -0.0133909 0)
(1.12689 -0.013131 0)
(1.12573 -0.0128737 0)
(1.12457 -0.0126186 0)
(1.12341 -0.0123657 0)
(1.12224 -0.0121146 0)
(1.12109 -0.0118651 0)
(1.11993 -0.0116171 0)
(1.11878 -0.0113704 0)
(1.11763 -0.0111248 0)
(1.11649 -0.0108801 0)
(1.11535 -0.0106362 0)
(1.11422 -0.010393 0)
(1.11309 -0.0101505 0)
(1.11198 -0.00990856 0)
(1.11087 -0.00966716 0)
(1.10977 -0.00942633 0)
(1.10868 -0.0091861 0)
(1.1076 -0.00894655 0)
(1.10653 -0.0087078 0)
(1.10548 -0.00846999 0)
(1.10443 -0.0082333 0)
(1.1034 -0.00799796 0)
(1.10238 -0.00776422 0)
(1.10137 -0.00753234 0)
(1.10037 -0.00730266 0)
(1.09939 -0.00707549 0)
(1.09843 -0.00685119 0)
(1.09747 -0.00663013 0)
(1.09654 -0.00641267 0)
(1.09562 -0.00619919 0)
(1.09471 -0.00599006 0)
(1.09382 -0.00578564 0)
(1.09295 -0.00558628 0)
(1.09209 -0.0053923 0)
(1.09125 -0.00520398 0)
(1.09043 -0.0050216 0)
(1.08962 -0.00484537 0)
(1.08883 -0.00467548 0)
(1.08806 -0.00451207 0)
(1.08731 -0.00435524 0)
(1.08657 -0.00420504 0)
(1.08585 -0.00406147 0)
(1.08515 -0.0039245 0)
(1.08446 -0.00379405 0)
(1.08379 -0.00367 0)
(1.08314 -0.00355219 0)
(1.0825 -0.00344044 0)
(1.08188 -0.00333452 0)
(1.08127 -0.0032342 0)
(1.08068 -0.00313921 0)
(1.08011 -0.00304928 0)
(1.07954 -0.00296412 0)
(1.07899 -0.00288343 0)
(1.07845 -0.00280693 0)
(1.07793 -0.00273431 0)
(1.07742 -0.00266529 0)
(1.07691 -0.00259958 0)
(1.07642 -0.00253691 0)
(1.07594 -0.00247702 0)
(1.07546 -0.00241965 0)
(1.075 -0.00236456 0)
(1.07454 -0.00231151 0)
(1.07409 -0.00226029 0)
(1.07364 -0.00221067 0)
(1.07321 -0.00216245 0)
(1.07277 -0.00211541 0)
(1.07234 -0.00206934 0)
(1.07192 -0.00202405 0)
(1.0715 -0.00197932 0)
(1.07108 -0.00193494 0)
(1.07067 -0.00189069 0)
(1.07026 -0.00184637 0)
(1.06985 -0.00180177 0)
(1.06945 -0.00175668 0)
(1.06905 -0.00171089 0)
(1.06865 -0.00166424 0)
(1.06825 -0.00161655 0)
(1.06785 -0.00156769 0)
(1.06746 -0.00151753 0)
(1.06708 -0.00146601 0)
(1.0667 -0.00141308 0)
(1.06632 -0.00135875 0)
(1.06596 -0.00130305 0)
(1.06559 -0.00124609 0)
(1.06524 -0.001188 0)
(1.0649 -0.00112895 0)
(1.06457 -0.00106917 0)
(1.06424 -0.00100891 0)
(1.06393 -0.00094845 0)
(1.06364 -0.000888091 0)
(1.06335 -0.000828153 0)
(1.06308 -0.000768961 0)
(1.06283 -0.000710839 0)
(1.06259 -0.000654102 0)
(1.06236 -0.000599048 0)
(1.06215 -0.000545954 0)
(1.06196 -0.000495066 0)
(1.06178 -0.000446599 0)
(1.06161 -0.00040073 0)
(1.06146 -0.000357599 0)
(1.06133 -0.000317305 0)
(1.0612 -0.000279909 0)
(1.06109 -0.00024543 0)
(1.06099 -0.000213853 0)
(1.0609 -0.00018513 0)
(1.06083 -0.000159182 0)
(1.06076 -0.000135904 0)
(1.0607 -0.000115168 0)
(1.06065 -9.68292e-05 0)
(1.0606 -8.07304e-05 0)
(1.06057 -6.6705e-05 0)
(1.06053 -5.45813e-05 0)
(1.06051 -4.41858e-05 0)
(1.06048 -3.53468e-05 0)
(1.06047 -2.78976e-05 0)
(1.06045 -2.16787e-05 0)
(1.06044 -1.65385e-05 0)
(1.06043 -1.23357e-05 0)
(1.06042 -8.93914e-06 0)
(1.06041 -6.23095e-06 0)
(1.06041 -4.10292e-06 0)
(1.0604 -2.46076e-06 0)
(1.0604 -1.21828e-06 0)
(1.0604 -3.0216e-07 0)
(1.0604 3.51053e-07 0)
(1.06039 7.9492e-07 0)
(1.06039 1.075e-06 0)
(1.06039 1.23003e-06 0)
(1.06039 1.29182e-06 0)
(1.06039 1.28572e-06 0)
(1.06039 1.23188e-06 0)
(1.06039 1.14685e-06 0)
(1.06039 1.0437e-06 0)
(1.06039 9.3157e-07 0)
(1.06039 8.16928e-07 0)
(1.06039 7.04989e-07 0)
(1.06039 5.99605e-07 0)
(1.06039 5.02884e-07 0)
(1.06039 4.15656e-07 0)
(1.06039 3.3798e-07 0)
(1.06039 2.70131e-07 0)
(1.06039 2.12585e-07 0)
(1.06039 1.6395e-07 0)
(1.06039 1.22739e-07 0)
(1.06039 8.87619e-08 0)
(1.06039 6.09388e-08 0)
(1.06039 3.86989e-08 0)
(1.06039 2.12688e-08 0)
(1.06039 7.53053e-09 0)
(1.06039 -3.15054e-09 0)
(1.06039 -1.12986e-08 0)
(1.06039 -1.66947e-08 0)
(1.06039 -2.08069e-08 0)
(1.06039 -2.31568e-08 0)
(1.06039 -2.47812e-08 0)
(1.06039 -2.59322e-08 0)
(1.06039 -2.62572e-08 0)
(1.06039 -2.61084e-08 0)
(1.06039 -2.58192e-08 0)
(1.06039 -2.53191e-08 0)
(1.06039 -2.48546e-08 0)
(1.06039 -2.44251e-08 0)
(1.06039 -2.47395e-08 0)
(1.06039 -2.39874e-08 0)
(1.06039 -2.44088e-08 0)
(1.06039 -2.43086e-08 0)
(1.06039 -2.52117e-08 0)
(1.06039 -2.44308e-08 0)
(1.06039 -2.65323e-08 0)
(1.06039 -2.48031e-08 0)
(1.06039 -2.77812e-08 0)
(1.06039 -1.65668e-08 0)
(1.06039 -1.29983e-08 0)
(1.00016 -0.0074073 0)
(1.00358 -0.0216835 0)
(1.0099 -0.0344827 0)
(1.01879 -0.0449246 0)
(1.0292 -0.0527581 0)
(1.04007 -0.0582909 0)
(1.05073 -0.0619659 0)
(1.06094 -0.0641368 0)
(1.07056 -0.0650902 0)
(1.07948 -0.0651044 0)
(1.08765 -0.0644462 0)
(1.09504 -0.0633394 0)
(1.10171 -0.0619489 0)
(1.10771 -0.0603882 0)
(1.1131 -0.0587344 0)
(1.11793 -0.0570396 0)
(1.12226 -0.0553385 0)
(1.12611 -0.0536535 0)
(1.12952 -0.0519987 0)
(1.13253 -0.0503826 0)
(1.13516 -0.0488105 0)
(1.13743 -0.0472854 0)
(1.13936 -0.0458091 0)
(1.14098 -0.0443822 0)
(1.14229 -0.043005 0)
(1.14333 -0.0416769 0)
(1.14411 -0.0403974 0)
(1.14464 -0.0391656 0)
(1.14494 -0.0379802 0)
(1.14503 -0.0368402 0)
(1.14492 -0.0357441 0)
(1.14463 -0.0346906 0)
(1.14416 -0.0336782 0)
(1.14354 -0.0327055 0)
(1.14277 -0.031771 0)
(1.14186 -0.0308732 0)
(1.14083 -0.0300106 0)
(1.13969 -0.0291817 0)
(1.13844 -0.0283852 0)
(1.1371 -0.0276197 0)
(1.13567 -0.0268837 0)
(1.13416 -0.026176 0)
(1.13258 -0.0254953 0)
(1.13094 -0.0248403 0)
(1.12924 -0.0242098 0)
(1.12749 -0.0236027 0)
(1.1257 -0.0230178 0)
(1.12386 -0.0224542 0)
(1.12199 -0.0219107 0)
(1.12009 -0.0213864 0)
(1.11816 -0.0208804 0)
(1.1162 -0.0203918 0)
(1.11423 -0.0199197 0)
(1.11224 -0.0194632 0)
(1.11024 -0.0190217 0)
(1.10823 -0.0185943 0)
(1.10621 -0.0181804 0)
(1.10418 -0.0177792 0)
(1.10215 -0.0173902 0)
(1.10012 -0.0170126 0)
(1.09809 -0.016646 0)
(1.09606 -0.0162897 0)
(1.09404 -0.0159431 0)
(1.09202 -0.0156059 0)
(1.09001 -0.0152773 0)
(1.088 -0.0149571 0)
(1.08601 -0.0146447 0)
(1.08403 -0.0143397 0)
(1.08206 -0.0140416 0)
(1.0801 -0.01375 0)
(1.07815 -0.0134646 0)
(1.07622 -0.0131849 0)
(1.0743 -0.0129106 0)
(1.0724 -0.0126414 0)
(1.07052 -0.0123768 0)
(1.06865 -0.0121166 0)
(1.0668 -0.0118604 0)
(1.06497 -0.011608 0)
(1.06316 -0.011359 0)
(1.06137 -0.0111131 0)
(1.05959 -0.0108702 0)
(1.05784 -0.0106298 0)
(1.05611 -0.0103919 0)
(1.0544 -0.0101561 0)
(1.05272 -0.00992222 0)
(1.05105 -0.0096901 0)
(1.04941 -0.00945955 0)
(1.04779 -0.00923043 0)
(1.0462 -0.00900259 0)
(1.04463 -0.00877594 0)
(1.04308 -0.0085504 0)
(1.04156 -0.00832592 0)
(1.04007 -0.0081025 0)
(1.0386 -0.00788016 0)
(1.03715 -0.00765894 0)
(1.03573 -0.00743894 0)
(1.03434 -0.0072203 0)
(1.03298 -0.00700317 0)
(1.03164 -0.00678775 0)
(1.03033 -0.00657427 0)
(1.02904 -0.006363 0)
(1.02779 -0.00615423 0)
(1.02656 -0.00594825 0)
(1.02536 -0.00574541 0)
(1.02418 -0.00554603 0)
(1.02304 -0.00535048 0)
(1.02192 -0.00515908 0)
(1.02083 -0.00497219 0)
(1.01977 -0.00479012 0)
(1.01873 -0.00461318 0)
(1.01772 -0.00444166 0)
(1.01674 -0.00427581 0)
(1.01579 -0.00411584 0)
(1.01486 -0.00396192 0)
(1.01395 -0.00381421 0)
(1.01308 -0.00367278 0)
(1.01222 -0.00353768 0)
(1.0114 -0.00340892 0)
(1.01059 -0.00328644 0)
(1.00981 -0.00317018 0)
(1.00905 -0.00305998 0)
(1.00832 -0.0029557 0)
(1.0076 -0.00285713 0)
(1.00691 -0.00276405 0)
(1.00623 -0.0026762 0)
(1.00558 -0.00259331 0)
(1.00494 -0.0025151 0)
(1.00432 -0.00244126 0)
(1.00372 -0.00237149 0)
(1.00313 -0.00230549 0)
(1.00255 -0.00224296 0)
(1.002 -0.00218358 0)
(1.00145 -0.00212708 0)
(1.00092 -0.00207318 0)
(1.00039 -0.0020216 0)
(0.999884 -0.00197211 0)
(0.999384 -0.00192445 0)
(0.998894 -0.0018784 0)
(0.998413 -0.00183376 0)
(0.997941 -0.00179032 0)
(0.997477 -0.0017479 0)
(0.99702 -0.00170632 0)
(0.996571 -0.00166542 0)
(0.996128 -0.00162503 0)
(0.995692 -0.001585 0)
(0.995261 -0.00154519 0)
(0.994837 -0.00150545 0)
(0.994419 -0.00146565 0)
(0.994006 -0.00142566 0)
(0.993599 -0.00138536 0)
(0.993198 -0.00134464 0)
(0.992803 -0.0013034 0)
(0.992414 -0.00126155 0)
(0.992032 -0.00121904 0)
(0.991657 -0.00117582 0)
(0.991289 -0.00113185 0)
(0.99093 -0.00108715 0)
(0.990579 -0.00104175 0)
(0.990237 -0.00099569 0)
(0.989905 -0.000949065 0)
(0.989584 -0.000901982 0)
(0.989274 -0.000854576 0)
(0.988975 -0.000807007 0)
(0.98869 -0.000759454 0)
(0.988417 -0.000712113 0)
(0.988157 -0.000665188 0)
(0.987911 -0.000618896 0)
(0.987679 -0.000573452 0)
(0.987461 -0.000529068 0)
(0.987257 -0.000485951 0)
(0.987068 -0.000444295 0)
(0.986892 -0.000404274 0)
(0.986731 -0.000366047 0)
(0.986582 -0.000329746 0)
(0.986447 -0.000295481 0)
(0.986325 -0.000263332 0)
(0.986214 -0.000233357 0)
(0.986115 -0.000205582 0)
(0.986027 -0.00018001 0)
(0.985948 -0.000156618 0)
(0.985879 -0.000135362 0)
(0.985818 -0.000116176 0)
(0.985766 -9.8977e-05 0)
(0.98572 -8.3667e-05 0)
(0.985681 -7.01359e-05 0)
(0.985647 -5.82657e-05 0)
(0.985619 -4.79322e-05 0)
(0.985595 -3.9008e-05 0)
(0.985575 -3.13644e-05 0)
(0.985558 -2.48742e-05 0)
(0.985545 -1.94143e-05 0)
(0.985534 -1.48667e-05 0)
(0.985525 -1.11198e-05 0)
(0.985518 -8.06769e-06 0)
(0.985512 -5.61443e-06 0)
(0.985508 -3.67033e-06 0)
(0.985504 -2.15834e-06 0)
(0.985502 -1.00564e-06 0)
(0.9855 -1.47245e-07 0)
(0.985499 4.70093e-07 0)
(0.985498 8.94002e-07 0)
(0.985497 1.16366e-06 0)
(0.985497 1.31409e-06 0)
(0.985497 1.37483e-06 0)
(0.985497 1.36951e-06 0)
(0.985497 1.31702e-06 0)
(0.985497 1.23279e-06 0)
(0.985497 1.12913e-06 0)
(0.985497 1.01538e-06 0)
(0.985498 8.98282e-07 0)
(0.985498 7.82777e-07 0)
(0.985498 6.72782e-07 0)
(0.985498 5.70898e-07 0)
(0.985498 4.78087e-07 0)
(0.985498 3.94677e-07 0)
(0.985498 3.21181e-07 0)
(0.985499 2.57595e-07 0)
(0.985499 2.03247e-07 0)
(0.985499 1.5736e-07 0)
(0.985499 1.18703e-07 0)
(0.985499 8.66407e-08 0)
(0.985499 6.05927e-08 0)
(0.985499 3.96113e-08 0)
(0.985499 2.33978e-08 0)
(0.985499 1.00442e-08 0)
(0.985499 -7.23119e-10 0)
(0.985499 -7.83905e-09 0)
(0.985499 -1.32621e-08 0)
(0.985499 -1.7332e-08 0)
(0.985499 -2.00567e-08 0)
(0.985499 -2.17005e-08 0)
(0.985499 -2.25795e-08 0)
(0.985499 -2.31092e-08 0)
(0.985499 -2.32973e-08 0)
(0.985499 -2.33542e-08 0)
(0.985499 -2.269e-08 0)
(0.985499 -2.20461e-08 0)
(0.985499 -2.21901e-08 0)
(0.985499 -2.21119e-08 0)
(0.985499 -2.22349e-08 0)
(0.985499 -2.22396e-08 0)
(0.985499 -2.23795e-08 0)
(0.985499 -2.32067e-08 0)
(0.985499 -2.47251e-08 0)
(0.985499 -2.59271e-08 0)
(0.985499 -2.94866e-08 0)
(0.985499 -3.04079e-08 0)
(0.985499 -3.49168e-08 0)
(0.985499 -3.36504e-08 0)
(0.985499 -5.02443e-08 0)
(1.00023 -0.00959434 0)
(1.00511 -0.0278706 0)
(1.0141 -0.0436464 0)
(1.02635 -0.0557373 0)
(1.04003 -0.0642189 0)
(1.05367 -0.069827 0)
(1.06658 -0.0732073 0)
(1.07855 -0.0747874 0)
(1.08943 -0.0749401 0)
(1.09908 -0.0740532 0)
(1.10744 -0.0724816 0)
(1.11454 -0.0704975 0)
(1.12049 -0.0682858 0)
(1.1254 -0.065966 0)
(1.12938 -0.0636146 0)
(1.13252 -0.0612796 0)
(1.13491 -0.0589893 0)
(1.13661 -0.0567594 0)
(1.1377 -0.0545986 0)
(1.13823 -0.0525111 0)
(1.13825 -0.0504991 0)
(1.13782 -0.0485637 0)
(1.13697 -0.0467048 0)
(1.13576 -0.0449219 0)
(1.13421 -0.0432141 0)
(1.13236 -0.0415799 0)
(1.13025 -0.0400177 0)
(1.12791 -0.0385256 0)
(1.12537 -0.0371015 0)
(1.12264 -0.0357431 0)
(1.11976 -0.0344481 0)
(1.11675 -0.0332139 0)
(1.11362 -0.032038 0)
(1.1104 -0.0309179 0)
(1.1071 -0.0298512 0)
(1.10373 -0.0288351 0)
(1.10031 -0.0278674 0)
(1.09684 -0.0269456 0)
(1.09335 -0.0260674 0)
(1.08984 -0.0252304 0)
(1.08631 -0.0244325 0)
(1.08278 -0.0236716 0)
(1.07924 -0.0229457 0)
(1.07572 -0.0222528 0)
(1.07221 -0.0215912 0)
(1.06871 -0.020959 0)
(1.06523 -0.0203546 0)
(1.06178 -0.0197764 0)
(1.05835 -0.019223 0)
(1.05495 -0.018693 0)
(1.05158 -0.0181849 0)
(1.04825 -0.0176976 0)
(1.04495 -0.0172299 0)
(1.04169 -0.0167806 0)
(1.03846 -0.0163487 0)
(1.03527 -0.0159332 0)
(1.03212 -0.0155331 0)
(1.029 -0.0151476 0)
(1.02593 -0.0147758 0)
(1.0229 -0.014417 0)
(1.01991 -0.0140704 0)
(1.01695 -0.0137353 0)
(1.01404 -0.013411 0)
(1.01117 -0.0130969 0)
(1.00834 -0.0127924 0)
(1.00555 -0.0124969 0)
(1.0028 -0.0122099 0)
(1.0001 -0.0119309 0)
(0.997428 -0.0116594 0)
(0.9948 -0.011395 0)
(0.992212 -0.0111371 0)
(0.989665 -0.0108854 0)
(0.987157 -0.0106394 0)
(0.984689 -0.0103989 0)
(0.982261 -0.0101634 0)
(0.979872 -0.00993252 0)
(0.977523 -0.009706 0)
(0.975212 -0.0094835 0)
(0.972941 -0.00926471 0)
(0.97071 -0.00904934 0)
(0.968517 -0.00883711 0)
(0.966363 -0.00862776 0)
(0.964248 -0.00842103 0)
(0.962173 -0.0082167 0)
(0.960136 -0.00801455 0)
(0.958138 -0.00781438 0)
(0.956179 -0.00761601 0)
(0.954259 -0.00741927 0)
(0.952379 -0.00722405 0)
(0.950537 -0.00703022 0)
(0.948734 -0.00683769 0)
(0.946971 -0.00664642 0)
(0.945247 -0.00645638 0)
(0.943561 -0.00626756 0)
(0.941915 -0.00608002 0)
(0.940308 -0.00589383 0)
(0.93874 -0.00570908 0)
(0.937211 -0.00552593 0)
(0.935721 -0.00534455 0)
(0.93427 -0.00516514 0)
(0.932857 -0.00498792 0)
(0.931483 -0.00481316 0)
(0.930147 -0.00464113 0)
(0.928848 -0.00447212 0)
(0.927588 -0.00430643 0)
(0.926364 -0.00414435 0)
(0.925177 -0.00398619 0)
(0.924027 -0.00383224 0)
(0.922912 -0.00368277 0)
(0.921833 -0.00353803 0)
(0.920787 -0.00339825 0)
(0.919776 -0.00326364 0)
(0.918797 -0.00313434 0)
(0.917851 -0.00301049 0)
(0.916935 -0.00289217 0)
(0.916051 -0.00277941 0)
(0.915195 -0.00267223 0)
(0.914368 -0.00257057 0)
(0.913568 -0.00247435 0)
(0.912794 -0.00238346 0)
(0.912046 -0.00229773 0)
(0.911322 -0.00221698 0)
(0.910621 -0.00214099 0)
(0.909942 -0.00206952 0)
(0.909283 -0.00200232 0)
(0.908645 -0.00193912 0)
(0.908026 -0.00187963 0)
(0.907424 -0.00182357 0)
(0.906839 -0.00177065 0)
(0.90627 -0.0017206 0)
(0.905717 -0.00167314 0)
(0.905177 -0.00162799 0)
(0.904651 -0.00158491 0)
(0.904138 -0.00154365 0)
(0.903637 -0.00150399 0)
(0.903147 -0.00146572 0)
(0.902668 -0.00142864 0)
(0.902199 -0.00139258 0)
(0.90174 -0.00135737 0)
(0.901291 -0.00132287 0)
(0.90085 -0.00128894 0)
(0.900418 -0.00125546 0)
(0.899995 -0.00122233 0)
(0.899579 -0.00118943 0)
(0.899172 -0.00115669 0)
(0.898772 -0.00112402 0)
(0.89838 -0.00109135 0)
(0.897996 -0.00105861 0)
(0.897621 -0.00102573 0)
(0.897253 -0.000992682 0)
(0.896893 -0.000959411 0)
(0.896542 -0.000925888 0)
(0.896199 -0.000892091 0)
(0.895866 -0.00085801 0)
(0.895542 -0.000823649 0)
(0.895227 -0.000789023 0)
(0.894923 -0.000754162 0)
(0.894629 -0.000719112 0)
(0.894346 -0.000683932 0)
(0.894074 -0.000648697 0)
(0.893814 -0.000613494 0)
(0.893566 -0.000578423 0)
(0.89333 -0.000543595 0)
(0.893106 -0.000509127 0)
(0.892895 -0.000475146 0)
(0.892696 -0.00044178 0)
(0.89251 -0.000409157 0)
(0.892336 -0.000377406 0)
(0.892175 -0.000346649 0)
(0.892026 -0.000317001 0)
(0.891889 -0.000288567 0)
(0.891764 -0.000261441 0)
(0.89165 -0.0002357 0)
(0.891546 -0.000211409 0)
(0.891453 -0.000188617 0)
(0.891369 -0.000167354 0)
(0.891294 -0.000147635 0)
(0.891228 -0.000129459 0)
(0.89117 -0.000112806 0)
(0.891119 -9.76478e-05 0)
(0.891074 -8.39379e-05 0)
(0.891036 -7.16205e-05 0)
(0.891003 -6.06293e-05 0)
(0.890974 -5.08901e-05 0)
(0.890951 -4.23228e-05 0)
(0.89093 -3.48436e-05 0)
(0.890914 -2.83653e-05 0)
(0.8909 -2.28004e-05 0)
(0.890889 -1.80617e-05 0)
(0.890879 -1.40633e-05 0)
(0.890872 -1.07237e-05 0)
(0.890866 -7.96427e-06 0)
(0.890862 -5.71172e-06 0)
(0.890859 -3.89712e-06 0)
(0.890856 -2.45737e-06 0)
(0.890854 -1.337e-06 0)
(0.890853 -4.81381e-07 0)
(0.890852 1.53167e-07 0)
(0.890851 6.07783e-07 0)
(0.890851 9.15732e-07 0)
(0.890851 1.10723e-06 0)
(0.890851 1.20852e-06 0)
(0.890851 1.24141e-06 0)
(0.890852 1.22372e-06 0)
(0.890852 1.17e-06 0)
(0.890852 1.09218e-06 0)
(0.890852 9.99709e-07 0)
(0.890853 8.99684e-07 0)
(0.890853 7.97411e-07 0)
(0.890853 6.96969e-07 0)
(0.890853 6.01362e-07 0)
(0.890853 5.12527e-07 0)
(0.890853 4.31414e-07 0)
(0.890854 3.584e-07 0)
(0.890854 2.93721e-07 0)
(0.890854 2.37402e-07 0)
(0.890854 1.89165e-07 0)
(0.890854 1.48365e-07 0)
(0.890854 1.13853e-07 0)
(0.890854 8.46357e-08 0)
(0.890854 6.07581e-08 0)
(0.890854 4.18448e-08 0)
(0.890854 2.65278e-08 0)
(0.890854 1.40928e-08 0)
(0.890854 4.4479e-09 0)
(0.890854 -2.99721e-09 0)
(0.890854 -8.40888e-09 0)
(0.890854 -1.21481e-08 0)
(0.890854 -1.499e-08 0)
(0.890854 -1.69419e-08 0)
(0.890854 -1.8089e-08 0)
(0.890854 -1.88231e-08 0)
(0.890854 -1.92824e-08 0)
(0.890854 -1.90403e-08 0)
(0.890854 -1.90632e-08 0)
(0.890854 -1.90634e-08 0)
(0.890854 -1.82539e-08 0)
(0.890854 -1.81188e-08 0)
(0.890854 -1.88167e-08 0)
(0.890854 -1.87794e-08 0)
(0.890854 -1.8964e-08 0)
(0.890854 -1.95607e-08 0)
(0.890854 -2.10692e-08 0)
(0.890854 -2.28148e-08 0)
(0.890854 -2.53953e-08 0)
(0.890854 -2.96986e-08 0)
(0.890854 -3.40354e-08 0)
(0.890854 -4.05331e-08 0)
(0.890854 -4.835e-08 0)
(0.890854 -7.83883e-08 0)
(1.00033 -0.012936 0)
(1.00782 -0.0369234 0)
(1.02129 -0.0562135 0)
(1.03856 -0.069723 0)
(1.05647 -0.0784781 0)
(1.07314 -0.0837801 0)
(1.08801 -0.0863794 0)
(1.10089 -0.0867632 0)
(1.11158 -0.0854647 0)
(1.11995 -0.0830459 0)
(1.12608 -0.0799739 0)
(1.13018 -0.0765727 0)
(1.1325 -0.0730494 0)
(1.13332 -0.0695335 0)
(1.13285 -0.0661031 0)
(1.13128 -0.062801 0)
(1.12879 -0.0596469 0)
(1.12552 -0.0566469 0)
(1.12159 -0.0538005 0)
(1.11712 -0.0511042 0)
(1.11219 -0.0485536 0)
(1.10689 -0.0461437 0)
(1.10129 -0.0438692 0)
(1.09546 -0.0417248 0)
(1.08945 -0.0397049 0)
(1.0833 -0.0378039 0)
(1.07707 -0.036016 0)
(1.07078 -0.0343355 0)
(1.06447 -0.0327566 0)
(1.05816 -0.0312736 0)
(1.05188 -0.0298807 0)
(1.04564 -0.0285726 0)
(1.03947 -0.027344 0)
(1.03336 -0.0261897 0)
(1.02733 -0.0251049 0)
(1.02139 -0.0240851 0)
(1.01555 -0.0231257 0)
(1.00981 -0.0222228 0)
(1.00417 -0.0213725 0)
(0.998642 -0.0205711 0)
(0.993217 -0.0198153 0)
(0.987901 -0.0191019 0)
(0.982693 -0.018428 0)
(0.977593 -0.0177907 0)
(0.972599 -0.0171877 0)
(0.967711 -0.0166164 0)
(0.962927 -0.0160748 0)
(0.958245 -0.0155608 0)
(0.953663 -0.0150725 0)
(0.94918 -0.0146081 0)
(0.944793 -0.014166 0)
(0.9405 -0.0137448 0)
(0.936299 -0.0133431 0)
(0.932188 -0.0129595 0)
(0.928164 -0.0125929 0)
(0.924226 -0.0122421 0)
(0.920371 -0.0119061 0)
(0.916597 -0.011584 0)
(0.912903 -0.0112748 0)
(0.909285 -0.0109778 0)
(0.905743 -0.0106921 0)
(0.902275 -0.0104171 0)
(0.898878 -0.010152 0)
(0.895551 -0.00989629 0)
(0.892293 -0.00964929 0)
(0.889101 -0.00941047 0)
(0.885975 -0.00917931 0)
(0.882912 -0.00895533 0)
(0.879912 -0.00873805 0)
(0.876974 -0.00852705 0)
(0.874095 -0.00832192 0)
(0.871275 -0.00812227 0)
(0.868513 -0.00792773 0)
(0.865808 -0.00773795 0)
(0.863159 -0.00755261 0)
(0.860565 -0.00737139 0)
(0.858025 -0.00719399 0)
(0.855538 -0.00702013 0)
(0.853104 -0.00684954 0)
(0.850722 -0.00668197 0)
(0.848392 -0.00651717 0)
(0.846112 -0.00635491 0)
(0.843883 -0.00619498 0)
(0.841703 -0.00603717 0)
(0.839574 -0.0058813 0)
(0.837493 -0.00572718 0)
(0.835461 -0.00557466 0)
(0.833477 -0.00542359 0)
(0.831541 -0.00527387 0)
(0.829654 -0.00512539 0)
(0.827814 -0.00497806 0)
(0.826021 -0.00483184 0)
(0.824275 -0.0046867 0)
(0.822576 -0.00454263 0)
(0.820924 -0.00439967 0)
(0.819318 -0.00425788 0)
(0.817758 -0.00411733 0)
(0.816243 -0.00397815 0)
(0.814774 -0.00384047 0)
(0.81335 -0.00370446 0)
(0.811971 -0.00357031 0)
(0.810635 -0.00343824 0)
(0.809343 -0.00330845 0)
(0.808093 -0.00318119 0)
(0.806886 -0.0030567 0)
(0.80572 -0.00293522 0)
(0.804595 -0.00281699 0)
(0.80351 -0.00270222 0)
(0.802464 -0.00259114 0)
(0.801455 -0.00248393 0)
(0.800484 -0.00238076 0)
(0.799548 -0.00228177 0)
(0.798646 -0.00218706 0)
(0.797778 -0.00209672 0)
(0.796942 -0.00201077 0)
(0.796137 -0.00192922 0)
(0.795361 -0.00185205 0)
(0.794614 -0.00177918 0)
(0.793894 -0.00171051 0)
(0.793199 -0.00164593 0)
(0.792529 -0.00158527 0)
(0.791881 -0.00152836 0)
(0.791256 -0.00147499 0)
(0.790651 -0.00142496 0)
(0.790065 -0.00137804 0)
(0.789498 -0.001334 0)
(0.788949 -0.00129261 0)
(0.788415 -0.00125362 0)
(0.787897 -0.0012168 0)
(0.787394 -0.00118193 0)
(0.786904 -0.00114879 0)
(0.786427 -0.00111717 0)
(0.785962 -0.00108689 0)
(0.78551 -0.00105775 0)
(0.785068 -0.00102961 0)
(0.784637 -0.0010023 0)
(0.784216 -0.000975699 0)
(0.783805 -0.000949684 0)
(0.783404 -0.000924151 0)
(0.783012 -0.00089901 0)
(0.782629 -0.000874182 0)
(0.782255 -0.000849601 0)
(0.78189 -0.000825209 0)
(0.781533 -0.000800959 0)
(0.781185 -0.000776809 0)
(0.780846 -0.000752726 0)
(0.780515 -0.000728683 0)
(0.780194 -0.000704658 0)
(0.779881 -0.000680632 0)
(0.779577 -0.000656593 0)
(0.779282 -0.000632533 0)
(0.778996 -0.000608447 0)
(0.77872 -0.000584337 0)
(0.778454 -0.000560209 0)
(0.778197 -0.000536075 0)
(0.77795 -0.000511953 0)
(0.777714 -0.000487867 0)
(0.777487 -0.000463848 0)
(0.777272 -0.000439934 0)
(0.777066 -0.000416168 0)
(0.776872 -0.000392601 0)
(0.776688 -0.000369289 0)
(0.776514 -0.000346291 0)
(0.776351 -0.000323673 0)
(0.776199 -0.000301501 0)
(0.776058 -0.000279844 0)
(0.775926 -0.00025877 0)
(0.775805 -0.000238346 0)
(0.775693 -0.000218637 0)
(0.77559 -0.000199702 0)
(0.775497 -0.000181597 0)
(0.775412 -0.000164368 0)
(0.775336 -0.000148055 0)
(0.775267 -0.00013269 0)
(0.775206 -0.000118295 0)
(0.775151 -0.000104883 0)
(0.775103 -9.24576e-05 0)
(0.775061 -8.10131e-05 0)
(0.775024 -7.05354e-05 0)
(0.774992 -6.10019e-05 0)
(0.774964 -5.23825e-05 0)
(0.774941 -4.46402e-05 0)
(0.774921 -3.77322e-05 0)
(0.774904 -3.16119e-05 0)
(0.77489 -2.62287e-05 0)
(0.774878 -2.15299e-05 0)
(0.774869 -1.74607e-05 0)
(0.774861 -1.39664e-05 0)
(0.774855 -1.09924e-05 0)
(0.77485 -8.48538e-06 0)
(0.774846 -6.39379e-06 0)
(0.774843 -4.66824e-06 0)
(0.774841 -3.26241e-06 0)
(0.77484 -2.13391e-06 0)
(0.774839 -1.24242e-06 0)
(0.774838 -5.53315e-07 0)
(0.774838 -3.07993e-08 0)
(0.774838 3.52163e-07 0)
(0.774838 6.19416e-07 0)
(0.774838 7.9456e-07 0)
(0.774838 8.97064e-07 0)
(0.774838 9.43241e-07 0)
(0.774839 9.46539e-07 0)
(0.774839 9.18441e-07 0)
(0.774839 8.68641e-07 0)
(0.77484 8.04691e-07 0)
(0.77484 7.32272e-07 0)
(0.77484 6.55971e-07 0)
(0.77484 5.79549e-07 0)
(0.774841 5.05568e-07 0)
(0.774841 4.35512e-07 0)
(0.774841 3.70447e-07 0)
(0.774841 3.11252e-07 0)
(0.774841 2.58459e-07 0)
(0.774841 2.11978e-07 0)
(0.774841 1.71297e-07 0)
(0.774841 1.36295e-07 0)
(0.774841 1.06646e-07 0)
(0.774841 8.14849e-08 0)
(0.774841 6.08704e-08 0)
(0.774841 4.4178e-08 0)
(0.774841 3.00252e-08 0)
(0.774841 1.88415e-08 0)
(0.774841 9.84305e-09 0)
(0.774841 2.53463e-09 0)
(0.774841 -2.47861e-09 0)
(0.774841 -6.2824e-09 0)
(0.774841 -9.2988e-09 0)
(0.774841 -1.13667e-08 0)
(0.774841 -1.26787e-08 0)
(0.774841 -1.3451e-08 0)
(0.774841 -1.38675e-08 0)
(0.774841 -1.44612e-08 0)
(0.774841 -1.44258e-08 0)
(0.774841 -1.37535e-08 0)
(0.774841 -1.40424e-08 0)
(0.774841 -1.42101e-08 0)
(0.774841 -1.36539e-08 0)
(0.774841 -1.43678e-08 0)
(0.774841 -1.50878e-08 0)
(0.774841 -1.53055e-08 0)
(0.774841 -1.5834e-08 0)
(0.774841 -1.78849e-08 0)
(0.774841 -1.98085e-08 0)
(0.774841 -2.31999e-08 0)
(0.774841 -2.75411e-08 0)
(0.774841 -3.35899e-08 0)
(0.774841 -4.21315e-08 0)
(0.774841 -5.67984e-08 0)
(0.774841 -9.07337e-08 0)
(1.00052 -0.018853 0)
(1.01346 -0.0515648 0)
(1.03454 -0.074432 0)
(1.05813 -0.0882987 0)
(1.07935 -0.0962223 0)
(1.09649 -0.0999833 0)
(1.10947 -0.10033 0)
(1.11834 -0.0979773 0)
(1.12314 -0.0938135 0)
(1.12413 -0.0886606 0)
(1.12184 -0.0831052 0)
(1.11691 -0.0775075 0)
(1.10992 -0.0720782 0)
(1.10138 -0.066936 0)
(1.09169 -0.0621383 0)
(1.08119 -0.0577021 0)
(1.07015 -0.05362 0)
(1.05876 -0.0498727 0)
(1.0472 -0.0464362 0)
(1.03558 -0.0432861 0)
(1.02401 -0.0403988 0)
(1.01257 -0.0377525 0)
(1.00132 -0.0353267 0)
(0.990298 -0.0331028 0)
(0.97954 -0.0310634 0)
(0.969069 -0.0291924 0)
(0.9589 -0.027475 0)
(0.949043 -0.0258977 0)
(0.9395 -0.0244476 0)
(0.930272 -0.0231135 0)
(0.921355 -0.0218847 0)
(0.912744 -0.0207515 0)
(0.904429 -0.0197054 0)
(0.896403 -0.0187383 0)
(0.888656 -0.017843 0)
(0.881178 -0.0170131 0)
(0.873957 -0.0162428 0)
(0.866984 -0.0155266 0)
(0.860248 -0.0148598 0)
(0.853739 -0.0142381 0)
(0.847446 -0.0136576 0)
(0.841359 -0.0131148 0)
(0.83547 -0.0126064 0)
(0.829769 -0.0121297 0)
(0.824249 -0.0116819 0)
(0.818899 -0.0112607 0)
(0.813714 -0.010864 0)
(0.808684 -0.0104898 0)
(0.803805 -0.0101364 0)
(0.799068 -0.00980217 0)
(0.794467 -0.0094856 0)
(0.789998 -0.00918538 0)
(0.785653 -0.00890029 0)
(0.781429 -0.00862922 0)
(0.777319 -0.00837115 0)
(0.77332 -0.00812515 0)
(0.769427 -0.00789035 0)
(0.765636 -0.00766597 0)
(0.761943 -0.00745129 0)
(0.758344 -0.00724563 0)
(0.754836 -0.00704838 0)
(0.751416 -0.00685897 0)
(0.74808 -0.00667687 0)
(0.744827 -0.00650159 0)
(0.741652 -0.00633268 0)
(0.738554 -0.00616971 0)
(0.73553 -0.00601229 0)
(0.732578 -0.00586005 0)
(0.729697 -0.00571265 0)
(0.726883 -0.00556976 0)
(0.724135 -0.00543108 0)
(0.721452 -0.00529633 0)
(0.718832 -0.00516524 0)
(0.716273 -0.00503755 0)
(0.713774 -0.00491304 0)
(0.711333 -0.00479146 0)
(0.70895 -0.00467262 0)
(0.706624 -0.0045563 0)
(0.704353 -0.00444231 0)
(0.702136 -0.00433047 0)
(0.699973 -0.0042206 0)
(0.697862 -0.00411254 0)
(0.695804 -0.00400613 0)
(0.693797 -0.00390123 0)
(0.69184 -0.00379769 0)
(0.689934 -0.00369539 0)
(0.688077 -0.00359421 0)
(0.686269 -0.00349406 0)
(0.68451 -0.00339483 0)
(0.682799 -0.00329645 0)
(0.681137 -0.00319887 0)
(0.679521 -0.00310203 0)
(0.677953 -0.00300593 0)
(0.676431 -0.00291055 0)
(0.674956 -0.00281591 0)
(0.673527 -0.00272206 0)
(0.672144 -0.00262906 0)
(0.670805 -0.00253698 0)
(0.669511 -0.00244593 0)
(0.668262 -0.00235603 0)
(0.667056 -0.00226742 0)
(0.665893 -0.00218024 0)
(0.664772 -0.00209466 0)
(0.663692 -0.00201085 0)
(0.662653 -0.00192896 0)
(0.661654 -0.00184919 0)
(0.660694 -0.00177168 0)
(0.659771 -0.00169659 0)
(0.658885 -0.00162408 0)
(0.658034 -0.00155426 0)
(0.657217 -0.00148725 0)
(0.656433 -0.00142313 0)
(0.655681 -0.00136197 0)
(0.654959 -0.0013038 0)
(0.654266 -0.00124865 0)
(0.6536 -0.00119649 0)
(0.65296 -0.00114729 0)
(0.652345 -0.00110098 0)
(0.651754 -0.0010575 0)
(0.651184 -0.00101672 0)
(0.650636 -0.000978539 0)
(0.650106 -0.000942811 0)
(0.649596 -0.000909391 0)
(0.649102 -0.000878121 0)
(0.648625 -0.000848838 0)
(0.648163 -0.000821377 0)
(0.647715 -0.000795571 0)
(0.647281 -0.000771257 0)
(0.64686 -0.000748275 0)
(0.64645 -0.000726473 0)
(0.646052 -0.000705706 0)
(0.645665 -0.000685841 0)
(0.645288 -0.000666752 0)
(0.644921 -0.000648329 0)
(0.644564 -0.00063047 0)
(0.644215 -0.000613087 0)
(0.643876 -0.000596103 0)
(0.643546 -0.000579452 0)
(0.643224 -0.000563078 0)
(0.64291 -0.000546936 0)
(0.642605 -0.000530988 0)
(0.642308 -0.000515206 0)
(0.642019 -0.000499566 0)
(0.641738 -0.00048405 0)
(0.641466 -0.000468645 0)
(0.641201 -0.000453342 0)
(0.640945 -0.000438132 0)
(0.640697 -0.000423012 0)
(0.640457 -0.000407977 0)
(0.640225 -0.000393024 0)
(0.640002 -0.000378152 0)
(0.639787 -0.00036336 0)
(0.639581 -0.000348647 0)
(0.639383 -0.000334016 0)
(0.639194 -0.000319469 0)
(0.639013 -0.00030501 0)
(0.63884 -0.000290647 0)
(0.638677 -0.000276389 0)
(0.638522 -0.00026225 0)
(0.638375 -0.000248245 0)
(0.638237 -0.000234394 0)
(0.638107 -0.00022072 0)
(0.637985 -0.000207249 0)
(0.637871 -0.000194009 0)
(0.637766 -0.000181031 0)
(0.637668 -0.000168349 0)
(0.637578 -0.000155995 0)
(0.637495 -0.000144005 0)
(0.637419 -0.000132412 0)
(0.637349 -0.00012125 0)
(0.637286 -0.000110548 0)
(0.637229 -0.000100335 0)
(0.637178 -9.06349e-05 0)
(0.637133 -8.14674e-05 0)
(0.637092 -7.28482e-05 0)
(0.637056 -6.47877e-05 0)
(0.637024 -5.72915e-05 0)
(0.636997 -5.03601e-05 0)
(0.636973 -4.3989e-05 0)
(0.636952 -3.81685e-05 0)
(0.636934 -3.28843e-05 0)
(0.636919 -2.81178e-05 0)
(0.636906 -2.38472e-05 0)
(0.636896 -2.00477e-05 0)
(0.636887 -1.66916e-05 0)
(0.63688 -1.37495e-05 0)
(0.636874 -1.11909e-05 0)
(0.636869 -8.98424e-06 0)
(0.636865 -7.09809e-06 0)
(0.636862 -5.5013e-06 0)
(0.63686 -4.16283e-06 0)
(0.636859 -3.05367e-06 0)
(0.636858 -2.14571e-06 0)
(0.636857 -1.41317e-06 0)
(0.636856 -8.31741e-07 0)
(0.636856 -3.77913e-07 0)
(0.636856 -3.38531e-08 0)
(0.636856 2.19678e-07 0)
(0.636857 3.98864e-07 0)
(0.636857 5.1804e-07 0)
(0.636857 5.89235e-07 0)
(0.636857 6.22828e-07 0)
(0.636858 6.27817e-07 0)
(0.636858 6.11815e-07 0)
(0.636858 5.8094e-07 0)
(0.636858 5.40027e-07 0)
(0.636859 4.93105e-07 0)
(0.636859 4.43438e-07 0)
(0.636859 3.93251e-07 0)
(0.636859 3.44036e-07 0)
(0.636859 2.97164e-07 0)
(0.63686 2.53668e-07 0)
(0.63686 2.13971e-07 0)
(0.63686 1.78418e-07 0)
(0.63686 1.46997e-07 0)
(0.63686 1.1906e-07 0)
(0.63686 9.48293e-08 0)
(0.63686 7.48229e-08 0)
(0.63686 5.80046e-08 0)
(0.63686 4.3671e-08 0)
(0.63686 3.18166e-08 0)
(0.63686 2.17927e-08 0)
(0.63686 1.38417e-08 0)
(0.63686 7.8075e-09 0)
(0.63686 2.7694e-09 0)
(0.63686 -1.1139e-09 0)
(0.63686 -3.69768e-09 0)
(0.63686 -5.69985e-09 0)
(0.63686 -7.5171e-09 0)
(0.63686 -8.48682e-09 0)
(0.63686 -8.68405e-09 0)
(0.63686 -8.80235e-09 0)
(0.63686 -9.4532e-09 0)
(0.63686 -1.00689e-08 0)
(0.63686 -9.15823e-09 0)
(0.63686 -8.59736e-09 0)
(0.63686 -9.40813e-09 0)
(0.63686 -9.1926e-09 0)
(0.63686 -8.80525e-09 0)
(0.63686 -9.51331e-09 0)
(0.63686 -1.01802e-08 0)
(0.63686 -1.02997e-08 0)
(0.63686 -1.19378e-08 0)
(0.63686 -1.40234e-08 0)
(0.63686 -1.74004e-08 0)
(0.63686 -2.18893e-08 0)
(0.63686 -2.90808e-08 0)
(0.63686 -3.82641e-08 0)
(0.63686 -5.60819e-08 0)
(0.63686 -8.61921e-08 0)
(1.00124 -0.0319585 0)
(1.02548 -0.0779312 0)
(1.05554 -0.10206 0)
(1.0797 -0.112744 0)
(1.09369 -0.116333 0)
(1.0986 -0.114869 0)
(1.09626 -0.109359 0)
(1.08781 -0.101186 0)
(1.07427 -0.0918117 0)
(1.05684 -0.0823152 0)
(1.0368 -0.0733205 0)
(1.0153 -0.0651307 0)
(0.993192 -0.0578541 0)
(0.971095 -0.051485 0)
(0.949434 -0.0459556 0)
(0.928486 -0.0411712 0)
(0.908423 -0.0370321 0)
(0.889333 -0.0334451 0)
(0.87125 -0.0303279 0)
(0.854169 -0.0276098 0)
(0.838063 -0.0252312 0)
(0.82289 -0.0231419 0)
(0.808601 -0.0212998 0)
(0.795145 -0.0196698 0)
(0.782466 -0.0182222 0)
(0.770513 -0.0169321 0)
(0.759234 -0.0157783 0)
(0.748581 -0.0147429 0)
(0.738507 -0.0138108 0)
(0.72897 -0.0129689 0)
(0.71993 -0.0122063 0)
(0.711352 -0.0115133 0)
(0.7032 -0.010882 0)
(0.695445 -0.0103051 0)
(0.688057 -0.00977678 0)
(0.681011 -0.00929159 0)
(0.674282 -0.00884499 0)
(0.66785 -0.00843296 0)
(0.661694 -0.00805198 0)
(0.655795 -0.00769897 0)
(0.650137 -0.00737119 0)
(0.644705 -0.00706623 0)
(0.639483 -0.00678195 0)
(0.63446 -0.00651645 0)
(0.629624 -0.00626804 0)
(0.624963 -0.0060352 0)
(0.620467 -0.00581658 0)
(0.616126 -0.00561097 0)
(0.611933 -0.00541727 0)
(0.60788 -0.00523451 0)
(0.603958 -0.00506179 0)
(0.600161 -0.00489832 0)
(0.596483 -0.00474337 0)
(0.592917 -0.00459628 0)
(0.58946 -0.00445646 0)
(0.586104 -0.00432336 0)
(0.582846 -0.00419649 0)
(0.579682 -0.00407539 0)
(0.576607 -0.00395965 0)
(0.573617 -0.00384889 0)
(0.570709 -0.00374275 0)
(0.56788 -0.00364093 0)
(0.565126 -0.00354312 0)
(0.562445 -0.00344905 0)
(0.559835 -0.00335846 0)
(0.557291 -0.00327113 0)
(0.554813 -0.00318682 0)
(0.552399 -0.00310536 0)
(0.550045 -0.00302653 0)
(0.54775 -0.00295017 0)
(0.545513 -0.00287611 0)
(0.543331 -0.0028042 0)
(0.541204 -0.00273428 0)
(0.539129 -0.00266623 0)
(0.537106 -0.00259992 0)
(0.535133 -0.00253521 0)
(0.533209 -0.002472 0)
(0.531333 -0.00241018 0)
(0.529504 -0.00234963 0)
(0.527722 -0.00229026 0)
(0.525984 -0.00223197 0)
(0.524292 -0.00217467 0)
(0.522643 -0.00211827 0)
(0.521037 -0.00206268 0)
(0.519474 -0.00200783 0)
(0.517953 -0.00195364 0)
(0.516474 -0.00190005 0)
(0.515036 -0.00184699 0)
(0.513639 -0.00179441 0)
(0.512282 -0.00174226 0)
(0.510965 -0.0016905 0)
(0.509688 -0.0016391 0)
(0.508451 -0.00158805 0)
(0.507252 -0.00153735 0)
(0.506092 -0.00148699 0)
(0.504971 -0.001437 0)
(0.503888 -0.00138742 0)
(0.502842 -0.00133828 0)
(0.501833 -0.00128964 0)
(0.500862 -0.00124158 0)
(0.499926 -0.00119417 0)
(0.499026 -0.00114749 0)
(0.498161 -0.00110164 0)
(0.497331 -0.00105672 0)
(0.496533 -0.00101281 0)
(0.495769 -0.000970037 0)
(0.495036 -0.000928476 0)
(0.494333 -0.000888223 0)
(0.493661 -0.000849361 0)
(0.493017 -0.000811964 0)
(0.4924 -0.000776095 0)
(0.49181 -0.000741803 0)
(0.491245 -0.000709125 0)
(0.490704 -0.000678084 0)
(0.490186 -0.000648685 0)
(0.489689 -0.000620922 0)
(0.489213 -0.000594772 0)
(0.488755 -0.0005702 0)
(0.488316 -0.000547158 0)
(0.487894 -0.000525587 0)
(0.487487 -0.000505418 0)
(0.487096 -0.000486572 0)
(0.486718 -0.000468968 0)
(0.486353 -0.000452515 0)
(0.486 -0.000437124 0)
(0.485659 -0.000422702 0)
(0.485329 -0.000409157 0)
(0.485008 -0.000396399 0)
(0.484698 -0.000384343 0)
(0.484396 -0.000372905 0)
(0.484103 -0.000362008 0)
(0.483818 -0.000351582 0)
(0.483541 -0.000341563 0)
(0.483272 -0.000331893 0)
(0.48301 -0.000322522 0)
(0.482755 -0.000313406 0)
(0.482507 -0.000304509 0)
(0.482266 -0.0002958 0)
(0.482032 -0.000287256 0)
(0.481804 -0.000278856 0)
(0.481583 -0.000270586 0)
(0.481369 -0.000262436 0)
(0.481161 -0.000254397 0)
(0.48096 -0.000246464 0)
(0.480765 -0.000238632 0)
(0.480576 -0.0002309 0)
(0.480394 -0.000223263 0)
(0.480218 -0.00021572 0)
(0.480048 -0.000208267 0)
(0.479885 -0.0002009 0)
(0.479728 -0.000193615 0)
(0.479577 -0.000186407 0)
(0.479433 -0.000179269 0)
(0.479295 -0.000172197 0)
(0.479163 -0.000165183 0)
(0.479037 -0.000158223 0)
(0.478918 -0.000151312 0)
(0.478804 -0.000144447 0)
(0.478696 -0.000137626 0)
(0.478595 -0.00013085 0)
(0.478499 -0.000124121 0)
(0.478409 -0.000117446 0)
(0.478325 -0.000110833 0)
(0.478246 -0.00010429 0)
(0.478173 -9.78316e-05 0)
(0.478105 -9.14722e-05 0)
(0.478042 -8.52286e-05 0)
(0.477984 -7.91187e-05 0)
(0.477931 -7.31616e-05 0)
(0.477883 -6.73765e-05 0)
(0.477839 -6.17828e-05 0)
(0.477799 -5.63987e-05 0)
(0.477763 -5.12413e-05 0)
(0.477731 -4.63261e-05 0)
(0.477702 -4.16662e-05 0)
(0.477677 -3.72727e-05 0)
(0.477654 -3.3154e-05 0)
(0.477634 -2.93158e-05 0)
(0.477617 -2.57605e-05 0)
(0.477602 -2.24877e-05 0)
(0.477589 -1.94942e-05 0)
(0.477578 -1.67742e-05 0)
(0.477569 -1.43195e-05 0)
(0.477561 -1.21199e-05 0)
(0.477555 -1.0163e-05 0)
(0.47755 -8.43543e-06 0)
(0.477545 -6.92255e-06 0)
(0.477542 -5.60852e-06 0)
(0.477539 -4.47719e-06 0)
(0.477537 -3.51202e-06 0)
(0.477535 -2.69664e-06 0)
(0.477534 -2.01551e-06 0)
(0.477534 -1.453e-06 0)
(0.477533 -9.94596e-07 0)
(0.477533 -6.26827e-07 0)
(0.477533 -3.36665e-07 0)
(0.477533 -1.13174e-07 0)
(0.477533 5.49641e-08 0)
(0.477533 1.76716e-07 0)
(0.477533 2.60717e-07 0)
(0.477533 3.1428e-07 0)
(0.477533 3.43804e-07 0)
(0.477534 3.5476e-07 0)
(0.477534 3.51626e-07 0)
(0.477534 3.38255e-07 0)
(0.477534 3.17988e-07 0)
(0.477535 2.93389e-07 0)
(0.477535 2.66181e-07 0)
(0.477535 2.37655e-07 0)
(0.477535 2.09155e-07 0)
(0.477535 1.81904e-07 0)
(0.477535 1.56481e-07 0)
(0.477535 1.32966e-07 0)
(0.477535 1.11487e-07 0)
(0.477535 9.21284e-08 0)
(0.477536 7.50275e-08 0)
(0.477536 6.05801e-08 0)
(0.477536 4.84876e-08 0)
(0.477536 3.8044e-08 0)
(0.477536 2.89226e-08 0)
(0.477536 2.09612e-08 0)
(0.477536 1.48036e-08 0)
(0.477536 1.0229e-08 0)
(0.477536 6.13987e-09 0)
(0.477536 2.82523e-09 0)
(0.477536 3.70335e-10 0)
(0.477536 -1.42713e-09 0)
(0.477536 -2.66226e-09 0)
(0.477536 -3.80263e-09 0)
(0.477536 -4.42267e-09 0)
(0.477536 -4.52752e-09 0)
(0.477536 -4.79879e-09 0)
(0.477536 -5.00848e-09 0)
(0.477536 -5.15037e-09 0)
(0.477536 -4.68894e-09 0)
(0.477536 -3.90952e-09 0)
(0.477536 -4.10927e-09 0)
(0.477536 -4.47668e-09 0)
(0.477536 -4.17289e-09 0)
(0.477536 -4.17658e-09 0)
(0.477536 -4.84261e-09 0)
(0.477536 -5.13631e-09 0)
(0.477536 -5.79068e-09 0)
(0.477536 -7.47635e-09 0)
(0.477536 -1.02291e-08 0)
(0.477536 -1.35969e-08 0)
(0.477536 -2.02825e-08 0)
(0.477536 -2.86614e-08 0)
(0.477536 -4.52729e-08 0)
(0.477535 -6.81401e-08 0)
(1.0015 -0.0570148 0)
(1.03215 -0.110506 0)
(1.04863 -0.125529 0)
(1.04026 -0.125395 0)
(1.01344 -0.118815 0)
(0.977524 -0.107699 0)
(0.937342 -0.0934588 0)
(0.895124 -0.0781843 0)
(0.852575 -0.0636918 0)
(0.811342 -0.0510279 0)
(0.772697 -0.0405903 0)
(0.737351 -0.0323694 0)
(0.705525 -0.0261121 0)
(0.677117 -0.0214477 0)
(0.65185 -0.0179908 0)
(0.629373 -0.0154061 0)
(0.609324 -0.0134335 0)
(0.591365 -0.0118866 0)
(0.575196 -0.0106379 0)
(0.560564 -0.00960318 0)
(0.547255 -0.00872736 0)
(0.535092 -0.00797409 0)
(0.523928 -0.00731882 0)
(0.513641 -0.00674417 0)
(0.504127 -0.0062372 0)
(0.495299 -0.00578779 0)
(0.487084 -0.00538774 0)
(0.479416 -0.00503025 0)
(0.472241 -0.00470961 0)
(0.465511 -0.00442099 0)
(0.459183 -0.00416028 0)
(0.45322 -0.003924 0)
(0.44759 -0.00370918 0)
(0.442263 -0.00351326 0)
(0.437215 -0.00333408 0)
(0.432421 -0.00316975 0)
(0.427862 -0.00301865 0)
(0.423519 -0.00287937 0)
(0.419375 -0.00275067 0)
(0.415417 -0.00263149 0)
(0.41163 -0.00252088 0)
(0.408003 -0.00241799 0)
(0.404524 -0.0023221 0)
(0.401184 -0.00223255 0)
(0.397974 -0.00214877 0)
(0.394884 -0.00207022 0)
(0.391909 -0.00199646 0)
(0.38904 -0.00192707 0)
(0.386272 -0.00186168 0)
(0.383599 -0.00179996 0)
(0.381015 -0.0017416 0)
(0.378516 -0.00168634 0)
(0.376098 -0.00163393 0)
(0.373755 -0.00158415 0)
(0.371485 -0.00153681 0)
(0.369283 -0.00149172 0)
(0.367147 -0.00144872 0)
(0.365073 -0.00140765 0)
(0.363058 -0.00136838 0)
(0.361101 -0.00133078 0)
(0.359198 -0.00129473 0)
(0.357348 -0.00126014 0)
(0.355548 -0.0012269 0)
(0.353796 -0.00119492 0)
(0.35209 -0.00116412 0)
(0.35043 -0.00113442 0)
(0.348812 -0.00110575 0)
(0.347236 -0.00107804 0)
(0.3457 -0.00105124 0)
(0.344204 -0.00102528 0)
(0.342745 -0.0010001 0)
(0.341322 -0.000975671 0)
(0.339936 -0.000951928 0)
(0.338584 -0.000928831 0)
(0.337266 -0.000906336 0)
(0.33598 -0.000884403 0)
(0.334727 -0.000862993 0)
(0.333506 -0.000842068 0)
(0.332315 -0.000821592 0)
(0.331154 -0.000801531 0)
(0.330023 -0.000781849 0)
(0.328921 -0.000762515 0)
(0.327847 -0.000743496 0)
(0.326801 -0.00072476 0)
(0.325784 -0.000706277 0)
(0.324793 -0.000688018 0)
(0.32383 -0.000669955 0)
(0.322894 -0.000652061 0)
(0.321984 -0.000634312 0)
(0.321101 -0.000616687 0)
(0.320243 -0.000599165 0)
(0.319412 -0.000581732 0)
(0.318606 -0.000564376 0)
(0.317826 -0.00054709 0)
(0.317072 -0.000529869 0)
(0.316342 -0.000512717 0)
(0.315638 -0.000495641 0)
(0.314958 -0.000478654 0)
(0.314303 -0.000461772 0)
(0.313672 -0.000445018 0)
(0.313065 -0.00042842 0)
(0.312482 -0.000412008 0)
(0.311922 -0.000395818 0)
(0.311385 -0.000379885 0)
(0.310869 -0.00036425 0)
(0.310376 -0.00034895 0)
(0.309903 -0.000334026 0)
(0.309451 -0.000319516 0)
(0.309019 -0.000305455 0)
(0.308606 -0.000291877 0)
(0.308211 -0.000278811 0)
(0.307834 -0.000266283 0)
(0.307473 -0.000254311 0)
(0.307128 -0.000242912 0)
(0.306798 -0.000232093 0)
(0.306482 -0.000221857 0)
(0.30618 -0.000212203 0)
(0.30589 -0.000203123 0)
(0.305612 -0.000194602 0)
(0.305345 -0.000186624 0)
(0.305088 -0.000179167 0)
(0.304841 -0.000172206 0)
(0.304603 -0.00016571 0)
(0.304374 -0.000159651 0)
(0.304152 -0.000153996 0)
(0.303938 -0.000148713 0)
(0.303731 -0.000143767 0)
(0.30353 -0.000139127 0)
(0.303336 -0.000134761 0)
(0.303147 -0.000130638 0)
(0.302964 -0.00012673 0)
(0.302786 -0.000123011 0)
(0.302613 -0.000119457 0)
(0.302445 -0.000116048 0)
(0.302282 -0.000112765 0)
(0.302123 -0.000109591 0)
(0.301969 -0.000106515 0)
(0.30182 -0.000103525 0)
(0.301674 -0.000100614 0)
(0.301533 -9.77736e-05 0)
(0.301396 -9.50006e-05 0)
(0.301263 -9.22911e-05 0)
(0.301135 -8.96424e-05 0)
(0.30101 -8.70526e-05 0)
(0.300889 -8.45202e-05 0)
(0.300772 -8.20436e-05 0)
(0.300659 -7.96207e-05 0)
(0.30055 -7.72492e-05 0)
(0.300445 -7.49258e-05 0)
(0.300343 -7.26465e-05 0)
(0.300245 -7.04067e-05 0)
(0.300151 -6.82009e-05 0)
(0.30006 -6.60231e-05 0)
(0.299973 -6.38666e-05 0)
(0.299889 -6.17246e-05 0)
(0.299809 -5.95902e-05 0)
(0.299733 -5.74569e-05 0)
(0.29966 -5.53188e-05 0)
(0.29959 -5.31711e-05 0)
(0.299524 -5.10096e-05 0)
(0.299462 -4.88318e-05 0)
(0.299403 -4.66365e-05 0)
(0.299347 -4.4424e-05 0)
(0.299294 -4.21965e-05 0)
(0.299245 -3.99575e-05 0)
(0.299199 -3.77124e-05 0)
(0.299156 -3.54678e-05 0)
(0.299116 -3.32317e-05 0)
(0.299079 -3.1013e-05 0)
(0.299045 -2.88214e-05 0)
(0.299014 -2.66672e-05 0)
(0.298986 -2.45606e-05 0)
(0.29896 -2.25115e-05 0)
(0.298936 -2.05297e-05 0)
(0.298915 -1.86242e-05 0)
(0.298897 -1.68033e-05 0)
(0.29888 -1.50743e-05 0)
(0.298865 -1.34428e-05 0)
(0.298852 -1.19136e-05 0)
(0.298841 -1.04895e-05 0)
(0.298831 -9.17255e-06 0)
(0.298822 -7.96298e-06 0)
(0.298815 -6.85993e-06 0)
(0.298809 -5.86133e-06 0)
(0.298804 -4.96413e-06 0)
(0.298799 -4.16429e-06 0)
(0.298796 -3.45705e-06 0)
(0.298793 -2.83674e-06 0)
(0.298791 -2.29721e-06 0)
(0.298789 -1.83231e-06 0)
(0.298787 -1.43554e-06 0)
(0.298786 -1.10035e-06 0)
(0.298786 -8.2044e-07 0)
(0.298785 -5.89578e-07 0)
(0.298785 -4.01969e-07 0)
(0.298785 -2.52e-07 0)
(0.298784 -1.34042e-07 0)
(0.298784 -4.2933e-08 0)
(0.298785 2.62189e-08 0)
(0.298785 7.63277e-08 0)
(0.298785 1.10648e-07 0)
(0.298785 1.32258e-07 0)
(0.298785 1.43786e-07 0)
(0.298785 1.47662e-07 0)
(0.298785 1.4597e-07 0)
(0.298786 1.40242e-07 0)
(0.298786 1.31612e-07 0)
(0.298786 1.21035e-07 0)
(0.298786 1.09349e-07 0)
(0.298786 9.73595e-08 0)
(0.298786 8.56807e-08 0)
(0.298786 7.44933e-08 0)
(0.298786 6.38425e-08 0)
(0.298786 5.3953e-08 0)
(0.298786 4.49166e-08 0)
(0.298787 3.69278e-08 0)
(0.298787 3.04104e-08 0)
(0.298787 2.48261e-08 0)
(0.298787 1.95323e-08 0)
(0.298787 1.50162e-08 0)
(0.298787 1.12574e-08 0)
(0.298787 8.22706e-09 0)
(0.298787 6.06445e-09 0)
(0.298787 4.03842e-09 0)
(0.298787 2.19025e-09 0)
(0.298787 9.80044e-10 0)
(0.298787 2.70277e-10 0)
(0.298787 -3.34252e-10 0)
(0.298787 -1.02598e-09 0)
(0.298787 -1.34807e-09 0)
(0.298787 -1.31635e-09 0)
(0.298787 -1.66906e-09 0)
(0.298787 -1.97436e-09 0)
(0.298787 -1.63432e-09 0)
(0.298787 -1.25509e-09 0)
(0.298787 -1.19893e-09 0)
(0.298787 -1.18925e-09 0)
(0.298787 -1.14791e-09 0)
(0.298787 -1.05501e-09 0)
(0.298787 -8.91729e-10 0)
(0.298787 -1.00092e-09 0)
(0.298787 -1.18492e-09 0)
(0.298787 -1.35369e-09 0)
(0.298787 -1.99364e-09 0)
(0.298787 -3.54476e-09 0)
(0.298787 -5.3217e-09 0)
(0.298787 -9.14456e-09 0)
(0.298787 -1.49306e-08 0)
(0.298787 -2.69315e-08 0)
(0.298787 -4.13242e-08 0)
(0.918652 -0.0369161 0)
(0.858164 -0.0654137 0)
(0.774044 -0.0677391 0)
(0.669818 -0.0612503 0)
(0.570553 -0.0517058 0)
(0.488783 -0.0405942 0)
(0.424159 -0.0294551 0)
(0.373266 -0.0199368 0)
(0.333605 -0.0127914 0)
(0.303201 -0.00790555 0)
(0.280055 -0.00481033 0)
(0.262291 -0.00299563 0)
(0.248373 -0.00201976 0)
(0.237153 -0.00154171 0)
(0.227824 -0.00132668 0)
(0.219843 -0.00123165 0)
(0.212859 -0.00117993 0)
(0.206644 -0.0011362 0)
(0.20105 -0.00108767 0)
(0.195979 -0.00103237 0)
(0.191355 -0.000972538 0)
(0.187123 -0.000911305 0)
(0.183236 -0.000851347 0)
(0.179656 -0.000794467 0)
(0.176346 -0.000741644 0)
(0.173279 -0.000693242 0)
(0.170426 -0.000649229 0)
(0.167767 -0.000609348 0)
(0.16528 -0.000573241 0)
(0.162948 -0.000540521 0)
(0.160756 -0.000510812 0)
(0.158691 -0.000483771 0)
(0.156741 -0.000459092 0)
(0.154896 -0.000436507 0)
(0.153146 -0.000415782 0)
(0.151484 -0.000396715 0)
(0.149903 -0.000379129 0)
(0.148395 -0.00036287 0)
(0.146956 -0.000347802 0)
(0.14558 -0.000333806 0)
(0.144263 -0.000320779 0)
(0.143 -0.000308626 0)
(0.141787 -0.000297266 0)
(0.140622 -0.000286626 0)
(0.139501 -0.000276642 0)
(0.138421 -0.000267254 0)
(0.13738 -0.000258411 0)
(0.136376 -0.000250067 0)
(0.135406 -0.000242181 0)
(0.134468 -0.000234715 0)
(0.133561 -0.000227637 0)
(0.132683 -0.000220915 0)
(0.131833 -0.000214524 0)
(0.131008 -0.000208437 0)
(0.130208 -0.000202634 0)
(0.129432 -0.000197094 0)
(0.128678 -0.000191799 0)
(0.127946 -0.000186732 0)
(0.127234 -0.000181879 0)
(0.126542 -0.000177224 0)
(0.125868 -0.000172756 0)
(0.125212 -0.000168463 0)
(0.124574 -0.000164334 0)
(0.123952 -0.000160359 0)
(0.123347 -0.00015653 0)
(0.122756 -0.000152838 0)
(0.122181 -0.000149275 0)
(0.12162 -0.000145833 0)
(0.121072 -0.000142507 0)
(0.120538 -0.000139289 0)
(0.120017 -0.000136174 0)
(0.119509 -0.000133157 0)
(0.119013 -0.000130231 0)
(0.118529 -0.000127393 0)
(0.118056 -0.000124636 0)
(0.117595 -0.000121957 0)
(0.117145 -0.000119351 0)
(0.116705 -0.000116813 0)
(0.116276 -0.000114339 0)
(0.115857 -0.000111924 0)
(0.115448 -0.000109563 0)
(0.115049 -0.000107252 0)
(0.114659 -0.000104986 0)
(0.114279 -0.000102759 0)
(0.113909 -0.000100567 0)
(0.113548 -9.8403e-05 0)
(0.113195 -9.62621e-05 0)
(0.112852 -9.41384e-05 0)
(0.112518 -9.20261e-05 0)
(0.112193 -8.99195e-05 0)
(0.111877 -8.78132e-05 0)
(0.111569 -8.5702e-05 0)
(0.11127 -8.35813e-05 0)
(0.11098 -8.14469e-05 0)
(0.110699 -7.92955e-05 0)
(0.110426 -7.71246e-05 0)
(0.110162 -7.49328e-05 0)
(0.109907 -7.27195e-05 0)
(0.10966 -7.04853e-05 0)
(0.109422 -6.82323e-05 0)
(0.109192 -6.59634e-05 0)
(0.108971 -6.36828e-05 0)
(0.108759 -6.13957e-05 0)
(0.108554 -5.91082e-05 0)
(0.108358 -5.68275e-05 0)
(0.10817 -5.4561e-05 0)
(0.10799 -5.23168e-05 0)
(0.107817 -5.01033e-05 0)
(0.107652 -4.79289e-05 0)
(0.107495 -4.58018e-05 0)
(0.107344 -4.37302e-05 0)
(0.1072 -4.17213e-05 0)
(0.107063 -3.97819e-05 0)
(0.106931 -3.79179e-05 0)
(0.106806 -3.61342e-05 0)
(0.106686 -3.44347e-05 0)
(0.106572 -3.28222e-05 0)
(0.106463 -3.12986e-05 0)
(0.106358 -2.98644e-05 0)
(0.106258 -2.85193e-05 0)
(0.106162 -2.7262e-05 0)
(0.106069 -2.60901e-05 0)
(0.105981 -2.50004e-05 0)
(0.105895 -2.39893e-05 0)
(0.105813 -2.30525e-05 0)
(0.105734 -2.21852e-05 0)
(0.105658 -2.13824e-05 0)
(0.105584 -2.0639e-05 0)
(0.105512 -1.99496e-05 0)
(0.105443 -1.93092e-05 0)
(0.105376 -1.87129e-05 0)
(0.105311 -1.81558e-05 0)
(0.105247 -1.76339e-05 0)
(0.105186 -1.71432e-05 0)
(0.105126 -1.66803e-05 0)
(0.105068 -1.62421e-05 0)
(0.105012 -1.58262e-05 0)
(0.104957 -1.54305e-05 0)
(0.104903 -1.50536e-05 0)
(0.104851 -1.46941e-05 0)
(0.104801 -1.43512e-05 0)
(0.104752 -1.40243e-05 0)
(0.104704 -1.37126e-05 0)
(0.104658 -1.34158e-05 0)
(0.104613 -1.31335e-05 0)
(0.104569 -1.28651e-05 0)
(0.104526 -1.26099e-05 0)
(0.104485 -1.23671e-05 0)
(0.104445 -1.21355e-05 0)
(0.104405 -1.19135e-05 0)
(0.104367 -1.16995e-05 0)
(0.104331 -1.14914e-05 0)
(0.104295 -1.12871e-05 0)
(0.10426 -1.10839e-05 0)
(0.104226 -1.08794e-05 0)
(0.104194 -1.06707e-05 0)
(0.104162 -1.04553e-05 0)
(0.104132 -1.02306e-05 0)
(0.104102 -9.99439e-06 0)
(0.104074 -9.74466e-06 0)
(0.104047 -9.47969e-06 0)
(0.104021 -9.19824e-06 0)
(0.103995 -8.89963e-06 0)
(0.103972 -8.58364e-06 0)
(0.103949 -8.25058e-06 0)
(0.103927 -7.90126e-06 0)
(0.103907 -7.53698e-06 0)
(0.103888 -7.15959e-06 0)
(0.10387 -6.77136e-06 0)
(0.103853 -6.37489e-06 0)
(0.103837 -5.97298e-06 0)
(0.103822 -5.56857e-06 0)
(0.103809 -5.1647e-06 0)
(0.103797 -4.76447e-06 0)
(0.103786 -4.37092e-06 0)
(0.103775 -3.98695e-06 0)
(0.103766 -3.6152e-06 0)
(0.103758 -3.25805e-06 0)
(0.103751 -2.91756e-06 0)
(0.103744 -2.59546e-06 0)
(0.103738 -2.2931e-06 0)
(0.103733 -2.01141e-06 0)
(0.103729 -1.75103e-06 0)
(0.103725 -1.51227e-06 0)
(0.103722 -1.2951e-06 0)
(0.103719 -1.09918e-06 0)
(0.103717 -9.23891e-07 0)
(0.103715 -7.68354e-07 0)
(0.103713 -6.31556e-07 0)
(0.103712 -5.12372e-07 0)
(0.103711 -4.09448e-07 0)
(0.10371 -3.21511e-07 0)
(0.10371 -2.47214e-07 0)
(0.103709 -1.85167e-07 0)
(0.103709 -1.34249e-07 0)
(0.103709 -9.3001e-08 0)
(0.103709 -5.98882e-08 0)
(0.103709 -3.37093e-08 0)
(0.103709 -1.23345e-08 0)
(0.103709 3.80562e-09 0)
(0.103709 1.53128e-08 0)
(0.103709 2.31004e-08 0)
(0.103709 2.80118e-08 0)
(0.103709 3.0754e-08 0)
(0.103709 3.1809e-08 0)
(0.103709 3.15421e-08 0)
(0.103709 3.03239e-08 0)
(0.103709 2.84721e-08 0)
(0.103709 2.62065e-08 0)
(0.103709 2.37125e-08 0)
(0.103709 2.11355e-08 0)
(0.103709 1.85465e-08 0)
(0.103709 1.60253e-08 0)
(0.10371 1.3678e-08 0)
(0.10371 1.15521e-08 0)
(0.10371 9.69166e-09 0)
(0.10371 8.12055e-09 0)
(0.10371 6.6898e-09 0)
(0.10371 5.29328e-09 0)
(0.10371 4.07512e-09 0)
(0.10371 3.17852e-09 0)
(0.10371 2.5245e-09 0)
(0.10371 1.926e-09 0)
(0.10371 1.33579e-09 0)
(0.10371 8.33512e-10 0)
(0.10371 5.28008e-10 0)
(0.10371 3.69222e-10 0)
(0.10371 1.3142e-10 0)
(0.10371 -1.94555e-10 0)
(0.10371 -3.34626e-10 0)
(0.10371 -3.38437e-10 0)
(0.10371 -4.04045e-10 0)
(0.10371 -4.53689e-10 0)
(0.10371 -3.27173e-10 0)
(0.10371 -9.93372e-11 0)
(0.10371 4.38039e-11 0)
(0.10371 7.86786e-11 0)
(0.10371 1.46905e-10 0)
(0.10371 2.48309e-10 0)
(0.10371 2.61125e-10 0)
(0.10371 2.16219e-10 0)
(0.10371 2.7079e-10 0)
(0.10371 2.9752e-10 0)
(0.10371 1.39217e-10 0)
(0.10371 -2.6621e-10 0)
(0.10371 -8.88483e-10 0)
(0.10371 -2.18202e-09 0)
(0.10371 -4.54806e-09 0)
(0.10371 -9.15857e-09 0)
(0.10371 -1.37165e-08 0)
)
;

boundaryField
{
    inlet
    {
        type            fixedValue;
        value           uniform (1 0 0);
    }
    outlet
    {
        type            zeroGradient;
    }
    bottomWall
    {
        type            noSlip;
    }
    topWall
    {
        type            noSlip;
    }
    front
    {
        type            empty;
    }
    back
    {
        type            empty;
    }
}


// ************************************************************************* //
