/*--------------------------------*- C++ -*----------------------------------*\
| =========                 |                                                 |
| \\      /  F ield         | OpenFOAM: The Open Source CFD Toolbox           |
|  \\    /   O peration     | Version:  2512                                  |
|   \\  /    A nd           | Website:  www.openfoam.com                      |
|    \\/     M anipulation  |                                                 |
\*---------------------------------------------------------------------------*/
FoamFile
{
    version     2.0;
    format      ascii;
    arch        "LSB;label=32;scalar=64";
    class       pointVectorField;
    location    "800";
    object      pointDisplacement;
}
// * * * * * * * * * * * * * * * * * * * * * * * * * * * * * * * * * * * * * //

dimensions      [0 1 0 0 0 0 0];

internalField   nonuniform List<vector> 
32987
(
(0 0 0)
(0 0 0)
(0 0 0)
(0 0 0)
(0 0 0)
(0 0 0)
(0 0 0)
(0 0 0)
(0 0 0)
(0 0 0)
(0 0 0)
(0 0 0)
(0 0 0)
(0 0 0)
(0 0 0)
(0 0 0)
(0 0 0)
(0 0 0)
(0 0 0)
(0 0 0)
(0 0 0)
(0 0 0)
(0 -1.6711227e-07 0)
(0 -3.3652868e-07 0)
(0 -5.1061101e-07 0)
(0 -6.9182455e-07 0)
(0 -8.8279204e-07 0)
(0 -1.0863489e-06 0)
(0 -1.3056004e-06 0)
(0 -1.5439807e-06 0)
(0 -1.8053135e-06 0)
(0 -2.0938732e-06 0)
(0 -2.4144457e-06 0)
(0 -2.7723854e-06 0)
(0 -3.1736657e-06 0)
(0 -3.6249183e-06 0)
(0 -4.1334556e-06 0)
(0 -4.7072673e-06 0)
(0 -5.3549844e-06 0)
(0 -6.0857994e-06 0)
(0 -6.9093392e-06 0)
(0 -7.7670805e-06 0)
(0 0 0)
(0 -3.3011798e-07 0)
(0 -6.6475274e-07 0)
(0 -1.0085347e-06 0)
(0 -1.3662991e-06 0)
(0 -1.7431934e-06 0)
(0 -2.1447868e-06 0)
(0 -2.5771847e-06 0)
(0 -3.0471479e-06 0)
(0 -3.5622144e-06 0)
(0 -4.1308261e-06 0)
(0 -4.7624527e-06 0)
(0 -5.467713e-06 0)
(0 -6.258484e-06 0)
(0 -7.1479901e-06 0)
(0 -8.1508605e-06 0)
(0 -9.283139e-06 0)
(0 -1.0562229e-05 0)
(0 -1.2006753e-05 0)
(0 -1.3636314e-05 0)
(0 -1.5335548e-05 0)
(0 0 0)
(0 -4.8507421e-07 0)
(0 -9.766968e-07 0)
(0 -1.4815822e-06 0)
(0 -2.0067468e-06 0)
(0 -2.559667e-06 0)
(0 -3.1484429e-06 0)
(0 -3.7819689e-06 0)
(0 -4.4701137e-06 0)
(0 -5.2239075e-06 0)
(0 -6.0557363e-06 0)
(0 -6.9795399e-06 0)
(0 -8.0110071e-06 0)
(0 -9.1677595e-06 0)
(0 -1.0469512e-05 0)
(0 -1.1938193e-05 0)
(0 -1.3597998e-05 0)
(0 -1.5475352e-05 0)
(0 -1.759875e-05 0)
(0 -1.9998446e-05 0)
(0 -2.2505671e-05 0)
(0 0 0)
(0 -6.2836186e-07 0)
(0 -1.2650372e-06 0)
(0 -1.9185526e-06 0)
(0 -2.597826e-06 0)
(0 -3.3123724e-06 0)
(0 -4.0725186e-06 0)
(0 -4.8896291e-06 0)
(0 -5.776347e-06 0)
(0 -6.746849e-06 0)
(0 -7.8171142e-06 0)
(0 -9.0052052e-06 0)
(0 -1.0331553e-05 0)
(0 -1.1819239e-05 0)
(0 -1.3494258e-05 0)
(0 -1.5385736e-05 0)
(0 -1.7526084e-05 0)
(0 -1.995104e-05 0)
(0 -2.2699549e-05 0)
(0 -2.5813453e-05 0)
(0 -2.9075902e-05 0)
(0 0 0)
(0 -7.568381e-07 0)
(0 -1.5234098e-06 0)
(0 -2.3097014e-06 0)
(0 -3.1261681e-06 0)
(0 -3.9839827e-06 0)
(0 -4.8952958e-06 0)
(0 -5.8735149e-06 0)
(0 -6.9336042e-06 0)
(0 -8.0924081e-06 0)
(0 -9.3690007e-06 0)
(0 -1.0785059e-05 0)
(0 -1.2365256e-05 0)
(0 -1.4137667e-05 0)
(0 -1.6134172e-05 0)
(0 -1.8390827e-05 0)
(0 -2.0948186e-05 0)
(0 -2.3851502e-05 0)
(0 -2.7150759e-05 0)
(0 -3.0900472e-05 0)
(0 -3.484309e-05 0)
(0 0 0)
(0 -8.6797624e-07 0)
(0 -1.7466933e-06 0)
(0 -2.6471741e-06 0)
(0 -3.5809721e-06 0)
(0 -4.560454e-06 0)
(0 -5.5990995e-06 0)
(0 -6.7118257e-06 0)
(0 -7.915342e-06 0)
(0 -9.2285405e-06 0)
(0 -1.0672926e-05 0)
(0 -1.2273091e-05 0)
(0 -1.405723e-05 0)
(0 -1.6057696e-05 0)
(0 -1.8311585e-05 0)
(0 -2.0861327e-05 0)
(0 -2.3755247e-05 0)
(0 -2.7048054e-05 0)
(0 -3.0801166e-05 0)
(0 -3.5082791e-05 0)
(0 -3.9604271e-05 0)
(0 0 0)
(0 -9.5998665e-07 0)
(0 -1.931255e-06 0)
(0 -2.925386e-06 0)
(0 -3.9545309e-06 0)
(0 -5.0317171e-06 0)
(0 -6.1711767e-06 0)
(0 -7.3887061e-06 0)
(0 -8.7020661e-06 0)
(0 -1.0131431e-05 0)
(0 -1.1699894e-05 0)
(0 -1.3434045e-05 0)
(0 -1.5364613e-05 0)
(0 -1.7527192e-05 0)
(0 -1.9963043e-05 0)
(0 -2.2719961e-05 0)
(0 -2.5853184e-05 0)
(0 -2.942629e-05 0)
(0 -3.3512016e-05 0)
(0 -3.8192865e-05 0)
(0 -4.3160956e-05 0)
(0 0 0)
(0 -1.0319113e-06 0)
(0 -2.0751449e-06 0)
(0 -3.1413246e-06 0)
(0 -4.2426572e-06 0)
(0 -5.3922476e-06 0)
(0 -6.6044407e-06 0)
(0 -7.8952012e-06 0)
(0 -9.2825428e-06 0)
(0 -1.0787021e-05 0)
(0 -1.2432299e-05 0)
(0 -1.4245812e-05 0)
(0 -1.6259536e-05 0)
(0 -1.8510882e-05 0)
(0 -2.1043734e-05 0)
(0 -2.3909638e-05 0)
(0 -2.7169137e-05 0)
(0 -3.0893233e-05 0)
(0 -3.5164906e-05 0)
(0 -4.0080592e-05 0)
(0 -4.5327192e-05 0)
(0 0 0)
(0 -1.0836839e-06 0)
(0 -2.1782199e-06 0)
(0 -3.2947482e-06 0)
(0 -4.4449723e-06 0)
(0 -5.6414668e-06 0)
(0 -6.8980143e-06 0)
(0 -8.2299843e-06 0)
(0 -9.6547696e-06 0)
(0 -1.1192296e-05 0)
(0 -1.2865622e-05 0)
(0 -1.4701662e-05 0)
(0 -1.6732042e-05 0)
(0 -1.8994148e-05 0)
(0 -2.1532375e-05 0)
(0 -2.4399644e-05 0)
(0 -2.7659205e-05 0)
(0 -3.1386768e-05 0)
(0 -3.5672951e-05 0)
(0 -4.0625976e-05 0)
(0 -4.5943077e-05 0)
(0 0 0)
(0 -1.1161466e-06 0)
(0 -2.2421827e-06 0)
(0 -3.388254e-06 0)
(0 -4.5650164e-06 0)
(0 -5.7839155e-06 0)
(0 -7.0574967e-06 0)
(0 -8.3997596e-06 0)
(0 -9.8265712e-06 0)
(0 -1.1356157e-05 0)
(0 -1.3009696e-05 0)
(0 -1.4812043e-05 0)
(0 -1.6792631e-05 0)
(0 -1.8986584e-05 0)
(0 -2.1436122e-05 0)
(0 -2.4192327e-05 0)
(0 -2.731737e-05 0)
(0 -3.0887315e-05 0)
(0 -3.49956e-05 0)
(0 -3.9757281e-05 0)
(0 -4.4895741e-05 0)
(0 0 0)
(0 -1.1310186e-06 0)
(0 -2.2705189e-06 0)
(0 -3.4271911e-06 0)
(0 -4.6101465e-06 0)
(0 -5.82915e-06 0)
(0 -7.0948807e-06 0)
(0 -8.4192338e-06 0)
(0 -9.8156765e-06 0)
(0 -1.129968e-05 0)
(0 -1.2889252e-05 0)
(0 -1.4605597e-05 0)
(0 -1.6473964e-05 0)
(0 -1.8524725e-05 0)
(0 -2.0794782e-05 0)
(0 -2.3329416e-05 0)
(0 -2.6184741e-05 0)
(0 -2.9430974e-05 0)
(0 -3.3156813e-05 0)
(0 -3.7475241e-05 0)
(0 -4.2149693e-05 0)
(0 0 0)
(0 -1.1308091e-06 0)
(0 -2.2683257e-06 0)
(0 -3.4194028e-06 0)
(0 -4.5911939e-06 0)
(0 -5.7913198e-06 0)
(0 -7.0280582e-06 0)
(0 -8.3105654e-06 0)
(0 -9.649142e-06 0)
(0 -1.1055561e-05 0)
(0 -1.2543477e-05 0)
(0 -1.412895e-05 0)
(0 -1.583112e-05 0)
(0 -1.7673107e-05 0)
(0 -1.9683208e-05 0)
(0 -2.1896545e-05 0)
(0 -2.4357352e-05 0)
(0 -2.7122219e-05 0)
(0 -3.0264753e-05 0)
(0 -3.388231e-05 0)
(0 -3.7787238e-05 0)
(0 0 0)
(0 -1.1186783e-06 0)
(0 -2.2420289e-06 0)
(0 -3.3747956e-06 0)
(0 -4.5218771e-06 0)
(0 -5.6884135e-06 0)
(0 -6.8798872e-06 0)
(0 -8.1022423e-06 0)
(0 -9.3620319e-06 0)
(0 -1.0666602e-05 0)
(0 -1.2024327e-05 0)
(0 -1.3444913e-05 0)
(0 -1.4939806e-05 0)
(0 -1.6522736e-05 0)
(0 -1.8210476e-05 0)
(0 -2.0023915e-05 0)
(0 -2.1989641e-05 0)
(0 -2.4142332e-05 0)
(0 -2.6528491e-05 0)
(0 -2.9212433e-05 0)
(0 -3.2056061e-05 0)
(0 0 0)
(0 -1.0982484e-06 0)
(0 -2.1990002e-06 0)
(0 -3.3047502e-06 0)
(0 -4.4179871e-06 0)
(0 -5.541192e-06 0)
(0 -6.6768389e-06 0)
(0 -7.8273992e-06 0)
(0 -8.9953514e-06 0)
(0 -1.0183197e-05 0)
(0 -1.1393487e-05 0)
(0 -1.2628858e-05 0)
(0 -1.3892088e-05 0)
(0 -1.5186173e-05 0)
(0 -1.6514448e-05 0)
(0 -1.7880766e-05 0)
(0 -1.9289818e-05 0)
(0 -2.0747725e-05 0)
(0 -2.2263212e-05 0)
(0 -2.3850077e-05 0)
(0 -2.5411667e-05 0)
(0 0 0)
(0 -1.075795e-06 0)
(0 -2.1521287e-06 0)
(0 -3.2294551e-06 0)
(0 -4.3080755e-06 0)
(0 -5.3880525e-06 0)
(0 -6.4691188e-06 0)
(0 -7.5505746e-06 0)
(0 -8.6311689e-06 0)
(0 -9.7089603e-06 0)
(0 -1.0781146e-05 0)
(0 -1.184385e-05 0)
(0 -1.2891844e-05 0)
(0 -1.3918179e-05 0)
(0 -1.4913671e-05 0)
(0 -1.5866168e-05 0)
(0 -1.6759496e-05 0)
(0 -1.7571916e-05 0)
(0 -1.8273826e-05 0)
(0 -1.8823841e-05 0)
(0 -1.9124973e-05 0)
(0 0 0)
(0 0 0)
(0 0 0)
(0 0 0)
(0 0 0)
(0 0 0)
(0 0 0)
(0 0 0)
(0 0 0)
(0 0 0)
(0 0 0)
(0 0 0)
(0 0 0)
(0 0 0)
(0 0 0)
(0 0 0)
(0 0 0)
(0 0 0)
(0 0 0)
(0 0 0)
(0 0 0)
(0 0 0)
(0 -1.6711227e-07 0)
(0 -3.3652868e-07 0)
(0 -5.1061101e-07 0)
(0 -6.9182455e-07 0)
(0 -8.8279204e-07 0)
(0 -1.0863489e-06 0)
(0 -1.3056004e-06 0)
(0 -1.5439807e-06 0)
(0 -1.8053135e-06 0)
(0 -2.0938732e-06 0)
(0 -2.4144457e-06 0)
(0 -2.7723854e-06 0)
(0 -3.1736657e-06 0)
(0 -3.6249183e-06 0)
(0 -4.1334556e-06 0)
(0 -4.7072673e-06 0)
(0 -5.3549844e-06 0)
(0 -6.0857994e-06 0)
(0 -6.9093392e-06 0)
(0 -7.7670805e-06 0)
(0 0 0)
(0 -3.3011798e-07 0)
(0 -6.6475274e-07 0)
(0 -1.0085347e-06 0)
(0 -1.3662991e-06 0)
(0 -1.7431934e-06 0)
(0 -2.1447868e-06 0)
(0 -2.5771847e-06 0)
(0 -3.0471479e-06 0)
(0 -3.5622144e-06 0)
(0 -4.1308261e-06 0)
(0 -4.7624527e-06 0)
(0 -5.467713e-06 0)
(0 -6.258484e-06 0)
(0 -7.1479901e-06 0)
(0 -8.1508605e-06 0)
(0 -9.283139e-06 0)
(0 -1.0562229e-05 0)
(0 -1.2006753e-05 0)
(0 -1.3636314e-05 0)
(0 -1.5335548e-05 0)
(0 0 0)
(0 -4.8507421e-07 0)
(0 -9.766968e-07 0)
(0 -1.4815822e-06 0)
(0 -2.0067468e-06 0)
(0 -2.559667e-06 0)
(0 -3.1484429e-06 0)
(0 -3.7819689e-06 0)
(0 -4.4701137e-06 0)
(0 -5.2239075e-06 0)
(0 -6.0557363e-06 0)
(0 -6.9795399e-06 0)
(0 -8.0110071e-06 0)
(0 -9.1677595e-06 0)
(0 -1.0469512e-05 0)
(0 -1.1938193e-05 0)
(0 -1.3597998e-05 0)
(0 -1.5475352e-05 0)
(0 -1.759875e-05 0)
(0 -1.9998446e-05 0)
(0 -2.2505671e-05 0)
(0 0 0)
(0 -6.2836186e-07 0)
(0 -1.2650372e-06 0)
(0 -1.9185526e-06 0)
(0 -2.597826e-06 0)
(0 -3.3123724e-06 0)
(0 -4.0725186e-06 0)
(0 -4.8896291e-06 0)
(0 -5.776347e-06 0)
(0 -6.746849e-06 0)
(0 -7.8171142e-06 0)
(0 -9.0052052e-06 0)
(0 -1.0331553e-05 0)
(0 -1.1819239e-05 0)
(0 -1.3494258e-05 0)
(0 -1.5385736e-05 0)
(0 -1.7526084e-05 0)
(0 -1.995104e-05 0)
(0 -2.2699549e-05 0)
(0 -2.5813453e-05 0)
(0 -2.9075902e-05 0)
(0 0 0)
(0 -7.568381e-07 0)
(0 -1.5234098e-06 0)
(0 -2.3097014e-06 0)
(0 -3.1261681e-06 0)
(0 -3.9839827e-06 0)
(0 -4.8952958e-06 0)
(0 -5.8735149e-06 0)
(0 -6.9336042e-06 0)
(0 -8.0924081e-06 0)
(0 -9.3690007e-06 0)
(0 -1.0785059e-05 0)
(0 -1.2365256e-05 0)
(0 -1.4137667e-05 0)
(0 -1.6134172e-05 0)
(0 -1.8390827e-05 0)
(0 -2.0948186e-05 0)
(0 -2.3851502e-05 0)
(0 -2.7150759e-05 0)
(0 -3.0900472e-05 0)
(0 -3.484309e-05 0)
(0 0 0)
(0 -8.6797624e-07 0)
(0 -1.7466933e-06 0)
(0 -2.6471741e-06 0)
(0 -3.5809721e-06 0)
(0 -4.560454e-06 0)
(0 -5.5990995e-06 0)
(0 -6.7118257e-06 0)
(0 -7.915342e-06 0)
(0 -9.2285405e-06 0)
(0 -1.0672926e-05 0)
(0 -1.2273091e-05 0)
(0 -1.405723e-05 0)
(0 -1.6057696e-05 0)
(0 -1.8311585e-05 0)
(0 -2.0861327e-05 0)
(0 -2.3755247e-05 0)
(0 -2.7048054e-05 0)
(0 -3.0801166e-05 0)
(0 -3.5082791e-05 0)
(0 -3.9604271e-05 0)
(0 0 0)
(0 -9.5998665e-07 0)
(0 -1.931255e-06 0)
(0 -2.925386e-06 0)
(0 -3.9545309e-06 0)
(0 -5.0317171e-06 0)
(0 -6.1711767e-06 0)
(0 -7.3887061e-06 0)
(0 -8.7020661e-06 0)
(0 -1.0131431e-05 0)
(0 -1.1699894e-05 0)
(0 -1.3434045e-05 0)
(0 -1.5364613e-05 0)
(0 -1.7527192e-05 0)
(0 -1.9963043e-05 0)
(0 -2.2719961e-05 0)
(0 -2.5853184e-05 0)
(0 -2.942629e-05 0)
(0 -3.3512016e-05 0)
(0 -3.8192865e-05 0)
(0 -4.3160956e-05 0)
(0 0 0)
(0 -1.0319113e-06 0)
(0 -2.0751449e-06 0)
(0 -3.1413246e-06 0)
(0 -4.2426572e-06 0)
(0 -5.3922476e-06 0)
(0 -6.6044407e-06 0)
(0 -7.8952012e-06 0)
(0 -9.2825428e-06 0)
(0 -1.0787021e-05 0)
(0 -1.2432299e-05 0)
(0 -1.4245812e-05 0)
(0 -1.6259536e-05 0)
(0 -1.8510882e-05 0)
(0 -2.1043734e-05 0)
(0 -2.3909638e-05 0)
(0 -2.7169137e-05 0)
(0 -3.0893233e-05 0)
(0 -3.5164906e-05 0)
(0 -4.0080592e-05 0)
(0 -4.5327192e-05 0)
(0 0 0)
(0 -1.0836839e-06 0)
(0 -2.1782199e-06 0)
(0 -3.2947482e-06 0)
(0 -4.4449723e-06 0)
(0 -5.6414668e-06 0)
(0 -6.8980143e-06 0)
(0 -8.2299843e-06 0)
(0 -9.6547696e-06 0)
(0 -1.1192296e-05 0)
(0 -1.2865622e-05 0)
(0 -1.4701662e-05 0)
(0 -1.6732042e-05 0)
(0 -1.8994148e-05 0)
(0 -2.1532375e-05 0)
(0 -2.4399644e-05 0)
(0 -2.7659205e-05 0)
(0 -3.1386768e-05 0)
(0 -3.5672951e-05 0)
(0 -4.0625976e-05 0)
(0 -4.5943077e-05 0)
(0 0 0)
(0 -1.1161466e-06 0)
(0 -2.2421827e-06 0)
(0 -3.388254e-06 0)
(0 -4.5650164e-06 0)
(0 -5.7839155e-06 0)
(0 -7.0574967e-06 0)
(0 -8.3997596e-06 0)
(0 -9.8265712e-06 0)
(0 -1.1356157e-05 0)
(0 -1.3009696e-05 0)
(0 -1.4812043e-05 0)
(0 -1.6792631e-05 0)
(0 -1.8986584e-05 0)
(0 -2.1436122e-05 0)
(0 -2.4192327e-05 0)
(0 -2.731737e-05 0)
(0 -3.0887315e-05 0)
(0 -3.49956e-05 0)
(0 -3.9757281e-05 0)
(0 -4.4895741e-05 0)
(0 0 0)
(0 -1.1310186e-06 0)
(0 -2.2705189e-06 0)
(0 -3.4271911e-06 0)
(0 -4.6101465e-06 0)
(0 -5.82915e-06 0)
(0 -7.0948807e-06 0)
(0 -8.4192338e-06 0)
(0 -9.8156765e-06 0)
(0 -1.129968e-05 0)
(0 -1.2889252e-05 0)
(0 -1.4605597e-05 0)
(0 -1.6473964e-05 0)
(0 -1.8524725e-05 0)
(0 -2.0794782e-05 0)
(0 -2.3329416e-05 0)
(0 -2.6184741e-05 0)
(0 -2.9430974e-05 0)
(0 -3.3156813e-05 0)
(0 -3.7475241e-05 0)
(0 -4.2149693e-05 0)
(0 0 0)
(0 -1.1308091e-06 0)
(0 -2.2683257e-06 0)
(0 -3.4194028e-06 0)
(0 -4.5911939e-06 0)
(0 -5.7913198e-06 0)
(0 -7.0280582e-06 0)
(0 -8.3105654e-06 0)
(0 -9.649142e-06 0)
(0 -1.1055561e-05 0)
(0 -1.2543477e-05 0)
(0 -1.412895e-05 0)
(0 -1.583112e-05 0)
(0 -1.7673107e-05 0)
(0 -1.9683208e-05 0)
(0 -2.1896545e-05 0)
(0 -2.4357352e-05 0)
(0 -2.7122219e-05 0)
(0 -3.0264753e-05 0)
(0 -3.388231e-05 0)
(0 -3.7787238e-05 0)
(0 0 0)
(0 -1.1186783e-06 0)
(0 -2.2420289e-06 0)
(0 -3.3747956e-06 0)
(0 -4.5218771e-06 0)
(0 -5.6884135e-06 0)
(0 -6.8798872e-06 0)
(0 -8.1022423e-06 0)
(0 -9.3620319e-06 0)
(0 -1.0666602e-05 0)
(0 -1.2024327e-05 0)
(0 -1.3444913e-05 0)
(0 -1.4939806e-05 0)
(0 -1.6522736e-05 0)
(0 -1.8210476e-05 0)
(0 -2.0023915e-05 0)
(0 -2.1989641e-05 0)
(0 -2.4142332e-05 0)
(0 -2.6528491e-05 0)
(0 -2.9212433e-05 0)
(0 -3.2056061e-05 0)
(0 0 0)
(0 -1.0982484e-06 0)
(0 -2.1990002e-06 0)
(0 -3.3047502e-06 0)
(0 -4.4179871e-06 0)
(0 -5.541192e-06 0)
(0 -6.6768389e-06 0)
(0 -7.8273992e-06 0)
(0 -8.9953514e-06 0)
(0 -1.0183197e-05 0)
(0 -1.1393487e-05 0)
(0 -1.2628858e-05 0)
(0 -1.3892088e-05 0)
(0 -1.5186173e-05 0)
(0 -1.6514448e-05 0)
(0 -1.7880766e-05 0)
(0 -1.9289818e-05 0)
(0 -2.0747725e-05 0)
(0 -2.2263212e-05 0)
(0 -2.3850077e-05 0)
(0 -2.5411667e-05 0)
(0 0 0)
(0 -1.075795e-06 0)
(0 -2.1521287e-06 0)
(0 -3.2294551e-06 0)
(0 -4.3080755e-06 0)
(0 -5.3880525e-06 0)
(0 -6.4691188e-06 0)
(0 -7.5505746e-06 0)
(0 -8.6311689e-06 0)
(0 -9.7089603e-06 0)
(0 -1.0781146e-05 0)
(0 -1.184385e-05 0)
(0 -1.2891844e-05 0)
(0 -1.3918179e-05 0)
(0 -1.4913671e-05 0)
(0 -1.5866168e-05 0)
(0 -1.6759496e-05 0)
(0 -1.7571916e-05 0)
(0 -1.8273826e-05 0)
(0 -1.8823841e-05 0)
(0 -1.9124975e-05 0)
(0 0 0)
(0 0 0)
(0 0 0)
(0 0 0)
(0 0 0)
(0 0 0)
(0 0 0)
(0 0 0)
(0 0 0)
(0 0 0)
(0 0 0)
(0 0 0)
(0 0 0)
(0 0 0)
(0 0 0)
(0 0 0)
(0 0 0)
(0 0 0)
(0 0 0)
(0 0 0)
(0 -8.5143757e-06 0)
(0 -9.246076e-06 0)
(0 -1.0033258e-05 0)
(0 -1.0878422e-05 0)
(0 -1.1783824e-05 0)
(0 -1.2751396e-05 0)
(0 -1.3782675e-05 0)
(0 -1.4878735e-05 0)
(0 -1.6040115e-05 0)
(0 -1.7266755e-05 0)
(0 -1.8557943e-05 0)
(0 -1.9912266e-05 0)
(0 -2.1327582e-05 0)
(0 -2.2801003e-05 0)
(0 -2.4328897e-05 0)
(0 -2.5906912e-05 0)
(0 -2.7530014e-05 0)
(0 -2.9192551e-05 0)
(0 -3.0888129e-05 0)
(0 -3.3086123e-05 0)
(0 -1.6817612e-05 0)
(0 -1.8270207e-05 0)
(0 -1.9834516e-05 0)
(0 -2.1515803e-05 0)
(0 -2.331885e-05 0)
(0 -2.5247806e-05 0)
(0 -2.7306029e-05 0)
(0 -2.9495941e-05 0)
(0 -3.1818873e-05 0)
(0 -3.427493e-05 0)
(0 -3.6862865e-05 0)
(0 -3.9579978e-05 0)
(0 -4.2422046e-05 0)
(0 -4.5383281e-05 0)
(0 -4.8456333e-05 0)
(0 -5.1632331e-05 0)
(0 -5.4900967e-05 0)
(0 -5.8250627e-05 0)
(0 -6.1668151e-05 0)
(0 -6.609964e-05 0)
(0 -2.4696512e-05 0)
(0 -2.6847436e-05 0)
(0 -2.916773e-05 0)
(0 -3.1665957e-05 0)
(0 -3.4350003e-05 0)
(0 -3.7226832e-05 0)
(0 -4.0302229e-05 0)
(0 -4.3580556e-05 0)
(0 -4.7064491e-05 0)
(0 -5.0754796e-05 0)
(0 -5.465009e-05 0)
(0 -5.8746676e-05 0)
(0 -6.30384e-05 0)
(0 -6.7516572e-05 0)
(0 -7.2169956e-05 0)
(0 -7.6984824e-05 0)
(0 -8.194509e-05 0)
(0 -8.7032516e-05 0)
(0 -9.2226386e-05 0)
(0 -9.896468e-05 0)
(0 -3.1934145e-05 0)
(0 -3.4747116e-05 0)
(0 -3.7789014e-05 0)
(0 -4.1072557e-05 0)
(0 -4.4609666e-05 0)
(0 -4.8411103e-05 0)
(0 -5.2486095e-05 0)
(0 -5.6841945e-05 0)
(0 -6.1483638e-05 0)
(0 -6.6413453e-05 0)
(0 -7.1630605e-05 0)
(0 -7.7130937e-05 0)
(0 -8.2906679e-05 0)
(0 -8.8946292e-05 0)
(0 -9.523442e-05 0)
(0 -0.00010175195 0)
(0 -0.00010847621 0)
(0 -0.00011538124 0)
(0 -0.00012243745 0)
(0 -0.00013159861 0)
(0 -3.830904e-05 0)
(0 -4.1730991e-05 0)
(0 -4.5443452e-05 0)
(0 -4.9464523e-05 0)
(0 -5.3811528e-05 0)
(0 -5.8500504e-05 0)
(0 -6.3545674e-05 0)
(0 -6.8958863e-05 0)
(0 -7.4748899e-05 0)
(0 -8.0921001e-05 0)
(0 -8.7476209e-05 0)
(0 -9.4410865e-05 0)
(0 -0.0001017162 0)
(0 -0.00010937802 0)
(0 -0.0001173766 0)
(0 -0.00012568672 0)
(0 -0.00013427788 0)
(0 -0.00014311477 0)
(0 -0.00015215687 0)
(0 -0.00016390804 0)
(0 -4.3595911e-05 0)
(0 -4.7552705e-05 0)
(0 -5.186312e-05 0)
(0 -5.6552302e-05 0)
(0 -6.1644879e-05 0)
(0 -6.7164297e-05 0)
(0 -7.3132074e-05 0)
(0 -7.9566964e-05 0)
(0 -8.6484041e-05 0)
(0 -9.3893763e-05 0)
(0 -0.00010180105 0)
(0 -0.00011020441 0)
(0 -0.00011909524 0)
(0 -0.00012845725 0)
(0 -0.00013826616 0)
(0 -0.00014848965 0)
(0 -0.00015908773 0)
(0 -0.00017001324 0)
(0 -0.00018121166 0)
(0 -0.00019578403 0)
(0 -4.7568938e-05 0)
(0 -5.1959773e-05 0)
(0 -5.6767343e-05 0)
(0 -6.2025963e-05 0)
(0 -6.777012e-05 0)
(0 -7.4033641e-05 0)
(0 -8.0848675e-05 0)
(0 -8.8244514e-05 0)
(0 -9.6246229e-05 0)
(0 -0.00010487319 0)
(0 -0.00011413763 0)
(0 -0.00012404314 0)
(0 -0.00013458349 0)
(0 -0.00014574149 0)
(0 -0.00015748841 0)
(0 -0.00016978373 0)
(0 -0.00018257549 0)
(0 -0.00019580112 0)
(0 -0.00020938736 0)
(0 -0.00022709611 0)
(0 -5.0009108e-05 0)
(0 -5.4699704e-05 0)
(0 -5.9866952e-05 0)
(0 -6.5556875e-05 0)
(0 -7.1817072e-05 0)
(0 -7.8695755e-05 0)
(0 -8.6240449e-05 0)
(0 -9.4496354e-05 0)
(0 -0.00010350435 0)
(0 -0.00011329868 0)
(0 -0.00012390461 0)
(0 -0.00013533596 0)
(0 -0.00014759289 0)
(0 -0.00016065996 0)
(0 -0.00017450476 0)
(0 -0.0001890774 0)
(0 -0.00020431065 0)
(0 -0.00022012112 0)
(0 -0.00023640966 0)
(0 -0.00025768473 0)
(0 -5.0717748e-05 0)
(0 -5.5532818e-05 0)
(0 -6.0875443e-05 0)
(0 -6.6806045e-05 0)
(0 -7.3389156e-05 0)
(0 -8.0692471e-05 0)
(0 -8.8785367e-05 0)
(0 -9.7736823e-05 0)
(0 -0.00010761261 0)
(0 -0.00011847166 0)
(0 -0.00013036211 0)
(0 -0.00014331699 0)
(0 -0.00015735024 0)
(0 -0.00017245333 0)
(0 -0.00018859262 0)
(0 -0.000205708 0)
(0 -0.00022371266 0)
(0 -0.00024249443 0)
(0 -0.00026191693 0)
(0 -0.00028735163 0)
(0 -4.9539168e-05 0)
(0 -5.4255496e-05 0)
(0 -5.9531605e-05 0)
(0 -6.544443e-05 0)
(0 -7.2079156e-05 0)
(0 -7.9528652e-05 0)
(0 -8.7892302e-05 0)
(0 -9.7273972e-05 0)
(0 -0.00010777868 0)
(0 -0.00011950697 0)
(0 -0.00013254735 0)
(0 -0.00014696814 0)
(0 -0.00016280989 0)
(0 -0.00018008052 0)
(0 -0.00019875078 0)
(0 -0.00021875126 0)
(0 -0.00023997084 0)
(0 -0.00026225688 0)
(0 -0.00028541761 0)
(0 -0.00031584781 0)
(0 -4.6395727e-05 0)
(0 -5.0738789e-05 0)
(0 -5.5640294e-05 0)
(0 -6.1193749e-05 0)
(0 -6.7506896e-05 0)
(0 -7.4701757e-05 0)
(0 -8.2915687e-05 0)
(0 -9.2301562e-05 0)
(0 -0.00010302647 0)
(0 -0.00011526442 0)
(0 -0.00012917762 0)
(0 -0.00014489965 0)
(0 -0.00016251749 0)
(0 -0.00018207123 0)
(0 -0.00020354637 0)
(0 -0.00022687091 0)
(0 -0.00025190872 0)
(0 -0.0002784509 0)
(0 -0.00030621996 0)
(0 -0.00034285941 0)
(0 -4.1338246e-05 0)
(0 -4.4987795e-05 0)
(0 -4.9139557e-05 0)
(0 -5.3899747e-05 0)
(0 -5.9397081e-05 0)
(0 -6.5776639e-05 0)
(0 -7.3212642e-05 0)
(0 -8.1919816e-05 0)
(0 -9.2161112e-05 0)
(0 -0.00010425322 0)
(0 -0.00011849893 0)
(0 -0.00013516175 0)
(0 -0.00015439631 0)
(0 -0.00017629593 0)
(0 -0.00020086494 0)
(0 -0.00022805543 0)
(0 -0.00025773899 0)
(0 -0.00028962906 0)
(0 -0.00032330864 0)
(0 -0.00036799436 0)
(0 -3.461198e-05 0)
(0 -3.7226276e-05 0)
(0 -4.0200208e-05 0)
(0 -4.3643504e-05 0)
(0 -4.7725425e-05 0)
(0 -5.2560401e-05 0)
(0 -5.8309522e-05 0)
(0 -6.524932e-05 0)
(0 -7.3768253e-05 0)
(0 -8.4507499e-05 0)
(0 -9.8035311e-05 0)
(0 -0.0001149375 0)
(0 -0.00013540596 0)
(0 -0.00015965573 0)
(0 -0.0001875254 0)
(0 -0.00021911013 0)
(0 -0.00025458013 0)
(0 -0.00029346497 0)
(0 -0.00033510911 0)
(0 -0.00039078158 0)
(0 -2.6730482e-05 0)
(0 -2.8020798e-05 0)
(0 -2.937035e-05 0)
(0 -3.07925e-05 0)
(0 -3.0145205e-05 0)
(0 -3.0398684e-05 0)
(0 -3.2816022e-05 0)
(0 -3.597507e-05 0)
(0 -3.9855444e-05 0)
(0 -4.6107597e-05 0)
(0 -5.4974044e-05 0)
(0 -6.8346557e-05 0)
(0 -8.5494234e-05 0)
(0 -0.00010814795 0)
(0 -0.00014565151 0)
(0 -0.00019413783 0)
(0 -0.00023743134 0)
(0 -0.00028591344 0)
(0 -0.00033899844 0)
(0 -0.00041073049 0)
(0 -1.9185253e-05 0)
(0 -1.7219161e-05 0)
(0 -1.5460855e-05 0)
(0 -1.4628296e-05 0)
(0 -1.2083196e-05 0)
(0 -7.9426572e-06 0)
(0 -5.1044315e-06 0)
(0 -3.3901969e-06 0)
(0 0 0)
(0 0 0)
(0 0 0)
(0 -7.3286126e-06 0)
(0 -1.6483281e-05 0)
(0 -3.5997956e-05 0)
(0 -7.6026341e-05 0)
(0 -0.00011927066 0)
(0 -0.00018240728 0)
(0 -0.00026221834 0)
(0 -0.00033159085 0)
(0 -0.00042448759 0)
(0 0 0)
(0 0 0)
(0 0 0)
(0 0 0)
(0 0 0)
(0 0 0)
(0 0 0)
(0 0 0)
(0 0 0)
(0 0 0)
(0 0 0)
(0 0 0)
(0 0 0)
(0 0 0)
(0 0 0)
(0 0 0)
(0 0 0)
(0 0 0)
(0 0 0)
(0 0 0)
(0 -8.5143757e-06 0)
(0 -9.246076e-06 0)
(0 -1.0033258e-05 0)
(0 -1.0878422e-05 0)
(0 -1.1783824e-05 0)
(0 -1.2751396e-05 0)
(0 -1.3782675e-05 0)
(0 -1.4878735e-05 0)
(0 -1.6040115e-05 0)
(0 -1.7266755e-05 0)
(0 -1.8557943e-05 0)
(0 -1.9912266e-05 0)
(0 -2.1327582e-05 0)
(0 -2.2801003e-05 0)
(0 -2.4328897e-05 0)
(0 -2.5906912e-05 0)
(0 -2.7530014e-05 0)
(0 -2.9192551e-05 0)
(0 -3.0888129e-05 0)
(0 -3.3086123e-05 0)
(0 -1.6817612e-05 0)
(0 -1.8270207e-05 0)
(0 -1.9834516e-05 0)
(0 -2.1515803e-05 0)
(0 -2.331885e-05 0)
(0 -2.5247806e-05 0)
(0 -2.7306029e-05 0)
(0 -2.9495941e-05 0)
(0 -3.1818873e-05 0)
(0 -3.427493e-05 0)
(0 -3.6862865e-05 0)
(0 -3.9579978e-05 0)
(0 -4.2422046e-05 0)
(0 -4.5383281e-05 0)
(0 -4.8456333e-05 0)
(0 -5.1632331e-05 0)
(0 -5.4900967e-05 0)
(0 -5.8250627e-05 0)
(0 -6.1668151e-05 0)
(0 -6.609964e-05 0)
(0 -2.4696512e-05 0)
(0 -2.6847436e-05 0)
(0 -2.916773e-05 0)
(0 -3.1665957e-05 0)
(0 -3.4350003e-05 0)
(0 -3.7226832e-05 0)
(0 -4.0302229e-05 0)
(0 -4.3580556e-05 0)
(0 -4.7064491e-05 0)
(0 -5.0754796e-05 0)
(0 -5.465009e-05 0)
(0 -5.8746676e-05 0)
(0 -6.30384e-05 0)
(0 -6.7516572e-05 0)
(0 -7.2169956e-05 0)
(0 -7.6984824e-05 0)
(0 -8.194509e-05 0)
(0 -8.7032516e-05 0)
(0 -9.2226386e-05 0)
(0 -9.896468e-05 0)
(0 -3.1934145e-05 0)
(0 -3.4747116e-05 0)
(0 -3.7789014e-05 0)
(0 -4.1072557e-05 0)
(0 -4.4609666e-05 0)
(0 -4.8411103e-05 0)
(0 -5.2486095e-05 0)
(0 -5.6841945e-05 0)
(0 -6.1483638e-05 0)
(0 -6.6413453e-05 0)
(0 -7.1630605e-05 0)
(0 -7.7130937e-05 0)
(0 -8.2906679e-05 0)
(0 -8.8946292e-05 0)
(0 -9.523442e-05 0)
(0 -0.00010175195 0)
(0 -0.00010847621 0)
(0 -0.00011538124 0)
(0 -0.00012243745 0)
(0 -0.00013159861 0)
(0 -3.830904e-05 0)
(0 -4.1730991e-05 0)
(0 -4.5443452e-05 0)
(0 -4.9464523e-05 0)
(0 -5.3811528e-05 0)
(0 -5.8500504e-05 0)
(0 -6.3545674e-05 0)
(0 -6.8958863e-05 0)
(0 -7.4748899e-05 0)
(0 -8.0921001e-05 0)
(0 -8.7476209e-05 0)
(0 -9.4410865e-05 0)
(0 -0.0001017162 0)
(0 -0.00010937802 0)
(0 -0.0001173766 0)
(0 -0.00012568672 0)
(0 -0.00013427788 0)
(0 -0.00014311477 0)
(0 -0.00015215687 0)
(0 -0.00016390804 0)
(0 -4.3595911e-05 0)
(0 -4.7552705e-05 0)
(0 -5.186312e-05 0)
(0 -5.6552302e-05 0)
(0 -6.1644879e-05 0)
(0 -6.7164297e-05 0)
(0 -7.3132074e-05 0)
(0 -7.9566964e-05 0)
(0 -8.6484041e-05 0)
(0 -9.3893763e-05 0)
(0 -0.00010180105 0)
(0 -0.00011020441 0)
(0 -0.00011909524 0)
(0 -0.00012845725 0)
(0 -0.00013826616 0)
(0 -0.00014848965 0)
(0 -0.00015908773 0)
(0 -0.00017001324 0)
(0 -0.00018121166 0)
(0 -0.00019578403 0)
(0 -4.7568938e-05 0)
(0 -5.1959773e-05 0)
(0 -5.6767343e-05 0)
(0 -6.2025963e-05 0)
(0 -6.777012e-05 0)
(0 -7.4033641e-05 0)
(0 -8.0848675e-05 0)
(0 -8.8244514e-05 0)
(0 -9.6246229e-05 0)
(0 -0.00010487319 0)
(0 -0.00011413763 0)
(0 -0.00012404314 0)
(0 -0.00013458349 0)
(0 -0.00014574149 0)
(0 -0.00015748841 0)
(0 -0.00016978373 0)
(0 -0.00018257549 0)
(0 -0.00019580112 0)
(0 -0.00020938736 0)
(0 -0.00022709611 0)
(0 -5.0009108e-05 0)
(0 -5.4699704e-05 0)
(0 -5.9866952e-05 0)
(0 -6.5556875e-05 0)
(0 -7.1817072e-05 0)
(0 -7.8695755e-05 0)
(0 -8.6240449e-05 0)
(0 -9.4496354e-05 0)
(0 -0.00010350435 0)
(0 -0.00011329868 0)
(0 -0.00012390461 0)
(0 -0.00013533596 0)
(0 -0.00014759289 0)
(0 -0.00016065996 0)
(0 -0.00017450476 0)
(0 -0.0001890774 0)
(0 -0.00020431065 0)
(0 -0.00022012112 0)
(0 -0.00023640966 0)
(0 -0.00025768473 0)
(0 -5.0717748e-05 0)
(0 -5.5532818e-05 0)
(0 -6.0875443e-05 0)
(0 -6.6806045e-05 0)
(0 -7.3389156e-05 0)
(0 -8.0692471e-05 0)
(0 -8.8785367e-05 0)
(0 -9.7736823e-05 0)
(0 -0.00010761261 0)
(0 -0.00011847166 0)
(0 -0.00013036211 0)
(0 -0.00014331699 0)
(0 -0.00015735024 0)
(0 -0.00017245333 0)
(0 -0.00018859262 0)
(0 -0.000205708 0)
(0 -0.00022371266 0)
(0 -0.00024249443 0)
(0 -0.00026191693 0)
(0 -0.00028735163 0)
(0 -4.9539168e-05 0)
(0 -5.4255496e-05 0)
(0 -5.9531605e-05 0)
(0 -6.544443e-05 0)
(0 -7.2079156e-05 0)
(0 -7.9528652e-05 0)
(0 -8.7892302e-05 0)
(0 -9.7273972e-05 0)
(0 -0.00010777868 0)
(0 -0.00011950697 0)
(0 -0.00013254735 0)
(0 -0.00014696814 0)
(0 -0.00016280989 0)
(0 -0.00018008052 0)
(0 -0.00019875078 0)
(0 -0.00021875126 0)
(0 -0.00023997084 0)
(0 -0.00026225688 0)
(0 -0.00028541761 0)
(0 -0.00031584781 0)
(0 -4.6395727e-05 0)
(0 -5.0738789e-05 0)
(0 -5.5640294e-05 0)
(0 -6.1193749e-05 0)
(0 -6.7506896e-05 0)
(0 -7.4701757e-05 0)
(0 -8.2915687e-05 0)
(0 -9.2301562e-05 0)
(0 -0.00010302647 0)
(0 -0.00011526442 0)
(0 -0.00012917762 0)
(0 -0.00014489965 0)
(0 -0.00016251749 0)
(0 -0.00018207123 0)
(0 -0.00020354637 0)
(0 -0.00022687091 0)
(0 -0.00025190872 0)
(0 -0.0002784509 0)
(0 -0.00030621996 0)
(0 -0.00034285941 0)
(0 -4.1338246e-05 0)
(0 -4.4987795e-05 0)
(0 -4.9139557e-05 0)
(0 -5.3899747e-05 0)
(0 -5.9397081e-05 0)
(0 -6.5776639e-05 0)
(0 -7.3212642e-05 0)
(0 -8.1919816e-05 0)
(0 -9.2161112e-05 0)
(0 -0.00010425322 0)
(0 -0.00011849893 0)
(0 -0.00013516175 0)
(0 -0.00015439631 0)
(0 -0.00017629593 0)
(0 -0.00020086494 0)
(0 -0.00022805543 0)
(0 -0.00025773899 0)
(0 -0.00028962906 0)
(0 -0.00032330864 0)
(0 -0.00036799436 0)
(0 -3.461198e-05 0)
(0 -3.7226276e-05 0)
(0 -4.0200208e-05 0)
(0 -4.3643506e-05 0)
(0 -4.7725436e-05 0)
(0 -5.2560422e-05 0)
(0 -5.830955e-05 0)
(0 -6.5249355e-05 0)
(0 -7.3768303e-05 0)
(0 -8.4507558e-05 0)
(0 -9.8035384e-05 0)
(0 -0.00011493758 0)
(0 -0.00013540604 0)
(0 -0.00015965582 0)
(0 -0.00018752549 0)
(0 -0.00021911021 0)
(0 -0.00025458013 0)
(0 -0.00029346497 0)
(0 -0.00033510911 0)
(0 -0.00039078158 0)
(0 -2.6730484e-05 0)
(0 -2.8020803e-05 0)
(0 -2.937035e-05 0)
(0 -3.0792478e-05 0)
(0 -3.0145436e-05 0)
(0 -3.0399362e-05 0)
(0 -3.2817308e-05 0)
(0 -3.5976488e-05 0)
(0 -3.9857346e-05 0)
(0 -4.6109775e-05 0)
(0 -5.4977303e-05 0)
(0 -6.8350675e-05 0)
(0 -8.5500622e-05 0)
(0 -0.00010815581 0)
(0 -0.00014565749 0)
(0 -0.00019413788 0)
(0 -0.0002374315 0)
(0 -0.00028591357 0)
(0 -0.00033899844 0)
(0 -0.00041073049 0)
(0 -1.9185246e-05 0)
(0 -1.7218878e-05 0)
(0 -1.5458188e-05 0)
(0 -1.461018e-05 0)
(0 -1.2049208e-05 0)
(0 -7.9370599e-06 0)
(0 -5.1020501e-06 0)
(0 -3.3824912e-06 0)
(0 0 0)
(0 0 0)
(0 0 0)
(0 -7.315716e-06 0)
(0 -1.6477028e-05 0)
(0 -3.6002267e-05 0)
(0 -7.6262263e-05 0)
(0 -0.00011942428 0)
(0 -0.00018243084 0)
(0 -0.00026221775 0)
(0 -0.00033159119 0)
(0 -0.00042448759 0)
(0 0 0)
(0 0 0)
(0 0 0)
(0 0 0)
(0 0 0)
(0 0 0)
(0 0 0)
(0 0 0)
(0 0 0)
(0 0 0)
(0 0 0)
(0 0 0)
(0 0 0)
(0 0 0)
(0 0 0)
(0 0 0)
(0 0 0)
(0 0 0)
(0 0 0)
(0 0 0)
(0 0 0)
(0 0 0)
(0 0 0)
(0 0 0)
(0 0 0)
(0 0 0)
(0 0 0)
(0 0 0)
(0 0 0)
(0 0 0)
(0 0 0)
(0 0 0)
(0 0 0)
(0 0 0)
(0 0 0)
(0 0 0)
(0 0 0)
(0 0 0)
(0 0 0)
(0 0 0)
(0 0 0)
(0 0 0)
(0 0 0)
(0 0 0)
(0 0 0)
(0 0 0)
(0 0 0)
(0 0 0)
(0 0 0)
(0 0 0)
(0 0 0)
(0 0 0)
(0 0 0)
(0 0 0)
(0 0 0)
(0 0 0)
(0 0 0)
(0 0 0)
(0 0 0)
(0 0 0)
(0 0 0)
(0 0 0)
(0 0 0)
(0 0 0)
(0 0 0)
(0 0 0)
(0 0 0)
(0 0 0)
(0 0 0)
(0 0 0)
(0 0 0)
(0 0 0)
(0 0 0)
(0 0 0)
(0 0 0)
(0 0 0)
(0 0 0)
(0 0 0)
(0 0 0)
(0 0 0)
(0 0 0)
(0 0 0)
(0 0 0)
(0 0 0)
(0 0 0)
(0 0 0)
(0 0 0)
(0 0 0)
(0 0 0)
(0 0 0)
(0 0 0)
(0 0 0)
(0 0 0)
(0 0 0)
(0 0 0)
(0 0 0)
(0 0 0)
(0 0 0)
(0 0 0)
(0 0 0)
(0 0 0)
(0 0 0)
(0 0 0)
(0 0 0)
(0 0 0)
(0 0 0)
(0 0 0)
(0 0 0)
(0 0 0)
(0 0 0)
(0 0 0)
(0 0 0)
(0 0 0)
(0 0 0)
(0 0 0)
(0 0 0)
(0 0 0)
(0 0 0)
(0 0 0)
(0 0 0)
(0 0 0)
(0 0 0)
(0 0 0)
(0 0 0)
(0 0 0)
(0 0 0)
(0 0 0)
(0 0 0)
(0 0 0)
(0 0 0)
(0 0 0)
(0 0 0)
(0 0 0)
(0 0 0)
(0 0 0)
(0 0 0)
(0 0 0)
(0 0 0)
(0 0 0)
(0 0 0)
(0 0 0)
(0 0 0)
(0 0 0)
(0 0 0)
(0 0 0)
(0 0 0)
(0 0 0)
(0 0 0)
(0 0 0)
(0 0 0)
(0 0 0)
(0 0 0)
(0 0 0)
(0 0 0)
(0 0 0)
(0 0 0)
(0 0 0)
(0 0 0)
(0 0 0)
(0 0 0)
(0 0 0)
(0 0 0)
(0 0 0)
(0 0 0)
(0 0 0)
(0 0 0)
(0 0 0)
(0 0 0)
(0 0 0)
(0 0 0)
(0 0 0)
(0 0 0)
(0 0 0)
(0 0 0)
(0 0 0)
(0 0 0)
(0 0 0)
(0 0 0)
(0 0 0)
(0 0 0)
(0 -3.6978887e-05 0)
(0 -4.1357284e-05 0)
(0 -4.5634477e-05 0)
(0 -4.9712857e-05 0)
(0 -5.3514079e-05 0)
(0 -5.6982631e-05 0)
(0 -6.0085609e-05 0)
(0 -6.2809945e-05 0)
(0 -6.5158223e-05 0)
(0 -6.7144064e-05 0)
(0 -6.8787761e-05 0)
(0 -7.0112584e-05 0)
(0 -7.1141879e-05 0)
(0 -7.1896964e-05 0)
(0 -7.2395725e-05 0)
(0 -7.2651795e-05 0)
(0 -7.2674212e-05 0)
(0 -7.2467467e-05 0)
(0 -7.2031914e-05 0)
(0 -7.136451e-05 0)
(0 -7.0459904e-05 0)
(0 -6.9311845e-05 0)
(0 -6.7914908e-05 0)
(0 -6.6266419e-05 0)
(0 -6.4368434e-05 0)
(0 -6.2229502e-05 0)
(0 -5.986594e-05 0)
(0 -5.7302296e-05 0)
(0 -5.4570852e-05 0)
(0 -5.171013e-05 0)
(0 -4.8762638e-05 0)
(0 -4.577221e-05 0)
(0 -4.2781375e-05 0)
(0 -3.9829114e-05 0)
(0 -3.6949239e-05 0)
(0 -3.4169473e-05 0)
(0 -3.151117e-05 0)
(0 -2.8989545e-05 0)
(0 -2.661426e-05 0)
(0 -2.4390206e-05 0)
(0 -2.2318358e-05 0)
(0 -2.0396615e-05 0)
(0 -1.8620563e-05 0)
(0 -1.698414e-05 0)
(0 -1.5480186e-05 0)
(0 -1.4100883e-05 0)
(0 -1.2838103e-05 0)
(0 -1.1683662e-05 0)
(0 -1.0629513e-05 0)
(0 -9.6678763e-06 0)
(0 -8.7913285e-06 0)
(0 -7.9928577e-06 0)
(0 -7.2658919e-06 0)
(0 -6.6043102e-06 0)
(0 -6.0024392e-06 0)
(0 -5.4550419e-06 0)
(0 -4.9572987e-06 0)
(0 -4.5047859e-06 0)
(0 -4.0934513e-06 0)
(0 -3.7195893e-06 0)
(0 -3.3798157e-06 0)
(0 -3.0710431e-06 0)
(0 -2.7904575e-06 0)
(0 -2.5354957e-06 0)
(0 -2.3038244e-06 0)
(0 -2.0933204e-06 0)
(0 -1.9020523e-06 0)
(0 -1.7282641e-06 0)
(0 -1.5703591e-06 0)
(0 -1.4268861e-06 0)
(0 -1.2965259e-06 0)
(0 -1.17808e-06 0)
(0 -1.070459e-06 0)
(0 -9.7267341e-07 0)
(0 -8.8382386e-07 0)
(0 -8.0309337e-07 0)
(0 -7.2973963e-07 0)
(0 -6.6308825e-07 0)
(0 -6.0252652e-07 0)
(0 -5.4749777e-07 0)
(0 -4.9749624e-07 0)
(0 -4.5206246e-07 0)
(0 -4.1077897e-07 0)
(0 -3.7326647e-07 0)
(0 -3.3918037e-07 0)
(0 -3.082076e-07 0)
(0 -2.8006367e-07 0)
(0 -2.5449015e-07 0)
(0 -2.3125219e-07 0)
(0 -2.1013645e-07 0)
(0 -1.9094905e-07 0)
(0 -1.7351385e-07 0)
(0 -1.5767081e-07 0)
(0 -1.432745e-07 0)
(0 -1.3019278e-07 0)
(0 -1.183056e-07 0)
(0 -1.0750385e-07 0)
(0 -9.7688418e-08 0)
(0 -8.8769221e-08 0)
(0 -8.0664418e-08 0)
(0 -7.3299639e-08 0)
(0 -6.6607309e-08 0)
(0 -6.0526022e-08 0)
(0 -5.4999982e-08 0)
(0 -4.997849e-08 0)
(0 -4.5415474e-08 0)
(0 -4.1269072e-08 0)
(0 -3.7501243e-08 0)
(0 -3.4077421e-08 0)
(0 -3.0966196e-08 0)
(0 -2.8139027e-08 0)
(0 -2.5569978e-08 0)
(0 -2.3235481e-08 0)
(0 -2.1114121e-08 0)
(0 -1.9186438e-08 0)
(0 -1.743475e-08 0)
(0 -1.5842986e-08 0)
(0 -1.4396547e-08 0)
(0 -1.3082163e-08 0)
(0 -1.1887778e-08 0)
(0 -1.0802436e-08 0)
(0 -9.8161802e-09 0)
(0 -8.919965e-09 0)
(0 -8.1055692e-09 0)
(0 -7.3655224e-09 0)
(0 -6.6930364e-09 0)
(0 -6.0819428e-09 0)
(0 -5.526636e-09 0)
(0 -5.0220225e-09 0)
(0 -4.5634737e-09 0)
(0 -4.1467834e-09 0)
(0 -3.7681294e-09 0)
(0 -3.4240387e-09 0)
(0 -3.1113549e-09 0)
(0 -2.8272099e-09 0)
(0 -2.5689975e-09 0)
(0 -2.3343491e-09 0)
(0 -2.1211124e-09 0)
(0 -1.9273316e-09 0)
(0 -1.7512291e-09 0)
(0 -1.5911897e-09 0)
(0 -1.4457454e-09 0)
(0 -1.3135622e-09 0)
(0 -1.1934275e-09 0)
(0 -1.0842394e-09 0)
(0 -9.8499648e-10 0)
(0 -8.9478837e-10 0)
(0 -8.1278764e-10 0)
(0 -7.3824215e-10 0)
(0 -6.7046814e-10 0)
(0 -6.0884395e-10 0)
(0 -5.5280433e-10 0)
(0 -5.0183527e-10 0)
(0 -4.5546926e-10 0)
(0 -4.1328101e-10 0)
(0 -3.7488354e-10 0)
(0 -3.3992466e-10 0)
(0 -3.0808371e-10 0)
(0 -2.7906864e-10 0)
(0 -2.526133e-10 0)
(0 -2.2847504e-10 0)
(0 -2.0643244e-10 0)
(0 -1.8628333e-10 0)
(0 -1.6784289e-10 0)
(0 -1.5094197e-10 0)
(0 -1.3542556e-10 0)
(0 -1.2115132e-10 0)
(0 -1.0798834e-10 0)
(0 -9.5815865e-11 0)
(0 -8.4522256e-11 0)
(0 -7.4003921e-11 0)
(0 -6.416438e-11 0)
(0 -5.4913381e-11 0)
(0 -4.6166071e-11 0)
(0 -3.7842215e-11 0)
(0 -2.9865464e-11 0)
(0 -2.2162651e-11 0)
(0 -1.4663123e-11 0)
(0 -7.2980908e-12 0)
(0 0 0)
(0 -7.3949166e-05 0)
(0 -8.2776166e-05 0)
(0 -9.1392774e-05 0)
(0 -9.9599328e-05 0)
(0 -0.00010723709 0)
(0 -0.00011419518 0)
(0 -0.00012040955 0)
(0 -0.00012585673 0)
(0 -0.00013054479 0)
(0 -0.00013450374 0)
(0 -0.00013777652 0)
(0 -0.00014041148 0)
(0 -0.00014245666 0)
(0 -0.00014395557 0)
(0 -0.00014494451 0)
(0 -0.00014545096 0)
(0 -0.00014549296 0)
(0 -0.00014507924 0)
(0 -0.00014421004 0)
(0 -0.00014287859 0)
(0 -0.00014107329 0)
(0 -0.00013878056 0)
(0 -0.00013598833 0)
(0 -0.00013269 0)
(0 -0.00012888857 0)
(0 -0.00012460033 0)
(0 -0.00011985762 0)
(0 -0.00011470985 0)
(0 -0.00010922253 0)
(0 -0.00010347413 0)
(0 -9.7551352e-05 0)
(0 -9.1543527e-05 0)
(0 -8.5537139e-05 0)
(0 -7.9611175e-05 0)
(0 -7.3833851e-05 0)
(0 -6.8260792e-05 0)
(0 -6.2934557e-05 0)
(0 -5.7885207e-05 0)
(0 -5.313157e-05 0)
(0 -4.8682884e-05 0)
(0 -4.4540567e-05 0)
(0 -4.069993e-05 0)
(0 -3.7151724e-05 0)
(0 -3.3883474e-05 0)
(0 -3.0880576e-05 0)
(0 -2.812718e-05 0)
(0 -2.560686e-05 0)
(0 -2.3303132e-05 0)
(0 -2.1199815e-05 0)
(0 -1.9281293e-05 0)
(0 -1.7532686e-05 0)
(0 -1.5939951e-05 0)
(0 -1.4489937e-05 0)
(0 -1.3170405e-05 0)
(0 -1.1970015e-05 0)
(0 -1.0878305e-05 0)
(0 -9.8856498e-06 0)
(0 -8.9832176e-06 0)
(0 -8.16292e-06 0)
(0 -7.4173619e-06 0)
(0 -6.7397906e-06 0)
(0 -6.1240465e-06 0)
(0 -5.5645157e-06 0)
(0 -5.0560856e-06 0)
(0 -4.5941018e-06 0)
(0 -4.1743297e-06 0)
(0 -3.7929176e-06 0)
(0 -3.446363e-06 0)
(0 -3.1314819e-06 0)
(0 -2.8453799e-06 0)
(0 -2.5854267e-06 0)
(0 -2.3492319e-06 0)
(0 -2.1346235e-06 0)
(0 -1.9396277e-06 0)
(0 -1.7624515e-06 0)
(0 -1.6014656e-06 0)
(0 -1.4551898e-06 0)
(0 -1.3222791e-06 0)
(0 -1.2015119e-06 0)
(0 -1.0917781e-06 0)
(0 -9.9206913e-07 0)
(0 -9.0146875e-07 0)
(0 -8.1914449e-07 0)
(0 -7.4434004e-07 0)
(0 -6.7636823e-07 0)
(0 -6.1460472e-07 0)
(0 -5.5848229e-07 0)
(0 -5.0748553e-07 0)
(0 -4.6114617e-07 0)
(0 -4.1903875e-07 0)
(0 -3.8077669e-07 0)
(0 -3.4600873e-07 0)
(0 -3.1441571e-07 0)
(0 -2.8570766e-07 0)
(0 -2.5962106e-07 0)
(0 -2.3591651e-07 0)
(0 -2.1437647e-07 0)
(0 -1.9480324e-07 0)
(0 -1.7701723e-07 0)
(0 -1.6085522e-07 0)
(0 -1.4616891e-07 0)
(0 -1.3282355e-07 0)
(0 -1.2069669e-07 0)
(0 -1.0967705e-07 0)
(0 -9.9663555e-08 0)
(0 -9.0564315e-08 0)
(0 -8.2295856e-08 0)
(0 -7.4782321e-08 0)
(0 -6.795478e-08 0)
(0 -6.1750597e-08 0)
(0 -5.6112857e-08 0)
(0 -5.0989842e-08 0)
(0 -4.6334554e-08 0)
(0 -4.2104289e-08 0)
(0 -3.8260241e-08 0)
(0 -3.4767147e-08 0)
(0 -3.1592966e-08 0)
(0 -2.8708578e-08 0)
(0 -2.6087527e-08 0)
(0 -2.3705769e-08 0)
(0 -2.1541456e-08 0)
(0 -1.9574735e-08 0)
(0 -1.7787566e-08 0)
(0 -1.6163555e-08 0)
(0 -1.4687806e-08 0)
(0 -1.3346782e-08 0)
(0 -1.2128182e-08 0)
(0 -1.1020828e-08 0)
(0 -1.0014564e-08 0)
(0 -9.1001579e-09 0)
(0 -8.2692234e-09 0)
(0 -7.5141384e-09 0)
(0 -6.8279769e-09 0)
(0 -6.2044449e-09 0)
(0 -5.637823e-09 0)
(0 -5.1229139e-09 0)
(0 -4.6549946e-09 0)
(0 -4.2297731e-09 0)
(0 -3.843349e-09 0)
(0 -3.4921779e-09 0)
(0 -3.1730386e-09 0)
(0 -2.8830038e-09 0)
(0 -2.6194132e-09 0)
(0 -2.3798491e-09 0)
(0 -2.162114e-09 0)
(0 -1.9642107e-09 0)
(0 -1.784324e-09 0)
(0 -1.6208039e-09 0)
(0 -1.4721506e-09 0)
(0 -1.3370004e-09 0)
(0 -1.2141138e-09 0)
(0 -1.1023635e-09 0)
(0 -1.0007246e-09 0)
(0 -9.0826476e-10 0)
(0 -8.2413591e-10 0)
(0 -7.4756638e-10 0)
(0 -6.7785384e-10 0)
(0 -6.1435887e-10 0)
(0 -5.5649905e-10 0)
(0 -5.0374367e-10 0)
(0 -4.5560885e-10 0)
(0 -4.1165305e-10 0)
(0 -3.7147311e-10 0)
(0 -3.3470048e-10 0)
(0 -3.0099786e-10 0)
(0 -2.7005612e-10 0)
(0 -2.4159144e-10 0)
(0 -2.1534274e-10 0)
(0 -1.9106926e-10 0)
(0 -1.6854834e-10 0)
(0 -1.4757341e-10 0)
(0 -1.2795209e-10 0)
(0 -1.095044e-10 0)
(0 -9.2061132e-11 0)
(0 -7.5462284e-11 0)
(0 -5.9555607e-11 0)
(0 -4.4195199e-11 0)
(0 -2.9240168e-11 0)
(0 -1.4553339e-11 0)
(0 0 0)
(0 -0.00011090306 0)
(0 -0.00012432315 0)
(0 -0.00013740646 0)
(0 -0.0001498421 0)
(0 -0.00016138695 0)
(0 -0.00017187546 0)
(0 -0.0001812164 0)
(0 -0.00018938157 0)
(0 -0.0001963907 0)
(0 -0.00020229584 0)
(0 -0.0002071673 0)
(0 -0.0002110822 0)
(0 -0.00021411587 0)
(0 -0.00021633577 0)
(0 -0.00021779757 0)
(0 -0.00021854304 0)
(0 -0.00021859912 0)
(0 -0.00021797827 0)
(0 -0.00021667966 0)
(0 -0.00021469144 0)
(0 -0.00021199397 0)
(0 -0.00020856411 0)
(0 -0.00020438065 0)
(0 -0.00019943049 0)
(0 -0.00019371519 0)
(0 -0.00018725708 0)
(0 -0.00018010385 0)
(0 -0.0001723304 0)
(0 -0.00016403743 0)
(0 -0.00015534637 0)
(0 -0.00014639165 0)
(0 -0.00013731159 0)
(0 -0.00012823956 0)
(0 -0.00011929665 0)
(0 -0.00011058662 0)
(0 -0.0001021933 0)
(0 -9.4180117e-05 0)
(0 -8.6591161e-05 0)
(0 -7.9453385e-05 0)
(0 -7.2779254e-05 0)
(0 -6.6569538e-05 0)
(0 -6.0815975e-05 0)
(0 -5.5503634e-05 0)
(0 -5.0612926e-05 0)
(0 -4.6121248e-05 0)
(0 -4.2004281e-05 0)
(0 -3.8236982e-05 0)
(0 -3.4794327e-05 0)
(0 -3.1651839e-05 0)
(0 -2.8785959e-05 0)
(0 -2.6174282e-05 0)
(0 -2.37957e-05 0)
(0 -2.1630473e-05 0)
(0 -1.9660247e-05 0)
(0 -1.7868035e-05 0)
(0 -1.6238172e-05 0)
(0 -1.4756258e-05 0)
(0 -1.3409083e-05 0)
(0 -1.2184555e-05 0)
(0 -1.1071623e-05 0)
(0 -1.0060196e-05 0)
(0 -9.1410732e-06 0)
(0 -8.3058696e-06 0)
(0 -7.5469497e-06 0)
(0 -6.8573636e-06 0)
(0 -6.2307886e-06 0)
(0 -5.661474e-06 0)
(0 -5.1441909e-06 0)
(0 -4.6741859e-06 0)
(0 -4.2471385e-06 0)
(0 -3.8591221e-06 0)
(0 -3.5065686e-06 0)
(0 -3.1862358e-06 0)
(0 -2.8951776e-06 0)
(0 -2.6307174e-06 0)
(0 -2.3904234e-06 0)
(0 -2.1720861e-06 0)
(0 -1.9736982e-06 0)
(0 -1.793436e-06 0)
(0 -1.6296425e-06 0)
(0 -1.4808125e-06 0)
(0 -1.3455783e-06 0)
(0 -1.2226973e-06 0)
(0 -1.1110407e-06 0)
(0 -1.0095828e-06 0)
(0 -9.1739157e-07 0)
(0 -8.3362047e-07 0)
(0 -7.5750017e-07 0)
(0 -6.8833171e-07 0)
(0 -6.2548003e-07 0)
(0 -5.683681e-07 0)
(0 -5.1647163e-07 0)
(0 -4.6931424e-07 0)
(0 -4.2646307e-07 0)
(0 -3.8752483e-07 0)
(0 -3.5214215e-07 0)
(0 -3.1999031e-07 0)
(0 -2.9077425e-07 0)
(0 -2.6422588e-07 0)
(0 -2.4010157e-07 0)
(0 -2.1817998e-07 0)
(0 -1.9825995e-07 0)
(0 -1.8015872e-07 0)
(0 -1.637102e-07 0)
(0 -1.4876349e-07 0)
(0 -1.3518146e-07 0)
(0 -1.2283949e-07 0)
(0 -1.1162436e-07 0)
(0 -1.0143319e-07 0)
(0 -9.2172474e-08 0)
(0 -8.3757264e-08 0)
(0 -7.611036e-08 0)
(0 -6.9161612e-08 0)
(0 -6.2847277e-08 0)
(0 -5.7109432e-08 0)
(0 -5.1895441e-08 0)
(0 -4.7157476e-08 0)
(0 -4.2852075e-08 0)
(0 -3.8939743e-08 0)
(0 -3.5384594e-08 0)
(0 -3.2154017e-08 0)
(0 -2.9218376e-08 0)
(0 -2.6550745e-08 0)
(0 -2.4126653e-08 0)
(0 -2.1923865e-08 0)
(0 -1.9922176e-08 0)
(0 -1.8103223e-08 0)
(0 -1.6450324e-08 0)
(0 -1.4948315e-08 0)
(0 -1.358342e-08 0)
(0 -1.234312e-08 0)
(0 -1.1216036e-08 0)
(0 -1.0191832e-08 0)
(0 -9.2611124e-09 0)
(0 -8.4153399e-09 0)
(0 -7.6467569e-09 0)
(0 -6.9483136e-09 0)
(0 -6.3136034e-09 0)
(0 -5.7368046e-09 0)
(0 -5.2126263e-09 0)
(0 -4.7362605e-09 0)
(0 -4.3033379e-09 0)
(0 -3.9098874e-09 0)
(0 -3.5523001e-09 0)
(0 -3.2272961e-09 0)
(0 -2.9318943e-09 0)
(0 -2.663385e-09 0)
(0 -2.4193055e-09 0)
(0 -2.1974169e-09 0)
(0 -1.995684e-09 0)
(0 -1.8122563e-09 0)
(0 -1.6454514e-09 0)
(0 -1.4937393e-09 0)
(0 -1.3557284e-09 0)
(0 -1.2301528e-09 0)
(0 -1.1158607e-09 0)
(0 -1.0118038e-09 0)
(0 -9.1702752e-10 0)
(0 -8.3066262e-10 0)
(0 -7.519169e-10 0)
(0 -6.8006807e-10 0)
(0 -6.1445712e-10 0)
(0 -5.5448222e-10 0)
(0 -4.9959327e-10 0)
(0 -4.4928679e-10 0)
(0 -4.0310136e-10 0)
(0 -3.6061334e-10 0)
(0 -3.2143301e-10 0)
(0 -2.8520101e-10 0)
(0 -2.5158498e-10 0)
(0 -2.202766e-10 0)
(0 -1.9098868e-10 0)
(0 -1.6345259e-10 0)
(0 -1.3741576e-10 0)
(0 -1.1263936e-10 0)
(0 -8.8896138e-11 0)
(0 -6.5968306e-11 0)
(0 -4.3645563e-11 0)
(0 -2.1723155e-11 0)
(0 0 0)
(0 -0.00014783475 0)
(0 -0.00016607533 0)
(0 -0.00018382355 0)
(0 -0.00020064286 0)
(0 -0.00021620021 0)
(0 -0.00023027744 0)
(0 -0.00024276329 0)
(0 -0.00025363442 0)
(0 -0.00026293211 0)
(0 -0.00027073931 0)
(0 -0.00027716097 0)
(0 -0.00028230843 0)
(0 -0.00028628815 0)
(0 -0.00028919398 0)
(0 -0.00029110237 0)
(0 -0.00029206987 0)
(0 -0.00029213218 0)
(0 -0.00029130469 0)
(0 -0.00028958412 0)
(0 -0.00028695147 0)
(0 -0.00028337632 0)
(0 -0.00027882262 0)
(0 -0.00027325607 0)
(0 -0.00026665291 0)
(0 -0.00025900944 0)
(0 -0.00025035113 0)
(0 -0.00024073979 0)
(0 -0.00023027678 0)
(0 -0.00021910114 0)
(0 -0.00020738218 0)
(0 -0.00019530781 0)
(0 -0.00018307095 0)
(0 -0.0001708565 0)
(0 -0.00015883085 0)
(0 -0.00014713499 0)
(0 -0.00013588127 0)
(0 -0.00012515324 0)
(0 -0.00011500768 0)
(0 -0.00010547798 0)
(0 -9.6578053e-05 0)
(0 -8.830633e-05 0)
(0 -8.064947e-05 0)
(0 -7.3585582e-05 0)
(0 -6.7086919e-05 0)
(0 -6.1122051e-05 0)
(0 -5.5657557e-05 0)
(0 -5.0659307e-05 0)
(0 -4.6093397e-05 0)
(0 -4.1926822e-05 0)
(0 -3.8127927e-05 0)
(0 -3.4666691e-05 0)
(0 -3.1514898e-05 0)
(0 -2.8646206e-05 0)
(0 -2.603616e-05 0)
(0 -2.366215e-05 0)
(0 -2.1503352e-05 0)
(0 -1.9540632e-05 0)
(0 -1.7756454e-05 0)
(0 -1.613477e-05 0)
(0 -1.466092e-05 0)
(0 -1.3321527e-05 0)
(0 -1.2104392e-05 0)
(0 -1.0998402e-05 0)
(0 -9.9934401e-06 0)
(0 -9.0802984e-06 0)
(0 -8.2506009e-06 0)
(0 -7.4967302e-06 0)
(0 -6.8117608e-06 0)
(0 -6.1893971e-06 0)
(0 -5.6239172e-06 0)
(0 -5.1101213e-06 0)
(0 -4.6432841e-06 0)
(0 -4.2191123e-06 0)
(0 -3.8337047e-06 0)
(0 -3.4835169e-06 0)
(0 -3.1653289e-06 0)
(0 -2.8762149e-06 0)
(0 -2.6135169e-06 0)
(0 -2.37482e-06 0)
(0 -2.1579304e-06 0)
(0 -1.9608546e-06 0)
(0 -1.7817818e-06 0)
(0 -1.6190666e-06 0)
(0 -1.4712143e-06 0)
(0 -1.3368666e-06 0)
(0 -1.2147896e-06 0)
(0 -1.1038621e-06 0)
(0 -1.0030656e-06 0)
(0 -9.1147452e-07 0)
(0 -8.2824787e-07 0)
(0 -7.5262163e-07 0)
(0 -6.8390153e-07 0)
(0 -6.2145678e-07 0)
(0 -5.6471422e-07 0)
(0 -5.1315305e-07 0)
(0 -4.6630005e-07 0)
(0 -4.2372525e-07 0)
(0 -3.8503795e-07 0)
(0 -3.4988312e-07 0)
(0 -3.1793819e-07 0)
(0 -2.8891004e-07 0)
(0 -2.6253232e-07 0)
(0 -2.3856301e-07 0)
(0 -2.167822e-07 0)
(0 -1.9699004e-07 0)
(0 -1.7900495e-07 0)
(0 -1.6266194e-07 0)
(0 -1.4781108e-07 0)
(0 -1.343161e-07 0)
(0 -1.2205323e-07 0)
(0 -1.1090996e-07 0)
(0 -1.0078406e-07 0)
(0 -9.1582646e-08 0)
(0 -8.3221313e-08 0)
(0 -7.5623357e-08 0)
(0 -6.8719079e-08 0)
(0 -6.2445146e-08 0)
(0 -5.6744006e-08 0)
(0 -5.1563363e-08 0)
(0 -4.6855695e-08 0)
(0 -4.2577818e-08 0)
(0 -3.8690492e-08 0)
(0 -3.5158059e-08 0)
(0 -3.1948117e-08 0)
(0 -2.9031222e-08 0)
(0 -2.6380618e-08 0)
(0 -2.3971991e-08 0)
(0 -2.1783249e-08 0)
(0 -1.9794314e-08 0)
(0 -1.7986943e-08 0)
(0 -1.6344557e-08 0)
(0 -1.4852092e-08 0)
(0 -1.3495857e-08 0)
(0 -1.2263414e-08 0)
(0 -1.1143456e-08 0)
(0 -1.0125711e-08 0)
(0 -9.2008434e-09 0)
(0 -8.3603706e-09 0)
(0 -7.5965829e-09 0)
(0 -6.9024746e-09 0)
(0 -6.2716789e-09 0)
(0 -5.6984098e-09 0)
(0 -5.1774091e-09 0)
(0 -4.7038979e-09 0)
(0 -4.2735329e-09 0)
(0 -3.8823666e-09 0)
(0 -3.526811e-09 0)
(0 -3.2036049e-09 0)
(0 -2.9097837e-09 0)
(0 -2.6426522e-09 0)
(0 -2.3997603e-09 0)
(0 -2.17888e-09 0)
(0 -1.9779853e-09 0)
(0 -1.7952335e-09 0)
(0 -1.6289483e-09 0)
(0 -1.4776046e-09 0)
(0 -1.3398141e-09 0)
(0 -1.2143129e-09 0)
(0 -1.0999499e-09 0)
(0 -9.9567611e-10 0)
(0 -9.0053507e-10 0)
(0 -8.1365411e-10 0)
(0 -7.3423633e-10 0)
(0 -6.6155327e-10 0)
(0 -5.9493825e-10 0)
(0 -5.3378025e-10 0)
(0 -4.7751831e-10 0)
(0 -4.2563636e-10 0)
(0 -3.7765853e-10 0)
(0 -3.3314473e-10 0)
(0 -2.9168668e-10 0)
(0 -2.529041e-10 0)
(0 -2.1644126e-10 0)
(0 -1.8196371e-10 0)
(0 -1.4915521e-10 0)
(0 -1.1771482e-10 0)
(0 -8.7354157e-11 0)
(0 -5.7794744e-11 0)
(0 -2.8765448e-11 0)
(0 0 0)
(0 -0.00018474227 0)
(0 -0.00020812777 0)
(0 -0.00023081928 0)
(0 -0.0002522341 0)
(0 -0.00027194297 0)
(0 -0.00028968018 0)
(0 -0.00030532645 0)
(0 -0.0003188781 0)
(0 -0.00033041242 0)
(0 -0.00034005582 0)
(0 -0.00034795768 0)
(0 -0.00035427074 0)
(0 -0.00035913745 0)
(0 -0.00036268106 0)
(0 -0.00036500045 0)
(0 -0.00036616748 0)
(0 -0.00036622633 0)
(0 -0.00036519425 0)
(0 -0.00036306365 0)
(0 -0.00035980568 0)
(0 -0.00035537549 0)
(0 -0.00034971942 0)
(0 -0.00034278458 0)
(0 -0.00033453054 0)
(0 -0.00032494252 0)
(0 -0.00031404466 0)
(0 -0.00030191081 0)
(0 -0.00028867002 0)
(0 -0.00027450434 0)
(0 -0.0002596383 0)
(0 -0.00024432195 0)
(0 -0.00022881107 0)
(0 -0.00021334873 0)
(0 -0.00019815099 0)
(0 -0.00018339811 0)
(0 -0.00016923109 0)
(0 -0.00015575232 0)
(0 -0.00014302915 0)
(0 -0.00013109888 0)
(0 -0.00011997434 0)
(0 -0.00010964929 0)
(0 -0.00010010324 0)
(0 -9.1305632e-05 0)
(0 -8.3219177e-05 0)
(0 -7.5802542e-05 0)
(0 -6.9012389e-05 0)
(0 -6.28049e-05 0)
(0 -5.713687e-05 0)
(0 -5.1966477e-05 0)
(0 -4.7253783e-05 0)
(0 -4.2961051e-05 0)
(0 -3.9052907e-05 0)
(0 -3.5496403e-05 0)
(0 -3.2261006e-05 0)
(0 -2.9318529e-05 0)
(0 -2.6643041e-05 0)
(0 -2.421074e-05 0)
(0 -2.1999827e-05 0)
(0 -1.999037e-05 0)
(0 -1.8164166e-05 0)
(0 -1.6504612e-05 0)
(0 -1.4996577e-05 0)
(0 -1.3626276e-05 0)
(0 -1.2381166e-05 0)
(0 -1.1249829e-05 0)
(0 -1.0221884e-05 0)
(0 -9.2878897e-06 0)
(0 -8.439263e-06 0)
(0 -7.6682026e-06 0)
(0 -6.9676182e-06 0)
(0 -6.3310668e-06 0)
(0 -5.7526939e-06 0)
(0 -5.2271797e-06 0)
(0 -4.749691e-06 0)
(0 -4.3158367e-06 0)
(0 -3.921627e-06 0)
(0 -3.5634374e-06 0)
(0 -3.2379748e-06 0)
(0 -2.9422475e-06 0)
(0 -2.6735373e-06 0)
(0 -2.4293748e-06 0)
(0 -2.2075164e-06 0)
(0 -2.0059237e-06 0)
(0 -1.8227448e-06 0)
(0 -1.6562971e-06 0)
(0 -1.5050518e-06 0)
(0 -1.36762e-06 0)
(0 -1.2427396e-06 0)
(0 -1.1292641e-06 0)
(0 -1.0261515e-06 0)
(0 -9.3245521e-07 0)
(0 -8.4731521e-07 0)
(0 -7.6994993e-07 0)
(0 -6.9964928e-07 0)
(0 -6.3576803e-07 0)
(0 -5.7771991e-07 0)
(0 -5.249722e-07 0)
(0 -4.7704085e-07 0)
(0 -4.3348603e-07 0)
(0 -3.9390807e-07 0)
(0 -3.5794383e-07 0)
(0 -3.2526331e-07 0)
(0 -2.9556667e-07 0)
(0 -2.6858145e-07 0)
(0 -2.4406006e-07 0)
(0 -2.2177753e-07 0)
(0 -2.0152943e-07 0)
(0 -1.8313001e-07 0)
(0 -1.6641048e-07 0)
(0 -1.5121744e-07 0)
(0 -1.3741153e-07 0)
(0 -1.2486608e-07 0)
(0 -1.1346603e-07 0)
(0 -1.0310679e-07 0)
(0 -9.3693327e-08 0)
(0 -8.5139296e-08 0)
(0 -7.7366228e-08 0)
(0 -7.030282e-08 0)
(0 -6.3884279e-08 0)
(0 -5.8051728e-08 0)
(0 -5.2751666e-08 0)
(0 -4.7935476e-08 0)
(0 -4.3558979e-08 0)
(0 -3.9582031e-08 0)
(0 -3.5968152e-08 0)
(0 -3.2684194e-08 0)
(0 -2.9700033e-08 0)
(0 -2.6988297e-08 0)
(0 -2.4524112e-08 0)
(0 -2.2284875e-08 0)
(0 -2.0250045e-08 0)
(0 -1.840096e-08 0)
(0 -1.6720657e-08 0)
(0 -1.5193724e-08 0)
(0 -1.3806155e-08 0)
(0 -1.2545222e-08 0)
(0 -1.1399361e-08 0)
(0 -1.0358059e-08 0)
(0 -9.4117665e-09 0)
(0 -8.5518029e-09 0)
(0 -7.7702802e-09 0)
(0 -7.06003e-09 0)
(0 -6.4145375e-09 0)
(0 -5.8278821e-09 0)
(0 -5.2946825e-09 0)
(0 -4.810048e-09 0)
(0 -4.3695334e-09 0)
(0 -3.969098e-09 0)
(0 -3.605069e-09 0)
(0 -3.2741071e-09 0)
(0 -2.9731768e-09 0)
(0 -2.6995177e-09 0)
(0 -2.4506197e-09 0)
(0 -2.2241999e-09 0)
(0 -2.0181814e-09 0)
(0 -1.8306744e-09 0)
(0 -1.6599592e-09 0)
(0 -1.5044698e-09 0)
(0 -1.3627801e-09 0)
(0 -1.2335904e-09 0)
(0 -1.1157156e-09 0)
(0 -1.0080747e-09 0)
(0 -9.0968021e-10 0)
(0 -8.1962972e-10 0)
(0 -7.3709721e-10 0)
(0 -6.6132567e-10 0)
(0 -5.9162008e-10 0)
(0 -5.2734108e-10 0)
(0 -4.6789906e-10 0)
(0 -4.1274881e-10 0)
(0 -3.6138447e-10 0)
(0 -3.1333489e-10 0)
(0 -2.6815935e-10 0)
(0 -2.2544348e-10 0)
(0 -1.8479546e-10 0)
(0 -1.4584247e-10 0)
(0 -1.0822721e-10 0)
(0 -7.1604649e-11 0)
(0 -3.5638877e-11 0)
(0 0 0)
(0 -0.00022163066 0)
(0 -0.00025060389 0)
(0 -0.00027861035 0)
(0 -0.00030489396 0)
(0 -0.00032892388 0)
(0 -0.00035039775 0)
(0 -0.00036920784 0)
(0 -0.00038539201 0)
(0 -0.0003990838 0)
(0 -0.00041046958 0)
(0 -0.00041975561 0)
(0 -0.00042714466 0)
(0 -0.00043282077 0)
(0 -0.00043693992 0)
(0 -0.00043962504 0)
(0 -0.00044096379 0)
(0 -0.00044100832 0)
(0 -0.00043977639 0)
(0 -0.00043725389 0)
(0 -0.00043339882 0)
(0 -0.00042814727 0)
(0 -0.00042142202 0)
(0 -0.00041314416 0)
(0 -0.00040324823 0)
(0 -0.00039170005 0)
(0 -0.00037851556 0)
(0 -0.0003637772 0)
(0 -0.00034764308 0)
(0 -0.00033034493 0)
(0 -0.00031217328 0)
(0 -0.00029345278 0)
(0 -0.0002745138 0)
(0 -0.00025566662 0)
(0 -0.00023718256 0)
(0 -0.00021928339 0)
(0 -0.00020213828 0)
(0 -0.00018586627 0)
(0 -0.00017054205 0)
(0 -0.00015620332 0)
(0 -0.00014285841 0)
(0 -0.00013049329 0)
(0 -0.00011907774 0)
(0 -0.00010857036 0)
(0 -9.8922622e-05 0)
(0 -9.0081997e-05 0)
(0 -8.1994258e-05 0)
(0 -7.4605199e-05 0)
(0 -6.7861829e-05 0)
(0 -6.1713185e-05 0)
(0 -5.6110852e-05 0)
(0 -5.1009267e-05 0)
(0 -4.6365861e-05 0)
(0 -4.2141089e-05 0)
(0 -3.829838e-05 0)
(0 -3.4804035e-05 0)
(0 -3.1627089e-05 0)
(0 -2.8739159e-05 0)
(0 -2.6114269e-05 0)
(0 -2.3728687e-05 0)
(0 -2.1560755e-05 0)
(0 -1.9590727e-05 0)
(0 -1.7800611e-05 0)
(0 -1.617403e-05 0)
(0 -1.4696075e-05 0)
(0 -1.3353189e-05 0)
(0 -1.2133039e-05 0)
(0 -1.1024414e-05 0)
(0 -1.0017123e-05 0)
(0 -9.1019034e-06 0)
(0 -8.2703381e-06 0)
(0 -7.5147782e-06 0)
(0 -6.8282739e-06 0)
(0 -6.2045107e-06 0)
(0 -5.6377514e-06 0)
(0 -5.1227838e-06 0)
(0 -4.6548723e-06 0)
(0 -4.2297146e-06 0)
(0 -3.8434022e-06 0)
(0 -3.492384e-06 0)
(0 -3.1734337e-06 0)
(0 -2.8836203e-06 0)
(0 -2.6202809e-06 0)
(0 -2.380996e-06 0)
(0 -2.1635674e-06 0)
(0 -1.9659981e-06 0)
(0 -1.7864735e-06 0)
(0 -1.623345e-06 0)
(0 -1.4751146e-06 0)
(0 -1.3404213e-06 0)
(0 -1.2180286e-06 0)
(0 -1.1068128e-06 0)
(0 -1.0057531e-06 0)
(0 -9.1392171e-07 0)
(0 -8.3047592e-07 0)
(0 -7.5464981e-07 0)
(0 -6.857475e-07 0)
(0 -6.2313668e-07 0)
(0 -5.6624278e-07 0)
(0 -5.1454374e-07 0)
(0 -4.6756518e-07 0)
(0 -4.2487604e-07 0)
(0 -3.8608462e-07 0)
(0 -3.5083503e-07 0)
(0 -3.1880385e-07 0)
(0 -2.896972e-07 0)
(0 -2.6324806e-07 0)
(0 -2.3921376e-07 0)
(0 -2.1737383e-07 0)
(0 -1.9752789e-07 0)
(0 -1.7949389e-07 0)
(0 -1.6310639e-07 0)
(0 -1.4821506e-07 0)
(0 -1.346833e-07 0)
(0 -1.2238696e-07 0)
(0 -1.1121326e-07 0)
(0 -1.010597e-07 0)
(0 -9.1833128e-08 0)
(0 -8.3448919e-08 0)
(0 -7.5830162e-08 0)
(0 -6.8906969e-08 0)
(0 -6.2615837e-08 0)
(0 -5.6899056e-08 0)
(0 -5.1704187e-08 0)
(0 -4.698358e-08 0)
(0 -4.2693934e-08 0)
(0 -3.87959e-08 0)
(0 -3.5253723e-08 0)
(0 -3.2034913e-08 0)
(0 -2.9109943e-08 0)
(0 -2.6451985e-08 0)
(0 -2.4036658e-08 0)
(0 -2.1841807e-08 0)
(0 -1.9847299e-08 0)
(0 -1.8034841e-08 0)
(0 -1.6387807e-08 0)
(0 -1.4891089e-08 0)
(0 -1.353096e-08 0)
(0 -1.2294942e-08 0)
(0 -1.11717e-08 0)
(0 -1.0150929e-08 0)
(0 -9.2232671e-09 0)
(0 -8.3802052e-09 0)
(0 -7.6140103e-09 0)
(0 -6.9176545e-09 0)
(0 -6.2847504e-09 0)
(0 -5.7094927e-09 0)
(0 -5.1866051e-09 0)
(0 -4.7112911e-09 0)
(0 -4.2791912e-09 0)
(0 -3.8863419e-09 0)
(0 -3.5291397e-09 0)
(0 -3.2043083e-09 0)
(0 -2.9088682e-09 0)
(0 -2.6401095e-09 0)
(0 -2.3955669e-09 0)
(0 -2.1729976e-09 0)
(0 -1.9703598e-09 0)
(0 -1.785795e-09 0)
(0 -1.6176103e-09 0)
(0 -1.464263e-09 0)
(0 -1.3243465e-09 0)
(0 -1.1965775e-09 0)
(0 -1.079784e-09 0)
(0 -9.7289466e-10 0)
(0 -8.7492916e-10 0)
(0 -7.8498888e-10 0)
(0 -7.0224884e-10 0)
(0 -6.2595012e-10 0)
(0 -5.5539287e-10 0)
(0 -4.8992991e-10 0)
(0 -4.289608e-10 0)
(0 -3.7192629e-10 0)
(0 -3.1830324e-10 0)
(0 -2.6759981e-10 0)
(0 -2.1935091e-10 0)
(0 -1.7311398e-10 0)
(0 -1.2846493e-10 0)
(0 -8.4994211e-11 0)
(0 -4.2303095e-11 0)
(0 0 0)
(0 -0.00025851771 0)
(0 -0.00029367103 0)
(0 -0.00032747488 0)
(0 -0.00035896552 0)
(0 -0.00038750986 0)
(0 -0.00041279028 0)
(0 -0.00043474171 0)
(0 -0.00045347518 0)
(0 -0.00046920759 0)
(0 -0.00048220619 0)
(0 -0.00049274884 0)
(0 -0.00050109808 0)
(0 -0.0005074854 0)
(0 -0.00051210271 0)
(0 -0.00051509836 0)
(0 -0.00051657599 0)
(0 -0.00051659498 0)
(0 -0.00051517207 0)
(0 -0.00051228409 0)
(0 -0.0005078721 0)
(0 -0.00050184776 0)
(0 -0.00049410285 0)
(0 -0.00048452297 0)
(0 -0.00047300631 0)
(0 -0.00045948738 0)
(0 -0.00044396362 0)
(0 -0.0004265202 0)
(0 -0.00040734566 0)
(0 -0.00038673077 0)
(0 -0.00036504764 0)
(0 -0.00034271356 0)
(0 -0.00032014983 0)
(0 -0.00029774591 0)
(0 -0.00027583507 0)
(0 -0.00025468253 0)
(0 -0.0002344841 0)
(0 -0.00021537176 0)
(0 -0.00019742288 0)
(0 -0.00018067077 0)
(0 -0.00016511474 0)
(0 -0.00015072912 0)
(0 -0.0001374707 0)
(0 -0.00012528469 0)
(0 -0.00011410937 0)
(0 -0.0001038795 0)
(0 -9.4528903e-05 0)
(0 -8.5992212e-05 0)
(0 -7.8206133e-05 0)
(0 -7.1110233e-05 0)
(0 -6.4647428e-05 0)
(0 -5.8764239e-05 0)
(0 -5.3410884e-05 0)
(0 -4.8541251e-05 0)
(0 -4.4112799e-05 0)
(0 -4.0086402e-05 0)
(0 -3.6426167e-05 0)
(0 -3.3099231e-05 0)
(0 -3.0075553e-05 0)
(0 -2.7327708e-05 0)
(0 -2.4830686e-05 0)
(0 -2.2561696e-05 0)
(0 -2.0499984e-05 0)
(0 -1.8626661e-05 0)
(0 -1.6924542e-05 0)
(0 -1.5377997e-05 0)
(0 -1.3972817e-05 0)
(0 -1.2696084e-05 0)
(0 -1.1536057e-05 0)
(0 -1.0482066e-05 0)
(0 -9.5244145e-06 0)
(0 -8.6542941e-06 0)
(0 -7.8636998e-06 0)
(0 -7.1453592e-06 0)
(0 -6.4926652e-06 0)
(0 -5.899615e-06 0)
(0 -5.360755e-06 0)
(0 -4.8711309e-06 0)
(0 -4.4262413e-06 0)
(0 -4.021997e-06 0)
(0 -3.6546825e-06 0)
(0 -3.3209226e-06 0)
(0 -3.0176505e-06 0)
(0 -2.7420801e-06 0)
(0 -2.4916801e-06 0)
(0 -2.2641505e-06 0)
(0 -2.0574017e-06 0)
(0 -1.8695351e-06 0)
(0 -1.6988257e-06 0)
(0 -1.5437062e-06 0)
(0 -1.4027525e-06 0)
(0 -1.2746705e-06 0)
(0 -1.1582847e-06 0)
(0 -1.0525268e-06 0)
(0 -9.5642596e-07 0)
(0 -8.6910036e-07 0)
(0 -7.8974854e-07 0)
(0 -7.1764232e-07 0)
(0 -6.5212e-07 0)
(0 -5.9258035e-07 0)
(0 -5.3847706e-07 0)
(0 -4.8931369e-07 0)
(0 -4.4463917e-07 0)
(0 -4.040436e-07 0)
(0 -3.6715454e-07 0)
(0 -3.3363355e-07 0)
(0 -3.0317309e-07 0)
(0 -2.7549371e-07 0)
(0 -2.5034148e-07 0)
(0 -2.2748566e-07 0)
(0 -2.0671658e-07 0)
(0 -1.8784371e-07 0)
(0 -1.7069392e-07 0)
(0 -1.5510989e-07 0)
(0 -1.4094865e-07 0)
(0 -1.2808031e-07 0)
(0 -1.1638682e-07 0)
(0 -1.0576092e-07 0)
(0 -9.6105129e-08 0)
(0 -8.7330882e-08 0)
(0 -7.9357693e-08 0)
(0 -7.2112422e-08 0)
(0 -6.5528612e-08 0)
(0 -5.9545869e-08 0)
(0 -5.4109315e-08 0)
(0 -4.9169083e-08 0)
(0 -4.4679857e-08 0)
(0 -4.0600459e-08 0)
(0 -3.689347e-08 0)
(0 -3.3524887e-08 0)
(0 -3.0463812e-08 0)
(0 -2.7682165e-08 0)
(0 -2.5154434e-08 0)
(0 -2.2857431e-08 0)
(0 -2.0770087e-08 0)
(0 -1.8873256e-08 0)
(0 -1.7149539e-08 0)
(0 -1.5583127e-08 0)
(0 -1.4159649e-08 0)
(0 -1.2866051e-08 0)
(0 -1.1690465e-08 0)
(0 -1.062211e-08 0)
(0 -9.6511856e-09 0)
(0 -8.7687861e-09 0)
(0 -7.9668178e-09 0)
(0 -7.2379245e-09 0)
(0 -6.5754207e-09 0)
(0 -5.9732295e-09 0)
(0 -5.4258273e-09 0)
(0 -4.9281931e-09 0)
(0 -4.4757624e-09 0)
(0 -4.0643854e-09 0)
(0 -3.6902885e-09 0)
(0 -3.3500406e-09 0)
(0 -3.0405207e-09 0)
(0 -2.7588897e-09 0)
(0 -2.5025644e-09 0)
(0 -2.2691937e-09 0)
(0 -2.056637e-09 0)
(0 -1.8629446e-09 0)
(0 -1.6863399e-09 0)
(0 -1.525203e-09 0)
(0 -1.378056e-09 0)
(0 -1.243549e-09 0)
(0 -1.1204484e-09 0)
(0 -1.007625e-09 0)
(0 -9.0404393e-10 0)
(0 -8.0875516e-10 0)
(0 -7.2088462e-10 0)
(0 -6.3962633e-10 0)
(0 -5.6423496e-10 0)
(0 -4.9401898e-10 0)
(0 -4.2833436e-10 0)
(0 -3.6657859e-10 0)
(0 -3.0818524e-10 0)
(0 -2.5261868e-10 0)
(0 -1.9936925e-10 0)
(0 -1.4794852e-10 0)
(0 -9.7884828e-11 0)
(0 -4.8718979e-11 0)
(0 0 0)
(0 -0.00029544406 0)
(0 -0.00033756439 0)
(0 -0.00037778097 0)
(0 -0.00041488268 0)
(0 -0.00044814532 0)
(0 -0.00047727593 0)
(0 -0.00050230049 0)
(0 -0.00052344771 0)
(0 -0.00054105309 0)
(0 -0.00055548985 0)
(0 -0.000567124 0)
(0 -0.00057628775 0)
(0 -0.00058326548 0)
(0 -0.00058828753 0)
(0 -0.00059152845 0)
(0 -0.00059310755 0)
(0 -0.00059309045 0)
(0 -0.00059149116 0)
(0 -0.00058827478 0)
(0 -0.00058336144 0)
(0 -0.00057663237 0)
(0 -0.00056793967 0)
(0 -0.00055712159 0)
(0 -0.000544025 0)
(0 -0.00052853626 0)
(0 -0.00051061865 0)
(0 -0.00049035023 0)
(0 -0.00046795063 0)
(0 -0.00044378293 0)
(0 -0.00041832375 0)
(0 -0.00039210909 0)
(0 -0.00036567382 0)
(0 -0.00033950209 0)
(0 -0.00031399657 0)
(0 -0.00028946683 0)
(0 -0.00026613178 0)
(0 -0.00024413044 0)
(0 -0.00022353625 0)
(0 -0.00020437164 0)
(0 -0.00018662125 0)
(0 -0.00017024302 0)
(0 -0.00015517695 0)
(0 -0.00014135195 0)
(0 -0.00012869086 0)
(0 -0.00011711417 0)
(0 -0.00010654257 0)
(0 -9.6898782e-05 0)
(0 -8.8108688e-05 0)
(0 -8.0102077e-05 0)
(0 -7.2813034e-05 0)
(0 -6.6180108e-05 0)
(0 -6.0146317e-05 0)
(0 -5.4659052e-05 0)
(0 -4.9669899e-05 0)
(0 -4.5134424e-05 0)
(0 -4.1011933e-05 0)
(0 -3.7265217e-05 0)
(0 -3.3860302e-05 0)
(0 -3.0766202e-05 0)
(0 -2.7954676e-05 0)
(0 -2.5400008e-05 0)
(0 -2.3078788e-05 0)
(0 -2.0969722e-05 0)
(0 -1.905344e-05 0)
(0 -1.7312333e-05 0)
(0 -1.573039e-05 0)
(0 -1.4293063e-05 0)
(0 -1.2987128e-05 0)
(0 -1.180057e-05 0)
(0 -1.0722471e-05 0)
(0 -9.7429132e-06 0)
(0 -8.8528832e-06 0)
(0 -8.0441939e-06 0)
(0 -7.3094069e-06 0)
(0 -6.6417643e-06 0)
(0 -6.0351269e-06 0)
(0 -5.4839171e-06 0)
(0 -4.9830675e-06 0)
(0 -4.5279748e-06 0)
(0 -4.1144564e-06 0)
(0 -3.7387126e-06 0)
(0 -3.397291e-06 0)
(0 -3.0870553e-06 0)
(0 -2.8051557e-06 0)
(0 -2.5490031e-06 0)
(0 -2.3162452e-06 0)
(0 -2.1047446e-06 0)
(0 -1.9125594e-06 0)
(0 -1.737925e-06 0)
(0 -1.5792384e-06 0)
(0 -1.4350427e-06 0)
(0 -1.3040146e-06 0)
(0 -1.1849512e-06 0)
(0 -1.0767599e-06 0)
(0 -9.7844768e-07 0)
(0 -8.8911241e-07 0)
(0 -8.0793425e-07 0)
(0 -7.3416831e-07 0)
(0 -6.671377e-07 0)
(0 -6.0622738e-07 0)
(0 -5.5087849e-07 0)
(0 -5.0058318e-07 0)
(0 -4.5488001e-07 0)
(0 -4.1334968e-07 0)
(0 -3.7561115e-07 0)
(0 -3.4131822e-07 0)
(0 -3.1015627e-07 0)
(0 -2.8183943e-07 0)
(0 -2.5610793e-07 0)
(0 -2.327257e-07 0)
(0 -2.1147826e-07 0)
(0 -1.9217069e-07 0)
(0 -1.7462588e-07 0)
(0 -1.5868289e-07 0)
(0 -1.4419545e-07 0)
(0 -1.3103069e-07 0)
(0 -1.1906783e-07 0)
(0 -1.0819715e-07 0)
(0 -9.8318927e-08 0)
(0 -8.9342547e-08 0)
(0 -8.1185674e-08 0)
(0 -7.3773484e-08 0)
(0 -6.7037989e-08 0)
(0 -6.0917405e-08 0)
(0 -5.5355589e-08 0)
(0 -5.0301525e-08 0)
(0 -4.5708854e-08 0)
(0 -4.1535448e-08 0)
(0 -3.7743027e-08 0)
(0 -3.4296804e-08 0)
(0 -3.1165168e-08 0)
(0 -2.8319394e-08 0)
(0 -2.573338e-08 0)
(0 -2.3383404e-08 0)
(0 -2.1247912e-08 0)
(0 -1.9307316e-08 0)
(0 -1.7543815e-08 0)
(0 -1.5941234e-08 0)
(0 -1.4484873e-08 0)
(0 -1.3161374e-08 0)
(0 -1.1958597e-08 0)
(0 -1.086551e-08 0)
(0 -9.872086e-09 0)
(0 -8.969213e-09 0)
(0 -8.1486095e-09 0)
(0 -7.4027486e-09 0)
(0 -6.7247889e-09 0)
(0 -6.1085119e-09 0)
(0 -5.5482648e-09 0)
(0 -5.0389087e-09 0)
(0 -4.5757716e-09 0)
(0 -4.1546055e-09 0)
(0 -3.7715471e-09 0)
(0 -3.423083e-09 0)
(0 -3.1060168e-09 0)
(0 -2.8174404e-09 0)
(0 -2.5547066e-09 0)
(0 -2.3154057e-09 0)
(0 -2.0973427e-09 0)
(0 -1.8985174e-09 0)
(0 -1.7171061e-09 0)
(0 -1.5514448e-09 0)
(0 -1.400014e-09 0)
(0 -1.2614247e-09 0)
(0 -1.1344057e-09 0)
(0 -1.0177919e-09 0)
(0 -9.105138e-10 0)
(0 -8.1158727e-10 0)
(0 -7.2010496e-10 0)
(0 -6.3522775e-10 0)
(0 -5.5617711e-10 0)
(0 -4.8222795e-10 0)
(0 -4.12702e-10 0)
(0 -3.4696151e-10 0)
(0 -2.844035e-10 0)
(0 -2.2445415e-10 0)
(0 -1.665636e-10 0)
(0 -1.1020083e-10 0)
(0 -5.4848865e-11 0)
(0 0 0)
(0 -0.00033249169 0)
(0 -0.00038262517 0)
(0 -0.00043002864 0)
(0 -0.00047320469 0)
(0 -0.00051137527 0)
(0 -0.0005443431 0)
(0 -0.00057229891 0)
(0 -0.00059564987 0)
(0 -0.00061489391 0)
(0 -0.00063053875 0)
(0 -0.0006430554 0)
(0 -0.00065285467 0)
(0 -0.0006602778 0)
(0 -0.00066559468 0)
(0 -0.00066900576 0)
(0 -0.000670645 0)
(0 -0.00067058297 0)
(0 -0.00066882925 0)
(0 -0.00066533477 0)
(0 -0.00065999482 0)
(0 -0.00065265403 0)
(0 -0.00064311525 0)
(0 -0.00063115505 0)
(0 -0.00061654956 0)
(0 -0.00059911332 0)
(0 -0.00057875148 0)
(0 -0.00055551814 0)
(0 -0.00052966286 0)
(0 -0.00050163996 0)
(0 -0.00047206496 0)
(0 -0.00044163075 0)
(0 -0.00041101733 0)
(0 -0.00038082285 0)
(0 -0.00035152684 0)
(0 -0.00032348162 0)
(0 -0.00029692236 0)
(0 -0.00027198606 0)
(0 -0.00024873294 0)
(0 -0.00022716619 0)
(0 -0.00020724876 0)
(0 -0.00018891656 0)
(0 -0.00017208853 0)
(0 -0.00015667403 0)
(0 -0.00014257816 0)
(0 -0.00012970545 0)
(0 -0.00011796236 0)
(0 -0.00010725893 0)
(0 -9.7509778e-05 0)
(0 -8.8634655e-05 0)
(0 -8.0558711e-05 0)
(0 -7.3212519e-05 0)
(0 -6.6531967e-05 0)
(0 -6.0458057e-05 0)
(0 -5.4936642e-05 0)
(0 -4.9918135e-05 0)
(0 -4.5357201e-05 0)
(0 -4.1212449e-05 0)
(0 -3.7446131e-05 0)
(0 -3.4023848e-05 0)
(0 -3.0914278e-05 0)
(0 -2.8088911e-05 0)
(0 -2.5521814e-05 0)
(0 -2.3189401e-05 0)
(0 -2.1070227e-05 0)
(0 -1.9144802e-05 0)
(0 -1.7395409e-05 0)
(0 -1.580595e-05 0)
(0 -1.4361798e-05 0)
(0 -1.304966e-05 0)
(0 -1.1857462e-05 0)
(0 -1.0774234e-05 0)
(0 -9.7900086e-06 0)
(0 -8.8957312e-06 0)
(0 -8.0831761e-06 0)
(0 -7.3448705e-06 0)
(0 -6.6740252e-06 0)
(0 -6.0644726e-06 0)
(0 -5.5106094e-06 0)
(0 -5.007345e-06 0)
(0 -4.5500546e-06 0)
(0 -4.1345363e-06 0)
(0 -3.7569726e-06 0)
(0 -3.4138954e-06 0)
(0 -3.1021532e-06 0)
(0 -2.8188832e-06 0)
(0 -2.5614841e-06 0)
(0 -2.3275923e-06 0)
(0 -2.1150604e-06 0)
(0 -1.9219373e-06 0)
(0 -1.74645e-06 0)
(0 -1.5869878e-06 0)
(0 -1.4420869e-06 0)
(0 -1.3104175e-06 0)
(0 -1.1907712e-06 0)
(0 -1.0820498e-06 0)
(0 -9.8325572e-07 0)
(0 -8.9348238e-07 0)
(0 -8.11906e-07 0)
(0 -7.3777806e-07 0)
(0 -6.704184e-07 0)
(0 -6.0920899e-07 0)
(0 -5.5358823e-07 0)
(0 -5.0304581e-07 0)
(0 -4.5711805e-07 0)
(0 -4.1538358e-07 0)
(0 -3.7745953e-07 0)
(0 -3.4299797e-07 0)
(0 -3.1168277e-07 0)
(0 -2.8322665e-07 0)
(0 -2.5736856e-07 0)
(0 -2.3387129e-07 0)
(0 -2.125193e-07 0)
(0 -1.9311672e-07 0)
(0 -1.7548556e-07 0)
(0 -1.5946409e-07 0)
(0 -1.4490534e-07 0)
(0 -1.3167576e-07 0)
(0 -1.19654e-07 0)
(0 -1.0872979e-07 0)
(0 -9.8802919e-08 0)
(0 -8.9782327e-08 0)
(0 -8.1585273e-08 0)
(0 -7.4136566e-08 0)
(0 -6.7367882e-08 0)
(0 -6.1217134e-08 0)
(0 -5.5627902e-08 0)
(0 -5.0548918e-08 0)
(0 -4.5933596e-08 0)
(0 -4.17396e-08 0)
(0 -3.792846e-08 0)
(0 -3.4465219e-08 0)
(0 -3.1318109e-08 0)
(0 -2.8458264e-08 0)
(0 -2.5859452e-08 0)
(0 -2.3497835e-08 0)
(0 -2.1351751e-08 0)
(0 -1.9401514e-08 0)
(0 -1.7629238e-08 0)
(0 -1.6018664e-08 0)
(0 -1.4555021e-08 0)
(0 -1.3224883e-08 0)
(0 -1.201605e-08 0)
(0 -1.0917433e-08 0)
(0 -9.9189557e-09 0)
(0 -9.0114592e-09 0)
(0 -8.1866198e-09 0)
(0 -7.4368715e-09 0)
(0 -6.7553374e-09 0)
(0 -6.1357662e-09 0)
(0 -5.5724748e-09 0)
(0 -5.0602965e-09 0)
(0 -4.5945334e-09 0)
(0 -4.1709133e-09 0)
(0 -3.7855506e-09 0)
(0 -3.4349106e-09 0)
(0 -3.1157769e-09 0)
(0 -2.8252225e-09 0)
(0 -2.5605823e-09 0)
(0 -2.3194287e-09 0)
(0 -2.09955e-09 0)
(0 -1.8989291e-09 0)
(0 -1.7157261e-09 0)
(0 -1.5482604e-09 0)
(0 -1.394996e-09 0)
(0 -1.254527e-09 0)
(0 -1.1255652e-09 0)
(0 -1.0069274e-09 0)
(0 -8.9752563e-10 0)
(0 -7.9635633e-10 0)
(0 -7.0249153e-10 0)
(0 -6.1507028e-10 0)
(0 -5.3329071e-10 0)
(0 -4.564027e-10 0)
(0 -3.83701e-10 0)
(0 -3.1451877e-10 0)
(0 -2.4822143e-10 0)
(0 -1.8420089e-10 0)
(0 -1.2186991e-10 0)
(0 -6.065677e-11 0)
(0 0 0)
(0 -0.00036981809 0)
(0 -0.00042936284 0)
(0 -0.00048491198 0)
(0 -0.00053466231 0)
(0 -0.00057787191 0)
(0 -0.00061456121 0)
(0 -0.00064519448 0)
(0 -0.00067043717 0)
(0 -0.00069100098 0)
(0 -0.00070755774 0)
(0 -0.0007206984 0)
(0 -0.00073091841 0)
(0 -0.00073861701 0)
(0 -0.00074410253 0)
(0 -0.00074759937 0)
(0 -0.00074925433 0)
(0 -0.00074914133 0)
(0 -0.00074726407 0)
(0 -0.00074355741 0)
(0 -0.00073788865 0)
(0 -0.00073006019 0)
(0 -0.0007198158 0)
(0 -0.0007068541 0)
(0 -0.00069085583 0)
(0 -0.00067153076 0)
(0 -0.00064868907 0)
(0 -0.00062233152 0)
(0 -0.00059273184 0)
(0 -0.00056046327 0)
(0 -0.00052633321 0)
(0 -0.00049124872 0)
(0 -0.00045607845 0)
(0 -0.0004215579 0)
(0 -0.00038824877 0)
(0 -0.00035653978 0)
(0 -0.00032667026 0)
(0 -0.00029876168 0)
(0 -0.00027284843 0)
(0 -0.00024890386 0)
(0 -0.00022686083 0)
(0 -0.00020662683 0)
(0 -0.00018809504 0)
(0 -0.00017115191 0)
(0 -0.00015568245 0)
(0 -0.00014157365 0)
(0 -0.00012871669 0)
(0 -0.00011700829 0)
(0 -0.00010635145 0)
(0 -9.6655733e-05 0)
(0 -8.783733e-05 0)
(0 -7.9818909e-05 0)
(0 -7.252936e-05 0)
(0 -6.5903461e-05 0)
(0 -5.9881522e-05 0)
(0 -5.4408997e-05 0)
(0 -4.9436111e-05 0)
(0 -4.4917483e-05 0)
(0 -4.0811776e-05 0)
(0 -3.7081358e-05 0)
(0 -3.3691989e-05 0)
(0 -3.0612523e-05 0)
(0 -2.7814643e-05 0)
(0 -2.5272606e-05 0)
(0 -2.2963016e-05 0)
(0 -2.0864611e-05 0)
(0 -1.895807e-05 0)
(0 -1.7225842e-05 0)
(0 -1.5651978e-05 0)
(0 -1.4221989e-05 0)
(0 -1.2922713e-05 0)
(0 -1.1742193e-05 0)
(0 -1.0669567e-05 0)
(0 -9.6949662e-06 0)
(0 -8.8094258e-06 0)
(0 -8.0048019e-06 0)
(0 -7.2736961e-06 0)
(0 -6.6093869e-06 0)
(0 -6.0057681e-06 0)
(0 -5.457292e-06 0)
(0 -4.9589186e-06 0)
(0 -4.506069e-06 0)
(0 -4.094583e-06 0)
(0 -3.7206809e-06 0)
(0 -3.3809286e-06 0)
(0 -3.072206e-06 0)
(0 -2.7916783e-06 0)
(0 -2.5367697e-06 0)
(0 -2.3051399e-06 0)
(0 -2.0946626e-06 0)
(0 -1.9034057e-06 0)
(0 -1.7296136e-06 0)
(0 -1.5716912e-06 0)
(0 -1.4281891e-06 0)
(0 -1.2977904e-06 0)
(0 -1.1792984e-06 0)
(0 -1.0716258e-06 0)
(0 -9.7378445e-07 0)
(0 -8.8487669e-07 0)
(0 -8.0408672e-07 0)
(0 -7.3067326e-07 0)
(0 -6.6396275e-07 0)
(0 -6.0334313e-07 0)
(0 -5.4825824e-07 0)
(0 -4.9820272e-07 0)
(0 -4.5271734e-07 0)
(0 -4.1138483e-07 0)
(0 -3.73826e-07 0)
(0 -3.396963e-07 0)
(0 -3.0868263e-07 0)
(0 -2.8050049e-07 0)
(0 -2.5489135e-07 0)
(0 -2.316203e-07 0)
(0 -2.1047385e-07 0)
(0 -1.9125803e-07 0)
(0 -1.7379658e-07 0)
(0 -1.5792931e-07 0)
(0 -1.4351068e-07 0)
(0 -1.3040842e-07 0)
(0 -1.1850236e-07 0)
(0 -1.0768327e-07 0)
(0 -9.7851917e-08 0)
(0 -8.8918119e-08 0)
(0 -8.0799929e-08 0)
(0 -7.3422881e-08 0)
(0 -6.6719308e-08 0)
(0 -6.0627719e-08 0)
(0 -5.509224e-08 0)
(0 -5.0062095e-08 0)
(0 -4.5491144e-08 0)
(0 -4.1337461e-08 0)
(0 -3.7562945e-08 0)
(0 -3.4132974e-08 0)
(0 -3.1016088e-08 0)
(0 -2.8183695e-08 0)
(0 -2.5609816e-08 0)
(0 -2.3270843e-08 0)
(0 -2.114532e-08 0)
(0 -1.9213751e-08 0)
(0 -1.745842e-08 0)
(0 -1.5863225e-08 0)
(0 -1.4413535e-08 0)
(0 -1.3096052e-08 0)
(0 -1.1898691e-08 0)
(0 -1.0810471e-08 0)
(0 -9.8214085e-09 0)
(0 -8.9224326e-09 0)
(0 -8.105297e-09 0)
(0 -7.3625067e-09 0)
(0 -6.6872484e-09 0)
(0 -6.0733285e-09 0)
(0 -5.5151157e-09 0)
(0 -5.0074898e-09 0)
(0 -4.5457948e-09 0)
(0 -4.1257957e-09 0)
(0 -3.7436402e-09 0)
(0 -3.3958228e-09 0)
(0 -3.0791534e-09 0)
(0 -2.7907273e-09 0)
(0 -2.5278989e-09 0)
(0 -2.2882574e-09 0)
(0 -2.0696048e-09 0)
(0 -1.8699355e-09 0)
(0 -1.687418e-09 0)
(0 -1.5203782e-09 0)
(0 -1.3672839e-09 0)
(0 -1.2267309e-09 0)
(0 -1.09743e-09 0)
(0 -9.781952e-10 0)
(0 -8.6793281e-10 0)
(0 -7.6563145e-10 0)
(0 -6.7035278e-10 0)
(0 -5.8122286e-10 0)
(0 -4.9742416e-10 0)
(0 -4.1818804e-10 0)
(0 -3.4278771e-10 0)
(0 -2.7053157e-10 0)
(0 -2.0075686e-10 0)
(0 -1.3282357e-10 0)
(0 -6.6108598e-11 0)
(0 0 0)
(0 -0.00040772132 0)
(0 -0.00047855874 0)
(0 -0.00054341157 0)
(0 -0.00060021743 0)
(0 -0.00064846236 0)
(0 -0.00068858639 0)
(0 -0.00072148134 0)
(0 -0.00074816937 0)
(0 -0.00076963084 0)
(0 -0.00078672787 0)
(0 -0.00080018077 0)
(0 -0.00081057024 0)
(0 -0.00081835017 0)
(0 -0.00082386301 0)
(0 -0.00082735318 0)
(0 -0.00082897731 0)
(0 -0.00082881101 0)
(0 -0.00082685123 0)
(0 -0.00082301595 0)
(0 -0.00081714274 0)
(0 -0.00080898789 0)
(0 -0.00079822742 0)
(0 -0.00078446484 0)
(0 -0.00076725572 0)
(0 -0.00074616003 0)
(0 -0.00072083593 0)
(0 -0.00069117897 0)
(0 -0.00065747035 0)
(0 -0.00062044384 0)
(0 -0.00058118389 0)
(0 -0.0005408991 0)
(0 -0.00050070669 0)
(0 -0.0004615051 0)
(0 -0.00042393762 0)
(0 -0.00038841435 0)
(0 -0.00035515877 0)
(0 -0.00032425728 0)
(0 -0.00029570188 0)
(0 -0.00026942316 0)
(0 -0.00024531416 0)
(0 -0.00022324705 0)
(0 -0.00020308437 0)
(0 -0.00018468636 0)
(0 -0.00016791573 0)
(0 -0.00015264054 0)
(0 -0.00013873585 0)
(0 -0.0001260846 0)
(0 -0.00011457797 0)
(0 -0.00010411531 0)
(0 -9.4603944e-05 0)
(0 -8.5958812e-05 0)
(0 -7.8102009e-05 0)
(0 -7.0962327e-05 0)
(0 -6.4474774e-05 0)
(0 -5.8580089e-05 0)
(0 -5.3224294e-05 0)
(0 -4.8358246e-05 0)
(0 -4.3937235e-05 0)
(0 -3.9920597e-05 0)
(0 -3.6271361e-05 0)
(0 -3.2955919e-05 0)
(0 -2.9943731e-05 0)
(0 -2.7207045e-05 0)
(0 -2.4720646e-05 0)
(0 -2.2461625e-05 0)
(0 -2.0409172e-05 0)
(0 -1.8544381e-05 0)
(0 -1.6850077e-05 0)
(0 -1.5310661e-05 0)
(0 -1.391196e-05 0)
(0 -1.2641101e-05 0)
(0 -1.148639e-05 0)
(0 -1.0437202e-05 0)
(0 -9.4838888e-06 0)
(0 -8.6176818e-06 0)
(0 -7.8306172e-06 0)
(0 -7.1154594e-06 0)
(0 -6.4656353e-06 0)
(0 -5.8751731e-06 0)
(0 -5.3386474e-06 0)
(0 -4.851129e-06 0)
(0 -4.4081397e-06 0)
(0 -4.0056105e-06 0)
(0 -3.6398449e-06 0)
(0 -3.307484e-06 0)
(0 -3.0054762e-06 0)
(0 -2.7310486e-06 0)
(0 -2.4816818e-06 0)
(0 -2.2550869e-06 0)
(0 -2.0491838e-06 0)
(0 -1.8620827e-06 0)
(0 -1.6920664e-06 0)
(0 -1.5375746e-06 0)
(0 -1.3971894e-06 0)
(0 -1.2696227e-06 0)
(0 -1.1537038e-06 0)
(0 -1.048369e-06 0)
(0 -9.5265201e-07 0)
(0 -8.6567441e-07 0)
(0 -7.8663824e-07 0)
(0 -7.1481834e-07 0)
(0 -6.495558e-07 0)
(0 -5.9025187e-07 0)
(0 -5.3636249e-07 0)
(0 -4.8739327e-07 0)
(0 -4.4289498e-07 0)
(0 -4.0245939e-07 0)
(0 -3.6571556e-07 0)
(0 -3.3232643e-07 0)
(0 -3.019857e-07 0)
(0 -2.7441504e-07 0)
(0 -2.4936154e-07 0)
(0 -2.2659537e-07 0)
(0 -2.0590772e-07 0)
(0 -1.8710879e-07 0)
(0 -1.7002616e-07 0)
(0 -1.5450312e-07 0)
(0 -1.4039729e-07 0)
(0 -1.2757926e-07 0)
(0 -1.1593147e-07 0)
(0 -1.0534707e-07 0)
(0 -9.5728977e-08 0)
(0 -8.6988962e-08 0)
(0 -7.9046857e-08 0)
(0 -7.1829812e-08 0)
(0 -6.5271627e-08 0)
(0 -5.9312148e-08 0)
(0 -5.3896709e-08 0)
(0 -4.8975638e-08 0)
(0 -4.4503795e-08 0)
(0 -4.0440162e-08 0)
(0 -3.6747466e-08 0)
(0 -3.3391835e-08 0)
(0 -3.0342489e-08 0)
(0 -2.7571459e-08 0)
(0 -2.5053326e-08 0)
(0 -2.2764995e-08 0)
(0 -2.0685473e-08 0)
(0 -1.8795688e-08 0)
(0 -1.7078306e-08 0)
(0 -1.5517573e-08 0)
(0 -1.4099174e-08 0)
(0 -1.2810099e-08 0)
(0 -1.1638524e-08 0)
(0 -1.0573703e-08 0)
(0 -9.6058675e-09 0)
(0 -8.7261415e-09 0)
(0 -7.9264555e-09 0)
(0 -7.1994742e-09 0)
(0 -6.5385296e-09 0)
(0 -5.9375592e-09 0)
(0 -5.3910505e-09 0)
(0 -4.8939909e-09 0)
(0 -4.4418209e-09 0)
(0 -4.0303933e-09 0)
(0 -3.6559341e-09 0)
(0 -3.3150086e-09 0)
(0 -3.0044898e-09 0)
(0 -2.7215294e-09 0)
(0 -2.463532e-09 0)
(0 -2.2281312e-09 0)
(0 -2.0131677e-09 0)
(0 -1.8166698e-09 0)
(0 -1.6368352e-09 0)
(0 -1.4720143e-09 0)
(0 -1.3206953e-09 0)
(0 -1.1814903e-09 0)
(0 -1.0531224e-09 0)
(0 -9.3441422e-10 0)
(0 -8.2427684e-10 0)
(0 -7.2170007e-10 0)
(0 -6.2574303e-10 0)
(0 -5.3552557e-10 0)
(0 -4.5022016e-10 0)
(0 -3.6904436e-10 0)
(0 -2.9125359e-10 0)
(0 -2.1613432e-10 0)
(0 -1.4299752e-10 0)
(0 -7.1172347e-11 0)
(0 0 0)
(0 -0.00044676798 0)
(0 -0.00053144212 0)
(0 -0.00060693061 0)
(0 -0.00067113578 0)
(0 -0.00072415145 0)
(0 -0.00076715583 0)
(0 -0.00080167278 0)
(0 -0.00082919093 0)
(0 -0.00085100825 0)
(0 -0.0008681925 0)
(0 -0.00088159221 0)
(0 -0.00089186538 0)
(0 -0.00089951106 0)
(0 -0.00090489732 0)
(0 -0.00090828215 0)
(0 -0.00090982784 0)
(0 -0.00090961015 0)
(0 -0.00090761952 0)
(0 -0.00090375788 0)
(0 -0.00089783366 0)
(0 -0.00088955631 0)
(0 -0.00087852919 0)
(0 -0.00086424506 0)
(0 -0.00084610117 0)
(0 -0.00082344838 0)
(0 -0.00079570484 0)
(0 -0.00076256743 0)
(0 -0.00072428289 0)
(0 -0.00068181039 0)
(0 -0.00063665489 0)
(0 -0.00059046284 0)
(0 -0.00054468043 0)
(0 -0.00050039186 0)
(0 -0.00045830794 0)
(0 -0.00041883057 0)
(0 -0.00038213587 0)
(0 -0.00034824813 0)
(0 -0.00031709609 0)
(0 -0.00028855237 0)
(0 -0.0002624597 0)
(0 -0.00023864779 0)
(0 -0.00021694387 0)
(0 -0.00019717899 0)
(0 -0.00017919175 0)
(0 -0.00016283018 0)
(0 -0.00014795271 0)
(0 -0.0001344283 0)
(0 -0.00012213631 0)
(0 -0.00011096602 0)
(0 -0.00010081615 0)
(0 -9.1594174e-05 0)
(0 -8.3215693e-05 0)
(0 -7.5603828e-05 0)
(0 -6.8688586e-05 0)
(0 -6.2406291e-05 0)
(0 -5.6699038e-05 0)
(0 -5.1514186e-05 0)
(0 -4.6803896e-05 0)
(0 -4.25247e-05 0)
(0 -3.8637104e-05 0)
(0 -3.5105233e-05 0)
(0 -3.1896499e-05 0)
(0 -2.8981301e-05 0)
(0 -2.6332754e-05 0)
(0 -2.3926437e-05 0)
(0 -2.174017e-05 0)
(0 -1.9753807e-05 0)
(0 -1.7949049e-05 0)
(0 -1.6309275e-05 0)
(0 -1.4819388e-05 0)
(0 -1.3465674e-05 0)
(0 -1.2235677e-05 0)
(0 -1.1118079e-05 0)
(0 -1.0102604e-05 0)
(0 -9.1799107e-06 0)
(0 -8.3415178e-06 0)
(0 -7.5797184e-06 0)
(0 -6.887511e-06 0)
(0 -6.258535e-06 0)
(0 -5.6870115e-06 0)
(0 -5.1676905e-06 0)
(0 -4.6958018e-06 0)
(0 -4.2670116e-06 0)
(0 -3.8773822e-06 0)
(0 -3.5233362e-06 0)
(0 -3.2016227e-06 0)
(0 -2.9092885e-06 0)
(0 -2.6436498e-06 0)
(0 -2.4022684e-06 0)
(0 -2.1829287e-06 0)
(0 -1.9836176e-06 0)
(0 -1.802506e-06 0)
(0 -1.6379317e-06 0)
(0 -1.4883846e-06 0)
(0 -1.3524923e-06 0)
(0 -1.2290079e-06 0)
(0 -1.1167983e-06 0)
(0 -1.0148341e-06 0)
(0 -9.221796e-07 0)
(0 -8.379848e-07 0)
(0 -7.6147722e-07 0)
(0 -6.9195496e-07 0)
(0 -6.2878019e-07 0)
(0 -5.7137336e-07 0)
(0 -5.1920781e-07 0)
(0 -4.71805e-07 0)
(0 -4.2873005e-07 0)
(0 -3.8958783e-07 0)
(0 -3.5401926e-07 0)
(0 -3.2169806e-07 0)
(0 -2.9232774e-07 0)
(0 -2.6563888e-07 0)
(0 -2.4138666e-07 0)
(0 -2.1934861e-07 0)
(0 -1.9932258e-07 0)
(0 -1.8112487e-07 0)
(0 -1.6458855e-07 0)
(0 -1.4956195e-07 0)
(0 -1.3590721e-07 0)
(0 -1.234991e-07 0)
(0 -1.1222379e-07 0)
(0 -1.0197786e-07 0)
(0 -9.2667331e-08 0)
(0 -8.4206794e-08 0)
(0 -7.6518645e-08 0)
(0 -6.9532364e-08 0)
(0 -6.3183869e-08 0)
(0 -5.7414928e-08 0)
(0 -5.2172625e-08 0)
(0 -4.7408875e-08 0)
(0 -4.3079981e-08 0)
(0 -3.9146236e-08 0)
(0 -3.557156e-08 0)
(0 -3.2323162e-08 0)
(0 -2.9371247e-08 0)
(0 -2.6688738e-08 0)
(0 -2.425103e-08 0)
(0 -2.2035764e-08 0)
(0 -2.0022619e-08 0)
(0 -1.8193131e-08 0)
(0 -1.6530518e-08 0)
(0 -1.501953e-08 0)
(0 -1.3646308e-08 0)
(0 -1.2398256e-08 0)
(0 -1.1263925e-08 0)
(0 -1.0232913e-08 0)
(0 -9.2957605e-09 0)
(0 -8.4438732e-09 0)
(0 -7.6694366e-09 0)
(0 -6.9653473e-09 0)
(0 -6.3251471e-09 0)
(0 -5.7429639e-09 0)
(0 -5.2134575e-09 0)
(0 -4.7317712e-09 0)
(0 -4.2934866e-09 0)
(0 -3.8945837e-09 0)
(0 -3.5314035e-09 0)
(0 -3.2006149e-09 0)
(0 -2.8991836e-09 0)
(0 -2.6243448e-09 0)
(0 -2.3735777e-09 0)
(0 -2.1445819e-09 0)
(0 -1.9352572e-09 0)
(0 -1.7436835e-09 0)
(0 -1.5681035e-09 0)
(0 -1.4069068e-09 0)
(0 -1.2586149e-09 0)
(0 -1.1218675e-09 0)
(0 -9.954103e-10 0)
(0 -8.7808345e-10 0)
(0 -7.6881074e-10 0)
(0 -6.6658988e-10 0)
(0 -5.7048325e-10 0)
(0 -4.7960934e-10 0)
(0 -3.931346e-10 0)
(0 -3.1026585e-10 0)
(0 -2.3024299e-10 0)
(0 -1.5233201e-10 0)
(0 -7.5818289e-11 0)
(0 0 0)
(0 -0.00048805589 0)
(0 -0.00058999263 0)
(0 -0.00067748923 0)
(0 -0.0007490643 0)
(0 -0.00080612586 0)
(0 -0.00085106031 0)
(0 -0.0008862667 0)
(0 -0.00091380004 0)
(0 -0.00093530203 0)
(0 -0.00095203973 0)
(0 -0.00096497215 0)
(0 -0.00097481488 0)
(0 -0.00098209455 0)
(0 -0.00098719178 0)
(0 -0.00099036908 0)
(0 -0.00099178863 0)
(0 -0.00099152557 0)
(0 -0.00098956584 0)
(0 -0.00098579847 0)
(0 -0.00098000614 0)
(0 -0.00097185595 0)
(0 -0.00096088129 0)
(0 -0.00094645451 0)
(0 -0.00092778337 0)
(0 -0.00090393753 0)
(0 -0.00087396155 0)
(0 -0.00083718258 0)
(0 -0.00079371107 0)
(0 -0.00074483779 0)
(0 -0.00069274421 0)
(0 -0.00063973056 0)
(0 -0.00058767386 0)
(0 -0.00053785081 0)
(0 -0.00049099865 0)
(0 -0.00044745821 0)
(0 -0.0004073114 0)
(0 -0.00037048474 0)
(0 -0.00033681874 0)
(0 -0.00030611144 0)
(0 -0.00027814458 0)
(0 -0.00025269878 0)
(0 -0.00022956195 0)
(0 -0.00020853366 0)
(0 -0.00018942714 0)
(0 -0.00017206989 0)
(0 -0.00015630354 0)
(0 -0.00014198321 0)
(0 -0.00012897671 0)
(0 -0.00011716365 0)
(0 -0.0001064345 0)
(0 -9.6689687e-05 0)
(0 -8.7838738e-05 0)
(0 -7.9799485e-05 0)
(0 -7.249731e-05 0)
(0 -6.5864465e-05 0)
(0 -5.9839443e-05 0)
(0 -5.4366405e-05 0)
(0 -4.9394657e-05 0)
(0 -4.4878177e-05 0)
(0 -4.0775183e-05 0)
(0 -3.7047739e-05 0)
(0 -3.3661403e-05 0)
(0 -3.0584901e-05 0)
(0 -2.7789835e-05 0)
(0 -2.5250417e-05 0)
(0 -2.294323e-05 0)
(0 -2.0847006e-05 0)
(0 -1.8942431e-05 0)
(0 -1.7211962e-05 0)
(0 -1.5639665e-05 0)
(0 -1.4211069e-05 0)
(0 -1.2913027e-05 0)
(0 -1.1733599e-05 0)
(0 -1.0661937e-05 0)
(0 -9.6881876e-06 0)
(0 -8.8033987e-06 0)
(0 -7.9994384e-06 0)
(0 -7.2689186e-06 0)
(0 -6.6051272e-06 0)
(0 -6.0019661e-06 0)
(0 -5.4538953e-06 0)
(0 -4.9558809e-06 0)
(0 -4.5033496e-06 0)
(0 -4.0921463e-06 0)
(0 -3.7184954e-06 0)
(0 -3.3789666e-06 0)
(0 -3.0704432e-06 0)
(0 -2.7900931e-06 0)
(0 -2.5353432e-06 0)
(0 -2.3038553e-06 0)
(0 -2.0935049e-06 0)
(0 -1.9023617e-06 0)
(0 -1.7286715e-06 0)
(0 -1.5708407e-06 0)
(0 -1.4274208e-06 0)
(0 -1.2970961e-06 0)
(0 -1.1786706e-06 0)
(0 -1.0710579e-06 0)
(0 -9.7327059e-07 0)
(0 -8.8441153e-07 0)
(0 -8.036655e-07 0)
(0 -7.3029172e-07 0)
(0 -6.6361704e-07 0)
(0 -6.0302981e-07 0)
(0 -5.4797421e-07 0)
(0 -4.9794518e-07 0)
(0 -4.5248377e-07 0)
(0 -4.1117295e-07 0)
(0 -3.7363377e-07 0)
(0 -3.3952186e-07 0)
(0 -3.0852431e-07 0)
(0 -2.8035677e-07 0)
(0 -2.5476087e-07 0)
(0 -2.3150181e-07 0)
(0 -2.1036624e-07 0)
(0 -1.9116029e-07 0)
(0 -1.7370777e-07 0)
(0 -1.5784861e-07 0)
(0 -1.4343733e-07 0)
(0 -1.3034174e-07 0)
(0 -1.1844171e-07 0)
(0 -1.076281e-07 0)
(0 -9.7801705e-08 0)
(0 -8.8872402e-08 0)
(0 -8.0758282e-08 0)
(0 -7.3384918e-08 0)
(0 -6.6684677e-08 0)
(0 -6.05961e-08 0)
(0 -5.5063339e-08 0)
(0 -5.0035646e-08 0)
(0 -4.5466903e-08 0)
(0 -4.1315203e-08 0)
(0 -3.7542466e-08 0)
(0 -3.4114085e-08 0)
(0 -3.0998614e-08 0)
(0 -2.8167477e-08 0)
(0 -2.5594704e-08 0)
(0 -2.3256697e-08 0)
(0 -2.113201e-08 0)
(0 -1.9201156e-08 0)
(0 -1.7446423e-08 0)
(0 -1.5851716e-08 0)
(0 -1.4402408e-08 0)
(0 -1.3085205e-08 0)
(0 -1.1888025e-08 0)
(0 -1.0799887e-08 0)
(0 -9.8108102e-09 0)
(0 -8.9117223e-09 0)
(0 -8.0943766e-09 0)
(0 -7.3512759e-09 0)
(0 -6.6756042e-09 0)
(0 -6.061164e-09 0)
(0 -5.5023193e-09 0)
(0 -4.9939442e-09 0)
(0 -4.5313756e-09 0)
(0 -4.1103707e-09 0)
(0 -3.7270679e-09 0)
(0 -3.3779512e-09 0)
(0 -3.0598186e-09 0)
(0 -2.7697518e-09 0)
(0 -2.5050904e-09 0)
(0 -2.2634067e-09 0)
(0 -2.042484e-09 0)
(0 -1.8402957e-09 0)
(0 -1.6549874e-09 0)
(0 -1.4848593e-09 0)
(0 -1.3283509e-09 0)
(0 -1.1840268e-09 0)
(0 -1.050563e-09 0)
(0 -9.267354e-10 0)
(0 -8.1140822e-10 0)
(0 -7.0352361e-10 0)
(0 -6.0209201e-10 0)
(0 -5.0618305e-10 0)
(0 -4.14917e-10 0)
(0 -3.2745675e-10 0)
(0 -2.4300006e-10 0)
(0 -1.6077227e-10 0)
(0 -8.0019152e-11 0)
(0 0 0)
(0 -0.00053378208 0)
(0 -0.00065747287 0)
(0 -0.00075799893 0)
(0 -0.00083610361 0)
(0 -0.00089573196 0)
(0 -0.00094109699 0)
(0 -0.00097570371 0)
(0 -0.0010022205 0)
(0 -0.0010226098 0)
(0 -0.0010382971 0)
(0 -0.0010503114 0)
(0 -0.0010593918 0)
(0 -0.0010660656 0)
(0 -0.0010707083 0)
(0 -0.0010735758 0)
(0 -0.0010748218 0)
(0 -0.0010745222 0)
(0 -0.0010726633 0)
(0 -0.0010691272 0)
(0 -0.0010636765 0)
(0 -0.0010559474 0)
(0 -0.0010454204 0)
(0 -0.0010313493 0)
(0 -0.0010127355 0)
(0 -0.00098829513 0)
(0 -0.00095650436 0)
(0 -0.00091600434 0)
(0 -0.00086652024 0)
(0 -0.00080985994 0)
(0 -0.00074937051 0)
(0 -0.00068834824 0)
(0 -0.00062921194 0)
(0 -0.00057339127 0)
(0 -0.00052155873 0)
(0 -0.00047390679 0)
(0 -0.00043035752 0)
(0 -0.00039069569 0)
(0 -0.00035464605 0)
(0 -0.00032191551 0)
(0 -0.00029221531 0)
(0 -0.00026527164 0)
(0 -0.00024083035 0)
(0 -0.00021865827 0)
(0 -0.00019854293 0)
(0 -0.0001802914 0)
(0 -0.00016372892 0)
(0 -0.00014869727 0)
(0 -0.00013505334 0)
(0 -0.00012266761 0)
(0 -0.0001114229 0)
(0 -0.00010121315 0)
(0 -9.1942316e-05 0)
(0 -8.3523428e-05 0)
(0 -7.5877676e-05 0)
(0 -6.8933645e-05 0)
(0 -6.262659e-05 0)
(0 -5.6897807e-05 0)
(0 -5.1694053e-05 0)
(0 -4.696703e-05 0)
(0 -4.2672914e-05 0)
(0 -3.877194e-05 0)
(0 -3.5228017e-05 0)
(0 -3.2008384e-05 0)
(0 -2.9083303e-05 0)
(0 -2.6425771e-05 0)
(0 -2.4011275e-05 0)
(0 -2.1817552e-05 0)
(0 -1.9824386e-05 0)
(0 -1.8013419e-05 0)
(0 -1.6367975e-05 0)
(0 -1.4872909e-05 0)
(0 -1.3514466e-05 0)
(0 -1.2280149e-05 0)
(0 -1.1158607e-05 0)
(0 -1.013953e-05 0)
(0 -9.2135496e-06 0)
(0 -8.3721568e-06 0)
(0 -7.6076201e-06 0)
(0 -6.912916e-06 0)
(0 -6.2816632e-06 0)
(0 -5.7080639e-06 0)
(0 -5.1868508e-06 0)
(0 -4.7132379e-06 0)
(0 -4.2828767e-06 0)
(0 -3.8918164e-06 0)
(0 -3.5364671e-06 0)
(0 -3.213567e-06 0)
(0 -2.9201524e-06 0)
(0 -2.6535303e-06 0)
(0 -2.4112538e-06 0)
(0 -2.1910996e-06 0)
(0 -1.9910474e-06 0)
(0 -1.8092614e-06 0)
(0 -1.6440737e-06 0)
(0 -1.4939686e-06 0)
(0 -1.3575688e-06 0)
(0 -1.2336228e-06 0)
(0 -1.1209935e-06 0)
(0 -1.0186475e-06 0)
(0 -9.2564593e-07 0)
(0 -8.4113555e-07 0)
(0 -7.6434105e-07 0)
(0 -6.9455793e-07 0)
(0 -6.3114602e-07 0)
(0 -5.735236e-07 0)
(0 -5.2116208e-07 0)
(0 -4.7358111e-07 0)
(0 -4.3034424e-07 0)
(0 -3.9105482e-07 0)
(0 -3.5535247e-07 0)
(0 -3.2290967e-07 0)
(0 -2.9342882e-07 0)
(0 -2.666395e-07 0)
(0 -2.4229598e-07 0)
(0 -2.2017495e-07 0)
(0 -2.000735e-07 0)
(0 -1.8180724e-07 0)
(0 -1.6520863e-07 0)
(0 -1.501254e-07 0)
(0 -1.3641921e-07 0)
(0 -1.2396432e-07 0)
(0 -1.1264651e-07 0)
(0 -1.0236194e-07 0)
(0 -9.3016293e-08 0)
(0 -8.4523836e-08 0)
(0 -7.6806673e-08 0)
(0 -6.9794019e-08 0)
(0 -6.3421548e-08 0)
(0 -5.763081e-08 0)
(0 -5.2368689e-08 0)
(0 -4.7586917e-08 0)
(0 -4.3241635e-08 0)
(0 -3.9292984e-08 0)
(0 -3.5704747e-08 0)
(0 -3.2444009e-08 0)
(0 -2.9480862e-08 0)
(0 -2.6788127e-08 0)
(0 -2.4341104e-08 0)
(0 -2.2117349e-08 0)
(0 -2.0096463e-08 0)
(0 -1.8259911e-08 0)
(0 -1.6590846e-08 0)
(0 -1.507396e-08 0)
(0 -1.3695339e-08 0)
(0 -1.2442337e-08 0)
(0 -1.1303462e-08 0)
(0 -1.0268267e-08 0)
(0 -9.3272566e-09 0)
(0 -8.4717998e-09 0)
(0 -7.69405e-09 0)
(0 -6.9868732e-09 0)
(0 -6.343783e-09 0)
(0 -5.7588806e-09 0)
(0 -5.2268011e-09 0)
(0 -4.742664e-09 0)
(0 -4.3020285e-09 0)
(0 -3.9008531e-09 0)
(0 -3.5354579e-09 0)
(0 -3.2024914e-09 0)
(0 -2.8988994e-09 0)
(0 -2.6218974e-09 0)
(0 -2.3689446e-09 0)
(0 -2.1377206e-09 0)
(0 -1.9261047e-09 0)
(0 -1.7321559e-09 0)
(0 -1.5540951e-09 0)
(0 -1.3902891e-09 0)
(0 -1.2392354e-09 0)
(0 -1.0995485e-09 0)
(0 -9.699471e-10 0)
(0 -8.4924246e-10 0)
(0 -7.3632742e-10 0)
(0 -6.3016628e-10 0)
(0 -5.2978528e-10 0)
(0 -4.342637e-10 0)
(0 -3.4272536e-10 0)
(0 -2.5433064e-10 0)
(0 -1.6826874e-10 0)
(0 -8.3750274e-11 0)
(0 0 0)
(0 -0.00058217055 0)
(0 -0.00072991564 0)
(0 -0.00084193129 0)
(0 -0.00092390882 0)
(0 -0.00098365819 0)
(0 -0.0010275735 0)
(0 -0.0010602357 0)
(0 -0.0010848018 0)
(0 -0.0011034366 0)
(0 -0.0011176344 0)
(0 -0.0011284315 0)
(0 -0.001136547 0)
(0 -0.0011424768 0)
(0 -0.0011465752 0)
(0 -0.0011490828 0)
(0 -0.0011501327 0)
(0 -0.0011498077 0)
(0 -0.0011481019 0)
(0 -0.0011448994 0)
(0 -0.0011399487 0)
(0 -0.0011328735 0)
(0 -0.0011231435 0)
(0 -0.0011099199 0)
(0 -0.0010920336 0)
(0 -0.0010678576 0)
(0 -0.0010351408 0)
(0 -0.00099142575 0)
(0 -0.00093557586 0)
(0 -0.00087015495 0)
(0 -0.00080038983 0)
(0 -0.00073090457 0)
(0 -0.00066466241 0)
(0 -0.00060310768 0)
(0 -0.00054670838 0)
(0 -0.00049541274 0)
(0 -0.00044892875 0)
(0 -0.00040687298 0)
(0 -0.00036884376 0)
(0 -0.00033445452 0)
(0 -0.00030334747 0)
(0 -0.00027519755 0)
(0 -0.00024971216 0)
(0 -0.00022662893 0)
(0 -0.00020571291 0)
(0 -0.00018675366 0)
(0 -0.00016956252 0)
(0 -0.00015397017 0)
(0 -0.00013982442 0)
(0 -0.00012698832 0)
(0 -0.00011533846 0)
(0 -0.00010476355 0)
(0 -9.5163079e-05 0)
(0 -8.6446231e-05 0)
(0 -7.8530875e-05 0)
(0 -7.1342683e-05 0)
(0 -6.4814357e-05 0)
(0 -5.8884932e-05 0)
(0 -5.3499158e-05 0)
(0 -4.8606947e-05 0)
(0 -4.4162875e-05 0)
(0 -4.0125738e-05 0)
(0 -3.6458152e-05 0)
(0 -3.3126193e-05 0)
(0 -3.0099069e-05 0)
(0 -2.734883e-05 0)
(0 -2.4850099e-05 0)
(0 -2.2579836e-05 0)
(0 -2.051712e-05 0)
(0 -1.864295e-05 0)
(0 -1.6940071e-05 0)
(0 -1.5392811e-05 0)
(0 -1.3986935e-05 0)
(0 -1.2709511e-05 0)
(0 -1.1548796e-05 0)
(0 -1.0494117e-05 0)
(0 -9.5357835e-06 0)
(0 -8.6649881e-06 0)
(0 -7.8737309e-06 0)
(0 -7.1547436e-06 0)
(0 -6.5014228e-06 0)
(0 -5.9077688e-06 0)
(0 -5.3683305e-06 0)
(0 -4.8781552e-06 0)
(0 -4.4327428e-06 0)
(0 -4.0280045e-06 0)
(0 -3.6602253e-06 0)
(0 -3.3260295e-06 0)
(0 -3.0223499e-06 0)
(0 -2.7463996e-06 0)
(0 -2.4956462e-06 0)
(0 -2.2677887e-06 0)
(0 -2.0607363e-06 0)
(0 -1.872589e-06 0)
(0 -1.7016205e-06 0)
(0 -1.5462623e-06 0)
(0 -1.4050888e-06 0)
(0 -1.2768049e-06 0)
(0 -1.1602336e-06 0)
(0 -1.0543055e-06 0)
(0 -9.5804873e-07 0)
(0 -8.7058031e-07 0)
(0 -7.910978e-07 0)
(0 -7.1887204e-07 0)
(0 -6.5324046e-07 0)
(0 -5.9360101e-07 0)
(0 -5.3940658e-07 0)
(0 -4.9016003e-07 0)
(0 -4.4540962e-07 0)
(0 -4.0474484e-07 0)
(0 -3.6779267e-07 0)
(0 -3.3421415e-07 0)
(0 -3.0370128e-07 0)
(0 -2.7597414e-07 0)
(0 -2.5077841e-07 0)
(0 -2.2788298e-07 0)
(0 -2.0707782e-07 0)
(0 -1.881721e-07 0)
(0 -1.709924e-07 0)
(0 -1.5538114e-07 0)
(0 -1.4119511e-07 0)
(0 -1.283042e-07 0)
(0 -1.1659016e-07 0)
(0 -1.0594555e-07 0)
(0 -9.6272721e-08 0)
(0 -8.7482953e-08 0)
(0 -7.949562e-08 0)
(0 -7.223746e-08 0)
(0 -6.5641895e-08 0)
(0 -5.9648429e-08 0)
(0 -5.4202085e-08 0)
(0 -4.9252908e-08 0)
(0 -4.47555e-08 0)
(0 -4.066861e-08 0)
(0 -3.6954751e-08 0)
(0 -3.3579857e-08 0)
(0 -3.0512972e-08 0)
(0 -2.7725966e-08 0)
(0 -2.5193274e-08 0)
(0 -2.2891666e-08 0)
(0 -2.0800031e-08 0)
(0 -1.8899182e-08 0)
(0 -1.7171684e-08 0)
(0 -1.5601693e-08 0)
(0 -1.4174807e-08 0)
(0 -1.2877938e-08 0)
(0 -1.1699191e-08 0)
(0 -1.0627755e-08 0)
(0 -9.6538e-09 0)
(0 -8.7683941e-09 0)
(0 -7.9634156e-09 0)
(0 -7.2314809e-09 0)
(0 -6.5658763e-09 0)
(0 -5.9604968e-09 0)
(0 -5.4097893e-09 0)
(0 -4.9087028e-09 0)
(0 -4.4526409e-09 0)
(0 -4.0374204e-09 0)
(0 -3.6592329e-09 0)
(0 -3.3146094e-09 0)
(0 -3.0003888e-09 0)
(0 -2.7136891e-09 0)
(0 -2.4518804e-09 0)
(0 -2.2125614e-09 0)
(0 -1.9935369e-09 0)
(0 -1.792798e-09 0)
(0 -1.6085034e-09 0)
(0 -1.4389626e-09 0)
(0 -1.2826206e-09 0)
(0 -1.1380433e-09 0)
(0 -1.0039046e-09 0)
(0 -8.7897412e-10 0)
(0 -7.6210597e-10 0)
(0 -6.5222817e-10 0)
(0 -5.4833287e-10 0)
(0 -4.4946711e-10 0)
(0 -3.5472405e-10 0)
(0 -2.6323466e-10 0)
(0 -1.7415977e-10 0)
(0 -8.668234e-11 0)
(0 0 0)
(0 0 0)
(0 0 0)
(0 0 0)
(0 0 0)
(0 0 0)
(0 0 0)
(0 0 0)
(0 0 0)
(0 0 0)
(0 0 0)
(0 0 0)
(0 0 0)
(0 0 0)
(0 0 0)
(0 0 0)
(0 0 0)
(0 0 0)
(0 0 0)
(0 0 0)
(0 0 0)
(0 0 0)
(0 0 0)
(0 0 0)
(0 0 0)
(0 0 0)
(0 0 0)
(0 0 0)
(0 0 0)
(0 0 0)
(0 0 0)
(0 0 0)
(0 0 0)
(0 0 0)
(0 0 0)
(0 0 0)
(0 0 0)
(0 0 0)
(0 0 0)
(0 0 0)
(0 0 0)
(0 0 0)
(0 0 0)
(0 0 0)
(0 0 0)
(0 0 0)
(0 0 0)
(0 0 0)
(0 0 0)
(0 0 0)
(0 0 0)
(0 0 0)
(0 0 0)
(0 0 0)
(0 0 0)
(0 0 0)
(0 0 0)
(0 0 0)
(0 0 0)
(0 0 0)
(0 0 0)
(0 0 0)
(0 0 0)
(0 0 0)
(0 0 0)
(0 0 0)
(0 0 0)
(0 0 0)
(0 0 0)
(0 0 0)
(0 0 0)
(0 0 0)
(0 0 0)
(0 0 0)
(0 0 0)
(0 0 0)
(0 0 0)
(0 0 0)
(0 0 0)
(0 0 0)
(0 0 0)
(0 0 0)
(0 0 0)
(0 0 0)
(0 0 0)
(0 0 0)
(0 0 0)
(0 0 0)
(0 0 0)
(0 0 0)
(0 0 0)
(0 0 0)
(0 0 0)
(0 0 0)
(0 0 0)
(0 0 0)
(0 0 0)
(0 0 0)
(0 0 0)
(0 0 0)
(0 0 0)
(0 0 0)
(0 0 0)
(0 0 0)
(0 0 0)
(0 0 0)
(0 0 0)
(0 0 0)
(0 0 0)
(0 0 0)
(0 0 0)
(0 0 0)
(0 0 0)
(0 0 0)
(0 0 0)
(0 0 0)
(0 0 0)
(0 0 0)
(0 0 0)
(0 0 0)
(0 0 0)
(0 0 0)
(0 0 0)
(0 0 0)
(0 0 0)
(0 0 0)
(0 0 0)
(0 0 0)
(0 0 0)
(0 0 0)
(0 0 0)
(0 0 0)
(0 0 0)
(0 0 0)
(0 0 0)
(0 0 0)
(0 0 0)
(0 0 0)
(0 0 0)
(0 0 0)
(0 0 0)
(0 0 0)
(0 0 0)
(0 0 0)
(0 0 0)
(0 0 0)
(0 0 0)
(0 0 0)
(0 0 0)
(0 0 0)
(0 0 0)
(0 0 0)
(0 0 0)
(0 0 0)
(0 0 0)
(0 0 0)
(0 0 0)
(0 0 0)
(0 0 0)
(0 0 0)
(0 0 0)
(0 0 0)
(0 0 0)
(0 0 0)
(0 0 0)
(0 0 0)
(0 0 0)
(0 0 0)
(0 0 0)
(0 0 0)
(0 0 0)
(0 0 0)
(0 0 0)
(0 0 0)
(0 0 0)
(0 0 0)
(0 0 0)
(0 0 0)
(0 0 0)
(0 0 0)
(0 0 0)
(0 -3.6978887e-05 0)
(0 -4.1357284e-05 0)
(0 -4.5634477e-05 0)
(0 -4.9712857e-05 0)
(0 -5.3514079e-05 0)
(0 -5.6982631e-05 0)
(0 -6.0085609e-05 0)
(0 -6.2809945e-05 0)
(0 -6.5158223e-05 0)
(0 -6.7144064e-05 0)
(0 -6.8787761e-05 0)
(0 -7.0112584e-05 0)
(0 -7.1141879e-05 0)
(0 -7.1896964e-05 0)
(0 -7.2395725e-05 0)
(0 -7.2651795e-05 0)
(0 -7.2674212e-05 0)
(0 -7.2467467e-05 0)
(0 -7.2031914e-05 0)
(0 -7.136451e-05 0)
(0 -7.0459904e-05 0)
(0 -6.9311845e-05 0)
(0 -6.7914908e-05 0)
(0 -6.6266419e-05 0)
(0 -6.4368434e-05 0)
(0 -6.2229502e-05 0)
(0 -5.986594e-05 0)
(0 -5.7302296e-05 0)
(0 -5.4570852e-05 0)
(0 -5.171013e-05 0)
(0 -4.8762638e-05 0)
(0 -4.577221e-05 0)
(0 -4.2781375e-05 0)
(0 -3.9829114e-05 0)
(0 -3.6949239e-05 0)
(0 -3.4169473e-05 0)
(0 -3.151117e-05 0)
(0 -2.8989545e-05 0)
(0 -2.661426e-05 0)
(0 -2.4390206e-05 0)
(0 -2.2318358e-05 0)
(0 -2.0396615e-05 0)
(0 -1.8620563e-05 0)
(0 -1.698414e-05 0)
(0 -1.5480186e-05 0)
(0 -1.4100883e-05 0)
(0 -1.2838103e-05 0)
(0 -1.1683662e-05 0)
(0 -1.0629513e-05 0)
(0 -9.6678763e-06 0)
(0 -8.7913285e-06 0)
(0 -7.9928577e-06 0)
(0 -7.2658919e-06 0)
(0 -6.6043102e-06 0)
(0 -6.0024392e-06 0)
(0 -5.4550419e-06 0)
(0 -4.9572987e-06 0)
(0 -4.5047859e-06 0)
(0 -4.0934513e-06 0)
(0 -3.7195893e-06 0)
(0 -3.3798157e-06 0)
(0 -3.0710431e-06 0)
(0 -2.7904575e-06 0)
(0 -2.5354957e-06 0)
(0 -2.3038244e-06 0)
(0 -2.0933204e-06 0)
(0 -1.9020523e-06 0)
(0 -1.7282641e-06 0)
(0 -1.5703591e-06 0)
(0 -1.4268861e-06 0)
(0 -1.2965259e-06 0)
(0 -1.17808e-06 0)
(0 -1.070459e-06 0)
(0 -9.7267341e-07 0)
(0 -8.8382386e-07 0)
(0 -8.0309337e-07 0)
(0 -7.2973963e-07 0)
(0 -6.6308825e-07 0)
(0 -6.0252652e-07 0)
(0 -5.4749777e-07 0)
(0 -4.9749624e-07 0)
(0 -4.5206246e-07 0)
(0 -4.1077897e-07 0)
(0 -3.7326647e-07 0)
(0 -3.3918037e-07 0)
(0 -3.082076e-07 0)
(0 -2.8006367e-07 0)
(0 -2.5449015e-07 0)
(0 -2.3125219e-07 0)
(0 -2.1013645e-07 0)
(0 -1.9094905e-07 0)
(0 -1.7351385e-07 0)
(0 -1.5767081e-07 0)
(0 -1.432745e-07 0)
(0 -1.3019278e-07 0)
(0 -1.183056e-07 0)
(0 -1.0750385e-07 0)
(0 -9.7688418e-08 0)
(0 -8.8769221e-08 0)
(0 -8.0664418e-08 0)
(0 -7.3299639e-08 0)
(0 -6.6607309e-08 0)
(0 -6.0526022e-08 0)
(0 -5.4999982e-08 0)
(0 -4.997849e-08 0)
(0 -4.5415474e-08 0)
(0 -4.1269072e-08 0)
(0 -3.7501243e-08 0)
(0 -3.4077421e-08 0)
(0 -3.0966196e-08 0)
(0 -2.8139027e-08 0)
(0 -2.5569978e-08 0)
(0 -2.3235481e-08 0)
(0 -2.1114121e-08 0)
(0 -1.9186438e-08 0)
(0 -1.743475e-08 0)
(0 -1.5842986e-08 0)
(0 -1.4396547e-08 0)
(0 -1.3082163e-08 0)
(0 -1.1887778e-08 0)
(0 -1.0802436e-08 0)
(0 -9.8161802e-09 0)
(0 -8.919965e-09 0)
(0 -8.1055692e-09 0)
(0 -7.3655224e-09 0)
(0 -6.6930364e-09 0)
(0 -6.0819428e-09 0)
(0 -5.526636e-09 0)
(0 -5.0220225e-09 0)
(0 -4.5634737e-09 0)
(0 -4.1467834e-09 0)
(0 -3.7681294e-09 0)
(0 -3.4240387e-09 0)
(0 -3.1113549e-09 0)
(0 -2.8272099e-09 0)
(0 -2.5689975e-09 0)
(0 -2.3343491e-09 0)
(0 -2.1211124e-09 0)
(0 -1.9273316e-09 0)
(0 -1.7512291e-09 0)
(0 -1.5911897e-09 0)
(0 -1.4457454e-09 0)
(0 -1.3135622e-09 0)
(0 -1.1934275e-09 0)
(0 -1.0842394e-09 0)
(0 -9.8499648e-10 0)
(0 -8.9478837e-10 0)
(0 -8.1278764e-10 0)
(0 -7.3824215e-10 0)
(0 -6.7046814e-10 0)
(0 -6.0884395e-10 0)
(0 -5.5280433e-10 0)
(0 -5.0183527e-10 0)
(0 -4.5546926e-10 0)
(0 -4.1328101e-10 0)
(0 -3.7488354e-10 0)
(0 -3.3992466e-10 0)
(0 -3.0808371e-10 0)
(0 -2.7906864e-10 0)
(0 -2.526133e-10 0)
(0 -2.2847504e-10 0)
(0 -2.0643244e-10 0)
(0 -1.8628333e-10 0)
(0 -1.6784289e-10 0)
(0 -1.5094197e-10 0)
(0 -1.3542556e-10 0)
(0 -1.2115132e-10 0)
(0 -1.0798834e-10 0)
(0 -9.5815865e-11 0)
(0 -8.4522256e-11 0)
(0 -7.4003921e-11 0)
(0 -6.416438e-11 0)
(0 -5.4913381e-11 0)
(0 -4.6166071e-11 0)
(0 -3.7842215e-11 0)
(0 -2.9865464e-11 0)
(0 -2.2162651e-11 0)
(0 -1.4663123e-11 0)
(0 -7.2980908e-12 0)
(0 0 0)
(0 -7.3949166e-05 0)
(0 -8.2776166e-05 0)
(0 -9.1392774e-05 0)
(0 -9.9599328e-05 0)
(0 -0.00010723709 0)
(0 -0.00011419518 0)
(0 -0.00012040955 0)
(0 -0.00012585673 0)
(0 -0.00013054479 0)
(0 -0.00013450374 0)
(0 -0.00013777652 0)
(0 -0.00014041148 0)
(0 -0.00014245666 0)
(0 -0.00014395557 0)
(0 -0.00014494451 0)
(0 -0.00014545096 0)
(0 -0.00014549296 0)
(0 -0.00014507924 0)
(0 -0.00014421004 0)
(0 -0.00014287859 0)
(0 -0.00014107329 0)
(0 -0.00013878056 0)
(0 -0.00013598833 0)
(0 -0.00013269 0)
(0 -0.00012888857 0)
(0 -0.00012460033 0)
(0 -0.00011985762 0)
(0 -0.00011470985 0)
(0 -0.00010922253 0)
(0 -0.00010347413 0)
(0 -9.7551352e-05 0)
(0 -9.1543527e-05 0)
(0 -8.5537139e-05 0)
(0 -7.9611175e-05 0)
(0 -7.3833851e-05 0)
(0 -6.8260792e-05 0)
(0 -6.2934557e-05 0)
(0 -5.7885207e-05 0)
(0 -5.313157e-05 0)
(0 -4.8682884e-05 0)
(0 -4.4540567e-05 0)
(0 -4.069993e-05 0)
(0 -3.7151724e-05 0)
(0 -3.3883474e-05 0)
(0 -3.0880576e-05 0)
(0 -2.812718e-05 0)
(0 -2.560686e-05 0)
(0 -2.3303132e-05 0)
(0 -2.1199815e-05 0)
(0 -1.9281293e-05 0)
(0 -1.7532686e-05 0)
(0 -1.5939951e-05 0)
(0 -1.4489937e-05 0)
(0 -1.3170405e-05 0)
(0 -1.1970015e-05 0)
(0 -1.0878305e-05 0)
(0 -9.8856498e-06 0)
(0 -8.9832176e-06 0)
(0 -8.16292e-06 0)
(0 -7.4173619e-06 0)
(0 -6.7397906e-06 0)
(0 -6.1240465e-06 0)
(0 -5.5645157e-06 0)
(0 -5.0560856e-06 0)
(0 -4.5941018e-06 0)
(0 -4.1743297e-06 0)
(0 -3.7929176e-06 0)
(0 -3.446363e-06 0)
(0 -3.1314819e-06 0)
(0 -2.8453799e-06 0)
(0 -2.5854267e-06 0)
(0 -2.3492319e-06 0)
(0 -2.1346235e-06 0)
(0 -1.9396277e-06 0)
(0 -1.7624515e-06 0)
(0 -1.6014656e-06 0)
(0 -1.4551898e-06 0)
(0 -1.3222791e-06 0)
(0 -1.2015119e-06 0)
(0 -1.0917781e-06 0)
(0 -9.9206913e-07 0)
(0 -9.0146875e-07 0)
(0 -8.1914449e-07 0)
(0 -7.4434004e-07 0)
(0 -6.7636823e-07 0)
(0 -6.1460472e-07 0)
(0 -5.5848229e-07 0)
(0 -5.0748553e-07 0)
(0 -4.6114617e-07 0)
(0 -4.1903875e-07 0)
(0 -3.8077669e-07 0)
(0 -3.4600873e-07 0)
(0 -3.1441571e-07 0)
(0 -2.8570766e-07 0)
(0 -2.5962106e-07 0)
(0 -2.3591651e-07 0)
(0 -2.1437647e-07 0)
(0 -1.9480324e-07 0)
(0 -1.7701723e-07 0)
(0 -1.6085522e-07 0)
(0 -1.4616891e-07 0)
(0 -1.3282355e-07 0)
(0 -1.2069669e-07 0)
(0 -1.0967705e-07 0)
(0 -9.9663555e-08 0)
(0 -9.0564315e-08 0)
(0 -8.2295856e-08 0)
(0 -7.4782321e-08 0)
(0 -6.795478e-08 0)
(0 -6.1750597e-08 0)
(0 -5.6112857e-08 0)
(0 -5.0989842e-08 0)
(0 -4.6334554e-08 0)
(0 -4.2104289e-08 0)
(0 -3.8260241e-08 0)
(0 -3.4767147e-08 0)
(0 -3.1592966e-08 0)
(0 -2.8708578e-08 0)
(0 -2.6087527e-08 0)
(0 -2.3705769e-08 0)
(0 -2.1541456e-08 0)
(0 -1.9574735e-08 0)
(0 -1.7787566e-08 0)
(0 -1.6163555e-08 0)
(0 -1.4687806e-08 0)
(0 -1.3346782e-08 0)
(0 -1.2128182e-08 0)
(0 -1.1020828e-08 0)
(0 -1.0014564e-08 0)
(0 -9.1001579e-09 0)
(0 -8.2692234e-09 0)
(0 -7.5141384e-09 0)
(0 -6.8279769e-09 0)
(0 -6.2044449e-09 0)
(0 -5.637823e-09 0)
(0 -5.1229139e-09 0)
(0 -4.6549946e-09 0)
(0 -4.2297731e-09 0)
(0 -3.843349e-09 0)
(0 -3.4921779e-09 0)
(0 -3.1730386e-09 0)
(0 -2.8830038e-09 0)
(0 -2.6194132e-09 0)
(0 -2.3798491e-09 0)
(0 -2.162114e-09 0)
(0 -1.9642107e-09 0)
(0 -1.784324e-09 0)
(0 -1.6208039e-09 0)
(0 -1.4721506e-09 0)
(0 -1.3370004e-09 0)
(0 -1.2141138e-09 0)
(0 -1.1023635e-09 0)
(0 -1.0007246e-09 0)
(0 -9.0826476e-10 0)
(0 -8.2413591e-10 0)
(0 -7.4756638e-10 0)
(0 -6.7785384e-10 0)
(0 -6.1435887e-10 0)
(0 -5.5649905e-10 0)
(0 -5.0374367e-10 0)
(0 -4.5560885e-10 0)
(0 -4.1165305e-10 0)
(0 -3.7147311e-10 0)
(0 -3.3470048e-10 0)
(0 -3.0099786e-10 0)
(0 -2.7005612e-10 0)
(0 -2.4159144e-10 0)
(0 -2.1534274e-10 0)
(0 -1.9106926e-10 0)
(0 -1.6854834e-10 0)
(0 -1.4757341e-10 0)
(0 -1.2795209e-10 0)
(0 -1.095044e-10 0)
(0 -9.2061132e-11 0)
(0 -7.5462284e-11 0)
(0 -5.9555607e-11 0)
(0 -4.4195199e-11 0)
(0 -2.9240168e-11 0)
(0 -1.4553339e-11 0)
(0 0 0)
(0 -0.00011090306 0)
(0 -0.00012432315 0)
(0 -0.00013740646 0)
(0 -0.0001498421 0)
(0 -0.00016138695 0)
(0 -0.00017187546 0)
(0 -0.0001812164 0)
(0 -0.00018938157 0)
(0 -0.0001963907 0)
(0 -0.00020229584 0)
(0 -0.0002071673 0)
(0 -0.0002110822 0)
(0 -0.00021411587 0)
(0 -0.00021633577 0)
(0 -0.00021779757 0)
(0 -0.00021854304 0)
(0 -0.00021859912 0)
(0 -0.00021797827 0)
(0 -0.00021667966 0)
(0 -0.00021469144 0)
(0 -0.00021199397 0)
(0 -0.00020856411 0)
(0 -0.00020438065 0)
(0 -0.00019943049 0)
(0 -0.00019371519 0)
(0 -0.00018725708 0)
(0 -0.00018010385 0)
(0 -0.0001723304 0)
(0 -0.00016403743 0)
(0 -0.00015534637 0)
(0 -0.00014639165 0)
(0 -0.00013731159 0)
(0 -0.00012823956 0)
(0 -0.00011929665 0)
(0 -0.00011058662 0)
(0 -0.0001021933 0)
(0 -9.4180117e-05 0)
(0 -8.6591161e-05 0)
(0 -7.9453385e-05 0)
(0 -7.2779254e-05 0)
(0 -6.6569538e-05 0)
(0 -6.0815975e-05 0)
(0 -5.5503634e-05 0)
(0 -5.0612926e-05 0)
(0 -4.6121248e-05 0)
(0 -4.2004281e-05 0)
(0 -3.8236982e-05 0)
(0 -3.4794327e-05 0)
(0 -3.1651839e-05 0)
(0 -2.8785959e-05 0)
(0 -2.6174282e-05 0)
(0 -2.37957e-05 0)
(0 -2.1630473e-05 0)
(0 -1.9660247e-05 0)
(0 -1.7868035e-05 0)
(0 -1.6238172e-05 0)
(0 -1.4756258e-05 0)
(0 -1.3409083e-05 0)
(0 -1.2184555e-05 0)
(0 -1.1071623e-05 0)
(0 -1.0060196e-05 0)
(0 -9.1410732e-06 0)
(0 -8.3058696e-06 0)
(0 -7.5469497e-06 0)
(0 -6.8573636e-06 0)
(0 -6.2307886e-06 0)
(0 -5.661474e-06 0)
(0 -5.1441909e-06 0)
(0 -4.6741859e-06 0)
(0 -4.2471385e-06 0)
(0 -3.8591221e-06 0)
(0 -3.5065686e-06 0)
(0 -3.1862358e-06 0)
(0 -2.8951776e-06 0)
(0 -2.6307174e-06 0)
(0 -2.3904234e-06 0)
(0 -2.1720861e-06 0)
(0 -1.9736982e-06 0)
(0 -1.793436e-06 0)
(0 -1.6296425e-06 0)
(0 -1.4808125e-06 0)
(0 -1.3455783e-06 0)
(0 -1.2226973e-06 0)
(0 -1.1110407e-06 0)
(0 -1.0095828e-06 0)
(0 -9.1739157e-07 0)
(0 -8.3362047e-07 0)
(0 -7.5750017e-07 0)
(0 -6.8833171e-07 0)
(0 -6.2548003e-07 0)
(0 -5.683681e-07 0)
(0 -5.1647163e-07 0)
(0 -4.6931424e-07 0)
(0 -4.2646307e-07 0)
(0 -3.8752483e-07 0)
(0 -3.5214215e-07 0)
(0 -3.1999031e-07 0)
(0 -2.9077425e-07 0)
(0 -2.6422588e-07 0)
(0 -2.4010157e-07 0)
(0 -2.1817998e-07 0)
(0 -1.9825995e-07 0)
(0 -1.8015872e-07 0)
(0 -1.637102e-07 0)
(0 -1.4876349e-07 0)
(0 -1.3518146e-07 0)
(0 -1.2283949e-07 0)
(0 -1.1162436e-07 0)
(0 -1.0143319e-07 0)
(0 -9.2172474e-08 0)
(0 -8.3757264e-08 0)
(0 -7.611036e-08 0)
(0 -6.9161612e-08 0)
(0 -6.2847277e-08 0)
(0 -5.7109432e-08 0)
(0 -5.1895441e-08 0)
(0 -4.7157476e-08 0)
(0 -4.2852075e-08 0)
(0 -3.8939743e-08 0)
(0 -3.5384594e-08 0)
(0 -3.2154017e-08 0)
(0 -2.9218376e-08 0)
(0 -2.6550745e-08 0)
(0 -2.4126653e-08 0)
(0 -2.1923865e-08 0)
(0 -1.9922176e-08 0)
(0 -1.8103223e-08 0)
(0 -1.6450324e-08 0)
(0 -1.4948315e-08 0)
(0 -1.358342e-08 0)
(0 -1.234312e-08 0)
(0 -1.1216036e-08 0)
(0 -1.0191832e-08 0)
(0 -9.2611124e-09 0)
(0 -8.4153399e-09 0)
(0 -7.6467569e-09 0)
(0 -6.9483136e-09 0)
(0 -6.3136034e-09 0)
(0 -5.7368046e-09 0)
(0 -5.2126263e-09 0)
(0 -4.7362605e-09 0)
(0 -4.3033379e-09 0)
(0 -3.9098874e-09 0)
(0 -3.5523001e-09 0)
(0 -3.2272961e-09 0)
(0 -2.9318943e-09 0)
(0 -2.663385e-09 0)
(0 -2.4193055e-09 0)
(0 -2.1974169e-09 0)
(0 -1.995684e-09 0)
(0 -1.8122563e-09 0)
(0 -1.6454514e-09 0)
(0 -1.4937393e-09 0)
(0 -1.3557284e-09 0)
(0 -1.2301528e-09 0)
(0 -1.1158607e-09 0)
(0 -1.0118038e-09 0)
(0 -9.1702752e-10 0)
(0 -8.3066262e-10 0)
(0 -7.519169e-10 0)
(0 -6.8006807e-10 0)
(0 -6.1445712e-10 0)
(0 -5.5448222e-10 0)
(0 -4.9959327e-10 0)
(0 -4.4928679e-10 0)
(0 -4.0310136e-10 0)
(0 -3.6061334e-10 0)
(0 -3.2143301e-10 0)
(0 -2.8520101e-10 0)
(0 -2.5158498e-10 0)
(0 -2.202766e-10 0)
(0 -1.9098868e-10 0)
(0 -1.6345259e-10 0)
(0 -1.3741576e-10 0)
(0 -1.1263936e-10 0)
(0 -8.8896138e-11 0)
(0 -6.5968306e-11 0)
(0 -4.3645563e-11 0)
(0 -2.1723155e-11 0)
(0 0 0)
(0 -0.00014783475 0)
(0 -0.00016607533 0)
(0 -0.00018382355 0)
(0 -0.00020064286 0)
(0 -0.00021620021 0)
(0 -0.00023027744 0)
(0 -0.00024276329 0)
(0 -0.00025363442 0)
(0 -0.00026293211 0)
(0 -0.00027073931 0)
(0 -0.00027716097 0)
(0 -0.00028230843 0)
(0 -0.00028628815 0)
(0 -0.00028919398 0)
(0 -0.00029110237 0)
(0 -0.00029206987 0)
(0 -0.00029213218 0)
(0 -0.00029130469 0)
(0 -0.00028958412 0)
(0 -0.00028695147 0)
(0 -0.00028337632 0)
(0 -0.00027882262 0)
(0 -0.00027325607 0)
(0 -0.00026665291 0)
(0 -0.00025900944 0)
(0 -0.00025035113 0)
(0 -0.00024073979 0)
(0 -0.00023027678 0)
(0 -0.00021910114 0)
(0 -0.00020738218 0)
(0 -0.00019530781 0)
(0 -0.00018307095 0)
(0 -0.0001708565 0)
(0 -0.00015883085 0)
(0 -0.00014713499 0)
(0 -0.00013588127 0)
(0 -0.00012515324 0)
(0 -0.00011500768 0)
(0 -0.00010547798 0)
(0 -9.6578053e-05 0)
(0 -8.830633e-05 0)
(0 -8.064947e-05 0)
(0 -7.3585582e-05 0)
(0 -6.7086919e-05 0)
(0 -6.1122051e-05 0)
(0 -5.5657557e-05 0)
(0 -5.0659307e-05 0)
(0 -4.6093397e-05 0)
(0 -4.1926822e-05 0)
(0 -3.8127927e-05 0)
(0 -3.4666691e-05 0)
(0 -3.1514898e-05 0)
(0 -2.8646206e-05 0)
(0 -2.603616e-05 0)
(0 -2.366215e-05 0)
(0 -2.1503352e-05 0)
(0 -1.9540632e-05 0)
(0 -1.7756454e-05 0)
(0 -1.613477e-05 0)
(0 -1.466092e-05 0)
(0 -1.3321527e-05 0)
(0 -1.2104392e-05 0)
(0 -1.0998402e-05 0)
(0 -9.9934401e-06 0)
(0 -9.0802984e-06 0)
(0 -8.2506009e-06 0)
(0 -7.4967302e-06 0)
(0 -6.8117608e-06 0)
(0 -6.1893971e-06 0)
(0 -5.6239172e-06 0)
(0 -5.1101213e-06 0)
(0 -4.6432841e-06 0)
(0 -4.2191123e-06 0)
(0 -3.8337047e-06 0)
(0 -3.4835169e-06 0)
(0 -3.1653289e-06 0)
(0 -2.8762149e-06 0)
(0 -2.6135169e-06 0)
(0 -2.37482e-06 0)
(0 -2.1579304e-06 0)
(0 -1.9608546e-06 0)
(0 -1.7817818e-06 0)
(0 -1.6190666e-06 0)
(0 -1.4712143e-06 0)
(0 -1.3368666e-06 0)
(0 -1.2147896e-06 0)
(0 -1.1038621e-06 0)
(0 -1.0030656e-06 0)
(0 -9.1147452e-07 0)
(0 -8.2824787e-07 0)
(0 -7.5262163e-07 0)
(0 -6.8390153e-07 0)
(0 -6.2145678e-07 0)
(0 -5.6471422e-07 0)
(0 -5.1315305e-07 0)
(0 -4.6630005e-07 0)
(0 -4.2372525e-07 0)
(0 -3.8503795e-07 0)
(0 -3.4988312e-07 0)
(0 -3.1793819e-07 0)
(0 -2.8891004e-07 0)
(0 -2.6253232e-07 0)
(0 -2.3856301e-07 0)
(0 -2.167822e-07 0)
(0 -1.9699004e-07 0)
(0 -1.7900495e-07 0)
(0 -1.6266194e-07 0)
(0 -1.4781108e-07 0)
(0 -1.343161e-07 0)
(0 -1.2205323e-07 0)
(0 -1.1090996e-07 0)
(0 -1.0078406e-07 0)
(0 -9.1582646e-08 0)
(0 -8.3221313e-08 0)
(0 -7.5623357e-08 0)
(0 -6.8719079e-08 0)
(0 -6.2445146e-08 0)
(0 -5.6744006e-08 0)
(0 -5.1563363e-08 0)
(0 -4.6855695e-08 0)
(0 -4.2577818e-08 0)
(0 -3.8690492e-08 0)
(0 -3.5158059e-08 0)
(0 -3.1948117e-08 0)
(0 -2.9031222e-08 0)
(0 -2.6380618e-08 0)
(0 -2.3971991e-08 0)
(0 -2.1783249e-08 0)
(0 -1.9794314e-08 0)
(0 -1.7986943e-08 0)
(0 -1.6344557e-08 0)
(0 -1.4852092e-08 0)
(0 -1.3495857e-08 0)
(0 -1.2263414e-08 0)
(0 -1.1143456e-08 0)
(0 -1.0125711e-08 0)
(0 -9.2008434e-09 0)
(0 -8.3603706e-09 0)
(0 -7.5965829e-09 0)
(0 -6.9024746e-09 0)
(0 -6.2716789e-09 0)
(0 -5.6984098e-09 0)
(0 -5.1774091e-09 0)
(0 -4.7038979e-09 0)
(0 -4.2735329e-09 0)
(0 -3.8823666e-09 0)
(0 -3.526811e-09 0)
(0 -3.2036049e-09 0)
(0 -2.9097837e-09 0)
(0 -2.6426522e-09 0)
(0 -2.3997603e-09 0)
(0 -2.17888e-09 0)
(0 -1.9779853e-09 0)
(0 -1.7952335e-09 0)
(0 -1.6289483e-09 0)
(0 -1.4776046e-09 0)
(0 -1.3398141e-09 0)
(0 -1.2143129e-09 0)
(0 -1.0999499e-09 0)
(0 -9.9567611e-10 0)
(0 -9.0053507e-10 0)
(0 -8.1365411e-10 0)
(0 -7.3423633e-10 0)
(0 -6.6155327e-10 0)
(0 -5.9493825e-10 0)
(0 -5.3378025e-10 0)
(0 -4.7751831e-10 0)
(0 -4.2563636e-10 0)
(0 -3.7765853e-10 0)
(0 -3.3314473e-10 0)
(0 -2.9168668e-10 0)
(0 -2.529041e-10 0)
(0 -2.1644126e-10 0)
(0 -1.8196371e-10 0)
(0 -1.4915521e-10 0)
(0 -1.1771482e-10 0)
(0 -8.7354157e-11 0)
(0 -5.7794744e-11 0)
(0 -2.8765448e-11 0)
(0 0 0)
(0 -0.00018474227 0)
(0 -0.00020812777 0)
(0 -0.00023081928 0)
(0 -0.0002522341 0)
(0 -0.00027194297 0)
(0 -0.00028968018 0)
(0 -0.00030532645 0)
(0 -0.0003188781 0)
(0 -0.00033041242 0)
(0 -0.00034005582 0)
(0 -0.00034795768 0)
(0 -0.00035427074 0)
(0 -0.00035913745 0)
(0 -0.00036268106 0)
(0 -0.00036500045 0)
(0 -0.00036616748 0)
(0 -0.00036622633 0)
(0 -0.00036519425 0)
(0 -0.00036306365 0)
(0 -0.00035980568 0)
(0 -0.00035537549 0)
(0 -0.00034971942 0)
(0 -0.00034278458 0)
(0 -0.00033453054 0)
(0 -0.00032494252 0)
(0 -0.00031404466 0)
(0 -0.00030191081 0)
(0 -0.00028867002 0)
(0 -0.00027450434 0)
(0 -0.0002596383 0)
(0 -0.00024432195 0)
(0 -0.00022881107 0)
(0 -0.00021334873 0)
(0 -0.00019815099 0)
(0 -0.00018339811 0)
(0 -0.00016923109 0)
(0 -0.00015575232 0)
(0 -0.00014302915 0)
(0 -0.00013109888 0)
(0 -0.00011997434 0)
(0 -0.00010964929 0)
(0 -0.00010010324 0)
(0 -9.1305632e-05 0)
(0 -8.3219177e-05 0)
(0 -7.5802542e-05 0)
(0 -6.9012389e-05 0)
(0 -6.28049e-05 0)
(0 -5.713687e-05 0)
(0 -5.1966477e-05 0)
(0 -4.7253783e-05 0)
(0 -4.2961051e-05 0)
(0 -3.9052907e-05 0)
(0 -3.5496403e-05 0)
(0 -3.2261006e-05 0)
(0 -2.9318529e-05 0)
(0 -2.6643041e-05 0)
(0 -2.421074e-05 0)
(0 -2.1999827e-05 0)
(0 -1.999037e-05 0)
(0 -1.8164166e-05 0)
(0 -1.6504612e-05 0)
(0 -1.4996577e-05 0)
(0 -1.3626276e-05 0)
(0 -1.2381166e-05 0)
(0 -1.1249829e-05 0)
(0 -1.0221884e-05 0)
(0 -9.2878897e-06 0)
(0 -8.439263e-06 0)
(0 -7.6682026e-06 0)
(0 -6.9676182e-06 0)
(0 -6.3310668e-06 0)
(0 -5.7526939e-06 0)
(0 -5.2271797e-06 0)
(0 -4.749691e-06 0)
(0 -4.3158367e-06 0)
(0 -3.921627e-06 0)
(0 -3.5634374e-06 0)
(0 -3.2379748e-06 0)
(0 -2.9422475e-06 0)
(0 -2.6735373e-06 0)
(0 -2.4293748e-06 0)
(0 -2.2075164e-06 0)
(0 -2.0059237e-06 0)
(0 -1.8227448e-06 0)
(0 -1.6562971e-06 0)
(0 -1.5050518e-06 0)
(0 -1.36762e-06 0)
(0 -1.2427396e-06 0)
(0 -1.1292641e-06 0)
(0 -1.0261515e-06 0)
(0 -9.3245521e-07 0)
(0 -8.4731521e-07 0)
(0 -7.6994993e-07 0)
(0 -6.9964928e-07 0)
(0 -6.3576803e-07 0)
(0 -5.7771991e-07 0)
(0 -5.249722e-07 0)
(0 -4.7704085e-07 0)
(0 -4.3348603e-07 0)
(0 -3.9390807e-07 0)
(0 -3.5794383e-07 0)
(0 -3.2526331e-07 0)
(0 -2.9556667e-07 0)
(0 -2.6858145e-07 0)
(0 -2.4406006e-07 0)
(0 -2.2177753e-07 0)
(0 -2.0152943e-07 0)
(0 -1.8313001e-07 0)
(0 -1.6641048e-07 0)
(0 -1.5121744e-07 0)
(0 -1.3741153e-07 0)
(0 -1.2486608e-07 0)
(0 -1.1346603e-07 0)
(0 -1.0310679e-07 0)
(0 -9.3693327e-08 0)
(0 -8.5139296e-08 0)
(0 -7.7366228e-08 0)
(0 -7.030282e-08 0)
(0 -6.3884279e-08 0)
(0 -5.8051728e-08 0)
(0 -5.2751666e-08 0)
(0 -4.7935476e-08 0)
(0 -4.3558979e-08 0)
(0 -3.9582031e-08 0)
(0 -3.5968152e-08 0)
(0 -3.2684194e-08 0)
(0 -2.9700033e-08 0)
(0 -2.6988297e-08 0)
(0 -2.4524112e-08 0)
(0 -2.2284875e-08 0)
(0 -2.0250045e-08 0)
(0 -1.840096e-08 0)
(0 -1.6720657e-08 0)
(0 -1.5193724e-08 0)
(0 -1.3806155e-08 0)
(0 -1.2545222e-08 0)
(0 -1.1399361e-08 0)
(0 -1.0358059e-08 0)
(0 -9.4117665e-09 0)
(0 -8.5518029e-09 0)
(0 -7.7702802e-09 0)
(0 -7.06003e-09 0)
(0 -6.4145375e-09 0)
(0 -5.8278821e-09 0)
(0 -5.2946825e-09 0)
(0 -4.810048e-09 0)
(0 -4.3695334e-09 0)
(0 -3.969098e-09 0)
(0 -3.605069e-09 0)
(0 -3.2741071e-09 0)
(0 -2.9731768e-09 0)
(0 -2.6995177e-09 0)
(0 -2.4506197e-09 0)
(0 -2.2241999e-09 0)
(0 -2.0181814e-09 0)
(0 -1.8306744e-09 0)
(0 -1.6599592e-09 0)
(0 -1.5044698e-09 0)
(0 -1.3627801e-09 0)
(0 -1.2335904e-09 0)
(0 -1.1157156e-09 0)
(0 -1.0080747e-09 0)
(0 -9.0968021e-10 0)
(0 -8.1962972e-10 0)
(0 -7.3709721e-10 0)
(0 -6.6132567e-10 0)
(0 -5.9162008e-10 0)
(0 -5.2734108e-10 0)
(0 -4.6789906e-10 0)
(0 -4.1274881e-10 0)
(0 -3.6138447e-10 0)
(0 -3.1333489e-10 0)
(0 -2.6815935e-10 0)
(0 -2.2544348e-10 0)
(0 -1.8479546e-10 0)
(0 -1.4584247e-10 0)
(0 -1.0822721e-10 0)
(0 -7.1604649e-11 0)
(0 -3.5638877e-11 0)
(0 0 0)
(0 -0.00022163066 0)
(0 -0.00025060389 0)
(0 -0.00027861035 0)
(0 -0.00030489396 0)
(0 -0.00032892388 0)
(0 -0.00035039775 0)
(0 -0.00036920784 0)
(0 -0.00038539201 0)
(0 -0.0003990838 0)
(0 -0.00041046958 0)
(0 -0.00041975561 0)
(0 -0.00042714466 0)
(0 -0.00043282077 0)
(0 -0.00043693992 0)
(0 -0.00043962504 0)
(0 -0.00044096379 0)
(0 -0.00044100832 0)
(0 -0.00043977639 0)
(0 -0.00043725389 0)
(0 -0.00043339882 0)
(0 -0.00042814727 0)
(0 -0.00042142202 0)
(0 -0.00041314416 0)
(0 -0.00040324823 0)
(0 -0.00039170005 0)
(0 -0.00037851556 0)
(0 -0.0003637772 0)
(0 -0.00034764308 0)
(0 -0.00033034493 0)
(0 -0.00031217328 0)
(0 -0.00029345278 0)
(0 -0.0002745138 0)
(0 -0.00025566662 0)
(0 -0.00023718256 0)
(0 -0.00021928339 0)
(0 -0.00020213828 0)
(0 -0.00018586627 0)
(0 -0.00017054205 0)
(0 -0.00015620332 0)
(0 -0.00014285841 0)
(0 -0.00013049329 0)
(0 -0.00011907774 0)
(0 -0.00010857036 0)
(0 -9.8922622e-05 0)
(0 -9.0081997e-05 0)
(0 -8.1994258e-05 0)
(0 -7.4605199e-05 0)
(0 -6.7861829e-05 0)
(0 -6.1713185e-05 0)
(0 -5.6110852e-05 0)
(0 -5.1009267e-05 0)
(0 -4.6365861e-05 0)
(0 -4.2141089e-05 0)
(0 -3.829838e-05 0)
(0 -3.4804035e-05 0)
(0 -3.1627089e-05 0)
(0 -2.8739159e-05 0)
(0 -2.6114269e-05 0)
(0 -2.3728687e-05 0)
(0 -2.1560755e-05 0)
(0 -1.9590727e-05 0)
(0 -1.7800611e-05 0)
(0 -1.617403e-05 0)
(0 -1.4696075e-05 0)
(0 -1.3353189e-05 0)
(0 -1.2133039e-05 0)
(0 -1.1024414e-05 0)
(0 -1.0017123e-05 0)
(0 -9.1019034e-06 0)
(0 -8.2703381e-06 0)
(0 -7.5147782e-06 0)
(0 -6.8282739e-06 0)
(0 -6.2045107e-06 0)
(0 -5.6377514e-06 0)
(0 -5.1227838e-06 0)
(0 -4.6548723e-06 0)
(0 -4.2297146e-06 0)
(0 -3.8434022e-06 0)
(0 -3.492384e-06 0)
(0 -3.1734337e-06 0)
(0 -2.8836203e-06 0)
(0 -2.6202809e-06 0)
(0 -2.380996e-06 0)
(0 -2.1635674e-06 0)
(0 -1.9659981e-06 0)
(0 -1.7864735e-06 0)
(0 -1.623345e-06 0)
(0 -1.4751146e-06 0)
(0 -1.3404213e-06 0)
(0 -1.2180286e-06 0)
(0 -1.1068128e-06 0)
(0 -1.0057531e-06 0)
(0 -9.1392171e-07 0)
(0 -8.3047592e-07 0)
(0 -7.5464981e-07 0)
(0 -6.857475e-07 0)
(0 -6.2313668e-07 0)
(0 -5.6624278e-07 0)
(0 -5.1454374e-07 0)
(0 -4.6756518e-07 0)
(0 -4.2487604e-07 0)
(0 -3.8608462e-07 0)
(0 -3.5083503e-07 0)
(0 -3.1880385e-07 0)
(0 -2.896972e-07 0)
(0 -2.6324806e-07 0)
(0 -2.3921376e-07 0)
(0 -2.1737383e-07 0)
(0 -1.9752789e-07 0)
(0 -1.7949389e-07 0)
(0 -1.6310639e-07 0)
(0 -1.4821506e-07 0)
(0 -1.346833e-07 0)
(0 -1.2238696e-07 0)
(0 -1.1121326e-07 0)
(0 -1.010597e-07 0)
(0 -9.1833128e-08 0)
(0 -8.3448919e-08 0)
(0 -7.5830162e-08 0)
(0 -6.8906969e-08 0)
(0 -6.2615837e-08 0)
(0 -5.6899056e-08 0)
(0 -5.1704187e-08 0)
(0 -4.698358e-08 0)
(0 -4.2693934e-08 0)
(0 -3.87959e-08 0)
(0 -3.5253723e-08 0)
(0 -3.2034913e-08 0)
(0 -2.9109943e-08 0)
(0 -2.6451985e-08 0)
(0 -2.4036658e-08 0)
(0 -2.1841807e-08 0)
(0 -1.9847299e-08 0)
(0 -1.8034841e-08 0)
(0 -1.6387807e-08 0)
(0 -1.4891089e-08 0)
(0 -1.353096e-08 0)
(0 -1.2294942e-08 0)
(0 -1.11717e-08 0)
(0 -1.0150929e-08 0)
(0 -9.2232671e-09 0)
(0 -8.3802052e-09 0)
(0 -7.6140103e-09 0)
(0 -6.9176545e-09 0)
(0 -6.2847504e-09 0)
(0 -5.7094927e-09 0)
(0 -5.1866051e-09 0)
(0 -4.7112911e-09 0)
(0 -4.2791912e-09 0)
(0 -3.8863419e-09 0)
(0 -3.5291397e-09 0)
(0 -3.2043083e-09 0)
(0 -2.9088682e-09 0)
(0 -2.6401095e-09 0)
(0 -2.3955669e-09 0)
(0 -2.1729976e-09 0)
(0 -1.9703598e-09 0)
(0 -1.785795e-09 0)
(0 -1.6176103e-09 0)
(0 -1.464263e-09 0)
(0 -1.3243465e-09 0)
(0 -1.1965775e-09 0)
(0 -1.079784e-09 0)
(0 -9.7289466e-10 0)
(0 -8.7492916e-10 0)
(0 -7.8498888e-10 0)
(0 -7.0224884e-10 0)
(0 -6.2595012e-10 0)
(0 -5.5539287e-10 0)
(0 -4.8992991e-10 0)
(0 -4.289608e-10 0)
(0 -3.7192629e-10 0)
(0 -3.1830324e-10 0)
(0 -2.6759981e-10 0)
(0 -2.1935091e-10 0)
(0 -1.7311398e-10 0)
(0 -1.2846493e-10 0)
(0 -8.4994211e-11 0)
(0 -4.2303095e-11 0)
(0 0 0)
(0 -0.00025851771 0)
(0 -0.00029367103 0)
(0 -0.00032747488 0)
(0 -0.00035896552 0)
(0 -0.00038750986 0)
(0 -0.00041279028 0)
(0 -0.00043474171 0)
(0 -0.00045347518 0)
(0 -0.00046920759 0)
(0 -0.00048220619 0)
(0 -0.00049274884 0)
(0 -0.00050109808 0)
(0 -0.0005074854 0)
(0 -0.00051210271 0)
(0 -0.00051509836 0)
(0 -0.00051657599 0)
(0 -0.00051659498 0)
(0 -0.00051517207 0)
(0 -0.00051228409 0)
(0 -0.0005078721 0)
(0 -0.00050184776 0)
(0 -0.00049410285 0)
(0 -0.00048452297 0)
(0 -0.00047300631 0)
(0 -0.00045948738 0)
(0 -0.00044396362 0)
(0 -0.0004265202 0)
(0 -0.00040734566 0)
(0 -0.00038673077 0)
(0 -0.00036504764 0)
(0 -0.00034271356 0)
(0 -0.00032014983 0)
(0 -0.00029774591 0)
(0 -0.00027583507 0)
(0 -0.00025468253 0)
(0 -0.0002344841 0)
(0 -0.00021537176 0)
(0 -0.00019742288 0)
(0 -0.00018067077 0)
(0 -0.00016511474 0)
(0 -0.00015072912 0)
(0 -0.0001374707 0)
(0 -0.00012528469 0)
(0 -0.00011410937 0)
(0 -0.0001038795 0)
(0 -9.4528903e-05 0)
(0 -8.5992212e-05 0)
(0 -7.8206133e-05 0)
(0 -7.1110233e-05 0)
(0 -6.4647428e-05 0)
(0 -5.8764239e-05 0)
(0 -5.3410884e-05 0)
(0 -4.8541251e-05 0)
(0 -4.4112799e-05 0)
(0 -4.0086402e-05 0)
(0 -3.6426167e-05 0)
(0 -3.3099231e-05 0)
(0 -3.0075553e-05 0)
(0 -2.7327708e-05 0)
(0 -2.4830686e-05 0)
(0 -2.2561696e-05 0)
(0 -2.0499984e-05 0)
(0 -1.8626661e-05 0)
(0 -1.6924542e-05 0)
(0 -1.5377997e-05 0)
(0 -1.3972817e-05 0)
(0 -1.2696084e-05 0)
(0 -1.1536057e-05 0)
(0 -1.0482066e-05 0)
(0 -9.5244145e-06 0)
(0 -8.6542941e-06 0)
(0 -7.8636998e-06 0)
(0 -7.1453592e-06 0)
(0 -6.4926652e-06 0)
(0 -5.899615e-06 0)
(0 -5.360755e-06 0)
(0 -4.8711309e-06 0)
(0 -4.4262413e-06 0)
(0 -4.021997e-06 0)
(0 -3.6546825e-06 0)
(0 -3.3209226e-06 0)
(0 -3.0176505e-06 0)
(0 -2.7420801e-06 0)
(0 -2.4916801e-06 0)
(0 -2.2641505e-06 0)
(0 -2.0574017e-06 0)
(0 -1.8695351e-06 0)
(0 -1.6988257e-06 0)
(0 -1.5437062e-06 0)
(0 -1.4027525e-06 0)
(0 -1.2746705e-06 0)
(0 -1.1582847e-06 0)
(0 -1.0525268e-06 0)
(0 -9.5642596e-07 0)
(0 -8.6910036e-07 0)
(0 -7.8974854e-07 0)
(0 -7.1764232e-07 0)
(0 -6.5212e-07 0)
(0 -5.9258035e-07 0)
(0 -5.3847706e-07 0)
(0 -4.8931369e-07 0)
(0 -4.4463917e-07 0)
(0 -4.040436e-07 0)
(0 -3.6715454e-07 0)
(0 -3.3363355e-07 0)
(0 -3.0317309e-07 0)
(0 -2.7549371e-07 0)
(0 -2.5034148e-07 0)
(0 -2.2748566e-07 0)
(0 -2.0671658e-07 0)
(0 -1.8784371e-07 0)
(0 -1.7069392e-07 0)
(0 -1.5510989e-07 0)
(0 -1.4094865e-07 0)
(0 -1.2808031e-07 0)
(0 -1.1638682e-07 0)
(0 -1.0576092e-07 0)
(0 -9.6105129e-08 0)
(0 -8.7330882e-08 0)
(0 -7.9357693e-08 0)
(0 -7.2112422e-08 0)
(0 -6.5528612e-08 0)
(0 -5.9545869e-08 0)
(0 -5.4109315e-08 0)
(0 -4.9169083e-08 0)
(0 -4.4679857e-08 0)
(0 -4.0600459e-08 0)
(0 -3.689347e-08 0)
(0 -3.3524887e-08 0)
(0 -3.0463812e-08 0)
(0 -2.7682165e-08 0)
(0 -2.5154434e-08 0)
(0 -2.2857431e-08 0)
(0 -2.0770087e-08 0)
(0 -1.8873256e-08 0)
(0 -1.7149539e-08 0)
(0 -1.5583127e-08 0)
(0 -1.4159649e-08 0)
(0 -1.2866051e-08 0)
(0 -1.1690465e-08 0)
(0 -1.062211e-08 0)
(0 -9.6511856e-09 0)
(0 -8.7687861e-09 0)
(0 -7.9668178e-09 0)
(0 -7.2379245e-09 0)
(0 -6.5754207e-09 0)
(0 -5.9732295e-09 0)
(0 -5.4258273e-09 0)
(0 -4.9281931e-09 0)
(0 -4.4757624e-09 0)
(0 -4.0643854e-09 0)
(0 -3.6902885e-09 0)
(0 -3.3500406e-09 0)
(0 -3.0405207e-09 0)
(0 -2.7588897e-09 0)
(0 -2.5025644e-09 0)
(0 -2.2691937e-09 0)
(0 -2.056637e-09 0)
(0 -1.8629446e-09 0)
(0 -1.6863399e-09 0)
(0 -1.525203e-09 0)
(0 -1.378056e-09 0)
(0 -1.243549e-09 0)
(0 -1.1204484e-09 0)
(0 -1.007625e-09 0)
(0 -9.0404393e-10 0)
(0 -8.0875516e-10 0)
(0 -7.2088462e-10 0)
(0 -6.3962633e-10 0)
(0 -5.6423496e-10 0)
(0 -4.9401898e-10 0)
(0 -4.2833436e-10 0)
(0 -3.6657859e-10 0)
(0 -3.0818524e-10 0)
(0 -2.5261868e-10 0)
(0 -1.9936925e-10 0)
(0 -1.4794852e-10 0)
(0 -9.7884828e-11 0)
(0 -4.8718979e-11 0)
(0 0 0)
(0 -0.00029544406 0)
(0 -0.00033756439 0)
(0 -0.00037778097 0)
(0 -0.00041488268 0)
(0 -0.00044814532 0)
(0 -0.00047727593 0)
(0 -0.00050230049 0)
(0 -0.00052344771 0)
(0 -0.00054105309 0)
(0 -0.00055548985 0)
(0 -0.000567124 0)
(0 -0.00057628775 0)
(0 -0.00058326548 0)
(0 -0.00058828753 0)
(0 -0.00059152845 0)
(0 -0.00059310755 0)
(0 -0.00059309045 0)
(0 -0.00059149116 0)
(0 -0.00058827478 0)
(0 -0.00058336144 0)
(0 -0.00057663237 0)
(0 -0.00056793967 0)
(0 -0.00055712159 0)
(0 -0.000544025 0)
(0 -0.00052853626 0)
(0 -0.00051061865 0)
(0 -0.00049035023 0)
(0 -0.00046795063 0)
(0 -0.00044378293 0)
(0 -0.00041832375 0)
(0 -0.00039210909 0)
(0 -0.00036567382 0)
(0 -0.00033950209 0)
(0 -0.00031399657 0)
(0 -0.00028946683 0)
(0 -0.00026613178 0)
(0 -0.00024413044 0)
(0 -0.00022353625 0)
(0 -0.00020437164 0)
(0 -0.00018662125 0)
(0 -0.00017024302 0)
(0 -0.00015517695 0)
(0 -0.00014135195 0)
(0 -0.00012869086 0)
(0 -0.00011711417 0)
(0 -0.00010654257 0)
(0 -9.6898782e-05 0)
(0 -8.8108688e-05 0)
(0 -8.0102077e-05 0)
(0 -7.2813034e-05 0)
(0 -6.6180108e-05 0)
(0 -6.0146317e-05 0)
(0 -5.4659052e-05 0)
(0 -4.9669899e-05 0)
(0 -4.5134424e-05 0)
(0 -4.1011933e-05 0)
(0 -3.7265217e-05 0)
(0 -3.3860302e-05 0)
(0 -3.0766202e-05 0)
(0 -2.7954676e-05 0)
(0 -2.5400008e-05 0)
(0 -2.3078788e-05 0)
(0 -2.0969722e-05 0)
(0 -1.905344e-05 0)
(0 -1.7312333e-05 0)
(0 -1.573039e-05 0)
(0 -1.4293063e-05 0)
(0 -1.2987128e-05 0)
(0 -1.180057e-05 0)
(0 -1.0722471e-05 0)
(0 -9.7429132e-06 0)
(0 -8.8528832e-06 0)
(0 -8.0441939e-06 0)
(0 -7.3094069e-06 0)
(0 -6.6417643e-06 0)
(0 -6.0351269e-06 0)
(0 -5.4839171e-06 0)
(0 -4.9830675e-06 0)
(0 -4.5279748e-06 0)
(0 -4.1144564e-06 0)
(0 -3.7387126e-06 0)
(0 -3.397291e-06 0)
(0 -3.0870553e-06 0)
(0 -2.8051557e-06 0)
(0 -2.5490031e-06 0)
(0 -2.3162452e-06 0)
(0 -2.1047446e-06 0)
(0 -1.9125594e-06 0)
(0 -1.737925e-06 0)
(0 -1.5792384e-06 0)
(0 -1.4350427e-06 0)
(0 -1.3040146e-06 0)
(0 -1.1849512e-06 0)
(0 -1.0767599e-06 0)
(0 -9.7844768e-07 0)
(0 -8.8911241e-07 0)
(0 -8.0793425e-07 0)
(0 -7.3416831e-07 0)
(0 -6.671377e-07 0)
(0 -6.0622738e-07 0)
(0 -5.5087849e-07 0)
(0 -5.0058318e-07 0)
(0 -4.5488001e-07 0)
(0 -4.1334968e-07 0)
(0 -3.7561115e-07 0)
(0 -3.4131822e-07 0)
(0 -3.1015627e-07 0)
(0 -2.8183943e-07 0)
(0 -2.5610793e-07 0)
(0 -2.327257e-07 0)
(0 -2.1147826e-07 0)
(0 -1.9217069e-07 0)
(0 -1.7462588e-07 0)
(0 -1.5868289e-07 0)
(0 -1.4419545e-07 0)
(0 -1.3103069e-07 0)
(0 -1.1906783e-07 0)
(0 -1.0819715e-07 0)
(0 -9.8318927e-08 0)
(0 -8.9342547e-08 0)
(0 -8.1185674e-08 0)
(0 -7.3773484e-08 0)
(0 -6.7037989e-08 0)
(0 -6.0917405e-08 0)
(0 -5.5355589e-08 0)
(0 -5.0301525e-08 0)
(0 -4.5708854e-08 0)
(0 -4.1535448e-08 0)
(0 -3.7743027e-08 0)
(0 -3.4296804e-08 0)
(0 -3.1165168e-08 0)
(0 -2.8319394e-08 0)
(0 -2.573338e-08 0)
(0 -2.3383404e-08 0)
(0 -2.1247912e-08 0)
(0 -1.9307316e-08 0)
(0 -1.7543815e-08 0)
(0 -1.5941234e-08 0)
(0 -1.4484873e-08 0)
(0 -1.3161374e-08 0)
(0 -1.1958597e-08 0)
(0 -1.086551e-08 0)
(0 -9.872086e-09 0)
(0 -8.969213e-09 0)
(0 -8.1486095e-09 0)
(0 -7.4027486e-09 0)
(0 -6.7247889e-09 0)
(0 -6.1085119e-09 0)
(0 -5.5482648e-09 0)
(0 -5.0389087e-09 0)
(0 -4.5757716e-09 0)
(0 -4.1546055e-09 0)
(0 -3.7715471e-09 0)
(0 -3.423083e-09 0)
(0 -3.1060168e-09 0)
(0 -2.8174404e-09 0)
(0 -2.5547066e-09 0)
(0 -2.3154057e-09 0)
(0 -2.0973427e-09 0)
(0 -1.8985174e-09 0)
(0 -1.7171061e-09 0)
(0 -1.5514448e-09 0)
(0 -1.400014e-09 0)
(0 -1.2614247e-09 0)
(0 -1.1344057e-09 0)
(0 -1.0177919e-09 0)
(0 -9.105138e-10 0)
(0 -8.1158727e-10 0)
(0 -7.2010496e-10 0)
(0 -6.3522775e-10 0)
(0 -5.5617711e-10 0)
(0 -4.8222795e-10 0)
(0 -4.12702e-10 0)
(0 -3.4696151e-10 0)
(0 -2.844035e-10 0)
(0 -2.2445415e-10 0)
(0 -1.665636e-10 0)
(0 -1.1020083e-10 0)
(0 -5.4848865e-11 0)
(0 0 0)
(0 -0.00033249169 0)
(0 -0.00038262517 0)
(0 -0.00043002864 0)
(0 -0.00047320469 0)
(0 -0.00051137527 0)
(0 -0.0005443431 0)
(0 -0.00057229891 0)
(0 -0.00059564987 0)
(0 -0.00061489391 0)
(0 -0.00063053875 0)
(0 -0.0006430554 0)
(0 -0.00065285467 0)
(0 -0.0006602778 0)
(0 -0.00066559468 0)
(0 -0.00066900576 0)
(0 -0.000670645 0)
(0 -0.00067058297 0)
(0 -0.00066882925 0)
(0 -0.00066533477 0)
(0 -0.00065999482 0)
(0 -0.00065265403 0)
(0 -0.00064311525 0)
(0 -0.00063115505 0)
(0 -0.00061654956 0)
(0 -0.00059911332 0)
(0 -0.00057875148 0)
(0 -0.00055551814 0)
(0 -0.00052966286 0)
(0 -0.00050163996 0)
(0 -0.00047206496 0)
(0 -0.00044163075 0)
(0 -0.00041101733 0)
(0 -0.00038082285 0)
(0 -0.00035152684 0)
(0 -0.00032348162 0)
(0 -0.00029692236 0)
(0 -0.00027198606 0)
(0 -0.00024873294 0)
(0 -0.00022716619 0)
(0 -0.00020724876 0)
(0 -0.00018891656 0)
(0 -0.00017208853 0)
(0 -0.00015667403 0)
(0 -0.00014257816 0)
(0 -0.00012970545 0)
(0 -0.00011796236 0)
(0 -0.00010725893 0)
(0 -9.7509778e-05 0)
(0 -8.8634655e-05 0)
(0 -8.0558711e-05 0)
(0 -7.3212519e-05 0)
(0 -6.6531967e-05 0)
(0 -6.0458057e-05 0)
(0 -5.4936642e-05 0)
(0 -4.9918135e-05 0)
(0 -4.5357201e-05 0)
(0 -4.1212449e-05 0)
(0 -3.7446131e-05 0)
(0 -3.4023848e-05 0)
(0 -3.0914278e-05 0)
(0 -2.8088911e-05 0)
(0 -2.5521814e-05 0)
(0 -2.3189401e-05 0)
(0 -2.1070227e-05 0)
(0 -1.9144802e-05 0)
(0 -1.7395409e-05 0)
(0 -1.580595e-05 0)
(0 -1.4361798e-05 0)
(0 -1.304966e-05 0)
(0 -1.1857462e-05 0)
(0 -1.0774234e-05 0)
(0 -9.7900086e-06 0)
(0 -8.8957312e-06 0)
(0 -8.0831761e-06 0)
(0 -7.3448705e-06 0)
(0 -6.6740252e-06 0)
(0 -6.0644726e-06 0)
(0 -5.5106094e-06 0)
(0 -5.007345e-06 0)
(0 -4.5500546e-06 0)
(0 -4.1345363e-06 0)
(0 -3.7569726e-06 0)
(0 -3.4138954e-06 0)
(0 -3.1021532e-06 0)
(0 -2.8188832e-06 0)
(0 -2.5614841e-06 0)
(0 -2.3275923e-06 0)
(0 -2.1150604e-06 0)
(0 -1.9219373e-06 0)
(0 -1.74645e-06 0)
(0 -1.5869878e-06 0)
(0 -1.4420869e-06 0)
(0 -1.3104175e-06 0)
(0 -1.1907712e-06 0)
(0 -1.0820498e-06 0)
(0 -9.8325572e-07 0)
(0 -8.9348238e-07 0)
(0 -8.11906e-07 0)
(0 -7.3777806e-07 0)
(0 -6.704184e-07 0)
(0 -6.0920899e-07 0)
(0 -5.5358823e-07 0)
(0 -5.0304581e-07 0)
(0 -4.5711805e-07 0)
(0 -4.1538358e-07 0)
(0 -3.7745953e-07 0)
(0 -3.4299797e-07 0)
(0 -3.1168277e-07 0)
(0 -2.8322665e-07 0)
(0 -2.5736856e-07 0)
(0 -2.3387129e-07 0)
(0 -2.125193e-07 0)
(0 -1.9311672e-07 0)
(0 -1.7548556e-07 0)
(0 -1.5946409e-07 0)
(0 -1.4490534e-07 0)
(0 -1.3167576e-07 0)
(0 -1.19654e-07 0)
(0 -1.0872979e-07 0)
(0 -9.8802919e-08 0)
(0 -8.9782327e-08 0)
(0 -8.1585273e-08 0)
(0 -7.4136566e-08 0)
(0 -6.7367882e-08 0)
(0 -6.1217134e-08 0)
(0 -5.5627902e-08 0)
(0 -5.0548918e-08 0)
(0 -4.5933596e-08 0)
(0 -4.17396e-08 0)
(0 -3.792846e-08 0)
(0 -3.4465219e-08 0)
(0 -3.1318109e-08 0)
(0 -2.8458264e-08 0)
(0 -2.5859452e-08 0)
(0 -2.3497835e-08 0)
(0 -2.1351751e-08 0)
(0 -1.9401514e-08 0)
(0 -1.7629238e-08 0)
(0 -1.6018664e-08 0)
(0 -1.4555021e-08 0)
(0 -1.3224883e-08 0)
(0 -1.201605e-08 0)
(0 -1.0917433e-08 0)
(0 -9.9189557e-09 0)
(0 -9.0114592e-09 0)
(0 -8.1866198e-09 0)
(0 -7.4368715e-09 0)
(0 -6.7553374e-09 0)
(0 -6.1357662e-09 0)
(0 -5.5724748e-09 0)
(0 -5.0602965e-09 0)
(0 -4.5945334e-09 0)
(0 -4.1709133e-09 0)
(0 -3.7855506e-09 0)
(0 -3.4349106e-09 0)
(0 -3.1157769e-09 0)
(0 -2.8252225e-09 0)
(0 -2.5605823e-09 0)
(0 -2.3194287e-09 0)
(0 -2.09955e-09 0)
(0 -1.8989291e-09 0)
(0 -1.7157261e-09 0)
(0 -1.5482604e-09 0)
(0 -1.394996e-09 0)
(0 -1.254527e-09 0)
(0 -1.1255652e-09 0)
(0 -1.0069274e-09 0)
(0 -8.9752563e-10 0)
(0 -7.9635633e-10 0)
(0 -7.0249153e-10 0)
(0 -6.1507028e-10 0)
(0 -5.3329071e-10 0)
(0 -4.564027e-10 0)
(0 -3.83701e-10 0)
(0 -3.1451877e-10 0)
(0 -2.4822143e-10 0)
(0 -1.8420089e-10 0)
(0 -1.2186991e-10 0)
(0 -6.065677e-11 0)
(0 0 0)
(0 -0.00036981809 0)
(0 -0.00042936284 0)
(0 -0.00048491198 0)
(0 -0.00053466231 0)
(0 -0.00057787191 0)
(0 -0.00061456121 0)
(0 -0.00064519448 0)
(0 -0.00067043717 0)
(0 -0.00069100098 0)
(0 -0.00070755774 0)
(0 -0.0007206984 0)
(0 -0.00073091841 0)
(0 -0.00073861701 0)
(0 -0.00074410253 0)
(0 -0.00074759937 0)
(0 -0.00074925433 0)
(0 -0.00074914133 0)
(0 -0.00074726407 0)
(0 -0.00074355741 0)
(0 -0.00073788865 0)
(0 -0.00073006019 0)
(0 -0.0007198158 0)
(0 -0.0007068541 0)
(0 -0.00069085583 0)
(0 -0.00067153076 0)
(0 -0.00064868907 0)
(0 -0.00062233152 0)
(0 -0.00059273184 0)
(0 -0.00056046327 0)
(0 -0.00052633321 0)
(0 -0.00049124872 0)
(0 -0.00045607845 0)
(0 -0.0004215579 0)
(0 -0.00038824877 0)
(0 -0.00035653978 0)
(0 -0.00032667026 0)
(0 -0.00029876168 0)
(0 -0.00027284843 0)
(0 -0.00024890386 0)
(0 -0.00022686083 0)
(0 -0.00020662683 0)
(0 -0.00018809504 0)
(0 -0.00017115191 0)
(0 -0.00015568245 0)
(0 -0.00014157365 0)
(0 -0.00012871669 0)
(0 -0.00011700829 0)
(0 -0.00010635145 0)
(0 -9.6655733e-05 0)
(0 -8.783733e-05 0)
(0 -7.9818909e-05 0)
(0 -7.252936e-05 0)
(0 -6.5903461e-05 0)
(0 -5.9881522e-05 0)
(0 -5.4408997e-05 0)
(0 -4.9436111e-05 0)
(0 -4.4917483e-05 0)
(0 -4.0811776e-05 0)
(0 -3.7081358e-05 0)
(0 -3.3691989e-05 0)
(0 -3.0612523e-05 0)
(0 -2.7814643e-05 0)
(0 -2.5272606e-05 0)
(0 -2.2963016e-05 0)
(0 -2.0864611e-05 0)
(0 -1.895807e-05 0)
(0 -1.7225842e-05 0)
(0 -1.5651978e-05 0)
(0 -1.4221989e-05 0)
(0 -1.2922713e-05 0)
(0 -1.1742193e-05 0)
(0 -1.0669567e-05 0)
(0 -9.6949662e-06 0)
(0 -8.8094258e-06 0)
(0 -8.0048019e-06 0)
(0 -7.2736961e-06 0)
(0 -6.6093869e-06 0)
(0 -6.0057681e-06 0)
(0 -5.457292e-06 0)
(0 -4.9589186e-06 0)
(0 -4.506069e-06 0)
(0 -4.094583e-06 0)
(0 -3.7206809e-06 0)
(0 -3.3809286e-06 0)
(0 -3.072206e-06 0)
(0 -2.7916783e-06 0)
(0 -2.5367697e-06 0)
(0 -2.3051399e-06 0)
(0 -2.0946626e-06 0)
(0 -1.9034057e-06 0)
(0 -1.7296136e-06 0)
(0 -1.5716912e-06 0)
(0 -1.4281891e-06 0)
(0 -1.2977904e-06 0)
(0 -1.1792984e-06 0)
(0 -1.0716258e-06 0)
(0 -9.7378445e-07 0)
(0 -8.8487669e-07 0)
(0 -8.0408672e-07 0)
(0 -7.3067326e-07 0)
(0 -6.6396275e-07 0)
(0 -6.0334313e-07 0)
(0 -5.4825824e-07 0)
(0 -4.9820272e-07 0)
(0 -4.5271734e-07 0)
(0 -4.1138483e-07 0)
(0 -3.73826e-07 0)
(0 -3.396963e-07 0)
(0 -3.0868263e-07 0)
(0 -2.8050049e-07 0)
(0 -2.5489135e-07 0)
(0 -2.316203e-07 0)
(0 -2.1047385e-07 0)
(0 -1.9125803e-07 0)
(0 -1.7379658e-07 0)
(0 -1.5792931e-07 0)
(0 -1.4351068e-07 0)
(0 -1.3040842e-07 0)
(0 -1.1850236e-07 0)
(0 -1.0768327e-07 0)
(0 -9.7851917e-08 0)
(0 -8.8918119e-08 0)
(0 -8.0799929e-08 0)
(0 -7.3422881e-08 0)
(0 -6.6719308e-08 0)
(0 -6.0627719e-08 0)
(0 -5.509224e-08 0)
(0 -5.0062095e-08 0)
(0 -4.5491144e-08 0)
(0 -4.1337461e-08 0)
(0 -3.7562945e-08 0)
(0 -3.4132974e-08 0)
(0 -3.1016088e-08 0)
(0 -2.8183695e-08 0)
(0 -2.5609816e-08 0)
(0 -2.3270843e-08 0)
(0 -2.114532e-08 0)
(0 -1.9213751e-08 0)
(0 -1.745842e-08 0)
(0 -1.5863225e-08 0)
(0 -1.4413535e-08 0)
(0 -1.3096052e-08 0)
(0 -1.1898691e-08 0)
(0 -1.0810471e-08 0)
(0 -9.8214085e-09 0)
(0 -8.9224326e-09 0)
(0 -8.105297e-09 0)
(0 -7.3625067e-09 0)
(0 -6.6872484e-09 0)
(0 -6.0733285e-09 0)
(0 -5.5151157e-09 0)
(0 -5.0074898e-09 0)
(0 -4.5457948e-09 0)
(0 -4.1257957e-09 0)
(0 -3.7436402e-09 0)
(0 -3.3958228e-09 0)
(0 -3.0791534e-09 0)
(0 -2.7907273e-09 0)
(0 -2.5278989e-09 0)
(0 -2.2882574e-09 0)
(0 -2.0696048e-09 0)
(0 -1.8699355e-09 0)
(0 -1.687418e-09 0)
(0 -1.5203782e-09 0)
(0 -1.3672839e-09 0)
(0 -1.2267309e-09 0)
(0 -1.09743e-09 0)
(0 -9.781952e-10 0)
(0 -8.6793281e-10 0)
(0 -7.6563145e-10 0)
(0 -6.7035278e-10 0)
(0 -5.8122286e-10 0)
(0 -4.9742416e-10 0)
(0 -4.1818804e-10 0)
(0 -3.4278771e-10 0)
(0 -2.7053157e-10 0)
(0 -2.0075686e-10 0)
(0 -1.3282357e-10 0)
(0 -6.6108598e-11 0)
(0 0 0)
(0 -0.00040772132 0)
(0 -0.00047855874 0)
(0 -0.00054341157 0)
(0 -0.00060021743 0)
(0 -0.00064846236 0)
(0 -0.00068858639 0)
(0 -0.00072148134 0)
(0 -0.00074816937 0)
(0 -0.00076963084 0)
(0 -0.00078672787 0)
(0 -0.00080018077 0)
(0 -0.00081057024 0)
(0 -0.00081835017 0)
(0 -0.00082386301 0)
(0 -0.00082735318 0)
(0 -0.00082897731 0)
(0 -0.00082881101 0)
(0 -0.00082685123 0)
(0 -0.00082301595 0)
(0 -0.00081714274 0)
(0 -0.00080898789 0)
(0 -0.00079822742 0)
(0 -0.00078446484 0)
(0 -0.00076725572 0)
(0 -0.00074616003 0)
(0 -0.00072083593 0)
(0 -0.00069117897 0)
(0 -0.00065747035 0)
(0 -0.00062044384 0)
(0 -0.00058118389 0)
(0 -0.0005408991 0)
(0 -0.00050070669 0)
(0 -0.0004615051 0)
(0 -0.00042393762 0)
(0 -0.00038841435 0)
(0 -0.00035515877 0)
(0 -0.00032425728 0)
(0 -0.00029570188 0)
(0 -0.00026942316 0)
(0 -0.00024531416 0)
(0 -0.00022324705 0)
(0 -0.00020308437 0)
(0 -0.00018468636 0)
(0 -0.00016791573 0)
(0 -0.00015264054 0)
(0 -0.00013873585 0)
(0 -0.0001260846 0)
(0 -0.00011457797 0)
(0 -0.00010411531 0)
(0 -9.4603944e-05 0)
(0 -8.5958812e-05 0)
(0 -7.8102009e-05 0)
(0 -7.0962327e-05 0)
(0 -6.4474774e-05 0)
(0 -5.8580089e-05 0)
(0 -5.3224294e-05 0)
(0 -4.8358246e-05 0)
(0 -4.3937235e-05 0)
(0 -3.9920597e-05 0)
(0 -3.6271361e-05 0)
(0 -3.2955919e-05 0)
(0 -2.9943731e-05 0)
(0 -2.7207045e-05 0)
(0 -2.4720646e-05 0)
(0 -2.2461625e-05 0)
(0 -2.0409172e-05 0)
(0 -1.8544381e-05 0)
(0 -1.6850077e-05 0)
(0 -1.5310661e-05 0)
(0 -1.391196e-05 0)
(0 -1.2641101e-05 0)
(0 -1.148639e-05 0)
(0 -1.0437202e-05 0)
(0 -9.4838888e-06 0)
(0 -8.6176818e-06 0)
(0 -7.8306172e-06 0)
(0 -7.1154594e-06 0)
(0 -6.4656353e-06 0)
(0 -5.8751731e-06 0)
(0 -5.3386474e-06 0)
(0 -4.851129e-06 0)
(0 -4.4081397e-06 0)
(0 -4.0056105e-06 0)
(0 -3.6398449e-06 0)
(0 -3.307484e-06 0)
(0 -3.0054762e-06 0)
(0 -2.7310486e-06 0)
(0 -2.4816818e-06 0)
(0 -2.2550869e-06 0)
(0 -2.0491838e-06 0)
(0 -1.8620827e-06 0)
(0 -1.6920664e-06 0)
(0 -1.5375746e-06 0)
(0 -1.3971894e-06 0)
(0 -1.2696227e-06 0)
(0 -1.1537038e-06 0)
(0 -1.048369e-06 0)
(0 -9.5265201e-07 0)
(0 -8.6567441e-07 0)
(0 -7.8663824e-07 0)
(0 -7.1481834e-07 0)
(0 -6.495558e-07 0)
(0 -5.9025187e-07 0)
(0 -5.3636249e-07 0)
(0 -4.8739327e-07 0)
(0 -4.4289498e-07 0)
(0 -4.0245939e-07 0)
(0 -3.6571556e-07 0)
(0 -3.3232643e-07 0)
(0 -3.019857e-07 0)
(0 -2.7441504e-07 0)
(0 -2.4936154e-07 0)
(0 -2.2659537e-07 0)
(0 -2.0590772e-07 0)
(0 -1.8710879e-07 0)
(0 -1.7002616e-07 0)
(0 -1.5450312e-07 0)
(0 -1.4039729e-07 0)
(0 -1.2757926e-07 0)
(0 -1.1593147e-07 0)
(0 -1.0534707e-07 0)
(0 -9.5728977e-08 0)
(0 -8.6988962e-08 0)
(0 -7.9046857e-08 0)
(0 -7.1829812e-08 0)
(0 -6.5271627e-08 0)
(0 -5.9312148e-08 0)
(0 -5.3896709e-08 0)
(0 -4.8975638e-08 0)
(0 -4.4503795e-08 0)
(0 -4.0440162e-08 0)
(0 -3.6747466e-08 0)
(0 -3.3391835e-08 0)
(0 -3.0342489e-08 0)
(0 -2.7571459e-08 0)
(0 -2.5053326e-08 0)
(0 -2.2764995e-08 0)
(0 -2.0685473e-08 0)
(0 -1.8795688e-08 0)
(0 -1.7078306e-08 0)
(0 -1.5517573e-08 0)
(0 -1.4099174e-08 0)
(0 -1.2810099e-08 0)
(0 -1.1638524e-08 0)
(0 -1.0573703e-08 0)
(0 -9.6058675e-09 0)
(0 -8.7261415e-09 0)
(0 -7.9264555e-09 0)
(0 -7.1994742e-09 0)
(0 -6.5385296e-09 0)
(0 -5.9375592e-09 0)
(0 -5.3910505e-09 0)
(0 -4.8939909e-09 0)
(0 -4.4418209e-09 0)
(0 -4.0303933e-09 0)
(0 -3.6559341e-09 0)
(0 -3.3150086e-09 0)
(0 -3.0044898e-09 0)
(0 -2.7215294e-09 0)
(0 -2.463532e-09 0)
(0 -2.2281312e-09 0)
(0 -2.0131677e-09 0)
(0 -1.8166698e-09 0)
(0 -1.6368352e-09 0)
(0 -1.4720143e-09 0)
(0 -1.3206953e-09 0)
(0 -1.1814903e-09 0)
(0 -1.0531224e-09 0)
(0 -9.3441422e-10 0)
(0 -8.2427684e-10 0)
(0 -7.2170007e-10 0)
(0 -6.2574303e-10 0)
(0 -5.3552557e-10 0)
(0 -4.5022016e-10 0)
(0 -3.6904436e-10 0)
(0 -2.9125359e-10 0)
(0 -2.1613432e-10 0)
(0 -1.4299752e-10 0)
(0 -7.1172347e-11 0)
(0 0 0)
(0 -0.00044676798 0)
(0 -0.00053144212 0)
(0 -0.00060693061 0)
(0 -0.00067113578 0)
(0 -0.00072415145 0)
(0 -0.00076715583 0)
(0 -0.00080167278 0)
(0 -0.00082919093 0)
(0 -0.00085100825 0)
(0 -0.0008681925 0)
(0 -0.00088159221 0)
(0 -0.00089186538 0)
(0 -0.00089951106 0)
(0 -0.00090489732 0)
(0 -0.00090828215 0)
(0 -0.00090982784 0)
(0 -0.00090961015 0)
(0 -0.00090761952 0)
(0 -0.00090375788 0)
(0 -0.00089783366 0)
(0 -0.00088955631 0)
(0 -0.00087852919 0)
(0 -0.00086424506 0)
(0 -0.00084610117 0)
(0 -0.00082344838 0)
(0 -0.00079570484 0)
(0 -0.00076256743 0)
(0 -0.00072428289 0)
(0 -0.00068181039 0)
(0 -0.00063665489 0)
(0 -0.00059046284 0)
(0 -0.00054468043 0)
(0 -0.00050039186 0)
(0 -0.00045830794 0)
(0 -0.00041883057 0)
(0 -0.00038213587 0)
(0 -0.00034824813 0)
(0 -0.00031709609 0)
(0 -0.00028855237 0)
(0 -0.0002624597 0)
(0 -0.00023864779 0)
(0 -0.00021694387 0)
(0 -0.00019717899 0)
(0 -0.00017919175 0)
(0 -0.00016283018 0)
(0 -0.00014795271 0)
(0 -0.0001344283 0)
(0 -0.00012213631 0)
(0 -0.00011096602 0)
(0 -0.00010081615 0)
(0 -9.1594174e-05 0)
(0 -8.3215693e-05 0)
(0 -7.5603828e-05 0)
(0 -6.8688586e-05 0)
(0 -6.2406291e-05 0)
(0 -5.6699038e-05 0)
(0 -5.1514186e-05 0)
(0 -4.6803896e-05 0)
(0 -4.25247e-05 0)
(0 -3.8637104e-05 0)
(0 -3.5105233e-05 0)
(0 -3.1896499e-05 0)
(0 -2.8981301e-05 0)
(0 -2.6332754e-05 0)
(0 -2.3926437e-05 0)
(0 -2.174017e-05 0)
(0 -1.9753807e-05 0)
(0 -1.7949049e-05 0)
(0 -1.6309275e-05 0)
(0 -1.4819388e-05 0)
(0 -1.3465674e-05 0)
(0 -1.2235677e-05 0)
(0 -1.1118079e-05 0)
(0 -1.0102604e-05 0)
(0 -9.1799107e-06 0)
(0 -8.3415178e-06 0)
(0 -7.5797184e-06 0)
(0 -6.887511e-06 0)
(0 -6.258535e-06 0)
(0 -5.6870115e-06 0)
(0 -5.1676905e-06 0)
(0 -4.6958018e-06 0)
(0 -4.2670116e-06 0)
(0 -3.8773822e-06 0)
(0 -3.5233362e-06 0)
(0 -3.2016227e-06 0)
(0 -2.9092885e-06 0)
(0 -2.6436498e-06 0)
(0 -2.4022684e-06 0)
(0 -2.1829287e-06 0)
(0 -1.9836176e-06 0)
(0 -1.802506e-06 0)
(0 -1.6379317e-06 0)
(0 -1.4883846e-06 0)
(0 -1.3524923e-06 0)
(0 -1.2290079e-06 0)
(0 -1.1167983e-06 0)
(0 -1.0148341e-06 0)
(0 -9.221796e-07 0)
(0 -8.379848e-07 0)
(0 -7.6147722e-07 0)
(0 -6.9195496e-07 0)
(0 -6.2878019e-07 0)
(0 -5.7137336e-07 0)
(0 -5.1920781e-07 0)
(0 -4.71805e-07 0)
(0 -4.2873005e-07 0)
(0 -3.8958783e-07 0)
(0 -3.5401926e-07 0)
(0 -3.2169806e-07 0)
(0 -2.9232774e-07 0)
(0 -2.6563888e-07 0)
(0 -2.4138666e-07 0)
(0 -2.1934861e-07 0)
(0 -1.9932258e-07 0)
(0 -1.8112487e-07 0)
(0 -1.6458855e-07 0)
(0 -1.4956195e-07 0)
(0 -1.3590721e-07 0)
(0 -1.234991e-07 0)
(0 -1.1222379e-07 0)
(0 -1.0197786e-07 0)
(0 -9.2667331e-08 0)
(0 -8.4206794e-08 0)
(0 -7.6518645e-08 0)
(0 -6.9532364e-08 0)
(0 -6.3183869e-08 0)
(0 -5.7414928e-08 0)
(0 -5.2172625e-08 0)
(0 -4.7408875e-08 0)
(0 -4.3079981e-08 0)
(0 -3.9146236e-08 0)
(0 -3.557156e-08 0)
(0 -3.2323162e-08 0)
(0 -2.9371247e-08 0)
(0 -2.6688738e-08 0)
(0 -2.425103e-08 0)
(0 -2.2035764e-08 0)
(0 -2.0022619e-08 0)
(0 -1.8193131e-08 0)
(0 -1.6530518e-08 0)
(0 -1.501953e-08 0)
(0 -1.3646308e-08 0)
(0 -1.2398256e-08 0)
(0 -1.1263925e-08 0)
(0 -1.0232913e-08 0)
(0 -9.2957605e-09 0)
(0 -8.4438732e-09 0)
(0 -7.6694366e-09 0)
(0 -6.9653473e-09 0)
(0 -6.3251471e-09 0)
(0 -5.7429639e-09 0)
(0 -5.2134575e-09 0)
(0 -4.7317712e-09 0)
(0 -4.2934866e-09 0)
(0 -3.8945837e-09 0)
(0 -3.5314035e-09 0)
(0 -3.2006149e-09 0)
(0 -2.8991836e-09 0)
(0 -2.6243448e-09 0)
(0 -2.3735777e-09 0)
(0 -2.1445819e-09 0)
(0 -1.9352572e-09 0)
(0 -1.7436835e-09 0)
(0 -1.5681035e-09 0)
(0 -1.4069068e-09 0)
(0 -1.2586149e-09 0)
(0 -1.1218675e-09 0)
(0 -9.954103e-10 0)
(0 -8.7808345e-10 0)
(0 -7.6881074e-10 0)
(0 -6.6658988e-10 0)
(0 -5.7048325e-10 0)
(0 -4.7960934e-10 0)
(0 -3.931346e-10 0)
(0 -3.1026585e-10 0)
(0 -2.3024299e-10 0)
(0 -1.5233201e-10 0)
(0 -7.5818289e-11 0)
(0 0 0)
(0 -0.00048805589 0)
(0 -0.00058999263 0)
(0 -0.00067748923 0)
(0 -0.0007490643 0)
(0 -0.00080612586 0)
(0 -0.00085106031 0)
(0 -0.0008862667 0)
(0 -0.00091380004 0)
(0 -0.00093530203 0)
(0 -0.00095203973 0)
(0 -0.00096497215 0)
(0 -0.00097481488 0)
(0 -0.00098209455 0)
(0 -0.00098719178 0)
(0 -0.00099036908 0)
(0 -0.00099178863 0)
(0 -0.00099152557 0)
(0 -0.00098956584 0)
(0 -0.00098579847 0)
(0 -0.00098000614 0)
(0 -0.00097185595 0)
(0 -0.00096088129 0)
(0 -0.00094645451 0)
(0 -0.00092778337 0)
(0 -0.00090393753 0)
(0 -0.00087396155 0)
(0 -0.00083718258 0)
(0 -0.00079371107 0)
(0 -0.00074483779 0)
(0 -0.00069274421 0)
(0 -0.00063973056 0)
(0 -0.00058767386 0)
(0 -0.00053785081 0)
(0 -0.00049099865 0)
(0 -0.00044745821 0)
(0 -0.0004073114 0)
(0 -0.00037048474 0)
(0 -0.00033681874 0)
(0 -0.00030611144 0)
(0 -0.00027814458 0)
(0 -0.00025269878 0)
(0 -0.00022956195 0)
(0 -0.00020853366 0)
(0 -0.00018942714 0)
(0 -0.00017206989 0)
(0 -0.00015630354 0)
(0 -0.00014198321 0)
(0 -0.00012897671 0)
(0 -0.00011716365 0)
(0 -0.0001064345 0)
(0 -9.6689687e-05 0)
(0 -8.7838738e-05 0)
(0 -7.9799485e-05 0)
(0 -7.249731e-05 0)
(0 -6.5864465e-05 0)
(0 -5.9839443e-05 0)
(0 -5.4366405e-05 0)
(0 -4.9394657e-05 0)
(0 -4.4878177e-05 0)
(0 -4.0775183e-05 0)
(0 -3.7047739e-05 0)
(0 -3.3661403e-05 0)
(0 -3.0584901e-05 0)
(0 -2.7789835e-05 0)
(0 -2.5250417e-05 0)
(0 -2.294323e-05 0)
(0 -2.0847006e-05 0)
(0 -1.8942431e-05 0)
(0 -1.7211962e-05 0)
(0 -1.5639665e-05 0)
(0 -1.4211069e-05 0)
(0 -1.2913027e-05 0)
(0 -1.1733599e-05 0)
(0 -1.0661937e-05 0)
(0 -9.6881876e-06 0)
(0 -8.8033987e-06 0)
(0 -7.9994384e-06 0)
(0 -7.2689186e-06 0)
(0 -6.6051272e-06 0)
(0 -6.0019661e-06 0)
(0 -5.4538953e-06 0)
(0 -4.9558809e-06 0)
(0 -4.5033496e-06 0)
(0 -4.0921463e-06 0)
(0 -3.7184954e-06 0)
(0 -3.3789666e-06 0)
(0 -3.0704432e-06 0)
(0 -2.7900931e-06 0)
(0 -2.5353432e-06 0)
(0 -2.3038553e-06 0)
(0 -2.0935049e-06 0)
(0 -1.9023617e-06 0)
(0 -1.7286715e-06 0)
(0 -1.5708407e-06 0)
(0 -1.4274208e-06 0)
(0 -1.2970961e-06 0)
(0 -1.1786706e-06 0)
(0 -1.0710579e-06 0)
(0 -9.7327059e-07 0)
(0 -8.8441153e-07 0)
(0 -8.036655e-07 0)
(0 -7.3029172e-07 0)
(0 -6.6361704e-07 0)
(0 -6.0302981e-07 0)
(0 -5.4797421e-07 0)
(0 -4.9794518e-07 0)
(0 -4.5248377e-07 0)
(0 -4.1117295e-07 0)
(0 -3.7363377e-07 0)
(0 -3.3952186e-07 0)
(0 -3.0852431e-07 0)
(0 -2.8035677e-07 0)
(0 -2.5476087e-07 0)
(0 -2.3150181e-07 0)
(0 -2.1036624e-07 0)
(0 -1.9116029e-07 0)
(0 -1.7370777e-07 0)
(0 -1.5784861e-07 0)
(0 -1.4343733e-07 0)
(0 -1.3034174e-07 0)
(0 -1.1844171e-07 0)
(0 -1.076281e-07 0)
(0 -9.7801705e-08 0)
(0 -8.8872402e-08 0)
(0 -8.0758282e-08 0)
(0 -7.3384918e-08 0)
(0 -6.6684677e-08 0)
(0 -6.05961e-08 0)
(0 -5.5063339e-08 0)
(0 -5.0035646e-08 0)
(0 -4.5466903e-08 0)
(0 -4.1315203e-08 0)
(0 -3.7542466e-08 0)
(0 -3.4114085e-08 0)
(0 -3.0998614e-08 0)
(0 -2.8167477e-08 0)
(0 -2.5594704e-08 0)
(0 -2.3256697e-08 0)
(0 -2.113201e-08 0)
(0 -1.9201156e-08 0)
(0 -1.7446423e-08 0)
(0 -1.5851716e-08 0)
(0 -1.4402408e-08 0)
(0 -1.3085205e-08 0)
(0 -1.1888025e-08 0)
(0 -1.0799887e-08 0)
(0 -9.8108102e-09 0)
(0 -8.9117223e-09 0)
(0 -8.0943766e-09 0)
(0 -7.3512759e-09 0)
(0 -6.6756042e-09 0)
(0 -6.061164e-09 0)
(0 -5.5023193e-09 0)
(0 -4.9939442e-09 0)
(0 -4.5313756e-09 0)
(0 -4.1103707e-09 0)
(0 -3.7270679e-09 0)
(0 -3.3779512e-09 0)
(0 -3.0598186e-09 0)
(0 -2.7697518e-09 0)
(0 -2.5050904e-09 0)
(0 -2.2634067e-09 0)
(0 -2.042484e-09 0)
(0 -1.8402957e-09 0)
(0 -1.6549874e-09 0)
(0 -1.4848593e-09 0)
(0 -1.3283509e-09 0)
(0 -1.1840268e-09 0)
(0 -1.050563e-09 0)
(0 -9.267354e-10 0)
(0 -8.1140822e-10 0)
(0 -7.0352361e-10 0)
(0 -6.0209201e-10 0)
(0 -5.0618305e-10 0)
(0 -4.14917e-10 0)
(0 -3.2745675e-10 0)
(0 -2.4300006e-10 0)
(0 -1.6077227e-10 0)
(0 -8.0019152e-11 0)
(0 0 0)
(0 -0.00053378208 0)
(0 -0.00065747287 0)
(0 -0.00075799893 0)
(0 -0.00083610361 0)
(0 -0.00089573196 0)
(0 -0.00094109699 0)
(0 -0.00097570371 0)
(0 -0.0010022205 0)
(0 -0.0010226098 0)
(0 -0.0010382971 0)
(0 -0.0010503114 0)
(0 -0.0010593918 0)
(0 -0.0010660656 0)
(0 -0.0010707083 0)
(0 -0.0010735758 0)
(0 -0.0010748218 0)
(0 -0.0010745222 0)
(0 -0.0010726633 0)
(0 -0.0010691272 0)
(0 -0.0010636765 0)
(0 -0.0010559474 0)
(0 -0.0010454204 0)
(0 -0.0010313493 0)
(0 -0.0010127355 0)
(0 -0.00098829513 0)
(0 -0.00095650436 0)
(0 -0.00091600434 0)
(0 -0.00086652024 0)
(0 -0.00080985994 0)
(0 -0.00074937051 0)
(0 -0.00068834824 0)
(0 -0.00062921194 0)
(0 -0.00057339127 0)
(0 -0.00052155873 0)
(0 -0.00047390679 0)
(0 -0.00043035752 0)
(0 -0.00039069569 0)
(0 -0.00035464605 0)
(0 -0.00032191551 0)
(0 -0.00029221531 0)
(0 -0.00026527164 0)
(0 -0.00024083035 0)
(0 -0.00021865827 0)
(0 -0.00019854293 0)
(0 -0.0001802914 0)
(0 -0.00016372892 0)
(0 -0.00014869727 0)
(0 -0.00013505334 0)
(0 -0.00012266761 0)
(0 -0.0001114229 0)
(0 -0.00010121315 0)
(0 -9.1942316e-05 0)
(0 -8.3523428e-05 0)
(0 -7.5877676e-05 0)
(0 -6.8933645e-05 0)
(0 -6.262659e-05 0)
(0 -5.6897807e-05 0)
(0 -5.1694053e-05 0)
(0 -4.696703e-05 0)
(0 -4.2672914e-05 0)
(0 -3.877194e-05 0)
(0 -3.5228017e-05 0)
(0 -3.2008384e-05 0)
(0 -2.9083303e-05 0)
(0 -2.6425771e-05 0)
(0 -2.4011275e-05 0)
(0 -2.1817552e-05 0)
(0 -1.9824386e-05 0)
(0 -1.8013419e-05 0)
(0 -1.6367975e-05 0)
(0 -1.4872909e-05 0)
(0 -1.3514466e-05 0)
(0 -1.2280149e-05 0)
(0 -1.1158607e-05 0)
(0 -1.013953e-05 0)
(0 -9.2135496e-06 0)
(0 -8.3721568e-06 0)
(0 -7.6076201e-06 0)
(0 -6.912916e-06 0)
(0 -6.2816632e-06 0)
(0 -5.7080639e-06 0)
(0 -5.1868508e-06 0)
(0 -4.7132379e-06 0)
(0 -4.2828767e-06 0)
(0 -3.8918164e-06 0)
(0 -3.5364671e-06 0)
(0 -3.213567e-06 0)
(0 -2.9201524e-06 0)
(0 -2.6535303e-06 0)
(0 -2.4112538e-06 0)
(0 -2.1910996e-06 0)
(0 -1.9910474e-06 0)
(0 -1.8092614e-06 0)
(0 -1.6440737e-06 0)
(0 -1.4939686e-06 0)
(0 -1.3575688e-06 0)
(0 -1.2336228e-06 0)
(0 -1.1209935e-06 0)
(0 -1.0186475e-06 0)
(0 -9.2564593e-07 0)
(0 -8.4113555e-07 0)
(0 -7.6434105e-07 0)
(0 -6.9455793e-07 0)
(0 -6.3114602e-07 0)
(0 -5.735236e-07 0)
(0 -5.2116208e-07 0)
(0 -4.7358111e-07 0)
(0 -4.3034424e-07 0)
(0 -3.9105482e-07 0)
(0 -3.5535247e-07 0)
(0 -3.2290967e-07 0)
(0 -2.9342882e-07 0)
(0 -2.666395e-07 0)
(0 -2.4229598e-07 0)
(0 -2.2017495e-07 0)
(0 -2.000735e-07 0)
(0 -1.8180724e-07 0)
(0 -1.6520863e-07 0)
(0 -1.501254e-07 0)
(0 -1.3641921e-07 0)
(0 -1.2396432e-07 0)
(0 -1.1264651e-07 0)
(0 -1.0236194e-07 0)
(0 -9.3016293e-08 0)
(0 -8.4523836e-08 0)
(0 -7.6806673e-08 0)
(0 -6.9794019e-08 0)
(0 -6.3421548e-08 0)
(0 -5.763081e-08 0)
(0 -5.2368689e-08 0)
(0 -4.7586917e-08 0)
(0 -4.3241635e-08 0)
(0 -3.9292984e-08 0)
(0 -3.5704747e-08 0)
(0 -3.2444009e-08 0)
(0 -2.9480862e-08 0)
(0 -2.6788127e-08 0)
(0 -2.4341104e-08 0)
(0 -2.2117349e-08 0)
(0 -2.0096463e-08 0)
(0 -1.8259911e-08 0)
(0 -1.6590846e-08 0)
(0 -1.507396e-08 0)
(0 -1.3695339e-08 0)
(0 -1.2442337e-08 0)
(0 -1.1303462e-08 0)
(0 -1.0268267e-08 0)
(0 -9.3272566e-09 0)
(0 -8.4717998e-09 0)
(0 -7.69405e-09 0)
(0 -6.9868732e-09 0)
(0 -6.343783e-09 0)
(0 -5.7588806e-09 0)
(0 -5.2268011e-09 0)
(0 -4.742664e-09 0)
(0 -4.3020285e-09 0)
(0 -3.9008531e-09 0)
(0 -3.5354579e-09 0)
(0 -3.2024914e-09 0)
(0 -2.8988994e-09 0)
(0 -2.6218974e-09 0)
(0 -2.3689446e-09 0)
(0 -2.1377206e-09 0)
(0 -1.9261047e-09 0)
(0 -1.7321559e-09 0)
(0 -1.5540951e-09 0)
(0 -1.3902891e-09 0)
(0 -1.2392354e-09 0)
(0 -1.0995485e-09 0)
(0 -9.699471e-10 0)
(0 -8.4924246e-10 0)
(0 -7.3632742e-10 0)
(0 -6.3016628e-10 0)
(0 -5.2978528e-10 0)
(0 -4.342637e-10 0)
(0 -3.4272536e-10 0)
(0 -2.5433064e-10 0)
(0 -1.6826874e-10 0)
(0 -8.3750274e-11 0)
(0 0 0)
(0 -0.00058217055 0)
(0 -0.00072991564 0)
(0 -0.00084193129 0)
(0 -0.00092390882 0)
(0 -0.00098365819 0)
(0 -0.0010275735 0)
(0 -0.0010602357 0)
(0 -0.0010848018 0)
(0 -0.0011034366 0)
(0 -0.0011176344 0)
(0 -0.0011284315 0)
(0 -0.001136547 0)
(0 -0.0011424768 0)
(0 -0.0011465752 0)
(0 -0.0011490828 0)
(0 -0.0011501327 0)
(0 -0.0011498077 0)
(0 -0.0011481019 0)
(0 -0.0011448994 0)
(0 -0.0011399487 0)
(0 -0.0011328735 0)
(0 -0.0011231435 0)
(0 -0.0011099199 0)
(0 -0.0010920336 0)
(0 -0.0010678576 0)
(0 -0.0010351408 0)
(0 -0.00099142575 0)
(0 -0.00093557586 0)
(0 -0.00087015495 0)
(0 -0.00080038983 0)
(0 -0.00073090457 0)
(0 -0.00066466241 0)
(0 -0.00060310768 0)
(0 -0.00054670838 0)
(0 -0.00049541274 0)
(0 -0.00044892875 0)
(0 -0.00040687298 0)
(0 -0.00036884376 0)
(0 -0.00033445452 0)
(0 -0.00030334747 0)
(0 -0.00027519755 0)
(0 -0.00024971216 0)
(0 -0.00022662893 0)
(0 -0.00020571291 0)
(0 -0.00018675366 0)
(0 -0.00016956252 0)
(0 -0.00015397017 0)
(0 -0.00013982442 0)
(0 -0.00012698832 0)
(0 -0.00011533846 0)
(0 -0.00010476355 0)
(0 -9.5163079e-05 0)
(0 -8.6446231e-05 0)
(0 -7.8530875e-05 0)
(0 -7.1342683e-05 0)
(0 -6.4814357e-05 0)
(0 -5.8884932e-05 0)
(0 -5.3499158e-05 0)
(0 -4.8606947e-05 0)
(0 -4.4162875e-05 0)
(0 -4.0125738e-05 0)
(0 -3.6458152e-05 0)
(0 -3.3126193e-05 0)
(0 -3.0099069e-05 0)
(0 -2.734883e-05 0)
(0 -2.4850099e-05 0)
(0 -2.2579836e-05 0)
(0 -2.051712e-05 0)
(0 -1.864295e-05 0)
(0 -1.6940071e-05 0)
(0 -1.5392811e-05 0)
(0 -1.3986935e-05 0)
(0 -1.2709511e-05 0)
(0 -1.1548796e-05 0)
(0 -1.0494117e-05 0)
(0 -9.5357835e-06 0)
(0 -8.6649881e-06 0)
(0 -7.8737309e-06 0)
(0 -7.1547436e-06 0)
(0 -6.5014228e-06 0)
(0 -5.9077688e-06 0)
(0 -5.3683305e-06 0)
(0 -4.8781552e-06 0)
(0 -4.4327428e-06 0)
(0 -4.0280045e-06 0)
(0 -3.6602253e-06 0)
(0 -3.3260295e-06 0)
(0 -3.0223499e-06 0)
(0 -2.7463996e-06 0)
(0 -2.4956462e-06 0)
(0 -2.2677887e-06 0)
(0 -2.0607363e-06 0)
(0 -1.872589e-06 0)
(0 -1.7016205e-06 0)
(0 -1.5462623e-06 0)
(0 -1.4050888e-06 0)
(0 -1.2768049e-06 0)
(0 -1.1602336e-06 0)
(0 -1.0543055e-06 0)
(0 -9.5804873e-07 0)
(0 -8.7058031e-07 0)
(0 -7.910978e-07 0)
(0 -7.1887204e-07 0)
(0 -6.5324046e-07 0)
(0 -5.9360101e-07 0)
(0 -5.3940658e-07 0)
(0 -4.9016003e-07 0)
(0 -4.4540962e-07 0)
(0 -4.0474484e-07 0)
(0 -3.6779267e-07 0)
(0 -3.3421415e-07 0)
(0 -3.0370128e-07 0)
(0 -2.7597414e-07 0)
(0 -2.5077841e-07 0)
(0 -2.2788298e-07 0)
(0 -2.0707782e-07 0)
(0 -1.881721e-07 0)
(0 -1.709924e-07 0)
(0 -1.5538114e-07 0)
(0 -1.4119511e-07 0)
(0 -1.283042e-07 0)
(0 -1.1659016e-07 0)
(0 -1.0594555e-07 0)
(0 -9.6272721e-08 0)
(0 -8.7482953e-08 0)
(0 -7.949562e-08 0)
(0 -7.223746e-08 0)
(0 -6.5641895e-08 0)
(0 -5.9648429e-08 0)
(0 -5.4202085e-08 0)
(0 -4.9252908e-08 0)
(0 -4.47555e-08 0)
(0 -4.066861e-08 0)
(0 -3.6954751e-08 0)
(0 -3.3579857e-08 0)
(0 -3.0512972e-08 0)
(0 -2.7725966e-08 0)
(0 -2.5193274e-08 0)
(0 -2.2891666e-08 0)
(0 -2.0800031e-08 0)
(0 -1.8899182e-08 0)
(0 -1.7171684e-08 0)
(0 -1.5601693e-08 0)
(0 -1.4174807e-08 0)
(0 -1.2877938e-08 0)
(0 -1.1699191e-08 0)
(0 -1.0627755e-08 0)
(0 -9.6538e-09 0)
(0 -8.7683941e-09 0)
(0 -7.9634156e-09 0)
(0 -7.2314809e-09 0)
(0 -6.5658763e-09 0)
(0 -5.9604968e-09 0)
(0 -5.4097893e-09 0)
(0 -4.9087028e-09 0)
(0 -4.4526409e-09 0)
(0 -4.0374204e-09 0)
(0 -3.6592329e-09 0)
(0 -3.3146094e-09 0)
(0 -3.0003888e-09 0)
(0 -2.7136891e-09 0)
(0 -2.4518804e-09 0)
(0 -2.2125614e-09 0)
(0 -1.9935369e-09 0)
(0 -1.792798e-09 0)
(0 -1.6085034e-09 0)
(0 -1.4389626e-09 0)
(0 -1.2826206e-09 0)
(0 -1.1380433e-09 0)
(0 -1.0039046e-09 0)
(0 -8.7897412e-10 0)
(0 -7.6210597e-10 0)
(0 -6.5222817e-10 0)
(0 -5.4833287e-10 0)
(0 -4.4946711e-10 0)
(0 -3.5472405e-10 0)
(0 -2.6323466e-10 0)
(0 -1.7415977e-10 0)
(0 -8.668234e-11 0)
(0 0 0)
(0 0 0)
(0 -1.0603661e-06 0)
(0 -2.1200336e-06 0)
(0 -3.1781765e-06 0)
(0 -4.2337203e-06 0)
(0 -5.2852056e-06 0)
(0 -6.3306386e-06 0)
(0 -7.3673212e-06 0)
(0 -8.3916523e-06 0)
(0 -9.3988916e-06 0)
(0 -1.0382869e-05 0)
(0 -1.133562e-05 0)
(0 -1.2246911e-05 0)
(0 -1.3103602e-05 0)
(0 -1.3888762e-05 0)
(0 -1.4580392e-05 0)
(0 -1.5149531e-05 0)
(0 -1.5557384e-05 0)
(0 -1.5750908e-05 0)
(0 -1.5654743e-05 0)
(0 -1.5189191e-05 0)
(0 0 0)
(0 -1.0476669e-06 0)
(0 -2.0936506e-06 0)
(0 -3.1361039e-06 0)
(0 -4.1728558e-06 0)
(0 -5.2012339e-06 0)
(0 -6.2178683e-06 0)
(0 -7.2184686e-06 0)
(0 -8.1975631e-06 0)
(0 -9.1481875e-06 0)
(0 -1.0061504e-05 0)
(0 -1.0926322e-05 0)
(0 -1.1728488e-05 0)
(0 -1.2450056e-05 0)
(0 -1.3068166e-05 0)
(0 -1.3553404e-05 0)
(0 -1.3867364e-05 0)
(0 -1.3958923e-05 0)
(0 -1.3758976e-05 0)
(0 -1.3176655e-05 0)
(0 -1.1049237e-05 0)
(0 0 0)
(0 -1.0357182e-06 0)
(0 -2.0688393e-06 0)
(0 -3.0965685e-06 0)
(0 -4.1157169e-06 0)
(0 -5.1224863e-06 0)
(0 -6.1122303e-06 0)
(0 -7.0791818e-06 0)
(0 -8.0161371e-06 0)
(0 -8.9140771e-06 0)
(0 -9.7617082e-06 0)
(0 -1.0544891e-05 0)
(0 -1.1245911e-05 0)
(0 -1.1842526e-05 0)
(0 -1.2306665e-05 0)
(0 -1.2602581e-05 0)
(0 -1.2684059e-05 0)
(0 -1.248991e-05 0)
(0 -1.1936422e-05 0)
(0 -1.090727e-05 0)
(0 -7.6759867e-06 0)
(0 0 0)
(0 -1.024926e-06 0)
(0 -2.0464269e-06 0)
(0 -3.0608495e-06 0)
(0 -4.0640832e-06 0)
(0 -5.0513101e-06 0)
(0 -6.0167276e-06 0)
(0 -6.9532336e-06 0)
(0 -7.8520598e-06 0)
(0 -8.702337e-06 0)
(0 -9.4905702e-06 0)
(0 -1.0199993e-05 0)
(0 -1.0809757e-05 0)
(0 -1.1293899e-05 0)
(0 -1.1619957e-05 0)
(0 -1.1747076e-05 0)
(0 -1.1623178e-05 0)
(0 -1.1180255e-05 0)
(0 -1.032421e-05 0)
(0 -8.8989198e-06 0)
(0 -5.5823093e-06 0)
(0 0 0)
(0 -1.0156579e-06 0)
(0 -2.0271626e-06 0)
(0 -3.0301059e-06 0)
(0 -4.0195667e-06 0)
(0 -4.9898307e-06 0)
(0 -5.9340792e-06 0)
(0 -6.8440379e-06 0)
(0 -7.7095674e-06 0)
(0 -8.5181817e-06 0)
(0 -9.2544711e-06 0)
(0 -9.8994018e-06 0)
(0 -1.0429455e-05 0)
(0 -1.0815553e-05 0)
(0 -1.1021682e-05 0)
(0 -1.1003094e-05 0)
(0 -1.070385e-05 0)
(0 -1.0053423e-05 0)
(0 -8.9623925e-06 0)
(0 -6.715168e-06 0)
(0 -3.649201e-06 0)
(0 0 0)
(0 -1.0082372e-06 0)
(0 -2.011705e-06 0)
(0 -3.0053565e-06 0)
(0 -3.9835848e-06 0)
(0 -4.9399169e-06 0)
(0 -5.8666749e-06 0)
(0 -6.7545937e-06 0)
(0 -7.592377e-06 0)
(0 -8.3661788e-06 0)
(0 -9.058986e-06 0)
(0 -9.6498806e-06 0)
(0 -1.011315e-05 0)
(0 -1.0417208e-05 0)
(0 -1.0523271e-05 0)
(0 -1.038372e-05 0)
(0 -9.9400773e-06 0)
(0 -9.1208763e-06 0)
(0 -7.841699e-06 0)
(0 -5.0920901e-06 0)
(0 -1.7998241e-06 0)
(0 0 0)
(0 -1.0029376e-06 0)
(0 -2.0006116e-06 0)
(0 -2.9874636e-06 0)
(0 -3.9573367e-06 0)
(0 -4.9031496e-06 0)
(0 -5.8165358e-06 0)
(0 -6.6874359e-06 0)
(0 -7.5036281e-06 0)
(0 -8.2501801e-06 0)
(0 -8.9088038e-06 0)
(0 -9.4570925e-06 0)
(0 -9.8676182e-06 0)
(0 -1.0106866e-05 0)
(0 -1.0133973e-05 0)
(0 -9.8992226e-06 0)
(0 -9.3422688e-06 0)
(0 -8.3902931e-06 0)
(0 -6.9567457e-06 0)
(0 -4.1937059e-06 0)
(0 -8.6729769e-07 0)
(0 0 0)
(0 -9.9997799e-07 0)
(0 -1.994329e-06 0)
(0 -2.9771179e-06 0)
(0 -3.9417833e-06 0)
(0 -4.880796e-06 0)
(0 -5.7852817e-06 0)
(0 -6.6445958e-06 0)
(0 -7.4458343e-06 0)
(0 -8.1732656e-06 0)
(0 -8.8076659e-06 0)
(0 -9.3255407e-06 0)
(0 -9.6982185e-06 0)
(0 -9.8908014e-06 0)
(0 -9.8609506e-06 0)
(0 -9.5574573e-06 0)
(0 -8.9185347e-06 0)
(0 -7.8700254e-06 0)
(0 -6.3246818e-06 0)
(0 -3.5830807e-06 0)
(0 -4.1386697e-07 0)
(0 0 0)
(0 -9.9951965e-07 0)
(0 -1.9931854e-06 0)
(0 -2.9748276e-06 0)
(0 -3.9376319e-06 0)
(0 -4.8737887e-06 0)
(0 -5.7741052e-06 0)
(0 -6.6275688e-06 0)
(0 -7.420846e-06 0)
(0 -8.1377014e-06 0)
(0 -8.7583213e-06 0)
(0 -9.2585265e-06 0)
(0 -9.6088644e-06 0)
(0 -9.7735705e-06 0)
(0 -9.7093791e-06 0)
(0 -9.364111e-06 0)
(0 -8.6749008e-06 0)
(0 -7.5661106e-06 0)
(0 -5.9476756e-06 0)
(0 -3.1863866e-06 0)
(0 0 0)
(0 0 0)
(0 -1.0016629e-06 0)
(0 -1.9973857e-06 0)
(0 -2.9809096e-06 0)
(0 -3.9453239e-06 0)
(0 -4.8827106e-06 0)
(0 -5.7837526e-06 0)
(0 -6.6372919e-06 0)
(0 -7.4298238e-06 0)
(0 -8.1449099e-06 0)
(0 -8.7624965e-06 0)
(0 -9.2581229e-06 0)
(0 -9.6020115e-06 0)
(0 -9.7580308e-06 0)
(0 -9.6825121e-06 0)
(0 -9.3228346e-06 0)
(0 -8.6156222e-06 0)
(0 -7.4846126e-06 0)
(0 -5.8394419e-06 0)
(0 -3.0858484e-06 0)
(0 0 0)
(0 0 0)
(0 -1.0064455e-06 0)
(0 -2.007007e-06 0)
(0 -2.9954841e-06 0)
(0 -3.9650276e-06 0)
(0 -4.9077851e-06 0)
(0 -5.8145115e-06 0)
(0 -6.6741288e-06 0)
(0 -7.4732213e-06 0)
(0 -8.195451e-06 0)
(0 -8.820876e-06 0)
(0 -9.3251583e-06 0)
(0 -9.6786496e-06 0)
(0 -9.845347e-06 0)
(0 -9.781696e-06 0)
(0 -9.4351689e-06 0)
(0 -8.7424649e-06 0)
(0 -7.6273372e-06 0)
(0 -5.9986726e-06 0)
(0 -3.2157548e-06 0)
(0 0 0)
(0 0 0)
(0 -1.0138422e-06 0)
(0 -2.021998e-06 0)
(0 -3.0184725e-06 0)
(0 -3.9966348e-06 0)
(0 -4.948872e-06 0)
(0 -5.8662062e-06 0)
(0 -6.7378636e-06 0)
(0 -7.5507778e-06 0)
(0 -8.2890138e-06 0)
(0 -8.933094e-06 0)
(0 -9.4592088e-06 0)
(0 -9.8382982e-06 0)
(0 -1.003499e-05 0)
(0 -1.0006372e-05 0)
(0 -9.7005503e-06 0)
(0 -9.0549074e-06 0)
(0 -7.9942097e-06 0)
(0 -6.4295252e-06 0)
(0 -3.6464698e-06 0)
(0 -4.2206887e-07 0)
(0 0 0)
(0 -1.0237645e-06 0)
(0 -2.0421791e-06 0)
(0 -3.0495976e-06 0)
(0 -4.0397622e-06 0)
(0 -5.0054688e-06 0)
(0 -5.9381991e-06 0)
(0 -6.8277033e-06 0)
(0 -7.6615207e-06 0)
(0 -8.4244192e-06 0)
(0 -9.0977359e-06 0)
(0 -9.6585979e-06 0)
(0 -1.0079001e-05 0)
(0 -1.0324727e-05 0)
(0 -1.0354058e-05 0)
(0 -1.0116268e-05 0)
(0 -9.5498357e-06 0)
(0 -8.5805832e-06 0)
(0 -7.1202523e-06 0)
(0 -4.2978748e-06 0)
(0 -8.9159764e-07 0)
(0 0 0)
(0 -1.0360625e-06 0)
(0 -2.067245e-06 0)
(0 -3.0883889e-06 0)
(0 -4.0937571e-06 0)
(0 -5.0767187e-06 0)
(0 -6.0293997e-06 0)
(0 -6.9422882e-06 0)
(0 -7.8037778e-06 0)
(0 -8.5996324e-06 0)
(0 -9.3123502e-06 0)
(0 -9.9204042e-06 0)
(0 -1.0397327e-05 0)
(0 -1.0710603e-05 0)
(0 -1.0820324e-05 0)
(0 -1.0677531e-05 0)
(0 -1.0222239e-05 0)
(0 -9.3814574e-06 0)
(0 -8.0696869e-06 0)
(0 -5.2469591e-06 0)
(0 -1.860517e-06 0)
(0 0 0)
(0 -1.0505269e-06 0)
(0 -2.0967698e-06 0)
(0 -3.1341885e-06 0)
(0 -4.1577072e-06 0)
(0 -5.1614227e-06 0)
(0 -6.1382812e-06 0)
(0 -7.0797113e-06 0)
(0 -7.9751993e-06 0)
(0 -8.8117869e-06 0)
(0 -9.5734718e-06 0)
(0 -1.0240479e-05 0)
(0 -1.0788369e-05 0)
(0 -1.118692e-05 0)
(0 -1.1398723e-05 0)
(0 -1.1377347e-05 0)
(0 -1.1064931e-05 0)
(0 -1.0389097e-05 0)
(0 -9.2598863e-06 0)
(0 -6.9455753e-06 0)
(0 -3.7838611e-06 0)
(0 0 0)
(0 -1.0668922e-06 0)
(0 -2.1302135e-06 0)
(0 -3.1861624e-06 0)
(0 -4.2304546e-06 0)
(0 -5.2580584e-06 0)
(0 -6.262903e-06 0)
(0 -7.2375465e-06 0)
(0 -8.1727905e-06 0)
(0 -9.0572216e-06 0)
(0 -9.8766602e-06 0)
(0 -1.0613481e-05 0)
(0 -1.1245765e-05 0)
(0 -1.1746209e-05 0)
(0 -1.2080693e-05 0)
(0 -1.2206311e-05 0)
(0 -1.206851e-05 0)
(0 -1.1596567e-05 0)
(0 -1.0694853e-05 0)
(0 -9.2154842e-06 0)
(0 -5.8416257e-06 0)
(0 0 0)
(0 -1.0848414e-06 0)
(0 -2.16693e-06 0)
(0 -3.2433132e-06 0)
(0 -4.3106146e-06 0)
(0 -5.364804e-06 0)
(0 -6.400941e-06 0)
(0 -7.4128849e-06 0)
(0 -8.3929557e-06 0)
(0 -9.3315304e-06 0)
(0 -1.0216553e-05 0)
(0 -1.1032927e-05 0)
(0 -1.1761735e-05 0)
(0 -1.237923e-05 0)
(0 -1.2855445e-05 0)
(0 -1.3152228e-05 0)
(0 -1.3220243e-05 0)
(0 -1.2994088e-05 0)
(0 -1.2383838e-05 0)
(0 -1.1262368e-05 0)
(0 -8.7286937e-06 0)
(0 0 0)
(0 -1.1040103e-06 0)
(0 -2.2061785e-06 0)
(0 -3.3044958e-06 0)
(0 -4.3965971e-06 0)
(0 -5.4795668e-06 0)
(0 -6.5497244e-06 0)
(0 -7.6023805e-06 0)
(0 -8.631553e-06 0)
(0 -9.629627e-06 0)
(0 -1.0586942e-05 0)
(0 -1.149127e-05 0)
(0 -1.2327154e-05 0)
(0 -1.307501e-05 0)
(0 -1.3709901e-05 0)
(0 -1.4199739e-05 0)
(0 -1.4502513e-05 0)
(0 -1.4561769e-05 0)
(0 -1.4298727e-05 0)
(0 -1.359771e-05 0)
(0 -1.237556e-05 0)
(0 0 0)
(0 -1.1239939e-06 0)
(0 -2.2471341e-06 0)
(0 -3.3684363e-06 0)
(0 -4.4866326e-06 0)
(0 -5.6000173e-06 0)
(0 -6.7062781e-06 0)
(0 -7.8023035e-06 0)
(0 -8.8839597e-06 0)
(0 -9.945824e-06 0)
(0 -1.098086e-05 0)
(0 -1.198001e-05 0)
(0 -1.2931666e-05 0)
(0 -1.3820959e-05 0)
(0 -1.4628775e-05 0)
(0 -1.5330309e-05 0)
(0 -1.5892861e-05 0)
(0 -1.6272318e-05 0)
(0 -1.6407291e-05 0)
(0 -1.620895e-05 0)
(0 -1.5601927e-05 0)
(0 0 0)
(0 -1.1481397e-06 0)
(0 -2.2966736e-06 0)
(0 -3.4459145e-06 0)
(0 -4.5959812e-06 0)
(0 -5.7466979e-06 0)
(0 -6.8974815e-06 0)
(0 -8.0472161e-06 0)
(0 -9.194108e-06 0)
(0 -1.0335516e-05 0)
(0 -1.1467743e-05 0)
(0 -1.2585785e-05 0)
(0 -1.3682993e-05 0)
(0 -1.4750645e-05 0)
(0 -1.5777335e-05 0)
(0 -1.6748123e-05 0)
(0 -1.7643297e-05 0)
(0 -1.8436574e-05 0)
(0 -1.9092595e-05 0)
(0 -1.9563945e-05 0)
(0 -1.9761653e-05 0)
(0 0 0)
(0 -1.0603661e-06 0)
(0 -2.1200336e-06 0)
(0 -3.1781765e-06 0)
(0 -4.2337203e-06 0)
(0 -5.2852056e-06 0)
(0 -6.3306386e-06 0)
(0 -7.3673212e-06 0)
(0 -8.3916523e-06 0)
(0 -9.3988916e-06 0)
(0 -1.0382869e-05 0)
(0 -1.133562e-05 0)
(0 -1.2246911e-05 0)
(0 -1.3103602e-05 0)
(0 -1.3888762e-05 0)
(0 -1.4580392e-05 0)
(0 -1.5149531e-05 0)
(0 -1.5557384e-05 0)
(0 -1.5750908e-05 0)
(0 -1.5654743e-05 0)
(0 -1.5189188e-05 0)
(0 0 0)
(0 -1.0476669e-06 0)
(0 -2.0936506e-06 0)
(0 -3.1361039e-06 0)
(0 -4.1728558e-06 0)
(0 -5.2012339e-06 0)
(0 -6.2178683e-06 0)
(0 -7.2184686e-06 0)
(0 -8.1975631e-06 0)
(0 -9.1481875e-06 0)
(0 -1.0061504e-05 0)
(0 -1.0926322e-05 0)
(0 -1.1728488e-05 0)
(0 -1.2450056e-05 0)
(0 -1.3068166e-05 0)
(0 -1.3553404e-05 0)
(0 -1.3867364e-05 0)
(0 -1.3958923e-05 0)
(0 -1.3758976e-05 0)
(0 -1.3176654e-05 0)
(0 -1.1049151e-05 0)
(0 0 0)
(0 -1.0357182e-06 0)
(0 -2.0688393e-06 0)
(0 -3.0965685e-06 0)
(0 -4.1157169e-06 0)
(0 -5.1224863e-06 0)
(0 -6.1122303e-06 0)
(0 -7.0791818e-06 0)
(0 -8.0161371e-06 0)
(0 -8.9140771e-06 0)
(0 -9.7617082e-06 0)
(0 -1.0544891e-05 0)
(0 -1.1245911e-05 0)
(0 -1.1842526e-05 0)
(0 -1.2306665e-05 0)
(0 -1.2602581e-05 0)
(0 -1.2684059e-05 0)
(0 -1.248991e-05 0)
(0 -1.1936422e-05 0)
(0 -1.0907268e-05 0)
(0 -7.6751128e-06 0)
(0 0 0)
(0 -1.024926e-06 0)
(0 -2.0464269e-06 0)
(0 -3.0608495e-06 0)
(0 -4.0640832e-06 0)
(0 -5.0513101e-06 0)
(0 -6.0167276e-06 0)
(0 -6.9532336e-06 0)
(0 -7.8520598e-06 0)
(0 -8.702337e-06 0)
(0 -9.4905702e-06 0)
(0 -1.0199993e-05 0)
(0 -1.0809757e-05 0)
(0 -1.1293899e-05 0)
(0 -1.1619957e-05 0)
(0 -1.1747076e-05 0)
(0 -1.1623178e-05 0)
(0 -1.1180255e-05 0)
(0 -1.0324211e-05 0)
(0 -8.8989135e-06 0)
(0 -5.5761761e-06 0)
(0 0 0)
(0 -1.0156579e-06 0)
(0 -2.0271626e-06 0)
(0 -3.0301059e-06 0)
(0 -4.0195667e-06 0)
(0 -4.9898307e-06 0)
(0 -5.9340792e-06 0)
(0 -6.8440379e-06 0)
(0 -7.7095674e-06 0)
(0 -8.5181817e-06 0)
(0 -9.2544711e-06 0)
(0 -9.8994018e-06 0)
(0 -1.0429455e-05 0)
(0 -1.0815553e-05 0)
(0 -1.1021682e-05 0)
(0 -1.1003094e-05 0)
(0 -1.070385e-05 0)
(0 -1.0053423e-05 0)
(0 -8.9623925e-06 0)
(0 -6.7150945e-06 0)
(0 -3.6380951e-06 0)
(0 0 0)
(0 -1.0082372e-06 0)
(0 -2.011705e-06 0)
(0 -3.0053565e-06 0)
(0 -3.9835848e-06 0)
(0 -4.9399169e-06 0)
(0 -5.8666749e-06 0)
(0 -6.7545937e-06 0)
(0 -7.592377e-06 0)
(0 -8.3661788e-06 0)
(0 -9.058986e-06 0)
(0 -9.6498806e-06 0)
(0 -1.011315e-05 0)
(0 -1.0417208e-05 0)
(0 -1.0523271e-05 0)
(0 -1.038372e-05 0)
(0 -9.9400773e-06 0)
(0 -9.1208763e-06 0)
(0 -7.8416995e-06 0)
(0 -5.0920015e-06 0)
(0 -1.7984772e-06 0)
(0 0 0)
(0 -1.0029376e-06 0)
(0 -2.0006116e-06 0)
(0 -2.9874636e-06 0)
(0 -3.9573367e-06 0)
(0 -4.9031496e-06 0)
(0 -5.8165358e-06 0)
(0 -6.6874359e-06 0)
(0 -7.5036281e-06 0)
(0 -8.2501801e-06 0)
(0 -8.9088038e-06 0)
(0 -9.4570925e-06 0)
(0 -9.8676182e-06 0)
(0 -1.0106866e-05 0)
(0 -1.0133973e-05 0)
(0 -9.8992226e-06 0)
(0 -9.3422688e-06 0)
(0 -8.3902931e-06 0)
(0 -6.9567456e-06 0)
(0 -4.1937125e-06 0)
(0 -8.6685348e-07 0)
(0 0 0)
(0 -9.9997799e-07 0)
(0 -1.994329e-06 0)
(0 -2.9771179e-06 0)
(0 -3.9417833e-06 0)
(0 -4.880796e-06 0)
(0 -5.7852817e-06 0)
(0 -6.6445958e-06 0)
(0 -7.4458343e-06 0)
(0 -8.1732656e-06 0)
(0 -8.8076659e-06 0)
(0 -9.3255407e-06 0)
(0 -9.6982185e-06 0)
(0 -9.8908014e-06 0)
(0 -9.8609506e-06 0)
(0 -9.5574573e-06 0)
(0 -8.9185347e-06 0)
(0 -7.8700254e-06 0)
(0 -6.3246822e-06 0)
(0 -3.5830997e-06 0)
(0 -4.1397425e-07 0)
(0 0 0)
(0 -9.9951965e-07 0)
(0 -1.9931854e-06 0)
(0 -2.9748276e-06 0)
(0 -3.9376319e-06 0)
(0 -4.8737887e-06 0)
(0 -5.7741052e-06 0)
(0 -6.6275688e-06 0)
(0 -7.420846e-06 0)
(0 -8.1377014e-06 0)
(0 -8.7583213e-06 0)
(0 -9.2585265e-06 0)
(0 -9.6088644e-06 0)
(0 -9.7735705e-06 0)
(0 -9.7093791e-06 0)
(0 -9.364111e-06 0)
(0 -8.6749008e-06 0)
(0 -7.5661106e-06 0)
(0 -5.9476762e-06 0)
(0 -3.1863393e-06 0)
(0 0 0)
(0 0 0)
(0 -1.0016629e-06 0)
(0 -1.9973857e-06 0)
(0 -2.9809096e-06 0)
(0 -3.9453239e-06 0)
(0 -4.8827106e-06 0)
(0 -5.7837526e-06 0)
(0 -6.6372919e-06 0)
(0 -7.4298238e-06 0)
(0 -8.1449099e-06 0)
(0 -8.7624965e-06 0)
(0 -9.2581229e-06 0)
(0 -9.6020115e-06 0)
(0 -9.7580308e-06 0)
(0 -9.6825121e-06 0)
(0 -9.3228346e-06 0)
(0 -8.6156222e-06 0)
(0 -7.4846126e-06 0)
(0 -5.8394426e-06 0)
(0 -3.0857661e-06 0)
(0 0 0)
(0 0 0)
(0 -1.0064455e-06 0)
(0 -2.007007e-06 0)
(0 -2.9954841e-06 0)
(0 -3.9650276e-06 0)
(0 -4.9077851e-06 0)
(0 -5.8145115e-06 0)
(0 -6.6741288e-06 0)
(0 -7.4732213e-06 0)
(0 -8.195451e-06 0)
(0 -8.820876e-06 0)
(0 -9.3251583e-06 0)
(0 -9.6786496e-06 0)
(0 -9.845347e-06 0)
(0 -9.781696e-06 0)
(0 -9.4351689e-06 0)
(0 -8.7424649e-06 0)
(0 -7.6273372e-06 0)
(0 -5.9986734e-06 0)
(0 -3.2156881e-06 0)
(0 0 0)
(0 0 0)
(0 -1.0138422e-06 0)
(0 -2.021998e-06 0)
(0 -3.0184725e-06 0)
(0 -3.9966348e-06 0)
(0 -4.948872e-06 0)
(0 -5.8662062e-06 0)
(0 -6.7378636e-06 0)
(0 -7.5507778e-06 0)
(0 -8.2890138e-06 0)
(0 -8.933094e-06 0)
(0 -9.4592088e-06 0)
(0 -9.8382982e-06 0)
(0 -1.003499e-05 0)
(0 -1.0006372e-05 0)
(0 -9.7005503e-06 0)
(0 -9.0549074e-06 0)
(0 -7.9942097e-06 0)
(0 -6.4295257e-06 0)
(0 -3.6464965e-06 0)
(0 -4.2217454e-07 0)
(0 0 0)
(0 -1.0237645e-06 0)
(0 -2.0421791e-06 0)
(0 -3.0495976e-06 0)
(0 -4.0397622e-06 0)
(0 -5.0054688e-06 0)
(0 -5.9381991e-06 0)
(0 -6.8277033e-06 0)
(0 -7.6615207e-06 0)
(0 -8.4244192e-06 0)
(0 -9.0977359e-06 0)
(0 -9.6585979e-06 0)
(0 -1.0079001e-05 0)
(0 -1.0324727e-05 0)
(0 -1.0354058e-05 0)
(0 -1.0116268e-05 0)
(0 -9.5498357e-06 0)
(0 -8.5805832e-06 0)
(0 -7.1202522e-06 0)
(0 -4.2979535e-06 0)
(0 -8.9126229e-07 0)
(0 0 0)
(0 -1.0360625e-06 0)
(0 -2.067245e-06 0)
(0 -3.0883889e-06 0)
(0 -4.0937571e-06 0)
(0 -5.0767187e-06 0)
(0 -6.0293997e-06 0)
(0 -6.9422882e-06 0)
(0 -7.8037778e-06 0)
(0 -8.5996324e-06 0)
(0 -9.3123502e-06 0)
(0 -9.9204042e-06 0)
(0 -1.0397327e-05 0)
(0 -1.0710603e-05 0)
(0 -1.0820324e-05 0)
(0 -1.0677531e-05 0)
(0 -1.0222239e-05 0)
(0 -9.3814574e-06 0)
(0 -8.0696874e-06 0)
(0 -5.2471244e-06 0)
(0 -1.8608126e-06 0)
(0 0 0)
(0 -1.0505269e-06 0)
(0 -2.0967698e-06 0)
(0 -3.1341885e-06 0)
(0 -4.1577072e-06 0)
(0 -5.1614227e-06 0)
(0 -6.1382812e-06 0)
(0 -7.0797113e-06 0)
(0 -7.9751993e-06 0)
(0 -8.8117869e-06 0)
(0 -9.5734718e-06 0)
(0 -1.0240479e-05 0)
(0 -1.0788369e-05 0)
(0 -1.118692e-05 0)
(0 -1.1398723e-05 0)
(0 -1.1377347e-05 0)
(0 -1.1064931e-05 0)
(0 -1.0389097e-05 0)
(0 -9.2598865e-06 0)
(0 -6.9456933e-06 0)
(0 -3.7949088e-06 0)
(0 0 0)
(0 -1.0668922e-06 0)
(0 -2.1302135e-06 0)
(0 -3.1861624e-06 0)
(0 -4.2304546e-06 0)
(0 -5.2580584e-06 0)
(0 -6.262903e-06 0)
(0 -7.2375465e-06 0)
(0 -8.1727905e-06 0)
(0 -9.0572216e-06 0)
(0 -9.8766602e-06 0)
(0 -1.0613481e-05 0)
(0 -1.1245765e-05 0)
(0 -1.1746209e-05 0)
(0 -1.2080693e-05 0)
(0 -1.2206311e-05 0)
(0 -1.206851e-05 0)
(0 -1.1596567e-05 0)
(0 -1.0694853e-05 0)
(0 -9.2154849e-06 0)
(0 -5.8480757e-06 0)
(0 0 0)
(0 -1.0848414e-06 0)
(0 -2.16693e-06 0)
(0 -3.2433132e-06 0)
(0 -4.3106146e-06 0)
(0 -5.364804e-06 0)
(0 -6.400941e-06 0)
(0 -7.4128849e-06 0)
(0 -8.3929557e-06 0)
(0 -9.3315304e-06 0)
(0 -1.0216553e-05 0)
(0 -1.1032927e-05 0)
(0 -1.1761735e-05 0)
(0 -1.237923e-05 0)
(0 -1.2855445e-05 0)
(0 -1.3152228e-05 0)
(0 -1.3220243e-05 0)
(0 -1.2994088e-05 0)
(0 -1.2383838e-05 0)
(0 -1.1262369e-05 0)
(0 -8.7295065e-06 0)
(0 0 0)
(0 -1.1040103e-06 0)
(0 -2.2061785e-06 0)
(0 -3.3044958e-06 0)
(0 -4.3965971e-06 0)
(0 -5.4795668e-06 0)
(0 -6.5497244e-06 0)
(0 -7.6023805e-06 0)
(0 -8.631553e-06 0)
(0 -9.629627e-06 0)
(0 -1.0586942e-05 0)
(0 -1.149127e-05 0)
(0 -1.2327154e-05 0)
(0 -1.307501e-05 0)
(0 -1.3709901e-05 0)
(0 -1.4199739e-05 0)
(0 -1.4502513e-05 0)
(0 -1.4561769e-05 0)
(0 -1.4298727e-05 0)
(0 -1.3597711e-05 0)
(0 -1.2375553e-05 0)
(0 0 0)
(0 -1.1239939e-06 0)
(0 -2.2471341e-06 0)
(0 -3.3684363e-06 0)
(0 -4.4866326e-06 0)
(0 -5.6000173e-06 0)
(0 -6.7062781e-06 0)
(0 -7.8023035e-06 0)
(0 -8.8839597e-06 0)
(0 -9.945824e-06 0)
(0 -1.098086e-05 0)
(0 -1.198001e-05 0)
(0 -1.2931666e-05 0)
(0 -1.3820959e-05 0)
(0 -1.4628775e-05 0)
(0 -1.5330309e-05 0)
(0 -1.5892861e-05 0)
(0 -1.6272318e-05 0)
(0 -1.6407291e-05 0)
(0 -1.620895e-05 0)
(0 -1.5601932e-05 0)
(0 0 0)
(0 -1.1481397e-06 0)
(0 -2.2966736e-06 0)
(0 -3.4459145e-06 0)
(0 -4.5959812e-06 0)
(0 -5.7466979e-06 0)
(0 -6.8974815e-06 0)
(0 -8.0472161e-06 0)
(0 -9.194108e-06 0)
(0 -1.0335516e-05 0)
(0 -1.1467743e-05 0)
(0 -1.2585785e-05 0)
(0 -1.3682993e-05 0)
(0 -1.4750645e-05 0)
(0 -1.5777335e-05 0)
(0 -1.6748123e-05 0)
(0 -1.7643297e-05 0)
(0 -1.8436574e-05 0)
(0 -1.9092595e-05 0)
(0 -1.9563945e-05 0)
(0 -1.9761653e-05 0)
(0 -1.3302424e-05 0)
(0 -1.0509062e-05 0)
(0 -8.3076811e-06 0)
(0 -5.1883171e-06 0)
(0 -2.0515867e-06 0)
(0 -1.6442962e-05 0)
(0 -5.3011151e-05 0)
(0 -0.00012385535 0)
(0 -0.00021563098 0)
(0 -0.0003183895 0)
(0 -0.00043188405 0)
(0 -8.4350583e-06 0)
(0 -6.1516102e-06 0)
(0 -2.8228528e-06 0)
(0 0 0)
(0 0 0)
(0 -5.0663084e-05 0)
(0 -0.00015019122 0)
(0 -0.00025015063 0)
(0 -0.0003938603 0)
(0 -5.1615314e-06 0)
(0 -2.1920605e-06 0)
(0 -6.6041341e-05 0)
(0 -0.00019528818 0)
(0 -0.00036553768 0)
(0 -2.4160707e-06 0)
(0 0 0)
(0 0 0)
(0 -0.00012801348 0)
(0 -0.00036477334 0)
(0 -7.2938744e-07 0)
(0 -5.4902166e-05 0)
(0 -0.00033193472 0)
(0 -0.00027434916 0)
(0 -0.00028403774 0)
(0 -0.001 0)
(0 -0.001 0)
(0 -0.00022751219 0)
(0 -0.00023468667 0)
(0 -8.210684e-07 0)
(0 -4.8143489e-05 0)
(0 -0.00029753312 0)
(0 -2.5699571e-06 0)
(0 0 0)
(0 0 0)
(0 -0.00012147155 0)
(0 -0.00033257697 0)
(0 -5.8633138e-06 0)
(0 -2.3551221e-06 0)
(0 -6.0238895e-05 0)
(0 -0.00017757775 0)
(0 -0.00033674216 0)
(0 -1.0051622e-05 0)
(0 -6.8795394e-06 0)
(0 -2.9390898e-06 0)
(0 0 0)
(0 0 0)
(0 -4.6337343e-05 0)
(0 -0.00013875211 0)
(0 -0.00023183131 0)
(0 -0.00036601271 0)
(0 -1.4743037e-05 0)
(0 -1.136301e-05 0)
(0 -8.5582494e-06 0)
(0 -5.3293405e-06 0)
(0 -2.1001035e-06 0)
(0 -1.4323992e-05 0)
(0 -5.2027563e-05 0)
(0 -0.00010654995 0)
(0 -0.00018752608 0)
(0 -0.00029826551 0)
(0 -0.00040572103 0)
(0 -1.9730553e-05 0)
(0 -1.7665777e-05 0)
(0 -1.587292e-05 0)
(0 -1.4984855e-05 0)
(0 -1.2335194e-05 0)
(0 -8.0621139e-06 0)
(0 -5.151103e-06 0)
(0 -3.3957636e-06 0)
(0 0 0)
(0 0 0)
(0 0 0)
(0 -7.1147188e-06 0)
(0 -1.5884005e-05 0)
(0 -3.4459492e-05 0)
(0 -7.2435209e-05 0)
(0 -0.00011194225 0)
(0 -0.00015588568 0)
(0 -0.00022635896 0)
(0 -0.00031425882 0)
(0 -0.00040288495 0)
(0 -1.3302412e-05 0)
(0 -1.0508583e-05 0)
(0 -8.3039579e-06 0)
(0 -5.1680422e-06 0)
(0 -2.1733052e-06 0)
(0 -1.5308591e-05 0)
(0 -5.3169046e-05 0)
(0 -0.00012387393 0)
(0 -0.00021563559 0)
(0 -0.00031838877 0)
(0 -0.00043188386 0)
(0 -8.4348807e-06 0)
(0 -6.1509684e-06 0)
(0 -2.8209419e-06 0)
(0 0 0)
(0 0 0)
(0 -5.0642001e-05 0)
(0 -0.00015018285 0)
(0 -0.00025015412 0)
(0 -0.00039388051 0)
(0 -5.1600476e-06 0)
(0 -2.1906922e-06 0)
(0 -6.6010485e-05 0)
(0 -0.00019528378 0)
(0 -0.00036555313 0)
(0 -2.4075666e-06 0)
(0 0 0)
(0 0 0)
(0 -0.00012800353 0)
(0 -0.00036482347 0)
(0 -7.7949513e-07 0)
(0 -5.483693e-05 0)
(0 -0.00033234453 0)
(0 -0.0002765478 0)
(0 -0.00030827765 0)
(0 -0.001 0)
(0 -0.001 0)
(0 -0.00022733517 0)
(0 -0.00023459973 0)
(0 -7.6481734e-07 0)
(0 -4.8108144e-05 0)
(0 -0.0002975567 0)
(0 -2.5778203e-06 0)
(0 0 0)
(0 0 0)
(0 -0.00011490525 0)
(0 -0.00033281751 0)
(0 -5.8641007e-06 0)
(0 -2.3540863e-06 0)
(0 -6.0298276e-05 0)
(0 -0.00017805597 0)
(0 -0.00033689896 0)
(0 -1.0051759e-05 0)
(0 -6.8790838e-06 0)
(0 -2.9377285e-06 0)
(0 0 0)
(0 0 0)
(0 -4.6398083e-05 0)
(0 -0.00013878415 0)
(0 -0.000231898 0)
(0 -0.00036602808 0)
(0 -1.4743032e-05 0)
(0 -1.1363111e-05 0)
(0 -8.5579604e-06 0)
(0 -5.3283413e-06 0)
(0 -2.0956518e-06 0)
(0 -1.4299202e-05 0)
(0 -4.8692016e-05 0)
(0 -0.00010680246 0)
(0 -0.00018756153 0)
(0 -0.00029826627 0)
(0 -0.00040572109 0)
(0 -1.9730557e-05 0)
(0 -1.766577e-05 0)
(0 -1.5872928e-05 0)
(0 -1.4984757e-05 0)
(0 -1.2334129e-05 0)
(0 -8.0599601e-06 0)
(0 -5.1487096e-06 0)
(0 -3.3877883e-06 0)
(0 0 0)
(0 0 0)
(0 0 0)
(0 -7.1009745e-06 0)
(0 -1.5874461e-05 0)
(0 -3.4450314e-05 0)
(0 -7.2438812e-05 0)
(0 -0.00011204008 0)
(0 -0.00015595884 0)
(0 -0.0002263716 0)
(0 -0.00031425904 0)
(0 -0.00040288495 0)
(0 -0.00062159419 0)
(0 -0.00078785145 0)
(0 -0.00090647273 0)
(0 -0.00098912308 0)
(0 -0.0010472604 0)
(0 -0.0010889405 0)
(0 -0.0011194053 0)
(0 -0.0011420397 0)
(0 -0.0011590623 0)
(0 -0.001171956 0)
(0 -0.0011817232 0)
(0 -0.0011890428 0)
(0 -0.0011943679 0)
(0 -0.0011980293 0)
(0 -0.0012002543 0)
(0 -0.0012011491 0)
(0 -0.0012008096 0)
(0 -0.0011992409 0)
(0 -0.0011963347 0)
(0 -0.0011918293 0)
(0 -0.0011853487 0)
(0 -0.001176393 0)
(0 -0.0011640691 0)
(0 -0.0011471229 0)
(0 -0.0011237228 0)
(0 -0.0010910023 0)
(0 -0.0010453687 0)
(0 -0.00098454998 0)
(0 -0.00091187852 0)
(0 -0.00083463808 0)
(0 -0.00075864117 0)
(0 -0.00068720083 0)
(0 -0.00062163973 0)
(0 -0.00056216891 0)
(0 -0.00050849542 0)
(0 -0.00046014048 0)
(0 -0.00041658558 0)
(0 -0.00037733354 0)
(0 -0.00034193035 0)
(0 -0.00030997015 0)
(0 -0.0002810932 0)
(0 -0.00025498148 0)
(0 -0.00023135363 0)
(0 -0.00020996036 0)
(0 -0.00019058016 0)
(0 -0.0001730157 0)
(0 -0.00015709079 0)
(0 -0.00014264768 0)
(0 -0.00012954488 0)
(0 -0.00011765523 0)
(0 -0.00010686425 0)
(0 -9.7068787e-05 0)
(0 -8.8175709e-05 0)
(0 -8.0100904e-05 0)
(0 -7.2768315e-05 0)
(0 -6.6109128e-05 0)
(0 -6.0061038e-05 0)
(0 -5.4567607e-05 0)
(0 -4.9577686e-05 0)
(0 -4.5044906e-05 0)
(0 -4.0927214e-05 0)
(0 -3.7186462e-05 0)
(0 -3.3788038e-05 0)
(0 -3.0700529e-05 0)
(0 -2.7895424e-05 0)
(0 -2.5346837e-05 0)
(0 -2.303127e-05 0)
(0 -2.0927382e-05 0)
(0 -1.9015796e-05 0)
(0 -1.7278913e-05 0)
(0 -1.5700749e-05 0)
(0 -1.4266787e-05 0)
(0 -1.2963838e-05 0)
(0 -1.1779924e-05 0)
(0 -1.0704163e-05 0)
(0 -9.7266682e-06 0)
(0 -8.8384588e-06 0)
(0 -8.0313755e-06 0)
(0 -7.2980053e-06 0)
(0 -6.6316132e-06 0)
(0 -6.02608e-06 0)
(0 -5.475846e-06 0)
(0 -4.9758596e-06 0)
(0 -4.5215311e-06 0)
(0 -4.1086901e-06 0)
(0 -3.7335473e-06 0)
(0 -3.3926598e-06 0)
(0 -3.0828991e-06 0)
(0 -2.8014225e-06 0)
(0 -2.5456471e-06 0)
(0 -2.3132258e-06 0)
(0 -2.102026e-06 0)
(0 -1.9101099e-06 0)
(0 -1.7357165e-06 0)
(0 -1.577246e-06 0)
(0 -1.4332442e-06 0)
(0 -1.3023902e-06 0)
(0 -1.1834834e-06 0)
(0 -1.0754329e-06 0)
(0 -9.7724749e-07 0)
(0 -8.8802646e-07 0)
(0 -8.0695132e-07 0)
(0 -7.3327831e-07 0)
(0 -6.6633159e-07 0)
(0 -6.0549705e-07 0)
(0 -5.5021662e-07 0)
(0 -4.999832e-07 0)
(0 -4.5433602e-07 0)
(0 -4.1285633e-07 0)
(0 -3.7516364e-07 0)
(0 -3.4091221e-07 0)
(0 -3.0978784e-07 0)
(0 -2.8150504e-07 0)
(0 -2.5580437e-07 0)
(0 -2.324501e-07 0)
(0 -2.1122798e-07 0)
(0 -1.9194337e-07 0)
(0 -1.7441937e-07 0)
(0 -1.5849524e-07 0)
(0 -1.4402491e-07 0)
(0 -1.3087565e-07 0)
(0 -1.1892684e-07 0)
(0 -1.0806889e-07 0)
(0 -9.8202206e-08 0)
(0 -8.9236277e-08 0)
(0 -8.1088865e-08 0)
(0 -7.3685239e-08 0)
(0 -6.6957488e-08 0)
(0 -6.0843901e-08 0)
(0 -5.5288403e-08 0)
(0 -5.0240035e-08 0)
(0 -4.5652491e-08 0)
(0 -4.1483692e-08 0)
(0 -3.76954e-08 0)
(0 -3.4252866e-08 0)
(0 -3.1124515e-08 0)
(0 -2.8281652e-08 0)
(0 -2.56982e-08 0)
(0 -2.3350463e-08 0)
(0 -2.1216907e-08 0)
(0 -1.9277961e-08 0)
(0 -1.7515841e-08 0)
(0 -1.5914384e-08 0)
(0 -1.44589e-08 0)
(0 -1.3136039e-08 0)
(0 -1.1933668e-08 0)
(0 -1.0840757e-08 0)
(0 -9.8472827e-09 0)
(0 -8.9441314e-09 0)
(0 -8.1230194e-09 0)
(0 -7.3764152e-09 0)
(0 -6.6974705e-09 0)
(0 -6.0799579e-09 0)
(0 -5.5182131e-09 0)
(0 -5.0070837e-09 0)
(0 -4.5418813e-09 0)
(0 -4.118339e-09 0)
(0 -3.7325718e-09 0)
(0 -3.3810412e-09 0)
(0 -3.060523e-09 0)
(0 -2.7680772e-09 0)
(0 -2.5010214e-09 0)
(0 -2.2569059e-09 0)
(0 -2.0334917e-09 0)
(0 -1.8287295e-09 0)
(0 -1.6407412e-09 0)
(0 -1.4678025e-09 0)
(0 -1.308327e-09 0)
(0 -1.1608521e-09 0)
(0 -1.024025e-09 0)
(0 -8.9659065e-10 0)
(0 -7.7738021e-10 0)
(0 -6.6530022e-10 0)
(0 -5.5932264e-10 0)
(0 -4.584754e-10 0)
(0 -3.6183348e-10 0)
(0 -2.6851045e-10 0)
(0 -1.776503e-10 0)
(0 -8.8419641e-11 0)
(0 0 0)
(0 -0.00066146891 0)
(0 -0.00084376112 0)
(0 -0.00096600372 0)
(0 -0.0010473205 0)
(0 -0.0011027752 0)
(0 -0.0011417206 0)
(0 -0.0011697923 0)
(0 -0.0011904498 0)
(0 -0.0012058844 0)
(0 -0.0012175267 0)
(0 -0.0012263248 0)
(0 -0.0012329075 0)
(0 -0.001237675 0)
(0 -0.0012409355 0)
(0 -0.0012429079 0)
(0 -0.0012436576 0)
(0 -0.001243305 0)
(0 -0.0012418683 0)
(0 -0.0012392521 0)
(0 -0.0012351796 0)
(0 -0.0012292772 0)
(0 -0.0012211149 0)
(0 -0.0012097494 0)
(0 -0.0011938922 0)
(0 -0.0011716176 0)
(0 -0.0011394937 0)
(0 -0.0010926394 0)
(0 -0.0010271282 0)
(0 -0.0009472122 0)
(0 -0.00086279027 0)
(0 -0.00078083451 0)
(0 -0.00070486202 0)
(0 -0.00063594579 0)
(0 -0.00057398061 0)
(0 -0.00051841937 0)
(0 -0.00046860349 0)
(0 -0.0004238921 0)
(0 -0.00038370509 0)
(0 -0.0003475317 0)
(0 -0.0003149266 0)
(0 -0.00028550208 0)
(0 -0.00025891987 0)
(0 -0.00023488374 0)
(0 -0.0002131332 0)
(0 -0.0001934382 0)
(0 -0.00017559478 0)
(0 -0.00015942149 0)
(0 -0.00014475636 0)
(0 -0.00013145448 0)
(0 -0.00011938585 0)
(0 -0.00010843361 0)
(0 -9.8492606e-05 0)
(0 -8.9467985e-05 0)
(0 -8.1274153e-05 0)
(0 -7.3833764e-05 0)
(0 -6.7076868e-05 0)
(0 -6.0940165e-05 0)
(0 -5.5366329e-05 0)
(0 -5.0303425e-05 0)
(0 -4.5704376e-05 0)
(0 -4.1526499e-05 0)
(0 -3.7731076e-05 0)
(0 -3.4282982e-05 0)
(0 -3.1150343e-05 0)
(0 -2.8304226e-05 0)
(0 -2.5718371e-05 0)
(0 -2.3368933e-05 0)
(0 -2.1234263e-05 0)
(0 -1.9294701e-05 0)
(0 -1.7532391e-05 0)
(0 -1.5931117e-05 0)
(0 -1.447615e-05 0)
(0 -1.3154111e-05 0)
(0 -1.1952846e-05 0)
(0 -1.0861314e-05 0)
(0 -9.8694866e-06 0)
(0 -8.9682508e-06 0)
(0 -8.1493284e-06 0)
(0 -7.4051984e-06 0)
(0 -6.7290274e-06 0)
(0 -6.1146069e-06 0)
(0 -5.5562959e-06 0)
(0 -5.0489691e-06 0)
(0 -4.5879696e-06 0)
(0 -4.1690661e-06 0)
(0 -3.7884138e-06 0)
(0 -3.4425193e-06 0)
(0 -3.1282083e-06 0)
(0 -2.8425966e-06 0)
(0 -2.5830634e-06 0)
(0 -2.3472271e-06 0)
(0 -2.132924e-06 0)
(0 -1.9381877e-06 0)
(0 -1.7612315e-06 0)
(0 -1.600432e-06 0)
(0 -1.4543139e-06 0)
(0 -1.3215366e-06 0)
(0 -1.200882e-06 0)
(0 -1.0912433e-06 0)
(0 -9.9161471e-07 0)
(0 -9.0108216e-07 0)
(0 -8.1881521e-07 0)
(0 -7.4405918e-07 0)
(0 -6.7612829e-07 0)
(0 -6.1439942e-07 0)
(0 -5.5830629e-07 0)
(0 -5.0733437e-07 0)
(0 -4.6101609e-07 0)
(0 -4.1892657e-07 0)
(0 -3.8067972e-07 0)
(0 -3.4592471e-07 0)
(0 -3.1434273e-07 0)
(0 -2.856441e-07 0)
(0 -2.5956557e-07 0)
(0 -2.3586792e-07 0)
(0 -2.1433378e-07 0)
(0 -1.9476562e-07 0)
(0 -1.7698397e-07 0)
(0 -1.608257e-07 0)
(0 -1.461426e-07 0)
(0 -1.328e-07 0)
(0 -1.2067551e-07 0)
(0 -1.0965791e-07 0)
(0 -9.964615e-08 0)
(0 -9.054839e-08 0)
(0 -8.2281182e-08 0)
(0 -7.4768695e-08 0)
(0 -6.7942021e-08 0)
(0 -6.1738542e-08 0)
(0 -5.6101357e-08 0)
(0 -5.0978759e-08 0)
(0 -4.6323761e-08 0)
(0 -4.2093664e-08 0)
(0 -3.824967e-08 0)
(0 -3.4756518e-08 0)
(0 -3.1582168e-08 0)
(0 -2.8697504e-08 0)
(0 -2.6076065e-08 0)
(0 -2.3693807e-08 0)
(0 -2.152888e-08 0)
(0 -1.9561424e-08 0)
(0 -1.7773394e-08 0)
(0 -1.6148389e-08 0)
(0 -1.4671503e-08 0)
(0 -1.3329192e-08 0)
(0 -1.2109141e-08 0)
(0 -1.100016e-08 0)
(0 -9.992077e-09 0)
(0 -9.0756458e-09 0)
(0 -8.2424603e-09 0)
(0 -7.484878e-09 0)
(0 -6.7959501e-09 0)
(0 -6.1693576e-09 0)
(0 -5.5993529e-09 0)
(0 -5.0807079e-09 0)
(0 -4.6086652e-09 0)
(0 -4.1788951e-09 0)
(0 -3.7874555e-09 0)
(0 -3.4307561e-09 0)
(0 -3.105525e-09 0)
(0 -2.8087791e-09 0)
(0 -2.5377964e-09 0)
(0 -2.2900915e-09 0)
(0 -2.0633922e-09 0)
(0 -1.8556192e-09 0)
(0 -1.6648667e-09 0)
(0 -1.4893851e-09 0)
(0 -1.3275647e-09 0)
(0 -1.1779213e-09 0)
(0 -1.0390823e-09 0)
(0 -9.0977413e-10 0)
(0 -7.8881082e-10 0)
(0 -6.7508281e-10 0)
(0 -5.6754693e-10 0)
(0 -4.6521683e-10 0)
(0 -3.6715388e-10 0)
(0 -2.7245863e-10 0)
(0 -1.8026248e-10 0)
(0 -8.9719765e-11 0)
(0 0 0)
(0 -0.00070939047 0)
(0 -0.0009089825 0)
(0 -0.0010319572 0)
(0 -0.0011096088 0)
(0 -0.001160919 0)
(0 -0.0011962444 0)
(0 -0.0012213777 0)
(0 -0.001239712 0)
(0 -0.001253332 0)
(0 -0.0012635727 0)
(0 -0.0012713016 0)
(0 -0.0012770836 0)
(0 -0.0012812444 0)
(0 -0.0012840689 0)
(0 -0.0012857778 0)
(0 -0.0012863629 0)
(0 -0.0012859937 0)
(0 -0.0012847035 0)
(0 -0.0012824209 0)
(0 -0.0012788405 0)
(0 -0.0012735849 0)
(0 -0.0012663653 0)
(0 -0.0012561618 0)
(0 -0.0012416969 0)
(0 -0.0012210871 0)
(0 -0.0011903225 0)
(0 -0.0011428502 0)
(0 -0.0010719573 0)
(0 -0.00098322638 0)
(0 -0.00089052263 0)
(0 -0.00080205649 0)
(0 -0.00072138688 0)
(0 -0.00064913596 0)
(0 -0.00058476582 0)
(0 -0.00052742318 0)
(0 -0.00047624942 0)
(0 -0.00043047461 0)
(0 -0.00038943447 0)
(0 -0.00035256221 0)
(0 -0.00031937427 0)
(0 -0.0002894563 0)
(0 -0.00026245099 0)
(0 -0.00023804825 0)
(0 -0.00021597724 0)
(0 -0.00019600007 0)
(0 -0.00017790671 0)
(0 -0.00016151093 0)
(0 -0.00014664697 0)
(0 -0.0001331668 0)
(0 -0.00012093787 0)
(0 -0.00010984121 0)
(0 -9.9769825e-05 0)
(0 -9.0627354e-05 0)
(0 -8.2326868e-05 0)
(0 -7.4789865e-05 0)
(0 -6.7945388e-05 0)
(0 -6.1729241e-05 0)
(0 -5.6083309e-05 0)
(0 -5.0954952e-05 0)
(0 -4.6296464e-05 0)
(0 -4.2064595e-05 0)
(0 -3.8220121e-05 0)
(0 -3.4727457e-05 0)
(0 -3.1554314e-05 0)
(0 -2.8671389e-05 0)
(0 -2.605208e-05 0)
(0 -2.3672236e-05 0)
(0 -2.1509929e-05 0)
(0 -1.9545246e-05 0)
(0 -1.7760103e-05 0)
(0 -1.6138075e-05 0)
(0 -1.4664244e-05 0)
(0 -1.3325059e-05 0)
(0 -1.210821e-05 0)
(0 -1.1002513e-05 0)
(0 -9.9978106e-06 0)
(0 -9.0848728e-06 0)
(0 -8.2553147e-06 0)
(0 -7.5015182e-06 0)
(0 -6.8165616e-06 0)
(0 -6.1941563e-06 0)
(0 -5.6285884e-06 0)
(0 -5.1146663e-06 0)
(0 -4.6476728e-06 0)
(0 -4.2233219e-06 0)
(0 -3.837719e-06 0)
(0 -3.4873254e-06 0)
(0 -3.1689257e-06 0)
(0 -2.8795982e-06 0)
(0 -2.6166882e-06 0)
(0 -2.3777832e-06 0)
(0 -2.1606913e-06 0)
(0 -1.9634207e-06 0)
(0 -1.7841615e-06 0)
(0 -1.6212691e-06 0)
(0 -1.473249e-06 0)
(0 -1.3387433e-06 0)
(0 -1.2165182e-06 0)
(0 -1.1054522e-06 0)
(0 -1.0045266e-06 0)
(0 -9.1281537e-07 0)
(0 -8.2947736e-07 0)
(0 -7.5374802e-07 0)
(0 -6.8493268e-07 0)
(0 -6.2240007e-07 0)
(0 -5.6557658e-07 0)
(0 -5.1394096e-07 0)
(0 -4.6701956e-07 0)
(0 -4.2438198e-07 0)
(0 -3.856371e-07 0)
(0 -3.5042952e-07 0)
(0 -3.184363e-07 0)
(0 -2.8936395e-07 0)
(0 -2.6294582e-07 0)
(0 -2.3893958e-07 0)
(0 -2.1712501e-07 0)
(0 -1.9730204e-07 0)
(0 -1.7928882e-07 0)
(0 -1.6292012e-07 0)
(0 -1.4804582e-07 0)
(0 -1.3452946e-07 0)
(0 -1.2224708e-07 0)
(0 -1.11086e-07 0)
(0 -1.0094385e-07 0)
(0 -9.1727614e-08 0)
(0 -8.3352742e-08 0)
(0 -7.574242e-08 0)
(0 -6.8826843e-08 0)
(0 -6.2542576e-08 0)
(0 -5.6831977e-08 0)
(0 -5.1642667e-08 0)
(0 -4.6927046e-08 0)
(0 -4.2641861e-08 0)
(0 -3.8747805e-08 0)
(0 -3.5209162e-08 0)
(0 -3.1993472e-08 0)
(0 -2.907124e-08 0)
(0 -2.6415661e-08 0)
(0 -2.4002379e-08 0)
(0 -2.1809257e-08 0)
(0 -1.9816178e-08 0)
(0 -1.8004862e-08 0)
(0 -1.6358694e-08 0)
(0 -1.4862575e-08 0)
(0 -1.3502782e-08 0)
(0 -1.2266842e-08 0)
(0 -1.1143418e-08 0)
(0 -1.0122207e-08 0)
(0 -9.193841e-09 0)
(0 -8.3498046e-09 0)
(0 -7.5823561e-09 0)
(0 -6.8844561e-09 0)
(0 -6.2497032e-09 0)
(0 -5.6722752e-09 0)
(0 -5.1468757e-09 0)
(0 -4.6686854e-09 0)
(0 -4.2333183e-09 0)
(0 -3.8367809e-09 0)
(0 -3.475436e-09 0)
(0 -3.1459693e-09 0)
(0 -2.8453588e-09 0)
(0 -2.570847e-09 0)
(0 -2.3199161e-09 0)
(0 -2.0902645e-09 0)
(0 -1.8797856e-09 0)
(0 -1.6865489e-09 0)
(0 -1.5087819e-09 0)
(0 -1.344854e-09 0)
(0 -1.1932618e-09 0)
(0 -1.0526146e-09 0)
(0 -9.2162244e-10 0)
(0 -7.9908378e-10 0)
(0 -6.8387465e-10 0)
(0 -5.7493829e-10 0)
(0 -4.7127551e-10 0)
(0 -3.7193546e-10 0)
(0 -2.7600695e-10 0)
(0 -1.826101e-10 0)
(0 -9.0888217e-11 0)
(0 0 0)
(0 -0.00076866492 0)
(0 -0.00098609619 0)
(0 -0.0011050139 0)
(0 -0.0011760545 0)
(0 -0.0012215999 0)
(0 -0.0012523954 0)
(0 -0.0012740558 0)
(0 -0.0012897382 0)
(0 -0.0013013326 0)
(0 -0.0013100344 0)
(0 -0.0013166045 0)
(0 -0.001321534 0)
(0 -0.001325043 0)
(0 -0.0013273962 0)
(0 -0.0013288419 0)
(0 -0.0013292341 0)
(0 -0.0013288415 0)
(0 -0.0013277082 0)
(0 -0.0013258069 0)
(0 -0.0013227782 0)
(0 -0.0013182156 0)
(0 -0.0013121008 0)
(0 -0.001303261 0)
(0 -0.0012904842 0)
(0 -0.0012721695 0)
(0 -0.0012437899 0)
(0 -0.0011967328 0)
(0 -0.0011195505 0)
(0 -0.001019812 0)
(0 -0.00091753933 0)
(0 -0.00082201118 0)
(0 -0.00073655439 0)
(0 -0.00066105962 0)
(0 -0.00059442345 0)
(0 -0.00053543816 0)
(0 -0.00048303044 0)
(0 -0.00043629894 0)
(0 -0.00039449662 0)
(0 -0.00035700299 0)
(0 -0.0003232986 0)
(0 -0.0002929444 0)
(0 -0.00026556565 0)
(0 -0.00024083965 0)
(0 -0.00021848624 0)
(0 -0.00019826051 0)
(0 -0.00017994701 0)
(0 -0.00016335528 0)
(0 -0.00014831617 0)
(0 -0.00013467892 0)
(0 -0.00012230873 0)
(0 -0.00011108475 0)
(0 -0.00010089842 0)
(0 -9.1652005e-05 0)
(0 -8.3257425e-05 0)
(0 -7.5635163e-05 0)
(0 -6.8713375e-05 0)
(0 -6.2427082e-05 0)
(0 -5.6717477e-05 0)
(0 -5.1531301e-05 0)
(0 -4.6820293e-05 0)
(0 -4.2540709e-05 0)
(0 -3.8652876e-05 0)
(0 -3.5120807e-05 0)
(0 -3.1911851e-05 0)
(0 -2.8996373e-05 0)
(0 -2.6347474e-05 0)
(0 -2.3940732e-05 0)
(0 -2.1753974e-05 0)
(0 -1.9767065e-05 0)
(0 -1.7961717e-05 0)
(0 -1.6321323e-05 0)
(0 -1.4830796e-05 0)
(0 -1.3476434e-05 0)
(0 -1.2245789e-05 0)
(0 -1.1127553e-05 0)
(0 -1.0111452e-05 0)
(0 -9.1881541e-06 0)
(0 -8.3491792e-06 0)
(0 -7.5868235e-06 0)
(0 -6.8940876e-06 0)
(0 -6.2646117e-06 0)
(0 -5.6926175e-06 0)
(0 -5.1728549e-06 0)
(0 -4.7005532e-06 0)
(0 -4.271378e-06 0)
(0 -3.8813907e-06 0)
(0 -3.5270124e-06 0)
(0 -3.2049915e-06 0)
(0 -2.912373e-06 0)
(0 -2.6464721e-06 0)
(0 -2.4048491e-06 0)
(0 -2.1852872e-06 0)
(0 -1.9857719e-06 0)
(0 -1.8044727e-06 0)
(0 -1.6397265e-06 0)
(0 -1.4900218e-06 0)
(0 -1.3539852e-06 0)
(0 -1.2303688e-06 0)
(0 -1.1180386e-06 0)
(0 -1.0159641e-06 0)
(0 -9.2320887e-07 0)
(0 -8.3892212e-07 0)
(0 -7.6233063e-07 0)
(0 -6.9273182e-07 0)
(0 -6.2948726e-07 0)
(0 -5.720168e-07 0)
(0 -5.1979327e-07 0)
(0 -4.7233763e-07 0)
(0 -4.2921456e-07 0)
(0 -3.9002852e-07 0)
(0 -3.5442004e-07 0)
(0 -3.2206252e-07 0)
(0 -2.9265913e-07 0)
(0 -2.6594018e-07 0)
(0 -2.4166057e-07 0)
(0 -2.1959759e-07 0)
(0 -1.9954889e-07 0)
(0 -1.8133054e-07 0)
(0 -1.6477545e-07 0)
(0 -1.4973176e-07 0)
(0 -1.3606149e-07 0)
(0 -1.2363923e-07 0)
(0 -1.1235105e-07 0)
(0 -1.0209341e-07 0)
(0 -9.2772219e-08 0)
(0 -8.4301975e-08 0)
(0 -7.6604987e-08 0)
(0 -6.9610655e-08 0)
(0 -6.3254823e-08 0)
(0 -5.7479191e-08 0)
(0 -5.2230785e-08 0)
(0 -4.7461462e-08 0)
(0 -4.3127477e-08 0)
(0 -3.9189075e-08 0)
(0 -3.5610133e-08 0)
(0 -3.2357822e-08 0)
(0 -2.9402311e-08 0)
(0 -2.671649e-08 0)
(0 -2.4275725e-08 0)
(0 -2.2057627e-08 0)
(0 -2.0041851e-08 0)
(0 -1.8209907e-08 0)
(0 -1.6544992e-08 0)
(0 -1.5031835e-08 0)
(0 -1.3656556e-08 0)
(0 -1.240654e-08 0)
(0 -1.1270323e-08 0)
(0 -1.0237482e-08 0)
(0 -9.2985434e-09 0)
(0 -8.4448948e-09 0)
(0 -7.6687064e-09 0)
(0 -6.9628585e-09 0)
(0 -6.3208769e-09 0)
(0 -5.7368729e-09 0)
(0 -5.20549e-09 0)
(0 -4.7218539e-09 0)
(0 -4.2815287e-09 0)
(0 -3.8804754e-09 0)
(0 -3.5150155e-09 0)
(0 -3.1817967e-09 0)
(0 -2.8777627e-09 0)
(0 -2.6001247e-09 0)
(0 -2.3463361e-09 0)
(0 -2.1140691e-09 0)
(0 -1.9011932e-09 0)
(0 -1.7057558e-09 0)
(0 -1.5259644e-09 0)
(0 -1.3601697e-09 0)
(0 -1.206851e-09 0)
(0 -1.0646021e-09 0)
(0 -9.3211819e-10 0)
(0 -8.0818402e-10 0)
(0 -6.9166284e-10 0)
(0 -5.8148588e-10 0)
(0 -4.7664255e-10 0)
(0 -3.7617119e-10 0)
(0 -2.7915021e-10 0)
(0 -1.8468972e-10 0)
(0 -9.1923283e-11 0)
(0 0 0)
(0 -0.00078615138 0)
(0 -0.0010793204 0)
(0 -0.0011864963 0)
(0 -0.001247341 0)
(0 -0.0012853622 0)
(0 -0.0013106875 0)
(0 -0.0013283345 0)
(0 -0.001341034 0)
(0 -0.0013503894 0)
(0 -0.001357413 0)
(0 -0.001362732 0)
(0 -0.0013667642 0)
(0 -0.0013695719 0)
(0 -0.0013714082 0)
(0 -0.0013726093 0)
(0 -0.0013727603 0)
(0 -0.0013723339 0)
(0 -0.0013713615 0)
(0 -0.001369903 0)
(0 -0.0013674972 0)
(0 -0.0013636384 0)
(0 -0.0013588323 0)
(0 -0.0013515649 0)
(0 -0.0013407463 0)
(0 -0.0013254743 0)
(0 -0.001300871 0)
(0 -0.001255994 0)
(0 -0.0011711433 0)
(0 -0.0010569524 0)
(0 -0.0009434797 0)
(0 -0.00084033661 0)
(0 -0.00075011983 0)
(0 -0.00067156144 0)
(0 -0.00060285437 0)
(0 -0.00054239918 0)
(0 -0.00048890235 0)
(0 -0.00044133405 0)
(0 -0.00039886905 0)
(0 -0.00036083729 0)
(0 -0.00032668679 0)
(0 -0.00029595636 0)
(0 -0.00026825583 0)
(0 -0.0002432514 0)
(0 -0.0002206548 0)
(0 -0.00020021498 0)
(0 -0.00018171182 0)
(0 -0.00016495121 0)
(0 -0.00014976108 0)
(0 -0.00013598832 0)
(0 -0.0001234962 0)
(0 -0.00011216228 0)
(0 -0.00010187662 0)
(0 -9.2540363e-05 0)
(0 -8.4064411e-05 0)
(0 -7.6368386e-05 0)
(0 -6.9379683e-05 0)
(0 -6.3032654e-05 0)
(0 -5.7267897e-05 0)
(0 -5.2031622e-05 0)
(0 -4.7275095e-05 0)
(0 -4.2954142e-05 0)
(0 -3.9028708e-05 0)
(0 -3.546246e-05 0)
(0 -3.2222432e-05 0)
(0 -2.9278705e-05 0)
(0 -2.6604123e-05 0)
(0 -2.4174031e-05 0)
(0 -2.1966044e-05 0)
(0 -1.9959834e-05 0)
(0 -1.8136938e-05 0)
(0 -1.6480591e-05 0)
(0 -1.4975561e-05 0)
(0 -1.3608014e-05 0)
(0 -1.2365383e-05 0)
(0 -1.1236251e-05 0)
(0 -1.0210245e-05 0)
(0 -9.2779437e-06 0)
(0 -8.4307846e-06 0)
(0 -7.6609898e-06 0)
(0 -6.961492e-06 0)
(0 -6.32587e-06 0)
(0 -5.7482897e-06 0)
(0 -5.2234497e-06 0)
(0 -4.7465334e-06 0)
(0 -4.3131641e-06 0)
(0 -3.9193649e-06 0)
(0 -3.5615223e-06 0)
(0 -3.2363529e-06 0)
(0 -2.940873e-06 0)
(0 -2.6723717e-06 0)
(0 -2.4283853e-06 0)
(0 -2.2066756e-06 0)
(0 -2.0052085e-06 0)
(0 -1.8221355e-06 0)
(0 -1.6557773e-06 0)
(0 -1.5046077e-06 0)
(0 -1.3672399e-06 0)
(0 -1.2424137e-06 0)
(0 -1.1289841e-06 0)
(0 -1.0259105e-06 0)
(0 -9.3224742e-07 0)
(0 -8.4713563e-07 0)
(0 -7.6979441e-07 0)
(0 -6.9951429e-07 0)
(0 -6.356506e-07 0)
(0 -5.7761752e-07 0)
(0 -5.2488272e-07 0)
(0 -4.7696248e-07 0)
(0 -4.3341722e-07 0)
(0 -3.9384752e-07 0)
(0 -3.5789041e-07 0)
(0 -3.2521608e-07 0)
(0 -2.955248e-07 0)
(0 -2.6854423e-07 0)
(0 -2.4402689e-07 0)
(0 -2.2174789e-07 0)
(0 -2.0150288e-07 0)
(0 -1.8310615e-07 0)
(0 -1.6638895e-07 0)
(0 -1.5119796e-07 0)
(0 -1.3739383e-07 0)
(0 -1.2484993e-07 0)
(0 -1.1345122e-07 0)
(0 -1.0309314e-07 0)
(0 -9.3680672e-08 0)
(0 -8.5127487e-08 0)
(0 -7.7355129e-08 0)
(0 -7.0292307e-08 0)
(0 -6.3874237e-08 0)
(0 -5.804205e-08 0)
(0 -5.2742249e-08 0)
(0 -4.7926224e-08 0)
(0 -4.3549799e-08 0)
(0 -3.9572831e-08 0)
(0 -3.5958842e-08 0)
(0 -3.2674684e-08 0)
(0 -2.9690231e-08 0)
(0 -2.697811e-08 0)
(0 -2.4513444e-08 0)
(0 -2.2273625e-08 0)
(0 -2.023811e-08 0)
(0 -1.8388227e-08 0)
(0 -1.6707008e-08 0)
(0 -1.5179034e-08 0)
(0 -1.3790287e-08 0)
(0 -1.2528031e-08 0)
(0 -1.1380688e-08 0)
(0 -1.0337733e-08 0)
(0 -9.3895994e-09 0)
(0 -8.5275915e-09 0)
(0 -7.7438022e-09 0)
(0 -7.0310423e-09 0)
(0 -6.3827741e-09 0)
(0 -5.7930513e-09 0)
(0 -5.2564648e-09 0)
(0 -4.7680927e-09 0)
(0 -4.3234556e-09 0)
(0 -3.918475e-09 0)
(0 -3.5494363e-09 0)
(0 -3.2129545e-09 0)
(0 -2.9059432e-09 0)
(0 -2.6255864e-09 0)
(0 -2.3693126e-09 0)
(0 -2.1347711e-09 0)
(0 -1.9198107e-09 0)
(0 -1.7224595e-09 0)
(0 -1.5409074e-09 0)
(0 -1.3734892e-09 0)
(0 -1.2186692e-09 0)
(0 -1.0750273e-09 0)
(0 -9.4124597e-10 0)
(0 -8.1609817e-10 0)
(0 -6.9843596e-10 0)
(0 -5.871801e-10 0)
(0 -4.8131009e-10 0)
(0 -3.7985485e-10 0)
(0 -2.818838e-10 0)
(0 -1.864983e-10 0)
(0 -9.2823443e-11 0)
(0 0 0)
(0 -0.00080089384 0)
(0 -0.00099360784 0)
(0 -0.0010625536 0)
(0 -0.0011015092 0)
(0 -0.0011255712 0)
(0 -0.0011414833 0)
(0 -0.0011525212 0)
(0 -0.0011604417 0)
(0 -0.0011662672 0)
(0 -0.0011706609 0)
(0 -0.0011746018 0)
(0 -0.0011777296 0)
(0 -0.001178361 0)
(0 -0.0011800124 0)
(0 -0.0011819507 0)
(0 -0.0011812348 0)
(0 -0.0011793469 0)
(0 -0.0011796632 0)
(0 -0.0011788254 0)
(0 -0.0011767079 0)
(0 -0.0011725343 0)
(0 -0.0011723596 0)
(0 -0.0011666694 0)
(0 -0.0011573255 0)
(0 -0.0011488045 0)
(0 -0.0011342816 0)
(0 -0.0011025721 0)
(0 -0.0010270792 0)
(0 -0.0009856635 0)
(0 -0.00096787583 0)
(0 -0.00085659464 0)
(0 -0.00076181897 0)
(0 -0.00068048572 0)
(0 -0.00060996357 0)
(0 -0.00054824574 0)
(0 -0.00049382497 0)
(0 -0.0004455522 0)
(0 -0.00040253188 0)
(0 -0.00036405043 0)
(0 -0.00032952766 0)
(0 -0.00029848347 0)
(0 -0.00027051459 0)
(0 -0.00024527789 0)
(0 -0.00022247826 0)
(0 -0.00020185958 0)
(0 -0.00018319783 0)
(0 -0.00016629585 0)
(0 -0.0001509792 0)
(0 -0.0001370928 0)
(0 -0.00012449836 0)
(0 -0.00011307208 0)
(0 -0.00010270293 0)
(0 -9.3291073e-05 0)
(0 -8.4746608e-05 0)
(0 -7.6988437e-05 0)
(0 -6.9943323e-05 0)
(0 -6.3545063e-05 0)
(0 -5.773376e-05 0)
(0 -5.2455184e-05 0)
(0 -4.7660204e-05 0)
(0 -4.3304292e-05 0)
(0 -3.9347071e-05 0)
(0 -3.5751918e-05 0)
(0 -3.2485604e-05 0)
(0 -2.9517973e-05 0)
(0 -2.6821653e-05 0)
(0 -2.4371793e-05 0)
(0 -2.214583e-05 0)
(0 -2.0123272e-05 0)
(0 -1.8285512e-05 0)
(0 -1.6615649e-05 0)
(0 -1.5098329e-05 0)
(0 -1.3719608e-05 0)
(0 -1.2466817e-05 0)
(0 -1.1328449e-05 0)
(0 -1.0294046e-05 0)
(0 -9.3541105e-06 0)
(0 -8.5000117e-06 0)
(0 -7.7239085e-06 0)
(0 -7.0186762e-06 0)
(0 -6.3778417e-06 0)
(0 -5.7955234e-06 0)
(0 -5.2663768e-06 0)
(0 -4.7855461e-06 0)
(0 -4.348619e-06 0)
(0 -3.9515861e-06 0)
(0 -3.5908046e-06 0)
(0 -3.262964e-06 0)
(0 -2.9650565e-06 0)
(0 -2.6943488e-06 0)
(0 -2.4483573e-06 0)
(0 -2.2248253e-06 0)
(0 -2.021702e-06 0)
(0 -1.837124e-06 0)
(0 -1.669398e-06 0)
(0 -1.5169853e-06 0)
(0 -1.3784879e-06 0)
(0 -1.2526352e-06 0)
(0 -1.1382727e-06 0)
(0 -1.0343513e-06 0)
(0 -9.3991777e-07 0)
(0 -8.5410586e-07 0)
(0 -7.7612841e-07 0)
(0 -7.0527012e-07 0)
(0 -6.4088104e-07 0)
(0 -5.8237052e-07 0)
(0 -5.2920185e-07 0)
(0 -4.8088733e-07 0)
(0 -4.3698379e-07 0)
(0 -3.9708851e-07 0)
(0 -3.6083554e-07 0)
(0 -3.2789235e-07 0)
(0 -2.9795675e-07 0)
(0 -2.7075417e-07 0)
(0 -2.4603509e-07 0)
(0 -2.2357276e-07 0)
(0 -2.0316115e-07 0)
(0 -1.8461303e-07 0)
(0 -1.6775826e-07 0)
(0 -1.5244226e-07 0)
(0 -1.3852453e-07 0)
(0 -1.2587741e-07 0)
(0 -1.1438489e-07 0)
(0 -1.0394157e-07 0)
(0 -9.4451641e-08 0)
(0 -8.5828067e-08 0)
(0 -7.7991745e-08 0)
(0 -7.0870799e-08 0)
(0 -6.439991e-08 0)
(0 -5.8519726e-08 0)
(0 -5.317631e-08 0)
(0 -4.832065e-08 0)
(0 -4.3908208e-08 0)
(0 -3.9898511e-08 0)
(0 -3.625478e-08 0)
(0 -3.2943593e-08 0)
(0 -2.9934579e-08 0)
(0 -2.7200138e-08 0)
(0 -2.4715187e-08 0)
(0 -2.2456935e-08 0)
(0 -2.0404668e-08 0)
(0 -1.8539561e-08 0)
(0 -1.6844506e-08 0)
(0 -1.5303956e-08 0)
(0 -1.3903781e-08 0)
(0 -1.2631136e-08 0)
(0 -1.147435e-08 0)
(0 -1.0422812e-08 0)
(0 -9.4668753e-09 0)
(0 -8.5977731e-09 0)
(0 -7.8075333e-09 0)
(0 -7.0889075e-09 0)
(0 -6.435304e-09 0)
(0 -5.8407279e-09 0)
(0 -5.2997253e-09 0)
(0 -4.8073339e-09 0)
(0 -4.3590375e-09 0)
(0 -3.9507239e-09 0)
(0 -3.578648e-09 0)
(0 -3.239397e-09 0)
(0 -2.929859e-09 0)
(0 -2.6471949e-09 0)
(0 -2.388812e-09 0)
(0 -2.1523402e-09 0)
(0 -1.9356106e-09 0)
(0 -1.7366353e-09 0)
(0 -1.553589e-09 0)
(0 -1.3847929e-09 0)
(0 -1.2286988e-09 0)
(0 -1.0838747e-09 0)
(0 -9.489924e-10 0)
(0 -8.2281464e-10 0)
(0 -7.0418407e-10 0)
(0 -5.9201257e-10 0)
(0 -4.8527125e-10 0)
(0 -3.8298104e-10 0)
(0 -2.8420369e-10 0)
(0 -1.8803318e-10 0)
(0 -9.3587377e-11 0)
(0 0 0)
(0 -0.00084512207 0)
(0 -0.0009263926 0)
(0 -0.00095689265 0)
(0 -0.00097377095 0)
(0 -0.00098415038 0)
(0 -0.00099099313 0)
(0 -0.00099573063 0)
(0 -0.00099912594 0)
(0 -0.0010016221 0)
(0 -0.0010035266 0)
(0 -0.0010065725 0)
(0 -0.00094393278 0)
(0 -0.0010069833 0)
(0 -0.0010089076 0)
(0 -0.0009465805 0)
(0 -0.00094524572 0)
(0 -0.0010054121 0)
(0 -0.00094288904 0)
(0 -0.00094230296 0)
(0 -0.00094041668 0)
(0 -0.00099841081 0)
(0 -0.00094138003 0)
(0 -0.0010015061 0)
(0 -0.00099053095 0)
(0 -0.00098977464 0)
(0 -0.0009875714 0)
(0 -0.00097201023 0)
(0 -0.00099812848 0)
(0 -0.00094378134 0)
(0 -0.00098982516 0)
(0 -0.00087027191 0)
(0 -0.00077138347 0)
(0 -0.00068768465 0)
(0 -0.00061566453 0)
(0 -0.00055292432 0)
(0 -0.00049776344 0)
(0 -0.0004489296 0)
(0 -0.00040546829 0)
(0 -0.00036663007 0)
(0 -0.00033181188 0)
(0 -0.00030051849 0)
(0 -0.00027233617 0)
(0 -0.00024691443 0)
(0 -0.00022395277 0)
(0 -0.00020319106 0)
(0 -0.00018440227 0)
(0 -0.00016738685 0)
(0 -0.00015196847 0)
(0 -0.00013799058 0)
(0 -0.0001253136 0)
(0 -0.00011381274 0)
(0 -0.00010337606 0)
(0 -9.3903001e-05 0)
(0 -8.5303e-05 0)
(0 -7.7494399e-05 0)
(0 -7.0403466e-05 0)
(0 -6.3963559e-05 0)
(0 -5.8114387e-05 0)
(0 -5.280137e-05 0)
(0 -4.7975063e-05 0)
(0 -4.3590652e-05 0)
(0 -3.9607503e-05 0)
(0 -3.5988761e-05 0)
(0 -3.2700987e-05 0)
(0 -2.9713832e-05 0)
(0 -2.699975e-05 0)
(0 -2.4533732e-05 0)
(0 -2.229307e-05 0)
(0 -2.0257143e-05 0)
(0 -1.8407223e-05 0)
(0 -1.6726299e-05 0)
(0 -1.5198921e-05 0)
(0 -1.3811053e-05 0)
(0 -1.2549944e-05 0)
(0 -1.1404012e-05 0)
(0 -1.0362732e-05 0)
(0 -9.4165434e-06 0)
(0 -8.5567596e-06 0)
(0 -7.7754878e-06 0)
(0 -7.0655568e-06 0)
(0 -6.4204509e-06 0)
(0 -5.8342495e-06 0)
(0 -5.3015733e-06 0)
(0 -4.8175342e-06 0)
(0 -4.3776907e-06 0)
(0 -3.9780071e-06 0)
(0 -3.6148162e-06 0)
(0 -3.2847858e-06 0)
(0 -2.9848879e-06 0)
(0 -2.7123713e-06 0)
(0 -2.4647357e-06 0)
(0 -2.2397095e-06 0)
(0 -2.0352282e-06 0)
(0 -1.8494161e-06 0)
(0 -1.6805685e-06 0)
(0 -1.5271365e-06 0)
(0 -1.3877128e-06 0)
(0 -1.2610182e-06 0)
(0 -1.1458906e-06 0)
(0 -1.041274e-06 0)
(0 -9.4620865e-07 0)
(0 -8.5982257e-07 0)
(0 -7.8132334e-07 0)
(0 -7.0999089e-07 0)
(0 -6.4517091e-07 0)
(0 -5.8626881e-07 0)
(0 -5.3274431e-07 0)
(0 -4.8410643e-07 0)
(0 -4.3990904e-07 0)
(0 -3.9974673e-07 0)
(0 -3.632511e-07 0)
(0 -3.300874e-07 0)
(0 -2.9995143e-07 0)
(0 -2.7256676e-07 0)
(0 -2.476822e-07 0)
(0 -2.250695e-07 0)
(0 -2.0452125e-07 0)
(0 -1.8584897e-07 0)
(0 -1.6888137e-07 0)
(0 -1.5346284e-07 0)
(0 -1.3945193e-07 0)
(0 -1.2672015e-07 0)
(0 -1.1515069e-07 0)
(0 -1.0463745e-07 0)
(0 -9.5083993e-08 0)
(0 -8.6402686e-08 0)
(0 -7.8513902e-08 0)
(0 -7.1345282e-08 0)
(0 -6.4831071e-08 0)
(0 -5.8911519e-08 0)
(0 -5.3532329e-08 0)
(0 -4.8644161e-08 0)
(0 -4.4202178e-08 0)
(0 -4.0165636e-08 0)
(0 -3.649751e-08 0)
(0 -3.3164154e-08 0)
(0 -3.0134995e-08 0)
(0 -2.7382246e-08 0)
(0 -2.4880659e-08 0)
(0 -2.2607288e-08 0)
(0 -2.054128e-08 0)
(0 -1.8663686e-08 0)
(0 -1.6957283e-08 0)
(0 -1.5406419e-08 0)
(0 -1.3996869e-08 0)
(0 -1.2715704e-08 0)
(0 -1.1551173e-08 0)
(0 -1.0492594e-08 0)
(0 -9.5302577e-09 0)
(0 -8.6553368e-09 0)
(0 -7.8598062e-09 0)
(0 -7.1363691e-09 0)
(0 -6.4783896e-09 0)
(0 -5.8798326e-09 0)
(0 -5.3352079e-09 0)
(0 -4.83952e-09 0)
(0 -4.3882221e-09 0)
(0 -3.9771748e-09 0)
(0 -3.6026078e-09 0)
(0 -3.2610854e-09 0)
(0 -2.949475e-09 0)
(0 -2.6649184e-09 0)
(0 -2.4048056e-09 0)
(0 -2.1667506e-09 0)
(0 -1.9485699e-09 0)
(0 -1.7482624e-09 0)
(0 -1.5639906e-09 0)
(0 -1.3940644e-09 0)
(0 -1.2369251e-09 0)
(0 -1.0911315e-09 0)
(0 -9.5534609e-10 0)
(0 -8.2832355e-10 0)
(0 -7.0889872e-10 0)
(0 -5.9597621e-10 0)
(0 -4.8852024e-10 0)
(0 -3.8554518e-10 0)
(0 -2.8610649e-10 0)
(0 -1.892921e-10 0)
(0 -9.4213963e-11 0)
(0 0 0)
(0 -0.001 0)
(0 -0.001 0)
(0 -0.001 0)
(0 -0.001 0)
(0 -0.001 0)
(0 -0.001 0)
(0 -0.001 0)
(0 -0.001 0)
(0 -0.001 0)
(0 -0.001 0)
(0 -0.001 0)
(0 -0.001 0)
(0 -0.001 0)
(0 -0.001 0)
(0 -0.001 0)
(0 -0.001 0)
(0 -0.001 0)
(0 -0.001 0)
(0 -0.001 0)
(0 -0.001 0)
(0 -0.001 0)
(0 -0.001 0)
(0 -0.001 0)
(0 -0.001 0)
(0 -0.001 0)
(0 -0.001 0)
(0 -0.001 0)
(0 -0.001 0)
(0 -0.00097170164 0)
(0 -0.0010073886 0)
(0 -0.00088079035 0)
(0 -0.000778556 0)
(0 -0.00069302591 0)
(0 -0.00061988326 0)
(0 -0.00055639048 0)
(0 -0.00050068937 0)
(0 -0.00045144723 0)
(0 -0.0004076649 0)
(0 -0.00036856641 0)
(0 -0.0003335321 0)
(0 -0.00030205572 0)
(0 -0.00027371606 0)
(0 -0.00024815734 0)
(0 -0.00022507528 0)
(0 -0.00020420689 0)
(0 -0.00018532296 0)
(0 -0.00016822232 0)
(0 -0.00015272728 0)
(0 -0.00013868021 0)
(0 -0.00012594068 0)
(0 -0.00011438313 0)
(0 -0.00010389502 0)
(0 -9.4375239e-05 0)
(0 -8.5732768e-05 0)
(0 -7.7885534e-05 0)
(0 -7.0759446e-05 0)
(0 -6.4287537e-05 0)
(0 -5.840923e-05 0)
(0 -5.3069683e-05 0)
(0 -4.8219218e-05 0)
(0 -4.3812809e-05 0)
(0 -3.980963e-05 0)
(0 -3.617265e-05 0)
(0 -3.2868271e-05 0)
(0 -2.9865999e-05 0)
(0 -2.7138157e-05 0)
(0 -2.4659614e-05 0)
(0 -2.2407553e-05 0)
(0 -2.0361253e-05 0)
(0 -1.8501894e-05 0)
(0 -1.6812382e-05 0)
(0 -1.5277191e-05 0)
(0 -1.3882216e-05 0)
(0 -1.2614643e-05 0)
(0 -1.1462831e-05 0)
(0 -1.0416203e-05 0)
(0 -9.4651516e-06 0)
(0 -8.6009455e-06 0)
(0 -7.8156526e-06 0)
(0 -7.1020654e-06 0)
(0 -6.4536353e-06 0)
(0 -5.8644117e-06 0)
(0 -5.3289879e-06 0)
(0 -4.842451e-06 0)
(0 -4.4003369e-06 0)
(0 -3.9985893e-06 0)
(0 -3.6335222e-06 0)
(0 -3.3017863e-06 0)
(0 -3.0003384e-06 0)
(0 -2.7264128e-06 0)
(0 -2.4774967e-06 0)
(0 -2.2513066e-06 0)
(0 -2.0457674e-06 0)
(0 -1.8589939e-06 0)
(0 -1.6892725e-06 0)
(0 -1.5350464e-06 0)
(0 -1.3949009e-06 0)
(0 -1.2675505e-06 0)
(0 -1.1518268e-06 0)
(0 -1.0466685e-06 0)
(0 -9.5111085e-07 0)
(0 -8.6427739e-07 0)
(0 -7.8537159e-07 0)
(0 -7.1366966e-07 0)
(0 -6.4851392e-07 0)
(0 -5.8930669e-07 0)
(0 -5.3550491e-07 0)
(0 -4.8661505e-07 0)
(0 -4.4218868e-07 0)
(0 -4.0181828e-07 0)
(0 -3.6513356e-07 0)
(0 -3.3179802e-07 0)
(0 -3.0150589e-07 0)
(0 -2.7397932e-07 0)
(0 -2.4896582e-07 0)
(0 -2.2623594e-07 0)
(0 -2.0558121e-07 0)
(0 -1.8681216e-07 0)
(0 -1.6975663e-07 0)
(0 -1.542582e-07 0)
(0 -1.4017468e-07 0)
(0 -1.2737691e-07 0)
(0 -1.157475e-07 0)
(0 -1.0517977e-07 0)
(0 -9.55768e-08 0)
(0 -8.6850501e-08 0)
(0 -7.8920832e-08 0)
(0 -7.1715059e-08 0)
(0 -6.5167087e-08 0)
(0 -5.9216855e-08 0)
(0 -5.3809786e-08 0)
(0 -4.8896283e-08 0)
(0 -4.4431277e-08 0)
(0 -4.0373814e-08 0)
(0 -3.6686676e-08 0)
(0 -3.3336045e-08 0)
(0 -3.0291185e-08 0)
(0 -2.7524169e-08 0)
(0 -2.5009617e-08 0)
(0 -2.2724462e-08 0)
(0 -2.0647747e-08 0)
(0 -1.8760421e-08 0)
(0 -1.7045173e-08 0)
(0 -1.5486271e-08 0)
(0 -1.4069415e-08 0)
(0 -1.278161e-08 0)
(0 -1.1611043e-08 0)
(0 -1.0546978e-08 0)
(0 -9.5796537e-09 0)
(0 -8.700198e-09 0)
(0 -7.9005442e-09 0)
(0 -7.1733574e-09 0)
(0 -6.5119676e-09 0)
(0 -5.9103083e-09 0)
(0 -5.3628607e-09 0)
(0 -4.8646036e-09 0)
(0 -4.4109666e-09 0)
(0 -3.9977888e-09 0)
(0 -3.6212804e-09 0)
(0 -3.2779878e-09 0)
(0 -2.9647624e-09 0)
(0 -2.6787309e-09 0)
(0 -2.4172699e-09 0)
(0 -2.177981e-09 0)
(0 -1.9586696e-09 0)
(0 -1.7573238e-09 0)
(0 -1.5720969e-09 0)
(0 -1.40129e-09 0)
(0 -1.2433362e-09 0)
(0 -1.0967869e-09 0)
(0 -9.6029773e-10 0)
(0 -8.3261682e-10 0)
(0 -7.1257301e-10 0)
(0 -5.9906521e-10 0)
(0 -4.9105228e-10 0)
(0 -3.8754349e-10 0)
(0 -2.8758941e-10 0)
(0 -1.9027321e-10 0)
(0 -9.4702282e-11 0)
(0 0 0)
(0 -0.001 0)
(0 -0.00099025144 0)
(0 -0.0010187807 0)
(0 -0.00088754421 0)
(0 -0.00078308898 0)
(0 -0.0006963954 0)
(0 -0.00062256087 0)
(0 -0.00055861062 0)
(0 -0.00050258194 0)
(0 -0.00045309121 0)
(0 -0.00040911201 0)
(0 -0.00036985247 0)
(0 -0.00033468304 0)
(0 -0.00030309106 0)
(0 -0.00027465099 0)
(0 -0.000249004 0)
(0 -0.0002258436 0)
(0 -0.00020490519 0)
(0 -0.00018595834 0)
(0 -0.00016880089 0)
(0 -0.00015325441 0)
(0 -0.00013916064 0)
(0 -0.00012637864 0)
(0 -0.00011478241 0)
(0 -0.00010425904 0)
(0 -9.470711e-05 0)
(0 -8.6035298e-05 0)
(0 -7.8161287e-05 0)
(0 -7.1010757e-05 0)
(0 -6.4516539e-05 0)
(0 -5.8617871e-05 0)
(0 -5.3259744e-05 0)
(0 -4.8392325e-05 0)
(0 -4.397045e-05 0)
(0 -3.9953165e-05 0)
(0 -3.6303323e-05 0)
(0 -3.2987217e-05 0)
(0 -2.9974258e-05 0)
(0 -2.7236675e-05 0)
(0 -2.4749259e-05 0)
(0 -2.2489114e-05 0)
(0 -2.0435452e-05 0)
(0 -1.8569389e-05 0)
(0 -1.6873774e-05 0)
(0 -1.5333027e-05 0)
(0 -1.3932995e-05 0)
(0 -1.266082e-05 0)
(0 -1.150482e-05 0)
(0 -1.0454382e-05 0)
(0 -9.4998645e-06 0)
(0 -8.6325053e-06 0)
(0 -7.8443445e-06 0)
(0 -7.1281489e-06 0)
(0 -6.4773466e-06 0)
(0 -5.8859659e-06 0)
(0 -5.3485806e-06 0)
(0 -4.8602602e-06 0)
(0 -4.4165245e-06 0)
(0 -4.0133026e-06 0)
(0 -3.6468952e-06 0)
(0 -3.3139409e-06 0)
(0 -3.0113853e-06 0)
(0 -2.7364528e-06 0)
(0 -2.4866215e-06 0)
(0 -2.2595994e-06 0)
(0 -2.0533042e-06 0)
(0 -1.8658433e-06 0)
(0 -1.6954972e-06 0)
(0 -1.5407034e-06 0)
(0 -1.4000419e-06 0)
(0 -1.2722224e-06 0)
(0 -1.1560726e-06 0)
(0 -1.0505269e-06 0)
(0 -9.5461719e-07 0)
(0 -8.6746378e-07 0)
(0 -7.8826721e-07 0)
(0 -7.1630105e-07 0)
(0 -6.5090516e-07 0)
(0 -5.9147971e-07 0)
(0 -5.374796e-07 0)
(0 -4.8840951e-07 0)
(0 -4.4381936e-07 0)
(0 -4.0330012e-07 0)
(0 -3.6648014e-07 0)
(0 -3.3302169e-07 0)
(0 -3.0261787e-07 0)
(0 -2.7498979e-07 0)
(0 -2.4988405e-07 0)
(0 -2.2707036e-07 0)
(0 -2.0633945e-07 0)
(0 -1.8750119e-07 0)
(0 -1.7038276e-07 0)
(0 -1.5482716e-07 0)
(0 -1.4069171e-07 0)
(0 -1.2784674e-07 0)
(0 -1.1617443e-07 0)
(0 -1.0556773e-07 0)
(0 -9.5929341e-08 0)
(0 -8.7170856e-08 0)
(0 -7.9211939e-08 0)
(0 -7.1979587e-08 0)
(0 -6.5407464e-08 0)
(0 -5.9435285e-08 0)
(0 -5.4008271e-08 0)
(0 -4.9076644e-08 0)
(0 -4.4595169e-08 0)
(0 -4.052274e-08 0)
(0 -3.6822002e-08 0)
(0 -3.3459011e-08 0)
(0 -3.0402921e-08 0)
(0 -2.7625698e-08 0)
(0 -2.510187e-08 0)
(0 -2.2808287e-08 0)
(0 -2.0723911e-08 0)
(0 -1.8829623e-08 0)
(0 -1.7108048e-08 0)
(0 -1.5543396e-08 0)
(0 -1.4121314e-08 0)
(0 -1.2828758e-08 0)
(0 -1.1653874e-08 0)
(0 -1.0585883e-08 0)
(0 -9.6149907e-09 0)
(0 -8.732291e-09 0)
(0 -7.9296874e-09 0)
(0 -7.1998182e-09 0)
(0 -6.5359887e-09 0)
(0 -5.93211e-09 0)
(0 -5.3826431e-09 0)
(0 -4.882548e-09 0)
(0 -4.4272376e-09 0)
(0 -4.0125357e-09 0)
(0 -3.6346384e-09 0)
(0 -3.2900796e-09 0)
(0 -2.9756987e-09 0)
(0 -2.6886121e-09 0)
(0 -2.4261866e-09 0)
(0 -2.1860151e-09 0)
(0 -1.9658946e-09 0)
(0 -1.7638062e-09 0)
(0 -1.577896e-09 0)
(0 -1.406459e-09 0)
(0 -1.2479226e-09 0)
(0 -1.1008327e-09 0)
(0 -9.6384006e-10 0)
(0 -8.3568815e-10 0)
(0 -7.1520153e-10 0)
(0 -6.0127503e-10 0)
(0 -4.9286366e-10 0)
(0 -3.8897305e-10 0)
(0 -2.8865026e-10 0)
(0 -1.9097509e-10 0)
(0 -9.5051618e-11 0)
(0 0 0)
(0 -0.001 0)
(0 -0.00099687599 0)
(0 -0.0010226693 0)
(0 -0.00088994255 0)
(0 -0.00078476746 0)
(0 -0.00069770798 0)
(0 -0.0006236583 0)
(0 -0.00055956389 0)
(0 -0.00050342861 0)
(0 -0.00045385342 0)
(0 -0.000409804 0)
(0 -0.00037048412 0)
(0 -0.00033526159 0)
(0 -0.00030362211 0)
(0 -0.00027513904 0)
(0 -0.00024945282 0)
(0 -0.00022625641 0)
(0 -0.00020528486 0)
(0 -0.00018630742 0)
(0 -0.00016912171 0)
(0 -0.00015354911 0)
(0 -0.00013943119 0)
(0 -0.00012662687 0)
(0 -0.00011501003 0)
(0 -0.00010446764 0)
(0 -9.4898162e-05 0)
(0 -8.6210181e-05 0)
(0 -7.8321283e-05 0)
(0 -7.1157059e-05 0)
(0 -6.4650254e-05 0)
(0 -5.8740026e-05 0)
(0 -5.3371291e-05 0)
(0 -4.8494145e-05 0)
(0 -4.4063357e-05 0)
(0 -4.003791e-05 0)
(0 -3.6380598e-05 0)
(0 -3.3057661e-05 0)
(0 -3.0038456e-05 0)
(0 -2.7295168e-05 0)
(0 -2.480254e-05 0)
(0 -2.2537639e-05 0)
(0 -2.0479636e-05 0)
(0 -1.8609613e-05 0)
(0 -1.6910388e-05 0)
(0 -1.5366349e-05 0)
(0 -1.3963317e-05 0)
(0 -1.2688409e-05 0)
(0 -1.1529919e-05 0)
(0 -1.0477214e-05 0)
(0 -9.520632e-06 0)
(0 -8.6513935e-06 0)
(0 -7.8615219e-06 0)
(0 -7.1437695e-06 0)
(0 -6.4915505e-06 0)
(0 -5.8988808e-06 0)
(0 -5.3603229e-06 0)
(0 -4.8709358e-06 0)
(0 -4.4262299e-06 0)
(0 -4.0221255e-06 0)
(0 -3.6549156e-06 0)
(0 -3.3212316e-06 0)
(0 -3.0180125e-06 0)
(0 -2.7424767e-06 0)
(0 -2.4920968e-06 0)
(0 -2.264576e-06 0)
(0 -2.0578274e-06 0)
(0 -1.8699544e-06 0)
(0 -1.6992336e-06 0)
(0 -1.5440992e-06 0)
(0 -1.4031282e-06 0)
(0 -1.2750273e-06 0)
(0 -1.1586217e-06 0)
(0 -1.0528435e-06 0)
(0 -9.5672252e-07 0)
(0 -8.6937708e-07 0)
(0 -7.9000598e-07 0)
(0 -7.1788119e-07 0)
(0 -6.5234114e-07 0)
(0 -5.9278467e-07 0)
(0 -5.3866548e-07 0)
(0 -4.8948719e-07 0)
(0 -4.4479869e-07 0)
(0 -4.0419008e-07 0)
(0 -3.6728888e-07 0)
(0 -3.3375662e-07 0)
(0 -3.0328572e-07 0)
(0 -2.7559669e-07 0)
(0 -2.5043556e-07 0)
(0 -2.2757152e-07 0)
(0 -2.0679487e-07 0)
(0 -1.8791504e-07 0)
(0 -1.7075884e-07 0)
(0 -1.5516891e-07 0)
(0 -1.4100226e-07 0)
(0 -1.2812894e-07 0)
(0 -1.1643087e-07 0)
(0 -1.0580076e-07 0)
(0 -9.6141096e-08 0)
(0 -8.7363279e-08 0)
(0 -7.9386795e-08 0)
(0 -7.213848e-08 0)
(0 -6.5551849e-08 0)
(0 -5.9566488e-08 0)
(0 -5.4127495e-08 0)
(0 -4.9184982e-08 0)
(0 -4.4693615e-08 0)
(0 -4.0612196e-08 0)
(0 -3.6903289e-08 0)
(0 -3.3532874e-08 0)
(0 -3.0470037e-08 0)
(0 -2.7686684e-08 0)
(0 -2.5157284e-08 0)
(0 -2.2858638e-08 0)
(0 -2.0769661e-08 0)
(0 -1.8871191e-08 0)
(0 -1.7145816e-08 0)
(0 -1.5577709e-08 0)
(0 -1.4152488e-08 0)
(0 -1.2857079e-08 0)
(0 -1.1679601e-08 0)
(0 -1.0609253e-08 0)
(0 -9.6362169e-09 0)
(0 -8.7515685e-09 0)
(0 -7.9471931e-09 0)
(0 -7.2157126e-09 0)
(0 -6.5504177e-09 0)
(0 -5.9452059e-09 0)
(0 -5.3945259e-09 0)
(0 -4.8933268e-09 0)
(0 -4.4370113e-09 0)
(0 -4.0213939e-09 0)
(0 -3.6426624e-09 0)
(0 -3.2973429e-09 0)
(0 -2.9822679e-09 0)
(0 -2.6945476e-09 0)
(0 -2.4315428e-09 0)
(0 -2.190841e-09 0)
(0 -1.9702346e-09 0)
(0 -1.7677e-09 0)
(0 -1.5813794e-09 0)
(0 -1.409564e-09 0)
(0 -1.2506776e-09 0)
(0 -1.1032629e-09 0)
(0 -9.6596786e-10 0)
(0 -8.3753305e-10 0)
(0 -7.1678043e-10 0)
(0 -6.0260242e-10 0)
(0 -4.9395173e-10 0)
(0 -3.8983176e-10 0)
(0 -2.8928749e-10 0)
(0 -1.9139669e-10 0)
(0 -9.5261457e-11 0)
(0 0 0)
(0 -0.001 0)
(0 -0.00099012818 0)
(0 -0.0010187209 0)
(0 -0.00088779259 0)
(0 -0.00078351833 0)
(0 -0.00069693601 0)
(0 -0.00062316386 0)
(0 -0.00055924449 0)
(0 -0.00050322603 0)
(0 -0.00045373166 0)
(0 -0.00040973936 0)
(0 -0.00037046026 0)
(0 -0.00033526691 0)
(0 -0.00030364817 0)
(0 -0.00027517962 0)
(0 -0.00024950328 0)
(0 -0.00022631327 0)
(0 -0.00020534548 0)
(0 -0.00018636983 0)
(0 -0.00016918444 0)
(0 -0.00015361106 0)
(0 -0.00013949157 0)
(0 -0.00012668511 0)
(0 -0.00011506574 0)
(0 -0.00010452058 0)
(0 -9.4948175e-05 0)
(0 -8.6257212e-05 0)
(0 -7.8365332e-05 0)
(0 -7.1198174e-05 0)
(0 -6.4688517e-05 0)
(0 -5.8775542e-05 0)
(0 -5.3404183e-05 0)
(0 -4.8524547e-05 0)
(0 -4.4091409e-05 0)
(0 -4.0063753e-05 0)
(0 -3.6404373e-05 0)
(0 -3.3079507e-05 0)
(0 -3.0058508e-05 0)
(0 -2.7313554e-05 0)
(0 -2.4819385e-05 0)
(0 -2.2553059e-05 0)
(0 -2.0493742e-05 0)
(0 -1.8622509e-05 0)
(0 -1.6922171e-05 0)
(0 -1.537711e-05 0)
(0 -1.3973139e-05 0)
(0 -1.269737e-05 0)
(0 -1.1538093e-05 0)
(0 -1.0484667e-05 0)
(0 -9.5274245e-06 0)
(0 -8.6575828e-06 0)
(0 -7.8671603e-06 0)
(0 -7.1489047e-06 0)
(0 -6.4962265e-06 0)
(0 -5.9031378e-06 0)
(0 -5.3641978e-06 0)
(0 -4.8744624e-06 0)
(0 -4.429439e-06 0)
(0 -4.0250454e-06 0)
(0 -3.657572e-06 0)
(0 -3.323648e-06 0)
(0 -3.0202103e-06 0)
(0 -2.7444756e-06 0)
(0 -2.4939146e-06 0)
(0 -2.2662291e-06 0)
(0 -2.0593305e-06 0)
(0 -1.8713211e-06 0)
(0 -1.7004762e-06 0)
(0 -1.5452289e-06 0)
(0 -1.4041552e-06 0)
(0 -1.2759609e-06 0)
(0 -1.1594704e-06 0)
(0 -1.053615e-06 0)
(0 -9.5742377e-07 0)
(0 -8.7001448e-07 0)
(0 -7.9058533e-07 0)
(0 -7.1840777e-07 0)
(0 -6.5281974e-07 0)
(0 -5.9321966e-07 0)
(0 -5.3906083e-07 0)
(0 -4.898465e-07 0)
(0 -4.4512524e-07 0)
(0 -4.0448686e-07 0)
(0 -3.675586e-07 0)
(0 -3.3400174e-07 0)
(0 -3.0350848e-07 0)
(0 -2.7579913e-07 0)
(0 -2.5061953e-07 0)
(0 -2.2773871e-07 0)
(0 -2.0694681e-07 0)
(0 -1.8805311e-07 0)
(0 -1.7088431e-07 0)
(0 -1.5528293e-07 0)
(0 -1.4110587e-07 0)
(0 -1.282231e-07 0)
(0 -1.1651644e-07 0)
(0 -1.0587852e-07 0)
(0 -9.6211756e-08 0)
(0 -8.742749e-08 0)
(0 -7.9445144e-08 0)
(0 -7.2191503e-08 0)
(0 -6.5600032e-08 0)
(0 -5.9610272e-08 0)
(0 -5.4167282e-08 0)
(0 -4.9221137e-08 0)
(0 -4.4726468e-08 0)
(0 -4.0642049e-08 0)
(0 -3.6930416e-08 0)
(0 -3.3557524e-08 0)
(0 -3.0492436e-08 0)
(0 -2.7707037e-08 0)
(0 -2.5175778e-08 0)
(0 -2.2875442e-08 0)
(0 -2.0784929e-08 0)
(0 -1.8885064e-08 0)
(0 -1.7158421e-08 0)
(0 -1.5589161e-08 0)
(0 -1.4162892e-08 0)
(0 -1.2866531e-08 0)
(0 -1.1688187e-08 0)
(0 -1.0617052e-08 0)
(0 -9.6433011e-09 0)
(0 -8.7580024e-09 0)
(0 -7.9530356e-09 0)
(0 -7.2210174e-09 0)
(0 -6.5552334e-09 0)
(0 -5.9495766e-09 0)
(0 -5.3984918e-09 0)
(0 -4.8969243e-09 0)
(0 -4.4402733e-09 0)
(0 -4.0243503e-09 0)
(0 -3.6453404e-09 0)
(0 -3.299767e-09 0)
(0 -2.9844604e-09 0)
(0 -2.6965286e-09 0)
(0 -2.4333304e-09 0)
(0 -2.1924517e-09 0)
(0 -1.9716831e-09 0)
(0 -1.7689996e-09 0)
(0 -1.582542e-09 0)
(0 -1.4106002e-09 0)
(0 -1.2515971e-09 0)
(0 -1.104074e-09 0)
(0 -9.6667802e-10 0)
(0 -8.3814879e-10 0)
(0 -7.1730739e-10 0)
(0 -6.0304544e-10 0)
(0 -4.9431487e-10 0)
(0 -3.9011836e-10 0)
(0 -2.8950017e-10 0)
(0 -1.915374e-10 0)
(0 -9.5331491e-11 0)
(0 0 0)
(0 -0.001 0)
(0 -0.001 0)
(0 -0.001 0)
(0 -0.001 0)
(0 -0.001 0)
(0 -0.001 0)
(0 -0.001 0)
(0 -0.001 0)
(0 -0.001 0)
(0 -0.001 0)
(0 -0.001 0)
(0 -0.001 0)
(0 -0.001 0)
(0 -0.001 0)
(0 -0.001 0)
(0 -0.001 0)
(0 -0.001 0)
(0 -0.001 0)
(0 -0.001 0)
(0 -0.001 0)
(0 -0.001 0)
(0 -0.001 0)
(0 -0.001 0)
(0 -0.001 0)
(0 -0.001 0)
(0 -0.001 0)
(0 -0.001 0)
(0 -0.001 0)
(0 -0.00096987576 0)
(0 -0.0010071257 0)
(0 -0.00088130636 0)
(0 -0.00077943284 0)
(0 -0.00069411797 0)
(0 -0.00062109574 0)
(0 -0.00055766229 0)
(0 -0.00050198021 0)
(0 -0.00045272989 0)
(0 -0.00040892078 0)
(0 -0.00036978279 0)
(0 -0.00033470036 0)
(0 -0.00030317025 0)
(0 -0.00027477349 0)
(0 -0.00024915595 0)
(0 -0.00022601458 0)
(0 -0.00020508737 0)
(0 -0.00018614582 0)
(0 -0.00016898925 0)
(0 -0.0001534404 0)
(0 -0.00013934188 0)
(0 -0.00012655342 0)
(0 -0.00011494958 0)
(0 -0.00010441787 0)
(0 -9.485716e-05 0)
(0 -8.617639e-05 0)
(0 -7.8293427e-05 0)
(0 -7.1134089e-05 0)
(0 -6.463131e-05 0)
(0 -5.8724401e-05 0)
(0 -5.3358401e-05 0)
(0 -4.8483511e-05 0)
(0 -4.4054583e-05 0)
(0 -4.0030672e-05 0)
(0 -3.6374627e-05 0)
(0 -3.3052734e-05 0)
(0 -3.0034392e-05 0)
(0 -2.7291815e-05 0)
(0 -2.4799775e-05 0)
(0 -2.2535358e-05 0)
(0 -2.0477755e-05 0)
(0 -1.8608063e-05 0)
(0 -1.6909109e-05 0)
(0 -1.5365296e-05 0)
(0 -1.3962449e-05 0)
(0 -1.2687694e-05 0)
(0 -1.152933e-05 0)
(0 -1.0476729e-05 0)
(0 -9.520233e-06 0)
(0 -8.6510652e-06 0)
(0 -7.8612519e-06 0)
(0 -7.1435476e-06 0)
(0 -6.4913682e-06 0)
(0 -5.8987311e-06 0)
(0 -5.3602e-06 0)
(0 -4.8708351e-06 0)
(0 -4.4261474e-06 0)
(0 -4.022058e-06 0)
(0 -3.6548604e-06 0)
(0 -3.3211865e-06 0)
(0 -3.0179757e-06 0)
(0 -2.7424467e-06 0)
(0 -2.4920724e-06 0)
(0 -2.2645563e-06 0)
(0 -2.0578114e-06 0)
(0 -1.8699414e-06 0)
(0 -1.6992232e-06 0)
(0 -1.5440909e-06 0)
(0 -1.4031214e-06 0)
(0 -1.275022e-06 0)
(0 -1.1586174e-06 0)
(0 -1.0528402e-06 0)
(0 -9.5671992e-07 0)
(0 -8.6937506e-07 0)
(0 -7.9000444e-07 0)
(0 -7.1788002e-07 0)
(0 -6.5234028e-07 0)
(0 -5.9278405e-07 0)
(0 -5.3866506e-07 0)
(0 -4.8948691e-07 0)
(0 -4.4479853e-07 0)
(0 -4.0419001e-07 0)
(0 -3.6728888e-07 0)
(0 -3.3375667e-07 0)
(0 -3.0328581e-07 0)
(0 -2.7559681e-07 0)
(0 -2.5043569e-07 0)
(0 -2.2757167e-07 0)
(0 -2.0679503e-07 0)
(0 -1.8791519e-07 0)
(0 -1.7075899e-07 0)
(0 -1.5516906e-07 0)
(0 -1.4100241e-07 0)
(0 -1.2812908e-07 0)
(0 -1.1643101e-07 0)
(0 -1.0580089e-07 0)
(0 -9.6141217e-08 0)
(0 -8.7363393e-08 0)
(0 -7.9386901e-08 0)
(0 -7.2138579e-08 0)
(0 -6.5551941e-08 0)
(0 -5.9566573e-08 0)
(0 -5.4127574e-08 0)
(0 -4.9185055e-08 0)
(0 -4.4693682e-08 0)
(0 -4.0612257e-08 0)
(0 -3.6903345e-08 0)
(0 -3.3532926e-08 0)
(0 -3.0470085e-08 0)
(0 -2.7686727e-08 0)
(0 -2.5157324e-08 0)
(0 -2.2858675e-08 0)
(0 -2.0769694e-08 0)
(0 -1.8871222e-08 0)
(0 -1.7145844e-08 0)
(0 -1.5577735e-08 0)
(0 -1.4152511e-08 0)
(0 -1.28571e-08 0)
(0 -1.167962e-08 0)
(0 -1.060927e-08 0)
(0 -9.6362329e-09 0)
(0 -8.7515831e-09 0)
(0 -7.9472064e-09 0)
(0 -7.2157247e-09 0)
(0 -6.5504287e-09 0)
(0 -5.9452158e-09 0)
(0 -5.394535e-09 0)
(0 -4.893335e-09 0)
(0 -4.4370188e-09 0)
(0 -4.0214007e-09 0)
(0 -3.6426685e-09 0)
(0 -3.2973484e-09 0)
(0 -2.982273e-09 0)
(0 -2.6945522e-09 0)
(0 -2.4315469e-09 0)
(0 -2.1908447e-09 0)
(0 -1.970238e-09 0)
(0 -1.767703e-09 0)
(0 -1.5813821e-09 0)
(0 -1.4095664e-09 0)
(0 -1.2506797e-09 0)
(0 -1.1032648e-09 0)
(0 -9.659695e-10 0)
(0 -8.3753447e-10 0)
(0 -7.1678165e-10 0)
(0 -6.0260344e-10 0)
(0 -4.9395257e-10 0)
(0 -3.8983242e-10 0)
(0 -2.8928799e-10 0)
(0 -1.9139702e-10 0)
(0 -9.5261618e-11 0)
(0 0 0)
(0 -0.00076123549 0)
(0 -0.00084768538 0)
(0 -0.00087990573 0)
(0 -0.00089758908 0)
(0 -0.00090836243 0)
(0 -0.00091541914 0)
(0 -0.00092028365 0)
(0 -0.00092375971 0)
(0 -0.00092630552 0)
(0 -0.00092819873 0)
(0 -0.0009296155 0)
(0 -0.00093067134 0)
(0 -0.00093144346 0)
(0 -0.0009319834 0)
(0 -0.0009323244 0)
(0 -0.00093248556 0)
(0 -0.00093247387 0)
(0 -0.00093228456 0)
(0 -0.00093189962 0)
(0 -0.00093128417 0)
(0 -0.00093037891 0)
(0 -0.00092908549 0)
(0 -0.00092723693 0)
(0 -0.00092453226 0)
(0 -0.00092037167 0)
(0 -0.00091332837 0)
(0 -0.00089813249 0)
(0 -0.00089363584 0)
(0 -0.00094022305 0)
(0 -0.0009894639 0)
(0 -0.00087111892 0)
(0 -0.00077274438 0)
(0 -0.00068934912 0)
(0 -0.00061749909 0)
(0 -0.000554842 0)
(0 -0.0004997062 0)
(0 -0.00045085794 0)
(0 -0.00040735505 0)
(0 -0.00036845658 0)
(0 -0.00033356554 0)
(0 -0.00030219107 0)
(0 -0.00027392273 0)
(0 -0.00024841247 0)
(0 -0.00022536166 0)
(0 -0.00020451157 0)
(0 -0.00018563621 0)
(0 -0.00016853684 0)
(0 -0.00015303768 0)
(0 -0.00013898257 0)
(0 -0.00012623219 0)
(0 -0.00011466189 0)
(0 -0.00010415981 0)
(0 -9.4625355e-05 0)
(0 -8.5967921e-05 0)
(0 -7.8105742e-05 0)
(0 -7.0964956e-05 0)
(0 -6.4478765e-05 0)
(0 -5.8586713e-05 0)
(0 -5.3234041e-05 0)
(0 -4.837112e-05 0)
(0 -4.3952956e-05 0)
(0 -3.9938732e-05 0)
(0 -3.6291416e-05 0)
(0 -3.2977394e-05 0)
(0 -2.9966154e-05 0)
(0 -2.7229991e-05 0)
(0 -2.4743745e-05 0)
(0 -2.2484567e-05 0)
(0 -2.0431703e-05 0)
(0 -1.8566298e-05 0)
(0 -1.6871226e-05 0)
(0 -1.5330927e-05 0)
(0 -1.3931264e-05 0)
(0 -1.2659394e-05 0)
(0 -1.1503646e-05 0)
(0 -1.0453416e-05 0)
(0 -9.4990688e-06 0)
(0 -8.6318508e-06 0)
(0 -7.8438062e-06 0)
(0 -7.1277065e-06 0)
(0 -6.4769831e-06 0)
(0 -5.8856674e-06 0)
(0 -5.3483357e-06 0)
(0 -4.8600594e-06 0)
(0 -4.41636e-06 0)
(0 -4.0131679e-06 0)
(0 -3.6467851e-06 0)
(0 -3.3138509e-06 0)
(0 -3.0113119e-06 0)
(0 -2.7363931e-06 0)
(0 -2.4865729e-06 0)
(0 -2.25956e-06 0)
(0 -2.0532722e-06 0)
(0 -1.8658175e-06 0)
(0 -1.6954764e-06 0)
(0 -1.5406867e-06 0)
(0 -1.4000285e-06 0)
(0 -1.2722118e-06 0)
(0 -1.1560641e-06 0)
(0 -1.0505202e-06 0)
(0 -9.54612e-07 0)
(0 -8.6745977e-07 0)
(0 -7.8826414e-07 0)
(0 -7.1629873e-07 0)
(0 -6.5090345e-07 0)
(0 -5.9147848e-07 0)
(0 -5.3747875e-07 0)
(0 -4.8840896e-07 0)
(0 -4.4381904e-07 0)
(0 -4.0329998e-07 0)
(0 -3.6648014e-07 0)
(0 -3.330218e-07 0)
(0 -3.0261805e-07 0)
(0 -2.7499003e-07 0)
(0 -2.4988432e-07 0)
(0 -2.2707065e-07 0)
(0 -2.0633976e-07 0)
(0 -1.875015e-07 0)
(0 -1.7038307e-07 0)
(0 -1.5482747e-07 0)
(0 -1.40692e-07 0)
(0 -1.2784702e-07 0)
(0 -1.161747e-07 0)
(0 -1.0556799e-07 0)
(0 -9.5929583e-08 0)
(0 -8.7171083e-08 0)
(0 -7.9212151e-08 0)
(0 -7.1979785e-08 0)
(0 -6.5407647e-08 0)
(0 -5.9435455e-08 0)
(0 -5.4008428e-08 0)
(0 -4.907679e-08 0)
(0 -4.4595303e-08 0)
(0 -4.0522863e-08 0)
(0 -3.6822115e-08 0)
(0 -3.3459115e-08 0)
(0 -3.0403016e-08 0)
(0 -2.7625785e-08 0)
(0 -2.510195e-08 0)
(0 -2.280836e-08 0)
(0 -2.0723978e-08 0)
(0 -1.8829684e-08 0)
(0 -1.7108104e-08 0)
(0 -1.5543447e-08 0)
(0 -1.412136e-08 0)
(0 -1.2828801e-08 0)
(0 -1.1653912e-08 0)
(0 -1.0585918e-08 0)
(0 -9.6150228e-09 0)
(0 -8.7323201e-09 0)
(0 -7.9297139e-09 0)
(0 -7.1998423e-09 0)
(0 -6.5360107e-09 0)
(0 -5.93213e-09 0)
(0 -5.3826612e-09 0)
(0 -4.8825644e-09 0)
(0 -4.4272526e-09 0)
(0 -4.0125493e-09 0)
(0 -3.6346507e-09 0)
(0 -3.2900907e-09 0)
(0 -2.9757088e-09 0)
(0 -2.6886213e-09 0)
(0 -2.4261949e-09 0)
(0 -2.1860225e-09 0)
(0 -1.9659013e-09 0)
(0 -1.7638122e-09 0)
(0 -1.5779014e-09 0)
(0 -1.4064638e-09 0)
(0 -1.2479269e-09 0)
(0 -1.1008364e-09 0)
(0 -9.6384334e-10 0)
(0 -8.35691e-10 0)
(0 -7.1520396e-10 0)
(0 -6.0127707e-10 0)
(0 -4.9286534e-10 0)
(0 -3.8897438e-10 0)
(0 -2.8865124e-10 0)
(0 -1.9097574e-10 0)
(0 -9.5051941e-11 0)
(0 0 0)
(0 -0.00076188612 0)
(0 -0.00096977651 0)
(0 -0.001046189 0)
(0 -0.0010887047 0)
(0 -0.0011146858 0)
(0 -0.0011317406 0)
(0 -0.0011435133 0)
(0 -0.0011519331 0)
(0 -0.0011581035 0)
(0 -0.001162694 0)
(0 -0.0011661304 0)
(0 -0.0011686919 0)
(0 -0.0011705653 0)
(0 -0.0011718756 0)
(0 -0.0011727033 0)
(0 -0.0011730946 0)
(0 -0.0011730666 0)
(0 -0.0011726076 0)
(0 -0.0011716743 0)
(0 -0.0011701823 0)
(0 -0.0011679885 0)
(0 -0.0011648559 0)
(0 -0.0011603832 0)
(0 -0.0011538502 0)
(0 -0.0011438372 0)
(0 -0.0011271053 0)
(0 -0.0010943915 0)
(0 -0.0010192553 0)
(0 -0.00098309138 0)
(0 -0.0009679396 0)
(0 -0.00085787917 0)
(0 -0.00076371587 0)
(0 -0.00068275212 0)
(0 -0.0006124382 0)
(0 -0.00055082077 0)
(0 -0.00049642722 0)
(0 -0.0004481313 0)
(0 -0.00040505294 0)
(0 -0.00036648939 0)
(0 -0.0003318682 0)
(0 -0.00030071499 0)
(0 -0.00027263074 0)
(0 -0.00024727551 0)
(0 -0.00022435664 0)
(0 -0.00020361984 0)
(0 -0.00018484247 0)
(0 -0.0001678284 0)
(0 -0.00015240393 0)
(0 -0.00013841451 0)
(0 -0.00012572216 0)
(0 -0.00011420328 0)
(0 -0.00010374692 0)
(0 -9.4253229e-05 0)
(0 -8.5632212e-05 0)
(0 -7.7802635e-05 0)
(0 -7.0691088e-05 0)
(0 -6.4231159e-05 0)
(0 -5.8362726e-05 0)
(0 -5.3031321e-05 0)
(0 -4.8187569e-05 0)
(0 -4.3786698e-05 0)
(0 -3.9788088e-05 0)
(0 -3.6154877e-05 0)
(0 -3.2853608e-05 0)
(0 -2.9853903e-05 0)
(0 -2.7128179e-05 0)
(0 -2.4651384e-05 0)
(0 -2.2400766e-05 0)
(0 -2.0355656e-05 0)
(0 -1.849728e-05 0)
(0 -1.6808579e-05 0)
(0 -1.5274057e-05 0)
(0 -1.3879633e-05 0)
(0 -1.2612515e-05 0)
(0 -1.1461078e-05 0)
(0 -1.041476e-05 0)
(0 -9.4639642e-06 0)
(0 -8.5999686e-06 0)
(0 -7.8148493e-06 0)
(0 -7.1014051e-06 0)
(0 -6.4530928e-06 0)
(0 -5.8639663e-06 0)
(0 -5.3286224e-06 0)
(0 -4.8421514e-06 0)
(0 -4.4000915e-06 0)
(0 -3.9983884e-06 0)
(0 -3.6333579e-06 0)
(0 -3.3016522e-06 0)
(0 -3.0002289e-06 0)
(0 -2.7263237e-06 0)
(0 -2.4774242e-06 0)
(0 -2.2512477e-06 0)
(0 -2.0457198e-06 0)
(0 -1.8589554e-06 0)
(0 -1.6892415e-06 0)
(0 -1.5350215e-06 0)
(0 -1.394881e-06 0)
(0 -1.2675346e-06 0)
(0 -1.1518143e-06 0)
(0 -1.0466586e-06 0)
(0 -9.5110313e-07 0)
(0 -8.6427141e-07 0)
(0 -7.8536702e-07 0)
(0 -7.1366622e-07 0)
(0 -6.4851138e-07 0)
(0 -5.8930487e-07 0)
(0 -5.3550365e-07 0)
(0 -4.8661424e-07 0)
(0 -4.4218821e-07 0)
(0 -4.0181808e-07 0)
(0 -3.6513357e-07 0)
(0 -3.3179818e-07 0)
(0 -3.0150617e-07 0)
(0 -2.7397968e-07 0)
(0 -2.4896623e-07 0)
(0 -2.2623639e-07 0)
(0 -2.0558167e-07 0)
(0 -1.8681263e-07 0)
(0 -1.697571e-07 0)
(0 -1.5425865e-07 0)
(0 -1.4017513e-07 0)
(0 -1.2737734e-07 0)
(0 -1.157479e-07 0)
(0 -1.0518016e-07 0)
(0 -9.5577163e-08 0)
(0 -8.6850841e-08 0)
(0 -7.892115e-08 0)
(0 -7.1715355e-08 0)
(0 -6.5167362e-08 0)
(0 -5.921711e-08 0)
(0 -5.3810021e-08 0)
(0 -4.88965e-08 0)
(0 -4.4431478e-08 0)
(0 -4.0373998e-08 0)
(0 -3.6686846e-08 0)
(0 -3.33362e-08 0)
(0 -3.0291328e-08 0)
(0 -2.75243e-08 0)
(0 -2.5009736e-08 0)
(0 -2.2724572e-08 0)
(0 -2.0647847e-08 0)
(0 -1.8760512e-08 0)
(0 -1.7045257e-08 0)
(0 -1.5486347e-08 0)
(0 -1.4069485e-08 0)
(0 -1.2781674e-08 0)
(0 -1.1611101e-08 0)
(0 -1.0547031e-08 0)
(0 -9.5797017e-09 0)
(0 -8.7002417e-09 0)
(0 -7.9005839e-09 0)
(0 -7.1733936e-09 0)
(0 -6.5120005e-09 0)
(0 -5.9103382e-09 0)
(0 -5.3628879e-09 0)
(0 -4.8646283e-09 0)
(0 -4.410989e-09 0)
(0 -3.9978091e-09 0)
(0 -3.6212988e-09 0)
(0 -3.2780045e-09 0)
(0 -2.9647775e-09 0)
(0 -2.6787446e-09 0)
(0 -2.4172822e-09 0)
(0 -2.1779922e-09 0)
(0 -1.9586796e-09 0)
(0 -1.7573328e-09 0)
(0 -1.572105e-09 0)
(0 -1.4012971e-09 0)
(0 -1.2433426e-09 0)
(0 -1.0967925e-09 0)
(0 -9.6030265e-10 0)
(0 -8.3262108e-10 0)
(0 -7.1257665e-10 0)
(0 -5.9906827e-10 0)
(0 -4.910548e-10 0)
(0 -3.8754547e-10 0)
(0 -2.8759088e-10 0)
(0 -1.9027419e-10 0)
(0 -9.4702767e-11 0)
(0 0 0)
(0 -0.00074483279 0)
(0 -0.0010529494 0)
(0 -0.0011697889 0)
(0 -0.0012354265 0)
(0 -0.0012760351 0)
(0 -0.0013028881 0)
(0 -0.0013215092 0)
(0 -0.0013348668 0)
(0 -0.0013446756 0)
(0 -0.0013519834 0)
(0 -0.0013574593 0)
(0 -0.0013615443 0)
(0 -0.0013645337 0)
(0 -0.0013666254 0)
(0 -0.0013679473 0)
(0 -0.001368573 0)
(0 -0.0013685297 0)
(0 -0.0013677993 0)
(0 -0.0013663133 0)
(0 -0.0013639392 0)
(0 -0.0013604521 0)
(0 -0.0013554821 0)
(0 -0.0013484075 0)
(0 -0.0013381293 0)
(0 -0.00132254 0)
(0 -0.0012971439 0)
(0 -0.0012514159 0)
(0 -0.0011672592 0)
(0 -0.0010557465 0)
(0 -0.0009442801 0)
(0 -0.00084216693 0)
(0 -0.00075261298 0)
(0 -0.00067446562 0)
(0 -0.00060599143 0)
(0 -0.00054564606 0)
(0 -0.00049217373 0)
(0 -0.00044457042 0)
(0 -0.00040202883 0)
(0 -0.00036389165 0)
(0 -0.00032961614 0)
(0 -0.00029874799 0)
(0 -0.00027090217 0)
(0 -0.00024574879 0)
(0 -0.00022300254 0)
(0 -0.00020241462 0)
(0 -0.00018376661 0)
(0 -0.00016686565 0)
(0 -0.00015154058 0)
(0 -0.00013763893 0)
(0 -0.00012502437 0)
(0 -0.00011357468 0)
(0 -0.00010318001 0)
(0 -9.3741477e-05 0)
(0 -8.5169873e-05 0)
(0 -7.7384645e-05 0)
(0 -7.0312961e-05 0)
(0 -6.3888914e-05 0)
(0 -5.8052815e-05 0)
(0 -5.2750576e-05 0)
(0 -4.7933157e-05 0)
(0 -4.3556078e-05 0)
(0 -3.9578979e-05 0)
(0 -3.5965229e-05 0)
(0 -3.2681573e-05 0)
(0 -2.9697816e-05 0)
(0 -2.6986539e-05 0)
(0 -2.4522835e-05 0)
(0 -2.2284084e-05 0)
(0 -2.0249733e-05 0)
(0 -1.8401113e-05 0)
(0 -1.6721263e-05 0)
(0 -1.519477e-05 0)
(0 -1.3807633e-05 0)
(0 -1.2547127e-05 0)
(0 -1.1401692e-05 0)
(0 -1.0360822e-05 0)
(0 -9.4149714e-06 0)
(0 -8.5554663e-06 0)
(0 -7.7744243e-06 0)
(0 -7.0646827e-06 0)
(0 -6.4197328e-06 0)
(0 -5.8336599e-06 0)
(0 -5.3010896e-06 0)
(0 -4.8171376e-06 0)
(0 -4.3773658e-06 0)
(0 -3.9777412e-06 0)
(0 -3.6145988e-06 0)
(0 -3.2846082e-06 0)
(0 -2.9847431e-06 0)
(0 -2.7122533e-06 0)
(0 -2.4646399e-06 0)
(0 -2.2396317e-06 0)
(0 -2.0351652e-06 0)
(0 -1.8493652e-06 0)
(0 -1.6805275e-06 0)
(0 -1.5271036e-06 0)
(0 -1.3876864e-06 0)
(0 -1.2609972e-06 0)
(0 -1.145874e-06 0)
(0 -1.0412609e-06 0)
(0 -9.4619845e-07 0)
(0 -8.5981469e-07 0)
(0 -7.8131731e-07 0)
(0 -7.0998636e-07 0)
(0 -6.4516757e-07 0)
(0 -5.8626642e-07 0)
(0 -5.3274266e-07 0)
(0 -4.8410537e-07 0)
(0 -4.3990844e-07 0)
(0 -3.9974649e-07 0)
(0 -3.6325113e-07 0)
(0 -3.3008763e-07 0)
(0 -2.999518e-07 0)
(0 -2.7256724e-07 0)
(0 -2.4768275e-07 0)
(0 -2.250701e-07 0)
(0 -2.0452188e-07 0)
(0 -1.858496e-07 0)
(0 -1.68882e-07 0)
(0 -1.5346345e-07 0)
(0 -1.3945253e-07 0)
(0 -1.2672072e-07 0)
(0 -1.1515124e-07 0)
(0 -1.0463797e-07 0)
(0 -9.5084477e-08 0)
(0 -8.6403139e-08 0)
(0 -7.8514326e-08 0)
(0 -7.1345676e-08 0)
(0 -6.4831438e-08 0)
(0 -5.8911859e-08 0)
(0 -5.3532644e-08 0)
(0 -4.8644451e-08 0)
(0 -4.4202445e-08 0)
(0 -4.0165881e-08 0)
(0 -3.6497736e-08 0)
(0 -3.3164362e-08 0)
(0 -3.0135185e-08 0)
(0 -2.7382421e-08 0)
(0 -2.4880819e-08 0)
(0 -2.2607434e-08 0)
(0 -2.0541414e-08 0)
(0 -1.8663808e-08 0)
(0 -1.6957394e-08 0)
(0 -1.540652e-08 0)
(0 -1.3996961e-08 0)
(0 -1.2715788e-08 0)
(0 -1.155125e-08 0)
(0 -1.0492664e-08 0)
(0 -9.5303216e-09 0)
(0 -8.655395e-09 0)
(0 -7.8598592e-09 0)
(0 -7.1364172e-09 0)
(0 -6.4784334e-09 0)
(0 -5.8798724e-09 0)
(0 -5.3352441e-09 0)
(0 -4.8395528e-09 0)
(0 -4.3882519e-09 0)
(0 -3.9772018e-09 0)
(0 -3.6026323e-09 0)
(0 -3.2611076e-09 0)
(0 -2.9494951e-09 0)
(0 -2.6649366e-09 0)
(0 -2.404822e-09 0)
(0 -2.1667654e-09 0)
(0 -1.9485833e-09 0)
(0 -1.7482743e-09 0)
(0 -1.5640013e-09 0)
(0 -1.394074e-09 0)
(0 -1.2369336e-09 0)
(0 -1.0911389e-09 0)
(0 -9.5535263e-10 0)
(0 -8.2832922e-10 0)
(0 -7.0890358e-10 0)
(0 -5.9598029e-10 0)
(0 -4.8852358e-10 0)
(0 -3.8554782e-10 0)
(0 -2.8610845e-10 0)
(0 -1.8929339e-10 0)
(0 -9.4214608e-11 0)
(0 0 0)
(0 -0.00072796677 0)
(0 -0.00095967783 0)
(0 -0.0010881884 0)
(0 -0.0011645787 0)
(0 -0.0012132268 0)
(0 -0.0012459393 0)
(0 -0.0012688613 0)
(0 -0.0012854171 0)
(0 -0.0012976311 0)
(0 -0.0013067608 0)
(0 -0.0013136181 0)
(0 -0.0013187423 0)
(0 -0.0013224971 0)
(0 -0.0013251272 0)
(0 -0.0013267912 0)
(0 -0.0013275809 0)
(0 -0.0013275304 0)
(0 -0.0013266183 0)
(0 -0.0013247609 0)
(0 -0.0013217967 0)
(0 -0.0013174537 0)
(0 -0.001311289 0)
(0 -0.0013025725 0)
(0 -0.0012900522 0)
(0 -0.0012714573 0)
(0 -0.0012424357 0)
(0 -0.0011947405 0)
(0 -0.0011179552 0)
(0 -0.0010198448 0)
(0 -0.00091903305 0)
(0 -0.00082448451 0)
(0 -0.00073970704 0)
(0 -0.00066464137 0)
(0 -0.00059824858 0)
(0 -0.00053937381 0)
(0 -0.00048698237 0)
(0 -0.00044020038 0)
(0 -0.00039830044 0)
(0 -0.00036067632 0)
(0 -0.00032681909 0)
(0 -0.00029629753 0)
(0 -0.00026874289 0)
(0 -0.00024383699 0)
(0 -0.00022130313 0)
(0 -0.00020089904 0)
(0 -0.00018241124 0)
(0 -0.00016565076 0)
(0 -0.0001504495 0)
(0 -0.00013665742 0)
(0 -0.00012414021 0)
(0 -0.00011277727 0)
(0 -0.00010246012 0)
(0 -9.3091018e-05 0)
(0 -8.4581716e-05 0)
(0 -7.6852488e-05 0)
(0 -6.9831213e-05 0)
(0 -6.3452597e-05 0)
(0 -5.7657486e-05 0)
(0 -5.239226e-05 0)
(0 -4.7608292e-05 0)
(0 -4.3261462e-05 0)
(0 -3.9311735e-05 0)
(0 -3.5722765e-05 0)
(0 -3.2461553e-05 0)
(0 -2.9498132e-05 0)
(0 -2.6805287e-05 0)
(0 -2.4358294e-05 0)
(0 -2.2134697e-05 0)
(0 -2.0114092e-05 0)
(0 -1.8277944e-05 0)
(0 -1.660941e-05 0)
(0 -1.5093187e-05 0)
(0 -1.3715372e-05 0)
(0 -1.2463328e-05 0)
(0 -1.1325575e-05 0)
(0 -1.029168e-05 0)
(0 -9.3521633e-06 0)
(0 -8.4984099e-06 0)
(0 -7.7225912e-06 0)
(0 -7.0175936e-06 0)
(0 -6.3769524e-06 0)
(0 -5.7947932e-06 0)
(0 -5.2657778e-06 0)
(0 -4.785055e-06 0)
(0 -4.3482167e-06 0)
(0 -3.9512569e-06 0)
(0 -3.5905354e-06 0)
(0 -3.2627442e-06 0)
(0 -2.9648772e-06 0)
(0 -2.6942028e-06 0)
(0 -2.4482386e-06 0)
(0 -2.224729e-06 0)
(0 -2.021624e-06 0)
(0 -1.837061e-06 0)
(0 -1.6693473e-06 0)
(0 -1.5169447e-06 0)
(0 -1.3784554e-06 0)
(0 -1.2526093e-06 0)
(0 -1.1382522e-06 0)
(0 -1.0343352e-06 0)
(0 -9.3990519e-07 0)
(0 -8.5409614e-07 0)
(0 -7.7612099e-07 0)
(0 -7.0526455e-07 0)
(0 -6.4087694e-07 0)
(0 -5.8236758e-07 0)
(0 -5.2919984e-07 0)
(0 -4.8088605e-07 0)
(0 -4.3698308e-07 0)
(0 -3.9708823e-07 0)
(0 -3.6083559e-07 0)
(0 -3.2789265e-07 0)
(0 -2.9795724e-07 0)
(0 -2.7075479e-07 0)
(0 -2.4603579e-07 0)
(0 -2.2357351e-07 0)
(0 -2.0316193e-07 0)
(0 -1.8461382e-07 0)
(0 -1.6775905e-07 0)
(0 -1.5244303e-07 0)
(0 -1.3852527e-07 0)
(0 -1.2587812e-07 0)
(0 -1.1438557e-07 0)
(0 -1.0394221e-07 0)
(0 -9.4452246e-08 0)
(0 -8.5828634e-08 0)
(0 -7.7992275e-08 0)
(0 -7.0871292e-08 0)
(0 -6.4400368e-08 0)
(0 -5.852015e-08 0)
(0 -5.3176702e-08 0)
(0 -4.8321012e-08 0)
(0 -4.3908541e-08 0)
(0 -3.9898818e-08 0)
(0 -3.6255062e-08 0)
(0 -3.2943852e-08 0)
(0 -2.9934816e-08 0)
(0 -2.7200355e-08 0)
(0 -2.4715386e-08 0)
(0 -2.2457118e-08 0)
(0 -2.0404834e-08 0)
(0 -1.8539713e-08 0)
(0 -1.6844645e-08 0)
(0 -1.5304083e-08 0)
(0 -1.3903896e-08 0)
(0 -1.2631242e-08 0)
(0 -1.1474446e-08 0)
(0 -1.0422899e-08 0)
(0 -9.466955e-09 0)
(0 -8.5978457e-09 0)
(0 -7.8075993e-09 0)
(0 -7.0889675e-09 0)
(0 -6.4353586e-09 0)
(0 -5.8407775e-09 0)
(0 -5.2997704e-09 0)
(0 -4.8073749e-09 0)
(0 -4.3590747e-09 0)
(0 -3.9507577e-09 0)
(0 -3.5786786e-09 0)
(0 -3.2394247e-09 0)
(0 -2.9298841e-09 0)
(0 -2.6472176e-09 0)
(0 -2.3888325e-09 0)
(0 -2.1523587e-09 0)
(0 -1.9356273e-09 0)
(0 -1.7366502e-09 0)
(0 -1.5536024e-09 0)
(0 -1.3848048e-09 0)
(0 -1.2287093e-09 0)
(0 -1.083884e-09 0)
(0 -9.4900055e-10 0)
(0 -8.2282171e-10 0)
(0 -7.0419012e-10 0)
(0 -5.9201766e-10 0)
(0 -4.8527542e-10 0)
(0 -3.8298433e-10 0)
(0 -2.8420613e-10 0)
(0 -1.8803479e-10 0)
(0 -9.3588181e-11 0)
(0 0 0)
(0 -0.00067267906 0)
(0 -0.00088272566 0)
(0 -0.0010143302 0)
(0 -0.0010975438 0)
(0 -0.0011523659 0)
(0 -0.0011899874 0)
(0 -0.0012166925 0)
(0 -0.0012361473 0)
(0 -0.0012505853 0)
(0 -0.0012614227 0)
(0 -0.0012695872 0)
(0 -0.0012757018 0)
(0 -0.0012801899 0)
(0 -0.001283338 0)
(0 -0.0012853326 0)
(0 -0.0012862823 0)
(0 -0.0012862282 0)
(0 -0.001285146 0)
(0 -0.0012829398 0)
(0 -0.0012794238 0)
(0 -0.0012742882 0)
(0 -0.0012670358 0)
(0 -0.0012568648 0)
(0 -0.0012424501 0)
(0 -0.0012215302 0)
(0 -0.0011901994 0)
(0 -0.0011422482 0)
(0 -0.0010716979 0)
(0 -0.0009842278 0)
(0 -0.00089279098 0)
(0 -0.00080526739 0)
(0 -0.00072526237 0)
(0 -0.00065343707 0)
(0 -0.00058930682 0)
(0 -0.0005320664 0)
(0 -0.00048089476 0)
(0 -0.00043504997 0)
(0 -0.0003938884 0)
(0 -0.0003568586 0)
(0 -0.00032348852 0)
(0 -0.00029337251 0)
(0 -0.00026615991 0)
(0 -0.00024154572 0)
(0 -0.00021926302 0)
(0 -0.00019907688 0)
(0 -0.00018077953 0)
(0 -0.00016418641 0)
(0 -0.00014913295 0)
(0 -0.00013547195 0)
(0 -0.00012307137 0)
(0 -0.00011181254 0)
(0 -0.00010158855 0)
(0 -9.2302992e-05 0)
(0 -8.3868748e-05 0)
(0 -7.620706e-05 0)
(0 -6.9246641e-05 0)
(0 -6.292292e-05 0)
(0 -5.7177376e-05 0)
(0 -5.1956944e-05 0)
(0 -4.7213484e-05 0)
(0 -4.290331e-05 0)
(0 -3.898677e-05 0)
(0 -3.542786e-05 0)
(0 -3.2193887e-05 0)
(0 -2.9255157e-05 0)
(0 -2.6584699e-05 0)
(0 -2.415801e-05 0)
(0 -2.1952832e-05 0)
(0 -1.9948939e-05 0)
(0 -1.8127956e-05 0)
(0 -1.6473187e-05 0)
(0 -1.4969459e-05 0)
(0 -1.3602987e-05 0)
(0 -1.2361242e-05 0)
(0 -1.123284e-05 0)
(0 -1.0207438e-05 0)
(0 -9.2756332e-06 0)
(0 -8.4288839e-06 0)
(0 -7.6594268e-06 0)
(0 -6.9602075e-06 0)
(0 -6.3248149e-06 0)
(0 -5.7474235e-06 0)
(0 -5.2227391e-06 0)
(0 -4.7459509e-06 0)
(0 -4.3126869e-06 0)
(0 -3.9189745e-06 0)
(0 -3.5612032e-06 0)
(0 -3.2360923e-06 0)
(0 -2.9406605e-06 0)
(0 -2.6721986e-06 0)
(0 -2.4282447e-06 0)
(0 -2.2065615e-06 0)
(0 -2.0051161e-06 0)
(0 -1.822061e-06 0)
(0 -1.6557173e-06 0)
(0 -1.5045595e-06 0)
(0 -1.3672014e-06 0)
(0 -1.2423831e-06 0)
(0 -1.1289599e-06 0)
(0 -1.0258915e-06 0)
(0 -9.3223257e-07 0)
(0 -8.4712417e-07 0)
(0 -7.6978566e-07 0)
(0 -6.9950773e-07 0)
(0 -6.3564578e-07 0)
(0 -5.7761409e-07 0)
(0 -5.2488039e-07 0)
(0 -4.76961e-07 0)
(0 -4.3341641e-07 0)
(0 -3.9384722e-07 0)
(0 -3.5789051e-07 0)
(0 -3.2521646e-07 0)
(0 -2.955254e-07 0)
(0 -2.6854498e-07 0)
(0 -2.4402774e-07 0)
(0 -2.2174881e-07 0)
(0 -2.0150382e-07 0)
(0 -1.831071e-07 0)
(0 -1.663899e-07 0)
(0 -1.5119889e-07 0)
(0 -1.3739472e-07 0)
(0 -1.2485079e-07 0)
(0 -1.1345204e-07 0)
(0 -1.0309391e-07 0)
(0 -9.3681399e-08 0)
(0 -8.5128167e-08 0)
(0 -7.7355765e-08 0)
(0 -7.0292898e-08 0)
(0 -6.3874786e-08 0)
(0 -5.8042558e-08 0)
(0 -5.274272e-08 0)
(0 -4.7926658e-08 0)
(0 -4.3550198e-08 0)
(0 -3.9573199e-08 0)
(0 -3.595918e-08 0)
(0 -3.2674994e-08 0)
(0 -2.9690516e-08 0)
(0 -2.6978371e-08 0)
(0 -2.4513682e-08 0)
(0 -2.2273843e-08 0)
(0 -2.0238309e-08 0)
(0 -1.8388409e-08 0)
(0 -1.6707175e-08 0)
(0 -1.5179185e-08 0)
(0 -1.3790426e-08 0)
(0 -1.2528158e-08 0)
(0 -1.1380803e-08 0)
(0 -1.0337837e-08 0)
(0 -9.3896947e-09 0)
(0 -8.5276783e-09 0)
(0 -7.7438812e-09 0)
(0 -7.0311142e-09 0)
(0 -6.3828394e-09 0)
(0 -5.7931107e-09 0)
(0 -5.2565188e-09 0)
(0 -4.7681418e-09 0)
(0 -4.3235001e-09 0)
(0 -3.9185154e-09 0)
(0 -3.5494729e-09 0)
(0 -3.2129876e-09 0)
(0 -2.9059732e-09 0)
(0 -2.6256136e-09 0)
(0 -2.3693371e-09 0)
(0 -2.1347932e-09 0)
(0 -1.9198306e-09 0)
(0 -1.7224773e-09 0)
(0 -1.5409234e-09 0)
(0 -1.3735034e-09 0)
(0 -1.2186818e-09 0)
(0 -1.0750384e-09 0)
(0 -9.4125574e-10 0)
(0 -8.1610664e-10 0)
(0 -6.9844321e-10 0)
(0 -5.8718619e-10 0)
(0 -4.8131508e-10 0)
(0 -3.7985879e-10 0)
(0 -2.8188672e-10 0)
(0 -1.8650023e-10 0)
(0 -9.2824406e-11 0)
(0 0 0)
(0 -0.00062887945 0)
(0 -0.00081875566 0)
(0 -0.00094843302 0)
(0 -0.0010351651 0)
(0 -0.0010943246 0)
(0 -0.0011358271 0)
(0 -0.0011657165 0)
(0 -0.0011877059 0)
(0 -0.0012041369 0)
(0 -0.0012165306 0)
(0 -0.0012259008 0)
(0 -0.0012329367 0)
(0 -0.0012381114 0)
(0 -0.001241747 0)
(0 -0.0012440545 0)
(0 -0.0012451576 0)
(0 -0.0012451037 0)
(0 -0.0012438672 0)
(0 -0.0012413423 0)
(0 -0.001237325 0)
(0 -0.001231478 0)
(0 -0.0012232685 0)
(0 -0.0012118589 0)
(0 -0.0011959185 0)
(0 -0.0011733111 0)
(0 -0.0011406871 0)
(0 -0.0010934663 0)
(0 -0.0010282405 0)
(0 -0.00094930849 0)
(0 -0.00086596215 0)
(0 -0.0007848701 0)
(0 -0.00070952144 0)
(0 -0.00064100842 0)
(0 -0.00057926647 0)
(0 -0.0005237902 0)
(0 -0.00047395618 0)
(0 -0.00042915107 0)
(0 -0.00038881581 0)
(0 -0.00035245567 0)
(0 -0.00031963754 0)
(0 -0.00028998309 0)
(0 -0.00026316128 0)
(0 -0.00023888149 0)
(0 -0.00021688749 0)
(0 -0.00019695254 0)
(0 -0.00017887516 0)
(0 -0.00016247573 0)
(0 -0.00014759362 0)
(0 -0.00013408481 0)
(0 -0.00012181986 0)
(0 -0.00011068224 0)
(0 -0.00010056684 0)
(0 -9.1378757e-05 0)
(0 -8.3032173e-05 0)
(0 -7.5449431e-05 0)
(0 -6.8560198e-05 0)
(0 -6.2300735e-05 0)
(0 -5.6613249e-05 0)
(0 -5.1445313e-05 0)
(0 -4.674935e-05 0)
(0 -4.2482177e-05 0)
(0 -3.8604584e-05 0)
(0 -3.5080965e-05 0)
(0 -3.1878982e-05 0)
(0 -2.8969258e-05 0)
(0 -2.6325107e-05 0)
(0 -2.3922284e-05 0)
(0 -2.1738761e-05 0)
(0 -1.975452e-05 0)
(0 -1.7951375e-05 0)
(0 -1.6312798e-05 0)
(0 -1.482377e-05 0)
(0 -1.3470645e-05 0)
(0 -1.2241021e-05 0)
(0 -1.1123626e-05 0)
(0 -1.010822e-05 0)
(0 -9.1854942e-06 0)
(0 -8.3469911e-06 0)
(0 -7.5850244e-06 0)
(0 -6.892609e-06 0)
(0 -6.2633972e-06 0)
(0 -5.6916206e-06 0)
(0 -5.1720371e-06 0)
(0 -4.6998829e-06 0)
(0 -4.270829e-06 0)
(0 -3.8809414e-06 0)
(0 -3.5266452e-06 0)
(0 -3.2046917e-06 0)
(0 -2.9121286e-06 0)
(0 -2.6462732e-06 0)
(0 -2.4046875e-06 0)
(0 -2.1851561e-06 0)
(0 -1.9856657e-06 0)
(0 -1.8043871e-06 0)
(0 -1.6396576e-06 0)
(0 -1.4899665e-06 0)
(0 -1.3539411e-06 0)
(0 -1.2303337e-06 0)
(0 -1.1180108e-06 0)
(0 -1.0159423e-06 0)
(0 -9.2319188e-07 0)
(0 -8.3890901e-07 0)
(0 -7.6232065e-07 0)
(0 -6.9272435e-07 0)
(0 -6.2948179e-07 0)
(0 -5.7201292e-07 0)
(0 -5.1979064e-07 0)
(0 -4.7233598e-07 0)
(0 -4.2921368e-07 0)
(0 -3.9002822e-07 0)
(0 -3.5442019e-07 0)
(0 -3.22063e-07 0)
(0 -2.9265986e-07 0)
(0 -2.6594107e-07 0)
(0 -2.4166157e-07 0)
(0 -2.1959867e-07 0)
(0 -1.9955e-07 0)
(0 -1.8133166e-07 0)
(0 -1.6477656e-07 0)
(0 -1.4973285e-07 0)
(0 -1.3606253e-07 0)
(0 -1.2364023e-07 0)
(0 -1.1235201e-07 0)
(0 -1.0209431e-07 0)
(0 -9.2773066e-08 0)
(0 -8.4302769e-08 0)
(0 -7.6605728e-08 0)
(0 -6.9611344e-08 0)
(0 -6.3255462e-08 0)
(0 -5.7479784e-08 0)
(0 -5.2231333e-08 0)
(0 -4.7461967e-08 0)
(0 -4.3127942e-08 0)
(0 -3.9189503e-08 0)
(0 -3.5610526e-08 0)
(0 -3.2358183e-08 0)
(0 -2.9402642e-08 0)
(0 -2.6716793e-08 0)
(0 -2.4276002e-08 0)
(0 -2.205788e-08 0)
(0 -2.0042082e-08 0)
(0 -1.8210119e-08 0)
(0 -1.6545185e-08 0)
(0 -1.5032011e-08 0)
(0 -1.3656717e-08 0)
(0 -1.2406687e-08 0)
(0 -1.1270457e-08 0)
(0 -1.0237604e-08 0)
(0 -9.2986543e-09 0)
(0 -8.4449958e-09 0)
(0 -7.6687983e-09 0)
(0 -6.9629421e-09 0)
(0 -6.3209529e-09 0)
(0 -5.736942e-09 0)
(0 -5.2055528e-09 0)
(0 -4.721911e-09 0)
(0 -4.2815805e-09 0)
(0 -3.8805224e-09 0)
(0 -3.515058e-09 0)
(0 -3.1818353e-09 0)
(0 -2.8777976e-09 0)
(0 -2.6001562e-09 0)
(0 -2.3463646e-09 0)
(0 -2.1140948e-09 0)
(0 -1.9012163e-09 0)
(0 -1.7057766e-09 0)
(0 -1.525983e-09 0)
(0 -1.3601863e-09 0)
(0 -1.2068657e-09 0)
(0 -1.0646151e-09 0)
(0 -9.3212954e-10 0)
(0 -8.0819386e-10 0)
(0 -6.9167127e-10 0)
(0 -5.8149297e-10 0)
(0 -4.7664836e-10 0)
(0 -3.7617577e-10 0)
(0 -2.7915361e-10 0)
(0 -1.8469197e-10 0)
(0 -9.1924402e-11 0)
(0 0 0)
(0 -0.00059327766 0)
(0 -0.00076473912 0)
(0 -0.00088956674 0)
(0 -0.00097727207 0)
(0 -0.0010391424 0)
(0 -0.0010835395 0)
(0 -0.0011160091 0)
(0 -0.0011401529 0)
(0 -0.0011583306 0)
(0 -0.0011721165 0)
(0 -0.001182581 0)
(0 -0.0011904619 0)
(0 -0.0011962712 0)
(0 -0.0012003602 0)
(0 -0.0012029608 0)
(0 -0.0012042095 0)
(0 -0.00120416 0)
(0 -0.0012027863 0)
(0 -0.0011999758 0)
(0 -0.0011955119 0)
(0 -0.0011890397 0)
(0 -0.0011800087 0)
(0 -0.0011675768 0)
(0 -0.0011504581 0)
(0 -0.0011267092 0)
(0 -0.0010935417 0)
(0 -0.0010476172 0)
(0 -0.00098703131 0)
(0 -0.00091513608 0)
(0 -0.00083879873 0)
(0 -0.0007635691 0)
(0 -0.00069269527 0)
(0 -0.00062750103 0)
(0 -0.00056822612 0)
(0 -0.00051461261 0)
(0 -0.00046621371 0)
(0 -0.00042253739 0)
(0 -0.00038310739 0)
(0 -0.0003474861 0)
(0 -0.00031528039 0)
(0 -0.00028614044 0)
(0 -0.00025975591 0)
(0 -0.00023585149 0)
(0 -0.00021418249 0)
(0 -0.00019453097 0)
(0 -0.0001767023 0)
(0 -0.00016052226 0)
(0 -0.00014583454 0)
(0 -0.00013249863 0)
(0 -0.00012038796 0)
(0 -0.00010938836 0)
(0 -9.9396743e-05 0)
(0 -9.0319872e-05 0)
(0 -8.2073374e-05 0)
(0 -7.4580832e-05 0)
(0 -6.7772985e-05 0)
(0 -6.1587029e-05 0)
(0 -5.596599e-05 0)
(0 -5.0858162e-05 0)
(0 -4.6216607e-05 0)
(0 -4.1998708e-05 0)
(0 -3.816576e-05 0)
(0 -3.4682607e-05 0)
(0 -3.1517314e-05 0)
(0 -2.8640866e-05 0)
(0 -2.6026902e-05 0)
(0 -2.365147e-05 0)
(0 -2.1492803e-05 0)
(0 -1.9531125e-05 0)
(0 -1.7748462e-05 0)
(0 -1.612848e-05 0)
(0 -1.4656337e-05 0)
(0 -1.3318544e-05 0)
(0 -1.2102843e-05 0)
(0 -1.0998094e-05 0)
(0 -9.9941729e-06 0)
(0 -9.0818794e-06 0)
(0 -8.2528525e-06 0)
(0 -7.4994937e-06 0)
(0 -6.8148979e-06 0)
(0 -6.1927899e-06 0)
(0 -5.6274668e-06 0)
(0 -5.1137463e-06 0)
(0 -4.6469188e-06 0)
(0 -4.2227044e-06 0)
(0 -3.8372138e-06 0)
(0 -3.4869125e-06 0)
(0 -3.1685887e-06 0)
(0 -2.8793235e-06 0)
(0 -2.6164646e-06 0)
(0 -2.3776015e-06 0)
(0 -2.160544e-06 0)
(0 -1.9633015e-06 0)
(0 -1.7840653e-06 0)
(0 -1.6211917e-06 0)
(0 -1.473187e-06 0)
(0 -1.3386938e-06 0)
(0 -1.2164788e-06 0)
(0 -1.1054211e-06 0)
(0 -1.0045021e-06 0)
(0 -9.1279638e-07 0)
(0 -8.2946273e-07 0)
(0 -7.5373691e-07 0)
(0 -6.8492437e-07 0)
(0 -6.22394e-07 0)
(0 -5.6557229e-07 0)
(0 -5.1393808e-07 0)
(0 -4.6701778e-07 0)
(0 -4.2438105e-07 0)
(0 -3.8563683e-07 0)
(0 -3.5042975e-07 0)
(0 -3.1843689e-07 0)
(0 -2.8936482e-07 0)
(0 -2.6294687e-07 0)
(0 -2.3894075e-07 0)
(0 -2.1712626e-07 0)
(0 -1.9730332e-07 0)
(0 -1.7929011e-07 0)
(0 -1.629214e-07 0)
(0 -1.4804706e-07 0)
(0 -1.3453066e-07 0)
(0 -1.2224822e-07 0)
(0 -1.1108709e-07 0)
(0 -1.0094488e-07 0)
(0 -9.1728582e-08 0)
(0 -8.3353649e-08 0)
(0 -7.5743267e-08 0)
(0 -6.882763e-08 0)
(0 -6.2543306e-08 0)
(0 -5.6832653e-08 0)
(0 -5.1643292e-08 0)
(0 -4.6927622e-08 0)
(0 -4.2642392e-08 0)
(0 -3.8748293e-08 0)
(0 -3.520961e-08 0)
(0 -3.1993883e-08 0)
(0 -2.9071617e-08 0)
(0 -2.6416007e-08 0)
(0 -2.4002695e-08 0)
(0 -2.1809546e-08 0)
(0 -1.9816442e-08 0)
(0 -1.8005103e-08 0)
(0 -1.6358914e-08 0)
(0 -1.4862776e-08 0)
(0 -1.3502965e-08 0)
(0 -1.2267009e-08 0)
(0 -1.1143571e-08 0)
(0 -1.0122346e-08 0)
(0 -9.1939673e-09 0)
(0 -8.3499196e-09 0)
(0 -7.5824607e-09 0)
(0 -6.8845513e-09 0)
(0 -6.2497898e-09 0)
(0 -5.6723539e-09 0)
(0 -5.1469472e-09 0)
(0 -4.6687503e-09 0)
(0 -4.2333772e-09 0)
(0 -3.8368344e-09 0)
(0 -3.4754845e-09 0)
(0 -3.1460133e-09 0)
(0 -2.8453985e-09 0)
(0 -2.570883e-09 0)
(0 -2.3199486e-09 0)
(0 -2.0902937e-09 0)
(0 -1.8798119e-09 0)
(0 -1.6865725e-09 0)
(0 -1.508803e-09 0)
(0 -1.3448729e-09 0)
(0 -1.1932785e-09 0)
(0 -1.0526294e-09 0)
(0 -9.2163537e-10 0)
(0 -7.9909499e-10 0)
(0 -6.8388424e-10 0)
(0 -5.7494636e-10 0)
(0 -4.7128212e-10 0)
(0 -3.7194068e-10 0)
(0 -2.7601083e-10 0)
(0 -1.8261266e-10 0)
(0 -9.0889492e-11 0)
(0 0 0)
(0 -0.00055864067 0)
(0 -0.00070968401 0)
(0 -0.00082658379 0)
(0 -0.00091303717 0)
(0 -0.00097638246 0)
(0 -0.0010230794 0)
(0 -0.0010578864 0)
(0 -0.0010841206 0)
(0 -0.0011040654 0)
(0 -0.0011192995 0)
(0 -0.0011309243 0)
(0 -0.0011397137 0)
(0 -0.0011462123 0)
(0 -0.001150798 0)
(0 -0.0011537225 0)
(0 -0.0011551351 0)
(0 -0.0011550966 0)
(0 -0.0011535815 0)
(0 -0.0011504733 0)
(0 -0.0011455469 0)
(0 -0.0011384392 0)
(0 -0.0011285983 0)
(0 -0.0011152087 0)
(0 -0.001097084 0)
(0 -0.0010725524 0)
(0 -0.0010394383 0)
(0 -0.00099548219 0)
(0 -0.00093979111 0)
(0 -0.00087493626 0)
(0 -0.00080587365 0)
(0 -0.00073701732 0)
(0 -0.00067124895 0)
(0 -0.00060999674 0)
(0 -0.0005537441 0)
(0 -0.00050246587 0)
(0 -0.0004558975 0)
(0 -0.00041367991 0)
(0 -0.00037543164 0)
(0 -0.0003407825 0)
(0 -0.0003093877 0)
(0 -0.0002809325 0)
(0 -0.00025513244 0)
(0 -0.00023173152 0)
(0 -0.00021049974 0)
(0 -0.00019123049 0)
(0 -0.000173738 0)
(0 -0.00015785509 0)
(0 -0.00014343108 0)
(0 -0.00013033005 0)
(0 -0.00011842922 0)
(0 -0.00010761758 0)
(0 -9.7794668e-05 0)
(0 -8.8869512e-05 0)
(0 -8.0759659e-05 0)
(0 -7.3390346e-05 0)
(0 -6.6693754e-05 0)
(0 -6.0608336e-05 0)
(0 -5.5078223e-05 0)
(0 -5.0052682e-05 0)
(0 -4.548564e-05 0)
(0 -4.1335245e-05 0)
(0 -3.7563478e-05 0)
(0 -3.4135795e-05 0)
(0 -3.1020809e-05 0)
(0 -2.8189997e-05 0)
(0 -2.5617441e-05 0)
(0 -2.3279587e-05 0)
(0 -2.1155029e-05 0)
(0 -1.9224315e-05 0)
(0 -1.7469763e-05 0)
(0 -1.5875308e-05 0)
(0 -1.4426345e-05 0)
(0 -1.3109603e-05 0)
(0 -1.1913021e-05 0)
(0 -1.0825637e-05 0)
(0 -9.8374894e-06 0)
(0 -8.9395239e-06 0)
(0 -8.1235125e-06 0)
(0 -7.3819775e-06 0)
(0 -6.7081231e-06 0)
(0 -6.0957735e-06 0)
(0 -5.5393161e-06 0)
(0 -5.0336504e-06 0)
(0 -4.574141e-06 0)
(0 -4.1565756e-06 0)
(0 -3.7771261e-06 0)
(0 -3.4323137e-06 0)
(0 -3.1189771e-06 0)
(0 -2.8342434e-06 0)
(0 -2.5755018e-06 0)
(0 -2.3403799e-06 0)
(0 -2.1267218e-06 0)
(0 -1.9325681e-06 0)
(0 -1.7561386e-06 0)
(0 -1.5958152e-06 0)
(0 -1.4501278e-06 0)
(0 -1.3177403e-06 0)
(0 -1.1974387e-06 0)
(0 -1.0881195e-06 0)
(0 -9.887804e-07 0)
(0 -8.9851017e-07 0)
(0 -8.1648097e-07 0)
(0 -7.4194047e-07 0)
(0 -6.7420502e-07 0)
(0 -6.1265339e-07 0)
(0 -5.5672104e-07 0)
(0 -5.0589498e-07 0)
(0 -4.5970904e-07 0)
(0 -4.1773962e-07 0)
(0 -3.7960177e-07 0)
(0 -3.449457e-07 0)
(0 -3.1345354e-07 0)
(0 -2.8483645e-07 0)
(0 -2.5883195e-07 0)
(0 -2.3520152e-07 0)
(0 -2.1372842e-07 0)
(0 -1.942157e-07 0)
(0 -1.7648439e-07 0)
(0 -1.6037184e-07 0)
(0 -1.4573028e-07 0)
(0 -1.324254e-07 0)
(0 -1.2033518e-07 0)
(0 -1.093487e-07 0)
(0 -9.9365215e-08 0)
(0 -9.0293141e-08 0)
(0 -8.2049267e-08 0)
(0 -7.4557979e-08 0)
(0 -6.7750565e-08 0)
(0 -6.1564584e-08 0)
(0 -5.5943296e-08 0)
(0 -5.0835142e-08 0)
(0 -4.6193267e-08 0)
(0 -4.1975095e-08 0)
(0 -3.8141935e-08 0)
(0 -3.4658627e-08 0)
(0 -3.1493222e-08 0)
(0 -2.8616686e-08 0)
(0 -2.6002633e-08 0)
(0 -2.3627086e-08 0)
(0 -2.1468257e-08 0)
(0 -1.9506343e-08 0)
(0 -1.7723349e-08 0)
(0 -1.610292e-08 0)
(0 -1.4630195e-08 0)
(0 -1.3291663e-08 0)
(0 -1.2075048e-08 0)
(0 -1.096919e-08 0)
(0 -9.9639456e-09 0)
(0 -9.0500949e-09 0)
(0 -8.2192553e-09 0)
(0 -7.4638061e-09 0)
(0 -6.776818e-09 0)
(0 -6.1519896e-09 0)
(0 -5.5835897e-09 0)
(0 -5.0664049e-09 0)
(0 -4.5956911e-09 0)
(0 -4.167131e-09 0)
(0 -3.7767934e-09 0)
(0 -3.4210982e-09 0)
(0 -3.0967827e-09 0)
(0 -2.8008722e-09 0)
(0 -2.5306524e-09 0)
(0 -2.2836447e-09 0)
(0 -2.0575837e-09 0)
(0 -1.8503956e-09 0)
(0 -1.6601801e-09 0)
(0 -1.4851924e-09 0)
(0 -1.3238276e-09 0)
(0 -1.1746054e-09 0)
(0 -1.0361572e-09 0)
(0 -9.0721311e-10 0)
(0 -7.8659031e-10 0)
(0 -6.7318244e-10 0)
(0 -5.6594928e-10 0)
(0 -4.6390724e-10 0)
(0 -3.6612034e-10 0)
(0 -2.7169166e-10 0)
(0 -1.7975504e-10 0)
(0 -8.9467203e-11 0)
(0 0 0)
(0 -0.00062159556 0)
(0 -0.00078785145 0)
(0 -0.00090647273 0)
(0 -0.00098912308 0)
(0 -0.0010472604 0)
(0 -0.0010889405 0)
(0 -0.0011194053 0)
(0 -0.0011420397 0)
(0 -0.0011590623 0)
(0 -0.001171956 0)
(0 -0.0011817232 0)
(0 -0.0011890428 0)
(0 -0.0011943679 0)
(0 -0.0011980293 0)
(0 -0.0012002543 0)
(0 -0.0012011491 0)
(0 -0.0012008096 0)
(0 -0.0011992409 0)
(0 -0.0011963347 0)
(0 -0.0011918293 0)
(0 -0.0011853487 0)
(0 -0.001176393 0)
(0 -0.0011640691 0)
(0 -0.0011471229 0)
(0 -0.0011237228 0)
(0 -0.0010910023 0)
(0 -0.0010453687 0)
(0 -0.00098454998 0)
(0 -0.00091187852 0)
(0 -0.00083463808 0)
(0 -0.00075864117 0)
(0 -0.00068720083 0)
(0 -0.00062163973 0)
(0 -0.00056216891 0)
(0 -0.00050849542 0)
(0 -0.00046014048 0)
(0 -0.00041658558 0)
(0 -0.00037733354 0)
(0 -0.00034193035 0)
(0 -0.00030997015 0)
(0 -0.0002810932 0)
(0 -0.00025498148 0)
(0 -0.00023135363 0)
(0 -0.00020996036 0)
(0 -0.00019058016 0)
(0 -0.0001730157 0)
(0 -0.00015709079 0)
(0 -0.00014264768 0)
(0 -0.00012954488 0)
(0 -0.00011765523 0)
(0 -0.00010686425 0)
(0 -9.7068787e-05 0)
(0 -8.8175709e-05 0)
(0 -8.0100904e-05 0)
(0 -7.2768315e-05 0)
(0 -6.6109128e-05 0)
(0 -6.0061038e-05 0)
(0 -5.4567607e-05 0)
(0 -4.9577686e-05 0)
(0 -4.5044906e-05 0)
(0 -4.0927214e-05 0)
(0 -3.7186462e-05 0)
(0 -3.3788038e-05 0)
(0 -3.0700529e-05 0)
(0 -2.7895424e-05 0)
(0 -2.5346837e-05 0)
(0 -2.303127e-05 0)
(0 -2.0927382e-05 0)
(0 -1.9015796e-05 0)
(0 -1.7278913e-05 0)
(0 -1.5700749e-05 0)
(0 -1.4266787e-05 0)
(0 -1.2963838e-05 0)
(0 -1.1779924e-05 0)
(0 -1.0704163e-05 0)
(0 -9.7266682e-06 0)
(0 -8.8384588e-06 0)
(0 -8.0313755e-06 0)
(0 -7.2980053e-06 0)
(0 -6.6316132e-06 0)
(0 -6.02608e-06 0)
(0 -5.475846e-06 0)
(0 -4.9758596e-06 0)
(0 -4.5215311e-06 0)
(0 -4.1086901e-06 0)
(0 -3.7335473e-06 0)
(0 -3.3926598e-06 0)
(0 -3.0828991e-06 0)
(0 -2.8014225e-06 0)
(0 -2.5456471e-06 0)
(0 -2.3132258e-06 0)
(0 -2.102026e-06 0)
(0 -1.9101099e-06 0)
(0 -1.7357165e-06 0)
(0 -1.577246e-06 0)
(0 -1.4332442e-06 0)
(0 -1.3023902e-06 0)
(0 -1.1834834e-06 0)
(0 -1.0754329e-06 0)
(0 -9.7724749e-07 0)
(0 -8.8802646e-07 0)
(0 -8.0695132e-07 0)
(0 -7.3327831e-07 0)
(0 -6.6633159e-07 0)
(0 -6.0549705e-07 0)
(0 -5.5021662e-07 0)
(0 -4.999832e-07 0)
(0 -4.5433602e-07 0)
(0 -4.1285633e-07 0)
(0 -3.7516364e-07 0)
(0 -3.4091221e-07 0)
(0 -3.0978784e-07 0)
(0 -2.8150504e-07 0)
(0 -2.5580437e-07 0)
(0 -2.324501e-07 0)
(0 -2.1122798e-07 0)
(0 -1.9194337e-07 0)
(0 -1.7441937e-07 0)
(0 -1.5849524e-07 0)
(0 -1.4402491e-07 0)
(0 -1.3087565e-07 0)
(0 -1.1892684e-07 0)
(0 -1.0806889e-07 0)
(0 -9.8202206e-08 0)
(0 -8.9236277e-08 0)
(0 -8.1088865e-08 0)
(0 -7.3685239e-08 0)
(0 -6.6957488e-08 0)
(0 -6.0843901e-08 0)
(0 -5.5288403e-08 0)
(0 -5.0240035e-08 0)
(0 -4.5652491e-08 0)
(0 -4.1483692e-08 0)
(0 -3.76954e-08 0)
(0 -3.4252866e-08 0)
(0 -3.1124515e-08 0)
(0 -2.8281652e-08 0)
(0 -2.56982e-08 0)
(0 -2.3350463e-08 0)
(0 -2.1216907e-08 0)
(0 -1.9277961e-08 0)
(0 -1.7515841e-08 0)
(0 -1.5914384e-08 0)
(0 -1.44589e-08 0)
(0 -1.3136039e-08 0)
(0 -1.1933668e-08 0)
(0 -1.0840757e-08 0)
(0 -9.8472827e-09 0)
(0 -8.9441314e-09 0)
(0 -8.1230194e-09 0)
(0 -7.3764152e-09 0)
(0 -6.6974705e-09 0)
(0 -6.0799579e-09 0)
(0 -5.5182131e-09 0)
(0 -5.0070837e-09 0)
(0 -4.5418813e-09 0)
(0 -4.118339e-09 0)
(0 -3.7325718e-09 0)
(0 -3.3810412e-09 0)
(0 -3.060523e-09 0)
(0 -2.7680772e-09 0)
(0 -2.5010214e-09 0)
(0 -2.2569059e-09 0)
(0 -2.0334917e-09 0)
(0 -1.8287295e-09 0)
(0 -1.6407412e-09 0)
(0 -1.4678025e-09 0)
(0 -1.308327e-09 0)
(0 -1.1608521e-09 0)
(0 -1.024025e-09 0)
(0 -8.9659065e-10 0)
(0 -7.7738021e-10 0)
(0 -6.6530022e-10 0)
(0 -5.5932264e-10 0)
(0 -4.584754e-10 0)
(0 -3.6183348e-10 0)
(0 -2.6851045e-10 0)
(0 -1.776503e-10 0)
(0 -8.8419641e-11 0)
(0 0 0)
(0 -0.00066147114 0)
(0 -0.00084376112 0)
(0 -0.00096600372 0)
(0 -0.0010473205 0)
(0 -0.0011027752 0)
(0 -0.0011417206 0)
(0 -0.0011697923 0)
(0 -0.0011904498 0)
(0 -0.0012058844 0)
(0 -0.0012175267 0)
(0 -0.0012263248 0)
(0 -0.0012329075 0)
(0 -0.001237675 0)
(0 -0.0012409355 0)
(0 -0.0012429079 0)
(0 -0.0012436576 0)
(0 -0.001243305 0)
(0 -0.0012418683 0)
(0 -0.0012392521 0)
(0 -0.0012351796 0)
(0 -0.0012292772 0)
(0 -0.0012211149 0)
(0 -0.0012097494 0)
(0 -0.0011938922 0)
(0 -0.0011716176 0)
(0 -0.0011394937 0)
(0 -0.0010926394 0)
(0 -0.0010271282 0)
(0 -0.0009472122 0)
(0 -0.00086279027 0)
(0 -0.00078083451 0)
(0 -0.00070486202 0)
(0 -0.00063594579 0)
(0 -0.00057398061 0)
(0 -0.00051841937 0)
(0 -0.00046860349 0)
(0 -0.0004238921 0)
(0 -0.00038370509 0)
(0 -0.0003475317 0)
(0 -0.0003149266 0)
(0 -0.00028550208 0)
(0 -0.00025891987 0)
(0 -0.00023488374 0)
(0 -0.0002131332 0)
(0 -0.0001934382 0)
(0 -0.00017559478 0)
(0 -0.00015942149 0)
(0 -0.00014475636 0)
(0 -0.00013145448 0)
(0 -0.00011938585 0)
(0 -0.00010843361 0)
(0 -9.8492606e-05 0)
(0 -8.9467985e-05 0)
(0 -8.1274153e-05 0)
(0 -7.3833764e-05 0)
(0 -6.7076868e-05 0)
(0 -6.0940165e-05 0)
(0 -5.5366329e-05 0)
(0 -5.0303425e-05 0)
(0 -4.5704376e-05 0)
(0 -4.1526499e-05 0)
(0 -3.7731076e-05 0)
(0 -3.4282982e-05 0)
(0 -3.1150343e-05 0)
(0 -2.8304226e-05 0)
(0 -2.5718371e-05 0)
(0 -2.3368933e-05 0)
(0 -2.1234263e-05 0)
(0 -1.9294701e-05 0)
(0 -1.7532391e-05 0)
(0 -1.5931117e-05 0)
(0 -1.447615e-05 0)
(0 -1.3154111e-05 0)
(0 -1.1952846e-05 0)
(0 -1.0861314e-05 0)
(0 -9.8694866e-06 0)
(0 -8.9682508e-06 0)
(0 -8.1493284e-06 0)
(0 -7.4051984e-06 0)
(0 -6.7290274e-06 0)
(0 -6.1146069e-06 0)
(0 -5.5562959e-06 0)
(0 -5.0489691e-06 0)
(0 -4.5879696e-06 0)
(0 -4.1690661e-06 0)
(0 -3.7884138e-06 0)
(0 -3.4425193e-06 0)
(0 -3.1282083e-06 0)
(0 -2.8425966e-06 0)
(0 -2.5830634e-06 0)
(0 -2.3472271e-06 0)
(0 -2.132924e-06 0)
(0 -1.9381877e-06 0)
(0 -1.7612315e-06 0)
(0 -1.600432e-06 0)
(0 -1.4543139e-06 0)
(0 -1.3215366e-06 0)
(0 -1.200882e-06 0)
(0 -1.0912433e-06 0)
(0 -9.9161471e-07 0)
(0 -9.0108216e-07 0)
(0 -8.1881521e-07 0)
(0 -7.4405918e-07 0)
(0 -6.7612829e-07 0)
(0 -6.1439942e-07 0)
(0 -5.5830629e-07 0)
(0 -5.0733437e-07 0)
(0 -4.6101609e-07 0)
(0 -4.1892657e-07 0)
(0 -3.8067972e-07 0)
(0 -3.4592471e-07 0)
(0 -3.1434273e-07 0)
(0 -2.856441e-07 0)
(0 -2.5956557e-07 0)
(0 -2.3586792e-07 0)
(0 -2.1433378e-07 0)
(0 -1.9476562e-07 0)
(0 -1.7698397e-07 0)
(0 -1.608257e-07 0)
(0 -1.461426e-07 0)
(0 -1.328e-07 0)
(0 -1.2067551e-07 0)
(0 -1.0965791e-07 0)
(0 -9.964615e-08 0)
(0 -9.054839e-08 0)
(0 -8.2281182e-08 0)
(0 -7.4768695e-08 0)
(0 -6.7942021e-08 0)
(0 -6.1738542e-08 0)
(0 -5.6101357e-08 0)
(0 -5.0978759e-08 0)
(0 -4.6323761e-08 0)
(0 -4.2093664e-08 0)
(0 -3.824967e-08 0)
(0 -3.4756518e-08 0)
(0 -3.1582168e-08 0)
(0 -2.8697504e-08 0)
(0 -2.6076065e-08 0)
(0 -2.3693807e-08 0)
(0 -2.152888e-08 0)
(0 -1.9561424e-08 0)
(0 -1.7773394e-08 0)
(0 -1.6148389e-08 0)
(0 -1.4671503e-08 0)
(0 -1.3329192e-08 0)
(0 -1.2109141e-08 0)
(0 -1.100016e-08 0)
(0 -9.992077e-09 0)
(0 -9.0756458e-09 0)
(0 -8.2424603e-09 0)
(0 -7.484878e-09 0)
(0 -6.7959501e-09 0)
(0 -6.1693576e-09 0)
(0 -5.5993529e-09 0)
(0 -5.0807079e-09 0)
(0 -4.6086652e-09 0)
(0 -4.1788951e-09 0)
(0 -3.7874555e-09 0)
(0 -3.4307561e-09 0)
(0 -3.105525e-09 0)
(0 -2.8087791e-09 0)
(0 -2.5377964e-09 0)
(0 -2.2900915e-09 0)
(0 -2.0633922e-09 0)
(0 -1.8556192e-09 0)
(0 -1.6648667e-09 0)
(0 -1.4893851e-09 0)
(0 -1.3275647e-09 0)
(0 -1.1779213e-09 0)
(0 -1.0390823e-09 0)
(0 -9.0977413e-10 0)
(0 -7.8881082e-10 0)
(0 -6.7508281e-10 0)
(0 -5.6754693e-10 0)
(0 -4.6521683e-10 0)
(0 -3.6715388e-10 0)
(0 -2.7245863e-10 0)
(0 -1.8026248e-10 0)
(0 -8.9719765e-11 0)
(0 0 0)
(0 -0.00070939106 0)
(0 -0.0009089825 0)
(0 -0.0010319572 0)
(0 -0.0011096088 0)
(0 -0.001160919 0)
(0 -0.0011962444 0)
(0 -0.0012213777 0)
(0 -0.001239712 0)
(0 -0.001253332 0)
(0 -0.0012635727 0)
(0 -0.0012713016 0)
(0 -0.0012770836 0)
(0 -0.0012812444 0)
(0 -0.0012840689 0)
(0 -0.0012857778 0)
(0 -0.0012863629 0)
(0 -0.0012859937 0)
(0 -0.0012847035 0)
(0 -0.0012824209 0)
(0 -0.0012788405 0)
(0 -0.0012735849 0)
(0 -0.0012663653 0)
(0 -0.0012561618 0)
(0 -0.0012416969 0)
(0 -0.0012210871 0)
(0 -0.0011903225 0)
(0 -0.0011428502 0)
(0 -0.0010719573 0)
(0 -0.00098322638 0)
(0 -0.00089052263 0)
(0 -0.00080205649 0)
(0 -0.00072138688 0)
(0 -0.00064913596 0)
(0 -0.00058476582 0)
(0 -0.00052742318 0)
(0 -0.00047624942 0)
(0 -0.00043047461 0)
(0 -0.00038943447 0)
(0 -0.00035256221 0)
(0 -0.00031937427 0)
(0 -0.0002894563 0)
(0 -0.00026245099 0)
(0 -0.00023804825 0)
(0 -0.00021597724 0)
(0 -0.00019600007 0)
(0 -0.00017790671 0)
(0 -0.00016151093 0)
(0 -0.00014664697 0)
(0 -0.0001331668 0)
(0 -0.00012093787 0)
(0 -0.00010984121 0)
(0 -9.9769825e-05 0)
(0 -9.0627354e-05 0)
(0 -8.2326868e-05 0)
(0 -7.4789865e-05 0)
(0 -6.7945388e-05 0)
(0 -6.1729241e-05 0)
(0 -5.6083309e-05 0)
(0 -5.0954952e-05 0)
(0 -4.6296464e-05 0)
(0 -4.2064595e-05 0)
(0 -3.8220121e-05 0)
(0 -3.4727457e-05 0)
(0 -3.1554314e-05 0)
(0 -2.8671389e-05 0)
(0 -2.605208e-05 0)
(0 -2.3672236e-05 0)
(0 -2.1509929e-05 0)
(0 -1.9545246e-05 0)
(0 -1.7760103e-05 0)
(0 -1.6138075e-05 0)
(0 -1.4664244e-05 0)
(0 -1.3325059e-05 0)
(0 -1.210821e-05 0)
(0 -1.1002513e-05 0)
(0 -9.9978106e-06 0)
(0 -9.0848728e-06 0)
(0 -8.2553147e-06 0)
(0 -7.5015182e-06 0)
(0 -6.8165616e-06 0)
(0 -6.1941563e-06 0)
(0 -5.6285884e-06 0)
(0 -5.1146663e-06 0)
(0 -4.6476728e-06 0)
(0 -4.2233219e-06 0)
(0 -3.837719e-06 0)
(0 -3.4873254e-06 0)
(0 -3.1689257e-06 0)
(0 -2.8795982e-06 0)
(0 -2.6166882e-06 0)
(0 -2.3777832e-06 0)
(0 -2.1606913e-06 0)
(0 -1.9634207e-06 0)
(0 -1.7841615e-06 0)
(0 -1.6212691e-06 0)
(0 -1.473249e-06 0)
(0 -1.3387433e-06 0)
(0 -1.2165182e-06 0)
(0 -1.1054522e-06 0)
(0 -1.0045266e-06 0)
(0 -9.1281537e-07 0)
(0 -8.2947736e-07 0)
(0 -7.5374802e-07 0)
(0 -6.8493268e-07 0)
(0 -6.2240007e-07 0)
(0 -5.6557658e-07 0)
(0 -5.1394096e-07 0)
(0 -4.6701956e-07 0)
(0 -4.2438198e-07 0)
(0 -3.856371e-07 0)
(0 -3.5042952e-07 0)
(0 -3.184363e-07 0)
(0 -2.8936395e-07 0)
(0 -2.6294582e-07 0)
(0 -2.3893958e-07 0)
(0 -2.1712501e-07 0)
(0 -1.9730204e-07 0)
(0 -1.7928882e-07 0)
(0 -1.6292012e-07 0)
(0 -1.4804582e-07 0)
(0 -1.3452946e-07 0)
(0 -1.2224708e-07 0)
(0 -1.11086e-07 0)
(0 -1.0094385e-07 0)
(0 -9.1727614e-08 0)
(0 -8.3352742e-08 0)
(0 -7.574242e-08 0)
(0 -6.8826843e-08 0)
(0 -6.2542576e-08 0)
(0 -5.6831977e-08 0)
(0 -5.1642667e-08 0)
(0 -4.6927046e-08 0)
(0 -4.2641861e-08 0)
(0 -3.8747805e-08 0)
(0 -3.5209162e-08 0)
(0 -3.1993472e-08 0)
(0 -2.907124e-08 0)
(0 -2.6415661e-08 0)
(0 -2.4002379e-08 0)
(0 -2.1809257e-08 0)
(0 -1.9816178e-08 0)
(0 -1.8004862e-08 0)
(0 -1.6358694e-08 0)
(0 -1.4862575e-08 0)
(0 -1.3502782e-08 0)
(0 -1.2266842e-08 0)
(0 -1.1143418e-08 0)
(0 -1.0122207e-08 0)
(0 -9.193841e-09 0)
(0 -8.3498046e-09 0)
(0 -7.5823561e-09 0)
(0 -6.8844561e-09 0)
(0 -6.2497032e-09 0)
(0 -5.6722752e-09 0)
(0 -5.1468757e-09 0)
(0 -4.6686854e-09 0)
(0 -4.2333183e-09 0)
(0 -3.8367809e-09 0)
(0 -3.475436e-09 0)
(0 -3.1459693e-09 0)
(0 -2.8453588e-09 0)
(0 -2.570847e-09 0)
(0 -2.3199161e-09 0)
(0 -2.0902645e-09 0)
(0 -1.8797856e-09 0)
(0 -1.6865489e-09 0)
(0 -1.5087819e-09 0)
(0 -1.344854e-09 0)
(0 -1.1932618e-09 0)
(0 -1.0526146e-09 0)
(0 -9.2162244e-10 0)
(0 -7.9908378e-10 0)
(0 -6.8387465e-10 0)
(0 -5.7493829e-10 0)
(0 -4.7127551e-10 0)
(0 -3.7193546e-10 0)
(0 -2.7600695e-10 0)
(0 -1.826101e-10 0)
(0 -9.0888217e-11 0)
(0 0 0)
(0 -0.00076866066 0)
(0 -0.0009860969 0)
(0 -0.0011050139 0)
(0 -0.0011760545 0)
(0 -0.0012215999 0)
(0 -0.0012523954 0)
(0 -0.0012740558 0)
(0 -0.0012897382 0)
(0 -0.0013013326 0)
(0 -0.0013100344 0)
(0 -0.0013166045 0)
(0 -0.001321534 0)
(0 -0.001325043 0)
(0 -0.0013273962 0)
(0 -0.0013288419 0)
(0 -0.0013292341 0)
(0 -0.0013288415 0)
(0 -0.0013277082 0)
(0 -0.0013258069 0)
(0 -0.0013227782 0)
(0 -0.0013182156 0)
(0 -0.0013121008 0)
(0 -0.001303261 0)
(0 -0.0012904842 0)
(0 -0.0012721695 0)
(0 -0.0012437899 0)
(0 -0.0011967328 0)
(0 -0.0011195505 0)
(0 -0.001019812 0)
(0 -0.00091753933 0)
(0 -0.00082201118 0)
(0 -0.00073655439 0)
(0 -0.00066105962 0)
(0 -0.00059442345 0)
(0 -0.00053543816 0)
(0 -0.00048303044 0)
(0 -0.00043629894 0)
(0 -0.00039449662 0)
(0 -0.00035700299 0)
(0 -0.0003232986 0)
(0 -0.0002929444 0)
(0 -0.00026556565 0)
(0 -0.00024083965 0)
(0 -0.00021848624 0)
(0 -0.00019826051 0)
(0 -0.00017994701 0)
(0 -0.00016335528 0)
(0 -0.00014831617 0)
(0 -0.00013467892 0)
(0 -0.00012230873 0)
(0 -0.00011108475 0)
(0 -0.00010089842 0)
(0 -9.1652005e-05 0)
(0 -8.3257425e-05 0)
(0 -7.5635163e-05 0)
(0 -6.8713375e-05 0)
(0 -6.2427082e-05 0)
(0 -5.6717477e-05 0)
(0 -5.1531301e-05 0)
(0 -4.6820293e-05 0)
(0 -4.2540709e-05 0)
(0 -3.8652876e-05 0)
(0 -3.5120807e-05 0)
(0 -3.1911851e-05 0)
(0 -2.8996373e-05 0)
(0 -2.6347474e-05 0)
(0 -2.3940732e-05 0)
(0 -2.1753974e-05 0)
(0 -1.9767065e-05 0)
(0 -1.7961717e-05 0)
(0 -1.6321323e-05 0)
(0 -1.4830796e-05 0)
(0 -1.3476434e-05 0)
(0 -1.2245789e-05 0)
(0 -1.1127553e-05 0)
(0 -1.0111452e-05 0)
(0 -9.1881541e-06 0)
(0 -8.3491792e-06 0)
(0 -7.5868235e-06 0)
(0 -6.8940876e-06 0)
(0 -6.2646117e-06 0)
(0 -5.6926175e-06 0)
(0 -5.1728549e-06 0)
(0 -4.7005532e-06 0)
(0 -4.271378e-06 0)
(0 -3.8813907e-06 0)
(0 -3.5270124e-06 0)
(0 -3.2049915e-06 0)
(0 -2.912373e-06 0)
(0 -2.6464721e-06 0)
(0 -2.4048491e-06 0)
(0 -2.1852872e-06 0)
(0 -1.9857719e-06 0)
(0 -1.8044727e-06 0)
(0 -1.6397265e-06 0)
(0 -1.4900218e-06 0)
(0 -1.3539852e-06 0)
(0 -1.2303688e-06 0)
(0 -1.1180386e-06 0)
(0 -1.0159641e-06 0)
(0 -9.2320887e-07 0)
(0 -8.3892212e-07 0)
(0 -7.6233063e-07 0)
(0 -6.9273182e-07 0)
(0 -6.2948726e-07 0)
(0 -5.720168e-07 0)
(0 -5.1979327e-07 0)
(0 -4.7233763e-07 0)
(0 -4.2921456e-07 0)
(0 -3.9002852e-07 0)
(0 -3.5442004e-07 0)
(0 -3.2206252e-07 0)
(0 -2.9265913e-07 0)
(0 -2.6594018e-07 0)
(0 -2.4166057e-07 0)
(0 -2.1959759e-07 0)
(0 -1.9954889e-07 0)
(0 -1.8133054e-07 0)
(0 -1.6477545e-07 0)
(0 -1.4973176e-07 0)
(0 -1.3606149e-07 0)
(0 -1.2363923e-07 0)
(0 -1.1235105e-07 0)
(0 -1.0209341e-07 0)
(0 -9.2772219e-08 0)
(0 -8.4301975e-08 0)
(0 -7.6604987e-08 0)
(0 -6.9610655e-08 0)
(0 -6.3254823e-08 0)
(0 -5.7479191e-08 0)
(0 -5.2230785e-08 0)
(0 -4.7461462e-08 0)
(0 -4.3127477e-08 0)
(0 -3.9189075e-08 0)
(0 -3.5610133e-08 0)
(0 -3.2357822e-08 0)
(0 -2.9402311e-08 0)
(0 -2.671649e-08 0)
(0 -2.4275725e-08 0)
(0 -2.2057627e-08 0)
(0 -2.0041851e-08 0)
(0 -1.8209907e-08 0)
(0 -1.6544992e-08 0)
(0 -1.5031835e-08 0)
(0 -1.3656556e-08 0)
(0 -1.240654e-08 0)
(0 -1.1270323e-08 0)
(0 -1.0237482e-08 0)
(0 -9.2985434e-09 0)
(0 -8.4448948e-09 0)
(0 -7.6687064e-09 0)
(0 -6.9628585e-09 0)
(0 -6.3208769e-09 0)
(0 -5.7368729e-09 0)
(0 -5.20549e-09 0)
(0 -4.7218539e-09 0)
(0 -4.2815287e-09 0)
(0 -3.8804754e-09 0)
(0 -3.5150155e-09 0)
(0 -3.1817967e-09 0)
(0 -2.8777627e-09 0)
(0 -2.6001247e-09 0)
(0 -2.3463361e-09 0)
(0 -2.1140691e-09 0)
(0 -1.9011932e-09 0)
(0 -1.7057558e-09 0)
(0 -1.5259644e-09 0)
(0 -1.3601697e-09 0)
(0 -1.206851e-09 0)
(0 -1.0646021e-09 0)
(0 -9.3211819e-10 0)
(0 -8.0818402e-10 0)
(0 -6.9166284e-10 0)
(0 -5.8148588e-10 0)
(0 -4.7664255e-10 0)
(0 -3.7617119e-10 0)
(0 -2.7915021e-10 0)
(0 -1.8468972e-10 0)
(0 -9.1923283e-11 0)
(0 0 0)
(0 -0.0007861188 0)
(0 -0.0010793223 0)
(0 -0.0011864956 0)
(0 -0.0012473403 0)
(0 -0.0012853615 0)
(0 -0.0013106869 0)
(0 -0.0013283339 0)
(0 -0.0013410335 0)
(0 -0.0013503888 0)
(0 -0.0013574124 0)
(0 -0.0013627316 0)
(0 -0.0013667638 0)
(0 -0.0013695714 0)
(0 -0.0013714078 0)
(0 -0.001372609 0)
(0 -0.0013727599 0)
(0 -0.0013723333 0)
(0 -0.001371361 0)
(0 -0.0013699024 0)
(0 -0.0013674965 0)
(0 -0.0013636376 0)
(0 -0.0013588317 0)
(0 -0.0013515641 0)
(0 -0.0013407453 0)
(0 -0.0013254733 0)
(0 -0.0013008702 0)
(0 -0.0012559933 0)
(0 -0.0011711428 0)
(0 -0.001056952 0)
(0 -0.00094347853 0)
(0 -0.00084033661 0)
(0 -0.00075011983 0)
(0 -0.00067156144 0)
(0 -0.00060285437 0)
(0 -0.00054239918 0)
(0 -0.00048890235 0)
(0 -0.00044133405 0)
(0 -0.00039886905 0)
(0 -0.00036083729 0)
(0 -0.00032668679 0)
(0 -0.00029595636 0)
(0 -0.00026825583 0)
(0 -0.0002432514 0)
(0 -0.0002206548 0)
(0 -0.00020021498 0)
(0 -0.00018171182 0)
(0 -0.00016495121 0)
(0 -0.00014976108 0)
(0 -0.00013598832 0)
(0 -0.0001234962 0)
(0 -0.00011216228 0)
(0 -0.00010187662 0)
(0 -9.2540363e-05 0)
(0 -8.4064411e-05 0)
(0 -7.6368386e-05 0)
(0 -6.9379683e-05 0)
(0 -6.3032654e-05 0)
(0 -5.7267897e-05 0)
(0 -5.2031622e-05 0)
(0 -4.7275095e-05 0)
(0 -4.2954142e-05 0)
(0 -3.9028708e-05 0)
(0 -3.546246e-05 0)
(0 -3.2222432e-05 0)
(0 -2.9278705e-05 0)
(0 -2.6604123e-05 0)
(0 -2.4174031e-05 0)
(0 -2.1966044e-05 0)
(0 -1.9959834e-05 0)
(0 -1.8136938e-05 0)
(0 -1.6480591e-05 0)
(0 -1.4975561e-05 0)
(0 -1.3608014e-05 0)
(0 -1.2365383e-05 0)
(0 -1.1236251e-05 0)
(0 -1.0210245e-05 0)
(0 -9.2779437e-06 0)
(0 -8.4307846e-06 0)
(0 -7.6609898e-06 0)
(0 -6.961492e-06 0)
(0 -6.32587e-06 0)
(0 -5.7482897e-06 0)
(0 -5.2234497e-06 0)
(0 -4.7465334e-06 0)
(0 -4.3131641e-06 0)
(0 -3.9193649e-06 0)
(0 -3.5615223e-06 0)
(0 -3.2363529e-06 0)
(0 -2.940873e-06 0)
(0 -2.6723717e-06 0)
(0 -2.4283853e-06 0)
(0 -2.2066756e-06 0)
(0 -2.0052085e-06 0)
(0 -1.8221355e-06 0)
(0 -1.6557773e-06 0)
(0 -1.5046077e-06 0)
(0 -1.3672399e-06 0)
(0 -1.2424137e-06 0)
(0 -1.1289841e-06 0)
(0 -1.0259105e-06 0)
(0 -9.3224742e-07 0)
(0 -8.4713563e-07 0)
(0 -7.6979441e-07 0)
(0 -6.9951429e-07 0)
(0 -6.356506e-07 0)
(0 -5.7761752e-07 0)
(0 -5.2488272e-07 0)
(0 -4.7696248e-07 0)
(0 -4.3341722e-07 0)
(0 -3.9384752e-07 0)
(0 -3.5789041e-07 0)
(0 -3.2521608e-07 0)
(0 -2.955248e-07 0)
(0 -2.6854423e-07 0)
(0 -2.4402689e-07 0)
(0 -2.2174789e-07 0)
(0 -2.0150288e-07 0)
(0 -1.8310615e-07 0)
(0 -1.6638895e-07 0)
(0 -1.5119796e-07 0)
(0 -1.3739383e-07 0)
(0 -1.2484993e-07 0)
(0 -1.1345122e-07 0)
(0 -1.0309314e-07 0)
(0 -9.3680672e-08 0)
(0 -8.5127487e-08 0)
(0 -7.7355129e-08 0)
(0 -7.0292307e-08 0)
(0 -6.3874237e-08 0)
(0 -5.804205e-08 0)
(0 -5.2742249e-08 0)
(0 -4.7926224e-08 0)
(0 -4.3549799e-08 0)
(0 -3.9572831e-08 0)
(0 -3.5958842e-08 0)
(0 -3.2674684e-08 0)
(0 -2.9690231e-08 0)
(0 -2.697811e-08 0)
(0 -2.4513444e-08 0)
(0 -2.2273625e-08 0)
(0 -2.023811e-08 0)
(0 -1.8388227e-08 0)
(0 -1.6707008e-08 0)
(0 -1.5179034e-08 0)
(0 -1.3790287e-08 0)
(0 -1.2528031e-08 0)
(0 -1.1380688e-08 0)
(0 -1.0337733e-08 0)
(0 -9.3895994e-09 0)
(0 -8.5275915e-09 0)
(0 -7.7438022e-09 0)
(0 -7.0310423e-09 0)
(0 -6.3827741e-09 0)
(0 -5.7930513e-09 0)
(0 -5.2564648e-09 0)
(0 -4.7680927e-09 0)
(0 -4.3234556e-09 0)
(0 -3.918475e-09 0)
(0 -3.5494363e-09 0)
(0 -3.2129545e-09 0)
(0 -2.9059432e-09 0)
(0 -2.6255864e-09 0)
(0 -2.3693126e-09 0)
(0 -2.1347711e-09 0)
(0 -1.9198107e-09 0)
(0 -1.7224595e-09 0)
(0 -1.5409074e-09 0)
(0 -1.3734892e-09 0)
(0 -1.2186692e-09 0)
(0 -1.0750273e-09 0)
(0 -9.4124597e-10 0)
(0 -8.1609817e-10 0)
(0 -6.9843596e-10 0)
(0 -5.871801e-10 0)
(0 -4.8131009e-10 0)
(0 -3.7985485e-10 0)
(0 -2.818838e-10 0)
(0 -1.864983e-10 0)
(0 -9.2823443e-11 0)
(0 0 0)
(0 -0.00080026643 0)
(0 -0.00099237846 0)
(0 -0.0010611174 0)
(0 -0.0010999624 0)
(0 -0.0011239567 0)
(0 -0.0011398242 0)
(0 -0.0011508311 0)
(0 -0.0011587294 0)
(0 -0.0011645384 0)
(0 -0.0011689039 0)
(0 -0.0011720232 0)
(0 -0.0011737179 0)
(0 -0.0011764703 0)
(0 -0.0011774036 0)
(0 -0.0011771282 0)
(0 -0.0011774864 0)
(0 -0.0011779422 0)
(0 -0.0011767859 0)
(0 -0.0011759112 0)
(0 -0.0011747056 0)
(0 -0.001173699 0)
(0 -0.0011689025 0)
(0 -0.0011653552 0)
(0 -0.0011594918 0)
(0 -0.0011491841 0)
(0 -0.0011326866 0)
(0 -0.0011010317 0)
(0 -0.0010264916 0)
(0 -0.00098565169 0)
(0 -0.00096787548 0)
(0 -0.00085659464 0)
(0 -0.00076181897 0)
(0 -0.00068048572 0)
(0 -0.00060996357 0)
(0 -0.00054824574 0)
(0 -0.00049382497 0)
(0 -0.0004455522 0)
(0 -0.00040253188 0)
(0 -0.00036405043 0)
(0 -0.00032952766 0)
(0 -0.00029848347 0)
(0 -0.00027051459 0)
(0 -0.00024527789 0)
(0 -0.00022247826 0)
(0 -0.00020185958 0)
(0 -0.00018319783 0)
(0 -0.00016629585 0)
(0 -0.0001509792 0)
(0 -0.0001370928 0)
(0 -0.00012449836 0)
(0 -0.00011307208 0)
(0 -0.00010270293 0)
(0 -9.3291073e-05 0)
(0 -8.4746608e-05 0)
(0 -7.6988437e-05 0)
(0 -6.9943323e-05 0)
(0 -6.3545063e-05 0)
(0 -5.773376e-05 0)
(0 -5.2455184e-05 0)
(0 -4.7660204e-05 0)
(0 -4.3304292e-05 0)
(0 -3.9347071e-05 0)
(0 -3.5751918e-05 0)
(0 -3.2485604e-05 0)
(0 -2.9517973e-05 0)
(0 -2.6821653e-05 0)
(0 -2.4371793e-05 0)
(0 -2.214583e-05 0)
(0 -2.0123272e-05 0)
(0 -1.8285512e-05 0)
(0 -1.6615649e-05 0)
(0 -1.5098329e-05 0)
(0 -1.3719608e-05 0)
(0 -1.2466817e-05 0)
(0 -1.1328449e-05 0)
(0 -1.0294046e-05 0)
(0 -9.3541105e-06 0)
(0 -8.5000117e-06 0)
(0 -7.7239085e-06 0)
(0 -7.0186762e-06 0)
(0 -6.3778417e-06 0)
(0 -5.7955234e-06 0)
(0 -5.2663768e-06 0)
(0 -4.7855461e-06 0)
(0 -4.348619e-06 0)
(0 -3.9515861e-06 0)
(0 -3.5908046e-06 0)
(0 -3.262964e-06 0)
(0 -2.9650565e-06 0)
(0 -2.6943488e-06 0)
(0 -2.4483573e-06 0)
(0 -2.2248253e-06 0)
(0 -2.021702e-06 0)
(0 -1.837124e-06 0)
(0 -1.669398e-06 0)
(0 -1.5169853e-06 0)
(0 -1.3784879e-06 0)
(0 -1.2526352e-06 0)
(0 -1.1382727e-06 0)
(0 -1.0343513e-06 0)
(0 -9.3991777e-07 0)
(0 -8.5410586e-07 0)
(0 -7.7612841e-07 0)
(0 -7.0527012e-07 0)
(0 -6.4088104e-07 0)
(0 -5.8237052e-07 0)
(0 -5.2920185e-07 0)
(0 -4.8088733e-07 0)
(0 -4.3698379e-07 0)
(0 -3.9708851e-07 0)
(0 -3.6083554e-07 0)
(0 -3.2789235e-07 0)
(0 -2.9795675e-07 0)
(0 -2.7075417e-07 0)
(0 -2.4603509e-07 0)
(0 -2.2357276e-07 0)
(0 -2.0316115e-07 0)
(0 -1.8461303e-07 0)
(0 -1.6775826e-07 0)
(0 -1.5244226e-07 0)
(0 -1.3852453e-07 0)
(0 -1.2587741e-07 0)
(0 -1.1438489e-07 0)
(0 -1.0394157e-07 0)
(0 -9.4451641e-08 0)
(0 -8.5828067e-08 0)
(0 -7.7991745e-08 0)
(0 -7.0870799e-08 0)
(0 -6.439991e-08 0)
(0 -5.8519726e-08 0)
(0 -5.317631e-08 0)
(0 -4.832065e-08 0)
(0 -4.3908208e-08 0)
(0 -3.9898511e-08 0)
(0 -3.625478e-08 0)
(0 -3.2943593e-08 0)
(0 -2.9934579e-08 0)
(0 -2.7200138e-08 0)
(0 -2.4715187e-08 0)
(0 -2.2456935e-08 0)
(0 -2.0404668e-08 0)
(0 -1.8539561e-08 0)
(0 -1.6844506e-08 0)
(0 -1.5303956e-08 0)
(0 -1.3903781e-08 0)
(0 -1.2631136e-08 0)
(0 -1.147435e-08 0)
(0 -1.0422812e-08 0)
(0 -9.4668753e-09 0)
(0 -8.5977731e-09 0)
(0 -7.8075333e-09 0)
(0 -7.0889075e-09 0)
(0 -6.435304e-09 0)
(0 -5.8407279e-09 0)
(0 -5.2997253e-09 0)
(0 -4.8073339e-09 0)
(0 -4.3590375e-09 0)
(0 -3.9507239e-09 0)
(0 -3.578648e-09 0)
(0 -3.239397e-09 0)
(0 -2.929859e-09 0)
(0 -2.6471949e-09 0)
(0 -2.388812e-09 0)
(0 -2.1523402e-09 0)
(0 -1.9356106e-09 0)
(0 -1.7366353e-09 0)
(0 -1.553589e-09 0)
(0 -1.3847929e-09 0)
(0 -1.2286988e-09 0)
(0 -1.0838747e-09 0)
(0 -9.489924e-10 0)
(0 -8.2281464e-10 0)
(0 -7.0418407e-10 0)
(0 -5.9201257e-10 0)
(0 -4.8527125e-10 0)
(0 -3.8298104e-10 0)
(0 -2.8420369e-10 0)
(0 -1.8803318e-10 0)
(0 -9.3587377e-11 0)
(0 0 0)
(0 -0.00092745632 0)
(0 -0.0010156395 0)
(0 -0.0010484608 0)
(0 -0.0010666076 0)
(0 -0.0010777609 0)
(0 -0.0010851107 0)
(0 -0.0010901976 0)
(0 -0.0010938425 0)
(0 -0.0010965211 0)
(0 -0.0010985283 0)
(0 -0.0010990878 0)
(0 -0.0010962598 0)
(0 -0.0011019244 0)
(0 -0.0011015595 0)
(0 -0.0010969949 0)
(0 -0.0010979642 0)
(0 -0.0010018847 0)
(0 -0.00099941152 0)
(0 -0.00099913558 0)
(0 -0.00099912264 0)
(0 -0.00093891539 0)
(0 -0.0010942567 0)
(0 -0.0010970362 0)
(0 -0.0009337384 0)
(0 -0.00099175594 0)
(0 -0.0010815371 0)
(0 -0.0010645514 0)
(0 -0.00099621403 0)
(0 -0.00094371187 0)
(0 -0.00098982568 0)
(0 -0.00087027191 0)
(0 -0.00077138347 0)
(0 -0.00068768465 0)
(0 -0.00061566453 0)
(0 -0.00055292432 0)
(0 -0.00049776344 0)
(0 -0.0004489296 0)
(0 -0.00040546829 0)
(0 -0.00036663007 0)
(0 -0.00033181188 0)
(0 -0.00030051849 0)
(0 -0.00027233617 0)
(0 -0.00024691443 0)
(0 -0.00022395277 0)
(0 -0.00020319106 0)
(0 -0.00018440227 0)
(0 -0.00016738685 0)
(0 -0.00015196847 0)
(0 -0.00013799058 0)
(0 -0.0001253136 0)
(0 -0.00011381274 0)
(0 -0.00010337606 0)
(0 -9.3903001e-05 0)
(0 -8.5303e-05 0)
(0 -7.7494399e-05 0)
(0 -7.0403466e-05 0)
(0 -6.3963559e-05 0)
(0 -5.8114387e-05 0)
(0 -5.280137e-05 0)
(0 -4.7975063e-05 0)
(0 -4.3590652e-05 0)
(0 -3.9607503e-05 0)
(0 -3.5988761e-05 0)
(0 -3.2700987e-05 0)
(0 -2.9713832e-05 0)
(0 -2.699975e-05 0)
(0 -2.4533732e-05 0)
(0 -2.229307e-05 0)
(0 -2.0257143e-05 0)
(0 -1.8407223e-05 0)
(0 -1.6726299e-05 0)
(0 -1.5198921e-05 0)
(0 -1.3811053e-05 0)
(0 -1.2549944e-05 0)
(0 -1.1404012e-05 0)
(0 -1.0362732e-05 0)
(0 -9.4165434e-06 0)
(0 -8.5567596e-06 0)
(0 -7.7754878e-06 0)
(0 -7.0655568e-06 0)
(0 -6.4204509e-06 0)
(0 -5.8342495e-06 0)
(0 -5.3015733e-06 0)
(0 -4.8175342e-06 0)
(0 -4.3776907e-06 0)
(0 -3.9780071e-06 0)
(0 -3.6148162e-06 0)
(0 -3.2847858e-06 0)
(0 -2.9848879e-06 0)
(0 -2.7123713e-06 0)
(0 -2.4647357e-06 0)
(0 -2.2397095e-06 0)
(0 -2.0352282e-06 0)
(0 -1.8494161e-06 0)
(0 -1.6805685e-06 0)
(0 -1.5271365e-06 0)
(0 -1.3877128e-06 0)
(0 -1.2610182e-06 0)
(0 -1.1458906e-06 0)
(0 -1.041274e-06 0)
(0 -9.4620865e-07 0)
(0 -8.5982257e-07 0)
(0 -7.8132334e-07 0)
(0 -7.0999089e-07 0)
(0 -6.4517091e-07 0)
(0 -5.8626881e-07 0)
(0 -5.3274431e-07 0)
(0 -4.8410643e-07 0)
(0 -4.3990904e-07 0)
(0 -3.9974673e-07 0)
(0 -3.632511e-07 0)
(0 -3.300874e-07 0)
(0 -2.9995143e-07 0)
(0 -2.7256676e-07 0)
(0 -2.476822e-07 0)
(0 -2.250695e-07 0)
(0 -2.0452125e-07 0)
(0 -1.8584897e-07 0)
(0 -1.6888137e-07 0)
(0 -1.5346284e-07 0)
(0 -1.3945193e-07 0)
(0 -1.2672015e-07 0)
(0 -1.1515069e-07 0)
(0 -1.0463745e-07 0)
(0 -9.5083993e-08 0)
(0 -8.6402686e-08 0)
(0 -7.8513902e-08 0)
(0 -7.1345282e-08 0)
(0 -6.4831071e-08 0)
(0 -5.8911519e-08 0)
(0 -5.3532329e-08 0)
(0 -4.8644161e-08 0)
(0 -4.4202178e-08 0)
(0 -4.0165636e-08 0)
(0 -3.649751e-08 0)
(0 -3.3164154e-08 0)
(0 -3.0134995e-08 0)
(0 -2.7382246e-08 0)
(0 -2.4880659e-08 0)
(0 -2.2607288e-08 0)
(0 -2.054128e-08 0)
(0 -1.8663686e-08 0)
(0 -1.6957283e-08 0)
(0 -1.5406419e-08 0)
(0 -1.3996869e-08 0)
(0 -1.2715704e-08 0)
(0 -1.1551173e-08 0)
(0 -1.0492594e-08 0)
(0 -9.5302577e-09 0)
(0 -8.6553368e-09 0)
(0 -7.8598062e-09 0)
(0 -7.1363691e-09 0)
(0 -6.4783896e-09 0)
(0 -5.8798326e-09 0)
(0 -5.3352079e-09 0)
(0 -4.83952e-09 0)
(0 -4.3882221e-09 0)
(0 -3.9771748e-09 0)
(0 -3.6026078e-09 0)
(0 -3.2610854e-09 0)
(0 -2.949475e-09 0)
(0 -2.6649184e-09 0)
(0 -2.4048056e-09 0)
(0 -2.1667506e-09 0)
(0 -1.9485699e-09 0)
(0 -1.7482624e-09 0)
(0 -1.5639906e-09 0)
(0 -1.3940644e-09 0)
(0 -1.2369251e-09 0)
(0 -1.0911315e-09 0)
(0 -9.5534609e-10 0)
(0 -8.2832355e-10 0)
(0 -7.0889872e-10 0)
(0 -5.9597621e-10 0)
(0 -4.8852024e-10 0)
(0 -3.8554518e-10 0)
(0 -2.8610649e-10 0)
(0 -1.892921e-10 0)
(0 -9.4213963e-11 0)
(0 0 0)
(0 -0.001 0)
(0 -0.001 0)
(0 -0.001 0)
(0 -0.001 0)
(0 -0.001 0)
(0 -0.001 0)
(0 -0.001 0)
(0 -0.001 0)
(0 -0.001 0)
(0 -0.001 0)
(0 -0.001 0)
(0 -0.001 0)
(0 -0.001 0)
(0 -0.001 0)
(0 -0.001 0)
(0 -0.001 0)
(0 -0.001 0)
(0 -0.001 0)
(0 -0.001 0)
(0 -0.001 0)
(0 -0.001 0)
(0 -0.001 0)
(0 -0.001 0)
(0 -0.001 0)
(0 -0.001 0)
(0 -0.001 0)
(0 -0.001 0)
(0 -0.001 0)
(0 -0.00097168241 0)
(0 -0.0010073885 0)
(0 -0.00088079035 0)
(0 -0.000778556 0)
(0 -0.00069302591 0)
(0 -0.00061988326 0)
(0 -0.00055639048 0)
(0 -0.00050068937 0)
(0 -0.00045144723 0)
(0 -0.0004076649 0)
(0 -0.00036856641 0)
(0 -0.0003335321 0)
(0 -0.00030205572 0)
(0 -0.00027371606 0)
(0 -0.00024815734 0)
(0 -0.00022507528 0)
(0 -0.00020420689 0)
(0 -0.00018532296 0)
(0 -0.00016822232 0)
(0 -0.00015272728 0)
(0 -0.00013868021 0)
(0 -0.00012594068 0)
(0 -0.00011438313 0)
(0 -0.00010389502 0)
(0 -9.4375239e-05 0)
(0 -8.5732768e-05 0)
(0 -7.7885534e-05 0)
(0 -7.0759446e-05 0)
(0 -6.4287537e-05 0)
(0 -5.840923e-05 0)
(0 -5.3069683e-05 0)
(0 -4.8219218e-05 0)
(0 -4.3812809e-05 0)
(0 -3.980963e-05 0)
(0 -3.617265e-05 0)
(0 -3.2868271e-05 0)
(0 -2.9865999e-05 0)
(0 -2.7138157e-05 0)
(0 -2.4659614e-05 0)
(0 -2.2407553e-05 0)
(0 -2.0361253e-05 0)
(0 -1.8501894e-05 0)
(0 -1.6812382e-05 0)
(0 -1.5277191e-05 0)
(0 -1.3882216e-05 0)
(0 -1.2614643e-05 0)
(0 -1.1462831e-05 0)
(0 -1.0416203e-05 0)
(0 -9.4651516e-06 0)
(0 -8.6009455e-06 0)
(0 -7.8156526e-06 0)
(0 -7.1020654e-06 0)
(0 -6.4536353e-06 0)
(0 -5.8644117e-06 0)
(0 -5.3289879e-06 0)
(0 -4.842451e-06 0)
(0 -4.4003369e-06 0)
(0 -3.9985893e-06 0)
(0 -3.6335222e-06 0)
(0 -3.3017863e-06 0)
(0 -3.0003384e-06 0)
(0 -2.7264128e-06 0)
(0 -2.4774967e-06 0)
(0 -2.2513066e-06 0)
(0 -2.0457674e-06 0)
(0 -1.8589939e-06 0)
(0 -1.6892725e-06 0)
(0 -1.5350464e-06 0)
(0 -1.3949009e-06 0)
(0 -1.2675505e-06 0)
(0 -1.1518268e-06 0)
(0 -1.0466685e-06 0)
(0 -9.5111085e-07 0)
(0 -8.6427739e-07 0)
(0 -7.8537159e-07 0)
(0 -7.1366966e-07 0)
(0 -6.4851392e-07 0)
(0 -5.8930669e-07 0)
(0 -5.3550491e-07 0)
(0 -4.8661505e-07 0)
(0 -4.4218868e-07 0)
(0 -4.0181828e-07 0)
(0 -3.6513356e-07 0)
(0 -3.3179802e-07 0)
(0 -3.0150589e-07 0)
(0 -2.7397932e-07 0)
(0 -2.4896582e-07 0)
(0 -2.2623594e-07 0)
(0 -2.0558121e-07 0)
(0 -1.8681216e-07 0)
(0 -1.6975663e-07 0)
(0 -1.542582e-07 0)
(0 -1.4017468e-07 0)
(0 -1.2737691e-07 0)
(0 -1.157475e-07 0)
(0 -1.0517977e-07 0)
(0 -9.55768e-08 0)
(0 -8.6850501e-08 0)
(0 -7.8920832e-08 0)
(0 -7.1715059e-08 0)
(0 -6.5167087e-08 0)
(0 -5.9216855e-08 0)
(0 -5.3809786e-08 0)
(0 -4.8896283e-08 0)
(0 -4.4431277e-08 0)
(0 -4.0373814e-08 0)
(0 -3.6686676e-08 0)
(0 -3.3336045e-08 0)
(0 -3.0291185e-08 0)
(0 -2.7524169e-08 0)
(0 -2.5009617e-08 0)
(0 -2.2724462e-08 0)
(0 -2.0647747e-08 0)
(0 -1.8760421e-08 0)
(0 -1.7045173e-08 0)
(0 -1.5486271e-08 0)
(0 -1.4069415e-08 0)
(0 -1.278161e-08 0)
(0 -1.1611043e-08 0)
(0 -1.0546978e-08 0)
(0 -9.5796537e-09 0)
(0 -8.700198e-09 0)
(0 -7.9005442e-09 0)
(0 -7.1733574e-09 0)
(0 -6.5119676e-09 0)
(0 -5.9103083e-09 0)
(0 -5.3628607e-09 0)
(0 -4.8646036e-09 0)
(0 -4.4109666e-09 0)
(0 -3.9977888e-09 0)
(0 -3.6212804e-09 0)
(0 -3.2779878e-09 0)
(0 -2.9647624e-09 0)
(0 -2.6787309e-09 0)
(0 -2.4172699e-09 0)
(0 -2.177981e-09 0)
(0 -1.9586696e-09 0)
(0 -1.7573238e-09 0)
(0 -1.5720969e-09 0)
(0 -1.40129e-09 0)
(0 -1.2433362e-09 0)
(0 -1.0967869e-09 0)
(0 -9.6029773e-10 0)
(0 -8.3261682e-10 0)
(0 -7.1257301e-10 0)
(0 -5.9906521e-10 0)
(0 -4.9105228e-10 0)
(0 -3.8754349e-10 0)
(0 -2.8758941e-10 0)
(0 -1.9027321e-10 0)
(0 -9.4702282e-11 0)
(0 0 0)
(0 -0.001 0)
(0 -0.00099029405 0)
(0 -0.0010187804 0)
(0 -0.00088754421 0)
(0 -0.00078308898 0)
(0 -0.0006963954 0)
(0 -0.00062256087 0)
(0 -0.00055861062 0)
(0 -0.00050258194 0)
(0 -0.00045309121 0)
(0 -0.00040911201 0)
(0 -0.00036985247 0)
(0 -0.00033468304 0)
(0 -0.00030309106 0)
(0 -0.00027465099 0)
(0 -0.000249004 0)
(0 -0.0002258436 0)
(0 -0.00020490519 0)
(0 -0.00018595834 0)
(0 -0.00016880089 0)
(0 -0.00015325441 0)
(0 -0.00013916064 0)
(0 -0.00012637864 0)
(0 -0.00011478241 0)
(0 -0.00010425904 0)
(0 -9.470711e-05 0)
(0 -8.6035298e-05 0)
(0 -7.8161287e-05 0)
(0 -7.1010757e-05 0)
(0 -6.4516539e-05 0)
(0 -5.8617871e-05 0)
(0 -5.3259744e-05 0)
(0 -4.8392325e-05 0)
(0 -4.397045e-05 0)
(0 -3.9953165e-05 0)
(0 -3.6303323e-05 0)
(0 -3.2987217e-05 0)
(0 -2.9974258e-05 0)
(0 -2.7236675e-05 0)
(0 -2.4749259e-05 0)
(0 -2.2489114e-05 0)
(0 -2.0435452e-05 0)
(0 -1.8569389e-05 0)
(0 -1.6873774e-05 0)
(0 -1.5333027e-05 0)
(0 -1.3932995e-05 0)
(0 -1.266082e-05 0)
(0 -1.150482e-05 0)
(0 -1.0454382e-05 0)
(0 -9.4998645e-06 0)
(0 -8.6325053e-06 0)
(0 -7.8443445e-06 0)
(0 -7.1281489e-06 0)
(0 -6.4773466e-06 0)
(0 -5.8859659e-06 0)
(0 -5.3485806e-06 0)
(0 -4.8602602e-06 0)
(0 -4.4165245e-06 0)
(0 -4.0133026e-06 0)
(0 -3.6468952e-06 0)
(0 -3.3139409e-06 0)
(0 -3.0113853e-06 0)
(0 -2.7364528e-06 0)
(0 -2.4866215e-06 0)
(0 -2.2595994e-06 0)
(0 -2.0533042e-06 0)
(0 -1.8658433e-06 0)
(0 -1.6954972e-06 0)
(0 -1.5407034e-06 0)
(0 -1.4000419e-06 0)
(0 -1.2722224e-06 0)
(0 -1.1560726e-06 0)
(0 -1.0505269e-06 0)
(0 -9.5461719e-07 0)
(0 -8.6746378e-07 0)
(0 -7.8826721e-07 0)
(0 -7.1630105e-07 0)
(0 -6.5090516e-07 0)
(0 -5.9147971e-07 0)
(0 -5.374796e-07 0)
(0 -4.8840951e-07 0)
(0 -4.4381936e-07 0)
(0 -4.0330012e-07 0)
(0 -3.6648014e-07 0)
(0 -3.3302169e-07 0)
(0 -3.0261787e-07 0)
(0 -2.7498979e-07 0)
(0 -2.4988405e-07 0)
(0 -2.2707036e-07 0)
(0 -2.0633945e-07 0)
(0 -1.8750119e-07 0)
(0 -1.7038276e-07 0)
(0 -1.5482716e-07 0)
(0 -1.4069171e-07 0)
(0 -1.2784674e-07 0)
(0 -1.1617443e-07 0)
(0 -1.0556773e-07 0)
(0 -9.5929341e-08 0)
(0 -8.7170856e-08 0)
(0 -7.9211939e-08 0)
(0 -7.1979587e-08 0)
(0 -6.5407464e-08 0)
(0 -5.9435285e-08 0)
(0 -5.4008271e-08 0)
(0 -4.9076644e-08 0)
(0 -4.4595169e-08 0)
(0 -4.052274e-08 0)
(0 -3.6822002e-08 0)
(0 -3.3459011e-08 0)
(0 -3.0402921e-08 0)
(0 -2.7625698e-08 0)
(0 -2.510187e-08 0)
(0 -2.2808287e-08 0)
(0 -2.0723911e-08 0)
(0 -1.8829623e-08 0)
(0 -1.7108048e-08 0)
(0 -1.5543396e-08 0)
(0 -1.4121314e-08 0)
(0 -1.2828758e-08 0)
(0 -1.1653874e-08 0)
(0 -1.0585883e-08 0)
(0 -9.6149907e-09 0)
(0 -8.732291e-09 0)
(0 -7.9296874e-09 0)
(0 -7.1998182e-09 0)
(0 -6.5359887e-09 0)
(0 -5.93211e-09 0)
(0 -5.3826431e-09 0)
(0 -4.882548e-09 0)
(0 -4.4272376e-09 0)
(0 -4.0125357e-09 0)
(0 -3.6346384e-09 0)
(0 -3.2900796e-09 0)
(0 -2.9756987e-09 0)
(0 -2.6886121e-09 0)
(0 -2.4261866e-09 0)
(0 -2.1860151e-09 0)
(0 -1.9658946e-09 0)
(0 -1.7638062e-09 0)
(0 -1.577896e-09 0)
(0 -1.406459e-09 0)
(0 -1.2479226e-09 0)
(0 -1.1008327e-09 0)
(0 -9.6384006e-10 0)
(0 -8.3568815e-10 0)
(0 -7.1520153e-10 0)
(0 -6.0127503e-10 0)
(0 -4.9286366e-10 0)
(0 -3.8897305e-10 0)
(0 -2.8865026e-10 0)
(0 -1.9097509e-10 0)
(0 -9.5051618e-11 0)
(0 0 0)
(0 -0.001 0)
(0 -0.00099687137 0)
(0 -0.001022669 0)
(0 -0.00088994255 0)
(0 -0.00078476746 0)
(0 -0.00069770798 0)
(0 -0.0006236583 0)
(0 -0.00055956389 0)
(0 -0.00050342861 0)
(0 -0.00045385342 0)
(0 -0.000409804 0)
(0 -0.00037048412 0)
(0 -0.00033526159 0)
(0 -0.00030362211 0)
(0 -0.00027513904 0)
(0 -0.00024945282 0)
(0 -0.00022625641 0)
(0 -0.00020528486 0)
(0 -0.00018630742 0)
(0 -0.00016912171 0)
(0 -0.00015354911 0)
(0 -0.00013943119 0)
(0 -0.00012662687 0)
(0 -0.00011501003 0)
(0 -0.00010446764 0)
(0 -9.4898162e-05 0)
(0 -8.6210181e-05 0)
(0 -7.8321283e-05 0)
(0 -7.1157059e-05 0)
(0 -6.4650254e-05 0)
(0 -5.8740026e-05 0)
(0 -5.3371291e-05 0)
(0 -4.8494145e-05 0)
(0 -4.4063357e-05 0)
(0 -4.003791e-05 0)
(0 -3.6380598e-05 0)
(0 -3.3057661e-05 0)
(0 -3.0038456e-05 0)
(0 -2.7295168e-05 0)
(0 -2.480254e-05 0)
(0 -2.2537639e-05 0)
(0 -2.0479636e-05 0)
(0 -1.8609613e-05 0)
(0 -1.6910388e-05 0)
(0 -1.5366349e-05 0)
(0 -1.3963317e-05 0)
(0 -1.2688409e-05 0)
(0 -1.1529919e-05 0)
(0 -1.0477214e-05 0)
(0 -9.520632e-06 0)
(0 -8.6513935e-06 0)
(0 -7.8615219e-06 0)
(0 -7.1437695e-06 0)
(0 -6.4915505e-06 0)
(0 -5.8988808e-06 0)
(0 -5.3603229e-06 0)
(0 -4.8709358e-06 0)
(0 -4.4262299e-06 0)
(0 -4.0221255e-06 0)
(0 -3.6549156e-06 0)
(0 -3.3212316e-06 0)
(0 -3.0180125e-06 0)
(0 -2.7424767e-06 0)
(0 -2.4920968e-06 0)
(0 -2.264576e-06 0)
(0 -2.0578274e-06 0)
(0 -1.8699544e-06 0)
(0 -1.6992336e-06 0)
(0 -1.5440992e-06 0)
(0 -1.4031282e-06 0)
(0 -1.2750273e-06 0)
(0 -1.1586217e-06 0)
(0 -1.0528435e-06 0)
(0 -9.5672252e-07 0)
(0 -8.6937708e-07 0)
(0 -7.9000598e-07 0)
(0 -7.1788119e-07 0)
(0 -6.5234114e-07 0)
(0 -5.9278467e-07 0)
(0 -5.3866548e-07 0)
(0 -4.8948719e-07 0)
(0 -4.4479869e-07 0)
(0 -4.0419008e-07 0)
(0 -3.6728888e-07 0)
(0 -3.3375662e-07 0)
(0 -3.0328572e-07 0)
(0 -2.7559669e-07 0)
(0 -2.5043556e-07 0)
(0 -2.2757152e-07 0)
(0 -2.0679487e-07 0)
(0 -1.8791504e-07 0)
(0 -1.7075884e-07 0)
(0 -1.5516891e-07 0)
(0 -1.4100226e-07 0)
(0 -1.2812894e-07 0)
(0 -1.1643087e-07 0)
(0 -1.0580076e-07 0)
(0 -9.6141096e-08 0)
(0 -8.7363279e-08 0)
(0 -7.9386795e-08 0)
(0 -7.213848e-08 0)
(0 -6.5551849e-08 0)
(0 -5.9566488e-08 0)
(0 -5.4127495e-08 0)
(0 -4.9184982e-08 0)
(0 -4.4693615e-08 0)
(0 -4.0612196e-08 0)
(0 -3.6903289e-08 0)
(0 -3.3532874e-08 0)
(0 -3.0470037e-08 0)
(0 -2.7686684e-08 0)
(0 -2.5157284e-08 0)
(0 -2.2858638e-08 0)
(0 -2.0769661e-08 0)
(0 -1.8871191e-08 0)
(0 -1.7145816e-08 0)
(0 -1.5577709e-08 0)
(0 -1.4152488e-08 0)
(0 -1.2857079e-08 0)
(0 -1.1679601e-08 0)
(0 -1.0609253e-08 0)
(0 -9.6362169e-09 0)
(0 -8.7515685e-09 0)
(0 -7.9471931e-09 0)
(0 -7.2157126e-09 0)
(0 -6.5504177e-09 0)
(0 -5.9452059e-09 0)
(0 -5.3945259e-09 0)
(0 -4.8933268e-09 0)
(0 -4.4370113e-09 0)
(0 -4.0213939e-09 0)
(0 -3.6426624e-09 0)
(0 -3.2973429e-09 0)
(0 -2.9822679e-09 0)
(0 -2.6945476e-09 0)
(0 -2.4315428e-09 0)
(0 -2.190841e-09 0)
(0 -1.9702346e-09 0)
(0 -1.7677e-09 0)
(0 -1.5813794e-09 0)
(0 -1.409564e-09 0)
(0 -1.2506776e-09 0)
(0 -1.1032629e-09 0)
(0 -9.6596786e-10 0)
(0 -8.3753305e-10 0)
(0 -7.1678043e-10 0)
(0 -6.0260242e-10 0)
(0 -4.9395173e-10 0)
(0 -3.8983176e-10 0)
(0 -2.8928749e-10 0)
(0 -1.9139669e-10 0)
(0 -9.5261457e-11 0)
(0 0 0)
(0 -0.001 0)
(0 -0.00099008271 0)
(0 -0.0010187204 0)
(0 -0.00088779259 0)
(0 -0.00078351833 0)
(0 -0.00069693601 0)
(0 -0.00062316386 0)
(0 -0.00055924449 0)
(0 -0.00050322603 0)
(0 -0.00045373166 0)
(0 -0.00040973936 0)
(0 -0.00037046026 0)
(0 -0.00033526691 0)
(0 -0.00030364817 0)
(0 -0.00027517962 0)
(0 -0.00024950328 0)
(0 -0.00022631327 0)
(0 -0.00020534548 0)
(0 -0.00018636983 0)
(0 -0.00016918444 0)
(0 -0.00015361106 0)
(0 -0.00013949157 0)
(0 -0.00012668511 0)
(0 -0.00011506574 0)
(0 -0.00010452058 0)
(0 -9.4948175e-05 0)
(0 -8.6257212e-05 0)
(0 -7.8365332e-05 0)
(0 -7.1198174e-05 0)
(0 -6.4688517e-05 0)
(0 -5.8775542e-05 0)
(0 -5.3404183e-05 0)
(0 -4.8524547e-05 0)
(0 -4.4091409e-05 0)
(0 -4.0063753e-05 0)
(0 -3.6404373e-05 0)
(0 -3.3079507e-05 0)
(0 -3.0058508e-05 0)
(0 -2.7313554e-05 0)
(0 -2.4819385e-05 0)
(0 -2.2553059e-05 0)
(0 -2.0493742e-05 0)
(0 -1.8622509e-05 0)
(0 -1.6922171e-05 0)
(0 -1.537711e-05 0)
(0 -1.3973139e-05 0)
(0 -1.269737e-05 0)
(0 -1.1538093e-05 0)
(0 -1.0484667e-05 0)
(0 -9.5274245e-06 0)
(0 -8.6575828e-06 0)
(0 -7.8671603e-06 0)
(0 -7.1489047e-06 0)
(0 -6.4962265e-06 0)
(0 -5.9031378e-06 0)
(0 -5.3641978e-06 0)
(0 -4.8744624e-06 0)
(0 -4.429439e-06 0)
(0 -4.0250454e-06 0)
(0 -3.657572e-06 0)
(0 -3.323648e-06 0)
(0 -3.0202103e-06 0)
(0 -2.7444756e-06 0)
(0 -2.4939146e-06 0)
(0 -2.2662291e-06 0)
(0 -2.0593305e-06 0)
(0 -1.8713211e-06 0)
(0 -1.7004762e-06 0)
(0 -1.5452289e-06 0)
(0 -1.4041552e-06 0)
(0 -1.2759609e-06 0)
(0 -1.1594704e-06 0)
(0 -1.053615e-06 0)
(0 -9.5742377e-07 0)
(0 -8.7001448e-07 0)
(0 -7.9058533e-07 0)
(0 -7.1840777e-07 0)
(0 -6.5281974e-07 0)
(0 -5.9321966e-07 0)
(0 -5.3906083e-07 0)
(0 -4.898465e-07 0)
(0 -4.4512524e-07 0)
(0 -4.0448686e-07 0)
(0 -3.675586e-07 0)
(0 -3.3400174e-07 0)
(0 -3.0350848e-07 0)
(0 -2.7579913e-07 0)
(0 -2.5061953e-07 0)
(0 -2.2773871e-07 0)
(0 -2.0694681e-07 0)
(0 -1.8805311e-07 0)
(0 -1.7088431e-07 0)
(0 -1.5528293e-07 0)
(0 -1.4110587e-07 0)
(0 -1.282231e-07 0)
(0 -1.1651644e-07 0)
(0 -1.0587852e-07 0)
(0 -9.6211756e-08 0)
(0 -8.742749e-08 0)
(0 -7.9445144e-08 0)
(0 -7.2191503e-08 0)
(0 -6.5600032e-08 0)
(0 -5.9610272e-08 0)
(0 -5.4167282e-08 0)
(0 -4.9221137e-08 0)
(0 -4.4726468e-08 0)
(0 -4.0642049e-08 0)
(0 -3.6930416e-08 0)
(0 -3.3557524e-08 0)
(0 -3.0492436e-08 0)
(0 -2.7707037e-08 0)
(0 -2.5175778e-08 0)
(0 -2.2875442e-08 0)
(0 -2.0784929e-08 0)
(0 -1.8885064e-08 0)
(0 -1.7158421e-08 0)
(0 -1.5589161e-08 0)
(0 -1.4162892e-08 0)
(0 -1.2866531e-08 0)
(0 -1.1688187e-08 0)
(0 -1.0617052e-08 0)
(0 -9.6433011e-09 0)
(0 -8.7580024e-09 0)
(0 -7.9530356e-09 0)
(0 -7.2210174e-09 0)
(0 -6.5552334e-09 0)
(0 -5.9495766e-09 0)
(0 -5.3984918e-09 0)
(0 -4.8969243e-09 0)
(0 -4.4402733e-09 0)
(0 -4.0243503e-09 0)
(0 -3.6453404e-09 0)
(0 -3.299767e-09 0)
(0 -2.9844604e-09 0)
(0 -2.6965286e-09 0)
(0 -2.4333304e-09 0)
(0 -2.1924517e-09 0)
(0 -1.9716831e-09 0)
(0 -1.7689996e-09 0)
(0 -1.582542e-09 0)
(0 -1.4106002e-09 0)
(0 -1.2515971e-09 0)
(0 -1.104074e-09 0)
(0 -9.6667802e-10 0)
(0 -8.3814879e-10 0)
(0 -7.1730739e-10 0)
(0 -6.0304544e-10 0)
(0 -4.9431487e-10 0)
(0 -3.9011836e-10 0)
(0 -2.8950017e-10 0)
(0 -1.915374e-10 0)
(0 -9.5331491e-11 0)
(0 0 0)
(0 -0.001 0)
(0 -0.001 0)
(0 -0.001 0)
(0 -0.001 0)
(0 -0.001 0)
(0 -0.001 0)
(0 -0.001 0)
(0 -0.001 0)
(0 -0.001 0)
(0 -0.001 0)
(0 -0.001 0)
(0 -0.001 0)
(0 -0.001 0)
(0 -0.001 0)
(0 -0.001 0)
(0 -0.001 0)
(0 -0.001 0)
(0 -0.001 0)
(0 -0.001 0)
(0 -0.001 0)
(0 -0.001 0)
(0 -0.001 0)
(0 -0.001 0)
(0 -0.001 0)
(0 -0.001 0)
(0 -0.001 0)
(0 -0.001 0)
(0 -0.001 0)
(0 -0.00096982702 0)
(0 -0.0010071254 0)
(0 -0.00088130636 0)
(0 -0.00077943284 0)
(0 -0.00069411797 0)
(0 -0.00062109574 0)
(0 -0.00055766229 0)
(0 -0.00050198021 0)
(0 -0.00045272989 0)
(0 -0.00040892078 0)
(0 -0.00036978279 0)
(0 -0.00033470036 0)
(0 -0.00030317025 0)
(0 -0.00027477349 0)
(0 -0.00024915595 0)
(0 -0.00022601458 0)
(0 -0.00020508737 0)
(0 -0.00018614582 0)
(0 -0.00016898925 0)
(0 -0.0001534404 0)
(0 -0.00013934188 0)
(0 -0.00012655342 0)
(0 -0.00011494958 0)
(0 -0.00010441787 0)
(0 -9.485716e-05 0)
(0 -8.617639e-05 0)
(0 -7.8293427e-05 0)
(0 -7.1134089e-05 0)
(0 -6.463131e-05 0)
(0 -5.8724401e-05 0)
(0 -5.3358401e-05 0)
(0 -4.8483511e-05 0)
(0 -4.4054583e-05 0)
(0 -4.0030672e-05 0)
(0 -3.6374627e-05 0)
(0 -3.3052734e-05 0)
(0 -3.0034392e-05 0)
(0 -2.7291815e-05 0)
(0 -2.4799775e-05 0)
(0 -2.2535358e-05 0)
(0 -2.0477755e-05 0)
(0 -1.8608063e-05 0)
(0 -1.6909109e-05 0)
(0 -1.5365296e-05 0)
(0 -1.3962449e-05 0)
(0 -1.2687694e-05 0)
(0 -1.152933e-05 0)
(0 -1.0476729e-05 0)
(0 -9.520233e-06 0)
(0 -8.6510652e-06 0)
(0 -7.8612519e-06 0)
(0 -7.1435476e-06 0)
(0 -6.4913682e-06 0)
(0 -5.8987311e-06 0)
(0 -5.3602e-06 0)
(0 -4.8708351e-06 0)
(0 -4.4261474e-06 0)
(0 -4.022058e-06 0)
(0 -3.6548604e-06 0)
(0 -3.3211865e-06 0)
(0 -3.0179757e-06 0)
(0 -2.7424467e-06 0)
(0 -2.4920724e-06 0)
(0 -2.2645563e-06 0)
(0 -2.0578114e-06 0)
(0 -1.8699414e-06 0)
(0 -1.6992232e-06 0)
(0 -1.5440909e-06 0)
(0 -1.4031214e-06 0)
(0 -1.275022e-06 0)
(0 -1.1586174e-06 0)
(0 -1.0528402e-06 0)
(0 -9.5671992e-07 0)
(0 -8.6937506e-07 0)
(0 -7.9000444e-07 0)
(0 -7.1788002e-07 0)
(0 -6.5234028e-07 0)
(0 -5.9278405e-07 0)
(0 -5.3866506e-07 0)
(0 -4.8948691e-07 0)
(0 -4.4479853e-07 0)
(0 -4.0419001e-07 0)
(0 -3.6728888e-07 0)
(0 -3.3375667e-07 0)
(0 -3.0328581e-07 0)
(0 -2.7559681e-07 0)
(0 -2.5043569e-07 0)
(0 -2.2757167e-07 0)
(0 -2.0679503e-07 0)
(0 -1.8791519e-07 0)
(0 -1.7075899e-07 0)
(0 -1.5516906e-07 0)
(0 -1.4100241e-07 0)
(0 -1.2812908e-07 0)
(0 -1.1643101e-07 0)
(0 -1.0580089e-07 0)
(0 -9.6141217e-08 0)
(0 -8.7363393e-08 0)
(0 -7.9386901e-08 0)
(0 -7.2138579e-08 0)
(0 -6.5551941e-08 0)
(0 -5.9566573e-08 0)
(0 -5.4127574e-08 0)
(0 -4.9185055e-08 0)
(0 -4.4693682e-08 0)
(0 -4.0612257e-08 0)
(0 -3.6903345e-08 0)
(0 -3.3532926e-08 0)
(0 -3.0470085e-08 0)
(0 -2.7686727e-08 0)
(0 -2.5157324e-08 0)
(0 -2.2858675e-08 0)
(0 -2.0769694e-08 0)
(0 -1.8871222e-08 0)
(0 -1.7145844e-08 0)
(0 -1.5577735e-08 0)
(0 -1.4152511e-08 0)
(0 -1.28571e-08 0)
(0 -1.167962e-08 0)
(0 -1.060927e-08 0)
(0 -9.6362329e-09 0)
(0 -8.7515831e-09 0)
(0 -7.9472064e-09 0)
(0 -7.2157247e-09 0)
(0 -6.5504287e-09 0)
(0 -5.9452158e-09 0)
(0 -5.394535e-09 0)
(0 -4.893335e-09 0)
(0 -4.4370188e-09 0)
(0 -4.0214007e-09 0)
(0 -3.6426685e-09 0)
(0 -3.2973484e-09 0)
(0 -2.982273e-09 0)
(0 -2.6945522e-09 0)
(0 -2.4315469e-09 0)
(0 -2.1908447e-09 0)
(0 -1.970238e-09 0)
(0 -1.767703e-09 0)
(0 -1.5813821e-09 0)
(0 -1.4095664e-09 0)
(0 -1.2506797e-09 0)
(0 -1.1032648e-09 0)
(0 -9.659695e-10 0)
(0 -8.3753447e-10 0)
(0 -7.1678165e-10 0)
(0 -6.0260344e-10 0)
(0 -4.9395257e-10 0)
(0 -3.8983242e-10 0)
(0 -2.8928799e-10 0)
(0 -1.9139702e-10 0)
(0 -9.5261618e-11 0)
(0 0 0)
(0 -0.00076058374 0)
(0 -0.00084700433 0)
(0 -0.00087922275 0)
(0 -0.00089690892 0)
(0 -0.00090768494 0)
(0 -0.00091474377 0)
(0 -0.00091960992 0)
(0 -0.00092308724 0)
(0 -0.00092563402 0)
(0 -0.00092752798 0)
(0 -0.00092894532 0)
(0 -0.0009300016 0)
(0 -0.00093077405 0)
(0 -0.00093131421 0)
(0 -0.00093165535 0)
(0 -0.00093181659 0)
(0 -0.0009318049 0)
(0 -0.0009316155 0)
(0 -0.0009312304 0)
(0 -0.0009306147 0)
(0 -0.00092970906 0)
(0 -0.00092841513 0)
(0 -0.00092656587 0)
(0 -0.00092386019 0)
(0 -0.00091969823 0)
(0 -0.00091265355 0)
(0 -0.00089745603 0)
(0 -0.00089342323 0)
(0 -0.00094022192 0)
(0 -0.00098946383 0)
(0 -0.00087111892 0)
(0 -0.00077274438 0)
(0 -0.00068934912 0)
(0 -0.00061749909 0)
(0 -0.000554842 0)
(0 -0.0004997062 0)
(0 -0.00045085794 0)
(0 -0.00040735505 0)
(0 -0.00036845658 0)
(0 -0.00033356554 0)
(0 -0.00030219107 0)
(0 -0.00027392273 0)
(0 -0.00024841247 0)
(0 -0.00022536166 0)
(0 -0.00020451157 0)
(0 -0.00018563621 0)
(0 -0.00016853684 0)
(0 -0.00015303768 0)
(0 -0.00013898257 0)
(0 -0.00012623219 0)
(0 -0.00011466189 0)
(0 -0.00010415981 0)
(0 -9.4625355e-05 0)
(0 -8.5967921e-05 0)
(0 -7.8105742e-05 0)
(0 -7.0964956e-05 0)
(0 -6.4478765e-05 0)
(0 -5.8586713e-05 0)
(0 -5.3234041e-05 0)
(0 -4.837112e-05 0)
(0 -4.3952956e-05 0)
(0 -3.9938732e-05 0)
(0 -3.6291416e-05 0)
(0 -3.2977394e-05 0)
(0 -2.9966154e-05 0)
(0 -2.7229991e-05 0)
(0 -2.4743745e-05 0)
(0 -2.2484567e-05 0)
(0 -2.0431703e-05 0)
(0 -1.8566298e-05 0)
(0 -1.6871226e-05 0)
(0 -1.5330927e-05 0)
(0 -1.3931264e-05 0)
(0 -1.2659394e-05 0)
(0 -1.1503646e-05 0)
(0 -1.0453416e-05 0)
(0 -9.4990688e-06 0)
(0 -8.6318508e-06 0)
(0 -7.8438062e-06 0)
(0 -7.1277065e-06 0)
(0 -6.4769831e-06 0)
(0 -5.8856674e-06 0)
(0 -5.3483357e-06 0)
(0 -4.8600594e-06 0)
(0 -4.41636e-06 0)
(0 -4.0131679e-06 0)
(0 -3.6467851e-06 0)
(0 -3.3138509e-06 0)
(0 -3.0113119e-06 0)
(0 -2.7363931e-06 0)
(0 -2.4865729e-06 0)
(0 -2.25956e-06 0)
(0 -2.0532722e-06 0)
(0 -1.8658175e-06 0)
(0 -1.6954764e-06 0)
(0 -1.5406867e-06 0)
(0 -1.4000285e-06 0)
(0 -1.2722118e-06 0)
(0 -1.1560641e-06 0)
(0 -1.0505202e-06 0)
(0 -9.54612e-07 0)
(0 -8.6745977e-07 0)
(0 -7.8826414e-07 0)
(0 -7.1629873e-07 0)
(0 -6.5090345e-07 0)
(0 -5.9147848e-07 0)
(0 -5.3747875e-07 0)
(0 -4.8840896e-07 0)
(0 -4.4381904e-07 0)
(0 -4.0329998e-07 0)
(0 -3.6648014e-07 0)
(0 -3.330218e-07 0)
(0 -3.0261805e-07 0)
(0 -2.7499003e-07 0)
(0 -2.4988432e-07 0)
(0 -2.2707065e-07 0)
(0 -2.0633976e-07 0)
(0 -1.875015e-07 0)
(0 -1.7038307e-07 0)
(0 -1.5482747e-07 0)
(0 -1.40692e-07 0)
(0 -1.2784702e-07 0)
(0 -1.161747e-07 0)
(0 -1.0556799e-07 0)
(0 -9.5929583e-08 0)
(0 -8.7171083e-08 0)
(0 -7.9212151e-08 0)
(0 -7.1979785e-08 0)
(0 -6.5407647e-08 0)
(0 -5.9435455e-08 0)
(0 -5.4008428e-08 0)
(0 -4.907679e-08 0)
(0 -4.4595303e-08 0)
(0 -4.0522863e-08 0)
(0 -3.6822115e-08 0)
(0 -3.3459115e-08 0)
(0 -3.0403016e-08 0)
(0 -2.7625785e-08 0)
(0 -2.510195e-08 0)
(0 -2.280836e-08 0)
(0 -2.0723978e-08 0)
(0 -1.8829684e-08 0)
(0 -1.7108104e-08 0)
(0 -1.5543447e-08 0)
(0 -1.412136e-08 0)
(0 -1.2828801e-08 0)
(0 -1.1653912e-08 0)
(0 -1.0585918e-08 0)
(0 -9.6150228e-09 0)
(0 -8.7323201e-09 0)
(0 -7.9297139e-09 0)
(0 -7.1998423e-09 0)
(0 -6.5360107e-09 0)
(0 -5.93213e-09 0)
(0 -5.3826612e-09 0)
(0 -4.8825644e-09 0)
(0 -4.4272526e-09 0)
(0 -4.0125493e-09 0)
(0 -3.6346507e-09 0)
(0 -3.2900907e-09 0)
(0 -2.9757088e-09 0)
(0 -2.6886213e-09 0)
(0 -2.4261949e-09 0)
(0 -2.1860225e-09 0)
(0 -1.9659013e-09 0)
(0 -1.7638122e-09 0)
(0 -1.5779014e-09 0)
(0 -1.4064638e-09 0)
(0 -1.2479269e-09 0)
(0 -1.1008364e-09 0)
(0 -9.6384334e-10 0)
(0 -8.35691e-10 0)
(0 -7.1520396e-10 0)
(0 -6.0127707e-10 0)
(0 -4.9286534e-10 0)
(0 -3.8897438e-10 0)
(0 -2.8865124e-10 0)
(0 -1.9097574e-10 0)
(0 -9.5051941e-11 0)
(0 0 0)
(0 -0.00076195857 0)
(0 -0.00096987224 0)
(0 -0.0010462868 0)
(0 -0.0010888023 0)
(0 -0.0011147834 0)
(0 -0.0011318381 0)
(0 -0.0011436107 0)
(0 -0.0011520305 0)
(0 -0.0011582008 0)
(0 -0.0011627914 0)
(0 -0.0011662277 0)
(0 -0.0011687892 0)
(0 -0.0011706627 0)
(0 -0.001171973 0)
(0 -0.0011728006 0)
(0 -0.0011731919 0)
(0 -0.0011731639 0)
(0 -0.0011727049 0)
(0 -0.0011717716 0)
(0 -0.0011702796 0)
(0 -0.0011680858 0)
(0 -0.0011649532 0)
(0 -0.0011604805 0)
(0 -0.0011539476 0)
(0 -0.0011439347 0)
(0 -0.0011272029 0)
(0 -0.0010944879 0)
(0 -0.0010193154 0)
(0 -0.00098309129 0)
(0 -0.00096794009 0)
(0 -0.00085787917 0)
(0 -0.00076371587 0)
(0 -0.00068275212 0)
(0 -0.0006124382 0)
(0 -0.00055082077 0)
(0 -0.00049642722 0)
(0 -0.0004481313 0)
(0 -0.00040505294 0)
(0 -0.00036648939 0)
(0 -0.0003318682 0)
(0 -0.00030071499 0)
(0 -0.00027263074 0)
(0 -0.00024727551 0)
(0 -0.00022435664 0)
(0 -0.00020361984 0)
(0 -0.00018484247 0)
(0 -0.0001678284 0)
(0 -0.00015240393 0)
(0 -0.00013841451 0)
(0 -0.00012572216 0)
(0 -0.00011420328 0)
(0 -0.00010374692 0)
(0 -9.4253229e-05 0)
(0 -8.5632212e-05 0)
(0 -7.7802635e-05 0)
(0 -7.0691088e-05 0)
(0 -6.4231159e-05 0)
(0 -5.8362726e-05 0)
(0 -5.3031321e-05 0)
(0 -4.8187569e-05 0)
(0 -4.3786698e-05 0)
(0 -3.9788088e-05 0)
(0 -3.6154877e-05 0)
(0 -3.2853608e-05 0)
(0 -2.9853903e-05 0)
(0 -2.7128179e-05 0)
(0 -2.4651384e-05 0)
(0 -2.2400766e-05 0)
(0 -2.0355656e-05 0)
(0 -1.849728e-05 0)
(0 -1.6808579e-05 0)
(0 -1.5274057e-05 0)
(0 -1.3879633e-05 0)
(0 -1.2612515e-05 0)
(0 -1.1461078e-05 0)
(0 -1.041476e-05 0)
(0 -9.4639642e-06 0)
(0 -8.5999686e-06 0)
(0 -7.8148493e-06 0)
(0 -7.1014051e-06 0)
(0 -6.4530928e-06 0)
(0 -5.8639663e-06 0)
(0 -5.3286224e-06 0)
(0 -4.8421514e-06 0)
(0 -4.4000915e-06 0)
(0 -3.9983884e-06 0)
(0 -3.6333579e-06 0)
(0 -3.3016522e-06 0)
(0 -3.0002289e-06 0)
(0 -2.7263237e-06 0)
(0 -2.4774242e-06 0)
(0 -2.2512477e-06 0)
(0 -2.0457198e-06 0)
(0 -1.8589554e-06 0)
(0 -1.6892415e-06 0)
(0 -1.5350215e-06 0)
(0 -1.394881e-06 0)
(0 -1.2675346e-06 0)
(0 -1.1518143e-06 0)
(0 -1.0466586e-06 0)
(0 -9.5110313e-07 0)
(0 -8.6427141e-07 0)
(0 -7.8536702e-07 0)
(0 -7.1366622e-07 0)
(0 -6.4851138e-07 0)
(0 -5.8930487e-07 0)
(0 -5.3550365e-07 0)
(0 -4.8661424e-07 0)
(0 -4.4218821e-07 0)
(0 -4.0181808e-07 0)
(0 -3.6513357e-07 0)
(0 -3.3179818e-07 0)
(0 -3.0150617e-07 0)
(0 -2.7397968e-07 0)
(0 -2.4896623e-07 0)
(0 -2.2623639e-07 0)
(0 -2.0558167e-07 0)
(0 -1.8681263e-07 0)
(0 -1.697571e-07 0)
(0 -1.5425865e-07 0)
(0 -1.4017513e-07 0)
(0 -1.2737734e-07 0)
(0 -1.157479e-07 0)
(0 -1.0518016e-07 0)
(0 -9.5577163e-08 0)
(0 -8.6850841e-08 0)
(0 -7.892115e-08 0)
(0 -7.1715355e-08 0)
(0 -6.5167362e-08 0)
(0 -5.921711e-08 0)
(0 -5.3810021e-08 0)
(0 -4.88965e-08 0)
(0 -4.4431478e-08 0)
(0 -4.0373998e-08 0)
(0 -3.6686846e-08 0)
(0 -3.33362e-08 0)
(0 -3.0291328e-08 0)
(0 -2.75243e-08 0)
(0 -2.5009736e-08 0)
(0 -2.2724572e-08 0)
(0 -2.0647847e-08 0)
(0 -1.8760512e-08 0)
(0 -1.7045257e-08 0)
(0 -1.5486347e-08 0)
(0 -1.4069485e-08 0)
(0 -1.2781674e-08 0)
(0 -1.1611101e-08 0)
(0 -1.0547031e-08 0)
(0 -9.5797017e-09 0)
(0 -8.7002417e-09 0)
(0 -7.9005839e-09 0)
(0 -7.1733936e-09 0)
(0 -6.5120005e-09 0)
(0 -5.9103382e-09 0)
(0 -5.3628879e-09 0)
(0 -4.8646283e-09 0)
(0 -4.410989e-09 0)
(0 -3.9978091e-09 0)
(0 -3.6212988e-09 0)
(0 -3.2780045e-09 0)
(0 -2.9647775e-09 0)
(0 -2.6787446e-09 0)
(0 -2.4172822e-09 0)
(0 -2.1779922e-09 0)
(0 -1.9586796e-09 0)
(0 -1.7573328e-09 0)
(0 -1.572105e-09 0)
(0 -1.4012971e-09 0)
(0 -1.2433426e-09 0)
(0 -1.0967925e-09 0)
(0 -9.6030265e-10 0)
(0 -8.3262108e-10 0)
(0 -7.1257665e-10 0)
(0 -5.9906827e-10 0)
(0 -4.910548e-10 0)
(0 -3.8754547e-10 0)
(0 -2.8759088e-10 0)
(0 -1.9027419e-10 0)
(0 -9.4702767e-11 0)
(0 0 0)
(0 -0.00074484714 0)
(0 -0.0010529483 0)
(0 -0.0011697902 0)
(0 -0.0012354277 0)
(0 -0.0012760361 0)
(0 -0.0013028891 0)
(0 -0.0013215101 0)
(0 -0.0013348677 0)
(0 -0.0013446764 0)
(0 -0.0013519842 0)
(0 -0.0013574602 0)
(0 -0.001361545 0)
(0 -0.0013645344 0)
(0 -0.0013666261 0)
(0 -0.001367948 0)
(0 -0.0013685737 0)
(0 -0.0013685304 0)
(0 -0.0013678 0)
(0 -0.0013663141 0)
(0 -0.00136394 0)
(0 -0.0013604529 0)
(0 -0.0013554829 0)
(0 -0.0013484084 0)
(0 -0.0013381302 0)
(0 -0.0013225409 0)
(0 -0.0012971449 0)
(0 -0.0012514169 0)
(0 -0.00116726 0)
(0 -0.0010557469 0)
(0 -0.00094428131 0)
(0 -0.00084216693 0)
(0 -0.00075261298 0)
(0 -0.00067446562 0)
(0 -0.00060599143 0)
(0 -0.00054564606 0)
(0 -0.00049217373 0)
(0 -0.00044457042 0)
(0 -0.00040202883 0)
(0 -0.00036389165 0)
(0 -0.00032961614 0)
(0 -0.00029874799 0)
(0 -0.00027090217 0)
(0 -0.00024574879 0)
(0 -0.00022300254 0)
(0 -0.00020241462 0)
(0 -0.00018376661 0)
(0 -0.00016686565 0)
(0 -0.00015154058 0)
(0 -0.00013763893 0)
(0 -0.00012502437 0)
(0 -0.00011357468 0)
(0 -0.00010318001 0)
(0 -9.3741477e-05 0)
(0 -8.5169873e-05 0)
(0 -7.7384645e-05 0)
(0 -7.0312961e-05 0)
(0 -6.3888914e-05 0)
(0 -5.8052815e-05 0)
(0 -5.2750576e-05 0)
(0 -4.7933157e-05 0)
(0 -4.3556078e-05 0)
(0 -3.9578979e-05 0)
(0 -3.5965229e-05 0)
(0 -3.2681573e-05 0)
(0 -2.9697816e-05 0)
(0 -2.6986539e-05 0)
(0 -2.4522835e-05 0)
(0 -2.2284084e-05 0)
(0 -2.0249733e-05 0)
(0 -1.8401113e-05 0)
(0 -1.6721263e-05 0)
(0 -1.519477e-05 0)
(0 -1.3807633e-05 0)
(0 -1.2547127e-05 0)
(0 -1.1401692e-05 0)
(0 -1.0360822e-05 0)
(0 -9.4149714e-06 0)
(0 -8.5554663e-06 0)
(0 -7.7744243e-06 0)
(0 -7.0646827e-06 0)
(0 -6.4197328e-06 0)
(0 -5.8336599e-06 0)
(0 -5.3010896e-06 0)
(0 -4.8171376e-06 0)
(0 -4.3773658e-06 0)
(0 -3.9777412e-06 0)
(0 -3.6145988e-06 0)
(0 -3.2846082e-06 0)
(0 -2.9847431e-06 0)
(0 -2.7122533e-06 0)
(0 -2.4646399e-06 0)
(0 -2.2396317e-06 0)
(0 -2.0351652e-06 0)
(0 -1.8493652e-06 0)
(0 -1.6805275e-06 0)
(0 -1.5271036e-06 0)
(0 -1.3876864e-06 0)
(0 -1.2609972e-06 0)
(0 -1.145874e-06 0)
(0 -1.0412609e-06 0)
(0 -9.4619845e-07 0)
(0 -8.5981469e-07 0)
(0 -7.8131731e-07 0)
(0 -7.0998636e-07 0)
(0 -6.4516757e-07 0)
(0 -5.8626642e-07 0)
(0 -5.3274266e-07 0)
(0 -4.8410537e-07 0)
(0 -4.3990844e-07 0)
(0 -3.9974649e-07 0)
(0 -3.6325113e-07 0)
(0 -3.3008763e-07 0)
(0 -2.999518e-07 0)
(0 -2.7256724e-07 0)
(0 -2.4768275e-07 0)
(0 -2.250701e-07 0)
(0 -2.0452188e-07 0)
(0 -1.858496e-07 0)
(0 -1.68882e-07 0)
(0 -1.5346345e-07 0)
(0 -1.3945253e-07 0)
(0 -1.2672072e-07 0)
(0 -1.1515124e-07 0)
(0 -1.0463797e-07 0)
(0 -9.5084477e-08 0)
(0 -8.6403139e-08 0)
(0 -7.8514326e-08 0)
(0 -7.1345676e-08 0)
(0 -6.4831438e-08 0)
(0 -5.8911859e-08 0)
(0 -5.3532644e-08 0)
(0 -4.8644451e-08 0)
(0 -4.4202445e-08 0)
(0 -4.0165881e-08 0)
(0 -3.6497736e-08 0)
(0 -3.3164362e-08 0)
(0 -3.0135185e-08 0)
(0 -2.7382421e-08 0)
(0 -2.4880819e-08 0)
(0 -2.2607434e-08 0)
(0 -2.0541414e-08 0)
(0 -1.8663808e-08 0)
(0 -1.6957394e-08 0)
(0 -1.540652e-08 0)
(0 -1.3996961e-08 0)
(0 -1.2715788e-08 0)
(0 -1.155125e-08 0)
(0 -1.0492664e-08 0)
(0 -9.5303216e-09 0)
(0 -8.655395e-09 0)
(0 -7.8598592e-09 0)
(0 -7.1364172e-09 0)
(0 -6.4784334e-09 0)
(0 -5.8798724e-09 0)
(0 -5.3352441e-09 0)
(0 -4.8395528e-09 0)
(0 -4.3882519e-09 0)
(0 -3.9772018e-09 0)
(0 -3.6026323e-09 0)
(0 -3.2611076e-09 0)
(0 -2.9494951e-09 0)
(0 -2.6649366e-09 0)
(0 -2.404822e-09 0)
(0 -2.1667654e-09 0)
(0 -1.9485833e-09 0)
(0 -1.7482743e-09 0)
(0 -1.5640013e-09 0)
(0 -1.394074e-09 0)
(0 -1.2369336e-09 0)
(0 -1.0911389e-09 0)
(0 -9.5535263e-10 0)
(0 -8.2832922e-10 0)
(0 -7.0890358e-10 0)
(0 -5.9598029e-10 0)
(0 -4.8852358e-10 0)
(0 -3.8554782e-10 0)
(0 -2.8610845e-10 0)
(0 -1.8929339e-10 0)
(0 -9.4214608e-11 0)
(0 0 0)
(0 -0.00072797096 0)
(0 -0.00095967696 0)
(0 -0.0010881884 0)
(0 -0.0011645787 0)
(0 -0.0012132268 0)
(0 -0.0012459393 0)
(0 -0.0012688613 0)
(0 -0.0012854171 0)
(0 -0.0012976311 0)
(0 -0.0013067608 0)
(0 -0.0013136181 0)
(0 -0.0013187423 0)
(0 -0.0013224971 0)
(0 -0.0013251272 0)
(0 -0.0013267912 0)
(0 -0.0013275809 0)
(0 -0.0013275304 0)
(0 -0.0013266183 0)
(0 -0.0013247609 0)
(0 -0.0013217967 0)
(0 -0.0013174537 0)
(0 -0.001311289 0)
(0 -0.0013025725 0)
(0 -0.0012900522 0)
(0 -0.0012714573 0)
(0 -0.0012424357 0)
(0 -0.0011947405 0)
(0 -0.0011179552 0)
(0 -0.0010198448 0)
(0 -0.00091903305 0)
(0 -0.00082448451 0)
(0 -0.00073970704 0)
(0 -0.00066464137 0)
(0 -0.00059824858 0)
(0 -0.00053937381 0)
(0 -0.00048698237 0)
(0 -0.00044020038 0)
(0 -0.00039830044 0)
(0 -0.00036067632 0)
(0 -0.00032681909 0)
(0 -0.00029629753 0)
(0 -0.00026874289 0)
(0 -0.00024383699 0)
(0 -0.00022130313 0)
(0 -0.00020089904 0)
(0 -0.00018241124 0)
(0 -0.00016565076 0)
(0 -0.0001504495 0)
(0 -0.00013665742 0)
(0 -0.00012414021 0)
(0 -0.00011277727 0)
(0 -0.00010246012 0)
(0 -9.3091018e-05 0)
(0 -8.4581716e-05 0)
(0 -7.6852488e-05 0)
(0 -6.9831213e-05 0)
(0 -6.3452597e-05 0)
(0 -5.7657486e-05 0)
(0 -5.239226e-05 0)
(0 -4.7608292e-05 0)
(0 -4.3261462e-05 0)
(0 -3.9311735e-05 0)
(0 -3.5722765e-05 0)
(0 -3.2461553e-05 0)
(0 -2.9498132e-05 0)
(0 -2.6805287e-05 0)
(0 -2.4358294e-05 0)
(0 -2.2134697e-05 0)
(0 -2.0114092e-05 0)
(0 -1.8277944e-05 0)
(0 -1.660941e-05 0)
(0 -1.5093187e-05 0)
(0 -1.3715372e-05 0)
(0 -1.2463328e-05 0)
(0 -1.1325575e-05 0)
(0 -1.029168e-05 0)
(0 -9.3521633e-06 0)
(0 -8.4984099e-06 0)
(0 -7.7225912e-06 0)
(0 -7.0175936e-06 0)
(0 -6.3769524e-06 0)
(0 -5.7947932e-06 0)
(0 -5.2657778e-06 0)
(0 -4.785055e-06 0)
(0 -4.3482167e-06 0)
(0 -3.9512569e-06 0)
(0 -3.5905354e-06 0)
(0 -3.2627442e-06 0)
(0 -2.9648772e-06 0)
(0 -2.6942028e-06 0)
(0 -2.4482386e-06 0)
(0 -2.224729e-06 0)
(0 -2.021624e-06 0)
(0 -1.837061e-06 0)
(0 -1.6693473e-06 0)
(0 -1.5169447e-06 0)
(0 -1.3784554e-06 0)
(0 -1.2526093e-06 0)
(0 -1.1382522e-06 0)
(0 -1.0343352e-06 0)
(0 -9.3990519e-07 0)
(0 -8.5409614e-07 0)
(0 -7.7612099e-07 0)
(0 -7.0526455e-07 0)
(0 -6.4087694e-07 0)
(0 -5.8236758e-07 0)
(0 -5.2919984e-07 0)
(0 -4.8088605e-07 0)
(0 -4.3698308e-07 0)
(0 -3.9708823e-07 0)
(0 -3.6083559e-07 0)
(0 -3.2789265e-07 0)
(0 -2.9795724e-07 0)
(0 -2.7075479e-07 0)
(0 -2.4603579e-07 0)
(0 -2.2357351e-07 0)
(0 -2.0316193e-07 0)
(0 -1.8461382e-07 0)
(0 -1.6775905e-07 0)
(0 -1.5244303e-07 0)
(0 -1.3852527e-07 0)
(0 -1.2587812e-07 0)
(0 -1.1438557e-07 0)
(0 -1.0394221e-07 0)
(0 -9.4452246e-08 0)
(0 -8.5828634e-08 0)
(0 -7.7992275e-08 0)
(0 -7.0871292e-08 0)
(0 -6.4400368e-08 0)
(0 -5.852015e-08 0)
(0 -5.3176702e-08 0)
(0 -4.8321012e-08 0)
(0 -4.3908541e-08 0)
(0 -3.9898818e-08 0)
(0 -3.6255062e-08 0)
(0 -3.2943852e-08 0)
(0 -2.9934816e-08 0)
(0 -2.7200355e-08 0)
(0 -2.4715386e-08 0)
(0 -2.2457118e-08 0)
(0 -2.0404834e-08 0)
(0 -1.8539713e-08 0)
(0 -1.6844645e-08 0)
(0 -1.5304083e-08 0)
(0 -1.3903896e-08 0)
(0 -1.2631242e-08 0)
(0 -1.1474446e-08 0)
(0 -1.0422899e-08 0)
(0 -9.466955e-09 0)
(0 -8.5978457e-09 0)
(0 -7.8075993e-09 0)
(0 -7.0889675e-09 0)
(0 -6.4353586e-09 0)
(0 -5.8407775e-09 0)
(0 -5.2997704e-09 0)
(0 -4.8073749e-09 0)
(0 -4.3590747e-09 0)
(0 -3.9507577e-09 0)
(0 -3.5786786e-09 0)
(0 -3.2394247e-09 0)
(0 -2.9298841e-09 0)
(0 -2.6472176e-09 0)
(0 -2.3888325e-09 0)
(0 -2.1523587e-09 0)
(0 -1.9356273e-09 0)
(0 -1.7366502e-09 0)
(0 -1.5536024e-09 0)
(0 -1.3848048e-09 0)
(0 -1.2287093e-09 0)
(0 -1.083884e-09 0)
(0 -9.4900055e-10 0)
(0 -8.2282171e-10 0)
(0 -7.0419012e-10 0)
(0 -5.9201766e-10 0)
(0 -4.8527542e-10 0)
(0 -3.8298433e-10 0)
(0 -2.8420613e-10 0)
(0 -1.8803479e-10 0)
(0 -9.3588181e-11 0)
(0 0 0)
(0 -0.00067267858 0)
(0 -0.00088272566 0)
(0 -0.0010143302 0)
(0 -0.0010975438 0)
(0 -0.0011523659 0)
(0 -0.0011899874 0)
(0 -0.0012166925 0)
(0 -0.0012361473 0)
(0 -0.0012505853 0)
(0 -0.0012614227 0)
(0 -0.0012695872 0)
(0 -0.0012757018 0)
(0 -0.0012801899 0)
(0 -0.001283338 0)
(0 -0.0012853326 0)
(0 -0.0012862823 0)
(0 -0.0012862282 0)
(0 -0.001285146 0)
(0 -0.0012829398 0)
(0 -0.0012794238 0)
(0 -0.0012742882 0)
(0 -0.0012670358 0)
(0 -0.0012568648 0)
(0 -0.0012424501 0)
(0 -0.0012215302 0)
(0 -0.0011901994 0)
(0 -0.0011422482 0)
(0 -0.0010716979 0)
(0 -0.0009842278 0)
(0 -0.00089279098 0)
(0 -0.00080526739 0)
(0 -0.00072526237 0)
(0 -0.00065343707 0)
(0 -0.00058930682 0)
(0 -0.0005320664 0)
(0 -0.00048089476 0)
(0 -0.00043504997 0)
(0 -0.0003938884 0)
(0 -0.0003568586 0)
(0 -0.00032348852 0)
(0 -0.00029337251 0)
(0 -0.00026615991 0)
(0 -0.00024154572 0)
(0 -0.00021926302 0)
(0 -0.00019907688 0)
(0 -0.00018077953 0)
(0 -0.00016418641 0)
(0 -0.00014913295 0)
(0 -0.00013547195 0)
(0 -0.00012307137 0)
(0 -0.00011181254 0)
(0 -0.00010158855 0)
(0 -9.2302992e-05 0)
(0 -8.3868748e-05 0)
(0 -7.620706e-05 0)
(0 -6.9246641e-05 0)
(0 -6.292292e-05 0)
(0 -5.7177376e-05 0)
(0 -5.1956944e-05 0)
(0 -4.7213484e-05 0)
(0 -4.290331e-05 0)
(0 -3.898677e-05 0)
(0 -3.542786e-05 0)
(0 -3.2193887e-05 0)
(0 -2.9255157e-05 0)
(0 -2.6584699e-05 0)
(0 -2.415801e-05 0)
(0 -2.1952832e-05 0)
(0 -1.9948939e-05 0)
(0 -1.8127956e-05 0)
(0 -1.6473187e-05 0)
(0 -1.4969459e-05 0)
(0 -1.3602987e-05 0)
(0 -1.2361242e-05 0)
(0 -1.123284e-05 0)
(0 -1.0207438e-05 0)
(0 -9.2756332e-06 0)
(0 -8.4288839e-06 0)
(0 -7.6594268e-06 0)
(0 -6.9602075e-06 0)
(0 -6.3248149e-06 0)
(0 -5.7474235e-06 0)
(0 -5.2227391e-06 0)
(0 -4.7459509e-06 0)
(0 -4.3126869e-06 0)
(0 -3.9189745e-06 0)
(0 -3.5612032e-06 0)
(0 -3.2360923e-06 0)
(0 -2.9406605e-06 0)
(0 -2.6721986e-06 0)
(0 -2.4282447e-06 0)
(0 -2.2065615e-06 0)
(0 -2.0051161e-06 0)
(0 -1.822061e-06 0)
(0 -1.6557173e-06 0)
(0 -1.5045595e-06 0)
(0 -1.3672014e-06 0)
(0 -1.2423831e-06 0)
(0 -1.1289599e-06 0)
(0 -1.0258915e-06 0)
(0 -9.3223257e-07 0)
(0 -8.4712417e-07 0)
(0 -7.6978566e-07 0)
(0 -6.9950773e-07 0)
(0 -6.3564578e-07 0)
(0 -5.7761409e-07 0)
(0 -5.2488039e-07 0)
(0 -4.76961e-07 0)
(0 -4.3341641e-07 0)
(0 -3.9384722e-07 0)
(0 -3.5789051e-07 0)
(0 -3.2521646e-07 0)
(0 -2.955254e-07 0)
(0 -2.6854498e-07 0)
(0 -2.4402774e-07 0)
(0 -2.2174881e-07 0)
(0 -2.0150382e-07 0)
(0 -1.831071e-07 0)
(0 -1.663899e-07 0)
(0 -1.5119889e-07 0)
(0 -1.3739472e-07 0)
(0 -1.2485079e-07 0)
(0 -1.1345204e-07 0)
(0 -1.0309391e-07 0)
(0 -9.3681399e-08 0)
(0 -8.5128167e-08 0)
(0 -7.7355765e-08 0)
(0 -7.0292898e-08 0)
(0 -6.3874786e-08 0)
(0 -5.8042558e-08 0)
(0 -5.274272e-08 0)
(0 -4.7926658e-08 0)
(0 -4.3550198e-08 0)
(0 -3.9573199e-08 0)
(0 -3.595918e-08 0)
(0 -3.2674994e-08 0)
(0 -2.9690516e-08 0)
(0 -2.6978371e-08 0)
(0 -2.4513682e-08 0)
(0 -2.2273843e-08 0)
(0 -2.0238309e-08 0)
(0 -1.8388409e-08 0)
(0 -1.6707175e-08 0)
(0 -1.5179185e-08 0)
(0 -1.3790426e-08 0)
(0 -1.2528158e-08 0)
(0 -1.1380803e-08 0)
(0 -1.0337837e-08 0)
(0 -9.3896947e-09 0)
(0 -8.5276783e-09 0)
(0 -7.7438812e-09 0)
(0 -7.0311142e-09 0)
(0 -6.3828394e-09 0)
(0 -5.7931107e-09 0)
(0 -5.2565188e-09 0)
(0 -4.7681418e-09 0)
(0 -4.3235001e-09 0)
(0 -3.9185154e-09 0)
(0 -3.5494729e-09 0)
(0 -3.2129876e-09 0)
(0 -2.9059732e-09 0)
(0 -2.6256136e-09 0)
(0 -2.3693371e-09 0)
(0 -2.1347932e-09 0)
(0 -1.9198306e-09 0)
(0 -1.7224773e-09 0)
(0 -1.5409234e-09 0)
(0 -1.3735034e-09 0)
(0 -1.2186818e-09 0)
(0 -1.0750384e-09 0)
(0 -9.4125574e-10 0)
(0 -8.1610664e-10 0)
(0 -6.9844321e-10 0)
(0 -5.8718619e-10 0)
(0 -4.8131508e-10 0)
(0 -3.7985879e-10 0)
(0 -2.8188672e-10 0)
(0 -1.8650023e-10 0)
(0 -9.2824406e-11 0)
(0 0 0)
(0 -0.00062887744 0)
(0 -0.00081875566 0)
(0 -0.00094843302 0)
(0 -0.0010351651 0)
(0 -0.0010943246 0)
(0 -0.0011358271 0)
(0 -0.0011657165 0)
(0 -0.0011877059 0)
(0 -0.0012041369 0)
(0 -0.0012165306 0)
(0 -0.0012259008 0)
(0 -0.0012329367 0)
(0 -0.0012381114 0)
(0 -0.001241747 0)
(0 -0.0012440545 0)
(0 -0.0012451576 0)
(0 -0.0012451037 0)
(0 -0.0012438672 0)
(0 -0.0012413423 0)
(0 -0.001237325 0)
(0 -0.001231478 0)
(0 -0.0012232685 0)
(0 -0.0012118589 0)
(0 -0.0011959185 0)
(0 -0.0011733111 0)
(0 -0.0011406871 0)
(0 -0.0010934663 0)
(0 -0.0010282405 0)
(0 -0.00094930849 0)
(0 -0.00086596215 0)
(0 -0.0007848701 0)
(0 -0.00070952144 0)
(0 -0.00064100842 0)
(0 -0.00057926647 0)
(0 -0.0005237902 0)
(0 -0.00047395618 0)
(0 -0.00042915107 0)
(0 -0.00038881581 0)
(0 -0.00035245567 0)
(0 -0.00031963754 0)
(0 -0.00028998309 0)
(0 -0.00026316128 0)
(0 -0.00023888149 0)
(0 -0.00021688749 0)
(0 -0.00019695254 0)
(0 -0.00017887516 0)
(0 -0.00016247573 0)
(0 -0.00014759362 0)
(0 -0.00013408481 0)
(0 -0.00012181986 0)
(0 -0.00011068224 0)
(0 -0.00010056684 0)
(0 -9.1378757e-05 0)
(0 -8.3032173e-05 0)
(0 -7.5449431e-05 0)
(0 -6.8560198e-05 0)
(0 -6.2300735e-05 0)
(0 -5.6613249e-05 0)
(0 -5.1445313e-05 0)
(0 -4.674935e-05 0)
(0 -4.2482177e-05 0)
(0 -3.8604584e-05 0)
(0 -3.5080965e-05 0)
(0 -3.1878982e-05 0)
(0 -2.8969258e-05 0)
(0 -2.6325107e-05 0)
(0 -2.3922284e-05 0)
(0 -2.1738761e-05 0)
(0 -1.975452e-05 0)
(0 -1.7951375e-05 0)
(0 -1.6312798e-05 0)
(0 -1.482377e-05 0)
(0 -1.3470645e-05 0)
(0 -1.2241021e-05 0)
(0 -1.1123626e-05 0)
(0 -1.010822e-05 0)
(0 -9.1854942e-06 0)
(0 -8.3469911e-06 0)
(0 -7.5850244e-06 0)
(0 -6.892609e-06 0)
(0 -6.2633972e-06 0)
(0 -5.6916206e-06 0)
(0 -5.1720371e-06 0)
(0 -4.6998829e-06 0)
(0 -4.270829e-06 0)
(0 -3.8809414e-06 0)
(0 -3.5266452e-06 0)
(0 -3.2046917e-06 0)
(0 -2.9121286e-06 0)
(0 -2.6462732e-06 0)
(0 -2.4046875e-06 0)
(0 -2.1851561e-06 0)
(0 -1.9856657e-06 0)
(0 -1.8043871e-06 0)
(0 -1.6396576e-06 0)
(0 -1.4899665e-06 0)
(0 -1.3539411e-06 0)
(0 -1.2303337e-06 0)
(0 -1.1180108e-06 0)
(0 -1.0159423e-06 0)
(0 -9.2319188e-07 0)
(0 -8.3890901e-07 0)
(0 -7.6232065e-07 0)
(0 -6.9272435e-07 0)
(0 -6.2948179e-07 0)
(0 -5.7201292e-07 0)
(0 -5.1979064e-07 0)
(0 -4.7233598e-07 0)
(0 -4.2921368e-07 0)
(0 -3.9002822e-07 0)
(0 -3.5442019e-07 0)
(0 -3.22063e-07 0)
(0 -2.9265986e-07 0)
(0 -2.6594107e-07 0)
(0 -2.4166157e-07 0)
(0 -2.1959867e-07 0)
(0 -1.9955e-07 0)
(0 -1.8133166e-07 0)
(0 -1.6477656e-07 0)
(0 -1.4973285e-07 0)
(0 -1.3606253e-07 0)
(0 -1.2364023e-07 0)
(0 -1.1235201e-07 0)
(0 -1.0209431e-07 0)
(0 -9.2773066e-08 0)
(0 -8.4302769e-08 0)
(0 -7.6605728e-08 0)
(0 -6.9611344e-08 0)
(0 -6.3255462e-08 0)
(0 -5.7479784e-08 0)
(0 -5.2231333e-08 0)
(0 -4.7461967e-08 0)
(0 -4.3127942e-08 0)
(0 -3.9189503e-08 0)
(0 -3.5610526e-08 0)
(0 -3.2358183e-08 0)
(0 -2.9402642e-08 0)
(0 -2.6716793e-08 0)
(0 -2.4276002e-08 0)
(0 -2.205788e-08 0)
(0 -2.0042082e-08 0)
(0 -1.8210119e-08 0)
(0 -1.6545185e-08 0)
(0 -1.5032011e-08 0)
(0 -1.3656717e-08 0)
(0 -1.2406687e-08 0)
(0 -1.1270457e-08 0)
(0 -1.0237604e-08 0)
(0 -9.2986543e-09 0)
(0 -8.4449958e-09 0)
(0 -7.6687983e-09 0)
(0 -6.9629421e-09 0)
(0 -6.3209529e-09 0)
(0 -5.736942e-09 0)
(0 -5.2055528e-09 0)
(0 -4.721911e-09 0)
(0 -4.2815805e-09 0)
(0 -3.8805224e-09 0)
(0 -3.515058e-09 0)
(0 -3.1818353e-09 0)
(0 -2.8777976e-09 0)
(0 -2.6001562e-09 0)
(0 -2.3463646e-09 0)
(0 -2.1140948e-09 0)
(0 -1.9012163e-09 0)
(0 -1.7057766e-09 0)
(0 -1.525983e-09 0)
(0 -1.3601863e-09 0)
(0 -1.2068657e-09 0)
(0 -1.0646151e-09 0)
(0 -9.3212954e-10 0)
(0 -8.0819386e-10 0)
(0 -6.9167127e-10 0)
(0 -5.8149297e-10 0)
(0 -4.7664836e-10 0)
(0 -3.7617577e-10 0)
(0 -2.7915361e-10 0)
(0 -1.8469197e-10 0)
(0 -9.1924402e-11 0)
(0 0 0)
(0 -0.00059327629 0)
(0 -0.00076473912 0)
(0 -0.00088956674 0)
(0 -0.00097727207 0)
(0 -0.0010391424 0)
(0 -0.0010835395 0)
(0 -0.0011160091 0)
(0 -0.0011401529 0)
(0 -0.0011583306 0)
(0 -0.0011721165 0)
(0 -0.001182581 0)
(0 -0.0011904619 0)
(0 -0.0011962712 0)
(0 -0.0012003602 0)
(0 -0.0012029608 0)
(0 -0.0012042095 0)
(0 -0.00120416 0)
(0 -0.0012027863 0)
(0 -0.0011999758 0)
(0 -0.0011955119 0)
(0 -0.0011890397 0)
(0 -0.0011800087 0)
(0 -0.0011675768 0)
(0 -0.0011504581 0)
(0 -0.0011267092 0)
(0 -0.0010935417 0)
(0 -0.0010476172 0)
(0 -0.00098703131 0)
(0 -0.00091513608 0)
(0 -0.00083879873 0)
(0 -0.0007635691 0)
(0 -0.00069269527 0)
(0 -0.00062750103 0)
(0 -0.00056822612 0)
(0 -0.00051461261 0)
(0 -0.00046621371 0)
(0 -0.00042253739 0)
(0 -0.00038310739 0)
(0 -0.0003474861 0)
(0 -0.00031528039 0)
(0 -0.00028614044 0)
(0 -0.00025975591 0)
(0 -0.00023585149 0)
(0 -0.00021418249 0)
(0 -0.00019453097 0)
(0 -0.0001767023 0)
(0 -0.00016052226 0)
(0 -0.00014583454 0)
(0 -0.00013249863 0)
(0 -0.00012038796 0)
(0 -0.00010938836 0)
(0 -9.9396743e-05 0)
(0 -9.0319872e-05 0)
(0 -8.2073374e-05 0)
(0 -7.4580832e-05 0)
(0 -6.7772985e-05 0)
(0 -6.1587029e-05 0)
(0 -5.596599e-05 0)
(0 -5.0858162e-05 0)
(0 -4.6216607e-05 0)
(0 -4.1998708e-05 0)
(0 -3.816576e-05 0)
(0 -3.4682607e-05 0)
(0 -3.1517314e-05 0)
(0 -2.8640866e-05 0)
(0 -2.6026902e-05 0)
(0 -2.365147e-05 0)
(0 -2.1492803e-05 0)
(0 -1.9531125e-05 0)
(0 -1.7748462e-05 0)
(0 -1.612848e-05 0)
(0 -1.4656337e-05 0)
(0 -1.3318544e-05 0)
(0 -1.2102843e-05 0)
(0 -1.0998094e-05 0)
(0 -9.9941729e-06 0)
(0 -9.0818794e-06 0)
(0 -8.2528525e-06 0)
(0 -7.4994937e-06 0)
(0 -6.8148979e-06 0)
(0 -6.1927899e-06 0)
(0 -5.6274668e-06 0)
(0 -5.1137463e-06 0)
(0 -4.6469188e-06 0)
(0 -4.2227044e-06 0)
(0 -3.8372138e-06 0)
(0 -3.4869125e-06 0)
(0 -3.1685887e-06 0)
(0 -2.8793235e-06 0)
(0 -2.6164646e-06 0)
(0 -2.3776015e-06 0)
(0 -2.160544e-06 0)
(0 -1.9633015e-06 0)
(0 -1.7840653e-06 0)
(0 -1.6211917e-06 0)
(0 -1.473187e-06 0)
(0 -1.3386938e-06 0)
(0 -1.2164788e-06 0)
(0 -1.1054211e-06 0)
(0 -1.0045021e-06 0)
(0 -9.1279638e-07 0)
(0 -8.2946273e-07 0)
(0 -7.5373691e-07 0)
(0 -6.8492437e-07 0)
(0 -6.22394e-07 0)
(0 -5.6557229e-07 0)
(0 -5.1393808e-07 0)
(0 -4.6701778e-07 0)
(0 -4.2438105e-07 0)
(0 -3.8563683e-07 0)
(0 -3.5042975e-07 0)
(0 -3.1843689e-07 0)
(0 -2.8936482e-07 0)
(0 -2.6294687e-07 0)
(0 -2.3894075e-07 0)
(0 -2.1712626e-07 0)
(0 -1.9730332e-07 0)
(0 -1.7929011e-07 0)
(0 -1.629214e-07 0)
(0 -1.4804706e-07 0)
(0 -1.3453066e-07 0)
(0 -1.2224822e-07 0)
(0 -1.1108709e-07 0)
(0 -1.0094488e-07 0)
(0 -9.1728582e-08 0)
(0 -8.3353649e-08 0)
(0 -7.5743267e-08 0)
(0 -6.882763e-08 0)
(0 -6.2543306e-08 0)
(0 -5.6832653e-08 0)
(0 -5.1643292e-08 0)
(0 -4.6927622e-08 0)
(0 -4.2642392e-08 0)
(0 -3.8748293e-08 0)
(0 -3.520961e-08 0)
(0 -3.1993883e-08 0)
(0 -2.9071617e-08 0)
(0 -2.6416007e-08 0)
(0 -2.4002695e-08 0)
(0 -2.1809546e-08 0)
(0 -1.9816442e-08 0)
(0 -1.8005103e-08 0)
(0 -1.6358914e-08 0)
(0 -1.4862776e-08 0)
(0 -1.3502965e-08 0)
(0 -1.2267009e-08 0)
(0 -1.1143571e-08 0)
(0 -1.0122346e-08 0)
(0 -9.1939673e-09 0)
(0 -8.3499196e-09 0)
(0 -7.5824607e-09 0)
(0 -6.8845513e-09 0)
(0 -6.2497898e-09 0)
(0 -5.6723539e-09 0)
(0 -5.1469472e-09 0)
(0 -4.6687503e-09 0)
(0 -4.2333772e-09 0)
(0 -3.8368344e-09 0)
(0 -3.4754845e-09 0)
(0 -3.1460133e-09 0)
(0 -2.8453985e-09 0)
(0 -2.570883e-09 0)
(0 -2.3199486e-09 0)
(0 -2.0902937e-09 0)
(0 -1.8798119e-09 0)
(0 -1.6865725e-09 0)
(0 -1.508803e-09 0)
(0 -1.3448729e-09 0)
(0 -1.1932785e-09 0)
(0 -1.0526294e-09 0)
(0 -9.2163537e-10 0)
(0 -7.9909499e-10 0)
(0 -6.8388424e-10 0)
(0 -5.7494636e-10 0)
(0 -4.7128212e-10 0)
(0 -3.7194068e-10 0)
(0 -2.7601083e-10 0)
(0 -1.8261266e-10 0)
(0 -9.0889492e-11 0)
(0 0 0)
(0 -0.00055864067 0)
(0 -0.00070968401 0)
(0 -0.00082658379 0)
(0 -0.00091303717 0)
(0 -0.00097638246 0)
(0 -0.0010230794 0)
(0 -0.0010578864 0)
(0 -0.0010841206 0)
(0 -0.0011040654 0)
(0 -0.0011192995 0)
(0 -0.0011309243 0)
(0 -0.0011397137 0)
(0 -0.0011462123 0)
(0 -0.001150798 0)
(0 -0.0011537225 0)
(0 -0.0011551351 0)
(0 -0.0011550966 0)
(0 -0.0011535815 0)
(0 -0.0011504733 0)
(0 -0.0011455469 0)
(0 -0.0011384392 0)
(0 -0.0011285983 0)
(0 -0.0011152087 0)
(0 -0.001097084 0)
(0 -0.0010725524 0)
(0 -0.0010394383 0)
(0 -0.00099548219 0)
(0 -0.00093979111 0)
(0 -0.00087493626 0)
(0 -0.00080587365 0)
(0 -0.00073701732 0)
(0 -0.00067124895 0)
(0 -0.00060999674 0)
(0 -0.0005537441 0)
(0 -0.00050246587 0)
(0 -0.0004558975 0)
(0 -0.00041367991 0)
(0 -0.00037543164 0)
(0 -0.0003407825 0)
(0 -0.0003093877 0)
(0 -0.0002809325 0)
(0 -0.00025513244 0)
(0 -0.00023173152 0)
(0 -0.00021049974 0)
(0 -0.00019123049 0)
(0 -0.000173738 0)
(0 -0.00015785509 0)
(0 -0.00014343108 0)
(0 -0.00013033005 0)
(0 -0.00011842922 0)
(0 -0.00010761758 0)
(0 -9.7794668e-05 0)
(0 -8.8869512e-05 0)
(0 -8.0759659e-05 0)
(0 -7.3390346e-05 0)
(0 -6.6693754e-05 0)
(0 -6.0608336e-05 0)
(0 -5.5078223e-05 0)
(0 -5.0052682e-05 0)
(0 -4.548564e-05 0)
(0 -4.1335245e-05 0)
(0 -3.7563478e-05 0)
(0 -3.4135795e-05 0)
(0 -3.1020809e-05 0)
(0 -2.8189997e-05 0)
(0 -2.5617441e-05 0)
(0 -2.3279587e-05 0)
(0 -2.1155029e-05 0)
(0 -1.9224315e-05 0)
(0 -1.7469763e-05 0)
(0 -1.5875308e-05 0)
(0 -1.4426345e-05 0)
(0 -1.3109603e-05 0)
(0 -1.1913021e-05 0)
(0 -1.0825637e-05 0)
(0 -9.8374894e-06 0)
(0 -8.9395239e-06 0)
(0 -8.1235125e-06 0)
(0 -7.3819775e-06 0)
(0 -6.7081231e-06 0)
(0 -6.0957735e-06 0)
(0 -5.5393161e-06 0)
(0 -5.0336504e-06 0)
(0 -4.574141e-06 0)
(0 -4.1565756e-06 0)
(0 -3.7771261e-06 0)
(0 -3.4323137e-06 0)
(0 -3.1189771e-06 0)
(0 -2.8342434e-06 0)
(0 -2.5755018e-06 0)
(0 -2.3403799e-06 0)
(0 -2.1267218e-06 0)
(0 -1.9325681e-06 0)
(0 -1.7561386e-06 0)
(0 -1.5958152e-06 0)
(0 -1.4501278e-06 0)
(0 -1.3177403e-06 0)
(0 -1.1974387e-06 0)
(0 -1.0881195e-06 0)
(0 -9.887804e-07 0)
(0 -8.9851017e-07 0)
(0 -8.1648097e-07 0)
(0 -7.4194047e-07 0)
(0 -6.7420502e-07 0)
(0 -6.1265339e-07 0)
(0 -5.5672104e-07 0)
(0 -5.0589498e-07 0)
(0 -4.5970904e-07 0)
(0 -4.1773962e-07 0)
(0 -3.7960177e-07 0)
(0 -3.449457e-07 0)
(0 -3.1345354e-07 0)
(0 -2.8483645e-07 0)
(0 -2.5883195e-07 0)
(0 -2.3520152e-07 0)
(0 -2.1372842e-07 0)
(0 -1.942157e-07 0)
(0 -1.7648439e-07 0)
(0 -1.6037184e-07 0)
(0 -1.4573028e-07 0)
(0 -1.324254e-07 0)
(0 -1.2033518e-07 0)
(0 -1.093487e-07 0)
(0 -9.9365215e-08 0)
(0 -9.0293141e-08 0)
(0 -8.2049267e-08 0)
(0 -7.4557979e-08 0)
(0 -6.7750565e-08 0)
(0 -6.1564584e-08 0)
(0 -5.5943296e-08 0)
(0 -5.0835142e-08 0)
(0 -4.6193267e-08 0)
(0 -4.1975095e-08 0)
(0 -3.8141935e-08 0)
(0 -3.4658627e-08 0)
(0 -3.1493222e-08 0)
(0 -2.8616686e-08 0)
(0 -2.6002633e-08 0)
(0 -2.3627086e-08 0)
(0 -2.1468257e-08 0)
(0 -1.9506343e-08 0)
(0 -1.7723349e-08 0)
(0 -1.610292e-08 0)
(0 -1.4630195e-08 0)
(0 -1.3291663e-08 0)
(0 -1.2075048e-08 0)
(0 -1.096919e-08 0)
(0 -9.9639456e-09 0)
(0 -9.0500949e-09 0)
(0 -8.2192553e-09 0)
(0 -7.4638061e-09 0)
(0 -6.776818e-09 0)
(0 -6.1519896e-09 0)
(0 -5.5835897e-09 0)
(0 -5.0664049e-09 0)
(0 -4.5956911e-09 0)
(0 -4.167131e-09 0)
(0 -3.7767934e-09 0)
(0 -3.4210982e-09 0)
(0 -3.0967827e-09 0)
(0 -2.8008722e-09 0)
(0 -2.5306524e-09 0)
(0 -2.2836447e-09 0)
(0 -2.0575837e-09 0)
(0 -1.8503956e-09 0)
(0 -1.6601801e-09 0)
(0 -1.4851924e-09 0)
(0 -1.3238276e-09 0)
(0 -1.1746054e-09 0)
(0 -1.0361572e-09 0)
(0 -9.0721311e-10 0)
(0 -7.8659031e-10 0)
(0 -6.7318244e-10 0)
(0 -5.6594928e-10 0)
(0 -4.6390724e-10 0)
(0 -3.6612034e-10 0)
(0 -2.7169166e-10 0)
(0 -1.7975504e-10 0)
(0 -8.9467203e-11 0)
(0 0 0)
(0 0 0)
(0 -1.1840778e-06 0)
(0 -2.3705622e-06 0)
(0 -3.5618467e-06 0)
(0 -4.7602784e-06 0)
(0 -5.9681372e-06 0)
(0 -7.1876147e-06 0)
(0 -8.4207943e-06 0)
(0 -9.6696342e-06 0)
(0 -1.0935952e-05 0)
(0 -1.2221416e-05 0)
(0 -1.3527542e-05 0)
(0 -1.4855697e-05 0)
(0 -1.620713e-05 0)
(0 -1.7583026e-05 0)
(0 -1.898463e-05 0)
(0 -2.041354e-05 0)
(0 -2.1872358e-05 0)
(0 -2.3366257e-05 0)
(0 -2.4906685e-05 0)
(0 -2.6404229e-05 0)
(0 0 0)
(0 -1.2195064e-06 0)
(0 -2.4436706e-06 0)
(0 -3.6772142e-06 0)
(0 -4.9249726e-06 0)
(0 -6.1919628e-06 0)
(0 -7.4834616e-06 0)
(0 -8.8051017e-06 0)
(0 -1.0162992e-05 0)
(0 -1.1563871e-05 0)
(0 -1.3015309e-05 0)
(0 -1.4525979e-05 0)
(0 -1.6106017e-05 0)
(0 -1.7767528e-05 0)
(0 -1.9525306e-05 0)
(0 -2.1397882e-05 0)
(0 -2.3409106e-05 0)
(0 -2.5590616e-05 0)
(0 -2.7985759e-05 0)
(0 -3.0655949e-05 0)
(0 -3.3464286e-05 0)
(0 0 0)
(0 -1.2466394e-06 0)
(0 -2.5000893e-06 0)
(0 -3.7672931e-06 0)
(0 -5.0554558e-06 0)
(0 -6.3721915e-06 0)
(0 -7.7256919e-06 0)
(0 -9.1249247e-06 0)
(0 -1.0579875e-05 0)
(0 -1.2101842e-05 0)
(0 -1.3703824e-05 0)
(0 -1.5400998e-05 0)
(0 -1.7211371e-05 0)
(0 -1.915663e-05 0)
(0 -2.126331e-05 0)
(0 -2.3564408e-05 0)
(0 -2.6101645e-05 0)
(0 -2.89287e-05 0)
(0 -3.2115845e-05 0)
(0 -3.5756609e-05 0)
(0 -3.9659878e-05 0)
(0 0 0)
(0 -1.2616547e-06 0)
(0 -2.5320454e-06 0)
(0 -3.8200986e-06 0)
(0 -5.1351261e-06 0)
(0 -6.48704e-06 0)
(0 -7.8865935e-06 0)
(0 -9.345661e-06 0)
(0 -1.0877571e-05 0)
(0 -1.2497513e-05 0)
(0 -1.4223037e-05 0)
(0 -1.6074689e-05 0)
(0 -1.8076819e-05 0)
(0 -2.0258624e-05 0)
(0 -2.2655515e-05 0)
(0 -2.5310923e-05 0)
(0 -2.8278701e-05 0)
(0 -3.1626332e-05 0)
(0 -3.5439193e-05 0)
(0 -3.9826208e-05 0)
(0 -4.4543479e-05 0)
(0 0 0)
(0 -1.2611355e-06 0)
(0 -2.532597e-06 0)
(0 -3.8249428e-06 0)
(0 -5.1492108e-06 0)
(0 -6.5171821e-06 0)
(0 -7.9416737e-06 0)
(0 -9.4368737e-06 0)
(0 -1.1018734e-05 0)
(0 -1.2705437e-05 0)
(0 -1.4517963e-05 0)
(0 -1.6480791e-05 0)
(0 -1.8622754e-05 0)
(0 -2.0978129e-05 0)
(0 -2.3587992e-05 0)
(0 -2.6501942e-05 0)
(0 -2.9780262e-05 0)
(0 -3.3496654e-05 0)
(0 -3.7741606e-05 0)
(0 -4.2626516e-05 0)
(0 -4.7863582e-05 0)
(0 0 0)
(0 -1.242263e-06 0)
(0 -2.4960239e-06 0)
(0 -3.7730376e-06 0)
(0 -5.0855996e-06 0)
(0 -6.446839e-06 0)
(0 -7.8710408e-06 0)
(0 -9.3740095e-06 0)
(0 -1.0973487e-05 0)
(0 -1.2689642e-05 0)
(0 -1.4545648e-05 0)
(0 -1.6568373e-05 0)
(0 -1.8789219e-05 0)
(0 -2.1245119e-05 0)
(0 -2.3979763e-05 0)
(0 -2.7045056e-05 0)
(0 -3.0502877e-05 0)
(0 -3.4427141e-05 0)
(0 -3.890617e-05 0)
(0 -4.4045315e-05 0)
(0 -4.9526422e-05 0)
(0 0 0)
(0 -1.2029634e-06 0)
(0 -2.4181241e-06 0)
(0 -3.6579456e-06 0)
(0 -4.9354591e-06 0)
(0 -6.2645682e-06 0)
(0 -7.6603795e-06 0)
(0 -9.1395707e-06 0)
(0 -1.0720806e-05 0)
(0 -1.2425209e-05 0)
(0 -1.4276915e-05 0)
(0 -1.6303707e-05 0)
(0 -1.853776e-05 0)
(0 -2.1016505e-05 0)
(0 -2.3783634e-05 0)
(0 -2.6890249e-05 0)
(0 -3.0396154e-05 0)
(0 -3.4371268e-05 0)
(0 -3.8897103e-05 0)
(0 -4.4068186e-05 0)
(0 -4.9551387e-05 0)
(0 0 0)
(0 -1.1420018e-06 0)
(0 -2.2964034e-06 0)
(0 -3.4758648e-06 0)
(0 -4.693611e-06 0)
(0 -5.963731e-06 0)
(0 -7.3014997e-06 0)
(0 -8.7237299e-06 0)
(0 -1.0249162e-05 0)
(0 -1.1898902e-05 0)
(0 -1.3696911e-05 0)
(0 -1.5670562e-05 0)
(0 -1.7851266e-05 0)
(0 -2.0275169e-05 0)
(0 -2.2983927e-05 0)
(0 -2.6025538e-05 0)
(0 -2.9455218e-05 0)
(0 -3.3336273e-05 0)
(0 -3.7740877e-05 0)
(0 -4.2750652e-05 0)
(0 -4.8032649e-05 0)
(0 0 0)
(0 -1.0590269e-06 0)
(0 -2.1301603e-06 0)
(0 -3.2257495e-06 0)
(0 -4.3586801e-06 0)
(0 -5.5426541e-06 0)
(0 -6.7924888e-06 0)
(0 -8.1244384e-06 0)
(0 -9.5565442e-06 0)
(0 -1.1109017e-05 0)
(0 -1.280466e-05 0)
(0 -1.4669323e-05 0)
(0 -1.6732412e-05 0)
(0 -1.9027413e-05 0)
(0 -2.159246e-05 0)
(0 -2.4470897e-05 0)
(0 -2.7711813e-05 0)
(0 -3.1370502e-05 0)
(0 -3.5508771e-05 0)
(0 -4.0194973e-05 0)
(0 -4.5110098e-05 0)
(0 0 0)
(0 -9.5456633e-07 0)
(0 -1.9204747e-06 0)
(0 -2.9092836e-06 0)
(0 -3.9330385e-06 0)
(0 -5.0045234e-06 0)
(0 -6.137526e-06 0)
(0 -7.3471199e-06 0)
(0 -8.6499655e-06 0)
(0 -1.0064633e-05 0)
(0 -1.1611945e-05 0)
(0 -1.3315345e-05 0)
(0 -1.5201278e-05 0)
(0 -1.7299579e-05 0)
(0 -1.9643858e-05 0)
(0 -2.2271848e-05 0)
(0 -2.5225699e-05 0)
(0 -2.8552155e-05 0)
(0 -3.2302561e-05 0)
(0 -3.6532606e-05 0)
(0 -4.0949016e-05 0)
(0 0 0)
(0 -8.2998307e-07 0)
(0 -1.670115e-06 0)
(0 -2.5307291e-06 0)
(0 -3.422581e-06 0)
(0 -4.3570643e-06 0)
(0 -5.3464362e-06 0)
(0 -6.4040546e-06 0)
(0 -7.5446255e-06 0)
(0 -8.7844642e-06 0)
(0 -1.0141767e-05 0)
(0 -1.1636888e-05 0)
(0 -1.3292621e-05 0)
(0 -1.5134471e-05 0)
(0 -1.7190895e-05 0)
(0 -1.9493507e-05 0)
(0 -2.2077197e-05 0)
(0 -2.4980146e-05 0)
(0 -2.824367e-05 0)
(0 -3.1911838e-05 0)
(0 -3.5726801e-05 0)
(0 0 0)
(0 -6.8739894e-07 0)
(0 -1.3833812e-06 0)
(0 -2.0966793e-06 0)
(0 -2.8363726e-06 0)
(0 -3.6120628e-06 0)
(0 -4.4340566e-06 0)
(0 -5.3135541e-06 0)
(0 -6.2628442e-06 0)
(0 -7.2955052e-06 0)
(0 -8.4266093e-06 0)
(0 -9.6729263e-06 0)
(0 -1.1053119e-05 0)
(0 -1.2587922e-05 0)
(0 -1.430029e-05 0)
(0 -1.6215496e-05 0)
(0 -1.8361155e-05 0)
(0 -2.0767153e-05 0)
(0 -2.3465431e-05 0)
(0 -2.648959e-05 0)
(0 -2.9624872e-05 0)
(0 0 0)
(0 -5.2959416e-07 0)
(0 -1.0658999e-06 0)
(0 -1.6157409e-06 0)
(0 -2.1862055e-06 0)
(0 -2.7847795e-06 0)
(0 -3.4194833e-06 0)
(0 -4.0990125e-06 0)
(0 -4.8328816e-06 0)
(0 -5.6315688e-06 0)
(0 -6.506661e-06 0)
(0 -7.4709941e-06 0)
(0 -8.5387823e-06 0)
(0 -9.7257298e-06 0)
(0 -1.1049113e-05 0)
(0 -1.2527818e-05 0)
(0 -1.4182322e-05 0)
(0 -1.603459e-05 0)
(0 -1.8107872e-05 0)
(0 -2.0426354e-05 0)
(0 -2.2824191e-05 0)
(0 0 0)
(0 -3.5989014e-07 0)
(0 -7.2438618e-07 0)
(0 -1.0981687e-06 0)
(0 -1.4860965e-06 0)
(0 -1.8932954e-06 0)
(0 -2.32525e-06 0)
(0 -2.7878962e-06 0)
(0 -3.2877157e-06 0)
(0 -3.8318294e-06 0)
(0 -4.42809e-06 0)
(0 -5.0851687e-06 0)
(0 -5.8126332e-06 0)
(0 -6.6210116e-06 0)
(0 -7.5218325e-06 0)
(0 -8.5276357e-06 0)
(0 -9.6519391e-06 0)
(0 -1.0909152e-05 0)
(0 -1.2314418e-05 0)
(0 -1.3883368e-05 0)
(0 -1.5503223e-05 0)
(0 0 0)
(0 -1.8202125e-07 0)
(0 -3.6638508e-07 0)
(0 -5.5547138e-07 0)
(0 -7.5174953e-07 0)
(0 -9.5782306e-07 0)
(0 -1.1764753e-06 0)
(0 -1.4107155e-06 0)
(0 -1.6638255e-06 0)
(0 -1.9394054e-06 0)
(0 -2.2414184e-06 0)
(0 -2.5742326e-06 0)
(0 -2.942657e-06 0)
(0 -3.3519702e-06 0)
(0 -3.8079366e-06 0)
(0 -4.3168069e-06 0)
(0 -4.885296e-06 0)
(0 -5.5205343e-06 0)
(0 -6.2299841e-06 0)
(0 -7.0213099e-06 0)
(0 -7.8374708e-06 0)
(0 0 0)
(0 0 0)
(0 0 0)
(0 0 0)
(0 0 0)
(0 0 0)
(0 0 0)
(0 0 0)
(0 0 0)
(0 0 0)
(0 0 0)
(0 0 0)
(0 0 0)
(0 0 0)
(0 0 0)
(0 0 0)
(0 0 0)
(0 0 0)
(0 0 0)
(0 0 0)
(0 0 0)
(0 0 0)
(0 -1.1840778e-06 0)
(0 -2.3705622e-06 0)
(0 -3.5618467e-06 0)
(0 -4.7602784e-06 0)
(0 -5.9681372e-06 0)
(0 -7.1876147e-06 0)
(0 -8.4207943e-06 0)
(0 -9.6696342e-06 0)
(0 -1.0935952e-05 0)
(0 -1.2221416e-05 0)
(0 -1.3527542e-05 0)
(0 -1.4855697e-05 0)
(0 -1.620713e-05 0)
(0 -1.7583026e-05 0)
(0 -1.898463e-05 0)
(0 -2.041354e-05 0)
(0 -2.1872358e-05 0)
(0 -2.3366257e-05 0)
(0 -2.4906685e-05 0)
(0 -2.6404229e-05 0)
(0 0 0)
(0 -1.2195064e-06 0)
(0 -2.4436706e-06 0)
(0 -3.6772142e-06 0)
(0 -4.9249726e-06 0)
(0 -6.1919628e-06 0)
(0 -7.4834616e-06 0)
(0 -8.8051017e-06 0)
(0 -1.0162992e-05 0)
(0 -1.1563871e-05 0)
(0 -1.3015309e-05 0)
(0 -1.4525979e-05 0)
(0 -1.6106017e-05 0)
(0 -1.7767528e-05 0)
(0 -1.9525306e-05 0)
(0 -2.1397882e-05 0)
(0 -2.3409106e-05 0)
(0 -2.5590616e-05 0)
(0 -2.7985759e-05 0)
(0 -3.0655949e-05 0)
(0 -3.3464286e-05 0)
(0 0 0)
(0 -1.2466394e-06 0)
(0 -2.5000893e-06 0)
(0 -3.7672931e-06 0)
(0 -5.0554558e-06 0)
(0 -6.3721915e-06 0)
(0 -7.7256919e-06 0)
(0 -9.1249247e-06 0)
(0 -1.0579875e-05 0)
(0 -1.2101842e-05 0)
(0 -1.3703824e-05 0)
(0 -1.5400998e-05 0)
(0 -1.7211371e-05 0)
(0 -1.915663e-05 0)
(0 -2.126331e-05 0)
(0 -2.3564408e-05 0)
(0 -2.6101645e-05 0)
(0 -2.89287e-05 0)
(0 -3.2115845e-05 0)
(0 -3.5756609e-05 0)
(0 -3.9659878e-05 0)
(0 0 0)
(0 -1.2616547e-06 0)
(0 -2.5320454e-06 0)
(0 -3.8200986e-06 0)
(0 -5.1351261e-06 0)
(0 -6.48704e-06 0)
(0 -7.8865935e-06 0)
(0 -9.345661e-06 0)
(0 -1.0877571e-05 0)
(0 -1.2497513e-05 0)
(0 -1.4223037e-05 0)
(0 -1.6074689e-05 0)
(0 -1.8076819e-05 0)
(0 -2.0258624e-05 0)
(0 -2.2655515e-05 0)
(0 -2.5310923e-05 0)
(0 -2.8278701e-05 0)
(0 -3.1626332e-05 0)
(0 -3.5439193e-05 0)
(0 -3.9826208e-05 0)
(0 -4.4543479e-05 0)
(0 0 0)
(0 -1.2611355e-06 0)
(0 -2.532597e-06 0)
(0 -3.8249428e-06 0)
(0 -5.1492108e-06 0)
(0 -6.5171821e-06 0)
(0 -7.9416737e-06 0)
(0 -9.4368737e-06 0)
(0 -1.1018734e-05 0)
(0 -1.2705437e-05 0)
(0 -1.4517963e-05 0)
(0 -1.6480791e-05 0)
(0 -1.8622754e-05 0)
(0 -2.0978129e-05 0)
(0 -2.3587992e-05 0)
(0 -2.6501942e-05 0)
(0 -2.9780262e-05 0)
(0 -3.3496654e-05 0)
(0 -3.7741606e-05 0)
(0 -4.2626516e-05 0)
(0 -4.7863582e-05 0)
(0 0 0)
(0 -1.242263e-06 0)
(0 -2.4960239e-06 0)
(0 -3.7730376e-06 0)
(0 -5.0855996e-06 0)
(0 -6.446839e-06 0)
(0 -7.8710408e-06 0)
(0 -9.3740095e-06 0)
(0 -1.0973487e-05 0)
(0 -1.2689642e-05 0)
(0 -1.4545648e-05 0)
(0 -1.6568373e-05 0)
(0 -1.8789219e-05 0)
(0 -2.1245119e-05 0)
(0 -2.3979763e-05 0)
(0 -2.7045056e-05 0)
(0 -3.0502877e-05 0)
(0 -3.4427141e-05 0)
(0 -3.890617e-05 0)
(0 -4.4045315e-05 0)
(0 -4.9526422e-05 0)
(0 0 0)
(0 -1.2029634e-06 0)
(0 -2.4181241e-06 0)
(0 -3.6579456e-06 0)
(0 -4.9354591e-06 0)
(0 -6.2645682e-06 0)
(0 -7.6603795e-06 0)
(0 -9.1395707e-06 0)
(0 -1.0720806e-05 0)
(0 -1.2425209e-05 0)
(0 -1.4276915e-05 0)
(0 -1.6303707e-05 0)
(0 -1.853776e-05 0)
(0 -2.1016505e-05 0)
(0 -2.3783634e-05 0)
(0 -2.6890249e-05 0)
(0 -3.0396154e-05 0)
(0 -3.4371268e-05 0)
(0 -3.8897103e-05 0)
(0 -4.4068186e-05 0)
(0 -4.9551387e-05 0)
(0 0 0)
(0 -1.1420018e-06 0)
(0 -2.2964034e-06 0)
(0 -3.4758648e-06 0)
(0 -4.693611e-06 0)
(0 -5.963731e-06 0)
(0 -7.3014997e-06 0)
(0 -8.7237299e-06 0)
(0 -1.0249162e-05 0)
(0 -1.1898902e-05 0)
(0 -1.3696911e-05 0)
(0 -1.5670562e-05 0)
(0 -1.7851266e-05 0)
(0 -2.0275169e-05 0)
(0 -2.2983927e-05 0)
(0 -2.6025538e-05 0)
(0 -2.9455218e-05 0)
(0 -3.3336273e-05 0)
(0 -3.7740877e-05 0)
(0 -4.2750652e-05 0)
(0 -4.8032649e-05 0)
(0 0 0)
(0 -1.0590269e-06 0)
(0 -2.1301603e-06 0)
(0 -3.2257495e-06 0)
(0 -4.3586801e-06 0)
(0 -5.5426541e-06 0)
(0 -6.7924888e-06 0)
(0 -8.1244384e-06 0)
(0 -9.5565442e-06 0)
(0 -1.1109017e-05 0)
(0 -1.280466e-05 0)
(0 -1.4669323e-05 0)
(0 -1.6732412e-05 0)
(0 -1.9027413e-05 0)
(0 -2.159246e-05 0)
(0 -2.4470897e-05 0)
(0 -2.7711813e-05 0)
(0 -3.1370502e-05 0)
(0 -3.5508771e-05 0)
(0 -4.0194973e-05 0)
(0 -4.5110098e-05 0)
(0 0 0)
(0 -9.5456633e-07 0)
(0 -1.9204747e-06 0)
(0 -2.9092836e-06 0)
(0 -3.9330385e-06 0)
(0 -5.0045234e-06 0)
(0 -6.137526e-06 0)
(0 -7.3471199e-06 0)
(0 -8.6499655e-06 0)
(0 -1.0064633e-05 0)
(0 -1.1611945e-05 0)
(0 -1.3315345e-05 0)
(0 -1.5201278e-05 0)
(0 -1.7299579e-05 0)
(0 -1.9643858e-05 0)
(0 -2.2271848e-05 0)
(0 -2.5225699e-05 0)
(0 -2.8552155e-05 0)
(0 -3.2302561e-05 0)
(0 -3.6532606e-05 0)
(0 -4.0949016e-05 0)
(0 0 0)
(0 -8.2998307e-07 0)
(0 -1.670115e-06 0)
(0 -2.5307291e-06 0)
(0 -3.422581e-06 0)
(0 -4.3570643e-06 0)
(0 -5.3464362e-06 0)
(0 -6.4040546e-06 0)
(0 -7.5446255e-06 0)
(0 -8.7844642e-06 0)
(0 -1.0141767e-05 0)
(0 -1.1636888e-05 0)
(0 -1.3292621e-05 0)
(0 -1.5134471e-05 0)
(0 -1.7190895e-05 0)
(0 -1.9493507e-05 0)
(0 -2.2077197e-05 0)
(0 -2.4980146e-05 0)
(0 -2.824367e-05 0)
(0 -3.1911838e-05 0)
(0 -3.5726801e-05 0)
(0 0 0)
(0 -6.8739894e-07 0)
(0 -1.3833812e-06 0)
(0 -2.0966793e-06 0)
(0 -2.8363726e-06 0)
(0 -3.6120628e-06 0)
(0 -4.4340566e-06 0)
(0 -5.3135541e-06 0)
(0 -6.2628442e-06 0)
(0 -7.2955052e-06 0)
(0 -8.4266093e-06 0)
(0 -9.6729263e-06 0)
(0 -1.1053119e-05 0)
(0 -1.2587922e-05 0)
(0 -1.430029e-05 0)
(0 -1.6215496e-05 0)
(0 -1.8361155e-05 0)
(0 -2.0767153e-05 0)
(0 -2.3465431e-05 0)
(0 -2.648959e-05 0)
(0 -2.9624872e-05 0)
(0 0 0)
(0 -5.2959416e-07 0)
(0 -1.0658999e-06 0)
(0 -1.6157409e-06 0)
(0 -2.1862055e-06 0)
(0 -2.7847795e-06 0)
(0 -3.4194833e-06 0)
(0 -4.0990125e-06 0)
(0 -4.8328816e-06 0)
(0 -5.6315688e-06 0)
(0 -6.506661e-06 0)
(0 -7.4709941e-06 0)
(0 -8.5387823e-06 0)
(0 -9.7257298e-06 0)
(0 -1.1049113e-05 0)
(0 -1.2527818e-05 0)
(0 -1.4182322e-05 0)
(0 -1.603459e-05 0)
(0 -1.8107872e-05 0)
(0 -2.0426354e-05 0)
(0 -2.2824191e-05 0)
(0 0 0)
(0 -3.5989014e-07 0)
(0 -7.2438618e-07 0)
(0 -1.0981687e-06 0)
(0 -1.4860965e-06 0)
(0 -1.8932954e-06 0)
(0 -2.32525e-06 0)
(0 -2.7878962e-06 0)
(0 -3.2877157e-06 0)
(0 -3.8318294e-06 0)
(0 -4.42809e-06 0)
(0 -5.0851687e-06 0)
(0 -5.8126332e-06 0)
(0 -6.6210116e-06 0)
(0 -7.5218325e-06 0)
(0 -8.5276357e-06 0)
(0 -9.6519391e-06 0)
(0 -1.0909152e-05 0)
(0 -1.2314418e-05 0)
(0 -1.3883368e-05 0)
(0 -1.5503223e-05 0)
(0 0 0)
(0 -1.8202125e-07 0)
(0 -3.6638508e-07 0)
(0 -5.5547138e-07 0)
(0 -7.5174953e-07 0)
(0 -9.5782306e-07 0)
(0 -1.1764753e-06 0)
(0 -1.4107155e-06 0)
(0 -1.6638255e-06 0)
(0 -1.9394054e-06 0)
(0 -2.2414184e-06 0)
(0 -2.5742326e-06 0)
(0 -2.942657e-06 0)
(0 -3.3519702e-06 0)
(0 -3.8079366e-06 0)
(0 -4.3168069e-06 0)
(0 -4.885296e-06 0)
(0 -5.5205343e-06 0)
(0 -6.2299841e-06 0)
(0 -7.0213099e-06 0)
(0 -7.8374708e-06 0)
(0 0 0)
(0 0 0)
(0 0 0)
(0 0 0)
(0 0 0)
(0 0 0)
(0 0 0)
(0 0 0)
(0 0 0)
(0 0 0)
(0 0 0)
(0 0 0)
(0 0 0)
(0 0 0)
(0 0 0)
(0 0 0)
(0 0 0)
(0 0 0)
(0 0 0)
(0 0 0)
(0 0 0)
(0 -2.7661766e-05 0)
(0 -2.8895127e-05 0)
(0 -3.0179803e-05 0)
(0 -3.1516419e-05 0)
(0 -3.0714199e-05 0)
(0 -3.0807909e-05 0)
(0 -3.3065033e-05 0)
(0 -3.6031171e-05 0)
(0 -3.9674292e-05 0)
(0 -4.5619336e-05 0)
(0 -5.4069819e-05 0)
(0 -6.6832945e-05 0)
(0 -8.3136726e-05 0)
(0 -0.00010463121 0)
(0 -0.00014018426 0)
(0 -0.00018644415 0)
(0 -0.00022823383 0)
(0 -0.00027476154 0)
(0 -0.00032529779 0)
(0 -0.00039452547 0)
(0 -3.5974945e-05 0)
(0 -3.8533232e-05 0)
(0 -4.143242e-05 0)
(0 -4.4776146e-05 0)
(0 -4.872759e-05 0)
(0 -5.3391371e-05 0)
(0 -5.8919595e-05 0)
(0 -6.5579471e-05 0)
(0 -7.3744979e-05 0)
(0 -8.4039732e-05 0)
(0 -9.700571e-05 0)
(0 -0.00011320001 0)
(0 -0.00013279268 0)
(0 -0.00015599147 0)
(0 -0.00018267245 0)
(0 -0.00021302839 0)
(0 -0.00024727209 0)
(0 -0.00028486915 0)
(0 -0.00032522143 0)
(0 -0.00037955102 0)
(0 -4.3189948e-05 0)
(0 -4.6802498e-05 0)
(0 -5.0896144e-05 0)
(0 -5.5572256e-05 0)
(0 -6.0953853e-05 0)
(0 -6.717931e-05 0)
(0 -7.4415332e-05 0)
(0 -8.2868192e-05 0)
(0 -9.279168e-05 0)
(0 -0.00010449371 0)
(0 -0.00011826759 0)
(0 -0.00013436983 0)
(0 -0.00015295293 0)
(0 -0.00017411855 0)
(0 -0.00019789212 0)
(0 -0.00022425575 0)
(0 -0.00025311089 0)
(0 -0.00028419785 0)
(0 -0.00031714637 0)
(0 -0.00036111505 0)
(0 -4.8805258e-05 0)
(0 -5.3145808e-05 0)
(0 -5.8025588e-05 0)
(0 -6.3534412e-05 0)
(0 -6.9775851e-05 0)
(0 -7.6867271e-05 0)
(0 -8.4941019e-05 0)
(0 -9.4144893e-05 0)
(0 -0.00010464132 0)
(0 -0.00011660084 0)
(0 -0.00013018339 0)
(0 -0.00014552267 0)
(0 -0.0001627091 0)
(0 -0.00018179134 0)
(0 -0.00020276901 0)
(0 -0.00022558887 0)
(0 -0.00025013678 0)
(0 -0.00027622849 0)
(0 -0.00030361796 0)
(0 -0.00033993492 0)
(0 -5.2570969e-05 0)
(0 -5.733205e-05 0)
(0 -6.2637983e-05 0)
(0 -6.8563104e-05 0)
(0 -7.5189826e-05 0)
(0 -8.2608142e-05 0)
(0 -9.0914589e-05 0)
(0 -0.00010021048 0)
(0 -0.00011059897 0)
(0 -0.00012217982 0)
(0 -0.00013504213 0)
(0 -0.00014925657 0)
(0 -0.00016486828 0)
(0 -0.00018189258 0)
(0 -0.00020031054 0)
(0 -0.00022006577 0)
(0 -0.00024106223 0)
(0 -0.00026316391 0)
(0 -0.00028619985 0)
(0 -0.00031659409 0)
(0 -5.4422474e-05 0)
(0 -5.9339167e-05 0)
(0 -6.4773934e-05 0)
(0 -7.0785543e-05 0)
(0 -7.7436863e-05 0)
(0 -8.4794004e-05 0)
(0 -9.2924958e-05 0)
(0 -0.0001018977 0)
(0 -0.00011177763 0)
(0 -0.00012262417 0)
(0 -0.00013448698 0)
(0 -0.00014740189 0)
(0 -0.00016138708 0)
(0 -0.00017643987 0)
(0 -0.00019253412 0)
(0 -0.00020961866 0)
(0 -0.00022761674 0)
(0 -0.00024642688 0)
(0 -0.00026592676 0)
(0 -0.000291556 0)
(0 -5.4418684e-05 0)
(0 -5.9274344e-05 0)
(0 -6.460308e-05 0)
(0 -7.0449998e-05 0)
(0 -7.6861825e-05 0)
(0 -8.388604e-05 0)
(0 -9.1569666e-05 0)
(0 -9.9957744e-05 0)
(0 -0.00010909148 0)
(0 -0.00011900607 0)
(0 -0.00012972845 0)
(0 -0.00014127496 0)
(0 -0.00015364918 0)
(0 -0.00016684 0)
(0 -0.0001808203 0)
(0 -0.00019554616 0)
(0 -0.00021095693 0)
(0 -0.00022697599 0)
(0 -0.00024351387 0)
(0 -0.00026518328 0)
(0 -5.2694185e-05 0)
(0 -5.7317542e-05 0)
(0 -6.2360058e-05 0)
(0 -6.7855673e-05 0)
(0 -7.3838533e-05 0)
(0 -8.0342258e-05 0)
(0 -8.7398986e-05 0)
(0 -9.5038252e-05 0)
(0 -0.0001032857 0)
(0 -0.00011216172 0)
(0 -0.00012167997 0)
(0 -0.00013184607 0)
(0 -0.00014265625 0)
(0 -0.0001540964 0)
(0 -0.00016614129 0)
(0 -0.00017875427 0)
(0 -0.0001918875 0)
(0 -0.00020548256 0)
(0 -0.00021947284 0)
(0 -0.00023775914 0)
(0 -4.9425589e-05 0)
(0 -5.3684371e-05 0)
(0 -5.830516e-05 0)
(0 -6.331311e-05 0)
(0 -6.8732868e-05 0)
(0 -7.4587987e-05 0)
(0 -8.0900212e-05 0)
(0 -8.7688693e-05 0)
(0 -9.4969109e-05 0)
(0 -0.00010275275 0)
(0 -0.00011104565 0)
(0 -0.00011984772 0)
(0 -0.00012915202 0)
(0 -0.0001389442 0)
(0 -0.00014920213 0)
(0 -0.00015989581 0)
(0 -0.00017098756 0)
(0 -0.00018243255 0)
(0 -0.00019418066 0)
(0 -0.00020950608 0)
(0 -4.4809551e-05 0)
(0 -4.8603397e-05 0)
(0 -5.2702068e-05 0)
(0 -5.712396e-05 0)
(0 -6.1886656e-05 0)
(0 -6.7006488e-05 0)
(0 -7.2498025e-05 0)
(0 -7.8373511e-05 0)
(0 -8.464227e-05 0)
(0 -9.1310134e-05 0)
(0 -9.8378862e-05 0)
(0 -0.00010584563 0)
(0 -0.00011370258 0)
(0 -0.00012193658 0)
(0 -0.00013052895 0)
(0 -0.00013945553 0)
(0 -0.00014868685 0)
(0 -0.00015818849 0)
(0 -0.0001679226 0)
(0 -0.00018060085 0)
(0 -3.9049355e-05 0)
(0 -4.2303311e-05 0)
(0 -4.5806488e-05 0)
(0 -4.9572134e-05 0)
(0 -5.3612623e-05 0)
(0 -5.793914e-05 0)
(0 -6.2561316e-05 0)
(0 -6.748684e-05 0)
(0 -7.2721068e-05 0)
(0 -7.8266634e-05 0)
(0 -8.4123096e-05 0)
(0 -9.0286616e-05 0)
(0 -9.6749709e-05 0)
(0 -0.00010350108 0)
(0 -0.00011052553 0)
(0 -0.00011780401 0)
(0 -0.00012531379 0)
(0 -0.00013302866 0)
(0 -0.00014092021 0)
(0 -0.0001511859 0)
(0 -3.2347418e-05 0)
(0 -3.5006486e-05 0)
(0 -3.7861367e-05 0)
(0 -4.0921385e-05 0)
(0 -4.4195064e-05 0)
(0 -4.768992e-05 0)
(0 -5.1412195e-05 0)
(0 -5.5366608e-05 0)
(0 -5.9556081e-05 0)
(0 -6.3981503e-05 0)
(0 -6.8641493e-05 0)
(0 -7.3532215e-05 0)
(0 -7.8647226e-05 0)
(0 -8.3977388e-05 0)
(0 -8.9510839e-05 0)
(0 -9.5233037e-05 0)
(0 -0.00010112688 0)
(0 -0.00010717289 0)
(0 -0.00011335013 0)
(0 -0.00012137811 0)
(0 -2.4901669e-05 0)
(0 -2.6926514e-05 0)
(0 -2.9095976e-05 0)
(0 -3.1416343e-05 0)
(0 -3.3893265e-05 0)
(0 -3.6531607e-05 0)
(0 -3.9335281e-05 0)
(0 -4.2307073e-05 0)
(0 -4.5448479e-05 0)
(0 -4.8759545e-05 0)
(0 -5.2238731e-05 0)
(0 -5.5882791e-05 0)
(0 -5.9686693e-05 0)
(0 -6.364357e-05 0)
(0 -6.7744713e-05 0)
(0 -7.1979611e-05 0)
(0 -7.6336036e-05 0)
(0 -8.0800177e-05 0)
(0 -8.5357295e-05 0)
(0 -9.1275551e-05 0)
(0 -1.6904426e-05 0)
(0 -1.8268151e-05 0)
(0 -1.9727168e-05 0)
(0 -2.1285351e-05 0)
(0 -2.2946128e-05 0)
(0 -2.4712401e-05 0)
(0 -2.6586435e-05 0)
(0 -2.8569761e-05 0)
(0 -3.0663073e-05 0)
(0 -3.286614e-05 0)
(0 -3.517772e-05 0)
(0 -3.7595501e-05 0)
(0 -4.0116053e-05 0)
(0 -4.2734804e-05 0)
(0 -4.5446042e-05 0)
(0 -4.8242945e-05 0)
(0 -5.1117633e-05 0)
(0 -5.4061254e-05 0)
(0 -5.7064412e-05 0)
(0 -6.0962654e-05 0)
(0 -8.5427957e-06 0)
(0 -9.2286666e-06 0)
(0 -9.9618391e-06 0)
(0 -1.0744157e-05 0)
(0 -1.1577237e-05 0)
(0 -1.2462431e-05 0)
(0 -1.3400775e-05 0)
(0 -1.4392942e-05 0)
(0 -1.5439194e-05 0)
(0 -1.6539341e-05 0)
(0 -1.7692705e-05 0)
(0 -1.8898088e-05 0)
(0 -2.0153757e-05 0)
(0 -2.1457431e-05 0)
(0 -2.2806281e-05 0)
(0 -2.4196952e-05 0)
(0 -2.5625584e-05 0)
(0 -2.7087852e-05 0)
(0 -2.857918e-05 0)
(0 -3.0514441e-05 0)
(0 0 0)
(0 0 0)
(0 0 0)
(0 0 0)
(0 0 0)
(0 0 0)
(0 0 0)
(0 0 0)
(0 0 0)
(0 0 0)
(0 0 0)
(0 0 0)
(0 0 0)
(0 0 0)
(0 0 0)
(0 0 0)
(0 0 0)
(0 0 0)
(0 0 0)
(0 0 0)
(0 -2.7661765e-05 0)
(0 -2.8895122e-05 0)
(0 -3.0179794e-05 0)
(0 -3.151641e-05 0)
(0 -3.0714005e-05 0)
(0 -3.0807472e-05 0)
(0 -3.3064564e-05 0)
(0 -3.6030181e-05 0)
(0 -3.9672743e-05 0)
(0 -4.5616946e-05 0)
(0 -5.4066938e-05 0)
(0 -6.6829622e-05 0)
(0 -8.3133034e-05 0)
(0 -0.00010462681 0)
(0 -0.0001401805 0)
(0 -0.00018644407 0)
(0 -0.00022823372 0)
(0 -0.00027476144 0)
(0 -0.00032529769 0)
(0 -0.00039452547 0)
(0 -3.5974945e-05 0)
(0 -3.8533232e-05 0)
(0 -4.143242e-05 0)
(0 -4.4776144e-05 0)
(0 -4.872758e-05 0)
(0 -5.3391352e-05 0)
(0 -5.8919568e-05 0)
(0 -6.5579434e-05 0)
(0 -7.3744935e-05 0)
(0 -8.4039675e-05 0)
(0 -9.7005642e-05 0)
(0 -0.00011319994 0)
(0 -0.00013279259 0)
(0 -0.00015599139 0)
(0 -0.00018267236 0)
(0 -0.00021302833 0)
(0 -0.00024727209 0)
(0 -0.00028486915 0)
(0 -0.00032522143 0)
(0 -0.00037955102 0)
(0 -4.3189948e-05 0)
(0 -4.6802498e-05 0)
(0 -5.0896144e-05 0)
(0 -5.5572256e-05 0)
(0 -6.0953853e-05 0)
(0 -6.717931e-05 0)
(0 -7.4415332e-05 0)
(0 -8.2868192e-05 0)
(0 -9.279168e-05 0)
(0 -0.00010449371 0)
(0 -0.00011826759 0)
(0 -0.00013436983 0)
(0 -0.00015295293 0)
(0 -0.00017411855 0)
(0 -0.00019789212 0)
(0 -0.00022425575 0)
(0 -0.00025311089 0)
(0 -0.00028419785 0)
(0 -0.00031714637 0)
(0 -0.00036111505 0)
(0 -4.8805258e-05 0)
(0 -5.3145808e-05 0)
(0 -5.8025588e-05 0)
(0 -6.3534412e-05 0)
(0 -6.9775851e-05 0)
(0 -7.6867271e-05 0)
(0 -8.4941019e-05 0)
(0 -9.4144893e-05 0)
(0 -0.00010464132 0)
(0 -0.00011660084 0)
(0 -0.00013018339 0)
(0 -0.00014552267 0)
(0 -0.0001627091 0)
(0 -0.00018179134 0)
(0 -0.00020276901 0)
(0 -0.00022558887 0)
(0 -0.00025013678 0)
(0 -0.00027622849 0)
(0 -0.00030361796 0)
(0 -0.00033993492 0)
(0 -5.2570969e-05 0)
(0 -5.733205e-05 0)
(0 -6.2637983e-05 0)
(0 -6.8563104e-05 0)
(0 -7.5189826e-05 0)
(0 -8.2608142e-05 0)
(0 -9.0914589e-05 0)
(0 -0.00010021048 0)
(0 -0.00011059897 0)
(0 -0.00012217982 0)
(0 -0.00013504213 0)
(0 -0.00014925657 0)
(0 -0.00016486828 0)
(0 -0.00018189258 0)
(0 -0.00020031054 0)
(0 -0.00022006577 0)
(0 -0.00024106223 0)
(0 -0.00026316391 0)
(0 -0.00028619985 0)
(0 -0.00031659409 0)
(0 -5.4422474e-05 0)
(0 -5.9339167e-05 0)
(0 -6.4773934e-05 0)
(0 -7.0785543e-05 0)
(0 -7.7436863e-05 0)
(0 -8.4794004e-05 0)
(0 -9.2924958e-05 0)
(0 -0.0001018977 0)
(0 -0.00011177763 0)
(0 -0.00012262417 0)
(0 -0.00013448698 0)
(0 -0.00014740189 0)
(0 -0.00016138708 0)
(0 -0.00017643987 0)
(0 -0.00019253412 0)
(0 -0.00020961866 0)
(0 -0.00022761674 0)
(0 -0.00024642688 0)
(0 -0.00026592676 0)
(0 -0.000291556 0)
(0 -5.4418684e-05 0)
(0 -5.9274344e-05 0)
(0 -6.460308e-05 0)
(0 -7.0449998e-05 0)
(0 -7.6861825e-05 0)
(0 -8.388604e-05 0)
(0 -9.1569666e-05 0)
(0 -9.9957744e-05 0)
(0 -0.00010909148 0)
(0 -0.00011900607 0)
(0 -0.00012972845 0)
(0 -0.00014127496 0)
(0 -0.00015364918 0)
(0 -0.00016684 0)
(0 -0.0001808203 0)
(0 -0.00019554616 0)
(0 -0.00021095693 0)
(0 -0.00022697599 0)
(0 -0.00024351387 0)
(0 -0.00026518328 0)
(0 -5.2694185e-05 0)
(0 -5.7317542e-05 0)
(0 -6.2360058e-05 0)
(0 -6.7855673e-05 0)
(0 -7.3838533e-05 0)
(0 -8.0342258e-05 0)
(0 -8.7398986e-05 0)
(0 -9.5038252e-05 0)
(0 -0.0001032857 0)
(0 -0.00011216172 0)
(0 -0.00012167997 0)
(0 -0.00013184607 0)
(0 -0.00014265625 0)
(0 -0.0001540964 0)
(0 -0.00016614129 0)
(0 -0.00017875427 0)
(0 -0.0001918875 0)
(0 -0.00020548256 0)
(0 -0.00021947284 0)
(0 -0.00023775914 0)
(0 -4.9425589e-05 0)
(0 -5.3684371e-05 0)
(0 -5.830516e-05 0)
(0 -6.331311e-05 0)
(0 -6.8732868e-05 0)
(0 -7.4587987e-05 0)
(0 -8.0900212e-05 0)
(0 -8.7688693e-05 0)
(0 -9.4969109e-05 0)
(0 -0.00010275275 0)
(0 -0.00011104565 0)
(0 -0.00011984772 0)
(0 -0.00012915202 0)
(0 -0.0001389442 0)
(0 -0.00014920213 0)
(0 -0.00015989581 0)
(0 -0.00017098756 0)
(0 -0.00018243255 0)
(0 -0.00019418066 0)
(0 -0.00020950608 0)
(0 -4.4809551e-05 0)
(0 -4.8603397e-05 0)
(0 -5.2702068e-05 0)
(0 -5.712396e-05 0)
(0 -6.1886656e-05 0)
(0 -6.7006488e-05 0)
(0 -7.2498025e-05 0)
(0 -7.8373511e-05 0)
(0 -8.464227e-05 0)
(0 -9.1310134e-05 0)
(0 -9.8378862e-05 0)
(0 -0.00010584563 0)
(0 -0.00011370258 0)
(0 -0.00012193658 0)
(0 -0.00013052895 0)
(0 -0.00013945553 0)
(0 -0.00014868685 0)
(0 -0.00015818849 0)
(0 -0.0001679226 0)
(0 -0.00018060085 0)
(0 -3.9049355e-05 0)
(0 -4.2303311e-05 0)
(0 -4.5806488e-05 0)
(0 -4.9572134e-05 0)
(0 -5.3612623e-05 0)
(0 -5.793914e-05 0)
(0 -6.2561316e-05 0)
(0 -6.748684e-05 0)
(0 -7.2721068e-05 0)
(0 -7.8266634e-05 0)
(0 -8.4123096e-05 0)
(0 -9.0286616e-05 0)
(0 -9.6749709e-05 0)
(0 -0.00010350108 0)
(0 -0.00011052553 0)
(0 -0.00011780401 0)
(0 -0.00012531379 0)
(0 -0.00013302866 0)
(0 -0.00014092021 0)
(0 -0.0001511859 0)
(0 -3.2347418e-05 0)
(0 -3.5006486e-05 0)
(0 -3.7861367e-05 0)
(0 -4.0921385e-05 0)
(0 -4.4195064e-05 0)
(0 -4.768992e-05 0)
(0 -5.1412195e-05 0)
(0 -5.5366608e-05 0)
(0 -5.9556081e-05 0)
(0 -6.3981503e-05 0)
(0 -6.8641493e-05 0)
(0 -7.3532215e-05 0)
(0 -7.8647226e-05 0)
(0 -8.3977388e-05 0)
(0 -8.9510839e-05 0)
(0 -9.5233037e-05 0)
(0 -0.00010112688 0)
(0 -0.00010717289 0)
(0 -0.00011335013 0)
(0 -0.00012137811 0)
(0 -2.4901669e-05 0)
(0 -2.6926514e-05 0)
(0 -2.9095976e-05 0)
(0 -3.1416343e-05 0)
(0 -3.3893265e-05 0)
(0 -3.6531607e-05 0)
(0 -3.9335281e-05 0)
(0 -4.2307073e-05 0)
(0 -4.5448479e-05 0)
(0 -4.8759545e-05 0)
(0 -5.2238731e-05 0)
(0 -5.5882791e-05 0)
(0 -5.9686693e-05 0)
(0 -6.364357e-05 0)
(0 -6.7744713e-05 0)
(0 -7.1979611e-05 0)
(0 -7.6336036e-05 0)
(0 -8.0800177e-05 0)
(0 -8.5357295e-05 0)
(0 -9.1275551e-05 0)
(0 -1.6904426e-05 0)
(0 -1.8268151e-05 0)
(0 -1.9727168e-05 0)
(0 -2.1285351e-05 0)
(0 -2.2946128e-05 0)
(0 -2.4712401e-05 0)
(0 -2.6586435e-05 0)
(0 -2.8569761e-05 0)
(0 -3.0663073e-05 0)
(0 -3.286614e-05 0)
(0 -3.517772e-05 0)
(0 -3.7595501e-05 0)
(0 -4.0116053e-05 0)
(0 -4.2734804e-05 0)
(0 -4.5446042e-05 0)
(0 -4.8242945e-05 0)
(0 -5.1117633e-05 0)
(0 -5.4061254e-05 0)
(0 -5.7064412e-05 0)
(0 -6.0962654e-05 0)
(0 -8.5427957e-06 0)
(0 -9.2286666e-06 0)
(0 -9.9618391e-06 0)
(0 -1.0744157e-05 0)
(0 -1.1577237e-05 0)
(0 -1.2462431e-05 0)
(0 -1.3400775e-05 0)
(0 -1.4392942e-05 0)
(0 -1.5439194e-05 0)
(0 -1.6539341e-05 0)
(0 -1.7692705e-05 0)
(0 -1.8898088e-05 0)
(0 -2.0153757e-05 0)
(0 -2.1457431e-05 0)
(0 -2.2806281e-05 0)
(0 -2.4196952e-05 0)
(0 -2.5625584e-05 0)
(0 -2.7087852e-05 0)
(0 -2.857918e-05 0)
(0 -3.0514441e-05 0)
(0 0 0)
(0 0 0)
(0 0 0)
(0 0 0)
(0 0 0)
(0 0 0)
(0 0 0)
(0 0 0)
(0 0 0)
(0 0 0)
(0 0 0)
(0 0 0)
(0 0 0)
(0 0 0)
(0 0 0)
(0 0 0)
(0 0 0)
(0 0 0)
(0 0 0)
(0 0 0)
(0 -0.00051607606 0)
(0 -0.00064157422 0)
(0 -0.00074557888 0)
(0 -0.00082736326 0)
(0 -0.00089027552 0)
(0 -0.00093838803 0)
(0 -0.00097524092 0)
(0 -0.0010035832 0)
(0 -0.0010254566 0)
(0 -0.0010423527 0)
(0 -0.0010553552 0)
(0 -0.00106525 0)
(0 -0.0010726026 0)
(0 -0.0010778129 0)
(0 -0.0010811509 0)
(0 -0.0010827797 0)
(0 -0.0010827684 0)
(0 -0.0010810955 0)
(0 -0.0010776451 0)
(0 -0.0010721932 0)
(0 -0.0010643844 0)
(0 -0.0010536967 0)
(0 -0.0010393942 0)
(0 -0.0010204783 0)
(0 -0.00099566935 0)
(0 -0.00096351188 0)
(0 -0.00092278003 0)
(0 -0.00087333463 0)
(0 -0.00081698608 0)
(0 -0.00075693485 0)
(0 -0.00069633171 0)
(0 -0.00063751349 0)
(0 -0.0005818791 0)
(0 -0.00053010153 0)
(0 -0.00048238877 0)
(0 -0.0004386835 0)
(0 -0.00039879113 0)
(0 -0.00036245487 0)
(0 -0.00032939742 0)
(0 -0.00029934302 0)
(0 -0.00027202849 0)
(0 -0.0002472082 0)
(0 -0.00022465577 0)
(0 -0.00020416404 0)
(0 -0.00018554421 0)
(0 -0.00016862463 0)
(0 -0.00015324939 0)
(0 -0.00013927698 0)
(0 -0.00012657898 0)
(0 -0.00011503881 0)
(0 -0.00010455069 0)
(0 -9.5018537e-05 0)
(0 -8.6355138e-05 0)
(0 -7.8481263e-05 0)
(0 -7.1324941e-05 0)
(0 -6.4820786e-05 0)
(0 -5.8909381e-05 0)
(0 -5.3536732e-05 0)
(0 -4.8653768e-05 0)
(0 -4.421589e-05 0)
(0 -4.0182557e-05 0)
(0 -3.6516925e-05 0)
(0 -3.3185497e-05 0)
(0 -3.0157831e-05 0)
(0 -2.7406252e-05 0)
(0 -2.4905604e-05 0)
(0 -2.2633021e-05 0)
(0 -2.0567718e-05 0)
(0 -1.8690804e-05 0)
(0 -1.6985106e-05 0)
(0 -1.5435014e-05 0)
(0 -1.4026342e-05 0)
(0 -1.2746195e-05 0)
(0 -1.1582852e-05 0)
(0 -1.0525661e-05 0)
(0 -9.5649402e-06 0)
(0 -8.69189e-06 0)
(0 -7.8985132e-06 0)
(0 -7.1775413e-06 0)
(0 -6.5223688e-06 0)
(0 -5.9269922e-06 0)
(0 -5.3859556e-06 0)
(0 -4.8943006e-06 0)
(0 -4.4475212e-06 0)
(0 -4.041522e-06 0)
(0 -3.6725817e-06 0)
(0 -3.3373182e-06 0)
(0 -3.0326578e-06 0)
(0 -2.7558076e-06 0)
(0 -2.5042293e-06 0)
(0 -2.2756163e-06 0)
(0 -2.0678724e-06 0)
(0 -1.8790928e-06 0)
(0 -1.7075464e-06 0)
(0 -1.5516603e-06 0)
(0 -1.4100048e-06 0)
(0 -1.281281e-06 0)
(0 -1.1643084e-06 0)
(0 -1.0580144e-06 0)
(0 -9.6142407e-07 0)
(0 -8.7365166e-07 0)
(0 -7.9389218e-07 0)
(0 -7.2141414e-07 0)
(0 -6.5555283e-07 0)
(0 -5.957042e-07 0)
(0 -5.4131936e-07 0)
(0 -4.918995e-07 0)
(0 -4.4699137e-07 0)
(0 -4.0618309e-07 0)
(0 -3.6910036e-07 0)
(0 -3.3540307e-07 0)
(0 -3.0478216e-07 0)
(0 -2.7695676e-07 0)
(0 -2.5167167e-07 0)
(0 -2.2869497e-07 0)
(0 -2.0781592e-07 0)
(0 -1.8884301e-07 0)
(0 -1.7160222e-07 0)
(0 -1.5593541e-07 0)
(0 -1.4169889e-07 0)
(0 -1.2876208e-07 0)
(0 -1.1700632e-07 0)
(0 -1.0632377e-07 0)
(0 -9.661646e-08 0)
(0 -8.7795351e-08 0)
(0 -7.9779531e-08 0)
(0 -7.2495478e-08 0)
(0 -6.5876379e-08 0)
(0 -5.9861523e-08 0)
(0 -5.4395738e-08 0)
(0 -4.9428892e-08 0)
(0 -4.4915426e-08 0)
(0 -4.0813942e-08 0)
(0 -3.7086818e-08 0)
(0 -3.369987e-08 0)
(0 -3.0622029e-08 0)
(0 -2.7825066e-08 0)
(0 -2.5283326e-08 0)
(0 -2.2973494e-08 0)
(0 -2.0874384e-08 0)
(0 -1.8966742e-08 0)
(0 -1.7233071e-08 0)
(0 -1.5657468e-08 0)
(0 -1.4225482e-08 0)
(0 -1.2923978e-08 0)
(0 -1.1741018e-08 0)
(0 -1.0665751e-08 0)
(0 -9.6883151e-09 0)
(0 -8.799744e-09 0)
(0 -7.9918878e-09 0)
(0 -7.2573364e-09 0)
(0 -6.5893523e-09 0)
(0 -5.9818084e-09 0)
(0 -5.4291321e-09 0)
(0 -4.926254e-09 0)
(0 -4.4685616e-09 0)
(0 -4.0518566e-09 0)
(0 -3.6723169e-09 0)
(0 -3.3264612e-09 0)
(0 -3.0111171e-09 0)
(0 -2.7233923e-09 0)
(0 -2.4606475e-09 0)
(0 -2.2204728e-09 0)
(0 -2.0006652e-09 0)
(0 -1.7992085e-09 0)
(0 -1.6142549e-09 0)
(0 -1.4441079e-09 0)
(0 -1.2872069e-09 0)
(0 -1.1421126e-09 0)
(0 -1.0074943e-09 0)
(0 -8.8211709e-10 0)
(0 -7.6483105e-10 0)
(0 -6.5456036e-10 0)
(0 -5.5029356e-10 0)
(0 -4.5107428e-10 0)
(0 -3.5599245e-10 0)
(0 -2.6417592e-10 0)
(0 -1.7478252e-10 0)
(0 -8.6992293e-11 0)
(0 0 0)
(0 -0.00047591537 0)
(0 -0.0005789354 0)
(0 -0.00066889707 0)
(0 -0.00074340875 0)
(0 -0.00080335149 0)
(0 -0.000850883 0)
(0 -0.00088833888 0)
(0 -0.00091778387 0)
(0 -0.00094089504 0)
(0 -0.00095898017 0)
(0 -0.00097303737 0)
(0 -0.00098381754 0)
(0 -0.00099187699 0)
(0 -0.00099761774 0)
(0 -0.0010013165 0)
(0 -0.0010031438 0)
(0 -0.0010031759 0)
(0 -0.0010013981 0)
(0 -0.00099770323 0)
(0 -0.00099188272 0)
(0 -0.00098361154 0)
(0 -0.00097242856 0)
(0 -0.00095771673 0)
(0 -0.00093869626 0)
(0 -0.000914461 0)
(0 -0.00088411349 0)
(0 -0.0008470672 0)
(0 -0.00080350666 0)
(0 -0.00075472187 0)
(0 -0.00070281405 0)
(0 -0.00064998917 0)
(0 -0.00059805784 0)
(0 -0.00054826359 0)
(0 -0.0005013356 0)
(0 -0.00045762162 0)
(0 -0.00041721766 0)
(0 -0.00038006659 0)
(0 -0.0003460249 0)
(0 -0.0003149051 0)
(0 -0.00028650141 0)
(0 -0.00026060491 0)
(0 -0.00023701211 0)
(0 -0.00021552952 0)
(0 -0.00019597585 0)
(0 -0.00017818291 0)
(0 -0.00016199552 0)
(0 -0.00014727118 0)
(0 -0.00013387934 0)
(0 -0.00012170065 0)
(0 -0.00011062615 0)
(0 -0.00010055642 0)
(0 -9.1400855e-05 0)
(0 -8.3076909e-05 0)
(0 -7.5509392e-05 0)
(0 -6.862985e-05 0)
(0 -6.2375971e-05 0)
(0 -5.6691045e-05 0)
(0 -5.1523468e-05 0)
(0 -4.6826291e-05 0)
(0 -4.2556803e-05 0)
(0 -3.8676151e-05 0)
(0 -3.5148997e-05 0)
(0 -3.1943204e-05 0)
(0 -2.9029543e-05 0)
(0 -2.6381436e-05 0)
(0 -2.3974717e-05 0)
(0 -2.1787412e-05 0)
(0 -1.9799543e-05 0)
(0 -1.7992945e-05 0)
(0 -1.6351106e-05 0)
(0 -1.4859014e-05 0)
(0 -1.3503023e-05 0)
(0 -1.2270729e-05 0)
(0 -1.1150855e-05 0)
(0 -1.0133153e-05 0)
(0 -9.2083063e-06 0)
(0 -8.3678476e-06 0)
(0 -7.6040806e-06 0)
(0 -6.9100104e-06 0)
(0 -6.2792796e-06 0)
(0 -5.7061101e-06 0)
(0 -5.1852505e-06 0)
(0 -4.7119284e-06 0)
(0 -4.2818064e-06 0)
(0 -3.8909426e-06 0)
(0 -3.5357546e-06 0)
(0 -3.212987e-06 0)
(0 -2.919681e-06 0)
(0 -2.6531479e-06 0)
(0 -2.4109444e-06 0)
(0 -2.1908498e-06 0)
(0 -1.9908463e-06 0)
(0 -1.8091001e-06 0)
(0 -1.6439448e-06 0)
(0 -1.4938661e-06 0)
(0 -1.3574877e-06 0)
(0 -1.2335591e-06 0)
(0 -1.1209438e-06 0)
(0 -1.0186092e-06 0)
(0 -9.2561677e-07 0)
(0 -8.4111369e-07 0)
(0 -7.6432503e-07 0)
(0 -6.9454654e-07 0)
(0 -6.3113829e-07 0)
(0 -5.7351874e-07 0)
(0 -5.2115945e-07 0)
(0 -4.7358021e-07 0)
(0 -4.3034463e-07 0)
(0 -3.9105619e-07 0)
(0 -3.5535454e-07 0)
(0 -3.2291224e-07 0)
(0 -2.9343173e-07 0)
(0 -2.6664262e-07 0)
(0 -2.422992e-07 0)
(0 -2.2017819e-07 0)
(0 -2.0007671e-07 0)
(0 -1.8181038e-07 0)
(0 -1.6521166e-07 0)
(0 -1.5012831e-07 0)
(0 -1.3642197e-07 0)
(0 -1.2396694e-07 0)
(0 -1.1264897e-07 0)
(0 -1.0236425e-07 0)
(0 -9.3018444e-08 0)
(0 -8.4525838e-08 0)
(0 -7.6808531e-08 0)
(0 -6.9795739e-08 0)
(0 -6.3423138e-08 0)
(0 -5.7632277e-08 0)
(0 -5.237004e-08 0)
(0 -4.758816e-08 0)
(0 -4.3242777e-08 0)
(0 -3.9294032e-08 0)
(0 -3.5705707e-08 0)
(0 -3.2444889e-08 0)
(0 -2.9481668e-08 0)
(0 -2.6788863e-08 0)
(0 -2.4341777e-08 0)
(0 -2.2117964e-08 0)
(0 -2.0097024e-08 0)
(0 -1.8260423e-08 0)
(0 -1.6591314e-08 0)
(0 -1.5074387e-08 0)
(0 -1.3695728e-08 0)
(0 -1.2442691e-08 0)
(0 -1.1303785e-08 0)
(0 -1.0268561e-08 0)
(0 -9.3275239e-09 0)
(0 -8.4720431e-09 0)
(0 -7.6942714e-09 0)
(0 -6.9870746e-09 0)
(0 -6.3439661e-09 0)
(0 -5.759047e-09 0)
(0 -5.2269523e-09 0)
(0 -4.7428013e-09 0)
(0 -4.3021532e-09 0)
(0 -3.9009662e-09 0)
(0 -3.5355605e-09 0)
(0 -3.2025844e-09 0)
(0 -2.8989837e-09 0)
(0 -2.6219737e-09 0)
(0 -2.3690135e-09 0)
(0 -2.1377829e-09 0)
(0 -1.9261608e-09 0)
(0 -1.7322064e-09 0)
(0 -1.5541404e-09 0)
(0 -1.3903296e-09 0)
(0 -1.2392715e-09 0)
(0 -1.0995806e-09 0)
(0 -9.699754e-10 0)
(0 -8.4926724e-10 0)
(0 -7.363489e-10 0)
(0 -6.3018467e-10 0)
(0 -5.2980075e-10 0)
(0 -4.3427637e-10 0)
(0 -3.4273536e-10 0)
(0 -2.5433806e-10 0)
(0 -1.6827365e-10 0)
(0 -8.3752719e-11 0)
(0 0 0)
(0 -0.00043944629 0)
(0 -0.0005249616 0)
(0 -0.0006023444 0)
(0 -0.00066895998 0)
(0 -0.00072450385 0)
(0 -0.00076992318 0)
(0 -0.00080663405 0)
(0 -0.00083608928 0)
(0 -0.00085958739 0)
(0 -0.0008782128 0)
(0 -0.00089283678 0)
(0 -0.00090414108 0)
(0 -0.00091264634 0)
(0 -0.00091873798 0)
(0 -0.00092268669 0)
(0 -0.0009246633 0)
(0 -0.00092474807 0)
(0 -0.00092293493 0)
(0 -0.00091913119 0)
(0 -0.00091315318 0)
(0 -0.00090471915 0)
(0 -0.00089344204 0)
(0 -0.00087882815 0)
(0 -0.0008602935 0)
(0 -0.00083721843 0)
(0 -0.00080906823 0)
(0 -0.0007755973 0)
(0 -0.00073709547 0)
(0 -0.00069452064 0)
(0 -0.00064933113 0)
(0 -0.00060311231 0)
(0 -0.00055726082 0)
(0 -0.00051283159 0)
(0 -0.00047052465 0)
(0 -0.00043074397 0)
(0 -0.00039367519 0)
(0 -0.00035935547 0)
(0 -0.00032772718 0)
(0 -0.00029867596 0)
(0 -0.00027205618 0)
(0 -0.00024770762 0)
(0 -0.00022546591 0)
(0 -0.00020516901 0)
(0 -0.00018666098 0)
(0 -0.00016979415 0)
(0 -0.00015443013 0)
(0 -0.00014044021 0)
(0 -0.00012770531 0)
(0 -0.00011611567 0)
(0 -0.00010557043 0)
(0 -9.597708e-05 0)
(0 -8.7250938e-05 0)
(0 -7.9314561e-05 0)
(0 -7.2097214e-05 0)
(0 -6.5534331e-05 0)
(0 -5.9567022e-05 0)
(0 -5.4141601e-05 0)
(0 -4.9209145e-05 0)
(0 -4.4725091e-05 0)
(0 -4.0648858e-05 0)
(0 -3.6943503e-05 0)
(0 -3.3575398e-05 0)
(0 -3.0513943e-05 0)
(0 -2.7731297e-05 0)
(0 -2.5202131e-05 0)
(0 -2.2903405e-05 0)
(0 -2.0814165e-05 0)
(0 -1.8915353e-05 0)
(0 -1.7189639e-05 0)
(0 -1.5621267e-05 0)
(0 -1.4195908e-05 0)
(0 -1.2900538e-05 0)
(0 -1.1723313e-05 0)
(0 -1.0653468e-05 0)
(0 -9.6812172e-06 0)
(0 -8.797664e-06 0)
(0 -7.9947223e-06 0)
(0 -7.2650419e-06 0)
(0 -6.6019423e-06 0)
(0 -5.9993511e-06 0)
(0 -5.4517495e-06 0)
(0 -4.9541214e-06 0)
(0 -4.5019081e-06 0)
(0 -4.0909663e-06 0)
(0 -3.7175305e-06 0)
(0 -3.3781785e-06 0)
(0 -3.0698003e-06 0)
(0 -2.7895695e-06 0)
(0 -2.5349173e-06 0)
(0 -2.3035096e-06 0)
(0 -2.0932249e-06 0)
(0 -1.9021354e-06 0)
(0 -1.7284892e-06 0)
(0 -1.5706943e-06 0)
(0 -1.4273037e-06 0)
(0 -1.2970028e-06 0)
(0 -1.1785967e-06 0)
(0 -1.0709996e-06 0)
(0 -9.7322506e-07 0)
(0 -8.8437627e-07 0)
(0 -8.0363851e-07 0)
(0 -7.3027136e-07 0)
(0 -6.6360199e-07 0)
(0 -6.0301898e-07 0)
(0 -5.4796672e-07 0)
(0 -4.9794032e-07 0)
(0 -4.5248096e-07 0)
(0 -4.1117173e-07 0)
(0 -3.7363375e-07 0)
(0 -3.3952275e-07 0)
(0 -3.0852586e-07 0)
(0 -2.803588e-07 0)
(0 -2.5476323e-07 0)
(0 -2.3150438e-07 0)
(0 -2.1036892e-07 0)
(0 -1.9116301e-07 0)
(0 -1.7371048e-07 0)
(0 -1.5785127e-07 0)
(0 -1.4343991e-07 0)
(0 -1.3034421e-07 0)
(0 -1.1844407e-07 0)
(0 -1.0763033e-07 0)
(0 -9.7803815e-08 0)
(0 -8.8874381e-08 0)
(0 -8.0760132e-08 0)
(0 -7.3386642e-08 0)
(0 -6.6686278e-08 0)
(0 -6.0597584e-08 0)
(0 -5.5064712e-08 0)
(0 -5.0036913e-08 0)
(0 -4.5468071e-08 0)
(0 -4.1316278e-08 0)
(0 -3.7543454e-08 0)
(0 -3.4114992e-08 0)
(0 -3.0999446e-08 0)
(0 -2.8168239e-08 0)
(0 -2.5595401e-08 0)
(0 -2.3257335e-08 0)
(0 -2.1132594e-08 0)
(0 -1.9201689e-08 0)
(0 -1.7446909e-08 0)
(0 -1.585216e-08 0)
(0 -1.4402813e-08 0)
(0 -1.3085574e-08 0)
(0 -1.1888362e-08 0)
(0 -1.0800194e-08 0)
(0 -9.8110898e-09 0)
(0 -8.911977e-09 0)
(0 -8.0946085e-09 0)
(0 -7.3514869e-09 0)
(0 -6.6757962e-09 0)
(0 -6.0613386e-09 0)
(0 -5.502478e-09 0)
(0 -4.9940885e-09 0)
(0 -4.5315067e-09 0)
(0 -4.1104898e-09 0)
(0 -3.7271759e-09 0)
(0 -3.3780492e-09 0)
(0 -3.0599074e-09 0)
(0 -2.7698323e-09 0)
(0 -2.5051633e-09 0)
(0 -2.2634726e-09 0)
(0 -2.0425434e-09 0)
(0 -1.8403493e-09 0)
(0 -1.6550356e-09 0)
(0 -1.4849025e-09 0)
(0 -1.3283896e-09 0)
(0 -1.1840613e-09 0)
(0 -1.0505936e-09 0)
(0 -9.2676243e-10 0)
(0 -8.1143189e-10 0)
(0 -7.0354414e-10 0)
(0 -6.0210958e-10 0)
(0 -5.0619782e-10 0)
(0 -4.1492911e-10 0)
(0 -3.274663e-10 0)
(0 -2.4300715e-10 0)
(0 -1.6077696e-10 0)
(0 -8.0021487e-11 0)
(0 0 0)
(0 -0.00040473399 0)
(0 -0.00047639824 0)
(0 -0.00054286255 0)
(0 -0.00060174802 0)
(0 -0.00065225831 0)
(0 -0.00069463443 0)
(0 -0.00072965037 0)
(0 -0.000758269 0)
(0 -0.0007814478 0)
(0 -0.00080004655 0)
(0 -0.00081479396 0)
(0 -0.00082628387 0)
(0 -0.00083498444 0)
(0 -0.00084125104 0)
(0 -0.00084533874 0)
(0 -0.00084741244 0)
(0 -0.00084755389 0)
(0 -0.00084576566 0)
(0 -0.00084197239 0)
(0 -0.00083602004 0)
(0 -0.00082767483 0)
(0 -0.00081662474 0)
(0 -0.00080248901 0)
(0 -0.00078484425 0)
(0 -0.00076327929 0)
(0 -0.00073748997 0)
(0 -0.0007074117 0)
(0 -0.00067335287 0)
(0 -0.00063604697 0)
(0 -0.00059655083 0)
(0 -0.00055603376 0)
(0 -0.00051557787 0)
(0 -0.00047605853 0)
(0 -0.00043810882 0)
(0 -0.00040213888 0)
(0 -0.00036837891 0)
(0 -0.00033692563 0)
(0 -0.00030778274 0)
(0 -0.00028089245 0)
(0 -0.00025615857 0)
(0 -0.00023346276 0)
(0 -0.0002126756 0)
(0 -0.00019366402 0)
(0 -0.00017629602 0)
(0 -0.00016044378 0)
(0 -0.00014598544 0)
(0 -0.00013280612 0)
(0 -0.00012079837 0)
(0 -0.00010986231 0)
(0 -9.9905527e-05 0)
(0 -9.0842755e-05 0)
(0 -8.2595586e-05 0)
(0 -7.5092047e-05 0)
(0 -6.8266186e-05 0)
(0 -6.2057649e-05 0)
(0 -5.6411269e-05 0)
(0 -5.1276662e-05 0)
(0 -4.6607847e-05 0)
(0 -4.2362887e-05 0)
(0 -3.8503554e-05 0)
(0 -3.4995015e-05 0)
(0 -3.1805542e-05 0)
(0 -2.8906246e-05 0)
(0 -2.6270826e-05 0)
(0 -2.3875345e-05 0)
(0 -2.1698023e-05 0)
(0 -1.9719043e-05 0)
(0 -1.7920379e-05 0)
(0 -1.6285635e-05 0)
(0 -1.4799899e-05 0)
(0 -1.344961e-05 0)
(0 -1.2222439e-05 0)
(0 -1.1107174e-05 0)
(0 -1.0093621e-05 0)
(0 -9.1725149e-06 0)
(0 -8.3354304e-06 0)
(0 -7.5747097e-06 0)
(0 -6.8833917e-06 0)
(0 -6.2551487e-06 0)
(0 -5.6842292e-06 0)
(0 -5.1654058e-06 0)
(0 -4.6939269e-06 0)
(0 -4.2654741e-06 0)
(0 -3.8761224e-06 0)
(0 -3.5223048e-06 0)
(0 -3.2007792e-06 0)
(0 -2.9085994e-06 0)
(0 -2.6430876e-06 0)
(0 -2.4018103e-06 0)
(0 -2.1825561e-06 0)
(0 -1.9833151e-06 0)
(0 -1.8022609e-06 0)
(0 -1.6377336e-06 0)
(0 -1.4882249e-06 0)
(0 -1.3523639e-06 0)
(0 -1.2289051e-06 0)
(0 -1.1167164e-06 0)
(0 -1.0147691e-06 0)
(0 -9.2212838e-07 0)
(0 -8.3794472e-07 0)
(0 -7.6144614e-07 0)
(0 -6.9193112e-07 0)
(0 -6.2876218e-07 0)
(0 -5.7136e-07 0)
(0 -5.1919816e-07 0)
(0 -4.7179827e-07 0)
(0 -4.2872564e-07 0)
(0 -3.8958522e-07 0)
(0 -3.5401805e-07 0)
(0 -3.2169791e-07 0)
(0 -2.923284e-07 0)
(0 -2.6564013e-07 0)
(0 -2.4138833e-07 0)
(0 -2.1935058e-07 0)
(0 -1.9932474e-07 0)
(0 -1.8112713e-07 0)
(0 -1.6459086e-07 0)
(0 -1.4956425e-07 0)
(0 -1.3590948e-07 0)
(0 -1.235013e-07 0)
(0 -1.1222591e-07 0)
(0 -1.0197989e-07 0)
(0 -9.2669248e-08 0)
(0 -8.4208601e-08 0)
(0 -7.6520342e-08 0)
(0 -6.9533951e-08 0)
(0 -6.3185349e-08 0)
(0 -5.7416303e-08 0)
(0 -5.21739e-08 0)
(0 -4.7410054e-08 0)
(0 -4.3081069e-08 0)
(0 -3.914724e-08 0)
(0 -3.5572484e-08 0)
(0 -3.2324011e-08 0)
(0 -2.9372026e-08 0)
(0 -2.6689453e-08 0)
(0 -2.4251686e-08 0)
(0 -2.2036364e-08 0)
(0 -2.0023168e-08 0)
(0 -1.8193633e-08 0)
(0 -1.6530977e-08 0)
(0 -1.5019949e-08 0)
(0 -1.364669e-08 0)
(0 -1.2398604e-08 0)
(0 -1.1264243e-08 0)
(0 -1.0233203e-08 0)
(0 -9.2960247e-09 0)
(0 -8.4441138e-09 0)
(0 -7.6696557e-09 0)
(0 -6.9655468e-09 0)
(0 -6.3253286e-09 0)
(0 -5.743129e-09 0)
(0 -5.2136076e-09 0)
(0 -4.7319076e-09 0)
(0 -4.2936106e-09 0)
(0 -3.8946963e-09 0)
(0 -3.5315058e-09 0)
(0 -3.2007076e-09 0)
(0 -2.8992677e-09 0)
(0 -2.624421e-09 0)
(0 -2.3736466e-09 0)
(0 -2.1446443e-09 0)
(0 -1.9353135e-09 0)
(0 -1.7437342e-09 0)
(0 -1.5681491e-09 0)
(0 -1.4069478e-09 0)
(0 -1.2586515e-09 0)
(0 -1.1219002e-09 0)
(0 -9.9543932e-10 0)
(0 -8.7810905e-10 0)
(0 -7.6883316e-10 0)
(0 -6.6660932e-10 0)
(0 -5.704999e-10 0)
(0 -4.7962333e-10 0)
(0 -3.9314607e-10 0)
(0 -3.1027491e-10 0)
(0 -2.3024971e-10 0)
(0 -1.5233646e-10 0)
(0 -7.5820501e-11 0)
(0 0 0)
(0 -0.00037082974 0)
(0 -0.00043130064 0)
(0 -0.00048835911 0)
(0 -0.00054001055 0)
(0 -0.00058531684 0)
(0 -0.0006241385 0)
(0 -0.00065682908 0)
(0 -0.00068398634 0)
(0 -0.00070628573 0)
(0 -0.00072438361 0)
(0 -0.00073886819 0)
(0 -0.00075023936 0)
(0 -0.00075890425 0)
(0 -0.00076518003 0)
(0 -0.00076929957 0)
(0 -0.00077141724 0)
(0 -0.00077161369 0)
(0 -0.00076989935 0)
(0 -0.00076621665 0)
(0 -0.00076044194 0)
(0 -0.00075238844 0)
(0 -0.00074181313 0)
(0 -0.00072843127 0)
(0 -0.00071194465 0)
(0 -0.0006920893 0)
(0 -0.00066870566 0)
(0 -0.00064182358 0)
(0 -0.0006117358 0)
(0 -0.00057901694 0)
(0 -0.00054445856 0)
(0 -0.00050894319 0)
(0 -0.00047331595 0)
(0 -0.00043829577 0)
(0 -0.00040443655 0)
(0 -0.00037212689 0)
(0 -0.00034161154 0)
(0 -0.00031302074 0)
(0 -0.00028639912 0)
(0 -0.00026173055 0)
(0 -0.00023895778 0)
(0 -0.00021799718 0)
(0 -0.0001987495 0)
(0 -0.00018110752 0)
(0 -0.00016496124 0)
(0 -0.0001502015 0)
(0 -0.00013672232 0)
(0 -0.00012442231 0)
(0 -0.0001132056 0)
(0 -0.00010298228 0)
(0 -9.3668488e-05 0)
(0 -8.5186466e-05 0)
(0 -7.7464327e-05 0)
(0 -7.043583e-05 0)
(0 -6.4040077e-05 0)
(0 -5.8221193e-05 0)
(0 -5.2927986e-05 0)
(0 -4.8113619e-05 0)
(0 -4.3735283e-05 0)
(0 -3.9753882e-05 0)
(0 -3.6133742e-05 0)
(0 -3.2842325e-05 0)
(0 -2.9849975e-05 0)
(0 -2.7129668e-05 0)
(0 -2.4656793e-05 0)
(0 -2.2408937e-05 0)
(0 -2.0365701e-05 0)
(0 -1.8508519e-05 0)
(0 -1.6820497e-05 0)
(0 -1.5286266e-05 0)
(0 -1.3891845e-05 0)
(0 -1.2624517e-05 0)
(0 -1.1472721e-05 0)
(0 -1.0425938e-05 0)
(0 -9.4746087e-06 0)
(0 -8.6100385e-06 0)
(0 -7.8243239e-06 0)
(0 -7.1102795e-06 0)
(0 -6.4613734e-06 0)
(0 -5.871668e-06 0)
(0 -5.335766e-06 0)
(0 -4.8487616e-06 0)
(0 -4.4061957e-06 0)
(0 -4.0040153e-06 0)
(0 -3.6385367e-06 0)
(0 -3.3064121e-06 0)
(0 -3.0045987e-06 0)
(0 -2.7303309e-06 0)
(0 -2.4810956e-06 0)
(0 -2.2546086e-06 0)
(0 -2.0487942e-06 0)
(0 -1.8617658e-06 0)
(0 -1.6918091e-06 0)
(0 -1.5373661e-06 0)
(0 -1.3970209e-06 0)
(0 -1.2694868e-06 0)
(0 -1.1535946e-06 0)
(0 -1.0482817e-06 0)
(0 -9.5258237e-07 0)
(0 -8.6561919e-07 0)
(0 -7.8659471e-07 0)
(0 -7.1478428e-07 0)
(0 -6.4952939e-07 0)
(0 -5.9023163e-07 0)
(0 -5.363472e-07 0)
(0 -4.8738194e-07 0)
(0 -4.4288679e-07 0)
(0 -4.024537e-07 0)
(0 -3.6571184e-07 0)
(0 -3.3232424e-07 0)
(0 -3.0198469e-07 0)
(0 -2.7441493e-07 0)
(0 -2.4936211e-07 0)
(0 -2.2659646e-07 0)
(0 -2.0590916e-07 0)
(0 -1.8711048e-07 0)
(0 -1.7002801e-07 0)
(0 -1.5450506e-07 0)
(0 -1.4039926e-07 0)
(0 -1.2758123e-07 0)
(0 -1.1593341e-07 0)
(0 -1.0534895e-07 0)
(0 -9.5730787e-08 0)
(0 -8.6990688e-08 0)
(0 -7.9048494e-08 0)
(0 -7.1831355e-08 0)
(0 -6.5273076e-08 0)
(0 -5.9313503e-08 0)
(0 -5.3897972e-08 0)
(0 -4.8976811e-08 0)
(0 -4.4504883e-08 0)
(0 -4.0441169e-08 0)
(0 -3.6748395e-08 0)
(0 -3.3392692e-08 0)
(0 -3.0343278e-08 0)
(0 -2.7572184e-08 0)
(0 -2.5053992e-08 0)
(0 -2.2765605e-08 0)
(0 -2.0686032e-08 0)
(0 -1.87962e-08 0)
(0 -1.7078774e-08 0)
(0 -1.5518001e-08 0)
(0 -1.4099566e-08 0)
(0 -1.2810457e-08 0)
(0 -1.163885e-08 0)
(0 -1.0574e-08 0)
(0 -9.6061388e-09 0)
(0 -8.7263888e-09 0)
(0 -7.9266808e-09 0)
(0 -7.1996795e-09 0)
(0 -6.5387165e-09 0)
(0 -5.9377292e-09 0)
(0 -5.3912053e-09 0)
(0 -4.8941316e-09 0)
(0 -4.4419489e-09 0)
(0 -4.0305095e-09 0)
(0 -3.6560397e-09 0)
(0 -3.3151045e-09 0)
(0 -3.0045768e-09 0)
(0 -2.7216083e-09 0)
(0 -2.4636035e-09 0)
(0 -2.2281959e-09 0)
(0 -2.0132262e-09 0)
(0 -1.8167226e-09 0)
(0 -1.6368828e-09 0)
(0 -1.4720571e-09 0)
(0 -1.3207338e-09 0)
(0 -1.1815247e-09 0)
(0 -1.0531531e-09 0)
(0 -9.3444146e-10 0)
(0 -8.2430087e-10 0)
(0 -7.2172111e-10 0)
(0 -6.2576128e-10 0)
(0 -5.3554119e-10 0)
(0 -4.5023329e-10 0)
(0 -3.6905513e-10 0)
(0 -2.9126209e-10 0)
(0 -2.1614062e-10 0)
(0 -1.4300169e-10 0)
(0 -7.1174423e-11 0)
(0 0 0)
(0 -0.00033726051 0)
(0 -0.00038848221 0)
(0 -0.00043740855 0)
(0 -0.00048242085 0)
(0 -0.00052260372 0)
(0 -0.00055763481 0)
(0 -0.00058760778 0)
(0 -0.00061286253 0)
(0 -0.00063385481 0)
(0 -0.00065106895 0)
(0 -0.00066496552 0)
(0 -0.00067595328 0)
(0 -0.00068437631 0)
(0 -0.00069050993 0)
(0 -0.00069456099 0)
(0 -0.00069667021 0)
(0 -0.0006969149 0)
(0 -0.00069531186 0)
(0 -0.00069182012 0)
(0 -0.00068634443 0)
(0 -0.00067874073 0)
(0 -0.00066882545 0)
(0 -0.00065639174 0)
(0 -0.00064123568 0)
(0 -0.00062319502 0)
(0 -0.00060219974 0)
(0 -0.00057832647 0)
(0 -0.00055183974 0)
(0 -0.0005231972 0)
(0 -0.00049300649 0)
(0 -0.00046194643 0)
(0 -0.00043068259 0)
(0 -0.00039980278 0)
(0 -0.00036978189 0)
(0 -0.00034097324 0)
(0 -0.00031361724 0)
(0 -0.00028785893 0)
(0 -0.00026376789 0)
(0 -0.000241357 0)
(0 -0.00022059835 0)
(0 -0.00020143612 0)
(0 -0.00018379631 0)
(0 -0.00016759415 0)
(0 -0.00015273933 0)
(0 -0.00013913986 0)
(0 -0.00012670465 0)
(0 -0.00011534528 0)
(0 -0.00010497715 0)
(0 -9.5520176e-05 0)
(0 -8.6899151e-05 0)
(0 -7.9043875e-05 0)
(0 -7.1889153e-05 0)
(0 -6.5374667e-05 0)
(0 -5.9444781e-05 0)
(0 -5.4048309e-05 0)
(0 -4.9138249e-05 0)
(0 -4.467152e-05 0)
(0 -4.0608682e-05 0)
(0 -3.6913673e-05 0)
(0 -3.3553548e-05 0)
(0 -3.0498234e-05 0)
(0 -2.7720301e-05 0)
(0 -2.5194736e-05 0)
(0 -2.2898747e-05 0)
(0 -2.0811573e-05 0)
(0 -1.8914306e-05 0)
(0 -1.7189734e-05 0)
(0 -1.562219e-05 0)
(0 -1.4197419e-05 0)
(0 -1.290245e-05 0)
(0 -1.1725485e-05 0)
(0 -1.0655793e-05 0)
(0 -9.683613e-06 0)
(0 -8.8000703e-06 0)
(0 -7.9970947e-06 0)
(0 -7.2673485e-06 0)
(0 -6.6041607e-06 0)
(0 -6.0014667e-06 0)
(0 -5.4537531e-06 0)
(0 -4.9560083e-06 0)
(0 -4.5036768e-06 0)
(0 -4.0926177e-06 0)
(0 -3.7190673e-06 0)
(0 -3.3796046e-06 0)
(0 -3.0711204e-06 0)
(0 -2.7907889e-06 0)
(0 -2.5360417e-06 0)
(0 -2.3045447e-06 0)
(0 -2.0941764e-06 0)
(0 -1.9030091e-06 0)
(0 -1.7292906e-06 0)
(0 -1.5714285e-06 0)
(0 -1.427976e-06 0)
(0 -1.2976178e-06 0)
(0 -1.1791589e-06 0)
(0 -1.0715134e-06 0)
(0 -9.7369421e-07 0)
(0 -8.848045e-07 0)
(0 -8.0402922e-07 0)
(0 -7.3062771e-07 0)
(0 -6.6392688e-07 0)
(0 -6.033151e-07 0)
(0 -5.4823655e-07 0)
(0 -4.9818613e-07 0)
(0 -4.5270484e-07 0)
(0 -4.113756e-07 0)
(0 -3.7381937e-07 0)
(0 -3.3969172e-07 0)
(0 -3.0867967e-07 0)
(0 -2.8049879e-07 0)
(0 -2.5489063e-07 0)
(0 -2.3162032e-07 0)
(0 -2.1047443e-07 0)
(0 -1.9125902e-07 0)
(0 -1.7379786e-07 0)
(0 -1.5793079e-07 0)
(0 -1.4351228e-07 0)
(0 -1.304101e-07 0)
(0 -1.1850405e-07 0)
(0 -1.0768496e-07 0)
(0 -9.7853573e-08 0)
(0 -8.8919724e-08 0)
(0 -8.080147e-08 0)
(0 -7.342435e-08 0)
(0 -6.6720699e-08 0)
(0 -6.062903e-08 0)
(0 -5.5093469e-08 0)
(0 -5.0063244e-08 0)
(0 -4.5492214e-08 0)
(0 -4.1338455e-08 0)
(0 -3.7563866e-08 0)
(0 -3.4133826e-08 0)
(0 -3.1016874e-08 0)
(0 -2.818442e-08 0)
(0 -2.5610483e-08 0)
(0 -2.3271456e-08 0)
(0 -2.1145882e-08 0)
(0 -1.9214267e-08 0)
(0 -1.7458893e-08 0)
(0 -1.5863658e-08 0)
(0 -1.441393e-08 0)
(0 -1.3096413e-08 0)
(0 -1.1899022e-08 0)
(0 -1.0810772e-08 0)
(0 -9.8216839e-09 0)
(0 -8.9226838e-09 0)
(0 -8.1055261e-09 0)
(0 -7.3627155e-09 0)
(0 -6.6874387e-09 0)
(0 -6.0735017e-09 0)
(0 -5.5152734e-09 0)
(0 -5.0076333e-09 0)
(0 -4.5459253e-09 0)
(0 -4.1259144e-09 0)
(0 -3.743748e-09 0)
(0 -3.3959208e-09 0)
(0 -3.0792424e-09 0)
(0 -2.790808e-09 0)
(0 -2.5279721e-09 0)
(0 -2.2883238e-09 0)
(0 -2.0696649e-09 0)
(0 -1.8699898e-09 0)
(0 -1.687467e-09 0)
(0 -1.5204224e-09 0)
(0 -1.3673237e-09 0)
(0 -1.2267666e-09 0)
(0 -1.097462e-09 0)
(0 -9.782237e-10 0)
(0 -8.679581e-10 0)
(0 -7.6565376e-10 0)
(0 -6.7037232e-10 0)
(0 -5.8123981e-10 0)
(0 -4.9743866e-10 0)
(0 -4.1820023e-10 0)
(0 -3.4279771e-10 0)
(0 -2.7053946e-10 0)
(0 -2.0076271e-10 0)
(0 -1.3282745e-10 0)
(0 -6.6110527e-11 0)
(0 0 0)
(0 -0.00030379072 0)
(0 -0.00034720035 0)
(0 -0.00038903072 0)
(0 -0.00042798825 0)
(0 -0.00046324974 0)
(0 -0.00049442447 0)
(0 -0.00052145589 0)
(0 -0.00054451016 0)
(0 -0.00056387956 0)
(0 -0.00057991009 0)
(0 -0.00059295275 0)
(0 -0.00060333333 0)
(0 -0.00061133555 0)
(0 -0.00061719256 0)
(0 -0.00062108373 0)
(0 -0.00062313423 0)
(0 -0.00062341627 0)
(0 -0.00062195116 0)
(0 -0.00061871227 0)
(0 -0.00061362931 0)
(0 -0.00060659478 0)
(0 -0.00059747418 0)
(0 -0.00058612156 0)
(0 -0.00057240218 0)
(0 -0.00055622282 0)
(0 -0.00053756766 0)
(0 -0.00051653345 0)
(0 -0.00049335294 0)
(0 -0.00046839461 0)
(0 -0.0004421332 0)
(0 -0.0004150983 0)
(0 -0.00038781778 0)
(0 -0.00036077098 0)
(0 -0.00033435954 0)
(0 -0.00030889584 0)
(0 -0.0002846047 0)
(0 -0.00026163313 0)
(0 -0.00024006356 0)
(0 -0.00021992753 0)
(0 -0.0002012183 0)
(0 -0.00018390146 0)
(0 -0.00016792357 0)
(0 -0.00015321885 0)
(0 -0.00013971427 0)
(0 -0.00012733328 0)
(0 -0.00011599857 0)
(0 -0.00010563394 0)
(0 -9.6165611e-05 0)
(0 -8.7523115e-05 0)
(0 -7.9639764e-05 0)
(0 -7.245295e-05 0)
(0 -6.5904244e-05 0)
(0 -5.9939371e-05 0)
(0 -5.4508109e-05 0)
(0 -4.9564125e-05 0)
(0 -4.5064785e-05 0)
(0 -4.0970933e-05 0)
(0 -3.7246673e-05 0)
(0 -3.3859139e-05 0)
(0 -3.0778275e-05 0)
(0 -2.7976621e-05 0)
(0 -2.5429111e-05 0)
(0 -2.3112874e-05 0)
(0 -2.1007061e-05 0)
(0 -1.9092668e-05 0)
(0 -1.7352386e-05 0)
(0 -1.577045e-05 0)
(0 -1.4332508e-05 0)
(0 -1.3025498e-05 0)
(0 -1.1837533e-05 0)
(0 -1.0757799e-05 0)
(0 -9.7764573e-06 0)
(0 -8.88456e-06 0)
(0 -8.0739691e-06 0)
(0 -7.337284e-06 0)
(0 -6.6677757e-06 0)
(0 -6.059326e-06 0)
(0 -5.5063725e-06 0)
(0 -5.0038582e-06 0)
(0 -4.5471862e-06 0)
(0 -4.1321777e-06 0)
(0 -3.7550342e-06 0)
(0 -3.4123031e-06 0)
(0 -3.1008461e-06 0)
(0 -2.8178109e-06 0)
(0 -2.5606051e-06 0)
(0 -2.3268723e-06 0)
(0 -2.1144713e-06 0)
(0 -1.9214557e-06 0)
(0 -1.7460568e-06 0)
(0 -1.5866672e-06 0)
(0 -1.4418259e-06 0)
(0 -1.3102054e-06 0)
(0 -1.1905991e-06 0)
(0 -1.0819105e-06 0)
(0 -9.8314329e-07 0)
(0 -8.9339188e-07 0)
(0 -8.118334e-07 0)
(0 -7.3772005e-07 0)
(0 -6.7037226e-07 0)
(0 -6.0917249e-07 0)
(0 -5.5355955e-07 0)
(0 -5.0302347e-07 0)
(0 -4.5710081e-07 0)
(0 -4.1537044e-07 0)
(0 -3.7744967e-07 0)
(0 -3.4299075e-07 0)
(0 -3.1167763e-07 0)
(0 -2.8322316e-07 0)
(0 -2.5736636e-07 0)
(0 -2.338701e-07 0)
(0 -2.1251889e-07 0)
(0 -1.9311689e-07 0)
(0 -1.7548617e-07 0)
(0 -1.5946501e-07 0)
(0 -1.4490649e-07 0)
(0 -1.3167706e-07 0)
(0 -1.196554e-07 0)
(0 -1.0873123e-07 0)
(0 -9.8804373e-08 0)
(0 -8.9783768e-08 0)
(0 -8.1586681e-08 0)
(0 -7.4137927e-08 0)
(0 -6.7369186e-08 0)
(0 -6.1218374e-08 0)
(0 -5.5629074e-08 0)
(0 -5.0550022e-08 0)
(0 -4.593463e-08 0)
(0 -4.1740565e-08 0)
(0 -3.7929358e-08 0)
(0 -3.4466052e-08 0)
(0 -3.1318881e-08 0)
(0 -2.8458978e-08 0)
(0 -2.586011e-08 0)
(0 -2.3498441e-08 0)
(0 -2.1352308e-08 0)
(0 -1.9402027e-08 0)
(0 -1.7629708e-08 0)
(0 -1.6019096e-08 0)
(0 -1.4555416e-08 0)
(0 -1.3225245e-08 0)
(0 -1.2016381e-08 0)
(0 -1.0917735e-08 0)
(0 -9.9192317e-09 0)
(0 -9.0117112e-09 0)
(0 -8.1868497e-09 0)
(0 -7.4370812e-09 0)
(0 -6.7555286e-09 0)
(0 -6.1359403e-09 0)
(0 -5.5726334e-09 0)
(0 -5.060441e-09 0)
(0 -4.5946649e-09 0)
(0 -4.1710329e-09 0)
(0 -3.7856594e-09 0)
(0 -3.4350094e-09 0)
(0 -3.1158668e-09 0)
(0 -2.8253041e-09 0)
(0 -2.5606563e-09 0)
(0 -2.3194959e-09 0)
(0 -2.0996108e-09 0)
(0 -1.8989842e-09 0)
(0 -1.7157759e-09 0)
(0 -1.5483054e-09 0)
(0 -1.3950365e-09 0)
(0 -1.2545635e-09 0)
(0 -1.1255979e-09 0)
(0 -1.0069567e-09 0)
(0 -8.9755177e-10 0)
(0 -7.9637953e-10 0)
(0 -7.02512e-10 0)
(0 -6.1508821e-10 0)
(0 -5.3330625e-10 0)
(0 -4.56416e-10 0)
(0 -3.8371219e-10 0)
(0 -3.1452794e-10 0)
(0 -2.4822867e-10 0)
(0 -1.8420626e-10 0)
(0 -1.2187346e-10 0)
(0 -6.0658539e-11 0)
(0 0 0)
(0 -0.00027030639 0)
(0 -0.00030697823 0)
(0 -0.00034254181 0)
(0 -0.0003759719 0)
(0 -0.00040656035 0)
(0 -0.00043391168 0)
(0 -0.00045789108 0)
(0 -0.00047855343 0)
(0 -0.00049607419 0)
(0 -0.00051069255 0)
(0 -0.00052266929 0)
(0 -0.00053225821 0)
(0 -0.00053968804 0)
(0 -0.00054515187 0)
(0 -0.00054880178 0)
(0 -0.00055074666 0)
(0 -0.0005510522 0)
(0 -0.00054974232 0)
(0 -0.000546802 0)
(0 -0.00054218166 0)
(0 -0.00053580383 0)
(0 -0.00052757296 0)
(0 -0.00051738934 0)
(0 -0.0005051678 0)
(0 -0.00049086089 0)
(0 -0.00047448424 0)
(0 -0.00045613944 0)
(0 -0.00043602764 0)
(0 -0.00041444722 0)
(0 -0.00039177311 0)
(0 -0.00036842236 0)
(0 -0.00034481534 0)
(0 -0.00032134181 0)
(0 -0.00029833766 0)
(0 -0.00027607321 0)
(0 -0.00025475145 0)
(0 -0.00023451283 0)
(0 -0.00021544374 0)
(0 -0.00019758633 0)
(0 -0.00018094811 0)
(0 -0.00016551057 0)
(0 -0.00015123649 0)
(0 -0.00013807581 0)
(0 -0.00012597035 0)
(0 -0.00011485726 0)
(0 -0.00010467176 0)
(0 -9.5349041e-05 0)
(0 -8.6825605e-05 0)
(0 -7.9040243e-05 0)
(0 -7.1934622e-05 0)
(0 -6.5453658e-05 0)
(0 -5.9545696e-05 0)
(0 -5.4162575e-05 0)
(0 -4.9259585e-05 0)
(0 -4.4795375e-05 0)
(0 -4.0731811e-05 0)
(0 -3.7033811e-05 0)
(0 -3.3669162e-05 0)
(0 -3.0608338e-05 0)
(0 -2.7824308e-05 0)
(0 -2.5292357e-05 0)
(0 -2.2989906e-05 0)
(0 -2.0896342e-05 0)
(0 -1.8992865e-05 0)
(0 -1.7262333e-05 0)
(0 -1.5689124e-05 0)
(0 -1.4259009e-05 0)
(0 -1.2959029e-05 0)
(0 -1.1777388e-05 0)
(0 -1.0703349e-05 0)
(0 -9.7271414e-06 0)
(0 -8.8398774e-06 0)
(0 -8.033471e-06 0)
(0 -7.300568e-06 0)
(0 -6.6344801e-06 0)
(0 -6.0291254e-06 0)
(0 -5.4789738e-06 0)
(0 -4.9789971e-06 0)
(0 -4.5246242e-06 0)
(0 -4.1116994e-06 0)
(0 -3.736445e-06 0)
(0 -3.3954268e-06 0)
(0 -3.0855235e-06 0)
(0 -2.8038977e-06 0)
(0 -2.5479707e-06 0)
(0 -2.3153985e-06 0)
(0 -2.1040507e-06 0)
(0 -1.9119912e-06 0)
(0 -1.7374603e-06 0)
(0 -1.5788587e-06 0)
(0 -1.4347329e-06 0)
(0 -1.3037621e-06 0)
(0 -1.1847458e-06 0)
(0 -1.076593e-06 0)
(0 -9.7831246e-07 0)
(0 -8.8900306e-07 0)
(0 -8.0784607e-07 0)
(0 -7.3409742e-07 0)
(0 -6.6708091e-07 0)
(0 -6.0618209e-07 0)
(0 -5.5084253e-07 0)
(0 -5.0055481e-07 0)
(0 -4.5485779e-07 0)
(0 -4.1333242e-07 0)
(0 -3.755979e-07 0)
(0 -3.4130818e-07 0)
(0 -3.101488e-07 0)
(0 -2.8183401e-07 0)
(0 -2.5610413e-07 0)
(0 -2.3272319e-07 0)
(0 -2.1147675e-07 0)
(0 -1.9216995e-07 0)
(0 -1.7462574e-07 0)
(0 -1.5868319e-07 0)
(0 -1.4419609e-07 0)
(0 -1.3103156e-07 0)
(0 -1.1906887e-07 0)
(0 -1.081983e-07 0)
(0 -9.8320136e-08 0)
(0 -8.9343784e-08 0)
(0 -8.1186912e-08 0)
(0 -7.3774704e-08 0)
(0 -6.7039175e-08 0)
(0 -6.0918547e-08 0)
(0 -5.535668e-08 0)
(0 -5.0302561e-08 0)
(0 -4.5709831e-08 0)
(0 -4.1536366e-08 0)
(0 -3.7743886e-08 0)
(0 -3.4297604e-08 0)
(0 -3.1165912e-08 0)
(0 -2.8320085e-08 0)
(0 -2.5734019e-08 0)
(0 -2.3383994e-08 0)
(0 -2.1248456e-08 0)
(0 -1.9307816e-08 0)
(0 -1.7544275e-08 0)
(0 -1.5941657e-08 0)
(0 -1.4485261e-08 0)
(0 -1.316173e-08 0)
(0 -1.1958923e-08 0)
(0 -1.0865808e-08 0)
(0 -9.8723583e-09 0)
(0 -8.9694618e-09 0)
(0 -8.1488367e-09 0)
(0 -7.402956e-09 0)
(0 -6.7249781e-09 0)
(0 -6.1086844e-09 0)
(0 -5.548422e-09 0)
(0 -5.0390519e-09 0)
(0 -4.575902e-09 0)
(0 -4.1547242e-09 0)
(0 -3.7716552e-09 0)
(0 -3.4231812e-09 0)
(0 -3.1061061e-09 0)
(0 -2.8175215e-09 0)
(0 -2.5547803e-09 0)
(0 -2.3154726e-09 0)
(0 -2.0974034e-09 0)
(0 -1.8985724e-09 0)
(0 -1.7171559e-09 0)
(0 -1.5514898e-09 0)
(0 -1.4000546e-09 0)
(0 -1.2614613e-09 0)
(0 -1.1344387e-09 0)
(0 -1.0178215e-09 0)
(0 -9.105403e-10 0)
(0 -8.116109e-10 0)
(0 -7.2012593e-10 0)
(0 -6.3524626e-10 0)
(0 -5.5619332e-10 0)
(0 -4.8224201e-10 0)
(0 -4.1271403e-10 0)
(0 -3.4697163e-10 0)
(0 -2.8441179e-10 0)
(0 -2.244607e-10 0)
(0 -1.6656845e-10 0)
(0 -1.1020404e-10 0)
(0 -5.4850465e-11 0)
(0 0 0)
(0 -0.00023675691 0)
(0 -0.00026750153 0)
(0 -0.00029745609 0)
(0 -0.00032581331 0)
(0 -0.0003519815 0)
(0 -0.00037559403 0)
(0 -0.00039648377 0)
(0 -0.00041463891 0)
(0 -0.00043015486 0)
(0 -0.0004431911 0)
(0 -0.00045393675 0)
(0 -0.00046258527 0)
(0 -0.00046931715 0)
(0 -0.00047428895 0)
(0 -0.00047762683 0)
(0 -0.00047942341 0)
(0 -0.00047973691 0)
(0 -0.00047859206 0)
(0 -0.00047598256 0)
(0 -0.00047187524 0)
(0 -0.00046621631 0)
(0 -0.00045894015 0)
(0 -0.00044998117 0)
(0 -0.0004392888 0)
(0 -0.00042684489 0)
(0 -0.00041268169 0)
(0 -0.00039689685 0)
(0 -0.00037966142 0)
(0 -0.00036121695 0)
(0 -0.00034186087 0)
(0 -0.00032192277 0)
(0 -0.0003017374 0)
(0 -0.00028162006 0)
(0 -0.00026184835 0)
(0 -0.00024265177 0)
(0 -0.00022420833 0)
(0 -0.00020664646 0)
(0 -0.00019005021 0)
(0 -0.00017446612 0)
(0 -0.0001599104 0)
(0 -0.00014637573 0)
(0 -0.00013383728 0)
(0 -0.00012225777 0)
(0 -0.00011159153 0)
(0 -0.00010178773 0)
(0 -9.2792895e-05 0)
(0 -8.4552681e-05 0)
(0 -7.7013287e-05 0)
(0 -7.0122375e-05 0)
(0 -6.3829728e-05 0)
(0 -5.8087663e-05 0)
(0 -5.2851265e-05 0)
(0 -4.8078504e-05 0)
(0 -4.3730249e-05 0)
(0 -3.9770217e-05 0)
(0 -3.6164881e-05 0)
(0 -3.2883345e-05 0)
(0 -2.9897204e-05 0)
(0 -2.7180389e-05 0)
(0 -2.4709012e-05 0)
(0 -2.2461215e-05 0)
(0 -2.0417013e-05 0)
(0 -1.8558155e-05 0)
(0 -1.6867986e-05 0)
(0 -1.5331311e-05 0)
(0 -1.3934283e-05 0)
(0 -1.2664282e-05 0)
(0 -1.1509814e-05 0)
(0 -1.0460413e-05 0)
(0 -9.5065518e-06 0)
(0 -8.6395601e-06 0)
(0 -7.8515486e-06 0)
(0 -7.1353399e-06 0)
(0 -6.4844053e-06 0)
(0 -5.892807e-06 0)
(0 -5.3551452e-06 0)
(0 -4.8665095e-06 0)
(0 -4.4224353e-06 0)
(0 -4.0188635e-06 0)
(0 -3.6521036e-06 0)
(0 -3.318801e-06 0)
(0 -3.0159059e-06 0)
(0 -2.7406462e-06 0)
(0 -2.4905021e-06 0)
(0 -2.2631834e-06 0)
(0 -2.0566082e-06 0)
(0 -1.8688846e-06 0)
(0 -1.6982929e-06 0)
(0 -1.5432701e-06 0)
(0 -1.4023959e-06 0)
(0 -1.2743794e-06 0)
(0 -1.1580473e-06 0)
(0 -1.0523334e-06 0)
(0 -9.562688e-07 0)
(0 -8.6897284e-07 0)
(0 -7.896453e-07 0)
(0 -7.1755894e-07 0)
(0 -6.5205286e-07 0)
(0 -5.9252647e-07 0)
(0 -5.3843398e-07 0)
(0 -4.892794e-07 0)
(0 -4.4461203e-07 0)
(0 -4.0402226e-07 0)
(0 -3.6713789e-07 0)
(0 -3.3362068e-07 0)
(0 -3.0316326e-07 0)
(0 -2.7548632e-07 0)
(0 -2.5033605e-07 0)
(0 -2.2748178e-07 0)
(0 -2.0671393e-07 0)
(0 -1.8784202e-07 0)
(0 -1.7069298e-07 0)
(0 -1.5510952e-07 0)
(0 -1.4094872e-07 0)
(0 -1.2808071e-07 0)
(0 -1.1638746e-07 0)
(0 -1.0576173e-07 0)
(0 -9.6106056e-08 0)
(0 -8.7331881e-08 0)
(0 -7.9358729e-08 0)
(0 -7.2113471e-08 0)
(0 -6.5529653e-08 0)
(0 -5.9546887e-08 0)
(0 -5.4110301e-08 0)
(0 -4.9170029e-08 0)
(0 -4.4680758e-08 0)
(0 -4.0601311e-08 0)
(0 -3.6894272e-08 0)
(0 -3.3525639e-08 0)
(0 -3.0464514e-08 0)
(0 -2.7682819e-08 0)
(0 -2.5155041e-08 0)
(0 -2.2857993e-08 0)
(0 -2.0770607e-08 0)
(0 -1.8873736e-08 0)
(0 -1.7149981e-08 0)
(0 -1.5583533e-08 0)
(0 -1.4160023e-08 0)
(0 -1.2866394e-08 0)
(0 -1.169078e-08 0)
(0 -1.0622398e-08 0)
(0 -9.6514492e-09 0)
(0 -8.7690272e-09 0)
(0 -7.9670381e-09 0)
(0 -7.2381258e-09 0)
(0 -6.5756045e-09 0)
(0 -5.9733972e-09 0)
(0 -5.4259802e-09 0)
(0 -4.9283325e-09 0)
(0 -4.4758895e-09 0)
(0 -4.0645011e-09 0)
(0 -3.6903939e-09 0)
(0 -3.3501365e-09 0)
(0 -3.0406079e-09 0)
(0 -2.758969e-09 0)
(0 -2.5026364e-09 0)
(0 -2.2692591e-09 0)
(0 -2.0566963e-09 0)
(0 -1.8629984e-09 0)
(0 -1.6863887e-09 0)
(0 -1.5252472e-09 0)
(0 -1.3780959e-09 0)
(0 -1.2435851e-09 0)
(0 -1.1204809e-09 0)
(0 -1.0076543e-09 0)
(0 -9.0407023e-10 0)
(0 -8.0877869e-10 0)
(0 -7.209056e-10 0)
(0 -6.3964495e-10 0)
(0 -5.6425139e-10 0)
(0 -4.9403338e-10 0)
(0 -4.2834684e-10 0)
(0 -3.6658928e-10 0)
(0 -3.0819422e-10 0)
(0 -2.5262605e-10 0)
(0 -1.9937506e-10 0)
(0 -1.4795283e-10 0)
(0 -9.7887682e-11 0)
(0 -4.8720399e-11 0)
(0 0 0)
(0 -0.00020312481 0)
(0 -0.00022855746 0)
(0 -0.0002534212 0)
(0 -0.00027708585 0)
(0 -0.0002990688 0)
(0 -0.00031904881 0)
(0 -0.00033685497 0)
(0 -0.00035243986 0)
(0 -0.00036584669 0)
(0 -0.00037717753 0)
(0 -0.00038656615 0)
(0 -0.00039415683 0)
(0 -0.00040008899 0)
(0 -0.00040448675 0)
(0 -0.00040745241 0)
(0 -0.00040906285 0)
(0 -0.00040936825 0)
(0 -0.00040839254 0)
(0 -0.00040613544 0)
(0 -0.00040257617 0)
(0 -0.00039767888 0)
(0 -0.00039140022 0)
(0 -0.00038369902 0)
(0 -0.000374548 0)
(0 -0.00036394674 0)
(0 -0.0003519343 0)
(0 -0.00033859927 0)
(0 -0.00032408441 0)
(0 -0.00030858397 0)
(0 -0.00029233311 0)
(0 -0.0002755915 0)
(0 -0.00025862414 0)
(0 -0.00024168361 0)
(0 -0.000224996 0)
(0 -0.00020875216 0)
(0 -0.0001931039 0)
(0 -0.00017816422 0)
(0 -0.00016401046 0)
(0 -0.00015068889 0)
(0 -0.00013822002 0)
(0 -0.00012660387 0)
(0 -0.00011582477 0)
(0 -0.00010585553 0)
(0 -9.6660948e-05 0)
(0 -8.8200626e-05 0)
(0 -8.0431168e-05 0)
(0 -7.330787e-05 0)
(0 -6.6785991e-05 0)
(0 -6.0821653e-05 0)
(0 -5.5372488e-05 0)
(0 -5.0398058e-05 0)
(0 -4.5860118e-05 0)
(0 -4.1722759e-05 0)
(0 -3.7952457e-05 0)
(0 -3.4518057e-05 0)
(0 -3.1390721e-05 0)
(0 -2.854383e-05 0)
(0 -2.595288e-05 0)
(0 -2.3595361e-05 0)
(0 -2.1450627e-05 0)
(0 -1.9499771e-05 0)
(0 -1.7725499e-05 0)
(0 -1.6112008e-05 0)
(0 -1.4644869e-05 0)
(0 -1.3310916e-05 0)
(0 -1.2098145e-05 0)
(0 -1.0995614e-05 0)
(0 -9.9933561e-06 0)
(0 -9.0822925e-06 0)
(0 -8.2541585e-06 0)
(0 -7.5014316e-06 0)
(0 -6.817266e-06 0)
(0 -6.1954333e-06 0)
(0 -5.6302673e-06 0)
(0 -5.1166146e-06 0)
(0 -4.6497882e-06 0)
(0 -4.2255259e-06 0)
(0 -3.8399521e-06 0)
(0 -3.4895431e-06 0)
(0 -3.1710953e-06 0)
(0 -2.8816962e-06 0)
(0 -2.6186983e-06 0)
(0 -2.3796949e-06 0)
(0 -2.1624984e-06 0)
(0 -1.9651202e-06 0)
(0 -1.785753e-06 0)
(0 -1.6227541e-06 0)
(0 -1.4746304e-06 0)
(0 -1.3400249e-06 0)
(0 -1.2177043e-06 0)
(0 -1.1065479e-06 0)
(0 -1.0055369e-06 0)
(0 -9.1374557e-07 0)
(0 -8.3033261e-07 0)
(0 -7.5453343e-07 0)
(0 -6.8565319e-07 0)
(0 -6.2306042e-07 0)
(0 -5.6618129e-07 0)
(0 -5.1449432e-07 0)
(0 -4.675256e-07 0)
(0 -4.2484447e-07 0)
(0 -3.8605957e-07 0)
(0 -3.5081527e-07 0)
(0 -3.1878837e-07 0)
(0 -2.8968519e-07 0)
(0 -2.6323884e-07 0)
(0 -2.3920678e-07 0)
(0 -2.1736864e-07 0)
(0 -1.9752413e-07 0)
(0 -1.7949126e-07 0)
(0 -1.6310466e-07 0)
(0 -1.4821402e-07 0)
(0 -1.346828e-07 0)
(0 -1.2238687e-07 0)
(0 -1.1121349e-07 0)
(0 -1.0106015e-07 0)
(0 -9.1833748e-08 0)
(0 -8.3449654e-08 0)
(0 -7.5830971e-08 0)
(0 -6.8907822e-08 0)
(0 -6.2616708e-08 0)
(0 -5.6899927e-08 0)
(0 -5.1705045e-08 0)
(0 -4.6984414e-08 0)
(0 -4.2694737e-08 0)
(0 -3.8796667e-08 0)
(0 -3.5254451e-08 0)
(0 -3.2035599e-08 0)
(0 -2.9110588e-08 0)
(0 -2.6452588e-08 0)
(0 -2.403722e-08 0)
(0 -2.1842329e-08 0)
(0 -1.9847784e-08 0)
(0 -1.8035289e-08 0)
(0 -1.6388221e-08 0)
(0 -1.4891471e-08 0)
(0 -1.3531311e-08 0)
(0 -1.2295265e-08 0)
(0 -1.1171996e-08 0)
(0 -1.0151201e-08 0)
(0 -9.2235163e-09 0)
(0 -8.3804334e-09 0)
(0 -7.6142191e-09 0)
(0 -6.9178453e-09 0)
(0 -6.2849248e-09 0)
(0 -5.709652e-09 0)
(0 -5.1867504e-09 0)
(0 -4.7114237e-09 0)
(0 -4.2793121e-09 0)
(0 -3.886452e-09 0)
(0 -3.5292401e-09 0)
(0 -3.2043997e-09 0)
(0 -2.9089514e-09 0)
(0 -2.6401851e-09 0)
(0 -2.3956357e-09 0)
(0 -2.1730601e-09 0)
(0 -1.9704166e-09 0)
(0 -1.7858466e-09 0)
(0 -1.617657e-09 0)
(0 -1.4643054e-09 0)
(0 -1.3243849e-09 0)
(0 -1.1966122e-09 0)
(0 -1.0798153e-09 0)
(0 -9.7292291e-10 0)
(0 -8.7495459e-10 0)
(0 -7.850117e-10 0)
(0 -7.0226927e-10 0)
(0 -6.2596834e-10 0)
(0 -5.5540904e-10 0)
(0 -4.8994419e-10 0)
(0 -4.289733e-10 0)
(0 -3.7193713e-10 0)
(0 -3.1831252e-10 0)
(0 -2.6760761e-10 0)
(0 -2.193573e-10 0)
(0 -1.7311903e-10 0)
(0 -1.2846868e-10 0)
(0 -8.499669e-11 0)
(0 -4.2304329e-11 0)
(0 0 0)
(0 -0.00016940989 0)
(0 -0.00018999772 0)
(0 -0.00021017528 0)
(0 -0.00022945785 0)
(0 -0.00024746184 0)
(0 -0.00026391856 0)
(0 -0.0002786707 0)
(0 -0.00029165638 0)
(0 -0.00030288722 0)
(0 -0.0003124254 0)
(0 -0.00032036303 0)
(0 -0.00032680517 0)
(0 -0.00033185688 0)
(0 -0.0003356141 0)
(0 -0.00033815755 0)
(0 -0.00033954925 0)
(0 -0.00033983103 0)
(0 -0.00033902466 0)
(0 -0.00033713352 0)
(0 -0.00033414563 0)
(0 -0.00033003826 0)
(0 -0.00032478401 0)
(0 -0.00031835855 0)
(0 -0.0003107495 0)
(0 -0.00030196594 0)
(0 -0.00029204733 0)
(0 -0.00028107012 0)
(0 -0.00026915055 0)
(0 -0.00025644234 0)
(0 -0.00024312911 0)
(0 -0.00022941285 0)
(0 -0.00021550041 0)
(0 -0.00020159065 0)
(0 -0.00018786383 0)
(0 -0.00017447461 0)
(0 -0.00016154839 0)
(0 -0.00014918081 0)
(0 -0.00013743944 0)
(0 -0.00012636689 0)
(0 -0.00011598461 0)
(0 -0.00010629682 0)
(0 -9.7294306e-05 0)
(0 -8.8957757e-05 0)
(0 -8.1260623e-05 0)
(0 -7.4171495e-05 0)
(0 -6.7655988e-05 0)
(0 -6.1678216e-05 0)
(0 -5.6201913e-05 0)
(0 -5.1191252e-05 0)
(0 -4.661144e-05 0)
(0 -4.2429114e-05 0)
(0 -3.8612611e-05 0)
(0 -3.5132106e-05 0)
(0 -3.1959692e-05 0)
(0 -2.9069381e-05 0)
(0 -2.6437078e-05 0)
(0 -2.4040513e-05 0)
(0 -2.1859162e-05 0)
(0 -1.9874152e-05 0)
(0 -1.806816e-05 0)
(0 -1.6425314e-05 0)
(0 -1.4931087e-05 0)
(0 -1.3572197e-05 0)
(0 -1.2336513e-05 0)
(0 -1.1212965e-05 0)
(0 -1.0191453e-05 0)
(0 -9.2627721e-06 0)
(0 -8.4185337e-06 0)
(0 -7.651097e-06 0)
(0 -6.9535048e-06 0)
(0 -6.3194239e-06 0)
(0 -5.7430905e-06 0)
(0 -5.2192599e-06 0)
(0 -4.7431609e-06 0)
(0 -4.3104535e-06 0)
(0 -3.9171903e-06 0)
(0 -3.5597816e-06 0)
(0 -3.2349634e-06 0)
(0 -2.9397675e-06 0)
(0 -2.6714957e-06 0)
(0 -2.4276946e-06 0)
(0 -2.2061343e-06 0)
(0 -2.0047873e-06 0)
(0 -1.8218109e-06 0)
(0 -1.65553e-06 0)
(0 -1.5044221e-06 0)
(0 -1.3671034e-06 0)
(0 -1.2423162e-06 0)
(0 -1.1289173e-06 0)
(0 -1.0258677e-06 0)
(0 -9.3222328e-07 0)
(0 -8.4712586e-07 0)
(0 -7.6979556e-07 0)
(0 -6.9952362e-07 0)
(0 -6.3566591e-07 0)
(0 -5.7763709e-07 0)
(0 -5.2490518e-07 0)
(0 -4.7698675e-07 0)
(0 -4.3344249e-07 0)
(0 -3.9387316e-07 0)
(0 -3.5791594e-07 0)
(0 -3.2524114e-07 0)
(0 -2.9554914e-07 0)
(0 -2.6856768e-07 0)
(0 -2.4404933e-07 0)
(0 -2.2176926e-07 0)
(0 -2.0152314e-07 0)
(0 -1.831253e-07 0)
(0 -1.6640703e-07 0)
(0 -1.5121499e-07 0)
(0 -1.3740987e-07 0)
(0 -1.2486505e-07 0)
(0 -1.1346548e-07 0)
(0 -1.0310661e-07 0)
(0 -9.3693426e-08 0)
(0 -8.5139605e-08 0)
(0 -7.736669e-08 0)
(0 -7.0303389e-08 0)
(0 -6.388492e-08 0)
(0 -5.8052412e-08 0)
(0 -5.2752372e-08 0)
(0 -4.7936186e-08 0)
(0 -4.3559682e-08 0)
(0 -3.9582717e-08 0)
(0 -3.5968815e-08 0)
(0 -3.2684829e-08 0)
(0 -2.9700637e-08 0)
(0 -2.6988868e-08 0)
(0 -2.4524649e-08 0)
(0 -2.2285377e-08 0)
(0 -2.0250515e-08 0)
(0 -1.8401396e-08 0)
(0 -1.6721062e-08 0)
(0 -1.5194099e-08 0)
(0 -1.3806502e-08 0)
(0 -1.2545542e-08 0)
(0 -1.1399655e-08 0)
(0 -1.035833e-08 0)
(0 -9.4120154e-09 0)
(0 -8.5520312e-09 0)
(0 -7.7704895e-09 0)
(0 -7.0602217e-09 0)
(0 -6.414713e-09 0)
(0 -5.8280425e-09 0)
(0 -5.2948291e-09 0)
(0 -4.8101819e-09 0)
(0 -4.3696557e-09 0)
(0 -3.9692096e-09 0)
(0 -3.6051707e-09 0)
(0 -3.2741998e-09 0)
(0 -2.9732612e-09 0)
(0 -2.6995946e-09 0)
(0 -2.4506897e-09 0)
(0 -2.2242636e-09 0)
(0 -2.0182393e-09 0)
(0 -1.8307271e-09 0)
(0 -1.660007e-09 0)
(0 -1.5045132e-09 0)
(0 -1.3628195e-09 0)
(0 -1.233626e-09 0)
(0 -1.1157479e-09 0)
(0 -1.0081039e-09 0)
(0 -9.097066e-10 0)
(0 -8.1965351e-10 0)
(0 -7.3711863e-10 0)
(0 -6.613449e-10 0)
(0 -5.9163729e-10 0)
(0 -5.2735642e-10 0)
(0 -4.6791269e-10 0)
(0 -4.1276083e-10 0)
(0 -3.61395e-10 0)
(0 -3.1334402e-10 0)
(0 -2.6816716e-10 0)
(0 -2.2545005e-10 0)
(0 -1.8480085e-10 0)
(0 -1.4584673e-10 0)
(0 -1.0823036e-10 0)
(0 -7.1606737e-11 0)
(0 -3.5639917e-11 0)
(0 0 0)
(0 -0.00013562073 0)
(0 -0.00015171566 0)
(0 -0.00016751834 0)
(0 -0.00018266574 0)
(0 -0.00019686351 0)
(0 -0.00020989776 0)
(0 -0.00022163508 0)
(0 -0.00023201334 0)
(0 -0.00024102732 0)
(0 -0.0002487127 0)
(0 -0.0002551309 0)
(0 -0.0002603561 0)
(0 -0.00026446498 0)
(0 -0.00026752917 0)
(0 -0.0002696101 0)
(0 -0.00027075589 0)
(0 -0.0002709999 0)
(0 -0.0002703607 0)
(0 -0.00026884333 0)
(0 -0.00026644168 0)
(0 -0.0002631421 0)
(0 -0.00025892823 0)
(0 -0.00025378674 0)
(0 -0.00024771401 0)
(0 -0.00024072291 0)
(0 -0.00023284893 0)
(0 -0.00022415461 0)
(0 -0.00021473117 0)
(0 -0.00020469668 0)
(0 -0.00019419069 0)
(0 -0.00018336623 0)
(0 -0.00017238033 0)
(0 -0.0001613849 0)
(0 -0.00015051901 0)
(0 -0.00013990337 0)
(0 -0.00012963736 0)
(0 -0.00011979812 0)
(0 -0.00011044149 0)
(0 -0.00010160394 0)
(0 -9.3305304e-05 0)
(0 -8.5551609e-05 0)
(0 -7.8337932e-05 0)
(0 -7.1650977e-05 0)
(0 -6.547133e-05 0)
(0 -5.9775356e-05 0)
(0 -5.4536735e-05 0)
(0 -4.9727677e-05 0)
(0 -4.5319863e-05 0)
(0 -4.1285136e-05 0)
(0 -3.7596018e-05 0)
(0 -3.4226059e-05 0)
(0 -3.1150073e-05 0)
(0 -2.8344282e-05 0)
(0 -2.5786385e-05 0)
(0 -2.3455584e-05 0)
(0 -2.1332566e-05 0)
(0 -1.9399462e-05 0)
(0 -1.7639787e-05 0)
(0 -1.6038371e-05 0)
(0 -1.4581281e-05 0)
(0 -1.3255742e-05 0)
(0 -1.2050059e-05 0)
(0 -1.0953533e-05 0)
(0 -9.9563911e-06 0)
(0 -9.04971e-06 0)
(0 -8.2253494e-06 0)
(0 -7.4758869e-06 0)
(0 -6.7945582e-06 0)
(0 -6.175201e-06 0)
(0 -5.6122039e-06 0)
(0 -5.1004579e-06 0)
(0 -4.6353131e-06 0)
(0 -4.2125383e-06 0)
(0 -3.8282839e-06 0)
(0 -3.479048e-06 0)
(0 -3.1616454e-06 0)
(0 -2.8731796e-06 0)
(0 -2.6110163e-06 0)
(0 -2.3727606e-06 0)
(0 -2.1562348e-06 0)
(0 -1.9594591e-06 0)
(0 -1.7806337e-06 0)
(0 -1.6181225e-06 0)
(0 -1.4704382e-06 0)
(0 -1.336229e-06 0)
(0 -1.2142661e-06 0)
(0 -1.1034326e-06 0)
(0 -1.0027135e-06 0)
(0 -9.1118605e-07 0)
(0 -8.2801177e-07 0)
(0 -7.5242859e-07 0)
(0 -6.8374388e-07 0)
(0 -6.213282e-07 0)
(0 -5.646095e-07 0)
(0 -5.1306791e-07 0)
(0 -4.6623096e-07 0)
(0 -4.236693e-07 0)
(0 -3.8499275e-07 0)
(0 -3.4984672e-07 0)
(0 -3.1790897e-07 0)
(0 -2.8888667e-07 0)
(0 -2.6251371e-07 0)
(0 -2.3854828e-07 0)
(0 -2.167706e-07 0)
(0 -1.9698098e-07 0)
(0 -1.7899795e-07 0)
(0 -1.6265659e-07 0)
(0 -1.4780705e-07 0)
(0 -1.3431313e-07 0)
(0 -1.220511e-07 0)
(0 -1.1090849e-07 0)
(0 -1.0078312e-07 0)
(0 -9.1582114e-08 0)
(0 -8.3221095e-08 0)
(0 -7.5623378e-08 0)
(0 -6.8719279e-08 0)
(0 -6.2445478e-08 0)
(0 -5.6744432e-08 0)
(0 -5.1563852e-08 0)
(0 -4.6856224e-08 0)
(0 -4.2578368e-08 0)
(0 -3.869105e-08 0)
(0 -3.5158614e-08 0)
(0 -3.1948661e-08 0)
(0 -2.9031748e-08 0)
(0 -2.6381123e-08 0)
(0 -2.3972473e-08 0)
(0 -2.1783704e-08 0)
(0 -1.9794743e-08 0)
(0 -1.7987345e-08 0)
(0 -1.6344933e-08 0)
(0 -1.4852442e-08 0)
(0 -1.3496183e-08 0)
(0 -1.2263715e-08 0)
(0 -1.1143734e-08 0)
(0 -1.0125968e-08 0)
(0 -9.2010802e-09 0)
(0 -8.3605885e-09 0)
(0 -7.5967832e-09 0)
(0 -6.9026584e-09 0)
(0 -6.2718474e-09 0)
(0 -5.6985642e-09 0)
(0 -5.1775505e-09 0)
(0 -4.7040272e-09 0)
(0 -4.273651e-09 0)
(0 -3.8824745e-09 0)
(0 -3.5269096e-09 0)
(0 -3.2036949e-09 0)
(0 -2.9098657e-09 0)
(0 -2.642727e-09 0)
(0 -2.3998284e-09 0)
(0 -2.178942e-09 0)
(0 -1.9780417e-09 0)
(0 -1.7952849e-09 0)
(0 -1.6289951e-09 0)
(0 -1.4776471e-09 0)
(0 -1.3398527e-09 0)
(0 -1.2143479e-09 0)
(0 -1.0999817e-09 0)
(0 -9.9570489e-10 0)
(0 -9.0056113e-10 0)
(0 -8.1367768e-10 0)
(0 -7.3425762e-10 0)
(0 -6.6157247e-10 0)
(0 -5.9495553e-10 0)
(0 -5.3379577e-10 0)
(0 -4.775322e-10 0)
(0 -4.2564875e-10 0)
(0 -3.7766952e-10 0)
(0 -3.3315444e-10 0)
(0 -2.9169518e-10 0)
(0 -2.5291147e-10 0)
(0 -2.1644757e-10 0)
(0 -1.8196902e-10 0)
(0 -1.4915956e-10 0)
(0 -1.1771825e-10 0)
(0 -8.7356704e-11 0)
(0 -5.7796429e-11 0)
(0 -2.8766286e-11 0)
(0 0 0)
(0 -0.00010177015 0)
(0 -0.0001136317 0)
(0 -0.00012529268 0)
(0 -0.00013649444 0)
(0 -0.00014702361 0)
(0 -0.00015672104 0)
(0 -0.00016548314 0)
(0 -0.00017325684 0)
(0 -0.00018003041 0)
(0 -0.00018582285 0)
(0 -0.00019067327 0)
(0 -0.00019463162 0)
(0 -0.00019775107 0)
(0 -0.00020008228 0)
(0 -0.00020166942 0)
(0 -0.00020254762 0)
(0 -0.0002027418 0)
(0 -0.00020226654 0)
(0 -0.00020112694 0)
(0 -0.00019932043 0)
(0 -0.00019683938 0)
(0 -0.00019367463 0)
(0 -0.00018981962 0)
(0 -0.00018527509 0)
(0 -0.00018005367 0)
(0 -0.00017418406 0)
(0 -0.00016771381 0)
(0 -0.00016071032 0)
(0 -0.00015325948 0)
(0 -0.00014546197 0)
(0 -0.00013742791 0)
(0 -0.00012927047 0)
(0 -0.00012109961 0)
(0 -0.00011301667 0)
(0 -0.00010511043 0)
(0 -9.7454756e-05 0)
(0 -9.010776e-05 0)
(0 -8.3112201e-05 0)
(0 -7.649674e-05 0)
(0 -7.0277713e-05 0)
(0 -6.4461133e-05 0)
(0 -5.9044704e-05 0)
(0 -5.4019697e-05 0)
(0 -4.9372612e-05 0)
(0 -4.5086601e-05 0)
(0 -4.1142624e-05 0)
(0 -3.7520388e-05 0)
(0 -3.4199068e-05 0)
(0 -3.1157853e-05 0)
(0 -2.8376351e-05 0)
(0 -2.5834872e-05 0)
(0 -2.351462e-05 0)
(0 -2.1397811e-05 0)
(0 -1.9467741e-05 0)
(0 -1.7708809e-05 0)
(0 -1.6106511e-05 0)
(0 -1.4647418e-05 0)
(0 -1.3319127e-05 0)
(0 -1.2110222e-05 0)
(0 -1.1010209e-05 0)
(0 -1.0009464e-05 0)
(0 -9.0991704e-06 0)
(0 -8.2712641e-06 0)
(0 -7.5183742e-06 0)
(0 -6.8337702e-06 0)
(0 -6.211311e-06 0)
(0 -5.6453961e-06 0)
(0 -5.1309209e-06 0)
(0 -4.6632348e-06 0)
(0 -4.2381023e-06 0)
(0 -3.851667e-06 0)
(0 -3.5004189e-06 0)
(0 -3.1811637e-06 0)
(0 -2.8909951e-06 0)
(0 -2.6272691e-06 0)
(0 -2.3875811e-06 0)
(0 -2.1697438e-06 0)
(0 -1.9717684e-06 0)
(0 -1.7918465e-06 0)
(0 -1.6283338e-06 0)
(0 -1.4797353e-06 0)
(0 -1.344692e-06 0)
(0 -1.2219684e-06 0)
(0 -1.1104415e-06 0)
(0 -1.0090904e-06 0)
(0 -9.1698729e-07 0)
(0 -8.3328871e-07 0)
(0 -7.5722812e-07 0)
(0 -6.881088e-07 0)
(0 -6.2529755e-07 0)
(0 -5.6821887e-07 0)
(0 -5.1634973e-07 0)
(0 -4.6921478e-07 0)
(0 -4.2638205e-07 0)
(0 -3.8745893e-07 0)
(0 -3.5208865e-07 0)
(0 -3.1994696e-07 0)
(0 -2.9073922e-07 0)
(0 -2.6419764e-07 0)
(0 -2.4007888e-07 0)
(0 -2.1816182e-07 0)
(0 -1.9824547e-07 0)
(0 -1.8014724e-07 0)
(0 -1.6370116e-07 0)
(0 -1.4875641e-07 0)
(0 -1.3517597e-07 0)
(0 -1.2283528e-07 0)
(0 -1.1162119e-07 0)
(0 -1.0143083e-07 0)
(0 -9.2170775e-08 0)
(0 -8.3756083e-08 0)
(0 -7.6109587e-08 0)
(0 -6.9161158e-08 0)
(0 -6.284707e-08 0)
(0 -5.7109413e-08 0)
(0 -5.1895564e-08 0)
(0 -4.7157703e-08 0)
(0 -4.2852376e-08 0)
(0 -3.8940097e-08 0)
(0 -3.5384981e-08 0)
(0 -3.2154421e-08 0)
(0 -2.9218788e-08 0)
(0 -2.6551156e-08 0)
(0 -2.4127057e-08 0)
(0 -2.1924258e-08 0)
(0 -1.9922553e-08 0)
(0 -1.8103583e-08 0)
(0 -1.6450665e-08 0)
(0 -1.4948637e-08 0)
(0 -1.3583722e-08 0)
(0 -1.2343402e-08 0)
(0 -1.12163e-08 0)
(0 -1.0192077e-08 0)
(0 -9.261339e-09 0)
(0 -8.4155495e-09 0)
(0 -7.6469505e-09 0)
(0 -6.948492e-09 0)
(0 -6.3137676e-09 0)
(0 -5.7369555e-09 0)
(0 -5.2127648e-09 0)
(0 -4.7363876e-09 0)
(0 -4.3034543e-09 0)
(0 -3.909994e-09 0)
(0 -3.5523976e-09 0)
(0 -3.2273852e-09 0)
(0 -2.9319757e-09 0)
(0 -2.6634594e-09 0)
(0 -2.4193734e-09 0)
(0 -2.1974788e-09 0)
(0 -1.9957404e-09 0)
(0 -1.8123077e-09 0)
(0 -1.6454982e-09 0)
(0 -1.4937819e-09 0)
(0 -1.3557672e-09 0)
(0 -1.2301881e-09 0)
(0 -1.1158928e-09 0)
(0 -1.0118329e-09 0)
(0 -9.1705395e-10 0)
(0 -8.3068659e-10 0)
(0 -7.5193863e-10 0)
(0 -6.8008775e-10 0)
(0 -6.1447492e-10 0)
(0 -5.544983e-10 0)
(0 -4.9960777e-10 0)
(0 -4.4929984e-10 0)
(0 -4.0311307e-10 0)
(0 -3.6062382e-10 0)
(0 -3.2144237e-10 0)
(0 -2.8520931e-10 0)
(0 -2.5159231e-10 0)
(0 -2.2028301e-10 0)
(0 -1.9099425e-10 0)
(0 -1.6345736e-10 0)
(0 -1.3741977e-10 0)
(0 -1.1264265e-10 0)
(0 -8.889873e-11 0)
(0 -6.597023e-11 0)
(0 -4.3646836e-11 0)
(0 -2.1723788e-11 0)
(0 0 0)
(0 -6.7872847e-05 0)
(0 -7.5683873e-05 0)
(0 -8.3369275e-05 0)
(0 -9.0762853e-05 0)
(0 -9.772586e-05 0)
(0 -0.000104153 0)
(0 -0.00010997384 0)
(0 -0.00011515019 0)
(0 -0.00011967076 0)
(0 -0.00012354466 0)
(0 -0.00012679474 0)
(0 -0.00012945162 0)
(0 -0.00013154867 0)
(0 -0.00013311819 0)
(0 -0.00013418869 0)
(0 -0.00013478311 0)
(0 -0.000134918 0)
(0 -0.00013460337 0)
(0 -0.00013384326 0)
(0 -0.00013263688 0)
(0 -0.00013098038 0)
(0 -0.00012886909 0)
(0 -0.00012630022 0)
(0 -0.00012327582 0)
(0 -0.00011980566 0)
(0 -0.00011590977 0)
(0 -0.00011162013 0)
(0 -0.00010698119 0)
(0 -0.000102049 0)
(0 -9.6888889e-05 0)
(0 -9.1572177e-05 0)
(0 -8.617222e-05 0)
(0 -8.0760497e-05 0)
(0 -7.5403199e-05 0)
(0 -7.015866e-05 0)
(0 -6.5075775e-05 0)
(0 -6.0193364e-05 0)
(0 -5.5540314e-05 0)
(0 -5.113631e-05 0)
(0 -4.6992913e-05 0)
(0 -4.311482e-05 0)
(0 -3.9501154e-05 0)
(0 -3.614668e-05 0)
(0 -3.3042904e-05 0)
(0 -3.0179011e-05 0)
(0 -2.7542647e-05 0)
(0 -2.5120547e-05 0)
(0 -2.289903e-05 0)
(0 -2.0864371e-05 0)
(0 -1.9003082e-05 0)
(0 -1.7302109e-05 0)
(0 -1.5748968e-05 0)
(0 -1.4331831e-05 0)
(0 -1.3039571e-05 0)
(0 -1.1861789e-05 0)
(0 -1.0788808e-05 0)
(0 -9.8116599e-06 0)
(0 -8.9220619e-06 0)
(0 -8.1123824e-06 0)
(0 -7.3756061e-06 0)
(0 -6.705296e-06 0)
(0 -6.0955544e-06 0)
(0 -5.5409848e-06 0)
(0 -5.0366544e-06 0)
(0 -4.578058e-06 0)
(0 -4.1610843e-06 0)
(0 -3.7819838e-06 0)
(0 -3.4373386e-06 0)
(0 -3.1240342e-06 0)
(0 -2.8392344e-06 0)
(0 -2.5803564e-06 0)
(0 -2.3450493e-06 0)
(0 -2.1311737e-06 0)
(0 -1.9367829e-06 0)
(0 -1.760106e-06 0)
(0 -1.5995322e-06 0)
(0 -1.4535964e-06 0)
(0 -1.3209664e-06 0)
(0 -1.2004306e-06 0)
(0 -1.0908877e-06 0)
(0 -9.9133622e-07 0)
(0 -9.0086568e-07 0)
(0 -8.1864848e-07 0)
(0 -7.4393226e-07 0)
(0 -6.7603316e-07 0)
(0 -6.1432956e-07 0)
(0 -5.5825646e-07 0)
(0 -5.0730032e-07 0)
(0 -4.609944e-07 0)
(0 -4.1891449e-07 0)
(0 -3.8067505e-07 0)
(0 -3.4592568e-07 0)
(0 -3.1434794e-07 0)
(0 -2.8565243e-07 0)
(0 -2.5957613e-07 0)
(0 -2.3588003e-07 0)
(0 -2.1434689e-07 0)
(0 -1.9477933e-07 0)
(0 -1.7699795e-07 0)
(0 -1.6083972e-07 0)
(0 -1.461565e-07 0)
(0 -1.3281365e-07 0)
(0 -1.2068883e-07 0)
(0 -1.0967085e-07 0)
(0 -9.9658698e-08 0)
(0 -9.0560545e-08 0)
(0 -8.2292961e-08 0)
(0 -7.4780128e-08 0)
(0 -6.7953149e-08 0)
(0 -6.1749415e-08 0)
(0 -5.611203e-08 0)
(0 -5.0989294e-08 0)
(0 -4.6334225e-08 0)
(0 -4.2104129e-08 0)
(0 -3.8260211e-08 0)
(0 -3.4767215e-08 0)
(0 -3.1593106e-08 0)
(0 -2.8708771e-08 0)
(0 -2.6087756e-08 0)
(0 -2.3706021e-08 0)
(0 -2.1541721e-08 0)
(0 -1.9575007e-08 0)
(0 -1.7787838e-08 0)
(0 -1.6163823e-08 0)
(0 -1.4688066e-08 0)
(0 -1.3347033e-08 0)
(0 -1.2128421e-08 0)
(0 -1.1021056e-08 0)
(0 -1.0014778e-08 0)
(0 -9.1003593e-09 0)
(0 -8.2694118e-09 0)
(0 -7.5143141e-09 0)
(0 -6.8281401e-09 0)
(0 -6.2045962e-09 0)
(0 -5.6379631e-09 0)
(0 -5.1230433e-09 0)
(0 -4.6551139e-09 0)
(0 -4.2298829e-09 0)
(0 -3.8434499e-09 0)
(0 -3.4922705e-09 0)
(0 -3.1731236e-09 0)
(0 -2.8830817e-09 0)
(0 -2.6194846e-09 0)
(0 -2.3799143e-09 0)
(0 -2.1621736e-09 0)
(0 -1.9642652e-09 0)
(0 -1.7843738e-09 0)
(0 -1.6208494e-09 0)
(0 -1.472192e-09 0)
(0 -1.3370382e-09 0)
(0 -1.2141482e-09 0)
(0 -1.1023949e-09 0)
(0 -1.0007531e-09 0)
(0 -9.0829072e-10 0)
(0 -8.2415952e-10 0)
(0 -7.4758784e-10 0)
(0 -6.7787334e-10 0)
(0 -6.1437657e-10 0)
(0 -5.5651511e-10 0)
(0 -5.0375823e-10 0)
(0 -4.5562203e-10 0)
(0 -4.1166498e-10 0)
(0 -3.7148388e-10 0)
(0 -3.3471019e-10 0)
(0 -3.010066e-10 0)
(0 -2.7006397e-10 0)
(0 -2.4159847e-10 0)
(0 -2.1534901e-10 0)
(0 -1.9107482e-10 0)
(0 -1.6855324e-10 0)
(0 -1.4757771e-10 0)
(0 -1.2795582e-10 0)
(0 -1.0950759e-10 0)
(0 -9.2063815e-11 0)
(0 -7.5464484e-11 0)
(0 -5.9557343e-11 0)
(0 -4.4196488e-11 0)
(0 -2.924102e-11 0)
(0 -1.4553764e-11 0)
(0 0 0)
(0 -3.3944253e-05 0)
(0 -3.782137e-05 0)
(0 -4.1637962e-05 0)
(0 -4.531274e-05 0)
(0 -4.8777381e-05 0)
(0 -5.1979512e-05 0)
(0 -5.4883561e-05 0)
(0 -5.7469642e-05 0)
(0 -5.9731114e-05 0)
(0 -6.1671497e-05 0)
(0 -6.3301271e-05 0)
(0 -6.4634942e-05 0)
(0 -6.5688577e-05 0)
(0 -6.6477879e-05 0)
(0 -6.7016809e-05 0)
(0 -6.7316698e-05 0)
(0 -6.7385795e-05 0)
(0 -6.7229194e-05 0)
(0 -6.6849097e-05 0)
(0 -6.6245391e-05 0)
(0 -6.541651e-05 0)
(0 -6.4360547e-05 0)
(0 -6.3076572e-05 0)
(0 -6.1566058e-05 0)
(0 -5.9834281e-05 0)
(0 -5.7891511e-05 0)
(0 -5.5753814e-05 0)
(0 -5.3443272e-05 0)
(0 -5.0987552e-05 0)
(0 -4.8418809e-05 0)
(0 -4.5772095e-05 0)
(0 -4.3083479e-05 0)
(0 -4.0388168e-05 0)
(0 -3.771885e-05 0)
(0 -3.5104437e-05 0)
(0 -3.2569268e-05 0)
(0 -3.0132765e-05 0)
(0 -2.7809479e-05 0)
(0 -2.5609417e-05 0)
(0 -2.3538557e-05 0)
(0 -2.1599448e-05 0)
(0 -1.9791846e-05 0)
(0 -1.8113307e-05 0)
(0 -1.6559735e-05 0)
(0 -1.5125849e-05 0)
(0 -1.3805574e-05 0)
(0 -1.2592357e-05 0)
(0 -1.1479419e-05 0)
(0 -1.0459943e-05 0)
(0 -9.5272176e-06 0)
(0 -8.6747391e-06 0)
(0 -7.8962792e-06 0)
(0 -7.1859319e-06 0)
(0 -6.5381383e-06 0)
(0 -5.9476984e-06 0)
(0 -5.4097719e-06 0)
(0 -4.9198711e-06 0)
(0 -4.4738493e-06 0)
(0 -4.0678852e-06 0)
(0 -3.6984652e-06 0)
(0 -3.3623646e-06 0)
(0 -3.0566284e-06 0)
(0 -2.7785526e-06 0)
(0 -2.5256648e-06 0)
(0 -2.2957072e-06 0)
(0 -2.0866189e-06 0)
(0 -1.8965203e-06 0)
(0 -1.7236981e-06 0)
(0 -1.5665909e-06 0)
(0 -1.4237766e-06 0)
(0 -1.2939604e-06 0)
(0 -1.1759636e-06 0)
(0 -1.0687135e-06 0)
(0 -9.7123391e-07 0)
(0 -8.8263699e-07 0)
(0 -8.02115e-07 0)
(0 -7.2893332e-07 0)
(0 -6.6242391e-07 0)
(0 -6.019793e-07 0)
(0 -5.4704716e-07 0)
(0 -4.9712532e-07 0)
(0 -4.5175724e-07 0)
(0 -4.1052791e-07 0)
(0 -3.7306007e-07 0)
(0 -3.3901077e-07 0)
(0 -3.080683e-07 0)
(0 -2.7994934e-07 0)
(0 -2.5439638e-07 0)
(0 -2.3117535e-07 0)
(0 -2.1007352e-07 0)
(0 -1.9089758e-07 0)
(0 -1.7347179e-07 0)
(0 -1.5763648e-07 0)
(0 -1.4324652e-07 0)
(0 -1.3017002e-07 0)
(0 -1.1828711e-07 0)
(0 -1.0748886e-07 0)
(0 -9.7676296e-08 0)
(0 -8.8759443e-08 0)
(0 -8.0656556e-08 0)
(0 -7.3293339e-08 0)
(0 -6.6602282e-08 0)
(0 -6.052203e-08 0)
(0 -5.4996831e-08 0)
(0 -4.997602e-08 0)
(0 -4.5413555e-08 0)
(0 -4.1267596e-08 0)
(0 -3.7500124e-08 0)
(0 -3.4076587e-08 0)
(0 -3.096559e-08 0)
(0 -2.8138601e-08 0)
(0 -2.5569694e-08 0)
(0 -2.3235308e-08 0)
(0 -2.1114035e-08 0)
(0 -1.9186418e-08 0)
(0 -1.743478e-08 0)
(0 -1.5843053e-08 0)
(0 -1.4396641e-08 0)
(0 -1.3082275e-08 0)
(0 -1.1887903e-08 0)
(0 -1.0802567e-08 0)
(0 -9.8163152e-09 0)
(0 -8.9201003e-09 0)
(0 -8.1057025e-09 0)
(0 -7.3656522e-09 0)
(0 -6.6931615e-09 0)
(0 -6.0820623e-09 0)
(0 -5.5267495e-09 0)
(0 -5.0221297e-09 0)
(0 -4.5635744e-09 0)
(0 -4.1468776e-09 0)
(0 -3.7682173e-09 0)
(0 -3.4241204e-09 0)
(0 -3.1114306e-09 0)
(0 -2.82728e-09 0)
(0 -2.5690622e-09 0)
(0 -2.3344088e-09 0)
(0 -2.1211674e-09 0)
(0 -1.9273821e-09 0)
(0 -1.7512756e-09 0)
(0 -1.5912323e-09 0)
(0 -1.4457845e-09 0)
(0 -1.3135979e-09 0)
(0 -1.1934602e-09 0)
(0 -1.0842693e-09 0)
(0 -9.8502381e-10 0)
(0 -8.9481332e-10 0)
(0 -8.1281041e-10 0)
(0 -7.3826292e-10 0)
(0 -6.7048708e-10 0)
(0 -6.088612e-10 0)
(0 -5.5282005e-10 0)
(0 -5.0184958e-10 0)
(0 -4.5548228e-10 0)
(0 -4.1329285e-10 0)
(0 -3.748943e-10 0)
(0 -3.3993444e-10 0)
(0 -3.0809259e-10 0)
(0 -2.7907669e-10 0)
(0 -2.526206e-10 0)
(0 -2.2848165e-10 0)
(0 -2.0643842e-10 0)
(0 -1.8628873e-10 0)
(0 -1.6784776e-10 0)
(0 -1.5094635e-10 0)
(0 -1.3542949e-10 0)
(0 -1.2115484e-10 0)
(0 -1.0799148e-10 0)
(0 -9.5818653e-11 0)
(0 -8.4524717e-11 0)
(0 -7.4006076e-11 0)
(0 -6.4166249e-11 0)
(0 -5.4914982e-11 0)
(0 -4.6167417e-11 0)
(0 -3.7843318e-11 0)
(0 -2.9866335e-11 0)
(0 -2.2163297e-11 0)
(0 -1.466355e-11 0)
(0 -7.2983036e-12 0)
(0 0 0)
(0 0 0)
(0 0 0)
(0 0 0)
(0 0 0)
(0 0 0)
(0 0 0)
(0 0 0)
(0 0 0)
(0 0 0)
(0 0 0)
(0 0 0)
(0 0 0)
(0 0 0)
(0 0 0)
(0 0 0)
(0 0 0)
(0 0 0)
(0 0 0)
(0 0 0)
(0 0 0)
(0 0 0)
(0 0 0)
(0 0 0)
(0 0 0)
(0 0 0)
(0 0 0)
(0 0 0)
(0 0 0)
(0 0 0)
(0 0 0)
(0 0 0)
(0 0 0)
(0 0 0)
(0 0 0)
(0 0 0)
(0 0 0)
(0 0 0)
(0 0 0)
(0 0 0)
(0 0 0)
(0 0 0)
(0 0 0)
(0 0 0)
(0 0 0)
(0 0 0)
(0 0 0)
(0 0 0)
(0 0 0)
(0 0 0)
(0 0 0)
(0 0 0)
(0 0 0)
(0 0 0)
(0 0 0)
(0 0 0)
(0 0 0)
(0 0 0)
(0 0 0)
(0 0 0)
(0 0 0)
(0 0 0)
(0 0 0)
(0 0 0)
(0 0 0)
(0 0 0)
(0 0 0)
(0 0 0)
(0 0 0)
(0 0 0)
(0 0 0)
(0 0 0)
(0 0 0)
(0 0 0)
(0 0 0)
(0 0 0)
(0 0 0)
(0 0 0)
(0 0 0)
(0 0 0)
(0 0 0)
(0 0 0)
(0 0 0)
(0 0 0)
(0 0 0)
(0 0 0)
(0 0 0)
(0 0 0)
(0 0 0)
(0 0 0)
(0 0 0)
(0 0 0)
(0 0 0)
(0 0 0)
(0 0 0)
(0 0 0)
(0 0 0)
(0 0 0)
(0 0 0)
(0 0 0)
(0 0 0)
(0 0 0)
(0 0 0)
(0 0 0)
(0 0 0)
(0 0 0)
(0 0 0)
(0 0 0)
(0 0 0)
(0 0 0)
(0 0 0)
(0 0 0)
(0 0 0)
(0 0 0)
(0 0 0)
(0 0 0)
(0 0 0)
(0 0 0)
(0 0 0)
(0 0 0)
(0 0 0)
(0 0 0)
(0 0 0)
(0 0 0)
(0 0 0)
(0 0 0)
(0 0 0)
(0 0 0)
(0 0 0)
(0 0 0)
(0 0 0)
(0 0 0)
(0 0 0)
(0 0 0)
(0 0 0)
(0 0 0)
(0 0 0)
(0 0 0)
(0 0 0)
(0 0 0)
(0 0 0)
(0 0 0)
(0 0 0)
(0 0 0)
(0 0 0)
(0 0 0)
(0 0 0)
(0 0 0)
(0 0 0)
(0 0 0)
(0 0 0)
(0 0 0)
(0 0 0)
(0 0 0)
(0 0 0)
(0 0 0)
(0 0 0)
(0 0 0)
(0 0 0)
(0 0 0)
(0 0 0)
(0 0 0)
(0 0 0)
(0 0 0)
(0 0 0)
(0 0 0)
(0 0 0)
(0 0 0)
(0 0 0)
(0 0 0)
(0 0 0)
(0 0 0)
(0 0 0)
(0 0 0)
(0 0 0)
(0 0 0)
(0 0 0)
(0 0 0)
(0 0 0)
(0 0 0)
(0 0 0)
(0 -0.00051607606 0)
(0 -0.00064157422 0)
(0 -0.00074557888 0)
(0 -0.00082736326 0)
(0 -0.00089027552 0)
(0 -0.00093838803 0)
(0 -0.00097524092 0)
(0 -0.0010035832 0)
(0 -0.0010254566 0)
(0 -0.0010423527 0)
(0 -0.0010553552 0)
(0 -0.00106525 0)
(0 -0.0010726026 0)
(0 -0.0010778129 0)
(0 -0.0010811509 0)
(0 -0.0010827797 0)
(0 -0.0010827684 0)
(0 -0.0010810955 0)
(0 -0.0010776451 0)
(0 -0.0010721932 0)
(0 -0.0010643844 0)
(0 -0.0010536967 0)
(0 -0.0010393942 0)
(0 -0.0010204783 0)
(0 -0.00099566935 0)
(0 -0.00096351188 0)
(0 -0.00092278003 0)
(0 -0.00087333463 0)
(0 -0.00081698608 0)
(0 -0.00075693485 0)
(0 -0.00069633171 0)
(0 -0.00063751349 0)
(0 -0.0005818791 0)
(0 -0.00053010153 0)
(0 -0.00048238877 0)
(0 -0.0004386835 0)
(0 -0.00039879113 0)
(0 -0.00036245487 0)
(0 -0.00032939742 0)
(0 -0.00029934302 0)
(0 -0.00027202849 0)
(0 -0.0002472082 0)
(0 -0.00022465577 0)
(0 -0.00020416404 0)
(0 -0.00018554421 0)
(0 -0.00016862463 0)
(0 -0.00015324939 0)
(0 -0.00013927698 0)
(0 -0.00012657898 0)
(0 -0.00011503881 0)
(0 -0.00010455069 0)
(0 -9.5018537e-05 0)
(0 -8.6355138e-05 0)
(0 -7.8481263e-05 0)
(0 -7.1324941e-05 0)
(0 -6.4820786e-05 0)
(0 -5.8909381e-05 0)
(0 -5.3536732e-05 0)
(0 -4.8653768e-05 0)
(0 -4.421589e-05 0)
(0 -4.0182557e-05 0)
(0 -3.6516925e-05 0)
(0 -3.3185497e-05 0)
(0 -3.0157831e-05 0)
(0 -2.7406252e-05 0)
(0 -2.4905604e-05 0)
(0 -2.2633021e-05 0)
(0 -2.0567718e-05 0)
(0 -1.8690804e-05 0)
(0 -1.6985106e-05 0)
(0 -1.5435014e-05 0)
(0 -1.4026342e-05 0)
(0 -1.2746195e-05 0)
(0 -1.1582852e-05 0)
(0 -1.0525661e-05 0)
(0 -9.5649402e-06 0)
(0 -8.69189e-06 0)
(0 -7.8985132e-06 0)
(0 -7.1775413e-06 0)
(0 -6.5223688e-06 0)
(0 -5.9269922e-06 0)
(0 -5.3859556e-06 0)
(0 -4.8943006e-06 0)
(0 -4.4475212e-06 0)
(0 -4.041522e-06 0)
(0 -3.6725817e-06 0)
(0 -3.3373182e-06 0)
(0 -3.0326578e-06 0)
(0 -2.7558076e-06 0)
(0 -2.5042293e-06 0)
(0 -2.2756163e-06 0)
(0 -2.0678724e-06 0)
(0 -1.8790928e-06 0)
(0 -1.7075464e-06 0)
(0 -1.5516603e-06 0)
(0 -1.4100048e-06 0)
(0 -1.281281e-06 0)
(0 -1.1643084e-06 0)
(0 -1.0580144e-06 0)
(0 -9.6142407e-07 0)
(0 -8.7365166e-07 0)
(0 -7.9389218e-07 0)
(0 -7.2141414e-07 0)
(0 -6.5555283e-07 0)
(0 -5.957042e-07 0)
(0 -5.4131936e-07 0)
(0 -4.918995e-07 0)
(0 -4.4699137e-07 0)
(0 -4.0618309e-07 0)
(0 -3.6910036e-07 0)
(0 -3.3540307e-07 0)
(0 -3.0478216e-07 0)
(0 -2.7695676e-07 0)
(0 -2.5167167e-07 0)
(0 -2.2869497e-07 0)
(0 -2.0781592e-07 0)
(0 -1.8884301e-07 0)
(0 -1.7160222e-07 0)
(0 -1.5593541e-07 0)
(0 -1.4169889e-07 0)
(0 -1.2876208e-07 0)
(0 -1.1700632e-07 0)
(0 -1.0632377e-07 0)
(0 -9.661646e-08 0)
(0 -8.7795351e-08 0)
(0 -7.9779531e-08 0)
(0 -7.2495478e-08 0)
(0 -6.5876379e-08 0)
(0 -5.9861523e-08 0)
(0 -5.4395738e-08 0)
(0 -4.9428892e-08 0)
(0 -4.4915426e-08 0)
(0 -4.0813942e-08 0)
(0 -3.7086818e-08 0)
(0 -3.369987e-08 0)
(0 -3.0622029e-08 0)
(0 -2.7825066e-08 0)
(0 -2.5283326e-08 0)
(0 -2.2973494e-08 0)
(0 -2.0874384e-08 0)
(0 -1.8966742e-08 0)
(0 -1.7233071e-08 0)
(0 -1.5657468e-08 0)
(0 -1.4225482e-08 0)
(0 -1.2923978e-08 0)
(0 -1.1741018e-08 0)
(0 -1.0665751e-08 0)
(0 -9.6883151e-09 0)
(0 -8.799744e-09 0)
(0 -7.9918878e-09 0)
(0 -7.2573364e-09 0)
(0 -6.5893523e-09 0)
(0 -5.9818084e-09 0)
(0 -5.4291321e-09 0)
(0 -4.926254e-09 0)
(0 -4.4685616e-09 0)
(0 -4.0518566e-09 0)
(0 -3.6723169e-09 0)
(0 -3.3264612e-09 0)
(0 -3.0111171e-09 0)
(0 -2.7233923e-09 0)
(0 -2.4606475e-09 0)
(0 -2.2204728e-09 0)
(0 -2.0006652e-09 0)
(0 -1.7992085e-09 0)
(0 -1.6142549e-09 0)
(0 -1.4441079e-09 0)
(0 -1.2872069e-09 0)
(0 -1.1421126e-09 0)
(0 -1.0074943e-09 0)
(0 -8.8211709e-10 0)
(0 -7.6483105e-10 0)
(0 -6.5456036e-10 0)
(0 -5.5029356e-10 0)
(0 -4.5107428e-10 0)
(0 -3.5599245e-10 0)
(0 -2.6417592e-10 0)
(0 -1.7478252e-10 0)
(0 -8.6992293e-11 0)
(0 0 0)
(0 -0.00047591537 0)
(0 -0.0005789354 0)
(0 -0.00066889707 0)
(0 -0.00074340875 0)
(0 -0.00080335149 0)
(0 -0.000850883 0)
(0 -0.00088833888 0)
(0 -0.00091778387 0)
(0 -0.00094089504 0)
(0 -0.00095898017 0)
(0 -0.00097303737 0)
(0 -0.00098381754 0)
(0 -0.00099187699 0)
(0 -0.00099761774 0)
(0 -0.0010013165 0)
(0 -0.0010031438 0)
(0 -0.0010031759 0)
(0 -0.0010013981 0)
(0 -0.00099770323 0)
(0 -0.00099188272 0)
(0 -0.00098361154 0)
(0 -0.00097242856 0)
(0 -0.00095771673 0)
(0 -0.00093869626 0)
(0 -0.000914461 0)
(0 -0.00088411349 0)
(0 -0.0008470672 0)
(0 -0.00080350666 0)
(0 -0.00075472187 0)
(0 -0.00070281405 0)
(0 -0.00064998917 0)
(0 -0.00059805784 0)
(0 -0.00054826359 0)
(0 -0.0005013356 0)
(0 -0.00045762162 0)
(0 -0.00041721766 0)
(0 -0.00038006659 0)
(0 -0.0003460249 0)
(0 -0.0003149051 0)
(0 -0.00028650141 0)
(0 -0.00026060491 0)
(0 -0.00023701211 0)
(0 -0.00021552952 0)
(0 -0.00019597585 0)
(0 -0.00017818291 0)
(0 -0.00016199552 0)
(0 -0.00014727118 0)
(0 -0.00013387934 0)
(0 -0.00012170065 0)
(0 -0.00011062615 0)
(0 -0.00010055642 0)
(0 -9.1400855e-05 0)
(0 -8.3076909e-05 0)
(0 -7.5509392e-05 0)
(0 -6.862985e-05 0)
(0 -6.2375971e-05 0)
(0 -5.6691045e-05 0)
(0 -5.1523468e-05 0)
(0 -4.6826291e-05 0)
(0 -4.2556803e-05 0)
(0 -3.8676151e-05 0)
(0 -3.5148997e-05 0)
(0 -3.1943204e-05 0)
(0 -2.9029543e-05 0)
(0 -2.6381436e-05 0)
(0 -2.3974717e-05 0)
(0 -2.1787412e-05 0)
(0 -1.9799543e-05 0)
(0 -1.7992945e-05 0)
(0 -1.6351106e-05 0)
(0 -1.4859014e-05 0)
(0 -1.3503023e-05 0)
(0 -1.2270729e-05 0)
(0 -1.1150855e-05 0)
(0 -1.0133153e-05 0)
(0 -9.2083063e-06 0)
(0 -8.3678476e-06 0)
(0 -7.6040806e-06 0)
(0 -6.9100104e-06 0)
(0 -6.2792796e-06 0)
(0 -5.7061101e-06 0)
(0 -5.1852505e-06 0)
(0 -4.7119284e-06 0)
(0 -4.2818064e-06 0)
(0 -3.8909426e-06 0)
(0 -3.5357546e-06 0)
(0 -3.212987e-06 0)
(0 -2.919681e-06 0)
(0 -2.6531479e-06 0)
(0 -2.4109444e-06 0)
(0 -2.1908498e-06 0)
(0 -1.9908463e-06 0)
(0 -1.8091001e-06 0)
(0 -1.6439448e-06 0)
(0 -1.4938661e-06 0)
(0 -1.3574877e-06 0)
(0 -1.2335591e-06 0)
(0 -1.1209438e-06 0)
(0 -1.0186092e-06 0)
(0 -9.2561677e-07 0)
(0 -8.4111369e-07 0)
(0 -7.6432503e-07 0)
(0 -6.9454654e-07 0)
(0 -6.3113829e-07 0)
(0 -5.7351874e-07 0)
(0 -5.2115945e-07 0)
(0 -4.7358021e-07 0)
(0 -4.3034463e-07 0)
(0 -3.9105619e-07 0)
(0 -3.5535454e-07 0)
(0 -3.2291224e-07 0)
(0 -2.9343173e-07 0)
(0 -2.6664262e-07 0)
(0 -2.422992e-07 0)
(0 -2.2017819e-07 0)
(0 -2.0007671e-07 0)
(0 -1.8181038e-07 0)
(0 -1.6521166e-07 0)
(0 -1.5012831e-07 0)
(0 -1.3642197e-07 0)
(0 -1.2396694e-07 0)
(0 -1.1264897e-07 0)
(0 -1.0236425e-07 0)
(0 -9.3018444e-08 0)
(0 -8.4525838e-08 0)
(0 -7.6808531e-08 0)
(0 -6.9795739e-08 0)
(0 -6.3423138e-08 0)
(0 -5.7632277e-08 0)
(0 -5.237004e-08 0)
(0 -4.758816e-08 0)
(0 -4.3242777e-08 0)
(0 -3.9294032e-08 0)
(0 -3.5705707e-08 0)
(0 -3.2444889e-08 0)
(0 -2.9481668e-08 0)
(0 -2.6788863e-08 0)
(0 -2.4341777e-08 0)
(0 -2.2117964e-08 0)
(0 -2.0097024e-08 0)
(0 -1.8260423e-08 0)
(0 -1.6591314e-08 0)
(0 -1.5074387e-08 0)
(0 -1.3695728e-08 0)
(0 -1.2442691e-08 0)
(0 -1.1303785e-08 0)
(0 -1.0268561e-08 0)
(0 -9.3275239e-09 0)
(0 -8.4720431e-09 0)
(0 -7.6942714e-09 0)
(0 -6.9870746e-09 0)
(0 -6.3439661e-09 0)
(0 -5.759047e-09 0)
(0 -5.2269523e-09 0)
(0 -4.7428013e-09 0)
(0 -4.3021532e-09 0)
(0 -3.9009662e-09 0)
(0 -3.5355605e-09 0)
(0 -3.2025844e-09 0)
(0 -2.8989837e-09 0)
(0 -2.6219737e-09 0)
(0 -2.3690135e-09 0)
(0 -2.1377829e-09 0)
(0 -1.9261608e-09 0)
(0 -1.7322064e-09 0)
(0 -1.5541404e-09 0)
(0 -1.3903296e-09 0)
(0 -1.2392715e-09 0)
(0 -1.0995806e-09 0)
(0 -9.699754e-10 0)
(0 -8.4926724e-10 0)
(0 -7.363489e-10 0)
(0 -6.3018467e-10 0)
(0 -5.2980075e-10 0)
(0 -4.3427637e-10 0)
(0 -3.4273536e-10 0)
(0 -2.5433806e-10 0)
(0 -1.6827365e-10 0)
(0 -8.3752719e-11 0)
(0 0 0)
(0 -0.00043944629 0)
(0 -0.0005249616 0)
(0 -0.0006023444 0)
(0 -0.00066895998 0)
(0 -0.00072450385 0)
(0 -0.00076992318 0)
(0 -0.00080663405 0)
(0 -0.00083608928 0)
(0 -0.00085958739 0)
(0 -0.0008782128 0)
(0 -0.00089283678 0)
(0 -0.00090414108 0)
(0 -0.00091264634 0)
(0 -0.00091873798 0)
(0 -0.00092268669 0)
(0 -0.0009246633 0)
(0 -0.00092474807 0)
(0 -0.00092293493 0)
(0 -0.00091913119 0)
(0 -0.00091315318 0)
(0 -0.00090471915 0)
(0 -0.00089344204 0)
(0 -0.00087882815 0)
(0 -0.0008602935 0)
(0 -0.00083721843 0)
(0 -0.00080906823 0)
(0 -0.0007755973 0)
(0 -0.00073709547 0)
(0 -0.00069452064 0)
(0 -0.00064933113 0)
(0 -0.00060311231 0)
(0 -0.00055726082 0)
(0 -0.00051283159 0)
(0 -0.00047052465 0)
(0 -0.00043074397 0)
(0 -0.00039367519 0)
(0 -0.00035935547 0)
(0 -0.00032772718 0)
(0 -0.00029867596 0)
(0 -0.00027205618 0)
(0 -0.00024770762 0)
(0 -0.00022546591 0)
(0 -0.00020516901 0)
(0 -0.00018666098 0)
(0 -0.00016979415 0)
(0 -0.00015443013 0)
(0 -0.00014044021 0)
(0 -0.00012770531 0)
(0 -0.00011611567 0)
(0 -0.00010557043 0)
(0 -9.597708e-05 0)
(0 -8.7250938e-05 0)
(0 -7.9314561e-05 0)
(0 -7.2097214e-05 0)
(0 -6.5534331e-05 0)
(0 -5.9567022e-05 0)
(0 -5.4141601e-05 0)
(0 -4.9209145e-05 0)
(0 -4.4725091e-05 0)
(0 -4.0648858e-05 0)
(0 -3.6943503e-05 0)
(0 -3.3575398e-05 0)
(0 -3.0513943e-05 0)
(0 -2.7731297e-05 0)
(0 -2.5202131e-05 0)
(0 -2.2903405e-05 0)
(0 -2.0814165e-05 0)
(0 -1.8915353e-05 0)
(0 -1.7189639e-05 0)
(0 -1.5621267e-05 0)
(0 -1.4195908e-05 0)
(0 -1.2900538e-05 0)
(0 -1.1723313e-05 0)
(0 -1.0653468e-05 0)
(0 -9.6812172e-06 0)
(0 -8.797664e-06 0)
(0 -7.9947223e-06 0)
(0 -7.2650419e-06 0)
(0 -6.6019423e-06 0)
(0 -5.9993511e-06 0)
(0 -5.4517495e-06 0)
(0 -4.9541214e-06 0)
(0 -4.5019081e-06 0)
(0 -4.0909663e-06 0)
(0 -3.7175305e-06 0)
(0 -3.3781785e-06 0)
(0 -3.0698003e-06 0)
(0 -2.7895695e-06 0)
(0 -2.5349173e-06 0)
(0 -2.3035096e-06 0)
(0 -2.0932249e-06 0)
(0 -1.9021354e-06 0)
(0 -1.7284892e-06 0)
(0 -1.5706943e-06 0)
(0 -1.4273037e-06 0)
(0 -1.2970028e-06 0)
(0 -1.1785967e-06 0)
(0 -1.0709996e-06 0)
(0 -9.7322506e-07 0)
(0 -8.8437627e-07 0)
(0 -8.0363851e-07 0)
(0 -7.3027136e-07 0)
(0 -6.6360199e-07 0)
(0 -6.0301898e-07 0)
(0 -5.4796672e-07 0)
(0 -4.9794032e-07 0)
(0 -4.5248096e-07 0)
(0 -4.1117173e-07 0)
(0 -3.7363375e-07 0)
(0 -3.3952275e-07 0)
(0 -3.0852586e-07 0)
(0 -2.803588e-07 0)
(0 -2.5476323e-07 0)
(0 -2.3150438e-07 0)
(0 -2.1036892e-07 0)
(0 -1.9116301e-07 0)
(0 -1.7371048e-07 0)
(0 -1.5785127e-07 0)
(0 -1.4343991e-07 0)
(0 -1.3034421e-07 0)
(0 -1.1844407e-07 0)
(0 -1.0763033e-07 0)
(0 -9.7803815e-08 0)
(0 -8.8874381e-08 0)
(0 -8.0760132e-08 0)
(0 -7.3386642e-08 0)
(0 -6.6686278e-08 0)
(0 -6.0597584e-08 0)
(0 -5.5064712e-08 0)
(0 -5.0036913e-08 0)
(0 -4.5468071e-08 0)
(0 -4.1316278e-08 0)
(0 -3.7543454e-08 0)
(0 -3.4114992e-08 0)
(0 -3.0999446e-08 0)
(0 -2.8168239e-08 0)
(0 -2.5595401e-08 0)
(0 -2.3257335e-08 0)
(0 -2.1132594e-08 0)
(0 -1.9201689e-08 0)
(0 -1.7446909e-08 0)
(0 -1.585216e-08 0)
(0 -1.4402813e-08 0)
(0 -1.3085574e-08 0)
(0 -1.1888362e-08 0)
(0 -1.0800194e-08 0)
(0 -9.8110898e-09 0)
(0 -8.911977e-09 0)
(0 -8.0946085e-09 0)
(0 -7.3514869e-09 0)
(0 -6.6757962e-09 0)
(0 -6.0613386e-09 0)
(0 -5.502478e-09 0)
(0 -4.9940885e-09 0)
(0 -4.5315067e-09 0)
(0 -4.1104898e-09 0)
(0 -3.7271759e-09 0)
(0 -3.3780492e-09 0)
(0 -3.0599074e-09 0)
(0 -2.7698323e-09 0)
(0 -2.5051633e-09 0)
(0 -2.2634726e-09 0)
(0 -2.0425434e-09 0)
(0 -1.8403493e-09 0)
(0 -1.6550356e-09 0)
(0 -1.4849025e-09 0)
(0 -1.3283896e-09 0)
(0 -1.1840613e-09 0)
(0 -1.0505936e-09 0)
(0 -9.2676243e-10 0)
(0 -8.1143189e-10 0)
(0 -7.0354414e-10 0)
(0 -6.0210958e-10 0)
(0 -5.0619782e-10 0)
(0 -4.1492911e-10 0)
(0 -3.274663e-10 0)
(0 -2.4300715e-10 0)
(0 -1.6077696e-10 0)
(0 -8.0021487e-11 0)
(0 0 0)
(0 -0.00040473399 0)
(0 -0.00047639824 0)
(0 -0.00054286255 0)
(0 -0.00060174802 0)
(0 -0.00065225831 0)
(0 -0.00069463443 0)
(0 -0.00072965037 0)
(0 -0.000758269 0)
(0 -0.0007814478 0)
(0 -0.00080004655 0)
(0 -0.00081479396 0)
(0 -0.00082628387 0)
(0 -0.00083498444 0)
(0 -0.00084125104 0)
(0 -0.00084533874 0)
(0 -0.00084741244 0)
(0 -0.00084755389 0)
(0 -0.00084576566 0)
(0 -0.00084197239 0)
(0 -0.00083602004 0)
(0 -0.00082767483 0)
(0 -0.00081662474 0)
(0 -0.00080248901 0)
(0 -0.00078484425 0)
(0 -0.00076327929 0)
(0 -0.00073748997 0)
(0 -0.0007074117 0)
(0 -0.00067335287 0)
(0 -0.00063604697 0)
(0 -0.00059655083 0)
(0 -0.00055603376 0)
(0 -0.00051557787 0)
(0 -0.00047605853 0)
(0 -0.00043810882 0)
(0 -0.00040213888 0)
(0 -0.00036837891 0)
(0 -0.00033692563 0)
(0 -0.00030778274 0)
(0 -0.00028089245 0)
(0 -0.00025615857 0)
(0 -0.00023346276 0)
(0 -0.0002126756 0)
(0 -0.00019366402 0)
(0 -0.00017629602 0)
(0 -0.00016044378 0)
(0 -0.00014598544 0)
(0 -0.00013280612 0)
(0 -0.00012079837 0)
(0 -0.00010986231 0)
(0 -9.9905527e-05 0)
(0 -9.0842755e-05 0)
(0 -8.2595586e-05 0)
(0 -7.5092047e-05 0)
(0 -6.8266186e-05 0)
(0 -6.2057649e-05 0)
(0 -5.6411269e-05 0)
(0 -5.1276662e-05 0)
(0 -4.6607847e-05 0)
(0 -4.2362887e-05 0)
(0 -3.8503554e-05 0)
(0 -3.4995015e-05 0)
(0 -3.1805542e-05 0)
(0 -2.8906246e-05 0)
(0 -2.6270826e-05 0)
(0 -2.3875345e-05 0)
(0 -2.1698023e-05 0)
(0 -1.9719043e-05 0)
(0 -1.7920379e-05 0)
(0 -1.6285635e-05 0)
(0 -1.4799899e-05 0)
(0 -1.344961e-05 0)
(0 -1.2222439e-05 0)
(0 -1.1107174e-05 0)
(0 -1.0093621e-05 0)
(0 -9.1725149e-06 0)
(0 -8.3354304e-06 0)
(0 -7.5747097e-06 0)
(0 -6.8833917e-06 0)
(0 -6.2551487e-06 0)
(0 -5.6842292e-06 0)
(0 -5.1654058e-06 0)
(0 -4.6939269e-06 0)
(0 -4.2654741e-06 0)
(0 -3.8761224e-06 0)
(0 -3.5223048e-06 0)
(0 -3.2007792e-06 0)
(0 -2.9085994e-06 0)
(0 -2.6430876e-06 0)
(0 -2.4018103e-06 0)
(0 -2.1825561e-06 0)
(0 -1.9833151e-06 0)
(0 -1.8022609e-06 0)
(0 -1.6377336e-06 0)
(0 -1.4882249e-06 0)
(0 -1.3523639e-06 0)
(0 -1.2289051e-06 0)
(0 -1.1167164e-06 0)
(0 -1.0147691e-06 0)
(0 -9.2212838e-07 0)
(0 -8.3794472e-07 0)
(0 -7.6144614e-07 0)
(0 -6.9193112e-07 0)
(0 -6.2876218e-07 0)
(0 -5.7136e-07 0)
(0 -5.1919816e-07 0)
(0 -4.7179827e-07 0)
(0 -4.2872564e-07 0)
(0 -3.8958522e-07 0)
(0 -3.5401805e-07 0)
(0 -3.2169791e-07 0)
(0 -2.923284e-07 0)
(0 -2.6564013e-07 0)
(0 -2.4138833e-07 0)
(0 -2.1935058e-07 0)
(0 -1.9932474e-07 0)
(0 -1.8112713e-07 0)
(0 -1.6459086e-07 0)
(0 -1.4956425e-07 0)
(0 -1.3590948e-07 0)
(0 -1.235013e-07 0)
(0 -1.1222591e-07 0)
(0 -1.0197989e-07 0)
(0 -9.2669248e-08 0)
(0 -8.4208601e-08 0)
(0 -7.6520342e-08 0)
(0 -6.9533951e-08 0)
(0 -6.3185349e-08 0)
(0 -5.7416303e-08 0)
(0 -5.21739e-08 0)
(0 -4.7410054e-08 0)
(0 -4.3081069e-08 0)
(0 -3.914724e-08 0)
(0 -3.5572484e-08 0)
(0 -3.2324011e-08 0)
(0 -2.9372026e-08 0)
(0 -2.6689453e-08 0)
(0 -2.4251686e-08 0)
(0 -2.2036364e-08 0)
(0 -2.0023168e-08 0)
(0 -1.8193633e-08 0)
(0 -1.6530977e-08 0)
(0 -1.5019949e-08 0)
(0 -1.364669e-08 0)
(0 -1.2398604e-08 0)
(0 -1.1264243e-08 0)
(0 -1.0233203e-08 0)
(0 -9.2960247e-09 0)
(0 -8.4441138e-09 0)
(0 -7.6696557e-09 0)
(0 -6.9655468e-09 0)
(0 -6.3253286e-09 0)
(0 -5.743129e-09 0)
(0 -5.2136076e-09 0)
(0 -4.7319076e-09 0)
(0 -4.2936106e-09 0)
(0 -3.8946963e-09 0)
(0 -3.5315058e-09 0)
(0 -3.2007076e-09 0)
(0 -2.8992677e-09 0)
(0 -2.624421e-09 0)
(0 -2.3736466e-09 0)
(0 -2.1446443e-09 0)
(0 -1.9353135e-09 0)
(0 -1.7437342e-09 0)
(0 -1.5681491e-09 0)
(0 -1.4069478e-09 0)
(0 -1.2586515e-09 0)
(0 -1.1219002e-09 0)
(0 -9.9543932e-10 0)
(0 -8.7810905e-10 0)
(0 -7.6883316e-10 0)
(0 -6.6660932e-10 0)
(0 -5.704999e-10 0)
(0 -4.7962333e-10 0)
(0 -3.9314607e-10 0)
(0 -3.1027491e-10 0)
(0 -2.3024971e-10 0)
(0 -1.5233646e-10 0)
(0 -7.5820501e-11 0)
(0 0 0)
(0 -0.00037082974 0)
(0 -0.00043130064 0)
(0 -0.00048835911 0)
(0 -0.00054001055 0)
(0 -0.00058531684 0)
(0 -0.0006241385 0)
(0 -0.00065682908 0)
(0 -0.00068398634 0)
(0 -0.00070628573 0)
(0 -0.00072438361 0)
(0 -0.00073886819 0)
(0 -0.00075023936 0)
(0 -0.00075890425 0)
(0 -0.00076518003 0)
(0 -0.00076929957 0)
(0 -0.00077141724 0)
(0 -0.00077161369 0)
(0 -0.00076989935 0)
(0 -0.00076621665 0)
(0 -0.00076044194 0)
(0 -0.00075238844 0)
(0 -0.00074181313 0)
(0 -0.00072843127 0)
(0 -0.00071194465 0)
(0 -0.0006920893 0)
(0 -0.00066870566 0)
(0 -0.00064182358 0)
(0 -0.0006117358 0)
(0 -0.00057901694 0)
(0 -0.00054445856 0)
(0 -0.00050894319 0)
(0 -0.00047331595 0)
(0 -0.00043829577 0)
(0 -0.00040443655 0)
(0 -0.00037212689 0)
(0 -0.00034161154 0)
(0 -0.00031302074 0)
(0 -0.00028639912 0)
(0 -0.00026173055 0)
(0 -0.00023895778 0)
(0 -0.00021799718 0)
(0 -0.0001987495 0)
(0 -0.00018110752 0)
(0 -0.00016496124 0)
(0 -0.0001502015 0)
(0 -0.00013672232 0)
(0 -0.00012442231 0)
(0 -0.0001132056 0)
(0 -0.00010298228 0)
(0 -9.3668488e-05 0)
(0 -8.5186466e-05 0)
(0 -7.7464327e-05 0)
(0 -7.043583e-05 0)
(0 -6.4040077e-05 0)
(0 -5.8221193e-05 0)
(0 -5.2927986e-05 0)
(0 -4.8113619e-05 0)
(0 -4.3735283e-05 0)
(0 -3.9753882e-05 0)
(0 -3.6133742e-05 0)
(0 -3.2842325e-05 0)
(0 -2.9849975e-05 0)
(0 -2.7129668e-05 0)
(0 -2.4656793e-05 0)
(0 -2.2408937e-05 0)
(0 -2.0365701e-05 0)
(0 -1.8508519e-05 0)
(0 -1.6820497e-05 0)
(0 -1.5286266e-05 0)
(0 -1.3891845e-05 0)
(0 -1.2624517e-05 0)
(0 -1.1472721e-05 0)
(0 -1.0425938e-05 0)
(0 -9.4746087e-06 0)
(0 -8.6100385e-06 0)
(0 -7.8243239e-06 0)
(0 -7.1102795e-06 0)
(0 -6.4613734e-06 0)
(0 -5.871668e-06 0)
(0 -5.335766e-06 0)
(0 -4.8487616e-06 0)
(0 -4.4061957e-06 0)
(0 -4.0040153e-06 0)
(0 -3.6385367e-06 0)
(0 -3.3064121e-06 0)
(0 -3.0045987e-06 0)
(0 -2.7303309e-06 0)
(0 -2.4810956e-06 0)
(0 -2.2546086e-06 0)
(0 -2.0487942e-06 0)
(0 -1.8617658e-06 0)
(0 -1.6918091e-06 0)
(0 -1.5373661e-06 0)
(0 -1.3970209e-06 0)
(0 -1.2694868e-06 0)
(0 -1.1535946e-06 0)
(0 -1.0482817e-06 0)
(0 -9.5258237e-07 0)
(0 -8.6561919e-07 0)
(0 -7.8659471e-07 0)
(0 -7.1478428e-07 0)
(0 -6.4952939e-07 0)
(0 -5.9023163e-07 0)
(0 -5.363472e-07 0)
(0 -4.8738194e-07 0)
(0 -4.4288679e-07 0)
(0 -4.024537e-07 0)
(0 -3.6571184e-07 0)
(0 -3.3232424e-07 0)
(0 -3.0198469e-07 0)
(0 -2.7441493e-07 0)
(0 -2.4936211e-07 0)
(0 -2.2659646e-07 0)
(0 -2.0590916e-07 0)
(0 -1.8711048e-07 0)
(0 -1.7002801e-07 0)
(0 -1.5450506e-07 0)
(0 -1.4039926e-07 0)
(0 -1.2758123e-07 0)
(0 -1.1593341e-07 0)
(0 -1.0534895e-07 0)
(0 -9.5730787e-08 0)
(0 -8.6990688e-08 0)
(0 -7.9048494e-08 0)
(0 -7.1831355e-08 0)
(0 -6.5273076e-08 0)
(0 -5.9313503e-08 0)
(0 -5.3897972e-08 0)
(0 -4.8976811e-08 0)
(0 -4.4504883e-08 0)
(0 -4.0441169e-08 0)
(0 -3.6748395e-08 0)
(0 -3.3392692e-08 0)
(0 -3.0343278e-08 0)
(0 -2.7572184e-08 0)
(0 -2.5053992e-08 0)
(0 -2.2765605e-08 0)
(0 -2.0686032e-08 0)
(0 -1.87962e-08 0)
(0 -1.7078774e-08 0)
(0 -1.5518001e-08 0)
(0 -1.4099566e-08 0)
(0 -1.2810457e-08 0)
(0 -1.163885e-08 0)
(0 -1.0574e-08 0)
(0 -9.6061388e-09 0)
(0 -8.7263888e-09 0)
(0 -7.9266808e-09 0)
(0 -7.1996795e-09 0)
(0 -6.5387165e-09 0)
(0 -5.9377292e-09 0)
(0 -5.3912053e-09 0)
(0 -4.8941316e-09 0)
(0 -4.4419489e-09 0)
(0 -4.0305095e-09 0)
(0 -3.6560397e-09 0)
(0 -3.3151045e-09 0)
(0 -3.0045768e-09 0)
(0 -2.7216083e-09 0)
(0 -2.4636035e-09 0)
(0 -2.2281959e-09 0)
(0 -2.0132262e-09 0)
(0 -1.8167226e-09 0)
(0 -1.6368828e-09 0)
(0 -1.4720571e-09 0)
(0 -1.3207338e-09 0)
(0 -1.1815247e-09 0)
(0 -1.0531531e-09 0)
(0 -9.3444146e-10 0)
(0 -8.2430087e-10 0)
(0 -7.2172111e-10 0)
(0 -6.2576128e-10 0)
(0 -5.3554119e-10 0)
(0 -4.5023329e-10 0)
(0 -3.6905513e-10 0)
(0 -2.9126209e-10 0)
(0 -2.1614062e-10 0)
(0 -1.4300169e-10 0)
(0 -7.1174423e-11 0)
(0 0 0)
(0 -0.00033726051 0)
(0 -0.00038848221 0)
(0 -0.00043740855 0)
(0 -0.00048242085 0)
(0 -0.00052260372 0)
(0 -0.00055763481 0)
(0 -0.00058760778 0)
(0 -0.00061286253 0)
(0 -0.00063385481 0)
(0 -0.00065106895 0)
(0 -0.00066496552 0)
(0 -0.00067595328 0)
(0 -0.00068437631 0)
(0 -0.00069050993 0)
(0 -0.00069456099 0)
(0 -0.00069667021 0)
(0 -0.0006969149 0)
(0 -0.00069531186 0)
(0 -0.00069182012 0)
(0 -0.00068634443 0)
(0 -0.00067874073 0)
(0 -0.00066882545 0)
(0 -0.00065639174 0)
(0 -0.00064123568 0)
(0 -0.00062319502 0)
(0 -0.00060219974 0)
(0 -0.00057832647 0)
(0 -0.00055183974 0)
(0 -0.0005231972 0)
(0 -0.00049300649 0)
(0 -0.00046194643 0)
(0 -0.00043068259 0)
(0 -0.00039980278 0)
(0 -0.00036978189 0)
(0 -0.00034097324 0)
(0 -0.00031361724 0)
(0 -0.00028785893 0)
(0 -0.00026376789 0)
(0 -0.000241357 0)
(0 -0.00022059835 0)
(0 -0.00020143612 0)
(0 -0.00018379631 0)
(0 -0.00016759415 0)
(0 -0.00015273933 0)
(0 -0.00013913986 0)
(0 -0.00012670465 0)
(0 -0.00011534528 0)
(0 -0.00010497715 0)
(0 -9.5520176e-05 0)
(0 -8.6899151e-05 0)
(0 -7.9043875e-05 0)
(0 -7.1889153e-05 0)
(0 -6.5374667e-05 0)
(0 -5.9444781e-05 0)
(0 -5.4048309e-05 0)
(0 -4.9138249e-05 0)
(0 -4.467152e-05 0)
(0 -4.0608682e-05 0)
(0 -3.6913673e-05 0)
(0 -3.3553548e-05 0)
(0 -3.0498234e-05 0)
(0 -2.7720301e-05 0)
(0 -2.5194736e-05 0)
(0 -2.2898747e-05 0)
(0 -2.0811573e-05 0)
(0 -1.8914306e-05 0)
(0 -1.7189734e-05 0)
(0 -1.562219e-05 0)
(0 -1.4197419e-05 0)
(0 -1.290245e-05 0)
(0 -1.1725485e-05 0)
(0 -1.0655793e-05 0)
(0 -9.683613e-06 0)
(0 -8.8000703e-06 0)
(0 -7.9970947e-06 0)
(0 -7.2673485e-06 0)
(0 -6.6041607e-06 0)
(0 -6.0014667e-06 0)
(0 -5.4537531e-06 0)
(0 -4.9560083e-06 0)
(0 -4.5036768e-06 0)
(0 -4.0926177e-06 0)
(0 -3.7190673e-06 0)
(0 -3.3796046e-06 0)
(0 -3.0711204e-06 0)
(0 -2.7907889e-06 0)
(0 -2.5360417e-06 0)
(0 -2.3045447e-06 0)
(0 -2.0941764e-06 0)
(0 -1.9030091e-06 0)
(0 -1.7292906e-06 0)
(0 -1.5714285e-06 0)
(0 -1.427976e-06 0)
(0 -1.2976178e-06 0)
(0 -1.1791589e-06 0)
(0 -1.0715134e-06 0)
(0 -9.7369421e-07 0)
(0 -8.848045e-07 0)
(0 -8.0402922e-07 0)
(0 -7.3062771e-07 0)
(0 -6.6392688e-07 0)
(0 -6.033151e-07 0)
(0 -5.4823655e-07 0)
(0 -4.9818613e-07 0)
(0 -4.5270484e-07 0)
(0 -4.113756e-07 0)
(0 -3.7381937e-07 0)
(0 -3.3969172e-07 0)
(0 -3.0867967e-07 0)
(0 -2.8049879e-07 0)
(0 -2.5489063e-07 0)
(0 -2.3162032e-07 0)
(0 -2.1047443e-07 0)
(0 -1.9125902e-07 0)
(0 -1.7379786e-07 0)
(0 -1.5793079e-07 0)
(0 -1.4351228e-07 0)
(0 -1.304101e-07 0)
(0 -1.1850405e-07 0)
(0 -1.0768496e-07 0)
(0 -9.7853573e-08 0)
(0 -8.8919724e-08 0)
(0 -8.080147e-08 0)
(0 -7.342435e-08 0)
(0 -6.6720699e-08 0)
(0 -6.062903e-08 0)
(0 -5.5093469e-08 0)
(0 -5.0063244e-08 0)
(0 -4.5492214e-08 0)
(0 -4.1338455e-08 0)
(0 -3.7563866e-08 0)
(0 -3.4133826e-08 0)
(0 -3.1016874e-08 0)
(0 -2.818442e-08 0)
(0 -2.5610483e-08 0)
(0 -2.3271456e-08 0)
(0 -2.1145882e-08 0)
(0 -1.9214267e-08 0)
(0 -1.7458893e-08 0)
(0 -1.5863658e-08 0)
(0 -1.441393e-08 0)
(0 -1.3096413e-08 0)
(0 -1.1899022e-08 0)
(0 -1.0810772e-08 0)
(0 -9.8216839e-09 0)
(0 -8.9226838e-09 0)
(0 -8.1055261e-09 0)
(0 -7.3627155e-09 0)
(0 -6.6874387e-09 0)
(0 -6.0735017e-09 0)
(0 -5.5152734e-09 0)
(0 -5.0076333e-09 0)
(0 -4.5459253e-09 0)
(0 -4.1259144e-09 0)
(0 -3.743748e-09 0)
(0 -3.3959208e-09 0)
(0 -3.0792424e-09 0)
(0 -2.790808e-09 0)
(0 -2.5279721e-09 0)
(0 -2.2883238e-09 0)
(0 -2.0696649e-09 0)
(0 -1.8699898e-09 0)
(0 -1.687467e-09 0)
(0 -1.5204224e-09 0)
(0 -1.3673237e-09 0)
(0 -1.2267666e-09 0)
(0 -1.097462e-09 0)
(0 -9.782237e-10 0)
(0 -8.679581e-10 0)
(0 -7.6565376e-10 0)
(0 -6.7037232e-10 0)
(0 -5.8123981e-10 0)
(0 -4.9743866e-10 0)
(0 -4.1820023e-10 0)
(0 -3.4279771e-10 0)
(0 -2.7053946e-10 0)
(0 -2.0076271e-10 0)
(0 -1.3282745e-10 0)
(0 -6.6110527e-11 0)
(0 0 0)
(0 -0.00030379072 0)
(0 -0.00034720035 0)
(0 -0.00038903072 0)
(0 -0.00042798825 0)
(0 -0.00046324974 0)
(0 -0.00049442447 0)
(0 -0.00052145589 0)
(0 -0.00054451016 0)
(0 -0.00056387956 0)
(0 -0.00057991009 0)
(0 -0.00059295275 0)
(0 -0.00060333333 0)
(0 -0.00061133555 0)
(0 -0.00061719256 0)
(0 -0.00062108373 0)
(0 -0.00062313423 0)
(0 -0.00062341627 0)
(0 -0.00062195116 0)
(0 -0.00061871227 0)
(0 -0.00061362931 0)
(0 -0.00060659478 0)
(0 -0.00059747418 0)
(0 -0.00058612156 0)
(0 -0.00057240218 0)
(0 -0.00055622282 0)
(0 -0.00053756766 0)
(0 -0.00051653345 0)
(0 -0.00049335294 0)
(0 -0.00046839461 0)
(0 -0.0004421332 0)
(0 -0.0004150983 0)
(0 -0.00038781778 0)
(0 -0.00036077098 0)
(0 -0.00033435954 0)
(0 -0.00030889584 0)
(0 -0.0002846047 0)
(0 -0.00026163313 0)
(0 -0.00024006356 0)
(0 -0.00021992753 0)
(0 -0.0002012183 0)
(0 -0.00018390146 0)
(0 -0.00016792357 0)
(0 -0.00015321885 0)
(0 -0.00013971427 0)
(0 -0.00012733328 0)
(0 -0.00011599857 0)
(0 -0.00010563394 0)
(0 -9.6165611e-05 0)
(0 -8.7523115e-05 0)
(0 -7.9639764e-05 0)
(0 -7.245295e-05 0)
(0 -6.5904244e-05 0)
(0 -5.9939371e-05 0)
(0 -5.4508109e-05 0)
(0 -4.9564125e-05 0)
(0 -4.5064785e-05 0)
(0 -4.0970933e-05 0)
(0 -3.7246673e-05 0)
(0 -3.3859139e-05 0)
(0 -3.0778275e-05 0)
(0 -2.7976621e-05 0)
(0 -2.5429111e-05 0)
(0 -2.3112874e-05 0)
(0 -2.1007061e-05 0)
(0 -1.9092668e-05 0)
(0 -1.7352386e-05 0)
(0 -1.577045e-05 0)
(0 -1.4332508e-05 0)
(0 -1.3025498e-05 0)
(0 -1.1837533e-05 0)
(0 -1.0757799e-05 0)
(0 -9.7764573e-06 0)
(0 -8.88456e-06 0)
(0 -8.0739691e-06 0)
(0 -7.337284e-06 0)
(0 -6.6677757e-06 0)
(0 -6.059326e-06 0)
(0 -5.5063725e-06 0)
(0 -5.0038582e-06 0)
(0 -4.5471862e-06 0)
(0 -4.1321777e-06 0)
(0 -3.7550342e-06 0)
(0 -3.4123031e-06 0)
(0 -3.1008461e-06 0)
(0 -2.8178109e-06 0)
(0 -2.5606051e-06 0)
(0 -2.3268723e-06 0)
(0 -2.1144713e-06 0)
(0 -1.9214557e-06 0)
(0 -1.7460568e-06 0)
(0 -1.5866672e-06 0)
(0 -1.4418259e-06 0)
(0 -1.3102054e-06 0)
(0 -1.1905991e-06 0)
(0 -1.0819105e-06 0)
(0 -9.8314329e-07 0)
(0 -8.9339188e-07 0)
(0 -8.118334e-07 0)
(0 -7.3772005e-07 0)
(0 -6.7037226e-07 0)
(0 -6.0917249e-07 0)
(0 -5.5355955e-07 0)
(0 -5.0302347e-07 0)
(0 -4.5710081e-07 0)
(0 -4.1537044e-07 0)
(0 -3.7744967e-07 0)
(0 -3.4299075e-07 0)
(0 -3.1167763e-07 0)
(0 -2.8322316e-07 0)
(0 -2.5736636e-07 0)
(0 -2.338701e-07 0)
(0 -2.1251889e-07 0)
(0 -1.9311689e-07 0)
(0 -1.7548617e-07 0)
(0 -1.5946501e-07 0)
(0 -1.4490649e-07 0)
(0 -1.3167706e-07 0)
(0 -1.196554e-07 0)
(0 -1.0873123e-07 0)
(0 -9.8804373e-08 0)
(0 -8.9783768e-08 0)
(0 -8.1586681e-08 0)
(0 -7.4137927e-08 0)
(0 -6.7369186e-08 0)
(0 -6.1218374e-08 0)
(0 -5.5629074e-08 0)
(0 -5.0550022e-08 0)
(0 -4.593463e-08 0)
(0 -4.1740565e-08 0)
(0 -3.7929358e-08 0)
(0 -3.4466052e-08 0)
(0 -3.1318881e-08 0)
(0 -2.8458978e-08 0)
(0 -2.586011e-08 0)
(0 -2.3498441e-08 0)
(0 -2.1352308e-08 0)
(0 -1.9402027e-08 0)
(0 -1.7629708e-08 0)
(0 -1.6019096e-08 0)
(0 -1.4555416e-08 0)
(0 -1.3225245e-08 0)
(0 -1.2016381e-08 0)
(0 -1.0917735e-08 0)
(0 -9.9192317e-09 0)
(0 -9.0117112e-09 0)
(0 -8.1868497e-09 0)
(0 -7.4370812e-09 0)
(0 -6.7555286e-09 0)
(0 -6.1359403e-09 0)
(0 -5.5726334e-09 0)
(0 -5.060441e-09 0)
(0 -4.5946649e-09 0)
(0 -4.1710329e-09 0)
(0 -3.7856594e-09 0)
(0 -3.4350094e-09 0)
(0 -3.1158668e-09 0)
(0 -2.8253041e-09 0)
(0 -2.5606563e-09 0)
(0 -2.3194959e-09 0)
(0 -2.0996108e-09 0)
(0 -1.8989842e-09 0)
(0 -1.7157759e-09 0)
(0 -1.5483054e-09 0)
(0 -1.3950365e-09 0)
(0 -1.2545635e-09 0)
(0 -1.1255979e-09 0)
(0 -1.0069567e-09 0)
(0 -8.9755177e-10 0)
(0 -7.9637953e-10 0)
(0 -7.02512e-10 0)
(0 -6.1508821e-10 0)
(0 -5.3330625e-10 0)
(0 -4.56416e-10 0)
(0 -3.8371219e-10 0)
(0 -3.1452794e-10 0)
(0 -2.4822867e-10 0)
(0 -1.8420626e-10 0)
(0 -1.2187346e-10 0)
(0 -6.0658539e-11 0)
(0 0 0)
(0 -0.00027030639 0)
(0 -0.00030697823 0)
(0 -0.00034254181 0)
(0 -0.0003759719 0)
(0 -0.00040656035 0)
(0 -0.00043391168 0)
(0 -0.00045789108 0)
(0 -0.00047855343 0)
(0 -0.00049607419 0)
(0 -0.00051069255 0)
(0 -0.00052266929 0)
(0 -0.00053225821 0)
(0 -0.00053968804 0)
(0 -0.00054515187 0)
(0 -0.00054880178 0)
(0 -0.00055074666 0)
(0 -0.0005510522 0)
(0 -0.00054974232 0)
(0 -0.000546802 0)
(0 -0.00054218166 0)
(0 -0.00053580383 0)
(0 -0.00052757296 0)
(0 -0.00051738934 0)
(0 -0.0005051678 0)
(0 -0.00049086089 0)
(0 -0.00047448424 0)
(0 -0.00045613944 0)
(0 -0.00043602764 0)
(0 -0.00041444722 0)
(0 -0.00039177311 0)
(0 -0.00036842236 0)
(0 -0.00034481534 0)
(0 -0.00032134181 0)
(0 -0.00029833766 0)
(0 -0.00027607321 0)
(0 -0.00025475145 0)
(0 -0.00023451283 0)
(0 -0.00021544374 0)
(0 -0.00019758633 0)
(0 -0.00018094811 0)
(0 -0.00016551057 0)
(0 -0.00015123649 0)
(0 -0.00013807581 0)
(0 -0.00012597035 0)
(0 -0.00011485726 0)
(0 -0.00010467176 0)
(0 -9.5349041e-05 0)
(0 -8.6825605e-05 0)
(0 -7.9040243e-05 0)
(0 -7.1934622e-05 0)
(0 -6.5453658e-05 0)
(0 -5.9545696e-05 0)
(0 -5.4162575e-05 0)
(0 -4.9259585e-05 0)
(0 -4.4795375e-05 0)
(0 -4.0731811e-05 0)
(0 -3.7033811e-05 0)
(0 -3.3669162e-05 0)
(0 -3.0608338e-05 0)
(0 -2.7824308e-05 0)
(0 -2.5292357e-05 0)
(0 -2.2989906e-05 0)
(0 -2.0896342e-05 0)
(0 -1.8992865e-05 0)
(0 -1.7262333e-05 0)
(0 -1.5689124e-05 0)
(0 -1.4259009e-05 0)
(0 -1.2959029e-05 0)
(0 -1.1777388e-05 0)
(0 -1.0703349e-05 0)
(0 -9.7271414e-06 0)
(0 -8.8398774e-06 0)
(0 -8.033471e-06 0)
(0 -7.300568e-06 0)
(0 -6.6344801e-06 0)
(0 -6.0291254e-06 0)
(0 -5.4789738e-06 0)
(0 -4.9789971e-06 0)
(0 -4.5246242e-06 0)
(0 -4.1116994e-06 0)
(0 -3.736445e-06 0)
(0 -3.3954268e-06 0)
(0 -3.0855235e-06 0)
(0 -2.8038977e-06 0)
(0 -2.5479707e-06 0)
(0 -2.3153985e-06 0)
(0 -2.1040507e-06 0)
(0 -1.9119912e-06 0)
(0 -1.7374603e-06 0)
(0 -1.5788587e-06 0)
(0 -1.4347329e-06 0)
(0 -1.3037621e-06 0)
(0 -1.1847458e-06 0)
(0 -1.076593e-06 0)
(0 -9.7831246e-07 0)
(0 -8.8900306e-07 0)
(0 -8.0784607e-07 0)
(0 -7.3409742e-07 0)
(0 -6.6708091e-07 0)
(0 -6.0618209e-07 0)
(0 -5.5084253e-07 0)
(0 -5.0055481e-07 0)
(0 -4.5485779e-07 0)
(0 -4.1333242e-07 0)
(0 -3.755979e-07 0)
(0 -3.4130818e-07 0)
(0 -3.101488e-07 0)
(0 -2.8183401e-07 0)
(0 -2.5610413e-07 0)
(0 -2.3272319e-07 0)
(0 -2.1147675e-07 0)
(0 -1.9216995e-07 0)
(0 -1.7462574e-07 0)
(0 -1.5868319e-07 0)
(0 -1.4419609e-07 0)
(0 -1.3103156e-07 0)
(0 -1.1906887e-07 0)
(0 -1.081983e-07 0)
(0 -9.8320136e-08 0)
(0 -8.9343784e-08 0)
(0 -8.1186912e-08 0)
(0 -7.3774704e-08 0)
(0 -6.7039175e-08 0)
(0 -6.0918547e-08 0)
(0 -5.535668e-08 0)
(0 -5.0302561e-08 0)
(0 -4.5709831e-08 0)
(0 -4.1536366e-08 0)
(0 -3.7743886e-08 0)
(0 -3.4297604e-08 0)
(0 -3.1165912e-08 0)
(0 -2.8320085e-08 0)
(0 -2.5734019e-08 0)
(0 -2.3383994e-08 0)
(0 -2.1248456e-08 0)
(0 -1.9307816e-08 0)
(0 -1.7544275e-08 0)
(0 -1.5941657e-08 0)
(0 -1.4485261e-08 0)
(0 -1.316173e-08 0)
(0 -1.1958923e-08 0)
(0 -1.0865808e-08 0)
(0 -9.8723583e-09 0)
(0 -8.9694618e-09 0)
(0 -8.1488367e-09 0)
(0 -7.402956e-09 0)
(0 -6.7249781e-09 0)
(0 -6.1086844e-09 0)
(0 -5.548422e-09 0)
(0 -5.0390519e-09 0)
(0 -4.575902e-09 0)
(0 -4.1547242e-09 0)
(0 -3.7716552e-09 0)
(0 -3.4231812e-09 0)
(0 -3.1061061e-09 0)
(0 -2.8175215e-09 0)
(0 -2.5547803e-09 0)
(0 -2.3154726e-09 0)
(0 -2.0974034e-09 0)
(0 -1.8985724e-09 0)
(0 -1.7171559e-09 0)
(0 -1.5514898e-09 0)
(0 -1.4000546e-09 0)
(0 -1.2614613e-09 0)
(0 -1.1344387e-09 0)
(0 -1.0178215e-09 0)
(0 -9.105403e-10 0)
(0 -8.116109e-10 0)
(0 -7.2012593e-10 0)
(0 -6.3524626e-10 0)
(0 -5.5619332e-10 0)
(0 -4.8224201e-10 0)
(0 -4.1271403e-10 0)
(0 -3.4697163e-10 0)
(0 -2.8441179e-10 0)
(0 -2.244607e-10 0)
(0 -1.6656845e-10 0)
(0 -1.1020404e-10 0)
(0 -5.4850465e-11 0)
(0 0 0)
(0 -0.00023675691 0)
(0 -0.00026750153 0)
(0 -0.00029745609 0)
(0 -0.00032581331 0)
(0 -0.0003519815 0)
(0 -0.00037559403 0)
(0 -0.00039648377 0)
(0 -0.00041463891 0)
(0 -0.00043015486 0)
(0 -0.0004431911 0)
(0 -0.00045393675 0)
(0 -0.00046258527 0)
(0 -0.00046931715 0)
(0 -0.00047428895 0)
(0 -0.00047762683 0)
(0 -0.00047942341 0)
(0 -0.00047973691 0)
(0 -0.00047859206 0)
(0 -0.00047598256 0)
(0 -0.00047187524 0)
(0 -0.00046621631 0)
(0 -0.00045894015 0)
(0 -0.00044998117 0)
(0 -0.0004392888 0)
(0 -0.00042684489 0)
(0 -0.00041268169 0)
(0 -0.00039689685 0)
(0 -0.00037966142 0)
(0 -0.00036121695 0)
(0 -0.00034186087 0)
(0 -0.00032192277 0)
(0 -0.0003017374 0)
(0 -0.00028162006 0)
(0 -0.00026184835 0)
(0 -0.00024265177 0)
(0 -0.00022420833 0)
(0 -0.00020664646 0)
(0 -0.00019005021 0)
(0 -0.00017446612 0)
(0 -0.0001599104 0)
(0 -0.00014637573 0)
(0 -0.00013383728 0)
(0 -0.00012225777 0)
(0 -0.00011159153 0)
(0 -0.00010178773 0)
(0 -9.2792895e-05 0)
(0 -8.4552681e-05 0)
(0 -7.7013287e-05 0)
(0 -7.0122375e-05 0)
(0 -6.3829728e-05 0)
(0 -5.8087663e-05 0)
(0 -5.2851265e-05 0)
(0 -4.8078504e-05 0)
(0 -4.3730249e-05 0)
(0 -3.9770217e-05 0)
(0 -3.6164881e-05 0)
(0 -3.2883345e-05 0)
(0 -2.9897204e-05 0)
(0 -2.7180389e-05 0)
(0 -2.4709012e-05 0)
(0 -2.2461215e-05 0)
(0 -2.0417013e-05 0)
(0 -1.8558155e-05 0)
(0 -1.6867986e-05 0)
(0 -1.5331311e-05 0)
(0 -1.3934283e-05 0)
(0 -1.2664282e-05 0)
(0 -1.1509814e-05 0)
(0 -1.0460413e-05 0)
(0 -9.5065518e-06 0)
(0 -8.6395601e-06 0)
(0 -7.8515486e-06 0)
(0 -7.1353399e-06 0)
(0 -6.4844053e-06 0)
(0 -5.892807e-06 0)
(0 -5.3551452e-06 0)
(0 -4.8665095e-06 0)
(0 -4.4224353e-06 0)
(0 -4.0188635e-06 0)
(0 -3.6521036e-06 0)
(0 -3.318801e-06 0)
(0 -3.0159059e-06 0)
(0 -2.7406462e-06 0)
(0 -2.4905021e-06 0)
(0 -2.2631834e-06 0)
(0 -2.0566082e-06 0)
(0 -1.8688846e-06 0)
(0 -1.6982929e-06 0)
(0 -1.5432701e-06 0)
(0 -1.4023959e-06 0)
(0 -1.2743794e-06 0)
(0 -1.1580473e-06 0)
(0 -1.0523334e-06 0)
(0 -9.562688e-07 0)
(0 -8.6897284e-07 0)
(0 -7.896453e-07 0)
(0 -7.1755894e-07 0)
(0 -6.5205286e-07 0)
(0 -5.9252647e-07 0)
(0 -5.3843398e-07 0)
(0 -4.892794e-07 0)
(0 -4.4461203e-07 0)
(0 -4.0402226e-07 0)
(0 -3.6713789e-07 0)
(0 -3.3362068e-07 0)
(0 -3.0316326e-07 0)
(0 -2.7548632e-07 0)
(0 -2.5033605e-07 0)
(0 -2.2748178e-07 0)
(0 -2.0671393e-07 0)
(0 -1.8784202e-07 0)
(0 -1.7069298e-07 0)
(0 -1.5510952e-07 0)
(0 -1.4094872e-07 0)
(0 -1.2808071e-07 0)
(0 -1.1638746e-07 0)
(0 -1.0576173e-07 0)
(0 -9.6106056e-08 0)
(0 -8.7331881e-08 0)
(0 -7.9358729e-08 0)
(0 -7.2113471e-08 0)
(0 -6.5529653e-08 0)
(0 -5.9546887e-08 0)
(0 -5.4110301e-08 0)
(0 -4.9170029e-08 0)
(0 -4.4680758e-08 0)
(0 -4.0601311e-08 0)
(0 -3.6894272e-08 0)
(0 -3.3525639e-08 0)
(0 -3.0464514e-08 0)
(0 -2.7682819e-08 0)
(0 -2.5155041e-08 0)
(0 -2.2857993e-08 0)
(0 -2.0770607e-08 0)
(0 -1.8873736e-08 0)
(0 -1.7149981e-08 0)
(0 -1.5583533e-08 0)
(0 -1.4160023e-08 0)
(0 -1.2866394e-08 0)
(0 -1.169078e-08 0)
(0 -1.0622398e-08 0)
(0 -9.6514492e-09 0)
(0 -8.7690272e-09 0)
(0 -7.9670381e-09 0)
(0 -7.2381258e-09 0)
(0 -6.5756045e-09 0)
(0 -5.9733972e-09 0)
(0 -5.4259802e-09 0)
(0 -4.9283325e-09 0)
(0 -4.4758895e-09 0)
(0 -4.0645011e-09 0)
(0 -3.6903939e-09 0)
(0 -3.3501365e-09 0)
(0 -3.0406079e-09 0)
(0 -2.758969e-09 0)
(0 -2.5026364e-09 0)
(0 -2.2692591e-09 0)
(0 -2.0566963e-09 0)
(0 -1.8629984e-09 0)
(0 -1.6863887e-09 0)
(0 -1.5252472e-09 0)
(0 -1.3780959e-09 0)
(0 -1.2435851e-09 0)
(0 -1.1204809e-09 0)
(0 -1.0076543e-09 0)
(0 -9.0407023e-10 0)
(0 -8.0877869e-10 0)
(0 -7.209056e-10 0)
(0 -6.3964495e-10 0)
(0 -5.6425139e-10 0)
(0 -4.9403338e-10 0)
(0 -4.2834684e-10 0)
(0 -3.6658928e-10 0)
(0 -3.0819422e-10 0)
(0 -2.5262605e-10 0)
(0 -1.9937506e-10 0)
(0 -1.4795283e-10 0)
(0 -9.7887682e-11 0)
(0 -4.8720399e-11 0)
(0 0 0)
(0 -0.00020312481 0)
(0 -0.00022855746 0)
(0 -0.0002534212 0)
(0 -0.00027708585 0)
(0 -0.0002990688 0)
(0 -0.00031904881 0)
(0 -0.00033685497 0)
(0 -0.00035243986 0)
(0 -0.00036584669 0)
(0 -0.00037717753 0)
(0 -0.00038656615 0)
(0 -0.00039415683 0)
(0 -0.00040008899 0)
(0 -0.00040448675 0)
(0 -0.00040745241 0)
(0 -0.00040906285 0)
(0 -0.00040936825 0)
(0 -0.00040839254 0)
(0 -0.00040613544 0)
(0 -0.00040257617 0)
(0 -0.00039767888 0)
(0 -0.00039140022 0)
(0 -0.00038369902 0)
(0 -0.000374548 0)
(0 -0.00036394674 0)
(0 -0.0003519343 0)
(0 -0.00033859927 0)
(0 -0.00032408441 0)
(0 -0.00030858397 0)
(0 -0.00029233311 0)
(0 -0.0002755915 0)
(0 -0.00025862414 0)
(0 -0.00024168361 0)
(0 -0.000224996 0)
(0 -0.00020875216 0)
(0 -0.0001931039 0)
(0 -0.00017816422 0)
(0 -0.00016401046 0)
(0 -0.00015068889 0)
(0 -0.00013822002 0)
(0 -0.00012660387 0)
(0 -0.00011582477 0)
(0 -0.00010585553 0)
(0 -9.6660948e-05 0)
(0 -8.8200626e-05 0)
(0 -8.0431168e-05 0)
(0 -7.330787e-05 0)
(0 -6.6785991e-05 0)
(0 -6.0821653e-05 0)
(0 -5.5372488e-05 0)
(0 -5.0398058e-05 0)
(0 -4.5860118e-05 0)
(0 -4.1722759e-05 0)
(0 -3.7952457e-05 0)
(0 -3.4518057e-05 0)
(0 -3.1390721e-05 0)
(0 -2.854383e-05 0)
(0 -2.595288e-05 0)
(0 -2.3595361e-05 0)
(0 -2.1450627e-05 0)
(0 -1.9499771e-05 0)
(0 -1.7725499e-05 0)
(0 -1.6112008e-05 0)
(0 -1.4644869e-05 0)
(0 -1.3310916e-05 0)
(0 -1.2098145e-05 0)
(0 -1.0995614e-05 0)
(0 -9.9933561e-06 0)
(0 -9.0822925e-06 0)
(0 -8.2541585e-06 0)
(0 -7.5014316e-06 0)
(0 -6.817266e-06 0)
(0 -6.1954333e-06 0)
(0 -5.6302673e-06 0)
(0 -5.1166146e-06 0)
(0 -4.6497882e-06 0)
(0 -4.2255259e-06 0)
(0 -3.8399521e-06 0)
(0 -3.4895431e-06 0)
(0 -3.1710953e-06 0)
(0 -2.8816962e-06 0)
(0 -2.6186983e-06 0)
(0 -2.3796949e-06 0)
(0 -2.1624984e-06 0)
(0 -1.9651202e-06 0)
(0 -1.785753e-06 0)
(0 -1.6227541e-06 0)
(0 -1.4746304e-06 0)
(0 -1.3400249e-06 0)
(0 -1.2177043e-06 0)
(0 -1.1065479e-06 0)
(0 -1.0055369e-06 0)
(0 -9.1374557e-07 0)
(0 -8.3033261e-07 0)
(0 -7.5453343e-07 0)
(0 -6.8565319e-07 0)
(0 -6.2306042e-07 0)
(0 -5.6618129e-07 0)
(0 -5.1449432e-07 0)
(0 -4.675256e-07 0)
(0 -4.2484447e-07 0)
(0 -3.8605957e-07 0)
(0 -3.5081527e-07 0)
(0 -3.1878837e-07 0)
(0 -2.8968519e-07 0)
(0 -2.6323884e-07 0)
(0 -2.3920678e-07 0)
(0 -2.1736864e-07 0)
(0 -1.9752413e-07 0)
(0 -1.7949126e-07 0)
(0 -1.6310466e-07 0)
(0 -1.4821402e-07 0)
(0 -1.346828e-07 0)
(0 -1.2238687e-07 0)
(0 -1.1121349e-07 0)
(0 -1.0106015e-07 0)
(0 -9.1833748e-08 0)
(0 -8.3449654e-08 0)
(0 -7.5830971e-08 0)
(0 -6.8907822e-08 0)
(0 -6.2616708e-08 0)
(0 -5.6899927e-08 0)
(0 -5.1705045e-08 0)
(0 -4.6984414e-08 0)
(0 -4.2694737e-08 0)
(0 -3.8796667e-08 0)
(0 -3.5254451e-08 0)
(0 -3.2035599e-08 0)
(0 -2.9110588e-08 0)
(0 -2.6452588e-08 0)
(0 -2.403722e-08 0)
(0 -2.1842329e-08 0)
(0 -1.9847784e-08 0)
(0 -1.8035289e-08 0)
(0 -1.6388221e-08 0)
(0 -1.4891471e-08 0)
(0 -1.3531311e-08 0)
(0 -1.2295265e-08 0)
(0 -1.1171996e-08 0)
(0 -1.0151201e-08 0)
(0 -9.2235163e-09 0)
(0 -8.3804334e-09 0)
(0 -7.6142191e-09 0)
(0 -6.9178453e-09 0)
(0 -6.2849248e-09 0)
(0 -5.709652e-09 0)
(0 -5.1867504e-09 0)
(0 -4.7114237e-09 0)
(0 -4.2793121e-09 0)
(0 -3.886452e-09 0)
(0 -3.5292401e-09 0)
(0 -3.2043997e-09 0)
(0 -2.9089514e-09 0)
(0 -2.6401851e-09 0)
(0 -2.3956357e-09 0)
(0 -2.1730601e-09 0)
(0 -1.9704166e-09 0)
(0 -1.7858466e-09 0)
(0 -1.617657e-09 0)
(0 -1.4643054e-09 0)
(0 -1.3243849e-09 0)
(0 -1.1966122e-09 0)
(0 -1.0798153e-09 0)
(0 -9.7292291e-10 0)
(0 -8.7495459e-10 0)
(0 -7.850117e-10 0)
(0 -7.0226927e-10 0)
(0 -6.2596834e-10 0)
(0 -5.5540904e-10 0)
(0 -4.8994419e-10 0)
(0 -4.289733e-10 0)
(0 -3.7193713e-10 0)
(0 -3.1831252e-10 0)
(0 -2.6760761e-10 0)
(0 -2.193573e-10 0)
(0 -1.7311903e-10 0)
(0 -1.2846868e-10 0)
(0 -8.499669e-11 0)
(0 -4.2304329e-11 0)
(0 0 0)
(0 -0.00016940989 0)
(0 -0.00018999772 0)
(0 -0.00021017528 0)
(0 -0.00022945785 0)
(0 -0.00024746184 0)
(0 -0.00026391856 0)
(0 -0.0002786707 0)
(0 -0.00029165638 0)
(0 -0.00030288722 0)
(0 -0.0003124254 0)
(0 -0.00032036303 0)
(0 -0.00032680517 0)
(0 -0.00033185688 0)
(0 -0.0003356141 0)
(0 -0.00033815755 0)
(0 -0.00033954925 0)
(0 -0.00033983103 0)
(0 -0.00033902466 0)
(0 -0.00033713352 0)
(0 -0.00033414563 0)
(0 -0.00033003826 0)
(0 -0.00032478401 0)
(0 -0.00031835855 0)
(0 -0.0003107495 0)
(0 -0.00030196594 0)
(0 -0.00029204733 0)
(0 -0.00028107012 0)
(0 -0.00026915055 0)
(0 -0.00025644234 0)
(0 -0.00024312911 0)
(0 -0.00022941285 0)
(0 -0.00021550041 0)
(0 -0.00020159065 0)
(0 -0.00018786383 0)
(0 -0.00017447461 0)
(0 -0.00016154839 0)
(0 -0.00014918081 0)
(0 -0.00013743944 0)
(0 -0.00012636689 0)
(0 -0.00011598461 0)
(0 -0.00010629682 0)
(0 -9.7294306e-05 0)
(0 -8.8957757e-05 0)
(0 -8.1260623e-05 0)
(0 -7.4171495e-05 0)
(0 -6.7655988e-05 0)
(0 -6.1678216e-05 0)
(0 -5.6201913e-05 0)
(0 -5.1191252e-05 0)
(0 -4.661144e-05 0)
(0 -4.2429114e-05 0)
(0 -3.8612611e-05 0)
(0 -3.5132106e-05 0)
(0 -3.1959692e-05 0)
(0 -2.9069381e-05 0)
(0 -2.6437078e-05 0)
(0 -2.4040513e-05 0)
(0 -2.1859162e-05 0)
(0 -1.9874152e-05 0)
(0 -1.806816e-05 0)
(0 -1.6425314e-05 0)
(0 -1.4931087e-05 0)
(0 -1.3572197e-05 0)
(0 -1.2336513e-05 0)
(0 -1.1212965e-05 0)
(0 -1.0191453e-05 0)
(0 -9.2627721e-06 0)
(0 -8.4185337e-06 0)
(0 -7.651097e-06 0)
(0 -6.9535048e-06 0)
(0 -6.3194239e-06 0)
(0 -5.7430905e-06 0)
(0 -5.2192599e-06 0)
(0 -4.7431609e-06 0)
(0 -4.3104535e-06 0)
(0 -3.9171903e-06 0)
(0 -3.5597816e-06 0)
(0 -3.2349634e-06 0)
(0 -2.9397675e-06 0)
(0 -2.6714957e-06 0)
(0 -2.4276946e-06 0)
(0 -2.2061343e-06 0)
(0 -2.0047873e-06 0)
(0 -1.8218109e-06 0)
(0 -1.65553e-06 0)
(0 -1.5044221e-06 0)
(0 -1.3671034e-06 0)
(0 -1.2423162e-06 0)
(0 -1.1289173e-06 0)
(0 -1.0258677e-06 0)
(0 -9.3222328e-07 0)
(0 -8.4712586e-07 0)
(0 -7.6979556e-07 0)
(0 -6.9952362e-07 0)
(0 -6.3566591e-07 0)
(0 -5.7763709e-07 0)
(0 -5.2490518e-07 0)
(0 -4.7698675e-07 0)
(0 -4.3344249e-07 0)
(0 -3.9387316e-07 0)
(0 -3.5791594e-07 0)
(0 -3.2524114e-07 0)
(0 -2.9554914e-07 0)
(0 -2.6856768e-07 0)
(0 -2.4404933e-07 0)
(0 -2.2176926e-07 0)
(0 -2.0152314e-07 0)
(0 -1.831253e-07 0)
(0 -1.6640703e-07 0)
(0 -1.5121499e-07 0)
(0 -1.3740987e-07 0)
(0 -1.2486505e-07 0)
(0 -1.1346548e-07 0)
(0 -1.0310661e-07 0)
(0 -9.3693426e-08 0)
(0 -8.5139605e-08 0)
(0 -7.736669e-08 0)
(0 -7.0303389e-08 0)
(0 -6.388492e-08 0)
(0 -5.8052412e-08 0)
(0 -5.2752372e-08 0)
(0 -4.7936186e-08 0)
(0 -4.3559682e-08 0)
(0 -3.9582717e-08 0)
(0 -3.5968815e-08 0)
(0 -3.2684829e-08 0)
(0 -2.9700637e-08 0)
(0 -2.6988868e-08 0)
(0 -2.4524649e-08 0)
(0 -2.2285377e-08 0)
(0 -2.0250515e-08 0)
(0 -1.8401396e-08 0)
(0 -1.6721062e-08 0)
(0 -1.5194099e-08 0)
(0 -1.3806502e-08 0)
(0 -1.2545542e-08 0)
(0 -1.1399655e-08 0)
(0 -1.035833e-08 0)
(0 -9.4120154e-09 0)
(0 -8.5520312e-09 0)
(0 -7.7704895e-09 0)
(0 -7.0602217e-09 0)
(0 -6.414713e-09 0)
(0 -5.8280425e-09 0)
(0 -5.2948291e-09 0)
(0 -4.8101819e-09 0)
(0 -4.3696557e-09 0)
(0 -3.9692096e-09 0)
(0 -3.6051707e-09 0)
(0 -3.2741998e-09 0)
(0 -2.9732612e-09 0)
(0 -2.6995946e-09 0)
(0 -2.4506897e-09 0)
(0 -2.2242636e-09 0)
(0 -2.0182393e-09 0)
(0 -1.8307271e-09 0)
(0 -1.660007e-09 0)
(0 -1.5045132e-09 0)
(0 -1.3628195e-09 0)
(0 -1.233626e-09 0)
(0 -1.1157479e-09 0)
(0 -1.0081039e-09 0)
(0 -9.097066e-10 0)
(0 -8.1965351e-10 0)
(0 -7.3711863e-10 0)
(0 -6.613449e-10 0)
(0 -5.9163729e-10 0)
(0 -5.2735642e-10 0)
(0 -4.6791269e-10 0)
(0 -4.1276083e-10 0)
(0 -3.61395e-10 0)
(0 -3.1334402e-10 0)
(0 -2.6816716e-10 0)
(0 -2.2545005e-10 0)
(0 -1.8480085e-10 0)
(0 -1.4584673e-10 0)
(0 -1.0823036e-10 0)
(0 -7.1606737e-11 0)
(0 -3.5639917e-11 0)
(0 0 0)
(0 -0.00013562073 0)
(0 -0.00015171566 0)
(0 -0.00016751834 0)
(0 -0.00018266574 0)
(0 -0.00019686351 0)
(0 -0.00020989776 0)
(0 -0.00022163508 0)
(0 -0.00023201334 0)
(0 -0.00024102732 0)
(0 -0.0002487127 0)
(0 -0.0002551309 0)
(0 -0.0002603561 0)
(0 -0.00026446498 0)
(0 -0.00026752917 0)
(0 -0.0002696101 0)
(0 -0.00027075589 0)
(0 -0.0002709999 0)
(0 -0.0002703607 0)
(0 -0.00026884333 0)
(0 -0.00026644168 0)
(0 -0.0002631421 0)
(0 -0.00025892823 0)
(0 -0.00025378674 0)
(0 -0.00024771401 0)
(0 -0.00024072291 0)
(0 -0.00023284893 0)
(0 -0.00022415461 0)
(0 -0.00021473117 0)
(0 -0.00020469668 0)
(0 -0.00019419069 0)
(0 -0.00018336623 0)
(0 -0.00017238033 0)
(0 -0.0001613849 0)
(0 -0.00015051901 0)
(0 -0.00013990337 0)
(0 -0.00012963736 0)
(0 -0.00011979812 0)
(0 -0.00011044149 0)
(0 -0.00010160394 0)
(0 -9.3305304e-05 0)
(0 -8.5551609e-05 0)
(0 -7.8337932e-05 0)
(0 -7.1650977e-05 0)
(0 -6.547133e-05 0)
(0 -5.9775356e-05 0)
(0 -5.4536735e-05 0)
(0 -4.9727677e-05 0)
(0 -4.5319863e-05 0)
(0 -4.1285136e-05 0)
(0 -3.7596018e-05 0)
(0 -3.4226059e-05 0)
(0 -3.1150073e-05 0)
(0 -2.8344282e-05 0)
(0 -2.5786385e-05 0)
(0 -2.3455584e-05 0)
(0 -2.1332566e-05 0)
(0 -1.9399462e-05 0)
(0 -1.7639787e-05 0)
(0 -1.6038371e-05 0)
(0 -1.4581281e-05 0)
(0 -1.3255742e-05 0)
(0 -1.2050059e-05 0)
(0 -1.0953533e-05 0)
(0 -9.9563911e-06 0)
(0 -9.04971e-06 0)
(0 -8.2253494e-06 0)
(0 -7.4758869e-06 0)
(0 -6.7945582e-06 0)
(0 -6.175201e-06 0)
(0 -5.6122039e-06 0)
(0 -5.1004579e-06 0)
(0 -4.6353131e-06 0)
(0 -4.2125383e-06 0)
(0 -3.8282839e-06 0)
(0 -3.479048e-06 0)
(0 -3.1616454e-06 0)
(0 -2.8731796e-06 0)
(0 -2.6110163e-06 0)
(0 -2.3727606e-06 0)
(0 -2.1562348e-06 0)
(0 -1.9594591e-06 0)
(0 -1.7806337e-06 0)
(0 -1.6181225e-06 0)
(0 -1.4704382e-06 0)
(0 -1.336229e-06 0)
(0 -1.2142661e-06 0)
(0 -1.1034326e-06 0)
(0 -1.0027135e-06 0)
(0 -9.1118605e-07 0)
(0 -8.2801177e-07 0)
(0 -7.5242859e-07 0)
(0 -6.8374388e-07 0)
(0 -6.213282e-07 0)
(0 -5.646095e-07 0)
(0 -5.1306791e-07 0)
(0 -4.6623096e-07 0)
(0 -4.236693e-07 0)
(0 -3.8499275e-07 0)
(0 -3.4984672e-07 0)
(0 -3.1790897e-07 0)
(0 -2.8888667e-07 0)
(0 -2.6251371e-07 0)
(0 -2.3854828e-07 0)
(0 -2.167706e-07 0)
(0 -1.9698098e-07 0)
(0 -1.7899795e-07 0)
(0 -1.6265659e-07 0)
(0 -1.4780705e-07 0)
(0 -1.3431313e-07 0)
(0 -1.220511e-07 0)
(0 -1.1090849e-07 0)
(0 -1.0078312e-07 0)
(0 -9.1582114e-08 0)
(0 -8.3221095e-08 0)
(0 -7.5623378e-08 0)
(0 -6.8719279e-08 0)
(0 -6.2445478e-08 0)
(0 -5.6744432e-08 0)
(0 -5.1563852e-08 0)
(0 -4.6856224e-08 0)
(0 -4.2578368e-08 0)
(0 -3.869105e-08 0)
(0 -3.5158614e-08 0)
(0 -3.1948661e-08 0)
(0 -2.9031748e-08 0)
(0 -2.6381123e-08 0)
(0 -2.3972473e-08 0)
(0 -2.1783704e-08 0)
(0 -1.9794743e-08 0)
(0 -1.7987345e-08 0)
(0 -1.6344933e-08 0)
(0 -1.4852442e-08 0)
(0 -1.3496183e-08 0)
(0 -1.2263715e-08 0)
(0 -1.1143734e-08 0)
(0 -1.0125968e-08 0)
(0 -9.2010802e-09 0)
(0 -8.3605885e-09 0)
(0 -7.5967832e-09 0)
(0 -6.9026584e-09 0)
(0 -6.2718474e-09 0)
(0 -5.6985642e-09 0)
(0 -5.1775505e-09 0)
(0 -4.7040272e-09 0)
(0 -4.273651e-09 0)
(0 -3.8824745e-09 0)
(0 -3.5269096e-09 0)
(0 -3.2036949e-09 0)
(0 -2.9098657e-09 0)
(0 -2.642727e-09 0)
(0 -2.3998284e-09 0)
(0 -2.178942e-09 0)
(0 -1.9780417e-09 0)
(0 -1.7952849e-09 0)
(0 -1.6289951e-09 0)
(0 -1.4776471e-09 0)
(0 -1.3398527e-09 0)
(0 -1.2143479e-09 0)
(0 -1.0999817e-09 0)
(0 -9.9570489e-10 0)
(0 -9.0056113e-10 0)
(0 -8.1367768e-10 0)
(0 -7.3425762e-10 0)
(0 -6.6157247e-10 0)
(0 -5.9495553e-10 0)
(0 -5.3379577e-10 0)
(0 -4.775322e-10 0)
(0 -4.2564875e-10 0)
(0 -3.7766952e-10 0)
(0 -3.3315444e-10 0)
(0 -2.9169518e-10 0)
(0 -2.5291147e-10 0)
(0 -2.1644757e-10 0)
(0 -1.8196902e-10 0)
(0 -1.4915956e-10 0)
(0 -1.1771825e-10 0)
(0 -8.7356704e-11 0)
(0 -5.7796429e-11 0)
(0 -2.8766286e-11 0)
(0 0 0)
(0 -0.00010177015 0)
(0 -0.0001136317 0)
(0 -0.00012529268 0)
(0 -0.00013649444 0)
(0 -0.00014702361 0)
(0 -0.00015672104 0)
(0 -0.00016548314 0)
(0 -0.00017325684 0)
(0 -0.00018003041 0)
(0 -0.00018582285 0)
(0 -0.00019067327 0)
(0 -0.00019463162 0)
(0 -0.00019775107 0)
(0 -0.00020008228 0)
(0 -0.00020166942 0)
(0 -0.00020254762 0)
(0 -0.0002027418 0)
(0 -0.00020226654 0)
(0 -0.00020112694 0)
(0 -0.00019932043 0)
(0 -0.00019683938 0)
(0 -0.00019367463 0)
(0 -0.00018981962 0)
(0 -0.00018527509 0)
(0 -0.00018005367 0)
(0 -0.00017418406 0)
(0 -0.00016771381 0)
(0 -0.00016071032 0)
(0 -0.00015325948 0)
(0 -0.00014546197 0)
(0 -0.00013742791 0)
(0 -0.00012927047 0)
(0 -0.00012109961 0)
(0 -0.00011301667 0)
(0 -0.00010511043 0)
(0 -9.7454756e-05 0)
(0 -9.010776e-05 0)
(0 -8.3112201e-05 0)
(0 -7.649674e-05 0)
(0 -7.0277713e-05 0)
(0 -6.4461133e-05 0)
(0 -5.9044704e-05 0)
(0 -5.4019697e-05 0)
(0 -4.9372612e-05 0)
(0 -4.5086601e-05 0)
(0 -4.1142624e-05 0)
(0 -3.7520388e-05 0)
(0 -3.4199068e-05 0)
(0 -3.1157853e-05 0)
(0 -2.8376351e-05 0)
(0 -2.5834872e-05 0)
(0 -2.351462e-05 0)
(0 -2.1397811e-05 0)
(0 -1.9467741e-05 0)
(0 -1.7708809e-05 0)
(0 -1.6106511e-05 0)
(0 -1.4647418e-05 0)
(0 -1.3319127e-05 0)
(0 -1.2110222e-05 0)
(0 -1.1010209e-05 0)
(0 -1.0009464e-05 0)
(0 -9.0991704e-06 0)
(0 -8.2712641e-06 0)
(0 -7.5183742e-06 0)
(0 -6.8337702e-06 0)
(0 -6.211311e-06 0)
(0 -5.6453961e-06 0)
(0 -5.1309209e-06 0)
(0 -4.6632348e-06 0)
(0 -4.2381023e-06 0)
(0 -3.851667e-06 0)
(0 -3.5004189e-06 0)
(0 -3.1811637e-06 0)
(0 -2.8909951e-06 0)
(0 -2.6272691e-06 0)
(0 -2.3875811e-06 0)
(0 -2.1697438e-06 0)
(0 -1.9717684e-06 0)
(0 -1.7918465e-06 0)
(0 -1.6283338e-06 0)
(0 -1.4797353e-06 0)
(0 -1.344692e-06 0)
(0 -1.2219684e-06 0)
(0 -1.1104415e-06 0)
(0 -1.0090904e-06 0)
(0 -9.1698729e-07 0)
(0 -8.3328871e-07 0)
(0 -7.5722812e-07 0)
(0 -6.881088e-07 0)
(0 -6.2529755e-07 0)
(0 -5.6821887e-07 0)
(0 -5.1634973e-07 0)
(0 -4.6921478e-07 0)
(0 -4.2638205e-07 0)
(0 -3.8745893e-07 0)
(0 -3.5208865e-07 0)
(0 -3.1994696e-07 0)
(0 -2.9073922e-07 0)
(0 -2.6419764e-07 0)
(0 -2.4007888e-07 0)
(0 -2.1816182e-07 0)
(0 -1.9824547e-07 0)
(0 -1.8014724e-07 0)
(0 -1.6370116e-07 0)
(0 -1.4875641e-07 0)
(0 -1.3517597e-07 0)
(0 -1.2283528e-07 0)
(0 -1.1162119e-07 0)
(0 -1.0143083e-07 0)
(0 -9.2170775e-08 0)
(0 -8.3756083e-08 0)
(0 -7.6109587e-08 0)
(0 -6.9161158e-08 0)
(0 -6.284707e-08 0)
(0 -5.7109413e-08 0)
(0 -5.1895564e-08 0)
(0 -4.7157703e-08 0)
(0 -4.2852376e-08 0)
(0 -3.8940097e-08 0)
(0 -3.5384981e-08 0)
(0 -3.2154421e-08 0)
(0 -2.9218788e-08 0)
(0 -2.6551156e-08 0)
(0 -2.4127057e-08 0)
(0 -2.1924258e-08 0)
(0 -1.9922553e-08 0)
(0 -1.8103583e-08 0)
(0 -1.6450665e-08 0)
(0 -1.4948637e-08 0)
(0 -1.3583722e-08 0)
(0 -1.2343402e-08 0)
(0 -1.12163e-08 0)
(0 -1.0192077e-08 0)
(0 -9.261339e-09 0)
(0 -8.4155495e-09 0)
(0 -7.6469505e-09 0)
(0 -6.948492e-09 0)
(0 -6.3137676e-09 0)
(0 -5.7369555e-09 0)
(0 -5.2127648e-09 0)
(0 -4.7363876e-09 0)
(0 -4.3034543e-09 0)
(0 -3.909994e-09 0)
(0 -3.5523976e-09 0)
(0 -3.2273852e-09 0)
(0 -2.9319757e-09 0)
(0 -2.6634594e-09 0)
(0 -2.4193734e-09 0)
(0 -2.1974788e-09 0)
(0 -1.9957404e-09 0)
(0 -1.8123077e-09 0)
(0 -1.6454982e-09 0)
(0 -1.4937819e-09 0)
(0 -1.3557672e-09 0)
(0 -1.2301881e-09 0)
(0 -1.1158928e-09 0)
(0 -1.0118329e-09 0)
(0 -9.1705395e-10 0)
(0 -8.3068659e-10 0)
(0 -7.5193863e-10 0)
(0 -6.8008775e-10 0)
(0 -6.1447492e-10 0)
(0 -5.544983e-10 0)
(0 -4.9960777e-10 0)
(0 -4.4929984e-10 0)
(0 -4.0311307e-10 0)
(0 -3.6062382e-10 0)
(0 -3.2144237e-10 0)
(0 -2.8520931e-10 0)
(0 -2.5159231e-10 0)
(0 -2.2028301e-10 0)
(0 -1.9099425e-10 0)
(0 -1.6345736e-10 0)
(0 -1.3741977e-10 0)
(0 -1.1264265e-10 0)
(0 -8.889873e-11 0)
(0 -6.597023e-11 0)
(0 -4.3646836e-11 0)
(0 -2.1723788e-11 0)
(0 0 0)
(0 -6.7872847e-05 0)
(0 -7.5683873e-05 0)
(0 -8.3369275e-05 0)
(0 -9.0762853e-05 0)
(0 -9.772586e-05 0)
(0 -0.000104153 0)
(0 -0.00010997384 0)
(0 -0.00011515019 0)
(0 -0.00011967076 0)
(0 -0.00012354466 0)
(0 -0.00012679474 0)
(0 -0.00012945162 0)
(0 -0.00013154867 0)
(0 -0.00013311819 0)
(0 -0.00013418869 0)
(0 -0.00013478311 0)
(0 -0.000134918 0)
(0 -0.00013460337 0)
(0 -0.00013384326 0)
(0 -0.00013263688 0)
(0 -0.00013098038 0)
(0 -0.00012886909 0)
(0 -0.00012630022 0)
(0 -0.00012327582 0)
(0 -0.00011980566 0)
(0 -0.00011590977 0)
(0 -0.00011162013 0)
(0 -0.00010698119 0)
(0 -0.000102049 0)
(0 -9.6888889e-05 0)
(0 -9.1572177e-05 0)
(0 -8.617222e-05 0)
(0 -8.0760497e-05 0)
(0 -7.5403199e-05 0)
(0 -7.015866e-05 0)
(0 -6.5075775e-05 0)
(0 -6.0193364e-05 0)
(0 -5.5540314e-05 0)
(0 -5.113631e-05 0)
(0 -4.6992913e-05 0)
(0 -4.311482e-05 0)
(0 -3.9501154e-05 0)
(0 -3.614668e-05 0)
(0 -3.3042904e-05 0)
(0 -3.0179011e-05 0)
(0 -2.7542647e-05 0)
(0 -2.5120547e-05 0)
(0 -2.289903e-05 0)
(0 -2.0864371e-05 0)
(0 -1.9003082e-05 0)
(0 -1.7302109e-05 0)
(0 -1.5748968e-05 0)
(0 -1.4331831e-05 0)
(0 -1.3039571e-05 0)
(0 -1.1861789e-05 0)
(0 -1.0788808e-05 0)
(0 -9.8116599e-06 0)
(0 -8.9220619e-06 0)
(0 -8.1123824e-06 0)
(0 -7.3756061e-06 0)
(0 -6.705296e-06 0)
(0 -6.0955544e-06 0)
(0 -5.5409848e-06 0)
(0 -5.0366544e-06 0)
(0 -4.578058e-06 0)
(0 -4.1610843e-06 0)
(0 -3.7819838e-06 0)
(0 -3.4373386e-06 0)
(0 -3.1240342e-06 0)
(0 -2.8392344e-06 0)
(0 -2.5803564e-06 0)
(0 -2.3450493e-06 0)
(0 -2.1311737e-06 0)
(0 -1.9367829e-06 0)
(0 -1.760106e-06 0)
(0 -1.5995322e-06 0)
(0 -1.4535964e-06 0)
(0 -1.3209664e-06 0)
(0 -1.2004306e-06 0)
(0 -1.0908877e-06 0)
(0 -9.9133622e-07 0)
(0 -9.0086568e-07 0)
(0 -8.1864848e-07 0)
(0 -7.4393226e-07 0)
(0 -6.7603316e-07 0)
(0 -6.1432956e-07 0)
(0 -5.5825646e-07 0)
(0 -5.0730032e-07 0)
(0 -4.609944e-07 0)
(0 -4.1891449e-07 0)
(0 -3.8067505e-07 0)
(0 -3.4592568e-07 0)
(0 -3.1434794e-07 0)
(0 -2.8565243e-07 0)
(0 -2.5957613e-07 0)
(0 -2.3588003e-07 0)
(0 -2.1434689e-07 0)
(0 -1.9477933e-07 0)
(0 -1.7699795e-07 0)
(0 -1.6083972e-07 0)
(0 -1.461565e-07 0)
(0 -1.3281365e-07 0)
(0 -1.2068883e-07 0)
(0 -1.0967085e-07 0)
(0 -9.9658698e-08 0)
(0 -9.0560545e-08 0)
(0 -8.2292961e-08 0)
(0 -7.4780128e-08 0)
(0 -6.7953149e-08 0)
(0 -6.1749415e-08 0)
(0 -5.611203e-08 0)
(0 -5.0989294e-08 0)
(0 -4.6334225e-08 0)
(0 -4.2104129e-08 0)
(0 -3.8260211e-08 0)
(0 -3.4767215e-08 0)
(0 -3.1593106e-08 0)
(0 -2.8708771e-08 0)
(0 -2.6087756e-08 0)
(0 -2.3706021e-08 0)
(0 -2.1541721e-08 0)
(0 -1.9575007e-08 0)
(0 -1.7787838e-08 0)
(0 -1.6163823e-08 0)
(0 -1.4688066e-08 0)
(0 -1.3347033e-08 0)
(0 -1.2128421e-08 0)
(0 -1.1021056e-08 0)
(0 -1.0014778e-08 0)
(0 -9.1003593e-09 0)
(0 -8.2694118e-09 0)
(0 -7.5143141e-09 0)
(0 -6.8281401e-09 0)
(0 -6.2045962e-09 0)
(0 -5.6379631e-09 0)
(0 -5.1230433e-09 0)
(0 -4.6551139e-09 0)
(0 -4.2298829e-09 0)
(0 -3.8434499e-09 0)
(0 -3.4922705e-09 0)
(0 -3.1731236e-09 0)
(0 -2.8830817e-09 0)
(0 -2.6194846e-09 0)
(0 -2.3799143e-09 0)
(0 -2.1621736e-09 0)
(0 -1.9642652e-09 0)
(0 -1.7843738e-09 0)
(0 -1.6208494e-09 0)
(0 -1.472192e-09 0)
(0 -1.3370382e-09 0)
(0 -1.2141482e-09 0)
(0 -1.1023949e-09 0)
(0 -1.0007531e-09 0)
(0 -9.0829072e-10 0)
(0 -8.2415952e-10 0)
(0 -7.4758784e-10 0)
(0 -6.7787334e-10 0)
(0 -6.1437657e-10 0)
(0 -5.5651511e-10 0)
(0 -5.0375823e-10 0)
(0 -4.5562203e-10 0)
(0 -4.1166498e-10 0)
(0 -3.7148388e-10 0)
(0 -3.3471019e-10 0)
(0 -3.010066e-10 0)
(0 -2.7006397e-10 0)
(0 -2.4159847e-10 0)
(0 -2.1534901e-10 0)
(0 -1.9107482e-10 0)
(0 -1.6855324e-10 0)
(0 -1.4757771e-10 0)
(0 -1.2795582e-10 0)
(0 -1.0950759e-10 0)
(0 -9.2063815e-11 0)
(0 -7.5464484e-11 0)
(0 -5.9557343e-11 0)
(0 -4.4196488e-11 0)
(0 -2.924102e-11 0)
(0 -1.4553764e-11 0)
(0 0 0)
(0 -3.3944253e-05 0)
(0 -3.782137e-05 0)
(0 -4.1637962e-05 0)
(0 -4.531274e-05 0)
(0 -4.8777381e-05 0)
(0 -5.1979512e-05 0)
(0 -5.4883561e-05 0)
(0 -5.7469642e-05 0)
(0 -5.9731114e-05 0)
(0 -6.1671497e-05 0)
(0 -6.3301271e-05 0)
(0 -6.4634942e-05 0)
(0 -6.5688577e-05 0)
(0 -6.6477879e-05 0)
(0 -6.7016809e-05 0)
(0 -6.7316698e-05 0)
(0 -6.7385795e-05 0)
(0 -6.7229194e-05 0)
(0 -6.6849097e-05 0)
(0 -6.6245391e-05 0)
(0 -6.541651e-05 0)
(0 -6.4360547e-05 0)
(0 -6.3076572e-05 0)
(0 -6.1566058e-05 0)
(0 -5.9834281e-05 0)
(0 -5.7891511e-05 0)
(0 -5.5753814e-05 0)
(0 -5.3443272e-05 0)
(0 -5.0987552e-05 0)
(0 -4.8418809e-05 0)
(0 -4.5772095e-05 0)
(0 -4.3083479e-05 0)
(0 -4.0388168e-05 0)
(0 -3.771885e-05 0)
(0 -3.5104437e-05 0)
(0 -3.2569268e-05 0)
(0 -3.0132765e-05 0)
(0 -2.7809479e-05 0)
(0 -2.5609417e-05 0)
(0 -2.3538557e-05 0)
(0 -2.1599448e-05 0)
(0 -1.9791846e-05 0)
(0 -1.8113307e-05 0)
(0 -1.6559735e-05 0)
(0 -1.5125849e-05 0)
(0 -1.3805574e-05 0)
(0 -1.2592357e-05 0)
(0 -1.1479419e-05 0)
(0 -1.0459943e-05 0)
(0 -9.5272176e-06 0)
(0 -8.6747391e-06 0)
(0 -7.8962792e-06 0)
(0 -7.1859319e-06 0)
(0 -6.5381383e-06 0)
(0 -5.9476984e-06 0)
(0 -5.4097719e-06 0)
(0 -4.9198711e-06 0)
(0 -4.4738493e-06 0)
(0 -4.0678852e-06 0)
(0 -3.6984652e-06 0)
(0 -3.3623646e-06 0)
(0 -3.0566284e-06 0)
(0 -2.7785526e-06 0)
(0 -2.5256648e-06 0)
(0 -2.2957072e-06 0)
(0 -2.0866189e-06 0)
(0 -1.8965203e-06 0)
(0 -1.7236981e-06 0)
(0 -1.5665909e-06 0)
(0 -1.4237766e-06 0)
(0 -1.2939604e-06 0)
(0 -1.1759636e-06 0)
(0 -1.0687135e-06 0)
(0 -9.7123391e-07 0)
(0 -8.8263699e-07 0)
(0 -8.02115e-07 0)
(0 -7.2893332e-07 0)
(0 -6.6242391e-07 0)
(0 -6.019793e-07 0)
(0 -5.4704716e-07 0)
(0 -4.9712532e-07 0)
(0 -4.5175724e-07 0)
(0 -4.1052791e-07 0)
(0 -3.7306007e-07 0)
(0 -3.3901077e-07 0)
(0 -3.080683e-07 0)
(0 -2.7994934e-07 0)
(0 -2.5439638e-07 0)
(0 -2.3117535e-07 0)
(0 -2.1007352e-07 0)
(0 -1.9089758e-07 0)
(0 -1.7347179e-07 0)
(0 -1.5763648e-07 0)
(0 -1.4324652e-07 0)
(0 -1.3017002e-07 0)
(0 -1.1828711e-07 0)
(0 -1.0748886e-07 0)
(0 -9.7676296e-08 0)
(0 -8.8759443e-08 0)
(0 -8.0656556e-08 0)
(0 -7.3293339e-08 0)
(0 -6.6602282e-08 0)
(0 -6.052203e-08 0)
(0 -5.4996831e-08 0)
(0 -4.997602e-08 0)
(0 -4.5413555e-08 0)
(0 -4.1267596e-08 0)
(0 -3.7500124e-08 0)
(0 -3.4076587e-08 0)
(0 -3.096559e-08 0)
(0 -2.8138601e-08 0)
(0 -2.5569694e-08 0)
(0 -2.3235308e-08 0)
(0 -2.1114035e-08 0)
(0 -1.9186418e-08 0)
(0 -1.743478e-08 0)
(0 -1.5843053e-08 0)
(0 -1.4396641e-08 0)
(0 -1.3082275e-08 0)
(0 -1.1887903e-08 0)
(0 -1.0802567e-08 0)
(0 -9.8163152e-09 0)
(0 -8.9201003e-09 0)
(0 -8.1057025e-09 0)
(0 -7.3656522e-09 0)
(0 -6.6931615e-09 0)
(0 -6.0820623e-09 0)
(0 -5.5267495e-09 0)
(0 -5.0221297e-09 0)
(0 -4.5635744e-09 0)
(0 -4.1468776e-09 0)
(0 -3.7682173e-09 0)
(0 -3.4241204e-09 0)
(0 -3.1114306e-09 0)
(0 -2.82728e-09 0)
(0 -2.5690622e-09 0)
(0 -2.3344088e-09 0)
(0 -2.1211674e-09 0)
(0 -1.9273821e-09 0)
(0 -1.7512756e-09 0)
(0 -1.5912323e-09 0)
(0 -1.4457845e-09 0)
(0 -1.3135979e-09 0)
(0 -1.1934602e-09 0)
(0 -1.0842693e-09 0)
(0 -9.8502381e-10 0)
(0 -8.9481332e-10 0)
(0 -8.1281041e-10 0)
(0 -7.3826292e-10 0)
(0 -6.7048708e-10 0)
(0 -6.088612e-10 0)
(0 -5.5282005e-10 0)
(0 -5.0184958e-10 0)
(0 -4.5548228e-10 0)
(0 -4.1329285e-10 0)
(0 -3.748943e-10 0)
(0 -3.3993444e-10 0)
(0 -3.0809259e-10 0)
(0 -2.7907669e-10 0)
(0 -2.526206e-10 0)
(0 -2.2848165e-10 0)
(0 -2.0643842e-10 0)
(0 -1.8628873e-10 0)
(0 -1.6784776e-10 0)
(0 -1.5094635e-10 0)
(0 -1.3542949e-10 0)
(0 -1.2115484e-10 0)
(0 -1.0799148e-10 0)
(0 -9.5818653e-11 0)
(0 -8.4524717e-11 0)
(0 -7.4006076e-11 0)
(0 -6.4166249e-11 0)
(0 -5.4914982e-11 0)
(0 -4.6167417e-11 0)
(0 -3.7843318e-11 0)
(0 -2.9866335e-11 0)
(0 -2.2163297e-11 0)
(0 -1.466355e-11 0)
(0 -7.2983036e-12 0)
(0 0 0)
(0 0 0)
(0 0 0)
(0 0 0)
(0 0 0)
(0 0 0)
(0 0 0)
(0 0 0)
(0 0 0)
(0 0 0)
(0 0 0)
(0 0 0)
(0 0 0)
(0 0 0)
(0 0 0)
(0 0 0)
(0 0 0)
(0 0 0)
(0 0 0)
(0 0 0)
(0 0 0)
(0 0 0)
(0 0 0)
(0 0 0)
(0 0 0)
(0 0 0)
(0 0 0)
(0 0 0)
(0 0 0)
(0 0 0)
(0 0 0)
(0 0 0)
(0 0 0)
(0 0 0)
(0 0 0)
(0 0 0)
(0 0 0)
(0 0 0)
(0 0 0)
(0 0 0)
(0 0 0)
(0 0 0)
(0 0 0)
(0 0 0)
(0 0 0)
(0 0 0)
(0 0 0)
(0 0 0)
(0 0 0)
(0 0 0)
(0 0 0)
(0 0 0)
(0 0 0)
(0 0 0)
(0 0 0)
(0 0 0)
(0 0 0)
(0 0 0)
(0 0 0)
(0 0 0)
(0 0 0)
(0 0 0)
(0 0 0)
(0 0 0)
(0 0 0)
(0 0 0)
(0 0 0)
(0 0 0)
(0 0 0)
(0 0 0)
(0 0 0)
(0 0 0)
(0 0 0)
(0 0 0)
(0 0 0)
(0 0 0)
(0 0 0)
(0 0 0)
(0 0 0)
(0 0 0)
(0 0 0)
(0 0 0)
(0 0 0)
(0 0 0)
(0 0 0)
(0 0 0)
(0 0 0)
(0 0 0)
(0 0 0)
(0 0 0)
(0 0 0)
(0 0 0)
(0 0 0)
(0 0 0)
(0 0 0)
(0 0 0)
(0 0 0)
(0 0 0)
(0 0 0)
(0 0 0)
(0 0 0)
(0 0 0)
(0 0 0)
(0 0 0)
(0 0 0)
(0 0 0)
(0 0 0)
(0 0 0)
(0 0 0)
(0 0 0)
(0 0 0)
(0 0 0)
(0 0 0)
(0 0 0)
(0 0 0)
(0 0 0)
(0 0 0)
(0 0 0)
(0 0 0)
(0 0 0)
(0 0 0)
(0 0 0)
(0 0 0)
(0 0 0)
(0 0 0)
(0 0 0)
(0 0 0)
(0 0 0)
(0 0 0)
(0 0 0)
(0 0 0)
(0 0 0)
(0 0 0)
(0 0 0)
(0 0 0)
(0 0 0)
(0 0 0)
(0 0 0)
(0 0 0)
(0 0 0)
(0 0 0)
(0 0 0)
(0 0 0)
(0 0 0)
(0 0 0)
(0 0 0)
(0 0 0)
(0 0 0)
(0 0 0)
(0 0 0)
(0 0 0)
(0 0 0)
(0 0 0)
(0 0 0)
(0 0 0)
(0 0 0)
(0 0 0)
(0 0 0)
(0 0 0)
(0 0 0)
(0 0 0)
(0 0 0)
(0 0 0)
(0 0 0)
(0 0 0)
(0 0 0)
(0 0 0)
(0 0 0)
(0 0 0)
(0 0 0)
(0 0 0)
(0 0 0)
(0 0 0)
(0 0 0)
(0 0 0)
(0 0 0)
(0 0 0)
(0 0 0)
(0 0 0)
(0 0 0)
(0 0 0)
(0 -5.1280342e-06 0)
(0 0 0)
(0 0 0)
(0 -3.0336733e-05 0)
(0 0 0)
(0 0 0)
(0 -2.9613719e-06 0)
(0 -6.876442e-05 0)
(0 0 0)
(0 0 0)
(0 -1.4986851e-06 0)
(0 -0.00015007406 0)
(0 0 0)
(0 0 0)
(0 0 0)
(0 0 0)
(0 -1.560017e-06 0)
(0 -0.00012998255 0)
(0 0 0)
(0 0 0)
(0 -3.1361568e-06 0)
(0 -6.3183117e-05 0)
(0 0 0)
(0 0 0)
(0 -5.2268023e-06 0)
(0 0 0)
(0 0 0)
(0 -2.8741947e-05 0)
(0 -0.00091215606 0)
(0 -0.0010150373 0)
(0 -0.0010396028 0)
(0 -0.0010510393 0)
(0 -0.0010577511 0)
(0 -0.0010620342 0)
(0 -0.0010649328 0)
(0 -0.0010669772 0)
(0 -0.001068462 0)
(0 -0.0010695666 0)
(0 -0.0010704332 0)
(0 -0.0010500426 0)
(0 -0.0010708972 0)
(0 -0.0010718429 0)
(0 -0.0010509998 0)
(0 -0.0010505332 0)
(0 -0.0010559004 0)
(0 -0.0010519197 0)
(0 -0.0010165071 0)
(0 -0.0010509769 0)
(0 -0.0010344408 0)
(0 -0.0010334034 0)
(0 -0.0010690793 0)
(0 -0.0010522424 0)
(0 -0.0010307393 0)
(0 -0.001064419 0)
(0 -0.0010586003 0)
(0 -0.0010416686 0)
(0 -0.00094227533 0)
(0 -0.00092558187 0)
(0 -0.00093768291 0)
(0 -0.00093768554 0)
(0 -0.0009250565 0)
(0 -1.1553203e-05 0)
(0 -8.8876055e-06 0)
(0 -5.9056382e-06 0)
(0 -3.6806486e-06 0)
(0 0 0)
(0 0 0)
(0 0 0)
(0 -7.9833764e-06 0)
(0 -1.9058013e-05 0)
(0 -4.0574583e-05 0)
(0 -7.2732919e-05 0)
(0 -3.5244107e-06 0)
(0 -2.0520355e-06 0)
(0 -1.0174341e-06 0)
(0 -4.696651e-07 0)
(0 0 0)
(0 0 0)
(0 0 0)
(0 -4.7899358e-07 0)
(0 -1.0459722e-06 0)
(0 -2.1225562e-06 0)
(0 -3.6662321e-06 0)
(0 -6.0150033e-06 0)
(0 -2.5612586e-06 0)
(0 -1.9198848e-05 0)
(0 -6.2071853e-05 0)
(0 -6.1512824e-06 0)
(0 -3.4405402e-06 0)
(0 0 0)
(0 0 0)
(0 -6.1746865e-05 0)
(0 -0.00014779157 0)
(0 -2.671094e-06 0)
(0 -8.0543088e-05 0)
(0 -2.8190876e-06 0)
(0 0 0)
(0 0 0)
(0 -0.00014857873 0)
(0 -9.1348737e-07 0)
(0 -6.7697657e-05 0)
(0 -0.00031738148 0)
(0 -0.00030474984 0)
(0 -0.00032560436 0)
(0 -0.001 0)
(0 -0.001 0)
(0 -0.00025660986 0)
(0 -0.00025958733 0)
(0 -9.5983328e-07 0)
(0 -5.9537321e-05 0)
(0 -0.00028354221 0)
(0 -3.0094418e-06 0)
(0 0 0)
(0 0 0)
(0 -0.00013316173 0)
(0 -2.8696875e-06 0)
(0 -7.3528504e-05 0)
(0 -6.7752059e-06 0)
(0 -3.5830326e-06 0)
(0 0 0)
(0 0 0)
(0 -5.6547611e-05 0)
(0 -0.0001367679 0)
(0 -6.1884898e-06 0)
(0 -2.5931464e-06 0)
(0 -1.7735865e-05 0)
(0 -5.6913833e-05 0)
(0 -1.1812007e-05 0)
(0 -9.0250219e-06 0)
(0 -5.9603825e-06 0)
(0 -3.6893093e-06 0)
(0 0 0)
(0 0 0)
(0 0 0)
(0 -7.7583982e-06 0)
(0 -1.8364998e-05 0)
(0 -3.8831636e-05 0)
(0 -6.9202616e-05 0)
(0 -0.00092888048 0)
(0 -0.0010160884 0)
(0 -0.0010487837 0)
(0 -0.0010668855 0)
(0 -0.0010780207 0)
(0 -0.0010853631 0)
(0 -0.0010904472 0)
(0 -0.0010940912 0)
(0 -0.0010967701 0)
(0 -0.0010987957 0)
(0 -0.0011004728 0)
(0 -0.0010922994 0)
(0 -0.0011023546 0)
(0 -0.0011029587 0)
(0 -0.0010940731 0)
(0 -0.0010940361 0)
(0 -0.0010986334 0)
(0 -0.0010872039 0)
(0 -0.0010867867 0)
(0 -0.0010859944 0)
(0 -0.0010848844 0)
(0 -0.0010899586 0)
(0 -0.0010970982 0)
(0 -0.0010781033 0)
(0 -0.001084732 0)
(0 -0.0010815664 0)
(0 -0.0010646489 0)
(0 -0.00099715783 0)
(0 -0.00092768063 0)
(0 -0.001 0)
(0 -0.001 0)
(0 -0.001 0)
(0 -0.001 0)
(0 -0.001 0)
(0 -0.001 0)
(0 -0.001 0)
(0 -0.001 0)
(0 -0.001 0)
(0 -0.001 0)
(0 -0.001 0)
(0 -0.001 0)
(0 -0.001 0)
(0 -0.001 0)
(0 -0.001 0)
(0 -0.001 0)
(0 -0.001 0)
(0 -0.001 0)
(0 -0.001 0)
(0 -0.001 0)
(0 -0.001 0)
(0 -0.001 0)
(0 -0.001 0)
(0 -0.001 0)
(0 -0.001 0)
(0 -0.001 0)
(0 -0.001 0)
(0 -0.001 0)
(0 -0.00095634603 0)
(0 -0.001 0)
(0 -0.00097543639 0)
(0 -0.001 0)
(0 -0.00098226544 0)
(0 -0.001 0)
(0 -0.00097527483 0)
(0 -0.001 0)
(0 -0.001 0)
(0 -0.001 0)
(0 -0.001 0)
(0 -0.001 0)
(0 -0.001 0)
(0 -0.001 0)
(0 -0.001 0)
(0 -0.001 0)
(0 -0.001 0)
(0 -0.001 0)
(0 -0.001 0)
(0 -0.001 0)
(0 -0.001 0)
(0 -0.001 0)
(0 -0.001 0)
(0 -0.001 0)
(0 -0.001 0)
(0 -0.001 0)
(0 -0.001 0)
(0 -0.001 0)
(0 -0.001 0)
(0 -0.001 0)
(0 -0.001 0)
(0 -0.001 0)
(0 -0.001 0)
(0 -0.001 0)
(0 -0.001 0)
(0 -0.00095436629 0)
(0 -9.4221424e-06 0)
(0 -5.9085266e-06 0)
(0 -6.8633997e-06 0)
(0 -2.5775441e-06 0)
(0 -3.7908426e-06 0)
(0 0 0)
(0 0 0)
(0 0 0)
(0 0 0)
(0 0 0)
(0 -9.9918354e-06 0)
(0 -2.5916898e-05 0)
(0 0 0)
(0 -5.1203287e-05 0)
(0 -1.2680305e-05 0)
(0 -4.2675593e-05 0)
(0 -9.4106334e-06 0)
(0 -6.2223937e-06 0)
(0 -6.8610423e-06 0)
(0 -2.5682259e-06 0)
(0 -3.78681e-06 0)
(0 0 0)
(0 0 0)
(0 0 0)
(0 0 0)
(0 0 0)
(0 -9.9849353e-06 0)
(0 -2.5915804e-05 0)
(0 0 0)
(0 -5.1244605e-05 0)
(0 -1.2667161e-05 0)
(0 -4.018969e-05 0)
(0 -2.5003797e-06 0)
(0 -1.9419524e-06 0)
(0 -1.3300225e-06 0)
(0 -6.3942971e-07 0)
(0 -5.4371202e-07 0)
(0 0 0)
(0 0 0)
(0 0 0)
(0 0 0)
(0 0 0)
(0 -5.5677741e-07 0)
(0 -1.371011e-06 0)
(0 0 0)
(0 -2.5913697e-06 0)
(0 -6.619167e-07 0)
(0 -2.152767e-06 0)
(0 -2.4974321e-06 0)
(0 -2.0578687e-06 0)
(0 -1.3294671e-06 0)
(0 -6.370916e-07 0)
(0 -5.4333453e-07 0)
(0 0 0)
(0 0 0)
(0 0 0)
(0 0 0)
(0 0 0)
(0 -5.564219e-07 0)
(0 -1.3709226e-06 0)
(0 0 0)
(0 -2.5934768e-06 0)
(0 -6.6121238e-07 0)
(0 -2.0289866e-06 0)
(0 -3.6139926e-06 0)
(0 -2.1533357e-06 0)
(0 0 0)
(0 0 0)
(0 -3.3721035e-05 0)
(0 -2.4913596e-05 0)
(0 -4.5573737e-06 0)
(0 -4.031026e-06 0)
(0 -1.2141236e-06 0)
(0 -9.6648796e-07 0)
(0 -1.8768679e-05 0)
(0 -9.3751343e-05 0)
(0 -1.9658818e-05 0)
(0 -0.00010578008 0)
(0 -8.4702298e-07 0)
(0 -8.1944195e-07 0)
(0 -2.257023e-05 0)
(0 -2.8875119e-05 0)
(0 -1.1171445e-06 0)
(0 -1.4800761e-06 0)
(0 -5.2744045e-05 0)
(0 -9.1843754e-05 0)
(0 0 0)
(0 -0.00015995286 0)
(0 0 0)
(0 -0.00028590959 0)
(0 -8.6704654e-05 0)
(0 -0.00028230278 0)
(0 0 0)
(0 -0.0003828371 0)
(0 -0.00072256154 0)
(0 -0.001 0)
(0 -0.00029650332 0)
(0 -0.001 0)
(0 0 0)
(0 -0.00023659603 0)
(0 0 0)
(0 -7.2019275e-05 0)
(0 0 0)
(0 -0.0002497153 0)
(0 -1.6596996e-06 0)
(0 -0.00014150904 0)
(0 -8.1619464e-05 0)
(0 -1.1943902e-06 0)
(0 -8.8084326e-07 0)
(0 -4.9354562e-05 0)
(0 -2.6072491e-05 0)
(0 -9.0285961e-07 0)
(0 -4.3186441e-06 0)
(0 -1.0140377e-06 0)
(0 -2.0586361e-05 0)
(0 -1.798132e-05 0)
(0 -9.7059805e-05 0)
(0 -4.7786771e-06 0)
(0 -1.2574174e-06 0)
(0 -2.2151261e-06 0)
(0 -1.700519e-05 0)
(0 -2.3970702e-05 0)
(0 -8.6053429e-05 0)
(0 -3.7088091e-06 0)
(0 0 0)
(0 -6.0376081e-06 0)
(0 -2.6191789e-06 0)
(0 0 0)
(0 0 0)
(0 0 0)
(0 -1.2090718e-05 0)
(0 -2.9436494e-05 0)
(0 -3.7852172e-05 0)
(0 -9.5936237e-06 0)
(0 -6.9449644e-06 0)
(0 -3.8110063e-06 0)
(0 0 0)
(0 0 0)
(0 0 0)
(0 0 0)
(0 -9.6623682e-06 0)
(0 -2.4893719e-05 0)
(0 -4.8838425e-05 0)
(0 -3.8762698e-06 0)
(0 -2.1478022e-06 0)
(0 0 0)
(0 0 0)
(0 -3.1869793e-05 0)
(0 -2.4932844e-05 0)
(0 -4.5559706e-06 0)
(0 -4.0299302e-06 0)
(0 -1.210998e-06 0)
(0 -9.6433309e-07 0)
(0 -1.8739586e-05 0)
(0 -9.3727466e-05 0)
(0 -1.9616985e-05 0)
(0 -0.00010576127 0)
(0 -8.4502599e-07 0)
(0 -8.1742847e-07 0)
(0 -2.2526578e-05 0)
(0 -2.8819101e-05 0)
(0 -1.1141193e-06 0)
(0 -1.56734e-06 0)
(0 -5.2700228e-05 0)
(0 -9.1822451e-05 0)
(0 0 0)
(0 -0.0001600793 0)
(0 0 0)
(0 -0.00028695915 0)
(0 -8.7111334e-05 0)
(0 -0.00028666272 0)
(0 0 0)
(0 -0.0003643255 0)
(0 -0.00078829317 0)
(0 -0.001 0)
(0 -0.00029621456 0)
(0 -0.001 0)
(0 0 0)
(0 -0.00023653507 0)
(0 0 0)
(0 -7.1856485e-05 0)
(0 0 0)
(0 -0.000249666 0)
(0 -1.5668458e-06 0)
(0 -0.00014155187 0)
(0 -8.2008768e-05 0)
(0 -1.1951603e-06 0)
(0 -8.7918852e-07 0)
(0 -4.7106998e-05 0)
(0 -2.6065294e-05 0)
(0 -9.0093836e-07 0)
(0 -4.3178562e-06 0)
(0 -1.0119158e-06 0)
(0 -2.055106e-05 0)
(0 -1.7952017e-05 0)
(0 -9.7102895e-05 0)
(0 -4.7777177e-06 0)
(0 -1.2547494e-06 0)
(0 -2.212767e-06 0)
(0 -1.7081833e-05 0)
(0 -2.2735037e-05 0)
(0 -8.6098661e-05 0)
(0 -3.7068236e-06 0)
(0 0 0)
(0 -6.0355384e-06 0)
(0 -2.6134586e-06 0)
(0 0 0)
(0 0 0)
(0 0 0)
(0 -1.206067e-05 0)
(0 -2.9499912e-05 0)
(0 -3.7853102e-05 0)
(0 -9.5920026e-06 0)
(0 -6.9433777e-06 0)
(0 -3.806696e-06 0)
(0 0 0)
(0 0 0)
(0 0 0)
(0 0 0)
(0 -9.65351e-06 0)
(0 -2.4886267e-05 0)
(0 -4.8834275e-05 0)
(0 -0.00089731793 0)
(0 -0.00087759803 0)
(0 -0.00094455239 0)
(0 -0.00091666926 0)
(0 -0.00096681512 0)
(0 -0.00093073001 0)
(0 -0.0009799188 0)
(0 -0.00093839681 0)
(0 -0.00098828857 0)
(0 -0.00094309352 0)
(0 -0.00099395621 0)
(0 -0.00094618202 0)
(0 -0.00099795484 0)
(0 -0.00094831662 0)
(0 -0.0010008597 0)
(0 -0.00094984463 0)
(0 -0.0010030229 0)
(0 -0.0009509671 0)
(0 -0.0010048776 0)
(0 -0.00095182479 0)
(0 -0.00094419829 0)
(0 -0.00095377118 0)
(0 -0.001008475 0)
(0 -0.00094934866 0)
(0 -0.0010076622 0)
(0 -0.00095340228 0)
(0 -0.00094615567 0)
(0 -0.00095482554 0)
(0 -0.00094765535 0)
(0 -0.00095120321 0)
(0 -0.0010059835 0)
(0 -0.00094996594 0)
(0 -0.00094518471 0)
(0 -0.00095207803 0)
(0 -0.00094067711 0)
(0 -0.00094785564 0)
(0 -0.00094561077 0)
(0 -0.00094766435 0)
(0 -0.00099940085 0)
(0 -0.00094619498 0)
(0 -0.00093943997 0)
(0 -0.00094701963 0)
(0 -0.0010049082 0)
(0 -0.00094817965 0)
(0 -0.00099603435 0)
(0 -0.00095099584 0)
(0 -0.00098906234 0)
(0 -0.00094300276 0)
(0 -0.00099152759 0)
(0 -0.00094426869 0)
(0 -0.00098216988 0)
(0 -0.00094486621 0)
(0 -0.00095320662 0)
(0 -0.00093775332 0)
(0 -0.000924632 0)
(0 -0.00088655998 0)
(0 -0.00093771548 0)
(0 -0.001 0)
(0 -0.001 0)
(0 -0.001 0)
(0 -0.001 0)
(0 -0.001 0)
(0 -0.001 0)
(0 -0.001 0)
(0 -0.001 0)
(0 -0.001 0)
(0 -0.001 0)
(0 -0.001 0)
(0 -0.001 0)
(0 -0.001 0)
(0 -0.001 0)
(0 -0.001 0)
(0 -0.001 0)
(0 -0.001 0)
(0 -0.001 0)
(0 -0.001 0)
(0 -0.001 0)
(0 -0.001 0)
(0 -0.001 0)
(0 -0.001 0)
(0 -0.001 0)
(0 -0.001 0)
(0 -0.001 0)
(0 -0.001 0)
(0 -0.00084389396 0)
(0 -0.001 0)
(0 -0.00096292645 0)
(0 -0.0008876314 0)
(0 -0.001 0)
(0 -0.00097625894 0)
(0 -0.00089584333 0)
(0 -0.001 0)
(0 -0.00097626754 0)
(0 -0.00088808319 0)
(0 -0.001 0)
(0 -0.00096235759 0)
(0 -0.001 0)
(0 -0.001 0)
(0 -0.001 0)
(0 -0.001 0)
(0 -0.001 0)
(0 -0.001 0)
(0 -0.001 0)
(0 -0.001 0)
(0 -0.001 0)
(0 -0.001 0)
(0 -0.001 0)
(0 -0.001 0)
(0 -0.001 0)
(0 -0.001 0)
(0 -0.001 0)
(0 -0.001 0)
(0 -0.001 0)
(0 -0.001 0)
(0 -0.001 0)
(0 -0.001 0)
(0 -0.001 0)
(0 -0.001 0)
(0 -0.001 0)
(0 -0.001 0)
(0 -0.001 0)
(0 -0.001 0)
(0 -0.001 0)
(0 -0.00084376804 0)
(0 -0.00098399842 0)
(0 -0.00088762076 0)
(0 -0.0010349049 0)
(0 -0.00092880789 0)
(0 -0.0010587956 0)
(0 -0.00094358932 0)
(0 -0.0010728458 0)
(0 -0.00095167021 0)
(0 -0.0010818177 0)
(0 -0.00095662857 0)
(0 -0.0010878918 0)
(0 -0.00095989287 0)
(0 -0.0010921766 0)
(0 -0.00096215078 0)
(0 -0.0010952891 0)
(0 -0.00096376801 0)
(0 -0.001097602 0)
(0 -0.00096495631 0)
(0 -0.0010992658 0)
(0 -0.00096584576 0)
(0 -0.0010957572 0)
(0 -0.00096582622 0)
(0 -0.001100666 0)
(0 -0.00096290664 0)
(0 -0.0011022067 0)
(0 -0.00096733643 0)
(0 -0.0010977478 0)
(0 -0.00096692145 0)
(0 -0.0010970438 0)
(0 -0.00096276015 0)
(0 -0.0010020874 0)
(0 -0.00096450707 0)
(0 -0.0010980278 0)
(0 -0.00094938234 0)
(0 -0.00093610364 0)
(0 -0.00094700014 0)
(0 -0.0010964599 0)
(0 -0.00094673641 0)
(0 -0.00093984076 0)
(0 -0.00094709614 0)
(0 -0.0009977723 0)
(0 -0.00094613345 0)
(0 -0.0010970896 0)
(0 -0.00096291842 0)
(0 -0.00099774701 0)
(0 -0.00096605867 0)
(0 -0.00093239885 0)
(0 -0.00094404527 0)
(0 -0.0010862304 0)
(0 -0.00094571079 0)
(0 -0.001075104 0)
(0 -0.00095824188 0)
(0 -0.0010438464 0)
(0 -0.0009504191 0)
(0 -0.00092393481 0)
(0 -0.00088480381 0)
(0 -0.00093759864 0)
(0 -0.001 0)
(0 -0.001 0)
(0 -0.001 0)
(0 -0.001 0)
(0 -0.001 0)
(0 -0.001 0)
(0 -0.001 0)
(0 -0.001 0)
(0 -0.001 0)
(0 -0.001 0)
(0 -0.001 0)
(0 -0.001 0)
(0 -0.001 0)
(0 -0.001 0)
(0 -0.001 0)
(0 -0.001 0)
(0 -0.001 0)
(0 -0.001 0)
(0 -0.001 0)
(0 -0.001 0)
(0 -0.001 0)
(0 -0.001 0)
(0 -0.001 0)
(0 -0.001 0)
(0 -0.001 0)
(0 -0.001 0)
(0 -0.001 0)
(0 -0.00084445538 0)
(0 -0.001 0)
(0 -0.00096299909 0)
(0 -0.00088798719 0)
(0 -0.001 0)
(0 -0.00097627134 0)
(0 -0.0008958262 0)
(0 -0.001 0)
(0 -0.00097623117 0)
(0 -0.00088796224 0)
(0 -0.001 0)
(0 -0.00096228224 0)
(0 -0.001 0)
(0 -0.001 0)
(0 -0.001 0)
(0 -0.001 0)
(0 -0.001 0)
(0 -0.001 0)
(0 -0.001 0)
(0 -0.001 0)
(0 -0.001 0)
(0 -0.001 0)
(0 -0.001 0)
(0 -0.001 0)
(0 -0.001 0)
(0 -0.001 0)
(0 -0.001 0)
(0 -0.001 0)
(0 -0.001 0)
(0 -0.001 0)
(0 -0.001 0)
(0 -0.001 0)
(0 -0.001 0)
(0 -0.001 0)
(0 -0.001 0)
(0 -0.001 0)
(0 -0.001 0)
(0 -0.001 0)
(0 -0.001 0)
(0 -0.0008434169 0)
(0 -1.0311123e-05 0)
(0 -7.5009198e-06 0)
(0 -4.289837e-06 0)
(0 0 0)
(0 0 0)
(0 0 0)
(0 0 0)
(0 -1.1407728e-05 0)
(0 -2.8459396e-05 0)
(0 -5.6038592e-05 0)
(0 -2.7431109e-06 0)
(0 -1.4819199e-06 0)
(0 -6.3636471e-07 0)
(0 0 0)
(0 0 0)
(0 0 0)
(0 0 0)
(0 -6.5178087e-07 0)
(0 -1.5279884e-06 0)
(0 -2.8459578e-06 0)
(0 -6.8299668e-06 0)
(0 -4.3896331e-06 0)
(0 -3.0556548e-06 0)
(0 0 0)
(0 0 0)
(0 0 0)
(0 -1.5129727e-05 0)
(0 -4.6727277e-05 0)
(0 0 0)
(0 -3.8490054e-05 0)
(0 -5.0191177e-06 0)
(0 -2.6301564e-06 0)
(0 -1.4738917e-06 0)
(0 -3.0454564e-05 0)
(0 -2.2801094e-05 0)
(0 -0.00010316317 0)
(0 -4.4384304e-06 0)
(0 -1.1859699e-06 0)
(0 -1.0395954e-06 0)
(0 -2.4112333e-05 0)
(0 -0.00011649108 0)
(0 -2.7666495e-05 0)
(0 -9.9589507e-07 0)
(0 -1.3647995e-06 0)
(0 -3.5015613e-05 0)
(0 -6.4375083e-05 0)
(0 -1.7891817e-06 0)
(0 -2.2557695e-06 0)
(0 -0.00011160808 0)
(0 -0.00018549312 0)
(0 0 0)
(0 -7.7305767e-07 0)
(0 0 0)
(0 -0.00010125801 0)
(0 -0.00031320684 0)
(0 0 0)
(0 0 0)
(0 -0.00030720184 0)
(0 -0.00040002352 0)
(0 0 0)
(0 0 0)
(0 -0.0003098531 0)
(0 -8.0137804e-07 0)
(0 -8.431024e-05 0)
(0 -0.00025512833 0)
(0 0 0)
(0 -2.358802e-06 0)
(0 0 0)
(0 -0.00016402407 0)
(0 -0.00027344632 0)
(0 -1.8940729e-06 0)
(0 -1.4618442e-06 0)
(0 -9.9540879e-05 0)
(0 -5.8408747e-05 0)
(0 -1.0710525e-06 0)
(0 -1.1084543e-06 0)
(0 -3.1946493e-05 0)
(0 -2.5304219e-05 0)
(0 -4.7540459e-06 0)
(0 -1.2446266e-06 0)
(0 -5.2637561e-06 0)
(0 -1.5270927e-06 0)
(0 -2.2112769e-05 0)
(0 -2.0907417e-05 0)
(0 -0.00010698747 0)
(0 -9.4800611e-05 0)
(0 -2.7066945e-06 0)
(0 -4.4966286e-06 0)
(0 0 0)
(0 0 0)
(0 -2.8263938e-05 0)
(0 -3.5806612e-05 0)
(0 -7.0056013e-06 0)
(0 -3.1069759e-06 0)
(0 -1.0503749e-05 0)
(0 0 0)
(0 -7.5923789e-06 0)
(0 -4.3149898e-06 0)
(0 0 0)
(0 0 0)
(0 0 0)
(0 0 0)
(0 0 0)
(0 -1.1036658e-05 0)
(0 -1.4422753e-05 0)
(0 -2.734166e-05 0)
(0 -4.417984e-05 0)
(0 -5.3418992e-05 0)
(0 -0.00078804163 0)
(0 -0.000983353 0)
(0 -0.0010346549 0)
(0 -0.0010587026 0)
(0 -0.0010728403 0)
(0 -0.0010818643 0)
(0 -0.0010879719 0)
(0 -0.0010922794 0)
(0 -0.0010954079 0)
(0 -0.0010977349 0)
(0 -0.0010995763 0)
(0 -0.0010915786 0)
(0 -0.0011019764 0)
(0 -0.0011025538 0)
(0 -0.0010936771 0)
(0 -0.0010939512 0)
(0 -0.0010986242 0)
(0 -0.0010935284 0)
(0 -0.0010759393 0)
(0 -0.0010927575 0)
(0 -0.0010852908 0)
(0 -0.0010840932 0)
(0 -0.0010982571 0)
(0 -0.0010908942 0)
(0 -0.0010759647 0)
(0 -0.001086085 0)
(0 -0.0010753381 0)
(0 -0.0010442763 0)
(0 -0.00092426662 0)
(0 -0.00098598392 0)
(0 -0.001 0)
(0 -0.0010301798 0)
(0 -0.001 0)
(0 -0.0010461862 0)
(0 -0.001 0)
(0 -0.0010549431 0)
(0 -0.001 0)
(0 -0.0010603128 0)
(0 -0.001 0)
(0 -0.001063846 0)
(0 -0.001 0)
(0 -0.0010662891 0)
(0 -0.001 0)
(0 -0.0010680385 0)
(0 -0.001 0)
(0 -0.0010693236 0)
(0 -0.001 0)
(0 -0.001070293 0)
(0 -0.001 0)
(0 -0.0010704289 0)
(0 -0.001 0)
(0 -0.0010503916 0)
(0 -0.001 0)
(0 -0.0010719925 0)
(0 -0.001 0)
(0 -0.0010716193 0)
(0 -0.001 0)
(0 -0.0010506318 0)
(0 -0.001 0)
(0 -0.0010516681 0)
(0 -0.001 0)
(0 -0.0010560132 0)
(0 -0.001 0)
(0 -0.0010341896 0)
(0 -0.001 0)
(0 -0.0010339633 0)
(0 -0.001 0)
(0 -0.0010341971 0)
(0 -0.001 0)
(0 -0.0010342387 0)
(0 -0.001 0)
(0 -0.0010497962 0)
(0 -0.001 0)
(0 -0.0010700201 0)
(0 -0.001 0)
(0 -0.0010317366 0)
(0 -0.001 0)
(0 -0.0010494651 0)
(0 -0.001 0)
(0 -0.0010621412 0)
(0 -0.001 0)
(0 -0.0010537688 0)
(0 -0.001 0)
(0 -0.0010171973 0)
(0 -0.001 0)
(0 -0.00092709825 0)
(0 -0.00092497792 0)
(0 -0.001 0)
(0 -0.00095284412 0)
(0 -0.00093279952 0)
(0 -0.001 0)
(0 -0.00096638698 0)
(0 -0.00093932409 0)
(0 -0.001 0)
(0 -0.00096637469 0)
(0 -0.00093271146 0)
(0 -0.001 0)
(0 -0.001 0)
(0 -0.001 0)
(0 -0.001 0)
(0 -0.001 0)
(0 -0.001 0)
(0 -0.001 0)
(0 -0.001 0)
(0 -0.001 0)
(0 -0.001 0)
(0 -0.001 0)
(0 -0.001 0)
(0 -0.001 0)
(0 -0.001 0)
(0 -0.001 0)
(0 -0.001 0)
(0 -0.001 0)
(0 -0.001 0)
(0 -0.001 0)
(0 -0.001 0)
(0 -0.001 0)
(0 -0.001 0)
(0 -0.001 0)
(0 -0.001 0)
(0 -0.001 0)
(0 -0.001 0)
(0 -0.001 0)
(0 -0.001 0)
(0 -0.001 0)
(0 -0.00095217673 0)
(0 -0.00092361728 0)
(0 -1.2417586e-06 0)
(0 0 0)
(0 0 0)
(0 -1.2871909e-06 0)
(0 0 0)
(0 0 0)
(0 -2.4273362e-06 0)
(0 -2.5704917e-06 0)
(0 0 0)
(0 0 0)
(0 -4.2659801e-06 0)
(0 -4.3490576e-06 0)
(0 0 0)
(0 0 0)
(0 0 0)
(0 0 0)
(0 -2.5132096e-05 0)
(0 -2.3922717e-05 0)
(0 0 0)
(0 0 0)
(0 -5.6345198e-05 0)
(0 -5.1775846e-05 0)
(0 0 0)
(0 0 0)
(0 -0.00012492496 0)
(0 0 0)
(0 0 0)
(0 -0.00010853814 0)
(0 -0.00081927154 0)
(0 -0.00090533148 0)
(0 -0.00092628691 0)
(0 -0.00093614502 0)
(0 -0.00094194417 0)
(0 -0.00094565031 0)
(0 -0.00094816105 0)
(0 -0.00094993305 0)
(0 -0.00095122076 0)
(0 -0.00095218059 0)
(0 -0.00095302559 0)
(0 -0.00095004627 0)
(0 -0.00095514209 0)
(0 -0.00095426095 0)
(0 -0.00095092864 0)
(0 -0.00095222859 0)
(0 -0.00095276494 0)
(0 -0.00095052615 0)
(0 -0.00094573821 0)
(0 -0.00095129037 0)
(0 -0.00094780495 0)
(0 -0.00094628809 0)
(0 -0.00095352436 0)
(0 -0.00094744567 0)
(0 -0.00094269047 0)
(0 -0.00094694989 0)
(0 -0.00094265631 0)
(0 -0.00092413651 0)
(0 -0.00085699205 0)
(0 -0.00087269179 0)
(0 -0.00089399002 0)
(0 -0.00089412691 0)
(0 -0.00087412484 0)
(0 -1.2353981e-06 0)
(0 0 0)
(0 0 0)
(0 -1.2913188e-06 0)
(0 0 0)
(0 0 0)
(0 -2.4255464e-06 0)
(0 -2.5687715e-06 0)
(0 0 0)
(0 0 0)
(0 -4.2394312e-06 0)
(0 -4.3450619e-06 0)
(0 0 0)
(0 0 0)
(0 0 0)
(0 0 0)
(0 -2.5214486e-05 0)
(0 -2.3901704e-05 0)
(0 0 0)
(0 0 0)
(0 -5.6309474e-05 0)
(0 -5.1767734e-05 0)
(0 0 0)
(0 0 0)
(0 -0.00012520137 0)
(0 0 0)
(0 0 0)
(0 -0.00010845014 0)
(0 -0.00081864299 0)
(0 -0.00091491986 0)
(0 -0.00093803534 0)
(0 -0.00094870487 0)
(0 -0.00095495878 0)
(0 -0.00095894717 0)
(0 -0.00096164525 0)
(0 -0.00096354758 0)
(0 -0.00096492899 0)
(0 -0.00096595544 0)
(0 -0.00096668067 0)
(0 -0.00096324487 0)
(0 -0.00096705694 0)
(0 -0.00096798481 0)
(0 -0.00096412166 0)
(0 -0.00096357668 0)
(0 -0.00094972843 0)
(0 -0.00096593424 0)
(0 -0.00094288772 0)
(0 -0.00096502219 0)
(0 -0.00094691013 0)
(0 -0.00094665412 0)
(0 -0.00096550581 0)
(0 -0.00094867321 0)
(0 -0.00094375699 0)
(0 -0.000961742 0)
(0 -0.00095584837 0)
(0 -0.00093740853 0)
(0 -0.00085588108 0)
(0 -0.00087376372 0)
(0 -0.00089407212 0)
(0 -0.00089404781 0)
(0 -0.00087384018 0)
(0 -1.8240151e-05 0)
(0 -1.8246924e-05 0)
(0 -1.8365935e-05 0)
(0 -1.9890269e-05 0)
(0 -2.3652755e-05 0)
(0 -3.0933946e-05 0)
(0 -4.371401e-05 0)
(0 -6.1807401e-05 0)
(0 -2.9417478e-06 0)
(0 -2.2010001e-06 0)
(0 -1.6865229e-06 0)
(0 -1.4532512e-06 0)
(0 -1.4603785e-06 0)
(0 -1.7106462e-06 0)
(0 -2.2507327e-06 0)
(0 -3.0280144e-06 0)
(0 -8.1670322e-06 0)
(0 -6.4712942e-05 0)
(0 -4.3827198e-06 0)
(0 -5.9900197e-05 0)
(0 -2.6395192e-06 0)
(0 -0.00010478753 0)
(0 -3.056957e-06 0)
(0 -0.00021228596 0)
(0 -3.2165084e-06 0)
(0 -0.00018991615 0)
(0 -2.8403413e-06 0)
(0 -9.49989e-05 0)
(0 -4.5224982e-06 0)
(0 -5.461356e-05 0)
(0 -8.4769835e-06 0)
(0 -6.1131749e-05 0)
(0 -0.0006771469 0)
(0 -0.0009080253 0)
(0 -0.00093487134 0)
(0 -0.00093755533 0)
(0 -0.00092796625 0)
(0 -0.00082263561 0)
(0 -0.00095084509 0)
(0 -0.00097871439 0)
(0 -0.00099171932 0)
(0 -0.00099928999 0)
(0 -0.001004089 0)
(0 -0.0010073218 0)
(0 -0.001009595 0)
(0 -0.0010112418 0)
(0 -0.0010124588 0)
(0 -0.0010133678 0)
(0 -0.0010140477 0)
(0 -0.0010145509 0)
(0 -0.0010149123 0)
(0 -0.0010151551 0)
(0 -0.0010152936 0)
(0 -0.001015335 0)
(0 -0.00101528 0)
(0 -0.0010151223 0)
(0 -0.0010148476 0)
(0 -0.0010144306 0)
(0 -0.0010138288 0)
(0 -0.0010129713 0)
(0 -0.0010117349 0)
(0 -0.0010098866 0)
(0 -0.0010069216 0)
(0 -0.0010013824 0)
(0 -0.00098526353 0)
(0 -0.00094028356 0)
(0 -0.00061270268 0)
(0 -1.8437087e-05 0)
(0 -1.8338277e-05 0)
(0 -1.8341001e-05 0)
(0 -1.9732165e-05 0)
(0 -2.3311567e-05 0)
(0 -3.0284455e-05 0)
(0 -4.2490388e-05 0)
(0 -5.9621672e-05 0)
(0 -1.6761527e-06 0)
(0 -2.7641177e-06 0)
(0 0 0)
(0 0 0)
(0 0 0)
(0 0 0)
(0 0 0)
(0 0 0)
(0 0 0)
(0 -9.9514934e-06 0)
(0 0 0)
(0 -9.461165e-06 0)
(0 -1.4478766e-06 0)
(0 0 0)
(0 0 0)
(0 0 0)
(0 -1.202846e-05 0)
(0 0 0)
(0 -1.0012496e-06 0)
(0 -1.1711821e-06 0)
(0 -2.0811038e-05 0)
(0 -2.3272733e-05 0)
(0 -9.0075218e-07 0)
(0 -2.7523289e-05 0)
(0 0 0)
(0 -5.7145346e-07 0)
(0 0 0)
(0 -3.6352345e-05 0)
(0 -4.6945014e-07 0)
(0 0 0)
(0 0 0)
(0 -5.1533397e-05 0)
(0 -5.3929624e-07 0)
(0 0 0)
(0 0 0)
(0 -0.00012663178 0)
(0 0 0)
(0 0 0)
(0 0 0)
(0 0 0)
(0 0 0)
(0 0 0)
(0 0 0)
(0 0 0)
(0 0 0)
(0 0 0)
(0 0 0)
(0 -5.5563583e-07 0)
(0 0 0)
(0 -9.854226e-05 0)
(0 0 0)
(0 -4.8846748e-07 0)
(0 0 0)
(0 0 0)
(0 -4.3687977e-05 0)
(0 -5.9354237e-07 0)
(0 0 0)
(0 -3.2215475e-05 0)
(0 0 0)
(0 -9.6622794e-07 0)
(0 -2.5056752e-05 0)
(0 -1.0595287e-06 0)
(0 -1.220117e-06 0)
(0 -1.9035891e-05 0)
(0 -2.1330461e-05 0)
(0 0 0)
(0 -1.4436186e-06 0)
(0 0 0)
(0 0 0)
(0 0 0)
(0 -1.1162475e-05 0)
(0 -1.7100333e-06 0)
(0 0 0)
(0 -2.7946308e-06 0)
(0 0 0)
(0 0 0)
(0 0 0)
(0 0 0)
(0 0 0)
(0 0 0)
(0 0 0)
(0 -9.5546942e-06 0)
(0 -8.9726695e-06 0)
(0 -0.00087501552 0)
(0 -0.0008652603 0)
(0 -0.00094355495 0)
(0 -0.00094153344 0)
(0 -0.00096713989 0)
(0 -0.00097030435 0)
(0 -0.00095649344 0)
(0 -0.00096836223 0)
(0 -0.00098093552 0)
(0 -0.00097870103 0)
(0 -0.00097036776 0)
(0 -0.00097674466 0)
(0 -0.00098662116 0)
(0 -0.00098306256 0)
(0 -0.00097611116 0)
(0 -0.00098108719 0)
(0 -0.00098985617 0)
(0 -0.00098568544 0)
(0 -0.00097938711 0)
(0 -0.00098369774 0)
(0 -0.00099188229 0)
(0 -0.00098738751 0)
(0 -0.00098144032 0)
(0 -0.00098539144 0)
(0 -0.00099323569 0)
(0 -0.00098855287 0)
(0 -0.00098281241 0)
(0 -0.00098655091 0)
(0 -0.00099418147 0)
(0 -0.0009893815 0)
(0 -0.00098377153 0)
(0 -0.00098737526 0)
(0 -0.00099486387 0)
(0 -0.00098998695 0)
(0 -0.00098446367 0)
(0 -0.00098797752 0)
(0 -0.00099536854 0)
(0 -0.00099044156 0)
(0 -0.00098497527 0)
(0 -0.00098842741 0)
(0 -0.00099576732 0)
(0 -0.00099088236 0)
(0 -0.00098535785 0)
(0 -0.00098868702 0)
(0 -0.00099649425 0)
(0 -0.00098449863 0)
(0 -0.00098360685 0)
(0 -0.00099668276 0)
(0 -0.00099132581 0)
(0 -0.00098469302 0)
(0 -0.00098913217 0)
(0 -0.00099643541 0)
(0 -0.00099145405 0)
(0 -0.00098601296 0)
(0 -0.00098925148 0)
(0 -0.00099696308 0)
(0 -0.00098495775 0)
(0 -0.00098390843 0)
(0 -0.00098387457 0)
(0 -0.00098406332 0)
(0 -0.00099629348 0)
(0 -0.0009870319 0)
(0 -0.00098529711 0)
(0 -0.00099628784 0)
(0 -0.00098543579 0)
(0 -0.00098436092 0)
(0 -0.00099168744 0)
(0 -0.00098418967 0)
(0 -0.00098418991 0)
(0 -0.00099085139 0)
(0 -0.00098429143 0)
(0 -0.00099066085 0)
(0 -0.00098363151 0)
(0 -0.00099604406 0)
(0 -0.00099036957 0)
(0 -0.00098420992 0)
(0 -0.00098834803 0)
(0 -0.0009943566 0)
(0 -0.0009838993 0)
(0 -0.00098516819 0)
(0 -0.00098752226 0)
(0 -0.00098305712 0)
(0 -0.00099261907 0)
(0 -0.0009874678 0)
(0 -0.0009834359 0)
(0 -0.00098561127 0)
(0 -0.00098469111 0)
(0 -0.00098114476 0)
(0 -0.00098268073 0)
(0 -0.00098631713 0)
(0 -0.00096595314 0)
(0 -0.00097592531 0)
(0 -0.00096443819 0)
(0 -0.00088343864 0)
(0 -0.00088304645 0)
(0 -0.00092740045 0)
(0 -0.00090950661 0)
(0 -0.00092800937 0)
(0 -0.00093761613 0)
(0 -0.00093508019 0)
(0 -0.00093762107 0)
(0 -0.00093526096 0)
(0 -0.00093757666 0)
(0 -0.00093519564 0)
(0 -0.00090912945 0)
(0 -0.00092796583 0)
(0 -0.00090904338 0)
(0 -2.8584838e-05 0)
(0 -1.8290805e-05 0)
(0 -2.8606532e-05 0)
(0 -3.0940325e-05 0)
(0 -1.7007907e-05 0)
(0 -3.0744812e-05 0)
(0 -3.375094e-05 0)
(0 -1.7195087e-05 0)
(0 -3.3586804e-05 0)
(0 -3.805009e-05 0)
(0 -1.7506971e-05 0)
(0 -3.7013941e-05 0)
(0 -4.4785575e-05 0)
(0 -2.0300816e-05 0)
(0 -4.2848201e-05 0)
(0 -5.5054297e-05 0)
(0 -2.4751601e-05 0)
(0 -5.1203128e-05 0)
(0 -6.9693871e-05 0)
(0 -3.4411669e-05 0)
(0 -6.4192361e-05 0)
(0 -8.8617774e-05 0)
(0 -4.8418565e-05 0)
(0 -8.0863936e-05 0)
(0 -7.3642169e-05 0)
(0 -0.00010318397 0)
(0 -1.2466574e-05 0)
(0 -1.3650216e-05 0)
(0 -9.2405373e-06 0)
(0 -8.9524981e-05 0)
(0 -0.00011326384 0)
(0 -8.5374476e-05 0)
(0 -2.8585353e-05 0)
(0 -1.8289429e-05 0)
(0 -3.0940881e-05 0)
(0 -1.7006091e-05 0)
(0 -3.3750417e-05 0)
(0 -1.7190755e-05 0)
(0 -3.8048798e-05 0)
(0 -1.7489909e-05 0)
(0 -4.4784314e-05 0)
(0 -2.0281584e-05 0)
(0 -5.5054151e-05 0)
(0 -2.4728815e-05 0)
(0 -6.9696601e-05 0)
(0 -3.440376e-05 0)
(0 -8.8623302e-05 0)
(0 -4.8416412e-05 0)
(0 -7.3648142e-05 0)
(0 -1.2417242e-05 0)
(0 -9.2119073e-06 0)
(0 -5.1939853e-06 0)
(0 -5.3276904e-06 0)
(0 -4.1093534e-06 0)
(0 -1.8606329e-06 0)
(0 -3.5309348e-06 0)
(0 -3.6044978e-06 0)
(0 -2.8709429e-06 0)
(0 0 0)
(0 0 0)
(0 0 0)
(0 0 0)
(0 0 0)
(0 0 0)
(0 0 0)
(0 0 0)
(0 0 0)
(0 0 0)
(0 -7.6479413e-06 0)
(0 -5.6165635e-06 0)
(0 -8.5920047e-06 0)
(0 0 0)
(0 -1.6694656e-05 0)
(0 -1.20152e-05 0)
(0 -1.8500138e-05 0)
(0 -6.1566517e-06 0)
(0 -8.9908775e-05 0)
(0 -8.5598279e-05 0)
(0 -4.283202e-06 0)
(0 -5.368584e-06 0)
(0 -3.950802e-06 0)
(0 -3.4499638e-06 0)
(0 -4.2359038e-06 0)
(0 -4.9081166e-06 0)
(0 -2.3437538e-06 0)
(0 -3.5126099e-06 0)
(0 -4.0156472e-06 0)
(0 -1.7556909e-06 0)
(0 -3.0108007e-06 0)
(0 -3.4130308e-06 0)
(0 -1.3859278e-06 0)
(0 -2.7681728e-06 0)
(0 -3.0148398e-06 0)
(0 -1.323589e-06 0)
(0 -2.7811639e-06 0)
(0 -2.9181097e-06 0)
(0 -1.399358e-06 0)
(0 -3.0520706e-06 0)
(0 -3.0427494e-06 0)
(0 -1.7882311e-06 0)
(0 -3.588553e-06 0)
(0 -3.4736816e-06 0)
(0 -2.4048896e-06 0)
(0 -4.3547417e-06 0)
(0 -4.1158623e-06 0)
(0 -3.560347e-06 0)
(0 -5.0581735e-06 0)
(0 -4.4587421e-06 0)
(0 -5.6323313e-06 0)
(0 -4.1806505e-06 0)
(0 -4.2659904e-06 0)
(0 -3.9404645e-06 0)
(0 -3.449482e-06 0)
(0 -4.235828e-06 0)
(0 -2.3434735e-06 0)
(0 -3.5125927e-06 0)
(0 -9.0185197e-07 0)
(0 -9.7681816e-07 0)
(0 -6.4414005e-07 0)
(0 -3.3559359e-07 0)
(0 -1.755455e-06 0)
(0 -3.0106723e-06 0)
(0 -4.4172435e-07 0)
(0 -4.757903e-07 0)
(0 -3.2337033e-07 0)
(0 0 0)
(0 -1.38476e-06 0)
(0 -2.7679539e-06 0)
(0 0 0)
(0 0 0)
(0 0 0)
(0 -1.322531e-06 0)
(0 -2.7809333e-06 0)
(0 0 0)
(0 0 0)
(0 0 0)
(0 -1.398139e-06 0)
(0 -3.0519322e-06 0)
(0 0 0)
(0 0 0)
(0 0 0)
(0 -1.7880035e-06 0)
(0 -3.5885727e-06 0)
(0 -4.5048686e-07 0)
(0 -3.2905569e-07 0)
(0 -4.8627305e-07 0)
(0 0 0)
(0 -2.4047588e-06 0)
(0 -4.3548412e-06 0)
(0 -9.2718157e-07 0)
(0 -6.6097746e-07 0)
(0 -1.0057353e-06 0)
(0 -3.4524153e-07 0)
(0 -3.5606688e-06 0)
(0 -4.4766034e-06 0)
(0 -4.1911592e-06 0)
(0 -6.6533284e-06 0)
(0 -5.3838162e-06 0)
(0 -8.3058003e-06 0)
(0 -8.0988788e-05 0)
(0 -8.55069e-05 0)
(0 -0.00012197643 0)
(0 -3.7222174e-06 0)
(0 -3.5998869e-06 0)
(0 -5.1607772e-06 0)
(0 -0.00012652175 0)
(0 -0.00015991377 0)
(0 -0.00019528912 0)
(0 -0.00022836606 0)
(0 -0.00031959396 0)
(0 -0.00033543575 0)
(0 -0.0006028907 0)
(0 -0.001 0)
(0 -0.00059092889 0)
(0 -0.001 0)
(0 -0.001 0)
(0 -0.001 0)
(0 -0.001 0)
(0 -0.001 0)
(0 -0.00061986021 0)
(0 -0.00054805185 0)
(0 -0.00028901218 0)
(0 -3.8723872e-06 0)
(0 -0.00020547572 0)
(0 -0.00015658236 0)
(0 -0.00030514338 0)
(0 -4.0109961e-06 0)
(0 -5.7790286e-06 0)
(0 -0.00011468149 0)
(0 -0.00017781814 0)
(0 -5.5702174e-06 0)
(0 -7.7800155e-05 0)
(0 -6.844236e-06 0)
(0 -8.5580766e-06 0)
(0 -9.4798112e-06 0)
(0 -7.9682583e-05 0)
(0 -7.8683757e-05 0)
(0 -0.00010667631 0)
(0 -1.2754144e-05 0)
(0 -1.3997819e-05 0)
(0 -1.8544711e-05 0)
(0 -1.7140433e-05 0)
(0 -1.7218513e-05 0)
(0 -1.7416025e-05 0)
(0 -2.0060381e-05 0)
(0 -2.4297741e-05 0)
(0 -3.3549304e-05 0)
(0 -4.6871509e-05 0)
(0 -7.0830726e-05 0)
(0 -8.4675546e-05 0)
(0 -0.00010605322 0)
(0 -6.6445076e-06 0)
(0 -5.3809769e-06 0)
(0 -2.3221335e-06 0)
(0 -2.730283e-06 0)
(0 -1.3373143e-06 0)
(0 0 0)
(0 0 0)
(0 0 0)
(0 0 0)
(0 0 0)
(0 -1.7115038e-05 0)
(0 -9.4929633e-06 0)
(0 -2.2195309e-05 0)
(0 0 0)
(0 -8.103925e-05 0)
(0 -8.5504851e-05 0)
(0 -3.0792766e-06 0)
(0 -1.970883e-06 0)
(0 -1.7823764e-06 0)
(0 0 0)
(0 -9.9107342e-07 0)
(0 0 0)
(0 0 0)
(0 -1.2256484e-05 0)
(0 0 0)
(0 -5.5223187e-05 0)
(0 -3.2944648e-05 0)
(0 -3.3954771e-05 0)
(0 -3.7207326e-06 0)
(0 -3.5963836e-06 0)
(0 -2.3902173e-06 0)
(0 -1.4658087e-06 0)
(0 -1.430241e-06 0)
(0 0 0)
(0 0 0)
(0 0 0)
(0 0 0)
(0 -0.00012648623 0)
(0 -7.2037743e-05 0)
(0 -4.168589e-05 0)
(0 -4.6479908e-05 0)
(0 -0.00015990922 0)
(0 0 0)
(0 0 0)
(0 -5.4404158e-07 0)
(0 0 0)
(0 0 0)
(0 -2.4198343e-05 0)
(0 -0.00022840678 0)
(0 -0.0003196927 0)
(0 -8.3056575e-07 0)
(0 -1.0340561e-06 0)
(0 0 0)
(0 -4.481961e-07 0)
(0 -6.1270473e-05 0)
(0 -7.1038796e-05 0)
(0 0 0)
(0 -3.8004595e-05 0)
(0 0 0)
(0 0 0)
(0 0 0)
(0 0 0)
(0 -0.0006046701 0)
(0 -0.00027456553 0)
(0 -0.00024672258 0)
(0 -0.00010494206 0)
(0 -0.00025390221 0)
(0 -0.001 0)
(0 -0.00057213467 0)
(0 -0.001 0)
(0 -0.001 0)
(0 -0.001 0)
(0 -0.001 0)
(0 -0.00051945205 0)
(0 -0.001 0)
(0 -0.00061948908 0)
(0 -0.00022891331 0)
(0 -0.00023709367 0)
(0 -7.8606537e-05 0)
(0 -0.00019892298 0)
(0 0 0)
(0 0 0)
(0 0 0)
(0 0 0)
(0 -0.00054805121 0)
(0 -8.5554052e-07 0)
(0 -4.7793585e-07 0)
(0 0 0)
(0 -1.099512e-06 0)
(0 -5.3811961e-05 0)
(0 -3.3081527e-05 0)
(0 0 0)
(0 -6.288852e-05 0)
(0 -0.0002891308 0)
(0 -3.8750135e-06 0)
(0 0 0)
(0 -5.8411645e-07 0)
(0 0 0)
(0 0 0)
(0 -2.1638005e-05 0)
(0 0 0)
(0 -0.00020603488 0)
(0 -0.00014442162 0)
(0 -4.0107828e-06 0)
(0 -2.5682742e-06 0)
(0 -1.5376775e-06 0)
(0 -1.5691065e-06 0)
(0 0 0)
(0 0 0)
(0 0 0)
(0 0 0)
(0 -0.00011507245 0)
(0 -6.5871581e-05 0)
(0 -4.2229658e-05 0)
(0 -3.8054918e-05 0)
(0 -5.5691529e-06 0)
(0 -3.2072755e-06 0)
(0 -1.8628914e-06 0)
(0 -2.047161e-06 0)
(0 0 0)
(0 0 0)
(0 -1.0217841e-06 0)
(0 0 0)
(0 0 0)
(0 -1.1164532e-05 0)
(0 -7.8034177e-05 0)
(0 -5.0647841e-05 0)
(0 -3.108748e-05 0)
(0 -3.010245e-05 0)
(0 -6.8435223e-06 0)
(0 -9.4794945e-06 0)
(0 -2.3439481e-06 0)
(0 0 0)
(0 -2.7960676e-06 0)
(0 -1.4052247e-06 0)
(0 0 0)
(0 0 0)
(0 0 0)
(0 0 0)
(0 -1.6012554e-05 0)
(0 0 0)
(0 -8.9009216e-06 0)
(0 -2.0643966e-05 0)
(0 -7.3527697e-05 0)
(0 -7.8932635e-05 0)
(0 -1.2753616e-05 0)
(0 -1.854428e-05 0)
(0 -1.713847e-05 0)
(0 -5.2419936e-06 0)
(0 -1.8776354e-06 0)
(0 -5.3845556e-06 0)
(0 -4.1389507e-06 0)
(0 -1.7213741e-05 0)
(0 -3.5378796e-06 0)
(0 0 0)
(0 -3.6164881e-06 0)
(0 -2.8703268e-06 0)
(0 -1.7398394e-05 0)
(0 0 0)
(0 0 0)
(0 0 0)
(0 -2.0040506e-05 0)
(0 0 0)
(0 0 0)
(0 0 0)
(0 -2.4273814e-05 0)
(0 0 0)
(0 0 0)
(0 0 0)
(0 -3.3539988e-05 0)
(0 -7.4279096e-06 0)
(0 0 0)
(0 -5.4631294e-06 0)
(0 -8.3233483e-06 0)
(0 -4.6865326e-05 0)
(0 -1.6091476e-05 0)
(0 -5.9171165e-06 0)
(0 -1.1593361e-05 0)
(0 -1.7798005e-05 0)
(0 -7.0828629e-05 0)
(0 -8.4714972e-05 0)
(0 -0.00083720172 0)
(0 -0.00078542559 0)
(0 -0.001 0)
(0 -0.001 0)
(0 -0.00092125585 0)
(0 -0.001 0)
(0 -0.001 0)
(0 -0.00093882757 0)
(0 -0.001 0)
(0 -0.001 0)
(0 -0.001 0)
(0 -0.00094521247 0)
(0 -0.001 0)
(0 -0.001 0)
(0 -0.001 0)
(0 -0.0009487015 0)
(0 -0.001 0)
(0 -0.001 0)
(0 -0.001 0)
(0 -0.00095084031 0)
(0 -0.001 0)
(0 -0.001 0)
(0 -0.001 0)
(0 -0.00095224738 0)
(0 -0.001 0)
(0 -0.001 0)
(0 -0.001 0)
(0 -0.00095322017 0)
(0 -0.001 0)
(0 -0.001 0)
(0 -0.001 0)
(0 -0.00095391667 0)
(0 -0.001 0)
(0 -0.001 0)
(0 -0.001 0)
(0 -0.00095442841 0)
(0 -0.001 0)
(0 -0.001 0)
(0 -0.001 0)
(0 -0.00095481996 0)
(0 -0.001 0)
(0 -0.001 0)
(0 -0.001 0)
(0 -0.00095579436 0)
(0 -0.001 0)
(0 -0.001 0)
(0 -0.001 0)
(0 -0.00097914885 0)
(0 -0.001 0)
(0 -0.001 0)
(0 -0.001 0)
(0 -0.00095554223 0)
(0 -0.001 0)
(0 -0.001 0)
(0 -0.001 0)
(0 -0.00095627526 0)
(0 -0.001 0)
(0 -0.001 0)
(0 -0.001 0)
(0 -0.001 0)
(0 -0.001 0)
(0 -0.001 0)
(0 -0.00097943771 0)
(0 -0.001 0)
(0 -0.001 0)
(0 -0.001 0)
(0 -0.0009550627 0)
(0 -0.001 0)
(0 -0.001 0)
(0 -0.001 0)
(0 -0.00097830283 0)
(0 -0.001 0)
(0 -0.001 0)
(0 -0.001 0)
(0 -0.001 0)
(0 -0.001 0)
(0 -0.001 0)
(0 -0.00097741441 0)
(0 -0.001 0)
(0 -0.001 0)
(0 -0.001 0)
(0 -0.00095262547 0)
(0 -0.001 0)
(0 -0.001 0)
(0 -0.001 0)
(0 -0.00097857114 0)
(0 -0.001 0)
(0 -0.001 0)
(0 -0.001 0)
(0 -0.00095443414 0)
(0 -0.001 0)
(0 -0.001 0)
(0 -0.001 0)
(0 -0.00095062635 0)
(0 -0.001 0)
(0 -0.001 0)
(0 -0.001 0)
(0 -0.00095144856 0)
(0 -0.001 0)
(0 -0.001 0)
(0 -0.001 0)
(0 -0.00095164215 0)
(0 -0.001 0)
(0 -0.001 0)
(0 -0.001 0)
(0 -0.00094832489 0)
(0 -0.001 0)
(0 -0.001 0)
(0 -0.001 0)
(0 -0.00086181496 0)
(0 -0.001 0)
(0 -0.0008465271 0)
(0 -0.001 0)
(0 -0.001 0)
(0 -0.001 0)
(0 -0.00091248988 0)
(0 -0.001 0)
(0 -0.001 0)
(0 -0.001 0)
(0 -0.00091930941 0)
(0 -0.001 0)
(0 -0.001 0)
(0 -0.001 0)
(0 -0.00091329515 0)
(0 -0.001 0)
(0 -0.00086439259 0)
(0 -0.001 0)
(0 -0.001 0)
(0 -0.001 0)
(0 -0.00090607701 0)
(0 -0.001 0)
(0 -0.001 0)
(0 -0.001 0)
(0 -0.00092098748 0)
(0 -0.001 0)
(0 -0.001 0)
(0 -0.001 0)
(0 -0.00092910229 0)
(0 -0.001 0)
(0 -0.001 0)
(0 -0.001 0)
(0 -0.00093403944 0)
(0 -0.001 0)
(0 -0.001 0)
(0 -0.001 0)
(0 -0.00093727045 0)
(0 -0.001 0)
(0 -0.001 0)
(0 -0.001 0)
(0 -0.00093949648 0)
(0 -0.001 0)
(0 -0.001 0)
(0 -0.001 0)
(0 -0.00094108654 0)
(0 -0.001 0)
(0 -0.001 0)
(0 -0.001 0)
(0 -0.00094225078 0)
(0 -0.001 0)
(0 -0.001 0)
(0 -0.001 0)
(0 -0.00094311641 0)
(0 -0.001 0)
(0 -0.001 0)
(0 -0.001 0)
(0 -0.00094376412 0)
(0 -0.001 0)
(0 -0.001 0)
(0 -0.001 0)
(0 -0.00094424677 0)
(0 -0.001 0)
(0 -0.001 0)
(0 -0.001 0)
(0 -0.0009445997 0)
(0 -0.001 0)
(0 -0.001 0)
(0 -0.001 0)
(0 -0.00094484649 0)
(0 -0.001 0)
(0 -0.001 0)
(0 -0.001 0)
(0 -0.00094500234 0)
(0 -0.001 0)
(0 -0.001 0)
(0 -0.001 0)
(0 -0.00094507598 0)
(0 -0.001 0)
(0 -0.001 0)
(0 -0.001 0)
(0 -0.00094507063 0)
(0 -0.001 0)
(0 -0.001 0)
(0 -0.001 0)
(0 -0.00094498407 0)
(0 -0.001 0)
(0 -0.001 0)
(0 -0.001 0)
(0 -0.00094480807 0)
(0 -0.001 0)
(0 -0.001 0)
(0 -0.001 0)
(0 -0.00094452668 0)
(0 -0.001 0)
(0 -0.001 0)
(0 -0.001 0)
(0 -0.00094411271 0)
(0 -0.001 0)
(0 -0.001 0)
(0 -0.001 0)
(0 -0.00094352112 0)
(0 -0.001 0)
(0 -0.001 0)
(0 -0.001 0)
(0 -0.00094267532 0)
(0 -0.001 0)
(0 -0.001 0)
(0 -0.001 0)
(0 -0.00094143705 0)
(0 -0.001 0)
(0 -0.001 0)
(0 -0.001 0)
(0 -0.00093952986 0)
(0 -0.001 0)
(0 -0.001 0)
(0 -0.001 0)
(0 -0.00093629181 0)
(0 -0.001 0)
(0 -0.001 0)
(0 -0.001 0)
(0 -0.0009290128 0)
(0 -0.001 0)
(0 -0.001 0)
(0 -0.001 0)
(0 -0.00086618566 0)
(0 -0.001 0)
(0 -0.001 0)
(0 -0.001 0)
(0 -0.00085027287 0)
(0 -0.00093420992 0)
(0 -0.00081621594 0)
(0 -0.00079853127 0)
(0 -0.00087308007 0)
(0 -0.00086583437 0)
(0 -0.00097433636 0)
(0 -0.0008891729 0)
(0 -0.001012221 0)
(0 -0.00090275908 0)
(0 -0.0010330421 0)
(0 -0.00091137112 0)
(0 -0.0010457373 0)
(0 -0.00091717273 0)
(0 -0.0010540565 0)
(0 -0.00092125211 0)
(0 -0.001059793 0)
(0 -0.0009242075 0)
(0 -0.001063893 0)
(0 -0.00092639131 0)
(0 -0.0010668962 0)
(0 -0.00092802251 0)
(0 -0.0010691298 0)
(0 -0.00092924258 0)
(0 -0.0010708014 0)
(0 -0.00093014542 0)
(0 -0.0010720472 0)
(0 -0.00093079392 0)
(0 -0.0010729583 0)
(0 -0.00093122963 0)
(0 -0.0010735955 0)
(0 -0.00093147824 0)
(0 -0.0010739979 0)
(0 -0.00093155259 0)
(0 -0.0010741881 0)
(0 -0.00093145387 0)
(0 -0.0010741743 0)
(0 -0.00093117103 0)
(0 -0.0010739508 0)
(0 -0.00093067843 0)
(0 -0.0010734966 0)
(0 -0.00092993044 0)
(0 -0.0010727703 0)
(0 -0.00092885116 0)
(0 -0.001071702 0)
(0 -0.00092731384 0)
(0 -0.0010701758 0)
(0 -0.00092509776 0)
(0 -0.0010679946 0)
(0 -0.00092178731 0)
(0 -0.0010648033 0)
(0 -0.00091648957 0)
(0 -0.0010598938 0)
(0 -0.00090669516 0)
(0 -0.001051569 0)
(0 -0.00087763168 0)
(0 -0.0010339019 0)
(0 -0.00091823989 0)
(0 -0.00098141371 0)
(0 -0.00092384228 0)
(0 -0.0007464364 0)
(0 -0.0008361199 0)
(0 -0.001 0)
(0 -0.001 0)
(0 -0.00089928477 0)
(0 -0.001 0)
(0 -0.001 0)
(0 -0.00091660162 0)
(0 -0.001 0)
(0 -0.001 0)
(0 -0.001 0)
(0 -0.00092287996 0)
(0 -0.001 0)
(0 -0.001 0)
(0 -0.001 0)
(0 -0.00092632076 0)
(0 -0.001 0)
(0 -0.001 0)
(0 -0.001 0)
(0 -0.0009284331 0)
(0 -0.001 0)
(0 -0.001 0)
(0 -0.001 0)
(0 -0.00092982415 0)
(0 -0.001 0)
(0 -0.001 0)
(0 -0.001 0)
(0 -0.00093078653 0)
(0 -0.001 0)
(0 -0.001 0)
(0 -0.001 0)
(0 -0.00093147592 0)
(0 -0.001 0)
(0 -0.001 0)
(0 -0.001 0)
(0 -0.00093198253 0)
(0 -0.001 0)
(0 -0.001 0)
(0 -0.001 0)
(0 -0.00093236248 0)
(0 -0.001 0)
(0 -0.001 0)
(0 -0.001 0)
(0 -0.00093238502 0)
(0 -0.001 0)
(0 -0.001 0)
(0 -0.001 0)
(0 -0.00093102503 0)
(0 -0.001 0)
(0 -0.001 0)
(0 -0.001 0)
(0 -0.00093300414 0)
(0 -0.001 0)
(0 -0.001 0)
(0 -0.001 0)
(0 -0.00093285271 0)
(0 -0.001 0)
(0 -0.001 0)
(0 -0.001 0)
(0 -0.00093084197 0)
(0 -0.001 0)
(0 -0.001 0)
(0 -0.001 0)
(0 -0.00093214141 0)
(0 -0.001 0)
(0 -0.001 0)
(0 -0.001 0)
(0 -0.0009536343 0)
(0 -0.001 0)
(0 -0.001 0)
(0 -0.001 0)
(0 -0.00095228921 0)
(0 -0.001 0)
(0 -0.001 0)
(0 -0.001 0)
(0 -0.00095204822 0)
(0 -0.001 0)
(0 -0.001 0)
(0 -0.001 0)
(0 -0.00095237619 0)
(0 -0.001 0)
(0 -0.001 0)
(0 -0.001 0)
(0 -0.001 0)
(0 -0.001 0)
(0 -0.001 0)
(0 -0.00093147718 0)
(0 -0.001 0)
(0 -0.001 0)
(0 -0.001 0)
(0 -0.00093289765 0)
(0 -0.001 0)
(0 -0.001 0)
(0 -0.001 0)
(0 -0.001 0)
(0 -0.001 0)
(0 -0.001 0)
(0 -0.00095202073 0)
(0 -0.001 0)
(0 -0.001 0)
(0 -0.001 0)
(0 -0.00092912443 0)
(0 -0.001 0)
(0 -0.001 0)
(0 -0.001 0)
(0 -0.00092587022 0)
(0 -0.001 0)
(0 -0.001 0)
(0 -0.001 0)
(0 -0.00086127257 0)
(0 -0.001 0)
(0 -0.00084835731 0)
(0 -0.001 0)
(0 -0.001 0)
(0 -0.001 0)
(0 -0.00091298502 0)
(0 -0.001 0)
(0 -0.001 0)
(0 -0.001 0)
(0 -0.00091929439 0)
(0 -0.001 0)
(0 -0.001 0)
(0 -0.001 0)
(0 -0.00091322292 0)
(0 -0.001 0)
(0 -0.00086331827 0)
(0 -0.001 0)
(0 -0.001 0)
(0 -0.001 0)
(0 -0.00090486572 0)
(0 -0.001 0)
(0 -0.001 0)
(0 -0.001 0)
(0 -0.00091972491 0)
(0 -0.001 0)
(0 -0.001 0)
(0 -0.001 0)
(0 -0.00092781253 0)
(0 -0.001 0)
(0 -0.001 0)
(0 -0.001 0)
(0 -0.00093273322 0)
(0 -0.001 0)
(0 -0.001 0)
(0 -0.001 0)
(0 -0.00093595351 0)
(0 -0.001 0)
(0 -0.001 0)
(0 -0.001 0)
(0 -0.00093817218 0)
(0 -0.001 0)
(0 -0.001 0)
(0 -0.001 0)
(0 -0.00093975699 0)
(0 -0.001 0)
(0 -0.001 0)
(0 -0.001 0)
(0 -0.0009409174 0)
(0 -0.001 0)
(0 -0.001 0)
(0 -0.001 0)
(0 -0.00094178018 0)
(0 -0.001 0)
(0 -0.001 0)
(0 -0.001 0)
(0 -0.00094242576 0)
(0 -0.001 0)
(0 -0.001 0)
(0 -0.001 0)
(0 -0.00094290683 0)
(0 -0.001 0)
(0 -0.001 0)
(0 -0.001 0)
(0 -0.0009432586 0)
(0 -0.001 0)
(0 -0.001 0)
(0 -0.001 0)
(0 -0.00094350458 0)
(0 -0.001 0)
(0 -0.001 0)
(0 -0.001 0)
(0 -0.00094365992 0)
(0 -0.001 0)
(0 -0.001 0)
(0 -0.001 0)
(0 -0.00094373332 0)
(0 -0.001 0)
(0 -0.001 0)
(0 -0.001 0)
(0 -0.00094372798 0)
(0 -0.001 0)
(0 -0.001 0)
(0 -0.001 0)
(0 -0.00094364171 0)
(0 -0.001 0)
(0 -0.001 0)
(0 -0.001 0)
(0 -0.00094346629 0)
(0 -0.001 0)
(0 -0.001 0)
(0 -0.001 0)
(0 -0.00094318582 0)
(0 -0.001 0)
(0 -0.001 0)
(0 -0.001 0)
(0 -0.00094277321 0)
(0 -0.001 0)
(0 -0.001 0)
(0 -0.001 0)
(0 -0.00094218357 0)
(0 -0.001 0)
(0 -0.001 0)
(0 -0.001 0)
(0 -0.00094134056 0)
(0 -0.001 0)
(0 -0.001 0)
(0 -0.001 0)
(0 -0.00094010638 0)
(0 -0.001 0)
(0 -0.001 0)
(0 -0.001 0)
(0 -0.00093820554 0)
(0 -0.001 0)
(0 -0.001 0)
(0 -0.001 0)
(0 -0.00093497874 0)
(0 -0.001 0)
(0 -0.001 0)
(0 -0.001 0)
(0 -0.00092771926 0)
(0 -0.001 0)
(0 -0.001 0)
(0 -0.001 0)
(0 -0.0008649783 0)
(0 -0.001 0)
(0 -0.001 0)
(0 -0.001 0)
(0 -0.00085003193 0)
(0 -0.00093418861 0)
(0 -0.00081586553 0)
(0 -0.00079862874 0)
(0 -0.00086553648 0)
(0 -0.00088890673 0)
(0 -0.00090251399 0)
(0 -0.00091114031 0)
(0 -0.00091695195 0)
(0 -0.00092103857 0)
(0 -0.00092399931 0)
(0 -0.00092618713 0)
(0 -0.00092782135 0)
(0 -0.0009290437 0)
(0 -0.00092994823 0)
(0 -0.00093059796 0)
(0 -0.00093103449 0)
(0 -0.00093128357 0)
(0 -0.00093135807 0)
(0 -0.00093125916 0)
(0 -0.00093097579 0)
(0 -0.00093048225 0)
(0 -0.00092973287 0)
(0 -0.00092865158 0)
(0 -0.00092711141 0)
(0 -0.00092489129 0)
(0 -0.00092157487 0)
(0 -0.00091626821 0)
(0 -0.00090645826 0)
(0 -0.00087739387 0)
(0 -0.00091832255 0)
(0 -2.8893697e-05 0)
(0 -2.8997579e-05 0)
(0 -3.1091438e-05 0)
(0 -3.0984735e-05 0)
(0 -3.3710519e-05 0)
(0 -3.3647085e-05 0)
(0 -3.7770354e-05 0)
(0 -3.6854466e-05 0)
(0 -4.4186347e-05 0)
(0 -4.2403703e-05 0)
(0 -5.3988783e-05 0)
(0 -5.0369058e-05 0)
(0 -6.7944381e-05 0)
(0 -6.277379e-05 0)
(0 -8.589548e-05 0)
(0 -7.8622952e-05 0)
(0 -9.9793905e-05 0)
(0 -2.8893236e-05 0)
(0 -3.1090745e-05 0)
(0 -3.3708084e-05 0)
(0 -3.7766441e-05 0)
(0 -4.4181555e-05 0)
(0 -5.3984178e-05 0)
(0 -6.7941668e-05 0)
(0 -8.5891984e-05 0)
(0 -4.1194783e-06 0)
(0 -2.8039046e-06 0)
(0 -4.6151945e-06 0)
(0 -3.7627717e-06 0)
(0 -2.0845879e-06 0)
(0 0 0)
(0 0 0)
(0 0 0)
(0 0 0)
(0 -1.48156e-05 0)
(0 0 0)
(0 -9.39125e-06 0)
(0 0 0)
(0 -2.2396892e-05 0)
(0 -1.7193418e-05 0)
(0 -2.7298303e-05 0)
(0 -2.4392653e-06 0)
(0 -1.6708395e-06 0)
(0 0 0)
(0 0 0)
(0 -2.2424272e-05 0)
(0 0 0)
(0 -1.7721067e-05 0)
(0 0 0)
(0 -2.0982578e-06 0)
(0 -1.9685295e-06 0)
(0 -2.6503702e-06 0)
(0 0 0)
(0 0 0)
(0 0 0)
(0 0 0)
(0 -4.5703285e-05 0)
(0 -4.8819319e-05 0)
(0 -6.1485183e-05 0)
(0 0 0)
(0 0 0)
(0 0 0)
(0 0 0)
(0 -8.0322339e-07 0)
(0 -1.0364282e-06 0)
(0 0 0)
(0 0 0)
(0 -4.1374561e-05 0)
(0 -6.1178041e-05 0)
(0 0 0)
(0 0 0)
(0 -8.4376222e-07 0)
(0 -1.1239092e-06 0)
(0 -1.3458667e-06 0)
(0 -8.1049726e-05 0)
(0 -0.00012754154 0)
(0 -0.00013557469 0)
(0 -7.9694259e-07 0)
(0 -4.8921399e-07 0)
(0 0 0)
(0 0 0)
(0 -7.4846176e-05 0)
(0 0 0)
(0 -0.00015041092 0)
(0 0 0)
(0 0 0)
(0 0 0)
(0 0 0)
(0 0 0)
(0 -8.2226843e-07 0)
(0 0 0)
(0 -5.0614392e-07 0)
(0 0 0)
(0 0 0)
(0 -6.0967811e-05 0)
(0 -0.00012087457 0)
(0 0 0)
(0 -1.1675363e-06 0)
(0 -8.7968192e-07 0)
(0 -1.4023732e-06 0)
(0 -0.00010848364 0)
(0 -7.001901e-05 0)
(0 -0.00011777629 0)
(0 0 0)
(0 -1.0998181e-06 0)
(0 -8.5754899e-07 0)
(0 0 0)
(0 0 0)
(0 -5.4648348e-05 0)
(0 -3.7533124e-05 0)
(0 0 0)
(0 0 0)
(0 0 0)
(0 0 0)
(0 0 0)
(0 -2.0925119e-06 0)
(0 -2.2118469e-06 0)
(0 -2.8072083e-06 0)
(0 0 0)
(0 0 0)
(0 0 0)
(0 0 0)
(0 -4.4759574e-05 0)
(0 -4.1933102e-05 0)
(0 -5.661758e-05 0)
(0 -1.7144477e-06 0)
(0 0 0)
(0 -2.4775672e-06 0)
(0 0 0)
(0 0 0)
(0 -1.6591091e-05 0)
(0 -2.0745516e-05 0)
(0 0 0)
(0 -2.8526458e-06 0)
(0 -4.1945969e-06 0)
(0 -4.7156399e-06 0)
(0 -2.1163776e-06 0)
(0 0 0)
(0 -3.8111463e-06 0)
(0 0 0)
(0 0 0)
(0 0 0)
(0 0 0)
(0 -8.975743e-06 0)
(0 -1.4210083e-05 0)
(0 0 0)
(0 -1.6200911e-05 0)
(0 -2.1284501e-05 0)
(0 -2.5913928e-05 0)
(0 -0.00078574748 0)
(0 -0.00097984893 0)
(0 -0.00096292361 0)
(0 -0.00085737047 0)
(0 -0.0008712924 0)
(0 -0.00099178667 0)
(0 -0.0010373022 0)
(0 -0.0010103454 0)
(0 -0.00095106869 0)
(0 -0.00096209973 0)
(0 -0.0010227601 0)
(0 -0.0010556148 0)
(0 -0.0010218102 0)
(0 -0.00097318908 0)
(0 -0.00098397569 0)
(0 -0.0010356053 0)
(0 -0.0010651953 0)
(0 -0.0010271642 0)
(0 -0.0009834654 0)
(0 -0.00099409755 0)
(0 -0.0010429318 0)
(0 -0.0010709599 0)
(0 -0.0010303073 0)
(0 -0.00098949296 0)
(0 -0.0010000315 0)
(0 -0.0010475238 0)
(0 -0.0010747018 0)
(0 -0.0010323134 0)
(0 -0.00099333737 0)
(0 -0.0010038159 0)
(0 -0.0010505925 0)
(0 -0.0010772642 0)
(0 -0.0010336712 0)
(0 -0.00099593815 0)
(0 -0.001006376 0)
(0 -0.0010527376 0)
(0 -0.0010790863 0)
(0 -0.0010346289 0)
(0 -0.0009977719 0)
(0 -0.0010081811 0)
(0 -0.0010542856 0)
(0 -0.0010804176 0)
(0 -0.0010353245 0)
(0 -0.00099910352 0)
(0 -0.0010094919 0)
(0 -0.0010554301 0)
(0 -0.0010814142 0)
(0 -0.0010358419 0)
(0 -0.0010000949 0)
(0 -0.0010104659 0)
(0 -0.0010563107 0)
(0 -0.0010821559 0)
(0 -0.0010362437 0)
(0 -0.0010009407 0)
(0 -0.0010111598 0)
(0 -0.0010521655 0)
(0 -0.0010477134 0)
(0 -0.0010251391 0)
(0 -0.00099112899 0)
(0 -0.0010059744 0)
(0 -0.0010525966 0)
(0 -0.0010831385 0)
(0 -0.0010364265 0)
(0 -0.0010022733 0)
(0 -0.0010114938 0)
(0 -0.0010578013 0)
(0 -0.0010834077 0)
(0 -0.0010369039 0)
(0 -0.001002216 0)
(0 -0.0010123974 0)
(0 -0.0010532026 0)
(0 -0.0010485299 0)
(0 -0.0010255846 0)
(0 -0.00099205092 0)
(0 -0.0010068047 0)
(0 -0.0010485222 0)
(0 -0.0010486177 0)
(0 -0.0010253467 0)
(0 -0.0010063252 0)
(0 -0.0010517575 0)
(0 -0.0010548294 0)
(0 -0.0010265683 0)
(0 -0.00099850664 0)
(0 -0.00099642302 0)
(0 -0.0010517306 0)
(0 -0.0010467396 0)
(0 -0.0010263972 0)
(0 -0.0009919914 0)
(0 -0.001008824 0)
(0 -0.0010200781 0)
(0 -0.0010047064 0)
(0 -0.00098126226 0)
(0 -0.0010464034 0)
(0 -0.0010462753 0)
(0 -0.0010259356 0)
(0 -0.0010079965 0)
(0 -0.0010240571 0)
(0 -0.0010441162 0)
(0 -0.0010152657 0)
(0 -0.0009905142 0)
(0 -0.0010235393 0)
(0 -0.0010452701 0)
(0 -0.0010146013 0)
(0 -0.00098513274 0)
(0 -0.00098916664 0)
(0 -0.0010512385 0)
(0 -0.0010811347 0)
(0 -0.0010355623 0)
(0 -0.0010006334 0)
(0 -0.0010099808 0)
(0 -0.0010533644 0)
(0 -0.001046166 0)
(0 -0.001024864 0)
(0 -0.00099404621 0)
(0 -0.00099433008 0)
(0 -0.0010204267 0)
(0 -0.0010443635 0)
(0 -0.0010135875 0)
(0 -0.00098609032 0)
(0 -0.0010493703 0)
(0 -0.0010749739 0)
(0 -0.0010335901 0)
(0 -0.00099503351 0)
(0 -0.0010065899 0)
(0 -0.0010468406 0)
(0 -0.0010687482 0)
(0 -0.0010306877 0)
(0 -0.00099044733 0)
(0 -0.0010008813 0)
(0 -0.0010358818 0)
(0 -0.0010458705 0)
(0 -0.0010227919 0)
(0 -0.00097375987 0)
(0 -0.00098476864 0)
(0 -0.00097945708 0)
(0 -0.00094122713 0)
(0 -0.00089177222 0)
(0 -0.00089079262 0)
(0 -0.00092278394 0)
(0 -0.00094501147 0)
(0 -0.0009282881 0)
(0 -0.00089455959 0)
(0 -0.00089529591 0)
(0 -0.0009344231 0)
(0 -0.00095531574 0)
(0 -0.00093770096 0)
(0 -0.00091164686 0)
(0 -0.00091172184 0)
(0 -0.00093764298 0)
(0 -0.00095536083 0)
(0 -0.00093449289 0)
(0 -0.00091174391 0)
(0 -0.00091169474 0)
(0 -0.00092803091 0)
(0 -0.00094402214 0)
(0 -0.00092211304 0)
(0 -0.00089526446 0)
(0 -0.00089506999 0)
(0 -5.9351491e-06 0)
(0 -4.9376223e-06 0)
(0 -2.2025444e-06 0)
(0 -3.9685661e-06 0)
(0 -3.1088246e-06 0)
(0 0 0)
(0 0 0)
(0 0 0)
(0 0 0)
(0 0 0)
(0 0 0)
(0 0 0)
(0 -6.0864073e-06 0)
(0 -9.5168639e-06 0)
(0 0 0)
(0 -1.4543822e-05 0)
(0 -2.0709171e-05 0)
(0 -7.3125463e-06 0)
(0 -1.1135135e-06 0)
(0 -7.9273679e-07 0)
(0 -4.0867234e-07 0)
(0 -5.4457829e-07 0)
(0 -3.6592104e-07 0)
(0 0 0)
(0 0 0)
(0 0 0)
(0 0 0)
(0 0 0)
(0 0 0)
(0 0 0)
(0 -3.7235582e-07 0)
(0 -5.5662737e-07 0)
(0 0 0)
(0 -8.1353097e-07 0)
(0 -1.1464452e-06 0)
(0 -4.2040075e-07 0)
(0 -3.3503956e-06 0)
(0 -1.7079896e-06 0)
(0 0 0)
(0 0 0)
(0 0 0)
(0 0 0)
(0 0 0)
(0 -1.185153e-05 0)
(0 -2.7174888e-05 0)
(0 0 0)
(0 -2.496064e-06 0)
(0 -2.2631405e-06 0)
(0 -1.1833242e-06 0)
(0 0 0)
(0 -1.459913e-05 0)
(0 0 0)
(0 -4.1694427e-05 0)
(0 -4.3156289e-05 0)
(0 -1.8638301e-06 0)
(0 -1.8107531e-06 0)
(0 0 0)
(0 0 0)
(0 0 0)
(0 0 0)
(0 -5.2904397e-05 0)
(0 -5.8818428e-05 0)
(0 0 0)
(0 -6.4971962e-07 0)
(0 0 0)
(0 -2.8813832e-05 0)
(0 -1.2779385e-06 0)
(0 0 0)
(0 -5.7015831e-07 0)
(0 -9.0489072e-05 0)
(0 0 0)
(0 -4.637447e-05 0)
(0 0 0)
(0 0 0)
(0 0 0)
(0 0 0)
(0 -0.00012010924 0)
(0 -0.00026835866 0)
(0 -0.00031725532 0)
(0 -0.001 0)
(0 -0.00060235956 0)
(0 -0.001 0)
(0 -0.001 0)
(0 -0.00052524644 0)
(0 -0.001 0)
(0 -8.9706593e-05 0)
(0 -0.00026709653 0)
(0 -0.00021764899 0)
(0 0 0)
(0 0 0)
(0 0 0)
(0 0 0)
(0 -5.9733014e-07 0)
(0 0 0)
(0 -1.3473263e-06 0)
(0 -4.0487279e-05 0)
(0 0 0)
(0 -8.0176144e-05 0)
(0 -6.9690654e-07 0)
(0 0 0)
(0 -2.6412125e-05 0)
(0 0 0)
(0 -1.9467933e-06 0)
(0 -1.9951732e-06 0)
(0 0 0)
(0 0 0)
(0 0 0)
(0 0 0)
(0 -5.3592206e-05 0)
(0 -4.8326738e-05 0)
(0 -2.3656799e-06 0)
(0 -2.5924599e-06 0)
(0 0 0)
(0 -1.2191342e-06 0)
(0 0 0)
(0 -1.360975e-05 0)
(0 -3.9555482e-05 0)
(0 -3.814802e-05 0)
(0 0 0)
(0 -3.5638984e-06 0)
(0 -1.7207879e-06 0)
(0 0 0)
(0 0 0)
(0 0 0)
(0 0 0)
(0 0 0)
(0 -1.0932134e-05 0)
(0 -2.6339818e-05 0)
(0 -2.2238329e-06 0)
(0 -6.0000205e-06 0)
(0 -4.9751482e-06 0)
(0 0 0)
(0 -3.9845859e-06 0)
(0 -3.1108325e-06 0)
(0 0 0)
(0 0 0)
(0 0 0)
(0 0 0)
(0 0 0)
(0 0 0)
(0 0 0)
(0 -5.9284141e-06 0)
(0 -9.2279198e-06 0)
(0 -7.0368277e-06 0)
(0 -1.4037398e-05 0)
(0 -1.9933439e-05 0)
(0 -0.00099694952 0)
(0 -0.001 0)
(0 -0.001 0)
(0 -0.0010174864 0)
(0 -0.001 0)
(0 -0.001 0)
(0 -0.0010249794 0)
(0 -0.001 0)
(0 -0.001 0)
(0 -0.001029089 0)
(0 -0.001 0)
(0 -0.001 0)
(0 -0.0010316087 0)
(0 -0.001 0)
(0 -0.001 0)
(0 -0.0010332666 0)
(0 -0.001 0)
(0 -0.001 0)
(0 -0.0010344129 0)
(0 -0.001 0)
(0 -0.001 0)
(0 -0.0010352336 0)
(0 -0.001 0)
(0 -0.001 0)
(0 -0.0010358365 0)
(0 -0.001 0)
(0 -0.001 0)
(0 -0.0010362913 0)
(0 -0.001 0)
(0 -0.001 0)
(0 -0.0010363187 0)
(0 -0.001 0)
(0 -0.001 0)
(0 -0.0010253359 0)
(0 -0.001 0)
(0 -0.001 0)
(0 -0.0010370843 0)
(0 -0.001 0)
(0 -0.001 0)
(0 -0.0010368769 0)
(0 -0.001 0)
(0 -0.001 0)
(0 -0.0010254779 0)
(0 -0.001 0)
(0 -0.001 0)
(0 -0.0010261194 0)
(0 -0.001 0)
(0 -0.001 0)
(0 -0.0010266911 0)
(0 -0.001 0)
(0 -0.001 0)
(0 -0.0010149058 0)
(0 -0.001 0)
(0 -0.001 0)
(0 -0.0010148242 0)
(0 -0.001 0)
(0 -0.001 0)
(0 -0.0010149688 0)
(0 -0.001 0)
(0 -0.001 0)
(0 -0.001015195 0)
(0 -0.001 0)
(0 -0.001 0)
(0 -0.0010252447 0)
(0 -0.001 0)
(0 -0.001 0)
(0 -0.0010363233 0)
(0 -0.001 0)
(0 -0.001 0)
(0 -0.0010140779 0)
(0 -0.001 0)
(0 -0.001 0)
(0 -0.0010236382 0)
(0 -0.001 0)
(0 -0.001 0)
(0 -0.0010324835 0)
(0 -0.001 0)
(0 -0.001 0)
(0 -0.0010285201 0)
(0 -0.001 0)
(0 -0.001 0)
(0 -0.0010021143 0)
(0 -0.001 0)
(0 -0.00094728046 0)
(0 -0.001 0)
(0 -0.001 0)
(0 -0.00095179759 0)
(0 -0.001 0)
(0 -0.001 0)
(0 -0.00095640696 0)
(0 -0.001 0)
(0 -0.001 0)
(0 -0.00095175824 0)
(0 -0.001 0)
(0 -0.001 0)
(0 -0.001 0)
(0 -0.001 0)
(0 -0.001 0)
(0 -0.001 0)
(0 -0.001 0)
(0 -0.001 0)
(0 -0.001 0)
(0 -0.001 0)
(0 -0.001 0)
(0 -0.001 0)
(0 -0.001 0)
(0 -0.001 0)
(0 -0.001 0)
(0 -0.001 0)
(0 -0.001 0)
(0 -0.001 0)
(0 -0.001 0)
(0 -0.001 0)
(0 -0.001 0)
(0 -0.001 0)
(0 -0.001 0)
(0 -0.001 0)
(0 -0.001 0)
(0 -0.001 0)
(0 -0.001 0)
(0 -0.001 0)
(0 -0.001 0)
(0 -0.001 0)
(0 -0.001 0)
(0 -0.001 0)
(0 -0.001 0)
(0 -0.001 0)
(0 -0.001 0)
(0 -0.001 0)
(0 -0.001 0)
(0 -0.001 0)
(0 -0.001 0)
(0 -0.001 0)
(0 -0.001 0)
(0 -0.001 0)
(0 -0.001 0)
(0 -0.001 0)
(0 -0.001 0)
(0 -0.001 0)
(0 -0.001 0)
(0 -0.001 0)
(0 -0.001 0)
(0 -0.001 0)
(0 -0.001 0)
(0 -0.001 0)
(0 -0.001 0)
(0 -0.001 0)
(0 -0.001 0)
(0 -0.001 0)
(0 -0.001 0)
(0 -0.00094210217 0)
(0 -6.5850258e-06 0)
(0 -3.1638877e-06 0)
(0 -2.811186e-06 0)
(0 -3.3085888e-06 0)
(0 -1.7849399e-06 0)
(0 -4.037914e-06 0)
(0 0 0)
(0 0 0)
(0 0 0)
(0 0 0)
(0 0 0)
(0 0 0)
(0 0 0)
(0 -1.0696055e-05 0)
(0 0 0)
(0 -2.5055935e-05 0)
(0 -1.2416084e-05 0)
(0 0 0)
(0 0 0)
(0 -1.3896169e-05 0)
(0 -8.0128609e-06 0)
(0 -1.7961097e-05 0)
(0 -1.3295463e-06 0)
(0 -6.4897265e-07 0)
(0 -7.0493666e-07 0)
(0 -8.9095596e-07 0)
(0 -4.0927235e-07 0)
(0 -5.8980567e-07 0)
(0 0 0)
(0 0 0)
(0 0 0)
(0 0 0)
(0 0 0)
(0 0 0)
(0 0 0)
(0 -6.0406308e-07 0)
(0 0 0)
(0 -1.3711304e-06 0)
(0 -6.6973394e-07 0)
(0 0 0)
(0 0 0)
(0 -7.3114689e-07 0)
(0 -4.2371227e-07 0)
(0 -9.276603e-07 0)
(0 -0.00039232467 0)
(0 0 0)
(0 -0.0007063686 0)
(0 -0.001 0)
(0 -0.0008933518 0)
(0 -0.001 0)
(0 -4.0333882e-06 0)
(0 -1.940614e-06 0)
(0 -2.3886574e-06 0)
(0 -1.3792756e-06 0)
(0 0 0)
(0 -2.2130207e-06 0)
(0 0 0)
(0 0 0)
(0 -1.365436e-05 0)
(0 -3.4559723e-05 0)
(0 -1.7821141e-05 0)
(0 0 0)
(0 -2.769529e-05 0)
(0 -1.4669712e-05 0)
(0 -1.3421846e-06 0)
(0 0 0)
(0 -1.0748621e-06 0)
(0 -1.6480459e-06 0)
(0 0 0)
(0 -2.0767579e-05 0)
(0 0 0)
(0 -2.1863427e-05 0)
(0 0 0)
(0 -3.5935594e-05 0)
(0 -9.4209827e-07 0)
(0 -1.5476477e-06 0)
(0 0 0)
(0 -9.0647075e-07 0)
(0 0 0)
(0 -2.5091713e-05 0)
(0 -3.8372636e-05 0)
(0 0 0)
(0 -3.1913554e-05 0)
(0 0 0)
(0 -1.2392309e-06 0)
(0 -6.6248331e-07 0)
(0 -1.6387344e-06 0)
(0 -8.2013499e-07 0)
(0 -5.8535328e-05 0)
(0 -3.4242581e-05 0)
(0 -0.0001000165 0)
(0 -4.8886127e-05 0)
(0 0 0)
(0 0 0)
(0 -6.6305878e-07 0)
(0 0 0)
(0 0 0)
(0 -6.5237941e-05 0)
(0 -9.42587e-05 0)
(0 -0.00010433484 0)
(0 -6.5748513e-05 0)
(0 -0.00026763302 0)
(0 -0.0001305449 0)
(0 0 0)
(0 0 0)
(0 -0.00036373358 0)
(0 0 0)
(0 -0.00072892555 0)
(0 -0.001 0)
(0 -0.00087270992 0)
(0 -0.00030306977 0)
(0 0 0)
(0 -0.001 0)
(0 0 0)
(0 0 0)
(0 -0.00021927989 0)
(0 -0.00010408587 0)
(0 0 0)
(0 -6.9662151e-07 0)
(0 -7.8070618e-05 0)
(0 -5.3064299e-05 0)
(0 -8.8157434e-05 0)
(0 0 0)
(0 -5.6247604e-05 0)
(0 0 0)
(0 -1.7008242e-06 0)
(0 -8.7282493e-07 0)
(0 0 0)
(0 -8.9404175e-05 0)
(0 -4.3547779e-05 0)
(0 -1.3284876e-06 0)
(0 -7.0860516e-07 0)
(0 -9.749784e-07 0)
(0 0 0)
(0 -5.2393954e-05 0)
(0 -3.053475e-05 0)
(0 -2.8929954e-05 0)
(0 0 0)
(0 -1.0044918e-06 0)
(0 0 0)
(0 -1.6447508e-06 0)
(0 -1.1279758e-06 0)
(0 -1.7373042e-06 0)
(0 0 0)
(0 -2.2922915e-05 0)
(0 0 0)
(0 -3.5136101e-05 0)
(0 -2.002856e-05 0)
(0 0 0)
(0 -3.2957199e-05 0)
(0 -1.3907215e-06 0)
(0 0 0)
(0 -2.4594661e-06 0)
(0 -1.4175522e-06 0)
(0 0 0)
(0 0 0)
(0 -1.8962445e-05 0)
(0 0 0)
(0 -2.5298185e-05 0)
(0 -1.3422506e-05 0)
(0 -4.0357477e-06 0)
(0 -1.9808107e-06 0)
(0 0 0)
(0 -2.2816726e-06 0)
(0 -2.8595789e-06 0)
(0 -3.3772407e-06 0)
(0 -1.8122526e-06 0)
(0 0 0)
(0 0 0)
(0 0 0)
(0 0 0)
(0 0 0)
(0 -1.2901231e-05 0)
(0 -1.3239199e-05 0)
(0 -7.6453394e-06 0)
(0 -1.7063739e-05 0)
(0 -3.2089155e-05 0)
(0 -1.6436769e-05 0)
(0 -6.6669575e-06 0)
(0 -3.2031816e-06 0)
(0 -4.060258e-06 0)
(0 0 0)
(0 0 0)
(0 0 0)
(0 0 0)
(0 0 0)
(0 -1.0343599e-05 0)
(0 0 0)
(0 -2.4075598e-05 0)
(0 -1.1888984e-05 0)
(0 -0.00092592795 0)
(0 -0.00086913866 0)
(0 -0.00088083458 0)
(0 -0.00096471574 0)
(0 -0.00092075517 0)
(0 -0.00090738478 0)
(0 -0.00097889329 0)
(0 -0.00093730063 0)
(0 -0.00091837617 0)
(0 -0.00098666643 0)
(0 -0.00094595572 0)
(0 -0.00092463623 0)
(0 -0.000991439 0)
(0 -0.00095116544 0)
(0 -0.00092855904 0)
(0 -0.00099458237 0)
(0 -0.000954548 0)
(0 -0.00093118034 0)
(0 -0.00099675732 0)
(0 -0.00095686474 0)
(0 -0.00093301262 0)
(0 -0.00099831547 0)
(0 -0.00095851238 0)
(0 -0.00093433488 0)
(0 -0.0009994607 0)
(0 -0.00095971646 0)
(0 -0.000935313 0)
(0 -0.0010003341 0)
(0 -0.00096062096 0)
(0 -0.00093609364 0)
(0 -0.0010014418 0)
(0 -0.00096157886 0)
(0 -0.00094373666 0)
(0 -0.00099086527 0)
(0 -0.00094403573 0)
(0 -0.0010019167 0)
(0 -0.00096246119 0)
(0 -0.00093739649 0)
(0 -0.001002511 0)
(0 -0.00096271716 0)
(0 -0.00094466176 0)
(0 -0.00099167979 0)
(0 -0.00094373049 0)
(0 -0.00099828261 0)
(0 -0.00095871512 0)
(0 -0.00094373378 0)
(0 -0.00098633276 0)
(0 -0.00094612887 0)
(0 -0.00098543975 0)
(0 -0.00093839115 0)
(0 -0.00099009454 0)
(0 -0.00095493716 0)
(0 -0.00093805136 0)
(0 -0.00098981105 0)
(0 -0.00094276172 0)
(0 -0.00099960965 0)
(0 -0.00096057138 0)
(0 -0.00093377133 0)
(0 -0.00098672892 0)
(0 -0.00095318521 0)
(0 -0.00092665716 0)
(0 -0.00099117252 0)
(0 -0.00095149791 0)
(0 -0.00093037844 0)
(0 -0.00099297194 0)
(0 -0.00095473439 0)
(0 -0.00098547701 0)
(0 -0.00094936039 0)
(0 -0.00091785905 0)
(0 -0.00094359838 0)
(0 -0.00091456978 0)
(0 -0.00082836481 0)
(0 -0.001 0)
(0 -0.00093391861 0)
(0 -0.001 0)
(0 -0.0009436023 0)
(0 -0.001 0)
(0 -0.00094813348 0)
(0 -0.001 0)
(0 -0.00095079608 0)
(0 -0.001 0)
(0 -0.00095249691 0)
(0 -0.001 0)
(0 -0.00095364877 0)
(0 -0.001 0)
(0 -0.00095446153 0)
(0 -0.001 0)
(0 -0.00095505209 0)
(0 -0.001 0)
(0 -0.00095549222 0)
(0 -0.001 0)
(0 -0.00095588265 0)
(0 -0.001 0)
(0 -0.0009800303 0)
(0 -0.001 0)
(0 -0.00095693021 0)
(0 -0.001 0)
(0 -0.0009564497 0)
(0 -0.001 0)
(0 -0.00098047152 0)
(0 -0.001 0)
(0 -0.001 0)
(0 -0.00095584163 0)
(0 -0.001 0)
(0 -0.00098026192 0)
(0 -0.001 0)
(0 -0.000977541 0)
(0 -0.001 0)
(0 -0.001 0)
(0 -0.00095338557 0)
(0 -0.001 0)
(0 -0.00097795628 0)
(0 -0.001 0)
(0 -0.00095619879 0)
(0 -0.001 0)
(0 -0.00095338157 0)
(0 -0.001 0)
(0 -0.0009508975 0)
(0 -0.001 0)
(0 -0.00095311564 0)
(0 -0.001 0)
(0 -0.00095119449 0)
(0 -0.001 0)
(0 -0.0009409208 0)
(0 -0.00087951489 0)
(0 -0.00080052686 0)
(0 -0.00084900635 0)
(0 -0.001 0)
(0 -0.0008931796 0)
(0 -0.00090598263 0)
(0 -0.00087167611 0)
(0 -0.00088190023 0)
(0 -0.001 0)
(0 -0.0009179402 0)
(0 -0.00091339052 0)
(0 -0.00088593262 0)
(0 -0.00088584752 0)
(0 -0.001 0)
(0 -0.0009181684 0)
(0 -0.000906262 0)
(0 -0.00088237611 0)
(0 -0.00087257474 0)
(0 -0.001 0)
(0 -0.00089623623 0)
(0 -0.001 0)
(0 -0.001 0)
(0 -0.001 0)
(0 -0.001 0)
(0 -0.001 0)
(0 -0.001 0)
(0 -0.001 0)
(0 -0.001 0)
(0 -0.001 0)
(0 -0.001 0)
(0 -0.001 0)
(0 -0.001 0)
(0 -0.001 0)
(0 -0.001 0)
(0 -0.001 0)
(0 -0.001 0)
(0 -0.001 0)
(0 -0.001 0)
(0 -0.001 0)
(0 -0.001 0)
(0 -0.001 0)
(0 -0.001 0)
(0 -0.001 0)
(0 -0.001 0)
(0 -0.001 0)
(0 -0.001 0)
(0 -0.001 0)
(0 -0.00087914384 0)
(0 -0.00085084929 0)
(0 -0.00093673644 0)
(0 -0.00086203669 0)
(0 -0.00089413545 0)
(0 -0.00097566676 0)
(0 -0.00091430474 0)
(0 -0.00092152628 0)
(0 -0.00098971399 0)
(0 -0.00093084026 0)
(0 -0.00093294284 0)
(0 -0.00099740307 0)
(0 -0.00093946711 0)
(0 -0.00093946999 0)
(0 -0.0010021205 0)
(0 -0.0009446579 0)
(0 -0.00094356498 0)
(0 -0.0010052258 0)
(0 -0.00094802748 0)
(0 -0.00094630335 0)
(0 -0.0010073736 0)
(0 -0.000950335 0)
(0 -0.00094821836 0)
(0 -0.0010089118 0)
(0 -0.00095197594 0)
(0 -0.00094960073 0)
(0 -0.001010042 0)
(0 -0.00095317497 0)
(0 -0.00095062266 0)
(0 -0.0010108884 0)
(0 -0.00095407061 0)
(0 -0.00095138594 0)
(0 -0.0010108629 0)
(0 -0.00095461178 0)
(0 -0.00095053493 0)
(0 -0.0010061412 0)
(0 -0.0009495194 0)
(0 -0.00095092777 0)
(0 -0.0010123127 0)
(0 -0.00095549933 0)
(0 -0.00095269378 0)
(0 -0.0010119046 0)
(0 -0.00095573608 0)
(0 -0.00095145411 0)
(0 -0.0010063365 0)
(0 -0.00095010111 0)
(0 -0.00095001305 0)
(0 -0.0010078045 0)
(0 -0.00095033007 0)
(0 -0.00095403519 0)
(0 -0.00099633573 0)
(0 -0.00095427344 0)
(0 -0.00098961698 0)
(0 -0.00095301718 0)
(0 -0.00098946773 0)
(0 -0.00095262738 0)
(0 -0.00098978841 0)
(0 -0.00095261619 0)
(0 -0.0010062727 0)
(0 -0.00095157365 0)
(0 -0.00094988892 0)
(0 -0.0010112083 0)
(0 -0.00095388467 0)
(0 -0.00095299875 0)
(0 -0.0009916516 0)
(0 -0.00094958748 0)
(0 -0.001003699 0)
(0 -0.00094841696 0)
(0 -0.0009429509 0)
(0 -0.00099619343 0)
(0 -0.00094277924 0)
(0 -0.00093275447 0)
(0 -0.00094130714 0)
(0 -0.00091061625 0)
(0 -0.00082710368 0)
(0 -0.001 0)
(0 -0.00091099159 0)
(0 -0.001 0)
(0 -0.00092078473 0)
(0 -0.001 0)
(0 -0.00092532357 0)
(0 -0.001 0)
(0 -0.00092798678 0)
(0 -0.001 0)
(0 -0.0009296859 0)
(0 -0.001 0)
(0 -0.00093083563 0)
(0 -0.001 0)
(0 -0.00093164641 0)
(0 -0.001 0)
(0 -0.00093223525 0)
(0 -0.001 0)
(0 -0.00093267291 0)
(0 -0.001 0)
(0 -0.00093298808 0)
(0 -0.001 0)
(0 -0.00093146276 0)
(0 -0.001 0)
(0 -0.00093317835 0)
(0 -0.001 0)
(0 -0.00093354492 0)
(0 -0.001 0)
(0 -0.00093182984 0)
(0 -0.001 0)
(0 -0.00093161108 0)
(0 -0.001 0)
(0 -0.00095401843 0)
(0 -0.001 0)
(0 -0.00093347601 0)
(0 -0.001 0)
(0 -0.001 0)
(0 -0.00093308463 0)
(0 -0.001 0)
(0 -0.001 0)
(0 -0.00095238296 0)
(0 -0.001 0)
(0 -0.00093254662 0)
(0 -0.001 0)
(0 -0.00095358162 0)
(0 -0.001 0)
(0 -0.001 0)
(0 -0.00093130807 0)
(0 -0.001 0)
(0 -0.00092838826 0)
(0 -0.001 0)
(0 -0.00091883627 0)
(0 -0.00087974715 0)
(0 -0.00080005519 0)
(0 -0.00085024941 0)
(0 -0.001 0)
(0 -0.00089524799 0)
(0 -0.00090624697 0)
(0 -0.00087237287 0)
(0 -0.00088214801 0)
(0 -0.001 0)
(0 -0.00091806505 0)
(0 -0.00091337568 0)
(0 -0.00088591908 0)
(0 -0.00088582758 0)
(0 -0.001 0)
(0 -0.00091812698 0)
(0 -0.00090616378 0)
(0 -0.00088223433 0)
(0 -0.00087242075 0)
(0 -0.001 0)
(0 -0.00089623427 0)
(0 -0.001 0)
(0 -0.001 0)
(0 -0.001 0)
(0 -0.001 0)
(0 -0.001 0)
(0 -0.001 0)
(0 -0.001 0)
(0 -0.001 0)
(0 -0.001 0)
(0 -0.001 0)
(0 -0.001 0)
(0 -0.001 0)
(0 -0.001 0)
(0 -0.001 0)
(0 -0.001 0)
(0 -0.001 0)
(0 -0.001 0)
(0 -0.001 0)
(0 -0.001 0)
(0 -0.001 0)
(0 -0.001 0)
(0 -0.001 0)
(0 -0.001 0)
(0 -0.001 0)
(0 -0.001 0)
(0 -0.001 0)
(0 -0.001 0)
(0 -0.00087891128 0)
(0 -0.00085037827 0)
(0 -2.7372468e-05 0)
(0 -2.9545272e-05 0)
(0 -3.2106853e-05 0)
(0 -3.6131981e-05 0)
(0 -4.2576798e-05 0)
(0 -5.2563767e-05 0)
(0 -6.6947201e-05 0)
(0 -8.5596225e-05 0)
(0 -1.1812663e-05 0)
(0 -1.8290075e-05 0)
(0 -1.8423269e-05 0)
(0 -5.2509947e-06 0)
(0 -1.8444873e-05 0)
(0 -4.5231614e-06 0)
(0 -3.7857036e-06 0)
(0 -1.8653389e-05 0)
(0 -2.9903078e-06 0)
(0 0 0)
(0 -2.162533e-05 0)
(0 0 0)
(0 0 0)
(0 -2.6386295e-05 0)
(0 0 0)
(0 0 0)
(0 -3.7012771e-05 0)
(0 0 0)
(0 -5.8518107e-06 0)
(0 -5.2441046e-05 0)
(0 -9.0544176e-06 0)
(0 -1.3279214e-05 0)
(0 -7.3645264e-05 0)
(0 -1.8363468e-05 0)
(0 -8.6140346e-05 0)
(0 -4.1815142e-06 0)
(0 -3.4497134e-06 0)
(0 -4.1504618e-06 0)
(0 -2.5566343e-06 0)
(0 -1.0095139e-06 0)
(0 -3.4309663e-06 0)
(0 -1.9351405e-06 0)
(0 -7.1831278e-07 0)
(0 -5.101601e-07 0)
(0 -2.9289977e-06 0)
(0 -1.5136812e-06 0)
(0 -3.4460345e-07 0)
(0 0 0)
(0 -2.6865062e-06 0)
(0 -1.4444207e-06 0)
(0 0 0)
(0 0 0)
(0 -2.6991489e-06 0)
(0 -1.5283514e-06 0)
(0 0 0)
(0 0 0)
(0 -2.9692569e-06 0)
(0 -1.971121e-06 0)
(0 0 0)
(0 -3.5066371e-07 0)
(0 -3.5053381e-06 0)
(0 -2.6233974e-06 0)
(0 -5.2143082e-07 0)
(0 -7.3713555e-07 0)
(0 -4.2672521e-06 0)
(0 -3.5604997e-06 0)
(0 -1.0394845e-06 0)
(0 -4.3724018e-06 0)
(0 -9.2262608e-06 0)
(0 -7.3653475e-06 0)
(0 -2.9975892e-06 0)
(0 0 0)
(0 0 0)
(0 0 0)
(0 -1.0814181e-05 0)
(0 -8.5488138e-05 0)
(0 -2.517755e-05 0)
(0 -8.9560692e-05 0)
(0 -5.9285708e-06 0)
(0 -1.0868681e-06 0)
(0 -2.2331949e-06 0)
(0 0 0)
(0 0 0)
(0 -1.3471609e-05 0)
(0 -9.4082826e-05 0)
(0 -1.3428127e-05 0)
(0 0 0)
(0 -3.7319242e-05 0)
(0 -4.0962773e-06 0)
(0 -1.290652e-06 0)
(0 -0.00013932314 0)
(0 -3.9807739e-06 0)
(0 -3.9456554e-06 0)
(0 -1.6203123e-06 0)
(0 0 0)
(0 -5.9674268e-07 0)
(0 -9.9298496e-07 0)
(0 -0.00017714495 0)
(0 -5.2655824e-05 0)
(0 0 0)
(0 -2.650023e-05 0)
(0 -0.0002283879 0)
(0 -1.1378589e-06 0)
(0 0 0)
(0 -0.00029939141 0)
(0 -8.078142e-05 0)
(0 0 0)
(0 0 0)
(0 0 0)
(0 0 0)
(0 0 0)
(0 -6.1177887e-07 0)
(0 -4.7711235e-05 0)
(0 -4.1859457e-06 0)
(0 -1.2476881e-06 0)
(0 -6.6547891e-07 0)
(0 -0.00020575375 0)
(0 -0.00027015057 0)
(0 -7.1505609e-05 0)
(0 -4.2846211e-06 0)
(0 -4.414723e-06 0)
(0 -6.4043495e-07 0)
(0 0 0)
(0 -1.7420887e-06 0)
(0 -0.00015814245 0)
(0 -0.00012671054 0)
(0 -2.3773649e-05 0)
(0 0 0)
(0 -4.7869844e-05 0)
(0 -2.357259e-05 0)
(0 -6.1356697e-06 0)
(0 -7.5818538e-06 0)
(0 -2.3196026e-06 0)
(0 0 0)
(0 -1.1201235e-06 0)
(0 0 0)
(0 -8.5829869e-05 0)
(0 -8.0411315e-05 0)
(0 0 0)
(0 -3.4112856e-05 0)
(0 -1.226698e-05 0)
(0 -9.4796348e-06 0)
(0 -1.2115872e-05 0)
(0 -3.1795612e-06 0)
(0 0 0)
(0 -9.8521236e-06 0)
(0 -7.8807897e-05 0)
(0 -8.1282702e-05 0)
(0 -2.3480431e-05 0)
(0 -0.00060378102 0)
(0 -0.00083665642 0)
(0 -0.00023671742 0)
(0 -0.00073516187 0)
(0 -0.00092970068 0)
(0 -0.00095869188 0)
(0 -0.00097067876 0)
(0 -0.00097750584 0)
(0 -0.00098178332 0)
(0 -0.00098464127 0)
(0 -0.00098663881 0)
(0 -0.00098808023 0)
(0 -0.00098914625 0)
(0 -0.00098998834 0)
(0 -0.00099093308 0)
(0 -0.00099129401 0)
(0 -0.00099139916 0)
(0 -0.00099192165 0)
(0 -0.00099080741 0)
(0 -0.00099078312 0)
(0 -0.00098247701 0)
(0 -0.0009812527 0)
(0 -0.00098083604 0)
(0 -0.00098994265 0)
(0 -0.00098735509 0)
(0 -0.00097502628 0)
(0 -0.00098364847 0)
(0 -0.00097050856 0)
(0 -0.0009065501 0)
(0 -0.001 0)
(0 -0.001 0)
(0 -0.001 0)
(0 -0.001 0)
(0 -0.001 0)
(0 -0.001 0)
(0 -0.001 0)
(0 -0.001 0)
(0 -0.001 0)
(0 -0.001 0)
(0 -0.001 0)
(0 -0.001 0)
(0 -0.001 0)
(0 -0.001 0)
(0 -0.001 0)
(0 -0.001 0)
(0 -0.001 0)
(0 -0.001 0)
(0 -0.001 0)
(0 -0.001 0)
(0 -0.001 0)
(0 -0.001 0)
(0 -0.001 0)
(0 -0.001 0)
(0 -0.001 0)
(0 -0.001 0)
(0 -0.001 0)
(0 -0.001 0)
(0 -0.0008968687 0)
(0 -0.001 0)
(0 -0.00088256455 0)
(0 -0.0009190075 0)
(0 -0.0009425729 0)
(0 -0.001 0)
(0 -0.001 0)
(0 -0.001 0)
(0 -0.001 0)
(0 -0.00093209032 0)
(0 -0.00090531683 0)
(0 -0.00093661728 0)
(0 -0.00095388887 0)
(0 -0.001 0)
(0 -0.001 0)
(0 -0.001 0)
(0 -0.001 0)
(0 -0.00093784256 0)
(0 -0.00090891042 0)
(0 -0.00093676769 0)
(0 -0.00095614741 0)
(0 -0.00093251915 0)
(0 -0.001 0)
(0 -0.00089746629 0)
(0 -0.00092013607 0)
(0 -0.00094854353 0)
(0 -0.00091843763 0)
(0 -0.0007096397 0)
(0 -0.00052242342 0)
(0 -0.0002521413 0)
(0 -0.001 0)
(0 -0.001 0)
(0 -0.001 0)
(0 -0.001 0)
(0 -0.00096816701 0)
(0 -0.00093837345 0)
(0 -0.001 0)
(0 -0.001 0)
(0 -0.001 0)
(0 -0.001 0)
(0 -0.00098616662 0)
(0 -0.00099676086 0)
(0 -0.001 0)
(0 -0.001 0)
(0 -0.001 0)
(0 -0.001 0)
(0 -0.00099599103 0)
(0 -0.0010243072 0)
(0 -0.001 0)
(0 -0.001 0)
(0 -0.001 0)
(0 -0.001 0)
(0 -0.0010019774 0)
(0 -0.0010403659 0)
(0 -0.001 0)
(0 -0.001 0)
(0 -0.001 0)
(0 -0.001 0)
(0 -0.0010058986 0)
(0 -0.001050552 0)
(0 -0.001 0)
(0 -0.001 0)
(0 -0.001 0)
(0 -0.001 0)
(0 -0.0010086017 0)
(0 -0.0010574166 0)
(0 -0.001 0)
(0 -0.001 0)
(0 -0.001 0)
(0 -0.001 0)
(0 -0.0010105334 0)
(0 -0.0010622448 0)
(0 -0.001 0)
(0 -0.001 0)
(0 -0.001 0)
(0 -0.001 0)
(0 -0.0010119482 0)
(0 -0.0010657433 0)
(0 -0.001 0)
(0 -0.001 0)
(0 -0.001 0)
(0 -0.001 0)
(0 -0.0010130003 0)
(0 -0.0010683288 0)
(0 -0.001 0)
(0 -0.001 0)
(0 -0.001 0)
(0 -0.001 0)
(0 -0.0010137877 0)
(0 -0.0010702602 0)
(0 -0.001 0)
(0 -0.001 0)
(0 -0.001 0)
(0 -0.001 0)
(0 -0.0010143745 0)
(0 -0.001071705 0)
(0 -0.001 0)
(0 -0.001 0)
(0 -0.001 0)
(0 -0.001 0)
(0 -0.0010148037 0)
(0 -0.0010727742 0)
(0 -0.001 0)
(0 -0.001 0)
(0 -0.001 0)
(0 -0.001 0)
(0 -0.0010151037 0)
(0 -0.0010735422 0)
(0 -0.001 0)
(0 -0.001 0)
(0 -0.001 0)
(0 -0.001 0)
(0 -0.0010152933 0)
(0 -0.0010740582 0)
(0 -0.001 0)
(0 -0.001 0)
(0 -0.001 0)
(0 -0.001 0)
(0 -0.0010153828 0)
(0 -0.0010743526 0)
(0 -0.001 0)
(0 -0.001 0)
(0 -0.001 0)
(0 -0.001 0)
(0 -0.0010153763 0)
(0 -0.0010744407 0)
(0 -0.001 0)
(0 -0.001 0)
(0 -0.001 0)
(0 -0.001 0)
(0 -0.001015271 0)
(0 -0.0010743238 0)
(0 -0.001 0)
(0 -0.001 0)
(0 -0.001 0)
(0 -0.001 0)
(0 -0.001015057 0)
(0 -0.0010739888 0)
(0 -0.001 0)
(0 -0.001 0)
(0 -0.001 0)
(0 -0.001 0)
(0 -0.0010147148 0)
(0 -0.0010734053 0)
(0 -0.001 0)
(0 -0.001 0)
(0 -0.001 0)
(0 -0.001 0)
(0 -0.0010142115 0)
(0 -0.0010725195 0)
(0 -0.001 0)
(0 -0.001 0)
(0 -0.001 0)
(0 -0.001 0)
(0 -0.0010134922 0)
(0 -0.0010712413 0)
(0 -0.001 0)
(0 -0.001 0)
(0 -0.001 0)
(0 -0.001 0)
(0 -0.001012464 0)
(0 -0.0010694207 0)
(0 -0.001 0)
(0 -0.001 0)
(0 -0.001 0)
(0 -0.001 0)
(0 -0.0010109589 0)
(0 -0.0010667965 0)
(0 -0.001 0)
(0 -0.001 0)
(0 -0.001 0)
(0 -0.001 0)
(0 -0.0010086409 0)
(0 -0.0010628764 0)
(0 -0.001 0)
(0 -0.001 0)
(0 -0.001 0)
(0 -0.001 0)
(0 -0.0010046954 0)
(0 -0.0010566 0)
(0 -0.001 0)
(0 -0.001 0)
(0 -0.001 0)
(0 -0.001 0)
(0 -0.00099609337 0)
(0 -0.00104498 0)
(0 -0.001 0)
(0 -0.001 0)
(0 -0.001 0)
(0 -0.001 0)
(0 -0.00097547145 0)
(0 -0.0010136847 0)
(0 -0.001 0)
(0 -0.001 0)
(0 -0.001 0)
(0 -0.001 0)
(0 -0.00092347782 0)
(0 -0.0009182941 0)
(0 -0.00089624905 0)
(0 -0.00089607572 0)
(0 -0.00079860339 0)
(0 -0.00054804752 0)
(0 -0.00018937686 0)
(0 -1.8544397e-05 0)
(0 -1.8567573e-05 0)
(0 -2.7675023e-05 0)
(0 -5.309908e-06 0)
(0 -1.8478289e-05 0)
(0 -2.9698265e-05 0)
(0 -4.5564992e-06 0)
(0 -3.7996044e-06 0)
(0 -1.8565391e-05 0)
(0 -3.2078882e-05 0)
(0 -2.9909953e-06 0)
(0 0 0)
(0 -2.1380963e-05 0)
(0 -3.587852e-05 0)
(0 0 0)
(0 0 0)
(0 -2.5918735e-05 0)
(0 -4.2021004e-05 0)
(0 0 0)
(0 0 0)
(0 -3.6107576e-05 0)
(0 -5.1560267e-05 0)
(0 0 0)
(0 -5.6959858e-06 0)
(0 -5.0768365e-05 0)
(0 -6.527756e-05 0)
(0 -8.7752749e-06 0)
(0 -1.281329e-05 0)
(0 -7.082915e-05 0)
(0 -8.2964085e-05 0)
(0 -1.7681867e-05 0)
(0 -3.7129508e-06 0)
(0 -1.8403398e-06 0)
(0 -2.5111247e-06 0)
(0 -1.5333775e-06 0)
(0 0 0)
(0 0 0)
(0 -2.9998239e-06 0)
(0 -3.4629368e-06 0)
(0 -1.9341589e-06 0)
(0 0 0)
(0 -2.0314738e-06 0)
(0 0 0)
(0 0 0)
(0 0 0)
(0 0 0)
(0 0 0)
(0 0 0)
(0 0 0)
(0 0 0)
(0 -6.7340739e-06 0)
(0 -1.3614146e-05 0)
(0 0 0)
(0 -8.6995307e-06 0)
(0 0 0)
(0 0 0)
(0 -2.0170045e-05 0)
(0 -1.0399167e-05 0)
(0 -1.5384554e-05 0)
(0 0 0)
(0 -1.0567499e-05 0)
(0 -1.5874417e-06 0)
(0 0 0)
(0 -2.2006817e-06 0)
(0 -1.5257974e-06 0)
(0 0 0)
(0 0 0)
(0 0 0)
(0 0 0)
(0 0 0)
(0 -2.0052273e-05 0)
(0 0 0)
(0 -1.6187275e-05 0)
(0 -1.1061024e-06 0)
(0 -1.8726578e-06 0)
(0 -2.0225632e-06 0)
(0 -1.7576777e-06 0)
(0 -1.6646252e-06 0)
(0 0 0)
(0 0 0)
(0 0 0)
(0 0 0)
(0 -2.2931949e-05 0)
(0 0 0)
(0 0 0)
(0 -3.8559015e-05 0)
(0 0 0)
(0 -2.5704515e-05 0)
(0 -4.0805494e-05 0)
(0 -4.3582432e-05 0)
(0 0 0)
(0 -4.7294677e-05 0)
(0 0 0)
(0 0 0)
(0 -3.0311377e-05 0)
(0 0 0)
(0 0 0)
(0 0 0)
(0 -6.2961546e-07 0)
(0 -7.3297273e-07 0)
(0 -9.3147233e-07 0)
(0 0 0)
(0 0 0)
(0 -4.0056461e-05 0)
(0 -3.7805763e-05 0)
(0 -5.5018203e-05 0)
(0 0 0)
(0 0 0)
(0 -1.0072998e-06 0)
(0 -5.1755785e-07 0)
(0 -7.5468103e-07 0)
(0 -5.1367453e-07 0)
(0 0 0)
(0 0 0)
(0 0 0)
(0 -4.2191379e-05 0)
(0 0 0)
(0 -5.6088262e-05 0)
(0 -7.314101e-05 0)
(0 -0.00011597302 0)
(0 0 0)
(0 -5.9384331e-07 0)
(0 -7.2284037e-07 0)
(0 -4.4911773e-07 0)
(0 0 0)
(0 -3.7206168e-07 0)
(0 0 0)
(0 -0.00013508994 0)
(0 -7.0370652e-05 0)
(0 -0.0001407275 0)
(0 0 0)
(0 -0.00011226151 0)
(0 0 0)
(0 0 0)
(0 0 0)
(0 0 0)
(0 0 0)
(0 0 0)
(0 -0.001 0)
(0 -0.0005949916 0)
(0 0 0)
(0 -0.00023143896 0)
(0 -0.001 0)
(0 -0.00058855343 0)
(0 0 0)
(0 0 0)
(0 -0.001 0)
(0 -0.001 0)
(0 0 0)
(0 0 0)
(0 -3.8275901e-07 0)
(0 0 0)
(0 0 0)
(0 0 0)
(0 -8.4140714e-05 0)
(0 -7.4591874e-07 0)
(0 0 0)
(0 -4.6481976e-07 0)
(0 0 0)
(0 0 0)
(0 -0.00010562189 0)
(0 0 0)
(0 0 0)
(0 -0.00011247739 0)
(0 -5.7001677e-05 0)
(0 0 0)
(0 -1.0472222e-06 0)
(0 -5.3837409e-07 0)
(0 -7.8630784e-07 0)
(0 0 0)
(0 -5.3249726e-07 0)
(0 0 0)
(0 0 0)
(0 0 0)
(0 0 0)
(0 -3.6774043e-05 0)
(0 0 0)
(0 -9.8304782e-05 0)
(0 -6.3122242e-05 0)
(0 0 0)
(0 0 0)
(0 -9.8273321e-07 0)
(0 -7.8269917e-07 0)
(0 -3.5557874e-05 0)
(0 0 0)
(0 0 0)
(0 -4.9007762e-05 0)
(0 -3.3778053e-05 0)
(0 -1.0651357e-06 0)
(0 0 0)
(0 0 0)
(0 -1.7819681e-06 0)
(0 0 0)
(0 -2.764361e-05 0)
(0 0 0)
(0 0 0)
(0 0 0)
(0 -4.3184712e-05 0)
(0 -1.1705226e-06 0)
(0 -1.8682295e-06 0)
(0 -1.9741071e-06 0)
(0 0 0)
(0 -2.1140839e-06 0)
(0 -1.3445891e-06 0)
(0 0 0)
(0 0 0)
(0 -2.1000178e-05 0)
(0 0 0)
(0 0 0)
(0 0 0)
(0 -3.5314224e-05 0)
(0 -3.994288e-05 0)
(0 -3.7444472e-05 0)
(0 -1.5913146e-06 0)
(0 -1.5657437e-06 0)
(0 0 0)
(0 -2.2288189e-06 0)
(0 0 0)
(0 0 0)
(0 -1.5625738e-06 0)
(0 0 0)
(0 0 0)
(0 0 0)
(0 0 0)
(0 -9.9138889e-06 0)
(0 0 0)
(0 -1.234576e-05 0)
(0 0 0)
(0 -1.486641e-05 0)
(0 -1.8537119e-05 0)
(0 -1.8733503e-06 0)
(0 -2.5665003e-06 0)
(0 -3.7850054e-06 0)
(0 0 0)
(0 -3.033671e-06 0)
(0 -1.9638375e-06 0)
(0 0 0)
(0 -3.5068244e-06 0)
(0 -2.0504995e-06 0)
(0 0 0)
(0 0 0)
(0 0 0)
(0 0 0)
(0 0 0)
(0 0 0)
(0 0 0)
(0 0 0)
(0 0 0)
(0 0 0)
(0 -6.4751403e-06 0)
(0 0 0)
(0 -1.0391469e-05 0)
(0 0 0)
(0 -8.3089292e-06 0)
(0 0 0)
(0 -1.3047362e-05 0)
(0 -1.4546773e-05 0)
(0 -1.9171182e-05 0)
(0 -0.00089584855 0)
(0 -0.00092559306 0)
(0 -0.00077241463 0)
(0 -0.00092033215 0)
(0 -0.001 0)
(0 -0.00092563181 0)
(0 -0.0009923642 0)
(0 -0.00095646297 0)
(0 -0.001 0)
(0 -0.00092165882 0)
(0 -0.00095056383 0)
(0 -0.001 0)
(0 -0.0009805213 0)
(0 -0.00096971177 0)
(0 -0.00099800746 0)
(0 -0.0010214601 0)
(0 -0.00097553779 0)
(0 -0.001 0)
(0 -0.00095368164 0)
(0 -0.00097715814 0)
(0 -0.00096300264 0)
(0 -0.001 0)
(0 -0.00096950009 0)
(0 -0.001 0)
(0 -0.00099805892 0)
(0 -0.00098019651 0)
(0 -0.0010129321 0)
(0 -0.001030593 0)
(0 -0.00098247815 0)
(0 -0.001 0)
(0 -0.00098265553 0)
(0 -0.00099464706 0)
(0 -0.00097370518 0)
(0 -0.001 0)
(0 -0.00097639649 0)
(0 -0.001 0)
(0 -0.001007232 0)
(0 -0.00098510512 0)
(0 -0.0010190992 0)
(0 -0.001035341 0)
(0 -0.00098627561 0)
(0 -0.001 0)
(0 -0.00099470631 0)
(0 -0.0010037703 0)
(0 -0.00097867789 0)
(0 -0.001 0)
(0 -0.00098018042 0)
(0 -0.001 0)
(0 -0.001012748 0)
(0 -0.00098798883 0)
(0 -0.0010226125 0)
(0 -0.0010381955 0)
(0 -0.00098860306 0)
(0 -0.001 0)
(0 -0.0010015866 0)
(0 -0.0010092539 0)
(0 -0.0009815956 0)
(0 -0.001 0)
(0 -0.00098250263 0)
(0 -0.001 0)
(0 -0.001016327 0)
(0 -0.00098983054 0)
(0 -0.0010248133 0)
(0 -0.0010400476 0)
(0 -0.00099013401 0)
(0 -0.001 0)
(0 -0.0010058993 0)
(0 -0.0010128113 0)
(0 -0.00098345699 0)
(0 -0.001 0)
(0 -0.00098403152 0)
(0 -0.001 0)
(0 -0.0010187773 0)
(0 -0.00099107764 0)
(0 -0.0010262835 0)
(0 -0.0010413154 0)
(0 -0.00099119232 0)
(0 -0.001 0)
(0 -0.0010087815 0)
(0 -0.0010152463 0)
(0 -0.00098471647 0)
(0 -0.001 0)
(0 -0.00098508907 0)
(0 -0.001 0)
(0 -0.0010205194 0)
(0 -0.00099195753 0)
(0 -0.0010273109 0)
(0 -0.0010422168 0)
(0 -0.00099194999 0)
(0 -0.001 0)
(0 -0.0010107963 0)
(0 -0.0010169773 0)
(0 -0.00098560461 0)
(0 -0.001 0)
(0 -0.00098584653 0)
(0 -0.001 0)
(0 -0.0010217922 0)
(0 -0.00099259679 0)
(0 -0.0010280522 0)
(0 -0.0010428753 0)
(0 -0.00099250659 0)
(0 -0.001 0)
(0 -0.0010122502 0)
(0 -0.0010182419 0)
(0 -0.0009862496 0)
(0 -0.001 0)
(0 -0.00098640308 0)
(0 -0.001 0)
(0 -0.0010227473 0)
(0 -0.00099307295 0)
(0 -0.0010286002 0)
(0 -0.0010433682 0)
(0 -0.00099293057 0)
(0 -0.001 0)
(0 -0.0010133248 0)
(0 -0.0010191861 0)
(0 -0.00098672895 0)
(0 -0.001 0)
(0 -0.00098682047 0)
(0 -0.001 0)
(0 -0.0010236627 0)
(0 -0.00099347992 0)
(0 -0.0010290197 0)
(0 -0.0010437097 0)
(0 -0.00099346138 0)
(0 -0.001 0)
(0 -0.0010141275 0)
(0 -0.0010197535 0)
(0 -0.00098707607 0)
(0 -0.001 0)
(0 -0.00098681856 0)
(0 -0.001 0)
(0 -0.00099702404 0)
(0 -0.001027075 0)
(0 -0.0010250389 0)
(0 -0.00099660565 0)
(0 -0.001 0)
(0 -0.0010128476 0)
(0 -0.001011569 0)
(0 -0.00098377769 0)
(0 -0.001 0)
(0 -0.00098372181 0)
(0 -0.001 0)
(0 -0.0010245983 0)
(0 -0.00099411145 0)
(0 -0.0010272688 0)
(0 -0.0010441953 0)
(0 -0.00099370026 0)
(0 -0.001 0)
(0 -0.0010132702 0)
(0 -0.0010206875 0)
(0 -0.00098724816 0)
(0 -0.001 0)
(0 -0.00098752733 0)
(0 -0.001 0)
(0 -0.0010248635 0)
(0 -0.0009940915 0)
(0 -0.0010297312 0)
(0 -0.0010443284 0)
(0 -0.00099398155 0)
(0 -0.001 0)
(0 -0.0010155022 0)
(0 -0.0010209382 0)
(0 -0.00098768573 0)
(0 -0.001 0)
(0 -0.00098733192 0)
(0 -0.001 0)
(0 -0.00099746921 0)
(0 -0.0010275707 0)
(0 -0.0010254327 0)
(0 -0.001 0)
(0 -0.0010138124 0)
(0 -0.0010122595 0)
(0 -0.00098418156 0)
(0 -0.001 0)
(0 -0.00098374284 0)
(0 -0.001 0)
(0 -0.0010254134 0)
(0 -0.0010254832 0)
(0 -0.00099697716 0)
(0 -0.001 0)
(0 -0.0010121685 0)
(0 -0.0010123806 0)
(0 -0.00098397407 0)
(0 -0.001 0)
(0 -0.00098483915 0)
(0 -0.001 0)
(0 -0.0010176863 0)
(0 -0.00099140955 0)
(0 -0.0010263359 0)
(0 -0.0010272518 0)
(0 -0.00099108139 0)
(0 -0.001 0)
(0 -0.0010144927 0)
(0 -0.00099001232 0)
(0 -0.001 0)
(0 -0.00098987001 0)
(0 -0.001 0)
(0 -0.00099741478 0)
(0 -0.00102636 0)
(0 -0.0010240473 0)
(0 -0.00099384094 0)
(0 -0.001 0)
(0 -0.001014601 0)
(0 -0.0010129889 0)
(0 -0.0009857691 0)
(0 -0.001 0)
(0 -0.00098630733 0)
(0 -0.001 0)
(0 -0.00099118037 0)
(0 -0.0010063194 0)
(0 -0.001 0)
(0 -0.001 0)
(0 -0.00098616146 0)
(0 -0.001 0)
(0 -0.0010238918 0)
(0 -0.0010238332 0)
(0 -0.00099340213 0)
(0 -0.001 0)
(0 -0.0010126375 0)
(0 -0.0010125752 0)
(0 -0.00098538193 0)
(0 -0.001 0)
(0 -0.00098640728 0)
(0 -0.001 0)
(0 -0.0010128651 0)
(0 -0.00098722456 0)
(0 -0.0010082676 0)
(0 -0.0010222758 0)
(0 -0.00098683675 0)
(0 -0.001 0)
(0 -0.001 0)
(0 -0.001 0)
(0 -0.0009935304 0)
(0 -0.0010080261 0)
(0 -0.0010233434 0)
(0 -0.0009960883 0)
(0 -0.001 0)
(0 -0.001011597 0)
(0 -0.00098619824 0)
(0 -0.001 0)
(0 -0.00098408804 0)
(0 -0.001 0)
(0 -0.0010225745 0)
(0 -0.00099330631 0)
(0 -0.0010266484 0)
(0 -0.0010432134 0)
(0 -0.00099258112 0)
(0 -0.001 0)
(0 -0.0010121035 0)
(0 -0.0010189032 0)
(0 -0.00098650874 0)
(0 -0.001 0)
(0 -0.00098727693 0)
(0 -0.001 0)
(0 -0.0010116033 0)
(0 -0.00098923829 0)
(0 -0.0010270742 0)
(0 -0.001023166 0)
(0 -0.00098522983 0)
(0 -0.001 0)
(0 -0.0010136608 0)
(0 -0.00098903129 0)
(0 -0.001 0)
(0 -0.001 0)
(0 -0.0010098622 0)
(0 -0.00098509008 0)
(0 -0.0010066156 0)
(0 -0.001022317 0)
(0 -0.00098766769 0)
(0 -0.001 0)
(0 -0.001 0)
(0 -0.0009876109 0)
(0 -0.001 0)
(0 -0.0010164998 0)
(0 -0.00099057553 0)
(0 -0.001025155 0)
(0 -0.0010401863 0)
(0 -0.00098943523 0)
(0 -0.001 0)
(0 -0.0010099841 0)
(0 -0.0010131642 0)
(0 -0.00098510712 0)
(0 -0.001 0)
(0 -0.00098329936 0)
(0 -0.001 0)
(0 -0.0010107084 0)
(0 -0.00098834123 0)
(0 -0.0010245084 0)
(0 -0.0010370151 0)
(0 -0.00098585298 0)
(0 -0.001 0)
(0 -0.0010053911 0)
(0 -0.0010071527 0)
(0 -0.00098202874 0)
(0 -0.001 0)
(0 -0.0009796194 0)
(0 -0.001 0)
(0 -0.0009828744 0)
(0 -0.00097908736 0)
(0 -0.0010191032 0)
(0 -0.00102461 0)
(0 -0.00093215861 0)
(0 -0.001 0)
(0 -0.00099480926 0)
(0 -0.00098010369 0)
(0 -0.00097346937 0)
(0 -0.001 0)
(0 -0.00093116269 0)
(0 -0.001 0)
(0 -0.0008678435 0)
(0 -0.0009666316 0)
(0 -0.00090508767 0)
(0 -0.00086722905 0)
(0 -0.0008977597 0)
(0 -0.001 0)
(0 -0.001 0)
(0 -0.001 0)
(0 -0.00089703534 0)
(0 -0.00094888492 0)
(0 -0.00088339746 0)
(0 -0.00092022029 0)
(0 -0.00089751295 0)
(0 -0.00093245031 0)
(0 -0.00090898994 0)
(0 -0.00095616227 0)
(0 -0.00090550849 0)
(0 -0.00093670495 0)
(0 -0.00090898967 0)
(0 -0.00093787212 0)
(0 -0.0009056556 0)
(0 -0.00095396802 0)
(0 -0.00090890743 0)
(0 -0.000936743 0)
(0 -0.0009055588 0)
(0 -0.00093250567 0)
(0 -0.001 0)
(0 -0.001 0)
(0 -0.001 0)
(0 -0.00088347213 0)
(0 -0.00094028245 0)
(0 -0.00089736496 0)
(0 -0.00092012096 0)
(0 -0.00088315945 0)
(0 -1.8240517e-05 0)
(0 -1.6700956e-05 0)
(0 -1.7203453e-05 0)
(0 -1.8674588e-05 0)
(0 -2.2203953e-05 0)
(0 -2.8939764e-05 0)
(0 -3.9777552e-05 0)
(0 -6.1805712e-05 0)
(0 -2.9418804e-06 0)
(0 -1.963861e-06 0)
(0 -1.5387648e-06 0)
(0 -1.33164e-06 0)
(0 -1.3381893e-06 0)
(0 -1.5607349e-06 0)
(0 -2.0079997e-06 0)
(0 -3.0279644e-06 0)
(0 -2.8010381e-06 0)
(0 -3.1870041e-06 0)
(0 -2.1665269e-06 0)
(0 -2.3302108e-06 0)
(0 -3.5948211e-06 0)
(0 -3.7078357e-06 0)
(0 -7.4768879e-06 0)
(0 -7.6590666e-06 0)
(0 -6.4121773e-05 0)
(0 -5.52732e-05 0)
(0 -4.9149483e-05 0)
(0 -4.6976298e-05 0)
(0 -8.5845965e-05 0)
(0 -8.2651794e-05 0)
(0 -0.00019165514 0)
(0 -0.00017122151 0)
(0 -0.00067500404 0)
(0 -0.00077976914 0)
(0 -0.00061268215 0)
(0 -0.00089095813 0)
(0 -0.00091406818 0)
(0 -0.00092478923 0)
(0 -0.00093101555 0)
(0 -0.00093495766 0)
(0 -0.00093761129 0)
(0 -0.00093947624 0)
(0 -0.00094082687 0)
(0 -0.00094182466 0)
(0 -0.00094256982 0)
(0 -0.0009431271 0)
(0 -0.00094353944 0)
(0 -0.00094383561 0)
(0 -0.00094403458 0)
(0 -0.00094414809 0)
(0 -0.00094418203 0)
(0 -0.00094413692 0)
(0 -0.00094400771 0)
(0 -0.00094378267 0)
(0 -0.00094344093 0)
(0 -0.00094294772 0)
(0 -0.00094224498 0)
(0 -0.00094123146 0)
(0 -0.00093971607 0)
(0 -0.00093728627 0)
(0 -0.00093276726 0)
(0 -0.00091508632 0)
(0 -0.00087370589 0)
(0 -0.0009159118 0)
(0 -0.00091897439 0)
(0 -0.00090738861 0)
(0 -0.00085125747 0)
(0 -1.8437439e-05 0)
(0 -1.6776875e-05 0)
(0 -1.7169707e-05 0)
(0 -1.8513559e-05 0)
(0 -2.1866502e-05 0)
(0 -2.8307517e-05 0)
(0 -3.8646099e-05 0)
(0 -5.9623476e-05 0)
(0 0 0)
(0 -0.00086249765 0)
(0 -0.00089519818 0)
(0 -0.00094562344 0)
(0 -0.00091976609 0)
(0 -0.00095845819 0)
(0 -0.00092745014 0)
(0 -0.00096375298 0)
(0 -0.00093143237 0)
(0 -0.00096676561 0)
(0 -0.00093382758 0)
(0 -0.00096865286 0)
(0 -0.00093538213 0)
(0 -0.0009699137 0)
(0 -0.00093644661 0)
(0 -0.0009707949 0)
(0 -0.00093720357 0)
(0 -0.00097143077 0)
(0 -0.00093775673 0)
(0 -0.00097190113 0)
(0 -0.00093817271 0)
(0 -0.00097227722 0)
(0 -0.0009386564 0)
(0 -0.00097634997 0)
(0 -0.00097655004 0)
(0 -0.00093905707 0)
(0 -0.00097290456 0)
(0 -0.0009391801 0)
(0 -0.00097679567 0)
(0 -0.00097634446 0)
(0 -0.00093757871 0)
(0 -0.00097632916 0)
(0 -0.00097752848 0)
(0 -0.00097341563 0)
(0 -0.0009357753 0)
(0 -0.00097324785 0)
(0 -0.0009759332 0)
(0 -0.00093819193 0)
(0 -0.00097109864 0)
(0 -0.00093492691 0)
(0 -0.00096729318 0)
(0 -0.00093410922 0)
(0 -0.00096950311 0)
(0 -0.00093546639 0)
(0 -0.00093300834 0)
(0 -0.00096320261 0)
(0 -0.00090728377 0)
(0 -0.00080001459 0)
(0 -0.00090602306 0)
(0 -0.00091906409 0)
(0 -0.00091652768 0)
(0 -0.00087790932 0)
(0 -1.823986e-05 0)
(0 -1.6699101e-05 0)
(0 -1.7194557e-05 0)
(0 -1.8659601e-05 0)
(0 -2.2187174e-05 0)
(0 -2.8924728e-05 0)
(0 -3.9773294e-05 0)
(0 -6.1809116e-05 0)
(0 -2.9416244e-06 0)
(0 -1.9637419e-06 0)
(0 -1.5381899e-06 0)
(0 -1.3307215e-06 0)
(0 -1.3372149e-06 0)
(0 -1.5601293e-06 0)
(0 -2.0079293e-06 0)
(0 -3.0280756e-06 0)
(0 -3.0284639e-06 0)
(0 0 0)
(0 0 0)
(0 0 0)
(0 -4.9960501e-07 0)
(0 -2.9470473e-06 0)
(0 -2.1641524e-06 0)
(0 0 0)
(0 -5.3297979e-07 0)
(0 -2.3301592e-06 0)
(0 -8.0896317e-07 0)
(0 -3.5900876e-06 0)
(0 -1.052227e-06 0)
(0 -3.7058846e-06 0)
(0 -8.0844476e-06 0)
(0 0 0)
(0 -7.6583735e-06 0)
(0 0 0)
(0 0 0)
(0 0 0)
(0 0 0)
(0 0 0)
(0 -9.0903114e-06 0)
(0 -8.1006177e-06 0)
(0 -5.9314624e-05 0)
(0 -1.0805923e-05 0)
(0 -5.5319857e-05 0)
(0 -4.9147658e-05 0)
(0 -4.4772845e-05 0)
(0 -1.9104989e-05 0)
(0 -8.57962e-05 0)
(0 0 0)
(0 -7.7596518e-05 0)
(0 -0.0001917194 0)
(0 0 0)
(0 -3.9696111e-05 0)
(0 -0.00017141302 0)
(0 -0.00067926104 0)
(0 -0.00077914755 0)
(0 -0.0006126704 0)
(0 -0.00089014109 0)
(0 -0.00091321055 0)
(0 -0.00092391441 0)
(0 -0.00093013142 0)
(0 -0.00093406785 0)
(0 -0.00093671775 0)
(0 -0.00093858012 0)
(0 -0.00093992891 0)
(0 -0.00094092535 0)
(0 -0.00094166951 0)
(0 -0.00094222605 0)
(0 -0.00094263784 0)
(0 -0.00094293361 0)
(0 -0.00094313232 0)
(0 -0.00094324569 0)
(0 -0.00094327958 0)
(0 -0.00094323453 0)
(0 -0.00094310549 0)
(0 -0.00094288075 0)
(0 -0.00094253946 0)
(0 -0.00094204692 0)
(0 -0.00094134513 0)
(0 -0.000940333 0)
(0 -0.0009388197 0)
(0 -0.00093639359 0)
(0 -0.00093188161 0)
(0 -0.00091413363 0)
(0 -0.00087630109 0)
(0 -0.00091622313 0)
(0 -0.00091900427 0)
(0 -0.00090739909 0)
(0 -0.00085117354 0)
(0 -1.8436871e-05 0)
(0 -1.6775489e-05 0)
(0 -1.7160966e-05 0)
(0 -1.8498904e-05 0)
(0 -2.1850126e-05 0)
(0 -2.8293444e-05 0)
(0 -3.8643416e-05 0)
(0 -5.9620449e-05 0)
(0 -4.2105203e-07 0)
(0 0 0)
(0 -4.8490379e-07 0)
(0 0 0)
(0 0 0)
(0 0 0)
(0 0 0)
(0 -4.3970272e-07 0)
(0 0 0)
(0 -5.0309339e-07 0)
(0 0 0)
(0 0 0)
(0 -8.9727949e-07 0)
(0 -8.6772637e-07 0)
(0 -9.4943574e-07 0)
(0 -1.0961313e-06 0)
(0 -1.2769922e-06 0)
(0 0 0)
(0 -1.2969365e-06 0)
(0 -1.5120943e-06 0)
(0 0 0)
(0 -1.5481278e-06 0)
(0 -2.5291801e-06 0)
(0 0 0)
(0 -2.556448e-06 0)
(0 0 0)
(0 0 0)
(0 0 0)
(0 0 0)
(0 0 0)
(0 0 0)
(0 0 0)
(0 0 0)
(0 0 0)
(0 0 0)
(0 0 0)
(0 -8.7216466e-06 0)
(0 -8.54713e-06 0)
(0 0 0)
(0 0 0)
(0 0 0)
(0 0 0)
(0 -1.0014126e-05 0)
(0 -1.8695067e-05 0)
(0 -1.7086482e-05 0)
(0 -2.0866034e-05 0)
(0 -2.4740259e-05 0)
(0 -2.2499709e-05 0)
(0 -3.2660976e-05 0)
(0 0 0)
(0 0 0)
(0 -2.8935448e-05 0)
(0 0 0)
(0 -4.6972267e-05 0)
(0 -0.00011779554 0)
(0 0 0)
(0 0 0)
(0 0 0)
(0 0 0)
(0 -9.1508892e-05 0)
(0 0 0)
(0 -0.00089030882 0)
(0 -0.00082633105 0)
(0 -0.00091482071 0)
(0 -0.00090570729 0)
(0 -0.00092246692 0)
(0 -0.00091840514 0)
(0 -0.0009264169 0)
(0 -0.00092365268 0)
(0 -0.00092879178 0)
(0 -0.00092664621 0)
(0 -0.00093033274 0)
(0 -0.00092852294 0)
(0 -0.00093138775 0)
(0 -0.00092977737 0)
(0 -0.00093213789 0)
(0 -0.00093065436 0)
(0 -0.00093268599 0)
(0 -0.00093128731 0)
(0 -0.00093309545 0)
(0 -0.0009317552 0)
(0 -0.00093332961 0)
(0 -0.00093210429 0)
(0 -0.00093106563 0)
(0 -0.00093164375 0)
(0 -0.00093373702 0)
(0 -0.00093181783 0)
(0 -0.00093384354 0)
(0 -0.00093270265 0)
(0 -0.00093123396 0)
(0 -0.00093206423 0)
(0 -0.00093150807 0)
(0 -0.00093119584 0)
(0 -0.00093431397 0)
(0 -0.00093387538 0)
(0 -0.00093455426 0)
(0 -0.0009337096 0)
(0 -0.0009336327 0)
(0 -0.00093310053 0)
(0 -0.00093308235 0)
(0 -0.00093142938 0)
(0 -0.00093396359 0)
(0 -0.00093057356 0)
(0 -0.00093245585 0)
(0 -0.00092794537 0)
(0 -0.00092817707 0)
(0 -0.00090430872 0)
(0 -0.00092321735 0)
(0 -0.00080011735 0)
(0 -0.00090700647 0)
(0 -0.00091906489 0)
(0 -0.0009164288 0)
(0 -0.00087782437 0)
(0 -0.00099689698 0)
(0 -0.00099739353 0)
(0 -0.00099748148 0)
(0 -0.00099738335 0)
(0 -0.00099494409 0)
(0 -0.00099649648 0)
(0 -0.00099167889 0)
(0 -0.00098987824 0)
(0 -0.00098979431 0)
(0 -0.00099645646 0)
(0 -0.00099627493 0)
(0 -0.00099099323 0)
(0 -0.00099533482 0)
(0 -0.00099071521 0)
(0 -0.0009939119 0)
(0 -0.00099102171 0)
(0 -0.00099311601 0)
(0 -0.00098037571 0)
(0 -0.00097842191 0)
(0 -0.00097765425 0)
(0 -0.00097669955 0)
(0 -0.00099250701 0)
(0 -0.0010199603 0)
(0 -0.00097947487 0)
(0 -0.00099191068 0)
(0 -0.00098573479 0)
(0 -0.00098239262 0)
(0 -0.00095041739 0)
(0 -0.00099190767 0)
(0 -0.00095141254 0)
(0 -0.00095174442 0)
(0 -0.00095152348 0)
(0 -0.00095022139 0)
(0 -0.00098608569 0)
(0 -0.0009460008 0)
(0 -0.00095017357 0)
(0 -0.00094979931 0)
(0 -0.00098119564 0)
(0 -0.00098073698 0)
(0 -0.00093550538 0)
(0 -0.00093771364 0)
(0 -0.00093760983 0)
(0 -0.00093905522 0)
(0 -0.00098519206 0)
(0 -0.00094832638 0)
(0 -0.00093840907 0)
(0 -0.00098296456 0)
(0 -0.00093965512 0)
(0 -0.0009437613 0)
(0 -0.00093816562 0)
(0 -0.00097587651 0)
(0 -0.00097824566 0)
(0 -0.00097676698 0)
(0 -0.00099223261 0)
(0 -0.00099036466 0)
(0 -0.00099114849 0)
(0 -0.00099204673 0)
(0 -0.00099723273 0)
(0 -0.00099216977 0)
(0 -0.00099769686 0)
(0 -0.0009888469 0)
(0 -0.00099058095 0)
(0 -0.0009823289 0)
(0 -0.0010062633 0)
(0 -0.000993837 0)
(0 -0.00097944121 0)
(0 -0.00097936143 0)
(0 -0.00099021792 0)
(0 -0.00099012067 0)
(0 -0.00099739078 0)
(0 -0.00098144453 0)
(0 -0.00098827308 0)
(0 -0.00099381541 0)
(0 -0.00099343749 0)
(0 -0.00098085614 0)
(0 -0.00098591071 0)
(0 -0.00099244574 0)
(0 -0.00098054377 0)
(0 -0.00098425496 0)
(0 -0.00099228711 0)
(0 -0.00098000872 0)
(0 -0.00098063861 0)
(0 -0.00098081282 0)
(0 -0.00098055362 0)
(0 -0.00097988413 0)
(0 -0.00097758523 0)
(0 -0.00097999377 0)
(0 -0.00097967933 0)
(0 -0.00097200976 0)
(0 -0.00097286901 0)
(0 -0.00097299691 0)
(0 -0.00097904199 0)
(0 -0.00097378019 0)
(0 -0.00097349591 0)
(0 -0.00097449129 0)
(0 -0.00097372785 0)
(0 -0.00097660641 0)
(0 -0.00099571667 0)
(0 -0.00094858241 0)
(0 -0.00098899199 0)
(0 -0.00097904121 0)
(0 -0.00099159326 0)
(0 -0.00092808036 0)
(0 -0.00098116031 0)
(0 -0.0009684359 0)
(0 -4.3438685e-06 0)
(0 0 0)
(0 0 0)
(0 0 0)
(0 -9.9563748e-06 0)
(0 0 0)
(0 -1.2242745e-05 0)
(0 -1.1725308e-06 0)
(0 -9.0185417e-07 0)
(0 0 0)
(0 0 0)
(0 -9.4725211e-05 0)
(0 -9.7842725e-07 0)
(0 0 0)
(0 0 0)
(0 0 0)
(0 0 0)
(0 -5.5594618e-07 0)
(0 -4.3790396e-05 0)
(0 -6.0481916e-07 0)
(0 -3.8910969e-05 0)
(0 -2.1369409e-05 0)
(0 0 0)
(0 -2.168567e-05 0)
(0 -3.4709024e-06 0)
(0 0 0)
(0 -8.9934652e-06 0)
(0 -0.00081488361 0)
(0 -0.00095699571 0)
(0 -0.00097295189 0)
(0 -0.00097950807 0)
(0 -0.00098320812 0)
(0 -0.0009855073 0)
(0 -0.00098703472 0)
(0 -0.00098809829 0)
(0 -0.00098886366 0)
(0 -0.0009894268 0)
(0 -0.00098984659 0)
(0 -0.00099016072 0)
(0 -0.00099039406 0)
(0 -0.00099056327 0)
(0 -0.00099067941 0)
(0 -0.00099074948 0)
(0 -0.00099077726 0)
(0 -0.00099076372 0)
(0 -0.00099070694 0)
(0 -0.00099060168 0)
(0 -0.00099043832 0)
(0 -0.00099020069 0)
(0 -0.00098986192 0)
(0 -0.00098937577 0)
(0 -0.00098865699 0)
(0 -0.00098752861 0)
(0 -0.00098552891 0)
(0 -0.00098009394 0)
(0 -9.546553e-06 0)
(0 -8.469005e-06 0)
(0 -9.9643435e-06 0)
(0 -1.3008833e-05 0)
(0 -3.3982377e-06 0)
(0 -1.6826191e-06 0)
(0 -2.7659062e-06 0)
(0 0 0)
(0 0 0)
(0 0 0)
(0 0 0)
(0 -1.8789515e-05 0)
(0 0 0)
(0 -9.4800223e-06 0)
(0 -2.2549273e-05 0)
(0 -1.4113356e-06 0)
(0 0 0)
(0 0 0)
(0 0 0)
(0 -1.0032248e-06 0)
(0 -2.0824723e-05 0)
(0 -2.3317872e-05 0)
(0 -2.7539524e-05 0)
(0 0 0)
(0 -5.6206497e-07 0)
(0 -3.6382735e-05 0)
(0 -1.0872526e-06 0)
(0 -4.7064078e-07 0)
(0 0 0)
(0 -5.148292e-05 0)
(0 -5.397134e-07 0)
(0 0 0)
(0 -0.0001584457 0)
(0 -0.00012558776 0)
(0 0 0)
(0 0 0)
(0 0 0)
(0 0 0)
(0 0 0)
(0 0 0)
(0 -1.0110067e-06 0)
(0 0 0)
(0 -9.8658673e-05 0)
(0 0 0)
(0 -0.00013066798 0)
(0 -4.8939506e-07 0)
(0 -1.1412095e-06 0)
(0 0 0)
(0 0 0)
(0 -8.2761687e-05 0)
(0 0 0)
(0 -3.2228918e-05 0)
(0 0 0)
(0 -9.6722817e-07 0)
(0 -2.5093691e-05 0)
(0 -1.0615529e-06 0)
(0 -1.2213528e-06 0)
(0 -1.9047036e-05 0)
(0 -1.4457097e-06 0)
(0 0 0)
(0 0 0)
(0 0 0)
(0 -1.1195086e-05 0)
(0 -1.7138558e-06 0)
(0 -4.4053448e-06 0)
(0 -2.7964144e-06 0)
(0 0 0)
(0 0 0)
(0 0 0)
(0 0 0)
(0 0 0)
(0 0 0)
(0 0 0)
(0 -9.5633856e-06 0)
(0 -1.7973975e-05 0)
(0 -2.1135589e-05 0)
(0 -9.5452473e-06 0)
(0 -8.4469707e-06 0)
(0 -8.4329248e-06 0)
(0 -8.5260235e-06 0)
(0 -9.2250287e-06 0)
(0 -8.5102622e-06 0)
(0 -9.2080079e-06 0)
(0 -1.0101814e-05 0)
(0 -1.1192791e-05 0)
(0 -1.0083698e-05 0)
(0 -1.1172782e-05 0)
(0 -1.3282565e-05 0)
(0 -1.8064203e-05 0)
(0 -1.3261326e-05 0)
(0 -9.6251848e-07 0)
(0 -7.3128736e-07 0)
(0 -7.3042695e-07 0)
(0 -6.5182302e-07 0)
(0 -6.3788967e-07 0)
(0 -6.5084816e-07 0)
(0 -6.3696369e-07 0)
(0 -6.3949889e-07 0)
(0 -6.567548e-07 0)
(0 -6.3856276e-07 0)
(0 -6.5573495e-07 0)
(0 -7.403681e-07 0)
(0 -9.7885262e-07 0)
(0 -7.3946351e-07 0)
(0 -1.7644122e-06 0)
(0 -1.7611798e-06 0)
(0 -2.3640331e-05 0)
(0 -2.3624351e-05 0)
(0 -1.0442351e-06 0)
(0 -1.0426209e-06 0)
(0 -4.2534537e-05 0)
(0 -4.2478209e-05 0)
(0 -1.1217128e-06 0)
(0 -1.1209704e-06 0)
(0 -3.8294902e-05 0)
(0 -1.8203433e-06 0)
(0 -1.8180714e-06 0)
(0 -2.1554027e-05 0)
(0 -0.0008147306 0)
(0 -0.00093362461 0)
(0 -0.00093332086 0)
(0 -0.00096710049 0)
(0 -0.00095670034 0)
(0 -0.00096679016 0)
(0 -0.00097666527 0)
(0 -0.00097264527 0)
(0 -0.00097635343 0)
(0 -0.00098154476 0)
(0 -0.00097919855 0)
(0 -0.00098123261 0)
(0 -0.00098444923 0)
(0 -0.00098289751 0)
(0 -0.00098413708 0)
(0 -0.00098632034 0)
(0 -0.0009851962 0)
(0 -0.00098600826 0)
(0 -0.00098759523 0)
(0 -0.00098672337 0)
(0 -0.00098728321 0)
(0 -0.00098849883 0)
(0 -0.00098778681 0)
(0 -0.00098818688 0)
(0 -0.00098915702 0)
(0 -0.00098855211 0)
(0 -0.00098884513 0)
(0 -0.00098964497 0)
(0 -0.00098911521 0)
(0 -0.00098933312 0)
(0 -0.00099000985 0)
(0 -0.00098953497 0)
(0 -0.00098969804 0)
(0 -0.00099028239 0)
(0 -0.00098984908 0)
(0 -0.00098997061 0)
(0 -0.00099048304 0)
(0 -0.00099008241 0)
(0 -0.00099017129 0)
(0 -0.0009906255 0)
(0 -0.00099025161 0)
(0 -0.00099031376 0)
(0 -0.00099071871 0)
(0 -0.00099036774 0)
(0 -0.00099040699 0)
(0 -0.00099076805 0)
(0 -0.00099043779 0)
(0 -0.00099045634 0)
(0 -0.00099077592 0)
(0 -0.00099046557 0)
(0 -0.00099046422 0)
(0 -0.0009907419 0)
(0 -0.00099045201 0)
(0 -0.00099043022 0)
(0 -0.00099066257 0)
(0 -0.00099039521 0)
(0 -0.0009903509 0)
(0 -0.00099053075 0)
(0 -0.00099028994 0)
(0 -0.0009902191 0)
(0 -0.000990334 0)
(0 -0.00099012656 0)
(0 -0.00099002235 0)
(0 -0.00099005164 0)
(0 -0.0009898889 0)
(0 -0.00098974001 0)
(0 -0.00098964888 0)
(0 -0.00098955008 0)
(0 -0.0009893373 0)
(0 -0.00098906407 0)
(0 -0.00098906388 0)
(0 -0.00098875254 0)
(0 -0.00098817743 0)
(0 -0.00098834502 0)
(0 -0.00098786604 0)
(0 -0.00098671611 0)
(0 -0.00098721657 0)
(0 -0.00098640508 0)
(0 -0.00098377813 0)
(0 -0.00098521674 0)
(0 -0.00098346761 0)
(0 -0.00096392186 0)
(0 -0.00097976987 0)
(0 -0.00096325161 0)
(0 -8.4200872e-06 0)
(0 -8.4061765e-06 0)
(0 -9.1303449e-06 0)
(0 -8.4535682e-06 0)
(0 -9.1140129e-06 0)
(0 -1.100172e-05 0)
(0 -9.9467205e-06 0)
(0 -1.0982238e-05 0)
(0 -1.7618803e-05 0)
(0 -1.2988204e-05 0)
(0 -7.8839063e-06 0)
(0 -6.5316889e-06 0)
(0 -4.6743925e-06 0)
(0 -5.1954003e-06 0)
(0 -5.3301131e-06 0)
(0 -4.1120226e-06 0)
(0 -1.8623823e-06 0)
(0 -3.5356026e-06 0)
(0 -3.6101131e-06 0)
(0 -2.8755069e-06 0)
(0 0 0)
(0 -9.3323194e-06 0)
(0 0 0)
(0 0 0)
(0 0 0)
(0 -7.8574106e-06 0)
(0 0 0)
(0 0 0)
(0 0 0)
(0 -9.057913e-06 0)
(0 0 0)
(0 0 0)
(0 0 0)
(0 -1.1291537e-05 0)
(0 -7.6559528e-06 0)
(0 -5.6250049e-06 0)
(0 -8.600526e-06 0)
(0 0 0)
(0 -1.938576e-05 0)
(0 -1.6697319e-05 0)
(0 -1.2021931e-05 0)
(0 -1.8505031e-05 0)
(0 -6.1635563e-06 0)
(0 -3.6065302e-05 0)
(0 -2.7190336e-05 0)
(0 -2.2134597e-05 0)
(0 -7.837322e-06 0)
(0 -9.0355957e-06 0)
(0 -1.1265284e-05 0)
(0 -1.8498083e-06 0)
(0 -1.3900833e-06 0)
(0 -1.1197429e-06 0)
(0 -9.0217454e-07 0)
(0 -9.773479e-07 0)
(0 -6.4453193e-07 0)
(0 -3.3598316e-07 0)
(0 -4.4160758e-07 0)
(0 -4.7600498e-07 0)
(0 -3.2269664e-07 0)
(0 0 0)
(0 -9.919004e-07 0)
(0 0 0)
(0 0 0)
(0 0 0)
(0 -6.1956968e-07 0)
(0 0 0)
(0 0 0)
(0 0 0)
(0 -5.8156475e-07 0)
(0 0 0)
(0 0 0)
(0 0 0)
(0 -6.257738e-07 0)
(0 -4.5036964e-07 0)
(0 -3.2837205e-07 0)
(0 -4.8647349e-07 0)
(0 0 0)
(0 -1.0108915e-06 0)
(0 -9.2741206e-07 0)
(0 -6.61326e-07 0)
(0 -1.0060503e-06 0)
(0 -3.4557372e-07 0)
(0 -1.9127869e-06 0)
(0 -1.4351137e-06 0)
(0 -1.1584247e-06 0)
(0 -6.1829898e-07 0)
(0 -5.8047526e-07 0)
(0 -6.2444407e-07 0)
(0 -2.2917914e-06 0)
(0 -3.6754153e-06 0)
(0 -2.7298938e-06 0)
(0 -1.3784039e-06 0)
(0 0 0)
(0 0 0)
(0 0 0)
(0 0 0)
(0 0 0)
(0 -1.7477538e-05 0)
(0 -2.6797294e-05 0)
(0 -9.3606751e-06 0)
(0 -2.2011548e-05 0)
(0 0 0)
(0 -3.0806806e-06 0)
(0 -1.9734743e-06 0)
(0 -1.7844128e-06 0)
(0 0 0)
(0 -9.9448657e-07 0)
(0 0 0)
(0 0 0)
(0 -1.2262845e-05 0)
(0 0 0)
(0 -5.5228933e-05 0)
(0 -3.2968216e-05 0)
(0 -3.3985042e-05 0)
(0 -2.3912186e-06 0)
(0 -1.4675336e-06 0)
(0 -1.432043e-06 0)
(0 0 0)
(0 0 0)
(0 0 0)
(0 0 0)
(0 -7.2045979e-05 0)
(0 -4.1720496e-05 0)
(0 -4.6518678e-05 0)
(0 0 0)
(0 0 0)
(0 -5.4579737e-07 0)
(0 0 0)
(0 0 0)
(0 -2.4243145e-05 0)
(0 -8.1525777e-07 0)
(0 -1.2546854e-06 0)
(0 -1.0431761e-06 0)
(0 0 0)
(0 -4.5749285e-07 0)
(0 -6.129182e-05 0)
(0 -7.1072397e-05 0)
(0 0 0)
(0 -9.9048443e-05 0)
(0 -3.8033748e-05 0)
(0 0 0)
(0 0 0)
(0 0 0)
(0 0 0)
(0 -0.0002663369 0)
(0 -0.00015906393 0)
(0 -0.00024165841 0)
(0 -0.00029103809 0)
(0 -0.00024271857 0)
(0 -0.00010599001 0)
(0 -0.00030720188 0)
(0 -0.0005196352 0)
(0 -0.00022897799 0)
(0 -0.00023730901 0)
(0 -7.8758915e-05 0)
(0 -0.00019907785 0)
(0 0 0)
(0 0 0)
(0 0 0)
(0 0 0)
(0 -0.0002267415 0)
(0 -0.00020348985 0)
(0 -0.00013356391 0)
(0 -8.741833e-07 0)
(0 -1.3442317e-06 0)
(0 -4.7095386e-07 0)
(0 0 0)
(0 -1.0916124e-06 0)
(0 -5.3848233e-05 0)
(0 -3.3138293e-05 0)
(0 0 0)
(0 -8.724185e-05 0)
(0 -6.27852e-05 0)
(0 0 0)
(0 -5.8468855e-07 0)
(0 0 0)
(0 0 0)
(0 -2.131399e-05 0)
(0 0 0)
(0 -2.5690088e-06 0)
(0 -1.5391016e-06 0)
(0 -1.5706672e-06 0)
(0 0 0)
(0 0 0)
(0 0 0)
(0 0 0)
(0 -6.585642e-05 0)
(0 -4.2203957e-05 0)
(0 -3.8059408e-05 0)
(0 -3.2082683e-06 0)
(0 -1.8647088e-06 0)
(0 -2.0492096e-06 0)
(0 0 0)
(0 0 0)
(0 -1.0242155e-06 0)
(0 0 0)
(0 0 0)
(0 -1.0920436e-05 0)
(0 -5.0617834e-05 0)
(0 -3.108418e-05 0)
(0 -3.0034587e-05 0)
(0 -2.3468125e-06 0)
(0 0 0)
(0 -2.7992193e-06 0)
(0 -1.4085387e-06 0)
(0 -3.7589858e-06 0)
(0 0 0)
(0 0 0)
(0 0 0)
(0 0 0)
(0 -1.6033652e-05 0)
(0 0 0)
(0 -8.9223778e-06 0)
(0 -2.064218e-05 0)
(0 -2.4552906e-05 0)
(0 -8.0055833e-06 0)
(0 -4.7468505e-06 0)
(0 -6.6207614e-06 0)
(0 -5.2437068e-06 0)
(0 -1.8794174e-06 0)
(0 -5.386728e-06 0)
(0 -4.1417469e-06 0)
(0 -3.5427108e-06 0)
(0 0 0)
(0 -3.6224734e-06 0)
(0 -2.8751149e-06 0)
(0 -9.3450277e-06 0)
(0 0 0)
(0 0 0)
(0 0 0)
(0 -7.813654e-06 0)
(0 0 0)
(0 0 0)
(0 0 0)
(0 -8.9430304e-06 0)
(0 0 0)
(0 0 0)
(0 0 0)
(0 -1.1070575e-05 0)
(0 -7.4364629e-06 0)
(0 0 0)
(0 -5.4723634e-06 0)
(0 -8.3332348e-06 0)
(0 -1.8857136e-05 0)
(0 -1.6099617e-05 0)
(0 -5.9259758e-06 0)
(0 -1.1602175e-05 0)
(0 -1.780748e-05 0)
(0 -3.4525119e-05 0)
(0 -2.1133111e-05 0)
(0 -2.6063752e-05 0)
(0 -7.793713e-06 0)
(0 -8.9210108e-06 0)
(0 -1.1044142e-05 0)
(0 -0.00093861344 0)
(0 -0.00095908844 0)
(0 -0.00096631088 0)
(0 -0.0009702278 0)
(0 -0.00097260947 0)
(0 -0.0009741675 0)
(0 -0.00097524065 0)
(0 -0.00097600709 0)
(0 -0.0009765682 0)
(0 -0.00097698537 0)
(0 -0.00097729749 0)
(0 -0.00097753007 0)
(0 -0.00097770013 0)
(0 -0.00097781904 0)
(0 -0.00097789414 0)
(0 -0.00097792962 0)
(0 -0.00097792703 0)
(0 -0.00097788532 0)
(0 -0.00097780051 0)
(0 -0.0009776649 0)
(0 -0.00097746539 0)
(0 -0.00097718025 0)
(0 -0.00097677252 0)
(0 -0.00097617544 0)
(0 -0.00097525529 0)
(0 -0.0009736908 0)
(0 -0.00097013588 0)
(0 -0.00088212033 0)
(0 -0.00093796451 0)
(0 -0.00095835959 0)
(0 -0.00096555059 0)
(0 -0.00096945039 0)
(0 -0.0009718216 0)
(0 -0.00097337278 0)
(0 -0.00097444121 0)
(0 -0.00097520427 0)
(0 -0.00097576291 0)
(0 -0.00097617824 0)
(0 -0.00097648899 0)
(0 -0.00097672054 0)
(0 -0.00097688985 0)
(0 -0.00097700824 0)
(0 -0.000977083 0)
(0 -0.00097711833 0)
(0 -0.00097711575 0)
(0 -0.00097707422 0)
(0 -0.00097698979 0)
(0 -0.00097685477 0)
(0 -0.00097665615 0)
(0 -0.00097637226 0)
(0 -0.00097596633 0)
(0 -0.00097537189 0)
(0 -0.00097445584 0)
(0 -0.00097289843 0)
(0 -0.00096935438 0)
(0 -0.00088111179 0)
(0 -5.6827105e-06 0)
(0 -4.6282362e-06 0)
(0 0 0)
(0 0 0)
(0 -3.6357564e-05 0)
(0 -2.7295264e-05 0)
(0 0 0)
(0 0 0)
(0 -2.6521029e-06 0)
(0 -6.1520856e-05 0)
(0 0 0)
(0 0 0)
(0 -1.7720647e-06 0)
(0 -1.3482909e-06 0)
(0 -0.00015898531 0)
(0 -0.00013535214 0)
(0 0 0)
(0 0 0)
(0 0 0)
(0 0 0)
(0 -1.849096e-06 0)
(0 -1.4021737e-06 0)
(0 -0.00013912615 0)
(0 -0.00011785902 0)
(0 0 0)
(0 0 0)
(0 -2.8088993e-06 0)
(0 -5.6629525e-05 0)
(0 0 0)
(0 0 0)
(0 -5.7829285e-06 0)
(0 -4.7193303e-06 0)
(0 0 0)
(0 0 0)
(0 -3.4209101e-05 0)
(0 -2.5933378e-05 0)
(0 -7.4206695e-06 0)
(0 -5.6921518e-06 0)
(0 -1.0537393e-05 0)
(0 -8.8606479e-06 0)
(0 -1.0232717e-05 0)
(0 -1.2723747e-05 0)
(0 -2.1931199e-05 0)
(0 -3.1100496e-05 0)
(0 -2.7132313e-05 0)
(0 -1.6176478e-06 0)
(0 -1.4011741e-06 0)
(0 -1.1738773e-06 0)
(0 -7.3642727e-07 0)
(0 -6.9319299e-07 0)
(0 -7.4376463e-07 0)
(0 -1.1963942e-06 0)
(0 -1.6708264e-06 0)
(0 -1.4509709e-06 0)
(0 -4.6930092e-06 0)
(0 -3.3420494e-05 0)
(0 -1.6024676e-06 0)
(0 -0.00012770639 0)
(0 -0.00019020669 0)
(0 -0.00027181586 0)
(0 -0.00015961277 0)
(0 -0.0002275767 0)
(0 -1.6796033e-06 0)
(0 -0.00011257952 0)
(0 -4.8512108e-06 0)
(0 -3.1794529e-05 0)
(0 -5.7844816e-06 0)
(0 -7.5251567e-06 0)
(0 -1.0560529e-05 0)
(0 -8.82132e-06 0)
(0 -1.0116597e-05 0)
(0 -1.2494037e-05 0)
(0 -2.1360829e-05 0)
(0 -2.5911458e-05 0)
(0 -2.9817517e-05 0)
(0 -0.00095837644 0)
(0 -0.00098198144 0)
(0 -0.00099040781 0)
(0 -0.00099499131 0)
(0 -0.00099778256 0)
(0 -0.00099961022 0)
(0 -0.0010008698 0)
(0 -0.0010017698 0)
(0 -0.0010024289 0)
(0 -0.001002919 0)
(0 -0.0010032858 0)
(0 -0.0010035591 0)
(0 -0.001003759 0)
(0 -0.0010038988 0)
(0 -0.0010039871 0)
(0 -0.0010040288 0)
(0 -0.0010040257 0)
(0 -0.0010039767 0)
(0 -0.001003877 0)
(0 -0.0010037176 0)
(0 -0.0010034831 0)
(0 -0.001003148 0)
(0 -0.0010026689 0)
(0 -0.0010019674 0)
(0 -0.0010008865 0)
(0 -0.00099904439 0)
(0 -0.00099495835 0)
(0 -0.0009727084 0)
(0 -6.2578091e-06 0)
(0 -4.7665227e-06 0)
(0 -6.5867618e-06 0)
(0 -3.1666025e-06 0)
(0 -2.8171162e-06 0)
(0 -3.3229632e-06 0)
(0 -1.7893734e-06 0)
(0 -4.0404176e-06 0)
(0 0 0)
(0 0 0)
(0 0 0)
(0 0 0)
(0 -8.3611528e-06 0)
(0 0 0)
(0 -8.3020812e-06 0)
(0 0 0)
(0 -9.9514845e-06 0)
(0 0 0)
(0 -1.4398703e-05 0)
(0 -1.0699772e-05 0)
(0 0 0)
(0 -2.505522e-05 0)
(0 -1.2421035e-05 0)
(0 0 0)
(0 0 0)
(0 -1.3907451e-05 0)
(0 -8.0223196e-06 0)
(0 -1.7944928e-05 0)
(0 -4.393983e-05 0)
(0 -2.9959526e-05 0)
(0 -8.3471411e-06 0)
(0 -8.2807643e-06 0)
(0 -9.9284254e-06 0)
(0 -1.4375028e-05 0)
(0 -2.0656281e-06 0)
(0 -1.4760404e-06 0)
(0 -1.3299946e-06 0)
(0 -6.4964122e-07 0)
(0 -7.0633974e-07 0)
(0 -8.9445801e-07 0)
(0 -4.1040328e-07 0)
(0 -5.900311e-07 0)
(0 0 0)
(0 0 0)
(0 0 0)
(0 0 0)
(0 -7.5793979e-07 0)
(0 0 0)
(0 -5.8507161e-07 0)
(0 0 0)
(0 -5.8806996e-07 0)
(0 0 0)
(0 -7.6911154e-07 0)
(0 -6.0426973e-07 0)
(0 0 0)
(0 -1.3712111e-06 0)
(0 -6.7006917e-07 0)
(0 0 0)
(0 0 0)
(0 -7.3175316e-07 0)
(0 -4.242533e-07 0)
(0 -9.2691643e-07 0)
(0 -2.2183394e-06 0)
(0 -1.5228443e-06 0)
(0 -7.5729265e-07 0)
(0 -5.8392041e-07 0)
(0 -5.8686189e-07 0)
(0 -7.6841902e-07 0)
(0 -3.9319573e-06 0)
(0 -1.9319671e-06 0)
(0 -2.3920086e-06 0)
(0 -1.381141e-06 0)
(0 -2.794419e-06 0)
(0 0 0)
(0 -2.2416878e-06 0)
(0 0 0)
(0 0 0)
(0 -1.3579873e-05 0)
(0 -3.5239728e-05 0)
(0 -1.7777752e-05 0)
(0 0 0)
(0 -2.7683571e-05 0)
(0 -1.465411e-05 0)
(0 -3.5242854e-05 0)
(0 -1.34419e-06 0)
(0 0 0)
(0 -2.2935268e-06 0)
(0 -1.0763675e-06 0)
(0 -1.650371e-06 0)
(0 0 0)
(0 -2.0785668e-05 0)
(0 0 0)
(0 -3.3234859e-05 0)
(0 -2.188761e-05 0)
(0 0 0)
(0 -3.5983546e-05 0)
(0 -9.4344728e-07 0)
(0 -1.5498811e-06 0)
(0 0 0)
(0 -9.0777904e-07 0)
(0 0 0)
(0 -1.457611e-06 0)
(0 -2.5119223e-05 0)
(0 -3.8420716e-05 0)
(0 0 0)
(0 -3.1943542e-05 0)
(0 0 0)
(0 -5.470003e-05 0)
(0 -1.2411694e-06 0)
(0 -6.6450318e-07 0)
(0 -1.5658278e-06 0)
(0 -1.6066771e-06 0)
(0 -8.230762e-07 0)
(0 -5.8561819e-05 0)
(0 -3.4269017e-05 0)
(0 -6.7562003e-05 0)
(0 -0.00010000844 0)
(0 -4.8914578e-05 0)
(0 0 0)
(0 0 0)
(0 -6.6963997e-07 0)
(0 0 0)
(0 -0.00016949288 0)
(0 -0.0001339246 0)
(0 0 0)
(0 -6.5170551e-05 0)
(0 -9.3899183e-05 0)
(0 -0.00010398455 0)
(0 -6.5240849e-05 0)
(0 -0.00026408143 0)
(0 -0.00012892685 0)
(0 0 0)
(0 0 0)
(0 -0.00030320666 0)
(0 0 0)
(0 -0.0006367234 0)
(0 -0.00089477704 0)
(0 0 0)
(0 0 0)
(0 -0.0002193517 0)
(0 -0.00010422167 0)
(0 0 0)
(0 -6.9267729e-07 0)
(0 -7.8178812e-05 0)
(0 -5.3175119e-05 0)
(0 -8.8285773e-05 0)
(0 0 0)
(0 -5.6359124e-05 0)
(0 0 0)
(0 -1.7356201e-06 0)
(0 -8.7104447e-07 0)
(0 0 0)
(0 -0.00015008508 0)
(0 -0.00011732537 0)
(0 -8.9308988e-05 0)
(0 -4.3111057e-05 0)
(0 -1.3280958e-06 0)
(0 -7.0798626e-07 0)
(0 -1.6797373e-06 0)
(0 -9.7601407e-07 0)
(0 0 0)
(0 -1.5675259e-06 0)
(0 -5.3159609e-05 0)
(0 -2.9651562e-05 0)
(0 -6.1284292e-05 0)
(0 -2.9084649e-05 0)
(0 0 0)
(0 -4.9275218e-05 0)
(0 -1.0057951e-06 0)
(0 0 0)
(0 -1.6469639e-06 0)
(0 -1.1294636e-06 0)
(0 -1.7395852e-06 0)
(0 0 0)
(0 -2.2949926e-05 0)
(0 0 0)
(0 -3.5166734e-05 0)
(0 -2.0050277e-05 0)
(0 0 0)
(0 -3.2984056e-05 0)
(0 -1.3923645e-06 0)
(0 0 0)
(0 -2.3699691e-06 0)
(0 -2.4610868e-06 0)
(0 -1.4191618e-06 0)
(0 -2.8784718e-06 0)
(0 0 0)
(0 0 0)
(0 -1.8985175e-05 0)
(0 0 0)
(0 -2.9943528e-05 0)
(0 -2.5748506e-05 0)
(0 -1.3178612e-05 0)
(0 -3.2132291e-05 0)
(0 -4.0372485e-06 0)
(0 -1.9827963e-06 0)
(0 0 0)
(0 -2.2860673e-06 0)
(0 -6.405942e-06 0)
(0 -4.8654064e-06 0)
(0 -2.8634129e-06 0)
(0 -3.3822826e-06 0)
(0 -1.8154081e-06 0)
(0 0 0)
(0 0 0)
(0 0 0)
(0 0 0)
(0 0 0)
(0 -1.2928623e-05 0)
(0 -1.3258119e-05 0)
(0 -7.6617129e-06 0)
(0 -1.709122e-05 0)
(0 -3.2121851e-05 0)
(0 -1.6358356e-05 0)
(0 -4.0365985e-05 0)
(0 -2.8601268e-05 0)
(0 -6.6683724e-06 0)
(0 -3.2052556e-06 0)
(0 -4.0630284e-06 0)
(0 0 0)
(0 0 0)
(0 -8.3438159e-06 0)
(0 0 0)
(0 -8.2268339e-06 0)
(0 0 0)
(0 -9.7908807e-06 0)
(0 0 0)
(0 -1.4061478e-05 0)
(0 -1.0349337e-05 0)
(0 0 0)
(0 -2.4083153e-05 0)
(0 -1.1899308e-05 0)
(0 -2.7886357e-06 0)
(0 -3.5249443e-05 0)
(0 -2.2894375e-06 0)
(0 -3.3212016e-05 0)
(0 -1.4553105e-06 0)
(0 -5.4637431e-05 0)
(0 -1.5629048e-06 0)
(0 -6.7505719e-05 0)
(0 -0.00063639435 0)
(0 -0.00089443084 0)
(0 -1.6799888e-06 0)
(0 -1.5663253e-06 0)
(0 -6.0677861e-05 0)
(0 -4.9396558e-05 0)
(0 -2.3672407e-06 0)
(0 -2.8760084e-06 0)
(0 -3.0258247e-05 0)
(0 -3.2109334e-05 0)
(0 -8.3295603e-06 0)
(0 -8.2055528e-06 0)
(0 -9.7677392e-06 0)
(0 -1.4037964e-05 0)
(0 -0.00095145121 0)
(0 -0.00096265171 0)
(0 -0.00096781778 0)
(0 -0.00097081482 0)
(0 -0.0009727113 0)
(0 -0.00097398746 0)
(0 -0.00097488413 0)
(0 -0.0009755334 0)
(0 -0.000976013 0)
(0 -0.00097637114 0)
(0 -0.00097663897 0)
(0 -0.00097683713 0)
(0 -0.00097697945 0)
(0 -0.00097707507 0)
(0 -0.00097712961 0)
(0 -0.00097714592 0)
(0 -0.00097712424 0)
(0 -0.00097706214 0)
(0 -0.00097695398 0)
(0 -0.00097678972 0)
(0 -0.00097655264 0)
(0 -0.00097621479 0)
(0 -0.00097572742 0)
(0 -0.00097499842 0)
(0 -0.00097382849 0)
(0 -0.00097164886 0)
(0 -0.00096187969 0)
(0 -0.00095105399 0)
(0 -0.00096223865 0)
(0 -0.0009673981 0)
(0 -0.00097039156 0)
(0 -0.00097228587 0)
(0 -0.00097356061 0)
(0 -0.00097445629 0)
(0 -0.00097510486 0)
(0 -0.00097558394 0)
(0 -0.0009759417 0)
(0 -0.00097620925 0)
(0 -0.0009764072 0)
(0 -0.00097654937 0)
(0 -0.00097664489 0)
(0 -0.00097669938 0)
(0 -0.00097671566 0)
(0 -0.000976694 0)
(0 -0.00097663197 0)
(0 -0.00097652392 0)
(0 -0.00097635984 0)
(0 -0.00097612301 0)
(0 -0.00097578553 0)
(0 -0.00097529869 0)
(0 -0.00097457049 0)
(0 -0.00097340197 0)
(0 -0.00097122514 0)
(0 -0.00096132818 0)
(0 -9.4107914e-06 0)
(0 -9.3764495e-06 0)
(0 -1.123416e-05 0)
(0 -1.6201014e-05 0)
(0 -8.973342e-07 0)
(0 -6.969764e-07 0)
(0 -7.0051417e-07 0)
(0 -9.1053495e-07 0)
(0 -3.5254612e-06 0)
(0 -2.8840095e-06 0)
(0 -4.4468879e-05 0)
(0 -4.186651e-05 0)
(0 -1.8363642e-06 0)
(0 -1.9747531e-06 0)
(0 -6.8774648e-05 0)
(0 -8.5221044e-05 0)
(0 -0.00066812912 0)
(0 -2.1208744e-06 0)
(0 -7.4930913e-05 0)
(0 -1.9759481e-06 0)
(0 -6.2824244e-05 0)
(0 -2.9815578e-06 0)
(0 -3.8441528e-05 0)
(0 -3.6334414e-06 0)
(0 -3.9627921e-05 0)
(0 -9.4008746e-06 0)
(0 -9.3031442e-06 0)
(0 -1.1069257e-05 0)
(0 -1.5846781e-05 0)
(0 -0.00091036714 0)
(0 -0.00097379671 0)
(0 -0.00098688326 0)
(0 -0.00099295654 0)
(0 -0.00099648841 0)
(0 -0.00099872614 0)
(0 -0.0010002331 0)
(0 -0.0010012925 0)
(0 -0.00100206 0)
(0 -0.001002627 0)
(0 -0.0010030505 0)
(0 -0.0010033673 0)
(0 -0.0010036017 0)
(0 -0.00100377 0)
(0 -0.0010038831 0)
(0 -0.0010039477 0)
(0 -0.001003967 0)
(0 -0.0010039413 0)
(0 -0.0010038678 0)
(0 -0.0010037399 0)
(0 -0.0010035456 0)
(0 -0.0010032651 0)
(0 -0.0010028655 0)
(0 -0.0010022892 0)
(0 -0.0010014274 0)
(0 -0.0010000438 0)
(0 -0.00099745003 0)
(0 -0.00098906556 0)
(0 -1.6907151e-05 0)
(0 -1.6593294e-05 0)
(0 -1.6601678e-05 0)
(0 -1.6592308e-05 0)
(0 -1.7250951e-05 0)
(0 -1.8638214e-05 0)
(0 -1.788084e-05 0)
(0 -1.7865201e-05 0)
(0 -2.0353866e-05 0)
(0 -2.240281e-05 0)
(0 -2.1281697e-05 0)
(0 -2.1263833e-05 0)
(0 -2.5724325e-05 0)
(0 -3.1228343e-05 0)
(0 -2.8026392e-05 0)
(0 -2.8010543e-05 0)
(0 -1.6748971e-06 0)
(0 -1.4414868e-06 0)
(0 -1.5344308e-06 0)
(0 -1.5338002e-06 0)
(0 -1.3323702e-06 0)
(0 -1.3075906e-06 0)
(0 -1.3162884e-06 0)
(0 -1.3153315e-06 0)
(0 -1.310878e-06 0)
(0 -1.3421028e-06 0)
(0 -1.3227862e-06 0)
(0 -1.3217912e-06 0)
(0 -1.458977e-06 0)
(0 -1.7025781e-06 0)
(0 -1.5564303e-06 0)
(0 -1.5557707e-06 0)
(0 -3.9321659e-06 0)
(0 -3.928184e-06 0)
(0 -5.3674982e-05 0)
(0 -5.3667755e-05 0)
(0 -2.3675568e-06 0)
(0 -2.365549e-06 0)
(0 -9.3895606e-05 0)
(0 -9.3845379e-05 0)
(0 -2.5468483e-06 0)
(0 -2.5467049e-06 0)
(0 -8.7171675e-05 0)
(0 -8.4989362e-05 0)
(0 -4.056756e-06 0)
(0 -4.0550723e-06 0)
(0 -4.9910849e-05 0)
(0 -4.8938986e-05 0)
(0 -0.00088621499 0)
(0 -0.00080119302 0)
(0 -0.00080082725 0)
(0 -0.00093774598 0)
(0 -0.00096065143 0)
(0 -0.00092090432 0)
(0 -0.00092050762 0)
(0 -0.0009741185 0)
(0 -0.0009826312 0)
(0 -0.00094639376 0)
(0 -0.00094600422 0)
(0 -0.00098923983 0)
(0 -0.00099392488 0)
(0 -0.0009582565 0)
(0 -0.00095787284 0)
(0 -0.00099780005 0)
(0 -0.0010006581 0)
(0 -0.00096515477 0)
(0 -0.00096477542 0)
(0 -0.0010031262 0)
(0 -0.0010049997 0)
(0 -0.00096952515 0)
(0 -0.00096914884 0)
(0 -0.0010066674 0)
(0 -0.0010079596 0)
(0 -0.00097246826 0)
(0 -0.00097209414 0)
(0 -0.0010091346 0)
(0 -0.0010100583 0)
(0 -0.00097453723 0)
(0 -0.0009741647 0)
(0 -0.0010109107 0)
(0 -0.0010115874 0)
(0 -0.00097603591 0)
(0 -0.00097566457 0)
(0 -0.0010122179 0)
(0 -0.0010127212 0)
(0 -0.00097714322 0)
(0 -0.00097677278 0)
(0 -0.0010131925 0)
(0 -0.0010135692 0)
(0 -0.00097797026 0)
(0 -0.00097760051 0)
(0 -0.0010139219 0)
(0 -0.0010142027 0)
(0 -0.00097858883 0)
(0 -0.00097821959 0)
(0 -0.0010144638 0)
(0 -0.0010146691 0)
(0 -0.00097904655 0)
(0 -0.00097867769 0)
(0 -0.0010148567 0)
(0 -0.0010150003 0)
(0 -0.00097937532 0)
(0 -0.00097900674 0)
(0 -0.0010151264 0)
(0 -0.0010152171 0)
(0 -0.0009795962 0)
(0 -0.00097922781 0)
(0 -0.001015289 0)
(0 -0.0010153319 0)
(0 -0.00097972222 0)
(0 -0.00097935393 0)
(0 -0.0010153534 0)
(0 -0.0010153503 0)
(0 -0.00097975989 0)
(0 -0.00097939164 0)
(0 -0.0010153218 0)
(0 -0.0010152715 0)
(0 -0.00097970981 0)
(0 -0.00097934151 0)
(0 -0.0010151897 0)
(0 -0.0010150874 0)
(0 -0.00097956637 0)
(0 -0.00097919795 0)
(0 -0.001014945 0)
(0 -0.0010147813 0)
(0 -0.00097931654 0)
(0 -0.00097894791 0)
(0 -0.0010145652 0)
(0 -0.0010143245 0)
(0 -0.00097893716 0)
(0 -0.00097856822 0)
(0 -0.0010140129 0)
(0 -0.001013669 0)
(0 -0.00097838967 0)
(0 -0.00097802027 0)
(0 -0.0010132257 0)
(0 -0.0010127343 0)
(0 -0.00097760964 0)
(0 -0.0009772396 0)
(0 -0.0010120963 0)
(0 -0.0010113774 0)
(0 -0.00097648473 0)
(0 -0.00097611378 0)
(0 -0.001010427 0)
(0 -0.0010093216 0)
(0 -0.00097480292 0)
(0 -0.00097443065 0)
(0 -0.0010078082 0)
(0 -0.0010059353 0)
(0 -0.00097210563 0)
(0 -0.00097173146 0)
(0 -0.0010031675 0)
(0 -0.00099916792 0)
(0 -0.00096707674 0)
(0 -0.00096669926 0)
(0 -0.00099171332 0)
(0 -0.00097773998 0)
(0 -0.00095018388 0)
(0 -0.00094974944 0)
(0 -1.6917581e-05 0)
(0 -1.6550415e-05 0)
(0 -1.6580718e-05 0)
(0 -1.6571928e-05 0)
(0 -1.7149126e-05 0)
(0 -1.8466583e-05 0)
(0 -1.7740749e-05 0)
(0 -1.7725999e-05 0)
(0 -2.0101034e-05 0)
(0 -2.205247e-05 0)
(0 -2.0976527e-05 0)
(0 -2.0959899e-05 0)
(0 -2.5236212e-05 0)
(0 -3.0525421e-05 0)
(0 -2.7437399e-05 0)
(0 -2.7423558e-05 0)
(0 -1.6775722e-05 0)
(0 -1.5481811e-05 0)
(0 -1.6759777e-05 0)
(0 -1.5237029e-05 0)
(0 -1.585631e-05 0)
(0 -1.9456768e-05 0)
(0 -1.7129927e-05 0)
(0 -1.8707391e-05 0)
(0 -2.3746674e-05 0)
(0 -2.0586421e-05 0)
(0 -2.360449e-05 0)
(0 -3.3756398e-05 0)
(0 -2.8540127e-05 0)
(0 -1.6749737e-05 0)
(0 -1.5223952e-05 0)
(0 -1.5840404e-05 0)
(0 -1.9445322e-05 0)
(0 -1.7112848e-05 0)
(0 -1.8689347e-05 0)
(0 -2.3733099e-05 0)
(0 -2.0567038e-05 0)
(0 -2.3584754e-05 0)
(0 -1.7704818e-06 0)
(0 -1.48237e-06 0)
(0 -1.3699241e-06 0)
(0 -1.2810338e-06 0)
(0 -1.1862005e-06 0)
(0 -1.3092489e-06 0)
(0 -1.1643615e-06 0)
(0 -1.1672804e-06 0)
(0 -1.3832495e-06 0)
(0 -1.1948753e-06 0)
(0 -1.2965669e-06 0)
(0 -1.803442e-06 0)
(0 -1.5067967e-06 0)
(0 -1.369244e-06 0)
(0 -1.2801351e-06 0)
(0 -1.1851601e-06 0)
(0 -1.3086419e-06 0)
(0 -1.1633722e-06 0)
(0 -1.1662769e-06 0)
(0 -1.3825324e-06 0)
(0 -1.193777e-06 0)
(0 -1.2956217e-06 0)
(0 -1.6806765e-05 0)
(0 -1.5481458e-05 0)
(0 -1.6682199e-05 0)
(0 -1.5187395e-05 0)
(0 -1.5751371e-05 0)
(0 -1.9238292e-05 0)
(0 -1.6958963e-05 0)
(0 -1.8459509e-05 0)
(0 -2.3326576e-05 0)
(0 -2.0246418e-05 0)
(0 -2.3134693e-05 0)
(0 -3.2926513e-05 0)
(0 -2.7871635e-05 0)
(0 -1.6673491e-05 0)
(0 -1.517448e-05 0)
(0 -1.5735775e-05 0)
(0 -1.9228762e-05 0)
(0 -1.6942425e-05 0)
(0 -1.8441936e-05 0)
(0 -2.3315425e-05 0)
(0 -2.0227357e-05 0)
(0 -2.3115696e-05 0)
(0 -0.00089153441 0)
(0 -0.0008364785 0)
(0 -0.00088030999 0)
(0 -0.00093720275 0)
(0 -0.00089949031 0)
(0 -0.00091064608 0)
(0 -0.00095363969 0)
(0 -0.00091769664 0)
(0 -0.00092314928 0)
(0 -0.00096259841 0)
(0 -0.0009270162 0)
(0 -0.00093020697 0)
(0 -0.0009680532 0)
(0 -0.00093256215 0)
(0 -0.0009345922 0)
(0 -0.00097162462 0)
(0 -0.00093613457 0)
(0 -0.00093750538 0)
(0 -0.00097408591 0)
(0 -0.00093856846 0)
(0 -0.00093953386 0)
(0 -0.00097584438 0)
(0 -0.00094029342 0)
(0 -0.00094099358 0)
(0 -0.00097713212 0)
(0 -0.00094154983 0)
(0 -0.00094206759 0)
(0 -0.00097808968 0)
(0 -0.00094248123 0)
(0 -0.00094286818 0)
(0 -0.00097880623 0)
(0 -0.00094317771 0)
(0 -0.00094346725 0)
(0 -0.00097934023 0)
(0 -0.00094369792 0)
(0 -0.00094391224 0)
(0 -0.00097973071 0)
(0 -0.00094408092 0)
(0 -0.0009442349 0)
(0 -0.00098000377 0)
(0 -0.00094435285 0)
(0 -0.00094445633 0)
(0 -0.00098017621 0)
(0 -0.00094453082 0)
(0 -0.00094458988 0)
(0 -0.0009802577 0)
(0 -0.00094462509 0)
(0 -0.00094464278 0)
(0 -0.00098025177 0)
(0 -0.00094464023 0)
(0 -0.00094461683 0)
(0 -0.00098015599 0)
(0 -0.00094457547 0)
(0 -0.00094450839 0)
(0 -0.00097996126 0)
(0 -0.0009444243 0)
(0 -0.00094430746 0)
(0 -0.0009796499 0)
(0 -0.00094417302 0)
(0 -0.00094399567 0)
(0 -0.00097919187 0)
(0 -0.00094379792 0)
(0 -0.00094354217 0)
(0 -0.00097853735 0)
(0 -0.00094325963 0)
(0 -0.0009428957 0)
(0 -0.00097760163 0)
(0 -0.00094249188 0)
(0 -0.00094196811 0)
(0 -0.00097623183 0)
(0 -0.00094137727 0)
(0 -0.00094059697 0)
(0 -0.00097412209 0)
(0 -0.00093968813 0)
(0 -0.00093844603 0)
(0 -0.00097053506 0)
(0 -0.00093690884 0)
(0 -0.00093464994 0)
(0 -0.00096260486 0)
(0 -0.000931342 0)
(0 -0.0009241709 0)
(0 -0.0009180154 0)
(0 -0.00089302975 0)
(0 -0.00089090622 0)
(0 -0.00083558677 0)
(0 -0.00087935773 0)
(0 -0.00093656811 0)
(0 -0.0008984644 0)
(0 -0.00090960648 0)
(0 -0.00095300811 0)
(0 -0.0009166291 0)
(0 -0.00092207579 0)
(0 -0.00096197045 0)
(0 -0.00092592774 0)
(0 -0.00092911536 0)
(0 -0.000967428 0)
(0 -0.00093146143 0)
(0 -0.00093348959 0)
(0 -0.00097100146 0)
(0 -0.00093502601 0)
(0 -0.00093639559 0)
(0 -0.00097346426 0)
(0 -0.00093745457 0)
(0 -0.00093841913 0)
(0 -0.00097522387 0)
(0 -0.00093917578 0)
(0 -0.00093987534 0)
(0 -0.00097651248 0)
(0 -0.00094042945 0)
(0 -0.00094094678 0)
(0 -0.00097747071 0)
(0 -0.00094135882 0)
(0 -0.00094174545 0)
(0 -0.00097818776 0)
(0 -0.00094205379 0)
(0 -0.0009423431 0)
(0 -0.00097872213 0)
(0 -0.00094257288 0)
(0 -0.00094278702 0)
(0 -0.0009791129 0)
(0 -0.00094295505 0)
(0 -0.00094310891 0)
(0 -0.00097938615 0)
(0 -0.00094322641 0)
(0 -0.00094332981 0)
(0 -0.00097955872 0)
(0 -0.00094340401 0)
(0 -0.00094346303 0)
(0 -0.00097964027 0)
(0 -0.0009434981 0)
(0 -0.00094351577 0)
(0 -0.00097963433 0)
(0 -0.00094351323 0)
(0 -0.00094348985 0)
(0 -0.00097953849 0)
(0 -0.00094344866 0)
(0 -0.00094338162 0)
(0 -0.00097934361 0)
(0 -0.00094329786 0)
(0 -0.00094318112 0)
(0 -0.00097903203 0)
(0 -0.00094304719 0)
(0 -0.00094286999 0)
(0 -0.00097857368 0)
(0 -0.000942673 0)
(0 -0.00094241746 0)
(0 -0.00097791869 0)
(0 -0.000942136 0)
(0 -0.00094177238 0)
(0 -0.00097698233 0)
(0 -0.00094137012 0)
(0 -0.00094084679 0)
(0 -0.00097561161 0)
(0 -0.00094025823 0)
(0 -0.0009394786 0)
(0 -0.00097350054 0)
(0 -0.00093857327 0)
(0 -0.0009373324 0)
(0 -0.00096991163 0)
(0 -0.00093580137 0)
(0 -0.0009335448 0)
(0 -0.00096197547 0)
(0 -0.00093024867 0)
(0 -0.00092306949 0)
(0 -0.00091740327 0)
(0 -0.0008916042 0)
(0 -1.5495409e-05 0)
(0 -1.5691085e-05 0)
(0 -1.8535318e-05 0)
(0 -2.3476567e-05 0)
(0 -1.5431228e-06 0)
(0 -1.2207828e-06 0)
(0 -1.2028055e-06 0)
(0 -1.3376753e-06 0)
(0 -5.286699e-06 0)
(0 -5.184e-06 0)
(0 -3.465107e-06 0)
(0 -4.7319816e-06 0)
(0 -1.9374774e-06 0)
(0 -6.6348078e-06 0)
(0 -2.0326229e-06 0)
(0 0 0)
(0 -4.5250902e-06 0)
(0 0 0)
(0 -2.9920541e-06 0)
(0 0 0)
(0 0 0)
(0 0 0)
(0 0 0)
(0 0 0)
(0 -9.0592066e-06 0)
(0 -6.7388933e-06 0)
(0 -1.3619078e-05 0)
(0 0 0)
(0 -1.8365822e-05 0)
(0 -2.463715e-05 0)
(0 -2.0176679e-05 0)
(0 -2.174708e-06 0)
(0 -1.525185e-06 0)
(0 -1.5324468e-06 0)
(0 0 0)
(0 0 0)
(0 0 0)
(0 -2.0171263e-05 0)
(0 0 0)
(0 -2.4163319e-05 0)
(0 -3.9858216e-05 0)
(0 -2.0240093e-06 0)
(0 0 0)
(0 0 0)
(0 -2.2350978e-06 0)
(0 0 0)
(0 0 0)
(0 -3.8574138e-05 0)
(0 -4.0846203e-05 0)
(0 -1.665896e-06 0)
(0 0 0)
(0 0 0)
(0 -1.6216309e-06 0)
(0 0 0)
(0 0 0)
(0 -5.267164e-05 0)
(0 -6.1748327e-05 0)
(0 -7.3372673e-07 0)
(0 -9.265381e-07 0)
(0 -3.7829919e-05 0)
(0 -2.6534242e-05 0)
(0 -1.6408242e-06 0)
(0 0 0)
(0 -5.0933308e-07 0)
(0 -4.2210965e-05 0)
(0 -0.00014844936 0)
(0 -7.3093067e-05 0)
(0 -0.00010606102 0)
(0 -0.00011338545 0)
(0 -1.260625e-06 0)
(0 -7.2338907e-07 0)
(0 -1.0805444e-06 0)
(0 -4.4994274e-07 0)
(0 -1.468344e-06 0)
(0 0 0)
(0 -6.9972728e-05 0)
(0 -3.7238114e-07 0)
(0 0 0)
(0 -7.1872992e-07 0)
(0 0 0)
(0 -3.44019e-07 0)
(0 0 0)
(0 0 0)
(0 0 0)
(0 0 0)
(0 0 0)
(0 -5.2157818e-07 0)
(0 -3.8303507e-07 0)
(0 -7.4623373e-07 0)
(0 0 0)
(0 -1.0398205e-06 0)
(0 0 0)
(0 -1.304711e-06 0)
(0 -1.047584e-06 0)
(0 0 0)
(0 0 0)
(0 0 0)
(0 -9.8416651e-05 0)
(0 -6.3211668e-05 0)
(0 0 0)
(0 0 0)
(0 -9.8905251e-07 0)
(0 -1.2006054e-06 0)
(0 0 0)
(0 -9.9898578e-05 0)
(0 -7.1494041e-05 0)
(0 -1.9002831e-06 0)
(0 0 0)
(0 0 0)
(0 -2.411144e-05 0)
(0 0 0)
(0 -6.7546525e-05 0)
(0 -5.630032e-05 0)
(0 -4.2808407e-05 0)
(0 -1.7831262e-06 0)
(0 -1.8700968e-06 0)
(0 0 0)
(0 0 0)
(0 0 0)
(0 0 0)
(0 -3.9972251e-05 0)
(0 -3.7467452e-05 0)
(0 -2.321117e-06 0)
(0 -2.6759907e-06 0)
(0 -1.5670242e-06 0)
(0 -1.1219707e-06 0)
(0 0 0)
(0 0 0)
(0 -1.2383205e-05 0)
(0 -3.4293624e-05 0)
(0 -3.5590315e-05 0)
(0 -2.4001816e-05 0)
(0 -1.565109e-06 0)
(0 -2.5701173e-06 0)
(0 -5.4004565e-06 0)
(0 -3.8876128e-06 0)
(0 -4.3052703e-06 0)
(0 0 0)
(0 -1.9663237e-06 0)
(0 0 0)
(0 0 0)
(0 0 0)
(0 -1.4569724e-05 0)
(0 -1.9193192e-05 0)
(0 -2.3504872e-05 0)
(0 -2.8172165e-05 0)
(0 -0.00024011987 0)
(0 -0.00032822585 0)
(0 -0.00052244761 0)
(0 -0.00065252379 0)
(0 -0.00082063876 0)
(0 -0.00090262235 0)
(0 -0.00094854491 0)
(0 -0.00096264496 0)
(0 -0.00090904272 0)
(0 -0.00096760623 0)
(0 -0.00097057147 0)
(0 -0.00097478252 0)
(0 -0.00094239225 0)
(0 -0.00098474486 0)
(0 -0.00097838979 0)
(0 -0.00098039906 0)
(0 -0.00095620236 0)
(0 -0.00099181622 0)
(0 -0.00098263635 0)
(0 -0.00098366157 0)
(0 -0.00096400997 0)
(0 -0.00099581243 0)
(0 -0.00098522047 0)
(0 -0.00098572741 0)
(0 -0.00096886477 0)
(0 -0.00099829731 0)
(0 -0.00098691173 0)
(0 -0.00098711811 0)
(0 -0.00097209139 0)
(0 -0.00099994879 0)
(0 -0.00098807701 0)
(0 -0.00098809552 0)
(0 -0.0009743388 0)
(0 -0.0010010991 0)
(0 -0.00098890941 0)
(0 -0.00098880341 0)
(0 -0.00097595642 0)
(0 -0.001001927 0)
(0 -0.00098951892 0)
(0 -0.00098932638 0)
(0 -0.00097714679 0)
(0 -0.0010025363 0)
(0 -0.00098997211 0)
(0 -0.00098971695 0)
(0 -0.00097803422 0)
(0 -0.0010029905 0)
(0 -0.00099031122 0)
(0 -0.00099000905 0)
(0 -0.00097869833 0)
(0 -0.0010033304 0)
(0 -0.00099056392 0)
(0 -0.00099022519 0)
(0 -0.00097919165 0)
(0 -0.0010035829 0)
(0 -0.00099074871 0)
(0 -0.00099038043 0)
(0 -0.00097954938 0)
(0 -0.001003766 0)
(0 -0.00099087792 0)
(0 -0.00099048472 0)
(0 -0.00097979488 0)
(0 -0.0010038917 0)
(0 -0.00099095952 0)
(0 -0.00099054422 0)
(0 -0.00097994295 0)
(0 -0.0010039675 0)
(0 -0.00099099808 0)
(0 -0.00099056201 0)
(0 -0.00098000159 0)
(0 -0.0010039976 0)
(0 -0.00099099527 0)
(0 -0.00099053835 0)
(0 -0.0009799728 0)
(0 -0.0010039829 0)
(0 -0.00099094994 0)
(0 -0.00099047061 0)
(0 -0.00097985254 0)
(0 -0.0010039214 0)
(0 -0.00099085778 0)
(0 -0.00099035263 0)
(0 -0.00097962974 0)
(0 -0.0010038075 0)
(0 -0.00099071042 0)
(0 -0.00099017346 0)
(0 -0.00097928402 0)
(0 -0.0010036307 0)
(0 -0.00099049364 0)
(0 -0.00098991488 0)
(0 -0.00097878119 0)
(0 -0.0010033735 0)
(0 -0.00099018382 0)
(0 -0.00098954641 0)
(0 -0.00097806443 0)
(0 -0.0010030068 0)
(0 -0.00098974084 0)
(0 -0.00098901491 0)
(0 -0.00097703606 0)
(0 -0.0010024807 0)
(0 -0.0009890922 0)
(0 -0.00098822 0)
(0 -0.00097551609 0)
(0 -0.0010017029 0)
(0 -0.00098809265 0)
(0 -0.00098694406 0)
(0 -0.0009731315 0)
(0 -0.0010004818 0)
(0 -0.00098639094 0)
(0 -0.00098455885 0)
(0 -0.00096891347 0)
(0 -0.00099831345 0)
(0 -0.00098257427 0)
(0 -0.00097549568 0)
(0 -0.00095794834 0)
(0 -0.00099273795 0)
(0 -0.00092750017 0)
(0 -0.00018950324 0)
(0 -6.7284775e-06 0)
(0 -4.5589657e-06 0)
(0 -2.9928885e-06 0)
(0 -9.9536278e-06 0)
(0 -8.8728148e-06 0)
(0 -1.0114838e-05 0)
(0 -1.5506817e-05 0)
(0 0 0)
(0 -8.3181176e-06 0)
(0 -8.7659552e-06 0)
(0 -8.9821088e-06 0)
(0 -1.5601016e-05 0)
(0 0 0)
(0 -9.5302628e-06 0)
(0 -1.0430628e-05 0)
(0 -1.0571394e-05 0)
(0 -1.8308162e-05 0)
(0 0 0)
(0 -1.1782644e-05 0)
(0 -1.4954546e-05 0)
(0 -1.378041e-05 0)
(0 -2.3033058e-05 0)
(0 -8.7816185e-06 0)
(0 -2.0109344e-05 0)
(0 -1.7692285e-05 0)
(0 -3.7220682e-06 0)
(0 -2.5201362e-06 0)
(0 -3.8365669e-06 0)
(0 -4.2008548e-06 0)
(0 0 0)
(0 0 0)
(0 0 0)
(0 -5.2528145e-06 0)
(0 -3.7902567e-06 0)
(0 0 0)
(0 0 0)
(0 0 0)
(0 -5.8554707e-06 0)
(0 -1.328302e-05 0)
(0 -2.0517505e-05 0)
(0 -8.7088954e-06 0)
(0 -2.7837584e-05 0)
(0 0 0)
(0 -3.3628981e-05 0)
(0 -1.5423486e-05 0)
(0 -2.5426334e-05 0)
(0 -1.071072e-05 0)
(0 -3.0210005e-05 0)
(0 0 0)
(0 -3.1005028e-06 0)
(0 -1.0892242e-06 0)
(0 -1.6194174e-05 0)
(0 -1.3432648e-05 0)
(0 -1.874681e-06 0)
(0 -1.7595498e-06 0)
(0 0 0)
(0 0 0)
(0 0 0)
(0 0 0)
(0 -3.7329758e-05 0)
(0 0 0)
(0 -4.3624202e-05 0)
(0 -4.7310213e-05 0)
(0 0 0)
(0 0 0)
(0 0 0)
(0 -5.9791798e-07 0)
(0 0 0)
(0 -1.1838981e-06 0)
(0 -5.5047446e-05 0)
(0 0 0)
(0 0 0)
(0 -8.0784458e-05 0)
(0 -1.0092931e-06 0)
(0 -7.5541342e-07 0)
(0 -1.2322374e-06 0)
(0 -1.436084e-06 0)
(0 0 0)
(0 0 0)
(0 0 0)
(0 -0.00011569484 0)
(0 -0.00017445831 0)
(0 0 0)
(0 -1.010025e-06 0)
(0 -0.00013939489 0)
(0 -0.00017142114 0)
(0 0 0)
(0 -0.00011332976 0)
(0 -0.0002336054 0)
(0 -5.103231e-07 0)
(0 0 0)
(0 0 0)
(0 0 0)
(0 -3.5007055e-07 0)
(0 -7.3751529e-07 0)
(0 0 0)
(0 -8.4252317e-05 0)
(0 -0.00025218715 0)
(0 -1.1169083e-06 0)
(0 -4.6531636e-07 0)
(0 -1.5162426e-06 0)
(0 0 0)
(0 -0.00011256015 0)
(0 -5.707769e-05 0)
(0 -0.0001409375 0)
(0 -0.00014659055 0)
(0 -0.00020120591 0)
(0 -1.7119165e-06 0)
(0 -7.8801212e-07 0)
(0 -1.2881304e-06 0)
(0 -5.3927996e-07 0)
(0 -1.5162772e-06 0)
(0 -3.6818455e-05 0)
(0 0 0)
(0 -0.00013005595 0)
(0 -9.2637965e-05 0)
(0 -7.8311926e-07 0)
(0 -6.4090358e-07 0)
(0 -4.8973539e-05 0)
(0 -3.384163e-05 0)
(0 0 0)
(0 -1.7431254e-06 0)
(0 0 0)
(0 0 0)
(0 0 0)
(0 -4.3203021e-05 0)
(0 -4.7931494e-05 0)
(0 -1.9761031e-06 0)
(0 -2.1153955e-06 0)
(0 0 0)
(0 0 0)
(0 0 0)
(0 0 0)
(0 -3.5322533e-05 0)
(0 -3.4106005e-05 0)
(0 0 0)
(0 -2.2304444e-06 0)
(0 0 0)
(0 -3.1820436e-06 0)
(0 0 0)
(0 0 0)
(0 -9.9313267e-06 0)
(0 -1.5026001e-05 0)
(0 -1.8605633e-05 0)
(0 -3.7893233e-06 0)
(0 -5.2657456e-06 0)
(0 0 0)
(0 -3.5085699e-06 0)
(0 -4.800735e-06 0)
(0 -2.0518334e-06 0)
(0 -5.3119619e-06 0)
(0 0 0)
(0 0 0)
(0 -3.8045649e-06 0)
(0 0 0)
(0 0 0)
(0 0 0)
(0 0 0)
(0 -5.7002991e-06 0)
(0 0 0)
(0 -6.4829046e-06 0)
(0 -1.2822149e-05 0)
(0 -8.3211316e-06 0)
(0 -1.3056037e-05 0)
(0 -1.9635476e-05 0)
(0 -2.3521663e-05 0)
(0 -2.6697759e-05 0)
(0 -3.1843246e-05 0)
(0 -2.3713701e-05 0)
(0 -9.9364175e-06 0)
(0 -1.5119445e-05 0)
(0 -8.8872687e-06 0)
(0 -1.0109447e-05 0)
(0 -8.9447861e-06 0)
(0 -8.3606226e-06 0)
(0 -1.5106985e-05 0)
(0 -8.8794433e-06 0)
(0 -8.3496739e-06 0)
(0 -1.6968818e-05 0)
(0 -8.8412163e-06 0)
(0 -9.0380666e-06 0)
(0 -9.7825092e-06 0)
(0 -9.6471129e-06 0)
(0 -1.5675908e-05 0)
(0 -1.6952439e-05 0)
(0 -8.8289254e-06 0)
(0 -9.6348683e-06 0)
(0 -2.0400661e-05 0)
(0 -1.0594787e-05 0)
(0 -1.0710861e-05 0)
(0 -1.1860239e-05 0)
(0 -1.2009739e-05 0)
(0 -1.8517851e-05 0)
(0 -2.0382023e-05 0)
(0 -1.0582139e-05 0)
(0 -1.1995261e-05 0)
(0 -2.867797e-05 0)
(0 -1.530276e-05 0)
(0 -1.4061158e-05 0)
(0 -1.9136287e-05 0)
(0 -2.0661726e-05 0)
(0 -2.3457679e-05 0)
(0 -1.5288701e-05 0)
(0 -1.0829186e-06 0)
(0 -8.2767943e-07 0)
(0 -1.0429255e-06 0)
(0 -1.3216103e-06 0)
(0 -7.9331669e-07 0)
(0 -6.7809174e-07 0)
(0 -8.2737033e-07 0)
(0 -1.3207006e-06 0)
(0 -6.7737017e-07 0)
(0 -6.4111863e-07 0)
(0 -7.0816852e-07 0)
(0 -1.1997993e-06 0)
(0 -6.9342727e-07 0)
(0 -6.3743685e-07 0)
(0 -1.2197496e-06 0)
(0 -6.4041475e-07 0)
(0 -1.19881e-06 0)
(0 -6.368175e-07 0)
(0 -6.4439482e-07 0)
(0 -6.9516815e-07 0)
(0 -1.2297424e-06 0)
(0 -7.1350209e-07 0)
(0 -6.8486997e-07 0)
(0 -1.2017952e-06 0)
(0 -6.4365284e-07 0)
(0 -1.2286609e-06 0)
(0 -6.8410905e-07 0)
(0 -8.3987333e-07 0)
(0 -8.0314302e-07 0)
(0 -1.5686456e-06 0)
(0 -1.0606255e-06 0)
(0 -1.1036723e-06 0)
(0 -1.3367243e-06 0)
(0 -8.3953651e-07 0)
(0 -3.160631e-06 0)
(0 -2.5892372e-06 0)
(0 -1.9331526e-06 0)
(0 -3.1564701e-06 0)
(0 -2.5863671e-06 0)
(0 -3.7557001e-05 0)
(0 -2.5915922e-05 0)
(0 -3.9858769e-05 0)
(0 -3.7538642e-05 0)
(0 -1.647244e-06 0)
(0 -1.7706317e-06 0)
(0 -1.1446102e-06 0)
(0 -1.6456588e-06 0)
(0 -1.7685476e-06 0)
(0 -7.6403975e-05 0)
(0 -4.6594303e-05 0)
(0 -6.1696954e-05 0)
(0 -7.6357619e-05 0)
(0 -1.7718342e-06 0)
(0 -1.2301679e-06 0)
(0 -1.9004984e-06 0)
(0 -1.7711238e-06 0)
(0 -6.8648094e-05 0)
(0 -5.5857238e-05 0)
(0 -3.2562286e-06 0)
(0 -1.9950456e-06 0)
(0 -2.6742349e-06 0)
(0 -3.2545418e-06 0)
(0 -3.4243494e-05 0)
(0 -3.6296426e-05 0)
(0 -0.00065229682 0)
(0 -0.00090238934 0)
(0 -0.00086135117 0)
(0 -0.00094270376 0)
(0 -0.00086085141 0)
(0 -0.00094816056 0)
(0 -0.00093007861 0)
(0 -0.00097843522 0)
(0 -0.00096242452 0)
(0 -0.00090854697 0)
(0 -0.00092956887 0)
(0 -0.00097016686 0)
(0 -0.00095017077 0)
(0 -0.00098874432 0)
(0 -0.00097456621 0)
(0 -0.00094189008 0)
(0 -0.00094966493 0)
(0 -0.00097797852 0)
(0 -0.00096047646 0)
(0 -0.00099401324 0)
(0 -0.00098018584 0)
(0 -0.00095570154 0)
(0 -0.00095997437 0)
(0 -0.00098222197 0)
(0 -0.00096661537 0)
(0 -0.00099715223 0)
(0 -0.00098345054 0)
(0 -0.00096351127 0)
(0 -0.0009661161 0)
(0 -0.00098480437 0)
(0 -0.00097057192 0)
(0 -0.00099917541 0)
(0 -0.0009855179 0)
(0 -0.00096836781 0)
(0 -0.00097007467 0)
(0 -0.00098649458 0)
(0 -0.00097326845 0)
(0 -0.0010005543 0)
(0 -0.00098690969 0)
(0 -0.00097159577 0)
(0 -0.00097277267 0)
(0 -0.00098765916 0)
(0 -0.00097518001 0)
(0 -0.0010015319 0)
(0 -0.0009878879 0)
(0 -0.00097384421 0)
(0 -0.00097468533 0)
(0 -0.00098849109 0)
(0 -0.00097657257 0)
(0 -0.001002244 0)
(0 -0.00098859638 0)
(0 -0.00097546261 0)
(0 -0.00097607871 0)
(0 -0.00098910026 0)
(0 -0.00097760503 0)
(0 -0.0010027721 0)
(0 -0.00098911979 0)
(0 -0.00097665359 0)
(0 -0.00097711179 0)
(0 -0.00098955321 0)
(0 -0.00097837715 0)
(0 -0.0010031669 0)
(0 -0.0009895107 0)
(0 -0.00097754148 0)
(0 -0.00097788439 0)
(0 -0.00098989213 0)
(0 -0.00097895391 0)
(0 -0.0010034619 0)
(0 -0.00098980306 0)
(0 -0.00097820594 0)
(0 -0.00097846151 0)
(0 -0.0009901447 0)
(0 -0.00097937856 0)
(0 -0.0010036791 0)
(0 -0.00099001939 0)
(0 -0.00097869953 0)
(0 -0.00097888643 0)
(0 -0.00099032939 0)
(0 -0.00097968009 0)
(0 -0.0010038333 0)
(0 -0.00099017476 0)
(0 -0.00097905745 0)
(0 -0.00097918815 0)
(0 -0.00099045853 0)
(0 -0.00097987743 0)
(0 -0.0010039342 0)
(0 -0.00099027915 0)
(0 -0.00097930308 0)
(0 -0.00097938563 0)
(0 -0.00099054009 0)
(0 -0.00097998197 0)
(0 -0.0010039876 0)
(0 -0.0009903387 0)
(0 -0.00097945122 0)
(0 -0.00097949024 0)
(0 -0.00099057863 0)
(0 -0.00097999876 0)
(0 -0.0010039961 0)
(0 -0.00099035651 0)
(0 -0.00097950988 0)
(0 -0.00097950706 0)
(0 -0.00099057582 0)
(0 -0.00097992698 0)
(0 -0.0010039593 0)
(0 -0.00099033283 0)
(0 -0.00097948107 0)
(0 -0.00097943524 0)
(0 -0.00099053051 0)
(0 -0.00097975936 0)
(0 -0.0010038735 0)
(0 -0.00099026503 0)
(0 -0.00097936072 0)
(0 -0.00097926755 0)
(0 -0.0009904384 0)
(0 -0.00097948077 0)
(0 -0.0010037308 0)
(0 -0.00099014694 0)
(0 -0.00097913777 0)
(0 -0.0009789888 0)
(0 -0.00099029112 0)
(0 -0.0009790649 0)
(0 -0.0010035179 0)
(0 -0.00098996762 0)
(0 -0.00097879183 0)
(0 -0.00097857272 0)
(0 -0.00099007445 0)
(0 -0.00097846813 0)
(0 -0.0010032123 0)
(0 -0.00098970881 0)
(0 -0.00097828868 0)
(0 -0.00097797564 0)
(0 -0.0009897648 0)
(0 -0.00097761704 0)
(0 -0.0010027765 0)
(0 -0.00098934002 0)
(0 -0.00097757147 0)
(0 -0.00097712412 0)
(0 -0.00098932206 0)
(0 -0.00097638156 0)
(0 -0.0010021438 0)
(0 -0.00098880808 0)
(0 -0.00097654248 0)
(0 -0.00097588803 0)
(0 -0.00098867378 0)
(0 -0.00097450942 0)
(0 -0.0010011846 0)
(0 -0.0009880125 0)
(0 -0.00097502158 0)
(0 -0.00097401504 0)
(0 -0.00098767484 0)
(0 -0.00097142726 0)
(0 -0.00099960316 0)
(0 -0.0009867356 0)
(0 -0.00097263567 0)
(0 -0.00097093181 0)
(0 -0.00098597425 0)
(0 -0.00096526155 0)
(0 -0.00099641964 0)
(0 -0.00098434871 0)
(0 -0.00096841553 0)
(0 -0.00096476386 0)
(0 -0.00098215736 0)
(0 -0.0009354172 0)
(0 -0.00098205917 0)
(0 -0.00097519942 0)
(0 -0.00095743753 0)
(0 -0.00093469779 0)
(0 -0.00092691247 0)
(0 -8.9202902e-06 0)
(0 -1.508254e-05 0)
(0 -8.865441e-06 0)
(0 -1.5070599e-05 0)
(0 -8.3079066e-06 0)
(0 -9.687559e-06 0)
(0 -1.6815399e-05 0)
(0 -8.75441e-06 0)
(0 -1.5586536e-05 0)
(0 -1.6800019e-05 0)
(0 -9.5191409e-06 0)
(0 -1.1665233e-05 0)
(0 -2.0084639e-05 0)
(0 -1.0418884e-05 0)
(0 -1.8291699e-05 0)
(0 -2.0067016e-05 0)
(0 -1.1769399e-05 0)
(0 -1.8676162e-05 0)
(0 -2.8033957e-05 0)
(0 -1.4942276e-05 0)
(0 -2.3015643e-05 0)
(0 -8.7603559e-07 0)
(0 0 0)
(0 0 0)
(0 0 0)
(0 -4.9997357e-07 0)
(0 0 0)
(0 -5.3280964e-07 0)
(0 -8.1038507e-07 0)
(0 -1.0540042e-06 0)
(0 0 0)
(0 0 0)
(0 -3.0527752e-06 0)
(0 -3.9546101e-06 0)
(0 0 0)
(0 0 0)
(0 0 0)
(0 0 0)
(0 -9.0968727e-06 0)
(0 -8.1271405e-06 0)
(0 -1.0791385e-05 0)
(0 -1.9041454e-05 0)
(0 -1.9149467e-05 0)
(0 0 0)
(0 -3.427053e-05 0)
(0 -8.3395883e-05 0)
(0 0 0)
(0 -3.9826461e-05 0)
(0 -0.00080909472 0)
(0 -0.00094636592 0)
(0 -0.00096114284 0)
(0 -0.00096718539 0)
(0 -0.00097059029 0)
(0 -0.00097270442 0)
(0 -0.00097410823 0)
(0 -0.00097508541 0)
(0 -0.00097578845 0)
(0 -0.00097630565 0)
(0 -0.00097669114 0)
(0 -0.00097697958 0)
(0 -0.00097719383 0)
(0 -0.00097734919 0)
(0 -0.00097745582 0)
(0 -0.00097752015 0)
(0 -0.00097754567 0)
(0 -0.00097753326 0)
(0 -0.00097748115 0)
(0 -0.00097738455 0)
(0 -0.00097723461 0)
(0 -0.00097701649 0)
(0 -0.00097670551 0)
(0 -0.00097625921 0)
(0 -0.0009755993 0)
(0 -0.00097456334 0)
(0 -0.00097273188 0)
(0 -0.00096743505 0)
(0 -8.9740946e-06 0)
(0 -7.9463815e-06 0)
(0 -9.3454797e-06 0)
(0 -1.2223368e-05 0)
(0 -4.2405218e-07 0)
(0 -9.5445051e-07 0)
(0 -4.8541247e-07 0)
(0 0 0)
(0 0 0)
(0 0 0)
(0 0 0)
(0 -9.0498097e-07 0)
(0 0 0)
(0 -9.8035062e-07 0)
(0 -4.3930343e-07 0)
(0 -5.0485445e-07 0)
(0 0 0)
(0 0 0)
(0 0 0)
(0 -8.9964756e-07 0)
(0 -8.6901526e-07 0)
(0 -9.5184986e-07 0)
(0 -1.0977417e-06 0)
(0 0 0)
(0 -1.2670813e-06 0)
(0 -1.2994857e-06 0)
(0 -2.9895476e-06 0)
(0 -1.5248531e-06 0)
(0 0 0)
(0 -1.5529455e-06 0)
(0 0 0)
(0 -2.5314629e-06 0)
(0 -4.0092467e-06 0)
(0 -2.5585696e-06 0)
(0 0 0)
(0 0 0)
(0 0 0)
(0 0 0)
(0 0 0)
(0 0 0)
(0 0 0)
(0 0 0)
(0 0 0)
(0 0 0)
(0 -1.705839e-05 0)
(0 -8.7317588e-06 0)
(0 -1.6309445e-05 0)
(0 0 0)
(0 -8.539026e-06 0)
(0 -1.9386218e-05 0)
(0 0 0)
(0 0 0)
(0 -1.8548194e-05 0)
(0 0 0)
(0 -1.0010037e-05 0)
(0 0 0)
(0 -1.8715511e-05 0)
(0 -1.7080404e-05 0)
(0 -2.0918849e-05 0)
(0 -2.4766198e-05 0)
(0 -2.2514225e-05 0)
(0 -3.2701599e-05 0)
(0 0 0)
(0 0 0)
(0 0 0)
(0 -2.8840857e-05 0)
(0 -4.6907453e-05 0)
(0 -0.00011650603 0)
(0 -0.00014595506 0)
(0 0 0)
(0 0 0)
(0 0 0)
(0 0 0)
(0 -0.00012037609 0)
(0 -9.1657207e-05 0)
(0 -7.2870663e-05 0)
(0 -8.9776303e-06 0)
(0 -7.9408709e-06 0)
(0 -8.0051979e-06 0)
(0 -8.6577011e-06 0)
(0 -9.4819374e-06 0)
(0 -1.051302e-05 0)
(0 -1.2491677e-05 0)
(0 -1.6986349e-05 0)
(0 -6.6874705e-07 0)
(0 -8.8194847e-07 0)
(0 -5.8179454e-07 0)
(0 -5.9490362e-07 0)
(0 -5.9941507e-07 0)
(0 -5.8325357e-07 0)
(0 -8.9691264e-07 0)
(0 -6.7705966e-07 0)
(0 -9.4324226e-07 0)
(0 -1.0128683e-06 0)
(0 -1.5943836e-06 0)
(0 -1.6445999e-06 0)
(0 -2.1358191e-05 0)
(0 -3.8455821e-05 0)
(0 -0.00092452734 0)
(0 -0.00095574988 0)
(0 -0.00096457175 0)
(0 -0.00096906279 0)
(0 -0.00097173337 0)
(0 -0.00097345286 0)
(0 -0.00097462402 0)
(0 -0.00097545391 0)
(0 -0.0009760583 0)
(0 -0.0009765063 0)
(0 -0.00097684129 0)
(0 -0.00097709147 0)
(0 -0.00097727565 0)
(0 -0.0009774064 0)
(0 -0.00097749195 0)
(0 -0.00097753723 0)
(0 -0.00097754444 0)
(0 -0.0009775132 0)
(0 -0.00097744036 0)
(0 -0.00097731933 0)
(0 -0.00097713868 0)
(0 -0.00097687942 0)
(0 -0.00097650959 0)
(0 -0.00097597251 0)
(0 -0.00097515814 0)
(0 -0.00097381652 0)
(0 -0.00097112302 0)
(0 -0.00094569336 0)
(0 -7.9108539e-06 0)
(0 -8.5625939e-06 0)
(0 -1.0324745e-05 0)
(0 -1.6553454e-05 0)
(0 -1.9429072e-05 0)
(0 -3.4515141e-05 0)
(0 -0.00080888105 0)
(0 -0.00094584153 0)
(0 -0.00096056951 0)
(0 -0.00096659308 0)
(0 -0.00096998766 0)
(0 -0.00097209552 0)
(0 -0.00097349522 0)
(0 -0.00097446957 0)
(0 -0.0009751706 0)
(0 -0.00097568632 0)
(0 -0.00097607071 0)
(0 -0.00097635833 0)
(0 -0.00097657197 0)
(0 -0.00097672688 0)
(0 -0.0009768332 0)
(0 -0.00097689734 0)
(0 -0.00097692277 0)
(0 -0.00097691036 0)
(0 -0.00097685837 0)
(0 -0.000976762 0)
(0 -0.00097661243 0)
(0 -0.00097639485 0)
(0 -0.00097608465 0)
(0 -0.00097563946 0)
(0 -0.00097498117 0)
(0 -0.00097394781 0)
(0 -0.00097212092 0)
(0 -0.00096681505 0)
(0 -7.9290515e-06 0)
(0 -9.3266018e-06 0)
(0 -1.220064e-05 0)
(0 -7.9255884e-06 0)
(0 -8.6392042e-06 0)
(0 -7.9876637e-06 0)
(0 -1.0492041e-05 0)
(0 -9.4627354e-06 0)
(0 -1.2468665e-05 0)
(0 -6.6779511e-07 0)
(0 -5.9384244e-07 0)
(0 -5.808153e-07 0)
(0 -5.8228233e-07 0)
(0 -5.9829745e-07 0)
(0 -6.7605568e-07 0)
(0 -9.4106085e-07 0)
(0 -1.0119274e-06 0)
(0 -1.5902014e-06 0)
(0 -1.641764e-06 0)
(0 -2.1341589e-05 0)
(0 -3.8390542e-05 0)
(0 -0.00092401686 0)
(0 -0.00095518087 0)
(0 -0.00096398123 0)
(0 -0.00096846107 0)
(0 -0.000971125 0)
(0 -0.00097284019 0)
(0 -0.00097400841 0)
(0 -0.00097483621 0)
(0 -0.00097543908 0)
(0 -0.00097588596 0)
(0 -0.0009762201 0)
(0 -0.00097646965 0)
(0 -0.00097665337 0)
(0 -0.0009767838 0)
(0 -0.00097686915 0)
(0 -0.00097691433 0)
(0 -0.00097692154 0)
(0 -0.00097689041 0)
(0 -0.00097681779 0)
(0 -0.00097669712 0)
(0 -0.00097651699 0)
(0 -0.00097625848 0)
(0 -0.00097588972 0)
(0 -0.00097535421 0)
(0 -0.00097454227 0)
(0 -0.00097320486 0)
(0 -0.00097051941 0)
(0 -0.0009445229 0)
(0 -7.895563e-06 0)
(0 -8.5446839e-06 0)
(0 -1.0304031e-05 0)
(0 -1.8314788e-05 0)
(0 -8.7647732e-05 0)
(0 -4.0542142e-06 0)
(0 -4.1939273e-06 0)
(0 -1.0118476e-05 0)
(0 -3.0894157e-05 0)
(0 -0.00011029988 0)
(0 -7.0268514e-06 0)
(0 -3.0498156e-06 0)
(0 -5.4159007e-05 0)
(0 -0.00012890025 0)
(0 -5.544113e-06 0)
(0 -5.7703868e-05 0)
(0 -0.00016248396 0)
(0 -4.9551263e-06 0)
(0 -8.0705714e-05 0)
(0 -0.00024328187 0)
(0 -1.3919011e-06 0)
(0 -1.6134526e-06 0)
(0 -0.00011457813 0)
(0 -5.3260371e-06 0)
(0 -2.5948386e-06 0)
(0 -0.00022073067 0)
(0 -5.9968136e-06 0)
(0 -2.6563264e-06 0)
(0 -0.0001492436 0)
(0 -7.2939843e-06 0)
(0 -3.5359571e-06 0)
(0 -0.0001181146 0)
(0 -1.0396052e-05 0)
(0 -3.5629508e-05 0)
(0 -9.9997598e-05 0)
(0 -0.00055123465 0)
(0 -0.00090960683 0)
(0 -0.00098198178 0)
(0 -0.0010171262 0)
(0 -0.0010379348 0)
(0 -0.0010512643 0)
(0 -0.0010603069 0)
(0 -0.0010666943 0)
(0 -0.0010713379 0)
(0 -0.0010747922 0)
(0 -0.0010774995 0)
(0 -0.0010796113 0)
(0 -0.0010813446 0)
(0 -0.0010819169 0)
(0 -0.0010827544 0)
(0 -0.0010834213 0)
(0 -0.0010816908 0)
(0 -0.001082283 0)
(0 -0.0010805293 0)
(0 -0.0010813892 0)
(0 -0.0010785392 0)
(0 -0.0010769804 0)
(0 -0.0010758253 0)
(0 -0.0010703165 0)
(0 -0.0010641445 0)
(0 -0.0010573569 0)
(0 -0.0010420168 0)
(0 -0.0010038553 0)
(0 -0.00090127998 0)
(0 -0.00063340502 0)
(0 -0.00089069771 0)
(0 -0.00093491071 0)
(0 -0.00095336893 0)
(0 -0.00096391377 0)
(0 -0.00097052769 0)
(0 -0.00097494985 0)
(0 -0.00097804213 0)
(0 -0.0009802742 0)
(0 -0.00098192515 0)
(0 -0.00098322541 0)
(0 -0.00098319483 0)
(0 -0.00098382654 0)
(0 -0.00098540659 0)
(0 -0.00098472425 0)
(0 -0.00098369766 0)
(0 -0.00098358062 0)
(0 -0.00098341789 0)
(0 -0.00097309785 0)
(0 -0.00098131787 0)
(0 -0.00097285313 0)
(0 -0.00097209165 0)
(0 -0.00098172152 0)
(0 -0.00097970855 0)
(0 -0.0009654377 0)
(0 -0.00097394054 0)
(0 -0.00096957223 0)
(0 -0.00095406887 0)
(0 -0.00087965024 0)
(0 -0.00088342863 0)
(0 -0.00096482772 0)
(0 -0.0010040584 0)
(0 -0.0010270033 0)
(0 -0.001041581 0)
(0 -0.0010514157 0)
(0 -0.0010583375 0)
(0 -0.0010633553 0)
(0 -0.0010670648 0)
(0 -0.0010698365 0)
(0 -0.0010719101 0)
(0 -0.0010734449 0)
(0 -0.0010745474 0)
(0 -0.0010752882 0)
(0 -0.001075711 0)
(0 -0.0010758376 0)
(0 -0.0010756699 0)
(0 -0.0010751894 0)
(0 -0.0010743524 0)
(0 -0.0010730818 0)
(0 -0.0010712492 0)
(0 -0.0010686403 0)
(0 -0.0010648831 0)
(0 -0.00105928 0)
(0 -0.001050346 0)
(0 -0.0010340694 0)
(0 -0.00099348658 0)
(0 -0.00050322633 0)
(0 -1.862522e-05 0)
(0 -1.0475802e-05 0)
(0 -2.2366437e-05 0)
(0 -8.405484e-05 0)
(0 -5.9283146e-06 0)
(0 -5.9201376e-06 0)
(0 -3.3889517e-06 0)
(0 -4.3406746e-06 0)
(0 -1.8783929e-05 0)
(0 -3.0903097e-05 0)
(0 -2.2409816e-05 0)
(0 -3.0517892e-06 0)
(0 -3.0481876e-05 0)
(0 -3.0490699e-05 0)
(0 -2.8254676e-06 0)
(0 -2.4885524e-06 0)
(0 -2.8240115e-06 0)
(0 -2.487286e-06 0)
(0 -6.5807512e-05 0)
(0 -5.7671085e-05 0)
(0 -6.5775852e-05 0)
(0 -1.3905926e-06 0)
(0 -7.60585e-05 0)
(0 -7.6035283e-05 0)
(0 -1.5564869e-06 0)
(0 -1.5545083e-06 0)
(0 -1.0905238e-06 0)
(0 -0.00018608353 0)
(0 -9.4749288e-05 0)
(0 -0.00018671122 0)
(0 -9.7763799e-07 0)
(0 -0.00015961372 0)
(0 -1.0108056e-06 0)
(0 -0.00013061202 0)
(0 -1.6140375e-06 0)
(0 -1.1352454e-06 0)
(0 -0.00015909098 0)
(0 -0.00015904896 0)
(0 -8.2733909e-05 0)
(0 -1.481751e-06 0)
(0 -1.4822696e-06 0)
(0 -6.7908207e-05 0)
(0 -6.7944071e-05 0)
(0 -2.9653132e-06 0)
(0 -2.6552158e-06 0)
(0 -2.9641036e-06 0)
(0 -6.0268427e-05 0)
(0 -5.2927685e-05 0)
(0 -6.0277463e-05 0)
(0 -5.2940964e-05 0)
(0 -3.13179e-06 0)
(0 -3.1308873e-06 0)
(0 -2.8276939e-05 0)
(0 -2.8055387e-05 0)
(0 -6.0317408e-06 0)
(0 -3.4680357e-06 0)
(0 -6.0293631e-06 0)
(0 -4.4036055e-06 0)
(0 -1.7965802e-05 0)
(0 -2.9444642e-05 0)
(0 -2.1119874e-05 0)
(0 -2.94348e-05 0)
(0 -0.00098206834 0)
(0 -0.00098341844 0)
(0 -0.00098362604 0)
(0 -0.00098240976 0)
(0 -0.00098169872 0)
(0 -0.00097282911 0)
(0 -0.00097040556 0)
(0 -0.00097033624 0)
(0 -0.00098098564 0)
(0 -0.00097262994 0)
(0 -0.00097843792 0)
(0 -0.00097929776 0)
(0 -0.00097181865 0)
(0 -0.00097624556 0)
(0 -0.00096876313 0)
(0 -0.00097362637 0)
(0 -1.0404285e-05 0)
(0 -1.0074926e-05 0)
(0 -1.0402494e-05 0)
(0 -1.0071123e-05 0)
(0 -9.5377025e-06 0)
(0 -1.8050531e-05 0)
(0 -2.302322e-05 0)
(0 -2.8837529e-05 0)
(0 -2.3016096e-05 0)
(0 -2.8833219e-05 0)
(0 -1.4394769e-06 0)
(0 -1.1848664e-06 0)
(0 -1.4392699e-06 0)
(0 -1.1846945e-06 0)
(0 -9.6236174e-07 0)
(0 -9.7868865e-07 0)
(0 -1.2101051e-06 0)
(0 -1.4758608e-06 0)
(0 -1.2099459e-06 0)
(0 -1.4757284e-06 0)
(0 -4.9124187e-06 0)
(0 -3.7939162e-05 0)
(0 -4.5653038e-06 0)
(0 -3.4141352e-06 0)
(0 -4.5588696e-06 0)
(0 -3.4117262e-06 0)
(0 -5.3504115e-05 0)
(0 -5.4187363e-05 0)
(0 -5.3489292e-05 0)
(0 -2.3329257e-06 0)
(0 -2.4209792e-06 0)
(0 -2.3315232e-06 0)
(0 -2.4180686e-06 0)
(0 -0.00011075676 0)
(0 -8.0661778e-05 0)
(0 -0.00011072265 0)
(0 -1.7978449e-06 0)
(0 -0.00012915418 0)
(0 -0.00012915269 0)
(0 -1.8901197e-06 0)
(0 -0.00011466313 0)
(0 -2.5109735e-06 0)
(0 -2.5966028e-06 0)
(0 -2.5103393e-06 0)
(0 -7.3309953e-05 0)
(0 -9.9241335e-05 0)
(0 -7.3285318e-05 0)
(0 -4.6981003e-06 0)
(0 -3.5345884e-06 0)
(0 -4.697087e-06 0)
(0 -4.8797085e-05 0)
(0 -4.8860708e-05 0)
(0 -4.9227859e-05 0)
(0 -5.0555519e-06 0)
(0 -5.0540094e-06 0)
(0 -3.5634487e-05 0)
(0 -0.00054619549 0)
(0 -0.00054603108 0)
(0 -0.00079073401 0)
(0 -0.0007902986 0)
(0 -0.00085944326 0)
(0 -0.00089111282 0)
(0 -0.00085907386 0)
(0 -0.00089077468 0)
(0 -0.00090992751 0)
(0 -0.00092173156 0)
(0 -0.0009096302 0)
(0 -0.00092145041 0)
(0 -0.00093107763 0)
(0 -0.00093757962 0)
(0 -0.00093082067 0)
(0 -0.0009373333 0)
(0 -0.00094306478 0)
(0 -0.00094702953 0)
(0 -0.00094283381 0)
(0 -0.00094680557 0)
(0 -0.00095052537 0)
(0 -0.0009531238 0)
(0 -0.00095031161 0)
(0 -0.00095291484 0)
(0 -0.00095548696 0)
(0 -0.0009572788 0)
(0 -0.00095528508 0)
(0 -0.00095708032 0)
(0 -0.00095894427 0)
(0 -0.00096022496 0)
(0 -0.00095875087 0)
(0 -0.00096003405 0)
(0 -0.00096143344 0)
(0 -0.00096237155 0)
(0 -0.00096124627 0)
(0 -0.00096218622 0)
(0 -0.00096326554 0)
(0 -0.00096396325 0)
(0 -0.000963083 0)
(0 -0.0009637821 0)
(0 -0.00096463155 0)
(0 -0.00096515371 0)
(0 -0.0009644525 0)
(0 -0.00096497571 0)
(0 -0.00096565388 0)
(0 -0.00096604304 0)
(0 -0.00096547745 0)
(0 -0.0009658674 0)
(0 -0.00096641332 0)
(0 -0.00096669792 0)
(0 -0.00096623885 0)
(0 -0.00096652403 0)
(0 -0.00096696398 0)
(0 -0.00096716301 0)
(0 -0.00096679094 0)
(0 -0.00096699037 0)
(0 -0.00096734182 0)
(0 -0.00096746752 0)
(0 -0.00096716975 0)
(0 -0.0009672957 0)
(0 -0.00096756958 0)
(0 -0.000967629 0)
(0 -0.00096739809 0)
(0 -0.00096745763 0)
(0 -0.00096765958 0)
(0 -0.00096765528 0)
(0 -0.00096748831 0)
(0 -0.000967484 0)
(0 -0.00096761487 0)
(0 -0.0009675451 0)
(0 -0.00096744346 0)
(0 -0.00096737355 0)
(0 -0.00096742921 0)
(0 -0.00096728734 0)
(0 -0.00096725729 0)
(0 -0.00096711513 0)
(0 -0.00096708552 0)
(0 -0.0009668587 0)
(0 -0.00096691267 0)
(0 -0.00096668539 0)
(0 -0.00096655241 0)
(0 -0.0009662188 0)
(0 -0.00096637812 0)
(0 -0.00096604384 0)
(0 -0.00096577721 0)
(0 -0.00096530061 0)
(0 -0.00096560086 0)
(0 -0.00096512331 0)
(0 -0.00096467245 0)
(0 -0.00096399143 0)
(0 -0.00096449318 0)
(0 -0.0009638108 0)
(0 -0.00096308789 0)
(0 -0.00096209179 0)
(0 -0.00096290445 0)
(0 -0.00096190639 0)
(0 -0.00096074702 0)
(0 -0.00095921561 0)
(0 -0.00096055746 0)
(0 -0.00095902309 0)
(0 -0.00095707861 0)
(0 -0.00095448914 0)
(0 -0.00095687971 0)
(0 -0.00095428552 0)
(0 -0.00095061183 0)
(0 -0.00094511609 0)
(0 -0.00095039702 0)
(0 -0.00094489174 0)
(0 -0.00093459175 0)
(0 -0.00091070091 0)
(0 -0.00093434557 0)
(0 -0.00091044265 0)
(0 -0.00087947309 0)
(0 -1.0109969e-05 0)
(0 -1.0474541e-05 0)
(0 -1.0106403e-05 0)
(0 -9.5391132e-06 0)
(0 -1.7606028e-05 0)
(0 -2.7898109e-05 0)
(0 -2.236001e-05 0)
(0 -2.789527e-05 0)
(0 -2.686446e-05 0)
(0 -1.9707562e-05 0)
(0 -2.8876642e-05 0)
(0 -0.00011445441 0)
(0 -0.0001100417 0)
(0 -0.00013966679 0)
(0 -1.3739169e-05 0)
(0 -1.4601306e-05 0)
(0 -1.0849594e-05 0)
(0 -7.4975948e-06 0)
(0 -1.0034039e-05 0)
(0 -3.0541284e-05 0)
(0 -3.7474872e-05 0)
(0 -0.00013397404 0)
(0 -0.00017566455 0)
(0 -0.00014275307 0)
(0 -2.6864474e-05 0)
(0 -1.9705602e-05 0)
(0 -0.00011445939 0)
(0 -0.00011005121 0)
(0 -1.3730786e-05 0)
(0 -1.0845522e-05 0)
(0 -7.879571e-06 0)
(0 -7.4891533e-06 0)
(0 -6.5281862e-06 0)
(0 -4.6668339e-06 0)
(0 -1.003226e-05 0)
(0 -9.3251258e-06 0)
(0 -1.9372783e-05 0)
(0 -3.0538142e-05 0)
(0 -3.606454e-05 0)
(0 -2.7191011e-05 0)
(0 -3.749396e-05 0)
(0 -2.2133462e-05 0)
(0 -0.00013404475 0)
(0 -0.00014278833 0)
(0 -6.1386013e-06 0)
(0 -7.4530471e-06 0)
(0 -6.0843322e-06 0)
(0 -4.9852299e-06 0)
(0 -5.305466e-06 0)
(0 -6.5095557e-06 0)
(0 -1.8691262e-06 0)
(0 -1.4788362e-06 0)
(0 -1.518696e-06 0)
(0 -5.4796714e-06 0)
(0 -1.9349203e-06 0)
(0 -5.1637913e-06 0)
(0 -6.7330733e-06 0)
(0 -6.5143719e-06 0)
(0 -8.4879583e-06 0)
(0 -6.818327e-06 0)
(0 -6.135801e-06 0)
(0 -6.08291e-06 0)
(0 -4.9845464e-06 0)
(0 -5.305289e-06 0)
(0 -1.848787e-06 0)
(0 -1.8670454e-06 0)
(0 -1.3892434e-06 0)
(0 -1.1178642e-06 0)
(0 -1.4785752e-06 0)
(0 -9.9169646e-07 0)
(0 -1.0106903e-06 0)
(0 -1.5185903e-06 0)
(0 -5.4798683e-06 0)
(0 -1.9130715e-06 0)
(0 -1.4351739e-06 0)
(0 -1.9359852e-06 0)
(0 -1.158418e-06 0)
(0 -5.1644008e-06 0)
(0 -6.5172959e-06 0)
(0 -6.8198595e-06 0)
(0 -9.1964942e-06 0)
(0 -8.0466396e-06 0)
(0 -1.0396313e-05 0)
(0 -5.507065e-06 0)
(0 -4.1511549e-06 0)
(0 -3.384056e-06 0)
(0 -5.2784052e-06 0)
(0 -5.6619799e-05 0)
(0 -3.9223873e-05 0)
(0 -3.6734911e-05 0)
(0 -5.9255348e-05 0)
(0 -0.00015641435 0)
(0 -0.00017228837 0)
(0 -0.00021225199 0)
(0 -7.1637128e-06 0)
(0 -6.5399772e-06 0)
(0 -8.3419281e-06 0)
(0 -3.3704476e-06 0)
(0 -3.6999717e-06 0)
(0 -6.4870436e-05 0)
(0 -6.2272052e-05 0)
(0 -0.00019256925 0)
(0 -0.0002121411 0)
(0 -0.0002470936 0)
(0 -2.7984927e-06 0)
(0 -2.7002916e-06 0)
(0 -7.8589544e-05 0)
(0 -8.690614e-05 0)
(0 -0.00025481345 0)
(0 -0.0003302271 0)
(0 -0.00034085466 0)
(0 -2.5785005e-06 0)
(0 -1.6609895e-06 0)
(0 -1.8095057e-06 0)
(0 -2.6646218e-06 0)
(0 -0.00013578972 0)
(0 -8.3205529e-05 0)
(0 -0.00010398804 0)
(0 -0.00012842552 0)
(0 -0.00056216512 0)
(0 -0.00023880126 0)
(0 -0.00054445444 0)
(0 -0.00047078086 0)
(0 -0.00020591734 0)
(0 -0.00051478152 0)
(0 -2.7454586e-06 0)
(0 -1.9145792e-06 0)
(0 -1.7710782e-06 0)
(0 -2.8508464e-06 0)
(0 -0.00012542616 0)
(0 -9.1658236e-05 0)
(0 -7.5787188e-05 0)
(0 -0.00030193446 0)
(0 -7.3327411e-06 0)
(0 -2.9996063e-06 0)
(0 -2.9068475e-06 0)
(0 -7.1800496e-05 0)
(0 -7.8871073e-05 0)
(0 -0.00023293204 0)
(0 -0.00019502068 0)
(0 -0.00031355143 0)
(0 -7.9642373e-06 0)
(0 -9.8976327e-06 0)
(0 -8.7554722e-06 0)
(0 -3.5217814e-06 0)
(0 -3.8397181e-06 0)
(0 -5.9394952e-05 0)
(0 -5.6727468e-05 0)
(0 -0.0001780176 0)
(0 -0.00015874082 0)
(0 -0.00022930327 0)
(0 -9.4843374e-06 0)
(0 -1.1226291e-05 0)
(0 -1.1148782e-05 0)
(0 -5.6584467e-06 0)
(0 -3.4780535e-06 0)
(0 -4.261952e-06 0)
(0 -5.4262549e-06 0)
(0 -5.3599615e-05 0)
(0 -3.4424993e-05 0)
(0 -3.5986619e-05 0)
(0 -0.00013702617 0)
(0 -0.00012401625 0)
(0 -0.00018439499 0)
(0 -1.4096334e-05 0)
(0 -1.4993966e-05 0)
(0 -2.0085202e-05 0)
(0 -7.6240457e-06 0)
(0 -1.0114813e-05 0)
(0 -2.9454732e-05 0)
(0 -3.5810828e-05 0)
(0 -0.00010515586 0)
(0 -0.00012336714 0)
(0 -0.00014973817 0)
(0 -9.1950536e-06 0)
(0 -8.0461884e-06 0)
(0 -5.4898864e-06 0)
(0 -4.1359725e-06 0)
(0 -3.3737093e-06 0)
(0 -5.2671288e-06 0)
(0 -3.7343252e-06 0)
(0 -2.6164981e-05 0)
(0 -5.6744471e-05 0)
(0 -3.9384254e-05 0)
(0 -3.6813943e-05 0)
(0 -5.932954e-05 0)
(0 -0.00015641657 0)
(0 -0.00017228796 0)
(0 -7.1634465e-06 0)
(0 -6.5394219e-06 0)
(0 -3.3689192e-06 0)
(0 -3.6977673e-06 0)
(0 -6.4843345e-05 0)
(0 -6.2256599e-05 0)
(0 -0.00019256716 0)
(0 -0.00021214318 0)
(0 -2.7973462e-06 0)
(0 -2.698987e-06 0)
(0 -7.8556888e-05 0)
(0 -8.6865679e-05 0)
(0 -0.00025482664 0)
(0 -0.00033025855 0)
(0 -2.5714317e-06 0)
(0 -1.6558269e-06 0)
(0 -1.8011508e-06 0)
(0 -2.6599547e-06 0)
(0 -0.00013576889 0)
(0 -8.3179827e-05 0)
(0 -0.00010397522 0)
(0 -0.00012841466 0)
(0 -1.2807647e-06 0)
(0 -9.9062845e-05 0)
(0 -0.00056247091 0)
(0 -0.00026811842 0)
(0 -0.0002400458 0)
(0 -0.00016015428 0)
(0 -0.0002441963 0)
(0 -0.00047056502 0)
(0 -0.00022669773 0)
(0 -0.00020344113 0)
(0 -0.00013345732 0)
(0 -0.00020586155 0)
(0 -1.3138293e-06 0)
(0 -8.7251105e-05 0)
(0 -0.00051480287 0)
(0 -2.7521177e-06 0)
(0 -1.9224838e-06 0)
(0 -1.7750379e-06 0)
(0 -2.854747e-06 0)
(0 -0.00012185526 0)
(0 -9.2953562e-05 0)
(0 -7.4514537e-05 0)
(0 -0.00011552549 0)
(0 -0.00030223303 0)
(0 -7.332848e-06 0)
(0 -2.9988159e-06 0)
(0 -2.9063013e-06 0)
(0 -7.1854282e-05 0)
(0 -7.9082856e-05 0)
(0 -0.00023323826 0)
(0 -0.0001951929 0)
(0 -7.9642069e-06 0)
(0 -8.7553711e-06 0)
(0 -3.5207563e-06 0)
(0 -3.8386182e-06 0)
(0 -5.9443412e-05 0)
(0 -5.6893519e-05 0)
(0 -0.0001780787 0)
(0 -0.00015877834 0)
(0 -9.4843623e-06 0)
(0 -1.114883e-05 0)
(0 -5.6578503e-06 0)
(0 -3.4766568e-06 0)
(0 -4.2609064e-06 0)
(0 -5.4254771e-06 0)
(0 -3.7557898e-06 0)
(0 -2.4543074e-05 0)
(0 -5.1999238e-05 0)
(0 -3.3638992e-05 0)
(0 -3.6257776e-05 0)
(0 -5.4093968e-05 0)
(0 -0.00013712038 0)
(0 -0.00012417713 0)
(0 -1.4096379e-05 0)
(0 -2.0085056e-05 0)
(0 -8.0044599e-06 0)
(0 -4.7433755e-06 0)
(0 -7.6221317e-06 0)
(0 -6.6190927e-06 0)
(0 -1.0113389e-05 0)
(0 -9.3375682e-06 0)
(0 -1.8843302e-05 0)
(0 -2.9450306e-05 0)
(0 -3.4523191e-05 0)
(0 -2.1115552e-05 0)
(0 -2.6055656e-05 0)
(0 -3.5804377e-05 0)
(0 -0.00010515583 0)
(0 -0.00012350837 0)
(0 -0.00074015206 0)
(0 -0.00075570096 0)
(0 -0.00092662939 0)
(0 -0.001021296 0)
(0 -0.00095553549 0)
(0 -0.00097312284 0)
(0 -0.0010693949 0)
(0 -0.0010029948 0)
(0 -0.0010376272 0)
(0 -0.0010980684 0)
(0 -0.001029924 0)
(0 -0.0010742375 0)
(0 -0.0011165287 0)
(0 -0.001046538 0)
(0 -0.0010968536 0)
(0 -0.0011290922 0)
(0 -0.001057513 0)
(0 -0.0011118096 0)
(0 -0.0011379851 0)
(0 -0.0010651208 0)
(0 -0.0011221843 0)
(0 -0.001144459 0)
(0 -0.0010705775 0)
(0 -0.001129629 0)
(0 -0.0011492771 0)
(0 -0.0010745904 0)
(0 -0.0011351045 0)
(0 -0.0011530814 0)
(0 -0.0010776369 0)
(0 -0.0011392284 0)
(0 -0.0011569754 0)
(0 -0.0010813324 0)
(0 -0.0011425917 0)
(0 -0.0011585232 0)
(0 -0.0010843791 0)
(0 -0.0011448322 0)
(0 -0.0011592463 0)
(0 -0.0010830683 0)
(0 -0.0011464202 0)
(0 -0.0011614013 0)
(0 -0.001085075 0)
(0 -0.0011476713 0)
(0 -0.0011624143 0)
(0 -0.001088225 0)
(0 -0.0011484617 0)
(0 -0.001159762 0)
(0 -0.0010866378 0)
(0 -0.0011482599 0)
(0 -0.0011605842 0)
(0 -0.0010830498 0)
(0 -0.0011475117 0)
(0 -0.001158702 0)
(0 -0.0010847447 0)
(0 -0.0011471576 0)
(0 -0.0011593336 0)
(0 -0.0010841991 0)
(0 -0.0011463541 0)
(0 -0.0011541795 0)
(0 -0.0010817333 0)
(0 -0.0011447551 0)
(0 -0.0011531936 0)
(0 -0.0010764157 0)
(0 -0.0011423046 0)
(0 -0.0011507879 0)
(0 -0.0010802591 0)
(0 -0.0011400391 0)
(0 -0.0011430231 0)
(0 -0.0010746008 0)
(0 -0.0011356865 0)
(0 -0.0011340961 0)
(0 -0.0010647294 0)
(0 -0.0011284067 0)
(0 -0.0011251367 0)
(0 -0.0010604507 0)
(0 -0.0011195847 0)
(0 -0.0011048442 0)
(0 -0.0010523181 0)
(0 -0.0011050519 0)
(0 -0.0010592617 0)
(0 -0.0010290768 0)
(0 -0.0010750442 0)
(0 -0.000957339 0)
(0 -0.00096004871 0)
(0 -0.0010020752 0)
(0 -0.00090868395 0)
(0 -0.00096249922 0)
(0 -0.00088266656 0)
(0 -0.00080687843 0)
(0 -0.00082981009 0)
(0 -0.00096150567 0)
(0 -0.00086143783 0)
(0 -0.00088405071 0)
(0 -0.00099142468 0)
(0 -0.00088463202 0)
(0 -0.00090425591 0)
(0 -0.0010080438 0)
(0 -0.00089795469 0)
(0 -0.00091540981 0)
(0 -0.001018288 0)
(0 -0.00090632692 0)
(0 -0.0009222857 0)
(0 -0.0010250532 0)
(0 -0.0009119318 0)
(0 -0.00092682749 0)
(0 -0.0010297427 0)
(0 -0.00091585438 0)
(0 -0.00092997644 0)
(0 -0.0010331066 0)
(0 -0.00091868735 0)
(0 -0.00093223561 0)
(0 -0.0010355812 0)
(0 -0.00092078331 0)
(0 -0.00093389807 0)
(0 -0.0010374695 0)
(0 -0.00092243034 0)
(0 -0.00093517268 0)
(0 -0.0010401912 0)
(0 -0.00092731454 0)
(0 -0.00093792048 0)
(0 -0.0010055767 0)
(0 -0.00093062706 0)
(0 -0.00092816231 0)
(0 -0.00089944396 0)
(0 -0.0010408701 0)
(0 -0.00092519694 0)
(0 -0.00093746821 0)
(0 -0.0010424985 0)
(0 -0.00092926963 0)
(0 -0.0009394763 0)
(0 -0.0010079301 0)
(0 -0.00093243789 0)
(0 -0.00093287542 0)
(0 -0.00090147846 0)
(0 -0.0010070802 0)
(0 -0.00093267805 0)
(0 -0.00092829053 0)
(0 -0.00090037885 0)
(0 -0.0010389879 0)
(0 -0.00092801924 0)
(0 -0.00093631623 0)
(0 -0.0010024604 0)
(0 -0.00093097342 0)
(0 -0.00092661933 0)
(0 -0.00089789582 0)
(0 -0.0010019488 0)
(0 -0.00092626306 0)
(0 -0.00093053982 0)
(0 -0.00089737298 0)
(0 -0.0010004254 0)
(0 -0.00093005184 0)
(0 -0.00092158341 0)
(0 -0.00089585322 0)
(0 -0.0010294179 0)
(0 -0.00092053337 0)
(0 -0.00092930851 0)
(0 -0.0010031931 0)
(0 -0.00092784082 0)
(0 -0.00092545694 0)
(0 -0.00089774302 0)
(0 -0.0010355182 0)
(0 -0.00091848978 0)
(0 -0.00093362526 0)
(0 -0.0010216915 0)
(0 -0.00090898983 0)
(0 -0.00092311975 0)
(0 -0.0010236272 0)
(0 -0.00091116148 0)
(0 -0.00092469127 0)
(0 -0.0010211289 0)
(0 -0.00090520601 0)
(0 -0.00092410272 0)
(0 -0.001005129 0)
(0 -0.00088675654 0)
(0 -0.00091281255 0)
(0 -0.00070902712 0)
(0 -0.00077217483 0)
(0 -0.00078662668 0)
(0 -0.00081357306 0)
(0 -0.00093357075 0)
(0 -0.00083206642 0)
(0 -0.00082450587 0)
(0 -0.00084745985 0)
(0 -0.00090294664 0)
(0 -0.00098690629 0)
(0 -0.00085402313 0)
(0 -0.00086162106 0)
(0 -0.00087329823 0)
(0 -0.00093631418 0)
(0 -0.0010166716 0)
(0 -0.0008660448 0)
(0 -0.00088111007 0)
(0 -0.00088798083 0)
(0 -0.00095464243 0)
(0 -0.0010348527 0)
(0 -0.0008733654 0)
(0 -0.00089274304 0)
(0 -0.0008971299 0)
(0 -0.00096581375 0)
(0 -0.0010467808 0)
(0 -0.00087815906 0)
(0 -0.00090025063 0)
(0 -0.00090321956 0)
(0 -0.000973133 0)
(0 -0.0010550116 0)
(0 -0.00088146291 0)
(0 -0.00090537139 0)
(0 -0.00090746538 0)
(0 -0.00097817931 0)
(0 -0.001060897 0)
(0 -0.00088382344 0)
(0 -0.00090900326 0)
(0 -0.00091052348 0)
(0 -0.00098178567 0)
(0 -0.0010652094 0)
(0 -0.00088555211 0)
(0 -0.00091164992 0)
(0 -0.00091277492 0)
(0 -0.00098442714 0)
(0 -0.0010684173 0)
(0 -0.00088683756 0)
(0 -0.00091361266 0)
(0 -0.00091445387 0)
(0 -0.0009863916 0)
(0 -0.0010708185 0)
(0 -0.00088779946 0)
(0 -0.00091508082 0)
(0 -0.0009157105 0)
(0 -0.00098786175 0)
(0 -0.0010726082 0)
(0 -0.0008885163 0)
(0 -0.00091617775 0)
(0 -0.00091664398 0)
(0 -0.00098895742 0)
(0 -0.0010739172 0)
(0 -0.00088904049 0)
(0 -0.00091698568 0)
(0 -0.00091732072 0)
(0 -0.00098975868 0)
(0 -0.0010748327 0)
(0 -0.00088940705 0)
(0 -0.00091755968 0)
(0 -0.00091778487 0)
(0 -0.000990319 0)
(0 -0.0010754109 0)
(0 -0.00088963854 0)
(0 -0.00091793579 0)
(0 -0.00091806435 0)
(0 -0.00099067288 0)
(0 -0.0010756843 0)
(0 -0.00088974795 0)
(0 -0.00091813568 0)
(0 -0.00091817424 0)
(0 -0.00099084013 0)
(0 -0.0010756646 0)
(0 -0.00088974001 0)
(0 -0.00091816909 0)
(0 -0.00091811826 0)
(0 -0.000990828 0)
(0 -0.0010753438 0)
(0 -0.00088961147 0)
(0 -0.00091803451 0)
(0 -0.00091788867 0)
(0 -0.00099063153 0)
(0 -0.0010746915 0)
(0 -0.00088935013 0)
(0 -0.00091771836 0)
(0 -0.00091746439 0)
(0 -0.00099023204 0)
(0 -0.0010736488 0)
(0 -0.00088893227 0)
(0 -0.00091719211 0)
(0 -0.00091680674 0)
(0 -0.00098959334 0)
(0 -0.0010721153 0)
(0 -0.00088831762 0)
(0 -0.00091640628 0)
(0 -0.00091585087 0)
(0 -0.00098865389 0)
(0 -0.0010699252 0)
(0 -0.00088743937 0)
(0 -0.00091527879 0)
(0 -0.00091448915 0)
(0 -0.00098731165 0)
(0 -0.0010667972 0)
(0 -0.00088618406 0)
(0 -0.00091367175 0)
(0 -0.00091253696 0)
(0 -0.00098539339 0)
(0 -0.0010622257 0)
(0 -0.00088434707 0)
(0 -0.00091134157 0)
(0 -0.00090965533 0)
(0 -0.00098258679 0)
(0 -0.0010552093 0)
(0 -0.00088152039 0)
(0 -0.00090781838 0)
(0 -0.00090514822 0)
(0 -0.00097826917 0)
(0 -0.0010434079 0)
(0 -0.0008767341 0)
(0 -0.00090204947 0)
(0 -0.00089725819 0)
(0 -0.00097095298 0)
(0 -0.0010191748 0)
(0 -0.0008661928 0)
(0 -0.00089072353 0)
(0 -0.00087805517 0)
(0 -0.00095529398 0)
(0 -0.00094942261 0)
(0 -0.00084777588 0)
(0 -0.00084880488 0)
(0 -0.00092859182 0)
(0 -0.0008970967 0)
(0 -0.00069918807 0)
(0 -0.0010026232 0)
(0 -0.00095055652 0)
(0 -0.0010556168 0)
(0 -0.0010223952 0)
(0 -0.0010868099 0)
(0 -0.0010625151 0)
(0 -0.0011067204 0)
(0 -0.0010870407 0)
(0 -0.0011201926 0)
(0 -0.0011031427 0)
(0 -0.0011296931 0)
(0 -0.0011142585 0)
(0 -0.0011365895 0)
(0 -0.0011222092 0)
(0 -0.0011416926 0)
(0 -0.0011280359 0)
(0 -0.0011455081 0)
(0 -0.001132371 0)
(0 -0.0011483641 0)
(0 -0.0011356161 0)
(0 -0.0011504786 0)
(0 -0.0011380351 0)
(0 -0.0011519981 0)
(0 -0.0011398044 0)
(0 -0.0011530194 0)
(0 -0.0011410419 0)
(0 -0.0011536024 0)
(0 -0.0011418235 0)
(0 -0.0011537773 0)
(0 -0.001142193 0)
(0 -0.0011535468 0)
(0 -0.0011421665 0)
(0 -0.0011528855 0)
(0 -0.0011417331 0)
(0 -0.0011517338 0)
(0 -0.0011408517 0)
(0 -0.0011499862 0)
(0 -0.0011394427 0)
(0 -0.0011474675 0)
(0 -0.001137371 0)
(0 -0.0011438866 0)
(0 -0.0011344127 0)
(0 -0.0011387406 0)
(0 -0.0011301891 0)
(0 -0.001131095 0)
(0 -0.0011240203 0)
(0 -0.0011189995 0)
(0 -0.0011145661 0)
(0 -0.0010975235 0)
(0 -0.0010987634 0)
(0 -0.00105033 0)
(0 -0.0010677021 0)
(0 -0.00099440956 0)
(0 -0.00071394208 0)
(0 -0.00073999597 0)
(0 -0.00092561031 0)
(0 -0.0010198304 0)
(0 -0.00095356999 0)
(0 -0.0010677381 0)
(0 -0.0010006698 0)
(0 -0.001096303 0)
(0 -0.0010274059 0)
(0 -0.0011146948 0)
(0 -0.0010439019 0)
(0 -0.0011272123 0)
(0 -0.0010547988 0)
(0 -0.0011360728 0)
(0 -0.0010623525 0)
(0 -0.0011425232 0)
(0 -0.0010677702 0)
(0 -0.0011473207 0)
(0 -0.0010717539 0)
(0 -0.001150933 0)
(0 -0.0010747456 0)
(0 -0.0011526825 0)
(0 -0.0010765629 0)
(0 -0.0011555509 0)
(0 -0.0010764343 0)
(0 -0.0011570491 0)
(0 -0.0010798898 0)
(0 -0.0011569288 0)
(0 -0.0010802483 0)
(0 -0.0011571854 0)
(0 -0.0010784445 0)
(0 -0.001157875 0)
(0 -0.0010790526 0)
(0 -0.0011572466 0)
(0 -0.0010800274 0)
(0 -0.0011562919 0)
(0 -0.0010784838 0)
(0 -0.0011553947 0)
(0 -0.0010778691 0)
(0 -0.0011550381 0)
(0 -0.0010774878 0)
(0 -0.0011512172 0)
(0 -0.0010789036 0)
(0 -0.0011480337 0)
(0 -0.0010733205 0)
(0 -0.0011433658 0)
(0 -0.0010724686 0)
(0 -0.0011362138 0)
(0 -0.0010695496 0)
(0 -0.0011239353 0)
(0 -0.0010615141 0)
(0 -0.0011030234 0)
(0 -0.0010497454 0)
(0 -0.0010578715 0)
(0 -0.0010266155 0)
(0 -0.00095711996 0)
(0 -0.00095890057 0)
(0 -0.00090862912 0)
(0 -0.0010359146 0)
(0 -0.00092242394 0)
(0 -0.00093311577 0)
(0 -0.0010299129 0)
(0 -0.00092049335 0)
(0 -0.00093002122 0)
(0 -0.0010296211 0)
(0 -0.00092046691 0)
(0 -0.0009298921 0)
(0 -0.0010296681 0)
(0 -0.00092144035 0)
(0 -0.00093010763 0)
(0 -0.00099874574 0)
(0 -0.0009274497 0)
(0 -0.00092042255 0)
(0 -0.00089520377 0)
(0 -0.00099344614 0)
(0 -0.00091963385 0)
(0 -0.00091907006 0)
(0 -0.00089184457 0)
(0 -0.0010254905 0)
(0 -0.00091626402 0)
(0 -0.0009273787 0)
(0 -0.00070844996 0)
(0 -0.00081336834 0)
(0 -0.00077113619 0)
(0 -0.00078604147 0)
(0 -0.00093373921 0)
(0 -0.00090290424 0)
(0 -0.00083092191 0)
(0 -0.00082391183 0)
(0 -0.00084688461 0)
(0 -0.00098709706 0)
(0 -0.00093635045 0)
(0 -0.00085284529 0)
(0 -0.0008610436 0)
(0 -0.00087273446 0)
(0 -0.0010168754 0)
(0 -0.00095472731 0)
(0 -0.00086485149 0)
(0 -0.00088054651 0)
(0 -0.00088742657 0)
(0 -0.0010350648 0)
(0 -0.00096592988 0)
(0 -0.00087216329 0)
(0 -0.00089218932 0)
(0 -0.00089658255 0)
(0 -0.0010469986 0)
(0 -0.00097327024 0)
(0 -0.00087695142 0)
(0 -0.00089970378 0)
(0 -0.00090267722 0)
(0 -0.0010552335 0)
(0 -0.0009783314 0)
(0 -0.00088025159 0)
(0 -0.00090482946 0)
(0 -0.00090692672 0)
(0 -0.0010611218 0)
(0 -0.00098194852 0)
(0 -0.00088260955 0)
(0 -0.00090846494 0)
(0 -0.00090998759 0)
(0 -0.0010654363 0)
(0 -0.00098459795 0)
(0 -0.00088433636 0)
(0 -0.00091111429 0)
(0 -0.00091224111 0)
(0 -0.0010686459 0)
(0 -0.00098656837 0)
(0 -0.00088562044 0)
(0 -0.00091307907 0)
(0 -0.00091392165 0)
(0 -0.0010710483 0)
(0 -0.00098804301 0)
(0 -0.00088658134 0)
(0 -0.00091454876 0)
(0 -0.00091517949 0)
(0 -0.001072839 0)
(0 -0.00098914204 0)
(0 -0.00088729743 0)
(0 -0.00091564686 0)
(0 -0.00091611386 0)
(0 -0.0010741486 0)
(0 -0.00098994576 0)
(0 -0.00088782108 0)
(0 -0.00091645565 0)
(0 -0.00091679126 0)
(0 -0.0010750646 0)
(0 -0.00099050781 0)
(0 -0.00088818726 0)
(0 -0.00091703027 0)
(0 -0.00091725585 0)
(0 -0.0010756431 0)
(0 -0.00099086278 0)
(0 -0.00088841852 0)
(0 -0.0009174068 0)
(0 -0.00091753558 0)
(0 -0.0010759166 0)
(0 -0.00099103055 0)
(0 -0.00088852781 0)
(0 -0.00091760694 0)
(0 -0.00091764556 0)
(0 -0.0010758969 0)
(0 -0.00099101838 0)
(0 -0.00088851988 0)
(0 -0.00091764041 0)
(0 -0.0009175895 0)
(0 -0.0010755759 0)
(0 -0.0009908213 0)
(0 -0.00088839148 0)
(0 -0.00091750572 0)
(0 -0.00091735963 0)
(0 -0.0010749233 0)
(0 -0.00099042059 0)
(0 -0.0008881304 0)
(0 -0.00091718928 0)
(0 -0.00091693489 0)
(0 -0.00107388 0)
(0 -0.00098977992 0)
(0 -0.00088771298 0)
(0 -0.00091666254 0)
(0 -0.00091627653 0)
(0 -0.0010723458 0)
(0 -0.00098883759 0)
(0 -0.00088709898 0)
(0 -0.00091587596 0)
(0 -0.00091531963 0)
(0 -0.0010701545 0)
(0 -0.00098749126 0)
(0 -0.00088622165 0)
(0 -0.00091474741 0)
(0 -0.00091395648 0)
(0 -0.001067025 0)
(0 -0.00098556717 0)
(0 -0.00088496768 0)
(0 -0.00091313888 0)
(0 -0.00091200226 0)
(0 -0.0010624512 0)
(0 -0.00098275213 0)
(0 -0.00088313268 0)
(0 -0.00091080659 0)
(0 -0.00090911766 0)
(0 -0.0010554314 0)
(0 -0.00097842173 0)
(0 -0.00088030917 0)
(0 -0.00090728033 0)
(0 -0.00090460627 0)
(0 -0.0010436247 0)
(0 -0.00097108471 0)
(0 -0.00087552905 0)
(0 -0.00090150722 0)
(0 -0.00089670936 0)
(0 -0.0010193799 0)
(0 -0.00095538491 0)
(0 -0.00086499933 0)
(0 -0.00089017398 0)
(0 -0.00087750271 0)
(0 -0.00094955025 0)
(0 -0.00092869519 0)
(0 -0.00084701175 0)
(0 -0.00084837316 0)
(0 -0.00089720577 0)
(0 -0.00069922811 0)
(0 -0.0010027602 0)
(0 -0.0010557638 0)
(0 -0.0010869629 0)
(0 -0.0011068774 0)
(0 -0.0011203524 0)
(0 -0.0011298549 0)
(0 -0.0011367528 0)
(0 -0.0011418569 0)
(0 -0.0011456733 0)
(0 -0.0011485299 0)
(0 -0.0011506449 0)
(0 -0.0011521647 0)
(0 -0.0011531862 0)
(0 -0.0011537694 0)
(0 -0.0011539443 0)
(0 -0.0011537138 0)
(0 -0.0011530523 0)
(0 -0.0011519004 0)
(0 -0.0011501524 0)
(0 -0.0011476331 0)
(0 -0.0011440514 0)
(0 -0.0011389043 0)
(0 -0.001131257 0)
(0 -0.0011191591 0)
(0 -0.0010976789 0)
(0 -0.0010504724 0)
(0 -2.7309935e-05 0)
(0 -2.9421159e-05 0)
(0 -0.00011035463 0)
(0 -0.00013441318 0)
(0 -2.7309652e-05 0)
(0 -0.00011035225 0)
(0 -7.3598517e-06 0)
(0 -4.1270109e-05 0)
(0 -3.8916814e-06 0)
(0 -3.621797e-06 0)
(0 -8.404162e-05 0)
(0 -9.0476299e-05 0)
(0 -2.0609169e-06 0)
(0 -0.00022021639 0)
(0 -2.1414479e-06 0)
(0 -0.00019003555 0)
(0 -3.8546057e-06 0)
(0 -4.1004319e-06 0)
(0 -8.3036378e-05 0)
(0 -7.7180208e-05 0)
(0 -7.5019096e-06 0)
(0 -3.9222832e-05 0)
(0 -0.00083758264 0)
(0 -0.0010050422 0)
(0 -0.0010449505 0)
(0 -0.0010631971 0)
(0 -0.0010738663 0)
(0 -0.0010806549 0)
(0 -0.0010852397 0)
(0 -0.0010884685 0)
(0 -0.0010908111 0)
(0 -0.0010925522 0)
(0 -0.0010939334 0)
(0 -0.001072499 0)
(0 -0.0010951897 0)
(0 -0.0010961664 0)
(0 -0.00107403 0)
(0 -0.0010738356 0)
(0 -0.0010844553 0)
(0 -0.0010742986 0)
(0 -0.0010467566 0)
(0 -0.0010733185 0)
(0 -0.001061374 0)
(0 -0.001060299 0)
(0 -0.0010924662 0)
(0 -0.0010787467 0)
(0 -0.0010550729 0)
(0 -0.0010843501 0)
(0 -0.0010762021 0)
(0 -0.0010516855 0)
(0 -8.9569632e-06 0)
(0 -1.2034941e-05 0)
(0 -3.640115e-05 0)
(0 -4.5149149e-05 0)
(0 -2.2725928e-06 0)
(0 -1.7974999e-06 0)
(0 -1.8458208e-06 0)
(0 -2.3550781e-06 0)
(0 -4.9319853e-06 0)
(0 -4.3369076e-06 0)
(0 -6.524149e-06 0)
(0 -4.709099e-05 0)
(0 -4.7238293e-05 0)
(0 -7.3816174e-05 0)
(0 -4.1416287e-06 0)
(0 -4.5865603e-06 0)
(0 -8.0289814e-05 0)
(0 -7.6551629e-05 0)
(0 -3.4637912e-06 0)
(0 -3.3215092e-06 0)
(0 -9.6548677e-05 0)
(0 -0.00010780768 0)
(0 -2.1322574e-06 0)
(0 -2.1625073e-06 0)
(0 -3.3135303e-06 0)
(0 -0.00010666362 0)
(0 -0.00012352909 0)
(0 -0.00015879002 0)
(0 -0.00028305436 0)
(0 -0.00065751156 0)
(0 -0.00054170498 0)
(0 -0.00024367037 0)
(0 -2.2991372e-06 0)
(0 -2.2801273e-06 0)
(0 -3.5513629e-06 0)
(0 -0.00011089402 0)
(0 -9.4817776e-05 0)
(0 -0.00014284217 0)
(0 -3.7112809e-06 0)
(0 -3.5762798e-06 0)
(0 -8.8315872e-05 0)
(0 -9.8111481e-05 0)
(0 -4.3304858e-06 0)
(0 -4.7596547e-06 0)
(0 -7.3606673e-05 0)
(0 -6.9934677e-05 0)
(0 -4.461405e-06 0)
(0 -5.0645924e-06 0)
(0 -6.7138309e-06 0)
(0 -4.2822845e-05 0)
(0 -4.3746547e-05 0)
(0 -6.696173e-05 0)
(0 -9.1126219e-06 0)
(0 -1.2133863e-05 0)
(0 -3.5123141e-05 0)
(0 -4.3103033e-05 0)
(0 -0.00096224264 0)
(0 -0.00096843812 0)
(0 -0.0010256681 0)
(0 -0.0010329776 0)
(0 -0.0010526534 0)
(0 -0.0010569237 0)
(0 -0.0010681658 0)
(0 -0.0010701299 0)
(0 -0.0010779166 0)
(0 -0.0010782671 0)
(0 -0.0010844453 0)
(0 -0.0010836398 0)
(0 -0.0010890149 0)
(0 -0.0010873638 0)
(0 -0.0010923152 0)
(0 -0.0010900351 0)
(0 -0.0010947563 0)
(0 -0.0010920001 0)
(0 -0.001096636 0)
(0 -0.0010934888 0)
(0 -0.0010944187 0)
(0 -0.0010941878 0)
(0 -0.0010911707 0)
(0 -0.0010954811 0)
(0 -0.0010730388 0)
(0 -0.0010998179 0)
(0 -0.0010961013 0)
(0 -0.0010966497 0)
(0 -0.0010960056 0)
(0 -0.0010930971 0)
(0 -0.0010932733 0)
(0 -0.0010738856 0)
(0 -0.001093205 0)
(0 -0.001096123 0)
(0 -0.0010745169 0)
(0 -0.0010984568 0)
(0 -0.001095842 0)
(0 -0.0010844722 0)
(0 -0.0010917976 0)
(0 -0.0010785389 0)
(0 -0.0010620545 0)
(0 -0.0010783285 0)
(0 -0.0010912215 0)
(0 -0.0010617061 0)
(0 -0.0010908043 0)
(0 -0.0010811987 0)
(0 -0.0010616219 0)
(0 -0.001088481 0)
(0 -0.0010800834 0)
(0 -0.001061031 0)
(0 -0.0010885445 0)
(0 -0.0010924364 0)
(0 -0.0010714952 0)
(0 -0.0010928916 0)
(0 -0.0010923684 0)
(0 -0.0010864534 0)
(0 -0.0010729202 0)
(0 -0.0010565086 0)
(0 -0.0010824783 0)
(0 -0.0010844255 0)
(0 -0.0010742334 0)
(0 -0.0010765339 0)
(0 -0.0010803084 0)
(0 -0.0010553126 0)
(0 -0.0010669393 0)
(0 -9.3671551e-06 0)
(0 -6.0182315e-06 0)
(0 -5.9339596e-06 0)
(0 -9.3923113e-06 0)
(0 -2.3535075e-05 0)
(0 -5.1030029e-05 0)
(0 -3.3875487e-05 0)
(0 -9.3563838e-06 0)
(0 -6.0034506e-06 0)
(0 -6.4216003e-06 0)
(0 -4.6943569e-06 0)
(0 -9.3895273e-06 0)
(0 -2.3529569e-05 0)
(0 -5.1066372e-05 0)
(0 -3.3924093e-05 0)
(0 -4.2753699e-05 0)
(0 -3.0258748e-05 0)
(0 -4.3763167e-05 0)
(0 -2.539256e-06 0)
(0 -1.6780977e-06 0)
(0 -2.0899912e-06 0)
(0 -1.1704289e-06 0)
(0 -1.1976454e-06 0)
(0 -2.6323129e-06 0)
(0 -1.7407398e-06 0)
(0 -2.5365378e-06 0)
(0 -1.6743643e-06 0)
(0 -2.1205575e-06 0)
(0 -1.4587802e-06 0)
(0 -1.1702311e-06 0)
(0 -1.1974863e-06 0)
(0 -2.6343094e-06 0)
(0 -1.7432002e-06 0)
(0 -2.159188e-06 0)
(0 -1.5385808e-06 0)
(0 -2.1910356e-06 0)
(0 -5.0223272e-06 0)
(0 -4.7192427e-06 0)
(0 -3.1390833e-06 0)
(0 -4.1731864e-06 0)
(0 -2.9435759e-06 0)
(0 -9.6968452e-05 0)
(0 -6.8316152e-05 0)
(0 -0.00010950295 0)
(0 -7.2971957e-05 0)
(0 -1.9595967e-06 0)
(0 -0.00012884297 0)
(0 -0.00015551582 0)
(0 -0.00028007954 0)
(0 -0.00018050966 0)
(0 -0.00074286493 0)
(0 -0.00072540107 0)
(0 -0.00024429687 0)
(0 -0.00015595015 0)
(0 -0.00013834436 0)
(0 -0.00011455185 0)
(0 -4.4703972e-06 0)
(0 -3.1309816e-06 0)
(0 -0.00010060454 0)
(0 -6.6940396e-05 0)
(0 -4.9496991e-06 0)
(0 -3.3089804e-06 0)
(0 -8.9148083e-05 0)
(0 -6.2686952e-05 0)
(0 -5.14917e-06 0)
(0 -6.0721747e-06 0)
(0 -3.883496e-05 0)
(0 -4.1018699e-05 0)
(0 -9.5394725e-06 0)
(0 -6.1299849e-06 0)
(0 -9.4374563e-06 0)
(0 -2.2806954e-05 0)
(0 -4.8677385e-05 0)
(0 -3.2222294e-05 0)
(0 -4.185915e-05 0)
(0 -4.7179942e-06 0)
(0 -3.1377275e-06 0)
(0 -4.1722041e-06 0)
(0 -2.9423713e-06 0)
(0 -9.6942224e-05 0)
(0 -6.8282232e-05 0)
(0 -0.00010947293 0)
(0 -7.2943006e-05 0)
(0 -0.00012884396 0)
(0 -0.00016959684 0)
(0 -0.00013408214 0)
(0 -0.00015559009 0)
(0 -0.00028094481 0)
(0 -0.00018108196 0)
(0 -0.00024429284 0)
(0 -0.00015592625 0)
(0 -2.068436e-06 0)
(0 -0.0001501388 0)
(0 -0.00011731469 0)
(0 -0.00013844149 0)
(0 -0.000114764 0)
(0 -4.4697558e-06 0)
(0 -3.1299825e-06 0)
(0 -0.00010065928 0)
(0 -6.6962687e-05 0)
(0 -4.9489174e-06 0)
(0 -3.3078999e-06 0)
(0 -8.9195142e-05 0)
(0 -6.2715227e-05 0)
(0 -5.1479245e-06 0)
(0 -6.4045481e-06 0)
(0 -4.8626177e-06 0)
(0 -6.0708435e-06 0)
(0 -3.887049e-05 0)
(0 -4.0373705e-05 0)
(0 -2.8589917e-05 0)
(0 -4.1037529e-05 0)
(0 -9.5383187e-06 0)
(0 -6.1276887e-06 0)
(0 -9.4347717e-06 0)
(0 -2.2800682e-05 0)
(0 -4.867754e-05 0)
(0 -3.2214242e-05 0)
(0 -0.00092859331 0)
(0 -0.00086120378 0)
(0 -0.0009772725 0)
(0 -0.00089463951 0)
(0 -0.00099990967 0)
(0 -0.00091004091 0)
(0 -0.0010131948 0)
(0 -0.00091906164 0)
(0 -0.0010216634 0)
(0 -0.0009248051 0)
(0 -0.0010273898 0)
(0 -0.00092868567 0)
(0 -0.0010314259 0)
(0 -0.00093141927 0)
(0 -0.0010343559 0)
(0 -0.00093340297 0)
(0 -0.0010365359 0)
(0 -0.00093487876 0)
(0 -0.0010383769 0)
(0 -0.0009361336 0)
(0 -0.0010052599 0)
(0 -0.00089984939 0)
(0 -0.0010417086 0)
(0 -0.00093926411 0)
(0 -0.0010411858 0)
(0 -0.00093804188 0)
(0 -0.0010072167 0)
(0 -0.0009011674 0)
(0 -0.0010083247 0)
(0 -0.00090258879 0)
(0 -0.0010392683 0)
(0 -0.00093681474 0)
(0 -0.0010066479 0)
(0 -0.00090059221 0)
(0 -0.00099730603 0)
(0 -0.00089525967 0)
(0 -0.0010066907 0)
(0 -0.0009012451 0)
(0 -0.0010301679 0)
(0 -0.00093014577 0)
(0 -0.00099892729 0)
(0 -0.00089539716 0)
(0 -0.001038206 0)
(0 -0.00093693934 0)
(0 -0.0010298297 0)
(0 -0.00092930314 0)
(0 -0.0010201365 0)
(0 -0.00092246931 0)
(0 -0.001025494 0)
(0 -0.00092726375 0)
(0 -0.0010160974 0)
(0 -0.00092117756 0)
(0 -0.00098809779 0)
(0 -0.00090024479 0)
(0 -0.0007972994 0)
(0 -0.0010359365 0)
(0 -0.0009333376 0)
(0 -0.0009931744 0)
(0 -0.00089172834 0)
(0 -0.00099931145 0)
(0 -0.00089605231 0)
(0 -0.0010282445 0)
(0 -0.00092925549 0)
(0 -0.0010310645 0)
(0 -0.00093123873 0)
(0 -0.00099173079 0)
(0 -0.00089112884 0)
(0 -0.00079700235 0)
(0 -1.0986755e-05 0)
(0 -2.771234e-05 0)
(0 -1.4238638e-06 0)
(0 -1.45717e-06 0)
(0 -7.3234004e-06 0)
(0 -6.2369305e-06 0)
(0 -5.4034816e-05 0)
(0 -5.1868854e-05 0)
(0 -2.4291852e-06 0)
(0 -2.5808335e-06 0)
(0 -0.0001618576 0)
(0 -0.00019212394 0)
(0 -2.7061664e-06 0)
(0 -0.00017095047 0)
(0 -2.5643186e-06 0)
(0 -0.00014397008 0)
(0 -6.4508309e-06 0)
(0 -4.8296708e-05 0)
(0 -7.5014894e-06 0)
(0 -1.1047158e-05 0)
(0 -2.6876282e-05 0)
(0 -5.0966405e-05 0)
(0 -0.00094106473 0)
(0 -1.7133609e-05 0)
(0 -1.6919952e-05 0)
(0 -1.6494777e-05 0)
(0 -1.6492619e-05 0)
(0 -3.7389167e-05 0)
(0 -4.5291463e-05 0)
(0 -3.9630151e-05 0)
(0 -3.9624778e-05 0)
(0 -2.2499853e-06 0)
(0 -1.9262295e-06 0)
(0 -2.0036631e-06 0)
(0 -2.0035056e-06 0)
(0 -1.9662477e-06 0)
(0 -2.3052605e-06 0)
(0 -2.048965e-06 0)
(0 -2.0488495e-06 0)
(0 -7.7518461e-06 0)
(0 -6.1363057e-05 0)
(0 -5.8324927e-06 0)
(0 -5.0164193e-06 0)
(0 -7.4139998e-05 0)
(0 -7.464013e-05 0)
(0 -3.26515e-06 0)
(0 -3.287084e-06 0)
(0 -0.00011888843 0)
(0 -0.00014028853 0)
(0 -2.9002643e-06 0)
(0 -0.00019937142 0)
(0 -0.0001994206 0)
(0 -3.0514853e-06 0)
(0 -0.0001784179 0)
(0 -0.00017859764 0)
(0 -3.5339731e-06 0)
(0 -3.5168372e-06 0)
(0 -0.00012553298 0)
(0 -0.00010781546 0)
(0 -5.1860896e-06 0)
(0 -6.0094444e-06 0)
(0 -6.805066e-05 0)
(0 -6.7512993e-05 0)
(0 -7.9662291e-06 0)
(0 -7.965361e-06 0)
(0 -5.7448843e-05 0)
(0 -5.7492341e-05 0)
(0 -0.00076047134 0)
(0 -0.00094438207 0)
(0 -0.00098816666 0)
(0 -0.0010087696 0)
(0 -0.0010207805 0)
(0 -0.0010283992 0)
(0 -0.0010335337 0)
(0 -0.0010371451 0)
(0 -0.0010397619 0)
(0 -0.0010416959 0)
(0 -0.0010431406 0)
(0 -0.0010442213 0)
(0 -0.001045021 0)
(0 -0.0010455955 0)
(0 -0.0010459815 0)
(0 -0.0010462018 0)
(0 -0.0010462676 0)
(0 -0.0010461801 0)
(0 -0.0010459295 0)
(0 -0.001045493 0)
(0 -0.0010448303 0)
(0 -0.001043874 0)
(0 -0.0010425119 0)
(0 -0.0010405483 0)
(0 -0.0010376143 0)
(0 -0.0010329134 0)
(0 -0.0010241779 0)
(0 -0.0010003969 0)
(0 -0.0009725372 0)
(0 -0.00088774844 0)
(0 -0.00088779676 0)
(0 -1.7249863e-05 0)
(0 -1.6983735e-05 0)
(0 -1.6578917e-05 0)
(0 -1.6577547e-05 0)
(0 -3.6413894e-05 0)
(0 -4.3925622e-05 0)
(0 -3.8522074e-05 0)
(0 -3.8519871e-05 0)
(0 -1.7036383e-05 0)
(0 -1.4725453e-05 0)
(0 -1.5325756e-05 0)
(0 -3.3714057e-05 0)
(0 -4.842434e-05 0)
(0 -3.8627714e-05 0)
(0 -1.7034654e-05 0)
(0 -1.472384e-05 0)
(0 -1.677237e-05 0)
(0 -1.5322867e-05 0)
(0 -1.5475168e-05 0)
(0 -3.3748988e-05 0)
(0 -2.852811e-05 0)
(0 -3.3708004e-05 0)
(0 -4.8419205e-05 0)
(0 -3.8623684e-05 0)
(0 -2.3805012e-06 0)
(0 -1.8854435e-06 0)
(0 -1.6876821e-06 0)
(0 -1.7225862e-06 0)
(0 -2.4425268e-06 0)
(0 -1.931456e-06 0)
(0 -2.3803028e-06 0)
(0 -1.8853065e-06 0)
(0 -1.7703533e-06 0)
(0 -1.6875549e-06 0)
(0 -1.4820274e-06 0)
(0 -1.803323e-06 0)
(0 -1.5064457e-06 0)
(0 -1.7224817e-06 0)
(0 -2.4424715e-06 0)
(0 -1.9314093e-06 0)
(0 -6.9247582e-06 0)
(0 -4.6711003e-06 0)
(0 -5.5764174e-06 0)
(0 -4.0943554e-06 0)
(0 -8.4120235e-05 0)
(0 -5.9899642e-05 0)
(0 -8.8458621e-05 0)
(0 -6.0462808e-05 0)
(0 -3.8526523e-06 0)
(0 -2.6467208e-06 0)
(0 -3.7423065e-06 0)
(0 -2.6543566e-06 0)
(0 -0.00013100766 0)
(0 -9.706343e-05 0)
(0 -0.00016646348 0)
(0 -0.0001121626 0)
(0 -0.00066661224 0)
(0 -0.00066244203 0)
(0 -4.0252838e-06 0)
(0 -2.8520645e-06 0)
(0 -4.1520575e-06 0)
(0 -2.8498552e-06 0)
(0 -0.00011898382 0)
(0 -8.7522892e-05 0)
(0 -5.7705479e-06 0)
(0 -4.2304009e-06 0)
(0 -8.0609906e-05 0)
(0 -5.4798574e-05 0)
(0 -7.1246516e-06 0)
(0 -4.8104525e-06 0)
(0 -1.7169924e-05 0)
(0 -1.4821201e-05 0)
(0 -1.5374905e-05 0)
(0 -3.2810923e-05 0)
(0 -4.6885639e-05 0)
(0 -3.7465593e-05 0)
(0 -6.9165356e-06 0)
(0 -4.6647664e-06 0)
(0 -5.5738167e-06 0)
(0 -4.0910226e-06 0)
(0 -8.4162745e-05 0)
(0 -5.9924352e-05 0)
(0 -8.8448301e-05 0)
(0 -6.0458246e-05 0)
(0 -3.8513301e-06 0)
(0 -2.645008e-06 0)
(0 -3.7390735e-06 0)
(0 -2.6515531e-06 0)
(0 -0.0001309713 0)
(0 -9.7016157e-05 0)
(0 -0.00016643905 0)
(0 -0.00011213201 0)
(0 -0.00066640708 0)
(0 -0.00066182577 0)
(0 -4.0277608e-06 0)
(0 -2.8535209e-06 0)
(0 -0.00015003982 0)
(0 -0.00010113805 0)
(0 -4.1519625e-06 0)
(0 -2.8496927e-06 0)
(0 -0.00011932974 0)
(0 -8.7899758e-05 0)
(0 -5.7697335e-06 0)
(0 -4.2291078e-06 0)
(0 -8.0818479e-05 0)
(0 -5.5096068e-05 0)
(0 -7.1241045e-06 0)
(0 -4.8093485e-06 0)
(0 -7.6264073e-05 0)
(0 -5.4520949e-05 0)
(0 -1.7169474e-05 0)
(0 -1.4820357e-05 0)
(0 -1.6804593e-05 0)
(0 -1.5372367e-05 0)
(0 -1.5475003e-05 0)
(0 -3.2923555e-05 0)
(0 -2.7860672e-05 0)
(0 -3.2806152e-05 0)
(0 -4.6886237e-05 0)
(0 -3.7464351e-05 0)
(0 -0.00082397147 0)
(0 -0.00087084186 0)
(0 -0.00081029469 0)
(0 -0.00089468856 0)
(0 -0.00082190974 0)
(0 -0.0009151327 0)
(0 -0.00092226143 0)
(0 -0.00084416598 0)
(0 -0.00097139408 0)
(0 -0.00096055013 0)
(0 -0.00098812347 0)
(0 -0.00094649063 0)
(0 -0.00086002441 0)
(0 -0.00099978013 0)
(0 -0.0010051892 0)
(0 -0.0010191848 0)
(0 -0.00096060693 0)
(0 -0.00086924772 0)
(0 -0.0010153553 0)
(0 -0.0010286161 0)
(0 -0.0010368566 0)
(0 -0.00096955844 0)
(0 -0.00087509175 0)
(0 -0.001024853 0)
(0 -0.0010426116 0)
(0 -0.0010478742 0)
(0 -0.00097559013 0)
(0 -0.00087902759 0)
(0 -0.0010310772 0)
(0 -0.0010516477 0)
(0 -0.0010552097 0)
(0 -0.00097983194 0)
(0 -0.00088179456 0)
(0 -0.0010353692 0)
(0 -0.0010578126 0)
(0 -0.0010603252 0)
(0 -0.00098290534 0)
(0 -0.0008837989 0)
(0 -0.0010384368 0)
(0 -0.0010621859 0)
(0 -0.0010640102 0)
(0 -0.00098517655 0)
(0 -0.00088527983 0)
(0 -0.0010406839 0)
(0 -0.0010653734 0)
(0 -0.0010667234 0)
(0 -0.00098687312 0)
(0 -0.00088638593 0)
(0 -0.0010423552 0)
(0 -0.0010677374 0)
(0 -0.0010687469 0)
(0 -0.00098814216 0)
(0 -0.00088721321 0)
(0 -0.001043606 0)
(0 -0.0010695058 0)
(0 -0.0010702615 0)
(0 -0.00098908125 0)
(0 -0.00088782537 0)
(0 -0.0010445382 0)
(0 -0.0010708272 0)
(0 -0.0010713867 0)
(0 -0.00098975582 0)
(0 -0.00088826507 0)
(0 -0.0010452199 0)
(0 -0.0010718004 0)
(0 -0.0010722025 0)
(0 -0.00099020904 0)
(0 -0.00088856048 0)
(0 -0.0010456967 0)
(0 -0.0010724918 0)
(0 -0.0010727621 0)
(0 -0.00099046765 0)
(0 -0.00088872903 0)
(0 -0.0010459978 0)
(0 -0.0010729448 0)
(0 -0.0010730991 0)
(0 -0.00099054499 0)
(0 -0.00088877944 0)
(0 -0.0010461401 0)
(0 -0.0010731855 0)
(0 -0.0010732317 0)
(0 -0.00099044229 0)
(0 -0.00088871249 0)
(0 -0.0010461298 0)
(0 -0.0010732255 0)
(0 -0.0010731645 0)
(0 -0.00099014807 0)
(0 -0.00088852071 0)
(0 -0.0010459626 0)
(0 -0.0010730631 0)
(0 -0.001072888 0)
(0 -0.00098963565 0)
(0 -0.00088818669 0)
(0 -0.0010456226 0)
(0 -0.0010726818 0)
(0 -0.0010723769 0)
(0 -0.00098885758 0)
(0 -0.0008876795 0)
(0 -0.0010450791 0)
(0 -0.0010720473 0)
(0 -0.0010715847 0)
(0 -0.00098773492 0)
(0 -0.00088694761 0)
(0 -0.0010442796 0)
(0 -0.0010710998 0)
(0 -0.0010704331 0)
(0 -0.00098613585 0)
(0 -0.00088590501 0)
(0 -0.0010431374 0)
(0 -0.0010697405 0)
(0 -0.0010687925 0)
(0 -0.00098383084 0)
(0 -0.00088440189 0)
(0 -0.0010415049 0)
(0 -0.0010678031 0)
(0 -0.0010664406 0)
(0 -0.00098038761 0)
(0 -0.00088215594 0)
(0 -0.0010391161 0)
(0 -0.0010649937 0)
(0 -0.0010629686 0)
(0 -0.00097487578 0)
(0 -0.00087856042 0)
(0 -0.0010354398 0)
(0 -0.0010607453 0)
(0 -0.0010575356 0)
(0 -0.00096467624 0)
(0 -0.00087190377 0)
(0 -0.0010291954 0)
(0 -0.0010537796 0)
(0 -0.0010479964 0)
(0 -0.00093573667 0)
(0 -0.00084938527 0)
(0 -0.0010158498 0)
(0 -0.0010401439 0)
(0 -0.001025872 0)
(0 -0.00098533538 0)
(0 -0.0010025802 0)
(0 -0.00082363164 0)
(0 -0.00087087926 0)
(0 -0.00080952331 0)
(0 -0.00092242513 0)
(0 -0.00084339876 0)
(0 -0.0009467224 0)
(0 -0.00085926512 0)
(0 -0.00096088125 0)
(0 -0.00086849513 0)
(0 -0.00096986081 0)
(0 -0.00087434411 0)
(0 -0.00097591185 0)
(0 -0.00087828359 0)
(0 -0.0009801675 0)
(0 -0.00088105327 0)
(0 -0.00098325103 0)
(0 -0.00088305964 0)
(0 -0.0009855298 0)
(0 -0.00088454212 0)
(0 -0.00098723204 0)
(0 -0.0008856494 0)
(0 -0.00098850534 0)
(0 -0.00088647758 0)
(0 -0.0009894476 0)
(0 -0.00088709041 0)
(0 -0.00099012445 0)
(0 -0.00088753059 0)
(0 -0.00099057921 0)
(0 -0.00088782633 0)
(0 -0.00099083869 0)
(0 -0.00088799507 0)
(0 -0.0009909163 0)
(0 -0.00088804554 0)
(0 -0.00099081325 0)
(0 -0.00088797852 0)
(0 -0.00099051804 0)
(0 -0.00088778653 0)
(0 -0.00099000388 0)
(0 -0.00088745214 0)
(0 -0.00098922319 0)
(0 -0.00088694439 0)
(0 -0.00098809676 0)
(0 -0.00088621171 0)
(0 -0.00098649234 0)
(0 -0.00088516801 0)
(0 -0.00098417968 0)
(0 -0.00088366333 0)
(0 -0.0009807251 0)
(0 -0.00088141512 0)
(0 -0.00097519562 0)
(0 -0.00087781658 0)
(0 -0.00096496452 0)
(0 -0.00087115466 0)
(0 -0.00093597579 0)
(0 -0.00084863004 0)
(0 -2.5817976e-05 0)
(0 -0.00011132049 0)
(0 -1.3183702e-05 0)
(0 -1.9825846e-05 0)
(0 -7.9233765e-06 0)
(0 -7.9164611e-06 0)
(0 -1.5332862e-05 0)
(0 -3.4266337e-05 0)
(0 -0.00011132015 0)
(0 -3.9953225e-05 0)
(0 -3.9964416e-05 0)
(0 -0.00013039204 0)
(0 -6.038113e-06 0)
(0 -5.038297e-06 0)
(0 -5.2198358e-06 0)
(0 -2.036173e-06 0)
(0 -2.0344995e-06 0)
(0 -2.0292503e-06 0)
(0 -1.8073201e-06 0)
(0 -5.3917662e-06 0)
(0 -5.220052e-06 0)
(0 -2.1087044e-06 0)
(0 -2.1096004e-06 0)
(0 -6.4187629e-06 0)
(0 -1.0847551e-05 0)
(0 -9.1957618e-06 0)
(0 -5.9521352e-06 0)
(0 -5.9421246e-06 0)
(0 -6.727142e-06 0)
(0 -3.7867522e-05 0)
(0 -3.4722775e-05 0)
(0 -0.00014448723 0)
(0 -6.6931188e-05 0)
(0 -6.6983274e-05 0)
(0 -0.00015760898 0)
(0 -8.0464024e-06 0)
(0 -7.163569e-06 0)
(0 -3.7914561e-06 0)
(0 -3.790155e-06 0)
(0 -4.1694472e-06 0)
(0 -4.1676056e-06 0)
(0 -5.2830454e-06 0)
(0 -4.592989e-06 0)
(0 -3.4128379e-06 0)
(0 -4.5891474e-06 0)
(0 -3.8615842e-06 0)
(0 -4.1986183e-05 0)
(0 -6.7579263e-05 0)
(0 -6.1767271e-05 0)
(0 -0.00017442469 0)
(0 -7.3080304e-05 0)
(0 -7.3046027e-05 0)
(0 -7.0007343e-05 0)
(0 -6.9993517e-05 0)
(0 -0.00019403659 0)
(0 -6.5396905e-06 0)
(0 -6.0836131e-06 0)
(0 -3.1547001e-06 0)
(0 -3.1537673e-06 0)
(0 -3.0358556e-06 0)
(0 -3.0347566e-06 0)
(0 -3.5410039e-06 0)
(0 -3.3132233e-06 0)
(0 -7.689146e-05 0)
(0 -6.5741919e-05 0)
(0 -0.00021214285 0)
(0 -9.7893928e-05 0)
(0 -8.8407353e-05 0)
(0 -8.8379337e-05 0)
(0 -9.7842559e-05 0)
(0 -0.00025482109 0)
(0 -3.0103217e-06 0)
(0 -3.0063131e-06 0)
(0 -2.9758726e-06 0)
(0 -2.9952351e-06 0)
(0 -0.00010886888 0)
(0 -9.1755106e-05 0)
(0 -0.0003135107 0)
(0 -0.0001448347 0)
(0 -0.00014480644 0)
(0 -1.5575565e-06 0)
(0 -1.8971685e-06 0)
(0 -2.0048236e-06 0)
(0 -0.00011496023 0)
(0 -0.00014607699 0)
(0 -1.8844067e-06 0)
(0 -1.9557324e-06 0)
(0 -1.8256463e-06 0)
(0 -0.00015613573 0)
(0 -0.00012999063 0)
(0 -0.00013098328 0)
(0 -3.2221538e-06 0)
(0 -6.8990033e-06 0)
(0 -3.2255704e-06 0)
(0 -2.0251907e-06 0)
(0 -3.2192627e-06 0)
(0 -2.9603588e-06 0)
(0 -0.00023308566 0)
(0 -0.00028634529 0)
(0 -0.00012979107 0)
(0 -7.3975229e-06 0)
(0 -3.3812751e-06 0)
(0 -8.062465e-06 0)
(0 -3.3806822e-06 0)
(0 -3.2687418e-06 0)
(0 -3.2683701e-06 0)
(0 -3.5255282e-06 0)
(0 -3.0268541e-06 0)
(0 -0.00019510604 0)
(0 -0.00017977245 0)
(0 -8.0797028e-05 0)
(0 -8.084619e-05 0)
(0 -8.9067818e-05 0)
(0 -8.9219154e-05 0)
(0 -8.8341153e-06 0)
(0 -4.3269611e-06 0)
(0 -9.4843353e-06 0)
(0 -3.9631043e-06 0)
(0 -3.962364e-06 0)
(0 -4.3261161e-06 0)
(0 -4.747292e-06 0)
(0 -4.0209933e-06 0)
(0 -0.0001607969 0)
(0 -0.00013707312 0)
(0 -6.7032452e-05 0)
(0 -6.7087196e-05 0)
(0 -6.3853036e-05 0)
(0 -6.3967841e-05 0)
(0 -1.1148787e-05 0)
(0 -1.3534104e-05 0)
(0 -6.1209507e-06 0)
(0 -6.1204765e-06 0)
(0 -4.7126817e-06 0)
(0 -5.8351936e-06 0)
(0 -4.3935863e-05 0)
(0 -4.6418015e-05 0)
(0 -4.0728102e-05 0)
(0 -0.00012409662 0)
(0 -0.00011981037 0)
(0 -6.0937961e-05 0)
(0 -0.00056507462 0)
(0 -0.00071369038 0)
(0 -0.0002481448 0)
(0 -0.00024913815 0)
(0 -0.00093045569 0)
(0 -0.0010249738 0)
(0 -0.0010731628 0)
(0 -0.0011018751 0)
(0 -0.0011203553 0)
(0 -0.0011329301 0)
(0 -0.0011418297 0)
(0 -0.0011483077 0)
(0 -0.0011531268 0)
(0 -0.0011568432 0)
(0 -0.0011596678 0)
(0 -0.0011618852 0)
(0 -0.001162996 0)
(0 -0.0011640109 0)
(0 -0.0011646541 0)
(0 -0.0011637138 0)
(0 -0.0011638084 0)
(0 -0.0011624063 0)
(0 -0.0011622545 0)
(0 -0.0011595321 0)
(0 -0.0011570942 0)
(0 -0.0011542517 0)
(0 -0.0011480709 0)
(0 -0.0011400387 0)
(0 -0.0011293383 0)
(0 -0.0011086823 0)
(0 -0.0010633462 0)
(0 -0.00096146908 0)
(0 -0.00095455138 0)
(0 -0.00088609721 0)
(0 -0.0010018312 0)
(0 -0.00094561541 0)
(0 -0.0010286638 0)
(0 -0.00097086097 0)
(0 -0.0010452188 0)
(0 -0.00098535087 0)
(0 -0.0010561547 0)
(0 -0.00099445257 0)
(0 -0.0010637354 0)
(0 -0.001000544 0)
(0 -0.0010691727 0)
(0 -0.0010048062 0)
(0 -0.001073171 0)
(0 -0.001007884 0)
(0 -0.0010761899 0)
(0 -0.0010101605 0)
(0 -0.0010789451 0)
(0 -0.0010119414 0)
(0 -0.0010804023 0)
(0 -0.0010128802 0)
(0 -0.0010124134 0)
(0 -0.0010814776 0)
(0 -0.0010138636 0)
(0 -0.001082659 0)
(0 -0.0010149372 0)
(0 -0.0010833288 0)
(0 -0.0010149853 0)
(0 -0.0010143384 0)
(0 -0.0010828405 0)
(0 -0.0010147019 0)
(0 -0.0010144976 0)
(0 -0.0010815321 0)
(0 -0.0010139811 0)
(0 -0.0010118951 0)
(0 -0.0010816071 0)
(0 -0.0010135959 0)
(0 -0.0010124665 0)
(0 -0.0010810268 0)
(0 -0.0010052323 0)
(0 -0.0010049284 0)
(0 -0.0010014091 0)
(0 -0.0010013082 0)
(0 -0.0010796037 0)
(0 -0.0010119874 0)
(0 -0.0010114838 0)
(0 -0.0010776516 0)
(0 -0.0010041622 0)
(0 -0.0010029272 0)
(0 -0.0010085332 0)
(0 -0.0010767851 0)
(0 -0.001002976 0)
(0 -0.0010092382 0)
(0 -0.0010019652 0)
(0 -0.0010735325 0)
(0 -0.0010109052 0)
(0 -0.0010671304 0)
(0 -0.0010076772 0)
(0 -0.0010043284 0)
(0 -0.0010609745 0)
(0 -0.0009942843 0)
(0 -0.00099695156 0)
(0 -0.0010006123 0)
(0 -0.0010510308 0)
(0 -0.00099971277 0)
(0 -0.0010278453 0)
(0 -0.0009931618 0)
(0 -0.00095947428 0)
(0 -0.00097321009 0)
(0 -0.00089785088 0)
(0 -0.00069914781 0)
(0 -0.0007636366 0)
(0 -0.00059406822 0)
(0 -0.00089246816 0)
(0 -0.00091999621 0)
(0 -0.0009811848 0)
(0 -0.00094815589 0)
(0 -0.00095735764 0)
(0 -0.0010301347 0)
(0 -0.00096936381 0)
(0 -0.0009743006 0)
(0 -0.0010505883 0)
(0 -0.00098115602 0)
(0 -0.00098418886 0)
(0 -0.0010622807 0)
(0 -0.0009884496 0)
(0 -0.00099046934 0)
(0 -0.0010696158 0)
(0 -0.00099327847 0)
(0 -0.00099470554 0)
(0 -0.0010745206 0)
(0 -0.00099663189 0)
(0 -0.00099768607 0)
(0 -0.0010779506 0)
(0 -0.00099904053 0)
(0 -0.00099984704 0)
(0 -0.0010804266 0)
(0 -0.0010008144 0)
(0 -0.0010014528 0)
(0 -0.0010822575 0)
(0 -0.0010021721 0)
(0 -0.0010027863 0)
(0 -0.001083679 0)
(0 -0.0010041057 0)
(0 -0.00098175785 0)
(0 -0.0010777363 0)
(0 -0.00098181223 0)
(0 -0.0010051988 0)
(0 -0.0010785065 0)
(0 -0.0010045902 0)
(0 -0.0010048623 0)
(0 -0.001086077 0)
(0 -0.0010057549 0)
(0 -0.00098318761 0)
(0 -0.0010794059 0)
(0 -0.00098336744 0)
(0 -0.00098391856 0)
(0 -0.0010725435 0)
(0 -0.00098304103 0)
(0 -0.0010026594 0)
(0 -0.001078463 0)
(0 -0.0010023838 0)
(0 -0.00098302592 0)
(0 -0.00107825 0)
(0 -0.00097740191 0)
(0 -0.00097144154 0)
(0 -0.0010518183 0)
(0 -0.00097693422 0)
(0 -0.00098295287 0)
(0 -0.0010702437 0)
(0 -0.00097600057 0)
(0 -0.00099177252 0)
(0 -0.0010565948 0)
(0 -0.00099109998 0)
(0 -0.00097507534 0)
(0 -0.0010557733 0)
(0 -0.00098016894 0)
(0 -0.001002741 0)
(0 -0.0010762165 0)
(0 -0.001000738 0)
(0 -0.00099585653 0)
(0 -0.001080195 0)
(0 -0.00098523043 0)
(0 -0.00098444149 0)
(0 -0.0010506158 0)
(0 -0.00099094937 0)
(0 -0.00099384142 0)
(0 -0.001073822 0)
(0 -0.00098984306 0)
(0 -0.00098704241 0)
(0 -0.0010684932 0)
(0 -0.00097734357 0)
(0 -0.00096616983 0)
(0 -0.0010515387 0)
(0 -0.0008660989 0)
(0 -0.00090129382 0)
(0 -0.00095955722 0)
(0 -0.00050633668 0)
(0 -0.00093367422 0)
(0 -0.00090114323 0)
(0 -0.00085158837 0)
(0 -0.00089360191 0)
(0 -0.00085168743 0)
(0 -0.00089383361 0)
(0 -0.00098701741 0)
(0 -0.0010088298 0)
(0 -0.00091911129 0)
(0 -0.00093490075 0)
(0 -0.00091944908 0)
(0 -0.00093529622 0)
(0 -0.0010167868 0)
(0 -0.0010629744 0)
(0 -0.0009478811 0)
(0 -0.00095661007 0)
(0 -0.00094833929 0)
(0 -0.00095710324 0)
(0 -0.0010349704 0)
(0 -0.0010948867 0)
(0 -0.00096425532 0)
(0 -0.00096958254 0)
(0 -0.00096478765 0)
(0 -0.00097013719 0)
(0 -0.0010469002 0)
(0 -0.0011152743 0)
(0 -0.00097446627 0)
(0 -0.00097795965 0)
(0 -0.00097504678 0)
(0 -0.00097855519 0)
(0 -0.0010551323 0)
(0 -0.0011290773 0)
(0 -0.00098126586 0)
(0 -0.00098367572 0)
(0 -0.00098187928 0)
(0 -0.0009842997 0)
(0 -0.0010610186 0)
(0 -0.0011388148 0)
(0 -0.00098600808 0)
(0 -0.00098773093 0)
(0 -0.00098664486 0)
(0 -0.00098837534 0)
(0 -0.0010653316 0)
(0 -0.0011458851 0)
(0 -0.00098942446 0)
(0 -0.00099068668 0)
(0 -0.00099007826 0)
(0 -0.00099134612 0)
(0 -0.00106854 0)
(0 -0.0011511179 0)
(0 -0.00099194007 0)
(0 -0.00099287895 0)
(0 -0.00099260652 0)
(0 -0.00099354962 0)
(0 -0.0010709416 0)
(0 -0.0011550309 0)
(0 -0.00099381625 0)
(0 -0.00099451897 0)
(0 -0.00099449218 0)
(0 -0.00099519808 0)
(0 -0.0010727316 0)
(0 -0.0011579602 0)
(0 -0.00099522063 0)
(0 -0.0009957444 0)
(0 -0.0009959037 0)
(0 -0.00099642984 0)
(0 -0.0010740408 0)
(0 -0.0011601292 0)
(0 -0.00099626395 0)
(0 -0.00099664701 0)
(0 -0.00099695233 0)
(0 -0.00099733713 0)
(0 -0.0010749564 0)
(0 -0.0011616879 0)
(0 -0.00099702038 0)
(0 -0.00099728827 0)
(0 -0.00099771262 0)
(0 -0.00099798173 0)
(0 -0.0010755347 0)
(0 -0.0011627356 0)
(0 -0.00099753923 0)
(0 -0.00099770843 0)
(0 -0.00099823411 0)
(0 -0.00099840409 0)
(0 -0.0010758081 0)
(0 -0.0011633337 0)
(0 -0.0009978517 0)
(0 -0.00099793168 0)
(0 -0.00099854817 0)
(0 -0.00099862852 0)
(0 -0.0010757884 0)
(0 -0.0011635131 0)
(0 -0.00099797464 0)
(0 -0.00099796887 0)
(0 -0.00099867173 0)
(0 -0.00099866592 0)
(0 -0.0010754676 0)
(0 -0.0011632767 0)
(0 -0.00099791221 0)
(0 -0.00099781831 0)
(0 -0.00099860895 0)
(0 -0.00099851462 0)
(0 -0.0010748152 0)
(0 -0.0011625982 0)
(0 -0.00099765577 0)
(0 -0.00099746483 0)
(0 -0.00099835115 0)
(0 -0.00099815934 0)
(0 -0.0010737723 0)
(0 -0.0011614168 0)
(0 -0.00099718177 0)
(0 -0.00099687652 0)
(0 -0.00099787468 0)
(0 -0.00099756804 0)
(0 -0.0010722386 0)
(0 -0.0011596242 0)
(0 -0.00099644702 0)
(0 -0.00099599809 0)
(0 -0.00099713611 0)
(0 -0.00099668514 0)
(0 -0.0010700482 0)
(0 -0.0011570407 0)
(0 -0.00099537909 0)
(0 -0.00099473782 0)
(0 -0.00099606265 0)
(0 -0.00099541848 0)
(0 -0.0010669197 0)
(0 -0.0011533682 0)
(0 -0.00099385779 0)
(0 -0.00099294163 0)
(0 -0.00099453351 0)
(0 -0.00099361323 0)
(0 -0.0010623475 0)
(0 -0.0011480914 0)
(0 -0.00099167694 0)
(0 -0.00099033734 0)
(0 -0.00099234149 0)
(0 -0.0009909959 0)
(0 -0.0010553301 0)
(0 -0.0011402532 0)
(0 -0.00098845798 0)
(0 -0.00098639974 0)
(0 -0.00098910616 0)
(0 -0.0009870388 0)
(0 -0.001043527 0)
(0 -0.0011278595 0)
(0 -0.00098342243 0)
(0 -0.00097994737 0)
(0 -0.00098404544 0)
(0 -0.00098055539 0)
(0 -0.0010192897 0)
(0 -0.0011059013 0)
(0 -0.00097459052 0)
(0 -0.00096730148 0)
(0 -0.00097517063 0)
(0 -0.00096785196 0)
(0 -0.00094949958 0)
(0 -0.0010581091 0)
(0 -0.00095375396 0)
(0 -0.00092748141 0)
(0 -0.000954255 0)
(0 -0.00092799674 0)
(0 -0.00067227003 0)
(0 -0.00051741686 0)
(0 -0.00021347599 0)
(0 -0.00021346952 0)
(0 -2.0208046e-05 0)
(0 -2.6252147e-05 0)
(0 -8.0597756e-06 0)
(0 -8.0586188e-06 0)
(0 -1.1165292e-05 0)
(0 -1.024202e-05 0)
(0 -1.1599023e-05 0)
(0 -1.5439882e-05 0)
(0 -2.4839295e-05 0)
(0 -2.38942e-05 0)
(0 -3.337519e-05 0)
(0 -3.2514239e-05 0)
(0 -0.00010636566 0)
(0 -0.00010731098 0)
(0 -3.8166052e-05 0)
(0 -3.8165804e-05 0)
(0 -6.6437774e-06 0)
(0 -6.7143484e-06 0)
(0 -5.2696549e-06 0)
(0 -5.1787378e-06 0)
(0 -4.222007e-06 0)
(0 -6.6319088e-06 0)
(0 -2.4630961e-05 0)
(0 -2.7832621e-05 0)
(0 -3.7905164e-05 0)
(0 -3.3587811e-05 0)
(0 -2.9941828e-05 0)
(0 -4.5799943e-06 0)
(0 -3.8543643e-06 0)
(0 -3.4116332e-05 0)
(0 -4.3495821e-05 0)
(0 -4.3589571e-05 0)
(0 -4.2035696e-05 0)
(0 -3.2190912e-06 0)
(0 -2.8353851e-06 0)
(0 -3.5395982e-06 0)
(0 -3.3119147e-06 0)
(0 -8.2228534e-05 0)
(0 -7.4971817e-05 0)
(0 -7.6855771e-05 0)
(0 -8.2191773e-05 0)
(0 -1.8935337e-06 0)
(0 -1.9994893e-06 0)
(0 -8.5008367e-05 0)
(0 -9.4945938e-05 0)
(0 -9.4914608e-05 0)
(0 -0.00011494706 0)
(0 -1.7596722e-06 0)
(0 -1.8811809e-06 0)
(0 -1.639879e-06 0)
(0 -1.2593364e-06 0)
(0 -1.4451195e-06 0)
(0 -0.00020085617 0)
(0 -0.0002074203 0)
(0 -0.00014858791 0)
(0 -0.00011337711 0)
(0 -0.00020133122 0)
(0 -0.00017535283 0)
(0 -1.4676915e-06 0)
(0 -0.00024221298 0)
(0 -1.3046665e-06 0)
(0 -1.5162812e-06 0)
(0 -0.00014653813 0)
(0 -0.00020115298 0)
(0 -1.957687e-06 0)
(0 -1.7106453e-06 0)
(0 -1.5043236e-06 0)
(0 -0.00017384747 0)
(0 -0.00017728894 0)
(0 -0.00017383443 0)
(0 -0.00013003472 0)
(0 -9.992875e-05 0)
(0 -1.6593365e-06 0)
(0 -2.1255722e-06 0)
(0 -2.1304978e-06 0)
(0 -2.0280027e-06 0)
(0 -7.6669421e-05 0)
(0 -0.00010259553 0)
(0 -8.5558485e-05 0)
(0 -0.00010273965 0)
(0 -8.495317e-05 0)
(0 -3.7324022e-06 0)
(0 -3.3787412e-06 0)
(0 -3.5244259e-06 0)
(0 -3.7312236e-06 0)
(0 -7.5608433e-05 0)
(0 -6.8696519e-05 0)
(0 -7.0592984e-05 0)
(0 -6.0344642e-05 0)
(0 -7.5628991e-05 0)
(0 -7.0614257e-05 0)
(0 -3.5000231e-06 0)
(0 -3.9697803e-06 0)
(0 -3.968925e-06 0)
(0 -4.7120262e-06 0)
(0 -3.182347e-05 0)
(0 -3.8723805e-05 0)
(0 -4.0391553e-05 0)
(0 -3.8427746e-05 0)
(0 -4.0256607e-05 0)
(0 -6.8529065e-06 0)
(0 -6.7627766e-06 0)
(0 -5.3976837e-06 0)
(0 -4.3032125e-06 0)
(0 -6.8507305e-06 0)
(0 -5.263644e-06 0)
(0 -6.7275135e-06 0)
(0 -2.3512203e-05 0)
(0 -2.6695325e-05 0)
(0 -3.6010861e-05 0)
(0 -3.3080156e-05 0)
(0 -3.183279e-05 0)
(0 -2.8167618e-05 0)
(0 -3.6003336e-05 0)
(0 -0.0010710524 0)
(0 -0.0010724388 0)
(0 -0.0010725485 0)
(0 -0.001083594 0)
(0 -0.0010004221 0)
(0 -0.00100036 0)
(0 -0.0010707263 0)
(0 -0.00099129371 0)
(0 -0.0010516459 0)
(0 -0.00096867035 0)
(0 -0.00099113873 0)
(0 -0.001069961 0)
(0 -0.00099144215 0)
(0 -0.0010674888 0)
(0 -0.00097573091 0)
(0 -0.00097516232 0)
(0 -0.0010683092 0)
(0 -0.00099046992 0)
(0 -0.0010704874 0)
(0 -0.00099682229 0)
(0 -0.00097140137 0)
(0 -0.0010675318 0)
(0 -0.00097026828 0)
(0 -0.00099304099 0)
(0 -1.1075496e-05 0)
(0 -1.107382e-05 0)
(0 -1.5484824e-05 0)
(0 -1.0190299e-05 0)
(0 -1.1518511e-05 0)
(0 -1.073696e-05 0)
(0 -1.533111e-05 0)
(0 -1.5481752e-05 0)
(0 -1.0188179e-05 0)
(0 -9.9301234e-06 0)
(0 -1.5488785e-05 0)
(0 -2.8665961e-05 0)
(0 -2.0649691e-05 0)
(0 -4.0590059e-05 0)
(0 -2.5627179e-05 0)
(0 -2.4585441e-05 0)
(0 -3.2017184e-05 0)
(0 -3.3712576e-05 0)
(0 -3.425957e-05 0)
(0 -4.0585376e-05 0)
(0 -2.5621798e-05 0)
(0 -3.3708722e-05 0)
(0 -1.648443e-06 0)
(0 -1.6482028e-06 0)
(0 -1.2971659e-06 0)
(0 -1.6139588e-06 0)
(0 -1.7705658e-06 0)
(0 -1.2888535e-06 0)
(0 -2.0290876e-06 0)
(0 -1.2970389e-06 0)
(0 -1.770377e-06 0)
(0 -1.0827786e-06 0)
(0 -1.5427148e-06 0)
(0 -1.568229e-06 0)
(0 -1.1035363e-06 0)
(0 -1.3274207e-06 0)
(0 -1.3163594e-06 0)
(0 -2.0790317e-06 0)
(0 -1.6548767e-06 0)
(0 -1.6929038e-06 0)
(0 -1.8071497e-06 0)
(0 -1.3273295e-06 0)
(0 -2.0789509e-06 0)
(0 -1.6928245e-06 0)
(0 -6.667976e-06 0)
(0 -5.6679222e-06 0)
(0 -5.5801442e-06 0)
(0 -4.9205634e-05 0)
(0 -4.3101262e-05 0)
(0 -4.71133e-05 0)
(0 -5.2026582e-06 0)
(0 -3.8817179e-06 0)
(0 -5.2775638e-06 0)
(0 -4.5898235e-06 0)
(0 -6.7930158e-05 0)
(0 -6.085555e-05 0)
(0 -6.7595611e-05 0)
(0 -6.7919852e-05 0)
(0 -2.6530302e-06 0)
(0 -2.7592778e-06 0)
(0 -2.9742746e-06 0)
(0 -2.9927939e-06 0)
(0 -0.00012682335 0)
(0 -0.00012626881 0)
(0 -0.00010882162 0)
(0 -0.00012678437 0)
(0 -2.3516683e-06 0)
(0 -2.206669e-06 0)
(0 -2.0423978e-06 0)
(0 -0.00017558478 0)
(0 -0.0001475596 0)
(0 -0.00014605214 0)
(0 -0.0001756227 0)
(0 -2.4655909e-06 0)
(0 -2.1476002e-06 0)
(0 -2.3289498e-06 0)
(0 -0.00015623839 0)
(0 -0.0001301912 0)
(0 -3.2046714e-06 0)
(0 -2.8561618e-06 0)
(0 -3.2204059e-06 0)
(0 -3.2044815e-06 0)
(0 -0.00011267164 0)
(0 -9.846902e-05 0)
(0 -8.3500043e-05 0)
(0 -0.00011411329 0)
(0 -9.8672167e-05 0)
(0 -5.4413455e-06 0)
(0 -5.3570008e-06 0)
(0 -4.7460357e-06 0)
(0 -5.4403647e-06 0)
(0 -6.1859106e-05 0)
(0 -5.5629092e-05 0)
(0 -5.5900311e-05 0)
(0 -6.2036997e-05 0)
(0 -6.12995e-05 0)
(0 -6.8559942e-06 0)
(0 -5.7756078e-06 0)
(0 -5.834325e-06 0)
(0 -6.8552447e-06 0)
(0 -4.3963355e-05 0)
(0 -4.644336e-05 0)
(0 -0.00058198221 0)
(0 -0.00071147165 0)
(0 -0.00071113347 0)
(0 -0.00050624104 0)
(0 -0.00084729684 0)
(0 -0.00083359859 0)
(0 -0.00076575705 0)
(0 -0.00083305688 0)
(0 -0.00076565515 0)
(0 -0.00087732606 0)
(0 -0.0009240713 0)
(0 -0.00095965258 0)
(0 -0.00090180298 0)
(0 -0.00087706534 0)
(0 -0.00090134791 0)
(0 -0.00091613029 0)
(0 -0.00098088216 0)
(0 -0.00099421003 0)
(0 -0.00092692815 0)
(0 -0.00091594061 0)
(0 -0.00092652111 0)
(0 -0.00093434771 0)
(0 -0.0010047665 0)
(0 -0.0010121198 0)
(0 -0.00094069873 0)
(0 -0.00093419835 0)
(0 -0.00094032255 0)
(0 -0.00094495649 0)
(0 -0.0010183207 0)
(0 -0.0010228079 0)
(0 -0.00094909014 0)
(0 -0.00094483285 0)
(0 -0.00094873405 0)
(0 -0.00095168235 0)
(0 -0.0010267615 0)
(0 -0.0010297037 0)
(0 -0.00095458714 0)
(0 -0.00095157582 0)
(0 -0.00095424474 0)
(0 -0.00095621372 0)
(0 -0.001032377 0)
(0 -0.0010344065 0)
(0 -0.00095837669 0)
(0 -0.00095611907 0)
(0 -0.00095804397 0)
(0 -0.00095940014 0)
(0 -0.0010362908 0)
(0 -0.0010377417 0)
(0 -0.00096108473 0)
(0 -0.00095931402 0)
(0 -0.00096075905 0)
(0 -0.00096170872 0)
(0 -0.0010391091 0)
(0 -0.0010401721 0)
(0 -0.00096306814 0)
(0 -0.00096162885 0)
(0 -0.00096274768 0)
(0 -0.00096341467 0)
(0 -0.0010411837 0)
(0 -0.0010419744 0)
(0 -0.00096454316 0)
(0 -0.00096333947 0)
(0 -0.00096422662 0)
(0 -0.00096468895 0)
(0 -0.0010427307 0)
(0 -0.0010433225 0)
(0 -0.000965647 0)
(0 -0.00096461728 0)
(0 -0.00096533341 0)
(0 -0.0009656421 0)
(0 -0.0010438885 0)
(0 -0.0010443296 0)
(0 -0.00096646965 0)
(0 -0.00096557306 0)
(0 -0.00096615828 0)
(0 -0.00096634742 0)
(0 -0.0010447487 0)
(0 -0.0010450712 0)
(0 -0.00096707125 0)
(0 -0.00096628036 0)
(0 -0.0009667615 0)
(0 -0.00096685406 0)
(0 -0.0010453724 0)
(0 -0.001045598 0)
(0 -0.00096749195 0)
(0 -0.00096678841 0)
(0 -0.00096718334 0)
(0 -0.00096719446 0)
(0 -0.0010458004 0)
(0 -0.0010459428 0)
(0 -0.00096775764 0)
(0 -0.00096712976 0)
(0 -0.00096744975 0)
(0 -0.00096738868 0)
(0 -0.0010460584 0)
(0 -0.0010461257 0)
(0 -0.0009678832 0)
(0 -0.00096732452 0)
(0 -0.00096757565 0)
(0 -0.00096744676 0)
(0 -0.0010461603 0)
(0 -0.0010461555 0)
(0 -0.00096787409 0)
(0 -0.00096738277 0)
(0 -0.00096756651 0)
(0 -0.00096736961 0)
(0 -0.0010461097 0)
(0 -0.0010460306 0)
(0 -0.00096772655 0)
(0 -0.00096730541 0)
(0 -0.00096741858 0)
(0 -0.00096714861 0)
(0 -0.0010458994 0)
(0 -0.0010457386 0)
(0 -0.00096742659 0)
(0 -0.00096708379 0)
(0 -0.00096711781 0)
(0 -0.00096676371 0)
(0 -0.0010455102 0)
(0 -0.0010452531 0)
(0 -0.000966947 0)
(0 -0.00096669781 0)
(0 -0.00096663692 0)
(0 -0.00096617926 0)
(0 -0.0010449064 0)
(0 -0.0010445283 0)
(0 -0.00096624156 0)
(0 -0.00096611173 0)
(0 -0.00096592958 0)
(0 -0.00096533593 0)
(0 -0.0010440284 0)
(0 -0.0010434883 0)
(0 -0.0009652336 0)
(0 -0.00096526606 0)
(0 -0.00096491893 0)
(0 -0.00096413463 0)
(0 -0.0010427773 0)
(0 -0.0010420055 0)
(0 -0.00096379296 0)
(0 -0.00096406144 0)
(0 -0.00096347446 0)
(0 -0.00096240277 0)
(0 -0.0010409828 0)
(0 -0.0010398542 0)
(0 -0.00096168483 0)
(0 -0.00096232485 0)
(0 -0.00096136078 0)
(0 -0.00095981509 0)
(0 -0.001038332 0)
(0 -0.0010365969 0)
(0 -0.00095844057 0)
(0 -0.00095973017 0)
(0 -0.00095810816 0)
(0 -0.00095567039 0)
(0 -0.0010341772 0)
(0 -0.0010312407 0)
(0 -0.00095293721 0)
(0 -0.00095557467 0)
(0 -0.0009525913 0)
(0 -0.00094798068 0)
(0 -0.0010268395 0)
(0 -0.0010206406 0)
(0 -0.00094101757 0)
(0 -0.00094786561 0)
(0 -0.00094064476 0)
(0 -0.00092484214 0)
(0 -0.0010093928 0)
(0 -0.00099214021 0)
(0 -0.00091231604 0)
(0 -0.00092468817 0)
(0 -0.00091202537 0)
(0 -0.00086600329 0)
(0 -0.00090131533 0)
(0 -1.1164476e-05 0)
(0 -1.0777822e-05 0)
(0 -1.554471e-05 0)
(0 -1.0240699e-05 0)
(0 -1.5439086e-05 0)
(0 -1.5542314e-05 0)
(0 -9.9483499e-06 0)
(0 -1.5500756e-05 0)
(0 -2.802415e-05 0)
(0 -2.0101569e-05 0)
(0 -3.0971248e-05 0)
(0 -3.9380276e-05 0)
(0 -2.4837498e-05 0)
(0 -3.3371051e-05 0)
(0 -3.9379525e-05 0)
(0 -3.2512699e-05 0)
(0 -1.8315975e-05 0)
(0 -8.7642315e-05 0)
(0 -4.0546118e-06 0)
(0 -4.1936276e-06 0)
(0 -4.9570718e-06 0)
(0 -1.4013162e-06 0)
(0 -5.3241463e-06 0)
(0 -5.5444547e-06 0)
(0 -1.2270057e-06 0)
(0 -2.2298999e-06 0)
(0 -5.996877e-06 0)
(0 -7.027488e-06 0)
(0 -2.2852672e-06 0)
(0 -7.2941666e-06 0)
(0 -1.0123911e-05 0)
(0 -3.0502872e-06 0)
(0 -1.039614e-05 0)
(0 -2.690702e-06 0)
(0 -2.7065919e-05 0)
(0 -3.0525558e-05 0)
(0 -0.00011025658 0)
(0 -4.6560606e-05 0)
(0 -9.9835222e-05 0)
(0 -0.0001288998 0)
(0 -4.9653971e-05 0)
(0 -0.00011807517 0)
(0 -0.00016248537 0)
(0 -6.9639489e-05 0)
(0 -0.00014918046 0)
(0 -0.00024327042 0)
(0 -9.8185388e-05 0)
(0 -0.00022041157 0)
(0 -0.00055085129 0)
(0 -0.00058022618 0)
(0 -0.00050322595 0)
(0 -0.00091028161 0)
(0 -0.0008051561 0)
(0 -0.00088333647 0)
(0 -0.0009830178 0)
(0 -0.0008446964 0)
(0 -0.00096472155 0)
(0 -0.0010183153 0)
(0 -0.00086121883 0)
(0 -0.0010039467 0)
(0 -0.0010392095 0)
(0 -0.00087065771 0)
(0 -0.0010268881 0)
(0 -0.0010525927 0)
(0 -0.00087657847 0)
(0 -0.0010414637 0)
(0 -0.0010616712 0)
(0 -0.00088053748 0)
(0 -0.0010512968 0)
(0 -0.0010680836 0)
(0 -0.00088330605 0)
(0 -0.0010582175 0)
(0 -0.0010727454 0)
(0 -0.00088530455 0)
(0 -0.0010632345 0)
(0 -0.0010762157 0)
(0 -0.00088678304 0)
(0 -0.0010669434 0)
(0 -0.0010790821 0)
(0 -0.00088795702 0)
(0 -0.0010697146 0)
(0 -0.0010835104 0)
(0 -0.0008948169 0)
(0 -0.0010717879 0)
(0 -0.0010837832 0)
(0 -0.00089530546 0)
(0 -0.0010733224 0)
(0 -0.0010835382 0)
(0 -0.00088992047 0)
(0 -0.0010744248 0)
(0 -0.0010867931 0)
(0 -0.00089620847 0)
(0 -0.0010751655 0)
(0 -0.0010882716 0)
(0 -0.00090201055 0)
(0 -0.0010755882 0)
(0 -0.0010833841 0)
(0 -0.00089511768 0)
(0 -0.0010757147 0)
(0 -0.0010854723 0)
(0 -0.0008950471 0)
(0 -0.0010755471 0)
(0 -0.0010829275 0)
(0 -0.00089582384 0)
(0 -0.0010750666 0)
(0 -0.0010852422 0)
(0 -0.00090001631 0)
(0 -0.0010742298 0)
(0 -0.0010774958 0)
(0 -0.00088881301 0)
(0 -0.0010729594 0)
(0 -0.0010789171 0)
(0 -0.00088819141 0)
(0 -0.0010711271 0)
(0 -0.0010780922 0)
(0 -0.00089340603 0)
(0 -0.0010685186 0)
(0 -0.0010698136 0)
(0 -0.00088478354 0)
(0 -0.001064762 0)
(0 -0.0010618445 0)
(0 -0.00087609355 0)
(0 -0.0010591598 0)
(0 -0.0010582022 0)
(0 -0.00087961399 0)
(0 -0.0010502272 0)
(0 -0.0010433458 0)
(0 -0.00087581303 0)
(0 -0.0010339529 0)
(0 -0.0010048894 0)
(0 -0.00086169227 0)
(0 -0.00099338107 0)
(0 -0.0009014634 0)
(0 -0.00079968933 0)
(0 -1.8625479e-05 0)
(0 -9.3511525e-06 0)
(0 -2.0833389e-05 0)
(0 -8.4056125e-05 0)
(0 -1.3526649e-06 0)
(0 -1.3029552e-06 0)
(0 -2.141176e-06 0)
(0 -2.4312164e-06 0)
(0 -2.5513388e-06 0)
(0 -2.763154e-06 0)
(0 -5.2101073e-06 0)
(0 -5.2997292e-06 0)
(0 -2.5805184e-05 0)
(0 -2.6824715e-05 0)
(0 -2.4337922e-05 0)
(0 -5.6641362e-05 0)
(0 -4.5512245e-05 0)
(0 -5.1831279e-05 0)
(0 -6.7105494e-05 0)
(0 -5.8433086e-05 0)
(0 -0.00016501095 0)
(0 -0.00014086991 0)
(0 -0.00090031018 0)
(0 -0.00090160501 0)
(0 -0.00090188318 0)
(0 -0.00090030553 0)
(0 -0.00089550189 0)
(0 -0.00089964924 0)
(0 -0.00089795526 0)
(0 -9.2899563e-06 0)
(0 -9.4114606e-06 0)
(0 -2.1459994e-05 0)
(0 -2.5661107e-05 0)
(0 -1.080773e-06 0)
(0 -1.2648784e-06 0)
(0 -1.2967601e-06 0)
(0 -1.1037467e-06 0)
(0 -1.5490796e-06 0)
(0 -2.0816071e-06 0)
(0 -2.0122526e-06 0)
(0 -2.1655154e-06 0)
(0 -2.9456192e-06 0)
(0 -3.9255298e-06 0)
(0 -4.0387768e-06 0)
(0 -4.2324446e-06 0)
(0 -4.3347992e-06 0)
(0 -4.6157153e-05 0)
(0 -4.1925706e-05 0)
(0 -9.5245975e-05 0)
(0 -6.3014811e-05 0)
(0 -0.0001107671 0)
(0 -0.0005104728 0)
(0 -0.00073416467 0)
(0 -0.00079486387 0)
(0 -0.00082264298 0)
(0 -0.00083907176 0)
(0 -0.00084936229 0)
(0 -0.00085751454 0)
(0 -0.00086317165 0)
(0 -0.00086795148 0)
(0 -0.00087139794 0)
(0 -0.0008744429 0)
(0 -0.0008767004 0)
(0 -0.00087875822 0)
(0 -0.00088031441 0)
(0 -0.00088176441 0)
(0 -0.00088287639 0)
(0 -0.00088392839 0)
(0 -0.00088474278 0)
(0 -0.00088552093 0)
(0 -0.00088612653 0)
(0 -0.0008867082 0)
(0 -0.00088716139 0)
(0 -0.00088759668 0)
(0 -0.00088793442 0)
(0 -0.00088825666 0)
(0 -0.00088850364 0)
(0 -0.00088873518 0)
(0 -0.00088890789 0)
(0 -0.00088906349 0)
(0 -0.00088917257 0)
(0 -0.00088926139 0)
(0 -0.00088931294 0)
(0 -0.00088933956 0)
(0 -0.00088933583 0)
(0 -0.00088930067 0)
(0 -0.00088924012 0)
(0 -0.00088913928 0)
(0 -0.00088901618 0)
(0 -0.00088884056 0)
(0 -0.00088864374 0)
(0 -0.00088837721 0)
(0 -0.0008880877 0)
(0 -0.00088770343 0)
(0 -0.00088728982 0)
(0 -0.0008867432 0)
(0 -0.00088615212 0)
(0 -0.00088536585 0)
(0 -0.00088450119 0)
(0 -0.00088333101 0)
(0 -0.00088200158 0)
(0 -0.00088014288 0)
(0 -0.00087789759 0)
(0 -0.00087453646 0)
(0 -0.00086973825 0)
(0 -0.0008599208 0)
(0 -0.00082939077 0)
(0 -9.4398844e-06 0)
(0 -2.4818321e-05 0)
(0 -1.8313704e-05 0)
(0 -8.7652734e-05 0)
(0 -4.0538394e-06 0)
(0 -4.1942428e-06 0)
(0 -4.9532122e-06 0)
(0 -8.749679e-07 0)
(0 -1.402324e-06 0)
(0 -5.3279251e-06 0)
(0 -5.5437887e-06 0)
(0 -1.2227356e-06 0)
(0 -2.2322032e-06 0)
(0 -5.996768e-06 0)
(0 -7.0262381e-06 0)
(0 -2.2839504e-06 0)
(0 -7.2938334e-06 0)
(0 -1.0113073e-05 0)
(0 -3.0485844e-06 0)
(0 -1.0396028e-05 0)
(0 -2.6865972e-06 0)
(0 -3.049307e-06 0)
(0 -3.9503078e-06 0)
(0 -2.7084617e-05 0)
(0 -3.0538317e-05 0)
(0 -0.0001103405 0)
(0 -4.6603183e-05 0)
(0 -0.00010015936 0)
(0 -0.00012889873 0)
(0 -4.9618007e-05 0)
(0 -0.00011815627 0)
(0 -0.00016247991 0)
(0 -6.9590965e-05 0)
(0 -0.00014931 0)
(0 -0.00024329158 0)
(0 -8.3436941e-05 0)
(0 -9.8289213e-05 0)
(0 -0.00022104868 0)
(0 -0.00055160901 0)
(0 -0.00050323942 0)
(0 -0.00090893288 0)
(0 -0.00088347728 0)
(0 -0.00098094675 0)
(0 -0.00096489935 0)
(0 -0.0010159386 0)
(0 -0.0010041416 0)
(0 -0.0010366617 0)
(0 -0.0010270937 0)
(0 -0.0010499378 0)
(0 -0.0010416763 0)
(0 -0.0010589447 0)
(0 -0.0010515144 0)
(0 -0.001065307 0)
(0 -0.0010584386 0)
(0 -0.0010699325 0)
(0 -0.0010634582 0)
(0 -0.0010733709 0)
(0 -0.001067169 0)
(0 -0.0010759192 0)
(0 -0.0010699417 0)
(0 -0.0010757204 0)
(0 -0.0010720161 0)
(0 -0.0010789107 0)
(0 -0.0010735514 0)
(0 -0.0010802982 0)
(0 -0.0010746544 0)
(0 -0.0010787241 0)
(0 -0.0010753955 0)
(0 -0.0010785822 0)
(0 -0.0010758184 0)
(0 -0.0010800104 0)
(0 -0.001075945 0)
(0 -0.0010791032 0)
(0 -0.0010757773 0)
(0 -0.0010781448 0)
(0 -0.00088785609 0)
(0 -0.0010752966 0)
(0 -0.0010775476 0)
(0 -0.0010744593 0)
(0 -0.0010795987 0)
(0 -0.00088924665 0)
(0 -0.0010731883 0)
(0 -0.0010750578 0)
(0 -0.0008883637 0)
(0 -0.0010713549 0)
(0 -0.0010735629 0)
(0 -0.0010687451 0)
(0 -0.0010708333 0)
(0 -0.0010649866 0)
(0 -0.0010664633 0)
(0 -0.00089131027 0)
(0 -0.0010593815 0)
(0 -0.0010565174 0)
(0 -0.0010504445 0)
(0 -0.00104069 0)
(0 -0.0010341629 0)
(0 -0.0010028228 0)
(0 -0.00099356694 0)
(0 -0.00090109576 0)
(0 -0.00079917024 0)
(0 -1.8625134e-05 0)
(0 -9.3497412e-06 0)
(0 -8.9653837e-06 0)
(0 -2.0825296e-05 0)
(0 -8.4054739e-05 0)
(0 -9.3648094e-07 0)
(0 -1.3499438e-06 0)
(0 -9.0478148e-07 0)
(0 -9.9617681e-07 0)
(0 -1.3063771e-06 0)
(0 -2.4294771e-06 0)
(0 -2.1396688e-06 0)
(0 -2.5498739e-06 0)
(0 -2.7619548e-06 0)
(0 -5.1991183e-06 0)
(0 -2.9113099e-06 0)
(0 -5.29666e-06 0)
(0 -4.0068818e-06 0)
(0 -1.7054029e-05 0)
(0 -1.6297713e-05 0)
(0 -1.9682193e-05 0)
(0 -1.8529742e-05 0)
(0 -2.5791284e-05 0)
(0 -2.6893673e-05 0)
(0 -2.4677124e-05 0)
(0 -5.6603089e-05 0)
(0 -5.1845775e-05 0)
(0 -4.5528016e-05 0)
(0 -6.708565e-05 0)
(0 -5.9921619e-05 0)
(0 -0.00016578009 0)
(0 -0.00014737423 0)
(0 -0.0001202742 0)
(0 -0.00014079884 0)
(0 -7.28298e-05 0)
(0 -0.00088734993 0)
(0 -0.00088784462 0)
(0 -0.00089752167 0)
(0 -0.00088887101 0)
(0 -0.00088659184 0)
(0 -9.4071033e-06 0)
(0 -9.2880077e-06 0)
(0 -8.96896e-06 0)
(0 -1.6970756e-05 0)
(0 -2.5656505e-05 0)
(0 -2.1451745e-05 0)
(0 -1.2646765e-06 0)
(0 -1.0805948e-06 0)
(0 -8.8182575e-07 0)
(0 -8.9678155e-07 0)
(0 -1.1035842e-06 0)
(0 -1.2966419e-06 0)
(0 -1.6284681e-06 0)
(0 -2.0105229e-06 0)
(0 -2.0779055e-06 0)
(0 -2.1647005e-06 0)
(0 -3.9174343e-06 0)
(0 -2.9426636e-06 0)
(0 -4.0374456e-06 0)
(0 -4.3327415e-06 0)
(0 -3.2700801e-05 0)
(0 -4.6138228e-05 0)
(0 -4.2115159e-05 0)
(0 -4.2472576e-05 0)
(0 -9.5213694e-05 0)
(0 -8.5616104e-05 0)
(0 -6.3173017e-05 0)
(0 -0.00011077764 0)
(0 -0.00073325503 0)
(0 -0.00051017017 0)
(0 -0.00082164253 0)
(0 -0.00079391127 0)
(0 -0.00084835077 0)
(0 -0.00083807652 0)
(0 -0.00086215801 0)
(0 -0.00085650864 0)
(0 -0.00087038417 0)
(0 -0.00086694214 0)
(0 -0.00087568692 0)
(0 -0.00087343221 0)
(0 -0.00087930128 0)
(0 -0.00087774697 0)
(0 -0.0008818636 0)
(0 -0.00088075293 0)
(0 -0.00088373027 0)
(0 -0.00088291684 0)
(0 -0.00088511427 0)
(0 -0.00088450936 0)
(0 -0.00088614932 0)
(0 -0.00088569664 0)
(0 -0.0008869225 0)
(0 -0.00088658515 0)
(0 -0.00088749185 0)
(0 -0.00088724515 0)
(0 -0.00088789619 0)
(0 -0.00088772368 0)
(0 -0.00088816095 0)
(0 -0.00088805199 0)
(0 -0.00088830138 0)
(0 -0.00088824988 0)
(0 -0.0008883243 0)
(0 -0.00088832803 0)
(0 -0.00088822862 0)
(0 -0.0008882891 0)
(0 -0.00088800469 0)
(0 -0.00088812766 0)
(0 -0.00088763225 0)
(0 -0.00088782885 0)
(0 -0.00088707621 0)
(0 -0.00088736538 0)
(0 -0.00088627832 0)
(0 -0.00088669147 0)
(0 -0.00088514064 0)
(0 -0.00088573104 0)
(0 -0.00088348979 0)
(0 -0.00088435344 0)
(0 -0.00088099038 0)
(0 -0.00088231823 0)
(0 -0.00087688754 0)
(0 -0.0008791298 0)
(0 -0.00086873074 0)
(0 -0.0008735232 0)
(0 -0.00082844309 0)
(0 -0.0008589099 0)
(0 -9.435653e-06 0)
(0 -1.6538304e-05 0)
(0 -2.4815032e-05 0)
(0 -1.1468541e-05 0)
(0 -8.9425326e-06 0)
(0 -7.3797485e-06 0)
(0 -0.00026391 0)
(0 -0.00024327834 0)
(0 -1.1781175e-05 0)
(0 -0.00015166258 0)
(0 -0.00089564948 0)
(0 -1.4561273e-05 0)
(0 -1.6448415e-05 0)
(0 -1.2716299e-05 0)
(0 -1.4560031e-05 0)
(0 -1.2715642e-05 0)
(0 -8.4896175e-06 0)
(0 -1.0794834e-05 0)
(0 -9.1595766e-06 0)
(0 -8.489222e-06 0)
(0 -9.1593542e-06 0)
(0 -1.1233843e-05 0)
(0 -1.0166275e-05 0)
(0 -1.3125925e-05 0)
(0 -0.00028824075 0)
(0 -0.00033505519 0)
(0 -0.00037180749 0)
(0 -0.00030983457 0)
(0 -0.00026704354 0)
(0 -0.00034509154 0)
(0 -1.3036189e-05 0)
(0 -0.00018845582 0)
(0 -1.4942191e-05 0)
(0 -1.6868664e-05 0)
(0 -0.00017266702 0)
(0 -0.00021945094 0)
(0 -1.1233716e-05 0)
(0 -1.0166195e-05 0)
(0 -0.00028823758 0)
(0 -0.00033506302 0)
(0 -0.00030992381 0)
(0 -0.00026711265 0)
(0 -1.3036271e-05 0)
(0 -0.00018848949 0)
(0 -1.4942241e-05 0)
(0 -0.00017271258 0)
(0 -0.00090517056 0)
(0 -0.00095308932 0)
(0 -0.00095983406 0)
(0 -0.00090518063 0)
(0 -0.00095314808 0)
(0 -1.4071512e-05 0)
(0 -8.3882006e-06 0)
(0 -1.2801179e-05 0)
(0 -1.1353855e-05 0)
(0 -1.023886e-05 0)
(0 -9.2563897e-06 0)
(0 -0.00028976722 0)
(0 -0.00032076859 0)
(0 -0.00026904189 0)
(0 -0.00029640823 0)
(0 -1.3122406e-05 0)
(0 -1.4439502e-05 0)
(0 -0.0001904565 0)
(0 -0.00016902942 0)
(0 -0.00089421472 0)
(0 -0.00096033137 0)
(0 -7.3800105e-06 0)
(0 -8.9426111e-06 0)
(0 -1.1469313e-05 0)
(0 -1.1781124e-05 0)
(0 -0.00015162721 0)
(0 -0.00026390727 0)
(0 -0.00024321057 0)
(0 -0.0008956247 0)
(0 -7.3794966e-06 0)
(0 -8.9424661e-06 0)
(0 -1.1467775e-05 0)
(0 -1.1781249e-05 0)
(0 -0.0001516981 0)
(0 -0.00026391326 0)
(0 -0.00024334564 0)
(0 -0.00089566571 0)
)
;

boundaryField
{
    inlet
    {
        type            fixedValue;
        value           uniform (0 0 0);
    }
    outlet
    {
        type            fixedValue;
        value           uniform (0 0 0);
    }
    bottomWall
    {
        type            fixedValue;
        value           uniform (0 0 0);
    }
    topWall
    {
        type            fixedValue;
        value           uniform (0 0 0);
    }
    front
    {
        type            empty;
    }
    back
    {
        type            empty;
    }
    cylinder
    {
        type            fixedValue;
        value           uniform (0 0 0);
    }
    beam
    {
        type            fixedValue;
        value           uniform (0 -0.001 0);
    }
}


// ************************************************************************* //
