/*--------------------------------*- C++ -*----------------------------------*\
| =========                 |                                                 |
| \\      /  F ield         | OpenFOAM: The Open Source CFD Toolbox           |
|  \\    /   O peration     | Version:  2512                                  |
|   \\  /    A nd           | Website:  www.openfoam.com                      |
|    \\/     M anipulation  |                                                 |
\*---------------------------------------------------------------------------*/
FoamFile
{
    version     2.0;
    format      ascii;
    arch        "LSB;label=32;scalar=64";
    class       volScalarField;
    location    "0";
    object      aspectRatio;
}
// * * * * * * * * * * * * * * * * * * * * * * * * * * * * * * * * * * * * * //

dimensions      [0 0 0 0 0 0 0];

internalField   nonuniform List<scalar> 
112699
(
4.08939
4.87654
4.09495
7.80624
4.30693
5.09485
4.11275
4.98218
5.25324
4.04427
6.39237
4.37961
9.10876
6.71717
7.42778
4.2104
4.29427
7.05236
4.1004
6.04887
4.27732
5.72533
8.10201
6.74106
3.89035
4.06939
8.27722
5.45935
4.53403
4.18437
4.5371
8.14732
4.80375
4.15044
4.22732
4.80489
4.07455
7.22493
6.96332
9.5923
3.98973
4.83992
6.71145
4.92454
3.93591
7.26201
5.77004
4.22125
3.93072
4.0775
4.61669
4.67376
6.12095
6.30756
7.81623
4.41754
4.21646
6.00782
6.5906
4.38469
3.96503
4.1643
8.69629
4.14217
3.75996
8.17786
4.02224
4.02154
4.29171
4.83317
6.19702
4.08875
7.90119
7.2024
5.92501
7.79001
4.32064
5.97464
5.22558
4.10558
4.06559
4.22388
4.78409
4.69334
5.84816
4.36568
4.72056
4.52218
4.94148
4.67034
4.43897
5.82169
4.01938
4.54597
5.91482
8.02136
4.45776
8.26005
4.03166
5.32887
3.90242
5.73373
8.0219
4.59024
4.62009
4.79931
4.90315
9.03787
10.0316
4.16682
6.9756
8.49812
7.60476
4.232
7.89641
4.02191
4.0863
3.99514
4.02616
6.02974
7.08541
7.8661
5.70168
8.71297
5.23251
4.74394
5.25669
4.10295
6.65005
8.15175
4.17661
4.8561
5.91801
5.30235
4.35621
5.06855
8.01848
9.1527
7.96839
8.97341
4.30991
7.57212
4.27638
4.85117
4.1524
7.60429
4.17477
4.08648
4.59972
4.36014
6.89632
4.09276
4.36078
4.05135
5.41725
4.46329
9.82613
4.59552
4.74777
3.92441
4.44584
8.16678
9.51823
4.45858
5.39814
5.52641
5.62578
5.50204
5.38783
4.89818
7.02041
4.11849
3.78635
4.95559
5.04936
6.66231
7.74792
8.86161
4.06004
4.34072
4.46387
4.81554
6.06043
6.62595
4.20486
8.41675
4.08601
4.79629
4.99071
4.08629
4.44866
4.7474
4.59952
3.83406
6.54304
4.95693
7.31853
5.21084
3.95953
8.10076
3.95065
8.31536
4.82551
4.93797
4.10937
4.19277
4.10583
7.7042
7.69414
8.19046
6.60379
5.12322
4.34363
4.50877
4.0374
4.91787
4.35321
5.25595
3.98073
8.68736
4
5.00356
5.94426
8.05779
6.56637
4.18035
6.01235
4.06322
5.71278
4.81533
6.36892
5.67003
8.32818
4.46156
5.19908
7.71647
4.95745
5.76348
3.86952
5.98883
4.38924
3.97469
4.43706
4.40977
5.19775
7.30892
5.25783
4.05621
4.83779
7.53389
4.78874
8.41619
5.17368
4.13591
4.10116
5.60494
4.78081
4.10123
5.2211
7.90607
8.1187
4.00911
3.96717
4.21037
4.15676
7.70931
4.17088
4.46843
7.2707
4.54899
4.35005
5.84671
8.6128
5.00829
7.47759
9.84395
6.56586
6.90987
5.37285
4.37123
5.79602
4.59469
6.76323
3.78776
5.99398
5.5741
4.27168
4.47056
4.17362
4.0046
5.25587
3.98978
3.77365
4.0478
8.93061
6.30134
4.37167
4.07006
4.71598
4.16044
6.50496
5.51786
5.00958
6.83289
4.08824
8
4.03353
5.01584
4.99696
8.71474
4.03563
6.35862
5.69851
9.4645
4.31168
8.10849
8.16295
5.1128
4.94475
4.62834
4.2046
4.24998
4.79021
8.06378
4.42243
4.91677
4.21191
7.87548
9.36831
4.1384
4.0645
4.01515
8.37462
6.75575
5.23679
4.04471
7.87673
5.58138
4.57491
7.69632
4.30241
4.00065
4.12139
4.03463
6.08011
4.28596
4.80677
8.90492
8.14019
5.9076
5.79115
7.36915
6.30393
4.00109
4.86263
7.70669
5.10545
4.47269
4.69159
4.24826
7.65423
4.19528
6.10354
4.10168
4.67389
4.09288
4.7872
6.91695
4.8032
6.99185
4.03457
11.1027
5.19478
4.47929
4.82254
9.96226
4.09266
10.3893
5.11693
4.69708
5.55711
7.35819
7.30524
4.26445
5.05122
4.25344
8.84829
4.63362
7.10294
4.07944
4.30101
7.12513
4.38532
7.4339
5.09651
4.37384
4.23794
7.60269
5.38592
4.25194
4.22299
5.41082
4.83432
7.59862
4.47606
8.30934
4.32823
4.74445
3.96504
7.20406
4.6839
4.59109
4.68681
4.42634
4
7.4624
5.17072
5.19402
4.04582
7.57001
4.17385
4.81785
4.61618
8.65469
4.2276
4.37283
4.26429
7.76579
6.31449
4.0011
4.31875
9.35656
3.98488
4.13686
4.9228
4.73452
3.96838
4.6034
4.76803
4.3531
4.01365
5.62114
6.25715
4.7127
6.74148
4.51632
5.03574
4.55646
8.15285
5.41594
4.82654
4.21185
5.13036
6.99549
5.61309
5.16848
8.14751
4.37371
6.03153
6.94391
7.05069
4.3013
4.28201
4.24218
6.34266
4.31036
4.46861
8.18002
4.24363
5.50446
7.09609
7.50011
5.45741
9.03075
8.22151
5.78591
4.01465
4.54075
6.98957
5.73643
5.30613
6.69939
7.05481
4.63831
3.95566
5.927
8.29641
6.34452
4.2497
7.90877
5.42356
5.45222
3.86681
4.87166
4.02895
4.1367
5.0805
4.69135
3.93682
4.0011
8.27558
5.75058
8.02427
5.4124
4.53679
4.00403
4.01026
4.00985
5.50445
5.55053
3.99518
5.10767
4.17407
4.90398
4.63754
4.51856
4.36269
4.68781
5.83855
6.38323
4.52248
9.04094
4.74043
7.391
4.89681
3.88233
8.76751
6.33677
4.93513
8.43657
4.76953
7.63985
5.75695
4.3817
5.57633
5.37051
4.42601
4.37235
5.89062
4.00421
4.32826
4.00167
3.96358
4.73901
5.60497
4.00111
4.44918
8.45571
3.98321
7.04419
4.42568
4.32285
4.00308
4.06923
4.09493
4.07435
7.02436
5.66169
5.77932
5.25339
4.4335
4.37904
4.01146
4.16414
8
6.75777
4.01246
4.09992
4.00452
4.96992
4.00473
4.13162
8.14368
5.0283
7.50609
4.15013
8.23852
3.99514
4.47475
3.60665
7.19866
4.84101
4.12994
4.2895
5.87711
4.76619
4.2159
4.31899
5.16537
5.34811
4.00776
4.01276
4.00168
10.3802
6.28899
5.85515
9.2332
4.00782
6.97307
4.37239
8.6192
5.33716
4.33755
4.48102
4.89753
7.1881
6.27644
8.23668
4.23224
4.99473
5.04694
8.345
4.47381
5.62485
7.56593
5.99768
4.05142
4.07324
5.71927
4.24458
7.85724
4.00449
4.85384
4.72526
3.98979
7.65132
4.54047
5.49969
5.41492
4.32839
4.81726
4.18904
7.1082
8.27954
4.26641
5.61159
4.62727
4.04122
7.00281
4.61048
7.66616
4.87818
4.11523
5.69306
8.09496
4.18698
4.32364
4.96647
7.36225
4.3519
7.0353
8.23362
4
4.08765
4.60233
4.42386
7.4679
6.28883
4.96418
4.25228
5.98917
4.14478
5.33773
6.09263
3.95008
6.64291
4.68641
5.95928
9.46668
6.27862
6.96446
4.04137
3.9351
4.4495
4.06961
7.89913
4.52075
5.11421
5.08118
4.57863
4.04479
4.5301
4.57685
4.371
4.89587
4.04132
5.89528
4.93271
6.33975
7.33703
4.13702
4.76878
5.02485
4.05981
7.09262
5.93271
5.57614
4.94056
5.30276
5.42561
5.49364
4.95581
7.08086
5.17808
8.44668
4.2525
7.76044
4.30103
4.26423
8.14878
6.02045
4.39926
4.17436
4.53356
4.95374
7.62884
4.09528
4.30079
6.64461
7.77114
4.06364
4.70043
4.96156
4.55807
4.46564
5.46526
5.21875
4.22827
4.03062
4.1351
4.90053
8.19754
5.58129
4.3316
5.74959
4.21231
3.97858
4.20316
5.94402
5.09415
3.95161
4.5172
4.26698
4.19176
4.37014
4.27703
8.26227
5.67984
9.41539
5.18844
4.28555
7.25657
6.31906
6.60504
4.17703
4.62221
4.07646
8.09689
5.23745
7.15819
5.50381
4.19436
6.62908
4.83194
5.51925
4.20271
5.97628
4.04261
4.36797
8.47798
4.34273
5.30874
4.39346
3.90148
5.76685
7.07683
4.71697
8.07496
4.55938
5.09899
4.26923
4.91268
4.82042
4.12252
7.42621
8.18773
8.4353
4.10197
4.62745
8.92988
4.53282
4.55498
4.4159
5.9918
4.15921
4.0563
4.50341
4.0662
7.00517
4.98935
5.76046
9.0513
4.11382
4.47373
4.81833
4.98624
8.11272
7.46037
4.39787
5.06785
7.83877
7.16145
5.11778
4.41247
4.18015
4.52465
5.58925
5.59239
7.21379
3.85346
4.31932
4.12214
6.92234
4.16454
6.25471
5.32684
8.12608
7.16658
6.65897
4.77331
4.88203
5.61202
6.09578
5.66643
5.60105
3.9256
7.62618
4.33208
4.19824
5.20009
4.40418
7.03295
4.55195
8.40553
7.29925
4.6383
4.17822
4.81536
6.61403
4.82628
4.18602
4.9491
4.39984
7.18006
8.10919
4.22625
4.30564
3.88034
5.05285
8.21485
6.44114
4.80189
5.92191
8.58214
4.19721
4.38426
7.06458
4.61523
7.18957
5.94529
6.63469
7.4078
5.98342
5.9023
4.72634
4.44647
10.8376
4.00981
7.22166
7.64194
4.5209
5.66008
4.01026
6.40739
5.00559
5.87868
3.98919
7.25047
3.99528
6.60008
4.39321
4.83399
4.00609
4.37897
4.05229
5.68117
4.15964
4.2523
4.72727
4.16774
4.04271
4.30986
3.79581
5.09551
4.75149
5.91943
5.51377
5.22582
6.9198
4.06152
4.78446
8.69076
5.81803
9.5972
8.15105
5.93249
5.03252
4.18602
4.17751
11.5585
4.46228
5.3231
4.42397
4.38567
4.70894
4.26837
8.79734
5.51633
4.1528
7.02465
5.28738
5.07863
5.03758
4.23679
4.16925
4.68439
4.47199
5.82854
4.11863
5.21244
4.46115
4.87264
4.35686
4.18104
4.30258
7.60862
4.45559
5.05896
6.22003
7.56338
4.45805
4.88324
5.25417
9.47908
4.88441
6.08452
4.56165
6.07729
7.93637
4.48341
10.1961
9.10291
4.32561
6.02936
8.1857
4.58542
4.12449
4.10078
4.64681
8.53013
8.19751
4.67492
6.71228
4.13636
4.32653
4.09549
7.57617
4.92868
4.04165
3.99239
6.55953
5.21984
8.87122
6.00176
7.23731
6.07422
4.28513
4.84762
5.48517
4.1764
8.3264
4.20622
4.37708
4.41409
5.4323
4.47261
4.67448
5.87641
3.98018
7.27341
8.81423
4.00964
4.41853
4.00438
7.17265
4.47256
6.96924
5.12249
7.79994
3.98978
5.60865
6.25762
4.42087
5.07766
6.45421
7.02993
4.41634
8.07803
5.16135
4.7935
4.3742
7.02625
4.23209
5.96162
5.47668
5.56235
5.31535
3.99452
5.73997
5.17889
3.98043
4.02674
5.33252
5.57344
7.21371
4.09856
5.65033
5.12469
8.63775
4.56882
6.36157
5.73609
4.11073
4.04426
4.4919
4.93489
4.95368
6.96867
8.48761
7.10964
7.00727
7.79948
3.94842
6.47476
9.8621
10.7339
4.15118
9.04336
4.16123
8.2192
5.77916
10.7385
6.09489
4.32657
4.37622
8.57618
5.17369
5.61742
7.60405
4.10168
4.63139
3.98928
4.02976
5.0736
4.51841
4.01528
5.78388
7.32454
4.34958
5.82691
5.29671
4.82141
4.63059
6.22101
8.0253
4.30125
4.66998
7.8492
5.61936
4.59898
4.06704
4.49508
4.9985
5.4532
5.96497
4.40509
4.90002
7.34266
4.71429
4.54168
4.46203
6.28041
4.10591
5.57158
5.22609
8.33621
7.39544
7.79282
4.03522
5.43
4.43798
4.11546
4.38245
6.51961
6.00437
4.21312
4.07074
4.42275
4.54524
4.57842
4.68817
4.12729
4.21585
4.1269
3.99319
5.37083
8.1065
4.54354
4
8.58828
8.79418
12.4671
8.14109
7.44726
4.31071
4.06602
4.58678
5.39348
7.99589
6.05123
4.67681
4.05719
4.36625
5.19064
4.16832
5.75
5.36047
5.04117
7.19331
4.42751
4.63401
4.9436
4.60682
8.52134
4.18705
7.25744
4.85562
4.22243
4.44027
11.5646
4.99167
4.7552
5.51135
4.38335
8.47213
8.56994
4.22153
5.58812
5.91642
5.95821
5.04663
4.76359
10.6595
5.67494
4.63472
5.38647
4.52784
4.74
4.25233
4.27001
4.69985
7.32666
4.23507
3.96197
4.5525
5.15799
4.22447
6.05001
4.43443
5.60525
6.90317
4.69668
4.83832
4.46072
4.26949
6.10659
3.98815
4.34073
4.46267
4.93038
4.9124
6.3289
4.44262
4.85805
5.27811
7.36832
6.14597
7.42787
6.68986
5.80238
5.92227
4.33451
7.22865
6.92984
6.23609
4.61383
6.93265
4.87516
4.63019
4.52213
4.08824
4.08177
4.4978
4.54889
8.49321
4.21634
5.33821
4.37293
4.30579
5.59138
5.02734
4.3591
6.29796
8.67018
4.54439
5.78536
6.61546
4.95572
4.02656
9.74275
4.39302
6.13318
4.44049
6.59742
5.45364
4.43947
5.55859
5.09612
4.72075
4.3979
6.23423
4.98406
4.10826
4.85506
4.19262
4.01684
4.79283
7.84503
7.88829
5.405
4.04832
4.60754
4.46337
8.61461
6.33239
5.04756
6.30967
4.98637
4.48113
4.19099
4.4103
3.96572
4.06585
4.01027
9.4819
5.19441
10.0777
4.77982
4.39339
4.98026
6.54722
4.91811
4.2584
4.2961
8.55096
5.89369
4.45379
4.27067
4.91159
4.4436
4.63558
4.62884
4.0522
5.24633
8.63482
6.92012
4.55279
4.35932
6.84654
6.9271
4.57244
4.01895
3.95636
4
4.25149
4.43629
4.46956
4.88991
5.19532
4.03053
4.17005
3.98738
5.15695
8.06653
4.26591
4.95181
6.14737
4.36316
6.44272
7.15969
4.07761
4.32404
6.16567
7.20656
5.32148
5.91642
10.1837
4.6338
4.52001
6.29237
4.9464
4.91663
4.45156
4.33825
6.85001
7.09876
9.01048
4.97819
5.92831
8.57444
4.31054
4.63649
4.01634
5.45271
4.5287
7.04213
4.08173
4.99647
4.15778
4.40658
8.54422
4.16217
4.12651
4.42788
4.59464
4.22645
4.59773
8.27585
4.3258
5.92255
4.21098
4.0841
7.45742
4.28414
4.62674
5.00162
4.45072
4.58166
4.54954
5.11718
9.24203
4.33588
7.31286
4.77357
4.49991
4.13192
4.17798
4.54544
4.17357
4.62393
4.63202
4.87469
4.56155
4.30738
4.47698
7.38956
4.52935
4.48214
4.25257
4.06568
4.62497
5.18372
9.21303
4.37006
4.20592
4.2062
4.54188
4.12628
4.11039
7.87262
8.44213
6.94774
5.6215
4.09014
4.50985
4.35465
5.72752
4.08669
6.27882
6.88953
8.83368
4.53952
4.24276
4.4057
4.424
4.21522
4.11149
3.96654
4.21306
4.31232
4.80814
7.73676
5.20788
4.41478
7.61204
4.33012
4.26735
4.11427
3.9396
4.52399
4.36198
4.23709
4.19616
4.18789
7.26615
4.42288
7.89383
7.19084
5.81548
4.52954
9.07446
6.84862
4.74704
3.97781
6.77736
5.21464
7.07527
6.45271
8.75125
9.61009
4.64069
4.87098
5.08438
5.3186
7.5539
7.03861
4.42624
8.2669
5.72612
8.35561
5.25165
4.77528
6.04815
4.18777
5.00119
3.93671
5.95031
4.17106
4.7721
4.80981
6.84412
4.51593
4.38886
7.11075
5.18012
5.62866
4.23811
4.43426
5.74169
4.16089
4.26153
4.21078
5.84732
5.34258
4.45174
4.56868
4.42087
4.45981
4.57342
6.46985
5.51098
8.65271
4.2437
4.34
4.46385
4.26346
7.53389
4.13045
4.00228
7.78373
8.6371
4.02957
4.41383
8.23009
9.34858
4.6243
8.36181
4.32125
7.53477
4.14844
4.6443
4.40491
4.29532
4.15808
4.1511
4.63625
4.20358
8.1364
6.91876
7.05165
4.47058
5.09562
4.04788
4.51802
4.28938
5.86218
6.57972
4.13995
4.96761
4.19897
7.77952
9.56111
5.05332
4.577
4.14011
4.2633
4.13206
7.1311
4.03647
4.36586
5.68365
7.51229
4.67021
7.46088
5.48123
5.74488
5.68729
6.24114
7.03363
10.6498
4.04467
8.39969
4.06878
7.49846
4.04731
6.32147
4.04418
4.13003
4.38868
7.22845
5.62646
4.51926
5.29607
4.50603
7.04588
4.16859
4.37597
5.55987
4.04465
5.53809
4.10829
7.62864
4.37578
6.25333
5.093
4.27134
5.11954
4.01565
4.6756
4.16658
4.52245
4.72519
4.81322
4.19581
4.38098
4.17354
7.75303
4.0014
4.00097
4.14948
5.8733
4.27021
5.29584
5.59623
4.59387
8.03608
5.89236
4.35244
4.41316
4.06499
3.78234
4.75546
4.25335
4.03644
8.84491
8.15865
8.6089
4.38618
4.11332
7.87559
5.61489
6.27725
7.03861
4.16279
4.04366
7.9742
7.98425
4.52185
6.33945
4.04236
7.40705
4.10349
4.29859
4.04756
4.16586
4.3589
4.09574
4.16051
4.29942
4.31684
4.32473
4.05796
4.3305
6.86547
4.73155
5.56233
4.02594
5.16661
6.13009
4.23014
4.40653
4.0619
6.04167
7.00402
5.00043
4.06754
4.46367
4.02758
4.40966
5.00908
4.08875
4.07147
9.1696
6.41916
7.16953
4.55648
4.07715
4.31306
4.6179
7.10831
4.27
4.30526
4.40889
4.16238
4.08108
4.33996
5.05172
4.04342
4.68287
4.53612
5.09709
8.14918
4.68863
4.21764
4.17667
4.59035
7.59809
4.04142
4.51556
4.43963
4.12314
7.95051
7.40284
4.04517
8.28562
4.17969
4.15179
9.2977
4.53529
5.15025
4.18819
5.01632
6.79368
5.8061
5.91864
4.18929
7.03851
4.3116
4.44749
4.0095
8.62767
7.63855
4.13738
6.2967
6.63415
7.36861
5.79765
4.54037
5.0751
4.88202
4.19931
4.32942
3.94227
9.01521
6.73875
5.48437
4.15614
4.77683
5.97263
4.14561
4.03319
4.64188
4.5126
9.33409
4.33718
5.09657
4.54686
4.60124
4.20881
4.12631
5.18864
5.56227
5.05616
6.08182
4.26663
4.5958
5.72789
5.64637
4.1543
4.10148
7.22671
4.4969
4.21583
4.60296
4.84175
9.65299
4.81178
4.00386
4.70826
11.091
4.674
4.17031
4.8873
5.95194
4.43565
9.03906
4.48491
4.16247
5.5534
8.36348
4.61955
4.23429
4.23307
4.14575
7.88556
5.99709
4.07627
4.27562
4.18909
4.01251
5.64138
7.37177
4.7383
5.35377
4.18924
4.22606
5.15478
4.69306
4.40742
4.11605
8.10927
4.65877
10.682
4.83104
4.36538
4.23765
4.65019
4.02493
4.28903
4.71339
6.95275
8.41384
4.2352
5.21136
7.35318
4.72655
5.64272
4.2946
4.29191
5.02016
4.2461
4.18897
4.70123
4.20264
6.90454
4.1082
4.14247
8.6589
4.83734
4.64964
4.19143
4.64929
4.93713
4.63984
6.08822
4.49032
8.90022
4.27512
4.02852
4.21446
4.19683
4.90494
4.54778
4.65331
3.97236
4.02941
7.99149
4.25687
6.66971
4.14789
7.43338
4.31507
6.6623
11.9823
5.08058
4.37563
4.23337
4.07279
4.95744
4.04094
5.36724
6.2353
4.58142
7.24857
7.70533
4.04489
4.2921
4.29495
4.45588
8.31001
7.02214
4.17067
4.08184
4.14774
3.7977
4.4717
8.72699
4.25327
4.49258
4.43856
4.30242
4.64108
5.32441
4.83672
8.07642
4.71388
6.13459
4.60763
4.524
4.3766
4.53806
7.2493
4.89586
4.37437
5.27454
4.43407
6.80484
4.62626
5.49392
4.24649
3.95612
6.13965
5.35666
5.23953
4.3113
4.59283
6.57662
5.77989
7.93019
4.09396
4.61167
5.47483
4.03888
4.5784
5.04323
6.3803
4.56253
4.5471
4.59717
10.212
8.19667
4.92631
4.19676
4.11696
4.05844
6.5346
4.56407
4.04884
4.58277
8.99686
4.32994
4.4912
6.47259
5.46008
4.13021
6.09852
4.93767
8.18413
4.30116
7.46674
4.10893
4.56844
8.47694
4.54983
5.59189
4.06847
5.58906
4.31803
4.4637
5.05419
5.99895
4.1645
4.55421
4.90722
4.5704
4.35357
4.91677
4.53566
4.02786
4.19726
4.54005
4.54466
4.14516
4.26064
4.52091
4.31755
11.1605
7.78877
4.52157
4.44503
11.1223
4.17656
5.49315
4.00997
4.50757
4.12692
4.33623
7.95921
4.0448
4.20667
4.5283
4.49242
4.8746
4.26045
7.10587
4.50326
4.43833
4.50283
4.04003
4.7523
4.47454
4.21839
8.09945
4.00981
4.07341
6.04165
4.23713
4.86863
4.50488
4.64116
4.08089
10.4612
4.05183
4.24446
4.11331
4.4133
4.68284
10.478
4.6991
5.60636
7.7241
7.62703
3.99882
4.05579
4.54308
5.92454
4.13677
4.59028
4.51209
4.79534
4.26136
4.59688
5.52996
3.99231
4.59371
4.88561
8.81071
5.24212
6.01904
5.7664
6.01475
4.47464
4.28736
4.41823
4.40054
5.64366
7.64937
5.02559
4.31657
4.57256
8.61704
7.74917
8.73714
4.29151
4.39719
4.66936
8.49438
4.38231
4.26466
7.5251
7.38747
4.94062
4.01836
5.26403
5.89659
7.48331
8.16046
4.01685
5.96275
4.61968
4.58611
7.46112
3.94085
6.46254
4.40598
4.138
4.47371
7.1141
6.66609
4.24455
4.74722
7.62149
4.5227
4.6758
7.18044
4.57468
4.58215
7.13375
5.27612
6.53021
4.53314
7.88598
4.91281
7.36563
6.95602
4.51607
7.04609
4.49689
4.78666
4.12972
4.20706
7.09799
5.63217
7.13472
4.33611
4.60093
6.4192
5.00761
4.44476
6.81624
7.59606
6.0616
4.08827
4.85075
7.8436
4.59457
7.91681
5.38659
7.71386
5.2184
4.29976
4.26353
8.01949
4.13455
4.63215
8.57792
6.84204
4.0628
4.15372
4.32475
4.90138
4.06675
4.1842
4.09445
4.41384
7.73019
4.2987
4.96663
7.7525
5.13971
7.15755
6.68705
4.59672
4.54131
4.70505
5.86738
4.11371
4.42638
4.59389
4.16507
5.22566
5.02857
10.327
4.47058
4.04276
4.20798
4.79435
6.17227
4.1559
6.18501
4.76453
6.23159
4.70195
6.55934
4.32367
4.17574
7.5317
4.547
8.26318
4.71755
7.94263
8.46193
6.34607
4.71087
6.46469
4.97147
4.64694
4.96557
4.2872
4.5961
4.68539
5.07043
5.6513
11.6408
6.34769
6.55242
8.26317
4.43174
4.48597
4.73627
5.74854
4.76446
4.61244
4.54933
4.04447
4.9166
4.19236
5.53881
6.03108
8.07228
5.42756
4.53219
9.85357
4.60553
4.57953
6.07109
4.54011
4.20926
4.40358
7.15911
4.97826
4.26587
4.26084
6.47662
4.03428
4.50502
8.05121
8.33837
6.55079
4.98727
4.29205
6.17791
7.71177
6.52456
9.23151
5.76404
4.14493
5.59594
4.17713
4.78871
4.19049
7.36063
4.68448
4.8205
4.64327
4.84026
4.28858
4.52164
4.15176
7.21236
4.37854
4.40152
6.94844
8.01528
5.81463
4.63099
4.17139
4.16633
4.4685
7.54961
4.20176
4.6496
5.31195
4.48846
4.58206
8.5621
4.63596
6.35623
4.32045
9.39574
7.99038
5.07841
4.54382
5.75144
5.90709
6.40011
4.07384
4.90534
4.80403
5.22877
4.11173
4.05592
8.61863
4.07779
4.93052
6.07224
5.54337
4.37067
4.11543
5.24976
4.94824
4.3252
8.19026
5.07711
4.47529
4.32414
4.06596
4.64113
8.21058
4.7977
6.18754
4.14444
11.445
4.79511
4.79279
3.99061
5.11117
4.93491
9.08564
8.57227
7.014
5.66952
4.1341
6.00978
4.258
4.38531
4.07318
4.14348
4.52753
5.14098
4.68962
4.38799
6.64318
4.38122
4.58504
5.64619
4.43452
4.5894
4.14419
4.54399
4.59938
4.13965
6.52846
6.01479
6.50994
4.21284
4.1368
7.52615
4.25638
6.13605
4.21928
5.80154
6.1659
8.28918
5.54527
5.09695
8.00753
6.47152
4.14799
4.86943
4.14877
5.14065
7.86143
5.19462
6.476
5.04701
9.71324
4.46585
4.16095
5.49556
4.2109
7.91549
4.28594
9.02033
5.32639
4.34616
6.53324
4.64351
8.65906
7.1339
4.02573
7.78642
4.16455
11.0576
4.23059
4.33236
4.1983
5.33353
5.51331
4.13953
4.33686
4.16917
4.4838
4.2453
4.17405
7.04569
4.49952
5.24249
8.5907
8.26472
6.14006
6.86614
7.60431
4.31463
6.88474
4.25368
5.23906
4.4053
8.52045
4.51442
4.37832
8.96126
4.39199
5.92054
7.27058
4.14196
8.836
4.26547
4.33759
5.65034
4.03001
7.30555
9.10904
4.88327
9.38038
4.1336
7.12222
7.16252
4.15912
4.89712
8.4532
4
4.75534
4.76784
4.55773
4.42881
4.13868
4.44931
7.28722
6.11942
4.61362
4.35219
8.39077
4.21102
6.6526
10.678
6.86073
5.06175
4.24858
4.22375
4.22666
4.14575
4.51144
5.97321
3.99849
8.24428
7.64648
6.00553
7.32936
4.37394
7.11038
4.34577
5.27977
5.30019
5.14358
8.3999
6.76633
6.4364
4.48631
6.35992
6.19748
4.26316
5.12191
4.27907
4.75651
5.0903
6.53943
4.40838
6.23456
4.14105
5.58466
5.71374
5.18043
4.3971
4.31265
4.83629
6.89007
6.45516
4.56162
5.28105
4.03408
6.71117
4.21509
8.62176
5.61981
4.43458
5.83681
5.54368
4.30916
5.35652
4.44141
4.86712
4.20883
4.48369
7.96158
5.76947
4.60679
7.28028
4.16788
4.56201
4.23883
11.0412
8.13243
10.4512
7.86434
4.6457
4.60323
10.208
4.37532
5.2571
4.77122
6.81626
7.50318
5.17428
5.27857
4.54542
4.04674
7.0329
4.30239
4.60546
5.01136
4.89111
5.34226
4.21225
5.66321
5.00634
7.81758
4.29733
7.46825
7.20133
4.1355
4.15866
5.81377
5.03892
4.323
4.54404
4.58445
6.15683
7.24177
4.21061
7.78037
7.41543
4.26769
4.82135
8.93791
6.69889
4.49718
4.52295
4.14445
5.29242
6.74839
4.15132
5.26879
7.08486
4.1513
8.09992
7.51492
5.353
4.46573
6.08143
8.14315
4.12621
4.17334
5.47639
7.50786
7.61055
5.01877
8.41653
4.59367
4.15862
6.14677
4.89827
4.02951
5.17415
5.12603
9.297
4.17897
6.12352
5.21445
4.21121
4.21244
4.25941
4.61141
4.65528
4.93264
4.64843
4.57218
5.47256
4.59989
6.28327
6.16469
4.43441
4.61374
5.14482
4.70233
6.57829
4.38127
5.24319
5.26882
4.18086
4.56748
7.75781
4.97826
4.08204
5.09833
6.80888
4.24664
4.60966
4.59693
5.89028
4.14196
4.10448
5.30821
4.37079
7.64076
7.09585
4.17804
4.14004
4.36534
4.26987
8.32264
7.48059
5.20965
3.95936
6.57678
7.33885
4.9396
4.50237
4.48879
5.01281
8.18117
7.68942
6.41669
4.26078
8.19002
4.09494
11.4833
4.22506
4.20488
4.04536
4.96823
4.21548
5.34179
4.60836
6.66945
5.20492
4.54996
4.65015
11.3081
5.08495
8.60185
4.75494
9.81854
4.42504
6.16503
6.99874
6.57048
6.08849
4.34224
4.32593
7.15679
6.31762
4.99308
4.77059
4.15547
4.00712
7.14957
4.93543
4.2729
4.13959
4.61921
4.49726
4.36897
4.48597
4.57739
8.27721
4.38624
4.35648
4.49548
4.27658
6.83512
6.47151
7.58652
6.46034
6.84443
4.2958
4.07018
4.15809
8.15805
4.0355
4.25025
5.06813
4.16947
4.79169
7.22581
4.22124
5.82082
4.25767
4.60128
4.47415
6.62996
4.65504
4.10733
8.17859
4
4.76958
5.52
6.67401
4.73779
4.16313
4.21859
5.03871
4.49294
4.09931
8.15787
4.22042
4.19919
8.50013
5.25507
4.08745
5.10812
4.26455
6.9017
4.36892
4.51982
6.75151
4.52563
8.03313
4.04677
4.32028
8.40217
6.70721
4.40001
8.00994
5.72785
8.98845
4.28828
5.30679
5.58586
9.06011
8.2473
4.99894
4.19765
4.50548
5.26985
5.40381
4.246
4.24499
3.9594
7.70404
10.2514
5.44217
4.87693
4.4371
4.84412
6.62467
4.16724
4.34615
4.87734
6.3772
4.68724
5.15294
5.32372
4.25691
6.17864
5.69869
7.37027
4.03892
4.13493
5.06179
5.09228
5.68587
4.1686
4.65256
4.81998
6.33994
8.86199
8.65112
4.37709
4.46786
7.55237
4.22075
4.30179
7.0652
4.38228
4.44783
4.4569
4.43297
4.44906
4.45241
4.57471
4.55581
5.68353
4.58689
4.42969
4.38767
5.88961
6.88512
4.0421
4.6352
7.34338
4.28683
6.89324
7.02019
5.32204
5.11386
4.66657
7.06522
5.41811
8.7594
7.42441
9.86168
5.89445
4.26532
6.97786
3.99778
6.761
4.28862
4.77673
5.2119
5.52719
4.33703
6.73524
4.4918
10.7492
4.62512
8.35917
4.53402
6.55568
5.83625
9.52093
4.18153
4.59372
4.32435
4.81484
4.70356
4.40376
6.29616
4.39089
8.97803
4.24769
7.85488
4.44718
6.06161
5.66009
7.03429
4.28806
5.80134
5.70031
4.17293
4.26496
7.40943
10.2511
4.53568
8.0826
4.25564
4.58994
4.17724
5.03599
6.37459
4.4271
4.11862
4.32343
4.16269
4.61078
4.62887
4.17534
4.1913
5.33527
4.23866
8.03109
4.81053
4.60995
5.96611
4.20105
4.13251
5.2898
5.39516
4.25675
4.35532
4.32144
4.42984
4.86139
6.41226
4.40743
7.17221
4.44007
4.2787
5.39684
4.23239
7.24146
5.40193
6.39345
5.58905
4.33896
5.6389
4.22128
4.20437
9.72927
4.89622
5.38915
4.44616
5.09756
5.71141
4.88244
4.29298
6.89433
4.42976
4.52579
11.3915
8.49941
5.59915
5.08263
5.0543
4.94254
4.87329
5.66805
4.7328
5.01092
8.07335
5.03546
5.12849
5.03089
5.67908
4.26947
5.4157
4.14422
4.89095
5.85254
5.82126
4.20734
5.0333
4.75848
4.6405
4.15571
4.43743
4.72045
5.29186
6.25949
7.0299
4.20486
4.72207
4.59334
5.97994
8.79719
6.68563
4.40167
4.89015
4.26022
9.85057
4.19903
5.71518
4.40634
6.83155
4.15194
3.99528
4.3288
4.55169
4.97091
6.29833
6.34842
4.19238
4.87101
8.76526
8.22137
4.07701
4.09468
4.15892
4.13929
5.11748
7.37222
6.10306
4.47343
5.42792
5.08203
4.50572
4.50811
4.47943
4.47869
4.45491
7.93831
4.81404
4.19449
4.47205
4.42503
4.32209
4.95221
5.88467
4.24879
4.07285
6.16395
9.34298
4.91872
4.85783
9.25915
5.8301
6.67989
7.0519
4.04596
4.50873
5.30718
5.50822
6.47086
5.48886
4.6652
4.25626
8.04755
5.12123
5.79014
5.04342
5.10412
5.74779
4.38557
7.731
4.273
6.23289
4.87124
4.20475
4.34855
4.36442
4.32084
4.23548
4.16983
6.40336
4.52487
4.217
8.4123
4.66527
7.35699
4.60631
4.9771
6.03877
4.5447
8.63119
5.40795
4.19165
4.22434
8.22064
4.10059
8.36794
6.39662
4.86118
4.25069
4.15851
8.24598
7.0885
5.00472
4.18441
4.4106
4.06992
4.64861
4.20895
6.86287
4.15188
4.18967
4.51047
4.60638
4.18866
4.41201
4.84461
4.19122
3.97504
9.22688
6.3182
4.35487
5.17238
7.45968
6.93309
4.10561
4.46296
4.08256
4.13905
5.9346
8.10827
7.09625
5.38372
5.42234
4.17095
5.11951
6.07939
7.28175
4.16916
4.35166
4.3899
5.23447
4.57791
9.5067
4.7516
9.82619
7.33957
7.37359
4.20295
4.59205
5.22076
4.18916
4.65408
4.46917
4.90812
7.33543
4.29056
8.51631
4.73871
4.63056
5.46961
5.16858
6.67691
6.29416
4.18644
4.27676
4.19123
4.5029
5.00042
4.9793
9.04865
5.68081
3.80761
6.54863
6.74144
6.53737
7.18293
4.64723
4.72638
4.65206
4.36858
4.86681
4.47707
5.08136
4.04931
4.46953
4.69853
8.52822
5.06604
5.5237
6.91624
4.33325
4.71492
4.48008
5.37636
4.10193
5.13184
5.81866
4.34653
8.10378
6.4249
8.05025
5.07462
4.294
6.6003
6.20607
6.84602
4.26803
5.00399
5.79208
4.6212
4.3232
6.53331
4.7738
4.61954
6.05144
4.78847
6.17571
7.53248
4.65619
6.196
6.08296
5.2377
5.10153
8.61005
9.11689
8.17452
5.98311
4.24037
4.50904
4.42964
5.56398
4.34253
7.38409
9.89804
5.41011
6.45826
4.19992
4.15791
4.2074
4.41484
4.12602
4.58919
4.60417
4.67559
8.59034
6.42727
5.34542
4.09143
5.75367
6.73262
5.68805
7.6121
4.57188
6.08125
8.69489
4.61284
4.43796
4.35062
4.43676
4.61497
6.96038
5.75943
4.06132
7.88662
5.84869
4.2009
5.98149
4.23519
7.58505
8.28536
5.04212
4.50852
4.60674
6.04701
5.93981
4.33613
5.43539
4.49061
4.51411
4.37451
6.89866
5.0692
4.14711
5.84727
4.28161
4.61403
7.27678
4.27454
7.57105
4.20763
7.24033
4.81316
7.02293
4.87608
9.01941
6.93577
8.69348
4.68781
4.25241
4.83348
4.56064
6.33778
4.98287
4.07464
4.86859
4.8269
8.26961
8.76105
4.79165
9.24807
6.61521
9.30448
4.37803
4.92705
4.32402
6.35779
4.89975
4.74725
4.68689
8.09305
7.37203
4.19951
4.47058
4.18121
4.54409
4.37637
4.64691
4.61797
5.50837
4.70789
4.56329
7.6439
5.19227
4.94294
5.06146
5.85803
5.15055
4.24174
4.88727
5.09692
5.85549
5.40895
7.27768
6.1268
9.90345
4.85444
4.13191
4.01117
4.89118
5.90399
4.32192
4.66325
5.79454
4.0913
5.80992
4.09182
4.42193
5.84196
4.87642
4.47563
4.17888
4.04973
6.51237
6.18252
6.12269
4.81926
4.07413
4.23013
4.33969
7.42375
4.37616
4.77053
4.13873
6.27626
4.42627
4.51562
7.97254
4.23821
6.01466
10.9741
4.22847
4.5116
6.82039
4.49549
6.13067
4.59681
4.15173
4.92143
4.07835
4.70205
4.60883
6.4478
7.00325
4.13085
6.46708
4.28882
4.7835
4.60265
5.38809
4.90645
4.97258
5.16925
4.2599
4.32273
4.0699
4.17218
4.20421
4.72087
4.23754
4.02371
5.24323
4.87609
5.64583
8.15426
4.37336
7.15473
6.05218
4.38799
8.45816
4.76988
5.20323
4.52482
4.24574
7.06912
4.33728
4.44171
5.42487
8.03821
8.23896
5.95344
4.34801
4.36491
4.51272
4.85278
8.10587
4.25433
4.18733
8.6396
4.94841
6.32546
8.46477
4.52763
4.65204
4.21591
4.36515
7.89702
5.09663
11.0698
4.22074
4.20473
4.52876
4.49597
4.8731
4.64704
4.74014
5.29869
7.56647
4.72597
5.18234
7.11187
8.8079
7.83718
4.77836
4.45898
4.10608
7.82126
4.27995
5.16558
4.16493
4.79507
6.25466
4.84432
4.40079
4.8512
4.09676
5.7911
9.05926
6.6835
9.18735
7.41023
5.13641
8.74994
7.27419
4.22904
4.50313
5.75789
4.40595
8.26171
8.75321
8.61798
4.5371
4.72182
4.25848
4.91633
5.64596
4.09563
4.96696
5.83711
7.65822
4.27718
4.98111
4.28485
4.02176
5.90297
7.66401
6.86069
4.69387
4.60817
5.0796
6.01202
9.93637
5.49274
4.28929
6.46298
4.39813
4.87502
4.45475
4.14874
4.34319
5.15351
4.26595
4.33478
6.4457
7.06627
4.61801
7.75164
4.98527
4.23356
4.30553
4.35582
4.62042
4.26164
4.50578
4.33546
4.94674
4.43667
5.70662
4.6137
7.14216
5.85403
4.30291
4.21801
6.14186
6.89994
4.23305
4.85371
4.59392
4.61062
7.52673
4.15513
5.08263
7.04899
4.48764
4.83077
4.20732
4.71144
4.41576
4.9069
5.35714
5.60738
5.43964
7.40916
4.12106
8.12967
6.68741
7.21957
4.18783
7.46673
6.90581
5.72874
4.8985
4.83749
8.47605
4.609
5.75229
5.10096
5.3384
4.61815
4.46777
4.24858
4.05219
5.15102
7.13398
3.99905
6.8013
7.65398
7.45732
4.22405
4.26297
5.88656
4.35545
5.67467
4.66306
6.66992
5.00706
4.6783
8.18612
4.4911
4.58098
4.66614
5.14457
5.88268
4.83034
4.23098
5.15462
4.29651
4.8245
7.31743
4.25242
5.59418
4.52032
4.22902
5.79128
4.22947
8.28102
8.15191
4.35075
8.03317
5.14145
4.67635
6.53913
4.25083
4.23424
7.5745
7.14022
4.87341
5.12926
5.82261
4.53336
5.09267
4.40488
4.45793
4.26926
8.43718
4.96996
6.69862
4.99456
4.37581
5.52966
4.16513
4.63771
6.67981
5.02978
5.72727
7.96904
6.56097
5.63198
4.70636
4.29517
8.37433
7.16314
4.43125
8.69632
4.70109
8.74557
5.40688
4.35665
4.36662
4.43273
4.13702
4.89492
4.26759
4.14386
4.56778
4.61812
6.46543
5.38956
4.3582
4.49248
4.81502
4.25379
4.29482
6.07487
4.63273
4.23492
5.24356
4.98902
8.03344
5.98202
4.39364
4.1855
4.15937
4.70526
5.25342
8.73385
4.47448
4.2077
8.166
4.31317
4.82996
4.25657
5.91935
3.99017
5.4702
4.29145
4.22749
4.27879
4.8047
4.23398
4.84668
4.14176
4.55997
6.61008
4.47401
6.50246
7.29402
5.61706
4.79368
5.90356
4.73679
4.36492
4.32551
7.58527
8.08195
5.10893
4.44851
9.54309
4.0554
4.08688
7.49241
9.49752
4.44229
7.3384
5.44556
7.22719
4.34827
9.22344
7.60465
4.96249
6.75584
4.59975
6.25537
4.39135
5.14765
4.39372
4.76101
5.43429
7.50626
4.06705
5.15767
7.86099
5.26689
9.89511
5.90247
4.20143
7.86741
4.74561
4.59874
5.23621
9.08062
5.97278
8.22262
5.03987
4.36395
4.32511
4.345
4.46838
7.27684
4.53027
4.74401
4.95045
4.35419
7.31033
6.13191
10.2087
4.7598
4.77358
5.52698
4.2709
8.95815
4.09622
4.32196
4.5099
7.89798
9.55736
4.377
4.29098
4.9209
4.69802
4.4184
5.77141
4.65336
4.56424
6.89518
5.56614
7.08582
5.27285
4.87015
4.84287
4.57876
4.60499
4.57257
7.15174
4.17419
7.74087
4.54682
9.59823
7.72251
4.16254
7.97415
4.46191
4.92826
5.16389
4.12288
6.409
4.14266
8.43755
4.26072
6.84014
6.64608
4.58555
4.11707
8.55898
4.26542
4.33095
5.25171
4.43552
4.34928
5.26398
7.11841
6.39536
7.17245
7.73584
5.04435
4.20558
5.45261
7.35786
4.98604
4.18276
4.55222
7.44168
5.31306
4.14738
4.74133
4.27881
7.01241
5.75771
4.22887
5.26479
7.68194
4.14596
4.07684
7.16362
5.39032
5.07184
5.35778
4.21717
4.50415
4.80171
9.98572
4.24355
5.91921
7.84849
4.62928
4.27487
4.51714
5.14994
4.33203
4.2486
9.65695
4.76628
5.76801
4.64277
4.384
7.4326
6.02637
4.36017
4.80079
4.28418
4.42072
5.87253
4.08962
4.34797
4.35909
5.39554
4.21392
7.23321
5.24001
7.30545
4.69686
5.61853
4.21719
5.01784
7.97439
5.02029
4.23952
4.49391
8.35456
5.11992
5.41225
6.00813
4.38779
8.20452
6.03507
4.27809
7.44416
6.56309
7.77177
4.68933
4.72005
4.75612
6.14069
4.57773
4.66998
5.02495
4.45469
7.72588
4.64804
4.3512
5.73424
5.33097
4.68036
4.22504
4.3857
4.95795
8.67871
4.23526
4.79197
7.48967
5.35584
10.5444
5.00893
4.08215
8.05133
4.26954
5.1475
6.42956
4.27478
4.42849
4.71111
5.19938
5.95495
4.76707
5.06026
4.24191
4.99697
7.96503
6.26252
4.23689
4.37542
4.32529
7.98181
4.83454
5.80734
4.69256
4.2308
4.88487
5.68334
5.48241
4.57156
8.83627
8.59475
5.20606
5.73692
4.77776
5.19406
4.23022
4.41886
5.34423
8.41527
4.24352
4.76375
7.56615
4.17453
4.49859
8.61522
4.21941
4.52259
9.0705
5.3335
4.37702
4.48898
7.40488
5.18295
4.41358
6.252
5.10789
5.26106
7.06603
6.8063
4.50952
6.2999
4.97501
4.65988
5.39377
6.15524
8.07156
5.56234
4.20012
6.75638
6.03022
9.00477
8.21442
4.42644
4.42365
5.92385
4.42023
8.43854
4.29607
4.13162
6.16766
4.79472
8.2842
12.0314
5.44206
4.04305
6.41871
4.80597
4.36805
4.51823
5.02493
4.57097
8.37208
8.58982
4.27746
4.74737
6.28735
6.43802
7.1
7.77346
6.76819
4.3958
4.21292
5.84909
5.11852
4.28775
4.3621
5.9374
4.28302
4.22606
5.45503
7.46127
5.16912
4.93408
8.37987
4.64434
4.33911
4.29222
4.61641
4.90327
4.17355
6.24035
4.6516
4.26157
4.29265
4.36214
4.44286
6.39376
8.14072
4.78507
5.40434
4.98337
4.63309
7.15714
6.03266
4.83556
9.3114
6.3835
7.24915
5.13156
4.4726
5.3472
4.57897
8.00423
4.47881
5.67558
6.49289
4.94075
5.94304
6.14909
4.57675
7.71294
6.7063
4.63259
5.97267
4.93467
4.79737
5.96054
5.25309
8.17373
4.13509
4.27346
4.6529
8.28089
4.44158
6.5174
4.8787
4.45255
4.37356
5.49999
4.21674
4.31843
4.90579
4.4632
4.27737
7.93853
4.30554
4.941
4.70986
7.70173
4.29185
4.5792
4.47745
8.83687
5.28302
4.93359
4.1653
4.06453
4.85994
7.09519
5.73955
4.53798
5.62512
4.078
5.11286
4.03503
5.07604
5.072
4.4956
4.70833
4.49452
4.41794
7.70549
4.35854
8.56082
5.06027
4.84551
4.33491
5.20764
5.79863
8.56982
4.81794
4.55966
4.43349
4.51455
5.65847
4.77162
4.64785
4.8703
4.86488
4.35095
7.45934
7.82802
4.38639
4.8639
5.20019
7.21134
4.65945
9.08576
6.15103
4.37347
4.44645
4.16108
6.06478
4.84839
4.42533
4.30737
4.42677
5.13074
4.25452
5.03555
4.25725
4.90538
4.79637
4.69993
4.62607
3.99529
7.58083
4.09045
5.67527
4.7171
5.02745
18.1771
4.6476
18.1771
4.47686
4.70364
4.75344
4.83815
5.12527
5.81094
6.54364
7.30135
4.39315
7.26613
6.58089
9.59784
4.37494
7.86546
7.8278
7.62532
4.58924
5.20297
6.54351
4.87006
4.78388
4.52017
4.3019
8.21443
6.11759
4.51693
5.33305
4.89598
5.62679
4.42127
7.50261
4.44266
6.24484
4.51141
7.47337
5.20101
8.28774
4.78405
7.1854
4.42786
4.27182
4.411
9.6564
5.62004
4.36567
6.00863
7.14948
5.04573
5.41195
4.86371
4.3851
4.94169
4.63056
5.24421
6.36623
5.02229
4.54311
6.71826
4.25472
5.46117
5.04167
7.82854
8.12427
4.78432
4.1652
4.45048
4.27134
6.70347
4.14104
4.51438
8.23269
4.33465
4.42589
4.58278
5.03165
4.51806
6.55028
4.96596
6.22687
4.81444
4.95728
4.59785
6.72492
8.77349
5.94018
7.50563
5.1717
4.49302
8.45557
6.30576
5.81276
4.52888
4.78948
5.10004
4.02072
5.24886
4.95527
5.54266
4.11435
7.1835
9.7755
5.11359
7.56479
4.56046
8.58852
6.42666
4.95971
9.94187
8.14611
8.39751
4.64754
4.34738
6.60333
7.29881
4.26714
4.64217
10.0126
4.81298
4.86465
4.35293
4.76767
9.16672
4.29409
4.29717
4.20381
4.80784
4.34172
4.88196
4.9298
6.51446
4.89888
4.31903
4.53556
4.4227
7.52549
4.64989
6.08535
5.09964
4.61335
4.47497
4.92183
4.39866
4.26579
4.54142
4.895
4.68798
4.27867
7.70969
4.50133
4.7867
5.01086
4.75281
4.60206
4.27219
4.30195
4.23441
4.30418
9.49515
4.18239
4.30316
6.05867
4.23261
5.46849
5.16196
5.40736
4.37694
4.39792
7.23472
6.99859
4.72136
4.76848
4.3823
7.93118
4.18212
6.76188
7.87775
4.75925
4.33331
4.16703
4.28617
5.75403
4.34543
3.70915
4.85555
9.13043
4.73087
4.01834
4.24111
8.48542
8.44718
4.35099
4.70081
8.55303
4.42261
4.24233
4.74006
4.35816
4.20721
4.72189
4.33651
6.04907
4.20122
5.12069
4.721
9.07014
5.62974
4.15337
11.5938
4.88828
4.69465
4.796
7.80148
4.33525
5.11176
4.73702
4.69136
7.75952
4.75571
4.60263
4.45361
5.26749
8.67582
8.81741
4.66633
4.24958
4.63046
7.68177
4.59106
4.27431
4.65657
6.14902
4.7352
4.17897
4.62027
4.40292
4.5267
4.57579
5.2693
4.6754
6.87063
6.48561
4.48302
4.95776
5.03081
6.59216
6.44915
7.76077
4.65245
4.59511
4.6122
4.22224
5.36593
4.05908
6.96587
5.96853
4.43699
3.9705
4.84785
4.63921
8.48508
4.5584
4.93317
4.62414
4.56649
4.58947
4.5413
4.28192
8.40982
4.58221
4.09487
4.49877
4.36389
4.36766
4.44694
6.43179
6.27413
4.50289
8.99329
4.54355
4.30899
8.61617
7.62513
7.59639
4.33112
6.29723
4.70725
4.12254
4.13496
8.01988
8.75646
4.79255
4.54028
7.13266
11.1068
6.59998
4.59688
5.91772
5.03003
4.69608
4.35205
6.85612
8.18319
4.16487
4.8483
6.16373
5.92344
4.45233
4.41865
4.28861
4.41552
4.65567
9.09326
4.70755
5.20712
4.84286
6.36881
4.70183
4.1965
4.50157
4.40484
8.3054
9.78536
4.53256
4.31695
4.36642
4.20774
4.99745
7.45799
4.97716
4.64536
4.16647
10.7307
4.19955
4.24793
4.40532
5.0792
4.17658
8.12346
5.06886
6.69354
5.04734
4.91825
4.54169
10.5505
4.72017
4.50801
5.92742
5.99264
4.73074
5.25141
4.2082
4.82173
4.57489
4.25056
4.32035
4.72689
4.41481
4.77624
4.71078
8.43646
4.47684
4.3447
4.34292
4.52734
6.03075
6.53324
4.64968
4.77709
5.03852
4.27742
5.18339
4.40153
4.1048
4.55421
6.52308
6.38027
4.88518
4.35915
5.23166
4.3377
4.16815
4.97836
4.47918
6.32976
5.22075
6.13283
5.36763
7.14208
5.44485
4.56958
5.13252
4.66885
4.59753
5.57915
4.6964
4.3682
8.74139
4.6472
5.70682
4.89016
6.16917
6.1613
4.50401
9.1553
8.85267
8.9031
9.05847
4.67472
4.12531
6.17107
7.50662
4.94479
6.26312
8.74472
4.54128
4.16406
5.1542
7.98707
5.21057
4.2667
8.73742
4.93092
4.23188
5.90835
4.93725
4.80868
4.05266
4.46396
4.68664
4.16088
4.66159
5.38052
6.11565
4.33259
7.00978
4.39901
4.96547
4.38174
8.93123
4.12007
4.48044
4.41829
5.20423
9.14517
4.21402
4.42055
5.14112
9.19517
7.29913
4.84504
4.134
4.24051
5.048
4.52841
4.29291
5.00848
4.33108
4.60846
4.70733
4.58128
7.48434
6.26651
4.76643
8.53234
4.30561
5.04129
4.53395
5.27582
4.3339
6.55837
4.30072
4.48066
5.74959
4.79245
4.52104
4.17687
4.59917
4.79798
4.98281
4.2375
5.0452
8.00671
4.2748
4.6175
7.53713
4.99107
5.25223
4.81994
9.06381
4.43635
4.66432
4.78234
8.16182
4.69372
4.29292
6.24248
6.37167
5.04466
4.21173
8.05506
4.43918
5.47015
7.19221
5.09131
4.28934
7.46921
8.36026
5.50324
5.15433
4.13666
5.10334
4.72932
5.94157
9.36249
4.65663
5.28023
12.6231
4.69132
4.38043
4.72036
4.44469
4.62094
9.80064
8.31864
5.87509
4.71834
4.74143
4.36049
4.45441
9.18873
4.19802
6.51571
7.30537
5.81031
7.52576
4.72927
4.5283
4.41724
4.1505
5.44216
4.65852
4.68609
4.13842
4.60387
4.36914
8.3955
5.06979
4.46984
4.36201
4.23939
4.90615
8.83735
5.83061
8.69953
7.47026
7.25748
5.80594
6.44756
4.78563
6.97396
5.28991
5.14345
10.3496
5.03397
8.90388
4.12684
5.04384
4.4582
4.31955
4.49727
5.0259
4.21491
7.96205
4.45771
4.40424
8.94777
5.95173
4.35057
11.6363
4.51029
9.78579
4.38897
4.94164
4.13792
5.6348
4.54146
6.89339
7.57946
8.57945
4.23636
4.28974
4.3476
4.66339
11.5129
4.46519
5.06325
4.10846
9.29656
4.21715
5.03567
5.48607
10.3601
4.49773
4.26699
8.90326
7.21392
4.97366
8.10968
4.64256
4.64402
4.89489
5.4015
7.66527
4.32847
4.89481
4.49535
6.20438
4.1213
4.38645
5.61262
5.77728
4.3602
7.52747
7.14062
5.37257
5.10099
8.14467
5.51946
7.52482
4.43943
8.05708
4.47575
5.20496
4.41379
4.35736
4.2412
8.03597
4.27836
4.81211
4.43019
4.37003
6.20015
4.28686
4.23161
4.19299
4.28469
4.54171
8.1812
4.77462
4.31422
4.79915
4.52203
4.32047
4.21714
4.97039
4.45549
4.54119
7.61171
4.64475
4.73526
4.35094
8.16887
4.37291
4.5789
5.01273
4.53484
5.18584
4.14583
4.33552
8.45112
5.31502
4.28674
11.3471
4.51116
11.3628
4.20483
6.11846
9.58528
5.72036
5.12256
4.10101
5.84756
5.68105
4.33065
8.85382
4.32444
6.54892
5.15587
7.22153
5.07727
5.04481
4.40501
4.19558
7.7617
4.42741
5.29386
5.00691
6.01369
4.64029
4.29126
6.05665
4.96216
4.26419
4.6243
4.42042
5.55671
5.62011
6.19581
5.24219
4.34558
4.35757
5.32753
5.58401
5.84959
4.81491
6.55135
4.90043
5.56691
4.3878
5.63896
5.32975
5.14015
7.44436
4.56173
6.5764
7.80702
4.93003
4.39953
5.75681
5.34531
4.91903
4.51526
4.20434
4.10137
5.9664
9.92358
6.85262
4.38738
4.81425
4.18673
4.75932
4.29139
5.54987
4.28045
5.95768
9.28854
7.58504
4.29622
4.32057
4.14135
8.01875
4.1421
4.80236
4.53736
5.01028
4.4107
4.37903
8.4803
4.26974
7.39871
5.99191
5.23716
4.45939
7.19418
4.36047
4.3987
4.30209
8.03608
4.18598
10.0609
4.30989
4.44142
4.39001
7.99064
4.87611
8.83293
5.96961
6.14929
4.41225
8.86122
8.59783
4.14716
6.62502
5.96003
6.35503
4.66865
4.18958
4.47168
11.5093
10.1615
7.68228
5.72095
4.40614
4.05335
4.24311
4.44248
6.04769
5.47072
5.8786
7.72283
4.46233
5.74348
5.54305
4.2623
6.71907
5.85279
4.50171
5.26521
5.69044
4.97382
5.10133
5.80677
4.54143
4.45362
4.43545
4.28427
4.30076
6.18447
5.02006
5.53857
4.19975
5.14645
5.93027
4.79365
5.98417
4.39695
4.21835
4.5617
5.28653
4.77353
4.54957
7.86593
4.22816
4.62652
4.2454
9.21473
8.06128
4.2592
4.68523
5.1922
7.89026
4.73191
5.71443
7.75911
4.3456
6.69319
8.08975
5.19914
4.13491
4.37756
10.3144
8.78954
4.89002
5.42766
4.20077
7.64206
4.39918
4.69303
6.58073
8.43986
4.87396
4.42186
4.19737
4.44622
4.37322
6.25349
4.86633
8.28801
4.27597
4.7787
4.31978
4.60386
4.95646
4.32836
4.23553
4.55371
4.54136
4.79114
4.40269
4.69187
4.54751
7.69359
10.0359
6.12812
8.58486
7.20645
4.11788
5.53377
4.17112
7.32227
4.17304
4.19324
9.21746
5.35994
4.51765
4.82076
6.01753
5.44667
4.91821
5.51087
5.94392
6.4872
4.42679
5.37564
5.68137
5.95252
4.4255
4.61237
5.43799
4.96993
6.59237
4.82845
4.57541
4.9225
5.24972
4.5926
4.35549
4.21816
4.36455
6.08772
6.09303
5.93407
4.56958
4.44915
4.98206
8.23167
4.08187
7.40824
3.97311
4.44761
7.29413
5.14773
4.33357
5.31874
9.14968
8.15569
5.81246
4.49741
8.61559
6.10172
4.2535
5.00923
5.08993
4.54834
8.66419
5.10835
4.16109
5.37933
7.48937
4.58911
4.1614
4.91562
5.08507
6.16461
5.07092
4.7007
5.82234
4.38335
4.57341
8.07331
4.63241
4.20397
4.75269
4.45752
4.20849
6.49575
7.93832
5.58659
4.23488
5.47573
4.67024
5.16546
4.26419
4.25688
8.6378
6.64493
7.79083
5.18501
4.42011
5.40214
6.57682
4.71316
7.65094
6.60329
7.15648
4.34242
4.26012
5.55146
4.96192
4.46867
9.50564
4.85701
4.96155
8.03803
4.18962
4.36084
5.49243
4.44465
4.25019
5.85454
6.29742
4.53976
7.78703
4.29892
4.99098
7.91573
4.60794
4.83857
4.5595
4.35133
4.71557
5.84836
9.67303
4.37384
4.66606
4.42786
4.86626
5.49202
4.5035
8.44022
5.13892
5.71153
4.38542
4.58075
4.7936
7.5724
4.27246
4.26327
4.50677
5.12616
5.15664
4.17088
7.18192
4.23368
5.13619
4.46571
4.38872
6.39671
7.76088
4.31324
5.75977
4.41854
6.19439
4.64264
4.79422
5.6578
6.7941
4.66073
7.13331
4.27019
4.96824
5.1601
4.38985
5.86186
4.50246
4.86559
6.85367
5.09435
4.46907
4.37388
4.29254
5.05248
5.28797
4.22882
4.41672
4.356
5.75527
4.20704
6.67076
5.07372
4.59429
4.94232
4.444
5.70455
4.35289
7.16855
4.4105
4.38301
4.43363
4.60169
8.75183
4.58564
5.57535
5.00885
4.99379
6.88623
5.02523
4.87002
4.46167
5.07529
4.69845
4.56879
4.99512
8.03072
4.09043
4.21414
5.2298
4.36705
4.38299
4.53795
4.32426
4.54866
4.36499
4.47292
4.47113
4.7175
8.35581
5.08408
4.13159
5.14002
5.57444
4.82506
5.13829
7.14815
5.99019
7.52063
7.74472
4.94941
4.39226
4.78854
5.73096
7.51832
8.23437
4.48578
4.55832
4.49065
7.48906
6.16862
4.24462
4.55198
8.68488
4.38977
4.77143
8.8687
4.20771
4.9441
4.58394
4.38778
5.55345
7.66862
4.69603
7.53316
4.7576
7.06973
5.87247
5.00547
4.38114
4.74698
7.35783
4.58204
4.25673
6.48166
8.04575
5.59789
4.66463
4.5262
4.97939
5.76058
6.10672
4.37833
4.55816
5.26422
4.91505
7.00285
4.9753
5.96535
5.20447
4.21576
5.74381
4.15021
4.70252
4.5635
9.90976
6.99675
5.79247
4.35473
4.43479
7.00622
4.44594
7.74595
4.42924
5.73586
5.79044
7.66616
5.07604
4.36412
4.65693
8.98747
9.76149
5.16273
4.13804
4.60122
4.23759
11.9892
4.28301
4.57112
5.15486
7.45097
4.76096
4.57864
5.53364
5.0628
8.12369
4.60548
4.4976
4.53342
5.19022
4.37298
10.9425
8.89314
4.67016
4.39273
5.03641
4.65374
4.59202
4.41189
6.16148
5.09931
4.60912
4.89316
6.89024
4.83868
5.34336
4.43749
5.85206
4.51532
4.17393
4.93106
4.2123
5.26956
4.92033
7.05406
7.30326
4.43552
8.70497
4.51958
4.11495
6.87927
4.31614
5.93302
4.66802
4.33268
4.33177
6.48612
5.15784
4.15031
7.46028
4.37303
5.70187
6.28828
4.1907
5.01268
4.36029
4.45031
4.29699
5.06934
4.55151
4.32626
5.76137
4.3119
7.66344
4.6499
4.80316
4.53236
5.19274
8.31028
4.41384
4.42492
7.11713
4.28058
4.24394
4.56852
4.26726
5.84259
7.9988
4.32483
8.37979
8.04455
4.88358
5.0146
4.45155
5.42867
4.18333
4.90761
7.1642
4.89215
5.08366
4.50988
7.99028
4.33293
4.94688
4.87824
6.61891
8.42889
7.31092
5.37936
5.50226
5.00161
4.66215
5.67048
4.66024
4.30906
4.41845
7.67207
4.48477
4.08515
6.5198
5.78517
6.87954
4.57007
4.24422
5.9461
5.37266
6.81094
4.95217
7.53158
8.21827
5.80411
5.37592
5.72236
4.56933
4.36294
5.63517
4.40281
5.17538
6.74495
4.44006
4.50665
4.36029
8.09088
5.56622
5.6515
6.27815
5.2358
4.30264
5.80034
4.52841
6.28047
7.98102
5.00969
6.64292
4.54134
4.26567
4.30521
7.63737
6.74296
4.9611
5.54235
4.64787
5.3007
5.81526
6.79146
4.12231
5.10963
4.32253
7.00354
4.21979
6.92674
6.60452
5.21042
8.62162
7.5197
4.32593
4.6583
5.42675
4.45621
5.94035
4.9678
4.13132
4.26201
4.62473
7.13551
4.35359
5.03045
4.31552
8.39343
4.62002
4.29649
5.04687
5.09619
5.08263
5.61089
4.36534
9.44002
5.12986
4.7785
4.32994
4.45381
5.18888
4.28568
5.79076
4.97196
5.65734
4.76268
8.20679
7.02849
4.33024
5.82787
4.63163
7.6591
4.45525
4.74605
7.06133
4.37144
5.77377
6.44499
7.99804
5.16603
4.58657
4.35948
4.75985
6.42899
5.99191
4.41369
6.29951
5.31832
5.2106
8.09839
4.3696
4.30877
5.5638
6.04463
4.48014
4.33575
4.28531
4.36506
4.6925
4.41564
6.80838
4.40514
5.24419
4.25231
6.60806
4.76301
5.1373
4.42296
8.09864
4.45065
4.63871
5.94212
4.31256
5.80905
7.24931
5.92842
9.45642
4.70735
5.06841
5.23614
4.63035
5.23396
4.51824
4.6567
4.3664
5.17498
4.91669
7.70222
6.09903
4.35745
4.76307
6.34651
4.61469
4.40188
5.64455
4.48658
6.1414
9.36474
8.31121
8.46376
8.52113
7.30828
4.92633
5.85096
4.36229
5.25776
6.35585
4.99204
7.79299
9.13458
5.48639
8.42251
5.06031
4.64308
6.36982
5.68084
5.02005
5.03301
7.78748
6.09705
5.69721
9.66731
4.36188
5.62148
5.29614
4.57624
7.61434
6.04694
5.36327
4.60014
10.3657
6.55918
7.46634
4.12431
4.30672
5.51608
4.19685
4.3765
5.39692
6.19051
5.22956
5.04668
4.39365
5.22622
6.92487
4.64407
4.68071
4.30804
4.31531
4.40382
7.4912
4.19331
4.88153
4.60339
7.04793
4.42016
4.76935
5.14076
5.58961
4.2798
8.62665
5.60601
6.05735
4.29969
4.35465
4.36851
7.75352
3.97097
5.17254
4.61226
5.24083
4.96576
4.51831
4.76284
5.15868
5.38426
4.88705
5.89806
8.52651
4.79107
6.33984
5.43357
5.00503
6.92708
9.05759
4.27617
4.46356
4.27384
4.4114
4.94018
4.47405
4.24984
6.95438
4.52603
4.35458
4.67707
4.33346
4.16478
4.46667
8.32258
4.73644
4.4158
4.94014
4.66726
5.04235
5.38744
4.42164
5.08477
4.3233
4.41953
4.65386
4.40841
4.59531
4.2171
5.60282
7.46314
9.96617
4.23031
5.48204
4.70278
6.80104
4.59116
4.6258
7.55523
4.23538
6.35312
5.584
4.55179
7.53811
3.98748
4.54569
7.67028
4.71955
4.37935
4.41289
7.69326
5.22658
5.34337
4.97844
4.51542
6.07132
6.58093
5.01858
4.49475
5.00754
4.52372
11.1793
5.76197
4.58302
9.00663
4.54168
5.45398
6.50653
5.07725
4.35583
6.7351
6.16171
7.81835
4.19723
5.11752
8.93706
8.83227
7.15222
4.0259
6.32287
4.0562
4.96959
4.48536
5.60168
5.63495
5.62722
4.17203
4.59179
8.2201
6.76848
5.60543
4.91923
5.48995
5.06233
4.33529
4.66775
6.19337
4.87455
7.14269
7.12343
7.26505
5.89613
4.77787
4.17226
4.99296
5.25417
5.44959
5.74148
8.64409
4.28642
5.94236
4.29422
7.66463
4.35707
4.50534
4.91813
4.12276
4.80686
4.53267
4.47112
6.24356
5.03723
4.53782
8.98107
5.13687
4.3651
6.38788
6.23494
4.47553
6.10864
4.42531
4.47147
4.54695
4.30384
4.50259
4.91709
5.12005
4.36294
4.26376
4.9152
4.64053
9.6891
4.34204
4.37834
4.88471
4.54603
4.22243
7.6662
10.3687
5.33752
4.53925
6.21464
5.05539
4.45496
6.30671
5.94707
4.91453
6.14294
4.21188
4.39745
4.57576
5.41298
7.83861
4.81821
4.61165
4.49834
10.0933
4.43307
5.10124
4.6776
4.42149
4.65114
7.67874
5.07181
4.91336
5.67423
4.3067
4.57332
4.70106
7.30898
4.55768
4.46784
6.36522
4.59207
4.78407
5.29926
5.03516
5.77518
4.30823
4.72652
7.80916
4.6824
4.15518
7.678
4.75436
5.45175
5.96888
11.5722
4.91065
4.30711
4.28158
4.93913
5.22532
4.47398
5.74535
6.23639
4.32593
4.21069
4.3767
5.19972
4.53497
6.13781
6.8553
5.38803
5.24411
6.63871
5.43417
4.52521
4.34791
4.45832
7.0748
4.37622
8.63163
4.13818
5.19305
4.87834
4.43593
7.18494
4.61991
4.98597
5.1421
5.79122
4.42805
5.07805
4.69006
4.70458
4.41885
5.05569
4.55381
4.43152
4.57029
4.37226
4.56043
4.5218
4.21497
4.71443
4.38057
4.27817
5.58617
4.5608
6.085
5.22656
4.76739
5.57416
6.85703
4.56851
6.27989
4.95305
9.79621
4.71211
5.42312
4.53208
4.51272
5.32676
5.22879
4.49099
6.52813
5.03854
4.56995
4.67903
4.36036
4.36796
6.18492
6.18462
5.02145
7.70046
4.61885
4.9222
4.57391
4.44159
4.38266
8.39213
4.49166
5.30838
5.94907
4.49398
4.50031
5.67599
7.48911
4.34279
5.11426
8.39956
4.40719
4.61476
4.37568
4.27051
4.22737
6.04229
5.91511
6.10559
8.7528
5.48087
4.45856
4.93908
5.19113
4.8268
5.97219
5.30434
5.85064
4.99906
4.41482
5.23463
4.24758
12.0016
5.06214
10.4483
4.45545
4.52975
9.85964
6.24308
6.43215
6.53558
4.66351
7.80461
5.26381
4.50324
4.55736
5.428
8.02679
8.25481
4.43643
4.60481
4.33969
4.87534
6.05324
4.12147
4.56429
4.99039
4.55816
4.60113
8.05288
11.2323
4.24945
4.23914
4.40227
5.50619
4.59322
4.97119
4.26743
4.20372
7.12756
7.55524
4.51888
4.3772
5.24101
4.06013
7.41829
4.80255
4.50986
4.86169
5.39997
4.65475
4.23198
4.19796
4.30432
5.4322
4.56684
4.28682
4.52089
5.20944
4.87745
5.64057
7.54114
4.46508
6.72991
5.08114
4.87575
5.40025
4.53164
6.40584
4.43492
5.03687
6.73009
4.97475
5.02579
4.29829
5.09586
4.54514
6.17353
4.32592
4.23939
5.0427
4.14315
4.6217
4.64127
10.0218
4.95835
5.10693
4.5895
4.34712
4.75834
4.44497
4.07679
4.89353
4.74716
4.16079
5.14485
5.22109
5.1188
7.51187
6.12863
4.64642
4.28676
8.06975
4.67584
4.54952
7.42389
4.29883
4.554
5.137
10.0961
8.76727
9.12174
5.12074
4.52734
4.52454
7.79205
8.70573
4.26953
7.55194
4.37478
5.30767
5.93796
5.17785
4.56335
4.08716
4.87091
4.14231
7.69554
6.01644
5.98419
4.37356
4.46155
4.58979
7.4682
6.66387
5.53644
4.57073
4.28379
4.20208
7.13386
6.54095
4.33899
4.24548
5.94365
5.39383
5.35546
8.43567
4.3539
6.52987
9.04719
5.15253
4.77842
4.66053
5.08505
4.36028
6.90182
4.33505
4.72902
4.53373
5.02916
4.41387
4.49601
4.2385
4.14027
4.24743
4.32427
5.15587
4.19607
4.66223
8.94324
4.52468
8.17963
7.1189
4.34291
4.69333
9.52823
4.16135
5.48674
4.44556
6.30977
4.59621
6.80206
4.66425
4.32351
6.61184
6.13493
5.0338
5.49686
6.07217
4.70678
5.10755
4.40367
4.29774
7.98746
5.11712
4.95177
4.22044
4.36451
4.54198
7.13452
4.41474
7.58629
4.56464
4.36994
4.14495
6.17758
5.9434
4.60912
4.80664
5.37753
4.35541
4.54076
4.60084
7.47524
5.13078
5.89204
4.80641
4.50673
6.65141
4.79685
5.82791
7.60116
4.68094
4.27742
4.64178
4.31241
4.57412
4.78298
6.48511
4.91238
8.36843
4.90606
4.07112
4.74193
8.64627
7.34182
8.55015
8.51746
5.34227
4.67791
5.93736
4.14888
6.69374
5.09997
7.0388
9.73011
5.08831
4.60266
5.89493
4.57111
6.06302
5.05612
6.96007
5.03152
10.0725
6.06692
4.48178
5.98389
4.18187
6.69307
6.29575
4.31451
4.13424
4.6518
6.93458
5.82371
4.82833
4.84334
4.98825
4.42644
6.88305
4.34598
4.47709
4.54834
8.08348
4.34887
5.92
5.16761
4.40737
6.22739
6.10789
4.90591
4.51213
5.7098
5.9843
7.74563
4.68834
5.07593
7.72748
4.28199
7.09827
4.80963
6.13857
4.98042
4.36806
4.81813
8.81182
4.40224
4.98157
9.3892
5.88657
4.50383
4.37841
4.5822
4.68514
4.69889
5.67175
4.40225
8.12177
6.08524
4.36337
7.08024
4.21863
5.59334
4.41591
4.02596
6.423
4.63849
4.18074
4.79007
7.56066
5.87376
4.80311
10.1769
6.16669
7.57834
7.95919
5.24305
4.8034
4.17306
7.83841
5.0093
6.45134
6.59438
7.7629
5.7066
4.58057
5.09269
5.67442
4.83593
6.12976
6.75066
6.81711
4.4171
5.32036
6.50344
4.60603
5.9223
6.63257
8.61584
4.61339
5.22516
6.2102
4.28958
5.08594
4.27083
4.88403
5.48435
4.30177
4.51258
10.8308
4.46979
5.84375
4.51102
5.26643
11.8515
4.2697
9.26304
6.17729
4.59897
4.38368
4.47285
4.30151
7.131
4.20531
5.01569
4.52085
9.63154
5.76074
7.20606
4.54509
4.21938
6.3445
4.6048
7.42755
4.87592
4.23659
4.93461
9.26826
4.32231
4.37627
4.5542
5.41169
4.56185
4.37496
5.58597
4.64163
8.40123
4.50323
5.90528
4.48332
5.2489
5.47944
4.76649
4.36482
4.66215
4.92896
6.03287
4.49271
5.6231
8.93338
4.91512
5.71972
5.15685
4.5213
6.55911
8.75647
9.59152
4.70136
6.31068
6.19832
6.14144
8.58776
6.48433
7.80364
4.61864
4.14852
4.49964
4.45242
6.26097
8.26671
4.51779
4.54132
7.13477
7.67405
6.77746
5.4306
4.90406
4.75723
4.80058
5.52516
5.66631
7.47152
7.33082
4.34637
7.06908
4.63232
4.54428
5.26656
4.35243
4.71893
4.30839
4.24718
5.23893
5.57542
6.13226
4.91613
6.58768
8.07076
9.39729
7.06661
4.56681
4.6178
4.44511
8.63062
4.59916
4.85835
4.62844
8.64659
4.33742
4.96585
4.54907
4.65723
5.0647
5.09403
5.29563
5.04253
4.86859
5.63639
4.74285
4.85237
4.56454
4.27863
4.36278
8.60373
7.43945
8.28041
5.25032
4.62338
4.81755
4.19539
4.50568
6.65628
5.81829
4.45049
4.89336
7.13804
4.4437
6.37761
4.41069
5.20004
8.27353
5.54289
4.85335
5.4837
5.07766
4.60261
4.38549
4.51196
5.05275
4.37879
4.81637
4.48384
5.71949
6.29036
8.28441
4.71373
4.30407
6.84051
4.28617
4.17193
6.23848
4.5225
8.18659
4.55065
4.19098
8.53262
7.89098
6.36156
4.40674
4.55013
11.515
4.12189
5.04691
7.69888
6.86644
9.8686
6.68387
5.90749
4.50444
4.25867
5.89083
4.41154
4.49667
6.10645
7.99486
4.22784
4.6416
4.37029
6.15564
4.54221
5.89962
7.15911
4.96345
4.3669
7.46018
4.7673
4.19716
5.18733
4.77655
4.80758
5.74715
4.32376
6.14868
10.2136
5.09529
4.28617
4.22075
4.89627
7.34013
5.90108
4.9605
5.32863
4.39012
5.1066
10.1282
5.71615
4.58522
4.66774
5.39585
4.1319
4.28539
4.90482
6.39438
4.66348
5.98224
5.89607
4.62712
6.45764
4.91706
4.3304
4.5788
4.1334
4.46819
5.98561
5.48254
4.58966
5.62669
4.99315
5.17798
4.57093
6.86343
4.45568
5.04128
5.35074
4.31289
4.90875
7.97418
7.71335
5.12683
7.97073
5.96409
6.70672
4.45526
4.98515
4.27188
5.5578
6.12641
7.47465
4.43048
5.95627
5.21577
4.77503
4.26656
8.53023
4.87852
4.24597
5.10949
9.49669
9.4798
4.70029
4.44557
4.59859
5.50368
5.19996
5.83524
4.3263
8.23557
8.82886
7.15001
4.66196
4.4763
7.66197
6.33758
7.92747
5.44987
5.75908
6.78387
4.53747
4.43745
8.31273
4.40993
6.60364
7.84915
4.38225
5.06038
4.25672
5.33865
4.52282
5.98895
4.50337
4.35531
8.38756
4.57893
5.40345
9.42558
7.00736
4.64823
10.4562
4.57434
4.12565
8.82644
9.70457
6.41278
4.4494
4.47298
5.33932
5.44632
5.98621
4.87778
5.97559
10.294
4.53068
6.00208
4.39266
5.02388
4.58489
5.80516
4.32116
4.45279
5.1902
5.32148
4.36198
6.90824
8.41728
4.89677
5.32149
7.19902
4.89333
4.2502
4.32018
6.71622
4.99515
7.48326
7.86334
5.21159
4.99299
5.75261
7.36062
5.86908
8.68868
4.76469
6.86018
4.83999
6.12351
7.79158
4.57461
7.31723
4.85128
4.1815
4.22804
5.1171
4.17507
5.37132
6.06409
4.33376
5.73584
6.54032
4.78976
7.19357
4.50285
4.16757
4.62903
5.71156
4.82869
4.51966
6.66223
7.45867
4.03047
4.52328
4.47845
6.99768
7.98242
4.93974
4.6164
7.07612
5.00765
8.27133
7.1396
5.4197
4.29607
4.35585
4.58553
4.62207
4.52816
8.93863
5.88042
4.32107
6.8169
5.45625
4.1686
4.66451
10.4856
9.39849
4.57358
4.95517
4.69487
4.40373
4.27968
4.71966
6.72252
4.17527
5.81832
5.56041
7.49864
11.4947
5.6648
4.20933
7.27837
5.61286
5.13758
6.56964
4.79277
7.93631
4.21485
4.64566
4.8654
7.34062
5.35151
4.69205
4.61085
6.30405
4.73113
4.67372
7.63776
5.08617
11.2528
4.64194
4.60237
5.05304
6.90016
4.55838
5.16985
4.42611
6.52867
5.12172
6.02136
6.77153
10.5663
5.69881
4.83764
4.7802
4.41817
4.30209
5.30896
8.40907
4.99559
4.33811
7.03781
8.36561
6.02114
4.51485
7.14728
8.52412
4.57908
8.63119
7.51546
7.44189
4.6196
5.00333
7.97673
5.77427
5.44223
6.79964
5.11332
5.49115
10.6215
4.4198
5.51923
4.29317
4.58594
6.90926
5.09932
7.87922
6.39573
8.93168
10.1749
4.48114
4.48823
7.06628
6.16486
7.15188
4.61413
4.18542
8.70164
6.20105
7.48435
8.69798
6.5879
4.41059
4.43321
5.19789
4.41934
4.55294
4.80052
6.17118
4.30404
9.19221
7.99656
5.22063
6.62088
5.40449
4.41361
6.33662
6.43175
4.57245
5.08846
8.87944
5.88344
4.30325
6.70781
8.63841
4.6535
5.14152
4.986
4.23794
4.70202
4.64467
5.81464
5.30894
4.49974
4.59712
4.88311
6.13072
6.85349
4.83561
4.2285
7.35516
4.51305
4.38233
5.28313
4.46166
4.17405
8.02656
9.4856
9.70542
5.78769
8.77672
4.27119
4.48729
6.4632
4.40253
9.16047
5.91818
8.93267
4.54861
8.93522
8.52648
5.2276
4.50573
4.2283
4.83599
6.47986
6.0523
4.36742
8.59606
7.22523
4.41429
4.64226
6.85853
5.23
6.67739
6.8199
5.00427
4.34468
4.95878
6.88566
8.97191
4.60707
4.67165
4.35196
4.25175
5.73957
4.90608
4.49493
7.47151
9.25953
4.6852
4.74399
4.49419
6.402
5.84425
4.45315
6.71854
4.60564
10.2531
7.44269
5.08654
5.96301
4.67204
4.52192
4.68659
9.78191
5.14544
9.27408
6.46598
4.40895
5.34309
4.40697
4.54485
11.436
4.74704
5.55353
6.88204
5.27358
6.88385
4.62284
5.01269
4.30149
4.91039
4.55584
6.41782
4.48306
8.0541
4.3171
4.23542
4.55462
4.30351
4.19099
7.02018
4.43348
7.9185
4.5635
4.40762
4.20371
4.21203
4.79716
4.83073
9.40867
6.15007
4.83712
5.44405
4.53532
8.44904
4.33057
7.99251
9.44851
6.42761
8.89684
4.50523
4.30175
6.29071
4.07371
8.32251
4.23311
4.51662
4.35601
5.23755
5.40333
5.86357
7.35813
4.18962
4.27673
6.98006
4.24567
9.99805
4.55756
4.46004
4.91123
6.70775
5.92467
6.66955
4.22005
6.30354
5.10955
4.57221
6.32834
6.86049
5.33403
5.89075
4.56352
4.65162
4.32456
4.2887
4.33252
4.66397
4.53596
7.51883
5.58013
8.08589
4.36222
4.245
4.59259
5.84025
6.31584
4.71773
6.00902
8.40329
6.7364
4.20371
5.02533
4.55443
4.99915
4.28012
4.28783
4.77177
7.14157
11.9481
4.25114
4.20395
5.22875
6.39388
4.60258
6.08295
4.85093
4.32755
5.01706
4.62164
8.24172
5.27343
6.6059
4.18941
9.84261
4.09652
8.36117
4.19567
7.24241
5.02138
5.73959
5.75703
4.08854
7.56459
6.39359
4.66253
15.8758
5.49766
4.82149
4.74752
4.49221
4.31917
7.17529
3.92347
4.82992
4.84278
9.37036
4.62551
4.69803
4.60983
4.47121
7.9234
4.72455
4.66719
4.71832
8.37067
6.14185
4.35494
5.17738
4.72524
4.21792
4.56042
4.91353
4.14521
5.83853
4.32141
4.63722
7.42584
7.68954
4.5933
4.89719
5.39993
5.11018
4.75092
4.55748
4.58126
4.69153
11.8018
5.31685
4.30584
4.74559
7.19094
4.78632
7.58083
4.34596
6.90429
4.45052
5.00238
4.88772
4.43023
5.98592
4.41591
5.71264
5.41299
5.16
5.60243
5.62635
7.5502
4.20301
10.6632
6.25223
7.05853
4.44647
4.46758
4.98129
4.23166
5.32574
4.83997
4.58477
4.20304
12.047
5.35958
4.9985
6.44112
4.37199
6.05168
4.56656
4.51962
5.23891
5.75566
4.92397
6.8119
4.33434
4.64692
5.45258
4.44601
4.2023
4.74263
7.30417
7.92668
4.575
6.07036
5.23129
5.84142
4.43189
7.1123
4.91
7.1134
5.04856
4.19617
4.79249
5.98886
4.39716
5.56223
8.39691
6.58679
4.23905
4.4426
5.16965
5.40238
4.70896
4.76571
5.06785
11.0735
6.79434
4.71997
6.74057
4.20829
5.11028
4.51379
5.14511
6.48538
7.34119
4.59618
4.48757
4.68942
4.82409
4.46226
4.8431
4.51876
4.63577
5.12645
4.37944
7.92919
6.53452
5.72054
4.27185
4.20988
4.5508
5.26906
4.68875
4.64272
6.07226
5.18439
13.3786
6.67637
4.66148
5.03319
4.54029
5.94778
6.9459
4.21269
8.77082
5.24249
4.20493
5.17294
6.05054
8.99049
4.67631
4.19054
7.94562
4.84253
5.12703
5.63724
6.61216
8.04899
4.56391
4.57776
4.22305
8.81537
5.08564
12.7398
7.43061
4.66318
4.556
5.08485
4.2179
5.11061
5.45379
5.79914
5.53981
4.88212
6.41536
4.52183
7.36633
6.33129
12.8434
5.63057
4.48442
7.76026
4.38107
8.5509
4.39646
4.13938
4.26284
4.51045
7.68941
5.7573
5.3633
5.62683
5.13094
8.19706
5.66557
4.65643
4.23389
7.3477
4.43147
4.47151
8.37792
5.90419
4.52651
6.75346
5.19711
4.75924
7.16033
7.52719
5.65898
4.47392
6.12176
4.67517
4.7214
5.40966
4.55689
8.94508
5.34935
5.66366
5.25987
9.86223
6.02995
4.39225
4.63214
8.08837
5.98974
7.55499
5.83032
4.67966
4.26567
4.10799
6.43358
4.29112
5.28615
7.927
5.20453
4.63999
8.29691
4.24312
4.56461
5.46746
4.35225
4.4449
8.02862
6.23217
4.56359
8.97476
4.58178
4.84103
4.50206
4.87293
4.41403
5.59484
4.77796
4.69881
4.40202
4.45378
4.47736
4.33559
6.95538
4.71092
4.87506
7.52838
7.79482
6.20741
6.11331
4.27107
7.52166
4.83872
4.26775
4.50831
4.44384
4.2801
8.98051
5.9601
4.46195
4.59188
5.1456
5.76848
4.64964
4.58018
7.46137
4.21593
4.58005
5.40064
5.35913
4.28061
4.47284
5.57834
4.58644
5.9352
6.2453
6.09168
5.14664
9.33672
4.88749
5.21284
4.58693
4.24898
4.18614
9.266
4.93129
8.91028
7.88748
4.80128
5.17671
6.50265
4.59349
4.52679
8.6184
5.0523
4.41272
6.21297
4.53462
4.26339
4.77003
4.88454
7.96418
9.35868
6.87835
7.10192
5.98526
6.0513
4.25848
6.92986
4.41551
4.52677
4.36731
9.73012
6.04562
10.9546
5.39971
4.48706
4.22347
4.21707
6.27032
4.32356
4.77486
5.81974
5.17753
4.31146
5.5826
4.70334
4.7343
8
4.39715
4.44818
5.28151
4.30785
6.59757
4.47564
4.22181
5.77103
4.61012
4.61184
4.3015
8.04266
5.02538
4.69682
4.64283
4.80561
4.51285
4.66814
5.2452
5.35806
7.9505
8.11579
9.23928
4.23887
5.00381
5.56716
4.49207
4.20479
4.81659
4.65769
4.31875
4.30579
5.90946
5.91656
4.35802
10.0913
5.5575
8.23063
8.66536
5.49084
5.11714
4.64612
5.06169
4.59574
4.24646
8.02133
7.18529
7.38733
6.52068
5.70197
8.30712
4.64307
4.33433
4.31241
10.6092
4.61152
4.57647
4.60652
4.31337
5.06121
4.48441
4.58693
8.07841
4.48943
7.32347
4.83327
5.84299
7.79474
4.42581
5.05406
7.53956
4.89119
4.85297
4.36255
4.52492
8.04463
6.69829
4.31765
5.75412
4.39299
4.43335
4.44145
6.8606
5.33365
5.39722
6.31473
5.58292
6.88864
4.63288
10.2131
5.30806
4.29531
4.39419
9.89474
7.60173
5.16704
8.60929
5.97987
4.3417
4.13148
4.29233
4.50427
4.81496
4.51658
4.41741
4.34397
6.7297
4.5698
7.41253
4.10186
5.75549
6.97707
5.02344
7.36998
4.37005
10.0583
5.93941
4.71522
4.73422
4.4079
6.50959
4.55768
4.66379
4.32339
7.79004
4.45647
4.70671
4.61302
4.38622
4.93553
5.04798
4.75204
8.349
7.25558
7.73644
4.40697
4.33487
10.266
4.49153
7.68084
7.72971
4.6243
8.37381
4.56289
4.45761
4.96568
8.12837
5.29587
4.40271
8.38536
8.43084
7.71928
4.34143
4.32982
6.50841
4.5882
4.98063
4.40816
7.25583
5.9
6.35724
4.71423
6.02039
4.49108
4.30795
5.44815
4.63316
5.04593
4.72248
5.00159
4.80709
5.45329
4.26213
5.20031
4.97123
4.4449
4.6072
4.24473
6.59725
5.84733
5.42333
6.33392
4.61874
4.29924
4.25757
7.10564
5.54498
4.30033
5.64088
4.36059
8.33794
5.61201
4.31469
4.68983
4.56454
4.76643
4.57989
5.41102
4.32752
4.5986
4.43055
9.01448
7.86975
9.13025
4.1745
5.15807
7.73922
5.30661
4.21036
4.65824
8.72381
6.66177
7.64301
8.99776
8.4863
5.96395
6.26496
4.56987
4.27196
4.80588
4.25883
4.95147
7.51509
8.85215
4.64688
8.36598
4.93673
4.60796
7.90977
6.13232
4.87082
6.78042
4.86271
8.43139
4.66017
4.39811
6.16067
4.61001
4.61944
5.13985
8.9595
4.48159
5.10622
4.21608
4.65908
4.05546
4.23238
5.78171
7.41504
5.12058
4.98421
6.79518
4.51356
4.58853
6.07804
4.67533
5.1338
7.69025
5.36508
4.726
6.65857
4.42367
4.67888
4.23595
7.37853
4.70051
4.26495
6.04904
5.46714
4.43671
5.54122
6.61836
4.91319
4.49622
5.79143
4.58167
5.43729
4.19246
6.65042
4.42907
4.48717
4.53083
4.42233
5.18027
7.50067
7.89193
4.7158
5.48096
9.0898
7.99633
5.94704
4.24074
5.21995
4.88534
4.43738
4.27635
4.23459
5.08555
5.33559
8.54528
7.75259
4.75042
5.13488
4.56584
4.8604
5.24582
4.51289
10.8222
5.34511
10.5119
5.40669
4.98357
5.18698
5.2548
6.15758
4.4444
4.53824
4.22405
4.41444
4.59696
6.3774
4.45715
7.00696
4.23586
6.54171
7.31828
5.61976
7.38574
9.56202
7.12241
9.35988
4.61819
10.4231
6.06292
4.32826
9.05022
7.60069
5.25925
4.59319
5.00691
4.57615
9.8259
4.60752
7.55021
4.97696
9.51581
5.16278
4.57646
4.48596
6.45049
4.49202
4.59247
5.2969
4.49481
8.6155
4.57148
7.67386
4.36744
4.57775
5.30338
4.52863
4.57975
6.90788
8.03894
4.20379
8.05359
4.25102
4.26026
4.97808
5.21297
4.26562
4.39031
5.16211
4.47951
4.61011
5.12243
4.24003
6.7799
5.39783
4.4258
4.58371
7.38794
7.69294
4.73579
4.38363
8.65411
6.40213
5.72455
7.52329
4.18324
4.67303
6.65008
6.93069
5.01474
6.53236
4.46436
6.6108
5.85626
5.13627
4.28644
6.87063
4.29649
6.19708
8.59755
6.91779
6.23045
4.90745
4.37234
6.31144
8.68105
7.46595
6.59266
7.42122
9.36569
4.75864
7.18945
5.23588
5.61643
8.58714
6.2169
7.53792
7.19666
5.12087
4.24663
6.82973
8.21806
8.78608
4.59067
4.73639
7.90234
7.67472
5.45975
5.40656
5.98295
4.27578
7.188
4.97844
5.31891
4.63743
4.57197
5.69195
9.63554
6.62652
9.32661
4.26527
4.35296
5.09963
4.27461
4.35207
7.86818
8.54469
5.15702
5.43694
8.40162
4.38644
5.21791
4.72743
4.63375
5.28671
4.60696
7.4852
6.14089
4.42985
10.6296
4.54714
4.36857
5.13675
4.95465
5.36344
4.32221
8.9556
4.96079
9.2611
5.66832
5.92921
5.48121
5.44094
4.50642
4.43333
5.30097
6.60926
4.84505
6.20036
4.46247
5.32939
4.27812
4.40014
6.16819
5.25322
4.58924
6.23882
4.44686
5.43776
4.54726
4.51014
4.2052
4.39043
4.76706
4.06205
7.84057
5.08137
4.74893
4.27553
4.74476
5.04907
7.66541
8.64392
4.40158
4.90242
4.68674
4.31138
5.21017
7.72318
7.61205
4.71803
4.65848
4.65809
4.58749
8.85766
4.29275
4.88279
8.95469
4.35285
4.6817
4.51812
7.35197
4.6054
4.28547
4.22812
6.01965
8.97117
4.17481
4.27052
9.58456
7.85993
5.92146
6.401
5.24273
6.54675
5.06854
6.5914
9.11766
6.25218
4.74382
4.28321
7.23343
4.56908
5.15051
7.78709
7.47399
4.28255
4.70309
8.73334
6.13486
10.1062
5.97194
4.60911
7.248
5.37635
8.88453
4.57644
4.62078
4.47696
5.40212
4.35968
8.49852
9.25119
4.4539
4.63237
4.2572
10.532
4.55342
10.8361
4.52219
4.33919
5.27558
4.96285
7.56012
4.63619
6.46025
4.68574
8.80615
4.41974
5.47551
5.21613
4.35902
4.28809
6.41955
4.81133
5.11455
4.36683
5.63115
5.78127
5.1893
10.548
5.38048
9.16804
4.4841
7.4692
5.85382
5.20654
5.35226
6.64505
4.19276
6.52998
9.90474
4.56452
4.89355
5.12809
4.72332
9.79704
8.71578
6.89057
4.91317
4.69406
5.17757
6.01012
4.93877
4.30078
7.08571
4.89746
4.86534
6.43803
8.55411
5.63518
4.59811
5.45646
4.96864
6.39142
4.8217
4.54368
4.69401
8.40328
5.27859
4.38388
5.58867
5.23308
9.66868
4.69083
4.3864
5.80857
5.31123
4.85471
7.69771
8.93708
8.5027
5.12045
4.37786
5.52442
4.54536
9.47211
4.67154
5.77115
4.75933
7.85366
7.49112
6.89151
8.35127
10.2393
4.40502
5.85418
6.45343
8.6768
4.63477
8.04603
6.37858
4.33639
5.39642
7.83057
7.83644
4.58716
5.22306
5.17293
9.33322
5.91814
4.63209
5.91986
5.09476
6.27523
4.01101
5.03786
10.6224
7.17935
4.25385
5.14447
4.70216
4.77442
4.611
4.85662
4.68542
4.96711
5.15819
4.49257
9.45659
5.51499
4.51546
8.38348
10.2736
7.86054
4.14635
8.51856
4.72654
5.39347
6.33824
6.29132
4.61025
4.41297
5.46787
5.14433
4.57842
4.9989
9.17104
5.20523
6.50037
7.69456
6.21979
4.84626
7.6363
4.41076
7.63748
10.6727
4.50148
4.61319
4.84089
8.06153
6.20243
4.3042
4.48029
5.41949
5.28482
4.89545
5.9268
4.5715
5.13913
4.54519
7.89612
6.00244
6.28022
4.53698
4.65758
8.14938
4.63336
4.50033
4.34456
4.81461
4.49163
5.90614
5.94605
6.52366
4.61409
4.37935
4.43195
7.87402
7.25619
5.32723
5.12513
5.88998
8.53105
8.32256
4.27036
5.77893
5.11727
4.79229
7.326
4.58354
7.83922
5.49785
7.62574
8.83562
4.36704
7.61487
4.47328
8.76344
4.1364
4.50744
6.00268
4.26155
4.41931
5.32733
6.73262
4.58787
4.3307
8.26185
4.77332
10.4179
4.76818
10.2756
5.72197
4.6447
6.32108
4.6631
4.61971
4.61931
5.80635
7.75679
5.1131
4.48103
8.85065
5.82199
8.28586
5.1639
4.55048
13.3442
4.80346
8.62136
4.53965
5.44743
7.23713
4.55311
4.58194
4.53296
6.39342
8.12219
4.70947
7.58728
8.65634
5.75173
4.53318
4.51362
4.66997
6.45515
5.87533
4.40502
4.27388
4.7574
6.51488
4.7777
4.64066
5.2348
4.66911
4.78586
6.75382
4.59327
4.26883
8.84029
5.17381
4.69254
6.79422
5.15253
4.27836
8.91925
7.71196
5.41154
4.60723
4.18577
5.13501
6.12145
4.73824
8.57643
4.55824
6.32822
5.03105
5.91944
4.65868
8.72063
4.34296
4.30451
4.72097
5.24178
7.56189
4.69342
5.517
4.85871
8.47719
5.98132
4.40811
4.69231
6.48798
4.35316
8.61208
9.03662
4.38392
5.43709
7.23143
4.95686
4.60792
4.45121
5.93164
4.41192
4.32959
5.23559
8.71014
6.384
6.80808
4.3871
4.73104
6.62259
6.37455
4.40657
7.99496
8.00906
7.59203
5.40623
4.24778
4.98297
4.30999
4.47303
4.38071
5.78944
6.40811
4.99229
8.61519
5.56166
4.30742
4.54463
4.44175
4.49045
5.14838
5.45966
6.53799
4.4636
5.13967
5.42237
5.93813
8.11917
5.33477
4.96455
4.19367
4.54696
8.12538
4.75206
6.85386
8.62032
5.62583
6.27003
4.3652
4.59276
4.39129
4.39546
4.40344
6.46436
5.54871
5.01995
7.03294
5.33706
4.23376
6.51854
4.35114
4.90336
4.87986
6.13391
4.63538
5.51888
4.75579
8.84956
4.78957
4.33016
6.05689
5.16445
5.5013
4.69897
8.48238
4.53052
4.41583
7.52913
5.05059
7.11419
6.13352
5.91178
5.13846
6.58115
4.43257
7.46461
7.52866
5.05911
7.27241
6.706
5.18605
4.93227
9.2105
4.51804
4.44641
4.35066
4.78762
8.66804
4.52414
4.11554
4.53337
4.70641
4.86727
6.18012
7.93547
4.73603
5.34038
8.43334
6.4087
5.907
9.25565
7.7341
5.07469
5.41271
5.86769
6.6729
5.46571
6.25869
7.67033
8.07161
4.64949
8.44833
7.98085
4.71909
6.11898
4.42612
4.92798
4.79872
4.74779
5.35359
5.24243
4.12647
8.31986
8.26605
4.36496
9.66081
4.39661
4.46258
11.4058
4.76729
4.82311
4.66141
5.43449
5.54104
4.34486
4.14564
8.25514
4.89284
4.8236
4.50713
7.73445
4.84055
4.61788
8.06529
4.84611
4.79076
5.23062
4.63804
6.49913
4.29997
7.00593
5.17478
7.34376
6.77572
6.31472
4.36848
4.86076
4.31037
4.22193
4.80683
4.49256
6.18041
5.45175
6.0617
4.40497
4.48438
4.3332
4.7052
4.86429
4.4776
4.42899
5.00633
9.14726
4.59423
5.79097
4.6639
7.3443
4.62925
5.62048
4.31947
5.63807
4.21595
9.39278
6.65009
4.35128
7.64003
7.75042
4.57092
4.27785
4.98779
7.54721
6.64964
4.8633
4.62504
4.42853
8.73241
6.54416
5.86809
4.97143
8.53398
10.0329
6.46116
4.28644
9.53811
8.73548
4.62842
4.78472
4.44328
4.61154
7.5111
4.40678
4.87301
4.79841
5.12996
7.1165
4.30538
7.54482
4.70112
9.16645
7.35584
5.13864
9.80023
7.31193
5.32004
6.88201
4.43385
4.42797
4.49242
11.845
5.40781
9.21394
4.74445
7.00856
7.70214
5.65641
4.94959
5.98736
4.51752
4.33992
5.75879
4.55403
5.83923
4.44308
8.81651
8.62819
4.33686
8.81671
7.63722
6.80035
7.96294
4.43369
8.35698
5.0973
6.12768
5.29673
6.82224
7.31663
8.84544
6.09134
6.67158
4.76159
4.53879
4.34288
6.94724
8.67246
4.7586
9.81834
4.80885
5.29923
4.54704
4.39012
6.39718
4.67052
6.97252
5.04059
6.46474
4.50794
4.88718
5.71775
4.32048
5.16876
6.4865
7.45859
9.52567
4.40027
7.58209
4.7509
4.56797
9.41252
8.71614
5.13222
7.37742
4.30666
5.70312
4.49587
6.29688
4.40713
6.35399
6.69271
6.2796
5.78853
7.28951
7.47313
4.42708
5.8926
7.34567
6.4631
4.60049
4.59885
4.34782
5.03112
4.23217
5.36319
5.63322
7.10427
4.59539
8.2639
5.69028
5.56952
7.45371
4.33927
5.42914
4.57713
7.963
7.38595
4.67726
4.62126
7.1131
5.07636
4.58527
6.19399
9.16925
4.37989
6.25257
5.12038
6.22646
5.06407
7.39591
4.82941
4.34447
6.82956
5.28728
4.51041
6.21736
4.77118
4.2718
4.35694
5.33598
4.812
5.42867
4.42475
4.3001
4.50878
4.69484
4.64314
6.6055
4.71647
6.0271
4.74949
4.52231
5.22816
5.68141
7.13598
5.37933
5.44794
6.02175
4.23377
4.88401
4.49186
4.62302
5.32608
8.27701
4.57786
7.7876
4.40608
4.36731
7.86834
6.366
5.27496
5.31433
4.59989
7.97844
4.35258
6.96084
5.61829
4.57904
4.51583
5.87539
6.54737
7.21344
7.28911
6.67996
9.18666
6.83222
5.9838
4.54894
6.89646
7.7014
4.98429
9.41665
7.46439
5.29954
4.36838
5.93712
8.9657
5.55834
4.57064
5.0381
4.24133
4.90815
8.42007
6.69343
7.46946
7.83434
5.64188
4.59547
5.07806
4.49422
4.36828
7.80484
4.42809
4.61378
4.29802
5.00786
9.08512
4.37246
5.64259
4.65798
8.79306
4.10772
4.45346
4.72644
7.4886
5.43916
8.50321
5.25042
4.36766
4.54334
4.42335
5.35427
7.35478
4.88253
7.11403
4.11439
4.37046
5.54844
5.3021
4.37754
5.38576
8.73527
11.2735
7.22065
6.74337
4.41846
6.88919
4.33343
9.61662
5.54122
7.12595
8.79032
9.37579
11.3563
4.63003
4.37302
7.66308
4.33942
4.38824
4.52115
4.34281
7.77948
9.31078
5.45656
4.82234
5.13382
6.5499
6.89199
4.39649
4.71184
8.91074
6.91934
5.60597
6.80619
4.87896
7.27565
4.6218
5.15918
4.34053
4.42293
4.70934
8.23523
5.2898
5.28561
4.70838
8.35617
5.31965
5.3049
4.617
4.60799
4.28799
4.48519
4.85654
4.27542
5.23487
4.75801
8.7119
5.95824
4.32635
4.63613
8.71535
5.09599
8.38214
5.09603
4.80099
7.2903
8.79441
7.02896
5.05949
8.80222
5.06036
7.49273
7.64103
7.27991
4.93582
4.47647
4.31966
5.38486
10.0528
5.33191
4.93202
10.0343
7.33764
4.66662
4.63493
4.53123
6.87206
5.30599
5.49052
5.84945
4.39957
4.55556
8.43108
6.11075
5.60336
7.88684
5.1247
4.64994
4.31404
5.39176
5.92438
8.08004
5.79947
5.28817
6.1319
5.46453
4.91909
4.74246
5.53835
5.17986
5.08388
4.5768
6.49251
5.79609
10.1397
5.31077
4.97061
7.14318
6.16029
7.21386
4.67982
4.99992
4.99962
4.39645
7.41845
4.28004
4.8633
5.14185
7.15043
7.02892
4.35544
4.28034
6.77986
4.93206
5.59349
5.93459
4.45715
5.3556
4.44541
4.62713
5.84725
5.68354
4.83357
5.74245
4.41058
4.33903
6.13048
7.20249
7.22366
4.47189
8.65505
4.57285
5.79685
6.29029
5.96511
4.37285
6.13457
5.67865
4.40445
4.9727
5.05583
7.33812
4.30297
5.2362
10.1045
5.98614
4.53144
8.86912
4.8361
4.59563
8.02752
6.67625
9.18129
7.71116
4.38914
4.72705
8.75507
5.19979
7.84981
8.25762
4.19526
5.10125
7.55852
7.31151
7.72974
6.88069
5.9225
5.95553
4.32764
4.80568
4.2613
6.55846
5.82694
5.80155
6.15442
8.12756
4.43023
7.93105
5.4959
6.30198
9.9334
5.36401
4.6662
4.38837
5.46828
4.64739
5.40008
4.71556
6.61758
7.06282
8.04819
4.35403
7.38551
4.78272
7.71626
4.35367
4.91157
7.00938
11.3553
6.49137
4.77036
7.44671
4.48473
4.54144
4.71032
4.15013
4.64309
4.6554
7.0819
7.75904
4.38464
5.92853
4.63721
4.96577
4.44109
10.297
5.73668
5.17551
4.60463
4.60899
4.605
6.91982
6.68537
5.07706
5.75187
4.50571
6.91283
4.25263
4.8934
8.13995
5.23965
5.8926
6.06942
4.65902
11.203
5.74785
6.99517
4.39843
7.11287
5.453
7.67552
4.64385
4.34452
5.38123
5.99552
5.72515
5.5551
4.37991
4.0847
4.10876
8.96391
5.59103
5.18982
4.32919
4.373
8.1286
4.28275
4.63136
4.61505
4.57908
4.67979
4.27992
5.83167
10.4371
7.7641
5.34857
5.1693
6.0704
5.25677
4.62005
6.55595
4.45035
7.60099
6.56833
6.22492
4.64363
4.67359
6.80351
7.74895
5.58901
4.62948
4.47597
8.8164
4.33997
6.88515
4.31674
4.78667
4.34547
4.65068
5.72578
6.5358
4.63163
4.32648
5.45097
6.64323
4.86006
4.30139
4.76062
5.562
4.7959
4.54029
4.84652
4.64739
8.07333
4.46038
4.96206
5.89355
6.76898
4.64817
4.72199
4.72265
5.91886
5.30824
5.95766
5.12939
5.25923
11.1312
8.49392
5.07247
4.64207
6.80307
5.29954
4.21844
6.02787
7.42381
6.72218
8.12757
4.73019
5.13105
5.05884
4.38473
4.78983
7.45628
7.65768
4.38688
4.66829
5.14576
4.5664
6.79195
5.24951
4.12934
5.1318
4.91831
5.01949
4.50843
5.37709
7.07493
4.36053
5.95351
4.35456
5.23684
4.25305
4.72705
10.6283
5.68808
9.14272
4.97568
4.71535
8.78988
4.73192
4.40232
4.20004
4.76707
4.76981
4.6886
4.5187
6.0737
4.66243
4.59507
4.83297
4.81018
9.01963
6.05837
10.9824
4.58204
8.18413
5.95119
4.45966
4.89789
4.62272
7.3328
4.69577
6.27431
4.74404
4.37544
6.71567
5.09711
5.35012
4.66341
4.57271
5.56159
5.92742
6.89514
4.53203
9.44653
5.0372
5.22969
8.28006
5.02513
4.79724
5.52666
9.73801
5.1557
4.62031
4.63493
4.29866
4.39259
4.38959
9.0959
4.71454
8.66425
4.71248
5.94497
4.69546
4.85909
4.42175
4.29358
4.92129
4.53923
4.56379
5.72913
10.4554
4.27987
7.79149
7.4181
9.76853
4.86732
6.13751
4.69291
5.67598
5.90551
6.95115
4.86254
4.69923
4.32739
5.93978
5.61828
4.20964
8.02486
7.48216
4.49596
8.39607
5.24265
5.99501
4.75171
5.23468
4.80914
4.45419
4.2911
4.42167
4.3641
4.32837
4.77251
6.19654
4.52754
4.78114
4.38708
4.87231
7.63697
5.23514
8.31326
9.11901
4.74534
5.35281
4.51651
4.40952
5.93526
4.34764
4.76186
4.6285
4.79716
4.37053
6.82081
4.35025
6.04887
4.36151
4.64413
4.37162
5.24187
9.54639
5.62472
4.28801
5.66632
8.30714
6.72586
4.36845
6.89792
7.55125
4.46666
7.88462
4.34986
9.3295
5.16115
4.88787
4.34738
4.22103
5.44651
4.86784
4.43513
4.13173
4.79752
7.26882
5.89002
10.736
5.42549
9.81497
6.3333
4.65342
4.26258
7.49973
9.7125
4.38614
8.98355
8.91155
4.88862
6.23439
4.67108
6.85697
7.4217
4.87852
4.63522
5.22705
7.30207
9.15351
5.90645
4.38254
4.30478
8.08583
4.64895
5.08933
4.95335
4.52166
4.77656
4.18209
4.63738
7.60363
4.48118
4.59789
4.5126
4.38665
4.60409
4.34189
5.63448
4.7784
4.55044
4.60063
5.87949
6.12511
4.81731
4.28398
5.02758
4.96602
8.42306
8.88848
4.29859
4.74072
7.94111
5.13762
5.7529
4.27597
4.47913
4.56667
4.75421
4.88641
4.68514
4.32381
5.46528
8.88276
7.49757
4.65321
7.54511
7.9713
4.37076
9.19112
7.57874
4.66781
4.45972
4.47773
6.51495
5.2266
6.95399
5.19487
4.3037
10.0303
7.34363
4.50067
8.76861
4.28362
4.66552
6.54114
5.44588
5.68184
4.85958
5.8112
4.38088
6.21424
4.65066
4.6626
7.64481
6.0331
4.74261
4.87442
4.73133
5.93655
4.49279
4.52547
4.7074
8.43579
5.88396
4.0037
4.52349
6.00746
4.14371
4.58366
5.1027
4.52595
4.79515
4.22761
8.35391
4.30075
6.3833
4.44876
4.19687
5.03323
4.61706
5.30579
4.79601
7.39718
4.64342
9.16441
6.15208
8.69814
4.915
6.55071
4.78319
6.13549
4.40592
4.61452
4.38496
4.74472
4.32632
8.66829
4.74918
5.88485
8.42301
9.15486
4.7036
5.91054
10.8214
4.64441
7.67227
6.49683
4.07997
4.80687
4.12707
4.18027
4.34164
6.08745
6.04745
8.45066
4.55613
9.19475
5.65564
7.59447
4.56854
6.651
5.95908
4.52487
4.50483
4.51983
6.72781
7.27808
4.39721
4.39055
5.5209
5.3024
4.29067
6.09647
4.59789
6.18321
4.93807
4.94021
8.05998
4.49204
5.70574
7.43632
5.89774
5.77259
5.0367
6.57342
5.47548
5.09103
7.40933
4.79524
8.44417
4.37524
5.16083
4.79677
8.94533
7.58803
5.73955
6.16393
5.35707
6.17634
6.53082
5.61031
5.87062
4.43049
4.84505
4.88909
4.96136
5.56264
8.02559
4.39757
4.74892
5.90626
4.31911
4.4709
7.94864
4.4116
6.43254
5.22196
4.6751
7.65824
4.913
6.74764
4.44264
4.57531
6.13087
4.4463
6.89538
6.96899
5.76415
4.52726
4.35477
7.79516
4.76982
5.3789
4.45367
5.73322
5.23508
5.70858
5.6731
5.48274
4.84101
7.91427
4.9884
8.73408
4.86937
5.94522
8.56049
4.67851
4.81394
6.00163
4.38923
9.12461
7.11591
8.36012
4.57788
9.1484
4.99631
5.62745
7.01018
5.057
5.51877
4.93861
4.92408
4.85482
5.0991
4.3479
4.89452
5.27076
4.31764
4.75544
4.74861
5.18252
6.84728
6.83966
6.60406
4.35601
8.80376
4.4226
4.45642
4.58193
5.45663
5.25858
5.01259
5.63146
4.59393
4.33254
5.55667
7.35589
8.90448
5.00307
5.98731
6.45484
6.95329
5.43199
4.61785
7.55443
8.80757
4.34087
5.8562
5.73373
6.63522
5.61805
4.6393
6.70422
8.02616
4.42439
4.60699
5.55118
5.75256
8.8643
4.62024
4.56209
4.53475
4.68211
4.37668
5.06436
4.31883
4.42412
8.66495
4.94136
7.47974
4.23872
4.48971
6.01692
8.84664
5.23778
7.01727
9.63738
6.48259
4.65007
7.72777
4.82501
8.97308
5.77309
4.52847
4.32732
4.76188
4.52801
4.90613
8.08962
9.72307
5.77574
4.69023
4.66977
8.53867
4.34687
9.95073
7.96735
4.59616
5.09633
4.5396
9.53045
8.97924
4.71689
6.95659
6.6735
7.62983
4.27784
5.03908
5.34801
5.69164
8.74974
5.93089
4.42604
9.51255
4.70997
8.59888
5.05179
4.63493
8.95351
4.65042
4.53378
4.74742
6.73372
4.84715
7.90411
4.44265
4.78451
4.32469
7.98216
8.25859
5.37141
8.71397
8.7701
8.12199
5.26675
4.82762
9.64544
4.4524
4.94352
4.68358
8.0338
4.57102
6.03234
6.29557
4.32571
4.4707
4.33467
10.6307
4.9236
5.81887
4.98438
8.78054
8.73762
7.70047
7.46632
4.72499
4.40489
8.82211
4.51416
9.0807
4.61392
6.65442
4.75266
7.36791
7.45295
5.09277
5.12794
4.692
4.06528
5.16865
4.67971
5.69158
4.73781
5.83845
4.69246
7.12033
4.33334
4.41701
9.21994
4.66809
5.17354
8.41795
4.54037
4.25991
6.08308
4.33681
6.50661
6.86371
5.15868
5.15302
6.02822
5.91814
8.8528
4.38319
4.86832
6.65712
5.9846
4.35917
7.2546
5.06014
4.87624
5.81724
4.88025
6.39452
8.78944
4.36227
4.34158
5.11241
4.5856
7.84394
6.40468
7.34841
4.65833
7.5804
4.88549
4.46132
4.31922
4.20797
5.13706
5.83613
7.75271
5.87613
5.5905
4.50193
6.28838
4.5584
5.02402
4.99673
7.47712
4.89328
4.52331
4.44376
5.21603
5.7248
4.27854
9.11429
4.46029
4.62935
4.63851
5.05514
4.74646
8.05519
6.64029
5.89869
4.46078
8.14615
6.48847
4.51595
6.90612
4.4635
4.85883
4.67124
4.47889
5.64713
4.58143
4.36781
10.7157
6.89952
4.3887
4.57236
4.99165
4.92379
4.68259
5.50887
8.9805
5.63896
12.9816
8.83051
11.4894
4.3665
4.37037
6.79318
5.35538
9.90807
4.66595
4.58453
4.35517
9.63757
4.88815
5.51966
6.58835
4.98083
4.46971
4.70922
8.61566
7.76731
4.96114
5.11128
4.43942
9.1652
4.99985
5.69217
4.7807
8.78476
4.87215
4.93989
4.48654
8.88455
4.28465
8.61935
4.47625
4.53794
7.85155
7.61951
4.42947
4.9449
4.83349
5.91064
4.53514
4.91866
4.75891
4.96915
8.23673
5.96785
7.8298
4.33538
4.68756
4.26725
4.54919
4.35969
5.15555
6.71486
5.58635
4.52341
5.84555
4.63024
4.56582
7.75453
9.06915
4.9077
4.70593
6.25547
4.36526
3.78327
8.75433
6.47916
5.36408
4.22076
4.20855
4.85819
5.2543
5.27182
4.50582
4.78667
12.0245
7.12056
4.21256
7.88383
8.86997
4.46994
4.87867
4.64597
5.59459
6.72958
5.83639
5.28132
6.56082
4.70517
4.43864
6.07681
4.58586
7.34743
4.49184
4.58541
5.07732
4.51459
4.37574
7.54087
5.56224
5.77479
7.51783
6.24478
4.96149
4.41055
5.16362
6.4947
5.01722
6.82251
6.00259
10.2748
7.61581
5.9876
5.22597
10.8289
9.6427
4.46248
6.39372
7.18
4.32636
4.34302
7.63139
5.55199
9.14732
4.52256
4.39947
4.55469
4.43711
5.58562
4.47691
4.41766
9.05089
5.49086
5.92861
5.15344
5.62955
7.66271
4.419
4.46021
4.83711
6.36562
4.51197
4.91914
6.81828
8.62604
7.95566
4.53047
9.20623
5.37052
4.51937
7.23303
5.17685
5.28508
4.43553
5.16405
4.34489
4.97399
4.93722
8.98402
4.47481
4.36517
7.38895
5.48567
6.13451
5.71053
4.30591
5.56193
5.28098
9.6747
4.63425
5.27431
4.49825
6.12554
5.26022
6.36787
4.87526
4.65435
5.03436
4.25777
4.286
4.52704
4.61654
4.39987
4.3939
9.97942
4.99033
7.72703
4.98209
4.80464
5.14895
4.43812
9.75292
4.38153
5.24529
8.59759
5.55934
7.25531
5.86939
7.67569
8.70933
4.95663
6.35452
4.87281
5.45652
4.24517
6.12784
4.67393
4.78269
4.97499
6.71037
6.09677
7.44587
4.91046
9.73477
5.34951
5.31915
5.76812
4.56987
4.71977
6.45328
4.83027
4.75115
4.39277
4.86002
4.94163
5.40607
6.54189
4.69824
5.1543
6.51601
4.65601
8.3158
6.62652
5.09727
4.85272
9.07381
6.55099
5.38124
4.66053
5.28831
5.11758
4.94372
4.97462
4.67361
5.18505
8.09739
5.79983
7.46766
4.76151
4.62103
4.86059
4.61238
4.991
4.90862
6.29862
5.62654
9.36745
4.5324
4.2879
4.92709
10.0042
4.76746
4.69146
6.31891
5.12782
7.41755
4.58196
4.8558
6.84047
6.01174
5.02587
4.71951
7.21307
4.45444
6.96348
5.55875
4.49919
4.59158
6.83741
4.30022
4.28593
5.15714
6.63293
5.45448
6.21551
4.82735
8.16845
5.50419
4.29107
6.43174
5.76358
7.18876
4.70853
4.50241
5.20528
6.06302
4.67875
5.12213
4.49315
4.88716
6.9431
9.11368
7.43704
4.54698
4.32572
6.66968
4.53645
4.48589
4.80778
5.46143
4.64271
6.59055
4.25315
4.43568
5.65029
4.55922
4.62987
6.39822
4.88267
4.69061
4.68311
8.00581
7.00795
5.93564
6.87727
5.13026
4.64171
4.40789
4.91774
4.9317
4.57279
4.50888
4.56106
7.50953
4.69704
9.05729
4.94692
4.86479
7.22051
6.55747
6.04892
4.50338
4.96059
9.11961
6.16376
8.84418
4.48738
6.00976
6.91155
6.18682
7.35678
4.28198
4.6146
4.99331
4.34525
4.58658
7.62218
4.81209
4.57455
5.69531
5.22727
4.62811
6.3682
4.295
4.60632
5.00493
5.07508
8.27419
5.53185
10.3281
5.25845
4.80197
4.69663
4.45839
8.02597
4.79303
9.79885
5.65108
7.36206
5.07381
5.60914
4.52466
7.87709
4.59132
6.50723
4.67427
4.32664
7.57177
5.60851
6.00014
5.14426
6.81933
5.0133
5.36509
4.33913
5.08345
4.44135
4.96518
6.63561
4.30464
7.0574
7.34876
7.35148
4.64646
5.57621
8.64161
9.43398
5.95675
4.92377
8.10774
8.44456
4.44964
7.02629
5.26665
5.80608
4.94995
8.6921
4.632
10.9894
8.88461
4.25019
8.88273
4.83543
4.42822
5.58217
4.67167
4.52839
8.41478
5.83614
6.38113
4.8019
4.99032
6.06329
5.03898
4.36734
4.65167
5.02413
6.6287
5.04059
5.06967
5.25445
4.51816
6.25769
4.2362
4.38089
7.47519
4.37348
4.40975
5.08092
6.78632
7.68865
4.76451
5.9597
5.34505
4.49983
5.92212
7.3757
8.20028
4.42563
4.43572
6.85716
4.12775
6.36208
4.56271
7.58336
6.64613
5.03614
5.8173
4.36504
8.91378
4.52568
8.75966
4.53768
7.24627
4.86281
5.00636
7.22188
4.15849
5.10584
5.08269
5.21546
5.45862
5.63511
4.64023
4.85813
4.5706
5.69389
4.96093
4.57883
5.20161
4.39001
4.82576
5.20887
5.75621
7.34699
6.60853
4.57516
6.55563
4.39702
4.77227
7.1294
6.44212
10.312
4.50959
4.40165
4.48759
8.22535
4.814
5.84906
5.9836
5.07682
4.85918
4.99841
9.17986
7.97465
9.67316
6.09493
4.3766
4.46189
5.05726
8.67076
4.39603
4.31986
5.82144
7.15242
4.61346
8.76045
5.90055
6.14409
5.01697
6.01377
5.48453
6.48733
7.01773
5.11619
4.99123
4.59335
4.93413
4.68913
6.5117
5.47276
5.14609
5.45275
4.70815
4.43566
6.15502
4.63014
4.63597
4.54047
4.41625
6.06461
5.17138
5.8305
5.12511
5.94284
6.79369
4.50576
4.62918
4.75629
5.00505
6.33076
6.22836
4.65972
8.47142
6.99715
7.79389
8.89881
5.13711
4.83183
4.60043
4.64064
5.4286
4.90649
4.44131
4.3972
4.48555
4.3654
4.36839
4.25185
4.1763
4.40823
4.57893
4.61687
5.72661
4.95903
4.34668
10.2379
4.52334
4.63723
6.17064
4.94057
4.14564
4.65476
5.56619
4.37017
5.12366
4.42216
4.42362
5.56969
8.23259
6.854
5.13718
5.89407
5.85273
5.10308
4.63083
5.52812
4.61678
7.59944
7.49789
4.66051
6.62483
5.7083
4.94564
10.6796
7.97009
5.02389
4.51273
8.74648
4.39755
9.9791
9.55894
4.57462
4.89092
5.11404
7.20139
4.44765
4.63107
4.63713
6.28644
5.46162
8.41581
4.48149
4.97435
4.6495
4.9462
5.86249
4.37567
8.58368
4.65788
5.38718
8.78745
4.96865
5.48453
5.95557
5.9047
4.49875
5.032
4.69499
5.15345
5.11814
5.69975
4.35322
5.6724
4.96217
4.59077
4.41232
4.52711
7.17969
7.0532
4.59892
9.17321
5.98345
9.28098
11.13
6.66345
5.43271
4.56628
4.69006
11.9925
4.49541
8.54832
7.1797
4.9389
5.40947
8.26842
4.50054
7.27405
7.69037
4.16411
4.44704
4.15332
4.59448
5.01783
4.31236
4.45024
5.14484
4.40523
4.46095
4.36147
5.26605
6.53668
6.57417
4.57851
4.97963
4.54955
5.63199
10.755
4.89796
6.07986
6.7139
5.24566
4.67919
5.65319
5.95061
7.46347
11.211
5.35016
5.36317
5.33853
7.88981
7.07634
5.06095
7.4856
5.70275
9.17361
5.67922
4.46375
5.95548
4.89752
5.04668
4.60386
4.40897
4.21733
5.96173
5.43408
5.10934
9.85608
4.62756
5.6221
4.43569
5.34048
7.29643
4.70828
6.94451
4.56407
5.64215
6.02477
5.08685
6.67975
7.67408
4.61978
5.49593
7.5504
5.2188
4.05512
4.66197
5.17808
4.99621
4.57884
6.68101
4.873
5.44789
4.52763
6.7088
4.41098
4.30035
5.10153
6.59164
4.70614
4.42983
8.68853
7.4893
4.39655
11.5906
7.10102
5.32277
4.65547
4.36537
5.05135
8.79782
8.97431
4.58895
7.76021
4.3573
4.67991
7.87153
8.7789
8.79179
5.04163
4.55936
4.88119
4.49901
4.43252
4.47515
6.24204
5.00732
5.86624
4.59994
9.87585
4.44494
6.79321
6.48918
9.13271
9.16789
6.88413
4.51643
7.97314
5.10205
8.56624
6.00832
8.56059
8.24375
4.7588
4.24684
4.85345
5.10901
5.53835
4.88047
5.09615
4.39406
4.60414
4.2753
6.05282
5.08851
11.0419
6.10725
5.39816
5.18037
4.61229
5.64638
8.54026
8.61441
8.18516
8.94961
5.62339
4.56072
5.07677
7.1059
4.60821
7.32574
6.28799
5.16027
5.41897
10.5942
5.00901
5.66299
5.97528
4.65509
5.23434
4.49536
4.41962
8.14593
6.81862
4.5238
4.51244
8.25986
4.50503
4.23368
4.47797
4.40351
4.78632
8.63315
4.78983
5.01705
4.60183
4.53146
7.63469
4.92845
8.37115
9.05265
6.06396
7.92963
6.2958
4.5807
4.51416
5.04807
4.66559
4.36886
4.44492
7.0721
5.57392
8.69138
4.2749
5.39658
8.26984
5.55684
8.75784
4.40799
4.7207
4.63288
4.92685
4.59141
8.89364
4.74973
6.4388
6.75378
4.86213
7.71738
4.60175
8.52279
4.58937
4.44641
7.80263
5.04691
5.40765
4.74202
5.79114
5.27226
6.09794
4.90411
8.69494
5.36573
4.31626
7.14611
7.57903
5.0034
5.71836
4.22085
5.19707
9.03863
9.20989
9.11505
4.36237
4.21444
8.42798
4.66545
5.2048
4.6369
4.61579
10.6642
5.2496
5.62238
4.90409
4.5179
4.50075
4.43363
5.55562
5.47078
4.51147
8.00014
4.71514
5.05903
4.51755
4.83593
5.16419
5.01469
4.66248
4.61591
5.04524
5.64611
8.85737
6.25267
6.27317
5.02886
5.09152
8.64831
8.63229
5.06653
6.64225
7.16991
6.25971
5.24456
7.15309
6.76808
5.47486
6.38129
4.73334
6.63566
5.34361
5.12164
7.37603
4.83763
4.94236
8.76295
4.52877
4.77129
6.42928
5.06951
7.57445
5.69707
4.49848
4.56808
6.53573
4.5529
6.7358
6.61617
4.68927
7.25576
7.57044
4.92227
4.32161
4.17878
7.50336
10.7802
4.75667
4.54061
7.76849
13.5246
8.58709
4.9968
5.34632
4.26987
6.06837
5.28404
5.58184
4.72901
4.42344
4.99395
8.25546
4.29532
11.3504
4.53319
4.53397
4.22937
7.3945
8.92761
6.58
4.75488
4.81577
6.69009
4.4358
5.34818
5.8956
6.0899
5.64081
8.84028
4.38294
8.79991
5.11873
4.97782
4.76148
4.3568
5.98888
6.51825
4.47886
5.55636
5.94822
5.00099
4.79388
8.83245
8.80618
8.80257
5.28558
4.55936
4.39032
4.67038
4.21441
4.51828
7.05165
7.29868
9.02565
6.41678
4.62602
5.35023
5.02516
6.17053
5.73393
4.52418
5.11363
5.56966
4.66493
4.93948
5.12532
5.15733
4.98211
4.54209
4.50215
4.60374
7.14381
5.8976
8.70314
7.60093
4.83029
5.50139
5.39481
4.65509
4.96868
6.27964
5.79246
7.28573
5.31627
9.09237
4.40782
6.10929
4.56921
4.70383
4.52606
4.44949
5.82212
4.93764
4.90984
4.47057
6.40598
5.59
8.82097
6.29556
4.92533
4.67062
4.5149
4.51768
4.45245
4.60944
5.17263
4.30862
4.49109
5.09148
8.16952
5.64896
9.90667
4.6351
5.74909
6.29888
4.61062
5.9388
7.62506
5.17926
4.84027
7.68027
4.52348
4.2205
6.5806
8.94159
5.52263
7.29264
4.71842
4.44113
5.20883
4.59897
9.89057
4.56676
4.98932
8.22618
4.60644
9.29082
5.03248
8.06646
4.61533
5.01129
4.32786
4.98308
4.4368
7.10163
4.56322
6.80311
4.70277
4.4124
4.32787
5.46974
4.7226
4.49393
7.75031
7.92377
5.4133
4.96217
6.33257
5.08581
4.68622
4.77508
4.32352
11.1177
4.8784
9.09777
6.77212
4.93293
4.65227
5.0609
4.54266
5.15075
4.97233
6.01143
8.7431
4.97555
8.49259
6.89535
6.67302
7.81367
4.96925
6.75924
4.43961
6.67093
6.23034
7.66765
4.66153
5.04761
4.65502
4.6065
8.43252
8.2933
4.90078
4.60016
4.43515
7.05132
4.48331
8.62782
7.06253
6.23226
5.46587
4.61074
8.89412
4.20633
4.40857
9.06696
7.37483
7.29593
4.74453
9.96972
6.72658
4.57404
8.98433
4.59766
4.58757
4.39631
8.21456
4.63181
5.15111
4.44013
6.31771
6.7947
4.5112
8.95872
9.34623
4.99367
6.36614
5.02124
8.77569
4.86402
9.86089
5.02646
10.4588
4.59991
7.82437
6.07198
5.61987
4.13431
4.49991
5.03831
5.81395
4.29304
4.87808
6.51965
4.23425
5.68031
5.09717
4.39474
6.92246
4.78087
7.64761
5.59944
7.83035
8.13803
5.03274
5.62998
5.0685
5.31464
5.30942
9.91974
4.37931
8.27908
5.165
4.48292
5.19148
7.67951
6.82839
7.41946
4.91984
4.55866
4.20017
4.32466
5.41464
4.519
4.92504
6.32445
6.14715
6.71174
5.11332
7.00089
6.55651
5.54511
6.78926
4.92955
9.63182
5.92179
5.03907
5.94045
5.82104
7.26371
6.8508
4.4003
9.10484
4.31499
8.73589
8.73589
5.0322
4.49596
8.9
7.16056
4.5707
5.71934
6.01726
8.68554
7.45735
4.60599
6.36289
7.55555
5.80306
4.65654
7.86031
4.39993
5.37202
6.54352
4.84006
4.61976
7.27568
4.34929
5.04562
6.3342
4.69885
5.54818
7.6271
4.34652
5.90101
5.79806
4.41868
4.60338
7.21335
4.64057
4.51704
5.94255
4.52077
5.13414
5.0155
5.21395
6.10034
7.47005
4.90563
4.52838
7.04408
4.46687
5.41343
4.44268
4.34458
4.4901
5.21883
4.40395
4.7424
7.0764
7.42599
4.85213
4.8374
8.66767
4.53431
4.59112
7.76036
6.05461
4.4881
4.96833
5.1271
4.3832
4.47606
8.04778
4.72383
4.53274
5.10436
4.53451
9.79695
4.81939
4.69881
5.09689
8.04278
6.62706
7.77832
6.1167
7.34044
4.64302
5.10153
5.81021
7.27569
4.3184
4.45984
7.78372
4.66579
6.17926
6.4358
4.68229
6.72807
4.71708
10.6698
7.65934
7.8986
4.51956
5.6782
8.06021
9.22852
4.38779
6.08078
4.51783
5.18574
4.51939
4.51062
8.31536
5.10153
5.06087
8.12567
8.80938
5.52716
6.54475
6.98604
4.98992
4.56149
7.0967
4.61684
7.71253
5.38974
7.25802
5.0578
4.67597
5.2698
4.90311
5.39226
7.50766
4.76163
4.44078
7.84212
5.49986
7.36149
9.19714
4.57158
4.68314
5.48788
7.83667
5.30722
8.66968
5.32032
4.59813
4.74462
4.54387
4.55068
8.36389
4.68062
5.10477
8.9461
8.8537
5.22848
4.92499
4.68238
4.78768
8.71991
4.84099
6.28445
5.02123
5.06787
4.85737
4.97031
4.63498
9.43072
4.55541
4.83486
4.5186
5.30426
4.89406
5.42356
6.25931
8.9266
5.77107
5.15871
5.01963
7.33342
8.58709
7.00353
4.4033
7.09453
4.48552
6.77068
4.446
4.49131
6.02262
4.54814
8.78635
6.42988
4.46031
5.30897
4.76226
6.01079
6.15089
5.33817
5.13419
5.06772
4.61797
4.49309
5.75465
5.04688
6.69071
9.5316
7.14838
4.96368
5.45855
7.55913
4.65634
5.35512
8.87305
4.53213
5.97924
6.8351
4.70267
4.86424
5.90553
4.40054
8.96927
4.44897
4.60591
4.3671
5.3954
6.02636
7.05889
5.27004
6.3272
4.53161
5.75386
4.82367
5.99801
4.66157
5.72636
4.67604
4.65265
4.31219
4.96485
4.57747
4.51484
5.42408
5.43755
4.91259
6.1613
4.54518
4.9266
5.44376
7.09386
4.77258
6.58514
5.60953
4.62656
6.83428
4.65667
5.22852
5.10593
5.19897
4.47382
9.28891
4.52938
8.90338
5.09245
5.09855
5.62796
6.84026
7.23135
4.39531
8.79221
7.11556
5.13878
7.86439
9.78186
6.59545
5.82779
4.55343
5.51003
4.72833
9.14144
4.38358
4.71474
4.67469
5.75055
4.82354
4.77752
6.11518
6.68821
8.53894
4.56886
4.45106
4.70636
5.15533
5.74232
8.74802
8.94391
5.10345
6.03131
4.45043
4.47123
5.70465
4.64022
8.81062
5.02848
8.81606
4.53333
4.54672
9.20007
5.84219
6.20634
4.58515
4.45172
7.37545
6.15375
6.04016
4.58979
4.44837
8.93576
8.79405
4.97841
5.40983
4.52199
4.7287
8.76575
8.62301
7.3689
5.29433
5.30708
4.90191
5.15904
4.67961
5.19486
4.42806
7.43276
4.56349
4.78866
5.19412
4.40131
4.74755
5.09102
4.84925
4.94513
4.94704
6.76138
9.52095
4.30645
4.71708
5.94087
7.39491
4.81116
7.2126
4.55487
7.27501
4.55213
6.55809
4.82446
6.59541
5.21289
4.5773
6.20996
6.57539
5.55304
8.04111
4.74404
4.86528
6.10148
10.3374
8.92223
5.17973
4.32544
4.62081
5.34693
4.1937
4.58401
5.2249
8.73528
4.8017
4.5251
7.70387
7.13984
5.13271
5.04463
5.11342
8.95583
4.98949
5.15894
8.80063
8.96651
4.53443
6.9889
5.09596
6.80882
4.96081
5.10369
7.85703
6.04512
4.76568
4.5948
4.29443
5.30123
4.29015
6.10909
4.59268
9.00172
11.1241
5.60282
6.19008
4.39042
4.79773
5.63254
8.87179
4.85413
4.45015
4.61829
8.6575
8.03148
4.48764
7.19665
6.82725
4.24938
6.8819
4.67757
6.14364
4.73055
6.58462
5.32522
4.53078
4.56228
6.52867
4.51609
6.75124
7.27754
4.8794
8.17722
5.15574
4.5696
8.6108
5.19274
5.13911
4.70384
6.85298
7.50837
5.00101
4.61431
6.77998
4.49709
4.56346
9.04659
4.67522
5.07902
6.98853
4.82252
8.73125
9.41239
4.46425
11.2613
5.1133
5.83941
6.48418
4.98426
9.00038
8.94986
4.48951
5.11706
7.22602
4.70628
5.02423
4.16668
8.55724
9.42843
5.12737
8.44065
8.77401
4.86191
7.9227
6.47903
7.47098
5.25025
5.12009
5.10278
9.15417
7.15615
4.95933
7.19411
4.94597
7.12782
9.2889
5.01982
8.15944
4.98505
4.45785
4.81987
4.16088
7.9442
7.28317
4.32515
4.63231
10.1876
7.10968
5.32166
8.80654
10.6269
4.64412
5.17352
4.6529
4.6523
4.35216
11.9916
5.38221
4.56809
4.7573
8.40204
7.75865
8.99226
5.00533
5.0386
7.48891
8.77644
4.99707
7.96473
4.46196
6.75432
8.82124
7.84212
4.45293
4.65032
7.60488
8.13768
7.46151
5.3434
6.89131
6.79658
6.71073
4.74625
4.57187
5.84359
6.11865
5.19932
5.08052
5.01084
8.79994
6.38353
6.0834
5.80566
8.98418
4.93064
6.58769
4.48154
6.86393
4.83346
4.67014
6.93587
4.61328
5.96718
5.07569
4.52421
8.9922
4.85478
5.79839
4.91997
8.38577
5.03195
4.44008
4.6443
5.35088
7.49162
5.90125
4.96612
7.97701
8.66214
5.98761
5.2772
6.7932
7.1731
7.23415
4.74524
4.9855
7.26827
4.75725
4.36474
4.311
5.22488
4.98756
4.52555
4.63838
5.41936
4.51283
9.6478
9.63084
4.89058
6.79083
8.85657
6.58789
5.15746
5.67854
7.18654
4.37608
9.28911
6.63618
7.10144
4.80714
5.01802
5.27613
5.18955
8.27892
6.25116
4.59878
5.13738
5.11321
6.65335
4.49995
4.6964
4.8721
4.73748
4.47921
5.25887
5.1246
4.28979
4.55768
6.86261
5.16237
4.87212
4.69165
7.52422
4.51737
4.61617
6.24018
6.38436
4.95005
8.48892
10.3063
4.46103
4.36107
9.38993
4.48046
4.84131
4.80162
4.32352
4.61748
5.1161
5.4084
7.75465
5.26025
4.98609
4.80108
11.5448
7.54531
9.0321
7.06432
8.81942
4.91944
4.46475
4.35284
5.96258
7.62389
7.54088
4.54574
8.79384
5.77276
5.77319
4.72796
5.22586
7.14926
8.93222
5.42532
8.13464
8.34179
4.67492
5.8558
4.98073
7.27203
5.1308
4.90926
9.08025
5.43671
8.86396
6.19727
5.83963
5.1509
6.93448
5.58153
4.57239
4.80229
4.60344
4.41155
7.71941
4.8874
4.47103
5.17995
5.36313
7.928
5.74984
4.64025
4.57613
6.70269
7.3445
4.21824
8.88743
8.66853
6.94232
4.98248
4.76163
6.36747
5.17765
4.40047
4.52972
4.56307
5.71918
5.62813
4.33944
4.57289
4.82402
4.59192
5.05222
5.80839
4.64284
7.30458
9.32002
9.30525
5.46983
4.26138
7.83343
5.38323
5.00519
4.56212
4.60083
5.26981
4.75824
4.451
4.44057
8.72024
4.72665
4.81105
8.98102
5.44194
4.59181
4.94138
8.85896
7.79177
4.92091
7.22901
6.37601
5.28876
4.815
5.94796
7.04722
7.67147
5.48982
4.49334
5.05474
6.7624
7.30689
5.09448
4.9343
7.33913
6.52828
4.95531
4.60202
6.11487
8.09822
4.83184
9.77813
8.7483
4.63133
4.5416
9.64987
8.9899
4.45265
5.34904
5.36956
6.89622
4.76647
4.81684
8.24399
4.48405
5.41328
10.6094
5.46902
4.41947
9.3542
4.47477
5.757
9.09791
7.72602
4.34372
7.46111
4.53439
7.09892
4.82006
8.19629
6.62465
5.48316
4.56785
4.99992
4.59147
9.15517
5.43535
5.79376
4.90305
8.63579
5.52254
5.59064
5.6228
4.73894
8.64478
4.74575
8.88962
8.06617
7.33722
4.5997
7.04123
5.36247
7.30431
5.18084
4.95842
7.72031
4.96457
7.06708
4.59627
6.98838
5.75789
4.4014
8.51245
5.07403
4.61299
4.64156
6.32283
7.14484
6.23737
4.24145
7.84688
7.84158
9.00898
6.20687
5.0223
5.99134
5.18245
4.62328
4.54695
8.14553
4.55135
5.72443
5.43232
4.98833
4.8354
4.32091
4.45068
5.02393
4.95491
4.83982
5.77553
4.42725
4.46656
4.55663
5.12275
9.14998
8.70074
12.1711
4.35518
4.76472
6.75532
6.67752
4.76181
7.79415
12.1711
8.64387
6.73626
6.18256
5.18702
4.47932
6.28786
7.23572
4.44788
4.31497
5.12429
7.19324
7.02383
9.0798
4.42764
5.01676
4.57119
12.6414
4.95975
4.8783
4.76295
4.4585
8.18284
9.26953
5.53018
4.75031
9.28763
5.15645
7.91453
7.03358
7.24841
7.93706
4.62012
5.13915
5.21706
8.61944
4.79587
4.36321
4.90013
4.84591
9.09883
10.2069
6.80518
4.38793
5.04891
4.62072
8.35564
8.19373
7.58378
5.08623
4.57694
5.33763
4.35743
4.54084
4.93783
4.8463
6.94171
7.4422
4.49715
6.37807
4.76262
4.53946
4.73871
7.69809
4.95347
4.46803
4.7455
4.55763
4.66783
5.01794
4.45967
5.89443
9.23694
5.05806
6.17408
5.11529
4.75421
5.29998
4.56396
8.07627
7.47852
4.36982
4.45404
9.60334
8.93224
4.42407
5.92032
4.92316
4.44928
7.93107
6.93404
6.16005
4.49522
4.36141
7.37527
4.61624
9.04652
5.78404
5.28141
5.21685
6.29841
5.00923
7.50222
4.45977
6.84662
4.97243
4.35985
4.9546
4.5258
7.05117
7.7383
5.84248
4.82167
8.25139
4.7729
5.21212
4.57284
5.91137
4.61115
4.98252
6.0828
7.86225
4.90033
6.83625
5.02387
7.0637
4.56581
8.67801
4.74905
5.89449
5.95031
7.06593
5.10248
5.01689
5.18819
8.16915
4.71598
4.53847
8.24423
4.15012
10.5915
4.51897
4.91301
7.62593
4.96351
8.84042
6.22522
4.51036
7.10267
5.22536
5.48809
4.84871
4.50595
5.4397
4.46519
5.07325
9.58441
4.65382
6.6593
5.30702
4.62744
5.73844
5.91871
5.37004
4.62668
6.65538
4.62044
4.77469
4.52682
4.36294
6.02817
4.54604
5.10265
6.52493
9.45354
5.58926
5.47948
5.00491
4.63872
6.14203
5.29826
7.04866
4.58787
5.14149
4.95977
5.20768
4.52292
5.09213
4.54418
8.34899
5.93124
6.06928
4.50274
7.39905
6.27035
4.96295
5.90055
6.063
4.51749
6.69992
5.1323
9.08526
5.65469
5.05463
8.70687
5.50112
4.45211
6.51928
5.59723
7.4924
7.04975
9.03144
5.61071
10.0246
6.46462
8.15244
4.63788
7.59646
4.55946
4.84425
9.06923
7.28587
4.6402
9.14358
4.65005
7.21079
8.90068
4.76253
9.46562
5.14508
4.99256
5.03533
4.84529
5.57001
5.01203
5.49352
4.49294
5.92395
5.85083
9.18032
5.96358
4.7781
4.74793
4.88194
4.92303
7.74851
4.26349
4.43334
4.41768
4.85913
5.47666
7.70155
6.76971
5.6085
6.14171
4.77311
4.45245
4.56214
9.05907
8.9232
4.85818
8.80056
9.14721
4.85664
7.51679
10.0792
4.69997
4.41931
4.41773
5.76134
4.63957
4.60204
6.16268
4.52253
6.69645
5.44244
7.28702
5.15583
5.1485
6.12201
4.25712
4.58732
10.2346
4.87185
8.85749
5.6462
7.9899
4.52949
7.2697
4.86752
7.61944
6.35348
4.44848
4.86717
4.79438
6.45828
7.16828
6.72246
4.9212
6.79839
4.85767
5.83344
4.99553
6.46221
5.91661
4.50937
11.1797
4.6338
4.96687
5.77974
4.25719
10.1506
4.47597
6.88216
4.16558
4.40522
6.53966
4.6124
4.84551
5.45886
5.11616
5.03139
4.84632
4.68459
8.48283
4.85749
4.7578
5.62749
4.57205
4.46527
8.73399
6.68076
4.2982
7.21879
4.94495
7.36597
9.60274
5.53769
6.91071
4.77042
5.15871
8.69928
7.55236
8.53525
5.81586
5.13666
8.37967
5.54706
5.70784
4.85899
5.45539
5.86863
4.55407
4.63431
5.4548
4.6099
4.78359
4.4579
4.52906
4.77575
4.35802
5.83895
4.57825
7.7366
4.57387
4.65338
6.48712
6.20802
4.82649
5.32993
6.40796
9.28888
4.8808
6.02855
6.19583
4.59291
7.07138
4.56334
4.35432
4.82471
6.65677
4.70997
4.65667
6.87386
4.45917
8.50566
10.385
5.44416
7.61502
4.80454
5.64843
6.01819
8.0271
4.81206
5.62643
4.54429
5.05188
7.03513
4.94635
4.76955
7.75046
8.71392
4.86823
5.6266
5.03452
5.43084
4.60397
4.62012
5.00512
5.86545
5.23315
4.36797
4.67722
6.5535
4.7872
5.4339
11.4732
9.50145
6.34629
4.37592
9.09529
5.0613
7.5592
5.91931
11.2501
5.14188
4.3956
7.10079
4.88668
8.57375
4.52712
6.08444
4.68387
5.58666
5.14722
6.60982
6.34082
7.41492
4.7598
5.10203
6.31732
6.16033
4.81817
5.20408
5.90967
4.95637
4.35059
6.71726
4.55803
5.05703
4.15104
4.40494
5.21595
4.56298
4.56161
4.53207
4.68331
4.53367
4.61835
5.58487
4.88284
5.1685
4.85004
4.47361
9.17614
6.57296
8.23208
8.96668
7.85256
9.00503
6.77617
6.65969
4.89515
8.0429
4.56599
5.78866
4.56723
5.09726
5.09847
4.65133
4.84742
5.63168
6.99468
7.56409
5.64521
7.82235
6.21077
4.80594
4.56627
7.61892
4.38227
5.32996
4.44463
4.59332
7.18909
5.7571
5.74408
4.45554
4.55677
5.29571
4.42327
7.35902
5.5896
5.82876
4.97285
7.72895
8.79094
6.08246
5.04644
6.33254
10.2131
4.68689
4.50051
6.43079
5.08787
4.70642
9.21739
7.22353
7.1552
10.2866
4.95797
8.72192
8.02681
4.91267
4.54922
5.33166
4.82764
9.17801
8.99775
4.88039
5.35888
4.38743
7.63444
5.02777
6.5436
8.97611
5.08562
5.90653
6.08874
10.1295
4.84638
13.1722
4.81711
9.13204
7.66541
4.55816
6.67042
4.50115
7.50279
5.57903
5.89329
4.63268
4.60678
5.17634
5.12722
4.94311
4.5237
4.35261
6.39133
6.74691
4.72908
4.92239
7.13435
7.51012
5.7788
4.46627
9.01342
5.28074
4.4496
6.0165
5.36078
8.09418
7.2569
6.77748
4.54513
4.58022
6.16488
6.01987
7.33639
4.1151
4.67722
6.70708
7.3057
5.09707
6.2503
5.56585
4.53285
5.65794
5.11376
4.76782
5.31966
4.62035
4.57333
4.77513
6.39592
5.34876
6.16314
5.25403
7.75973
4.61563
4.50625
4.99471
4.52983
6.09259
4.62775
4.42842
4.41339
4.93032
4.7616
5.02626
8.19089
8.17268
5.98382
7.13986
11.8436
7.69453
7.41506
4.63074
4.83411
6.63141
4.50784
4.12297
5.13181
5.00197
4.74533
5.14606
5.63867
7.71746
4.60681
6.84493
4.74629
4.71924
4.60084
4.73919
5.92219
5.28801
4.9639
4.64009
7.0009
4.80517
4.57712
5.65073
5.42798
5.29735
4.66833
6.4727
4.63074
5.02209
9.17957
4.95646
6.44103
4.63739
5.69648
4.99028
4.36202
4.95712
5.06807
7.29289
10.2916
6.83563
4.69881
6.78705
4.702
5.25888
6.83926
7.33932
4.85122
5.74205
6.42434
5.22039
7.11114
6.17485
7.41524
6.26896
4.9087
6.38062
5.8343
5.14475
5.15146
8.23377
5.00814
4.77015
7.16412
8.51892
6.57747
4.81848
4.64035
4.56352
4.42575
4.762
7.34995
6.29792
5.03477
5.1134
9.10731
8.53696
6.69443
4.62794
4.92338
4.89298
5.1681
8.80454
4.38194
4.58099
4.94046
4.73857
4.75138
4.58864
7.05623
4.84574
10.8212
5.67441
4.91688
4.60526
5.97209
8.43437
7.28208
4.98175
5.04811
7.03003
4.55128
7.81736
4.95851
4.56486
4.82419
4.81829
5.06621
5.65045
5.0281
8.84006
6.12855
6.46263
4.92676
5.19172
11.5591
6.99098
4.56237
4.39584
10.3187
5.87381
4.86063
6.83639
6.82962
4.84907
6.65994
5.722
4.98551
4.47609
7.74231
4.64537
4.97376
4.92344
4.82943
8.41577
9.6614
7.30205
5.00128
8.65363
7.75706
4.62438
5.64075
7.38154
4.48203
7.20541
4.60979
4.82924
5.38925
4.31516
7.37864
4.54124
4.92167
4.96978
7.97405
4.78587
6.05693
5.20844
6.73032
6.05268
8.43923
4.74109
6.09519
5.92713
6.49043
6.60845
4.8369
6.76125
9.39349
10.7821
4.58
4.47346
6.19427
5.3003
4.59636
4.58093
5.59258
4.77737
4.22292
7.31913
5.22325
5.60026
7.17591
4.57569
8.01877
8.89183
5.82671
9.09896
8.95548
4.42691
7.43381
6.54131
7.83061
4.58635
4.55433
7.85756
4.919
7.68078
4.94502
4.38189
6.5009
8.65983
4.55278
6.20319
4.42273
5.35848
7.33791
5.99248
5.34931
4.55107
4.4267
6.6799
9.21511
4.97309
5.6497
4.61961
6.29222
4.54987
5.9275
4.55004
7.64077
4.87282
4.67692
5.04445
4.53222
4.6197
5.038
7.36767
4.5145
7.30552
5.96475
5.03934
4.87111
7.09207
4.9387
7.58744
5.03812
4.01958
9.62221
7.54279
7.1407
5.06549
5.53346
4.4372
8.61181
4.84111
6.83623
9.10005
4.51112
6.76988
8.24586
4.56568
4.38184
8.43213
4.94808
6.46838
5.98982
6.00094
5.36745
6.9779
5.93011
5.30114
6.2202
10.9059
9.1214
4.86607
6.48902
5.78317
4.92253
8.39736
7.2519
7.33067
6.40385
9.84823
4.94476
5.54249
9.49875
4.65622
4.88806
6.3259
5.06296
9.16093
9.11254
5.51319
4.9724
4.29475
4.9813
6.01702
4.61088
6.9341
4.84601
5.08317
5.78325
6.49512
4.34398
4.67344
5.3859
4.9585
4.95511
5.33178
7.53914
6.05608
4.62694
5.25521
5.02072
4.66877
4.43737
5.97737
6.4093
4.58682
4.92827
4.60631
6.55133
4.87154
4.48553
4.57393
4.58571
5.16107
5.15564
6.75198
6.02893
4.95285
4.36666
4.96992
4.63784
4.97126
4.59306
4.77511
4.63263
9.02445
4.48068
5.8625
7.29676
4.85459
6.7835
4.30336
4.64395
6.81897
4.35247
4.89034
9.21783
4.9688
5.30858
4.49411
6.30737
7.21009
4.43125
4.83173
4.58577
5.04147
9.01456
4.63481
6.68328
7.39576
4.56628
6.86837
9.16141
4.43075
4.52451
5.00027
9.03572
6.70164
4.55779
7.45614
5.66428
6.12399
6.59703
8.75422
4.93362
4.46467
5.00513
4.5283
4.88587
4.44701
7.56095
4.96718
7.48071
5.08865
6.55065
4.52253
5.51661
5.17239
4.44511
4.60994
4.68982
4.51944
7.12457
6.66958
4.87126
7.71257
7.90402
4.73358
6.09382
7.36295
4.97321
4.63689
9.10545
5.78692
4.73572
9.92436
5.0436
5.19182
7.58139
7.77142
5.51665
4.96995
4.32846
4.63672
5.18319
9.12384
4.79587
9.29323
7.21345
9.07254
5.78393
4.87856
7.45239
5.45607
5.43966
6.76166
4.5581
7.72267
6.58022
5.00062
6.66582
4.64189
7.31235
4.41664
7.7284
5.25696
4.82314
5.73413
4.78825
6.02802
7.29647
5.42865
4.98643
5.72122
3.99531
4.44044
4.55556
7.9455
4.94442
4.54731
6.05918
4.87768
6.80742
5.42992
5.03061
4.99274
9.50854
4.48049
5.8145
6.72794
8.12409
4.55835
5.88547
4.57494
4.89662
4.55047
6.48715
8.70593
9.04661
7.11096
6.80196
4.46692
4.4432
4.47132
10.9512
4.70111
4.57069
7.78629
7.27774
5.5863
11.1401
6.7732
4.75214
4.95963
5.85132
10.7997
7.08621
4.75536
4.61043
5.05679
5.46133
4.33632
5.90998
4.99195
4.44073
4.6009
4.87875
8.75958
5.02428
5.17377
6.12121
6.11366
7.65239
4.48802
6.70703
3.99372
4.43479
4.96935
6.22113
7.13495
4.49945
5.31701
6.10822
5.02002
5.63056
5.14387
7.09104
6.64393
7.52347
6.07414
6.11405
5.6193
4.52027
4.9458
8.22302
7.08719
4.65475
4.4645
5.74482
8.37772
4.41912
4.60678
4.81817
7.99261
7.32506
8.56546
4.80299
4.84726
4.61535
4.61883
4.59369
5.31044
5.71394
5.14409
4.67576
4.51724
4.8282
5.90087
4.56286
5.85323
5.23375
6.68524
8.22587
7.41253
4.3705
4.94902
7.1022
7.84108
7.75754
8.97386
4.38142
7.34674
5.73911
6.23964
5.02151
4.91262
6.20782
4.82355
7.03824
8.71182
4.69669
7.42535
5.04127
4.85309
5.32392
4.54085
5.81847
4.64324
6.10538
4.7041
5.16596
6.14413
4.55412
6.67013
4.779
4.96877
5.6958
4.33564
8.8681
5.53496
7.19639
5.65721
5.16351
10.6735
4.54918
5.09937
6.76578
4.50471
4.44662
7.51318
6.44541
8.90315
8.6207
4.51628
4.55749
6.39847
5.10528
6.82562
6.37648
4.53925
11.126
3.81244
5.29637
4.55279
4.36765
4.578
4.46268
4.5708
4.51091
6.67743
7.97464
5.0191
4.53932
4.84453
8.95908
4.81832
4.9192
5.63461
5.01608
4.99401
8.68264
5.09067
5.31224
4.92185
4.65234
4.63388
5.12721
4.55383
8.07593
4.60339
4.49419
5.76879
4.75203
6.62083
4.49874
6.05585
4.27601
5.71361
7.66244
4.55033
9.28193
4.96283
6.31431
4.56616
4.61543
5.39218
8.91594
6.39524
5.37098
5.24012
6.73866
7.83786
6.77685
5.03234
5.72462
5.11838
7.43904
7.62378
9.04742
9.03646
4.9734
5.9708
4.97749
7.73177
7.03159
4.99056
8.7481
8.04277
7.34727
6.24166
5.23506
6.24606
4.78134
6.64898
4.60178
4.10601
6.78487
7.47022
5.50136
6.5906
4.47312
5.43323
4.40091
4.60375
7.26926
6.04408
4.74941
4.94597
9.25988
7.34617
4.56955
5.49351
4.77745
4.92656
4.68875
4.72671
4.84191
5.40223
4.52271
6.92603
4.58127
4.59149
4.47953
4.95993
7.14033
4.85349
10.6496
4.47878
7.00143
5.52523
10.2786
8.13297
5.18655
4.5901
4.85932
5.35862
7.38537
7.19542
5.56327
4.6483
5.19108
4.50735
7.35721
5.92951
7.56162
6.04223
4.03143
4.5038
5.18578
6.12999
4.72995
4.52404
5.36026
4.57512
4.59857
6.627
4.65577
4.58754
6.44248
5.18754
7.77832
10.5282
5.05932
4.47648
5.86897
4.65248
6.88679
5.45108
7.33981
4.57306
10.531
4.45684
4.3447
4.70639
5.46809
6.053
5.01502
6.20333
4.58077
5.03976
4.67218
4.7125
4.64143
6.35979
4.97983
5.50525
4.49171
4.47403
4.57292
4.02829
6.7563
4.79424
6.38281
7.44282
4.47984
4.4686
4.2677
4.61303
4.49088
8.91804
8.14751
9.13882
4.93027
4.78486
6.59849
6.2147
5.93509
6.1805
4.6678
4.89295
5.42325
7.30902
7.72582
4.51545
5.05957
4.96458
6.20352
4.69684
4.50153
8.92051
9.22169
5.73345
5.03753
4.61901
7.80712
8.07105
4.59274
4.43438
6.30489
4.77499
4.53286
6.82978
6.09135
4.46039
4.94247
5.92175
5.23961
4.5658
7.01469
5.8686
6.80803
6.17459
4.50447
7.47206
8.95087
7.79317
4.69284
5.41115
6.62198
6.79743
7.47634
8.63502
7.37171
4.97932
6.95936
6.12086
4.50804
4.47522
4.5584
4.5457
4.9499
7.43092
5.10018
4.3848
6.38727
5.00538
6.55867
4.84963
4.53152
7.36715
5.49288
6.57539
8.85075
8.89328
6.5023
8.6216
4.6152
4.50544
4.61946
5.06691
6.80129
9.01371
8.07462
9.1244
7.74167
5.45413
4.76786
5.59866
4.9595
5.06007
4.53648
4.72928
4.61756
7.37692
4.90396
6.24391
8.30566
4.32191
7.62508
7.76278
7.65597
5.16864
6.76275
10.0714
4.58084
6.24692
6.80464
5.03307
4.68653
7.66565
4.63978
4.45931
5.62258
4.29361
8.75667
9.28375
6.82179
4.35831
6.19756
4.53441
5.53276
6.68164
5.78628
5.8372
4.53077
4.98558
8.00059
6.88537
7.33004
6.87445
4.52202
4.58407
5.20491
6.11434
4.9803
6.42807
7.35694
7.18304
5.39527
4.65845
6.04502
6.34062
4.22471
8.60985
4.96402
4.51162
5.28411
4.57424
4.53471
5.75925
6.59484
5.02421
5.2431
4.82144
4.49604
5.98378
7.95589
6.90386
8.59136
5.54892
7.35534
8.1268
7.35208
8.8417
5.71326
7.91743
7.01724
6.19103
5.14214
7.27542
4.75353
4.56452
4.58381
5.88481
6.29714
5.70771
4.38054
4.89524
5.33351
7.40562
7.48302
5.37808
4.71317
5.16378
4.38594
4.69173
5.47441
5.25878
7.1601
6.65452
8.57502
5.67994
4.70455
4.62015
6.26158
6.79661
6.76131
4.54261
7.15252
7.25966
8.82213
4.92084
4.72244
5.63832
5.36555
5.09411
9.00148
6.64819
7.66369
5.03198
5.53895
4.85853
10.0968
5.24083
6.36572
5.54364
4.73591
4.50381
4.56873
8.40221
5.03158
9.36344
5.1748
4.9352
4.57026
7.21563
4.3862
6.02642
4.54335
5.00904
5.36085
5.69736
6.84322
6.52526
6.96884
4.9323
8.80213
4.75492
4.52833
5.46967
5.07227
4.72083
7.07912
7.61292
4.87664
9.3697
6.38534
7.02615
6.70982
4.91844
13.3502
5.06734
6.80932
6.31461
4.76537
5.00628
7.28051
7.0939
7.76771
5.9499
4.59588
5.99155
4.63499
6.00323
5.20971
7.18257
6.85304
4.52712
6.03772
4.71765
8.56607
4.90232
8.98522
5.34606
4.67995
4.98821
4.5115
4.54088
5.11249
7.73893
5.7075
6.91203
7.6255
7.37433
4.74044
5.34151
8.9724
8.29029
7.76995
6.85976
8.46008
6.94739
4.85378
7.28554
6.14176
7.21604
7.45952
4.89416
5.91497
4.88872
4.40789
4.5585
4.84574
6.33205
6.02851
7.30979
7.27373
7.24892
4.63172
4.66848
6.77864
4.58335
4.92763
6.76786
6.51415
6.8177
7.88172
6.26839
5.95569
4.90366
4.89284
5.04053
4.54816
4.84615
5.40784
5.53576
4.64995
6.71568
6.64408
5.3605
4.89388
5.64947
4.89434
7.45963
5.31977
7.57538
6.75162
6.74594
6.81029
7.6628
5.59482
5.1247
4.69791
4.66589
5.62803
6.9723
6.85448
5.59262
4.59619
7.45542
5.35349
7.69885
6.03343
4.47048
6.69131
5.22321
4.5705
5.93405
5.75302
7.05724
4.98245
5.60432
5.03989
4.98492
4.632
5.3039
4.56634
5.43417
7.79804
7.21176
9.12073
4.56469
6.31833
5.25966
7.74883
4.29616
4.46318
6.17015
4.64625
5.29602
7.95379
7.6506
5.10501
9.17665
4.94792
7.68299
4.50815
7.55346
4.58677
5.68938
6.99024
8.98004
8.22343
7.65347
6.80977
4.67574
4.63195
7.29897
7.61573
7.46642
7.49217
4.42244
6.47084
3.96272
4.53447
4.64763
6.30189
7.36245
5.40561
5.19055
5.86997
4.53405
4.65277
5.97222
7.4467
7.24702
6.30927
6.80275
5.69894
4.80971
4.72331
6.30049
6.56895
6.01535
4.65246
5.0449
4.52223
5.26834
6.34561
9.24728
4.63876
5.37354
5.03658
7.74855
5.68142
4.6194
5.94219
4.74595
7.32808
6.80953
6.44155
6.16152
5.0543
6.43732
9.25411
5.41833
7.39322
5.25404
4.65689
8.72271
4.41171
4.95145
5.12992
4.61857
8.4551
5.35903
5.78576
4.58143
8.84502
5.98727
7.79196
6.86796
7.92276
5.90349
5.39159
5.99151
4.60819
5.43664
7.91503
8.05106
6.49705
5.9616
6.74567
8.34512
5.7568
8.01046
6.15663
7.37103
6.13879
4.53169
7.22094
4.53122
5.09166
7.91263
5.57358
6.75554
6.04585
6.46925
4.53184
4.72841
4.85985
6.05959
4.6293
5.50689
6.11352
5.30011
4.6802
7.21073
11.1128
6.68305
8.32757
4.6271
7.35207
6.18093
5.57923
4.93975
7.1547
6.72779
7.8332
4.86071
5.93698
6.20824
4.60428
6.69857
6.8362
6.90635
7.25968
7.20041
9.32446
5.52877
7.49814
4.6564
4.62012
5.16337
8.13944
4.93756
5.09796
6.15957
4.49571
4.6399
6.67631
5.12309
6.80569
6.71267
5.01276
4.43119
4.46583
4.59955
7.39904
4.45037
7.00985
6.06909
4.76663
8.85122
7.54749
4.94697
5.47873
7.47999
5.05176
5.46679
4.72843
6.14713
5.03091
8.00766
5.91491
4.6365
4.83158
4.59184
8.20563
9.14081
10.0276
5.50955
6.85594
5.80819
6.67571
6.49223
4.51733
5.36821
4.52757
6.51927
9.04443
4.67798
8.77676
4.98562
7.2597
5.18061
6.77218
6.02258
6.03173
7.66304
8.89254
8.78804
7.35788
5.16996
8.37574
4.66262
4.60578
5.94119
4.28418
7.30937
4.76317
6.40029
4.97453
5.27587
7.42098
5.85575
4.5989
8.14565
4.58896
8.25359
5.15254
6.93848
4.51427
4.47911
7.79669
6.7022
8.1254
4.81948
6.80978
6.25534
6.09481
6.20889
8.42896
6.72724
4.588
5.90156
4.57852
5.96379
7.33032
4.7321
6.32044
4.59911
4.00054
3.95088
7.44148
7.34638
11.3743
7.21375
4.62281
5.18524
6.14739
6.0072
4.5087
8.0925
4.91702
7.80915
4.60026
8.53977
7.2664
6.57197
4.88459
5.96053
4.41812
5.6765
5.80048
4.63
5.33394
7.14232
7.28546
6.26389
4.73123
4.59711
8.60687
6.7162
7.28335
7.23259
4.70649
6.68359
5.8123
7.27007
6.06292
4.99105
4.42189
5.84161
5.43934
4.61723
5.84491
5.12371
6.74204
8.77968
8.97573
6.16373
5.59362
6.03728
5.11982
8.4806
6.78515
7.9736
5.14649
6.66729
4.34626
4.90461
7.93605
7.33043
9.54642
6.83604
7.3277
4.65707
4.94336
5.01489
6.81419
7.21497
5.16046
7.33058
9.21428
4.90748
5.38596
7.13143
4.51126
7.87091
4.65025
6.08083
5.93569
6.72669
5.90786
5.93127
6.59549
8.71705
4.83347
7.02006
5.96171
5.38678
6.42862
4.60227
4.51541
6.1607
6.19403
6.58243
6.78574
6.15206
4.59525
6.0719
7.158
7.45739
5.77936
4.88053
4.87181
8.95517
5.17769
5.7196
5.24749
7.61324
6.07156
9.12282
9.07971
7.86121
7.08363
9.02458
9.09853
5.65113
6.21596
6.0552
6.10838
9.66831
6.13617
4.98526
6.66588
5.05733
5.27532
4.63045
5.50062
7.33952
5.40591
6.15725
7.1757
5.116
7.18759
5.50042
5.27635
4.41782
5.80274
4.64366
4.6098
5.61341
4.63024
7.72781
5.92727
5.00639
7.50583
6.44298
7.74023
4.46884
4.82683
6.72393
9.3481
5.82732
3.96241
4.42182
5.43468
4.00147
5.80454
5.63102
4.58987
5.31586
7.67761
4.86272
5.97955
4.991
4.57195
5.46834
8.22937
4.76561
6.63353
4.48473
5.36861
7.85115
5.11483
5.20324
5.10265
6.18136
10.0038
7.36188
5.34914
5.1006
4.56424
5.40518
9.47972
4.81797
5.60328
5.60066
5.00458
5.10359
5.45442
4.59479
4.84261
4.89929
4.63017
7.49959
6.25563
8.59982
6.75178
5.80182
5.40168
5.43774
5.31596
5.93724
5.13716
5.36251
5.31132
5.2218
4.74918
5.63526
6.55991
5.36252
7.98904
5.18025
7.78907
9.0272
10.4066
8.81017
4.86611
4.57631
4.81232
5.10374
5.17811
5.35544
6.15015
5.28576
4.58014
6.23491
6.66318
5.23801
5.43086
9.13885
5.45479
6.74534
6.15412
5.20809
6.70097
6.71525
5.97548
4.87403
8.0691
5.79011
3.96795
8.52386
4.87088
4.62901
5.88708
4.72612
6.98067
5.63143
6.58554
3.95868
6.5624
5.29996
5.67594
6.75235
10.2559
7.43998
5.38149
4.83864
7.67626
6.83098
6.95433
8.01232
8.23121
8.77473
7.83389
8.81837
5.30277
8.0319
8.64986
4.91549
8.40804
5.01119
5.92499
5.20415
4.85729
5.19317
6.89407
7.20542
4.64516
6.42444
6.16558
6.3858
5.28129
9.051
9.58545
9.16724
8.36023
7.73807
5.7053
5.89431
4.54167
6.03481
4.62009
8.82646
8.18346
8.48211
5.91038
8.52357
4.6946
4.6818
8.98559
7.19366
7.26494
4.63287
4.59286
7.25824
4.63386
6.19535
4.86164
5.55822
9.38452
8.96586
6.71802
6.74458
6.72265
6.9713
5.54741
7.91658
5.1065
5.95594
5.97325
6.11232
4.03853
5.85909
5.3266
7.5849
6.15605
6.93936
6.75316
5.15673
4.83854
5.15446
4.84658
4.37491
4.63596
5.17718
6.85501
10.3488
5.23781
7.12458
6.05066
8.21558
8.53746
4.58589
6.00203
4.68202
5.04876
5.81444
5.35951
5.89585
8.03391
6.6905
7.93237
10.7571
4.59536
6.23671
4.63262
6.11512
10.3415
4.92708
4.241
7.14531
4.74522
5.05077
5.75067
8.27113
5.58391
7.22905
7.07923
5.97655
4.69253
4.70952
5.11385
4.68604
8.2707
8.46146
7.58487
9.00424
5.42646
4.64756
7.80961
4.58416
4.18539
4.56244
5.85852
8.91143
6.39513
4.48971
6.70507
4.77208
5.2865
4.84602
5.7293
4.63103
7.91355
6.14039
4.58794
6.80281
6.34638
5.94374
4.62908
7.83859
5.9922
7.91791
6.08847
6.12605
4.52327
6.13843
7.64414
5.46994
4.72756
4.09172
6.70623
5.1546
5.50323
7.54755
4.96601
7.79708
4.58934
7.33705
7.72785
4.84303
7.6521
5.34718
7.49674
3.94847
5.30187
8.91312
5.55693
9.50953
4.77761
7.713
5.69897
5.92889
4.72845
7.72812
5.27901
4.55538
7.07595
5.48276
7.23571
7.20381
6.53046
8.08936
5.48705
6.15327
5.44483
7.7723
5.03623
5.44462
5.55585
4.96296
4.98981
4.93344
5.51113
4.93909
5.48668
5.15875
4.91946
5.64217
5.74628
5.73086
4.9691
4.72838
5.45225
4.57269
5.03678
5.01077
5.34833
4.50248
5.82317
5.60979
4.54921
5.89982
6.69138
8.61334
4.98116
5.24781
5.17861
4.58539
4.88307
5.05491
7.21197
5.20686
5.04597
5.53368
5.72067
5.39617
6.16559
5.20912
7.1529
4.7171
8.01168
6.66949
4.85868
7.26316
7.25783
8.08879
7.1569
6.92235
4.87623
6.19536
4.92955
9.05886
7.46513
6.14964
6.09292
4.57938
4.42491
10.6983
4.38037
4.80661
6.56493
7.03385
4.88752
4.9818
8.17284
7.99751
9.16567
5.07744
4.54377
6.18899
4.93354
4.57947
4.6147
4.59442
6.46259
5.07006
5.10778
4.62546
4.79939
7.00362
6.84718
4.90033
6.76444
4.50416
4.71359
7.0757
6.77761
11.4581
5.45338
4.57238
5.31877
4.93286
4.9458
6.46061
5.81731
7.25833
10.6085
7.70655
4.71404
4.5395
4.5429
5.56905
4.76725
5.15521
8.18917
4.64312
5.14858
5.09056
8.13152
5.13672
5.08978
4.9225
4.87597
4.90889
5.37698
4.4067
7.15292
4.72821
6.67187
5.34825
6.40332
5.85658
8.57625
7.66966
5.24438
6.21572
6.86865
5.92044
5.9621
5.68914
5.50595
5.74473
4.95997
7.40056
7.71497
7.2617
5.04991
5.47233
8.65302
4.98587
8.15127
5.29374
4.9642
6.05596
5.24282
8.3489
6.67
8.0875
6.9439
5.34669
5.68727
4.6344
5.2416
7.47276
6.66822
8.93138
11.2003
5.43248
4.53028
8.06406
8.06022
8.0533
4.63936
4.63569
7.6132
6.11166
4.51452
7.8222
4.60837
7.61514
6.2932
8.72052
4.98601
4.54533
5.82324
4.57652
5.71362
6.77795
5.0747
8.26338
4.82308
4.67329
6.69933
4.63678
8.83517
5.44004
5.36905
5.28551
7.97776
8.75019
4.00439
6.5009
6.6698
5.27745
4.42543
5.34332
4.61734
7.15584
4.86427
7.19503
5.67183
7.62349
4.77637
4.63978
8.77393
4.44448
8.10535
5.19226
4.24194
5.21391
7.65991
4.99258
7.73503
6.53528
5.23596
8.496
5.06303
6.25318
4.89904
4.52798
7.54818
4.44588
5.81583
9.35978
4.52966
7.8856
4.96331
6.13219
4.60786
5.49331
5.81651
4.83046
7.26485
4.63667
4.51062
4.56699
4.54889
4.59015
4.60867
4.59714
5.8902
4.49892
6.26249
4.59443
6.3399
4.76612
9.02837
6.04307
4.58002
4.60763
9.23428
5.25655
8.03514
9.49998
7.21593
6.68979
5.37632
6.1945
6.45272
7.49935
5.79982
7.90068
7.31232
6.08498
5.08366
5.38716
9.0199
5.27142
5.70126
7.33391
6.43463
6.25765
5.19596
4.59017
4.57236
7.2014
9.73202
4.52909
4.5711
5.18058
4.54459
7.39925
4.90223
6.59544
6.08731
7.24226
4.95862
4.65088
4.5726
6.04778
7.79661
7.74725
4.94562
7.33853
10.2296
6.75992
6.61216
7.92284
5.58231
6.05667
4.57295
4.96192
8.20975
4.69525
6.65266
4.85675
7.33274
5.06514
4.62875
5.05911
4.00519
8.12086
4.57589
6.2674
4.59292
6.32439
5.69319
4.48352
7.39018
6.12688
5.1542
6.00705
5.18928
7.96939
8.58451
4.68913
8.7356
8.60191
7.49272
5.9579
4.60685
5.0908
6.08809
5.89889
5.07073
6.08841
6.2288
4.94887
7.39355
5.50721
5.71205
8.01155
4.63317
4.61967
5.92923
6.18483
4.94255
4.48714
5.70186
3.94568
4.58538
5.41502
10.7107
5.4667
4.47409
9.30428
4.53657
7.29524
4.77044
8.55442
4.55947
5.56211
4.77401
5.48897
7.06677
7.90242
6.93739
4.60423
5.20053
10.7777
5.22037
4.58797
5.95573
5.09209
5.0087
8.00579
4.60763
5.06821
4.56664
5.04767
4.66014
6.0842
4.30459
7.33977
4.9486
5.00223
4.92633
4.59694
8.71523
8.78248
4.95363
4.65519
6.62455
6.92037
6.19354
8.76388
6.34083
4.92942
7.67798
7.0174
8.21343
7.11035
9.60322
8.36924
6.67569
7.64747
5.11537
9.1245
4.63811
9.34708
4.66921
6.12999
7.25939
4.80346
6.08775
5.04721
4.61481
5.71809
7.11192
5.7901
6.31722
5.78504
6.17607
5.36429
4.58642
5.1563
7.41894
8.23767
4.89434
4.70231
5.93072
5.60621
4.54967
6.00415
5.10685
8.45678
5.31587
4.89219
7.09809
4.62656
4.91754
5.06361
4.64507
5.29189
8.86372
4.46258
4.42771
4.50505
7.52035
5.18753
4.61639
5.10399
6.44554
4.61662
5.82163
4.60504
4.83098
5.44027
4.5992
4.97896
5.01643
5.72099
4.58311
7.07991
5.23798
5.02997
7.07138
4.60689
6.07705
7.38091
4.56055
4.56173
9.07291
6.38526
6.518
5.56183
6.35697
5.54478
5.30231
5.3368
5.78535
8.75328
7.19954
4.78214
5.90799
4.78699
4.62008
4.60833
6.52545
4.68147
4.6457
5.75273
4.62467
6.07942
7.12731
5.02814
7.48862
5.11897
6.13456
4.53362
4.85579
7.40696
5.96095
5.96311
4.8755
6.23241
4.51757
8.02376
6.91097
5.15675
9.86386
4.98573
4.78216
6.27644
4.58796
4.9706
6.67306
4.94482
8.19033
8.36792
9.19153
5.41176
9.26858
6.10977
4.96905
5.24986
4.6815
4.65754
4.84125
6.82725
8.40852
4.93968
6.8455
6.78942
6.86317
7.16458
5.11117
6.16443
5.25607
6.79104
6.72878
4.81079
5.38766
4.50485
5.37463
8.56722
5.47655
5.5494
7.3059
4.58523
8.0503
4.99454
6.36676
5.75372
5.51757
4.51972
4.62619
7.37354
7.27605
5.77149
6.1429
8.08357
4.65766
5.07971
6.35709
5.59672
8.09406
6.01867
8.20308
8.36485
4.67683
7.0845
7.76277
6.0226
5.68453
7.63842
6.40774
5.77338
6.96971
5.22686
6.3704
4.60017
11.6411
7.17857
5.74424
7.28061
5.31172
7.32036
4.57393
5.42172
4.70449
5.32775
5.98984
4.6981
5.61641
4.60099
9.06568
4.63989
7.25383
4.77607
6.5449
5.97571
6.02269
6.90265
5.23552
4.67683
8.005
3.95297
5.08373
5.2472
4.56451
5.95727
3.94143
5.73317
4.55415
8.09368
7.09453
5.18086
6.56857
4.83396
4.59435
6.5915
7.80391
5.48794
6.59532
5.04608
7.14395
4.60419
4.83252
7.22187
8.41761
5.01446
5.0523
7.59872
4.40238
6.77574
5.42535
10.7683
5.80086
8.58332
6.97094
4.55534
4.78346
7.10691
4.408
7.19737
7.39439
7.33545
5.9627
5.00756
4.82405
5.51408
4.69526
6.67667
4.79595
9.13134
7.32186
4.7385
6.67588
4.75871
6.02128
5.67541
5.24837
7.72533
6.65464
8.65513
5.37794
5.12553
5.28617
6.62013
4.4508
6.56555
9.0139
5.64204
4.69585
6.73717
4.56648
4.94967
7.40274
7.08484
7.36107
4.59006
4.5666
6.1102
5.00087
5.10649
4.5371
7.22319
4.60254
6.1019
4.72024
4.53742
5.19063
10.7457
8.84627
5.03744
5.73054
4.64046
5.09618
8.11296
4.92687
6.57984
5.11138
4.58236
4.58494
7.24884
4.71739
5.06622
4.87242
5.8344
4.49984
8.93624
6.67259
5.03371
4.68014
7.16449
6.22996
6.12587
4.58502
6.63251
7.68017
6.63417
5.19112
4.86701
7.17585
7.15418
6.76069
4.53769
4.6215
4.8776
5.89062
6.2639
6.71947
6.12718
5.47964
5.37746
7.55957
4.7074
5.97088
5.01918
4.61899
5.52247
4.56074
4.54258
5.10569
4.68477
8.71497
5.52421
5.56961
4.10008
5.30455
4.56445
4.83826
4.67741
5.00335
5.3816
4.52265
9.04326
4.73694
4.58396
4.52203
6.6052
4.64915
6.64313
5.43055
7.2776
4.72061
5.57855
6.58279
5.22478
5.53516
8.71753
4.70448
7.27809
5.68319
5.21894
7.59383
4.84935
4.55239
5.30057
6.61151
6.3816
4.68117
7.16733
7.2862
5.86605
4.60225
4.71137
4.99483
5.17904
4.57387
4.5972
6.13945
4.89761
4.7439
4.65898
6.26493
8.2294
4.52645
4.5537
7.9637
4.46246
5.72161
5.06247
7.2594
7.21514
7.16798
5.66726
4.35655
3.95539
4.90279
4.39271
8.97006
7.15447
5.08491
6.76393
7.14063
6.77836
9.04251
8.12729
8.70782
6.85888
4.99499
4.84358
7.45481
5.54897
4.55871
4.63969
5.31612
9.22074
5.24177
4.63881
4.76497
4.97674
5.63755
8.5706
4.60898
4.63853
7.61181
4.57981
11.1923
8.30692
7.60346
4.52085
4.39125
5.77262
7.35439
7.72471
5.08146
5.07431
8.77408
6.43385
5.10813
4.60422
7.23666
5.09097
4.63629
4.59527
4.66941
8.56368
5.09498
5.24692
6.41519
6.94334
5.18835
4.80826
4.52001
6.19529
6.75777
4.63765
7.04943
6.17526
5.00894
5.74118
4.91976
5.57704
7.22131
8.14205
6.10854
9.8786
4.4427
7.23898
7.51096
4.22052
4.88928
6.56561
7.69642
6.08503
6.08032
4.65969
4.63823
5.20332
5.68532
4.60136
4.55708
4.61979
7.20311
7.42525
4.68382
5.51169
4.50198
4.59207
7.2639
5.51817
7.13776
4.55714
4.58203
5.94917
7.38119
5.53373
8.10251
7.61461
5.00298
7.36627
7.22822
5.71697
7.58677
4.63239
4.59771
6.70721
4.59877
7.12617
7.14468
6.92387
5.00988
5.86897
6.6208
7.99179
5.43955
7.28141
7.39453
4.45993
7.5825
4.60659
4.55596
8.12898
4.96041
7.67891
5.3194
6.62113
6.1352
7.75429
5.85261
7.5031
8.7439
7.07026
7.22248
9.27059
9.23466
5.78802
6.1018
6.65254
7.6046
4.63545
7.56288
4.62022
9.12359
6.07261
7.62278
6.09484
7.39474
7.48212
4.4197
7.05102
6.64914
4.62624
5.93778
5.99178
4.81178
4.56667
7.36284
5.84313
8.47513
5.18568
7.49824
5.26354
5.14366
4.63385
4.75233
4.19063
4.52787
4.52787
5.03265
5.20132
7.6825
4.73058
7.71148
3.95227
6.99948
7.29376
5.17629
5.19274
7.49319
7.87802
6.54638
4.79095
4.53709
5.40974
4.59083
9.80962
5.12339
4.45097
5.38492
4.96439
4.58485
5.16857
7.91475
5.03395
7.87694
6.12534
8.02277
4.87425
4.52096
4.63498
9.08406
4.29158
7.27819
7.25752
6.1231
4.86719
7.76537
4.74793
7.27028
5.41075
5.36186
7.33935
6.16935
4.90502
7.96821
7.34052
5.04706
5.56755
4.62988
7.25982
7.12495
7.25348
4.38843
5.16065
5.82926
6.58684
6.67508
7.50172
4.60972
5.04453
4.63069
5.40839
7.45175
7.21196
4.67555
6.06907
6.73159
7.36562
10.3693
6.73548
4.17453
5.0523
4.56389
5.07296
6.37287
7.15281
4.51256
5.86364
6.83416
5.14007
6.93055
4.59849
5.05301
7.51865
5.05019
4.68814
5.07634
4.59651
6.94642
5.15803
4.51676
4.34649
5.11513
5.6087
4.91615
5.06016
7.60205
6.672
4.55761
5.02828
4.96699
4.80076
4.80337
7.60709
4.67375
5.44847
4.63858
5.35765
5.50067
8.62896
7.21012
6.59404
4.76654
9.06694
4.6023
5.07712
4.37589
5.99662
6.37515
5.23924
7.93632
6.67224
4.5982
4.60054
7.36164
6.02689
5.00422
8.34988
7.68487
7.57283
5.5059
5.0508
5.10012
4.62548
4.65469
5.87755
5.13996
5.93667
3.95339
4.63464
7.25022
5.29843
5.04598
7.45827
9.26795
7.23956
7.19931
6.108
4.88568
8.78013
6.9585
7.26428
5.24031
4.62533
4.54397
7.97579
8.07884
8.35746
5.84233
4.64563
4.01632
5.11981
6.60699
5.38246
5.0109
8.09628
7.36184
5.12647
4.62112
4.88978
7.10131
7.58068
7.27596
5.00916
5.07471
6.76639
10.7767
6.18693
4.54036
4.69068
9.40533
7.69376
5.28621
6.08874
6.19108
4.55906
5.25291
7.84651
6.2056
9.19111
6.84888
7.54137
8.56337
6.23808
7.21928
7.51984
4.69205
4.61609
4.63207
5.0024
7.52035
8.2806
4.60546
4.98441
4.56308
8.36113
8.095
8.04808
9.04498
8.94246
9.08905
5.22725
7.18439
4.5673
7.25819
5.17068
4.86796
5.21769
5.17005
11.3636
6.54385
4.97544
6.73436
8.7944
5.98019
7.41721
6.5711
7.20286
7.0824
5.19526
3.93756
6.82993
6.74772
6.79216
4.46876
6.73823
4.60473
4.51689
7.13093
8.67185
4.73066
5.80272
7.96781
6.55482
7.54698
4.98501
5.96418
5.31346
4.43826
6.75126
6.33666
8.38221
6.75932
5.13135
5.55301
4.6373
4.40368
6.51196
5.11806
8.07951
4.61461
4.81275
7.11056
5.41601
7.17832
7.23891
6.81168
5.4736
4.65589
6.74914
4.6897
8.69431
6.99807
4.81142
5.68763
9.06604
8.91302
6.04372
7.50992
7.55553
4.48189
4.85163
6.13869
5.04602
6.74415
7.84932
8.13814
5.93479
5.97424
8.03374
5.86585
5.4758
8.08655
7.40772
6.73555
4.61279
5.91314
6.91382
9.15321
4.57292
6.03593
7.67198
7.55138
7.83615
8.03332
7.59614
4.72592
4.98847
4.73565
5.35197
4.62062
6.79626
4.07215
5.48136
4.57095
7.65982
8.38483
5.01675
5.40696
5.0178
5.61419
5.46125
5.36522
4.99256
7.24148
10.4174
5.74203
5.62417
4.5779
6.9545
6.72606
4.35933
4.69111
5.31183
5.80944
8.8351
4.57589
4.8832
6.74351
5.68037
4.88829
5.21426
7.69929
4.57119
7.19505
7.55525
9.4106
4.95828
5.08487
6.5393
4.98418
4.90399
4.73804
4.18419
7.5251
4.77194
10.4498
8.77035
4.57142
6.27327
5.04196
6.52833
4.63271
9.2664
7.34031
4.84781
4.6437
8.01708
4.60456
6.03121
4.61131
6.61325
4.61031
8.09531
5.16433
4.52925
9.4001
9.39635
4.67858
7.1521
5.27472
5.07674
5.29086
5.3377
5.39201
6.63317
4.98083
5.61185
4.61524
5.02235
7.25246
3.94256
5.42496
5.04423
4.96958
6.032
6.35697
4.62613
4.59471
4.79704
7.53562
4.67127
6.02963
4.52376
5.21258
5.0635
4.51769
4.58107
7.61172
5.31446
5.84574
6.03694
4.55705
6.80368
5.46043
7.4788
5.43786
7.18525
6.89258
4.59848
7.20627
4.86236
4.7692
5.1173
5.2361
4.55795
4.53684
4.40813
5.7782
4.71106
6.79693
7.01354
6.94687
5.15095
6.98345
4.97956
8.49208
6.82062
7.84741
5.92427
3.95203
5.74222
4.6542
4.58345
6.21366
5.17915
4.80372
5.87071
6.09997
7.09737
5.18742
4.65322
4.55926
4.62431
3.95281
6.57718
5.56303
6.21641
5.48776
5.28697
7.01743
6.76024
6.00606
6.64179
5.09352
6.5075
4.66919
4.41277
7.37147
7.69042
8.25749
5.28461
6.42469
6.22676
7.17686
4.4414
5.71393
10.7284
6.56254
8.83792
4.58606
4.62135
6.75682
4.61789
4.90998
6.93479
4.81611
4.7453
7.28497
5.43664
4.89509
3.95322
7.23609
4.48704
4.8469
9.19746
5.26944
6.79049
5.0514
9.3598
9.10648
4.82044
5.88514
4.31731
4.60859
5.69032
8.27427
4.9029
5.50548
5.21587
6.80006
7.39339
6.52001
7.2864
7.24896
8.38165
5.53808
5.22616
6.91706
6.7055
6.55659
8.43684
4.46647
4.78694
4.44691
8.03142
7.17985
6.74851
6.45389
4.53688
4.88536
5.20878
8.15546
9.03102
5.93328
4.69417
5.61159
4.66282
5.17734
5.074
5.22829
6.37168
5.12886
3.95483
4.58461
7.45125
6.25276
4.87603
5.05083
4.54766
4.93698
6.93299
5.58049
4.59087
5.14755
6.7185
4.58945
5.82146
5.23646
7.13552
5.39773
6.60271
7.21517
4.59875
4.52496
7.27395
4.52189
4.53234
6.23798
5.16972
5.13921
6.74437
7.33187
5.94397
5.00364
7.24562
7.44447
6.22399
4.9815
6.57736
6.88925
5.80385
6.82114
4.60102
6.59872
4.60576
7.47369
6.90508
6.36952
4.59612
4.78841
6.96804
6.90152
4.35295
9.67772
4.88512
4.62598
5.00152
4.61728
7.06186
4.69266
5.661
5.20885
5.06643
5.16433
5.20451
4.66316
4.52936
5.54332
7.07786
4.66742
7.28906
7.63751
6.62763
7.61565
4.62133
6.67562
7.26073
5.71948
5.73398
6.5079
5.28559
5.36796
7.83058
9.77965
7.73069
4.65917
6.6426
6.75639
4.68311
8.33569
4.7588
5.24894
5.19159
4.64963
8.75607
5.47237
4.8952
4.98511
4.85696
4.27154
4.79456
5.10459
5.79529
7.23817
4.71282
4.66741
5.65694
4.60823
4.8249
6.94934
5.68369
4.96525
5.3643
6.28596
7.34332
5.4271
6.54757
5.1425
4.00767
5.11394
4.54164
6.99066
4.52668
4.59227
4.56496
5.97353
5.2895
4.61977
6.44129
5.20639
4.55278
4.79956
5.42198
7.08543
4.39128
5.86661
6.06069
5.07067
7.30988
4.88429
5.86789
4.54248
7.20731
7.66799
4.37045
4.60264
4.85003
4.93945
4.19471
5.33011
4.73521
4.95599
6.69307
9.09202
4.3362
7.50964
5.98394
6.42053
5.98781
4.68399
6.4235
7.28275
4.93596
5.09619
5.16061
6.31476
7.60241
4.61538
8.1824
4.81034
5.90619
7.13183
5.53313
9.36466
5.06374
7.06016
5.1989
7.29736
5.8756
6.068
5.7326
7.67558
4.6408
8.74634
7.09833
4.59277
5.66016
7.32155
4.39476
7.63143
5.73465
6.89287
6.20145
8.66671
8.77322
6.24624
5.68785
7.01669
7.67586
4.62144
4.61788
6.86992
5.81866
6.82152
5.74447
5.42208
4.50948
5.0899
10.6681
6.59125
5.72162
6.66467
6.49875
6.77401
5.26629
5.2262
6.23215
6.10405
6.22098
4.77502
6.95591
5.53113
8.76847
4.95756
4.77929
7.95165
5.55744
7.47579
4.5897
6.76846
5.65571
6.86869
4.60668
6.33371
4.23075
5.65138
6.56776
6.72128
6.66875
5.47785
4.64317
4.58606
6.59599
4.96822
7.92333
4.62182
4.64922
6.68412
8.29178
4.58028
5.61625
6.58054
7.37238
6.19606
4.60328
7.17346
4.69363
6.89786
4.6203
5.79955
5.25654
4.57692
6.33358
4.60399
5.04891
6.80197
7.5672
7.4593
5.14612
6.57735
4.60153
7.13429
4.72896
7.19246
4.7174
6.66602
5.61922
5.0145
4.62817
4.66972
5.01731
5.98305
6.41565
6.69225
6.85687
6.61899
7.54873
6.17444
8.1427
5.81994
9.15794
5.28093
4.79701
4.73318
7.78202
4.99212
5.75364
7.47095
4.62051
5.37986
7.24423
4.62448
4.80409
4.68047
4.87119
4.71729
4.79877
4.80583
4.82027
4.92271
4.62504
4.77792
4.70371
7.86223
6.12234
4.64817
6.12787
7.94068
7.77504
7.47708
6.24394
6.76156
4.60627
8.66353
4.58141
5.47101
7.77341
6.74284
6.40982
5.12709
6.94288
4.59955
4.62453
5.23499
7.42576
4.4238
4.65758
4.73503
4.50448
8.37358
6.44819
5.36359
4.56065
4.91744
6.00905
7.27335
7.67758
4.58348
6.75849
7.4858
5.97019
5.38783
4.62251
6.31066
7.42185
5.89276
6.60841
5.00871
4.61726
4.59587
6.78172
7.72698
7.03753
4.60988
7.88188
7.66319
4.8884
4.91229
5.54212
4.59656
7.58086
5.21953
4.46779
4.71861
7.36243
5.03395
5.50459
3.97535
6.79836
7.04111
5.20334
6.16651
5.35509
6.60717
6.24823
5.39854
4.58656
7.24303
4.68852
4.5451
7.32028
6.88075
6.36786
6.75787
4.64029
4.69973
4.70916
5.54845
4.72766
7.69485
5.35667
7.41788
5.95116
5.60649
6.15152
5.15225
4.9294
5.26555
6.57212
4.33078
4.62603
4.67817
6.89282
5.94771
5.47778
5.70515
4.9759
5.10251
7.27597
7.85571
5.19645
4.14551
9.51551
6.9276
7.75808
6.02726
6.50392
4.6166
8.56787
9.03304
10.1077
6.5525
4.67956
4.84914
4.59537
6.3553
6.74882
4.67297
5.03413
6.48416
7.82263
5.27156
7.27035
5.22601
4.62603
5.47379
5.75373
5.46723
9.03188
6.37611
7.3305
5.88164
6.18486
8.95047
4.52365
6.63764
5.13742
7.80691
4.59096
6.17057
5.14849
4.57996
7.76586
7.80398
5.0781
6.84039
4.59007
5.42706
4.88997
5.01917
6.43469
4.5964
4.66319
5.34902
7.51401
7.06811
5.01095
6.30999
8.52238
5.93365
5.96056
6.44074
4.6053
6.78149
7.46503
4.80763
6.57783
6.06251
8.03625
4.38429
6.65424
7.07843
4.80427
5.63601
4.61459
5.87744
4.62937
5.76197
6.32487
5.81085
4.93132
6.99307
5.38418
4.6078
9.07876
4.60493
9.93607
6.7962
7.98439
4.87765
5.2884
8.1481
6.49785
9.59718
6.25967
7.8776
7.88404
5.51257
6.46088
6.45208
5.38701
7.69057
5.69449
5.97872
4.79675
4.98514
8.11155
4.98138
7.62397
6.13637
6.52525
7.4147
5.22647
6.75676
5.05056
4.66625
5.79987
6.66047
6.5812
4.53891
7.64967
6.7266
4.64101
5.06364
7.53862
6.65654
7.16811
6.6304
5.59207
5.20077
8.34476
5.39056
5.34321
8.15222
4.78238
5.929
6.08653
4.97463
5.12568
6.12546
6.33991
6.11138
5.55492
7.3531
5.47121
5.30046
5.74207
7.59166
6.10155
7.66411
7.26145
7.78196
7.57737
5.5084
5.25438
4.87512
7.21068
4.86973
6.18342
7.29224
7.25169
5.50652
5.47911
4.70058
6.10134
6.0284
6.96993
8.19584
5.40842
6.40583
5.92352
8.06506
4.72456
5.68699
5.25069
8.74441
6.63037
7.72814
4.64718
6.57706
5.8492
8.49878
7.43993
6.75884
5.69092
4.61174
10.7985
6.03695
5.77
8.40134
6.35846
4.62306
7.28171
6.72728
4.43744
4.58999
7.25283
8.24578
6.19956
7.36423
6.85945
7.56247
7.49123
5.96242
6.57436
5.01754
5.23507
8.74883
5.50193
7.93099
6.91783
8.00726
5.06216
6.59294
4.54571
5.46503
6.82548
6.81029
6.78413
5.54297
6.15069
7.46752
6.2027
8.55558
8.1071
6.41721
6.50068
5.98686
9.60302
8.84009
6.34692
4.6523
7.49188
6.78825
5.79219
8.13282
4.62033
6.15745
7.59825
6.17007
6.76256
6.15425
6.92501
4.58877
5.0868
4.65997
6.16702
7.37128
7.86936
4.54284
10.7295
7.82752
5.81915
5.45869
4.45413
4.9826
6.35946
8.91083
8.97817
7.19276
7.35462
6.9194
4.71822
4.62858
5.39801
7.37057
6.73943
7.84208
5.93914
7.36821
5.3374
6.92768
7.66061
7.64406
5.32966
4.86362
6.12202
6.36722
6.45494
5.17179
5.19307
5.42554
7.0766
5.5038
5.77955
6.52041
4.76533
5.37572
4.60858
7.80179
4.87701
7.48805
7.09976
7.46645
6.19008
9.10519
4.58967
6.21214
5.53112
6.37283
7.88047
6.3437
4.97355
6.94704
7.36091
6.6427
4.63918
4.73586
5.40948
7.06949
6.46625
8.77703
7.06396
6.03491
7.35908
8.00253
5.82587
6.76734
4.61285
5.674
6.06079
8.02148
4.62251
5.08392
4.77572
7.91461
5.15735
7.28566
4.51949
6.66946
5.52053
6.18775
5.20831
7.04543
6.08582
6.84161
7.5528
4.56445
4.59353
4.89696
4.67024
4.62928
4.61848
7.65294
6.3668
6.15047
6.09482
6.0364
7.66044
7.82141
8.01397
7.86235
10.8959
5.14791
7.58865
5.44427
6.83685
4.65444
7.61375
4.90566
5.1292
6.67462
5.69812
6.84809
6.82283
6.79547
4.62272
9.58901
6.10233
4.82319
5.49739
7.67124
7.75517
4.9192
7.69036
6.12463
7.28954
5.33466
5.98613
7.25156
7.29599
7.66655
7.03166
5.04698
6.373
7.62886
5.9055
5.3431
6.89133
4.98688
5.46371
5.85878
6.93135
6.78253
7.29106
5.17576
5.74854
7.06801
4.73758
6.29551
8.03195
5.70343
4.57739
5.66424
5.69055
4.42362
8.56268
4.58861
6.39214
5.79294
5.20329
5.95483
5.70257
5.42052
7.26735
7.73593
7.84718
4.65946
5.50295
5.73076
6.06727
5.11912
4.61047
6.45241
8.30811
5.30759
6.93202
5.96589
5.18123
4.62044
5.64144
4.67842
5.8368
4.73196
7.58163
7.87738
7.17853
7.29399
7.71344
8.36811
6.39424
5.30237
7.56321
5.62183
6.18482
4.71478
7.22294
4.6188
5.73605
5.10145
8.97871
7.63118
6.33636
8.76399
10.6627
6.01943
4.97572
6.04732
6.37349
7.7794
6.86332
4.36969
5.50584
6.03663
6.43547
7.76388
6.07025
8.36666
6.86806
5.43193
7.42291
7.02552
4.84143
5.97536
5.25715
4.72596
10.5525
4.63136
7.60071
4.98979
5.47067
4.14672
4.81595
5.0717
6.84922
6.68808
6.7448
5.04836
6.73855
4.90262
6.15512
4.58866
8.01843
4.72012
7.70751
4.85381
6.21732
4.56455
6.13157
6.34683
6.81711
5.99836
7.71603
6.28094
8.92284
8.97587
6.79276
4.61289
10.5834
7.85493
4.62379
7.35404
6.82374
4.96962
4.54867
6.71263
5.1874
4.97034
6.44079
6.61665
6.46774
6.25957
7.47479
5.29782
6.72421
5.88489
7.01117
4.77734
6.35858
5.10013
6.32766
6.88934
6.45576
6.49878
7.41835
9.63076
4.85588
5.18356
6.10573
5.21818
4.59035
7.90572
5.17575
4.63634
6.08276
4.54052
5.62581
6.18892
6.51263
5.70808
4.56188
4.89362
5.78258
4.60947
7.7905
5.2475
6.8584
5.28323
4.7304
5.92704
7.07869
6.45806
4.55013
4.81244
4.64109
6.10098
5.6455
6.04521
5.308
4.98467
4.58399
6.1432
6.65101
6.45934
6.77273
7.38163
6.40228
12.6829
4.90396
5.61514
5.53829
5.73434
4.59965
4.42084
4.61907
5.30908
6.9028
8.995
7.52792
7.74272
7.76885
5.45858
5.30027
4.58413
6.01806
4.55959
5.22069
4.64665
4.57126
4.65391
5.07803
7.36761
6.23741
5.4791
5.21875
6.98825
7.44191
6.29811
6.29959
7.3217
6.62648
6.0564
6.15722
5.10963
5.95005
5.55879
9.78446
6.02466
4.54658
4.57653
5.59538
5.16832
6.37223
5.69131
5.25295
5.69584
8.17426
4.68043
6.03196
8.61902
8.10257
7.99615
6.75793
6.34912
7.49868
5.56918
8.39403
8.15054
7.94993
4.62048
6.75173
7.9156
4.90319
6.74663
7.80135
7.94972
7.9196
8.49123
6.21147
6.27814
8.33766
4.76995
6.06701
5.59108
8.43196
5.18628
8.22946
7.19019
9.65256
5.8114
7.27874
5.44723
6.80522
6.78898
6.81357
4.62943
4.54149
6.2309
8.67101
6.0628
8.02209
4.92437
5.58701
5.63077
5.68872
7.21296
7.78407
6.19957
8.5907
9.13482
7.39803
8.77967
6.64402
6.19342
6.50105
8.43359
7.23722
7.32786
6.52674
4.61148
4.82958
5.03058
7.25747
5.37377
5.25907
5.62034
8.91273
9.19216
6.76839
5.88846
6.77232
4.74798
6.75059
6.83516
4.93287
6.13894
7.42669
5.01793
7.95158
4.59973
8.13104
6.29462
5.05185
5.33546
5.76561
6.52877
7.99581
7.8208
5.63886
4.96755
4.75636
6.31767
9.48777
6.25336
4.89508
8.29134
6.21854
8.31391
10.4993
6.5336
8.56647
5.4598
10.5146
4.73309
5.21663
6.21835
6.86946
8.13389
7.25889
6.48954
7.84142
8.18668
8.38009
5.27724
4.9664
5.54623
5.81979
6.25524
5.06265
8.09464
6.08934
8.98225
6.10757
8.61328
9.00756
8.15793
6.07687
7.81717
4.67517
4.62529
7.37642
7.51312
4.7575
6.34519
9.37475
7.40697
7.95293
5.8763
7.09017
4.80291
5.37962
8.12243
6.61147
7.40963
5.56403
4.64471
5.80724
6.99297
6.31325
7.37665
5.25935
7.00549
4.566
4.5107
4.48985
8.08864
6.91328
5.61536
4.81261
6.88298
6.32158
8.55354
5.38577
5.19415
8.5413
8.11249
7.76604
4.62042
6.49236
5.74701
5.43561
8.01758
8.94634
6.20694
7.23737
5.98337
4.97286
7.86464
5.93771
5.7347
10.3593
5.16377
7.26014
6.08885
7.15714
7.51611
5.94373
7.83928
5.50321
5.89211
7.7087
4.64351
5.70885
4.61043
4.74628
7.23883
5.8684
5.05363
6.22064
4.87384
7.08797
4.64584
4.63409
6.68546
7.38106
6.4698
4.72422
5.94116
5.08027
5.58682
4.57738
6.08699
4.26703
6.41898
5.58297
7.49335
4.75397
5.9437
4.60467
4.87576
4.81269
5.08205
5.66971
5.7295
5.88437
5.92824
6.67329
6.79014
4.57735
4.62058
4.93851
5.21903
6.20586
7.25175
6.07242
5.31334
5.97352
5.88606
4.77791
6.59041
6.94959
8.06365
5.29917
6.613
8.0189
4.58602
6.11849
5.39721
6.40272
6.0199
5.65867
6.31358
4.90838
7.2287
4.99483
6.07468
5.44953
5.30929
6.52344
5.02863
5.43052
6.75877
5.31176
7.94145
4.65006
4.9747
9.27979
4.56786
4.69116
4.8312
7.42316
4.86878
5.96759
6.13759
4.57661
5.5877
5.0059
4.55537
4.60808
5.07
7.96964
4.32236
8.07657
6.05125
5.16542
6.39835
7.30805
6.24973
5.20038
6.42993
7.21197
5.97446
6.41548
5.19102
4.76177
5.77143
9.37032
5.32465
8.37526
4.54299
5.62344
5.23368
6.74381
4.55823
6.69676
4.55054
5.78782
5.40007
6.17206
4.84952
6.8897
6.64064
4.64012
5.00116
6.35225
4.47492
4.59426
5.12651
5.30159
4.62232
4.64762
4.59005
4.56981
5.89364
4.68308
6.07701
6.4836
4.63388
7.71876
6.06591
6.14329
7.19084
7.01435
5.18059
5.48114
6.21881
4.81168
5.28009
6.40947
5.8431
7.33556
6.11141
8.27868
7.30857
4.40038
5.98201
6.66429
7.32265
9.05457
7.64897
4.56628
6.72688
6.51487
7.78083
6.65644
5.89418
6.60702
5.41045
7.61075
5.11836
6.78832
4.43111
5.88871
5.16968
8.97693
7.29008
6.05365
4.61796
7.71778
5.14899
4.73294
5.78023
7.24743
6.67463
6.841
6.78493
6.73938
7.91298
6.61083
6.71955
8.95826
7.90098
5.09544
7.2396
6.15399
6.27298
4.63341
6.37263
7.69408
4.67168
5.82952
7.43555
7.78559
7.90296
5.79
8.36785
5.91859
7.27438
5.58492
4.6146
6.53208
5.95938
6.33504
7.0201
6.10412
7.25647
6.09778
7.51658
6.02669
5.05128
5.96859
5.67128
5.13122
5.52454
7.90425
6.38534
7.56297
8.0001
8.67017
7.31207
5.57332
10.8555
6.19263
6.28544
7.03174
7.54156
7.36334
8.4801
4.3802
7.70535
8.25332
5.19989
6.24445
5.84397
8.11584
7.73928
4.87504
5.71148
8.49647
6.83284
6.61142
6.21419
7.31497
6.58587
6.17283
5.85904
6.24259
6.3095
7.44751
6.27225
4.90643
4.38687
6.01522
4.61269
6.10994
5.76664
6.59315
4.66114
5.39218
6.43407
7.67363
7.76113
7.70028
5.63328
8.50199
7.42023
4.75232
8.2207
5.79228
6.72377
6.55064
6.63738
5.22094
6.81909
6.58091
6.30224
7.25716
7.85886
6.11375
7.98977
7.4368
5.70992
7.29059
6.68354
5.78723
5.42575
7.0729
9.45497
8.03445
4.3519
6.12021
8.09894
5.10566
5.96576
4.61074
8.03349
7.08081
7.27013
8.06615
6.04195
6.29511
5.2405
4.56353
7.00563
6.95963
8.11497
7.51457
6.04591
8.00886
7.2855
7.27333
8.16448
5.53658
4.68203
7.74162
5.4265
9.55094
7.04618
7.871
6.22388
6.48517
7.28354
6.0208
6.29638
7.69563
8.73492
7.14236
6.0941
4.5991
6.75405
6.09158
6.09269
5.80416
8.77021
4.97832
4.69204
10.4167
6.47035
4.79412
6.07701
4.55414
5.92939
7.30593
7.69302
6.66234
5.39825
6.09084
6.69329
9.7351
9.54489
8.02687
5.11966
6.09885
7.34849
6.57894
7.27706
7.27399
5.72251
6.07657
6.68106
7.1571
5.46854
5.06086
6.56072
4.52249
6.10182
5.86442
6.1264
6.07232
6.69787
6.1287
6.8562
6.6964
8.0304
7.12078
7.30642
8.73355
6.74394
6.70215
5.99697
6.6936
4.61664
5.52757
6.78589
6.08962
7.70214
8.40464
7.30291
6.18736
6.05544
7.71035
6.70938
6.10349
5.05694
6.11733
6.57488
5.3147
5.3034
8.00099
8.80276
7.2201
6.81524
7.64831
7.00046
4.59312
5.88984
7.993
6.74512
5.66534
5.7037
7.69577
9.4077
6.81289
7.32851
7.28771
6.85259
6.78696
6.78446
6.84103
6.13
4.89249
8.44585
6.7549
4.62703
5.56635
6.6019
6.17648
6.09202
7.73266
5.87824
5.55973
5.77443
8.98687
8.55603
5.67731
5.76484
5.57277
8.81739
6.03326
5.63848
6.09132
5.13525
7.8796
6.10244
9.32722
5.85179
8.42885
11.5049
4.77186
8.06883
6.16216
5.13755
6.81299
6.09452
5.19318
6.24246
7.18968
6.24204
6.36071
8.80055
7.26164
7.30816
8.99766
5.93531
6.14823
6.71657
5.43539
5.36394
7.65836
6.12929
6.14969
8.66769
5.78048
7.2097
4.90423
7.75619
6.50313
5.05819
5.03956
6.16851
7.85805
5.99875
8.52946
5.16204
8.52846
5.05325
5.03116
4.71076
6.77031
5.97978
9.8166
6.17243
5.97364
8.82648
8.43267
6.36301
9.43553
8.47836
7.83817
7.62962
4.64012
5.72391
5.88496
9.05481
4.77401
5.0377
5.99906
6.69956
6.2403
5.03323
7.23341
5.15445
4.89189
8.51992
8.91381
7.08501
6.47408
7.42657
6.00785
7.47254
6.80698
5.97605
8.24265
8.05065
6.13565
8.50378
8.88299
9.29355
9.4555
6.27328
7.87691
4.62006
6.36557
8.73498
4.944
7.29565
5.44279
4.86944
5.29204
6.72087
7.26289
5.42874
5.60461
7.78801
6.08956
4.60727
5.26067
9.5145
9.49833
7.7988
6.64963
6.24847
4.92862
5.13881
6.46767
6.75537
7.69128
6.2085
4.57866
7.2504
4.51167
7.33613
8.11449
4.91169
7.1495
6.7365
5.40877
5.29552
5.79096
5.74875
4.88343
6.17642
6.42509
6.03913
7.7477
5.14912
5.439
7.69539
5.96497
6.38646
7.41084
4.83985
5.11638
6.69109
4.6257
7.67075
5.4909
5.31481
4.73405
7.21216
5.79756
4.49877
8.08773
5.38042
6.33454
5.9436
6.28676
6.64796
7.65942
9.12554
4.84067
6.99425
7.43616
6.79594
6.07666
7.70791
5.22978
7.74841
8.15182
5.24008
6.83072
5.61078
7.76234
6.50775
4.6377
7.73158
4.40857
7.82227
7.51428
4.97892
7.81804
5.32031
6.38533
7.76443
7.27516
5.66611
6.63212
6.84582
7.53294
6.78808
5.37571
5.79607
6.03627
8.64562
5.7876
4.85542
4.61339
6.32189
6.52708
7.78357
5.9904
5.49938
5.26871
4.86803
8.92122
4.99594
7.74359
5.36802
5.11833
5.36811
5.03121
4.86017
5.11109
5.50011
5.10915
5.15548
5.1351
5.09716
5.46953
6.70523
6.84645
4.90375
5.68139
4.85128
5.09827
4.90209
5.04415
7.12855
5.31104
6.04523
5.13113
5.14216
6.35426
5.05712
6.30845
4.7883
5.19048
5.14234
5.55858
5.50018
5.98918
6.28407
4.99472
5.25058
5.16326
5.27139
5.09154
5.21582
5.91601
5.36226
7.48939
7.75046
5.09576
4.76878
9.08772
5.25518
5.96917
7.4484
7.10819
5.36918
5.30156
5.15112
4.68881
5.26094
7.99606
6.96862
5.92817
5.92523
6.04044
5.01745
6.14917
5.14861
6.05363
4.9033
7.18093
5.26386
5.42199
5.59067
5.11609
5.20686
4.75852
5.3239
4.9292
9.3213
6.24623
4.85344
5.73801
5.94699
7.7994
4.61765
5.29946
6.58246
4.70716
7.89313
5.51358
5.13264
5.26602
7.49281
4.60874
6.58542
5.30717
5.03867
7.33879
6.74629
4.83025
8.39336
5.15221
5.97016
5.93049
8.09159
5.03606
4.81691
5.10857
6.34459
5.23427
4.71263
8.26602
5.30351
5.29589
4.62644
7.79781
5.07582
6.16244
5.77332
5.45689
5.34891
9.36087
6.21383
6.13186
4.9854
5.42558
6.34831
9.22653
7.55304
7.01767
6.0572
7.82734
5.13767
5.94081
5.12062
7.34851
6.78461
4.72525
6.14578
6.16403
8.05478
6.12481
5.13385
8.51128
7.80136
4.58516
6.29793
4.79402
6.18791
6.49082
6.04488
6.23007
5.13732
6.34251
8.8877
4.82988
6.5529
8.68589
9.6099
8.14508
8.23813
5.65616
6.28274
4.65647
6.13185
7.30742
5.23491
5.83941
7.67693
7.72764
4.63291
6.18236
5.85643
7.28193
5.4709
6.16787
7.19162
5.42863
8.04455
6.29821
5.45997
5.12969
5.2422
4.95081
9.10989
6.42692
5.21442
10.0357
7.35975
6.37382
7.15756
4.28896
6.17632
5.12993
6.09322
6.68668
4.86915
9.25286
5.22836
4.88316
4.99578
6.17491
8.29473
5.70903
6.74928
9.72649
7.61794
8.31973
5.94781
5.64341
6.80051
6.18588
8.60802
8.43503
6.92339
8.70721
7.46918
8.98166
5.91131
8.64747
6.22086
7.32714
6.89358
6.88633
4.58741
6.28237
8.40925
6.14512
5.11183
6.78232
7.64985
8.63389
7.70346
6.30478
5.95824
5.19424
5.97649
8.41176
6.04571
6.24337
5.82903
7.75363
4.852
6.82385
6.3391
4.85519
5.81175
8.8355
4.51685
6.37251
6.04242
8.58247
6.23024
6.52141
6.03322
8.30432
8.43963
5.61567
8.60544
6.25373
4.623
5.33115
8.10267
8.30858
8.04041
8.04136
8.03315
8.19735
7.7394
8.05335
8.24194
8.20469
8.13964
9.05282
7.68962
8.27959
7.59893
9.42315
9.48254
9.01853
9.07382
8.82408
8.51142
8.45771
9.77168
9.41102
8.13182
5.17028
6.99175
5.84855
4.99173
5.32381
9.12402
5.08253
7.07782
7.94997
6.04564
6.78153
7.41725
5.06211
6.06499
5.00639
4.72131
8.39342
5.73861
5.06203
8.92538
9.085
4.55088
7.21171
7.19832
7.19271
7.20021
4.59858
7.31311
7.2891
7.20191
7.24933
5.21134
7.24883
5.18889
7.27407
8.03311
5.00513
5.50238
5.49865
5.01636
5.76224
5.26208
6.20524
10.1402
8.33982
8.24743
6.46908
5.16658
9.42735
8.11407
8.37898
8.34505
7.70916
9.26645
4.89226
6.682
6.69356
6.61589
6.66503
6.65873
6.70772
6.70849
9.61073
7.16698
7.04729
6.77306
4.97811
5.18112
6.04566
7.95639
6.69683
4.61963
9.73054
7.95354
6.20929
8.85226
8.94255
8.41648
5.49399
5.44913
5.17933
5.51055
6.70302
9.48719
6.55798
6.07876
8.87372
6.84572
6.28725
6.74123
6.76933
6.76236
6.78766
6.74936
6.80319
6.76015
6.77502
7.59692
6.72875
6.76806
6.07394
6.2931
6.06726
5.8382
6.08427
7.09031
5.95174
5.81592
5.96425
8.24607
5.81381
6.86821
6.20622
7.99163
5.1626
6.10572
5.15889
4.81208
4.7283
6.69369
4.69958
9.45023
7.88136
5.33502
4.61273
7.78744
5.03082
5.05929
5.23606
5.63337
6.96968
5.35352
5.03244
5.50577
5.45746
5.04749
6.75123
7.84026
5.12811
5.04305
9.08661
7.61717
5.11686
6.67115
4.76149
6.04763
5.10319
5.17567
6.04784
6.97515
8.9688
9.17336
9.64243
8.49757
7.43419
8.19026
5.47248
7.35564
6.15882
5.20299
5.43266
5.94987
4.57755
6.42382
5.10573
6.76842
4.99935
7.33326
5.17757
6.60759
6.31701
5.64804
6.23342
5.52401
6.16502
5.16497
6.27884
5.9735
5.05155
6.0586
6.64025
4.65489
5.32268
5.93904
5.80428
6.41449
7.19653
4.56947
4.60887
6.00325
5.43071
4.70972
5.08672
6.03139
6.81973
4.57824
6.2167
6.04036
5.94278
6.20081
8.03667
7.05804
7.32474
5.99989
7.21604
7.19948
7.26929
6.17669
5.76632
8.37918
5.10308
5.50303
5.16457
6.05155
5.30015
4.57189
4.9153
5.69464
10.8539
4.69765
6.65609
6.00871
6.23472
4.81906
7.71741
6.82108
6.7928
4.90156
5.75067
6.10858
7.15052
5.95388
4.95877
8.45111
4.71094
5.22383
8.19484
6.7726
9.82328
5.64307
5.64997
6.10127
4.82853
9.55786
7.91026
8.45664
5.58364
6.01278
6.59864
6.08728
6.6975
6.8808
6.49094
5.14733
8.6662
7.87202
4.3068
5.00902
7.72329
5.72385
8.04269
8.02726
4.57458
5.88548
6.6959
6.42499
6.00488
7.4327
7.47456
6.10819
7.24582
5.99163
5.29217
5.92776
5.99896
7.16217
7.62558
6.13517
8.38288
5.96225
4.80942
7.07951
5.12229
5.34866
7.03587
10.1929
4.89621
6.15452
7.18385
7.19882
5.01128
7.19087
5.3072
8.19948
6.47681
7.11982
5.62338
6.05756
8.62376
7.73402
4.42802
7.58784
6.05138
7.58324
5.09258
6.70636
8.06356
6.44665
6.75384
5.6116
6.9308
7.83142
8.74025
7.61748
6.63798
7.84129
7.49033
7.92411
7.09816
5.74901
7.6684
7.42023
7.15313
7.79784
6.79947
7.72722
7.67721
4.93133
7.76843
6.72085
6.72406
4.74182
7.53697
7.19565
7.65356
6.60433
7.15271
6.14479
7.49267
6.63038
6.03354
5.24135
7.60314
4.80985
7.40922
5.87338
7.52593
5.88248
7.21866
7.71698
7.4347
5.8839
5.04999
7.47706
5.87981
7.67793
5.37925
7.64839
8.1496
6.68891
7.72388
7.76276
6.04904
5.68921
6.11926
5.86753
6.51137
9.28327
4.41339
5.45536
8.55524
4.95886
5.39304
5.43108
7.56316
4.61943
8.41828
5.07564
6.17965
5.6
5.38732
5.5674
5.48789
4.61535
4.68327
4.80313
5.43461
7.38813
5.52188
5.03486
5.00034
5.01085
5.02206
5.75237
5.67577
5.44388
5.35147
5.61006
5.85984
4.8829
4.97999
5.20667
4.90416
5.58328
5.65122
5.34388
5.3622
5.77119
4.63157
5.59044
4.93996
5.36272
5.58015
5.37976
5.61514
5.62905
5.20345
6.3467
6.77476
4.97663
4.82374
6.84686
6.26247
6.11001
4.95367
5.49545
6.62685
8.43872
4.61725
4.6719
4.96403
5.28229
7.14847
4.84308
5.74328
5.31323
5.00586
4.95448
5.66228
4.88166
6.22782
7.40915
6.18293
5.0072
7.26463
5.0364
5.49139
4.79883
4.61301
6.18907
6.51903
4.86737
7.95572
4.60981
5.57147
7.93109
6.36333
4.9325
7.70631
5.96434
4.69292
4.80727
5.35479
5.2886
6.91577
6.25156
4.62969
7.89603
4.96905
8.16258
7.89594
4.55461
4.58788
6.38628
6.81896
5.9006
9.21091
6.00104
7.86043
7.02354
7.55669
8.3005
6.15852
4.82159
6.2791
5.01539
6.28154
5.5412
7.64585
4.88271
6.11438
6.32904
7.18501
5.58393
5.97055
4.94483
4.80158
4.24182
6.18135
5.4544
5.46802
4.7516
5.13132
4.34201
5.89809
6.97304
8.00463
9.32067
6.58086
5.05717
7.91121
4.61671
5.65675
4.98094
6.32252
4.62951
7.0418
7.2143
6.61983
4.68253
5.44479
7.19869
5.1079
6.8043
4.8953
7.06395
6.81997
9.06758
4.97185
6.23124
8.29899
7.20877
5.71625
7.07187
5.97076
6.40685
5.83956
4.86534
7.37065
4.93666
4.65031
4.96414
4.52455
8.12294
6.58181
5.47322
7.71984
6.57746
6.19084
6.026
4.59547
5.54925
6.0068
7.87615
6.53553
6.21638
5.9249
4.35666
6.43577
6.72507
7.93983
5.58732
6.03534
4.59764
5.98735
6.67649
5.44583
5.67038
4.69027
5.56233
5.21823
5.9305
6.13369
5.1775
5.51661
7.575
4.68713
5.97747
6.12533
4.77238
5.66897
5.92844
7.18461
7.73064
7.56751
5.95575
5.63612
4.99038
5.15209
4.80295
5.9946
7.51597
5.06402
6.07259
6.02944
4.94311
4.72643
5.05349
7.77
7.21225
8.22971
7.76279
6.2892
5.8684
6.67593
5.85359
6.34046
5.00096
4.91122
5.02097
5.86973
4.87416
6.12362
6.18621
5.40115
5.67442
5.38475
4.60184
4.89194
4.93823
5.48023
6.697
8.00457
9.44941
5.22844
5.01967
5.90813
5.9073
7.91374
6.15209
5.2591
6.84662
4.98781
5.07029
4.84568
6.13758
6.75262
6.32796
6.49109
5.91706
5.18362
5.05359
5.65509
7.85857
5.50939
4.95462
6.05491
8.20051
7.91613
8.80488
6.19233
6.29269
7.13795
8.29825
6.51913
8.06452
7.46582
5.7189
5.51657
5.03962
4.99365
5.29679
7.01476
5.8794
8.40361
8.27635
7.98552
5.90134
4.41962
7.21621
7.078
5.96326
4.58506
8.2635
7.10523
6.09189
4.58137
4.69882
4.92306
5.4593
7.2522
4.86486
6.08222
4.47786
6.40612
4.36242
4.54969
4.87326
4.90177
4.99293
6.12217
5.61513
7.21735
7.22208
6.2993
8.47747
6.67045
5.91678
7.62489
6.59252
5.15676
7.12869
5.36852
7.19132
5.02917
6.17406
5.35182
7.59859
6.54348
4.64877
5.62256
4.58442
5.20806
7.19416
6.21747
6.71969
6.42932
6.84692
5.14047
5.18165
9.56972
6.70569
4.99819
6.57122
5.75628
7.6797
7.90811
5.96182
5.10671
8.0175
7.43212
8.1469
8.11474
5.40739
6.10635
4.88769
5.2425
5.59011
7.67603
4.43979
6.81449
5.38986
6.15781
7.66467
6.96449
4.97719
4.93961
4.78324
5.34409
5.3442
5.19655
5.59043
8.5348
4.90975
8.04274
7.59739
6.97702
8.21679
5.30196
6.7087
5.71178
4.99876
8.09831
6.34461
9.66044
8.03812
6.1805
4.88519
5.25871
4.93147
8.91608
5.53644
4.87602
4.86153
4.8296
5.11274
4.52702
5.93227
7.92517
8.14436
7.77397
7.7644
7.07577
7.77273
6.57263
6.00261
4.90069
6.74217
6.67965
8.37499
8.33371
7.11446
5.37429
6.42747
4.83131
8.81939
6.40595
7.83357
5.59333
6.66443
7.01272
7.33445
5.12587
7.89032
5.43771
5.81748
7.32797
5.05444
6.07164
5.39577
7.31558
9.4355
6.11018
5.05202
4.63903
7.84961
5.50502
5.0381
6.67697
7.79777
5.22887
7.75716
12.2279
4.60983
7.06076
5.03211
6.61015
5.89985
8.06786
4.62165
4.61335
4.99519
6.68793
5.60293
8.13188
5.174
5.33118
5.94035
5.14158
8.20353
6.14725
8.16258
7.26525
10.1584
7.55603
7.7561
7.83659
5.26242
6.67566
4.61994
6.02374
4.84441
6.56116
6.09014
4.63012
6.92791
6.30644
6.53251
5.97259
5.22794
5.5873
5.96085
4.74173
5.94973
5.13095
7.51243
4.95936
4.75534
5.94171
5.49195
5.15082
5.00359
5.18729
5.4468
9.75813
5.49761
8.30349
7.64877
5.29516
4.76604
4.87845
5.69154
7.25916
8.83289
4.65932
5.62965
5.66929
7.43945
6.53729
6.78291
7.76585
5.13391
6.15463
6.20984
6.08241
5.03047
7.43187
5.42241
7.58601
7.47443
8.97242
4.89528
6.04186
7.76531
7.73791
5.16774
4.90631
5.09268
6.6815
4.9093
5.43919
5.2264
4.6314
6.1877
7.61404
7.02701
6.80227
5.49936
6.14938
6.76478
5.56375
6.68999
5.22352
6.44056
7.34693
6.7425
7.62091
6.63232
4.57606
5.11864
6.80389
7.88773
5.49002
7.01877
7.05795
6.83824
6.76389
4.96131
7.75955
6.78477
6.04611
5.67685
6.50722
7.27912
5.30764
5.24817
6.5921
7.72046
6.88468
4.86459
6.79482
5.12179
6.25187
5.17279
6.85555
6.71583
4.76725
7.99358
5.04691
5.89422
7.29479
4.60364
6.63398
6.49442
4.8748
6.57725
5.78223
5.84992
7.82048
5.20088
4.80884
5.79634
7.28096
6.08016
5.66196
6.06109
5.14152
5.76809
4.81892
7.5484
6.33562
5.37044
4.79215
6.69652
6.14157
6.90855
4.56836
4.97784
7.61975
7.3708
4.55874
7.52383
5.14398
4.99382
5.92914
5.53873
6.7598
6.96176
7.70068
7.30777
5.98212
6.10359
5.42322
7.63447
7.56653
6.08383
8.00674
4.60808
5.13924
6.05338
6.69945
5.8241
5.45094
6.18285
6.71149
6.655
7.81245
5.97581
7.63389
4.95332
5.21457
7.11568
6.12588
6.18851
5.35016
5.16308
5.47683
7.22274
5.79445
6.77894
6.00014
5.67272
4.66902
7.01181
5.0913
7.26737
6.70808
4.55593
4.77726
6.28204
9.62964
5.97185
5.37445
4.31003
4.91009
7.53035
7.32698
5.81015
4.74713
5.7134
4.97532
7.25748
6.4021
6.89738
5.5444
7.53208
6.23383
6.70467
8.00345
6.68854
7.53825
7.68535
6.45642
5.10192
6.53936
7.81548
6.82381
6.65033
6.15321
5.05102
6.55791
7.66244
8.37525
7.97629
7.60872
4.98345
5.02094
7.43422
6.12654
7.83361
7.57598
8.56234
5.6389
4.75349
4.7713
6.4692
6.85588
5.43046
6.46811
7.60484
5.43435
6.55833
7.67568
7.74577
7.41852
7.71178
7.52938
4.70262
9.02839
9.11893
6.90187
8.17542
6.83419
4.77279
7.42722
5.0067
5.22074
4.63124
5.93079
4.61316
6.09809
5.31903
8.095
5.11758
7.99968
6.13593
7.89864
9.27193
7.78646
5.0096
6.74672
8.05825
9.01242
4.62129
4.62336
5.18421
5.30188
5.23786
5.38843
5.38777
7.49095
7.51063
7.15283
5.34915
5.45026
4.90056
6.20667
6.19131
5.24822
6.78132
5.79763
5.39376
5.20486
8.32693
8.12516
7.99286
8.17047
5.80124
7.72335
5.18667
5.37041
7.96006
5.29322
5.90469
5.92641
7.84363
9.61459
7.53378
5.22847
4.60936
7.55989
9.24146
5.29269
5.4472
7.73898
5.31323
5.94307
7.77949
7.62811
6.42116
5.09911
11.5082
7.66026
6.7062
6.3053
6.85831
5.65569
6.71255
5.84221
8.07298
7.88347
5.30259
5.83609
5.50733
5.80706
7.92121
5.20216
7.11092
7.32959
5.07706
6.88529
5.58683
5.08981
8.90179
5.808
6.00299
7.2631
7.83541
6.36152
5.93122
5.07578
8.3437
6.16352
8.25563
7.09498
7.54009
8.34661
9.2459
7.84442
7.27935
6.27007
5.10792
7.27591
4.76609
7.17465
5.13935
5.10114
5.12318
6.11761
4.80323
7.45617
7.92824
6.86549
5.65323
5.27538
5.3511
5.99216
5.93188
4.89898
5.04484
8.39089
4.94834
4.81178
8.08826
6.03899
5.11
6.97332
4.63353
8.53329
8.15544
6.86909
6.12332
9.62321
6.70977
7.34932
5.14936
5.06058
6.78832
7.26239
6.25463
7.59522
7.12347
4.60834
7.25762
5.69481
5.42385
5.2207
4.87787
5.13131
5.09556
5.19477
6.84833
7.4744
8.1565
6.69657
4.85503
5.241
7.09913
7.22424
4.60322
7.27994
8.07175
5.15595
4.94768
5.33917
6.06616
4.90862
4.73006
5.12204
6.14434
7.73053
6.77098
8.45288
6.32597
8.68
5.14068
7.62264
4.88019
7.93196
4.83728
8.16308
5.86418
4.7482
6.20088
6.85788
6.75403
4.82756
4.61751
7.02519
4.96597
7.2031
4.31565
5.6989
5.92905
5.10069
5.11729
5.50466
5.91457
4.97236
7.13102
6.81086
4.65373
5.63469
7.0141
7.10262
5.49715
4.958
6.65554
4.73256
5.05599
6.6678
7.40767
7.5566
5.87096
6.3083
4.64726
7.61388
5.00345
8.64482
9.21992
4.68258
7.96787
7.76378
7.08832
7.03543
5.13341
9.69807
4.85537
6.47424
6.65268
5.06289
7.93842
7.73114
8.63553
5.21149
5.33208
8.83616
8.70142
8.66294
8.53787
4.53198
9.15436
8.85999
5.61298
4.74926
6.63494
4.62995
4.37621
7.96614
5.91257
6.31203
6.2897
6.93199
7.83139
7.54194
8.25102
5.03446
4.65991
6.60434
9.34539
8.8938
8.85075
8.51661
8.16214
4.64124
6.96941
6.22337
6.25797
6.39975
6.32567
4.82187
7.58779
6.25826
5.79504
6.21559
4.90663
5.93222
5.95618
7.8329
5.83362
4.88021
6.60116
5.43005
5.04365
6.75304
5.60389
8.19915
6.17661
7.38489
8.4017
6.16487
5.1745
7.20824
7.3118
7.16982
5.1695
7.25949
5.45545
7.31845
4.96874
7.18272
4.57934
4.99377
7.36341
4.97529
5.52056
4.32206
5.40241
5.13918
5.24492
8.29287
6.27361
7.29132
7.3003
7.75643
4.6031
8.46742
8.11435
5.48091
6.22714
6.9027
5.16495
5.50673
4.86001
4.54628
7.71013
8.17263
7.27717
7.2922
6.72018
5.18908
6.13871
7.1306
6.8376
6.58441
5.74443
6.7212
6.73902
5.66127
7.03957
8.54745
7.28211
6.79173
5.09949
6.86992
7.82211
4.74579
6.18401
8.47154
7.93143
6.94372
4.95573
4.83375
5.51268
6.1072
5.48731
5.07226
7.19774
5.07708
4.99112
4.90485
5.0481
7.70127
5.0393
7.03085
7.14389
4.64863
6.08491
5.03647
6.23911
5.52197
7.43449
4.94469
7.72327
8.10655
7.89376
4.95814
6.18374
8.60607
8.10563
4.5783
6.2743
7.57618
5.27805
6.77205
7.58841
7.05091
5.79999
5.76528
6.82353
4.96452
6.57537
8.24344
5.3486
4.93779
6.65153
5.20466
8.73598
8.80225
7.79156
7.486
5.75457
7.7884
9.08142
9.12639
7.44341
8.03517
7.63354
4.97977
5.56049
7.18926
6.28101
6.01206
6.31307
6.10449
5.17449
8.44854
4.95228
5.63191
7.35533
5.5354
7.27492
6.23406
6.10732
5.82985
5.34935
6.0858
5.97522
5.74345
4.89746
6.14445
5.85754
7.59323
6.6463
7.86243
5.41341
5.64365
6.19884
5.15602
7.20436
5.39435
4.43698
4.78106
7.37694
9.22193
7.17838
5.94569
4.69836
4.58001
8.01835
4.99719
6.87437
6.4458
5.07353
5.85294
5.99349
7.04454
7.55384
4.91853
4.62427
7.47239
5.42711
5.06901
5.16149
6.07129
5.78204
5.05873
5.28475
5.38814
7.85978
5.00953
5.46059
5.00441
5.6927
6.13953
5.01079
4.76489
6.14933
5.21884
5.31245
6.55684
4.72796
6.83043
7.25307
8.58024
5.11426
6.63466
5.81398
4.7437
8.27158
6.53981
5.89729
4.96927
5.31101
5.95449
5.14263
5.30183
7.33321
5.69972
5.06814
5.35102
5.0078
4.75414
4.58862
6.63434
4.65754
9.79546
6.41152
7.1272
5.69766
6.64577
6.13239
5.0224
8.75773
4.65246
5.28323
5.04371
6.54935
6.30567
5.35136
7.0529
7.92548
6.18007
7.20475
4.68523
7.27341
5.51676
6.52685
7.20386
4.26497
7.91509
4.80262
7.51602
6.4211
4.56208
4.92065
4.61936
10.1857
5.71933
6.60892
6.6409
7.04929
5.19752
7.76566
4.90737
7.25147
4.5595
7.19497
6.19513
5.61531
5.10212
5.7302
8.6536
7.81329
4.91104
7.21872
4.96926
5.46645
9.22039
5.7459
6.31521
4.86636
7.91314
4.41575
7.73609
5.59196
4.95286
6.98357
5.36266
6.79312
5.80437
5.78378
4.79315
8.08111
7.81076
5.22951
5.77013
4.8525
5.93208
6.79293
4.60341
5.20485
6.11574
5.37946
5.99612
5.24825
4.92087
4.47565
5.29145
7.41296
8.4642
6.04621
6.10648
4.54654
6.88973
4.63424
5.54714
6.20971
6.14055
8.37308
6.73905
5.31744
4.77501
4.91136
4.76506
5.98809
9.44665
4.8865
5.82132
5.61093
5.54225
5.70427
5.29238
7.79181
6.16011
4.85427
7.83601
4.83371
6.7422
4.8709
4.62094
4.94931
5.04641
5.47511
6.11378
9.17036
4.78141
6.30483
6.57112
8.07047
4.62281
8.19393
6.16648
5.07621
4.42275
6.86362
6.01885
6.75974
7.24198
4.7994
5.83901
4.60587
4.76035
4.88226
4.5773
4.51243
9.63333
4.60665
5.16634
8.41908
5.36347
5.37875
7.07304
4.71572
8.02618
5.0348
5.50703
7.84044
7.5581
7.51081
4.894
8.18349
5.34064
6.33003
6.65162
5.20267
5.17285
7.24301
7.50112
5.31328
4.90054
4.84766
6.10584
7.66594
6.10815
4.83527
5.72256
4.96135
5.04853
7.52618
6.03299
7.54399
6.42104
7.22386
7.77846
7.78052
6.71284
4.58184
4.63392
5.2721
5.72192
4.62877
7.6304
8.72411
4.62644
6.8597
5.96066
4.96479
4.79286
6.12367
7.73504
4.83666
6.86792
4.84311
8.15408
8.17
4.84542
6.84604
4.87702
6.90205
4.80061
5.79611
5.25723
5.14043
5.23372
4.61604
4.10481
4.51678
4.83245
7.7805
7.20836
5.57801
6.03596
5.58499
5.95241
5.48472
5.12031
8.19753
21.7508
4.69823
6.09305
5.02738
7.30805
4.58842
4.94704
7.34184
21.7508
6.71109
5.88422
5.77696
5.15707
4.4261
4.59909
6.26408
6.84208
4.69516
7.13462
4.56139
4.92481
5.06116
5.04193
4.70826
6.63864
5.94072
4.63182
5.30294
7.22559
7.01734
5.8742
5.1439
6.1385
5.16264
5.53686
4.58524
5.91913
5.207
5.77926
4.21579
7.94739
5.41594
5.11489
4.67387
7.41501
4.63382
6.21423
5.38352
5.03497
6.69522
4.94671
6.18143
5.88937
6.68351
5.98261
8.68391
4.72143
7.38965
5.78114
6.50795
7.85992
5.10456
4.60879
6.15369
5.71782
6.65834
4.35686
6.56922
5.83152
6.36718
4.90042
6.44011
4.62307
4.27132
5.90242
4.87277
7.06405
5.79509
4.577
4.47613
5.09491
6.89114
6.31293
6.11038
5.38068
6.80978
7.28554
7.1856
5.54087
8.47691
5.11601
5.8537
6.00674
5.41943
5.04465
5.63905
6.29565
8.34758
6.08898
6.06375
4.88659
6.9981
6.40562
6.11943
5.83311
5.88368
5.20539
4.9313
5.55042
7.7284
5.05419
4.87239
7.91756
4.99352
5.6717
7.06443
4.79941
5.00028
6.28658
4.98534
4.62174
6.09402
4.63408
4.75603
7.30988
5.91703
5.19485
4.62071
6.25332
5.24441
4.60461
4.65265
8.85231
6.82937
4.70513
6.20614
5.47719
4.65869
4.55843
5.24214
5.89798
4.65308
10.0335
6.59799
7.88483
7.08459
5.06673
7.30658
5.45445
5.28759
5.49407
6.23891
4.97741
6.73229
6.16027
4.61
4.45693
4.72534
6.69012
4.60784
8.93724
4.86613
4.5147
7.66358
5.04916
7.0735
7.15857
4.5976
6.13382
4.88814
7.1243
4.84166
6.7478
5.42811
5.35457
5.43047
4.8868
5.15495
5.06314
6.712
5.36429
5.68602
6.69988
6.34357
5.29134
6.62466
5.24204
6.12674
5.36552
5.35777
7.4271
4.63499
5.26835
7.15751
5.82203
7.33606
5.33154
7.2968
5.8246
4.77551
8.37784
5.6586
5.40454
5.41923
5.77287
7.47805
5.95243
4.59876
5.92661
4.51453
4.80464
4.46652
4.75279
4.92374
4.89287
5.16373
5.1126
5.32269
5.43609
4.67444
4.74105
5.83716
5.59446
4.59673
7.81292
7.74546
5.92368
4.88977
5.38797
6.28372
5.87834
4.57495
5.12568
6.0104
4.64121
4.87803
5.92059
4.48991
4.87549
4.35918
6.45789
7.45503
5.21621
4.81631
6.9429
6.10408
4.59259
5.19744
4.96493
5.38627
4.54145
5.64726
4.48059
4.93326
4.66614
4.46169
6.82044
4.84334
6.58861
4.93759
5.18569
5.5528
5.0704
5.4664
5.90291
9.62136
6.04644
6.03534
5.48774
6.81034
6.44727
6.7488
4.62087
4.57609
5.19054
8.12603
5.51485
6.71414
5.40604
5.02748
6.25843
4.45306
6.13665
4.62796
7.17432
7.85572
4.6152
5.8625
6.85171
4.57884
6.22163
5.07097
7.74816
4.61907
5.31933
5.87561
4.62361
6.06361
6.15278
6.01411
4.71586
7.8503
5.6224
4.50908
7.17721
6.85713
4.8955
4.50044
6.83343
4.91679
6.21004
9.11808
5.41736
5.90703
4.78268
4.67148
4.63972
5.62096
4.8793
4.88951
8.32088
4.7181
4.68406
6.17092
4.61944
4.87215
5.29607
4.61134
4.93232
4.98241
4.74562
5.41195
4.80921
4.95536
5.41737
4.73994
4.42996
4.91809
7.50409
4.76497
7.73091
4.98194
5.70638
5.40271
5.6991
4.87777
4.70116
5.88404
6.47601
7.91309
5.3352
5.75082
4.7774
5.09853
5.11756
5.08634
4.63067
4.51018
5.01588
7.20538
5.11241
4.68343
6.90631
4.8151
4.7269
9.7817
5.15523
5.50121
6.40299
5.75889
6.25367
5.24079
4.63504
6.81276
4.88291
7.10443
4.60978
6.11496
6.30293
4.68371
7.58405
4.8996
5.52079
5.19142
5.25718
5.00023
5.65982
6.70147
4.74915
4.97691
5.66133
5.15202
8.9518
5.21768
4.55917
4.85035
7.57232
4.63485
4.71246
4.80389
4.92329
4.62509
4.85249
4.84358
4.66336
4.73187
4.75012
4.90156
4.82626
6.22892
4.62677
5.04656
4.9532
5.62338
6.53546
8.86378
6.22744
5.60632
4.61943
5.35873
4.60065
4.97664
6.60522
6.11818
5.36879
5.47084
4.73586
4.93906
4.62378
4.73023
5.51658
5.21323
5.26718
8.81803
5.08556
5.3181
5.33312
6.37013
5.91885
4.70984
6.15233
5.46542
6.40676
4.63369
4.61059
4.54314
6.76507
8.20164
6.9546
4.80669
4.808
4.96955
6.68013
6.26583
8.36677
4.97946
5.44318
7.94591
6.58976
4.61278
6.19927
5.92718
5.00814
4.81569
4.92199
8.99279
5.8011
4.65848
5.78974
6.47011
5.40597
5.33827
7.32882
7.325
5.28822
7.2942
5.42047
5.87789
4.63806
7.30971
4.57841
5.07067
5.1906
6.44423
5.40755
4.5988
5.2636
6.2839
4.85541
7.35841
4.90649
7.506
4.74014
8.76694
5.73824
6.44781
4.70392
5.52011
4.58427
5.74336
4.67824
4.74677
4.56667
5.00654
6.16083
7.25074
6.64563
5.91496
4.72799
9.19542
5.38884
4.7764
5.25191
5.39389
5.54159
4.6576
4.71538
6.67953
7.44278
7.46237
5.62424
6.67361
7.70245
4.71004
6.76111
4.79831
6.10471
6.40361
4.62458
4.69326
7.24091
4.62018
4.57117
7.48722
4.85051
5.50905
5.50155
8.77589
4.62759
5.8752
4.62352
4.18248
4.63429
4.6722
4.61935
5.33955
5.04766
9.49696
5.37568
4.99996
4.89819
5.28505
4.45656
4.89619
5.37343
5.81117
5.02053
5.56358
5.36691
6.19875
5.98035
5.77346
4.92028
6.76685
6.76891
6.83671
5.14998
5.4247
6.32092
5.21327
4.73859
4.7239
4.93492
5.2645
4.5929
4.66606
7.78043
5.35484
5.50278
4.80841
4.74854
5.56065
4.6388
8.05657
8.15068
5.51812
4.87525
9.32563
5.52689
7.30001
6.22898
5.15981
4.89763
6.4166
6.74785
9.11365
6.40948
9.16312
8.69327
6.34751
4.6386
4.67491
4.63685
5.44809
7.75345
4.63513
5.59494
5.82721
6.03275
4.81352
4.62107
6.10028
5.02882
5.44649
4.7594
5.65919
5.60655
6.17069
6.73075
4.72534
5.47413
4.87092
5.65795
4.74815
7.21766
5.18618
7.52532
5.57777
6.52649
4.73063
6.17622
6.74084
5.3038
5.2413
5.2561
4.66025
6.57198
4.79896
4.74643
5.57493
4.82718
4.88104
6.9009
9.92306
5.30033
4.69213
5.19708
4.84539
4.98977
5.41717
4.86527
5.89419
4.60938
5.52897
4.6829
8.01539
4.60992
4.83239
5.179
4.63884
4.80261
7.46783
4.83679
5.69071
9.22948
5.66643
4.93408
4.708
7.31942
4.61211
5.32865
4.42451
5.03209
5.12968
4.85487
7.18241
4.79052
4.8759
4.71285
5.55633
4.56184
4.62027
5.03667
6.11129
5.68301
6.47876
9.10695
4.86254
5.67065
5.21949
7.70676
5.12297
7.20075
4.95202
5.63458
7.82611
5.85687
6.77958
5.65268
7.07509
5.4954
5.25522
4.86716
5.55656
4.60446
4.7483
4.77547
6.71168
6.19185
4.81094
5.21472
5.35544
4.64607
4.73033
6.26056
4.86545
9.19554
5.9354
4.87992
5.54918
4.52241
5.52805
5.62646
6.68835
4.60727
5.50076
6.9577
4.65887
5.67906
8.16323
7.28158
4.64742
5.8262
4.64235
5.81867
4.73004
5.34024
6.39993
5.44903
4.67388
7.13036
5.50349
6.56633
4.91275
4.78677
5.15413
5.01816
4.62879
6.30306
8.41811
6.40963
4.81402
5.62351
5.50287
6.66291
7.10929
5.2306
4.82999
4.74826
4.7682
6.3334
5.30452
5.44979
4.98911
4.5783
4.36915
5.04137
4.92761
4.42734
5.96677
6.03887
4.95404
5.61308
5.92913
4.89113
7.79667
4.8384
4.2091
4.64126
6.15603
5.30044
5.81711
4.71048
6.01611
4.90663
4.86244
5.52518
5.21981
4.78328
5.19147
5.17185
4.71125
7.79934
6.75502
6.32335
4.85234
6.88171
4.6468
5.02718
5.05556
6.41573
4.623
6.73267
9.20399
5.17942
7.71396
5.07625
6.37394
6.45675
4.44829
4.61317
5.05242
4.69686
4.36494
4.67567
4.6438
4.87143
6.03999
6.09692
4.68046
6.25894
5.5048
4.92323
6.08438
4.68018
4.82562
5.14118
5.49572
4.71539
6.00809
7.56972
5.28734
4.50542
5.3553
6.41193
5.57435
5.69131
4.90831
4.66596
5.9501
7.32949
5.69275
5.63822
5.63476
4.63141
4.66816
5.41472
4.59248
8.10522
4.68116
5.18549
4.88029
4.65444
5.3257
4.96816
5.55749
4.59713
5.00718
5.78336
5.22676
6.95378
4.72743
5.68159
5.50756
6.87981
5.93734
4.90154
4.65294
4.65764
5.00026
9.34114
5.39593
5.03542
4.48192
4.65656
5.09275
4.61566
4.82022
9.18501
5.19721
5.16544
5.08027
5.17694
8.27659
4.59058
4.61909
5.30785
4.64124
6.71324
5.63934
4.6354
4.63291
5.18972
5.52327
4.67405
5.16821
9.19407
5.06016
5.42492
5.13328
4.75425
6.22875
4.99163
4.69662
5.14237
5.18139
5.15979
4.83911
4.78715
5.69888
6.18297
4.96554
5.77787
4.63297
5.98056
8.20219
5.42983
5.34445
5.08355
5.5447
5.92252
4.5902
4.34203
5.89894
6.78918
4.99975
4.61605
5.36511
6.46074
5.81537
4.62081
7.4254
5.21405
5.0536
8.23327
7.51835
4.30877
6.68358
5.70256
7.56783
5.05788
5.09986
5.28213
7.61443
4.95881
4.39788
5.72684
5.34081
5.65617
5.86182
6.41012
7.84039
4.63752
5.51687
6.19792
5.11605
5.55941
4.69895
5.19102
5.46207
4.8413
4.94047
5.00685
5.06614
5.41817
7.39023
4.64216
4.72523
4.88237
6.85617
4.55542
6.32571
5.82939
5.41703
5.20455
4.84883
7.97786
8.75014
6.56449
5.86554
4.62383
6.7674
5.28973
6.18779
4.62161
6.00812
5.13545
6.44817
6.14392
4.85059
6.11513
5.58655
7.04429
5.72586
4.6177
5.16728
4.59842
4.59894
4.92115
5.35445
4.55215
6.493
10.5765
5.05294
5.51744
7.94426
4.60958
5.74328
5.6066
4.94821
5.68157
5.05081
5.15269
5.09922
6.05349
7.92187
4.6188
4.72741
4.49098
4.75902
4.59445
4.62683
4.90654
4.48669
4.7716
4.6188
4.70832
4.64439
4.37659
4.95295
5.0974
4.55616
4.83296
4.87844
4.89281
4.88437
5.24289
4.87265
5.18693
5.46621
6.68728
6.81853
5.04133
4.73481
4.80754
5.77498
5.71858
4.6188
5.6275
4.33991
4.9142
4.62791
4.59064
5.13083
6.16193
4.78424
5.19359
7.55393
6.84435
4.71002
5.16941
6.74738
5.73743
5.38049
10.1391
5.08911
5.39133
4.52562
5.4627
7.76259
4.60965
9.45468
7.7259
5.22686
5.01331
7.31731
4.6188
5.69891
4.59884
5.00457
8.2028
4.42961
4.6188
6.16457
4.97537
6.61245
5.75765
5.11581
6.1345
7.74983
5.4877
5.39107
4.73353
4.84612
7.19747
5.67517
4.62013
7.38878
9.04231
5.4834
4.61765
5.28943
6.91232
4.80634
5.07736
5.01729
4.88246
5.68484
5.10431
5.57643
5.86895
9.31954
5.77191
4.70702
6.36146
6.38718
4.83747
4.05953
4.63234
5.25085
5.11701
5.63307
4.65827
4.9274
4.65336
6.70978
7.67053
7.31076
6.88364
5.51801
4.74579
4.59816
4.58202
5.28881
4.6099
4.64951
7.93011
5.48173
6.15337
8.37301
4.6928
5.44084
5.01802
4.74372
6.47423
5.9653
4.7631
4.77296
5.0786
5.05041
4.54958
5.48857
4.74213
4.46034
8.99909
4.73109
5.01525
7.50918
4.74179
5.16353
4.89668
5.10943
4.85897
4.61313
4.53158
5.66579
6.43984
4.61734
4.59887
5.65746
4.79375
5.67851
6.77339
4.97847
4.93697
4.7637
5.13582
4.62625
4.43746
10.2362
6.23087
6.7087
4.62195
5.6113
4.97163
4.79542
4.81086
9.52744
5.13401
4.57599
4.59753
4.59957
4.86639
4.72992
5.85006
11.5246
5.09199
4.60582
5.45567
6.22494
4.99964
4.75221
5.58679
4.67931
4.86768
4.62507
7.77833
5.03198
4.86264
7.30119
5.26966
4.6808
4.79978
5.05236
4.63476
5.97118
5.16994
5.24291
4.59252
4.85792
4.78028
4.65288
4.60943
4.56374
4.67124
4.79889
4.6188
4.62329
4.90013
4.82072
4.68702
4.61183
4.62968
4.50035
4.6188
4.6188
4.79076
4.62335
4.56416
4.79073
4.60713
5.38529
4.62778
4.89299
4.62017
4.96611
5.99528
4.65045
4.6188
4.98354
6.6667
6.24558
4.81323
5.59635
4.86562
6.82589
8.53564
6.70534
4.60344
7.29205
5.04215
5.98792
4.67673
4.79932
6.96991
4.96866
6.10312
5.79718
5.52249
5.55455
4.52832
4.40513
7.59294
4.62359
5.1345
4.80137
5.2895
5.01566
4.72649
4.64245
4.83998
4.89555
5.42027
5.31929
5.33746
4.44359
7.28715
7.26471
4.68084
5.9041
4.81314
4.58664
4.61469
4.64512
6.24523
4.85413
5.86887
5.82313
5.47468
5.46995
5.47013
4.88878
4.6269
7.28883
5.43458
5.94659
5.03661
5.00619
4.93857
4.73675
7.06305
4.63489
4.5838
8.04754
4.88466
4.747
6.17866
4.83035
7.01149
4.73897
5.36403
4.62756
5.39131
5.31272
4.62679
5.98406
10.1169
4.64665
5.95413
5.21032
4.97561
4.63818
6.17973
4.83474
4.96792
4.63575
4.73412
5.31546
7.5699
5.46967
5.33733
5.6636
6.86097
6.03285
5.4322
5.13178
5.0831
4.61057
5.50503
6.02363
5.82949
4.71329
4.91123
5.2414
7.18077
5.15019
6.15156
5.3632
4.79109
5.64612
4.48271
4.83193
4.59821
6.65677
4.41494
5.4857
4.95231
4.88245
5.01241
4.81109
5.58435
4.64233
5.21358
6.95533
5.79379
5.63595
5.46519
5.77171
4.96463
4.68303
4.38154
4.70629
6.10099
4.59878
6.0676
5.52202
4.9008
5.22976
5.07441
4.80788
4.59892
4.81371
4.86249
4.89197
4.79185
5.42227
6.0321
4.6344
4.90898
5.19893
5.96458
4.53784
5.0924
4.96159
5.06104
5.22432
5.56198
4.71509
9.53931
6.15531
7.14435
5.32979
4.74102
5.91155
4.61874
5.34676
5.09746
4.62176
6.17688
9.12471
4.89309
5.90893
5.18421
4.95211
7.50987
4.59009
5.98763
5.20915
4.6393
5.44852
4.71949
5.69489
4.77115
9.05791
5.09656
4.59848
6.23767
7.14184
5.54486
7.76253
4.81117
4.66165
6.01718
9.17717
4.55153
5.73546
5.33025
4.89708
4.59199
4.83412
4.61512
6.79124
7.06077
4.636
5.69145
5.4282
4.96836
7.84285
5.29354
6.05371
5.40005
5.74208
5.40554
5.8989
4.39013
4.83748
5.35766
5.45254
5.11723
5.15841
6.25022
5.17557
5.07786
5.7704
5.32123
5.71359
5.84177
7.0502
6.52998
6.25803
6.72506
4.78255
4.91269
4.61451
4.63095
6.02637
4.87303
4.92533
5.12281
5.0968
6.21032
6.91966
7.5111
4.81817
7.60961
4.89732
4.95263
6.42344
5.01578
6.60077
5.32217
5.40646
5.87384
5.23528
5.29246
4.6188
5.25294
4.57385
6.59732
7.74273
7.69798
4.88154
8.07366
7.79689
4.83667
4.89294
5.17528
5.20663
4.73286
4.83158
4.6291
4.48151
5.5284
9.25586
5.13563
7.0719
4.94356
4.76039
4.91498
4.44516
5.20606
6.66633
4.83536
4.7813
4.87181
5.83387
4.56801
5.48693
5.08311
5.22813
4.97294
4.64688
5.47246
5.43703
6.58953
4.91267
4.80627
5.06292
4.90665
4.66889
4.61817
4.74554
5.2564
8.53701
5.38571
5.4711
4.64801
5.49412
4.95134
4.57063
4.38749
5.01065
7.43897
5.03581
5.54516
4.91106
4.67723
4.62345
4.60814
4.86942
4.73731
6.69129
4.67881
5.14412
8.54712
4.68226
4.62822
4.71559
6.66512
6.86884
5.08712
4.59245
4.60774
7.60771
4.79424
4.74229
5.30669
5.25837
5.05667
4.78388
9.23049
6.16633
4.79138
5.1126
4.89234
6.18696
4.69961
8.07398
4.91583
4.74538
4.85291
4.59941
4.80891
5.32097
5.88086
5.72794
7.08315
4.62957
4.70357
4.52611
4.84552
4.63779
8.09727
10.7237
7.6551
5.67325
5.51582
5.51381
5.7579
4.65825
6.03302
4.92835
5.0806
4.31838
4.81072
5.72847
4.75473
5.30392
4.64994
5.14805
4.72922
5.75862
5.33171
5.53399
4.96394
5.01484
5.10458
4.8592
5.28723
4.87743
6.64319
4.68083
4.63734
5.01109
4.7715
5.34925
6.56833
7.01038
4.62744
4.63324
4.9858
6.3372
4.85932
4.61868
4.04442
4.73208
5.14236
5.42335
5.07856
6.27323
4.60351
4.60277
5.63925
4.635
6.01627
9.54459
7.30917
5.24959
5.41489
8.72279
6.30454
5.43315
4.87643
5.01059
4.79796
5.11589
5.3018
10.2784
7.03582
5.56783
4.85222
4.62456
5.22597
4.90274
5.13936
5.52718
4.61623
9.17611
4.68648
4.89224
4.81701
5.02204
4.87809
4.735
7.72789
5.0986
4.88735
5.35081
4.6205
4.83839
5.31684
4.93631
4.65524
6.76059
4.54328
4.74519
6.4871
4.71508
5.08852
4.59824
5.10405
6.61361
4.63467
4.79431
4.62015
6.84819
7.05807
4.74199
6.82478
4.64008
5.35174
4.62549
4.61527
4.77716
5.85337
5.39725
5.12473
8.09509
5.15235
5.12734
5.00103
5.23749
5.23856
5.22768
7.45351
5.54829
5.02995
5.1279
5.78695
5.71442
4.82433
5.56611
5.43246
4.71284
4.59954
5.60141
4.87848
5.38883
7.26385
5.42358
5.01976
5.11279
5.17829
4.82884
4.7798
5.34068
4.56769
6.66523
6.98428
5.57021
6.18194
7.39008
4.83447
4.69679
4.82494
5.73036
4.80141
4.85115
6.31203
6.15976
5.33688
6.37561
5.0411
4.44926
4.43459
4.9076
5.30588
5.50697
4.62159
8.02647
5.17018
6.35988
4.61365
5.01653
5.69934
5.3828
4.5981
5.77251
4.61628
4.69314
4.80638
7.05336
5.30775
5.27207
4.45759
9.57549
7.12869
4.60412
5.40312
4.91689
8.07679
4.57033
4.96405
4.63049
5.18337
4.95676
5.76178
4.74314
5.27759
4.81519
4.85453
5.28629
7.54127
4.80946
4.72941
5.11901
5.16612
4.66319
5.48004
9.07874
4.68946
4.77993
5.45091
4.47839
4.85335
7.69309
4.58249
7.93349
4.64411
4.45189
6.44254
9.09329
4.78812
4.58924
5.59294
4.63373
5.22741
5.85144
4.61583
4.92034
5.27461
9.13763
7.93795
4.62594
5.28431
5.10769
7.10373
5.31727
6.26579
4.63507
6.64324
5.89509
4.56169
4.90169
5.62779
5.27132
4.88097
8.09768
4.61746
5.34299
6.5938
6.26217
5.88531
4.79518
5.01701
4.85054
5.07219
4.6291
5.17279
5.30763
4.79831
4.83756
4.7799
7.79665
5.04614
6.73419
7.06074
4.61708
4.82799
4.84213
5.0317
5.38852
4.5041
4.59869
4.69973
4.57956
4.95716
6.93324
5.40647
9.81036
7.2888
6.32114
4.83622
5.9368
7.02393
4.95704
4.62045
5.34434
5.18879
6.26138
4.98573
4.3066
6.18885
6.90812
4.63684
7.05996
4.60551
4.38916
5.14986
6.70841
5.57222
5.60888
6.49472
6.2473
4.24547
5.10324
5.94016
7.16093
6.5798
6.22215
4.61938
4.62708
5.02663
5.76491
7.76863
6.63523
7.37033
5.54017
5.05656
4.63364
5.24603
5.29279
5.85964
4.83376
7.26613
5.15264
5.35276
5.02334
4.63471
5.10675
4.77262
5.19502
4.6188
4.89539
5.37775
5.33504
4.86146
7.00592
4.95607
11.3133
7.18559
4.74945
6.14153
5.21938
4.6146
9.14196
9.67677
6.7413
6.74445
4.86227
5.51969
4.37575
4.60522
4.69641
5.98754
4.90071
4.60072
6.5208
4.67734
4.72669
5.24498
4.82055
4.76435
5.7089
4.82522
4.86348
8.9034
5.78229
4.82461
5.38902
7.0275
4.71934
4.88105
4.82083
6.56242
4.83238
5.39775
4.97171
5.81482
4.87047
5.11226
5.10318
5.10335
5.4062
4.62214
7.62249
5.21209
5.40531
4.77929
6.92056
4.60653
4.59524
4.68435
9.23049
4.78736
5.38318
4.61819
5.00406
5.35124
6.27604
7.36289
4.70031
5.07803
4.60032
5.11639
4.91309
4.86636
5.05639
7.90597
4.72624
5.36718
4.6017
5.56032
4.68648
6.28647
7.09756
4.60486
4.63028
5.37482
6.09031
5.1473
5.3029
6.8353
6.24285
4.76347
6.07924
7.2859
4.77093
7.17467
6.22165
6.39733
5.10031
5.62788
4.83945
4.65411
5.2283
4.6419
7.8778
5.62964
4.65492
4.71954
4.66899
4.62241
8.12145
5.23539
4.72927
4.76102
5.47674
5.4954
5.31759
4.5359
5.17399
8.00549
4.81639
8.81657
4.7089
4.71296
5.16823
4.60003
4.99665
4.36973
5.99042
4.93568
4.73289
4.32705
4.59021
4.72237
4.70177
5.61172
9.26235
8.95865
4.89519
4.62637
7.21797
4.70955
5.25725
4.34306
5.21164
5.33695
4.66291
4.95108
7.86697
5.10025
9.6094
4.62034
4.82968
5.32398
4.86887
4.6404
4.64241
6.58369
6.55308
6.44932
5.42826
5.6907
5.98398
5.97774
6.24299
5.36208
6.44543
4.35422
6.05577
4.51616
5.15473
6.28955
5.90492
5.13652
4.62986
4.91761
5.61613
6.10676
7.96305
7.1435
9.06923
8.94893
6.28091
5.67674
4.60439
4.83548
4.71277
4.85569
8.61585
4.85929
5.76213
7.5706
6.58997
4.63453
7.64311
5.94227
5.3654
4.82784
5.12012
8.49434
6.21379
4.77344
5.07596
4.97897
4.86656
5.39121
6.80125
4.64227
4.64274
4.60958
5.12431
4.8397
4.69426
4.90979
5.82663
4.41878
7.72258
5.44293
7.09322
4.85132
6.00329
4.7473
7.42781
4.43675
5.00685
8.69649
4.74008
4.79429
4.99465
5.21436
4.68797
7.34808
5.10571
4.85165
7.80571
4.91814
4.88541
5.36708
5.56216
5.15947
5.86201
5.25636
5.38686
4.59998
7.94109
4.65321
6.43773
4.67733
5.80674
4.48507
5.14259
7.41193
7.64657
6.2528
5.20807
5.40924
4.76265
6.105
5.54429
4.63135
8.80644
4.95203
4.36369
5.37317
7.34029
4.61911
4.60089
5.50544
6.63339
4.95252
5.06774
5.00599
5.02845
5.13694
5.36974
4.59147
5.14383
5.23376
4.67669
4.99613
4.90551
5.65081
5.08027
6.29265
5.13564
7.63481
4.74114
7.57877
4.9268
5.2187
4.84362
4.63588
5.11225
5.02674
6.09201
5.11432
4.69604
7.41282
6.48345
5.50107
4.15774
4.7627
4.91497
5.53481
5.25827
4.61719
6.36239
4.7659
8.19005
8.30127
4.63196
4.79879
5.42571
4.80733
6.77115
5.85559
7.0402
5.95072
5.12671
4.62216
4.60584
4.74928
7.16116
4.6032
4.81824
6.60755
4.59796
4.61927
5.15376
4.70586
7.26815
8.19929
4.62306
4.6413
5.37512
5.34352
4
5.64416
4.45937
4.645
5.25012
4.77321
5.15584
5.01304
5.74992
4.69919
5.15498
6.67237
4.31136
6.41589
4.63631
5.03047
5.15807
4.63158
6.43509
5.15204
4.80075
7.72409
7.078
5.48011
5.1366
7.95273
4.97171
5.55968
4.61546
4.95592
4.65302
7.65283
5.2517
6.82102
5.31121
4.75416
4.73096
5.18051
5.89221
6.68251
8.12549
6.84486
4.82581
7.82232
4.77975
6.81374
4.70827
4.59138
4.54223
4.6226
6.64517
4.57569
6.36006
7.86534
4.60227
4.90522
4.64051
5.14389
4.74321
5.39877
4.82017
4.84167
4.89249
4.60802
5.08428
7.05133
5.80466
4.9433
6.84761
5.76486
4.6911
5.1063
6.08507
5.18325
6.88421
7.49944
5.19067
5.23752
4.30843
6.58818
6.83322
6.1739
4.80583
5.07067
4.63577
6.40366
4.63132
5.04209
4.40444
7.06451
4.66431
5.09214
7.73608
8.22602
5.17917
4.70271
4.60976
8.05544
5.16158
4.97268
4.62272
7.08466
4.45715
4.62337
5.23369
8.30006
6.10457
4.99879
5.36433
4.63915
4.72661
5.03767
4.93945
4.60364
6.94219
4.53768
5.92765
6.30428
6.3528
4.63255
8.0876
7.82066
4.63121
7.18735
4.61909
4.61682
4.69865
6.61676
4.7571
4.68812
5.09996
4.61468
6.39218
5.23654
5.07193
4.61558
4.76377
4.86017
6.33559
4.61979
7.06874
7.98585
4.60395
5.75862
4.60217
4.82149
5.73198
6.94832
4.30244
6.44358
5.06719
4.67902
7.96086
4.6647
5.27689
8.20475
4.6047
5.0199
4.67487
6.65294
5.23761
4.64964
7.57195
7.79451
6.28491
5.02689
4.61322
7.64428
4.97219
5.05176
6.30187
4.6719
4.81139
7.16321
4.92329
4.68349
4.54053
8.2263
8.04691
5.36686
8.07453
6.58631
5.16763
6.84384
5.09861
7.2361
4.628
5.38133
4.94942
6.18622
6.47996
6.95858
4.63577
5.12001
7.87656
4.68086
5.15666
6.88306
5.56726
4.78193
4.70557
4.92756
6.83469
4.66066
4.94598
7.08123
5.41008
5.1608
6.15523
6.35061
7.54601
4.63766
6.50575
7.97005
4.99567
5.08515
4.78198
9.27878
4.30985
5.92489
5.02518
4.66767
5.77073
6.40982
4.95104
7.7679
5.19377
5.35729
4.59507
5.3412
5.49874
5.22352
6.97271
5.71916
4.82534
6.7427
5.53933
4.3153
4.61234
4.7267
4.60922
4.85892
5.20783
4.92848
6.5249
4.63048
6.09789
6.14156
7.48237
6.67357
8.18864
5.23625
7.20558
7.26613
4.35389
4.75056
4.62519
4.78152
5.1064
5.33303
4.63328
4.6424
4.99655
5.04571
6.67341
5.80689
7.33347
5.00707
6.50979
4.60263
4.80398
4.31542
4.3593
4.68708
4.88407
5.01919
4.94198
4.02474
4.86441
5.24634
7.59342
5.47703
5.83956
6.36072
5.06892
4.84249
4.61212
4.71732
5.14958
5.13915
5.09759
4.52564
5.06181
4.60329
6.11015
5.6042
4.46247
5.85128
5.76952
8.26391
5.04063
6.45704
5.98435
5.70154
7.62006
9.09691
5.12451
5.23704
6.42559
4.66816
7.31248
5.76812
4.79415
4.66938
4.64755
6.64395
4.48877
4.83422
6.72453
4.62359
4.34515
6.46284
4.83636
5.57006
5.15303
6.0565
5.27614
7.49681
7.59698
7.44514
4.66236
7.16174
4.80389
4.31768
7.67198
4.77742
6.67811
6.56914
8.25754
6.30292
5.66978
5.33352
5.90498
4.82796
4.81544
4.58994
6.94714
5.21054
5.50174
5.93753
5.1018
4.9177
4.6247
5.01655
7.57544
4.71292
8.3495
7.76321
6.49661
9.15417
8.95357
5.25827
7.82861
7.24912
6.72314
4.74592
4.61634
5.75819
4.7144
6.70397
5.34418
5.76846
6.65273
4.86286
5.26646
4.61439
5.05044
4.93115
4.99013
5.57671
4.37544
4.81897
6.37935
5.2444
6.82265
5.11604
4.4038
4.61154
4.66601
4.6471
8.05447
4.93212
5.14515
5.10136
5.77817
6.74485
4.53154
5.29484
6.19223
5.21793
5.61882
7.06768
5.16561
4.98524
6.48717
8.07252
7.22848
4.97418
4.33305
5.37713
4.7875
8.40783
4.79358
4.40316
4.72055
5.48822
7.6462
5.06036
4.72564
5.18785
8.84426
5.10037
5.77005
5.81297
4.7759
4.74813
4.61627
4.60177
4.81682
4.15333
7.27407
6.45994
6.85227
4.42299
6.71045
6.58387
8.1289
4.63032
6.15009
6.62142
8.24255
6.48431
4.89165
8.08845
8.11849
5.29036
7.31785
5.01337
4.64497
4.6188
5.18176
4.96321
6.49881
4.68615
5.26538
4.67064
4.86133
5.90378
4.63654
8.29982
5.78194
7.31599
4.62703
4.66314
8.25022
4.64084
4.7919
4.83043
7.13916
6.9721
6.36645
8.43066
5.16844
4.38138
5.14354
6.14557
8.34158
6.58007
7.62537
8.22624
6.44475
4.70849
8.16107
4.53228
5.26011
6.9254
5.04465
4.78609
5.01438
5.63384
5.0157
5.05624
6.45102
4.81191
5.88307
6.14564
4.68115
5.11355
8.49313
8.64759
7.01176
4.64005
4.80935
4.88461
4.67366
5.00745
4.85034
4.81697
4.8318
4.94567
4.63134
4.94646
4.71956
6.86133
4.96035
5.25903
7.85597
8.60635
5.52875
4.97132
6.40102
6.2581
4.64683
5.78443
5.56694
5.0901
8.33429
5.86021
4.62992
4.91527
4.69462
10.9455
6.47283
6.18782
4.6083
7.45597
4.64739
7.09728
6.26112
8.39118
7.53382
7.49153
8.57503
6.14143
6.51447
5.47513
5.78812
5.85093
8.30088
5.87817
7.45044
4.40708
5.14181
6.45198
7.54598
7.48128
5.0237
7.27005
7.27824
5.11978
7.21606
6.48169
6.13914
5.0227
5.14638
7.44085
4.65403
4.622
4.95141
7.00307
8.34242
4.95239
9.07504
6.5397
7.18894
5.02163
4.87139
5.29756
8.41859
8.24871
6.55216
7.26807
7.19289
8.44623
5.79176
7.1936
4.63221
4.60359
6.13108
6.11512
4.94786
6.55109
5.50582
5.02731
7.71147
7.19959
4.54292
8.68069
4.6683
5.79527
4.90018
5.95012
6.54338
6.87046
6.4849
7.25246
7.31627
6.5272
7.20872
4.47555
6.96276
6.58052
7.04025
4.65226
8.44971
6.23919
7.31846
7.34717
8.0573
5.81255
5.43351
4.54095
6.72212
7.83508
6.49737
4.616
7.40135
7.7732
6.23993
5.47393
6.43261
8.40365
6.74379
6.51266
6.33682
4.79421
6.49919
6.57566
5.79866
7.89959
4.41931
7.2947
5.1239
7.79176
6.51783
6.78948
6.51459
6.1819
4.81226
7.37113
5.46497
4.97581
6.09998
9.03442
5.02179
6.50466
5.80195
8.49515
7.39015
7.39338
6.59215
6.21308
6.72043
7.6595
6.31563
5.55385
4.97576
6.23583
6.68992
5.26079
7.3095
8.067
6.34491
6.36939
7.70704
6.30729
4.71504
6.31143
4.53937
6.83614
5.86963
7.39347
6.60966
4.61914
5.21861
4.58553
6.15301
4.646
4.91332
8.07124
6.065
5.32396
6.90389
5.83795
5.13841
5.44605
5.80515
6.22028
7.31706
6.56183
5.07072
8.07552
7.52609
8.10121
7.32641
8.57624
4.71095
7.99682
8.13626
6.13857
5.05096
8.18008
7.29684
6.74516
5.80824
6.30993
8.2026
6.16301
7.26544
6.944
7.73538
6.78164
8.60806
6.1235
8.1612
8.64934
6.05401
4.60666
4.82236
4.52205
8.21906
5.05986
4.64166
6.32229
8.28194
7.25829
8.31962
4.63694
5.81125
7.48132
4.6386
8.45698
7.7946
4.80076
4.99486
5.12374
7.23143
4.63086
5.10245
4.93142
6.71448
6.77265
8.32439
5.90877
6.99014
6.16126
5.49921
5.64468
7.26533
6.02962
6.78632
6.7537
8.06844
6.95572
6.28267
6.17021
4.90228
8.17337
6.36305
4.63757
6.03184
7.90453
5.67042
6.82987
8.07519
6.72655
4.68193
7.26718
4.86542
6.30944
8.18573
4.65876
4.92563
7.2621
6.82567
8.89173
5.17406
5.95704
5.70612
5.86492
5.92708
6.32958
7.87177
5.64784
5.56289
5.26141
4.62005
4.58836
7.25368
6.1176
7.8139
6.76165
4.7868
5.03072
4.37807
4.63134
4.89851
4.85178
6.12536
7.96388
4.64951
6.1554
5.89388
4.81356
6.08012
6.25073
6.68314
8.22425
4.61474
7.28617
5.87033
5.082
6.12519
4.67804
6.71724
8.7226
4.87032
6.71846
5.31416
6.45534
7.14266
6.04849
7.00734
5.12472
4.61999
7.17772
6.75088
4.84117
5.12721
5.67878
4.75434
8.20326
6.81246
6.13182
5.864
6.30612
7.27493
8.16028
4.66605
5.12885
6.71974
4.81947
4.93583
6.87164
6.3723
5.27091
8.87785
6.25099
5.70422
8.60787
4.94111
9.20245
5.22701
4.75493
9.13306
4.57668
6.12951
6.66724
4.61778
4.8482
4.60606
4.7913
6.1272
7.61882
4.62084
5.93086
4.69086
6.63263
4.64005
8.76149
5.07803
4.90198
6.66552
7.20283
5.1461
4.85034
6.20167
6.85594
6.86092
5.30474
8.80872
5.23549
6.0876
4.90856
6.72279
4.86976
4.88982
4.80908
4.89243
6.84516
5.17877
4.6388
7.42408
7.35717
6.7084
6.65954
5.38246
4.93454
6.28242
6.90558
6.69895
4.94499
6.926
6.28255
4.72185
8.29911
4.60433
4.95631
4.95357
5.03001
4.95029
4.9568
5.23153
6.97507
4.62044
5.0473
6.04543
6.2676
4.95758
8.98837
4.6494
6.9766
7.55966
7.07987
6.27923
5.0828
5.69667
4.97794
5.83903
4.64485
4.78949
5.15581
6.26915
6.99103
5.73244
5.07879
8.5406
5.63352
6.37813
4.75749
6.83884
6.23549
5.14277
6.98789
7.00806
5.05827
8.55487
5.00293
5.74188
4.78761
4.68231
4.7386
5.68928
7.95049
4.78784
6.42012
5.07614
8.6115
4.62925
6.27178
7.01455
6.28383
7.01721
7.04091
6.92634
4.77736
6.78255
6.74818
4.62721
7.162
7.45173
5.77324
8.41956
4.61566
8.59463
5.12884
8.59354
5.07951
4.42408
6.14281
5.56931
5.02302
4.90329
6.40007
8.22819
7.01135
5.25693
7.69928
7.04962
6.23502
6.60051
4.98043
4.76276
4.06212
5.16906
6.41292
5.533
4.84628
5.34133
9.02009
8.52575
8.5673
8.48394
9.07833
4.6615
6.75118
4.93366
4.61853
10.4098
5.29458
4.85238
9.00316
9.10225
4.83011
9.04429
6.27218
9.07705
9.12071
5.35874
9.09115
5.12717
5.32405
8.82473
8.08397
8.26606
8.11511
6.1364
4.34592
7.27841
5.01498
5.19714
8.18945
8.32378
5.42659
8.73877
8.18192
8.10643
4.94182
5.30211
9.09058
8.18347
9.13796
4.74286
8.62345
8.09678
6.39815
4.98855
4.81109
8.1052
5.14861
8.53724
8.484
4.70245
8.10673
6.2645
4.8901
6.09549
5.03488
6.11776
7.26079
8.19602
5.29346
4.34842
6.19313
8.19667
4.50398
6.73659
6.41292
5.13928
4.98927
8.46174
5.08437
5.18986
6.86233
4.78405
4.85218
8.1444
4.89725
4.629
6.42663
5.28209
7.314
9.24913
8.85069
4.53229
5.31896
9.01413
6.18588
5.57231
5.28889
4.63643
8.16337
6.42719
4.63944
6.90856
5.27315
4.52726
8.31926
7.33802
8.325
8.23325
8.23057
8.26333
8.14406
7.99551
8.24473
7.9285
7.93681
8.31144
7.97145
7.48476
7.67922
7.81684
7.80105
7.89381
5.31025
6.28582
5.05441
7.58138
6.43553
4.85419
6.18926
8.50014
9.33183
5.12437
8.49901
8.50166
8.52494
8.54681
8.53051
8.5518
8.55323
8.56687
8.57093
8.11365
8.66012
4.8801
8.52248
8.57518
8.56743
8.56229
8.57079
8.76467
8.62068
8.55823
8.91125
8.81767
8.83747
8.73182
8.84346
7.64753
8.72612
6.19297
8.56431
8.18514
8.37208
8.58062
8.41649
8.59194
4.90369
4.63695
8.15108
4.62131
8.62363
4.63041
6.44105
8.01337
6.8712
5.32802
4.62527
7.82121
8.48151
5.60319
6.19428
6.44376
5.32584
5.44917
5.32894
6.70827
5.08479
4.79903
4.80487
8.55278
5.71095
6.44657
7.73984
6.2673
5.26861
7.69399
6.50363
4.8266
5.18209
4.61016
6.23795
5.26997
5.57572
5.2703
6.23537
6.23955
6.25449
6.18664
4.42258
5.30736
5.5996
4.80929
6.08301
6.01749
4.64689
4.76678
6.13938
5.30465
6.18577
5.37095
6.18004
5.68475
6.0734
4.79227
5.67216
5.24332
7.9753
5.28796
8.15246
5.12428
5.60225
6.813
8.34219
5.60519
8.4201
8.20129
6.24177
6.24091
5.84533
6.23048
4.94719
5.11625
6.26252
9.04197
5.23346
5.01917
4.46773
4.9047
5.29985
6.23381
8.7193
4.66032
8.16563
6.23163
4.64507
6.26723
4.85945
5.19718
6.21932
6.67956
5.93963
5.55168
6.85544
4.61925
4.70759
8.49031
4.8716
4.0095
4.75052
5.30461
5.32926
5.84485
4.84312
4.6119
4.32341
5.20212
7.18728
7.17934
7.18
7.16157
7.12167
7.17242
7.12349
7.22811
7.72095
7.66884
7.70276
7.67465
7.22666
7.20967
4.76164
5.13712
7.21588
7.21398
7.21635
5.00055
7.21834
7.085
4.62832
7.23289
7.22425
7.22659
4.63919
6.23121
7.1436
7.16872
4.56028
6.18852
6.21337
6.21995
4.95396
5.1258
4.70052
4.78695
8.78502
4.68116
4.85432
6.131
4.62883
5.60266
6.24091
5.637
5.04939
5.13302
4.79556
4.37453
7.05404
8.05777
9.29392
5.15346
8.19924
6.68115
5.23475
5.15987
6.24257
4.77768
5.42261
4.5939
4.65498
6.87088
7.2233
5.12172
4.62492
8.11802
4.68109
4.63321
8.41939
6.02041
5.0012
4.99813
8.69793
5.13985
5.9603
4.87418
4.87239
5.62097
4.94474
5.19839
5.78641
8.0119
5.45702
5.21644
6.11005
4.85561
5.03366
4.80376
8.18567
6.24191
5.61876
6.14889
7.9372
5.3973
4.64334
4.57884
4.33726
8.43093
4.60886
4.60852
8.44947
5.78713
5.63612
5.42065
5.12475
5.64268
5.27745
4.61048
4.70234
6.73618
6.45147
6.56809
6.75976
6.35915
6.77794
6.45065
6.78861
6.70105
6.10961
6.83208
5.90272
5.81738
5.8981
6.16519
6.76124
6.77708
6.80542
7.8678
5.91985
4.77922
5.17868
4.71665
5.30432
4.60528
8.44346
6.85275
5.24303
6.2537
8.78346
4.655
4.62772
7.79145
5.59694
4.64739
6.21706
4.94605
5.40348
7.10325
4.66105
4.6062
5.34198
4.98273
5.11127
5.40116
4.60648
4.84661
4.80298
4.68161
4.65818
5.25111
6.21246
8.5382
7.16815
5.25748
7.63512
9.11811
8.59712
8.48441
4.66137
4.67928
5.32252
4.88671
4.62489
7.78803
4.64845
8.57964
5.33154
7.22126
5.19501
4.98117
5.12803
8.3232
4.79642
4.62102
4.6102
6.3756
4.39958
4.99789
4.67786
8.29678
8.47871
4.87502
5.01735
6.54389
6.67339
6.76293
6.57762
6.49335
6.61148
6.69261
6.68095
6.7467
6.98716
6.97503
8.1432
6.74545
6.71229
6.71275
7.03188
7.02789
7.08222
7.21587
7.08987
7.10002
7.11008
6.75843
6.72757
6.72525
6.74729
6.75203
6.71544
6.71947
5.23091
8.19415
6.17361
4.75401
6.91739
6.08322
5.23613
4.81015
5.39156
6.66687
5.969
5.16907
5.12006
4.88121
5.10551
8.49508
4.5093
6.0366
4.85426
5.0343
5.20282
4.64456
4.70381
4.75395
5.35349
4.56931
4.67061
4.72485
5.31415
6.73104
4.59462
4.95339
6.17857
7.0134
7.49341
4.90306
6.30843
7.36929
6.65992
4.58249
8.49664
4.58916
5.2675
5.75044
4.92237
6.0852
5.30953
4.70052
5.02027
6.66305
9.18099
5.10516
4.60727
4.91103
6.35957
4.77663
8.2543
6.15137
4.91069
4.95871
4.61467
4.85756
4.98473
6.08711
4.76994
6.15473
4.91237
6.72113
4.87601
4.62004
8.29631
5.2851
5.28297
5.68405
7.77881
4.89569
5.43602
4.72659
6.86811
4.60726
5.06164
4.61477
7.4578
7.78436
8.12118
7.06049
4.70719
5.15711
8.55027
4.63501
4.60846
6.01912
5.02378
4.63386
4.22585
7.0921
5.21035
6.5919
8.66662
8.62714
5.87596
6.28506
5.0712
6.09516
5.60328
8.2578
4.93345
8.23885
4.63887
6.1956
6.2134
5.09094
4.871
5.05077
4.72584
5.56208
5.64644
4.78938
4.94696
5.01418
4.62927
8.23051
4.62435
7.28306
4.76135
5.34578
6.71147
5.03385
7.15838
5.47794
5.96137
4.61987
8.17721
8.48868
7.02671
5.38855
4.60203
5.50373
6.77429
6.27912
4.60665
4.61319
5.20155
8.47679
6.68305
4.75984
5.34335
6.01618
6.04065
6.71046
7.938
8.46511
4.88115
5.60007
5.28342
4.59276
4.97008
8.47459
6.33677
4.60915
5.31185
5.02527
4.37347
4.79755
8.62558
4.63456
5.0165
4.59162
6.69673
4.99731
8.73978
7.85812
4.37642
8.61663
7.43082
6.27732
4.80312
8.87395
5.60882
5.16616
4.76137
5.19093
4.67098
4.54419
9.2653
5.86983
4.64107
4.67221
9.20944
8.89219
5.03892
6.02519
8.43071
6.66491
8.59454
8.66069
4.68834
8.46757
8.50106
5.08545
5.59195
5.0447
8.63533
6.13604
4.80884
6.65899
8.62925
9.18492
4.90603
9.17366
7.04958
8.84435
8.8724
8.1471
6.43206
8.11532
8.69782
7.82612
8.83236
8.65205
8.83538
5.10362
8.59509
8.28336
6.33159
8.52583
8.53253
8.41166
8.49735
8.6249
8.63175
8.28516
8.1448
8.12845
6.01853
5.37885
8.41632
8.61116
7.42309
8.47737
9.01818
8.25897
8.94076
8.2494
4.67838
8.08539
8.372
9.28558
5.59493
7.56526
4.81691
8.47359
8.83348
8.68397
8.60462
5.96044
5.46705
4.60565
4.60643
4.72353
4.89602
5.44315
8.94658
8.91346
4.87822
4.85881
8.26201
4.63866
4.81332
8.94761
4.79829
4.49562
5.06876
4.96225
7.07549
4.62394
4.76767
4.73139
4.73103
7.48601
4.96553
5.05274
5.60651
4.63226
6.63714
5.40337
6.52014
6.31335
5.03803
4.62941
6.70961
7.85323
8.22732
4.84983
6.2052
5.02533
8.11252
4.74293
7.58067
7.58204
6.66067
5.00022
5.02949
4.69714
5.24995
7.47727
4.76198
4.10477
6.01824
5.08532
5.40395
8.22285
5.5813
9.16202
4.67422
4.98808
4.78724
8.37083
4.60453
5.01776
7.86598
5.15277
7.75116
4.57777
4.42055
5.04599
4.63781
4.56139
5.20135
4.90018
5.62231
6.32296
7.9489
5.26417
4.88836
5.0911
5.25743
6.23507
4.88564
6.01725
4.61775
4.63462
4.62803
7.57775
5.57965
4.37658
4.69803
5.18433
7.21914
6.6845
4.70039
6.29153
5.42599
5.06636
6.17131
4.7829
4.88887
5.78459
5.97284
5.23075
4.72149
8.25555
4.63425
5.43926
5.57701
6.26887
5.08037
4.97487
6.24671
4.6188
5.96411
4.90405
5.31082
7.42812
5.52134
5.09371
7.26734
4.669
4.32558
6.00414
5.19113
4.66279
4.62107
4.6083
4.95191
6.12877
6.02407
5.68446
4.86975
5.01196
5.55922
6.09227
4.58925
8.39891
5.57601
6.03213
5.12869
6.15201
5.16261
8.26436
5.64431
6.59224
5.93626
5.15183
4.75001
5.88254
4.66809
5.27094
5.10412
6.03242
5.18424
4.77359
4.62315
4.63441
4.642
5.10408
4.80168
4.65585
5.392
4.62355
5.57078
4.62001
8.15748
5.20684
7.49043
6.81957
6.02654
4.52984
8.1536
5.9673
4.64137
4.63891
4.57209
4.6681
4.86897
5.28896
5.01016
9.15737
4.91098
4.88926
4.80477
5.20088
4.85736
5.14633
4.64259
5.11413
5.01626
6.0003
4.81806
5.57504
4.65125
4.86564
4.65186
5.68353
4.99298
5.14543
4.97997
4.58265
5.11419
5.40655
4.71177
4.84386
5.5739
6.88586
4.98017
5.63467
5.95013
6.37984
6.02276
4.62701
5.57267
4.63814
4.78743
5.40542
4.8251
5.12828
4.78666
5.09238
5.6772
5.12731
7.21995
8.60114
6.50559
4.80271
5.03587
5.57138
5.30889
4.69728
4.9303
4.81507
4.93665
4.68601
4.99705
5.97697
4.90031
4.84104
5.08453
5.02383
7.78275
7.39688
4.819
4.83016
5.00925
5.40836
8.62296
4.86227
5.01066
8.30829
4.73279
5.63465
4.61919
6.18837
8.40651
4.70219
8.67349
5.08672
5.57003
5.21332
4.81497
4.72621
7.04393
4.73402
9.6531
8.40202
4.73797
6.01995
4.86173
4.97712
4.83259
4.73034
7.17089
4.96361
5.06588
4.61552
5.33143
5.00832
5.33788
4.76128
6.16859
5.73778
5.16919
4.89709
4.63212
5.56857
7.47102
8.12289
4.43816
4.8415
5.34092
5.20531
5.03621
4.62699
8.06802
7.66313
7.6568
4.84734
5.56705
5.32478
5.11583
5.33869
4.98931
5.02138
4.89556
4.86603
8.40794
5.14529
4.66282
8.08873
4.84098
8.06706
5.40742
5.56547
4.95
4.89575
4.62976
4.8909
4.88994
4.80304
5.83282
4.63072
4.89587
4.77642
5.03374
5.35071
4.63649
4.75066
4.60976
7.17761
5.69969
8.15737
4.61069
8.08529
6.31716
5.16239
4.66819
7.81021
4.60912
5.1354
5.72171
6.01396
5.23889
5.7389
5.01949
8.36443
5.40715
5.21099
6.5848
7.06494
5.35024
6.6352
4.7398
4.71346
5.81806
8.12326
5.7232
4.96918
5.15338
4.66663
5.32358
5.79345
8.11407
8.08937
8.73646
4.67872
5.90264
5.77072
5.29125
5.14332
7.78325
5.63619
7.17906
6.52177
7.95592
5.32322
4.69341
8.31126
4.28213
8.77457
5.32193
4.67643
7.79721
7.952
5.18573
5.94341
5.3546
8.82221
6.00807
4.6496
5.59578
4.68389
7.85891
7.17833
4.73611
4.92905
7.68596
7.94757
8.1247
7.96143
5.27718
5.15748
6.06037
4.95089
7.96114
4.43377
7.68917
5.62376
8.74251
7.90875
5.32574
5.32874
5.40728
5.39731
4.90763
5.10023
5.20019
4.87021
7.96307
4.61657
4.60885
6.26859
5.12448
5.23397
7.81414
5.55531
4.63098
4.93132
6.62591
5.65144
6.04662
7.66206
7.74553
7.99482
5.65272
7.74279
5.76013
7.73923
4.87908
5.35239
7.73214
4.60975
4.99394
6.04668
5.56781
7.87137
4.68455
9.24766
5.23442
7.73924
7.82535
4.64931
4.65664
5.2877
7.75081
8.00034
4.80723
5.34785
5.01159
4.96915
5.87712
7.74039
5.5512
5.57939
4.75838
5.09048
6.20097
7.86033
6.08772
6.20334
5.2922
5.34709
6.22202
7.84436
7.98308
4.63674
7.85247
7.98375
5.23014
8.01257
7.00519
7.86344
6.31903
4.84648
7.69601
7.94021
5.85549
4.72614
6.2271
6.908
7.7723
4.91994
5.33732
4.94133
5.55269
7.75172
4.64848
5.2184
7.95806
5.2108
5.64093
7.69198
4.97313
7.76584
7.11718
6.14933
5.33929
8.08931
5.1812
5.54948
7.69363
7.58712
4.89114
5.03807
7.69052
7.89281
4.70201
7.70232
4.84478
4.64367
5.40619
7.89404
4.61315
4.83017
6.19951
5.62224
7.71466
4.62463
7.7323
6.02544
6.92429
6.2135
6.64232
6.06481
4.52402
4.67253
6.76163
5.84055
7.74377
7.88253
5.32749
7.96529
6.28262
7.97106
7.95886
6.47215
5.40364
5.72407
7.8573
5.54679
6.93412
4.77335
7.39485
7.38776
7.40917
6.58279
4.8951
6.70927
4.58821
5.84068
6.72482
7.38832
5.01095
5.94877
6.79685
4.63207
5.31841
6.95557
4.62809
7.78674
5.11705
5.54476
7.31002
6.89463
5.8366
4.73278
7.87494
6.855
6.29687
6.72359
4.94939
6.30771
4.61648
6.29284
6.82196
4.63429
5.50792
4.72564
7.15766
7.67638
6.94047
5.8341
7.03014
7.87199
7.13775
4.78325
5.29742
5.11507
5.81171
7.15043
5.54263
7.30501
5.11901
5.68922
4.67808
5.13783
5.78064
6.04932
4.70892
5.63367
4.69256
5.62154
5.25196
6.27007
5.66061
4.95306
6.80957
5.73294
5.6071
5.30242
5.31733
7.4151
5.3964
7.13601
5.69996
7.92933
5.95685
5.7405
5.64048
7.23394
5.45508
7.21635
5.60276
7.75382
7.26453
5.5984
4.62835
5.59678
5.59521
4.79491
5.671
5.63422
4.7596
8.08575
4.67226
5.66812
7.476
5.7384
5.94632
5.65687
5.28499
5.10524
4.66604
4.99158
5.73251
5.38648
4.93002
7.65565
4.74434
7.39096
5.19417
4.63709
6.3395
7.13149
4.91115
6.88887
5.15341
7.84034
5.59177
4.62138
4.61326
4.92933
4.63859
4.98043
6.24463
4.62768
7.93957
7.65202
7.93813
4.92661
7.97134
7.73266
7.70566
7.8163
7.75764
7.8509
7.77665
7.87816
7.8076
7.92163
7.83854
7.91421
7.91968
7.9232
7.91824
7.92568
7.91601
7.86813
7.88958
7.87415
7.86005
7.73186
4.60987
4.62216
5.35238
6.29371
4.98952
7.78461
7.66378
4.63199
5.05982
5.68095
5.28047
4.81973
7.99521
7.78499
4.80036
5.6094
5.03177
5.3978
4.88819
4.71016
4.68483
4.69389
7.67404
4.70619
4.84632
7.81515
4.71942
4.60927
4.55383
6.2254
4.77626
4.60902
5.42467
7.41588
5.27259
4.61459
4.41177
7.78684
4.73958
7.481
7.30503
6.8446
5.38909
7.67501
9.24651
9.1188
7.10972
5.54204
7.0434
7.82421
5.16909
4.85258
6.29691
6.00636
7.84489
6.20573
6.15475
7.78744
5.11929
5.31494
7.84954
7.41554
4.65168
7.02765
4.94609
4.99138
7.88598
5.91216
5.1333
7.83318
5.82353
4.67379
5.38356
5.89096
7.90186
6.01549
6.37442
4.83494
5.53193
4.40477
5.04355
8.3593
7.80724
4.6277
7.68328
4.60998
4.91236
6.35481
7.64003
5.46406
7.72464
4.09834
5.28939
7.65569
5.13068
7.71787
4.7692
7.77422
4.76329
7.93517
7.49664
4.79009
6.35466
4.62826
5.10378
5.36988
6.03104
4.8444
5.13113
4.79544
4.7206
5.14335
4.98434
7.92282
4.73171
6.32913
5.38632
4.6188
6.37124
6.07085
5.03079
5.47779
5.00095
6.24921
6.12219
5.36953
4.68374
4.64553
5.2292
8.81156
8.67675
6.7097
6.65412
6.1497
5.58456
4.91602
4.74207
5.19981
6.07468
4.70845
6.0148
4.58532
8.09331
4.40814
4.91241
5.07634
5.35589
4.72287
5.46819
7.00531
4.60758
6.00012
4.97084
5.23812
4.87001
5.90622
8.37059
5.08644
5.96554
4.72029
4.8611
4.86275
4.72359
4.86136
5.35286
5.94537
5.29095
4.76066
4.85951
5.23746
4.88797
4.81611
5.40489
5.69017
8.49533
4.85757
5.35071
5.68557
4.8556
5.29899
4.5955
4.84407
4.85361
4.65228
4.92412
4.67484
4.94682
4.85161
4.65333
5.33106
4.95391
4.85679
5.68645
4.67705
6.73241
4.6355
4.85525
4.90816
4.70927
5.35642
4.91358
6.02088
4.93554
4.96587
4.90748
4.96129
5.3525
4.99624
6.15117
7.78222
4.99639
4.88406
4.99575
4.86203
4.73952
4.715
5.63223
5.34999
5.65406
4.75943
5.05269
4.82198
5.15077
5.37152
4.80954
4.76884
4.66483
4.91161
5.63708
4.87109
6.54848
4.85773
4.62025
4.86898
5.3724
4.65175
5.06308
5.45435
4.99256
5.52488
4.95017
7.28904
4.70806
4.7708
8.20995
6.94865
4.69573
5.38289
5.10294
4.85604
8.20674
4.60896
6.76088
4.7753
5.46792
4.82795
5.39945
4.79637
4.58505
5.11798
5.5987
4.60828
4.6129
4.72599
5.64736
4.87121
5.39837
5.401
4.74934
5.09594
5.30699
5.20384
5.09837
5.19523
5.22479
7.88708
4.9859
4.73421
5.39425
5.25093
4.83766
5.41476
4.79234
4.67853
5.41427
4.8835
4.72643
4.85151
5.41472
6.85662
12.3743
5.03993
9.43644
4.84405
5.41217
5.40803
5.6453
5.39671
5.40535
4.81178
4.87121
8.41998
4.61924
4.92382
9.2331
5.73373
4.61154
8.20574
5.44674
5.34621
4.61607
4.60963
4.58829
6.28503
5.53542
5.87401
5.27229
8.62791
4.64624
4.98839
4.94748
8.03534
4.77389
5.38575
5.46063
4.90356
7.18032
4.65989
4.60582
4.90106
4.84837
5.39608
6.23242
5.64212
5.82827
5.35901
4.86419
5.37418
4.70429
5.38791
4.63255
5.72505
4.74763
4.7373
5.38958
4.95608
6.6949
5.44135
5.535
8.27859
5.00901
4.80433
4.76307
4.86081
4.6291
5.30713
5.83058
5.90061
4.92193
5.34889
5.1051
7.32712
5.01697
4.83584
4.93899
5.23089
4.61121
4.59773
5.45845
4.6272
6.73149
5.5366
5.97352
4.97193
8.67449
5.09447
4.97526
4.94616
5.32998
6.79213
5.02088
4.33041
5.1375
4.40609
5.97184
4.94439
4.73895
4.81227
8.46788
5.43522
4.6105
4.50953
6.23784
4.75565
4.6246
7.69702
5.23424
5.51789
5.76544
4.64518
4.65969
4.61117
5.7182
4.92787
4.27777
4.98589
5.39818
6.59382
6.16723
5.02387
5.66948
4.51065
4.92628
4.86404
5.88885
6.97373
4.60679
4.77063
4.99952
4.77726
4.8846
4.6218
4.71902
4.86112
4.6655
7.7035
4.60903
5.68148
4.61578
4.71056
5.28018
4.72493
6.26733
5.13652
4.58902
4.63017
6.92937
4.76168
5.01778
4.62217
5.32208
4.64929
4.41316
5.04775
4.94898
4.93738
7.04523
5.22738
4.38971
4.89138
4.8996
4.6356
4.75779
4.63123
5.38455
8.0749
4.67013
4.71871
5.22217
5.53219
7.68512
4.87261
4.84563
4.80015
6.7637
6.77384
4.63808
6.82399
4.63666
5.46251
4.83968
6.21101
5.07982
4.67452
5.66128
7.13289
6.06538
4.73909
4.65575
4.74898
4.70219
5.35099
5.53148
4.63037
5.4214
4.69561
5.13426
5.54004
4.62803
4.76152
5.0009
4.79408
4.52902
4.73277
5.29256
4.88604
6.18681
5.13343
6.05015
5.90517
4.7566
6.57563
4.3842
4.91821
5.01378
4.64093
4.75573
4.61532
4.79306
4.69536
5.61889
4.76832
4.6125
5.52831
4.61974
6.66523
5.21158
4.92643
4.6133
4.70342
5.81684
4.79602
4.91933
4.8689
4.62594
4.56837
5.91695
4.64002
4.91974
5.28778
4.6129
7.31191
4.6484
9.50214
9.19791
8.59861
5.24042
4.7703
6.83008
6.17181
5.08644
4.62855
4.62209
4.64165
5.15406
4.88435
4.90276
4.60846
4.57876
6.5161
5.83279
4.63229
4.6178
4.6206
6.15241
4.84471
5.0714
4.97602
4.3701
5.80851
4.77465
5.75149
4.64968
4.89583
4.61059
4.63107
6.09024
4.8532
6.54049
4.87715
5.1203
4.86956
4.93318
4.88799
5.1064
4.66568
4.68099
4.94684
6.70058
7.35748
4.68525
4.73803
4.95795
4.65698
4.86082
4.38742
4.71356
4.90165
6.10874
4.61219
4.70983
5.03697
4.86938
5.62586
4.76179
4.56468
4.97223
4.66045
5.09642
4.79226
4.87956
4.64314
4.88115
4.71059
5.89372
5.38044
4.684
5.28931
6.49263
5.20209
4.60133
4.61972
4.61816
4.97806
4.89864
4.65439
5.32736
4.69164
5.18394
4.69788
4.78506
7.80657
5.48313
10.2773
4.87001
6.44875
4.91221
4.68477
4.69928
4.94253
5.2151
4.79483
4.64641
4.68581
4.99561
4.74797
6.11762
6.11223
4.62728
6.64089
4.60951
4.68735
4.61696
5.54187
4.88111
4.71482
4.61537
4.76663
5.03974
4.61444
5.1423
4.98275
4.80136
4.54677
5.95058
8.35858
5.71787
5.49377
4.78714
4.70129
4.85451
4.92895
4.60673
8.27589
4.98198
5.07713
4.71286
4.79888
5.57829
4.61429
6.01061
6.66908
4.49529
6.9327
4.89519
4.95898
7.87062
4.78427
4.69871
4.85739
5.41328
4.62516
7.23208
4.6109
5.82957
9.71822
9.18484
7.28417
5.09347
5.40997
4.61968
5.30744
4.73839
4.61911
4.6822
5.55677
7.84628
4.73109
5.16378
4.69131
4.711
6.93511
5.1059
4.75091
5.23843
5.00263
4.61936
4.62264
5.0334
5.85898
4.61631
4.82864
4.98388
5.93032
4.44112
4.71726
4.87043
5.61388
4.88851
4.64373
4.20117
6.15883
6.26348
5.0575
4.70254
4.66597
4.61947
4.6401
4.71409
5.2828
4.79588
4.79161
4.62635
5.11272
6.38402
5.17774
4.84693
4.79609
4.76881
4.70251
4.93384
9.88174
9.04305
4.7855
4.78602
5.09794
9.22803
4.5493
6.66233
5.26867
4.79894
4.73539
5.70103
4.78197
5.10749
4.61628
4.61938
6.22186
4.6161
4.77179
4.60294
4.98291
4.65035
4.43973
5.32009
4.76566
5.03077
4.68487
4.62069
4.83963
4.72533
4.64117
4.89065
4.70595
4.63482
5.10012
6.2896
4.50301
6.26661
4.85985
5.33147
4.81674
6.29467
5.34164
4.8023
4.92684
4.85252
5.08065
4.64401
5.94664
4.65606
4.46389
4.67208
9.19991
9.18748
4.65098
6.29987
4.61573
4.62102
8.28375
4.89761
4.62959
4.95942
4.9497
4.67251
4.8358
4.61924
7.49441
5.00937
5.01017
4.63735
4.40801
4.56299
5.54097
4.62207
4.61184
4.5937
7.07747
4.91279
5.239
6.88445
6.40863
4.6154
4.52486
4.71279
4.45808
4.65917
4.90843
4.62595
4.71664
4.84236
4.79159
7.34386
6.65894
4.8833
5.10853
4.74063
4.61615
4.61749
5.39714
4.72934
4.9203
5.35666
7.22245
5.21762
4.53486
4.89166
4.61785
4.41544
4.97768
4.54769
5.75512
5.46489
4.98236
4.66197
4.65325
4.70604
4.84541
4.64225
6.35946
4.68286
5.65078
4.66013
4.61155
4.71581
6.67329
4.62168
5.84301
4.78096
4.74208
4.7337
5.83814
5.20111
5.08395
4.9576
4.62181
6.55479
5.14059
7.7589
5.01789
4.90622
5.36801
4.63232
6.53135
5.1749
4.75672
6.61191
6.54479
5.03439
4.72819
4.78871
5.09109
8.69597
4.64019
4.83748
5.10952
4.87877
7.26253
5.29094
4.6272
5.16883
4.77151
4.62152
4.60184
5.15086
5.46129
4.78479
4.64526
4.93264
4.78131
4.62059
6.24451
5.11627
5.60268
4.92597
5.12836
5.71163
4.61311
4.86465
4.61782
7.40973
4.56528
4.85249
8.2262
5.20155
4.69617
5.93806
6.05651
4.63548
4.67977
6.72795
4.61233
4.42118
4.66531
4.67735
5.33183
4.63417
4.9475
4.56978
4.62686
4.6157
4.87908
4.63512
4.4629
4.61523
4.80742
5.14357
4.89412
7.27085
5.124
8.87613
4.6541
4.61199
4.82871
8.50182
8.73544
4.93447
4.40462
4.78659
4.63542
5.54307
4.67046
4.612
5.26874
4.18043
4.71946
8.41107
4.66094
4.82764
4.87062
4.54096
5.54561
4.68261
5.30936
5.21288
5.80382
4.62972
4.61334
6.57509
4.71423
4.74919
8.44577
4.68972
5.0035
5.15779
4.76239
5.32247
4.44013
4.64727
4.61755
5.13668
4.82175
4.56808
4.62297
4.65767
4.6135
5.59203
4.62029
5.73973
4.75815
4.6198
6.16551
4.75512
5.28742
5.38337
4.65882
4.70918
5.15166
4.77253
4.64252
4.75072
4.77864
4.81256
5.77305
4.59466
4.8367
4.61703
4.8963
5.59639
4.64304
6.78663
4.89015
4.87386
5.51684
4.75589
4.66737
4.76891
4.66646
4.64367
4.74315
5.06357
4.90953
6.59604
5.9456
5.84659
5.31067
4.8811
9.9588
9.14064
5.04995
7.89171
4.77933
6.7698
4.64945
7.56747
4.88043
4.71258
4.63893
4.61129
4.91043
4.61649
4.58766
4.72097
5.52773
4.62496
7.17254
4.68976
5.69964
5.2349
5.39512
4.57068
5.05438
4.61806
4.68539
7.1964
5.42373
4.8735
4.9407
4.7655
4.78906
4.95141
4.29157
4.60571
5.09292
5.01226
5.95283
4.6274
4.69215
4.72654
6.72456
6.63523
4.61542
4.94714
6.57468
5.33188
5.50199
4.64348
4.7875
5.0702
5.07308
4.49626
4.62481
4.72889
6.07534
4.66822
4.64478
4.86559
4.97516
4.8745
4.9473
4.75436
4.70885
5.6287
4.48022
7.01728
4.61607
7.01829
4.8982
4.62486
4.98043
4.64209
4.80855
5.47798
5.48096
4.65196
4.61944
6.59171
4.99852
5.06788
5.547
4.7872
5.5763
4.61258
4.62865
4.6296
4.72806
4.61208
5.41273
4.75139
5.52257
4.65163
4.85152
6.43063
4.47917
4.95496
6.6033
4.78106
4.66987
7.12381
5.18616
4.63381
7.13045
4.61739
8.11977
4.61657
6.70837
4.76666
4.61832
4.6146
4.84954
4.65376
4.76235
4.94174
5.65762
4.62448
4.61652
4.61409
4.89367
4.61758
4.61162
4.44241
4.61986
5.02469
5.80428
4.72164
4.35734
4.77723
4.76975
4.70037
5.45115
4.6118
4.77005
4.81512
4.4292
5.92126
6.66189
4.89045
5.2436
4.83943
5.64882
4.71004
4.60416
5.38647
4.73665
4.53718
5.39659
4.7266
5.2769
4.89213
4.69495
5.1656
4.67235
4.70276
4.48592
4.62938
4.83918
4.61586
4.77917
4.74402
4.85546
4.61392
6.6304
4.70821
4.80331
4.90155
5.01028
9.18823
5.85871
4.6656
4.77181
4.84583
4.67211
4.62758
4.88128
4.65803
4.64074
4.71432
4.71751
4.71318
7.553
4.61337
4.63547
4.67072
7.17555
4.65171
7.25322
6.50454
7.55156
4.9275
4.86374
5.64803
4.98965
5.25417
5.23966
4.81887
4.89432
6.14817
4.99516
5.30114
4.49773
4.64996
4.61255
4.98736
4.95254
4.84379
5.18772
7.78336
7.66297
4.7157
5.14863
4.6118
4.70591
4.78026
4.5276
4.90121
5.81633
4.505
4.65541
5.26959
4.62154
4.67646
4.63381
4.59645
4.62265
4.62778
4.67417
4.67934
4.74699
4.62665
4.61467
5.00013
4.74482
5.11501
7.81552
4.25876
4.72525
5.04341
4.87601
7.79012
4.66091
4.62385
4.76164
4.63027
6.27845
8.21651
4.80439
4.6135
4.75056
4.83246
4.74878
4.76444
4.7417
4.7067
4.66279
5.13024
4.67733
4.62336
4.97449
4.72076
4.8711
5.04091
4.85415
4.6397
6.81412
6.65997
5.35935
7.14386
4.94918
4.82776
5.15375
5.03924
4.81415
4.68864
4.57441
4.93693
5.45615
5.94405
7.54105
4.88968
5.45829
5.35333
4.77107
4.89682
5.16052
5.71502
4.6408
4.93786
4.67329
4.7144
4.73409
4.61306
5.11589
4.66901
4.61724
5.21569
6.30223
4.71582
4.71142
4.7339
7.81213
4.72079
4.64964
6.83045
4.77683
4.64153
5.49009
4.72716
4.74041
4.60504
4.62727
5.3064
4.6959
4.73343
4.80449
4.6287
4.97878
4.95739
4.82629
4.63507
4.4623
9.43284
4.61667
7.11126
4.61348
5.35706
5.18607
4.67508
4.6203
5.11479
4.62142
5.01335
4.81302
8.06569
4.74072
5.16268
4.68579
4.62023
4.78192
4.61567
4.43125
5.14005
4.64216
5.02676
4.94988
4.80636
4.63136
4.63477
5.43916
4.98491
8.4149
7.76657
5.15272
5.09648
7.41504
7.59017
4.59385
7.18466
7.68854
6.95325
5.22057
6.71596
4.77728
6.88362
5.00593
6.68597
4.61624
5.23307
4.77414
4.74507
4.87256
4.61805
4.67013
4.73193
4.68002
4.66336
5.07956
4.61742
5.19352
4.67121
4.84113
4.57713
4.74451
4.78135
4.61292
5.48436
4.97314
4.64857
4.85657
4.65019
4.85654
5.02203
4.63458
5.49087
4.68514
4.62915
4.63269
4.67705
5.52412
4.61599
5.24925
4.85577
5.4262
5.01502
6.91906
5.68641
4.61664
4.61836
6.757
9.22548
4.88254
4.93284
4.27336
4.75917
4.77533
4.68674
4.83408
7.29734
4.61646
4.81729
4.72999
4.62764
4.80674
4.16834
7.96663
4.96072
5.02264
4.69146
4.70369
4.68542
4.80635
4.90022
4.61757
4.74427
8.47538
4.69456
4.615
5.1132
4.49869
4.71886
5.71978
5.24513
4.98011
4.62579
4.98546
4.65196
4.70234
4.69195
4.61858
8.3348
4.91488
4.45892
5.14158
4.98583
4.73829
4.88761
4.68361
4.64883
4.52278
4.60173
9.23553
4.75012
4.90114
4.58001
5.54377
4.69768
6.4755
9.18664
6.2863
4.62123
5.01682
4.61374
4.99584
4.6221
4.92865
5.53175
4.74043
4.69184
4.62879
4.81168
4.66956
4.77807
5.41859
5.55098
4.61494
4.68565
4.62696
4.80499
4.9954
4.78598
4.61324
9.3364
4.60306
4.58821
4.84383
4.62638
4.69207
4.90493
5.33676
4.74733
5.35589
5.04489
4.70572
4.91378
4.75927
4.83303
5.07416
4.73683
4.99522
5.48885
6.50195
4.6686
4.61829
4.92378
4.61408
4.85861
4.71183
4.65044
4.93393
5.02459
4.91457
4.62173
4.65716
4.72832
5.61645
4.61834
5.00108
4.66019
4.72578
5.17218
4.63073
4.74039
5.17544
4.82224
5.63415
4.78589
7.25497
4.89359
4.69751
4.83625
4.76994
4.51233
4.85871
4.699
4.61411
4.72307
5.5772
4.77874
4.79734
4.73532
4.61716
4.92894
5.2053
4.69868
4.70222
5.08319
4.61725
4.87189
5.01404
4.45117
5.00583
4.74002
4.88153
4.65413
4.67714
4.6615
4.62045
4.65438
4.63159
4.60668
5.38885
4.92641
4.61241
4.5259
4.77153
5.71596
4.84791
4.88541
4.73484
4.48451
4.9479
4.61708
4.65121
4.61473
4.78968
4.66561
4.6198
4.51152
4.5984
4.78707
5.21531
4.66331
4.63941
5.00078
4.72475
4.68672
5.02619
5.54317
4.6477
4.64051
4.62058
4.91517
4.61668
5.07475
4.70297
4.65269
4.97736
4.70569
6.65518
7.92358
5.96423
5.44392
4.43811
4.61759
4.63721
4.83623
4.61401
4.66505
5.6595
5.07891
5.46406
4.61651
4.66027
4.83573
4.97883
4.95042
4.79624
4.47916
4.66342
5.37778
5.09049
4.74451
4.84486
4.83848
4.67538
4.6236
9.30503
5.83614
5.19379
4.68721
4.75354
6.01489
4.61055
4.67905
4.81569
8.04053
4.78194
4.61488
4.91346
5.32043
4.66547
5.10779
4.67163
4.72841
4.6161
4.71755
5.18129
4.73857
4.95127
5.70428
4.66338
4.92814
4.66734
4.80604
4.61899
4.79951
4.90177
4.99175
7.81781
7.75373
4.60218
4.63133
4.9227
4.56379
4.61281
4.83465
4.59782
8.08773
5.3966
5.00109
4.71694
4.90433
4.68658
4.77168
4.75913
4.88744
4.87758
6.66175
4.65512
5.41127
4.9082
4.54481
4.73103
4.72465
4.94415
4.63103
4.61628
4.66639
6.56367
4.87319
4.91408
4.97995
4.61972
4.63795
4.73197
4.89145
4.88862
5.76741
4.68076
4.84072
4.68615
4.85269
4.82118
4.6645
5.17645
5.41124
5.47265
4.87982
4.78131
4.89235
4.3147
5.0241
4.76489
4.67688
4.64271
7.8721
7.5025
5.01051
4.74714
5.97301
4.64063
4.46433
4.6141
4.86807
6.30006
4.97718
4.61657
5.73212
4.74742
4.63979
4.94162
4.61544
4.71995
4.97479
4.65256
5.15795
4.79529
5.68811
5.67755
4.63758
4.92967
4.63608
4.58826
4.69266
4.81031
4.61514
4.96422
4.75669
4.8401
7.14361
4.87142
5.68774
5.03205
8.43647
4.6221
4.6136
4.61733
4.73466
4.95946
4.73984
4.61456
4.83109
5.12122
4.62474
4.63778
5.00601
5.16145
4.80647
6.65072
4.68696
6.3732
4.63082
4.90852
4.91093
4.66712
4.7941
4.63942
4.77351
4.68071
4.81188
5.16078
4.66936
4.91268
4.70776
4.70325
7.3065
4.63111
4.7269
4.90943
5.52944
4.81565
5.28703
4.94662
4.73101
4.83894
5.75808
4.61697
5.3901
4.7058
5.15769
4.64875
4.90131
5.10935
4.86968
4.57881
5.323
4.65284
4.73076
5.44281
4.61938
4.70436
8.22961
4.61712
4.68067
5.10037
4.621
4.23789
5.03563
4.59565
8.02362
4.31907
6.21917
5.07063
4.77577
4.69631
4.62065
7.91078
4.61682
4.80205
4.67093
4.78471
4.72284
5.05091
5.03452
5.51136
4.62252
4.62614
5.12527
4.66422
4.73072
4.69628
4.92608
4.73892
4.69214
8.66663
4.77924
4.61698
5.30578
4.61785
4.53453
4.9727
6.69351
4.89178
4.64134
5.32679
4.77301
4.70385
6.2937
5.01806
4.91531
4.61564
4.94838
4.98502
6.63274
4.65389
4.62219
4.79672
4.61636
4.94908
4.42573
4.444
4.90039
4.76455
4.70304
6.65009
4.79856
4.64479
4.19609
4.74953
5.11642
4.72751
4.68118
5.04599
4.67364
5.93528
4.88814
4.81596
4.63112
4.89485
5.12131
4.64741
4.62379
6.52791
4.93646
4.88625
4.77042
4.61688
5.76232
7.27681
4.80178
4.61737
5.0526
4.71406
6.54847
4.61535
4.76729
4.77236
5.21425
4.69683
5.17323
4.64195
4.74518
7.90557
4.54075
4.63891
4.73505
4.58352
4.66383
4.84043
4.81381
4.63723
4.61743
4.53953
4.62835
6.03861
4.53183
4.76135
7.8719
4.69599
4.61684
5.27263
7.67876
4.78601
9.36999
9.20855
4.80959
4.81983
4.7374
4.62069
4.50844
4.82228
4.4922
4.8039
4.81651
4.6038
4.61788
4.61682
5.50377
5.23588
4.74547
8.12538
4.62236
5.10557
4.92475
4.90315
4.94783
4.61897
4.62189
4.83462
4.95421
5.58654
4.74238
4.79321
4.76735
4.6161
5.50774
4.73732
4.86304
4.72255
5.55959
7.4165
6.69965
4.48426
4.7384
4.61663
5.95838
4.90093
6.46707
4.94959
5.02356
4.68017
4.62418
4.71298
4.66902
4.64371
4.6906
4.64944
4.71823
4.67354
9.49414
5.55669
5.50403
4.73921
9.2122
4.84072
4.90489
4.68531
4.29512
4.71737
4.54592
4.80554
4.65492
4.61618
5.00779
4.06337
4.96986
4.88775
4.65073
5.50747
4.96581
6.67726
4.70728
6.35264
4.67105
5.05075
4.67545
4.71343
4.61482
4.67488
4.61641
4.79098
4.80649
4.724
4.70619
4.68882
4.90623
4.6848
6.09193
5.0898
4.97392
4.81887
7.46999
4.6158
4.22901
5.42548
4.66995
4.61542
4.61637
4.96653
4.71131
4.6156
4.72355
5.36094
8.06903
4.64834
4.76295
5.09632
6.50881
5.4372
7.23799
4.737
4.67127
9.02805
4.67221
4.70753
7.47759
5.05038
4.61872
4.63462
5.06901
4.74805
4.69046
8.9941
4.61913
4.61685
4.78604
5.15474
5.115
4.61975
4.70942
4.70088
7.67349
4.6362
4.81826
4.62945
4.61886
4.89373
4.65775
4.79071
4.55338
4.65558
4.7084
4.63395
4.75194
5.03193
4.74829
5.11695
4.99493
4.71997
4.74069
4.60235
4.6178
4.63026
4.8041
5.01029
5.73066
4.64247
4.71155
4.99219
4.71456
4.57575
4.85509
4.61559
4.93714
5.95359
4.61648
6.66844
5.00907
4.63337
8.49164
4.81061
4.75561
4.70148
7.52786
4.61481
4.8303
4.71866
5.18182
4.38741
4.63465
5.0375
6.14517
4.46111
4.93482
4.61505
5.21487
6.15664
4.7548
4.82436
5.03154
6.62676
4.79888
4.62133
5.01798
4.62854
4.62793
4.71843
4.94849
4.81402
4.75861
4.7583
4.61405
4.62831
7.96915
4.91148
4.64962
4.71506
4.67962
4.68202
7.04977
4.83942
4.64015
4.61502
5.15184
4.99524
4.70146
5.37214
4.86937
4.76561
7.54614
5.05418
4.66414
4.6169
4.65217
5.22629
4.63974
4.74214
4.62964
4.81785
4.7344
7.44159
7.09804
6.22989
4.66946
4.64839
4.96784
4.85695
4.71724
4.82374
4.70104
4.71912
5.15819
4.61677
4.93643
4.61707
5.00006
5.012
4.71971
4.71869
6.65454
4.77512
4.81352
4.83641
4.7946
4.59712
5.02225
4.17536
4.81011
4.68239
4.61682
4.71495
5.28211
4.75011
5.38033
4.73443
4.61572
6.14791
5.36693
4.61743
4.71193
4.68913
5.83665
5.06048
4.61672
4.65766
4.61757
4.52608
4.71492
4.80352
4.61701
4.84038
4.65621
5.39604
4.68639
4.48959
5.09601
5.1972
5.3946
7.75861
4.67854
4.76176
4.78589
4.71255
5.1569
4.7121
4.61641
4.76522
4.98095
4.77505
4.57478
7.08085
5.48912
4.85141
5.15339
4.62028
5.12603
4.73416
4.78236
4.70876
7.533
4.61384
4.42715
5.71739
4.62146
4.81311
4.78873
4.23579
4.62012
4.77631
5.01621
4.70249
4.61502
4.83148
5.48495
4.61472
4.61327
4.99549
4.82912
4.8185
5.31973
5.31377
4.65921
4.54881
4.6387
4.96801
4.91527
4.71258
4.67831
4.66967
4.68227
5.89283
4.61401
4.79905
4.67173
4.63861
4.19477
4.61589
4.62462
4.65946
4.61734
5.07686
4.69229
4.61343
4.82565
5.3677
5.47589
4.74373
4.63411
4.63295
4.70418
4.71503
4.65487
4.60394
4.61313
4.35212
4.61042
4.61684
4.61952
4.61505
5.19823
5.01235
4.64318
8.19468
4.71799
4.62358
5.3064
4.76915
4.63081
8.34292
4.27239
4.66944
4.46233
4.71802
5.1181
4.80604
4.78248
4.61662
6.70259
4.9546
4.68278
4.46555
4.66294
4.80533
4.87365
4.61373
4.91188
4.60391
4.4227
4.73971
5.40527
4.62393
4.65341
4.70121
4.90618
4.6374
4.60294
4.61645
7.38841
4.54762
4.70992
4.92268
5.26589
4.67752
4.75862
4.71901
4.85361
4.70021
4.61337
4.62286
4.61602
4.87357
4.77572
4.72883
4.76578
4.72257
4.71432
4.649
4.79894
5.70204
4.66086
4.83504
4.77065
4.61706
4.61585
4.79932
4.61527
4.6153
5.14764
9.21742
4.73227
5.08355
5.10987
4.76524
7.13763
4.57154
5.07409
4.71315
4.61602
4.9253
4.82962
4.93135
4.63925
4.76471
4.65657
5.14978
4.68452
4.69036
4.63555
4.6194
4.65275
4.97831
4.62803
4.61551
7.68115
4.56155
4.85802
4.81154
4.67146
4.69461
4.99888
4.85607
4.88585
5.28322
4.6175
4.66405
4.63262
7.94765
4.89751
4.61661
4.66638
4.61625
4.54078
4.69569
4.7006
4.60357
4.65743
4.91682
4.90046
4.65139
4.84768
4.76199
4.61877
4.03291
4.62043
4.71182
4.9395
4.72889
4.92603
4.66743
4.61542
4.87116
5.01433
4.71116
5.30173
7.87363
5.75987
4.59352
4.63954
4.62087
4.03019
4.61632
4.82074
4.74944
4.68712
4.7946
4.70884
4.69593
5.12641
4.63072
4.63526
4.89858
5.38704
4.70365
4.66504
4.68135
4.69497
4.63301
4.91945
4.76102
4.48157
4.73463
4.61519
4.61414
5.65214
5.12991
4.69062
4.6195
4.73413
4.83389
4.97199
5.02926
4.34979
7.98847
4.99608
4.69769
4.6152
4.58649
5.17089
4.75637
4.77459
4.59669
4.6378
5.3391
4.9883
5.39248
4.85508
5.01321
4.59885
5.24242
5.00167
4.63362
4.66146
4.78948
4.61954
4.638
5.31466
4.62599
5.34793
4.66614
5.06469
4.68691
7.80313
4.61648
5.47571
4.79868
4.59846
4.6188
4.69244
4.92644
4.67473
4.68918
4.61473
4.62443
4.62212
4.71627
4.61904
4.6842
4.63539
4.6165
4.79609
4.71547
4.67024
4.72392
4.8757
6.64955
4.67638
4.61497
6.00596
4.79615
4.83445
4.75399
4.56668
4.66699
4.89051
4.781
5.09526
4.69228
4.64332
7.31748
4.70027
5.1259
4.7195
4.69349
4.62555
4.63311
4.86194
6.59409
4.67111
4.7303
4.66179
4.74116
4.61162
4.77849
4.8262
5.49211
4.62169
4.91705
4.20743
4.64394
5.6468
4.62045
4.6232
4.81834
4.8857
4.75856
4.65869
4.97322
4.87964
4.62
4.67081
4.61383
4.84177
4.76209
4.62488
4.64416
4.61719
4.75018
5.07387
5.05959
4.6162
4.64496
4.49192
4.61979
4.82176
4.73279
4.6828
7.66019
4.6155
4.61295
5.23734
6.55584
5.12218
4.86412
4.66738
5.48821
4.63755
4.65921
4.78892
4.66854
4.70826
5.122
5.029
4.62103
4.67123
4.61882
4.52649
4.59341
6.64138
5.14249
4.9083
5.10073
5.0328
4.74114
4.64457
4.64093
4.61727
5.60177
4.9373
4.67039
4.78398
4.62753
4.66983
4.66758
4.91271
5.43773
4.72883
4.63357
7.78464
4.62989
4.70492
4.61554
4.68288
5.6358
8.30246
4.43483
4.67682
4.67341
4.60999
4.92269
4.61925
4.81701
4.7068
4.62609
6.26455
4.62221
5.18061
5.00404
4.85897
4.6914
4.74498
4.64663
4.64024
4.69697
4.95955
4.59739
4.65134
4.87647
4.62152
5.3923
4.54805
4.95158
4.57348
5.58782
6.24608
4.61837
4.64154
4.61911
4.68716
4.61751
4.69718
4.71753
7.69288
4.72216
5.07415
4.49737
4.88682
4.94849
4.63716
4.89157
4.67318
4.57894
4.58752
4.61619
5.49836
4.7793
4.61667
4.9374
4.61738
4.63058
4.68201
4.15953
4.68659
4.67874
4.61961
4.65739
4.72994
4.68963
4.94553
5.67944
4.67671
4.67621
4.78145
4.61975
5.24537
4.67709
4.71638
4.84591
4.72288
4.66552
4.65777
4.83184
4.56775
4.61552
5.00553
4.78508
4.61658
4.70279
4.68325
4.66174
4.73375
4.61748
4.54091
6.85516
4.61828
4.67557
4.61491
4.79228
4.63875
4.99527
4.90118
4.62929
4.64844
4.69733
4.67233
4.40648
4.68146
4.61637
4.8407
4.78057
5.01411
4.60467
5.07376
4.60088
5.09938
4.72838
4.75523
4.73369
4.59354
4.84434
4.64099
5.0183
5.1723
4.7193
4.6476
4.70017
6.20551
4.70941
4.62505
4.61961
4.65672
4.61551
6.13157
4.62048
8.92998
6.90632
4.68552
4.71696
4.63734
4.98384
4.73522
4.67676
4.6091
4.47825
4.66942
4.98975
4.61576
6.12324
5.1609
4.78906
4.6233
4.6808
5.19598
5.07442
4.59418
4.61002
4.75798
4.62487
4.6229
4.64929
5.2114
6.04186
4.56655
4.67838
4.77372
4.69877
4.82934
4.85979
4.62451
4.67747
4.65363
4.70349
4.93612
9.15487
4.63611
4.63774
4.66386
5.45056
5.57499
4.61572
4.68475
4.61208
5.29358
4.82983
4.69741
4.79047
4.62986
4.78621
4.69781
5.08131
4.68041
5.19618
6.54174
4.75215
7.67905
5.3559
4.69924
4.63473
5.02026
4.69217
4.69315
4.92336
4.62168
4.62308
4.6719
4.65449
4.62308
6.23292
4.81494
4.67947
4.5799
4.74062
4.74958
4.78096
4.61805
4.92291
4.61638
4.59619
4.61846
4.64184
4.72555
8.44516
5.08272
4.87955
4.82806
4.61605
4.6231
4.79759
4.84819
4.62203
4.78656
4.61681
4.74132
4.37726
5.10337
4.69852
4.42803
4.72944
5.27411
4.65684
4.69345
4.53366
4.6457
4.63243
4.61708
4.70857
4.69358
4.62116
6.16039
4.63637
4.95884
4.67797
4.62708
5.11469
4.67381
4.80135
4.72305
4.94746
4.70878
4.72115
4.61811
4.77798
4.74938
4.62742
4.67252
4.61868
7.85404
4.9658
4.58184
4.64958
4.60433
4.61795
4.59231
4.64464
4.63346
4.65395
9.2023
4.61692
4.61739
4.68917
4.61742
4.80018
4.75368
4.65021
4.68147
4.96233
4.65106
4.58668
8.23795
4.69356
4.71764
5.46271
4.57337
4.64974
4.61787
4.5085
4.87583
5.54967
4.67138
4.75951
5.47726
6.28005
6.22179
5.18562
4.73271
5.32557
5.00032
4.65398
9.11578
4.89162
4.65485
4.92451
4.87258
4.61814
4.81018
4.85585
4.6589
4.55388
4.89932
4.64549
4.81637
4.90588
4.61789
6.28291
4.67511
4.89905
4.617
4.6794
4.75492
4.61682
4.71354
4.88952
4.61597
4.69144
4.71661
4.61672
4.68222
5.57582
4.68559
4.61585
4.99914
4.61803
5.81923
4.79463
4.62489
4.74922
4.66773
7.75427
5.39812
4.8391
8.17435
5.17084
4.63369
4.66839
4.80727
4.76255
4.6344
4.64085
4.72227
4.55851
4.62132
4.69459
5.31152
4.61814
4.71372
5.3315
4.98004
4.73159
4.65179
4.84591
4.21991
4.5482
4.61514
4.62381
4.61705
4.63446
4.84117
4.63604
4.72855
5.20188
4.70289
4.7024
4.61683
4.62182
4.76315
4.89134
4.7142
4.91965
4.67915
5.02246
4.69795
4.61828
5.12754
4.84564
4.6322
5.13881
4.64904
4.69507
4.73278
4.6435
5.06518
4.61817
4.7825
5.12532
4.53322
4.84371
5.38163
4.66725
4.88889
4.64126
4.70888
5.1624
4.65307
4.61559
4.61712
4.63506
6.37727
4.61393
4.66085
4.75707
4.61694
4.62988
4.85202
4.73249
4.9676
5.11249
4.23277
4.61754
4.61986
4.87518
4.62313
4.65943
4.60528
4.93792
5.44473
4.61384
4.9067
5.47909
5.05679
4.61812
5.26424
4.63976
4.62714
4.93721
4.61528
4.61939
4.34533
4.61735
4.61632
9.52181
9.48527
9.15339
4.61944
4.61726
6.15703
4.73025
4.95466
4.61523
5.26767
4.69242
4.70886
5.00105
4.65181
5.40046
4.77001
4.78364
4.65676
5.34051
4.61086
4.66957
4.75024
4.74145
4.90857
4.71872
7.64774
4.62247
4.61754
6.16827
4.68063
4.6179
4.70306
5.65792
4.61771
5.36646
4.70889
4.60116
4.69721
4.67958
5.96722
4.71831
5.07317
4.61788
4.78859
4.60987
4.6696
4.70007
4.69247
4.99344
4.33643
4.66964
4.56344
4.93391
4.5902
4.80628
4.65382
4.37618
4.68074
4.77003
5.42356
4.65789
4.67722
4.68438
4.62746
4.87956
4.62631
4.66839
4.67864
4.69115
4.65482
4.75977
4.73024
4.68464
4.97796
4.61452
4.6165
4.66299
4.64942
4.61826
4.99802
4.61615
4.51214
4.66776
4.89559
4.31809
4.62032
4.6709
4.68677
4.76089
4.4721
4.71308
4.66233
4.68519
4.6176
4.53617
5.33895
4.6505
4.59736
4.58344
4.61596
4.81402
5.00213
4.6244
4.62752
4.48165
5.00006
4.64253
5.0377
4.72594
4.61733
4.90177
4.7606
4.61771
4.701
4.78698
4.49573
5.35753
4.72983
5.09998
5.45555
4.66372
4.61701
4.64402
4.56905
4.6518
4.7278
4.70704
4.6181
5.11953
4.70835
4.78106
4.64854
4.67887
4.67131
5.05637
4.67252
4.63088
4.63367
7.4151
4.63894
4.60918
4.71112
4.6201
6.13882
4.63479
4.62059
4.61821
4.76318
4.64022
4.90138
9.03035
4.60582
4.62703
4.6155
5.76781
4.67009
4.89487
5.01622
4.62504
5.01307
4.92816
4.59193
4.65489
4.62462
4.7109
4.61716
4.61743
4.67506
4.67167
4.9015
4.61555
4.60216
4.86841
4.71733
4.69255
4.69401
4.63194
4.88813
4.66231
4.65248
4.73045
4.63062
5.29457
4.63118
5.18908
4.62259
4.49558
4.73461
5.37283
5.01216
4.80998
7.18616
4.69454
4.56794
4.37688
5.46481
4.61816
4.94383
4.62478
4.67331
4.59173
4.66966
4.88198
4.71121
4.73587
4.47901
6.57247
4.63318
4.62975
4.93465
4.77524
4.65217
4.66287
4.61278
5.31234
4.63835
4.61714
4.77207
4.67796
4.617
5.60033
4.69828
4.64368
4.60751
6.85922
4.76775
4.93228
4.59242
4.72297
5.01675
4.72921
4.79914
4.97606
4.84776
4.36706
4.92211
4.80317
4.61599
4.62292
4.90999
4.67721
4.63202
4.638
4.66655
5.63182
4.67459
4.66003
4.61747
4.46844
4.61776
4.78121
4.75665
4.64185
4.67017
5.02602
4.5681
5.08607
4.621
5.01369
4.61513
5.05517
5.29626
4.6649
4.61525
4.64837
4.76776
4.69651
5.2852
4.67704
4.62875
4.75567
4.77758
4.61747
4.63412
4.58733
5.37186
4.69903
4.71916
4.64191
4.61517
4.75511
4.61811
4.67153
5.27799
4.63592
4.65976
4.67203
4.23293
7.40005
4.81935
4.79019
4.62543
4.59905
4.61671
4.7017
4.6949
5.23395
4.78629
4.87944
8.61715
4.58961
4.93749
5.06622
4.97708
5.15648
4.63787
4.58815
4.84156
4.87469
9.21167
9.19821
4.61625
4.50648
4.61501
4.7297
4.65376
4.65758
5.21623
5.39609
4.63049
4.65417
4.65414
4.86046
4.88975
5.19216
4.71358
5.26756
5.64967
4.65998
4.67354
4.67428
4.77197
5.25311
4.7371
4.9955
4.74371
4.61722
4.64941
4.59185
4.61577
4.77039
4.57313
4.60267
4.57894
7.95346
4.62809
4.62819
4.63675
4.65379
4.71668
4.67347
4.65825
4.66576
4.62112
4.68124
4.63229
4.84197
4.4837
4.70398
4.76906
5.31654
4.68645
4.61612
4.85777
4.68892
4.76455
4.61518
4.61977
6.24852
4.90442
4.60053
6.86769
4.6153
4.67525
4.59689
4.66381
4.69591
4.63673
4.69216
4.65304
4.72895
4.61523
4.63305
5.49067
4.61615
4.6656
4.61457
4.74643
5.15033
5.59461
4.72959
4.66652
4.60224
4.55754
4.66548
4.62643
7.14104
4.92917
4.91397
4.69349
4.8793
4.65064
5.12926
4.61833
4.70174
5.16616
4.86968
4.6928
4.65209
4.62064
6.11042
5.287
4.55915
5.29774
4.59439
4.6146
4.96218
4.66025
4.72811
4.61837
4.98408
4.61825
4.65179
5.02049
4.61175
5.03346
4.60831
4.63139
4.60379
4.66624
4.62489
4.97598
8.26779
4.89136
4.65273
4.71233
4.61526
4.71423
4.71434
4.75549
5.09172
4.73423
4.61927
4.80959
5.51843
4.64737
4.64679
4.61968
4.68477
4.61591
4.758
4.67763
4.63026
4.721
4.67887
4.64474
4.65281
4.70298
4.64113
4.61631
4.95263
4.61729
4.87297
5.29371
4.61724
5.0072
4.62731
4.673
4.77546
4.65931
4.74289
4.70517
4.86406
4.67523
4.42279
4.65785
4.6171
4.66924
4.63844
4.61613
4.73112
4.64138
4.71206
5.06325
4.98889
4.66818
4.62543
4.70077
8.56462
4.67397
4.7089
4.39162
4.73183
4.66774
4.89371
4.64539
4.61589
4.64049
5.72392
4.58293
4.66624
4.63427
4.62915
4.68247
4.61598
4.61834
4.61539
4.76467
4.70733
4.66271
4.76511
4.64349
5.02626
5.41328
4.7111
4.81507
4.77234
4.66703
4.70245
4.64577
4.84903
4.63204
4.76452
4.62904
4.64936
5.81796
4.6305
5.09672
4.61842
4.33888
4.62247
4.8707
4.36053
4.88598
4.60729
4.49829
4.9854
4.66082
4.62
4.65261
4.7077
5.25221
4.6321
4.62291
6.85189
4.62581
4.62047
9.22543
9.23348
4.61815
4.62534
4.67503
4.63013
4.98213
4.70773
5.04048
4.62214
4.66804
4.67838
4.71596
4.69694
4.71926
4.67296
4.61633
4.79328
4.66915
4.40854
4.61804
5.23678
5.03922
4.63989
4.60841
4.65618
4.95305
4.56602
5.10755
4.66796
8.3754
5.18163
5.0143
4.71165
6.74786
4.62982
4.62822
4.65684
4.67139
5.29747
4.64513
4.63455
4.71118
4.94697
6.35444
4.44242
4.46527
4.66411
4.63138
4.78457
5.16812
4.84149
4.61725
4.91936
5.13094
4.97304
4.90756
5.16056
4.60425
4.6433
4.61893
4.58084
5.14797
4.68897
7.85188
4.67164
4.6181
4.63469
4.63459
4.7295
4.67895
4.74256
4.51647
4.64146
4.73323
7.7388
4.69734
4.64055
4.69121
4.42344
4.6335
4.54218
4.66551
5.40671
4.67536
4.64388
4.96241
4.97262
4.66816
5.00487
4.77971
4.52555
4.61735
4.61604
5.36659
4.63232
4.62114
4.9033
7.01926
8.56503
4.69148
4.64119
4.67589
4.66333
4.76294
4.65451
9.30011
4.625
5.49081
4.77326
4.61826
7.83139
4.69231
4.72577
4.57388
4.74236
4.91123
4.68156
4.68306
4.68115
4.6471
4.7974
4.85812
4.62367
4.59384
4.68393
5.05447
4.83374
4.89041
4.62147
4.38718
4.7121
4.61061
4.68657
4.77943
4.64072
4.75337
4.64005
4.61941
5.47666
4.61973
4.90492
4.61702
4.61622
4.65116
4.65715
4.95621
4.61812
5.03133
4.62907
8.1227
4.81768
4.69584
4.61873
4.65498
4.95231
4.94024
4.62074
4.62087
4.70173
4.64957
4.56762
4.60853
4.67259
5.26887
4.73674
4.72986
4.61802
4.65741
4.61992
6.17753
8.70178
4.77797
4.15031
4.81016
4.61687
8.1089
4.58726
4.69227
4.67621
4.62841
4.82603
4.63779
4.40396
4.62046
6.59323
5.64623
4.37284
4.97706
4.50337
4.633
4.71532
4.38635
4.6243
4.65732
4.6173
4.71016
4.70365
6.72363
4.65406
4.61736
4.77317
4.68754
4.57866
6.36821
4.64887
4.61965
4.94732
5.12766
4.63339
4.65212
4.71858
4.98494
4.66154
4.664
4.6467
4.60414
4.91527
4.81586
4.61751
4.89834
4.61644
4.61652
4.67023
4.63251
4.703
4.94413
4.61631
5.08077
4.68816
4.63892
4.66512
4.64586
4.7555
4.68542
4.60848
4.65646
4.69701
4.87066
4.61726
5.15437
4.72772
4.69866
4.29623
4.61606
4.67628
4.86492
4.63042
4.62573
4.72463
4.66581
4.88432
4.9299
4.62163
4.95859
4.69956
4.3557
6.91493
7.54505
4.6582
4.68018
4.62025
4.63935
4.65661
4.73415
4.63171
4.66782
5.72206
4.76542
4.65297
4.66745
4.64217
4.79516
5.26007
4.61384
4.81765
4.71276
4.50503
4.77555
5.49953
4.61954
4.71835
4.63263
7.84855
4.8076
4.61815
4.62229
4.61616
4.40335
4.64551
4.65087
4.59195
4.66212
5.21192
4.61493
5.57602
5.00109
4.71357
4.61609
4.61891
4.65284
5.14455
4.62897
4.61722
4.88109
9.58293
4.78125
5.56191
4.53287
4.64616
4.62298
4.60606
5.01652
4.6125
4.62493
4.70117
4.71434
4.66738
4.6253
4.98318
4.67217
4.61713
4.62293
4.81215
5.24745
4.68973
4.9052
4.74807
4.5869
4.61727
4.61807
4.86049
4.61675
4.80462
4.91036
4.84573
4.96175
4.69575
4.69946
4.65312
4.71985
4.46153
4.42629
4.63676
5.56117
5.40228
4.55886
4.66456
4.82253
4.62848
4.29857
4.66981
4.63115
5.13905
4.66929
5.08417
4.649
5.42143
4.61902
4.66557
4.61831
4.64521
4.66514
4.68637
4.61763
4.63525
5.32378
4.53513
4.78503
4.62512
4.60774
6.96059
4.6821
4.639
4.61668
4.79508
4.41894
4.65218
4.62036
5.035
4.6416
5.02485
4.6215
4.61673
4.72343
4.57718
4.65259
4.70207
5.32585
4.61799
4.7327
4.64503
4.55999
4.58249
4.63241
4.73262
5.03184
5.41786
4.74952
4.78493
4.73896
4.62007
4.89446
4.69237
4.54826
4.61172
4.71901
4.61562
4.69107
4.64874
4.69313
5.46434
4.68814
4.79343
4.61968
4.56492
4.63688
5.10285
4.63954
4.67663
4.80283
4.67917
4.79348
4.63979
4.5724
4.62788
4.90767
9.21134
4.63137
5.06506
4.61944
4.61651
4.61813
4.88261
4.88484
4.65797
4.66988
4.41984
4.79425
4.73304
7.10361
4.6182
4.71735
4.61878
4.63414
4.66304
4.61628
4.68587
5.3075
4.8028
6.84392
4.69338
4.6695
4.65931
4.48715
4.66786
4.6772
4.60274
4.66427
4.63307
4.66645
4.66123
4.66388
4.65521
5.82915
4.68269
4.65858
4.60848
4.69028
4.65675
4.60658
4.71679
4.51175
4.78029
4.61769
4.62057
4.61392
4.63493
4.64486
4.66205
5.34612
5.14234
4.70529
4.61849
7.36163
4.61682
5.0268
4.7844
4.5247
4.6525
4.61667
4.68041
4.61637
4.80198
4.54786
4.71391
4.72053
4.68167
4.68473
4.92123
4.74982
4.67743
4.61445
5.06597
5.12248
7.15959
4.63076
4.66935
4.68633
4.52867
5.08286
5.06572
4.72327
4.64671
4.76114
4.36038
4.28595
5.03822
4.6645
4.78774
4.5685
5.04741
4.65391
4.52502
4.65014
7.73074
4.66391
4.6368
5.12443
4.63414
4.61811
4.8413
4.66542
4.59413
4.68666
4.82621
4.97377
4.59946
4.67904
4.61498
4.88741
4.52003
4.72584
4.90028
4.40124
4.61736
4.66962
4.67006
4.58316
4.63438
4.80541
4.64975
4.6266
4.61531
4.61998
4.72075
4.61938
4.63815
4.98004
4.62033
4.62037
4.59438
4.64467
9.21318
4.89608
4.61728
4.96098
4.62053
4.88482
4.61908
4.61976
4.75509
4.79697
4.66799
4.51984
4.62007
4.65678
4.66104
5.42973
4.95387
4.72361
4.76304
4.65729
4.61843
4.61914
5.58602
4.8778
4.59762
4.62008
4.82325
4.61816
4.88299
4.6326
4.64788
4.63031
4.93521
4.63563
4.68069
4.62021
4.6736
4.61822
4.64596
5.86672
4.65257
4.59822
4.6698
4.7242
4.61854
4.61891
4.72195
4.63132
4.61872
9.40463
9.54323
4.61926
4.59872
4.63027
4.64917
4.85728
4.68564
4.65162
4.67254
4.85347
4.7434
4.50072
4.64217
4.94604
5.05736
4.75902
4.87847
4.61835
7.07066
4.63089
4.92312
4.65715
4.62881
4.67093
4.52103
5.03187
5.04949
4.96757
4.73867
4.65173
4.64748
4.65429
4.67602
4.78584
4.88408
4.61691
4.29613
4.61915
4.63433
4.61669
4.5804
4.63017
4.54872
4.92847
5.4075
4.60524
9.2331
9.15868
4.67295
4.70752
4.64882
4.93162
4.62807
4.66581
4.71983
4.63906
4.6184
4.26779
4.54472
4.6562
4.61648
4.61873
4.62719
4.65152
4.62123
4.80028
4.71075
4.67923
4.62771
4.57356
4.61815
4.72188
4.61836
4.62523
4.66055
4.62026
4.6321
4.66551
4.61352
5.0523
4.28467
4.67888
4.6516
4.61252
4.62146
4.65044
4.63214
4.63995
4.63229
4.65303
5.84587
4.64396
4.5905
4.31242
4.59132
4.64715
4.61917
4.69407
4.62036
4.61742
4.65063
4.61798
5.5037
4.65463
4.68289
4.88047
4.6143
4.66059
4.27616
4.61856
4.68553
4.62976
4.96352
5.0911
4.67999
4.64392
4.70752
5.46277
4.98569
4.62978
4.67316
4.72108
4.69609
4.61656
5.15496
4.56093
4.65246
4.6285
4.64775
4.63902
4.62011
5.3813
4.68287
4.63565
4.68698
4.66913
4.64433
4.63007
4.67845
4.97456
4.67619
4.92405
4.52289
4.57018
4.6173
5.04722
4.61933
4.60785
4.61845
4.64065
4.67501
4.62254
4.94901
4.84352
4.62047
4.77979
9.74588
4.69342
4.5118
4.66331
4.6351
4.61695
4.77091
4.61827
4.68321
4.61816
7.21205
4.64101
4.66344
4.58491
4.61912
4.68355
4.66974
4.66376
4.66971
4.62293
4.26819
4.62013
4.61594
4.59153
4.61678
4.6178
4.61855
4.75131
4.61742
5.16956
4.61742
4.40312
4.70509
5.24707
4.98436
4.65479
4.55175
4.71923
4.58821
4.73094
4.61725
5.15083
4.67404
4.64911
4.49741
5.30912
4.62009
4.55516
4.61668
4.61922
4.71999
4.6026
4.63187
4.75768
4.66804
4.82855
4.65635
4.61936
4.62153
4.6907
4.61931
4.61719
4.60312
4.61971
4.71736
4.7054
5.03334
4.83508
4.61724
4.65745
4.7806
4.6259
4.80718
4.6465
4.62251
4.55427
4.65989
4.61768
4.62058
4.64865
4.98464
4.61924
4.70171
4.59897
5.0608
4.62171
4.71911
4.63357
4.70427
4.63962
4.92917
4.67601
4.61663
4.65348
4.61921
4.70674
5.15729
4.58861
5.12618
4.71981
4.61724
4.9631
4.61681
4.93571
4.6171
4.70951
4.6194
4.45313
4.61918
4.65921
4.68025
4.64795
4.60462
4.95184
4.61826
4.63457
4.69992
6.17773
4.64644
4.72214
4.82025
4.66956
4.68912
4.62613
4.62312
5.10188
4.64332
4.6133
4.64795
4.61743
4.54874
4.72638
4.97937
4.84577
6.50609
4.6357
4.15795
4.62273
4.67127
4.46521
4.36742
4.73956
9.172
4.55123
4.68069
4.6194
4.64034
4.6373
4.64954
4.6168
4.6474
5.14965
4.61755
4.79872
4.88098
4.954
4.6988
4.70736
4.63024
5.09394
4.62022
4.69677
4.61671
4.66142
4.75386
5.01891
4.64899
8.33316
4.59414
8.13852
4.61944
4.65326
5.54535
4.60941
4.65459
4.63293
4.66409
4.62039
5.00529
4.67845
5.05189
4.65203
6.88685
4.633
4.65739
5.38383
6.36051
4.66296
4.11429
4.91296
4.66654
4.6501
7.78141
4.63461
4.66182
4.40453
4.61688
5.09638
4.64606
4.65869
4.61922
4.36646
4.67363
4.61894
4.69062
4.61925
4.53677
4.51568
4.64936
4.62079
4.48763
4.66099
4.65324
4.70896
4.61774
9.54101
5.08178
4.61907
4.64315
4.61775
4.65103
4.76006
4.55521
4.65212
4.94529
4.61767
4.12523
4.91879
5.04945
4.61709
7.47781
4.86955
4.58401
4.66795
4.66818
4.63013
4.48083
4.62155
4.61429
4.60628
4.63703
4.61916
4.74021
4.79815
7.2723
4.64498
4.63499
4.65067
4.6737
4.77667
7.18109
4.64925
4.61818
4.67336
4.65632
4.7257
4.62241
5.00917
4.64551
4.67581
4.6723
4.61797
4.71083
4.80529
4.62314
4.62081
4.61939
4.71853
4.93171
4.73498
5.36877
4.84353
4.61945
4.72817
4.97164
4.97957
4.66985
5.02846
4.61745
4.70002
4.68331
4.62533
4.61921
9.69736
9.13174
4.61907
4.99678
4.61882
4.61129
4.63389
4.64198
4.63952
5.00699
4.61768
4.63946
4.61303
4.70437
4.62102
4.60144
4.87062
4.38418
4.64734
4.69217
4.62489
4.99018
4.62905
4.64117
4.61824
4.6891
4.62715
4.65574
5.23305
4.82109
4.95197
5.03899
4.9569
5.12946
4.6177
4.5904
4.6169
4.61942
4.62722
4.62928
4.61921
4.65485
4.95555
4.39612
4.43778
4.52212
4.64534
4.99106
4.54431
4.67682
5.00198
4.67622
4.61873
4.64727
4.6602
4.64337
4.61301
4.65422
5.27172
4.62498
5.89355
4.61923
4.7187
8.39171
5.04537
4.76478
4.62132
4.65484
4.62046
4.70194
4.6625
4.71411
4.61823
4.62025
4.61946
4.5528
4.61716
4.74176
7.79362
4.61687
4.66181
4.63306
4.64681
4.62983
4.90196
4.6636
4.64344
4.60873
4.61829
4.6089
4.5864
5.21936
4.61915
4.66872
4.98723
4.69355
4.63905
4.4243
4.65285
5.96064
4.61957
4.75398
4.72268
4.62802
4.6497
4.61698
4.65747
4.62205
4.9545
4.67893
4.71281
5.1347
4.52967
4.5197
4.61867
4.6471
4.66514
5.04873
4.6605
4.59602
4.72751
4.86358
4.65438
4.61508
4.61555
9.56653
4.62585
4.7359
4.64389
4.63267
4.8163
4.40915
4.61773
4.67494
4.54848
4.60401
4.65386
4.6078
4.60005
4.67248
4.64758
4.65
6.2072
5.31765
5.0519
4.63384
4.61841
4.65364
4.79287
4.63994
4.88532
4.62472
4.60843
4.61721
4.61708
4.62146
4.93169
4.4477
4.62172
4.45724
4.71704
4.61988
4.62482
4.62039
4.66685
4.61661
4.69054
4.63214
4.65275
4.6754
4.47282
5.01024
4.95522
4.86133
4.6159
4.69906
4.67645
4.64134
4.66997
4.61962
4.61985
4.61691
4.67973
4.72714
4.6196
4.64048
4.6191
4.67108
4.6168
4.72585
4.65339
4.80561
4.6454
5.04828
4.71145
4.52657
7.81355
4.75551
4.64329
5.13608
4.63762
4.66738
4.81927
4.61825
5.03281
4.61375
4.62142
4.62808
4.6679
4.62144
4.77055
4.65028
4.39342
4.66849
4.51412
9.19845
4.6204
5.14072
4.69467
4.69515
4.63969
4.62767
5.65509
4.61976
4.62559
4.62209
4.71525
4.6714
4.64112
4.62487
4.61698
5.14566
4.61925
4.63599
4.61685
4.98312
4.64638
5.23378
4.85823
4.6415
4.61744
4.64464
4.62066
4.72551
4.31216
4.69387
4.62343
4.61782
5.1189
4.6231
4.61746
4.645
4.61847
4.66371
4.91461
4.65818
4.91237
4.66562
4.70232
4.61906
4.85632
4.7097
4.90249
4.62149
4.61741
4.69232
4.61721
4.61763
4.65283
4.61027
4.6674
4.69256
4.83128
4.61839
4.62432
4.62046
4.84937
4.64668
4.61858
8.90859
9.60118
4.64361
4.82014
4.61953
4.64557
4.63178
4.66512
4.6036
4.62534
4.86081
9.61877
4.53436
4.7802
4.62028
4.66711
4.72052
4.69466
4.6174
4.63791
4.62067
4.83626
4.63136
4.62522
4.66779
4.72848
4.70419
4.98418
4.65417
6.9133
4.76073
4.67738
4.80221
4.61889
6.93852
4.6953
4.38495
4.64123
4.62149
4.65149
4.79938
4.87669
4.65845
4.98571
4.62721
4.92281
4.61693
4.65937
4.82194
4.74079
4.62047
4.42055
4.62104
4.62097
4.62327
4.77649
4.61771
4.66804
4.79276
4.63741
4.6693
4.34891
4.63843
4.63108
5.83793
4.60532
4.6183
4.63298
4.66328
4.65842
4.63289
4.82445
4.66257
4.68865
4.61659
4.8899
4.63543
4.61795
4.65108
4.71509
4.62623
4.67766
4.61768
4.64887
4.65171
4.64793
5.40783
4.62434
4.59824
4.64944
4.77928
4.60539
4.66957
4.6172
4.6751
4.75953
4.30063
4.51687
4.68285
5.11784
4.96853
4.62256
4.614
4.61742
4.33382
4.62159
4.62111
4.61767
5.03368
4.61702
4.59028
4.62543
4.49462
4.61678
4.65776
4.65065
4.62739
4.62056
5.13077
4.61798
4.9431
4.48354
4.44858
4.76378
4.61705
5.11826
4.64973
4.58124
4.67003
4.61339
4.64621
4.71722
4.35249
4.63171
4.65987
4.66933
4.62314
4.79817
4.58835
4.63981
4.64461
7.99719
4.83634
4.72482
4.81133
4.74566
4.34287
5.71365
4.61041
4.63317
4.78976
4.62793
7.01967
4.72352
4.61887
4.79829
4.94097
4.97642
4.62953
4.64812
4.68969
5.6193
4.61806
4.63147
4.8998
9.18414
9.56766
4.64999
4.61704
4.6171
4.60521
4.65646
5.0383
4.61826
4.66112
4.65402
10.052
5.04789
4.69657
4.61754
4.66562
4.7941
5.17279
4.62629
6.99388
4.63323
4.75274
4.62432
4.62419
4.60493
4.61973
4.61803
4.66101
4.63773
4.62582
4.66071
4.63846
4.71897
4.80983
4.77504
4.64942
4.98621
4.61681
4.61963
4.61959
4.63046
4.64668
4.65019
4.72438
4.65823
4.64417
4.72374
6.0133
4.7158
4.45679
4.71899
4.62831
4.77266
4.65226
4.67883
4.64277
4.67876
4.64674
4.62579
4.82761
4.6572
4.69824
4.7605
4.61725
4.6546
4.62804
4.85661
4.64826
4.98946
4.69061
4.63115
4.66594
4.61876
4.603
4.64944
4.79596
4.82359
4.62201
4.59137
4.62074
4.87909
4.80619
4.66518
4.65063
4.65283
4.80407
4.88339
4.9459
4.86557
4.82797
4.76064
4.68429
4.67587
4.61712
4.94214
4.66367
4.64644
4.70487
4.63894
4.61777
4.81519
4.6169
4.61983
4.6159
4.68139
4.9315
4.63027
4.33416
4.61936
4.71772
4.64829
4.61876
7.2416
4.62116
4.62109
4.59153
4.68939
4.6974
4.58429
4.61696
4.61938
4.6238
6.79495
4.67076
4.62914
4.6665
4.93065
4.66924
4.90721
4.73334
4.62354
5.06504
4.65122
4.91127
4.63411
4.92114
4.45879
4.62655
4.62793
4.62408
5.11198
4.5781
4.84798
4.63075
4.94816
4.68982
4.61807
4.97367
4.61669
4.90393
4.52284
5.12259
4.86051
4.61883
4.63463
4.70075
4.65056
4.65017
4.62
4.64434
4.61973
4.43959
4.622
4.68094
4.89438
4.63192
4.6136
4.6187
4.40873
4.62982
4.80289
4.64767
4.66406
4.51099
4.67869
4.62103
4.6358
6.10351
3.99983
4.47722
4.64377
4.68551
4.44344
4.62565
4.64718
4.65186
4.75661
4.63303
4.58038
4.62308
4.73445
4.69744
4.65245
4.67757
4.42292
4.62888
4.64268
4.61824
4.63083
4.63853
4.66829
4.60369
4.63044
4.62063
4.52935
4.61873
4.47934
4.62802
4.70695
4.64461
4.61802
4.56341
4.66417
4.67715
4.63488
4.83966
4.57419
4.61912
4.63886
4.98782
4.65535
4.63194
4.64793
9.07332
4.72249
4.65382
4.67533
4.91953
4.64086
4.78333
4.77433
4.61879
4.62815
4.50904
4.42443
4.7212
6.40007
4.73142
4.64074
4.42761
4.63871
5.06463
4.61818
4.57711
4.80179
4.52285
4.72307
4.62818
4.67979
4.63488
4.63063
4.62563
4.63708
4.57513
4.69879
4.69273
4.62329
4.66834
4.61757
4.16093
4.82711
4.64918
4.7313
4.79918
4.64649
4.70499
4.68964
4.99356
5.36495
4.65305
4.61788
4.71524
4.26466
4.66588
4.60856
4.64671
4.61947
4.6557
4.65659
4.60986
4.58026
4.64248
5.0265
4.61733
4.63553
4.61831
5.35287
4.65942
4.89135
4.67008
9.20266
4.71579
4.67952
4.08401
4.71075
4.63982
4.9874
4.64434
4.61864
4.69225
4.62731
4.53185
4.49046
4.6571
4.62466
4.6298
4.65895
4.45443
4.67845
4.8852
7.84083
4.61967
4.65351
4.58545
4.65435
4.63475
4.4629
4.61696
4.6646
4.63909
4.6241
4.40707
4.65934
4.73554
4.60804
4.62804
4.66348
4.4539
4.64046
4.64224
4.43996
4.619
4.65206
4.65402
4.61772
4.96269
4.61799
4.64264
4.65207
4.64322
4.67891
4.65064
4.62041
4.65188
4.63484
4.92688
4.35198
4.51415
4.68981
4.55201
9.12067
5.59084
4.69071
4.76411
4.57464
4.70325
4.6792
4.65687
4.71721
4.48087
4.62966
4.80316
5.18789
4.63165
4.62121
4.62129
4.64961
4.61871
4.70196
4.64159
4.76189
4.61801
4.60932
4.61867
4.64629
4.57513
5.24717
4.66157
4.61744
4.85299
5.79396
4.92436
4.63413
4.6641
4.81888
4.62284
4.64815
4.5051
4.62406
4.89741
4.66541
4.664
4.67387
4.90417
4.86008
4.66025
4.65003
4.50411
4.61789
5.7385
4.61679
10.1555
9.452
4.62495
4.62342
4.61731
4.84159
4.66467
4.61969
5.00217
4.65156
4.62533
4.64147
4.61811
6.16619
4.40924
4.64392
4.45114
4.76373
4.63001
4.39161
4.65244
4.81513
7.42085
6.26219
4.67923
4.62688
4.63862
4.69074
5.04425
4.65083
4.92814
4.53783
4.92745
4.64645
4.6451
4.63189
5.06672
4.76871
4.61733
4.41285
4.67805
4.57282
4.6332
4.68238
4.02165
4.63482
4.64502
4.6285
4.84292
4.61941
4.65351
4.58798
4.67378
4.65808
4.78826
4.58664
4.6493
4.63032
4.58136
4.83862
4.64798
4.63144
4.65139
4.68663
4.63871
4.7467
4.70286
4.66181
4.63354
4.64448
4.98448
4.62334
4.6313
4.6383
4.64585
4.79777
4.70302
4.65612
4.62464
5.38098
4.37942
4.62407
4.63161
4.88865
4.53388
4.63529
5.71495
4.65047
4.61027
4.7059
4.65011
4.61732
4.40316
4.35911
4.61335
4.63339
4.62655
4.579
4.63052
4.65129
4.62252
4.6741
4.65087
4.62899
4.53745
4.62631
4.64579
4.84813
4.57243
5.93121
4.25365
4.6494
5.07897
4.72017
4.62075
4.6189
4.63016
4.61957
4.64003
4.63179
4.57548
4.62143
4.62266
4.95855
5.1447
4.61863
4.61923
4.55013
4.88009
4.62372
4.64322
4.71887
4.51939
4.66148
4.64789
4.64054
5.30909
4.69059
4.71521
4.9657
4.6172
4.80418
4.93496
4.98067
4.94681
4.67742
4.64568
4.61767
4.64374
7.04129
4.62637
5.04717
4.25613
4.62716
4.62234
4.62322
5.68993
4.61759
4.64889
4.64944
4.63618
4.90952
4.93851
4.7528
4.71229
4.65006
4.72991
4.67731
4.62491
5.02283
4.62446
4.22343
4.65092
4.48379
4.64821
4.63874
4.63864
4.707
4.60955
4.62212
4.62984
4.31976
4.61422
4.70278
4.74867
5.42189
4.44807
4.63475
4.61397
4.56079
4.76292
12.8568
4.78426
4.98468
4.68808
7.73916
5.11642
4.64534
4.67417
4.65829
4.80626
4.62384
4.71384
4.7458
4.63008
4.35313
4.64332
4.61961
4.68793
4.64069
4.6175
5.31374
4.63409
4.66713
5.53065
4.70042
4.82683
4.64306
4.62314
4.6461
4.78047
4.63728
4.65542
4.97541
4.60854
4.63373
4.63685
4.77171
4.79563
4.65633
4.79901
4.91218
4.61868
4.63065
4.6577
4.62959
4.51965
4.69449
4.66563
4.64963
4.62708
4.72784
4.62469
4.36989
4.62134
4.62141
4.61875
4.14653
4.65566
4.51728
4.93702
4.65186
4.62807
4.61782
4.63222
4.60675
4.6641
4.60741
4.61046
4.64149
4.95216
4.6216
4.86933
4.39369
4.64906
4.65038
5.88557
4.6184
5.08398
4.62456
4.6185
4.61857
4.66719
4.80933
4.86536
4.67635
4.65009
4.64672
4.63791
4.61819
4.63372
4.62014
4.66603
4.89609
4.61919
4.61758
4.62066
5.5311
4.61919
4.59388
4.70627
4.63366
4.626
7.62149
4.64764
4.65224
4.7987
4.54121
4.65927
4.63805
4.63
4.61746
4.65503
4.61879
4.65316
4.64677
4.64262
5.01268
4.98127
4.59414
5.03244
4.62184
4.70293
4.98398
4.65396
4.86285
4.64688
4.6518
4.61872
4.61279
4.70772
4.66881
4.68659
4.62381
4.3586
4.8893
4.62931
4.59578
4.6398
4.62292
4.66582
4.62052
4.61748
4.81101
4.92711
4.61575
4.73037
4.73493
4.6343
4.6769
4.63717
4.61788
4.62687
4.64169
6.78794
4.58575
4.61801
4.4941
4.81983
4.65805
4.61936
4.73555
4.6186
4.629
4.49752
5.00889
4.66175
4.42584
5.53453
4.63226
4.62647
4.85978
4.62311
4.62521
4.61951
4.92047
4.71885
4.37035
4.42194
4.6562
4.65431
4.48188
4.76576
4.6386
4.61399
4.67792
9.04076
4.64789
6.20004
4.61629
4.65817
4.69334
5.52354
4.98389
6.05671
4.61849
4.8617
4.62436
4.63075
4.61559
4.65619
4.64324
4.74165
4.64741
4.63189
4.61729
4.64405
4.41386
4.69467
4.61862
4.6076
4.61818
4.64093
4.65525
4.47187
4.386
4.62661
4.69481
4.64249
4.65336
4.84928
4.9788
4.61271
4.64568
4.62382
4.63863
4.63451
4.61664
4.73543
4.46838
4.64466
4.76858
4.65026
4.6719
4.52577
4.65021
4.66979
4.70774
4.65255
4.61778
4.94377
4.62348
5.51156
4.61737
4.63897
4.63153
4.64172
4.64786
4.89914
4.61592
4.64117
4.64949
4.61844
4.62006
4.806
4.61777
5.09619
4.66462
4.71783
4.6679
4.71048
4.74647
4.60309
4.65177
4.67237
5.69588
4.42039
4.63537
4.71654
4.69822
7.62038
4.64924
4.63192
4.80684
4.70088
4.69315
4.73663
4.62391
4.63168
4.9133
4.63028
4.64126
4.66726
4.62777
4.62874
4.62067
4.63804
4.68377
4.62381
4.62311
4.61673
4.93039
6.05035
5.01747
4.75582
4.63141
4.73867
4.61606
4.71107
4.66709
4.62964
4.64802
4.65023
4.62161
4.61785
4.61764
4.62693
4.73745
4.62449
4.62307
4.64627
4.62844
4.62408
4.62355
4.61931
4.79838
4.61567
4.63635
4.65003
4.62497
4.61924
4.63697
4.54997
4.9492
4.71338
4.70574
4.66609
4.79147
4.61935
4.8967
4.66899
4.61592
4.60913
5.13498
4.17058
4.66334
4.62305
6.20638
4.87015
5.10647
4.63043
4.04158
4.61798
4.73994
4.6372
4.90417
4.63166
4.64056
4.66566
4.63299
4.89384
4.6013
4.61686
4.64756
4.87196
4.63822
4.63065
4.62145
4.62153
4.62146
4.76251
4.63134
4.79922
4.61792
4.60495
5.55227
4.82465
4.6188
4.65814
4.64911
4.58416
6.82766
4.96499
4.6137
4.89067
4.63747
4.62226
4.64483
4.67804
4.62846
4.90666
4.1684
5.22934
4.61087
4.66562
4.81035
4.71593
4.37191
4.638
4.6308
4.75422
4.58638
4.62296
4.64765
4.80763
4.55919
4.61905
4.44838
4.61875
4.62411
4.6444
4.68702
4.57221
4.52198
4.62003
4.64987
4.65576
4.7316
4.67598
4.62013
4.64872
5.26435
4.67713
4.89819
4.59093
4.63986
4.96579
4.83161
4.62251
4.9431
4.54746
4.61935
4.64338
4.53351
4.73974
4.62781
4.71741
5.02636
4.62769
4.78416
4.61771
4.57735
4.96221
4.70116
4.64141
4.63564
4.63932
4.62325
4.63542
4.67066
4.63793
4.639
4.65368
4.62234
4.66847
4.61936
4.88245
4.63489
4.80511
4.61928
4.64751
4.65933
4.70963
4.61477
4.61788
4.61755
4.58886
4.62905
4.69125
4.69631
4.79876
4.65901
4.60807
4.64364
4.27325
4.62712
4.6448
4.67169
4.25432
4.61785
4.66354
4.64587
4.61776
4.6509
4.64681
4.63186
4.78869
4.82186
4.62358
4.6498
4.61876
4.55219
4.61755
4.71124
4.65149
4.61787
4.61766
4.74411
4.48309
4.6355
4.62248
4.63131
4.72722
4.63934
4.63082
4.45302
4.61983
4.61803
4.96967
4.63366
4.63079
4.89353
4.64544
4.63222
4.57546
6.22911
5.06763
4.67966
4.56027
4.66481
4.65575
4.62811
4.64596
4.62155
4.75646
4.62536
8.88373
4.61792
4.62409
7.8347
4.74595
4.31469
4.72842
4.63106
4.72255
4.62252
4.57537
4.6177
4.67511
4.70952
4.64782
4.65583
4.62489
5.49075
4.62169
5.12753
4.62157
4.63922
4.6604
4.66283
4.62295
4.61897
4.73166
4.9876
4.61765
4.63199
4.67141
4.61757
4.74548
4.5139
4.57707
4.52859
4.66788
4.62647
4.3086
4.36554
4.38175
4.42578
4.69864
5.77528
4.4536
4.63384
4.61789
4.75123
4.65998
4.62981
4.87572
4.62382
8.89522
9.02321
4.61908
4.62632
4.67843
4.57194
4.66545
4.59529
4.61669
4.69238
4.66424
4.89047
5.31075
4.7765
4.671
4.66317
5.09029
4.62333
4.9833
4.88756
4.63438
4.62088
5.10564
4.62393
4.62639
4.61995
4.62692
6.14048
9.76077
4.77093
4.65185
4.97899
4.66797
4.61901
4.57819
4.64625
4.62314
4.61947
4.64149
4.61771
4.62213
4.76155
4.59513
4.67027
4.63943
4.65058
4.63327
4.63172
4.66201
4.62728
4.64064
4.64367
4.66073
4.64982
4.6188
4.66305
4.62476
4.63178
4.62099
4.63345
4.61089
4.6755
4.43262
4.57577
4.71549
4.61705
4.67127
4.8012
4.61867
4.58471
4.69774
4.60577
4.61891
4.66028
4.6577
4.61793
4.76179
4.71416
4.56826
4.63817
5.45665
4.99514
4.68741
4.63056
4.61808
4.78085
4.61928
4.61934
4.62441
4.66091
5.5145
4.66383
4.55848
4.63015
4.67901
4.85582
4.69187
5.0555
4.71694
4.99772
4.61959
4.63458
4.62016
4.62357
4.68837
4.45958
4.61559
4.64175
4.6509
4.61788
4.63668
5.1345
4.6316
4.61801
4.61784
4.52118
4.74915
4.64515
4.67273
4.63561
4.64048
4.65267
4.63303
4.63163
4.62119
4.98453
4.67687
4.25979
4.61176
9.23173
9.10097
4.6424
4.98288
4.60725
4.87212
4.64188
4.62158
4.62165
4.62771
4.61775
4.66668
4.69341
4.68083
4.61926
4.77021
4.69057
4.64604
4.61822
4.63649
8.55095
4.64131
4.61983
4.64732
4.68636
4.61341
4.88029
4.67151
9.30314
9.32628
4.83411
4.59134
4.6246
4.65486
4.59692
4.4529
4.71259
4.61849
4.65103
4.65458
4.6282
4.81965
4.68225
4.66018
4.6404
4.64342
4.63746
4.71388
4.59319
4.64476
4.65086
4.61178
4.59685
4.62389
4.62611
4.86489
4.61778
4.62297
4.61799
4.21493
4.61814
4.60316
4.62197
4.77994
4.58713
4.37273
4.66991
4.60051
4.98024
4.6225
4.64817
4.45687
4.6936
4.94843
4.55626
4.62754
4.60396
4.66519
4.34931
4.6289
4.55507
4.64734
4.61936
4.63092
4.61884
4.61869
4.63823
4.64935
4.62831
4.67142
4.30052
4.61881
4.62866
4.5205
4.57328
4.66399
4.6207
4.87451
4.58688
4.63994
4.58054
4.61772
6.45442
4.69691
4.62153
4.59224
4.61627
4.66544
4.6479
4.59207
4.62977
4.77457
4.87836
4.64037
4.61856
4.70459
4.6357
4.87237
4.65964
4.62366
4.6333
4.70029
4.64356
4.71939
5.0324
4.76874
4.63295
4.84097
5.87951
4.62729
4.61786
4.58575
4.61928
4.64546
4.64415
4.65426
4.63522
4.65098
4.6741
4.61601
4.58377
4.62624
4.65937
4.6182
4.62968
4.62475
4.5901
4.6858
4.64624
4.64253
4.79159
4.6375
4.93335
4.61772
4.61771
4.61909
4.90142
4.64141
4.67357
4.6197
4.78044
4.82386
4.61873
4.54361
5.07804
4.51259
4.63636
4.94083
4.61884
4.89714
4.55239
4.6188
4.62863
4.67595
4.71933
4.76933
4.61875
5.22372
4.60158
4.69668
4.61772
4.6647
4.62584
4.8015
4.64011
4.53825
4.48474
4.64913
9.53205
5.0769
4.65886
4.61845
9.44513
9.20214
4.6609
5.06553
5.07442
4.28355
4.633
4.58839
4.61792
4.61815
4.66986
4.61978
4.72531
4.61102
4.64372
4.61854
4.79798
4.9378
4.62926
4.53993
4.73164
4.69166
5.04573
4.61941
4.72543
4.62676
4.59103
4.61783
4.65266
4.62436
4.61781
4.84395
4.82425
4.61774
4.62147
4.75652
4.69185
4.71666
4.65899
4.73093
4.87021
4.63989
4.64672
4.65304
4.84096
4.55315
4.61449
4.64424
4.69912
4.63058
4.64104
4.61662
4.76731
4.64576
4.68708
4.52497
4.63529
4.62461
4.62128
4.79275
4.61981
4.63206
4.79271
4.60721
4.62237
4.7751
4.61053
4.59918
4.61786
4.62114
4.65006
4.63479
4.61826
4.62864
4.82651
4.70411
4.87381
4.66821
4.61152
4.82701
4.61404
5.99678
4.61937
4.66101
4.63482
4.25373
4.62395
5.29012
4.61786
4.66428
4.63369
4.97713
4.63087
4.63477
4.65607
4.64178
4.62777
4.69881
4.64101
4.91365
9.1003
8.97836
4.64427
4.61802
4.76918
4.61928
4.61876
4.61933
4.67751
4.62093
4.99361
4.63721
4.63392
4.63043
4.78242
4.81271
4.83822
4.63508
4.67467
4.84943
4.54653
4.51293
4.6195
4.52296
4.64192
4.61791
4.61839
4.42289
4.93305
4.62406
4.63405
4.71295
4.63983
4.63602
5.28942
4.64259
4.6453
4.60563
4.62137
4.96633
4.62241
4.64871
4.62035
4.63518
4.67389
4.61861
4.45184
4.6188
4.63164
4.64803
4.44307
4.61936
4.62671
4.61857
4.81169
4.69712
4.63101
4.71104
4.62322
4.60636
4.87938
4.6291
4.99921
4.65638
4.62872
6.22479
4.61924
4.61687
4.86131
4.61896
4.69332
4.58532
4.72365
4.04252
4.94169
4.51521
4.61796
4.6978
4.61928
4.62176
4.62169
4.66838
4.62991
4.62536
4.64113
4.62146
5.08934
4.86478
4.47728
4.76253
4.6277
4.68718
4.91674
4.61832
4.64134
4.63336
4.62909
4.62097
5.08608
4.67341
4.24595
4.30406
4.65765
4.67713
4.83974
4.62347
4.64296
4.60009
4.61915
4.6559
4.6581
4.57597
4.65182
4.64171
4.61778
4.62747
4.09177
4.6233
4.79571
4.65889
4.6411
4.61872
4.61796
4.65557
4.70966
4.61848
4.57363
4.6378
4.61851
4.81231
4.79644
4.65408
4.67146
4.30994
5.0905
4.68168
4.57367
4.61792
4.62407
9.21007
4.72126
4.86929
4.63083
4.65169
4.64563
4.601
4.49879
4.86469
4.6875
4.72286
4.48891
4.64174
4.87555
4.66304
4.79195
4.45902
4.67285
4.40073
4.63486
4.63486
4.62903
4.6113
4.62185
4.36204
4.61658
4.62101
4.79548
4.63856
4.71331
4.64096
4.62397
4.61787
4.62712
4.6584
4.61916
4.61799
4.69257
4.83432
4.61945
4.61282
4.65942
4.63884
4.61808
4.84703
4.62582
4.8625
4.62236
4.46662
4.63489
4.61262
4.62427
4.61811
4.64536
4.6382
4.67596
4.71126
4.45259
4.61846
4.66035
4.74717
4.61678
4.65149
4.6214
4.61437
4.61126
4.61799
4.22427
4.64228
4.62635
4.63001
4.57029
4.66236
4.61912
4.65657
4.63183
4.61786
4.62128
4.85513
4.61787
4.61838
4.77235
4.73433
4.72523
4.64961
4.61821
5.14627
4.77123
4.62728
4.44471
4.43396
4.63101
4.63091
4.69744
4.65855
4.73309
4.61807
4.6295
4.71427
4.68679
4.29234
4.52792
4.57146
4.64251
4.61787
4.62632
4.65168
4.55819
4.59485
5.80835
4.67804
4.65283
4.64315
4.61924
4.64335
4.6103
4.50763
4.53862
4.84787
4.88076
4.62165
4.98892
4.61726
4.64875
4.77702
4.65897
4.63485
4.94791
4.52218
4.69165
4.64077
4.62012
4.63404
4.41522
4.59295
4.98631
4.61897
4.61632
4.72278
4.89634
6.27712
4.64142
4.61426
4.56388
4.61897
4.618
4.8083
4.68475
4.76309
4.74707
4.64726
4.94648
4.63482
4.82687
4.5912
6.42477
4.65346
4.62673
4.84174
4.61789
4.59478
4.63854
4.61794
4.67041
4.40128
4.78235
4.63926
4.63132
4.62331
4.64556
4.61823
4.72484
6.5645
4.69077
4.72798
4.76076
4.59737
4.61215
4.6537
4.45795
4.57908
4.73862
4.70769
5.02542
4.61186
4.63679
4.62643
4.62195
4.65196
4.58295
4.64359
4.85656
4.73033
4.61923
4.6242
4.35369
4.61818
5.02944
4.70581
4.69657
4.36235
4.55678
4.66319
4.26953
4.66873
4.65204
4.63255
4.61821
4.64207
4.23286
4.55953
4.7187
4.61834
4.62282
4.57907
4.98358
4.61302
4.78014
4.47849
4.60672
4.79533
4.53643
9.12441
9.25429
4.88821
4.61799
4.88334
4.6004
4.62358
4.6503
4.97527
4.91888
4.67329
4.63403
4.62966
4.71215
4.7251
4.70389
4.83137
4.65065
4.84688
4.52981
4.61813
4.61834
4.72644
4.64136
4.84439
4.5069
4.51322
4.64009
4.64723
4.63983
4.89859
4.73976
4.78962
4.61808
4.641
4.64749
4.65083
4.73035
4.63027
5.15246
4.34757
4.75129
4.63496
4.64967
4.84731
4.66698
4.61828
4.61548
4.893
4.77908
4.59896
4.60495
4.64783
4.63794
4.39892
4.6185
4.70905
4.62403
5.77657
4.59432
4.61846
4.6192
4.58761
4.96982
4.85846
4.47233
4.62462
4.58716
4.618
4.61828
4.73247
4.62581
5.85022
4.63343
4.62925
4.64969
4.64971
4.63876
4.63528
4.7152
4.63236
4.62021
4.61386
4.63714
4.70433
4.62842
4.69252
4.61828
4.61702
4.62384
4.44223
4.63697
4.64655
4.63311
4.67673
4.6442
4.3764
4.61856
4.78397
4.81021
4.91869
4.6394
5.02032
9.27913
4.39532
4.62905
7.20584
4.82058
4.62637
4.63552
4.98311
4.63162
4.62083
4.65038
4.61963
5.01583
4.61805
4.64985
4.63289
4.94038
4.62798
4.61803
4.62142
4.58142
4.6143
4.41232
4.65378
4.64063
4.66093
4.64544
4.74325
4.65911
4.21409
4.63146
7.27898
4.58216
4.42642
4.62681
4.41783
4.71109
4.61097
4.66803
5.79857
4.64398
4.64949
4.45596
4.62638
4.76089
4.64988
4.62171
4.62178
4.61828
4.45133
4.68867
4.49319
4.52947
4.51599
4.59713
4.70687
7.2562
4.64361
4.45766
4.4343
4.66367
4.6474
4.59262
5.16627
4.69559
4.72295
4.62009
4.63116
4.64041
4.69918
4.65583
4.63218
4.54883
4.55081
4.63761
4.61857
4.70739
4.97372
4.55437
4.70384
4.70927
4.63445
4.61844
4.638
4.63928
4.68825
4.618
4.61638
4.6269
4.62475
4.7455
4.52273
4.60586
4.61982
4.62237
4.60593
4.97339
4.15018
4.64544
4.68022
4.75602
4.65278
4.72682
4.5981
4.29891
4.63247
4.63947
4.637
4.59941
4.59056
4.66758
4.62461
4.6188
4.61658
4.62388
4.6188
4.5007
4.68038
4.61809
4.67653
4.61908
4.62071
4.61818
4.57769
5.09969
4.64601
4.61749
4.6347
4.6265
4.60548
4.618
4.62741
4.63442
4.61799
4.63683
4.62122
6.72763
4.61807
4.63126
4.61659
4.70383
4.47919
4.62934
4.84083
4.62396
4.8015
4.63217
4.69358
4.74104
4.63429
4.67821
4.57996
4.70077
4.99433
5.13767
4.64281
5.08377
4.64927
4.63632
4.64293
4.63174
4.57186
4.6373
4.72325
4.61799
4.64621
4.56345
4.64828
4.63184
4.64257
4.64755
4.64064
4.63109
4.5828
4.64395
4.6187
4.48313
4.89633
6.75478
4.65375
4.62036
4.63718
4.68815
4.57465
4.61221
4.4385
4.62914
9.65113
9.37101
4.5662
4.91235
4.64705
4.94851
4.60219
4.63393
4.77151
4.83142
4.68696
4.6022
4.9777
4.6186
4.62326
4.62039
4.6273
4.62946
4.61875
4.63446
4.61812
4.51659
4.61806
4.64572
4.82062
4.61801
4.5905
4.62634
4.62409
4.64419
4.88095
4.6587
4.63826
4.76665
4.73918
4.71183
4.61054
4.62547
4.64185
4.5932
4.62189
4.6171
4.60833
4.63613
4.62713
4.76339
4.45695
6.14974
4.55018
4.54397
4.53508
4.62867
4.69097
4.63514
4.62819
4.61863
4.79049
4.61759
4.62101
4.63304
4.61832
4.61934
4.64791
4.64622
4.57248
4.58342
4.57709
4.6242
4.61831
4.63051
4.64034
4.75053
4.56448
4.64779
4.97797
4.61962
4.73012
4.36098
4.6181
4.72335
4.61141
4.6231
4.95525
4.92823
4.81027
4.66162
4.51916
4.49941
4.68846
4.62624
4.6314
4.7131
4.67689
4.6186
4.61155
4.61842
5.00682
4.4837
4.62355
4.6272
4.77112
4.6907
4.64534
4.66772
9.21508
4.6556
4.82954
4.58133
4.62291
7.40696
4.61911
4.64102
4.63229
4.69787
4.63961
4.71382
4.61823
4.71525
4.69674
4.62341
4.64883
4.61854
4.63367
4.63214
4.61892
4.69374
4.61818
4.6371
4.62286
4.63675
4.735
4.61428
4.90996
5.01552
4.63146
4.61694
4.63049
4.64071
5.26174
4.61793
4.61073
4.63993
4.24496
4.65482
4.62471
4.64905
4.64585
4.71786
4.80432
4.55055
4.61812
6.42769
4.64272
5.01921
4.66672
4.60755
4.66661
4.74475
4.62534
4.66515
4.64051
4.55694
4.64077
4.90438
4.36626
4.62261
4.61826
4.61679
4.62168
4.65256
4.61667
4.63958
4.64308
4.61767
4.6481
4.79558
4.71485
4.67482
4.63569
4.64832
4.54676
4.64634
9.93038
4.68591
4.64159
4.93968
4.25189
4.65046
4.61835
4.61103
4.61901
4.61816
4.60296
4.61814
4.64283
4.71116
4.61833
4.64946
4.63238
4.51538
4.65654
4.6461
4.80759
4.63967
5.06649
4.66083
4.56611
9.23225
4.63314
4.36732
4.62177
4.76946
4.62084
4.6497
4.60855
4.81756
4.63362
4.70933
4.52508
4.51594
4.66065
4.62155
4.67707
4.61893
4.64962
4.62584
4.40849
4.82596
4.92017
4.40038
4.63056
4.6181
4.61809
4.63289
4.54702
4.71667
4.64735
4.64735
4.6208
4.849
4.78399
4.63333
4.62222
4.79752
4.75549
4.61935
4.57924
4.84904
4.61556
10.6132
4.61564
4.61943
4.64889
4.61933
4.65804
4.65894
4.45661
4.62063
4.61826
4.29849
4.68985
4.61668
4.68869
4.643
4.62481
4.62332
4.35966
4.72901
4.64783
4.68135
4.93413
4.62168
4.62174
4.92596
4.6181
4.61811
4.69543
4.63922
4.47063
4.49327
4.63984
4.65031
4.64699
4.64525
4.6439
9.76169
9.19969
4.76543
4.48095
4.61828
4.61935
4.60146
4.95757
4.64275
4.62066
4.66788
4.54877
4.61827
4.61231
4.61907
4.64832
4.66326
4.61387
4.62928
4.62575
4.83694
4.63899
4.62002
4.62956
4.57352
4.6181
4.59476
4.61828
4.65108
4.62525
4.61817
4.61732
4.62861
4.64742
4.61851
4.67762
4.44947
4.63086
4.6188
4.6188
4.63199
4.29105
4.62003
4.61567
4.68003
4.6863
4.61934
4.62458
4.6245
4.66785
4.61972
4.62028
4.60317
4.61815
4.63255
4.65337
4.82977
4.7229
5.68993
4.72161
4.70661
4.83758
4.69592
4.63869
4.63845
4.56888
4.6183
4.6188
4.6358
4.64106
4.64308
4.61816
4.6049
4.59077
4.62108
4.62006
4.65385
4.63085
4.64044
4.61811
4.63615
4.51094
4.60815
4.62403
4.45059
4.62388
4.63283
4.63524
4.6182
4.61898
4
4.62201
4.62653
4.6409
4.62407
5.02143
6.39402
4.65966
4.61519
4.61829
4.61967
4.63298
4.65262
4.66388
4.6438
4.62665
4.70357
4.71376
4.8002
4.61822
4.53155
4.6524
4.7108
5.02965
4.64719
4.57673
4.63762
4.88803
4.60157
4.6316
5.14524
4.69894
4.64005
4.70591
4.90362
4.88234
4.62267
4.6465
4.63926
4.73801
4.64147
4.65
4.54534
4.6416
4.77966
4.62336
4.61819
4.69843
4.6181
4.6413
4.71262
4.60416
4.62145
4.54808
4.6621
4.63672
5.02734
4.65282
4.68667
4.57826
4.62388
4.62698
4.64078
4.64623
4.62256
4.34918
4.61163
4.73953
4.63167
4.6788
4.6204
4.71401
4.61592
4.50471
4.96878
5.15467
4.78894
4.62089
4.91826
4.55565
4.30815
4.54465
4.93683
4.78345
4.84572
4.59148
4.70783
4.64986
4.61834
4.61914
4.64053
4.9855
4.61748
4.39493
4.59578
4.67368
4.58207
4.6525
4.76423
4.64442
4.67118
4.64941
4.62129
4.61746
4.6584
4.6309
4.97547
4.6167
4.59426
4.7072
4.75194
4.59371
4.61877
4.65656
4.31783
4.61808
4.90395
4.9893
4.64192
5.34638
4.6428
4.86382
4.61838
4.57872
4.56621
4.37248
4.21905
4.62434
4.79934
4.65006
4.70601
4.56673
4.78852
4.73458
4.61768
8.6992
4.64246
4.61247
4.63744
4.81289
4.61909
4.40389
4.61831
4.66755
4.4166
4.57583
4.61835
4.79957
4.63196
4.63455
4.56279
4.61973
4.63022
4.61827
4.72791
4.66495
4.6182
4.84303
4.30623
5.0207
4.6732
4.62943
4.61549
4.92788
4.74867
4.61851
4.78734
4.62617
4.67391
4.61906
4.62851
4.60314
4.67592
4.87162
4.70941
4.67662
4.78173
4.4826
4.64947
4.63301
4.54642
4.77262
4.77998
4.53728
4.53679
4.82994
4.61846
4.78691
4.63172
4.6642
4.6274
4.61826
4.61822
4.60725
4.61855
4.4986
4.61947
4.65576
4.61841
4.75433
4.54677
4.63399
4.63113
4.80972
4.61895
4.95141
4.62066
4.89686
4.61559
4.61939
4.62841
4.5985
4.64291
4.62365
4.61726
4.61589
4.61842
4.80805
4.65393
4.63032
4.79028
4.63786
4.61962
4.99292
4.66687
4.61845
4.61846
4.61617
4.61824
4.62973
4.63429
4.58441
4.61881
4.61886
4.65727
4.71186
4.62019
4
4.6738
4.62074
4.62805
5.05996
4.58165
4.56527
4.62564
4.59047
4.60519
4.54123
4.89481
4.67582
4.63687
4.4839
4.6188
4.58019
10.1691
9.61789
4.6529
4.64515
4.75722
4.62488
4.52017
4.62325
4.92014
4.62652
4.62367
4.6184
4.59518
4.60614
4.62735
4.63231
4.76837
4.63204
4.33345
4.75002
4.63333
4.73082
4.70024
4.6486
6.00605
4.05611
4.6404
4.61817
4.58426
4.58107
4.4198
4.62799
5.01153
4.71983
4.61738
4.68333
4.98397
4.63728
4
4.35619
4.41837
4.73352
4.6784
4.65524
4.63904
4.61924
4.73368
4.6281
4.65425
4.6255
4.64081
4.62775
4.69924
5.04416
4.61842
4.64886
4.82203
4.78839
4.61831
4.62219
4.6506
4.78715
4.67028
4.81971
4.68357
4.71377
4.62337
4.63247
4.63139
4.61914
4.62301
4.63625
4.98993
4.62443
4.37361
4.62422
4.62324
4.73641
4.61634
4.76207
4.66924
4.68028
4.63635
4.97209
4.61835
4.59108
4.70067
4.7058
4.64889
4.63021
4.77837
4.54621
4.63269
5.05037
4.61479
4.61405
4.52953
4.61831
4.60855
5.03671
4.64881
4.6988
4.62902
4.70301
4.62491
4.19484
4.79325
4.63544
4.62811
4.84786
4.62116
4.60802
4.73754
4.42718
4.62581
4.65717
4.67658
4.63199
4.63086
4.57868
9.39267
4.72348
4.62843
4.67631
4.62408
4.61873
4.63066
4.58895
4.62564
4.61526
4.62424
4.41344
4.61826
4.64394
4.62527
4.80634
4.62733
4.63449
4.61858
4.64509
4.52899
4.49994
4.66373
4.6299
4.58598
5.77735
4.61915
4.71228
4.63178
4.6191
4.61852
4.63077
4.621
4.69984
4.61807
4.99641
4.65081
4.684
4.63358
4.30716
4.64559
4.63673
4.70928
4.62135
4.63753
4.61879
4.61994
4.6159
4.61828
4.95138
4.64931
4.64713
4.66469
4.67809
4.62062
4.66867
4.98022
4.53735
4.6318
4.6627
4.90449
4.61874
4.61234
4.63679
4.61988
4.97817
4.63512
4.87901
4.61299
4.62343
9.29834
4.71105
4.61841
4.74423
4.55716
4.61846
4.62848
4.64182
4.5943
4.64376
4.53939
4.6481
4.7612
4.62397
4.6246
4.62427
4.60629
4.82176
4.57705
4.63522
4.61683
4.63925
4.65221
4.62196
4.59403
4.9023
4.68334
4.62017
4.64233
4.95547
4.61866
4.63854
4.60705
4.59563
4.63565
4.52189
4.74837
4.71562
4.66119
4.60607
4.53707
4.63064
4.63958
4.63394
4.42436
4.69886
5.9524
4.79317
4.62731
4.7692
4.71432
4.80213
4.62698
4.62048
4.74125
4.34055
4.38374
4.70315
9.74419
4.62184
4.6191
4.61453
4.62665
4.61931
4.6758
9.64481
9.42918
4.63143
4.59853
4.65612
4.65287
4.62571
4.53833
4.64369
4.61838
4.61851
4.65057
4.64821
4.71125
4.71338
4.91649
5.97819
4.61837
4.344
4.57706
4.96565
4.61123
4.61834
5.29804
4.74122
5.0308
4.70087
4.66699
4.58314
4.63959
4.61586
4.65313
4.82414
4.64328
4.61877
4.63381
4.55484
4.62826
4.64069
4.62595
4.62321
4.61859
4.76143
4.65058
4.71284
4.71907
5.92764
4.62506
4.62191
4.66131
4.6183
4.63354
5.18793
4.62862
4.61831
4.63178
4.61743
4.61873
4.59851
4.69519
4.63641
4.64405
4.83105
4.47746
4.71344
4.59348
4.57983
4.57685
5.01096
4.77181
4.79416
4.75362
4.63686
4.62855
4.62199
4.59043
4.78019
4.62748
4.70326
4.62678
5.2941
4.98243
4.62371
4.62379
4.68402
4.80204
4.61891
4.61832
4.63004
4.56448
4.64754
4.64574
4.67294
4.62249
4.63697
4.64579
4.76208
4.53505
4.6184
4.59454
4.6318
4.44452
4.6456
4.61941
4.60461
4.63478
4.68893
4.62138
4.17575
4.65145
4.76577
4.64133
4.58318
9.69273
9.48652
4.88891
4.67903
4.61845
4.77741
4.45467
4.62972
4.66535
4.61326
4.64783
4.61859
4.67401
4.7245
4.87915
4.60821
4.61895
4.94387
4.74573
4.66108
4.63167
4.66743
4.70545
4.65132
4.6192
4.63488
4.61735
4.69891
4.64302
4.84121
4.61944
4.52933
4.58475
4.81757
4.72619
4.63074
4.6204
4.62666
5.61856
4.67923
4.62408
4.62279
4.67816
4.15627
4.71824
4.62487
4.61941
4.6188
4.6188
5.25105
4.77062
4.72122
4.6502
4.79912
4.6217
4.7276
4.65991
4.6199
4.62149
4.61841
4.61757
4.63004
4.64898
4.63379
4.61835
4.36299
4.46097
4.62828
4.61829
4.62685
4.63644
4.61838
4.68231
4.62377
4.62459
4.63453
4.41416
4.75243
4.79923
4.61885
4.61977
4.54561
4.64515
4.35144
4.6196
4.61967
4.50092
4.61829
4.63888
4.64008
4.61941
4.42261
4.61842
4.62061
4.47883
4.98432
4.57222
4.63079
4.62575
5.02272
4.8916
4.65646
4.64323
4.71825
4.92741
4.61834
4.86699
4.67068
4.61841
4.84297
4.70332
4.61652
4.6305
4.11525
4.61909
4.61975
4.80978
4.62666
4.62865
4.63988
4.57468
4.64207
4.96335
4.61912
4.62127
4.62487
4.70813
4.61571
4.6029
4.69544
4.6183
4.66144
4.61833
4.63055
4.63227
4.61835
4.70184
4.62702
4.63356
4.64288
4.63706
4.61843
4.70501
4.63901
4.62842
4.63797
4.67215
4.62005
4.69154
4.61884
4.8292
4.6235
4.63064
4.63515
4.60048
7.29655
4.8474
4.72707
4.62489
6.51166
4.63478
4.55599
4.61842
4.78316
4.66376
4.63207
4.65
4.71932
4.49668
4.62828
4.80284
4.61835
4.43492
4.62228
4.45855
4.69218
5.14379
4.65581
4.62068
4.65739
4.62064
4.61525
4.70613
4.62208
4.62825
4.62142
4.64866
4.92789
4.67458
4.63927
4.61961
4.62353
4.72544
4.70895
4.61944
4.6345
4.47005
4.53091
4.55909
4.62337
4.62602
4.94472
5.06463
5.02501
4.62222
4.63065
5.01298
4.61989
4.74633
4.64042
4.7969
4.69378
4.73603
4.94253
4.67361
4.62588
4.76206
4.15207
4.6287
4.95235
4.55731
4.57215
4.6224
4.63365
4.87681
4.69437
4.38488
4.61952
4.6277
4.61844
4.66286
4.61426
4.64897
4.66675
4.61979
4.61841
4.82359
4.62712
4.77628
4.72379
4.67975
4.62492
4.71682
4.57745
4.37259
4.63561
4.62513
4.62505
4.90499
4.62485
4.47558
4.63867
4.61916
4.62411
5.08913
4.64131
4.63984
4.67373
4.62391
4.64554
4.68547
4.63039
4.61837
4.68168
4.61845
4.63362
4.61971
4.64344
4.63921
4.61715
4.63722
4.5357
4.6271
4.61871
4.64548
4.63344
4.54497
4.51612
4.62574
4.45871
4.54302
4.61398
5.20799
4.66172
4.61844
4.68887
4.61909
4.76677
4.63255
4.49205
4.45893
4.6489
4.75942
4.63011
9.38187
4.94989
4.63882
4.64924
4.81217
4.6231
4.64624
4.64132
4.6362
4.64232
4.62046
4.62003
4.61928
4.61943
4.64077
4.59129
4.64014
4.80569
4.61838
4.64676
4.651
4.62373
4.6162
4.62499
4.63574
4.65158
4.92153
4.62455
4.84549
4.6686
4.62283
4.63287
4.73884
4.47532
4.55006
4.61846
4.88421
4.45216
4.61978
4.61944
4.61858
4.64255
4.54877
4.64371
4.54748
4.62013
4.61835
4.86681
4.25043
4.62741
4.73238
4.59916
4.64331
4.643
4.60769
4.76119
4.63338
4.76228
4.60026
4.61867
4.45787
4.61845
4.64924
4.66865
4.66444
4.64122
4.83699
4.64902
4.90017
4.38983
4.63771
4.6184
4.62847
4.62745
4.62363
4.56952
4.62361
4.61835
4.82541
4.61836
4.55842
4.61847
4.62731
6.41763
4.90946
4.65319
4.60592
4.62152
4.68651
4.41531
4.62368
4.93968
4.57226
4.61823
4.64734
4.6777
4.88637
4.63331
4.64144
4.61834
4.61934
4.64258
4.61851
4.1921
4.37154
4.61344
4.62155
4.61835
4.45428
4.62315
4.62541
4.63492
4.91213
4.61364
4.77967
4.62138
4.62483
4.4535
4.7482
4.48035
4.62264
4.48005
4.59056
4.5193
4.61741
4.46678
4.61843
4.64974
4.70826
4.69791
4.47398
4.63698
4.62743
4.61941
4.81892
4.62002
4.81402
4.5488
4.65029
4.6309
5.28322
4.61918
4.63403
4.73925
4.65938
4.61885
4.61987
4.6238
4.81876
4.63764
4.63606
4.69193
4.61847
4.64728
4.62609
4.61532
4.37488
4.6184
4.61838
4.61839
4.61836
4.61937
4.77892
4.61732
4.62855
4.62838
4.62817
4.61978
4.67445
4.62047
4.6272
4.62074
4.62663
4.64131
4.61373
4.63138
4.61986
4.61847
4.63661
4.6594
4.56689
4.63136
4.61954
4.52454
5.36166
4.60978
4.42985
4.61872
4.76796
4.62665
4.63225
4.51647
4.64638
4.6311
4.62453
4.61864
4.61841
4.62766
4.70731
4.62492
4.613
4.6193
4.67702
4.69891
4.62087
4.61841
5.14266
4.66328
4.62491
4.63519
4.44052
4.62226
4.68483
4.66862
5.00367
4.61848
4.66177
4.61139
4.61961
4.62699
4.65189
4.64315
4.63522
4.74278
4.54368
4.62126
4.76731
4.61873
4.62076
4.93943
4.50273
5.36635
4.62586
4.53317
4.62521
5.04037
4.73687
4.78539
4.54676
4.61933
4.6358
4.4784
4.61847
4.73916
4.63972
4.62802
4.48323
4.61943
4.53446
4.70422
4.62534
4.61873
4.66037
4.81233
4.63307
4.63
4.65036
4.61952
4.63557
4.30437
4.61886
4.61867
4.61833
4.95076
4.61814
4.62868
4.85832
4.64914
4.62088
4.64682
4.58292
4.62706
4.7714
4.75824
4.62435
4.62195
5.05975
4.8716
4.6246
4.59546
4.63617
4.62506
4.64269
4.65578
4.62087
8.93223
8.87126
4.6907
4.34929
4.62755
4.82327
5.01415
4.57171
4.62452
4.61804
4.77645
4.62011
4.62087
4.69114
4.63678
4.63728
4.64622
4.95722
4.47369
4.63151
4.61957
4.86556
4.61931
4.61917
4.82005
4.37942
4.6385
4.55661
4.76788
4.62412
4.62288
4.61846
4.62031
4.40869
4.7312
4.62376
4.76149
4.83997
4.29142
4.50063
4.68581
4.62414
4.63112
5.011
4.69709
4.61849
4.44498
4.63139
4.86973
4.78102
4.50386
4.63437
4.62478
4.63613
4.62294
4.62056
4.61843
4.86675
5.02528
4.73546
4.72224
4.61848
4.66216
4.14658
4.60121
4.79868
4.61849
4.44979
4.61888
4.70078
4.62075
4.45991
4.70931
4.94817
4.62645
4.63675
4.98072
4.60644
4.9171
4.65851
4.74924
4.66323
4.61841
4.64306
4.64323
4.61934
4.62443
4.6192
4.6827
4.61937
4.67568
4.69571
4.69906
4.62185
4.77661
4.63372
4.61986
4.65153
4.61837
5.05421
4.66961
4.61844
4.8782
4.62916
4.65854
4.6185
4.62483
4.95566
4.63446
4.6347
4.61845
4.80372
4.62458
4.61849
4.61881
4.39307
4.61774
4.6184
4.54718
4.62383
4.5816
4.61841
4.57612
4.66293
4.76039
4.4786
4.61885
4.6338
4.53839
4.61885
4.6185
4.45797
4.38064
4.56894
4.63254
4.62431
4.6285
4.61834
4.74393
4.6347
4.62349
4.61849
4.62141
4.91181
5.34847
4.62155
4.65645
4.59587
4.61841
4.61846
4.61945
4.6091
4.66412
4.61923
4.61956
4.64662
4.62093
4.9933
4.62437
4.72504
4.63451
4.67235
4.60729
4.62919
4.66873
4.6166
4.78764
4.64047
4.62421
4.39168
4.48701
4.45423
4.61944
4.6127
4.4415
4.63513
4.96444
4.61949
4.61802
4.67943
4.57075
4.61852
4.61936
4.61928
4.6226
4.6618
4.93625
4.62359
4.62325
4.69307
4.62443
4.37111
4.62674
4.62329
4.61848
4.61999
4.64209
4.61841
4.61843
4.62026
4.59314
4.62935
4.5446
4.61495
4.64446
4.62502
4.60635
4.62302
4.62861
4.93122
4.62457
4.66103
4.62071
4.6194
4.62845
4.76318
4.61986
4.96947
4.60235
5.12348
4.92568
4.62494
4.62184
4.48344
4.81892
4.6196
4.61851
4.62894
4.61767
4.61872
4.64828
4.63806
4.63852
4.65197
4.6184
4.73681
4.62548
4.61924
4.65705
4.93396
4.61845
4.61845
4.62608
4.61847
5.00263
4.89579
4.61851
4.61856
4.66489
4.61832
4.75218
4.64071
4.62059
4.82858
4.67355
4.68798
4.62493
4.62254
4.60611
4.42764
4.61841
4.61871
4.45353
4.66023
4.6195
4.6367
4.61846
4.62611
4.71914
4.64028
4.61644
4.63857
4.63071
4.62586
4.61407
4.72415
4.61913
4.63195
4.63819
4.65312
4.63877
4.53424
4.64044
4.63313
4.77851
5.06927
4.76609
4.61852
4.60298
4.74852
4.6267
4.77411
4.68455
4.61907
4.61852
4.62955
4.61881
5.1447
4.61844
4.69686
4.62357
4.78246
4.63872
4.46124
4.6241
4.62516
4.21084
4.61936
4.53866
4.81374
4.61736
4.62184
4.65772
4.6995
5.04328
4.94361
4.63454
4.6189
9.42993
8.91834
4.61851
4.58849
4.61912
4.61776
4.73107
4.66284
4.92704
4.63505
4.61866
4.62175
4.62682
4.64646
4.63091
4.66568
4.78011
4.63287
4.53338
4.61876
4.6216
4.61899
4.62864
4.77171
4.7502
4.51842
9.75525
8.78949
4.61886
6.04803
4.6263
4.66165
4.63909
4.89782
4.62035
4.63269
4.62483
4.82655
4.62506
4.62069
4.67767
4.82062
4.61749
4.63576
4.26049
4.58969
4.63682
4.99766
4.55367
4.62664
4.65296
4.63146
4.61438
4.62261
4.37699
4.65583
4.5995
4.52378
4.92781
4.74536
4.68364
4.61584
4.64292
4.58669
4.6156
4.62297
4.65027
4.61848
4.84629
4.61849
4.68886
4.85145
4.6234
4.62706
4.6484
4.68215
4.64428
4.64457
4.684
4.6194
4.61845
4.74257
4.62518
4.30272
4.65174
4.9001
4.6765
4.61853
4.61906
4.62148
7.05979
4.66839
4.6523
4.62521
4.67723
4.64578
4.80845
4.62435
4.65474
4.61893
4.61936
4.62377
4.81067
4.62133
4.7069
4.62458
4.61849
9.17645
8.94976
4.57727
4.6404
4.61853
4.58908
4.67942
4.66533
5.03684
5.0588
4.61845
4.45293
4.61845
4.9399
4.61899
4.93843
4.62394
4.67201
4.95115
4.61817
4.59808
4.33287
4.64722
4.62337
4.62077
4.6776
4.61939
4.96273
9.24864
9.35499
4.61824
4.22016
4.63395
4.61934
4.62342
4.76471
4.61845
4.65666
4.7277
4.61835
4.6709
4.61842
4.72516
4.60472
4.62602
4.61854
4.73388
4.61924
4.64278
4.82219
4.38236
4.61849
4.61965
4.68712
4.61887
4.30022
4.61631
4.61924
4.69345
4.65148
4.62211
4.6261
4.67646
4.61952
4.61854
4.62673
4.52355
4.75248
4.61949
4.61267
4.68655
4.61852
4.95518
4.61849
4.62789
4.78066
4.33856
4.62427
4.61897
4.63641
4.84329
4.62397
4.61853
4.69617
4.63281
4.61847
4.61846
4.64122
4.80485
4.66684
4.62533
4.62238
4.66548
4.62383
4.61937
5.22115
4.61822
4.67627
4.59032
4.61847
4.6199
4.62248
4.61958
4.61932
4.62447
4.66721
4.66276
4.74587
4.62433
4.62101
4.63729
4.72862
4.68089
4.6642
4.61875
4.62099
4.6675
4.67488
4.78831
4.56762
4.6649
5.15013
4.62309
4.61589
4.98805
4.69727
4.6323
4.638
4.61849
4.63354
4.61937
5.03603
4.56912
4.61848
4.62226
4.41575
4.62778
4.62749
4.62494
4.62362
4.63573
4.62151
4.85928
4.62615
4.68028
4.62047
4.77959
4.6208
4.48623
4.61851
4.88915
4.7302
4.62023
4.94541
4.35375
4.62188
4.97258
9.64732
4.61903
9.21483
4.61657
4.55062
4.61847
4.62038
4.62992
4.61944
4.61668
4.54003
4.67593
4.64811
4.46645
4.62497
4.61855
4.62874
4.7824
4.92063
4.64817
4.80922
4.63895
4.61845
4.72777
4.73209
4.62343
4.68302
4.62544
4.43982
4.69945
4.91467
4.67396
4.62737
4.6195
4.61938
4.61854
4.61846
4.79985
4.7559
4.63124
4.62575
4.61699
4.87646
4.76689
4.90258
4.39424
4.71074
4.6406
4.92372
4.48426
4.61989
4.52322
4.61996
4.63969
4.61847
4.27634
4.62405
4.63673
4.6192
4.62599
4.57043
4.62469
4.61837
4.83803
4.60424
4.62411
5.09257
4.61896
4.61119
4.8503
4.61906
4.66075
4.62291
4.6349
4.62215
4.64754
4.61855
4.67762
4.63585
4.56929
4.62034
4.61883
4.89624
4.87228
4.62882
4.61898
4.62187
4.85926
4.62798
4.6226
4.68739
4.62424
4.63757
4.59936
4.64916
4.61856
4.37696
9.28572
8.73227
4.68631
4.61862
4.6211
4.61855
4.75613
4.62654
4.79343
4.61853
4.62147
4.61527
4.47467
4.5669
4.64814
4.93794
4.62396
4.7883
4.64044
4.66638
4.62101
4.61932
4.98994
4.61889
4.61944
4.61938
4.62475
4.6234
4.62563
4.61939
4.62324
4.59598
4.61849
4.65375
4.61851
4.761
4.4996
4.62199
4.66933
5.0007
4.61968
4.64257
4.51342
4.65272
4.615
4.75887
4.43485
4.66636
4.64173
4.6568
4.11298
4.61855
4.61802
4.62448
4.61846
4.62669
4.51329
4.56763
4.89179
4.64937
4.63364
4.66356
4.70251
4.62271
4.61849
4.61847
4.61849
4.97223
4.68588
4.58131
4.61031
4.61852
4.62097
4.66385
4.61852
4.79587
4.61925
4.71935
4.61992
4.63907
4.69977
4.63234
4.72981
4.63128
4.66215
4.6755
4.33687
4.63121
4.6261
4.61908
4.6206
4.61849
4.92832
4.64839
4.62301
4.64686
4.63255
4.59632
4.61856
4.9363
4.68495
4.71925
4.62208
4.6283
4.62511
4.91172
4.61921
4.74882
4.6186
4.76709
4.68519
4.63463
4.55654
4.62979
4.12559
5.07033
4.65038
4.93516
4.61856
4.61834
4.64831
4.70962
4.62332
4.92092
4.6192
4.83396
4.60957
4.58831
4.4864
4.63322
4.69557
4.4504
4.98301
4.61997
4.57531
4.62892
4.70788
4.64741
4.61864
4.64648
9.18366
4.78202
4.6479
4.64477
4.61851
4.9665
4.6191
4.61849
4.60922
4.96017
4.61591
4.60352
4.62255
4.70937
4.90282
4.69177
4.63394
4.96403
4.72679
4.62997
4.61103
4.7107
4.62424
4.62202
4.8017
4.63474
4.25614
4.6571
4.62268
4.61745
4.62395
4.66097
4.62408
4.61876
4.6186
4.56381
4.62421
4.56454
4.6219
4.61858
4.6645
4.65341
4.68572
5.09011
4.6185
4.61871
4.64542
4.6222
4.64938
4.66798
5.05227
4.6194
4.61852
4.61276
4.2382
4.62076
4.62366
4.61742
4.71822
4.62117
4.61857
4.6424
4.71163
4.6185
4.64189
4.61858
4.62287
4.63031
4.62029
4.47787
4.96241
4.91108
4.61872
4.64435
4.63382
4.61856
4.53957
4.61858
4.63092
4.61943
4.74144
4.61907
4.71612
4.61948
4.91428
4.62194
4.62219
4.61917
4.65006
4.40121
4.62544
4.41245
4.62806
4.61923
4.82301
4.65206
4.66997
4.64866
4.64043
4.82885
4.61853
4.76591
4.61706
4.61523
4.62239
4.94669
4.63551
4.61847
4.68205
4.62369
4.63759
4.7518
4.70316
4.62067
4.7893
4.62316
4.41032
4.64478
4.72297
4.66926
4.61677
4.61897
4.64603
4.63157
4.63532
4.66479
4.62138
4.63724
4.71806
4.62186
4.83327
5.27639
4.61854
4.62171
4.68288
4.65225
4.91745
4.62395
4.41017
4.67407
4.89689
4.61926
4.62507
4.50881
4.63493
4.61869
4.64067
4.62331
5.16066
4.64299
4.63171
4.52942
4.61515
4.65208
4.65554
4.61864
4.61869
4.61965
4.64366
4.60761
4.63746
4.63797
4.64413
4.62173
4.61756
4.61955
4.66483
5.10792
8.85919
9.33388
4.74151
4.63814
4.61862
4.62355
4.67999
4.65572
4.62409
4.58454
4.62224
4.62941
4.74002
4.79814
4.62602
4.62047
4.61887
4.61952
4.77336
4.63809
4.61897
4.61426
4.61847
4.61457
4.62713
5.33655
4.54447
4.81054
4.73065
4.67816
4.62396
4.72571
4.97823
4.81065
4.6186
4.62821
4.61631
5.56476
4.71541
4.48293
4.65693
4.61943
4.78299
4.62292
4.62166
4.6053
4.62457
4.6189
5.19475
4.61875
4.6418
4.9451
4.62055
4.62599
4.75468
4.90186
4.61866
4.61856
4.62059
4.62316
4.7703
4.64266
4.62031
4.64205
4.64167
4.65847
4.68224
4.61895
4.62163
4.66569
4.63394
4.62207
4.61859
4.62319
4.62109
4.62912
4.66142
4.81445
4.67732
4.69968
4.61936
4.61857
4.69044
4.78494
4.62153
5.45401
4.63459
4.47079
4.61863
4.61887
4.64137
4.65734
5.35889
4.78194
4.61871
4.63423
4.61886
4.62569
4.64154
8.7716
4.7871
4.5941
4.62194
4.60172
4.84929
4.71693
4.72373
4.64073
4.6836
4.37501
4.6243
4.62276
4.61983
4.64926
4.63325
4.6244
4.61949
4.61584
4.61943
4.62053
4.62438
4.76929
4.84599
4.61855
4.45593
4.63593
4.63268
4.62031
5.09122
4.6183
4.62054
4.62697
4.92006
4.18882
4.61872
4.62147
4.64605
4.62436
4.6221
4.64472
4.57764
4.62191
4.62316
4.61955
4.64012
5.07045
4.62215
4.84031
4.61998
4.61865
4.61852
4.63985
4.69773
4.61553
4.62036
4.6252
4.61475
4.92959
4.61848
4.64371
4.45344
4.62765
4.61856
4.62413
4.6207
4.69845
4.62021
4.87242
4.66847
5.20155
4.62047
4.62456
4.92424
4.70465
4.92309
4.62725
4.87933
4.65572
4.61697
4.65585
4.62199
4.62134
4.63742
4.62491
4.61851
4.63133
4.61859
4.42805
4.6335
4.59954
4.83188
4.68779
4.66377
4.70247
4.61913
4.61862
4.6233
4.6268
4.62822
5.36005
4.6331
4.14324
5.00157
4.93998
4.61849
4.61449
4.82802
5.00914
4.61842
4.61862
4.62167
4.62467
4.6592
4.61916
4.62467
4.62605
4.61962
4.62039
7.72259
4.78623
4.78147
4.92809
4.61845
4.62173
4.62221
4.62021
4.61865
4.62616
4.58693
4.64207
4.61909
4.81531
4.61941
4.6318
4.63585
4.61916
4.61999
4.66542
4.91287
4.60688
4.59887
4.6264
4.81688
4.82712
4.59435
4.61977
4.61892
4.71611
4.62691
4.63053
4.45733
4.64052
4.72142
4.61375
4.65149
4.6312
4.61916
4.61858
4.62131
4.7747
4.61853
4.71247
4.62325
4.61922
4.62197
4.93261
9.78085
8.98973
4.62145
6.47531
4.62477
4.78156
4.64639
4.62368
4.63694
4.62378
4.61894
4.61884
4.6186
4.62098
4.62448
4.61817
4.6205
4.94827
4.64434
4.61859
4.96579
4.62686
4.61901
4.74134
4.62968
4.61946
4.63883
4.39831
4.64704
4.61193
4.68367
5.06884
4.61983
4.62673
4.47546
5.16665
4.61059
4.65475
4.62012
4.84339
4.62241
4.63877
4.61949
4.62435
4.62903
4.61978
4.63319
4.61849
4.62106
4.68026
4.70173
4.63139
4.62579
4.82828
4.61948
4.61923
4.81492
4.61401
4.71839
5.04184
4.62042
4.67132
4.61857
4.91067
4.61134
4.57752
4.92129
4.61876
4.88689
4.61847
4.67962
4.63451
4.15406
4.61787
4.62707
4.95165
4.78206
4.6208
4.64464
4.62206
4.63102
4.62228
4.61568
4.64492
4.65569
4.66016
4.61439
4.69244
4.63508
4.70628
4.87004
4.75801
5.46245
4.62015
4.62939
4.69927
4.61778
4.63528
4.62942
4.6233
4.61906
4.80908
4.73566
4.61937
4.62112
5.26448
4.65615
4.67974
9.21432
9.2136
4.7065
4.62278
4.61857
4.61838
4.48934
4.50922
4.90591
4.62249
4.7062
4.4797
4.63187
4.62184
4.61985
4.3811
4.62193
4.68797
4.6762
4.61953
4.68736
4.61798
4.87263
4.99764
4.67916
4.62848
4.96411
4.62131
4.6197
4.64358
4.61953
4.70107
4.6206
4.66725
4.66005
4.61844
4.64654
4.61857
4.61396
9.35092
4.85083
4.62029
4.61855
4.78103
4.91151
4.972
5.19541
4.63116
4.61987
4.8203
4.62173
4.68789
4.62708
4.63267
4.74371
4.62161
4.6222
4.63421
4.61767
4.62036
4.64981
4.73405
4.69125
4.71911
4.68144
4.73971
4.61855
4.6207
4.66224
4.64014
4.84503
4.70594
4.6597
4.66436
4.68294
4.63882
4.6214
4.60739
4.71612
4.6203
4.61055
4.61672
4.85208
4.63396
4.60199
4.61901
4.61751
4.61554
4.94637
4.60255
4.86141
4.62148
4.58638
4.89799
4.73433
4.93002
4.62332
4.63329
4.64076
4.77603
4.62515
4.82096
4.70734
4.67266
4.61862
4.61524
4.61966
4.62409
4.63247
4.61855
4.61959
4.61857
4.7834
4.62848
4.62259
4.61861
4.6186
4.64373
4.62246
4.61879
4.93175
4.66801
4.61954
4.6189
4.62781
4.62181
4.67381
4.6933
4.9898
4.67157
4.62074
4.65417
4.61976
4.6814
4.61853
4.59843
4.6656
4.61824
4.61571
4.61997
4.62143
4.56364
4.85322
4.65661
4.61418
4.62117
4.73665
4.61889
4.4551
4.6818
4.63824
4.61928
4.61896
10.1157
4.94474
4.61867
4.62006
4.69572
4.80659
4.66628
4.61857
4.62534
4.68449
4.75895
4.61961
4.61858
4.84124
4.64625
4.59378
4.62894
4.63363
4.63439
4.62106
4.61801
4.62321
4.91787
4.61972
4.90212
4.64509
4.61865
4.89999
4.62479
4.62565
4.75831
4.61896
4.68046
4.59306
4.84745
4.6889
9.17723
10.6858
9.78762
9.22524
4.62199
4.89518
4.62105
4.61423
4.6128
4.72886
4.71821
4.79674
4.61785
4.62253
4.62136
4.61938
4.39819
4.88616
4.57463
4.61849
4.61872
4.62253
4.62158
4.652
4.62167
4.64143
4.61868
4.61848
4.75205
4.61851
4.62161
4.64589
4.7598
4.62767
4.61859
4.65798
4.69978
4.68718
4.9385
4.61887
4.50919
4.02295
4.61986
4.62006
4.65966
4.61933
4.62218
4.78636
4.72236
4.99178
4.6189
4.62515
4.61943
4.70173
4.64163
4.6604
4.61913
4.82059
4.61846
4.93808
4.63115
4.63514
4.61923
4.79749
4.53635
4.72137
4.62337
4.80912
4.65401
4.61862
4.61943
4.61682
4.6251
4.64832
4.63234
4.62669
4.62548
4.61987
4.61927
4.61894
4.62296
4.66599
4.63248
4.42541
4.66398
4.62733
4.62401
4.65806
4.61878
4.62743
4.13169
4.62091
4.63878
4.62154
4.63212
4.61664
4.64505
4.6187
4.71679
4.65391
4.60937
4.62033
4.97662
4.62024
4.61755
4.62153
5.04113
4.93669
4.68789
4.61893
4.61941
4.61887
4.67898
4.46202
4.87396
4.62115
4.5978
4.97434
4.87281
4.61935
4.61911
4.89311
5.00592
4.81793
4.71157
4.62035
4.69859
4.61857
4.87622
4.61866
4.61863
4.61846
4.68627
4.73397
4.7445
4.85422
5.51965
4.78842
4.62745
5.23628
4.61864
4.7712
4.61861
4.63518
4.67936
4.62142
4.6195
4.63435
4.82736
4.63731
4.61487
4.73025
4.62085
4.61859
4.65692
4.61821
4.72252
4.61862
4.83053
4.61258
4.61917
4.61857
4.61857
4.83352
4.63885
4.61885
4.64203
4.71289
4.61866
4.55378
4.61903
4.66054
4.6246
4.61757
4.62245
4.61852
4.61925
4.61881
4.46548
4.63909
4.74273
4.621
4.65711
4.48306
4.61932
4.62401
4.62071
4.61852
4.90781
4.62472
4.6205
4.6186
4.64375
4.61857
4.64587
4.61886
4.61863
4.82432
4.62207
4.62103
10.7462
4.82458
4.61886
4.61832
4.76888
4.62359
4.6245
4.621
4.96572
4.61826
4.61796
4.63659
4.61846
4.61948
4.61845
4.63329
4.62103
4.70864
4.87168
4.62124
4.62799
4.6117
4.70509
4.64485
4.62198
4.62432
4.61933
4.64798
4.61852
4.81932
4.87714
4.67079
4.62119
4.61862
4.64017
4.63166
4.62955
4.63703
4.64498
4.61858
4.61859
4.61969
4.64506
4.61862
4.6186
4.77003
4.62138
4.65721
4.71399
4.62263
4.43024
4.61899
4.63523
4.62463
4.73803
4.61955
4.62172
4.61903
4.62177
4.62351
4.61841
4.46055
4.61861
4.61859
4.64453
4.63675
4.61851
4.62053
4.68372
4.46203
4.6455
4.61982
4.75404
4.58455
4.72183
4.71765
4.64815
4.63305
4.88834
4.70785
4.61806
4.61911
4.51063
4.61945
4.64244
4.61859
4.63815
5.15702
4.62128
4.62994
4.62084
4.70801
4.63858
4.61858
11.8033
4.62384
4.52742
4.60967
4.62139
4.63943
4.98445
4.82124
4.62435
4.79343
4.34792
4.61958
4.6186
4.62009
4.62428
4.63183
4.50254
4.62033
4.90601
10.5347
4.6185
4.70657
4.61988
4.5763
4.80786
4.62645
4.85315
4.61848
4.61933
4.87041
4.61994
4.6182
4.65052
4.63198
4.82958
4.61859
4.61221
4.62158
5.02076
4.6191
4.78572
5.40342
4.62091
4.61874
4.64896
4.6439
4.88565
4.6204
4.63069
4.63714
4.61864
4.62097
4.82755
4.61907
4.82373
4.62335
4.82176
4.619
4.62104
4.62325
4.83575
4.61929
4.61862
4.17262
4.61008
4.63676
4.71448
4.63435
4.61862
4.64813
4.61607
4.65446
4.66752
4.62196
4.36607
4.66191
4.61948
4.6194
5.71343
4.61947
4.66069
4.61705
4.6201
4.57089
4.62229
4.63328
4.62079
4.62666
4.61906
4.63487
4.619
4.63242
4.63813
4.61956
4.68174
4.63401
4.61926
4.60427
4.33919
4.61948
4.5774
4.85472
4.62133
4.66126
4.61855
4.62053
4.62312
4.61887
4.85639
4.61861
4.63935
4.45881
4.62869
4.61995
4.79943
4.61931
5.04662
4.90898
4.62431
4.63798
4.63306
4.62423
4.90809
4.65234
4.66309
4.62171
4.62098
4.83938
4.6185
4.67156
4.77694
4.6948
4.65779
9.35364
4.61934
4.65929
4.61741
4.61859
4.61671
4.71601
4.62062
4.61935
4.62051
4.61977
4.8843
4.6373
4.56816
4.79592
4.61954
4.61862
4.62216
4.61902
4.61951
4.63752
4.61964
4.61847
4.64059
4.60662
4.98612
4.62283
4.62688
4.49421
4.61647
4.61853
4.75175
4.81487
4.36051
4.66165
4.61861
4.82258
4.69167
4.84931
4.62374
4.6185
4.62513
4.63917
4.80986
4.61861
4.61859
4.61859
4.61863
4.61907
4.74096
4.61805
4.61948
4.62113
4.79893
4.61682
4.74537
4.61849
4.6222
4.83572
4.63256
4.66009
4.73486
4.65363
4.63951
4.61997
4.62406
4.48578
4.64159
4.62011
4.61859
4.61861
4.61485
4.69824
4.76342
4.61692
4.61862
4.62189
4.61852
4.62425
4.64648
4.63071
4.60806
4.65806
4.62785
4.80876
4.63831
4.62476
4.61976
9.2685
4.7865
4.61922
4.71143
4.62096
4.61869
4.65136
4.62048
4.61885
4.61745
4.61995
4.70184
4.85956
6.22001
4.61883
4.64895
4.35968
4.61868
4.61922
4.6325
4.6197
4.22385
4.61902
4.62113
4.61859
4.62388
4.6186
4.62071
4.62174
4.6193
4.88848
4.62221
4.27292
4.63554
4.63666
4.61925
4.62872
4.83166
4.8438
4.67633
4.66033
4.60111
4.61866
4.65448
4.69869
4.6231
4.62257
4.9694
4.6907
5.05339
4.6512
4.6187
4.80812
4.61864
4.61546
4.65766
4.61871
4.74818
4.75389
9.64238
10.0473
4.62333
4.74031
4.61848
4.7684
4.6221
4.80166
4.62122
4.61746
4.61863
4.617
4.61881
4.61341
4.61861
4.83409
4.61945
4.62226
4.70802
4.61946
4.7573
4.62301
5.13982
4.80412
4.61709
4.63304
4.64632
4.62101
4.61971
5.30833
4.63611
4.6307
4.61879
4.62455
4.61772
4.61607
4.49503
4.77404
4.6201
4.77853
4.88589
4.03827
4.76633
4.79918
4.62722
4.84965
4.6195
4.61862
4.62581
4.61388
4.618
4.99595
4.7338
4.70649
4.67253
4.62786
4.61917
4.87118
4.60565
4.58227
4.94225
4.61888
4.64324
4.61765
4.61073
4.62098
4.64562
4.65835
4.61961
4.6215
4.63301
4.62417
4.78692
4.62161
4.77115
4.62137
4.63729
4.62092
4.61955
4.47445
4.6039
4.61905
4.61907
4.73252
4.63357
4.62137
4.61747
4.62056
4.62035
4.66128
4.70838
5.10175
4.64708
4.61831
4.61224
4.61911
4.61883
4.61838
4.61974
4.61928
4.61862
4.70373
4.62042
4.63126
4.6207
4.62087
4.61661
4.61885
5.31437
4.62192
4.68867
4.61832
4.68384
4.67714
4.62079
4.61863
4.62748
4.61864
4.60394
4.71216
4.6318
4.60446
4.6194
4.66181
4.62186
4.61853
4.62039
4.61911
9.49946
4.6185
4.67639
4.64723
4.61865
4.62419
4.67934
4.72207
4.61872
4.61864
4.63202
4.61209
4.62959
4.59969
4.60412
4.62045
4.62004
4.47513
4.93775
4.66326
4.61938
4.61851
4.74898
4.54878
4.61861
4.62345
4.61885
4.68702
4.96742
4.80449
4.90689
4.62008
4.75182
4.7914
4.72049
4.61866
4.31371
4.61922
4.61909
4.63319
4.61967
4.70944
4.62058
4.6208
4.94185
4.61862
4.65564
4.61945
4.62083
4.72809
4.61865
4.64049
4.61885
4.65411
4.61861
4.61861
4.92136
4.8303
4.66932
4.53995
4.62016
4.45071
4.45044
4.60287
4.84208
4.64094
4.61868
4.62993
4.61609
4.61943
4.59754
4.62401
4.61895
4.61861
4.60875
4.61426
4.61771
4.62039
5.01584
4.63133
4.61882
4.6183
4.64969
4.98983
4.67385
4.62061
4.6207
4.67626
4.9051
4.88774
4.6185
4.6236
4.74992
4.61932
4.62289
4.61052
4.61864
4.62053
5.04289
4.62445
4.61815
4.99112
4.67083
4.57104
4.62061
4.63792
4.61954
4.57729
4.61864
4.62012
4.66073
4.89975
4.66571
4.6453
4.61921
4.7625
4.55343
4.88666
4.62744
4.61909
4.61862
4.61861
4.61928
4.64043
5.06429
4.62073
4.70537
4.61851
4.62853
4.62161
4.4848
4.61946
4.61919
4.93964
4.77522
4.61863
4.94286
4.61936
4.62338
4.62519
4.62592
4.62186
4.81601
4.76784
4.67427
4.65854
4.63877
4.87671
4.64785
4.79589
4.62729
4.61931
4.67819
4.6615
4.62771
4.54422
4.61864
4.68861
4.64074
4.55894
4.62062
4.63865
4.61862
4.62667
4.72589
4.61921
4.6201
4.64027
4.76667
4.65206
4.61759
4.71236
4.63855
4.62006
4.62328
4.61881
4.6189
4.62573
4.68779
4.83292
4.61962
4.64377
4.95937
4.62192
4.62622
4.62088
4.63616
4.61865
4.58519
4.64524
4.61863
4.62063
4.5387
4.97735
4.62061
4.62117
4.63659
4.61892
4.62762
4.67274
4.61508
4.76517
4.63525
4.6185
4.73926
4.62442
4.62795
4.74081
4.77781
4.61961
4.62733
4.61932
4.64147
4.62372
4.72108
4.46648
4.61991
4.89057
4.69848
4.71313
4.63372
4.61851
4.75187
4.61951
4.62932
4.62022
4.62103
4.61943
4.61853
4.47213
4.61241
4.61925
4.65492
4.65704
4.61449
4.6482
4.78812
4.61904
4.62352
4.61324
4.73973
4.62308
4.89164
4.71608
4.62434
4.62009
4.62042
4.62535
4.64281
4.64952
4.95986
4.78602
4.61947
4.61853
4.62074
4.6196
4.70286
4.81469
4.9261
4.62516
4.61952
4.61865
4.63235
4.61865
4.6224
4.63169
4.61677
4.67432
4.53891
4.89385
4.45552
4.61847
4.61514
4.6336
4.69109
4.70051
4.62508
4.69891
4.62279
4.6185
4.64606
4.75716
4.80584
4.62363
4.75264
4.64819
4.66388
4.62049
4.61862
4.62018
4.61915
4.27926
4.61884
4.62214
4.62608
4.69568
4.66516
4.72549
4.6196
4.80061
4.61943
4.61865
4.62153
4.61583
4.61894
4.7511
4.6185
4.62054
4.61865
4.62813
4.64492
4.61373
4.61951
4.71836
4.61871
9.48902
4.61862
4.61862
4.63637
4.61367
4.61862
4.55385
4.79765
4.61921
4.90067
4.63546
4.63736
4.69914
4.6189
4.86247
4.61923
4.69821
4.61081
4.59099
4.62045
4.61765
4.66379
4.61864
4.77217
4.61862
4.61852
4.82511
4.7836
4.03948
4.5789
4.61879
4.61944
4.64132
4.70615
4.79508
4.61879
5.29978
4.61921
4.90924
4.87501
4.61849
4.62199
4.69437
4.61895
4.66528
4.63061
4.551
4.61849
4.61926
4.70062
4.61883
4.61912
4.62006
4.61863
4.66047
4.61862
4.71832
4.62074
5.15523
4.61846
4.61866
4.6399
4.61864
5.21569
4.62263
4.56562
4.64068
4.88632
4.61537
4.70973
4.61428
4.61967
4.62076
4.62076
4.61976
4.6185
4.64846
4.62132
4.61874
4.67601
4.61866
4.63306
4.42135
4.63384
4.4718
4.62041
4.79939
4.34888
4.63855
4.61946
4.66963
4.64116
4.75627
4.62418
4.65005
4.62985
4.65895
4.61864
4.79242
4.411
4.61939
4.64051
4.75596
4.61925
4.6413
4.6186
4.63923
4.6614
4.62654
4.61966
4.61935
4.7189
4.62254
4.61914
4.61859
4.61884
4.61848
4.61865
4.61878
4.61865
4.61977
4.83931
4.61999
4.63583
4.63441
4.64849
4.5987
4.6301
4.61941
5.03941
4.68664
4.66352
4.66617
4.62492
4.87353
4.69765
4.62
4.62188
4.52745
4.75707
4.69593
4.65336
4.61717
4.6211
4.64127
4.43675
4.61965
4.73519
4.81576
4.62247
4.61865
4.66916
4.84063
4.4414
4.69158
5.02416
4.62099
4.61869
4.61848
4.64486
4.62065
4.76305
4.79311
4.6376
4.58091
4.61865
4.67747
4.61868
4.61997
4.61936
4.89403
4.89333
4.61889
4.60478
4.62167
4.6269
4.6188
4.61848
5.01906
4.61968
4.61199
4.71083
4.65483
4.61866
4.61912
4.62275
4.66324
4.67894
4.62057
4.73148
4.62043
4.62173
4.86474
4.62523
4.62075
4.78473
4.66035
4.63636
4.63157
4.8648
4.61872
4.62815
4.62681
4.63214
4.62262
4.61846
4.71012
4.7294
4.61865
4.61866
4.96345
4.61834
4.6266
4.61784
4.66975
4.61867
4.63329
4.61878
4.61865
4.61941
4.55427
4.67812
4.62298
4.77396
4.61932
4.64896
4.62416
4.9116
4.61921
4.62231
4.66424
4.74458
4.62035
4.68608
4.61993
4.63834
4.61944
4.61922
4.6216
4.62247
4.62403
4.62053
4.61865
4.68125
4.61867
4.61848
4.61849
4.61849
4.62421
4.70669
4.50203
4.62049
4.85507
4.62246
4.77311
4.61943
4.62318
4.8059
4.63093
4.62024
4.71552
4.61945
4.69286
4.687
4.61781
4.77159
8.76822
9.61533
4.63227
4.62148
4.62187
4.66042
4.6307
4.74363
4.83182
4.61933
4.64115
4.73984
4.64069
4.62001
4.61865
4.61867
4.67062
4.61928
4.61934
4.80717
4.63013
4.66921
4.60621
4.61965
4.61993
4.62355
4.76734
4.73517
5.04872
4.61936
4.7303
4.62106
4.62758
4.76233
4.61882
4.50112
4.68793
5.26167
4.63411
4.69911
4.61352
4.61863
4.62133
4.62046
4.62018
4.6197
4.62151
4.67228
4.61396
4.54773
4.7707
4.70023
4.64038
4.61872
4.61885
4.92459
4.6185
4.63934
4.64478
4.61889
4.6185
4.74415
4.97068
4.6198
4.62028
4.61957
4.61869
4.62525
4.85603
4.89269
4.62071
4.827
4.64057
4.67476
4.61914
4.62199
4.75626
4.61847
4.61794
4.60524
4.61899
4.61179
4.61922
4.61883
4.64454
4.63033
4.72584
4.58849
4.9047
4.6186
4.53874
4.63753
4.42427
4.75354
4.61973
4.61782
4.94834
4.62182
4.65603
4.5925
4.6297
4.62217
4.6188
4.62022
4.61866
4.63043
4.61567
4.61832
4.77835
4.63367
4.61852
4.61881
4.61868
4.62291
4.71647
4.63445
4.61866
4.61866
4.61895
4.61921
4.61916
4.63654
4.62094
5.33452
4.62042
4.61986
4.59536
4.62
4.61917
4.62023
4.96731
4.62981
4.61867
4.61916
4.61936
4.60857
4.61927
4.61871
4.59528
5.19972
4.64268
4.63254
4.63705
4.6192
4.7698
4.67322
4.5516
4.61941
4.63129
4.61882
4.62047
4.62047
4.58812
4.68655
4.61851
4.61867
4.61851
4.62163
4.57759
4.61865
4.43164
4.60388
4.68947
4.61695
4.61852
4.61899
4.63394
4.61884
4.62058
4.66817
4.69451
4.63585
4.44485
4.64811
4.61851
4.62219
4.67294
4.733
4.61982
4.63103
4.60696
4.62037
4.97349
4.60077
4.86057
4.67241
4.72536
4.40438
4.61851
4.61813
4.62047
4.63302
4.61925
4.67938
4.74332
4.61875
4.57021
4.61992
4.60357
4.74186
4.6221
4.62016
4.61886
4.62081
4.63226
4.66642
7.9878
4.64405
4.61867
4.62986
4.55855
4.70307
4.62017
4.62286
4.65476
4.44402
4.65599
4.61866
4.61943
4.61859
4.61817
4.62018
4.61888
4.61966
4.61966
4.61993
5.0708
5.02801
4.65237
4.62398
4.664
4.75053
4.65263
4.68524
4.61851
4.61867
4.415
4.62023
4.61933
4.62048
4.56832
4.73239
4.33974
4.63334
4.62045
4.62722
4.84206
4.64521
4.50224
4.61894
4.63668
4.61052
4.62032
4.62
4.61853
4.6185
4.61939
4.43655
4.82159
4.95855
4.6201
4.62975
4.61929
4.62203
4.73416
4.95081
4.61865
4.76652
4.61855
4.61929
4.73284
4.61986
4.61771
4.50162
4.6185
4.62115
4.61929
4.60884
4.93671
4.61867
9.15141
10.0204
4.61865
4.6867
4.61981
4.70642
4.61962
4.61875
4.61907
4.33446
4.61912
4.75215
4.63823
5.0013
4.62154
5.15301
4.61937
4.62121
4.61849
4.61498
4.63272
4.64204
4.62042
4.62154
4.61867
4.62138
4.61814
9.70733
4.7138
4.64107
4.61868
4.90104
4.87595
4.62016
4.61923
4.94538
4.62044
4.54402
4.61662
4.61973
4.5653
4.71517
4.62004
4.63884
4.61866
4.70527
4.67966
4.61972
4.61866
4.61865
4.96171
4.62174
4.7165
4.61887
4.62577
4.41006
4.88507
4.56269
4.6195
4.61849
4.6185
4.33638
4.61954
4.82343
4.61884
4.72333
4.62027
4.61921
5.01157
4.73625
4.61809
4.61879
4.62009
4.62629
4.62662
4.61894
4.62004
4.72866
4.61962
4.61575
4.68548
4.6171
4.69179
4.61956
4.67413
4.84264
4.62953
4.58741
4.61927
4.71801
4.65495
4.67439
4.59615
4.63614
4.64877
4.89563
4.61922
4.64258
4.59599
4.62179
4.61999
4.61867
4.92308
4.62168
4.62474
4.8203
4.64111
4.75692
4.58386
4.57665
4.62142
9.12451
9.01126
4.58304
4.60004
4.61891
4.61881
4.61985
4.61887
4.63297
4.62421
4.61894
4.7947
4.55321
4.66159
4.66829
4.61898
4.61868
4.89733
4.61941
4.61847
4.61867
4.62043
4.61981
4.66986
4.62001
4.63065
4.61975
4.6219
4.62038
4.61485
4.61868
9.26259
9.3751
4.7083
4.61849
4.6185
4.62019
4.62178
4.63424
4.61959
4.6204
5.03493
4.61865
4.61997
4.54524
4.62881
4.61891
4.67122
4.61868
4.5406
4.6185
4.68715
4.61867
4.67538
4.62297
4.85164
4.62917
4.62889
4.77499
4.85638
4.7908
4.62044
4.61665
4.70441
4.61849
4.6867
4.61913
4.62032
4.47159
4.6572
4.61855
4.62023
5.00766
4.62342
4.61871
4.52578
4.6821
4.61981
4.71547
4.8637
4.61871
4.57789
4.61951
4.6203
4.61997
6.03014
4.61923
4.62467
4.60296
4.6922
4.69112
4.61841
4.97162
4.61566
4.61898
4.61928
4.5277
4.61848
4.61907
4.86106
4.61977
4.79163
4.65629
4.71971
4.89767
4.84877
4.65493
4.61991
4.67529
4.62095
4.63585
4.6185
4.65644
4.61802
4.61883
4.61908
4.61851
4.51301
4.72493
4.62793
4.6263
4.64506
4.62953
4.62956
4.62936
4.62517
4.62017
4.61865
4.69338
4.63718
4.61873
4.61913
4.76597
4.61867
4.61673
4.52678
4.62565
4.61944
4.61934
4.63691
4.61978
4.62126
9.60003
9.45454
4.61968
9.19062
4.52118
4.61885
4.74279
4.62008
4.62919
4.49631
4.6563
4.61936
4.62011
4.61868
4.61866
4.6188
4.38252
4.69396
4.61886
4.66945
4.61883
4.78228
4.62124
4.61868
4.61912
4.61971
4.61595
4.89987
4.62008
4.60922
4.61366
4.61873
4.61867
4.61961
4.61966
4.73786
4.64061
4.78236
4.61938
4.62975
4.61927
4.62016
4.61919
4.64202
4.61872
4.61988
4.63815
4.62874
4.60731
4.61949
4.61528
4.65752
4.61955
4.70155
4.61803
4.76572
4.9288
4.62003
4.68308
4.62019
4.62088
4.62364
4.61872
4.61935
4.61974
4.61933
4.61953
4.66724
4.46816
4.74274
4.61849
4.76882
4.93783
4.61946
4.61869
4.62109
4.62212
4.62971
4.62046
4.93329
4.61966
4.61998
4.62115
4.83679
4.63467
4.56348
4.49979
4.62565
4.61871
4.69228
4.61898
4.61872
4.6327
4.61856
4.61903
4.68126
4.61994
4.7583
4.63289
4.26454
4.61919
4.61849
4.73232
4.79286
8.79353
4.69149
4.62925
4.61922
4.62078
4.62953
4.46855
4.62895
4.6194
4.92198
4.62176
4.61881
4.62016
4.85005
4.62925
4.6185
4.61868
4.64352
4.53605
4.52309
4.62081
4.61943
5.03992
4.61876
5.1398
4.59342
4.61836
5.16569
4.64609
4.61084
4.59402
4.61713
4.62989
4.72817
4.61911
4.61869
4.75578
4.83453
4.61955
4.61955
4.61907
4.61869
4.63196
4.61908
4.62434
4.61911
4.62058
4.62142
4.61958
4.7185
4.71825
4.73912
4.61868
4.61867
4.62066
4.63372
4.61924
4.61969
4.61862
4.61935
4.61352
4.61893
4.6202
4.69204
4.61924
4.61888
4.61561
4.63921
4.62071
4.55645
4.67956
4.61911
4.61989
4.62023
4.61848
4.55423
4.61828
4.55759
4.62732
4.61914
4.6437
4.61868
4.62546
4.62112
4.61855
4.66084
4.61883
4.61868
4.62088
4.61835
4.62045
4.61849
4.62866
4.61952
4.64451
4.6185
4.8321
4.76617
4.9074
4.64707
4.64004
4.64923
4.6217
4.6206
4.61878
4.60805
4.62006
4.95102
4.61935
4.61937
4.61851
5.11366
4.80838
4.61106
4.61905
4.61867
4.61968
4.62003
4.67669
4.61918
4.75557
4.62104
4.62499
4.64367
4.64582
4.62012
4.74707
4.61881
4.62612
4.7198
4.76462
9.21357
9.18739
4.61852
4.62437
4.56563
4.6199
4.61591
4.6205
4.61398
4.71826
4.62009
4.62037
4.61894
4.6189
4.62984
4.79925
4.64377
4.61292
4.68044
4.97223
4.62012
4.6223
4.62006
4.61948
4.68786
4.61982
4.61935
4.61922
4.61979
4.61878
4.6194
4.6188
4.62898
4.62
4.62311
4.9602
4.61899
4.61979
4.57929
4.63654
4.64446
4.62381
4.61962
4.65497
4.74403
4.56139
4.61849
4.6185
4.64406
4.73237
4.6192
4.61978
4.71116
4.61877
4.61309
4.69299
4.74054
4.61877
4.87495
4.61911
4.52082
4.77523
4.6207
4.62368
4.76805
4.6188
4.61975
4.61879
4.62164
4.75626
4.6189
4.63576
4.78985
4.70292
4.23888
4.61644
4.61934
4.6339
4.43576
4.61927
4.62525
4.61963
5.15186
4.66086
4.61904
4.62005
4.6193
4.61907
4.67755
4.62857
4.70543
4.62016
4.62336
4.61879
4.72113
4.94306
4.62321
4.61931
4.63017
4.61952
4.61852
4.61976
4.69616
4.80052
4.53566
4.61947
4.61888
4.6197
4.69532
4.61911
4.61834
4.61962
4.619
4.75007
4.93663
4.87802
4.71349
4.62787
4.61965
4.90898
4.61884
4.6191
4.67833
4.62001
4.90308
4.62572
4.66139
4.67728
4.61996
4.61888
4.62188
4.61851
4.95618
4.79538
5.41925
4.61922
4.61939
4.61857
4.62223
4.61956
4.5313
4.60317
4.57557
4.61904
4.64907
4.62211
4.61924
4.61944
4.17891
4.79239
4.6284
4.61987
4.61946
4.61869
4.61932
4.63469
4.61962
4.62011
4.61913
4.64169
4.62895
4.61955
4.62983
4.61874
4.61897
4.82489
4.61948
4.6188
4.61992
4.61721
4.61975
4.61868
4.61869
5.08304
4.61923
4.61869
4.62977
4.69468
4.61973
4.61973
4.78938
4.62455
4.61909
4.61949
4.69428
9.37556
8.15732
9.28765
4.61849
4.61933
4.63002
4.63008
4.61969
4.67355
4.80318
4.61892
4.61877
4.66077
4.68021
4.61949
4.61848
4.63333
4.62274
4.62988
4.61854
4.56158
4.61869
4.61878
4.61954
4.61917
4.6189
4.64636
4.64103
4.66807
4.61854
4.61928
4.6797
4.61836
4.40704
4.62815
4.61942
4.61851
4.72294
4.62013
4.63729
4.62624
4.76071
4.90584
4.61951
4.61994
4.77103
4.78116
4.9401
4.66951
4.61916
4.61963
4.63888
4.621
4.6188
4.61975
4.91434
4.65462
4.61946
4.61868
4.61851
4.61732
4.61958
4.61959
4.64319
4.61938
4.74806
4.6191
4.62602
4.63787
4.98501
4.61849
4.62214
4.6198
5.02948
4.69711
4.64395
4.78597
4.61951
4.58797
4.6185
4.6185
4.61946
4.61885
4.61928
4.81754
4.61944
4.6185
4.6185
4.61935
4.65034
4.61882
4.54805
4.6185
4.42988
4.6155
4.57751
4.61894
4.61896
4.61909
4.83206
4.6185
4.5604
4.81208
4.61974
4.61959
4.6185
4.6185
4.62577
4.61897
4.61881
4.6185
4.77044
4.6185
9.99435
4.61886
5.1496
4.6185
4.61912
4.62006
4.61916
4.61863
4.61919
4.63
5.09134
4.61542
4.6189
4.63485
4.64224
4.61832
4.61882
4.86062
4.74875
4.58438
4.81692
4.6194
4.60272
4.6185
4.63436
4.66717
4.66119
4.63811
4.63952
4.62084
4.61921
4.61857
4.61983
4.88485
4.61969
4.62354
4.61974
4.61959
4.61881
4.61299
4.89003
4.68182
4.62433
4.63076
4.80783
4.61923
4.73017
4.61926
4.74744
4.61869
4.61957
4.61927
4.61955
4.61027
4.46329
4.6206
4.61905
4.61891
4.61888
4.61858
4.61951
4.69401
4.6185
4.85427
4.74611
4.54281
4.61895
4.61984
4.65471
4.69565
4.94783
4.61994
4.61929
4.71186
4.61707
4.69962
4.71709
4.49113
4.61589
4.62207
4.61828
4.61948
4.67091
4.6185
4.61977
4.61954
4.79516
4.68467
4.62002
4.55531
4.61852
4.78391
4.45848
4.83439
4.7146
4.63452
4.65805
4.47654
4.80177
4.6194
4.6185
4.61949
4.61869
4.80309
4.6101
4.63136
4.62517
4.77791
4.63417
4.64487
4.66721
4.61958
4.62764
4.73356
5.14847
4.6195
4.619
4.62064
4.61885
4.732
4.6627
4.64374
4.61447
4.46049
4.61864
4.61849
4.61889
4.61941
4.61944
4.49293
4.61877
4.64358
4.61889
4.66494
4.61896
4.75006
4.50916
4.61925
4.62474
4.6197
4.67108
4.65376
4.61868
4.70894
4.6187
4.82309
4.61869
4.6185
4.63581
4.61993
4.61905
4.64845
4.61963
4.62323
4.64028
4.61979
4.61948
4.78893
4.9312
4.60298
4.61992
4.61977
4.6195
4.62941
4.61869
4.61942
4.48314
4.61962
4.61983
4.89023
4.91391
4.61886
4.64072
4.63025
4.63617
4.61957
4.62091
4.61951
4.66054
4.65566
9.68039
4.6185
4.6185
4.62031
4.61882
4.62126
4.61958
4.61991
4.62648
4.61879
4.96549
4.61819
4.6459
4.61947
4.61987
4.64876
4.61904
4.62831
4.81301
4.79662
4.6188
4.61851
4.61899
4.61964
4.61862
4.77849
4.61869
4.60375
4.61869
4.61927
4.68556
4.55927
4.68339
4.63728
4.62037
4.61852
4.61983
4.92039
4.61852
4.61895
4.61921
4.69692
4.85052
5.38414
4.63174
4.64753
4.758
4.62025
4.61115
4.9143
4.8158
4.61887
4.62002
4.64209
4.62222
4.61956
4.7468
4.70968
4.71918
4.61866
4.41953
4.63232
4.79123
4.62422
4.61889
4.62564
4.74647
4.62083
4.63093
4.68384
4.73609
4.73746
4.61907
4.61943
4.66882
4.64982
4.6187
4.61955
4.62476
4.61973
4.69699
4.61869
4.5444
4.6187
4.62065
4.62055
4.91608
4.61936
4.61946
4.94432
9.59997
9.21385
4.61892
4.61857
4.61934
4.61893
4.64565
4.65751
4.62006
4.70022
4.7695
4.64461
4.61924
4.94694
4.61876
4.62486
4.6188
4.44942
4.61906
4.6188
4.62076
4.61946
4.6193
4.64153
4.62187
4.65408
4.61919
4.66167
4.37774
4.80182
4.61881
4.61851
4.66492
4.61953
4.48612
4.61936
4.72279
4.61886
4.61959
4.66547
4.62069
4.68667
4.61898
4.54517
4.61951
4.62239
4.6188
4.48009
4.6202
4.61945
4.61894
4.63585
4.70152
4.61876
4.84685
4.62881
4.61884
4.61953
4.97792
4.61955
4.55003
4.64841
4.61694
4.61689
4.64342
4.73206
4.68225
4.62522
4.79094
4.62702
4.67559
4.61985
4.67699
4.6191
4.61966
4.78141
4.62006
4.69537
4.61891
4.66885
4.61923
4.61225
4.62013
4.61887
4.61543
4.62795
4.6192
4.68341
4.61939
4.54857
4.61887
4.65552
4.61856
4.62421
4.88073
4.61907
4.63259
4.61902
4.71189
4.61924
4.61892
4.98836
4.61852
4.64296
4.61822
4.54083
4.6795
4.61955
4.62187
4.62802
4.773
4.62926
4.61976
4.6189
4.61908
4.61916
4.51839
4.62755
4.33748
4.73866
4.61827
4.61869
4.77355
4.62642
4.61883
4.6187
4.62007
4.61941
4.63125
4.61985
4.62057
4.61892
4.6859
4.62807
4.62936
4.61974
4.61941
4.61933
4.64922
4.61908
4.62042
4.65095
4.71071
4.68848
4.61951
4.61958
4.89058
4.75823
4.61869
4.72216
4.61854
4.91372
5.14649
4.62001
4.862
4.69642
4.49743
4.65026
4.64081
4.61593
4.74644
4.72515
4.61813
4.67612
4.61881
9.23373
9.04666
9.84657
4.6386
4.61922
4.62125
4.6187
4.64344
4.61931
4.61958
4.61936
4.73252
4.69958
4.84617
4.61882
4.64937
4.63433
4.55605
4.61869
4.75314
4.79276
4.61896
4.61959
4.62242
4.7915
4.74405
4.67402
4.82163
5.10378
4.61881
4.67214
4.61894
4.61938
4.61956
4.61905
4.65018
4.66039
4.44633
4.61888
4.80502
4.61993
4.62012
4.62778
4.35718
4.63732
4.61937
4.61891
4.61922
4.61712
4.61877
4.61852
4.61976
4.74731
4.62387
4.64077
4.59327
4.86355
4.50841
4.61997
4.57956
4.62016
4.44155
4.75659
4.61805
4.61879
4.13502
4.61876
4.61926
4.62266
4.59896
4.61952
4.61936
4.61962
4.61882
4.7243
4.62565
4.61956
4.62056
4.67679
4.61887
4.62337
4.62012
4.67058
4.58612
4.61936
4.61857
4.61907
4.61954
4.61892
4.61925
4.42557
4.92275
4.63093
4.62757
4.64491
4.61852
4.61872
4.66424
4.61883
4.69781
4.61498
4.86058
4.61951
4.76445
4.61872
4.61735
4.6637
4.61954
4.61939
4.61869
4.53566
4.61927
4.67794
4.6541
4.77279
4.61845
4.61891
4.62702
4.65893
4.70553
4.61357
4.6187
4.61885
4.61851
4.61919
4.67497
4.61873
4.61907
4.79277
4.54148
4.63359
4.61367
4.66407
4.62297
4.61846
4.61985
4.66889
4.62018
4.61932
4.88079
4.61915
4.67062
4.66508
4.93915
4.61944
4.61858
4.61869
4.75257
4.62807
4.60771
4.61805
4.61931
4.72161
4.61949
4.62341
4.64139
4.61932
4.45449
4.62534
5.14481
4.61959
4.61875
4.61879
4.63524
4.60944
4.74626
4.81318
4.62846
4.63202
4.70366
4.61931
4.61879
4.61873
4.61881
4.63699
4.61923
4.68168
4.59948
4.56654
4.61936
4.61877
4.61891
4.60442
4.63038
4.63032
4.6195
4.61932
4.88902
4.62075
4.57291
4.6192
4.61879
5.23054
4.61933
4.61957
4.63181
4.59852
4.73854
4.6532
4.66341
4.62331
4.62202
4.61892
4.61894
4.62497
4.61469
4.97482
4.61963
4.61928
4.42871
4.7397
4.6383
4.3932
4.39939
4.61909
4.6188
4.61893
4.61985
4.61868
4.84558
4.62416
4.61992
4.92197
4.63862
4.61869
4.61904
4.61915
4.79602
4.61887
4.61792
4.62008
4.87605
4.64563
4.61873
4.61368
4.61926
4.61903
4.61821
4.6369
4.69091
4.8085
4.62271
4.64993
4.6187
4.42124
4.61906
4.61919
4.60191
4.68336
4.6229
4.62057
4.6236
4.61798
4.61944
4.64945
4.68716
4.68437
4.61857
4.61894
4.61928
4.61957
4.6187
4.6192
4.79089
4.96546
4.8872
4.14454
4.69922
4.61938
4.62201
4.60259
4.61982
4.68003
4.74884
4.6188
4.61927
4.63495
4.78375
4.63046
4.67145
4.87457
4.61966
4.78139
4.61956
4.61902
4.75221
4.82375
4.70327
4.61948
4.61934
4.61889
4.56811
4.61968
4.63528
4.61665
4.6187
4.6188
4.61891
4.66264
4.62193
4.61897
4.6188
4.6188
4.65676
4.62237
4.52882
4.61883
4.61902
4.85456
4.61981
4.61892
4.61851
4.65067
4.61936
4.86646
4.62374
4.61855
4.6187
4.6279
4.64783
4.62009
4.87272
4.63435
4.55463
4.65018
4.65142
4.61891
4.75549
4.706
4.90341
4.88504
4.71628
4.61872
4.75411
4.66372
4.6185
4.64909
4.61909
4.61919
4.68513
5.23475
4.61929
4.61882
4.61898
4.74085
4.75167
4.6194
4.60152
4.90201
4.60919
4.77189
4.61872
4.61881
4.7491
4.80766
4.61878
4.63179
4.61926
4.619
4.85425
4.75148
4.61852
4.62001
4.73415
4.58232
4.48554
4.77755
4.61949
4.63016
4.60235
4.61887
4.61938
4.61872
4.63137
4.61892
4.63351
4.70167
4.69672
4.61866
4.61941
4.61971
4.71255
4.6418
4.61876
4.6986
4.62369
4.61922
4.81756
4.61945
9.39314
4.6187
4.65819
4.69511
4.6025
4.61957
4.86382
4.54151
4.61897
4.61874
4.65363
4.61917
4.62247
4.6193
4.61935
4.66214
4.61906
4.62668
4.62785
4.61886
4.67785
4.61959
4.63178
4.39464
4.62913
4.61889
4.6808
5.14409
4.61904
4.56571
4.6194
4.61892
4.61939
4.61883
4.64938
4.61884
4.47693
4.88681
4.62266
4.73468
4.6189
4.63489
4.61911
4.62205
4.61997
4.6192
4.70061
4.62482
4.61888
4.61901
4.61885
4.72972
4.69719
4.62188
4.62076
4.61872
4.63151
4.89932
4.71796
9.24482
4.6193
4.67727
5.27794
4.62337
4.62937
4.62838
4.71957
4.73728
4.62661
4.56862
4.6189
4.61846
4.72775
4.61959
4.61926
4.61878
4.61822
4.62045
4.61791
4.61967
4.63219
4.77502
4.61875
4.63323
4.635
4.71043
4.83787
4.63146
4.61888
4.61969
4.68176
4.48031
4.61841
4.80405
4.62341
4.62696
4.68638
4.61989
4.61895
4.83436
4.61937
4.65099
4.61895
4.65662
4.6185
4.61871
4.61883
4.62401
4.66783
4.6187
9.89057
9.47147
4.60045
4.62037
4.60316
4.66124
4.62788
4.39321
4.56383
4.61544
4.83854
4.6601
4.76599
4.68111
4.61891
4.61906
4.61914
4.70301
4.72245
4.60341
4.61961
4.70401
4.66646
4.61909
4.61891
4.62098
4.61937
4.62417
4.65241
4.62354
4.61327
4.62122
4.79305
4.62414
4.61904
4.36259
4.61871
4.6185
4.61858
4.61873
4.61976
4.61892
4.61871
4.61872
4.77382
4.6189
4.61908
4.61886
4.61321
4.63201
4.61871
5.13503
4.64387
4.61871
4.63973
4.7452
4.61998
4.61861
4.61945
4.60446
4.61914
4.62112
4.61936
4.79004
4.62625
4.61957
4.80511
4.6188
4.6188
4.61903
4.61886
4.67439
4.61918
4.61767
4.64133
4.61871
4.65767
4.6826
4.77503
4.68014
4.71788
4.61944
4.61889
4.68061
4.64722
4.65493
5.1458
4.61906
4.61908
4.6193
4.61928
4.67309
4.87408
4.62595
4.61888
4.61932
4.61999
4.65097
4.81323
4.61871
4.61094
4.61979
4.52653
4.61987
4.62279
4.6685
4.61891
4.61917
4.61844
4.61944
4.78403
4.6187
4.6188
4.6193
9.58794
4.61886
4.61881
4.67537
4.61719
4.69224
4.61926
4.85832
4.69013
4.61906
4.61851
4.77876
4.95651
4.64111
4.62764
4.66615
4.62317
4.61974
4.61898
4.68764
4.51764
4.62443
4.5969
4.6759
4.57435
4.61969
4.61958
4.61867
4.53348
4.6198
4.62949
4.57902
4.61901
4.83935
4.73619
4.61908
4.63225
4.61947
4.69424
4.26957
4.61889
4.61945
4.85241
4.61922
4.62427
4.62774
4.61905
4.66058
4.67292
5.07104
4.61885
4.61392
4.61914
4.63467
4.61817
4.61878
4.61988
4.73746
4.61948
4.61934
4.61875
4.61891
4.62953
4.67241
4.70433
4.6198
4.75534
4.61958
4.68582
4.73203
4.6426
4.50707
4.61699
4.61966
4.6187
4.61808
4.6192
4.61929
4.61041
4.99469
4.31567
4.60486
4.40151
4.70046
4.61871
4.61882
4.58071
4.61886
4.83987
4.66298
4.62457
4.61871
4.61858
4.6091
4.64238
4.62249
4.6198
4.61903
4.66074
4.61873
4.61921
4.69359
4.69417
4.62085
4.61959
4.65895
4.61924
4.61918
4.61906
4.61875
4.84949
4.61885
4.64721
4.6511
4.61852
4.61916
4.6187
4.7856
4.61875
4.79051
4.61835
4.65482
4.62857
4.62331
4.65629
4.61976
4.87633
4.61925
4.62315
4.48081
4.6187
4.61877
4.62877
4.61881
4.61957
4.53019
4.57375
4.65178
4.6192
4.6187
4.60149
4.63514
4.53761
4.37531
4.61666
4.69227
4.62952
4.73287
4.61955
4.62311
4.65788
4.6187
4.65888
4.61361
4.61881
4.61917
4.61876
4.61869
4.61873
4.61911
4.61973
4.62122
4.9085
4.61915
4.61931
4.78472
4.62947
4.9091
4.61924
4.75085
4.6187
4.61799
4.63118
4.73976
4.61881
4.59897
4.62922
4.41065
4.61888
4.61928
4.61888
4.61882
4.63403
4.37134
4.25096
4.60238
4.73698
4.61894
4.61916
4.61881
4.67863
4.61919
4.71627
4.80625
4.74815
4.61925
4.61889
4.61913
4.62557
4.61892
4.61893
4.61871
4.4088
4.62399
4.62729
4.88433
4.63941
4.63114
4.69497
4.95087
4.61922
4.6187
4.61815
4.68965
4.61879
4.61879
4.61852
4.61884
4.81446
4.61961
4.78763
4.73868
4.66798
4.61938
4.61871
4.64079
4.60285
4.73384
5.09222
4.64611
4.96598
4.80742
4.61942
4.61948
4.61902
4.94748
4.61921
4.6187
4.70934
4.62863
4.8625
4.61931
4.61984
4.87208
4.76332
4.36519
4.6525
4.78776
4.62737
4.60994
4.87322
4.87253
4.74162
4.61976
4.61876
4.99359
4.61956
4.62753
4.69624
4.61812
4.61871
4.6187
4.61914
4.62347
4.61903
4.7404
4.63682
4.61877
4.6187
4.61852
4.61904
4.61951
4.69628
4.61881
4.56638
4.61914
4.65999
4.61945
4.77123
4.61908
4.61886
4.58496
4.62746
4.63344
4.94698
4.6223
4.62002
4.62096
4.6188
4.79272
4.61887
4.68956
4.61868
4.67559
4.61886
4.61914
4.6187
9.51386
4.61878
4.6187
4.61805
4.61856
4.77318
4.6188
4.6492
4.64796
4.94939
4.43246
4.61941
4.65219
4.63235
4.6522
4.62326
4.61906
4.61872
4.63215
4.65316
4.61919
4.61918
5.3134
4.79119
4.61886
4.63242
4.92743
4.62945
4.61972
4.66509
4.91883
4.61872
4.61871
4.63871
4.61816
4.61905
4.6187
4.7102
4.61896
4.61909
4.62962
4.61958
4.62687
4.61876
4.6187
4.61871
4.7055
4.85595
4.6188
4.88724
4.62455
4.64566
4.61136
4.61967
4.61909
4.6193
4.58182
4.91301
4.61956
4.76757
4.62629
4.62093
4.66137
4.68687
4.6196
4.61997
4.86778
4.79378
4.48011
4.61936
4.61907
4.68064
4.77178
5.3521
4.58339
4.6187
4.61859
4.61882
4.56909
4.67735
4.52373
4.6196
4.65662
4.61879
4.61835
4.61882
4.61906
4.61858
4.62816
4.67086
4.6185
4.61925
4.61914
4.62785
4.61919
4.61945
4.8868
4.61874
4.61879
4.61935
4.6187
4.61677
4.61987
4.61914
4.6336
4.47323
4.86085
4.56322
4.60998
4.90403
4.61937
4.6187
4.63555
4.61871
4.61874
4.61945
4.63507
4.39451
4.67211
4.61869
4.62513
4.64486
4.60604
4.6963
4.61904
4.70654
4.61884
4.83378
4.65185
4.78209
4.61896
4.61912
4.61893
4.61914
4.61902
4.80209
4.69936
4.59394
4.61956
4.6732
4.69078
4.61736
4.61959
4.65939
4.6195
4.61932
4.61911
4.6193
4.4865
4.61889
4.61874
4.61915
4.61426
4.61931
4.61909
4.61699
4.61886
4.45645
4.61778
4.61852
4.70632
4.6187
4.60504
4.7079
4.62126
4.74193
4.67669
4.56341
4.5
4.61881
4.61871
4.61961
4.61904
4.6316
4.61015
4.47435
4.64077
4.55768
4.61964
4.61927
4.61917
4.62515
4.63142
4.61871
4.94385
4.61888
4.61871
4.61853
4.70798
4.62342
4.95424
4.82962
4.61869
4.61894
4.6416
4.70691
4.37121
4.62815
4.64212
4.61961
4.61884
4.61889
4.61872
4.61603
4.61876
4.6206
4.75735
4.63788
4.61958
4.77696
4.63771
4.61914
4.6187
4.61949
5.2909
4.61922
4.61908
4.61871
4.61912
4.6233
4.46565
4.61861
4.61729
4.87502
4.62399
4.61943
4.61666
4.6204
4.67657
4.62182
4.72847
4.64483
4.88291
4.61871
4.61885
4.61911
4.61885
4.71543
4.66052
4.56783
4.61813
4.6187
4.61912
4.61877
4.61915
4.61882
4.6195
4.61499
4.63305
4.8222
4.63241
4.62507
4.61869
4.6189
4.78709
4.61885
4.73214
4.46787
4.61903
4.62352
4.61906
4.6921
4.74069
4.85897
4.61694
4.63983
4.61871
4.61871
4.62861
4.64202
4.61835
4.61911
4.77004
4.6187
8.77844
4.61961
4.69763
4.6191
4.93284
4.61889
4.6755
4.61922
4.66558
4.84443
4.63529
4.65675
4.80974
4.77881
4.67743
4.61909
4.61908
4.57664
4.61839
4.6453
4.44745
4.70133
4.50193
4.61903
4.6182
4.61871
4.6187
4.61882
4.61904
4.61871
4.61913
4.61909
4.64229
4.61785
4.5632
4.61883
4.62184
4.61907
4.62867
4.61871
4.61889
4.61884
4.65863
4.61907
4.61909
4.61835
4.61795
4.72221
4.61872
4.6191
4.6187
4.65405
4.64779
4.69542
4.81009
4.61909
4.61986
4.60332
4.6187
4.61881
4.66968
4.79742
4.88602
4.6187
4.61883
4.9353
4.61909
4.61888
4.62404
4.61872
4.61959
4.67686
4.59704
4.61882
4.61913
4.6191
4.43694
4.6346
4.61898
4.6219
4.74085
4.6187
4.61878
4.61874
4.61929
4.62072
4.61826
4.70485
4.61872
4.63349
4.61899
4.6185
4.61673
4.61232
4.71175
4.62079
4.61921
4.65607
4.6188
4.61881
4.61887
4.62033
4.61909
4.77023
4.90363
4.6164
4.61965
4.61835
4.8549
4.71097
4.6188
4.61918
4.79403
4.61871
4.61906
4.66242
4.90126
4.61872
4.90194
4.6192
4.68104
4.6187
4.62677
4.90017
4.619
4.70829
4.64356
4.6191
4.61869
4.59411
4.61905
4.62501
4.62154
4.77199
4.61896
4.61877
4.61882
4.6188
4.61962
4.68485
4.61902
4.6481
4.61901
4.61903
4.61853
4.61883
4.61853
4.61888
4.56733
4.61946
4.61835
4.619
4.62599
5.06725
4.67566
4.61952
4.62242
4.61912
4.61908
4.70056
4.77563
4.64914
4.65946
4.6255
4.61865
4.62854
4.61893
4.61882
4.46052
4.62272
4.87291
4.69337
4.61853
4.61856
4.61905
4.61874
4.61903
4.70537
4.6189
5.41262
4.61918
4.61952
4.62013
4.61931
4.65495
4.61806
4.61886
4.61948
4.63845
4.62381
4.61962
4.61897
4.67017
4.61904
4.63087
4.61871
4.61888
4.61959
4.61867
4.61952
4.61851
4.78976
4.61927
4.61878
4.77252
4.6268
4.61885
5.14559
4.61847
4.72504
4.61901
4.76431
4.52948
4.63707
4.59549
4.61882
4.96198
4.61903
4.6187
4.85102
4.61907
4.61879
4.65616
4.72752
4.95782
4.6195
4.61882
4.83574
4.62666
4.65875
4.61907
4.64564
5.76219
4.6317
4.6196
4.61845
4.79488
4.61959
4.61935
4.76875
4.61871
4.61868
4.61874
4.79327
4.87049
4.61917
4.71209
4.61901
4.63425
4.61935
4.668
4.61936
4.61814
4.61883
4.71546
4.61874
4.61937
4.56846
4.65362
4.61883
4.61872
4.61943
4.61543
4.57988
4.61881
4.84935
4.38523
4.67215
4.73818
4.64166
4.61706
4.61946
4.61879
4.6206
4.68852
4.61915
8.96065
4.6309
4.86686
4.61854
4.61856
4.64841
4.52717
4.62258
4.62936
4.88056
4.61928
4
4.90636
4.61808
4.61928
4.86237
4.61878
4.61892
4.61949
4.84398
4.61915
4.61867
4.59654
4.61411
4.61903
4.54928
4.80338
4.61903
4.61962
4.68816
4.61831
4.61879
4.73102
4.61923
4.61858
4.61874
4.61878
9.55145
4.84262
4.77026
4.67206
4.61903
4.61993
4.86519
4.61922
4.75262
4.62005
4.69464
4.61996
4.61936
4.68334
4.6188
4.61958
4.61871
4.51067
4.78203
4.95203
4.6188
4.66237
4.78913
4.61871
4.61871
4.56315
4.61871
4.61884
4.60885
4.6187
4.61878
4.96579
4.59312
4.59877
4.62006
4.83028
4.61881
4.64815
4.61905
4.61908
4.73079
4.78038
4.62037
5.31878
4.61807
4.74975
4.63714
4.6188
4.66047
4.6192
4.61871
4.65177
4.62539
4.62143
4.67592
4.61902
4.7144
4.6195
4.61908
4.49391
4.75376
4.6187
4.61054
4.59422
4.61903
4.59585
4.66286
4.61871
4.87014
4.85817
4.64389
4.76426
4.74717
4.61907
8.93748
4.61924
4.64084
4.71693
4.61924
4.63123
4.70877
4.51251
4.61878
4.4483
4.91586
4.05679
4.66184
4.61871
4.62186
4.61829
4.601
4.61877
4.61952
4.61871
4.6281
4.61871
4.6187
4.61808
4.619
4.61871
4.61881
4.61637
4.62363
4.56469
4.7413
9.25496
4.64576
4.61901
4.62022
4.62629
4.60333
4.8493
4.61865
4.61959
4.61952
4.59087
4.61964
4.78928
4.63225
4.61946
4.61902
4.68125
4.6196
4.6204
4.61917
4.66705
4.61865
4.65428
4.62656
4.61878
4.69662
4.61806
4.19724
4.7088
4.61868
4.61871
4.61871
4.61963
4.61904
4.6195
4.6193
4.61853
4.44138
4.61881
4.61903
4.71669
4.62178
4.6448
4.76692
4.61875
4.5724
4.85808
4.61957
4.619
4.61975
4.81754
4.64429
4.61922
4.60917
4.62415
4.61881
4.61914
4.61942
4.61887
4.63472
4.61871
4.54631
4.73836
4.61946
4.5969
4.61865
4.61964
4.61907
4.61853
4.73863
4.61902
4.61964
4.61929
4.61917
4.61956
4.63929
4.61948
4.61851
4.61942
4.40557
4.27571
4.67674
4.61907
4.86681
4.6195
4.64205
4.619
4.61957
4.64154
4.6204
4.61916
4.67007
4.6207
4.61944
4.619
4.76835
4.61954
4.87802
4.65413
4.61879
4.61872
4.80271
4.58656
4.88478
4.66014
4.61874
4.56712
4.61879
4.6191
4.61505
4.61895
4.84982
4.99876
4.7988
4.62301
4.61864
4.63304
4.65081
4.627
4.62855
4.63277
4.62995
4.61523
4.61899
4.58925
4.62007
4.5918
4.61882
9.84867
4.9416
4.88979
9.14695
4.62985
4.80384
4.71246
4.61904
4.87625
4.61865
4.61894
4.52031
4.61904
4.53011
4.76479
4.65934
4.62807
4.61812
4.61872
4.70231
4.61918
4.61893
4.63606
4.61888
4.6188
4.61805
4.61874
4.62524
4.61906
4.61424
4.5022
4.6727
4.72012
4.51469
4.63404
4.62746
4.73297
4.6193
4.61635
4.74391
4.85894
4.74672
4.61894
4.62241
4.61926
4.94928
4.61974
4.62433
4.61868
4.6188
4.83886
4.61886
4.6196
4.60413
4.61898
4.63275
4.86905
4.82399
4.61871
4.6183
4.61878
4.61899
4.89873
4.61881
4.50966
4.61872
4.61906
4.66184
4.61917
4.61921
4.61856
4.61916
4.61907
4.56868
4.73701
4.65263
4.71789
4.63307
4.65616
4.61879
4.61871
4.61918
4.6472
4.61892
4.61872
4.62034
4.63252
4.84315
4.6166
4.66714
4.61912
4.73169
4.61902
4.61849
4.61892
4.64836
4.61877
5.15168
4.61883
4.62149
4.67681
4.63523
4.61938
4.61964
4.61922
4.61894
4.66304
4.62985
4.61872
4.61902
4.61871
4.61871
4.61873
4.61898
4.61965
4.61913
4.62298
4.61929
4.62709
4.79796
4.61966
4.6189
4.61872
4.71382
4.61873
4.53157
4.61898
4.63484
4.62447
4.64838
4.98873
4.61871
4.61871
4.61828
4.65446
4.80061
4.56238
4.63483
4.61883
4.57316
4.61871
4.74762
4.61965
4.78068
4.61805
4.6274
4.70366
4.6586
4.61871
4.85812
4.63471
4.61853
4.65417
4.62072
4.67298
4.72658
4.45225
5.00222
4.61879
4.61936
4.64485
4.64671
4.61915
4.61919
4.49388
4.61873
4.66026
4.63054
4.61894
4.61877
4.61893
4.83771
4.6592
4.49681
4.61943
4.95903
4.52424
4.61902
4.6188
4.6186
4.6735
4.90845
4.6188
4.61861
4.9019
4.61934
4.62048
4.61854
4.80039
4.69784
4.61876
4.61897
4.73116
4.66538
4.61848
4.61878
4.61897
4.66261
4.61857
4.64666
4.62412
4.59621
4.61871
4.54076
4.61904
4.80116
4.62853
4.61885
4.64058
4.61897
4.61899
4.61929
4.6189
4.65259
4.59622
4.74696
4.6193
4.51081
4.80715
4.61848
4.61902
4.64022
4.78614
4.44095
4.61898
4.61881
4.61882
4.61873
4.61902
9.12467
4.61893
4.61905
4.6193
4.89066
4.94866
4.4063
4.61867
4.61905
4.61844
4.61819
4.65654
4.7456
4.7131
4.62757
4.51093
4.61203
4.89534
4.85817
4.61928
4.61965
4.33571
4.61896
4.61871
4.32663
4.84236
4.94476
4.61871
4.61894
4.61892
4.65633
4.61871
4.69305
4.61871
4.93904
4.61871
4.62251
4.61763
4.65809
4.61873
4.6192
4.62025
4.09708
4.71517
4.61871
4.74807
4.62803
4.66067
4.61873
4.62436
4.69927
4.90093
4.67572
4.61851
4.62128
4.61805
4.58908
4.07845
4.61885
4.53613
4.61871
4.62149
4.61884
4.61871
4.59513
4.91314
4.654
4.61896
4.91798
4.61874
4.61878
4.65795
4.72407
4.61871
4.64907
4.62585
4.61879
4.6187
4.61897
4.636
4.64204
4.61891
4.42288
4.61874
4.61891
4.4435
4.33742
4.62822
4.66585
4.63784
4.63449
4.619
4.77419
4.61884
4.61895
4.6611
4.61932
4.61871
4.61144
4.654
4.6187
4.90323
4.66389
4.66784
4.61882
4.64801
4.61872
4.37189
4.64361
4.61436
4.66555
4.61931
4.6189
4.61877
4.83505
4.61888
4.61894
4.61902
4.86651
4.61918
4.83591
4.62753
4.61873
4.61966
4.63349
4.62701
4.61879
4.59639
4.61895
4.65819
4.61904
4.65337
4.70498
4.41072
4.62616
4.6192
4.54155
4.90148
4.63862
4.61872
4.61882
4.76092
4.63371
4.69913
4.70879
4.40299
4.61932
4.61882
4.61873
4.61888
4.95257
4.43735
4.65034
4.61932
4.67291
4.44825
4.6186
4.61871
4.55723
4.61891
4.8155
4.78781
4.61896
4.79778
4.6186
4.62519
4.61872
4.61872
4.64303
4.61877
4.61901
4.62867
4.61932
4.61923
4.65694
4.67496
4.61904
4.79526
4.61892
4.65135
4.66968
4.86907
4.65274
4.73433
4.61877
4.606
4.65214
4.61862
4.47283
4.94638
4.61871
5.06343
9.23929
9.37536
8.48658
4.61817
4.90289
4.62808
4.61874
4.61872
4.81113
4.81073
4.50223
4.61901
4.64942
4.61905
4.61872
4.45039
4.61922
4.61971
4.60963
4.76296
4.61917
4.61894
4.69035
4.62173
4.61873
4.61876
4.61872
4.61871
4.80436
4.63437
4.47169
4.61871
4.43517
4.62088
4.61881
4.61894
4.61859
4.7804
4.17213
4.6193
4.44541
4.61908
4.76042
4.6188
4.61772
4.61919
4.65454
4.61918
4.61872
4.61975
4.71653
4.7132
4.93758
4.61882
4.61893
4.59612
4.64501
4.6613
4.94558
4.83635
4.61872
4.61878
4.63032
4.9222
4.61901
4.65066
4.75656
4.61893
4.6188
4.82682
4.61876
4.68986
4.61895
4.64473
4.9065
4.61889
4.63736
4.77296
4.6194
4.61872
4.73532
4.61874
4.85251
4.69739
4.6188
4.7004
4.53861
4.72381
4.61966
4.61872
4.65532
4.61877
4.38809
4.61901
4.61871
4.98315
4.6383
4.61896
4.49145
4.61863
4.58974
4.7312
4.61954
4.61853
4.61827
4.7859
4.65766
4.61893
4.61891
4.87648
4.62239
4.61872
4.54518
4.6352
4.57795
4.61903
4.61934
4.61876
4.61901
4.61881
4.61875
4.82957
4.61874
4.77298
4.6195
4.62015
4.6267
4.62691
4.61991
4.61949
4.61872
4.61874
5.02295
4.61871
4.91199
4.72491
4.5631
4.61879
4.64124
4.61917
4.61872
4.7938
4.87312
4.61817
4.87267
4.61872
4.6191
4.61872
4.93949
4.54391
4.61871
4.60644
4.61857
4.61919
4.61898
4.53446
4.60909
4.61877
4.68935
4.61903
4.61872
4.64027
4.60997
4.65294
4.62406
4.61892
4.77258
4.78771
4.61872
4.71678
4.63591
4.65583
4.67795
4.61736
4.61748
4.63216
4.61879
4.61892
4.86198
4.61917
4.74126
4.62298
4.61871
4.62447
4.61883
4.61895
4.64833
4.62227
4.64098
4.61871
4.61879
4.61872
4.61967
4.41092
4.61881
4.61934
4.61872
4.63441
4.62201
4.60231
4.61881
4.73586
4.61893
4.61645
4.61879
4.6202
4.61958
4.68203
4.61874
4.61214
4.61894
4.66324
4.71819
4.61884
4.60988
4.74838
4.57846
4.61866
4.61968
4.61954
4.61875
4.64071
4.61947
4.63135
4.6191
4.61888
5.11271
4.61871
4.61878
4.61939
4.61879
4.71789
4.61879
4.61863
4.62749
4.61876
4.61872
4.80787
4.62939
4.48473
4.61872
4.61869
4.61888
4.61873
4.66466
4.61876
4.61904
4.61925
5.01938
4.61892
4.61887
9.39618
4.63015
4.61574
4.61893
4.68791
4.64594
4.62331
4.61879
4.71819
4.58667
4.60819
4.66639
4.61879
4.64284
4.95467
4.61872
4.64105
4.61966
4.6181
4.88443
4.61888
4.7889
4.61902
4.64437
4.61882
4.61968
4.61891
4.61873
4.7078
4.96194
4.10673
4.80814
4.48005
4.6188
4.30476
4.61871
4.61827
4.36303
4.61908
4.70169
4.61581
4.61903
4.61948
4.61903
4.73467
4.61881
4.61885
4.6188
4.61874
4.54544
4.61878
4.53811
4.61885
4.61445
4.92138
4.61902
4.59932
4.64311
4.62989
4.47128
4.61887
4.62906
4.61876
4.4789
4.61876
4.61871
4.7024
4.61871
4.61871
4.62054
4.87693
4.62069
4.59186
4.6189
4.24939
4.53992
4.6141
4.61909
4.61858
4.64729
4.46091
4.82321
4.61846
4.80286
4.61903
9.21396
4.63151
4.61871
4.61871
4.61873
4.8134
4.6325
4.61969
4.63254
4.61872
4.93256
4.61967
4.78725
4.61873
4.77236
4.6201
4.61891
4.61873
4.24128
4.61871
4.66806
4.68402
4.63362
4.61882
4.61871
4.61825
4.91704
4.64673
4.61901
4.6164
4.57498
4.60512
4.62442
4.61873
4.61882
4.61881
4.61892
4.84997
4.61876
4.61871
4.61531
4.75829
4.52938
4.71925
4.62103
4.61881
4.76456
4.63653
4.61896
4.61871
4.62229
4.61887
4.61876
4.61647
4.61871
4.61878
4.61876
4.63211
4.66859
4.66116
4.73895
4.61897
4.61881
4.61977
4.63065
4.61878
4.62962
4.621
4.61907
4.68611
4.62017
4.99682
4.52579
4.90523
4.61871
4.63998
4.62822
4.63876
4.6188
4.94755
4.62362
4.62102
4.61974
4.61876
4.81987
4.61965
4.85681
4.62033
4.63643
4.72254
4.62843
4.61873
4.61894
4.61878
4.79542
4.92737
4.61903
4.61912
4.61191
4.64253
4.62134
4.61891
4.61933
4.61939
4.54392
4.84418
4.61876
4.64928
4.13046
4.62281
4.62102
4.61903
4.63683
4.6242
4.61871
4.6188
4.63588
4.61896
4.63192
4.61251
4.61868
4.71961
4.61871
4.59609
4.61879
4.65841
4.63236
4.61893
4.61903
4.61868
4.52981
4.6189
4.6189
4.64271
4.62381
4.61889
4.61881
4.61895
4.61872
4.77875
4.6189
4.61874
4.61861
4.63632
4.61871
4.4444
4.73609
4.49657
4.619
4.61894
4.61871
4.62218
4.6263
4.61958
4.61898
4.61665
4.6288
4.65991
4.61967
4.61877
4.61902
4.62319
4.73531
4.61871
4.62117
4.52151
4.61918
4.61872
4.93738
4.8224
4.61878
4.97747
4.73438
4.89529
4.63327
4.61807
4.6186
4.82666
4.67902
4.68772
4.61854
4.62111
4.61906
4.61903
8.91769
9.89875
4.72123
4.66612
4.61805
4.61872
4.6189
4.62001
4.61888
4.61897
5.05205
4.61872
4.61881
4.62015
4.61872
4.61865
4.61872
4.86717
4.95994
4.61875
4.62027
4.66391
4.61886
4.61889
4.61871
4.619
4.61568
4.61945
4.87882
4.91429
4.61885
4.62853
4.79221
4.53192
4.48893
4.61871
4.61873
4.92493
4.82475
4.62436
4.61854
4.72062
4.61871
4.61877
4.66066
4.61885
4.62176
4.61861
4.61944
4.67554
4.65482
4.76476
4.93704
4.60486
4.61876
4.61876
4.61853
4.61878
4.61979
4.6636
4.6189
4.61894
4.45941
4.61854
4.61988
4.61884
4.62749
4.61871
4.52397
4.61889
4.54407
4.61968
4.90982
4.48636
4.82696
4.61871
4.61877
4.61879
4.61871
4.6435
4.61885
4.6188
4.61918
4.62577
4.61737
4.57917
4.61967
4.75767
4.63353
4.61917
4.63716
4.62462
4.61876
4.6189
4.62335
4.62468
4.61396
4.61904
4.63575
4.61502
4.63595
4.65434
4.61877
4.61898
4.61872
4.6181
4.61871
4.80372
4.61876
4.61891
4.61968
4.61872
4.61889
4.61907
4.62285
4.61868
4.6294
4.75002
4.72103
4.63988
4.61872
4.61969
4.85579
4.62955
4.61854
4.61872
4.62885
4.61875
4.61887
4.6213
4.61872
4.61855
4.9079
4.85725
4.61888
4.70238
4.61874
4.62057
4.89703
4.62673
4.61875
4.61931
4.61891
4.61872
4.61871
4.91967
4.61872
4.61871
4.61877
4.79199
4.61926
4.62469
4.61827
4.81452
4.61791
4.60251
4.64631
4.61871
4.61852
4.63086
4.61883
4.61872
4.62443
4.83987
4.61782
4.64524
4.62024
4.62159
4.66002
4.61877
4.57087
4.64043
4.61873
4.65773
4.61872
4.61877
4.85136
4.9024
4.62234
4.61874
4.62589
4.61872
4.6188
4.72198
4.61888
4.6654
4.46968
4.63798
4.64937
4.50671
4.62839
4.73238
4.61884
4.61922
4.61871
4.63064
4.61878
4.61871
4.61736
4.62848
4.56545
4.59459
4.65339
4.61877
4.64916
4.61877
4.61819
4.61887
4.84463
4.61903
4.61903
4.6176
4.6353
4.61877
4.61881
4.62465
4.62011
4.65703
4.63313
4.61889
4.62077
4.61886
4.88951
4.79331
4.86775
4.59648
4.61961
4.61903
4.46118
4.90993
4.62553
4.61886
4.6188
4.6456
4.66614
4.74042
4.61876
4.70188
4.61887
4.64492
4.81902
4.80719
4.64444
4.61857
4.74554
4.61902
4.79983
4.66187
4.61872
4.61908
4.61898
4.61889
4.65061
4.61873
4.62263
4.96288
4.61875
4.61876
4.619
4.61881
4.79333
4.61866
4.70492
4.65734
4.61814
4.61872
4.60772
4.61872
4.61899
4.62004
4.65503
4.61969
4.6186
4.61865
4.61912
4.61897
4.61874
4.72829
4.61893
4.58563
4.61886
4.83999
4.79028
4.61877
4.61807
4.61991
4.61877
4.61808
4.61939
4.68117
4.61856
4.61871
4.61908
4.68935
4.6184
4.62733
4.61893
4.80603
4.61874
4.61859
4.61969
4.61845
4.61886
4.61875
4.68044
4.61882
4.80137
4.61878
4.61889
4.72245
4.82083
4.79384
4.61907
4.61873
4.61888
4.6044
4.46529
4.61872
4.61879
4.63416
4.61879
4.61895
4.61873
4.61881
4.68827
4.61861
4.61871
4.64491
4.61902
4.62933
4.63926
4.75032
4.82258
4.63136
4.61878
4.61884
4.61872
4.66313
4.61665
4.55982
4.62716
4.61902
4.62256
4.75528
4.61871
4.68115
4.61914
4.61881
4.62835
4.62247
4.61875
4.66177
4.61948
4.61897
4.65152
4.61881
4.29478
4.61873
4.61883
4.61871
4.61871
4.63512
4.61863
4.61883
4.61872
4.61873
4.61886
4.62119
4.74751
4.61906
5.09085
4.61876
4.62897
4.61877
4.61874
4.6189
4.61871
4.62864
4.61872
4.67564
4.61872
4.61916
4.61879
4.6188
4.61588
4.61871
9.22004
9.19495
4.62051
4.61926
4.72845
4.61875
4.61918
4.99245
4.80363
4.61874
4.64133
4.621
4.49113
4.59979
4.61872
4.6342
4.62476
4.61934
4.62104
4.61898
4.61898
4.61872
4.6193
4.62955
4.61901
4.61883
4.61872
4.61906
4.64152
4.79432
4.62008
4.61844
4.61873
4.61876
4.77397
4.61915
4.61884
4.619
4.6357
4.61872
4.64374
4.79744
4.61882
4.62416
4.60646
4.62538
4.62925
4.43959
4.64472
4.62172
4.57783
4.6188
4.63432
4.61935
4.6189
4.61873
4.61949
4.70112
4.71312
4.61872
4.61875
4.62044
4.65015
4.61878
4.37867
4.61932
4.61872
4.61876
4.62359
4.61879
4.61872
4.61881
4.61915
4.73362
4.61957
4.55512
4.6197
4.61872
4.60031
4.618
4.61872
5.11058
4.62107
4.90238
4.61888
4.61524
4.61872
4.55971
4.62522
4.74483
4.61874
4.61935
4.61903
4.67458
4.61955
9.24282
4.6188
4.34835
4.61878
4.82907
4.61899
4.61706
4.61903
4.62399
4.61854
4.61876
4.63007
4.62064
4.58629
4.61872
4.6197
4.61897
4.61885
4.61874
4.61926
4.62
4.61904
4.61863
4.62038
4.72919
4.62219
4.62046
4.72387
4.6216
4.95569
4.61913
4.61875
4.61887
4.61903
4.61971
4.61872
4.61872
4.90705
4.61913
4.61878
5.19366
4.76266
4.61881
4.42432
4.61872
4.53009
4.61885
4.61872
4.61872
4.63311
4.61902
4.62219
4.61892
4.61877
8.96991
9.69302
9.72631
4.61881
4.64106
4.71447
4.61873
4.64489
4.62651
4.62886
4.64717
4.61872
4.61872
4.61871
4.80677
4.61882
4.61941
4.61872
4.67288
4.48363
4.61883
4.61896
4.61871
4.61873
4.81933
4.61871
4.62395
4.76462
4.61888
4.61873
4.70633
4.61937
4.61877
4.7048
4.61872
4.61872
4.61872
4.61889
4.61877
4.66827
4.61876
4.61855
4.51358
4.62256
4.6187
4.62543
4.61877
4.61873
4.63365
4.61883
4.6576
4.61872
4.61872
4.78562
4.91661
4.61872
4.61872
4.60424
4.63292
4.61881
4.61903
4.6188
4.75886
4.61854
4.61941
4.61885
4.61872
4.64163
4.61892
4.61871
4.64163
4.6181
4.62831
4.63753
4.61873
4.61872
4.86947
4.71444
4.61872
4.61914
4.61873
4.47691
4.61952
4.61816
4.59721
4.61883
4.61086
4.87958
4.61883
4.61873
4.61872
4.86615
4.61885
4.61874
4.61881
4.61874
4.64264
4.61872
4.67971
4.62426
4.61784
4.6191
4.56819
4.65173
4.61884
4.60887
4.61903
4.6242
4.62278
4.62615
4.62384
4.84257
4.87706
4.61876
4.61881
4.619
4.61874
4.61886
4.61877
4.65115
4.61911
4.74633
4.61876
4.61886
4.61854
9.36743
8.67289
4.56116
4.61885
4.61854
4.61872
4.61874
4.61895
4.61935
4.61961
4.6197
4.61838
4.67671
4.6188
4.61289
4.61882
4.74152
4.61884
4.63269
4.61935
4.62722
4.6218
4.61958
4.61871
4.62765
4.64257
4.61979
4.95309
4.61902
4.71402
4.61881
4.61885
4.61872
4.70816
4.59427
4.61902
4.72529
4.61699
4.61896
4.61797
4.61885
4.63525
4.61873
4.61901
4.6196
4.61873
4.61872
4.61899
4.61872
4.61872
4.62404
4.61877
4.93561
4.61872
4.61872
4.71354
4.64071
4.88817
4.61867
4.63408
4.50934
4.63664
4.61876
4.62037
4.6188
4.75443
4.61876
4.61978
4.61868
4.6188
4.65797
4.67122
4.63238
4.7182
4.61878
4.61875
4.61884
4.61884
4.61884
4.64364
4.61874
4.62296
4.61892
4.69762
4.61873
4.67899
4.62175
4.61947
4.63756
4.76153
4.43311
4.61857
4.61971
4.61888
4.61543
4.61902
4.62973
4.96119
4.80484
4.61881
4.77619
4.60154
4.71583
4.61874
4.76146
4.80143
4.61881
4.61871
4.71492
4.61876
4.62125
4.61723
4.62424
4.61876
4.66213
4.61897
4.61902
4.62121
4.61915
4.85297
4.61882
4.61882
4.79723
4.66214
4.61875
4.33874
4.61182
4.61878
4.62907
4.61872
4.35649
4.61897
4.61875
4.64914
4.61871
4.61855
4.6189
4.63403
4.61872
4.61872
4.62454
4.58499
4.73968
4.62687
4.95728
4.61972
4.61693
4.61872
4.61872
5.18026
4.63797
4.58864
4.61883
4.46237
4.61892
4.6648
4.61972
4.61872
4.63031
4.82357
4.83999
4.61902
4.6321
4.619
4.61882
4.62104
4.64167
4.61873
4.62419
4.82865
4.61872
4.61874
4.61873
4.63999
4.48781
4.47408
4.69547
4.62384
4.73627
4.61878
4.70946
4.61872
4.61872
4.61873
4.89916
4.79352
4.61881
4.61934
4.61889
4.63979
4.61986
4.61885
4.61851
4.65115
4.61884
4.72671
4.59888
4.61893
4.88058
4.61881
4.619
4.61872
4.62005
4.65016
4.61823
4.59487
4.6308
4.61715
4.65973
4.73188
4.6213
4.54708
4.61881
4.61875
4.6188
4.62455
4.62952
4.61871
4.61872
4.61871
4.61873
4.61863
4.62923
4.82144
4.61891
4.61875
4.1108
4.61828
4.61875
4.64506
4.6581
4.54095
4.61872
4.61872
4.64699
4.619
4.61877
4.61913
4.61883
4.57658
4.61504
4.61875
4.61872
4.76856
4.61882
4.61872
4.3366
4.61851
4.631
4.6188
4.31515
4.6189
4.61869
4.61886
4.64768
4.61872
4.61876
4.62425
4.61666
4.65579
4.92063
4.89317
4.61926
4.6329
4.61874
4.61961
4.61874
4.63862
4.71764
4.61876
4.61872
4.6236
4.66954
4.62938
4.5912
4.66046
4.6116
4.6188
4.62507
4.80587
4.6844
4.59122
4.61882
4.79589
4.62211
4.61872
4.60238
4.62792
4.61911
4.61872
4.6187
4.71075
4.61871
4.61872
4.62057
4.6186
4.6188
4.61866
4.62129
4.57693
4.71719
4.6188
4.54584
4.6187
4.61905
4.62395
4.61902
4.61522
4.70574
4.61873
4.61811
4.61655
4.61431
4.61902
4.61882
5.47051
4.61874
4.52821
4.62148
4.6188
4.61871
4.61871
4.66953
4.61883
9.60997
4.63263
4.61861
4.61872
4.82182
4.61727
4.61872
4.59614
4.48913
4.61877
4.61881
4.6215
4.61872
4.61872
4.58104
4.61875
4.57276
4.49808
4.62738
4.61972
4.56162
4.53883
4.74897
4.61884
4.61872
4.61868
4.61905
4.61855
5.25231
4.61873
4.6186
4.61899
4.63516
4.61874
4.81607
4.63252
4.66231
4.65128
4.61872
4.61874
4.61872
4.67606
4.61916
4.61872
4.63935
4.61875
4.61872
4.61872
4.6188
4.61855
4.66958
4.7898
4.61871
4.93302
5.11928
4.61872
4.61967
4.61874
4.61872
4.61871
4.62094
4.63643
4.65623
4.61872
4.61731
4.61872
5.34338
4.619
4.59426
4.61872
4.61872
4.61863
4.61859
4.83137
4.64484
4.61881
4.79638
4.65718
4.61786
4.61885
4.52062
4.61896
4.61875
4.6555
4.55905
4.63008
4.67754
4.92515
4.61873
4.61414
4.62446
4.61882
4.86532
4.6189
4.44024
4.61902
4.49175
4.61877
4.61876
4.61643
4.92919
4.61872
4.61899
4.61945
4.61872
4.60527
4.28586
4.63842
4.88731
4.61884
4.61871
4.61902
4.61948
4.6188
4.61878
4.61871
4.61874
4.6196
4.65303
4.61852
4.63769
4.67581
4.98764
4.61872
4.6187
4.61869
4.6188
4.54334
4.61891
4.61872
4.61884
4.61872
4.60795
4.61871
4.61824
4.61873
4.67826
4.72582
4.61881
4.61874
4.77293
4.62558
4.62347
4.61883
4.61873
4.61916
4.63302
4.62116
4.61871
4.61892
4.61877
4.61562
4.61942
4.61881
4.61792
4.61873
4.74196
4.80306
4.46018
4.81241
4.56089
4.61872
4.61879
4.61812
4.61872
4.90883
4.61882
4.57519
4.61881
4.54247
4.73028
4.6188
4.61757
4.74607
4.61881
4.70471
4.48579
4.66071
4.71855
4.61874
4.61968
4.78777
4.63851
4.62167
4.61872
4.61872
4.80226
4.61879
4.66011
4.58077
4.61898
4.71205
4.38299
4.66065
4.61881
4.67094
4.6187
4.8496
4.61872
4.6238
4.61627
4.61973
4.61902
4.61872
4.65095
4.6168
4.82265
4.63943
4.61873
4.63546
4.88256
4.61882
4.61673
4.61872
4.61914
4.61872
4.61873
4.61862
4.61874
4.66074
4.61874
4.61877
4.61902
4.61872
4.71135
4.61873
4.56399
4.61872
4.61915
4.8231
4.61943
4.61893
4.61882
4.51245
4.61872
4.6211
4.61872
4.6188
4.61874
4.61968
4.63208
4.61899
4.61875
4.64354
4.61881
4.61872
4.73161
4.65671
4.619
4.30469
4.61874
4.6188
4.61872
4.62019
4.66423
4.61878
4.60913
4.81623
4.61819
4.5818
4.59508
4.88996
4.65835
4.61955
4.6186
4.81281
4.61883
4.73413
4.61826
4.61872
4.61913
4.62958
4.6187
4.61854
4.62142
4.61874
4.88663
4.61544
4.63711
4.61876
4.62124
4.76789
4.61905
4.6189
4.61872
4.61873
4.61934
4.61872
4.61872
4.61814
4.85065
4.61872
4.61896
4.66346
4.50615
4.61895
8.7558
4.61872
4.61874
4.64364
4.61914
4.62078
4.61896
4.5797
4.61951
4.62039
4.62772
4.61704
4.61873
4.61872
4.61709
4.60306
4.60631
4.64537
4.61881
4.61876
4.6435
4.66646
4.61877
4.66987
4.61874
4.61952
4.61872
4.73165
4.6189
4.61882
4.61891
4.6387
4.61395
4.67848
4.76424
4.70338
4.61958
4.61872
4.61872
4.61946
4.61839
4.79557
4.62871
4.67749
4.48368
4.71991
4.66288
4.60302
4.61871
4.63182
4.71335
4.63353
4.61875
4.97751
4.61854
4.61881
4.85746
4.61874
4.61879
4.61876
4.61884
4.77364
4.61874
4.93525
4.61873
4.66951
4.61947
4.61888
4.58661
4.61974
4.61888
4.61382
5.19455
4.6188
4.62411
4.61872
4.66862
4.66612
4.61872
4.61873
4.61898
4.6188
4.65818
4.67677
4.61869
4.50029
4.61773
4.64885
4.61704
4.61894
4.61872
4.6188
4.61875
4.61874
4.57019
4.62035
4.61872
4.61957
4.61873
4.62366
4.62785
4.61898
4.61872
4.61877
4.63751
4.64725
4.61881
4.61876
4.61862
4.70471
4.61872
4.61889
4.74302
4.6236
4.61882
4.61961
4.61896
4.6129
4.61851
4.61985
4.6158
4.56428
4.78682
4.65193
4.61873
4.73699
4.61892
4.61874
4.61881
4.83354
4.61951
4.67132
4.62344
4.61872
4.6188
4.66058
4.96311
4.45656
4.61897
4.6281
4.61877
4.61874
4.62235
4.61858
4.6189
4.61861
4.61873
4.61874
4.61881
4.61186
4.61872
4.98139
4.61876
4.61964
4.62936
4.61871
4.623
4.61878
4.69583
4.61854
4.61889
4.73538
4.70968
4.84139
4.84687
4.60532
4.61872
4.61874
4.61975
4.66983
4.67541
4.61865
4.6188
4.62231
4.61876
4.61908
4.6182
4.81302
4.61872
4.61872
4.68071
4.61872
4.62099
4.61828
4.65325
4.68046
4.61873
4.71446
4.65718
4.6188
4.61874
4.61895
4.61871
4.61872
4.61894
4.61658
4.81234
4.73302
4.81365
4.61872
4.61892
4.61874
4.61893
4.95524
4.62134
4.61992
4.51256
4.62543
4.61818
4.61882
4.84796
4.61872
4.63517
4.61872
4.61879
4.61943
4.61867
4.6188
4.61974
4.61892
4.63278
4.61876
4.61872
4.66524
4.63067
4.85197
4.77481
4.61788
4.61838
4.60885
4.66521
4.61881
4.62269
4.61879
4.61872
4.64193
4.688
4.61897
4.60285
4.61876
4.61874
4.57678
4.61872
4.62016
4.61975
4.61854
4.61862
4.6237
4.61872
4.62021
4.72127
4.61942
4.61873
4.61853
4.61859
4.62046
4.61873
4.61878
4.61878
4.60154
4.61872
4.47706
4.63249
4.63583
4.62147
4.61894
4.61895
4.61876
4.9
4.65606
4.61874
4.61872
4.6188
4.63614
4.61956
4.6691
4.61872
4.32186
4.63073
4.62834
4.61872
4.61872
4.71465
4.6576
4.61892
4.61873
5.13585
4.61874
4.81018
4.97486
4.3789
4.61872
4.61799
4.61815
4.79526
4.98224
4.61876
4.61874
4.61875
4.61881
4.62422
4.65054
4.61865
4.61869
4.67313
4.61874
4.72533
4.61851
4.9378
4.61892
4.92226
4.61894
4.5085
4.6454
4.61872
4.619
4.7325
4.61881
4.61872
4.61855
4.61878
4.65552
4.67842
4.61879
4.61893
4.61852
4.61872
4.66342
4.61936
4.61874
9.02038
4.6188
4.61892
4.61873
4.4811
4.65013
4.67497
4.61872
4.61872
4.61881
4.04511
4.61963
4.73091
4.62788
4.61842
4.61876
4.61879
4.61958
4.4198
4.61872
4.61873
9.49472
4.61514
4.61874
4.61917
4.61822
4.61292
4.61872
4.61873
4.77146
4.61872
4.61872
4.59854
4.61839
4.73439
4.84127
4.61505
4.61881
4.61888
4.6084
4.61892
4.65734
4.9626
4.61866
4.61872
4.61872
4.61859
4.61884
4.61872
4.62842
4.61875
4.63733
4.61874
4.61893
4.61875
4.61879
4.61872
4.61882
4.62549
4.61872
4.72263
4.61872
4.61872
4.97589
4.57048
4.61879
4.61875
4.19132
4.61872
4.61673
4.61876
4.61872
4.61873
4.65951
4.61872
4.61731
4.63521
4.6188
4.61872
4.61872
4.64161
4.61872
4.61869
4.55151
4.66216
4.71596
4.61872
4.61879
4.66028
4.61875
4.61875
4.61635
4.61873
4.61873
4.62198
4.64364
4.65763
4.66906
4.61975
4.6189
4.61859
4.61874
4.62312
4.61878
4.76938
4.61884
4.64082
4.84627
4.61885
4.61857
4.61872
4.61879
4.61872
4.61872
4.6188
4.74966
4.65041
4.61872
4.61873
4.61874
4.61882
9.19712
9.45734
4.61872
4.88992
4.84203
4.61873
4.61871
4.61881
4.61873
4.61872
4.61872
4.61879
4.61891
4.61851
4.61881
4.61872
4.6506
4.61273
5.12491
4.61872
4.61875
4.61876
4.54289
4.62014
4.61877
4.6188
4.60702
4.66969
4.66155
4.61872
4.61885
4.61885
4.61921
4.61872
4.63643
4.61719
4.61967
4.61896
4.7463
4.65162
4.61604
4.70877
4.61876
4.61873
4.61879
4.61874
4.7003
4.61873
4.68556
4.61934
4.61918
4.80931
4.87554
4.61872
4.61879
4.61874
4.6187
4.61913
4.61757
4.67293
4.61908
4.6188
4.68144
4.61875
4.61872
4.61876
4.84695
4.6188
4.83017
4.76827
4.75983
4.61872
4.736
4.61884
4.63171
4.61976
4.81851
4.61872
4.67925
4.61874
4.55823
5.00111
4.46949
4.58174
4.73576
4.91838
4.61873
4.61891
4.61872
4.61872
4.66694
4.73538
4.61872
4.61876
4.61872
4.61852
4.79679
4.6087
4.61954
4.61864
4.61875
4.66049
4.61874
4.61915
4.61881
4.98458
4.61782
4.61763
4.61881
4.61875
4.61012
4.61881
4.61884
4.6277
4.61893
4.66537
4.61928
4.61872
4.554
4.81353
4.67067
4.58174
4.70165
4.61824
4.61872
4.6183
4.61871
4.72811
4.61875
4.61873
4.61872
4.66597
4.61862
4.6175
4.61881
4.61982
4.61872
4.61872
4.61872
4.61878
9.79672
4.6186
9.05237
4.61872
4.61872
4.61881
4.77595
4.6188
4.822
4.61872
4.61622
4.61877
4.7067
4.61977
4.61881
4.61872
4.62458
4.61871
4.61873
4.61956
4.61872
4.61872
4.61878
4.56113
4.61877
4.64721
4.61872
4.61975
4.61769
4.61872
4.71726
4.65792
4.61872
4.62701
4.79326
4.62351
4.61874
4.61996
4.61881
4.54481
4.79957
4.61945
4.61874
4.61876
4.61874
4.62012
4.6189
4.67435
4.61872
4.61876
4.90944
4.65714
4.61878
4.66616
4.61877
4.61872
4.61839
4.81415
4.61874
4.6189
4.72648
4.61743
4.61879
4.61873
4.61861
4.61878
4.73066
4.61873
4.61873
4.65143
4.6217
4.61974
4.42795
4.61851
4.6196
4.61872
4.61876
4.92249
4.61889
4.61873
4.62001
4.61964
4.62997
4.61945
4.73681
4.61872
5.09254
4.62273
4.61876
4.69273
4.82961
4.61817
4.66676
4.62108
4.61872
4.61874
4.62333
4.63038
4.61872
4.61878
4.73713
4.61825
4.62748
4.85907
4.61872
4.88429
4.61872
4.63882
4.5788
4.61872
4.62013
4.6259
4.61869
4.61976
4.61883
4.61879
4.54986
4.75382
4.6418
4.80532
4.6161
4.61858
4.61873
4.64169
4.63346
4.62447
4.83097
4.61874
4.61872
4.83658
4.61724
4.6188
4.61872
4.62635
4.7832
4.62437
4.73588
4.61872
4.61856
4.61567
4.61873
4.76182
4.68341
4.98091
4.63513
4.61874
4.71856
4.61874
4.61882
4.61855
4.62686
4.62007
4.62378
4.6741
4.6189
4.48234
4.61872
4.61858
4.62378
4.61879
4.97502
4.76437
4.63392
4.61872
4.62163
4.61822
4.61857
4.6189
4.61881
4.61872
4.61873
4.64312
4.6368
4.61877
4.89334
4.89688
4.5761
4.61867
4.62573
4.65474
4.61872
4.46131
4.62896
4.63738
4.61902
4.61878
4.61888
4.61851
4.61873
4.6187
4.61977
4.64264
4.61872
4.57907
4.61873
4.6196
4.62863
4.61969
4.62009
4.62479
4.77725
4.67138
4.61874
4.66909
4.73195
4.58787
4.59151
4.62105
4.61881
4.61879
4.82424
4.61874
4.66369
4.61945
8.99855
4.61872
4.61832
4.61882
4.61859
4.61862
4.62056
4.61874
4.61884
4.61913
4.61889
4.61874
4.61783
4.61887
4.61872
4.6194
4.61878
4.61873
4.63483
4.61878
4.50716
4.69684
4.72216
4.67998
4.61876
4.61883
4.61818
4.61941
4.61873
4.73824
4.61888
4.61932
4.61978
4.6188
4.61858
4.61872
4.61888
4.66703
4.62347
4.59765
4.75675
4.61879
4.61876
4.61873
4.61872
4.61854
4.73851
4.61956
4.89714
4.69992
4.60863
4.62544
4.56653
4.60136
4.61872
4.62236
4.58528
4.65737
4.61763
4.36549
4.61939
4.61878
4.62022
4.6188
4.61874
4.6187
4.61879
4.64885
4.6188
4.61872
4.62829
4.61884
4.61889
4.61872
4.61872
4.61872
4.6778
4.61877
4.61859
4.61875
4.79533
4.65998
4.61662
4.61872
4.61887
5.59182
4.61875
4.66481
4.62831
4.67603
4.64238
4.61871
4.72305
4.61899
4.98577
4.61874
4.32461
4.64259
4.61883
4.61872
4.61887
4.61978
4.61888
4.61958
4.61883
4.62859
4.61873
4.61872
4.61874
4.61826
4.61954
4.61877
4.61897
4.61872
4.61842
4.61872
4.69008
4.61978
4.64781
4.61877
4.6584
4.64708
4.61872
4.61872
4.81281
4.61875
4.61886
4.61862
4.61871
4.86953
4.61863
4.61872
4.66947
4.61878
4.61959
4.61889
4.43727
4.72713
4.62687
4.66628
4.61878
4.61944
4.61876
4.89934
4.65922
4.61906
4.61872
4.62742
4.61757
4.61873
4.61877
4.6254
4.61873
4.65048
4.63357
4.72503
4.61872
4.61859
4.62028
4.7215
4.61874
4.61888
4.63636
4.6387
4.6189
4.61873
4.61872
4.81783
5.06591
4.61872
4.50236
4.56912
4.61887
4.61932
4.70869
4.61872
4.61877
4.67028
4.62044
4.62022
4.61873
4.87078
4.48398
4.63995
4.73967
4.58105
4.61885
4.6356
4.61872
4.61966
4.61882
4.61726
4.61858
4.61872
9.3824
9.14314
9.463
4.61858
4.60448
4.47972
4.61839
4.61868
4.61878
4.61869
4.61892
4.73988
4.71075
4.61874
4.61872
4.61873
4.96119
4.65053
4.61872
4.62266
4.67258
4.70715
4.61872
4.75934
4.61877
4.61872
4.61872
4.61876
4.61872
4.61872
4.61872
4.61872
4.6188
4.62415
4.60088
5.51424
4.61853
4.6183
4.61876
4.74376
4.59219
4.55273
4.81891
4.72163
4.61964
4.61886
4.61855
4.61621
4.61871
4.62426
4.61872
4.61882
4.61873
4.62307
4.61885
4.6202
4.61862
4.64111
4.61618
4.61872
4.61862
4.61874
4.61962
4.61363
4.61768
5.47512
4.78849
4.84896
4.61874
4.76212
4.61906
5.0201
4.61865
4.61874
4.61851
4.61887
4.61873
4.61872
4.61877
4.61872
4.61873
5.01726
5.00948
4.61921
4.63115
4.61866
4.61968
4.61777
4.67903
4.61859
5.12728
4.61872
4.61878
4.66734
4.61872
4.77903
4.61965
4.61872
4.61882
4.78026
4.61872
4.80509
4.6182
4.61872
4.61876
4.95245
4.55572
4.66273
4.7144
5.0363
4.6186
4.66639
4.85551
4.67221
4.62965
4.61874
4.61871
4.61872
4.60634
4.62149
5.25383
4.62802
4.61874
4.61931
4.61872
4.61872
4.61872
4.73597
4.61928
4.61827
4.61877
4.64775
4.65962
4.70597
4.61809
4.61886
4.62231
4.61874
4.61995
4.61873
4.61887
4.61873
4.62749
4.61869
4.61885
4.73732
4.66486
4.52303
4.9552
4.61874
4.61881
4.65472
4.65692
4.61873
4.61969
4.61882
4.61872
4.64156
4.67168
4.67688
4.61865
5.0407
4.61964
4.61875
4.57242
4.99154
4.61874
4.61874
4.6588
4.61355
4.57425
4.34877
4.61873
4.61861
4.61872
4.65434
4.52308
4.65895
4.88235
4.61874
4.61959
4.7411
4.61872
4.17763
4.64457
4.6204
4.61872
4.61888
4.61839
4.91459
4.62363
4.61877
4.61722
4.61873
4.61921
4.61872
4.67592
4.61881
4.74126
5.0353
4.61872
4.61872
4.61878
4.62087
4.61867
4.92512
4.54971
4.61859
4.62001
4.69564
4.69934
4.61872
4.61955
4.61959
4.61842
4.61874
4.80388
4.62481
4.61796
4.61908
4.74181
4.67075
4.88209
4.61872
4.61872
5.03772
4.45353
4.62223
4.63388
4.61877
4.6188
4.61872
4.67786
4.61872
4.61855
4.88327
4.68148
4.61878
4.61873
4.61836
4.64481
4.61811
4.61324
4.81542
4.61872
4.63053
4.66492
4.5386
4.61872
4.62225
4.61869
4.61881
4.61862
4.61862
4.43099
4.88598
4.69562
4.72885
4.61872
4.65658
4.61881
4.61872
4.61877
4.61888
4.61906
4.61979
4.62302
4.61872
4.87919
4.62952
4.61876
4.7108
4.64393
4.61135
8.94555
5.02815
4.61874
4.61872
4.6169
4.65343
4.92715
4.61873
4.61499
4.61875
4.61603
4.73377
4.61873
4.61871
4.61873
4.61822
4.61876
4.61882
4.61902
4.61874
4.61876
4.61877
4.61885
4.67473
4.95169
4.64105
4.61859
4.62917
4.87893
4.36287
4.92257
4.61875
4.6377
4.61126
4.62019
4.61876
4.89803
4.7814
5.04288
4.61871
4.61879
4.61873
4.61877
4.61875
4.63339
4.61632
4.61885
4.61586
4.61859
4.8266
4.8917
4.61446
4.61876
4.67853
4.61873
4.87902
4.61885
4.61203
4.61886
4.74254
4.83666
4.61876
4.68351
4.81137
4.87604
4.61862
4.61881
4.73094
4.61874
4.562
4.61888
4.49901
4.62887
4.61876
4.64202
4.61881
4.63364
4.61874
4.77367
4.74263
4.88295
4.61871
4.65309
4.61873
4.61877
4.65307
9.13979
4.81015
5.04875
4.60566
4.624
4.61884
4.61864
4.63837
4.61872
4.6319
4.52089
4.61872
4.61965
4.66302
4.66477
4.65636
4.61869
4.6184
4.57642
4.61908
4.61875
4.60849
4.62376
4.61875
4.62298
4.61872
4.63287
4.61864
4.61877
4.61869
4.65178
4.61872
4.46125
4.61871
4.87578
4.61878
4.65462
4.65454
4.61858
4.31068
4.61876
4.61574
4.45444
4.74107
4.61857
4.61872
4.61935
4.61874
4.70846
4.61924
4.61881
4.61874
4.61874
4.73867
4.6521
4.23067
4.61878
4.63696
4.48459
4.3803
4.61873
4.61873
4.61848
4.90036
4.61879
4.61872
4.61893
4.62167
4.66774
4.61884
4.61969
4.61877
4.61877
4.61872
4.6429
4.61871
4.61994
4.61879
4.64113
5.0546
4.61867
4.61863
4.61882
4.61903
4.61876
4.61876
4.45664
4.61872
4.61874
4.61856
4.61873
4.61838
4.61884
4.71913
4.61163
4.61873
4.73231
4.63852
4.4359
4.63032
4.619
4.6188
4.61384
4.61882
4.61277
4.07563
4.63706
4.6196
4.61982
4.6188
4.53952
4.61941
4.61908
4.73116
4.61873
4.57567
4.8729
4.63409
4.61876
5.005
4.62607
4.69525
4.61872
4.61872
4.61923
4.39974
4.61873
4.65115
4.61897
4.61873
4.61883
4.61872
4.62085
4.7252
4.6188
4.61974
4.57897
4.82248
4.61852
4.69017
4.61873
4.74397
5.06049
4.62307
4.61877
4.6188
4.61855
4.61873
4.61888
4.75666
4.61862
4.91882
4.62169
4.61824
4.60617
4.64616
4.68181
4.93264
9.89869
8.454
4.61883
4.66608
4.61866
4.6188
4.65337
4.89545
4.63018
4.61875
4.61874
4.61879
4.61878
4.73281
4.61334
4.38709
4.75987
4.62468
4.61573
4.61876
4.61875
4.60976
4.61831
4.57651
4.6188
4.61766
4.61872
4.61871
4.61876
4.61872
4.6186
4.58133
4.61886
4.64655
4.67196
4.61875
4.61961
5.13418
4.61874
4.65924
4.61873
4.61881
4.61844
4.61877
4.6427
4.61872
4.61875
4.61872
4.67705
4.61885
4.61955
4.61873
4.63133
4.61873
4.61874
4.87264
4.61872
4.62452
4.6188
4.6196
4.61882
4.61868
4.61874
4.87025
4.61874
4.6312
4.68108
5.06634
4.61858
4.61875
4.65222
4.64766
4.73506
4.61872
4.86588
4.61875
4.83509
4.61876
4.61894
4.73514
4.61875
4.62079
4.61841
4.61873
4.6248
4.67911
4.61873
4.61872
4.61863
4.61788
4.61868
4.52094
4.65325
4.52736
4.61872
4.73368
4.61876
4.61874
4.6186
4.66416
4.61725
4.61872
4.81718
4.63538
5.00497
4.61872
4.63147
4.61875
4.6187
4.90765
4.9617
4.74541
4.77556
4.49324
4.5906
4.61872
4.61874
5.01279
4.61871
5.07224
4.61878
4.61874
4.61875
4.62059
4.61873
4.59607
4.61872
4.61873
4.62573
4.61873
4.62074
4.72651
4.95692
4.61124
4.61876
4.61872
4.69685
4.61882
4.61875
4.62226
4.93339
4.61876
4.97444
4.34958
4.61622
4.9151
4.62031
4.61872
4.62923
4.60241
4.6188
4.61878
4.61875
4.56431
4.61913
4.61875
4.2522
4.61873
4.77681
4.8603
4.61872
4.9438
4.61872
4.63482
4.61852
4.73898
4.6188
4.61874
4.64123
4.6188
4.65689
4.64609
4.62983
4.61872
4.61872
4.61877
4.61873
4.65879
4.62672
4.61873
4.61875
4.63185
4.68035
4.61875
4.61872
4.4677
4.6623
4.61873
4.64835
4.62086
4.61885
4.62112
4.61859
4.48763
4.86976
4.65141
4.61855
4.61873
4.43392
4.61872
5.07811
4.73477
4.64462
4.61869
4.61873
4.61855
4.97439
4.73507
4.61865
4.61876
4.61876
4.61879
4.51335
4.61873
4.73506
4.61855
4.61873
4.61874
4.62323
4.76597
4.61874
4.6186
4.63461
4.72201
4.78482
4.61874
4.8712
4.61876
4.61892
4.6532
4.6267
4.7923
4.61872
4.65411
4.62048
4.61872
4.61876
4.61875
4.7482
4.61833
4.61873
4.92295
4.72782
4.61967
4.61872
4.61881
4.61735
4.61812
4.61873
4.87916
4.7241
5.08403
4.67521
4.74684
4.67272
4.61883
4.63262
4.63231
4.65598
4.99719
4.63435
4.82123
4.61872
4.66741
4.61859
4.66852
4.61878
4.57824
4.61873
4.61872
4.6371
4.61872
4.83016
4.61882
4.61857
4.94058
4.61881
4.61873
4.61329
4.61874
4.62726
4.61919
4.63324
4.61876
4.92247
4.85287
4.61992
4.63579
4.61872
4.70356
4.63249
4.66731
4.61881
4.6186
4.61872
4.82003
4.61856
4.62119
4.61863
4.64307
4.61874
4.64542
4.61879
4.65124
4.62007
4.61764
4.62139
4.62283
4.61873
4.55823
4.61873
4.65377
4.61736
4.65773
4.61875
4.61934
4.6187
4.62498
4.61876
4.61872
4.61886
4.61903
4.61841
4.61873
4.75477
4.6216
4.57545
4.6289
4.61888
4.58262
4.61872
4.61872
4.61872
4.74711
4.61881
4.64827
4.60583
4.62129
4.61884
4.64222
4.61872
4.61872
4.61716
4.64809
4.63601
4.61984
4.64986
4.86951
4.61872
4.58613
4.717
4.71731
4.61875
4.60814
4.62415
4.61872
4.88212
4.61678
4.9586
4.61872
4.61873
4.61878
5.08991
4.63117
4.65783
4.71061
5.00063
4.74742
4.61874
4.67962
9.24241
4.6494
4.61873
4.74745
4.61856
4.63982
4.61873
4.6186
5.45238
4.61872
4.61866
4.61858
4.71029
4.63549
4.61859
4.49921
4.6188
4.61876
4.61874
4.61875
4.61873
4.61875
4.62112
4.61874
4.75833
4.73643
4.86663
4.9334
4.61874
4.61872
4.66534
4.96134
4.88072
4.61872
4.61888
4.64458
4.74827
4.61874
4.61875
4.6277
4.72852
4.31873
4.61872
4.90769
4.61908
4.63378
4.61875
4.61873
4.61696
4.47619
4.61542
4.65425
5.09584
4.91139
4.61872
4.70375
4.6188
4.623
4.64412
4.61658
4.86638
4.62297
4.72913
4.61872
4.61875
4.61308
4.6192
9.23855
8.0605
4.61675
4.66734
4.63493
4.87897
4.61889
4.6266
4.61872
4.63975
4.61758
4.61876
4.73986
4.61876
4.75629
4.63072
4.82741
4.6188
4.61873
4.61875
4.61876
4.63868
4.63036
4.61873
4.61872
4.63064
4.6186
4.74556
4.61875
4.87757
4.61862
4.61859
4.61855
4.61866
4.6093
4.6234
4.61881
4.86351
4.66497
4.61875
4.61873
4.70194
4.84502
4.61874
4.61977
4.6188
4.61903
4.94768
4.46953
4.62276
4.65328
4.43873
4.61872
4.61859
4.63333
4.61883
4.61954
4.64784
4.61873
4.68154
4.61973
4.61877
4.61872
4.30886
4.87582
4.61872
4.6188
9.44502
4.61873
4.72217
4.63377
4.61859
4.65895
4.6188
4.65176
4.61965
4.39245
4.61858
4.61873
4.66254
4.61872
4.59897
5.10175
4.61874
4.62481
4.61873
4.62675
4.62417
4.61691
4.61872
4.61873
4.90986
4.61927
4.61875
4.61875
4.61872
4.74883
4.61991
4.86326
4.61858
4.61872
4.62878
4.90465
4.65717
4.61873
4.93237
4.61881
4.61862
4.61918
4.7378
4.61872
4.69295
4.61875
4.62939
4.63463
4.61876
4.62163
4.61873
4.61875
4.97081
4.62401
4.57667
4.61859
4.61872
4.80743
4.61876
4.87442
4.6186
4.61877
4.6501
4.51913
4.63562
4.73044
4.61859
4.61966
4.61872
4.6123
4.61872
4.63664
4.61874
4.62985
4.58743
4.62289
4.61875
4.63462
4.65315
4.66042
4.73395
4.0922
4.61872
4.65336
4
4.6191
4.83998
4.61883
4.57713
5.1077
4.62248
4.61872
4.61859
4.61872
4.59091
4.61875
4.61522
4.62296
4.61859
4.63929
5.0984
4.619
4.61856
4.61873
4.61873
4.61879
4.61874
4.61858
4.61872
4.61872
4.61875
9.74783
10.4568
4.61881
4.89817
4.62051
4.57553
4.6188
4.61908
4.63651
4.61881
4.78988
4.6188
4.61879
4.61859
4.64812
4.86042
4.61859
4.61872
4.90399
4.61858
4.61479
4.61875
4.61861
4.62398
4.61874
4.61874
4.61879
4.61949
4.62605
4.61872
4.61875
4.62152
4.61875
4.87267
4.61878
4.61874
4.6188
4.61872
4.61858
4.6188
4.62608
4.62079
4.41337
4.61873
4.61854
4.62049
4.65622
4.6188
4.69189
4.64589
4.61877
4.6201
4.61874
4.7463
4.62557
4.61872
4.61859
4.62122
4.61858
5.11361
4.63962
4.61874
4.61878
4.6201
4.64415
4.61855
4.61872
4.6569
4.67419
4.60885
4.7223
4.77765
4.64255
4.61883
4.64356
4.62171
4.61915
4.7932
4.61943
4.66534
4.61881
4.63911
4.48463
4.67889
4.66936
4.61875
4.61856
4.62489
4.61873
4.61872
4.61872
4.63461
4.78967
4.61872
4.61875
4.62427
4.62695
4.73918
4.49505
4.61888
4.61879
4.75074
4.61873
4.63311
4.61875
4.66069
4.62606
4.86021
4.58389
4.6188
4.6188
4.51885
4.61872
4.61872
4.61859
4.61872
4.61873
4.92962
4.6443
4.64085
4.61872
4.61874
4.63212
4.72608
4.61859
4.61858
4.66895
4.61874
4.62858
4.61874
4.84596
4.66574
4.61872
4.61912
4.62
4.70757
5.11958
4.61874
4.61872
4.9414
4.73175
4.61874
4.61874
4.62092
4.62306
4.61872
4.7134
4.5901
4.64022
4.59292
4.63216
4.61872
4.61874
4.6188
4.61873
4.61862
4.67817
4.61882
4.63319
4.61872
4.61958
4.61879
4.87128
4.62712
4.90031
4.61875
4.79208
4.61858
4.61876
4.62283
4.61874
4.61872
4.61958
4.61875
4.62348
4.96368
4.82721
4.61872
4.87106
4.61926
5.13969
4.61872
4.63195
4.61873
4.61855
4.68182
4.61858
4.61873
4.66449
4.61875
4.66416
4.61875
4.61874
4.61873
4.64085
4.64156
4.68353
4.63589
4.61871
4.62455
4.51498
4.62425
4.61859
4.61872
4.61873
4.61874
4.61855
4.61436
4.6187
4.61874
4.61872
4.61872
4.61859
4.64403
4.70288
4.61872
4.65123
4.61872
4.61872
4.61509
4.61858
4.61855
4.6726
4.61873
4.61875
4.75235
4.65132
5.12552
4.6186
4.61872
4.61857
4.44031
4.61872
4.61872
4.61858
4.61872
4.61872
4.61874
4.63462
4.61872
4.74055
4.61886
4.61875
4.89693
4.6493
4.61859
4.61877
4.61872
4.12855
4.61872
4.61881
4.85742
4.61872
4.67744
4.62794
4.61859
4.73307
4.65673
4.61858
4.60204
4.61883
4.61872
4.61871
4.61879
4.74321
4.61872
4.61875
4.62106
4.61873
4.61911
4.65439
4.61857
4.71613
4.61969
4.61837
4.79473
4.61872
4.61875
4.61874
4.61872
4.93422
4.64444
4.639
4.62749
4.61858
4.61874
4.61872
4.61873
4.61872
4.61872
4.61855
4.6199
4.65651
5.08331
4.61864
4.76254
4.62123
4.61875
4.61874
4.65446
4.63915
4.61879
9.08558
9.37166
4.48891
4.82512
4.61872
4.89106
4.75183
4.72275
4.61872
4.61863
4.61875
4.63818
4.6188
4.61874
4.61858
4.61873
4.39078
4.62702
4.61859
4.61873
4.6188
4.61874
4.61872
4.61771
4.61872
4.61855
4.61875
4.6187
4.62388
4.64919
4.61872
4.61554
4.61877
4.61854
4.61872
4.61873
4.61615
4.61855
4.61786
4.61872
4.61875
4.86954
4.61964
4.63786
4.6188
4.17528
4.61873
4.61872
4.61858
4.61872
4.63531
4.61873
4.65107
4.61875
5.00971
4.63345
4.61898
4.61941
4.61783
4.62513
4.75331
4.61861
4.6185
4.61865
4.65106
4.66427
4.61872
4.61875
4.64395
4.61872
4.85638
4.61872
4.61873
4.63572
4.61328
4.63226
4.61873
4.61872
4.57872
4.62666
4.64065
4.61874
4.84006
4.42711
4.61873
4.61903
4.63265
4.65282
4.62169
4.61857
4.61866
4.34382
4.67271
4.6188
4.46266
4.61873
4.61872
4.63767
4.61873
4.61878
4.65022
4.67202
4.61872
4.62111
4.92121
4.61874
4.61883
4.61874
4.63177
4.63177
4.61874
4.66739
4.61855
4.29181
4.6192
4.84083
4.61877
4.61537
4.61858
4.6153
4.61881
4.63218
4.74192
4.74408
4.61873
4.61873
4.62815
4.6196
4.86815
4.92961
4.58039
4.73663
4.61687
4.62251
4.67661
4.61875
4.61607
4.61872
4.61872
4.84988
4.6188
4.70807
4.61872
4.62323
4.90319
4.61878
4.61859
4.79337
4.81455
4.60555
4.61872
4.61855
4.62891
4.6224
4.61858
4.61878
4.62172
4.64029
4.73438
4.61873
4.6188
4.61873
4.97992
4.67073
4.71337
4.64585
4.62163
4.85239
4.4884
4.61873
4.61874
4.81315
4.61877
4.83147
4.62658
4.61872
4.61899
4.61962
4.62053
4.82943
4.61681
4.61872
4.63979
4.58985
4.30535
4.61874
4.74557
4.62127
4.61892
4.61872
4.61873
4.45757
4.61855
4.61874
4.61874
4.61856
4.63547
4.65083
4.64249
4.64283
4.58973
4.62052
4.62736
4.6274
4.61875
4.61855
4.62028
4.61874
4.64122
4.61872
4.42625
4.61855
4.65874
4.70472
4.65302
4.61872
4.86641
4.61872
4.61872
4.61877
4.61874
4.62523
4.67433
4.75474
4.61872
4.61873
4.61872
4.61874
4.6188
4.61856
4.84205
4.84955
4.61874
4.61878
4.61906
4.61858
4.6183
4.61856
4.88613
4.86502
4.79267
4.62727
4.61872
4.61859
4.64356
4.61874
4.61884
4.74774
4.6257
4.62049
4.63678
4.62014
4.64559
4.62106
4.66546
4.61866
4.61873
4.62226
4.61877
4.84792
4.62473
4.61858
4.61942
4.71001
4.61858
4.59637
4.61873
4.61873
4.61856
4.63413
4.63106
4.61872
4.61874
4.86329
4.7433
4.61872
4.61872
4.61874
4.61874
4.61968
4.61876
4.61874
4.61858
4.61872
8.80133
9.03575
4.61878
4.71589
4.60162
4.62466
4.61874
4.95408
4.62179
4.62344
4.73573
4.7357
4.62109
4.61871
4.61872
4.64099
4.61872
4.61874
4.61872
4.61872
4.61618
4.61872
4.625
4.61859
4.61932
4.61873
4.58839
4.61969
4.61872
4.61872
4.91264
4.61872
4.43486
4.60495
4.63158
4.74093
4.76559
4.61911
4.61512
4.61855
4.58981
4.61858
4.63186
4.61872
4.75244
4.63869
4.61872
4.63034
4.61863
4.70948
4.61938
4.74906
4.47722
4.48035
4.63669
4.61857
4.81214
4.67561
4.61872
4.72391
4.66636
4.61875
4.65183
4.61878
4.60217
4.61874
4.61875
4.61872
4.61877
4.64482
4.61875
4.67231
4.72747
4.86189
4.61872
4.64796
4.6188
4.61874
4.61874
4.61873
4.66807
4.80207
4.61855
4.6096
4.6129
4.61872
4.64402
4.6186
4.61874
4.67353
4.8493
4.61876
4.62036
4.63626
4.6187
4.61857
4.64
4.71887
4.64261
4.62138
4.61995
4.61857
4.72329
4.61878
4.6186
4.61874
4.65081
5.01424
4.61877
4.62104
4.64325
4.61878
5.01395
4.59326
4.61873
4.62669
4.65929
4.64016
4.74328
4.63836
4.66242
4.61542
4.11119
4.62441
4.84502
4.36104
4.62041
4.62628
4.621
4.58519
4.6189
4.63387
4.62705
4.63257
4.78497
4.61873
4.62283
4.64798
4.81639
4.61874
4.61868
4.94407
4.61858
4.61874
4.64456
4.61874
4.62189
4.62389
4.67618
4.61874
4.62393
4.83424
4.61858
4.3777
4.61872
4.71062
4.37297
4.61872
4.61874
4.41289
4.6194
4.62339
4.79246
4.61855
4.61874
4.61876
4.61877
4.86012
4.62058
4.67435
4.61967
4.61878
4.64502
4.61873
4.67812
4.65836
4.61884
4.61872
4.72857
4.61874
4.61872
4.61953
4.61874
4.73701
4.62739
4.62169
4.61903
4.61859
4.70543
4.62702
4.61874
4.6582
4.63177
4.61872
4.61881
4.65511
4.80764
4.79504
4.61882
4.61825
4.61874
4.86041
4.6187
4.65127
4.61959
4.61856
4.6233
4.61874
4.61859
4.61873
4.64192
4.62685
4.84648
4.69193
4.61874
4.84842
4.61856
4.61874
4.61874
4.61878
4.61877
4.64043
4.62232
4.64702
4.61871
4.66224
4.61875
4.6197
4.61872
4.61877
4.6188
4.33587
4.6188
4.63554
4.61872
4.61871
4.61873
4.6188
4.61859
4.61874
4.63488
4.65342
4.85173
4.61874
4.57096
4.61678
4.61872
4.61858
4.68522
4.61862
4.61873
4.61872
4.61873
4.61914
4.61876
4.61966
4.61872
4.61872
4.61874
4.79212
4.67456
4.61872
4.61888
4.74452
4.6188
4.7467
4.61858
4.61857
4.84628
4.8621
4.61874
4.80008
4.79171
4.85851
4.63823
4.62189
4.61859
4.62666
4.61872
4.61872
4.62734
4.61872
4.61176
4.61853
4.64529
4.78556
4.61859
4.64332
4.61859
4.61872
4.62955
4.61945
4.6234
4.63172
4.61872
4.61858
4.61876
4.85159
4.84828
4.66527
4.61892
4.61876
4.61873
4.61872
4.61874
4.54667
4.61873
4.72809
4.61873
4.61877
4.61872
4.61872
4.61958
4.61858
4.64674
4.62504
4.61874
4.64954
4.61874
4.84336
4.61856
4.64404
4.61872
4.59631
4.62657
4.61858
4.61871
4.71589
4.39127
4.73832
4.61879
4.87151
4.62592
4.61886
4.62922
4.61972
4.61872
4.64507
4.61856
4.62962
4.79982
4.61858
4.61972
4.61872
4.41208
4.62496
4.62454
4.64027
4.61874
4.64671
4.79727
4.61855
4.63321
4.97453
4.61872
4.61944
4.61857
4.9698
4.95541
4.61872
4.6379
4.61859
4.76511
4.66547
4.46352
4.6726
4.65238
4.63834
4.61787
4.61683
4.61872
4.61847
4.61912
4.61874
4.72856
4.61872
4.63904
4.88039
4.61872
4.50805
4.6375
4.84351
4.61876
4.61874
4.61969
4.61942
4.61873
4.61855
4.61861
4.61876
4.61877
4.72013
4.86908
4.61875
4.61871
4.61874
4.93676
4.61872
4.61872
9.19164
4.63132
4.61874
4.61879
5.01664
4.61856
4.6196
4.61871
4.61873
4.67044
4.61855
4.63059
4.85555
4.41977
4.62911
4.61844
4.65485
4.51511
4.61977
4.61874
4.64958
4.66606
4.61872
4.61872
4.61872
4.61872
4.70881
4.6142
4.62497
4.61872
4.62618
4.61874
4.61877
4.61855
4.57263
4.56866
4.61873
4.61888
4.61872
4.98379
4.46256
4.90481
4.71912
4.5087
4.87258
4.61872
4.62739
4.61903
4.63536
4.62398
4.61873
4.62266
4.65649
4.61873
4.61872
4.84252
4.61877
4.65431
4.61872
4.6595
4.64855
4.79605
4.61893
4.61982
4.61872
4.61872
4.66901
4.84602
4.61993
4.61875
4.61854
4.61873
4.61872
4.61872
4.63509
4.89492
4.61873
4.66106
4.61874
4.36813
4.66096
4.61873
4.67381
4.61872
4.61872
4.61874
4.82779
4.65883
4.61872
4.61872
4.79106
4.62197
4.8569
4.619
4.6349
4.96544
4.63464
4.62516
4.61872
4.61874
4.63625
4.61856
4.62229
4.63589
4.51754
4.6209
4.90644
4.61885
4.61855
4.70302
4.62036
4.64565
4.61873
4.61946
4.78366
4.61872
4.61503
4.0233
4.35795
4.61873
4.64732
4.62868
4.63957
9.65931
4.63307
4.61968
9.26436
4.63649
4.61873
4.61236
4.3719
4.61856
4.61883
4.61873
4.61857
4.61872
4.67724
4.61872
4.38482
4.66591
4.48268
4.61873
4.61872
4.61872
4.61889
4.61872
4.7732
4.62089
4.61973
4.63889
4.49561
4.61873
4.62
4.61874
4.8386
4.74812
4.65694
4.61873
4.61855
4.61872
4.61671
4.74066
4.61877
4.61859
4.62307
4.61881
4.61872
4.61872
4.61857
4.62132
4.61873
4.61875
4.85105
4.61872
4.61871
4.61873
4.61872
4.62204
4.61872
4.66416
4.61872
4.88095
4.66679
4.83889
4.64604
4.61872
4.6558
4.61872
4.61872
4.7873
4.61873
4.63977
4.56398
4.61856
4.61872
4.61874
4.61872
4.61876
4.61872
4.68233
4.61872
4.61872
4.66647
4.90224
4.61872
4.61872
4.61857
4.45628
4.61873
4.73371
4.66288
4.67962
4.61872
4.70248
4.62167
4.61872
4.78234
4.61908
4.68044
4.83584
4.61856
4.61857
4.75648
4.65707
4.62455
4.8544
4.6466
4.61873
4.62522
4.66239
4.61872
4.93489
4.61881
4.61873
4.61666
4.92608
4.61872
4.61874
4.61855
4.61875
4.61244
4.61873
4.61872
4.61873
4.61873
4.64508
4.46168
4.61872
4.69678
4.63418
4.04162
4.6654
4.39914
4.62402
4.61874
4.7786
4.64602
4.61888
4.62041
4.61834
4.61968
4.82591
4.61919
4.61874
4.62669
4.61856
4.6393
4.61855
4.61873
4.63824
4.63608
4.65426
4.61876
4.63443
4.8347
4.61857
4.65912
4.62189
4.64777
4.65723
4.61871
4.61872
4.84933
4.61787
4.61872
4.61874
4.7495
4.61907
4.69849
4.61872
4.61886
4.60072
4.95176
4.61874
4.67338
4.61868
4.62893
4.61872
4.65648
4.62148
4.61872
4.7446
4.61879
4.61873
4.62307
4.61875
4.61855
4.6188
4.61872
4.61855
4.61905
4.61896
4.63972
4.74162
4.61872
4.61857
4.61874
4.50526
4.61628
4.67128
4.61878
4.61856
4.62671
4.63646
4.64246
4.61857
4.70747
4.61873
4.61871
4.47565
4.46488
4.6178
4.63134
4.77366
4.61876
4.6188
4.62794
4.92228
4.88699
4.61872
4.61872
4.61872
4.61856
4.61857
4.61875
4.61872
4.61872
4.62267
4.73707
4.61873
4.61874
4.61842
4.61875
9.00536
4.61874
4.83488
4.61872
4.61873
4.61872
5.00662
4.61876
4.5271
4.62351
4.61872
4.61872
4.61959
4.6188
4.61874
4.61872
4.61942
4.61873
4.61873
4.61872
4.61874
4.63486
4.9611
4.61874
4.61966
4.61859
4.6197
4.8072
4.55906
4.62282
4.61872
4.85678
4.61872
4.61873
4.61855
4.68941
4.62397
4.61872
4.61873
4.61872
4.61872
4.62641
4.61876
4.61873
4.61873
4.61797
4.6712
4.6254
4.61857
4.61872
4.61855
4.91574
4.6181
4.61875
4.63581
4.61872
4.61873
4.85713
4.62739
4.91231
4.61873
4.61872
4.48893
4.66468
4.61876
4.83266
4.61879
4.61875
4.61873
4.61872
4.63752
4.66868
4.64405
4.62513
4.61876
4.60377
4.91854
4.61873
4.61872
4.64749
4.61855
4.63799
4.61875
4.61873
4.3731
4.61873
4.64079
4.66112
4.61867
4.61856
4.64624
4.61876
4.62202
5.06722
4.8016
4.61874
4.61877
4.64018
4.64374
4.61873
4.61883
4.61857
4.61857
4.61872
4.61938
4.61872
4.62371
4.73915
4.61879
4.65363
4.61876
4.59754
4.6494
4.61873
4.61472
4.61872
4.80073
4.61872
4.61873
4.63698
4.61873
4.90378
4.64387
4.61873
4.84795
4.6288
4.61859
4.61858
4.63896
4.61873
4.61872
4.82059
4.34192
4.61873
4.8196
4.47435
4.62281
4.61856
4.61941
4.61872
4.61877
4.61871
4.96537
4.61874
4.61872
4.61876
4.61872
4.62303
4.62686
4.63496
4.76991
4.61872
4.61872
4.93903
4.61873
4.74293
4.61855
4.61966
4.61874
4.84619
4.80413
4.61902
4.61856
4.641
4.41884
4.61872
4.61873
4.65078
4.61873
5.03786
4.61872
4.61872
4.67094
4.63679
4.61875
4.86711
4.67868
4.67536
4.62152
4.61866
4.66779
4.61856
4.65166
9.17449
9.44773
4.61872
4.64931
4.61645
4.61855
4.61855
4.61872
4.61873
4.63446
4.61872
4.64851
4.61879
4.61872
4.61873
4.83581
4.66031
4.61872
4.65592
4.61873
4.44227
4.58856
4.70018
4.61873
4.42124
4.61872
4.46174
4.68237
4.63852
4.93576
4.61872
4.61873
4.66599
4.61858
4.62999
4.63494
4.62893
4.60479
4.61881
4.70452
4.6624
4.61873
4.66733
4.61876
4.802
4.6185
4.61874
4.62651
4.61916
4.61856
4.6228
4.61875
4.85548
4.64785
4.78267
4.61872
4.61914
4.61975
4.61872
4.61873
4.61873
4.638
4.64942
4.61873
4.61856
4.72857
4.61872
4.63873
4.61872
4.61875
4.63024
4.61876
4.62109
4.65911
4.51607
4.61971
4.61873
4.62711
4.62556
4.95245
4.6257
4.61856
4.61682
4.63846
4.63915
4.67962
4.61855
4.6188
4.79671
4.6213
4.63275
4.89611
4.63393
4.61873
4.62946
4.61904
4.76483
4.74673
4.65952
4.61872
4.62448
4.66431
4.63896
4.3168
4.61877
4.31051
4.61873
4.61873
4.61857
4.61872
4.61879
4.61856
4.61873
4.84462
4.64522
4.95677
4.85037
4.34035
4.71116
4.62685
4.87757
4.6404
4.61872
4.74425
4.61855
4.63488
4.61872
4.83066
4.46081
4.61981
4.61872
4.61858
4.61872
4.61969
4.61872
4.63697
4.61874
4.61874
4.61872
4.61872
4.78972
4.61947
4.78654
4.61875
4.61875
4.61856
4.84962
4.66946
4.48806
4.61872
4.6187
4.61873
4.65715
4.62695
4.61873
4.39856
4.61873
4.64776
4.61872
4.60124
4.96014
4.61558
4.65774
4.6753
4.61873
4.61946
4.61872
4.62088
4.62773
4.86365
4.94815
4.65868
4.61888
4.66689
4.6472
4.61856
4.61879
4.6187
4.85979
4.61976
4.64059
4.61856
4.58574
4.61873
4.62628
4.61835
4.84712
4.76018
4.61882
4.56383
4.65395
4.61873
4.61857
4.45994
4.63969
4.62111
4.67119
4.60095
4.63204
4.61856
4.64948
4.61875
4.64838
4.84175
4.61872
4.45906
4.62592
4.61877
4.63219
4.61413
4.84365
4.83096
5.01145
4.49063
4.61874
4.57475
4.61873
4.61883
4.69467
4.66413
4.61872
4.66121
4.759
4.61875
4.61873
4.61872
4.58735
4.61873
4.71197
4.5927
4.61874
4.83273
4.61874
4.61872
4.74887
4.61856
4.61857
4.61858
4.61856
4.66542
4.61872
4.61872
4.67542
4.61873
4.64113
4.61871
4.61872
4.61874
4.60388
4.85341
4.61889
4.61872
4.81327
4.77408
4.61872
4.61892
4.66382
4.62161
4.61872
4.61855
4.97789
4.6968
4.61855
4.61957
4.61872
4.65567
4.6126
4.61914
4.61872
4.97302
4.6297
4.61891
4.61874
4.61872
4.61856
4.61892
4.61855
4.67884
4.63907
4.61872
4.64238
4.63296
4.76417
4.61873
4.42273
4.61874
4.61856
4.61873
4.63356
4.75715
4.61205
4.74824
4.62215
4.45819
4.62028
4.61873
4.61857
4.61857
4.65974
4.61872
4.61877
4.66354
4.72685
4.61853
4.68716
4.66678
4.67891
4.61923
4.81266
4.37031
4.881
4.62166
4.61872
4.61012
4.64674
4.62093
4.4925
4.61857
4.63149
4.82822
4.61872
4.61873
4.47653
4.61856
4.61872
4.61858
4.61966
4.61873
4.61717
4.83695
4.61872
4.61873
4.61872
4.6523
9.06165
9.3107
4.66301
4.61872
4.61856
4.63394
4.61874
4.6195
4.73724
4.61855
4.62888
4.62462
4.61856
4.61872
4.61881
4.83025
4.61856
4.61985
4.61873
4.61873
4.61856
4.61875
4.61981
4.61872
4.61856
4.61971
4.61873
4.61855
4.61875
4.64018
4.61855
4.66751
4.61874
4.61873
4.61872
4.37107
4.61872
4.61873
4.94294
4.61809
4.86225
4.61971
4.61871
4.6187
4.61872
4.63121
4.82728
4.63913
4.8439
4.75687
4.61856
4.75347
4.6197
4.61977
4.61856
4.66014
4.61893
4.94385
4.61856
4.6188
4.61872
4.62021
4.61873
4.61856
4.619
4.67134
4.6198
4.61856
4.61876
4.61859
4.59135
4.63229
4.61872
4.61873
4.61873
4.61872
4.61874
4.61872
4.62497
4.63142
4.61692
4.61871
4.87121
4.61883
4.63446
4.61855
4.62001
4.61872
4.61781
4.88183
4.61872
4.61878
4.61872
4.61973
4.61873
4.49502
4.61872
4.61872
4.62099
4.65252
4.83413
4.81342
4.61872
4.90367
4.8233
4.69729
4.61872
4.62054
4.7344
4.61872
4.70353
4.61859
4.64433
4.64982
4.82545
4.64656
4.61856
4.61872
4.61872
4.63517
4.91109
4.83984
4.62357
4.61856
4.61879
4.63169
4.61856
4.61873
4.64517
4.61877
4.61856
4.61875
4.66996
4.61872
4.661
4.74369
4.61872
4.61872
4.91481
4.62962
4.61856
4.61874
4.81095
4.61873
4.38551
4.86934
4.63075
4.61875
4.61875
4.61856
4.42848
4.61873
4.61872
4.61873
4.90737
4.61873
4.68805
4.61872
4.4188
4.62358
4.61873
4.97066
4.73564
4.61872
4.61873
4.82052
4.61873
4.87435
4.64593
4.61872
4.63075
4.61872
4.61872
4.65702
9.83292
4.75023
4.61879
4.61873
4.61855
4.61872
4.61873
4.61855
4.61872
4.61873
4.62233
4.92755
4.61873
4.61856
4.64177
4.61873
4.61865
4.65987
4.62289
4.61873
4.40123
4.61873
5.00831
4.61872
4.61872
4.4188
4.62714
4.81756
4.61856
4.61856
4.61872
4.61872
4.61872
4.61851
4.61873
4.61872
4.61855
4.63594
4.62862
4.61856
4.85996
4.24211
4.61872
4.61873
4.61877
4.61872
4.61967
4.64277
4.61789
4.61873
4.67165
4.86527
4.61856
4.61873
4.65355
4.63585
4.61875
4.64649
4.61856
4.63115
4.61856
4.61855
4.63926
4.65401
4.76282
4.63491
4.61872
4.67729
4.61874
4.61872
4.61872
4.61856
4.66495
5.04958
4.62375
4.82175
4.73307
4.61875
4.61873
4.64334
4.61875
4.61856
4.73196
4.51013
4.61872
4.61872
4.6246
4.61872
4.61845
4.61873
4.8254
4.63844
4.83488
4.6188
4.61872
4.61873
4.61877
4.61873
4.61882
4.61873
4.61855
4.64517
4.61872
4.62999
4.86943
4.61873
4.61875
4.61872
4.44373
4.72268
4.6487
4.6741
4.61872
4.79394
4.74002
4.61873
4.84333
4.61855
4.61856
4.61856
4.45731
4.63044
4.6183
4.61856
4.61856
4.27515
4.6764
4.61872
4.65341
4.76879
4.7923
4.75075
4.66917
4.82212
4.61877
4.61872
4.63431
4.59334
4.64544
4.61875
4.61873
4.62006
4.62273
4.82639
4.73507
4.61873
4.61872
4.82028
4.6188
4.61873
4.61872
4.61858
4.62137
4.61873
4.61873
4.61852
4.61873
4.65926
4.61873
4.6393
4.46868
4.61876
4.49113
4.61876
4.61856
4.61873
4.61855
4.61872
4.61675
4.64623
4.83456
4.86235
4.6412
4.61873
4.61873
4.61872
4.61872
4.61856
4.61872
4.61871
4.61875
4.61875
4.62597
4.61936
4.67396
4.61856
4.61855
4.61873
4.6563
4.61873
4.61856
4.60431
4.7307
4.61873
4.61904
4.67507
4.61872
4.61872
4.73081
4.69823
4.61872
4.61857
4.66184
4.61872
4.61873
4.61875
4.87814
4.61969
4.61872
4.61877
4.61871
4.61872
4.6525
4.61872
4.61856
4.61872
4.61877
4.61968
4.61873
4.61872
4.69288
4.65761
4.58798
4.71505
4.61873
4.61883
4.47228
4.62608
4.63727
4.62663
4.61873
4.61858
4.68326
4.61857
4.61856
4.61975
4.61874
4.61872
4.61875
4.61883
4.61872
4.61857
4.65606
4.61874
4.61875
4.61875
4.9576
4.61889
4.61856
4.61882
4.67035
4.61873
4.70562
4.64565
4.61656
4.61855
4.62799
4.61876
4.64649
4.61872
4.67924
4.61873
4.64737
4.64424
4.61856
4.72094
4.61874
4.59953
4.66777
4.61868
4.61874
4.61873
4.61872
4.61856
4.51857
4.61872
4.75431
4.75597
4.61872
4.61883
4.73273
4.6436
4.61882
4.61873
4.62101
4.7251
4.62918
4.62393
4.86495
4.87956
4.64246
4.61872
4.81751
4.62289
4.6187
4.61856
4.92725
4.7511
4.35569
4.62069
4.63603
4.62769
4.62145
4.7592
4.64755
4.8703
4.61928
4.61872
4.68286
4.61872
4.61873
4.65215
4.67279
4.61863
4.61873
4.80022
4.61872
4.3873
4.61886
4.64483
4.61872
4.64694
4.61873
4.61872
4.61875
4.64205
4.62488
4.64063
4.61873
4.62115
4.61874
4.61877
4.62444
4.61873
4.61874
4.65703
4.61856
4.81731
4.81304
4.61874
4.61771
4.61873
4.61872
4.61873
4.66553
5.06216
4.69428
4.61872
4.61856
4.76055
4.61874
4.62968
4.62401
4.63067
4.61857
4.61856
4.90173
4.77937
4.61873
4.63738
4.61869
4.73131
4.64712
4.61954
4.61872
4.61858
4.61872
4.56515
4.62008
4.61879
4.61778
4.61873
4.61872
4.60648
4.87471
4.6848
4.66587
4.61876
4.61872
4.63545
4.61855
4.61872
4.61874
4.68924
4.90527
4.61856
4.69038
4.64818
4.61946
4.61872
4.61872
4.6318
4.7071
4.61877
4.97444
4.61874
4.67989
4.63877
4.89858
4.73212
4.61977
4.61924
4.61884
4.63388
4.61874
4.89997
4.6193
4.6462
4.66342
4.61872
4.61872
4.64849
4.61872
4.67042
4.61873
4.85124
4.67237
4.61872
4.61856
4.61873
4.61872
4.67256
4.66411
4.61877
4.61901
4.61873
4.61856
4.61856
4.61968
4.61856
9.23825
9.23819
4.61857
4.59066
4.61855
4.50854
4.78607
4.66496
4.60436
4.61873
4.82933
4.61872
4.61887
4.6293
4.61874
4.61876
4.61872
4.70894
4.62291
4.64365
4.61873
4.61988
4.6188
4.61872
4.85872
4.63248
4.8268
4.61874
4.81459
4.65621
4.62123
4.90416
4.61874
4.61984
4.61856
4.61874
4.63287
4.64767
4.61974
4.65115
4.81191
4.61872
4.61872
4.66026
4.63269
4.66769
4.68935
4.61872
4.33877
4.62367
4.61856
4.61871
4.61878
4.46758
4.62946
4.61883
4.61872
4.45752
4.61883
4.82656
4.84616
4.6188
4.62182
4.61966
4.69525
4.61872
4.61872
4.62291
4.63345
4.61872
4.68734
4.70914
4.65505
4.57227
4.89141
4.80979
4.61856
4.61875
4.61872
4.63296
4.61856
4.61872
4.66208
4.61856
4.61974
4.61876
4.65414
4.64646
4.63476
4.79748
4.90876
4.67771
4.61872
4.61856
4.61872
4.61874
4.92578
4.34416
4.61716
4.62131
4.46598
4.61872
4.61856
4.61872
4.74156
4.61855
4.63878
4.61872
4.8137
4.61872
4.61872
4.66052
4.61445
4.61874
4.62067
4.62455
4.61872
4.76193
4.47528
4.61872
4.61856
4.62871
5.0207
4.81535
4.61885
4.61885
4.66284
4.6157
4.61872
4.61873
4.63406
4.61873
4.64152
4.80062
4.66014
4.61872
4.61873
4.61872
4.61872
4.61855
4.66808
4.61872
4.70127
4.61873
4.61855
4.61873
4.61856
4.4986
4.62471
4.80043
4.62577
4.61856
4.61855
4.69223
4.66366
4.62244
4.61872
4.66337
4.61872
4.61872
4.81811
4.66124
4.61856
4.61872
4.61872
4.61855
4.62141
4.61872
4.80972
4.61856
4.60611
4.62135
4.61872
4.61856
4.61856
4.63354
4.51085
4.61872
4.61877
4.70711
4.61873
4.82198
4.61971
4.61807
4.65826
4.65551
4.67278
4.7635
4.86808
4.75427
4.6188
4.61873
4.63945
4.61876
4.61874
4.61872
4.61855
4.7651
4.65612
4.37332
4.61873
4.61872
4.93079
4.61874
4.86183
4.69586
4.66332
4.61791
4.6567
4.61877
4.61873
4.60914
4.61856
4.61873
4.47074
4.61872
4.70239
4.61872
4.67788
4.61855
4.61873
4.61874
4.61872
4.91495
4.61872
4.61855
4.61856
4.67273
4.62142
4.61885
4.61873
4.61873
4.54646
4.68269
4.62089
4.61855
4.69154
4.61854
4.6349
4.61863
4.61872
4.61973
4.92236
4.61856
4.61917
4.61874
4.61873
4.61874
4.63765
4.61872
4.61856
4.61872
4.80697
4.94782
4.65564
4.70307
4.50941
4.61872
4.61871
4.45188
4.41179
4.61871
4.61881
4.66738
4.61873
4.61872
4.80245
4.62733
4.5063
4.49761
4.61872
4.64508
4.61875
4.51801
4.61873
4.63163
4.61872
4.92403
4.61872
4.61855
4.66518
4.61872
4.61977
4.38081
4.61856
4.61872
4.63594
4.61856
4.61876
4.74487
4.6424
4.61873
4.61907
4.61872
4.61845
4.61855
4.64391
4.61877
4.64804
4.61872
4.61856
4.49963
4.61873
4.61878
4.61873
4.61872
4.61855
4.64286
4.61874
4.61855
4.8651
4.61872
4.61855
4.61872
4.61872
4.61875
4.61872
4.61873
4.61872
4.62124
4.62022
4.8203
4.61872
4.61784
4.61856
4.63237
4.61872
4.61872
4.75869
4.61872
4.61856
4.6187
4.3758
4.72825
4.63445
4.61872
4.66662
4.61873
4.61873
4.2202
4.6348
4.69745
4.62111
4.61874
4.61874
4.40056
4.61872
4.70635
4.61872
4.61873
4.61873
4.61872
4.61855
4.67486
4.61874
4.63657
4.67166
4.61855
4.61871
4.88986
4.58537
4.61873
4.64039
4.61856
4.61856
4.84317
4.68098
4.61872
4.61814
4.61875
4.84997
4.61875
4.86246
4.7887
4.61977
4.63606
4.70016
4.88727
4.61872
5.07141
4.61857
4.66055
4.61838
4.61873
4.61856
4.79708
4.61873
4.65156
4.66186
4.58599
4.61872
4.61872
4.61872
4.61872
4.61872
4.64472
4.6193
4.59044
4.61873
4.61976
4.65782
4.61872
4.61872
4.66986
4.61872
4.61855
4.61872
4.61855
5.06088
4.61872
4.61873
4.62656
4.80673
4.61873
4.61872
4.61873
4.61874
4.61855
4.61859
4.61856
4.63259
4.62135
4.66464
4.79716
4.653
4.65066
4.63956
4.6184
4.61855
4.44372
4.61855
4.61872
4.61873
4.71369
4.72256
4.61877
4.6188
4.61877
4.66582
4.61872
4.61876
4.37626
4.61872
4.61872
4.66358
4.52323
4.61856
4.61872
4.65864
4.61873
4.63813
4.61907
9.24323
4.61872
4.64554
4.61872
4.64569
4.61835
4.61856
4.53555
4.80229
4.61872
4.61855
4.61872
4.9857
4.61873
4.61855
4.61867
4.61855
4.63417
4.61873
4.6597
4.61874
4.61876
4.54331
4.63834
4.83194
4.61872
4.61874
4.45114
4.79165
4.62554
4.82703
4.81895
4.62206
4.61789
4.61882
4.61856
4.6188
4.61855
4.61872
4.61872
4.62434
4.61874
4.61872
4.61872
4.61872
4.64812
4.61876
4.63248
4.66312
4.61872
4.61899
4.61858
4.61922
4.77344
4.61874
4.56186
4.66458
4.66011
4.708
4.61856
4.61877
4.61872
4.61873
4.61873
4.79973
4.62982
4.61856
4.61872
4.61855
4.61872
4.61872
4.84733
4.68738
4.61876
4.61975
4.68949
4.61871
5.08026
4.61872
4.87552
4.61855
4.61978
4.81723
4.54375
4.61872
4.61856
4.66606
4.61875
4.76911
4.67212
4.61873
4.66442
4.85502
4.61874
4.61876
4.64615
4.61872
4.61856
4.61932
4.61872
4.63426
4.61892
4.61873
4.61889
4.61874
4.61872
4.61872
4.61872
4.86192
4.61855
4.61872
4.80399
4.61855
4.62995
4.61872
4.61873
4.61878
4.61872
4.61873
4.61997
4.61872
4.61856
4.6178
4.61873
4.61726
4.61872
4.61856
4.4883
4.64693
4.61872
4.69829
4.61873
4.53209
4.61896
4.61876
4.61873
4.61855
4.61856
4.61872
4.67486
4.61855
4.70366
4.61942
4.62293
4.61879
4.61888
4.61872
4.61872
4.61872
4.61904
4.84149
4.61873
4.67952
4.61873
4.77427
4.80378
4.67083
4.79625
4.76677
4.6187
4.61851
4.61715
4.61855
4.61856
4.6516
4.65157
4.88173
5.13787
4.79097
4.61873
4.63611
4.84052
4.61872
4.61855
4.85467
4.61872
4.61872
4.71366
4.88996
4.61872
4.61873
4.61875
4.67186
4.67536
4.61879
4.61875
4.61884
4.76214
4.61855
4.61872
4.61873
4.61872
4.61872
4.71636
4.61872
4.61872
4.67591
4.68596
4.61877
4.78225
4.61879
4.61876
4.81571
4.63229
4.6579
4.61872
4.64729
4.61872
4.61855
4.61856
4.61872
4.6576
4.65419
4.78293
4.66341
4.61807
4.84135
4.61872
4.66373
4.61872
4.65669
4.61893
4.72727
4.61872
4.61872
4.69666
4.61874
4.85562
4.61872
4.61872
4.61855
4.61872
4.88347
4.61872
4.6544
4.6591
4.61872
4.61855
4.57658
4.63406
4.61872
4.6178
8.8299
8.49398
4.62091
4.63721
4.61856
4.62231
4.6394
4.61873
4.6813
4.67637
4.65323
4.88981
4.62561
4.61872
4.88671
4.80108
4.62072
4.61872
4.62014
4.61873
4.61856
4.61876
4.62258
4.6402
4.61872
4.73189
4.61687
4.61855
4.61873
4.6573
4.77009
4.61855
4.62709
4.66178
4.63466
4.65442
4.62445
4.61872
4.61872
4.13234
4.61872
4.66115
4.81303
4.61873
4.64
4.61855
4.61872
4.66893
4.61872
4.61877
4.61872
4.60317
4.61893
4.61854
4.66263
4.57287
4.61886
4.5147
4.61855
4.61855
4.61855
4.61891
4.61775
4.61872
4.66443
4.61913
4.62145
4.61872
4.61872
4.61873
4.6283
4.65811
4.61878
4.80508
4.61873
4.81364
4.61871
4.4293
4.61872
4.61999
4.61855
4.61872
4.61872
4.61856
4.80024
4.63851
4.66767
4.61873
4.61872
4.73455
4.61873
4.61855
4.67039
4.61856
4.61872
4.61982
4.65069
4.6417
4.64377
4.62248
4.61855
4.61872
4.61872
4.75407
4.61873
4.61855
4.67404
4.67525
4.78794
4.76815
4.61872
4.63226
4.51846
4.89441
4.62353
4.7454
4.61872
4.61855
4.62013
4.58721
4.60478
4.66385
4.61874
4.73878
4.61868
4.61872
4.61872
4.61872
4.61877
4.61873
4.80889
4.61872
4.61872
4.61735
4.6872
4.67449
4.69416
4.41866
4.61876
4.61836
4.79548
4.80842
4.61874
4.65498
4.61872
4.72869
4.61874
4.61788
4.79627
4.61872
4.61855
4.61872
4.62471
4.61921
4.6778
4.60707
4.67592
4.61953
4.61873
4.61856
4.46921
4.61872
4.71831
4.61855
4.61873
4.61855
4.64837
4.61872
4.61872
4.62877
4.61873
4.61872
4.62071
4.61855
4.88564
4.62152
4.65271
4.61872
4.61855
4.96486
4.81478
4.3865
4.97329
4.61873
4.62681
4.61873
4.61872
4.62816
4.67316
4.61872
4.61875
4.61872
4.63873
4.64277
4.66967
4.7726
4.7736
4.61865
4.61872
4.61873
4.66779
4.61872
4.56685
4.61872
4.6356
4.61872
4.61855
4.7456
4.61872
4.62363
4.61855
4.61995
4.67807
4.67522
4.61873
4.61873
4.79354
4.61872
4.6776
4.92535
4.61855
4.61855
4.63454
4.62817
4.62001
4.61926
4.66506
4.61872
4.87258
4.53074
4.61876
4.61905
4.61872
4.62021
4.73892
4.61875
4.71692
4.61874
4.61871
4.61872
4.74059
4.61873
4.61872
4.61872
4.61941
4.61855
4.61856
4.63025
4.88611
4.65721
4.61872
4.52092
4.64993
4.68095
4.61855
4.61872
4.61855
4.61872
4.61872
4.63747
4.61872
4.61855
4.54751
4.46298
4.61872
4.64036
4.61872
4.62078
4.61855
4.80675
4.61872
4.63354
4.67417
4.61872
4.61872
4.61872
4.61872
4.59175
4.61855
4.87431
4.6119
4.74093
4.61855
4.61872
4.61855
4.72896
4.66158
4.61856
4.75591
4.61873
4.61873
4.79631
4.61872
4.66344
4.63454
4.63015
4.61872
4.61855
4.6315
4.61872
4.1728
4.61872
4.50216
4.61856
4.61872
4.61856
4.61855
4.61873
4.65648
4.61873
4.61874
4.61872
4.61873
4.61872
4.61872
4.61872
5.18902
4.61855
4.67013
4.61872
4.66646
4.5987
4.61855
4.67645
4.61872
4.83311
4.6574
4.53769
4.61872
4.61872
4.61873
4.72106
4.63296
4.43443
4.83392
4.62649
4.61873
4.61872
4.64287
4.61872
4.61872
4.63426
4.62037
4.62171
4.61897
4.61855
4.65334
4.61857
4.61872
4.87057
4.61855
4.61879
4.81006
4.61877
4.61878
4.61872
4.61834
4.61872
4.61872
4.61872
4.61872
4.61872
4.17301
4.6423
4.8514
4.62027
4.61872
4.7933
4.61872
4.61855
4.89012
4.61873
4.87083
4.61873
4.61814
4.61872
4.61886
4.61872
4.7657
4.65699
4.41791
4.33982
4.66155
4.62925
4.61873
4.61874
4.61872
4.61855
9.1165
4.62873
4.76555
4.61872
4.16377
4.61872
4.61873
4.68084
4.61875
4.62162
4.61855
4.65601
4.6195
4.61872
4.61855
4.62158
4.61871
4.5566
4.62895
4.61874
4.62157
4.61873
4.61859
4.61872
4.61872
4.64372
4.84288
4.76648
4.49945
4.61872
4.71391
4.65507
4.61855
4.61856
4.61872
4.61873
4.61878
4.62274
4.62838
4.61872
4.61872
4.65333
4.61873
4.67526
4.61873
4.61855
4.61872
4.64214
4.61872
4.6417
4.61873
4.61872
4.61872
4.60001
4.41609
4.61855
4.61872
4.61872
4.68161
4.61872
4.63611
4.61872
4.62524
4.61873
4.61856
4.61873
4.80541
4.70448
4.61872
4.61872
4.61855
4.64273
4.61876
4.66141
4.61889
4.61873
4.67022
4.65795
4.61855
4.61872
4.61873
4.80187
4.61872
4.61872
4.62109
4.61872
4.61872
4.62652
4.61872
4.63796
4.61872
4.82228
4.64686
4.61877
4.61873
4.65176
4.61872
4.61872
4.594
4.79058
4.61872
4.61855
4.71768
9.97418
9.01635
4.61882
4.61872
4.61873
4.74568
4.90647
4.61872
4.61873
4.75662
4.61882
4.61855
4.80371
4.65353
4.61874
4.64035
4.61873
4.76699
4.61855
4.61856
4.61872
4.7222
4.62106
4.61872
4.61872
4.61872
4.61914
4.59637
4.61872
4.61867
4.61872
4.61872
4.58622
4.44759
4.67497
4.62585
4.61856
4.61959
4.61855
4.61872
4.61872
4.74428
4.79037
4.61872
4.65926
4.61872
4.61043
4.62291
4.61856
4.61852
4.62276
4.61872
4.65281
4.61872
4.7651
4.61887
4.63491
4.61872
4.63708
4.61872
4.61872
4.61872
4.61872
4.84149
4.70438
4.61889
4.63725
4.61872
4.61872
4.61872
4.45689
4.67312
4.61845
4.61855
4.7826
4.61019
4.61855
4.61872
4.61855
4.61872
4.61872
4.61855
4.61873
4.7209
4.61872
4.76835
4.61856
4.84607
4.61876
4.61855
4.63383
4.62228
4.61879
4.61871
4.64458
4.61872
4.62622
4.77299
4.76843
4.64895
4.61927
4.80222
4.61899
4.641
4.61873
4.61876
4.61855
4.78967
4.61899
4.61873
4.86143
4.61811
4.61874
4.66568
4.61872
4.67453
4.61855
4.60526
4.63887
4.79635
4.61872
4.61856
4.62604
4.67125
4.59766
4.61873
4.66029
4.90252
4.82983
4.62001
4.61878
4.82998
4.62115
4.6188
4.61872
4.75971
4.70575
4.6697
4.61873
4.96113
4.55096
4.61872
4.61898
4.6227
4.07747
4.61872
4.61872
4.62632
4.61872
4.61872
4.7877
4.61872
4.61873
4.61872
4.67541
4.65474
4.66515
4.81057
4.61872
4.63617
4.61874
4.61858
4.61855
4.61883
4.86419
4.6189
4.61872
4.61872
4.8704
4.79818
4.61855
4.61872
4.61872
4.61872
4.50341
4.78098
4.61857
4.63475
4.61873
4.22653
4.78987
4.6199
4.67127
4.67251
4.61872
4.87947
4.64571
4.61872
4.64246
4.27753
4.61843
4.59471
4.79963
4.61914
4.61872
4.6966
4.61872
4.61872
4.61873
4.61872
4.61745
4.61884
4.75008
4.87086
4.61741
4.61855
4.89095
4.63643
4.61872
4.79216
4.61872
4.64919
4.67577
4.78691
4.61994
4.44477
4.61855
4.62005
4.61872
4.79236
4.88094
4.63827
4.6032
4.61872
4.61872
4.61872
4.44571
4.9047
4.62238
4.61855
4.61873
4.66232
4.62962
4.60373
4.62356
4.7447
4.61855
4.76652
4.90012
4.70783
4.57552
4.63911
4.62299
4.61877
4.77537
4.61872
4.61872
4.7366
4.61872
4.67065
4.64196
4.6348
4.65901
4.61855
4.64437
4.6192
4.61873
4.61872
4.87775
4.63937
4.61855
4.61875
4.61832
4.61872
4.74847
4.79498
4.81023
4.61801
4.61872
4.61873
4.6188
4.62092
4.66135
4.6188
4.61872
4.68226
4.76122
4.61872
4.63254
4.61855
4.61859
4.61872
4.75084
4.61445
4.77437
4.61855
4.61872
4.61855
4.66579
4.61872
4.66256
4.6447
4.6354
4.52514
4.64119
4.61855
5.06037
4.61873
4.61872
4.61872
4.61855
4.61872
4.61872
4.61873
4.61855
4.61872
4.98854
4.61856
4.61873
4.85647
4.7626
4.78298
4.61855
4.61873
4.61872
4.61864
4.61872
4.61873
4.63886
4.61873
4.47472
4.61872
4.62544
4.6183
4.61988
4.61872
4.61875
4.63313
4.6222
4.61872
4.77383
4.61872
4.61873
4.65193
4.63708
4.61872
4.88447
4.73587
4.66964
4.61889
4.61928
4.61872
9.76962
8.90211
9.49497
4.61872
4.61933
4.62329
4.61872
4.61873
4.61855
4.61872
4.65568
4.61872
4.61872
4.61872
4.71532
4.61263
4.62195
4.61872
4.61873
4.61872
4.61875
4.61876
4.6191
4.61872
4.61872
4.61855
4.61872
4.61872
4.61855
4.61872
4.61878
4.61873
4.61872
4.61872
4.61894
4.61872
4.61872
4.8809
4.61872
4.71617
4.58713
4.61902
4.74363
4.61872
4.61873
4.78031
4.79332
4.7024
4.61862
4.61872
4.61855
4.72707
4.66747
4.64041
4.61874
4.15498
4.61873
4.62025
4.64064
4.43112
4.61874
4.58291
4.66407
4.61872
4.62022
4.61855
4.56295
4.61855
4.61856
4.86487
4.61792
4.66028
4.63165
4.61872
4.6188
5.01289
4.61872
4.61872
4.61872
4.69544
4.61856
4.64416
4.62998
4.63768
4.61872
4.61872
4.56361
4.61872
4.62005
4.61855
4.73527
4.61855
4.6136
4.64881
4.78511
4.66313
4.61873
4.61872
4.61873
4.78116
5.09446
4.61872
4.62942
4.73603
4.61872
4.59497
4.61873
4.61855
4.80866
4.6188
4.61872
4.61872
4.61872
4.61858
4.85936
4.64995
4.62047
4.61872
4.61872
4.61872
4.61873
4.71311
4.81818
4.61872
4.61912
4.61872
4.61872
4.61856
4.6731
4.61978
4.61875
4.61878
4.63837
4.61872
4.61872
4.59335
4.62989
4.61855
4.61327
4.64143
4.61872
4.61872
4.63668
4.81985
4.61872
4.61872
4.64946
4.61872
4.59492
4.67184
4.61912
4.61872
4.61872
4.63305
4.61156
4.83983
4.61872
4.63778
4.63772
4.62012
4.61873
4.61872
4.61855
4.61872
4.61872
4.87366
4.62096
4.61872
4.6188
4.88158
4.61875
4.61855
4.62451
4.65848
4.61873
4.62451
4.61877
4.61969
4.61889
4.4969
4.51008
4.61857
4.78629
4.61858
4.89529
4.65665
4.79451
4.61873
4.77955
4.6037
4.61873
4.62672
4.62605
4.61873
4.62274
4.61872
4.46389
4.6608
4.61855
4.63784
4.61845
4.61872
4.61868
4.70185
4.65546
4.66418
4.6188
4.61873
4.61795
4.61872
4.61872
4.63594
4.61872
4.92047
4.61874
4.61872
4.64058
4.62179
4.64086
4.61872
4.50531
4.61121
4.62203
4.71457
4.63998
4.61872
4.61858
4.77011
4.61418
4.62145
4.61855
4.6618
4.61872
4.72632
4.62187
4.61884
4.61873
4.55723
4.62986
4.792
4.76598
4.65183
4.61872
4.61872
4.61872
4.61855
4.64566
4.50769
4.61872
4.61872
4.61872
4.61855
4.61859
4.61872
4.45173
4.61855
4.61873
4.61873
4.61871
4.61872
4.61872
4.64311
4.61855
4.61877
4.61876
4.61872
4.61872
4.61872
4.93147
4.60157
4.61855
4.6229
4.61855
4.71855
4.61877
4.62202
4.66779
4.64623
4.61871
4.66534
4.61873
4.67223
4.79032
4.61867
4.77227
4.61872
4.66481
4.61872
4.61872
4.62618
4.76843
4.61855
4.61872
4.01179
4.65796
4.61872
4.6131
4.75414
4.61872
4.61872
4.62216
4.7782
9.85854
4.61873
9.05962
4.66141
4.61883
4.61872
4.61729
4.61872
4.61925
4.6225
4.77348
4.61872
4.59985
4.61872
4.60907
4.63792
4.42235
4.61898
4.61873
4.61855
4.61855
4.61872
4.61872
4.61872
4.63369
4.61855
4.56796
4.61872
4.54413
4.61855
4.61872
4.61873
4.61872
4.61872
4.65756
4.63474
4.69071
4.61855
4.87118
4.60941
4.61856
4.61855
4.6189
4.61873
4.61873
4.33281
4.61855
4.61872
4.61893
4.61872
4.63008
4.61889
4.61855
4.62519
4.61855
4.61872
4.81663
4.61873
4.61872
4.61872
4.61872
4.32442
4.6746
4.61908
4.61855
4.61872
4.61872
4.61855
4.61872
4.64006
4.61705
4.61872
4.77944
4.6198
4.61872
4.61872
4.61858
4.61872
4.48083
4.84674
4.62794
4.61872
4.66777
4.59423
4.61872
4.31606
4.77915
4.60608
4.78885
4.67949
4.80155
4.61855
4.91128
4.61873
4.61855
4.61872
4.61323
4.6142
4.60664
4.61872
4.64582
4.61855
4.61954
4.61928
4.68206
4.64263
4.6209
4.62775
4.61855
4.61872
4.61872
4.70704
4.70215
4.63937
4.78563
4.66435
4.61872
4.61855
4.61286
4.61855
4.61876
4.61856
4.61872
4.61873
4.61872
4.61872
4.61855
4.77458
4.61872
4.61855
4.61872
4.77264
4.77492
4.61872
4.61873
4.61872
4.61871
4.61952
4.649
4.64202
4.61855
4.61872
4.61883
4.61872
4.62143
4.61855
4.67067
4.61894
4.61872
4.61872
4.86458
4.61937
4.61872
4.61872
4.61872
4.61872
4.61872
4.60331
4.61855
4.63587
4.72467
4.61856
4.61855
4.61872
4.61872
4.66609
4.61874
4.61872
4.65888
4.61872
4.61872
4.32801
4.61872
4.62813
4.6188
4.65312
4.61855
4.61873
4.78634
4.61855
4.61268
4.61993
4.61872
4.53729
4.61873
4.61872
4.62328
4.62904
4.61855
4.61872
4.62179
4.85072
4.61872
4.78656
4.62543
4.63699
4.61873
4.61855
4.62595
4.60769
4.61873
4.61853
4.61877
4.61872
4.61872
4.61872
4.77936
4.61874
4.61872
4.61818
4.86194
4.62337
4.66913
4.87881
4.29344
4.61872
4.62707
4.61855
4.61873
4.73205
4.61997
4.62386
4.61855
4.61872
4.78462
4.61872
4.73542
4.61855
4.58936
4.61872
4.61872
4.61873
4.69038
4.61852
4.61855
4.61873
4.62712
4.62736
4.61872
4.61873
4.61855
4.66836
4.62046
4.85033
4.62131
4.75546
4.61872
4.61873
4.78132
4.61871
4.78238
4.61855
4.5815
4.61855
4.65022
4.61872
4.72785
4.61872
4.84376
4.61872
4.61872
4.76744
4.61872
4.61872
4.69784
4.54178
4.61462
4.61867
4.87228
4.63217
4.61872
4.5822
4.61872
4.66933
4.65159
4.61884
4.49707
4.61872
4.54048
4.75678
4.61855
4.74821
4.59384
4.61872
4.61872
4.6295
4.61855
4.63613
4.61872
4.62076
4.61915
4.61855
4.61872
4.61877
4.62617
4.64617
4.78572
4.80598
4.61855
4.64415
4.62806
4.62082
4.61873
4.63259
4.6188
4.69005
4.61871
4.61855
4.54847
4.62605
4.79473
4.61913
4.61896
4.85104
4.78147
4.65201
4.63702
4.61872
4.61874
4.61872
4.61855
4.61872
4.61872
4.61872
4.61852
4.61991
4.63621
4.61889
4.61872
4.61872
4.86893
4.61872
4.61854
4.61876
4.59063
4.61855
4.62413
4.61872
4.61872
4.86433
4.61873
4.61872
4.77562
4.61872
4.61872
4.61881
4.61855
4.75821
4.61872
4.61997
4.61872
4.75757
4.61873
4.61872
4.6188
5.00388
4.69385
4.65491
4.83526
4.63154
4.62649
4.77704
4.71818
4.61436
4.62342
4.61872
4.61872
4.53712
4.61874
4.6188
4.57391
4.61872
4.61872
4.61872
4.61872
4.61855
4.61855
4.62041
4.63246
4.61872
4.61872
4.61874
4.76882
4.87191
4.62574
4.63976
4.61872
4.48475
4.65132
4.76588
4.61872
4.61872
4.61872
4.61872
4.56679
4.63214
4.74953
4.61855
4.23363
4.66592
4.61872
4.61872
4.61855
4.74408
4.6268
4.61872
4.82838
4.62984
4.61855
4.61872
4.61872
4.61855
4.61872
4.66989
4.61855
4.61872
4.8745
4.62026
4.67357
4.61872
4.64624
4.61889
4.61872
4.63344
4.62011
4.53844
4.61872
4.61872
4.61872
4.75389
4.61872
4.61855
4.61851
4.73892
4.77901
4.63578
4.61834
4.6186
4.61873
4.61982
4.61872
4.61872
4.61873
4.63405
4.61872
4.61855
4.62837
4.61855
4.6844
4.61872
4.63837
4.61872
4.59738
4.60132
4.61872
4.6188
4.61873
4.69558
4.62301
4.61855
4.76052
4.61872
4.80334
4.61855
4.61872
4.61872
4.61872
4.61872
4.61791
4.61872
4.61874
4.44918
4.61855
4.8171
4.63441
4.61872
4.61872
4.61855
4.84965
4.61897
4.63886
4.61872
4.61829
4.82817
4.61874
4.61872
4.61872
4.49375
4.61872
4.61855
4.66754
4.77937
4.61872
5.00044
4.61872
4.61872
4.80049
4.61872
4.61872
4.61893
4.61872
4.6188
4.61872
4.61703
4.60534
4.62302
4.61875
4.61873
4.77296
4.61872
4.61873
4.61872
4.85556
4.61874
4.61958
4.62871
4.61872
4.62653
4.61872
4.61873
4.61872
4.61855
4.42581
4.61976
4.63906
4.61872
4.78828
4.61872
4.62382
4.64908
4.61855
4.61888
4.645
4.63827
4.87355
4.61872
4.61872
4.63219
4.61855
4.61855
4.65379
4.61873
4.61872
4.6225
4.81064
4.61872
4.61855
4.30924
4.60707
4.61855
4.62345
4.60814
4.64326
4.61873
4.74459
4.61872
4.61872
4.47119
4.89238
9.3399
4.61872
4.61872
4.6221
4.7766
4.6189
4.61872
4.63855
4.61855
4.6332
4.6197
4.77222
4.61771
4.68208
4.5936
4.65284
4.61872
4.75368
4.61855
4.6714
4.62087
4.61855
4.61855
4.61872
4.61855
4.62698
4.65053
4.65491
4.61866
4.61872
4.62088
4.61872
4.61795
4.65209
4.47657
4.82195
4.61855
4.64458
4.61855
4.6894
4.61872
4.61872
4.61912
4.61871
4.7723
4.61872
4.61661
4.56329
4.61872
4.61848
4.61872
4.64748
4.61855
4.61855
4.36847
4.61872
4.68186
4.61855
4.61855
4.6229
4.6097
4.5462
4.61097
4.62086
4.78359
4.61855
4.61855
4.61872
4.62276
4.61868
4.61872
4.61855
4.61872
4.76008
4.13751
4.61872
4.61872
4.61956
4.62995
4.61855
4.61872
4.61872
4.90316
4.61917
4.5523
4.61872
4.61873
4.61873
4.61948
4.61873
4.61873
4.73028
4.61873
4.61872
4.61873
4.61873
4.61872
4.61872
4.83089
4.61872
4.61872
4.61854
4.61876
4.79339
4.6188
4.61874
4.62005
4.69064
4.61855
4.61789
4.61855
4.63412
4.61872
4.61872
4.61872
4.61935
4.61872
4.61884
4.62184
4.61855
4.81264
4.61855
4.76886
4.60369
4.99076
4.61872
4.61872
4.61855
4.62506
4.37404
4.61872
4.61855
4.76557
4.61878
4.68446
4.76825
4.77998
4.61872
4.61953
4.61872
4.61873
4.433
4.61872
4.62047
4.61855
4.85554
4.61833
4.6188
4.61872
4.62508
4.65691
4.53474
4.61973
4.61867
4.61855
4.5995
4.61855
4.61872
4.61872
4.76151
4.58248
4.61872
4.61855
4.61872
4.61872
4.61855
4.61872
4.61855
4.61856
4.57157
4.61872
4.81905
4.61872
4.61872
4.6188
4.61872
4.61872
4.61856
4.63345
4.62032
4.61872
4.61872
4.61855
4.61855
4.61855
4.62118
4.63195
4.54525
4.64233
4.6229
4.6189
4.61856
4.61872
4.61872
4.61872
4.58433
4.6306
4.61874
4.61828
4.61854
4.61872
4.61855
4.61872
4.64378
4.61872
4.61872
4.65477
4.6185
4.61855
4.92058
4.641
4.629
4.61872
4.61872
4.61929
4.61873
5.10393
4.72728
4.61872
4.61872
4.61872
4.61855
4.61855
4.61872
4.61855
4.6285
4.66902
4.61872
4.67668
4.44368
4.61872
4.61855
4.59203
4.62636
4.61855
4.61894
4.61872
4.61843
4.61883
4.61855
4.61872
4.61908
4.67239
4.93074
4.66561
4.78142
4.84316
4.62003
4.61872
4.61874
4.67255
4.61873
4.37047
4.61877
4.68146
4.61872
4.61872
4.7457
4.61872
4.61872
4.58844
4.65417
4.12932
4.83654
4.66573
4.7131
4.63682
4.65115
4.61872
5.28323
4.61855
4.63368
4.61873
4.65509
4.61872
4.61872
4.61872
4.79751
4.61872
4.61985
4.65754
4.47017
4.61946
4.66497
4.61861
4.61996
4.61872
4.62419
4.61873
4.70449
4.59994
4.61872
4.61872
4.61872
4.61861
4.61855
4.61855
4.61894
4.61872
4.61872
4.61872
4.61874
4.62229
5.33049
4.82239
4.61873
4.61872
4.62989
4.63992
4.67477
4.61855
4.61854
4.65074
4.76534
4.61872
4.59069
4.61872
4.58778
4.66423
4.61996
4.61879
4.61873
4.83404
4.62
4.43358
4.84818
4.61855
4.72302
4.68172
4.4583
4.61872
4.61872
4.45582
4.61855
4.7614
4.61872
4.61874
4.61872
4.61872
4.61864
4.61855
4.61855
4.61857
4.59357
4.6439
4.62676
4.64946
4.61872
4.61855
5.0028
4.84331
4.61989
4.68122
4.61583
4.63815
4.61855
4.6364
4.79237
5.01835
4.62097
4.64514
4.65249
4.61872
4.61716
4.61872
4.61872
4.65405
4.75302
4.7398
4.74232
4.61872
4.66617
4.61884
4.6584
4.61872
4.61935
4.62089
4.61872
4.61872
4.61872
4.61872
4.61855
4.61872
4.56958
4.6188
4.61872
4.61872
4.6188
4.61872
4.61926
4.61873
4.61855
4.61855
4.61872
4.61872
4.61873
4.61975
4.61872
4.61872
4.67308
4.61871
4.61875
4.61872
4.63217
4.76272
4.61872
4.64273
4.62014
4.61872
4.77366
4.61638
4.61874
4.61872
4.64333
4.61872
4.61876
4.61872
4.61849
4.85213
4.61855
4.94096
4.64458
4.64419
4.61872
4.61457
4.61871
4.61855
4.61872
4.61886
4.61872
4.61855
4.61872
4.62716
4.61855
4.66945
4.64622
4.53059
4.61872
4.86015
4.61872
4.61855
4.61872
4.9867
4.62053
4.61855
4.43787
4.6187
4.61873
4.61872
4.45384
4.60903
4.61873
4.6264
4.61855
4.61855
4.61873
4.61855
4.53775
4.85268
4.72089
4.6208
4.15663
4.61872
4.61872
4.65481
4.61873
4.61872
4.76266
4.61872
4.65692
4.61948
4.77504
4.62972
4.62872
4.61872
4.61855
4.61856
4.62685
4.61872
4.62028
4.61872
4.6172
4.6188
4.62746
4.61872
4.64906
4.61872
4.6189
4.6193
4.74284
4.61855
4.61872
4.72977
4.61878
4.62039
4.61872
4.61872
4.61855
4.75778
4.93992
4.61872
4.61855
4.61872
4.61855
4.6188
4.61855
4.67285
4.61949
4.61872
4.39636
4.56392
4.67372
4.61882
4.66137
4.61872
4.60962
4.61872
4.70055
4.61872
4.61874
4.65527
4.62624
4.83949
4.76246
4.61872
4.87182
4.61854
4.62002
4.61872
4.44924
4.6178
4.61872
4.61872
4.61872
4.12039
4.61855
4.61872
4.61872
4.77412
4.61881
4.79419
4.61872
4.61873
4.60312
4.64951
4.65366
4.61872
4.61872
4.78804
4.61855
4.61872
4.61872
4.61855
4.61869
4.61872
4.61855
4.61881
4.61874
4.61872
4.65082
4.79403
4.44462
4.65329
4.66359
4.61872
4.61872
4.61855
4.61872
4.61873
4.77171
4.61873
4.84948
4.61872
4.56041
4.61278
4.61873
4.61883
4.61855
4.61872
4.61872
4.61855
4.67821
4.61287
4.61872
4.61855
4.61873
4.61873
4.61872
5.16723
4.61872
4.61872
4.61998
4.43709
4.61873
4.59855
4.63097
4.61872
4.61872
4.61872
4.61872
4.61872
4.61855
4.64938
4.61855
4.61861
4.61854
4.48443
4.61872
4.78103
8.83219
4.62429
4.61856
4.61872
4.63637
4.65204
4.61872
4.76733
4.67855
4.61872
4.53351
4.82361
4.61872
4.75295
4.83618
4.64561
4.61872
4.8266
4.64132
4.63503
4.61855
4.61872
4.61872
4.61872
4.61872
4.61872
4.61872
4.61874
4.61872
4.61855
4.75982
4.64956
4.66639
4.61872
4.61878
4.61872
4.78311
4.61971
4.61872
4.65147
4.61855
4.61872
4.61872
4.61872
4.61872
4.61855
4.61872
4.61872
4.72398
4.83013
4.61872
4.63765
4.61872
4.61872
4.61872
4.6188
4.61872
4.61872
4.62079
4.61855
4.87753
4.62089
4.61872
4.61872
4.61911
4.6171
4.67756
4.9584
4.65375
4.67279
4.61872
4.75198
4.61939
4.61872
4.61855
4.61855
4.61872
4.61872
4.61872
4.61878
4.61873
4.61872
4.61876
4.41209
4.61855
4.70042
4.59681
4.61863
4.61874
4.61872
4.61855
4.61872
4.61872
4.61855
4.61872
4.74749
4.61872
4.61872
4.66685
4.61872
4.61873
4.61873
4.63337
4.61872
4.79994
4.66059
4.63386
4.75914
4.61855
4.56082
4.61855
4.61872
4.66105
4.61872
4.61853
4.61872
4.79959
4.61872
4.72498
4.61872
4.62037
4.76603
4.61831
4.6377
4.61872
4.61872
4.61855
4.7756
4.61872
4.61872
4.61872
4.61872
4.61854
4.61872
4.61855
4.61872
4.61839
4.77212
4.61854
4.75527
4.74925
4.61856
4.61855
4.74317
4.61556
4.5385
4.61855
4.61873
4.61855
4.61872
4.61872
4.65451
4.91508
4.61872
4.76526
4.63362
4.68435
4.62722
4.61855
4.61876
4.67242
4.61923
4.61871
4.61872
4.61855
4.62693
4.62582
4.61894
4.64123
4.61855
4.68104
4.61872
4.88562
4.61872
4.71449
4.65268
4.61872
4.61872
4.61872
4.6188
4.75481
4.61872
4.62148
4.61872
4.61855
4.6189
4.6105
4.6188
4.61872
4.76087
4.61872
4.61872
4.61872
4.92223
4.61872
4.61872
4.65068
4.61345
4.40767
4.70663
4.61872
4.61855
4.58244
4.62527
4.90078
4.61855
4.61897
4.66292
4.61825
4.61872
4.61872
4.6128
4.74522
4.76698
4.61855
4.62482
4.67805
5.1611
4.61855
4.60677
4.87382
4.68861
4.61872
4.67654
4.61873
4.63446
4.61872
4.84237
4.6196
4.81455
4.61872
4.61727
4.61855
4.61872
4.61872
4.61872
4.61872
4.61964
4.57924
4.61872
4.61872
4.62146
4.61869
4.61855
4.95018
4.44715
4.61862
4.6117
4.61855
4.71453
4.2588
4.61872
4.61136
4.61872
4.61872
4.61872
4.77511
4.61872
4.57013
4.73347
4.61872
4.61851
4.64916
4.61855
4.82368
4.67132
4.61872
4.61855
4.67851
4.61931
4.61855
4.61872
4.61872
4.61872
4.61872
4.61872
4.67221
4.6189
4.61876
4.61872
4.61872
4.61875
4.61872
4.61872
4.7761
4.6258
4.61872
4.80604
4.62167
4.61872
4.67267
4.88962
4.62388
4.24559
4.60754
4.98179
4.61872
4.62382
4.61872
4.61931
4.61872
4.61872
4.61855
4.6253
4.61872
4.8718
4.29394
4.81211
4.71823
4.70756
4.61872
4.70573
4.47162
4.61849
4.68679
4.61801
4.61872
4.50812
4.61895
4.57544
4.61872
4.61859
4.61872
4.61873
4.61872
4.75018
4.61874
4.6671
4.61872
4.61855
4.61867
4.61872
4.61736
4.45971
4.55887
4.6188
4.61872
4.97211
4.61872
4.61855
4.61872
4.61995
4.61872
4.61946
4.61872
4.52701
4.81663
4.61873
4.61872
4.61872
4.61855
4.61724
4.47174
4.61872
4.58218
4.64574
4.62004
4.61873
4.61872
4.73495
4.61872
4.61855
4.61856
4.79171
4.61855
4.72516
4.61872
4.61509
4.61872
4.61872
4.63716
4.61882
4.61873
4.61872
4.61872
4.61872
4.61865
4.61872
4.61872
4.43429
4.61872
4.61884
4.64375
4.61963
4.61872
4.61872
4.61855
5.10796
4.62865
4.61872
4.61872
4.82347
9.07075
4.61806
9.25822
4.61872
4.61872
4.60598
4.5038
4.61872
4.76536
4.61867
4.61872
4.61873
4.61863
4.61872
4.61999
4.61925
4.61229
4.82896
4.61872
4.621
4.61855
4.6321
4.81584
4.38864
4.61872
4.61872
4.60289
4.61856
4.62057
4.61872
4.8056
4.61872
4.61872
4.74245
4.61872
4.61872
4.61855
4.61872
4.76735
4.61872
4.61872
4.61872
4.61873
4.78497
4.61855
4.62262
4.61872
4.21396
4.65432
4.61856
4.61872
4.68979
4.67921
4.61872
4.61872
4.68391
4.61872
4.61872
4.61872
4.61873
4.61872
4.61843
4.61855
4.82407
4.61855
4.70803
4.61872
4.61872
4.61872
4.61872
4.61855
4.61879
4.18402
4.61676
4.61872
4.61873
4.61872
4.61872
4.74267
4.61872
4.68438
4.61946
4.63252
4.61872
4.61872
4.61872
4.61872
4.78126
4.61872
4.64427
4.76416
4.61855
4.61872
4.61855
4.61873
4.61872
4.58854
4.61006
4.61872
4.59363
4.61872
4.62746
4.76867
4.62735
4.61647
4.70209
4.61872
4.61872
4.69856
4.61872
4.61872
4.61871
4.79068
4.64892
4.67001
8.97319
10.0701
4.61872
8.59283
4.37228
4.81321
4.61855
4.61872
4.45921
4.72071
4.61872
4.61872
4.61891
4.61855
4.58462
4.61855
4.69026
4.61872
4.61872
4.61872
4.61872
4.81354
4.65573
4.62711
4.61872
4.61872
4.61872
4.12755
4.61872
4.61872
4.61872
4.25828
4.62086
4.61872
4.61872
4.58898
4.61872
4.61272
4.61871
4.61872
4.61872
4.62561
4.61872
4.6182
4.61872
4.61872
4.61872
4.61872
4.57219
4.61872
4.61872
4.65918
4.61872
4.61872
4.64133
4.61872
4.61872
4.61872
4.61872
4.61872
4.61873
4.82723
4.61872
4.67613
4.61872
4.61872
4.62537
4.61856
4.62005
4.61933
4.61872
4.61872
4.61872
4.30118
4.61872
4.61872
4.61872
4.82355
4.61872
4.61872
4.61872
4.61872
4.6188
4.61872
4.61872
4.61855
4.65639
4.68352
4.61872
4.61872
4.61872
4.20215
4.69616
4.61872
4.61872
4.6188
4.7836
4.64624
4.61872
4.61872
4.61873
4.61872
4.62423
4.61872
4.61872
4.61874
4.61872
4.61872
4.62309
4.61873
4.61872
4.58329
4.38215
4.61922
4.61872
4.61872
4.61872
4.61872
4.6306
4.61868
4.60361
4.6188
4.61872
4.61872
4.61872
4.68363
4.61872
4.62121
4.61872
4.71353
4.61872
4.61855
4.61872
4.62138
4.6155
4.95643
4.61872
4.61872
4.61872
4.61881
4.61872
4.79973
4.61872
4.6206
4.61872
4.61892
4.61872
4.61872
4.61872
4.61855
4.61872
4.61872
4.61872
4.61872
4.6272
4.61872
4.6188
4.61872
4.74136
4.61932
4.70162
4.61872
4.61872
4.61872
4.62052
4.61872
4.62444
4.61872
4.61872
4.61872
4.61872
4.69569
4.6188
4.61872
4.5668
4.75556
4.61907
4.56207
4.61856
4.61872
4.61872
4.61872
4.61856
4.76406
4.61872
4.61872
4.61872
4.61872
4.61872
4.61872
4.62111
4.61928
4.61872
4.61872
4.61872
4.61872
4.6188
4.6188
4.61856
4.61872
4.61326
4.86922
4.61872
4.61872
4.61872
4.62005
4.65033
4.61874
4.13801
4.61855
4.61872
4.61872
4.61872
4.61855
4.61872
4.61872
4.61872
4.61872
4.6312
4.61872
4.61872
4.61872
4.61872
4.61872
4.61915
4.74157
4.20969
4.61951
4.61872
4.65999
4.61872
4.616
4.61872
4.61872
4.61872
4.61872
4.61855
4.61872
4.61872
4.61884
4.61872
4.61872
4.61855
4.61872
4.66992
4.61872
4.62001
4.61872
4.61872
4.61872
4.58272
4.61963
4.61758
4.98077
4.61872
4.61872
4.61872
4.61874
4.84195
4.61857
4.61836
4.61872
4.61825
4.61872
4.61855
4.61872
4.61872
4.61872
4.61958
4.61856
4.61872
4.61872
4.78618
4.61872
4.72408
4.61872
4.61872
4.69941
4.76241
4.61872
4.61966
4.61872
4.61872
4.66796
4.46296
4.61872
4.61872
4.62255
4.61858
4.61872
4.62538
4.70129
4.61872
4.61872
4.61872
4.61872
4.61873
4.62393
4.59281
4.8913
4.61872
4.61873
4.61872
4.61872
4.61855
4.61873
4.64233
4.61872
4.61855
4.61872
4.61872
4.61628
4.61872
4.61872
4.61872
4.61872
4.61872
4.21665
4.6253
4.61925
4.61872
4.61872
4.61878
4.63882
4.61835
4.61872
4.62559
4.83205
8.5574
9.49632
4.58218
4.61872
4.61872
4.61872
4.19459
4.61872
4.61872
4.61874
4.61872
4.61268
4.78558
4.61902
4.61872
4.61872
4.74991
4.61859
4.61856
4.69951
4.04488
4.9696
4.79654
4.80582
4.61872
4.61872
4.61872
4.61872
4.61872
4.61872
4.61872
4.70794
4.63014
4.61968
4.61872
4.61855
4.61873
4.61872
4.73446
4.61872
4.58575
4.61872
4.61872
4.61884
4.65678
4.61872
4.61873
4.51019
4.54598
4.61872
4.61873
4.61872
4.61872
4.61872
4.62014
4.8016
4.6189
4.61872
4.61872
4.61872
4.81091
4.61872
4.82554
4.61872
4.61855
4.63702
4.61872
4.61873
4.61957
4.61872
4.61872
4.61872
4.61872
4.61876
4.62269
4.61872
4.81199
4.61872
4.89945
4.61877
4.62235
4.6186
4.84363
4.61872
4.61872
4.61872
4.82145
4.61872
4.61677
4.76099
4.61872
4.03868
4.61872
4.61872
4.61855
4.61872
4.61872
4.61872
4.61872
4.61872
4.61872
4.61872
4.61872
4.62156
4.61872
4.61855
4.61872
4.61872
4.61879
4.91914
4.61959
4.61855
4.61872
4.61872
4.61872
4.61872
4.61872
4.61873
4.61872
4.61872
4.61872
4.61872
4.61882
4.61872
4.61873
4.61872
4.61872
4.61872
4.63879
4.61835
4.61872
4.61872
4.61872
4.61872
4.61872
4.61872
4.61568
4.61873
4.70163
4.70134
4.61872
4.61872
4.61933
4.62244
4.61872
4.70331
4.61872
4.61872
4.61872
4.61872
4.61872
4.65636
4.61872
4.61872
4.61573
4.67535
4.61872
4.61905
4.61872
4.61872
4.61872
4.61872
4.61872
4.61873
4.61821
4.6159
4.61872
4.61872
4.61872
4.61872
4.61855
4.61855
4.68545
4.61872
4.62007
4.61872
4.61872
4.61872
4.61872
4.67881
4.61872
4.61872
4.61872
4.63678
4.61872
4.61852
4.61856
4.61872
4.59219
4.62003
4.6188
4.61872
4.61872
4.61872
4.61872
4.61872
4.61872
4.75866
4.49922
4.61855
4.61872
4.61872
4.6263
4.61868
4.61872
4.61952
4.61872
4.61863
4.47018
4.42682
4.61884
4.62281
4.45091
4.62506
4.61872
4.61872
4.61855
4.62495
4.61872
4.61872
4.61872
4.61872
4.61855
4.61872
4.61872
4.61872
4.61872
4.61855
4.6665
4.61872
4.61872
4.61872
4.63382
4.61872
4.61872
4.7524
4.61872
4.61872
4.61872
4.64974
4.61872
4.61872
4.78006
4.61872
4.77403
4.61856
4.62484
4.86823
4.81161
9.04716
4.61872
4.75269
4.61872
4.61872
4.61872
4.56476
4.61872
4.61872
4.61877
4.62192
4.79033
4.61872
4.61872
4.61872
4.61872
4.61872
4.61855
4.6188
4.61872
4.61872
4.61872
4.61872
4.61869
4.61093
4.61855
4.61872
4.61872
4.80938
4.61872
4.58557
4.61872
4.61872
4.61024
4.61855
4.61872
4.61872
4.61921
4.61872
4.61872
4.61855
4.61872
4.61872
4.61708
4.61872
4.61872
4.71613
4.76285
4.61872
4.61872
4.61872
4.61983
4.61899
4.79538
4.61675
4.65565
4.6188
4.63578
4.61872
4.61872
4.61872
4.61872
4.61872
4.61872
4.61872
4.61583
4.65232
4.61872
4.61872
4.61872
4.61872
4.61872
4.61872
4.61872
4.63101
4.61872
4.70911
4.61872
4.61872
4.76912
4.80168
4.58621
5.60808
4.61872
4.61872
4.71165
4.61872
4.61872
4.6188
4.61872
4.61872
4.61872
4.61872
4.6181
4.61872
4.61877
4.61872
4.61872
4.66709
4.61872
4.61855
4.61872
4.61872
4.6188
4.61872
4.61872
4.61872
4.61872
4.85662
4.61872
4.61872
4.61872
4.61864
4.6188
4.74853
4.61872
4.61872
4.61856
4.64425
4.61872
4.39338
4.61872
4.64918
4.89694
4.61899
4.61872
4.61872
4.61872
4.61855
4.73459
4.62065
4.61872
4.61872
4.61872
4.61872
4.61872
4.61872
4.6188
4.61872
4.61872
4.81353
4.61872
4.61872
4.61872
4.61872
4.61872
4.61872
4.61872
4.62095
4.61872
4.61872
4.61872
4.61872
4.61872
4.61872
4.78825
4.76297
4.63165
4.61872
4.61872
4.61872
4.61872
4.61462
4.61872
4.63405
4.71321
4.61872
4.65752
4.64869
4.61872
4.61872
4.61872
4.81991
4.61855
4.61872
4.61872
4.62023
4.61855
4.61855
4.61872
4.61872
4.61872
4.61872
4.61872
4.79213
4.61872
4.30834
4.61872
4.58776
4.61872
4.8044
4.61873
4.62761
4.61872
4.68708
4.61872
4.64067
4.61872
4.61872
4.76608
4.61872
4.61917
4.61872
4.61872
4.61872
4.61872
4.61872
4.58003
4.65201
4.61657
4.62002
4.61855
4.61864
4.61872
4.61872
4.61872
4.62009
4.61872
4.61872
4.66654
4.61872
4.61872
4.61872
4.61872
4.61817
4.61872
4.79998
4.62187
4.61872
4.61855
4.61872
4.61872
4.70585
4.61872
4.61872
4.61872
4.61872
4.61872
4.61872
4.61872
4.61872
4.61872
4.61855
4.61872
4.61872
4.61872
4.61872
4.61872
4.61872
4.61872
4.61872
4.61872
4.61872
4.61872
4.61872
4.61855
4.61768
4.61871
4.61872
4.6188
4.61872
4.61872
4.61872
4.61872
4.61872
4.61872
4.61872
4.61872
4.73985
4.61872
4.61872
4.61872
4.61648
4.61872
4.73506
4.61855
4.6188
4.61872
4.61855
4.61872
4.61872
4.61872
4.61872
4.61872
4.61872
4.61873
4.6209
4.61124
4.61872
4.61872
4.61872
4.61872
4.61872
4.61872
4.61872
4.61875
4.61855
4.61872
4.61872
4.59679
4.71396
4.61872
4.61872
4.61872
4.61872
4.61872
4.72903
4.61872
4.61872
4.60422
4.61872
4.61871
4.61872
4.61884
4.61872
4.61855
4.61855
4.62887
4.61872
4.61872
4.61872
4.79186
4.61872
4.61872
4.61872
4.61872
4.78981
4.61825
4.61872
4.59994
4.67764
4.86698
4.61872
4.61872
4.82612
4.61872
4.59165
4.6188
4.61872
4.61855
4.61872
4.6192
4.41806
4.07975
4.61872
4.61855
4.61872
4.6667
4.61872
4.61872
4.61872
4.62592
4.7687
4.80968
4.61872
4.61872
4.61872
4.62244
4.59546
4.61872
4.61872
4.58992
4.61872
4.61872
4.61872
4.62151
4.61872
4.61872
4.61872
4.61872
4.61872
4.61914
4.61872
4.61872
4.61872
4.61872
4.62264
4.61872
4.62109
4.61872
4.61872
4.72569
4.61872
4.61872
4.61872
4.61872
4.61872
4.66497
4.61872
4.61872
4.61872
4.67142
4.61872
4.61872
4.61872
4.72306
4.64334
4.61872
4.61872
4.61872
4.61872
4.61872
4.61872
4.89308
4.88669
4.61872
4.61872
4.77865
4.61872
4.53629
4.61872
4.62027
4.61872
4.63598
4.61876
4.61872
4.70756
4.61872
4.6188
4.61872
4.61872
4.61872
4.61872
4.61872
4.61872
4.61872
4.61872
4.61872
4.61872
4.61872
4.61872
4.61872
4.66516
4.61929
4.72228
4.61872
4.61872
4.61855
4.61872
4.62271
4.61872
4.61872
4.60765
4.61855
4.61872
4.61872
4.61872
4.61872
4.61872
4.61872
4.61872
4.63172
9.36236
4.10408
4.62933
4.61872
4.61872
4.61872
4.61872
4.61549
4.61872
4.61872
4.61872
4.61872
4.61872
4.6188
4.88027
4.61872
4.74065
4.62126
4.61872
4.6366
4.61872
4.61855
4.49738
4.61872
4.61872
4.61872
4.61872
4.61872
5.12703
4.61872
4.62451
4.61872
4.76521
4.61872
4.87466
4.61872
4.61872
4.61872
4.6188
4.61872
4.6188
4.83509
4.61872
4.61872
4.61872
4.61872
4.61855
4.61872
4.61855
4.61872
4.61872
4.61872
4.61872
4.61855
4.61872
4.61872
5.01583
4.72857
4.6188
4.61872
4.61872
4.57777
4.61872
4.61872
4.61872
4.61872
4.61872
4.85264
4.61872
4.56383
4.61872
4.61872
4.61872
4.72184
4.65605
4.61872
4.61705
4.94238
4.61872
4.61872
4.76566
4.61872
4.61872
4.61872
4.61855
4.61855
4.61872
4.61954
4.61872
4.61872
4.61872
4.62002
4.63328
4.61872
4.61872
4.69987
4.62466
4.61872
4.61911
4.61872
4.61872
4.61964
4.72228
4.61872
4.61872
4.61903
4.61872
4.61872
5.171
4.61875
4.61872
4.61896
4.61872
4.61872
4.61886
4.61872
4.61872
4.61872
4.61872
4.20606
4.61872
4.61872
4.61872
4.81371
4.61872
4.61872
4.27885
4.61872
4.61872
4.63153
4.84811
4.61872
4.61872
4.58927
4.61872
4.6706
4.61872
4.61872
4.61872
4.61872
4.61872
4.61872
4.61872
4.61872
4.61855
4.61872
4.61872
4.61936
4.61872
4.61872
4.61872
4.02658
4.62045
4.61872
4.61872
4.62625
4.61855
4.61872
4.61872
4.61872
4.61872
4.61873
4.61872
4.57993
4.71196
4.61872
4.61872
4.61872
4.61872
4.61872
5.09601
4.67064
4.61872
4.6188
4.61872
4.61872
4.61872
4.61856
4.5782
4.61872
4.61872
4.61872
4.61872
4.61872
4.61872
4.61911
4.61855
4.61872
4.61872
4.61872
4.61872
4.68985
4.61872
5.71385
4.61919
4.61872
4.61872
4.61872
4.61872
4.61872
4.7597
4.61872
4.61872
4.66061
4.61872
4.61872
4.61926
4.61872
4.6426
4.61872
4.61872
4.61872
4.61872
4.84538
4.72908
4.61855
4.61872
4.61872
4.61872
4.61872
4.61872
4.61872
4.61872
4.61872
4.61872
4.61872
4.61872
4.61872
4.61855
4.61872
4.73115
4.68234
4.97957
4.61872
4.61872
4.61872
4.61872
4.61872
4.61872
4.61872
4.74732
4.61872
4.61872
4.7755
4.61872
4.61872
4.61872
4.61872
5.33827
4.65901
4.61872
4.52173
4.95799
4.61872
4.61872
4.42567
4.77134
4.61872
4.63081
4.61855
4.61872
4.61872
4.66797
4.61877
4.61872
4.7786
4.61872
4.61872
4.61848
4.61872
4.61872
4.61872
4.61872
4.61872
4.61872
4.61872
4.61872
4.61872
4.61872
4.63175
4.61881
4.61872
4.61872
4.6188
4.61872
4.84021
4.61872
4.61872
4.61872
4.61872
4.61872
4.61872
4.63325
4.61866
4.61872
4.61874
4.78716
4.56666
4.62823
4.61872
4.56418
4.75807
4.61872
4.61872
4.72028
4.61872
4.61872
4.61871
4.66327
4.55803
4.61872
4.61767
4.61872
4.62007
4.61649
4.89144
4.61872
4.68294
4.61855
4.61874
4.61872
4.61872
4.61868
4.54515
4.61872
4.61872
4.6472
4.61872
4.61872
4.62623
4.61872
4.61872
4.61336
4.61872
4.61872
4.61872
4.61872
4.61872
4.619
4.61872
5.2658
4.38955
4.61872
4.61872
4.61872
4.61872
4.61872
4.61872
4.61872
4.6188
4.61872
4.83754
4.61855
4.8876
4.61872
4.61872
4.61872
4.61872
4.66112
4.61872
4.61856
4.62295
4.61872
4.61872
4.97236
4.62082
4.61872
4.61872
4.55267
4.61872
4.61872
4.62285
4.61872
4.61854
4.61855
4.61872
4.61872
4.61872
4.61872
4.61855
4.61872
4.61866
4.56161
4.61872
4.61872
4.63887
4.61872
4.61872
4.28074
4.61855
4.61874
4.51519
4.61872
4.47879
4.68282
4.62061
4.61872
4.61872
4.61872
4.61872
4.61872
4.61872
4.61872
4.61872
4.61872
4.61852
4.61872
4.6188
4.61872
4.61872
4.6197
4.61872
4.67542
4.61872
4.61872
4.65857
4.61872
4.61872
4.6188
4.6188
4.61872
4.56246
4.61872
4.61872
4.6236
4.61872
4.61872
4.73084
4.61872
4.61872
4.61872
4.89127
4.45032
4.61872
4.93337
4.61872
4.61872
4.51566
4.61872
4.61855
4.58433
4.68555
4.61872
4.6604
4.61855
4.83717
4.61872
4.77809
4.61872
4.61872
4.69781
4.61872
4.61872
4.61872
4.70299
4.62059
4.61872
4.77183
4.84946
4.61884
4.61855
4.61872
4.75941
4.65525
4.61872
4.72276
4.60346
4.57775
4.31964
4.61872
4.61872
4.61872
4.63666
4.61872
4.61872
4.61872
4.61872
4.61872
4.61823
4.61872
4.61872
4.61855
4.61872
4.61872
4.65822
4.61872
4.61872
4.61872
4.61871
4.61872
4.61872
4.20598
4.61872
4.61872
4.61872
4.61869
4.6197
4.61872
4.61855
4.61872
4.61855
8.83537
4.61872
4.61872
4.40095
4.61872
4.61872
4.61872
4.61872
4.61872
4.61872
4.61847
4.61872
4.61872
4.62585
4.62008
4.61872
4.75891
4.61872
4.61872
4.66634
4.61872
4.61872
4.61872
4.61872
4.61872
4.61872
4.79276
4.61872
4.62065
4.61872
4.61872
4.61872
4.49507
4.61872
4.61872
4.6188
4.61872
4.54653
4.61872
4.62071
4.61869
4.61854
4.61872
4.61872
4.61872
4.61872
4.61872
4.61872
4.61872
4.61872
4.61872
4.61685
4.20632
4.62603
4.61872
4.61872
4.61872
4.61872
4.61872
4.61872
4.61567
4.61872
4.61872
4.61137
4.61872
4.61872
4.61872
4.61872
4.61872
4.61389
4.61872
4.61872
4.61872
4.61874
4.61872
4.60802
4.61872
4.61872
4.61872
4.61872
4.68566
4.61856
4.61872
4.61872
4.61872
4.61872
4.61872
4.63
4.61872
4.62987
4.83264
4.61873
4.61872
5.31439
4.61872
4.6187
4.73731
4.61872
4.61872
4.75712
4.6188
4.61872
4.61872
4.61873
4.61855
4.63463
4.63523
4.61881
4.61872
4.6187
4.61872
4.61855
4.61872
4.61855
4.79378
4.61872
4.61865
4.61872
4.61872
4.61872
4.64524
4.61872
5.24666
4.59639
4.61872
4.61855
4.61872
4.68107
4.61967
4.61872
4.61872
4.61872
4.61872
4.62005
4.61872
4.61872
4.61872
4.61872
4.61872
4.61872
4.61843
4.61872
4.61872
4.61872
4.61872
4.54509
4.621
4.61872
4.77804
4.61872
4.61872
4.61872
4.61872
4.61382
4.61872
4.61872
4.61872
4.61855
4.61872
4.77746
4.61872
4.63932
4.61296
4.61872
4.61872
4.61872
4.61872
4.6666
4.61872
4.61938
4.61872
4.77754
4.61872
4.61872
4.61858
4.6188
4.05537
4.61867
5.1354
4.78378
4.76798
4.61675
4.61872
4.55151
4.61872
4.61872
4.61884
4.61872
4.61855
4.61078
4.61872
4.61956
4.6717
4.61872
4.69833
4.61873
4.61855
4.61872
4.61872
4.31114
4.61872
4.63363
4.79953
4.61872
4.61872
4.61872
4.61872
4.61872
4.6189
4.61872
4.61872
4.61872
4.73861
4.61872
4.61872
4.61872
4.61855
4.62053
4.61872
4.61872
4.61872
4.61872
4.6054
4.61872
4.61872
4.61873
4.6979
4.61932
4.77314
4.74936
4.61872
4.61873
4.61872
9.25264
9.54224
4.57031
4.61872
4.61872
4.61872
4.69116
4.61872
4.61872
4.72966
4.61872
4.61872
4.61872
4.61872
4.6187
4.61872
4.61872
4.62875
4.61871
4.61872
4.61872
4.74811
4.61872
4.61872
4.61872
4
4.627
4.62238
4.61872
4.61872
4.61873
4.61872
4.61855
4.61872
4.63781
4.60273
4.61872
4.61902
4.61872
4.61872
4.61872
4.61872
4.61855
4.66083
4.62288
4.61872
4.6189
4.09897
4.81597
4.61872
4.61872
4.61872
4.61872
4.61872
4.61872
9.77174
8.64233
4.44795
4.61872
4.61872
4.61872
4.61879
4.61855
4.61872
4.61872
4.61855
4.61872
4.61872
4.61872
4.61872
4.6857
4.72684
4.61872
4.61872
4.61872
4.61874
4.61872
4.61957
4.61872
4.61872
4.75912
4.61872
4.61872
4.61872
4.61872
4.61872
4.61872
4.61872
4.79999
4.61872
4.82179
4.61874
4.61872
4.24191
4.61872
4.61872
4.61855
4.61872
4.61855
4.6316
4.61872
4.61872
4.61872
4.61872
4.83461
4.61872
4.61872
4.98268
4.6188
4.61872
4.61872
4.61859
4.61872
4.61872
4.61872
4.61872
4.61872
4.61872
4.61872
4.61872
4.61872
4.61855
4.61872
4.6177
4.61872
4.61872
4.86071
4.61872
4.61872
4.61872
4.61872
4.97365
4.6197
4.61872
4.61872
4.61872
4.82225
4.61872
4.68122
4.61872
4.61872
4.61872
4.58331
4.61844
4.61879
4.61872
4.61872
4.61872
4.61872
4.61872
4.61872
4.66568
4.61872
4.74061
4.61872
4.61872
4.84056
4.6188
4.6188
4.61872
4.61872
4.6188
4.61855
4.24413
4.61855
4.61872
4.61872
4.61872
4.61872
4.61872
4.61872
4.81486
4.61872
4.62549
4.43764
4.61872
4.61867
4.72437
4.62948
4.62339
4.61872
4.61785
4.61872
4.61872
4.61872
4.59016
4.61873
4.60038
4.61872
4.46846
4.61872
4.61855
4.61872
4.61872
4.61872
4.61872
4.61871
4.61872
4.61872
4.68574
4.61872
4.61872
4.61872
4.61872
4.61872
5.25533
4.61872
4.61855
4.61872
4.60979
4.6202
4.61872
4.61872
4.61872
4.82815
4.74948
4.82624
4.71929
4.61872
4.8058
4.61221
4.6188
4.6188
4.6188
4.63681
4.61872
4.13306
4.68599
4.6197
4.61872
4.61872
4.61872
4.61872
4.82911
4.94741
4.61872
9.50406
10.1026
4.61855
4.61872
4.70423
4.61872
4.61872
4.61897
4.61888
4.68063
4.62989
4.5272
4.68719
4.61858
4.79837
4.7073
4.63922
4.61872
4.61855
4.79889
4.61872
4.61872
4.91329
4.61872
4.61872
4.61821
4.61855
4.61872
4.30348
4.61872
4.61872
4.61872
4.61878
4.61872
4.35997
4.61872
4.6188
4.61872
4.61872
4.62603
4.61872
4.61872
4.61872
4.6196
4.61872
4.61872
4.61855
4.61872
4.61858
4.61872
4.61872
4.61855
4.60681
4.73181
4.61872
4.6188
4.61872
4.61872
4.82866
4.61872
4.61855
4.61854
4.61872
4.61856
4.6188
4.61872
4.61872
4.61872
4.61872
4.61872
4.8322
4.61872
4.62253
4.51635
4.61881
4.71644
4.61872
4.61872
4.69732
4.6188
4.71032
4.61872
4.61863
4.60993
4.68756
4.61872
5.61838
4.61872
4.61872
4.61872
4.61872
4.61977
4.5148
4.87356
4.61872
4.75643
4.61872
4.61872
9.12096
4.61374
4.61828
4.61969
4.61872
4.61872
4.7963
4.6395
4.58611
4.61872
4.61934
4.6188
4.61872
4.94609
4.6188
4.6188
4.61872
4.61872
4.85027
4.83511
4.25809
4.61872
4.61872
4.8515
4.5775
4.57477
4.61872
4.61872
4.83459
4.84712
4.61872
4.61872
4.50217
4.61872
4.61872
4.6188
4.48608
4.61872
4.61872
4.71638
4.43517
4.61872
4.61872
4.61872
4.61872
4.61958
4.61856
4.61872
4.61872
4.39023
4.61873
4.61872
4.84761
4.61872
4.44083
4.61872
4.61872
5.32139
4.84107
4.61979
4.18719
4.61872
4.60596
4.61872
4.59565
4.61872
4.61872
4.61872
4.61872
4.67811
4.61872
4.61834
4.6194
4.05422
4.61856
4.61872
4.61872
4.61856
4.61872
4.61872
4.61822
4.76635
4.55675
4.61872
4.72821
4.61872
4.85745
4.1098
4.86318
4.62797
4.65924
4.61872
4.61691
4.61872
4.61872
4.62223
4.73869
4.61872
4.30879
4.86795
4.61872
4.61872
4.61872
4.86665
4.61872
4.44056
4.90524
4.68185
4.61883
4.61855
4.6188
4.61872
4.48699
4.61872
4.7249
4.61872
4.61855
4.61872
4.61872
4.61872
4.61872
4.61872
4.63225
4.61872
4.37544
4.61872
4.61872
4.73145
4.61901
4.61984
4.61872
4.35204
4.61872
4.61872
4.87396
4.61948
4.61872
4.61872
4.61872
4.61872
4.61872
4.61872
4.80046
4.61872
4.41604
4.61972
4.61872
4.66964
4.61872
4.61872
4.61872
4.61872
4.87682
4.26404
4.61872
4.61744
4.61872
4.6188
4.61872
4.61872
4.61872
4.61872
4.72078
4.61872
9.28991
4.54553
4.61582
4.61274
4.62698
4.61872
4.61872
4.61872
4.61872
4.61872
4.61872
4.61872
4.61804
4.61897
4.61872
4.61872
4.58164
4.61872
4.68645
4.61872
4.61872
4.61872
4.6198
4.61872
4.61872
4.61872
4.61872
4.68448
4.61919
4.61656
4.61111
4.61872
4.61872
4.61872
4.61863
4.61872
4.64575
4.61814
4.61872
4.61906
4.61872
4.61872
4.61872
4.47705
4.61872
4.61941
4.61872
4.9436
4.87578
4.61872
4.61872
4.61956
4.61872
4.61872
4.61869
4.61372
4.61872
4.61872
4.61872
4.61872
4.6196
4.61872
4.6188
4.61776
4.61872
4.61872
4.6188
4.56834
4.61872
4.61855
4.61872
4.61872
4.6973
4.74939
4.61872
4.61872
4.63659
4.61872
4.24422
4.62605
4.82931
4.61872
4.61872
4.61872
4.61872
4.79334
4.6188
4.32246
4.17303
4.61872
4.61869
4.61872
4.61872
4.6188
4.61872
4.61872
4.61855
4.61878
4.6189
4.61872
4.6188
4.6188
4.61872
4.62924
4.4283
4.61855
4.61872
4.61873
4.61872
4.62051
4.61872
4.61872
4.61872
4.61872
5.11164
4.6188
4.61872
4.64451
4.61873
4.66077
4.61872
4.61872
4.69386
4.61872
4.68187
4.61872
4.66638
4.61872
4.61936
4.25743
4.61872
4.61872
4.9672
4.92001
4.61881
4.75347
4.61872
4.61872
4.61872
4.61873
4.61872
4.89516
4.6188
4.72987
4.61965
4.61872
4.61872
4.61878
4.61973
4.43647
4.61872
8.88023
4.59715
9.12426
4.62109
4.91764
4.63018
4.61935
4.61962
4.61872
4.61872
4.61896
4.61872
4.61872
4.61872
4.62154
4.61872
4.61872
4.61872
4.61978
4.61872
4.61872
4.72855
4.44887
4.61855
4.61872
4.61816
4.61872
4.75347
4.61872
5.01396
4.61872
4.61872
4.61872
4.66925
4.61973
4.72021
4.63646
4.61961
4.61888
4.61872
4.61872
4.61872
4.61956
4.60996
4.7586
4.61872
4.61997
4.61872
4.65449
4.80741
4.58251
4.61872
4.18272
4.61872
4.61872
4.61872
4.59383
4.61872
4.61872
4.75827
4.61872
4.61942
8.97282
4.61872
9.40586
8.78803
4.29769
4.6188
4.67014
4.48418
4.61872
4.62995
4.61872
4.61872
4.77077
4.61975
4.61872
4.61872
4.61114
4.38109
4.61872
4.61855
4.61872
4.6212
4.61872
4.61872
4.61872
4.61872
4.61872
4.61872
4.61872
4.61872
4.61894
4.61872
4.71907
4.61872
4.46047
4.61872
4.61872
4.51004
4.40668
4.61872
4.61875
4.13604
4.3778
4.99906
5.06646
4.61881
9.57202
10.0732
4.62203
4.61872
4.61872
4.61872
5.44809
4.61872
4.61974
4.61872
4.61872
4.61872
4.61872
4.61919
4.61872
4.61872
4.61872
4.45159
4.61855
4.61872
4.61872
4.61872
4.61872
4.5081
4.59282
4.65353
4.61858
4.61872
4
4.23172
4.61872
9.32727
9.19033
4.61872
4.61872
4.6188
4.61872
4.61872
4.61872
4.59414
4.61872
4.61872
4.62764
4.61897
4.61872
4.61872
4.61855
4.61872
4.88144
4.74325
4.33067
4.68043
4.69187
4.61937
4.61872
4.61872
4.61872
4.61872
4.87722
4.61872
4.61872
4.62508
4.61872
4.61872
4.66028
4.61872
4.61943
4.61872
4.61872
4.61872
4.61872
4.61872
4.63114
4.63114
4.64355
4.61872
4.61946
9.67678
4.61872
4.61872
4.61872
4.61855
4.44988
4.61872
4.61872
4.61872
4.61872
4.89779
4.61943
4.6539
4.61923
4.61856
4.62803
4.61872
4.61872
4.70151
4.61872
5.01146
4.62526
4.61872
4.62159
4.61872
4.61872
4.62143
4.61872
4.64438
4.61872
4.61872
4.24389
4.38826
4.61881
4.61872
4.62293
4.60864
8.53867
8.91576
4.61872
4.6188
4.70983
4.86145
4.61872
4.61855
4.61872
4.61817
4.61872
4.61881
4.61863
4.61872
4.41704
4.61872
4.63058
4.61872
4.25864
11.2064
4.61872
4.61872
4.61872
4.61872
4.61872
4.61938
4.61872
4.62612
4.51937
10.3012
4.89622
9.62125
10.3581
4.4198
4.61872
4.56918
4.61872
4.5421
10.1259
9.18814
4.61872
4.61872
4.61872
4.5368
4.46478
4.61872
4.5
4.61872
9.93725
4.61872
8.80096
4.61872
4.61872
4.61872
4.61872
4.61532
4.61872
4.6213
4.61872
4.72269
8.91665
4.39431
4.61872
4.17758
4.61872
9.62267
10.2298
4.61872
4.61872
9.20766
10.7933
9.6557
4.75721
4.61872
8.96928
9.80583
9.58502
9.1397
11.2736
9.63648
9.85626
12.2196
9.68684
9.61517
9.63073
8.94156
10.0454
10.1173
8.22691
9.90802
9.11054
9.69612
10.1183
8.16452
9.14089
9.21053
10.0893
9.88191
4.61872
8.80178
9.86221
9.94838
8.93535
9.86479
10.462
8.76633
8.92737
9.81916
8.79029
8.92814
9.85881
9.86942
10.0328
9.50999
9.95829
10.5175
9.72361
9.76447
9.17533
9.73277
8.98029
11.6627
10.268
9.55924
10.0343
9.2376
8.81871
9.39641
4.6188
9.21791
8.49176
9.16186
8.28987
9.37875
9.67952
9.11701
9.10585
9.88396
8.31832
9.47364
9.80249
10.0522
9.30605
8.5047
9.17101
9.39923
9.97191
9.32425
9.72061
9.41254
9.2376
9.69537
8.63482
9.06911
9.5047
9.48672
9.37185
9.70448
4.29934
8.3674
9.17343
9.99097
9.5215
9.31887
9.43291
9.46529
4.61676
9.97388
9.37732
8.6261
9.60931
8.51504
8.46499
9.36925
9.2376
9.56245
8.91302
4.33623
9.39887
9.22934
10.02
9.2376
9.95523
9.61531
9.46444
9.2376
9.65433
8.76355
9.87704
9.91895
9.67735
9.90445
9.47016
9.09301
9.56662
9.76453
9.84503
9.81103
10.1744
4.99551
8.27767
9.17212
9.19709
9.2376
4
9.19817
9.2376
8.89334
9.2376
8.29417
4.6188
9.14584
9.80057
9.36761
9.2376
4.72442
9.5411
9.49306
9.86559
9.51076
4.2978
8.53685
9.42802
8.88583
9.70044
9.46497
8.44962
9.32352
9.75262
9.2376
9.2376
9.40517
10.0418
9.49355
9.68198
9.35986
10.2081
9.52099
10.1331
4.73504
10.0737
9.2376
9.82492
4.65148
9.60902
4.46411
8.44386
10.1698
9.61854
9.01053
9.21904
9.04302
9.25748
9.41681
4.6188
9.95026
8.64037
9.60217
8.70251
9.07865
9.82055
9.47263
9.4852
9.32184
9.23991
8.84986
9.31558
10.0792
9.5811
8.26945
10.2669
9.36661
9.27757
4.6188
4.6188
8.72132
4.42143
4.63152
9.67679
9.98382
9.05983
4.37596
8.14161
9.30403
9.76707
8.85164
9.59788
9.2376
10.3252
9.71231
9.35386
9.39174
9.28116
10.1781
9.57347
9.27135
9.49124
4
9.23889
9.2376
9.47026
9.61669
9.98461
9.59463
8.55467
8.72776
9.01113
9.2376
9.68848
9.74465
8.9562
9.05473
9.10256
9.51558
4.58214
4.6188
8.01555
8.66753
4.63938
7.92563
4.6188
4.6188
4.71517
9.7497
9.65842
10.2009
9.24774
9.6593
8.42613
9.0574
10.687
9.9879
4.6188
4.71806
4.6188
4.6188
4.65212
4.63454
9.19403
9.8514
9.91448
9.42518
9.49927
9.331
8
4.78513
4.09515
4.29599
10.0548
9.25028
9.75765
9.34233
9.63418
9.1623
8.88953
9.61224
9.68714
9.65916
9.27268
8.67917
9.83342
9.40905
9.24658
10.6536
9.57354
9.33373
9.4121
9.94134
9.33841
9.46157
8.97201
9.2376
8.15683
9.12902
9.37095
9.18612
10.0646
9.93335
9.24652
10.5643
8.8543
9.72287
9.2376
9.97981
4.34092
9.49338
9.52674
9.46397
9.24072
9.22825
10.0753
9.80782
8.99042
8.9585
9.52961
9.2376
8.88801
9.24772
8.74171
10.6091
9.4413
9.38379
9.2376
9.36875
9.31897
9.74718
9.54138
9.22295
9.35467
9.22955
9.41668
9.45681
10.9812
9.24603
8.98944
9.40417
9.66918
9.14272
9.43356
9.68872
9.2405
8.7453
9.36039
9.41955
9.71629
9.21286
9.60268
9.51813
9.9141
9.4873
8.76317
9.07328
8.64957
8.91411
9.90989
9.80026
9.84409
8.45816
9.88965
9.69107
4.6188
9.24985
9.76581
8.67754
9.61246
8.73255
10.1291
8.75566
9.55691
9.42477
9.17181
8.87069
9.24791
9.23216
9.51212
8.90424
10.2899
9.34031
8.84806
9.44178
10.3551
4.6188
9.30261
9.70383
9.93448
10.1249
9.2344
9.61307
9.37244
9.46529
9.15488
8.97105
9.03172
9.56231
9.75907
4.6188
8.76801
9.62151
9.23944
10.1517
8.59779
8.45519
9.54125
8.89121
9.7984
8.79231
9.26811
9.65305
9.42347
9.18926
9.47361
8.96613
4.6188
9.1609
8.96306
9.61949
8.63099
9.16313
9.36614
9.2376
9.5262
9.55956
9.97542
8
9.22791
9.23273
9.23507
8.4852
8.99621
9.33101
9.72551
9.47381
4.67745
8.69031
8.63859
9.90377
9.38294
4.55841
8.78466
9.44055
9.83389
9.15594
9.39581
9.72836
9.02126
9.55752
9.02572
9.50809
4.67062
9.22054
9.30563
10.0912
9.52683
9.0092
8.85135
9.14723
9.67906
4.6188
4.64905
9.23285
8.54212
9.65557
9.76498
9.46946
4.54224
9.1636
9.51076
9.62996
9.52182
8
9.81322
9.3709
8.795
9.05934
9.21225
9.48143
10.0157
9.80049
9.27204
9.14391
9.38639
9.37577
4.12612
4.6188
4.67851
9.66222
9.52786
4.77779
9.76898
9.97349
9.32635
8.46594
9.61871
8.80835
4.6188
4.6188
4.6188
9.85874
4.76693
9.31428
5.33433
4.64411
9.37598
9.25691
9.51765
10.1011
9.31811
9.2376
9.21639
9.54687
8.67741
8.13495
9.59129
9.5824
9.40832
4.63508
10.1031
10.2174
4.6188
9.23567
9.33419
9.41166
9.40629
9.57297
8.00709
8.43255
8.36374
10.2681
9.86646
8.52544
9.24603
9.31633
4.33076
9.37487
4.6188
4.6188
4.6188
4.6188
4.6188
4.6188
4.6188
4.6188
4.6188
4.6188
4.6188
4.6188
4.6188
4.6188
4.61717
4.61744
4.6177
4.61797
4.61823
4.61849
9.84957
9.40158
9.3375
9.2376
9.22925
9.35392
8.64497
9.20587
8.81733
9.74029
10.3621
9.64517
8.72225
9.25767
9.56739
5.45327
9.2376
8.98991
9.48616
10.0223
8.30913
9.26743
9.47035
10.0268
9.16171
8.65114
8.67978
8.38375
10.439
9.2376
9.2376
9.2376
9.32555
9.16956
11.2276
9.17821
9.11045
9.05704
9.2376
9.2376
9.55459
10.0984
9.2376
9.2376
9.52634
9.51603
10.4659
8.39067
9.10176
9.61078
9.78177
9.45188
9.2376
8.97024
10.4318
9.66384
9.37712
10.2994
8.27544
9.2376
9.4677
9.2376
4.77433
4.61781
4.6188
9.39102
9.07602
9.2376
8.76119
9.2376
9.2376
9.2376
10.216
9.2376
8.24049
9.24276
9.2376
9.2343
8.91771
8.1474
9.2376
4.80124
9.39296
8.90515
4.6188
9.58463
4.81154
9.38986
9.2376
9.39357
8.58955
8.19106
9.71867
9.42624
9.2376
9.37104
9.2376
4.50175
9.31887
9.25057
9.39151
4.41649
4.6188
4.79314
9.26612
4.55185
4.79688
4.6188
4.6188
8.70432
9.36705
5.01659
4.92543
4.4638
4.6188
4.50806
4.6146
4.57728
4.76784
4.36514
4.27467
10.7295
8.11506
9.42528
4.79455
4.68032
4.61878
4.55861
4.56464
4.61879
4.62514
9.24566
9.48565
9.08689
9.96282
9.2376
8.91796
4.6188
4.60121
4.51843
4.61868
4.43346
4.58795
4.72533
4.6188
4.66212
4.91515
4.68598
4.69661
4.61813
4.61848
4.61882
4.61882
4.75016
4.98715
4.6188
4.6188
4.6188
4.6188
4.6188
4.6188
4.6188
4.75912
4.6188
4.6188
4.6188
4.6188
4.19321
4.6188
4.71599
4.86452
4.6188
4.6188
4.6188
4.05981
4.28033
4.6188
4.82205
4.6188
4.6188
4.94811
4.6188
4.6188
4.6188
4.6188
4.6188
4.6188
4.6188
4.6188
4.90998
4.6188
4.6188
4.6188
4.6188
4.6188
4.6188
4.6188
4.6188
4.6188
4.6188
4.6188
4.6188
4.6188
4.6188
4.6188
4.6188
4.6188
4.6188
4.6188
4.6188
4.6188
4.6188
4.6188
4.6188
4.05758
4.6188
4.6188
4.61622
4.6173
4.61757
4.61784
4.6181
4.61836
4.6187
4.61873
4.6187
4.61866
4.61845
4.65413
4.80451
4.6188
4.37325
4.76507
4.68271
4.6188
4.67208
4.96408
4.61862
4.61884
4.65265
4.9341
4.69033
4.6188
4.56837
4.68075
4.55249
4.6189
4.54617
4.4668
4.61893
4.65695
4.64099
4.61879
4.6598
4.6188
4.6174
4.61877
4.84157
4.72354
4.6188
4.6188
4.93438
4.91513
4.6188
4.6188
4.6188
9.2376
9.28506
9.38411
9.68986
9.10988
9.41249
9.2376
9.49768
9.44442
9.46797
9.34306
9.21744
4.47419
9.2376
10.4839
9.2376
9.2376
9.35365
10.4425
8.99419
9.23795
8.96949
9.2376
9.2376
9.36939
8.87067
9.2376
8.24176
9.2376
9.2376
9.18877
9.2376
9.2376
9.48268
9.2376
9.2376
9.912
9.2376
8.99869
9.19869
9.7176
9.53186
9.2376
8.56051
9.14853
9.2376
9.2376
9.48157
9.17035
9.47011
9.47772
9.18875
9.78594
9.48074
4.61842
4.61841
4.61851
4.57138
4.57108
4.86711
4.69248
4.6188
4.67753
4.61879
4.6188
4.79019
4.61878
4.6185
4.52671
4.65803
4.6188
4.6188
4.61883
4.81388
4.6188
4.6188
9.39917
9.52475
9.2376
9.96044
9.2376
9.16892
9.79119
9.39212
4.6188
9.2376
9.2376
9.28788
9.63408
9.36115
9.2376
9.2376
9.48953
9.66919
9.44166
9.56732
9.59685
4.6188
4.6188
9.31375
9.4073
4.50092
10.0733
9.30868
9.2376
9.27436
8
9.50351
9.56471
9.54123
9.34045
9.46124
9.58674
8.84208
9.59975
9.25726
4.44016
4.55882
4.25253
4.41488
4.45092
4.39093
4.48632
4.47271
4.61704
4.59207
4.62203
4.6188
4.6188
4.28398
9.30013
9.2376
9.18301
8.57908
8.52465
11.5689
9.2376
8.92823
4.6188
4.84328
4.49621
9.60795
4.6188
10.1687
9.50328
4.73975
4.67123
4.50704
4.61823
9.2954
9.00541
8.99063
9.3092
4.6188
9.53205
4.6188
9.55742
9.42263
9.2376
4.70815
4.62601
4.73963
10.2884
4.71871
4.33209
4.74775
9.96719
9.49293
9.5186
8.26001
9.2376
8.63408
9.86456
9.22869
9.79741
9.59791
4.36765
4.61873
4.23656
9.31682
9.83483
9.45187
9.84969
4.57779
4.6491
4.69961
4.53468
4.37852
4.5149
4.83945
9.48165
9.41497
9.51269
4.6479
4.0627
4.78572
4.69947
9.01262
9.54639
9.81445
8.98953
9.59271
9.23401
10.042
9.30167
8.15571
10.235
9.2376
9.51404
9.3682
9.56739
9.25894
9.1122
9.17377
8.49886
8.86243
10.1402
9.76192
9.22866
9.71417
9.25508
8.6348
8.11218
9.29155
9.63691
8.30893
9.83409
9.63664
9.44179
9.95379
9.24371
10.0516
9.75776
9.41245
9.59372
9.22791
8.29313
10.0417
9.2376
9.32206
8.70153
9.46628
9.6771
9.38982
8.55175
8.89163
8.82987
9.05964
9.5056
9.53345
9.27832
9.59325
9.38145
9.10245
9.49541
9.20358
9.50706
9.54292
8.43807
9.5268
8.85173
9.54772
9.74228
9.55883
9.39208
9.60645
9.39629
9.51809
9.2998
9.52464
9.22219
9.07176
9.81452
8.81069
10.2166
9.25865
9.73318
9.16315
9.2376
9.29197
9.23053
8.67734
9.31743
10.1312
9.818
9.47548
9.71717
9.2376
9.21282
9.0273
10.0226
8.51633
9.29153
9.65544
8.56297
9.01728
9.40121
9.58343
9.02347
9.23377
9.2376
9.27804
9.52529
9.5704
9.40286
9.38305
9.71302
8.66782
9.29773
9.52928
9.56325
8.81091
9.5524
9.2517
9.5159
9.40042
9.83334
9.58162
8.49891
9.74291
8.71275
9.59884
9.724
9.38184
9.52076
8.42326
9.43862
9.18317
8.14848
9.95796
9.82782
9.27815
9.48449
9.28779
9.5897
9.52185
9.95587
9.12168
9.81903
9.21822
10.2705
8.69221
9.26049
9.4306
9.14506
9.52464
9.26756
8.94195
9.82339
9.74363
8.85191
9.5931
8.97051
9.52124
9.2376
9.24682
9.39864
9.19065
8.99175
9.46987
9.41336
9.80237
8.76987
8.53536
9.55843
9.34311
9.69611
9.79505
9.38444
9.01132
9.93163
8.92897
9.65376
9.56902
10.1057
9.09955
9.23173
9.40984
8.68203
9.14896
9.83008
9.73118
8.12385
9.35489
9.7738
9.83859
9.15467
8.71329
9.41092
9.29661
9.2376
9.24049
11.3926
8.45781
9.59497
9.26571
9.32004
9.2376
9.27309
9.47552
9.04592
9.67979
8.9172
9.13479
9.72236
9.59713
9.2376
9.12296
9.19514
9.11647
9.12696
9.51822
9.6649
9.56
9.23257
8.79385
9.24865
9.22559
8.68551
9.58106
9.74472
9.75343
9.1644
8.93594
9.49956
11.1442
9.06991
9.20397
9.2409
9.24403
9.46654
9.2376
8.84211
9.47552
9.31024
8.50447
9.32102
9.15975
10.0752
9.60662
9.43275
9.13768
9.67765
9.27194
9.15501
9.60574
9.60041
9.31691
9.68642
9.94485
9.2376
9.36266
10.0202
9.34952
9.37608
8.99811
9.2229
9.57569
8.48792
9.85287
9.88616
9.15373
9.61545
9.31567
9.22943
9.13099
9.12074
9.2376
9.29927
9.68039
9.24174
9.54126
9.01789
9.5329
8.38077
9.3678
9.5179
9.58445
9.86364
9.83504
9.49187
9.96417
9.32438
9.8517
9.2683
9.43615
9.34862
9.2206
9.01002
9.72439
9.70139
9.52926
9.94139
9.59991
9.65433
9.7287
9.66665
9.03494
9.70769
9.18478
9.5121
9.12416
9.4887
4.61764
8.8372
9.60867
9.56124
9.50086
9.34275
9.39229
10.0398
9.66417
9.82218
8.88772
9.73071
9.8403
9.2376
9.88815
9.7734
9.2494
9.2319
9.20374
9.06021
10.2118
10.6066
9.36523
9.59131
10.5356
9.03849
9.57667
9.83748
9.82882
9.92878
9.5009
9.18761
10.3039
9.65836
9.42816
9.43878
9.57464
9.94405
9.2321
9.39531
8.98312
9.7542
9.7154
4.61872
9.44283
4.62338
4.73456
10.3391
9.38354
9.58343
9.98737
8.71198
10.4064
8.67833
9.90499
4.61872
9.90648
4.61872
4.61872
4.61872
4.61881
4.69464
4.85972
4.61872
4.61872
4.61872
4.40156
4.61872
5.04851
4.57921
4.61872
4.61872
4.61872
8.81441
4.61938
9.29909
4.61872
4.61872
8.2835
4.48883
4.61872
8.91453
4.61872
4.61872
4.61872
4.61872
4.61872
4.61376
4.62533
4.61872
4.47151
4.61872
4.61872
4.61872
4.61872
4.61872
4.61872
4.61855
4.61872
4.61872
4.62055
4.67475
8.56564
4.61872
4.61872
4.57885
4.61872
4.48897
4.61872
4.61872
4.61872
4.61872
4.61872
4.61872
4.64212
4.61872
4.61872
4.61872
4.61871
4.61872
4.61872
4.62067
4.61872
4.61872
4.61872
4.59655
4.66191
4.24302
4.6192
4.55606
4.61872
4.61872
4.61872
9.25439
4.61872
4.619
4.61872
4.61616
4.61872
4.61872
4.61872
4.61872
4.6778
4.61874
4.61872
4.61899
4.61872
4.61872
4.54577
4.61872
4.61872
4.61872
4.62109
9.23532
4.61872
4.61872
4.61912
4.59978
4.61872
4.61872
4.61872
4.6183
4.60768
4.61872
4.61855
4.61872
4.61872
4.61855
4.63344
4.61872
4.61894
4.63091
4.61872
4.60865
4.61915
4.61872
4.7827
4.71943
4.61321
4.63622
4.61662
4.61872
4.61872
4.61856
4.61872
4.61872
4.6191
4.61855
4.86077
4.62258
4.6795
4.61872
4.61872
4.61872
4.61872
4.61872
4.61872
4.61872
4.61855
4.61872
4.61872
4.61872
9.14461
4.7262
4.61872
4.61872
4.61872
4.61872
4.61856
4.61872
4.61872
4.61872
4.61929
4.61872
4.61872
4.61872
4.61872
4.61872
4.61855
4.61872
4.61861
4.61872
4.61872
4.61872
8.80346
4.61872
4.61872
4.6196
9.17444
4.61872
4.6248
4.61872
4.61872
4.61855
4.61872
4.61872
4.61872
4.35875
4.61872
4.61642
4.61872
4.61872
4.61872
4.61872
4.61872
4.88446
4.61872
4.42948
4.61872
4.61872
4.61872
4.61872
4.58634
4.61872
4.61872
4.61872
4.61872
4.61872
4.61855
4.61872
4.61872
5.2634
4.61872
4.17873
4.61872
4.61872
4.61872
4.70084
4.61872
4.83833
4.61872
4.24745
4.61872
4.65485
4.61872
4.95482
4.6042
4.81386
4.55495
4.61872
4.61872
4.61872
5.2906
4.61872
4.83042
4.61872
4.61872
4.619
4.61872
4.61872
4.61872
4.61872
4.55256
4.61872
4.61872
4.64177
4.61872
4.61872
4.61872
4.61745
4.61872
4.61872
4.6188
4.61872
4.61872
4.59571
4.87082
4.55366
4.69642
4.65684
4.61872
4.61998
4.78598
4.61872
4.61872
4.61872
4.61872
4.61872
4.61872
4.64141
4.61872
4.61872
4.61872
4.61855
4.61855
4.61872
4.61872
4.61872
4.69264
4.6201
4.61872
5.01537
4.67204
4.61872
4.61854
4.61872
4.61872
4.61855
4.61872
4.61872
4.62104
4.61872
4.61872
4.61872
4.87446
4.61872
4.61872
3.80941
4.61872
4.5605
4.61872
4.58827
4.61875
4.93382
4.61872
4.61872
4.61872
4.71074
4.61872
4.61872
4.61855
4.7562
4.7071
4.61872
4.63346
4.61872
4.61872
4.61872
4.61872
4.61872
4.62505
4.61855
4.61872
4.61872
4.61855
4.61846
4.6215
4.61872
4.62643
4.61913
4.61872
4.61729
4.61878
4.61874
4.61872
4.61872
4.61872
4.54687
4.62922
4.66494
4.61081
4.61872
4.61872
4.61872
4.71427
4.61872
4.55168
4.61872
8.95106
4.61855
4.61872
4.67545
4.61855
4.61872
4.66607
4.61872
4.61854
4.56147
4.73246
4.71067
4.61872
4.61233
4.67696
4.61872
4.61872
4.61872
4.61872
4.60607
4.61872
4.61872
4.62073
4.61872
4.32921
4.61873
4.61872
4.61872
4.61872
4.61157
4.15811
4.61872
4.28266
5.06306
4.62091
4.61872
4.61872
4.61872
4.61872
4.61872
4.61855
4.61872
4.62052
4.61872
4.61872
4.6
4.61856
4.62259
4.61872
4.61872
4.61872
4.61872
4.61873
4.61872
4.61872
4.61872
4.61872
4.61872
4.61872
4.61872
4.61872
4.61872
4.60103
4.49669
4.61872
4.77061
4.61872
4.61872
4.74398
4.63031
4.64755
4.61872
4.61901
4.62005
4.61872
4.61872
4.60099
4.6674
4.6188
4.61872
4.61872
4.61868
4.61872
4.33887
4.61872
4.61872
4.61872
4.96188
4.66677
4.53783
4.61872
4.61872
4.61872
4.61872
4.61872
4.52332
4.79997
4.52696
4.62027
4.61925
4.61872
4.46873
4.52774
4.61872
4.61855
4.61872
4.62004
4.76557
4.61872
4.61872
4.55318
4.61872
4.61855
4.61872
4.79275
4.61872
4.55584
4.61872
4.61872
4.61855
4.61872
4.96942
4.61872
4.61872
4.7407
4.61872
4.65327
4.61855
4.61872
4.61855
4.61872
4.61872
4.61872
3.95058
4.61415
4.61872
4.61872
4.61872
4.61872
4.61872
4.6182
4.61872
4.61872
4.61855
4.61768
4.61872
4.61872
4.61872
4.61872
4.61869
4.61872
4.61834
4.61872
4.62034
4.69045
4.61991
4.61872
4.61872
4.61872
4.61872
4.61872
4.63921
4.70858
4.61872
4.6147
4.93883
4.61872
4.61872
4.61872
4.61872
4.61872
4.6996
4.61872
4.61861
4.61872
4.61881
4.36318
4.61872
4.61762
4.64456
4.61872
4.61872
4.61872
4.6188
4.61872
4.65202
4.61872
4.52871
4.61872
4.61872
4.52573
4.6184
4.61855
4.61872
4.59264
4.61872
4.38823
4.63759
4.61872
4.60858
4.63347
4.37817
4.61872
4.61855
4.61235
4.61872
4.84546
4.61872
4.61872
4.61872
4.61872
4.55924
4.61872
4.61872
4.61872
4.61872
4.61872
4.70557
4.61859
4.61872
4.61871
4.61872
4.61872
4.61872
4.61872
5.0545
4.61815
4.61943
4.61872
4.61872
4.61872
4.57445
4.61872
4.61636
4.61873
4.61872
4.61872
4.61872
4.61872
4.48205
4.61872
4.61895
4.61872
4.61872
4.61872
4.61872
4.61941
4.61872
4.61872
4.61872
4.6148
4.67462
4.61872
4.74281
4.42612
4.61872
4.61872
4.61872
4.61872
4.6188
4.48046
4.61855
4.61898
4.95648
4.61872
4.62387
4.61872
4.61872
4.61872
4.96585
4.03737
4.61872
4.85621
4.61844
4.61872
4.75676
4.61872
4.61872
4.61872
4.62243
4.61872
4.61872
4.61868
4.61872
4.61855
4.6187
4.78222
4.61872
4.61872
5.31275
4.64601
4.61872
4.61872
4.61872
4.49093
4.61872
4.72697
4.61872
4.92413
4.61872
4.61872
4.61855
4.61872
4.61872
4.61207
4.61872
4.61872
4.61872
4.61872
4.61872
4.6709
4.53217
4.63679
4.61872
4.61872
4.61872
4.61872
4.64408
4.61819
4.61872
4.61872
4.63738
4.61872
4.61872
4.61872
4.61872
4.61872
4.61872
4.61872
4.58997
4.61872
4.61872
4.61825
4.61872
4.61872
4.61872
4.61872
4.61872
4.61872
4.61872
4.61872
4.61872
4.61872
4.61872
4.61872
4.61872
4.61872
4.61872
4.61872
4.61872
4.61872
4.61872
4.61872
4.61872
4.61872
4.61872
4.60154
4.61872
4.64443
4.61888
4.61872
4.61872
4.61872
4.61872
4.61872
4.61872
4.61872
4.61901
4.61872
4.61872
4.61872
5.14751
4.69216
4.61872
4.50344
4.61872
4.62339
4.61988
4.61872
4.90411
4.61872
4.61872
4.61873
4.61872
4.44739
4.61872
4.61872
4.61872
4.61872
4.61872
4.61872
4.98177
4.62292
4.61872
4.61872
4.66003
4.61872
4.61872
4.61872
4.61872
4.61679
4.61872
4.61872
4.61872
4.61872
4.61872
4.61953
4.61872
4.61872
4.61872
4.61872
4.5333
4.5897
4.61872
4.65244
4.61868
4.6188
4.61872
4.61872
4.61872
4.61872
4.61872
4.61872
4.61872
4.61872
4.61872
4.61872
4.61872
4.61406
4.73625
4.84485
4.52132
4.61872
4.61872
4.61872
4.61872
4.61447
4.61872
4.61872
4.61855
4.61855
4.62191
4.61872
4.61872
4.61872
4.6188
4.61796
4.61872
4.61872
4.61872
4.61872
4.62035
4.61855
4.61872
4.65726
4.61855
4.61872
4.61872
4.61872
4.61872
4.61872
4.61872
4.61872
4.61872
4.61872
4.61872
4.61872
4.61855
4.61872
4.61872
4.61872
4.61872
4.61872
4.61872
4.61872
4.61878
4.61872
4.61872
4.66805
4.61872
4.61872
4.61872
4.61311
4.61872
4.61131
4.61872
4.63444
4.61855
4.61872
4.61872
4.61872
4.61872
4.61872
4.61872
4.6549
4.61872
4.74726
4.61872
4.61872
4.61872
4.61872
4.66354
4.61872
4.58044
4.61884
4.73214
4.62012
4.61872
4.61851
4.61872
4.61872
4.61872
4.61872
4.61872
4.61872
4.61872
4.62024
4.61872
4.19468
4.61872
4.61872
4.61876
4.61872
4.61872
4.61872
4.61872
4.61826
4.61872
4.78952
4.61856
4.61872
4.65016
4.61872
4.68819
4.61872
4.61872
4.61872
4.61872
4.61872
4.61872
4.61872
4.61872
4.01112
4.61872
4.61872
4.61872
4.61658
4.61872
4.61872
4.61872
4.61872
4.61872
4.61872
4.29848
4.61853
4.61872
4.72866
4.61872
4.61872
4.61872
4.61871
4.61872
4.61872
4.61869
4.61855
4.61872
4.61892
4.61872
4.61872
4.61872
4.61872
4.61872
4.61872
4.62379
4.61872
4.61872
4.56931
4.64485
4.61872
4.64806
4.52378
4.61829
4.61872
4.59547
4.62216
4.65753
4.61872
4.61872
4.61872
4.61874
4.55123
4.67254
4.61872
4.61872
4.61872
4.61872
4.61872
4.61872
4.61872
4.67365
4.61872
4.61855
4.61855
4.61872
4.80207
4.64083
4.84898
4.61872
4.61872
4.61872
4.61872
4.61872
4.92725
4.61872
4.61872
4.61872
4.61872
4.94333
4.61872
4.61872
4.61872
4.61872
4.61872
4.61872
4.61872
4.61872
4.65702
4.61872
4.61872
4.61872
4.61872
4.63844
4.61872
4.77839
4.65739
4.61872
4.61872
4.61872
4.61872
4.27908
4.61855
4.61872
5.36929
4.61872
4.61854
4.61872
4.61872
4.61872
4.61872
4.61872
4.61872
4.61872
4.55656
4.61872
4.61855
4.61872
4.61872
4.61872
4.61855
4.65274
4.61872
4.61872
4.61868
4.61872
4.61872
4.61872
4.61872
4.61872
4.61872
4.72258
4.61872
4.61872
4.61937
4.61377
4.61872
4.61872
4.61872
4.61872
4.99784
4.61872
4.61872
4.61872
4.61872
4.55647
4.61872
4.61872
4.61872
4.61872
4.61872
4.61872
4.61872
4.61872
4.61872
4.44627
4.61872
4.61872
4.58056
4.78991
4.61872
4.9172
4.61872
4.61872
4.61872
4.61662
4.61872
4.61872
4.61872
4.61872
4.61872
4.61872
4.61872
4.62096
4.61872
4.61872
4.61872
4.44718
4.66007
4.06351
4.61872
4.61872
4.61855
4.68488
4.61872
4.61348
4.6192
4.85152
4.61872
4.5642
4.61872
4.61872
4.61872
4.61872
4.97937
4.66966
4.61872
4.61872
4.61872
4.67861
4.61872
4.67686
4.61872
4.61856
4.65582
4.61872
4.61872
4.61872
4.61872
4.61872
4.61872
4.61872
4.6237
4.61872
4.608
4.61872
4.66397
4.61872
4.61872
4.61872
4.61872
4.61872
4.61872
4.61872
4.73444
4.78373
4.61872
4.61872
4.37447
4.61872
4.61872
4.65089
5.01314
4.61872
4.61872
4.61872
4.61872
4.61872
4.61872
4.61872
4.61872
4.61872
4.61872
4.61872
4.61872
4.61872
4.61872
4.62431
4.61872
4.61872
4.61872
4.61872
4.65757
4.69022
4.42133
4.61872
4.58149
4.61872
4.61872
4.61872
4.6218
4.25417
4.61872
4.61872
4.86812
4.61872
4.61872
4.61872
4.61872
4.69195
4.61848
4.61872
4.61872
4.61872
4.61872
4.61872
4.61872
4.61872
4.61872
4.61872
4.61872
4.61766
4.61872
4.67952
4.61872
4.82977
4.44134
4.61872
4.62022
4.61872
4.61872
4.6192
4.61855
4.61872
4.61878
4.71026
4.64266
4.61872
4.61872
4.61872
4.61871
4.61872
4.61872
4.61847
4.61872
4.61872
4.61872
4.61872
4.76988
4.63281
4.62365
4.61872
4.61872
4.61872
4.6022
4.61872
4.61872
4.6879
4.61872
4.61872
4.61872
4.61872
4.61872
4.61872
4.61872
4.61872
4.61854
4.61717
4.61872
4.62309
4.61872
4.61872
4.6187
4.61856
4.61872
4.61872
4.61872
4.61855
4.61872
4.61872
4.78937
4.61872
4.61872
4.61872
4.61872
4.61872
4.61872
4.61872
4.61872
4.61554
4.61872
4.61872
4.61843
4.61872
4.61872
4.61872
4.61872
4.61872
4.61872
4.61872
4.62575
4.61872
4.61872
4.61857
4.67245
4.61853
4.48544
4.39036
4.61872
4.49049
4.61872
4.61872
4.61872
4.61872
4.61872
4.61872
4.61872
4.61872
4.60876
4.61872
4.61872
4.61872
4.10241
4.61872
4.61872
4.61872
4.77929
4.67113
4.61872
4.61872
4.61872
4.61872
4.61872
4.61872
4.61872
4.5845
4.61872
4.61872
4.61872
4.05556
4.61872
4.61872
4.61872
4.61872
4.6083
4.61872
4.61872
4.52313
4.61859
4.61872
4.61855
4.61862
4.61872
4.61872
4.61872
4.61872
4.66889
4.61872
4.61872
4.4919
4.61855
4.61872
4.61872
4.61872
4.61872
4.61872
4.09985
4.81091
4.61872
4.61872
4.61872
4.62901
4.61872
4.61872
4.61872
4.61872
4.61872
4.61872
4.84199
4.61872
4.61872
4.61872
4.65739
4.61872
4.61872
4.61872
4.64192
4.21589
4.61872
4.61872
5.13903
4.61872
4.61872
4.63526
4.61872
4.69218
4.61872
4.61872
4.61872
4.61863
4.61872
4.61872
4.61872
4.62131
4.61872
4.61872
4.61872
4.61855
4.61872
4.61872
4.61872
4.36085
4.61872
4.61872
4.61872
4.61872
4.61872
4.64609
4.61872
4.61872
4.61855
4.61872
4.41663
4.54487
4.61872
4.75475
4.72466
4.61872
4.61872
4.63699
4.13972
4.61872
4.61872
4.61872
4.70485
4.63882
4.61872
4.61872
4.68148
4.61872
4.61855
4.9079
5.04365
4.56084
4.61872
4.61872
4.61872
4.36329
4.61872
4.61872
4.61872
4.61872
4.8333
4.61872
4.61872
4.61872
4.61872
4.61872
4.61855
4.61872
4.68244
4.61872
4.6188
4.61905
4.61872
4.61872
4.61909
4.61872
4.61872
4.61872
4.61889
4.61991
4.61855
4.69075
4.61872
4.61872
4.61872
4.61872
4.61872
4.61872
4.61872
4.64842
4.61872
4.61872
4.48964
4.61872
4.6171
4.61872
4.61872
4.75601
4.61872
4.61872
4.61872
4.61872
4.61872
4.61871
4.61872
4.61872
4.61872
4.64294
4.61855
4.61872
4.6194
4.61872
4.63866
4.61872
4.61872
4.61872
4.61872
4.61872
4.61872
4.74097
4.62006
4.61872
4.61909
4.61872
4.61872
4.61868
4.61808
4.61872
4.58211
4.61872
4.61872
4.74799
4.61872
4.61872
4.61872
4.61872
4.61872
4.61872
4.78978
4.61862
4.61872
4.61872
4.61872
4.61872
4.61893
4.61845
4.36947
4.65613
4.61872
4.61872
4.61872
4.61872
4.50607
4.62378
4.61872
4.88323
4.61872
4.61872
4.61872
4.61872
4.61872
4.61872
4.61872
4.61872
4.61872
4.61872
4.61915
4.61872
4.61855
4.61872
4.61872
4.61872
4.61872
4.61872
4.60406
4.14689
4.61872
4.61873
4.61872
4.61872
4.61872
4.61872
4.61855
4.61872
4.61872
4.61872
4.61872
4.61872
4.61872
4.61872
4.61872
4.61872
4.61872
4.61872
4.61855
4.61872
4.61872
4.61872
4.61872
4.30987
4.59751
4.58209
4.7697
4.61872
4.61872
4.61872
4.61936
4.61872
4.61872
4.61881
4.61872
4.61855
4.61872
4.61872
4.61872
4.31
4.17846
4.61872
4.61872
5.02006
4.61872
4.61872
4.61872
4.74368
4.61938
4.61872
4.61872
4.93372
4.61855
4.61781
4.61872
4.547
4.61872
4.61872
4.61872
4.61872
4.61872
4.61872
4.61872
4.75728
4.09597
4.61872
4.61875
4.73989
4.61872
4.9759
4.61872
4.47797
4.77584
4.61872
4.61872
4.61872
4.61872
4.61872
4.63604
4.6305
4.61872
4.37904
4.61872
4.61872
4.61872
4.61872
4.62427
4.61872
4.61855
4.61872
4.61872
4.61872
4.61872
4.61872
4.61872
4.61872
4.61872
4.61857
4.61872
4.61855
4.61855
4.6564
4.58137
4.68673
4.61632
4.61872
4.61855
4.61872
4.61872
4.61861
4.61872
4.61872
4.61872
4.61872
4.62027
4.61872
4.61872
4.61872
4.49068
4.61872
5.00721
4.61872
4.61872
4.61872
4.61872
4.61872
4.61872
4.61872
4.61872
4.61872
4.61872
4.93437
4.61872
4.61872
4.61872
4.61872
4.61872
4.61872
4.61872
4.61872
4.29719
4.61872
4.73329
4.61872
4.61872
4.61872
4.61872
4.68706
4.62128
4.61884
4.61872
4.61199
4.61872
4.95473
4.61872
4.61872
4.61872
4.61872
4.61885
4.61872
4.61658
4.61872
4.61872
4.61872
4.61872
4.61872
4.61872
4.61872
4.61872
4.61872
4.61872
4.61872
4.61872
4.61872
4.61872
4.61872
4.61872
4.6205
4.61872
4.62227
4.61578
4.61872
4.61872
4.61872
4.51582
4.61872
4.61831
4.63607
4.61872
4.61872
4.61872
4.61872
4.61872
4.61872
4.61872
4.61872
4.61872
4.61872
4.61872
4.61872
4.61872
4.61872
4.61872
4.61872
4.61872
4.61872
4.65037
4.61872
4.61872
4.62416
4.61872
4.61872
4.61872
4.61872
4.6633
4.61872
4.61872
4.61872
4.61872
4.62206
4.61872
4.61872
4.61872
4.61872
4.61872
4.61852
4.61872
4.61872
4.61908
4.61872
4.61872
4.61872
4.61872
4.61872
4.61872
4.61872
4.39239
4.39085
4.61876
4.61872
4.61872
4.64909
4.66203
4.61872
4.61872
4.61872
4.64902
4.61872
4.61872
4.63616
4.61872
4.61872
4.61872
4.75094
4.61872
4.61838
4.61872
4.61872
4.61875
4.61942
4.61872
4.61872
4.70777
4.61872
4.61872
4.61872
4.61872
4.62084
4.8544
4.61872
4.67044
4.61873
4.61872
4.61872
4.61872
4.61872
4.61872
4.61872
4.94557
4.61872
4.6219
4.61872
4.62079
4.61872
4.08141
4.42184
4.61925
4.61867
4.61873
4.61872
4.70497
4.61872
4.61872
4.61872
4.61872
4.4224
4.70195
4.61872
4.61872
4.61787
4.61872
4.61872
4.30822
4.61872
4.61872
4.68502
4.16109
4.61872
4.61872
4.61872
4.61872
4.61872
4.61872
4.61872
4.61872
4.61872
4.61872
4.61872
4.61851
4.61872
4.61253
4.61872
4.61872
4.61872
4.61872
4.62713
4.61872
4.61826
4.29993
4.51779
4.61872
4.61872
4.75962
4.61872
4.61872
4.61872
4.61872
4.61872
4.61872
4.61872
4.61872
4.61872
4.61851
4.61872
4.61872
4.66946
4.61872
4.61872
4.61872
4.61872
4.58165
4.96821
4.61872
4.56809
5.79709
4.61872
4.61872
4.66145
4.61872
4.61872
4.61872
4.61872
4.61872
4.61872
4.61872
4.61872
4.61872
4.61872
4.61872
4.61872
4.61872
4.61872
4.61872
4.66577
4.61872
4.61872
4.62048
4.61855
4.61853
4.43083
4.61872
4.61872
4.61872
4.61964
4.61872
4.49948
4.61872
4.61872
4.61872
4.61872
4.61872
4.61872
4.81566
4.61872
4.67484
4.61872
4.62153
4.61872
4.61872
4.61872
4.61855
4.61872
4.61872
4.61871
4.61872
4.68096
4.62364
4.78445
4.63922
4.61871
4.61872
4.61872
4.61872
4.61872
4.61872
4.61872
4.61872
4.61872
4.80118
4.61872
4.61855
4.65991
4.61872
4.67655
4.61872
4.61855
4.61872
4.61854
4.61872
4.61872
4.61872
4.61872
4.50845
4.61855
4.61872
4.61872
4.61872
4.62732
4.61855
4.68176
4.61872
4.61872
4.61872
4.61872
4.44623
4.61872
4.61872
4.61872
4.61212
4.61872
4.61872
4.61872
4.61856
4.61872
4.61872
4.61872
4.61872
4.63629
4.61872
4.61872
4.57007
4.61872
4.61872
4.61872
4.74876
4.61872
4.61872
4.61872
4.61879
4.61872
4.61833
4.61872
4.61872
4.61872
4.61872
4.61872
4.6203
4.61872
4.61872
4.61872
4.61872
4.61872
4.61872
4.61855
4.61872
4.61872
4.61872
4.61872
4.61855
4.65725
4.62187
9.28347
4.61872
4.89119
4.61872
4.58216
4.61872
4.61872
4.61872
4.74013
4.61872
4.6187
4.61872
4.6203
4.61872
4.61872
4.61872
4.61872
4.63985
4.61872
4.61872
4.61873
4.67517
4.61872
4.78564
4.61872
4.61872
4.61872
4.61872
4.61872
4.61872
4.61872
4.61872
4.61872
4.45309
4.61872
4.61833
4.61872
4.61872
4.61872
4.61872
4.61872
4.74509
4.68221
4.61855
4.61872
4.61872
4.60509
4.48267
4.61872
4.61872
4.61872
4.61872
4.61872
4.61872
4.61872
4.61872
4.61872
4.61872
4.61872
4.44943
4.61872
4.61872
4.61872
4.69238
4.60171
4.61855
4.61872
4.61872
4.44268
4.61872
4.62022
4.61872
4.66738
4.61856
4.61872
4.61872
4.61872
4.61875
4.61872
4.61872
4.62002
4.61872
4.61872
4.61872
4.61872
4.61872
4.6314
4.61872
4.29375
4.61872
4.61872
4.61872
4.26319
4.86994
4.61872
4.47009
4.61872
4.61872
4.61872
4.61855
4.61872
4.61872
4.61872
4.61872
4.72524
4.70871
4.60754
4.87079
4.61872
4.61872
4.61872
4.61872
4.61872
4.61872
4.61872
4.61855
4.61872
4.61872
4.61872
4.61855
4.61872
4.46556
4.67121
4.61872
4.61855
4.61872
4.61872
4.61872
4.65442
4.61872
4.61872
4.57946
4.61872
4.61872
4.62581
4.61872
4.61872
4.6073
4.61872
4.61872
4.61872
4.61872
4.61872
4.61872
4.6194
4.61872
4.61872
4.61872
4.61777
4.61872
4.40505
4.61872
4.61872
4.61872
4.61855
4.61872
4.61872
4.61872
4.61872
4.61856
4.61872
4.60374
4.61872
4.61872
4.61872
4.61856
4.61872
4.61872
4.61872
4.57716
4.61872
4.61872
4.61872
4.61872
4.61872
4.61872
4.61872
4.71147
4.62072
4.62049
4.61872
4.65307
4.01159
4.61872
4.67833
4.61872
4.61872
4.61872
4.61872
4.61872
4.74966
4.61872
4.61872
4.61872
4.61872
4.61872
4.61872
4.61872
4.61872
4.61872
4.61872
4.61872
4.91057
4.61872
4.61872
4.61872
4.86582
4.61872
4.61872
4.61872
4.8194
4.61872
4.61872
4.61872
4.61855
4.61872
4.61855
4.61872
4.61872
4.61947
4.63806
4.61872
4.63381
4.61873
4.61872
4.61872
4.56167
4.61872
4.61872
4.61872
4.61763
4.62831
4.65072
4.61872
4.61882
4.61872
4.61872
4.61855
4.61872
4.61872
4.61872
4.61854
4.61857
4.61872
4.61855
4.61872
4.61951
4.61872
4.61855
4.61878
4.61872
4.61872
4.61872
4.61872
4.62873
4.79909
4.61872
4.61872
4.62054
4.61872
4.61872
4.61872
4.40061
4.61855
4.61872
4.55716
4.61872
4.61872
4.99487
4.85474
4.61872
4.4895
4.61872
4.68372
4.61692
4.61872
4.61872
4.61872
4.66432
4.61872
4.78968
4.61872
4.61872
4.61872
4.61872
4.61872
4.55475
4.61946
4.61872
4.61872
4.61872
4.61872
4.81244
4.67509
4.61872
4.61872
4.61872
4.62758
4.61872
4.65578
4.7932
4.94435
4.61872
4.61872
4.62225
4.62158
4.61874
4.59883
4.57925
4.61872
4.64251
4.61872
4.61976
4.40916
4.61872
4.61872
4.61872
4.61872
4.63858
4.61872
4.61872
4.63954
4.61872
4.61872
4.61854
4.61872
4.61867
4.73459
4.61872
4.61982
4.61872
4.61872
4.62149
4.61872
4.62148
4.77183
4.61872
4.61954
4.61872
4.61872
4.61872
4.61938
4.61854
4.61872
4.61872
4.61876
4.61855
4.61872
4.61872
4.61872
4.62535
4.77867
4.61872
4.61872
4.61872
4.61872
4.61855
4.61872
4.64074
4.61872
4.19567
4.61872
4.61872
4.61872
4.61872
4.63393
4.58897
4.61872
4.61872
4.61586
4.61872
4.64806
4.61872
4.61872
4.61872
4.61872
4.08894
4.66215
4.62199
4.6191
4.58825
4.77505
4.61872
4.61853
4.61872
4.61872
4.61917
4.74575
4.61873
4.61872
4.61872
4.61872
4.44589
4.61903
4.61872
4.61872
4.61872
4.61872
4.61851
4.61872
4.61872
4.61872
4.61872
4.61872
4.59993
4.61872
4.51352
4.6181
4.64084
4.61872
4.61872
4.61855
4.61872
4.61872
4.61872
4.61872
4.61857
4.65503
4.61872
4.14815
4.61872
4.61872
4.48148
4.61872
4.65898
4.61872
4.61872
4.61872
4.61872
4.61872
4.61837
4.61872
4.65683
4.61872
4.61872
4.63512
4.61872
4.61872
4.67948
4.61872
4.61872
4.61872
4.61872
4.61765
4.61872
4.61872
4.61872
4.61873
4.61872
4.61872
4.67558
4.61855
4.64243
4.39679
4.61872
4.61872
4.57679
4.80715
4.83682
4.61872
4.61872
4.61872
4.61855
4.61872
4.61872
4.61872
4.61864
4.61855
4.61872
4.69154
4.61855
4.61872
4.61872
4.61855
4.61855
4.61872
4.61872
4.85434
4.69929
4.62796
4.61872
4.61872
4.61872
4.61872
4.61872
4.61856
4.61872
4.61872
4.61857
4.61872
4.61945
4.42997
4.61872
4.61872
4.61872
4.61872
4.61872
4.61872
4.61872
4.65383
4.61872
4.61872
4.48557
4.89246
4.61873
4.61872
4.61872
4.61344
4.61872
4.81831
4.87877
4.61872
4.61872
4.53835
4.61872
4.6097
4.61872
4.61872
4.61872
4.61872
4.61872
4.61872
4.57062
4.61872
4.61855
4.61872
4.61872
4.61872
4.61872
4.61005
4.61872
4.73697
4.65349
4.61872
4.61872
4.61872
4.61872
4.61872
4.61872
4.61872
4.61872
4.62066
4.61872
4.61872
4.61872
4.73252
4.61872
4.6188
4.61872
4.61872
4.61872
4.61855
4.61872
4.32173
4.62198
4.56925
4.92213
4.61872
4.61943
4.43414
4.62038
4.61872
4.8495
4.60799
4.68348
4.65702
4.61855
4.61872
4.61872
4.74122
4.63426
4.61872
4.63603
4.61872
4.61872
4.61872
4.61855
4.61536
4.61872
4.61872
4.75441
4.61855
4.61498
4.57079
4.61872
4.61872
4.61599
4.61872
4.63589
4.62725
4.61869
5.00559
4.6185
4.61872
4.53278
4.61872
4.58376
4.76347
4.61872
4.61872
4.61872
4.61426
4.61871
4.48189
4.61872
4.61872
4.61872
4.61872
4.88236
4.89087
4.83903
4.74677
4.61856
4.65216
4.61872
4.52932
4.61871
4.57071
4.61872
4.61872
4.61872
4.61872
4.64105
4.61872
4.61948
4.61872
4.72135
4.61872
4.60511
4.61872
4.61944
4.61871
4.55956
4.61867
4.61873
4.61933
4.77828
4.61704
4.61872
4.61834
4.34291
4.61872
4.61872
4.61872
4.66917
4.61872
4.67393
4.61969
4.61872
4.61872
4.62084
4.61872
4.61872
4.72162
4.63219
4.56381
4.46514
4.72735
4.61872
4.61872
4.61872
4.61964
4.61872
4.61872
4.85946
4.61872
4.61872
4.61855
4.61872
4.61872
4.61872
4.61872
4.75736
4.61872
4.37054
4.61872
4.61872
4.59292
4.62012
4.61787
4.61873
4.63995
4.61872
4.61872
4.75163
4.73731
4.61872
4.61872
4.61872
4.61872
4.61872
4.47196
4.61872
4.64898
4.61332
4.76283
4.61872
4.61872
4.61872
4.61813
4.61891
4.63728
4.61949
4.61872
4.66393
4.61872
4.61872
4.61872
4.70168
4.61872
4.61872
4.61872
4.64503
4.61872
4.61872
4.4979
4.61872
4.6185
4.61858
4.57227
4.61873
4.61872
4.61872
4.61872
4.61872
4.61872
4.61872
4.87222
4.61873
4.86599
4.61856
4.61872
4.53433
4.61872
4.62566
4.61872
4.65721
4.61872
4.61855
4.61872
4.58125
4.61872
4.61872
4.76457
4.74494
4.61854
4.61872
4.61872
4.61872
4.61872
4.61872
4.61872
4.34555
4.63371
4.6188
4.61872
4.61855
4.61872
4.69294
4.61872
4.61872
4.61872
4.61872
4.61872
4.74048
4.61995
4.55208
4.61872
4.61872
4.70583
4.61872
4.61872
4.61879
4.61855
4.61872
4.6302
4.66524
4.61872
4.61872
4.61855
4.61872
4.61872
4.61872
4.61872
4.00678
4.61872
4.61855
4.68071
4.61873
4.61866
4.62235
4.61855
4.61859
4.61872
4.61872
4.61872
4.65434
4.61872
4.61872
4.61945
4.61872
4.58196
4.61872
4.61872
4.65841
4.64149
4.61872
4.61872
4.61939
4.61872
4.61872
4.61922
4.58268
4.61746
4.61871
4.62031
4.44549
4.61872
4.61872
4.62012
4.74765
4.61872
4.67121
4.61872
4.61872
4.61847
4.86085
4.61872
4.61872
4.61872
4.62527
4.61872
4.70365
4.57712
4.61855
4.61872
4.83831
4.61872
4.92208
4.61872
4.61872
4.61872
4.75513
4.59128
4.61872
4.62056
4.61884
4.61872
4.61872
4.6203
4.61872
4.61872
4.61872
4.6203
4.61841
4.62141
4.62207
4.61872
4.61872
4.70406
4.61872
4.61855
4.61872
4.61872
4.61872
4.92657
4.89631
4.61872
4.61872
4.62009
4.61872
4.61866
4.61949
4.61872
4.61872
4.57263
4.61872
4.61872
4.61872
4.61872
4.63672
4.62179
4.82096
4.61872
4.62146
4.61872
4.984
4.61848
4.63434
4.62829
4.58965
4.61873
4.45727
4.61854
4.61872
4.61956
4.61855
4.61806
4.61855
4.61872
4.61872
4.85427
4.61855
4.5972
4.54085
4.75065
4.61872
4.61872
4.61872
4.62145
4.61872
4.61872
4.61872
4.60878
4.72498
4.61187
4.61864
4.61872
4.60708
4.61856
4.61871
4.61873
4.61872
4.60417
4.61003
4.61872
4.61855
4.61872
4.61882
4.62938
4.61872
4.61957
4.61872
4.61872
4.61706
4.61872
4.64041
4.81802
5.14731
4.61344
4.61855
4.63
4.62164
4.61872
4.72317
4.57388
4.50392
4.83466
4.61872
4.62058
4.61872
4.61872
4.59427
4.62357
4.01204
4.61771
4.61946
4.61872
4.67243
4.62114
4.61872
4.57659
4.61346
4.61872
4.53614
4.61855
4.67982
4.68038
4.61872
4.61872
4.61796
4.61872
4.6826
4.65284
4.61872
4.66862
4.61868
4.61872
4.61873
4.60667
4.64644
4.61872
4.60737
4.61855
4.61872
4.61558
4.61872
4.61855
4.61878
4.61855
4.61852
4.56773
4.63912
4.61855
4.61855
4.61874
4.74503
4.61872
4.61855
4.61857
4.64922
4.61872
4.61872
4.61872
4.61881
4.61872
4.20547
4.61872
4.83185
4.61872
4.61855
4.61008
4.61855
4.61872
4.61872
4.61803
4.61872
4.61872
4.61854
4.61872
4.61222
4.61872
4.61855
4.61872
4.61872
4.61872
4.62219
4.61872
4.61872
4.61872
4.61872
4.67573
4.61872
4.61872
4.61872
4.61855
4.61855
4.62273
4.61872
4.77786
4.61872
4.61859
4.61872
4.61872
4.54197
4.70148
4.61872
4.61872
4.90976
4.61872
4.61872
4.61872
4.96274
4.61856
4.78028
4.65762
4.61872
4.61175
4.82821
4.61872
4.61872
4.61986
4.61855
4.61872
4.61855
4.61855
4.61855
4.61872
4.61865
4.61872
4.61749
4.63576
4.65897
4.63852
4.88038
4.61872
4.61872
4.61872
4.61872
4.64998
4.65701
4.61872
4.62387
4.61872
4.577
4.79464
4.61872
4.60933
4.61872
4.61872
4.61855
4.83372
4.61872
4.97114
9.2869
4.61972
4.61855
4.61872
4.66478
4.81422
4.61872
4.6307
4.61997
4.61872
4.61855
4.61895
4.61877
4.6194
4.62677
4.61855
4.61872
4.61872
4.3322
4.61872
4.83331
4.62037
4.61872
4.61841
4.61855
4.8254
4.80151
4.74477
4.6187
4.61872
4.61981
4.61872
4.61872
4.74706
4.61888
4.58428
4.62539
4.61855
4.61872
4.65553
4.61872
4.61855
4.56548
4.61855
4.61872
4.97136
4.67878
4.61855
4.61872
4.55346
4.61855
4.61855
4.61855
4.61872
4.68301
4.61855
4.61872
4.48382
4.61872
4.61855
4.61872
4.61017
4.61872
4.61871
4.61872
4.62015
4.60653
4.52294
4.61855
4.61855
4.85417
4.61863
4.61998
4.75675
4.61872
4.61872
4.59328
4.61872
4.61518
4.81464
4.61832
4.61872
4.4875
4.61814
4.58387
4.61872
4.61855
4.62051
4.61872
4.62025
4.75086
4.61872
4.61872
4.76673
4.61872
4.61873
4.67729
4.61872
4.61446
4.61855
4.61855
4.61872
4.61869
4.01175
4.61954
4.61872
4.88779
4.5914
4.82175
4.61872
4.61825
4.61855
4.60781
4.74174
4.61872
4.61777
4.61872
4.6214
4.61855
4.61872
5.01445
4.14919
4.61872
4.61872
4.62446
4.61872
4.61872
4.61005
4.61687
4.61872
4.61872
4.64465
4.61872
4.42207
4.60838
4.67977
4.61855
4.61872
4.82976
4.857
4.85423
4.61168
4.61872
4.61872
4.62397
4.62468
4.80686
4.53064
4.61855
4.61855
4.64074
4.64321
4.69314
4.73262
4.61856
4.61855
4.61872
4.86195
4.61855
4.93622
4.64066
4.26862
4.61878
4.75239
4.61683
4.72142
4.61716
4.81879
4.61906
4.62004
4.69165
4.8024
4.61872
4.61872
4.61855
4.61872
4.61872
4.61872
4.98405
4.6197
4.61886
4.6234
4.64429
4.61872
4.61872
4.61872
4.61872
4.61855
4.5289
4.61872
4.61855
4.88915
4.61872
4.61754
4.55455
4.748
4.61872
4.57857
5.01381
4.61872
4.61872
4.62112
4.85862
4.61855
4.61855
4.53524
4.70879
4.61855
4.62307
4.61872
4.61869
4.64605
4.61872
4.62511
4.75285
4.61872
4.61872
4.5849
4.61658
4.61855
4.61855
4.63133
4.70101
4.61872
4.61855
4.61582
4.61851
4.62348
4.61872
4.61872
4.61877
4.61872
4.61855
4.75103
4.61853
4.61855
4.61516
4.60789
4.61967
4.70904
4.81423
4.65373
4.61872
4.57886
4.61872
4.50717
4.61855
4.61872
4.61959
4.61855
4.74512
4.65403
4.61855
4.61982
4.61855
4.61872
4.61872
4.61995
4.86575
4.61855
4.61872
4.61855
4.61872
4.61959
4.6084
4.09654
4.61872
4.63465
4.62024
4.61855
4.97006
4.72476
4.61872
4.61872
4.6459
4.67912
4.53375
4.84452
4.61934
4.61872
4.71294
4.73942
4.61682
4.61636
4.41539
4.87536
4.85555
4.61872
4.61855
4.61855
4.62885
4.61872
4.62978
4.57957
4.61826
4.58456
4.49909
5.04101
4.67026
4.61855
4.61872
4.61855
4.61855
4.67097
4.61872
4.65042
4.61872
4.61872
4.61872
4.61873
4.85566
4.64768
4.61855
4.64141
4.61872
4.61855
4.61869
4.57198
4.62512
4.83785
4.77646
4.59774
4.6641
4.61873
4.61855
4.63309
4.61872
4.61872
4.61872
4.61878
4.84787
4.82149
4.61842
4.61345
4.59171
4.61872
4.47696
4.61872
4.61872
4.61872
4.73301
4.61872
4.75857
4.52607
4.70571
4.61872
4.61872
4.61855
4.61872
4.61947
4.61872
4.61872
4.61855
4.61872
4.64219
4.61914
4.61855
4.62099
4.61872
4.61855
4.61958
4.61872
4.72551
4.61855
4.80506
4.62021
4.61872
4.6187
4.61872
4.57869
4.75359
4.61872
4.5884
4.61872
4.61872
4.56824
4.61974
4.95607
4.63864
4.61872
4.61873
4.83821
4.62951
4.61872
4.94261
4.67275
4.61942
4.61872
4.6193
4.61855
4.61919
4.61872
4.61872
4.62135
4.61872
4.61872
4.61839
4.61872
4.64392
4.65684
4.61872
4.61872
4.60066
4.6192
4.61872
4.61858
4.39364
4.61872
4.62311
4.61855
4.61127
4.67267
4.64357
4.82989
4.61855
4.61851
4.59248
4.61872
4.61936
4.61957
4.61872
4.61872
4.59916
4.5801
4.61872
4.61855
4.6322
4.74741
4.61872
4.61872
4.61872
4.64508
4.73643
4.61855
4.61872
4.61855
4.61855
4.9247
4.61872
4.92509
4.51115
4.61995
4.74181
4.61953
4.81016
4.61855
4.61872
4.61872
4.61872
4.61859
4.61872
4.61855
4.93699
4.63001
4.61872
4.61872
4.61872
4.61855
4.61782
4.66671
4.85653
4.65286
4.61872
4.61855
4.68848
4.61276
4.61855
4.61855
4.61872
4.61873
4.68253
4.63284
4.60728
4.61619
4.78912
4.7382
4.61855
4.61855
4.63427
4.62264
4.61872
4.61872
4.61872
4.61945
4.62266
4.6193
4.61868
4.56996
4.66818
4.61872
4.61855
4.61738
4.35348
4.41103
4.61873
4.63332
4.61872
4.94861
4.61855
4.61872
4.61872
4.6197
4.61872
4.61872
4.62091
4.61872
4.61872
4.61855
4.61855
4.63339
4.62052
4.63226
4.62245
4.81219
4.61855
4.62071
4.61855
4.62083
4.75178
4.61872
4.61872
4.61935
4.62217
4.63911
4.61872
4.62233
4.577
4.61872
4.61739
4.61855
4.55147
4.61871
4.60597
4.61855
4.61855
4.79669
4.7022
4.61872
4.63336
4.61967
4.61635
4.61855
4.61855
4.61872
4.47795
4.48519
4.64289
4.64041
4.61855
4.61855
4.61872
4.72259
4.61855
4.8031
4.61872
4.85292
4.91324
4.61872
4.61855
4.61872
4.84713
4.70067
4.61856
4.62028
4.84633
4.60697
4.56797
4.6175
4.5418
4.61855
4.61855
4.60139
4.61873
4.61855
4.61855
4.61872
4.61851
4.6185
4.61872
4.61354
4.61872
4.61873
4.67017
4.61855
4.88489
4.61855
4.61872
4.61875
4.61855
4.63168
4.61872
4.66798
4.61872
4.77966
4.61872
4.61855
4.61872
4.61872
4.72311
4.61848
4.936
4.61855
4.61872
4.61855
4.7685
4.61872
4.61872
4.7995
4.61975
4.61855
4.61873
4.61044
5.04871
4.61872
4.60604
4.61872
4.61872
4.61872
4.61855
4.61895
4.61872
4.41859
4.61855
4.64857
4.61872
4.61863
4.61951
4.67037
4.61872
4.80859
4.62228
4.65913
4.80647
4.6206
4.61859
4.61855
4.61872
4.5363
4.67574
4.67967
4.61872
10.1016
4.61872
4.61855
4.61715
4.61872
4.61857
4.61857
4.63175
4.62292
4.61879
4.61872
4.61746
4.61855
4.61872
4.61855
4.61872
4.78111
4.61766
4.90177
4.61872
4.7966
4.61872
4.62928
4.62744
4.62013
4.61855
4.61855
4.61965
4.539
4.88627
4.61872
4.61856
4.86188
4.61592
4.61855
4.85567
4.61855
4.61873
4.61872
4.61872
4.72484
4.61872
4.61872
4.61867
4.54215
4.61759
4.6193
4.61964
4.81412
4.61855
4.61855
4.61876
4.61872
4.61872
4.61872
4.64317
4.61855
4.61872
4.6693
4.61872
4.61282
4.61872
4.61854
4.61872
4.61855
4.92347
4.70492
4.61872
4.61872
4.61872
4.62207
4.61874
4.70303
4.61872
4.67108
4.62129
4.61995
4.61872
4.62195
4.61872
4.61872
4.61855
4.65457
4.79221
4.50166
4.61872
4.61909
4.61855
4.61985
4.61872
4.61872
4.62016
4.61876
4.61855
4.61872
4.76742
4.61872
4.67429
4.7254
4.62645
4.61872
4.61842
4.62635
4.61855
4.89042
4.91523
4.84837
4.65086
4.64469
4.62203
4.61872
4.61855
4.61694
4.64106
4.73968
4.61872
4.84994
4.61872
4.90639
4.61872
4.61897
4.61872
4.61872
4.58918
4.61855
4.61872
4.61872
4.81803
4.85213
4.71386
4.61855
4.61872
4.61881
4.61872
4.6165
4.61997
4.78385
4.63392
4.64004
4.66657
4.61847
4.61872
4.62494
4.61873
4.62578
4.61872
4.72194
4.61855
4.61872
4.63406
4.61855
4.61854
4.66489
4.61856
4.62667
4.61855
4.6239
4.55263
4.61872
4.73811
4.64204
4.61854
4.63317
4.63857
4.61872
4.61873
4.59956
4.61862
4.70758
4.61789
4.61854
4.62381
4.61855
4.61872
4.61873
4.61863
4.619
4.61873
4.65705
4.61872
4.61903
4.61548
4.62069
4.61872
4.62174
4.81173
4.61872
4.62089
4.61855
4.61952
4.62912
4.61872
4.62407
4.62384
4.61872
4.69786
4.60727
4.61855
4.71474
4.67322
4.61872
4.65597
4.72494
4.61855
4.62022
4.62266
4.61863
4.61872
4.61872
4.61872
4.62113
4.60107
4.61855
4.61872
4.61872
4.83854
4.69738
4.61856
4.61872
4.61855
4.57468
4.62088
4.61872
4.61281
4.62105
4.61873
4.61872
4.61813
4.49125
4.79387
4.63459
4.61872
4.46704
4.66821
4.63311
4.71676
4.61872
4.61933
4.61962
4.61873
4.62338
4.834
4.61872
4.61873
4.61906
4.6185
4.64576
9.16528
4.61901
4.61396
4.57521
4.61872
4.91599
4.61855
4.61872
4.61872
4.63243
4.70766
4.61855
4.70568
4.61855
4.61872
4.63317
4.61872
4.62934
4.61849
4.72753
4.6401
4.77667
4.61872
4.61855
4.61857
4.60208
4.61855
4.61872
4.61861
4.61872
4.67094
4.60323
4.61872
4.68383
4.61887
4.61648
4.61857
4.6721
4.85359
10.2752
4.61855
4.55399
4.83634
4.61872
4.74196
4.55857
4.61858
4.68012
4.61861
4.73957
4.88167
4.63215
4.61873
4.61855
4.64828
4.6989
4.61872
4.58951
4.88069
4.67734
4.6189
4.61855
4.63514
4.61316
4.62948
4.61863
4.61872
4.61807
4.61421
4.59145
4.61872
4.61872
4.62098
4.63597
4.66783
4.61893
4.61188
4.62898
4.61923
4.61856
4.3279
4.61872
4.61872
4.61878
4.61872
4.61872
4.61872
4.61855
4.61641
4.61095
4.60122
4.61872
4.62723
4.61873
4.61872
4.62187
4.61841
4.61864
4.61631
4.62501
4.73681
4.61872
4.64426
4.55924
4.61872
4.61872
4.62067
4.61863
4.61502
4.78112
4.93241
4.73931
4.62331
4.61764
4.61855
4.61872
4.61855
4.61923
4.61872
4.62124
4.66339
4.68171
4.61855
4.79308
4.60433
4.61855
4.59912
4.51238
4.61855
4.62246
4.6526
4.64591
4.77125
4.61839
4.62608
4.61872
4.73321
4.62342
4.60868
4.9541
4.72058
4.69296
4.61855
4.61872
4.61888
4.85816
4.61906
4.61872
4.61855
4.53995
4.6184
4.61872
4.66301
4.61855
4.79253
4.61873
4.61855
4.61855
4.61872
4.61781
4.62104
4.61872
4.81675
4.61897
4.61896
4.48812
4.61855
4.56634
4.61872
4.61855
4.62117
4.61919
4.78436
4.67832
4.61872
4.61872
4.61904
4.60646
4.63236
4.61872
4.64655
4.61871
4.61872
4.61729
4.61857
4.61892
4.61873
4.61872
4.62658
4.61855
4.61872
4.61863
4.81529
4.61872
4.61872
4.61872
4.62063
4.61855
4.80426
4.63103
4.77761
4.72052
4.59338
4.79338
4.61872
4.61873
4.8737
4.61921
4.61872
4.61858
4.70137
4.68282
4.61872
4.62053
4.61872
4.61914
4.61238
4.61872
4.61564
4.61872
4.61855
4.7766
4.61872
4.61872
4.61855
4.84325
4.56628
4.57733
4.62107
4.61872
4.61195
4.62701
4.61862
4.61872
4.61872
4.62017
4.61924
4.61872
4.63911
4.61855
4.61855
4.61941
4.61872
4.84336
4.61872
4.59829
4.7749
4.61889
4.6187
4.614
4.61872
4.62472
4.61872
4.61852
4.82489
4.65476
4.6187
4.61956
4.60845
4.61872
4.61878
4.61855
4.61872
4.61872
4.61872
4.62021
4.55125
4.619
4.623
4.72366
4.62647
4.61872
4.61872
4.6788
4.65393
4.61872
4.62945
4.61872
4.65691
4.70248
4.61872
4.61873
4.61855
4.65859
4.55572
4.61856
4.58156
4.74176
4.72162
4.61852
4.61874
4.77139
4.61872
4.69515
4.61873
4.48905
4.61805
4.67062
4.61764
4.71184
4.61872
4.61855
4.62304
4.6212
4.61257
4.81194
4.63365
4.28143
4.6186
4.64562
4.61873
4.61879
4.50392
4.68025
4.79354
4.61932
4.63718
4.62476
4.7901
4.77053
4.61873
4.61934
4.61872
4.61895
4.61872
4.61789
4.6201
4.71083
4.61872
4.61855
4.59555
4.61872
4.61855
4.61872
4.61853
5.08596
4.61872
4.62854
4.61872
4.61896
4.61872
4.61872
4.48005
4.61855
4.61989
4.61855
4.74994
4.76869
5.00761
4.63618
4.61855
4.61872
4.61872
4.61535
4.4387
4.11405
4.71189
4.62407
4.62279
4.65811
4.61872
4.62871
4.83292
4.61872
4.80289
4.61872
4.66729
4.61856
4.61855
4.62787
4.62031
4.61872
4.61856
4.61241
4.54156
4.62471
4.63709
4.61873
4.61825
4.6376
4.68944
4.61872
4.60969
4.61863
4.61872
4.61872
4.62258
4.61905
4.61872
4.66788
4.66745
4.61873
4.61872
4.61872
4.61872
4.61872
4.61855
4.62723
4.61872
4.60662
4.61855
4.64257
4.61872
4.76518
4.41264
4.61872
4.61872
4.61873
5.03602
4.62751
4.61881
4.61872
4.61851
4.61855
4.91048
4.64751
4.61872
4.83171
4.65193
4.61855
4.61856
4.61835
4.62347
4.61873
4.61865
4.61979
4.61872
4.61872
4.92097
4.61872
4.61881
4.61872
4.60829
4.66262
4.61872
4.61855
4.61872
4.74944
4.61872
4.61877
4.67008
4.75169
4.61855
4.63231
4.61873
4.67684
4.61872
4.66579
4.17982
4.61872
4.61872
4.61855
4.61888
4.85998
4.57671
4.61855
4.61849
4.61855
4.50525
4.66735
4.61097
4.85242
4.63654
4.66198
4.71106
4.61855
4.75415
4.61856
4.61873
4.61858
4.61856
4.61873
4.65087
4.61872
4.61861
4.48311
4.81961
4.61855
4.62286
4.61855
4.66304
4.61845
4.55503
4.61872
4.61855
4.61873
4.61855
4.61723
4.61874
4.61893
4.61872
4.47821
4.64447
4.76239
4.64501
4.62058
4.76717
4.85774
4.62027
4.61872
4.62087
4.61872
4.60246
4.61854
4.61872
4.61872
4.66713
4.61428
4.61873
4.63561
4.61872
4.6493
4.84469
4.65457
4.61704
4.62712
4.59711
4.77856
4.62619
4.61872
4.61855
4.63679
4.71604
4.61873
4.61856
4.62222
4.61873
4.61855
4.62101
4.61927
4.86768
4.60059
4.61872
4.61872
4.6593
4.62474
4.61085
4.61864
4.61874
4.85928
4.88302
4.62341
4.61872
4.61851
4.71136
4.47819
4.70428
4.68178
4.66093
4.65345
4.61191
4.61856
4.62122
4.62726
4.64576
4.61872
4.61855
4.61872
4.58778
4.61873
4.61873
4.61856
4.61425
4.61872
4.84473
4.61872
4.61872
4.62733
4.61855
4.61854
4.53294
4.62011
4.61872
4.61855
4.47925
4.6187
4.61855
4.48271
4.75844
4.57859
4.61876
4.61863
4.61872
4.65024
4.64149
4.61874
4.69323
4.39498
4.61817
4.54542
4.61872
4.63255
4.61855
4.61914
4.61856
4.61931
4.6103
4.61872
4.61959
4.81108
4.61171
4.60979
4.6289
4.61872
4.60827
4.82939
4.65553
4.619
5.41206
4.61872
4.64384
4.61885
4.70454
4.62148
4.61872
4.08293
4.61872
4.61872
4.61873
4.61872
4.61872
4.61873
4.61816
4.62715
4.61872
4.61894
4.63069
4.61872
4.61866
4.65398
4.61857
4.71547
4.61872
4.67073
4.61856
4.61872
4.85361
4.61872
4.61872
4.57441
4.61855
4.61916
4.61873
4.64973
4.85975
4.6185
4.60924
4.82698
4.61856
4.61856
4.61873
4.44927
4.6789
4.65803
4.67067
4.61861
4.59861
4.61873
4.14629
4.92449
4.65445
4.69133
4.87402
4.61855
4.68645
4.61862
4.67775
4.67823
4.61872
4.75252
4.61872
4.64292
4.61873
4.61871
4.61864
4.63313
4.61873
4.61872
4.61975
4.62114
4.61872
4.84194
4.61872
4.61872
4.61892
4.59703
4.84913
4.62037
4.81352
4.61872
4.61855
4.61503
4.61872
4.61872
4.61909
4.61872
4.55668
4.61089
4.61855
4.61872
4.61873
4.61854
4.2614
4.65836
4.58499
4.57647
4.61872
4.63165
4.65484
4.84033
4.61872
4.78829
4.61957
4.61872
4.61856
4.61873
4.61866
4.62198
4.71123
4.61872
4.61855
4.63976
4.61872
4.61872
4.77329
4.61872
4.61855
4.61872
4.61872
4.61872
4.77353
4.63176
4.61872
4.61855
4.62448
4.62782
4.65747
4.61855
4.61872
4.62021
4.61855
4.61225
4.66426
4.61891
4.62156
4.62999
4.61855
4.61873
4.61931
4.61796
4.62827
4.63421
4.61867
4.62302
4.62826
4.76123
4.46525
4.61857
4.64366
4.61892
4.61877
4.64382
4.64003
4.62087
4.61872
4.66427
4.62555
4.85638
4.66736
4.64599
4.61873
4.66016
4.61872
4.69402
4.68977
4.61873
4.61872
4.64014
4.61855
4.62521
4.61896
4.65865
4.61872
4.63635
4.83989
4.6187
4.86224
4.61855
4.61914
4.47324
4.62295
4.64906
4.60692
4.62914
4.63107
4.61904
4.70498
4.61857
4.61872
4.63943
4.61918
4.62819
4.69878
4.373
4.67152
4.61872
4.60507
4.61479
4.61872
4.63647
4.65335
4.68275
4.62052
4.61872
4.61873
4.67437
4.61872
4.71621
4.71771
4.52475
4.84188
4.85405
4.61856
4.69763
4.57288
4.61873
4.61872
4.61796
4.63463
4.61875
4.63906
4.61873
4.6185
4.62095
4.61873
4.7915
4.85492
4.61872
4.6198
4.62489
4.61873
4.65105
4.66016
4.65649
4.61872
4.61872
4.61855
4.61872
4.61855
4.61872
4.66817
4.61872
4.59059
4.62056
4.61879
4.61795
4.64703
4.61872
4.85555
4.63204
4.64797
4.61531
4.628
4.6293
4.62755
4.61854
4.79936
4.61872
4.62354
4.61855
4.58536
4.59737
4.50523
4.6439
4.61849
4.61873
4.68688
4.38864
4.61826
4.61874
4.57443
4.61694
4.40888
4.61856
4.62001
4.61873
4.71364
4.61855
4.61796
4.61471
4.61874
4.66467
4.71851
4.4955
4.64196
4.77237
4.57202
4.7423
4.61872
4.55873
4.61873
4.85003
4.7275
4.61795
4.57897
4.62941
4.61855
4.64944
4.70769
4.61872
4.61872
4.61872
4.61137
4.61825
4.70035
4.68186
4.4804
4.62634
4.61873
4.61872
4.61872
4.84064
4.96657
4.68921
4.61618
4.61872
4.62149
4.61872
4.53775
4.64336
4.61796
4.61872
4.57441
4.58941
4.61872
4.69053
4.64885
4.7
4.38238
4.61874
4.63804
4.67002
4.69945
4.61872
4.60725
4.85322
4.06772
4.66106
4.61872
4.61855
4.61872
4.61872
4.49086
4.61872
4.65339
4.61872
4.69895
4.6169
4.61873
4.61872
4.61872
4.63468
4.6339
4.61873
4.61872
4.61872
4.61855
4.61854
4.45208
4.61872
4.59703
4.74696
4.62996
4.619
4.61944
4.61872
4.61872
4.61872
4.50871
4.62172
4.61872
4.61872
4.61872
4.62813
4.69048
4.65002
4.52146
4.61942
4.61872
4.30718
5.07029
4.32767
4.36523
4.84229
4.63187
4.73428
4.60399
4.60829
4.82033
4.61685
4.61873
4.90837
4.61872
4.66858
4.61855
4.61873
4.83559
4.61872
10.1702
4.50003
4.63431
4.61872
4.61855
4.71608
4.55538
4.61872
4.78099
4.61872
4.61872
4.69919
4.61855
4.54645
4.61855
4.61855
4.61873
4.61872
4.68262
4.61744
4.59642
4.61735
4.64471
4.54326
4.62776
4.61873
4.61897
4.62993
4.61905
4.61872
4.80291
4.61872
4.70602
4.61873
4.61856
4.95234
4.62041
4.6435
4.61855
4.61856
4.73806
4.61873
4.67057
4.61872
4.61974
4.37117
4.62719
4.61872
4.61863
4.73267
4.62736
4.61872
4.61865
4.61872
4.61872
4.61872
4.62766
4.74557
4.8261
4.61873
4.76981
4.61872
4.70302
4.61859
4.61966
4.62994
4.68084
4.61057
4.61855
4.61956
4.61873
4.71974
4.51805
4.61872
4.65277
4.70225
4.61839
4.67764
4.73517
4.62134
4.64647
4.62006
4.62358
4.61831
4.60356
4.61872
4.78638
4.65964
4.63992
4.73464
4.61856
4.61872
4.61872
4.61873
4.48351
4.61872
4.61752
4.62385
4.69487
4.65365
4.61872
4.61873
4.62077
4.41052
4.61855
4.62048
4.61872
4.61872
4.61855
4.61871
4.61872
4.61872
4.61872
4.64181
4.62956
4.63502
4.61308
4.66799
4.61872
4.80101
4.61872
4.60227
4.61872
4.63235
4.61872
4.61872
4.74954
5.05403
4.6564
4.41244
4.61872
4.6251
4.61873
4.55454
4.61872
4.61872
4.61872
4.61855
4.62717
4.61868
4.61863
4.84412
4.61873
4.63911
4.61856
4.59876
4.619
4.61855
4.61855
4.61874
4.62367
4.61933
4.11906
4.6038
4.46555
4.62093
4.6381
4.61873
4.85124
4.64996
4.7151
4.61872
4.60224
4.732
4.61872
4.63166
4.61872
4.61872
4.70222
4.61873
4.60038
4.6045
4.62075
4.71158
4.61857
4.61872
4.47982
4.61872
4.61872
4.77818
4.61872
4.61873
4.45632
4.71398
4.60567
4.61872
4.80752
4.61873
4.61855
4.61855
4.61875
4.61824
4.60757
4.78677
4.61855
4.61933
4.62958
4.87777
4.62247
4.61872
4.83774
4.61907
4.61872
4.6444
4.62197
4.59234
4.63705
4.62779
4.83653
5.38973
4.64465
4.64219
4.61872
4.61873
4.61946
4.61869
4.61872
4.61867
4.55114
4.61872
4.60471
4.61856
4.72231
4.61872
4.61873
4.36139
4.6188
4.61872
4.5888
4.61855
4.61917
4.6331
4.70458
4.61873
4.71534
4.61872
4.61872
4.47223
4.75672
4.58208
4.60564
4.62211
4.61872
4.61872
4.61863
4.62151
4.61873
4.71398
4.81533
4.61969
4.6139
4.61872
4.84288
4.61874
4.61872
4.61872
4.61873
4.92328
5.27673
4.61872
4.61872
4.61936
4.61872
4.61907
4.61871
4.61855
4.61875
4.64613
4.61972
4.61876
4.69983
4.60652
4.61915
4.61872
4.63501
4.61945
4.61873
4.61872
4.72858
4.61873
4.72379
4.65449
4.61853
4.61912
4.61855
4.73083
4.61872
4.58131
4.61873
4.6939
4.62021
4.7693
4.61872
4.61872
4.58032
4.61872
4.62105
4.82495
4.78396
4.61875
4.6698
4.61724
4.61872
4.61873
4.61872
4.61872
4.7225
4.78493
4.61872
4.61872
4.61872
4.63435
4.73055
4.61871
4.61873
4.76835
4.61856
4.61872
4.61855
4.61863
4.68796
4.60824
4.61942
4.72587
4.35823
4.65789
4.71012
4.58299
4.64466
4.61855
4.61854
4.61872
4.76488
4.65665
4.61864
4.76771
4.61872
4.85946
4.62431
4.61872
4.61872
4.61872
4.61855
4.61872
4.61664
4.59806
4.76605
4.61872
4.62758
4.69566
4.61872
4.61873
4.63769
4.64317
4.73382
4.65368
4.61875
4.84078
4.6187
4.61855
4.61872
4.54743
4.61872
4.61872
4.61873
4.61873
4.61872
4.66607
4.60531
4.63323
4.61872
4.61872
4.66254
4.84549
4.6323
4.61873
4.61727
4.61863
4.57906
4.73147
4.43965
4.61872
4.6314
4.61872
4.35126
4.65799
4.72393
4.64187
4.61872
4.61854
4.71006
4.61872
4.61872
4.82961
4.61855
4.84631
4.61873
4.61857
4.63937
4.78865
4.61872
4.62344
4.82293
4.65962
4.61872
4.61855
4.61872
4.61872
4.84744
4.69935
4.6167
4.4204
4.70943
4.61855
4.59616
4.61861
4.61873
4.62884
4.61872
4.76416
4.57809
4.72199
4.61971
4.72435
4.61872
4.77327
4.61855
4.61935
4.61872
4.61817
4.61872
4.61855
4.61873
4.62012
4.61872
4.76772
4.45484
4.59793
4.61872
4.61873
4.73996
4.5056
4.61872
4.61874
4.61872
4.5387
4.61872
4.40332
4.61872
4.61739
4.61872
4.61872
4.62961
4.61872
4.16721
4.61855
4.36914
4.61855
4.65243
4.78222
4.61855
4.61872
4.77912
4.83178
4.62591
4.67064
4.61872
4.61872
4.61872
4.66882
4.62751
4.61871
4.61876
4.61872
4.61872
4.75693
4.77257
4.62027
4.62439
4.62705
4.61855
4.71615
4.62095
4.77408
4.7539
4.61872
4.6518
4.64957
4.61872
4.62179
4.61862
4.62311
4.61872
4.68848
4.61876
4.64124
4.61872
4.61896
4.64502
4.623
4.61872
4.61854
4.61872
4.61873
4.61872
4.6684
4.61872
4.61872
4.71113
4.61736
4.61872
4.6293
4.61872
4.51472
4.7321
4.61862
4.61872
4.61873
4.61872
4.61872
4.61872
4.6163
4.61872
4.61872
4.61872
4.61872
4.6783
4.6062
4.62378
4.61855
4.6817
4.61871
4.53084
4.60194
4.64356
4.62465
4.60895
4.61872
4.42308
4.6176
4.62008
4.61854
4.63537
4.59853
4.61872
4.61855
4.44013
4.61873
4.73844
4.61873
4.61873
4.68352
4.61855
4.61872
4.61872
4.61872
4.61872
4.61864
4.68442
4.61881
4.56767
4.32871
4.70141
4.61872
4.76202
4.61873
4.63794
4.61854
4.60891
4.71442
4.71224
4.63057
4.61812
4.61873
4.63403
4.3958
4.77441
4.62556
4.61872
4.61933
4.54818
4.61856
4.61872
4.61872
4.61873
4.61872
4.61872
4.61853
4.62005
4.73279
4.74903
4.87397
4.83732
4.61982
4.61897
5.32624
4.61872
4.20655
4.61872
4.95075
4.61872
4.61875
4.6742
4.61873
4.61872
4.71487
4.61872
4.61855
4.8959
4.43986
4.60834
4.6062
4.75399
4.61872
4.63603
4.61873
4.61872
4.6196
4.6188
4.60064
4.61829
4.60822
4.71099
4.6289
4.62372
4.64435
5.12105
4.70939
4.6143
4.78897
4.61873
4.61854
4.65044
4.67877
4.61809
4.61752
4.4403
4.61854
4.61965
4.61872
4.34257
4.61872
4.6187
4.61873
4.61872
4.61872
4.62057
4.61872
4.61855
4.61845
4.68227
4.61854
4.61872
4.61872
4.61855
4.61872
4.63403
4.61855
4.69953
4.61872
4.61873
4.61832
4.70762
4.61873
4.40778
4.61856
4.62052
4.61873
4.62307
4.61872
4.61957
4.61948
4.61871
4.61872
4.56644
4.61872
4.61874
4.61862
4.61833
4.73834
4.56936
4.94707
4.61872
4.61863
4.6121
4.60011
4.77564
4.61872
4.61873
4.61872
4.62621
4.35804
4.6201
4.3715
4.60817
4.61855
4.61855
4.7775
4.62067
4.61873
4.61872
4.74061
4.66166
4.71021
4.66751
4.61872
4.61836
4.61873
4.61855
4.83343
4.76557
4.82665
4.35713
4.81302
4.62753
4.61872
4.61855
4.61872
4.61872
4.61872
4.6861
4.70503
4.61872
4.61872
4.62522
4.61872
4.62803
4.61872
4.70985
4.6865
4.61872
4.61873
4.61872
4.6646
4.71432
4.59936
4.64931
4.62737
4.621
4.61926
4.61872
4.61789
4.61968
4.61872
4.61662
4.59742
4.61856
4.34739
4.63769
4.59104
4.6253
4.61871
4.61872
4.62096
4.71636
4.59673
4.62653
4.61873
4.61873
4.74088
4.62001
4.61855
4.61601
4.61872
4.61872
4.58809
4.61873
4.61704
4.74185
4.61228
4.61855
4.61872
4.618
4.61872
4.61855
4.64725
4.87053
4.61873
4.61872
4.59179
4.66908
4.7469
4.32456
4.61872
4.64826
4.74607
4.60247
4.61873
4.61858
4.61872
4.61712
4.61926
4.62171
4.41237
4.78159
4.61872
4.79571
4.78132
4.61872
4.61851
4.62775
4.65509
4.61932
4.55609
4.6171
4.60842
4.61855
4.61872
4.61872
4.61872
4.61855
4.45459
4.82075
4.34778
4.40975
4.61855
4.61994
4.62137
4.61872
4.61872
5.37283
4.61872
4.7038
4.62083
4.61952
4.61873
4.61864
4.5609
4.61872
4.61874
4.61855
4.6023
4.77967
4.91386
4.62128
4.58755
4.61872
4.6197
4.57536
4.61719
4.70168
4.60308
4.61872
4.62293
4.62371
4.61845
4.40588
4.66183
4.61872
4.84326
4.77445
4.66667
4.82633
4.61872
4.61872
4.61872
4.34424
4.533
4.38486
4.61872
4.64615
4.56749
4.61855
4.61872
4.62281
4.61372
4.6187
4.49931
4.61918
4.65275
4.61863
4.68758
4.84408
4.78476
4.61872
4.83048
4.61873
4.61937
4.69868
4.91069
4.32968
4.61872
4.61873
4.61891
4.61867
4.61874
4.61892
4.61872
4.69909
4.61855
4.61872
4.66738
4.63133
4.61873
4.59028
4.62011
4.6967
4.33803
4.78807
4.67699
4.61872
4.61859
4.65481
4.61873
4.61954
4.69562
4.61872
4.61879
4.67329
4.64139
4.58799
4.39023
4.69876
4.64418
4.61872
4.69319
4.61855
4.60916
4.61859
4.61873
4.61872
4.61937
4.61852
4.61874
4.62079
4.76543
4.38113
4.59728
4.61876
4.61872
4.60831
4.61872
4.61872
4.02639
4.62324
4.61872
4.62011
4.61873
4.62118
4.62865
4.61872
4.88905
4.70205
4.61872
4.61872
4.5809
4.51743
4.6247
4.17658
4.61855
4.61872
4.69738
4.61874
4.61872
4.61872
4.66248
4.17257
4.61872
4.61855
4.61168
4.77826
4.61856
4.61872
4.62116
4.61872
4.73058
4.19268
4.5794
4.6888
4.61872
4.65452
4.71174
4.61855
4.61872
4.61858
4.61873
4.62756
4.61897
4.67116
4.61853
4.61873
4.60739
4.63679
4.61873
4.61872
4.61872
4.61877
4.62321
4.65458
4.61872
4.61873
4.61872
4.76376
4.61905
4.84263
4.47847
4.57683
4.61872
4.67001
4.69575
4.63584
4.61872
4.61874
4.64581
4.66246
4.71041
4.60452
4.75397
4.63485
4.62561
4.62815
4.61573
4.3559
4.61874
4.48718
4.61872
4.69833
4.60511
4.62418
4.75342
4.61873
4.61872
4.82675
4.617
4.61873
4.61873
4.61872
4.61873
4.67665
4.61848
4.34114
4.62092
4.83041
4.61855
4.63673
4.61858
4.61241
4.61872
4.7299
4.6188
4.61873
4.61854
4.76439
4.7297
4.69945
4.61873
4.69318
4.61872
4.85726
4.62762
4.61716
4.7549
4.6768
4.51437
4.61873
4.61872
4.56427
4.61856
4.62764
4.61872
4.81226
4.59955
4.61872
4.61926
4.62234
4.61854
4.6415
4.63388
4.61873
4.61872
4.70256
4.61872
4.61881
4.74828
4.61873
4.63765
4.7039
4.61873
4.61872
4.58212
4.61831
4.629
4.76185
4.61873
4.61872
4.61872
4.59583
4.61873
4.61855
4.67645
4.61872
4.61873
4.44752
4.61984
4.89942
4.61855
4.59072
4.72242
4.62124
4.6821
4.3918
4.64424
4.48463
4.61872
4.61968
4.81418
4.61872
4.61875
4.61876
4.61875
4.61872
4.5837
4.77045
4.9804
4.81656
4.634
4.68985
4.61378
4.77113
4.62087
4.70544
4.61873
4.61872
4.61854
4.5829
4.61872
4.76253
4.60805
4.61883
4.97803
4.61872
4.61872
4.61998
4.46052
4.81724
4.59441
4.61876
4.66157
4.64796
4.61873
4.67927
4.61872
4.80804
4.61855
4.61855
4.78997
4.81432
4.32833
4.45391
4.64191
4.61872
4.61735
4.6643
4.61872
4.61873
4.61872
4.61872
4.61872
4.61854
4.34846
4.60882
4.61872
4.63939
4.62436
4.62134
4.61869
4.34577
4.61872
4.81619
4.60941
4.85257
4.80282
4.61873
4.65135
4.49241
4.61872
4.623
4.58214
4.61872
4.62363
4.61873
4.61872
4.66377
4.63038
4.61872
4.56428
4.61708
4.65658
4.61872
4.82208
4.76775
4.61872
4.61714
4.84177
4.61872
4.68729
4.61872
4.82918
4.61675
4.61855
4.61857
4.5803
4.69314
4.61832
4.62074
4.65674
4.61872
4.61872
4.61873
4.64155
4.88584
4.61871
4.42943
4.6197
4.6645
4.61872
4.61852
4.45237
4.61872
4.64029
4.61872
4.63823
4.60509
4.61856
4.61855
4.6187
4.61872
4.66011
4.62017
4.61863
4.52207
4.57734
4.1789
4.61873
4.83112
4.72333
4.71141
4.61563
4.40395
4.61872
4.07261
4.61872
4.61872
4.61872
4.57988
5.00575
4.38767
4.63187
4.61901
4.61872
4.61855
4.61872
4.61766
4.64644
4.79695
4.61721
4.99284
4.87965
4.71285
4.88228
4.61873
4.61854
4.61859
4.65968
4.61773
4.41771
4.62819
4.61872
4.61881
4.61854
4.61855
4.85568
4.62199
4.89962
4.61872
4.61872
4.68397
4.61923
4.61966
4.61944
4.84096
4.61986
4.61872
4.60923
4.61858
4.61875
4.61872
4.61726
4.66005
4.39262
4.61877
4.61891
4.47013
4.61872
4.61854
4.63462
4.61872
4.33493
4.61864
4.61872
4.61874
4.61872
4.64066
4.76588
4.58648
4.61872
4.61872
5.36776
4.53225
4.66584
4.83949
4.61746
4.61872
4.62175
4.61872
4.61762
4.69084
4.61872
4.61872
4.6209
4.87848
4.83905
4.82846
4.61874
4.61874
4.56901
4.61872
4.61871
4.61855
4.58565
4.62638
4.61872
4.61909
4.61844
4.79447
4.6526
4.61503
4.61872
4.62118
4.61944
4.61881
4.61874
4.61855
4.61864
4.62861
4.63432
4.61855
4.60976
4.61855
4.68141
4.61855
4.61829
4.65198
4.60987
4.61872
4.61855
4.43904
4.38561
4.77911
4.29909
4.63852
4.63439
4.64721
4.61855
4.70956
4.31873
4.61855
4.48733
4.61854
4.73638
4.85356
4.57572
4.71471
4.43444
4.65285
4.61854
4.77536
4.61872
4.85543
4.44115
4.66825
4.61223
4.61872
4.64874
4.61872
4.78478
4.61871
4.61069
4.61871
4.68784
4.53773
4.481
4.61873
4.61872
4.62122
4.61872
4.61856
4.61873
4.71276
4.5628
4.64103
4.61872
4.62144
4.69198
4.67208
4.68018
4.61055
4.61861
4.62827
4.52862
4.61872
4.60864
4.77981
4.74684
4.61854
4.61873
4.54958
4.62019
4.85357
4.67811
4.61822
4.61844
4.45289
4.61873
4.61306
4.61872
4.61935
4.61855
4.72164
4.61872
4.61872
4.6192
4.61872
4.61873
4.61855
4.61872
4.61872
4.78783
4.69796
4.86681
4.61872
4.61872
4.64839
4.6187
4.61872
4.61872
4.61872
4.61872
4.61873
4.60985
4.61788
4.65667
4.41628
4.63021
4.61873
4.61462
4.62184
4.61872
4.60081
4.61872
4.61854
4.61854
4.61872
4.61872
4.69716
4.96943
4.61854
4.44834
4.62984
4.72792
4.7084
4.62122
4.66362
4.5794
4.7967
4.6175
4.78857
4.6145
4.78224
4.62372
4.61855
4.73561
4.61872
4.61873
4.61897
4.63547
4.33184
4.61874
4.67556
4.61856
4.40258
4.61875
4.54206
4.49066
4.43068
4.64431
4.65294
4.70168
4.42672
4.61872
4.61873
4.619
4.61792
4.61562
5.3486
4.61874
4.74936
4.61872
4.61872
4.46128
4.61899
4.63295
4.61908
4.61896
4.61872
4.61872
4.61872
4.4525
4.4813
4.61872
4.61872
4.61874
4.62059
4.63349
4.84658
4.67159
4.61872
4.57655
4.73264
4.92305
4.83525
4.62083
4.63571
4.65657
4.61872
4.61874
4.61871
4.75854
4.60446
4.61872
4.61872
4.61873
4.60549
4.6628
4.61856
4.61924
4.57223
4.69739
4.61852
4.63064
4.61854
4.82928
4.61868
4.63537
4.62146
4.61872
4.62238
4.61872
4.62746
4.67116
4.3885
4.61872
4.61975
4.61855
4.61959
4.18425
4.61873
4.61873
4.6199
4.61872
4.61872
4.61873
4.76057
4.76143
4.61857
4.65157
4.63373
4.21808
4.63187
4.3459
4.61872
4.63229
4.61872
4.63722
4.60156
4.61876
4.8242
4.61872
4.62098
4.67227
4.61872
4.61872
4.61872
4.61873
5.01709
4.60695
4.62831
4.61895
4.737
4.61854
4.61872
4.62499
4.54398
4.61872
4.73784
4.61967
4.61874
4.61873
4.76415
4.82612
4.64395
4.61875
4.61872
4.7592
4.61872
4.60938
4.74479
4.61536
4.61855
4.61872
4.7362
4.81626
4.61873
4.61872
4.61872
4.28023
4.62952
4.70099
4.65013
4.63073
4.61855
4.45652
4.62224
4.65265
4.61864
4.7957
4.6188
4.66773
4.64044
4.61872
4.61872
4.83707
4.61873
4.60777
4.61855
4.61899
4.66973
4.61872
4.61872
4.61872
4.79682
4.61872
4.61211
4.61872
4.61872
4.67254
4.6187
4.60977
4.62522
4.61873
4.67893
4.61745
4.61686
4.63694
4.45082
4.62028
4.61873
4.82905
4.61872
4.6219
4.61877
4.61872
4.78769
4.59908
4.61873
4.61898
4.57837
4.81016
4.61872
4.62879
4.6051
4.65389
4.61855
4.9173
4.89872
4.81719
4.61872
4.61854
4.61872
4.81217
4.61872
4.61872
4.66066
4.61855
4.61877
4.61872
4.61879
4.62122
4.43749
4.77385
5.19295
4.6185
4.79594
4.66581
4.61859
4.61898
4.61842
4.41388
4.63254
4.80554
4.62802
4.61746
4.59738
4.61873
4.61919
4.88299
4.6714
4.66645
4.61873
4.69214
4.61872
4.7403
4.61872
4.61864
4.73247
4.61873
4.69978
4.46051
4.60196
4.61892
4.61741
4.61872
4.70404
4.79626
4.9103
4.61864
4.65301
4.82361
4.61857
4.36748
4.61873
4.591
4.2868
4.61872
4.64532
4.61872
4.61872
4.48788
4.6205
4.82699
4.6378
4.61874
4.61874
4.61872
4.32874
4.61872
4.517
4.61872
4.61868
4.61873
4.61855
4.78153
4.61872
4.65351
4.61872
4.61855
4.61872
4.79512
4.61877
4.61759
5.19185
4.76169
4.61872
4.61873
4.61874
4.61857
4.49746
4.61873
4.73667
4.73968
4.48802
4.62081
4.61853
4.59267
4.61872
4.61875
4.78807
4.64975
4.65482
4.61854
4.5477
4.62837
4.69124
4.61872
4.77945
4.61872
4.61855
4.24738
4.62798
4.62262
4.62109
4.61859
4.61872
4.61873
4.61873
4.61873
4.66208
4.61976
4.63036
4.61872
4.61829
4.66392
4.61872
4.71171
4.61872
4.61874
4.61968
4.88883
4.42614
4.57587
4.61859
4.61872
4.6237
4.75982
4.65839
4.43722
4.24094
4.61857
4.61872
4.35879
4.61926
4.61855
4.65099
4.46676
4.61973
4.76362
4.44678
4.62005
4.61923
4.81784
4.61883
4.61872
4.61872
4.52671
4.61872
4.62689
4.53106
4.61872
4.62898
4.4144
4.47026
4.59988
4.61521
4.69637
4.61872
4.61858
4.61872
4.22641
4.31686
4.61874
4.57507
4.61851
4.61817
4.61872
4.61859
4.61862
4.50426
4.61856
4.62179
4.65086
4.76074
4.65899
4.61644
4.61872
4.81002
4.61875
4.63593
4.72521
4.66816
4.5773
4.60949
4.61871
4.58164
4.51573
4.82459
4.61873
4.648
4.58216
4.61873
4.58534
4.61872
4.64116
5.52815
4.61872
4.61875
4.61872
4.66065
4.66012
4.70718
4.62204
4.61873
4.61857
4.61873
4.41975
4.61872
4.61855
4.63754
4.61872
4.61874
4.43762
4.61855
4.15431
4.62837
4.61851
4.55668
4.61873
4.61873
4.61872
4.66876
4.61875
4.61872
4.98147
4.61852
4.65321
4.61924
4.47077
4.61825
4.61872
4.61873
4.61872
4.61873
4.73258
4.61872
4.61874
4.61872
4.61855
4.61854
4.61872
4.61872
4.15427
4.79134
4.61878
4.6374
4.77234
4.38701
4.61872
4.81001
4.71742
4.61872
4.61871
4.61855
4.80846
4.50588
4.61872
4.61871
4.73177
4.61872
4.61865
4.6348
4.61873
4.61938
4.61872
4.65813
4.61947
4.61872
4.61872
4.61873
4.2106
4.53709
4.80767
4.62013
4.60762
4.61872
4.61872
4.45588
4.61874
4.61874
4.61872
4.65696
4.61854
4.72529
4.61872
4.61872
4.66865
4.61873
4.61859
4.61873
4.61874
4.5239
4.64595
4.61874
4.61872
4.423
4.49084
4.87014
4.6549
4.4924
4.61855
4.61855
4.61872
4.45114
4.61875
4.61871
4.61872
4.37544
4.61873
4.74945
4.22799
4.61872
4.5515
4.61856
4.52912
4.61872
4.61283
4.69625
4.61871
4.56999
4.62603
4.61873
4.65487
4.69557
4.61864
4.61667
4.63159
4.75761
4.6187
4.61875
4.62553
4.61872
4.61894
4.595
4.61872
4.61872
4.65037
4.59136
4.58529
4.61873
4.61872
4.61875
4.55615
4.81995
4.88005
4.61865
4.61733
4.61916
4.75783
4.50059
4.61872
4.61872
4.61875
4.63733
4.61855
4.61872
4.61471
4.61872
4.61855
4.61849
4.61872
4.85064
4.61443
4.61874
4.76512
4.53765
4.74607
4.6195
4.07588
4.61873
4.61872
4.61873
4.59504
4.15478
4.61874
4.61872
4.75717
4.61858
4.61855
4.61872
4.69619
4.61872
5.02743
4.61872
4.61855
4.61872
4.62826
4.57586
4.61872
4.74629
4.61872
4.62129
4.61872
4.61872
4.66573
4.61873
4.6217
4.73743
4.61855
4.18383
4.62448
4.65236
4.42482
4.677
4.76244
4.62175
4.61873
4.61872
4.61872
4.61853
4.76585
4.61873
4.67419
4.67396
4.61872
4.61857
4.63139
4.61872
4.6243
4.59933
4.62053
4.61874
4.61876
4.65812
4.61665
4.61872
4.62269
4.65903
4.61876
4.61872
4.61855
4.34645
4.62095
4.62971
4.71262
4.61872
4.64085
4.82334
4.61872
4.61873
4.76619
4.61873
4.61872
4.82492
4.61855
4.65308
4.61872
4.60913
4.61873
4.64653
4.61873
4.61872
4.73519
4.61855
4.61873
4.61855
4.61854
4.61921
4.61872
4.37736
4.77103
4.82497
4.61852
4.61908
4.62047
4.61872
4.61873
4.61872
4.61872
4.62185
4.6982
4.62205
4.61873
4.62073
4.61872
5.3143
4.77745
4.77062
4.62716
5.08798
4.61872
4.61872
4.66212
4.68166
4.66109
4.61991
4.61872
4.61872
4.61872
4.62752
4.64911
4.80816
4.63513
4.72283
4.61851
4.60976
4.78144
4.62152
4.61872
4.62037
4.64768
4.61855
4.05244
4.83116
4.61872
4.4679
4.61872
4.61873
4.61852
4.69735
4.6347
4.86774
4.32084
4.61872
4.61872
4.61864
4.61874
4.61436
4.61872
4.61874
4.68591
4.61872
4.61748
4.61872
4.53467
4.61839
4.61865
4.61872
4.69351
4.82032
4.61872
4.61855
4.61873
4.61874
4.61872
4.61872
4.64659
4.83006
4.80616
4.61874
4.77483
4.61874
4.61958
4.61872
4.66861
4.60025
4.61874
4.61591
4.41299
4.45995
4.61855
4.18685
4.7064
4.64225
4.69591
4.69543
4.61872
4.62738
4.61874
4.61869
4.62
4.61857
4.61837
4.13868
4.61872
4.61872
4.61872
4.62504
4.49259
4.61836
4.61861
4.61859
4.61855
4.61872
4.65154
4.61872
4.62975
4.46531
4.59184
4.61075
4.61892
4.61872
4.7451
4.61856
4.59338
4.61873
4.51671
4.61876
4.70129
4.61872
4.61865
4.61872
4.61854
4.61872
4.64326
4.61945
4.61872
4.61857
4.70515
4.61872
4.61873
4.61872
4.61866
4.61872
4.61872
5.07189
4.49379
4.61865
4.61872
4.61908
4.61873
4.6205
4.61796
4.41885
4.61874
4.61865
4.69982
4.4757
4.61872
4.61872
4.61869
4.23047
4.56137
4.62249
4.6189
4.57231
4.61872
4.61872
4.61943
4.49479
4.61873
4.45053
4.61027
4.61852
4.45536
4.81661
4.61872
4.64016
4.35442
4.59022
4.61872
4.61872
4.61874
4.61872
4.61853
4.61872
4.60903
5.18453
4.61872
4.61855
4.8261
4.61872
4.46975
4.61872
4.62242
4.61881
4.61855
4.61874
4.63528
4.96803
4.71152
4.61872
4.96917
4.61924
4.83678
4.83309
4.63232
4.41113
4.61855
4.61852
4.58271
4.61855
4.61853
4.68318
4.39757
4.61872
4.61872
4.69477
4.61872
4.77971
4.61872
4.61873
4.81404
4.62152
4.62019
4.65439
4.61872
4.61873
4.61869
4.9971
4.83031
4.61855
4.62017
4.53578
4.61872
4.6382
4.70636
4.61855
4.69632
4.61872
4.61875
4.69731
4.3574
4.61872
4.41339
4.61873
4.59985
4.49915
4.67697
4.61876
4.61872
4.44992
4.63129
4.61872
4.29153
4.61874
4.61872
4.61872
4.62976
4.44579
4.80894
4.65669
4.62353
4.62035
4.75281
4.61854
4.76973
4.61872
4.61873
4.26428
4.82015
4.6185
4.7673
4.61873
4.7835
4.59596
4.61873
4.56681
4.62701
4.61873
4.61872
4.40439
4.61872
4.80399
4.61855
4.61909
4.61893
4.56538
4.69866
4.58934
4.64447
4.74165
4.61872
4.83378
4.61933
4.61872
4.61872
4.61872
4.61872
4.61881
4.61872
4.69475
4.69653
4.62314
4.63376
4.64399
4.61874
4.61855
4.62355
4.61866
4.62121
4.67703
4.61872
4.66474
4.43654
4.61855
4.61855
4.61908
4.61409
4.61872
4.62091
4.62022
4.61872
4.35397
4.61872
4.61873
4.78177
4.61854
4.61872
4.78838
4.61872
4.61872
4.82952
4.61872
4.64687
4.61872
4.85034
4.71029
4.25127
4.61872
4.61861
4.65738
4.61535
4.61855
4.75329
4.62949
4.61855
4.61875
4.61872
4.61872
4.61892
4.61872
4.61872
4.75056
4.61872
4.61872
4.61871
4.61872
4.61856
4.38761
4.82104
4.61875
4.61676
4.79203
4.45047
4.63231
4.61872
4.49658
4.61848
4.61858
4.69299
4.76733
4.62933
4.65114
4.76824
4.61522
4.61872
4.58336
4.61872
4.45253
4.61873
4.8157
4.62616
4.61872
4.61908
4.61872
4.61866
4.61872
4.64846
4.61874
4.75344
4.61854
4.62179
4.61872
4.68429
4.61891
4.59779
4.61872
4.40229
4.60798
4.62175
4.61853
4.61843
4.61874
4.84598
4.62007
4.61872
4.4285
4.6185
4.57854
4.6237
4.61865
4.63608
4.64442
4.66061
4.75436
4.61872
4.81809
4.61855
4.61832
4.61872
4.61872
4.61924
4.61873
4.61872
4.61874
4.58334
4.61872
4.6118
4.65579
4.79602
4.61872
4.63326
4.62037
4.61929
4.62732
4.61825
4.61873
4.55546
4.82767
4.82727
4.61877
5.11087
4.64952
4.61872
4.4735
4.60217
4.61871
4.61872
4.61874
4.65446
4.61872
4.61855
4.61981
4.61855
4.61856
4.71146
4.61935
4.61863
4.60847
4.6185
4.78098
4.61554
4.62195
4.61866
4.61872
4.91541
4.6291
4.54303
4.62036
4.75556
4.82014
4.61912
4.79431
4.60346
4.4218
4.38171
4.62558
4.61771
4.3436
4.61348
4.61868
4.61913
4.61872
4.6215
4.61872
4.6775
4.61872
4.61903
4.61874
4.61854
4.61872
4.72599
4.63514
4.67734
4.61872
4.62059
4.62427
4.61803
4.46274
4.65398
4.61873
4.62663
4.61873
4.61865
4.61865
4.61893
4.62112
4.61926
4.61855
4.61873
4.61866
4.61851
4.63036
4.61872
4.61855
4.80402
4.61855
4.6206
4.61854
4.61868
4.61871
8.64886
4.47211
4.61852
4.61872
4.6489
4.64477
4.61872
4.61855
4.70437
4.61873
4.41412
4.69359
4.68238
4.61855
4.61875
4.61872
4.58233
4.61403
4.37877
4.30044
4.55075
4.62066
4.55017
4.10736
4.61903
4.61873
4.15541
4.60407
4.79357
4.86403
4.61065
4.6187
4.63438
4.55156
4.61855
4.61835
4.61872
4.6189
4.61869
4.9206
4.60022
4.61856
4.18581
4.61873
4.61854
4.61862
4.61881
4.61829
4.52406
4.61856
4.44132
4.80092
4.61875
4.69953
4.6209
4.61872
4.85898
4.3355
4.61872
4.39449
4.63018
4.61852
4.87482
4.61104
4.61873
4.65658
4.63211
4.61865
4.6372
4.76583
4.61858
4.43182
4.61872
4.64982
4.61867
4.61874
4.62767
4.61855
4.61873
4.61872
4.62231
4.61872
4.61875
4.62345
4.64763
4.7844
4.71659
4.61872
4.81275
4.47334
4.75153
4.66643
4.64448
4.69836
4.43078
4.65444
4.61871
4.61872
4.63965
4.61817
4.61872
4.61876
4.59922
4.59335
4.4982
4.6559
4.61874
4.61872
4.61872
4.81512
4.61865
4.65807
4.49853
4.61837
4.61914
4.61873
4.61872
4.63214
4.61874
4.61872
4.61872
4.457
4.61875
4.61872
4.61872
4.74317
4.6211
4.6834
4.49092
4.62005
4.56942
4.62021
4.61857
4.56659
4.60236
4.61866
4.49704
4.61982
4.61889
4.61867
4.6185
4.59492
4.60342
4.61855
4.68995
4.4881
4.61866
4.61875
4.63771
4.62234
4.61874
4.61872
4.61872
4.61942
4.65367
4.61883
4.64193
4.61873
4.58559
5.29383
4.61874
4.61873
4.6474
4.61865
4.61973
4.61865
4.68776
4.61855
4.59813
4.82179
4.61872
4.7122
4.61865
4.6186
4.60193
4.61872
4.6186
4.65105
4.8087
4.61872
4.42895
4.61853
4.61872
4.61872
4.61872
4.97551
4.60997
4.17349
4.75058
4.61873
4.61872
4.61872
4.63883
4.66303
4.87784
4.07598
10.2916
4.61707
4.57154
4.34536
4.63276
4.61866
4.75193
4.61874
4.80629
4.54374
4.61874
4.61855
4.61875
4.69215
4.49095
4.61876
4.61867
4.46217
4.61872
4.66861
4.76722
4.61867
4.585
4.61938
4.62321
4.61872
4.81268
4.65201
4.46785
4.63502
4.79992
4.61854
4.61742
4.584
4.61855
4.36597
5.03469
4.61874
4.48889
4.6251
4.66433
4.61873
4.62121
4.61873
4.6188
4.5604
4.83895
4.61872
4.61866
4.68038
4.62703
4.68367
4.71989
4.61881
4.61854
4.46728
4.62624
4.61872
4.6185
4.61855
4.61872
4.65798
4.60721
4.6089
4.61872
4.61299
4.61859
4.26832
4.61238
4.61657
4.50861
4.61872
4.62126
4.76085
4.61851
4.72044
4.61872
4.56339
4.81385
4.61855
4.50225
4.44532
4.61745
4.87201
4.81604
4.60349
4.61963
9.32925
4.61869
4.61872
4.6262
4.61872
4.70837
4.61874
4.61872
4.61872
4.61828
4.61996
4.61872
4.61888
4.61874
4.61857
4.61894
4.6328
4.61855
4.61855
4.61872
4.61872
4.76433
4.67977
4.61883
4.7109
4.61824
4.61934
4.61872
4.61874
4.34695
4.61864
4.74557
4.61866
4.814
4.62487
4.23561
4.6181
4.55575
4.61876
4.61872
4.58805
4.63832
4.83231
4.33762
4.61875
4.61872
4.13747
4.61854
4.61763
4.91388
4.61461
4.61767
4.61873
4.61872
4.7896
4.43435
4.66036
4.82416
4.61551
4.72107
4.61872
4.61874
4.48945
4.75175
4.61948
4.63695
4.61874
4.61867
4.65561
4.61874
4.64233
4.61925
4.61915
4.61985
4.63268
4.61963
4.61885
4.60688
4.66005
4.61948
4.30037
4.44742
4.61875
4.21884
4.61873
4.61866
5.06197
4.61877
4.61949
4.61872
4.61872
4.61875
4.66184
4.64428
4.63
4.62222
4.6704
4.81146
4.62221
4.61873
4.64542
4.61997
4.61872
4.6528
4.61859
4.68364
4.61872
4.61891
4.61058
4.63762
4.59867
4.61886
4.61848
4.82096
4.57835
4.36775
4.79951
4.61881
4.69215
4.61052
4.61873
4.61855
4.63775
4.63752
4.32834
4.61872
4.62094
4.75821
4.61872
4.62366
4.61866
4.60414
4.62049
4.79752
4.627
4.76773
4.65618
4.61867
4.61875
4.61855
4.61872
4.61874
4.6191
4.64172
3.97174
4.41712
4.81912
4.61855
4.61872
4.61874
4.61854
4.61873
4.61874
4.61873
4.61866
4.63269
4.01736
4.61872
4.6211
4.61875
4.61873
4.61872
4.40936
4.59789
4.62612
4.61872
4.61866
4.89294
4.65313
4.61874
4.61909
4.63968
4.61872
4.39068
4.61854
4.61872
4.92187
4.61872
4.61914
4.61872
4.23872
4.65323
4.76712
4.58505
4.55716
4.61746
4.56633
4.61874
4.61871
4.36144
4.60122
4.61875
4.61872
4.61862
4.61855
4.61872
4.61872
4.79371
4.61872
4.77344
4.80452
4.63945
4.90036
4.61859
4.70219
4.61873
4.61872
4.61873
4.43791
4.61868
4.69655
4.949
4.61838
4.61866
4.58939
4.64143
4.61875
4.60975
4.65374
4.77025
4.61858
4.61872
4.61877
4.81041
4.61872
4.61902
4.61855
4.61872
4.61855
4.87609
4.5821
4.6519
4.61855
4.61873
4.61872
4.8108
4.61951
4.65517
4.61871
4.61853
4.64146
4.4902
4.61865
4.619
4.6188
4.76283
4.61872
4.54319
4.61872
4.63841
4.61873
4.66266
4.61872
4.61437
4.9548
4.6188
4.65771
4.61872
4.61884
4.61869
4.61874
4.65234
4.59593
4.62361
4.61872
4.61872
4.61855
4.62061
4.61872
4.61873
4.61872
4.84642
4.56716
4.61874
4.57293
4.76039
4.49112
4.61872
4.62026
4.69225
4.62234
4.6224
4.6822
4.63073
4.72002
4.61874
4.61872
4.3745
4.64773
4.61877
4.94777
4.61866
4.61869
4.69029
4.61885
4.61875
4.61872
4.61856
4.65297
4.61872
4.61872
4.61872
4.61867
4.58391
4.61898
4.61872
4.67279
4.61855
4.61872
4.61867
4.43401
4.59631
4.61872
4.61872
4.65824
4.61929
4.61872
4.25809
4.61843
4.54482
4.69059
4.50056
4.61874
4.61855
4.61531
4.61872
4.61872
4.84512
4.81659
4.61872
4.61917
4.61872
4.61875
4.61872
4.61874
4.83206
4.61986
4.28589
4.82726
4.61855
4.61876
4.61969
4.61872
4.61872
4.62006
4.74922
4.73379
4.61872
4.60208
4.45726
4.57513
4.61872
4.58667
4.61872
4.65977
4.56543
4.61872
4.63136
4.61872
4.65648
4.72871
4.5451
4.30878
4.61878
4.61872
4.60216
4.62266
4.63603
4.65202
4.63017
4.23488
4.61867
4.61999
4.62472
4.62034
4.78506
4.64578
4.66031
4.77972
4.61875
4.61855
4.64542
4.62342
4.61854
4.61343
4.6533
4.82067
4.61878
4.61908
4.89541
4.61872
4.53585
4.61853
4.61895
4.61876
4.61872
4.83995
4.64256
4.61866
4.6049
4.62559
4.74426
4.74787
4.61874
4.61998
4.61872
4.61883
4.61872
4.63213
4.61871
4.63371
4.61855
4.24105
4.61299
4.69136
4.67533
4.2397
4.6217
4.61818
4.70661
4.62378
4.62128
4.61872
4.61872
4.61876
4.61872
4.61872
4.61854
4.66269
4.7326
4.91264
4.6189
4.61896
4.6192
4.61875
4.61874
4.65441
4.61873
4.61789
4.64059
4.78614
4.61866
4.61872
4.61873
4.61872
4.61874
4.76909
4.6187
4.85651
4.63544
4.57826
4.81196
4.61875
4.61746
4.61872
4.61873
4.61872
4.61872
4.62863
4.80329
4.59273
4.61781
4.61872
4.78881
4.62371
4.67524
4.61867
4.68022
4.35228
4.65802
4.64914
4.61877
4.61877
4.61872
4.56341
4.67354
4.59735
4.90415
4.62657
4.62177
4.62846
4.37747
4.61872
4.61872
5.06163
4.61876
4.61872
4.61855
4.61872
4.94101
4.62172
4.30391
4.66652
4.61897
4.61872
4.6245
4.61872
4.61447
4.76134
4.61872
4.61855
4.47976
4.61872
4.61855
4.61872
4.6269
4.65232
4.73121
4.61949
4.74006
4.60882
4.56682
4.91931
4.6501
4.61888
4.6191
4.61875
4.61858
4.66103
9.46792
4.61876
4.6184
4.62061
4.61953
4.80993
4.61872
4.61873
4.61859
4.62863
4.61896
4.69063
4.79554
4.93713
4.84512
4.61867
4.60128
4.72431
4.61908
4.61872
4.22394
4.89809
4.61872
4.61877
4.64909
4.61872
4.61872
4.61874
4.78802
4.64848
4.80659
4.61872
4.74101
4.68116
4.61876
4.93293
4.61895
4.61855
4.92183
4.85041
4.61872
4.627
4.61856
4.62438
4.61872
4.66615
4.59567
4.68378
4.61845
4.61872
4.50492
4.77498
4.61877
4.61872
4.61895
4.61875
4.61872
4.61872
4.61878
4.66217
4.72448
4.61872
4.61872
4.61872
4.61872
4.6211
4.69277
4.61872
4.61866
4.61855
4.78926
4.67374
4.61876
4.62742
4.62732
4.47484
4.77004
4.61872
4.61872
4.58531
4.41655
4.61931
4.61864
4.61874
4.61876
4.71506
4.67111
4.69867
4.61875
4.61874
4.61872
4.35658
4.82909
4.63013
4.68841
4.62311
4.61895
4.61855
4.61872
4.66014
4.61872
4.61841
4.50922
4.68651
4.61873
4.61872
4.61819
4.74129
4.01719
4.62022
4.79829
4.71955
4.22555
4.7106
4.61872
4.61855
4.65381
4.61872
4.4363
5.62745
4.61872
4.61904
4.66874
4.64644
4.62063
4.61855
4.61867
4.68554
4.61872
4.61872
4.61988
4.61872
4.61872
4.61872
4.57405
4.61876
4.63997
4.61872
4.61872
4.49127
4.61872
4.58316
4.64235
4.61835
4.64361
4.61874
4.73941
4.61872
4.58736
4.59368
4.65508
4.61872
4.61872
4.77785
4.6183
4.65103
4.6186
4.62272
4.61872
4.73691
4.6187
4.57877
4.6186
4.68859
4.62057
4.61872
4.66711
4.61855
4.6303
4.61875
4.47926
4.65452
4.51447
4.67264
4.61872
4.61877
4.6227
4.61533
4.61872
4.61878
4.64568
4.75454
4.63575
4.61872
4.67677
4.57429
4.61864
4.14454
4.61888
4.61849
4.67777
4.75985
4.6187
4.61872
4.72124
4.61867
4.61881
4.61872
4.61872
5.14833
4.61937
4.61859
4.61873
4.49347
4.61876
4.57845
4.61887
4.61894
4.68471
4.61875
4.45481
4.64172
4.92774
4.61872
4.73376
4.6151
4.61875
4.62197
4.71474
4.61877
4.93393
4.85831
4.82282
4.61865
4.61853
4.04407
4.65561
4.48424
4.61786
4.69521
4.61939
4.783
4.6176
4.61872
4.66794
4.61873
4.6187
4.65103
4.56785
4.61878
4.61872
4.7092
4.64826
4.61872
4.61875
4.62358
4.61858
4.61907
4.61732
4.69093
4.60268
4.62284
4.61872
4.56737
4.61865
4.61872
4.61679
4.85477
4.61871
4.61893
4.61877
4.90294
4.62338
4.61865
4.61855
4.91402
4.61872
4.61874
4.88624
4.79887
4.61941
4.76695
4.61872
4.61587
4.61866
4.62386
4.61873
4.61893
4.62458
4.61872
4.61869
4.64685
4.92811
4.74652
4.61876
4.61855
4.61878
4.54427
4.84535
4.61957
4.74245
4.68255
4.60984
10.3752
4.61875
5.13979
4.61873
4.61855
4.73024
4.70993
4.61893
4.73663
4.34942
4.61872
4.61873
4.33067
4.61617
4.61875
4.61855
4.20799
4.62757
4.61878
4.61878
4.61855
4.61873
4.61855
4.61892
4.61831
4.72261
4.52731
4.66273
4.61907
4.6156
4.72361
4.61871
4.59008
4.61872
4.61876
4.61296
4.78669
4.61875
4.60937
4.72861
4.61855
4.61863
4.71669
4.61873
4.62184
4.63259
4.61857
4.75402
4.74581
5.12826
4.65811
4.82264
4.61853
4.83361
4.61875
4.61872
4.61872
4.61873
4.62777
4.6283
4.63599
4.61828
4.61872
4.68377
4.61872
4.61873
4.62984
4.62818
4.01624
4.61875
4.61892
4.50357
4.62046
4.61877
5.05833
4.61941
4.61872
4.70514
4.62516
4.61839
4.72283
4.61911
4.61884
4.47407
4.64103
4.61872
4.69219
4.61865
4.61866
4.53151
4.72419
4.78286
4.61875
4.61872
4.61875
4.61222
4.63356
4.61885
4.64976
4.61866
4.6187
4.61906
4.80788
4.60192
4.61866
4.61915
4.61872
4.76735
4.61872
4.65741
4.61855
4.94145
5.1223
4.73927
4.61826
4.65293
4.60276
4.81662
4.51175
4.92689
4.6188
4.61873
4.61857
4.62979
4.61877
4.76739
4.61872
4.61855
4.80574
4.61907
4.61854
4.6187
4.62386
4.61875
4.78067
4.69326
4.70622
4.74791
4.61873
4.61801
4.6187
4.61914
4.87161
4.61872
4.61881
4.87212
4.76351
4.61873
4.62703
4.83184
4.62488
4.75816
4.62459
4.57001
4.61879
4.61895
4.61878
4.61872
4.80249
4.61875
4.61873
4.64414
4.61872
9.51241
4.61872
4.61875
4.62104
4.61872
4.61872
4.5863
4.61875
4.61872
4.62884
4.95198
4.61879
4.61872
4.61872
4.61872
4.81593
4.67177
4.6381
4.61872
4.91532
4.05212
4.61866
4.81343
4.71475
4.52221
4.61874
4.9489
4.71543
4.61872
4.61891
4.61877
4.61901
4.61877
4.61925
4.61873
4.61879
4.75627
4.61872
4.61872
4.94872
4.61919
4.61854
5.11635
4.80549
4.60753
4.80843
4.61856
4.61872
4.64103
4.61872
4.62535
9.217
4.64909
4.58967
4.79089
4.6188
4.90647
4.61872
4.61872
4.6189
4.68265
4.61783
4.63102
4.61875
9.27024
4.72558
4.75933
4.61863
4.64957
4.78996
4.61872
4.64298
4.66423
4.48376
4.6189
4.61872
4.60978
4.61866
4.88954
4.61944
4.61879
4.93006
4.53043
4.61872
4.46597
5.11041
4.61872
4.78379
4.6187
4.61859
4.79595
4.61877
4.63318
4.61872
4.61888
4.61872
4.61848
4.43153
4.42364
4.61648
4.61872
4.61827
4.61872
4.62427
4.61971
4.63999
4.61866
4.81084
4.77647
4.61873
4.61877
4.79317
4.61872
4.59043
4.6189
4.61904
4.79634
4.79749
4.58541
4.68414
4.56957
4.61872
4.62107
4.61857
4.63313
4.64698
4.61849
4.66054
4.61872
4.65484
4.6188
4.61872
4.61876
4.61871
4.61894
4.25419
4.61875
4.6189
4.61872
4.61772
4.66042
4.6418
4.61873
4.61872
4.61872
4.52845
5.39562
4.42058
4.82144
4.61872
4.62809
4.61879
4.79922
4.67655
4.61834
4.61889
4.61872
4.61873
4.61872
4.61875
4.45326
4.61917
4.61872
4.6192
5.10448
4.61826
4.62099
4.49157
4.61873
4.76435
4.61872
4.61872
4.54342
4.62204
4.33316
4.61889
4.61875
4.60436
4.61875
4.32767
4.63579
4.61872
4.61873
4.65319
4.61874
4.61854
4.7861
4.61878
4.63287
4.56072
4.89326
4.85294
4.62374
4.54759
4.61881
4.61892
4.96434
5.45958
4.61872
4.56795
4.61872
4.61871
4.81259
4.91954
4.61866
4.61872
4.46767
4.61872
4.64068
4.19609
4.94614
4.61872
4.60889
4.6165
4.58719
4.68677
4.61873
5.09855
4.62902
4.61872
4.79653
5.50319
4.61872
4.61872
4.61887
4.61866
4.70136
4.61882
4.62359
4.61872
4.3015
4.38932
4.79526
4.62515
4.77861
4.61872
4.63034
4.61882
4.61872
4.61872
4.88133
4.66889
4.61752
4.52933
4.61872
4.61758
4.6187
4.61872
4.61872
4.61826
4.61873
4.63913
4.61866
4.6188
4.61882
4.61873
4.61868
4.61872
4.61872
4.61881
4.61872
4.61872
4.61839
4.61873
4.64409
4.85308
4.73629
4.76031
3.9709
4.63957
4.61872
4.61872
4.61872
4.81396
4.61855
4.61873
4.61859
4.6181
4.47409
4.61832
4.61888
4.75302
4.61872
4.61876
4.62313
4.61872
4.81255
4.73923
4.64105
9.49547
4.59018
4.61855
4.61877
4.61872
4.62826
4.73592
4.63503
4.81182
5.09263
4.62742
4.75765
4.61872
4.53042
5.17808
4.61873
4.6194
4.56037
4.6186
4.61129
4.61873
4.61872
4.50597
4.63457
4.86527
4.78193
4.92054
4.76955
4.70199
4.67915
4.61867
4.62024
4.61886
4.70688
4.5836
4.61855
4.61872
4.61909
4.6617
4.61906
4.63785
4.87699
4.61891
4.80591
4.61876
4.61873
4.6411
4.68081
4.77557
4.5259
4.60763
4.50753
4.70657
4.8739
4.61875
4.62747
4.61877
4.61871
5.08672
4.61861
4.61888
4.74203
4.61899
4.61872
4.61951
4.63012
4.61872
4.72523
4.75738
4.61873
4.61869
4.6076
4.45581
4.61867
4.90906
4.61873
4.77257
4.61874
4.61324
4.77472
4.7549
4.72298
4.61887
4.61872
4.81279
4.67178
4.61872
4.61872
4.61873
5.05703
4.61855
4.61613
4.61872
4.7164
4.61859
4.61872
4.80631
4.72725
4.65664
4.91041
4.61872
4.6218
4.61872
4.61885
4.77396
4.61877
4.6185
4.81008
4.65042
4.62435
4.79704
4.61873
4.64841
4.67434
4.61873
4.61855
4.72729
4.8495
4.62845
4.61866
4.61855
4.61872
4.61873
4.61872
4.61873
4.61877
4.61873
4.61876
4.61877
4.60067
4.91274
4.22975
4.61827
4.61873
4.46837
4.80114
4.63331
4.61549
4.42667
4.64075
4.61855
4.99779
4.61881
4.61875
4.6185
4.61895
4.63733
4.61872
4.64129
5.14311
4.94449
5.08083
4.92647
4.61873
4.61872
4.64513
4.63674
4.61872
4.65147
4.61873
4.7916
4.61867
4.48148
4.80316
4.62726
4.61853
4.61879
4.63166
4.61873
4.80071
4.92785
4.61872
4.61876
4.26118
4.61885
4.61944
4.78727
4.61855
4.61872
4.61875
4.61875
4.76084
4.61873
4.32888
4.61873
4.61839
4.61824
4.64669
4.61867
4.926
4.61873
4.64607
4.61872
4.61867
4.61873
4.61873
4.89562
4.61872
4.61872
4.61866
4.61872
4.5812
4.61867
4.61872
4.63472
5.07493
4.7916
4.61868
4.61877
4.63929
4.39926
4.61872
4.61872
4.61807
4.61872
4.61872
4.61873
4.63311
4.61656
4.49111
4.61909
4.61872
4.78135
4.83906
4.61862
4.67247
4.61871
4.61872
4.61873
4.90351
4.61872
4.61872
4.91414
4.83238
4.62181
4.61876
4.61892
4.39064
4.61745
4.78613
5.00662
4.73414
4.61872
4.61874
4.55185
4.79433
4.63161
4.61932
4.61895
4.61858
4.74066
4.61945
4.61872
4.61872
5.33133
4.61876
4.61855
4.63726
4.68439
4.61873
4.60412
4.77074
4.64339
4.61928
4.61745
4.62098
4.61867
4.66405
4.61884
4.61876
4.61872
4.61872
4.6188
4.61872
4.61874
4.88801
4.62099
4.90131
4.61895
4.66209
4.38583
4.61873
4.61881
4.62045
4.63346
4.63293
4.66178
4.49292
5.10794
4.79064
4.61872
4.61956
4.64252
4.65396
5.06905
4.61872
4.61876
4.69138
4.61877
4.56893
4.778
4.75186
4.65557
4.61873
4.6979
4.61873
4.53246
4.61797
5.49039
4.78435
4.61872
4.75341
4.61855
4.40461
4.25464
4.61872
4.33246
4.61876
4.61949
5.03634
4.61863
4.68458
4.61872
4.61874
4.6187
4.61855
4.61956
4.61856
4.61868
4.74563
4.61855
4.61871
4.61871
4.62149
4.61877
4.61873
4.65485
4.61901
4.67397
4.7574
4.57731
4.61873
4.61872
5.06318
4.61872
4.61865
4.6449
4.61615
4.61791
4.65977
4.61913
5.10721
4.61855
4.61877
4.61873
4.61863
4.61924
4.61872
4.61867
4.61868
4.67905
4.61882
4.62464
4.67858
4.61872
4.62118
4.61883
4.49866
4.54942
4.61855
4.61716
4.61873
4.61856
4.62273
4.61877
4.62135
4.76907
4.61881
4.61867
4.61872
4.69955
4.61872
4.61876
4.61682
4.6801
4.59183
4.66895
4.61872
4.61338
4.61877
4.61873
4.61872
4.78774
5.11928
4.61872
4.62337
4.68
4.61872
4.61873
4.59469
4.61872
4.62238
4.61873
4.61877
4.61865
4.61823
4.61853
5.42754
4.61872
4.64638
4.6184
4.57188
4.72942
4.77436
4.69083
4.58602
4.66458
4.61869
4.61881
4.47682
4.88791
4.65018
4.61877
4.64619
4.7952
4.68376
4.61877
4.89224
4.62311
5.05732
4.78616
4.70582
4.8042
4.61872
4.74129
4.79712
4.64157
4.61897
4.70446
4.61921
4.61873
4.61873
4.6187
4.62204
4.61876
4.68168
4.69613
4.68565
4.61867
4.63511
4.79131
4.61893
4.91837
4.61874
4.61877
4.97551
4.65872
4.61876
4.61874
4.61865
4.61855
4.61871
4.60894
4.74009
4.61872
4.63325
4.9357
4.61872
4.62093
4.73935
4.61872
4.74069
4.6234
4.50839
4.61872
4.61912
4.57009
4.65797
4.61847
4.90674
4.82749
4.62757
4.88409
4.61872
4.77541
4.78151
4.70502
4.61882
4.78071
4.80172
4.61872
4.61872
5.0515
4.61899
4.64145
5.23404
4.61872
4.7379
4.61872
4.65777
4.61878
4.61877
4.61876
4.75193
4.61856
4.87188
4.61921
4.76393
4.90743
4.58218
4.6176
4.61873
4.5207
4.61872
4.62739
4.61866
4.61863
4.74371
4.80112
4.66113
4.61866
5.06061
4.52724
4.61879
4.61877
4.61871
4.62839
4.61875
4.61872
4.63621
4.61872
4.19628
4.62349
4.79912
4.61877
4.68076
4.76054
4.61873
4.61872
4.72104
4.61873
4.61873
4.69613
4.64293
4.61831
4.61855
4.63947
4.61863
4.65054
4.61872
4.62636
4.67285
4.63482
4.61872
4.43377
4.61872
4.61314
4.61878
4.63086
4.6178
4.60463
4.61845
4.61885
4.61877
5.02821
4.61874
4.59199
4.76946
4.70038
4.79399
4.62583
4.61876
5.04583
4.61872
4.90615
4.61263
4.61878
4.67023
4.61877
4.67809
4.61855
4.61008
10.2075
5.07998
4.6209
4.61887
4.61904
4.61826
4.27049
4.61878
4.61873
5.0397
4.77702
4.88788
4.2571
4.48442
4.61874
4.61877
4.61849
5.0186
5.00417
4.76743
4.61998
4.61526
4.7507
4.80176
4.78307
4.7794
4.61882
4.61877
4.61872
4.61872
4.61884
4.63431
4.61872
4.50573
4.64646
4.61878
4.61873
4.61873
4.64929
4.925
4.61872
4.61872
4.88024
4.883
4.61215
4.58315
4.71847
5.04092
4.78386
4.61872
4.65403
4.64325
4.61859
5.04483
4.99368
4.61872
4.88318
4.58455
4.61872
4.61877
4.65981
4.61878
4.61879
4.61823
4.65813
4.61872
4.66802
4.61873
4.61803
4.89452
4.64627
4.64705
4.6188
4.65562
4.61877
4.89822
4.61901
4.74994
4.63077
4.90975
4.75998
4.93329
4.9506
4.81379
4.61878
4.61856
4.94866
4.61964
4.49468
4.85649
4.63347
4.61877
4.62043
4.61879
4.61872
4.61855
4.71389
4.61878
4.6314
4.41262
4.61856
4.68288
4.72864
4.78228
4.63578
5.04394
4.62598
4.79339
4.62132
5.0573
5.30051
4.58361
4.6195
4.53149
4.72594
4.73191
4.61855
4.61872
4.61871
4.61873
4.6241
4.61855
4.61872
4.61999
4.61872
4.50094
4.65278
4.61878
4.61873
4.59901
4.67735
4.61872
4.64422
4.57868
4.62013
4.69175
4.61877
4.56918
4.6209
4.14128
4.61872
4.61844
4.7865
4.61889
5.04106
4.61905
4.65612
4.67854
4.81143
4.61872
4.61879
4.61872
4.61856
4.72067
4.61879
4.78707
4.6199
4.61873
4.61872
4.61874
4.61863
4.61872
4.61873
4.74173
4.61873
4.37004
4.6184
4.62087
4.61778
4.76393
4.75864
4.63463
4.66006
4.61872
4.61898
4.91146
4.62146
4.61879
5.34316
4.62693
4.67886
4.61858
4.90766
4.61872
4.61874
4.89868
4.61878
4.61855
4.61873
4.63317
4.61873
4.60655
4.52279
4.61872
4.98099
4.59364
4.61879
4.6186
4.61878
4.7567
4.61879
4.61856
4.64621
4.63336
4.61872
4.61872
5.08
4.6189
4.78425
4.57386
4.59173
4.61872
4.62093
4.43291
4.61858
5.00011
4.61872
4.5513
4.6188
4.61826
4.61872
4.87262
4.61872
4.61891
4.78096
5.07944
4.61896
4.61877
4.61734
4.49204
4.61877
4.61892
4.62244
4.77524
4.61872
4.61872
4.61811
4.61857
4.61962
4.61777
4.67793
4.61874
4.61873
4.61713
4.7673
4.61872
4.87368
4.64507
4.61879
4.67313
4.932
4.61549
4.61872
4.62064
4.61962
4.94437
8.9068
4.61873
4.61872
4.59884
4.63096
4.61872
4.66242
4.73853
4.61858
4.78827
4.73858
4.61873
4.62129
4.61884
4.71838
4.61879
4.61879
5.02971
4.61912
4.61879
4.61485
4.61879
4.72816
4.78472
4.61854
4.61877
4.61878
4.76341
4.71291
4.79219
4.61879
4.59781
4.58412
4.61872
4.64287
4.575
4.69774
4.61858
4.80615
4.62053
4.79779
4.68206
4.61858
4.61874
4.6188
4.63179
4.61887
4.71154
4.66788
4.62686
4.66499
4.68888
4.80861
4.61873
4.23673
4.61873
4.58585
4.61872
4.64502
4.61879
4.79914
4.61872
4.63735
5.07258
4.61853
4.61864
4.79218
4.61863
4.61873
4.61897
4.61874
4.62357
4.61875
4.96118
4.41206
4.61878
4.628
5.05859
4.88691
4.684
4.79753
4.93804
4.93826
4.61927
4.61872
4.61889
4.78253
4.61872
4.98875
4.62325
4.61838
4.61836
4.89036
4.61885
4.61874
4.61921
4.61696
4.62754
4.61873
4.61866
4.61975
4.61878
4.68102
4.61863
4.61879
4.89065
4.61857
4.79849
4.75287
4.79955
4.98644
4.61856
4.71574
4.61878
4.62817
4.61622
4.61879
4.75544
4.62602
4.61886
4.6287
4.61874
4.62124
4.50769
4.66745
4.61879
4.61872
4.70799
4.64826
4.6187
4.86505
4.61911
4.58508
4.62162
4.62471
4.63762
4.76095
4.62137
4.38121
4.61872
4.62856
4.73757
4.61874
4.61872
4.70695
4.85035
4.67349
4.61872
4.61763
4.61879
4.61874
4.61872
4.65151
4.63232
4.61865
4.62137
4.88255
4.6188
4.61872
4.61905
4.61873
4.61856
4.61873
4.62041
4.41558
5.01707
4.62069
4.61873
4.61809
4.91894
4.50199
4.61872
4.61873
4.61879
9.55196
4.53267
5.04342
4.66198
4.53025
4.61872
4.61873
4.6188
4.66549
4.61874
4.61887
4.6154
4.78834
4.61878
4.67034
4.61893
4.93553
4.44476
4.61873
4.7711
4.30048
4.61872
4.29124
4.61774
4.47352
4.61854
4.61873
4.53398
4.61855
4.61856
4.64745
4.64781
4.7896
4.61741
4.87936
4.34387
4.6188
4.72686
4.66841
4.65949
4.61879
4.61851
4.7046
4.69006
4.61884
4.19673
4.73174
4.73607
4.85752
4.66521
4.85375
4.61879
4.62079
4.61873
4.92788
4.61874
5.38837
5.41318
4.48389
4.91164
4.61872
4.61875
4.64359
5.26936
4.80541
4.95013
4.63126
4.23765
4.61972
4.6188
4.84432
4.61434
4.61893
4.01944
4.56555
4.61873
4.6645
4.63188
4.30422
4.67159
4.61863
4.6188
4.61873
4.6193
4.61879
4.67917
4.61893
4.61882
4.64326
4.61865
4.61893
4.61874
4.61873
4.51411
4.62061
4.61887
4.50375
4.44214
4.62243
4.61876
4.58021
4.61873
4.84521
4.6188
4.62348
4.72506
4.61889
4.65983
4.6433
4.61983
4.61853
4.61879
4.61858
4.58436
4.72789
4.88267
4.61873
4.62743
4.67209
4.61564
4.65112
4.61914
4.61887
4.61873
4.61832
4.43743
4.61915
4.50551
4.68117
4.61819
5.01806
4.61881
4.61881
4.74907
4.65719
4.61879
4.61861
4.61882
4.62008
4.61879
4.63374
4.50349
4.61879
4.62372
4.63472
5.08919
4.61872
5.02442
4.49379
4.70043
4.61873
5.19763
4.61888
4.61855
5.17741
4.92291
4.61907
4.34064
4.31845
4.61901
4.57502
4.64752
4.61882
4.61624
4.62301
4.61894
5.08018
5.0989
4.61882
4.61857
4.61869
4.61859
4.7534
4.6743
4.61874
4.61946
4.79178
4.63597
4.61879
4.61874
4.68737
4.64104
4.61874
4.62767
4.61872
4.72088
4.61908
4.64547
4.6188
4.6188
4.28256
4.61873
4.02231
4.61857
4.61872
4.88552
4.00905
4.61873
4.71772
4.61873
4.77665
4.71313
4.54186
4.61895
4.61875
5.09234
4.77692
4.61895
4.61944
4.45812
4.66307
4.90868
4.60793
4.6204
4.61879
4.61764
4.87197
4.78478
5.05406
4.61881
4.61849
5.02956
4.48572
4.58612
4.61336
4.61882
4.644
4.60313
4.61872
4.6188
4.6189
4.63727
4.91752
4.62008
4.61235
4.68459
4.61861
4.61898
4.65853
4.77783
4.41932
4.57593
4.61873
4.62181
4.87185
4.61873
4.61892
4.82858
4.61855
4.61534
4.87474
4.61881
4.6179
4.63878
4.50093
5.19315
4.78042
4.6188
4.77728
4.61872
4.4603
4.62503
4.63326
4.61874
4.62124
4.67679
4.9878
4.98576
4.74528
4.61872
4.71051
5.35841
4.61881
4.61873
4.79593
4.80109
4.67732
4.48532
4.62035
4.61931
4.61884
4.76343
4.61872
4.61872
4.6828
4.61873
4.63139
4.61873
4.61897
4.61873
4.62605
4.73459
4.65397
4.87497
4.61884
4.63198
4.61884
4.61855
4.61855
4.61889
4.61877
4.61872
4.86439
4.61872
4.61874
4.59086
4.61872
4.50888
4.90685
4.6189
4.68532
4.41516
4.6607
4.67476
4.61873
4.61872
4.61977
4.61875
4.51464
4.91355
4.62971
4.62599
4.61855
4.61872
4.67292
4.6178
4.61898
4.6606
4.62057
4.61875
4.61888
4.62125
4.61872
4.61873
4.61908
4.61857
4.61873
4.61987
4.61605
4.65274
4.61875
4.8433
4.62608
4.61582
4.61914
4.75834
4.6003
4.68382
4.61873
4.65561
4.61996
4.61897
4.62763
4.63048
4.61882
4.62117
4.61872
4.61857
4.64216
4.89884
4.71473
4.61942
4.61856
4.8531
4.62121
4.61877
4.61994
4.85121
4.62862
4.6291
4.65391
5.01039
4.61873
4.61894
4.61873
4.61921
4.61487
4.61857
4.61874
4.14267
4.61909
4.62115
4.66049
4.64784
4.78748
4.61859
4.61874
4.52568
4.61854
4.61871
4.61872
4.72383
4.76971
4.61458
4.62099
4.61805
4.70064
4.61882
4.90719
4.80578
4.61513
4.61882
4.61872
4.61892
4.59557
4.65922
4.62835
4.64682
4.61872
4.75851
4.61004
4.61872
4.65584
4.65986
4.64741
4.61464
4.62842
4.61897
4.61862
4.8511
4.84674
4.61857
4.61895
4.59163
4.62051
4.5963
4.68461
4.61854
4.68608
4.61993
4.16762
4.60254
4.61664
4.61915
4.76195
4.74153
4.637
4.52931
4.79511
4.61872
4.61872
4.61876
4.61937
4.57857
4.61873
4.6113
4.97512
4.65618
4.86496
4.67547
4.90204
4.61897
4.20447
4.52016
4.61872
4.64297
4.66224
4.61876
4.61872
4.61872
4.42178
4.65312
4.65415
4.61866
4.61495
4.61877
4.61885
4.61858
5.06887
4.61861
4.61199
4.43384
4.61872
4.72714
4.59977
4.79867
4.61873
4.61875
4.90915
5.12788
4.61857
8.03855
4.61872
5.08389
4.4809
4.68965
4.62971
4.65703
4.61899
4.61872
4.61872
4.86685
4.62444
4.50113
4.61874
4.29747
4.62166
4.58693
4.61859
4.27919
4.98275
4.61872
4.61922
4.27693
4.61872
4.89791
4.619
4.61869
4.55983
4.67686
4.68415
4.61873
4.64478
4.7065
4.61894
4.61867
5.38192
4.61872
4.77304
4.61795
4.61881
4.5117
4.89348
4.61872
4.61883
4.88972
4.61872
4.61904
4.4372
4.62565
4.62923
4.75721
4.61857
4.62111
4.71509
5.06004
4.52262
4.48643
4.61807
4.82025
4.88786
4.61857
4.61885
4.61873
4.80743
4.88685
5.09043
4.67257
4.67092
4.61872
4.61857
4.61872
4.61856
4.66394
4.64229
4.62047
5.26048
4.61957
4.61666
4.61901
4.61885
4.61894
5.08492
4.52172
4.61866
4.62443
4.61876
4.48386
4.62128
4.61891
4.61872
4.60809
4.62568
4.85556
4.61877
4.94867
4.61872
4.65814
4.619
4.70796
4.72207
4.85113
4.61973
4.61872
4.61779
4.61872
4.61934
4.61843
4.68151
4.61872
4.62443
4.61872
4.65381
4.61858
4.62463
4.6189
4.61873
4.4778
4.59133
4.61895
4.62461
4.79163
4.61894
4.70525
4.07234
4.61891
4.92059
4.61935
4.61872
4.61859
4.62362
4.61875
4.58603
4.61877
4.61884
4.89699
4.61903
4.69153
4.61873
4.61857
4.69421
4.29154
4.64466
4.63949
4.61113
4.8165
4.61858
4.88166
4.61857
4.85925
4.61868
4.61872
4.61892
4.91485
4.61858
4.62787
4.66806
4.61964
4.61924
4.61884
4.79437
4.797
4.62106
4.55888
4.6516
5.04119
4.51378
4.64057
4.61873
4.85723
4.65467
4.61857
4.90351
4.73574
4.62972
5.21859
4.61857
4.61891
4.61857
4.61872
4.61872
4.70503
4.61919
4.60625
4.61892
4.80847
4.61857
4.61872
4.6252
4.61899
5.03837
4.85335
4.61718
4.61223
4.67911
4.36196
4.61872
4.61872
4.61873
4.64358
4.64456
4.61858
4.80811
4.28179
4.73319
4.61875
4.62437
4.61802
4.61873
4.90675
4.61872
4.51233
4.64309
4.59861
4.6135
4.61873
4.57713
4.61873
4.61872
4.57105
4.61872
4.61904
4.61909
4.60169
4.62734
4.61876
4.6365
4.61876
4.58458
4.74012
4.61872
4.62057
4.61872
4.92149
4.61872
4.61872
4.61906
4.6349
4.61873
4.8346
4.61872
4.86279
4.9393
4.62076
4.62115
4.61873
4.73093
4.53755
4.66028
4.61935
4.61872
4.61873
4.36591
4.61875
4.6188
4.74802
4.61873
4.6241
4.87961
4.69681
4.61905
4.74263
4.62488
4.61873
4.61884
4.61873
4.78719
4.61873
4.61872
4.69479
4.79273
5.03587
4.65148
4.61978
4.60621
4.62045
4.61272
4.74241
4.61885
4.85807
4.89234
4.51806
4.82206
4.61872
4.61893
4.63264
4.61857
4.61874
4.37648
4.61885
4.61932
4.67998
4.61848
4.61872
4.61875
4.62207
4.65514
4.50161
5.30198
4.61873
4.7961
4.82412
4.69993
4.61872
4.61868
4.61896
4.68732
4.65751
5.25871
4.61883
4.61897
4.73318
4.676
4.61856
4.22208
4.6292
5.05489
4.7045
4.61916
4.92754
4.6147
4.61872
4.61934
4.83673
4.61873
4.62145
4.78643
4.61857
4.61872
4.62102
4.6188
4.85112
4.26854
4.61983
4.61873
4.61858
3.99253
4.62937
4.63522
4.61916
4.6184
4.61872
4.61873
4.6243
4.61868
4.61885
4.88556
4.61883
4.62538
5.0444
4.61906
4.61872
4.61875
4.5711
4.62072
4.6131
4.61852
4.61872
4.61858
4.61936
4.61933
4.61946
4.61877
4.7135
4.51602
4.33086
4.61968
4.61889
4.62419
4.61962
4.78442
4.77887
4.61872
4.6197
4.61818
4.61104
4.61874
4.61873
4.73116
4.62845
4.61902
4.39891
4.61878
4.61872
4.61872
4.67519
4.61974
4.75734
4.82323
4.62339
4.6215
4.5678
4.63509
4.71504
4.61873
4.66109
4.61623
4.61872
4.62807
4.61951
4.61887
4.67078
4.64997
4.61912
4.6188
4.61875
4.6188
4.99432
4.6188
4.63637
4.27513
4.61956
4.57073
4.61872
4.61873
4.61909
4.51774
4.53359
4.43952
4.61909
4.89423
4.69555
4.61874
4.61894
4.61878
5.1427
4.05066
4.62579
4.69966
4.62098
4.61897
4.64885
4.80489
4.61876
4.61873
4.57651
4.61908
4.61857
5.04519
4.61873
4.61884
4.65433
4.61891
4.61881
4.4618
4.98929
4.61872
4.8165
4.60582
4.88223
4.61873
4.92473
4.64688
4.76497
4.62224
4.6624
4.61886
4.8014
4.61921
4.61875
4.64651
4.91652
4.61892
4.62096
4.61875
4.6187
4.80294
4.67454
4.81253
4.6409
4.80616
4.83938
4.90626
4.97937
4.68664
4.96812
4.61968
4.61886
4.79193
4.619
4.61911
4.85583
4.76234
4.61878
4.62368
4.4476
4.73096
4.61877
4.62115
4.84746
4.61875
4.61868
4.61885
4.61913
4.85788
4.61872
4.62014
4.79903
4.63395
4.62631
4.61887
4.61817
4.6188
4.61894
4.59051
4.61873
4.61934
4.61866
4.61873
4.64301
4.61847
4.67123
4.85474
4.52217
4.61874
4.62199
4.84669
4.63125
4.61854
4.70201
4.61873
4.61916
4.74098
4.69613
4.61993
4.61919
4.27092
4.63836
4.61876
4.61913
4.51287
4.62484
4.61881
4.61889
4.4538
4.50757
4.71654
4.61856
4.64838
5.13072
4.61915
4.42426
4.61872
4.61876
4.61889
4.61923
4.61869
4.5114
4.91692
4.61964
4.97969
4.62652
4.60588
4.76764
4.02387
4.43537
4.61875
4.83626
4.65708
4.62094
4.61888
4.80535
4.61881
4.6725
4.58529
4.68949
4.61886
4.71708
4.61873
4.6186
4.91681
4.6555
4.62519
4.70916
4.61872
4.77846
4.62901
4.61858
4.61886
4.45992
4.72878
4.73711
4.62012
4.80989
4.61926
4.78586
4.635
4.61842
4.73023
4.61897
4.61872
4.73016
4.70652
4.61933
4.6188
4.62379
4.61877
4.64205
4.80662
4.61873
4.78746
4.61893
4.61667
4.88103
4.61887
4.61887
4.61889
4.45672
4.7849
4.61878
4.62015
4.6192
4.63447
4.61874
4.78819
4.79079
4.70635
4.63459
4.62193
4.61871
4.8331
4.61879
4.61874
4.61873
4.69807
4.61898
4.76549
4.61873
4.62095
4.82441
4.61902
4.61872
4.64938
4.63241
4.78901
4.61888
4.7192
4.61876
4.68348
4.7787
4.35766
4.6893
4.61889
4.61916
4.6189
4.64243
4.61862
4.62089
4.35501
4.62432
4.90147
4.67051
4.61858
4.61876
4.61878
4.60658
4.61777
4.67514
4.62809
4.58392
4.61873
4.61866
4.61764
4.61359
4.61871
4.95607
4.6208
4.61888
4.61886
4.60668
5.3452
4.64218
4.82415
4.6189
4.61817
4.39753
4.61889
4.61871
4.61797
4.61899
4.84228
4.48983
4.50177
4.78134
4.63672
4.6257
4.61849
4.93519
4.35624
4.1646
4.61924
4.68747
4.61889
4.6105
4.6982
4.64447
4.71616
4.61873
4.61878
4.59535
4.61873
4.61872
4.58717
4.38909
4.62125
4.61724
4.49607
4.84611
4.62855
4.62464
4.77981
4.71434
4.04608
4.58845
4.61874
4.73707
4.38963
4.61919
4.6634
4.91762
4.44103
4.6647
4.61922
4.94342
4.69597
4.67565
4.61917
4.61877
4.82854
4.61877
4.62385
4.70344
4.61941
4.69458
4.61874
4.61873
4.68213
4.68581
4.56979
4.61875
4.7203
4.6487
4.61903
4.61852
4.61939
4.83478
4.44297
4.47266
4.63675
4.6849
4.81963
4.61588
4.65181
4.61895
4.61873
4.61873
4.81466
4.61889
4.87688
4.92282
4.61699
4.61876
4.46
4.61779
4.72984
4.64613
4.61873
4.61867
4.61888
4.62233
4.61908
4.61899
4.56693
4.61097
4.62975
4.78162
4.71433
4.61457
4.61891
4.61817
4.80657
4.70081
4.6189
4.61872
4.61886
4.62085
4.61922
4.41544
4.61873
4.6245
4.79333
4.61964
4.61873
4.61904
4.63712
4.45933
4.65316
5.00405
4.62075
4.62962
4.61899
4.63205
4.62185
4.61872
4.61874
4.61891
4.61893
4.65603
4.72909
4.67505
4.6187
4.62092
4.61878
4.6186
4.619
4.61877
4.67647
4.62974
4.60034
4.92036
4.61874
4.78617
4.61872
4.61873
4.61874
4.73607
4.69216
4.7843
4.61858
4.61772
4.61876
4.79957
4.61902
4.63346
4.61872
4.66365
4.62177
4.67053
4.61872
4.4005
4.45148
4.62001
4.65163
4.61873
4.78161
4.61873
4.61892
4.78123
4.61883
4.82089
4.61642
4.61874
5.31035
4.85792
4.59989
4.61981
4.61801
4.61905
4.61747
4.61909
4.61473
4.61873
4.91567
4.62102
4.61925
4.62538
4.79174
4.6566
4.61881
4.77589
4.61876
4.61873
4.61875
4.61889
4.61997
4.6202
4.62453
4.60149
4.61877
4.61907
4.76451
9.13027
4.72625
4.61929
4.31368
4.61891
4.71312
4.61933
4.61843
4.64877
4.63923
4.61738
4.45659
4.63678
4.61994
4.8371
4.62071
4.61927
4.58024
4.67553
4.61996
4.61932
4.83479
4.61892
4.72734
4.6196
4.64465
4.64778
4.62421
4.79375
4.61937
4.62455
4.64832
4.61912
4.61974
4.61891
4.61849
4.61902
4.73795
4.68767
4.61876
4.61883
4.61902
4.65731
4.76472
4.61934
4.64296
4.61849
4.70057
4.60295
4.61396
4.32654
4.78403
4.63545
5.27606
4.61967
4.61904
4.61879
4.66555
4.62181
4.64722
4.81754
4.61894
4.70514
4.61858
4.5476
4.62549
4.61892
4.61864
4.61869
4.78998
4.61957
4.62846
4.61898
4.77764
4.61872
4.62822
4.62659
4.71069
4.61957
4.7124
4.61637
4.72734
4.7037
4.61913
4.61787
4.70832
4.8112
5.22127
4.83302
4.5822
4.61876
4.45081
4.61878
4.4121
4.61905
4.70091
4.65769
4.83028
4.7422
4.88467
4.77779
4.61876
4.66945
4.62312
4.61877
4.72723
4.78382
4.62298
4.61917
4.61875
4.65198
4.71746
4.77595
4.6187
4.82736
5.01855
4.61892
4.61924
4.75986
4.57672
4.0152
4.61854
4.63499
4.67153
4.80977
4.76519
4.84013
4.6186
4.6188
4.80804
4.61952
4.62429
4.61928
4.79152
4.3198
4.61906
4.62257
4.62041
4.61876
4.67495
4.61749
4.6288
4.62427
4.64992
4.75326
4.6835
4.61938
4.61895
4.37335
4.61922
4.68366
4.49996
4.61893
4.61877
4.78882
4.69801
4.85021
4.89853
4.77866
4.61802
4.61352
4.62046
4.61251
4.84258
4.61664
4.81326
4.6257
4.68864
4.91374
4.4318
4.69681
4.78827
4.61975
4.61894
4.75648
4.56714
4.72372
4.82558
5.16074
4.61936
4.61999
4.69769
4.62569
4.61878
4.61766
4.61864
4.81993
4.61857
4.61893
4.61877
4.79124
4.61958
4.6189
4.83048
4.61478
4.79441
4.61858
4.62065
4.03154
4.42856
4.61756
4.70928
4.61956
8.91971
5.16131
4.65134
4.6896
4.61938
5.23549
4.619
4.61877
4.69447
4.75967
4.6193
4.61907
4.7799
4.76998
4.86031
4.63193
4.59016
4.83859
4.61878
4.61894
4.72731
4.62314
5.06596
4.6236
4.71461
4.61933
4.61858
4.80568
4.619
4.76672
4.61875
4.62421
4.74917
4.43409
5.13327
4.73032
4.65037
4.61877
4.84444
4.61921
4.62865
4.61908
5.14868
4.61895
4.78473
4.92809
4.63071
4.76594
4.92432
4.62295
4.62876
4.61929
4.63132
4.44875
9.78702
4.33681
4.63045
4.78149
4.6191
4.77035
4.61959
4.70338
4.42904
4.61872
4.59811
4.61606
4.65984
4.7066
4.61604
4.56857
4.66999
4.61888
4.61897
4.88914
4.61895
4.61903
4.78562
4.64331
4.62362
4.43197
4.61857
4.73316
4.51892
4.61903
4.31042
4.62409
4.78275
4.6188
4.99591
4.67609
4.61878
4.73612
5.2422
4.61936
4.76444
4.61899
4.69378
4.6183
4.95155
4.20866
4.61878
4.78245
4.72888
4.61895
4.60864
4.61798
4.61907
4.69158
4.61645
4.69745
4.61877
4.93303
4.85853
4.61857
4.62083
4.61898
4.61903
4.59641
4.61937
4.63573
4.61937
4.61896
4.61878
4.53586
4.66784
4.62114
4.56045
4.78259
4.61977
4.61875
4.64909
4.61878
4.67774
4.62172
4.87786
4.80342
4.6172
4.61875
4.77894
4.61858
4.75504
4.60764
4.6182
4.61912
4.80213
4.64547
4.61899
4.7596
4.67897
4.61877
4.61858
4.63545
4.59092
4.44029
4.30777
4.61878
4.6206
4.48919
4.61866
4.75541
4.67127
4.60154
4.61887
4.62002
4.61941
4.71299
4.71611
4.61857
4.62169
4.61897
4.59943
4.61857
4.61939
5.57016
4.63971
4.61867
4.6193
4.67223
4.63701
4.37496
4.61879
4.65872
4.64821
4.61859
4.64904
4.78337
4.6684
4.86227
4.50489
4.61943
4.30526
4.46063
4.61765
5.01437
4.61898
4.77776
4.66749
4.61914
4.92865
4.61967
4.72994
4.69485
4.6862
4.69033
4.61904
4.65499
4.68713
4.61903
4.81197
4.69674
4.64862
5.25576
4.71315
4.81819
4.61896
4.57216
4.61897
4.64506
5.20887
4.61901
4.62076
4.61932
4.61855
4.67717
4.61896
4.61883
4.45289
4.61759
4.64306
4.61744
4.62198
4.69161
4.87416
4.61931
4.79078
4.70897
4.74209
4.61877
5.01867
4.80658
4.7279
4.81046
4.71695
4.76475
4.6186
4.61915
4.43857
4.61878
4.61886
4.61872
4.75021
4.61862
4.61863
4.61906
5.11194
4.61879
4.6995
4.61876
4.48442
4.81082
4.84237
4.61857
4.68468
4.61908
4.61964
4.6174
4.63297
4.72049
4.67975
4.61895
4.82218
4.81261
4.80219
4.80545
4.61859
4.77901
4.61878
4.60688
4.6891
4.46794
4.88787
4.61871
4.63454
4.8563
4.75144
4.61858
4.61879
4.61654
4.61857
4.63396
4.6193
4.6215
4.55926
4.54368
4.61857
4.66213
4.61263
4.87013
4.65278
4.6651
4.76641
4.6196
4.60178
4.76387
4.61688
4.61912
4.6814
4.61858
4.76889
4.62872
4.29832
4.61981
4.64536
4.65058
4.77665
4.55526
4.69877
4.59972
4.61858
4.62054
4.61856
5.11886
4.62217
4.61877
4.8421
4.55901
4.61964
4.78885
4.79812
4.71683
4.61901
4.6201
4.73843
4.61917
4.86526
4.61851
4.67801
5.53445
4.69027
4.61868
4.61776
4.63522
4.86738
4.62664
4.61861
4.62015
4.60733
4.61896
4.89058
4.61686
4.61878
4.61875
4.62081
4.61906
5.04888
4.79558
4.61856
4.62837
4.61856
4.62062
4.61946
4.6622
4.61838
4.68883
4.61879
4.61975
4.61844
4.62181
4.52849
4.61913
4.61919
4.65905
4.77361
4.7592
4.61939
4.62132
4.71051
4.61917
4.73028
4.61925
4.50561
4.61917
4.69194
4.61877
4.62922
4.80497
5.13768
5.49604
4.62589
4.61797
4.6213
4.61879
4.61904
4.61878
5.05724
4.71682
4.61881
4.78979
4.59464
4.90988
4.56872
4.47807
4.6188
4.6188
4.6192
4.7307
4.42438
4.62399
4.79052
4.61921
4.60237
4.61887
4.862
4.61846
4.6983
4.92528
4.8426
4.61877
4.79053
4.6195
4.61857
4.75003
4.78243
4.78743
4.72824
4.63159
4.68967
4.61974
4.61947
4.60455
4.63063
4.71249
4.61873
4.74811
4.64425
4.61874
4.6935
4.6186
4.79994
4.98312
4.61853
4.61904
4.64831
4.46256
4.62169
4.72584
4.61869
4.61927
4.61713
4.61855
4.45901
5.05699
4.62353
4.61722
4.61976
4.78967
4.62044
4.61855
4.77812
4.6195
4.71233
4.61404
4.79298
4.63344
5.51435
4.61852
4.6176
4.85979
4.61892
4.78595
4.25294
4.61878
4.65836
4.72297
4.61954
4.68652
4.68326
4.61723
4.61878
4.61953
4.61853
4.62647
4.75735
4.73918
4.72906
4.49158
4.61853
4.65336
4.62318
4.61827
4.61575
4.62308
4.61878
4.61855
4.621
4.74545
4.61766
4.83006
4.61923
4.61748
4.72442
4.65217
4.49137
5.09413
4.78737
4.62138
5.00078
4.5813
4.63426
4.61669
4.00559
4.6186
4.69448
4.61879
4.60551
4.666
5.07866
4.61798
4.7363
4.61853
4.61881
4.6273
4.64776
4.56909
4.41257
4.61803
4.91959
4.61952
4.65345
4.6724
4.84465
4.68781
4.619
4.76933
4.57618
4.68277
4.66356
4.64347
4.68817
4.61729
4.61731
4.62245
4.61423
4.61918
4.61849
4.58962
4.7437
4.65533
4.61926
4.61857
4.8231
4.73363
4.61785
4.64665
4.61908
4.6196
4.58721
4.93966
4.61697
4.61913
4.65169
4.80351
4.67271
4.83289
9.79039
4.69053
5.36439
4.38265
5.05638
4.46904
4.61878
4.41774
4.80347
4.6611
4.47454
4.62329
4.70598
4.51711
4.6331
4.74575
4.67319
4.61857
4.61873
4.58053
4.61933
4.63864
4.63009
4.61941
4.72643
4.94265
4.82788
4.82084
4.49563
4.75955
4.80082
4.61837
4.61878
4.79751
4.61691
4.61921
4.60531
4.66719
4.61854
5.20862
4.54019
4.61887
4.61927
5.17443
4.84102
4.9765
4.80292
4.62631
4.65288
4.81892
4.98497
4.67985
4.77733
4.61856
4.75363
4.53419
4.62074
4.61873
4.62604
4.63165
4.78075
4.61879
4.59522
4.618
4.60937
4.61834
4.65603
4.61901
4.61884
4.61882
4.61875
4.64838
4.82931
4.6198
4.61682
4.74054
4.70441
4.62944
4.61856
4.79605
4.61719
4.74102
4.61895
4.63144
4.79267
4.61853
4.58149
4.60188
4.61952
4.61879
4.62945
4.61873
5.40957
4.61958
4.85421
4.61863
4.65307
4.87208
4.797
4.53621
4.72761
4.62067
4.61818
4.93659
4.61545
4.61856
4.60222
4.6198
4.8043
4.82083
4.6902
4.76683
4.61856
4.84313
4.62041
4.65727
4.61872
4.7344
4.61973
4.6097
4.61854
4.88964
4.62038
4.72227
4.61772
4.61881
4.61929
4.80132
4.61896
5.13043
4.32441
4.61873
4.79179
4.62416
4.61925
4.94838
4.57781
4.75493
4.52385
4.61895
4.7781
4.52607
4.94591
4.69345
4.69129
4.80002
4.61718
4.75268
4.61712
4.51645
4.77274
4.7032
4.70227
4.61851
4.61881
4.71422
4.61926
4.74789
4.61946
4.66175
4.51617
4.6185
4.95919
4.61855
4.61566
4.85411
4.61932
4.61996
4.61953
4.61911
4.64621
4.86308
4.64896
4.40292
4.82873
4.61852
4.6833
4.64138
4.83119
4.61806
4.641
4.61779
4.79013
4.67547
4.81055
4.61882
4.74679
4.66182
4.80922
4.61857
4.81854
4.61103
4.62034
4.83818
4.30689
4.51328
5.13872
4.66667
4.619
4.63167
4.6175
4.61714
4.67005
4.62005
4.61935
4.80918
4.26201
4.66383
4.61883
4.9689
9.02974
4.61986
4.61879
4.61899
4.97209
4.21309
4.921
4.75687
4.60583
4.61835
4.60792
4.64249
4.61876
4.81942
4.60883
4.61911
4.61887
4.68102
4.62354
4.70087
4.62848
4.46148
9.24979
4.61972
4.61749
4.61793
4.61994
4.65368
4.84328
9.91704
4.61883
4.95846
4.90048
4.77535
4.85182
4.61931
4.81187
4.67815
4.84068
4.62004
4.77091
4.5103
4.6031
4.61867
4.61881
4.61942
4.73724
4.64996
4.55806
4.69472
4.73604
4.61837
4.61058
4.61835
5.04263
4.83248
4.61214
4.61915
4.65246
4.61856
4.61876
4.90086
4.98202
4.61885
4.6202
4.66468
4.61929
4.71156
4.64701
4.61951
4.95266
4.69477
4.91675
4.78571
4.66182
4.7998
4.6197
4.84315
4.62788
4.73158
4.61938
4.77278
4.61868
9.25413
4.6017
4.62042
4.61908
4.62036
4.61883
4.40529
4.61897
4.61902
4.61879
4.65794
4.97935
4.79433
4.6255
4.62382
4.83681
4.62854
4.74888
4.7788
4.79503
4.6163
4.69185
4.70245
4.61891
4.90988
4.32688
4.99518
4.61776
4.78432
4.81655
4.6194
4.78189
4.4643
4.61874
4.64454
4.61878
4.61942
4.53641
4.62027
4.62111
4.66718
4.68745
4.64976
5.11533
4.61754
4.61888
4.72311
4.72311
4.75363
4.74989
4.78973
4.62904
4.61916
4.80555
4.61858
6.16268
4.61885
4.80139
4.61858
4.73199
4.67092
4.61958
4.73551
4.81218
4.79621
4.79121
4.61875
4.62112
4.62016
4.32541
4.5205
4.62464
4.61986
4.75307
4.61716
4.61773
4.61937
4.73294
4.62056
4.84748
4.60587
4.62323
4.76366
4.7402
4.7795
4.37877
4.59381
4.71188
4.76271
4.7834
4.61968
4.82471
4.62595
4.82384
4.61879
4.61945
4.61035
4.63386
4.73866
5.07256
4.61748
4.61791
4.68175
4.61857
4.50866
4.61941
4.61171
4.62209
5.10873
4.63638
4.61934
4.51169
4.81406
4.82149
4.83106
4.75066
4.61907
4.57294
4.81494
4.61781
4.55042
4.61942
4.62015
4.61918
4.52454
4.46157
4.91138
4.71095
4.61899
4.88545
4.61902
4.62042
4.61818
4.62195
4.61912
4.8687
4.61871
4.64422
4.46976
4.81117
4.63775
4.70052
4.68925
4.61905
4.75689
4.6191
4.61907
4.92338
4.61909
4.3915
4.67347
4.7401
4.6517
4.77914
4.60533
4.61911
4.92002
4.61945
4.62468
5.16518
4.62029
4.63344
4.61768
4.61592
4.6266
4.61859
4.85097
4.61991
4.31195
4.61857
4.83516
4.7908
4.61996
4.66509
4.61367
4.61878
4.6198
4.61858
4.4131
4.72252
4.61804
4.61883
4.6186
4.81459
4.61823
4.62363
4.68748
4.97954
5.02371
4.61908
4.63044
4.61811
4.62368
4.61884
4.7743
4.61922
4.61785
4.38331
4.72762
4.61923
4.6187
4.61593
4.6186
4.6194
4.95254
4.77395
4.61947
4.62001
4.6188
4.79854
4.61252
4.82237
4.70238
4.74683
4.80677
4.8756
4.53277
4.6186
4.61857
4.65696
4.60942
4.6186
4.6511
4.61884
4.75281
4.6192
4.619
4.61885
4.62351
4.61877
4.69539
4.76559
4.76918
4.81961
4.61941
4.62007
4.79066
4.68577
4.61866
5.12461
4.59534
4.61674
4.62822
4.45758
4.61857
4.61997
4.61858
4.61907
4.66767
4.62958
4.61703
4.64974
4.84843
4.66789
4.61281
4.17009
4.80657
4.62314
4.62171
4.50846
4.74056
4.61938
4.78231
4.62173
4.64887
4.66107
4.73501
4.61897
4.62089
4.75398
4.61951
4.46024
4.33229
4.78289
4.62585
5.14886
4.62847
4.62004
4.82201
4.61945
4.61858
4.61859
4.6191
4.446
4.61852
4.61886
4.74364
4.61795
4.55506
4.62049
4.6186
4.61831
4.61868
4.61888
4.61755
4.69737
4.70529
4.61857
4.61582
4.6173
4.66841
4.49478
4.61953
4.61859
4.62322
5.02784
4.80198
4.6186
4.78211
4.6186
4.61961
4.65981
4.73159
4.75865
4.6186
4.71898
4.64331
4.6186
4.72633
4.6251
4.70135
4.6186
4.61486
4.20892
4.6186
4.6186
4.6186
4.61936
5.04997
4.6186
4.6188
4.6186
4.62142
4.62043
4.6186
4.60828
4.69452
4.8104
4.61907
4.61959
4.75924
4.66809
4.61857
4.61828
4.62441
4.61859
4.6186
4.62054
4.61927
4.71833
4.61859
4.61303
4.61857
4.75829
4.61858
4.76155
4.61859
4.6186
4.61859
4.91216
4.6167
4.79216
4.6186
4.7684
4.61775
4.61858
4.61941
4.82161
4.7018
4.76367
4.6179
4.61717
4.8138
4.6703
4.61859
4.61857
5.06513
4.61859
4.61576
4.97184
4.62114
4.61861
4.62171
4.6186
4.6186
4.6186
4.6186
4.65556
4.61859
4.6186
4.77916
4.6186
4.6186
4.6146
4.61859
4.61856
4.6186
4.6243
4.55676
4.62054
4.44725
4.7902
4.62966
4.62069
4.81767
4.61895
4.86972
4.46929
4.61878
4.96464
4.74678
4.61921
4.58364
4.61893
4.88541
4.81202
4.54863
4.81055
4.64747
4.75611
4.621
4.62153
4.62755
4.46541
4.61951
4.61887
4.61886
4.61865
4.64119
4.69635
4.62045
4.66595
4.62203
4.63861
4.77686
4.62016
5.15908
4.73119
5.00283
4.59595
4.61868
4.61928
4.61855
4.71858
4.62129
4.61931
4.77691
4.61926
4.62767
4.61178
4.61817
4.56805
4.61857
4.64821
4.61886
4.6661
4.75939
4.67701
4.6253
4.61938
4.5624
4.61881
4.62007
4.64477
4.6039
4.67549
4.92613
4.62152
4.61808
4.61904
4.61869
4.77391
4.61762
4.71918
4.6194
4.06915
4.61888
4.61909
4.61841
4.79595
4.9327
4.70931
4.77153
4.61856
4.61969
4.61939
4.62912
4.76065
4.58533
5.01223
4.61951
4.61965
4.61989
4.61929
4.55912
4.61984
4.63928
4.7816
5.00424
4.65849
4.65979
4.81314
4.69832
4.80128
4.62039
4.61854
4.62021
4.61853
5.11101
4.61893
5.03295
4.66487
4.66766
4.54642
4.62129
4.61862
4.61852
4.72762
4.61956
4.67292
4.8762
4.54892
4.67317
4.6426
4.99712
4.86019
4.61855
4.61917
4.61851
4.62066
4.37282
5.1243
4.52475
4.89578
4.61955
5.17063
4.66269
4.61851
4.74876
4.61773
4.80532
4.61922
4.7371
4.61889
4.61706
4.35236
4.7458
4.61875
4.61865
4.6188
4.63331
4.68086
4.82114
4.65261
4.61888
4.61997
4.75757
4.61809
4.81381
4.61851
5.00254
4.5253
4.61858
4.61867
4.62017
4.76788
4.66092
4.98653
4.61751
4.69396
4.83559
4.97586
4.94611
4.89494
4.79661
4.73717
4.79048
4.61849
4.61944
4.76853
4.61287
4.61985
4.62241
4.61882
4.64803
4.61877
4.6192
4.75698
4.98007
4.61999
4.61915
4.62084
4.966
4.75686
4.61704
4.66801
5.28192
4.62824
4.77518
4.67551
5.4657
4.64261
4.81959
5.25563
4.61996
4.66989
4.6173
4.61831
4.61948
4.61835
4.58477
4.81526
4.80845
4.61991
4.63807
4.61688
4.66816
4.61927
4.61861
4.61928
4.61832
4.86148
4.64808
4.59743
4.65038
5.04181
4.34534
4.62965
4.62014
4.84671
4.66751
4.81711
5.2986
4.61947
4.74693
4.64773
4.62093
4.40364
4.45198
4.61634
4.63283
4.82709
4.67033
4.61956
4.77246
4.61743
4.88148
4.61919
4.619
4.76016
4.6345
4.76093
4.61781
4.65507
4.67351
4.94453
4.59009
4.61986
4.72044
4.68329
4.61641
4.6194
4.54135
4.61911
4.67201
5.25329
4.67964
4.61925
4.61802
4.61889
4.61942
4.71098
4.45264
4.75044
4.69014
4.62039
4.61928
4.59618
4.49337
4.60322
4.71878
4.61926
4.619
4.61889
4.61918
4.61958
4.62269
4.5663
4.82056
4.624
4.53957
4.83288
4.82987
4.61883
4.61889
4.62026
4.65573
4.53731
4.62348
4.6959
4.48411
4.62825
4.82119
4.61964
4.62353
4.72241
4.62936
4.61996
4.61891
4.60504
4.94279
4.77406
4.61951
4.61144
4.6189
4.62058
4.61875
4.61803
4.61522
4.61873
4.75331
4.75856
4.61905
4.61937
4.68608
4.61898
4.65703
4.23925
4.33341
4.61949
4.6248
4.94733
4.67343
4.8209
4.62223
4.71218
4.68116
4.62654
4.63903
4.53978
4.61857
4.71461
4.82951
4.6521
4.69008
4.68595
4.72911
4.68023
4.91893
4.77513
4.61883
4.62198
4.63045
4.61966
4.71175
4.61913
5.00968
4.66707
4.64694
4.61886
4.85081
4.59238
4.61806
4.97866
4.67075
4.66117
4.7535
4.70125
4.61893
4.61918
4.74856
4.72596
4.63901
4.8156
4.61889
4.61902
4.61694
4.61825
4.63883
4.63339
4.52493
4.70835
4.61888
4.66749
4.32831
4.61215
4.74822
4.65132
4.80144
9.88963
4.61838
4.61912
4.69266
4.96459
4.93954
4.68047
4.65045
4.8244
4.70638
4.62131
4.6462
4.74743
4.82653
4.75209
4.63016
4.57915
4.54971
4.85221
4.69045
4.6603
4.67246
4.58489
4.75088
9.81691
4.61889
4.74348
4.61988
4.61712
4.39957
4.61782
4.83458
4.68001
4.80558
4.70673
4.61951
4.67937
4.61911
4.62056
4.48497
4.69172
4.61894
4.62218
4.61868
4.61961
4.62117
4.6192
4.61856
4.61761
4.8373
4.6194
4.61595
4.76545
4.61833
4.61906
4.71687
4.63717
4.80477
4.62142
4.65763
4.61956
4.64859
4.6208
4.61954
4.85759
4.61948
4.61915
4.62485
4.61944
4.90816
4.61974
4.484
4.78268
5.18691
4.61132
4.65236
4.79723
4.54396
4.61992
4.66802
4.12675
4.56421
4.51165
5.04757
4.61322
4.61914
4.61725
4.62011
4.04597
4.80174
4.68928
4.47604
4.84263
4.62128
4.62149
4.59649
4.68054
4.53315
4.15946
4.61921
4.80467
4.57452
4.61986
4.61914
4.77446
4.6014
4.86201
4.6306
4.6189
4.64721
4.62004
4.61995
4.61942
4.64623
4.65883
4.80469
4.64229
4.59204
4.6188
4.62156
4.64646
4.78698
4.61263
4.61936
4.61889
4.64801
4.83762
4.9602
4.60469
4.61893
4.63899
4.826
4.91799
4.6478
4.47298
4.73007
4.79665
4.62158
4.45984
5.1021
4.71607
4.97252
4.61913
4.61946
4.61879
4.61857
4.61916
4.62175
4.7558
4.61885
4.87973
4.46427
4.65606
4.78921
5.13946
4.51604
4.61991
4.60076
5.03344
4.5102
4.6657
4.74314
4.5792
4.6192
4.61024
4.61875
4.61933
4.62399
4.62722
4.61974
4.68963
4.70772
4.61923
4.62104
4.61947
5.01302
4.6192
4.79074
4.75535
4.6203
4.62308
4.61887
4.61969
4.68021
4.81777
4.72082
4.64095
4.65523
4.6187
4.6187
4.78425
4.61951
4.61918
4.79274
4.61975
4.73617
4.6201
4.61818
4.63234
4.80224
4.78473
4.84037
4.61888
4.65659
4.70181
4.62039
4.67811
4.76265
4.62015
4.71011
4.60638
4.62016
4.62204
4.7384
4.61833
4.73987
4.42206
4.97221
4.61923
4.66709
4.68829
4.61792
4.62694
4.75114
4.93853
4.62836
4.89822
4.62017
4.61919
4.60665
4.61892
4.50713
4.64048
4.42699
4.34804
4.62649
4.61936
4.61639
4.63008
4.68688
4.73153
4.89685
4.68504
4.62073
4.53935
4.6238
4.66422
4.60365
4.65222
4.2173
4.62327
4.74824
4.73776
4.94407
4.56849
4.61942
4.61914
4.64617
4.62157
4.61872
4.63996
4.78243
4.62002
4.77865
4.74604
4.82804
4.63426
4.5334
4.71409
4.61949
4.72723
4.70453
4.64317
4.95054
4.62072
4.65437
4.74032
4.61866
4.94177
4.61948
4.61939
4.62078
4.62084
4.61788
4.61636
4.67507
4.63285
4.62156
4.65555
4.54099
4.6197
4.61944
4.66241
4.58143
4.62278
4.62181
4.63244
4.51958
4.64101
4.61996
4.61792
4.75153
4.61939
4.64617
4.46048
4.88091
4.55098
4.82865
4.62022
4.66383
5.00724
4.62185
5.12618
4.63547
4.63951
4.72662
4.1929
4.64088
4.62004
4.54587
4.62189
4.62002
4.64319
4.80036
4.73816
4.61939
4.55907
4.61889
4.73052
4.61955
4.87514
4.84074
4.95283
4.67753
4.56454
4.59757
4.61871
4.61896
4.59064
4.65001
4.74311
4.70537
4.61942
4.74242
4.62185
4.61871
4.62089
4.63225
4.81655
4.5179
4.82604
4.82596
4.42047
4.42897
4.7389
5.0728
4.64125
4.72602
4.99478
4.62027
4.63887
4.82282
4.53452
4.6201
4.62999
4.69647
4.70887
4.6601
4.66967
4.61379
4.64663
4.62052
4.61939
4.61984
4.63697
4.62531
4.68207
4.61932
4.71883
4.61491
4.81308
4.49505
4.63233
4.82185
4.6181
4.67237
4.62174
4.60469
4.6332
4.7258
4.61887
4.62302
4.78247
4.62083
4.6386
4.5077
4.62207
4.88211
4.61907
4.7708
4.48481
4.62095
4.80232
4.61984
4.62224
4.63941
4.7661
4.62849
4.65667
4.65528
4.63206
4.84356
4.61988
4.62207
4.62079
4.61789
4.61872
4.30679
4.63708
8.81523
4.59601
4.61939
4.61839
4.784
4.58913
4.60444
4.56564
5.17467
4.69016
4.62016
4.64884
4.61911
4.57951
4.61896
4.74256
4.67623
4.66169
4.6184
4.61892
4.17061
4.63951
4.65836
4.8426
4.76036
4.86224
4.68337
4.62399
4.69354
4.62506
4.69438
4.64716
4.62039
4.74079
4.6317
4.61892
4.61907
4.62098
4.62939
4.61957
4.61896
4.61317
4.62441
4.73563
4.62032
4.61968
4.63725
4.63342
4.50679
4.82978
4.61915
4.33886
4.98456
5.00431
4.58255
4.62017
4.63475
4.53827
4.62131
4.45993
4.64305
4.61841
4.844
4.7952
4.66476
4.6816
4.83584
4.75759
4.65097
4.73287
4.89113
4.62061
4.49231
4.83565
5.17395
4.68646
4.61924
4.61914
4.61899
4.73734
4.62019
4.61904
4.72517
4.84319
4.63502
4.73388
5.01717
4.60746
4.62026
4.63704
4.69519
4.80392
4.61976
4.93083
4.62022
4.61869
4.66283
4.8064
4.83778
4.70833
4.50037
4.68179
5.15691
4.59942
4.61985
5.1507
4.86388
4.88059
4.3381
4.83754
4.74066
4.81103
4.63967
4.61245
4.82862
4.68164
4.77279
4.66253
4.80581
4.61977
4.6264
4.29227
4.61901
4.64532
5.07071
4.62522
4.62086
4.64384
4.73155
4.68935
4.75556
4.69455
4.9464
4.67258
4.74026
4.63015
4.78959
4.67193
4.64328
4.76961
4.83389
5.01629
4.70072
4.94408
4.61884
4.6199
4.64112
4.73929
4.71746
4.62028
4.7255
4.40312
4.61828
4.35618
4.70092
4.62527
4.62903
4.62039
4.67117
4.79167
4.6191
4.63397
4.62162
4.6194
4.68083
4.83887
4.68616
4.69314
4.46776
4.61892
4.67336
4.64047
4.66763
4.51779
4.65027
4.61994
4.619
4.67861
4.8939
4.70685
4.6206
4.85115
4.5252
4.62041
4.57859
4.72835
4.62145
4.64646
4.32344
4.62606
4.83741
4.61858
4.61275
4.61904
4.72088
4.61911
4.84841
4.59658
4.76917
4.61949
4.6208
4.71595
4.61959
4.62082
4.63546
4.62296
4.62073
4.61882
4.7476
4.96777
4.91325
4.6189
4.6677
4.95143
4.95375
4.8234
4.59334
4.54223
4.67986
4.64244
4.6743
4.64509
4.8285
4.98102
4.6401
4.5648
4.6204
4.67123
5.10394
4.62185
4.59126
4.63767
4.93292
4.61931
4.62173
4.55436
4.947
4.78784
4.95048
4.61942
4.72033
4.61898
4.61049
4.62943
4.73776
5.22254
4.68647
4.56141
4.68385
4.6245
4.61955
4.6207
4.85152
4.84054
4.96806
4.66994
4.61138
4.62046
4.64309
4.60611
4.63016
4.61986
4.66047
4.6314
4.38688
4.8424
4.63931
4.61949
4.46955
5.17047
4.61892
4.62697
4.57127
4.64253
4.61999
4.61929
4.7648
4.60949
4.68308
4.60922
4.77154
4.77353
4.7265
4.77745
4.63653
4.61865
4.69816
4.61989
4.7816
4.65041
4.69634
5.07503
4.63378
4.3584
4.9484
4.60136
4.61825
4.62729
4.61912
4.61963
4.72544
4.6454
4.62082
4.72578
4.68297
4.46444
4.85429
4.67333
4.61897
4.65454
4.65398
4.71076
4.61985
4.69068
4.61893
4.66304
4.79586
4.60995
4.91341
4.61118
4.65896
4.62008
4.60641
4.61893
4.67735
4.62078
4.61819
4.61511
4.62659
4.6737
4.62977
4.62871
4.88032
4.65309
4.76402
4.65773
4.44974
4.70959
4.61909
4.61993
4.84169
4.61901
4.59363
4.96188
4.55999
4.62009
4.62398
4.63345
4.6217
4.6471
5.03583
4.83238
4.70597
4.22429
4.61526
4.65415
4.61009
4.61096
4.62664
4.71281
4.62199
4.84821
4.61954
4.52303
4.62079
4.66144
4.63294
9.21398
4.64453
4.40561
4.53821
4.61972
4.61933
4.89844
4.61953
4.78978
4.62055
5.27746
4.61903
4.92476
4.64532
4.77761
5.27213
4.68979
4.62142
4.61901
4.62326
4.69506
4.70245
4.62088
4.73105
4.85097
4.66944
4.68483
4.65867
4.61944
4.61661
4.61747
4.61999
4.65768
4.81824
4.65015
4.62347
4.64327
4.61598
4.81387
4.61917
4.62306
4.84227
4.62071
4.08131
4.70943
4.61884
4.61909
4.64437
4.62217
4.6631
4.64885
4.80705
4.76849
4.62056
4.46941
4.6265
4.72085
4.62071
4.9066
5.12971
4.62387
4.62211
4.6344
4.79609
4.62326
7.69283
4.61475
4.70834
4.63261
4.71317
4.64468
4.61962
4.60718
4.61925
4.30608
4.77926
4.61968
4.62093
4.58439
4.62214
4.87279
4.6479
4.61957
4.6193
4.55235
4.85471
4.72323
4.72118
4.65002
4.75856
4.61909
4.63892
4.60389
4.85253
4.6203
4.53044
4.95416
4.61959
4.70852
4.71802
4.61657
4.58842
4.61905
4.61907
4.60368
4.53563
4.80692
4.32674
4.61016
4.62074
4.47356
4.62375
4.71822
4.61918
4.6523
4.69164
4.708
4.64201
4.6191
4.84365
4.62113
4.85014
4.61241
4.62911
4.57675
4.5542
4.62299
4.63662
4.67422
4.61907
4.09065
4.65869
4.644
4.57032
4.62142
4.61919
4.73234
4.60876
4.71998
4.6156
4.64437
4.60128
4.62123
4.62021
4.83102
4.61953
4.62104
4.62184
4.62348
4.63206
4.62136
4.8931
4.63625
4.77223
4.5853
4.75387
4.78466
4.62302
4.83601
4.62238
4.61824
4.85756
4.71938
4.62033
4.61901
4.60809
4.70202
4.66492
4.64963
4.78208
4.37252
4.61806
4.6419
4.454
4.35615
4.88196
4.69912
4.7306
4.63838
4.46796
4.57615
4.59169
4.77399
4.69782
4.84537
4.84033
4.65531
4.86113
4.62099
4.61025
4.5536
4.69868
4.62083
4.58642
4.62024
4.61874
4.66313
4.75582
4.61467
4.62393
4.897
4.65332
4.71478
4.58534
4.60853
4.61901
4.62159
4.72921
4.63063
4.61962
4.70295
4.61862
4.61148
4.78951
4.78065
4.62485
4.62202
4.61872
4.88896
4.80383
4.4419
4.65573
4.6584
4.52093
4.62194
4.64934
4.61927
4.62976
4.66097
4.79125
4.95398
4.65839
4.75038
4.61709
4.64307
4.60639
4.63079
4.70632
4.65688
4.83823
4.67693
4.66038
4.63477
4.633
4.62653
4.61844
4.64404
4.59571
4.62109
4.6271
4.62236
4.61601
4.61356
4.61861
4.61878
4.72964
4.61918
4.84918
4.75518
4.75723
4.6543
4.49247
4.91058
4.66122
4.63339
4.70236
4.76955
4.8088
4.57431
4.63501
4.65928
4.70321
4.60461
4.81171
4.86364
4.60431
4.8572
4.61842
4.59812
4.67871
4.83697
4.62454
4.66321
4.6501
4.66085
4.89199
4.61996
4.63963
4.7832
4.62641
4.61104
4.78281
4.73279
5.03578
4.84968
4.66084
4.62083
4.59962
4.64385
4.65476
4.62003
4.64486
4.63973
4.86047
9.21431
4.7049
4.62002
4.6223
4.64641
4.55949
4.52387
4.46433
4.83019
4.68872
4.72056
4.62319
4.6191
4.99276
4.66607
4.61137
4.58016
4.79341
4.62425
4.61916
4.66788
4.61905
4.66371
4.63488
4.69136
4.64954
4.52398
4.57555
4.63234
4.61538
4.64719
4.55426
4.46799
4.62915
4.65278
4.72894
4.72731
4.85141
4.61403
4.55534
4.67079
4.62183
4.72403
4.60731
4.64334
4.64178
4.69897
4.82882
4.61977
4.60979
4.55762
4.61388
4.77776
4.71057
4.62186
4.5277
4.84721
4.72973
4.45665
4.64563
4.98797
4.62317
4.6183
4.80082
4.62007
4.60371
4.68204
4.66673
4.6179
4.75537
4.83664
4.56329
4.83924
4.88122
4.24246
4.64688
4.68426
4.76862
4.62035
4.62003
4.65294
4.61973
4.61416
4.76961
4.61915
4.64791
4.71092
4.68076
4.65332
4.66758
4.61919
4.85278
4.83365
4.85566
4.62641
4.86535
4.7128
4.62299
4.6196
4.70771
4.64601
4.70039
4.86258
4.70761
4.88446
4.76749
4.45253
4.62143
4.61691
4.55069
4.70294
4.61962
4.75707
4.6616
4.70634
4.62153
4.70287
4.75576
4.73263
4.83229
4.61925
4.71352
4.73728
4.62174
4.62749
4.64283
4.62066
4.61905
4.56766
4.61865
4.69395
4.7008
4.959
4.62208
4.37071
4.61958
4.62373
4.62485
4.84699
4.61925
4.67762
4.61856
4.90031
4.88149
4.62299
4.46792
4.64677
4.65866
4.87489
4.82443
4.84801
4.86597
4.72389
4.36389
4.86577
4.62749
4.48148
4.79345
4.63193
4.62493
4.66555
4.43801
4.77105
4.6215
4.45964
4.62343
4.67944
4.36155
4.85448
4.67868
4.64256
4.65779
4.69616
4.62139
4.61737
4.46377
4.89595
4.61912
4.74433
4.75526
4.75382
4.98386
4.62269
4.62455
4.67442
4.62189
4.63321
4.61914
4.61922
4.0968
4.82458
4.75402
4.62044
4.62456
4.62077
4.68976
4.9075
4.65372
4.62265
4.33913
4.54357
4.67182
4.61969
4.66002
4.61985
4.61988
4.62042
4.71968
4.61908
4.71927
4.61005
4.63184
4.61948
4.61475
4.62178
4.62104
4.60827
4.70797
4.6047
4.61304
4.46802
4.53433
4.73361
4.62364
4.61923
4.68012
4.7217
4.86858
4.56742
4.64361
4.45155
4.9385
4.71564
4.74618
4.62363
4.61369
4.58589
4.54883
4.53448
5.05959
4.86272
4.69595
4.36754
4.62177
4.6563
4.93805
4.92831
4.85565
4.61409
4.62094
4.74168
4.61937
4.39561
4.61916
4.61686
4.62988
4.61917
4.62372
4.65861
4.62071
4.68495
4.71037
4.63506
4.62273
4.90678
4.62287
4.84685
4.80491
4.62086
4.65222
4.62384
4.68402
4.62313
4.62586
4.62092
4.64327
4.86532
4.61751
4.62168
4.81805
4.62137
4.98997
4.62238
4.64789
4.66999
4.68064
4.51731
4.70295
4.61044
4.61909
5.09961
5.02423
4.70169
4.62116
4.47484
4.8562
4.88453
4.61927
4.50964
4.62004
4.61895
4.62107
4.6763
4.69131
4.54425
4.62155
4.71755
4.62179
5.43172
4.62518
4.63807
4.6851
4.62148
4.6741
4.61954
4.53193
4.86608
4.58711
4.6504
4.61976
4.58591
4.67469
4.70837
4.63258
4.54893
4.67795
4.6061
4.61998
4.62791
4.61405
4.62195
4.66661
4.63458
4.66613
4.6506
4.69111
4.86906
4.62557
4.70318
4.61965
4.64263
4.6209
4.81559
4.96748
4.64825
4.71951
4.62239
4.67417
4.71327
4.65825
4.61921
4.93212
4.62443
4.68256
4.58388
4.43453
4.65625
4.3783
4.63586
4.71494
4.32728
4.71441
4.61866
4.62167
4.70796
4.61939
4.62191
4.62205
4.68716
4.61949
4.67957
4.6227
8.81005
4.60223
4.62148
4.62104
4.62832
4.61658
4.68653
4.7179
5.02896
4.94381
4.73482
4.67897
5.10334
4.61872
4.64836
4.62005
4.19037
4.63047
4.62281
4.62812
4.61893
4.74905
4.6823
4.68064
4.62225
4.63939
4.80865
4.84953
4.61886
4.6217
4.73836
4.63213
4.82535
4.69866
4.47572
4.6746
4.86253
4.62337
4.62168
4.85884
4.91026
4.62088
4.63837
4.61689
4.61954
4.86821
4.61119
4.68868
5.04163
4.65092
4.72208
4.62332
4.49241
4.34221
4.67119
4.65482
4.62335
4.61869
4.91589
4.62139
4.66955
4.6427
4.85733
4.79372
4.66067
4.9182
4.88361
5.10915
4.62002
4.62307
4.62372
4.55103
4.58117
5.20912
4.78918
4.43202
4.62179
4.89036
4.67085
4.62891
4.64792
4.69348
4.81222
4.62758
4.62738
4.62557
4.87195
4.63441
4.88528
4.67086
4.61895
4.66943
4.69592
4.79082
4.61448
4.52528
4.62057
4.68575
4.61921
4.96893
4.65338
4.62203
4.65482
4.48726
4.19068
4.95366
4.63614
4.69926
4.62356
4.61978
4.62184
4.53692
4.75582
4.82816
4.62624
4.63767
4.62521
4.50098
4.6727
5.30465
4.61399
4.77907
4.63067
4.62537
4.62292
4.62135
4.63415
4.81417
4.61931
4.6221
4.71505
5.06676
4.94974
4.62395
4.62078
4.61913
4.62073
4.98637
4.68627
4.56566
4.7907
4.57213
4.61832
4.86386
4.70633
4.64989
4.62392
4.87162
4.92462
4.6195
4.68515
4.59745
4.66888
4.62281
4.62
4.92655
4.62086
4.6191
4.62458
4.62034
5.00724
4.61601
4.75747
4.6826
4.62193
4.81138
4.62106
4.72274
4.89852
4.89797
4.78588
4.22818
4.59985
4.6198
4.62037
4.65464
4.69383
4.6721
4.66227
4.62289
4.61168
4.6197
4.86563
4.53692
4.69403
4.68692
4.62201
4.4642
4.44175
4.65646
4.63534
4.63303
4.6187
4.73007
4.62783
4.68217
4.69981
4.98519
4.61973
4.77825
4.70661
4.73357
4.60703
4.61988
4.6273
4.61909
4.62259
5.13243
4.63373
4.62066
5.11269
4.61934
4.62204
4.6228
4.66926
4.55857
4.63601
4.61922
8.68237
4.71912
4.927
4.74796
4.90768
4.71935
4.61914
4.62713
4.68158
4.75583
4.61921
4.73798
4.62095
4.6153
4.86094
4.7468
4.84421
4.6264
4.62212
4.63028
4.63189
4.77118
8.94308
4.62428
4.62206
4.6208
4.61932
4.65719
4.68189
4.63349
4.64276
4.48505
4.69105
4.63926
4.89035
4.54259
4.65724
4.95254
4.62601
4.68256
5.22936
4.86705
4.62105
4.77093
4.6631
4.96512
4.61931
4.62711
5.23045
4.70456
4.62249
4.65312
4.80802
4.68903
4.62674
4.6546
4.6197
4.49006
4.62089
4.59974
4.97613
4.62042
4.83568
4.64628
4.6182
4.68137
4.62446
4.60947
4.71925
4.86357
4.67565
4.92473
4.58213
4.71634
4.62336
4.88001
4.61953
4.61801
4.98951
4.87721
4.64817
4.62369
4.64762
4.63385
4.38751
4.75369
4.9674
4.64532
4.58418
4.69313
4.62222
4.6282
4.62323
4.92444
4.64155
4.67686
4.63294
4.74251
4.6209
4.64041
4.65395
4.50519
4.66121
4.63034
4.61879
4.43834
4.61954
4.8472
4.61672
4.7494
4.61119
4.57495
4.62843
4.80498
4.62383
4.64884
4.71701
4.44108
4.69365
4.61924
4.64356
4.82094
4.85676
4.62665
4.62371
4.63794
5.33653
4.61989
4.97769
4.82344
4.67673
4.69623
4.86879
4.65727
4.74953
4.88051
4.7035
4.72278
4.67384
4.68624
4.75683
4.75436
4.61965
4.63635
4.65814
4.61937
5.00718
4.47684
4.63246
4.70838
4.6284
4.63364
4.64614
4.6279
4.63823
4.72151
4.8026
4.61974
4.6285
4.64584
4.72767
4.61921
4.73996
4.61979
4.6249
4.63522
4.70737
4.63047
4.62224
4.62329
4.59263
4.62068
4.62205
4.63433
4.74754
4.61007
4.61905
4.62159
4.66234
4.61019
4.62201
4.62269
4.91936
4.65316
4.48469
5.00359
4.72802
4.5709
4.81964
4.64538
4.78658
4.55547
4.82685
4.98756
4.94166
4.61969
4.6589
4.62404
4.6549
4.98794
5.00035
4.7258
4.62142
4.51643
4.65118
7.64779
4.68526
4.64529
4.68832
4.61392
5.01026
4.62841
4.72982
4.88336
4.61917
4.62323
4.92988
4.70587
4.5794
4.62459
4.61928
4.63319
4.73088
4.64845
4.65632
4.87
4.79872
4.62481
4.67264
4.71818
4.63486
4.72593
4.62087
4.96787
4.89705
4.61864
4.64289
4.61989
4.62308
4.68412
4.62421
4.62219
4.6217
4.60729
4.56434
4.57867
4.65688
4.67205
4.62914
4.61494
4.62183
4.62342
4.6867
4.64255
4.62897
4.60762
4.69452
4.90614
5.02747
4.48882
4.89492
4.75871
4.61144
4.66455
4.71429
4.6236
4.62168
4.61941
4.65793
4.58922
4.62244
4.63279
4.64203
4.63029
4.62524
4.62243
4.61929
4.62441
4.66052
4.84205
4.61936
4.62328
5.59806
4.62301
4.71594
4.93569
4.40841
4.61934
4.67351
4.61568
4.63658
4.79741
4.65687
4.67884
4.77206
4.3199
4.54382
4.68129
4.61385
4.6055
4.65215
4.62437
4.61892
4.70677
4.8372
4.6277
4.67175
4.87053
4.59423
7.21558
4.59614
4.99838
4.4847
4.6192
4.616
4.89109
4.6461
4.62353
4.76388
4.65342
4.84092
4.65601
4.62345
4.70188
4.62638
4.39657
4.61981
4.67555
4.63517
4.78812
4.71059
4.49196
4.67929
4.78279
4.61863
4.62248
4.61848
4.51875
9.21396
4.61878
4.87184
4.56729
4.663
4.62447
4.88393
4.62513
4.61986
4.66508
4.86277
4.68222
4.62038
4.96265
4.63278
4.97331
4.65859
4.70467
4.88435
4.78504
4.63012
4.57657
4.63957
4.52662
4.62462
4.61917
4.66557
4.62208
4.67663
4.61955
4.58473
4.61516
5.02634
4.62112
4.62394
4.63944
5.00873
4.90902
4.61615
4.66544
4.72786
4.4984
4.66053
4.78523
4.62353
4.61944
4.62458
4.61966
4.87065
4.60644
4.76867
4.62381
4.86346
4.64501
4.6245
4.65805
4.45601
4.47395
4.77346
4.60225
4.71529
4.66063
4.50025
4.64145
4.84357
4.63271
4.67327
4.78904
4.57103
4.62488
4.66924
4.61971
4.7865
4.60465
4.5512
4.62308
4.70176
4.54796
4.44899
4.65468
4.62469
4.62265
4.81745
4.59691
4.61135
5.01805
4.67036
5.0189
4.61583
4.75198
4.63593
4.65898
4.61972
4.62147
4.58603
4.66146
4.55762
4.7119
4.61931
4.62495
4.62552
4.64877
4.82846
4.56837
4.47063
4.61932
4.61723
4.62522
4.63704
4.78094
4.72706
4.60453
4.6191
4.70777
4.58818
4.79227
4.56984
4.61973
4.6649
7.63025
4.62159
4.61392
4.62379
4.61946
4.62374
4.67455
4.63144
4.63248
4.80145
4.31365
4.7121
4.62478
4.6199
4.66647
4.72678
4.62895
4.61925
4.72608
4.67945
4.67074
4.71888
4.63357
4.66051
4.69726
4.88687
4.69244
4.68084
4.86795
4.61959
4.8386
4.65146
4.61872
4.62193
4.61897
4.62372
4.62984
4.62254
4.67208
4.67644
4.58246
4.66231
4.62556
4.62171
4.94989
4.79619
4.6422
4.68006
4.61965
4.6251
4.40301
4.6494
4.78907
4.62658
4.57555
4.67486
4.62763
4.64368
4.56614
4.94796
4.62582
4.9758
4.66123
4.61845
4.63298
4.59265
4.59317
4.62237
4.65786
4.90663
4.61894
4.61942
4.71786
4.61784
5.19974
4.62536
4.69312
4.61942
5.0269
4.94578
4.40113
4.68075
4.66045
4.62843
4.62899
4.62104
4.62539
4.69779
4.63553
4.47119
4.87851
4.62183
4.68418
4.62648
4.62613
4.61987
4.62493
4.63763
4.62317
4.63584
4.24565
4.70599
4.53947
4.68947
4.86373
4.61936
4.61961
4.87152
4.95345
4.46478
4.62979
4.62675
4.67067
4.65166
4.45443
4.74029
4.63787
4.50632
5.08903
4.62342
4.66925
4.61994
4.62694
4.88033
4.67154
4.62199
4.76328
4.8866
4.62063
4.83937
4.61943
4.62708
4.61236
4.63144
4.63434
4.6236
4.96688
5.72984
4.62941
4.68295
4.66359
4.78577
4.62958
4.64004
4.63911
4.62766
4.61637
4.6688
4.90804
4.69272
4.62225
4.63317
4.63072
4.61941
4.62187
4.57478
4.61931
4.79917
4.76372
4.62195
4.7092
5.05639
4.61933
5.09782
4.79623
4.65036
4.5907
4.55042
4.62585
4.70307
4.58751
4.79483
4.62376
5.06578
4.7165
4.61974
4.52775
5.02217
4.63018
4.54003
4.62401
4.86853
4.66818
4.58514
4.67309
4.98217
4.64648
4.88181
4.62159
4.93083
4.81421
4.62742
5.00734
4.71096
4.62524
4.51843
4.87526
6.07573
4.73933
4.62209
4.96385
4.63315
4.78554
4.61953
4.61948
4.61897
4.85363
4.05988
4.95404
4.6451
4.66886
4.61974
4.62609
4.62313
5.84634
4.62619
4.66112
4.68107
5.67744
4.62793
4.73001
4.64063
4.14339
4.63947
4.86904
4.70407
4.89532
4.94187
4.65956
4.48388
4.6809
4.55371
4.62548
4.7717
4.27561
4.65526
4.62269
4.6192
4.63119
4.61862
4.6155
4.62396
4.61939
4.72947
4.63056
4.63063
4.6236
4.65833
4.60007
4.62478
4.63451
4.61952
4.67596
4.90772
4.62846
4.89248
4.72645
4.62732
4.61195
4.63198
4.62387
4.54742
4.54457
4.87302
4.90448
4.62855
4.76704
4.06106
4.61943
4.75816
4.68199
4.61897
4.79662
4.91424
4.73497
4.62215
4.76657
4.75739
4.79883
4.61242
4.61406
4.6186
4.5776
4.65574
4.89599
4.63034
4.65169
4.68411
4.88361
4.62222
4.7217
4.82551
4.63529
4.71342
4.61996
4.63524
4.65279
4.66949
4.71422
4.64173
4.77545
4.66287
4.62364
4.64155
4.62909
4.91717
4.88215
4.51756
4.69857
4.61401
4.61983
4.70036
4.91528
4.7062
4.61994
4.57377
4.51656
4.6962
4.07692
4.63609
5.04103
4.70424
4.26053
4.62346
4.63286
4.66035
5.00446
4.62183
4.62588
4.96521
4.61992
4.65559
4.61819
4.71229
4.65991
4.62733
4.61968
4.61253
4.71483
4.62251
4.61986
4.62626
4.61976
4.41627
4.74556
4.76372
4.55109
4.66585
4.90448
4.6226
4.59309
4.77463
4.20408
4.62858
4.54598
4.61953
4.43386
4.89901
4.68311
4.59358
4.82362
4.83624
4.70547
4.63206
4.61726
4.62416
4.58085
4.61935
4.62095
4.66331
4.61871
4.98101
4.61985
4.62238
4.67372
4.84435
4.61973
4.6339
4.58463
4.62023
4.61989
4.6186
4.39507
4.63049
4.61866
5.12068
4.67181
4.71035
4.62537
4.85119
4.71666
4.45432
4.6206
4.62662
4.94892
4.59476
4.8143
4.64125
5.33407
4.65405
4.53478
4.65101
4.88487
4.67296
4.68721
4.62502
4.61934
4.59104
4.63249
4.64525
4.61952
4.62818
4.61953
4.61899
4.62618
4.74453
4.61942
4.62926
4.66973
5.73737
4.57677
4.62308
4.62418
4.58605
4.63131
4.2113
4.61988
4.63304
4.45564
4.62155
4.0862
4.62087
4.62622
4.70555
5.03299
4.65832
4.6244
4.62041
9.05063
4.67222
4.62418
4.685
4.63568
4.66617
4.91805
4.41469
4.62399
4.62121
4.61987
4.62163
4.6199
4.64718
4.67853
4.62432
4.65262
4.64021
4.62253
5.29179
4.6334
4.64699
4.67745
4.72903
4.73589
4.63201
4.35577
4.48282
4.9001
6.24628
4.65235
4.91155
4.6226
4.11783
4.66938
4.6192
4.62071
4.63267
4.68118
4.70353
4.62452
4.64634
4.50477
5.11297
4.98466
4.55167
4.71766
4.61598
4.8854
4.83537
4.61989
4.64442
4.65101
4.63553
4.73198
4.61979
4.80935
4.64145
4.65144
4.68998
4.62711
4.62327
4.62084
4.46106
4.71382
4.64274
4.62567
4.69558
4.6227
4.85136
4.7303
4.62155
4.6557
4.72804
4.74608
4.63193
4.49757
4.61937
4.64989
4.21042
4.42469
4.62073
4.79673
4.7381
4.62441
4.65009
4.68209
4.618
4.6209
4.68558
4.72915
4.96414
5.12693
5.03004
4.85784
4.71667
4.61979
4.62319
4.52525
4.68611
4.30232
4.50799
4.69977
4.4747
4.7884
4.61994
4.63099
4.63929
4.64785
4.67414
4.55018
4.59299
4.64377
4.62386
4.68891
4.7747
4.54952
4.80378
4.62946
4.62419
4.66917
4.66743
4.65955
4.44393
4.64566
4.67423
4.90849
4.62594
4.62309
4.66097
4.64238
4.61999
4.65697
4.61901
4.64911
4.61922
4.67558
4.80311
4.90305
4.61502
4.62672
4.6825
4.67919
4.66457
4.58664
4.76651
4.62626
4.6272
4.62052
4.87796
5.1644
4.66791
4.65191
4.70873
4.6555
4.61965
4.17492
4.62408
4.61553
4.74119
4.61944
4.67173
4.59878
4.78289
4.61973
4.62277
5.34172
4.46916
4.6355
4.62215
4.67465
4.4798
4.75377
4.71847
4.61939
4.66744
4.62157
4.51281
4.99538
4.68073
4.78434
4.74549
4.73421
4.63724
4.63038
8.122
4.60825
4.62325
4.79966
4.56109
4.64995
4.67476
4.6444
4.63371
4.66358
4.71476
4.53707
5.07569
4.61873
4.71773
4.58727
4.52612
5.01175
4.6194
4.59316
4.62817
4.63972
4.61982
4.94226
4.65343
4.45764
4.62361
4.67098
4.70928
4.46925
8.04508
4.6257
4.63528
4.62125
4.81272
4.61976
4.91228
4.65347
4.62157
4.6232
4.61862
4.77486
4.64561
4.53562
4.75616
4.63807
4.64324
4.94974
4.66188
4.62472
4.63177
4.64701
4.63931
4.61866
4.63069
4.53976
4.77723
4.71532
4.52404
4.88872
4.61616
4.59827
4.63137
4.71424
4.68855
4.62233
4.68597
4.53897
4.91443
4.20078
4.94904
4.55991
4.64815
4.75642
4.61996
4.62431
4.79977
4.62295
4.62921
4.896
4.19061
4.75513
4.62546
4.63898
4.70858
4.62474
4.70191
4.61947
4.92259
4.60177
4.62433
4.61904
4.47616
4.89379
4.61332
4.50373
4.47734
4.62914
4.65185
4.72676
4.51827
4.5565
4.84072
4.62675
4.65952
5.25873
4.60597
4.62364
4.5811
4.96963
4.75333
4.81363
4.60218
4.61899
4.60339
4.6253
4.61904
4.62635
4.62538
4.65072
4.6244
4.89566
4.46777
4.64218
4.67172
4.62309
4.69464
4.50683
4.63317
4.47443
4.62344
4.92553
4.76596
4.62705
4.58431
4.81759
4.28334
4.60742
4.61578
4.30618
4.62754
4.99943
4.63379
4.63017
4.62215
4.63026
4.68581
4.69665
4.67147
4.61991
4.72994
4.63461
4.70165
4.61984
4.64448
4.69035
4.70245
4.6678
4.6327
4.61631
4.61503
4.63366
4.64229
4.619
4.63171
4.6198
4.62854
4.40223
4.6685
4.63545
4.81269
4.62328
4.63445
5.84722
4.13146
4.63244
4.47721
4.91143
4.61634
4.89713
4.65893
4.61942
4.48432
4.70195
4.64904
4.57995
4.77061
4.61625
4.61977
4.58798
4.54104
4.64052
4.59842
4.62152
4.51078
4.76195
4.66856
4.69767
4.64819
4.61903
4.64841
4.73603
4.71478
4.53874
4.62447
4.62355
4.74462
4.56181
4.63232
4.65292
4.95223
4.61976
4.99704
4.64022
4.67428
4.96969
4.62831
4.58594
4.60708
4.67618
4.22594
4.63947
4.05666
4.61065
4.53807
4.61906
4.62317
4.62941
4.67834
4.64812
4.71602
4.69629
4.78195
4.61924
4.65185
4.6195
4.61918
4.75817
4.66951
4.48271
4.62275
4.79425
4.6238
5.05852
4.61956
4.73986
4.62355
4.98932
4.6197
4.63008
4.91227
4.61076
4.80086
4.62677
4.73224
4.80858
4.62974
4.65119
4.60024
4.97049
4.95495
4.62008
4.7443
4.63572
4.79215
4.63926
5.01942
4.63324
4.63597
4.84281
4.40296
4.718
4.64876
4.61866
4.76449
4.64138
4.61803
4.89857
4.71231
4.63327
4.63494
4.63683
4.50585
4.68635
4.29109
4.96033
4.87397
4.62799
5.00284
5.05569
4.62461
4.6282
4.69915
4.95245
4.64923
4.61921
4.67065
4.63832
4.64815
4.63035
4.61983
4.62961
4.62482
4.8523
4.38514
4.65312
4.61987
4.63925
4.70299
4.62609
4.63362
4.67242
4.62313
4.62726
4.6845
4.62926
4.5901
4.6195
4.66743
4.62018
4.57736
4.60405
4.63924
4.70593
4.63764
4.6422
4.78597
4.73174
4.62407
4.61209
4.63405
4.61927
4.61452
4.61944
4.63926
4.60363
4.95537
4.61897
4.9142
4.92246
4.74087
4.60704
4.62351
4.7223
4.96822
4.67694
4.63285
4.63225
4.61145
4.21934
4.92736
4.63692
5.35044
4.62009
4.68324
4.61979
4.61984
4.63574
4.6155
4.6652
4.91534
4.6424
4.56452
4.625
4.6344
4.6211
4.9853
4.63175
4.62279
4.64067
4.54925
4.62187
4.62706
4.60075
4.7585
4.66615
4.78304
4.88829
4.617
4.65562
4.65478
4.67165
4.6505
4.62758
4.43997
4.9777
4.44648
4.61908
6.92721
4.66374
4.6199
4.57375
4.63894
4.58317
4.45654
4.74116
4.96478
5.4848
4.62433
4.67223
4.82463
4.69827
4.61863
4.89767
4.66546
4.63762
4.62618
4.65465
4.61973
4.61953
4.60746
4.61944
4.71717
4.61443
4.54858
5.03781
4.61974
4.61772
4.62168
4.63261
4.59696
4.61856
4.62029
4.62846
4.5096
4.64172
4.66755
4.62017
4.61983
4.6247
4.70463
4.62409
4.66564
4.79921
4.74845
4.58459
4.52275
4.44819
4.79276
4.64005
4.75359
4.61929
4.92029
4.61876
4.3359
4.61337
4.62576
4.6199
4.41217
4.68203
5.13357
4.63864
4.61946
4.60978
4.6289
4.54945
4.84842
4.6198
4.61568
4.63504
4.63397
4.66211
4.6192
4.61939
4.6157
4.62828
4.62432
4.95389
4.6268
4.63395
4.61971
4.60366
4.44897
4.84285
4.63443
4.68447
5.00909
4.64072
4.65059
4.61944
4.62221
4.62927
4.62427
5.12552
4.65667
4.91653
4.88464
4.61177
4.61955
5.03073
4.67712
4.62004
4.62782
4.62359
4.62783
4.6191
4.61501
4.62345
4.91663
4.61944
4.64901
4.689
4.646
4.91846
4.55144
4.42549
4.71412
5.07702
4.70849
4.67763
4.63519
4.61301
4.65835
4.7875
4.80054
4.64648
4.82627
4.91057
4.6244
4.62837
4.66211
4.76382
4.6635
4.36967
4.61952
4.85913
4.6223
4.63537
4.71374
4.7117
4.92995
4.61949
4.63185
4.64772
4.5767
4.62811
4.61988
4.62387
4.61947
4.6061
4.84769
4.73289
4.62507
4.47754
4.65387
4.62374
4.65188
4.97196
4.62701
4.20516
4.39918
4.65291
4.62961
4.61966
5.13614
4.5204
4.61867
4.66576
4.81999
4.63354
4.51926
4.61952
5.14438
4.6212
4.61974
4.4233
4.88921
4.62583
5.01726
4.578
4.63468
4.61789
4.64368
4.64016
4.77151
4.64243
4.63001
4.53491
4.61946
4.79535
4.64565
4.63483
4.58129
4.69123
4.70346
4.78346
7.01319
7.51428
4.55466
4.6201
4.62774
4.63387
4.66086
4.69872
4.52843
4.43846
4.61981
4.66017
5.01337
4.60733
4.93979
4.53488
4.93066
5.03749
4.61884
4.61622
4.91996
4.63329
5.89352
4.75002
4.60025
4.87174
4.62886
4.57249
4.6524
4.81307
4.8141
4.70402
4.61199
4.85767
5.42466
5.02505
4.65745
4.62532
4.67715
4.91955
4.64756
4.61956
4.41556
4.63836
4.63476
4.67389
4.71013
4.636
4.4514
4.65419
4.63814
4.53403
4.61384
4.61976
4.72458
4.62274
4.66869
4.52756
4.236
5.09029
4.64239
4.62434
4.5743
4.63866
4.54868
4.63088
4.66505
4.48915
4.71265
4.68146
4.72549
4.63868
4.70534
4.6859
4.61963
4.64151
4.70749
4.64695
4.96393
4.66726
4.25444
4.70477
4.62274
4.59158
4.58614
4.47477
4.62507
4.60702
4.65679
4.82991
4.65604
4.66594
4.94914
4.57346
4.68319
4.59294
4.62067
4.63117
4.72318
4.47149
4.86239
4.61738
4.62556
4.61961
4.40219
4.62536
4.63718
4.9901
4.61987
4.54789
4.9101
4.64454
4.64189
4.58758
4.55976
4.66252
4.19114
4.70748
4.64694
4.5583
4.30902
4.53841
4.62508
4.38271
4.62209
4.69218
4.95654
4.62968
4.72588
4.6429
4.66191
4.61824
4.84698
4.64923
4.65535
4.61981
4.61784
4.6297
4.60446
4.63892
4.60575
4.50371
4.63487
4.59197
4.67213
4.74381
4.64951
4.61959
5.52882
4.67441
4.65273
4.60925
4.68481
4.35488
4.96589
4.62116
4.69577
4.4028
4.73395
4.88905
5.04353
4.61966
4.63622
4.66878
4.61978
4.50819
4.62128
4.60427
4.73342
4.6217
4.62612
4.56073
4.66239
4.62853
4.0274
4.62696
5.0147
4.23637
4.57511
4.66233
4.57433
4.62262
4.84462
4.62236
4.67081
4.90425
4.63858
4.80615
4.91573
4.62093
4.61969
4.61975
4.64111
4.67641
5.16659
4.92419
4.71885
4.40477
4.61925
4.62116
4.71732
4.9491
4.67649
4.64256
4.62068
4.6242
4.62549
4.72781
4.61282
4.61945
4.60681
4.80621
4.69656
5.72651
4.53294
4.64124
4.6435
4.66712
4.74074
4.79275
4.67158
4.6196
4.61843
4.62072
4.73066
4.66291
4.66751
4.51104
4.55363
4.91184
4.61997
4.71551
4.86904
4.61846
4.68156
4.96714
4.62333
4.61929
4.70743
4.64693
4.64442
4.71201
4.63051
4.63165
4.83596
4.6886
4.61919
5.12151
4.62139
4.6194
4.61021
4.62322
4.69814
4.55945
4.66965
4.79022
4.62199
4.61968
4.62813
4.64668
4.53158
4.32944
4.40843
4.62084
4.66967
4.62925
4.69109
4.64718
4.6194
4.56405
4.61992
4.62154
4.93221
4.55313
4.68066
4.61967
4.65609
4.65283
4.84053
6.49787
4.62933
4.62121
4.68062
4.62585
4.61956
4.63462
4.62712
4.65226
4.61987
4.6192
4.67592
5.60986
4.63946
4.61935
4.90255
4.81486
4.20723
4.6283
4.68283
4.60553
4.76884
4.61928
4.61982
4.61965
4.61944
4.61986
4.6194
4.63102
4.29121
4.91343
4.70519
4.65322
4.61793
4.61927
4.61309
4.69183
4.6384
4.7607
4.70849
4.77023
4.68516
4.43443
4.68012
4.6515
4.78133
4.31152
4.65237
4.62507
4.84738
4.93192
4.79379
4.52333
4.62361
4.65977
4.92869
4.614
4.6185
4.61542
4.67699
4.62838
4.62623
7.57652
4.92282
4.71092
5.07614
4.6286
4.62716
4.71683
4.61908
4.61989
4.67489
4.81662
4.77937
4.63353
5.15097
4.62511
4.08675
4.61936
4.62161
4.47258
4.70673
4.64343
4.63541
4.6126
4.62975
4.61953
4.60398
5.17465
4.62671
4.61959
4.61925
4.75242
4.62142
5.04654
4.63872
4.64214
4.61925
4.40204
9.43764
4.5101
4.61915
4.46787
4.73198
4.6332
4.64034
4.62983
4.62759
4.62128
4.07259
4.61988
4.62716
4.69954
4.6711
4.60847
4.64473
4.68517
4.62744
4.78659
4.91068
4.98395
4.73058
4.85474
4.61861
4.62803
4.66807
4.71013
5.13809
4.62273
4.62422
4.55339
5.12006
4.64273
4.61979
4.61945
4.64122
4.62738
4.55331
4.62103
4.63722
4.9298
4.61963
4.51073
4.99348
4.61865
4.91494
4.63939
4.60979
4.64775
4.66521
4.57879
4.71141
4.6193
4.65159
4.89265
4.64175
5.24346
4.61945
4.65291
4.65104
4.80019
4.64838
4.60368
4.64197
4.63347
4.67309
4.72609
4.65424
4.75321
4.6992
4.63127
6.83993
4.76761
3.97672
4.6283
4.68333
4.81431
4.64193
4.69899
4.83502
4.66509
4.61921
4.65394
4.61974
4.49274
4.47476
4.72468
4.40407
4.648
4.75033
4.61953
4.64049
4.69047
4.60287
4.63879
4.58668
4.67999
4.73225
4.61976
4.45135
4.59416
4.62691
4.74336
6.40238
5.14557
4.71062
4.59735
4.54414
5.12908
4.64383
9.13801
4.62938
4.6858
4.625
4.72486
4.98918
4.63991
4.72384
4.92725
5.37652
4.6292
4.62011
4.63477
4.61843
4.57854
4.6358
4.53374
4.63596
4.61989
4.61953
4.40111
4.62626
4.6231
4.66532
4.62002
4.93292
4.54678
4.70893
4.56142
4.63939
4.5719
4.64067
4.62737
4.61981
4.64015
4.41226
4.64511
4.15369
4.63201
4.65711
4.65731
4.62133
4.65481
4.63244
5.97515
4.63478
4.64406
4.6196
4.72995
4.57589
4.62669
4.61446
4.62549
4.63138
4.72616
4.55137
4.91406
4.6261
4.96031
4.61795
5.0268
4.86985
4.61936
4.65839
4.34818
4.52712
4.6429
4.34934
5.95461
4.62046
4.44576
5.12183
4.64229
4.83525
4.66804
5.02762
4.88815
4.61224
4.58684
4.42073
4.72467
4.95627
4.63273
4.62128
5.01806
4.64906
4.62588
4.63572
4.5695
4.70554
4.79005
4.63927
4.46532
4.61998
4.58575
4.50673
4.74118
4.62099
4.54887
4.63974
4.53687
4.53707
4.50248
4.68726
4.62105
4.61983
4.67168
4.46556
4.33494
4.38088
4.80479
4.72479
4.61062
4.61961
4.65674
4.36735
4.63748
4.67389
4.71568
4.61975
4.61653
4.18575
4.62078
4.60814
4.62097
4.86425
4.61969
4.66218
4.62688
4.63351
4.73526
4.72568
4.92841
4.6303
4.30907
4.64094
4.69632
5.23447
4.63554
4.63569
4.6682
4.53023
4.61831
4.80493
4.75335
4.67212
4.6214
4.63449
4.90037
4.68428
4.63951
4.9662
4.67142
4.74206
4.56882
4.63086
4.59732
4.63419
4.48597
4.93449
4.63161
5.04726
4.61973
4.59441
4.56139
4.62327
4.62128
4.62712
4.06897
4.63131
4.64303
4.8545
4.53273
4.61979
4.67475
4.92927
4.6409
4.66449
4.96265
4.55933
4.77205
4.7116
4.64663
4.57894
4.61894
4.78964
4.64035
4.73633
4.62347
4.63209
4.63164
4.62755
4.47778
4.68171
4.7305
4.82743
4.56336
4.57544
4.61333
4.50633
4.7225
4.89272
4.61929
4.61699
4.65354
4.61988
9.47802
4.64853
4.39224
4.19936
4.63172
4.63328
4.5901
4.6364
4.71091
4.64986
4.61945
4.61846
4.62881
4.77955
5.07012
4.98637
4.81192
4.60323
4.62429
4.38173
4.5962
4.65454
4.57891
4.63166
4.6195
5.60431
4.63327
4.83177
4.60553
4.60941
4.61832
4.5109
4.97188
4.6198
4.61825
4.88134
4.73159
4.61963
4.62146
4.60218
4.44504
4.64888
4.95574
4.64269
4.69923
4.62746
4.64178
4.60015
4.67453
4.65908
4.62918
4.49788
4.61969
4.62805
4.7938
4.67771
4.61919
4.54194
4.72886
5.11393
4.65843
4.47438
4.78647
4.64477
4.87669
4.49767
4.62656
4.63082
4.61958
4.4994
4.71867
4.62807
4.61967
4.61916
4.54562
4.95781
4.71603
4.61968
4.58214
4.80918
4.6112
4.6233
4.68363
4.63481
4.9374
4.61126
4.57167
4.62123
4.36041
4.62535
4.65157
4.63344
4.62291
4.63352
4.3291
4.93413
4.64533
4.64441
4.64064
4.08986
4.61976
4.65441
4.61938
4.61986
4.61198
4.73083
4.61955
4.6734
5.10687
4.61972
4.62525
7.26242
4.70358
4.44561
4.73031
4.64622
4.71583
4.6198
4.6275
5.85104
4.69808
4.65835
4.79452
4.06481
4.9439
4.52714
4.79434
4.62026
4.90571
4.74349
4.65709
4.52973
4.90436
4.61984
4.70095
4.6278
4.67795
4.57498
4.38776
4.6199
4.62786
4.95013
4.61986
4.84385
4.61542
4.64405
4.62056
4.78685
4.56394
4.87019
4.50272
4.9772
8.86263
4.58658
4.49774
4.55396
4.56788
4.65499
4.62133
4.64188
4.4122
4.63629
4.64892
4.64785
4.62133
4.4542
4.55992
4.72841
4.66473
4.65577
4.61977
4.64299
4.51942
4.5079
4.90554
4.61805
4.71363
4.90762
4.72946
4.95667
4.69453
4.55252
4.58447
4.61979
5.04943
4.67531
4.62683
5.18854
4.71516
4.6949
4.70903
5.24072
4.49489
4.81478
4.61887
4.61936
4.72855
4.61946
4.68628
4.62106
4.62152
4.64115
4.70122
4.64498
4.36994
4.61969
4.60169
4.61921
4.82643
4.58887
4.64574
4.5149
4.64519
4.6946
4.61929
4.72586
4.7139
4.64479
4.61939
4.64308
4.43347
4.80608
5.20465
4.92132
4.50465
4.61999
4.61993
6.39615
4.59532
4.28896
4.8176
4.62268
4.58335
4.61936
4.6197
5.05782
4.50118
4.86112
4.89712
4.75972
4.7755
4.61955
4.74602
4.69864
4.92005
4.61986
4.96741
4.73897
6.17999
4.6337
4.61937
4.65095
4.43066
4.63414
4.69069
4.69048
4.64576
4.65735
4.61861
4.61958
4.64737
4.59623
4.74476
4.83275
4.63059
4.63082
4.72507
4.90488
4.6195
4.57993
4.11759
4.57518
4.64723
4.92282
4.63305
5.0573
4.70728
4.92922
5.12318
4.62158
4.69556
4.61944
4.61858
4.65155
4.61957
7.07652
4.81114
4.62132
4.66333
4.75381
4.5699
4.67024
4.96366
5.09397
4.62006
4.58813
4.63557
4.72587
4.58332
4.61943
4.66566
4.72665
4.42225
4.65855
4.51833
4.42825
4.62123
4.35222
4.61945
4.61894
4.63144
4.6425
4.58232
4.66036
4.71391
4.62203
4.61901
4.31109
4.63135
4.52389
4.62847
4.82472
4.65798
4.64611
4.33359
4.61993
4.6214
4.61789
4.6303
4.98986
4.10351
4.71432
4.67739
4.7084
4.65384
4.67629
4.62708
4.86238
4.63411
4.62108
4.65713
4.68912
4.6195
4.61556
4.85759
4.66092
4.71875
4.46378
4.6168
4.62525
4.92864
5.14222
4.61948
4.71135
4.63014
4.885
4.6569
4.57605
4.67413
4.93099
4.61884
4.61976
4.62468
4.62019
4.52153
4.61807
4.6738
4.63372
4.65035
4.66162
4.63253
4.61951
4.45986
4.64607
4.65999
4.89869
4.56998
4.61805
4.73214
5.02565
4.65325
4.64294
4.94774
4.57883
4.61803
4.62101
4.64817
4.98104
4.76038
4.54279
4.51894
4.61994
4.59069
4.63337
4.61916
4.67796
4.61011
6.48327
5.0162
4.81734
4.66098
4.11365
4.62985
4.65936
4.61956
4.61799
4.68099
4.61811
4.69883
4.64939
4.64191
4.76305
4.58309
4.65084
4.61905
4.65285
4.62813
4.86002
4.62094
4.66619
4.56067
4.63396
4.8486
4.65697
4.57568
4.60214
4.70038
4.7084
4.09087
4.61954
4.6665
4.64696
4.61802
4.65503
4.57634
5.75397
4.6201
4.62208
4.88896
4.6477
4.9151
4.81491
4.618
4.51917
4.63093
4.61881
4.62521
4.63837
4.68196
4.70938
4.62332
4.61797
4.70066
4.78133
4.72418
4.61933
4.61725
4.94945
4.62324
4.74826
4.6008
4.62598
4.61912
4.61828
4.64807
4.61917
4.6208
4.61856
4.61651
4.62814
4.62655
4.6241
4.65113
4.61984
4.61811
4.63938
4.70234
4.93261
4.46493
4.63515
4.61737
4.61763
4.65332
4.61768
4.61746
4.61752
4.61758
4.61775
4.61775
4.61928
4.65419
4.42857
5.14486
4.68606
4.65995
4.61862
4.92948
4.88281
4.66328
4.96979
4.71442
4.6323
4.64591
4.62115
4.67084
4.64658
4.62059
4.64587
4.7167
5.02868
4.77644
4.61922
4.6201
4.67552
4.6197
4.77634
4.87039
4.62074
4.64193
4.92974
4.62535
4.54156
4.87969
4.47668
4.63447
4.6485
4.61918
4.66485
4.92591
4.66082
4.63546
4.82853
4.90716
4.62053
4.61932
4.63794
4.61099
4.67332
4.74424
4.62047
4.91177
4.64691
4.62072
4.08513
4.6194
4.65733
4.62272
4.62008
4.66152
4.69047
4.8327
4.6372
4.60345
4.60381
4.79573
4.81983
4.65487
4.67014
4.63677
4.57656
4.61925
4.62072
4.76267
4.71268
4.70295
4.87813
4.38165
4.16757
4.74416
4.55319
4.69302
4.59006
4.72214
4.61918
4.66594
4.61934
4.63389
4.62607
4.66642
4.6231
4.65567
4.61952
4.63008
4.65258
4.62053
5.17392
4.63684
4.63564
4.71808
4.63934
4.66163
4.74794
4.95116
4.6196
4.63215
4.59718
4.62033
4.73463
4.61945
4.61941
4.77039
4.61931
4.6196
4.97031
4.49958
4.61942
4.67743
4.6295
4.62618
4.61984
4.59924
4.61922
4.64298
4.63827
4.89554
4.64987
4.61095
4.62007
4.62899
4.63753
4.66709
4.64653
4.62058
4.51121
4.80331
6.06032
4.59524
4.62248
4.6469
4.61894
4.61939
4.62695
4.62004
4.61934
5.44699
4.61962
4.61366
4.62311
4.65087
4.61957
4.8994
4.64957
4.9318
4.7227
4.61948
4.62094
4.63481
4.61712
4.63312
4.68955
4.8959
5.29302
4.71025
4.92452
4.6193
4.61942
4.96939
4.85624
4.5688
4.70246
4.67839
4.62472
4.63248
4.17845
4.6392
4.56729
4.74984
4.65332
4.88102
4.59322
4.72737
4.61986
4.88546
4.61975
4.62098
4.72732
6.33771
5.20852
4.61581
4.63938
4.70394
4.65688
4.62029
4.61952
4.72706
4.61955
4.82055
4.6622
4.78107
4.62097
4.76945
4.67509
4.61769
4.64369
4.64268
4.25048
4.61933
4.58236
4.3828
4.87331
7.46983
4.61814
4.61897
4.62488
4.82449
4.93674
4.65043
4.71385
4.61957
4.66718
4.64919
4.58131
4.61956
4.61927
5.36771
4.62059
4.44528
4.61463
4.81492
5.0273
4.77634
4.65363
4.65131
4.73105
4.63368
4.91871
4.61936
4.61068
4.61542
4.61945
5.02783
4.65149
4.6195
4.4216
4.6203
4.63002
4.65149
4.6632
4.62526
4.6505
4.62185
4.6249
4.61877
4.6544
4.48461
5.32427
4.76672
4.64614
4.67563
4.62225
4.76027
4.6222
4.55328
4.67732
4.61878
4.62896
4.63645
4.62552
4.68547
4.6198
4.61937
4.64408
4.62121
4.71992
4.64007
4.91757
4.62021
5.16808
4.90607
4.64813
4.61955
4.66776
4.64305
4.58225
4.62212
4.37132
4.6188
4.6299
4.92638
4.79269
4.22575
4.79411
4.62137
4.67075
4.75038
4.6304
4.61972
4.63386
4.62134
4.69301
5.72797
4.66951
4.63648
4.59679
4.74219
4.61497
4.70121
4.61939
4.7493
4.61884
4.70133
4.64039
4.634
4.62419
4.61972
4.93219
4.59262
4.60796
4.61965
4.63485
4.79395
4.61957
4.61883
4.64008
4.62527
4.68897
4.85152
4.67287
4.62515
4.67904
4.62283
4.61942
4.64556
4.60809
4.65022
4.61981
4.64598
4.63393
4.86864
4.54688
4.61972
4.65602
4.64853
4.95602
4.38874
4.73746
4.79013
4.63042
4.62847
4.64874
4.75136
4.6205
4.93137
4.69096
4.43139
4.59904
4.63777
4.62046
4.62201
4.61949
4.71702
4.93205
4.73314
4.61975
4.69553
5.37007
4.62899
4.62796
4.64733
4.11879
4.66149
4.61974
4.6194
4.63214
4.7006
4.64289
4.6245
4.88837
4.63075
4.62538
4.54689
4.76757
4.21735
4.76092
4.63725
4.61867
4.61975
5.67848
4.68654
4.61942
4.6341
4.8911
4.65658
5.09354
4.9481
4.67665
4.72023
4.63792
4.61885
4.62051
4.67274
4.5899
4.56512
4.67523
4.72764
4.65419
4.64553
4.61994
4.62429
4.63288
4.54974
4.65511
4.50077
4.63215
4.63292
4.62291
4.62135
4.4689
4.78921
4.66907
4.70374
4.70382
5.21874
4.61842
4.60297
4.59765
4.63678
4.69917
4.56671
4.69685
4.65739
4.65931
4.51869
4.68993
4.62016
4.61917
4.61942
4.97932
4.63009
4.54384
4.80613
4.63458
4.84818
4.63625
4.67176
4.64047
4.79106
4.53657
4.64414
4.61935
4.55347
4.73382
6.73646
4.36771
4.71055
4.65212
4.64304
4.61809
4.625
4.61979
4.67956
4.66475
4.62077
4.63501
4.575
4.69999
4.72587
4.65489
4.6192
4.6231
4.67657
4.7017
4.65603
4.75796
4.65614
4.6199
4.61963
4.66333
4.51193
4.49054
4.62119
4.768
4.62231
4.65175
4.88708
4.56013
4.61957
4.95109
4.67197
4.64132
4.63922
5.01736
4.89402
5.42809
4.67316
4.65601
4.64111
4.62327
4.61645
4.68484
4.62883
4.62423
4.78344
4.61841
4.71424
4.5991
4.61996
4.65886
4.89625
4.39809
4.62356
4.92391
4.68733
4.70832
4.62019
4.92676
6.24281
4.76548
4.61952
4.67305
4.68606
4.59162
4.61995
4.7522
4.8274
4.66691
4.86516
4.63362
4.61955
4.63075
4.69702
4.63461
7.23537
4.64794
5.24093
4.79811
4.62904
4.84763
4.62626
4.61977
4.92456
4.70248
4.62762
4.70643
4.56918
5.18275
4.62667
4.71341
4.60669
4.6329
4.63989
4.31783
4.61661
4.6436
4.61887
4.61929
4.62693
4.72479
4.72963
4.66198
4.66724
4.6314
4.62681
4.63173
4.50981
4.93992
4.42422
4.52464
4.61994
4.7726
4.6193
4.677
4.98168
4.66677
4.67127
4.722
4.62
4.71321
4.6955
4.74787
4.63421
4.60771
4.86729
4.6202
4.61471
4.67381
4.64708
4.48474
4.63357
4.63837
4.61761
4.62025
4.55314
4.61723
5.55206
4.68111
4.8674
4.55403
4.61965
4.65921
4.62444
4.93604
5.81177
5.07624
4.64113
4.62138
4.63207
4.70501
4.65256
4.67477
4.62
4.86169
4.63336
4.71749
4.69335
4.61921
4.62107
4.71764
4.71517
4.64069
4.38634
4.54499
4.89055
4.43931
4.61855
4.6198
4.61012
4.64079
4.50962
4.27677
4.63647
4.65885
7.48317
4.27954
4.63909
4.63478
4.69376
4.7207
4.62949
4.6647
4.93261
4.41471
4.64165
4.61653
4.68127
4.633
4.68943
4.19756
4.71718
4.63517
4.67674
4.66002
4.62989
4.70369
4.83125
4.6217
5.01169
4.61974
4.61945
4.60338
4.6285
4.90796
4.61269
4.98129
4.6281
4.61874
4.68012
4.45385
4.65847
4.75133
4.68574
4.57336
4.72408
4.7609
4.4005
4.62554
4.57684
4.62528
4.96412
4.61853
4.62114
4.11198
4.62004
4.5439
4.68176
4.65804
4.28171
4.62023
4.71518
4.97394
4.63748
4.6856
4.70866
7.30372
5.04953
4.78367
4.57928
4.63644
4.62109
4.87325
4.61985
4.70427
4.94767
4.98045
4.64239
4.29054
5.99183
4.62025
4.68692
4.93101
4.73651
4.68293
5.10907
4.69583
4.65163
4.89273
4.56392
4.64847
5.02926
4.61753
4.61892
4.63597
4.71996
4.62006
4.65859
4.64014
4.64096
4.65195
4.83434
4.69587
4.84217
4.61928
4.76064
4.62114
4.49734
4.62278
4.63065
4.67959
4.7279
5.42437
4.61953
4.39476
4.68133
4.72339
4.76258
4.66849
4.44898
4.69611
4.81085
4.79114
4.96672
4.62033
4.4691
4.62243
4.71832
4.89563
4.61925
4.62007
4.64
4.15917
4.62038
4.62028
4.55083
4.73197
4.63063
4.62417
4.64399
4.89637
4.66656
4.61989
4.64273
4.70082
4.64201
4.71183
5.18038
4.61977
4.62225
4.62029
4.79731
4.62074
4.5757
4.83465
4.62308
4.62147
4.61919
5.33033
4.50469
4.62523
4.61826
4.83991
4.81877
4.59268
4.65947
4.94701
4.64608
4.6199
4.71158
5.0047
4.96077
4.82501
4.51911
4.68282
4.62032
4.77016
4.66796
4.62077
4.52039
4.62143
4.77033
5.20166
4.58574
4.66455
4.5273
4.61968
4.66027
4.61961
4.61848
4.65881
4.63624
5.0406
4.61926
4.61955
4.53539
4.61837
4.91866
4.64466
4.62009
4.62287
4.63711
4.64583
4.65309
4.7384
4.72598
4.51513
4.63818
4.62378
4.81756
4.64458
4.71558
4.62141
4.75869
4.65115
4.63871
4.63674
4.62007
4.3697
4.62564
4.67485
4.55317
4.6696
5.62388
4.61987
4.64242
4.79707
4.60619
4.64466
4.65802
4.09042
4.5165
4.65472
4.62243
5.4704
4.5282
4.70825
4.61929
4.61897
4.64492
4.49503
4.84143
4.4715
4.62613
4.70767
5.03785
4.64488
4.62382
4.84254
4.64306
4.7332
4.8557
4.64366
4.62851
4.91691
4.62588
4.93761
4.6406
4.63316
4.61963
4.49287
4.75944
4.66165
4.66219
4.62879
4.94781
4.65701
4.66072
4.72997
4.65615
4.62418
4.7742
4.85911
4.62571
4.8102
4.63102
4.70678
4.89026
4.64101
4.59726
4.80566
4.62148
5.74505
4.61949
4.57499
5.38983
4.93124
4.84218
4.8608
4.86903
4.81404
4.93674
5.02245
4.87779
4.70894
4.61943
4.66579
4.64738
4.65277
4.44023
4.77016
4.56054
4.6416
4.5284
4.73181
4.65705
4.25564
4.72532
4.73614
4.62672
4.67046
4.67059
4.83373
4.59717
4.61995
4.62037
4.63841
5.00165
4.62186
4.62033
5.06307
4.62008
4.66296
4.57342
4.6586
4.62115
4.64441
4.64337
4.64592
5.01027
4.62028
4.6427
4.62272
4.87212
4.72594
5.15077
4.51278
4.66966
4.68127
4.61861
4.80596
4.62245
4.91639
4.56167
4.2024
4.31427
4.63444
4.60222
4.61897
4.64661
5.19727
4.64422
4.5608
4.89167
4.71465
5.51672
4.64133
4.62038
4.64001
4.67121
5.04602
4.46382
4.60337
4.64194
4.66398
4.66235
4.49762
4.64461
5.20882
4.60755
4.73007
4.62014
4.62129
4.64019
4.61919
4.63161
4.63952
4.6815
4.8724
4.6253
4.96333
4.66038
5.08568
5.74632
5.06688
4.62036
9.2818
4.62271
4.64635
4.66608
4.62428
4.82714
4.96606
4.83217
4.64326
4.64978
4.83598
4.61125
4.66195
4.40572
4.6338
4.62433
4.61934
4.71839
4.62153
4.71836
4.85061
4.62837
4.63446
4.53415
4.73302
4.62061
4.63568
4.65678
4.63757
4.66195
4.6414
4.91149
6.72433
4.80653
4.61684
4.62947
4.65055
4.63664
4.10814
5.13026
4.61752
4.97055
4.64441
4.62775
4.75479
4.63347
4.62197
4.54359
4.55398
4.61968
4.63866
4.79302
4.56675
4.63
4.62455
4.62099
4.16627
4.77261
4.63058
4.61777
4.88775
4.62594
4.62155
4.78392
4.72059
4.63692
4.60271
4.69004
4.62264
5.0249
4.59558
4.6562
4.83749
4.66334
4.62043
4.72333
4.81848
4.63091
5.21454
4.45861
4.62059
4.69954
4.80218
4.63814
4.62039
4.64741
4.79726
4.81243
4.90495
4.75785
5.86561
4.63923
4.65898
4.62025
4.73996
4.69525
4.96759
4.8472
4.60006
4.62267
4.64991
4.23933
4.54349
4.63246
4.6576
4.62261
4.65123
4.61554
4.68694
4.63559
4.85276
4.64788
4.85708
4.54821
4.58399
4.62151
4.63004
5.12467
4.61848
4.71644
4.61304
7.22744
4.56972
4.27799
4.60629
4.65544
4.68349
4.95247
4.65655
4.63995
4.62435
4.62191
4.64165
6.29901
4.72233
4.70418
4.68822
4.62488
4.61997
4.63877
4.63979
5.09296
4.65637
4.62101
4.62045
4.91648
4.73826
4.64032
4.40486
4.61853
4.62177
4.84582
4.36679
4.6191
4.65206
4.46042
4.69056
4.64174
4.62032
4.62005
4.6202
4.61826
4.33426
4.95063
4.61992
4.74606
4.61933
5.03947
4.76613
4.65033
4.63529
4.69762
4.84495
4.65548
4.65324
4.64334
4.86865
5.33826
4.64765
4.62251
4.63566
4.62042
5.23605
4.65028
4.61945
4.72769
4.93644
4.82307
4.61497
4.6205
4.63649
4.74634
4.65484
4.72867
4.61939
4.62045
4.80526
4.69983
4.58388
4.62929
4.86312
4.76999
5.28474
4.94877
4.63891
4.34261
4.67743
4.65684
4.62891
4.61947
4.65665
4.62103
4.7023
4.63303
4.15769
4.62173
4.58201
4.37634
4.67609
4.62836
4.62749
4.62871
4.61841
4.63554
4.95555
4.77424
4.96544
4.76687
4.40908
4.6524
4.63312
4.73558
4.63506
4.64908
4.7159
4.6385
4.63915
4.73991
4.61981
4.62162
4.75369
4.62704
4.67089
4.86982
4.66349
4.6423
4.48226
4.77298
4.6195
4.63112
4.63081
4.62438
4.64101
4.65404
4.87078
4.64884
4.60075
4.62876
4.61941
4.62022
4.59799
4.65509
4.55405
4.52122
4.65149
5.00166
4.77857
4.62132
4.60842
4.65999
4.61978
4.61663
4.62158
4.61368
4.64945
4.63428
4.62996
4.62145
4.28979
4.61896
4.61979
4.6201
4.62983
4.62213
4.61951
4.65493
4.91971
4.59971
4.64575
4.55172
4.95034
4.59637
4.59891
4.59764
4.61698
5.1903
4.88466
4.62957
4.68076
4.6531
4.59458
4.92626
4.61667
4.73824
4.64042
4.95806
4.63005
4.62073
4.62051
4.62051
4.62048
4.62322
4.62206
4.62268
4.72166
4.62221
4.85526
4.54046
4.78753
4.85794
4.61974
4.88471
4.681
4.69038
4.60814
4.85478
4.62026
4.63411
4.6123
4.61992
4.64993
4.61946
4.65184
4.78196
4.8108
4.61941
5.21167
4.71473
4.63024
4.59159
4.62072
4.72189
4.61986
4.20083
4.62046
4.6192
4.69186
4.6102
7.66575
4.72519
4.61942
4.62113
4.65905
4.88949
4.6196
4.61948
4.62516
4.88384
4.63388
4.64378
4.61945
4.64321
5.16866
4.61193
4.65433
4.65078
4.65166
4.63093
4.62761
5.16545
4.64608
4.51288
4.92562
5.75593
4.67362
4.45383
4.6905
4.61434
4.6211
4.76049
5.35735
4.74535
4.58884
4.71541
4.62151
4.64246
4.81699
4.72384
4.46737
4.61933
4.62021
4.62573
5.36181
4.62582
4.48432
4.62793
4.63658
4.65792
4.61995
4.95311
4.61022
4.64925
4.64375
4.87151
4.63562
4.78763
4.62014
4.48902
4.70992
4.47958
4.4462
4.85852
4.61999
4.66546
4.62107
4.45055
4.61947
4.78829
4.6226
4.7171
4.66
4.61926
4.63094
4.70077
4.63578
4.79702
4.76401
4.61155
4.86446
4.62156
9.69585
4.61948
4.63312
4.6276
4.64368
4.66663
4.62328
4.54098
4.62704
4.54145
4.65572
4.64918
5.07778
4.18309
4.68814
4.81457
4.18336
4.68305
4.64054
4.61924
4.64331
4.62125
4.61888
4.6902
4.91098
4.62051
4.62682
4.91384
4.62099
4.65951
5.82318
4.5916
4.7219
4.91758
4.85995
5.05222
4.62849
4.61479
4.73066
4.61919
4.65316
4.62026
4.63588
5.88851
4.43956
4.53209
4.63058
4.6246
4.72278
6.93634
4.73065
4.78869
4.61942
5.14254
4.62007
4.62076
4.60231
4.67202
4.66802
4.80442
4.61931
4.63094
4.61946
4.69609
4.53122
4.61942
4.62
4.62
4.90394
4.63783
4.61951
4.62623
4.14408
4.93774
5.14032
4.72645
4.6532
4.70898
4.62558
4.61972
4.62057
4.67255
4.85156
7.14444
4.95856
4.61926
5.19859
4.74794
4.92767
4.7162
4.61971
4.65246
4.62059
4.68419
4.63465
4.6611
4.62339
4.77911
4.92927
4.39375
4.59418
4.77269
4.62435
4.94191
4.62179
4.62377
4.87321
4.62069
4.61911
4.65738
4.65428
4.62921
4.64522
4.52461
4.54494
4.66366
4.71387
4.70109
4.68166
4.61211
4.62408
4.66142
4.47968
4.86264
4.69574
4.86103
4.54424
4.62063
4.65709
4.52727
4.70169
4.61993
4.94049
4.77119
4.71495
4.61946
5.02717
4.61685
4.84926
4.62511
6.08868
4.87223
4.64849
4.84361
4.62168
4.6848
4.62339
4.62099
4.72043
4.81776
4.91297
4.65828
4.70688
4.76257
4.60304
4.66092
4.66987
4.61948
4.5476
4.61901
4.64763
4.40051
4.70584
4.60336
4.42755
4.62061
4.71505
4.69936
4.97589
4.68497
4.73855
4.62076
4.60886
4.77461
4.6191
4.61905
4.67027
4.62062
4.69276
4.63491
4.61704
4.77851
4.8081
4.6344
4.5477
4.65408
4.61945
4.93659
4.738
5.09733
4.62042
4.62049
4.67071
4.49324
4.66334
4.62077
4.90864
4.62042
4.72362
4.76175
4.62073
4.62013
4.6199
4.62755
4.68226
4.64267
4.71067
4.61956
4.44902
4.62772
4.65842
4.66278
4.63511
4.61708
4.65001
5.06208
4.94033
4.90958
4.64377
4.62049
4.62034
4.49507
4.75761
4.64029
4.66254
4.77932
4.6269
4.78247
5.80566
4.54392
4.6249
4.62037
4.76887
4.62069
4.61898
4.84496
4.45907
4.77709
4.70322
4.84869
5.14861
4.64179
4.5418
4.62013
4.65711
4.76358
4.57597
4.62017
4.86861
4.72267
4.61756
4.63474
4.62025
4.91244
4.67207
4.61983
4.62026
4.62015
4.62006
4.84094
4.8227
4.77325
4.62
4.64212
4.9858
4.73098
4.6195
5.03891
4.62007
4.65966
4.74038
4.62088
4.61993
4.9202
4.64622
4.62472
4.8489
4.65116
5.16689
4.97571
4.69708
4.87026
4.82567
4.62052
4.65224
4.75382
4.6698
4.62089
4.69777
4.99196
4.61754
4.6326
5.14601
4.64891
4.62072
4.64592
4.51369
4.61926
4.56094
4.66825
4.67659
4.61756
6.21071
4.62028
4.64752
4.66162
4.84845
4.82392
4.93868
4.61803
4.6651
4.65475
4.61946
4.7608
4.80986
4.61757
4.62009
4.62157
4.59379
4.62155
4.83012
4.62175
4.61953
4.74776
4.6163
4.89874
4.63011
4.92629
4.63463
4.62589
4.96876
4.64195
4.61951
4.64253
4.63719
4.73882
4.5418
4.63369
4.62055
4.67215
4.62635
4.40545
4.62068
4.62715
4.64323
4.6113
4.98415
4.63533
4.95499
4.53581
4.98026
4.61716
4.62827
4.61946
4.61927
4.64882
4.62069
4.61748
5.05277
4.89799
4.61738
4.61744
4.61737
4.65477
4.58433
4.61744
4.61751
5.22592
4.6191
4.63687
4.62174
4.81618
4.61785
4.67504
4.6177
4.7641
4.67779
4.79469
4.61925
4.56085
4.62065
4.77079
4.6619
4.94504
4.59256
4.72548
4.92092
4.62096
4.73002
4.62879
4.87926
4.63578
4.83094
4.45362
4.807
5.0402
5.77489
4.89607
4.62063
4.63356
4.61864
5.08277
4.61926
4.65219
4.64492
4.63848
5.0058
4.80542
4.62102
4.53882
4.65073
4.75597
5.4351
4.69701
4.63065
4.62095
4.70802
4.64614
4.64628
4.26346
4.67734
4.62108
4.62079
4.61931
4.62075
4.61948
4.62137
4.62082
4.85746
4.6466
4.71905
5.35056
4.65359
4.67785
4.52832
4.62385
4.29308
4.6193
4.57216
4.59091
4.4742
4.61953
4.90354
4.67372
4.64635
4.97965
4.72101
4.64156
4.66435
4.73483
4.65578
4.71434
4.68896
4.63374
4.84398
4.64109
4.48723
4.76102
4.63162
5.14762
4.65086
4.61579
4.61927
4.6209
4.44159
4.70437
4.64073
4.96425
4.34073
4.8199
4.65309
5.02643
4.61949
4.66532
4.61913
4.56827
4.78402
4.74162
4.6365
4.84339
4.23891
4.74357
4.65881
4.8454
4.34124
4.76003
4.78433
4.61934
4.64247
4.6449
4.66175
4.6208
4.81192
4.62084
4.79556
4.67188
4.62959
4.86774
4.52951
4.85517
4.64262
4.63354
4.62256
4.65328
4.6217
4.63183
4.6196
4.65637
4.62496
4.61989
4.86536
4.57477
4.10416
4.61932
4.43511
4.66595
4.65834
4.62541
4.9479
4.65682
4.62099
4.68121
4.71709
4.71018
4.65755
4.78447
4.78888
4.71034
7.08878
4.73392
4.84602
4.63035
4.69063
4.61935
4.61955
4.66337
4.77328
4.62418
4.52187
5.36349
4.91601
4.63757
4.79753
4.6196
4.61924
5.05625
5.08771
4.62733
4.8855
4.42371
4.6621
4.83952
4.61937
4.82196
5.00354
4.62736
5.15611
4.99838
4.65028
4.6601
4.61931
4.56938
4.93003
4.61924
4.7414
4.73965
4.61552
4.61915
4.6199
4.71609
4.6352
4.6195
4.77902
4.5207
4.62088
4.63019
5.08131
4.62085
5.07549
4.67558
4.93563
4.79675
4.62045
4.85236
4.78505
4.37128
4.64524
4.62234
4.66029
5.14945
4.67735
4.71057
4.61842
4.68299
6.78179
4.63446
4.6207
4.61957
4.58611
4.62057
4.8178
4.63178
4.62074
4.76128
4.74888
4.62974
4.6227
4.63913
4.62084
4.62094
4.89967
4.71563
4.61567
4.58622
4.78832
4.63808
4.61928
4.62083
4.61951
4.61009
4.62071
5.17042
4.75954
4.61949
4.62028
4.74865
4.62061
4.61953
4.63124
5.12169
4.76356
4.75353
5.23971
4.61808
4.70193
4.69164
4.31603
4.93982
5.06555
4.81351
4.65966
4.62011
4.61952
4.61955
4.63111
4.62092
5.24508
5.22072
4.62089
4.6193
4.69811
4.62933
4.63268
4.6305
5.12163
4.7184
4.57131
4.89035
4.66368
4.65048
4.94881
4.61917
4.72591
4.69838
4.78579
4.9223
4.67255
5.06696
4.61904
4.93827
4.6395
4.61915
4.66279
5.17545
4.61958
4.63846
5.1038
4.64787
4.57634
4.6185
5.14437
4.64331
4.64286
4.51141
4.71865
4.72192
4.76942
4.64741
4.61973
4.63726
4.66067
4.68159
4.62097
4.64564
4.8545
4.73258
4.62094
6.84744
4.87686
4.72423
4.64365
4.83829
4.60891
7.97973
4.77497
4.61899
4.61968
4.80241
4.65194
4.61961
4.67335
4.14071
4.62021
4.96214
4.55284
4.61949
4.61954
4.62079
4.67895
4.65517
4.66797
6.84866
5.01582
4.93001
4.63471
4.63454
4.61921
4.4742
4.6273
4.66156
4.64085
4.70044
4.79312
4.61926
4.61929
4.70807
4.8398
4.66766
4.29289
4.62018
4.79974
4.61952
4.6689
4.6706
4.84286
4.61888
4.87401
4.64371
4.84017
4.62101
4.62098
4.62456
4.86051
4.43183
4.5895
5.05653
4.65682
4.63372
5.14228
4.7642
4.65408
4.60624
5.67205
4.64289
4.65901
6.14075
4.76292
4.90803
4.83259
4.67663
4.77582
4.67809
5.07094
4.54448
4.68492
4.64807
4.50602
4.61931
4.61929
4.62413
4.6551
4.6644
4.67913
4.66882
5.53372
4.63521
4.65765
4.72106
4.62063
4.62105
4.7029
4.73255
4.61946
4.62102
4.982
4.62035
4.61933
4.64973
5.3261
4.57037
4.44078
4.65423
4.82691
4.62855
4.60091
4.59344
4.63066
4.6322
4.9774
4.99326
4.94058
4.65824
4.67654
4.7263
4.73208
4.87593
6.79629
5.09307
4.72551
4.68201
4.80626
4.86416
4.84477
4.67136
5.24823
4.34909
4.61818
5.98904
4.62109
4.62106
4.73047
4.6196
4.61958
4.66531
4.84231
5.23984
4.90923
4.66648
4.23073
4.61553
4.63228
4.68652
5.11662
4.6325
4.8172
4.63416
4.67867
4.64461
4.80267
4.6241
4.65668
7.55428
4.7082
4.6491
4.66763
4.62475
4.64319
4.63461
8.13886
4.63774
4.65866
4.82587
4.65648
4.62576
4.61929
4.61813
4.62337
4.84186
4.64687
4.64225
4.64864
4.4537
4.62113
4.73579
4.61967
4.6211
4.6194
4.9273
4.63895
4.68421
5.10069
4.61936
4.61957
4.56567
4.61977
4.85528
4.82943
4.58713
4.89773
4.62606
4.65585
5.11951
4.70172
4.86403
4.46792
4.65109
4.61944
4.61803
4.77603
4.63831
5.0789
4.61851
4.62118
4.62114
4.62239
5.31223
4.72974
4.64862
4.71572
4.86852
4.6195
4.61943
4.54483
4.63941
4.90779
4.87025
4.60712
4.7287
4.64961
4.72438
4.68076
4.9068
4.61194
4.61745
4.64209
5.08731
5.61406
4.66559
4.67253
4.70715
4.62022
4.63614
4.8654
4.85729
4.61951
4.64456
4.61127
4.84923
4.64226
5.03596
4.5572
4.35007
4.61964
4.7335
4.70019
4.80932
4.66878
4.93049
4.95687
4.63351
5.17195
4.65208
6.67522
4.6432
4.65563
4.62127
4.27833
5.19109
4.44832
4.73238
4.75419
4.75406
4.84971
5.26899
7.81983
4.67345
4.61972
4.78293
4.62125
5.30309
4.66482
4.62082
4.64532
4.62368
4.63381
4.61967
4.62548
4.70441
4.64585
4.72889
4.67533
4.80802
4.61924
4.94473
4.66514
4.61928
4.89303
4.68388
4.61874
4.50163
4.66056
5.13384
4.79885
4.7071
4.70842
4.70164
4.76715
4.60516
4.75744
4.62193
4.62191
4.67884
4.6684
5.33416
4.58406
5.5991
4.61946
4.71791
4.81624
4.61746
4.61958
4.8466
4.68086
4.71873
4.52495
5.00774
4.61929
4.61877
5.0143
4.76284
4.53554
5.09435
4.51222
4.65478
4.95783
4.63385
4.53789
4.32553
4.62088
4.71751
4.55209
5.25351
5.7094
4.62408
4.62197
4.62196
4.6234
4.88167
4.64479
4.8491
4.69307
4.61872
4.66221
4.82947
4.79911
4.86233
5.68413
4.67296
4.32494
4.71141
4.61986
4.73566
4.52479
4.65289
4.79208
4.7724
4.81326
4.85681
4.85808
4.91719
4.80116
4.61964
4.94312
6.22658
4.62053
4.62032
4.78479
4.62076
4.63313
4.62055
4.73652
4.6764
4.73097
6.4792
4.67181
4.75511
4.99297
4.61932
4.61946
4.62274
4.6189
4.6221
4.57637
4.64211
4.62177
4.76453
4.05858
4.85204
7.84222
4.68779
4.66973
4.81119
4.62294
4.62028
7.86349
4.62024
4.60583
4.66543
4.99529
4.83576
4.65465
4.72398
4.54283
4.62029
4.85311
4.59381
4.92358
4.55293
4.76493
4.62
5.06076
4.62429
5.29569
4.73602
4.61934
4.69786
4.65618
4.95342
4.48353
4.6203
4.62027
4.86832
4.61586
5.14354
4.64453
4.62033
4.63128
4.65166
4.55663
4.92643
4.86716
4.96539
4.64492
4.63126
4.85958
4.61815
4.64692
4.83203
4.44226
4.67501
4.64331
4.63976
4.72548
7.64228
4.65028
4.73843
4.61825
4.62031
4.62027
4.67613
4.88672
4.61916
4.89152
4.69608
4.62096
4.62099
4.67752
4.67447
4.51794
4.78676
4.88759
4.70799
4.61976
4.81399
4.63746
4.79838
4.65163
4.62464
4.32918
4.61947
4.61952
4.67292
4.61977
4.61921
4.62014
4.71533
4.62244
5.0437
4.6762
4.65616
4.70586
4.8959
4.83255
5.18775
4.54396
4.62916
4.63244
5.13887
4.72299
4.71358
4.87456
4.66272
4.71384
4.84473
4.64765
4.94702
5.22883
4.55242
4.67198
4.83628
4.67053
4.71266
4.302
4.62194
4.8303
4.62143
4.82001
4.61948
4.52416
4.72756
4.68099
4.66033
4.55706
4.73046
5.34351
4.707
4.71878
4.61959
4.61893
4.83647
4.92166
4.78813
4.65561
4.75324
4.85773
4.77614
5.10894
4.62977
4.66618
4.74299
4.70463
4.81896
4.68686
4.91725
4.57148
4.61903
7.60033
4.66403
4.36209
4.74478
4.61926
5.0158
4.6518
4.65959
4.65554
4.61922
4.61794
4.50276
4.75508
4.6982
4.6355
4.61927
5.35694
4.61924
4.61926
4.63544
6.43801
4.83841
4.75061
4.77334
4.63179
4.88067
4.6373
4.63862
4.6195
5.01766
4.6394
4.535
4.6192
4.67033
4.78206
4.62171
4.51421
4.71048
5.03544
4.67245
4.85494
4.63029
4.86585
4.9892
4.6332
4.74234
5.16351
4.62594
4.62161
4.67263
4.71571
5.09406
4.62247
4.98269
4.62261
4.62438
4.62245
4.62252
4.62232
4.62235
4.62091
4.91381
4.54267
4.84745
4.83113
4.82991
4.92822
4.63486
4.62174
4.62826
4.66879
4.6194
4.64363
4.63679
8.96112
5.09253
4.76088
4.84379
4.61932
4.65982
4.6672
4.42486
4.64483
4.62098
4.628
4.64447
4.61553
4.70914
5.42638
4.63107
4.96589
4.73513
4.8787
4.84796
4.83598
4.6633
4.62034
4.67419
4.45077
4.62045
4.53937
5.04797
4.65772
4.79332
4.64322
4.69531
4.69513
4.78816
4.63778
4.64937
4.85392
5.04741
4.61918
4.68204
4.62859
4.64589
5.02358
4.59301
4.83857
4.6526
4.74484
4.7305
4.64007
4.66649
4.59381
4.68006
4.62957
4.62588
5.20659
4.74294
4.65231
4.64409
4.7498
4.89515
8.13792
4.63945
4.61986
5.99189
4.61645
4.49748
5.09662
4.71426
4.61982
4.70287
4.80354
6.83503
4.28181
4.9811
4.77669
4.77529
4.83357
5.92637
4.55345
4.7326
4.84772
4.70122
4.64063
4.88171
4.66997
4.48849
5.11519
4.80116
4.67624
4.64237
4.47077
4.61425
4.71806
4.68009
4.69019
4.65486
4.71403
4.62817
4.65856
4.91951
4.89279
5.08874
4.67392
4.65047
4.62881
5.14418
4.88654
4.62667
4.84351
4.67385
4.98429
4.67641
4.55639
4.63664
5.0131
4.77877
4.67002
4.67962
4.66051
4.63549
9.03521
4.63634
4.64054
4.75818
4.82319
4.78067
4.72675
4.72632
4.69966
4.39985
4.63401
4.74576
4.62715
4.58404
4.7142
4.62094
4.51023
4.82774
5.04501
4.63277
4.62849
4.62788
4.64125
4.33438
4.97258
4.60463
4.59272
4.58907
5.18434
4.62042
4.63682
4.63392
5.2675
4.66321
4.59497
4.62762
4.72443
5.9927
4.85278
4.99278
4.63379
4.75144
4.63683
4.66891
4.62917
4.94668
11.1643
4.93898
4.743
4.8353
4.7625
4.89128
4.6519
4.68891
4.76937
5.00478
4.94734
4.65985
4.6588
4.62006
4.75036
4.89972
5.08012
4.65527
4.90123
4.67639
4.7409
4.99793
5.28692
4.5825
4.6339
5.02487
4.62505
4.75015
4.64217
4.79356
4.63426
4.71011
5.46578
4.61944
5.09489
4.63512
4.62071
4.66347
4.85352
4.6039
4.77956
4.6212
5.54235
4.92888
4.6262
4.64744
4.76012
4.61961
4.95429
4.94211
4.62879
4.81096
4.62107
4.85149
4.6653
5.11776
4.66242
4.7311
4.63646
4.75718
6.31397
5.03954
4.62332
4.64146
4.86293
4.70169
4.67784
4.59693
5.30241
4.84535
4.66464
4.32503
4.63869
5.20546
4.59545
4.65621
4.88641
4.69591
4.62047
4.55006
4.7291
4.54554
4.42616
4.74036
4.73988
5.37504
5.99898
4.6607
4.92245
4.71152
4.79451
4.64745
4.71854
5.97645
4.61935
4.72863
5.24054
4.7156
6.14346
4.65939
4.5935
4.75597
4.73226
4.71219
4.64945
6.2889
4.69479
4.6321
4.71536
4.64094
4.61976
4.87312
4.64004
4.89709
4.64414
4.76605
4.70938
4.64142
5.10656
6.7714
4.88882
4.97902
4.62131
4.61937
4.65418
5.09194
4.84451
5.105
4.6366
4.68716
4.61969
4.86742
4.69929
4.49211
4.60436
4.62119
4.64905
4.65328
4.86996
4.76585
4.71143
4.98406
4.64408
4.67961
4.8352
4.7423
4.9227
4.66242
4.63536
4.66912
5.04105
4.63129
4.86892
4.69616
4.80422
4.42027
4.74573
4.96534
4.86655
4.49187
4.90562
5.28166
4.64775
4.56703
5.22192
6.447
4.67401
4.86803
5.32203
4.78045
5.00066
4.64266
5.98934
4.90221
4.9193
4.87944
4.87009
4.72764
4.66339
4.90146
4.64593
4.62551
5.11548
4.63093
4.70153
4.62082
4.62889
4.67396
4.76967
4.65193
4.62745
5.006
4.65547
4.62162
4.7776
4.60583
4.64832
5.16397
5.17578
4.60613
5.00125
5.0266
4.78343
8.81357
4.8829
4.87867
4.38874
4.61979
7.98756
4.68418
4.62117
4.50218
4.68646
4.7549
4.60705
4.71711
4.64842
5.20107
5.02897
5.10525
4.65934
4.9567
4.90767
4.68646
4.66409
4.96168
4.72915
4.65298
4.62186
5.11686
4.6563
6.2773
4.73917
4.95272
4.71892
4.62314
4.86331
4.65001
4.71266
4.69679
4.75273
4.7191
4.56945
4.67959
4.17018
5.42605
4.9582
4.53477
5.34216
4.75322
4.63969
4.62224
4.65235
5.02945
4.11547
4.90315
4.79199
4.7
4.65644
4.89084
8.16926
4.61989
4.84129
4.98256
4.59015
4.65703
4.62137
4.66859
4.65689
4.62201
4.62006
4.97091
4.75003
4.70954
4.85518
4.6917
4.67031
4.6286
5.22221
5.08689
7.02453
4.99437
4.81771
4.61914
5.08012
4.62178
4.63279
4.85665
4.89174
4.9629
4.72179
4.67411
5.01682
4.66349
5.02658
5.10394
4.64972
4.62781
5.00436
4.76203
5.00993
4.86524
4.97578
5.22392
4.61102
7.3108
4.7134
5.08118
4.62828
4.61974
4.90213
4.63877
4.69542
5.38745
4.40857
4.68789
4.89303
5.16624
4.86633
4.62164
4.63924
4.55502
4.63715
4.64232
4.62644
4.66435
4.61995
4.74464
4.65439
4.71396
4.71542
4.82396
4.71513
4.65701
4.62116
4.64555
4.80256
4.65706
4.65896
4.68213
4.65562
4.70894
4.82523
4.67109
5.2565
4.62258
5.04655
4.91235
4.80214
4.74386
4.62294
4.97857
4.69143
4.59282
4.73668
4.65249
4.64612
4.81292
4.95852
4.65023
4.62152
4.61985
4.63151
5.4069
4.73191
4.62174
5.04857
4.53783
4.70688
4.70653
4.66242
4.62003
4.66228
4.62074
5.1384
4.74731
4.61969
4.76836
4.62821
4.62148
4.66088
4.39783
4.62016
4.7805
4.68578
4.8042
4.67705
4.68162
4.87958
4.48567
4.70842
4.62013
5.16028
4.85116
5.00773
4.93955
4.65619
4.60343
5.34585
4.86228
4.62216
4.6233
4.61426
4.62099
4.91566
4.65643
4.74664
4.95526
5.04268
4.78289
4.86748
4.62013
4.67691
4.67757
4.62083
4.62654
4.65898
4.62155
4.70478
4.49641
4.58068
4.72292
6.79807
4.65933
5.17858
4.62884
4.65644
4.72798
4.63559
4.7274
4.70435
4.89076
5.43739
4.6202
4.79323
4.7451
4.95209
4.66739
4.62222
4.78059
4.77917
4.83566
7.92114
4.61836
4.62
4.46803
4.97033
4.50585
4.62018
4.63404
4.66968
7.3012
4.65159
5.10041
5.14716
4.6239
4.62163
4.63997
4.73786
4.65173
5.31683
4.75581
4.40353
4.62297
4.62018
4.75805
5.13843
5.01098
4.62228
5.00942
5.121
4.65484
4.65254
4.58482
4.62021
7.62033
4.8512
4.82393
4.70857
4.62141
4.70795
4.64944
4.58968
4.70619
4.69617
4.76031
5.30773
4.53495
5.03129
4.62081
4.62056
4.77829
4.6307
4.62408
4.71095
4.84725
4.71345
7.76497
4.76859
4.66713
4.62234
4.54317
4.9218
4.76314
8.25554
4.63355
4.62264
4.65156
4.62027
4.44515
6.22779
5.23814
5.02995
4.88264
4.45353
4.62155
4.65244
4.69009
4.88174
5.0032
4.725
4.57449
4.66399
4.72414
4.665
5.06109
4.98123
4.63103
4.64962
4.64148
4.62222
4.7174
5.2371
4.65377
4.68522
4.96506
6.315
5.12152
4.6205
5.05703
4.733
4.62623
4.97616
4.75734
4.67311
4.76629
4.71159
4.65918
4.83611
4.87845
4.29869
4.74361
4.9029
4.82102
4.65054
4.7495
4.65198
4.62313
4.74676
4.86395
4.57041
4.30063
4.62927
4.76216
4.90259
9.45637
8.64354
4.61818
4.64032
4.67567
4.63694
4.6764
4.62229
4.90539
5.03454
4.56801
4.85477
4.23932
4.62166
5.03152
4.64513
4.67292
5.06446
9.12979
9.07277
4.8909
4.48416
5.55224
4.87078
4.68257
4.93326
4.88601
4.5582
4.97935
5.00505
4.72414
4.90112
4.19089
4.70639
4.6224
4.97611
4.55467
4.62057
4.80871
8.71361
5.88245
4.70733
4.77341
4.60122
4.81427
4.91456
4.71701
4.5121
4.74761
4.62213
5.0602
4.48647
4.87736
4.85241
4.73331
5.57959
5.04951
4.72802
4.62163
4.58101
4.59564
4.46731
4.74018
5.39815
5.02208
4.83833
4.76974
4.81714
5.01175
4.72851
4.85956
5.2959
4.72695
4.62694
4.74016
4.62476
4.75126
5.27137
4.11185
4.7868
4.76131
4.72977
4.27676
4.85903
4.58815
5.0024
4.62877
4.65134
4.65546
4.60393
4.67482
4.65187
4.6342
4.6529
4.74175
4.6854
5.04563
5.07283
5.21271
5.08122
4.62077
4.99334
4.76193
4.80381
4.71461
4.61863
4.67762
4.60992
4.7265
5.04214
4.69214
4.66119
4.6342
4.39296
4.383
4.71722
5.43888
4.61928
4.64925
4.71912
4.63502
4.9952
4.79187
5.69198
4.50746
4.74753
4.61365
4.63708
5.88131
4.92562
4.80448
4.66073
4.89176
4.74484
4.98715
5.03149
5.31599
4.62341
4.72832
4.76902
5.46725
4.53301
4.6343
4.53266
4.66957
4.93885
4.71942
4.722
4.62057
5.2813
4.62081
4.69448
4.7454
4.62824
4.96173
4.95826
4.74789
4.70124
4.78373
4.84944
4.66193
4.71005
5.00841
4.76991
7.33711
4.70602
4.86711
4.62297
4.79432
4.843
4.90127
4.66439
4.6438
4.79961
4.63502
4.99679
4.61923
4.77918
5.2011
4.82432
5.05337
8.61694
4.55139
4.76561
4.95437
4.70985
4.68096
4.6216
4.59218
4.95955
4.82488
4.64703
4.91303
4.70686
4.71685
5.24811
4.64026
4.7257
4.41254
4.63492
4.78132
4.77543
4.85282
5.07788
9.45534
5.42668
5.13399
5.06117
4.76471
4.98957
7.65124
4.75942
4.63304
4.68114
4.61834
5.16297
5.04071
4.76609
4.57326
4.46114
4.70275
4.89116
5.44857
4.62085
5.24479
5.04034
4.7063
4.77381
4.3999
5.05635
4.99066
4.60091
4.92347
4.66048
4.71501
4.66118
4.89351
5.39709
4.61921
4.63337
4.75591
4.70376
5.22947
5.10411
4.62069
4.65755
4.87973
4.73296
5.56571
4.73861
4.73648
4.66786
4.72902
4.95165
4.76672
4.50668
4.86107
6.02994
5.13586
4.72088
4.42806
4.21725
4.48561
4.61933
5.09881
5.10251
4.97639
4.65455
4.67994
5.07564
4.62969
4.78702
4.6209
4.62582
4.94906
4.8362
4.87995
4.63315
4.70848
4.70862
4.76192
5.05709
4.64137
4.7071
4.6253
4.63482
4.80507
5.09163
4.86578
4.94968
4.85256
4.84003
4.61929
4.82222
4.6204
4.75419
5.25195
5.6137
4.37993
4.97863
4.62462
6.03613
5.08693
4.76383
4.66888
4.9042
4.62471
4.72819
4.5154
4.96796
4.56597
4.67127
4.86176
5.45016
4.62094
4.7748
4.53911
4.67981
5.23064
4.86378
4.64219
4.67064
4.66051
4.5754
4.81898
4.82495
4.67398
4.70241
4.674
4.65188
4.54251
4.43298
5.10121
4.94681
4.66924
4.61923
5.01327
4.62046
4.77282
5.10168
4.78636
6.54079
4.74298
4.51459
5.05135
4.62396
4.92224
4.72656
5.18945
4.80004
4.86644
4.95841
4.63434
4.68811
4.61734
4.64123
4.62971
4.67952
4.58603
5.60004
4.63828
4.65029
4.87765
4.73293
4.64085
4.40891
4.82381
4.94982
4.95205
5.26003
4.88219
4.63935
5.17552
4.70547
4.67344
4.92147
4.86334
5.08581
4.64869
4.71791
4.62098
7.0887
5.12606
4.81419
5.18647
4.61758
4.76124
5.00101
4.74478
4.53802
4.7543
4.93555
4.69922
5.90209
4.73908
4.63267
4.58536
4.61923
7.73917
4.6204
4.65598
4.65076
5.14248
4.72568
9.25499
9.19164
5.54389
4.90409
4.61259
4.93964
4.83246
4.73959
4.64597
4.73003
4.62102
4.62421
4.73447
4.78873
4.98023
4.62388
5.81071
4.61932
4.43649
5.47128
4.61947
4.66809
4.65413
4.54499
4.62056
4.85222
5.26007
5.24491
4.61984
6.97804
4.56552
7.46405
4.66122
7.60318
4.52505
7.4992
4.62107
4.74373
4.68905
4.73553
4.70275
4.65114
5.89563
4.91619
4.62416
4.8994
4.65471
4.86574
4.69335
4.76954
4.88305
4.61925
4.70907
5.15131
6.21618
4.62809
6.95486
4.95284
4.44503
4.68093
5.15243
4.75219
4.72634
4.87531
4.78618
5.52365
4.81767
4.9922
4.31088
5.13873
4.89091
5.61897
5.31705
4.95207
4.61954
4.71311
4.62916
5.53254
5.04412
4.70087
4.6211
5.07053
4.9311
4.46291
4.95001
4.62498
5.17795
4.99981
4.66493
4.62433
4.67343
4.73327
5.16622
5.2041
4.61926
7.05647
7.0044
4.71647
5.26643
5.08908
5.03961
4.76061
4.48185
5.05112
4.95515
4.98681
4.66524
7.81901
7.44028
4.62245
5.04216
4.67925
5.676
6.93769
4.63264
5.29348
5.90612
4.6184
4.62115
4.59538
4.72822
4.66771
4.84758
4.6845
4.53188
4.62272
4.66353
4.49983
4.62869
5.28211
5.03916
4.26887
4.61924
4.66635
4.7631
4.92324
5.4763
4.57587
5.71088
5.42935
4.66486
4.86789
4.8924
4.62247
4.75837
4.63503
5.19169
4.88675
4.78989
5.01416
4.83485
4.72615
4.67316
4.76343
5.94072
4.62152
6.94286
4.22211
4.66702
4.67303
4.66416
4.62182
5.28848
5.96337
4.62156
4.9316
5.72728
4.7961
5.494
4.6198
4.71028
4.5876
4.92479
4.51745
4.75174
4.68754
4.45274
4.60661
4.63187
4.68249
4.62042
6.78343
4.97401
4.75974
4.62217
4.7279
4.7509
5.19934
4.9841
4.70604
4.75151
4.77484
5.09755
4.85402
4.62869
4.98265
4.85744
4.97415
4.62257
4.99561
6.81266
6.80814
4.50829
4.5521
5.2578
4.6291
4.63394
4.81041
4.66525
4.80871
8.56118
4.69138
4.61848
4.68508
4.94836
4.6001
5.12231
6.35246
4.86078
4.77769
4.6975
4.62263
4.46655
4.66922
4.62862
4.95134
9.11114
5.2623
4.62007
5.04299
4.88261
5.50395
8.96036
4.7049
5.06746
5.27065
4.57969
4.75277
4.77791
4.69771
5.27589
4.61976
4.74533
4.32744
4.95415
5.83356
4.64789
4.87626
4.72814
4.88309
4.94033
4.65878
4.24831
4.77772
4.95544
4.64994
4.62681
4.63838
4.62046
7.3778
4.63267
4.76591
5.01167
5.23173
5.14855
4.43558
4.63559
4.90987
5.07198
4.64747
4.66787
4.61864
5.29654
4.78678
9.03134
4.80738
5.15369
4.69441
4.61964
4.65117
4.95422
4.89983
5.46498
4.68217
4.6225
4.65613
4.97768
4.77808
5.08845
6.45347
4.66878
4.97718
4.72535
4.7525
4.76779
4.63393
4.88351
4.64152
4.67533
4.93259
4.85277
4.61966
4.63466
4.85828
4.62003
5.24113
4.46536
5.69027
4.98091
5.5746
4.76604
4.66517
5.44538
4.77346
4.6629
4.6232
5.01682
4.85838
5.10174
4.68417
9.2009
9.23627
4.68399
7.70892
4.59003
4.61963
4.77545
4.52984
5.18623
4.67435
4.66997
4.63039
5.7619
7.96846
5.33232
6.34087
4.5696
6.09948
4.76529
4.62067
4.98167
7.72993
4.57496
5.04269
5.04919
5.00186
4.71723
4.99721
7.22756
4.61939
4.67293
6.89246
4.57011
4.88279
4.92336
4.62223
5.33583
4.62374
4.99671
4.66764
4.99217
4.77762
4.96922
4.62391
8.10451
4.89827
4.6229
4.31567
4.61774
4.80757
4.29008
4.87957
4.73039
4.90992
7.89708
4.7101
4.90234
8.17402
6.0857
4.63618
4.87697
4.62405
4.70249
4.72875
4.82967
4.83584
5.04946
4.6245
4.73294
9.28922
5.4023
4.62498
4.84622
6.18778
4.74871
5.28952
4.62462
4.57953
4.60057
4.58319
4.63146
4.64648
4.62953
4.74828
5.08567
4.70663
4.78867
4.85186
4.7959
4.32069
4.62425
4.96892
4.65911
6.41632
4.62464
7.10825
5.01952
4.71533
4.63142
4.67395
4.62504
4.53181
4.4127
5.07127
4.73938
4.62467
4.75736
4.62727
4.75087
4.66141
4.6243
5.10847
4.54984
4.62743
4.6247
5.11671
4.61979
5.16721
4.66694
7.46277
4.6251
4.80976
4.61847
5.24763
4.59128
4.65564
4.70171
4.62483
7.15625
5.30567
4.61196
7.39478
6.06966
7.53833
4.66711
7.36297
4.63385
4.61737
4.70729
4.94908
4.62456
8.03711
4.7407
4.62319
4.75457
4.65877
5.96647
4.92846
4.62427
5.02091
4.81125
4.62346
4.76446
4.78443
4.72904
4.64924
4.64159
5.2824
6.91747
4.74697
8.3434
4.6762
4.62211
8.04049
7.75777
4.65985
4.61967
4.1982
4.51291
4.62133
4.62185
4.65171
4.80701
4.74455
4.62004
4.61902
4.62258
5.08429
4.79345
4.6962
4.61748
5.11221
4.69399
4.935
8.8057
7.8986
4.74477
4.82849
4.56756
4.61731
5.02373
4.62289
4.67964
4.69482
4.62341
4.77184
4.44829
4.64355
4.62407
4.63271
5.04454
4.6248
6.09773
4.61693
5.23089
4.62529
5.70446
5.48102
4.88968
4.73971
4.50133
4.77897
4.62492
4.55035
4.88824
4.92897
5.03419
4.9486
4.70836
4.8638
4.69062
5.69471
3.97327
4.62453
4.61222
7.408
4.79687
4.71733
4.79202
4.67825
4.34135
4.62493
4.64427
4.99559
4.62534
4.39895
5.01496
4.62497
5.02632
4.73056
6.79449
4.98592
4.62458
5.23981
4.75907
4.62498
4.62993
4.61589
4.6701
4.62539
4.45956
4.63738
7.27986
5.01571
4.62501
8.42338
4.79153
7.0963
4.91011
4.62463
6.26672
4.79117
4.62503
5.09709
6.40282
4.72513
4.64743
4.78252
4.74057
4.62544
4.61992
5.04785
4.63398
4.70267
4.97118
4.62507
4.95904
4.76041
4.77495
5.26464
5.00089
5.04771
4.62468
4.80451
8.4174
4.76417
5.11091
5.12421
5.7105
5.09349
4.93665
4.62508
4.64373
4.74514
4.81205
4.62549
6.18671
8.3904
4.69224
4.25308
4.63667
4.91842
4.72256
4.62257
4.61093
4.62511
4.68253
4.72499
4.62167
6.27429
4.62473
4.67382
4.62513
4.62736
4.64105
4.78822
4.76718
4.76679
5.0097
4.4251
4.62554
4.70202
4.65828
4.68374
4.62516
4.62559
4.59377
4.96662
4.78306
4.62477
4.78055
4.9665
4.56372
5.08281
4.57069
4.92122
5.46042
4.60573
4.50351
4.62518
5.14538
4.63733
5.67042
5.53704
4.89519
4.71525
4.62559
4.64643
4.62521
4.65797
4.6823
4.68386
5.0446
4.49831
4.75555
4.93177
4.62482
4.7868
4.62732
4.80985
4.96987
4.62523
5.08431
7.36298
4.6312
4.80312
4.95649
5.18394
4.62564
7.32018
4.71197
4.62526
4.57395
4.72492
4.74835
4.62486
4.6233
5.57768
4.71279
5.06659
4.62527
4.70358
4.56649
4.92004
5.05935
4.62569
7.24684
4.67423
4.62641
4.63107
4.6253
5.65625
5.26998
4.93551
5.09566
4.78092
4.62491
4.6274
4.74481
5.17284
4.62532
4.93962
4.8038
4.62574
4.68805
4.79604
5.18953
4.62546
5.14699
4.66879
4.94715
5.13288
5.36185
5.29874
4.62517
4.75313
4.62487
5.37177
4.79738
4.5782
4.43808
4.99553
4.62392
4.60909
6.52548
5.06679
5.18829
5.30322
7.70233
4.69121
4.64852
5.66175
4.33703
4.6225
4.33783
5.00972
4.64227
4.66972
4.67128
4.91814
4.70842
4.62168
4.77292
4.69559
9.2892
4.62031
4.94656
4.6337
5.11625
4.41205
4.83069
4.66718
4.30091
4.62319
5.12281
4.63408
5.55394
4.63549
4.62383
5.75462
5.07261
5.37866
5.02871
4.95833
4.62457
8.09059
7.20677
4.62743
4.65366
4.88766
4.6254
6.25568
4.67075
4.64057
4.96966
5.07573
4.62591
4.64237
4.98689
4.62804
5.00436
4.57568
4.62175
4.62563
4.62534
4.71625
4.97601
4.83167
5.32428
4.88118
4.62564
4.90896
4.55088
5.80478
4.62562
4.63328
4.62266
4.66959
5.14763
4.54095
4.62503
4.69843
4.62911
4.62475
4.631
4.61764
4.62786
4.61826
4.62419
4.82989
4.49145
5.0403
7.61675
4.60022
5.11375
4.62331
4.71801
4.64306
4.77824
4.66107
4.55993
4.62264
5.44363
4.70385
5.01047
4.62181
4.62041
4.58493
4.63223
4.62334
5.33244
4.62883
4.60607
4.75741
4.624
4.63582
4.93362
4.62475
4.44309
4.96075
4.8231
4.71215
4.6256
4.62881
5.07113
4.62611
4.88369
4.62583
4.67814
5.29673
4.62892
4.96417
4.62554
4.62506
4.76722
5.29459
4.62457
4.65524
4.63199
4.62434
5.8706
5.71567
4.86625
6.00994
4.5103
10.8723
4.6312
4.63333
4.61755
4.69367
4.62163
4.6263
6.01538
5.27215
4.81266
4.79994
4.63748
5.57048
5.17196
4.72959
4.71826
4.62332
4.96134
5.22065
4.90338
6.29364
4.62394
4.81246
5.06245
4.6231
4.6783
4.76453
4.63324
5.68297
4.60698
4.96206
5.22092
4.62318
4.95092
5.99598
4.98932
5.10855
4.86532
4.53712
4.62391
4.62467
4.88012
4.71131
4.62195
4.69216
4.41689
5.03904
4.62504
5.26203
4.72573
5.01515
4.62505
5.01815
4.5625
4.62934
4.62525
4.7654
4.71922
4.73676
5.01273
4.62544
4.72967
4.62048
4.62517
4.62052
4.62373
5.01612
5.14755
5.11591
4.62359
4.56561
5.08814
4.62258
4.6799
4.7692
4.81924
4.67245
4.77969
4.62171
8.22998
4.62905
5.49271
4.66556
5.02422
5.15357
4.68179
4.62328
5.0718
5.00762
4.62229
4.63433
4.5652
4.6207
4.78012
5.81182
4.64014
4.63329
4.63277
4.63347
4.90702
4.73467
4.86818
4.62395
5.36107
4.625
4.66573
4.63503
4.62543
4.80337
7.74937
4.62597
6.50731
4.62652
4.75675
5.77918
4.62623
4.93673
4.63884
4.69497
4.62594
5.9988
5.0545
4.54786
4.62625
4.725
5.10675
4.63522
4.62656
4.81454
4.56503
4.92619
4.62626
4.71951
4.67095
4.62596
4.74314
4.5478
5.09979
4.92182
4.62582
4.77032
4.77786
4.62501
4.66705
4.98454
5.63022
9.09525
5.6394
4.89511
4.63187
4.62307
4.82974
4.62221
5.01787
4.44294
4.62074
5.16961
4.7572
4.84262
5.21443
5.07121
4.77291
4.61353
4.62306
7.82736
5.80807
4.63232
5.6902
5.03498
4.62388
5.91737
4.66054
4.64916
4.71719
4.98803
4.65864
4.74977
4.62481
4.4843
4.62595
4.70943
4.68411
4.62672
4.69022
4.51479
4.64946
4.93348
4.762
9.49889
4.71653
4.62643
6.007
5.02441
4.95679
4.70336
5.14009
4.1796
5.06658
4.83165
4.64247
4.62613
4.62644
5.03296
7.60589
4.62676
4.85178
5.26753
4.97809
4.62646
4.62615
8.33298
4.67434
4.62601
4.54862
4.72132
4.91792
4.62519
5.87746
5.11776
5.00899
4.76154
4.7138
4.62321
5.20051
5.06792
4.693
5.037
4.67692
4.62235
6.41578
4.98812
4.68778
4.81432
5.08146
4.62085
5.04463
7.19867
4.62991
4.69292
4.91757
6.85609
4.62329
4.68709
4.62401
4.85102
4.83064
4.62494
6.56417
5.51711
4.62541
4.73345
4.75677
4.76433
7.08075
4.62483
4.72446
4.96232
5.22814
4.67647
7.08657
4.84749
4.624
4.77099
4.65732
4.60109
4.30893
5.71524
4.62283
5.32383
4.23781
4.62103
4.93374
4.28636
6.29225
4.62336
4.6634
4.8725
4.63544
4.63405
4.56618
5.14912
4.92543
4.62408
4.37823
4.62504
4.96183
6.04972
4.7724
4.90576
4.7047
4.62551
4.62492
4.66883
4.7819
4.61954
6.85427
4.73034
4.77748
4.99005
4.62408
4.62291
4.67179
7.2332
10.2375
4.76381
5.31266
4.62613
4.62109
4.9919
4.36795
4.67484
4.62664
5.17226
5.29476
7.31863
4.62345
4.62417
5.66603
4.62513
4.62563
5.18622
4.62486
4.656
4.8443
4.67084
4.62414
5.11562
4.62296
4.76479
4.76517
4.65306
8.05435
5.36166
4.48554
4.62112
4.94912
4.62098
7.78577
4.67952
5.07516
5.18094
4.62339
4.64828
4.57612
4.62428
6.6146
5.12553
4.66056
4.44923
4.84531
4.63024
4.62493
4.68922
5.33413
5.13323
4.65863
4.62481
4.78054
7.79091
4.62423
4.70891
4.72239
4.63399
4.34074
4.6775
4.7071
4.62423
4.37828
5.7137
4.61758
4.62305
4.63802
4.62196
4.72547
4.50907
4.6212
4.71439
4.48962
4.62351
4.93471
9.16393
9.362
4.97829
4.80305
4.62436
4.67743
6.79299
4.63333
4.62536
5.13485
7.77706
4.62655
4.63019
4.81855
4.62735
8.97587
4.642
4.876
9.11446
4.62705
4.72433
4.62674
4.72577
4.63622
4.76532
4.71584
4.91821
6.19031
4.62707
5.02142
6.18089
6.29935
4.63318
4.6274
5.74582
4.81589
4.66016
5.41653
6.05917
4.62709
4.77082
5.06631
4.62678
4.70854
5.11152
5.60601
4.7874
4.62711
4.66414
5.478
4.88002
4.62744
4.93059
4.63123
4.60472
5.02592
4.95217
4.62713
7.84799
4.62682
4.79795
8.94772
8.31004
4.62669
4.8694
4.89358
4.62388
8.09559
4.9638
4.66769
4.6372
5.06197
4.76957
4.80433
4.63613
4.62102
4.72136
4.66397
4.71704
4.33191
4.6351
5.00228
6.15311
4.62676
4.49706
4.96172
9.13351
4.89828
5.92976
4.72079
5.0044
4.13857
4.63069
4.85918
4.62459
7.95965
4.84038
4.89257
4.92057
7.76785
4.95575
5.07986
5.68455
4.8289
5.18478
4.63338
5.16929
4.63175
4.61279
8.83939
4.58831
4.65522
4.80296
4.63419
4.74903
7.562
4.72148
6.97682
4.63306
4.67101
5.00494
4.91415
4.63925
4.64448
4.85791
5.68534
4.68611
4.99751
6.65511
5.18346
4.65837
5.04523
4.75716
6.03884
4.57549
5.65053
5.10109
4.63291
4.77384
4.70186
4.6338
4.73522
6.31588
4.63548
5.31837
4.66482
4.64083
4.9409
4.76051
4.63001
5.14979
7.87499
4.63164
4.63605
4.75892
4.72867
4.57078
6.10019
5.0356
8.27454
4.60592
4.7128
4.88421
4.64313
5.76177
7.67539
4.81815
5.50059
6.12344
4.81038
4.73436
4.77623
4.80171
5.36788
4.8622
4.86018
4.67258
5.1243
6.68873
4.65129
4.73958
4.62829
4.89398
5.62259
4.96275
5.0981
4.77631
4.85842
4.6197
4.89616
4.73199
4.73675
4.77323
5.92023
4.77541
5.19479
4.63529
7.55869
5.38099
4.77049
4.47139
6.86749
5.81841
5.91388
4.89019
4.76519
4.7111
5.88785
6.87959
4.88543
5.47304
4.7872
4.66323
5.47398
4.77585
5.22375
4.62739
4.69859
4.4866
4.40182
5.04162
7.36595
8.11851
5.02738
4.64605
4.64539
4.71773
4.70994
4.43848
4.66604
5.0786
5.07224
4.79036
5.12042
4.62996
7.08665
4.47839
4.6785
4.80896
5.01866
6.76305
4.97371
4.78297
8.98391
5.82017
5.33575
4.71365
4.52841
7.64901
4.59908
4.62838
5.51004
5.13028
5.92094
5.1308
4.68324
4.54661
4.55233
4.31229
5.23565
5.00821
4.80438
4.79179
5.12777
4.88912
5.55801
5.1675
4.97513
4.65213
5.29879
4.79627
4.61531
5.39643
4.76824
5.33171
4.63034
4.75487
4.9464
4.70193
5.04774
4.61769
8.28898
5.14325
9.55931
7.78997
4.70588
4.66365
5.19557
5.04329
5.14652
8.10881
4.77539
5.39331
4.89137
4.78988
5.03207
6.11862
4.95771
5.36685
5.38817
4.7066
4.80119
4.82622
4.65716
4.61858
4.86303
4.63196
4.43567
5.11206
4.75889
5.93362
4.7813
6.10475
4.70337
4.70725
4.2059
4.60674
5.13401
4.6601
4.56025
5.5043
4.79831
4.80635
5.4904
5.35378
4.6485
5.61321
4.7472
5.03306
4.87409
4.46271
6.05832
5.56147
4.99119
5.98098
4.54388
4.91605
8.9272
8.66569
5.8022
4.76353
5.45592
4.99593
5.51846
4.61873
4.85752
4.69224
4.6186
5.11309
7.5857
6.07044
4.86952
7.67229
4.6274
4.7853
7.60116
5.21013
4.69996
4.6593
5.25268
4.84125
4.43945
5.30944
4.68026
5.17041
5.44753
7.12324
5.15766
4.97825
5.18746
7.44309
4.71793
4.97404
4.81506
5.05858
5.01908
4.74978
6.08364
5.14325
5.1606
4.6213
7.02885
5.67435
4.7797
4.8012
8.05693
4.74228
4.65627
4.63124
4.9513
4.64704
5.31099
8.12037
4.65829
4.80473
4.60976
4.671
4.78737
6.47274
4.27606
4.73527
4.63443
4.61279
4.77014
5.02627
4.77865
4.64538
5.39324
6.10973
4.88309
6.84169
5.15339
5.09286
4.92561
5.8819
4.74254
4.77004
4.88441
5.02663
4.49956
4.638
4.39737
5.02527
7.24838
5.09435
4.771
4.79142
5.18824
5.0253
5.64345
5.09711
4.64394
4.41716
4.88452
4.64477
4.70691
4.88631
7.79338
4.64987
4.76466
5.60771
5.20066
4.88849
4.5967
5.04828
8.91255
5.69482
5.13944
4.66462
4.59736
4.51127
6.14819
6.40033
4.87887
4.88895
4.96038
5.65396
5.17339
4.63836
4.91334
5.12009
4.62783
6.60274
4.87672
4.48411
4.62642
6.0863
4.66461
4.69348
4.7159
4.35892
4.77971
4.64513
4.68477
4.76346
5.09323
4.65206
4.6977
4.81152
7.72739
6.53703
8.60806
5.00166
4.82969
7.63407
4.63486
4.63279
4.6492
5.36991
4.55525
6.05152
5.24386
4.73162
4.59986
9.49517
5.39676
4.37974
7.74804
9.22436
4.79602
5.23626
7.77408
4.85114
4.62892
5.49974
7.88083
5.01027
5.17102
5.15246
4.79752
5.38329
5.16289
4.62941
8.46634
8.83876
4.69234
5.31819
4.40621
8.19319
4.78175
4.87806
4.8297
6.09996
8.06371
4.89642
4.73288
4.78906
4.62822
4.62354
4.58724
4.63436
4.8816
7.85416
5.10888
4.72722
5.76632
5.20593
5.19989
4.76959
4.88479
4.63616
7.09873
5.43301
4.66234
4.63555
4.62362
4.82398
4.91219
6.95959
4.67551
4.67426
4.58544
5.03778
4.64937
4.88454
4.67708
4.77746
7.64456
6.60199
4.80179
9.50215
5.0307
4.85549
4.80196
4.96629
4.88084
4.93974
4.98044
5.14049
5.103
4.68651
4.91002
4.8362
4.74497
4.83471
9.05083
6.36325
7.91813
4.57826
5.16561
4.54774
4.63649
4.64282
4.72005
4.67798
4.62009
5.83755
4.64502
4.63017
4.62946
4.73369
5.17357
4.87532
7.4038
4.87921
5.47419
5.17317
5.4156
4.61652
4.74796
8.41561
4.88702
4.9335
5.40907
4.62165
7.25695
4.9261
4.37656
4.93883
4.70603
4.68088
5.42923
4.70921
4.8556
4.80645
4.82535
5.33255
4.65999
4.24259
4.70518
4.96282
5.27905
7.62867
5.25466
5.08182
4.63789
4.54767
4.78524
4.63989
4.9081
4.83238
4.63625
4.62015
4.57969
6.74495
5.02013
6.09719
7.73053
6.64833
4.62455
7.69036
4.79135
9.1712
4.88286
4.62855
4.66834
4.75811
6.03113
4.73743
4.91036
4.29536
4.71799
4.62397
4.43624
5.95808
7.69332
5.06029
7.23394
5.93447
6.15257
4.96494
4.85987
4.92569
4.76041
4.81321
5.15471
4.7207
4.71249
5.08975
5.03824
5.7239
5.18359
5.52086
5.01236
4.7703
4.68212
4.79985
4.70298
5.75348
4.87648
4.45528
4.74615
6.45649
6.20127
5.36291
4.96335
4.58904
4.62645
4.73143
5.07997
4.80348
4.93746
4.6024
5.23234
4.99809
5.5575
5.005
4.91966
6.10652
4.89589
7.77517
4.62736
4.61585
4.57245
5.5039
5.28359
5.38696
4.94493
5.1195
5.01893
6.91303
4.80645
4.95088
5.33125
4.6158
4.78849
5.00673
4.73123
4.40546
4.61759
4.61921
4.72654
5.18265
5.03763
6.18945
4.66375
4.72216
5.80487
4.63071
8.48056
6.32422
4.64282
4.72612
4.52412
4.8338
4.7766
6.10823
4.4805
5.14996
7.68391
4.80166
5.25857
4.61816
9.01439
4.58988
4.88914
7.32952
8.20558
5.41003
11.3681
4.77748
4.60479
5.20473
6.13248
4.92462
4.45029
6.50798
5.50678
6.25612
4.62168
5.19503
4.94965
4.70293
5.1118
4.6277
5.0173
4.94004
4.60395
4.67257
5.7673
9.41794
4.49764
9.25859
9.33313
4.86839
5.59334
4.96912
4.72975
5.76302
6.35404
5.59038
7.98761
4.88584
4.62338
4.6346
4.94983
4.38019
5.32522
5.51403
4.8589
5.19505
4.93795
4.93885
6.91411
7.42043
5.07433
6.67619
4.81473
4.6282
4.71589
4.67257
4.9242
4.86628
5.07054
8.1746
8.32616
4.67524
4.69569
4.62933
5.35036
5.49453
4.73658
4.62501
4.63499
4.99605
4.88949
5.07081
4.90882
6.63401
4.67192
6.78755
4.88593
4.7714
8.2228
5.1155
4.62784
4.65842
4.70174
4.855
6.37472
4.77565
5.23569
4.81162
4.75205
5.48794
5.03013
4.78733
5.12154
4.67412
4.67773
4.6443
4.85422
4.77711
5.03006
5.05993
5.63607
9.23165
4.90019
4.98204
6.32342
4.61785
4.88071
4.65013
4.32314
4.86997
4.87722
4.9507
4.62905
5.42206
5.09046
5.54881
5.21635
4.65141
5.34096
4.63532
5.28324
5.31685
4.98141
4.57334
6.88042
6.19693
5.25011
4.70827
5.14963
4.8312
4.67916
5.38281
4.72477
4.99037
5.12947
7.86093
4.59084
4.71762
6.28235
6.42756
5.00514
4.61893
5.2057
4.70312
5.06549
6.47829
7.39697
7.93655
6.2214
4.26673
4.62793
5.01254
4.81724
5.34678
4.44168
4.6183
4.88456
4.91799
5.41678
4.68261
5.02416
4.92572
4.63344
4.61772
5.22176
5.48857
4.83869
6.98047
5.76849
7.72789
4.68506
4.61783
6.0691
4.98381
4.94707
5.72303
4.97855
5.08073
5.41699
6.49769
5.11435
4.63136
6.99062
4.90275
4.58536
4.67043
5.88361
7.55024
4.91435
6.24638
4.85248
4.50907
5.71891
4.71937
5.55088
4.50115
5.04314
9.22745
5.04539
4.69282
6.80682
5.49971
4.76066
5.13047
4.63636
4.72404
4.50941
5.09717
4.74151
5.61983
6.80165
4.73947
5.62621
4.71469
4.93259
4.86319
6.50702
4.65059
4.97629
4.63962
6.21259
6.14623
5.09425
8.2147
6.3989
4.73978
5.518
4.72887
4.40678
5.118
4.71973
5.11389
4.36024
5.04781
4.70805
4.92731
4.59195
6.84888
5.20739
5.60232
4.50509
4.76604
5.214
4.84502
4.99119
4.63197
5.83557
4.62749
6.13478
7.97477
4.98443
5.58811
5.19359
5.03155
5.28886
5.00464
6.48516
5.48534
6.15839
4.70994
5.77009
5.2178
4.76953
4.9457
5.02394
4.94094
4.687
4.6454
7.42272
5.30687
6.74393
5.1679
8.03136
6.168
4.76402
5.24041
5.7659
5.59331
6.51219
4.67353
5.00792
4.92026
8.19702
5.09613
4.55869
4.86484
5.31543
5.54373
5.30135
4.65068
4.67191
6.18984
4.99409
7.16909
5.32983
8.11952
5.46649
5.24111
5.30363
5.01622
4.90909
4.63722
4.67203
6.41282
6.39987
5.72685
4.98291
4.78275
4.76217
6.70642
4.95104
5.81313
4.76255
5.44392
5.27718
5.25948
4.76549
5.07094
4.9546
5.34689
5.88518
5.21746
4.77785
4.80445
7.77787
7.38533
5.52885
4.93661
4.62157
6.6799
4.98152
5.09544
4.63357
6.23318
6.43287
4.87701
5.16475
5.15742
5.46099
5.7679
7.57041
7.36431
4.76452
5.30592
4.69611
4.99209
4.41206
6.49578
4.86101
5.35134
5.01483
4.62943
4.63589
4.50234
4.62843
4.99653
6.73586
4.79569
9.65389
6.36564
5.10179
5.74662
6.4836
4.67367
7.16285
5.22902
6.34451
5.12126
5.44186
5.7245
5.13849
4.92644
6.20662
4.25599
4.96895
5.53264
7.56341
4.68667
4.84722
5.04071
6.06009
4.61261
5.01759
4.9975
4.63352
4.72838
4.93554
4.95276
4.96626
5.60986
4.8741
4.79978
4.7702
4.97695
4.35114
5.77397
8.10039
4.79386
4.82735
6.0441
5.11057
4.82851
5.16226
6.65273
6.15532
4.50922
6.28085
4.85178
4.85577
6.51271
5.32218
4.77412
4.96119
5.19422
4.91303
6.23206
4.71269
5.03674
5.15474
5.07186
5.41872
4.81346
5.28842
4.85804
4.84576
4.62893
5.04647
6.17504
4.6311
4.63034
4.58695
7.32816
4.65434
5.60952
4.61478
5.5922
4.84714
6.23606
4.78276
8.78056
5.12628
4.63986
4.74762
5.83972
4.6425
4.88788
4.9318
5.07517
7.15504
7.92037
5.11455
4.67242
5.0575
7.29898
5.78412
6.46484
4.72607
4.61539
5.27222
5.06612
9.67106
8.08564
5.24189
6.37384
8.83535
4.80282
6.69201
5.52943
4.94329
7.43616
5.0459
4.76885
8.14012
8.44613
6.45869
4.63351
5.54687
4.64021
5.48032
4.81478
6.19598
5.00069
4.96158
6.15297
7.05558
4.92541
5.08035
4.33195
6.50455
4.8647
6.74387
5.12616
4.70105
6.2073
4.6676
8.24147
5.01691
7.27613
4.88909
5.1659
5.78651
5.16064
7.85941
7.69912
4.45667
6.37591
4.84891
4.88372
6.31562
4.64315
5.76516
7.59387
7.73133
4.9808
7.72011
5.46283
4.60273
7.46117
6.4818
8.13167
6.14463
5.50379
5.17651
5.02111
6.26513
5.30484
5.11698
4.60529
4.81757
5.10893
8.03868
4.62039
6.3894
6.86775
6.5522
6.05471
4.6794
7.63955
8.76686
4.87752
8.51946
4.78559
7.31551
5.78995
5.06845
8.75487
5.09313
9.03233
6.25942
4.98398
8.11994
4.83321
4.86167
4.72361
8.0807
4.85284
8.17462
5.37778
6.72945
8.11809
7.71534
5.04591
4.67425
7.7408
9.07102
4.98141
8.34633
4.95074
8.82175
8.12243
6.73286
5.18615
9.08629
8.80314
6.23081
4.61243
6.42501
6.43067
6.14718
4.95617
4.82208
7.44613
8.09951
5.14384
6.39837
7.02375
5.61899
9.05044
6.10296
9.02643
4.90518
8.09729
8.61956
5.79345
5.95021
6.90299
4.71635
5.11222
4.99408
6.9839
4.98354
6.41853
4.93506
8.10648
7.62865
5.24255
8.85856
8.10829
5.87453
6.19385
6.78526
5.279
4.97059
8.94606
5.25359
5.2925
5.59351
6.13742
10.078
4.80157
4.97312
7.96513
6.26335
4.8981
7.03586
4.77679
4.87775
6.40563
5.17234
5.31801
9.29134
4.65222
4.76311
5.05088
7.71615
8.27844
7.86168
4.60586
8.25261
8.23053
8.28041
8.05971
8.48286
7.98259
8.10808
8.06889
8.14094
8.12335
7.75938
6.41946
6.13995
8.10011
7.56275
7.7529
7.82211
5.61137
7.95291
6.18853
4.76156
4.62108
8.94627
5.56708
5.61241
4.79477
5.329
8.50457
5.32652
5.67589
8.49578
8.51236
5.32598
8.52669
8.53878
8.54815
8.5569
8.54131
8.54695
8.56713
6.50632
8.57284
8.57155
5.7969
8.56827
8.56467
4.79283
8.66123
8.14186
8.65528
8.55879
4.6285
8.88217
8.89355
8.82181
6.42805
8.81759
8.75781
5.22397
8.02953
8.61926
6.19186
8.0975
4.95035
8.61819
7.15851
8.58075
7.04426
8.58055
4.63393
6.42834
5.04719
5.3014
8.55462
8.83048
6.84454
4.6637
4.4872
8.31805
8.14602
7.87977
5.26283
4.68126
6.43898
5.26029
8.5505
6.19454
5.30298
5.41236
4.87947
4.86472
4.94593
5.98934
6.5243
4.81976
7.13729
5.19433
5.12384
6.44243
5.80022
8.57983
6.23118
8.12282
4.64161
5.20126
6.44511
7.24257
5.55807
6.61306
6.40616
5.31125
8.35512
6.26947
6.44506
5.12941
5.1739
8.24898
6.34014
5.57416
6.22174
6.22726
6.95246
6.12682
8.41955
5.14446
7.29996
4.72653
7.97247
8.05402
9.27591
9.40933
8.93297
5.12601
6.70158
6.2331
5.2087
6.53017
6.24659
5.49456
5.71812
4.674
6.96461
8.52203
5.06599
4.63051
6.25672
6.55277
5.13872
5.80349
5.5874
5.4215
6.13762
5.61755
4.74156
6.09077
5.10623
4.76436
7.30894
6.14395
6.55162
5.21182
5.1618
8.28221
6.18492
7.46251
5.00971
8.10343
5.22801
5.9733
8.34216
4.92421
6.10812
5.95162
5.80662
6.55061
4.59096
7.17922
7.18057
7.18368
7.18119
7.14743
7.10151
7.16728
7.69026
5.26681
7.49386
7.40144
7.63232
7.23337
7.76258
4.59941
7.22116
7.21548
7.21538
4.6122
7.21777
5.38657
7.16966
6.2864
7.23095
7.2191
5.52194
7.22839
7.17809
6.58616
5.06659
5.06228
5.70361
7.7389
6.99903
6.50662
4.88765
6.25527
5.16711
4.99297
5.24818
7.29345
8.37388
5.13444
5.17445
4.63409
5.28106
5.01245
6.46654
6.26307
7.20441
7.18493
4.63122
7.19976
4.90956
7.19014
5.25821
6.59345
5.61921
6.28686
5.00058
6.2327
5.80968
4.94369
7.63273
4.70505
4.92065
5.27841
6.24082
4.74226
6.77087
6.32052
4.34445
7.20631
5.60838
4.63337
5.56209
4.4616
5.39653
7.53875
4.68466
4.84373
4.63673
7.27845
8.10896
7.16823
5.00055
5.27543
6.15096
6.3038
4.64421
6.25751
7.37144
5.23189
4.64571
4.98022
4.74015
6.89975
6.2219
4.79647
7.31507
6.60236
5.00572
5.72599
4.70068
4.6181
5.16889
6.26008
7.34879
7.28527
4.81817
5.79904
8.7207
6.40198
5.06157
6.24268
7.33526
6.26976
6.43667
4.62309
4.65668
6.51781
7.37921
5.23824
7.25854
6.29256
6.72475
5.12586
4.62298
7.35368
4.91215
6.13922
6.59414
5.1487
7.02369
7.99993
5.87726
4.84006
6.30684
6.28837
7.34875
6.7731
4.68436
6.84622
5.29044
6.23728
4.83425
10.2487
4.89698
7.35622
6.26962
5.12697
4.95856
4.75642
7.17228
7.3236
6.79864
5.61949
7.31012
7.26165
4.66466
4.68068
5.62261
7.28143
4.64309
5.30401
8.41411
4.99935
7.83202
5.20743
6.23228
6.87925
7.27022
8.21557
6.60469
8.2524
5.14295
4.83503
5.85242
6.16215
6.98038
8.06256
4.68558
4.83504
5.84731
6.6058
6.49464
6.48217
6.46917
6.70701
6.51236
6.19868
6.58336
6.75945
6.043
6.38459
6.06533
6.77704
6.35882
6.28913
6.28983
6.76933
6.37318
6.02808
7.12731
5.12787
6.19331
6.29485
7.23986
5.1187
4.62151
5.20272
7.24716
4.70211
7.44076
5.90942
6.20172
7.15106
8.07144
6.449
8.49067
7.26243
4.87904
8.56543
5.23974
8.30681
4.50367
8.17725
7.2277
8.07143
6.83017
4.91206
4.64087
8.07269
7.2835
7.28155
6.97568
6.74534
8.29599
8.12185
8.12941
4.90682
6.77746
6.7276
8.21929
8.2035
8.60571
8.02151
8.14302
6.22652
6.92505
6.70912
5.19056
8.04769
6.52199
6.20353
5.97729
8.19094
6.59128
4.65784
5.13917
5.72096
8.21428
7.28257
7.01284
4.61585
6.75699
6.14243
8.1634
4.95319
8.11789
6.76469
5.61801
8.28364
4.834
6.21995
8.29496
8.40147
5.0366
6.96331
4.79369
7.17594
6.34501
8.64519
5.31477
8.14249
8.52493
6.7561
4.7633
6.27316
7.27387
6.70773
5.94342
6.70563
4.9118
7.23845
8.37121
5.09928
6.74459
4.82516
7.70782
7.4484
4.93051
4.77806
5.24685
8.32951
8.25172
6.61009
8.31429
6.2635
8.12098
4.94137
4.5644
6.16973
7.9962
5.86011
7.86347
6.23128
6.68594
4.9188
4.9238
6.74345
8.32647
8.363
4.8095
4.59612
8.18372
6.22901
4.6278
4.62919
4.94938
5.02067
6.69627
4.95189
5.57298
4.84338
4.95523
6.33131
7.92819
4.95742
7.77067
5.7215
4.54468
6.72628
6.36072
5.03774
4.95655
4.90977
6.71298
8.01389
4.44283
6.78921
6.29373
5.55105
6.19203
5.04802
4.9086
5.28809
4.73006
4.99835
6.77333
6.65288
6.59214
6.68959
4.65356
6.6832
6.49584
6.48109
4.99279
6.71211
6.71007
6.89034
6.95638
8.27176
6.86665
7.67846
6.73117
6.86743
6.87935
6.86589
7.04388
7.08244
7.09576
7.10136
6.91688
6.7552
6.72926
6.74412
6.73953
6.72524
6.71486
6.74107
6.82649
5.03067
6.69994
5.1916
5.39704
5.72445
8.12529
4.98246
5.06046
4.70392
4.74099
5.10003
5.07999
8.43898
5.87263
4.6356
6.69637
5.02452
5.29334
6.65705
5.01965
5.28042
6.74262
4.6424
6.63088
4.58528
4.61317
5.07758
5.19079
6.74807
4.83786
5.04824
4.63957
5.62012
6.86728
4.74777
4.95374
5.12351
6.22963
5.49305
4.33007
6.79267
6.70796
9.60051
8.86858
4.59286
6.24276
6.45795
4.86038
8.84767
4.99313
5.09864
6.81378
6.71758
5.15491
4.62961
8.17194
4.73963
6.13511
4.68895
4.61643
5.37352
5.55827
7.49881
4.28994
5.01366
5.3159
4.94998
5.12272
4.54776
6.81161
6.7891
6.81781
7.2123
5.57128
9.04364
6.94728
6.12125
4.67159
8.4568
4.88972
4.62227
6.97557
5.08327
4.22771
4.60541
4.90811
6.32079
6.98105
4.70205
5.14326
5.15653
6.15169
5.54736
5.10723
6.12685
6.90981
5.04399
4.36462
4.67955
6.24702
6.92112
4.98334
5.15939
4.73216
5.28182
5.45635
6.99241
5.21387
8.11792
5.01317
5.28424
6.97183
4.90421
4.84238
4.94857
4.68777
8.6743
5.08865
7.01134
4.64048
4.64648
5.06566
6.74936
5.87266
5.19179
6.25381
7.01756
4.91902
7.0279
7.63773
6.90182
6.77373
4.46973
5.12331
7.13382
8.47624
5.14969
5.02881
4.74728
4.95137
5.17191
4.86111
5.01362
4.91578
4.97437
5.52695
4.8713
6.08692
6.12647
6.99856
4.65584
6.50207
5.30684
6.26915
4.75232
4.82356
4.92273
5.07014
4.85837
4.88008
7.21538
7.8416
6.7554
5.28593
4.83194
4.73549
6.85221
6.65549
5.32875
8.69748
6.12839
4.69983
6.38432
4.8597
5.28866
6.13063
6.6463
4.62178
8.49873
5.99295
6.13411
4.76796
8.10241
4.64496
4.64071
6.16421
8.9102
4.62057
4.64715
8.20839
6.19162
7.29209
6.31452
5.13047
7.70227
7.46777
4.63558
8.16649
5.51013
4.77327
5.30869
5.56982
4.6684
4.21667
4.92702
5.71586
6.43702
5.39634
4.95834
5.76647
5.63003
6.22917
5.55545
8.24421
5.14595
5.13773
6.78479
4.64759
6.06261
4.87787
5.90139
4.99848
8.91401
5.21349
8.77619
6.89347
5.46116
5.01569
7.70369
7.22668
6.74451
8.70276
5.11992
4.61091
5.55329
7.82721
4.63128
4.86231
5.60573
4.63244
4.67126
8.57394
4.78521
5.57503
4.9004
4.9204
5.78124
6.74935
5.29671
4.90336
8.78482
5.17188
4.82142
5.21734
6.01986
5.24651
6.96842
4.9441
4.54329
6.25511
4.75245
5.18339
6.20389
6.48068
5.23917
5.27189
8.16122
6.57908
4.82901
9.36651
4.51752
5.44836
8.1651
5.35371
6.29472
4.7989
4.68002
6.63877
5.0153
8.08055
5.19043
4.63673
4.74099
7.78906
4.9835
6.85508
5.11408
5.94415
4.6263
8.59464
5.58867
8.1509
6.28079
5.591
6.27391
5.94924
6.11614
4.78983
7.5975
7.44647
6.71109
6.95128
4.88929
4.6851
5.03495
8.12502
5.18315
5.11574
4.6738
6.37056
5.08122
5.22266
4.9674
4.44131
8.27462
6.86687
9.01179
5.30471
4.89688
5.19523
5.04879
5.03777
5.03918
5.05469
6.70064
5.05076
6.2825
4.63327
6.24182
6.5116
4.60846
4.80098
7.13232
8.54321
5.70388
5.2617
5.44672
4.53558
5.36004
5.50402
5.1371
6.54682
4.62903
5.44809
4.97318
8.28373
5.53065
6.43931
5.40009
7.41283
5.42294
4.95899
8.1916
8.41443
8.26773
4.24035
4.81799
7.37956
4.9414
4.54698
4.53401
5.81398
5.03338
4.6506
5.49152
4.66269
6.24523
5.61334
4.95848
4.72287
5.32547
4.77739
4.78065
7.44751
4.93436
5.28706
4.91709
4.56312
6.28309
4.69159
4.4659
8.47995
5.35667
5.36004
5.59868
5.00808
4.69158
5.7181
5.07234
4.85447
5.99373
5.10373
7.17292
4.86689
5.03598
6.27237
8.37781
5.53598
6.29951
9.44152
5.04852
4.77629
5.33461
5.29664
4.64233
5.33674
6.00637
5.09671
7.01138
8.49105
4.68028
4.81995
4.84496
5.15857
6.28065
4.74553
4.64036
7.69407
6.28164
5.60044
6.71649
5.08093
4.61661
6.58141
6.60779
5.50886
4.82866
5.09803
4.75802
5.00427
8.31602
5.14989
4.90499
4.93201
4.71427
6.26066
6.17621
5.40752
4.76023
4.67046
7.00081
4.63596
5.0055
5.09733
5.4437
7.19716
5.00064
7.17585
6.04611
7.41873
4.72209
5.26837
6.81124
5.82636
4.65928
6.66354
4.84779
5.2058
4.74647
7.14088
4.6555
8.70964
8.25377
7.86682
5.08676
4.83832
4.94733
4.68575
4.83489
5.03423
5.03642
5.04704
5.06273
6.66939
4.76962
5.05464
4.78
9.14092
5.07391
5.22863
8.27073
5.59368
5.05253
5.29637
5.35522
8.46173
5.66518
8.04422
5.67273
4.53176
8.35862
4.98969
5.26214
4.88817
4.65145
5.3485
5.08407
8.25322
4.86815
7.17865
5.16331
8.32023
4.61401
6.13358
5.91845
5.405
5.0897
6.86113
6.03655
5.04799
6.10746
4.9246
5.22098
8.12222
5.60052
5.38532
5.63882
6.09356
6.25139
6.27282
4.77977
8.44242
6.00933
8.38132
9.04727
9.541
6.08771
4.63874
4.94999
5.39849
4.87414
5.5065
5.40786
4.61621
9.23006
5.07203
4.64555
5.5824
8.55478
4.38484
5.10605
6.60653
4.85109
7.55246
7.18008
7.11633
5.13254
4.69501
4.82625
8.47847
6.10056
4.50218
9.35928
5.15642
8.3083
4.78208
6.03043
5.98316
5.69538
8.91465
7.87467
5.01062
5.85497
6.38989
4.962
4.85866
6.83984
6.68499
5.62169
5.41061
4.62892
5.66093
7.92727
5.40323
4.8717
8.48204
6.0317
5.78286
6.14931
6.52494
4.82943
4.97097
6.66147
4.84473
7.17906
4.65067
5.28567
6.69155
8.49894
8.27314
6.64704
5.28588
8.21929
5.6316
8.36457
4.90784
6.02143
4.78626
8.2855
4.7481
7.91273
7.21921
5.84379
5.08387
8.42404
7.55905
5.7785
4.42694
5.09011
4.6974
5.40698
5.89868
5.28561
6.70419
4.77105
7.36545
5.02034
8.38189
9.12942
6.25345
5.64271
4.67131
5.67309
5.37417
4.6627
5.95166
7.55515
5.60131
5.56995
8.25152
5.41381
7.04791
4.62898
4.63658
5.63391
5.14765
8.40083
8.3743
8.02463
4.95623
6.26362
5.60512
8.12689
5.06496
6.08446
4.92281
5.63617
7.31009
6.03432
4.65575
7.04768
5.40462
8.49355
4.62405
5.63249
4.86223
6.01954
5.0794
4.75019
5.08932
8.44651
4.81681
4.21027
5.00655
4.61862
5.60069
6.5202
5.692
8.46929
5.63619
5.11074
4.2012
6.6326
6.22945
4.87462
4.98863
5.46385
8.4844
5.11337
5.55445
5.78139
6.94189
8.73981
4.85162
7.57762
4.80234
5.59809
7.76287
7.59163
8.67836
7.75438
4.91191
4.69374
8.808
4.78501
7.14332
7.15686
4.6646
5.53456
7.9349
6.23979
5.29729
9.10124
4.60999
8.12323
5.98005
4.23478
5.10804
6.9411
5.58762
4.89091
9.21551
6.00882
5.10632
5.84941
8.71049
9.0373
6.52974
7.2278
8.87901
5.39387
6.27238
5.08866
6.80822
6.13837
8.5114
5.58558
4.93071
5.7334
6.51437
7.14319
5.5186
8.47822
5.18721
6.73753
4.93602
4.69632
8.88971
5.29583
5.48552
4.92276
6.7674
8.72501
9.34478
5.20072
6.5977
5.63839
9.03495
5.77545
4.97573
4.93883
5.07197
7.69456
8.70231
6.03417
6.70935
6.55422
7.9688
4.65447
8.64668
5.74648
6.27036
7.73613
5.57352
8.63865
8.61612
8.16139
5.08163
4.90452
4.89646
5.76751
7.97257
7.96627
6.57664
6.75695
5.07527
8.56434
5.13835
8.53259
7.39077
6.02474
7.96947
5.16997
5.79123
7.39068
6.66592
8.22927
8.51081
7.28255
6.81708
6.32899
4.80376
8.45384
8.42513
6.6819
5.03001
6.04824
4.87013
6.84243
6.21986
5.83512
5.58093
8.39485
6.10034
6.98177
5.0969
8.35835
6.89666
5.10336
7.14253
5.02553
5.83456
7.15192
5.45696
4.82679
6.02093
7.2442
6.60994
8.0353
8.28778
7.43656
8.14167
6.25315
5.82107
8.12663
8.19184
5.08747
6.06963
5.39367
5.74238
6.22053
5.25183
7.24721
7.91669
4.61115
6.20238
5.74504
4.63226
7.39812
7.09761
5.68752
7.02797
4.62333
4.67184
7.95638
5.57839
4.64156
7.00654
6.88009
6.1182
4.84468
6.83452
6.59474
5.43577
5.70666
4.67263
8.0326
5.61796
5.07448
6.8267
5.44066
6.39644
5.50228
5.66119
6.90009
4.80581
4.29522
8.55099
7.39594
5.97647
5.72026
5.68133
4.84112
7.6773
5.62167
6.81508
6.54739
6.59402
5.39256
4.67418
7.37119
5.60223
7.42296
4.85167
4.82288
5.3157
5.0119
5.59816
5.10567
5.0729
5.59614
5.63807
7.25318
5.64761
4.62518
5.65393
8.55376
5.70677
5.30109
5.68931
9.58141
5.7015
8.38846
7.01843
5.67455
5.70125
4.78445
5.66239
4.92442
5.80146
8.15806
8.23103
5.2183
8.10875
5.02756
5.42052
4.89775
7.935
5.57661
4.79014
7.74977
5.51374
6.22866
6.01947
5.96338
5.51606
5.6922
7.93838
4.67328
5.11008
7.9569
7.90698
7.67318
7.77181
7.70761
7.68534
9.1393
5.68343
7.86999
7.79526
7.76098
7.864
7.84284
7.87181
7.87811
7.87779
7.9134
7.9248
7.92501
7.91032
7.63026
7.92634
7.89132
7.88164
7.89186
7.85839
7.78723
4.93908
7.72735
5.38793
4.97549
9.1797
4.65375
7.69628
7.68023
7.78394
6.36099
6.15567
4.72469
7.80196
5.6784
6.01781
5.952
6.62851
8.75484
8.43917
7.68246
5.57095
9.24049
4.90888
4.8832
6.11128
7.07065
7.93801
7.79766
6.25062
5.17955
5.04745
5.30422
5.07733
5.66112
4.85787
5.04816
5.26037
4.84205
8.14968
5.37282
7.80936
6.24546
5.0182
4.65336
4.6395
5.57557
5.10154
8.50651
7.83649
4.63592
6.27681
4.6471
5.12208
4.95701
5.00919
7.84035
5.55985
6.01681
4.61394
7.86515
8.46956
6.17158
8.09574
6.24096
4.83689
7.86141
5.33519
5.06811
5.01106
8.09041
7.87211
4.86551
6.27342
5.37113
4.79197
4.8604
9.25061
7.84805
4.6997
4.65682
5.21186
4.91098
4.91323
5.69652
7.73709
7.66326
4.95037
4.98403
5.84689
5.03256
7.71269
5.9144
4.70377
4.9242
5.59147
9.30446
7.66047
7.69239
7.75004
5.12789
8.72658
4.66518
7.86677
5.95166
5.36204
5.17666
5.38885
6.19924
5.57446
4.84439
4.62051
5.1024
8.78423
4.91073
8.83235
5.2657
5.57327
4.85972
6.38037
5.1311
4.90375
5.12111
4.72687
5.15911
9.20639
9.28337
8.54005
6.0994
4.86381
5.572
5.35469
4.99951
5.09994
6.22755
4.62117
5.95228
4.86238
5.12764
5.26561
8.91246
4.66216
5.08304
6.12838
4.61817
6.39375
6.13265
5.81462
4.86046
5.54366
4.62293
5.04845
8.77617
8.7497
5.72551
5.14065
5.43266
6.04854
5.35187
5.57069
5.99698
4.8585
5.59826
4.87345
5.98437
5.17329
4.61951
5.1257
4.71776
6.00332
8.45796
4.85653
6.09431
5.93033
5.70276
8.47216
5.32377
8.84686
4.9145
5.67523
5.13575
5.35417
4.85454
5.8017
4.97997
5.15602
4.67649
4.85255
4.67287
8.24702
6.01922
8.70511
4.89506
5.98563
5.65353
4.85468
5.52063
5.68429
4.9196
4.85768
5.75379
4.88214
4.91056
4.99163
5.21037
5.19184
4.94324
4.79832
5.56927
4.76055
4.86551
5.33666
4.9653
8.21931
4.25006
5.35482
5.16245
5.61764
4.98276
8.75812
4.95387
4.98694
5.80993
5.13002
5.02532
5.15059
8.66319
5.02397
5.56779
4.80615
5.12377
5.35867
7.28838
5.06073
5.6263
5.88797
5.3393
4.6148
7.24979
5.08614
4.97388
4.63081
5.04481
4.92075
4.77957
5.85685
5.37257
4.91993
5.56623
4.69012
4.74672
4.94091
4.90661
5.16712
5.17915
5.34549
8.59714
5.77306
8.33704
5.29577
5.60851
5.3786
5.79877
5.56991
4.83664
5.56063
5.61494
8.55377
5.7193
5.58532
5.20507
8.63726
5.39217
8.24033
5.22364
8.70779
4.82996
8.33654
5.35005
5.59066
8.03603
8.79062
4.87174
4.90329
5.39829
5.17745
7.80924
4.6929
4.65264
5.25792
6.72625
5.4046
5.30339
5.83545
6.53335
5.15106
4.63799
8.13765
5.93421
5.34231
5.35442
5.29761
5.44837
5.1942
5.10623
5.2921
4.49475
5.35453
8.42894
5.36516
5.66148
6.18875
7.01619
5.28797
5.14611
5.40743
5.42695
5.33466
5.35792
5.3393
4.89712
5.4218
4.95027
5.41417
5.23295
4.99496
4.67385
4.99882
8.08209
5.15929
4.60953
5.41447
5.23887
4.61468
5.32919
4.89761
5.42262
4.72541
5.50757
4.79877
5.4133
5.76247
5.23131
5.8909
4.87467
5.70202
4.78546
5.98654
5.33646
5.20423
4.93121
4.58818
8.08445
5.5595
5.40971
5.21214
5.34271
5.40668
5.35347
4.64001
5.11217
5.13777
5.60646
5.22669
4.92291
5.40049
4.33447
5.55106
5.13503
5.82783
5.34958
8.32224
5.11445
5.54908
5.70696
5.67694
4.68413
4.97968
5.34627
5.30898
8.09302
5.84293
5.36758
5.54916
5.34231
6.82577
4.81285
8.08709
6.04509
4.61647
6.32151
7.81274
5.12048
4.78549
5.05333
4.5967
6.08665
5.17965
7.3674
4.83556
4.80513
4.75237
5.13449
5.5845
6.37649
5.33639
4.6574
4.46216
4.02591
5.36949
6.3435
5.54607
5.54375
8.33857
5.10808
5.33456
5.611
7.91093
7.89179
5.63594
5.10497
5.1913
5.24433
7.99151
5.01491
4.73464
8.42037
7.78726
5.37962
4.98328
9.52531
4.87596
4.89809
5.32689
4.63567
6.40559
7.77135
4.7082
8.53246
6.1248
6.64771
5.30142
5.46252
5.04038
5.28545
5.53364
5.96213
7.64524
4.60835
5.30259
4.67955
4.63673
4.97757
4.90089
5.33812
5.62137
5.29595
8.8014
5.55464
8.45337
5.2881
4.63416
5.60607
11.9366
5.03726
7.75818
4.70416
8.4468
5.53523
4.17009
5.74456
5.28104
4.64226
4.85032
5.05481
4.51531
8.62647
4.70212
5.53402
7.87933
7.73667
7.73619
4.56472
5.39119
5.30244
5.82208
4.85425
4.66957
7.92584
4.79352
4.74888
4.82285
5.07078
4.44647
8.55116
4.69871
4.62215
7.93769
7.23431
5.02295
5.56084
5.27742
8.25903
6.88889
5.08211
5.00504
4.63034
4.61212
8.9891
5.15342
4.68103
4.80202
7.09363
6.40057
5.3143
5.72104
5.42977
4.90675
4.94738
4.989
5.1204
5.29518
4.70761
8.00694
4.8658
4.80529
5.44552
4.63642
5.37123
5.51363
5.43677
5.28108
6.16211
5.112
7.91021
7.93054
5.21231
7.98922
8.71075
5.00689
5.19496
4.69181
4.65062
7.91573
5.48001
4.90827
6.4915
4.63605
7.24925
5.04592
5.52592
5.68735
7.92182
4.95804
5.52266
5.31513
7.85091
7.76514
7.47213
4.9136
5.20714
5.07965
5.00996
4.7402
5.49321
5.14447
5.52722
5.45872
4.84826
7.93384
6.46788
4.65124
7.9653
5.00854
7.89181
7.75125
5.53585
4.87834
7.42741
7.96293
4.84056
7.09821
5.0938
4.67007
6.65785
6.74101
5.04682
7.6937
5.64723
5.47824
7.71077
7.69634
7.71711
5.03742
7.94561
5.31942
4.82992
5.28802
5.64903
5.43782
4.88162
5.98819
7.42126
5.54848
6.07285
4.95944
5.6192
5.9865
8.67574
5.54322
7.84973
5.53231
4.65984
5.53512
8.41104
6.89079
4.71739
5.32074
5.54171
8.62022
5.51051
5.53199
5.38007
5.8638
7.51989
5.3308
5.40373
5.04591
5.00896
5.09918
7.18156
5.19817
4.70205
7.84094
4.27798
5.03635
4.6573
5.08576
4.94982
5.18224
7.7387
7.79036
7.74347
4.87793
4.76442
7.0622
4.64389
5.12322
4.87602
4.89065
4.6491
6.07161
5.75445
7.75222
4.35456
5.04707
6.14563
4.93771
4.61097
4.65013
5.15995
4.84459
5.06007
6.20123
5.53313
4.84708
7.81062
5.10777
5.17112
5.01608
4.82083
5.5691
5.02804
4.9265
4.90277
4.74785
5.57088
6.30596
8.21377
4.72341
5.35405
5.39309
4.85173
5.59052
4.95409
5.1312
6.71264
5.31957
5.37995
5.27073
6.08047
5.35712
5.18623
5.8405
5.96168
5.76563
6.63819
5.71249
5.53904
4.81655
8.99874
4.65795
5.04535
6.73976
4.70856
4.51073
7.80408
5.316
4.80755
4.81712
6.29005
4.85964
5.02478
4.84521
4.63588
4.99276
5.62051
7.88452
6.15536
5.20902
4.79958
4.38713
6.11251
7.42916
7.89367
7.50144
6.76801
4.6567
5.58777
4.69646
5.28459
7.81363
4.98783
4.61411
6.33049
9.32948
7.63503
4.96709
5.60922
5.32626
5.80297
4.83462
7.3896
6.82781
7.88821
7.02003
6.11402
5.95092
4.91618
5.44348
5.33237
5.18078
4.79037
7.23615
4.78722
5.13332
5.45087
4.90055
5.61035
8.77602
5.55761
5.54966
7.96762
5.28416
5.05159
7.88023
5.20883
4.70613
5.63355
5.21406
4.91367
4.88644
4.63734
5.67761
4.89997
4.86492
4.97602
4.6266
4.79185
5.33346
6.53087
5.3499
5.27821
4.63205
4.63176
4.77203
4.96556
4.94568
5.04202
5.22327
4.98425
5.3444
6.21194
4.90101
4.73494
5.35619
5.61744
5.24476
5.47483
4.6137
5.01619
7.0714
5.9653
5.83085
5.19353
5.06352
5.50274
5.22089
4.57073
7.85474
4.96548
4.60187
5.15967
8.47547
4.69813
4.62633
4.61864
5.20203
6.73693
5.09162
5.04564
4.87111
5.34632
5.88782
7.83708
7.08391
4.61803
5.10349
4.6717
4.80647
5.29089
5.10916
4.96199
5.62153
4.58379
5.58734
6.87663
6.34116
5.36908
4.93499
5.18403
4.72204
6.55013
5.51246
5.3966
4.6122
6.57206
4.55173
5.6226
4.98454
5.02491
4.99952
5.54488
5.35511
6.16938
5.2209
4.63841
5.75047
9.2316
4.81547
4.7132
4.56061
5.20554
4.82251
4.85892
4.6449
4.84468
7.82337
5.64333
7.91767
4.93357
5.65866
4.93264
5.28679
4.66806
4.64716
4.72476
4.78029
5.44314
5.51981
4.56912
4.61163
4.9041
5.05773
4.91382
6.53566
5.17624
5.27677
5.032
4.89821
4.65218
5.26668
5.4344
5.34396
4.98575
8.88399
5.06242
4.83929
7.60252
5.61606
4.61557
5.56363
4.68516
4.92608
5.22999
9.46924
5.63017
9.26242
9.25972
4.62265
5.54811
7.41021
4.93916
4.88492
4.64125
5.31342
5.14468
5.16799
8.10329
5.95544
5.2903
5.64704
4.91442
5.0662
6.89932
7.762
5.12921
6.0983
8.72473
6.54494
7.53513
7.15105
5.37282
5.21174
4.70852
5.15552
4.70539
8.86375
5.29785
6.1693
7.46526
5.43962
4.67799
4.81436
4.74319
5.38004
6.28948
6.23345
4.64262
5.47769
4.93648
4.8108
6.36297
4.67197
5.08295
6.19502
6.25771
5.38243
5.0789
4.7501
4.85692
4.71987
5.05258
4.26818
4.50657
5.24245
5.2381
5.66007
4.92532
4.62246
4.84458
5.39595
4.99777
4.82977
4.98225
4.60765
5.24211
5.75847
5.36799
4.81581
6.3261
5.5725
5.00497
5.61033
8.78324
5.0057
4.64015
8.45951
5.15063
4.8121
5.53316
5.35332
4.65472
5.50053
6.67614
4.78257
5.38768
5.70717
5.44799
8.14114
5.40893
5.33296
4.66481
5.38529
4.71697
4.64388
9.25922
9.49458
9.31541
9.42684
6.15451
5.09886
5.56946
5.66624
7.58987
4.73102
4.95991
5.30762
4.62511
4.84637
4.6108
4.77001
8.02364
4.6657
4.85528
4.63862
7.94758
4.92129
4.651
4.65262
5.0769
5.12289
4.83823
5.19798
5.04315
4.99039
4.95201
4.44841
5.76052
4.64519
4.65688
6.36643
5.61465
5.28703
5.23687
5.05267
5.00658
5.56223
4.6326
4.66502
4.63194
5.04909
4.78322
5.34436
7.32233
4.62715
5.09388
5.4896
4.91603
4.96585
7.75816
7.23672
6.36113
4.84673
5.23146
5.13804
4.8009
5.10656
5.35889
4.84789
5.52761
5.60587
4.6723
5.62594
9.28044
4.94242
5.47138
4.9327
8.19288
4.61698
6.57918
5.92607
5.00848
4.77494
4.79334
4.76806
5.24492
5.63347
5.55389
5.59845
5.38661
8.58345
4.66529
4.98215
7.73552
5.13744
7.23375
4.9878
4.89215
5.3147
6.41926
4.97453
7.71064
9.33783
4.6145
5.54063
5.031
5.82429
5.08444
7.06084
7.12629
5.53902
4.84448
6.14289
4.64519
4.58183
5.00888
5.12644
6.20986
4.34617
4.45145
6.29364
4.81583
5.43806
5.5058
4.99492
4.65276
5.51934
8.24086
7.31475
5.76171
5.06696
5.06555
4.67974
5.09164
4.62981
4.66517
4.74122
4.62107
4.61417
5.44498
4.64346
5.03377
5.53555
4.67207
7.13428
7.28741
5.3141
4.91751
5.12445
4.61699
4.6332
6.94204
4.97626
5.07662
5.00261
5.54701
5.28412
5.00256
5.69869
7.15134
5.61999
4.66002
4.63817
6.2193
4.62218
5.43052
4.83908
7.27979
5.45775
6.44697
5.46599
5.11206
7.13927
4.9686
6.73493
4.91585
5.19938
5.00541
4.67777
5.26327
5.70346
5.34029
6.12714
5.30577
4.64141
4.68631
5.15707
6.6186
5.46704
6.24515
4.63705
8.98313
5.83204
5.20371
4.66102
4.9161
5.29676
6.41214
9.07323
5.28624
4.64545
6.66818
7.34179
4.72619
5.41798
7.76695
6.64027
5.67826
5.11296
4.99474
5.24132
4.57839
5.97096
5.18345
4.93674
4.63156
5.60547
5.24781
5.35895
4.68269
7.25896
8.56022
6.12516
4.93717
4.66309
7.62984
7.39093
5.37849
5.3621
4.42052
4.92574
4.61349
5.74781
5.02298
5.50048
4.6142
4.43872
5.85137
4.82513
5.26986
8.22319
5.15691
6.38528
5.09702
5.7276
7.15608
7.28882
5.30201
5.60863
4.86701
9.20374
5.38755
5.18235
5.37441
4.77499
5.31452
5.34455
4.73183
5.10951
4.81609
4.59665
5.10823
5.32291
5.46921
5.48755
4.84114
4.83988
5.51594
4.72615
4.69766
5.49921
5.20729
5.62546
10.1192
5.60564
4.85833
4.72282
5.00496
7.61563
7.59535
4.91002
4.5966
5.55668
5.15765
6.34314
4.94115
5.41076
4.63344
4.62901
5.12892
4.65955
6.66396
4.9703
4.6282
6.37248
6.01787
7.28323
7.38378
5.28674
4.84995
5.1165
4.94944
5.78465
4.86782
4.71959
5.0212
6.88128
6.62825
5.61618
5.24484
4.93974
5.6028
5.19907
7.15821
4.65918
4.5948
5.37365
6.10549
4.78108
7.35282
5.58022
5.13812
5.85913
5.28941
5.62081
6.61202
4.67384
4.58056
4.99151
4.67775
4.92677
5.07438
4.83892
7.79441
5.52051
8.04261
5.09497
4.92032
5.70896
5.29953
5.20767
11.9216
5.27158
5.36287
4.68399
4.64936
5.67234
5.70727
4.67547
4.76042
4.62604
7.03446
5.55383
4.82044
4.79646
4.45731
4.63936
5.50511
5.10749
4.92451
6.09402
5.20715
4.72119
6.43945
4.65034
5.78689
5.01793
5.39119
4.92248
11.2575
6.50345
5.2424
5.50311
4.77766
5.00969
4.89657
5.01318
4.98176
5.24193
4.84101
5.24763
5.13461
5.31387
4.87383
4.85526
5.56009
4.59131
5.62143
4.91732
6.39965
5.37012
5.52477
5.59692
4.90393
4.92852
6.79283
6.56559
8.99843
4.95511
9.25493
6.08852
5.2449
5.05389
4.59505
5.29614
4.67101
5.6747
4.37652
4.62245
5.75696
4.81222
4.7815
5.46269
4.63241
5.99029
4.89097
4.64203
4.61333
5.3783
6.14599
5.38325
4.90163
4.9006
5.63609
5.4544
5.53789
6.68642
4.79216
4.63105
5.40953
5.49562
5.79216
5.43381
6.66962
4.64225
7.45171
6.37392
5.0011
5.06316
5.19287
5.39959
6.74003
6.40129
5.55188
4.61175
4.61325
7.9015
8.33294
4.96127
4.9121
5.49497
8.61338
5.10252
5.50915
6.34937
6.06809
4.94263
5.82848
4.81964
4.15129
5.6498
8.05595
5.74557
4.77729
4.96908
5.36378
9.74182
5.57088
4.96623
7.20854
5.15653
5.58193
4.89891
4.77893
5.49461
5.6062
4.75269
5.15311
6.21594
5.27115
5.62791
5.77922
5.15454
4.69635
5.43058
5.13295
4.51926
4.80456
5.35609
5.5773
5.48423
4.41065
8.34324
4.90837
8.13092
5.11851
4.68218
5.06308
6.393
6.62024
4.66499
5.05416
4.95612
4.57936
7.9694
4.5668
5.53112
4.84979
5.17393
4.6109
5.05505
4.90533
4.84068
5.15237
5.51058
5.50603
5.06148
5.22576
5.17081
5.80349
7.09458
5.18338
5.74004
5.63491
5.5758
5.49794
4.58517
6.66008
5.06561
5.44399
4.98394
5.18851
4.90063
5.50082
4.86566
6.15648
6.30404
5.46735
4.61292
5.59496
6.86785
4.72612
5.31009
4.7503
6.58958
4.90031
4.73529
6.24217
4.52048
5.35892
5.33024
5.25618
5.36968
4.64337
5.89197
4.82031
9.27224
4.57032
5.1136
4.69302
5.53812
4.63984
5.19081
6.38505
4.74308
9.5246
5.23384
4.81668
4.80759
4.8065
5.19241
5.56733
4.74193
4.63736
5.20816
7.82263
4.99451
5.23112
4.95618
4.63422
5.36157
4.73762
4.76453
4.90295
4.70329
5.8026
4.67456
5.14504
5.0925
5.01907
4.64467
5.01837
6.02024
5.42091
4.75591
5.31167
5.02263
4.64688
5.60223
5.05081
5.04831
5.50631
5.1243
6.76724
7.12982
5.305
6.12777
5.49833
6.42798
7.21089
4.71599
5.22646
10.9055
5.24235
6.9158
6.06962
5.24506
5.33818
7.93377
4.77874
5.45902
5.40227
5.25927
5.61522
6.99445
4.69592
5.03718
4.9154
6.1416
4.59668
4.53102
6.22024
4.63424
5.32885
5.02884
5.25844
5.46724
6.82323
4.90029
4.74278
5.52685
5.9936
5.68621
7.85936
5.01488
5.11178
5.3446
4.80639
5.06663
5.66315
5.76558
5.18437
5.03049
6.65745
4.52515
4.75184
6.68048
4.79152
5.16127
5.06746
4.72345
4.61821
5.35802
5.03491
5.40241
5.18413
4.8527
5.58106
4.94325
5.30904
4.88735
4.61531
5.66843
4.95435
4.79334
5.40864
6.2239
5.11338
6.01851
5.37795
6.32221
5.12702
5.28805
5.64041
5.2803
5.36804
5.24815
5.29304
5.1499
4.99953
7.7846
4.65577
5.3747
5.99336
4.84427
7.92091
4.58351
5.2285
5.34227
5.19904
4.66638
4.71846
8.64382
5.02206
5.4697
5.62468
4.66101
5.24452
5.42267
4.67981
5.8103
9.12354
5.35261
9.59697
5.9038
5.39666
4.971
5.18534
4.63219
4.97046
5.46564
9.35547
4.68904
5.07654
7.18342
4.6466
4.5151
5.1544
5.07205
5.23842
4.79573
5.08884
5.10177
5.49925
5.50462
4.66047
5.46008
4.70739
5.42235
4.72839
5.94846
5.60437
5.34052
6.4442
5.25876
4.83733
5.69555
5.72662
5.23732
4.94685
8.37072
5.35913
5.48491
4.9166
5.0199
4.63997
4.87594
4.65077
6.57265
4.64168
5.08913
5.30153
6.21098
4.63044
4.67591
6.64864
5.02126
4.93188
7.83784
5.15622
4.80542
6.7197
5.40906
5.20368
5.03925
4.99943
7.12955
5.68128
4.86735
5.2331
5.45222
5.58718
5.64899
5.10396
5.70015
4.72824
6.45505
5.13483
6.89922
6.11326
5.05942
5.04588
5.61623
4.8888
4.64968
5.43539
5.60377
4.66933
4.77561
4.94902
5.7332
5.25632
6.95991
4.95714
5.43722
5.54489
5.52133
4.63496
6.47136
4.95168
4.6405
4.72506
4.84141
5.08744
7.97848
4.64199
6.04465
4.90857
5.097
6.19657
4.6727
5.19834
5.76888
5.32803
5.53414
4.7331
5.71334
5.11638
12.9069
4.90314
5.61881
9.14606
5.4698
5.10852
5.2186
4.8267
5.06584
9.03085
4.28186
5.33499
4.71123
5.30033
4.72024
4.60723
5.04401
5.6074
7.85218
6.02743
8.41972
5.25172
5.59561
5.54187
4.6426
4.82596
4.63541
5.05598
6.35003
4.84187
8.1663
5.47651
4.88354
4.4792
7.81891
4.66508
4.79893
5.22605
5.01624
5.05265
4.65246
5.50812
6.40131
5.26502
7.16601
4.63469
4.6217
5.57438
7.93607
5.49965
5.52195
5.08364
5.57633
4.78011
4.62567
5.13933
6.89646
5.55986
4.35835
5.49002
4.73938
6.28017
4.91347
5.39049
6.93082
6.51474
4.64389
5.30617
5.44632
8.00361
7.90428
4.97472
4.6238
5.07039
5.88296
6.30801
5.46243
5.05013
4.64837
4.6591
5.09428
4.97678
8.02431
4.61532
5.49586
4.89282
6.32546
7.37192
5.27346
6.93182
5.2919
5.4982
5.57044
5.37775
5.31405
5.86003
4.99092
5.57945
4.90109
5.8445
4.85163
5.09614
5.28761
4.26112
5.25554
4.75997
4.60945
9.43892
4.74582
5.08259
4.97091
7.53752
5.31079
5.1952
4.94174
5.87292
5.4271
6.76507
5.64949
4.39528
4.36723
4.89605
5.77297
5.43369
5.16031
4.783
4.71502
4.73537
4.73023
5.46671
5.39353
4.63529
5.48921
4.63917
4.98001
4.98597
5.85518
4.8932
5.3652
5.73595
5.23426
5.62109
8.48257
6.13883
9.45962
5.23459
5.06135
8.36519
6.19882
5.03494
5.6527
5.3803
4.77304
5.34365
4.63485
6.35134
4.66817
5.34868
5.20701
5.17829
5.41487
4.75438
5.11701
4.89127
9.20792
5.03341
4.61922
5.08824
5.38568
5.6157
5.0367
5.6784
5.24478
4.63762
4.63945
4.80434
5.84675
4.64777
6.77237
4.6176
5.14504
5.93239
5.10883
4.64328
5.59437
5.74884
5.20202
5.05393
6.84835
4.63055
5.42159
5.42259
6.13417
4.61363
4.95784
4.62112
4.61862
5.39059
4.96232
5.42873
5.98349
5.95548
5.19451
5.01011
6.08428
5.89255
4.62852
4.96727
4.67535
5.73769
5.01379
5.73691
5.0845
6.27043
5.35668
4.56965
5.751
4.65661
5.21021
6.90333
6.05393
5.17946
5.24453
5.49167
5.43405
5.24694
7.25031
5.67747
5.2978
4.77241
4.95434
5.10747
5.31015
5.33719
4.67902
5.04367
4.67481
5.44886
4.91436
4.71789
6.89299
5.36109
5.31827
4.49235
5.48835
4.83662
7.01648
4.8641
5.108
6.6698
4.73235
4.99283
4.73733
5.92713
4.57606
7.93933
5.15846
5.92831
5.17586
4.84152
4.70231
5.46017
4.83432
5.39315
5.98258
4.80109
9.3288
4.93862
4.99427
6.02654
5.2422
4.83433
4.67689
5.05093
4.72171
4.75122
5.51041
5.21829
4.50791
5.43933
4.96476
5.4578
5.11227
6.3903
4.66249
4.81765
4.39415
4.67024
5.24731
5.42689
5.35297
5.03811
4.64571
5.14278
5.428
6.46779
8.84104
5.37481
4.73132
4.7953
7.26506
4.8698
5.09091
4.32948
5.40071
4.92926
5.10324
4.69611
4.67847
5.34025
5.50458
5.16381
5.90158
4.72901
5.29191
6.33221
4.60927
4.605
5.49301
4.62794
5.87814
4.70494
6.04648
5.10811
5.12061
5.09027
5.52868
4.73632
8.07383
5.41365
4.74582
5.05795
4.75618
5.40127
5.3353
5.45726
5.63371
4.7551
5.97464
6.21674
4.98641
4.62726
4.61273
5.15411
6.01616
4.89561
4.76373
4.92741
4.89637
4.67383
5.31061
4.70727
5.33109
5.33814
4.96371
4.93262
5.33243
5.38114
5.11312
4.90127
4.63819
4.64045
4.40922
4.91512
4.67676
6.38927
5.38761
4.63133
4.69141
4.96277
4.66802
5.59847
6.66654
5.27816
5.22773
5.40932
5.34799
5.10463
5.94804
7.07879
5.00605
6.57922
4.61134
4.8742
5.13713
4.66903
4.64367
6.26293
5.4533
4.72762
4.68126
4.53013
6.44194
5.26731
4.62993
4.97458
5.75879
7.03011
4.91731
6.70207
5.04062
4.97596
5.58997
7.0511
4.75638
5.28579
4.7142
5.22443
5.55819
7.51394
4.65314
5.07023
8.05772
5.1032
4.84807
6.43133
4.92372
5.58165
4.74591
9.12091
5.7219
4.90974
5.32771
8.32416
4.6974
5.4577
5.92954
4.85892
6.85656
5.01832
5.63987
5.3618
5.13026
5.73948
5.50729
5.63305
4.50861
5.02315
5.61418
5.47395
4.88956
4.87155
4.94227
5.88563
5.8704
5.10444
5.49312
4.89742
4.80793
4.64095
6.13461
5.79264
5.50447
4.13893
4.92748
5.82568
4.74624
4.43642
5.32752
4.65188
5.31837
5.22164
4.59511
5.22792
5.54954
5.88642
5.33801
5.35292
6.86937
5.51285
4.56162
4.67993
5.50907
5.67495
9.40518
4.52293
4.63456
5.37392
5.65913
5.58805
5.72165
5.37884
7.01779
7.05102
6.68632
4.67326
5.00663
4.661
5.45108
5.31456
7.49197
4.63994
5.26927
5.28562
5.51123
6.5136
4.62145
5.77334
5.64416
5.35096
5.50319
9.24298
5.20367
9.1666
4.57962
6.99655
5.57789
5.85834
5.52844
4.78793
4.62733
4.65797
5.28154
5.60805
5.5657
6.29254
4.61901
5.29556
4.82237
6.1152
5.6965
4.94166
5.95799
10.2712
4.60853
5.10688
4.81669
4.81709
5.58059
5.64148
6.39095
5.08491
5.7917
5.06989
4.70396
5.08735
5.53161
5.09945
5.21509
6.712
9.44833
9.24318
4.82253
8.77993
5.22698
5.89559
5.49393
8.58609
5.48572
5.13173
5.56031
5.10563
9.26011
5.25969
5.7892
7.01785
5.34502
5.26148
5.21631
5.37899
4.74312
5.64916
4.69305
5.90791
4.96778
5.60755
5.25414
5.12918
5.30438
4.85869
5.6175
5.7231
4.49684
5.03323
8.16009
4.68266
6.60183
6.18735
4.24797
4.90662
5.52478
5.15425
5.05557
5.39691
5.50376
6.08473
5.05408
6.00862
5.1124
4.64669
4.62819
6.03188
5.58108
5.16629
4.78333
5.03861
9.28691
5.29954
4.93954
5.425
5.16399
4.22025
7.45741
6.88183
4.80114
7.10171
8.9242
5.74605
4.61638
4.69258
4.91636
5.43192
6.87634
5.35868
4.97456
8.74646
4.62826
4.6282
9.37879
8.86471
5.01618
4.63369
4.84197
9.36642
5.03397
4.8008
5.14454
6.93256
7.38057
6.30246
5.08019
4.87879
8.08816
4.93676
6.33727
4.77005
4.63126
5.50465
5.73468
8.81092
5.20666
5.36266
5.34558
5.21945
4.67407
6.58829
5.28046
5.3518
4.67491
5.71989
5.11575
4.64116
5.536
6.13987
5.40001
5.54122
7.60175
4.99109
5.15484
5.36682
4.81251
5.66421
6.01569
5.58595
6.58683
7.84868
8.25542
5.24403
6.1936
5.837
5.56683
5.07639
5.68704
4.71051
5.07174
5.25118
4.45243
6.78628
5.27108
4.67271
4.80534
5.28378
5.0497
5.87144
4.69166
5.46786
6.36076
5.05368
4.99866
5.0331
9.19841
8.44626
5.46684
5.44489
7.18817
5.57613
5.42794
6.18715
5.8838
4.68325
5.06501
5.04525
7.55826
6.85808
5.17031
6.12266
5.13705
5.48181
5.74527
5.41685
6.51516
7.55393
5.44463
5.1689
5.30966
5.39869
7.13877
5.66118
6.72421
7.31139
4.61211
5.01759
5.52235
5.30596
5.26325
5.23151
5.84268
5.19822
4.95604
5.5283
5.65793
5.41803
5.06916
6.34379
5.67514
7.90285
5.393
5.64469
6.74345
5.21887
4.66885
6.9162
5.14475
4.67833
5.44483
5.26976
4.96905
4.87524
6.28578
5.41584
7.67614
5.08817
6.24729
6.312
4.65247
6.60084
6.12329
6.93987
5.80256
9.24528
5.08829
6.06282
5.06979
5.82871
5.6593
6.5923
4.80701
4.77924
5.66374
5.18822
6.96369
5.5988
5.11584
5.35089
4.79001
7.51895
4.71944
5.62332
5.60293
5.66616
5.75977
4.65444
6.27212
5.94868
5.6202
6.09182
5.42176
5.05746
4.62456
5.03301
4.85008
5.46761
4.99369
4.61654
6.19286
4.86672
5.18037
4.62162
6.13365
5.73776
5.67851
4.86456
5.59658
5.51446
5.44859
5.43492
9.09608
4.76184
4.83709
5.98678
5.59932
4.67515
4.82032
4.65398
9.44494
4.65887
4.66211
4.55966
5.69363
8.94745
7.36861
5.00086
5.66169
4.67547
4.63232
4.97434
4.6946
7.34483
4.88011
8.3813
5.05707
5.45802
5.13472
9.21769
9.21216
5.48677
5.61786
6.04402
8.13809
4.58755
4.75547
6.12389
5.95991
4.92322
5.86486
5.39029
5.87308
5.51402
5.55341
5.36569
4.62558
4.58853
5.01183
5.14074
4.89039
5.8259
6.01186
6.1029
5.47242
5.18206
6.7282
5.64031
5.39759
5.56599
6.39284
5.14881
4.79968
5.5661
7.6616
5.51946
5.21072
4.64021
4.6429
4.91321
5.46459
4.64102
5.30754
5.07078
5.49227
6.35865
6.29594
4.68658
4.5168
6.25048
4.76597
5.62317
4.68554
5.80079
4.77703
5.93894
5.94926
4.36391
4.64838
8.40419
5.32191
5.35072
5.57177
5.67284
4.67297
4.96924
5.28938
5.46141
4.83502
5.53822
5.03383
5.15098
6.79174
4.93729
5.52697
6.31698
5.068
6.60918
5.43448
4.79776
5.37426
4.93153
4.78929
5.49768
4.63126
5.96641
6.4644
4.86642
4.85183
5.1023
5.46148
4.59211
8.69678
4.54254
5.13047
7.23077
4.73067
4.79285
5.42395
7.63647
4.97524
5.36402
8.86712
4.66804
5.0823
5.55309
6.06654
5.45585
4.64132
5.98442
4.58073
5.53341
4.85154
5.00478
4.53618
5.99699
5.81961
5.03227
8.09948
4.79262
4.60753
5.0912
4.91125
4.60888
4.61122
5.49995
9.33487
4.65182
5.56348
4.95728
8.7933
7.587
5.35177
6.96876
6.17308
5.10967
7.14642
4.67681
4.93788
4.679
5.49073
6.32362
5.66799
4.6507
5.08906
5.61564
9.56659
7.11554
6.60272
8.15613
5.49101
8.47527
5.36055
5.67726
5.33232
5.70664
7.73858
5.53891
7.33391
6.11905
5.40509
5.66275
8.58383
7.05761
5.55082
4.61663
4.62158
4.8699
4.67442
6.02841
4.97198
5.52543
5.65522
4.59037
7.41626
4.62088
5.63299
5.4304
7.6854
5.8849
6.51758
4.84208
4.66692
4.67381
5.29603
7.71263
5.04237
4.90235
5.03222
5.48363
5.6636
5.55579
4.92179
6.03241
5.16178
5.64428
5.86573
5.58695
5.11366
5.63503
4.985
4.61766
5.41112
5.24102
5.98993
5.35176
5.60581
5.93652
4.7043
5.68912
5.32337
4.73268
6.43867
4.65588
6.26061
6.28882
5.42978
4.80905
7.06248
5.62121
4.74665
5.27778
4.65989
4.86556
5.6624
4.93509
5.15259
5.02847
6.28135
4.91034
5.37298
4.34031
5.60735
4.80871
5.81627
5.43851
4.9804
5.05048
5.05539
4.46975
4.65841
5.94587
5.48122
5.17346
5.72418
5.7224
5.5965
4.53049
5.64822
4.81879
6.03184
5.45398
5.28723
5.06303
5.89741
4.80462
5.12344
4.88997
7.14553
4.94345
5.12563
6.30387
5.39551
4.97135
5.43022
5.16948
6.31504
4.27779
6.72867
4.57195
4.72475
5.15462
4.99715
6.05263
5.56698
5.11518
8.71721
4.95315
6.13979
5.50548
5.47792
5.47083
4.53948
5.06906
4.63223
4.87772
4.94621
4.53418
4.61551
4.91344
7.94307
4.63728
6.94872
5.76159
5.8022
9.1072
4.63182
5.42856
5.11484
5.42685
5.4901
5.78814
5.15533
6.67899
4.90624
9.25991
4.6225
5.09694
5.04471
5.56941
5.06728
4.89108
5.26681
5.22103
6.53923
9.19595
9.2404
7.52191
5.07242
7.89339
4.71908
5.28572
5.55067
4.92386
5.26932
5.38435
5.94378
7.34715
4.8025
5.68555
5.72864
4.77206
5.12681
5.30722
5.93548
6.08227
4.62514
4.72872
4.62562
6.16494
5.7921
6.25665
5.12824
5.40134
6.01734
5.40394
5.39413
5.56665
5.30681
6.34798
5.13276
6.35035
5.55402
4.94747
4.91285
4.71206
4.86716
8.40157
4.78285
8.60337
5.68988
7.20431
6.31652
5.90932
5.56809
4.95931
4.65867
8.15075
5.36569
4.83566
6.3948
5.94651
5.06996
5.2907
5.4501
5.88796
5.61136
8.23871
4.65384
7.16631
5.48927
5.56988
5.06687
5.62156
6.26245
5.51993
5.69653
4.84591
5.11613
5.55487
4.43341
6.9062
5.18494
5.22127
7.14517
5.101
8.06768
5.99098
4.48924
4.7565
4.86895
5.47987
5.04754
5.3968
5.82687
4.55438
4.63107
5.56421
5.1967
4.7295
4.8562
5.88464
7.02176
4.56745
5.80268
5.63562
4.56705
4.32799
5.1935
5.00283
4.95111
4.63972
5.63866
4.63655
5.49189
5.05589
7.10867
7.95028
6.01979
5.57096
5.57219
5.07865
5.66822
5.79527
5.6706
4.63537
4.95435
5.49623
5.7461
6.86541
6.6248
4.78324
5.68211
4.90948
4.90075
5.43933
6.24158
5.46207
4.91002
4.86321
5.01606
6.18628
7.88249
4.96189
5.31235
5.75871
6.66974
4.7429
4.85064
5.39331
4.65375
4.83933
4.45766
5.15437
5.53871
7.84062
4.5671
4.87814
4.90016
5.41873
7.9337
5.00022
5.63962
6.06748
5.6492
4.98942
5.3065
5.16526
7.96486
4.60844
5.12131
4.60892
4.99728
5.71323
6.39919
7.36215
5.12432
4.91574
5.14251
4.95418
5.09991
5.78516
5.45303
5.64612
6.11598
6.02406
7.58827
5.54325
4.44907
5.85982
5.03073
4.85542
4.77686
4.66239
5.48607
4.59493
6.20119
4.611
5.87557
5.46793
5.87799
6.2874
5.48383
5.55677
5.23786
6.38001
4.72174
4.67214
5.02995
10.1307
4.86177
5.05977
5.44754
6.23837
4.64042
7.03541
6.16398
4.64165
5.19739
5.94904
5.42052
5.09079
5.15125
6.58156
7.78771
4.42758
5.7822
6.50072
4.89603
5.16276
4.38793
5.54815
4.69841
4.93596
5.53413
4.62037
5.71444
4.7107
4.53122
8.91719
9.71551
5.16759
5.19559
5.65043
4.8216
5.59194
5.80078
4.65029
5.99367
5.17767
7.24155
4.98352
6.86549
6.92875
4.97404
5.02395
6.06557
7.25862
5.12776
4.6447
9.61515
5.12655
5.11338
4.85129
5.77006
4.95994
6.16958
5.43329
4.70057
6.14884
5.35836
5.04053
5.47903
5.19107
4.67499
4.79689
5.53835
7.44438
5.84698
4.67129
5.87172
4.74994
4.58928
5.00215
5.12299
4.86893
4.68017
4.59923
5.60221
5.18425
5.66159
7.11136
6.06607
4.76785
4.58204
5.46317
5.89143
5.82959
6.10568
4.90847
5.18021
5.01295
5.97635
7.08133
5.74932
4.94111
6.92408
4.92007
6.05146
4.6494
4.93324
7.66257
5.14207
5.32079
5.90826
5.36419
5.46711
6.5158
5.49768
4.85587
5.14582
5.08232
5.45783
5.89539
4.83603
5.55283
5.53889
5.51497
5.47138
6.21037
4.83193
5.18491
4.77125
5.0507
4.60639
5.79571
6.07365
7.89824
6.64613
9.30679
4.7582
6.15022
5.29049
5.92348
7.25043
5.86196
5.16367
4.64672
5.02032
5.26656
4.53294
5.13779
6.98687
4.78819
5.11603
5.09032
5.19121
4.84387
4.68065
6.2419
4.81876
8.25468
5.01803
6.16806
4.3747
5.99838
7.17092
4.8191
4.64276
6.52538
4.63881
4.64726
7.23997
4.83466
4.63955
5.71254
4.94549
5.8455
5.65542
4.90106
7.62418
6.09516
5.13339
5.40404
5.24836
4.71835
5.43535
5.19868
4.97883
6.71125
6.16865
4.92078
7.2282
5.35198
7.55971
5.88645
5.63109
5.04506
6.544
6.58888
6.93486
8.95747
4.93388
5.62908
5.05759
8.52318
6.29313
8.48326
7.33744
5.02971
4.95952
5.34875
5.06402
5.40078
5.08727
8.28394
4.57997
7.15845
5.98488
5.95371
5.95453
5.08094
4.64796
5.97708
6.87309
4.74281
7.87768
6.41678
4.84981
5.96739
5.27444
5.26559
5.8089
5.77914
5.8808
5.35472
5.16516
6.11401
5.08587
4.87101
6.55433
7.27066
4.52448
5.24843
9.35498
8.67099
5.13547
5.20253
4.96599
8.48355
5.10302
7.43297
4.86635
5.07692
6.25735
5.65244
5.45548
5.70368
9.17946
5.5564
8.43554
5.40685
4.87159
5.05192
4.67045
6.66904
6.31477
4.56062
4.75023
5.18514
5.93049
5.0465
4.97852
8.21758
5.44476
4.97625
4.71091
5.48447
4.98104
5.48673
5.61366
6.02841
4.69166
5.64532
4.94522
4.50969
6.31482
7.60077
4.91455
5.89184
5.18925
5.53215
5.48094
4.82345
4.62367
4.10869
5.84693
4.62569
5.10651
4.95493
4.60079
8.27144
6.4033
4.62824
7.23491
5.38588
5.82707
4.73987
7.98265
4.66363
5.10964
6.98652
5.01647
5.08906
5.75883
4.79983
4.69605
5.14587
4.79662
5.26183
4.64626
4.64901
5.41844
4.64454
5.31896
5.40882
5.95552
6.00625
5.21841
4.88252
5.09821
4.84201
6.60094
4.51636
4.91232
4.29277
6.62931
5.60593
6.25965
5.72207
6.05851
8.24521
5.48614
5.85101
5.05711
4.99454
6.57039
6.19109
6.51049
5.40897
4.84884
4.88967
4.9163
7.94675
4.93253
5.24888
4.83808
5.42976
6.09701
4.65628
5.07359
5.91993
4.88504
5.0368
5.13824
5.51849
4.60049
5.66969
5.2273
5.70277
4.56732
4.53087
5.02937
5.27476
5.02732
5.00708
5.56947
4.92438
6.83483
8.28809
5.63514
8.29516
5.63852
6.21323
4.64396
6.50351
4.66843
5.97928
5.14054
7.5606
5.5316
5.24428
4.82709
6.13978
4.65944
5.85356
5.17682
4.82203
5.23424
5.1363
4.75563
5.65259
6.6607
5.0508
5.00015
4.90819
5.08198
5.79639
4.63344
5.18932
5.65701
7.00284
7.33243
8.1852
6.12708
7.21131
4.64965
7.11414
8.20977
4.47577
7.57717
7.90958
6.20071
5.1662
6.18483
5.68016
4.67103
5.18026
8.12294
5.60214
6.92092
5.7085
5.13639
4.9543
8.22685
7.61783
7.54854
4.6423
5.5952
5.94032
5.85612
6.14162
4.52784
4.80692
7.22791
4.64
7.46667
6.05144
5.32858
4.95137
4.85436
6.11353
5.64218
5.00905
5.016
6.2183
6.31106
5.86072
6.4147
6.60279
5.27813
4.67041
5.78452
6.68436
5.15733
4.80765
7.18675
7.26498
6.60084
8.07019
7.36113
5.03768
4.96244
4.95438
5.51631
5.47681
5.04412
4.67626
4.91806
5.09852
6.53454
6.30828
5.22816
7.194
7.60333
4.8482
5.61273
5.77866
4.88867
8.53962
5.76869
6.54553
5.39448
5.11949
5.35824
5.03669
6.99885
6.98337
6.49445
7.09572
7.43953
5.2053
4.81348
5.69188
5.39827
5.96704
7.20907
7.90243
7.699
7.32763
7.45423
5.80294
5.00765
4.90492
5.0114
5.43578
5.43116
5.26932
5.42484
4.73736
4.84883
7.88314
6.64307
5.75259
5.68843
6.24863
7.60833
6.15609
5.32308
6.04573
4.69236
5.45875
7.18787
6.47036
6.61926
7.39716
5.77735
7.39502
7.90797
8.04618
8.19462
7.78777
7.68346
7.51479
7.28857
7.43065
7.4428
7.29133
8.13106
7.66157
4.77397
7.30561
6.64826
7.3437
7.30145
7.09486
6.92868
6.85335
6.77081
6.69652
7.73383
5.33961
6.19892
4.94868
8.03192
4.39861
4.90274
5.47955
5.90186
8.20695
5.90705
7.0386
5.19708
5.7636
5.69586
5.13893
4.66838
8.20172
7.84386
8.12433
5.24303
6.59763
5.78002
8.19745
5.68905
4.67351
6.14289
7.74595
4.88473
7.9204
4.82029
6.02434
6.66024
6.41702
5.91939
8.04797
4.67103
4.46083
5.31943
5.65937
7.86565
4.98761
6.92763
6.62322
5.00024
5.45564
5.50562
5.37809
7.22225
5.76443
4.936
7.84326
5.30072
7.4977
4.92726
5.1045
4.83001
7.47296
5.5244
4.68537
4.84939
5.30979
5.73837
7.12863
5.69276
6.00886
4.68241
5.63234
4.9455
6.94095
4.67651
7.12098
8.01577
4.66842
6.91939
6.65804
5.32908
6.59442
6.56553
6.98136
4.98302
5.20142
9.01488
4.97245
6.27382
5.82202
5.93685
5.36908
4.6619
4.64793
6.12717
5.51846
5.26939
6.79857
5.18728
9.25739
6.05881
5.79219
4.86914
5.91899
8.72915
5.29438
7.53209
5.94622
4.13153
6.18995
7.24903
4.35856
5.10664
4.93958
5.02859
4.89502
7.18419
7.11885
5.31434
8.00965
7.91621
8.16444
5.10546
5.00825
6.23606
5.90171
4.61568
6.79723
6.46231
5.85313
9.33959
8.21337
4.8637
4.6334
6.07499
5.69314
6.96262
6.03184
6.60621
5.23178
5.62942
7.50885
5.53121
5.57099
5.79518
4.75617
7.98831
8.01668
7.3415
7.30043
7.01904
5.15225
5.41624
4.65854
6.53089
5.90263
7.50658
7.9459
7.79302
5.21898
5.04611
7.06102
5.19665
8.23014
6.8602
7.09035
4.89257
8.37992
5.21419
5.31185
6.84276
4.62421
8.05932
6.24163
7.24767
4.90089
6.05076
5.06848
7.18171
6.01751
5.08781
4.8391
4.88763
7.0097
7.1138
5.39766
5.73557
5.0762
6.61948
7.19119
5.03382
6.37009
6.85348
4.70876
6.47545
5.20285
5.31772
7.15523
6.49721
6.46214
5.57996
4.6457
5.43088
4.92861
4.63062
7.54376
7.59279
6.96986
4.89803
6.22604
6.15073
4.64727
5.5853
8.13881
5.14661
5.1651
7.69288
6.22508
6.23867
5.1315
5.62633
5.6784
8.43214
4.67711
7.11103
5.36452
7.49414
7.44115
5.45706
4.57192
4.22116
4.56824
4.98489
5.17357
6.2596
5.37069
6.0777
5.85887
6.63581
6.03238
6.08629
5.0467
5.04617
7.41329
5.08951
7.20973
5.42567
5.07825
5.15823
5.19299
7.92276
5.4894
8.19405
6.22269
5.48083
4.67304
5.32106
6.93761
8.07971
8.07944
5.25166
7.53262
5.07108
7.71102
4.6667
5.02738
4.6204
8.19386
5.33111
5.44395
5.02343
5.47969
5.97182
6.92122
4.87334
5.0817
5.63339
5.88474
8.56695
5.07935
5.01744
4.67187
4.60647
4.83611
5.01648
4.78819
5.16095
5.60497
4.88011
6.22156
5.24522
4.91096
8.16556
5.69809
8.20228
5.31624
4.86416
7.08957
5.20444
7.12302
6.57225
5.06879
6.37563
5.72677
6.64678
5.09911
7.7547
6.63173
5.67356
6.57342
9.32221
8.37288
6.4923
4.8748
6.10639
5.19687
5.15404
4.84752
6.32918
4.99871
4.91671
6.83161
8.06439
7.27846
4.84085
8.465
5.45039
5.96788
8.53472
5.64521
5.11964
7.24594
4.86817
6.49966
6.7036
4.95333
5.19427
4.63774
5.44511
6.00487
5.60442
5.60221
4.69965
5.18597
4.72587
4.65416
8.65445
4.88998
4.90729
7.28427
5.66075
8.51692
5.1129
4.98353
4.72363
5.59369
5.29083
5.63616
5.12012
5.64477
4.72428
7.21612
4.61514
5.18672
4.63746
6.27245
5.3964
6.13888
6.05935
5.0989
8.11697
8.42295
5.56309
6.02769
5.32751
8.53955
5.206
5.60843
5.59932
4.58249
8.27284
5.03457
5.82526
6.04957
4.98817
4.73851
5.13346
5.69818
5.71942
4.73075
7.58374
8.34302
4.70294
5.31443
5.84284
5.09672
4.74931
7.61526
5.25019
6.99445
5.03583
5.29907
7.43134
4.61648
4.72204
5.84242
4.85703
5.22643
5.08931
4.64152
5.06572
5.0074
5.10858
7.10477
4.74284
5.11322
5.14993
5.09096
6.07326
5.60248
5.42618
7.18645
5.32174
5.43385
9.55068
6.61244
4.61649
5.64585
6.37107
5.71086
5.62528
8.37141
7.11974
9.51597
5.97787
5.51312
6.35291
6.47165
4.8562
4.66041
4.83727
5.48824
4.88015
5.39425
5.02926
5.65913
5.31789
4.60991
5.19067
6.08697
4.75319
5.36694
4.90413
7.85641
5.50515
12.2509
5.87864
5.14262
5.20582
5.11564
5.24992
5.70238
5.37996
4.67892
6.04866
5.41628
4.98274
5.71458
6.61988
6.53855
7.04274
5.02151
5.09346
7.11734
6.59473
6.31402
6.0512
5.50963
5.5229
5.01856
4.93316
4.97086
5.75319
4.71189
7.15561
4.41724
4.413
4.66867
7.85412
4.67833
4.87086
6.19314
5.63136
4.97247
4.89405
5.29415
6.74118
5.01339
7.88218
4.93877
6.67213
5.91099
4.3846
6.20531
5.49135
5.6107
5.30051
4.84397
5.10132
4.66821
6.32551
5.33191
4.70108
5.39202
5.79011
5.0621
8.08728
5.49183
8.05428
7.43274
5.87847
6.78359
8.20139
4.90699
8.2928
6.35857
7.09664
4.62164
4.6259
4.89798
5.63451
5.2559
4.96123
5.05699
6.20309
5.19685
5.41424
6.45082
10.0125
5.90326
7.08565
6.58066
8.08418
5.78081
6.30025
9.09682
4.65962
5.42187
5.85955
5.12132
5.82422
4.61612
8.78876
4.89559
6.18047
4.98238
5.65807
6.72897
6.96364
4.95877
5.85058
5.43951
5.19705
5.55439
4.98517
4.67681
5.45853
4.98221
4.62194
6.81682
7.65476
4.6977
6.11862
6.35332
4.97683
4.72774
4.9058
7.12672
6.27631
4.8793
5.31349
4.85341
5.31243
5.67772
5.47046
5.0809
5.85802
5.49447
5.62739
7.40544
6.20717
8.58288
6.33071
7.66679
4.76349
7.47017
5.24201
4.67487
7.83965
8.86321
4.95947
7.49503
6.11724
5.04935
4.76254
5.85994
8.97085
6.98863
7.96533
8.21628
6.03021
5.456
7.54326
5.70064
4.69566
5.44531
4.7762
5.12456
5.11505
5.3805
5.09121
4.94812
4.67284
5.40395
5.74914
5.50159
5.76034
7.42564
5.02799
5.20322
4.88579
5.17508
5.01589
4.63645
5.56515
4.7379
7.56408
5.4391
4.9594
4.93993
5.34449
5.82279
6.27071
5.08733
4.63245
6.40255
6.93554
4.90008
6.09687
5.99124
5.87033
4.6607
7.76539
4.92154
5.43632
7.99136
5.27474
5.7768
5.5003
5.51276
4.6137
5.73353
7.07349
6.0461
4.83179
6.23683
6.31782
6.34334
6.13956
4.72649
5.47741
4.9727
4.73534
5.11342
5.73984
5.56466
5.53029
5.29919
4.65712
7.60196
4.93904
5.01771
5.24611
8.94815
5.03994
6.40013
4.16738
4.63637
5.08471
5.67065
5.23258
4.6265
4.90804
5.23491
4.65909
4.67985
6.94259
5.14321
5.18818
4.62753
5.16061
4.62988
5.44502
6.18524
7.66976
7.48572
5.17765
4.65462
4.87478
4.79486
6.17676
5.09311
5.15256
4.61623
8.16906
5.08067
4.68455
8.37383
5.57876
5.20765
5.35886
5.98709
5.58778
7.76082
5.82752
4.98456
5.23
7.03354
4.89478
5.13145
4.63222
8.13685
4.75762
8.16866
5.23037
5.74966
5.12198
5.19658
5.49088
5.68505
5.68732
7.71888
6.84741
4.52879
5.39488
4.62143
4.66785
6.1088
4.68017
4.99452
4.66466
5.7307
6.36172
4.79626
7.24581
5.34184
6.08194
4.55473
7.85123
5.53654
5.59345
6.6159
4.76251
5.19103
4.80627
5.06925
8.40086
5.10484
5.02717
4.91603
4.78479
8.31843
4.99909
4.66944
8.26086
5.72927
5.46944
4.8136
4.76517
5.6651
5.09588
6.26914
5.09818
5.03748
8.45159
8.94872
4.67822
4.68495
5.05209
5.24616
5.07541
5.61091
5.9145
8.09006
4.64981
5.29399
7.54925
5.1112
7.99621
4.91712
6.13636
4.64126
4.69094
6.03416
4.86701
5.23883
4.67334
4.97341
6.60282
7.8748
4.84637
5.59652
4.85366
8.00021
7.26566
6.22408
7.53299
5.24576
5.5781
7.97938
5.44391
5.56489
5.75029
4.83015
7.66663
6.34443
5.6524
7.30781
8.22094
4.95593
7.14791
4.82547
8.31239
5.00473
5.46279
4.91995
4.53873
5.4366
5.83772
9.14259
7.57034
6.32824
6.28664
5.16687
5.00423
8.2921
7.18718
5.08337
7.31576
7.2432
5.19705
7.28789
4.35379
6.11103
5.06555
5.17108
5.06255
5.67049
6.79593
5.13855
4.61339
6.06568
5.12617
5.22751
7.22806
6.76371
5.17843
6.05983
4.68762
5.32557
6.56335
5.21692
7.15453
8.60681
5.13119
7.99851
4.66721
5.13745
4.6811
4.67439
5.02712
4.70671
4.83542
6.43549
5.05751
5.30143
5.24042
6.16508
8.05967
8.45658
4.86476
8.15713
4.63008
4.68291
9.92747
7.95703
8.07309
6.55756
7.82753
8.04984
7.46742
7.62989
8.37523
8.29005
7.96261
10.1318
6.8812
8.3492
8.34636
8.3451
8.03927
8.35278
8.3573
8.42435
5.06996
8.66503
9.33642
6.06826
7.83614
6.16586
7.91665
8.3453
8.36119
8.74855
4.67637
9.22538
4.98967
8.45497
4.88329
8.47045
7.70854
7.9091
6.2789
4.6647
6.30455
4.82275
6.53486
6.08475
7.1642
6.58832
7.11444
7.5427
7.48038
7.52378
8.26763
6.97948
6.05148
6.31174
7.97
7.35031
7.38639
7.36307
6.32838
8.29773
8.68754
6.27039
5.75235
5.04763
6.22477
6.46632
8.02263
6.3068
6.30063
9.21433
4.65846
5.28241
7.23423
5.09039
6.25018
5.25522
4.99009
6.40584
8.64325
4.54513
4.58572
5.82802
6.28952
5.08405
7.76112
7.74355
6.98034
7.76394
7.76183
6.26663
6.0501
6.52292
5.89163
4.47059
4.82091
6.45404
7.26207
6.19454
6.99516
6.74985
6.70327
6.27725
6.66969
6.72013
7.11004
7.43656
7.87499
5.0811
7.47577
6.93804
6.2102
8.46011
7.47622
5.53088
6.33138
8.27619
6.99301
5.72937
5.37739
7.31752
6.51169
9.39429
9.24702
5.56044
8.03127
6.22963
5.12669
7.10109
4.80944
5.2201
5.04282
7.93797
6.05997
5.29597
7.15961
7.17515
9.3422
5.62386
7.12383
6.06382
8.37201
5.45038
5.27912
4.94586
9.68772
4.93461
5.01787
7.01267
4.93652
5.05863
5.49802
6.17898
4.88877
6.78392
6.90107
6.02737
5.94984
5.22018
7.19976
4.94094
5.10162
8.08647
5.60913
5.54852
7.55421
7.64721
4.8183
6.10556
6.29825
6.71899
5.19729
5.31131
4.97477
8.35675
5.53389
8.58087
8.89448
5.24989
5.13541
5.89908
6.33584
5.29326
4.61055
5.51021
5.94275
6.66254
4.61891
5.0947
8.78425
4.95674
5.95515
5.66122
6.33548
7.86435
6.16981
5.78229
6.62712
5.28573
4.66037
4.80888
6.13618
5.33537
5.02629
4.70691
8.36852
5.63586
8.40823
8.23523
6.43108
5.47586
7.24258
4.6162
5.98468
7.83884
5.20012
4.61874
4.65076
5.30721
6.04913
6.29912
5.90503
5.56953
5.74033
6.31951
7.46355
7.47593
8.06715
6.55894
7.60626
7.45237
7.36918
8.33921
4.41199
7.7836
4.74636
6.74829
6.12194
5.63779
5.11741
6.70524
5.09956
7.44256
4.83677
6.16524
10.7106
6.19713
7.96907
6.38768
5.31901
5.46611
6.44316
8.00301
7.92548
4.65343
6.78191
7.51174
7.91984
9.1958
5.95725
7.89599
5.60309
7.32391
5.38469
4.57352
7.00757
5.89862
4.83792
7.43008
6.96503
5.36406
8.23754
4.68256
5.68428
6.13298
5.67506
5.75801
5.68614
4.76137
5.6271
4.41154
7.71256
5.54334
5.36171
6.32075
5.82639
5.29816
7.77633
8.12822
4.83462
8.14801
7.36109
8.31738
8.10743
7.95872
7.90581
7.78716
7.83342
7.64635
5.6332
7.72417
5.52231
4.73468
7.92437
5.62946
5.30177
7.80593
4.8307
5.46226
7.82812
6.27863
7.83574
6.53092
4.82592
6.99028
4.66192
5.97296
5.32977
5.68521
7.34926
4.97528
4.98531
5.24803
7.72258
4.63067
6.95328
6.6529
5.10201
9.5254
4.82828
5.62063
5.70951
4.77196
5.27843
6.37686
5.67511
7.26734
6.77596
5.01045
6.49036
5.00021
6.06514
5.2948
7.90488
6.25997
5.39975
6.14327
5.34873
6.49338
6.10539
4.62293
7.75821
6.70387
6.50121
4.68602
5.6268
5.84105
7.12155
5.42414
5.33672
4.83386
6.60574
5.06284
6.0042
6.30174
5.70298
6.12863
6.69476
5.05138
6.02788
6.33391
7.27847
6.20404
7.99967
6.00835
4.61694
6.28665
7.31292
7.26554
6.09682
5.04996
5.68397
5.39489
6.73455
5.10814
6.73852
5.84347
4.3955
5.34581
5.06186
6.06276
7.18413
6.66374
7.28672
5.12933
5.5236
4.98502
7.83594
6.32387
6.28078
5.07474
4.69239
6.21249
9.18256
6.70341
5.43068
4.62453
6.14744
6.0601
6.27653
4.64401
4.68999
6.42766
5.67413
7.57799
5.56453
5.87878
7.81441
5.19904
6.22144
5.96184
5.61758
8.38352
4.94436
5.88149
4.7178
5.94709
5.09155
6.34947
7.31668
6.34206
5.32359
4.32803
5.76031
6.15442
5.56558
5.67361
7.34083
6.29304
6.16897
7.27473
7.05752
5.94126
4.95771
4.76589
6.37832
6.69456
8.66318
6.71923
7.24922
6.57316
6.27769
9.25245
5.81073
6.78498
6.39065
6.17958
6.32496
5.36918
5.17764
9.41051
4.58708
4.66194
7.6166
4.66452
6.18037
4.6627
5.63513
5.68191
6.74848
4.68588
4.92639
5.63288
4.72962
5.35319
8.21623
6.2934
5.54527
5.34221
6.13006
6.38894
6.64995
4.64543
6.28214
5.01372
5.19943
4.59606
6.26713
5.38803
6.06031
5.59076
7.10461
8.1371
6.0183
6.79483
6.1298
8.17016
5.50042
5.81043
5.01275
4.96513
5.59045
5.06741
6.32051
5.7009
7.69812
4.65923
4.94861
5.72721
6.5437
7.68515
7.29917
6.43977
4.93902
5.37194
5.71193
6.39085
4.78495
4.94152
6.33436
5.32444
7.2336
5.68182
5.76526
5.34633
5.0306
6.08477
4.73351
4.67363
8.0809
4.96872
4.69896
5.79769
5.49018
6.56885
6.29984
4.89536
4.74062
5.00949
5.25881
4.87595
7.05182
4.93566
4.67399
4.57862
6.62811
5.72101
6.29817
8.22478
5.14591
7.78996
6.73576
6.8297
5.07672
5.54376
6.81834
4.46955
5.43637
7.82868
6.68423
4.76976
5.25438
5.58685
6.34857
6.35113
7.21386
6.1738
6.90515
7.40714
6.56612
6.74934
5.92014
9.29753
9.20297
6.75925
6.48166
5.35828
4.97319
5.46164
6.37502
6.86631
5.47842
9.24682
5.06043
5.00314
9.16912
4.39966
6.05212
4.88757
4.63014
7.14705
4.64113
5.34937
4.62741
4.63085
6.39435
6.83005
7.24605
6.7991
4.86012
4.9394
5.56773
5.1383
8.92891
6.24254
6.2354
7.08186
7.42378
7.24368
4.6814
8.19733
6.48473
4.90433
4.65426
8.27655
6.39004
5.85946
6.74168
7.31702
6.25996
5.09747
7.79257
10.7611
7.25648
5.58763
7.95882
8.67852
7.23765
7.85741
6.0805
7.52134
5.49748
6.07137
5.16299
6.80295
7.70274
6.1039
4.89874
6.01271
7.89968
7.56557
7.6448
8.06382
6.82576
7.28249
4.71611
7.22139
5.56033
8.04022
7.81757
4.96212
4.75129
8.02256
6.49128
7.42557
6.53819
7.89477
8.0146
7.7246
5.49155
5.10661
4.71088
8.26854
6.18673
5.09297
6.44346
7.65552
5.06014
6.92232
5.91062
6.2267
5.49573
6.57091
4.70326
5.54646
5.21786
4.76111
7.1882
4.99599
5.0446
6.64817
4.6652
7.01301
7.82162
6.85956
9.27014
5.38424
6.89614
5.84671
8.02935
7.10406
5.13772
5.76262
4.85467
6.58834
5.61753
6.94472
5.24487
8.64182
5.53549
6.14565
4.65445
4.81664
5.1085
5.00302
7.45607
5.49329
5.15699
6.97912
7.05714
6.02592
6.91447
4.94878
5.86186
4.91161
5.20323
4.65904
5.70272
5.09496
7.4607
6.39437
4.6795
4.88214
5.17126
5.22798
5.5471
5.11411
5.54676
7.93132
8.2554
4.93972
5.98399
6.14811
6.63244
5.36924
4.93052
5.21386
5.05949
4.93785
5.06293
6.08538
6.10652
8.18998
5.47631
5.39634
5.39382
4.80797
8.14681
4.72673
5.23315
4.65702
7.06135
5.21182
5.4309
8.16418
4.73629
5.50209
5.5606
8.18865
5.54481
5.61176
6.78024
5.54228
5.24824
5.24955
8.58697
5.55122
6.09585
5.20251
5.19773
4.81533
5.43968
6.05863
6.3505
5.22064
4.89541
5.31705
5.51663
6.43696
5.41804
5.10026
5.20524
5.4003
5.23589
5.18686
5.23565
5.24177
5.295
5.53933
5.51395
5.21891
5.19997
5.77213
5.20993
5.19731
6.3157
5.81919
5.22087
8.69708
8.06851
8.62899
8.66027
4.69984
8.76207
8.38924
8.25312
7.52964
9.15666
9.19353
8.19979
5.10822
7.95876
5.75251
8.60368
8.32342
8.89496
6.57553
4.78302
4.88468
7.73555
7.84607
8.04733
5.53328
8.075
8.15027
8.05469
6.83795
5.01314
8.34253
6.40675
6.34832
7.90404
7.37723
7.29436
6.78121
5.98819
8.33455
8.07072
6.37776
9.19543
9.28417
6.95858
6.30835
6.48066
5.59493
7.43095
6.20389
6.27322
5.42166
5.22322
4.73388
5.09035
7.73061
7.59118
5.48931
4.66942
8.3658
7.26963
6.19484
5.61292
4.66523
5.87561
5.04768
4.68688
8.10227
8.06645
7.94548
4.9572
7.88511
4.86133
7.21432
8.05758
6.19586
8.16661
7.67316
7.5649
4.87249
5.8952
5.41105
7.01602
7.81012
6.22212
5.56162
7.03545
6.38538
8.36716
5.47262
8.04469
5.55772
6.56146
6.04082
6.06453
7.79344
5.98162
8.75341
8.20182
6.33275
5.04064
5.79573
8.32688
5.78865
4.64358
6.76
5.94506
8.23352
7.84009
9.58777
6.52418
7.29935
7.5939
7.31703
5.83623
6.01712
7.85176
7.83693
8.22421
6.45935
7.97082
5.07615
7.10196
5.71011
6.52018
4.77435
6.75237
8.0563
4.69154
4.85441
5.7644
5.26019
5.49557
8.17993
6.90218
5.19975
7.64798
6.04034
5.17828
4.99091
9.16532
5.35279
7.71636
4.60317
7.72507
4.67556
4.69912
7.80035
6.74054
5.64454
4.72166
5.89321
5.98452
5.65794
5.81378
5.63087
8.10514
6.63553
4.98905
9.81714
4.9025
7.61781
6.1852
6.04238
4.62979
6.58482
7.28677
5.83418
6.21274
6.39764
7.76714
10.1739
6.45366
5.94915
7.80474
4.64019
5.03568
5.2294
5.18766
5.50008
8.00983
6.41927
4.74519
6.41439
5.01508
5.78629
7.9652
6.52427
6.44917
9.47139
4.65468
5.50562
6.75439
5.92241
5.54742
7.89252
6.47482
4.11078
4.74705
4.61545
5.08354
6.75013
8.39252
5.16573
6.22632
5.21415
4.5428
8.45099
5.95627
6.81181
5.36024
8.5244
5.35714
5.18214
5.17986
9.45207
9.20559
4.65976
5.91125
5.37954
7.45356
7.04961
5.12502
5.41495
8.46399
4.93767
7.0897
5.52334
8.62013
7.94727
5.11327
4.60256
5.63022
6.44618
5.1916
4.72336
7.782
9.33538
9.26261
5.15503
6.53542
4.8708
7.92419
5.02747
5.0736
9.38466
6.78255
5.12926
4.60617
5.03476
5.39396
5.25985
5.95914
6.39813
5.9613
5.11365
5.23843
8.60724
8.56614
7.55828
4.98905
5.93507
6.66576
7.67344
4.69344
5.04985
5.59391
7.50371
4.7321
4.81302
5.56884
6.50592
7.0781
4.69878
5.35057
4.62197
5.49644
7.8075
5.81722
4.80573
5.80135
5.55607
5.29786
4.95462
5.75144
6.41253
4.76127
6.02369
5.20884
7.3293
5.81156
4.61947
6.38508
8.52935
7.7932
4.62104
5.58031
5.9324
4.63256
4.66327
6.78053
4.63483
4.81086
5.77145
6.17457
6.20389
5.36681
7.97914
7.45568
4.57119
4.5487
6.80676
5.66264
6.20575
6.43273
6.07908
6.73927
4.67418
8.50772
4.66214
8.43644
5.85416
4.93488
5.9918
6.2958
6.91825
5.13491
5.25758
5.09908
6.51084
6.40342
4.67129
6.57046
5.12508
4.51648
7.6534
6.68827
6.16177
5.84465
5.02119
5.88931
4.79889
5.18871
4.93654
4.50391
6.42893
6.7395
5.92381
5.22089
5.11375
4.76622
6.5435
5.8445
4.80891
5.16561
5.85652
7.35597
4.86453
5.03316
5.20048
4.99246
5.84216
6.12608
5.04513
6.51226
6.73239
5.42305
7.7577
5.23203
4.67693
9.29425
4.71601
4.67143
5.59319
4.8862
4.97309
5.39597
6.62399
6.95534
7.08673
6.21757
6.3038
6.32092
4.73151
5.14166
6.99235
5.4405
6.19059
5.4166
5.38811
5.4216
7.58808
5.24339
4.70886
7.94946
5.38213
8.39576
6.97209
6.98107
7.10811
8.20367
4.87073
7.20678
4.93152
4.75924
4.92845
5.05736
6.46815
7.84583
4.73056
5.80618
8.25823
5.7199
6.88074
7.67348
4.69392
5.67513
4.32272
7.74808
7.05253
5.84113
6.46639
5.38718
6.54504
6.14796
4.87803
4.9767
7.45724
7.74115
7.77663
5.91488
4.69407
7.95653
5.08495
4.97492
5.50177
7.32561
4.97128
5.06565
5.82006
8.11968
5.13122
4.8701
5.9823
4.73789
6.08973
4.71847
5.85543
6.32026
6.29666
6.29877
5.21762
4.65876
4.90323
4.87132
6.131
5.91549
5.83254
7.18097
7.25751
5.021
6.24838
6.45308
5.09367
6.47113
4.66461
6.50984
7.3597
8.29434
5.99711
7.93323
6.10586
5.04584
6.80005
7.04975
4.8454
7.70925
4.62375
7.1958
5.2816
6.61886
7.21282
8.0528
7.99412
7.79373
7.65554
8.02546
7.50111
7.42563
7.44908
7.39404
7.3
7.403
6.30189
7.66062
7.02998
6.94202
6.84702
6.76704
6.69751
5.65672
7.38517
5.06286
4.83511
8.16165
8.13109
7.72866
4.63249
7.54244
5.55234
6.57711
7.45622
7.13258
7.99438
5.5
7.88098
7.68654
5.99664
5.90364
6.58047
5.63849
7.90802
7.2431
6.26799
4.87632
4.71129
6.36239
4.77795
5.35492
7.30589
6.61702
6.13225
7.58985
6.21914
8.45838
8.45498
5.02099
6.20567
6.1283
6.35091
8.07534
8.66299
7.88962
5.03195
7.47047
7.90161
5.37813
5.01091
6.85588
5.83232
7.80538
7.55248
5.97795
8.20642
8.27039
5.23681
4.6729
5.39014
8.51079
4.93962
7.85437
5.42366
5.43856
7.17696
6.60839
4.66152
6.45962
4.62291
4.62609
7.30474
7.10781
5.09974
4.78332
6.19404
6.37318
7.12827
7.49008
6.54836
6.51607
7.03115
7.42999
6.56357
6.97593
4.70356
7.92204
6.98675
4.64597
8.37553
7.12796
8.40456
4.98358
4.9871
5.11916
5.84331
9.46719
4.77966
5.62105
5.57203
7.14967
5.85004
8.77953
9.86072
4.4329
6.21065
4.62497
4.61946
4.72729
5.02913
7.13804
6.76886
6.03489
4.05533
4.87171
7.18028
5.47622
5.33762
7.21601
6.85852
6.51585
8.16727
6.57264
6.66017
7.48961
6.66787
7.83914
5.10979
9.07319
8.28455
8.32969
7.19376
5.41543
5.22767
4.607
6.59421
6.13182
8.38205
6.43979
6.41163
4.82676
7.87715
6.93884
6.67243
5.25432
7.60965
5.4595
4.92199
8.32481
5.95063
6.07021
4.71034
6.48855
5.90397
4.73938
5.06714
6.81051
6.75167
5.8291
6.88778
6.07069
6.88692
5.1756
4.65679
5.8347
7.75708
6.99472
6.63511
5.11136
6.49034
7.8581
4.62005
4.93103
5.15339
8.48756
5.13798
7.02871
6.0338
6.12335
5.03891
5.06066
4.46217
6.08705
4.64169
9.70244
4.94245
4.62911
7.04346
6.9199
6.15683
4.65485
4.87201
6.84399
4.97047
4.62009
6.94422
8.62151
5.03306
5.29677
8.01245
6.556
6.27591
6.08666
5.4664
5.17748
5.65451
5.96937
6.09716
4.85958
4.72397
4.674
5.18364
5.424
5.49336
5.93365
4.67959
5.53959
4.64787
6.60178
8.46802
4.59265
5.39428
8.59602
6.17793
7.14434
8.09505
5.42936
7.84829
4.89993
4.67439
5.40832
6.49336
4.72986
4.92134
5.239
5.99052
5.61137
6.01583
9.16994
7.76218
4.6452
9.41932
7.33715
6.31995
5.82006
4.87528
4.55583
4.65744
4.59555
4.98273
9.1691
9.2879
5.78895
4.92979
5.94337
5.01542
6.50478
7.99453
6.32478
5.17771
7.95218
6.54051
5.59192
6.84499
5.88459
4.96707
4.73266
6.27529
8.09038
5.80612
4.80584
4.5198
9.25152
7.51378
7.1131
4.48247
9.33173
5.88291
5.71117
6.74387
5.97373
7.51938
5.56534
8.27684
5.64437
6.08635
5.7153
4.67936
4.78663
4.7911
6.36009
5.8228
5.06014
4.68762
7.28195
9.91729
5.55115
7.86653
5.08104
5.57771
5.53056
5.25418
7.72907
6.8026
5.91015
8.20124
5.48929
5.06079
5.47042
6.01078
6.26214
7.70686
8.29443
7.2779
5.37384
5.81295
7.11607
5.59521
4.635
5.63793
7.03874
6.80443
5.45629
6.1026
5.23468
8.40228
4.97185
4.63635
10.6484
4.91827
4.67024
4.84128
5.2003
8.58548
6.9865
5.61166
6.2702
8.81546
4.69158
7.61867
5.92923
7.8391
8.66856
4.85969
4.39501
5.706
5.67645
5.7827
7.07498
6.58123
6.0169
7.17598
6.9294
4.75394
6.76537
4.92709
5.15216
4.63785
4.9483
7.23866
5.58915
6.60967
9.31774
5.44076
5.86487
11.2022
5.7787
9.35042
5.45346
7.62055
5.19988
4.59178
8.3519
6.91338
5.13273
7.0344
5.55748
5.6158
6.07225
5.66626
4.5957
6.25578
5.19053
7.03743
6.47814
6.28797
6.43055
4.68611
5.93913
6.55058
4.64775
8.24848
5.17991
7.35527
5.27693
4.99617
7.6198
7.26833
7.06014
5.22201
4.64052
5.64977
4.58741
5.85009
6.26407
4.65682
7.1734
4.61498
4.67313
4.78127
4.66792
7.33803
7.09423
5.65004
5.53154
4.81942
4.90422
6.58286
4.45726
4.85394
4.58863
5.61502
4.67869
7.72105
4.63178
7.24163
5.35626
4.76723
5.0919
4.68853
6.16011
5.00939
8.29237
8.15825
7.61604
5.12974
5.67566
8.14512
4.58457
5.83489
4.8345
7.76476
6.18718
4.88364
7.70971
4.90532
4.85905
5.47471
4.66242
4.66557
6.51157
5.13302
5.68654
4.69764
7.67363
4.97882
6.24711
4.69796
8.62775
6.22622
8.13253
9.11595
7.54745
4.81081
6.5941
5.82254
5.16269
5.221
4.90853
5.19432
4.68841
5.14281
5.4781
5.51135
4.76078
5.10619
5.12948
5.71149
8.89202
5.51224
4.66947
5.35845
7.67883
5.79215
6.43152
5.40025
4.78784
4.62331
4.62802
5.24171
8.32869
5.79976
5.47051
6.01893
4.49128
6.62387
4.85696
5.42244
4.94664
10.4738
5.39407
5.9157
8.86849
5.73505
6.76726
4.66304
6.04502
6.34472
7.07911
4.7618
6.59728
5.56269
5.39072
4.90564
5.13823
5.2025
4.68488
6.8647
5.20734
4.72459
4.92118
5.08142
5.5333
7.0946
4.61295
4.63219
5.36144
6.20111
5.13236
6.28048
5.93464
6.74081
4.80491
7.25709
5.12648
5.47364
7.01824
4.72039
7.00731
6.36889
7.9581
6.53374
8.35617
4.92233
6.33337
5.79069
4.9031
4.90838
6.27626
5.97135
4.66631
7.65724
5.61833
7.096
5.36066
4.67459
6.99936
6.54345
8.03813
7.41915
4.91125
5.88922
4.81224
5.21344
5.40056
6.38825
5.67244
8.16256
8.14047
6.29058
7.49224
5.90539
8.38378
5.449
6.92448
6.94719
6.03644
9.08489
9.74884
8.00564
8.12484
8.37068
6.58194
4.79081
5.21759
5.94525
4.6187
5.09614
4.61705
5.70945
5.19329
6.92576
4.5389
8.24391
6.90638
6.19939
4.82313
6.1357
6.47539
5.78956
4.71067
4.5055
5.27092
6.83347
7.52399
5.89361
9.24315
4.65295
4.7955
6.58087
5.0128
5.03876
5.14221
5.14874
6.02901
6.6555
4.73189
7.52642
6.26965
5.92514
5.09442
5.5941
6.5585
6.75745
7.35609
5.4868
6.97696
5.75898
7.03928
5.68916
4.70476
6.69066
4.69572
6.79602
4.64554
6.60736
6.99105
5.02775
4.83718
4.64692
6.6069
4.66726
7.15429
5.08487
4.80457
5.645
5.52321
4.94303
4.94803
6.43905
4.68671
5.57125
7.00958
5.5249
4.68059
5.791
5.04255
5.01478
5.20929
6.08376
5.01425
4.65009
5.39964
6.58599
5.739
7.91612
5.96839
6.36365
6.66162
6.97567
5.06965
9.17026
9.36843
7.34729
5.71972
4.67627
5.40013
5.99672
5.9425
4.70865
4.9852
4.53384
7.07078
7.09466
4.85317
5.9978
4.74941
4.77924
5.61763
7.39131
6.34936
7.01961
5.95665
4.61755
5.70379
4.5323
9.20343
5.92926
5.42015
6.8273
5.90949
5.53911
7.07688
5.88225
5.01334
7.83024
5.24107
5.69865
5.56339
8.22274
8.58767
8.25694
5.6364
4.78115
4.61227
5.54123
5.13753
5.00897
5.79777
4.63951
4.84061
6.90056
5.61148
4.91318
5.11147
5.12438
4.6907
6.15367
5.97698
4.65589
7.6882
5.90666
5.1148
5.07506
9.39968
9.38759
9.13306
9.30341
8.86882
5.80339
6.69847
7.75063
5.11737
7.87439
5.64532
7.68885
6.04405
4.82527
5.91034
5.08981
6.47044
5.50334
5.03098
6.91009
5.81769
7.09617
6.18711
5.34871
4.62417
4.74295
4.63432
6.17608
9.30664
7.62904
6.3027
5.55409
5.24164
5.78152
5.1947
4.6033
4.67448
4.64258
4.5422
8.25803
5.04483
8.06031
6.72147
5.06269
5.72
5.76758
8.15189
4.89314
5.6464
4.96306
7.50406
5.64071
6.17667
6.53728
8.22143
4.70411
4.62818
4.62458
6.36197
5.0591
5.77224
4.61926
4.87224
7.06676
5.16602
5.69314
4.82711
6.70032
5.34801
7.12556
8.46828
7.6157
4.95692
6.74398
7.92002
7.94168
4.8188
5.06338
5.13657
8.19664
5.25638
6.25962
4.67651
4.64126
6.03657
5.6824
4.18607
4.32521
4.63252
7.66486
5.36088
5.08393
7.07997
6.24505
4.66139
5.99459
4.90021
7.7174
4.64385
4.6368
4.64197
6.62625
6.69275
6.93546
8.75927
4.97917
9.26032
5.48059
9.22578
5.27776
5.49139
5.82137
6.25686
5.79921
6.55224
6.48335
4.85309
5.2125
6.99982
5.82575
4.85483
6.64618
8.45799
4.64843
7.3375
4.54355
7.89087
4.96642
6.27864
4.69141
4.62246
6.30623
5.77971
5.59077
5.7002
8.14894
5.90274
5.27808
6.62604
6.59297
5.04489
6.00168
4.58047
4.69444
7.30091
8.04085
7.03636
5.0363
5.05714
5.91152
9.05
6.11838
4.9503
5.06096
4.99197
4.66866
5.12911
8.70087
8.49809
8.76439
4.99309
5.24174
4.93631
4.6269
4.62963
4.63551
5.16556
7.28039
4.62941
10.5264
4.73155
4.75333
6.78476
5.58301
5.73493
9.25073
4.99912
4.88039
7.87571
6.72811
7.04862
4.86481
5.61897
9.23708
4.64596
4.62063
7.88894
8.14439
4.96593
5.38954
5.36357
4.81443
5.24194
5.21231
4.90078
5.07659
4.55955
5.14512
5.05566
4.67138
4.69389
5.54565
4.56047
4.57851
4.61802
5.12362
4.61919
7.8863
4.27221
7.83156
4.84485
5.45079
5.0539
5.7418
5.24782
6.08555
8.32823
5.05761
5.27326
7.75125
5.28632
8.30858
6.07739
4.6651
5.69864
4.87951
6.04858
5.38907
4.51717
8.89163
5.31737
5.5008
4.62822
7.02852
5.14484
4.84565
5.71873
4.79902
5.39076
7.07682
9.74205
5.54628
8.21711
7.94192
7.65739
7.81081
5.28107
6.99429
7.93907
5.17132
4.97106
7.76488
5.08679
5.72329
4.61675
4.70719
5.68515
10.0697
4.50963
6.44571
4.84093
5.23445
5.20022
7.18329
4.66686
5.00171
4.64393
5.72999
6.44341
6.41269
7.15277
5.47629
7.11919
4.40783
4.63334
7.13649
4.60869
4.61037
5.56139
5.81092
6.91818
7.44143
7.1161
7.37545
4.98054
5.67188
5.63195
4.36997
8.44221
6.44368
5.56304
5.15138
6.69945
5.09081
5.10792
5.06606
6.56926
5.22067
6.70412
7.80842
8.10817
4.87939
5.69661
5.05881
5.0335
4.63533
5.20239
6.98773
5.77014
5.65569
7.13784
5.14892
6.7204
5.64098
4.96272
5.50021
8.52405
5.1736
5.82518
9.32906
9.32295
5.58103
5.70101
4.60212
4.61078
4.48033
5.17941
7.77897
4.98955
6.01238
5.21274
4.42223
8.29945
8.31174
6.26266
8.61246
5.2633
4.67755
5.16027
5.13212
7.17052
8.09151
7.93468
5.92605
8.45051
7.72847
4.67403
6.19677
7.31739
7.67035
7.6467
7.78514
9.2788
7.86158
7.42537
6.55311
9.23562
4.41147
8.83218
5.06458
4.8167
4.87522
6.25683
7.95565
9.53766
7.87465
9.14997
8.70764
6.65489
6.93733
6.79573
7.13223
6.13792
7.43656
4.65476
5.30433
7.9054
8.26284
7.90512
4.62884
7.16168
7.10477
5.04816
4.95178
6.60197
7.65245
4.70947
4.75874
4.52285
4.82645
5.90581
7.94422
5.06815
7.71439
8.56275
8.51662
5.09308
7.39516
6.13458
5.47388
11.9593
6.22515
6.58968
5.0055
4.80816
5.9213
6.39616
6.75067
4.66666
6.23614
7.74571
7.80046
4.63616
8.10283
6.16945
5.60384
8.32197
6.9393
4.52587
9.34318
6.93959
4.85137
5.25126
5.05304
6.50543
4.91199
7.71421
7.41826
4.94927
5.53848
8.02242
7.51399
8.21004
4.65649
4.94762
5.05785
5.05034
4.62725
7.37707
4.90818
4.80661
6.15077
6.32988
4.62741
5.78281
8.30673
4.707
5.26935
5.63026
5.85008
4.62169
5.05093
6.54005
6.6991
4.60829
7.53337
5.47594
7.10192
5.08102
8.02375
5.15251
4.59588
4.64718
5.18357
8.65642
5.15162
4.65763
6.95586
5.42134
4.83076
6.24895
5.28849
5.08991
5.76976
5.89241
5.5383
6.38639
4.64629
8.12357
4.77821
7.38791
6.47225
5.09975
4.64775
5.58309
4.87093
6.64335
4.63973
7.9679
7.99646
6.07641
6.57425
5.19339
4.69086
4.88829
4.85634
8.01879
5.72801
4.94379
4.92382
5.67746
5.90635
8.6436
5.53767
4.80253
5.0993
5.77521
6.2569
5.6875
8.52093
9.64046
5.73764
5.67144
8.68034
4.53558
4.96141
5.71507
7.15213
5.15733
4.67241
4.74374
5.76083
4.77763
6.03528
5.68857
6.72965
8.30102
6.55386
5.76552
4.90767
7.25572
5.17254
8.19789
9.20997
4.77275
4.63464
5.35639
5.06797
5.68832
4.86461
4.62121
6.0507
6.83883
7.62143
4.86088
7.81696
5.3503
5.13013
5.23527
5.59276
5.72568
4.9349
4.77445
5.25127
8.10038
6.04601
5.78946
6.32397
4.79508
7.41047
5.11251
5.57891
6.65002
6.10426
5.43268
6.93787
5.25396
4.60884
4.49656
5.27306
6.74699
6.54627
6.28581
5.55857
4.75577
5.77706
5.34729
5.69205
6.05343
5.01303
5.3755
6.98632
5.45264
4.67351
4.66514
4.44663
5.34496
5.80261
5.69294
5.34689
6.28691
4.97615
5.58807
4.64231
5.19846
5.17498
6.24794
9.67395
4.97211
6.6606
4.8734
5.69319
4.86718
4.86102
6.32516
6.07623
8.36793
6.18406
7.2724
4.55702
4.55822
4.62675
7.27866
6.11509
5.02923
4.6212
7.64516
4.64512
5.2384
5.38874
6.618
5.63949
5.3931
4.96639
6.22967
5.2413
5.19177
5.22089
6.31694
6.42307
8.60738
5.12998
4.64127
5.09176
6.18204
7.66378
4.67395
8.01472
6.18021
5.18429
4.9113
7.34223
7.2386
4.72797
5.12116
4.95888
6.8613
6.75967
8.26722
7.26151
5.3758
5.00998
7.50566
5.12251
5.27584
5.92576
4.7181
4.64719
5.1643
4.99966
5.6662
4.9063
5.58055
7.12681
7.80495
5.15248
5.4014
6.7394
6.98141
5.12504
5.76491
5.60057
5.33995
4.77931
7.08362
4.91247
7.98161
6.19191
6.32593
6.83667
4.85634
7.64263
8.02437
6.81615
7.11194
5.00756
5.1373
7.86679
4.65678
6.09665
7.61376
4.16146
4.77965
6.24992
4.77365
5.54214
4.6776
5.35076
4.67141
4.63143
4.637
4.89679
8.47302
6.37454
4.53407
7.24734
8.14181
7.29495
4.60952
4.63083
8.45744
5.25714
7.14673
7.48859
6.9617
7.42967
8.05135
5.21324
5.63721
9.37352
8.09113
6.0334
6.99795
5.34984
5.35328
5.63974
6.16284
8.55921
4.67521
5.0553
6.23427
7.34116
8.38459
7.24399
6.35768
5.09322
7.87773
4.88953
8.53649
8.25748
7.64537
4.76585
4.78614
4.62311
8.80758
7.74978
8.78199
4.85335
5.72508
5.21098
7.02343
9.64214
7.51132
6.65973
4.84115
8.83716
4.76918
8.61304
6.18489
7.75939
8.03946
4.66474
8.07271
4.63277
4.63358
5.94447
5.04674
7.48606
6.99435
5.99473
4.57874
4.84447
6.38239
5.02087
8.06535
4.64563
6.09464
6.48781
4.78131
5.29036
8.1917
5.57887
6.25704
6.69209
5.0609
4.65292
5.57641
5.25681
5.69239
5.17794
4.96284
6.83921
8.16485
5.70895
4.92579
6.07503
4.55696
5.8187
8.70633
7.73251
6.98498
9.79743
5.08646
5.57386
6.89675
5.4261
7.83984
6.12782
5.25633
6.45599
5.54842
5.27616
5.05192
4.91023
7.12743
5.78105
4.7383
6.62028
6.12296
6.5228
5.53286
8.45654
5.55125
6.22486
7.61029
8.11241
7.95948
8.28257
5.54908
5.56704
9.17667
6.52753
4.57376
5.45712
5.51611
6.0679
6.48852
4.6946
8.95999
5.19911
6.31692
6.75133
12.004
7.68886
6.01642
5.17557
6.3471
6.14783
5.0617
5.79564
4.6753
5.80241
5.90281
4.99018
6.44874
4.57132
7.39561
5.67455
4.88584
4.65124
8.0024
5.45743
5.3965
8.11139
5.50556
6.29
4.78759
6.34926
4.65447
5.12917
7.17618
8.69202
5.27368
4.74401
6.59362
4.51615
4.82576
4.7923
8.64845
9.02619
5.0168
4.79837
6.38953
5.18162
7.01843
5.85478
5.61782
7.7541
8.06405
4.82319
4.90664
7.64121
5.089
4.81002
7.74533
7.09462
7.95595
7.24623
6.45379
5.18982
5.17689
4.8549
8.39017
5.59933
7.8451
7.87544
4.87476
6.19743
4.79374
8.07221
8.02647
5.44139
8.40589
7.82494
5.03704
5.28495
6.40377
5.00732
5.12473
4.63913
7.07832
4.98358
5.76794
4.71161
4.57631
8.51858
4.76803
4.69113
4.65221
5.54228
7.24704
5.91638
5.91382
5.332
4.64465
5.94926
5.49467
5.68186
4.9542
8.02626
4.88783
5.38295
5.41993
8.37095
8.04478
5.35285
6.05286
6.18018
5.78123
7.85971
4.62465
4.77817
8.09889
5.98537
4.75539
6.6773
7.89821
5.83305
4.88816
7.80456
5.63086
5.10887
6.37695
4.85923
7.88067
5.3136
4.64888
4.59395
9.17109
4.65629
5.23346
4.56472
8.2151
5.47409
4.65503
4.98081
6.75034
5.39788
6.73581
7.38731
6.70836
5.00697
8.36366
8.17689
6.24772
4.60131
4.65362
8.14803
6.40343
8.5224
5.69691
4.77827
5.90641
5.03052
5.04739
7.58754
7.50779
4.86182
5.05722
9.70393
7.40827
6.09635
5.22837
6.94543
5.81205
5.32543
5.48177
4.68404
5.50447
4.98854
4.55776
8.05989
5.50321
5.64736
7.82214
9.10996
5.06848
4.73732
4.63798
5.78485
8.4062
6.28527
7.868
7.07435
8.82191
4.62221
5.85816
4.86371
4.70487
7.01903
4.92005
4.97137
4.67568
4.68616
5.80826
5.72369
5.50291
6.23083
7.37233
4.86551
8.49548
4.60106
8.26814
5.68205
4.74846
7.52078
4.28417
6.7416
4.41276
7.81394
9.12216
7.68001
5.67519
5.57367
4.74497
5.89293
4.93226
5.08873
5.06335
5.17135
7.07406
5.28293
5.67064
5.04591
5.57314
5.1302
6.51579
7.95857
7.57653
5.43478
7.60405
5.32891
6.99113
5.04463
4.75411
6.47722
7.53877
4.65149
6.63536
4.70897
4.65764
5.87667
4.77419
4.67772
9.06641
7.15913
5.99797
5.02587
6.87633
5.518
6.13681
5.72866
4.78773
5.47346
5.6204
5.78811
4.60813
5.66086
4.80884
5.81099
5.6262
5.07651
5.08697
5.39627
5.12152
5.07219
5.20249
8.29247
7.10353
4.66452
5.81392
6.48874
4.93206
5.03544
4.64096
5.80556
5.51765
7.48985
4.99592
5.77245
5.09099
6.73825
4.83967
4.95005
7.50857
5.10831
5.47353
7.43039
5.66919
4.85616
6.12709
7.03982
7.61173
6.66407
4.90509
4.8121
5.65687
11.202
8.84597
4.96462
4.77828
5.75647
4.92604
4.67885
4.61778
7.89635
4.62167
4.86592
4.60304
6.30815
5.82259
5.47847
4.94356
4.66202
4.65922
6.46097
4.81651
4.60474
5.99888
5.26494
8.52956
5.53157
4.87025
4.64794
4.66769
7.92368
4.58863
6.25556
4.86085
6.06198
7.18053
7.39604
6.48461
9.26301
5.02523
6.58977
7.24506
8.09084
4.82493
4.76772
8.4201
4.79308
5.00978
7.01068
6.29459
5.6481
7.34343
4.57187
4.74322
5.83395
5.97452
5.69861
5.53422
8.1104
4.86672
4.77715
5.07818
4.95203
4.68651
7.83201
5.77924
6.43265
7.17488
7.93446
4.75176
7.12948
5.84463
4.69701
5.55471
4.75726
5.1461
4.88334
7.79602
8.27701
5.09503
5.60607
8.29422
4.67068
6.96806
5.17449
6.31794
5.32413
4.7189
9.12276
8.0742
4.71216
5.82607
8.02416
6.78061
6.75707
4.79565
8.57222
8.31233
4.65234
10.4648
6.59516
7.27509
7.0563
7.60044
8.80466
6.38584
4.90226
4.90288
6.44205
4.69212
5.01804
5.68561
6.2711
5.87151
4.56286
4.73361
4.76502
10.128
9.69507
6.57349
7.88145
5.80979
8.5453
5.49553
4.57114
5.11584
4.65496
7.66393
7.70821
7.15161
6.28843
4.63933
4.77543
8.73766
11.4472
6.38564
4.77008
9.32628
4.81519
5.65044
6.18224
6.57876
7.95871
5.33399
5.62062
5.02132
7.06973
4.7271
6.0426
4.5483
4.67834
7.11233
4.85463
4.81515
4.68139
4.81554
5.2928
5.11198
7.3858
7.69324
7.08071
7.56836
4.63489
8.96397
4.84285
4.70405
7.12159
8.40347
5.58931
6.99298
4.63607
7.53737
7.43341
4.6326
4.57018
4.55351
6.13896
7.18172
7.57656
4.43038
8.8113
4.89101
7.95587
4.27241
4.62411
5.37254
7.37916
5.83629
5.97372
4.6259
6.37884
7.29629
6.0342
4.65711
4.60089
4.66188
7.35558
8.08738
6.32937
5.34272
5.63469
8.01036
6.0256
5.52095
5.62552
8.18195
4.63978
4.63517
4.63311
5.05562
4.63368
4.63057
8.98603
5.27065
6.57825
5.40562
5.52803
4.81426
7.56239
6.27002
8.04662
4.79996
5.74225
5.78232
6.28458
5.06821
5.63298
8.25385
7.10947
7.96035
4.65598
5.70382
4.99709
5.49982
8.04131
5.20954
8.24945
4.66722
5.16472
4.74128
4.67296
4.77943
5.00603
5.03662
4.82644
5.43359
5.18337
7.54737
5.21945
5.16428
4.67324
11.2569
7.53486
4.91933
4.56978
4.72725
9.02299
5.04021
5.06306
4.71426
9.37524
8.88091
6.01175
5.14924
6.4481
7.61038
5.50124
5.7518
5.83321
7.01656
8.00194
5.06679
4.68102
5.89148
7.32863
8.91492
7.45256
5.15837
5.43891
5.99265
7.0057
5.06662
6.1412
7.90808
4.72136
7.61779
6.42815
4.72726
4.72594
4.67837
7.85581
7.07583
5.8844
5.18472
5.72796
4.67212
6.20005
4.90854
6.5944
5.61826
6.28677
6.15456
8.60962
5.99526
4.94578
9.75134
5.13835
6.40815
7.75035
5.1358
7.12658
8.58629
4.61618
6.43647
5.45813
4.78907
4.31253
4.60561
5.54633
8.16121
4.70817
8.20727
5.20902
4.51954
5.74935
5.16155
5.11402
4.71144
5.26998
8.96733
4.65093
8.1183
4.77045
9.18011
5.96916
6.63776
5.01427
4.68589
7.35088
6.09483
9.21119
4.8895
5.50264
7.96711
4.72445
9.31353
9.32456
4.68262
4.73152
7.59099
4.63688
6.59749
6.67622
5.67027
5.22572
5.51765
5.02733
4.85391
4.67665
5.39069
7.09296
4.37145
7.87939
6.16598
4.66808
7.6152
4.72731
5.17188
4.71331
6.29158
7.08696
7.84162
7.14814
5.18237
6.26079
4.921
4.81923
5.11499
4.59824
4.6296
5.13655
6.41437
6.3326
7.1004
6.13908
6.87606
6.59573
5.21516
7.50148
7.51154
5.15296
4.84502
4.93084
6.87624
6.77968
5.30199
4.86844
4.74407
4.7765
4.98795
4.73709
5.17396
6.86974
7.82221
5.08768
7.08731
10.4476
5.15115
7.94393
6.32989
14.8068
5.31895
5.18533
5.39801
6.18512
4.70376
5.15148
5.19881
8.80357
8.01148
8.91696
7.92343
8.07632
8.14195
5.53315
7.90149
6.39469
7.2606
5.8838
5.45555
5.49006
8.99316
8.57561
6.1832
8.53851
6.20853
4.72395
5.69961
9.05255
6.20966
7.40021
7.61578
7.60064
8.00798
8.03984
9.61459
7.58492
7.40506
5.51582
9.25455
7.2476
4.73657
7.56757
7.58659
8.67231
8.112
7.64079
8.0356
7.92872
7.39145
7.89298
6.94784
8.27106
7.93786
5.55609
6.29907
5.02246
8.58505
7.8922
4.93577
6.75503
5.19106
11.4736
4.63131
7.14857
5.08396
6.80057
6.69565
6.78243
6.98499
6.6668
6.74528
6.9672
6.07203
7.13399
9.09914
4.65288
7.06628
5.8865
7.21105
4.6952
4.38441
7.3167
6.2627
7.86401
8.01505
4.94192
5.43945
5.60783
5.68581
7.84526
7.90555
5.88221
7.63504
6.70293
7.20527
6.9261
4.80147
7.89291
6.2573
6.15738
5.29631
8.50157
5.12614
4.66866
4.71495
4.59575
5.51696
6.22495
6.43581
5.03901
7.79397
5.95277
8.34096
5.72848
5.09328
8.4297
4.53539
7.76085
7.70487
5.25791
4.63112
5.77785
6.18409
4.41387
5.43991
4.98191
4.40857
4.6539
6.65926
5.59517
5.93262
6.21697
4.8805
4.73405
6.84553
7.34373
8.50192
7.07791
10.9538
4.69269
5.57599
7.11279
4.58978
8.36087
5.95208
6.84396
7.61035
6.05341
4.64606
4.73691
7.13512
6.87057
6.02998
7.41441
5.88372
7.35752
7.94391
5.73935
7.98052
6.77926
7.98052
7.92903
7.25236
7.42828
7.95002
6.53268
6.15618
5.10205
4.75093
4.7891
4.68175
5.79072
5.08855
5.71509
4.80227
5.65779
4.80823
5.77056
5.75529
5.6959
5.15045
5.68419
5.34162
6.37574
4.96967
5.32566
4.85215
4.8487
7.029
5.37885
7.09953
4.81276
4.68074
5.75042
5.65312
5.32808
4.60392
4.8485
4.84484
5.02112
6.18344
4.67417
4.80348
4.72216
5.53343
4.80068
6.34076
6.06917
7.94784
5.4671
5.80806
8.61102
4.56835
4.56595
7.37636
5.48433
4.65165
6.1841
4.7899
7.89299
6.12123
5.22854
5.07984
4.73994
6.0387
4.6829
6.31387
6.54764
6.59437
6.08344
5.30149
5.7364
7.21764
6.18789
5.74169
4.34601
6.04749
6.1166
4.83229
4.46147
4.73549
5.88496
6.02107
6.08068
6.46903
6.03983
11.3929
6.10969
6.5041
12.1715
5.9631
4.47266
7.27012
4.81699
4.68518
6.37115
7.76756
6.92324
4.98098
7.03957
4.50496
4.46871
5.24715
5.23124
6.77358
6.9119
5.95853
5.75476
5.71694
8.43063
5.17786
7.92812
6.12908
4.82523
5.19784
5.1223
5.42423
7.19341
6.4715
5.23619
5.83121
5.11796
5.78178
4.78856
10.0984
4.59378
5.1415
7.47807
4.96584
5.71448
6.28074
9.16172
5.6836
4.68258
6.37033
6.18235
8.72771
6.43401
5.08569
8.20293
5.6883
5.95879
6.2549
5.93197
4.75353
6.19787
4.98399
6.58298
4.5723
8.45867
5.4627
4.61708
5.60756
4.65132
7.31922
5.27704
5.07843
4.39188
8.47001
6.24497
5.46649
5.96247
5.68297
4.99556
5.68358
8.26227
5.81379
5.62198
8.44892
6.24291
4.6248
6.19334
7.04689
6.0928
4.67769
4.62396
5.42629
5.68325
5.68328
4.64338
7.64461
5.23748
6.20618
8.08983
6.77273
4.38035
7.35482
5.02208
4.97106
4.87174
4.96192
6.19031
7.90176
5.66324
6.13632
7.10189
5.50741
4.91485
6.74303
6.37922
6.73741
4.98687
5.3651
6.77377
6.40104
6.30776
7.68587
4.72419
7.93611
5.3821
6.20677
4.80681
4.92208
4.98776
4.95255
6.40743
5.60509
4.66813
5.05337
4.68045
4.62792
9.53635
4.95498
8.71317
4.70034
6.76571
5.03528
5.12105
5.05521
5.84305
4.68823
4.58836
5.93651
5.6537
5.31555
5.20148
5.59089
5.72014
5.98241
6.42643
7.21324
7.27578
6.1413
7.62176
5.33984
6.0066
4.88423
7.635
5.58478
4.87304
7.75482
4.54239
4.55209
4.98571
5.57438
7.04675
7.77016
7.24138
5.61175
6.92492
6.73006
5.58472
6.85545
5.97901
7.24205
8.39281
5.03351
5.03598
6.49162
7.31236
7.23011
4.74938
6.21496
6.60531
6.47205
4.68254
6.24703
4.59745
6.82995
7.60781
6.77297
6.35623
7.1236
5.26589
6.96981
6.79714
5.00475
5.7159
5.94859
7.24621
6.62745
6.39273
5.04657
4.79673
8.83199
7.4753
6.29768
6.83916
6.78073
9.81179
8.06269
8.10937
10.424
5.64588
4.74811
7.25148
6.0109
6.38155
8.10766
7.3116
8.56624
8.07271
8.04378
7.26434
4.72559
7.37996
5.00811
7.2779
4.65411
4.76839
8.48798
7.37301
5.73761
5.99023
7.60087
7.59858
6.60282
6.22235
6.03257
4.5408
6.24079
7.11704
6.12591
6.07334
7.83917
5.94964
8.27017
8.38273
5.10209
8.20204
4.73641
4.8212
4.70083
7.58039
4.63095
4.62524
8.02779
7.18132
5.20376
4.97888
5.56359
6.19101
5.81079
5.63245
5.27274
4.46456
7.2246
5.56108
8.02491
8.10015
5.56122
5.55859
10.287
7.65334
9.60794
6.16558
4.92386
7.86921
8.38965
8.60999
5.53261
5.2006
8.74462
8.71966
8.53939
6.8283
8.68904
5.15381
5.55867
9.00391
5.21294
5.43697
6.4828
5.10065
9.09918
8.76881
5.55582
5.24728
5.36214
5.26102
5.48046
8.60113
8.76311
6.187
7.90408
5.31638
5.1821
5.38351
5.15447
5.98348
4.83033
5.53302
7.21579
5.98594
7.41774
5.54205
5.48908
6.1678
5.52923
7.28704
4.52918
6.25575
4.51175
4.66922
6.33777
4.68845
5.53183
5.0079
4.61401
4.65246
7.62716
7.30363
4.6668
7.93051
7.32271
6.11804
6.03872
8.31094
6.44165
4.70063
4.70012
7.91498
5.57647
5.02681
5.9271
8.03371
4.94707
6.14193
8.131
7.70421
5.36751
5.57315
8.20081
5.35019
8.13744
5.16768
4.92704
5.65506
6.2866
5.04379
8.17491
6.26119
4.67689
6.30704
4.73106
5.60312
6.28213
5.11473
7.73213
6.61261
8.04199
4.65729
8.03228
5.54803
6.43676
6.26771
6.26235
4.61777
4.59932
5.40207
5.56232
7.81159
6.41024
6.26053
8.4104
6.35795
5.38632
6.38338
7.1685
7.57512
6.84302
5.04644
6.2596
6.55943
7.83817
6.05382
4.55898
7.82661
6.50775
6.58891
4.7644
8.17213
5.56669
7.91165
4.97789
6.11654
6.04395
5.65585
6.34282
4.8605
6.40426
6.48441
7.87524
4.59438
6.45448
5.19945
5.04447
4.83515
4.72662
8.41866
7.39076
8.345
4.55368
6.08607
5.80066
6.11467
6.7267
4.61488
4.60019
5.2634
5.95509
8.07748
4.69948
6.22987
8.17471
8.0296
7.40133
4.62576
5.12663
5.59385
9.42833
4.85258
4.83736
5.73263
8.20682
5.26574
4.67524
4.66306
4.88978
8.13731
4.77929
7.91281
4.78565
6.58846
6.15588
7.79776
7.76657
7.34469
6.21236
7.70929
7.18546
4.54522
7.845
4.61259
4.68171
5.92105
5.67875
5.59019
8.49409
7.13622
4.67592
5.14894
4.96953
5.43482
5.20572
5.77522
4.71073
7.46618
4.90421
5.55744
6.45056
4.65669
5.16877
6.24026
8.46124
5.09988
5.99967
4.7057
5.62531
5.22805
6.87529
8.97528
7.81714
4.97687
5.45979
5.15681
7.53096
5.95139
4.71754
5.68178
6.48355
5.58109
9.78843
8.03073
5.40595
6.90642
4.61906
7.30843
4.85183
5.63652
5.05757
8.7045
7.90898
7.80313
5.65316
8.52633
9.35816
7.53764
7.82576
7.2384
8.93412
7.9272
6.3885
5.6872
4.97202
4.66023
4.71112
4.73398
6.35405
6.29769
4.5864
4.81027
6.17604
6.60886
4.65041
8.15308
4.81209
5.68769
4.57779
7.91436
6.3598
6.65226
9.22164
4.62588
5.79409
4.68331
4.76095
6.18248
4.70979
7.05606
4.67811
5.01456
5.6529
5.69485
7.35093
4.82841
9.43477
5.56648
4.62264
4.89989
7.52152
4.65961
4.64406
7.85217
4.664
4.63533
4.73344
4.60832
4.79396
5.56714
6.3061
4.7709
4.74906
4.51986
4.70728
6.72791
5.03848
6.75567
4.99462
5.50268
5.99057
5.82476
7.10025
8.12843
4.88899
8.81993
6.07363
8.4648
6.18855
4.68851
5.68895
5.00207
8.43244
4.82541
8.41262
4.65376
4.9305
4.66842
4.53143
6.45352
4.50534
7.57365
4.76737
8.08735
4.8654
7.72767
5.9725
4.74602
5.70483
4.51265
5.647
8.75833
4.46061
4.73478
7.53568
5.63273
5.86696
5.03799
7.46002
5.07408
8.5728
8.85647
7.43628
6.22602
6.73249
11.6388
7.94409
7.0618
4.91546
6.29655
4.64138
4.72581
5.05572
5.05405
7.70718
6.41217
7.45847
4.68473
5.66361
8.14726
4.90268
8.54137
7.64367
5.25874
5.97972
5.02377
8.1976
7.29289
4.70785
4.82603
6.13778
6.10629
8.11897
5.14756
6.76979
8.01144
6.24079
5.20917
4.73728
5.2244
7.29233
6.53181
9.85402
8.37621
4.70028
8.33374
6.34518
5.56996
5.67063
4.6135
4.80955
5.84745
5.06831
6.03318
4.69122
5.58623
5.7689
4.67058
4.66949
6.51058
5.16547
5.78503
6.79109
4.76254
5.44045
5.0963
4.87316
5.17816
5.30349
4.9071
7.97095
4.72001
6.96877
5.36538
7.4607
4.70214
6.76433
4.63073
5.8718
5.36496
6.32253
6.56441
6.12603
5.35209
4.06051
4.62165
9.50712
5.26633
4.73514
5.5815
4.68538
7.66597
4.55303
4.53284
6.06085
6.25943
7.13904
4.89434
4.67117
4.76539
5.23302
4.58942
4.58857
4.8234
5.20865
4.911
7.10746
7.27437
7.55179
9.47136
9.42366
5.0606
4.62968
8.544
5.18286
7.29683
5.09124
9.63726
4.85147
7.90067
5.91911
5.24276
5.23323
9.31818
4.57996
5.10204
4.69885
7.3964
4.61495
4.85557
4.69717
8.83107
4.71603
4.52395
5.08426
5.94257
8.58701
4.71985
4.58125
5.10727
5.0589
4.87113
5.22549
5.17676
4.61041
4.93775
9.33378
5.54766
4.67924
5.25333
5.25323
4.67459
7.7184
4.71769
4.36786
4.71886
8.03804
9.35501
7.73804
7.97272
6.13868
6.23684
5.20642
5.61755
6.63943
5.35916
7.8976
5.15843
6.26327
7.81339
4.3049
7.96773
4.5287
4.96298
4.65917
7.81472
4.73835
8.75564
6.03923
8.14938
4.69094
7.317
6.70644
8.02846
11.22
4.55269
6.61851
4.61168
4.60222
4.49013
5.13345
5.99558
9.20629
9.16307
4.56035
6.36964
6.03669
4.86293
4.60284
5.27166
5.55058
7.51846
5.64532
5.38942
7.38233
7.94798
7.92131
4.81724
8.6081
4.71221
8.47169
4.59425
6.40461
8.39272
4.83997
4.38898
4.84392
4.71427
5.37681
6.54249
4.6427
4.53866
6.29621
4.52144
7.53186
4.88371
4.78319
4.5576
4.5684
4.57698
7.84946
4.6414
6.5339
4.88727
6.09324
6.26273
6.20576
6.06482
4.41807
5.00668
4.71451
5.48482
6.77795
7.53962
6.17841
5.71668
5.3443
8.77799
5.84002
8.4326
5.07719
6.82334
6.25776
6.14351
4.88671
6.11135
6.29007
8.01485
5.12495
4.48116
5.22634
5.899
4.67354
6.08215
4.67284
4.87526
7.29218
4.76901
5.02922
4.64407
6.03918
8.05076
5.49252
8.1582
5.76363
6.96306
4.84454
5.22328
8.40554
4.63826
5.50688
4.6591
5.52223
4.71376
5.98661
7.52636
6.07649
6.82473
4.96122
6.19937
6.4285
7.75763
4.62323
4.6389
6.32935
4.64425
5.5317
6.35248
5.08505
5.89049
8.07079
4.6177
7.54196
5.92901
5.68327
8.17858
4.89376
5.71403
4.65599
4.87029
6.96051
4.69015
4.90155
8.18501
8.1087
5.0866
7.25929
8.0115
4.67452
8.10529
8.0458
7.92474
4.37048
5.11987
5.12076
5.06805
5.48919
5.36933
4.95574
7.39789
4.46153
5.31416
5.78336
8.14198
6.09154
8.11466
4.92172
4.88894
5.99027
4.62903
4.50276
4.55338
4.82047
4.74323
4.8739
7.00765
6.73837
13.9094
7.44372
9.41339
9.3516
9.28547
5.39528
4.8016
4.79381
5.90682
5.19179
6.73378
4.6322
4.61663
8.80553
6.28275
4.85769
6.36337
5.10347
9.28224
5.3132
4.69556
5.15733
5.57424
7.99725
10.033
4.66535
7.86022
6.62425
4.61609
8.90654
5.58189
6.99317
4.6106
6.56241
8.01735
5.61798
4.73269
5.14855
4.82133
5.94784
5.28289
7.31576
7.34159
5.8354
6.67683
5.03415
8.22582
5.62038
4.85569
5.61806
6.1887
4.53142
4.52256
8.04439
7.11279
8.19006
5.59714
5.21337
8.10284
5.00714
7.11949
5.04511
6.38465
4.44136
4.63993
4.86117
8.41379
8.59825
4.5573
6.39836
6.08727
4.57349
8.12861
6.09089
7.06259
4.77602
4.86013
4.67522
5.63363
6.05234
8.10172
4.70482
4.49574
4.3405
9.72592
6.23455
5.01454
5.67746
4.63521
6.94843
6.22704
4.61364
6.53824
4.72703
5.9623
5.83576
5.1243
5.79164
5.28739
5.03184
9.01788
6.35837
5.39525
5.13432
7.39192
4.31205
5.3786
8.16483
5.28077
4.29827
4.46925
4.4689
10.2532
5.45036
4.97898
6.70291
7.0474
5.9918
5.52264
4.62348
7.89588
4.82368
4.68522
6.36799
7.12061
8.33065
4.83887
4.82981
5.36512
5.62927
4.61932
7.20085
5.80896
9.19606
4.73178
5.61537
7.11506
4.48887
4.39348
4.61487
8.07598
5.50129
5.06163
8.10332
4.78515
8.06617
4.90821
4.87833
6.89426
5.82713
4.75192
8.97668
6.75222
8.40561
4.70667
5.62951
5.23095
6.87988
7.79462
4.87751
4.76543
5.33457
4.39592
8.49696
5.45514
4.74409
7.49087
5.71444
4.74367
6.72084
4.90225
8.16718
5.13055
4.52664
4.66748
8.16915
6.99586
7.97324
4.8175
4.6332
4.62224
6.1886
6.32371
4.74112
4.63045
5.21244
4.75642
5.83851
7.31263
7.31568
5.88001
5.05261
4.88311
6.1986
5.0546
4.81842
6.36916
8.88679
6.69201
5.20611
9.3073
13.1622
6.16247
5.02209
8.18425
8.26316
4.84905
8.17997
6.61339
4.61195
4.70997
5.02486
4.6028
4.60247
6.20273
4.52549
4.53137
4.26918
9.25174
5.79259
5.89289
9.32591
5.22137
5.03857
4.62987
8.09631
8.1197
6.37015
4.7234
5.96436
8.33662
4.89686
4.5836
4.70191
4.81642
4.74214
5.59485
4.97532
4.51911
5.10267
5.95
8.02431
4.80602
7.81607
5.61308
4.76104
4.74319
5.26476
5.57435
7.36809
4.74388
4.56678
7.71416
4.57241
5.02929
4.66774
6.01253
5.53124
4.70042
4.99496
4.6368
5.17659
4.71288
4.7222
6.61238
4.67399
6.26658
5.60242
5.47164
5.94517
6.2788
4.68317
5.78772
4.72245
4.74151
4.79449
4.64948
4.94203
7.91746
5.05596
5.80984
6.39509
7.79366
5.465
4.68352
4.67121
5.12174
5.67552
4.52144
5.13184
8.14028
4.57363
4.55267
4.63054
5.03197
4.36521
6.45399
6.81951
5.57746
6.9255
9.85044
5.20306
4.71029
4.59314
6.70506
6.25463
4.77715
10.1774
5.04969
4.68074
6.97816
6.25245
5.72593
7.52534
4.33641
6.93807
7.79613
4.78653
5.49797
8.15038
5.44797
4.987
4.69977
4.8323
4.54856
4.67697
7.01929
5.33583
4.68044
4.68107
5.44098
4.60339
7.04166
5.7765
8.91585
4.91439
6.33114
5.09613
4.69668
5.88659
5.24736
4.66749
6.40915
8.55319
5.23846
6.3089
4.88849
4.64734
7.31826
4.72695
4.56341
4.71607
4.55564
5.15216
8.36237
4.57829
5.79696
4.85447
5.4613
5.14434
5.03884
5.15847
7.47157
5.07252
9.01948
7.85287
8.5812
4.63675
10.1241
7.95489
5.24354
5.14968
8.03335
6.17279
4.6679
5.79377
4.70372
8.42935
5.22566
7.62207
7.57969
4.6881
5.38303
5.08177
4.69853
4.85192
9.0859
9.33493
9.81866
5.99347
7.55799
5.46031
4.80482
5.18645
4.72899
7.81465
6.27559
4.82916
6.70839
4.70393
4.87319
4.74751
4.89562
4.59503
6.60452
4.79803
4.79406
4.5331
4.33822
7.57748
4.83809
4.59018
5.89595
5.07353
4.66917
5.51729
4.6851
4.85057
4.70744
5.98344
4.68794
8.69354
5.40463
4.87587
4.68439
5.13805
5.70066
6.8562
5.00178
8.26831
6.64942
6.59966
4.3686
4.69097
5.57009
6.0184
4.62
6.57098
5.35753
8.3001
8.10368
4.82834
5.93926
4.65471
7.47027
7.39388
4.64996
4.63385
5.54224
6.21481
5.35832
4.68718
7.24992
4.69011
4.6236
7.58306
4.95389
8.32253
5.83602
5.3108
4.85956
7.38932
5.088
5.0706
4.63589
4.60323
5.26397
8.0934
4.93967
5.50692
4.76005
5.2172
7.19997
5.50118
6.21203
8.10541
5.2557
5.93888
6.25379
6.73339
8.13253
8.40879
6.40683
5.28756
5.29312
9.81338
6.23499
5.03876
7.85844
4.58885
5.5463
8.69226
5.5863
5.62334
6.11473
5.70742
6.53197
5.58563
4.6211
4.62041
4.65569
6.0167
5.24622
9.41809
9.28683
8.09999
5.12417
4.81811
4.79135
5.31286
4.79989
5.25864
5.27765
5.381
6.27865
4.80651
5.44835
7.17475
4.65201
6.39728
7.54922
6.19403
5.68149
4.81747
4.50746
5.5369
4.74901
6.07423
4.81356
6.09854
4.79377
4.21243
4.6206
4.71952
5.16723
5.57614
5.20983
5.79074
5.09037
6.11568
8.48085
4.77529
4.82183
7.47333
5.10661
6.8585
6.2138
4.61989
7.58172
4.63225
7.76768
4.66267
5.75826
4.62613
4.57834
4.64344
4
4.87156
8.45255
6.61887
7.72031
7.82869
7.22686
5.15503
5.36742
6.35637
4.22447
6.98894
4.48907
4.58757
4.8286
4.40086
4.54688
4.53734
5.29113
11.443
4.54559
4.84472
5.25868
4.8097
4.62192
4.72056
4.8552
5.04543
5.0015
5.20094
6.2717
8.13564
8.03979
5.61042
4.93972
9.36568
4.76713
6.65754
9.16247
6.20729
9.04089
7.31669
4.64427
4.86478
4.85641
4.77597
4.55411
4.58039
8.11963
4.85833
4.80411
4.74938
6.15782
4.79441
4.98153
5.72092
6.15016
4.76271
5.42849
5.39066
4.23104
4.80871
4.65581
9.30466
9.20451
4.80669
4.74617
7.60679
6.66243
6.24875
4.72122
4.61126
9.97747
4.55293
4.63838
4.77721
8.3804
4.63445
4.96175
7.56173
8.27722
4.87323
4.91805
5.70468
5.23811
6.13902
4.87841
8.38553
4.79582
7.00159
4.85287
6.97027
4.58032
5.90071
5.26058
6.11536
5.03664
8.03324
6.8705
4.81666
4.62292
4.88013
5.71447
4.41939
4.29387
9.52043
4.75314
4.73254
5.83053
4.74427
8.13803
4.94463
10.743
5.32678
9.48272
4.45301
7.34004
4.57168
4.6099
4.77139
8.78803
5.39446
9.25451
4.61216
4.42085
6.01653
7.39731
4.81774
4.63663
4.77815
5.11887
7.57455
4.71846
5.3368
6.22072
4.74768
4.46906
4.83835
5.03182
7.58534
4.08558
4.72368
4.62611
4.53367
5.3883
4.68928
4.90871
7.69595
4.79818
4.75856
7.44797
4.80804
4.5691
4.56815
6.26535
4.66883
4.76044
5.00108
4.60985
9.95711
4.92857
6.24126
7.55927
4.95839
4.67332
6.38632
6.12763
5.79152
5.37213
6.93643
4.60662
7.22181
6.77012
4.81761
4.62759
4.72468
4.80452
6.45417
6.25966
4.92628
4.72303
4.30644
4.78052
4.46873
6.12591
4.81721
4.77231
4.79409
4.41604
6.22852
7.15009
5.01462
4.80343
4.94143
8.17394
6.42295
4.97
5.03724
5.52305
10.7896
4.8836
4.76601
5.46955
6.69112
4.8556
5.64617
4.78116
4.58275
6.74733
7.41817
4.88659
4.58923
4.65102
5.51829
4.392
5.08234
4.31193
4.85242
4.99831
7.2874
4.68829
5.27925
5.63784
4.95216
5.54982
5.69041
7.13183
4.68207
7.92235
9.46777
5.44428
4.72472
4.70672
5.34154
5.01485
4.85823
7.34181
7.053
4.80083
4.66041
10.6612
5.25598
6.5073
4.73548
4.53733
6.80576
4.64467
7.25619
7.85475
5.81515
4.78251
4.84512
5.57759
6.59965
4.43414
4.81091
8.60912
4.92876
8.00204
4.91431
7.5857
5.23343
5.89557
4.98678
6.4102
4.86106
4.78312
4.55344
4.77553
4.86852
4.49306
4.51749
4.46079
4.54665
8.84315
4.75411
5.16139
4.50562
5.78816
5.07543
5.69633
4.46479
7.13868
4.7745
6.04887
4.68099
5.20599
4.84788
4.65818
4.59413
4.57209
5.0343
4.73776
6.49643
4.85215
11.7337
7.32785
4.91652
4.66595
5.70643
6.15021
4.64065
6.85595
4.76841
8.52409
4.51322
4.67504
6.9822
4.76426
13.8504
8.91668
4.8505
6.83671
5.32806
4.67588
7.63082
4.73814
5.16565
4.77842
7.09096
4.72368
6.32008
6.653
4.74007
4.80531
6.32162
4.48611
5.88995
5.341
5.68745
8.27462
6.1459
4.98012
5.15418
8.49442
7.61713
7.70324
5.09382
4.64308
4.61789
5.01478
4.74595
4.84317
4.77577
6.36268
4.60027
4.1582
4.48959
5.6146
9.08629
4.4815
6.65731
4.61594
7.73052
4.84334
4.656
4.64223
5.43149
5.46435
5.60022
7.74572
5.59529
4.70186
6.02442
4.73035
4.63511
4.48794
9.57842
4.74147
5.4927
7.24683
5.59093
6.02298
5.40453
4.81467
4.64997
6.93146
5.23791
8.11621
6.61979
5.18024
7.02025
4.55703
6.02955
4.442
5.20897
5.60483
6.83463
5.51874
5.03591
4.75336
5.35735
4.8464
4.77746
5.09404
4.49775
4.4437
4.48884
4.89177
4.80201
5.10845
4.9715
4.55286
4.54587
4.71399
4.17485
4.7606
4.6604
4.77832
4.75946
5.07578
4.61236
6.22852
7.7681
5.68657
4.75722
4.45264
4.62022
4.69073
4.62775
5.13123
7.10526
4.91553
6.39152
9.54345
9.28196
4.73885
5.93341
4.67307
8.17009
4.79073
4.58407
5.24231
6.01264
6.29228
4.87662
4.56527
7.61101
7.70735
4.44997
6.46416
5.27968
6.82797
4.66385
6.0987
5.36269
5.20437
4.71789
4.77027
4.58456
7.84617
8.4757
5.1337
5.20795
4.75931
4.80402
4.71074
7.39175
6.40895
10.1468
4.68894
5.08694
6.37098
7.15545
7.19187
5.5596
4.96611
5.26793
4.59882
6.04758
6.23099
4.70021
9.50842
4.83363
4.7169
4.75124
4.84322
4.60573
4.63373
4.59776
10.5645
5.08964
7.0255
5.28805
4.76793
7.97222
8.74052
7.82189
4.61605
4.76552
4.76024
5.39377
4.75807
6.20304
4.83804
9.66269
9.44618
5.87516
4.55628
6.87091
4.76508
4.74416
4.85481
4.77334
5.01327
6.93913
5.20027
4.36435
4.63624
6.06796
5.76411
8.83132
5.83935
8.10329
4.65769
5.79962
5.88266
4.75806
8.61956
4.84766
5.1087
4.7085
4.48111
5.34457
5.08449
5.54455
7.16376
4.97574
4.39604
8.36373
4.81947
4.8293
5.46455
4.62651
8.33226
4.56245
4.55222
4.56311
4.75092
6.23238
5.43979
6.04389
5.3547
4.57429
5.31212
4.72361
5.93074
4.25785
4.54146
5.17193
4.96188
6.59069
5.90712
4.71421
4.66778
4.74771
5.20326
7.0124
4.66693
6.43985
4.69635
4.76041
4.65174
4.75726
6.96409
5.4743
6.31764
4.76499
5.12961
5.16161
4.56519
4.65753
4.85825
4.82549
4.61605
4.78429
4.75467
4.45691
5.12192
7.43283
5.91121
4.73953
6.28204
4.89382
5.05647
4.41139
5.41435
4.63179
4.6099
6.11952
4.79763
6.12063
5.18221
4.6458
4.47278
5.16522
4.79513
6.02471
5.17729
4.69585
7.5648
4.59143
4.56848
4.67176
5.91767
4.6489
6.00609
4.44036
6.02419
4.71177
5.15374
4.70501
4.78946
4.65172
4.76816
5.38135
5.22768
5.1142
9.27574
7.14847
7.72024
7.05303
4.69809
5.11725
6.88172
6.02767
5.62961
4.84832
4.95615
7.18698
4.7449
8.16276
6.09801
5.11797
7.67559
8.54452
4.75989
4.62179
8.96198
4.79338
5.13655
8.86389
4.59971
4.85747
4.7284
9.43987
5.35129
8.52583
5.24989
6.3726
4.65245
4.19469
4.61038
5.66597
4.76049
4.93499
4.60796
8.21821
5.96419
7.98855
4.7217
4.60818
9.19609
4.5986
4.60628
6.22781
4.70321
6.39639
5.16704
5.13451
5.32477
8.52078
4.87523
5.50195
4.49221
5.20557
5.48509
4.65808
5.46497
7.30285
6.58521
4.7413
5.60373
5.04729
8.32525
4.59433
7.97941
4.7316
9.3321
5.86958
4.2836
5.61719
5.33673
4.72224
7.7664
5.19285
6.8872
9.14956
5.56815
7.09262
4.41606
6.64493
6.80009
5.57946
4.68924
9.0217
8.26442
4.6647
4.89218
5.20882
6.1272
4.26333
7.24803
5.47903
5.26721
4.71953
5.37507
4.59716
4.62607
5.04262
4.75677
5.20548
4.71284
9.48816
9.31015
5.15501
5.91527
4.79935
4.95511
4.61012
6.19729
4.69127
9.42333
4.68514
4.7366
4.6137
4.74218
4.73071
7.22853
6.34764
7.67642
5.53731
8.45423
4.58651
4.63357
9.5571
4.70276
4.74281
6.09234
9.13912
4.96345
4.71135
4.17496
4.70783
4.77393
6.38757
5.5435
7.59662
4.58119
4.60906
4.63713
9.40118
4.82444
4.75201
6.5358
4.42628
4.58329
6.72238
4.77119
4.67089
9.33314
4.96914
4.69095
6.68643
5.07703
5.65363
4.84342
5.78402
5.30535
5.56654
5.66669
8.44046
6.17423
6.16404
8.11773
6.26408
6.24751
4.66035
8.31599
4.69445
4.61482
4.59168
4.68735
5.3306
9.47653
4.53174
5.35624
4.74954
6.26575
4.78876
5.80375
4.77707
8.88744
9.10859
5.61071
4.66956
7.95353
4.99975
5.08579
4.94927
6.42616
5.80368
4.72882
7.97253
4.60624
7.68806
4.69609
8.44032
4.47085
5.23973
4.60169
4.78862
5.81639
5.06033
5.49154
6.48078
5.90142
5.83099
4.61372
10.1201
4.55946
4.79373
4.35578
6.58143
4.83501
5.9342
4.41249
5.56561
4.6682
5.04965
7.15716
4.76402
4.93899
6.82462
4.84163
4.73328
4.65525
5.427
4.74566
5.66048
4.98539
4.65963
4.9128
4.63338
7.17449
5.215
4.7514
6.3994
8.66526
5.25277
5.64144
5.03442
9.00137
9.12623
6.08002
4.77824
5.64887
4.48967
4.4508
4.76591
6.86915
8.27483
4.76807
4.79509
5.90074
5.48588
4.40387
4.99114
4.8882
8.16016
4.7803
4.60751
4.82008
5.52194
6.71874
4.64664
5.27245
4.73618
5.18493
4.22663
5.33305
4.79702
6.155
4.71481
5.09885
8.62966
4.49072
5.29356
5.26362
5.03609
6.22387
5.58003
5.0664
5.36249
4.80939
5.02478
4.95704
5.81167
4.81735
5.624
4.96093
4.62978
4.68762
6.07364
5.39443
5.93438
5.10764
8.76795
5.67479
5.12662
5.35387
4.79416
5.47962
4.72902
5.37269
4.59044
5.09125
4.55025
6.32024
6.05968
5.39946
4.80269
4.87189
4.61619
5.58731
5.08388
7.82021
4.64393
4.66987
5.03301
5.57459
6.59072
5.77355
6.67311
4.67278
6.61081
8.0126
7.74686
7.82401
5.59677
4.85278
8.06544
4.98186
10.4114
4.82176
4.66865
5.60863
4.57299
4.7838
6.43434
4.7734
5.80133
4.73429
5.21038
5.43394
6.15874
4.74512
5.78112
6.5068
7.09726
4.92489
4.66152
4.80062
4.67739
4.81158
6.29378
4.62225
5.83258
5.11168
6.69924
4.45905
4.60789
6.49791
5.04896
4.78058
7.65911
6.32409
7.64456
5.70801
4.87053
5.83005
5.78811
4.85671
4.42304
4.12507
6.131
4.53032
5.75803
10.602
5.46985
4.77505
5.24492
5.13599
6.6181
7.8074
5.21987
4.69801
4.97126
4.47462
4.78525
5.92624
4.64064
4.57812
4.65639
4.56718
8.3549
6.03563
4.75296
4.74336
4.42361
4.83262
4.65147
5.02736
6.05616
4.81053
4.96891
5.95338
6.62463
4.92045
5.07354
4.66447
4.42699
4.67347
4.8863
4.59618
4.78734
5.68597
5.24096
4.857
4.80184
7.1332
7.04248
5.40753
5.0398
7.94211
6.01496
4.85655
4.63929
4.98204
5.22359
5.73162
5.24167
5.55749
4.72012
5.1687
4.69633
4.69005
6.80529
4.68075
6.77806
6.5294
7.07042
5.15537
5.61093
6.58848
4.86533
6.72573
5.79382
6.84947
4.99389
4.7529
5.73901
4.75267
4.57458
4.56657
4.76423
4.72231
6.08405
4.87752
4.71004
8.37993
4.615
8.36004
4.62375
5.78803
5.41895
9.17484
5.64844
5.11943
4.78155
4.85208
4.97486
4.59763
4.98854
4.59817
5.03304
5.64576
4.85123
5.1053
4.62297
4.80288
6.5876
6.36953
4.7746
4.79945
4.80007
4.7182
6.38057
6.53167
4.84773
4.61263
7.20427
6.66132
4.90814
5.51784
8.22074
8.70642
6.50576
5.3852
4.6917
9.92536
9.25555
4.52297
4.70819
5.25657
5.13645
4.63907
4.75272
7.7331
4.7716
4.86131
4.63809
4.61593
4.80743
5.18358
5.14497
7.19576
6.48341
7.03526
5.18469
5.19503
6.88162
5.03721
9.41589
7.6973
6.29901
4.53797
5.30564
5.99016
5.41324
9.20221
9.19689
8.56333
4.86162
7.52615
4.84506
7.88254
5.48029
4.87185
4.90875
7.8051
5.57875
8.81322
5.1509
4.97147
7.04343
4.715
5.27869
5.52989
4.80773
4.67628
6.84172
8.21216
4.75813
5.55634
4.48928
4.85736
8.58304
6.35662
4.87243
4.69601
5.41479
5.97573
4.6296
7.89451
4.48432
6.57031
7.46632
5.56536
7.12102
6.90266
6.13629
4.63314
7.41766
4.80219
4.75179
4.71487
7.70468
4.68405
5.19263
4.75715
4.78764
6.13676
9.01738
4.84532
4.70056
4.57705
4.65932
4.94833
5.00501
7.56007
5.15622
5.1539
5.86105
4.71383
5.0361
4.53675
5.22016
4.71076
5.26228
5.60081
5.31987
4.78566
4.92705
4.62521
4.60742
4.95572
4.68305
4.82193
4.42418
4.52374
4.50084
5.09695
8.03785
4.34239
4.78483
4.71517
5.73179
4.76333
5.64439
4.77442
6.15266
4.66409
4.63569
4.61143
8.86118
4.76287
9.46617
4.93531
5.5273
4.98222
5.31397
6.47394
5.52549
7.1684
4.71494
4.89167
4.48476
4.70167
5.15214
8.61502
4.94754
5.42289
5.6585
4.87145
8.51838
5.18619
4.64173
5.62678
4.64963
5.38047
6.70922
4.79765
4.43509
5.65843
5.17652
7.34492
6.49669
4.70194
4.79933
5.57759
5.7208
4.62566
5.39077
8.31937
7.08897
6.54415
6.50469
4.78827
4.73233
8.29582
9.48081
4.72182
4.73148
4.67675
4.85245
6.58026
4.88349
4.71433
6.10689
5.79256
5.27981
4.91183
5.17216
5.49971
6.2972
4.69497
4.80143
4.68263
4.89449
4.53977
5.10015
4.61556
4.85409
5.23711
4.59857
5.63872
5.6108
5.29063
6.85253
4.78234
4.84521
4.71669
5.28274
4.68948
4.79337
4.98108
4.72223
8.23622
8.21696
4.72175
5.90669
4.62832
6.67783
7.30709
5.82896
4.65052
5.08371
5.61229
4.93495
5.48074
8.86227
5.57052
4.6792
7.58876
4.40832
4.55507
6.43945
4.63994
5.85986
4.48647
4.62759
5.60651
5.73017
5.90585
4.80147
5.2077
6.41496
8.15927
4.89917
4.74201
4.90943
7.587
4.66151
5.24544
5.41383
6.91338
5.32431
4.77242
4.69941
4.61623
5.13055
4.68469
4.81328
5.98163
4.61386
5.52862
5.61556
4.7601
4.71904
4.7103
5.01404
8.57983
4.76082
6.06785
4.69244
5.14579
4.60851
4.63859
5.08558
6.60964
4.75957
4.62113
5.66483
7.52228
4.75198
6.30578
4.73577
5.21422
4.87199
4.54882
7.89013
5.29489
5.38021
5.21592
4.86201
4.87989
4.84823
6.86732
5.38466
5.535
5.09866
8.13388
5.26191
4.92036
5.60504
4.92915
4.52983
5.46302
5.53348
5.18061
4.72248
4.84375
5.17432
7.40186
6.96931
6.44357
8.07962
7.66489
5.24612
4.43005
4.65879
5.93233
4.64591
7.25196
4.58661
8.27687
5.50283
5.15612
4.31901
5.69983
4.57553
4.59438
5.64113
5.05632
7.89062
4.59389
4.58224
5.52998
6.29354
4.71318
4.80658
4.28783
4.67609
5.58288
5.72658
4.63073
8.36644
4.9201
4.64074
6.40564
4.6343
8.88127
4.72266
5.43144
7.62346
7.88312
7.82223
4.75228
5.76543
4.80118
4.71962
4.85768
4.83354
5.44525
4.70918
5.28158
4.64715
4.79314
4.89563
5.0502
7.39459
5.12802
8.06408
4.86663
4.68276
4.69194
4.93428
4.68782
8.93134
6.03517
9.34236
6.10586
5.70889
5.16775
4.971
4.90567
4.66708
5.05095
4.61503
5.84201
4.71193
7.20084
4.68843
4.78274
4.83721
7.69422
5.804
6.34186
4.67061
4.67731
4.65656
5.35813
4.84812
6.98555
6.25825
4.63827
6.01058
6.65413
5.69796
5.58205
7.62692
10.0913
4.6794
4.89122
4.6665
4.91497
8.69822
5.36251
4.66063
9.0045
4.7664
5.20863
4.85924
5.52121
7.52264
4.75239
5.25344
8.27749
4.68589
5.4368
5.19557
5.21546
5.71828
6.15917
5.11952
8.03127
4.69152
7.41223
5.09858
5.07334
5.12572
8.73711
7.07449
5.62608
7.23591
5.08293
5.22614
6.77981
7.83832
4.78946
5.04965
8.16937
7.06991
6.42467
4.81303
4.58134
8.62136
6.31342
4.63872
4.64928
8.84003
9.24014
4.8029
4.65873
4.85392
5.18272
4.99832
5.39854
9.58282
4.63288
6.56683
4.46286
5.36805
4.99023
4.32362
8.47488
4.77044
4.86112
6.10133
4.48821
4.55469
5.00578
4.68764
5.40895
4.4356
6.89786
7.38923
8.28348
8.32029
4.70656
9.3462
4.71222
4.57954
4.6574
4.7302
4.47678
4.81477
5.16153
5.08518
4.49575
5.12979
6.79122
4.97982
5.05181
4.77259
6.28987
4.88263
4.66294
4.7748
4.92571
5.51502
6.54451
4.75991
4.98483
7.91554
5.27758
4.79325
8.74523
8.48471
4.64544
5.36286
4.79849
4.69713
7.93495
5.05453
4.85181
7.64238
6.48487
5.33119
4.82776
4.65675
4.63136
5.31121
4.64745
6.34438
4.75609
4.69562
4.60293
4.88769
7.52715
4.68387
6.28637
7.454
4.69425
4.79716
4.70192
8.03347
4.58794
4.52134
4.81604
5.59507
8.15256
5.12685
4.90402
4.62329
4.48937
5.44027
4.83563
4.89393
6.16768
5.08909
4.70429
4.63612
5.92086
8.06264
4.62568
7.12541
4.71962
6.53561
4.59445
7.88443
8.58968
5.68958
6.36114
5.2397
4.8993
6.97238
5.78519
8.10957
9.25469
5.45008
5.8092
5.3123
8.47952
6.57889
5.08517
12.3095
4.7612
6.44502
8.30455
4.93482
5.1218
5.21842
4.46954
4.66814
4.48205
4.74937
6.24136
4.65825
5.69864
5.46489
9.21967
4.99098
4.58018
4.6052
8.2034
4.36647
6.82554
6.55062
5.79137
5.43395
5.69505
4.51626
4.45899
5.85064
7.89825
7.44046
4.73945
4.66723
4.26901
4.77776
6.41991
4.62188
7.64921
4.63338
4.7045
5.33549
7.80546
4.59779
4.66527
4.59033
6.61483
4.37979
6.10168
5.14621
4.79921
5.91749
4.67136
6.45255
6.01067
5.02078
4.63705
8.36477
6.35614
4.51441
10.2211
9.7917
4.71701
5.18785
4.74865
8.72222
4.66435
5.01785
6.96248
5.14508
6.36808
4.78269
4.69891
4.68689
4.63864
6.15661
5.08595
6.70038
4.92086
4.47193
8.51145
4.96269
8.58471
5.54379
5.06932
4.59916
5.44544
5.70901
4.61483
4.81096
4.87284
8.0227
6.35363
4.66924
5.38156
5.62339
4.80442
14.0584
4.71243
4.64748
4.65844
4.8043
7.96269
4.77397
10.035
5.32129
5.10926
14.0313
4.79578
5.57806
5.11671
4.50046
4.75381
7.61199
5.8628
6.13605
4.60618
4.83191
4.66867
4.51606
4.775
5.7076
4.74665
6.30473
5.09988
5.72121
9.23487
5.79362
4.64933
4.79137
4.82786
6.67597
5.36627
4.47973
4.88017
4.60977
4.59739
7.04203
4.81285
5.76389
4.76933
5.29472
4.64061
6.54959
5.13208
4.6603
6.32094
4.79574
4.72095
4.63132
4.5863
6.21707
5.23717
4.84049
4.86058
4.7569
5.20111
4.69766
6.52002
4.62704
4.58917
4.85341
4.68575
4.40416
4.67337
4.72615
4.285
4.70788
4.57153
6.82982
4.71875
4.20188
9.25151
5.94121
4.71185
5.07645
4.68368
4.9804
4.27867
4.94731
10.0188
5.66956
5.84406
4.9704
5.68002
7.7947
4.65063
4.85535
5.46425
4.77644
6.69027
6.34443
4.76861
6.97563
4.84738
5.24643
4.7795
4.94627
7.29029
4.92254
6.37141
6.9028
4.78291
5.26718
9.6065
6.23903
9.74809
5.01626
4.63411
4.46905
5.48658
4.90888
5.08968
8.6074
5.82143
8.04029
5.10409
5.80453
8.92566
9.56071
6.1864
4.81259
4.6072
4.81963
4.91097
5.71449
7.12576
5.5537
5.29031
4.7596
4.87104
8.04361
6.69647
6.52098
6.17689
4.83007
7.26479
4.76646
4.80983
5.03577
4.66718
4.73337
5.64513
5.32931
4.70698
4.81792
8.97002
5.43376
7.10166
5.84075
4.62886
5.09963
5.66915
4.67963
5.03803
4.91674
5.66086
7.21425
5.02202
8.55632
5.97758
5.05917
9.05008
4.70138
5.55416
5.30842
5.0876
6.51803
6.6455
4.58701
5.98569
4.66145
4.65481
5.11313
4.84239
4.65398
5.11177
6.68628
4.7345
6.2335
4.8098
5.92443
8.39956
4.66236
5.71018
4.80011
7.27848
5.88752
8.07242
6.8017
4.93515
5.87373
9.51519
5.55081
5.47198
5.46671
5.98759
4.96224
7.2352
9.02436
4.87435
9.86848
10.1091
4.62604
5.35145
5.45855
4.84306
4.7247
5.01605
4.76002
4.21962
6.10918
4.88141
7.14943
6.46196
9.64987
5.06725
4.80652
6.62636
4.72018
6.65293
4.76827
4.68499
4.60652
6.43893
5.95514
4.73293
4.82221
5.85038
8.56633
8.18032
4.78598
6.52054
4.67801
4.65145
4.6482
6.0944
6.91822
5.21135
6.9036
4.22378
4.7334
5.1448
5.53664
5.07434
8.10749
4.87894
6.56605
6.80869
5.07818
5.19366
6.65635
9.43344
9.4216
8.26523
4.59946
5.37436
4.98625
5.6794
5.40259
4.90453
4.84594
5.12683
4.82426
4.71979
5.03749
8.38984
4.67594
8.25389
4.61707
7.63605
5.83325
4.44854
4.62557
6.03856
7.98711
5.60371
5.08976
4.72849
5.20638
8.16914
9.80332
4.73565
7.84377
4.77224
5.79227
8.40621
5.5054
5.72332
5.65058
8.41609
4.66914
4.79958
5.34913
7.69913
4.44872
5.13679
4.82493
6.33522
5.46606
5.66168
4.67385
5.54893
4.92726
4.66424
4.61969
4.66357
4.68881
6.55141
5.00012
5.44342
5.10197
5.20224
4.79117
4.89267
4.92993
6.13855
7.51503
5.3947
5.62512
4.88409
5.06128
4.91443
5.26098
4.61887
6.09355
5.20267
5.44883
4.66381
4.67613
4.67527
4.74345
4.73744
4.94798
5.26979
6.13467
5.89294
4.61427
4.77325
8.37016
4.67505
5.12749
4.90345
4.73725
4.50653
4.7616
4.67273
4.67777
4.71299
4.48995
4.49824
8.18718
6.64931
4.7391
5.80106
7.16467
4.55908
4.7187
4.9842
6.0971
8.03694
4.56515
4.84883
4.76248
4.80474
4.84277
6.41164
6.2926
4.55145
7.98151
5.76497
4.85819
4.77088
5.10162
5.78025
8.88953
4.83113
6.1446
8.20006
8.02505
5.50342
4.92667
5.32232
5.20129
4.68318
5.28945
4.76039
4.73167
5.17049
6.35116
4.37803
5.95129
5.07965
8.18548
8.45748
5.11557
9.19108
9.39154
9.19964
4.81851
4.73648
4.81173
13.4078
5.39373
4.8245
4.75928
5.52569
7.10636
5.03833
4.88644
4.64081
8.88661
4.69567
4.70206
8.66225
5.23634
4.64723
8.27148
8.0283
5.32047
4.56521
4.61887
11.7615
7.59248
8.23477
6.32092
6.76104
4.89652
6.18953
4.66835
4.7993
6.30641
4.72378
5.27939
6.85406
4.73858
6.33868
4.73194
4.62576
4.61264
4.86315
5.35202
5.35408
4.59317
7.93029
4.4523
4.75387
4.78505
4.8274
4.89737
4.82467
5.10883
4.72718
4.73688
4.70242
5.32623
8.32804
4.63468
5.67425
4.80706
4.74878
4.63669
4.7943
4.95128
6.01758
4.66776
6.34428
4.72164
8.089
5.09225
9.48415
10.4254
9.24799
4.8491
5.27234
4.77967
4.60397
5.19193
5.04234
5.67451
6.74949
5.03782
4.94666
8.33723
4.71673
5.42485
4.79748
5.72181
6.1529
6.0692
4.98754
4.71103
6.28259
6.03236
6.19526
4.74563
4.73954
9.83938
5.28594
5.13393
6.15288
5.20307
5.46812
4.83556
5.16401
5.00855
5.55605
4.8036
7.46693
4.68682
5.76813
5.71942
7.23723
7.79006
5.65651
5.14201
5.11822
4.86499
5.50619
6.79413
7.11942
4.80852
5.0292
6.52274
4.6598
4.82402
4.65852
5.14812
4.98831
4.69761
4.84092
6.63482
5.63677
4.84431
4.72119
4.86259
5.44853
6.86871
8.42931
9.14282
5.7203
4.71168
4.822
5.68276
7.8322
4.70285
6.42498
4.75446
4.50418
4.8071
4.81015
4.99251
8.82768
5.26633
4.95274
8.55862
6.11189
4.80982
4.9313
5.39384
5.16464
4.85027
5.18102
5.82919
4.79912
4.92949
4.83616
6.8386
9.34454
4.849
5.02188
6.85326
7.75702
4.73779
5.03851
6.42786
6.06346
8.40173
6.08982
5.51538
6.74734
5.08601
5.35531
7.83398
8.18899
4.32425
9.94483
5.14584
7.34711
5.173
4.75463
4.52459
4.70849
5.41207
4.97259
4.66317
4.85456
4.81474
8.64477
4.68964
5.79487
9.03047
4.82974
7.86543
4.86692
4.84263
4.48355
4.62202
5.54285
5.57995
4.9631
5.72181
4.88697
5.72862
8.10869
4.52095
4.68187
5.25701
4.68904
5.2913
9.2695
9.27924
9.25755
5.42327
6.10082
4.25134
4.57847
4.67064
6.04955
5.29122
5.01639
8.35185
4.57431
4.9497
6.28965
7.42601
5.35216
4.69946
4.67172
8.26494
5.92943
5.09421
4.73911
5.57486
4.66088
4.68723
7.00895
9.28056
4.96287
10.3208
6.35316
4.66911
9.29965
5.21259
4.7579
4.87149
7.08346
4.62326
7.55311
5.06144
9.56859
9.61245
5.16425
7.58863
9.2228
4.67484
4.56793
4.68329
7.49157
4.60385
6.5429
7.08356
6.17899
4.57271
4.53625
4.3905
7.29826
5.27293
4.84184
4.94722
4.76275
9.26003
4.85487
8.06398
5.197
5.5524
4.76479
5.63056
4.50365
4.62572
4.90595
5.58339
4.90674
7.02744
4.67795
8.23719
6.33161
7.1978
6.0874
4.39213
6.56289
8.26421
6.8452
4.52716
4.81509
5.87719
4.74884
7.50217
4.56328
4.87484
5.00356
5.17227
6.50084
4.80053
4.72388
4.88124
5.14758
5.84696
4.59888
5.16836
5.84741
4.78502
4.59869
5.48012
5.16764
5.98795
4.73541
6.55143
5.08388
5.07448
4.7398
4.7886
5.13542
4.91657
4.93158
4.75718
6.02532
4.76106
7.30027
5.85231
4.67899
7.60362
4.87909
9.47353
5.59789
8.2394
7.62222
5.47028
4.62188
7.13581
5.27326
6.99261
6.68298
5.0307
5.77619
4.40502
4.48619
4.90859
4.29519
4.9491
4.97813
4.66279
5.17087
7.84337
4.79846
7.91398
4.76424
4.26639
7.54125
4.99458
4.9656
4.77631
4.74464
6.57998
7.87766
5.14707
4.82924
5.73019
5.73057
6.7234
7.45812
4.74935
4.8606
4.7126
5.06399
4.69531
4.96471
5.22874
4.9185
6.53815
7.66366
4.80674
4.94301
5.79857
6.01045
4.72274
5.38298
4.83935
4.96213
4.65908
4.89312
4.82307
9.13072
5.35218
4.64186
4.62814
4.74905
4.77747
6.80599
9.69331
4.96938
4.60093
5.01321
4.84138
4.75016
4.73517
4.72418
5.43504
5.44725
8.89368
4.7892
4.84232
4.7266
4.90124
4.83989
4.8567
4.85621
4.68144
5.04976
9.02351
8.28175
8.11957
4.68817
4.86372
4.70289
4.88839
5.07323
4.80091
6.66583
5.00606
4.75542
9.613
7.96835
5.23653
4.90695
5.44413
8.26858
7.83611
4.92601
5.08811
4.9955
7.49773
5.09583
4.91891
4.60673
11.6724
8.2622
4.67486
4.7138
4.54105
4.44965
4.88119
7.40241
4.84686
8.67005
7.18155
4.08913
8.35993
4.83109
6.37416
5.03724
6.98875
5.42857
5.4877
4.92497
8.09359
6.21415
5.65854
4.86085
5.21394
4.81863
5.42026
4.95945
4.79313
8.71357
6.95976
4.60525
5.24901
8.11804
9.32978
5.79156
5.20113
5.14345
4.9721
8.05449
4.79641
5.06982
8.70663
5.71022
6.32
5.70218
6.55183
7.28331
8.52352
5.18604
5.13665
4.83782
5.88406
4.86677
4.94864
5.67234
4.71681
4.85254
5.32835
8.36215
4.78868
4.41064
4.74744
4.64597
8.63667
4.87518
8.4113
4.82139
4.79622
5.44867
4.225
4.96829
6.0611
6.36283
8.09321
4.84179
4.67041
4.68878
5.25284
8.2013
4.72941
4.67811
5.6849
5.95036
4.80095
8.17216
4.92196
4.65276
4.82576
5.42425
5.16757
4.78489
5.14435
4.67698
4.58145
4.89562
5.40411
7.56089
4.85307
7.39217
5.85868
6.36635
5.13746
5.51958
5.51889
4.90677
5.02917
4.98942
4.80688
4.87376
4.63126
4.19848
4.83678
7.76632
5.27511
4.71335
4.62871
10.6485
6.05858
5.34509
4.82174
4.82391
5.58194
7.17644
4.70285
6.54661
8.29916
4.72115
4.69225
6.29284
8.26846
4.79951
4.94809
5.19634
8.40467
5.13657
5.40074
4.72407
4.95939
4.82784
4.75695
8.21429
6.18922
5.56356
6.34357
4.22997
5.78416
5.91602
4.85396
4.90666
5.15152
8.21899
5.08957
4.76117
4.73744
5.17908
8.60603
5.17148
6.3155
9.59042
9.65889
10.7762
4.95617
5.54511
8.38488
4.70473
4.71856
4.76709
5.1021
5.73908
9.82226
7.01305
9.81477
5.44987
4.65994
10.1451
6.99187
4.89887
5.9035
8.47993
4.81811
4.50825
4.86267
5.0214
4.64613
4.61684
4.60277
4.74626
6.10083
5.23779
4.7699
4.83891
4.9763
5.98911
4.63203
4.91929
7.36508
4.6185
4.75208
6.39642
5.68245
8.73372
5.26007
6.77695
5.39208
6.10279
5.61785
5.48026
5.80064
6.73428
8.1684
8.11811
5.56759
8.01515
4.92527
5.07299
4.79685
4.91963
4.97978
5.21989
4.7495
5.85104
4.57687
5.3091
4.58772
4.92254
4.64301
5.32332
5.03338
5.26069
5.09376
4.92741
8.19602
4.73356
7.82358
6.72872
8.5136
4.97692
4.66371
4.73835
6.91715
5.27629
5.13704
4.65982
6.08638
4.95172
5.25636
7.86315
7.14388
5.8588
7.52284
4.57113
6.65636
4.64823
5.84224
5.51314
4.97678
9.12141
4.68181
5.75902
7.82252
5.52539
6.48007
8.99319
4.53872
5.21413
5.47969
5.7858
6.57886
9.19746
4.8271
4.92714
5.90932
4.20779
4.84212
4.49299
4.61263
5.10847
5.44217
4.55967
9.45671
5.65723
4.79344
4.83539
5.74192
4.74709
5.57101
4.47723
5.15437
4.77584
6.17775
6.14381
7.98883
5.03474
4.92279
7.09819
5.89535
5.89209
9.56619
4.7318
5.0243
4.95722
4.66397
5.02915
4.64899
4.57825
6.3598
7.27875
4.61736
4.84355
5.61527
5.13708
8.25433
4.82827
5.32341
4.47843
4.78775
4.94958
5.01735
6.07112
6.8482
4.69785
5.24252
4.94574
5.35425
4.64736
4.56825
5.02275
4.55281
4.93334
8.22937
4.91423
5.13155
5.54231
6.47557
5.11488
5.68673
5.21168
5.15376
6.13408
5.15267
4.83458
4.76903
5.63156
5.81751
5.55779
5.65144
5.87594
5.87595
9.17777
5.44202
4.85947
4.20204
8.08714
15.1012
8.70049
5.43793
5.26582
5.7068
4.95691
5.69379
4.80338
6.5474
4.68057
5.09037
5.82168
4.7365
4.95517
9.68292
5.71624
6.06162
5.75374
5.24885
5.3662
4.87206
7.38652
4.3952
11.4986
11.5074
4.72102
9.2702
4.73317
10.104
10.2344
5.1201
8.14092
8.45486
4.66687
4.60192
4.56427
4.71914
4.94386
5.61413
8.45134
4.75504
5.73631
4.79041
4.39644
7.24734
4.82406
4.71152
6.69121
5.12043
4.76741
5.87346
4.87527
5.28892
5.4834
4.59438
8.25524
4.87655
4.8568
6.78741
9.06352
5.41843
4.80117
4.97722
4.36905
5.12676
9.62086
9.33123
4.90519
5.40681
4.76101
5.52261
4.7561
5.2663
5.68079
4.76982
8.69064
5.34912
6.65093
4.79104
10.0069
4.88855
9.14352
6.41397
8.36859
5.57765
4.73291
4.72194
4.3978
4.63965
6.10225
4.76247
6.38674
6.05732
5.52758
4.91117
5.34535
5.61586
4.86866
5.10406
4.80745
6.16259
4.59274
4.80427
10.6385
6.46764
4.85328
8.39655
5.4967
5.96541
4.91915
4.71801
4.85136
5.00755
4.95331
4.72051
4.72973
6.09541
5.67774
5.01403
5.25128
4.89688
5.74808
4.82455
5.07855
5.91111
5.01793
5.04165
4.88451
4.74136
6.05967
4.85714
6.94835
5.16815
7.21222
5.33774
9.98838
4.85101
5.19707
5.8926
5.70949
4.76013
4.86222
5.06375
4.67622
4.76405
4.78707
6.1523
4.67389
4.86015
4.28656
4.76768
4.79194
5.49928
4.78106
4.72542
5.00175
6.07901
11.5508
4.46768
5.56656
6.71993
5.01409
5.13144
5.2844
8.99077
4.67811
6.05576
4.62042
6.11673
4.71017
5.01826
5.35803
5.79533
4.87344
5.32749
5.29142
4.89082
4.69345
5.83471
4.92043
6.19549
5.14906
5.24681
6.45436
4.99709
4.79903
4.76283
8.3985
4.75876
5.60241
4.58088
4.55602
4.99416
4.79351
6.31612
4.696
4.66347
6.11355
4.48542
8.33451
5.13163
4.74169
8.01348
4.43776
4.68615
4.73936
4.99219
9.55957
4.76067
5.55507
8.56502
4.76114
5.46539
6.02875
6.52542
5.08889
8.04862
6.14991
5.46335
4.45262
5.65803
4.70989
8.09666
5.01607
8.97055
4.62207
5.15839
6.49386
4.90121
6.42897
5.5748
6.07596
4.7845
5.03702
4.83106
7.04809
5.24174
4.65671
6.99234
7.3991
6.42982
4.6825
5.03887
5.11826
6.0415
8.1474
8.90774
4.46684
6.12483
4.86339
5.48947
4.74635
5.07591
5.82358
10.5132
4.70741
11.0991
4.68674
7.53856
6.71418
5.21113
7.81472
4.50174
4.97628
5.29225
5.4513
4.46799
4.85709
9.39971
5.03925
5.78686
5.51494
5.50382
5.79723
7.69644
4.94312
5.56461
4.82452
4.78081
5.59912
4.73118
7.16582
4.87379
5.0807
6.91712
4.79877
5.56938
6.34032
4.29816
7.49497
8.20098
5.41735
4.49512
4.80198
5.16823
5.02139
4.53939
4.79673
4.71803
4.87719
7.808
4.80955
8.78364
9.12202
5.22095
4.82554
4.98932
6.09996
11.3815
4.77011
4.5754
5.36254
4.90026
7.51735
5.6628
4.9124
6.20521
4.84366
4.56987
4.9298
6.49763
8.58776
12.975
7.94411
4.79192
5.01939
4.87895
6.22468
5.65227
5.14582
5.10151
5.26925
6.34068
4.90826
4.78189
4.4759
8.07952
5.29466
4.83736
6.42117
5.8173
6.19936
5.16165
5.40189
4.82915
5.47148
6.94168
6.59678
5.23491
4.84256
5.05466
4.56203
7.07869
5.56199
8.53614
5.43225
9.39197
4.88321
4.97026
7.31714
4.79559
4.67775
9.22866
4.92449
5.11173
4.73268
7.03753
6.67096
4.75786
5.19222
10.4337
4.95075
5.30154
9.59695
4.80387
10.0118
6.00171
4.72961
4.88844
5.51477
4.74757
4.89648
4.98857
4.68776
4.62944
5.19095
8.39831
7.99599
6.73864
4.87425
4.82808
4.57678
6.77679
4.94086
6.97722
5.02304
5.3451
8.32068
5.48461
6.45817
4.95296
4.88722
4.89527
7.49142
4.76979
6.94533
8.52896
5.79918
5.97642
7.21513
5.06108
5.66704
6.20022
6.31952
5.34424
5.12534
4.71387
4.85518
4.64994
4.61125
6.52029
5.10906
4.72171
4.9248
7.76734
6.448
4.52757
6.18999
7.1295
5.09094
4.75744
4.62099
9.54238
5.14442
8.44697
5.0587
4.62008
4.55727
5.00866
7.3775
6.03786
7.74453
5.81539
6.34734
5.14061
5.54848
5.85069
4.79762
4.96271
6.81541
9.44737
6.09885
5.64495
5.70542
5.47157
6.62427
4.62747
4.58935
5.64624
4.65282
6.19595
4.67998
4.30623
4.84825
6.34511
4.9207
4.71604
5.02757
7.21818
9.8127
4.9601
4.88148
4.39879
5.20968
5.15265
8.42914
6.91867
4.90372
5.81186
4.57157
4.80368
4.90255
4.79579
4.6512
4.85099
7.65128
4.63965
5.08812
5.73502
4.94406
7.96673
8.95776
5.35269
4.98275
5.62593
4.93567
5.10919
4.83672
4.79345
4.27337
7.63701
4.85151
5.83424
10.7013
5.69714
5.11316
5.89967
8.23806
7.3368
6.34906
8.12273
5.58078
5.71557
4.89803
4.73086
5.25914
5.08392
4.74075
4.99141
7.17835
4.87151
4.89994
5.78125
5.02503
4.80825
4.56486
4.78291
4.14482
4.88477
8.83407
4.75215
5.32195
5.24433
4.54118
6.55982
4.75545
7.30666
5.71733
7.92962
5.07817
5.57512
6.63339
5.36231
5.27623
6.95743
4.79201
4.86961
4.83881
4.63599
4.98351
4.37135
7.90826
5.86915
6.28566
5.56141
9.06247
4.80948
6.19503
4.96889
5.76512
5.2732
6.85861
4.89705
7.52374
4.87003
4.87362
7.9289
4.46567
6.06784
5.87055
6.37331
13.117
5.07491
4.5071
5.23042
9.31132
9.28418
6.07088
4.76415
5.10729
4.87999
4.43146
7.60468
5.20552
4.65301
5.91049
4.72057
4.72364
5.43825
4.78576
5.29315
4.80155
5.69035
5.11812
4.61588
4.72196
4.76466
5.03208
4.91015
11.7157
4.28194
7.79202
5.06331
6.4444
8.52942
6.21598
4.81444
5.06973
5.46062
5.01343
7.44187
4.83698
4.96906
5.42899
8.78809
6.71999
5.00885
4.80179
4.57787
6.20189
10.3706
5.12336
5.62871
4.78167
9.57518
4.81262
7.13813
8.00812
4.79069
5.01301
6.97077
6.72618
7.91361
5.25336
5.1242
4.77776
4.7477
5.41861
4.88405
4.43511
7.53596
9.44032
6.89929
7.36569
7.21265
6.44526
5.29011
4.29245
5.11784
4.80565
4.88483
4.43468
5.47577
5.24723
4.52827
4.60191
5.12262
8.36905
5.74817
4.77146
4.8856
4.43426
4.24629
9.04893
4.80663
4.94401
4.32105
4.19761
5.01662
4.78969
6.91496
4.34932
6.47802
4.32522
4.72252
5.15999
4.68915
6.36767
5.27568
5.21207
4.88721
4.4334
4.81139
6.62474
5.28155
4.84392
4.74608
4.76456
5.19978
7.00425
9.75388
5.13967
7.60178
4.88794
4.43303
5.59431
5.22688
4.89783
4.7992
4.78754
5.34654
4.88005
9.78676
4.79569
4.82969
5.15204
7.51342
5.11678
5.79849
6.81689
4.94556
5.85815
6.34818
4.48906
5.44385
4.80218
4.92713
4.7035
5.47826
7.84361
4.81508
5.32285
9.73695
4.89833
5.13246
9.94972
5.40562
4.79774
4.90101
5.12346
6.46606
8.77232
4.88774
4.9326
5.22788
5.02156
4.82483
7.54467
5.62995
4.88611
4.38302
5.21524
6.73469
9.90403
11.1331
4.89327
4.4312
4.94603
5.50994
8.50273
4.61923
7.46334
4.87842
4.89475
4.43137
5.17827
6.56958
7.79594
5.06342
5.43904
4.90052
4.81383
9.76244
4.67078
7.89898
4.7997
5.05096
4.88831
4.67738
5.934
6.18638
5.32154
4.79926
5.453
5.39824
4.60077
4.90294
6.83426
4.93785
6.26586
4.76339
9.35399
4.6582
4.94012
5.20637
7.29673
4.76867
4.93182
6.70635
4.90363
4.81528
5.02506
11.2882
5.58923
5.58243
5.32741
5.06006
5.21187
5.62445
5.30426
4.91458
6.03577
5.51944
5.59329
5.4737
4.82935
6.66572
9.12737
4.41348
4.8681
5.58044
4.49503
12.599
4.89468
4.95938
5.37836
5.40625
6.42356
5.77474
5.82826
4.9039
10.2213
4.55799
5.50425
4.95032
4.6679
5.23785
5.48465
4.71786
5.7146
6.27768
4.69905
4.68245
11.2527
5.08493
5.56715
9.47986
4.89434
6.93727
7.17096
5.08202
4.28472
9.44969
4.91207
6.2134
6.6198
4.80062
5.11714
4.78656
5.21211
4.70972
4.47138
5.02844
5.28074
4.79215
4.95318
5.5656
5.27656
4.92193
5.52441
4.95176
6.64105
6.4505
5.24975
4.93539
4.69584
4.53226
4.83134
4.68494
10.0918
4.84721
5.67666
4.82268
4.94847
4.82798
5.74698
4.74722
5.38302
4.89494
5.00971
4.64496
5.03588
5.05143
5.28647
9.39812
4.90789
5.03915
6.03649
5.48069
5.12392
6.07344
4.92983
7.60953
4.60945
6.45205
7.34891
4.48578
6.13436
4.4029
5.29224
4.77559
5.03325
7.60568
8.1261
9.83585
4.80503
5.07022
6.97367
5.16833
5.03706
4.84321
6.55165
5.41096
5.28163
5.49142
4.54953
4.90187
5.15239
4.27736
4.63461
6.69431
7.44526
6.81368
5.12652
5.06872
8.54534
4.90801
4.89244
6.60499
4.83281
6.40676
5.00403
4.8318
5.14081
5.10141
5.35925
4.93175
4.75237
8.40662
6.27676
5.69401
9.29472
5.15715
5.292
6.65298
4.81844
5.54025
5.13932
5.0156
4.73987
5.75109
6.64116
4.48714
6.37985
4.7895
4.83566
6.17155
4.78848
4.84623
5.23945
4.77319
4.93256
5.37599
4.95469
7.61941
4.86221
5.0247
4.82133
5.54773
4.92804
4.90133
8.90879
9.97865
10.004
4.86756
5.00508
4.29104
4.80973
5.10348
4.80486
4.59119
5.07708
5.03124
5.41872
5.542
9.60953
4.68217
4.9142
5.33529
6.79504
7.87608
4.99278
5.05592
8.25674
8.58877
7.72379
4.88585
4.83559
8.36743
4.79847
4.76522
5.32472
4.83951
5.23071
7.05646
4.6741
4.51711
4.78051
5.0653
4.80393
9.73521
5.12891
5.06281
4.7762
8.48988
5.67979
5.0259
4.83826
4.47266
7.22659
6.71282
7.02315
4.70671
10.529
9.6892
4.98809
6.15407
7.50083
9.72418
10.0184
5.06476
4.93402
5.73948
5.12333
7.01444
5.83443
5.11951
5.12323
5.42579
4.9382
6.25282
4.73654
8.86852
4.87189
5.42822
4.91513
4.90122
8.23011
5.01367
5.74466
5.31385
5.05548
5.59453
4.83038
9.37083
5.23755
4.72866
9.19829
5.25841
6.21152
13.5333
8.57128
8.12862
5.01925
5.85573
5.47765
4.75305
5.80766
4.83574
4.15623
6.38463
8.78135
4.87934
4.98495
4.89012
6.44764
7.33271
7.33847
5.37329
5.04649
4.64058
4.79231
6.2352
4.37377
5.86881
4.84557
6.14115
6.90959
4.98976
5.35827
6.79039
6.66979
5.39026
4.91395
5.24679
5.22931
4.92111
4.77857
4.78562
8.09502
9.54314
9.69115
4.92363
4.5555
4.66752
5.15872
4.67286
5.9636
5.72616
4.87294
5.17699
5.06108
5.93358
4.81408
4.81001
7.68248
7.06215
4.92396
6.42258
7.61579
5.00899
4.84283
5.54257
5.50035
4.88933
5.06905
5.04946
5.4009
4.80822
5.03835
4.52842
7.02909
8.26448
5.05063
7.72495
4.28895
5.34725
5.00315
4.76086
5.56602
4.94823
4.51672
6.08116
6.68624
4.80504
4.86223
4.47715
5.06237
4.92655
5.94202
5.17808
4.84324
5.5943
5.90418
5.25654
5.54461
4.96184
5.39873
4.90826
5.04384
9.02414
4.81776
4.72417
5.08056
4.99853
5.38447
6.22519
9.08747
5.24199
5.06065
5.5321
5.16881
4.82756
4.71562
4.69842
5.04318
4.92953
5.14846
5.03489
5.04231
5.01005
5.25262
5.19394
5.05533
5.33675
4.62433
6.46762
4.85324
5.16064
4.87406
9.01308
4.94816
4.19315
4.75408
6.83045
10.6002
7.03945
4.79355
5.16171
5.2578
7.72041
4.8518
4.796
4.88176
5.66819
5.75946
5.00347
4.85586
5.41374
4.99511
5.14385
5.18185
4.98108
4.76914
5.08553
4.88429
5.08612
4.69293
4.92766
4.60049
5.23146
5.0588
7.45881
5.12568
5.15987
5.51533
9.79609
4.8737
4.98372
4.85774
5.12916
6.39944
4.9151
5.41339
4.79086
5.54027
5.2866
5.12779
4.67207
4.73829
6.72954
9.64265
4.69095
5.1285
5.01665
5.09141
6.45669
5.755
7.28759
5.63602
5.14815
5.02437
5.09387
8.50783
5.03391
8.22988
5.15931
4.88211
5.2
4.71717
5.11435
4.80976
9.21563
4.99044
5.50932
5.87689
8.63264
4.8927
5.84911
4.92626
5.52245
5.06233
4.61646
4.47376
4.83184
5.07128
5.16718
5.59196
8.75177
5.2744
5.50909
5.59557
4.77421
4.8588
4.69238
6.46441
7.76269
9.06785
6.48026
5.08608
4.80256
4.88899
9.87924
4.80411
4.99496
4.65818
4.91565
4.56952
4.81355
8.92024
5.93272
4.4877
4.84451
9.84643
5.20009
7.36915
5.35565
4.57684
5.73968
5.34177
5.21216
4.63663
7.09952
9.02741
9.69864
10.4028
4.70826
7.53849
6.57682
8.09362
5.05525
6.32355
5.24038
4.93082
4.91397
6.33692
4.76153
4.83927
5.09372
5.13459
4.82109
4.78653
6.22408
4.93315
5.22217
4.99262
5.35582
5.22167
5.00016
5.01011
7.46919
6.08298
4.51516
4.79549
5.58264
5.83193
5.05887
4.92819
5.17063
7.65438
5.05146
5.14119
6.11599
4.94549
6.24547
6.68528
5.18292
4.62677
5.50571
9.73435
4.53514
4.64924
5.87773
5.77817
5.72596
7.67934
5.7593
5.64907
4.52862
8.35844
4.42131
6.47662
4.93338
4.90533
5.19305
8.31299
6.52255
8.4883
5.96872
5.06486
10.4941
6.66115
5.24806
5.73207
4.79752
5.16152
5.09592
4.99444
4.64415
4.80876
4.54233
4.81979
4.43773
5.92997
10.5837
5.54375
7.06424
5.0522
5.07454
5.29608
8.55046
4.83882
7.00933
5.89066
6.51453
6.78792
7.20513
5.06084
4.92022
7.00456
4.86565
4.85323
4.78859
6.03897
4.81112
4.98206
7.65912
5.22298
5.39701
4.93437
8.94695
5.687
5.51931
8.56603
5.49471
4.7591
5.07126
4.47723
4.67108
6.08683
4.92475
6.09151
4.87388
7.27623
5.04035
5.94498
4.79804
4.94984
4.69178
4.46971
5.29303
4.5464
4.96191
7.1798
5.07602
4.85518
8.09397
10.9016
4.47817
5.6052
4.67193
12.0814
6.10688
6.33979
10.8532
5.41757
4.6528
7.58672
8.3212
5.47444
4.23482
5.12004
5.99565
11.0765
4.92494
4.99271
4.7406
8.67078
4.82433
5.07218
4.46706
4.6678
10.3755
4.83366
4.95697
6.59919
9.00305
5.4489
7.42712
5.10974
10.1138
5.26388
8.04858
5.54264
5.79304
6.13893
4.73662
9.41359
4.7211
4.63411
5.73957
4.49968
5.03782
7.21425
4.95187
4.2066
5.13197
5.07609
4.55871
4.48307
7.70859
4.58457
4.54648
4.75116
4.68413
4.76399
4.95368
5.11147
4.9281
5.08549
5.28475
7.93817
5.20921
8.0468
5.55915
4.88198
6.15133
5.56376
4.82428
7.3556
5.01327
4.78461
5.45137
4.67993
4.62534
5.12953
4.67612
7.59133
6.89063
4.73307
4.72688
10.0889
5.33187
5.35251
5.02463
4.8583
4.79831
5.9551
4.78565
4.79795
4.8088
4.89068
4.71758
5.06421
5.13002
5.47858
4.87947
9.56456
7.11964
5.05469
4.55037
4.945
5.07978
4.96845
4.81383
5.11684
4.7444
4.88031
6.43876
5.86297
5.01557
6.36181
4.70668
10.5513
4.52384
4.96044
9.13456
6.40449
4.82453
4.82054
5.25099
5.08947
4.79256
6.94502
9.27873
5.98664
6.30996
4.37227
5.06684
7.63667
5.16555
9.54055
5.44352
10.7077
4.84032
4.7514
5.37725
9.75414
5.07037
4.84773
7.34687
5.53302
4.63714
5.35772
7.28865
4.62506
7.62076
5.04403
7.21644
4.79331
5.27255
6.31136
4.9542
5.12455
4.98517
5.05438
5.04316
9.07223
4.74339
5.437
6.38244
6.55176
4.91871
9.1192
4.88116
4.67875
5.08795
5.88708
4.8214
5.06669
5.14154
5.0653
4.94396
5.1288
4.54169
9.3625
9.02673
4.77729
7.31849
5.50722
6.42721
5.75573
4.8103
5.71899
7.5861
5.08991
5.95199
4.94974
4.33129
8.08752
5.62774
5.17945
8.14975
4.4927
8.40836
4.8775
5.50313
4.6267
5.02169
5.09894
5.29288
4.47622
5.83197
4.91335
6.76656
4.88821
5.11744
5.21324
4.62138
7.45431
4.875
4.95558
4.40065
4.9515
4.62684
4.38498
4.78191
4.91212
6.10402
4.97154
8.80693
5.36884
5.17861
4.84085
5.29286
5.06657
5.91927
5.16368
8.14922
4.70163
4.96406
5.42844
4.67277
4.5465
5.52188
5.46038
7.18766
4.91726
7.5098
10.4554
4.74603
8.81223
6.99251
5.93379
7.71196
4.90858
4.80594
7.28982
4.82879
5.99436
5.102
7.33265
4.97171
4.84714
4.69911
5.49229
5.3405
8.55893
8.44284
5.36117
4.74946
10.6576
4.82407
4.83409
8.02844
5.61236
7.8715
4.98058
4.62548
10.0331
5.38995
7.34785
5.81536
6.59633
4.7756
7.19417
4.79665
6.16032
5.63622
6.22318
4.9503
4.52972
5.08662
4.89579
5.59492
7.07491
5.68677
5.06879
7.76109
4.94779
5.31952
7.70585
6.63223
4.57807
4.65312
4.90373
5.38032
4.96128
5.03687
5.4595
5.41239
5.18802
4.85901
5.29117
4.91954
4.66949
6.68976
8.71721
5.5085
4.87764
9.22277
4.84904
6.71864
5.74446
5.00331
7.7847
4.68326
10.5782
9.68406
4.86762
5.88979
7.10076
5.13039
9.02637
4.70016
5.39458
5.48332
4.67872
7.13561
5.07043
4.99764
8.75241
13.6497
7.9145
4.87406
6.01999
5.97833
5.26703
5.5132
7.29091
4.80839
5.62755
8.41569
4.89348
9.27013
5.23167
5.75572
5.97455
4.4951
6.49923
10.2676
4.47211
4.87252
4.61877
9.54433
4.91073
6.53633
5.42855
7.81003
5.65213
4.82564
4.82478
5.32735
7.22022
7.52725
5.41664
4.82566
9.33011
6.83177
5.0677
5.03717
5.07603
5.08897
4.57001
4.73034
5.10046
4.88667
6.29717
5.12323
7.77663
5.58234
5.02878
5.76203
5.24295
6.84629
5.07932
4.90299
5.29018
4.91206
7.74919
5.14625
8.25976
5.4647
6.39411
6.66187
5.23853
5.65311
5.0775
5.03077
4.7829
4.92863
5.07215
6.01689
5.21015
4.82058
4.86901
7.03627
4.79678
6.81985
4.48189
5.61734
8.16781
6.19386
4.8877
8.45197
4.76694
4.85926
4.85844
7.41802
9.87017
5.34001
9.72924
10.359
10.2365
6.09103
4.86753
4.69879
4.57043
4.66642
5.24566
5.65041
6.10181
5.33507
6.09113
5.43733
5.34432
6.15297
4.85493
5.26566
5.52451
5.77026
5.04667
5.21956
6.55605
5.29834
4.85538
9.20418
5.68005
8.34314
5.23609
4.99516
4.81154
6.72857
4.62369
5.68878
4.89408
4.64588
4.75665
4.68063
5.10197
5.30241
5.33557
4.76881
4.83273
4.19106
4.7596
4.89507
6.75809
6.12982
5.59609
4.53087
6.34824
6.73469
4.98391
7.48686
5.42477
4.6044
6.32795
4.77704
5.44983
4.4354
5.46181
4.91847
5.05276
7.28636
4.39668
4.77677
4.88955
4.50047
4.87203
10.496
4.60067
7.95115
4.89625
6.7301
4.66703
5.01573
4.95705
5.17025
4.9668
5.14381
4.79829
4.66355
4.64065
4.82284
4.99669
4.84709
10.8027
5.53356
5.02026
4.84072
9.80661
4.95511
5.01401
4.62188
10.682
8.15837
5.02524
4.97568
5.41453
4.68509
5.18427
5.72175
7.92977
7.39248
4.94347
8.54528
5.85538
4.46114
5.91329
5.11668
4.77913
4.68529
5.59641
4.5492
4.83113
5.12834
5.44772
6.3221
6.1928
4.9452
8.82249
4.93024
4.77315
8.05171
5.8122
8.23807
4.43151
4.92293
4.67389
5.30335
6.34855
9.24121
5.5136
4.92638
5.03545
5.12701
4.67362
5.54
4.73941
5.00308
5.14017
6.29295
7.27887
6.87542
4.70037
5.40281
7.02481
5.2326
5.51421
5.88793
4.47402
5.81077
5.00448
5.41666
5.6542
9.64005
5.24086
4.56376
5.39528
5.77573
5.79574
6.97416
4.86977
5.27411
4.68851
5.25269
5.09121
9.77499
5.0418
4.89053
9.51402
6.44055
8.83189
4.6968
6.07125
6.54857
5.79595
5.0467
9.81286
7.6894
5.52194
9.23401
10.5438
5.73517
8.81658
5.46085
5.03158
5.44032
5.10414
9.10969
4.77907
4.66735
5.15281
5.13379
6.41991
5.12394
7.61233
4.37849
5.11994
8.39271
5.37494
9.75845
5.18781
6.31979
5.37587
4.54733
5.32615
6.09704
4.78653
4.77066
5.04946
7.94971
10.1682
4.64124
5.45645
5.00568
5.46086
5.72095
4.84213
4.94759
8.90676
5.12425
8.15946
5.92723
5.97682
5.25649
5.09352
5.49736
5.04012
6.56711
5.81752
6.20401
9.92929
9.69098
7.58066
4.60187
5.06668
4.81291
10.2096
10.4775
5.89865
5.06761
4.98908
9.42688
7.88926
4.56898
5.95779
6.26277
5.19455
4.84106
5.42147
5.07837
6.95195
8.23828
8.16596
5.5836
4.80753
4.64957
5.12127
4.75563
5.03163
5.05474
9.16917
7.71901
5.79928
5.47452
5.57616
7.02312
4.98245
5.13727
6.32751
5.11277
5.54519
5.60227
5.76846
6.24835
5.31317
5.4973
5.14197
6.08105
7.50445
6.49852
7.92065
4.89428
5.14264
6.34532
5.52526
5.70641
7.23427
8.10041
5.18731
4.90405
9.64708
7.67694
4.44525
5.22978
4.56357
4.66872
4.35067
5.36003
5.64427
4.89879
4.65273
9.86152
10.9423
8.01381
4.69035
6.79143
4.86702
6.72654
7.72067
8.97007
4.56609
5.98301
4.91877
5.52863
5.73724
5.51398
4.89733
8.2004
4.98995
4.32854
8.61924
7.81
5.31477
4.41797
7.55358
5.59787
5.02296
7.57937
5.64925
4.91869
4.90763
5.10462
8.52184
4.38916
4.66882
5.8754
4.82562
6.14952
4.99308
8.26416
7.49129
4.89352
4.9834
4.67294
8.86011
4.79654
7.75922
4.82594
8.56834
4.90282
4.90728
9.77308
4.66921
5.49113
4.8408
11.9008
4.96474
9.42303
8.8313
9.03414
10.4968
4.38605
5.89114
5.99374
4.85676
4.75636
4.87129
5.15791
4.80426
5.32918
4.8936
5.47946
4.77623
4.76229
4.57971
6.16172
5.83747
8.52159
4.89227
7.05523
8.06203
5.93266
4.66797
5.54927
4.917
4.9425
5.45253
5.33632
4.45244
7.84134
5.02379
9.98406
4.88923
4.90159
4.54227
6.09229
4.77795
6.27549
4.84465
5.92686
4.53249
5.16482
5.13662
5.52661
4.30052
4.85158
5.0213
4.95872
5.02433
5.12137
5.0749
15.8279
5.86383
9.54872
4.79668
6.92591
5.58987
6.6117
4.99816
5.14598
5.14969
5.15096
4.86578
4.67806
4.6573
5.91831
4.9438
4.38879
6.46572
5.26548
4.86565
5.05409
10.0595
9.48583
7.66665
7.01468
4.68811
7.93897
6.59894
7.85392
6.15154
5.545
7.37751
4.87486
5.4854
4.70298
9.00003
5.38255
5.79156
5.56516
5.81011
5.20887
4.83398
5.96813
5.4826
5.0908
4.88834
5.30649
9.50151
4.88342
5.32179
5.09547
7.47964
6.67656
5.86682
5.15615
4.94263
5.02471
6.58634
6.03806
4.91871
8.51236
4.78532
4.65224
5.0761
5.7819
5.23871
4.77182
5.80712
5.14165
4.89062
4.99121
5.68461
6.80722
4.9458
4.66333
5.53643
6.22868
5.98135
4.91887
4.88054
7.41258
9.59042
4.59258
6.39723
5.59115
4.72471
9.5184
4.94565
4.88836
6.42694
6.7908
5.02193
5.44279
4.81537
8.95022
4.85656
7.18772
6.20107
5.61588
5.04262
5.13572
4.87598
4.50352
6.16504
4.86633
5.23128
5.04227
5.19378
5.08048
5.13534
4.69341
5.14784
7.01531
5.09932
8.42686
7.82135
5.10032
4.43381
8.90602
5.09971
4.76049
10.0325
5.10545
7.55217
6.79029
4.82163
5.09028
5.28456
5.14184
5.23298
5.0863
8.56089
5.12062
5.04967
4.96745
4.81321
4.93398
5.76082
5.5606
4.67559
4.72519
4.75441
9.81735
7.94763
4.68889
5.30126
4.76569
5.06606
6.08703
4.89159
7.4526
6.20257
5.12287
4.74093
4.5645
5.05393
6.2232
5.04791
4.94228
8.50815
4.86049
7.26366
8.14233
5.05085
4.89077
5.33275
4.96065
8.20514
5.2563
5.02583
7.046
4.91479
8.81586
5.18139
5.05898
5.84302
5.09149
5.05481
6.11548
7.34752
5.82288
5.80072
4.8661
4.72747
5.11327
4.72942
5.98189
4.52563
5.01229
8.19756
9.34462
5.67987
4.87842
4.86545
7.85504
5.26507
7.39458
9.80727
9.14151
10.3314
5.91581
5.5615
5.09875
4.81164
5.09697
5.32997
4.90607
5.1579
4.67366
5.43353
8.0002
4.50468
5.17802
5.14362
5.65485
4.3536
6.84093
5.59713
5.03056
4.51169
6.09282
5.15587
6.16185
4.63788
4.96155
4.8782
4.95316
5.53538
5.61306
4.38189
4.50345
6.58875
5.71943
6.48695
8.94178
4.61823
5.77846
6.74277
4.83337
5.76361
5.02541
6.08084
4.49068
5.15183
5.6925
4.91308
7.86196
6.53086
5.18589
4.50744
4.857
5.23618
5.95519
4.8835
5.0418
4.90218
9.54415
9.79501
5.15175
7.19595
6.42998
4.73592
5.33572
6.47931
5.19689
4.81622
6.50956
4.9703
5.05603
5.07591
4.72782
5.15066
10.0606
5.58339
5.98804
7.69511
4.63948
4.76369
7.21804
4.74283
5.22262
8.61909
4.67279
4.95785
5.79806
5.60306
8.14403
4.7134
6.96833
4.48784
5.03023
5.0685
5.584
5.00392
7.72197
5.0182
4.53235
7.66183
10.57
4.89815
7.79013
4.92535
5.31262
4.74712
5.33351
4.44662
4.87757
9.26486
5.05669
4.88488
9.90386
9.66808
5.7509
5.27391
4.63976
5.01995
5.52398
8.56887
5.20845
4.39342
4.82578
9.24146
6.29427
5.55851
5.12693
8.98047
5.07408
5.10081
5.09275
8.35838
9.91233
10.3614
5.6166
4.8679
5.13822
5.23822
5.72226
5.7075
7.39406
7.24131
4.87686
4.4101
6.32129
4.72463
4.6686
4.86693
4.8958
5.04955
5.24109
6.80574
4.77946
4.92535
6.63501
6.6926
4.54454
9.28996
4.9591
6.65525
5.09731
4.5061
5.46815
10.2292
9.98414
5.486
5.34807
4.75323
10.0477
5.03041
5.6505
5.1244
4.69939
5.0325
4.97653
4.98888
5.97431
5.055
4.97752
4.58539
5.69957
6.98445
5.49207
5.05249
5.07583
4.69305
5.17614
5.57233
4.4884
4.96305
4.68987
5.37237
4.48079
7.90634
5.72893
4.72851
4.91413
9.12177
5.10769
6.32315
5.42001
5.00837
4.76271
4.59936
4.577
4.86453
4.70517
9.43098
5.53385
4.88229
5.32091
6.03766
5.17194
4.92731
4.87962
4.9742
6.25841
9.46732
5.19219
4.60028
4.60228
5.02529
4.81472
5.77472
5.03497
5.29124
7.81613
5.12277
5.11487
8.15747
4.69453
4.49553
5.11852
4.89373
4.8923
8.10877
5.60224
5.81816
8.34023
7.4507
7.4014
8.15414
7.81807
4.9663
5.48653
4.78945
5.01116
5.07048
5.08687
9.21083
5.20312
4.83876
5.0004
4.7023
4.87688
4.8022
7.87822
5.58123
5.76576
10.1775
4.70095
6.0784
10.3208
5.16176
7.23839
4.86444
5.47217
5.63807
5.19779
4.91703
9.40978
4.49747
5.14704
5.45175
4.38745
5.03087
4.66412
4.77552
4.68298
5.82326
6.89975
4.56949
5.03743
4.84074
4.88836
4.97639
4.8739
10.0865
5.77487
6.69051
4.9791
5.22616
4.72131
5.05983
4.9033
5.03772
4.73815
9.92961
9.82923
5.32746
5.39253
5.0525
5.07617
8.97578
5.40681
5.06783
4.92597
5.71536
4.52783
4.9336
4.96283
6.79985
5.25792
7.76034
4.92846
5.2802
5.89217
5.24619
5.06484
4.97341
4.84185
6.4951
4.71314
9.6513
4.7621
5.46681
4.87001
4.96542
10.0729
4.68228
9.28343
5.38151
5.23406
9.82591
5.62481
4.93481
5.66804
5.00462
4.94149
4.71083
5.20142
6.50085
4.89179
5.20153
5.89091
4.70702
5.2033
5.62547
5.71414
4.68684
4.90878
5.02778
5.65084
6.84155
5.15075
5.59756
8.81345
5.10937
4.98018
5.52848
4.80368
4.62203
4.82498
5.60835
6.06616
7.80648
4.94634
5.0918
5.19694
5.42629
4.89706
5.0223
4.64193
5.10063
8.42783
9.52715
5.09115
4.97889
6.84272
5.23166
6.1343
5.70197
10.1989
5.20083
5.06788
5.0917
5.37889
7.35679
5.17111
5.25322
5.12986
4.48029
5.2797
5.20885
4.89644
5.51027
4.73504
5.14245
5.77975
5.44519
5.88181
5.61731
5.14432
8.84574
5.18191
7.6435
5.1439
5.05289
4.5633
5.14649
5.17665
8.43917
5.61807
5.17678
5.17989
5.1813
4.51388
6.23131
5.10378
4.86009
4.96491
8.30319
5.94226
4.9496
4.58698
5.62545
7.85225
4.76622
8.56196
4.69616
5.04675
6.42995
5.08345
7.0982
4.77061
5.0934
6.28923
5.12793
5.61723
5.73114
4.76786
4.89331
4.54819
4.92423
8.67549
4.78887
5.14661
5.27068
4.58656
5.75813
8.38634
5.34165
4.50585
6.32314
7.02598
4.93361
5.07159
4.99449
4.81046
5.58291
4.86551
9.49256
7.16382
4.41728
6.55903
5.68352
5.00198
5.82388
7.9408
5.02914
6.5422
8.59496
9.79432
4.92882
4.94915
5.48329
5.09168
5.71554
5.44332
4.71117
4.90967
5.05226
6.23672
5.29451
5.09585
5.046
5.0626
5.29212
4.93304
6.68775
5.08494
4.64581
8.71215
4.95244
4.46435
6.62623
4.78908
4.80958
8.34958
5.16496
4.76152
6.08902
7.76554
5.09658
7.98671
5.56157
4.94181
7.0147
5.14134
5.21964
5.22362
4.54975
5.49528
5.26535
5.76643
4.90476
5.13982
5.80165
5.00964
6.38412
5.75481
4.38217
7.70545
4.67226
4.91028
5.15947
7.76574
5.09798
4.58713
7.31798
5.89655
5.4011
7.37702
4.61055
4.76733
6.22235
5.15584
4.84539
4.93121
5.08563
8.01156
4.90942
5.02216
4.80693
5.0581
5.16951
5.02539
5.09
5.52395
7.8066
5.59136
4.97824
8.75296
7.33685
5.44944
5.03994
5.15978
4.5381
5.62424
5.45231
8.02074
4.51707
5.03252
5.26706
4.90864
4.89956
4.90698
5.85132
7.42921
4.41768
4.39818
8.19604
8.78953
4.52754
4.83425
5.44847
4.7932
7.99014
5.51459
5.50414
7.37459
5.64694
5.21241
4.75334
5.17401
5.14234
6.54358
4.53149
7.18706
6.1857
5.65605
5.72379
4.92866
9.75671
5.48972
5.14434
9.60522
6.38933
5.09409
4.95156
4.9409
5.70188
5.56347
4.63695
5.14855
4.48381
5.28761
5.39897
5.026
9.48172
5.04543
4.73189
5.29508
4.9636
4.66047
7.24309
5.89375
8.86167
5.60886
8.26787
5.04397
5.36063
7.0286
5.19132
10.0487
8.60735
5.28991
4.94312
4.57627
5.07942
5.08012
5.45264
5.70436
4.93083
4.92873
7.53483
9.87604
8.32348
5.13418
5.07023
5.43299
9.992
9.7829
5.7595
4.98763
5.03711
5.06846
5.53105
5.21612
6.68996
5.68293
5.07058
8.7775
4.20878
6.01564
4.66466
4.96192
4.56985
5.91954
9.57216
6.56427
5.0561
4.55576
5.05114
4.89193
5.11057
5.56327
8.55842
7.27632
5.7002
5.06696
5.40371
5.01107
5.34449
4.53069
5.0537
4.91068
4.94196
6.13755
5.45122
6.21917
5.21604
6.18742
5.54825
5.02765
4.90091
4.96046
7.01394
5.58909
7.50064
5.05943
5.0955
5.3654
5.0139
7.09686
8.18858
6.06518
4.74334
4.58425
5.85137
6.15997
4.85253
7.27581
7.52521
5.23699
5.09549
4.73177
6.23029
5.69011
5.34629
5.06769
5.08242
4.78069
7.98963
9.98359
4.99533
7.47571
4.98993
5.05994
5.09967
6.3409
4.63606
5.46614
5.08772
4.99688
5.06861
5.01011
4.69404
5.79453
9.12254
5.08853
5.0119
4.99841
4.83581
5.41817
4.67884
5.11118
4.77682
7.905
4.89175
6.2997
5.05737
5.91451
5.06862
10.1921
9.38447
8.17465
5.0414
4.91795
5.50359
5.03168
4.80494
6.15321
6.53335
4.76156
6.40645
4.61437
5.75471
5.093
5.31474
4.37604
4.42655
7.84325
4.86295
5.02928
5.06031
5.13389
4.5
4.95414
6.18039
7.27041
4.9655
5.38325
4.67269
5.88071
5.00212
5.09094
5.1796
5.05268
6.06395
4.91818
5.17905
9.44988
4.57092
4.99709
5.64907
5.10684
7.73994
5.03886
9.37287
5.05149
5.03443
9.80695
4.61807
4.97923
4.99818
9.84831
5.0783
4.83093
5.11442
5.25605
4.83548
5.87797
4.90127
6.79905
4.83247
7.14982
4.78213
5.27329
4.73117
8.45118
4.75327
6.56966
5.75265
7.8987
4.66464
4.62165
5.86298
6.14141
5.05284
4.58728
7.71348
7.92744
9.48728
5.19915
5.18094
5.48291
6.70001
4.77944
5.06792
7.87522
8.95167
9.89262
6.15714
5.02717
5.18502
5.34463
4.70061
4.69538
5.46183
4.81876
4.58958
5.79995
5.08136
5.12072
4.97761
5.26984
5.481
4.90652
6.14318
4.75625
8.23339
4.57443
5.05185
5.31752
7.41232
8.5326
5.05782
9.27662
6.12887
4.94444
8.66085
4.91928
4.41652
10.0201
9.41253
5.45054
4.99825
5.90207
5.08461
5.2755
5.08943
6.642
5.19159
5.13943
4.9204
5.06283
9.6475
5.13634
4.92915
4.96165
6.70947
12.0416
4.79688
5.80327
6.06232
4.69798
4.65698
8.60119
6.14431
4.88027
4.91581
6.29875
5.20662
4.96724
5.12234
5.53711
4.67276
6.37519
5.77719
7.49078
6.61144
5.47958
6.01532
6.24934
6.54856
5.28947
4.75643
5.00274
5.07528
4.84216
5.4321
6.00766
5.85421
5.23672
5.14562
10.5956
10.3764
4.58274
4.68373
4.93563
5.13278
5.21413
8.19848
5.18043
6.15503
5.20991
7.11991
8.99177
7.08066
5.13191
6.22037
5.37271
6.43785
5.92917
5.43204
4.74671
7.85276
5.79191
5.09685
9.35286
6.19537
5.00802
5.07226
5.05324
5.08762
5.2006
5.44871
4.89672
5.31374
6.84245
4.92063
5.69667
11.5083
7.34658
5.29031
5.11072
8.14595
5.13326
7.36538
4.99455
4.63287
4.49368
4.88575
4.99585
5.09872
4.86033
5.60013
7.85247
5.06864
7.48721
4.82015
5.09302
5.02106
7.12077
4.98833
7.23527
4.99794
8.62183
4.85773
5.64378
5.31672
6.75023
5.36506
7.12174
4.63484
5.12652
9.16826
6.14149
4.92354
4.94781
5.59331
5.6044
7.51195
4.8516
4.88987
8.70834
4.88895
5.09353
4.69996
7.16768
5.05809
5.08189
9.76101
6.76646
4.90723
5.28517
5.94185
5.00734
5.27396
4.93418
4.98063
5.24899
4.85563
7.26605
5.48034
5.26025
5.16312
5.87291
5.47215
5.00511
4.90681
4.72936
5.71316
5.08377
5.06329
5.2954
6.29931
6.06038
5.36892
9.42805
9.77757
4.72762
4.87804
7.45963
6.92935
4.91979
10.0612
4.25753
5.07888
5.39586
8.30309
9.51635
6.00964
5.27606
6.87074
5.46225
5.04952
5.38916
4.88628
5.72894
5.13494
9.06853
5.84223
5.57265
4.62191
4.63843
8.22123
4.9499
5.34467
4.3081
5.02971
5.68689
5.1176
8.97511
5.17602
5.30982
5.29495
4.68507
5.11138
5.02063
4.7984
8.78998
8.03199
5.29329
4.74126
8.51069
5.57741
5.07125
4.92485
5.065
6.8673
4.8795
5.09026
5.13109
7.74733
4.94521
5.10057
7.39711
6.17623
5.41143
5.34435
5.92906
9.54481
6.918
4.83709
8.50853
10.6214
5.0078
5.11296
5.05178
5.01183
5.19486
5.24289
5.09103
4.60285
5.15905
10.1197
6.89452
5.1102
4.80712
5.16603
9.03929
5.04335
7.11236
4.93317
5.1101
5.52064
4.71523
4.68098
5.06734
4.46991
5.02725
4.48412
5.52883
5.68004
5.83365
7.19927
5.15693
4.69529
5.89107
8.06659
4.74653
4.63032
5.1179
4.88028
7.94909
5.43809
4.91492
4.78375
5.12235
5.22915
10.2109
11.0091
5.03178
4.89135
4.61582
7.82092
4.64748
5.72373
5.16325
4.65407
9.23205
5.05564
5.10643
5.65519
4.69316
5.19674
5.49202
5.10227
6.79711
8.60648
5.08297
5.06265
4.72547
10.0302
5.02448
6.7312
4.41602
4.82841
5.32011
8.22777
8.01764
5.10022
4.3159
4.79981
5.11052
4.77204
6.88918
4.5225
8.5229
4.5004
6.19669
6.53547
5.28657
5.79128
4.96971
5.08466
5.3037
4.86304
5.19489
5.16464
5.2132
7.7258
6.4054
5.29818
6.49111
5.1712
9.61954
5.10516
5.22297
5.12383
5.24969
5.04832
4.81707
5.10303
4.88495
5.44021
7.3788
5.8125
5.75075
4.43682
8.69034
5.30662
5.15978
10.2387
11.0101
5.13838
5.01482
4.50998
5.01243
8.82046
5.13437
5.87871
4.28659
5.8397
5.24188
5.13997
6.79861
5.03631
5.63354
7.07255
5.6753
4.98219
5.71676
5.39298
5.03101
5.10622
5.47006
5.23774
5.0615
4.93385
4.93581
4.80315
4.74946
10.369
10.866
10.17
4.44436
10.6996
5.03878
5.10297
5.07964
4.87025
4.70164
5.19465
4.94408
4.98338
5.25417
5.0355
5.0038
5.15973
5.11068
4.83401
4.89293
5.51033
5.32872
5.0676
5.10651
4.97961
4.70413
5.52152
5.09105
4.6522
5.05675
4.73639
6.35106
5.45999
4.90026
5.28961
8.79442
9.88284
4.89083
4.92723
6.81266
6.0396
5.03761
5.11083
9.24843
5.35098
8.5364
6.34676
5.04147
5.31714
5.17466
5.77914
6.2184
5.51903
8.84513
4.87234
5.16885
7.97787
5.60915
5.11935
5.74446
4.89158
5.07078
5.09236
5.14465
7.50752
5.14933
5.2763
7.41614
9.86436
5.54306
4.87842
4.58113
5.78735
6.01579
5.53651
6.47251
7.10271
5.21162
5.16283
4.93324
4.81868
4.28395
5.19296
6.50393
4.96793
4.80373
5.1737
5.05261
5.95435
11.4663
6.06382
5.09989
5.32771
4.62557
4.98865
10.3681
5.17316
5.45714
4.68777
5.20856
4.34026
5.09013
4.7694
4.66236
5.41792
7.58234
4.89084
4.909
5.94819
5.17533
6.35096
4.90565
4.7622
4.8919
7.07242
5.51304
8.03063
4.70167
5.9075
5.2889
5.46533
5.12618
4.48599
7.02497
7.21036
4.64618
5.05394
5.04945
5.11563
5.10965
5.13355
5.59688
4.9702
6.32472
8.32112
5.18582
5.14949
8.55306
5.09109
8.62386
5.03739
5.14293
4.72609
5.20083
8.22867
8.08692
9.15227
6.21345
4.49923
8.02727
5.16637
7.2218
5.43718
4.84437
5.88183
4.84954
5.74
6.07966
8.33796
5.44141
5.76869
5.2033
5.809
5.53042
4.80671
5.25952
5.18622
5.77325
8.49643
5.7933
5.37663
5.08856
5.95644
5.57996
4.71932
5.82414
4.97437
5.13541
5.04503
4.67563
5.01216
5.08108
5.10711
11.3787
4.60687
4.48018
4.52735
4.88304
10.0535
10.1376
9.90322
4.72076
5.09082
5.09447
4.9658
5.64926
4.40896
7.93665
5.22644
5.31424
8.66132
6.75491
5.51251
4.94958
4.77076
4.94496
5.54729
5.43013
7.2477
5.14431
6.14246
5.4595
8.2073
5.93174
5.10306
6.15163
9.07368
4.94633
5.45174
9.1737
6.11499
5.33041
4.52814
8.14049
4.52897
4.64821
5.05479
5.06135
10.176
9.67296
10.0778
5.35167
5.11285
5.0459
4.6574
7.47969
5.08457
5.06243
5.12899
6.93104
5.00393
4.61154
7.97192
5.188
5.04564
5.20764
5.27559
5.2997
5.39966
5.17381
4.98435
7.81989
5.25296
5.44842
7.761
5.92966
5.58222
8.08504
5.1849
6.27916
8.50666
5.93468
8.27652
4.79201
5.64307
5.06058
5.13561
5.9111
9.31414
4.70096
5.75708
5.67894
4.60182
5.23154
6.14714
7.28083
8.31878
5.21248
4.77063
6.09446
4.63265
7.88805
5.31494
5.16423
4.68797
5.20008
4.93114
5.12198
5.05492
5.15154
4.90737
5.01548
5.15368
5.11248
5.0569
6.15175
10.2499
10.928
6.84308
5.59677
5.13972
4.91102
4.73351
4.96364
5.53635
5.11178
5.17909
5.18643
4.67877
7.71298
5.08478
4.88676
5.51766
5.06667
5.13956
5.78846
6.09375
4.57019
5.0321
6.59437
6.81299
4.5247
5.01082
9.07425
5.56965
4.84698
5.31922
5.68272
5.13225
5.42039
4.90089
4.97462
5.47117
5.28654
8.03848
4.68489
4.8404
6.99563
7.58933
8.28587
5.04094
5.19994
10.1812
10.2599
5.18157
5.17512
5.28948
5.30356
5.4913
6.24199
7.95496
10.2293
8.36763
5.12747
4.58752
5.06702
5.09473
4.74636
5.56466
5.14938
5.07299
9.68536
5.35996
5.55697
4.81043
5.21353
4.51376
4.69246
5.24866
7.52612
6.43152
7.12674
5.05023
5.24874
8.17861
7.32894
8.13574
5.22195
6.00789
5.91761
8.66613
4.9065
5.13223
4.72981
4.92166
5.5901
5.30153
5.63088
4.70723
5.00708
5.11696
4.85302
6.11295
4.86547
5.1701
5.23059
5.11782
5.70589
5.90877
4.77075
5.67008
4.75021
6.40193
5.19526
4.87739
5.97962
7.93746
5.57472
4.38752
5.10599
5.18462
5.28137
5.16203
4.61263
5.35132
4.91234
6.31267
5.46143
5.12197
5.06881
6.72909
6.1242
4.84831
5.19106
4.75839
6.51776
4.89512
4.75722
5.21349
10.9983
5.89463
4.92787
5.53809
7.99761
6.00774
4.68402
4.63842
6.26294
6.20914
5.1992
5.61852
4.80443
5.83572
5.00855
7.41247
4.61099
9.69704
6.52262
4.778
5.50911
5.17353
5.20362
4.75205
5.28612
5.196
8.46473
4.65857
5.31371
4.65299
5.17675
4.87411
5.26638
5.3116
5.19188
5.0148
6.00744
5.21577
5.07082
4.56697
5.06283
5.15179
5.04622
10.3989
5.75422
5.20711
5.16447
5.35169
5.89692
9.81057
4.83887
4.51318
8.44202
9.16531
5.72097
5.66837
4.80538
5.30908
5.14513
5.03714
5.06645
5.46184
5.16802
7.96011
4.80816
5.51942
5.09575
5.16004
6.79228
8.18425
4.70371
4.7138
4.94528
4.66659
9.01607
5.16203
7.61635
6.1753
6.52407
5.40447
9.97476
6.61264
7.73966
4.56463
4.86656
5.06644
5.05052
5.25497
4.82245
5.39969
6.3015
7.28503
5.10639
5.19746
5.17799
4.90657
7.1446
6.69038
4.71064
5.05224
5.04586
7.87875
4.84391
8.67843
7.5608
5.26769
4.93489
4.79329
4.71925
4.96829
5.20889
5.25933
5.21686
7.74262
4.76872
5.08206
4.64911
5.21466
5.74461
5.10399
5.12961
6.34153
4.89325
5.29297
5.16505
4.41627
5.34106
6.06272
6.12799
7.89027
5.42943
4.70566
4.81718
4.82684
4.61857
5.88501
5.72216
5.09712
5.10706
5.32423
5.87114
5.5758
5.15111
5.09064
4.67713
7.68436
4.72212
5.63117
5.20772
5.00988
5.99169
4.59279
6.22588
4.87159
6.50987
9.74147
8.21532
6.45484
4.91789
4.7704
7.59979
5.13301
4.69433
5.19822
4.72779
8.37437
4.92309
5.21327
5.1064
5.17287
6.82211
5.02643
5.12993
11.462
5.83655
6.73997
6.22081
8.54751
5.43202
5.1338
5.21105
4.91429
5.16457
5.05234
4.77347
5.55191
5.70652
4.58812
5.04652
5.26433
5.12941
9.03134
5.33816
6.95538
4.62158
5.26633
5.34586
5.64164
4.74318
5.3391
6.01538
5.20872
4.73264
5.86391
4.70912
4.48818
5.42315
4.98552
5.24237
5.29359
5.08899
5.11176
5.14788
5.92924
4.8433
5.52009
7.8368
5.32546
6.85338
5.1008
13.956
5.22595
5.16772
6.0398
5.29498
5.15015
5.38533
9.32157
10.4432
5.26892
4.81207
4.87243
4.94842
5.20952
5.09285
5.68009
5.21703
5.11723
4.95711
7.85385
6.1166
4.85027
5.60464
4.60113
5.2058
9.24904
10.0983
7.19477
4.76493
5.23856
5.34389
6.6902
4.84069
4.81336
5.07297
5.10729
5.29927
5.16486
5.36002
5.15346
6.83948
7.64735
4.67937
5.4314
5.11983
5.18672
4.50622
5.38209
9.80875
5.16929
4.61639
6.23713
6.17881
4.7895
4.97874
8.1473
8.47167
5.15047
4.73815
7.93671
5.20939
10.6803
4.47535
4.91893
5.02432
5.69452
5.5681
5.06579
5.26619
6.46936
5.05444
4.7996
4.66785
5.58306
9.84379
5.09443
5.91345
4.94361
9.91013
5.22852
4.78916
5.21906
5.33964
5.88006
4.62729
5.36407
7.69335
5.3438
9.0632
4.40479
8.75656
5.22205
5.01432
5.05585
5.14327
5.10725
5.25704
7.48658
5.52022
5.48057
5.63752
5.15971
5.63011
5.2381
5.21619
5.1661
6.76008
5.76231
4.77315
4.96419
4.86727
7.90435
5.09447
8.64294
5.7818
5.68186
5.05288
4.93747
5.50672
8.56423
5.25269
5.23324
5.1629
7.20374
5.11159
5.58835
4.83842
5.8617
4.77186
4.75012
5.10646
5.57324
5.48706
4.88006
8.07568
4.81539
5.88461
5.52648
4.95844
5.24732
5.08382
4.93012
5.10663
4.92026
5.01989
9.05976
4.61887
6.72511
5.41682
5.23027
5.62879
5.13928
7.75913
5.8767
5.90687
4.56506
5.14989
6.92648
5.92704
7.71537
4.46308
5.27276
4.92354
5.87798
6.50976
8.36137
4.87347
7.86282
4.80582
4.79525
5.70661
5.12394
5.04531
5.15864
5.22833
6.16306
5.6171
5.33746
4.92247
4.85665
4.52457
4.9346
5.25629
4.81201
4.6061
4.89762
4.95297
6.05188
5.32999
5.52787
5.46102
5.13615
5.21113
4.86834
5.10521
5.894
9.00867
6.78017
4.64104
5.60267
4.71716
5.53115
5.15115
4.65134
4.98865
5.15815
5.16232
5.50456
6.00621
4.94725
9.81102
5.10263
5.17911
7.01465
5.02917
5.6974
5.34373
5.18826
5.80623
5.12473
7.39363
5.66126
5.32414
6.18523
6.58041
9.14685
4.64859
5.23047
5.24514
5.22565
4.64849
4.78105
5.68331
6.32587
5.14312
5.21579
4.68438
5.16073
5.25068
5.33122
5.08625
5.2949
5.02574
6.34703
7.64122
8.28966
4.74023
9.4019
5.05347
5.09092
5.22262
4.43055
4.76788
6.8361
5.99678
6.67593
6.00315
6.13336
5.78021
4.3523
5.22073
5.32615
5.13699
5.24414
5.3967
4.91657
4.78419
5.36558
5.11043
7.65714
6.05162
5.57242
4.83621
6.5782
5.47061
4.93446
8.71429
10.425
10.4748
4.97047
5.88911
5.58062
5.686
5.2296
4.8535
5.154
5.21835
4.7661
8.1273
5.22145
5.5307
5.00854
4.95733
9.62724
5.61452
4.61524
4.9548
7.27668
5.0689
5.18725
7.43378
5.2542
6.21394
5.08531
5.87263
6.70627
10.0428
4.73765
7.44968
4.63809
4.85401
4.93329
4.78873
5.19317
5.10349
5.00475
4.69601
5.20085
5.22155
5.28552
5.14153
4.78362
5.16475
6.34403
5.24004
9.02146
10.2047
5.13639
5.16579
6.51988
5.25023
5.70789
5.82356
5.84265
5.12782
5.27645
6.82456
5.59374
5.22163
6.1746
5.77217
5.56726
4.76353
5.66681
4.52247
5.33502
4.7582
5.28162
4.73549
4.62257
6.3432
4.99319
4.99024
5.202
4.7812
5.94439
5.88581
5.28999
5.53237
5.51559
4.60017
5.22968
8.03651
5.50704
5.61143
7.66961
6.69888
5.02308
4.96029
5.04716
7.61923
5.23767
7.69973
5.49802
5.25651
4.95394
4.71345
7.38087
4.97258
5.26558
4.71687
6.78331
10.5977
11.3779
5.66079
5.00779
5.16458
5.23131
4.99814
4.90208
5.05902
5.55339
5.38686
6.52991
5.37916
8.22495
6.50593
5.57649
10.1036
5.55853
5.3173
5.00869
5.16495
5.01635
5.49347
4.62524
5.60149
4.83302
4.9809
5.51478
7.84029
5.14379
5.41343
5.72107
5.36563
5.47638
10.112
5.38565
7.82481
5.27622
4.67998
4.78665
4.85155
7.05632
9.66542
7.71392
5.21133
5.13509
4.66843
4.87083
5.14111
5.18955
4.99837
6.08721
5.3613
5.21579
6.55004
4.9025
5.95396
7.95449
5.22087
4.87425
5.26897
5.26579
5.47929
6.17743
5.27524
5.25104
5.36075
6.99312
4.55486
4.90533
4.96353
6.82129
11.0791
4.84574
4.70903
5.18482
5.13918
6.88463
8.89144
5.28198
4.94402
6.58208
5.03443
5.40581
5.44894
5.11946
5.29329
5.22318
5.16467
5.33272
6.47236
4.6697
8.1169
5.14546
5.53439
4.92592
5.51967
5.39893
5.39355
5.17853
5.24575
5.39468
5.18251
4.90943
5.6855
4.7997
5.51749
5.56769
4.741
4.96098
5.16809
4.96347
5.87729
5.16023
5.27584
4.88048
5.16818
8.88349
5.50356
5.39561
8.30301
5.36076
5.80796
7.16652
4.91989
4.74299
4.88569
5.46705
5.93226
5.74356
6.30112
5.28689
5.01375
4.73312
5.10064
5.64247
5.38112
5.89247
5.54862
10.46
10.6603
4.705
5.42587
5.15437
4.98546
5.2144
5.6965
5.05047
5.17503
5.18167
5.25328
5.80004
4.54089
10.9007
5.03608
5.995
5.31421
5.16732
5.06134
5.10273
5.32407
5.19253
5.16491
5.49976
5.60005
7.73429
5.38267
7.56291
5.37261
5.20633
4.58336
5.01914
6.74408
4.72928
5.13476
5.13171
5.2556
5.28769
6.09404
4.75826
5.05122
5.09753
5.96106
9.9677
10.56
4.92343
4.8051
4.87344
5.64135
9.63482
8.56664
4.74609
5.4417
4.92867
5.51651
4.86893
4.70537
5.31476
5.02357
5.62059
7.92824
5.58681
5.29661
5.52315
5.56882
4.85758
7.5158
5.63111
4.91238
5.32726
6.90716
5.33644
5.39526
6.5357
5.18718
10.1848
11.1864
5.18245
5.51985
5.16002
6.38039
4.97063
4.96303
7.15556
5.22753
5.25853
5.16463
5.27961
4.54053
6.78136
11.0704
10.8076
4.94447
7.21035
5.72423
5.07104
7.18182
4.98411
4.87236
5.17768
4.81832
5.15317
5.3275
5.30615
8.83636
5.22879
5.15309
8.25183
4.86462
4.71731
5.35746
5.30837
5.3993
4.85646
5.50853
5.14639
7.86331
7.69522
11.4029
10.5823
5.02885
4.99076
4.92451
4.93973
5.96283
5.23104
4.93115
8.05409
5.37732
6.01448
5.27507
5.33094
5.16514
5.24254
5.30167
7.66538
5.27243
5.15531
5.08408
9.62818
4.98233
4.8514
4.6814
5.29993
7.94494
5.83366
4.6154
4.51415
5.13374
6.38622
6.50392
5.35431
5.46792
4.93552
6.14246
4.82369
6.85847
5.37599
7.9763
5.3897
5.10738
5.27245
6.25156
6.2618
6.12034
5.06744
5.74249
4.93981
4.93252
10.2926
6.56865
5.43267
6.2925
4.78217
5.27271
5.3991
6.34916
6.05145
5.19994
5.18447
7.4837
5.39115
5.19994
6.57819
5.30826
5.76952
4.9039
7.19425
5.08761
10.7532
5.11799
8.20691
5.02793
4.96706
5.7906
5.20569
5.13679
5.09544
5.34307
5.19545
5.46181
5.71285
7.43769
4.93962
5.10841
9.12309
5.52544
4.71213
4.78168
6.51619
5.40195
7.64809
8.12292
5.79342
5.87927
5.25964
5.12869
5.22378
5.38315
5.05307
5.2101
9.34781
4.85879
5.06338
5.22208
5.95352
5.25625
5.36788
5.58166
5.07845
5.42821
5.23998
4.74713
5.55724
5.74363
4.70577
5.26919
5.15219
4.84883
12.7483
4.92245
4.8316
6.13358
5.18322
5.57581
5.04133
5.22364
8.76121
4.83408
6.4591
5.22
5.13743
8.64498
8.50564
5.47442
6.85384
5.31756
5.70174
5.3017
4.48715
5.00253
8.93535
10.3437
4.86098
5.64114
5.08275
5.12115
5.17866
4.94439
5.96091
5.16155
5.04938
5.41623
9.0737
7.17138
5.36497
5.27116
7.07186
5.85672
7.8894
4.91789
5.06304
11.7832
10.9957
5.59201
5.54599
5.25207
4.71904
7.36395
5.88813
4.75327
5.35252
5.31297
5.39965
10.3812
10.6095
5.39232
10.648
6.42854
5.00246
5.24672
5.17166
5.84168
5.58128
7.09402
6.60043
5.34552
6.05082
4.5894
4.76018
5.8341
4.94449
6.32187
5.19133
9.72364
5.58191
4.89626
4.32681
6.58353
5.77788
4.97024
4.77127
5.23914
5.67158
5.22739
5.3055
5.07013
4.95136
10.6542
5.13338
5.25863
6.9592
4.41458
10.322
5.85959
5.17452
5.27257
5.25782
5.27314
5.1864
5.71082
5.44759
5.0587
4.86439
5.44199
8.89255
5.29512
5.2544
11.3986
5.19438
5.09911
4.67176
4.99612
5.32755
4.56283
4.7482
5.28287
5.27556
5.19199
5.38068
8.18868
4.97987
5.46608
4.74835
5.16931
5.35465
6.68414
5.20776
4.75146
4.93995
5.28075
5.01604
4.91056
5.2073
4.7493
5.49871
4.81639
5.03175
6.1633
6.74099
5.2829
5.22553
4.93475
7.92561
5.2133
5.37239
5.22415
4.70174
5.11189
5.32056
5.73103
4.91176
5.47058
5.23149
10.4679
5.33725
5.03515
5.03576
9.96315
5.27595
6.83898
5.03776
5.09722
5.08204
10.2975
5.96263
5.73553
4.84408
5.39925
5.19073
5.13456
5.28148
6.62206
5.08581
5.1989
4.75962
5.40939
4.86433
4.52963
5.18054
5.4966
5.35976
5.04749
5.34356
4.93288
4.73006
5.21715
6.52601
5.24102
5.00409
4.9532
11.5764
6.02214
5.93436
5.92059
4.82823
9.37401
6.88009
5.97732
9.3547
5.03437
4.6088
5.29342
4.82164
4.97319
5.2089
5.23273
5.76995
7.25172
5.31569
9.28627
4.84905
5.76589
5.07308
5.17679
5.21537
9.65473
5.62123
5.22713
5.09366
6.26913
6.07796
12.7578
6.57758
5.05987
5.28478
5.38635
5.13431
7.67066
5.42901
4.74778
7.12222
5.54519
5.30857
6.80375
8.17693
5.85957
8.33158
5.21998
7.99377
4.96081
5.28863
5.19378
4.9669
5.51012
5.46931
7.82251
5.5756
5.22508
5.02017
5.01844
4.90364
5.24472
5.21749
8.79293
5.35089
6.03327
4.99794
6.12091
8.54279
6.38687
4.73677
5.6952
5.94408
5.4953
5.19453
7.48802
5.71158
4.91542
8.51084
5.82704
4.79247
5.36244
5.33687
5.33185
7.95941
4.91275
4.80955
5.86753
9.03008
5.2483
5.23141
6.55393
5.21993
5.50206
5.85863
4.81544
5.2383
5.73391
5.06415
5.56958
4.62935
6.4443
5.26058
5.30503
5.57131
6.18828
5.21893
5.01686
6.85903
7.85458
4.98491
6.62769
5.60023
6.00035
5.05237
5.16831
5.66526
4.7283
6.0084
4.96208
5.12486
5.08367
6.31248
5.2188
9.54911
5.66346
5.61913
6.60568
6.21549
8.18159
5.02854
5.41598
5.09649
5.15601
5.4138
5.10426
5.95655
4.94323
6.66125
5.04772
5.25801
6.59872
4.75455
5.36751
5.56573
5.52937
4.61966
4.76017
4.64574
8.55006
5.11913
5.19184
5.39473
5.7401
6.01595
5.32154
5.27486
5.39537
5.27305
4.93609
5.36521
5.27893
4.70825
5.09771
5.15272
5.05264
5.24103
7.41161
4.88869
5.01382
5.4255
10.0438
5.03043
5.48086
5.14762
4.521
5.46945
5.23399
4.85966
7.62284
5.7071
5.51103
5.54327
4.74288
5.02338
4.82878
4.82573
5.44685
5.22905
5.17473
5.18914
9.16982
4.889
6.40967
5.05522
5.07564
5.8728
5.09207
4.70875
14.9294
5.58181
5.09883
5.15365
5.12758
5.26744
5.3324
5.11341
6.28133
5.16178
5.40575
5.06338
5.1614
5.14638
5.43391
6.55766
5.9271
4.60036
5.36698
5.01188
6.10502
5.46128
5.60622
4.66495
5.30379
5.22189
6.75633
4.64615
6.08325
5.06176
5.03811
5.00716
5.50577
5.12977
5.16573
7.92868
5.27945
5.42334
5.53099
4.74283
6.44855
4.86889
5.77084
5.05094
6.92307
7.04501
5.41668
7.39437
5.98993
4.95465
5.22087
5.26617
6.59142
5.23128
4.63449
6.33619
5.25208
5.48474
5.7152
5.8115
5.42685
6.40841
6.90536
5.58153
4.47385
6.5393
5.2487
4.73564
4.99023
5.0534
5.29072
5.42427
5.04891
5.0746
5.8023
4.91501
8.43375
11.0074
5.17389
5.10877
5.7723
5.58056
5.65312
5.3349
5.45581
8.52318
5.35109
5.34164
4.71943
5.05526
5.09561
5.68439
6.33681
5.10305
5.16313
6.77293
5.45014
7.36595
6.82902
5.27722
5.22068
5.81969
6.13976
5.07478
10.0147
4.39148
5.12597
5.1935
5.40899
5.28401
6.18417
5.17614
5.60735
5.31033
5.22611
7.28431
4.60275
4.74192
5.5238
4.85035
4.99232
5.85342
5.29004
5.33433
5.39682
8.33006
5.10175
4.74883
4.70652
5.52429
5.14591
4.96202
5.67031
5.55262
4.80525
5.72697
5.15879
5.37666
7.70119
5.25204
5.09767
5.84299
5.23747
5.29642
5.28119
5.04853
5.07468
5.32769
5.02898
5.47228
5.07131
4.59208
4.98216
5.15941
5.36046
5.26974
9.84844
5.31346
4.99377
5.65425
5.23763
5.43743
5.19889
5.44606
5.79583
6.50502
7.55689
7.10432
8.9134
6.51817
5.38499
5.00193
5.05014
6.21623
4.7529
5.49107
5.07408
5.17517
5.30332
4.84316
5.30344
5.4465
5.29991
5.47493
4.77341
5.38561
5.41069
5.23375
7.51236
7.04895
6.96307
5.24001
7.20193
5.18598
5.69422
5.2257
5.00486
5.12159
5.18686
5.46233
4.94269
4.88536
5.73266
5.1383
5.26578
5.07617
4.64944
5.27895
11.4468
4.51623
5.12869
5.10729
5.09522
5.08556
5.2033
6.76521
5.27415
5.22731
6.50606
5.35949
5.09924
5.10859
5.1692
5.09897
5.43246
5.03008
5.43997
5.30746
5.67729
5.01179
5.72805
5.23924
5.08855
5.42685
6.74363
5.21096
5.13904
5.78895
5.40895
4.77325
4.60536
5.57565
4.75898
5.07493
5.08568
4.7364
5.37642
5.317
5.23878
5.09927
6.5825
5.84838
4.77359
5.42786
5.95061
5.24505
5.0567
5.49498
5.43641
5.074
4.69129
5.11008
5.16594
5.84827
5.0958
4.75331
5.25549
15.4535
5.65499
7.24909
4.69657
5.68233
5.56655
8.15505
4.96892
6.08243
5.25652
5.05687
5.28475
5.45361
11.3969
5.05707
5.72049
5.15873
5.20079
4.74645
5.02839
4.90417
5.56366
7.71713
5.65068
6.45338
5.51259
4.96909
11.5081
5.15573
5.35276
5.30149
9.46709
10.3795
5.60641
5.66732
5.4267
5.11095
5.16659
6.30045
5.61004
5.24863
5.03742
5.1581
4.4624
4.78945
10.468
10.0646
5.23361
5.51662
4.71975
5.01952
6.82756
9.26022
6.78095
5.76206
5.64181
5.37212
5.8165
5.05824
5.13432
8.38775
4.53063
5.50407
6.97819
5.65443
5.2438
5.05409
5.07475
6.74021
4.99054
10.8175
4.76075
9.6223
5.25212
5.30704
4.94241
5.69408
4.69634
5.37393
5.4765
5.83681
5.84367
4.7975
5.25294
8.68284
5.30194
10.253
10.6633
5.01409
5.14968
5.9498
5.20215
4.39175
4.86959
5.11888
5.1061
9.076
5.27078
5.34344
6.21512
5.01971
5.3113
5.44525
14.2319
5.38724
4.97928
5.49439
9.97785
5.47512
6.4063
9.15829
6.26237
7.67472
5.41484
7.14045
5.38741
5.74572
5.56218
5.14243
5.22759
4.8766
5.07101
6.25506
4.86086
4.97062
5.62049
5.67503
5.13832
5.31671
4.9701
6.40375
4.85771
5.09462
10.3818
5.29834
5.05408
5.05243
5.067
6.68397
5.59786
5.94576
8.35542
4.8311
4.59807
5.29907
5.19038
5.23101
5.3575
4.93683
5.10628
4.74467
4.74016
5.83832
5.0551
5.09128
5.66405
5.23389
5.45648
5.27308
4.89317
5.88177
5.33099
5.33414
5.08457
5.64921
5.28344
5.65015
9.90291
8.16531
5.35423
5.36741
5.15329
5.20687
5.32415
5.62767
5.24358
6.19784
5.36283
5.83732
5.83944
5.5729
10.4778
6.80396
5.59656
5.13531
5.81744
5.08941
5.08271
5.5499
4.82824
5.25982
5.27827
9.76752
11.8533
5.84316
6.68825
5.15443
4.94359
5.50879
5.05783
5.07291
5.80298
5.13112
4.91533
5.29498
7.41065
4.77936
10.2585
5.05861
4.65501
5.86827
5.91121
6.54362
5.92892
5.46329
5.25757
5.52053
5.44582
5.33005
5.86058
5.25461
5.21732
5.34383
5.5561
5.53574
5.35278
5.18319
5.13527
5.25695
5.33326
5.79079
4.75647
5.36442
5.1569
5.41788
5.2116
5.72963
5.09732
4.99656
5.31596
5.08292
5.9212
7.91736
5.08107
6.28617
5.52018
5.13776
5.87285
5.64271
4.82573
5.18757
7.07891
4.87374
6.57861
5.84184
5.2022
5.5544
5.80884
5.70524
4.77432
5.70357
5.58923
5.73521
5.19381
5.06363
5.07893
4.55451
5.26047
4.7143
4.88799
5.58009
5.57872
8.23571
5.26698
5.11403
5.17586
5.63182
5.9535
5.53821
5.07033
5.19438
5.02361
5.27042
5.35787
5.24146
5.34158
5.42371
5.08308
7.10286
5.15772
5.5229
5.37513
8.29473
9.50457
5.95177
10.681
5.85378
5.07852
5.08942
5.09457
4.72674
5.16052
5.21634
5.76401
5.28118
4.82347
5.3526
5.45961
5.06924
4.54942
5.23504
6.56258
4.91182
5.61401
4.82808
8.26517
4.71279
4.85213
4.61752
4.91015
6.68265
5.43083
5.63492
5.56435
5.18411
5.16863
5.6088
5.88103
5.17773
5.54321
8.26334
4.9312
5.5225
5.47562
5.06947
5.08498
5.21307
4.92937
5.05163
10.2999
5.4641
5.5363
10.1918
5.4641
5.70643
10.7872
10.4595
9.34131
5.72234
6.41378
5.31888
6.78696
6.00513
5.47607
4.5917
8.28475
6.49721
9.76132
4.81761
8.58783
5.32514
4.74948
4.80782
5.32833
5.77399
11.484
5.09812
6.74238
4.85439
4.83936
5.34818
5.40128
5.21661
6.30334
5.09556
5.4731
5.75895
5.07022
5.3231
5.09865
6.71856
8.80115
4.48312
5.36713
5.16414
5.22108
5.56912
6.11962
4.64725
5.8616
5.43577
5.28609
5.18509
5.12859
5.4372
5.27294
5.23627
4.88965
8.91099
5.73968
5.3485
4.9239
5.25452
4.97176
5.14261
5.23668
6.2824
5.07371
4.74135
5.1658
5.47511
4.21799
5.13218
6.20965
5.89098
4.66338
5.33711
11.5338
4.83286
5.47611
5.29049
8.29637
4.78665
4.61745
5.35448
5.07533
5.09105
5.56965
5.51555
5.70612
5.29905
5.81473
5.66559
8.61941
5.42789
8.65426
5.02392
4.83345
5.54679
5.71698
11.0031
11.0523
5.96242
9.95739
5.18825
4.88308
5.23757
5.05186
6.60725
5.44937
5.23306
5.3951
6.33596
5.3212
5.58177
5.4078
5.23508
10.0374
5.27229
4.79661
5.84376
5.2752
5.16776
5.22583
5.11542
5.56443
5.49095
5.72503
5.88648
6.48388
5.35878
4.61574
5.64865
5.29174
5.32977
5.54981
7.55791
5.0699
5.10767
5.2302
4.68594
5.72264
5.36214
5.37726
5.23499
5.69724
5.3715
5.67942
4.98825
5.87738
5.56491
5.13746
5.26075
10.7291
5.12857
5.27431
5.81202
5.22226
5.69308
5.7031
5.32963
5.71681
6.5011
5.08121
5.09714
5.54964
5.44694
7.23041
5.12055
5.61744
5.78537
5.77291
5.30301
10.2184
5.56779
4.93192
5.49809
10.4652
7.50057
5.89811
5.32485
5.50488
5.54851
5.76165
5.55548
4.9979
5.33161
5.19003
5.22772
5.49785
5.34596
5.15235
7.06504
4.98275
6.74462
5.76429
5.15652
5.23179
5.02312
5.27722
7.93183
4.97888
5.27353
5.53761
5.70428
6.36692
5.3209
5.50882
5.55166
5.59115
5.04612
5.52915
5.7278
5.71163
10.6363
5.6258
5.33284
5.46276
5.72428
5.07854
8.65745
5.55958
5.12298
5.49079
4.77117
5.62119
5.76148
5.9324
5.16073
5.08711
5.10325
9.82137
5.18534
5.74481
5.08516
5.71718
5.34484
5.10972
7.16794
5.6005
4.95941
5.24034
5.53558
6.58084
5.8672
5.42399
6.58743
5.15406
5.96709
5.73631
5.09644
5.45696
5.55828
5.21485
5.41224
5.06411
5.29173
5.54551
5.14038
4.9383
5.11986
5.25409
5.2712
9.16483
5.62146
4.9479
4.93208
5.07982
4.83454
4.80206
5.66094
5.3059
4.90789
12.538
10.2064
4.95907
5.53008
5.21159
5.46617
5.24059
5.33321
5.51083
5.08276
4.96816
5.84283
5.8349
5.75445
5.39276
5.12394
5.49696
5.57741
5.47689
5.40423
5.17134
5.35019
4.95999
5.44844
4.83199
6.43545
6.62687
6.5436
5.48929
5.41544
6.3851
5.24788
4.9204
5.1644
6.24121
5.92114
5.32616
8.45274
5.89862
5.29905
5.17922
5.33864
4.93406
5.56069
5.44759
4.92717
5.16992
4.95082
4.98778
5.01363
4.94298
6.99044
4.95559
5.61042
4.76476
4.99258
5.39475
5.45321
5.17218
8.72134
5.34682
5.26653
5.42591
5.11474
5.36395
5.55328
5.59757
5.76185
7.24944
5.10696
5.2571
5.03969
11.308
5.83276
5.09802
5.32032
5.10571
5.54609
5.37923
6.22133
5.48917
5.166
4.96242
5.36329
5.25555
11.2834
10.799
4.77795
5.72689
5.50433
5.62645
4.93843
5.16959
5.41815
4.6969
6.73814
5.17407
7.938
10.4023
10.7307
11.9285
5.38631
4.84905
5.06843
5.55223
5.30636
5.30363
5.61708
4.88219
6.35735
5.64414
5.58229
5.85129
6.16129
5.37469
5.25662
5.20881
5.26525
4.87891
5.16296
5.53808
5.94777
5.70419
5.26301
5.03737
5.32337
5.5203
5.40994
10.1229
5.11515
4.75209
5.3128
5.53475
8.72274
5.19122
5.78604
5.60202
5.32219
9.28635
5.71472
5.25635
5.65237
4.90636
5.667
5.25712
4.716
5.26126
4.97481
5.53516
4.60036
5.62276
5.24721
5.60201
4.94462
5.36925
7.03891
5.25915
5.98691
5.81963
4.97679
5.37775
5.28285
5.60431
5.89042
5.61434
5.29119
5.12458
5.3775
5.38678
5.27704
5.57179
5.01238
5.07391
5.52229
5.16341
12.7745
5.22491
5.05053
5.38344
4.94406
5.99561
5.1934
5.30525
5.58717
4.88853
5.42899
5.20762
5.16604
5.26636
5.10881
5.18258
5.28333
4.8809
5.73377
4.93104
5.25121
5.32795
5.20092
10.5469
5.52388
5.4516
4.90375
5.41662
8.29294
5.21836
5.54331
5.05949
5.54942
5.30628
5.50331
5.86516
5.14861
5.35943
5.09826
5.34566
5.37377
5.51705
5.11255
5.50966
6.95765
5.68627
4.94321
5.40687
11.5301
5.08855
5.55482
5.00391
5.18661
5.60876
5.25219
10.336
7.00517
5.09752
4.76226
5.38817
5.87102
7.49793
5.30618
4.81331
5.7608
5.25055
6.01517
5.80457
6.08116
5.63941
10.7789
6.61962
6.09222
5.51697
4.84672
6.76888
8.30526
4.9636
5.20617
5.78488
5.42705
5.22697
6.39621
6.35461
5.14619
5.3082
5.40596
5.23188
5.16459
5.15087
5.60673
5.23761
4.99479
5.224
5.19973
5.41287
5.37874
5.4505
5.32344
7.05201
5.21171
5.30154
5.48294
5.48573
5.24866
5.41348
5.38421
4.97369
5.50012
5.43533
6.29704
5.08473
5.0893
5.06528
5.83249
4.86951
6.15011
4.63713
5.09259
5.54991
4.9119
5.12726
5.64927
5.62398
5.5756
5.39781
4.93736
5.4051
5.17255
5.56556
5.37068
5.14733
5.31535
5.37319
4.88425
10.8231
12.1188
5.60266
5.78553
5.19169
5.22343
5.22361
5.21576
5.07005
5.37726
5.3645
4.80441
5.37233
5.13989
5.18018
5.57397
5.34466
5.53873
7.33386
5.49518
5.31013
4.52933
5.42452
5.32284
5.21679
5.13784
5.10826
5.6296
5.61783
5.16136
5.31323
5.05645
8.1397
5.67458
5.72025
5.35274
4.96971
5.15202
10.0527
5.13707
4.88785
5.23801
5.89404
4.99493
5.51298
7.16764
4.96784
5.21301
5.53351
5.28436
5.06772
10.1986
5.24363
5.19996
5.35897
5.09796
5.39918
5.59835
5.19414
5.14452
5.1965
5.20344
5.05168
5.30611
5.43441
5.70938
4.1817
5.43517
5.59304
6.25339
5.24666
6.1239
5.55051
5.239
5.42618
5.50976
5.6083
4.88336
5.22457
5.36393
5.2118
5.6819
5.72714
4.86278
6.23739
4.92655
5.18044
6.19093
5.24937
5.20943
5.28777
5.96157
5.11063
4.94399
4.73921
4.7824
5.77528
5.0308
5.25947
5.20268
6.74571
5.91825
5.30291
5.1854
5.35005
5.69372
5.27735
5.47534
8.44497
6.93479
7.51747
5.21166
5.39869
5.27105
4.70549
5.14437
5.16239
5.16294
5.17774
5.79792
10.4173
4.95557
5.09582
4.80201
5.66006
10.594
5.42786
10.248
10.9793
5.13148
5.36503
5.14132
4.79811
4.57035
5.2423
5.95129
5.14104
7.64284
5.2415
5.62767
5.17994
5.03839
5.02607
5.4889
5.73326
5.42219
5.12033
5.27785
4.95238
5.24495
8.32049
5.69908
5.14597
5.57336
5.24127
5.02633
5.48366
6.73313
5.27472
5.10155
5.25232
11.0712
5.25088
5.58165
5.14144
5.11542
5.27568
5.01477
5.71656
5.40575
5.5198
5.1873
5.1636
12.4917
5.33653
4.90717
5.03105
5.31694
5.2995
5.11859
4.82369
5.45244
5.33109
5.17521
5.48583
6.03725
11.2272
11.7134
5.29281
5.90713
4.93186
5.82
5.34202
5.20515
5.76174
10.9223
5.51165
5.56665
5.04446
5.38381
5.19797
5.14776
5.15389
5.73378
6.32038
5.92286
5.19794
5.14187
5.61896
6.31144
5.27581
5.15146
5.62741
5.72506
5.32371
5.58843
5.22883
5.8164
4.83746
5.33661
5.27156
5.09951
5.35864
5.038
5.26034
7.70841
5.02352
5.0169
5.29691
5.4762
5.8482
4.94579
6.79017
5.82146
5.21297
5.2954
5.35645
5.14918
5.23567
5.66442
5.46439
5.41966
5.45551
5.38387
5.15353
5.76339
5.30763
5.35637
5.31467
5.50515
5.1736
9.98138
5.15329
5.06777
5.70749
5.31501
12.1389
12.463
5.3309
5.19363
4.9971
5.18335
11.6131
5.24643
5.01468
11.9116
4.75548
5.64795
5.76842
9.94836
5.14447
5.87557
5.81359
5.6787
4.75069
5.28632
5.0266
5.23637
5.19511
5.12384
5.7689
5.20249
5.7932
5.21372
5.38348
5.28839
5.7778
5.55402
10.078
7.8642
5.01546
10.4554
5.29373
5.275
5.23815
6.5273
5.30059
4.96504
4.95656
11.4761
9.31277
4.8261
5.60742
6.09155
5.75844
4.95255
5.02395
5.31252
5.46683
4.97226
5.87462
5.08104
5.69262
5.08069
9.54281
4.73758
4.53615
4.62731
5.26131
5.4036
5.52372
5.12372
5.72795
5.34718
4.55475
5.23631
4.73249
5.86833
5.20824
5.16872
5.25879
5.28202
5.91106
7.45199
5.24983
5.43735
5.09501
5.6777
5.43019
5.38161
6.2704
5.57743
8.49764
5.82318
5.39186
5.30007
5.25072
4.72172
5.58859
5.25906
5.37331
5.66727
7.87709
5.13504
5.17631
11.7376
5.28265
5.19032
6.18937
4.98096
4.86995
5.73807
5.84904
6.61948
7.00177
5.30576
8.20565
5.2947
11.1985
4.76821
5.22613
5.23885
5.48495
6.59195
5.01255
8.05473
4.88589
5.46856
5.06236
5.31693
5.59243
4.99772
9.62883
7.19666
5.81326
6.09047
5.34188
8.5594
7.4298
5.20352
5.41143
5.54019
5.85521
5.86602
4.63834
5.21131
5.74613
8.41445
4.99853
6.50051
4.73018
5.35561
4.8339
4.65919
5.0698
5.46927
10.6584
5.33772
4.23016
6.50723
5.23639
4.86004
4.63341
4.82512
5.37711
9.08892
9.15714
5.21804
7.12651
5.54249
5.30622
5.26989
6.19602
7.37707
6.30748
6.22529
5.67891
5.33996
6.21476
8.79197
6.26245
4.8153
6.52187
5.33565
5.16353
5.64845
4.63751
5.12574
5.58268
5.16621
5.41073
5.10773
5.37274
5.66469
5.95353
9.38253
5.17886
5.57836
5.21859
6.00965
5.08642
6.52755
4.93454
5.07089
6.06566
5.21839
5.08045
5.77075
5.02818
4.98091
8.70556
7.99522
5.38333
4.81019
6.7696
4.89943
10.1456
4.84081
8.70776
5.20615
5.04509
5.13265
5.03938
6.04576
6.99703
5.45423
8.27168
5.42974
4.70031
4.90835
5.2899
6.82723
5.36428
5.39182
5.20377
5.66611
5.3755
5.30771
5.2716
5.84411
5.01518
9.55124
5.30536
5.44018
5.91625
8.58216
5.63137
5.43141
5.61925
5.21124
4.97142
6.01762
5.53552
5.39874
6.16336
5.0384
6.07614
5.22639
5.77847
4.90427
5.28984
5.17919
7.94561
7.01579
4.87793
5.78145
5.7083
5.39628
5.5992
5.37603
5.50303
4.93075
5.39746
6.51699
9.31086
4.98009
5.03266
6.93426
6.07076
5.33358
5.60476
4.97677
5.00327
5.39234
4.69876
7.5695
8.88606
6.55383
7.15946
4.63321
5.93555
5.31233
5.42919
5.00177
5.43456
10.2337
5.61819
4.88456
7.2483
10.0933
5.72803
6.73297
4.9921
5.34273
5.27209
5.19515
7.13384
5.03674
5.48357
10.3104
4.97194
5.0258
6.23893
4.91598
4.9709
5.54446
4.96365
5.73254
4.79481
5.76125
7.86094
5.44851
5.47226
4.77855
7.42239
5.79199
5.07368
4.97232
6.32294
10.2977
5.10938
5.66494
6.09818
6.08388
5.81572
5.46106
5.29976
5.78447
6.1309
4.86953
4.84264
5.81489
5.22819
5.04134
5.95632
4.95856
4.73094
6.30289
5.12504
5.59338
5.24893
7.24777
4.76928
4.61368
4.91997
4.91844
8.45836
5.40123
7.64859
4.98698
5.17245
5.53403
10.8896
5.22757
5.26022
4.85313
8.37137
4.72948
8.63698
5.50403
6.27433
10.7139
5.00921
4.73831
5.12429
9.64949
5.58868
13.3189
4.78723
6.89951
4.85006
5.31307
4.89252
10.3234
4.91173
5.88743
5.878
5.59605
4.71219
5.52513
5.00693
6.51091
5.25727
5.06824
5.10037
6.75005
7.60563
5.47554
6.18743
5.39513
8.75051
4.45485
5.81056
6.73032
5.1385
5.64692
5.49436
4.78855
4.90269
5.64632
5.20765
5.24768
7.00463
4.96491
4.98493
5.18784
5.83572
4.78113
9.00299
8.98268
4.97316
5.68899
6.94127
6.35841
5.37195
8.71353
6.82598
6.29206
5.55298
5.51346
7.07961
5.63796
4.90193
5.57268
7.65186
5.83126
5.04187
10.8504
5.49221
5.76565
5.19446
5.55623
5.50798
5.81701
5.50895
4.96021
5.2091
6.58578
11.9489
5.65999
4.89161
6.53601
4.75099
10.1266
4.88195
9.51072
5.47591
8.73914
9.20702
5.5514
9.07851
4.89731
7.8748
4.84979
6.68667
5.84766
5.69044
5.58554
4.99765
5.00233
5.53656
4.79377
5.48974
5.04387
7.3001
4.97028
5.47741
4.72366
5.00862
5.03092
4.41534
4.58183
5.8584
5.63665
7.92454
6.41564
7.23736
5.66997
5.67671
4.81093
5.49614
5.44854
5.02936
5.9367
5.79569
4.96031
4.73586
5.85642
5.62392
7.31659
9.00604
5.73335
5.42003
6.668
9.98028
5.71115
10.0913
4.98779
4.56821
5.72415
5.0169
5.62055
4.79814
7.25037
7.18997
5.61636
4.74794
5.09906
5.36689
5.47405
5.28131
5.53102
4.97064
5.02282
6.68699
5.37337
6.78588
5.38423
8.6947
5.46886
5.61036
9.17873
4.87454
5.77667
5.52888
4.77828
6.26571
7.35354
5.60228
4.97197
5.01722
5.62196
5.09947
6.42122
5.13617
4.86198
5.7183
4.91808
5.6794
7.29944
7.3474
5.08929
6.35363
7.56245
5.41426
9.24822
5.53651
4.96957
6.26432
5.89989
5.67483
6.06533
6.43636
4.70744
4.9869
6.9939
5.09536
5.08159
5.51917
8.02843
5.89855
6.46702
8.02969
4.48954
5.46514
5.61266
4.70464
5.03619
4.95507
5.24341
4.98007
5.08841
6.00549
5.28518
6.87672
6.19199
5.17298
6.16492
5.99257
6.06196
5.61988
5.39773
5.50248
5.0157
4.77921
5.58163
9.98182
6.35897
6.25841
8.4355
4.83774
5.38791
8.10485
8.34086
5.10059
5.0668
5.52522
5.40803
5.50237
5.50237
5.50237
5.50237
8.85438
4.8433
5.69712
7.71619
8.17694
5.3569
4.48532
5.57123
8.16401
4.90635
5.84877
5.11147
6.29941
7.51843
5.50107
7.80659
6.44269
6.48475
5.20357
5.02196
5.59769
4.67174
5.60705
4.77222
5.00722
4.90401
5.08405
5.21788
12.7607
5.15977
4.89907
4.89975
4.85677
9.02129
5.26595
4.96553
4.86102
9.54721
5.51425
12.0806
5.37762
5.70858
6.16871
5.85677
5.13952
5.75037
5.11043
5.38692
5.60632
5.69313
5.98236
5.67613
4.65511
5.10262
5.31657
9.49946
10.1651
5.00324
5.06154
5.35269
5.543
6.81044
7.28329
5.65802
6.92272
5.11848
4.77385
5.34253
5.10765
7.07606
9.1498
5.7198
10.5318
5.09584
5.39467
4.78955
4.81762
4.83399
8.67795
5.6721
5.06189
6.07903
7.46041
5.7179
4.85729
5.14093
5.02657
6.42106
5.53884
5.67208
5.29525
4.81966
4.70453
5.71759
8.86418
7.29007
6.01056
7.10393
5.17542
5.9225
5.06891
7.35604
5.02995
5.32934
6.70126
9.87063
5.16483
4.89517
5.39092
5.3165
5.26282
4.95054
6.0463
5.3915
7.431
6.12369
4.96727
5.32646
5.145
6.11342
8.50662
5.10743
10.8501
7.78404
5.49443
5.00121
4.82226
5.97785
9.28915
7.55761
5.05511
4.89009
4.67643
6.15009
8.79637
5.07318
5.90463
5.12432
10.2566
7.16081
9.31986
9.09317
4.9107
5.58646
5.0473
5.7204
7.46488
6.57028
4.85932
5.63549
5.03895
6.77883
6.71005
6.43948
5.94624
8.18229
4.84412
5.02723
4.62705
5.03501
6.00624
5.1465
6.17502
6.40433
4.83164
8.85641
4.76076
6.12822
4.93934
4.81821
5.23855
5.6823
6.77687
4.87607
5.62407
4.27745
8.56258
4.78536
5.16992
5.04878
4.81942
6.96243
5.4256
4.92573
10.1309
7.6717
4.97943
4.90098
5.14932
6.52704
4.82022
8.35016
5.74704
8.63825
4.65717
10.4886
6.35115
8.90602
5.54534
4.91132
9.25204
5.11171
5.07436
7.07824
5.12787
4.72122
5.68558
4.63551
5.5229
6.27175
4.59576
4.8232
11.7378
8.86507
7.98051
5.49809
6.56303
5.10353
7.91367
6.33238
4.89783
6.85371
5.15068
4.8926
4.82432
7.51704
7.47972
6.55041
9.26323
5.77535
9.52874
4.85389
5.74134
4.38428
8.18692
9.41579
5.86372
4.9147
5.17476
5.1596
10.3463
6.99092
5.89368
12.4729
5.39027
5.07036
10.023
10.6234
5.53257
5.3812
8.48703
4.53584
6.21067
5.14141
9.38074
8.64732
5.71797
5.52937
10.582
5.77753
5.58313
6.91707
6.87507
5.16356
4.80696
5.32842
7.25536
4.90488
5.43438
8.55289
8.47444
5.23032
6.0497
5.07711
4.83903
4.64697
6.57489
5.80494
8.74388
5.63479
7.41152
8.66102
5.11614
4.98335
5.10243
4.8601
4.94123
6.45637
6.16848
4.94806
5.1167
4.69036
4.89063
8.37592
4.87613
5.17067
9.22435
5.41014
6.78984
7.86793
5.79657
5.33353
5.65322
5.69492
6.03717
8.35177
4.80639
4.94587
9.96729
9.26351
10.8358
9.8143
4.84665
5.78202
5.42391
5.77943
5.45298
9.73651
5.12467
5.14306
5.33062
5.28491
5.01944
4.75991
4.96204
7.40926
5.05702
5.09131
6.10363
5.9447
4.68576
5.02738
8.97555
5.14941
5.44097
5.51547
5.25377
4.36148
6.0322
6.85648
4.92534
5.07759
4.71462
5.12108
6.09809
4.71189
5.09672
6.18117
11.6016
8.46998
4.96849
4.83988
7.75128
5.79321
8.48223
8.92793
7.70621
8.12403
6.62408
8.87795
5.64302
8.63151
5.14364
6.89762
5.20674
8.24077
5.42279
4.8088
6.24994
4.91991
4.61705
4.85179
5.33904
8.60592
8.10455
5.24018
4.73204
4.99864
4.99709
5.01852
4.30111
8.35209
4.8846
6.26065
5.05056
4.74658
5.6668
4.49902
5.68356
4.79771
7.4218
5.64919
8.54038
5.4846
5.98503
6.50043
7.04662
5.50602
10.1403
7.89312
4.81048
5.08278
5.58264
4.89619
5.12455
6.10837
8.91707
5.8458
5.05267
8.78257
7.50764
9.56229
5.77826
4.76518
4.62484
7.76269
5.04357
9.70591
5.66156
4.97227
6.84569
8.08546
6.05407
6.17853
8.77992
4.74116
6.61472
5.0538
6.49723
5.08632
5.57606
5.10931
5.31723
12.6095
4.88038
8.47717
5.50621
5.24468
5.16225
7.24307
5.19258
5.27667
12.0382
5.42144
4.58212
8.77286
5.69362
4.87964
5.40124
5.20164
5.1312
5.46763
10.5769
5.45762
4.97068
5.69875
7.57337
7.10822
6.34751
7.28689
8.74912
7.24412
5.06538
5.0316
7.53218
7.78916
9.44401
8.41586
5.69635
5.08629
8.88224
8.81825
7.33799
5.47057
5.22327
5.00179
5.36309
6.51459
4.60916
4.50466
5.11655
9.51453
7.02514
4.91396
8.04414
5.99712
5.6445
10.2226
6.21365
9.68472
4.63318
9.16568
5.12401
5.29851
5.7937
8.15214
9.95181
6.22918
4.9831
4.76444
8.85991
6.06965
5.49903
5.52948
5.38553
10.4993
5.10099
6.4305
11.3483
6.11842
5.05534
4.98464
9.14169
12.32
4.83862
7.96031
5.45051
6.39754
6.21735
6.84175
7.45959
6.88166
5.89519
4.80889
9.41206
10.6217
5.12306
4.67038
10.2484
7.97435
4.97493
4.92354
9.80299
5.66589
5.68966
5.6351
5.963
7.31184
4.97145
5.09232
5.14704
5.62113
6.10422
5.81478
5.73012
5.73451
8.70822
6.64576
4.85892
8.28279
8.53542
5.01968
4.73742
5.12646
8.97348
7.27706
7.74816
5.53066
5.57489
9.64094
5.10446
4.86888
6
7.78136
4.91719
9.04425
5.17807
8.72673
7.13883
6.58497
6.02036
5.06554
7.16692
13.6495
5.0562
5.12741
5.21734
4.69375
6.11192
4.81359
8.51663
6.8629
5.95246
9.05953
5.28397
4.91746
4.98945
6.24567
5.05482
5.15235
5.044
5.70261
7.66049
6.25255
5.37616
6.03759
13.5812
5.28867
5.01884
5.11001
7.61485
5.07461
5.14728
4.85764
4.82134
5.09868
9.73687
5.20524
4.90042
4.73218
5.03371
5.50506
5.14417
5.61817
4.92313
5.1854
7.70532
7.71029
6.07914
5.61357
5.8585
9.44167
4.90443
5.07337
5.06097
5.14006
7.46151
4.93067
4.60518
4.69431
12.2719
6.6744
5.25824
8.82809
6.25149
6.81892
6.50761
7.11773
5.6135
5.30727
4.81423
4.90127
5.06814
8.70999
4.80368
5.47208
8.87109
4.50749
5.6781
6.45602
7.09889
5.13213
4.72322
5.11107
4.90211
5.07038
6.12584
5.05138
5.07099
7.98072
10.46
5.00775
5.16896
5.34367
5.10052
5.74268
5.14567
8.50465
6.29491
9.9361
5.03378
4.90562
4.71181
4.79386
5.13422
5.48102
4.73016
5.37011
6.22465
5.20333
10.1348
5.09877
5.18743
7.21743
4.97596
5.44061
5.01586
7.85132
5.13739
6.0766
7.2739
5.21702
5.05647
9.68403
8.13609
4.67628
6.69174
6.39472
6.02411
5.00824
5.15541
5.1782
6.97541
14.0199
4.67608
7.05771
4.88419
9.93949
9.64766
5.11935
8.08894
4.75814
5.11413
6.33632
10.2881
8.59459
7.83841
8.39667
4.76328
9.94551
7.60293
5.28938
5.21646
5.19387
6.83222
6.46635
9.56383
5.46626
4.99265
8.39508
10.1203
6.92468
6.25172
5.08392
5.55657
4.6502
8.63988
9.98487
5.1024
8.76777
6.09305
5.18363
4.79679
5.05947
4.65898
4.89048
5.1021
9.2874
5.22924
5.11721
7.89913
5.62602
5.34618
4.53173
6.91348
6.64876
7.96346
7.5697
6.65997
8.3582
9.43515
5.24073
4.85421
5.34277
5.50084
4.98161
5.47574
4.96562
7.76566
6.59728
5.12042
7.73514
4.63535
5.69684
6.32896
5.06374
10.0371
5.16263
4.83382
4.9797
6.19939
5.49107
10.5523
5.01401
6.1499
4.91696
4.74247
8.81741
4.90756
5.11345
5.36455
5.28162
7.18017
4.9646
5.18013
5.50226
5.91232
7.69457
8.21703
5.64294
5.55399
5.01735
4.49477
4.79012
4.87005
8.21119
5.10903
6.02094
8.76308
4.34791
4.76146
6.85926
5.22331
5.27405
7.89238
4.83017
5.36186
5.25335
5.06042
6.98431
4.39576
7.58748
7.25339
5.56934
6.5668
6.72329
5.29322
5.97221
5.15467
5.19618
5.87076
4.93999
7.9843
7.35472
9.76788
6.98347
6.01674
8.27057
4.54723
10.1995
6.08418
7.4235
10.1896
8.75686
7.68966
7.98929
5.95233
5.14182
4.6621
5.1472
5.24688
5.05993
5.34152
6.8511
8.36804
4.76284
5.05078
5.22859
6.485
6.39696
6.12961
5.42088
10.969
7.22286
4.95799
9.95902
9.03761
5.91305
8.41194
5.19077
4.89376
4.9405
5.33833
4.50375
6.57273
5.53932
7.35863
5.55632
4.87768
5.20063
6.07525
6.02939
4.83044
5.11615
6.84012
6.07021
5.01229
6.40745
8.83442
5.15158
10.9767
5.17154
7.13839
7.34519
5.09614
5.64915
7.75335
10.1283
10.3963
6.73355
5.96285
5.03756
5.30307
7.49124
5.42546
4.84917
13.6218
4.94033
7.68853
6.4363
4.77438
5.90075
5.94882
5.32318
4.54667
5.73093
4.82037
5.25035
5.02147
4.84806
5.56606
9.41732
5.3791
5.00077
6.03117
5.1615
7.63063
5.80055
8.34751
5.30339
8.81504
5.44581
4.57641
4.97636
5.68721
9.58029
5.33342
6.051
6.09424
5.07539
5.61645
6.20441
4.87382
5.05404
5.43256
4.53891
5.11768
4.99188
5.06197
8.73591
8.21402
5.48165
4.73234
5.02346
5.66477
5.6509
5.07807
7.40838
5.47149
5.51143
5.12667
7.86308
7.57372
9.56899
5.1702
5.18892
8.34752
6.6853
8.49677
7.92765
8.03811
5.83241
5.08058
7.41485
9.79149
4.97629
6.48
7.94344
4.75423
5.11338
4.94837
5.61958
5.56292
5.14437
12.6655
5.4565
5.11728
7.86637
7.90726
5.37022
8.88798
5.31375
5.51452
5.24897
5.70372
5.63649
6.31874
5.38804
5.35822
5.141
9.45082
12.5301
8.63184
8.17816
5.20992
8.35844
7.25966
6.64055
5.16107
4.42072
5.24597
12.2307
7.25627
7.53998
10.5418
7.83044
4.84054
5.13172
8.28402
8.15773
8.55202
5.2232
9.24907
4.98345
4.57099
5.186
6.59723
5.1193
5.16852
7.96058
4.9552
5.07771
5.25323
4.79863
5.14888
10.3882
7.22993
5.21809
7.86716
5.34138
7.34525
6.11905
5.22579
6.4482
9.05097
5.11593
4.73892
5.11972
4.68141
11.6658
6.96009
8.32169
9.12956
9.49604
6.21508
8.77022
6.42969
5.33733
5.48929
10.5788
5.97242
5.21597
5.36379
8.2192
9.87914
4.41143
9.42655
5.1632
5.06366
5.38203
9.3637
9.61436
5.02064
5.06948
4.89475
12.8771
5.18103
5.69329
6.82547
6.25908
9.03058
6.98434
9.62795
5.2292
5.15181
4.90753
4.84319
5.17699
5.30473
12.0679
5.12629
4.80942
9.86053
5.00242
5.11484
9.1588
8.16374
5.0917
6.71694
5.16406
5.04814
9.34897
5.75746
5.11809
5.086
5.04967
5.50516
5.65355
4.78195
5.24446
8.0624
4.20257
4.7956
5.93936
9.77537
5.69561
5.63229
5.14972
5.00432
4.73819
6.50541
4.69929
6.17968
6.75425
4.66043
4.90225
5.21595
5.14919
5.80632
5.26575
10.3254
7.68993
10.1302
9.84837
5.20999
6.02807
7.22644
5.40399
8.76768
5.1094
4.92065
4.49504
8.04762
5.77274
7.50704
5.09763
10.0908
11.2126
7.64637
7.31981
5.15443
5.00736
5.45553
4.88469
5.13379
4.84605
6.03459
4.91545
7.03336
4.6735
5.20629
5.0054
5.99513
5.05004
4.65947
5.22896
5.60305
5.05239
4.99125
5.09343
5.15836
6.14672
7.59384
7.8915
4.86011
4.50078
5.21126
4.75579
5.76234
8.5839
7.93929
4.81514
4.69712
5.91628
4.87853
5.4158
5.18594
7.36529
10.9934
6.50336
5.31858
7.95231
5.81326
5.11866
5.20936
5.36938
4.86636
5.20123
5.13502
5.25429
5.46849
5.74455
5.19712
5.27582
5.326
5.19579
5.32863
8.50094
6.32747
11.9573
6.91059
5.96982
5.26204
5.21662
5.20541
4.85659
5.27822
7.67688
7.97836
5.37158
5.11233
4.87502
5.19749
5.95731
4.70379
8.0496
5.51299
5.03346
6.24022
4.69316
5.01463
4.43487
8.04774
5.69502
4.78977
10.2319
6.79814
10.1034
4.52901
7.83227
5.22982
5.06008
4.55618
7.40407
5.56155
5.08464
4.9953
6.50095
10.3919
6.30829
13.539
8.58194
4.45138
8.61974
5.20764
5.2252
7.11711
5.3116
5.15826
5.04626
7.8074
5.12398
9.75266
4.8234
5.91832
4.91168
4.69032
10.2769
4.67896
5.2974
5.1277
6.34264
5.00188
5.44795
6.81059
5.30528
5.11234
5.19925
6.2467
5.23651
6.21905
9.32871
8.39165
8.14031
5.12474
4.91021
9.54784
7.33953
5.1822
5.47294
5.22614
6.26284
5.0885
10.4007
10.3429
5.1678
5.10071
4.68167
5.37701
4.87524
7.3384
6.36662
5.19348
4.53447
5.24117
5.82728
6.99389
5.1967
6.80618
5.08246
4.89042
5.91862
5.16221
6.42076
5.11318
7.39174
5.5771
6.37883
5.17591
5.13767
5.22186
11.9025
5.45597
7.25203
5.11975
7.63829
4.97049
5.30828
6.52176
5.08038
5.20287
5.24989
4.84496
5.22996
5.03221
5.055
5.39803
9.18485
5.76766
6.09714
4.71105
4.71748
10.3483
5.67198
5.36765
6.79978
5.07464
7.63334
5.17891
4.77595
4.99589
7.74223
5.17048
5.22238
8.47593
7.05559
6.10419
6.68121
5.12923
4.75748
13.9957
5.44871
5.04443
4.82115
7.80235
5.27314
8.29517
8.12013
6.44207
5.2567
6.78133
8.04019
6.25654
5.09927
5.3267
5.13906
4.91011
5.21199
5.14966
5.30101
5.20685
7.18799
4.91983
4.97573
4.82585
6.62273
5.34841
5.11654
5.21664
5.76238
5.10638
4.48359
5.2972
8.20843
5.08877
5.3
5.36721
5.13955
5.0831
5.74012
5.19863
6.04194
5.13842
6.85302
5.17755
6.87655
6.42721
8.77704
5.04482
7.38691
5.28199
4.81018
5.72269
13.1367
5.10062
5.19027
6.04729
5.51838
5.3774
5.12761
5.91139
6.0143
5.20752
8.67909
10.5659
7.95806
5.24367
9.11311
5.04917
8.37449
9.16016
5.11722
5.08278
6.33084
7.06047
5.21026
7.95645
5.20397
5.11379
12.4363
5.35151
5.09766
5.27239
4.55687
7.86023
4.9325
5.06678
5.08114
9.58502
9.47344
5.08674
9.23107
12.8351
4.87099
5.08754
7.87565
5.29653
4.95111
5.25407
5.23141
7.53934
6.47138
7.79846
5.2731
4.88967
4.87668
10.2807
4.97274
5.21108
12.1598
6.16511
5.25757
6.43845
9.69875
5.1896
4.78124
5.07308
6.04992
6.8366
14.7199
5.7555
5.1274
5.38175
6.39678
5.20298
5.18485
5.19714
4.77487
6.56531
5.33345
4.75322
5.69334
4.88785
5.09952
5.23884
4.66875
4.83601
5.85142
5.67678
4.97152
5.53205
5.49572
8.7798
5.29337
8.55406
4.63756
7.98782
4.63008
5.22985
5.26245
5.25678
4.92561
5.17165
5.35884
6.98259
5.20122
4.64374
4.86203
5.74418
5.26798
5.26664
5.04046
5.15975
4.95929
5.12444
6.44725
5.76016
4.76307
5.16392
5.29419
6.96784
5.06463
5.12406
5.63281
5.21948
5.17905
7.25823
7.34601
5.28829
5.58735
5.26761
7.61822
5.06295
5.34037
5.56068
5.26963
5.21626
5.07708
8.71319
5.22693
7.47744
5.33292
5.31213
5.37121
5.24513
5.02913
5.08398
10.713
5.44112
7.39038
5.24419
5.74406
5.16829
6.94328
5.65325
5.51006
5.30844
5.08808
5.25899
7.31903
7.15571
4.73552
5.27087
5.15145
10.5873
8.56791
5.65005
5.14825
7.85302
5.1499
10.3674
6.49567
8.65634
5.08429
7.8809
7.94588
6.83854
5.19286
5.05675
5.05303
5.29909
6.40634
5.22844
4.58044
5.8291
5.10895
4.71947
5.03889
6.57922
6.95615
5.27535
5.1418
5.09112
4.90877
10.4784
5.31302
9.33474
5.30369
4.59458
4.96607
6.53267
10.4297
5.49582
6.40423
5.21867
6.45747
5.25075
5.04423
5.21435
6.37156
5.31923
5.09248
5.08845
5.44396
5.22178
6.34502
11.3804
5.25084
4.9441
6.25369
5.08275
7.02529
5.04553
5.34761
7.36403
8.88927
5.27662
4.99814
8.91975
7.79251
5.71364
10.6126
5.10353
5.56294
5.30396
7.7814
5.34489
6.69971
5.0846
4.82143
4.7992
7.18011
14.9609
5.28
5.30705
13.0567
5.23219
7.843
7.87154
5.15524
4.57346
5.89101
8.07379
5.33099
7.72476
5.25518
5.40719
6.14007
5.277
5.38344
4.93361
8.12308
5.40697
5.16611
4.56678
7.7795
5.07076
5.28127
4.9293
7.55861
4.75171
5.37545
10.897
5.33588
4.93427
4.7601
5.37685
7.53198
5.88578
4.42209
11.9543
5.30885
6.16967
5.22578
5.12626
7.89412
6.58452
6.78753
7.40789
5.17055
5.38733
6.16189
5.32101
4.72916
5.26942
5.17862
5.40767
5.21921
5.39419
5.1312
5.79533
5.27756
5.07446
5.22862
4.41145
5.03438
5.29512
5.3468
10.1597
5.10179
5.33748
5.07774
8.93319
5.09725
5.15183
5.27393
8.01283
5.60463
7.24878
5.23911
7.6888
5.11719
5.43501
5.68796
4.58433
12.4867
4.9041
5.31625
6.08504
6.97672
5.43357
4.7021
7.93514
5.35149
8.44052
6.33625
4.73508
8.10197
4.79505
4.78786
5.27706
12.2833
5.11436
5.0852
8.11323
8.20858
5.19633
5.75626
4.75814
6.96415
4.90105
5.1299
7.87569
5.26195
7.6709
5.13623
4.82596
5.42306
6.28177
4.69432
6.37403
5.51035
5.84838
4.82882
8.5175
5.21935
5.07649
6.45011
5.16618
4.9139
4.80315
5.90276
5.17272
5.13322
5.09701
4.71592
5.55485
6.01772
4.45001
10.1954
5.12034
5.46764
5.34082
4.93687
5.14139
15.2184
5.14261
5.2158
5.12461
5.26604
5.22816
5.72993
7.84262
5.26099
5.14363
7.17749
5.07427
4.94889
5.07977
6.57861
5.23979
6.34569
6.45281
7.74919
5.4456
10.255
4.57861
5.05332
6.79055
5.70248
5.41734
5.21372
5.92484
5.63265
5.1923
4.82084
4.77149
4.72911
6.04431
8.67727
8.07914
6.57137
5.51397
8.75534
10.6844
4.75376
5.04046
5.26491
5.28103
5.23892
5.3667
5.42268
5.3979
5.10096
5.3098
8.2311
4.75417
5.78526
6.53906
7.51518
5.26636
5.36611
5.28117
5.57348
4.46997
4.75457
5.31268
6.58847
10.3349
5.21401
9.40579
7.40158
5.82355
13.2671
5.14604
5.41251
5.18326
4.84491
7.18872
5.50532
5.15826
6.1968
5.25755
5.03599
5.14111
6.32805
5.12011
5.45994
5.18308
5.10242
5.39462
4.68212
5.39073
4.75542
5.17339
5.05497
5.19871
7.18462
5.54258
5.24535
5.06636
5.26606
5.40817
4.86199
5.98366
4.75581
5.2133
5.26934
5.13037
5.2686
4.78349
4.90061
5.07797
6.04216
6.24117
4.97017
5.28631
5.29485
5.02446
5.205
5.23093
5.36385
5.03706
5.09099
4.76722
5.90161
4.91917
5.03793
6.45012
5.15128
8.82352
4.72722
6.11892
7.76255
6.41959
5.33766
10.6277
4.93914
4.81767
5.07035
5.4668
5.4411
5.27248
5.05073
5.15271
5.88224
5.37903
5.27098
7.12964
4.92542
4.76212
5.09604
5.1093
7.93295
5.38815
7.7055
5.03852
5.18903
5.20264
5.4032
5.97196
6.17851
10.4268
7.20212
4.75893
9.22962
5.29583
8.59624
5.05918
5.53064
7.53548
9.53576
4.76
5.31714
5.21285
5.00505
5.29522
4.88825
7.36538
4.66384
6.54597
4.93857
4.96669
5.13838
5.4852
4.77606
6.09057
7.48402
6.38366
4.78691
6.57486
5.64425
5.76406
7.27656
6.99007
12.7937
5.11515
5.07334
5.77085
4.78363
5.23216
4.88008
8.95587
8.9742
5.22506
5.08441
5.14998
5.15591
8.02845
10.5679
8.59623
5.15304
8.85599
11.3217
6.55782
5.23341
5.18806
5.24469
5.14098
6.78964
8.92573
6.39333
7.54445
5.06506
5.29518
5.6577
7.36665
4.97625
5.26687
8.34025
5.27159
5.3559
5.13417
6.19899
5.21766
5.84997
4.80679
5.36375
5.09482
5.31168
4.89143
6.1996
8.3952
8.89793
5.29262
4.87982
4.40077
5.41719
6.36433
4.73285
5.40462
5.23789
4.63074
6.24538
8.02935
4.90891
5.19381
5.25802
5.32556
6.79532
4.91605
4.83151
5.5539
8.28581
7.21582
6.91313
6.06911
5.2693
5.34976
4.82003
5.28559
5.18616
5.49773
5.16168
4.75529
5.74235
7.40855
6.47791
7.58562
4.71075
5.08834
5.11141
5.76533
5.17538
5.30729
13.6379
13.6182
8.03708
5.06793
7.91043
6.0612
6.25057
5.4882
5.22152
5.7457
6.09474
5.15899
11.9307
4.79451
5.42962
4.97667
5.25857
5.20291
4.68545
6.81327
5.04526
6.53927
6.85255
5.99928
7.91529
5.05145
5.78516
5.72672
5.67672
6.4509
5.75816
10.3354
4.89575
9.35803
5.3743
6.45065
4.86056
5.10904
5.23677
5.16286
11.9092
7.17454
5.50708
8.71276
5.22293
7.28202
5.2231
5.7194
5.94964
5.95547
5.30091
4.79049
5.16575
5.30352
5.19064
6.71191
5.58811
6.58601
6.26995
10.2713
9.94031
5.39639
8.83033
5.08833
4.72837
7.99173
4.9257
9.34042
5.29264
5.41373
7.5971
5.11169
5.07376
5.10045
5.22117
4.95696
5.2261
8.68307
4.83239
5.48438
9.25183
8.64786
5.86079
6.35699
4.8962
5.29346
5.17776
6.91434
7.82827
4.70789
9.8482
5.19112
4.8421
6.02453
10.5125
7.89682
5.28341
5.51785
5.15884
5.16138
5.44688
4.4378
8.77086
5.12551
5.37663
4.86164
8.19437
4.8235
4.88031
5.42496
5.96525
9.22956
5.43936
4.94774
6.96894
7.07214
5.2289
10.0359
5.88173
5.38824
5.1762
5.20626
5.16164
5.07616
6.08538
5.39289
4.71416
5.28582
9.09767
5.20119
4.8763
4.84242
11.5133
6.27043
5.4227
5.18633
10.2067
5.92066
5.51444
4.57964
5.10894
4.85142
4.90206
4.81613
5.30688
7.20395
5.92176
5.2765
5.61457
5.09356
5.33201
5.15832
4.9178
4.99117
8.0573
6.17818
4.57363
5.32086
4.95495
5.24717
8.15764
4.74384
9.73251
9.3302
5.17505
5.34985
6.63696
5.14892
5.02682
4.79558
7.85534
6.53525
5.13482
7.89913
10.5759
8.5911
6.95867
5.17588
8.76249
5.28943
5.6694
11.7528
4.97433
5.61066
5.20197
4.78919
8.7568
11.1345
9.90737
6.27176
5.12799
4.87101
5.24538
4.84865
8.66386
5.32443
4.80988
11.7383
8.70884
4.90186
6.80133
7.56632
5.17029
7.72197
4.76268
6.16429
6.47624
5.45251
5.38062
5.12606
5.29329
5.75954
5.37513
5.4385
8.73534
5.57453
4.78941
5.21067
6.04244
5.6222
5.26303
8.77421
7.7589
4.93353
5.1729
9.20106
5.185
7.69989
6.27556
8.63116
4.82524
5.30963
6.45575
5.30808
8.90789
5.31036
5.15784
4.77969
5.21696
11.4701
10.3873
4.70673
4.9552
6.04145
5.49756
6.17419
9.68258
5.22237
4.76772
9.01412
5.09068
6.56419
5.30591
7.68682
5.98123
4.58956
7.62099
8.81006
5.24702
5.27617
5.52606
6.55022
4.29876
5.28201
6.97201
5.0951
5.39196
5.56539
7.00361
6.07962
6.39617
5.20896
4.97856
5.24012
7.19248
8.9347
5.21675
10.4029
5.30856
4.61614
4.40561
4.95946
5.25843
4.83978
15.5418
7.16682
5.56666
5.7785
5.27958
5.41992
5.27113
5.4009
10.361
5.41338
8.89639
5.37358
6.18813
6.62307
8.02035
5.63003
5.93162
5.36983
6.3528
5.89883
5.18721
5.34738
7.92483
10.3663
5.21082
5.82989
5.70721
10.4847
5.38827
8.95957
4.96486
5.22917
6.23034
5.20466
9.01764
7.12083
4.70321
4.77383
5.88961
5.48331
6.17616
5.34438
5.8861
5.09259
5.30483
8.90242
7.25089
5.07611
5.09518
5.47411
5.28829
5.18707
9.3625
5.29903
5.2418
8.43379
5.54499
7.81537
5.10422
5.09503
5.22048
4.78326
4.98712
5.16161
7.80601
7.72759
7.36534
6.43034
7.70542
5.1185
5.19392
5.18841
5.69877
4.645
5.25098
8.40326
5.39787
4.94154
6.29701
5.79154
5.4041
5.51901
8.49956
5.0432
4.95238
5.19455
5.31034
7.07242
6.03808
4.47384
8.66822
5.16129
10.3591
5.66272
5.24908
5.50745
9.58988
5.38112
5.11538
6.59884
5.1799
5.61743
4.83592
7.24217
7.90784
5.38695
5.22355
5.88477
5.11702
5.20558
5.23112
5.27687
5.34739
7.38498
4.92196
5.10931
6.01495
6.58594
6.32487
5.12621
10.724
9.89624
5.09775
7.95114
5.10994
6.25752
6.24721
6.34568
5.26364
5.25826
5.33987
5.12053
5.19032
5.17873
5.37822
6.20971
5.37664
5.10104
5.15421
6.32731
5.08718
5.05628
5.46524
10.2298
5.12312
4.58884
5.36935
4.91649
7.23529
4.98101
5.19792
6.74577
5.1381
4.6226
5.18961
5.24658
5.25298
5.29353
7.83381
5.25695
5.58918
5.20606
5.43697
5.21132
11.1779
5.26012
7.84899
8.87129
5.22364
5.23826
5.68334
5.50559
4.80585
5.27552
5.20711
8.43946
6.30998
8.88984
9.69145
5.06875
5.22055
5.46758
5.12438
9.62077
10.6481
5.5185
6.1971
6.21915
10.9464
6.797
5.04089
6.78971
5.10438
9.01375
5.34156
5.03899
5.29889
6.76028
5.05614
5.09146
5.03109
4.69063
4.87197
7.35292
4.97753
5.22324
6.00189
6.58262
5.41548
5.29515
5.07024
4.91607
5.20436
6.16882
5.08609
5.29076
4.6895
5.42883
5.10256
5.23522
5.15841
10.926
5.16651
6.46825
6.39583
5.22508
10.3454
5.6709
5.05671
5.2402
4.72853
5.24128
6.36211
5.26654
5.36834
4.94587
5.61189
5.33456
5.84389
5.78344
4.8389
5.2028
5.93751
4.6394
5.27056
5.53242
5.10728
5.33463
4.83167
10.7187
11.3996
7.59509
5.99458
5.09936
6.54761
5.72352
5.24357
4.93057
9.96551
5.37057
5.28288
5.73751
5.21601
7.61771
5.21616
4.69117
11.6968
5.26027
5.74942
5.18884
4.90727
6.08459
6.4068
4.92143
5.06032
5.46277
6.91409
5.40291
4.73374
5.22099
5.10766
5.13926
5.89477
5.30536
4.76365
11.0595
7.63848
5.19464
6.74811
4.95692
4.95314
7.79845
9.02886
6.5128
5.11873
4.81044
5.18289
6.51352
5.43066
5.26644
5.26678
6.76681
5.67117
5.189
5.51345
5.11461
6.86389
5.32753
5.13706
5.03117
5.17535
5.40221
5.11679
5.35066
4.75634
6.47654
7.2387
16.4628
8.25991
6.32284
8.38359
7.69225
5.51925
5.07304
5.45481
8.40607
5.35655
5.41844
6.453
5.52637
10.6544
5.35585
6.31628
5.28241
4.92299
5.37929
10.3541
6.88196
8.20397
5.23998
5.40195
5.07037
5.82109
6.52404
5.50776
5.51487
9.99165
7.3347
5.42857
6.93634
5.82747
10.402
9.89502
9.48907
4.96155
5.47464
4.84382
5.27866
5.87984
10.2729
5.28705
6.66453
5.21952
10.7146
5.08291
5.06231
5.31266
9.1604
5.33281
8.0358
5.37125
5.44134
5.31576
7.20979
9.08326
6.09403
6.30005
5.19516
7.09751
5.09886
4.719
5.26139
4.95126
5.99595
5.28827
5.41624
4.92683
7.3689
6.61025
5.08304
5.33455
4.92001
7.73888
5.15325
5.19826
5.13106
5.10584
5.49906
5.21031
4.76117
6.60114
5.22764
5.51799
9.31733
4.39837
8.37814
4.81109
5.59964
5.14997
4.80026
4.82365
4.88689
9.16837
6.93005
4.96427
8.64405
5.3253
5.3703
5.22191
10.3646
6.05789
5.33829
5.52046
9.55584
9.50442
4.91644
6.10302
5.33315
6.31881
5.37984
5.62231
6.23897
5.47244
5.26531
5.22263
5.5054
5.32992
5.52462
5.13462
6.04118
4.76634
5.87666
5.4768
9.3704
5.18662
10.2242
4.87342
9.09924
5.34871
5.22178
5.11368
9.33636
5.33556
5.11542
5.12735
6.08938
7.11544
8.17759
7.04506
5.11395
5.4317
5.30878
5.11694
6.60066
4.63543
5.27175
6.32116
5.13804
6.03397
5.17997
5.50595
4.76859
6.98642
5.30861
4.93004
5.13966
6.27123
5.33255
5.31307
6.63244
5.17845
5.15371
5.16789
11.0349
12.0258
5.21311
5.32518
7.47066
5.20399
5.51118
5.13249
5.13959
4.85976
5.87774
5.39106
4.96921
5.52225
5.57391
4.89997
4.67073
5.85756
4.76137
5.25255
8.84911
5.32372
7.35554
6.30148
10.5609
5.12132
5.30924
7.24985
5.13283
4.83887
5.14995
5.4938
5.02397
5.02007
5.01854
4.85751
8.23231
5.50939
5.71888
5.96109
5.04621
4.84504
8.24885
6.22345
5.36261
5.13049
7.26176
8.23598
5.46872
5.14601
4.70883
9.01333
4.73221
9.19089
4.85906
10.4674
6.49923
9.40048
5.00056
4.76248
6.97849
7.13246
5.45218
5.31165
5.24262
5.31196
5.17045
5.29177
5.09099
5.85536
6.16884
5.36594
6.46243
10.703
6.11901
5.36571
5.25363
6.94264
5.42057
4.90052
5.58168
6.61624
4.93673
9.81972
6.98423
8.05931
4.77563
5.33043
4.68409
7.048
6.32359
6.71723
8.46468
5.21576
5.98103
8.57286
6.1746
4.31367
6.89069
5.25205
10.0683
4.79293
5.94136
5.05869
5.94464
6.48275
5.1753
4.83826
5.3229
5.23908
5.51961
5.31203
5.58542
5.52005
5.39137
5.45778
5.05314
4.77778
4.73105
5.52967
6.98748
5.19607
5.06175
4.94749
9.1021
5.02105
5.0551
5.4698
7.79969
5.60643
5.12093
5.3157
7.21001
11.8525
5.01894
5.30024
7.15053
5.00557
5.45609
6.87093
4.94235
4.9984
5.25089
5.11678
4.99405
5.81231
4.66888
5.19475
5.4455
4.9697
4.95783
7.65001
5.39125
7.96247
7.1029
8.23383
5.39004
8.67576
5.03531
4.9539
5.38261
5.34181
4.95903
5.22856
4.83793
5.44217
5.46294
5.18107
5.01566
8.36857
6.08176
7.47716
6.12693
6.03904
5.53159
5.10282
5.51977
4.76532
5.99111
10.0306
6.99972
7.27711
5.26948
6.18366
5.20388
7.64301
5.3877
5.46089
4.96486
5.31971
4.96577
7.1303
4.7604
5.1743
5.43331
4.48672
5.52301
6.56505
8.28685
4.79665
5.43155
5.09461
4.77014
5.42031
9.31193
5.14586
10.6536
4.87218
5.29279
5.51941
5.92675
5.30696
7.30382
5.52721
12.6231
5.49971
8.953
4.93972
5.46862
10.1815
8.7011
6.66592
4.95063
5.26646
5.58917
5.62415
8.32721
9.98644
5.53363
5.46993
10.5584
4.87291
5.5022
6.62194
5.25737
5.58302
5.48231
5.53515
5.27552
5.24162
7.17266
8.43039
4.73338
5.53774
5.47284
10.3309
4.92786
5.45668
8.55491
5.33658
4.99307
4.78116
4.99621
5.32588
6.5478
4.7519
5.23011
5.28071
5.52899
5.39245
10.8274
5.23649
5.16345
7.35424
5.35375
5.28278
4.83337
5.7199
5.32984
5.29433
4.82433
5.98871
5.64597
5.48901
7.10328
5.61705
4.84072
10.6759
5.19981
5.30579
4.63516
7.06923
10.8956
5.32134
5.16163
5.55185
5.52568
5.52051
11.6032
5.9488
5.0724
5.53627
5.63423
5.34661
13.6322
5.61478
5.32284
5.48
4.96852
5.51624
5.19308
5.52698
5.86004
5.15253
5.06767
6.69438
8.32896
5.99043
5.34266
5.27005
5.29349
6.21838
6.14757
4.95244
6.11634
5.15531
5.37485
5.30219
5.33181
4.83964
7.19085
4.88274
6.15432
5.2246
4.8603
5.62015
5.34337
7.57796
4.99882
5.75082
4.80941
5.53145
5.32072
5.07586
4.85784
5.46674
6.48996
5.44807
5.50149
5.41511
4.96385
4.8519
5.3356
5.42341
10.5195
11.8233
5.82548
5.21532
9.75971
6.2519
5.20898
7.16414
5.41531
6.77081
5.66507
8.24397
4.70512
8.37409
6.45448
5.53418
4.83767
10.5007
6.38409
5.47575
5.00366
5.95088
5.15213
4.69554
5.43993
6.38901
5.2988
5.5547
5.33784
5.34997
5.32599
6.08232
5.18418
5.45796
12.1521
5.54025
4.9167
6.37633
8.69384
5.54204
5.97965
8.49236
5.77917
5.53245
7.06488
7.75824
4.81013
6.39764
5.0356
6.45795
7.10818
5.42678
5.47376
4.96149
5.32231
5.45913
5.89488
9.26794
4.85268
9.97981
5.28977
5.04568
5.426
5.32435
4.79619
5.35214
5.38717
5.33257
5.84172
5.18854
5.49335
5.74351
4.71742
5.2808
6.99504
6.05505
5.25418
10.359
5.54331
10.5131
5.368
5.44495
5.2847
5.47013
5.33277
6.23658
5.42344
5.018
13.2607
5.46381
5.5442
5.32771
5.26653
4.67782
5.42362
4.95848
5.343
5.34527
5.54582
8.99431
5.4487
5.15432
5.05946
5.30178
5.33842
6.79839
5.43329
4.66085
5.45226
5.34412
5.02412
5.4297
7.37753
5.16987
5.66292
5.46502
5.12671
10.8381
6.14476
5.88523
5.49859
5.3282
5.53731
5.5449
5.296
5.53081
5.53826
6.1093
9.57478
7.93194
5.46949
5.50897
6.15406
9.7725
5.17592
5.43288
11.8791
5.55853
6.71835
5.76264
8.7746
7.40369
5.33241
5.42962
7.04651
5.43942
6.46754
4.87773
5.89918
6.00441
5.37483
9.45619
5.09838
6.46974
5.23643
9.67815
5.47072
4.97973
7.50613
5.05141
5.29098
8.8755
6.9634
5.29705
6.33349
5.35051
5.53278
5.50383
5.82615
5.41071
8.64323
5.13051
10.3147
4.61722
6.07656
5.38323
5.47355
5.33535
10.2618
6.10931
5.87289
5.18236
8.27927
5.33479
10.9623
5.48952
5.36638
6.10155
6.60972
7.82597
6.54185
10.997
5.40935
5.47011
10.0462
5.54648
5.45415
5.44228
7.19666
5.54053
5.22544
5.61994
9.0465
9.75485
5.79187
5.53102
7.24141
5.47474
5.23793
5.37975
5.73671
5.47141
4.69467
4.8513
10.4392
6.56168
5.50908
5.5472
10.5517
5.42525
4.96427
5.54767
9.2139
5.54866
6.10342
4.4363
5.36017
10.595
4.82295
10.6497
5.55966
5.35667
5.51742
5.35626
5.45991
6.28501
5.45049
5.07511
6.74557
5.79319
4.7461
5.3288
5.48822
9.82969
6.64751
6.52167
5.00633
5.34072
6.98769
5.54809
5.8518
5.53591
5.01075
5.54356
6.0443
5.54218
6.14854
6.62404
7.14554
5.97508
5.09193
5.69193
6.69504
10.3982
10.181
4.90633
4.74741
4.69406
4.63615
8.48682
5.06046
7.26775
7.58342
7.3103
5.47643
6.87502
5.50741
4.95941
5.19046
5.3168
5.05306
5.53678
5.35101
10.9373
5.52093
5.90693
6.69449
5.33532
5.41296
5.55108
4.95962
9.65225
5.49292
6.06469
5.50202
5.525
5.54503
7.0475
5.33267
6.54136
5.52515
5.52532
5.78594
5.52546
5.52562
7.86187
8.08767
5.52577
5.49403
5.52593
4.95205
4.6546
5.38086
5.5191
10.5351
5.55157
6.80507
5.55188
5.55245
5.83212
5.99732
6.09164
5.36284
5.21775
6.81511
5.75607
5.33585
5.16225
7.83673
5.33126
12.4127
5.54193
5.55211
5.54043
5.54704
5.54814
8.52258
6.55013
5.6285
4.8782
6.82653
5.00332
5.3488
5.32904
5.52226
6.4889
5.34446
5.46169
5.40114
5.55325
5.46758
5.54721
5.49975
5.49089
7.28084
5.3464
5.55375
5.55355
5.31037
5.27827
4.88214
5.55373
5.4078
5.35773
5.54865
4.48
5.42472
5.34488
5.30131
5.3775
5.4585
5.70764
5.53432
5.53457
8.9251
5.54388
5.53445
6.0413
5.51262
5.53488
6.44671
5.53514
5.53502
5.36195
5.40841
5.5191
5.53471
5.55033
9.53049
5.55372
8.99521
5.49205
5.42121
5.55389
5.53529
5.5477
5.5537
5.53683
5.53675
5.53666
5.5373
5.55391
5.45108
8.61579
5.15576
5.55401
11.1272
5.53711
5.55099
5.53722
5.36927
5.58128
5.57745
5.38288
6.83546
5.42596
9.14018
5.41125
5.54828
5.50004
5.51167
5.5733
5.49938
4.68342
5.57928
5.58094
5.56584
5.53695
5.52755
5.48618
4.8628
5.53745
6.14987
5.55392
5.55083
5.52834
4.94982
5.58109
5.50015
5.53328
5.97611
5.56313
6.9491
5.11315
4.8717
5.49733
11.0235
5.46179
6.66015
5.45197
5.46613
5.24584
5.49164
6.54052
9.21151
5.46472
5.50907
5.89927
5.46498
6.48022
5.49855
5.54469
4.74898
6.41234
5.43857
5.56409
5.88109
5.55907
5.95043
7.11153
5.59185
7.20125
5.46214
5.49467
5.86947
8.45532
5.23039
5.53285
5.24327
5.5652
6.26929
5.93703
5.35638
5.94845
7.10857
5.47006
5.3044
6.24377
5.22572
5.73933
5.38052
5.37574
6.15279
6.17823
5.67174
4.74097
5.1136
8.6202
9.03461
5.57118
7.20665
4.77141
5.08841
10.8994
5.07177
5.94407
5.30986
5.57974
6.88717
5.06523
5.31385
5.41785
6.60345
5.45018
5.33701
5.52473
5.54667
10.2212
8.21419
4.90209
11.8954
5.25975
5.29916
5.50184
5.98068
10.1527
5.27925
5.71269
5.19161
5.46399
4.47807
5.53139
5.30831
5.34177
5.70137
10.5399
5.30886
7.82166
4.91054
5.54702
5.53703
9.58582
5.69938
5.38198
5.23013
5.06404
5.24352
8.67258
7.86492
5.36509
5.539
6.46844
5.83039
5.36046
9.88952
7.2216
6.99997
5.41259
5.3446
8.93046
5.43002
6.1589
4.45365
5.87076
5.48964
5.46257
7.40988
5.58043
5.21382
4.80755
8.7028
5.73056
5.58147
5.58346
5.49956
7.31743
5.59081
4.84588
5.034
5.2026
5.91596
7.84775
6.38216
4.93666
5.24282
5.3173
5.46444
6.86373
4.83237
10.5726
5.91342
5.32816
5.46747
6.42617
5.98109
5.39144
5.4034
4.45719
7.57177
7.5237
5.38822
5.58478
6.05152
5.56374
6.22179
5.63783
5.48383
5.21502
5.52622
5.48113
5.73165
5.16204
5.47666
4.81357
5.09475
5.70167
8.03181
10.2475
4.83803
5.20497
5.29327
8.62608
5.55416
5.37699
8.03134
5.31329
7.1385
5.12842
4.91302
4.82428
5.27162
12.1241
5.37668
4.87805
5.7324
7.27076
5.5233
7.95019
5.58025
7.08523
5.10357
5.58658
5.39014
5.49144
5.52766
4.98812
5.5645
4.78574
5.82428
7.48455
10.6865
6.11338
5.39468
5.52452
5.50896
5.78284
5.64229
10.4346
8.42856
6.17307
5.55951
6.66826
6.08118
5.48895
4.6441
5.62301
5.58856
6.0768
5.53662
5.39998
6.08553
5.60293
8.31609
5.46669
6.40712
4.96609
5.03246
5.22995
5.23784
5.20958
6.04835
6.10437
5.52681
4.93492
4.94958
5.87256
5.21071
5.46935
5.68315
7.56659
5.25867
5.52553
5.55465
6.25291
5.09187
5.48569
5.36281
4.43574
6.32952
5.50118
5.40427
5.07961
5.41444
5.09636
4.94926
6.28318
5.47866
8.51642
4.737
6.96917
5.04062
7.07106
5.78172
7.5612
5.39899
5.39531
4.85676
5.61212
6.01948
5.52582
7.08521
6.86359
7.1137
5.96341
4.83618
5.53372
5.23189
7.1303
4.67832
5.23799
4.87852
5.06126
6.33346
6.95507
9.92294
5.32376
5.12641
4.58054
10.9826
4.86883
5.52947
5.96377
5.97457
5.7731
14.5221
9.13343
5.46313
5.48045
5.5838
5.35002
5.42694
6.52177
5.43187
5.32402
5.3395
4.84101
9.13385
5.32428
10.6786
6.13704
5.5273
5.53731
8.6981
8.15456
8.47835
5.72998
7.31764
5.2304
7.13059
5.33104
5.04576
5.37456
5.86415
4.72266
6.10543
6.23147
5.73733
5.16961
6.22008
5.24954
5.49184
10.6415
5.93633
5.32305
8.2696
4.87019
5.34965
7.22396
5.1291
7.24578
5.78203
4.85261
10.3048
4.45366
6.31414
9.36219
5.41999
5.0059
5.65491
6.49213
4.83465
10.555
6.44531
5.52979
5.54893
5.44675
5.5726
5.3884
6.49194
4.7119
6.36169
5.10521
5.22931
7.54301
6.17806
9.87648
6.00086
7.71153
4.84939
5.26351
5.46164
5.33216
6.50452
6.01452
5.08405
8.98131
5.53718
5.78641
5.81427
5.7973
5.31127
5.29156
5.74334
8.01395
6.0125
5.57704
4.99002
5.40087
8.06107
6.47177
6.76386
5.53939
5.55576
7.31414
6.53505
4.62163
5.32408
4.91714
8.47812
8.7514
6.97348
5.46962
5.50295
4.91743
4.32625
5.1724
5.53014
4.80056
6.60913
5.33319
6.04543
5.2667
5.36885
6.01023
6.57474
5.17153
5.19559
5.18581
5.34141
5.57689
5.16021
5.06069
9.18442
6.20367
6.39749
5.00425
5.16114
7.6322
6.2346
5.53952
9.64832
5.1616
6.87043
5.42907
5.16686
5.04022
5.25964
5.32303
5.15269
8.73914
5.18025
4.84686
5.44421
5.14996
6.47905
5.83685
5.40508
8.62872
5.67377
5.00313
6.35632
6.16639
4.81234
6.6612
5.0083
5.6168
5.60107
5.52471
5.55927
5.94435
11.1201
6.11853
4.99465
6.71761
5.53995
6.36232
4.95289
8.39814
5.01158
4.93728
5.92347
11.0542
5.75017
7.29608
5.88066
7.35263
8.12863
5.00471
8.03258
5.40449
5.35404
6.71786
6.00957
5.06533
5.92519
8.12857
9.16869
6.2868
5.61115
6.95327
10.1546
12.6627
5.71866
6.7994
5.53845
10.7526
5.49445
5.18715
6.66582
8.23075
8.69704
4.79931
4.7605
5.55767
7.96371
5.62033
5.09872
9.95733
6.53786
5.67612
8.44958
6.35569
10.7213
5.62249
5.5485
5.62191
5.37042
5.86457
6.81843
7.58089
5.49658
5.42885
5.5032
4.68795
5.25515
5.69955
6.28682
5.06701
8.80862
4.97102
5.18013
5.62346
7.1025
5.37248
5.92415
5.71302
5.89676
8.198
5.98119
7.1505
5.31101
5.01123
4.95074
5.32097
8.02953
10.684
6.29973
7.86058
5.4447
5.55857
5.73139
6.01812
4.96703
5.30988
9.99481
5.60212
5.91608
5.18379
5.76668
4.83042
7.19485
5.62468
4.84517
9.41894
5.11529
5.59315
5.51677
6.07507
5.22111
5.40229
5.62603
7.3932
5.636
14.0432
5.55888
5.54744
5.60705
9.08669
5.46819
6.40468
5.19196
5.8167
11.2999
5.66542
10.1219
5.52166
7.22447
5.60336
5.21617
8.55692
6.13085
5.82741
9.5303
8.59479
6.46484
5.45456
5.36719
11.5552
5.05836
9.36998
5.55923
5.86846
5.5484
5.53464
8.96815
9.90369
5.17229
4.9228
5.4876
5.72163
13.002
4.76915
5.359
8.44698
10.0188
7.21876
5.44497
5.63922
5.85151
4.8674
5.86346
5.44228
5.14311
6.79751
5.08855
6.68451
6.14845
11.76
5.56793
5.70899
5.23766
7.28562
5.4196
12.2465
5.82936
6.89693
5.07993
9.5945
6.70107
4.41361
5.80001
6.14628
4.91537
4.94382
4.84129
7.66361
6.11374
5.24036
11.2315
5.07698
6.24519
7.11082
5.17398
5.32451
5.2441
5.52534
10.8432
10.9534
5.51129
5.57816
6.4237
5.16035
5.59323
5.20522
5.53359
5.05118
5.89194
11.5286
5.05781
6.8002
5.65933
5.45444
5.22496
5.66037
7.37076
8.78204
5.27741
6.08211
6.61885
7.56307
6.11076
5.07442
5.48327
5.91699
8.25476
8.17832
7.8813
5.57839
5.57195
5.58328
5.6202
5.56958
5.82778
5.0104
4.93288
7.58675
5.7838
5.68366
5.48138
6.71939
5.34437
5.43952
5.54648
6.82379
5.99616
7.86718
7.42316
5.09796
5.25031
5.73745
5.48169
5.64894
6.11602
5.65048
11.7689
5.55061
4.90937
9.10316
5.12743
5.6498
5.50321
5.98776
5.576
5.40634
6.61982
4.92409
5.16848
5.65119
7.40194
5.87199
5.51691
4.72151
6.649
6.78596
5.96047
4.81332
10.625
5.87271
9.22878
5.66236
5.55301
5.65199
6.22003
8.04091
5.66106
10.8094
8.35923
4.54116
5.22106
4.87491
6.11469
5.16399
5.65288
5.91789
5.03699
5.58258
6.78133
5.66095
9.48091
5.86616
5.14349
6.31612
8.2817
7.40135
5.64181
5.31747
5.52756
5.66788
8.3631
5.58063
9.29589
5.57119
5.41473
7.37911
6.90799
5.28245
8.71476
10.498
6.98448
5.29329
11.226
5.35915
8.08591
5.38887
5.55958
5.35747
5.66438
5.43649
11.2379
5.84746
4.64225
5.50701
5.28221
5.76737
5.15378
5.62441
5.55415
5.4748
4.8254
5.10173
6.28554
5.40632
5.03065
5.34375
5.2766
8.01461
11.5462
5.88939
5.30853
6.02537
5.62487
6.19149
5.43151
9.80142
6.24441
4.77757
6.14644
7.43314
5.30469
4.93202
5.52224
5.28475
10.6576
7.45269
6.98647
6.4188
4.9817
11.0075
5.32906
7.16295
8.62953
10.2831
4.93934
5.64916
5.40917
6.68976
5.51457
5.34337
5.59762
5.34375
5.64071
11.8433
6.48136
6.36941
5.31729
6.69161
5.66274
4.83416
5.14934
10.539
11.0637
10.459
5.26488
5.26007
5.48105
5.17918
6.2215
5.03988
5.66512
5.64283
5.66608
5.02124
5.58598
5.66685
6.93617
7.24948
5.66647
5.90631
6.02208
7.4746
6.02396
6.38701
5.59327
4.78796
5.81859
5.66696
5.45489
11.4876
6.58738
6.77072
5.87893
8.21239
5.66752
5.67391
5.93019
5.85388
4.81025
5.52884
8.9756
7.2935
5.54839
6.05545
5.73102
5.6668
6.05098
6.18708
8.27386
5.22311
5.60403
6.47973
6.09067
8.11242
5.87446
6.39604
5.36857
5.45437
6.05713
5.95954
7.00295
5.46209
6.98984
6.72827
5.11282
10.9393
4.80685
8.47044
6.54021
10.2569
4.98758
6.07721
6.59741
9.33673
8.93947
5.14289
5.24193
5.64578
6.53509
6.67711
5.04125
10.7275
5.66609
5.77925
6.6642
5.89498
8.0507
5.42761
4.61679
10.5675
5.60724
12.8909
6.85245
7.54643
5.57704
5.94016
5.72048
5.19345
6.35691
5.02596
5.67582
5.53993
9.56028
5.76213
5.67523
5.67751
5.89734
9.86858
5.67572
5.42414
5.66104
5.29822
5.23806
11.0109
5.41713
5.98354
6.07592
9.30071
5.6826
4.79732
5.67662
5.01102
4.40163
5.67585
5.5579
5.09521
4.87248
5.17824
5.54711
4.94385
5.09681
6.45634
7.53927
5.1408
7.61092
5.00684
5.83441
5.07785
5.37781
5.09512
4.8363
5.06636
5.47431
5.24722
6.71603
5.10025
6.61229
5.01575
5.24206
10.6265
9.17821
4.94174
5.23714
5.53764
5.24232
5.2452
4.92461
5.25072
6.06613
5.32828
6.07376
4.97886
6.32184
5.05366
9.36274
5.01629
4.84287
6.24868
5.61311
6.0133
5.21466
5.08993
7.35901
5.6817
8.24295
5.68139
4.80809
6.8228
5.68406
5.64278
12.0637
5.68154
7.78567
5.68543
4.86228
5.95257
5.68205
5.68157
5.62104
7.0123
7.297
6.23921
7.27618
5.19871
6.89683
5.40345
5.45796
6.23218
5.5261
5.48539
5.56943
5.37549
5.71047
5.49176
5.37933
5.63097
5.30922
4.91139
5.0274
5.89021
5.29239
10.8755
5.42992
5.43234
5.58471
5.62802
4.98848
5.69411
11.3025
5.34119
7.62665
5.53942
5.69424
5.69439
5.50633
5.69455
5.69469
5.65762
5.59819
5.51359
5.6592
5.35229
5.67445
5.65569
5.66346
5.03863
5.63775
5.65539
5.95257
5.65539
5.6045
5.66275
6.42675
5.08207
11.3017
4.92688
9.60401
5.43291
5.57615
5.08451
4.82625
6.57498
5.543
4.64855
5.028
4.67816
5.06803
5.42192
5.33703
5.58414
4.8298
5.70088
5.08422
5.60188
5.5618
5.70099
5.70078
5.29409
5.50763
5.16028
5.70089
5.19146
5.32442
5.63404
5.67562
5.70073
5.04868
5.43818
5.35748
5.29702
5.46727
5.34675
5.70062
5.70078
5.59192
8.24644
4.97618
6.20422
5.40711
5.26116
5.63637
5.70066
4.99642
5.44373
5.60416
5.70061
5.89436
5.51217
5.59362
5.70057
5.23928
5.58633
5.6671
6.90166
5.27766
5.14064
12.1723
8.18077
5.68137
5.27198
4.78859
5.24292
5.69865
9.46405
5.25307
6.76556
4.70569
6.96241
6.9589
5.65097
4.95113
4.86781
5.04923
5.64638
5.17304
5.66728
7.16092
5.57992
5.54706
12.0944
8.08086
5.60408
5.90458
5.27898
5.66939
5.78839
5.38826
6.57474
5.86573
5.3728
4.70566
5.61545
8.61061
8.36296
7.18072
5.1236
7.0234
5.65249
4.83676
7.43665
5.50134
5.1835
6.46137
7.99866
7.22556
9.49834
10.9075
5.66169
5.51489
4.92866
5.73292
6.53038
5.45306
10.7132
4.84026
4.87355
8.30013
5.61286
4.60212
4.9874
5.7666
5.15613
7.3206
5.599
5.43718
5.36339
5.2958
11.0166
7.74018
6.01712
4.80967
6.93515
6.00409
5.60758
12.3073
6.21637
5.33222
5.66276
7.07493
5.41689
11.5733
5.99696
5.89674
5.36791
5.37378
6.26737
6.71883
5.69982
4.97898
5.93473
4.6315
6.85363
6.10732
5.54726
11.2747
5.76314
5.92463
5.32804
5.88153
5.10205
5.12341
5.38543
10.1128
10.7875
4.90948
5.32143
5.67312
4.6375
7.48962
5.21961
5.51458
4.9739
6.71421
7.47799
6.79669
5.64135
5.51248
5.12973
7.2915
5.38421
5.90818
5.26105
8.80279
4.94041
5.02312
5.30569
4.82864
11.1063
4.98988
5.65116
5.08447
5.67578
5.3301
4.87911
7.3415
10.3672
5.87362
6.68028
6.58487
5.54654
10.375
5.89057
4.8418
6.11131
5.04418
6.1031
5.21166
5.03276
5.48847
5.66324
6.8899
6.37936
6.06441
4.96043
5.91584
5.2601
5.65415
6.32713
5.74858
7.27446
5.74078
5.23612
5.17415
5.68162
7.81555
5.66857
6.57518
5.89957
5.25603
7.60146
6.56524
5.59298
4.72446
9.97996
7.09706
5.67175
6.09388
9.04841
4.8217
5.37481
5.35232
7.10536
5.75699
5.39235
5.32337
5.95767
5.47648
5.87532
11.0901
6.52481
6.59446
7.54066
5.9093
5.65238
5.58798
5.00906
6.00834
4.95517
5.79543
9.03925
6.32512
5.66808
5.76198
10.0494
10.0656
10.4109
5.62033
6.32794
5.79661
6.64782
5.34498
5.75769
5.38514
6.76227
7.99953
8.51973
5.91201
5.04846
6.41547
5.54821
5.29877
6.63269
5.91695
6.55312
6.36226
5.67723
6.84886
11.4585
9.31367
5.89948
9.55497
7.01402
4.95472
4.85592
5.61238
5.62533
13.6439
8.30514
5.41798
5.21337
5.65657
5.9089
6.44884
5.45657
5.57967
5.4413
5.73297
4.90973
5.88696
5.7677
5.07148
6.39079
5.27435
5.85768
5.89967
5.68834
5.63532
8.36562
6.65176
8.88266
10.454
4.58885
5.2641
10.6427
8.79765
5.469
5.73647
7.49793
5.02883
7.44864
6.31391
6.36993
4.90322
5.50849
6.53295
6.58543
5.74065
7.31064
7.20642
5.13618
5.10379
10.1168
7.68488
5.38961
8.22552
6.26861
5.11181
5.68814
5.9065
5.8562
5.70498
11.6453
9.27459
5.02135
5.27509
4.88352
10.072
7.36464
6.35561
5.14405
6.33287
5.36758
5.7777
5.15012
4.85706
8.9866
6.04252
11.7075
5.61372
5.54581
5.97587
8.94021
7.25771
5.29463
4.87479
6.56953
4.63325
6.10593
6.74043
5.68464
5.77519
7.651
5.59023
4.93818
5.32431
5.48707
5.99165
5.58597
5.94946
5.22741
5.94499
5.88411
5.76255
9.37817
5.39139
6.64974
6.06311
5.83092
5.49147
9.4059
4.76404
6.63021
6.16324
12.5137
4.96943
6.77873
5.39095
5.44782
6.34106
7.23137
5.67617
5.38725
5.67601
5.69145
5.48479
6.29211
5.01109
5.73037
6.89799
5.06835
4.82199
4.98418
5.76262
7.05257
5.54777
10.9769
7.32804
5.47075
5.78716
10.0306
5.35864
5.92162
5.66289
8.37368
6.06163
5.05492
5.60146
6.83071
4.71464
6.11286
6.69715
4.95541
4.95286
5.90976
5.09617
5.16331
6.57796
6.23021
5.08466
6.579
5.76107
4.77548
11.2962
9.68074
5.10481
5.51665
5.27168
5.53511
7.59746
10.8279
7.62957
5.85782
5.48074
5.4325
5.06608
9.94949
5.93666
6.02728
5.9832
4.83766
6.14661
5.17888
5.72951
5.06142
5.93503
10.9571
4.55726
5.90445
5.72906
11.1909
5.9008
6.34758
6.6654
5.44014
5.64283
5.64286
6.59799
5.89679
5.69902
6.97885
6.42711
6.05875
5.10834
12.194
4.8877
4.76061
5.18538
5.48483
11.1385
5.4396
7.09469
10.3152
5.67158
7.45825
5.58631
9.20423
5.92448
9.13696
5.73271
5.53005
5.4267
6.00064
4.8889
5.15965
5.0098
7.39155
4.86544
5.19328
7.3822
10.4466
5.8992
5.91781
5.21816
10.2654
4.97362
6.93236
5.03163
10.5256
5.30147
6.54558
5.57908
5.80145
5.70031
5.74306
5.26707
5.22526
4.92446
5.25094
4.94796
4.99966
6.02969
5.85705
6.11349
5.80678
7.41535
5.90735
7.30969
5.26763
6.44565
7.40554
4.83418
5.89877
5.91572
5.17856
7.34008
5.70039
5.38747
5.95709
5.55998
5.49056
4.59852
10.7964
5.59553
5.75606
9.68674
8.64084
6.87972
4.89837
6.82372
5.75134
7.62951
5.42408
5.55513
5.78944
6.71451
5.62107
5.72013
4.86719
5.5575
6.1321
7.41695
8.75866
4.97491
4.53873
7.83849
6.27058
6.33479
5.923
10.2825
5.59416
5.71769
5.39928
5.70087
11.2404
8.7687
4.85802
4.90453
6.47181
5.61004
8.33803
5.07052
6.08009
5.86738
7.30196
5.34448
8.95413
4.71715
6.05867
7.16102
5.93335
5.99589
6.18604
5.10661
5.72264
6.92142
5.79634
5.60495
6.98261
6.15443
6.17101
5.74513
5.70797
8.33564
7.42045
5.01725
10.3711
9.2026
6.52267
8.9063
8.95142
5.61931
5.27438
6.09966
10.9822
5.50666
7.62905
7.82427
8.90112
5.00271
6.07654
5.80655
5.52149
5.89256
5.4969
5.85679
6.61135
4.86036
5.85012
6.30127
13.0625
5.49705
11.2304
5.92515
5.93087
5.45019
7.10653
4.6684
5.82756
5.62882
7.55416
5.39137
5.80797
6.14202
5.58402
4.96513
5.94374
6.09912
8.23772
6.89791
5.07999
5.92162
6.45216
5.15982
8.68222
6.71331
5.85661
5.62976
4.76054
5.38295
4.954
11.5118
5.35456
5.22545
11.2328
10.3536
5.91886
6.03756
5.99248
5.73496
7.40644
9.12816
10.6138
6.07645
5.14416
5.59972
6.36585
7.17521
5.24213
7.47901
10.5544
9.45948
5.90999
5.24216
6.12057
7.4808
5.63334
6.2225
6.35026
10.0609
5.47776
5.10327
5.50854
6.58921
5.20767
4.81559
5.15927
12.2645
5.31344
5.62517
5.45928
5.02294
4.6793
6.21012
5.80337
5.55376
9.71228
5.01882
6.38163
4.60468
5.90216
8.83308
5.93424
11.5658
5.61176
8.17178
8.92526
6.18252
6.88362
6.09453
5.85481
5.65781
5.24612
5.51495
5.80289
5.10439
5.78454
9.45703
5.87412
9.97838
5.02748
4.80796
5.64073
5.73518
7.23674
8.68029
5.22245
8.6581
4.99856
9.05507
9.05642
6.1571
5.08591
5.71225
7.41475
8.44916
6.02793
6.15598
9.10056
6.09883
5.24839
5.95213
6.98997
5.78187
5.15908
5.78421
6.16071
5.12223
6.75309
5.87211
7.38779
5.77337
6.04423
5.63606
6.42584
7.44243
6.22506
9.7252
9.88316
7.36537
5.62105
5.50451
5.9302
11.4925
5.92803
5.13997
5.14483
6.34314
12.4016
4.70648
4.97561
6.79572
5.08011
10.677
5.44955
6.40413
8.41366
6.06136
11.0318
11.0331
6.26375
5.69579
7.31627
8.04965
5.78661
5.63951
7.41869
10.4709
4.94479
5.92811
6.20637
5.90514
7.58454
5.10328
5.99022
6.60655
8.78266
5.67448
5.14841
7.5847
6.15092
5.63678
4.83476
10.5369
13.2574
5.02423
12.1188
6.20917
5.93119
5.73677
5.46035
5.77084
5.13877
6.44765
5.94378
5.98152
4.69363
5.93344
9.64808
11.0723
6.28915
5.58902
9.55226
5.10608
6.91331
4.96183
6.23971
5.0322
5.44061
5.15664
4.93974
5.30035
5.11936
5.98893
5.72653
6.28352
7.57473
8.31122
11.932
6.56506
7.66828
5.24859
8.87028
5.25585
6.04789
5.32784
5.89128
5.93509
9.56965
10.3198
5.2287
5.25308
9.67235
4.74993
5.84857
5.93133
4.59727
5.19659
8.26978
5.16206
5.16339
11.4396
5.72916
5.06749
5.71509
9.57881
5.9406
9.03488
5.24745
7.87867
5.33383
5.94382
5.88609
6.09084
5.0754
6.40179
5.55336
7.20203
5.85678
5.84631
5.87761
5.85635
6.66724
6.05488
6.42661
4.8709
4.94643
11.1806
5.59895
5.72284
4.82557
10.5594
7.85212
5.84321
9.86748
5.49768
5.88696
6.12364
6.49533
8.63576
5.09816
5.47134
5.70705
6.40087
5.22596
5.83435
11.2332
5.93471
6.06018
5.0365
5.16256
4.83764
7.10223
5.86658
4.7649
5.62975
4.87157
5.96477
5.6183
9.85236
4.9893
5.73479
6.03613
12.2166
7.11516
5.89574
5.54074
7.55453
9.90049
6.70632
10.6401
5.80102
5.83115
5.34893
6.65266
6.09056
8.19105
5.94332
5.55959
6.67271
5.94345
6.18718
5.11413
5.38962
5.94506
8.16093
10.9694
8.56693
5.79918
6.84248
5.57204
14.1518
5.02201
5.28291
5.7139
5.95239
11.438
6.10278
5.54638
5.85072
10.734
8.99279
6.85179
5.80075
5.84446
5.85951
5.92322
6.04564
5.90618
4.76906
6.49521
6.9047
4.84182
8.25904
5.5301
5.80382
5.53317
5.81147
10.4566
10.0851
5.98304
5.47646
5.47474
6.81814
5.85143
6.27009
9.81295
4.91155
9.15535
5.14997
6.31112
5.7205
5.88321
5.85776
6.48098
5.98922
5.93368
7.18128
5.48354
5.68416
6.18396
4.87648
5.05404
5.9513
5.95493
5.81133
5.52423
10.0233
9.73489
5.7201
9.72504
5.3787
5.94825
5.91656
6.03927
7.67734
5.55741
5.70548
8.72421
5.72729
4.95181
7.12572
5.8642
6.87182
11.3508
5.55002
6.2025
5.46981
5.82239
5.61191
5.8681
5.83858
5.25103
5.87135
6.28302
7.75014
5.19909
9.07994
8.30374
5.43343
9.30446
6.39115
11.7017
5.55757
4.97658
6.77625
5.87067
9.91483
8.37273
5.10638
5.51761
5.86886
10.3182
5.62336
5.83477
5.86139
5.93789
5.06679
5.85074
5.60746
5.32963
5.49406
7.42829
6.21089
5.95846
5.10434
6.42289
6.0015
5.23981
5.63221
5.98168
6.33021
5.33966
5.04324
5.08165
5.92651
6.39434
5.94591
5.11023
10.2959
5.25969
5.63629
6.15226
5.86972
6.02664
5.8769
5.87271
5.56197
5.71659
5.83187
5.83403
5.07918
5.95738
5.5893
7.38672
5.95915
4.58473
6.56992
4.86654
11.4057
5.19139
6.15817
5.34086
8.00899
4.96131
6.31315
5.84921
10.4833
8.01587
8.99903
5.71447
6.85086
8.12437
5.8934
5.79346
5.28079
5.88305
5.02144
5.83169
6.84767
5.83313
4.8699
11.2328
5.27622
5.65833
5.20626
7.02322
5.6267
5.93631
5.94932
5.42882
6.96146
5.62934
5.73296
6.71636
6.24841
5.946
7.04384
5.30716
5.14942
5.12427
6.65152
11.2665
7.23932
6.14503
6.28666
6.3879
6.28751
5.88924
5.66237
5.84378
5.83713
6.22679
5.84489
5.50856
5.61078
5.9645
5.37721
6.32581
5.09847
5.94685
5.03379
5.21897
8.10322
6.37102
5.85511
5.72962
7.38241
5.85633
5.94967
5.89544
6.23735
8.28699
5.53396
5.82074
5.27222
6.10481
5.83031
5.87469
4.80533
5.82523
6.35441
5.09207
9.02269
6.72606
5.9459
5.74828
5.35353
5.40014
5.98519
11.9547
6.39487
6.10914
6.01669
6.35449
5.85547
5.9764
5.5274
7.44284
5.80974
10.4147
5.9017
5.54905
5.4497
8.3824
5.71879
5.97487
8.45607
9.73556
6.81358
5.865
4.80944
10.6407
5.95734
5.07428
7.32066
4.99907
6.38675
7.22606
6.79128
5.82051
6.4674
5.99568
8.05586
5.59272
5.70927
5.85447
5.95633
5.81003
10.5333
6.69043
5.43325
5.90789
5.93098
7.02765
8.64381
5.81562
5.5949
8.47491
6.21621
5.36666
6.75382
10.3939
5.1011
5.6546
5.93871
5.56472
6.0242
5.18577
5.07913
5.86528
5.24334
5.82022
5.76452
6.18359
5.97942
4.78829
6.38778
8.16438
5.16462
6.42532
5.85949
5.86077
7.58588
5.91413
6.7872
8.8072
4.99659
10.7809
5.7952
5.1237
8.87428
10.3365
5.96748
6.09711
10.3348
5.79354
5.09031
5.22553
5.21892
5.97514
7.73001
7.7234
4.7943
6.55382
5.878
5.26536
5.13504
5.55732
6.35405
5.70038
5.55916
5.28117
6.35345
5.31708
5.74251
5.28535
5.13829
5.92038
6.45218
4.84812
5.07104
6.60797
8.40533
5.38725
7.47697
7.40857
6.01732
5.06169
8.76588
11.7796
5.05138
4.74223
8.63113
5.61097
6.06304
5.68087
5.45534
9.51963
6.41221
5.87706
5.79579
9.85339
7.5957
6.24518
5.60274
6.63989
4.80998
5.86512
5.91764
10.0093
5.1722
7.88821
5.92948
5.77359
6.1231
6.75543
6.2469
5.89573
5.31915
5.47493
5.54295
5.94615
5.99349
5.87595
4.99008
6.08522
5.73146
7.70869
5.44269
6.90492
5.66305
6.00981
10.3391
5.02364
7.12257
5.62674
4.89101
5.11683
6.21152
6.04619
6.60297
5.36614
6.09959
5.7641
9.57871
5.07935
4.69535
5.55339
10.3628
7.77399
6.05512
10.2019
5.07506
9.95028
7.09369
12.9536
5.51987
11.2381
5.2041
6.26607
5.88692
4.711
5.90544
5.95752
8.85669
6.63257
6.36781
5.85822
8.97187
5.95229
5.97495
5.57455
6.1196
5.63649
5.46325
9.16771
4.91958
5.99172
5.04784
6.25458
5.78303
9.68844
4.83819
5.10321
9.23841
5.91376
5.89984
11.8583
9.52271
5.15524
4.63254
5.72288
5.64045
8.49339
6.9477
5.6156
6.31202
5.42248
6.06146
4.64813
7.66176
10.7436
5.49585
6.04121
5.10613
5.98699
10.2608
4.96843
5.89085
5.97044
10.3611
4.9612
5.29137
6.2681
5.32929
6.55808
4.84631
5.89881
9.89499
7.23084
9.91628
4.94132
5.11062
5.94979
9.46438
5.9718
4.83094
10.6912
4.93444
5.26168
10.3189
5.20943
5.19778
6.51717
10.2872
6.45658
5.38932
5.01435
5.25868
5.34014
7.29414
11.3367
5.78877
6.06406
5.50213
5.97859
5.89759
5.787
6.11129
5.79124
5.2843
5.05316
7.03974
6.43661
6.75177
5.83077
5.98558
7.25561
8.14489
4.86669
8.65852
5.64976
5.77414
6.39301
5.77033
5.98439
11.3345
5.98114
7.66065
5.66599
5.21061
5.90872
5.96589
4.77117
6.74906
4.76203
11.3935
5.1053
6.63342
5.9784
7.90551
5.4173
5.83651
5.14376
8.37461
5.63826
4.54761
5.27787
4.55527
5.53918
6.7341
5.62019
9.47746
5.098
11.4041
5.19427
8.38408
5.92183
6.21652
4.88543
4.83869
7.19593
8.61422
6.01048
6.27395
7.11451
6.00381
5.86032
9.79889
5.79989
5.97549
7.31442
5.61304
6.93983
7.96275
6.91182
8.28921
5.9443
7.06161
6.72012
5.10778
15.0948
5.9924
6.20254
6.10445
5.92071
6.63235
7.64238
5.08228
5.47221
5.0258
6.54413
6.84876
6.06033
6.31026
5.45764
5.08884
5.98848
5.77835
8.69624
7.42435
6.14952
4.99732
6.85662
6.18446
6.08339
4.97979
5.65939
5.41151
5.72065
6.51775
5.60895
5.6488
8.09231
5.88678
5.92078
6.88167
5.91938
5.50888
6.11483
7.45226
11.871
5.95796
5.84342
5.70053
6.44009
5.12436
6.48929
7.22765
6.49221
5.55548
5.9935
5.96019
5.12391
5.73717
11.6451
5.83762
5.99638
5.6407
8.97314
5.90469
5.93068
5.53148
7.62185
5.99738
5.11337
12.1893
6.29075
5.0744
5.7602
8.56388
5.24255
6.28474
6.04194
6.19705
6.3302
5.49309
5.76754
9.58443
5.81695
5.84044
7.87436
6.49536
6.95153
7.26673
6.12527
5.91893
8.83332
5.98192
4.83831
11.9231
6.48789
5.95507
5.39655
9.88181
5.99012
6.11683
4.96992
5.427
9.15728
5.61686
5.15603
5.68079
6.08345
6.0196
12.283
6.40633
6.86589
7.2476
5.89677
5.65825
5.05982
7.80116
6.72415
7.75807
5.61113
6.09076
5.10856
6.72626
5.74605
6.0071
5.80386
5.55918
5.13187
7.9591
5.38042
5.12654
5.93809
6.03997
6.04561
6.17607
5.82124
5.4099
4.98044
5.32018
5.3755
5.89526
5.30972
5.06135
5.64692
5.9187
6.00585
6.89937
5.83316
5.46959
12.1153
9.13735
5.05552
4.6681
5.22252
5.05523
6.18382
5.12584
6.04988
6.30218
6.06424
8.8083
10.7846
5.62111
5.9976
5.42273
5.76733
5.91799
5.90636
6.96541
5.96895
5.07866
5.7295
12.5714
6.96437
5.99361
6.01756
9.35536
7.68598
7.01714
5.27847
5.47358
8.24903
9.95218
5.95173
5.1194
7.01511
5.45882
6.06569
5.28248
8.82417
5.0661
8.72491
5.91967
5.61314
5.53049
6.39882
5.99887
5.80515
6.52572
5.76364
5.14889
5.53361
5.40298
6.11957
6.38923
5.30782
5.23977
5.31241
5.14497
9.7889
6.8326
4.88989
10.228
6.22735
5.12182
5.72948
5.91831
8.49851
9.28426
5.22448
6.75145
5.98948
6.14447
5.66599
5.6597
6.00413
6.02711
6.49143
5.94347
4.94395
5.16102
6.20553
5.57552
6.31857
6.8783
7.74387
5.3286
5.94442
11.3828
5.93547
8.92232
8.42997
6.02165
7.96138
5.0905
5.05366
5.14238
11.6953
6.49756
5.77593
6.01921
7.40057
9.88614
9.75455
9.04296
5.80096
4.86956
7.54207
5.06277
7.12721
6.71984
5.15289
6.04418
11.4782
9.17541
5.97146
5.6461
5.39436
7.45861
5.96305
5.69708
8.29019
11.8142
5.77805
12.2524
5.58385
8.00207
6.33549
6.03809
7.29585
10.236
6.54108
4.54483
6.03437
7.90057
6.06355
5.27712
6.54128
5.86732
4.91145
5.24194
5.56953
11.2002
5.66474
5.72352
5.92052
9.36826
6.03948
7.15986
11.3942
6.47263
6.23056
6.65781
6.60727
5.93148
5.21698
5.41421
5.23604
5.57484
6.99912
8.76376
6.99334
7.01907
6.04129
5.34141
5.98179
5.62784
5.66105
9.33069
5.10867
5.72791
6.02614
5.43479
10.9532
10.1022
5.09233
5.22938
6.00677
5.96544
5.30777
6.15548
5.23294
6.09329
6.76602
6.74027
7.9675
6.15578
5.54443
5.37388
6.04758
10.1354
10.6521
6.65664
7.84901
6.04816
5.26656
5.22357
5.37947
6.85247
6.71384
7.48013
6.11245
6.31912
5.60318
6.04684
7.12246
5.0386
5.98577
6.05801
5.56692
5.06994
5.99674
6.98795
8.99878
5.47069
15.8393
5.70982
7.51661
5.98641
5.98551
8.56034
6.05471
5.49304
5.16297
9.32728
6.01415
5.78762
8.25254
10.3101
5.93962
6.42621
5.02222
6.07139
6.06076
6.16036
5.90216
5.60284
6.05875
5.83721
5.5364
10.6968
4.82949
5.20922
9.93226
7.37143
5.58342
6.12426
5.43933
6.06126
12.0711
9.08233
5.56394
6.6898
5.79808
12.3232
5.5563
9.82923
6.5944
5.56917
5.75715
5.16294
6.05339
6.55138
6.91032
10.7872
5.44374
6.47412
6.11356
5.51914
5.87318
5.91014
5.17329
5.98991
6.07132
6.66518
5.69257
6.79686
6.78476
5.53252
7.10848
6.50046
6.46967
4.67471
5.85753
6.00014
6.18033
6.35
6.82957
6.06827
6.78172
5.16431
5.70305
5.94188
5.14254
8.24728
5.32245
5.94833
5.91578
5.88423
4.61212
5.87899
5.61121
6.94072
6.01286
5.11875
7.72398
6.52269
5.81403
5.58541
6.08418
6.07386
8.47699
5.75399
6.01569
5.53647
12.0308
5.11591
5.56188
5.60512
9.5447
5.22944
5.09142
5.11463
5.74263
4.8729
8.94201
5.32669
6.14654
6.19175
6.74945
5.52615
6.14218
6.07954
6.80452
4.77959
6.09907
5.1839
6.56265
9.37288
6.67591
6.39339
6.60873
6.13425
5.19516
6.73953
6.08986
6.14966
10.6012
5.58617
5.2667
6.84379
5.49857
5.71195
6.02743
10.7305
5.33677
4.76198
5.23401
10.1164
7.26318
6.68877
6.36671
8.63602
11.4734
12.8126
5.87069
9.30282
5.61403
5.94992
6.52986
5.15999
8.7664
6.0652
5.57907
6.82184
11.9326
6.08609
5.82326
12.0381
4.85247
5.11616
5.68674
5.36094
6.78775
6.08911
6.48882
4.94358
6.40305
10.1392
6.6188
7.59626
6.13341
4.99218
5.27575
5.09734
5.94354
5.52306
6.71812
6.14268
6.53219
5.78207
6.35722
6.11735
5.68261
5.66425
5.43206
5.73181
5.77475
5.12598
6.09686
6.58836
12.3262
5.08573
5.83789
5.18561
5.35042
5.54834
5.88886
6.15479
6.48205
10.1712
8.77742
6.00294
6.04175
6.25088
4.91744
6.03176
11.4847
7.21999
6.09319
5.71789
6.20927
6.04391
5.17979
6.10047
5.29264
6.52231
7.09715
5.0519
5.87543
11.6435
5.6738
6.49831
5.3686
6.41104
5.45452
5.07048
6.37824
6.13878
6.41776
6.8214
5.10815
5.78653
6.59304
6.02154
11.4835
9.9961
6.87977
5.20838
5.91187
8.87968
10.6712
6.07408
12.1598
11.2923
5.83919
6.34532
5.35083
6.61631
9.07245
5.95079
6.77011
8.21584
6.10091
6.1236
6.85358
6.07754
6.38001
6.02718
6.11321
6.91984
6.77488
4.98235
5.70985
5.05342
9.88104
5.43353
5.57111
6.44001
8.46287
5.77158
6.08197
6.1101
11.1074
5.79666
6.09151
6.02309
5.48342
6.7476
5.90945
9.42844
6.5318
5.20658
6.09337
6.17575
6.07325
8.1907
5.03931
8.61485
5.0499
12.0549
5.49175
5.3898
5.47336
5.62234
5.73912
6.80777
5.86933
6.29464
6.67276
5.31983
8.39594
8.5038
6.39565
6.38634
6.31
5.88491
9.16966
6.01121
6.16203
10.8729
6.12154
8.19876
9.18694
4.91697
5.50219
5.98988
5.771
6.13206
5.33264
5.00478
8.90365
11.6892
4.91628
6.62186
5.8927
4.98423
5.03806
6.11278
5.18589
8.60406
6.54132
6.13966
5.41851
5.28281
10.89
5.51765
6.00233
12.1531
6.94096
6.1608
4.84109
5.00995
4.68681
6.28257
5.87401
6.4184
8.59996
9.12367
5.46632
5.40833
6.18165
5.13244
5.27193
5.60298
6.03839
5.72817
5.32435
6.0203
8.2968
6.81684
11.069
6.07602
5.52333
7.63084
11.8848
5.21983
6.33117
4.75975
6.82054
6.05589
11.3519
5.63572
6.5998
5.45481
5.20813
6.04089
5.29395
6.1966
6.38359
9.41053
10.7588
5.17879
5.43353
6.13124
5.69161
6.21373
6.25684
5.922
5.1947
6.21357
5.74498
12.7403
5.44607
5.20728
5.21077
5.03429
5.41646
6.59103
5.53837
6.40724
5.24551
7.03658
5.90437
7.85365
6.87362
6.61702
6.03685
9.83213
6.45821
5.7087
5.66149
5.50065
5.96727
5.96767
7.65322
5.52941
6.09612
13.7287
6.61813
12.3952
6.05748
5.47148
4.98857
6.29628
6.12996
5.88626
9.61728
5.12502
6.53328
7.51732
5.89018
5.03123
7.13008
5.09948
6.05724
6.08273
6.14275
5.76164
6.47368
5.68616
6.03785
6.73773
6.38392
11.7656
5.91923
4.73897
10.9114
5.31119
5.90326
7.88699
14.9657
4.87956
5.6697
5.9076
6.217
6.72884
6.43289
5.16296
6.22534
5.23991
7.01162
7.155
5.31362
5.81935
6.21572
7.67061
7.95255
5.22947
6.20265
6.05518
6.21789
5.93447
6.49776
5.58608
9.6387
5.31415
6.40885
6.06089
6.219
6.10809
5.76656
5.32849
6.09892
6.2239
7.45398
10.1252
5.10583
8.81956
9.33814
5.49852
6.76396
5.68444
6.32671
6.22943
10.6673
5.20563
6.05243
6.42486
7.10443
6.15252
5.39697
6.22173
5.15354
6.85604
5.30632
6.26605
5.02988
12.8719
6.20934
8.47468
6.16943
5.31736
8.96499
6.82282
5.6044
6.31125
6.43076
6.69416
5.16958
6.02553
6.05012
5.60469
5.07681
6.14608
6.15247
5.70286
6.15685
5.91408
5.13901
5.20611
5.47863
5.32675
5.67304
6.24793
8.56909
5.09088
9.11678
6.86585
6.08895
6.33419
4.8853
5.35488
6.16412
4.9279
5.30453
6.06247
8.89823
5.52304
5.25439
5.22959
11.7068
5.23083
4.76113
11.8835
5.31633
6.23903
5.42054
5.49486
6.14355
6.1113
11.7109
6.88966
8.18893
7.2581
10.4904
5.04159
5.76322
5.43428
4.9148
5.53756
5.49263
10.2706
6.07716
9.59548
5.76243
9.8176
6.41183
9.00887
5.18649
6.07389
9.77186
6.74023
6.47458
6.12741
8.30721
5.73313
6.76591
6.43558
5.66461
5.41028
11.5867
7.06867
6.25866
5.48649
5.84654
8.53278
6.00174
6.07511
5.27784
5.25468
5.07764
5.34937
6.17396
6.25879
6.00634
6.07878
5.95389
8.54436
4.99179
6.25866
6.14287
6.01122
8.63764
5.73519
5.4108
6.30803
10.0508
6.01559
6.25794
6.26643
6.05648
7.76576
5.26947
5.20379
6.07269
6.29015
5.68152
4.99312
6.25598
6.40621
6.0771
6.33085
5.71022
9.765
6.25764
6.25667
5.6883
12.3996
8.07992
8.1012
6.36718
6.25799
6.6455
6.06818
5.19057
6.20232
6.25868
6.6487
6.06712
5.12479
6.26062
8.95165
6.25947
5.43296
6.18579
6.26007
6.2659
5.8111
8.71027
5.71868
6.01213
9.82334
6.11677
6.15688
6.53938
5.76031
6.08492
6.21857
6.0468
5.44841
6.52053
7.79509
8.50478
6.04221
6.08521
6.18563
6.49511
4.92717
6.26643
5.64523
6.08338
7.4006
5.97516
5.09027
6.26552
5.14224
5.28628
6.26611
9.11124
5.89875
6.36815
6.26728
6.26684
5.5648
6.44802
6.09087
5.16525
6.10345
5.11863
5.45583
6.09464
5.39498
6.1658
7.54529
5.70656
12.8689
6.23338
5.55018
6.09781
5.86515
5.18029
5.79757
6.50533
5.20225
6.08921
5.88204
6.10011
6.27535
10.2945
5.09829
5.2704
5.00712
5.10054
12.6556
6.12375
5.58672
6.23887
5.08999
6.46429
6.28429
5.23572
6.03707
5.46762
11.9965
12.3333
10.3369
6.22411
5.21206
7.5597
6.67218
6.09796
8.23213
5.96127
6.60099
6.19554
5.15827
7.56797
6.39355
8.4368
6.37512
13.2108
5.25244
6.32999
6.7053
5.93239
6.22929
8.96909
6.07716
9.0495
10.0148
6.27324
4.92832
7.12175
5.99684
6.18073
6.45254
11.3182
12.6047
6.50719
6.23034
6.10334
6.09541
5.8344
5.96832
6.23115
4.9953
6.08065
7.71637
5.07534
5.88494
7.92945
6.11016
5.93854
10.3111
8.31279
6.69059
6.43017
9.74818
8.94583
5.72099
5.22788
7.19102
6.31183
6.23655
8.09589
6.11656
5.64723
9.12089
5.50616
6.10811
5.15706
6.71849
6.20731
6.12243
5.35257
9.37986
5.75872
5.30206
6.34198
15.3801
7.6356
7.45124
8.51219
5.40881
8.34944
6.45489
6.40092
5.34759
6.24346
6.12323
10.8482
7.20348
6.00632
5.00018
5.08028
6.08297
11.7784
7.06491
6.52044
6.51841
9.39371
6.19347
6.13699
9.9325
6.51141
5.85005
8.1665
5.12966
6.11166
7.51054
6.14339
8.84251
5.72961
8.83854
6.35579
9.5807
5.69297
5.24113
11.5407
6.1555
6.22887
6.12097
5.84395
6.25038
6.04622
10.2741
9.5147
6.86537
6.21728
6.1685
7.52287
8.69744
6.41811
6.09852
13.6723
11.6703
9.39627
8.9992
13.7317
10.1925
6.19386
7.84326
6.20801
5.36398
6.00037
6.1183
9.79049
5.24042
7.29291
5.49109
6.25737
5.34612
5.25051
6.15455
5.43287
6.65082
7.51301
6.06204
5.16734
6.59769
5.76606
9.72986
5.94689
5.82095
6.55494
11.7354
6.86444
6.27098
5.85114
6.13119
6.22912
5.9858
6.40188
6.1737
6.0534
8.96992
6.26434
6.17413
6.39995
6.31613
5.68062
4.95965
5.81148
6.23154
6.59062
5.34269
6.15798
5.28482
8.87755
5.34003
8.37481
5.55139
5.77672
6.14652
5.50311
5.66679
6.03567
8.00134
6.02696
12.5814
4.90452
6.10505
6.1666
12.1612
6.24002
6.27135
9.15573
11.7545
10.1242
7.88573
5.50988
5.48835
5.7561
6.02113
6.42735
5.97356
6.37691
6.07221
11.681
12.8188
6.17494
6.14416
7.483
6.1427
6.67284
6.14593
5.52163
6.73589
6.23917
5.36521
5.23287
6.27836
8.92666
5.95991
6.09876
6.38089
5.34131
14.2645
5.73104
5.91461
5.65022
5.61775
5.76323
8.03368
5.86655
6.04118
6.14135
7.98541
10.938
6.03504
6.25292
7.92942
6.88716
7.24558
5.21864
6.2998
6.34965
11.4897
6.08043
6.69251
8.99897
6.28542
5.72782
6.40748
7.17199
6.12808
9.90115
7.39371
5.36755
6.72259
6.48549
5.09355
10.9659
5.31934
6.86563
5.56187
5.62541
6.26178
6.50244
6.18263
12.232
6.49634
12.1786
6.23428
6.15442
6.2511
10.239
6.08289
10.3583
6.58457
5.52939
5.60677
8.51598
11.7647
6.29245
5.46204
6.17798
5.30612
6.24852
6.03334
8.68304
6.21596
5.80686
6.09709
6.36587
6.17271
6.02004
6.44402
6.16998
7.01213
8.57208
11.5134
6.08284
5.39966
5.98703
9.05266
5.22265
6.13106
6.29952
5.25109
5.35499
10.9755
7.86974
5.86963
6.5924
15.2049
5.48488
5.90458
7.09283
8.23913
6.16751
6.07214
5.50617
5.20281
5.78122
5.28038
10.9796
6.26122
5.21128
6.46363
5.71685
6.0171
6.09595
6.45332
6.30659
6.42085
8.09208
6.6075
6.2131
8.4388
5.8878
6.10675
5.87383
6.09915
6.52573
6.16458
9.34116
6.57397
5.81985
6.47641
6.21678
5.18524
5.81714
6.48102
6.38221
6.24444
9.54318
6.09986
6.31371
6.70317
5.29253
6.05454
5.9372
5.32649
5.15483
8.15613
5.69264
5.13654
5.91178
6.22552
5.4481
5.30932
6.17783
5.39826
6.27323
8.1576
6.07578
5.84432
5.9736
6.334
6.16826
5.18244
6.65997
5.14641
9.95904
6.71773
5.41899
6.94453
6.32081
6.54225
6.0639
6.10957
5.7532
5.03928
6.16274
5.92202
6.19361
5.39103
10.1867
5.63469
6.18946
5.3784
6.2594
6.20093
5.70702
5.8013
5.51309
6.43366
6.33297
8.77065
6.32794
7.29885
4.8937
5.50498
5.59152
6.11157
5.41345
6.0961
6.78985
6.19103
6.28342
5.24506
6.25483
6.03649
10.4151
7.14809
9.75427
9.40067
6.0638
5.39789
8.70055
6.39458
5.34173
6.33508
7.82125
8.91894
5.87904
6.18797
6.0653
7.59851
10.5299
6.1237
6.24077
5.34647
6.03521
8.75155
9.81006
5.26657
5.54984
6.79023
6.22138
6.67383
10.5674
8.75275
5.20978
6.89831
5.43092
8.83676
5.86638
5.22531
6.07741
6.34227
4.62071
9.9433
6.20141
6.33207
4.89864
5.16852
6.12463
6.13374
6.74476
12.9398
7.13165
5.80628
6.13198
6.09119
6.98239
6.92773
8.96297
5.99511
7.28332
6.05557
6.66681
6.02502
5.45183
5.42031
6.9037
6.17257
5.8825
4.97026
5.42514
9.12898
7.16116
6.21742
6.34943
9.34163
5.88254
8.08459
6.07624
7.8569
6.06786
12.3362
5.50559
9.35333
5.31196
6.18735
7.1748
6.48017
6.7956
6.05648
6.13854
7.62695
6.77348
11.7516
5.24424
6.19293
6.85269
6.89212
7.09957
6.44133
5.25019
6.41189
5.29875
6.34871
6.21472
6.52792
6.21615
6.46457
5.56475
6.35663
5.60454
5.71503
9.3528
6.0148
6.20403
12.7374
5.01428
5.36164
7.25828
10.3662
8.20286
5.69004
5.53919
6.0588
5.92699
5.4514
6.11253
6.21153
8.39345
6.25136
8.03561
11.7903
6.36383
10.3727
8.93981
5.69435
12.6259
6.33475
5.02738
5.27997
6.09022
7.28503
5.59411
6.03806
5.45087
7.69652
6.75629
6.85693
7.60686
5.42371
8.30497
6.1866
12.9383
9.13838
5.94626
5.81698
6.79613
6.22516
6.43455
7.13269
7.29504
5.77551
6.37108
13.3917
6.01155
5.34373
5.60351
5.33169
6.34517
5.60689
10.3288
5.83417
6.4541
13.4469
5.0039
8.893
8.8858
6.93863
5.62507
5.19313
5.33208
5.32153
5.50348
6.25613
8.23317
5.72558
10.7864
5.86503
6.2414
10.7421
10.0828
8.33183
5.87749
6.49581
4.95753
9.06522
5.4775
6.37831
6.02649
5.35535
6.60279
6.0968
10.692
7.20356
6.36598
5.66193
6.09914
7.57481
9.66308
5.30636
6.20235
5.9338
6.01531
6.43796
5.92294
11.5116
6.74626
6.23859
5.96432
9.74582
12.5213
5.80834
5.88126
5.23854
6.47711
5.30067
6.34445
6.41263
6.13495
7.33443
6.17851
6.75948
6.85614
6.56364
5.70095
6.05955
6.44151
6.08033
5.54411
5.17692
8.96365
6.61224
7.62184
6.02376
5.21281
5.50265
6.23526
5.2602
5.72883
7.27448
9.34588
6.19246
7.80888
7.32507
6.65002
6.3107
6.09419
6.44688
6.56274
6.23722
12.0083
5.80286
5.61511
8.22322
5.13827
5.38552
6.13191
8.08627
6.24937
6.21449
8.47662
7.47422
6.12002
5.42337
6.24909
5.39754
6.30771
6.22028
12.0741
7.12377
5.83959
5.42015
6.20847
7.20589
9.07818
5.18349
8.62976
5.52322
5.84237
8.84071
6.45449
7.2181
5.67773
7.33958
5.22124
5.75094
5.9062
9.36632
5.29608
5.11759
5.66756
7.73998
5.76758
5.10779
6.26556
6.66393
8.22481
6.56712
8.78234
6.85434
5.72152
5.16993
9.22716
6.07019
6.02944
6.20819
7.29847
5.8357
5.29142
6.10078
8.0299
6.03119
8.60186
6.07889
5.62874
6.46194
6.73351
5.72429
5.34612
10.5378
6.25655
11.9462
7.37434
6.48012
5.53135
5.50268
6.78315
6.47228
6.03235
7.17948
6.26263
6.13901
6.00054
5.30293
6.08259
7.44721
10.6902
5.22151
5.73623
6.46866
6.3423
6.46957
5.55549
6.57119
6.53974
6.63792
5.43842
6.90232
5.49686
6.40901
6.28258
6.2855
9.72971
6.05155
5.19526
6.32249
7.2133
5.96074
5.52968
6.81671
6.30098
6.28557
6.72179
6.32807
7.09663
6.46223
7.19109
8.77152
6.47707
11.7984
7.18304
6.13684
6.09423
6.27992
11.1159
6.31701
6.6046
6.37555
6.37567
5.58878
5.29576
6.45351
10.2411
9.01635
5.30864
8.8466
5.5884
6.11032
6.78412
8.12259
6.56317
6.23515
6.5119
5.82692
6.35013
6.28456
5.06352
5.83701
7.94923
10.1649
6.25282
5.0264
6.46393
5.32818
5.21813
10.545
6.17574
12.7325
6.3047
5.55318
5.66886
6.3759
6.47957
6.87486
6.06519
8.17902
5.53384
5.94492
7.35131
9.05795
4.96075
6.31409
5.29528
6.87921
5.17066
6.0431
7.21533
6.18684
6.19174
10.2365
6.32488
5.38275
6.86958
6.5644
7.43922
6.52191
6.50906
5.60104
6.34685
5.1119
6.19625
12.533
6.08018
5.50599
5.34534
6.14695
6.16303
8.55976
10.4236
7.67336
5.32419
6.3866
6.66458
5.11366
5.70213
4.87824
6.1087
6.618
10.5516
6.63626
8.06664
9.97344
8.03208
6.18435
4.81524
8.05081
6.71106
7.58217
6.01141
7.30109
5.65795
8.35023
5.11052
5.84743
5.22512
9.29456
5.60402
10.3446
11.9102
6.26742
7.14685
5.01887
6.75443
5.75656
6.09413
7.15095
5.11643
7.98282
6.19558
8.91984
10.5096
5.95414
5.93065
5.2199
5.81208
6.56326
11.6016
5.98645
5.33956
6.37331
6.11897
7.80523
6.5248
6.97956
9.05076
6.13398
5.22
5.21979
7.02135
6.37211
12.2448
5.17399
11.7049
6.25247
6.12925
6.82921
6.07908
5.36105
6.64991
7.38875
7.38375
6.39218
5.23573
5.93484
8.03896
7.19567
9.18531
6.58821
5.98396
6.05262
6.17384
6.67082
7.10239
6.09624
4.67767
7.0373
5.82113
6.45094
6.91392
9.07189
7.23608
6.90161
8.57391
7.84123
5.22202
5.68602
5.17726
6.08017
6.31225
6.78779
6.88641
5.3541
5.17725
5.37631
7.83941
6.25408
8.43582
6.18898
6.62024
5.2242
7.7926
6.51001
6.13824
6.24272
5.17033
6.04184
6.30697
5.23328
6.08212
6.05602
7.27155
6.11278
9.92341
12.3625
12.0028
6.68055
5.35319
6.30902
13.0595
5.59353
11.4024
6.22638
6.38057
6.39025
5.77911
8.83106
6.64513
6.09808
5.24755
6.48432
5.42542
6.05695
8.4644
9.05925
7.97501
8.67813
6.56116
6.37662
9.04171
5.39096
5.21023
7.16218
7.23692
5.22241
6.2672
8.52026
6.36148
5.64305
11.4202
8.7963
5.58739
6.46701
6.3445
6.33943
6.87718
7.34914
5.83236
10.3786
5.85534
5.50792
10.5359
8.48391
6.34706
5.77538
6.04863
5.56606
8.53114
6.56807
6.34254
6.27145
8.15024
6.32722
5.52772
5.46452
5.31274
5.3298
6.57892
6.33392
6.28588
5.57416
8.80259
5.24696
6.15149
10.2834
5.4797
6.37374
6.87061
6.88673
10.2306
5.4667
6.31231
6.063
5.88071
5.32106
9.219
6.9091
6.75106
4.93988
6.43964
7.60601
5.25946
5.73246
5.91762
5.79653
10.011
6.35325
10.4725
5.37221
6.52135
12.0896
7.11887
9.50117
5.49622
4.7883
6.42828
11.1658
8.64607
6.5651
6.52686
6.46219
6.13223
6.31643
6.41254
10.3548
6.56708
6.4497
13.8272
6.16821
9.08761
6.56527
6.51555
5.43229
6.3482
6.16878
6.55672
5.7622
6.49704
6.0928
5.94004
6.0159
8.79
5.85419
7.80611
6.41927
6.93701
7.21836
6.91479
7.2196
6.30035
5.33057
5.36121
6.5016
6.65346
8.44459
8.06795
6.34425
4.93477
7.40176
6.16155
6.2903
5.75119
6.51275
6.2426
7.54754
5.89977
6.597
5.88005
7.30361
8.20139
10.0924
7.42499
6.19148
4.80842
13.2044
6.17005
8.97194
9.0896
9.47102
6.22886
6.1004
7.67178
7.25222
6.07891
5.20088
5.90083
10.8694
9.97087
5.72124
6.5791
5.10114
9.63385
5.60397
6.35898
6.38867
10.5121
5.92167
5.29602
6.04788
12.7663
5.75663
8.72332
9.93163
6.58367
9.65301
5.33223
6.4196
8.33251
5.79869
6.69618
6.56678
7.18694
6.51081
4.93991
6.37653
5.29164
5.83742
5.27571
5.53425
5.18206
6.61696
6.44226
6.08581
5.52105
6.37889
7.65112
5.57497
6.23436
8.26148
5.94931
6.7865
5.77082
5.40081
13.5241
9.43091
6.50203
8.61367
6.37307
6.19659
4.81731
5.92321
6.46408
7.48655
6.30906
10.0338
12.0498
8.14815
6.4342
5.29986
6.17835
6.74596
5.36783
8.08185
6.43485
5.35917
7.90901
6.289
9.31897
6.39125
6.92888
6.6641
4.83019
7.03599
6.16147
7.64728
5.61054
5.49376
6.54968
6.681
6.23985
6.425
6.33716
5.43623
7.25103
7.14425
6.2731
5.45225
6.58956
9.14094
6.52318
6.2216
6.42812
5.46222
6.42563
7.81746
5.03234
6.25736
6.16019
10.7744
10.1667
5.52737
5.73645
6.57434
7.34746
7.25038
8.11891
6.01618
7.9555
5.58039
6.63723
5.05339
5.69709
6.50287
5.80778
10.5692
6.46604
6.07048
6.42084
14.8144
5.86971
5.35381
7.28005
7.07624
11.7721
11.5461
5.52149
6.33977
6.32944
8.3449
6.19883
6.07895
7.06309
6.53357
6.92119
5.34846
7.03783
4.9572
6.29607
6.69401
6.47103
10.7386
4.78903
7.45156
6.26214
5.5266
6.65547
7.64981
7.13828
9.18009
6.77853
6.98942
5.23286
6.07607
5.41754
6.82532
8.16938
5.16806
7.50228
6.63447
5.47711
12.4349
6.79991
5.76278
6.18852
6.75091
6.46721
6.17638
6.45477
5.40368
4.87927
7.14624
10.9742
6.25612
6.80467
5.70887
5.30424
5.77683
6.35667
6.04385
12.1217
7.27707
6.63777
6.67035
7.70159
6.27224
5.46866
6.42054
6.64059
5.26524
6.44866
9.42052
5.29806
6.98204
5.0057
5.80158
6.1081
11.904
6.75124
9.25
5.62266
9.28566
12.5993
6.34313
6.29901
6.40919
6.64671
5.32237
6.23928
7.53421
6.17549
8.90147
6.77555
7.80133
5.78524
6.34383
5.64376
6.30259
5.52547
10.9688
9.05987
6.09361
5.20582
8.68425
4.95547
6.81446
6.67421
4.85317
6.52016
7.81039
5.20702
7.99349
13.2523
7.49265
5.19785
6.62637
6.72644
6.21326
11.6448
6.65479
6.71842
6.55709
5.39346
5.51977
9.07152
5.70073
8.66605
6.64419
5.56487
5.42903
6.87703
5.60024
6.09334
6.26882
11.9578
6.16103
7.06779
6.66272
6.1427
6.98803
9.74875
10.4601
5.8221
6.33247
7.23485
7.60154
5.43744
5.7427
6.11856
5.69791
4.89586
6.54125
9.97956
7.77638
5.72673
6.14022
6.19872
6.75312
6.69489
5.91179
6.35799
6.19348
6.71633
10.9193
6.67083
7.79587
6.47712
7.86812
6.93066
5.52756
5.9091
7.30221
10.4638
7.9478
8.74311
6.59641
6.474
6.52658
6.66021
12.1653
5.33264
7.54391
6.6788
7.60876
6.04187
13.0279
9.58176
6.20295
6.60611
6.79135
6.19053
5.6938
7.47207
6.377
8.8425
6.41113
5.38281
6.83727
9.79457
6.55275
10.2995
6.68476
7.47004
6.92628
10.265
6.11696
4.95371
6.68695
6.02584
7.99962
6.16096
11.064
12.3613
5.35973
5.61586
10.0361
6.59408
12.2104
4.79983
6.36878
6.41616
5.47559
6.93077
5.85336
6.47659
6.21322
6.06979
6.20016
5.59024
5.50596
6.19313
6.65137
6.34589
6.71609
8.00907
5.61826
10.6315
6.69496
5.29616
6.67974
7.43201
6.14766
6.20315
12.3595
7.02879
12.4999
10.0144
8.05496
5.58944
7.17276
6.734
5.40489
5.34855
9.02521
6.32387
6.86121
6.19048
5.79101
6.4595
5.52748
8.21171
6.20145
5.52979
5.02108
6.70315
5.93202
6.20896
7.92551
6.49063
8.0432
4.86588
5.11697
6.48512
4.9987
5.49124
5.44007
5.07753
10.7816
8.24687
6.73528
5.48476
6.7112
5.98201
5.64731
8.09286
6.34503
6.42551
6.0811
6.72341
5.98139
5.23202
5.70998
7.17255
6.01254
5.60154
6.71943
5.57512
5.87531
5.54815
7.00216
10.363
11.3295
6.25695
8.20995
6.14051
5.42258
6.02417
6.88444
8.58338
6.21652
7.02525
5.71836
6.02141
6.82912
5.08585
5.58147
7.13358
7.93125
5.48234
6.72752
5.71952
8.15706
5.26592
6.25672
5.72025
5.71867
10.1314
6.38848
4.9718
10.2299
10.2275
6.1839
6.30476
6.85542
12.8614
6.7549
6.19391
5.67648
5.7773
7.52497
8.05666
6.73727
6.73579
11.0348
5.72217
6.41256
7.72254
10.7681
9.7526
7.54499
6.36168
5.61596
6.21922
5.61203
7.03946
9.04276
5.95211
7.87802
5.53583
6.888
5.44817
5.47347
12.1948
6.74392
5.45089
5.93626
5.70096
5.7424
9.16104
6.1589
6.3072
5.60723
5.42072
7.69011
5.63814
6.74333
14.1875
6.50398
9.51511
5.84571
4.99114
6.77607
6.55517
5.83237
6.75224
10.8027
6.86238
9.05785
11.2086
7.24285
7.02685
5.15676
10.6486
5.77093
6.61328
6.60942
6.42043
6.85776
5.64979
5.67062
8.68012
6.62605
5.33691
6.46645
6.52272
6.16427
6.82845
6.61608
5.41077
6.52968
6.40123
7.59481
5.91951
6.7604
4.93537
8.39884
6.55269
4.96689
12.4156
6.99651
6.24068
5.86035
5.69882
6.64841
7.04782
6.1761
12.1265
7.73113
6.47893
7.07495
6.45277
5.54266
6.64665
6.76876
8.75718
5.4368
10.7234
7.7984
13.1424
5.27541
10.1729
7.60402
12.2676
10.6503
5.82175
6.39916
5.17771
5.23169
7.74163
7.19714
6.21148
7.3631
6.89511
6.79755
6.77697
6.81345
5.93406
6.73383
7.82004
9.36209
6.28058
6.01923
6.65212
7.22748
6.4439
5.63298
6.91432
9.20502
6.88018
7.30689
7.24271
5.69101
6.64314
7.40973
6.4682
6.92919
9.81322
5.27959
6.78538
5.49704
8.82165
6.19258
10.2759
8.0525
6.57033
5.9164
6.03137
7.24588
9.31411
6.91132
7.12856
6.78928
7.12867
5.48487
5.59866
7.19522
7.14106
6.20485
12.3993
10.2055
6.59739
7.129
6.43971
5.16321
7.12912
5.56661
6.79362
5.9951
6.18823
5.67796
9.81553
7.67252
6.20534
5.46768
12.5089
4.9217
6.22755
6.48783
7.25176
6.36466
6.28075
5.53299
6.80206
5.86546
7.19977
8.08949
5.10027
9.6456
6.26789
12.2106
6.02879
8.86474
10.2534
8.84166
6.43588
6.61976
7.58673
6.47323
7.08671
12.2269
6.42119
6.90456
6.81036
5.23938
8.96986
9.67562
6.24021
6.33446
7.73555
7.45245
6.26283
6.05152
8.63795
6.06208
11.0669
12.4643
5.99713
5.65957
6.81885
6.6539
6.93959
9.40957
5.31677
5.97009
6.12102
6.27373
9.31102
5.14635
5.84872
10.0484
15.8159
9.46925
6.30135
5.57651
9.53524
9.09195
6.89114
6.92122
6.82718
7.09545
10.0759
6.41125
6.70869
6.17721
10.7623
6.26588
7.74009
6.47709
6.9762
6.24393
11.2872
9.32734
5.59006
5.78351
9.11811
5.1398
6.47156
10.1732
6.8357
9.30276
6.88694
7.12053
5.19759
6.11589
6.57623
8.73395
6.21333
5.10494
6.53026
6.53249
5.65514
5.75667
11.187
6.73748
6.00688
12.2736
6.60122
6.28442
6.44774
11.4788
5.10609
6.50691
5.51113
6.84408
7.03526
15.468
11.9972
6.59808
8.40514
5.09682
5.71673
7.02165
5.93527
7.74008
8.53565
5.05396
6.44048
7.28915
5.73353
11.1839
6.65752
5.9889
5.94035
5.12085
5.21201
6.1418
5.86746
6.85265
5.66659
7.00545
5.98023
6.59214
5.69444
5.16128
6.30665
6.02674
6.39432
5.88624
10.9006
6.33737
6.50567
5.40938
5.20177
5.1836
6.56676
6.86107
6.58671
7.0617
7.97861
7.03651
8.01877
9.33183
7.57158
4.97275
7.03704
7.12509
5.16739
5.15009
6.3033
6.50395
6.4621
6.24452
9.71086
13.1921
6.60352
6.86968
7.23429
6.44078
6.30747
8.43718
6.16303
7.15508
6.80108
8.80407
8.83469
9.06426
8.376
5.67893
5.30016
13.268
6.66204
6.29415
5.55218
6.53778
5.69125
6.62358
7.85402
6.87815
6.542
6.25246
5.03474
11.3258
13.7596
13.1219
10.6619
6.1432
7.21154
9.17429
12.6634
6.39017
7.02302
6.00615
7.21911
6.61886
6.72638
6.62381
7.43457
11.5578
5.33089
5.57364
6.85085
6.88681
12.516
6.20035
7.1348
5.79483
5.71875
7.61338
6.56591
6.29808
6.23423
5.80851
6.45259
6.24494
6.99994
5.31272
9.0942
7.3451
6.59841
10.3654
6.24009
11.1293
10.0442
6.5815
5.39365
5.82402
7.89346
6.09461
5.36126
6.64143
7.05669
5.81136
6.89531
6.35378
7.62951
5.46061
6.22317
6.54459
5.70672
6.51496
6.57403
6.29004
10.2887
6.98632
6.62929
5.30063
6.68308
6.77268
6.79385
8.27891
6.53391
5.61659
10.2439
6.90401
13.5822
6.27315
6.45193
5.00151
7.99217
6.33756
7.52693
8.45473
6.86418
6.26621
7.5666
6.08491
8.58931
6.67485
11.3132
7.05764
9.57679
6.11385
5.43741
6.27852
12.8744
6.91257
6.69654
10.4399
6.65069
6.93279
9.1766
7.16081
5.04957
6.64398
7.08657
9.95184
5.74621
6.70741
5.75928
5.63098
9.34198
6.96783
6.29964
6.92132
6.17806
6.34255
6.5145
6.31616
6.72308
4.98535
6.0964
6.17716
8.98547
9.90392
10.2031
6.43245
4.57166
6.44361
5.70622
9.23302
8.30402
6.77026
7.02251
7.14356
7.02493
6.92991
5.93072
6.53773
6.90725
12.6588
7.05019
6.81239
6.27373
6.56591
5.57178
6.37881
7.53774
6.10429
12.4374
8.94553
5.6155
6.80609
6.62926
5.77801
6.9387
11.7192
5.09001
5.92516
5.76376
10.5708
8.42376
6.46694
5.99896
6.37529
5.86534
11.3937
9.19371
11.2446
5.73966
9.20292
6.36122
9.03312
6.94734
8.16938
6.54374
12.0236
6.32472
11.2518
7.16153
7.71538
5.49237
5.95835
8.33216
6.87189
7.28818
11.105
8.69967
6.09064
5.68468
5.70312
5.29793
12.1412
6.35875
6.23647
6.64397
6.92945
8.95908
6.46711
10.3202
6.99887
11.7481
7.21972
10.0509
9.59418
6.62743
5.77014
6.05815
5.87601
7.90832
6.94897
7.09231
6.76765
6.34522
5.98065
6.53513
5.38703
5.17906
5.23602
7.07145
5.82724
5.16234
9.05616
13.4308
6.46569
10.4051
9.59553
6.57963
6.66649
8.39864
6.61269
6.01786
5.43823
6.35391
10.4126
8.95182
7.89008
6.69625
8.05114
6.84487
7.02669
6.01613
10.0325
6.69327
6.89699
7.05415
12.0925
6.25015
12.1569
7.95546
6.73052
6.93944
5.12923
7.80974
6.71904
6.15503
6.44803
6.50414
6.58625
7.47651
9.96702
5.98077
6.557
6.3744
6.88732
7.98136
7.03119
6.2921
6.4457
6.20008
6.66297
12.6523
6.83228
5.96809
6.96052
7.9497
6.47957
6.71401
6.41306
6.45861
7.11108
6.52891
6.46813
5.63219
7.28499
5.96214
10.2034
12.5623
10.691
5.25955
6.59584
6.35697
6.51118
13.8935
9.17617
6.70781
12.5671
7.24437
5.90294
6.46922
7.58034
5.55529
8.94274
5.85008
10.7048
5.79844
9.35769
7.08932
6.49895
6.64967
12.5176
7.53767
5.41923
6.72571
6.3814
6.9329
6.78001
9.16721
12.0076
6.31183
6.71839
7.58967
8.0969
6.86285
6.74706
6.35113
5.49299
7.62246
5.27901
7.65643
7.80126
5.42125
6.41561
6.36723
11.1398
7.81778
8.79452
6.25221
6.43167
6.74168
6.48013
8.41288
11.5717
8.07096
10.8122
6.41329
6.45859
6.36137
5.97614
6.65291
5.81163
9.29718
6.06039
5.79938
6.76525
7.12366
6.45503
6.7281
6.47788
6.63925
5.39611
6.45482
5.82672
7.68925
5.36809
6.37731
7.03659
12.7747
6.41199
10.0203
5.28945
5.83539
12.985
6.80958
7.63806
11.1645
6.50696
6.66698
5.18895
5.5461
6.3227
5.50656
6.39203
6.40045
6.37733
5.50723
10.7166
6.80084
9.15827
8.99048
6.0885
8.21938
6.5191
5.83778
6.30572
6.43481
5.56247
6.99211
7.76145
7.06068
8.5643
7.89402
7.07943
6.65225
7.29044
7.43469
12.9135
6.47518
6.07438
6.26932
5.85834
6.67759
7.14908
10.7249
6.06347
7.07193
6.91409
10.8069
8.95224
6.32021
6.1803
10.5206
6.45468
6.62903
6.16844
7.62602
7.26352
5.79939
6.66405
6.79658
6.45197
7.08109
8.68271
6.4599
7.8427
13.613
6.09018
6.96094
10.6521
6.47889
6.90487
5.64407
6.75439
7.0901
6.91107
5.22664
6.97423
6.92013
10.8246
6.72835
5.70429
6.31743
13.2266
7.6645
6.4186
5.28398
12.8179
7.09931
6.27197
8.08216
12.6914
5.38467
6.46266
5.27957
6.57024
6.65909
6.99434
7.18765
6.9304
7.81759
6.84748
6.42562
7.10837
6.29307
6.73495
7.53531
6.95999
6.28875
13.7219
7.12824
6.35591
7.04175
10.5721
5.18776
6.32512
11.3385
6.37595
5.99464
7.70685
6.09003
6.36036
6.76363
7.09191
7.79253
6.4039
9.40304
6.72095
6.4482
6.53105
6.62258
7.17242
6.94239
6.55958
6.85299
7.8497
6.80288
5.36397
6.78124
6.70563
10.0701
6.54734
8.19593
7.20656
6.33372
12.1828
6.64598
5.94556
5.86038
6.26993
6.673
5.35059
6.10653
6.56169
8.07746
9.18447
7.17387
6.86654
5.79687
6.36607
5.97441
6.85659
7.05447
6.63901
6.42727
7.14407
6.07683
6.92642
5.3941
5.30511
6.23587
9.49504
6.89439
7.31427
6.73471
7.65556
6.88382
6.04445
5.49008
9.6371
7.09215
8.38068
14.3092
6.34446
6.45131
6.89975
6.48358
6.93611
6.89982
6.70855
7.12337
5.63718
7.52751
6.48125
6.57778
6.41631
5.54713
6.69737
6.46778
7.04195
6.88535
6.44825
4.44709
12.0221
6.93027
12.5548
7.69932
6.51279
9.92981
5.41027
11.2982
9.27151
13.4037
7.3161
7.09992
6.94736
6.17044
6.95403
6.53443
6.35645
6.34291
6.74228
6.78678
7.20684
11.1774
6.57596
5.80749
7.0721
6.1414
13.6863
15.0596
6.94833
11.8857
6.93876
7.24762
6.95423
6.13401
6.50305
5.22507
11.886
8.21719
6.77025
6.94116
5.21052
5.93933
13.597
6.01905
5.48825
6.71761
6.47405
6.36831
6.33911
15.2474
6.05772
7.00258
7.00982
6.69536
5.10587
6.78737
6.26696
6.96008
6.96125
6.64078
6.15784
6.17492
6.74682
6.5723
5.80982
10.3331
6.5312
6.72369
8.08992
8.48916
7.07917
5.57147
12.5981
5.67172
11.0505
7.00746
7.32435
10.8192
6.89961
6.58734
8.96801
5.47433
6.87463
7.52092
9.79273
7.30321
13.013
6.38159
7.50813
6.49601
7.41845
7.16156
6.59681
6.20824
6.52615
7.08014
6.3427
6.93312
7.23589
7.07547
6.99643
6.47606
6.77963
5.21357
6.7996
7.1282
7.91008
7.73364
12.7944
7.70656
6.34816
6.57958
9.59102
7.04413
6.10636
9.08538
6.22163
5.0687
6.71315
5.30606
5.85963
5.6422
9.02876
7.23166
5.26469
6.6241
5.82628
6.91175
6.61731
13.1324
6.56997
6.54559
7.0982
5.22561
8.97984
6.47795
5.90706
6.39391
6.22442
6.92558
6.80237
5.89891
6.56298
8.12719
7.22352
7.13353
7.60136
7.22054
7.01575
6.94894
11.5844
8.39
7.27111
6.8723
6.14843
9.22067
7.75312
6.53508
7.02304
7.11943
5.6402
6.30523
13.1112
7.05814
6.5685
5.87008
6.51263
5.4278
6.91638
7.12544
6.85194
6.59468
5.89985
6.50136
6.10658
5.66582
7.12937
7.31963
5.20877
7.20984
6.65042
6.40767
11.9972
9.63314
5.37987
6.18433
5.25997
7.26721
6.05084
14.339
6.82792
7.08948
6.6581
6.95461
6.42447
6.89251
10.8644
10.2887
6.88732
6.64558
7.0182
7.35262
7.24166
6.56181
6.17202
5.11921
6.42018
6.62033
6.81367
7.23663
7.75954
5.59303
8.84853
6.93618
6.84768
6.63864
7.00724
7.3883
7.26563
7.1884
7.23178
7.26406
7.08764
7.26034
7.22201
6.56672
6.13812
5.03811
7.06884
6.60947
14.1459
6.54502
6.3875
6.20221
7.16359
6.37093
6.41533
6.57688
6.43419
6.45467
6.62724
5.22525
13.7686
8.07431
6.63743
5.22318
6.03037
6.82486
6.51407
6.61094
6.67332
6.60147
6.73653
6.35684
12.3646
7.32316
6.26496
7.37635
6.86977
7.17411
13.8593
6.39292
6.4832
7.32163
6.86899
10.8519
10.8258
6.44685
5.9773
6.87398
11.1295
5.74325
6.64467
6.59867
5.36037
5.55342
6.64359
6.16548
7.089
5.8658
6.86783
15.1009
6.56823
6.54334
6.67243
6.03923
6.85137
6.92435
6.88869
6.40675
5.81951
8.92634
6.30586
7.28428
7.2843
5.79703
7.119
5.32037
7.21079
7.16726
7.22739
6.77033
6.3288
13.903
6.46099
7.11633
6.46627
6.91775
6.62347
5.25654
7.95805
14.5206
6.11735
6.83852
6.62412
14.7056
6.94824
5.67239
7.23249
7.53509
6.76697
6.59943
6.78534
6.87149
5.93879
7.35138
7.29069
6.56072
6.93395
5.7575
6.31799
5.98204
6.70561
7.08741
6.62721
5.66447
7.15404
6.64986
5.07923
5.44612
7.46224
7.11845
6.95348
7.40707
5.93214
6.65429
6.17447
7.09899
7.43912
6.47375
6.90987
9.02722
5.45246
5.61863
5.60877
5.59823
7.31511
6.7858
8.78929
7.36605
6.39111
10.6584
6.9921
5.82163
6.68697
7.99893
7.33435
6.88925
7.32536
7.48629
6.24772
6.58234
5.69874
7.27951
7.07748
7.03495
7.75325
6.92904
7.16
7.9651
6.48804
7.24988
5.81489
7.20092
7.16023
6.32602
6.66947
6.81579
7.60414
6.25775
5.82281
5.81375
5.19586
12.0103
6.45306
6.27862
13.4046
7.19101
6.82246
6.19197
12.8534
12.7379
6.082
6.76977
5.52403
14.8295
7.05314
6.67655
14.3754
9.95625
6.03088
6.69408
8.1298
6.48233
6.75713
7.23478
6.50093
7.25593
6.41791
7.4141
6.6352
6.25396
6.97035
6.41727
7.29459
7.22587
6.20984
6.78551
5.60242
6.09227
6.95044
6.54743
6.44642
10.4927
6.07605
6.44391
6.53146
13.8658
7.42274
6.44416
6.51793
7.08855
6.49611
7.32295
5.35887
5.72544
6.87531
6.7165
6.72325
7.04289
6.61267
6.51534
7.06192
7.43454
6.45013
6.99935
8.49176
7.12299
7.29841
6.40491
7.22594
5.75007
6.96976
6.46924
7.4447
6.84315
7.20571
6.30289
7.31753
14.9001
6.8515
10.1889
6.67177
7.0361
6.76497
7.26412
7.4547
6.14061
6.02843
6.52833
5.48152
5.63744
5.52245
5.48985
7.12395
11.9126
7.18183
7.01171
9.0795
6.99055
7.0719
7.46491
7.04444
7.20037
6.7976
9.45474
7.03996
6.71938
7.06121
6.79453
6.99136
5.2578
11.5697
5.56939
6.75876
6.65471
7.47496
6.22392
6.75492
7.14066
6.54287
7.26032
6.81266
7.16212
6.81484
7.33848
7.45195
5.34966
14.1707
6.57293
14.1164
11.5367
7.28049
7.01873
9.398
5.98484
7.03097
9.57065
6.7484
7.37426
6.20454
6.41131
5.03567
7.23167
5.45867
5.2296
10.184
6.70079
5.21822
6.8806
7.87999
7.02764
6.15675
6.55599
13.2979
5.35207
10.3852
7.95885
9.37749
7.08231
6.76437
7.50915
6.77084
6.62069
5.67063
7.58301
7.20933
7.21778
6.69462
6.94568
12.1759
6.5481
6.81049
6.70175
6.49464
5.90034
7.04938
5.87421
6.78567
6.57065
6.84808
5.92563
6.82414
5.16566
15.1175
6.12016
6.66256
6.92302
6.79718
5.89649
6.91083
5.52061
6.86306
7.1894
6.35281
14.2343
7.062
10.3233
6.51205
7.53945
7.48155
7.13916
6.28594
15.0834
14.2337
7.1618
5.33939
6.4288
6.45499
6.31596
6.17633
6.58387
6.9566
14.3627
7.89423
7.1135
7.09046
6.68025
8.0329
7.23386
6.94634
6.03721
9.9616
6.85835
7.13711
14.3877
6.62535
7.56831
7.14639
14.481
13.6721
6.07769
7.65571
6.853
5.50466
6.69193
6.20352
14.8106
7.07737
7.40911
9.12472
13.7233
7.24871
6.59868
6.82227
6.70855
5.11924
7.88492
7.74397
5.54943
6.91806
5.87675
5.85669
11.1882
6.05306
7.15272
7.18251
6.34784
5.4065
6.8899
7.23983
5.648
5.44087
6.7034
6.30032
10.9452
6.74417
6.37748
7.25315
6.73362
6.62826
6.60958
6.83586
7.26528
5.38148
6.61203
5.07745
6.77671
4.98648
14.5671
5.52896
6.72437
7.01337
8.68066
7.39283
5.87452
7.36704
6.75377
7.3505
7.03929
7.38244
12.4452
7.60991
5.91855
6.43878
6.76579
7.35323
6.62695
6.70794
7.62008
9.80525
5.47881
11.5319
5.32117
6.63186
6.13916
5.91431
7.66219
6.8168
6.78005
7.24033
7.63076
5.01942
9.39551
10.8392
5.64176
6.14092
6.65919
5.3874
7.26511
6.64041
7.64129
7.1317
6.67948
6.77853
6.17456
14.7196
7.65203
11.4791
6.94145
7.08809
6.81725
6.65569
6.78992
6.82885
5.69834
7.66262
6.4466
6.65548
6.48327
7.01872
6.69424
6.86467
14.413
7.01848
7.35202
7.63759
5.60336
6.63294
6.23952
6.63926
7.39545
6.78909
7.30899
9.51146
6.7898
5.23194
6.95363
7.59293
6.66907
6.23123
13.9656
6.89434
7.10561
6.2269
5.60796
7.28474
11.1382
6.72156
6.85279
7.23047
15.3339
7.27329
6.45428
5.54501
5.66353
6.80135
6.8307
7.4212
6.34328
7.33144
5.88501
9.4891
7.76445
6.92465
6.68427
7.00658
8.20001
6.80925
5.91626
7.28773
14.8438
6.74329
9.78431
6.79957
5.65324
6.7317
5.56738
7.59256
7.0853
7.84913
6.75227
6.34458
7.08732
6.61726
5.66591
9.95486
5.32702
6.8884
5.47882
7.02106
6.69797
5.63468
5.48774
7.3692
6.82165
5.38718
7.0589
13.6488
14.7777
7.15154
6.81396
7.39419
7.34201
7.03722
7.40619
7.77137
6.3351
6.00823
6.71331
14.9943
6.6399
7.26433
6.773
13.7837
6.00953
5.10526
9.93623
6.58361
6.81732
5.5213
12.9901
6.8268
6.45417
7.72271
7.26394
5.36586
7.0704
6.89676
7.61676
5.91117
5.82403
6.68859
6.8056
7.27926
5.37222
7.22864
6.94424
7.06836
5.57772
5.99962
7.2746
7.04139
7.16316
5.67691
11.7832
7.21056
6.72268
7.47943
15.8319
6.85345
5.32972
5.74516
7.74223
6.51818
7.29646
7.49162
6.68174
7.34169
15.211
7.73849
6.40376
7.51527
7.1702
7.05679
7.4173
6.41308
7.74864
6.81248
7.53483
5.74305
15.1162
6.2077
7.75881
7.20747
6.04958
7.67359
7.41824
6.4969
5.80268
7.76963
7.39252
5.39192
7.75094
6.78769
7.78047
6.79729
5.68946
7.90013
7.76537
5.614
7.89763
6.86639
7.75034
6.59619
7.00285
6.83306
7.83885
6.69871
6.68405
6.99256
7.98161
6.16887
7.32565
6.88907
14.3233
6.62328
14.789
7.96816
6.74855
5.87146
5.70513
6.2544
7.24924
7.68493
6.88445
9.33492
6.5411
6.38396
5.43689
5.71684
6.82413
6.81907
6.80379
7.31273
7.06965
7.09404
6.01506
5.54273
6.49379
6.11406
6.74026
5.63814
5.71815
8.67482
7.21991
7.62203
6.57204
8.61431
7.72526
7.40939
6.7518
7.16057
6.54353
7.24162
6.91644
6.27499
6.77486
5.90112
7.01836
5.84246
7.64911
9.53443
9.83725
5.00623
7.91707
7.06187
6.09447
7.73261
5.89956
5.2882
7.55076
8.04081
7.30289
6.02338
7.58153
5.77511
6.84339
5.06468
10.4234
6.74832
9.96511
4.80518
6.33143
8.66776
7.09014
5.81148
7.37832
5.99138
7.24804
5.19702
12.7589
7.13345
6.47421
8.64098
6.11081
6.19618
7.50934
9.15372
9.39896
9.37333
9.47415
4.97708
5.16005
12.9747
7.74006
7.00079
5.43344
8.90883
8.80949
10.3223
6.12377
6.23395
7.15286
8.07475
7.74086
9.64152
4.88549
6.52946
8.9042
7.41319
9.191
9.31111
5.65318
9.33763
7.96164
5.82117
6.089
11.9376
6.92402
8.25614
12.4724
9.92535
5.39727
7.72811
6.29564
8.51317
10.2794
5.82426
5.36204
7.38281
6.88562
11.7388
6.81038
7.68578
6.68624
10.9457
7.41063
6.69751
6.42259
9.3523
7.88616
7.38435
4.56266
5.30636
10.9912
6.96283
10.5926
5.97991
6.44568
5.80438
10.8146
11.8791
9.9394
8.09473
6.62483
7.04703
6.83153
4.63027
9.42081
8.35181
7.58642
7.45319
5.22396
9.78565
5.9932
6.32663
5.5346
5.08165
5.12612
4.90309
9.91482
7.57966
7.62101
5.41444
12.4518
10.1108
5.91883
5.69752
7.27939
7.98455
8.1976
9.16637
6.59777
10.6148
10.0597
8.56941
5.27097
7.74631
9.05374
8.71758
8.95512
5.0895
11.6031
7.9731
12.1681
7.57251
9.53461
8.24448
10.9898
5.9459
5.0785
9.18268
10.6811
7.09205
10.3727
8.19667
5.38886
7.17454
5.38328
6.91433
9.1366
9.44062
5.0799
7.56965
7.33684
11.4917
8.07548
8.56202
5.38482
12.2155
7.05816
6.92618
7.53283
6.35834
5.32015
8.34296
7.65653
6.91421
7.49757
10.114
11.6987
5.2882
9.99254
7.07856
6.09715
11.7944
9.91329
10.3074
6.80054
10.1236
5.41432
10.581
10.1945
8.83452
10.1008
9.19296
8.80373
8.80845
8.701
10.2198
5.08865
11.0993
7.0859
8.69545
10.461
11.0379
5.16084
5.05179
7.01939
5.51398
4.93334
9.61542
8.72319
5.16769
5.88832
6.09474
7.87563
7.45991
9.23848
6.01556
5.50695
5.32784
5.60211
10.3116
8.27085
5.71628
5.72249
11.0296
8.95972
12.0337
7.90804
4.85366
4.9321
5.75862
5.28598
12.2816
5.76581
7.2117
5.21502
8.70515
5.43926
11.645
6.42907
9.45351
6.64388
5.27466
5.203
5.59855
8.21629
6.47241
13.9465
10.2017
7.95479
10.9829
11.2806
5.43738
9.29115
6.25397
8.32213
8.41251
5.47702
5.29005
7.93866
8.37393
5.35528
9.02148
8.14746
9.87187
11.4176
6.71264
8.95054
7.18946
5.80704
11.1018
11.0292
6.95875
5.13514
10.3834
10.282
8.03166
10.8784
5.29478
5.42293
7.51564
6.0375
11.0201
5.0387
5.14949
5.23012
5.20671
5.09822
7.24225
10.8004
7.68055
10.0922
5.25076
14.7087
5.81301
6.13383
5.35665
9.03264
10.5956
5.81336
5.18991
5.50065
11.0664
7.8072
10.432
5.77836
6.02801
7.96424
6.71671
12.0596
10.6055
10.7234
9.23605
5.599
8.60967
5.67288
5.97814
9.61231
5.18343
11.1831
11.2586
5.38753
13.7194
9.55378
8.63761
6.43321
6.2248
11.5059
11.2568
8.21279
7.44265
12.7371
15.1233
7.13176
5.49516
5.65692
10.8287
5.0835
10.779
5.47259
5.32613
7.75729
6.50657
11.1908
6.64148
9.81519
5.03094
9.49074
9.24693
5.31891
9.70469
6.34918
5.21717
7.10538
6.48443
10.0937
13.7982
5.98641
9.1767
10.1631
5.31202
5.05267
7.74562
5.81343
8.02794
7.30372
8.39794
5.17245
5.36106
9.74362
8.92537
6.98673
12.5629
6.8296
7.942
9.45964
5.67585
12.0472
6.21208
5.47766
5.18282
5.48176
5.52195
9.20946
5.13445
7.22875
6.3186
9.96658
7.66511
7.98437
7.6685
5.19913
6.82881
5.85351
8.15422
5.30513
7.42802
5.1386
5.18787
11.8049
5.01878
5.25267
8.90904
7.32181
5.52977
7.54319
5.54172
10.3093
5.85421
5.28735
7.66782
5.24641
6.26147
6.52847
7.71328
5.32412
5.62939
8.92067
6.60335
6.44466
5.34815
9.87539
5.93524
13.1836
5.0892
7.64201
8.25852
5.59037
5.52628
13.0234
5.52932
6.69449
4.84615
8.26262
5.03548
7.8489
10.4519
11.9751
8.47861
11.7275
5.20358
12.247
5.74752
6.10104
6.25627
5.89321
7.50892
6.10667
5.23959
9.91564
6.02076
8.10199
5.32756
6.46097
9.70105
5.57448
12.1431
5.91694
6.26325
9.94753
5.27046
5.38924
6.22601
7.47181
5.89736
6.38004
6.0393
5.67367
6.31517
15.3763
8.73658
5.54627
5.07899
5.65488
6.43103
5.3768
5.36711
7.99735
5.2534
8.97393
4.90603
8.135
7.7939
6.35192
5.36845
6.5111
9.8991
5.22852
6.01891
6.35094
11.08
11.1625
5.55295
6.6114
5.55436
5.29292
5.25749
5.90595
9.20414
5.45786
5.25705
6.04194
6.08596
6.37502
4.88215
5.32004
6.23082
5.67594
8.58242
7.66331
7.91836
5.12349
8.09863
6.88748
5.28145
5.34987
5.32607
7.20481
6.06884
6.49248
4.83366
5.57388
7.69315
5.47077
5.97501
5.06227
6.87877
10.9408
5.48198
5.34404
5.14629
5.59044
5.2592
7.9067
7.9519
7.9077
5.35727
5.93963
6.14039
6.60277
6.26687
11.1327
5.39594
5.86022
5.57039
7.38159
7.60337
6.34605
6.15342
12.227
8.99136
5.35856
9.03712
5.17978
5.33932
5.65038
5.7356
6.13503
7.58365
8.09438
5.64922
11.7579
5.73404
9.76481
8.48508
5.38389
8.18621
11.2805
5.53193
5.32493
6.22875
6.70498
7.79625
5.47064
5.51222
5.37831
5.24163
5.27022
5.59261
5.56033
5.1404
6.66647
5.30854
10.0557
6.02966
6.65871
5.51471
6.69013
5.54712
5.35614
5.15855
5.45297
5.54104
5.34834
5.25845
10.4221
10.7825
8.68769
5.3198
6.05189
5.43577
8.99515
5.46567
6.81478
9.3974
11.1556
7.43141
11.7067
5.59689
5.7517
8.04746
5.35445
9.31304
6.52502
5.38778
5.3769
9.96771
5.62722
5.91308
7.64615
5.64749
5.42018
5.50983
6.49744
5.38183
9.03194
7.0191
10.1205
9.48678
5.99335
5.49561
6.61696
12.1294
9.64179
6.24229
6.24197
5.3416
5.66371
5.59426
5.81865
5.40543
5.29224
6.89627
7.16992
6.45624
6.32246
14.8123
6.18713
4.71679
5.63035
9.46599
5.4072
6.12276
6.54725
5.5274
5.66074
10.7854
5.89774
6.55604
6.62087
8.97167
5.75565
8.90513
11.1681
6.18786
5.49434
7.41395
5.28163
6.09835
6.93012
9.57442
6.66206
5.579
5.25264
7.84553
5.79356
5.53549
5.18123
4.99989
6.54074
5.45498
5.64547
5.57332
6.20507
6.24567
5.4769
5.6233
5.91777
5.46031
5.83889
5.571
6.21966
6.75079
5.86835
10.4873
5.44699
5.81202
5.48052
5.61356
5.45906
5.99043
5.80115
11.0326
6.62282
5.99977
6.83159
6.05436
10.414
6.1876
10.276
6.03159
5.73386
9.41943
6.25614
5.09692
5.60836
6.06013
6.1912
5.22435
5.08322
6.88364
6.94006
5.32532
5.89423
6.60154
8.32488
5.47618
5.5892
5.51877
5.7065
6.25266
10.4164
8.77145
5.19347
6.11428
9.87921
6.29133
10.2044
5.73653
6.24508
5.92829
5.24612
5.48654
5.09217
10.3464
5.70634
5.79451
7.41262
6.06591
8.12648
5.64461
9.4825
5.46295
6.3688
5.48469
6.65074
6.30685
9.69825
7.16156
7.73856
5.5552
7.07966
6.12859
5.36223
5.84091
9.08999
7.8674
8.78896
6.2657
9.4526
5.811
8.52137
5.34666
6.42113
7.97881
12.673
6.12871
5.56679
6.53144
10.7992
5.81779
7.51415
5.72985
5.49472
5.97004
6.06833
6.17126
7.79205
5.81968
5.29881
8.69883
8.39076
4.99559
7.49085
7.13168
10.3479
8.09543
7.01333
5.29037
5.9424
12.0041
11.9152
6.20624
6.81047
10.0158
5.15005
5.4932
10.0552
8.04786
5.46782
9.45333
11.8133
5.71382
5.93527
5.62938
6.25537
10.2606
5.88923
5.40852
6.66434
5.75651
7.81344
6.13687
6.48231
5.32758
5.85559
6.16259
5.65858
7.2579
8.29435
5.8868
6.30024
13.2734
10.0669
11.3345
8.12521
10.8964
5.51558
9.33214
10.8758
5.5761
5.89418
6.56137
9.50621
6.22246
6.33252
6.08327
10.0552
6.34264
13.1771
8.49144
5.41075
11.7827
5.61442
5.6583
6.4327
6.63443
6.16253
5.65085
5.28429
6.03546
10.1093
9.76742
5.86204
6.27444
12.582
9.52807
5.33427
5.72876
5.88947
5.92445
6.57481
5.86115
5.48007
9.13846
6.1364
6.36156
10.5312
6.52173
11.5801
7.56394
5.90003
6.07922
5.85781
6.37115
6.58656
6.31335
7.02336
10.3841
6.36115
7.02418
6.03081
6.3024
9.65401
6.38601
6.50488
11.4053
6.84213
5.73162
11.5657
5.9689
7.28
9.88153
6.63792
9.73263
6.16267
5.98303
6.48147
10.0954
11.7962
11.5134
5.94429
8.7558
6.25881
9.73198
12.9759
6.9124
6.28441
8.05319
6.76073
9.77293
5.42346
9.1394
6.42691
7.08897
6.03251
6.43109
12.9008
9.79939
12.3388
6.46814
7.11533
9.02367
6.41729
6.84025
11.3737
6.78372
9.13583
6.05039
6.03481
6.97117
6.45519
5.91913
6.19613
6.64788
6.08729
6.09816
7.73533
8.22661
7.83654
9.35935
11.9954
7.94756
6.72293
6.61718
6.24918
10.1189
9.91782
7.27582
7.67898
8.81849
6.80709
6.64859
9.46605
8.74986
6.2167
8.62642
9.97444
9.34953
6.88595
11.2278
10.1737
11.0489
6.21235
5.36217
6.48726
9.23585
11.9847
6.54598
7.06359
7.19476
12.5288
9.10007
7.71064
6.28969
6.385
5.52606
6.48779
7.469
8.43394
12.0545
7.02819
8.78108
6.35985
5.74997
6.45587
5.86707
5.90583
7.61137
5.65222
11.0719
6.74519
9.83164
8.54192
12.2252
11.4177
11.8888
6.69409
6.56018
11.2485
324.85
324.85
317.355
317.355
20.3658
20.3658
79.4468
81.2626
35.2273
36.1538
35.2273
79.4468
36.1538
81.2626
)
;

boundaryField
{
    Fluid
    {
        type            zeroGradient;
    }
    Solid
    {
        type            zeroGradient;
    }
    Back
    {
        type            zeroGradient;
    }
    defaultFaces
    {
        type            zeroGradient;
    }
}


// ************************************************************************* //
