/*--------------------------------*- C++ -*----------------------------------*\
| =========                 |                                                 |
| \\      /  F ield         | OpenFOAM: The Open Source CFD Toolbox           |
|  \\    /   O peration     | Version:  2512                                  |
|   \\  /    A nd           | Website:  www.openfoam.com                      |
|    \\/     M anipulation  |                                                 |
\*---------------------------------------------------------------------------*/
FoamFile
{
    version     2.0;
    format      ascii;
    arch        "LSB;label=32;scalar=64";
    class       volScalarField;
    location    "0";
    object      cellVolumeRatio;
}
// * * * * * * * * * * * * * * * * * * * * * * * * * * * * * * * * * * * * * //

dimensions      [0 0 0 0 0 0 0];

internalField   nonuniform List<scalar> 
112699
(
0.896675
0.728007
0.845428
0.892176
0.843596
0.934832
0.773277
0.709597
0.726379
0.671654
0.552339
0.737285
0.707122
0.795886
0.770652
0.771168
0.851048
0.86114
0.740115
0.898587
0.598737
0.863193
0.721274
0.873847
0.851662
0.701432
0.776727
0.912659
0.554305
0.622819
0.710424
0.887045
0.80229
0.630267
0.984996
0.744099
0.76395
0.803152
0.824796
0.810745
0.861484
0.8587
0.787503
0.78313
0.896839
0.736478
0.730717
0.760658
0.826167
0.738182
0.807968
0.797608
0.632781
0.717904
0.514061
0.571511
0.601819
0.885782
0.854696
0.843956
0.689249
0.865938
0.854132
0.664864
0.736159
0.690022
0.82118
0.884134
0.929497
0.905231
0.520274
0.846874
0.760512
0.817987
0.886876
0.919975
0.667307
0.759464
0.69202
0.726014
0.781165
0.870126
0.69194
0.890081
0.67143
0.773322
0.535541
0.689636
0.897923
0.705278
0.757256
0.895958
0.848746
0.894104
0.703974
0.890887
0.882837
0.814175
0.82493
0.773322
0.852078
0.732656
0.851726
0.878418
0.901793
0.776503
0.71941
0.738636
0.782616
0.663652
0.824348
0.833762
0.723368
0.925802
0.730717
0.871469
0.870246
0.698305
0.824119
0.89761
0.725396
0.867221
0.858661
0.825189
0.722457
0.884724
0.848604
0.867577
0.896097
0.676635
0.845251
0.943762
0.882464
0.766832
0.774969
0.809548
0.891089
0.881028
0.889421
0.786688
0.778129
0.942993
0.846349
0.845228
0.778303
0.84158
0.841592
0.855428
0.923851
0.971717
0.720032
0.84972
0.767585
0.794095
0.817017
0.95642
0.85349
0.663167
0.683722
0.856578
0.816591
0.766147
0.872027
0.968046
0.851328
0.780893
0.821572
0.843921
0.767983
0.728238
0.793301
0.97626
0.781616
0.568643
0.829499
0.757462
0.752066
0.738982
0.705589
0.6679
0.884452
0.945177
0.671714
0.777588
0.968052
0.913623
0.879113
0.780454
0.792323
0.876858
0.709699
0.86727
0.667709
0.821003
0.698545
0.740173
0.864543
0.717157
0.900921
0.733684
0.815344
0.831942
0.756317
0.777588
0.879593
0.962872
0.545288
0.781256
0.785074
0.788389
0.748541
0.901793
0.968052
0.714877
0.867668
0.853281
0.602387
0.945745
0.77334
0.577934
0.822465
0.980215
0.863538
0.847713
0.841989
0.961182
0.896378
0.913893
0.922039
0.68767
0.699205
0.862969
0.802872
0.806057
0.893247
0.767123
0.625451
0.757693
0.768051
0.818803
0.929184
0.749615
0.779282
0.602088
0.767338
0.91612
0.93014
0.849898
0.807742
0.905261
0.95938
0.727059
0.799057
0.897067
0.937313
0.806057
0.801811
0.910642
0.716502
0.823642
0.865498
0.78451
0.82046
0.667101
0.742699
0.704277
0.955244
0.936415
0.882478
0.8434
0.913893
0.807286
0.726726
0.930059
0.788389
0.954516
0.789653
0.808467
0.775906
0.938298
0.905092
0.6475
0.879155
0.73901
0.833215
0.681092
0.88678
0.997069
0.729064
0.701461
0.805394
0.707752
0.772898
0.793427
0.891561
0.830086
0.94021
0.869398
0.878543
0.824672
0.804398
0.80734
0.920473
0.771187
0.854706
0.898854
0.886805
0.649913
0.722424
0.805104
0.905663
0.769906
0.863085
0.852452
0.749429
0.894966
0.765172
0.751987
0.707615
0.978347
0.703666
0.883298
0.720929
0.881028
0.934374
0.812085
0.927492
0.883075
0.751316
0.872961
0.843894
0.827115
0.601853
0.886096
0.80071
0.780508
0.83068
0.68233
0.923141
0.844911
0.74964
0.913289
0.957316
0.821485
0.794854
0.825621
0.72653
0.625703
0.71686
0.965227
0.815024
0.907954
0.801926
0.856506
0.848074
0.936043
0.695796
0.78414
0.930225
0.949106
0.720976
0.913558
0.836256
0.863752
0.957844
0.861514
0.719275
0.703761
0.853458
0.689413
0.8737
0.736734
0.805479
0.870103
0.868406
0.657601
0.862758
0.710265
0.65314
0.756767
0.8955
0.810251
0.902443
0.923799
0.780508
0.924276
0.776745
0.694309
0.891023
0.944586
0.915009
0.826883
0.88704
0.660802
0.73739
0.785736
0.968362
0.962501
0.686107
0.819934
0.913289
0.86256
0.688448
0.720259
0.949106
0.745896
0.867577
0.922165
0.791164
0.816291
0.745528
0.94505
0.782354
0.633981
0.888421
0.849009
0.829733
0.829396
0.741917
0.945582
0.849817
0.871463
0.775789
0.733337
0.916088
0.848974
0.611105
0.708307
0.784384
0.85891
0.944586
0.765201
0.871439
0.887455
0.87849
0.895642
0.838511
0.728247
0.681651
0.901821
0.870265
0.774969
0.811636
0.838247
0.8233
0.916829
0.747953
0.748066
0.795368
0.750137
0.871724
0.854331
0.789245
0.689425
0.702567
0.877788
0.717814
0.889637
0.912612
0.894886
0.912244
0.788024
0.817678
0.849417
0.583204
0.935204
0.967351
0.586024
0.935383
0.779528
0.848898
0.864523
0.503042
0.932401
0.924458
0.887264
0.901552
0.766145
0.769298
0.7475
0.836369
0.549126
0.912149
0.691411
0.837289
0.962873
0.857213
0.690247
0.753898
0.791551
0.869257
0.738182
0.830997
0.933641
0.72365
0.932758
0.955334
0.687838
0.897133
0.863572
0.958904
0.875921
0.943406
0.857624
0.935383
0.868831
0.709123
0.805745
0.912612
0.753898
0.713616
0.952212
0.878707
0.806561
0.755523
0.956739
0.647243
0.978347
0.848807
0.703429
0.862212
0.848933
0.87984
0.776848
0.952079
0.826316
0.893719
0.884981
0.883677
0.634441
0.852921
0.912244
0.875575
0.858526
0.929971
0.671565
0.872743
0.901655
0.971184
0.858519
0.942114
0.86339
0.851363
0.819994
0.74964
0.865984
0.682423
0.880817
0.865219
0.907128
0.768038
0.977898
0.860963
0.861484
0.869662
0.950643
0.683988
0.893179
0.819994
0.762791
0.798391
0.943384
0.863026
0.76433
0.952431
0.930812
0.866237
0.892496
0.867613
0.922293
0.867101
0.894198
0.84158
0.820528
0.982651
0.950375
0.742066
0.844032
0.811522
0.671565
0.848609
0.607168
0.788137
0.958482
0.733533
0.898272
0.876641
0.798499
0.824996
0.823651
0.866936
0.868551
0.866056
0.922115
0.91654
0.671632
0.912419
0.867464
0.78099
0.770907
0.748888
0.700324
0.969724
0.785978
0.912005
0.852005
0.802088
0.965887
0.879921
0.877984
0.948121
0.867221
0.705654
0.923815
0.824498
0.78099
0.906465
0.882511
0.922275
0.758159
0.860045
0.714479
0.934264
0.969724
0.719626
0.733533
0.948391
0.702208
0.694182
0.760564
0.884168
0.782606
0.836916
0.713977
0.822588
0.841388
0.719074
0.910925
0.695554
0.842972
0.798738
0.86782
0.816922
0.92327
0.77619
0.970342
0.783192
0.712627
0.949404
0.948081
0.907279
0.86156
0.826858
0.886615
0.929514
0.697647
0.887325
0.72625
0.892904
0.912218
0.946988
0.716663
0.716914
0.830382
0.85852
0.844359
0.70322
0.823651
0.860985
0.929502
0.893261
0.736518
0.769214
0.93144
0.827603
0.812832
0.788137
0.745223
0.882409
0.851667
0.7434
0.9588
0.853004
0.851378
0.784448
0.836369
0.8369
0.944077
0.898617
0.945439
0.64638
0.845722
0.912393
0.848397
0.883184
0.947387
0.885888
0.658162
0.683238
0.804268
0.783192
0.763762
0.744568
0.849515
0.792737
0.865479
0.933985
0.890655
0.917998
0.928474
0.869478
0.909648
0.662172
0.745359
0.840019
0.917419
0.731737
0.864111
0.851344
0.837881
0.906763
0.847714
0.846065
0.769248
0.937688
0.7608
0.800854
0.909457
0.852365
0.582685
0.86407
0.874591
0.759255
0.867744
0.865749
0.884085
0.86103
0.987416
0.869338
0.952827
0.860303
0.872767
0.887701
0.960769
0.82815
0.855694
0.970431
0.960986
0.835168
0.963291
0.808301
0.856852
0.858744
0.948878
0.973343
0.837471
0.92385
0.945276
0.835342
0.836256
0.707069
0.92246
0.819179
0.850295
0.739543
0.871866
0.864889
0.743346
0.537261
0.87968
0.932207
0.876742
0.890545
0.850451
0.909596
0.91514
0.894796
0.594571
0.860604
0.8145
0.954818
0.93635
0.965146
0.90047
0.824832
0.951123
0.944496
0.916214
0.985333
0.84146
0.806399
0.828637
0.697547
0.875932
0.917494
0.764713
0.772701
0.785345
0.795734
0.778791
0.860661
0.867225
0.888976
0.945621
0.815116
0.699892
0.888074
0.876124
0.967379
0.958208
0.697335
0.887549
0.874748
0.92385
0.954122
0.861175
0.654581
0.761686
0.919676
0.677549
0.940685
0.958556
0.896058
0.900203
0.758275
0.587144
0.894882
0.83422
0.937538
0.77993
0.901428
0.887328
0.942912
0.76935
0.778609
0.856397
0.964434
0.941265
0.861595
0.737169
0.925356
0.811079
0.716756
0.882589
0.913942
0.782619
0.885555
0.711439
0.78935
0.928992
0.874486
0.90361
0.920089
0.849251
0.826576
0.865017
0.952661
0.826314
0.916429
0.947416
0.926299
0.825346
0.925602
0.907831
0.967379
0.870799
0.939304
0.514718
0.901671
0.855542
0.773612
0.734147
0.770982
0.614512
0.841011
0.943418
0.817985
0.917429
0.922189
0.769423
0.86682
0.951783
0.719917
0.806406
0.919085
0.741593
0.827988
0.833406
0.725648
0.912723
0.84264
0.840196
0.628695
0.771965
0.798204
0.767585
0.877473
0.988258
0.71988
0.760404
0.86524
0.820969
0.804784
0.85268
0.908197
0.893852
0.866546
0.763047
0.930412
0.740784
0.686883
0.891834
0.825346
0.826349
0.861122
0.861898
0.922073
0.977366
0.885555
0.861898
0.796535
0.948079
0.836
0.973094
0.851753
0.955892
0.708429
0.841099
0.942002
0.866665
0.946971
0.889738
0.908201
0.922044
0.872483
0.799653
0.910825
0.906954
0.907291
0.783499
0.911911
0.861595
0.740965
0.955212
0.739329
0.906638
0.978879
0.827684
0.802541
0.684546
0.683905
0.742509
0.742517
0.86269
0.890476
0.551933
0.903077
0.793547
0.839052
0.955302
0.818784
0.8402
0.923511
0.871854
0.868851
0.815081
0.888141
0.912239
0.857265
0.861329
0.836214
0.633922
0.959142
0.895309
0.927287
0.901651
0.638414
0.803027
0.814062
0.879699
0.820033
0.757256
0.74894
0.87588
0.799237
0.817346
0.869403
0.972969
0.819553
0.745674
0.942988
0.904295
0.955212
0.807507
0.72529
0.755726
0.904533
0.828553
0.875905
0.734161
0.89279
0.90365
0.931576
0.72658
0.797479
0.799786
0.712627
0.891534
0.863747
0.731306
0.765552
0.807652
0.716403
0.946756
0.754866
0.907304
0.835017
0.88059
0.951031
0.742426
0.947546
0.750453
0.929095
0.792409
0.885073
0.7029
0.902405
0.876179
0.747692
0.857879
0.865388
0.800393
0.877893
0.888261
0.718222
0.926294
0.792982
0.952251
0.777281
0.689663
0.924616
0.852343
0.860473
0.870899
0.97958
0.931689
0.86862
0.756599
0.734161
0.824202
0.894857
0.690247
0.763048
0.878865
0.840493
0.873279
0.914018
0.932676
0.905261
0.891676
0.791006
0.804434
0.941877
0.937636
0.695718
0.977215
0.942264
0.814149
0.791152
0.911322
0.86399
0.624378
0.838055
0.700726
0.976143
0.901018
0.865399
0.737736
0.787638
0.894737
0.795472
0.880247
0.950707
0.84269
0.948506
0.767945
0.701946
0.892176
0.755691
0.664858
0.906792
0.899666
0.977003
0.741917
0.812366
0.899978
0.953712
0.867262
0.949808
0.914018
0.931973
0.903532
0.911206
0.897623
0.942717
0.964997
0.85579
0.922383
0.824969
0.693911
0.717546
0.933432
0.779528
0.666143
0.798799
0.93023
0.912797
0.914591
0.889586
0.640122
0.881274
0.819136
0.962174
0.857657
0.902909
0.845965
0.78271
0.623327
0.910621
0.818784
0.823476
0.751445
0.860911
0.964434
0.890955
0.841623
0.935508
0.776969
0.911859
0.969185
0.835301
0.830504
0.99287
0.958854
0.929045
0.908892
0.828953
0.741215
0.9589
0.965285
0.964529
0.892735
0.947601
0.849124
0.810371
0.896097
0.927355
0.878219
0.916755
0.676635
0.824933
0.949354
0.880212
0.705952
0.733468
0.983835
0.931914
0.949655
0.858755
0.943596
0.880247
0.965146
0.766147
0.849627
0.8939
0.86782
0.833764
0.807149
0.974543
0.926123
0.891534
0.739072
0.779938
0.849129
0.935172
0.885165
0.822905
0.78059
0.717944
0.740353
0.895836
0.843213
0.918726
0.907349
0.940078
0.652818
0.917386
0.915772
0.829178
0.658263
0.815506
0.909596
0.964356
0.921162
0.869361
0.855681
0.9526
0.878886
0.677501
0.795797
0.768385
0.97778
0.842379
0.900848
0.942823
0.882663
0.914821
0.889315
0.949912
0.766253
0.732771
0.891257
0.89058
0.785298
0.928136
0.948856
0.845362
0.919103
0.726906
0.908186
0.699704
0.940777
0.89273
0.910022
0.810371
0.930515
0.900441
0.909263
0.947522
0.737736
0.844925
0.883017
0.718468
0.973745
0.741505
0.934939
0.7089
0.870422
0.856498
0.970254
0.91417
0.795906
0.842198
0.798724
0.922144
0.850649
0.777558
0.792273
0.908764
0.896891
0.843801
0.92035
0.92035
0.572277
0.802765
0.835245
0.979663
0.900419
0.884758
0.94641
0.878481
0.804875
0.879081
0.732982
0.784914
0.95629
0.910063
0.775232
0.947912
0.906334
0.942995
0.904533
0.909732
0.873881
0.785253
0.735705
0.890949
0.885103
0.806802
0.948856
0.795646
0.89058
0.807046
0.942264
0.808164
0.683738
0.925554
0.969118
0.795797
0.916994
0.912717
0.853509
0.850879
0.856043
0.899493
0.912717
0.699691
0.8434
0.805444
0.834286
0.779647
0.769415
0.783118
0.928645
0.827603
0.810483
0.765968
0.460067
0.85783
0.954544
0.912733
0.831431
0.775232
0.891048
0.902946
0.938389
0.917623
0.952049
0.743528
0.841883
0.768995
0.905313
0.719031
0.93142
0.902693
0.874342
0.932189
0.850302
0.77957
0.776997
0.879048
0.765322
0.862286
0.758498
0.913641
0.702159
0.841651
0.853035
0.918498
0.913641
0.890705
0.670694
0.823747
0.885039
0.868782
0.96058
0.919333
0.883075
0.953143
0.879245
0.896675
0.855895
0.810251
0.913862
0.790342
0.800596
0.844464
0.952412
0.952805
0.860709
0.926038
0.65508
0.961237
0.931689
0.787538
0.758138
0.744391
0.741896
0.934441
0.765865
0.918724
0.750449
0.953233
0.953837
0.943285
0.849872
0.953462
0.946728
0.901442
0.879259
0.703448
0.789742
0.929857
0.902565
0.908706
0.942845
0.953997
0.90962
0.868279
0.943817
0.771782
0.9589
0.944483
0.827104
0.954166
0.891361
0.788952
0.841702
0.816954
0.709829
0.737227
0.922678
0.905522
0.963918
0.903672
0.916973
0.885199
0.867739
0.900652
0.871052
0.828855
0.881746
0.887035
0.963615
0.971804
0.959287
0.909876
0.958418
0.742615
0.94924
0.932041
0.904619
0.886001
0.879335
0.867649
0.951014
0.834754
0.857708
0.784289
0.77165
0.703429
0.753744
0.985117
0.853805
0.773321
0.868406
0.919692
0.88788
0.797446
0.906342
0.952987
0.781638
0.801811
0.773277
0.865392
0.738539
0.934405
0.833388
0.844687
0.740217
0.749429
0.798914
0.826541
0.899702
0.958428
0.854093
0.924603
0.920878
0.945071
0.801375
0.717543
0.849727
0.851897
0.962152
0.825014
0.780061
0.734908
0.97025
0.844159
0.759148
0.985571
0.952516
0.765865
0.767017
0.786872
0.908437
0.808592
0.739986
0.793022
0.737635
0.74233
0.968707
0.873729
0.887707
0.833711
0.966004
0.881315
0.844124
0.85682
0.939005
0.778746
0.958875
0.823439
0.75951
0.84394
0.904436
0.942068
0.830501
0.935058
0.843462
0.923445
0.951195
0.768221
0.943194
0.805292
0.953088
0.85547
0.832573
0.890769
0.902653
0.796838
0.942228
0.911078
0.953217
0.925756
0.712694
0.651961
0.889575
0.827684
0.863099
0.96818
0.894254
0.932418
0.892918
0.880092
0.859872
0.836376
0.925918
0.864741
0.826344
0.976799
0.874271
0.938955
0.761441
0.772269
0.733095
0.832653
0.972108
0.86777
0.766903
0.860609
0.966497
0.970811
0.936186
0.926884
0.909818
0.882572
0.938238
0.811352
0.8702
0.900622
0.945272
0.80518
0.978552
0.869677
0.747701
0.982475
0.824395
0.860054
0.854317
0.888034
0.951478
0.867716
0.87315
0.959563
0.93856
0.871224
0.856192
0.873723
0.939337
0.780316
0.881283
0.869086
0.92919
0.932558
0.903107
0.900342
0.881375
0.866251
0.539555
0.84711
0.902307
0.945967
0.979412
0.840536
0.84983
0.881627
0.46067
0.95051
0.877219
0.773297
0.945913
0.952516
0.863469
0.868595
0.763774
0.954487
0.892947
0.888331
0.736601
0.875932
0.78954
0.904199
0.916283
0.863841
0.886638
0.887333
0.952329
0.805284
0.862444
0.933063
0.887288
0.694968
0.864881
0.842984
0.876546
0.882941
0.954163
0.957298
0.853998
0.886118
0.871689
0.896273
0.928421
0.821669
0.964568
0.875406
0.786041
0.691218
0.805912
0.945272
0.865851
0.914369
0.912543
0.892496
0.872131
0.720661
0.86695
0.925486
0.881811
0.923333
0.867436
0.810888
0.797729
0.771659
0.922153
0.872575
0.792789
0.977399
0.909512
0.917385
0.79334
0.770793
0.938026
0.869024
0.859869
0.9588
0.8565
0.916904
0.919525
0.720965
0.882385
0.842383
0.793461
0.879885
0.966002
0.959775
0.870505
0.92919
0.941921
0.881991
0.78954
0.952998
0.86916
0.879164
0.89163
0.920646
0.850353
0.926602
0.816426
0.945166
0.953856
0.780061
0.785945
0.963011
0.892078
0.863687
0.961357
0.854609
0.861796
0.887589
0.938117
0.883601
0.835819
0.968852
0.979417
0.822347
0.796739
0.971935
0.807096
0.882504
0.743448
0.849422
0.852224
0.953794
0.862771
0.948645
0.913619
0.745359
0.88812
0.734979
0.919648
0.917099
0.940056
0.838511
0.946637
0.932294
0.883105
0.888845
0.745518
0.950759
0.887264
0.963643
0.899901
0.670549
0.916179
0.924908
0.957929
0.885487
0.74239
0.820217
0.727251
0.890469
0.87876
0.848919
0.886581
0.817616
0.866333
0.949412
0.722462
0.94989
0.935542
0.727908
0.886521
0.93686
0.926089
0.959669
0.886077
0.851522
0.872159
0.935452
0.892332
0.935084
0.754327
0.826529
0.967334
0.756959
0.972765
0.885942
0.887769
0.797734
0.846723
0.737811
0.778791
0.944275
0.898342
0.805292
0.950019
0.957811
0.659208
0.929395
0.950399
0.763774
0.932563
0.796901
0.908044
0.787413
0.871518
0.979522
0.567773
0.935342
0.938912
0.903161
0.916801
0.959509
0.77508
0.903474
0.893398
0.899989
0.862236
0.909931
0.890291
0.947893
0.881461
0.8492
0.783662
0.875693
0.906046
0.916371
0.942852
0.776401
0.951576
0.860974
0.932294
0.952064
0.973211
0.779349
0.954911
0.845116
0.880596
0.890743
0.848618
0.956818
0.883784
0.763283
0.872395
0.946112
0.89682
0.85084
0.898869
0.827368
0.974513
0.762858
0.737227
0.954335
0.892242
0.906546
0.96006
0.887472
0.86626
0.918001
0.868251
0.91924
0.951078
0.902188
0.865173
0.985987
0.926801
0.91924
0.86629
0.867325
0.837496
0.981558
0.845967
0.807116
0.828275
0.897354
0.912241
0.837386
0.937437
0.918644
0.952061
0.953635
0.970343
0.842513
0.681586
0.862348
0.952358
0.917007
0.96481
0.850903
0.911932
0.966358
0.807968
0.796348
0.92836
0.835892
0.952642
0.944423
0.896737
0.868494
0.822848
0.830415
0.787591
0.904363
0.952861
0.930907
0.895069
0.871512
0.889629
0.953215
0.891903
0.872482
0.953396
0.898272
0.964117
0.80525
0.969203
0.953784
0.899959
0.855466
0.885923
0.86293
0.89319
0.874767
0.95514
0.953928
0.876056
0.954349
0.741548
0.884701
0.957298
0.895942
0.73861
0.888283
0.682321
0.827187
0.866732
0.877955
0.948914
0.865781
0.954911
0.775524
0.954457
0.891797
0.878352
0.903479
0.924401
0.834987
0.909436
0.85958
0.892604
0.955468
0.938759
0.938955
0.946876
0.884823
0.954982
0.871978
0.905166
0.956022
0.853106
0.887989
0.913049
0.878332
0.901144
0.73041
0.742942
0.955503
0.895521
0.72015
0.892714
0.917436
0.753388
0.956021
0.914205
0.887517
0.936239
0.768314
0.908641
0.954734
0.971485
0.849709
0.921841
0.91241
0.962589
0.937593
0.959403
0.873979
0.847714
0.786841
0.922788
0.69403
0.843678
0.766397
0.664858
0.914097
0.870311
0.786769
0.960792
0.934796
0.783685
0.867928
0.880022
0.905983
0.899008
0.756221
0.803662
0.565123
0.914807
0.911932
0.962852
0.764476
0.867272
0.957284
0.910475
0.909291
0.913913
0.957653
0.900725
0.864407
0.916973
0.896597
0.790342
0.972995
0.860709
0.892871
0.906959
0.882731
0.902479
0.945506
0.979049
0.797446
0.903729
0.980956
0.757583
0.863395
0.879068
0.836859
0.847528
0.779421
0.904211
0.789311
0.881345
0.867661
0.937651
0.90112
0.943589
0.88716
0.824202
0.720673
0.968456
0.869047
0.767927
0.960842
0.933506
0.936239
0.880995
0.796786
0.846638
0.895136
0.895686
0.933981
0.668262
0.973886
0.806617
0.698382
0.785673
0.852625
0.844325
0.863787
0.954764
0.789333
0.871083
0.741548
0.96737
0.884358
0.854992
0.992878
0.739518
0.973339
0.8492
0.873232
0.75495
0.901562
0.926751
0.854636
0.913994
0.851134
0.865915
0.966159
0.87724
0.834633
0.837455
0.975766
0.946733
0.876668
0.823861
0.906574
0.846422
0.881354
0.968007
0.758863
0.941962
0.854492
0.592803
0.806744
0.954914
0.947538
0.916429
0.961012
0.945807
0.868136
0.801003
0.907348
0.840025
0.807845
0.869612
0.983836
0.837491
0.92642
0.869383
0.758068
0.789799
0.865894
0.705877
0.857388
0.939211
0.899687
0.696843
0.730644
0.861353
0.71537
0.957385
0.59202
0.948295
0.756118
0.940002
0.916285
0.869398
0.948715
0.759462
0.865577
0.780445
0.965343
0.958128
0.663284
0.960986
0.847189
0.968298
0.921776
0.790965
0.771989
0.963173
0.988268
0.920023
0.886665
0.902625
0.847319
0.91318
0.974972
0.958078
0.827197
0.889941
0.877228
0.871659
0.776444
0.873232
0.913919
0.993104
0.825232
0.728412
0.967093
0.803775
0.961649
0.822451
0.942416
0.75999
0.923025
0.860421
0.886612
0.951299
0.921159
0.94023
0.85491
0.846074
0.932324
0.778129
0.932164
0.899687
0.820599
0.911639
0.82286
0.84126
0.887087
0.871977
0.973845
0.876821
0.858592
0.794125
0.919292
0.950776
0.542611
0.850217
0.899522
0.946876
0.94334
0.753306
0.890126
0.926722
0.974683
0.845646
0.877682
0.740173
0.759661
0.85758
0.918375
0.953793
0.75055
0.874919
0.758352
0.967603
0.942579
0.75881
0.957927
0.859509
0.939337
0.831131
0.970342
0.916332
0.887591
0.795462
0.773312
0.791152
0.76219
0.960097
0.902678
0.730242
0.861005
0.803514
0.93777
0.957385
0.923455
0.936566
0.956627
0.955435
0.936155
0.863945
0.769753
0.803514
0.919007
0.819064
0.958138
0.869956
0.760204
0.832293
0.872468
0.923455
0.836689
0.847808
0.975727
0.876424
0.783031
0.871506
0.914115
0.842824
0.828809
0.833934
0.922419
0.945756
0.844942
0.945973
0.803345
0.716756
0.775644
0.987466
0.877684
0.849422
0.976261
0.95534
0.845136
0.93144
0.872037
0.804178
0.866634
0.884256
0.926722
0.81609
0.769298
0.977448
0.812857
0.892192
0.749923
0.757528
0.913773
0.944863
0.907904
0.938709
0.952689
0.877831
0.905855
0.948055
0.946822
0.920962
0.956926
0.856822
0.856154
0.886524
0.874949
0.957945
0.893378
0.909024
0.674147
0.890627
0.947886
0.758565
0.843542
0.763171
0.973888
0.841869
0.889914
0.869956
0.600671
0.870193
0.793022
0.834971
0.942545
0.895533
0.908645
0.934576
0.892037
0.722113
0.743944
0.925652
0.912046
0.909586
0.724448
0.901448
0.866736
0.979127
0.868373
0.943217
0.971073
0.831544
0.888078
0.950701
0.832293
0.95855
0.947742
0.579544
0.901448
0.965054
0.746261
0.738636
0.956124
0.698569
0.861702
0.76395
0.936766
0.874889
0.99307
0.860468
0.973888
0.838055
0.917942
0.729329
0.965344
0.667388
0.876885
0.557886
0.89251
0.859624
0.886818
0.882202
0.849167
0.955447
0.902479
0.850572
0.886946
0.850572
0.975653
0.921193
0.843046
0.751412
0.911524
0.876403
0.9342
0.947841
0.969963
0.96416
0.879655
0.812715
0.683494
0.901283
0.865498
0.892075
0.902653
0.847897
0.901544
0.831901
0.840873
0.865243
0.913941
0.781282
0.94384
0.903355
0.8914
0.729061
0.918244
0.885332
0.857839
0.932463
0.897354
0.68156
0.787591
0.753306
0.811522
0.871927
0.936468
0.980497
0.951214
0.901705
0.97911
0.930372
0.768124
0.853441
0.957033
0.927013
0.962387
0.966284
0.87744
0.882406
0.855734
0.908695
0.900023
0.629062
0.961549
0.959693
0.913477
0.891282
0.84742
0.947298
0.97121
0.973157
0.8257
0.86423
0.839543
0.890056
0.949621
0.843521
0.784275
0.900429
0.798391
0.973157
0.948951
0.835913
0.879014
0.720663
0.821542
0.874732
0.854609
0.905119
0.827044
0.934418
0.813137
0.865017
0.934665
0.906184
0.911521
0.966063
0.926616
0.800324
0.964449
0.769401
0.802872
0.898886
0.963607
0.785074
0.892785
0.959909
0.828617
0.733684
0.805282
0.960676
0.767146
0.835064
0.887546
0.842746
0.868782
0.941054
0.824341
0.76406
0.944264
0.800203
0.977799
0.833166
0.88362
0.867955
0.962965
0.927989
0.981919
0.794141
0.821294
0.696551
0.921785
0.854418
0.790896
0.971454
0.985683
0.876844
0.888859
0.973639
0.939558
0.870269
0.93338
0.934991
0.859291
0.873457
0.911019
0.759258
0.928464
0.852213
0.932558
0.85358
0.682321
0.848401
0.892389
0.798882
0.893865
0.933513
0.84604
0.930686
0.956707
0.910832
0.894144
0.879541
0.858428
0.940093
0.515595
0.800324
0.724975
0.897682
0.751784
0.903479
0.578278
0.973074
0.902077
0.902776
0.593895
0.900868
0.942227
0.873039
0.888732
0.955133
0.956604
0.705882
0.908257
0.886846
0.973365
0.888651
0.735903
0.950094
0.9556
0.904847
0.781632
0.954142
0.957755
0.785434
0.885526
0.917316
0.726733
0.935833
0.891524
0.784349
0.930267
0.929235
0.974648
0.904588
0.95981
0.903756
0.907932
0.713538
0.922388
0.880202
0.948607
0.859889
0.93251
0.593267
0.593542
0.809362
0.901473
0.8917
0.835179
0.779282
0.919948
0.88087
0.878373
0.898275
0.905148
0.919416
0.932428
0.939504
0.890751
0.823484
0.96088
0.921256
0.732578
0.835446
0.804587
0.922796
0.903801
0.944453
0.823788
0.965654
0.763699
0.854638
0.757176
0.911537
0.901011
0.868868
0.68886
0.760199
0.940448
0.885386
0.714421
0.77985
0.86754
0.954159
0.810888
0.878383
0.84146
0.946183
0.711455
0.9687
0.932164
0.927252
0.885881
0.981335
0.923112
0.847528
0.778238
0.843158
0.980444
0.799283
0.843809
0.86607
0.829212
0.941117
0.955076
0.921214
0.957536
0.897323
0.932715
0.546582
0.958292
0.884179
0.972173
0.915214
0.763882
0.924305
0.941693
0.934392
0.745285
0.864342
0.883932
0.948566
0.754316
0.994978
0.630083
0.897323
0.930518
0.932655
0.975876
0.917632
0.905829
0.887212
0.843203
0.888174
0.963075
0.843474
0.862348
0.960725
0.879812
0.757462
0.92179
0.856498
0.968531
0.840904
0.844464
0.897717
0.889658
0.90446
0.915702
0.758138
0.848256
0.942646
0.942896
0.535413
0.753883
0.884811
0.867387
0.950744
0.953229
0.808019
0.791809
0.958445
0.787121
0.597397
0.888466
0.980034
0.834549
0.975683
0.921394
0.874937
0.81328
0.779556
0.89822
0.949655
0.8943
0.868855
0.957242
0.927495
0.919103
0.888647
0.913455
0.968887
0.873389
0.945265
0.860073
0.91541
0.767146
0.89728
0.778482
0.939374
0.921093
0.926326
0.912316
0.976887
0.773976
0.738289
0.933251
0.949627
0.914464
0.926728
0.903054
0.796739
0.818887
0.874452
0.838387
0.90824
0.695718
0.905374
0.87785
0.951976
0.901663
0.925101
0.84347
0.889437
0.794293
0.974227
0.945342
0.91592
0.941706
0.879715
0.881044
0.980307
0.833735
0.905175
0.912379
0.969099
0.94122
0.938315
0.869595
0.953833
0.930601
0.912648
0.857294
0.84869
0.9025
0.901663
0.554305
0.901011
0.87318
0.930364
0.938732
0.906248
0.940115
0.746775
0.758672
0.819037
0.855816
0.713676
0.758967
0.785218
0.91795
0.888951
0.912775
0.966916
0.761635
0.789047
0.953228
0.952112
0.962327
0.894334
0.810679
0.850309
0.695837
0.921394
0.92288
0.838873
0.842532
0.936512
0.895161
0.896892
0.921852
0.8145
0.768199
0.667388
0.898066
0.826888
0.66779
0.953615
0.912895
0.954514
0.789221
0.903197
0.892782
0.834219
0.967927
0.933064
0.871374
0.955709
0.902289
0.717607
0.893055
0.926857
0.948585
0.948288
0.681884
0.772018
0.945886
0.880015
0.967911
0.953079
0.884534
0.889754
0.903999
0.8512
0.809895
0.894659
0.847879
0.840101
0.951637
0.836091
0.861871
0.916204
0.751454
0.77958
0.878528
0.908626
0.836389
0.937463
0.869987
0.804626
0.858325
0.904277
0.983024
0.665546
0.761796
0.905793
0.906242
0.827117
0.858744
0.868627
0.931182
0.964764
0.9438
0.939228
0.895114
0.81418
0.942031
0.743513
0.969728
0.937287
0.937752
0.951403
0.900968
0.889577
0.787638
0.776745
0.917948
0.810717
0.964662
0.945868
0.963132
0.952057
0.877614
0.817877
0.94316
0.933462
0.94437
0.807507
0.885769
0.96416
0.936915
0.883017
0.87821
0.767847
0.87659
0.849573
0.950432
0.91089
0.832882
0.980213
0.867764
0.96185
0.821727
0.885681
0.895862
0.837231
0.978616
0.772882
0.957363
0.743513
0.933895
0.941955
0.97106
0.892496
0.972185
0.978474
0.899389
0.904068
0.923175
0.844446
0.922998
0.904558
0.965797
0.933753
0.830268
0.881616
0.930548
0.914961
0.885199
0.680764
0.856551
0.830501
0.834281
0.961745
0.81122
0.835218
0.919931
0.950199
0.985174
0.741021
0.948532
0.960093
0.903451
0.89983
0.945892
0.961796
0.933462
0.909552
0.875919
0.77825
0.912972
0.956014
0.825786
0.875034
0.924803
0.903451
0.777558
0.7797
0.941245
0.819967
0.888558
0.77409
0.951765
0.864773
0.875955
0.75525
0.787121
0.788133
0.935147
0.703784
0.95233
0.932904
0.77619
0.839601
0.858824
0.684747
0.794293
0.942912
0.962358
0.913623
0.878258
0.922105
0.85496
0.909217
0.958482
0.987608
0.914287
0.97829
0.893424
0.89502
0.939182
0.941009
0.86577
0.958717
0.907516
0.878147
0.911382
0.966804
0.766194
0.952517
0.893191
0.911771
0.911679
0.923472
0.916589
0.982022
0.89435
0.711056
0.973952
0.860681
0.84347
0.909614
0.971996
0.898182
0.881339
0.879341
0.957035
0.901894
0.929235
0.760472
0.93893
0.905131
0.959803
0.834902
0.908002
0.752063
0.900452
0.751454
0.9254
0.781314
0.878258
0.782619
0.872394
0.850922
0.771097
0.72377
0.905131
0.884619
0.878779
0.825419
0.851232
0.970797
0.911185
0.879505
0.839434
0.90957
0.859234
0.902135
0.841818
0.974109
0.974311
0.892058
0.943335
0.913919
0.940466
0.769629
0.817709
0.895309
0.828224
0.881591
0.940513
0.887637
0.954509
0.968913
0.580084
0.938298
0.935159
0.854851
0.841486
0.972232
0.97461
0.902585
0.966493
0.90626
0.913749
0.936452
0.751901
0.931926
0.895622
0.932676
0.865332
0.796926
0.89502
0.96642
0.911154
0.850922
0.787561
0.867458
0.936591
0.928314
0.950392
0.855743
0.861099
0.778811
0.890345
0.754716
0.946473
0.932793
0.740157
0.953674
0.940405
0.837789
0.947085
0.797446
0.913477
0.946926
0.736534
0.96205
0.889123
0.833091
0.784384
0.786865
0.920566
0.69969
0.955682
0.943864
0.919524
0.861317
0.914516
0.894989
0.98084
0.852455
0.935753
0.894274
0.862738
0.992261
0.830711
0.700274
0.950214
0.66879
0.947693
0.730628
0.851623
0.909279
0.898532
0.955163
0.943014
0.953755
0.91722
0.855743
0.801932
0.958775
0.843873
0.955393
0.780249
0.6508
0.852431
0.949722
0.839927
0.964695
0.848017
0.946733
0.886181
0.982048
0.908867
0.910014
0.887804
0.867314
0.829342
0.978512
0.728529
0.913083
0.97437
0.965406
0.757176
0.892454
0.925442
0.948952
0.973273
0.977868
0.915464
0.858543
0.805211
0.94614
0.750594
0.847798
0.869287
0.930968
0.894901
0.958204
0.967139
0.750248
0.947849
0.81609
0.897691
0.951086
0.932155
0.940919
0.86651
0.961679
0.963391
0.953113
0.882746
0.904333
0.929307
0.90266
0.925029
0.921493
0.740353
0.910997
0.953229
0.952108
0.930386
0.948199
0.954487
0.894915
0.7471
0.765987
0.758853
0.889442
0.890605
0.955682
0.916572
0.882653
0.911141
0.964439
0.887719
0.982619
0.82912
0.969081
0.885881
0.950086
0.949722
0.923483
0.87418
0.935114
0.738181
0.954885
0.959548
0.955724
0.797431
0.937972
0.914621
0.911624
0.75642
0.950303
0.757311
0.854544
0.943517
0.850854
0.878528
0.770173
0.964271
0.95333
0.816667
0.799653
0.966398
0.993695
0.756815
0.865392
0.875528
0.703824
0.809362
0.741896
0.861329
0.840793
0.919384
0.875159
0.883087
0.836654
0.934969
0.821168
0.862405
0.845272
0.792155
0.879368
0.967943
0.943729
0.897711
0.95755
0.845083
0.871947
0.939068
0.842494
0.947039
0.785139
0.800819
0.919575
0.923544
0.960215
0.863982
0.800799
0.89202
0.931181
0.897884
0.748332
0.842245
0.933313
0.812421
0.797446
0.864111
0.961903
0.804666
0.980066
0.871645
0.85069
0.904887
0.89838
0.869727
0.663578
0.913801
0.85802
0.907793
0.907027
0.839993
0.830203
0.941535
0.880934
0.85367
0.873862
0.902526
0.976462
0.939472
0.913862
0.982089
0.946122
0.863574
0.856696
0.82871
0.887223
0.897113
0.985333
0.741186
0.882724
0.829115
0.61827
0.806012
0.863688
0.905968
0.73583
0.885769
0.755832
0.906366
0.726379
0.980874
0.957676
0.987137
0.958141
0.882478
0.904303
0.910373
0.978903
0.845362
0.942456
0.924262
0.95487
0.875195
0.775607
0.835602
0.749591
0.825189
0.815928
0.976085
0.907848
0.944102
0.758762
0.864953
0.697731
0.913739
0.842581
0.895858
0.94802
0.938436
0.758926
0.95614
0.877131
0.873847
0.849326
0.971529
0.908345
0.906531
0.923913
0.953934
0.966156
0.993524
0.959558
0.867823
0.97712
0.979312
0.943577
0.661436
0.883137
0.834126
0.847718
0.894659
0.972332
0.9552
0.877228
0.950086
0.900639
0.906942
0.932913
0.955709
0.853631
0.964304
0.930031
0.908424
0.896281
0.908197
0.923341
0.852952
0.956092
0.90654
0.948593
0.964567
0.878699
0.920274
0.817723
0.857428
0.967268
0.977521
0.971149
0.877156
0.936593
0.860993
0.86122
0.963066
0.732928
0.942943
0.909251
0.838958
0.767338
0.978544
0.97557
0.88652
0.824361
0.934451
0.889825
0.981222
0.903312
0.878081
0.881861
0.879297
0.892326
0.872767
0.831394
0.831055
0.906077
0.894557
0.936794
0.937427
0.955333
0.937427
0.969397
0.80185
0.860194
0.713505
0.96029
0.809879
0.962057
0.85259
0.911626
0.891994
0.836549
0.899117
0.872448
0.862862
0.949177
0.946291
0.90455
0.972885
0.894979
0.933476
0.81122
0.842954
0.835306
0.920026
0.855359
0.910407
0.924575
0.899972
0.920991
0.887706
0.860857
0.924708
0.974973
0.8304
0.976134
0.778741
0.964184
0.870137
0.925219
0.804666
0.935204
0.761558
0.950731
0.876641
0.89509
0.955286
0.916596
0.843094
0.968947
0.887744
0.927845
0.86122
0.946396
0.953817
0.955682
0.914501
0.768687
0.895095
0.950527
0.954324
0.913687
0.907054
0.847386
0.856371
0.872316
0.961906
0.884798
0.920377
0.93085
0.900812
0.662462
0.823439
0.891361
0.91065
0.809695
0.941855
0.80579
0.91084
0.907978
0.949608
0.965557
0.902701
0.88877
0.98127
0.841602
0.96828
0.951279
0.85276
0.95333
0.916263
0.80073
0.863882
0.944376
0.98172
0.884154
0.96443
0.951613
0.83416
0.486542
0.95595
0.926927
0.934498
0.983351
0.939643
0.952592
0.953774
0.940387
0.980532
0.898509
0.913469
0.930437
0.946057
0.795849
0.855431
0.926818
0.968418
0.839256
0.96585
0.895095
0.970761
0.851002
0.936349
0.82686
0.949851
0.955514
0.966706
0.906787
0.907125
0.882898
0.937722
0.852952
0.884715
0.886248
0.958958
0.934441
0.845326
0.87379
0.946259
0.930257
0.804075
0.889828
0.944896
0.974259
0.91089
0.537261
0.879035
0.807603
0.851363
0.914694
0.82922
0.971554
0.962683
0.913397
0.867744
0.910705
0.952592
0.896286
0.923281
0.935122
0.847775
0.69325
0.95512
0.86887
0.935638
0.913269
0.942752
0.897894
0.836092
0.949023
0.900945
0.918397
0.977751
0.935519
0.893653
0.924222
0.924851
0.87379
0.926768
0.971002
0.866119
0.910089
0.982481
0.951279
0.851902
0.882836
0.863688
0.966988
0.923137
0.968565
0.973111
0.87127
0.869477
0.992119
0.943561
0.91384
0.945557
0.7608
0.939937
0.735666
0.981921
0.969517
0.954679
0.741754
0.889442
0.950041
0.89873
0.963735
0.801926
0.974833
0.893151
0.875409
0.953349
0.844359
0.882353
0.876442
0.955907
0.894882
0.981163
0.955702
0.978462
0.978677
0.960086
0.967553
0.949965
0.934923
0.966706
0.919384
0.752673
0.856704
0.942127
0.937099
0.87566
0.808559
0.807654
0.858019
0.957205
0.744568
0.773565
0.96623
0.961888
0.513645
0.742437
0.919822
0.935508
0.969517
0.957075
0.912325
0.899768
0.950301
0.945088
0.736879
0.95509
0.864377
0.749014
0.876063
0.830095
0.902735
0.803644
0.855981
0.918825
0.903672
0.766845
0.95116
0.774031
0.850471
0.884613
0.871799
0.97553
0.783863
0.967144
0.774676
0.946929
0.902912
0.909279
0.952861
0.850387
0.967206
0.881927
0.978616
0.776037
0.804735
0.944894
0.952212
0.852705
0.955632
0.897338
0.883977
0.821804
0.783421
0.947267
0.960049
0.712694
0.847105
0.757476
0.819127
0.921704
0.906019
0.92299
0.841013
0.900445
0.954426
0.926753
0.849707
0.870223
0.909579
0.973429
0.731847
0.911885
0.900389
0.791001
0.951944
0.732228
0.948532
0.944183
0.94998
0.913885
0.846606
0.944894
0.898518
0.942262
0.939445
0.959949
0.939445
0.765837
0.88169
0.906382
0.824241
0.736025
0.898518
0.763937
0.944614
0.968047
0.665546
0.812915
0.848318
0.888262
0.952251
0.807149
0.908807
0.902631
0.978151
0.813542
0.912681
0.938709
0.899602
0.948062
0.938099
0.786758
0.924406
0.858667
0.782369
0.96046
0.910228
0.810753
0.753922
0.912375
0.86607
0.841652
0.913919
0.888166
0.887453
0.929405
0.955411
0.884331
0.941836
0.857883
0.869592
0.97673
0.878397
0.952492
0.992522
0.804822
0.913108
0.89393
0.880928
0.914385
0.75999
0.740067
0.883078
0.937337
0.857527
0.827044
0.960819
0.91446
0.77537
0.878322
0.887453
0.924311
0.847398
0.88442
0.872715
0.879152
0.861985
0.947118
0.913049
0.824773
0.948157
0.899238
0.695851
0.894935
0.837892
0.886145
0.964226
0.957409
0.77432
0.96241
0.952892
0.822872
0.872394
0.814256
0.976424
0.940766
0.939228
0.831455
0.833724
0.859561
0.983352
0.922321
0.952533
0.958849
0.912563
0.845272
0.900845
0.974075
0.99364
0.937986
0.781228
0.947118
0.916755
0.749949
0.891257
0.959305
0.964147
0.923511
0.97087
0.992089
0.896562
0.978203
0.918023
0.881143
0.910248
0.963408
0.725249
0.954594
0.791576
0.926145
0.917197
0.913845
0.973294
0.965326
0.967738
0.951358
0.76242
0.88354
0.782109
0.9806
0.970274
0.918347
0.902168
0.768178
0.966091
0.954279
0.804592
0.836689
0.914647
0.937846
0.984639
0.799854
0.899004
0.96973
0.828346
0.9389
0.854136
0.947693
0.935132
0.951606
0.876479
0.839709
0.945967
0.968707
0.908526
0.925122
0.690938
0.732928
0.957913
0.878987
0.862765
0.946929
0.588439
0.817578
0.83738
0.916444
0.922
0.910926
0.75817
0.9094
0.958075
0.875718
0.824781
0.893689
0.968525
0.862568
0.944872
0.961572
0.952252
0.950615
0.868302
0.939438
0.753324
0.974104
0.913086
0.932048
0.705885
0.917877
0.843341
0.850469
0.789063
0.879507
0.907181
0.767951
0.910903
0.805246
0.845772
0.736291
0.766542
0.813921
0.925047
0.978336
0.886375
0.98078
0.951123
0.916781
0.745122
0.978561
0.971015
0.865174
0.946983
0.855981
0.97174
0.843341
0.883314
0.817007
0.73723
0.941535
0.844093
0.975192
0.800712
0.907729
0.955234
0.887196
0.768635
0.966508
0.949444
0.822905
0.923394
0.871052
0.930477
0.95111
0.971761
0.931154
0.934467
0.842062
0.953099
0.950725
0.942327
0.940942
0.958141
0.92186
0.765796
0.901691
0.946979
0.793135
0.956861
0.966716
0.880046
0.975044
0.942209
0.729114
0.988738
0.945764
0.910146
0.836028
0.830154
0.918208
0.930618
0.797071
0.810222
0.924431
0.834264
0.938709
0.930068
0.735399
0.928905
0.79628
0.938692
0.90206
0.892219
0.959473
0.82327
0.982311
0.95111
0.918118
0.729064
0.812819
0.944807
0.931154
0.957602
0.91389
0.779627
0.908099
0.981987
0.768061
0.951822
0.875511
0.943781
0.906751
0.931855
0.952447
0.895017
0.899938
0.908571
0.854455
0.935665
0.958668
0.907549
0.917228
0.966008
0.948685
0.895283
0.945459
0.911339
0.882541
0.976862
0.850879
0.925781
0.883076
0.818525
0.83428
0.936413
0.561289
0.963884
0.561289
0.969437
0.957902
0.862304
0.975176
0.930982
0.941604
0.937633
0.87869
0.588395
0.923036
0.751942
0.74139
0.921812
0.908041
0.931416
0.902654
0.941452
0.955374
0.937099
0.951648
0.797946
0.796268
0.950593
0.857153
0.857599
0.975915
0.979007
0.962478
0.897074
0.980051
0.889533
0.982903
0.837184
0.954216
0.950024
0.963984
0.929469
0.952796
0.888181
0.913801
0.923974
0.958075
0.840039
0.962873
0.945512
0.914369
0.913083
0.966029
0.893321
0.952354
0.955998
0.909335
0.823766
0.896199
0.827378
0.981538
0.935286
0.966372
0.836527
0.951561
0.978679
0.829604
0.889938
0.951947
0.896906
0.980956
0.902006
0.902208
0.888666
0.95009
0.84879
0.921147
0.909471
0.811723
0.838892
0.787358
0.91055
0.963719
0.947713
0.861589
0.955182
0.80842
0.886684
0.97686
0.737285
0.900968
0.762238
0.987608
0.972977
0.75104
0.9223
0.907471
0.954943
0.990811
0.881103
0.961992
0.928277
0.907455
0.892153
0.930202
0.947756
0.97121
0.891635
0.960892
0.923251
0.92908
0.94497
0.78271
0.961062
0.922757
0.799258
0.85791
0.84807
0.921036
0.911255
0.770036
0.864386
0.969736
0.840521
0.983855
0.947268
0.939406
0.915889
0.941561
0.855541
0.949674
0.96964
0.825653
0.655923
0.857085
0.860151
0.93703
0.875128
0.834404
0.820217
0.903464
0.945258
0.95801
0.929327
0.85791
0.857437
0.700709
0.923106
0.808693
0.885835
0.884996
0.935292
0.945365
0.934943
0.954862
0.901792
0.977494
0.933579
0.912367
0.901439
0.903147
0.930302
0.898129
0.898376
0.873882
0.895161
0.914006
0.880418
0.886713
0.888325
0.802709
0.924187
0.953814
0.837851
0.955155
0.956223
0.954388
0.826529
0.89861
0.928469
0.901944
0.933676
0.961248
0.892212
0.923492
0.90113
0.901693
0.869727
0.947822
0.87113
0.667367
0.892799
0.930171
0.860476
0.892636
0.969552
0.956692
0.928694
0.887986
0.913203
0.952696
0.988131
0.901014
0.96134
0.910941
0.979645
0.888034
0.947468
0.95776
0.91341
0.850643
0.899267
0.690022
0.927454
0.978872
0.970958
0.882304
0.580594
0.821683
0.936377
0.955253
0.800028
0.821683
0.962639
0.913432
0.878883
0.769093
0.97255
0.957796
0.916846
0.961423
0.766542
0.963219
0.923724
0.961173
0.850383
0.950652
0.901806
0.962082
0.910941
0.840097
0.964196
0.846539
0.959706
0.697909
0.961292
0.875046
0.975541
0.899952
0.961869
0.786865
0.891953
0.978999
0.762066
0.963792
0.837935
0.719409
0.894415
0.894915
0.946091
0.931285
0.863485
0.870499
0.965033
0.968354
0.963229
0.856184
0.95904
0.963293
0.96219
0.808749
0.926071
0.731626
0.962008
0.8955
0.958122
0.965006
0.976319
0.923175
0.914646
0.88124
0.936725
0.611426
0.964325
0.916564
0.885922
0.943467
0.926857
0.924401
0.907795
0.901926
0.89001
0.98246
0.91332
0.943499
0.794628
0.797054
0.959902
0.779556
0.722153
0.938051
0.940568
0.910376
0.869987
0.992166
0.867443
0.850677
0.982628
0.929953
0.94839
0.726906
0.854929
0.958026
0.939172
0.972622
0.96339
0.970965
0.801409
0.839158
0.913483
0.966153
0.958917
0.93792
0.976014
0.894272
0.883619
0.812317
0.941406
0.950403
0.988816
0.653719
0.524454
0.909687
0.891115
0.795403
0.868689
0.783685
0.887288
0.91404
0.980713
0.886793
0.969795
0.975278
0.822083
0.782871
0.936229
0.851265
0.80997
0.724705
0.822083
0.961248
0.882821
0.935166
0.95418
0.818549
0.888331
0.851316
0.969074
0.919744
0.961352
0.944692
0.856485
0.894483
0.900039
0.94988
0.856485
0.930822
0.968867
0.812455
0.911299
0.907515
0.94021
0.822169
0.868606
0.932713
0.858153
0.966926
0.885921
0.797066
0.864905
0.756317
0.950717
0.877955
0.84322
0.957909
0.900929
0.96828
0.954734
0.962281
0.88372
0.947713
0.97233
0.882457
0.887751
0.958811
0.853934
0.954567
0.801349
0.732771
0.953379
0.982756
0.976983
0.881838
0.94981
0.969358
0.80185
0.527961
0.920293
0.783421
0.715407
0.876885
0.868603
0.884813
0.985852
0.780053
0.966426
0.85406
0.979663
0.981523
0.809012
0.939259
0.854297
0.800028
0.944127
0.902993
0.808452
0.951923
0.90614
0.897335
0.952413
0.952939
0.83819
0.985164
0.957642
0.892248
0.959887
0.85075
0.836028
0.978387
0.850062
0.956686
0.976638
0.992426
0.841648
0.8347
0.878991
0.980261
0.86327
0.86088
0.975727
0.959459
0.967196
0.896854
0.937295
0.954321
0.788947
0.744517
0.969072
0.956174
0.838192
0.88245
0.961239
0.978559
0.957664
0.917224
0.929215
0.86286
0.952874
0.81934
0.953768
0.924388
0.907349
0.876277
0.780202
0.810141
0.667926
0.955943
0.855811
0.790561
0.802012
0.775002
0.96421
0.736452
0.956596
0.905924
0.981368
0.878255
0.966786
0.966242
0.920991
0.95469
0.874161
0.973714
0.768563
0.836158
0.995887
0.956928
0.950767
0.889586
0.958491
0.945597
0.910755
0.940403
0.986225
0.972188
0.831692
0.896004
0.883295
0.907054
0.902053
0.779308
0.944303
0.879842
0.879381
0.926944
0.869708
0.984724
0.834219
0.867105
0.969208
0.977775
0.825378
0.75285
0.949542
0.844418
0.989803
0.961402
0.772935
0.965692
0.795378
0.877969
0.97041
0.965724
0.845305
0.761433
0.885288
0.943302
0.960515
0.653324
0.786368
0.969474
0.957909
0.803281
0.903751
0.977146
0.959548
0.981254
0.888026
0.951254
0.915512
0.881963
0.911949
0.954166
0.917741
0.794803
0.952492
0.70774
0.822347
0.832626
0.885791
0.927332
0.944983
0.888662
0.868498
0.869501
0.932761
0.754929
0.846475
0.942275
0.849284
0.730752
0.95271
0.925717
0.880347
0.913565
0.978373
0.94201
0.950767
0.971485
0.935753
0.929322
0.872385
0.898612
0.7471
0.953233
0.845779
0.962128
0.84847
0.883608
0.748001
0.809967
0.909494
0.781861
0.914985
0.947684
0.944016
0.951474
0.921579
0.85349
0.959403
0.853403
0.883999
0.798747
0.882941
0.898836
0.846673
0.908507
0.957284
0.930303
0.789432
0.964024
0.919924
0.943406
0.770814
0.930219
0.950654
0.746591
0.956818
0.969053
0.83304
0.956022
0.84322
0.890015
0.974757
0.744391
0.939666
0.936845
0.713676
0.879418
0.851021
0.927844
0.782279
0.858513
0.939095
0.901018
0.895147
0.921335
0.667709
0.963344
0.974665
0.937627
0.953767
0.942039
0.921941
0.865953
0.959543
0.959548
0.885863
0.922594
0.916635
0.969531
0.945844
0.793986
0.950718
0.907164
0.78654
0.80398
0.888257
0.922
0.851441
0.971506
0.809392
0.868989
0.954731
0.799736
0.983033
0.954723
0.934405
0.846987
0.970219
0.81899
0.730711
0.904469
0.884811
0.865083
0.945592
0.952099
0.586601
0.973999
0.587447
0.960889
0.953839
0.894447
0.904075
0.85527
0.953194
0.80227
0.96894
0.580959
0.891174
0.844259
0.950931
0.956205
0.878134
0.960709
0.878628
0.923766
0.94391
0.832504
0.981519
0.95494
0.812317
0.81418
0.932225
0.897939
0.882267
0.880789
0.939576
0.966785
0.966161
0.964832
0.864031
0.922039
0.802958
0.96234
0.981635
0.972747
0.775906
0.925533
0.928992
0.915796
0.922293
0.899088
0.947473
0.864856
0.783563
0.891982
0.971282
0.962128
0.940064
0.923787
0.981691
0.983431
0.909733
0.82196
0.952291
0.965724
0.816564
0.98825
0.964874
0.6508
0.919056
0.92836
0.937785
0.934538
0.86464
0.932989
0.957964
0.910766
0.988357
0.85766
0.909687
0.956009
0.939932
0.910414
0.842387
0.956457
0.786158
0.801881
0.983336
0.919148
0.987466
0.976027
0.891527
0.94679
0.990815
0.902366
0.81572
0.908142
0.922396
0.982413
0.886383
0.809879
0.904514
0.888937
0.927117
0.926582
0.980149
0.954723
0.783973
0.933895
0.948549
0.820868
0.964341
0.73834
0.937277
0.901085
0.857332
0.971731
0.839239
0.893028
0.789778
0.945655
0.748888
0.623452
0.822292
0.832616
0.836859
0.948288
0.962145
0.807456
0.924747
0.98943
0.916823
0.900342
0.93703
0.916402
0.860425
0.799176
0.981185
0.805015
0.893398
0.826496
0.878865
0.849163
0.855099
0.936555
0.807069
0.970381
0.978195
0.960503
0.94531
0.977492
0.97584
0.879261
0.911605
0.872033
0.847805
0.778105
0.948642
0.948206
0.94797
0.833166
0.95782
0.928034
0.94531
0.946624
0.792073
0.970355
0.944863
0.787348
0.750453
0.896631
0.877224
0.867863
0.821147
0.876092
0.548547
0.944985
0.949017
0.888087
0.953627
0.976385
0.892731
0.675223
0.939368
0.849009
0.88581
0.947453
0.938108
0.765968
0.967553
0.887885
0.942131
0.795886
0.781432
0.953954
0.987351
0.938824
0.96447
0.929995
0.938349
0.845803
0.935753
0.937658
0.907438
0.967765
0.842894
0.580933
0.892947
0.854501
0.808519
0.816529
0.960941
0.832765
0.910543
0.965377
0.762395
0.820528
0.796805
0.806875
0.888245
0.882135
0.902804
0.876668
0.878462
0.907408
0.748407
0.895708
0.842972
0.907875
0.917848
0.967239
0.814062
0.881519
0.924747
0.890852
0.961799
0.822491
0.859787
0.851858
0.931461
0.840755
0.786457
0.827187
0.958269
0.924898
0.964341
0.796901
0.820969
0.888825
0.973747
0.898879
0.832972
0.806802
0.923594
0.965096
0.891114
0.930968
0.969454
0.867063
0.983875
0.897803
0.863903
0.895873
0.824747
0.934103
0.935677
0.778786
0.890651
0.970887
0.902119
0.902914
0.834685
0.919672
0.762474
0.848556
0.915868
0.809947
0.967471
0.946482
0.901947
0.947295
0.897648
0.923766
0.896772
0.972852
0.960502
0.943298
0.891182
0.901983
0.95529
0.962843
0.907534
0.989992
0.910087
0.869403
0.907004
0.98336
0.935665
0.793986
0.945399
0.72051
0.943061
0.797066
0.796122
0.952291
0.892561
0.96115
0.738289
0.938177
0.887333
0.937813
0.914778
0.941356
0.894537
0.961461
0.947798
0.980141
0.889576
0.948499
0.936976
0.84066
0.911498
0.956021
0.877283
0.872587
0.901413
0.582544
0.86754
0.97748
0.809954
0.906151
0.945948
0.876181
0.85758
0.922811
0.881392
0.903116
0.843332
0.842387
0.778633
0.746756
0.811271
0.923799
0.886306
0.819648
0.745872
0.965639
0.655383
0.978041
0.8652
0.920652
0.968199
0.753182
0.972133
0.935312
0.93686
0.848782
0.819648
0.89273
0.911531
0.875569
0.955468
0.970234
0.736009
0.908411
0.870519
0.948462
0.902235
0.982761
0.963216
0.9425
0.818038
0.927771
0.678204
0.895537
0.930718
0.77023
0.928796
0.93542
0.96555
0.972923
0.881019
0.982556
0.832788
0.77432
0.911419
0.943097
0.900153
0.962685
0.694701
0.954283
0.811216
0.982475
0.905365
0.961707
0.815116
0.908118
0.842322
0.941221
0.769448
0.924343
0.950804
0.977014
0.879955
0.961795
0.961001
0.884957
0.950335
0.894437
0.951873
0.914483
0.782354
0.888193
0.880507
0.98423
0.763425
0.868268
0.874185
0.863132
0.84743
0.859176
0.969649
0.93503
0.977108
0.809967
0.855108
0.886838
0.904861
0.949304
0.911949
0.996075
0.875247
0.875247
0.928314
0.994401
0.958834
0.925762
0.967851
0.932249
0.885713
0.86714
0.956584
0.857527
0.87867
0.790189
0.864675
0.937162
0.89805
0.593156
0.748387
0.82327
0.948509
0.848287
0.835385
0.980882
0.903188
0.953462
0.940685
0.959497
0.991098
0.870522
0.863099
0.982861
0.918605
0.970734
0.857383
0.942354
0.853998
0.961807
0.848826
0.937437
0.85527
0.660802
0.876172
0.856075
0.857265
0.846605
0.840596
0.841582
0.964725
0.874111
0.938825
0.811422
0.969745
0.822133
0.850743
0.986859
0.963586
0.952412
0.885534
0.8257
0.821804
0.695201
0.910825
0.871454
0.870724
0.760116
0.983967
0.757571
0.975517
0.948888
0.806864
0.9067
0.963586
0.845697
0.955675
0.916994
0.822556
0.909149
0.893603
0.736009
0.834492
0.802025
0.96321
0.91036
0.898758
0.951035
0.862676
0.933271
0.879201
0.942679
0.787732
0.969309
0.90344
0.98736
0.926065
0.67668
0.824341
0.866268
0.83592
0.796657
0.875082
0.982185
0.726014
0.872235
0.820893
0.945431
0.930394
0.81523
0.804735
0.952735
0.908056
0.936349
0.831836
0.871936
0.844966
0.936767
0.810454
0.959165
0.909264
0.856646
0.880677
0.954545
0.806377
0.902375
0.872184
0.838042
0.94183
0.829966
0.897255
0.787839
0.926123
0.956626
0.89933
0.964491
0.933089
0.846526
0.979646
0.964253
0.921698
0.952332
0.886527
0.853403
0.789613
0.919149
0.853226
0.956948
0.970483
0.556289
0.918156
0.92841
0.887498
0.778258
0.577802
0.914893
0.96613
0.953069
0.880541
0.806272
0.977238
0.927304
0.918375
0.975445
0.919069
0.769986
0.778013
0.808166
0.942636
0.957187
0.872247
0.959488
0.869782
0.899008
0.822452
0.854291
0.942331
0.921736
0.764737
0.969099
0.940812
0.852175
0.837979
0.909849
0.953017
0.980382
0.897817
0.762698
0.827773
0.916068
0.832311
0.817939
0.789432
0.880566
0.947588
0.90137
0.827197
0.909064
0.865083
0.811827
0.985849
0.968093
0.883489
0.753105
0.943418
0.886715
0.837491
0.822994
0.939542
0.869594
0.928941
0.739329
0.891137
0.964873
0.873942
0.946988
0.982127
0.901763
0.937676
0.929987
0.854355
0.894837
0.967932
0.904414
0.951474
0.970674
0.92402
0.783563
0.904414
0.981555
0.954954
0.56833
0.943895
0.824364
0.804892
0.742317
0.983936
0.975441
0.968565
0.835043
0.942331
0.953065
0.965871
0.967841
0.885994
0.964725
0.947202
0.731079
0.978495
0.852923
0.940874
0.8267
0.811581
0.945814
0.962995
0.926906
0.911577
0.953098
0.932713
0.963976
0.985906
0.86114
0.936189
0.814377
0.971664
0.95458
0.95908
0.891303
0.79334
0.974392
0.892904
0.814377
0.902685
0.815063
0.661834
0.924745
0.850112
0.838771
0.959305
0.832476
0.811589
0.974702
0.85259
0.919346
0.887035
0.878069
0.934621
0.852175
0.857307
0.927067
0.905217
0.843447
0.908487
0.953159
0.739198
0.878312
0.96142
0.875831
0.75298
0.945645
0.964882
0.95509
0.942446
0.945717
0.850315
0.885405
0.917176
0.908286
0.921925
0.943546
0.91063
0.882825
0.921616
0.877914
0.871083
0.953788
0.972535
0.987996
0.88151
0.980692
0.972951
0.927276
0.977907
0.959497
0.963029
0.927061
0.955503
0.932466
0.915812
0.942446
0.880407
0.962744
0.918916
0.984043
0.94656
0.874339
0.922479
0.79356
0.972086
0.913771
0.909924
0.979789
0.921493
0.920558
0.911618
0.931693
0.969011
0.905193
0.751291
0.875125
0.843277
0.868719
0.810642
0.965955
0.954911
0.840095
0.924406
0.915498
0.958051
0.893523
0.732383
0.967357
0.872244
0.967682
0.885459
0.982763
0.776982
0.971605
0.962591
0.882372
0.96446
0.982156
0.982022
0.857551
0.772497
0.813486
0.909579
0.975033
0.939814
0.967767
0.946675
0.778571
0.743497
0.933331
0.881628
0.770368
0.864342
0.930737
0.828646
0.897148
0.939634
0.967918
0.869921
0.903416
0.965651
0.833088
0.879899
0.835466
0.9097
0.722832
0.877421
0.909225
0.756211
0.980634
0.795734
0.5454
0.969397
0.831912
0.911094
0.964118
0.877604
0.921039
0.892399
0.837095
0.928941
0.927669
0.778014
0.8122
0.943483
0.98109
0.813406
0.965598
0.803716
0.911456
0.70768
0.953377
0.526807
0.836
0.859306
0.880545
0.888261
0.9537
0.970761
0.807353
0.971673
0.966895
0.9048
0.891537
0.921745
0.901928
0.834425
0.766457
0.826496
0.836749
0.814112
0.834663
0.96629
0.968338
0.950561
0.898399
0.882751
0.773416
0.94063
0.855911
0.945437
0.760122
0.856327
0.967302
0.97505
0.836906
0.962006
0.828179
0.850481
0.919961
0.914293
0.807353
0.937846
0.900221
0.811829
0.550771
0.93177
0.803498
0.868622
0.925776
0.829504
0.962866
0.951613
0.934405
0.971944
0.841684
0.956397
0.955293
0.810902
0.877549
0.917257
0.859219
0.86652
0.825059
0.828346
0.92004
0.948073
0.924801
0.816964
0.971538
0.877128
0.927234
0.928086
0.92039
0.968387
0.830943
0.906208
0.925802
0.872409
0.977347
0.774954
0.967846
0.872409
0.949818
0.935022
0.895975
0.839743
0.91711
0.905428
0.942995
0.99064
0.970674
0.675027
0.923737
0.789487
0.799382
0.823169
0.857343
0.855436
0.981482
0.947489
0.968534
0.955933
0.792086
0.971482
0.852227
0.933431
0.976571
0.96793
0.881074
0.964491
0.940662
0.656476
0.954835
0.934482
0.818674
0.926157
0.970958
0.795018
0.550796
0.97486
0.895127
0.711439
0.937317
0.825697
0.798288
0.835399
0.910144
0.812492
0.974457
0.951415
0.780705
0.967952
0.741505
0.924266
0.796926
0.91056
0.758426
0.914507
0.857133
0.86107
0.851363
0.89587
0.941386
0.961206
0.864276
0.884669
0.953552
0.826089
0.927438
0.737028
0.812522
0.975311
0.804822
0.824608
0.948585
0.949671
0.807403
0.981662
0.929995
0.871703
0.871013
0.753937
0.977964
0.938466
0.980091
0.939172
0.952805
0.978696
0.885835
0.974079
0.946445
0.826783
0.772501
0.847072
0.924231
0.987455
0.845141
0.863154
0.897693
0.986772
0.859193
0.831692
0.864652
0.964499
0.948945
0.988879
0.959655
0.854193
0.827392
0.958114
0.928025
0.899601
0.940923
0.915993
0.986025
0.972747
0.897754
0.934991
0.733903
0.947841
0.840096
0.81116
0.929338
0.781952
0.943722
0.825979
0.827826
0.731847
0.903355
0.855789
0.966578
0.912918
0.937053
0.938084
0.853729
0.918819
0.914143
0.975963
0.974649
0.956744
0.925152
0.979836
0.743265
0.919477
0.919982
0.924572
0.894443
0.885509
0.802088
0.61827
0.85224
0.954043
0.915278
0.723199
0.764826
0.948566
0.846807
0.952056
0.898366
0.934661
0.927148
0.830268
0.927098
0.949272
0.929506
0.758138
0.985319
0.776992
0.84632
0.966447
0.88446
0.95898
0.92409
0.953768
0.770662
0.838081
0.890081
0.953404
0.923021
0.699704
0.620814
0.844156
0.97645
0.761705
0.978508
0.832317
0.909432
0.816311
0.940707
0.963236
0.863249
0.945341
0.983332
0.945471
0.86565
0.928985
0.904124
0.911811
0.964534
0.875594
0.767945
0.934457
0.875213
0.84498
0.875728
0.891163
0.963454
0.828266
0.899892
0.968385
0.730644
0.887539
0.954244
0.956627
0.867966
0.865574
0.958854
0.973845
0.97007
0.96786
0.952932
0.844192
0.947268
0.896049
0.906897
0.850512
0.894175
0.955804
0.945512
0.836418
0.831532
0.913432
0.95418
0.906638
0.954982
0.879533
0.553631
0.771965
0.978633
0.72386
0.77229
0.888839
0.930307
0.934083
0.918736
0.911586
0.94396
0.921092
0.873881
0.906337
0.856317
0.982568
0.940782
0.789981
0.881715
0.961487
0.950911
0.772902
0.929634
0.764713
0.833433
0.882426
0.917894
0.946756
0.989478
0.73834
0.858109
0.78766
0.928189
0.954349
0.902349
0.842218
0.970041
0.970948
0.774601
0.788655
0.884752
0.875536
0.884261
0.781068
0.969712
0.948534
0.913718
0.849253
0.939891
0.936377
0.964874
0.949011
0.771521
0.846153
0.958734
0.943048
0.850229
0.724975
0.541346
0.923112
0.783714
0.939778
0.822887
0.953011
0.832868
0.897512
0.807161
0.803414
0.888839
0.958592
0.90711
0.88155
0.675027
0.728787
0.819141
0.825894
0.833225
0.918301
0.940772
0.882841
0.724293
0.941299
0.88726
0.876206
0.956076
0.978658
0.965009
0.813924
0.764963
0.962593
0.867321
0.839631
0.847734
0.962008
0.960892
0.935644
0.9535
0.960556
0.927332
0.895007
0.875235
0.926874
0.960434
0.869478
0.972533
0.916462
0.932214
0.899202
0.808474
0.880823
0.773453
0.876342
0.7941
0.828456
0.945046
0.943061
0.826283
0.959678
0.866736
0.839702
0.915548
0.806625
0.972846
0.961078
0.973529
0.939381
0.906081
0.952702
0.829539
0.796657
0.794158
0.909559
0.884525
0.808397
0.938119
0.91867
0.808981
0.948534
0.85985
0.821655
0.864304
0.944742
0.784093
0.960417
0.932989
0.941729
0.822256
0.817217
0.855817
0.98836
0.879593
0.712876
0.956618
0.510848
0.963919
0.70859
0.947089
0.913492
0.958249
0.844135
0.940059
0.907618
0.825043
0.873256
0.921536
0.790101
0.896097
0.902585
0.810395
0.923967
0.928702
0.910714
0.948838
0.849124
0.921781
0.962835
0.948246
0.83266
0.828716
0.897426
0.886254
0.951873
0.969856
0.903338
0.925273
0.956926
0.908437
0.938384
0.958138
0.982628
0.904063
0.943988
0.901085
0.920809
0.984639
0.985679
0.98374
0.958235
0.866838
0.722113
0.97487
0.847923
0.739068
0.914953
0.747701
0.954494
0.728529
0.832124
0.753076
0.90946
0.886716
0.965905
0.884925
0.946366
0.968972
0.97714
0.923445
0.806787
0.938223
0.82054
0.842245
0.891115
0.858624
0.931185
0.959581
0.854786
0.802025
0.939374
0.937873
0.887138
0.956019
0.921401
0.879259
0.855549
0.846681
0.956601
0.877788
0.921148
0.816287
0.907034
0.946698
0.825833
0.952953
0.724161
0.819864
0.805041
0.825833
0.916403
0.68289
0.824903
0.94023
0.773462
0.905175
0.856583
0.953404
0.961572
0.839029
0.915266
0.924037
0.636966
0.946289
0.817978
0.736278
0.754866
0.908625
0.81604
0.970667
0.923917
0.902173
0.943809
0.81604
0.868052
0.745322
0.969705
0.925045
0.855811
0.933695
0.983203
0.951903
0.933939
0.990836
0.884694
0.937872
0.975434
0.850869
0.92175
0.860661
0.979131
0.972073
0.880227
0.954527
0.782413
0.844375
0.78774
0.764567
0.91867
0.946728
0.861898
0.916331
0.916214
0.957252
0.833983
0.855541
0.60318
0.82959
0.948888
0.722181
0.759736
0.88581
0.957862
0.869387
0.859
0.955254
0.663541
0.816825
0.857332
0.927819
0.933538
0.82959
0.907094
0.835939
0.959717
0.881811
0.72456
0.972294
0.848952
0.693925
0.825894
0.960824
0.941001
0.943773
0.765438
0.945094
0.770907
0.967819
0.855466
0.964905
0.940506
0.854651
0.991288
0.882568
0.789952
0.927492
0.797082
0.942033
0.965797
0.842002
0.88055
0.821491
0.85968
0.749987
0.82063
0.980929
0.980105
0.958561
0.867028
0.922857
0.879014
0.89131
0.911705
0.908142
0.9373
0.925425
0.946245
0.816717
0.951788
0.836604
0.725305
0.809336
0.954901
0.825752
0.879228
0.885807
0.845251
0.713528
0.728494
0.971431
0.839581
0.931622
0.904428
0.924576
0.911747
0.949255
0.78703
0.917844
0.94384
0.94924
0.70686
0.938107
0.858667
0.94449
0.927565
0.726726
0.771879
0.780363
0.890627
0.842912
0.951195
0.940247
0.95456
0.949591
0.980837
0.897106
0.881497
0.656476
0.737798
0.894437
0.888593
0.704386
0.894631
0.987166
0.882899
0.882202
0.956755
0.956565
0.889009
0.934067
0.929773
0.850637
0.883638
0.952326
0.869619
0.784165
0.773537
0.730547
0.954457
0.919396
0.867277
0.964093
0.906969
0.845599
0.954494
0.838376
0.837486
0.963565
0.957945
0.938913
0.74698
0.880704
0.899242
0.933328
0.868661
0.964362
0.973099
0.943969
0.855558
0.907282
0.762084
0.950939
0.940761
0.855407
0.904527
0.832718
0.915101
0.972341
0.910624
0.891448
0.908449
0.96653
0.953784
0.789653
0.900856
0.976106
0.946491
0.965875
0.781042
0.873518
0.768221
0.772146
0.924635
0.792086
0.96561
0.786838
0.89631
0.732227
0.888687
0.848743
0.935753
0.917529
0.871097
0.882426
0.908369
0.880855
0.977886
0.880879
0.872715
0.878655
0.941304
0.982331
0.846287
0.945892
0.795358
0.851441
0.831897
0.837397
0.937925
0.898325
0.921451
0.929455
0.95531
0.956168
0.957188
0.982794
0.919578
0.577135
0.950707
0.966556
0.815229
0.937372
0.947448
0.860046
0.955435
0.94311
0.877818
0.871629
0.748332
0.715994
0.924574
0.822967
0.958445
0.951556
0.98113
0.825352
0.884062
0.936995
0.938756
0.886596
0.827238
0.922149
0.941013
0.827238
0.774956
0.807224
0.939839
0.928707
0.828739
0.807224
0.945512
0.710516
0.932493
0.848457
0.808288
0.860476
0.980989
0.811173
0.817047
0.994151
0.909337
0.971325
0.981454
0.870639
0.938194
0.920162
0.90435
0.938515
0.964757
0.908286
0.880162
0.791042
0.8458
0.980592
0.955702
0.896018
0.895945
0.907618
0.96521
0.983535
0.940922
0.961625
0.833611
0.853451
0.985462
0.918861
0.921674
0.772802
0.985397
0.9589
0.901651
0.923326
0.914766
0.83938
0.949305
0.942623
0.800668
0.925078
0.816321
0.941452
0.925873
0.964198
0.898217
0.928033
0.857248
0.982425
0.958002
0.833934
0.948495
0.959509
0.925499
0.843001
0.970269
0.963344
0.823818
0.943969
0.762721
0.879233
0.940688
0.873846
0.917668
0.937144
0.973375
0.700552
0.896588
0.885782
0.989078
0.846484
0.949456
0.782877
0.912972
0.882096
0.909643
0.96684
0.954058
0.951693
0.906902
0.949787
0.839095
0.881934
0.949241
0.967396
0.96633
0.795925
0.904549
0.816029
0.907499
0.873861
0.736534
0.823698
0.965517
0.941866
0.922479
0.937353
0.852223
0.948879
0.964834
0.826006
0.92436
0.960378
0.965472
0.825434
0.936021
0.924932
0.817978
0.825434
0.921536
0.882497
0.949854
0.674798
0.83713
0.947085
0.852301
0.984627
0.94531
0.869588
0.951175
0.978083
0.894623
0.971721
0.87964
0.970008
0.740395
0.882568
0.826749
0.875003
0.891347
0.951832
0.958426
0.966375
0.980866
0.937862
0.952605
0.964185
0.941788
0.972938
0.834712
0.944463
0.973273
0.865138
0.96439
0.968393
0.832609
0.885106
0.771268
0.937096
0.857467
0.824582
0.715575
0.885535
0.89195
0.939388
0.730543
0.951344
0.974681
0.874071
0.967144
0.754327
0.93801
0.960709
0.962814
0.939847
0.91722
0.758587
0.914285
0.960678
0.969834
0.912283
0.977083
0.938825
0.818241
0.873583
0.962065
0.908771
0.820042
0.818241
0.973271
0.935739
0.865188
0.844697
0.930141
0.985247
0.923014
0.952201
0.764378
0.973215
0.874157
0.779602
0.868291
0.956744
0.918113
0.892393
0.542675
0.866415
0.934514
0.891635
0.948846
0.981164
0.918351
0.908329
0.917653
0.93927
0.924491
0.875921
0.841059
0.878432
0.813528
0.945367
0.924037
0.930111
0.874716
0.90206
0.914906
0.908487
0.710544
0.823372
0.937867
0.938515
0.941628
0.994942
0.916285
0.961706
0.949818
0.919578
0.916374
0.851955
0.96347
0.92601
0.727569
0.780454
0.953552
0.913692
0.885247
0.845188
0.849156
0.925264
0.951638
0.848685
0.937032
0.777518
0.900456
0.918517
0.848804
0.730874
0.967661
0.968356
0.900507
0.977812
0.860314
0.968565
0.913793
0.89873
0.879247
0.936824
0.977335
0.706814
0.881724
0.871374
0.680234
0.848325
0.913128
0.955343
0.901983
0.958265
0.921181
0.873124
0.948809
0.914325
0.949369
0.555268
0.841026
0.913332
0.744154
0.879637
0.90809
0.836527
0.713977
0.982417
0.90141
0.980334
0.981669
0.885934
0.904984
0.910624
0.973211
0.85442
0.671654
0.949591
0.780965
0.975097
0.900233
0.909428
0.877219
0.884371
0.888578
0.915455
0.880205
0.888726
0.923045
0.8174
0.969795
0.953928
0.912775
0.932444
0.965314
0.90147
0.966062
0.920622
0.941166
0.893372
0.988005
0.971269
0.947865
0.969616
0.971618
0.959229
0.70753
0.936892
0.732106
0.810492
0.955583
0.92436
0.953252
0.730547
0.971426
0.781224
0.790156
0.974982
0.896405
0.908137
0.886609
0.719483
0.851103
0.909326
0.960516
0.894205
0.768385
0.926677
0.895862
0.938466
0.981257
0.972133
0.969531
0.953215
0.943802
0.928532
0.879527
0.924315
0.948675
0.982193
0.974708
0.758068
0.944628
0.78483
0.785434
0.830907
0.790656
0.966089
0.910958
0.958659
0.926326
0.886985
0.847593
0.898357
0.863282
0.927849
0.937661
0.8404
0.891544
0.80579
0.936007
0.984043
0.706766
0.78483
0.918004
0.77949
0.923347
0.937111
0.929915
0.966102
0.969029
0.94802
0.90326
0.693925
0.958596
0.919224
0.912283
0.883893
0.829876
0.965329
0.909689
0.934338
0.844541
0.940507
0.960656
0.92179
0.934674
0.953854
0.761743
0.966215
0.918471
0.908862
0.921914
0.933716
0.92651
0.93367
0.923865
0.880541
0.772944
0.770797
0.817006
0.8835
0.775925
0.836569
0.966519
0.817006
0.821491
0.892871
0.902103
0.978626
0.94566
0.928516
0.896532
0.980486
0.790301
0.942399
0.981508
0.893411
0.943577
0.888726
0.971764
0.961172
0.982108
0.945662
0.860421
0.906495
0.841883
0.871814
0.933194
0.834118
0.97855
0.964575
0.810745
0.804123
0.942701
0.896179
0.933432
0.78703
0.972589
0.957605
0.737336
0.970321
0.593156
0.932143
0.966333
0.982108
0.896405
0.967205
0.927822
0.974486
0.877856
0.949733
0.912354
0.971902
0.960663
0.920646
0.9556
0.59688
0.921698
0.874541
0.838376
0.969215
0.885172
0.938084
0.909454
0.927822
0.935997
0.880205
0.86577
0.976217
0.859253
0.929462
0.983808
0.846712
0.925963
0.955422
0.841106
0.757428
0.902349
0.959909
0.937933
0.95795
0.8917
0.714763
0.913846
0.926772
0.909991
0.974769
0.758352
0.926242
0.972953
0.907042
0.970881
0.722443
0.926398
0.922842
0.855872
0.955286
0.838587
0.953674
0.933194
0.985217
0.965938
0.870223
0.909845
0.826856
0.800911
0.759754
0.848076
0.965132
0.946092
0.94916
0.943773
0.944773
0.908626
0.847823
0.78611
0.944081
0.935312
0.848271
0.944638
0.926591
0.885284
0.89806
0.895784
0.962778
0.924458
0.746568
0.935739
0.912957
0.981538
0.958374
0.939691
0.985906
0.973601
0.944462
0.63775
0.861514
0.987351
0.913147
0.922309
0.958733
0.855512
0.940762
0.858334
0.901515
0.959426
0.955786
0.845279
0.930786
0.990526
0.947258
0.913713
0.887379
0.914699
0.839589
0.884908
0.929131
0.841477
0.965594
0.884619
0.934947
0.763399
0.611967
0.535413
0.957277
0.840195
0.965875
0.878839
0.928026
0.927346
0.862927
0.951415
0.861876
0.970965
0.697382
0.986884
0.873921
0.537242
0.947235
0.719821
0.945094
0.939878
0.878512
0.873276
0.942366
0.909033
0.869677
0.916133
0.96029
0.863914
0.841623
0.833215
0.852926
0.995919
0.841022
0.94657
0.882805
0.923737
0.971103
0.941246
0.827205
0.799383
0.883545
0.964795
0.733337
0.914456
0.979154
0.952245
0.952609
0.931685
0.9243
0.973262
0.799008
0.923426
0.862025
0.886726
0.941457
0.926577
0.99015
0.701612
0.758565
0.96864
0.962352
0.828451
0.915816
0.908897
0.924888
0.890094
0.924934
0.972294
0.966944
0.975728
0.919813
0.938268
0.950392
0.967483
0.908294
0.813537
0.888068
0.871697
0.964838
0.913397
0.711376
0.876889
0.983258
0.89402
0.820726
0.955851
0.987506
0.946245
0.953379
0.972351
0.974319
0.908115
0.776897
0.850033
0.72625
0.884862
0.920591
0.855966
0.925693
0.887241
0.959296
0.934276
0.933798
0.954283
0.908463
0.969102
0.897954
0.923426
0.77264
0.784759
0.937974
0.971643
0.960086
0.978764
0.867868
0.522088
0.948578
0.786492
0.869211
0.526412
0.837372
0.973212
0.910031
0.796022
0.95116
0.951244
0.910411
0.885919
0.882309
0.948145
0.876979
0.896588
0.956019
0.701256
0.828082
0.850597
0.892561
0.923967
0.952909
0.975495
0.846689
0.91529
0.910743
0.906414
0.911403
0.877153
0.773054
0.94685
0.870576
0.526807
0.969315
0.851018
0.834401
0.87858
0.860722
0.905746
0.909389
0.925654
0.834845
0.909624
0.79762
0.79719
0.973073
0.96985
0.781071
0.795358
0.949941
0.827681
0.949332
0.835343
0.900592
0.957536
0.887241
0.782212
0.912727
0.878649
0.869211
0.89064
0.936155
0.829575
0.878114
0.910961
0.936011
0.737798
0.815553
0.965178
0.699909
0.922429
0.957755
0.700969
0.729154
0.887613
0.730242
0.952656
0.864541
0.804023
0.882896
0.929341
0.915636
0.918625
0.953217
0.803152
0.962873
0.875034
0.816324
0.898357
0.895144
0.865461
0.973303
0.917578
0.91866
0.865031
0.981765
0.937826
0.946091
0.953396
0.920453
0.935587
0.958
0.900886
0.784981
0.92175
0.97906
0.978188
0.950851
0.949163
0.72653
0.972589
0.76368
0.93538
0.9476
0.784562
0.828734
0.976341
0.95051
0.912182
0.795006
0.906337
0.904003
0.94949
0.85265
0.920108
0.534154
0.978226
0.95831
0.863903
0.936776
0.95606
0.844736
0.825419
0.920069
0.952642
0.769753
0.888279
0.875398
0.852596
0.938025
0.846705
0.932189
0.886534
0.701571
0.830959
0.941565
0.828047
0.970627
0.953921
0.896927
0.82494
0.974499
0.835691
0.926861
0.873469
0.835128
0.871858
0.937133
0.846307
0.753958
0.99123
0.919761
0.94657
0.954595
0.923955
0.97308
0.931616
0.920647
0.87144
0.836091
0.895086
0.760765
0.944479
0.871212
0.871486
0.878956
0.814131
0.907489
0.942456
0.945745
0.977726
0.953488
0.88678
0.943424
0.969379
0.888527
0.841022
0.764773
0.989624
0.935627
0.895574
0.888035
0.980066
0.920048
0.924229
0.951781
0.963853
0.917742
0.955681
0.964421
0.934217
0.984885
0.858292
0.887149
0.933209
0.855867
0.861725
0.95964
0.916088
0.936357
0.931616
0.832696
0.944081
0.87144
0.743034
0.716658
0.878187
0.917364
0.921435
0.844312
0.920741
0.966091
0.973566
0.714763
0.867538
0.872453
0.759258
0.963048
0.914488
0.911522
0.840071
0.911772
0.934002
0.858298
0.916322
0.93103
0.883406
0.577786
0.982886
0.749091
0.93265
0.920878
0.955133
0.842198
0.9578
0.826314
0.911955
0.760765
0.989747
0.958569
0.929915
0.909018
0.933889
0.848499
0.979721
0.700268
0.832278
0.845069
0.736831
0.872425
0.954046
0.941321
0.973073
0.965482
0.868498
0.893679
0.777356
0.818082
0.875073
0.793947
0.934462
0.930855
0.870229
0.811147
0.9048
0.968888
0.779816
0.965399
0.808132
0.880541
0.887917
0.929164
0.993052
0.930068
0.914412
0.79748
0.680945
0.916467
0.951515
0.96521
0.930472
0.773186
0.928856
0.931805
0.930952
0.854223
0.919292
0.971478
0.931638
0.831907
0.940719
0.94788
0.736879
0.953488
0.946358
0.979116
0.972496
0.97071
0.947109
0.965244
0.694182
0.934276
0.729275
0.888258
0.958292
0.919414
0.982044
0.932412
0.705589
0.890412
0.935833
0.836796
0.84287
0.818789
0.760199
0.832948
0.94116
0.961006
0.85688
0.863667
0.942031
0.928722
0.935664
0.968888
0.908771
0.84298
0.940672
0.943386
0.86231
0.904469
0.677962
0.966986
0.694523
0.833769
0.918118
0.937246
0.961706
0.986204
0.94537
0.568206
0.974005
0.878795
0.873666
0.920622
0.99515
0.79748
0.932526
0.848556
0.836445
0.906867
0.730363
0.947888
0.848756
0.937553
0.802325
0.940726
0.874774
0.85595
0.916781
0.974313
0.781165
0.963662
0.835931
0.9839
0.861649
0.957039
0.937363
0.795738
0.912896
0.952446
0.67143
0.843035
0.922793
0.954087
0.949406
0.952567
0.980093
0.881728
0.864972
0.985154
0.979234
0.904527
0.929747
0.953446
0.953847
0.881823
0.869107
0.988943
0.924204
0.96883
0.88788
0.954902
0.710469
0.955566
0.888097
0.960813
0.958719
0.920855
0.964563
0.779351
0.88716
0.780095
0.928481
0.85391
0.9809
0.977172
0.971401
0.836251
0.953788
0.925198
0.970757
0.978553
0.718671
0.931926
0.882466
0.935271
0.92998
0.928975
0.876689
0.912896
0.953174
0.957377
0.958275
0.950652
0.954146
0.867895
0.924091
0.869136
0.949023
0.910236
0.935923
0.963289
0.874492
0.703681
0.841651
0.978171
0.957479
0.947253
0.759282
0.8252
0.957859
0.898657
0.939095
0.985372
0.981194
0.951593
0.803966
0.958719
0.967378
0.889337
0.930865
0.954727
0.911019
0.733363
0.989484
0.65646
0.891372
0.857112
0.817802
0.930829
0.864039
0.915796
0.92921
0.836602
0.943411
0.798755
0.778105
0.800413
0.962468
0.888035
0.975404
0.853716
0.904335
0.979154
0.973952
0.493533
0.91443
0.953251
0.87869
0.933972
0.845021
0.933033
0.929505
0.931412
0.729791
0.924091
0.892014
0.890327
0.967688
0.850401
0.757034
0.798064
0.847049
0.914638
0.916862
0.932571
0.932523
0.917364
0.783499
0.994856
0.934217
0.985429
0.910959
0.985064
0.676177
0.989623
0.899716
0.818178
0.981255
0.953691
0.954216
0.908002
0.929505
0.964403
0.894915
0.941729
0.901412
0.760404
0.931852
0.772018
0.956301
0.915104
0.960063
0.916846
0.938026
0.931575
0.907818
0.991233
0.839709
0.916697
0.968949
0.836142
0.970121
0.981134
0.878461
0.943212
0.939144
0.909237
0.867535
0.978923
0.968887
0.928421
0.797197
0.955193
0.886365
0.885306
0.952861
0.931453
0.92947
0.972611
0.826112
0.962721
0.837231
0.986359
0.906026
0.983582
0.884132
0.80116
0.82952
0.80062
0.865772
0.856671
0.774031
0.933901
0.945166
0.941617
0.774577
0.967754
0.974371
0.954146
0.8755
0.814175
0.990401
0.833006
0.904674
0.876265
0.945086
0.952061
0.89588
0.928941
0.954146
0.880941
0.955079
0.94866
0.984898
0.958314
0.83823
0.888581
0.973362
0.955788
0.964196
0.964096
0.908972
0.814739
0.921456
0.965399
0.958882
0.940463
0.92825
0.941643
0.914774
0.901655
0.743655
0.800519
0.972159
0.956952
0.915705
0.828215
0.897894
0.934943
0.954656
0.9721
0.982869
0.850359
0.920575
0.925654
0.898065
0.948588
0.948429
0.841702
0.850505
0.965074
0.971089
0.953914
0.97233
0.96549
0.969268
0.951441
0.938252
0.927509
0.853854
0.929624
0.73008
0.948045
0.975174
0.960076
0.863039
0.96581
0.694221
0.906621
0.928818
0.981033
0.90502
0.952199
0.794515
0.895368
0.968207
0.754965
0.794802
0.857747
0.955681
0.908134
0.955044
0.937771
0.904003
0.953174
0.717904
0.972846
0.868434
0.770689
0.961062
0.835841
0.971008
0.951642
0.926847
0.936182
0.933061
0.786763
0.774521
0.96046
0.986596
0.938542
0.90513
0.916829
0.716746
0.859219
0.979691
0.829156
0.917965
0.740395
0.806377
0.978324
0.952211
0.810524
0.954212
0.885478
0.884823
0.955591
0.966257
0.969531
0.944268
0.989427
0.938274
0.879888
0.970218
0.925624
0.976825
0.842188
0.967947
0.947684
0.906531
0.857353
0.67458
0.97073
0.735494
0.977726
0.7434
0.96046
0.936725
0.835466
0.913061
0.875319
0.964936
0.988672
0.810001
0.975671
0.950013
0.979276
0.917855
0.969531
0.799854
0.919404
0.949142
0.938169
0.98695
0.921762
0.95672
0.860908
0.48695
0.963394
0.861267
0.851192
0.908767
0.834504
0.884585
0.953822
0.961039
0.869975
0.97239
0.848243
0.992859
0.968553
0.934632
0.962369
0.871622
0.828296
0.969017
0.874018
0.924239
0.989478
0.853706
0.936769
0.922016
0.953233
0.951604
0.911457
0.880789
0.941212
0.930425
0.949941
0.837937
0.958128
0.935105
0.797622
0.940851
0.814915
0.834139
0.955293
0.824413
0.963187
0.974336
0.944132
0.921613
0.851943
0.969547
0.972913
0.928294
0.942159
0.799375
0.915447
0.928268
0.931155
0.762858
0.949498
0.807229
0.932121
0.975696
0.8546
0.939715
0.908197
0.980345
0.807282
0.838396
0.683238
0.935283
0.974176
0.881963
0.875438
0.976962
0.834126
0.702003
0.970288
0.75951
0.97437
0.844124
0.942717
0.929248
0.961337
0.780909
0.781609
0.773378
0.860045
0.986314
0.82765
0.950966
0.940633
0.929102
0.891448
0.934725
0.828012
0.981439
0.735667
0.950904
0.933751
0.751048
0.887652
0.781224
0.988287
0.950565
0.967951
0.967139
0.787992
0.988514
0.763092
0.893976
0.743837
0.964431
0.839218
0.922949
0.925773
0.8644
0.958512
0.935271
0.866315
0.842984
0.843237
0.79628
0.941409
0.922099
0.990036
0.953865
0.897302
0.96968
0.967024
0.949626
0.95943
0.923528
0.962277
0.636966
0.917855
0.973197
0.958913
0.727585
0.976751
0.941727
0.853997
0.829754
0.82952
0.973585
0.904558
0.943247
0.96963
0.845305
0.951033
0.895147
0.890747
0.917062
0.971935
0.782354
0.985586
0.983111
0.962958
0.968657
0.851275
0.827177
0.715575
0.948772
0.98551
0.799664
0.971036
0.728247
0.974708
0.938768
0.893698
0.912727
0.930829
0.856704
0.968919
0.787671
0.95385
0.950214
0.981842
0.970157
0.671001
0.985317
0.922011
0.925819
0.984531
0.972703
0.922492
0.852697
0.816355
0.900302
0.946858
0.942246
0.878141
0.970423
0.938773
0.841976
0.867023
0.861069
0.916056
0.733562
0.919281
0.945083
0.952329
0.900058
0.807615
0.871118
0.63532
0.778741
0.871069
0.964266
0.948953
0.855407
0.863982
0.965624
0.953774
0.937849
0.904469
0.931726
0.944849
0.951123
0.869948
0.954301
0.806245
0.900507
0.800911
0.922153
0.911632
0.846912
0.879205
0.892843
0.964346
0.735494
0.959714
0.941784
0.992447
0.869754
0.761718
0.787358
0.956702
0.868202
0.968079
0.837811
0.946698
0.954919
0.976642
0.961906
0.964952
0.814336
0.877577
0.964325
0.96115
0.985982
0.988915
0.874488
0.75128
0.926927
0.881703
0.963336
0.923517
0.885574
0.860417
0.973746
0.922295
0.961838
0.978117
0.976027
0.94521
0.995297
0.95757
0.9696
0.96903
0.942808
0.868033
0.740115
0.902188
0.977377
0.960663
0.962501
0.877538
0.672106
0.955706
0.886159
0.934786
0.83416
0.937933
0.960793
0.811522
0.957035
0.891088
0.808414
0.695172
0.778428
0.963247
0.854557
0.951646
0.841584
0.752103
0.989123
0.97529
0.830504
0.860285
0.914352
0.95337
0.942672
0.94381
0.97283
0.948486
0.908745
0.952358
0.781145
0.903543
0.787732
0.963219
0.939364
0.976008
0.878661
0.850262
0.957363
0.750245
0.944652
0.954337
0.966908
0.967372
0.932032
0.848886
0.883298
0.813458
0.878562
0.75128
0.961552
0.934432
0.975435
0.965651
0.972419
0.877785
0.944765
0.842337
0.858832
0.864009
0.954324
0.920364
0.966458
0.986029
0.868497
0.978787
0.941465
0.93201
0.960475
0.965547
0.758853
0.940149
0.764931
0.774414
0.970013
0.870798
0.967425
0.878308
0.868273
0.891208
0.816954
0.831425
0.953578
0.882841
0.99431
0.934301
0.923067
0.933223
0.971841
0.94127
0.906019
0.63775
0.827972
0.925586
0.92685
0.953592
0.946881
0.767809
0.951809
0.935433
0.936155
0.906406
0.819978
0.941485
0.925873
0.794374
0.988672
0.934904
0.979823
0.989521
0.775734
0.969443
0.857388
0.974698
0.941502
0.885332
0.991169
0.926863
0.935714
0.905573
0.933574
0.933953
0.954131
0.925486
0.938108
0.89443
0.756767
0.935166
0.968514
0.935973
0.943212
0.933022
0.880272
0.849216
0.923517
0.79762
0.93927
0.898065
0.936086
0.862052
0.969407
0.910499
0.753922
0.772818
0.895873
0.873389
0.882919
0.849436
0.68087
0.914646
0.765739
0.87934
0.983757
0.927148
0.891019
0.930016
0.969261
0.916313
0.95487
0.955788
0.95774
0.9661
0.965897
0.925576
0.928928
0.802651
0.866928
0.864401
0.946796
0.992875
0.836369
0.987593
0.84871
0.888312
0.82079
0.927443
0.963696
0.949338
0.654209
0.972378
0.949084
0.952019
0.897168
0.847187
0.955669
0.976642
0.86999
0.922522
0.960739
0.95315
0.884525
0.979085
0.898312
0.892178
0.963469
0.858334
0.906717
0.962749
0.96684
0.916821
0.932151
0.852504
0.943449
0.950388
0.884613
0.939996
0.852132
0.92401
0.965912
0.840357
0.930516
0.842938
0.860417
0.911715
0.919671
0.958228
0.87778
0.954676
0.969888
0.816529
0.9506
0.986895
0.956912
0.949559
0.971502
0.858613
0.932526
0.769889
0.941845
0.79983
0.8762
0.790423
0.895537
0.907497
0.988539
0.959035
0.931914
0.675216
0.866003
0.901442
0.800064
0.929054
0.949084
0.861638
0.973261
0.837976
0.837436
0.958801
0.958199
0.965881
0.874012
0.93781
0.981237
0.964834
0.985682
0.883475
0.982449
0.877639
0.97434
0.938968
0.857332
0.994045
0.774794
0.889082
0.914685
0.658263
0.918991
0.971707
0.807286
0.94104
0.900995
0.985914
0.932653
0.9813
0.659916
0.954915
0.860494
0.9507
0.904188
0.981807
0.947422
0.853679
0.932161
0.858384
0.87964
0.918375
0.837898
0.984971
0.793947
0.946604
0.821435
0.787471
0.931278
0.877273
0.934445
0.969824
0.926183
0.761894
0.978787
0.857549
0.958597
0.802541
0.848704
0.553491
0.917062
0.921745
0.849167
0.934971
0.960672
0.989126
0.838214
0.754292
0.955713
0.779246
0.627959
0.869046
0.949498
0.943014
0.815214
0.949128
0.885288
0.858598
0.965723
0.949834
0.975388
0.971185
0.926751
0.85261
0.974778
0.949445
0.955944
0.969416
0.85571
0.667251
0.898814
0.724108
0.930679
0.936424
0.945764
0.966291
0.95841
0.964614
0.967674
0.74894
0.959232
0.896441
0.98345
0.917105
0.901332
0.888511
0.978935
0.971551
0.984072
0.917393
0.722066
0.959803
0.956903
0.970713
0.987566
0.950383
0.938709
0.964886
0.738455
0.982296
0.811774
0.955954
0.886838
0.886039
0.978505
0.957758
0.91776
0.983165
0.793665
0.981649
0.937867
0.70603
0.96321
0.964332
0.967396
0.976785
0.773569
0.977679
0.904615
0.879102
0.901178
0.869849
0.775734
0.742823
0.977764
0.97173
0.98749
0.952155
0.943724
0.92013
0.990074
0.824135
0.926081
0.858059
0.870193
0.967183
0.731301
0.792476
0.980687
0.772857
0.759698
0.838442
0.978603
0.969115
0.864817
0.952735
0.862098
0.955601
0.96109
0.991988
0.834845
0.897819
0.933269
0.965992
0.934617
0.829752
0.736002
0.925101
0.991208
0.957603
0.941166
0.978972
0.854638
0.95337
0.95679
0.871034
0.873265
0.684021
0.981615
0.958443
0.920413
0.915975
0.905995
0.964259
0.818471
0.812972
0.955727
0.876581
0.878172
0.975064
0.945534
0.942703
0.966159
0.982584
0.74477
0.957187
0.857227
0.963273
0.826681
0.971841
0.921569
0.723199
0.817495
0.963229
0.930725
0.832787
0.940081
0.930229
0.935587
0.853489
0.885478
0.959274
0.973641
0.975837
0.925268
0.978836
0.906005
0.853959
0.938629
0.867572
0.980634
0.705777
0.689249
0.971707
0.9598
0.890394
0.868213
0.966102
0.730358
0.977027
0.95825
0.882536
0.836534
0.918724
0.903146
0.953515
0.953159
0.882332
0.58987
0.940357
0.80701
0.53624
0.967512
0.857511
0.953538
0.916586
0.816442
0.985296
0.928033
0.878881
0.961022
0.982231
0.982296
0.772857
0.974539
0.978469
0.962639
0.97056
0.961879
0.959462
0.808981
0.698545
0.786763
0.861531
0.858201
0.978001
0.895007
0.985155
0.697647
0.959459
0.915959
0.877818
0.949821
0.953355
0.65314
0.858728
0.912074
0.990836
0.986415
0.928057
0.799522
0.956755
0.948957
0.925049
0.843801
0.812972
0.931867
0.913994
0.946751
0.593851
0.981376
0.936795
0.934012
0.882899
0.977914
0.955198
0.88705
0.845967
0.964096
0.967662
0.829799
0.695819
0.947026
0.82164
0.963556
0.95831
0.964504
0.964271
0.986443
0.742699
0.949787
0.770924
0.924635
0.979259
0.936886
0.873276
0.937227
0.801885
0.885735
0.869263
0.671714
0.826203
0.799024
0.972287
0.958992
0.835331
0.938072
0.925448
0.962744
0.974075
0.908482
0.857263
0.760658
0.85347
0.853934
0.870719
0.897506
0.911038
0.857687
0.981648
0.93279
0.799383
0.908531
0.976273
0.658852
0.985679
0.875016
0.938653
0.925646
0.685146
0.841571
0.891408
0.88309
0.86448
0.924632
0.974922
0.968872
0.980559
0.870983
0.927999
0.956249
0.892904
0.834264
0.94558
0.866988
0.978606
0.844093
0.854456
0.87665
0.957581
0.926567
0.926371
0.854236
0.83686
0.961267
0.943666
0.802237
0.790469
0.971804
0.934012
0.980101
0.843084
0.977601
0.927046
0.928007
0.929922
0.932655
0.945854
0.887412
0.768132
0.790592
0.947761
0.983224
0.97474
0.980743
0.795822
0.978091
0.911266
0.861055
0.890056
0.93338
0.708643
0.807951
0.983988
0.936681
0.874307
0.847948
0.961097
0.946794
0.965472
0.951904
0.871174
0.957561
0.972627
0.978872
0.974013
0.610819
0.956996
0.937218
0.885372
0.928007
0.87134
0.993181
0.840421
0.899202
0.682787
0.893609
0.90775
0.964492
0.963797
0.935556
0.963236
0.942783
0.858456
0.656176
0.832245
0.862324
0.976777
0.981286
0.932437
0.919416
0.888774
0.97458
0.959116
0.836749
0.888651
0.93895
0.94788
0.988392
0.89628
0.941129
0.841115
0.914772
0.947298
0.939103
0.980477
0.987498
0.974897
0.963438
0.742826
0.975976
0.976077
0.925688
0.828179
0.861446
0.892219
0.86406
0.928664
0.85007
0.697547
0.850143
0.932452
0.936775
0.701091
0.954351
0.886634
0.938911
0.854362
0.963145
0.768436
0.988085
0.891561
0.870903
0.86202
0.855907
0.922697
0.908625
0.97071
0.718715
0.956428
0.981869
0.918994
0.934832
0.95943
0.941949
0.944751
0.829504
0.936644
0.982187
0.947481
0.967682
0.851295
0.701432
0.723368
0.876502
0.972663
0.931612
0.930889
0.974526
0.880173
0.865608
0.93824
0.940797
0.883167
0.926488
0.969393
0.865884
0.967221
0.888774
0.897648
0.925726
0.934742
0.927046
0.927954
0.741377
0.958315
0.896315
0.71686
0.924616
0.866806
0.977601
0.951459
0.911038
0.803908
0.969533
0.974914
0.949372
0.899685
0.973747
0.92632
0.836797
0.947716
0.774493
0.97781
0.84183
0.870032
0.922632
0.92663
0.991453
0.967661
0.941862
0.800103
0.801503
0.936555
0.971239
0.947383
0.839573
0.778261
0.978474
0.947802
0.823403
0.989764
0.973925
0.744652
0.931954
0.953971
0.915003
0.681724
0.978119
0.956763
0.899841
0.921575
0.899356
0.973962
0.85988
0.772244
0.957492
0.97747
0.963169
0.950195
0.772244
0.816591
0.967749
0.958007
0.933594
0.966061
0.571632
0.839981
0.95031
0.971911
0.834404
0.987638
0.912034
0.610819
0.79759
0.966231
0.77936
0.945134
0.976044
0.837888
0.966883
0.866119
0.904802
0.971559
0.775656
0.92663
0.956019
0.971826
0.858516
0.976495
0.965216
0.946168
0.836796
0.968853
0.942794
0.590947
0.921698
0.775066
0.840953
0.760735
0.975079
0.947886
0.937443
0.924543
0.843686
0.935968
0.803228
0.945083
0.884669
0.887704
0.854336
0.734566
0.852734
0.889658
0.846393
0.838999
0.782606
0.974278
0.980107
0.859637
0.952116
0.892441
0.825697
0.846766
0.943156
0.869045
0.931346
0.945243
0.97933
0.933269
0.957432
0.859055
0.829485
0.95458
0.82674
0.95658
0.969223
0.895807
0.833489
0.928034
0.835825
0.958103
0.86131
0.948861
0.986876
0.888335
0.989359
0.949378
0.805761
0.952112
0.945019
0.974972
0.883426
0.84126
0.680279
0.922648
0.962305
0.826089
0.941011
0.734546
0.95688
0.973684
0.929925
0.719778
0.781861
0.962367
0.819367
0.742437
0.776407
0.966342
0.966376
0.975328
0.952532
0.91311
0.963293
0.839291
0.963112
0.894747
0.911256
0.963612
0.967202
0.780292
0.936556
0.968622
0.672399
0.830212
0.919877
0.839812
0.957767
0.868052
0.973774
0.987539
0.752849
0.947694
0.870903
0.993052
0.945592
0.972446
0.942912
0.900314
0.847959
0.9661
0.94703
0.982195
0.944258
0.916567
0.794866
0.893975
0.983361
0.961598
0.820529
0.836087
0.958969
0.958967
0.863065
0.939296
0.944788
0.852117
0.960789
0.955299
0.984802
0.826783
0.953069
0.906057
0.905606
0.961183
0.891072
0.940386
0.962082
0.949142
0.81872
0.967914
0.878815
0.922023
0.934812
0.716403
0.96894
0.942011
0.972463
0.940112
0.971888
0.785151
0.952544
0.924439
0.827392
0.880541
0.952251
0.958435
0.968472
0.887694
0.93139
0.819144
0.792476
0.972283
0.959459
0.947822
0.946822
0.920533
0.919351
0.98851
0.956118
0.832112
0.947161
0.970679
0.965558
0.938931
0.864128
0.960295
0.956581
0.942841
0.982186
0.902327
0.973964
0.788899
0.968279
0.827826
0.921555
0.935493
0.917311
0.741128
0.945077
0.916308
0.977083
0.807096
0.942538
0.980723
0.931728
0.960107
0.933696
0.866397
0.934175
0.938292
0.926195
0.981555
0.930197
0.948554
0.882888
0.784165
0.953615
0.965598
0.751291
0.830536
0.866801
0.89927
0.945968
0.986762
0.836132
0.96839
0.847318
0.818454
0.992687
0.948549
0.915674
0.770439
0.820489
0.763402
0.976035
0.954863
0.978719
0.919188
0.953039
0.982578
0.920718
0.865543
0.973413
0.977369
0.798521
0.967393
0.857299
0.989294
0.960916
0.976842
0.958845
0.844156
0.933818
0.953443
0.830802
0.982331
0.920377
0.951826
0.979763
0.983645
0.959929
0.851533
0.933538
0.77217
0.790168
0.948952
0.949602
0.892239
0.946322
0.882442
0.954321
0.98419
0.89562
0.874106
0.940677
0.935225
0.921807
0.963736
0.974862
0.852596
0.98706
0.928025
0.895575
0.800401
0.963271
0.886039
0.9644
0.916204
0.841707
0.894079
0.926095
0.832955
0.82046
0.954914
0.836602
0.941024
0.836132
0.931238
0.985933
0.925454
0.955561
0.800196
0.878381
0.966562
0.966429
0.911154
0.955484
0.923613
0.959462
0.964534
0.911721
0.980101
0.967457
0.986281
0.959288
0.929131
0.976168
0.784082
0.883426
0.985718
0.744099
0.840701
0.830536
0.869408
0.944024
0.928883
0.903805
0.991152
0.778261
0.902184
0.71835
0.880958
0.963735
0.98582
0.577135
0.745421
0.694313
0.950303
0.809446
0.982331
0.98231
0.969185
0.917311
0.828794
0.838426
0.962207
0.897396
0.957487
0.904063
0.97758
0.938739
0.965244
0.941246
0.867873
0.941024
0.984666
0.958637
0.983968
0.83967
0.90137
0.944369
0.867764
0.911426
0.93265
0.968045
0.847189
0.979674
0.967819
0.799491
0.801071
0.836418
0.912715
0.97497
0.892486
0.965132
0.643962
0.910861
0.971171
0.78797
0.662154
0.847295
0.985311
0.971571
0.976314
0.981163
0.990815
0.94798
0.933254
0.750775
0.969935
0.967414
0.955274
0.952693
0.974708
0.815726
0.923636
0.887157
0.916018
0.956257
0.967846
0.87695
0.974379
0.969402
0.841981
0.955726
0.923636
0.981342
0.971133
0.984984
0.943963
0.812838
0.864026
0.869185
0.846153
0.774683
0.861055
0.831553
0.900401
0.962161
0.958884
0.944304
0.905186
0.944454
0.931278
0.974129
0.942704
0.957033
0.851036
0.954414
0.83122
0.792528
0.86999
0.971717
0.967401
0.915812
0.553364
0.969153
0.958017
0.968046
0.973511
0.951845
0.98332
0.886475
0.956584
0.959717
0.952433
0.939472
0.833004
0.89402
0.939823
0.973542
0.964019
0.727908
0.876527
0.856671
0.950215
0.937475
0.983995
0.979793
0.94913
0.944102
0.942835
0.98761
0.916303
0.902328
0.876288
0.785542
0.824765
0.872264
0.862347
0.740784
0.869522
0.942623
0.957935
0.972277
0.926342
0.991822
0.926218
0.851084
0.883378
0.962694
0.931342
0.895375
0.945047
0.969225
0.951576
0.981467
0.962277
0.81415
0.893413
0.957945
0.881728
0.8154
0.879925
0.95874
0.959341
0.960401
0.869655
0.964478
0.922947
0.942011
0.939975
0.960544
0.878815
0.922023
0.918986
0.588605
0.935238
0.986506
0.980091
0.827567
0.965191
0.839407
0.962965
0.910969
0.955583
0.969675
0.966577
0.898803
0.951503
0.752721
0.788307
0.831553
0.76368
0.986074
0.950019
0.819179
0.912911
0.93521
0.963291
0.91233
0.972056
0.755691
0.977117
0.784562
0.917528
0.955379
0.947989
0.948822
0.783857
0.866568
0.863246
0.944884
0.789927
0.980735
0.94285
0.945019
0.940853
0.868965
0.906364
0.795613
0.981312
0.92286
0.884256
0.968537
0.961008
0.932385
0.919989
0.872027
0.902485
0.993152
0.885919
0.845622
0.878587
0.948606
0.962008
0.870385
0.911883
0.905788
0.686784
0.944987
0.967091
0.957612
0.920816
0.906546
0.654581
0.949813
0.915108
0.87736
0.983502
0.970309
0.958901
0.738539
0.703822
0.771447
0.864348
0.881691
0.674798
0.955548
0.938432
0.964189
0.695796
0.860605
0.892755
0.983033
0.782356
0.89587
0.94971
0.946263
0.952185
0.962587
0.906126
0.975158
0.972596
0.920633
0.87031
0.881854
0.874637
0.982331
0.951175
0.94787
0.84871
0.918338
0.958933
0.924262
0.9728
0.957711
0.884079
0.915907
0.871213
0.882937
0.968997
0.954652
0.961423
0.930538
0.953289
0.931225
0.925706
0.95727
0.947074
0.861776
0.790168
0.944534
0.887121
0.889452
0.967632
0.974301
0.775326
0.941855
0.732634
0.923281
0.958273
0.986764
0.915038
0.94537
0.982658
0.903197
0.83946
0.891114
0.989458
0.963809
0.967329
0.9806
0.89633
0.918446
0.734622
0.8458
0.969547
0.969023
0.974334
0.919554
0.972861
0.916849
0.79699
0.955463
0.973095
0.920558
0.94566
0.94614
0.928881
0.956349
0.963497
0.952666
0.929634
0.979457
0.980951
0.776541
0.888489
0.97283
0.939274
0.687968
0.967541
0.738659
0.931955
0.717546
0.938193
0.970382
0.901515
0.931132
0.828993
0.944195
0.838882
0.970123
0.922779
0.966305
0.939005
0.835198
0.98641
0.959494
0.955278
0.914454
0.869086
0.982869
0.861535
0.979841
0.96461
0.841059
0.969864
0.959602
0.846978
0.938117
0.933517
0.982309
0.879308
0.940786
0.809551
0.843542
0.991254
0.953802
0.972002
0.954369
0.861069
0.902625
0.954652
0.947055
0.79932
0.874719
0.94036
0.923971
0.947448
0.949821
0.947789
0.962427
0.990277
0.973013
0.866703
0.988306
0.94462
0.812809
0.707921
0.935923
0.972002
0.86146
0.857299
0.956021
0.841969
0.967812
0.941572
0.878618
0.969087
0.718715
0.888258
0.831889
0.987053
0.95256
0.876139
0.951417
0.992239
0.940996
0.873279
0.864694
0.963355
0.878137
0.925674
0.930627
0.920976
0.905968
0.940256
0.882455
0.970585
0.972047
0.977093
0.848145
0.953088
0.947862
0.992414
0.926934
0.868007
0.993673
0.938461
0.955995
0.925443
0.968263
0.981759
0.971886
0.986121
0.88685
0.75697
0.974859
0.954058
0.975116
0.845422
0.979923
0.811764
0.894806
0.940677
0.945582
0.941123
0.615612
0.941628
0.982857
0.888581
0.941768
0.935421
0.943517
0.973744
0.991253
0.845422
0.918861
0.782115
0.955122
0.934282
0.917924
0.942194
0.980896
0.714069
0.956259
0.973211
0.676264
0.984569
0.980049
0.9311
0.862116
0.832339
0.900073
0.957768
0.854557
0.985635
0.947389
0.794866
0.951238
0.881884
0.946242
0.963799
0.894103
0.900886
0.943247
0.937676
0.976056
0.890291
0.813776
0.963446
0.903262
0.98562
0.882321
0.973126
0.965875
0.954478
0.929247
0.961779
0.968046
0.8145
0.954566
0.926045
0.968371
0.945898
0.946124
0.984464
0.955307
0.867583
0.970337
0.770299
0.946615
0.847165
0.861884
0.661876
0.828154
0.93083
0.897819
0.677345
0.922613
0.952348
0.735098
0.875104
0.959801
0.965246
0.935122
0.965314
0.903262
0.876245
0.949406
0.966165
0.97163
0.983464
0.709597
0.911883
0.874815
0.977428
0.897546
0.911009
0.973292
0.978933
0.960163
0.948495
0.941693
0.973025
0.709028
0.75481
0.972219
0.765279
0.984117
0.963953
0.966275
0.93
0.942512
0.942625
0.946981
0.882416
0.940549
0.964407
0.94382
0.949729
0.926068
0.881745
0.990117
0.929851
0.955869
0.945134
0.93676
0.758899
0.855778
0.827437
0.881339
0.809069
0.851864
0.903528
0.936737
0.982127
0.972044
0.967916
0.848017
0.942512
0.984228
0.842062
0.939151
0.926582
0.950854
0.944985
0.855778
0.942579
0.986506
0.941659
0.855857
0.978212
0.851428
0.922697
0.949201
0.94973
0.965776
0.977428
0.796976
0.903669
0.971151
0.77603
0.777027
0.916134
0.7193
0.988485
0.96849
0.946412
0.94104
0.979478
0.840268
0.708659
0.938176
0.810718
0.916138
0.841976
0.989891
0.935462
0.893413
0.964019
0.844296
0.942269
0.951836
0.834845
0.72834
0.96968
0.981454
0.95606
0.732035
0.904753
0.953578
0.978132
0.908201
0.886603
0.85813
0.965905
0.778927
0.975696
0.973966
0.940005
0.853824
0.980385
0.938178
0.934705
0.963672
0.938479
0.979231
0.958629
0.668684
0.859176
0.921288
0.978604
0.928003
0.752652
0.978586
0.85857
0.941659
0.843521
0.92729
0.716842
0.988669
0.961864
0.894613
0.951415
0.945286
0.970699
0.93321
0.805442
0.937332
0.973485
0.885093
0.89056
0.947888
0.861716
0.984477
0.887018
0.950399
0.869338
0.931824
0.919776
0.909432
0.926726
0.949251
0.729232
0.979597
0.930905
0.866546
0.934621
0.907756
0.800461
0.969011
0.865298
0.885971
0.931202
0.956118
0.987154
0.989685
0.927409
0.717944
0.882692
0.950877
0.935796
0.904715
0.855837
0.96982
0.96219
0.946972
0.966434
0.662655
0.88583
0.90993
0.959233
0.954132
0.957277
0.983803
0.949412
0.95595
0.944304
0.849959
0.930101
0.95168
0.934742
0.967026
0.973725
0.948307
0.992341
0.952938
0.929525
0.852579
0.853955
0.886771
0.954417
0.961571
0.969414
0.932349
0.921058
0.960611
0.984277
0.975157
0.83893
0.887316
0.982486
0.973441
0.929634
0.710402
0.984191
0.931229
0.73739
0.955273
0.95386
0.938384
0.938178
0.892206
0.857441
0.961173
0.983696
0.939878
0.840474
0.874304
0.939818
0.965498
0.763502
0.955076
0.943242
0.982664
0.912962
0.879062
0.879471
0.753878
0.825802
0.935452
0.977468
0.883723
0.855897
0.907348
0.899082
0.985543
0.98493
0.963586
0.833802
0.88704
0.979921
0.972463
0.957174
0.977126
0.893302
0.937499
0.781881
0.894388
0.918021
0.926906
0.929869
0.934464
0.970528
0.910676
0.952322
0.752819
0.94553
0.834492
0.72529
0.973111
0.989598
0.988196
0.938416
0.879221
0.970579
0.769377
0.930474
0.976064
0.932349
0.917529
0.825257
0.969089
0.773688
0.871834
0.982619
0.857122
0.816626
0.775138
0.948599
0.89767
0.955786
0.948425
0.976251
0.979287
0.969379
0.835652
0.862377
0.74891
0.966959
0.857122
0.963559
0.973375
0.948799
0.978676
0.973882
0.661496
0.96607
0.881946
0.756306
0.934733
0.970085
0.870434
0.748165
0.847474
0.946259
0.927666
0.964676
0.686048
0.933223
0.943989
0.9695
0.945561
0.952517
0.981204
0.696843
0.965454
0.944078
0.917857
0.951819
0.679618
0.976536
0.925442
0.815861
0.995703
0.900487
0.815227
0.869619
0.970814
0.942575
0.955288
0.938101
0.918346
0.954294
0.869359
0.97957
0.919417
0.947412
0.911793
0.981064
0.836643
0.973489
0.914697
0.962817
0.989909
0.992355
0.950005
0.896569
0.944539
0.95512
0.938476
0.969225
0.770721
0.967414
0.804626
0.785079
0.957396
0.83175
0.67997
0.961153
0.933932
0.789362
0.957066
0.951705
0.969803
0.971112
0.77688
0.918338
0.957051
0.977056
0.902974
0.976033
0.996293
0.979925
0.945253
0.98816
0.955835
0.933311
0.968649
0.742442
0.94866
0.922357
0.914433
0.640122
0.959884
0.983135
0.847291
0.854725
0.882122
0.951105
0.964803
0.95061
0.765279
0.956952
0.94045
0.985803
0.792766
0.921078
0.963473
0.956581
0.94405
0.970757
0.852084
0.915278
0.941138
0.906692
0.888245
0.943039
0.93251
0.970495
0.817104
0.981067
0.801536
0.883205
0.936813
0.881813
0.861816
0.909765
0.940005
0.92156
0.845483
0.981121
0.936419
0.916963
0.975749
0.889826
0.98311
0.844139
0.871486
0.847559
0.867408
0.979118
0.902431
0.987814
0.954405
0.847798
0.930901
0.957209
0.988774
0.868054
0.960299
0.983076
0.957051
0.847559
0.949432
0.771678
0.947473
0.981265
0.983359
0.847238
0.946701
0.976804
0.79932
0.950874
0.940503
0.937011
0.914961
0.703448
0.683738
0.924708
0.980465
0.953251
0.941446
0.880638
0.847238
0.970167
0.958537
0.976973
0.973074
0.934813
0.980191
0.874429
0.89216
0.749091
0.850995
0.979209
0.937927
0.95857
0.977145
0.791059
0.881865
0.988898
0.910343
0.960173
0.911287
0.921704
0.96985
0.958917
0.943185
0.889738
0.767438
0.987275
0.750941
0.957036
0.933987
0.93276
0.936768
0.959941
0.792766
0.928939
0.700863
0.871629
0.867481
0.90571
0.874263
0.946711
0.990969
0.959868
0.921766
0.969613
0.984809
0.936055
0.875124
0.851335
0.807046
0.941976
0.884728
0.936262
0.939304
0.973358
0.937277
0.938963
0.943962
0.926383
0.850654
0.952812
0.969069
0.95163
0.801885
0.925485
0.754574
0.967393
0.973831
0.753853
0.863852
0.885322
0.704135
0.767542
0.937952
0.957576
0.959849
0.989585
0.938182
0.843809
0.948543
0.94014
0.940712
0.970731
0.937466
0.982083
0.94614
0.933273
0.944918
0.954857
0.96421
0.892208
0.913669
0.94497
0.956498
0.700552
0.979341
0.963363
0.809649
0.979354
0.912124
0.850204
0.974433
0.815616
0.76474
0.939056
0.834682
0.957201
0.863206
0.868164
0.902701
0.755726
0.953556
0.968007
0.718468
0.927453
0.979785
0.920243
0.950563
0.975311
0.845127
0.902519
0.719115
0.979061
0.92366
0.957152
0.930377
0.981093
0.923034
0.883182
0.922068
0.925022
0.964348
0.949284
0.9217
0.809695
0.858047
0.809255
0.977836
0.954509
0.961952
0.974191
0.971136
0.858047
0.963884
0.750862
0.962965
0.659319
0.987701
0.943977
0.905985
0.938717
0.89633
0.918869
0.745284
0.945357
0.98585
0.927676
0.985315
0.878402
0.696886
0.947253
0.984443
0.941349
0.945788
0.98031
0.970723
0.94591
0.92083
0.994843
0.957555
0.899685
0.973192
0.955315
0.881943
0.929915
0.980246
0.888097
0.879699
0.966278
0.861902
0.860923
0.796122
0.951325
0.946183
0.945231
0.70447
0.985442
0.953372
0.928029
0.784104
0.771169
0.988874
0.844139
0.908682
0.853838
0.960938
0.938249
0.886762
0.986366
0.984047
0.861241
0.769364
0.983642
0.973516
0.943581
0.94989
0.979959
0.9734
0.907949
0.899729
0.979469
0.975646
0.94656
0.978792
0.78613
0.990086
0.978663
0.825176
0.960475
0.797622
0.970288
0.798204
0.961956
0.986749
0.965538
0.92428
0.943854
0.91804
0.918536
0.972242
0.876857
0.703666
0.969113
0.95967
0.963408
0.983899
0.984822
0.698123
0.841982
0.884278
0.830752
0.939454
0.972887
0.985882
0.957862
0.981345
0.9685
0.95243
0.983907
0.972047
0.986833
0.953822
0.852329
0.662689
0.958637
0.957869
0.56833
0.979803
0.951325
0.890231
0.955461
0.940613
0.950674
0.942074
0.967244
0.960742
0.952684
0.98461
0.969768
0.90381
0.867756
0.851363
0.938875
0.91264
0.982963
0.961114
0.959887
0.974473
0.965349
0.966353
0.907282
0.763502
0.964491
0.937961
0.935282
0.87695
0.952689
0.873861
0.938539
0.91233
0.712774
0.767044
0.837893
0.946476
0.719031
0.963842
0.969545
0.937961
0.978357
0.906257
0.959445
0.965658
0.981161
0.962131
0.959327
0.949098
0.970512
0.935727
0.990444
0.948803
0.982813
0.906548
0.982813
0.982813
0.781535
0.917134
0.941421
0.991955
0.885338
0.973488
0.953927
0.978728
0.894158
0.944195
0.953767
0.78908
0.88174
0.884716
0.985231
0.897466
0.945199
0.977683
0.858283
0.978324
0.933369
0.981715
0.94985
0.982245
0.990595
0.906222
0.982332
0.969549
0.992643
0.905301
0.977333
0.955855
0.846273
0.985674
0.983984
0.88309
0.930592
0.770463
0.953939
0.886762
0.974289
0.902534
0.951923
0.872574
0.932913
0.978769
0.954337
0.924543
0.98164
0.770709
0.865086
0.941224
0.909149
0.901483
0.974972
0.614298
0.96364
0.740751
0.984985
0.951035
0.836662
0.924812
0.890263
0.858874
0.88032
0.984434
0.983071
0.912157
0.697731
0.798521
0.955826
0.901242
0.977017
0.6475
0.965227
0.822887
0.948276
0.582504
0.816564
0.845803
0.717719
0.717814
0.877227
0.975194
0.986885
0.965515
0.907869
0.937691
0.780616
0.580514
0.983635
0.874422
0.924373
0.919222
0.95059
0.986523
0.926992
0.953343
0.93101
0.966846
0.939005
0.836921
0.915007
0.937055
0.994915
0.984736
0.764192
0.931219
0.937707
0.972405
0.961198
0.959767
0.93781
0.968515
0.931412
0.981874
0.978871
0.902563
0.884085
0.960538
0.949037
0.920425
0.951515
0.984718
0.93253
0.773451
0.976722
0.865053
0.885215
0.815838
0.961221
0.965825
0.95025
0.987434
0.91823
0.980962
0.973827
0.940726
0.984139
0.971051
0.830774
0.928694
0.930176
0.934002
0.800448
0.838105
0.990939
0.9741
0.754822
0.981055
0.761441
0.939042
0.973033
0.982108
0.948642
0.98484
0.960992
0.940922
0.888094
0.834035
0.917898
0.979162
0.976268
0.990257
0.983893
0.707939
0.923808
0.969603
0.947075
0.988764
0.883112
0.900062
0.926488
0.978809
0.966796
0.89647
0.950659
0.967952
0.953802
0.847328
0.911537
0.784381
0.976969
0.968535
0.888117
0.9373
0.973271
0.843773
0.878569
0.890259
0.942013
0.978132
0.813796
0.960742
0.622901
0.86113
0.8512
0.970123
0.970205
0.949637
0.966242
0.940924
0.901488
0.983502
0.970256
0.968749
0.980105
0.990794
0.928502
0.865843
0.974563
0.73153
0.829752
0.970011
0.876719
0.976344
0.981439
0.988653
0.825966
0.960592
0.942074
0.939382
0.971556
0.950609
0.977185
0.953289
0.957636
0.977401
0.924739
0.902955
0.710468
0.967958
0.750388
0.980002
0.980545
0.845249
0.989751
0.976692
0.95757
0.953856
0.926636
0.950663
0.845249
0.944628
0.754553
0.776367
0.92083
0.982341
0.959528
0.974681
0.862332
0.923604
0.982637
0.932892
0.975775
0.967463
0.968563
0.98551
0.988293
0.955182
0.974704
0.944788
0.966492
0.98056
0.880263
0.791163
0.98416
0.962442
0.97256
0.968138
0.974548
0.883799
0.957045
0.963729
0.993834
0.97156
0.966441
0.850306
0.987273
0.97125
0.96339
0.992398
0.975111
0.782289
0.988224
0.962941
0.95238
0.803564
0.938268
0.981502
0.982696
0.942494
0.941595
0.858934
0.962005
0.962434
0.742013
0.805203
0.864985
0.93526
0.945628
0.837888
0.924851
0.986551
0.75931
0.877624
0.97611
0.875035
0.909858
0.956116
0.890551
0.949086
0.984537
0.967925
0.942913
0.987486
0.98161
0.968346
0.784979
0.954542
0.909018
0.94703
0.991546
0.956043
0.9742
0.909737
0.870489
0.926895
0.857153
0.7385
0.928249
0.975627
0.951324
0.834706
0.973566
0.980096
0.971401
0.905557
0.931227
0.979363
0.699702
0.810037
0.969005
0.973009
0.98866
0.974441
0.806728
0.892289
0.914442
0.988328
0.980346
0.96118
0.93428
0.97183
0.965982
0.874602
0.844446
0.949255
0.787987
0.888467
0.925542
0.936369
0.906922
0.946297
0.973511
0.888558
0.925776
0.929961
0.86462
0.969186
0.950009
0.930789
0.957642
0.670549
0.961239
0.829189
0.968019
0.775481
0.923697
0.836035
0.948522
0.953865
0.858047
0.943451
0.974034
0.953463
0.878304
0.991617
0.961597
0.876489
0.947476
0.869256
0.960093
0.902678
0.970683
0.985674
0.886887
0.961552
0.763451
0.915636
0.938578
0.858047
0.822074
0.878891
0.867266
0.958017
0.8829
0.977157
0.94788
0.962915
0.934044
0.983936
0.853631
0.975428
0.924187
0.987109
0.889817
0.806774
0.992502
0.962818
0.98042
0.88691
0.955716
0.972753
0.8398
0.890022
0.965213
0.878557
0.856835
0.856471
0.929573
0.988897
0.949354
0.957647
0.954838
0.956615
0.878661
0.974509
0.813917
0.933209
0.972576
0.952262
0.975906
0.989463
0.97439
0.985709
0.806416
0.991071
0.899167
0.971799
0.965488
0.951063
0.951638
0.83788
0.960915
0.99528
0.935493
0.847716
0.915266
0.952344
0.966079
0.88808
0.878322
0.806943
0.93852
0.976568
0.985221
0.694944
0.976647
0.9488
0.689289
0.868298
0.982311
0.951307
0.95287
0.871815
0.734546
0.953538
0.77595
0.838835
0.968935
0.990216
0.810521
0.844526
0.829013
0.968409
0.969504
0.974761
0.908862
0.982077
0.938781
0.972674
0.97599
0.9625
0.926567
0.990804
0.734201
0.859104
0.82845
0.751987
0.923115
0.920384
0.831942
0.97675
0.956654
0.929558
0.981303
0.987667
0.508046
0.974751
0.829017
0.890974
0.823174
0.925838
0.772122
0.976846
0.971859
0.958356
0.987316
0.97695
0.974774
0.953692
0.974839
0.796496
0.983912
0.797622
0.857286
0.831306
0.928222
0.966257
0.992706
0.933781
0.958091
0.748003
0.810001
0.813784
0.947026
0.944294
0.966438
0.791038
0.945265
0.663539
0.949913
0.97943
0.891445
0.904028
0.981675
0.96441
0.937925
0.983334
0.887223
0.838649
0.870724
0.980477
0.970522
0.98735
0.973293
0.915107
0.934561
0.779711
0.783235
0.968749
0.981386
0.850204
0.962337
0.930828
0.885187
0.954849
0.952849
0.807077
0.969622
0.886419
0.946552
0.826163
0.958612
0.776364
0.932129
0.817681
0.960145
0.692084
0.949354
0.967757
0.960544
0.937003
0.885954
0.741848
0.745223
0.882391
0.81706
0.823364
0.975795
0.847203
0.961311
0.986871
0.839461
0.926018
0.961791
0.926065
0.90614
0.975483
0.983012
0.962817
0.817076
0.888417
0.988186
0.895876
0.989103
0.849898
0.704811
0.940357
0.97974
0.978277
0.831306
0.929179
0.970268
0.954885
0.880529
0.926837
0.981134
0.974014
0.934576
0.985249
0.970663
0.800179
0.961421
0.975058
0.565714
0.961999
0.929179
0.944381
0.903399
0.978045
0.791365
0.925908
0.71537
0.976194
0.809294
0.971099
0.975548
0.946106
0.98981
0.981093
0.958453
0.902262
0.985431
0.980518
0.942808
0.976754
0.982792
0.968359
0.756306
0.987566
0.978791
0.934103
0.966623
0.968194
0.982113
0.868804
0.925908
0.968138
0.957187
0.97257
0.964614
0.965723
0.732967
0.804107
0.98726
0.988923
0.95898
0.994301
0.93272
0.7589
0.991708
0.956437
0.93078
0.723209
0.95679
0.94558
0.82798
0.990817
0.976785
0.985562
0.880203
0.836665
0.962138
0.95874
0.847203
0.976501
0.794435
0.667998
0.960487
0.960426
0.952528
0.863366
0.979839
0.815063
0.839461
0.949914
0.729061
0.957151
0.992162
0.918527
0.901239
0.763283
0.787336
0.953355
0.825656
0.973095
0.972611
0.989598
0.949212
0.994279
0.746401
0.941112
0.922221
0.965033
0.974473
0.860503
0.868182
0.939752
0.935491
0.807354
0.974731
0.898076
0.852259
0.722733
0.875867
0.989214
0.814241
0.845296
0.900073
0.965424
0.970788
0.978989
0.883467
0.986913
0.97899
0.952739
0.838432
0.981872
0.974345
0.962127
0.794435
0.955428
0.657747
0.88226
0.930659
0.977714
0.991448
0.979912
0.971134
0.937826
0.819978
0.984508
0.963623
0.989915
0.977531
0.987448
0.976908
0.975158
0.664874
0.895439
0.810268
0.972313
0.959748
0.967989
0.893913
0.968666
0.88876
0.943454
0.973511
0.929573
0.929048
0.880514
0.960978
0.891152
0.961305
0.85305
0.958442
0.814974
0.989982
0.808115
0.808387
0.915116
0.906787
0.980756
0.890298
0.949652
0.982316
0.963853
0.958522
0.899676
0.947476
0.931856
0.950863
0.966573
0.978706
0.791482
0.964672
0.962583
0.955253
0.970106
0.965276
0.940771
0.917727
0.968034
0.883883
0.939635
0.962793
0.92781
0.863569
0.965301
0.751222
0.920976
0.973962
0.92039
0.968277
0.951843
0.969676
0.942575
0.94159
0.94277
0.961744
0.861816
0.932528
0.94088
0.759572
0.764248
0.966729
0.955198
0.990757
0.924572
0.962835
0.883992
0.916601
0.943475
0.84596
0.951417
0.985635
0.849959
0.983744
0.838627
0.928749
0.974957
0.987809
0.973633
0.963816
0.933025
0.885367
0.848798
0.92557
0.955742
0.892373
0.963066
0.844059
0.906316
0.823636
0.826732
0.77086
0.816899
0.93895
0.845042
0.838627
0.979416
0.738982
0.949223
0.960867
0.852979
0.703974
0.934429
0.956379
0.847741
0.810492
0.784675
0.851221
0.886634
0.976315
0.977843
0.98565
0.985361
0.857202
0.963336
0.972659
0.940032
0.988336
0.930854
0.966281
0.974323
0.97976
0.945324
0.916904
0.95949
0.967093
0.962299
0.853186
0.760744
0.988971
0.969926
0.989076
0.979586
0.962654
0.743685
0.818674
0.982996
0.721076
0.815011
0.938073
0.964736
0.981576
0.97474
0.955614
0.875819
0.953014
0.984259
0.993318
0.953228
0.855958
0.992278
0.854761
0.985787
0.881345
0.915566
0.982261
0.947089
0.829321
0.905829
0.955122
0.979645
0.924306
0.535619
0.781881
0.923115
0.84059
0.979304
0.992687
0.990118
0.976228
0.963015
0.861912
0.975568
0.875733
0.952019
0.905468
0.907716
0.901453
0.726271
0.849611
0.85949
0.989348
0.633981
0.956489
0.939649
0.984595
0.956428
0.917251
0.973109
0.953971
0.960378
0.952856
0.903746
0.947767
0.898114
0.929438
0.989593
0.966623
0.97192
0.974952
0.965015
0.937306
0.86604
0.987842
0.86604
0.884115
0.96612
0.966157
0.987946
0.651293
0.930879
0.827104
0.953934
0.955066
0.96461
0.970451
0.861381
0.982143
0.96541
0.858668
0.708429
0.852431
0.9595
0.930653
0.965344
0.805142
0.974093
0.947576
0.973303
0.980184
0.954114
0.914352
0.898927
0.910671
0.96548
0.81107
0.891387
0.804817
0.971695
0.720673
0.920867
0.97315
0.975989
0.963565
0.985042
0.933089
0.957083
0.971431
0.962917
0.911892
0.987569
0.988883
0.977155
0.951843
0.914456
0.972642
0.946168
0.978706
0.875374
0.981597
0.925998
0.977013
0.945437
0.905146
0.74644
0.955288
0.977961
0.855233
0.915472
0.975126
0.9616
0.885997
0.737367
0.964664
0.985199
0.913083
0.925136
0.930097
0.977871
0.973589
0.965396
0.873666
0.846288
0.933594
0.854103
0.98926
0.961224
0.964131
0.954132
0.717114
0.846288
0.908962
0.833672
0.97746
0.972789
0.966883
0.977843
0.791683
0.869536
0.940463
0.975875
0.964805
0.982967
0.991202
0.795352
0.88842
0.867583
0.699759
0.798663
0.76207
0.940405
0.895193
0.8226
0.950277
0.921456
0.950388
0.80848
0.990148
0.911322
0.901705
0.816422
0.877711
0.961201
0.735213
0.9478
0.980559
0.971153
0.966159
0.962834
0.932495
0.984277
0.930907
0.877558
0.811818
0.931229
0.949124
0.983409
0.804107
0.968104
0.968413
0.794522
0.991979
0.899004
0.741922
0.926034
0.834706
0.864309
0.852188
0.622819
0.927904
0.885187
0.759572
0.853148
0.900452
0.880148
0.831771
0.964131
0.988286
0.94745
0.875536
0.983995
0.882798
0.744918
0.790176
0.819367
0.963066
0.874387
0.831085
0.994015
0.652818
0.92293
0.918026
0.986689
0.987864
0.873087
0.97319
0.888401
0.830774
0.968992
0.930334
0.960718
0.663284
0.991789
0.950385
0.974571
0.815715
0.978467
0.853716
0.979946
0.911148
0.957561
0.847798
0.672346
0.972873
0.972823
0.988227
0.866732
0.967477
0.963519
0.98996
0.862662
0.990609
0.800622
0.982096
0.806163
0.97313
0.986967
0.916467
0.960143
0.969547
0.878798
0.922324
0.537812
0.858089
0.971308
0.962899
0.989698
0.938254
0.965427
0.558393
0.971015
0.971502
0.962658
0.987615
0.830225
0.934786
0.960276
0.990378
0.991236
0.945494
0.990987
0.953802
0.856806
0.960902
0.963582
0.957923
0.925212
0.982911
0.936073
0.978399
0.960137
0.947607
0.888352
0.958477
0.972631
0.90381
0.970452
0.688242
0.964404
0.987341
0.972955
0.976321
0.959968
0.983207
0.694505
0.94971
0.916505
0.967894
0.972342
0.961799
0.937872
0.784675
0.923585
0.977022
0.904438
0.957385
0.905726
0.787471
0.947278
0.933643
0.938868
0.542675
0.955307
0.935225
0.968222
0.959244
0.923081
0.884562
0.892521
0.82953
0.920631
0.973896
0.989202
0.85964
0.845419
0.895528
0.859008
0.96768
0.642069
0.95718
0.962866
0.845083
0.856163
0.968516
0.958356
0.926296
0.986802
0.97448
0.859008
0.979834
0.800103
0.883513
0.962849
0.973263
0.967457
0.707793
0.922824
0.973362
0.683131
0.988535
0.843072
0.782356
0.918836
0.988523
0.950768
0.980744
0.541428
0.812201
0.87206
0.966418
0.963742
0.989658
0.955719
0.967458
0.564728
0.77568
0.987761
0.983095
0.889917
0.966918
0.988254
0.96551
0.976378
0.936502
0.880879
0.887333
0.974499
0.940092
0.985945
0.767832
0.934971
0.720661
0.972138
0.896704
0.941171
0.924534
0.897396
0.909887
0.966021
0.978999
0.802225
0.970228
0.808932
0.932793
0.979647
0.950768
0.980707
0.984719
0.792649
0.881811
0.946472
0.958936
0.957821
0.929354
0.829059
0.936693
0.95635
0.7566
0.92792
0.96929
0.990794
0.853797
0.929286
0.953806
0.969892
0.886428
0.984296
0.947151
0.932211
0.958663
0.972159
0.793068
0.986211
0.952258
0.739482
0.754543
0.755573
0.95844
0.947134
0.962471
0.94084
0.996118
0.915816
0.972041
0.780768
0.886294
0.978834
0.947119
0.96424
0.971892
0.962482
0.663936
0.991393
0.98311
0.95148
0.96286
0.854929
0.796095
0.962091
0.976411
0.779308
0.993602
0.991323
0.974769
0.987053
0.858328
0.990004
0.954114
0.730752
0.849255
0.985594
0.985503
0.890447
0.980494
0.664864
0.878823
0.983284
0.91939
0.826203
0.979868
0.832154
0.975785
0.971291
0.994555
0.951944
0.956917
0.966249
0.852583
0.872153
0.9641
0.901144
0.961271
0.888965
0.987016
0.970856
0.972897
0.990174
0.940702
0.970717
0.975432
0.883608
0.965851
0.648506
0.996043
0.973336
0.954132
0.839769
0.989275
0.953372
0.73861
0.842581
0.751294
0.799607
0.910773
0.968935
0.94705
0.945548
0.871603
0.780705
0.960517
0.944024
0.882031
0.98231
0.879223
0.97125
0.955327
0.846629
0.984358
0.980595
0.947205
0.695709
0.959272
0.845537
0.975931
0.990274
0.989157
0.901531
0.7671
0.846629
0.952942
0.88977
0.883246
0.853275
0.986677
0.924873
0.985507
0.946506
0.971756
0.98666
0.943817
0.922947
0.938446
0.88603
0.969958
0.936678
0.821944
0.920633
0.990495
0.869582
0.984988
0.903107
0.921762
0.990057
0.637568
0.983583
0.924337
0.797479
0.960052
0.951626
0.795803
0.982331
0.766989
0.93521
0.611105
0.995311
0.90678
0.966946
0.974449
0.928049
0.9751
0.99451
0.970723
0.980961
0.96337
0.93632
0.951948
0.872148
0.956939
0.968677
0.787336
0.930207
0.971982
0.978304
0.986336
0.900982
0.925807
0.958379
0.991323
0.985241
0.741503
0.797758
0.999224
0.955894
0.741123
0.991239
0.916595
0.962258
0.672206
0.846106
0.890327
0.878076
0.996231
0.943005
0.973974
0.691961
0.935811
0.940479
0.845771
0.937364
0.954394
0.951869
0.979148
0.921776
0.952322
0.971144
0.663652
0.93757
0.974413
0.830662
0.956413
0.692314
0.732436
0.982202
0.914694
0.926974
0.886876
0.930075
0.95191
0.950571
0.980478
0.887315
0.9715
0.967474
0.983029
0.816936
0.804787
0.939116
0.772207
0.927149
0.963873
0.933099
0.807921
0.863211
0.957076
0.972794
0.953202
0.9856
0.992009
0.924159
0.951043
0.783301
0.842954
0.962071
0.982045
0.945341
0.867662
0.985076
0.958942
0.965244
0.982723
0.947118
0.983121
0.938867
0.966266
0.976929
0.979945
0.957325
0.975744
0.943321
0.67316
0.707414
0.898872
0.970985
0.795403
0.956756
0.849727
0.900511
0.914676
0.989623
0.939248
0.768024
0.960881
0.963519
0.984844
0.980439
0.986291
0.956193
0.987311
0.907195
0.930425
0.991588
0.983919
0.810335
0.964327
0.965367
0.922165
0.951961
0.851284
0.946515
0.956961
0.988137
0.85896
0.989015
0.852298
0.967961
0.980925
0.974093
0.98148
0.980347
0.946334
0.759698
0.995097
0.922132
0.901842
0.980988
0.85896
0.983611
0.983535
0.713915
0.974038
0.942834
0.983117
0.950121
0.845419
0.885422
0.977319
0.933643
0.787754
0.971081
0.950842
0.86087
0.916862
0.984162
0.919528
0.859397
0.981816
0.984192
0.974004
0.910295
0.905597
0.902655
0.987401
0.878789
0.948871
0.847976
0.862094
0.955817
0.961402
0.978802
0.959617
0.869069
0.887835
0.990841
0.98266
0.978545
0.953049
0.813109
0.971049
0.963141
0.700637
0.925733
0.910705
0.908482
0.95718
0.835538
0.947055
0.963817
0.969677
0.887759
0.899242
0.981948
0.982595
0.805592
0.995399
0.896975
0.967558
0.971133
0.966256
0.823004
0.977004
0.795613
0.984336
0.976121
0.611967
0.972667
0.956095
0.949925
0.994582
0.972081
0.784886
0.988585
0.978622
0.973267
0.720965
0.977988
0.995503
0.812643
0.966678
0.967237
0.958238
0.990044
0.978957
0.982511
0.813955
0.967304
0.953156
0.980492
0.986086
0.836914
0.746165
0.756976
0.9859
0.928914
0.977167
0.957322
0.949989
0.903218
0.956619
0.973705
0.963591
0.929236
0.86621
0.766563
0.958442
0.831618
0.918096
0.711791
0.973279
0.969268
0.915905
0.979375
0.788381
0.875624
0.861972
0.792559
0.87006
0.981215
0.977404
0.762669
0.962071
0.889082
0.992936
0.975835
0.792559
0.84028
0.991254
0.960915
0.982993
0.754378
0.709296
0.913577
0.978032
0.95487
0.978595
0.877473
0.918038
0.980626
0.945094
0.786771
0.912733
0.970068
0.968237
0.901473
0.933932
0.937378
0.978836
0.974247
0.901203
0.912441
0.986604
0.720929
0.964905
0.931836
0.858291
0.929164
0.994457
0.951324
0.970309
0.731905
0.853601
0.960097
0.95679
0.931899
0.881461
0.959237
0.966007
0.958842
0.987398
0.825429
0.967932
0.93502
0.969273
0.789234
0.987979
0.990667
0.944258
0.984483
0.765136
0.990284
0.942451
0.936995
0.955589
0.735705
0.976785
0.971736
0.980674
0.692684
0.988907
0.753328
0.986907
0.973637
0.991315
0.980525
0.97943
0.822588
0.80263
0.867458
0.985882
0.872316
0.920181
0.951412
0.913271
0.988053
0.977294
0.893043
0.832871
0.986968
0.965802
0.872079
0.81586
0.951879
0.846533
0.932764
0.893875
0.965802
0.978586
0.963314
0.881681
0.945754
0.941011
0.974191
0.846533
0.968781
0.976033
0.983161
0.95825
0.980439
0.948593
0.84063
0.967848
0.635818
0.991993
0.859963
0.92085
0.938284
0.950198
0.975653
0.971528
0.708643
0.926068
0.98243
0.827443
0.732409
0.984743
0.968784
0.690569
0.972769
0.831085
0.949882
0.963622
0.735778
0.936726
0.974737
0.94798
0.978869
0.81523
0.899597
0.930572
0.964909
0.976982
0.963082
0.978023
0.959196
0.832871
0.916505
0.725288
0.939299
0.997216
0.952663
0.955064
0.968474
0.957664
0.94888
0.990063
0.900954
0.908625
0.968484
0.977347
0.739356
0.895977
0.976349
0.980889
0.964323
0.981
0.821465
0.947364
0.950054
0.989658
0.97672
0.950524
0.983502
0.928905
0.984672
0.821577
0.972846
0.859363
0.918059
0.986732
0.976458
0.936651
0.896913
0.790851
0.983936
0.970743
0.967607
0.90993
0.948145
0.976958
0.847328
0.780991
0.977027
0.900404
0.973734
0.819079
0.676022
0.977726
0.950198
0.980651
0.92152
0.965964
0.934813
0.947643
0.769377
0.971779
0.931283
0.949807
0.746756
0.904612
0.833388
0.987867
0.965007
0.944429
0.976284
0.980347
0.960097
0.655908
0.960804
0.980148
0.987328
0.975933
0.947412
0.783834
0.943879
0.968757
0.948784
0.692898
0.93612
0.760991
0.972542
0.917765
0.971089
0.836393
0.881982
0.887212
0.955127
0.938542
0.912095
0.972886
0.979206
0.989528
0.96856
0.688176
0.9732
0.967749
0.977815
0.816823
0.996657
0.808803
0.855243
0.908339
0.945196
0.957869
0.966333
0.936536
0.948556
0.992149
0.962652
0.67668
0.832244
0.879221
0.878356
0.933431
0.980929
0.91739
0.960639
0.972284
0.933009
0.941335
0.969215
0.978683
0.964742
0.933009
0.972021
0.849657
0.994331
0.990676
0.97505
0.771714
0.987002
0.95102
0.942645
0.996491
0.690845
0.978079
0.905108
0.954622
0.98963
0.984443
0.725752
0.981502
0.958944
0.979417
0.886638
0.979904
0.978597
0.983112
0.968057
0.858136
0.98377
0.965587
0.980973
0.97877
0.938733
0.982779
0.994025
0.965984
0.949229
0.858622
0.982912
0.845921
0.849969
0.905007
0.981122
0.858136
0.964567
0.978552
0.960145
0.974873
0.959362
0.965792
0.973174
0.96853
0.949028
0.938169
0.904715
0.753914
0.947312
0.96982
0.977692
0.91739
0.963916
0.987517
0.746625
0.960565
0.96503
0.7566
0.778609
0.979056
0.798275
0.854707
0.980545
0.930472
0.884061
0.960163
0.780431
0.852882
0.949027
0.977502
0.947523
0.900954
0.738816
0.982839
0.892058
0.936769
0.935282
0.809177
0.992062
0.983848
0.874823
0.890871
0.983862
0.779828
0.974312
0.967844
0.980204
0.989747
0.873305
0.985138
0.959396
0.847089
0.946993
0.967982
0.990597
0.986132
0.991181
0.839798
0.851339
0.983262
0.973215
0.966623
0.965087
0.981901
0.958082
0.994739
0.95409
0.978544
0.921214
0.990987
0.827413
0.967982
0.97367
0.989961
0.949272
0.94845
0.921616
0.950916
0.847089
0.738591
0.983108
0.966148
0.851339
0.755255
0.908807
0.986332
0.947383
0.974229
0.95391
0.871936
0.975116
0.900441
0.950094
0.8202
0.97497
0.988959
0.968079
0.942672
0.947161
0.987238
0.8955
0.978627
0.983194
0.917731
0.93139
0.989334
0.968542
0.973078
0.986929
0.788685
0.979379
0.975311
0.973986
0.956117
0.977797
0.979309
0.939144
0.855678
0.764778
0.983581
0.648596
0.978486
0.957103
0.995666
0.962004
0.974448
0.976987
0.977964
0.92488
0.948187
0.938132
0.984818
0.958074
0.982694
0.638791
0.978189
0.903715
0.988402
0.984425
0.963455
0.89364
0.741986
0.975663
0.895954
0.976889
0.938107
0.727216
0.974064
0.947559
0.956289
0.976215
0.834961
0.958784
0.784517
0.791257
0.757931
0.977886
0.990662
0.797414
0.951291
0.649238
0.950752
0.970908
0.978171
0.877136
0.976136
0.987867
0.77969
0.953198
0.975775
0.908475
0.895477
0.960916
0.929149
0.974371
0.917246
0.833672
0.94394
0.752783
0.992152
0.966719
0.97449
0.914774
0.835301
0.687031
0.949804
0.837551
0.940496
0.98587
0.882712
0.943016
0.988655
0.845326
0.980692
0.982207
0.967512
0.979185
0.981055
0.841993
0.976346
0.802325
0.986055
0.964108
0.946828
0.740217
0.948599
0.85808
0.977871
0.907907
0.982725
0.967537
0.886849
0.97515
0.880622
0.874514
0.775518
0.888711
0.675313
0.982692
0.928888
0.967305
0.899522
0.705877
0.987979
0.877101
0.978333
0.962543
0.945322
0.73582
0.988143
0.994433
0.98797
0.910159
0.828005
0.7596
0.919404
0.932203
0.933702
0.826105
0.934184
0.946735
0.95363
0.933086
0.959706
0.923141
0.906747
0.98358
0.963916
0.973624
0.981634
0.957317
0.991617
0.941953
0.839384
0.920676
0.951751
0.949284
0.949734
0.920568
0.943344
0.72965
0.981945
0.900283
0.972655
0.937321
0.848962
0.962884
0.991029
0.726658
0.962281
0.976446
0.988971
0.972911
0.931327
0.963729
0.969881
0.944078
0.765402
0.977238
0.988533
0.956791
0.975047
0.85209
0.783145
0.952291
0.912803
0.978798
0.967765
0.967043
0.983106
0.959044
0.940961
0.980989
0.971998
0.985331
0.941498
0.965941
0.889978
0.921622
0.960002
0.963696
0.904848
0.773511
0.987232
0.984157
0.832174
0.936814
0.955376
0.911255
0.981617
0.981908
0.958486
0.98162
0.966353
0.987463
0.87656
0.978942
0.954021
0.908769
0.964362
0.978328
0.964868
0.929349
0.985563
0.81706
0.95776
0.715658
0.816533
0.991371
0.961686
0.992457
0.988488
0.897939
0.753448
0.805983
0.965647
0.981896
0.974256
0.919409
0.976464
0.991633
0.85061
0.979448
0.970472
0.781708
0.955869
0.817578
0.93783
0.88515
0.963842
0.967705
0.970104
0.879975
0.949517
0.76884
0.97642
0.970507
0.973434
0.731448
0.661124
0.89261
0.906847
0.982925
0.87772
0.926944
0.87591
0.886992
0.778468
0.800881
0.993067
0.882632
0.722493
0.980263
0.985486
0.759588
0.986374
0.911878
0.98498
0.967702
0.625541
0.824664
0.956371
0.995593
0.956289
0.974777
0.886582
0.653896
0.955165
0.867532
0.909095
0.956745
0.951869
0.975821
0.958119
0.953889
0.931358
0.945457
0.893829
0.979945
0.973943
0.981193
0.980713
0.99108
0.785136
0.974989
0.968377
0.973526
0.848382
0.949517
0.952433
0.987258
0.89405
0.807019
0.954013
0.971095
0.963614
0.97624
0.918723
0.965859
0.882712
0.977799
0.979305
0.962006
0.953747
0.966126
0.987178
0.978006
0.979647
0.913286
0.757476
0.934222
0.989308
0.994438
0.844127
0.989763
0.966631
0.841993
0.961572
0.952185
0.97288
0.978264
0.967103
0.98587
0.918361
0.947199
0.959095
0.90036
0.964662
0.931178
0.790578
0.95289
0.71617
0.991148
0.963186
0.863715
0.790578
0.888947
0.980693
0.992378
0.980838
0.916283
0.956877
0.974177
0.969459
0.765997
0.9025
0.92165
0.933328
0.936864
0.942576
0.966989
0.983836
0.910959
0.949284
0.985408
0.849629
0.918225
0.956092
0.956368
0.968539
0.986735
0.914083
0.941403
0.773764
0.836494
0.967723
0.961127
0.987615
0.967266
0.985795
0.948189
0.954791
0.982683
0.953021
0.823747
0.850015
0.950506
0.93481
0.982923
0.929108
0.967653
0.99631
0.947131
0.84752
0.92269
0.941371
0.943203
0.977628
0.915907
0.923686
0.965678
0.848765
0.985131
0.989291
0.945788
0.96851
0.933151
0.84752
0.976087
0.954866
0.955274
0.978873
0.724001
0.784892
0.890895
0.973603
0.939918
0.846332
0.95164
0.964868
0.943989
0.985045
0.974701
0.888466
0.865843
0.990284
0.986185
0.784212
0.963672
0.978496
0.926252
0.981828
0.810718
0.962559
0.96894
0.964502
0.991822
0.943762
0.953577
0.989851
0.979989
0.970991
0.950904
0.885561
0.98962
0.81295
0.981501
0.783845
0.825176
0.902034
0.987058
0.9872
0.717114
0.980371
0.982964
0.966156
0.942156
0.764058
0.974768
0.790645
0.798477
0.97959
0.930067
0.985827
0.93328
0.985644
0.958405
0.992928
0.987212
0.81332
0.891092
0.973656
0.890426
0.975047
0.978517
0.96558
0.705278
0.993689
0.971023
0.870489
0.98097
0.97609
0.974775
0.765438
0.969337
0.97484
0.989511
0.937787
0.901686
0.978304
0.628129
0.78733
0.841123
0.973502
0.717376
0.994049
0.933476
0.975733
0.843626
0.943477
0.838789
0.970784
0.911621
0.903782
0.994842
0.967043
0.965015
0.98614
0.980298
0.914322
0.908682
0.963767
0.946879
0.854425
0.947376
0.888518
0.988675
0.975968
0.989139
0.960055
0.972283
0.6956
0.961354
0.941997
0.938253
0.804784
0.955461
0.952446
0.979732
0.940786
0.983807
0.76666
0.975164
0.97827
0.982211
0.832547
0.951943
0.950127
0.996983
0.888732
0.849285
0.688127
0.964842
0.898076
0.979385
0.967616
0.96851
0.973614
0.838943
0.987287
0.931955
0.852045
0.949965
0.97266
0.913312
0.974768
0.984302
0.99277
0.965102
0.976608
0.842349
0.771447
0.95528
0.895299
0.7472
0.902485
0.903151
0.879527
0.985736
0.971978
0.878956
0.974176
0.76596
0.878462
0.838316
0.874397
0.938978
0.985846
0.99297
0.983544
0.967742
0.991714
0.922998
0.919877
0.961074
0.848146
0.838789
0.984679
0.766845
0.950943
0.976443
0.959186
0.786606
0.979101
0.907515
0.947534
0.969664
0.981508
0.971892
0.887847
0.992202
0.949283
0.894205
0.827392
0.923697
0.976638
0.963271
0.978547
0.911287
0.858283
0.857907
0.97188
0.709863
0.976
0.938135
0.733385
0.986601
0.729275
0.955459
0.766694
0.97115
0.859011
0.990176
0.971298
0.962462
0.974242
0.918346
0.750011
0.716208
0.821954
0.952108
0.786606
0.767676
0.859011
0.914175
0.770883
0.915138
0.933584
0.965932
0.94032
0.974595
0.979737
0.942156
0.911869
0.956912
0.962681
0.90327
0.950895
0.948416
0.981586
0.908954
0.91286
0.941784
0.928049
0.984957
0.732988
0.991922
0.964819
0.951624
0.725578
0.968627
0.711473
0.960317
0.773383
0.951392
0.957533
0.94998
0.873921
0.929869
0.858592
0.87481
0.923443
0.977423
0.779134
0.871086
0.969203
0.990801
0.948023
0.681147
0.967925
0.940333
0.970717
0.980478
0.926674
0.939382
0.975174
0.974723
0.953956
0.982722
0.861726
0.992279
0.952899
0.944692
0.982968
0.962123
0.962279
0.968368
0.958889
0.554312
0.973831
0.918555
0.911741
0.996741
0.902735
0.968754
0.984102
0.972078
0.986526
0.983043
0.919056
0.919626
0.939319
0.848146
0.894044
0.835254
0.844204
0.958916
0.878134
0.831132
0.929378
0.74902
0.985367
0.955273
0.884946
0.974494
0.988314
0.991435
0.987637
0.978486
0.988451
0.966151
0.943989
0.86327
0.984112
0.98563
0.983582
0.807116
0.931551
0.980906
0.969302
0.977444
0.985348
0.969565
0.954953
0.860435
0.953374
0.982202
0.937167
0.80777
0.984386
0.914953
0.982878
0.889912
0.874692
0.97539
0.994279
0.865532
0.93469
0.759737
0.96155
0.984596
0.974124
0.881274
0.981458
0.97973
0.991944
0.972476
0.926284
0.948553
0.966846
0.981828
0.958889
0.943723
0.963953
0.974539
0.900072
0.974914
0.894901
0.963142
0.934429
0.967153
0.990612
0.975471
0.982286
0.993175
0.9915
0.978577
0.720943
0.936509
0.95559
0.983912
0.950884
0.980353
0.983928
0.988
0.876059
0.889134
0.963308
0.84556
0.975326
0.945597
0.898488
0.983654
0.973899
0.991544
0.857578
0.934249
0.887077
0.968304
0.799037
0.985093
0.804817
0.839274
0.964972
0.979359
0.926846
0.995974
0.773768
0.977311
0.981957
0.774667
0.933802
0.969203
0.77993
0.948505
0.978744
0.961062
0.959003
0.741003
0.97356
0.95391
0.846987
0.977553
0.982284
0.928666
0.971757
0.933832
0.959237
0.77585
0.986178
0.991643
0.92824
0.601639
0.959529
0.919376
0.992661
0.849884
0.98257
0.977405
0.895513
0.966289
0.992502
0.880344
0.895038
0.973645
0.904383
0.978528
0.935305
0.839274
0.772785
0.987508
0.912652
0.88906
0.960426
0.985331
0.936244
0.989036
0.979385
0.759737
0.778468
0.973959
0.950424
0.981667
0.935693
0.934303
0.861175
0.975471
0.939445
0.966721
0.93956
0.994365
0.993804
0.977127
0.927613
0.931065
0.939839
0.934204
0.977914
0.980793
0.984035
0.927888
0.986535
0.922285
0.976449
0.994036
0.967758
0.763603
0.930271
0.978873
0.877773
0.948683
0.862896
0.78255
0.972697
0.985185
0.957802
0.842824
0.844325
0.966631
0.979395
0.985105
0.980371
0.95211
0.935784
0.931862
0.97808
0.859416
0.885942
0.84527
0.97037
0.989206
0.807419
0.97882
0.962704
0.784275
0.991071
0.738509
0.972576
0.853242
0.884843
0.94281
0.95954
0.980041
0.954577
0.970506
0.890663
0.971408
0.95874
0.953168
0.97265
0.996906
0.993207
0.962928
0.945395
0.805953
0.974953
0.935505
0.942413
0.969583
0.962778
0.946396
0.983115
0.985358
0.989675
0.931705
0.872601
0.968388
0.846081
0.992262
0.902508
0.797594
0.965106
0.992038
0.823769
0.947456
0.983932
0.91324
0.987504
0.952793
0.970525
0.963612
0.956378
0.970879
0.83256
0.6484
0.966033
0.846081
0.937515
0.98332
0.962971
0.925047
0.969054
0.988112
0.960771
0.985423
0.957796
0.969478
0.926992
0.958972
0.921871
0.924593
0.822432
0.973814
0.931479
0.970328
0.76884
0.972796
0.836052
0.968878
0.976121
0.975522
0.984936
0.971023
0.965336
0.950553
0.84887
0.976863
0.885439
0.934632
0.94398
0.849657
0.975364
0.982096
0.926044
0.993844
0.986479
0.809607
0.984902
0.981952
0.64638
0.910042
0.807419
0.972601
0.967119
0.968478
0.950158
0.961787
0.795823
0.98413
0.86444
0.971779
0.877371
0.926329
0.971455
0.642069
0.955165
0.989737
0.975113
0.972897
0.95964
0.952505
0.979937
0.874612
0.963459
0.937752
0.968463
0.991956
0.987979
0.871086
0.987023
0.844123
0.854501
0.922637
0.963614
0.832045
0.94045
0.960867
0.983115
0.975906
0.993792
0.970362
0.8436
0.992563
0.976071
0.957921
0.731905
0.986324
0.990455
0.961358
0.921543
0.967204
0.902508
0.84401
0.95949
0.953274
0.935276
0.955461
0.990439
0.773297
0.888325
0.697226
0.993116
0.950127
0.946301
0.978412
0.982211
0.992928
0.969583
0.794661
0.95806
0.969672
0.970033
0.766694
0.998533
0.794877
0.742394
0.988309
0.99228
0.969926
0.987158
0.949854
0.990561
0.97088
0.884483
0.885439
0.901671
0.739383
0.980298
0.788024
0.954454
0.918244
0.946879
0.946591
0.991573
0.970879
0.978449
0.97584
0.948399
0.989663
0.984302
0.971508
0.978006
0.986136
0.874694
0.735657
0.976777
0.989637
0.916332
0.952696
0.937694
0.734078
0.981386
0.947992
0.828283
0.59334
0.846765
0.936109
0.970056
0.981204
0.973413
0.948789
0.99103
0.933304
0.962046
0.873051
0.982148
0.985348
0.940161
0.990838
0.930753
0.98721
0.922945
0.997411
0.886118
0.952281
0.858763
0.703137
0.964203
0.980865
0.913674
0.894171
0.954127
0.76295
0.88317
0.948553
0.784914
0.926215
0.768199
0.990848
0.840762
0.975062
0.953793
0.907199
0.962825
0.981276
0.98792
0.73739
0.978427
0.86886
0.882595
0.918647
0.792872
0.973703
0.737943
0.977628
0.971753
0.769898
0.953473
0.648653
0.907309
0.7788
0.804563
0.961787
0.987184
0.71303
0.961738
0.979662
0.938066
0.908797
0.964234
0.979597
0.989306
0.818566
0.935959
0.848782
0.919477
0.910328
0.844703
0.6364
0.972079
0.991956
0.968126
0.950233
0.993196
0.702468
0.583524
0.99447
0.98429
0.956063
0.862673
0.962168
0.927364
0.967688
0.66684
0.990521
0.925201
0.959306
0.877872
0.767542
0.949087
0.989105
0.975749
0.971982
0.97353
0.895628
0.940374
0.959513
0.865633
0.980327
0.943718
0.926377
0.997224
0.918542
0.97797
0.980889
0.974762
0.96649
0.592189
0.940834
0.844671
0.913106
0.718521
0.979038
0.991114
0.933027
0.97708
0.961763
0.917632
0.940714
0.946333
0.848146
0.982192
0.945342
0.976284
0.882008
0.98849
0.847998
0.644383
0.987065
0.983387
0.985677
0.976045
0.866385
0.634771
0.860697
0.92642
0.923584
0.98815
0.891291
0.93469
0.905313
0.798003
0.726285
0.948954
0.889733
0.958096
0.983453
0.856702
0.970095
0.965936
0.89442
0.689281
0.89195
0.969769
0.989507
0.989722
0.91482
0.964989
0.834035
0.838316
0.930277
0.848826
0.851805
0.785549
0.953956
0.824031
0.957191
0.950407
0.738096
0.992208
0.962197
0.779458
0.947761
0.951472
0.974859
0.977969
0.514249
0.940116
0.995177
0.954459
0.97806
0.952713
0.716467
0.801003
0.970273
0.71043
0.985912
0.944988
0.98779
0.989003
0.932203
0.650179
0.671968
0.884946
0.899714
0.980668
0.959846
0.672981
0.864543
0.884516
0.762583
0.991357
0.973559
0.994352
0.859142
0.949559
0.915431
0.952859
0.92009
0.968774
0.943987
0.995126
0.968125
0.984112
0.971099
0.940174
0.987774
0.981377
0.823484
0.984875
0.98803
0.986573
0.784681
0.981715
0.877061
0.98214
0.980648
0.954802
0.946477
0.954849
0.859142
0.995599
0.929369
0.940052
0.840161
0.963405
0.896555
0.936027
0.970556
0.735187
0.990533
0.983579
0.986746
0.949956
0.952124
0.951098
0.997282
0.939666
0.93772
0.894768
0.821006
0.93687
0.961635
0.799643
0.878275
0.871866
0.913361
0.84701
0.986111
0.964629
0.807036
0.968833
0.916282
0.987258
0.948429
0.860569
0.987392
0.895251
0.991237
0.983977
0.796805
0.748277
0.981268
0.994241
0.965786
0.715293
0.865532
0.777564
0.852254
0.983744
0.968118
0.893587
0.960359
0.947439
0.934811
0.998701
0.94967
0.847315
0.895296
0.887014
0.915707
0.985758
0.892951
0.983447
0.804814
0.977368
0.927566
0.912419
0.943475
0.931529
0.971526
0.922324
0.974861
0.985566
0.748613
0.658137
0.867645
0.904628
0.887662
0.956794
0.97708
0.975382
0.990981
0.860859
0.890663
0.977808
0.875846
0.883689
0.972604
0.856827
0.983577
0.69365
0.975767
0.888993
0.96702
0.978205
0.897923
0.900848
0.718239
0.8233
0.993357
0.930912
0.978224
0.99072
0.649671
0.955209
0.987846
0.854291
0.95771
0.763743
0.922295
0.975099
0.978999
0.987389
0.95102
0.933897
0.974649
0.950943
0.957945
0.98416
0.925557
0.971104
0.911224
0.986962
0.964199
0.833828
0.964404
0.989509
0.849913
0.9011
0.815118
0.955375
0.982511
0.966223
0.991512
0.943047
0.954369
0.97543
0.764672
0.829181
0.962789
0.895513
0.887899
0.884864
0.97674
0.988485
0.869203
0.955463
0.967541
0.974543
0.954797
0.909291
0.905669
0.698284
0.87821
0.887365
0.991024
0.817162
0.985186
0.905231
0.943724
0.989906
0.742615
0.967265
0.917401
0.858554
0.982604
0.89914
0.967242
0.963217
0.981602
0.805052
0.850434
0.990277
0.936147
0.971483
0.794746
0.966846
0.944333
0.942512
0.986601
0.899793
0.9662
0.85851
0.789842
0.915157
0.910708
0.968779
0.875099
0.954915
0.981419
0.831086
0.971219
0.955214
0.773909
0.886096
0.946719
0.993677
0.977548
0.983677
0.944201
0.975956
0.977695
0.992173
0.730482
0.967409
0.986731
0.844342
0.785675
0.990858
0.933101
0.950853
0.988586
0.9011
0.958086
0.867358
0.917266
0.888774
0.954101
0.915464
0.902262
0.87911
0.990227
0.981191
0.757852
0.949547
0.980962
0.926601
0.812162
0.941693
0.85985
0.782122
0.976571
0.849417
0.835393
0.845609
0.825621
0.852979
0.958318
0.982393
0.986055
0.950904
0.721345
0.970411
0.940167
0.988992
0.99688
0.989179
0.945561
0.955489
0.96512
0.791389
0.980923
0.963497
0.990209
0.941939
0.748078
0.968378
0.817362
0.995474
0.978168
0.969186
0.814854
0.941732
0.974998
0.793182
0.958487
0.972837
0.707992
0.952609
0.807036
0.805052
0.966509
0.802963
0.968277
0.948769
0.839697
0.798488
0.966555
0.969829
0.9955
0.946396
0.663061
0.992926
0.953577
0.687965
0.714665
0.8387
0.95365
0.934892
0.770662
0.917052
0.973894
0.978139
0.926677
0.921934
0.966943
0.994326
0.919317
0.975969
0.890159
0.634601
0.99516
0.878904
0.852824
0.94109
0.992606
0.99361
0.98958
0.988868
0.905729
0.944468
0.964726
0.969054
0.939658
0.966556
0.974952
0.839697
0.941165
0.734209
0.954435
0.964839
0.96444
0.887441
0.846564
0.973814
0.999411
0.938469
0.897187
0.918755
0.999657
0.923154
0.973713
0.738855
0.896597
0.951472
0.817628
0.845927
0.813561
0.965925
0.982177
0.955779
0.90946
0.959033
0.910293
0.873965
0.985795
0.798717
0.957015
0.991446
0.845927
0.823608
0.993821
0.817935
0.964657
0.853242
0.764999
0.952562
0.884295
0.917528
0.98783
0.975767
0.997234
0.75795
0.984799
0.733071
0.993708
0.941394
0.934904
0.985302
0.985356
0.981149
0.960111
0.99223
0.993208
0.941705
0.98465
0.993649
0.960728
0.957774
0.935598
0.98133
0.94939
0.77788
0.893727
0.776001
0.922695
0.714797
0.980962
0.944276
0.969159
0.85569
0.672688
0.937647
0.964447
0.92173
0.921336
0.702533
0.745907
0.752397
0.587553
0.969445
0.979323
0.985622
0.961837
0.788307
0.954867
0.975079
0.966165
0.973074
0.95213
0.977652
0.961956
0.957325
0.994884
0.978026
0.900833
0.990455
0.977319
0.982248
0.917636
0.992054
0.985682
0.930538
0.97044
0.794043
0.53163
0.943007
0.884431
0.905476
0.705128
0.989639
0.953561
0.8154
0.990494
0.972558
0.947914
0.97619
0.964992
0.964346
0.941879
0.985918
0.833776
0.853398
0.847093
0.883856
0.874486
0.8387
0.853509
0.769636
0.993937
0.884795
0.974097
0.97205
0.933316
0.967037
0.942666
0.954046
0.939961
0.963662
0.956098
0.96018
0.881046
0.970033
0.981692
0.970394
0.976045
0.985786
0.93069
0.983214
0.992646
0.979174
0.945203
0.986683
0.856179
0.962884
0.853398
0.995058
0.84935
0.915839
0.987989
0.880575
0.727114
0.855789
0.990641
0.751479
0.910795
0.913691
0.880823
0.985246
0.887542
0.991057
0.991758
0.951794
0.982917
0.846209
0.9343
0.810834
0.987782
0.922979
0.856597
0.973827
0.755945
0.693019
0.860735
0.990295
0.864724
0.833374
0.965728
0.986436
0.983262
0.98908
0.947439
0.985727
0.990657
0.731528
0.987597
0.720926
0.91968
0.973792
0.988188
0.99508
0.955299
0.888262
0.975598
0.943781
0.978338
0.851106
0.982731
0.906865
0.986517
0.982486
0.966482
0.993381
0.938328
0.98823
0.927901
0.989934
0.714677
0.857969
0.883213
0.974583
0.995201
0.885271
0.993214
0.987463
0.962579
0.953845
0.975316
0.985772
0.991045
0.826247
0.972146
0.882152
0.984431
0.97652
0.915408
0.966585
0.975322
0.983668
0.860965
0.901662
0.819218
0.945293
0.990441
0.988815
0.979025
0.954257
0.99131
0.929859
0.926307
0.863236
0.923045
0.995071
0.985366
0.990765
0.996999
0.953463
0.968438
0.96896
0.949925
0.934661
0.994634
0.934332
0.990272
0.981365
0.921393
0.995974
0.941243
0.984955
0.972232
0.94018
0.99119
0.811173
0.988472
0.970941
0.97425
0.982693
0.900725
0.960173
0.917962
0.917717
0.933854
0.985142
0.977957
0.978389
0.921575
0.976168
0.951749
0.81123
0.959253
0.951561
0.749615
0.907686
0.736002
0.966623
0.884512
0.985876
0.734737
0.98161
0.85916
0.973925
0.940223
0.94099
0.922967
0.980194
0.9822
0.868379
0.988885
0.922508
0.957185
0.85916
0.972908
0.985664
0.974714
0.907628
0.912679
0.981968
0.987055
0.98754
0.760933
0.833876
0.956015
0.736055
0.851116
0.916444
0.988425
0.828582
0.968827
0.955869
0.989055
0.946686
0.845537
0.794441
0.917462
0.833296
0.920631
0.983969
0.813039
0.973964
0.993883
0.853775
0.99295
0.985956
0.890896
0.990676
0.92974
0.975098
0.971003
0.986185
0.94443
0.95286
0.819218
0.983103
0.935967
0.876666
0.744689
0.953927
0.994802
0.756517
0.942909
0.812173
0.98327
0.997055
0.9194
0.793291
0.906498
0.986569
0.946255
0.98191
0.963848
0.968191
0.98493
0.765686
0.820794
0.974578
0.969579
0.992011
0.93357
0.854422
0.982177
0.983214
0.965719
0.932078
0.994093
0.923426
0.87744
0.930285
0.993684
0.966692
0.826196
0.966631
0.598526
0.955838
0.936127
0.991719
0.735399
0.979432
0.954236
0.977368
0.851718
0.837799
0.988408
0.989741
0.977776
0.864569
0.859911
0.876471
0.819731
0.992058
0.935829
0.971762
0.850178
0.985183
0.859321
0.766331
0.838341
0.65081
0.959602
0.925963
0.939245
0.854786
0.928321
0.959639
0.98403
0.960276
0.856583
0.922247
0.991051
0.899958
0.87552
0.915554
0.982963
0.678105
0.995479
0.972056
0.984771
0.797197
0.950499
0.980307
0.888601
0.988697
0.978696
0.992553
0.903379
0.745141
0.98483
0.791163
0.735948
0.95124
0.764248
0.86147
0.766331
0.85318
0.978647
0.983154
0.924959
0.931345
0.943391
0.884358
0.971259
0.982388
0.725777
0.979804
0.962073
0.996195
0.98947
0.97617
0.989001
0.985372
0.960866
0.98487
0.980425
0.986206
0.891098
0.979214
0.937813
0.896058
0.839175
0.781708
0.974256
0.681586
0.895642
0.855438
0.981305
0.930685
0.748407
0.784329
0.99437
0.985735
0.938137
0.918289
0.990239
0.903261
0.991057
0.872483
0.862286
0.985278
0.7923
0.940997
0.928319
0.851506
0.975498
0.923808
0.916462
0.967484
0.992661
0.737668
0.970512
0.969492
0.873837
0.949776
0.974778
0.680321
0.938908
0.968646
0.989835
0.972374
0.990703
0.974247
0.991291
0.969946
0.962588
0.709699
0.976147
0.917206
0.985735
0.720915
0.904544
0.980777
0.977954
0.937732
0.997861
0.933145
0.988613
0.96889
0.86862
0.948525
0.936817
0.96849
0.94454
0.981492
0.995792
0.894097
0.948046
0.987836
0.99036
0.99403
0.928919
0.95853
0.957066
0.952441
0.975382
0.979538
0.890927
0.926506
0.983396
0.956621
0.989343
0.971762
0.963874
0.844671
0.954026
0.881884
0.833279
0.886699
0.90526
0.940386
0.993625
0.971512
0.840079
0.933146
0.850681
0.890176
0.879067
0.936207
0.936639
0.991246
0.985849
0.985408
0.927148
0.762474
0.941112
0.906382
0.957432
0.975218
0.97156
0.830949
0.966785
0.968139
0.937499
0.990788
0.95289
0.85569
0.976321
0.964072
0.996879
0.961721
0.977849
0.966678
0.995835
0.902202
0.719333
0.947423
0.990934
0.997045
0.778069
0.714069
0.973173
0.994282
0.978078
0.977678
0.973396
0.873935
0.873235
0.807154
0.962935
0.987962
0.948018
0.907319
0.990163
0.980766
0.839136
0.851441
0.797853
0.956893
0.968443
0.950139
0.888226
0.995072
0.928107
0.972883
0.982275
0.984016
0.783009
0.848962
0.910806
0.962478
0.976328
0.973818
0.972562
0.845751
0.972238
0.975201
0.771958
0.993656
0.988687
0.840157
0.975306
0.837301
0.995653
0.979228
0.95368
0.806529
0.701328
0.941624
0.965611
0.96653
0.925704
0.831247
0.98327
0.976201
0.911051
0.845751
0.926992
0.978962
0.987189
0.975498
0.978026
0.886472
0.990614
0.991051
0.99437
0.834165
0.991227
0.97367
0.667307
0.93369
0.895475
0.958206
0.981949
0.991375
0.956642
0.983219
0.970557
0.988475
0.961503
0.815545
0.979132
0.920431
0.991853
0.951794
0.890857
0.961548
0.952184
0.987854
0.710978
0.53665
0.976273
0.987413
0.888566
0.852063
0.879856
0.995021
0.840157
0.989446
0.784329
0.993544
0.982953
0.942167
0.994903
0.965146
0.981195
0.821734
0.980052
0.978815
0.936424
0.984649
0.858798
0.98414
0.996504
0.991742
0.933332
0.942977
0.979707
0.981121
0.967332
0.91075
0.978084
0.715647
0.953721
0.950243
0.941041
0.904848
0.996848
0.950139
0.973585
0.871011
0.981497
0.968755
0.899774
0.838665
0.723009
0.964657
0.949578
0.975989
0.789819
0.993721
0.981103
0.903003
0.96102
0.901042
0.960725
0.879245
0.978228
0.907279
0.833924
0.988698
0.948176
0.981983
0.978626
0.867892
0.845048
0.968833
0.956572
0.993057
0.738634
0.94396
0.937126
0.996403
0.955561
0.957205
0.948138
0.95529
0.738665
0.948576
0.983168
0.945505
0.859037
0.984849
0.985827
0.985513
0.988021
0.926252
0.967234
0.968755
0.535068
0.919128
0.621544
0.990157
0.92792
0.745146
0.917741
0.924017
0.900389
0.905983
0.971139
0.933317
0.979939
0.978123
0.953276
0.852301
0.967788
0.922979
0.77975
0.806185
0.962181
0.873235
0.930536
0.987455
0.994296
0.808962
0.959548
0.896852
0.988175
0.911268
0.929368
0.974563
0.967747
0.976019
0.952098
0.972314
0.96841
0.96894
0.958906
0.910911
0.963024
0.904615
0.804446
0.688864
0.971504
0.942518
0.968833
0.622605
0.907128
0.873965
0.940286
0.956862
0.93963
0.980159
0.768088
0.949545
0.98664
0.952201
0.979301
0.807988
0.992665
0.981051
0.649243
0.9443
0.950615
0.89621
0.895942
0.769142
0.908571
0.918223
0.997726
0.982548
0.989114
0.926307
0.972769
0.856921
0.990135
0.95073
0.900292
0.97459
0.819404
0.986003
0.88583
0.984559
0.97965
0.78703
0.966272
0.997044
0.921085
0.940314
0.922963
0.991227
0.925809
0.742856
0.980071
0.939245
0.984508
0.987053
0.986943
0.996635
0.924403
0.582665
0.942166
0.920676
0.894875
0.949727
0.975291
0.984986
0.94662
0.980089
0.790429
0.978923
0.965784
0.936332
0.76217
0.693097
0.978206
0.973257
0.995759
0.787968
0.758481
0.961184
0.986952
0.964573
0.624995
0.866507
0.990305
0.595888
0.817978
0.879247
0.959508
0.889556
0.960364
0.98401
0.988923
0.980409
0.960049
0.94298
0.968489
0.934892
0.957972
0.864804
0.917659
0.990218
0.963868
0.984361
0.991825
0.836287
0.978994
0.987506
0.851103
0.992567
0.987988
0.989537
0.982911
0.982483
0.818566
0.918825
0.805568
0.981006
0.951258
0.885365
0.971376
0.941304
0.983025
0.99448
0.888141
0.951186
0.883679
0.942354
0.973549
0.995607
0.850473
0.582458
0.956015
0.889161
0.99122
0.901042
0.941016
0.681207
0.923106
0.666221
0.962337
0.968408
0.899785
0.947468
0.987162
0.981892
0.791059
0.961226
0.730893
0.970321
0.90322
0.784037
0.796733
0.972106
0.930031
0.981951
0.769606
0.858589
0.8955
0.991511
0.916419
0.973637
0.837034
0.755437
0.862496
0.983341
0.748165
0.975803
0.98919
0.982111
0.976057
0.926473
0.981946
0.941098
0.967747
0.954211
0.878057
0.969453
0.847716
0.661224
0.854226
0.706265
0.967062
0.980656
0.742764
0.90751
0.616616
0.775235
0.994196
0.88454
0.742983
0.946211
0.986394
0.894103
0.982444
0.983841
0.989502
0.786965
0.970545
0.988236
0.855512
0.964038
0.993858
0.989653
0.917142
0.985239
0.967297
0.937676
0.982927
0.863206
0.993636
0.839425
0.973794
0.969383
0.976053
0.943963
0.903774
0.987555
0.98011
0.775169
0.700825
0.921802
0.968327
0.67987
0.950404
0.993417
0.970232
0.981225
0.907309
0.976276
0.994297
0.945687
0.948683
0.974354
0.801671
0.77969
0.940226
0.974998
0.868868
0.968983
0.867374
0.969537
0.852757
0.977776
0.786991
0.980263
0.991907
0.983853
0.933069
0.95576
0.664307
0.974565
0.964072
0.947952
0.966481
0.959468
0.941599
0.93357
0.936809
0.991748
0.985024
0.990714
0.97156
0.959462
0.83423
0.99506
0.982697
0.972146
0.738509
0.974873
0.898846
0.923426
0.967713
0.931485
0.919947
0.967388
0.914287
0.863287
0.906382
0.963851
0.996523
0.843927
0.822872
0.954236
0.892498
0.936817
0.965514
0.806675
0.808019
0.936286
0.94898
0.797777
0.726758
0.807744
0.985322
0.548547
0.766979
0.859321
0.892037
0.972735
0.978833
0.888279
0.867532
0.948126
0.964592
0.977797
0.995029
0.963028
0.956374
0.972826
0.98052
0.979934
0.921316
0.964623
0.847689
0.935266
0.92781
0.838966
0.983152
0.987878
0.984986
0.960154
0.747054
0.905285
0.957689
0.96677
0.759347
0.918751
0.985627
0.990864
0.987162
0.86277
0.99844
0.94109
0.98175
0.855787
0.821774
0.950524
0.996523
0.986754
0.989088
0.966898
0.97059
0.958957
0.98164
0.961956
0.787768
0.747439
0.910798
0.979194
0.947366
0.94703
0.989105
0.995041
0.864709
0.945915
0.88067
0.925652
0.994754
0.936073
0.956243
0.858292
0.990714
0.966979
0.992417
0.900015
0.984878
0.992728
0.761009
0.93757
0.952098
0.894232
0.983255
0.972323
0.956611
0.97543
0.88685
0.995479
0.907628
0.808492
0.835412
0.973201
0.870053
0.961776
0.806185
0.969312
0.942526
0.894915
0.921347
0.988635
0.899785
0.678203
0.865915
0.875602
0.971675
0.982725
0.92286
0.975915
0.97652
0.893598
0.983146
0.98473
0.983571
0.984637
0.642487
0.807562
0.921848
0.964718
0.909342
0.858696
0.854223
0.971204
0.964475
0.97619
0.986575
0.972044
0.969239
0.980058
0.991007
0.974163
0.759552
0.830997
0.876858
0.967297
0.855872
0.978338
0.933147
0.878966
0.981222
0.946411
0.93737
0.96353
0.944773
0.961495
0.982111
0.933854
0.869257
0.892735
0.953824
0.971312
0.917471
0.962747
0.95744
0.993922
0.985553
0.979945
0.982395
0.78766
0.98089
0.963141
0.999023
0.987391
0.986457
0.982948
0.98791
0.826757
0.961503
0.991133
0.9867
0.959033
0.983875
0.85595
0.987454
0.97959
0.98994
0.978572
0.978205
0.977987
0.823931
0.93477
0.970743
0.980841
0.817616
0.693506
0.994555
0.958549
0.958915
0.98783
0.974616
0.986998
0.725504
0.935266
0.93315
0.89596
0.971183
0.928005
0.941745
0.965044
0.984944
0.988511
0.933145
0.950508
0.986462
0.947199
0.975418
0.884748
0.932882
0.97478
0.976823
0.92175
0.99068
0.990736
0.851275
0.970796
0.855268
0.978167
0.753098
0.963
0.956862
0.980665
0.838667
0.905726
0.909549
0.857112
0.985627
0.977849
0.978391
0.980043
0.977356
0.932214
0.929379
0.971405
0.98076
0.993136
0.99048
0.678096
0.971473
0.914486
0.828852
0.833876
0.927857
0.681207
0.782606
0.994904
0.889247
0.87516
0.922857
0.931185
0.854632
0.817637
0.951581
0.97498
0.971149
0.985041
0.946411
0.986057
0.742361
0.907754
0.841326
0.97546
0.973517
0.853337
0.816938
0.992765
0.895256
0.984884
0.946498
0.936754
0.97211
0.918985
0.93646
0.98473
0.973517
0.907988
0.863667
0.990734
0.991643
0.975508
0.99793
0.982927
0.996157
0.982509
0.984291
0.918289
0.989264
0.768796
0.952874
0.904514
0.95421
0.94123
0.979087
0.986632
0.888105
0.928237
0.993969
0.992462
0.661279
0.803667
0.973475
0.985543
0.78914
0.764718
0.878543
0.973794
0.895604
0.971826
0.993713
0.973251
0.859911
0.995131
0.691755
0.981638
0.906323
0.986204
0.99051
0.954438
0.989093
0.865702
0.834966
0.847204
0.905242
0.828904
0.852296
0.751995
0.890195
0.98345
0.93693
0.837181
0.998039
0.782452
0.807888
0.956484
0.959248
0.971265
0.960728
0.982638
0.832272
0.957287
0.971544
0.851018
0.800686
0.931841
0.682917
0.980159
0.982038
0.996446
0.981309
0.95421
0.895869
0.980794
0.898423
0.848397
0.993322
0.795504
0.993818
0.963016
0.942413
0.939727
0.963028
0.845056
0.976157
0.987709
0.953017
0.985016
0.960049
0.925485
0.995123
0.979719
0.970843
0.789632
0.871815
0.99218
0.934401
0.992259
0.97396
0.982954
0.979231
0.961472
0.979152
0.973201
0.888939
0.940051
0.871306
0.96677
0.976252
0.981229
0.972605
0.666423
0.996026
0.964479
0.980486
0.992488
0.986594
0.986463
0.981535
0.977693
0.968327
0.907382
0.983841
0.790581
0.983995
0.967195
0.929987
0.896138
0.907869
0.845771
0.988188
0.98823
0.574366
0.707809
0.948837
0.884483
0.952485
0.835255
0.959298
0.96856
0.969281
0.962935
0.950704
0.955135
0.968453
0.997765
0.989498
0.949861
0.948426
0.86178
0.8675
0.977886
0.963632
0.745987
0.988765
0.985341
0.927074
0.977661
0.947686
0.949647
0.88124
0.948953
0.99697
0.907262
0.976776
0.987294
0.90011
0.978001
0.95919
0.963328
0.985155
0.979214
0.993253
0.989197
0.966275
0.894039
0.982165
0.986738
0.860345
0.825275
0.989138
0.970688
0.928237
0.982446
0.992957
0.986176
0.985694
0.986289
0.989779
0.958302
0.956682
0.881884
0.982245
0.896374
0.989114
0.991606
0.874408
0.984225
0.978216
0.974278
0.98773
0.992725
0.968255
0.996964
0.896401
0.975632
0.868928
0.956875
0.985138
0.895045
0.981988
0.961571
0.971821
0.841042
0.846095
0.764058
0.982157
0.90958
0.948426
0.925951
0.988784
0.929029
0.983404
0.942791
0.965926
0.910524
0.984346
0.891291
0.975424
0.907262
0.931345
0.837279
0.76743
0.810835
0.989494
0.960519
0.943963
0.959602
0.950758
0.972753
0.898346
0.980058
0.983871
0.973424
0.855364
0.988175
0.988477
0.637637
0.986665
0.92845
0.962164
0.841812
0.983219
0.92577
0.962262
0.771807
0.946443
0.979716
0.97999
0.966929
0.903715
0.939389
0.913312
0.898007
0.982618
0.659208
0.912005
0.996964
0.956491
0.997128
0.788399
0.981377
0.97546
0.974467
0.958497
0.981983
0.999112
0.608368
0.779147
0.891623
0.985819
0.787498
0.841042
0.739339
0.965863
0.970977
0.979168
0.964989
0.959353
0.986161
0.984882
0.933699
0.995453
0.959861
0.967569
0.692325
0.975259
0.882433
0.912368
0.922779
0.989559
0.92212
0.879959
0.995028
0.978654
0.985364
0.953376
0.935181
0.988786
0.921316
0.888967
0.98012
0.966345
0.977131
0.978261
0.958076
0.971944
0.98148
0.976304
0.955954
0.944722
0.909679
0.85688
0.982362
0.959861
0.775
0.955729
0.761502
0.988954
0.978528
0.984679
0.992864
0.891656
0.874755
0.826668
0.943568
0.976583
0.987218
0.691787
0.976378
0.943644
0.971295
0.857078
0.997262
0.935397
0.953098
0.963919
0.962651
0.996762
0.846008
0.995804
0.958926
0.963586
0.809173
0.964295
0.973944
0.882409
0.949034
0.985041
0.947134
0.983936
0.980665
0.933919
0.767519
0.803421
0.931113
0.905771
0.810521
0.783265
0.943568
0.976511
0.981792
0.990657
0.934204
0.919447
0.848328
0.908806
0.883225
0.99129
0.981637
0.980308
0.971974
0.986231
0.970428
0.913047
0.981175
0.894796
0.98175
0.985168
0.994175
0.971245
0.949861
0.943854
0.947436
0.925499
0.960317
0.955398
0.878784
0.968438
0.882433
0.978788
0.982237
0.91948
0.988271
0.9703
0.978994
0.987511
0.948105
0.983605
0.77585
0.897301
0.84527
0.953946
0.712995
0.848728
0.834626
0.981296
0.939481
0.922151
0.975578
0.978626
0.977014
0.977166
0.722153
0.834958
0.939292
0.982332
0.994362
0.961776
0.919854
0.912648
0.988765
0.945399
0.783265
0.910081
0.948329
0.934648
0.995174
0.983953
0.98814
0.986535
0.995091
0.760122
0.987283
0.941498
0.978498
0.961599
0.929193
0.986653
0.979052
0.864534
0.851233
0.988174
0.985163
0.921376
0.991981
0.984624
0.965714
0.876153
0.92146
0.97048
0.868335
0.976195
0.794643
0.935411
0.973915
0.539555
0.911125
0.942103
0.970827
0.987941
0.972642
0.978142
0.778533
0.932669
0.976054
0.986388
0.953456
0.820662
0.990877
0.843004
0.966371
0.969201
0.975495
0.918113
0.957373
0.985513
0.848728
0.910248
0.785615
0.980089
0.972306
0.937974
0.764102
0.991915
0.847144
0.976981
0.967329
0.970437
0.945243
0.919637
0.893203
0.892578
0.843004
0.96675
0.85122
0.986102
0.788399
0.837074
0.982919
0.947295
0.900015
0.926925
0.953424
0.7255
0.985322
0.881046
0.945353
0.865019
0.821006
0.971756
0.953431
0.950317
0.727251
0.964267
0.961927
0.96722
0.934871
0.921696
0.681694
0.948925
0.763446
0.761887
0.982799
0.698382
0.887337
0.976171
0.98042
0.983063
0.947631
0.969473
0.992518
0.982844
0.925951
0.984699
0.971364
0.969769
0.96993
0.981499
0.798429
0.995715
0.758621
0.990659
0.98027
0.975527
0.865176
0.998227
0.727482
0.985286
0.909327
0.909327
0.577802
0.982116
0.77928
0.977539
0.954953
0.964267
0.960298
0.885936
0.979508
0.892323
0.971063
0.908201
0.965815
0.987716
0.980689
0.988421
0.953011
0.686671
0.961259
0.849884
0.968361
0.899918
0.920729
0.951095
0.996995
0.946291
0.961572
0.882626
0.985501
0.988544
0.992965
0.796998
0.808132
0.949173
0.797306
0.904655
0.955356
0.976153
0.752076
0.811491
0.997153
0.854921
0.982691
0.895161
0.958793
0.963404
0.829033
0.964693
0.982364
0.952324
0.987002
0.936726
0.877151
0.905605
0.916442
0.986692
0.850769
0.978304
0.940513
0.74236
0.97765
0.927901
0.968934
0.900086
0.965257
0.780961
0.852651
0.989158
0.948248
0.950031
0.976678
0.904899
0.638537
0.883396
0.964985
0.971391
0.907721
0.940165
0.927478
0.966151
0.980052
0.957811
0.963904
0.979934
0.86979
0.805248
0.794392
0.919666
0.940803
0.952893
0.933919
0.90854
0.974649
0.973955
0.859913
0.933153
0.956545
0.973053
0.988927
0.970723
0.990967
0.98726
0.966994
0.982936
0.924521
0.839257
0.982305
0.929291
0.907319
0.968807
0.994748
0.969662
0.956498
0.920542
0.980462
0.93078
0.979122
0.989672
0.975513
0.938862
0.948545
0.993651
0.998382
0.955313
0.989549
0.985867
0.993643
0.951152
0.961828
0.980575
0.859858
0.924521
0.84875
0.897954
0.746305
0.974788
0.948616
0.987294
0.868991
0.94454
0.98222
0.983857
0.991704
0.995553
0.954885
0.987378
0.971911
0.982802
0.986896
0.975969
0.966634
0.984648
0.946253
0.984783
0.922221
0.857105
0.940818
0.993365
0.953639
0.955737
0.870303
0.994278
0.963673
0.751333
0.888156
0.990513
0.873593
0.909405
0.959601
0.891834
0.990993
0.784981
0.979387
0.99496
0.930307
0.950926
0.975429
0.850697
0.946765
0.924745
0.986396
0.975595
0.816169
0.973095
0.990166
0.953203
0.977157
0.985428
0.889599
0.986827
0.988731
0.922215
0.919362
0.953861
0.780603
0.985024
0.744177
0.775407
0.958739
0.805191
0.550661
0.963488
0.981287
0.899103
0.872062
0.92246
0.98923
0.973979
0.746762
0.954417
0.822952
0.971181
0.906575
0.985352
0.955737
0.988897
0.948126
0.805343
0.943336
0.947137
0.917471
0.995072
0.85108
0.901008
0.946872
0.966798
0.993237
0.930536
0.901662
0.981248
0.981032
0.98893
0.834851
0.99727
0.808037
0.857657
0.980658
0.832551
0.90384
0.861575
0.899342
0.930341
0.976707
0.971321
0.956827
0.985128
0.976422
0.901962
0.961558
0.946827
0.888719
0.999805
0.848456
0.969309
0.955553
0.946815
0.951343
0.84472
0.742389
0.972106
0.947631
0.989003
0.956462
0.972442
0.9816
0.886278
0.810426
0.987769
0.971054
0.845357
0.983743
0.797892
0.977204
0.987717
0.858659
0.98586
0.989821
0.979212
0.972981
0.938949
0.680321
0.985328
0.958083
0.799739
0.965112
0.896776
0.925717
0.959471
0.90196
0.955887
0.972338
0.662354
0.987333
0.92666
0.984875
0.991662
0.9194
0.978449
0.881884
0.757232
0.963072
0.990812
0.948229
0.888646
0.977779
0.986516
0.94059
0.963798
0.924143
0.954216
0.948568
0.997671
0.93531
0.95281
0.592916
0.98687
0.983051
0.989534
0.881571
0.963234
0.886153
0.991797
0.959912
0.963755
0.988787
0.988114
0.960515
0.892883
0.987333
0.815655
0.98123
0.985628
0.955018
0.721791
0.988021
0.836653
0.729745
0.906498
0.914572
0.846527
0.919695
0.964415
0.936593
0.942977
0.996991
0.958318
0.951562
0.996112
0.966051
0.980999
0.983953
0.991661
0.938089
0.985352
0.994273
0.976363
0.986942
0.988047
0.981525
0.860544
0.989782
0.940252
0.977094
0.989624
0.869003
0.886111
0.973565
0.931665
0.994423
0.936583
0.959044
0.986754
0.891802
0.951152
0.915424
0.982186
0.869478
0.982764
0.642795
0.969004
0.988101
0.535619
0.977444
0.880833
0.97164
0.67117
0.994891
0.956964
0.998041
0.906516
0.948311
0.84711
0.96119
0.973692
0.962102
0.980974
0.804224
0.990102
0.991985
0.860768
0.970757
0.813993
0.879259
0.979989
0.85832
0.930815
0.978793
0.842182
0.987331
0.990275
0.983165
0.99064
0.967759
0.888933
0.952546
0.950564
0.990501
0.978775
0.901345
0.986534
0.760763
0.910937
0.911885
0.88362
0.925779
0.962934
0.978143
0.923832
0.880357
0.97664
0.888043
0.972409
0.95003
0.939202
0.979635
0.937802
0.980317
0.929393
0.991538
0.935105
0.953126
0.884531
0.955079
0.894198
0.968334
0.921934
0.987316
0.97735
0.810607
0.931416
0.975122
0.982625
0.955569
0.867012
0.96954
0.981425
0.881156
0.993152
0.949965
0.888938
0.975988
0.979194
0.804209
0.932119
0.986692
0.879018
0.968747
0.985127
0.989301
0.990135
0.945917
0.988282
0.959327
0.981585
0.978388
0.986802
0.956996
0.923832
0.861759
0.917304
0.981891
0.990848
0.929354
0.782756
0.986556
0.912812
0.948878
0.988507
0.796184
0.970129
0.98715
0.955779
0.969005
0.994754
0.988074
0.986752
0.978999
0.98002
0.978254
0.873973
0.887846
0.847076
0.870588
0.841692
0.884119
0.865513
0.9856
0.986293
0.975465
0.986704
0.860503
0.954195
0.826264
0.977209
0.944652
0.942625
0.963187
0.988739
0.981817
0.749349
0.947126
0.993555
0.80179
0.964526
0.987981
0.978435
0.940466
0.991763
0.969128
0.899898
0.895362
0.989585
0.708904
0.975426
0.969174
0.980224
0.780965
0.990644
0.954181
0.85958
0.988685
0.920844
0.987079
0.960076
0.982082
0.987706
0.979357
0.989286
0.95874
0.988404
0.92455
0.947231
0.948399
0.928936
0.987036
0.852822
0.984765
0.915455
0.896953
0.855282
0.750861
0.98535
0.990317
0.991497
0.965733
0.978998
0.986883
0.935411
0.771404
0.878225
0.949818
0.948545
0.845287
0.930627
0.97888
0.967871
0.957872
0.906357
0.986534
0.989403
0.974562
0.72456
0.984309
0.681884
0.981831
0.963348
0.990927
0.957923
0.9521
0.980035
0.863181
0.976068
0.984545
0.767068
0.957094
0.829322
0.964905
0.847441
0.970613
0.985975
0.926465
0.874364
0.841964
0.980185
0.956326
0.964759
0.63217
0.939389
0.986605
0.955855
0.928572
0.989305
0.931699
0.987015
0.912111
0.932563
0.989336
0.96803
0.970181
0.711896
0.984648
0.92173
0.971194
0.877061
0.991478
0.978135
0.956115
0.996192
0.970599
0.956005
0.99281
0.972885
0.972173
0.970274
0.989545
0.901693
0.948316
0.95032
0.976585
0.974851
0.971473
0.987517
0.942492
0.896183
0.988544
0.796854
0.982223
0.988505
0.968309
0.988698
0.872743
0.899088
0.993649
0.904757
0.959844
0.984822
0.985414
0.954257
0.986568
0.986552
0.985312
0.987053
0.989273
0.992055
0.774841
0.990511
0.98976
0.981801
0.922189
0.749829
0.856317
0.916012
0.995697
0.992203
0.969879
0.876897
0.985584
0.988121
0.989812
0.95753
0.936611
0.949331
0.986647
0.988788
0.793363
0.829073
0.984507
0.991533
0.867125
0.904333
0.888078
0.967539
0.961197
0.956383
0.807056
0.968429
0.967592
0.963657
0.975714
0.880137
0.90037
0.967357
0.982041
0.992094
0.894651
0.975624
0.985737
0.978269
0.987261
0.98907
0.958752
0.981725
0.998018
0.57346
0.991389
0.909457
0.970971
0.889718
0.879399
0.98402
0.918215
0.978567
0.976141
0.905237
0.955733
0.980253
0.980438
0.902405
0.948199
0.931065
0.928243
0.828944
0.963853
0.934378
0.963554
0.713166
0.986912
0.96055
0.962367
0.886111
0.987888
0.89621
0.990077
0.986415
0.932955
0.943059
0.945709
0.919333
0.722457
0.887403
0.995463
0.946904
0.881011
0.981077
0.972409
0.980492
0.979087
0.951395
0.956682
0.973622
0.916517
0.991497
0.990313
0.958343
0.988496
0.946982
0.982693
0.962896
0.926077
0.962814
0.946802
0.824621
0.974004
0.863986
0.950407
0.996547
0.913222
0.984902
0.957943
0.949714
0.965106
0.954467
0.946419
0.952486
0.958592
0.87261
0.94664
0.810606
0.99008
0.875764
0.938089
0.801206
0.896235
0.977038
0.922963
0.886039
0.988897
0.988253
0.80784
0.978675
0.995274
0.988369
0.986515
0.943431
0.849694
0.853387
0.986057
0.819079
0.925113
0.900058
0.886375
0.854165
0.88569
0.975522
0.959687
0.877151
0.979727
0.993739
0.841716
0.86256
0.986354
0.974473
0.956078
0.982436
0.952713
0.933891
0.863284
0.96607
0.959684
0.952859
0.942088
0.994788
0.934034
0.993103
0.960739
0.864724
0.765423
0.854082
0.945383
0.991612
0.911989
0.791708
0.979603
0.989343
0.933104
0.885513
0.967196
0.965224
0.98227
0.975801
0.978329
0.981558
0.969956
0.958913
0.892578
0.912111
0.78059
0.908959
0.937647
0.967537
0.987577
0.949989
0.869088
0.985351
0.73576
0.849694
0.875235
0.930682
0.929048
0.990906
0.984695
0.940944
0.961715
0.840615
0.811045
0.984309
0.933332
0.9379
0.948129
0.937297
0.960291
0.869829
0.964209
0.888407
0.947774
0.679525
0.978385
0.932967
0.969173
0.873783
0.89054
0.977382
0.994699
0.871276
0.970915
0.964008
0.966233
0.919429
0.975416
0.953721
0.730985
0.910641
0.699643
0.965435
0.97721
0.983309
0.968649
0.899774
0.953592
0.895076
0.984088
0.896978
0.964985
0.978987
0.979275
0.916012
0.987518
0.989446
0.983233
0.856929
0.891005
0.938385
0.96811
0.799994
0.96372
0.896097
0.854414
0.973972
0.998762
0.963846
0.914297
0.989514
0.953187
0.982871
0.981543
0.990515
0.932774
0.973239
0.944829
0.903003
0.886415
0.986625
0.895977
0.986746
0.983762
0.849053
0.921139
0.996011
0.910613
0.978467
0.901259
0.794051
0.857331
0.992882
0.991225
0.985132
0.975143
0.959061
0.850457
0.838665
0.961931
0.937194
0.994105
0.966414
0.95548
0.975321
0.988623
0.897558
0.950758
0.785706
0.928676
0.976493
0.843801
0.994577
0.969352
0.944897
0.996198
0.963119
0.96962
0.977279
0.949064
0.987052
0.706742
0.885702
0.975765
0.981948
0.945577
0.853274
0.980199
0.994306
0.991027
0.89005
0.983981
0.988072
0.987343
0.992851
0.942016
0.943543
0.901939
0.960947
0.978524
0.966946
0.973138
0.986966
0.962862
0.980197
0.98782
0.840435
0.942129
0.98926
0.970667
0.985712
0.993462
0.945162
0.97632
0.991825
0.951111
0.930341
0.977679
0.956221
0.944479
0.98423
0.990429
0.950983
0.981259
0.991355
0.911427
0.956667
0.973212
0.942419
0.989382
0.980122
0.983734
0.843269
0.986273
0.971219
0.9852
0.894871
0.988997
0.812916
0.978386
0.96544
0.964884
0.878734
0.983265
0.945905
0.995548
0.99018
0.995883
0.90384
0.861575
0.990749
0.952984
0.930542
0.941029
0.910429
0.897168
0.990698
0.850039
0.754814
0.936526
0.656119
0.974087
0.911125
0.874677
0.949716
0.685228
0.976798
0.849089
0.917595
0.945548
0.962663
0.96166
0.954255
0.942103
0.801206
0.965605
0.9897
0.792321
0.967606
0.956364
0.697226
0.908455
0.805701
0.973307
0.710111
0.974972
0.950898
0.744055
0.9278
0.930364
0.892977
0.982488
0.889276
0.986278
0.994155
0.971014
0.974158
0.988585
0.994503
0.807132
0.955285
0.967336
0.944337
0.94292
0.936273
0.97691
0.985327
0.972177
0.990932
0.982755
0.979956
0.95801
0.955903
0.899713
0.979036
0.964951
0.970661
0.947714
0.800659
0.970197
0.892044
0.942334
0.953842
0.878076
0.988508
0.938927
0.919112
0.977548
0.915044
0.863872
0.986851
0.941725
0.96802
0.872184
0.961323
0.992716
0.935006
0.904963
0.893633
0.99141
0.993342
0.883184
0.961962
0.990296
0.722651
0.910911
0.94036
0.967666
0.988837
0.964362
0.861061
0.932659
0.956285
0.968152
0.947992
0.845337
0.892301
0.959548
0.846527
0.955084
0.920706
0.915942
0.970014
0.977611
0.99768
0.961446
0.933312
0.961759
0.935167
0.935324
0.783714
0.958398
0.9305
0.990845
0.974994
0.989346
0.944057
0.894461
0.998825
0.926896
0.867681
0.88062
0.986299
0.976098
0.893226
0.980346
0.695024
0.984525
0.985402
0.895836
0.966269
0.987719
0.98514
0.892319
0.99319
0.626655
0.928732
0.968787
0.975775
0.945879
0.972905
0.963055
0.775744
0.982546
0.944539
0.944268
0.994066
0.990296
0.908455
0.922813
0.961212
0.734018
0.710424
0.862912
0.990734
0.883971
0.950842
0.992833
0.978683
0.860101
0.977874
0.848007
0.984606
0.961619
0.875673
0.891048
0.987555
0.974598
0.784653
0.972173
0.878784
0.964267
0.888233
0.972332
0.787127
0.919714
0.972095
0.961505
0.952923
0.992037
0.970604
0.967952
0.964831
0.970147
0.960809
0.968858
0.779483
0.926602
0.972281
0.819934
0.967932
0.939894
0.963313
0.858835
0.944788
0.866642
0.923443
0.989257
0.78354
0.959077
0.97685
0.971314
0.716855
0.77929
0.961001
0.87805
0.94422
0.961893
0.993507
0.997732
0.981863
0.912095
0.946578
0.930775
0.931808
0.947587
0.976705
0.91713
0.981737
0.956074
0.871794
0.997019
0.808585
0.818651
0.989901
0.985105
0.931669
0.978491
0.965279
0.959704
0.97164
0.837826
0.975846
0.935644
0.957119
0.989433
0.978093
0.990862
0.786991
0.980327
0.961927
0.97675
0.87565
0.963849
0.949552
0.971054
0.967096
0.95461
0.914874
0.974172
0.936385
0.957381
0.946902
0.981675
0.983999
0.955832
0.962903
0.964663
0.949595
0.895665
0.995374
0.971813
0.928323
0.947404
0.931025
0.894875
0.868909
0.926536
0.964624
0.979048
0.947594
0.976668
0.951058
0.905885
0.984085
0.982167
0.950385
0.951245
0.943679
0.953202
0.965982
0.992694
0.926985
0.980881
0.954021
0.95353
0.921215
0.976385
0.981065
0.977501
0.983063
0.848007
0.939419
0.948395
0.930206
0.962003
0.88273
0.976368
0.926924
0.986746
0.786513
0.970834
0.832734
0.944184
0.953021
0.683129
0.962426
0.962596
0.973896
0.967742
0.930789
0.987373
0.96454
0.7572
0.981659
0.825581
0.983091
0.986868
0.887812
0.990997
0.979053
0.970614
0.986697
0.720945
0.944724
0.986277
0.914839
0.933027
0.719471
0.966235
0.978295
0.85523
0.989403
0.967354
0.959579
0.934715
0.838025
0.84774
0.931111
0.87422
0.968193
0.944741
0.98052
0.978985
0.741778
0.918395
0.93783
0.952049
0.983592
0.951513
0.965575
0.984954
0.982778
0.663714
0.914572
0.719572
0.981816
0.977815
0.959027
0.962952
0.816373
0.794522
0.931393
0.876985
0.730195
0.942166
0.976887
0.878734
0.91482
0.988632
0.948303
0.987904
0.894041
0.978399
0.976678
0.961041
0.895392
0.94069
0.92871
0.823044
0.974361
0.957821
0.976268
0.987911
0.965899
0.96127
0.971269
0.971166
0.998247
0.98316
0.923879
0.968733
0.979647
0.969368
0.986632
0.966213
0.894996
0.986575
0.792907
0.980961
0.969899
0.979205
0.983766
0.966589
0.980279
0.879333
0.991323
0.878115
0.987833
0.942488
0.985105
0.985249
0.951185
0.973196
0.989944
0.973014
0.980966
0.917074
0.887417
0.987845
0.647166
0.973404
0.975129
0.93582
0.935371
0.916438
0.974837
0.928183
0.945104
0.987777
0.952213
0.960897
0.921244
0.929895
0.869728
0.935305
0.893647
0.947035
0.988846
0.754574
0.943716
0.934537
0.989948
0.902119
0.971267
0.950507
0.940308
0.967025
0.987997
0.939914
0.911376
0.987283
0.923604
0.9795
0.935659
0.831266
0.892344
0.969386
0.958248
0.973737
0.991767
0.944299
0.955785
0.992895
0.912294
0.922087
0.974181
0.944951
0.901175
0.948958
0.976624
0.95678
0.944726
0.958938
0.970185
0.941134
0.954211
0.915142
0.999172
0.987825
0.962776
0.734787
0.955079
0.930782
0.839155
0.954542
0.882723
0.893075
0.890326
0.965759
0.995309
0.948159
0.966529
0.853863
0.939371
0.974666
0.90911
0.950354
0.944193
0.971312
0.947957
0.946949
0.856295
0.903373
0.884516
0.993033
0.749511
0.774458
0.892881
0.98726
0.905523
0.959172
0.968784
0.979776
0.775818
0.948316
0.900086
0.979428
0.952172
0.878901
0.709825
0.986157
0.928453
0.90591
0.959439
0.953376
0.980713
0.994529
0.995005
0.987866
0.985133
0.978189
0.953613
0.991296
0.989234
0.986081
0.831774
0.992294
0.90751
0.972027
0.754553
0.959907
0.796878
0.959969
0.951999
0.93288
0.991063
0.981691
0.899461
0.894103
0.88317
0.962498
0.98527
0.834379
0.899556
0.927554
0.927965
0.962037
0.886648
0.986273
0.976015
0.983563
0.81063
0.884933
0.886463
0.989641
0.979072
0.943281
0.990134
0.967327
0.944646
0.969588
0.972342
0.962388
0.979269
0.952282
0.987515
0.873647
0.981678
0.966269
0.82221
0.9065
0.960493
0.987517
0.800843
0.980648
0.92944
0.987121
0.818038
0.987692
0.924158
0.913567
0.979757
0.851492
0.995707
0.964038
0.961671
0.956006
0.961004
0.960601
0.961904
0.988771
0.872127
0.958792
0.944784
0.917673
0.889058
0.919632
0.917305
0.915703
0.975259
0.954935
0.958749
0.969028
0.952361
0.957817
0.935707
0.891309
0.96972
0.988285
0.917184
0.982874
0.967533
0.978135
0.971483
0.975977
0.981629
0.990194
0.828997
0.985828
0.986578
0.943718
0.945618
0.983625
0.838502
0.928078
0.969888
0.942636
0.804224
0.969009
0.994447
0.950443
0.943448
0.961864
0.972487
0.720976
0.925744
0.967096
0.982809
0.95874
0.991391
0.96612
0.976958
0.969293
0.923428
0.956113
0.933885
0.88756
0.915186
0.855078
0.956551
0.986125
0.936311
0.985246
0.938361
0.805191
0.971351
0.88744
0.967454
0.970981
0.731062
0.992525
0.992497
0.97803
0.925099
0.944276
0.943119
0.909434
0.915242
0.968837
0.912441
0.983312
0.982443
0.991811
0.995933
0.945244
0.987902
0.948886
0.95218
0.914839
0.955896
0.991523
0.96951
0.997087
0.970953
0.981702
0.9094
0.971907
0.957612
0.933033
0.988009
0.889733
0.988064
0.919674
0.978927
0.895296
0.967078
0.982
0.980052
0.991716
0.93246
0.981377
0.990608
0.950746
0.99119
0.935699
0.803073
0.976976
0.797306
0.754759
0.978206
0.986173
0.970954
0.795617
0.918542
0.990474
0.98945
0.676793
0.977258
0.912819
0.857349
0.983849
0.932782
0.977862
0.995849
0.942112
0.9291
0.974007
0.923787
0.938258
0.950764
0.976126
0.835839
0.928153
0.966226
0.923276
0.969424
0.943751
0.983171
0.9454
0.899212
0.966785
0.971378
0.849919
0.940332
0.956942
0.819906
0.960659
0.968231
0.879126
0.967028
0.99307
0.660559
0.969496
0.967322
0.991094
0.991111
0.99268
0.952856
0.958158
0.929229
0.946872
0.993075
0.988463
0.970029
0.96846
0.967237
0.930502
0.936188
0.963608
0.636943
0.987999
0.960956
0.97998
0.834322
0.929236
0.969892
0.908129
0.992279
0.779874
0.881699
0.988432
0.926142
0.971695
0.975159
0.94328
0.933839
0.948524
0.720732
0.886018
0.897909
0.94359
0.979604
0.918719
0.992371
0.885192
0.906335
0.944129
0.974085
0.905885
0.966973
0.978688
0.953415
0.956794
0.946966
0.854136
0.968303
0.969537
0.961002
0.991685
0.951296
0.9481
0.946615
0.839692
0.900543
0.923192
0.956506
0.91776
0.991539
0.816552
0.973227
0.97499
0.89792
0.961357
0.983719
0.959339
0.964468
0.98389
0.992234
0.971579
0.992069
0.974642
0.991839
0.963121
0.967366
0.898846
0.87559
0.972093
0.979132
0.92349
0.89536
0.94819
0.898543
0.911224
0.952683
0.969238
0.929947
0.993748
0.868206
0.944318
0.961797
0.954745
0.987982
0.921816
0.779421
0.986526
0.978273
0.856311
0.990586
0.982929
0.921583
0.899703
0.928925
0.925719
0.949846
0.949607
0.980652
0.984432
0.955523
0.981458
0.980745
0.96015
0.976564
0.984273
0.965562
0.939785
0.959127
0.972872
0.975664
0.99509
0.969137
0.988594
0.908475
0.980133
0.986298
0.992191
0.979506
0.966786
0.939376
0.99074
0.986269
0.977375
0.957188
0.922583
0.966223
0.97502
0.965627
0.961624
0.967353
0.955258
0.896553
0.971425
0.935301
0.970715
0.921988
0.980894
0.976879
0.959812
0.97264
0.952908
0.933919
0.962882
0.951046
0.992692
0.975249
0.993086
0.975186
0.991258
0.922599
0.97674
0.985339
0.984953
0.909745
0.992313
0.995271
0.992551
0.985074
0.913191
0.847973
0.990586
0.965237
0.967265
0.983012
0.947299
0.873916
0.987677
0.918916
0.952953
0.973529
0.862178
0.9672
0.894249
0.992283
0.99765
0.961837
0.964199
0.933601
0.946376
0.969466
0.92509
0.947468
0.963596
0.954913
0.936821
0.961572
0.879059
0.850276
0.916307
0.928732
0.983518
0.972159
0.990166
0.976107
0.966287
0.977338
0.94457
0.920162
0.909337
0.956462
0.978257
0.895404
0.866993
0.954011
0.972037
0.957085
0.966569
0.846541
0.99296
0.992914
0.986167
0.986883
0.776258
0.973115
0.939664
0.954032
0.985942
0.978829
0.862985
0.982629
0.950823
0.993785
0.908992
0.863992
0.980317
0.950766
0.821047
0.928025
0.98914
0.812159
0.989125
0.976583
0.795234
0.944112
0.985563
0.982674
0.970437
0.992647
0.971461
0.789428
0.948129
0.95939
0.972067
0.982834
0.96086
0.995072
0.972554
0.986364
0.975364
0.944268
0.98361
0.803728
0.89232
0.912988
0.996087
0.977934
0.943666
0.996053
0.887478
0.815839
0.979048
0.917138
0.961032
0.943236
0.965257
0.978361
0.960169
0.994914
0.943139
0.968938
0.812342
0.971104
0.986845
0.997048
0.949322
0.991391
0.994617
0.97407
0.935991
0.894979
0.908134
0.866112
0.94423
0.959929
0.97123
0.949034
0.95251
0.864709
0.978431
0.989948
0.979354
0.996894
0.989766
0.716107
0.982696
0.973469
0.963631
0.941811
0.982127
0.917879
0.925182
0.844186
0.911531
0.889151
0.941604
0.909821
0.952459
0.958816
0.942334
0.990305
0.97211
0.989816
0.95321
0.782965
0.956697
0.943335
0.911519
0.961719
0.970292
0.927886
0.935565
0.962789
0.865762
0.961076
0.988544
0.923748
0.8558
0.973837
0.928035
0.957004
0.951219
0.972699
0.884337
0.970536
0.984845
0.955267
0.865299
0.98791
0.882338
0.919662
0.952416
0.943958
0.962116
0.995286
0.935997
0.983653
0.953148
0.735615
0.983532
0.922165
0.922429
0.986496
0.90855
0.906143
0.975457
0.988496
0.938348
0.91877
0.974649
0.95538
0.977337
0.982865
0.686671
0.783273
0.899103
0.907467
0.969291
0.762801
0.935739
0.897972
0.969801
0.981126
0.970124
0.905812
0.987932
0.939388
0.992537
0.9897
0.921759
0.965638
0.891534
0.961144
0.987272
0.756498
0.916686
0.874299
0.882749
0.992535
0.986397
0.845308
0.988803
0.91603
0.940332
0.913197
0.88166
0.96993
0.796184
0.952152
0.991719
0.921127
0.943342
0.884204
0.946572
0.980303
0.888995
0.941299
0.915008
0.941998
0.926825
0.917806
0.971764
0.912587
0.88766
0.989179
0.936728
0.955832
0.916074
0.800666
0.987854
0.993841
0.870298
0.969473
0.845417
0.995424
0.974698
0.922251
0.95436
0.93468
0.976629
0.917401
0.968147
0.983312
0.892642
0.973955
0.980438
0.995878
0.961711
0.746465
0.981248
0.932475
0.71357
0.909209
0.946573
0.968893
0.964298
0.976585
0.944852
0.993015
0.992121
0.9769
0.989812
0.920542
0.983682
0.990192
0.935358
0.993486
0.841548
0.973633
0.891986
0.976146
0.95358
0.979118
0.978002
0.979427
0.983605
0.982736
0.679383
0.979727
0.992846
0.94277
0.775481
0.973322
0.982219
0.988877
0.917961
0.945328
0.981729
0.927801
0.984634
0.989901
0.952802
0.967337
0.965217
0.960401
0.940959
0.763015
0.988505
0.964567
0.982116
0.737312
0.906747
0.928818
0.981732
0.989928
0.936278
0.942852
0.910545
0.978655
0.942141
0.982207
0.816373
0.988956
0.956118
0.976151
0.989749
0.888758
0.982231
0.967969
0.963488
0.979285
0.934689
0.760975
0.980062
0.74715
0.975522
0.956878
0.990906
0.76283
0.937656
0.884331
0.964968
0.895337
0.905237
0.987673
0.83902
0.995079
0.963999
0.989483
0.941619
0.902653
0.895767
0.889718
0.977693
0.983195
0.985942
0.978582
0.968006
0.947432
0.985024
0.945328
0.96134
0.963635
0.978154
0.842778
0.986757
0.978333
0.982522
0.779444
0.755766
0.986597
0.942263
0.969873
0.990539
0.950186
0.963793
0.997895
0.982046
0.968514
0.988405
0.747546
0.753425
0.818399
0.989361
0.988946
0.991499
0.927175
0.982871
0.775407
0.973053
0.789362
0.97773
0.847689
0.977729
0.937826
0.993594
0.997388
0.998761
0.988861
0.947106
0.957436
0.91389
0.968255
0.990767
0.989458
0.989672
0.952403
0.977347
0.932442
0.869432
0.98715
0.954795
0.921816
0.994641
0.990565
0.696105
0.89792
0.990744
0.976157
0.995242
0.806918
0.910616
0.988572
0.988353
0.97513
0.997346
0.947507
0.995232
0.973475
0.993521
0.86874
0.975504
0.926945
0.895291
0.925557
0.986462
0.804502
0.979834
0.844544
0.997116
0.973561
0.943056
0.995827
0.977539
0.975647
0.979761
0.960298
0.821198
0.992887
0.673574
0.829212
0.991746
0.95012
0.894118
0.982751
0.980889
0.972616
0.951244
0.651771
0.997429
0.982579
0.944179
0.752909
0.810609
0.988824
0.990266
0.966736
0.961794
0.9955
0.985128
0.956043
0.968146
0.833103
0.962768
0.948528
0.980838
0.976996
0.57915
0.948576
0.909255
0.891005
0.961985
0.761034
0.940519
0.956383
0.894886
0.773909
0.902025
0.98
0.975142
0.975801
0.981065
0.883233
0.960589
0.824968
0.949373
0.791702
0.92875
0.871515
0.988021
0.973844
0.943336
0.988174
0.833529
0.957317
0.762928
0.917436
0.950926
0.991608
0.914297
0.978242
0.984458
0.976493
0.754046
0.993011
0.979537
0.824726
0.980869
0.966987
0.946765
0.841917
0.989521
0.978216
0.93863
0.860735
0.972258
0.930386
0.919362
0.916007
0.980869
0.992332
0.942895
0.937311
0.937539
0.873593
0.84711
0.987272
0.925704
0.975667
0.996765
0.982522
0.982094
0.960381
0.923593
0.964897
0.988711
0.953203
0.965406
0.930737
0.962494
0.970834
0.939319
0.971239
0.984674
0.986979
0.972956
0.925083
0.982741
0.890678
0.807373
0.92246
0.977204
0.988072
0.982139
0.956118
0.896897
0.985991
0.972238
0.92337
0.935242
0.94636
0.841386
0.833529
0.933038
0.981136
0.981431
0.931911
0.938301
0.992094
0.97115
0.949819
0.674792
0.936814
0.975775
0.809736
0.892642
0.985691
0.842105
0.944673
0.954797
0.927845
0.840333
0.830076
0.947137
0.987015
0.876032
0.699368
0.975172
0.98687
0.836287
0.980509
0.950765
0.946938
0.784952
0.914973
0.990819
0.948708
0.826231
0.859465
0.754611
0.926905
0.912052
0.832713
0.994243
0.968987
0.981689
0.94756
0.975971
0.849053
0.933099
0.911524
0.966681
0.991078
0.938258
0.9797
0.963506
0.985155
0.968265
0.970615
0.851144
0.868373
0.970712
0.929393
0.974273
0.903151
0.965798
0.958739
0.924641
0.981324
0.984748
0.990328
0.98222
0.939577
0.872062
0.985569
0.940189
0.959671
0.719381
0.928936
0.977111
0.836369
0.983984
0.964968
0.783376
0.998275
0.925602
0.997753
0.994499
0.978031
0.939202
0.98836
0.987216
0.861332
0.98721
0.881942
0.847076
0.982903
0.890327
0.701328
0.894796
0.999008
0.995916
0.938348
0.991288
0.772188
0.855787
0.681279
0.928645
0.955779
0.969004
0.936278
0.909263
0.969101
0.989504
0.986401
0.963993
0.948051
0.996613
0.914115
0.991744
0.980494
0.965064
0.95504
0.89078
0.642219
0.986692
0.982186
0.966525
0.967091
0.950442
0.687446
0.967576
0.903261
0.977874
0.974449
0.913619
0.993826
0.955429
0.755766
0.806529
0.981617
0.959158
0.977322
0.713268
0.941231
0.878225
0.96707
0.976085
0.699494
0.852822
0.987052
0.968349
0.960215
0.709845
0.907599
0.941929
0.935292
0.88786
0.993988
0.96606
0.912393
0.649158
0.98866
0.98064
0.952441
0.987002
0.975517
0.881156
0.933979
0.962713
0.963618
0.988818
0.983764
0.989463
0.98987
0.958647
0.702987
0.961522
0.982625
0.974332
0.975988
0.959159
0.927058
0.741745
0.891553
0.977984
0.699592
0.881765
0.971907
0.993271
0.972635
0.961236
0.935132
0.990217
0.978553
0.906184
0.973011
0.966902
0.976719
0.963755
0.991856
0.988739
0.984296
0.924009
0.92776
0.981315
0.951349
0.938575
0.998307
0.977254
0.685254
0.831046
0.970981
0.868365
0.994603
0.969111
0.988111
0.637115
0.8943
0.929415
0.959912
0.865176
0.994909
0.742849
0.98935
0.986276
0.980881
0.962432
0.866239
0.997333
0.94059
0.765495
0.914009
0.981685
0.908837
0.989714
0.828338
0.771316
0.982396
0.81589
0.874472
0.973725
0.952916
0.941684
0.975259
0.985327
0.959602
0.896817
0.970654
0.987968
0.984507
0.97682
0.97585
0.992138
0.956001
0.922794
0.973518
0.964963
0.928975
0.763335
0.93515
0.688927
0.808623
0.953064
0.987105
0.926329
0.994205
0.981298
0.96161
0.987315
0.966588
0.930815
0.994931
0.994263
0.981798
0.718384
0.937597
0.691771
0.947572
0.781202
0.948768
0.988991
0.892104
0.759155
0.967609
0.982874
0.940888
0.971631
0.974571
0.941499
0.98582
0.865002
0.991672
0.87002
0.986912
0.905658
0.805266
0.838448
0.979465
0.984063
0.986568
0.932951
0.988179
0.827982
0.898423
0.975278
0.988562
0.956223
0.95745
0.711786
0.949819
0.970609
0.950545
0.797991
0.967451
0.849629
0.943701
0.94328
0.933063
0.911514
0.795617
0.912174
0.989361
0.734902
0.78356
0.684091
0.674462
0.885028
0.946179
0.839684
0.900543
0.914874
0.902354
0.980456
0.90225
0.921256
0.97882
0.952546
0.990641
0.77263
0.976951
0.773632
0.930187
0.92672
0.792907
0.766728
0.905581
0.670855
0.848244
0.683879
0.950114
0.992132
0.82531
0.986968
0.905693
0.758294
0.759216
0.989076
0.91795
0.98742
0.933071
0.978192
0.990663
0.991016
0.983089
0.971156
0.992004
0.952547
0.987589
0.97105
0.955098
0.5927
0.975755
0.967871
0.929754
0.976422
0.991214
0.947489
0.979717
0.976585
0.958149
0.985133
0.977662
0.996931
0.807472
0.972027
0.971168
0.989336
0.988624
0.991982
0.774116
0.96899
0.97722
0.923855
0.898806
0.643027
0.984302
0.94548
0.973056
0.982852
0.980859
0.990296
0.912075
0.945769
0.964902
0.884162
0.985539
0.93481
0.968231
0.872127
0.965849
0.879081
0.984773
0.952223
0.971983
0.984507
0.99191
0.991915
0.98228
0.964174
0.986293
0.967269
0.937732
0.979687
0.98777
0.804187
0.937669
0.952061
0.958083
0.877773
0.953299
0.620764
0.990537
0.990565
0.935907
0.94832
0.904277
0.970181
0.967504
0.980778
0.936185
0.975263
0.894118
0.967008
0.996917
0.98088
0.965745
0.859515
0.940549
0.758957
0.949852
0.915045
0.958103
0.843672
0.962057
0.969088
0.95367
0.853126
0.979275
0.985404
0.991907
0.990211
0.899364
0.975799
0.976368
0.947928
0.937802
0.972804
0.983386
0.883067
0.954181
0.990767
0.902693
0.843489
0.989763
0.907425
0.87481
0.980894
0.991753
0.650614
0.975545
0.930205
0.995227
0.828201
0.946031
0.919367
0.98579
0.743181
0.882241
0.990919
0.95265
0.930483
0.923192
0.865358
0.961002
0.921215
0.86407
0.981278
0.842182
0.925808
0.973377
0.929836
0.926406
0.970129
0.977753
0.98469
0.978998
0.737451
0.973517
0.877761
0.92047
0.749687
0.962941
0.856621
0.68342
0.870834
0.993502
0.960956
0.89554
0.971726
0.988528
0.989717
0.94359
0.988907
0.984252
0.956861
0.836534
0.981053
0.954159
0.892126
0.987417
0.990347
0.6738
0.912171
0.826316
0.8737
0.995256
0.933025
0.933839
0.861726
0.946157
0.88372
0.889151
0.777872
0.949818
0.978007
0.797741
0.965733
0.951031
0.954195
0.975339
0.940848
0.891067
0.960052
0.892026
0.985675
0.978915
0.906338
0.746591
0.983245
0.887066
0.99306
0.991226
0.966222
0.99322
0.967208
0.924419
0.899703
0.978859
0.968152
0.986276
0.940796
0.987577
0.919672
0.943325
0.976068
0.938096
0.968983
0.801364
0.994954
0.942698
0.895984
0.890518
0.803274
0.949579
0.895675
0.765113
0.957795
0.958487
0.98365
0.983586
0.994315
0.982775
0.947893
0.929278
0.982826
0.78354
0.957923
0.989928
0.993575
0.922226
0.922011
0.670481
0.972162
0.905193
0.941379
0.973928
0.895187
0.97877
0.77048
0.987866
0.972258
0.956923
0.947659
0.979508
0.961927
0.84191
0.966466
0.989481
0.708919
0.97031
0.988457
0.869944
0.988107
0.915211
0.929016
0.988013
0.952466
0.978543
0.979963
0.965745
0.977159
0.845031
0.973215
0.926465
0.990111
0.988815
0.971381
0.639597
0.875716
0.989035
0.97675
0.999156
0.9741
0.967151
0.979379
0.940052
0.969394
0.993294
0.887846
0.948055
0.980933
0.755865
0.988366
0.9381
0.807061
0.977624
0.980813
0.960673
0.984434
0.876897
0.675566
0.948303
0.985715
0.960059
0.991016
0.812109
0.982963
0.926548
0.975642
0.926749
0.638397
0.64888
0.967098
0.953425
0.943104
0.966692
0.983872
0.98876
0.936201
0.97059
0.920925
0.996414
0.849703
0.96707
0.989329
0.970064
0.955366
0.992765
0.903998
0.96189
0.814025
0.97585
0.914322
0.97658
0.904303
0.807078
0.968477
0.893765
0.993405
0.983207
0.985923
0.961392
0.972482
0.896013
0.653301
0.817568
0.998157
0.981821
0.981171
0.971618
0.992946
0.978171
0.990253
0.963863
0.881449
0.979568
0.991943
0.98715
0.988629
0.979144
0.940506
0.974748
0.819906
0.673696
0.969579
0.951349
0.926415
0.991608
0.891526
0.963865
0.868761
0.918985
0.781094
0.927272
0.960764
0.967426
0.962867
0.950239
0.906035
0.981042
0.989361
0.953169
0.979316
0.868727
0.841964
0.931628
0.897416
0.981333
0.91191
0.863945
0.984617
0.960938
0.987398
0.929112
0.810489
0.979842
0.776719
0.925203
0.828997
0.942576
0.955634
0.986868
0.886111
0.998788
0.980711
0.980244
0.979375
0.91514
0.627209
0.826244
0.910832
0.989305
0.98803
0.976259
0.992815
0.961792
0.984126
0.998308
0.894857
0.817837
0.952916
0.970113
0.924528
0.991694
0.91858
0.951185
0.964759
0.991503
0.748321
0.99183
0.891986
0.983046
0.972798
0.992987
0.986439
0.868206
0.979283
0.956143
0.9795
0.935699
0.984537
0.994496
0.880622
0.819004
0.991848
0.987485
0.957385
0.677914
0.902025
0.996025
0.988788
0.978571
0.98429
0.960929
0.561289
0.995147
0.986788
0.818465
0.979742
0.995201
0.959319
0.973847
0.561289
0.775542
0.961073
0.810045
0.98914
0.982113
0.995119
0.982936
0.982561
0.993866
0.978675
0.895617
0.87559
0.996413
0.930167
0.972676
0.933995
0.920912
0.966262
0.975312
0.994697
0.978934
0.971364
0.973844
0.917788
0.94427
0.955523
0.96546
0.906079
0.989357
0.971765
0.859515
0.968301
0.855483
0.985093
0.998627
0.977501
0.994555
0.97714
0.970916
0.985749
0.978633
0.980307
0.978435
0.92257
0.987999
0.971497
0.865522
0.967101
0.97246
0.914083
0.921221
0.967969
0.981142
0.986422
0.992599
0.855441
0.982479
0.734276
0.929149
0.950765
0.986167
0.985509
0.952948
0.963769
0.746714
0.878945
0.981545
0.956642
0.964246
0.945835
0.876032
0.987028
0.979437
0.878397
0.998729
0.92455
0.961004
0.952486
0.987747
0.969253
0.98319
0.726506
0.814025
0.988946
0.884752
0.905587
0.984669
0.941508
0.951391
0.954974
0.962591
0.990227
0.880316
0.898001
0.990959
0.694531
0.968368
0.959526
0.957465
0.984164
0.853488
0.828637
0.972578
0.971015
0.974486
0.953033
0.749269
0.943264
0.988128
0.990858
0.979205
0.990319
0.99152
0.889541
0.989357
0.988236
0.855268
0.968266
0.999058
0.95695
0.955023
0.991344
0.977973
0.967909
0.992108
0.996064
0.956513
0.927239
0.960059
0.967043
0.91191
0.983535
0.997018
0.858567
0.991285
0.977984
0.949734
0.976981
0.948572
0.958549
0.942308
0.744517
0.942871
0.961624
0.990104
0.989292
0.996582
0.880404
0.906474
0.958005
0.997602
0.973374
0.887926
0.890412
0.741407
0.971515
0.933329
0.985016
0.986178
0.994677
0.950652
0.699892
0.994149
0.989515
0.927065
0.943344
0.927335
0.979584
0.775084
0.982305
0.99087
0.965778
0.991978
0.986375
0.974598
0.938255
0.990918
0.994093
0.981634
0.980909
0.897558
0.941879
0.993966
0.888819
0.842715
0.992844
0.990386
0.9808
0.973517
0.993904
0.989481
0.94548
0.991856
0.915977
0.992412
0.978681
0.97618
0.966914
0.99613
0.991114
0.911504
0.823205
0.695005
0.943444
0.881791
0.822561
0.851896
0.957126
0.924718
0.73651
0.997837
0.961726
0.955634
0.94423
0.876547
0.93902
0.94687
0.984108
0.848785
0.974744
0.803431
0.98992
0.937347
0.977996
0.861433
0.886294
0.972475
0.93276
0.972953
0.957481
0.971605
0.997473
0.954926
0.984302
0.967731
0.978964
0.810335
0.943742
0.976564
0.959579
0.926896
0.94207
0.982779
0.93777
0.988738
0.983219
0.874015
0.989423
0.892526
0.965984
0.804293
0.910968
0.988404
0.961134
0.964884
0.990371
0.90036
0.919655
0.761785
0.962065
0.988328
0.951749
0.961687
0.998298
0.952346
0.956607
0.922337
0.99572
0.814198
0.979433
0.935642
0.732656
0.923057
0.988508
0.971213
0.877534
0.986943
0.97911
0.808679
0.906467
0.995643
0.989603
0.94443
0.907304
0.989692
0.985732
0.982478
0.988806
0.982202
0.891642
0.984001
0.795504
0.976345
0.973979
0.970564
0.965167
0.955789
0.927253
0.970436
0.790927
0.6466
0.957239
0.962449
0.84249
0.990441
0.987193
0.971031
0.982046
0.895392
0.891432
0.970681
0.967346
0.992787
0.992787
0.913973
0.996199
0.999794
0.732078
0.888975
0.991875
0.979304
0.807061
0.978291
0.945753
0.975956
0.911252
0.985214
0.820719
0.768124
0.969822
0.952091
0.956763
0.995902
0.987178
0.983942
0.991978
0.940008
0.943334
0.915043
0.975263
0.934303
0.778303
0.991843
0.845575
0.874968
0.969664
0.893605
0.997293
0.744497
0.984841
0.988401
0.981723
0.996895
0.967186
0.994661
0.905083
0.93526
0.723389
0.994231
0.949688
0.986516
0.976187
0.973375
0.993368
0.978257
0.866895
0.97899
0.9435
0.990733
0.998376
0.936476
0.961267
0.932908
0.675615
0.95778
0.809407
0.678951
0.992838
0.98782
0.977882
0.967731
0.965707
0.972242
0.954639
0.845575
0.812243
0.919293
0.872359
0.98018
0.65272
0.786959
0.783394
0.730028
0.931085
0.888245
0.993803
0.841196
0.977018
0.79309
0.965822
0.979553
0.977126
0.663256
0.974099
0.965707
0.691559
0.884741
0.71507
0.949325
0.998371
0.813109
0.57872
0.98046
0.979082
0.948686
0.680109
0.927613
0.95266
0.951495
0.99866
0.783755
0.979816
0.834167
0.960938
0.974897
0.982192
0.985196
0.978699
0.970977
0.982424
0.950271
0.822416
0.916175
0.984525
0.991914
0.994414
0.926739
0.584621
0.982911
0.963282
0.847565
0.603736
0.982674
0.988488
0.987713
0.906364
0.84341
0.990034
0.859336
0.989563
0.99856
0.984252
0.998285
0.996902
0.895521
0.924718
0.880136
0.736481
0.99682
0.951788
0.875737
0.884815
0.924504
0.966138
0.966663
0.79576
0.959616
0.949692
0.996101
0.997367
0.962865
0.957826
0.961792
0.984014
0.988787
0.971831
0.962342
0.941684
0.9897
0.8963
0.962338
0.674575
0.748817
0.928235
0.864012
0.924023
0.991499
0.935642
0.980175
0.869937
0.859842
0.979182
0.841284
0.92949
0.86978
0.971644
0.952838
0.986112
0.934538
0.997262
0.91348
0.832985
0.947271
0.990351
0.90425
0.971484
0.948137
0.985759
0.990882
0.924983
0.94804
0.962094
0.983059
0.97734
0.868584
0.918958
0.971295
0.941679
0.960042
0.604012
0.976259
0.96101
0.985337
0.789544
0.834694
0.834167
0.987642
0.804589
0.981229
0.988177
0.891666
0.994891
0.897426
0.992469
0.998394
0.997212
0.891526
0.952021
0.90211
0.890958
0.832169
0.941363
0.964597
0.90835
0.940061
0.972515
0.908536
0.905277
0.902077
0.974313
0.810314
0.986161
0.992432
0.992221
0.99055
0.991702
0.964292
0.995802
0.926749
0.987642
0.990794
0.892428
0.985874
0.907703
0.931635
0.936476
0.977865
0.925209
0.938405
0.992166
0.924573
0.987991
0.885923
0.992914
0.976315
0.865392
0.723928
0.990773
0.875612
0.912394
0.98795
0.983695
0.970856
0.975624
0.835343
0.981142
0.932525
0.944129
0.979749
0.919281
0.910937
0.992826
0.991202
0.997917
0.944479
0.980283
0.979287
0.94944
0.924946
0.891534
0.912325
0.99901
0.813727
0.987028
0.990787
0.89643
0.938164
0.987244
0.989931
0.992639
0.981477
0.994297
0.895767
0.925337
0.971859
0.972601
0.986141
0.935181
0.98524
0.952484
0.986147
0.993284
0.937311
0.93444
0.956607
0.938447
0.888026
0.975569
0.961554
0.662768
0.85857
0.983237
0.968324
0.915422
0.805444
0.948676
0.995605
0.977242
0.99056
0.807626
0.98639
0.783007
0.912298
0.996047
0.976062
0.964869
0.945353
0.998123
0.830096
0.954126
0.986876
0.754631
0.948553
0.976805
0.981829
0.930004
0.98
0.567156
0.899117
0.993714
0.977683
0.979038
0.87093
0.893045
0.946814
0.989809
0.979432
0.905675
0.632417
0.68656
0.991075
0.791818
0.998046
0.668195
0.830419
0.970229
0.975917
0.961972
0.99056
0.953703
0.993962
0.98776
0.950944
0.916017
0.765457
0.948226
0.982673
0.987736
0.916535
0.903227
0.982128
0.825864
0.971831
0.901567
0.901792
0.984505
0.827028
0.940002
0.92831
0.991948
0.960358
0.985583
0.921871
0.713785
0.892883
0.991258
0.912638
0.871281
0.878696
0.785346
0.993269
0.925211
0.949325
0.962865
0.947281
0.995616
0.979726
0.963485
0.957945
0.950874
0.984624
0.981249
0.992415
0.989136
0.998458
0.998165
0.98408
0.965328
0.789093
0.884299
0.962653
0.964969
0.967037
0.975207
0.738656
0.967302
0.974032
0.972941
0.988872
0.989144
0.952344
0.985442
0.982932
0.937826
0.934082
0.933449
0.831769
0.880549
0.981638
0.929313
0.824119
0.969088
0.965381
0.981432
0.906865
0.985732
0.818749
0.993748
0.792602
0.834981
0.975642
0.952613
0.942797
0.952258
0.935272
0.996114
0.893261
0.996734
0.943534
0.847065
0.97085
0.931206
0.954874
0.978671
0.967749
0.916307
0.989044
0.933529
0.943981
0.884815
0.949641
0.846011
0.96967
0.887549
0.976517
0.814593
0.994577
0.88973
0.995574
0.900585
0.899238
0.951607
0.996403
0.830086
0.972206
0.984658
0.945457
0.952525
0.80307
0.906497
0.925012
0.961828
0.96904
0.878319
0.897853
0.997435
0.999266
0.979949
0.937194
0.99306
0.995124
0.872753
0.985316
0.96213
0.97122
0.957
0.99505
0.995592
0.981006
0.949574
0.972719
0.971486
0.838541
0.972667
0.952053
0.916823
0.992005
0.94399
0.988988
0.997965
0.967367
0.944794
0.991098
0.912815
0.877799
0.99655
0.99207
0.966533
0.992728
0.95504
0.953556
0.884361
0.9887
0.996679
0.984706
0.987095
0.915868
0.880658
0.987783
0.984035
0.92681
0.915044
0.996086
0.918456
0.795105
0.993129
0.959677
0.989941
0.992991
0.993778
0.973967
0.739068
0.969127
0.995431
0.970699
0.996577
0.97177
0.998594
0.963742
0.976128
0.946814
0.974032
0.940002
0.994754
0.980091
0.995307
0.99828
0.938133
0.99884
0.840615
0.985878
0.921307
0.993613
0.942328
0.990151
0.95755
0.823636
0.967203
0.947445
0.979162
0.993589
0.941973
0.925934
0.989317
0.855895
0.980352
0.988726
0.99282
0.945835
0.995197
0.816153
0.990501
0.990069
0.92041
0.85682
0.990659
0.982911
0.885458
0.971265
0.791921
0.983128
0.961841
0.807056
0.866668
0.928919
0.98935
0.995227
0.999228
0.968266
0.965427
0.992844
0.976628
0.972291
0.987611
0.92158
0.984806
0.635921
0.746983
0.979309
0.867125
0.972484
0.930167
0.951889
0.9661
0.909064
0.988366
0.801239
0.987463
0.94772
0.984613
0.992488
0.963481
0.979404
0.988497
0.964806
0.976548
0.801491
0.968188
0.923544
0.874808
0.983546
0.988949
0.917751
0.923542
0.980698
0.93592
0.919947
0.994815
0.984802
0.972941
0.944639
0.907729
0.951473
0.993995
0.808623
0.880137
0.990598
0.846973
0.857815
0.988367
0.989624
0.589045
0.983266
0.992225
0.972813
0.993788
0.866118
0.991204
0.975831
0.997327
0.958315
0.783729
0.967386
0.948307
0.992105
0.987832
0.949379
0.861796
0.875406
0.899757
0.989537
0.9749
0.799953
0.758365
0.934301
0.931391
0.966482
0.995566
0.880833
0.785231
0.984665
0.966814
0.953548
0.955625
0.975072
0.987266
0.925209
0.895998
0.982775
0.967717
0.845035
0.944669
0.978389
0.986986
0.982623
0.965664
0.960505
0.952333
0.975683
0.986833
0.94037
0.845758
0.905242
0.974721
0.992955
0.984615
0.98302
0.873667
0.973252
0.988584
0.983733
0.737312
0.989682
0.980352
0.990253
0.983668
0.988184
0.97315
0.874113
0.963954
0.868443
0.841553
0.921776
0.807132
0.990087
0.995486
0.97864
0.888226
0.970568
0.975737
0.997938
0.998068
0.985266
0.989812
0.905042
0.812922
0.948581
0.950639
0.654453
0.912659
0.986624
0.999093
0.845337
0.923874
0.8226
0.973081
0.979197
0.983637
0.987893
0.994542
0.929368
0.940035
0.976276
0.97255
0.996341
0.987528
0.98514
0.912368
0.795097
0.990806
0.979989
0.936525
0.940496
0.994296
0.982005
0.982968
0.98131
0.99856
0.951261
0.979149
0.992521
0.996549
0.809736
0.924463
0.994285
0.781426
0.948502
0.989091
0.987788
0.917824
0.951577
0.938416
0.777812
0.902283
0.975788
0.982839
0.988379
0.975962
0.862927
0.982046
0.941069
0.96213
0.980548
0.998221
0.842794
0.995511
0.969201
0.94045
0.971069
0.9559
0.948782
0.959319
0.971516
0.85811
0.983106
0.998139
0.960961
0.946057
0.808576
0.983032
0.98037
0.939496
0.964691
0.779918
0.990108
0.975222
0.992216
0.963328
0.966868
0.82424
0.898481
0.967183
0.989188
0.986417
0.925932
0.902168
0.87418
0.910376
0.976477
0.990725
0.765561
0.993419
0.929313
0.99511
0.997418
0.936587
0.989336
0.915545
0.936639
0.901178
0.976014
0.93177
0.845859
0.9882
0.985673
0.985215
0.857739
0.838772
0.800843
0.732667
0.859522
0.988842
0.942129
0.99886
0.976068
0.907716
0.956584
0.993322
0.847144
0.941129
0.934249
0.858519
0.870265
0.948454
0.996046
0.97344
0.896377
0.97992
0.843094
0.942844
0.967146
0.693827
0.933029
0.993269
0.963623
0.807539
0.997097
0.965603
0.995272
0.996313
0.896764
0.869937
0.626389
0.985932
0.955002
0.985569
0.717985
0.730304
0.982038
0.903751
0.991735
0.977018
0.991099
0.979709
0.986931
0.954486
0.928342
0.93566
0.963131
0.994755
0.992417
0.994902
0.99482
0.991159
0.991591
0.994587
0.975033
0.992893
0.975534
0.976506
0.985183
0.904544
0.943431
0.97256
0.884291
0.976314
0.956437
0.992748
0.95315
0.946991
0.987922
0.965723
0.822259
0.982702
0.951788
0.994549
0.990116
0.853532
0.966485
0.990891
0.846973
0.65352
0.990177
0.996653
0.989263
0.925664
0.965011
0.989173
0.918236
0.957418
0.791539
0.981725
0.839377
0.958302
0.982275
0.931113
0.984576
0.841779
0.952874
0.989855
0.997497
0.928321
0.979443
0.694319
0.950609
0.895457
0.743471
0.990895
0.990453
0.980601
0.930777
0.978671
0.98326
0.998013
0.73233
0.983879
0.959164
0.959203
0.936051
0.95053
0.931922
0.992521
0.992502
0.994298
0.912035
0.980073
0.72256
0.687207
0.946803
0.988418
0.925879
0.959582
0.992899
0.994273
0.956078
0.986344
0.992875
0.73244
0.986019
0.988047
0.948525
0.901428
0.995616
0.947517
0.980043
0.992614
0.633349
0.934897
0.993103
0.907971
0.974797
0.985732
0.997174
0.91882
0.923652
0.691617
0.994915
0.924126
0.963992
0.971269
0.897266
0.687672
0.98823
0.955366
0.960692
0.989984
0.919045
0.967008
0.961141
0.947109
0.955341
0.96834
0.990849
0.874862
0.953119
0.993326
0.957472
0.991026
0.906079
0.950181
0.992472
0.947634
0.974844
0.996698
0.980756
0.88868
0.746983
0.972853
0.959863
0.995431
0.971669
0.957929
0.995296
0.675888
0.983144
0.932126
0.805236
0.986032
0.983989
0.81877
0.984531
0.765963
0.991822
0.919851
0.99468
0.985406
0.968397
0.978931
0.973092
0.982049
0.885458
0.994372
0.991785
0.940828
0.788909
0.980383
0.979146
0.966634
0.997312
0.885195
0.942308
0.985007
0.846011
0.926051
0.994954
0.814341
0.971509
0.921216
0.986231
0.826349
0.932669
0.987833
0.982259
0.992454
0.955886
0.998672
0.950929
0.917914
0.996357
0.883989
0.91644
0.947433
0.90571
0.956565
0.990278
0.951437
0.94292
0.886604
0.941929
0.998655
0.973955
0.74895
0.89165
0.929831
0.763337
0.79324
0.990185
0.9632
0.986811
0.966997
0.89568
0.958569
0.945272
0.891201
0.977404
0.952632
0.98276
0.946999
0.910434
0.807373
0.937569
0.999215
0.956545
0.692002
0.992977
0.985149
0.972406
0.980698
0.94604
0.917808
0.982665
0.983316
0.968188
0.935531
0.947781
0.929307
0.972878
0.962829
0.969561
0.993183
0.994193
0.856375
0.961826
0.989835
0.687965
0.934414
0.761391
0.990451
0.990521
0.870298
0.971874
0.843594
0.995701
0.966293
0.998622
0.976301
0.896891
0.961205
0.9645
0.924126
0.98312
0.985691
0.986821
0.955456
0.79468
0.994338
0.956694
0.973692
0.852023
0.965244
0.948521
0.986178
0.964799
0.891467
0.894247
0.993934
0.995025
0.964057
0.897042
0.976368
0.818972
0.95611
0.992887
0.989021
0.874378
0.980776
0.987516
0.748921
0.941313
0.986876
0.994825
0.946572
0.823537
0.711056
0.969653
0.963676
0.948127
0.96624
0.993493
0.881428
0.769026
0.761177
0.975547
0.971516
0.91521
0.915131
0.944539
0.889826
0.982629
0.983057
0.874873
0.710783
0.997431
0.940913
0.927101
0.963327
0.935927
0.987279
0.990284
0.941929
0.996885
0.974339
0.966987
0.983946
0.977965
0.985339
0.941252
0.991583
0.969254
0.986802
0.644008
0.898874
0.881878
0.880229
0.993479
0.959783
0.951607
0.990321
0.998606
0.998864
0.989545
0.969928
0.974998
0.864752
0.901076
0.954835
0.969845
0.993613
0.995601
0.943185
0.9399
0.876334
0.807472
0.994463
0.99018
0.978171
0.987601
0.86727
0.986222
0.983845
0.972293
0.983707
0.849556
0.972078
0.990284
0.978604
0.742361
0.964869
0.83423
0.940349
0.967171
0.957845
0.993939
0.897558
0.95019
0.977862
0.991152
0.983334
0.998131
0.967717
0.912075
0.991249
0.998668
0.996821
0.812439
0.94958
0.982491
0.953443
0.964834
0.886684
0.997966
0.87598
0.874638
0.989836
0.871327
0.988254
0.980204
0.990335
0.934401
0.999311
0.986079
0.997074
0.888541
0.919906
0.951932
0.981442
0.983242
0.997029
0.979949
0.905674
0.90425
0.982747
0.993548
0.990972
0.989049
0.97088
0.792546
0.991785
0.979332
0.996276
0.980178
0.911694
0.926601
0.982746
0.893405
0.903533
0.893405
0.992466
0.985216
0.979641
0.952439
0.908329
0.909326
0.951095
0.997202
0.935661
0.835144
0.947538
0.808764
0.870311
0.956565
0.90907
0.970888
0.990593
0.970661
0.990354
0.960937
0.924644
0.896441
0.979437
0.969127
0.954839
0.999508
0.915041
0.981492
0.99349
0.96443
0.969745
0.920116
0.959863
0.98012
0.959943
0.702692
0.911582
0.991376
0.704971
0.99485
0.772093
0.795163
0.976209
0.960961
0.9931
0.997953
0.994857
0.835445
0.950777
0.986883
0.941175
0.992187
0.818561
0.993857
0.909234
0.83526
0.990993
0.870126
0.996751
0.979057
0.773031
0.991024
0.923971
0.99119
0.968078
0.998648
0.999174
0.989918
0.982281
0.952618
0.978285
0.896281
0.993183
0.995617
0.869944
0.9684
0.788206
0.994274
0.912918
0.979805
0.946211
0.938747
0.971835
0.754457
0.987429
0.972059
0.81374
0.995605
0.993462
0.982235
0.97189
0.935133
0.972478
0.985875
0.974211
0.995211
0.986022
0.951965
0.987161
0.891952
0.961752
0.980976
0.98123
0.875913
0.963362
0.985867
0.959866
0.990108
0.991323
0.900663
0.975954
0.960125
0.976501
0.943321
0.942509
0.954315
0.991559
0.777596
0.859858
0.916962
0.879902
0.992909
0.999401
0.857009
0.737318
0.97847
0.990319
0.996575
0.970483
0.993508
0.993728
0.98792
0.997365
0.933818
0.97102
0.987986
0.993934
0.971509
0.754565
0.961794
0.989545
0.997018
0.977608
0.977945
0.992223
0.754979
0.960125
0.990963
0.983356
0.92725
0.982509
0.987382
0.981239
0.964933
0.991249
0.976976
0.920989
0.985321
0.993493
0.956694
0.990769
0.90948
0.990849
0.96434
0.996059
0.967589
0.991004
0.939817
0.978901
0.919692
0.983594
0.947914
0.919416
0.897187
0.945927
0.908447
0.975156
0.981724
0.952995
0.998775
0.912025
0.834119
0.998609
0.891432
0.993528
0.986319
0.80707
0.998653
0.916727
0.995766
0.959529
0.989059
0.924603
0.997458
0.943202
0.989125
0.779989
0.970384
0.782593
0.911229
0.976929
0.990214
0.9956
0.970135
0.945915
0.813917
0.921626
0.94984
0.993921
0.771129
0.967251
0.990486
0.992597
0.930502
0.911005
0.928615
0.997963
0.950687
0.994662
0.948483
0.930364
0.998187
0.991382
0.825752
0.896097
0.92319
0.806739
0.993909
0.990619
0.956893
0.987258
0.845654
0.968864
0.897651
0.989571
0.809522
0.953317
0.991557
0.984892
0.961012
0.998922
0.948853
0.925838
0.880212
0.971959
0.874082
0.987713
0.716194
0.996798
0.992284
0.721622
0.841377
0.981737
0.99191
0.967432
0.947165
0.991941
0.900622
0.817491
0.988541
0.992922
0.732514
0.949391
0.947534
0.943955
0.997526
0.998529
0.92111
0.969154
0.951524
0.877287
0.951343
0.875839
0.99836
0.699394
0.974167
0.936525
0.970842
0.993172
0.929521
0.988136
0.99518
0.936955
0.966717
0.995659
0.994995
0.995667
0.77009
0.982919
0.989378
0.98595
0.988457
0.988099
0.667251
0.991962
0.943751
0.989504
0.648279
0.997453
0.946114
0.824365
0.942087
0.958227
0.995864
0.850769
0.584305
0.994252
0.972407
0.884119
0.965535
0.980596
0.934873
0.948949
0.996952
0.976203
0.994653
0.974821
0.955632
0.91253
0.990226
0.969549
0.988184
0.96586
0.966806
0.940939
0.987577
0.996412
0.947393
0.926825
0.977937
0.886441
0.966631
0.982424
0.99389
0.93907
0.867286
0.958563
0.961174
0.999283
0.982892
0.775309
0.953033
0.952874
0.918958
0.998625
0.993756
0.906366
0.994638
0.976017
0.977279
0.848159
0.835552
0.911582
0.935508
0.881976
0.997938
0.977185
0.993431
0.995414
0.92949
0.99081
0.965899
0.988654
0.943955
0.968889
0.994036
0.970917
0.903884
0.985495
0.985658
0.996389
0.996759
0.956876
0.996547
0.924475
0.972005
0.968011
0.974004
0.982297
0.994251
0.973847
0.985508
0.969939
0.986662
0.97303
0.983242
0.973424
0.984557
0.980369
0.975084
0.986452
0.958012
0.973349
0.998811
0.974704
0.997965
0.996751
0.982701
0.948782
0.893322
0.974653
0.933979
0.826925
0.978741
0.750791
0.996096
0.988127
0.980165
0.727908
0.953142
0.996094
0.981832
0.994237
0.966846
0.848947
0.740519
0.968703
0.996792
0.959849
0.954581
0.995757
0.95258
0.933656
0.91341
0.96018
0.881278
0.99736
0.994529
0.940086
0.989944
0.800599
0.990274
0.908631
0.929184
0.965167
0.983677
0.801818
0.813097
0.990776
0.972407
0.938447
0.995781
0.995443
0.950271
0.978833
0.887852
0.956374
0.92724
0.840671
0.929634
0.77911
0.985821
0.980338
0.815428
0.970232
0.907971
0.921032
0.977498
0.990622
0.824725
0.946815
0.93885
0.95249
0.981711
0.992717
0.946107
0.665216
0.986736
0.951238
0.976268
0.941748
0.99631
0.92725
0.980636
0.993119
0.959941
0.996486
0.873402
0.826753
0.920064
0.993479
0.981891
0.68515
0.811837
0.969845
0.928025
0.864656
0.926815
0.990302
0.926077
0.990238
0.990188
0.945488
0.862493
0.979939
0.99818
0.997429
0.983272
0.979045
0.950624
0.691286
0.975415
0.881878
0.975122
0.847579
0.993208
0.875839
0.981763
0.980369
0.718039
0.722038
0.945275
0.771404
0.97332
0.981007
0.995227
0.944062
0.996157
0.984426
0.995474
0.934477
0.847996
0.981387
0.996114
0.781028
0.85075
0.995707
0.88607
0.971675
0.995022
0.973605
0.980114
0.990622
0.792397
0.990144
0.98348
0.870081
0.98413
0.882652
0.979355
0.986662
0.994352
0.988515
0.969432
0.993664
0.877799
0.997139
0.969042
0.822841
0.849957
0.941251
0.965515
0.998852
0.994376
0.960127
0.931911
0.857235
0.951929
0.990083
0.930515
0.967539
0.961404
0.986977
0.853415
0.846059
0.982722
0.961562
0.988188
0.940944
0.819513
0.907988
0.995222
0.96607
0.996952
0.884747
0.888623
0.972497
0.940012
0.998384
0.846213
0.960902
0.99152
0.945088
0.940946
0.990929
0.968983
0.988289
0.942488
0.758688
0.936258
0.786387
0.924628
0.999471
0.798321
0.964864
0.937833
0.975737
0.990321
0.994287
0.943671
0.975691
0.964926
0.926593
0.756782
0.992428
0.914433
0.998594
0.997507
0.96546
0.724916
0.967507
0.968751
0.980009
0.92004
0.998604
0.946503
0.978741
0.985062
0.978388
0.922182
0.684707
0.982736
0.937988
0.972798
0.929851
0.980335
0.994423
0.969655
0.975887
0.820013
0.990269
0.935739
0.9241
0.976019
0.785747
0.878912
0.991794
0.983214
0.79164
0.806934
0.996157
0.904371
0.972905
0.933783
0.968105
0.963348
0.962442
0.88945
0.960295
0.988296
0.969921
0.808576
0.880073
0.992313
0.963657
0.956378
0.896235
0.960832
0.971383
0.985338
0.995094
0.970941
0.942504
0.966795
0.852817
0.989918
0.947613
0.768866
0.846465
0.931773
0.985503
0.932004
0.940349
0.992332
0.672729
0.97778
0.976889
0.995117
0.971796
0.944962
0.954397
0.972405
0.970406
0.985109
0.995328
0.75371
0.996546
0.997784
0.949546
0.959127
0.849491
0.809786
0.952673
0.990111
0.683153
0.973842
0.976234
0.951679
0.865652
0.926788
0.786064
0.879168
0.853387
0.969284
0.876041
0.975858
0.726842
0.999296
0.981539
0.997839
0.724913
0.803051
0.985793
0.970679
0.996307
0.895265
0.936821
0.99492
0.973261
0.998199
0.964902
0.969523
0.986576
0.998561
0.992626
0.96291
0.917273
0.930629
0.987304
0.973056
0.780843
0.969315
0.990507
0.928589
0.993112
0.962143
0.962451
0.828187
0.951878
0.979588
0.969173
0.970519
0.997734
0.984551
0.923865
0.998151
0.972657
0.99926
0.894755
0.997341
0.897691
0.986865
0.990772
0.921139
0.998068
0.961801
0.978758
0.799033
0.996026
0.986337
0.995291
0.964985
0.993635
0.779223
0.930455
0.99565
0.950983
0.994413
0.991253
0.89393
0.964408
0.949082
0.989254
0.837338
0.917914
0.918106
0.998394
0.953811
0.960597
0.998123
0.953896
0.913108
0.886438
0.895713
0.976607
0.956005
0.913505
0.914766
0.972162
0.997955
0.832081
0.848834
0.92985
0.946923
0.991698
0.993337
0.990296
0.961205
0.987601
0.898878
0.935397
0.98227
0.807742
0.992341
0.96034
0.996096
0.947362
0.992699
0.960978
0.96938
0.944902
0.998866
0.991896
0.985534
0.96101
0.994814
0.907567
0.919975
0.998001
0.984167
0.963935
0.868273
0.969039
0.994112
0.893169
0.961989
0.976356
0.973995
0.980258
0.904541
0.826414
0.954414
0.96372
0.955733
0.998407
0.993146
0.991389
0.954916
0.9241
0.915041
0.890413
0.881334
0.996869
0.872236
0.968751
0.945383
0.958191
0.975702
0.959637
0.949854
0.830169
0.94413
0.922761
0.976062
0.956306
0.978771
0.836093
0.969637
0.995061
0.982386
0.861255
0.9986
0.653163
0.984453
0.99684
0.964803
0.978453
0.972509
0.97007
0.908337
0.978166
0.944294
0.998596
0.786009
0.978502
0.963235
0.931393
0.97502
0.995295
0.995643
0.996392
0.951058
0.789972
0.996763
0.992826
0.987757
0.803283
0.987661
0.989494
0.98656
0.996139
0.999121
0.994698
0.925838
0.882958
0.847991
0.869007
0.984888
0.984473
0.988797
0.933561
0.978341
0.987607
0.946982
0.90361
0.962281
0.959077
0.99485
0.982995
0.997959
0.966065
0.995222
0.951929
0.989401
0.975939
0.735156
0.995414
0.98586
0.96091
0.814603
0.990305
0.96161
0.858751
0.78709
0.992007
0.945399
0.978577
0.960866
0.976212
0.995261
0.93489
0.983697
0.992768
0.983921
0.997861
0.81558
0.886294
0.996199
0.920193
0.972953
0.972707
0.956264
0.996767
0.979743
0.977437
0.986417
0.961533
0.976534
0.953635
0.951052
0.931328
0.983693
0.962334
0.994107
0.986381
0.726075
0.883558
0.954467
0.941705
0.992355
0.782214
0.978084
0.966468
0.979276
0.970986
0.985146
0.975915
0.964449
0.943742
0.963308
0.97126
0.941579
0.935272
0.808217
0.994452
0.99803
0.992491
0.933793
0.959669
0.958522
0.974862
0.981392
0.986548
0.975848
0.956599
0.961773
0.968496
0.988516
0.865781
0.998161
0.953157
0.983155
0.979495
0.962035
0.996757
0.957985
0.968026
0.98882
0.99808
0.948249
0.993376
0.993575
0.800661
0.937313
0.985591
0.983945
0.961936
0.935167
0.945879
0.958899
0.962533
0.957798
0.981855
0.929215
0.962412
0.856317
0.995425
0.954497
0.996249
0.970486
0.852063
0.983626
0.98207
0.802991
0.705338
0.995997
0.997777
0.972135
0.963853
0.976768
0.963869
0.860316
0.99119
0.992698
0.984374
0.969493
0.91253
0.926958
0.84774
0.961074
0.987859
0.953876
0.997426
0.816038
0.977145
0.95073
0.979426
0.991788
0.966249
0.980536
0.9435
0.988717
0.846543
0.995959
0.96962
0.87588
0.90365
0.955896
0.926169
0.964653
0.995038
0.986384
0.928406
0.953473
0.967076
0.871511
0.951141
0.910545
0.975647
0.991612
0.996091
0.997176
0.850695
0.949846
0.985749
0.968346
0.981664
0.900538
0.909678
0.965594
0.960218
0.765274
0.954879
0.974158
0.979313
0.99901
0.987552
0.943691
0.999024
0.959356
0.992863
0.763318
0.745067
0.963798
0.996043
0.979428
0.756721
0.721856
0.98808
0.932776
0.9559
0.958913
0.934445
0.962367
0.999297
0.951423
0.950013
0.916921
0.941441
0.996126
0.961114
0.939299
0.794673
0.804156
0.95118
0.988861
0.959205
0.988796
0.976337
0.866545
0.995294
0.776477
0.980818
0.942904
0.993379
0.982998
0.99446
0.992064
0.926121
0.976648
0.983877
0.995658
0.990442
0.994602
0.970446
0.989588
0.827697
0.994845
0.989748
0.936311
0.952055
0.960641
0.896654
0.967496
0.957586
0.999399
0.936526
0.977859
0.928589
0.986947
0.888116
0.996207
0.991637
0.986865
0.765402
0.949359
0.885073
0.998217
0.978309
0.767075
0.965795
0.918844
0.943012
0.858981
0.802793
0.756878
0.991564
0.982051
0.939491
0.944337
0.895266
0.92469
0.981777
0.970915
0.984551
0.897416
0.99136
0.932347
0.953909
0.911612
0.990025
0.99021
0.966095
0.972485
0.985218
0.999439
0.990484
0.937334
0.947905
0.976225
0.984665
0.998493
0.923203
0.933254
0.881507
0.944979
0.988658
0.986746
0.967047
0.883225
0.976498
0.971636
0.984338
0.978633
0.993589
0.982
0.908791
0.9278
0.991242
0.925519
0.995296
0.984787
0.931267
0.887926
0.979725
0.865127
0.976981
0.995205
0.987518
0.883213
0.912299
0.925762
0.950898
0.970799
0.877264
0.945848
0.950677
0.94941
0.948871
0.960744
0.966414
0.989769
0.966262
0.956975
0.963223
0.93729
0.953142
0.818756
0.793601
0.984426
0.989514
0.977611
0.927149
0.931054
0.961888
0.770452
0.644497
0.847821
0.999338
0.954713
0.988286
0.986127
0.737332
0.86105
0.984634
0.937328
0.968805
0.961258
0.953215
0.942008
0.944829
0.94292
0.738304
0.838835
0.992753
0.962003
0.963692
0.978148
0.962478
0.774287
0.897623
0.965904
0.992698
0.903177
0.990057
0.957656
0.893719
0.938265
0.953889
0.96166
0.891646
0.792321
0.983762
0.956021
0.985243
0.980197
0.637886
0.980429
0.952713
0.993321
0.940314
0.795914
0.877514
0.994368
0.990426
0.945162
0.967151
0.989435
0.971685
0.861523
0.970683
0.927253
0.940286
0.946155
0.985132
0.938048
0.993915
0.936638
0.97958
0.986742
0.979041
0.987528
0.991296
0.83149
0.958563
0.94743
0.967628
0.986198
0.931206
0.971402
0.990671
0.996483
0.951633
0.974083
0.986712
0.981122
0.99164
0.993005
0.948297
0.990109
0.988807
0.994418
0.992114
0.851229
0.986072
0.996539
0.871032
0.992557
0.967019
0.995668
0.979259
0.994155
0.903907
0.960206
0.95775
0.927613
0.986378
0.994117
0.946114
0.978728
0.739566
0.983107
0.977238
0.974425
0.993833
0.981859
0.96466
0.805585
0.995773
0.946077
0.98972
0.954296
0.920925
0.998044
0.816389
0.864971
0.894557
0.95249
0.949331
0.98097
0.973982
0.904375
0.93885
0.996901
0.992253
0.924468
0.954255
0.892977
0.988129
0.921036
0.877296
0.993493
0.985825
0.986966
0.994503
0.843955
0.916825
0.969986
0.98613
0.924644
0.813321
0.98366
0.99896
0.987755
0.748936
0.828708
0.974912
0.843027
0.995988
0.973267
0.98591
0.997923
0.94842
0.91256
0.97377
0.99425
0.984028
0.948505
0.87326
0.958676
0.993045
0.6992
0.981789
0.957859
0.958343
0.897558
0.968598
0.911427
0.969342
0.999117
0.911005
0.991324
0.99156
0.765923
0.98989
0.978454
0.934763
0.888623
0.962342
0.793143
0.982219
0.971351
0.770588
0.998063
0.978132
0.780216
0.945117
0.959897
0.983211
0.978466
0.799463
0.986354
0.99319
0.990537
0.99485
0.973972
0.990607
0.987584
0.85009
0.98817
0.99587
0.962831
0.976054
0.98514
0.920286
0.928084
0.9943
0.999378
0.978372
0.986069
0.986922
0.963055
0.971344
0.96637
0.954542
0.976098
0.989585
0.907549
0.972891
0.992688
0.926867
0.988708
0.993236
0.992895
0.624467
0.8885
0.95191
0.967638
0.95927
0.862269
0.937297
0.930542
0.901259
0.973856
0.871493
0.863713
0.961759
0.976228
0.913238
0.981354
0.995645
0.999102
0.996226
0.996212
0.90692
0.979036
0.633118
0.998511
0.938604
0.966337
0.987401
0.927969
0.896978
0.973995
0.986723
0.984338
0.982692
0.851399
0.627441
0.988834
0.97632
0.981866
0.915679
0.964842
0.709057
0.971813
0.970384
0.99331
0.992477
0.878319
0.980165
0.975796
0.961999
0.970986
0.99838
0.948748
0.938939
0.960855
0.992572
0.869432
0.809707
0.942088
0.812916
0.982274
0.938349
0.966083
0.917595
0.833088
0.96811
0.998139
0.982785
0.950984
0.997008
0.811903
0.979956
0.954916
0.934873
0.956692
0.989798
0.878473
0.808962
0.980918
0.894996
0.924314
0.942419
0.89497
0.759515
0.930682
0.97669
0.98433
0.970468
0.974576
0.990772
0.9906
0.975718
0.953842
0.972095
0.985289
0.972969
0.962543
0.925337
0.921244
0.993883
0.985849
0.979289
0.96325
0.974972
0.97685
0.975889
0.966235
0.981972
0.945692
0.986712
0.966447
0.864534
0.836921
0.988467
0.976919
0.948111
0.98704
0.951066
0.998253
0.939644
0.975737
0.935455
0.971219
0.970147
0.968787
0.671031
0.979677
0.989682
0.998755
0.986278
0.887812
0.807934
0.980652
0.978676
0.947694
0.980966
0.868838
0.893595
0.86852
0.991226
0.933104
0.976738
0.96628
0.976678
0.88273
0.950304
0.972435
0.993478
0.910613
0.977257
0.913557
0.986733
0.967989
0.861523
0.987614
0.96846
0.925825
0.805689
0.953037
0.899556
0.975794
0.90211
0.869728
0.916438
0.993447
0.991991
0.890625
0.998148
0.730874
0.976388
0.729114
0.973014
0.93582
0.985269
0.964592
0.986773
0.94447
0.899461
0.864258
0.881019
0.978002
0.952121
0.879333
0.953326
0.887577
0.939914
0.965854
0.943534
0.82221
0.692972
0.98573
0.947035
0.925477
0.894247
0.930653
0.91713
0.9065
0.929032
0.860929
0.90488
0.87422
0.888494
0.993013
0.928925
0.929895
0.944646
0.994742
0.867374
0.960897
0.988024
0.982886
0.955084
0.979505
0.913567
0.894871
0.984299
0.917571
0.986326
0.817163
0.989046
0.994889
0.889941
0.857032
0.992249
0.952213
0.975942
0.942112
0.997822
0.99319
0.959793
0.994937
0.981227
0.989277
0.983091
0.888801
0.970526
0.948958
0.979211
0.998885
0.935707
0.940117
0.711731
0.966009
0.943561
0.965329
0.987565
0.980985
0.971451
0.888407
0.991525
0.997601
0.94422
0.945104
0.851229
0.911611
0.970833
0.631242
0.890542
0.890326
0.947336
0.996531
0.97416
0.982018
0.946849
0.956626
0.938708
0.789004
0.932848
0.957072
0.957235
0.930782
0.955079
0.957928
0.962776
0.795487
0.940017
0.954919
0.995685
0.905348
0.934537
0.985834
0.976274
0.996023
0.762108
0.931808
0.995142
0.903373
0.996789
0.855078
0.872983
0.950889
0.94705
0.933885
0.971312
0.992897
0.929423
0.917959
0.997614
0.956113
0.944193
0.956551
0.950354
0.95209
0.90911
0.88756
0.79703
0.801064
0.936872
0.915827
0.88821
0.853148
0.920587
0.812789
0.991051
0.922608
0.95721
0.984332
0.959307
0.971892
0.768131
0.998898
0.863872
0.995417
0.925415
0.971048
0.923428
0.962037
0.975846
0.825278
0.993208
0.914584
0.968644
0.808764
0.976015
0.944299
0.824898
0.976556
0.939473
0.938992
0.801073
0.984458
0.962047
0.988198
0.870235
0.996471
0.911913
0.983367
0.96079
0.994148
0.965842
0.981387
0.967323
0.973516
0.99619
0.881449
0.930775
0.984552
0.998775
0.95678
0.985695
0.989729
0.902909
0.990675
0.984078
0.993538
0.958248
0.942467
0.997312
0.996192
0.92175
0.981734
0.962363
0.92837
0.938479
0.793846
0.949168
0.85857
0.77413
0.991896
0.991076
0.995076
0.933312
0.931669
0.992863
0.986326
0.991701
0.901523
0.926536
0.962426
0.989514
0.996787
0.918261
0.992841
0.987525
0.970576
0.943059
0.944852
0.987222
0.996707
0.935332
0.994878
0.898992
0.990552
0.850386
0.996407
0.875612
0.99123
0.997911
0.987065
0.961802
0.992938
0.991726
0.797658
0.992506
0.975475
0.985402
0.998148
0.944962
0.895628
0.957798
0.856829
0.856385
0.961944
0.9878
0.981908
0.927359
0.992813
0.979807
0.995401
0.994697
0.997364
0.995005
0.995572
0.9859
0.994552
0.976918
0.951597
0.93246
0.953613
0.928914
0.928749
0.962184
0.992612
0.960337
0.991449
0.993171
0.995124
0.992718
0.973144
0.99222
0.796115
0.997466
0.99434
0.990166
0.991689
0.993317
0.993052
0.713334
0.996137
0.979919
0.993402
0.992204
0.995295
0.946492
0.995817
0.98899
0.919684
0.914723
0.962373
0.971789
0.988475
0.995677
0.944897
0.991841
0.940913
0.91991
0.994984
0.991503
0.90576
0.948076
0.918751
0.840178
0.952044
0.959566
0.936459
0.955118
0.768327
0.995105
0.997963
0.972138
0.942141
0.932493
0.825948
0.983052
0.92944
0.994686
0.991018
0.990758
0.996859
0.990549
0.796068
0.99626
0.899182
0.928243
0.988222
0.932129
0.952678
0.948811
0.871341
0.940855
0.992966
0.970128
0.871281
0.975569
0.996802
0.970614
0.925797
0.984349
0.987382
0.876256
0.995354
0.974198
0.829268
0.989812
0.968608
0.998065
0.935997
0.882102
0.93327
0.860963
0.868831
0.860198
0.952463
0.795105
0.963734
0.962412
0.989336
0.898343
0.996193
0.990321
0.977436
0.936597
0.950619
0.93642
0.95365
0.978629
0.878258
0.9548
0.98136
0.909209
0.889657
0.886463
0.81063
0.884933
0.92838
0.912257
0.933279
0.876842
0.945578
0.854136
0.965702
0.938578
0.978546
0.981348
0.995821
0.966633
0.903818
0.987515
0.994082
0.932473
0.999147
0.979249
0.956486
0.878115
0.983608
0.990934
0.984516
0.781288
0.939676
0.996693
0.996145
0.924742
0.690286
0.9943
0.801491
0.996271
0.995961
0.975891
0.968088
0.961828
0.995863
0.948227
0.96585
0.996516
0.993405
0.954468
0.984652
0.959687
0.853274
0.919021
0.998365
0.977021
0.972475
0.979067
0.91241
0.892175
0.955553
0.927383
0.972758
0.885036
0.995723
0.736908
0.941725
0.986649
0.997397
0.997654
0.958894
0.878995
0.942177
0.991951
0.990325
0.953982
0.985235
0.956395
0.960782
0.951046
0.813486
0.924158
0.946983
0.980925
0.978745
0.976143
0.971816
0.979757
0.970508
0.866648
0.987068
0.974768
0.976778
0.961671
0.961904
0.960601
0.931025
0.964292
0.956006
0.959601
0.984443
0.992996
0.992692
0.997159
0.986674
0.992225
0.940797
0.979919
0.706999
0.99117
0.713611
0.910552
0.995849
0.944512
0.988021
0.992389
0.982978
0.964819
0.987057
0.881064
0.967096
0.952119
0.90322
0.866999
0.954437
0.973064
0.996356
0.962004
0.970548
0.990584
0.992295
0.917616
0.878723
0.987405
0.977435
0.771627
0.99644
0.990084
0.95863
0.993023
0.952435
0.942263
0.995206
0.944806
0.923344
0.695195
0.974631
0.819404
0.943236
0.98564
0.956115
0.987111
0.942474
0.807626
0.915009
0.972022
0.93468
0.983002
0.937935
0.979039
0.988645
0.911796
0.935332
0.97732
0.983923
0.974506
0.878995
0.994297
0.865736
0.90317
0.93765
0.763752
0.972012
0.905155
0.881406
0.999078
0.989549
0.870975
0.941134
0.915062
0.987974
0.996554
0.995337
0.697087
0.922794
0.610402
0.996431
0.985406
0.998583
0.802237
0.904199
0.996696
0.960448
0.86859
0.967821
0.981274
0.954902
0.870803
0.80497
0.908524
0.999549
0.872282
0.977764
0.977396
0.956113
0.974473
0.97635
0.895817
0.963988
0.87052
0.967422
0.932659
0.954168
0.890545
0.984583
0.999911
0.98128
0.952285
0.922747
0.938691
0.971959
0.987833
0.923815
0.986247
0.715632
0.986126
0.901939
0.880757
0.964951
0.997015
0.972051
0.982796
0.981153
0.993727
0.996097
0.827151
0.949787
0.872601
0.998413
0.987993
0.985115
0.846541
0.972683
0.995269
0.941671
0.925152
0.994667
0.944656
0.998295
0.940399
0.97267
0.916074
0.987942
0.990025
0.951187
0.942996
0.917594
0.944479
0.956378
0.972961
0.917184
0.895404
0.871941
0.669962
0.962488
0.953936
0.995247
0.938635
0.984538
0.886278
0.978931
0.967666
0.96754
0.757052
0.936728
0.978065
0.695332
0.927894
0.962786
0.818555
0.974314
0.974051
0.989886
0.914847
0.928859
0.938927
0.951184
0.992374
0.818671
0.994282
0.933601
0.824285
0.885036
0.999101
0.996286
0.923377
0.90747
0.771488
0.930437
0.942633
0.970473
0.981851
0.915942
0.97287
0.952843
0.873647
0.964271
0.935659
0.974282
0.929175
0.994512
0.987455
0.971622
0.983463
0.930724
0.994572
0.926984
0.657816
0.910259
0.938385
0.922087
0.959963
0.936273
0.938636
0.889276
0.981172
0.953233
0.971123
0.909751
0.991254
0.962764
0.753385
0.94158
0.913505
0.986724
0.994177
0.861061
0.938702
0.937232
0.944859
0.883425
0.984433
0.981295
0.987874
0.968149
0.843269
0.970667
0.945958
0.968402
0.913175
0.874737
0.878432
0.899689
0.906335
0.910518
0.889058
0.68216
0.930903
0.918395
0.795871
0.825581
0.858856
0.988604
0.992107
0.995641
0.996114
0.97195
0.77107
0.958033
0.90189
0.857969
0.9243
0.985857
0.905523
0.991214
0.984299
0.937425
0.986981
0.977567
0.947602
0.997143
0.934947
0.998614
0.961554
0.976628
0.996631
0.88646
0.980948
0.996224
0.992657
0.986164
0.975398
0.95436
0.921184
0.962301
0.968651
0.997605
0.882954
0.952361
0.989585
0.941048
0.952637
0.997008
0.919112
0.985157
0.964433
0.797738
0.976677
0.927969
0.935917
0.988452
0.778258
0.802765
0.968632
0.880757
0.976646
0.991906
0.978632
0.946578
0.893226
0.995236
0.831735
0.99799
0.966035
0.947468
0.869478
0.990383
0.834379
0.983301
0.961144
0.978097
0.977898
0.883549
0.994773
0.961578
0.755262
0.972635
0.935991
0.962248
0.989738
0.95683
0.916332
0.974007
0.974212
0.997997
0.964329
0.999841
0.990486
0.99757
0.998189
0.776999
0.919632
0.888995
0.949072
0.979144
0.947429
0.927893
0.920294
0.978567
0.974403
0.964329
0.976248
0.982224
0.761732
0.913985
0.975127
0.944131
0.979265
0.867681
0.996687
0.901788
0.963055
0.994582
0.98338
0.95883
0.839692
0.998822
0.962102
0.982081
0.962219
0.905812
0.969719
0.945782
0.866359
0.98289
0.797461
0.994279
0.902479
0.948023
0.998594
0.996536
0.935265
0.895958
0.982127
0.893338
0.985862
0.99626
0.969352
0.647166
0.978727
0.959027
0.958749
0.931437
0.991474
0.879877
0.995242
0.776097
0.924023
0.864994
0.956513
0.831393
0.892782
0.928861
0.99937
0.931187
0.997692
0.967341
0.909601
0.992043
0.99912
0.956707
0.994462
0.993766
0.942993
0.967533
0.965627
0.997753
0.96217
0.997079
0.976126
0.942813
0.964003
0.973109
0.980144
0.872282
0.736949
0.955538
0.962994
0.999101
0.932782
0.997915
0.968097
0.724296
0.938966
0.852996
0.967958
0.997125
0.886528
0.919045
0.975328
0.991282
0.995417
0.996683
0.964004
0.955068
0.973198
0.961619
0.990675
0.985098
0.994595
0.954935
0.995723
0.99706
0.954685
0.910835
0.879884
0.974564
0.938265
0.994929
0.917673
0.917892
0.981967
0.927886
0.941008
0.954272
0.996213
0.978769
0.993207
0.994905
0.992914
0.980859
0.986273
0.997389
0.985021
0.93593
0.980334
0.994669
0.988907
0.908953
0.943716
0.9619
0.927335
0.915703
0.992431
0.964737
0.950714
0.98361
0.943372
0.952825
0.965822
0.816261
0.968377
0.936424
0.995848
0.99695
0.973058
0.943448
0.929343
0.995809
0.904693
0.967998
0.830842
0.993338
0.99122
0.99154
0.984584
0.960597
0.997716
0.989812
0.946376
0.976547
0.802192
0.992076
0.961001
0.755169
0.992367
0.986517
0.895187
0.996009
0.92596
0.882031
0.989799
0.999309
0.991714
0.976534
0.99914
0.9861
0.971099
0.937268
0.924504
0.998009
0.961864
0.927857
0.921294
0.849617
0.989205
0.977741
0.994738
0.982341
0.988009
0.957817
0.846357
0.775169
0.834733
0.995399
0.965279
0.980382
0.988873
0.893332
0.919077
0.952802
0.982837
0.986173
0.961893
0.979193
0.729147
0.942636
0.967522
0.948067
0.767221
0.96706
0.965098
0.990862
0.945898
0.916985
0.994821
0.732303
0.921583
0.896757
0.997216
0.938112
0.997716
0.992497
0.939531
0.985235
0.962288
0.889888
0.974071
0.935532
0.782184
0.959704
0.996616
0.871097
0.996331
0.993374
0.820206
0.972156
0.995036
0.919714
0.884925
0.986146
0.978135
0.986574
0.99711
0.972972
0.91186
0.994398
0.981535
0.93539
0.886607
0.865507
0.965562
0.983354
0.922189
0.759901
0.945618
0.973236
0.974339
0.996521
0.813659
0.997466
0.963657
0.996301
0.994936
0.992473
0.963849
0.7485
0.979776
0.939371
0.888783
0.782418
0.915408
0.871851
0.962161
0.959461
0.983862
0.940211
0.994514
0.994422
0.966529
0.983625
0.99761
0.951752
0.909991
0.815309
0.9753
0.853772
0.991636
0.972281
0.972487
0.840066
0.978394
0.703302
0.982437
0.974997
0.96696
0.884329
0.963865
0.97844
0.992454
0.980317
0.988097
0.979923
0.990001
0.981081
0.96808
0.987215
0.93861
0.981898
0.979485
0.956707
0.991687
0.975277
0.943691
0.984611
0.929974
0.944092
0.961711
0.960118
0.988811
0.961699
0.979918
0.975424
0.992592
0.998009
0.997217
0.925802
0.989116
0.99588
0.956285
0.80999
0.992902
0.970773
0.813335
0.930753
0.977009
0.977729
0.988745
0.939894
0.976305
0.986743
0.934715
0.973345
0.952062
0.964663
0.976053
0.996846
0.991982
0.982303
0.98018
0.94804
0.989925
0.972967
0.984085
0.976412
0.975915
0.997929
0.974612
0.987927
0.991353
0.970513
0.989635
0.969291
0.926919
0.920572
0.973401
0.985689
0.949595
0.957287
0.844823
0.976803
0.921832
0.947594
0.987102
0.93882
0.870803
0.982812
0.83902
0.987155
0.970604
0.995131
0.988522
0.989594
0.980283
0.977931
0.861407
0.980222
0.733909
0.845044
0.994954
0.984442
0.972531
0.873037
0.922336
0.867354
0.985477
0.922678
0.998884
0.997409
0.963851
0.997473
0.979321
0.986625
0.986928
0.994098
0.935565
0.996392
0.950901
0.996305
0.934366
0.971763
0.992932
0.976107
0.988248
0.986125
0.857349
0.822009
0.975887
0.97923
0.992621
0.996352
0.948403
0.993652
0.981153
0.979895
0.922583
0.97569
0.998681
0.908651
0.948215
0.978969
0.995657
0.97023
0.99204
0.890352
0.961526
0.94183
0.973017
0.990575
0.815236
0.985157
0.953415
0.983319
0.994102
0.998976
0.795711
0.995093
0.744323
0.991094
0.99148
0.973119
0.939376
0.940332
0.984137
0.977501
0.809654
0.97007
0.988374
0.97773
0.99301
0.967747
0.835342
0.92927
0.991795
0.971378
0.700828
0.988463
0.93473
0.971718
0.9704
0.788215
0.961958
0.912947
0.881512
0.996077
0.990469
0.938361
0.884416
0.82576
0.928035
0.981359
0.976899
0.974012
0.99794
0.722111
0.994498
0.918022
0.999102
0.955151
0.967265
0.997138
0.978277
0.968397
0.949745
0.99322
0.926708
0.991271
0.979821
0.923036
0.993582
0.962451
0.832734
0.994459
0.969972
0.96272
0.939419
0.909015
0.991059
0.919662
0.991358
0.991346
0.963608
0.981751
0.996086
0.987259
0.976323
0.948341
0.932908
0.973561
0.886312
0.998281
0.983541
0.988109
0.884337
0.964922
0.981239
0.928331
0.810679
0.94819
0.926142
0.897909
0.984045
0.937437
0.908129
0.985626
0.968546
0.963121
0.954516
0.996063
0.965547
0.997648
0.999298
0.962116
0.948524
0.979443
0.952416
0.954745
0.9316
0.982273
0.989762
0.922429
0.98116
0.979957
0.982432
0.968774
0.990403
0.99071
0.989911
0.982744
0.939785
0.884204
0.990025
0.816581
0.967091
0.958944
0.973521
0.990631
0.921333
0.948535
0.785673
0.92977
0.959199
0.985145
0.988409
0.997097
0.998504
0.996807
0.977553
0.922878
0.972069
0.999812
0.964745
0.992533
0.986558
0.99791
0.973837
0.977985
0.948062
0.982623
0.956506
0.924204
0.981391
0.950771
0.923748
0.968034
0.949085
0.816552
0.804502
0.976699
0.98108
0.979834
0.988222
0.982091
0.98228
0.97499
0.988544
0.991539
0.997729
0.981946
0.981324
0.966323
0.994679
0.97211
0.990852
0.997038
0.69871
0.969801
0.949022
0.962994
0.937869
0.974085
0.989461
0.948886
0.96706
0.935301
0.991215
0.981841
0.997359
0.954862
0.991746
0.970813
0.977656
0.961719
0.993988
0.997403
0.987658
0.906759
0.992414
0.996975
0.940282
0.943672
0.97441
0.981933
0.886039
0.982885
0.97755
0.839968
0.962338
0.878875
0.913197
0.992371
0.941935
0.953376
0.796266
0.978985
0.797367
0.973139
0.962928
0.996917
0.86134
0.950376
0.816938
0.939292
0.98754
0.937295
0.996472
0.834322
0.952547
0.98389
0.976261
0.973553
0.970987
0.984514
0.810609
0.854243
0.99161
0.980296
0.951343
0.936415
0.956388
0.957205
0.976603
0.970092
0.991499
0.978467
0.979351
0.779913
0.979188
0.94457
0.989799
0.997001
0.981832
0.996953
0.954141
0.94737
0.989846
0.928861
0.986079
0.881512
0.985796
0.990198
0.880176
0.992665
0.988704
0.992965
0.988498
0.978273
0.991205
0.985857
0.949467
0.952118
0.95818
0.957188
0.961619
0.973322
0.995513
0.979211
0.77215
0.877951
0.996485
0.918719
0.957788
0.843093
0.97811
0.907403
0.923286
0.944318
0.668547
0.958155
0.983276
0.948768
0.881285
0.907467
0.930229
0.998675
0.856311
0.910603
0.910603
0.981063
0.973196
0.930401
0.979647
0.99556
0.964551
0.811848
0.96127
0.984196
0.982929
0.888466
0.987932
0.882749
0.980125
0.962657
0.959812
0.97915
0.960181
0.975557
0.993375
0.986232
0.861255
0.892839
0.985949
0.927422
0.983345
0.973692
0.977471
0.991424
0.981126
0.981646
0.998427
0.974649
0.906143
0.969525
0.967096
0.978021
0.983713
0.984378
0.912807
0.924435
0.969899
0.927299
0.94601
0.983667
0.952908
0.929511
0.97502
0.891771
0.954228
0.992955
0.970536
0.940855
0.976748
0.952312
0.996035
0.993592
0.999427
0.927153
0.997143
0.961076
0.932079
0.979989
0.931186
0.999766
0.966786
0.979506
0.994507
0.943958
0.970292
0.976206
0.948148
0.986298
0.946749
0.992191
0.974072
0.98792
0.99636
0.918695
0.991245
0.977456
0.981531
0.97911
0.913867
0.990928
0.986385
0.997721
0.922779
0.974616
0.970604
0.993729
0.647175
0.998362
0.974498
0.974997
0.973447
0.97626
0.922599
0.863992
0.948607
0.987829
0.998561
0.964737
0.95321
0.986711
0.976306
0.951875
0.995701
0.963077
0.958983
0.978164
0.957901
0.858417
0.862985
0.915556
0.734921
0.998581
0.966383
0.990197
0.994192
0.997884
0.934165
0.983299
0.960831
0.947604
0.952459
0.955267
0.990486
0.954032
0.944338
0.997575
0.998874
0.987403
0.932822
0.986694
0.955258
0.967353
0.961752
0.971301
0.948553
0.95053
0.992054
0.930901
0.96808
0.622857
0.979205
0.981773
0.989848
0.967699
0.996999
0.973469
0.974913
0.985886
0.994562
0.949455
0.998285
0.900421
0.994289
0.945493
0.715407
0.788886
0.804083
0.95538
0.980133
0.995109
0.760337
0.983386
0.97407
0.986438
0.9672
0.971588
0.99787
0.927961
0.967458
0.587029
0.997319
0.979009
0.977664
0.976794
0.761525
0.99698
0.817637
0.989602
0.993357
0.970124
0.987722
0.964936
0.999058
0.973565
0.997162
0.913494
0.97821
0.996237
0.873634
0.973607
0.996053
0.996288
0.978741
0.996332
0.946884
0.996586
0.803728
0.962865
0.766273
0.985637
0.962373
0.997202
0.987405
0.960528
0.97088
0.954011
0.994956
0.664586
0.926664
0.93444
0.939345
0.991821
0.983227
0.912988
0.981496
0.833396
0.902138
0.850434
0.99787
0.989374
0.747009
0.870673
0.974272
0.902426
0.852198
0.970449
0.99494
0.953552
0.991078
0.973928
0.997928
0.968011
0.98502
0.999081
0.988738
0.992304
0.961195
0.9378
0.941375
0.871465
0.696401
0.997216
0.80556
0.975893
0.993613
0.990829
0.870673
0.885192
0.888325
0.988486
0.979895
0.974932
0.817691
0.99427
0.993375
0.989467
0.976901
0.995086
0.919021
0.991461
0.969501
0.964764
0.956994
0.952062
0.997076
0.997268
0.983119
0.97933
0.789428
0.938635
0.957945
0.97735
0.95846
0.966488
0.976139
0.9366
0.950064
0.971834
0.731079
0.659637
0.976304
0.987981
0.999715
0.931138
0.997562
0.996201
0.967491
0.997524
0.975394
0.978663
0.997143
0.9856
0.995313
0.992887
0.827127
0.954228
0.996473
0.960794
0.891915
0.996207
0.619581
0.948107
0.903365
0.991405
0.893595
0.995591
0.988287
0.946999
0.97177
0.871035
0.973933
0.885862
0.88166
0.757012
0.967106
0.997489
0.967507
0.990144
0.898038
0.889313
0.978709
0.780225
0.981147
0.955427
0.968521
0.972177
0.839748
0.996917
0.987389
0.991493
0.998704
0.992238
0.949455
0.872753
0.957057
0.688882
0.762928
0.991923
0.970276
0.954117
0.982642
0.994029
0.996283
0.994436
0.948414
0.962506
0.996361
0.998275
0.942909
0.974963
0.992876
0.991951
0.993635
0.980575
0.955663
0.989418
0.877917
0.885734
0.975938
0.920025
0.935973
0.807715
0.989138
0.978431
0.988498
0.663377
0.915586
0.976021
0.966667
0.999546
0.900233
0.996047
0.943012
0.992256
0.882554
0.983526
0.985886
0.982762
0.999718
0.979635
0.937
0.986019
0.997867
0.993593
0.966665
0.788961
0.905119
0.95435
0.996276
0.943139
0.953024
0.997678
0.996878
0.950262
0.997602
0.949257
0.996288
0.959671
0.957359
0.780914
0.968517
0.9006
0.986266
0.858093
0.99485
0.999616
0.954629
0.999578
0.992379
0.934009
0.96837
0.976736
0.982829
0.986442
0.965261
0.998925
0.956801
0.999023
0.992195
0.994929
0.953552
0.951895
0.884785
0.93288
0.973934
0.851295
0.997981
0.97195
0.984531
0.986452
0.99206
0.984203
0.9821
0.99772
0.980911
0.973341
0.973342
0.857607
0.98036
0.998966
0.987276
0.9477
0.96106
0.980707
0.975857
0.920914
0.948414
0.858955
0.990663
0.944244
0.801707
0.997733
0.991868
0.999051
0.926768
0.979259
0.920881
0.981151
0.946564
0.958007
0.934414
0.997606
0.97853
0.961718
0.985317
0.976611
0.990465
0.997733
0.95434
0.918234
0.988954
0.965386
0.944468
0.950571
0.960953
0.998596
0.999451
0.990883
0.706988
0.997385
0.98754
0.974932
0.867402
0.982224
0.966499
0.989828
0.62616
0.824536
0.997564
0.863873
0.996332
0.949426
0.878081
0.816489
0.952373
0.996398
0.992493
0.939341
0.974136
0.993988
0.989329
0.993688
0.997963
0.994792
0.997682
0.990568
0.99974
0.687862
0.977559
0.974103
0.999539
0.98547
0.809292
0.996911
0.846885
0.775981
0.951837
0.923799
0.985007
0.991297
0.98802
0.978867
0.98773
0.997397
0.97129
0.896654
0.931773
0.991095
0.995701
0.939589
0.989914
0.991706
0.861759
0.939341
0.98458
0.952466
0.912239
0.907034
0.956991
0.882554
0.892951
0.994513
0.997034
0.997162
0.92577
0.997431
0.98235
0.991016
0.909955
0.820497
0.917742
0.973653
0.947709
0.860697
0.998596
0.949744
0.959203
0.998892
0.996092
0.996783
0.883325
0.997679
0.995997
0.998483
0.98459
0.956243
0.948879
0.948852
0.976862
0.987989
0.999492
0.998142
0.626474
0.765681
0.999799
0.992094
0.936849
0.936032
0.846213
0.997137
0.953548
0.786387
0.9817
0.997508
0.896646
0.994713
0.993226
0.969825
0.760485
0.998015
0.99883
0.998441
0.776377
0.989175
0.99817
0.977543
0.995952
0.952625
0.84149
0.962825
0.993889
0.992612
0.984319
0.996846
0.787393
0.875716
0.850139
0.944035
0.998416
0.991807
0.986663
0.949044
0.942152
0.978769
0.952383
0.902006
0.80556
0.920089
0.920294
0.999973
0.999329
0.858649
0.999881
0.998445
0.987031
0.991719
0.970991
0.979235
0.941069
0.992862
0.988823
0.971234
0.998413
0.989597
0.996602
0.997182
0.997
0.971176
0.97735
0.993419
0.86809
0.870852
0.972847
0.97195
0.936768
0.987727
0.981781
0.657255
0.987963
0.897182
0.993595
0.976793
0.978619
0.843188
0.99634
0.966107
0.99823
0.981678
0.960792
0.996781
0.971767
0.999844
0.998068
0.753324
0.965629
0.985154
0.973864
0.994959
0.943391
0.98819
0.999488
0.841736
0.953025
0.994936
0.989925
0.974702
0.853469
0.867593
0.997537
0.998216
0.79475
0.97025
0.994225
0.947958
0.924983
0.677092
0.999187
0.920518
0.97287
0.813391
0.993734
0.97797
0.973827
0.983326
0.916284
0.985874
0.987503
0.990111
0.893633
0.942079
0.985462
0.999858
0.999007
0.871189
0.998566
0.969017
0.911626
0.988873
0.939465
0.750091
0.934205
0.999698
0.957485
0.995148
0.976726
0.987788
0.879157
0.93122
0.979689
0.999462
0.992896
0.995636
0.97274
0.938193
0.997803
0.825303
0.998015
0.997693
0.960953
0.990623
0.991661
0.915055
0.989541
0.981069
0.995216
0.784325
0.968674
0.988252
0.863293
0.876641
0.970516
0.93973
0.918614
0.951052
0.846543
0.815896
0.970629
0.97711
0.902778
0.964475
0.969952
0.986537
0.734276
0.770698
0.898612
0.934843
0.974321
0.988841
0.958532
0.890986
0.993092
0.993779
0.973762
0.998393
0.977927
0.988192
0.999141
0.873527
0.99402
0.993839
0.886441
0.994687
0.691468
0.947458
0.994583
0.98929
0.959279
0.882994
0.99349
0.995802
0.984334
0.997094
0.936665
0.997885
0.851106
0.936064
0.970884
0.88101
0.965073
0.976432
0.809543
0.982098
0.973174
0.997809
0.930812
0.997768
0.879606
0.997559
0.965271
0.983958
0.926801
0.977677
0.98695
0.96447
0.999574
0.997868
0.976819
0.989422
0.997094
0.966081
0.994689
0.992316
0.988206
0.947299
0.8882
0.994367
0.997994
0.964264
0.962786
0.905016
0.917354
0.92722
0.997886
0.941978
0.768015
0.988135
0.997824
0.997382
0.878432
0.998051
0.987759
0.932463
0.991353
0.977705
0.901341
0.966385
0.888819
0.957197
0.866785
0.948226
0.998562
0.998887
0.837279
0.980897
0.972283
0.988366
0.998799
0.632907
0.86022
0.989906
0.934766
0.948676
0.996469
0.999141
0.906261
0.988461
0.952013
0.948811
0.93142
0.998247
0.979701
0.996844
0.96951
0.979341
0.98994
0.967607
0.975816
0.938795
0.945592
0.994361
0.973728
0.847912
0.991822
0.702761
0.921453
0.997586
0.76849
0.986449
0.959876
0.966397
0.999722
0.79029
0.978407
0.997533
0.981946
0.821112
0.99772
0.953584
0.980533
0.702496
0.930646
0.987403
0.999477
0.976793
0.952363
0.951245
0.972353
0.992301
0.958508
0.959465
0.898874
0.72928
0.943405
0.974953
0.978688
0.993337
0.984184
0.985364
0.992486
0.978984
0.991923
0.991272
0.99064
0.984079
0.999827
0.866999
0.940723
0.987197
0.998635
0.977606
0.99428
0.974865
0.965705
0.954182
0.81598
0.885801
0.996383
0.950658
0.990845
0.952009
0.618064
0.96728
0.987466
0.961263
0.951397
0.911174
0.996374
0.807119
0.934616
0.948351
0.998393
0.998604
0.985831
0.988926
0.970419
0.999566
0.882994
0.919655
0.977965
0.866948
0.986079
0.848546
0.99615
0.993982
0.970629
0.999113
0.996393
0.901243
0.996209
0.998165
0.997162
0.943874
0.997709
0.867465
0.973175
0.954866
0.843633
0.856731
0.964926
0.999724
0.951219
0.981741
0.998855
0.971607
0.998417
0.880748
0.960641
0.795703
0.994744
0.998911
0.893313
0.932463
0.994133
0.85014
0.730717
0.883651
0.998165
0.9991
0.986573
0.954953
0.997869
0.991045
0.997234
0.902235
0.988511
0.940062
0.720961
0.959546
0.837824
0.987999
0.966402
0.97821
0.980915
0.965532
0.999086
0.976614
0.999719
0.990018
0.999776
0.932475
0.997889
0.999664
0.993484
0.989438
0.994897
0.949434
0.981597
0.982144
0.998911
0.999887
0.985154
0.973684
0.998984
0.980634
0.749516
0.9932
0.976414
0.989136
0.973314
0.94391
0.900365
0.997985
0.959876
0.973732
0.993607
0.95883
0.976547
0.902642
0.990371
0.94123
0.95626
0.950876
0.968663
0.894917
0.983118
0.9856
0.98072
0.951895
0.723508
0.974595
0.927209
0.988777
0.851034
0.941832
0.962216
0.916332
0.888174
0.963729
0.999377
0.83337
0.999604
0.99317
0.995237
0.752559
0.998407
0.947281
0.762563
0.957784
0.997776
0.958022
0.938339
0.96834
0.98946
0.981263
0.997816
0.972676
0.998594
0.988574
0.995894
0.982979
0.942455
0.989448
0.96951
0.893648
0.99826
0.992659
0.996814
0.996917
0.998666
0.968878
0.911449
0.877192
0.883651
0.810759
0.961323
0.995848
0.848546
0.973925
0.992346
0.98587
0.977322
0.989679
0.952028
0.881811
0.988743
0.997869
0.931957
0.936277
0.990789
0.973735
0.934923
0.948422
0.949049
0.928181
0.998021
0.979039
0.986605
0.909873
0.94122
0.94449
0.944854
0.994326
0.958579
0.992218
0.966544
0.997871
0.923509
0.999304
0.998371
0.966397
0.980649
0.872854
0.994821
0.9992
0.873006
0.961423
0.944648
0.909512
0.722632
0.804587
0.9681
0.993374
0.912934
0.979333
0.998397
0.959068
0.998329
0.962978
0.98508
0.98632
0.998405
0.996025
0.997844
0.984513
0.998307
0.981255
0.749316
0.961907
0.986277
0.976919
0.998981
0.953276
0.986379
0.908628
0.91736
0.99389
0.995912
0.918844
0.994962
0.774336
0.926395
0.767013
0.951164
0.894694
0.970871
0.838387
0.993353
0.95113
0.996992
0.849768
0.972375
0.975835
0.957584
0.985961
0.769441
0.911767
0.946104
0.990736
0.989869
0.997456
0.868554
0.993593
0.986711
0.996798
0.997916
0.627602
0.999487
0.999746
0.946857
0.738634
0.981433
0.985382
0.985739
0.902653
0.949476
0.998387
0.904585
0.984572
0.999222
0.991286
0.90929
0.984191
0.970282
0.998329
0.931674
0.978823
0.996533
0.879157
0.98416
0.954847
0.989105
0.956801
0.999422
0.933727
0.874548
0.999812
0.978627
0.998513
0.945827
0.831394
0.998997
0.998666
0.94358
0.987276
0.993551
0.998517
0.826625
0.976663
0.98456
0.930241
0.999412
0.98667
0.999579
0.972907
0.926575
0.995711
0.735352
0.966801
0.976323
0.997479
0.997038
0.76657
0.941832
0.807406
0.806037
0.856465
0.938701
0.812857
0.882078
0.993208
0.924755
0.90284
0.962282
0.881507
0.96086
0.948014
0.939487
0.964926
0.98882
0.999742
0.924598
0.973607
0.985788
0.752355
0.982506
0.986653
0.968132
0.989892
0.996011
0.924983
0.854251
0.793232
0.9927
0.979227
0.98855
0.952693
0.981416
0.998079
0.98684
0.96558
0.973623
0.977882
0.973934
0.809551
0.735385
0.682173
0.708214
0.963692
0.957333
0.9986
0.998869
0.965109
0.999623
0.980986
0.972678
0.967699
0.957784
0.968761
0.99197
0.999886
0.99969
0.976368
0.972861
0.880294
0.979287
0.886528
0.957373
0.969249
0.958166
0.970489
0.958117
0.99985
0.978319
0.986939
0.998046
0.975883
0.90582
0.904413
0.906794
0.99695
0.97822
0.9827
0.896646
0.998002
0.986927
0.994731
0.926449
0.966414
0.990613
0.998667
0.936637
0.978264
0.98406
0.964629
0.848604
0.94686
0.997691
0.870672
0.984784
0.979044
0.931728
0.998188
0.977554
0.952294
0.965842
0.953188
0.96051
0.953185
0.810364
0.992297
0.999158
0.970157
0.90582
0.961915
0.887591
0.99496
0.808764
0.96035
0.997881
0.95038
0.955074
0.88698
0.991956
0.997292
0.998513
0.936625
0.999425
0.922761
0.9291
0.932814
0.948248
0.998601
0.925378
0.963692
0.855329
0.850618
0.885152
0.999279
0.996489
0.998188
0.915262
0.622396
0.770721
0.991079
0.975201
0.938868
0.967091
0.989781
0.998916
0.983204
0.975017
0.918418
0.976562
0.963139
0.914357
0.941457
0.847711
0.979333
0.978504
0.952795
0.890872
0.996139
0.784211
0.989287
0.932634
0.999394
0.977254
0.998171
0.97386
0.98485
0.999153
0.892466
0.907886
0.997226
0.9994
0.886127
0.983118
0.823305
0.999623
0.960872
0.813577
0.766497
0.737224
0.996825
0.767637
0.986628
0.995133
0.981017
0.986794
0.946433
0.970697
0.90654
0.933076
0.992438
0.952015
0.981361
0.996365
0.998365
0.94734
0.676091
0.974612
0.998372
0.983544
0.999744
0.912189
0.937244
0.947406
0.995704
0.69183
0.999828
0.963802
0.976907
0.864652
0.932634
0.965128
0.936422
0.936845
0.995733
0.995222
0.998874
0.994592
0.998371
0.870592
0.950796
0.938791
0.987477
0.856385
0.926477
0.982401
0.945982
0.951383
0.961485
0.939915
0.948248
0.999693
0.997674
0.99938
0.998393
0.979266
0.99102
0.995025
0.966732
0.767044
0.986918
0.980533
0.965927
0.622471
0.981608
0.964434
0.996213
0.972716
0.971054
0.996859
0.997532
0.959435
0.999783
0.98714
0.948401
0.975094
0.902844
0.977632
0.931281
0.983307
0.912052
0.864487
0.840899
0.99938
0.994797
0.982665
0.998469
0.991856
0.994158
0.737446
0.879217
0.999886
0.982979
0.985304
0.931254
0.784821
0.974938
0.790785
0.974183
0.98046
0.953037
0.998473
0.949839
0.924598
0.984955
0.999629
0.921083
0.963554
0.725026
0.892966
0.802127
0.750011
0.997137
0.996974
0.988983
0.88559
0.806416
0.998755
0.885152
0.97241
0.984191
0.940712
0.996264
0.896261
0.99977
0.98887
0.91186
0.900734
0.982321
0.720259
0.990676
0.914398
0.932151
0.980897
0.999487
0.95875
0.986415
0.92278
0.734045
0.885433
0.926936
0.998949
0.827928
0.907471
0.998108
0.997317
0.99102
0.927175
0.89348
0.624025
0.991689
0.97271
0.998557
0.980649
0.974143
0.993318
0.967491
0.997688
0.991297
0.968685
0.927068
0.955954
0.850369
0.970422
0.980148
0.999166
0.999551
0.985739
0.994418
0.944835
0.856375
0.981877
0.999007
0.955338
0.996631
0.974133
0.967779
0.925934
0.887589
0.971705
0.996498
0.960476
0.980519
0.982155
0.949044
0.80359
0.990226
0.958739
0.99813
0.892163
0.8247
0.920344
0.973684
0.734529
0.995772
0.905105
0.98343
0.866234
0.980669
0.7971
0.993303
0.936992
0.999191
0.791365
0.924946
0.908953
0.999862
0.98941
0.68904
0.996408
0.94344
0.99959
0.978974
0.939252
0.99707
0.955332
0.98406
0.782593
0.981705
0.988227
0.941549
0.974143
0.956982
0.975293
0.994757
0.999328
0.967888
0.68889
0.947398
0.944238
0.98719
0.971774
0.913502
0.948564
0.969664
0.998101
0.999498
0.967586
0.952836
0.995533
0.998342
0.984955
0.965863
0.997348
0.998453
0.95875
0.844336
0.955577
0.99087
0.995558
0.974237
0.996839
0.972316
0.924419
0.999036
0.991925
0.957045
0.665402
0.996762
0.965114
0.831141
0.996388
0.949044
0.960901
0.997413
0.987425
0.971999
0.98753
0.974196
0.994199
0.972431
0.913985
0.997162
0.989198
0.966372
0.972247
0.999701
0.576793
0.979266
0.884724
0.995948
0.989438
0.989476
0.706271
0.971098
0.849556
0.998608
0.975254
0.93275
0.999669
0.946822
0.832974
0.999702
0.998365
0.992336
0.999165
0.896261
0.741823
0.995987
0.986436
0.762295
0.958905
0.972598
0.984884
0.979352
0.998981
0.931346
0.99976
0.991804
0.984197
0.995905
0.950727
0.964296
0.864455
0.931432
0.997951
0.998712
0.814363
0.98329
0.998857
0.98209
0.986342
0.939788
0.988155
0.756866
0.928623
0.999907
0.799317
0.999669
0.915772
0.907542
0.99245
0.932641
0.895796
0.920803
0.995295
0.998413
0.993237
0.6227
0.962488
0.999626
0.953647
0.983057
0.995669
0.998811
0.706784
0.969748
0.999573
0.997545
0.988915
0.986582
0.975563
0.980568
0.982649
0.988926
0.956395
0.998362
0.908221
0.967819
0.952329
0.990637
0.978441
0.913954
0.997417
0.848839
0.938941
0.996691
0.944846
0.990598
0.92963
0.996606
0.997137
0.913191
0.973011
0.781397
0.939589
0.999804
0.983326
0.988477
0.764913
0.99953
0.980675
0.837409
0.990061
0.998735
0.996715
0.992257
0.990769
0.99526
0.964227
0.999746
0.992884
0.979568
0.97272
0.999031
0.980797
0.962862
0.933712
0.981484
0.938747
0.996947
0.999741
0.949284
0.889914
0.959061
0.904693
0.944705
0.97577
0.991297
0.999993
0.972459
0.899155
0.9243
0.877195
0.894254
0.948541
0.897182
0.984383
0.99784
0.869867
0.985802
0.768796
0.933379
0.962125
0.846571
0.999353
0.999805
0.963025
0.962361
0.958532
0.880984
0.967749
0.935532
0.975719
0.951102
0.997635
0.989911
0.992574
0.964892
0.966153
0.951932
0.879505
0.998393
0.99859
0.999043
0.989996
0.909977
0.985687
0.947716
0.805189
0.96471
0.948076
0.94156
0.764216
0.999852
0.988999
0.985564
0.936459
0.976078
0.622767
0.998539
0.998603
0.975328
0.948425
0.990098
0.998445
0.945595
0.996393
0.987268
0.791708
0.996599
0.683306
0.985158
0.983707
0.968539
0.961699
0.898005
0.919679
0.996236
0.974899
0.927696
0.966197
0.994731
0.933184
0.883105
0.95243
0.93044
0.994821
0.951875
0.957533
0.940621
0.990676
0.990058
0.969447
0.933187
0.996629
0.958633
0.998424
0.942587
0.999811
0.878785
0.746625
0.986712
0.997637
0.991324
0.99611
0.960476
0.86126
0.995284
0.941523
0.985926
0.964235
0.999771
0.973988
0.938955
0.998859
0.998615
0.999742
0.808993
0.960275
0.959205
0.904586
0.908628
0.974083
0.993594
0.998859
0.958731
0.982019
0.888162
0.983635
0.985119
0.975969
0.813227
0.999137
0.994292
0.920475
0.967066
0.999885
0.999904
0.80947
0.992092
0.979518
0.880307
0.99954
0.999442
0.994074
0.957103
0.991002
0.999624
0.986744
0.964876
0.86874
0.99736
0.969447
0.99767
0.999671
0.966892
0.99589
0.899978
0.95317
0.992313
0.935984
0.996293
0.932967
0.932591
0.966053
0.920371
0.933712
0.991348
0.957361
0.880596
0.999296
0.999233
0.879217
0.915219
0.899676
0.968388
0.99254
0.92966
0.997489
0.980536
0.939936
0.993607
0.860808
0.830642
0.999519
0.841736
0.938616
0.99316
0.854889
0.974409
0.960671
0.969748
0.924914
0.999269
0.975353
0.995533
0.86405
0.759955
0.954717
0.916949
0.981601
0.977255
0.936727
0.998478
0.946596
0.908186
0.996694
0.971187
0.907223
0.991744
0.967962
0.992498
0.958206
0.982857
0.990507
0.987161
0.977724
0.976684
0.978166
0.996494
0.991469
0.998131
0.972075
0.976532
0.999399
0.9982
0.949264
0.995239
0.699205
0.91315
0.971613
0.999091
0.842971
0.737531
0.979341
0.960576
0.961936
0.987771
0.98343
0.989806
0.994876
0.99968
0.95545
0.819617
0.676112
0.979359
0.984508
0.983497
0.966088
0.991801
0.988254
0.941508
0.992469
0.999114
0.937824
0.966053
0.985976
0.989981
0.996661
0.948419
0.995331
0.999296
0.906983
0.99978
0.937205
0.951083
0.891007
0.979725
0.996258
0.99317
0.946662
0.989687
0.952283
0.984197
0.739161
0.799423
0.974329
0.775438
0.999797
0.967749
0.903998
0.984068
0.984095
0.798652
0.99972
0.908892
0.968392
0.999916
0.934338
0.997138
0.85949
0.970351
0.999904
0.997829
0.99951
0.888659
0.998311
0.857336
0.999308
0.99714
0.955971
0.880693
0.998186
0.785409
0.818569
0.919918
0.952606
0.948904
0.96751
0.949446
0.774702
0.950998
0.949699
0.934113
0.999786
0.883097
0.737683
0.982284
0.853433
0.985459
0.974006
0.983458
0.857914
0.999304
0.922281
0.812162
0.970108
0.998953
0.989576
0.998811
0.820953
0.909659
0.919744
0.985442
0.864915
0.777731
0.908221
0.987204
0.990439
0.984508
0.996612
0.862697
0.998413
0.998435
0.998589
0.997582
0.888162
0.993635
0.946778
0.977663
0.972799
0.822963
0.995624
0.923253
0.925239
0.999073
0.993594
0.992174
0.984654
0.988999
0.998804
0.959312
0.999194
0.974616
0.88016
0.999795
0.998746
0.994867
0.999418
0.935908
0.757232
0.96185
0.910057
0.840759
0.93085
0.986665
0.767126
0.99411
0.964408
0.95064
0.952256
0.966222
0.99831
0.737316
0.998143
0.999298
0.999473
0.999302
0.968376
0.920103
0.975111
0.987304
0.998646
0.999274
0.7834
0.991311
0.999399
0.988547
0.764554
0.997144
0.691538
0.990329
0.957472
0.902138
0.992095
0.996488
0.963062
0.910163
0.973879
0.955195
0.99428
0.937728
0.997709
0.998755
0.940385
0.953939
0.93664
0.974666
0.687268
0.96549
0.999677
0.971124
0.976414
0.926874
0.98855
0.992378
0.947936
0.838609
0.992578
0.850596
0.946465
0.964861
0.979689
0.953647
0.851565
0.981673
0.998568
0.975839
0.999275
0.823289
0.971613
0.986636
0.974423
0.734578
0.979069
0.999817
0.77568
0.81494
0.943745
0.965387
0.960652
0.99928
0.999097
0.697027
0.998972
0.999679
0.860776
0.948513
0.994826
0.985291
0.860012
0.990751
0.993624
0.705708
0.951969
0.958026
0.99968
0.991046
0.98425
0.954707
0.995079
0.993807
0.994621
0.994754
0.992971
0.839389
0.996315
0.9996
0.801322
0.993495
0.941221
0.999396
0.953252
0.96586
0.995291
0.975293
0.943917
0.996541
0.925896
0.880042
0.96425
0.883074
0.999396
0.98629
0.977652
0.906865
0.949699
0.999799
0.944574
0.99963
0.988648
0.945268
0.996538
0.804543
0.987227
0.892915
0.953859
0.999065
0.86961
0.972813
0.99887
0.801322
0.994987
0.980274
0.971194
0.98629
0.958282
0.996314
0.997555
0.988604
0.979162
0.964977
0.983659
0.887561
0.814397
0.967475
0.986017
0.998772
0.822274
0.999732
0.848378
0.985814
0.962637
0.948489
0.998682
0.943874
0.963231
0.982028
0.997183
0.989464
0.801818
0.98368
0.946129
0.997834
0.984223
0.987273
0.843112
0.998522
0.942611
0.8523
0.998772
0.998746
0.95031
0.690008
0.926923
0.99866
0.995469
0.995676
0.949476
0.967681
0.97502
0.849931
0.959422
0.982618
0.998564
0.992462
0.905108
0.891103
0.838025
0.939932
0.996396
0.802013
0.983781
0.943691
0.811406
0.917798
0.941581
0.978196
0.887264
0.919822
0.984274
0.920914
0.9995
0.983326
0.988555
0.997761
0.784369
0.997166
0.959086
0.967977
0.935103
0.960344
0.893321
0.959699
0.992909
0.941581
0.980197
0.944662
0.996853
0.998604
0.998765
0.989762
0.994717
0.795147
0.998497
0.996085
0.999362
0.999518
0.997979
0.94686
0.919679
0.993258
0.998099
0.949339
0.972225
0.999284
0.743836
0.971467
0.786609
0.998212
0.948195
0.995401
0.981081
0.919918
0.871597
0.966086
0.976381
0.995253
0.982506
0.917816
0.977335
0.998487
0.99803
0.655186
0.805489
0.991454
0.997267
0.807934
0.992083
0.951307
0.902056
0.90294
0.848897
0.798904
0.999584
0.953897
0.898005
0.983233
0.699594
0.99908
0.99658
0.953084
0.992524
0.993018
0.99723
0.957758
0.951826
0.967573
0.987366
0.998687
0.954629
0.969646
0.992083
0.999757
0.999731
0.887541
0.706938
0.617985
0.998765
0.986573
0.960331
0.990899
0.89348
0.995687
0.994049
0.988599
0.999056
0.917362
0.915606
0.98628
0.967504
0.955459
0.999512
0.996858
0.997742
0.989049
0.998418
0.98821
0.986176
0.836624
0.93938
0.999437
0.998859
0.999664
0.821908
0.961159
0.99027
0.830509
0.964306
0.97566
0.978119
0.802985
0.985732
0.995329
0.999664
0.93489
0.853021
0.993266
0.875429
0.999606
0.970241
0.99699
0.940812
0.884118
0.99675
0.996763
0.919393
0.998665
0.998965
0.998856
0.995724
0.950307
0.975737
0.949022
0.998197
0.997842
0.975214
0.997407
0.995329
0.953699
0.909041
0.999378
0.958018
0.999685
0.869742
0.933632
0.968838
0.995528
0.973981
0.995356
0.943525
0.995486
0.748156
0.984459
0.988635
0.911232
0.973981
0.964842
0.958287
0.735234
0.982152
0.778811
0.951119
0.999671
0.992314
0.999803
0.996762
0.999714
0.993554
0.961002
0.965034
0.988804
0.699311
0.977492
0.954242
0.954099
0.969933
0.893321
0.984631
0.90856
0.899641
0.999714
0.914584
0.970014
0.999807
0.96907
0.99957
0.998526
0.984453
0.849932
0.643382
0.98621
0.999649
0.996163
0.923018
0.996286
0.957433
0.940803
0.970418
0.966372
0.843462
0.999683
0.900611
0.998043
0.897461
0.832288
0.809279
0.997992
0.975902
0.930406
0.966359
0.999256
0.932506
0.998156
0.999735
0.999106
0.990637
0.990272
0.967409
0.999756
0.919116
0.963111
0.832259
0.959295
0.99865
0.998057
0.999386
0.958049
0.819703
0.999424
0.996199
0.995423
0.99158
0.942587
0.990586
0.999761
0.961718
0.778832
0.982685
0.81486
0.973856
0.872518
0.93115
0.808865
0.973532
0.838893
0.903304
0.913607
0.998395
0.966043
0.858225
0.998433
0.985076
0.999014
0.989407
0.997816
0.995356
0.999685
0.997474
0.998868
0.987266
0.999811
0.980006
0.912543
0.981349
0.997331
0.978185
0.929826
0.807497
0.995557
0.998266
0.912553
0.986636
0.9575
0.998713
0.967854
0.838194
0.723007
0.997912
0.988019
0.947755
0.939038
0.99573
0.989653
0.879971
0.938791
0.996578
0.986658
0.899655
0.94488
0.970451
0.996541
0.919839
0.985506
0.982277
0.905375
0.99423
0.996654
0.988725
0.977306
0.997635
0.937925
0.982953
0.998806
0.998279
0.897067
0.978054
0.999099
0.995025
0.969039
0.897085
0.992118
0.999132
0.985594
0.998871
0.82802
0.968838
0.757438
0.952294
0.986918
0.959259
0.97696
0.897506
0.953372
0.931395
0.9973
0.880419
0.973611
0.969659
0.97933
0.977515
0.830981
0.998043
0.997474
0.996947
0.983581
0.982665
0.985648
0.983739
0.959092
0.996966
0.991324
0.999731
0.99411
0.999424
0.914385
0.998157
0.99937
0.952836
0.926432
0.943012
0.951662
0.994871
0.999294
0.998259
0.963321
0.939175
0.99904
0.833924
0.999731
0.928803
0.587797
0.906083
0.993845
0.862697
0.976453
0.951879
0.989527
0.996705
0.975615
0.988807
0.995533
0.999546
0.993435
0.985731
0.999424
0.977643
0.998406
0.875973
0.946226
0.997217
0.95496
0.998919
0.997979
0.813496
0.936611
0.973636
0.994284
0.999743
0.977422
0.977477
0.998174
0.99084
0.999815
0.966676
0.949574
0.928222
0.992157
0.979341
0.999628
0.984117
0.979448
0.994128
0.99169
0.946648
0.999743
0.998708
0.935923
0.983793
0.945729
0.980966
0.835995
0.985312
0.987426
0.987324
0.975977
0.991336
0.99135
0.999289
0.94336
0.965056
0.984161
0.998161
0.966109
0.957975
0.95666
0.941443
0.950286
0.884481
0.940639
0.820562
0.894059
0.981422
0.868853
0.946306
0.712742
0.935011
0.957433
0.995929
0.890482
0.976237
0.999754
0.982721
0.930006
0.992176
0.973396
0.960901
0.997083
0.991548
0.955784
0.999181
0.858877
0.989971
0.99701
0.999754
0.967123
0.938927
0.999661
0.943525
0.897067
0.999166
0.998946
0.662589
0.999782
0.988177
0.88698
0.998864
0.998949
0.968439
0.997797
0.714877
0.951688
0.998874
0.942455
0.989448
0.986624
0.895698
0.994549
0.927904
0.966022
0.996674
0.995922
0.914357
0.834744
0.99728
0.994594
0.710126
0.917012
0.998744
0.956153
0.945402
0.999763
0.997753
0.98405
0.932802
0.950847
0.982028
0.942395
0.890872
0.963992
0.99928
0.984045
0.999763
0.999044
0.976821
0.996663
0.960908
0.900647
0.988554
0.917867
0.999494
0.99964
0.959196
0.916592
0.995663
0.892131
0.95114
0.648564
0.980708
0.996674
0.931025
0.965271
0.998806
0.993365
0.994379
0.985567
0.922883
0.995839
0.968882
0.999773
0.997586
0.675071
0.948689
0.828474
0.817478
0.999186
0.874987
0.999797
0.949399
0.978613
0.999605
0.99923
0.999773
0.850668
0.922783
0.999668
0.961995
0.814397
0.99962
0.994088
0.763557
0.989898
0.950727
0.893923
0.897461
0.999922
0.999416
0.991922
0.996408
0.998285
0.972468
0.963231
0.903789
0.979646
0.951164
0.877581
0.960725
0.999813
0.832658
0.99757
0.999708
0.992821
0.999247
0.999702
0.90692
0.999083
0.999462
0.932285
0.917889
0.969112
0.999326
0.999813
0.999205
0.922093
0.853602
0.999172
0.874742
0.984051
0.992772
0.92052
0.956942
0.929523
0.948601
0.953768
0.963061
0.899015
0.873958
0.998993
0.90378
0.924843
0.841965
0.995918
0.908737
0.998528
0.99915
0.989649
0.995222
0.999579
0.991548
0.902479
0.999693
0.887478
0.982857
0.988725
0.772314
0.995686
0.945906
0.774632
0.778751
0.944638
0.970196
0.979635
0.993845
0.943265
0.980409
0.93653
0.983822
0.999036
0.984353
0.956487
0.82916
0.992438
0.944662
0.585034
0.996531
0.741315
0.899675
0.998232
0.994541
0.977515
0.996231
0.86369
0.987417
0.995968
0.993967
0.972123
0.96407
0.808803
0.977927
0.974734
0.943181
0.910614
0.873773
0.998948
0.943225
0.999799
0.937322
0.998978
0.813321
0.999599
0.957009
0.6243
0.999798
0.987477
0.992845
0.943458
0.922549
0.957373
0.994009
0.983025
0.999922
0.978185
0.897496
0.665657
0.718606
0.981492
0.996231
0.963898
0.882861
0.998658
0.994438
0.879785
0.99453
0.998602
0.992388
0.983961
0.999799
0.953477
0.948067
0.999612
0.976473
0.894712
0.950627
0.966275
0.834657
0.906859
0.915242
0.955882
0.999539
0.999284
0.982022
0.999065
0.999015
0.993967
0.999926
0.949402
0.94557
0.996208
0.998588
0.993778
0.746003
0.831889
0.981405
0.999271
0.992874
0.974341
0.996155
0.998477
0.971586
0.998662
0.991635
0.999324
0.964649
0.999831
0.982945
0.963898
0.918418
0.98182
0.98814
0.999476
0.999158
0.985715
0.999039
0.929335
0.787626
0.998925
0.956584
0.834574
0.997672
0.994379
0.999756
0.973417
0.99969
0.999831
0.972877
0.962968
0.971651
0.999213
0.974223
0.972635
0.982445
0.855201
0.975647
0.995764
0.973316
0.971614
0.993754
0.924574
0.996568
0.804057
0.999416
0.984843
0.999463
0.765129
0.987596
0.926961
0.694373
0.97094
0.986789
0.963024
0.984493
0.794399
0.876081
0.999832
0.931674
0.998294
0.990109
0.929377
0.998018
0.879018
0.970884
0.973153
0.943467
0.988367
0.99781
0.997767
0.957209
0.997985
0.917012
0.973637
0.992696
0.978254
0.993088
0.999727
0.682756
0.988065
0.998077
0.983945
0.988807
0.951662
0.987667
0.948133
0.958732
0.941359
0.970452
0.9887
0.996168
0.983101
0.778387
0.82998
0.904127
0.772248
0.955573
0.947602
0.999042
0.999575
0.959289
0.980802
0.998605
0.993826
0.979951
0.906551
0.995724
0.981191
0.999558
0.962637
0.999818
0.925145
0.966732
0.998636
0.951245
0.964165
0.987417
0.994691
0.999191
0.971514
0.977446
0.99553
0.989181
0.983351
0.999112
0.998026
0.983192
0.997084
0.873006
0.987288
0.998843
0.713631
0.824328
0.999628
0.995404
0.954791
0.981324
0.993167
0.998886
0.997533
0.99909
0.993378
0.971383
0.993425
0.970286
0.998986
0.994826
0.979501
0.624798
0.976328
0.947541
0.998141
0.998922
0.974919
0.999509
0.975379
0.94585
0.964597
0.975969
0.899675
0.946959
0.926477
0.964565
0.968882
0.928136
0.984761
0.984598
0.984274
0.969414
0.769804
0.972436
0.981467
0.999732
0.821816
0.992402
0.947406
0.991469
0.987323
0.934204
0.903056
0.99953
0.997647
0.928026
0.979294
0.94423
0.748491
0.978676
0.966203
0.86369
0.977729
0.990343
0.998201
0.985129
0.968674
0.969339
0.961731
0.864044
0.999745
0.998245
0.969339
0.999312
0.997268
0.935638
0.856049
0.944152
0.911746
0.971406
0.99981
0.876733
0.971042
0.998909
0.99924
0.969321
0.998618
0.988391
0.982945
0.99361
0.967977
0.969261
0.985752
0.969678
0.875012
0.767176
0.999283
0.832494
0.973198
0.970095
0.999369
0.999071
0.973842
0.963858
0.969862
0.874975
0.999122
0.9899
0.951965
0.997602
0.948354
0.882088
0.931867
0.970144
0.950901
0.999074
0.998003
0.872574
0.999309
0.998158
0.999052
0.981746
0.949854
0.970229
0.992221
0.98881
0.995428
0.97949
0.883074
0.998157
0.947416
0.733152
0.848714
0.998292
0.881928
0.969337
0.946976
0.999874
0.950201
0.900339
0.955474
0.992221
0.950576
0.866923
0.987293
0.980415
0.971764
0.956888
0.984571
0.999107
0.956253
0.997662
0.926267
0.999781
0.986294
0.999598
0.999834
0.989734
0.998141
0.926654
0.910926
0.98821
0.979044
0.996439
0.998296
0.789715
0.781896
0.958166
0.998031
0.973291
0.999338
0.921575
0.995507
0.979427
0.908709
0.836623
0.999755
0.944322
0.993557
0.971998
0.652304
0.994523
0.983412
0.999248
0.975315
0.937621
0.999601
0.895017
0.998919
0.943187
0.981255
0.987928
0.975211
0.999347
0.944299
0.999763
0.903056
0.819123
0.999574
0.890885
0.985567
0.976351
0.919233
0.995922
0.998364
0.960922
0.913539
0.984513
0.816002
0.933673
0.99912
0.996661
0.997413
0.99944
0.966404
0.989069
0.990307
0.926199
0.928649
0.992426
0.998367
0.993513
0.949216
0.943729
0.942177
0.866104
0.946306
0.998653
0.957764
0.932802
0.999235
0.999689
0.917134
0.894747
0.966829
0.996424
0.996251
0.978366
0.999295
0.999778
0.999117
0.962139
0.987771
0.982346
0.995095
0.982523
0.986178
0.948005
0.998876
0.979877
0.97869
0.980882
0.993425
0.997084
0.706375
0.997388
0.971999
0.999356
0.999616
0.974173
0.989855
0.99544
0.999859
0.967477
0.999797
0.832656
0.888659
0.95152
0.990482
0.775138
0.710843
0.996661
0.999353
0.998898
0.944897
0.939594
0.996124
0.99911
0.66119
0.996582
0.999118
0.989049
0.998027
0.999738
0.995989
0.992149
0.997719
0.965904
0.991616
0.985836
0.997655
0.999379
0.994627
0.868279
0.96712
0.979436
0.924812
0.999342
0.836157
0.994692
0.957837
0.999938
0.969655
0.99733
0.984493
0.998264
0.750616
0.992407
0.966294
0.836831
0.974722
0.98037
0.958436
0.946694
0.990339
0.986703
0.996979
0.997765
0.993229
0.996903
0.959716
0.997314
0.999067
0.96425
0.947363
0.962341
0.776066
0.848154
0.978848
0.999243
0.982843
0.800191
0.924765
0.999783
0.916007
0.943984
0.931828
0.968882
0.899105
0.941098
0.919046
0.998978
0.977426
0.995053
0.980655
0.910691
0.980861
0.999713
0.88284
0.997232
0.975348
0.998548
0.974654
0.953185
0.975664
0.98158
0.91367
0.993033
0.999177
0.966933
0.972787
0.805936
0.979228
0.99946
0.926919
0.987567
0.974423
0.949908
0.67642
0.999468
0.987227
0.96725
0.967123
0.999775
0.999292
0.874943
0.999217
0.998744
0.95218
0.987391
0.903296
0.956024
0.989088
0.999474
0.984749
0.928584
0.998793
0.959891
0.998297
0.886012
0.993938
0.999362
0.98866
0.958008
0.927962
0.956047
0.84096
0.949134
0.997437
0.844609
0.997351
0.999756
0.997715
0.898429
0.925122
0.998407
0.945934
0.936644
0.992511
0.954127
0.999201
0.796283
0.853602
0.998206
0.947363
0.991524
0.997719
0.982047
0.950449
0.997767
0.863573
0.998961
0.920803
0.999451
0.929377
0.995162
0.997458
0.752385
0.999915
0.921307
0.998997
0.943963
0.950457
0.997376
0.999846
0.996106
0.954258
0.95537
0.997216
0.998232
0.988204
0.998967
0.949274
0.937782
0.961995
0.960963
0.86808
0.838271
0.999846
0.999403
0.996677
0.924719
0.903559
0.917285
0.80106
0.826557
0.999248
0.977908
0.965874
0.998446
0.995712
0.990343
0.85906
0.936889
0.763319
0.996823
0.964041
0.926453
0.913278
0.929579
0.974223
0.999044
0.984907
0.782851
0.890568
0.995565
0.999462
0.933379
0.994627
0.951178
0.991228
0.999805
0.931303
0.966268
0.986579
0.90701
0.997866
0.998164
0.936222
0.937001
0.983154
0.989049
0.961472
0.754401
0.993936
0.97603
0.99932
0.97569
0.905185
0.995388
0.999742
0.962217
0.999288
0.999391
0.995855
0.986839
0.939515
0.98909
0.999371
0.911458
0.953699
0.99733
0.998797
0.99891
0.932131
0.981627
0.982517
0.986379
0.929474
0.955971
0.999604
0.810808
0.998857
0.992962
0.715555
0.99931
0.948246
0.886012
0.988544
0.999307
0.71707
0.990821
0.95496
0.868552
0.992877
0.834874
0.973443
0.887517
0.988137
0.826074
0.993027
0.991889
0.999586
0.991227
0.973507
0.99759
0.965644
0.995616
0.964246
0.859089
0.978064
0.967843
0.975727
0.818818
0.963232
0.983469
0.994631
0.997419
0.897299
0.935918
0.967151
0.999083
0.998174
0.998882
0.983283
0.884118
0.999915
0.999553
0.999296
0.957593
0.976699
0.975116
0.985806
0.94344
0.959445
0.998829
0.98799
0.932594
0.956481
0.999101
0.999819
0.969287
0.903707
0.989642
0.999482
0.948559
0.883641
0.978855
0.96881
0.944817
0.994478
0.990821
0.996113
0.997208
0.783135
0.999474
0.981023
0.948068
0.997844
0.993229
0.931202
0.992537
0.999319
0.998533
0.984124
0.966929
0.994444
0.955277
0.969438
0.941098
0.999934
0.999819
0.949402
0.999529
0.937001
0.949196
0.908738
0.934667
0.995059
0.979379
0.96986
0.993509
0.96212
0.955733
0.998738
0.985711
0.890603
0.961449
0.811719
0.967843
0.989544
0.879152
0.982236
0.991537
0.93099
0.961843
0.885203
0.999406
0.792994
0.999519
0.969503
0.999514
0.999763
0.99937
0.968541
0.999753
0.997579
0.968359
0.950627
0.995972
0.998299
0.973605
0.99073
0.998605
0.993902
0.999676
0.99472
0.759017
0.704745
0.997729
0.9919
0.973507
0.96675
0.874087
0.999448
0.929657
0.863009
0.996046
0.849899
0.840659
0.996416
0.903793
0.976709
0.976468
0.865759
0.997877
0.993471
0.939986
0.883262
0.997452
0.860391
0.83214
0.999639
0.894286
0.987059
0.972877
0.892153
0.957794
0.88442
0.993558
0.999561
0.988772
0.888208
0.995968
0.990536
0.997052
0.957098
0.998879
0.915982
0.993943
0.99137
0.945371
0.999488
0.957361
0.992745
0.934969
0.999243
0.961472
0.963599
0.946726
0.965781
0.966166
0.999422
0.999963
0.99056
0.976929
0.999076
0.976468
0.713981
0.96802
0.90079
0.899585
0.999857
0.99137
0.98583
0.995872
0.998141
0.999368
0.675787
0.962386
0.907917
0.98131
0.973479
0.98352
0.971467
0.956307
0.999234
0.990901
0.837675
0.926654
0.998983
0.986633
0.99914
0.987414
0.999551
0.880176
0.983472
0.996268
0.998504
0.977852
0.984278
0.975111
0.998311
0.953807
0.972712
0.999394
0.967917
0.978957
0.971982
0.999491
0.966768
0.836837
0.945806
0.782184
0.999292
0.987159
0.999545
0.968947
0.93099
0.980566
0.999441
0.962653
0.991227
0.99935
0.771517
0.958768
0.999304
0.999039
0.977194
0.988349
0.83836
0.970905
0.999464
0.983313
0.913702
0.946198
0.982242
0.998882
0.991012
0.992157
0.681246
0.996997
0.992648
0.978833
0.997662
0.935957
0.954163
0.97441
0.908091
0.995526
0.924528
0.99663
0.963933
0.995756
0.792153
0.983961
0.984483
0.999115
0.995693
0.846867
0.993699
0.999611
0.973423
0.984151
0.999008
0.969569
0.963372
0.933484
0.779046
0.985828
0.766703
0.974821
0.964434
0.822621
0.952897
0.782753
0.99938
0.972206
0.981025
0.981172
0.992802
0.983279
0.902098
0.998368
0.99913
0.999613
0.992983
0.999339
0.887444
0.98681
0.999677
0.999601
0.963972
0.999721
0.985029
0.971416
0.999623
0.789226
0.999702
0.964615
0.999961
0.999636
0.902053
0.961141
0.941089
0.957794
0.999622
0.985129
0.98343
0.983108
0.93797
0.99675
0.961781
0.999509
0.999711
0.999754
0.92013
0.964408
0.978322
0.999656
0.996844
0.999963
0.953557
0.998816
0.990631
0.994353
0.888351
0.739276
0.988272
0.999809
0.99282
0.999919
0.998222
0.933282
0.994577
0.924366
0.973872
0.997653
0.99931
0.999825
0.972933
0.998521
0.999871
0.7702
0.899183
0.979689
0.897512
0.984979
0.997414
0.946976
0.966549
0.99265
0.985465
0.888208
0.890005
0.896318
0.631362
0.943701
0.736522
0.992849
0.954682
0.99992
0.959159
0.99903
0.951943
0.998387
0.999537
0.957975
0.917397
0.94179
0.730077
0.945268
0.954301
0.96512
0.995088
0.948538
0.998197
0.716395
0.932651
0.999568
0.9006
0.999884
0.99903
0.999468
0.982346
0.754217
0.959546
0.937755
0.906609
0.931063
0.956413
0.938226
0.98209
0.859189
0.996777
0.963006
0.997261
0.999012
0.987596
0.988509
0.999491
0.622034
0.891221
0.953557
0.999418
0.999875
0.853373
0.991859
0.99748
0.956308
0.998721
0.991253
0.979723
0.932523
0.999875
0.93664
0.999449
0.998301
0.999721
0.999309
0.995334
0.664723
0.980823
0.919046
0.621982
0.979864
0.992532
0.991768
0.999405
0.999058
0.940974
0.977532
0.86926
0.933474
0.767277
0.896906
0.914802
0.740718
0.923294
0.989593
0.999972
0.971606
0.999598
0.99951
0.999288
0.999682
0.892844
0.863257
0.998864
0.983706
0.98881
0.978085
0.622291
0.999622
0.663492
0.993729
0.997629
0.70014
0.993049
0.982936
0.981766
0.882305
0.897437
0.997825
0.996251
0.931353
0.982994
0.999402
0.945126
0.82484
0.998551
0.997596
0.856829
0.992518
0.738195
0.813932
0.940712
0.994826
0.98466
0.993523
0.982336
0.998297
0.820619
0.899453
0.961614
0.940354
0.950286
0.950282
0.999618
0.971381
0.999881
0.955096
0.999574
0.93807
0.970692
0.932968
0.943917
0.943984
0.999816
0.93387
0.927756
0.993645
0.801619
0.999018
0.890552
0.999506
0.972773
0.999851
0.930688
0.999966
0.98795
0.998597
0.989346
0.997408
0.999827
0.959287
0.996498
0.99913
0.979025
0.943797
0.900734
0.99934
0.999667
0.891003
0.999281
0.999043
0.99961
0.988671
0.99761
0.946492
0.99957
0.867863
0.901168
0.985056
0.972104
0.997911
0.980454
0.824751
0.986391
0.794597
0.999311
0.871997
0.989681
0.95152
0.82123
0.947717
0.999847
0.838565
0.999465
0.999855
0.837066
0.957837
0.999669
0.962015
0.999539
0.82883
0.978336
0.999876
0.998697
0.878514
0.99871
0.999358
0.973013
0.997825
0.9403
0.992435
0.928827
0.895698
0.999729
0.997251
0.965965
0.992537
0.952693
0.997579
0.99384
0.986825
0.995611
0.999477
0.999818
0.658994
0.933474
0.999875
0.852551
0.98159
0.920126
0.998246
0.697087
0.999384
0.957351
0.994445
0.904845
0.993995
0.999411
0.998359
0.999827
0.86
0.933236
0.941292
0.936934
0.959059
0.999629
0.936317
0.999486
0.930808
0.999894
0.990749
0.999875
0.771385
0.999837
0.967638
0.99934
0.954717
0.985465
0.938631
0.999533
0.990293
0.955566
0.964038
0.999626
0.928707
0.959632
0.996816
0.985399
0.99183
0.96044
0.920125
0.996084
0.886101
0.938631
0.999818
0.977172
0.988032
0.94557
0.867052
0.979565
0.994467
0.872518
0.999252
0.997992
0.951129
0.970553
0.986911
0.784085
0.956332
0.998399
0.999882
0.931202
0.995764
0.972413
0.999477
0.993989
0.898916
0.999863
0.982415
0.918538
0.950501
0.985595
0.999273
0.994632
0.992256
0.979793
0.942934
0.999455
0.993559
0.9965
0.78681
0.983322
0.973888
0.972933
0.884358
0.999879
0.995263
0.980175
0.998052
0.987015
0.997038
0.998915
0.737324
0.965171
0.999464
0.727074
0.997562
0.950931
0.995759
0.999367
0.725126
0.746807
0.996409
0.850668
0.975231
0.99964
0.994251
0.931186
0.982052
0.997252
0.977286
0.999606
0.976177
0.988836
0.996996
0.999881
0.88652
0.981029
0.999387
0.996862
0.999859
0.936802
0.986199
0.999049
0.997928
0.953447
0.99753
0.985675
0.960671
0.999387
0.897651
0.909843
0.999929
0.983874
0.997805
0.930106
0.961002
0.97925
0.99779
0.928248
0.999807
0.847775
0.969435
0.962638
0.999543
0.955958
0.954065
0.958423
0.99038
0.999751
0.995164
0.97023
0.999313
0.928315
0.946675
0.995861
0.999848
0.971223
0.984802
0.915038
0.998348
0.996958
0.965889
0.988694
0.919034
0.988401
0.999703
0.999414
0.962073
0.992865
0.834525
0.990918
0.94227
0.999731
0.846357
0.988369
0.999785
0.998239
0.987553
0.989246
0.999848
0.992261
0.998215
0.960169
0.974329
0.953098
0.890901
0.999838
0.977326
0.996902
0.926904
0.992709
0.948601
0.999512
0.996894
0.977529
0.998304
0.997038
0.938339
0.733849
0.999946
0.921159
0.916184
0.974943
0.998113
0.997083
0.9403
0.934732
0.999696
0.999771
0.964081
0.967573
0.999842
0.990122
0.692738
0.86678
0.975678
0.956307
0.999575
0.964933
0.996346
0.937912
0.999937
0.966739
0.726156
0.980618
0.966231
0.821686
0.745375
0.947618
0.967819
0.914876
0.999551
0.960978
0.999512
0.999906
0.98923
0.992793
0.999886
0.99064
0.966035
0.972111
0.746378
0.954301
0.99788
0.967803
0.837579
0.983374
0.974962
0.994231
0.999641
0.946027
0.99943
0.973284
0.990091
0.98744
0.978671
0.999362
0.891632
0.999867
0.933042
0.966959
0.931395
0.889969
0.999898
0.974284
0.998355
0.998965
0.951803
0.979716
0.977435
0.999768
0.999695
0.951271
0.999629
0.97826
0.94913
0.999573
0.991913
0.935556
0.991593
0.999676
0.979895
0.965696
0.997293
0.973153
0.999923
0.989167
0.962525
0.787172
0.999857
0.816971
0.772701
0.990215
0.992691
0.975571
0.955474
0.863931
0.999879
0.954847
0.970887
0.990998
0.989965
0.994999
0.981559
0.999704
0.926685
0.998018
0.993982
0.936035
0.884937
0.956972
0.999889
0.900426
0.989835
0.993833
0.991846
0.8888
0.925412
0.956874
0.987938
0.986825
0.974778
0.932178
0.877988
0.994724
0.999857
0.999661
0.723878
0.957816
0.999822
0.952707
0.964631
0.985103
0.994821
0.970281
0.990656
0.962457
0.974672
0.998064
0.992537
0.986203
0.974272
0.981559
0.999944
0.992371
0.937198
0.750481
0.971212
0.965301
0.685681
0.999576
0.999577
0.999903
0.974015
0.956881
0.999274
0.960516
0.823206
0.9998
0.999881
0.999769
0.994551
0.999522
0.999398
0.996579
0.992022
0.988391
0.897407
0.996168
0.955032
0.984523
0.989154
0.994629
0.984884
0.99293
0.999106
0.99988
0.993266
0.999525
0.932826
0.977554
0.994296
0.996194
0.998794
0.926269
0.99958
0.977833
0.966933
0.716462
0.997251
0.921763
0.98927
0.959059
0.989508
0.937605
0.755819
0.966312
0.997462
0.99293
0.970418
0.999964
0.947586
0.989346
0.999817
0.998222
0.98905
0.998593
0.956869
0.986205
0.958423
0.967083
0.970144
0.971496
0.999799
0.867432
0.989786
0.999558
0.970281
0.997963
0.973424
0.952709
0.998358
0.998868
0.921269
0.981068
0.974449
0.998583
0.999517
0.934104
0.999882
0.947195
0.999324
0.940601
0.988392
0.922563
0.989786
0.994759
0.999735
0.973645
0.985399
0.996565
0.953282
0.995064
0.993754
0.999821
0.881946
0.992865
0.989049
0.978876
0.999811
0.982943
0.907385
0.999258
0.940029
0.969643
0.970762
0.999785
0.803203
0.979646
0.906609
0.999815
0.999597
0.998957
0.999595
0.999795
0.999596
0.998616
0.999539
0.990765
0.939818
0.999909
0.999443
0.9998
0.989052
0.990785
0.999488
0.914247
0.961915
0.994184
0.888481
0.999273
0.948798
0.999387
0.941657
0.975902
0.916636
0.924472
0.955074
0.836929
0.802438
0.999177
0.999678
0.827397
0.988757
0.999807
0.998586
0.999502
0.984149
0.99697
0.999297
0.982043
0.966175
0.858165
0.977724
0.977015
0.966485
0.750286
0.99487
0.865662
0.999974
0.978693
0.874289
0.979217
0.999771
0.9998
0.999433
0.923744
0.899521
0.999808
0.77605
0.998981
0.941359
0.999617
0.973139
0.908216
0.95087
0.999798
0.93818
0.977554
0.977326
0.999699
0.822008
0.999752
0.982047
0.911765
0.998689
0.923279
0.933673
0.991828
0.997955
0.977302
0.996367
0.999642
0.999551
0.98846
0.996086
0.996132
0.995724
0.968305
0.998063
0.999831
0.988647
0.830504
0.999764
0.989681
0.998318
0.999106
0.989712
0.999573
0.974427
0.975407
0.999083
0.981917
0.99584
0.966045
0.963372
0.975474
0.978791
0.999356
0.999622
0.928827
0.756791
0.871035
0.98375
0.997092
0.939647
0.957222
0.965653
0.816278
0.999632
0.846951
0.99981
0.999572
0.999719
0.996355
0.999719
0.95672
0.998308
0.946645
0.999687
0.989245
0.99325
0.999658
0.9998
0.92786
0.999728
0.929271
0.947481
0.960065
0.747329
0.999609
0.807923
0.991266
0.980734
0.993691
0.995656
0.987928
0.956942
0.956332
0.999151
0.982976
0.998974
0.996934
0.722627
0.990251
0.996725
0.990637
0.74715
0.920178
0.978062
0.934755
0.993821
0.892248
0.904873
0.941292
0.990785
0.983536
0.999084
0.927252
0.97834
0.997978
0.963902
0.772492
0.976706
0.618401
0.956881
0.965889
0.946761
0.993551
0.969534
0.948825
0.861414
0.970837
0.994726
0.999582
0.999553
0.985831
0.624003
0.924389
0.973187
0.995341
0.949156
0.837432
0.969274
0.955533
0.969646
0.817676
0.947299
0.881283
0.981741
0.98017
0.999417
0.976801
0.998483
0.674917
0.958397
0.977162
0.999853
0.997131
0.987626
0.9986
0.994416
0.999357
0.979044
0.989469
0.947618
0.995936
0.938741
0.999232
0.999877
0.998356
0.999136
0.886397
0.974768
0.977992
0.973057
0.640785
0.965941
0.996641
0.934593
0.889358
0.988142
0.994905
0.922747
0.979045
0.940838
0.9993
0.989718
0.998787
0.988272
0.770914
0.999525
0.990384
0.769769
0.999593
0.992183
0.988868
0.958389
0.879422
0.770982
0.988932
0.999118
0.999578
0.999894
0.947056
0.990765
0.73901
0.823524
0.999218
0.992537
0.996052
0.963083
0.89664
0.979572
0.938041
0.999024
0.971672
0.967031
0.736259
0.96329
0.747939
0.92786
0.974284
0.993421
0.999609
0.928446
0.996816
0.997367
0.990389
0.993266
0.98269
0.845609
0.947056
0.998044
0.996934
0.942727
0.948246
0.996439
0.82517
0.897374
0.979072
0.993882
0.999943
0.986637
0.978062
0.977833
0.974478
0.892201
0.936971
0.877269
0.999528
0.999902
0.986505
0.993111
0.978199
0.999069
0.951933
0.929926
0.999068
0.94215
0.927221
0.999062
0.89496
0.939922
0.896544
0.998843
0.947285
0.937605
0.999062
0.983251
0.997181
0.655834
0.889597
0.805161
0.956613
0.950201
0.994659
0.999831
0.651899
0.999837
0.907751
0.836412
0.925825
0.944154
0.99997
0.99867
0.988488
0.968541
0.999649
0.998525
0.995045
0.999877
0.96218
0.99948
0.974832
0.840724
0.999805
0.851231
0.999784
0.961299
0.993437
0.936934
0.999875
0.994541
0.908903
0.987995
0.999723
0.989227
0.95917
0.848547
0.840659
0.998406
0.951756
0.951214
0.999657
0.999144
0.999385
0.971538
0.996434
0.794144
0.93353
0.950734
0.928563
0.995335
0.990733
0.952983
0.997352
0.999244
0.999896
0.999657
0.996419
0.974059
0.979489
0.990476
0.995178
0.90231
0.997831
0.971265
0.998366
0.9859
0.996286
0.999915
0.985328
0.996933
0.971614
0.995176
0.919866
0.925576
0.999714
0.996493
0.978731
0.998964
0.998391
0.998336
0.968781
0.97857
0.99831
0.993679
0.899437
0.995569
0.966264
0.927283
0.999552
0.999741
0.92246
0.927256
0.978848
0.74064
0.862637
0.999538
0.791801
0.982917
0.962066
0.999753
0.941628
0.974832
0.926936
0.996745
0.998683
0.856082
0.996681
0.995668
0.77697
0.997144
0.930865
0.832953
0.932591
0.999683
0.99824
0.999673
0.949804
0.906728
0.992431
0.931336
0.934874
0.944244
0.985071
0.950348
0.992197
0.737635
0.986801
0.999519
0.943574
0.935942
0.993266
0.985386
0.992411
0.999839
0.999217
0.783123
0.965762
0.978798
0.94288
0.924169
0.999637
0.997938
0.999896
0.968685
0.84233
0.896313
0.890552
0.869144
0.689593
0.975407
0.946444
0.951397
0.989197
0.936791
0.983861
0.997942
0.998327
0.999065
0.944498
0.976996
0.991654
0.999084
0.999454
0.997954
0.764826
0.968244
0.996083
0.97044
0.897719
0.999167
0.974085
0.999389
0.985071
0.952379
0.999328
0.964333
0.996834
0.987487
0.785345
0.979743
0.987995
0.987752
0.997779
0.999679
0.763199
0.99713
0.999243
0.84917
0.999465
0.986776
0.967723
0.981843
0.997853
0.998802
0.978466
0.999758
0.99655
0.994186
0.982816
0.977992
0.982522
0.998816
0.743431
0.86953
0.941903
0.995688
0.966829
0.9888
0.979079
0.95961
0.975604
0.804925
0.948798
0.997366
0.985403
0.983438
0.948235
0.999315
0.825306
0.946939
0.987059
0.97834
0.97857
0.996434
0.99945
0.967643
0.999386
0.719039
0.999801
0.998187
0.999837
0.968358
0.838734
0.947044
0.982875
0.999646
0.872708
0.895475
0.879508
0.993103
0.992415
0.990208
0.994268
0.994954
0.823396
0.999497
0.950736
0.991443
0.979553
0.991536
0.943051
0.961044
0.994697
0.976715
0.956345
0.907555
0.964819
0.999845
0.781216
0.93101
0.994372
0.998079
0.999609
0.904848
0.957207
0.999934
0.95607
0.979626
0.998354
0.998269
0.999879
0.92327
0.954672
0.99103
0.760202
0.962459
0.999632
0.95672
0.991237
0.948878
0.955259
0.966605
0.837115
0.98368
0.999788
0.996251
0.96932
0.987308
0.847504
0.98269
0.988219
0.945313
0.993421
0.669566
0.98465
0.989376
0.999604
0.805837
0.991928
0.937144
0.993786
0.979556
0.759866
0.996383
0.999572
0.999324
0.958543
0.999863
0.955741
0.970585
0.963582
0.951781
0.997689
0.915657
0.998032
0.999312
0.953941
0.963481
0.942005
0.99688
0.99975
0.974329
0.835226
0.957414
0.956567
0.995756
0.959962
0.971932
0.942684
0.994371
0.998937
0.991253
0.992602
0.891509
0.984188
0.840798
0.964333
0.948879
0.971062
0.99565
0.997815
0.953783
0.879752
0.999235
0.913522
0.99364
0.994586
0.912423
0.990157
0.999838
0.967464
0.981699
0.992456
0.996981
0.994211
0.908968
0.999206
0.995918
0.978722
0.950847
0.98152
0.989127
0.983313
0.999519
0.945736
0.971495
0.906273
0.933693
0.809497
0.98926
0.929032
0.979078
0.994641
0.998572
0.998562
0.999652
0.975367
0.993437
0.921181
0.936889
0.975367
0.813357
0.924101
0.999982
0.999879
0.971468
0.893916
0.999624
0.998701
0.979357
0.820599
0.971341
0.995361
0.998758
0.958155
0.950369
0.897785
0.90895
0.999591
0.868353
0.968391
0.951792
0.645419
0.989642
0.983769
0.999701
0.996777
0.877872
0.992902
0.968537
0.819469
0.998298
0.987525
0.999635
0.994115
0.999717
0.996493
0.996157
0.999645
0.995898
0.769765
0.772062
0.969828
0.960724
0.977347
0.995766
0.986096
0.757017
0.997927
0.819524
0.957938
0.746274
0.999346
0.999305
0.991285
0.994619
0.992331
0.999363
0.973446
0.804925
0.997269
0.932894
0.995388
0.892163
0.775184
0.999395
0.995351
0.971606
0.673481
0.896377
0.969438
0.937892
0.994165
0.985404
0.928914
0.869116
0.991536
0.830537
0.936035
0.999283
0.9838
0.9605
0.999843
0.82517
0.997857
0.999531
0.985182
0.997947
0.999677
0.982495
0.99592
0.996219
0.899453
0.697155
0.959202
0.86859
0.999309
0.999477
0.889116
0.990826
0.999344
0.990332
0.98811
0.996874
0.993616
0.926069
0.901043
0.973121
0.971341
0.861326
0.999924
0.989718
0.975053
0.999434
0.912242
0.97201
0.994303
0.994378
0.997059
0.982336
0.995827
0.924745
0.978848
0.979078
0.999953
0.857907
0.99924
0.973671
0.990939
0.973872
0.995869
0.99988
0.997963
0.971224
0.995622
0.9911
0.992303
0.999815
0.981224
0.998247
0.97954
0.889597
0.948825
0.992878
0.985733
0.999879
0.964567
0.9979
0.999961
0.999821
0.999435
0.815836
0.801709
0.976715
0.922787
0.980861
0.947649
0.999863
0.998997
0.999673
0.993193
0.964341
0.999716
0.999683
0.999653
0.876373
0.99933
0.878767
0.994186
0.980861
0.997516
0.817545
0.999756
0.999908
0.94684
0.985386
0.998969
0.981149
0.999271
0.999652
0.994918
0.999966
0.99841
0.983821
0.999571
0.994187
0.931733
0.961417
0.984822
0.992195
0.871289
0.938493
0.991369
0.961614
0.996302
0.995108
0.998645
0.952396
0.964209
0.980474
0.834524
0.999674
0.930688
0.961071
0.994036
0.980203
0.996463
0.999667
0.995449
0.999283
0.999649
0.973211
0.975691
0.994908
0.843725
0.997106
0.993844
0.831871
0.985748
0.999792
0.998579
0.999719
0.988771
0.973579
0.999869
0.822844
0.882305
0.991471
0.999973
0.984749
0.999909
0.923147
0.951856
0.885056
0.99925
0.948946
0.851567
0.999835
0.998931
0.940676
0.998655
0.994559
0.999954
0.846349
0.985604
0.953941
0.932814
0.989139
0.939176
0.969664
0.90895
0.999538
0.992431
0.994719
0.929164
0.999749
0.587793
0.677503
0.998451
0.93326
0.98365
0.936104
0.697027
0.999937
0.948928
0.999553
0.979396
0.838766
0.982279
0.710904
0.960419
0.999862
0.998297
0.989168
0.997977
0.958709
0.985912
0.999725
0.970639
0.999865
0.999391
0.937929
0.969023
0.983324
0.977813
0.675247
0.980454
0.9996
0.955862
0.94602
0.996712
0.999708
0.999066
0.99592
0.978272
0.992348
0.942076
0.866287
0.94401
0.848901
0.98807
0.986165
0.986391
0.989812
0.993447
0.95312
0.988773
0.999766
0.984536
0.999853
0.809165
0.999636
0.752273
0.984794
0.964836
0.987258
0.990517
0.999273
0.997352
0.983185
0.999909
0.999123
0.926932
0.999726
0.88502
0.978064
0.979587
0.999018
0.64575
0.997155
0.989681
0.99975
0.998861
0.974396
0.955826
0.999434
0.979867
0.990816
0.908316
0.994231
0.996553
0.903061
0.82459
0.988355
0.982767
0.998831
0.998328
0.757806
0.994073
0.999122
0.978773
0.999885
0.970744
0.988159
0.958754
0.971468
0.999875
0.999624
0.999758
0.965045
0.957094
0.690725
0.886703
0.997989
0.672711
0.966776
0.916374
0.997228
0.999631
0.987797
0.966906
0.99965
0.999772
0.999714
0.999616
0.805539
0.998391
0.999674
0.954327
0.996609
0.994542
0.994543
0.985121
0.822429
0.997906
0.96429
0.977345
0.998096
0.999932
0.991063
0.944831
0.736872
0.980297
0.98361
0.891786
0.919439
0.999215
0.94198
0.955105
0.781541
0.993047
0.923881
0.846891
0.958077
0.99038
0.962814
0.997177
0.795659
0.96835
0.858281
0.999819
0.957794
0.99713
0.913151
0.99042
0.971092
0.96875
0.99158
0.988615
0.907555
0.988873
0.988303
0.79249
0.975109
0.997962
0.99631
0.979587
0.979357
0.976497
0.997196
0.743526
0.999893
0.993261
0.939981
0.75764
0.997846
0.984938
0.993988
0.978241
0.983801
0.756649
0.996964
0.949882
0.999305
0.998609
0.999702
0.987515
0.99943
0.920297
0.76207
0.973521
0.986248
0.661028
0.746018
0.981774
0.78443
0.999285
0.997254
0.924101
0.987593
0.999761
0.99731
0.948918
0.967569
0.848547
0.919426
0.992331
0.995115
0.979145
0.957764
0.959359
0.957842
0.999828
0.963994
0.977115
0.991899
0.958203
0.999845
0.846141
0.757034
0.970429
0.93583
0.976487
0.995426
0.936586
0.871433
0.999811
0.975072
0.979416
0.880556
0.996637
0.763384
0.973341
0.998044
0.966068
0.98711
0.999054
0.955497
0.999752
0.991611
0.777731
0.985383
0.998918
0.999151
0.998717
0.99933
0.998081
0.936077
0.993402
0.999427
0.99042
0.999232
0.988674
0.999774
0.95342
0.998094
0.974551
0.999856
0.993281
0.993268
0.9694
0.983019
0.999781
0.999699
0.973277
0.997145
0.995949
0.916184
0.846695
0.996025
0.988499
0.969449
0.56398
0.999585
0.999703
0.658961
0.880728
0.99975
0.99299
0.953617
0.999748
0.998747
0.987878
0.990375
0.827403
0.889335
0.995606
0.951065
0.999855
0.856885
0.999686
0.987662
0.985562
0.999766
0.999723
0.923881
0.822503
0.99024
0.997386
0.999599
0.852395
0.993447
0.999677
0.908691
0.999079
0.999595
0.933653
0.944778
0.995178
0.944147
0.990754
0.995771
0.826421
0.988632
0.940834
0.957557
0.974936
0.998946
0.958123
0.999011
0.994055
0.999446
0.982712
0.998981
0.964886
0.99979
0.99894
0.984783
0.992485
0.956335
0.957831
0.982209
0.958835
0.999234
0.819922
0.999716
0.986251
0.922811
0.985393
0.994403
0.998468
0.967758
0.998966
0.979534
0.997906
0.999868
0.992479
0.985155
0.999609
0.999793
0.929031
0.972048
0.999733
0.999217
0.9694
0.999694
0.95807
0.959287
0.769662
0.866895
0.995253
0.994128
0.810308
0.934796
0.976874
0.956189
0.987069
0.79611
0.891259
0.946694
0.999772
0.862643
0.991859
0.993462
0.759407
0.999724
0.943821
0.95687
0.999581
0.995361
0.981734
0.929248
0.992726
0.885039
0.999269
0.964836
0.99183
0.957
0.75066
0.871289
0.969752
0.981894
0.899039
0.94215
0.946767
0.923966
0.986325
0.999523
0.983284
0.998899
0.999637
0.999567
0.981893
0.908095
0.823426
0.709104
0.999722
0.890101
0.997299
0.971042
0.90047
0.998225
0.997878
0.86953
0.996756
0.999727
0.999293
0.857413
0.856268
0.998982
0.973671
0.976497
0.997585
0.98996
0.999115
0.999909
0.898595
0.999271
0.990517
0.990144
0.97627
0.981653
0.999024
0.993365
0.998526
0.985474
0.929031
0.991473
0.952256
0.972397
0.9801
0.999859
0.927833
0.773331
0.999929
0.991949
0.966906
0.995504
0.988723
0.997434
0.997132
0.999777
0.983363
0.980385
0.968178
0.998521
0.969538
0.96586
0.760237
0.999561
0.999827
0.785601
0.999289
0.999965
0.995622
0.648393
0.791669
0.919419
0.941988
0.998799
0.969534
0.923758
0.961312
0.964931
0.851119
0.757841
0.999301
0.953964
0.977763
0.996212
0.986558
0.962103
0.988674
0.972763
0.997395
0.998367
0.972837
0.920147
0.997306
0.999812
0.999769
0.904726
0.981894
0.98575
0.901654
0.994737
0.946356
0.997647
0.999003
0.999805
0.998664
0.954242
0.990375
0.946744
0.927221
0.967458
0.946648
0.999412
0.929548
0.967577
0.810677
0.988757
0.979867
0.9801
0.996359
0.999747
0.99963
0.987292
0.96175
0.999922
0.943101
0.9954
0.99972
0.99986
0.995861
0.947693
0.999814
0.999636
0.998146
0.982303
0.966294
0.943127
0.996115
0.935011
0.945103
0.875026
0.983418
0.998581
0.943691
0.966202
0.952626
0.964619
0.999668
0.983736
0.981409
0.956024
0.871271
0.966485
0.998624
0.988122
0.984802
0.994771
0.991827
0.817759
0.978859
0.982842
0.950608
0.993471
0.999297
0.998868
0.639769
0.999739
0.997309
0.999884
0.765964
0.999869
0.994028
0.99965
0.972491
0.974492
0.806336
0.9775
0.98159
0.688594
0.999823
0.82798
0.837148
0.944422
0.973342
0.948946
0.986455
0.958709
0.645968
0.893668
0.993938
0.988499
0.979114
0.999952
0.998064
0.999889
0.999943
0.999562
0.985695
0.733407
0.996931
0.705627
0.998348
0.989608
0.904861
0.960331
0.929248
0.995754
0.954264
0.980837
0.999574
0.962653
0.999746
0.942871
0.94768
0.997927
0.994908
0.977763
0.936104
0.999049
0.975003
0.994403
0.942007
0.986703
0.995248
0.999971
0.986357
0.993721
0.982955
0.990776
0.998978
0.9997
0.988228
0.998741
0.98172
0.923752
0.995794
0.947124
0.915097
0.776525
0.969696
0.999789
0.881491
0.999166
0.980831
0.837415
0.988886
0.998866
0.998894
0.988084
0.999232
0.986176
0.999808
0.989167
0.999837
0.996568
0.999386
0.966547
0.985025
0.911765
0.999466
0.712149
0.939478
0.956509
0.999744
0.999729
0.999858
0.799677
0.999786
0.999397
0.969683
0.934111
0.969583
0.980748
0.990251
0.915622
0.933076
0.999636
0.973195
0.987284
0.963191
0.958834
0.973867
0.993511
0.988518
0.945313
0.94267
0.99722
0.911819
0.853656
0.993182
0.999733
0.988877
0.996925
0.973044
0.995337
0.894415
0.967477
0.994719
0.961401
0.903996
0.993511
0.999274
0.969112
0.964344
0.999576
0.923629
0.797623
0.779958
0.998104
0.968685
0.999789
0.999911
0.645741
0.999802
0.971647
0.99433
0.999812
0.999952
0.980188
0.771062
0.991432
0.996047
0.994921
0.987568
0.903904
0.939276
0.959232
0.999617
0.992499
0.999768
0.998348
0.99956
0.999773
0.886822
0.923057
0.999739
0.999883
0.930354
0.988916
0.944013
0.999367
0.962488
0.988574
0.998165
0.999182
0.990327
0.992647
0.765761
0.990153
0.999819
0.958035
0.98414
0.992599
0.998348
0.980639
0.99841
0.966887
0.967551
0.998363
0.999765
0.998407
0.971368
0.986457
0.993993
0.958335
0.956345
0.999525
0.991574
0.997309
0.912416
0.999761
0.999391
0.998919
0.996551
0.999334
0.999324
0.969664
0.994872
0.976133
0.994811
0.948218
0.958111
0.676301
0.933577
0.999952
0.990358
0.600155
0.805936
0.948218
0.915097
0.999767
0.998316
0.995036
0.971516
0.995563
0.999596
0.851825
0.99971
0.999606
0.991846
0.998602
0.900841
0.952681
0.849328
0.993046
0.999799
0.892242
0.999656
0.999977
0.999697
0.974936
0.99518
0.82883
0.987299
0.987158
0.999157
0.95607
0.977306
0.978462
0.983473
0.903442
0.98541
0.642576
0.910592
0.999599
0.926172
0.93468
0.999786
0.999813
0.96494
0.929749
0.999071
0.99669
0.980653
0.997502
0.999128
0.905634
0.998065
0.999702
0.989139
0.999851
0.93468
0.999267
0.9997
0.998513
0.998657
0.991549
0.999923
0.919866
0.977852
0.993893
0.985143
0.936301
0.999963
0.997829
0.999689
0.969643
0.975641
0.990905
0.981039
0.999181
0.989943
0.865996
0.995653
0.906674
0.998753
0.998854
0.944878
0.996874
0.999735
0.981891
0.998982
0.986263
0.975634
0.952222
0.80512
0.95017
0.955091
0.999793
0.853008
0.998298
0.980653
0.980385
0.975328
0.959202
0.998036
0.952983
0.998938
0.996966
0.954418
0.960699
0.964565
0.9994
0.998047
0.97195
0.99989
0.996587
0.976209
0.997772
0.993917
0.967844
0.98612
0.794568
0.970241
0.997595
0.969583
0.971446
0.999541
0.99226
0.919575
0.999922
0.993567
0.99215
0.927749
0.95242
0.999115
0.998782
0.999726
0.762685
0.99858
0.605186
0.993228
0.994251
0.999955
0.999791
0.999575
0.991846
0.999923
0.97492
0.998978
0.999955
0.967486
0.940608
0.999675
0.991914
0.941628
0.977799
0.997366
0.825217
0.999782
0.999165
0.993025
0.873968
0.950266
0.999515
0.994717
0.998903
0.990913
0.94206
0.997177
0.962421
0.966758
0.904295
0.999752
0.903255
0.988142
0.888308
0.933172
0.997365
0.760729
0.998321
0.999815
0.961612
0.834041
0.97377
0.851004
0.990992
0.995504
0.776423
0.997526
0.884598
0.999662
0.999244
0.999784
0.994717
0.902047
0.989136
0.999627
0.857308
0.991724
0.999541
0.988877
0.987447
0.998597
0.999819
0.981225
0.999695
0.956768
0.990091
0.971239
0.962421
0.995804
0.997991
0.999841
0.999626
0.996277
0.988806
0.9863
0.944013
0.982696
0.991016
0.896039
0.999302
0.969871
0.992025
0.936077
0.99469
0.999821
0.729651
0.999813
0.996914
0.96659
0.97819
0.993714
0.999889
0.971003
0.929548
0.999769
0.999942
0.971485
0.999782
0.999501
0.903725
0.993331
0.989332
0.997239
0.999876
0.928856
0.899251
0.989534
0.964063
0.981784
0.996181
0.994371
0.948493
0.99753
0.87876
0.999896
0.972474
0.998171
0.98159
0.96896
0.983773
0.781015
0.981653
0.999772
0.989113
0.985018
0.988786
0.992892
0.824657
0.992118
0.993056
0.958333
0.999922
0.997624
0.997447
0.820952
0.865358
0.964861
0.966228
0.999535
0.767166
0.94916
0.999377
0.969529
0.98725
0.997022
0.763419
0.911577
0.997045
0.858215
0.983489
0.984196
0.957448
0.955577
0.900561
0.999945
0.99666
0.989681
0.956768
0.951918
0.999713
0.998982
0.798902
0.999906
0.999808
0.945781
0.99234
0.911819
0.986921
0.989703
0.956831
0.989113
0.988165
0.926749
0.963622
0.997977
0.99917
0.986729
0.999778
0.983972
0.993137
0.999807
0.875806
0.906804
0.755271
0.99912
0.811024
0.998431
0.963477
0.999869
0.928489
0.990918
0.986289
0.985413
0.858886
0.99447
0.998782
0.999596
0.945426
0.928516
0.997232
0.982399
0.93216
0.990516
0.999628
0.943188
0.959465
0.961399
0.980518
0.999823
0.985527
0.899753
0.981061
0.997041
0.814241
0.999858
0.910763
0.979221
0.96205
0.984326
0.946662
0.977143
0.897322
0.973901
0.997865
0.998659
0.99979
0.999813
0.944503
0.892897
0.982803
0.999812
0.997344
0.977209
0.975071
0.972463
0.928856
0.965096
0.989511
0.907371
0.954018
0.939941
0.955098
0.946646
0.999803
0.957995
0.977665
0.999637
0.945398
0.906188
0.945398
0.991221
0.99765
0.998355
0.98642
0.941782
0.988564
0.925488
0.954646
0.99271
0.953218
0.999834
0.999894
0.929772
0.99448
0.895462
0.977286
0.991192
0.999713
0.999807
0.99935
0.951803
0.734882
0.968745
0.99983
0.990391
0.999769
0.9952
0.9918
0.995793
0.944361
0.746266
0.976555
0.999721
0.999213
0.876373
0.989939
0.999901
0.995698
0.965573
0.883734
0.964999
0.801058
0.999899
0.972426
0.967609
0.999623
0.982938
0.999726
0.981431
0.992968
0.996389
0.992871
0.980635
0.944422
0.777638
0.969397
0.999587
0.991236
0.999813
0.999885
0.981631
0.990908
0.813999
0.998953
0.994214
0.991029
0.936794
0.998626
0.980643
0.992118
0.978751
0.944147
0.984124
0.99902
0.961854
0.987686
0.976554
0.981219
0.995936
0.998885
0.848854
0.971823
0.99972
0.992512
0.967551
0.987626
0.968362
0.995996
0.98802
0.963486
0.938092
0.996074
0.892289
0.87841
0.926449
0.990348
0.953919
0.989794
0.998938
0.990083
0.955176
0.999843
0.99896
0.998694
0.999806
0.756199
0.999825
0.995351
0.996488
0.990542
0.977129
0.999808
0.998796
0.965336
0.919956
0.955807
0.999554
0.999226
0.844406
0.996924
0.949221
0.975117
0.989139
0.969529
0.988678
0.773286
0.765041
0.999273
0.96414
0.938828
0.997658
0.999482
0.959115
0.992003
0.994268
0.959788
0.999494
0.971978
0.959936
0.981039
0.981923
0.999803
0.961612
0.986633
0.9651
0.977657
0.975775
0.982279
0.981923
0.986081
0.995411
0.795726
0.955931
0.994444
0.882823
0.992455
0.951106
0.949322
0.794518
0.999598
0.995247
0.994092
0.994377
0.998497
0.995826
0.961679
0.992224
0.999205
0.999977
0.848717
0.759654
0.988047
0.98781
0.821934
0.99595
0.999845
0.985666
0.999606
0.986401
0.999817
0.999471
0.994121
0.989011
0.969414
0.908334
0.993749
0.967951
0.999572
0.990992
0.938447
0.81549
0.990162
0.905108
0.980852
0.952375
0.994841
0.98637
0.832097
0.998491
0.983258
0.999682
0.989703
0.90753
0.995808
0.998396
0.961693
0.99437
0.999856
0.953447
0.964698
0.701762
0.999848
0.975224
0.999984
0.999517
0.999848
0.978741
0.899602
0.995799
0.999341
0.9987
0.982339
0.939996
0.999815
0.999869
0.994137
0.999804
0.993889
0.999942
0.992702
0.999819
0.911257
0.998519
0.987878
0.913278
0.996583
0.939788
0.999511
0.989462
0.981409
0.954327
0.925567
0.9979
0.957995
0.990939
0.887546
0.933941
0.995053
0.998986
0.95574
0.999785
0.998929
0.999349
0.999472
0.790001
0.977386
0.997389
0.999807
0.657205
0.990922
0.99984
0.987726
0.993535
0.999901
0.997512
0.98433
0.980544
0.996445
0.999961
0.965054
0.981015
0.878696
0.991065
0.9999
0.999628
0.923442
0.93815
0.926535
0.957525
0.995242
0.931468
0.72819
0.988764
0.94882
0.999033
0.926168
0.982199
0.99437
0.970298
0.931975
0.96329
0.975813
0.961362
0.999979
0.999694
0.999429
0.944948
0.997941
0.999983
0.997156
0.99984
0.919982
0.999836
0.999795
0.929721
0.999811
0.949714
0.998975
0.999079
0.996777
0.872118
0.97965
0.991544
0.970749
0.79417
0.927749
0.963994
0.999473
0.998417
0.973187
0.999493
0.99984
0.991913
0.83554
0.950266
0.996403
0.810498
0.943969
0.966142
0.983615
0.975571
0.999828
0.974999
0.892488
0.995231
0.999943
0.991706
0.737911
0.996617
0.999655
0.999939
0.999753
0.999596
0.992303
0.978019
0.974792
0.993047
0.9985
0.999846
0.999528
0.976419
0.990389
0.971875
0.995779
0.938372
0.997351
0.996769
0.807479
0.999832
0.973189
0.932792
0.999824
0.695576
0.964717
0.884449
0.987213
0.970855
0.946744
0.899655
0.996147
0.986942
0.978957
0.945094
0.999967
0.914888
0.999918
0.988096
0.781224
0.994183
0.998356
0.975755
0.999392
0.992756
0.96918
0.998275
0.999281
0.968173
0.997174
0.994211
0.984507
0.999951
0.999813
0.999525
0.996062
0.959668
0.960902
0.999857
0.79249
0.989667
0.999828
0.999706
0.999943
0.998523
0.998546
0.998247
0.94415
0.999857
0.946675
0.999787
0.926044
0.96909
0.975998
0.929849
0.927352
0.993415
0.999369
0.975509
0.999712
0.967254
0.952076
0.98967
0.997319
0.919956
0.970855
0.999117
0.989788
0.979001
0.979719
0.982462
0.987373
0.999843
0.911018
0.99088
0.935588
0.991673
0.996323
0.964209
0.968964
0.998074
0.992469
0.991988
0.936915
0.99972
0.94831
0.974593
0.986495
0.999881
0.997437
0.999181
0.996309
0.998742
0.996853
0.978773
0.933751
0.727069
0.984779
0.93364
0.992772
0.999745
0.99962
0.888881
0.999819
0.642618
0.998641
0.993355
0.97433
0.86887
0.978259
0.999828
0.984866
0.995888
0.999853
0.909179
0.999839
0.998052
0.947495
0.999907
0.999271
0.989795
0.947045
0.970551
0.99693
0.964628
0.991221
0.931673
0.990939
0.992771
0.982565
0.985182
0.835689
0.99771
0.989843
0.999817
0.929772
0.98612
0.884445
0.715385
0.982934
0.959669
0.923966
0.972957
0.999659
0.949096
0.999349
0.994686
0.696953
0.942002
0.943993
0.950693
0.94878
0.999495
0.999844
0.995321
0.999788
0.972296
0.933498
0.995616
0.999284
0.998327
0.969609
0.696242
0.997108
0.999255
0.721467
0.959971
0.999638
0.976268
0.975348
0.988442
0.839271
0.998728
0.999967
0.977372
0.999954
0.977081
0.995162
0.945426
0.998755
0.999881
0.787758
0.981449
0.999284
0.987173
0.997169
0.958111
0.999761
0.949714
0.983185
0.996965
0.808562
0.871269
0.993032
0.977312
0.970024
0.999833
0.999843
0.991192
0.990325
0.886454
0.879579
0.998867
0.974909
0.981893
0.999107
0.981637
0.788058
0.990423
0.9668
0.870049
0.999886
0.978854
0.851004
0.704205
0.994899
0.999475
0.998688
0.803916
0.999869
0.994364
0.999933
0.958351
0.998538
0.97487
0.99809
0.995762
0.899821
0.999721
0.998812
0.977603
0.893595
0.999835
0.869116
0.999878
0.957566
0.998877
0.999844
0.999853
0.98361
0.999756
0.999889
0.958131
0.966595
0.987104
0.99432
0.942835
0.987623
0.834286
0.997408
0.998742
0.990486
0.963502
0.999824
0.997199
0.986401
0.989168
0.890802
0.998794
0.965606
0.999863
0.999807
0.999599
0.956853
0.981468
0.911962
0.7836
0.883239
0.665955
0.932855
0.996188
0.997117
0.983186
0.999891
0.864581
0.998205
0.992216
0.950364
0.99986
0.89013
0.990922
0.999815
0.998046
0.985698
0.965329
0.995369
0.999839
0.99171
0.966195
0.910309
0.996145
0.93221
0.999724
0.65923
0.962103
0.998904
0.917495
0.979199
0.99976
0.95466
0.998615
0.99991
0.927955
0.68454
0.927955
0.966045
0.999881
0.999564
0.977657
0.985694
0.989657
0.999718
0.998639
0.794655
0.991536
0.903832
0.999866
0.947858
0.994504
0.85285
0.935631
0.98804
0.915634
0.951057
0.960052
0.989788
0.999837
0.92758
0.946554
0.999466
0.991673
0.938865
0.946734
0.997955
0.98781
0.994092
0.995963
0.930912
0.990307
0.981726
0.951131
0.976891
0.99906
0.999857
0.985629
0.977118
0.994923
0.989657
0.980663
0.997537
0.985051
0.990474
0.989939
0.997847
0.964081
0.967562
0.93366
0.99765
0.989273
0.999689
0.99689
0.986279
0.961182
0.986266
0.94764
0.995842
0.948878
0.994183
0.992232
0.999349
0.840999
0.787979
0.788976
0.965428
0.992296
0.772434
0.966342
0.928283
0.92983
0.956686
0.89218
0.965894
0.926857
0.893721
0.999739
0.934785
0.994308
0.998732
0.884904
0.994682
0.917668
0.996967
0.978053
0.98133
0.991292
0.991189
0.999763
0.938372
0.9623
0.999795
0.996725
0.999791
0.999843
0.956603
0.998524
0.924803
0.935509
0.843181
0.959761
0.999794
0.978188
0.761237
0.993309
0.968886
0.946624
0.999261
0.931254
0.999783
0.963502
0.99991
0.999196
0.891259
0.93619
0.914888
0.857748
0.947003
0.993889
0.982512
0.86568
0.898967
0.925826
0.994713
0.728528
0.999719
0.99581
0.990307
0.982835
0.988866
0.813172
0.99988
0.994362
0.955554
0.997623
0.999903
0.971648
0.99411
0.979778
0.971349
0.999423
0.992335
0.99988
0.774425
0.993479
0.991133
0.975469
0.973152
0.95839
0.991142
0.973873
0.988284
0.939593
0.977417
0.99631
0.788976
0.938674
0.991561
0.999935
0.997335
0.969881
0.989349
0.976198
0.770607
0.988025
0.967236
0.928275
0.961359
0.984121
0.990468
0.92758
0.779469
0.96005
0.944955
0.797281
0.999927
0.981344
0.985671
0.965345
0.946646
0.784605
0.999868
0.989154
0.998788
0.97065
0.999971
0.976814
0.999682
0.982054
0.977612
0.912428
0.998847
0.986638
0.999793
0.702882
0.993931
0.830009
0.941054
0.999988
0.999714
0.990406
0.990767
0.882391
0.995028
0.998549
0.999932
0.706394
0.983753
0.98152
0.905634
0.998221
0.999796
0.921486
0.985727
0.999949
0.99979
0.996169
0.999861
0.932242
0.980082
0.998104
0.925826
0.956004
0.946589
0.987456
0.902804
0.931049
0.988228
0.999882
0.996192
0.952139
0.957729
0.981452
0.997833
0.971042
0.77705
0.953446
0.997517
0.959138
0.999122
0.958754
0.998044
0.997405
0.733849
0.932417
0.993337
0.995708
0.979409
0.999418
0.745719
0.984598
0.870586
0.992257
0.999853
0.999881
0.992079
0.906562
0.993228
0.851415
0.96888
0.992051
0.784673
0.991859
0.999583
0.879987
0.644139
0.99562
0.918347
0.812937
0.990292
0.998783
0.694901
0.972978
0.954122
0.99715
0.928285
0.949947
0.99986
0.98615
0.94906
0.981538
0.777579
0.893217
0.893595
0.890339
0.990652
0.846951
0.975333
0.998681
0.996978
0.999784
0.998151
0.996587
0.960501
0.998922
0.985042
0.995255
0.999954
0.99932
0.985407
0.965791
0.999897
0.999418
0.994183
0.971001
0.964751
0.958811
0.988736
0.852023
0.965428
0.994675
0.985008
0.999747
0.997322
0.978529
0.992937
0.999152
0.992057
0.959127
0.998264
0.980334
0.955807
0.78874
0.722936
0.950064
0.998866
0.997913
0.99989
0.99612
0.984828
0.982068
0.994563
0.842861
0.901239
0.984538
0.994717
0.953759
0.998825
0.998142
0.910022
0.99989
0.991076
0.785383
0.996878
0.846466
0.997485
0.989964
0.942234
0.910309
0.981197
0.999268
0.995512
0.977693
0.999629
0.94413
0.987716
0.951237
0.785773
0.996948
0.972296
0.998468
0.999231
0.948849
0.83493
0.995495
0.997506
0.98172
0.999587
0.999982
0.999689
0.947774
0.999835
0.999393
0.999378
0.925362
0.999879
0.969039
0.999873
0.979187
0.999804
0.644483
0.999918
0.99562
0.976555
0.970553
0.941561
0.959097
0.768496
0.980813
0.997897
0.987868
0.992845
0.999936
0.99995
0.999539
0.999106
0.93715
0.999815
0.947465
0.977119
0.94267
0.997991
0.892488
0.958451
0.996286
0.996565
0.992951
0.964628
0.999897
0.99921
0.997437
0.999872
0.913487
0.9942
0.997663
0.989678
0.990037
0.988025
0.999075
0.889233
0.920902
0.995799
0.981859
0.867398
0.999988
0.983747
0.998802
0.999629
0.778529
0.997522
0.809005
0.987631
0.998897
0.989257
0.975722
0.999924
0.78572
0.9708
0.999952
0.999438
0.995556
0.995028
0.997512
0.944773
0.998702
0.981577
0.999912
0.999801
0.999724
0.958288
0.927248
0.912769
0.951739
0.982616
0.988869
0.966705
0.997287
0.994711
0.647866
0.957592
0.999363
0.878429
0.921926
0.999961
0.965947
0.987458
0.995231
0.968469
0.920178
0.981567
0.994273
0.979958
0.948127
0.964675
0.833981
0.958351
0.965709
0.983855
0.989154
0.602088
0.965773
0.998353
0.727059
0.986345
0.982387
0.99698
0.994261
0.974814
0.964282
0.772818
0.996825
0.914247
0.990939
0.999313
0.999081
0.995661
0.999858
0.956597
0.99374
0.938474
0.970563
0.997447
0.982851
0.992703
0.99172
0.960483
0.999037
0.999903
0.999946
0.90753
0.999847
0.859977
0.88896
0.981779
0.971259
0.999915
0.922549
0.993749
0.943319
0.900425
0.9999
0.929362
0.950681
0.904929
0.987198
0.677431
0.989855
0.988807
0.999347
0.994175
0.797178
0.999588
0.998626
0.998843
0.988113
0.999807
0.997485
0.993567
0.95971
0.999961
0.980697
0.983153
0.907226
0.994454
0.945088
0.994795
0.999386
0.990871
0.999889
0.766896
0.817863
0.973057
0.999857
0.99689
0.99265
0.992981
0.975432
0.875959
0.999317
0.998729
0.981413
0.967707
0.973229
0.926728
0.952438
0.970639
0.964214
0.978764
0.903012
0.937782
0.999847
0.980186
0.997266
0.928481
0.977373
0.99725
0.995985
0.998881
0.929858
0.830125
0.982512
0.982503
0.958495
0.817325
0.999594
0.999883
0.996376
0.935965
0.959373
0.986027
0.998929
0.997207
0.997122
0.980962
0.906188
0.970472
0.999918
0.913469
0.941302
0.874643
0.994261
0.996609
0.839487
0.998365
0.985337
0.999861
0.881023
0.886084
0.964099
0.969008
0.987208
0.773553
0.845227
0.966564
0.972325
0.999936
0.9775
0.921132
0.997059
0.965547
0.985153
0.972327
0.954672
0.980518
0.981538
0.947263
0.91592
0.998783
0.959736
0.951555
0.874223
0.994356
0.93737
0.985666
0.973987
0.999933
0.985018
0.999882
0.929431
0.999851
0.982054
0.999682
0.924229
0.959505
0.989931
0.994392
0.993431
0.999774
0.999924
0.832876
0.998569
0.940102
0.931866
0.991293
0.768046
0.971077
0.996313
0.999791
0.983071
0.989269
0.957393
0.744552
0.979328
0.99605
0.973744
0.990651
0.996584
0.993777
0.999718
0.997844
0.999899
0.999803
0.986296
0.994282
0.998554
0.99991
0.894817
0.960065
0.999836
0.999891
0.992968
0.982984
0.999908
0.848175
0.999771
0.998603
0.996156
0.958288
0.962731
0.954943
0.99917
0.999221
0.969516
0.995952
0.978226
0.999258
0.999198
0.960097
0.999886
0.998626
0.991987
0.99961
0.965336
0.999922
0.999304
0.958491
0.81549
0.655646
0.999263
0.998969
0.916379
0.867585
0.994318
0.999812
0.979362
0.935087
0.999899
0.822479
0.967806
0.999916
0.947423
0.992754
0.997388
0.99862
0.790229
0.999614
0.999842
0.656808
0.993857
0.985399
0.994046
0.94851
0.999201
0.955182
0.987994
0.997403
0.997323
0.972091
0.998498
0.978082
0.957277
0.999889
0.995988
0.999903
0.995249
0.996349
0.999896
0.881179
0.998494
0.998659
0.990187
0.997222
0.999926
0.977414
0.959671
0.999114
0.986638
0.936791
0.998494
0.937621
0.999414
0.970932
0.999807
0.983293
0.983391
0.920646
0.984504
0.968554
0.962899
0.805621
0.957872
0.998696
0.977872
0.999919
0.984885
0.942708
0.994242
0.978999
0.797735
0.932324
0.730079
0.970415
0.999901
0.83967
0.946734
0.941388
0.995828
0.926704
0.989964
0.960677
0.959884
0.999904
0.893998
0.982503
0.997585
0.999912
0.982068
0.958752
0.8727
0.987832
0.998731
0.999489
0.999022
0.882115
0.977205
0.999827
0.982789
0.962006
0.798034
0.944707
0.99468
0.999721
0.784921
0.913419
0.982882
0.994883
0.693812
0.923396
0.999794
0.949573
0.977302
0.970252
0.9654
0.867415
0.784767
0.990568
0.962984
0.936898
0.879755
0.982938
0.92373
0.694589
0.989036
0.994282
0.999536
0.958976
0.986296
0.953451
0.999977
0.999826
0.999919
0.993305
0.998796
0.995127
0.98994
0.999754
0.999916
0.986692
0.998978
0.972577
0.962523
0.947778
0.999825
0.953328
0.986242
0.93683
0.999636
0.998626
0.999942
0.957277
0.995117
0.972351
0.953698
0.999646
0.99862
0.892136
0.9409
0.998234
0.980544
0.999794
0.963488
0.9221
0.999809
0.999908
0.98888
0.999929
0.999494
0.997548
0.990463
0.99533
0.998587
0.996372
0.977532
0.999718
0.99949
0.996836
0.999017
0.992037
0.879921
0.999825
0.913558
0.92651
0.997288
0.940142
0.967806
0.999924
0.985473
0.999174
0.926704
0.997852
0.983186
0.95333
0.916143
0.886861
0.989855
0.689998
0.980364
0.943338
0.99978
0.960691
0.999461
0.915555
0.999864
0.942982
0.941335
0.999834
0.993357
0.999448
0.999283
0.969911
0.959339
0.965947
0.975501
0.9999
0.994729
0.999658
0.996271
0.996087
0.998645
0.994035
0.954853
0.96888
0.990826
0.968883
0.991349
0.989036
0.999726
0.887208
0.964177
0.969536
0.999932
0.870628
0.955973
0.999462
0.999779
0.999646
0.99913
0.712185
0.992222
0.950201
0.999137
0.999908
0.790477
0.924366
0.998148
0.973264
0.976273
0.99518
0.97201
0.955744
0.969265
0.999642
0.971241
0.945203
0.999959
0.992632
0.999926
0.996349
0.98333
0.935862
0.996303
0.956831
0.937933
0.963444
0.892011
0.994172
0.999923
0.966442
0.944909
0.996736
0.893961
0.948566
0.999902
0.957878
0.999907
0.745589
0.999927
0.998978
0.844752
0.943221
0.936355
0.985094
0.999112
0.956838
0.80146
0.999492
0.721706
0.966848
0.991654
0.986839
0.969278
0.913596
0.992052
0.999357
0.999051
0.9986
0.997713
0.999969
0.934491
0.945482
0.897171
0.999962
0.999903
0.878463
0.990465
0.997266
0.995558
0.900513
0.998841
0.94415
0.956853
0.998722
0.942896
0.977302
0.964421
0.998951
0.875126
0.730901
0.951237
0.999889
0.938291
0.999924
0.973095
0.849785
0.985695
0.915687
0.998521
0.99172
0.999781
0.978308
0.998972
0.966494
0.906804
0.967951
0.998099
0.906512
0.999546
0.998242
0.959595
0.983589
0.982553
0.999983
0.999539
0.959207
0.987008
0.985149
0.844898
0.999935
0.811522
0.961556
0.998957
0.946103
0.999916
0.996335
0.999918
0.999906
0.999342
0.987018
0.99941
0.987173
0.998163
0.989499
0.99986
0.990397
0.999655
0.916691
0.999861
0.998617
0.969981
0.994657
0.998582
0.999719
0.99993
0.998096
0.988501
0.989049
0.998868
0.998804
0.965927
0.853572
0.834543
0.96896
0.999983
0.969501
0.974959
0.996824
0.796025
0.999306
0.964538
0.999899
0.999983
0.999913
0.982944
0.993791
0.996945
0.998736
0.999954
0.999422
0.990812
0.998622
0.999916
0.960551
0.942556
0.999942
0.999721
0.879396
0.994729
0.963461
0.97021
0.937621
0.999938
0.715195
0.992104
0.999503
0.998796
0.965853
0.990277
0.974873
0.981672
0.907986
0.997994
0.948483
0.999486
0.985473
0.985335
0.98548
0.58326
0.999677
0.965557
0.999179
0.920916
0.977058
0.883262
0.98548
0.999821
0.975927
0.957025
0.999932
0.975984
0.991102
0.977815
0.960409
0.999814
0.69799
0.985748
0.975984
0.999977
0.990619
0.969503
0.99951
0.987599
0.992904
0.999874
0.997561
0.839786
0.999164
0.999967
0.999913
0.941464
0.992371
0.989127
0.964283
0.99973
0.997902
0.988947
0.946154
0.993471
0.970211
0.979292
0.999941
0.988057
0.932867
0.954646
0.99968
0.970041
0.982122
0.967236
0.91363
0.899044
0.979362
0.92601
0.922616
0.844601
0.947774
0.999266
0.977799
0.962216
0.956925
0.994587
0.999098
0.937946
0.999598
0.998405
0.968299
0.997545
0.996318
0.932571
0.781276
0.909024
0.67079
0.999976
0.813361
0.999294
0.999907
0.960762
0.907305
0.988355
0.977143
0.978795
0.99844
0.996826
0.99993
0.994964
0.94797
0.787704
0.996431
0.970045
0.816851
0.973343
0.840838
0.985698
0.999944
0.996381
0.905691
0.966827
0.99994
0.977612
0.996824
0.807658
0.820898
0.95264
0.998876
0.974884
0.956523
0.993282
0.999514
0.999923
0.976272
0.889591
0.975894
0.980456
0.999909
0.993415
0.83255
0.978481
0.883968
0.999936
0.959891
0.999949
0.986638
0.999491
0.972892
0.980796
0.943224
0.986289
0.969532
0.90969
0.919432
0.950369
0.992246
0.988015
0.953209
0.999921
0.99989
0.991996
0.999391
0.945471
0.999901
0.767762
0.999988
0.990247
0.991065
0.985671
0.991523
0.980844
0.978002
0.999987
0.818476
0.998979
0.969456
0.956372
0.999921
0.953122
0.998592
0.966142
0.999943
0.999178
0.700902
0.681784
0.997226
0.999934
0.965947
0.965791
0.999935
0.994678
0.94313
0.995937
0.999916
0.917942
0.992013
0.958953
0.999921
0.958018
0.971777
0.950683
0.713318
0.876058
0.998321
0.935871
0.99993
0.999965
0.907387
0.894548
0.907328
0.999788
0.998967
0.955632
0.993786
0.974884
0.997489
0.99869
0.999938
0.9999
0.907987
0.980264
0.999555
0.990092
0.839569
0.999917
0.999929
0.999771
0.983296
0.976061
0.999935
0.990804
0.992143
0.999797
0.94465
0.99966
0.905605
0.999409
0.860609
0.984727
0.988636
0.991999
0.939386
0.952342
0.991188
0.999786
0.957348
0.968807
0.964356
0.999793
0.994405
0.989803
0.998529
0.929641
0.999771
0.999434
0.989156
0.941294
0.999805
0.999671
0.999051
0.997769
0.921838
0.939478
0.999363
0.999696
0.933112
0.999812
0.942616
0.996331
0.999602
0.999933
0.999719
0.989334
0.999919
0.99993
0.999883
0.99581
0.998583
0.677495
0.997415
0.968757
0.999872
0.912216
0.999926
0.998906
0.92977
0.973898
0.972736
0.999945
0.999699
0.999536
0.787871
0.999892
0.936355
0.608906
0.960254
0.887481
0.983762
0.947263
0.775978
0.962126
0.999922
0.999945
0.985042
0.997557
0.999981
0.955166
0.98552
0.996326
0.983133
0.998524
0.975775
0.974903
0.999402
0.99941
0.933353
0.999928
0.995961
0.99968
0.999931
0.996286
0.958233
0.999941
0.999436
0.964892
0.991471
0.967397
0.999261
0.998796
0.946299
0.991254
0.997325
0.999475
0.997281
0.83406
0.870899
0.999913
0.999932
0.763069
0.99956
0.999975
0.985869
0.999928
0.99927
0.98098
0.980978
0.995209
0.902668
0.985695
0.998794
0.998875
0.834496
0.999466
0.999005
0.995544
0.999124
0.996186
0.859869
0.997479
0.994224
0.968216
0.924139
0.891712
0.999948
0.995804
0.973898
0.997867
0.950237
0.947717
0.999661
0.999941
0.999814
0.999462
0.92614
0.999524
0.987299
0.998196
0.969532
0.971653
0.981217
0.946103
0.999928
0.87022
0.999987
0.95221
0.965932
0.992904
0.974814
0.84148
0.949173
0.919757
0.982816
0.997399
0.999959
0.898378
0.972428
0.999943
0.976933
0.999632
0.999049
0.995704
0.953089
0.930973
0.991572
0.999991
0.929624
0.996357
0.902668
0.985629
0.993135
0.972327
0.991787
0.976349
0.999918
0.995041
0.997533
0.999178
0.955316
0.956582
0.952457
0.910795
0.699494
0.999836
0.888527
0.998914
0.987316
0.991518
0.948193
0.993782
0.997929
0.999929
0.673416
0.999621
0.999945
0.99282
0.924476
0.999899
0.992925
0.945547
0.972077
0.966508
0.953023
0.952772
0.996852
0.973505
0.995841
0.994827
0.999782
0.982852
0.901132
0.964272
0.798453
0.96164
0.941475
0.989631
0.995134
0.956372
0.891899
0.996487
0.95765
0.998557
0.999937
0.955632
0.999937
0.955127
0.915182
0.999611
0.997885
0.963036
0.979235
0.995019
0.971308
0.934734
0.99967
0.999933
0.951237
0.991787
0.679681
0.994079
0.874885
0.990061
0.99995
0.999873
0.997877
0.991441
0.999661
0.974091
0.998698
0.993988
0.984053
0.791396
0.99889
0.958897
0.999742
0.999782
0.994326
0.791976
0.992883
0.954999
0.999942
0.999943
0.936689
0.917104
0.9067
0.986357
0.999946
0.994657
0.978427
0.990938
0.918028
0.892593
0.999932
0.975527
0.999928
0.786536
0.999933
0.782983
0.997319
0.981217
0.949173
0.964982
0.99339
0.967707
0.999674
0.999941
0.993221
0.985674
0.999651
0.724121
0.935004
0.967501
0.999627
0.922108
0.997807
0.999943
0.999702
0.92614
0.999929
0.995305
0.748047
0.999832
0.979001
0.999875
0.969918
0.952314
0.99988
0.999952
0.996244
0.9992
0.997877
0.977242
0.954818
0.999997
0.999607
0.940601
0.998901
0.962006
0.998949
0.999506
0.984249
0.981027
0.998424
0.992226
0.99042
0.984249
0.999947
0.997555
0.858526
0.9723
0.999783
0.998649
0.985158
0.999875
0.901176
0.999935
0.998924
0.967957
0.901206
0.999875
0.996196
0.962126
0.954242
0.998044
0.999948
0.983524
0.996307
0.99994
0.999931
0.987326
0.802898
0.991143
0.961849
0.9993
0.917495
0.98967
0.999919
0.807893
0.992183
0.680702
0.945756
0.999974
0.999844
0.997399
0.999816
0.999948
0.998022
0.956956
0.984861
0.753152
0.999939
0.999598
0.97371
0.979682
0.976814
0.991144
0.988009
0.996776
0.953939
0.684671
0.966567
0.953619
0.989601
0.900635
0.998979
0.998448
0.954391
0.99437
0.998688
0.994939
0.999938
0.97467
0.999682
0.945863
0.96386
0.99999
0.999516
0.876356
0.952772
0.983598
0.999341
0.979328
0.989289
0.999531
0.950681
0.999156
0.860054
0.999896
0.968108
0.999918
0.973903
0.999943
0.983592
0.977203
0.994822
0.737747
0.943116
0.999124
0.948068
0.961401
0.998913
0.972231
0.999569
0.981149
0.999995
0.99991
0.994425
0.999237
0.99676
0.900825
0.758366
0.994483
0.75469
0.982881
0.999954
0.993945
0.96676
0.941302
0.994165
0.822479
0.990244
0.999941
0.95264
0.9807
0.96676
0.79237
0.991981
0.96413
0.847507
0.96587
0.987277
0.962667
0.999767
0.999869
0.999951
0.999992
0.976719
0.981159
0.998698
0.998561
0.985158
0.839561
0.942731
0.930398
0.944915
0.97571
0.985551
0.926113
0.880592
0.999855
0.696296
0.99991
0.996403
0.999991
0.948026
0.998913
0.991609
0.999543
0.998205
0.947762
0.972825
0.998916
0.964281
0.991241
0.997542
0.93812
0.999843
0.99771
0.952811
0.999338
0.970415
0.999634
0.995442
0.957878
0.983545
0.999956
0.989901
0.997018
0.795074
0.999949
0.999926
0.824676
0.986811
0.995718
0.999949
0.999797
0.951555
0.979341
0.997716
0.945312
0.999266
0.995842
0.978741
0.993467
0.999953
0.68454
0.89767
0.849328
0.843814
0.999959
0.997311
0.999952
0.963218
0.994753
0.964428
0.999949
0.999834
0.996115
0.95167
0.988393
0.998694
0.903619
0.999909
0.810531
0.950508
0.999368
0.999582
0.999991
0.92308
0.998949
0.999651
0.999984
0.927258
0.999967
0.999112
0.999659
0.971064
0.972564
0.999942
0.992879
0.999944
0.971064
0.68853
0.998988
0.98234
0.880469
0.999375
0.984429
0.863555
0.994182
0.983339
0.93855
0.931041
0.688291
0.995998
0.995379
0.8888
0.999955
0.999926
0.98145
0.999975
0.998414
0.772331
0.992632
0.96276
0.994545
0.998022
0.994035
0.982213
0.999771
0.999941
0.99999
0.999942
0.947495
0.985675
0.992348
0.933172
0.999502
0.997549
0.964047
0.999943
0.965382
0.999838
0.999325
0.995452
0.995422
0.957566
0.998863
0.948969
0.998264
0.940951
0.975733
0.763468
0.998546
0.997404
0.999673
0.999955
0.999941
0.751186
0.999849
0.960691
0.986227
0.990252
0.964784
0.999958
0.790745
0.980247
0.991293
0.998757
0.998896
0.808567
0.949163
0.986814
0.931847
0.999987
0.94067
0.843587
0.963238
0.935942
0.998665
0.907986
0.913042
0.974553
0.892136
0.999955
0.994715
0.999058
0.96276
0.999652
0.906093
0.999272
0.959671
0.997649
0.691304
0.938579
0.997781
0.984598
0.75803
0.908312
0.997688
0.947854
0.998497
0.976428
0.957396
0.999989
0.976981
0.993741
0.966201
0.989154
0.705222
0.999948
0.997583
0.99965
0.99994
0.972031
0.912022
0.91084
0.957674
0.999815
0.961259
0.960697
0.991578
0.965183
0.90006
0.983122
0.998239
0.995985
0.746515
0.859065
0.997018
0.900803
0.997565
0.955973
0.980195
0.969947
0.99655
0.993029
0.994414
0.963403
0.996912
0.999968
0.794477
0.970653
0.990317
0.993337
0.999331
0.951257
0.956956
0.989997
0.808068
0.999985
0.999636
0.994497
0.99976
0.964675
0.971672
0.798432
0.999943
0.999946
0.988947
0.964729
0.996041
0.999905
0.999288
0.982565
0.999554
0.999956
0.998146
0.976946
0.999991
0.999911
0.999952
0.999147
0.997372
0.995569
0.961667
0.973594
0.7641
0.999785
0.99396
0.995815
0.999956
0.973569
0.999923
0.993777
0.999633
0.956941
0.999838
0.930805
0.999974
0.902355
0.997315
0.959207
0.999576
0.997022
0.966195
0.968883
0.87338
0.999726
0.995413
0.956187
0.993294
0.99003
0.990082
0.976618
0.978644
0.999949
0.969947
0.99603
0.999076
0.998978
0.991725
0.997542
0.999989
0.677589
0.999856
0.995336
0.928434
0.985869
0.999668
0.906512
0.995998
0.950321
0.981422
0.939065
0.997176
0.999523
0.999827
0.995726
0.996158
0.996567
0.987116
0.91209
0.998908
0.783692
0.954175
0.931245
0.890052
0.999948
0.9988
0.979189
0.988828
0.943338
0.999346
0.874879
0.988973
0.960354
0.999945
0.997329
0.966595
0.994414
0.999881
0.996914
0.999512
0.99104
0.892647
0.997845
0.961209
0.929641
0.966739
0.952491
0.999963
0.968218
0.996989
0.986033
0.983115
0.997417
0.996019
0.997484
0.995133
0.999747
0.999114
0.993033
0.904431
0.908381
0.989533
0.974586
0.997404
0.999981
0.998906
0.982561
0.869201
0.997161
0.838976
0.999156
0.998567
0.976937
0.898239
0.991595
0.997625
0.964356
0.999972
0.962486
0.997266
0.997439
0.998864
0.999988
0.998164
0.989468
0.905431
0.976431
0.692528
0.956388
0.990252
0.980076
0.86693
0.969213
0.97217
0.999955
0.992167
0.968673
0.993372
0.952715
0.693962
0.993945
0.999641
0.833655
0.995838
0.998198
0.950587
0.999787
0.999971
0.787515
0.999624
0.998652
0.956188
0.999699
0.999632
0.995425
0.909971
0.99999
0.999961
0.997255
0.99772
0.968218
0.995899
0.999622
0.975756
0.981506
0.996779
0.985323
0.99975
0.99498
0.999695
0.992436
0.999153
0.999963
0.998032
0.998469
0.999373
0.993278
0.978335
0.989951
0.939642
0.999945
0.99996
0.976428
0.94093
0.994101
0.839425
0.995799
0.752628
0.999986
0.970045
0.992858
0.994523
0.830415
0.97313
0.999821
0.996369
0.999976
0.99895
0.997344
0.849081
0.947822
0.99358
0.997407
0.99676
0.964715
0.850788
0.922188
0.997059
0.986241
0.978505
0.999627
0.96292
0.999166
0.993782
0.992486
0.996834
0.999902
0.996654
0.999798
0.999701
0.990939
0.909459
0.924761
0.999956
0.793799
0.996858
0.994936
0.999809
0.996685
0.999454
0.99734
0.999651
0.946589
0.782399
0.999993
0.999465
0.968961
0.999886
0.998099
0.998717
0.889671
0.999503
0.998216
0.999061
0.968168
0.93855
0.99956
0.955796
0.999673
0.999981
0.999946
0.96575
0.93764
0.99431
0.949553
0.998485
0.995569
0.952541
0.991016
0.994987
0.826052
0.984104
0.999948
0.968853
0.999339
0.956636
0.999921
0.87699
0.989359
0.871975
0.999606
0.997059
0.787108
0.978024
0.788976
0.996484
0.754503
0.971357
0.998995
0.998571
0.99955
0.992388
0.996948
0.999938
0.999987
0.985166
0.999971
0.921982
0.988397
0.967978
0.905431
0.952688
0.991882
0.996003
0.999934
0.999981
0.997072
0.999921
0.991349
0.846491
0.99398
0.830154
0.939642
0.951133
0.999991
0.991969
0.966654
0.922786
0.999769
0.999989
0.999331
0.999668
0.968713
0.999813
0.987888
0.980534
0.999663
0.999636
0.949579
0.963356
0.980655
0.952405
0.999987
0.996509
0.992804
0.998367
0.999991
0.998796
0.99256
0.987074
0.999924
0.979393
0.999967
0.993708
0.969258
0.999766
0.999794
0.927304
0.974205
0.929944
0.898414
0.999878
0.958905
0.964291
0.999045
0.999986
0.999912
0.999178
0.996655
0.998969
0.873081
0.996455
0.923882
0.997371
0.9932
0.958605
0.999668
0.999965
0.999924
0.914491
0.99996
0.973778
0.99932
0.999949
0.998497
0.956571
0.820326
0.748002
0.999564
0.836891
0.995625
0.966365
0.861919
0.996203
0.954065
0.962079
0.999514
0.99976
0.999966
0.999716
0.999037
0.999821
0.987498
0.88383
0.98682
0.999964
0.95074
0.999222
0.999945
0.938647
0.998328
0.999882
0.924591
0.751682
0.984018
0.998164
0.988433
0.814824
0.999791
0.999924
0.724413
0.768156
0.96575
0.964291
0.999988
0.955632
0.999883
0.996176
0.999979
0.995145
0.992483
0.997728
0.951814
0.999992
0.995813
0.903747
0.873306
0.997877
0.975962
0.987117
0.999976
0.999519
0.961652
0.996649
0.956571
0.91895
0.999652
0.978645
0.99996
0.94264
0.999096
0.962667
0.822645
0.990871
0.988019
0.999984
0.760064
0.993425
0.793951
0.999652
0.992523
0.945934
0.674727
0.999883
0.995041
0.975775
0.998018
0.999313
0.999337
0.999284
0.966888
0.992359
0.727013
0.845911
0.995935
0.950541
0.792817
0.96318
0.979022
0.999485
0.98098
0.976257
0.997945
0.998372
0.990979
0.998231
0.999701
0.961085
0.884824
0.999842
0.999447
0.893386
0.992058
0.975693
0.959828
0.973124
0.948526
0.999645
0.999958
0.999986
0.886221
0.968207
0.927024
0.999341
0.98552
0.757945
0.996319
0.997226
0.999933
0.81073
0.961085
0.983841
0.989835
0.999733
0.891304
0.999833
0.912253
0.929475
0.980715
0.674426
0.943365
0.975894
0.999709
0.996484
0.999977
0.985166
0.999893
0.947768
0.984849
0.999986
0.995032
0.999965
0.992841
0.975513
0.952176
0.999868
0.999958
0.966406
0.905981
0.956969
0.843771
0.689561
0.998146
0.900705
0.997845
0.988397
0.995503
0.991564
0.948757
0.999965
0.995119
0.998248
0.999072
0.999664
0.993653
0.976841
0.952181
0.925578
0.839351
0.922409
0.999956
0.999606
0.991405
0.994596
0.902333
0.985149
0.979292
0.955744
0.673761
0.994404
0.999796
0.997351
0.976411
0.993653
0.990959
0.997302
0.97217
0.993435
0.941738
0.99985
0.999252
0.99797
0.956388
0.93221
0.91552
0.996326
0.981501
0.807893
0.972237
0.929924
0.99995
0.993151
0.969711
0.84123
0.999664
0.9628
0.987575
0.947571
0.999968
0.998694
0.971858
0.999516
0.993257
0.999957
0.999978
0.999963
0.966218
0.993007
0.990215
0.999808
0.999967
0.996357
0.999424
0.999909
0.962094
0.934596
0.99841
0.999717
0.97091
0.966218
0.962304
0.983368
0.917391
0.990979
0.901104
0.976431
0.904431
0.981178
0.999955
0.976648
0.949287
0.999351
0.998247
0.983463
0.999461
0.844925
0.8121
0.99167
0.992757
0.999079
0.98683
0.999915
0.973311
0.945756
0.977587
0.999934
0.999777
0.839271
0.9761
0.999991
0.999957
0.961671
0.744216
0.991765
0.999962
0.999718
0.990124
0.941467
0.999482
0.999964
0.766736
0.982279
0.974382
0.98921
0.99563
0.997315
0.998165
0.999769
0.99995
0.792904
0.999924
0.892593
0.995625
0.999989
0.839487
0.999924
0.995903
0.943473
0.994771
0.838601
0.944849
0.959783
0.888544
0.967678
0.788058
0.944815
0.962676
0.995451
0.981642
0.990904
0.995015
0.990256
0.840226
0.983467
0.983467
0.968327
0.994486
0.996858
0.999945
0.970217
0.795509
0.767353
0.999992
0.999993
0.99948
0.995793
0.96806
0.954242
0.977417
0.999993
0.999988
0.933586
0.999969
0.99988
0.86916
0.973454
0.973933
0.999962
0.967143
0.973264
0.977765
0.902284
0.99944
0.967655
0.790618
0.999056
0.999743
0.996283
0.999915
0.999405
0.965086
0.940505
0.92705
0.998316
0.999869
0.999461
0.983097
0.995546
0.991072
0.998766
0.958184
0.999989
0.950624
0.99823
0.997281
0.998414
0.966508
0.795278
0.951461
0.998708
0.972448
0.992439
0.997769
0.999952
0.97215
0.998921
0.998391
0.98268
0.976062
0.997417
0.999756
0.999902
0.958905
0.999237
0.958688
0.997549
0.96737
0.959754
0.944743
0.999667
0.995485
0.988228
0.991969
0.898414
0.997829
0.977789
0.965148
0.996391
0.999
0.995337
0.999985
0.927275
0.98977
0.989633
0.994407
0.928656
0.999474
0.999873
0.994732
0.700637
0.908012
0.975745
0.999978
0.999982
0.998552
0.988092
0.835111
0.903214
0.995019
0.94858
0.934851
0.979493
0.999805
0.999831
0.805297
0.795612
0.827988
0.949765
0.999794
0.967378
0.999964
0.914305
0.999978
0.99996
0.999979
0.95142
0.909917
0.97313
0.957396
0.92384
0.965148
0.999485
0.819244
0.999991
0.981178
0.99997
0.996823
0.991928
0.952811
0.999118
0.999819
0.922542
0.993541
0.99767
0.870884
0.999986
0.999969
0.983464
0.999182
0.963292
0.99997
0.804238
0.998816
0.992058
0.999962
0.999964
0.920446
0.989997
0.999752
0.972677
0.916546
0.999993
0.95962
0.737059
0.991661
0.999235
0.99492
0.998666
0.999992
0.999776
0.990495
0.828064
0.996945
0.956983
0.893824
0.994065
0.981784
0.999896
0.994545
0.993924
0.999987
0.948635
0.999753
0.999979
0.999967
0.996563
0.999962
0.958896
0.999909
0.999741
0.867297
0.9986
0.996176
0.728528
0.984353
0.99674
0.99976
0.932826
0.992232
0.999924
0.999945
0.930523
0.999791
0.992152
0.99877
0.999991
0.998755
0.999987
0.996277
0.692021
0.985551
0.96082
0.999947
0.985552
0.956187
0.871271
0.987316
0.994999
0.999376
0.999987
0.995503
0.999821
0.933484
0.956956
0.982823
0.997008
0.999973
0.992456
0.99929
0.99869
0.995485
0.984722
0.999963
0.999968
0.999952
0.994818
0.999967
0.999965
0.963081
0.964106
0.845331
0.98268
0.999627
0.943314
0.999829
0.944949
0.999924
0.975149
0.999974
0.998039
0.999726
0.95798
0.998976
0.999967
0.816436
0.999973
0.999616
0.994889
0.999098
0.999989
0.99963
0.957793
0.707723
0.983072
0.999126
0.940399
0.992025
0.870228
0.784809
0.994486
0.998669
0.948071
0.954978
0.998574
0.999988
0.945873
0.977062
0.998134
0.999967
0.996195
0.929979
0.969192
0.994016
0.9723
0.932903
0.986798
0.99997
0.661759
0.999679
0.889575
0.629363
0.999947
0.993865
0.810469
0.861234
0.999899
0.964106
0.79955
0.999874
0.999977
0.999983
0.999738
0.976288
0.738863
0.999808
0.995898
0.907668
0.999991
0.848386
0.999321
0.969536
0.801225
0.992482
0.960758
0.999987
0.999948
0.953785
0.999751
0.999902
0.994559
0.978781
0.970666
0.999972
0.983841
0.999945
0.920141
0.99197
0.969711
0.902325
0.972312
0.998618
0.961402
0.990556
0.94539
0.966201
0.99784
0.965314
0.999961
0.983323
0.797267
0.999833
0.919776
0.999948
0.814478
0.999991
0.994165
0.999897
0.956005
0.999907
0.999973
0.782969
0.971311
0.686428
0.928974
0.989951
0.999968
0.980949
0.998213
0.819729
0.944462
0.999181
0.742871
0.964082
0.999908
0.998408
0.996136
0.999742
0.962539
0.991196
0.999947
0.887216
0.99957
0.996161
0.996472
0.978356
0.999794
0.997461
0.99975
0.995023
0.986948
0.999663
0.957079
0.997606
0.999945
0.997302
0.955481
0.999667
0.880092
0.961834
0.999492
0.992999
0.999978
0.999981
0.999768
0.999983
0.878013
0.99997
0.986485
0.84213
0.998821
0.999915
0.965675
0.999308
0.932903
0.798604
0.974604
0.985798
0.998001
0.999943
0.799491
0.993344
0.993003
0.997217
0.995093
0.966279
0.999991
0.952596
0.962787
0.818913
0.992218
0.889757
0.999989
0.97074
0.996926
0.999969
0.995834
0.965493
0.999516
0.999956
0.996195
0.999802
0.896974
0.995651
0.950487
0.929979
0.999977
0.999971
0.994778
0.998794
0.999968
0.99813
0.999758
0.999981
0.99424
0.997781
0.926835
0.999928
0.998669
0.919384
0.999371
0.999993
0.814998
0.802915
0.976912
0.989754
0.999965
0.95668
0.9584
0.871605
0.999835
0.999989
0.999812
0.986262
0.981584
0.999973
0.999967
0.999968
0.999975
0.999934
0.993692
0.998793
0.999952
0.999455
0.798153
0.996261
0.983451
0.999993
0.99975
0.977308
0.996655
0.990292
0.838925
0.965556
0.996704
0.991561
0.945094
0.909426
0.9972
0.999988
0.999967
0.999967
0.990292
0.646789
0.924521
0.996154
0.99997
0.998469
0.999999
0.999953
0.985719
0.996612
0.976171
0.991196
0.999765
0.802578
0.954867
0.999799
0.999783
0.944137
0.907154
0.999967
0.960964
0.995546
0.999996
0.996823
0.999952
0.952176
0.998921
0.999981
0.982615
0.959754
0.890645
0.999789
0.994101
0.939238
0.999993
0.997467
0.979782
0.999091
0.944482
0.958184
0.999721
0.999968
0.999928
0.999972
0.999014
0.934187
0.999981
0.945711
0.998261
0.847204
0.993847
0.993825
0.9999
0.9959
0.977783
0.959481
0.991411
0.9755
0.969372
0.999994
0.992152
0.965759
0.895112
0.996874
0.86651
0.941275
0.704811
0.992023
0.999994
0.936383
0.999977
0.998931
0.969179
0.999999
0.928567
0.984841
0.968598
0.938474
0.997893
0.908671
0.999984
0.971547
0.999899
0.953848
0.997507
0.995611
0.999976
0.99908
0.999983
0.998026
0.999971
0.780731
0.999984
0.983097
0.954408
0.999975
0.928206
0.999733
0.911193
0.931546
0.998586
0.990208
0.994407
0.974586
0.999791
0.80954
0.995384
0.976937
0.985698
0.992359
0.997208
0.995638
0.899272
0.971653
0.999988
0.892651
0.928606
0.814332
0.969491
0.802617
0.998051
0.975645
0.990641
0.999973
0.900422
0.989754
0.999071
0.955182
0.958764
0.647438
0.998563
0.99858
0.99992
0.769773
0.983678
0.882572
0.935913
0.999091
0.994771
0.998915
0.996154
0.901775
0.96559
0.965439
0.999965
0.992815
0.990522
0.999912
0.78918
0.97006
0.980268
0.993344
0.938002
0.969491
0.999958
0.909832
0.997443
0.999172
0.999728
0.979489
0.992126
0.999498
0.99931
0.998457
0.998639
0.97789
0.985926
0.812838
0.996208
0.930242
0.991322
0.999943
0.999952
0.999516
0.999986
0.99977
0.999963
0.982197
0.999954
0.995879
0.99998
0.993294
0.995959
0.999636
0.826689
0.999975
0.98587
0.999541
0.989939
0.844661
0.99998
0.999987
0.967957
0.999978
0.997573
0.930672
0.977074
0.965016
0.999982
0.995709
0.953609
0.999996
0.999598
0.999977
0.785591
0.999987
0.95087
0.992841
0.999821
0.991375
0.959233
0.932424
0.999958
0.999974
0.997532
0.998596
0.996599
0.959127
0.994403
0.993567
0.993254
0.957097
0.943186
0.956175
0.999916
0.999996
0.925416
0.893775
0.999973
0.727188
0.994997
0.844858
0.958012
0.975181
0.949858
0.998216
0.972433
0.927498
0.984424
0.999995
0.788735
0.999091
0.999989
0.997716
0.999983
0.967721
0.998991
0.994889
0.878486
0.999977
0.92186
0.999956
0.972433
0.979782
0.99998
0.995813
0.999985
0.991214
0.999971
0.999972
0.938528
0.971458
0.995918
0.881375
0.999868
0.823697
0.880099
0.973014
0.962539
0.994697
0.999994
0.993587
0.983317
0.999984
0.950769
0.970551
0.999799
0.999971
0.994057
0.991711
0.998437
0.999159
0.937704
0.997149
0.992439
0.999922
0.976189
0.933809
0.888974
0.998513
0.999967
0.844573
0.877087
0.839569
0.99999
0.999871
0.946337
0.999972
0.734924
0.99705
0.999978
0.999935
0.897966
0.992571
0.999838
0.952564
0.964125
0.949713
0.992879
0.996509
0.995632
0.971544
0.999974
0.999852
0.972053
0.794318
0.993172
0.972577
0.999829
0.97371
0.969973
0.945341
0.997098
0.999636
0.999975
0.999972
0.999909
0.996855
0.932424
0.966365
0.970666
0.999991
0.997312
0.738976
0.787534
0.999957
0.99996
0.932917
0.785845
0.999976
0.941653
0.99997
0.994871
0.999312
0.896536
0.999967
0.977151
0.972125
0.98683
0.945949
0.996578
0.944824
0.987116
0.963265
0.997957
0.99992
0.964715
0.994105
0.803842
0.969536
0.999979
0.67063
0.998933
0.976132
0.999946
0.915854
0.999975
0.998941
0.942688
0.999981
0.999987
0.934509
0.961621
0.977534
0.997157
0.96306
0.962129
0.999982
0.730441
0.999821
0.999692
0.998628
0.964866
0.797468
0.999969
0.997996
0.797303
0.999116
0.998425
0.998876
0.995289
0.99998
0.951255
0.964468
0.999968
0.994838
0.878404
0.93035
0.979755
0.999864
0.992715
0.999819
0.998324
0.853328
0.734895
0.948369
0.928394
0.999992
0.961422
0.999944
0.997291
0.856423
0.811986
0.968304
0.992383
0.99998
0.994144
0.972685
0.978082
0.944183
0.999934
0.947365
0.983701
0.98685
0.99772
0.999978
0.950087
0.998864
0.996124
0.996882
0.999634
0.999966
0.999994
0.944482
0.947075
0.999988
0.888439
0.977729
0.975544
0.982622
0.889301
0.999947
0.99905
0.96447
0.975962
0.99996
0.961864
0.979755
0.996786
0.999987
0.966406
0.906139
0.996298
0.947577
0.949399
0.965135
0.999966
0.999996
0.999963
0.999922
0.969823
0.969061
0.882629
0.993735
0.999976
0.999981
0.871515
0.999976
0.998457
0.999333
0.992981
0.961432
0.955996
0.948321
0.785173
0.99999
0.998148
0.996989
0.92386
0.781192
0.99436
0.995645
0.999948
0.999988
0.988408
0.985146
0.935778
0.996883
0.815295
0.998197
0.982982
0.999979
0.999976
0.738109
0.99992
0.844041
0.94539
0.999959
0.994894
0.650054
0.984433
0.940917
0.999054
0.978282
0.998015
0.99998
0.992273
0.999272
0.999794
0.972362
0.999988
0.999906
0.999985
0.998732
0.907822
0.980945
0.964318
0.870351
0.999996
0.942704
0.999979
0.999975
0.979585
0.95668
0.999976
0.943729
0.827884
0.978996
0.786084
0.99603
0.997243
0.956613
0.999834
0.956341
0.999984
0.846238
0.971806
0.904985
0.999948
0.999657
0.993742
0.999978
0.96429
0.999975
0.999984
0.965439
0.922411
0.810168
0.964994
0.983524
0.999291
0.9954
0.908952
0.989247
0.999971
0.814523
0.999928
0.759698
0.947874
0.999995
0.999966
0.973249
0.999993
0.932148
0.998658
0.967025
0.999998
0.99996
0.690699
0.999987
0.999987
0.99998
0.999978
0.992527
0.999975
0.978996
0.997171
0.929756
0.99931
0.999978
0.996537
0.999977
0.814937
0.999962
0.952492
0.996543
0.985758
0.998858
0.932341
0.999341
0.995105
0.951862
0.999946
0.964994
0.99999
0.998347
0.999952
0.999975
0.989329
0.999982
0.996912
0.91553
0.9845
0.825303
0.999634
0.986296
0.980617
0.864759
0.999971
0.989043
0.998887
0.981099
0.99956
0.973756
0.996575
0.990914
0.99998
0.882302
0.969413
0.999248
0.997291
0.976981
0.965086
0.996203
0.999985
0.997021
0.972642
0.997296
0.999712
0.999995
0.970755
0.992401
0.999667
0.999693
0.99576
0.999985
0.999917
0.998995
0.999979
0.999181
0.954549
0.999554
0.995164
0.993142
0.960844
0.96044
0.994985
0.99993
0.931574
0.985001
0.963951
0.97809
0.992991
0.749617
0.983463
0.999655
0.999967
0.951255
0.836304
0.949163
0.947287
0.997024
0.99701
0.994023
0.867039
0.999935
0.988698
0.891924
0.999963
0.99998
0.992051
0.879078
0.883469
0.908978
0.95893
0.994818
0.999994
0.999991
0.998371
0.999973
0.874765
0.929756
0.986676
0.79909
0.999981
0.945681
0.999807
0.9954
0.999122
0.801412
0.802349
0.999848
0.920187
0.993189
0.997022
0.999848
0.99999
0.928867
0.99992
0.984073
0.980979
0.980881
0.999983
0.999928
0.999062
0.971696
0.959031
0.999878
0.911842
0.99986
0.999974
0.833095
0.98468
0.997929
0.986216
0.99106
0.994062
0.966443
0.963909
0.999986
0.998549
0.997893
0.989861
0.999836
0.999991
0.645535
0.823862
0.999977
0.999979
0.930922
0.999436
0.898886
0.998712
0.988405
0.999992
0.997152
0.999674
0.99998
0.999972
0.907027
0.908077
0.998017
0.706793
0.999946
0.994494
0.977562
0.861005
0.999982
0.999966
0.993847
0.977587
0.990802
0.96026
0.999962
0.992794
0.999984
0.999964
0.999971
0.994483
0.980082
0.988393
0.999979
0.989029
0.999985
0.999986
0.999995
0.999993
0.999454
0.957926
0.948879
0.910884
0.960181
0.963883
0.816762
0.99976
0.893411
0.961234
0.996524
0.999807
0.989578
0.999982
0.979584
0.987666
0.738143
0.987354
0.948615
0.781713
0.983296
0.999977
0.999347
0.994125
0.998724
0.854843
0.965547
0.999686
0.995718
0.840768
0.995807
0.999905
0.999984
0.999984
0.99101
0.999981
0.99999
0.984281
0.994691
0.786888
0.9951
0.999934
0.999952
0.991765
0.987639
0.975482
0.928148
0.999992
0.977562
0.996361
0.998245
0.975999
0.974472
0.900354
0.888371
0.783852
0.986873
0.956008
0.971942
0.999668
0.999885
0.999986
0.999973
0.999976
0.748331
0.845073
0.980341
0.86103
0.961449
0.986676
0.996546
0.999997
0.999738
0.938824
0.999999
0.991439
0.988918
0.999857
0.999999
0.977789
0.867832
0.999948
0.975149
0.999934
0.999991
0.996122
0.959081
0.945611
0.955069
0.984085
0.99895
0.988333
0.999955
0.738264
0.893914
0.97889
0.999344
0.996252
0.999942
0.993695
0.999941
0.938528
0.976201
0.998727
0.960624
0.968093
0.796625
0.990939
0.883279
0.99059
0.929123
0.980561
0.999687
0.999728
0.749581
0.74331
0.991281
0.992991
0.976935
0.999967
0.999359
0.988333
0.999987
0.991361
0.973246
0.999758
0.966744
0.991608
0.999992
0.999989
0.999991
0.998236
0.857636
0.975232
0.999982
0.999982
0.999995
0.987932
0.965135
0.995479
0.999328
0.817147
0.999989
0.999923
0.951572
0.999878
0.999894
0.999236
0.959227
0.994852
0.999985
0.999787
0.999986
0.996693
0.999954
0.999973
0.987969
0.969315
0.990019
0.997836
0.981779
0.999986
0.979323
0.844282
0.97679
0.999868
0.99663
0.999851
0.99948
0.99634
0.904887
0.974238
0.999993
0.999982
0.99999
0.991513
0.986948
0.999984
0.957333
0.823823
0.88796
0.947515
0.999992
0.998348
0.945459
0.999914
0.975022
0.996853
0.882901
0.994454
0.97377
0.999757
0.999993
0.999899
0.988706
0.979585
0.979956
0.997605
0.996717
0.998326
0.959297
0.996284
0.930805
0.844223
0.86804
0.970755
0.999989
0.999851
0.998084
0.99724
0.999985
0.878852
0.959987
0.999894
0.858281
0.999954
0.997458
0.949232
0.999967
0.988706
0.999323
0.999945
0.99529
0.991923
0.776364
0.980447
0.999986
0.888015
0.967867
0.862591
0.998261
0.999704
0.976007
0.830801
0.880874
0.999982
0.999976
0.999482
0.99967
0.999988
0.999869
0.999964
0.999907
0.999977
0.924834
0.946428
0.992502
0.992669
0.919086
0.974295
0.98804
0.975181
0.999992
0.999982
0.961159
0.99979
0.999949
0.999982
0.970911
0.978781
0.944849
0.997052
0.753221
0.981822
0.969627
0.994999
0.87483
0.999941
0.992888
0.996051
0.999919
0.999977
0.999989
0.999994
0.999948
0.966547
0.963488
0.933694
0.982615
0.995017
0.999878
0.99997
0.984405
0.936926
0.999985
0.990885
0.999988
0.999935
0.934652
0.99999
0.999898
0.875905
0.999992
0.998542
0.99995
0.995769
0.796974
0.999985
0.972428
0.786659
0.999983
0.948866
0.99995
0.646442
0.999573
0.999965
0.99883
0.806474
0.999898
0.975232
0.997912
0.837835
0.999976
0.929709
0.999982
0.99888
0.999981
0.991595
0.971547
0.994132
0.999533
0.999885
0.999984
0.999738
0.999486
0.82164
0.985719
0.996569
0.999987
0.946305
0.950041
0.999984
0.999981
0.972448
0.999125
0.954399
0.990914
0.999923
0.978684
0.869202
0.988429
0.998978
0.999984
0.933416
0.947515
0.999983
0.999985
0.999981
0.97097
0.999342
0.987127
0.999843
0.968034
0.954175
0.944579
0.880874
0.999516
0.999991
0.999993
0.821485
0.999988
0.951929
0.98378
0.97829
0.985063
0.999934
0.906303
0.980434
0.999855
0.999994
0.999985
0.998662
0.997038
0.99994
0.999985
0.971693
0.99983
0.999118
0.93883
0.999668
0.987576
0.999979
0.988429
0.880174
0.994718
0.990612
0.99998
0.980082
0.991573
0.988818
0.871451
0.995325
0.995885
0.797492
0.999968
0.948526
0.987694
0.999967
0.982197
0.999984
0.960659
0.999965
0.999974
0.918762
0.995793
0.891589
0.856397
0.986485
0.999973
0.95857
0.896922
0.976621
0.977882
0.999991
0.995863
0.999995
0.99988
0.993843
0.998357
0.999985
0.937907
0.990606
0.989414
0.918245
0.999941
0.999987
0.954736
0.999966
0.999632
0.999983
0.943025
0.999296
0.95644
0.993721
0.953
0.999858
0.999972
0.999116
0.757366
0.999977
0.914211
0.978251
0.972978
0.999992
0.999993
0.999758
0.999972
0.994384
0.999907
0.999819
0.784288
0.999984
0.99998
0.9589
0.998288
0.999845
0.989823
0.999988
0.860303
0.999991
0.867587
0.999984
0.981539
0.998624
0.997068
0.984008
0.998044
0.936255
0.964958
0.929709
0.999477
0.999881
0.984008
0.999986
0.803788
0.999975
0.999961
0.968327
0.979953
0.999997
0.990454
0.927599
0.998013
0.999996
0.964858
0.964708
0.988628
0.898669
0.949717
0.999994
0.987242
0.999843
0.99921
0.988166
0.925692
0.999496
0.996339
0.993132
0.958376
0.958844
0.999655
0.946293
0.998238
0.999965
0.999945
0.955956
0.999986
0.975482
0.965517
0.999941
0.928841
0.97215
0.979449
0.959683
0.969484
0.972955
0.999742
0.988166
0.999616
0.985212
0.999985
0.988479
0.999037
0.999906
0.999967
0.999992
0.901745
0.919283
0.997828
0.970114
0.993585
0.990568
0.990397
0.995342
0.999869
0.999082
0.999986
0.982901
0.973404
0.999999
0.999898
0.872903
0.999986
0.998438
0.85852
0.994182
0.999984
0.999992
0.997581
0.999982
0.999955
0.896213
0.86845
0.99951
0.982495
0.848974
0.999947
0.982875
0.999692
0.987666
0.959715
0.824114
0.999953
0.99999
0.999991
0.999984
0.999238
0.94916
0.982536
0.99989
0.975557
0.999993
0.981661
0.998847
0.999985
0.999981
0.963265
0.639282
0.823527
0.99998
0.894931
0.996204
0.999998
0.999987
0.999958
0.999685
0.935724
0.996609
0.910753
0.999991
0.99977
0.99986
0.999988
0.999486
0.990023
0.999994
0.999099
0.999016
0.997479
0.993112
0.999719
0.993522
0.992273
0.997638
0.932459
0.999132
0.903947
0.887179
0.999961
0.97467
0.981942
0.999976
0.99911
0.999998
0.99974
0.999983
0.999946
0.99911
0.969537
0.89509
0.968232
0.999987
0.970114
0.791293
0.999632
0.999991
0.999904
0.97727
0.989029
0.997022
0.937556
0.999965
0.999923
0.999587
0.95494
0.996882
0.978273
0.897769
0.992527
0.999997
0.968487
0.999917
0.999998
0.984027
0.999997
0.999917
0.962162
0.999982
0.987346
0.99561
0.825701
0.999949
0.999989
0.977402
0.930375
0.935105
0.844746
0.994585
0.99994
0.999981
0.995525
0.937858
0.992313
0.999979
0.950462
0.990715
0.999993
0.998426
0.990711
0.998184
0.99999
0.999987
0.940165
0.950821
0.865387
0.99977
0.99979
0.94514
0.999127
0.919283
0.987026
0.999685
0.807153
0.994564
0.996392
0.985202
0.99525
0.989029
0.979396
0.99989
0.999989
0.948951
0.880792
0.999974
0.999952
0.999968
0.99999
0.986781
0.999895
0.994869
0.999989
0.999497
0.999552
0.989788
0.988619
0.92549
0.930893
0.999988
0.999986
0.999973
0.994764
0.999992
0.999982
0.99973
0.999955
0.939992
0.999801
0.985645
0.957753
0.999928
0.999992
0.988405
0.975986
0.99937
0.950487
0.981065
0.99995
0.999971
0.99724
0.998887
0.869047
0.999687
0.935955
0.991217
0.999918
0.994964
0.999985
0.99871
0.999905
0.999994
0.962467
0.999903
0.999986
0.953515
0.990829
0.999919
0.999989
0.932988
0.999983
0.973481
0.99999
0.944854
0.969116
0.941811
0.983044
0.995421
0.999097
0.999729
0.998992
0.999897
0.99829
0.999979
0.815277
0.999849
0.999985
0.99994
0.919987
0.964321
0.991503
0.999913
0.999986
0.999944
0.991737
0.973014
0.999146
0.842984
0.999948
0.896618
0.993514
0.994325
0.999962
0.933369
0.987743
0.987012
0.962626
0.814819
0.993741
0.993173
0.999995
0.99
0.957161
0.999672
0.996749
0.987802
0.998526
0.966713
0.790618
0.997558
0.999995
0.999952
0.998246
0.977647
0.995093
0.995584
0.987034
0.950481
0.98878
0.998225
0.999985
0.999913
0.988427
0.999953
0.999991
0.999922
0.972362
0.999982
0.999988
0.999927
0.995665
0.996941
0.956479
0.947705
0.999959
0.999709
0.990184
0.991048
0.9694
0.999054
0.999975
0.99438
0.976919
0.965853
0.999989
0.99999
0.989139
0.818484
0.999902
0.99997
0.989585
0.999906
0.974793
0.848073
0.804064
0.999732
0.939046
0.999973
0.901899
0.967288
0.999721
0.981536
0.881137
0.999998
0.987034
0.999992
0.996394
0.910717
0.999918
0.996256
0.952035
0.982291
0.897348
0.999865
0.99993
0.986902
0.72062
0.999699
0.998852
0.999991
0.929641
0.918208
0.999989
0.999381
0.999746
0.999967
0.997551
0.998761
0.985212
0.999968
0.994494
0.993467
0.978378
0.888173
0.998006
0.999948
0.991758
0.988998
0.999994
0.999955
0.984901
0.965699
0.986243
0.999943
0.999958
0.999954
0.929623
0.999912
0.999906
0.999995
0.999978
0.876517
0.949463
0.948385
0.881619
0.996171
0.999142
0.972197
0.999308
0.987889
0.987474
0.999861
0.801214
0.956442
0.971628
0.989223
0.999301
0.999899
0.989624
0.999995
0.966034
0.987302
0.876517
0.99997
0.999993
0.999998
0.909454
0.999451
0.927938
0.983602
0.993112
0.999955
0.995256
0.989882
0.999928
0.999921
0.804654
0.966443
0.898308
0.995624
0.994325
0.999991
0.999981
0.965675
0.999993
0.999982
0.999941
0.996816
0.991776
0.999932
0.988804
0.995034
0.999961
0.984576
0.999972
0.955627
0.997685
0.993279
0.999981
0.999988
0.999989
0.75135
0.999685
0.99999
0.960133
0.986121
0.999937
0.987474
0.929641
0.999118
0.999894
0.999967
0.847417
0.985465
0.834059
0.94007
0.999988
0.999994
0.990061
0.990247
0.999966
0.995419
0.930733
0.999989
0.99991
0.987543
0.982529
0.999982
0.999978
0.987568
0.99907
0.99525
0.999864
0.970208
0.999988
0.999862
0.999988
0.999986
0.999994
0.975579
0.999798
0.993865
0.999987
0.999937
0.972057
0.9992
0.969516
0.962628
0.999976
0.999994
0.97544
0.999251
0.997678
0.993924
0.961563
0.949133
0.999974
0.999981
0.973481
0.93561
0.937103
0.968978
0.999948
0.999929
0.994465
0.999979
0.999125
0.999721
0.796094
0.995607
0.99996
0.999988
0.999992
0.995336
0.999992
0.999892
0.979954
0.999983
0.952141
0.99997
0.996018
0.946305
0.93888
0.999983
0.990842
0.920141
0.933112
0.959538
0.987125
0.973301
0.999979
0.992357
0.999988
0.999988
0.999971
0.999984
0.999984
0.950941
0.999758
0.999986
0.999988
0.997082
0.994563
0.999903
0.890205
0.999989
0.87383
0.983841
0.954961
0.999962
0.984022
0.999967
0.95597
0.999989
0.825357
0.97467
0.999964
0.961234
0.999989
0.999987
0.998255
0.999234
0.999978
0.999989
0.92448
0.999989
0.781145
0.999994
0.790242
0.999991
0.999998
0.998524
0.999673
0.999938
0.999912
0.915493
0.925963
0.998087
0.999772
0.986358
0.995838
0.998039
0.999993
0.945588
0.959604
0.955682
0.876748
0.999973
0.966399
0.99999
0.952582
0.997149
0.991513
0.998167
0.928494
0.994564
0.999927
0.999997
0.999675
0.95822
0.999957
0.969468
0.9998
0.885581
0.999919
0.971678
0.962339
0.984841
0.994965
0.999194
0.962628
0.999906
0.991108
0.999957
0.960096
0.999988
0.999953
0.999906
0.999953
0.99476
0.973336
0.999798
0.999988
0.999962
0.999922
0.999988
0.989291
0.986781
0.999989
0.958897
0.973464
0.900804
0.999851
0.999964
0.984418
0.844712
0.928835
0.983763
0.99986
0.881634
0.867843
0.984052
0.965193
0.964295
0.995404
0.992492
0.999705
0.999996
0.969789
0.999989
0.999448
0.989159
0.967985
0.991578
0.905712
0.980895
0.999988
0.940075
0.966045
0.967169
0.892905
0.994965
0.996452
0.937676
0.962023
0.999972
0.999988
0.999066
0.999991
0.955655
0.98575
0.998492
0.996639
0.966722
0.993861
0.995119
0.990327
0.999924
0.999321
0.975007
0.930611
0.999992
0.99991
0.943729
0.95494
0.72675
0.960758
0.99959
0.991809
0.971538
0.999247
0.999997
0.99979
0.962023
0.966744
0.968073
0.999994
0.914091
0.999969
0.631035
0.999009
0.95911
0.775472
0.999927
0.998771
0.999371
0.99
0.984826
0.999994
0.98804
0.999992
0.969199
0.999989
0.999988
0.963184
0.999991
0.999972
0.990092
0.999949
0.995875
0.99675
0.998589
0.999992
0.807108
0.815349
0.986621
0.999989
0.997116
0.999941
0.991184
0.999991
0.999991
0.770804
0.999845
0.936054
0.80351
0.974272
0.999857
0.997022
0.98865
0.991411
0.999966
0.999981
0.997574
0.928335
0.984008
0.798788
0.999989
0.999988
0.999983
0.999365
0.999
0.999931
0.999987
0.997367
0.999986
0.958731
0.999719
0.981803
0.999935
0.999478
0.984905
0.999486
0.994955
0.963184
0.929263
0.999848
0.999991
0.99997
0.999865
0.999738
0.983796
0.999989
0.823825
0.999989
0.99995
0.960706
0.966399
0.987901
0.998848
0.999622
0.999994
0.906133
0.801337
0.999994
0.999818
0.999836
0.717772
0.798591
0.889301
0.99745
0.959481
0.871158
0.999984
0.950769
0.793951
0.879076
0.999995
0.999979
0.998283
0.999435
0.986093
0.917443
0.982339
0.924644
0.999827
0.876813
0.994482
0.930611
0.997897
0.999746
0.999053
0.789217
0.999982
0.990019
0.968973
0.983414
0.924171
0.999996
0.999962
0.996113
0.949297
0.999991
0.999724
0.993612
0.933584
0.841996
0.999989
0.98575
0.999997
0.999967
0.999965
0.94041
0.999967
0.999988
0.950344
0.959828
0.999517
0.999995
0.999998
0.98152
0.99997
0.995368
0.991635
0.938252
0.959683
0.941294
0.994838
0.999925
0.944897
0.999923
0.99315
0.986873
0.822131
0.999705
0.999959
0.999967
0.999701
0.999853
0.996452
0.997983
0.994513
0.999986
0.993674
0.950587
0.922541
0.999993
0.999984
0.994404
0.99995
0.973605
0.999988
0.957737
0.99991
0.999435
0.954383
0.999501
0.960282
0.999049
0.943972
0.999961
0.992246
0.989359
0.957432
0.999985
0.999991
0.718551
0.965699
0.980954
0.999982
0.797502
0.99438
0.999994
0.99994
0.926535
0.999972
0.97599
0.996027
0.999302
0.959706
0.998164
0.974021
0.988804
0.992145
0.807274
0.992361
0.964424
0.969738
0.964098
0.999922
0.989217
0.970886
0.99998
0.934324
0.999961
0.992623
0.999969
0.997826
0.999988
0.99986
0.998412
0.998593
0.99426
0.98865
0.999968
0.884134
0.999962
0.992289
0.99997
0.99939
0.955638
0.99997
0.955485
0.986729
0.98145
0.999988
0.999994
0.890519
0.999992
0.965844
0.999721
0.82517
0.957025
0.99993
0.993483
0.998052
0.966604
0.966099
0.999991
0.999961
0.999696
0.999944
0.860933
0.885047
0.739541
0.95816
0.999279
0.999991
0.878861
0.997762
0.98107
0.999991
0.999986
0.999991
0.993764
0.99959
0.999935
0.988595
0.843698
0.960667
0.994137
0.999971
0.999824
0.999961
0.967985
0.999961
0.999239
0.99291
0.988479
0.979449
0.999982
0.999953
0.944842
0.945893
0.999992
0.859544
0.999978
0.795237
0.931271
0.999967
0.806817
0.983555
0.923707
0.970704
0.999813
0.999082
0.746955
0.872555
0.999746
0.953061
0.999994
0.961681
0.925247
0.914175
0.995177
0.999917
0.997598
0.99999
0.984301
0.999989
0.999948
0.999988
0.927627
0.988408
0.96675
0.999308
0.98348
0.983988
0.97498
0.999991
0.939344
0.989247
0.999218
0.999965
0.997601
0.957171
0.95749
0.977063
0.922803
0.924644
0.999898
0.989991
0.999574
0.99946
0.945341
0.999809
0.97334
0.990768
0.791164
0.99996
0.96367
0.985389
0.99999
0.994191
0.943025
0.996159
0.998991
0.999852
0.999989
0.996645
0.999995
0.999994
0.989774
0.947768
0.94462
0.996134
0.96542
0.95092
0.751479
0.999906
0.930316
0.99999
0.966202
0.909389
0.999037
0.999935
0.836535
0.999934
0.999965
0.997717
0.953451
0.999181
0.999989
0.982115
0.999393
0.966734
0.991322
0.999955
0.999568
0.977424
0.999784
0.99713
0.999109
0.991184
0.99476
0.999739
0.999874
0.99996
0.999945
0.999998
0.999762
0.86945
0.937905
0.972312
0.993088
0.955889
0.999991
0.999998
0.99675
0.999945
0.983197
0.984442
0.932935
0.9857
0.880934
0.999999
0.999702
0.988268
0.999332
0.99994
0.99106
0.958624
0.999903
0.982901
0.958123
0.881349
0.999934
0.997542
0.995256
0.997889
0.982881
0.999037
0.999991
0.999995
0.999996
0.99991
0.990476
0.999281
0.999646
0.931271
0.690619
0.999292
0.992176
0.850649
0.999397
0.99879
0.999853
0.994835
0.999688
0.999987
0.915504
0.999838
0.958025
0.990715
0.972778
0.999631
0.999998
0.999986
0.981503
0.993405
0.989387
0.999541
0.999991
0.95696
0.999598
0.97476
0.999647
0.99885
0.94828
0.993669
0.931208
0.999935
0.999934
0.999977
0.987065
0.990663
0.973169
0.980563
0.993606
0.998604
0.862399
0.999929
0.999995
0.999997
0.99998
0.983014
0.99904
0.99434
0.99425
0.98132
0.999925
0.999944
0.973169
0.985167
0.989901
0.989951
0.999921
0.999984
0.94165
0.950907
0.910884
0.999911
0.999941
0.909389
0.999994
0.999949
0.99643
0.964724
0.975829
0.994025
0.992509
0.999008
0.998559
0.999721
0.999995
0.998738
0.999128
0.953995
0.999796
0.999915
0.874378
0.975617
0.994677
0.952396
0.965916
0.999854
0.964835
0.999997
0.999966
0.999424
0.941145
0.984191
0.999943
0.940551
0.988252
0.999992
0.999764
0.999903
0.929484
0.999959
0.999536
0.999983
0.967104
0.990499
0.999997
0.999051
0.999976
0.999997
0.999336
0.961402
0.851505
0.946293
0.995715
0.988086
0.99998
0.964254
0.999959
0.999907
0.979392
0.994189
0.991144
0.999255
0.999555
0.99291
0.99993
0.979923
0.959823
0.78944
0.999992
0.999991
0.998655
0.999937
0.999993
0.999992
0.931208
0.934509
0.955383
0.828138
0.982949
0.999935
0.970964
0.900422
0.999952
0.994488
0.923995
0.974424
0.99995
0.99701
0.960342
0.998412
0.997309
0.769455
0.999945
0.969412
0.999948
0.999996
0.958119
0.893439
0.881488
0.98879
0.999863
0.999972
0.948428
0.691465
0.998116
0.929444
0.999992
0.995421
0.999997
0.992361
0.998682
0.969116
0.999998
0.991072
0.99315
0.992413
0.871218
0.999997
0.999904
0.985117
0.98329
0.999991
0.999995
0.996113
0.954549
0.955166
0.994948
0.991635
0.999372
0.993028
0.947287
0.999993
0.961713
0.949652
0.965916
0.956341
0.993254
0.999928
0.921302
0.988086
0.811576
0.956173
0.973278
0.999998
0.925915
0.990836
0.999999
0.997729
0.999881
0.999828
0.985966
0.952662
0.999645
0.939639
0.999797
0.975409
0.869984
0.999987
0.995115
0.79473
0.998132
0.968096
0.999903
0.999975
0.910541
0.786962
0.999947
0.994762
0.999931
0.999968
0.798039
0.976805
0.999993
0.999871
0.984467
0.867912
0.975432
0.960089
0.999972
0.998952
0.820393
0.999964
0.985966
1
0.964324
0.999997
0.995132
0.830436
0.922426
0.999956
0.999864
0.999655
0.892654
0.995709
0.999996
0.970677
0.99955
0.999985
0.960667
0.997155
0.961147
0.999993
0.973301
0.903963
0.98675
0.999965
0.963158
0.897042
0.999832
0.999994
0.993565
0.999926
0.99635
0.99995
0.999354
0.967263
0.978378
0.992083
0.998601
0.99996
0.997031
0.999915
0.998429
0.824628
0.9979
0.999998
0.962617
0.931173
0.999964
0.976621
0.999931
0.695559
0.999965
0.999996
0.980232
0.999817
0.871903
0.945162
0.999245
0.878397
0.999822
0.99661
0.999934
0.998051
0.999291
0.999919
0.982652
0.993346
0.999925
0.999996
0.999841
0.984696
0.973756
0.997016
0.997472
0.999999
0.998488
0.943336
0.980076
0.978994
0.999444
0.989504
0.896727
0.997777
0.995936
0.993437
0.987543
0.945626
0.99941
0.823754
0.999827
0.999925
0.975998
0.999927
0.999948
0.999953
0.999816
0.999453
0.999809
0.999883
0.997552
0.985925
0.999943
0.997499
0.964858
0.98064
0.938601
0.991126
0.999974
0.999961
0.962183
0.77334
0.999854
0.947705
0.99003
0.993846
0.985611
0.999586
0.999988
0.95547
0.99909
0.956437
0.985611
0.991862
1
0.999995
0.999894
0.975829
0.981539
0.999989
0.97096
0.947045
0.824193
0.999296
0.997327
0.974194
0.990726
0.984751
0.965016
0.989642
0.799115
0.997526
0.893425
0.838768
0.999997
0.999618
0.999967
0.829664
0.950956
0.94705
0.994972
0.954153
0.951603
0.999877
0.999996
0.950961
0.999934
0.999814
0.937466
0.998436
0.978559
0.997952
0.959958
0.975617
0.999683
0.965678
0.999996
0.999996
0.999884
0.999992
0.999895
0.999947
0.999981
0.991862
0.88114
0.999993
0.999875
0.999963
0.995719
0.9845
0.999995
0.792745
0.993879
0.999997
0.89202
0.956139
0.999984
0.999862
0.988782
0.996901
0.999878
0.998164
0.999453
0.931173
0.998874
0.999933
0.957287
0.999995
0.999865
0.999963
0.999685
0.952761
0.999993
0.995387
0.984944
0.999993
0.996301
0.942045
0.978951
0.988695
0.969021
0.999911
0.999992
0.947216
0.994871
0.985163
0.93
0.995719
0.99989
0.95597
0.999898
0.966053
0.947899
0.998689
0.999997
0.93201
0.99971
0.994034
0.987948
0.999996
0.997877
0.999933
0.974039
0.998276
0.993297
0.971275
0.999962
0.999932
0.999764
0.999993
0.783648
0.999993
0.999952
0.999945
0.874745
0.99652
0.999998
0.965313
0.944599
0.97544
0.99951
0.950747
0.947822
0.999956
0.999994
0.970876
0.929827
0.968073
0.998227
0.959926
0.999344
0.99997
0.999994
0.95985
0.965678
0.999523
0.99452
0.951519
0.957492
0.999871
0.999928
0.999735
0.695029
0.999985
0.983072
0.995648
0.987945
0.924045
0.976917
0.999962
0.999376
0.99997
0.9708
0.933493
0.999951
0.999994
0.715694
0.999908
0.975409
0.993884
0.999538
0.991349
0.954003
0.895613
0.999963
0.982648
0.996909
0.996273
0.999744
0.989493
0.999977
0.953884
0.999856
0.999987
0.999996
0.966722
0.987502
0.951822
0.827042
0.999991
0.966438
0.999922
0.979366
0.975635
0.995715
0.979392
0.992441
0.999936
0.999991
0.999776
0.999932
0.910761
0.990504
0.934596
0.892539
0.998871
0.871041
0.958279
0.999996
0.999844
0.859391
0.999998
0.95434
0.992967
0.998944
0.999994
0.999904
0.702288
0.995875
0.999345
0.999924
0.999963
0.992125
0.999927
0.999928
0.848784
0.975676
0.996984
0.999925
0.971617
0.999621
0.999995
0.999882
0.999901
0.9535
0.999973
0.881635
0.972321
0.99995
0.999035
0.999995
0.93
0.99995
0.928518
0.999844
0.994191
0.998285
0.998637
0.997746
0.889042
0.981102
0.93733
0.999253
0.971806
0.999988
0.999878
0.997831
0.999996
0.999956
0.691933
0.933493
0.943006
0.984429
0.999994
0.976407
0.969412
0.853586
0.890215
0.994739
0.984429
0.986121
0.896727
0.99997
0.998412
0.970091
0.999994
0.997309
0.966604
0.999909
0.999995
0.999963
0.999976
0.99996
0.999839
0.999579
0.980979
0.760853
0.999176
0.99351
0.96006
0.99614
0.933432
0.999651
0.975818
0.99999
0.99936
0.991924
0.897976
0.729535
0.995937
0.992314
0.826451
0.999996
0.99995
0.999997
0.997925
0.994105
0.954961
0.863555
0.957277
0.959478
0.999961
0.999903
0.999969
0.951883
0.999944
0.946197
0.686354
0.789363
0.989614
0.999351
0.999921
0.999927
0.999793
0.999989
0.999995
0.931878
0.996488
0.99147
0.794591
0.99635
0.959504
0.846168
0.951968
0.999862
0.999984
0.999753
0.96869
0.999908
0.999997
0.999998
0.999962
0.941142
0.999917
0.867852
0.877347
0.995256
0.999959
0.999995
0.961116
0.972351
0.965709
0.924877
0.978388
0.813699
0.799742
0.999982
0.99995
0.999962
0.942556
0.999973
0.999994
0.978624
0.992999
0.971881
0.999797
0.999987
0.950227
0.931041
0.934622
0.959783
0.882967
0.990856
0.994828
0.836231
0.937627
0.983964
0.999993
0.999942
0.747602
0.99999
0.997564
0.983695
0.999831
0.999919
0.99999
0.999893
0.985433
0.999995
0.600041
0.964321
0.999744
0.999994
0.999758
0.999976
0.999985
0.809873
0.999881
0.971057
0.99998
0.995987
0.998959
0.854799
0.999995
0.999998
0.929123
0.998999
0.985938
0.940533
0.997826
0.999983
0.998759
0.999995
0.963798
0.999919
0.984995
0.999933
0.897054
0.999994
0.949717
0.999994
0.883002
0.999947
0.999995
0.999797
0.999995
0.956733
0.999998
0.993721
0.993402
0.914964
0.862725
0.99991
0.993483
0.991025
0.970039
0.988092
0.999994
0.999999
0.997708
0.964199
0.984995
0.999934
0.891775
0.964022
0.999828
0.997687
0.914838
0.996421
0.999905
0.991104
0.895177
0.999999
0.999995
0.997711
0.999274
0.999978
0.999991
0.669542
0.99863
0.95547
0.998164
0.999979
0.976917
0.999966
0.999994
0.999998
0.981612
0.951206
0.996333
0.945128
0.996982
0.938653
0.937553
0.999912
0.999871
0.999899
0.978223
0.907222
0.999986
0.901088
0.998997
0.972461
0.991523
0.971505
0.999903
0.999988
0.930367
0.958455
0.986342
0.999892
0.99987
0.912814
0.988047
0.884824
0.968304
0.999994
0.999919
0.999955
0.910373
0.935135
0.904347
0.999912
0.975397
0.999997
0.988513
0.996196
0.999871
0.999448
0.997942
0.943143
0.999982
0.99991
0.999873
0.998276
0.983555
0.982175
0.809715
0.99958
0.999809
0.999972
0.999991
0.916875
0.999744
0.999896
0.900217
0.754042
0.965206
0.896892
0.990992
0.780135
0.99996
0.999995
0.981263
0.999613
0.999979
0.883021
0.9866
0.840412
0.988578
0.999986
0.99012
0.993559
0.934775
0.843454
0.999997
0.975619
0.999998
0.866964
0.998688
0.944897
0.984687
0.999888
0.999995
0.999997
0.999955
0.949077
0.968746
0.994715
0.999993
0.995867
0.984687
0.993821
0.999496
0.843187
0.999932
0.999995
0.999985
0.999783
0.952344
0.87164
0.999947
0.999463
0.985919
0.999995
0.999877
0.99965
0.999811
0.964982
0.895203
0.999996
0.98152
0.999993
0.992942
0.984027
0.998324
0.874533
0.996095
0.968963
0.895973
0.999891
0.999994
0.999911
0.999763
0.997686
0.937246
0.951524
0.98447
0.96723
0.999951
0.990264
0.999994
0.999266
0.998073
0.999997
0.954671
0.983197
0.999997
0.999993
0.844944
0.994874
0.98392
0.973674
0.999949
0.99986
0.988744
0.981315
0.77627
0.998164
0.985926
0.999898
0.99998
0.999781
0.999998
0.997163
0.999968
0.999147
0.90872
0.995833
0.99992
0.970963
0.948415
0.999677
0.999995
0.999434
0.901088
0.999903
0.999919
0.999996
0.996982
0.996836
0.98248
0.999978
0.993402
0.959138
0.99887
0.999933
0.998612
0.996232
0.964557
0.994867
0.938803
0.999096
0.946306
0.999753
0.999998
0.999883
0.999997
0.959346
0.843483
0.878707
0.999334
0.999993
0.99993
0.999704
0.999764
0.99998
0.999963
0.963074
0.970693
0.810691
0.99168
0.995619
0.999989
0.999976
0.811415
0.999987
0.984643
0.942582
0.999911
0.999197
0.999867
0.984445
0.988995
0.938275
0.994751
0.995398
0.99999
0.999993
0.995512
0.99512
0.988468
0.984445
0.989223
0.999993
0.896516
0.99996
0.841481
0.999981
0.9409
0.999988
0.977906
0.999925
0.983964
0.957613
0.953947
0.99202
0.77853
0.91764
0.964118
0.999881
0.999996
0.922108
0.999732
0.996183
0.829331
0.968032
0.969438
0.999938
0.999547
0.999995
0.999995
0.987216
0.999969
0.999996
0.982258
0.999912
0.998016
0.993205
0.974319
0.999998
0.995859
0.999967
0.989835
0.999996
0.999974
0.999994
0.993401
0.999996
0.999879
0.993522
0.99959
0.845316
0.999996
0.999871
0.999992
0.993634
0.995613
0.968917
0.976737
0.999928
0.996524
0.987616
0.999995
0.999993
0.946827
0.981028
0.810479
0.999994
0.99989
0.935838
0.999973
0.999827
0.992125
0.999998
0.99202
0.844639
0.991244
0.945162
0.999593
0.982949
0.95971
0.993742
0.999999
0.983701
0.953392
0.999994
0.999998
0.999961
0.999975
0.988896
0.99989
0.988768
0.999999
0.986467
0.999983
0.999497
0.975635
0.982177
0.969582
0.97829
0.999893
0.97952
0.879646
0.99996
0.999975
0.998419
0.999947
0.980714
0.770846
0.995044
0.999794
0.98841
0.951968
0.946961
0.999927
0.999899
0.878144
0.999997
0.999865
0.961879
0.945459
0.999999
0.950005
0.999907
0.942737
0.95934
0.999765
0.952702
0.999991
0.981002
0.993702
0.999875
0.999991
0.99492
0.999996
0.999299
0.999547
0.910174
0.999785
0.999903
0.999993
0.999951
0.999914
0.974922
0.999895
0.985492
0.999996
0.967288
0.999997
0.999932
0.999991
0.999833
0.954097
0.998245
0.993863
0.99995
0.999208
0.777433
0.99328
0.999358
0.98587
0.985767
0.984172
0.936914
0.970985
0.983559
0.984643
0.998572
0.999923
0.994513
0.999998
0.999996
0.565702
0.995755
0.971437
0.984172
0.999993
0.999996
0.999971
0.99998
0.999951
0.869278
0.999999
0.886736
0.950657
0.999988
0.996896
0.980833
0.980106
0.998808
0.999913
0.999924
0.996062
0.999066
0.990662
0.999999
0.989159
0.999997
0.997087
0.999996
0.999978
0.999898
0.999983
0.999952
0.999992
0.947377
0.988841
0.999959
0.897296
0.998393
0.999913
0.929346
0.999967
0.985163
0.951206
0.970551
0.951966
0.966841
0.965475
0.999998
0.945047
0.9996
0.999996
0.796881
0.982652
0.999996
0.975326
0.901278
0.948403
0.99456
0.999925
0.956105
0.97604
0.947803
0.999872
0.940509
0.982711
0.997219
0.999882
0.999904
0.968961
0.999951
0.999762
0.979743
0.999996
0.999993
0.999965
0.866543
0.810112
0.999917
0.948873
0.999976
0.998284
0.999918
0.991638
0.999992
0.999767
0.999997
0.894178
0.999997
0.999394
0.9561
0.98539
0.999998
0.999998
0.999502
0.998618
0.958806
0.999961
0.950807
0.732896
0.979743
0.979954
0.96867
0.99239
0.999345
0.999977
0.999845
0.97385
0.999835
0.946924
0.996756
0.966022
0.999997
0.999999
0.953526
0.960401
0.995565
0.997365
0.946392
0.999892
0.958347
0.962927
0.998252
0.999914
0.968397
0.999998
0.999919
0.999942
0.95071
0.993372
0.999986
0.98427
0.996702
0.999705
0.985919
0.925899
0.999995
0.99989
0.975573
0.991904
0.999993
0.961984
0.999808
0.999965
0.999965
0.999937
0.82164
0.799278
0.975743
0.988583
0.999858
0.999228
0.954278
0.99995
0.95482
0.999983
0.983898
0.982111
0.999994
0.940803
0.999976
0.999933
0.999996
0.941764
0.929346
0.787024
0.99939
0.989135
0.964666
0.999996
0.999999
0.949689
0.999997
0.999964
0.978727
0.999996
0.999918
0.767774
0.95418
0.996716
0.997526
0.814089
0.999998
0.99121
0.983898
0.999998
0.965413
0.925714
0.998872
0.897296
0.999828
0.964924
0.992949
0.99995
0.996526
0.999973
0.999997
0.956713
0.99098
0.99944
0.982762
0.999993
0.925963
0.999998
0.999872
0.956009
0.954304
0.999996
0.988958
0.902406
0.99995
0.997032
0.974125
0.999996
0.959872
0.95075
0.957282
0.97006
0.76403
0.999869
0.86269
0.99939
0.987517
0.932988
0.999957
0.995747
0.985174
0.947717
0.999926
0.959711
0.735832
0.840999
0.963109
0.999996
0.999268
0.999867
0.899255
0.999998
0.999892
0.999996
0.999058
0.999945
0.999995
0.999901
0.999995
0.999997
0.994762
0.988438
0.99149
0.750453
0.931982
0.9786
0.994198
0.999943
0.973985
0.991195
0.902697
0.976671
0.999983
0.99989
0.999926
0.851667
0.999881
0.807609
0.967976
0.999932
0.989159
0.96708
0.999991
0.994463
0.999766
0.985547
0.999767
0.992544
0.976813
0.999947
0.966973
0.999574
0.908751
0.912144
0.999989
0.999996
0.999996
0.999893
0.950747
0.999656
0.999959
0.999992
0.978754
0.999985
0.999855
0.995261
0.999519
0.993011
0.940573
0.999977
0.828186
0.809365
0.999884
0.999974
0.996746
0.928179
0.988492
0.999922
0.976612
0.998154
0.999955
0.999908
0.999929
0.999999
0.999553
0.999996
0.957559
0.891775
0.99994
0.987012
0.999836
0.999881
0.999969
0.992924
0.992847
0.924639
0.999888
0.999972
0.999823
0.999669
0.92465
0.999987
0.999995
0.99994
0.896195
0.782
0.975124
0.999975
0.949302
0.999984
0.991192
0.999997
0.99992
0.992008
0.978739
0.999873
0.990856
0.995658
0.999929
0.999997
0.990158
0.999846
0.935767
0.972339
0.872395
0.999997
0.964324
0.911624
0.94547
0.979563
0.999998
0.947112
0.999993
0.999857
0.997255
0.999993
0.926039
0.926985
0.885856
0.997667
0.999887
0.994125
0.958226
0.999102
0.967348
0.953287
0.981269
0.99102
0.999997
0.931878
0.9942
0.980494
0.999995
0.928039
0.808091
0.941222
0.974456
0.994462
0.902549
0.81089
0.98671
0.917141
0.974225
0.999996
0.918351
0.999865
0.982177
0.915723
0.973073
0.87338
0.999318
0.999999
0.828876
0.946848
0.999998
0.983555
0.95434
0.999918
0.997793
0.999995
0.875662
0.999866
0.992277
0.978481
0.966516
0.981362
0.775003
0.994924
0.964657
0.958455
0.999976
0.984263
0.953577
0.950657
0.973056
0.999699
0.999396
0.989494
0.938653
0.994558
0.998487
0.999991
0.999986
0.79309
0.999773
0.999886
0.975525
0.99995
0.998568
0.791008
0.957428
0.996303
0.999751
0.999908
0.999978
0.973073
0.999971
0.984648
0.999984
0.999967
0.982199
0.999831
0.999773
0.999894
0.997109
0.939659
0.968895
0.959997
0.981212
0.982479
0.998718
0.951966
0.999949
0.999997
0.999887
0.996452
0.999975
0.999999
0.978516
0.993939
0.950231
0.991691
0.991747
0.999487
0.98139
0.999908
0.999587
0.999967
0.996833
0.999998
0.804841
0.973056
0.999442
0.983169
0.982479
0.999963
0.994606
0.999964
0.999997
0.982207
0.980941
1
0.999853
0.999997
0.999995
0.999969
0.999997
0.999877
0.947468
0.990876
0.999465
0.990616
0.928545
0.999875
0.982427
0.999997
0.807986
1
0.819331
0.999767
0.997219
0.999182
0.984823
0.96032
0.999998
0.999996
0.999748
0.992883
0.968134
0.932904
0.996746
0.999817
0.855792
0.999997
0.873602
0.999883
0.972507
0.999866
0.995613
0.828513
0.992346
0.999996
0.797425
0.968959
0.999988
0.985149
0.999619
0.844278
0.857608
0.967978
0.926407
0.999996
0.999543
0.935291
0.999212
0.999976
0.998758
0.895132
0.999997
0.998533
0.957435
0.999995
0.999932
0.999998
0.955654
0.963862
0.974793
0.999944
0.777771
0.959087
0.999949
0.794817
0.999981
0.966074
0.942234
0.999998
0.999706
0.86561
0.999975
0.992685
0.999997
0.883669
0.983215
0.999999
0.999973
0.986778
0.990019
0.999345
0.999948
0.999945
0.990697
0.997793
0.985741
0.999123
0.972885
0.999997
0.934457
0.999859
0.94076
0.996404
0.999982
0.915088
0.999997
0.983215
0.999909
0.999826
0.978029
0.973404
0.869066
0.999937
0.978727
0.976661
0.999841
0.999849
0.982051
0.974205
0.871193
0.981612
0.999005
0.999908
0.999993
0.999948
0.979022
0.999997
0.999969
0.999886
0.944429
0.949398
0.940713
0.999992
0.999984
0.999101
0.999451
0.947717
0.952055
0.856225
0.966707
0.823053
0.995881
0.933759
0.951639
0.999948
0.999879
0.750978
0.999969
0.999993
0.983063
0.950375
0.949666
0.999996
0.702062
0.999997
0.965863
0.999997
0.966877
0.999999
0.940165
0.974717
0.999343
0.991553
0.995617
0.999999
0.999836
0.999016
0.763045
0.805259
0.999995
0.947731
0.998992
0.982638
0.999998
0.994302
0.957595
0.932202
0.987889
0.999983
0.9967
0.97867
0.97624
0.786168
0.999999
0.985167
0.999995
0.997914
0.999869
0.999997
0.985092
0.777893
0.944677
0.999995
0.953759
0.999983
0.999947
0.999002
0.981263
0.999998
0.840044
0.991551
0.999986
0.999982
0.982942
0.996394
0.974158
0.999996
0.94571
0.999998
0.999998
0.873944
0.699108
0.991737
0.973309
0.997986
0.948071
0.999998
0.970901
0.999983
0.999997
0.990829
0.999958
0.999998
0.969606
0.987044
0.992102
0.962003
0.984201
0.983774
0.997219
0.995102
0.999997
0.965998
0.990497
0.991177
0.985833
0.999935
0.999998
0.999938
0.790093
0.999984
0.999994
0.999947
0.949099
0.999893
0.95937
0.990923
0.999999
0.999877
0.973827
0.989129
0.999999
0.990606
0.999971
0.98849
0.999856
0.994114
0.826675
0.936923
0.999415
0.999917
0.948825
0.938873
0.992573
0.999999
0.999998
0.947468
0.995552
0.982942
0.982124
0.980493
0.999927
0.999995
0.999999
0.998656
0.94939
0.966067
0.983943
0.996599
0.99028
0.961556
0.999894
0.999997
0.968858
0.999744
0.882533
0.924242
0.981315
0.897239
0.998852
0.997281
0.999999
1
0.990539
0.999921
0.999579
0.992028
0.999957
0.999502
0.995842
0.994881
0.999971
0.913868
0.999983
0.99423
0.973427
0.953099
0.994976
0.958936
0.999952
0.995698
0.982892
0.999899
0.938624
0.870094
0.999997
0.91216
0.985465
0.986439
0.890153
0.998528
0.808297
0.998947
0.999982
0.999998
0.978263
0.959706
0.96455
0.999847
0.989266
0.880794
0.999999
0.832728
0.999967
0.99919
0.93659
0.867203
0.999867
0.999982
0.928205
0.998344
0.999973
0.999998
0.999999
0.999995
0.976544
0.998927
0.968673
0.999997
0.964272
0.994552
0.999995
0.999997
0.999914
0.952472
0.804156
0.999969
0.965457
0.999863
0.943012
0.999998
0.999527
0.999993
0.975743
0.999814
0.999998
0.999838
0.802532
0.848521
0.705081
0.998614
0.999959
0.945733
0.989221
0.959969
0.950646
0.962399
0.999999
0.99999
0.997049
0.918351
0.999797
0.971419
0.842301
0.99998
0.999999
0.960707
0.999981
0.970148
0.999975
0.995379
0.921873
0.999998
0.996021
0.971041
0.999891
1
0.95958
0.999991
0.823478
0.944914
0.999768
0.982673
0.984756
0.966111
0.999872
0.999988
0.996114
0.999948
0.936495
0.999948
0.999693
0.863849
0.995617
0.982673
0.975525
0.957428
0.954818
0.847276
0.998324
0.999988
0.999858
0.901895
0.839478
0.999998
0.99998
0.950332
0.987897
0.999999
0.984698
0.996389
0.982154
0.999854
0.999973
0.999943
0.991272
0.999996
0.99997
0.962932
0.999984
0.967657
0.999981
0.996108
0.998881
0.999255
0.964666
0.999915
0.999998
0.999983
0.988621
0.999998
0.919723
0.854509
0.942797
0.999925
0.995545
0.999422
0.999999
0.959022
0.753525
0.999892
0.812094
0.999999
0.993616
0.999999
0.940509
0.983323
0.999959
0.93821
0.999999
0.999882
0.999873
0.836535
0.988935
0.999991
0.665215
0.999969
0.999999
0.9881
0.967983
0.992663
0.999137
0.999948
0.94719
0.89306
0.999999
0.979239
0.992507
0.940196
0.975028
0.99683
0.999466
0.986793
0.999999
0.999997
0.954091
0.999938
0.976937
0.999215
0.999998
0.976689
0.999999
0.999997
0.995641
0.999662
0.987672
0.999998
0.999998
0.999997
0.99987
0.985716
0.999998
0.999992
0.999999
0.987138
0.996347
0.995647
0.968666
0.949875
0.999905
0.999844
0.999966
0.99974
0.996095
0.984845
0.999986
0.953478
0.999875
0.973634
0.991075
0.981002
0.995246
0.882457
0.972132
0.999989
0.999875
0.999986
0.999999
0.997633
0.993201
0.990833
0.999904
0.999996
0.947122
0.999998
0.999892
0.999822
0.999978
0.799805
0.999975
0.993724
0.99028
0.999948
0.999999
0.855137
0.977434
0.949043
1
0.999996
0.999998
0.999998
0.998033
0.999999
0.999893
0.999969
0.784126
0.999997
0.999999
0.619498
0.971513
0.998548
0.713114
0.984442
0.993557
0.999839
0.999997
0.978943
0.930303
0.995371
0.979207
0.999964
0.976355
0.949052
0.999999
0.946786
0.999871
0.986362
0.862155
0.999782
0.912047
0.99985
0.981788
0.999986
0.999869
0.999975
0.999706
0.952688
0.941443
0.739883
0.841751
0.962018
0.992663
0.751837
0.999997
0.99987
0.910103
0.999952
0.98237
0.987952
0.999577
0.999989
0.999991
0.951689
0.999903
0.999897
0.98237
0.999986
0.963064
0.999999
0.983339
0.999979
0.998567
0.929056
0.999968
0.987238
0.995451
0.989593
0.969606
0.990565
0.967284
0.999933
0.969192
0.999999
0.999997
0.97225
0.999994
0.999997
0.998818
0.991774
0.99732
0.962961
0.999959
0.794817
0.958936
0.984476
0.999972
0.999984
0.985795
0.873413
0.974382
0.99928
0.976529
0.999846
0.929104
0.997993
0.995058
0.999998
0.999977
0.801329
0.995378
0.994136
0.999153
0.999998
0.93977
0.999872
0.913192
0.999998
0.9711
0.997152
0.999999
0.999989
0.926655
0.999957
0.974265
0.995258
0.991838
0.990019
0.999997
0.999762
0.917978
0.996123
0.999883
0.999125
0.967445
0.995069
0.993634
0.999986
0.910345
0.999886
0.946392
0.95118
0.999946
0.999997
0.985619
0.967383
0.957486
0.797076
0.998237
0.999998
0.946807
0.998083
0.999919
0.999997
0.998126
0.999999
0.999952
0.939138
0.999998
0.999999
0.999999
0.997239
0.9901
0.99398
0.949689
0.999978
0.999993
0.999985
0.998958
0.999999
0.995985
0.99591
0.999974
0.964546
0.973464
0.928494
0.980156
0.906977
0.999997
0.99591
0.935207
0.873818
0.999982
0.955416
0.983396
0.99952
0.999206
0.999992
0.937383
0.968096
0.950959
0.999825
0.993673
0.990652
0.992507
0.942138
0.999954
0.999966
0.926082
0.980645
0.999851
0.999452
0.637071
0.995843
0.999362
0.98566
0.999953
0.999918
0.95958
0.911633
0.999999
0.993493
0.750715
0.999616
0.995625
0.999996
0.982123
0.962115
0.999998
0.999996
0.998993
0.999047
0.976937
0.9984
0.981311
0.978647
0.999997
0.952408
0.999986
0.981579
0.994164
0.999871
0.999963
0.999977
0.981646
0.999999
0.999977
0.997013
0.991406
0.999978
0.999987
0.999933
0.999989
0.805771
0.95075
0.999988
0.999812
0.994814
0.999997
0.949798
0.972896
0.940516
0.999905
0.99995
0.999998
0.998922
0.974764
0.981832
0.999882
0.964926
0.99569
0.947765
0.999867
0.999999
0.999844
0.985296
0.825717
0.999996
0.999646
0.81676
0.99986
0.999991
0.942427
0.788641
0.999998
0.943898
0.945985
0.947468
0.986735
0.985159
0.99991
0.938299
0.987897
0.939868
0.999989
0.998094
0.999975
0.999947
0.948004
0.93531
0.982123
0.97597
0.991985
0.999999
0.999958
0.998858
0.999986
0.999427
0.933175
0.999999
0.999999
0.995501
0.999999
0.999948
0.999999
0.926807
0.949054
0.99998
0.998672
0.993257
0.999997
0.999998
0.999998
0.992635
0.918544
0.999905
0.959031
0.953689
0.999998
0.992255
0.898137
0.852676
0.970364
0.999998
0.999998
0.942154
0.937239
0.940314
0.99999
0.800542
0.978368
0.999992
0.980993
0.999999
0.999816
0.967657
0.999893
0.998359
0.966973
0.969598
0.959478
0.96452
0.999993
0.999956
0.999704
0.999919
0.872616
0.992083
0.970831
0.99984
0.926655
0.999994
0.871025
0.999776
0.998709
0.999998
0.94479
0.999998
0.940081
0.999865
0.93821
0.907904
0.957775
0.999997
0.99989
0.999964
0.999995
0.974463
0.999815
0.99991
0.99983
0.996993
0.964577
0.934717
0.999734
0.970831
0.983606
0.999961
0.960707
0.998962
0.999942
0.939756
0.999191
0.989117
0.993449
0.999948
0.941315
0.941375
0.992123
0.836232
0.999999
0.99997
1
0.999826
0.999996
0.78868
1
0.999877
0.999866
1
0.999891
0.999382
0.999375
0.984003
0.9982
0.972307
0.978351
0.976591
0.999999
0.999859
0.911891
0.923062
0.999998
0.999998
0.997013
0.999999
0.999985
0.998581
0.999985
0.999994
0.944025
0.911695
0.999998
0.955662
0.999989
0.999236
0.958409
0.996967
0.999975
0.999904
0.999962
0.999999
0.999992
0.914948
1
0.999998
0.999998
0.913595
0.999967
0.970454
0.999767
0.84993
0.999774
0.990014
0.983179
0.999998
0.999774
0.99622
0.99997
0.999999
0.99764
0.961038
0.966416
0.996404
0.998778
0.998764
0.972556
0.999992
0.944649
0.947938
1
0.855228
0.999998
0.999886
0.951139
0.942138
0.993807
0.999997
0.997917
1
0.999988
0.797859
0.999984
0.993634
0.969343
0.983421
0.974209
0.968977
0.989406
0.980127
0.999999
0.999371
0.999998
0.987372
0.999933
0.999991
0.997036
0.974377
0.963786
0.96517
0.968092
0.999999
0.974762
0.999999
0.999725
0.999999
0.964125
0.999985
0.999927
0.996802
0.990185
0.999961
0.999997
0.936997
0.963163
0.996022
0.99413
0.998618
0.983679
0.999986
0.956553
0.80724
0.860316
0.995321
0.999861
0.999849
0.942845
0.975041
0.998427
0.999972
0.999999
0.988913
0.979915
0.974346
0.999994
0.965274
0.999987
0.959149
0.9585
0.940158
0.950866
0.999989
0.97441
0.993493
0.878363
0.941982
0.999999
0.999847
0.999883
0.981714
0.996277
0.999972
0.998392
0.956139
0.999967
0.999999
0.999968
0.999999
0.928454
0.998917
0.981714
0.995302
0.985355
1
0.972896
0.999999
0.999922
0.999729
0.992288
0.998073
0.999933
0.999978
0.999681
0.999906
0.999999
0.972277
0.99989
0.871041
0.999998
0.971545
0.886351
0.999998
0.984997
0.998224
0.999999
0.999214
0.999685
0.986715
0.999997
0.999971
0.99992
0.970357
0.99968
0.998698
0.999999
0.961239
0.999999
0.987219
0.999858
0.999928
0.999988
1
0.986951
0.989109
0.976724
0.999878
0.99975
0.978055
0.841638
0.92692
0.999967
0.999998
0.944429
0.99584
0.9312
0.999998
0.999999
0.99751
0.999996
0.999622
0.999991
0.999987
0.963419
0.999987
0.999998
0.997181
0.99984
0.998019
0.974604
0.887743
0.957746
0.860648
0.999974
0.999997
0.999998
0.995038
0.99921
0.968942
0.993463
0.999842
0.999289
0.950112
0.999998
0.986729
0.999982
0.999923
0.995939
0.998413
0.99999
0.840885
0.995212
0.999924
0.840132
0.999999
0.906792
1
0.999999
0.999998
0.999996
0.99643
0.999949
0.999999
0.999998
0.999801
0.999999
0.999982
0.982207
0.999911
0.851421
0.999993
0.988426
0.999963
0.97137
0.999924
0.999998
0.984585
1
0.987932
1
0.999979
0.999999
0.999823
0.997521
0.999996
0.852928
0.932525
0.999945
0.999897
0.956188
0.999979
0.999422
0.948832
0.94067
0.999998
0.995625
0.998256
0.875118
0.96688
0.99993
0.978022
0.998927
0.998682
0.998227
0.999932
0.986715
1
0.998754
0.998905
0.999936
0.999843
0.990634
0.999974
0.974977
0.805861
0.98969
0.999856
0.999999
0.999996
0.97067
0.999468
0.991107
0.98105
0.993634
0.999999
0.946961
0.962727
0.905746
0.99942
0.993545
0.998251
0.998227
0.969467
0.944359
0.994415
0.939023
0.999999
0.986574
0.998662
0.999912
0.987382
0.999501
0.734822
0.809481
0.999997
0.99999
0.998787
0.994326
0.999922
0.739699
0.9987
0.999999
0.999999
0.999087
0.999989
1
0.99737
0.999905
0.973561
0.999889
0.974672
0.999855
0.999999
0.984417
0.999694
0.999999
0.924914
0.9982
0.946807
0.985201
0.999146
1
0.987994
0.994242
0.983774
0.999996
0.999934
0.999388
0.982375
0.998726
0.872083
0.949099
0.940314
0.999991
0.850199
0.999833
0.999032
0.999847
0.93785
0.999725
0.999994
0.999085
0.999788
0.984883
1
0.999856
0.999981
0.999998
0.999987
0.998983
0.998445
0.99997
0.999954
0.999595
0.964565
0.989792
0.99965
0.977759
0.998197
0.872656
0.99996
0.999945
0.994764
0.999955
0.999854
0.999999
0.999998
0.913016
0.992288
0.999991
0.913027
0.969788
0.999998
0.925009
0.999999
0.851788
0.999986
0.999998
0.999999
0.994206
0.999838
0.995462
1
0.969788
0.71728
0.668425
0.963729
0.974346
0.96096
0.80675
0.999994
0.94253
0.994254
0.927171
0.9731
0.999998
0.999999
0.999963
0.813997
0.999991
0.999918
0.999998
0.990658
0.705095
0.999997
0.999961
0.999981
0.999999
0.892014
0.999999
0.990678
0.840735
0.999968
0.999992
0.999127
0.986951
0.999999
0.972889
0.999999
1
0.999999
0.999895
0.999999
0.972149
0.999913
0.844353
0.814442
0.973304
0.99999
0.99845
0.999929
0.999983
0.993135
0.999972
0.995384
0.999999
0.999999
0.912927
0.812176
1
1
0.937991
0.994217
0.999999
0.999977
0.999994
0.945043
0.999989
0.999979
0.999999
0.999999
0.98953
0.999998
0.999994
0.984731
0.999041
0.998018
0.982381
0.999997
0.999999
0.951081
0.933175
0.999999
0.999988
0.999999
0.935992
0.999875
0.999914
0.972277
0.999962
0.98343
0.891227
0.999988
0.999952
1
0.996075
0.979239
0.999985
0.999998
1
0.998932
1
0.986973
0.938906
0.996697
0.999982
0.931205
0.969066
0.999991
0.984756
0.999844
0.998253
0.997579
0.99143
0.986397
0.928692
0.798905
0.999999
0.999999
0.999833
0.999997
0.981032
0.999939
0.993092
0.999983
0.982199
0.999999
0.999842
0.999881
0.934276
0.787915
0.987996
0.98076
0.99999
0.999998
0.999999
0.999945
0.999411
0.999191
0.999853
0.999662
0.994671
0.999234
0.989625
0.999997
0.948837
0.999998
0.99542
0.980589
0.996708
0.999274
0.999739
0.999959
0.998083
0.947004
0.999353
0.932493
0.999646
0.960403
0.999983
0.999971
0.999986
0.981032
0.953204
0.999952
0.977464
0.999839
0.996492
0.999718
0.999968
0.998222
0.999984
0.999978
0.988339
1
0.999999
0.999342
0.999999
0.999998
0.998591
0.999879
0.936997
0.999994
0.999995
0.730378
0.953099
0.969794
0.999992
0.994329
0.827674
0.981803
0.999994
0.999658
0.999922
0.978216
0.99995
0.998997
0.999977
0.826858
0.994506
0.991193
0.998532
0.981748
0.998251
0.986973
0.978943
0.999999
0.999947
0.953962
0.999983
0.9982
0.999849
0.980954
0.999723
0.987214
0.999962
0.999918
0.982803
0.990228
0.826727
1
0.999849
0.999888
0.999234
0.999971
0.997633
0.871135
0.87797
0.999999
0.96705
0.979707
0.804025
0.999991
0.826578
0.976426
0.999999
0.999999
0.959634
0.989439
0.984064
0.958614
0.999037
0.999993
0.905328
0.999919
0.992752
0.999739
0.999547
0.951815
0.999888
0.999991
0.97596
0.992435
0.999997
0.949691
0.97513
1
0.998256
0.999998
0.872132
0.999893
0.999979
0.996726
0.999998
0.994704
0.99993
0.996973
0.999999
0.999996
0.999768
0.967976
0.947817
0.992435
0.780328
0.99985
0.999814
0.999999
1
0.775855
0.996836
0.882948
0.999998
0.967983
0.998602
0.988619
0.999851
1
0.997904
0.945852
0.9084
0.999842
0.998562
0.999811
0.921687
0.998661
0.980252
0.999984
0.645833
0.794162
1
1
0.999999
0.993721
0.956988
0.97801
0.984858
0.998957
0.977434
0.999992
0.98076
0.999999
0.999999
0.999999
0.968672
0.876249
0.994198
0.999531
0.999789
0.993282
0.997407
0.999973
0.999991
0.98685
0.980487
0.977169
0.9561
0.977525
0.946364
0.999999
0.999974
0.999999
0.997307
0.986606
0.999713
0.960418
0.964531
0.998602
0.982121
0.998196
0.998698
0.899777
0.996471
0.999997
0.999998
0.999281
0.998154
0.999999
0.923664
0.999996
1
0.999979
0.982834
0.947927
0.999769
0.999982
0.901418
0.999823
0.999995
0.975271
0.995289
0.989053
0.999999
1
0.992861
0.999997
0.999935
0.980681
0.999999
0.986739
0.996535
0.999998
0.999998
0.971116
0.99981
0.999989
0.93785
0.999994
0.994822
0.999996
0.932758
0.999886
0.999993
0.99983
0.994415
1
0.999999
0.997549
0.999718
0.987127
0.950536
0.95272
0.999716
0.985329
0.999999
0.988182
0.999998
0.971974
0.957699
0.999999
0.998581
0.999447
0.992649
0.997893
0.814458
0.962452
0.995843
0.974209
0.998461
0.978581
0.849753
0.957559
0.99998
0.970039
0.939864
0.999999
0.97178
0.998221
0.999921
0.99982
0.999982
0.980487
0.999996
0.999999
0.999808
0.999999
0.999994
0.999981
0.996247
0.893064
0.8013
0.999999
0.939639
0.999982
0.999861
0.995993
0.999841
0.992304
0.981482
1
0.998661
0.999907
0.990716
0.999838
0.999999
0.876249
0.999997
0.851452
0.99942
0.99998
0.999991
0.999999
0.977646
0.978647
0.945433
0.994294
0.999959
1
0.94726
0.997885
1
0.996204
0.706519
0.999993
0.999999
0.999486
1
0.999998
0.991985
0.999991
0.871439
0.986342
0.992873
0.999847
0.964565
0.929187
0.973602
0.999965
1
0.999991
0.999894
1
0.905185
0.998516
0.981482
0.999986
0.9931
1
0.811573
0.997803
0.990041
0.996567
0.999997
0.999995
0.999999
0.993557
0.987214
1
0.994327
0.988578
1
0.999999
0.998753
1
0.99142
0.96436
0.948035
0.936308
0.933425
0.999991
0.998742
1
1
0.999996
0.992802
0.941592
0.965043
1
0.999847
0.999997
0.892578
0.999799
0.985754
0.999999
0.999999
0.999989
0.999948
0.939103
0.94259
0.96705
0.975969
0.983653
0.996754
0.999934
0.984522
0.99907
0.998975
0.991756
0.970158
0.991193
0.987465
0.938906
0.999996
0.996294
0.996264
0.999999
0.964844
0.999987
0.704213
0.99995
0.984648
0.99994
0.999999
0.887379
0.812462
0.999999
0.999997
0.999929
0.999855
0.865302
0.923764
0.99788
0.969805
0.999857
0.990916
0.999952
0.999877
0.999998
0.999973
0.999988
0.999999
0.997617
0.940056
0.999713
0.995875
0.964162
0.939868
0.999999
0.999986
0.908751
0.999998
0.896776
0.999986
1
0.999892
0.999999
0.977013
0.999999
0.999716
1
0.987365
0.961458
0.964022
0.999997
0.96673
0.998532
0.992891
0.980215
0.999996
0.999934
0.996916
0.99362
0.999999
0.999949
0.999999
0.999308
0.988096
0.999987
0.998713
1
0.913027
0.954498
0.969372
0.849664
0.963031
1
0.999999
0.999887
0.999999
0.963293
0.999993
0.968959
0.999992
0.909982
0.78155
0.999891
0.995787
0.974764
0.999851
0.985637
0.930118
0.961042
0.798574
0.993473
0.99984
0.975215
0.982398
0.998465
0.999999
1
0.935351
0.999999
0.993069
0.820335
0.999989
0.980215
0.961689
0.843461
0.999743
0.956173
0.999993
0.964143
1
0.99621
0.854385
0.999849
0.999836
0.999999
0.994753
0.999371
0.945744
0.95937
0.999922
0.979534
0.7995
0.978351
0.999301
1
0.998018
0.999771
0.932493
0.99996
0.999999
0.963983
0.999997
0.999993
0.99995
1
0.844223
0.99999
0.948919
1
0.987365
0.945646
0.978365
0.998819
0.999999
0.967366
1
0.999023
0.999999
0.999981
0.999973
0.999056
0.981748
0.999914
0.999998
0.95835
0.957746
0.999999
0.976114
0.979736
0.999925
0.804227
0.999964
0.999999
0.999999
0.988424
0.980707
0.999883
0.996755
0.967143
0.999924
0.959087
0.970436
0.960054
0.995164
0.999894
0.999999
0.959691
0.999977
0.971994
0.999722
0.999999
0.999668
0.998035
0.999989
0.999999
0.999461
0.999999
0.969788
0.991553
0.82877
0.999945
0.998659
0.942481
0.979253
0.999085
1
0.999999
0.999878
1
0.999999
0.998858
0.913922
0.999999
0.999998
0.990904
0.943764
0.990716
0.969017
0.999999
0.999998
0.98139
0.999474
0.999645
0.999914
0.984514
0.999558
0.999766
0.992533
0.999756
0.999998
1
0.999192
0.992922
0.891293
0.977066
0.999992
0.999999
0.980104
0.939995
0.982753
0.952122
0.999998
0.997691
0.999997
0.778857
0.987465
0.979943
0.999998
0.996247
0.997225
0.994879
0.871614
0.852643
0.996103
0.999999
0.999999
0.999854
0.999768
0.975848
0.997949
0.993011
0.893124
0.795846
0.989995
0.920022
0.99913
0.997181
0.979943
0.993775
0.999998
0.947525
0.999993
0.999999
0.983102
0.999973
0.999999
0.999994
0.999876
0.944586
0.999998
0.930288
1
0.963192
0.999974
0.986017
0.978663
0.999846
0.999905
0.992861
0.800838
0.999999
0.989312
0.999999
0.987722
0.993576
0.999999
1
0.999998
0.999993
0.974616
0.98759
0.999994
0.909912
0.998617
0.974928
0.998805
0.999819
0.999999
0.999999
0.993661
0.999998
0.96455
0.996644
0.998794
0.999875
0.999998
0.998842
0.993503
0.999959
0.999999
0.999946
0.976573
0.996857
0.999999
0.99995
0.970241
0.963274
0.999999
0.999987
0.982638
0.973602
0.999895
0.99983
0.999982
0.989593
0.999716
0.988127
0.999372
0.963472
0.979356
0.994791
0.999999
0.963786
0.999998
0.999996
0.978055
0.916436
0.999873
0.976599
0.999498
1
0.999992
0.973222
0.797604
0.935461
0.999976
0.948485
0.999889
1
0.962147
0.999954
0.999941
0.993863
1
0.999998
0.999998
0.995523
1
0.947508
0.999998
0.999985
0.989239
0.999999
0.999954
0.999897
0.981989
0.999989
0.999973
0.70846
0.924877
0.948279
0.862186
0.968932
0.999999
1
0.999844
0.979007
0.98789
0.91216
0.999998
0.976822
0.998829
0.999694
0.999923
0.959692
0.999999
1
0.959371
0.998926
0.999327
0.999726
0.994254
0.828018
0.98759
0.979207
0.97202
0.999993
0.999995
0.999998
0.999999
0.999999
0.999996
0.850703
0.92268
0.776164
0.792756
0.999999
0.999998
0.99492
0.994243
0.797332
0.999334
0.999587
0.830052
0.998925
0.984905
0.999874
0.963192
0.999999
0.983274
1
0.999994
0.999654
0.999969
0.999338
0.999847
0.999748
0.995565
1
0.999997
0.993151
0.98971
0.840507
0.64374
0.998011
0.999771
0.966641
0.957064
0.979671
0.986958
0.999999
1
0.968338
0.979356
0.999998
0.966432
0.999995
0.999997
0.841708
0.988583
0.999878
0.999844
0.996097
0.999997
0.999857
1
0.911393
0.799354
0.997371
1
0.999994
0.999994
0.996402
0.998484
0.999999
0.999999
0.971994
0.999999
0.953282
0.990261
0.980125
0.999766
0.999997
0.999978
0.999997
0.942606
0.984971
0.974504
1
0.999998
0.993576
0.999891
0.966044
0.999999
0.827282
0.991428
0.959555
0.999999
0.999999
0.979671
0.995479
0.999375
0.998505
0.846748
1
0.980646
0.948655
0.882948
0.999999
0.999748
0.999899
0.982489
0.932949
0.999954
1
0.999985
0.977759
0.998931
0.994805
0.999994
0.999981
0.944311
0.999969
0.968159
0.999722
0.812894
0.999882
0.930624
0.999988
0.700559
0.976894
1
0.999894
0.965476
0.999999
0.999999
0.999998
0.999907
0.993637
0.978742
0.999999
0.999981
0.999961
1
0.968527
0.999013
0.996741
0.837881
0.999894
0.988922
0.999996
0.897929
0.921533
0.993559
0.999999
0.999999
0.999818
0.907387
0.99806
0.799645
0.993401
0.999861
0.999978
0.999993
0.999867
0.705831
1
1
0.879763
0.997573
1
0.99661
0.999923
0.988465
0.999999
0.98535
0.839556
0.999998
1
0.840412
0.999776
0.77347
0.929882
0.987368
0.959691
0.999961
0.994271
0.999985
0.984696
0.930724
0.999986
0.999999
0.999999
0.959024
0.999982
0.999999
0.974295
0.999957
0.995989
0.999995
0.999998
0.999894
0.999999
0.999999
0.99988
0.999088
0.999997
0.791983
0.999999
1
0.933815
0.983247
0.999986
0.999999
0.892615
1
0.999444
0.999995
0.999996
0.999996
0.965247
0.999999
0.994934
0.992649
0.979399
1
0.999999
0.997537
1
0.999779
0.940741
0.949276
0.979399
0.999999
0.999994
0.82403
0.999996
0.999959
0.999057
0.999999
1
0.989126
0.994598
0.993993
0.989857
0.999842
0.999997
0.976114
0.999997
0.996601
0.999999
0.892578
0.999991
0.995367
0.957426
0.99999
1
1
0.999994
1
0.999999
0.999871
0.772898
0.934828
1
0.996916
1
0.999923
0.98519
0.958863
1
0.800033
0.954718
1
0.974762
0.946364
1
1
1
0.98789
0.999981
0.999726
0.972377
1
0.993782
0.976804
0.802438
1
0.999984
0.999999
0.925506
0.999146
0.999905
0.999999
0.987684
0.953105
0.977446
0.999999
0.999952
0.999965
0.999643
0.999997
0.973967
0.999443
0.998873
0.999925
0.981167
0.996948
0.990866
0.992231
0.999998
0.999911
0.999999
1
0.949555
0.999998
0.9809
0.999888
0.999416
0.926258
0.903571
0.994294
0.999995
0.999999
0.992388
0.999544
0.998352
0.991126
0.998527
0.977464
0.9589
0.999958
0.999999
0.999989
0.949063
0.999533
0.934245
0.658571
0.949318
0.993597
0.944511
0.999922
0.977019
0.99984
0.882214
1
0.960311
0.999981
0.962018
0.924594
0.810881
0.895975
0.770775
0.944359
1
0.999998
0.999999
0.999999
0.916859
0.975375
1
1
1
0.999994
0.934074
0.993293
0.999977
0.999972
0.999452
0.992066
0.999983
0.999701
0.999999
0.947524
0.998609
0.999598
0.99901
0.999999
0.973614
0.999954
0.999991
0.990661
0.999916
0.958103
0.998931
0.999999
0.97597
0.95948
0.946643
0.890345
0.964433
0.999922
1
0.999731
0.999999
0.733817
0.999998
0.999998
0.999999
0.962972
0.999994
0.998212
0.99989
0.98852
0.999999
1
1
0.999999
0.928039
0.999999
0.941482
1
0.999999
0.930724
0.944585
0.979127
0.981018
1
0.998249
0.999999
0.962476
0.999838
0.999997
1
0.999374
0.990664
0.999998
0.998135
0.999999
1
0.999834
0.863194
1
0.962441
0.999999
0.999842
0.990832
1
0.979127
0.995325
0.999999
0.982214
0.993236
0.992066
0.999986
0.999965
0.999999
0.939775
0.886736
0.9995
1
0.999985
0.999999
0.999791
0.990759
0.877254
0.999999
0.999999
0.953361
0.992511
0.999999
0.978254
0.999921
1
0.999779
0.806192
0.999999
0.99999
0.804616
0.999745
0.977169
1
0.999973
0.999928
0.905909
0.999998
0.999973
0.971139
0.989857
0.999064
0.911891
0.999835
0.999689
1
0.999835
0.94441
0.999998
0.982845
0.996973
0.999746
0.998011
0.999464
0.975079
0.999998
0.81758
0.990643
0.999998
0.983072
0.96096
0.998477
0.989739
0.992677
0.999999
0.999986
0.95027
0.993771
1
0.999994
0.76808
0.996761
0.967609
0.953947
0.999999
0.927414
0.999998
0.9986
0.972388
1
0.999567
0.998527
0.999997
0.999841
0.999992
0.986049
0.858274
0.90483
0.996264
0.940762
0.998387
1
0.99999
0.985745
0.996909
0.999179
0.791515
0.999998
0.999998
0.913827
0.999058
0.999157
0.999999
0.991149
0.963023
0.999009
0.822597
1
0.999985
0.978663
0.999999
0.671762
0.982054
0.88682
0.995289
1
0.978858
0.999999
0.995898
0.999992
0.992277
0.999566
0.983324
0.987368
0.999984
0.862725
1
0.96936
0.999462
0.978858
0.949331
0.650375
0.996726
0.999999
0.996967
0.999489
0.999959
0.999998
0.737899
0.999999
0.999998
0.983254
0.987458
1
0.820655
0.911051
0.977949
0.99879
0.999251
0.968825
0.999999
0.8257
0.998902
0.998084
0.999989
0.999999
0.999914
0.999731
0.99999
0.999963
0.999838
0.967716
0.999999
0.985128
1
0.999819
0.997965
0.998221
0.999808
0.995306
0.838376
0.97824
0.999998
0.949135
0.783714
0.960198
0.96452
0.998021
0.9999
0.999993
0.793533
0.999904
0.991238
0.979736
0.973099
0.994291
0.999734
0.999072
0.99992
0.950959
0.995545
1
0.999915
0.999486
0.999988
1
0.999412
0.988931
0.999999
0.999941
0.999995
1
0.993025
0.999995
0.828138
0.962119
0.814583
0.959842
0.999996
0.936308
0.99991
0.994721
0.999996
0.974784
0.999985
0.999883
0.999833
0.999994
0.998016
1
0.999997
0.968209
0.999473
0.931588
0.991778
0.999984
0.999997
0.999974
0.999999
0.999999
0.765383
0.999714
0.951633
0.985259
0.99418
0.985615
0.967041
0.954206
1
0.988087
0.981484
0.993168
0.999651
0.974412
0.998841
0.999999
0.999896
0.999983
0.999999
0.999961
0.999829
0.94441
0.999908
1
0.983567
0.999715
0.999999
0.999999
0.999998
0.999999
0.961249
0.999996
0.999963
1
0.976569
0.972313
0.999526
1
0.999909
0.852532
0.999074
0.992313
0.997538
0.988635
0.968061
0.995333
0.926992
0.997278
0.949875
0.999999
0.837
0.994823
0.999992
0.999999
0.999989
0.999836
0.999998
0.999862
0.918466
0.978799
0.999998
1
0.999998
0.999922
0.999864
0.999999
0.98342
0.999999
0.999877
0.999993
0.984606
0.999819
0.972794
0.999999
0.952215
0.968645
1
0.999995
0.91968
1
0.999999
0.999826
0.995331
0.955025
0.999892
0.999999
0.965595
0.999999
0.999931
0.99995
0.861973
0.994871
0.999127
0.990081
0.996213
0.999718
1
0.738138
0.899376
0.999603
1
0.999023
0.999364
0.995989
0.999965
0.997035
0.999976
0.967429
0.968904
0.982051
1
0.999382
0.948517
0.934073
1
0.999809
0.996656
0.996496
0.998777
1
1
0.876844
0.816346
1
0.806678
0.965476
0.999987
0.998396
0.96167
1
0.999932
0.989964
0.999798
0.996716
0.999999
0.83331
0.808598
0.957426
0.974489
0.956994
0.996907
0.996549
1
0.999759
0.999999
0.997988
0.999999
1
0.986329
0.890153
0.799024
0.99831
0.981133
0.845874
0.999785
0.995086
0.999988
0.999978
0.999975
0.762686
0.951798
0.999987
1
0.997452
0.930987
0.955025
0.999999
0.998341
0.942436
0.98746
0.999999
0.6705
0.999999
1
0.999997
0.999988
1
1
0.999999
1
0.99967
0.999283
0.983704
0.899382
0.999966
0.871518
0.914865
0.973038
0.982375
0.981101
0.829734
0.991932
0.999781
0.99999
0.999996
0.995953
0.999996
0.938575
0.999999
0.999992
1
0.996551
0.884866
0.999065
0.999973
0.983099
0.999497
0.999995
0.999994
0.999978
0.999831
0.995081
0.999406
0.891227
0.971491
0.953751
1
0.770885
0.979735
0.877826
0.999984
1
0.999734
0.999999
0.999999
0.999989
0.999989
0.999999
0.999999
0.897655
0.922343
0.997965
0.998152
0.999866
0.999853
0.998522
0.986562
0.998727
0.86644
0.999999
0.999986
0.991776
0.999999
0.912367
0.999763
1
0.999977
0.943665
0.999999
0.802333
0.999832
1
1
0.943143
0.966649
0.964837
0.989678
0.919627
0.999999
0.984324
0.821632
0.988595
0.993993
0.999999
0.999969
0.999999
0.846496
0.994785
0.807385
0.999003
0.999999
0.999463
1
1
1
0.963031
0.999889
0.999922
0.999999
0.954008
0.933503
0.967549
0.999555
0.999987
0.990992
0.999981
0.999783
0.999997
0.999999
0.999999
0.998233
0.999933
0.999998
0.963472
0.990842
0.850483
0.80922
0.99999
0.9998
0.994946
0.981167
0.999999
0.99981
0.999992
1
0.919524
0.996263
0.988688
0.998965
0.844084
0.99977
0.999838
0.865302
0.933503
1
0.999999
0.992311
0.995464
0.881649
0.846748
0.998724
0.999993
1
0.98275
0.947097
0.755042
0.958925
1
0.999847
0.974194
0.999999
0.796271
0.966463
0.995411
0.999999
0.999983
0.999826
0.895106
0.994355
0.999923
0.849802
0.999999
0.999812
1
0.962083
1
0.759989
0.816606
1
0.999999
0.982855
0.995527
0.999892
0.941492
0.987164
1
0.997386
0.952541
0.939677
1
0.999909
0.999838
0.990194
0.999967
0.801362
0.979854
0.999723
0.998833
0.955484
0.9931
0.9589
0.999999
0.999999
0.841236
0.988729
0.999923
0.980507
0.999999
0.998986
1
0.989129
0.999999
0.999999
0.995768
0.998731
0.999962
1
0.999057
0.997192
0.998502
0.991674
0.912862
0.999995
0.997452
0.969296
0.853382
0.999999
0.997054
0.998977
0.999993
0.962727
0.999997
0.847316
0.913361
0.986951
0.978799
0.999915
0.993375
0.856043
1
0.999996
0.999976
0.999759
0.999009
0.999321
1
0.959396
0.994592
0.999999
0.982214
0.994721
0.963495
0.783003
0.803241
0.999999
1
0.99787
0.994985
0.777832
0.999998
0.996328
0.999998
0.999448
0.96881
0.99999
0.999991
0.999999
0.999922
1
0.931
0.998586
0.999999
1
0.999999
0.999991
0.964435
0.935769
0.98859
0.999874
0.998879
0.959371
0.942108
0.792496
1
0.995908
0.982202
0.940871
0.999981
0.966894
0.837618
0.839487
0.999949
0.999916
1
0.999988
0.999998
0.996836
0.999183
0.999999
0.973038
0.999999
0.959504
0.957079
0.998443
0.999942
0.960781
0.999999
0.752984
0.999972
0.998613
0.999904
0.973899
0.825917
0.999999
0.987411
0.785709
0.959867
0.999786
0.717038
0.780365
0.999999
0.959558
0.976548
0.834517
0.97901
0.999889
0.840184
0.999993
0.935769
0.999999
0.918977
0.75729
0.71823
0.999995
0.997996
0.999884
0.942606
0.955061
0.981643
0.936607
0.837673
0.916582
0.924594
0.999989
0.999795
0.969129
0.999999
0.99474
0.804742
1
0.999406
0.985202
0.990884
0.968319
0.999928
0.990185
0.964708
0.998299
0.999999
0.899837
0.983363
0.999999
0.992311
1
0.972492
0.954275
0.999999
0.999995
0.994955
0.999996
0.995649
0.999992
0.959842
0.999998
0.969911
0.992578
0.999473
0.834668
0.999993
0.996614
0.621021
0.935922
0.999987
1
0.999723
0.999998
0.97805
0.999893
0.999993
1
0.999999
0.974697
0.994506
0.968809
0.999909
0.941492
0.679255
0.766746
1
0.999999
0.95948
0.788538
0.999924
0.999999
0.84619
0.999584
0.966762
0.999991
0.998079
0.999988
0.974697
1
0.967369
0.99991
0.998034
0.999994
0.997662
0.835805
0.999473
0.999889
0.999939
0.99999
0.999999
0.999853
0.765745
0.999999
1
0.902631
1
0.999745
0.99999
0.959532
0.997769
0.999999
0.777674
0.9931
0.849827
0.998755
0.999839
1
0.998945
0.999987
0.997763
0.76497
0.997641
0.999784
0.973808
0.877343
0.802783
0.999692
0.999049
0.942281
0.999999
0.861379
0.960337
0.926407
1
0.815371
0.987919
0.937904
0.999999
1
0.998854
0.640468
1
0.987912
0.999993
1
0.999996
1
0.996656
0.977477
0.999994
0.999789
0.959265
0.876739
0.999742
0.986132
1
0.973604
0.833927
0.999058
0.977477
0.999999
1
0.996527
0.999733
0.97382
0.991791
0.790907
0.993782
0.999926
0.908352
0.947801
0.958925
0.799494
0.915157
0.855762
0.999993
0.979362
0.970225
0.999597
0.970241
0.789075
0.975368
1
1
0.999989
0.99999
0.954464
0.901544
0.95242
0.994632
0.997333
0.99636
0.999998
0.999999
0.972855
0.999921
0.967845
1
0.999705
1
0.999952
0.999999
1
0.999994
0.904324
0.999773
0.990412
0.993634
1
0.999825
0.920901
1
0.964646
0.999991
0.999768
0.978878
0.975375
0.99742
1
0.999999
0.999997
0.961711
0.999999
0.999078
0.998735
0.989807
0.996836
0.999976
0.960311
1
0.999382
0.999994
0.99984
0.999991
0.999947
0.999985
0.953883
0.999999
0.994946
0.959396
0.832033
0.999999
0.9999
0.957447
0.996885
0.973614
1
0.776568
0.999992
0.835746
1
0.999982
0.952042
0.999999
0.998118
0.999795
0.999999
0.999344
0.987061
1
1
0.999933
0.984606
0.99994
0.850012
0.987694
0.889853
1
0.774983
0.977205
1
0.999836
0.987461
0.998594
1
0.920437
0.945387
0.950112
1
0.998631
0.999998
0.999991
0.941413
0.813997
0.973309
0.874795
0.759475
0.984248
0.999999
0.990503
0.88623
0.999982
0.83014
0.999925
0.999998
1
0.999502
0.999998
0.95897
1
0.998693
0.993375
0.999997
0.996562
0.977205
0.918254
0.997592
0.999999
1
0.984851
0.999993
0.999999
0.992511
0.939615
0.975079
0.814083
0.915186
0.998921
0.791615
0.999618
1
0.997838
0.984918
0.999994
0.983068
0.999998
0.987187
0.999291
0.999986
0.929444
1
0.836676
0.955886
0.999993
0.938002
0.999999
0.996527
0.999745
0.949428
0.999999
0.999999
0.96895
0.939815
0.983775
0.990006
0.998739
1
1
0.999989
0.999999
0.993405
0.987901
0.999999
0.999999
0.994384
0.959867
0.999999
1
0.857484
0.994063
0.999999
0.993643
0.999643
0.999972
0.994979
0.999996
0.973378
0.960806
0.9946
1
1
0.726816
1
0.828235
0.93584
0.983845
0.998265
0.999999
1
0.866574
0.970436
0.999913
0.999999
1
0.999995
0.69392
0.995908
0.77229
0.999994
1
1
0.993234
0.929962
0.999991
0.999999
0.998292
0.979813
0.981794
0.999998
0.877158
0.976933
0.999996
0.96663
0.993144
0.966503
1
0.994718
0.998798
1
0.999985
0.999999
0.914356
0.999921
0.999999
0.942678
0.976933
0.999737
1
0.999999
0.997559
0.849008
0.999996
0.898682
0.981929
0.826332
0.95716
0.973014
0.98897
0.999962
0.998506
0.95576
0.968666
0.947146
0.986951
0.838461
1
0.968238
0.997938
0.898377
0.99993
0.972353
0.999999
0.999998
0.978465
1
0.78407
0.999991
0.999269
0.937809
0.999969
0.999999
0.958671
1
0.998246
0.997736
0.997228
0.999999
0.951357
0.783544
0.999375
0.956628
1
0.983569
0.985821
0.989641
0.999875
0.999998
1
0.867647
1
0.996074
0.986119
0.985126
1
0.989488
0.999995
0.987969
0.999775
0.999677
0.999218
0.991238
0.999996
0.800802
1
0.994852
0.935522
0.995803
1
0.999566
0.999987
0.979281
0.974784
1
0.999799
0.999884
0.999836
0.997224
0.996637
0.995102
0.991177
0.999437
0.999997
0.844606
1
0.999998
1
0.975368
0.999531
0.994703
0.914144
0.997098
0.999912
0.993634
1
0.999999
0.999773
0.993488
0.998141
0.999836
0.994727
0.960781
1
0.96881
0.981003
0.793148
0.999909
0.998925
0.997089
1
0.7819
0.999732
0.954464
1
1
0.988952
0.824416
0.944914
0.966788
0.928179
0.947817
0.996777
1
0.960337
0.926218
0.984243
0.999999
0.747841
1
0.995476
0.999818
0.999992
0.876566
0.999999
0.848663
0.999369
0.982285
0.939615
1
0.785617
0.999985
0.976661
0.999999
0.999999
1
0.999997
0.996571
0.999999
0.934373
0.769597
0.961274
0.880108
1
0.999999
0.969371
0.938967
0.886906
0.999909
0.999986
0.982238
0.97272
0.999999
0.999998
0.998457
0.938117
0.84012
1
0.793031
0.999863
0.998381
0.999999
0.999999
0.99904
0.858614
0.996012
0.984881
0.822502
0.792323
0.999999
0.97319
0.937904
0.992169
0.981171
0.999587
0.961249
0.999673
0.976661
0.999999
0.999999
0.99729
0.999922
0.998554
0.872083
0.997225
0.988816
0.998257
0.788427
0.999997
0.953635
1
0.996113
0.998723
0.974489
0.938663
0.999952
0.835251
0.99742
0.876289
0.97825
0.998713
1
0.99996
0.995847
0.99102
0.999999
1
0.95837
0.999957
0.954137
0.999999
0.888115
0.99999
1
0.841044
0.996062
0.922545
0.989964
0.999999
0.961741
0.960587
0.999958
0.999999
0.985916
0.794773
1
0.999809
0.999443
0.845028
0.94291
0.963931
0.994604
0.987016
0.74846
1
0.999997
0.937809
0.999939
0.999805
0.994604
1
0.984462
0.9998
0.999983
1
0.747626
0.790981
1
1
0.898008
0.999996
0.967041
0.926985
1
0.993437
0.999999
0.984029
0.978468
0.874612
0.999999
0.999994
0.992533
0.999999
0.891226
0.820575
0.999999
0.980066
0.99999
0.946719
0.98375
0.998268
0.999999
0.999999
0.944496
0.999879
0.999971
1
1
0.74514
0.995625
0.961711
0.999774
1
0.99917
0.943746
0.99098
0.998703
0.781796
0.999995
0.999315
0.999517
0.766904
0.999999
0.985615
0.97639
0.99271
0.958937
0.991035
0.99431
1
1
0.814441
0.995743
0.991809
1
1
0.841162
0.999991
0.889323
0.999865
0.999995
0.980314
0.849617
0.993341
0.97639
1
0.999753
1
0.980955
0.999999
0.9856
0.999999
0.999068
0.982234
0.988635
0.983159
0.993937
0.993604
0.991106
0.964786
0.886001
1
0.993189
0.954777
0.99986
0.783949
0.999807
0.959533
0.81865
0.991296
1
0.979666
1
0.958592
0.999999
0.991296
0.98884
1
0.979758
0.889386
0.997953
1
0.998663
1
0.999994
1
0.99875
1
1
0.999999
0.926376
0.780661
0.999999
0.949297
0.999582
0.96544
0.999999
0.999836
0.950867
0.999996
0.942086
0.999995
0.999995
0.986162
0.958066
0.962183
0.999911
0.999999
0.793738
0.999999
0.946477
0.974194
0.999473
0.988688
0.999999
1
0.999995
0.999755
0.998787
0.999999
1
0.999197
1
0.793529
0.999989
0.999884
0.931789
1
1
0.993643
0.993827
0.989198
0.62485
0.999995
0.999781
0.999612
0.993884
0.999993
0.967332
0.955886
0.999988
0.998291
0.999999
0.937604
0.97367
0.999999
0.999989
0.998748
0.999999
0.816712
0.997239
0.999998
0.966176
0.998724
0.978248
1
0.999998
0.967426
0.96384
0.985421
0.946085
0.933146
0.995993
0.999989
0.979677
0.996113
0.999742
0.972436
0.998711
0.949855
0.999992
0.997807
0.859743
0.960806
0.989882
1
0.976505
0.992405
0.999999
1
0.999999
0.692288
0.836085
1
0.976118
0.998798
0.998299
0.764209
0.870884
0.999862
0.999999
0.937787
0.999999
0.993667
1
0.972334
0.994955
0.962083
0.87314
0.999999
0.999999
0.712253
1
1
0.999953
1
1
0.9369
0.965517
0.982893
0.999999
0.999999
0.997386
0.960174
0.999679
0.999999
0.994601
1
0.998079
0.999999
0.932508
0.957758
1
0.999016
0.995953
0.984971
0.814776
0.999999
1
0.934703
0.976118
0.999999
0.999993
0.998866
0.999269
1
0.959611
0.912147
0.995625
0.830241
0.955443
1
1
0.997562
0.996607
0.999998
0.961274
0.999836
0.996885
0.999999
0.999338
0.999992
0.890533
0.994968
0.794446
0.999999
0.84367
0.999909
0.999956
0.996422
1
0.999999
0.999851
0.973899
0.998723
0.870067
0.783289
1
0.948517
0.995634
0.782023
1
0.997145
0.999999
1
0.956852
1
1
0.99221
0.999964
0.995074
1
0.999999
0.999999
0.987841
0.962914
0.957441
0.996943
0.999981
0.987411
0.953443
0.993554
0.999977
1
0.996298
0.999964
1
0.996381
0.999988
1
1
1
0.999887
0.965865
0.951783
1
0.993199
1
1
0.871469
0.999998
1
0.993883
0.999999
0.999999
0.974029
0.99436
0.852151
0.988938
1
0.999963
0.766723
1
0.999998
0.999996
1
0.999999
1
0.994063
1
0.761514
0.999997
0.999999
0.946436
0.988579
0.994554
0.999991
0.999999
0.899337
1
0.99996
0.96231
0.999999
0.961741
0.976151
0.999978
0.975847
0.967974
0.999925
0.967837
0.999981
1
0.999987
0.999999
0.941992
0.999998
0.975847
0.999228
0.999999
0.999817
0.971868
0.999989
0.949123
0.999719
0.998516
0.972053
0.999999
0.999999
0.999999
1
0.944917
0.994979
0.997818
0.994032
0.999547
0.999997
1
0.999999
1
1
0.999871
0.999527
0.996019
0.835188
0.999985
0.900261
0.999223
0.999967
1
0.994585
0.997337
0.999999
0.920425
0.852224
0.903745
0.917512
1
0.867979
0.979045
0.796095
1
0.999933
0.99998
0.995803
1
0.999999
0.996848
0.999999
0.970438
0.998748
0.999997
0.998683
0.999998
0.999998
1
0.9998
1
1
1
0.999981
0.989011
0.934882
1
0.999732
0.999992
0.999946
1
0.999999
0.955221
0.995875
0.999436
0.999998
1
0.796072
0.990282
0.997165
0.976253
0.829198
1
1
1
1
0.955496
1
0.996519
0.973604
0.92194
0.94826
0.995653
0.999485
0.997899
0.986132
0.971689
0.99998
0.99977
0.999946
0.99652
0.988929
1
1
0.996809
1
0.960587
1
0.999999
0.985916
0.931926
0.997572
1
1
0.961143
0.998093
0.997641
0.999999
0.884599
0.723047
1
0.99874
0.975248
0.991711
0.993744
0.999977
0.999962
0.85724
0.964186
0.999867
0.863753
1
0.999999
0.997708
0.999999
0.999996
0.99661
0.988513
1
0.999119
0.946032
1
0.999913
0.999999
0.966503
0.97192
1
0.991195
0.999846
0.985117
0.999898
0.960842
0.999999
0.999765
1
0.997458
0.930987
0.9946
0.758818
0.973808
0.998673
1
0.99221
0.999832
0.891743
0.851826
0.962762
0.845053
0.997781
0.998314
0.962183
0.975576
0.995028
1
0.999999
0.947017
0.99986
0.984038
0.999999
0.999232
0.946824
0.999999
0.999326
0.972405
0.783677
0.988265
0.988272
1
0.993105
0.999273
0.999818
0.999999
0.996943
0.965186
0.975576
0.999996
0.999999
1
0.814881
0.95754
0.926296
0.967076
0.998422
0.963351
0.890407
1
0.999999
0.868659
0.999999
0.955995
0.999384
0.999999
0.999868
0.990456
0.999872
0.959628
0.981171
0.999999
0.993246
0.9725
0.867939
1
0.960488
0.999535
0.999089
1
0.999997
0.87471
1
1
0.999999
1
0.93977
0.826552
0.9691
0.964577
0.906692
0.99961
0.993788
0.991893
0.973309
1
0.999768
1
0.997579
1
0.83319
0.997623
0.966127
0.975693
0.997396
0.999998
0.798609
0.999999
0.999999
1
1
0.993943
0.999163
0.971395
1
0.999995
0.999999
0.999999
1
0.999961
0.9253
0.96384
0.999968
0.999993
0.998809
0.999997
0.999567
1
0.948566
0.892954
0.835511
0.987562
1
0.991082
0.955023
1
0.999998
0.975198
0.984851
0.999624
0.963931
0.998962
0.995456
0.999547
0.989999
0.989843
0.998527
0.992508
1
0.80455
0.994767
0.999999
0.995847
0.952148
0.999999
0.960514
0.999999
1
1
0.997761
0.991192
1
1
0.801137
0.750877
0.999999
1
0.999999
0.999999
0.999736
0.999999
1
0.983226
0.866251
0.965078
0.953436
0.999999
0.958662
0.997079
0.999072
0.999999
0.936688
0.989424
0.993631
0.946199
0.975304
0.995921
0.999992
1
0.971305
1
0.975304
1
1
0.98729
1
0.998757
0.99999
0.99684
1
0.974972
0.999253
1
1
0.785415
0.999997
0.872267
0.991908
0.997224
0.976487
0.97192
0.999144
0.997225
1
0.908066
0.986207
0.996738
1
0.944442
0.997367
0.999999
0.992177
0.995828
0.974995
0.999392
0.749782
0.937972
0.786473
0.960523
0.999999
0.91826
0.994006
1
0.936255
0.994878
0.99997
0.97865
0.999996
0.947117
0.999999
0.999996
0.999999
0.999949
0.964821
0.999993
0.987838
0.980524
0.894177
1
0.996668
0.998425
1
1
0.999987
0.959713
0.784105
0.999365
0.96512
0.998655
1
0.993883
0.999997
0.973014
0.988272
0.963811
1
0.999072
0.996218
0.999995
0.999997
0.989166
0.980066
0.968194
0.999234
0.994233
0.999996
0.940812
0.999999
0.977446
1
0.996197
0.944511
0.999993
0.999574
0.967722
0.999994
0.949318
0.948972
1
0.979813
0.99582
0.997693
0.937244
0.997457
0.995367
0.994144
0.890112
0.994627
0.958896
0.759152
0.998836
0.983569
0.995693
0.969115
0.999991
0.990495
0.997708
0.968991
0.964627
0.999998
0.991271
0.988894
0.916352
0.999995
0.993262
0.937227
0.988954
1
0.965169
1
0.975488
0.999084
0.98632
0.999979
0.999124
0.923284
0.999999
0.666952
0.999999
0.808374
0.786401
1
0.999987
0.872045
0.995433
0.993604
0.911913
0.999998
0.975033
1
0.999999
0.803607
0.9988
0.96231
0.999744
0.99981
0.943701
0.999999
0.984958
0.966474
0.999433
1
0.950574
1
1
0.99974
1
0.975033
0.981003
0.999016
0.986385
0.999992
0.953986
0.972429
1
0.974984
0.991247
1
0.748091
0.967092
0.915466
0.971617
0.999998
0.999202
0.999995
0.959946
0.999961
0.960842
0.999811
0.984467
0.995989
0.999999
0.999989
1
0.998375
0.982285
0.964282
0.972179
1
0.927116
1
0.97272
0.999998
0.999999
0.999997
0.936688
0.998179
0.9942
0.999989
0.990664
0.999973
0.999705
0.999999
0.999998
0.882399
0.724979
0.885764
0.99809
1
0.999864
0.998608
1
0.999999
1
0.996519
0.995565
0.795613
1
0.920274
0.9998
1
0.999967
0.783835
0.995943
1
1
0.999998
0.9993
1
0.999751
1
1
0.999998
0.963781
0.963351
1
0.999789
0.856547
0.992027
0.956339
0.999926
0.999998
0.964186
0.793836
0.999972
0.913631
0.966099
0.895594
0.996064
0.999744
1
0.999549
1
0.999999
0.998648
1
0.992984
0.999989
0.992663
0.949845
0.999999
0.941872
0.999567
1
0.997623
0.996107
0.990031
0.99678
0.999999
1
0.998713
0.874188
0.799994
0.991551
0.999972
1
1
1
1
0.953165
1
0.983854
0.97476
0.999995
0.999999
1
0.999186
0.999993
0.994233
0.997019
1
0.996961
1
0.953585
0.99353
0.994967
0.999999
0.96652
0.997457
0.986391
0.934306
0.931853
0.871828
0.906257
0.999987
0.952639
0.993959
0.999651
0.996852
0.99969
0.999999
0.965058
0.747855
0.909985
0.806382
1
0.999824
1
0.961562
0.910407
0.996491
0.971951
0.999994
0.986673
0.834767
1
0.990315
0.928571
1
0.999881
0.999985
0.929353
0.932058
1
0.997266
1
0.956005
0.961885
0.847589
0.988896
0.97071
0.980127
0.998949
0.999748
1
0.999936
0.977599
1
0.967845
1
0.972434
0.798424
0.999999
0.883748
0.996107
0.964424
0.999995
0.999999
0.999721
0.999867
0.886001
1
0.999966
1
0.999997
0.973802
0.870351
0.999993
0.999984
1
0.805093
0.999999
1
0.968003
0.953509
1
0.99978
0.807109
0.999997
0.999626
0.99999
0.999999
0.988587
1
0.991942
0.802752
0.960868
0.998268
0.99992
0.995754
0.847216
0.990448
0.999994
0.994434
0.989843
0.999998
1
1
1
0.918308
0.997695
0.990473
1
0.987758
0.999999
0.999999
1
0.970038
0.803321
1
0.999978
1
0.926718
0.856269
0.954684
0.957621
0.979326
0.952751
1
0.972965
0.999836
0.988394
0.988791
0.998494
0.980687
0.99197
0.999998
0.999999
0.962804
0.999995
0.993
0.999999
0.965432
0.976879
0.929425
0.999953
0.99648
1
1
0.966587
0.901594
0.999788
1
0.999999
0.999987
1
1
0.823657
0.953835
1
0.972363
1
0.970704
0.991022
1
0.963811
1
0.999999
0.980872
0.963048
0.995685
0.999996
1
0.805043
0.990923
0.962304
0.994263
0.997033
0.930164
0.989382
0.998188
0.999999
0.999999
0.983388
0.987549
0.998818
0.996298
0.979103
0.99922
0.971263
0.999915
0.999988
0.984963
0.998959
0.953883
0.999999
0.999803
0.892299
0.999999
0.988041
0.765008
0.653631
1
0.989362
0.991919
0.992112
0.954178
0.968431
0.999728
0.825633
0.985498
0.999998
0.958013
0.831182
1
0.99998
1
0.984446
1
0.950536
1
0.827693
0.915601
0.972176
1
1
0.999999
0.999377
1
0.716204
0.999537
0.999702
0.991684
0.892288
0.999999
0.999775
1
0.96535
0.746679
0.975419
0.999999
1
0.998314
0.983077
0.977019
0.999994
0.999375
0.998653
0.999885
1
0.999999
0.999999
0.998316
1
0.999999
0.898411
0.999999
0.999987
0.999976
0.999999
0.999232
1
0.991152
1
0.952985
0.901894
0.924856
0.99653
1
0.993346
1
1
0.926381
1
0.982318
0.952307
1
1
0.934703
1
0.999997
0.999996
0.815857
0.999999
1
0.989768
0.967828
0.999999
1
0.987929
0.78467
0.999999
0.855333
0.964047
0.954346
1
0.920348
0.999397
1
0.807126
0.999582
0.916494
0.965595
1
1
0.971041
0.995289
0.987549
0.791395
0.995306
1
0.997266
0.990634
1
0.927425
0.999997
0.999999
0.999832
0.9061
1
0.999999
1
1
0.960941
1
1
0.999997
1
0.964472
0.856884
0.999999
0.931119
0.985544
0.755461
0.98378
0.969634
0.996921
1
0.923469
0.997062
0.989522
0.99255
0.999635
0.999727
0.949421
0.999603
0.971041
0.982918
0.999998
0.996082
1
0.999999
0.986521
0.988448
0.982062
0.999996
0.99655
0.921984
0.999998
0.96578
0.999803
0.994648
0.976127
0.999999
0.999999
0.803887
0.999005
1
0.999995
0.739149
0.998771
0.990865
0.999997
0.955995
0.980562
0.797641
0.999976
0.964282
0.999978
0.974029
1
0.975211
0.998724
0.999999
0.947522
0.999946
0.999999
0.999144
0.999976
1
0.966611
0.999999
0.963781
0.998771
0.996632
0.993432
0.974085
1
0.999998
0.974085
0.96102
0.998013
0.99012
0.999991
1
0.998562
0.996867
0.946824
0.999998
0.975219
0.999999
0.999967
0.936452
0.889082
0.99888
0.958506
0.809166
0.999997
0.999999
0.994382
0.906605
0.949664
1
1
1
0.999998
0.999998
1
1
1
0.999422
0.951284
1
1
0.995138
0.999999
0.962624
0.999985
0.963983
1
0.999986
1
0.797415
0.999996
0.91411
0.99977
1
1
0.999626
0.989999
0.999994
1
0.999537
0.999999
1
1
0.971689
0.979753
0.930977
1
0.999596
0.999982
0.999705
0.866457
0.967156
0.999188
1
0.962875
0.999996
1
0.98191
0.993168
0.991628
1
0.999993
1
1
0.998672
1
1
0.999998
0.998866
0.964424
0.996163
0.992553
1
1
0.886069
0.937185
0.999994
0.981056
1
0.999651
0.953509
0.981407
0.947287
1
1
0.863802
0.968981
0.999624
0.964837
0.999996
0.999537
1
0.99999
0.987512
0.989507
0.990757
0.986305
0.999999
0.946477
0.907115
1
1
0.994671
0.999999
0.989698
1
1
0.756356
0.999999
0.952639
0.958013
0.999977
0.999998
0.997039
0.999998
0.99497
0.802262
0.833963
0.973814
0.999987
0.762763
0.94601
0.999999
0.999987
0.999997
0.987061
1
0.999421
1
0.939981
0.978465
0.999987
0.998127
0.999993
0.969552
0.963048
0.999999
0.984083
1
0.964954
1
0.999999
0.996943
0.999997
0.951603
0.994554
0.999999
0.899636
0.997498
0.997941
0.999374
0.986575
1
1
0.963768
0.806465
0.989768
0.782815
0.862713
0.996943
1
0.994037
1
0.999987
0.999996
0.942737
0.999978
1
0.999996
1
0.80431
0.994223
0.988255
0.920619
1
0.999999
0.802771
0.999997
0.973814
1
0.999236
0.971395
0.804148
0.934407
0.999944
0.999998
0.949664
0.995558
1
1
0.993744
0.999993
0.813116
1
1
0.96535
0.997243
1
0.957994
0.805326
0.964089
0.999739
0.999862
0.989522
0.999998
0.971746
0.884267
0.967052
0.999999
0.988315
0.999765
1
0.977952
1
1
0.959628
0.999997
0.989144
0.999985
0.999995
1
0.871048
0.966199
1
0.992027
0.999999
0.976793
0.717695
0.985468
0.999999
0.86683
1
0.963734
0.954013
0.997487
0.969766
1
0.999985
0.96859
0.999985
0.975198
0.966346
0.978068
0.987215
0.999756
0.987125
0.995264
0.999998
0.961056
0.999993
0.965196
0.99992
0.999996
0.991886
0.999699
1
0.993261
1
0.788504
0.992757
0.968698
1
0.998738
0.999375
1
0.999999
0.999998
0.973756
0.996697
1
1
0.802163
1
0.995685
1
0.999998
0.9948
0.999996
0.998648
0.955221
0.924491
0.999689
0.999997
0.998149
0.998586
0.932601
0.98506
0.999998
0.999662
0.981255
0.995653
0.992663
1
0.999382
0.966091
0.961973
0.996754
0.807683
0.989328
0.970902
0.976487
0.999794
0.81111
0.795927
0.961137
0.999999
0.952307
0.990923
0.985174
0.938382
0.999918
0.934904
0.973544
1
0.999999
1
0.999986
0.998151
0.999994
0.901046
0.994583
0.931789
0.736159
0.939659
0.781491
0.982568
0.946942
0.985635
1
0.906967
1
0.965196
1
0.956091
0.857502
0.999827
1
0.999962
1
0.999713
1
0.975072
0.999992
0.999985
1
1
0.967393
0.999874
0.969766
1
0.999994
1
0.773064
0.966667
0.865877
1
0.998129
0.999991
0.992508
0.998814
0.999998
0.866968
0.999997
0.988589
1
0.997207
0.842496
0.969339
0.968341
0.820708
1
0.992704
1
0.998943
0.994724
0.922955
0.933412
0.971202
0.999783
0.825667
0.996935
1
0.999773
0.99998
0.954895
0.999754
0.995433
0.999999
0.865219
0.890112
0.983813
0.999509
0.957157
0.918431
0.999656
0.921477
0.992598
0.999996
0.999999
0.858121
0.985582
0.999554
0.989424
0.786348
0.975149
1
0.988482
0.999988
0.996809
0.803608
1
0.858739
0.997943
0.999988
0.993794
0.997207
0.953761
0.96651
0.957507
0.893507
1
0.974078
0.999995
0.999903
0.717335
0.990456
1
0.963939
0.928484
0.999997
1
1
0.949417
0.988067
0.920317
0.994751
0.999996
0.906811
0.999935
1
0.790218
1
0.930828
0.98675
0.933455
0.961787
1
1
0.997215
1
0.984641
0.999994
1
0.999996
0.979326
0.960224
0.999974
1
0.96859
0.899189
1
0.999147
0.99515
0.999444
0.999646
1
0.798861
0.968829
1
0.99981
1
0.971307
0.958555
0.999535
0.999999
0.934882
0.976408
0.991817
0.999995
1
0.999997
0.999969
0.999999
0.99582
0.996551
1
0.980011
0.998577
0.722676
0.999998
0.721125
1
1
1
0.998188
0.970902
0.969796
0.858666
0.99875
0.859356
0.99947
0.980213
0.999999
0.999998
0.972038
1
0.999987
0.991271
0.924914
0.999886
0.955943
0.991737
0.967555
0.999913
0.873337
0.825971
0.947302
0.993815
1
0.99069
0.980144
0.999461
0.885056
0.999998
0.97698
0.966762
1
1
0.821043
1
1
0.999999
0.99981
1
0.996122
0.904082
1
0.999997
1
0.998022
0.919167
0.955338
0.991628
1
0.997702
0.963707
0.999999
0.999878
0.947943
0.999904
0.978182
0.982124
0.99782
0.999985
0.999664
0.915633
0.999999
0.999789
1
0.989969
1
1
0.99978
0.999994
1
0.999697
0.999997
1
1
0.985704
0.998183
0.989602
0.999991
0.991865
0.999999
0.752824
1
1
0.848217
0.999369
0.955023
0.999699
0.999992
0.999995
1
0.998749
0.965247
0.996312
0.800044
0.914685
0.999998
0.891984
0.999713
0.999736
1
0.774535
0.999925
0.934222
1
0.999116
1
0.999767
0.932058
0.999998
0.997791
0.963421
0.992566
0.999998
0.99993
0.995869
0.965205
0.992112
1
0.999993
0.999996
1
0.999997
1
0.998779
0.982972
0.99968
0.999995
0.948157
0.988206
0.966101
1
0.961574
1
0.999467
0.935481
1
0.999999
1
0.999673
0.999999
0.895015
1
1
0.96422
0.996363
0.802085
0.965503
1
0.909154
0.967754
0.98596
1
0.999504
0.948905
1
0.974476
1
0.940238
0.996653
0.960379
0.933815
0.999998
1
1
0.992956
0.908137
0.962443
0.998777
0.999999
0.999999
0.997066
1
0.999997
0.994967
0.999991
1
0.999999
0.990031
1
0.973361
0.812037
0.999999
1
0.907627
0.998426
0.9369
0.99998
0.928444
1
0.872024
0.873558
0.926052
0.999999
1
0.999999
0.615311
1
1
0.999997
0.908646
0.999999
0.987323
1
0.718791
0.999117
1
0.796355
0.80637
1
0.999996
0.968238
1
0.947548
0.963768
1
0.997366
1
1
0.991817
0.904193
0.975248
0.999123
1
1
1
0.999994
0.999999
1
1
0.998426
0.937906
0.999995
0.999998
0.952323
0.999872
0.976527
0.965085
0.999115
1
0.872236
1
0.929474
1
1
0.874213
0.994914
0.831593
0.999998
0.690908
0.999999
1
0.999999
0.999595
1
0.999986
1
0.976382
0.987323
0.999999
0.79989
0.930468
0.999999
1
0.999965
1
0.991233
0.98378
0.999694
1
0.994311
0.919651
0.999999
0.999999
0.996252
0.997429
0.999999
0.962607
1
0.991971
0.999998
1
0.997209
0.995378
0.885717
0.977686
1
0.965062
1
1
1
1
0.962415
0.938663
0.999613
0.961499
0.949705
0.999999
0.999999
0.983122
1
1
0.776133
0.88818
1
1
0.998794
1
0.985917
1
0.922051
0.975301
0.913941
0.99148
1
1
0.999903
1
0.999488
0.999999
1
0.976056
1
0.975787
0.796641
0.999997
0.999996
1
0.895391
0.956048
0.972817
0.988339
1
0.807443
0.932747
1
0.870313
1
0.999999
0.999997
0.812
0.997432
0.999571
0.904304
1
0.82845
0.988791
1
0.992704
0.899422
0.936989
0.984958
0.96651
0.96165
0.999991
1
0.999085
0.952323
0.982324
0.999999
0.999998
0.999801
0.994671
0.964652
0.812544
1
1
0.968209
0.998535
1
1
0.999916
0.999742
0.999993
1
0.990547
0.999998
0.97478
0.999997
0.992258
0.824633
0.999993
0.820691
0.998266
0.999999
1
1
1
0.978792
0.962958
0.959409
0.928501
0.99515
1
0.999999
0.999999
1
0.999999
1
0.999995
0.99994
0.999995
0.974283
0.971768
0.988206
1
0.99999
0.999999
0.969383
0.999991
0.999993
0.988041
0.94871
1
0.999901
0.988096
1
0.999999
0.968216
0.943898
1
0.999998
0.991343
1
1
0.999998
0.93222
0.999665
0.999999
0.999999
0.999994
1
0.993248
1
0.999998
0.999999
0.999987
0.999209
0.999978
1
0.814558
0.993463
0.935424
0.981407
0.999995
0.999987
0.933064
0.848795
0.974439
0.993496
1
1
0.96671
0.999998
1
0.99966
1
1
0.999998
0.999978
1
0.944261
0.974058
0.999998
0.999999
1
0.808003
0.999978
0.999998
0.999984
0.964821
1
0.983567
0.994263
0.989576
1
0.998061
0.999995
0.976357
0.999996
0.985325
1
0.965503
0.885136
1
0.805514
0.999999
0.996755
0.967754
0.999994
1
1
0.999999
0.999998
0.966649
1
0.905185
0.957201
1
0.987412
0.978068
0.996366
0.999958
1
0.997572
0.944928
0.952916
0.997429
0.949375
0.946561
0.94878
0.9907
0.968678
0.991152
0.999979
1
0.763362
0.976591
0.855833
0.99938
0.985979
0.997276
0.999351
0.720983
0.964072
0.93028
0.999872
1
0.987549
1
1
0.991379
0.989126
0.999927
1
0.969066
1
0.953354
0.99994
0.994946
1
0.981388
1
0.999998
0.999756
0.959828
0.998873
0.988031
0.999995
0.997033
0.999998
0.999994
0.994328
0.999998
0.999997
0.992151
0.999998
0.96859
0.967038
0.999999
0.999853
0.999984
0.999991
1
0.989969
0.937604
0.784441
0.999997
1
0.722156
1
0.997736
0.998926
0.997688
0.965961
1
0.940573
0.876566
1
0.965809
0.97618
0.969115
0.994037
0.999785
1
0.999833
0.999999
0.98112
0.999033
0.999978
0.996798
0.999998
1
0.960028
0.873126
0.984687
0.992028
0.999974
0.988843
0.997943
1
0.999998
1
0.968364
0.944949
0.993653
0.946948
0.932949
0.999555
1
1
0.99189
0.982918
0.999988
0.945293
1
0.988789
0.995953
0.942855
0.978182
0.999977
0.999915
0.9999
0.978983
0.999999
0.909661
0.999504
0.981332
0.995193
0.998135
1
0.988316
1
0.998351
0.999996
0.806432
0.964717
0.999999
0.999998
1
0.999996
0.813179
0.989541
0.999958
0.998061
0.999997
1
0.999997
0.953761
0.999998
0.976931
0.951289
0.969383
0.899337
0.999995
0.844596
0.963495
0.953909
0.97327
0.999996
0.929539
1
0.991698
0.978758
1
0.999972
1
0.982568
0.998908
0.990707
1
0.999783
0.99932
1
0.95059
0.964954
0.830176
0.999992
0.968855
0.976053
0.999521
0.813056
1
0.999773
1
0.999999
0.974542
0.980387
0.999387
0.9935
0.875554
1
1
0.96773
0.980184
0.990345
0.986305
1
0.599612
0.991125
1
0.999994
0.999999
0.823746
0.97693
0.999979
1
0.832658
0.9999
0.794641
0.961645
1
0.99542
0.999743
0.970025
0.999998
1
0.99815
0.951528
1
0.952916
0.967519
0.967463
0.824271
0.809192
0.963884
0.999998
0.999948
1
0.968698
1
1
0.9907
0.995561
0.999666
0.999999
0.977381
0.960302
0.956294
0.966189
0.94601
0.987412
1
1
1
1
0.937663
0.939864
0.987009
0.999715
0.874612
1
0.999999
1
0.976408
0.996379
0.982319
1
0.967426
1
1
0.991233
0.996276
0.999998
0.994967
0.999033
1
0.719449
0.874726
1
0.999997
0.971951
0.811209
0.949241
0.999989
0.999912
0.970661
0.997443
1
1
0.966091
1
0.969041
0.967695
0.991112
1
0.999998
1
1
1
0.962814
0.999999
0.971695
0.999996
1
0.999999
0.701517
0.878803
0.997165
0.971189
0.998943
0.999302
0.880046
0.986862
0.968929
0.993739
0.999998
0.992507
1
1
0.953807
0.963517
0.999999
1
1
1
0.99357
1
0.969823
0.999076
0.982006
0.994946
0.999999
1
0.999998
0.967393
0.896414
1
0.999999
0.973447
0.999997
0.946984
0.999932
0.999686
0.986062
0.996042
0.989499
0.89647
0.948766
0.721323
0.997639
0.999999
0.992038
0.999979
0.999999
1
0.999959
0.806373
0.982932
0.969394
0.999999
1
0.795675
0.999992
0.949983
0.98506
0.962237
0.999272
0.995914
0.99998
0.999999
0.957055
0.999076
0.999999
0.9436
0.999997
0.983813
1
0.994403
0.999999
0.999996
1
0.99038
0.845231
0.999999
1
1
0.964505
0.994894
0.99991
0.999868
0.999999
0.959434
0.795668
0.996284
0.999999
0.968216
0.999998
0.978381
0.999941
1
0.999225
0.939325
0.902275
0.999245
0.999998
1
1
0.998085
1
0.999999
0.999997
0.970306
0.933455
0.994462
0.964445
0.629734
0.999999
0.999985
0.866922
0.726428
0.999998
0.99235
0.962046
0.999999
1
0.963245
0.998974
0.903769
0.862323
1
0.994311
0.999996
0.938141
1
0.90915
1
0.896862
1
0.999995
0.972286
1
0.999969
0.950745
0.946965
0.999997
0.992902
1
0.999996
0.975787
0.988672
0.999999
0.999188
1
0.987613
1
0.960891
0.999963
0.982921
1
1
0.942638
1
0.99999
1
1
0.999997
0.999032
0.999999
1
0.953131
1
0.999995
0.999999
1
0.999912
1
0.999999
1
0.992259
0.996073
0.792555
1
0.99988
0.999999
0.970618
1
1
0.743402
1
0.953585
0.999419
0.732436
0.954019
0.996607
1
0.968678
1
0.999991
0.901203
0.998412
0.965597
0.998082
1
1
0.843219
1
0.972391
1
1
0.999997
1
0.999999
0.977467
0.999999
0.949555
0.964844
1
0.999996
0.814803
0.957436
0.999999
0.998684
1
0.999998
0.91093
0.986826
1
0.999709
0.999999
0.926012
0.999993
0.79392
0.790037
0.999748
0.992431
0.973942
0.794073
1
0.937973
0.999998
0.991084
0.996111
1
1
0.966101
1
0.993739
0.961221
0.955328
1
1
1
1
1
0.938141
0.999847
0.969989
1
0.999973
0.940199
0.991112
1
0.989792
1
0.994598
1
1
0.937244
1
1
0.995828
0.970277
0.999999
1
1
0.999999
1
0.995749
0.999998
0.99636
0.998499
0.968855
0.849977
0.98112
0.99223
0.994584
0.996106
0.999998
0.862885
0.999999
1
0.999992
0.931773
0.972899
0.999999
0.946561
0.999986
0.989233
1
0.999992
0.859863
1
0.999994
0.99038
0.982006
0.968393
1
0.993144
0.999998
0.996284
0.99989
0.83863
0.999999
0.967695
1
0.963545
0.99978
0.999998
0.870311
0.769041
1
0.999999
1
0.963245
0.999994
1
0.999893
0.999999
0.993895
0.999999
0.972721
1
0.999969
0.890258
0.950432
0.972536
0.999995
0.999999
0.815304
0.972534
0.999068
0.811812
0.945017
0.999857
0.999883
0.999984
1
0.999438
1
0.999999
1
0.980154
1
1
0.999999
1
0.98049
0.99999
0.970389
0.995225
1
0.999572
0.99986
0.999226
0.942638
1
0.957817
0.969823
0.995548
0.933674
1
0.999967
1
1
0.996139
0.971115
0.990141
0.994075
1
0.96599
1
0.999999
0.956872
0.971149
0.999956
0.999998
0.964072
0.999998
0.814161
1
0.922489
0.999074
0.999781
0.794242
0.892389
0.991695
1
0.989374
0.989252
0.929129
0.964927
1
0.961314
0.951272
0.999855
0.999998
0.988293
1
1
0.999353
1
0.960379
0.999927
1
0.999977
0.999999
1
1
0.999996
0.954226
1
0.999999
0.970744
0.999998
0.994047
0.999999
0.999999
0.999998
1
0.999999
0.996857
1
0.999998
0.999873
0.999999
0.999871
0.999999
0.999998
0.947001
0.982003
0.999996
0.979114
1
0.958709
0.993474
0.966213
0.999998
0.997432
1
1
0.988182
1
0.96512
0.99885
0.996111
0.99996
0.999771
1
0.999999
1
0.998926
0.944393
0.999995
0.987088
1
0.975208
0.970661
0.988843
0.859361
0.709973
0.999978
0.998983
0.999541
1
0.999998
0.977288
0.995459
0.946108
0.810481
0.972461
0.999996
0.961499
0.954195
1
1
0.955546
0.999998
1
0.920197
0.948415
1
1
0.999999
0.976736
0.988127
0.999977
0.999996
0.999897
0.724144
0.999998
1
1
1
1
0.939485
1
1
0.961969
0.988794
0.999999
0.973801
0.99976
0.999998
0.943193
0.961744
0.995785
1
0.959287
1
0.991072
1
1
0.906698
0.97661
0.973876
0.791431
0.999648
0.809782
0.999999
0.977172
1
0.990889
0.999967
0.954067
1
1
0.996644
0.999999
0.951198
1
0.999999
1
1
0.949812
1
0.992566
0.995657
0.999999
1
0.953211
0.966968
0.999999
0.999865
0.966759
0.965078
0.9935
0.985435
0.999996
0.999353
0.947664
0.99999
0.966547
0.987613
0.9765
0.894976
0.996465
1
0.815335
0.970938
0.974755
1
0.997817
0.999999
0.999998
0.999999
0.998974
0.9948
0.999998
0.979616
0.95628
1
0.999998
0.992259
0.792655
1
0.994595
0.963199
0.999546
0.99235
0.999336
1
1
0.894691
1
0.990917
0.795098
0.999999
0.988387
1
0.999957
0.989252
1
0.999986
1
0.988697
0.999955
0.999993
0.993895
0.957884
0.999908
0.832914
1
0.983793
1
0.999823
0.999862
1
0.987215
0.999731
0.99838
1
1
1
0.998499
0.995762
0.999969
0.944625
1
0.922716
0.999999
0.792467
0.991299
0.999053
1
0.999999
1
0.999998
0.96962
0.996792
0.991149
0.999999
1
0.981086
0.999999
1
0.977411
0.999998
1
0.99615
0.988313
0.995316
0.997441
0.990575
1
1
1
0.906929
0.999999
1
0.961791
0.989011
0.969878
0.707264
1
0.994497
0.944335
0.801006
0.999712
0.731025
1
0.999999
0.999608
0.957565
0.985396
0.970277
0.999997
0.97693
0.999546
1
1
1
0.999992
0.999999
0.924062
1
1
0.99626
0.987759
0.962984
0.986793
0.882708
0.999999
0.991692
0.978996
0.938177
0.999998
0.975614
1
0.979286
0.999963
0.999888
0.971883
1
0.999997
1
0.995474
0.999625
0.985322
0.940199
0.990141
0.99927
1
1
0.942272
1
0.841834
0.986478
1
0.999999
0.974683
1
0.999999
0.994131
1
1
0.998091
1
0.911066
0.999374
0.992673
0.999999
1
0.930284
0.786332
0.753233
0.928706
0.999999
0.959465
0.999999
1
0.992031
0.964251
1
0.999993
0.999999
0.976681
0.959812
0.981946
0.970618
0.975117
0.971428
1
1
0.991894
1
0.875598
1
0.963629
0.999998
0.998776
0.947952
0.999997
0.996792
1
0.995316
0.987359
0.962861
1
1
0.972363
1
0.95979
0.966066
1
0.999999
0.996678
0.992998
0.999373
0.999889
0.961981
1
0.793726
0.873813
0.999992
0.999785
0.999999
0.998914
0.922352
0.999992
0.962003
0.999996
0.999997
1
0.977969
0.999999
1
1
0.999863
0.999999
1
0.997817
0.762114
0.974712
0.999998
0.620116
0.987754
0.97999
1
1
0.989056
1
1
0.989692
1
1
0.874049
0.734415
1
0.984884
1
0.998638
0.998103
0.798517
1
0.968087
0.992813
1
1
1
0.999999
0.976375
1
0.913334
0.955601
0.990868
0.999996
0.999997
1
0.953391
0.978607
1
0.975301
0.999999
1
0.800704
1
0.970744
0.99596
0.991451
1
0.956091
0.984954
1
0.901518
1
0.937593
1
1
0.999998
0.999999
0.999998
0.974659
1
0.999968
1
0.999999
0.999999
0.999999
1
0.817885
1
0.961527
1
0.990575
0.985113
1
0.987663
0.999999
0.938433
0.991695
0.840586
1
1
0.999997
0.998911
0.969351
0.96542
0.799757
0.998753
0.999994
1
0.966782
0.999998
1
0.966532
0.968335
0.998452
0.998513
1
0.980657
0.999998
0.99855
0.94917
1
0.999999
0.970499
0.999993
0.999989
0.990597
0.990045
1
1
1
0.999955
1
0.936046
0.987089
0.919936
0.968007
0.999999
0.972334
1
1
0.944486
0.999999
0.778366
1
0.992227
0.999998
0.999976
0.999999
0.976459
0.994698
0.945917
0.976848
0.970938
0.923379
0.999994
1
1
1
0.91776
0.995673
0.942014
0.999999
0.901821
1
1
0.957697
0.999993
0.998559
0.999999
0.992478
0.999117
1
0.999999
0.937906
0.999997
0.88779
0.99838
0.99999
0.998261
0.999983
0.999999
1
1
0.969878
0.90057
0.651594
0.870278
1
0.994723
0.916032
0.999996
0.999998
1
0.999994
0.999936
0.989944
0.985767
1
1
0.953499
0.999999
0.993925
0.999992
1
1
0.987223
1
0.995411
0.999994
1
1
0.988276
0.857493
0.999996
1
0.999999
0.990285
1
0.962522
0.999999
0.998914
1
0.999998
0.999994
0.936254
0.992753
1
1
0.999988
0.988076
0.999992
0.971883
0.999972
0.999995
0.984696
0.973698
1
1
1
0.922412
1
1
0.999701
1
1
0.997686
1
0.954419
1
0.959465
0.993925
0.999986
1
0.973788
0.999999
1
0.933426
0.972801
1
1
0.838503
0.899641
0.930017
0.999935
0.999999
0.999994
0.975517
0.952533
1
0.999999
0.976313
0.999944
0.999997
0.800111
0.983466
0.999973
0.971174
1
0.968899
0.999618
0.897746
0.999997
0.983254
0.98653
0.999999
1
1
0.997744
0.951886
1
0.999965
1
1
0.951809
0.844605
0.963072
0.998513
1
0.986482
0.999458
0.999999
1
0.979862
0.972721
1
0.991299
0.99844
0.835823
0.994844
0.999998
0.999958
0.990749
1
0.992775
1
0.975744
0.999911
0.988913
1
0.953131
1
0.999999
1
0.999996
0.953942
0.9856
0.999765
0.997686
1
1
1
0.964467
0.962949
0.951272
0.964252
0.80849
0.971942
1
0.99996
0.999999
1
1
1
1
0.983099
1
0.71241
1
0.826476
0.999954
0.999999
0.992195
0.999645
0.999754
0.999977
0.989017
1
0.995626
0.6923
0.968606
0.992117
0.99991
0.934463
0.980365
0.996985
1
0.99997
0.970674
0.971139
0.999725
0.999996
0.950915
0.999888
1
0.960288
1
0.990451
1
0.97064
0.94905
0.966132
1
1
0.958476
0.989198
0.938758
0.999972
0.992405
0.942128
0.81302
0.991036
0.999929
0.955728
0.99626
1
1
0.791933
0.985435
0.989944
1
0.888447
0.967004
1
0.993502
0.998745
0.767554
1
0.999999
0.998431
1
1
0.973011
0.999999
1
1
0.962878
0.968545
0.965514
0.963629
1
0.960644
0.999972
0.999927
0.998915
0.999894
0.986323
0.99997
1
1
0.817877
0.808615
1
1
0.999096
1
0.954459
0.878076
0.999985
0.990564
0.999999
0.886973
0.851158
0.99976
0.987446
0.98841
1
0.948485
0.987409
1
0.993358
0.926128
0.99986
0.890258
0.801044
0.999654
0.999999
0.978828
1
1
1
1
0.998974
0.999978
0.975149
0.849504
0.999325
0.999997
0.802743
0.960044
1
0.935657
1
0.993502
0.977163
0.971746
0.999771
0.844079
0.918691
0.994583
1
0.966968
0.946318
0.956872
0.996967
1
1
1
0.757679
0.952122
0.976061
0.999998
1
0.971319
0.998261
0.940923
0.998387
0.918693
1
0.968994
0.798294
0.949421
0.969013
0.965668
0.989276
0.999986
0.971648
1
1
0.740688
1
0.994419
0.989633
0.993132
0.769102
1
0.962977
0.992775
1
1
0.802205
0.954226
1
0.999993
0.999332
1
0.978123
0.92957
0.860227
0.99988
0.999999
1
0.865243
0.999756
0.971211
0.99975
1
0.98866
0.721012
1
0.997006
1
0.999946
1
0.907792
0.915373
0.687125
1
1
1
0.958662
1
0.990597
0.994457
0.996365
0.898864
0.987748
1
0.812086
1
0.999997
1
0.999999
1
1
0.999999
1
0.999999
0.925868
1
0.999998
0.961056
0.712636
0.973862
0.927007
1
1
0.973054
1
1
0.955546
1
0.785521
1
0.998887
0.999891
0.996365
0.999999
0.99999
0.997198
0.999665
0.999999
0.970389
0.999999
0.999998
0.987925
0.960423
1
0.947064
0.981118
0.965057
0.999976
0.999884
0.999995
0.965205
0.724735
0.976253
1
0.99969
0.999585
1
0.999975
1
1
0.986801
0.999999
1
0.999999
0.922571
0.976587
0.994773
1
0.999997
0.999861
0.999992
0.999992
0.999759
0.999999
0.999997
1
1
1
0.999803
1
0.999948
0.999999
0.999999
1
0.947054
0.999999
1
0.861839
1
0.983421
0.953712
0.999772
0.979774
1
1
0.974159
0.804456
0.950455
0.999913
1
0.999999
0.981255
0.990279
0.991648
1
0.909593
0.999995
0.999617
0.933426
0.856458
0.992096
0.970399
0.977427
1
0.999771
1
0.913623
1
1
0.784377
0.999895
0.972801
0.991633
1
0.999986
0.759896
1
1
1
0.98126
0.999995
0.97663
0.997012
0.959138
1
1
0.988067
1
0.999742
0.999998
0.980356
1
0.975981
0.974139
0.808301
0.970312
0.999999
1
1
0.96599
0.90915
1
0.998486
0.953461
1
0.989115
0.999999
1
0.80185
0.995216
1
1
1
0.99875
0.960296
0.993492
0.988795
0.999999
1
1
0.999998
0.960118
0.933847
1
0.999885
1
1
0.999997
0.989276
0.999037
0.999991
0.999988
0.949812
1
0.989162
0.99538
0.975884
1
0.996147
0.995768
1
1
0.987044
0.799672
1
1
0.987913
1
0.903665
0.983375
0.999552
1
0.999999
0.991509
0.996865
0.762838
0.999997
0.990614
0.938619
0.999693
0.999966
1
1
1
1
0.947674
0.998781
1
0.942128
0.769014
0.999993
1
0.99894
0.973011
0.999998
0.998429
0.999993
0.993492
0.999779
0.717699
0.970237
0.999975
0.968087
0.999997
0.828669
0.967141
0.787204
0.999999
0.972941
0.974673
0.999999
0.995836
0.99866
1
0.999621
1
0.870219
0.992998
1
0.958166
0.987105
1
0.99998
0.954282
0.995998
0.993872
0.954195
1
0.998256
1
1
0.995739
1
0.941668
0.999965
0.999999
0.992813
0.995768
0.952253
1
0.822816
0.998216
0.988276
0.983388
0.971648
1
0.999995
0.968264
0.997229
0.999372
0.996736
0.991036
1
0.851614
0.999692
0.999985
0.999999
0.932576
0.992972
0.927691
0.811647
0.962428
1
1
1
1
0.994867
0.868208
1
1
1
1
0.999999
1
0.819651
1
0.999999
0.999999
0.999958
1
1
0.967537
1
0.999985
0.999992
1
1
1
0.796941
0.978455
0.994823
0.993247
1
0.980729
0.999965
0.997432
0.989214
0.994773
0.99998
0.992031
0.999999
0.988468
0.805983
0.992477
0.810203
1
0.968613
1
1
0.988789
0.97287
1
1
0.814345
0.973862
1
0.982959
0.971517
1
1
0.995084
0.808646
0.919167
0.999983
0.932526
0.98711
0.999977
1
0.999058
0.999999
0.999737
0.814345
0.967581
1
0.83306
1
0.983063
0.983727
0.960028
0.999912
0.999876
1
1
1
1
1
0.975005
1
0.851662
1
0.910586
1
1
0.999997
0.999999
1
0.979896
0.997098
0.887075
1
0.80558
0.990371
0.999996
1
0.961634
0.999996
1
0.757523
1
1
0.999966
0.999999
0.975694
0.999759
0.999923
0.990049
0.988969
1
0.962522
0.999978
0.998989
1
1
0.755718
0.961959
0.984423
0.999971
1
1
1
1
0.995644
0.998347
1
0.969351
0.998927
1
1
0.999999
0.999995
0.932534
0.952937
0.994415
1
0.966575
0.974283
1
0.891537
0.878879
0.997559
0.925932
0.989153
0.965338
0.943365
0.949276
0.999999
1
1
0.976812
0.995852
0.975818
0.999999
0.972357
1
0.910911
0.999908
0.99226
0.910346
0.954747
0.997671
1
1
1
0.982896
0.985544
0.955479
0.97881
0.991886
0.998399
1
0.990385
0.975818
0.999994
0.99424
1
0.999998
1
1
1
0.704087
1
0.999785
1
0.806772
0.967289
1
1
1
0.999994
0.999438
0.995234
0.996465
0.999661
0.999999
0.999892
0.999999
0.952167
0.99969
0.95944
0.999965
1
1
0.949376
0.999011
0.999999
1
0.999999
0.999999
1
0.971212
1
0.978327
0.978601
1
0.999996
0.999999
0.999998
0.994907
0.999978
1
0.970088
1
1
0.937185
0.999735
0.982577
1
0.977041
1
0.999995
0.806978
1
0.997982
0.999754
1
0.900517
0.999989
1
0.999555
0.998034
0.999998
1
0.930097
0.947392
1
0.826158
0.999048
0.938028
0.99985
0.999999
0.995703
0.952902
1
0.999796
0.999985
1
0.999999
1
0.926896
0.999994
1
0.999901
0.811691
0.999047
0.966962
0.951926
0.929572
1
0.993251
0.843678
1
0.743762
0.999765
0.996693
1
1
0.989592
1
0.927919
1
0.972702
1
1
0.999961
0.982711
0.999988
1
1
0.96389
0.994712
1
0.999998
1
0.966905
0.999831
0.928866
0.998803
0.971247
1
0.999999
0.931068
0.999994
0.967609
0.999999
0.856578
0.999825
0.972941
1
0.750301
1
0.95609
1
1
0.708838
1
1
0.954794
0.901487
0.998188
0.999967
0.765935
0.998294
1
0.978096
0.999999
0.989162
0.993336
0.999977
0.982185
1
0.945046
0.929462
0.993369
0.955579
0.984298
0.869361
0.992465
0.998118
0.998183
0.969701
1
0.991742
0.999736
1
1
0.999854
0.998866
0.995525
0.941903
0.857603
1
0.966388
0.969338
0.999546
1
0.997294
0.665652
0.988255
0.99998
0.999993
0.962364
0.830842
0.966532
0.996327
0.981455
0.955377
0.921275
0.996771
0.996571
1
0.999931
1
0.999686
1
1
1
0.999968
0.998803
0.960539
0.999975
1
1
0.950424
1
0.999999
0.999989
0.973903
0.999893
0.991272
0.999999
1
0.953812
0.999988
1
0.974241
1
1
0.999743
0.99996
0.831393
1
0.998609
1
0.922816
1
1
1
0.92303
0.98164
0.996059
0.959138
0.939
0.99852
0.938782
0.933352
0.97198
0.999347
1
1
0.776416
0.999961
0.926181
0.935387
0.998305
1
1
1
1
1
0.999792
0.97876
0.999857
1
0.999981
0.700311
0.888291
0.998654
0.993219
1
0.780977
0.99357
0.881856
1
1
0.999999
1
0.98852
0.97382
0.972387
1
0.86026
0.971054
1
1
0.988795
0.957357
0.977159
1
0.791989
0.996522
1
1
1
0.999998
1
0.965932
0.999999
0.999999
0.957064
0.999767
0.952533
1
0.976277
0.999756
0.999992
0.941668
0.998475
0.964817
1
0.999751
1
0.974542
1
0.999998
0.999963
0.988361
0.810111
0.944481
0.999634
0.999917
0.999999
0.998962
0.999999
1
0.999999
0.991789
0.999774
1
0.997509
0.999996
0.975374
1
0.957624
1
0.994785
0.953112
1
0.817784
0.999999
0.985088
0.999574
0.999897
0.800297
1
0.92933
0.999793
1
1
1
1
0.985792
1
0.999994
0.844885
0.998658
0.782533
0.976647
1
1
1
0.961042
0.999783
0.956568
1
0.999399
0.960423
0.999994
1
0.999731
0.950731
1
0.998966
0.967918
0.65608
1
0.890688
1
1
0.803447
1
1
0.999501
0.999998
0.999746
1
0.996377
0.856506
0.997618
0.999984
0.999999
0.975304
0.999997
0.999953
0.999999
0.951141
0.999962
0.999793
0.998988
1
0.998562
1
0.999993
1
0.999995
0.82354
0.999759
0.97287
1
0.978121
0.999999
0.999078
0.988276
1
0.999099
0.995084
0.957851
0.952253
1
0.99947
0.994186
1
1
0.992465
0.999999
1
0.995727
0.978438
0.999993
1
0.724612
0.99787
1
0.992373
0.998249
0.995462
0.999988
0.946717
1
1
0.828715
0.758018
0.976931
1
1
0.990279
0.966949
0.99985
1
0.997671
1
0.981986
0.992642
0.974139
0.981302
0.806171
0.882836
0.960428
1
0.911464
1
0.964952
0.999634
0.999998
0.99916
0.999999
0.999999
0.999115
0.994968
0.836599
0.999991
1
0.994595
1
0.85891
0.994554
0.868174
0.818397
1
0.978123
0.999996
0.988021
1
1
0.998663
0.99998
0.922116
1
0.994875
0.932534
1
0.999941
1
0.961772
0.985476
1
0.954809
1
0.989322
1
1
0.995857
0.939503
0.943365
0.972176
0.999538
0.812239
1
1
1
0.99744
0.863572
1
1
1
0.970304
0.902054
1
1
0.996791
0.991894
1
1
1
0.910956
0.999605
0.967244
0.999999
1
1
0.999839
1
0.999999
0.933299
0.999999
0.999999
0.999999
0.999982
0.999546
1
0.956122
1
1
1
0.999989
0.801417
0.998114
0.999994
0.998514
0.895566
1
0.99969
0.999997
0.996965
1
1
1
0.998595
0.999354
0.999976
0.97199
1
0.959853
1
0.79731
0.945657
0.93883
1
1
1
0.998189
0.98605
1
0.99009
0.976676
0.999964
0.963076
0.9762
0.966265
0.999994
0.987915
1
0.999524
0.917941
1
0.999793
1
0.955479
0.999284
0.874452
1
0.994503
0.932482
0.962783
0.999116
0.999951
1
0.977624
1
1
1
0.974092
0.894104
1
1
1
1
0.994839
1
0.999984
0.99226
0.925386
0.999737
0.825246
1
1
1
1
1
1
0.998189
0.999767
0.999771
1
1
0.963943
1
0.998814
0.988321
0.893464
0.995727
0.997222
0.999753
0.999989
0.999999
1
1
0.903665
0.974457
0.999982
0.999836
0.999989
1
0.999902
1
0.995743
1
1
0.9762
0.999985
0.988574
0.94601
0.951931
0.997346
1
1
0.999901
0.999998
0.896335
0.932157
1
1
1
1
0.999916
0.999999
0.999925
0.998357
0.98886
1
0.989637
0.834159
1
0.988795
0.960588
0.998348
1
0.999965
1
0.999731
0.999889
1
0.999823
0.98473
0.977078
0.810697
0.991971
0.965974
0.811392
0.995652
1
0.999957
0.964734
0.999995
0.863881
0.999383
0.995501
1
1
0.973946
1
1
0.935286
0.993261
0.902118
0.987521
0.959946
0.995246
0.984971
0.987437
1
0.866696
1
0.996736
1
0.975304
0.999461
1
1
0.968645
0.999727
0.999605
0.99358
0.872953
0.999817
0.992023
0.989893
0.99975
1
0.990267
0.999946
0.871366
0.979552
1
1
1
0.999985
0.999267
1
0.999964
1
1
0.999997
0.999994
0.992688
0.609024
0.791542
1
1
0.99009
0.997509
0.962391
0.999892
1
0.988751
0.976648
1
0.921096
1
0.939499
0.970306
0.99585
0.999988
1
0.924938
0.999759
0.904791
0.955443
1
0.753441
0.990614
0.846707
1
1
0.846964
1
0.970035
1
0.99997
1
1
0.9766
1
1
0.999998
0.843219
0.993257
0.995268
0.959125
1
0.999952
0.786503
0.963353
0.999757
0.989358
0.999093
0.974092
0.999999
0.99412
0.934104
0.916228
0.999635
0.994894
0.975374
1
0.99565
1
1
0.976648
0.776833
0.964293
0.7397
1
0.966974
0.999977
0.972093
1
0.999834
0.999531
1
1
1
1
1
1
0.899534
0.994904
1
1
1
0.999997
0.996087
1
1
0.999999
0.998262
1
0.999999
0.997963
1
0.999999
0.990692
0.999972
0.999996
0.999999
0.992322
0.93009
0.999999
0.995351
0.998417
1
0.688813
0.999137
0.943497
1
0.995311
1
0.999989
1
0.999978
0.954107
0.999372
0.754854
0.944185
0.995263
1
0.898869
0.99998
1
1
0.9999
0.999999
1
1
0.998475
1
0.990473
0.976132
0.945493
1
0.907922
1
1
1
0.951455
0.999793
1
0.90414
0.999993
1
1
0.846402
0.99774
0.999999
0.998609
1
1
0.999925
1
0.959317
0.776507
0.934714
0.999713
0.904869
0.999999
1
0.993827
0.999852
1
0.977112
1
0.993496
0.999799
0.685946
0.988867
0.998761
0.999999
0.999447
0.999979
0.995234
0.999768
0.99857
1
0.999701
0.997931
0.99825
1
0.994767
1
0.999749
0.9999
0.896723
1
1
0.941582
0.999966
0.999768
1
1
0.996837
0.826167
0.758495
1
1
0.999995
0.99983
0.980312
1
0.963176
0.985438
1
0.785983
0.934626
0.990728
0.99062
0.961102
1
0.992208
1
0.98375
1
0.999969
0.994032
0.998054
0.954364
0.977041
0.999538
0.891739
0.999997
0.999756
1
0.876072
0.967971
0.999999
0.999946
1
0.90253
1
1
1
0.926327
0.99974
0.923162
1
0.999999
0.967073
0.994955
0.977112
1
1
0.981612
0.998904
1
0.999996
1
0.999973
1
1
0.999884
0.999996
0.988926
0.994328
0.824076
0.868234
0.986624
0.961634
1
1
1
1
0.999998
0.81006
0.999993
0.956568
1
0.930783
0.919726
0.999999
0.999888
0.999999
1
1
1
0.962793
0.997347
1
0.999998
0.999964
0.999987
1
0.960551
1
1
0.999746
0.822756
0.999883
0.994484
0.992655
1
1
1
1
1
0.999999
0.993369
1
0.999911
0.99999
0.953712
1
0.929439
0.958078
0.999362
0.988321
1
0.976232
0.977356
1
0.951926
0.959907
1
0.736638
0.79838
1
0.915963
0.795339
0.977032
1
0.801756
0.997346
0.992254
1
1
1
1
1
0.999999
0.92196
0.999168
1
1
0.977356
0.994693
0.991919
1
0.999976
0.999326
0.965633
0.999701
1
0.956468
1
1
1
1
1
1
1
1
0.958067
0.796935
1
0.996331
1
1
1
0.951968
1
1
0.999104
0.999999
0.940711
0.999799
1
1
0.997585
0.974113
0.994554
0.854567
0.966668
0.964471
1
0.974457
0.999508
0.999998
1
0.999997
1
1
1
0.999963
0.999998
1
0.999989
0.953635
0.989027
0.841703
0.969701
0.999734
0.999981
0.998553
0.999856
0.999999
1
1
1
0.919861
1
1
0.992177
1
1
0.99995
0.99098
1
0.791336
0.992873
0.991981
0.976277
1
0.940109
1
0.999733
0.993105
1
0.867101
1
0.962627
0.998505
0.854114
1
0.999823
0.969093
0.998905
0.949283
1
1
1
0.936044
1
0.999999
1
1
1
1
1
1
0.914488
0.968227
0.999791
0.976894
0.976232
0.999995
1
0.863407
0.867613
0.945488
1
0.999992
1
1
0.999453
0.992157
0.863068
0.999998
0.929818
0.988733
0.977139
0.990633
1
0.999737
0.990635
0.973869
0.865984
1
1
0.998514
0.943381
0.999963
0.977064
1
0.986018
0.999989
0.964293
1
0.983118
0.819629
0.995142
1
1
0.61509
0.977032
0.998839
0.999411
1
1
0.999746
0.997612
0.999734
1
0.953812
1
1
1
0.925919
1
1
0.996129
0.983588
0.843459
0.919893
1
0.999999
0.948352
0.995178
0.946547
1
0.999489
0.909985
0.999872
0.999982
1
0.999247
0.976647
0.932713
1
0.991791
0.990261
0.919861
1
0.765737
0.886149
0.943497
1
0.960681
0.999849
0.977183
0.982813
0.957851
0.999343
0.959309
0.999915
0.981455
1
1
1
1
0.999999
0.932614
0.936139
1
1
0.988942
0.999992
1
0.850651
0.577603
0.992673
0.996021
1
0.965258
0.882869
1
0.996624
1
0.991368
1
0.649631
1
0.970088
0.98959
1
0.99936
0.994527
1
0.982745
0.991035
1
1
0.990315
0.999872
1
1
1
1
1
0.9996
0.991192
0.999621
0.999993
1
1
0.999985
1
1
0.965752
0.99517
0.999531
0.964023
0.998415
1
0.991247
0.8855
0.992805
0.859365
0.930097
0.971206
1
0.983961
1
0.999898
1
0.999997
1
0.976272
1
0.796234
0.964735
0.808885
0.756222
0.985582
0.938094
0.910339
0.847343
0.998493
0.963943
0.992157
0.99999
0.896394
0.999963
0.976313
0.999995
0.992248
1
0.999958
0.999999
0.977064
0.999975
0.99147
1
0.999984
0.997006
1
0.998459
0.895104
0.811177
1
1
0.820958
1
1
0.999999
0.997008
1
0.99762
1
0.893464
0.921201
0.999943
1
1
0.999999
0.999437
0.87686
1
0.936462
0.995474
0.999753
1
1
0.977159
0.999999
0.999999
0.999965
0.927564
1
0.935817
0.999999
0.998443
1
1
0.869931
0.999976
0.829396
1
0.999994
1
0.97805
0.999258
1
0.842758
1
0.999886
0.871991
0.999691
1
1
1
0.919177
0.988243
1
0.997029
0.951951
0.836196
0.999463
0.984693
0.999999
1
0.992688
0.815207
1
0.810582
0.997585
0.999999
0.999997
0.999972
1
0.999743
0.985902
0.998105
0.957036
1
0.999793
1
0.997607
0.957275
0.854567
0.999999
0.999999
0.980864
0.999987
0.999765
1
0.786234
1
1
0.884477
1
0.876072
1
1
0.968825
1
1
1
0.948779
0.818393
1
0.990345
1
0.846285
0.992227
0.999994
1
0.988394
0.959905
0.999996
1
0.989328
1
1
1
0.999993
1
0.999941
1
0.99173
1
0.985635
1
0.999999
1
1
1
0.999987
0.908352
0.996674
1
0.999999
1
1
0.974894
1
0.989382
0.933189
0.874276
1
1
1
0.999999
0.963616
0.999999
0.994462
0.798899
0.999998
0.999997
0.999997
0.999993
0.999982
0.87764
0.998513
0.999904
0.904869
1
0.998417
0.949768
0.98131
0.99742
0.986575
1
1
0.976403
1
1
0.999956
0.9334
0.940109
0.971696
0.836949
0.972365
1
0.618479
0.919893
0.968929
0.999999
1
0.812597
0.982381
1
1
0.999969
1
0.835446
1
0.988448
1
0.999999
1
1
0.928993
0.97567
0.978933
1
1
1
0.769784
1
1
1
0.62032
0.999621
1
1
0.960667
1
0.657076
0.999998
0.999991
1
0.996054
1
0.999635
1
1
1
1
0.893846
1
1
0.95733
1
1
0.991116
1
1
1
1
0.975292
0.999999
0.976914
0.999764
0.953098
0.999793
1
0.998795
0.999981
0.996054
0.999868
1
1
1
0.964114
1
1
1
0.957517
1
1
1
1
0.622976
1
1
1
0.993224
0.987758
1
1
0.998584
0.828197
0.987512
1
1
0.658117
0.985008
0.996471
1
0.999999
0.999997
0.995507
0.992309
1
1
0.999949
1
0.999985
0.968574
0.999847
1
0.935371
0.939474
0.999321
1
0.999999
0.999999
1
0.993173
0.99933
0.938955
1
1
1
1
0.955992
0.999999
0.999185
1
0.984641
1
0.999991
1
0.996438
0.998657
0.761585
0.999999
1
1
0.999905
1
0.81388
0.999999
0.998812
0.999999
0.989636
1
1
0.996624
0.999628
1
1
1
1
0.994919
1
1
1
0.856048
0.999897
0.986521
1
0.999999
1
0.99239
1
0.993739
1
1
1
0.999999
0.987458
0.945027
1
0.970553
0.745525
0.999848
0.854093
0.999996
1
0.998348
1
1
0.933958
1
1
1
1
1
1
0.999788
0.999685
1
0.999999
0.999552
1
0.996866
1
0.999996
1
0.876774
0.773374
1
1
1
0.999749
0.948033
0.999989
0.80119
0.999988
1
1
1
1
1
1
1
1
0.991124
1
1
0.999999
1
1
0.998721
0.940258
0.839432
0.998534
1
0.853564
1
0.995887
1
1
1
1
1
0.999988
1
0.999884
1
1
1
1
0.990923
0.999809
0.99974
0.944356
1
1
0.955061
0.997041
0.999267
0.761574
1
1
1
0.999997
0.799976
0.999998
0.999232
1
0.999453
1
0.999997
1
1
1
0.999368
0.999989
1
1
0.963851
0.998267
0.924846
1
1
0.916098
0.81094
1
0.999815
1
1
0.964894
0.949366
1
1
0.99959
0.999985
1
0.995525
0.961131
1
1
1
1
0.999996
0.990856
0.992208
0.950475
0.999999
0.999931
1
1
0.999985
0.999972
0.949071
1
0.999992
1
1
0.999236
1
1
0.996269
1
1
0.838402
0.998663
0.999468
1
0.999998
0.999975
0.946547
0.99968
1
0.998872
0.790502
0.847046
0.989767
0.957163
1
0.999999
0.999999
0.780447
1
0.999999
0.999988
1
0.983077
0.977902
0.999852
1
1
0.931828
0.99995
0.999989
0.985417
0.859594
0.953143
0.781079
0.812892
1
1
1
1
1
1
1
0.908116
0.994176
0.999269
1
1
0.999945
1
0.857148
1
0.974972
1
1
0.999901
0.974159
1
0.999998
0.810217
0.938535
1
0.999998
1
1
1
0.998558
0.813477
0.999782
1
1
1
0.977634
1
0.966974
1
1
0.984416
1
0.999878
0.999388
1
1
1
1
0.999993
0.990898
1
0.812425
1
0.953105
0.999198
0.998137
0.999968
0.957624
1
0.998134
1
0.963545
1
0.999463
0.935327
1
0.78185
0.999999
1
0.999985
0.999998
1
1
1
1
1
1
1
0.999537
1
1
0.999999
1
0.999966
0.944185
0.999734
0.99999
1
0.999766
1
1
1
0.999846
1
1
0.999999
1
0.999894
1
0.999858
0.999999
1
1
0.805745
0.999606
1
1
1
1
1
1
0.996115
0.999993
0.983034
0.826813
1
1
0.9999
0.999557
1
0.960622
1
1
0.999957
1
1
0.957004
1
1
0.978387
0.936369
1
0.999411
1
1
1
1
1
0.999999
0.965729
0.998336
1
1
1
1
1
1
0.978096
1
0.999746
1
1
1
1
0.98971
1
1
1
0.956255
1
0.999908
0.996538
1
0.920691
0.999734
0.96748
1
0.999999
1
0.999999
1
1
0.810888
0.974287
1
0.999999
1
0.998534
0.999971
1
0.999746
0.999829
0.979645
0.969006
0.812546
0.999883
0.999549
0.982009
0.97257
1
1
1
0.99565
1
1
1
1
1
1
1
1
1
0.999998
0.926439
1
1
1
0.962793
1
1
0.970482
1
1
1
0.98131
0.999999
0.999999
0.974058
1
0.697636
0.999999
0.981543
0.951747
0.967463
0.880488
1
0.939584
1
1
1
0.984416
1
1
0.999757
0.99846
0.990388
1
1
1
1
1
1
1
1
1
1
1
0.99995
0.877574
0.999744
1
1
0.960338
1
0.824291
1
1
0.996678
1
0.997045
1
0.999349
1
1
1
0.999916
1
0.982913
1
1
0.942638
0.966594
1
0.99152
1
0.999841
0.999628
0.957439
0.999236
0.938094
0.916017
0.942683
1
1
0.999998
1
1
1
1
0.996993
0.962552
1
1
0.999999
0.999846
1
1
0.999999
0.997365
1
0.762232
0.999999
1
0.966054
0.953595
0.994194
0.806289
0.998584
1
0.982972
1
1
0.999999
1
1
1
1
0.983531
1
0.999993
0.999999
0.999999
0.754965
1
0.99877
1
1
0.894536
1
1
1
1
0.798906
1
0.999999
1
0.999932
0.650628
0.941364
1
0.999999
0.99588
0.99
1
0.813636
1
0.970138
0.84502
0.983958
1
1
0.999999
1
0.981332
0.995301
1
1
1
1
1
1
0.646523
1
1
0.91608
1
1
1
1
1
1
1
0.989646
0.99377
1
1
1
1
1
0.838718
0.969141
0.988574
1
0.999999
1
1
0.996694
0.999999
0.997139
0.944886
1
0.98377
0.943298
1
1
1
0.972029
1
1
0.999999
0.999398
0.999999
1
1
1
1
1
0.999932
0.972093
1
0.808523
1
0.838445
1
0.692985
0.999997
0.998454
1
0.987644
1
0.972078
1
1
0.945005
0.999719
0.999974
1
1
0.999912
0.999999
1
0.950757
0.963172
0.996087
0.999321
0.999997
0.999595
1
0.999999
1
0.998865
1
0.998125
0.967803
1
1
1
1
0.999332
1
0.793849
0.998672
1
0.999723
1
1
0.764072
1
1
1
1
1
1
0.999999
1
1
0.999995
1
1
1
1
1
1
1
1
1
1
1
1
1
0.999562
0.99992
1
0.643124
1
1
1
1
1
1
1
1
0.945741
1
1
1
0.999434
1
0.981388
0.999986
0.999865
1
1
1
1
1
1
1
0.999999
0.999868
0.993325
0.996091
0.953098
1
1
1
1
1
1
0.998141
0.999997
1
0.999999
0.993678
0.950855
1
1
0.999999
1
1
0.982324
1
1
0.944056
1
0.999989
1
0.999898
1
0.999998
0.999993
0.998511
1
1
1
0.950464
1
1
1
0.999999
0.969041
0.999804
1
0.990988
0.934907
0.958662
1
1
0.95061
1
0.97486
1
1
0.994515
1
0.996949
0.957476
0.929281
0.999891
0.999986
1
0.991379
1
1
1
0.998487
0.961336
0.938216
0.999999
1
1
0.987307
0.630874
1
0.999999
0.953901
0.999999
1
1
0.998948
0.999999
1
1
1
1
0.998548
1
1
1
1
0.998842
1
0.988945
1
1
0.905762
1
1
0.999999
1
1
0.764321
0.999999
1
1
0.990751
1
1
1
0.983122
0.979573
1
1
1
1
1
1
0.94878
0.957355
1
1
0.965386
1
0.878219
0.999999
0.995268
1
0.992578
0.999892
1
0.983167
1
1
1
1
1
1
1
1
1
1
1
0.999997
1
1
1
0.990898
0.999666
0.982319
1
1
0.972069
1
0.997941
1
1
0.988656
1
1
1
1
1
0.999999
1
1
0.962164
0.991376
0.970675
0.996091
1
1
1
0.995671
0.99392
1
1
1
1
0.999999
1
0.953499
1
0.980387
0.993823
1
0.992392
1
0.999986
0.809693
1
1
1
1
0.999999
0.913913
1
0.99922
1
0.9765
0.999999
0.959905
1
1
1
1
1
1
0.968002
1
1
1
1
1
1
0.998882
0.999999
0.999999
1
1
0.830747
1
1
0.678812
0.982238
1
1
0.99986
0.973818
1
1
1
1
1
0.783887
0.999997
0.963389
1
1
1
0.909339
0.822465
1
0.999306
0.934531
1
0.999999
0.97661
1
1
1
0.973177
1
1
0.99974
1
1
1
0.99894
0.996624
1
1
0.72794
0.796385
1
0.999761
1
1
0.999213
0.981309
1
1
0.999902
1
1
0.719129
0.995061
1
0.998167
1
1
0.995734
1
1
1
1
0.714634
1
1
1
0.899546
1
1
0.888257
1
1
0.96727
0.867566
1
1
0.992185
1
0.914055
1
0.999999
1
0.999319
1
0.999999
1
1
1
1
1
0.999858
1
1
1
0.830462
0.999552
1
1
0.994602
0.999116
1
1
1
1
1
1
0.940148
0.826217
1
1
0.999999
1
1
0.893702
0.965985
0.999999
0.967265
1
0.999706
1
0.999998
0.876774
1
1
1
1
1
1
0.999486
1
0.999999
1
1
1
0.956255
0.999999
0.84872
0.999887
1
1
1
1
1
0.977288
1
1
0.991012
1
1
0.999369
1
0.988216
1
1
1
1
0.962972
0.943298
1
1
1
1
1
1
1
1
0.999831
1
1
0.999998
1
1
1
0.797627
0.972751
0.939702
1
1
1
1
1
1
1
0.976863
1
1
0.901283
0.999989
1
1
1
0.807686
0.995666
1
0.806289
0.942436
1
1
0.884168
0.975614
1
0.993568
1
1
1
0.959492
0.999956
1
0.972817
1
1
0.999804
1
1
1
1
1
1
0.999999
1
1
1
0.883067
0.999542
1
1
0.673982
1
0.957866
1
1
1
1
1
1
0.939991
0.99992
1
0.978392
0.939467
0.978299
0.985275
1
0.979395
0.824141
0.999999
1
0.935261
1
1
0.999993
0.961447
0.951867
1
0.999191
1
0.996142
0.996496
0.949071
1
0.98847
1
0.999907
0.999999
1
0.999978
0.846055
1
1
0.955366
1
1
0.995734
1
1
0.995123
1
1
1
0.999998
1
0.999835
1
0.883312
0.678183
1
1
1
1
1
1
1
0.986745
1
0.947912
0.999999
0.957697
1
1
1
1
0.992581
1
0.999992
0.992914
1
1
0.945496
0.998193
0.999999
1
0.83021
1
1
0.981083
1
0.999995
1
1
1
1
1
0.999998
1
0.999913
0.839045
1
0.999999
0.996275
1
1
0.955561
1
0.999959
0.920482
1
0.874276
0.989467
0.99811
1
1
1
1
1
1
0.999795
1
1
0.998905
1
0.579657
1
1
0.999486
1
0.989944
1
0.99985
0.889474
1
1
0.975102
1
1
0.974809
1
1
0.995646
1
1
0.942268
1
0.999999
1
0.954388
0.899702
1
0.729253
1
0.999999
0.859655
1
1
0.961336
0.943454
0.999999
0.995501
0.999998
0.959812
1
0.971174
1
0.999999
0.886461
1
1
1
0.955366
0.993336
1
0.97567
0.84872
0.999959
1
1
0.976632
0.992383
1
0.977397
0.994194
0.964894
0.935522
1
0.999902
1
0.996154
0.999996
0.999999
1
1
1
0.998583
1
1
0.999997
1
1
0.934313
0.999999
1
1
0.999941
1
1
0.920754
0.99999
1
0.999999
0.999977
0.998832
1
1
1
0.999994
0.968338
1
1
0.752531
1
1
1
1
1
1
0.99988
1
1
0.998595
0.996398
1
0.974439
1
1
0.95884
0.999817
1
1
1
1
1
0.97071
1
0.964471
1
0.999999
1
0.960606
1
1
0.638692
1
0.900511
0.999999
0.999057
0.999988
0.999993
1
1
1
0.999992
1
1
0.999999
1
0.999998
0.970293
0.957825
0.982612
1
1
0.999999
1
1
1
0.990172
0.896394
1
0.982518
1
1
1
1
1
0.997355
1
1
1
0.999987
1
0.829393
0.999999
1
0.999998
1
0.913913
0.999998
1
1
0.999999
1
1
0.991896
1
0.976213
0.768855
0.99996
1
0.79096
1
0.999904
0.978381
1
1
0.880138
0.999692
1
1
0.999999
0.996435
0.986818
0.996456
0.999805
1
0.999989
1
1
1
1
0.972038
1
0.999878
1
0.999999
0.988589
0.981781
1
0.79673
0.972019
1
0.999987
1
0.968753
0.999265
1
1
1
1
0.997294
1
0.999998
1
1
1
1
0.998613
0.999999
1
1
1
0.691797
0.999539
1
0.974712
1
0.976015
1
0.999999
0.873715
1
0.999999
1
1
1
0.765678
1
0.978369
0.996993
1
1
1
1
0.990856
1
0.999843
1
0.974659
1
1
0.999974
0.630843
0.898353
0.965668
0.828323
0.973698
0.970916
0.996849
1
0.771862
1
0.999999
0.999324
1
1
0.958579
1
0.999721
0.861167
1
0.974325
0.999994
1
1
0.999999
0.813004
1
0.950132
0.971211
1
1
1
0.999972
1
0.999989
0.999999
1
0.999998
0.936416
1
1
1
1
0.994979
0.999999
1
1
1
0.99538
1
1
0.999989
0.931828
0.999397
0.95284
0.971884
0.999999
0.999993
1
0.80323
0.824272
0.973372
1
1
1
0.986999
1
1
0.977951
1
1
1
1
0.970736
1
1
0.882406
0.998945
1
1
0.854773
1
1
0.999998
0.94058
0.957538
0.995899
1
1
0.999999
1
1
1
0.95181
0.990289
1
0.999786
1
1
1
1
1
0.961728
0.98155
1
0.999914
0.97324
0.968613
1
1
1
1
1
1
0.748249
0.849543
0.791755
1
1
1
0.999911
0.999995
1
1
1
1
1
1
1
0.928734
0.981912
1
1
1
0.999772
1
0.999686
0.999999
1
0.976056
1
1
1
1
0.999998
0.999999
1
0.971319
1
0.967803
0.999894
1
0.918451
0.999999
0.999999
1
1
1
0.994503
1
1
1
1
0.914537
1
1
0.880138
1
1
1
0.999963
1
1
1
1
1
1
1
1
1
0.999402
0.999999
0.999756
1
1
0.818108
1
1
0.999999
1
0.778654
0.999325
1
1
1
0.967918
1
0.973686
1
1
0.999999
0.984632
0.999692
0.999959
1
1
1
1
1
1
0.974625
1
0.97698
1
0.999999
0.92309
1
1
1
1
1
0.999998
0.854706
1
0.999999
0.999999
1
1
1
1
0.967141
1
0.80615
0.859365
1
0.999981
0.919962
0.78218
0.999164
1
0.999672
1
0.999845
1
0.635106
0.97986
0.975752
0.999999
0.96537
1
0.99999
1
0.999999
1
1
0.999999
1
1
0.901465
1
0.999888
1
1
1
0.915098
1
0.999997
1
0.990938
0.99742
1
1
1
0.966905
0.976681
0.968828
0.77913
1
0.970312
0.992891
1
0.934531
1
0.983253
0.999762
0.761184
0.893139
0.999072
1
1
0.999994
1
0.904621
0.965649
1
0.97679
0.847046
1
1
0.984656
0.999797
1
0.999912
0.999917
0.973621
0.99211
0.796817
0.923193
0.994157
0.972029
0.926647
0.995962
0.999999
1
0.967537
0.999277
1
0.696536
1
1
0.983195
1
1
0.94289
1
1
1
0.999978
1
0.885267
0.999999
0.72054
1
1
0.97593
1
1
1
0.999809
1
1
1
0.991913
0.999906
0.99998
0.999947
1
0.983189
0.978142
1
1
1
1
0.966962
1
0.998803
0.999994
0.999999
0.999998
0.831939
1
1
1
1
1
0.961772
1
0.996436
0.899264
0.999785
0.733227
0.999999
1
0.966386
0.67595
0.983593
0.999999
0.999963
0.99743
0.987192
1
0.846057
1
1
0.999999
1
0.999338
0.896501
0.95979
1
0.771092
1
1
0.977881
0.995087
0.999903
0.999239
1
1
0.81233
0.996313
0.993215
1
0.99961
0.584834
1
0.83021
1
0.950365
1
1
0.961447
0.965985
0.829393
0.999999
1
0.963176
0.89001
0.91251
1
1
0.965932
0.964435
1
1
0.962378
1
1
0.96679
0.965932
1
1
0.98251
0.800099
0.999592
1
1
0.999999
0.999675
0.999833
1
1
0.76965
0.999514
1
0.959125
1
0.926281
1
1
0.761048
0.964952
0.924487
0.937094
0.999998
0.632015
1
0.939454
1
0.984152
0.999999
1
0.926597
1
0.999703
0.999837
0.87764
0.680272
1
1
0.936165
1
1
0.998092
0.896113
0.952162
1
0.888773
1
0.962391
0.970675
0.956468
0.992331
0.868715
1
0.999048
1
1
0.998464
0.934313
1
0.951461
0.960681
1
1
0.999481
0.95884
0.998865
0.966636
0.948033
0.988867
0.999689
1
0.79834
1
0.740075
0.999999
0.902754
1
1
1
1
1
1
0.999999
0.998622
1
0.947318
1
1
0.88462
0.999768
0.971358
1
0.805997
1
0.970653
0.959907
0.999635
1
1
1
0.999924
0.999999
1
0.96389
1
0.940595
0.999057
1
0.990267
1
1
1
1
0.950132
0.977087
0.999999
0.99895
1
0.987674
1
1
1
1
0.849471
0.999999
0.962574
0.905525
0.971884
0.905525
0.996624
1
1
1
1
1
1
1
0.999786
0.999743
0.999861
0.999999
0.874249
1
0.931029
0.999999
1
1
0.994731
1
1
1
1
0.901808
0.956983
0.998795
0.979461
1
1
0.999998
0.999966
1
0.976771
0.999662
0.999999
0.996576
1
1
1
0.914766
1
0.999829
0.999999
0.745432
0.971926
1
1
0.999242
1
1
0.999988
0.970142
0.999999
1
1
1
0.99967
0.999996
0.933579
0.999572
1
1
1
0.978416
1
1
1
1
0.957004
0.942176
1
0.999999
0.996849
1
0.973792
0.985836
0.792106
1
1
1
1
0.968143
0.94501
0.951556
0.94162
0.999166
0.999991
1
1
0.859829
1
1
1
0.999991
0.998915
1
0.990206
0.970924
1
0.998347
0.934646
1
1
1
1
0.999619
1
1
1
0.999999
0.85343
0.926281
1
0.993172
0.999999
0.943161
1
1
0.900394
1
0.963165
0.974532
0.97513
0.999999
0.999582
0.85225
1
1
0.895616
0.801069
0.999718
0.796481
1
1
0.966915
0.999937
1
0.785207
0.988164
0.890726
0.999165
1
1
0.999991
0.999047
0.933579
1
0.961538
0.911581
0.968338
0.996909
0.942683
0.994921
0.999592
0.999183
0.999999
1
0.999914
1
0.999668
1
0.998706
1
1
1
0.999206
1
1
0.925039
0.968061
0.999883
1
0.999324
1
0.846057
1
0.971926
1
1
1
0.960886
0.999229
0.970222
0.99044
0.999655
0.999968
0.999994
1
1
0.999857
0.998267
0.936674
1
0.999571
1
0.858733
0.858733
0.808889
1
0.847894
1
1
0.999999
0.966636
1
1
0.941285
1
0.99982
0.709347
0.999995
0.733875
0.689075
0.779158
0.996895
0.95352
0.919132
1
0.970484
1
0.999789
0.95256
0.999219
1
1
0.998477
0.960606
1
1
1
0.978275
1
1
1
0.999758
1
1
1
1
0.999212
1
0.982503
1
0.842963
1
1
0.855428
0.975148
1
0.999984
0.924305
0.598379
0.779725
0.861853
0.999706
0.929214
0.883172
0.99891
1
1
1
0.812546
1
0.999029
1
1
1
1
0.998286
1
0.999999
1
0.94289
0.999904
1
1
1
1
0.963647
0.909227
0.992516
0.999984
1
0.91911
0.886927
1
0.954795
0.907603
1
0.999999
0.934646
1
1
1
0.980069
1
0.999676
0.99026
0.998619
0.999912
0.99984
0.999625
1
0.852306
0.973335
0.852306
0.976446
0.977951
0.999572
1
1
1
0.999704
0.890321
1
1
0.993115
1
1
0.955518
1
0.999812
1
1
1
1
1
0.905999
0.973284
0.997255
1
0.99669
0.909493
1
0.999754
1
1
0.958605
1
1
0.999785
1
0.92145
0.999795
0.936674
0.999554
0.999997
0.983189
1
1
0.976882
1
0.861167
0.998434
1
0.999278
1
1
0.989596
1
0.970045
1
1
0.801565
0.775097
0.999864
1
0.989006
0.998272
0.961538
0.971804
1
0.983989
0.944573
0.904173
1
0.999938
1
0.999399
1
0.999694
0.999377
1
0.954584
1
0.839319
1
0.970594
0.709347
0.999843
1
1
0.999977
1
0.999562
1
0.947832
0.83783
0.818919
0.970844
0.966516
0.867347
0.958579
0.999999
0.978405
0.99986
0.676032
0.825753
0.994892
1
1
0.999999
0.933953
0.897904
1
0.975957
1
0.922319
1
0.909493
1
0.999733
1
0.999837
0.997878
1
0.999523
1
0.873854
0.929469
0.962378
1
0.782103
0.999995
0.776323
0.867347
1
1
0.869475
0.903982
0.792839
0.905715
1
0.962711
0.867638
0.918285
0.961339
0.724219
0.818065
0.949636
0.770348
0.970249
0.728178
0.87736
0.883592
0.942979
0.895623
0.982885
0.864688
0.986826
0.929823
0.836606
0.724219
0.914699
0.898718
0.951547
0.965527
1
0.871105
0.815283
0.972974
0.984163
0.921684
0.832162
0.917088
0.925076
0.924095
0.6564
0.968532
0.93211
0.970238
0.948748
0.982175
0.932041
0.943593
0.944248
0.945715
0.959767
0.925855
0.97068
0.800069
0.893452
0.994848
0.842088
0.678588
0.976316
0.991478
0.978388
0.946228
0.887573
0.851726
0.898831
0.901553
0.843401
0.903188
0.95917
0.946449
0.899499
0.98451
0.953977
0.832162
0.899911
0.97747
0.920711
0.636042
0.958383
0.934495
0.944941
0.99062
1
0.934447
0.733563
0.981981
0.985749
0.833428
0.727947
0.975353
0.760744
0.962842
0.88059
0.934176
0.953283
0.844629
0.880492
0.9341
0.992541
0.940751
0.978151
0.968764
0.9912
0.959199
0.754318
0.710214
0.991279
0.784138
0.974876
0.969965
0.932365
0.952149
0.818031
0.793371
0.926216
0.861143
0.994953
1
0.807574
0.581926
0.929001
0.928173
0.798032
0.94281
0.832609
0.954289
0.982503
0.97767
0.976946
0.924215
0.847453
0.85225
0.898718
0.88877
0.949787
1
0.93371
0.966994
0.766621
0.924458
0.670919
0.931148
1
0.985041
0.97043
0.975741
0.730113
0.981232
0.992683
0.976645
0.974465
0.732445
0.793002
0.657063
0.947593
0.970337
0.963526
0.907075
0.87736
0.967055
0.950839
1
0.797257
0.858365
0.922953
0.974233
0.768127
0.949636
0.8218
0.966945
0.812683
0.810798
0.947102
1
0.794598
0.98393
0.936985
0.943827
0.920711
0.857611
0.993905
0.946473
0.993058
0.906505
0.922587
0.990393
0.654519
0.906001
0.8218
0.987818
0.902331
0.950383
0.963467
0.942979
0.889997
0.738312
0.984809
0.752538
0.887719
0.992656
0.815101
0.830412
0.951198
0.713813
0.95674
0.966724
1
0.952532
0.914537
0.989103
0.993155
0.786663
0.847287
0.943827
0.845748
0.947593
0.823427
0.962078
0.982678
1
0.846832
0.65982
0.937691
0.957541
0.803206
0.854402
0.919394
0.973525
0.901108
0.927553
0.962115
0.61997
0.935292
0.980256
0.897318
0.96033
0.976662
0.856052
0.820066
0.913286
0.988594
0.809207
0.75559
0.728313
0.984983
0.808538
0.9363
1
0.837494
0.946861
0.951476
0.847287
1
0.959503
0.949356
0.846927
0.936053
0.869678
0.981727
0.947041
0.859518
0.969501
0.809207
0.929037
0.996456
0.79781
1
0.998228
0.823507
0.909494
0.9867
0.967044
0.955929
0.935663
0.986035
0.800069
0.916633
0.897772
0.972558
0.758894
0.935704
0.905841
0.97014
0.969501
0.774125
0.89971
0.588031
0.793165
0.895262
0.972682
0.981143
0.970112
0.756993
0.922377
0.974222
0.792951
0.951695
0.990491
0.974483
0.95879
0.937294
0.852541
0.922149
0.612436
0.966988
0.889938
0.922369
0.972863
0.895623
0.97624
0.99719
0.864916
0.915478
0.947545
0.648996
0.95374
0.873885
0.836278
0.967044
0.637571
0.857214
0.993658
0.824577
0.957577
0.944628
0.908761
0.85938
0.696234
0.882586
0.899499
0.86273
0.831312
0.969896
0.922812
0.882724
0.988628
0.903314
0.972767
0.840095
0.898831
0.946449
0.998674
0.884905
0.854098
0.86938
0.99129
0.795167
0.977403
0.953235
0.974876
0.953949
0.955019
0.981732
0.971308
0.911315
0.789522
0.957136
0.870623
0.83384
0.95374
0.931957
0.95647
0.820607
0.803782
0.729768
0.870423
0.978598
0.965337
0.885254
0.905899
0.913705
0.964699
1
0.975754
0.951198
0.910972
0.764023
0.886581
0.940541
0.722987
0.958383
0.968314
0.951582
0.967739
0.954659
0.986826
0.938822
0.884162
0.929037
0.991064
0.623652
0.941883
0.937258
0.873885
0.951674
0.949098
0.923382
0.830473
0.945715
0.800401
0.830412
0.984257
0.874937
0.917908
0.98081
0.965579
0.94931
0.999999
0.949861
0.755376
0.955532
0.958943
0.829816
0.738507
0.965527
0.778193
0.929001
0.555915
0.875895
0.934882
0.961699
0.685579
0.941321
0.957244
0.999999
0.867153
0.867078
0.963159
0.962078
0.985523
0.988741
0.815002
0.963395
0.950944
0.924384
0.90602
0.999137
0.984867
0.955483
0.777578
0.969299
0.854259
0.798751
0.964842
0.9363
0.962842
0.964997
0.993183
0.940618
0.837289
0.987485
0.845748
0.902557
0.952532
0.955361
0.963998
0.825183
0.96765
0.792245
0.940868
0.940292
0.962469
0.966302
0.97466
0.923075
0.980111
0.710729
0.962953
0.903157
0.999997
0.974476
0.963043
0.884162
0.914783
0.945625
0.973275
0.950403
0.880817
0.945429
0.749217
0.927324
0.946165
0.927632
0.819163
0.76585
0.960516
0.997345
0.898211
0.798151
0.949204
0.952311
0.968677
0.986875
0.944302
0.957825
1
0.974798
0.985315
0.982611
0.693002
0.979364
0.948763
0.827794
0.717993
0.987316
0.959199
0.993962
0.995174
0.996708
0.718395
0.867601
0.975754
0.902545
0.954095
0.92095
0.937398
0.987212
0.968659
0.98504
0.783494
0.973275
0.86938
0.937398
0.886763
0.938726
0.780734
0.935704
0.994161
0.897024
0.938726
1
0.739727
0.985702
0.855979
0.883246
0.983993
0.825183
0.752746
0.819443
0.927324
0.926361
0.86156
0.836691
0.910518
0.759287
0.925021
0.996895
0.997585
0.998144
0.998384
0.998632
0.99888
0.999128
0.999375
0.999739
0.999929
0.929112
1
0.980374
0.981454
0.999631
0.998309
0.998313
0.998316
0.998367
0.997545
0.652248
0.991203
0.995886
0.969864
0.985562
0.867129
0.723834
0.971455
0.663059
0.967768
0.855467
0.965957
0.946228
0.941295
0.887573
0.775643
0.709877
0.889123
0.784652
0.949662
0.911859
0.970768
0.984132
0.935814
0.99018
0.980839
0.982332
0.851084
0.745473
0.822786
1
0.96408
0.977557
0.989447
0.775438
0.756274
0.872514
0.876262
1
1
0.99367
0.975276
0.859518
0.96407
0.960523
0.995146
0.802854
0.837494
0.978057
0.961567
0.975602
0.991854
0.97437
0.829989
0.804596
0.775632
0.862913
0.924215
0.761026
0.815616
0.987801
0.910531
0.950318
0.982095
0.999935
0.966945
0.980555
1
0.987189
0.956274
0.885654
0.939859
0.994221
0.91221
0.932228
0.932386
0.982804
0.832279
0.941321
0.95669
0.993878
0.993179
0.974938
0.837071
0.99963
0.846834
0.924001
0.980238
0.990485
0.996916
0.990086
0.980376
0.977651
0.992146
1
0.987965
0.918756
0.833082
0.934312
0.967055
0.97762
0.746306
0.886927
0.89944
0.974992
0.760348
0.891632
0.999523
0.997859
0.854049
0.799323
0.751664
0.90872
0.756232
0.981939
0.783742
0.86308
0.87797
0.959961
0.896927
0.984176
0.842203
0.555055
0.785259
0.956509
0.93888
0.999967
0.706398
0.945827
0.999936
0.996599
0.988831
0.806426
0.992871
0.831312
0.885279
0.866851
0.956739
0.967042
0.718734
0.98995
0.789851
0.863485
0.879574
0.988819
0.993829
0.982687
0.976257
0.972206
0.999845
0.999904
0.999108
0.998998
0.981668
0.768915
0.997952
0.999655
0.999359
0.999133
0.998927
0.99777
0.99904
0.710203
0.998902
0.998088
0.997189
0.984674
0.739953
0.973268
0.970093
0.895474
0.976567
0.995821
0.905817
0.810837
0.934509
0.913986
0.978271
0.996808
1
0.965578
0.988059
1
1
1
1
1
0.99445
0.99445
0.977298
0.995685
0.994933
0.995248
0.995568
0.995568
0.995676
0.996266
0.996266
0.995704
0.996708
0.996819
0.996945
0.996531
0.997585
0.997698
0.998144
0.99826
0.998508
0.998756
0.999004
0.999251
0.999421
0.999808
0.99999
0.945911
0.969911
0.958722
0.99979
0.998308
0.998311
0.998314
0.998321
0.997266
0.998143
0.995169
0.994118
0.994129
0.99418
0.98673
0.97079
0.949026
0.971219
0.70045
0.910025
0.957355
0.982435
0.897484
0.952181
0.990504
0.966492
0.904642
0.894152
0.94899
0.94899
0.936255
0.975664
0.988926
0.747627
0.843956
0.983602
0.995755
0.928283
0.964887
0.966652
0.972912
0.944831
0.999856
0.97618
0.894014
0.999222
0.915385
0.979247
0.866116
0.894061
0.996343
0.759215
0.921981
0.983126
0.975587
0.783885
0.91624
0.952484
0.893211
0.892024
0.776323
0.911097
0.871452
0.986696
0.980251
0.991385
0.913705
0.945688
1
0.988169
0.830456
0.841103
0.868598
0.896376
0.909887
1
0.994979
0.998211
0.953489
0.850995
0.849881
1
0.727069
0.867078
1
0.939341
0.902311
0.916227
0.836722
0.892504
0.931385
0.919394
0.996791
0.980566
0.941796
0.967705
0.959662
0.994669
0.930374
0.972155
0.99466
0.951823
0.976411
0.820097
0.829022
0.835282
0.995285
0.999515
0.998189
0.931415
0.939793
0.997048
0.958757
0.945827
0.988895
0.983504
0.907006
0.899705
0.966652
0.999739
0.994096
0.975693
0.969394
0.953832
0.999216
0.923959
0.996737
0.996532
0.870423
0.828978
0.749682
0.924384
0.9922
0.857213
0.822515
0.897274
0.999999
0.969864
0.984551
0.980635
0.827563
0.995201
0.829816
1
0.990309
0.83836
0.991277
0.963337
0.962339
0.983167
0.997427
0.925443
0.924463
0.993602
0.935182
0.847319
0.975172
0.989674
0.944554
0.94339
0.951572
0.942164
0.994002
0.994874
0.992579
0.965535
0.983542
0.9966
0.950076
0.978407
0.969533
0.947389
0.983657
0.964698
0.994207
0.986462
0.875758
0.960982
0.955554
0.994343
0.995803
0.915385
0.975587
0.709062
0.986125
0.988975
0.989145
0.885539
0.96129
0.971447
0.99463
0.979579
0.931227
0.969025
0.673396
0.829355
0.893157
0.978148
0.962596
0.969279
0.999739
0.952484
0.874323
0.956641
0.974992
0.997365
0.911893
0.998603
0.926123
0.871704
0.888166
0.941602
0.93481
0.814567
0.777578
0.957974
0.725975
0.967257
0.892024
0.931441
0.948748
0.775067
0.745011
0.91865
0.925934
0.995387
0.956191
0.96256
0.766746
0.999967
0.942139
0.965957
0.950137
0.995178
0.956968
0.957355
0.716588
0.759919
0.975113
0.953924
0.970828
0.917343
0.960564
0.995869
0.945539
0.936994
0.942675
0.9596
0.967257
0.783154
0.912731
0.972822
0.965293
0.950594
0.999334
0.825005
0.983487
0.850229
0.9065
1
0.964696
0.956191
0.969411
0.924029
0.969087
0.886763
0.892504
0.871596
0.948004
0.954304
0.976782
0.924055
0.995434
0.807852
0.906478
0.981553
0.968027
0.929833
0.996103
0.940125
0.914045
0.752561
0.929572
0.940415
0.935839
0.943708
0.94958
0.977964
0.917908
0.746299
0.637911
0.982044
0.867468
0.97014
0.990214
0.941883
0.751222
0.963043
0.950772
0.815916
0.996955
0.96199
0.986024
0.790141
0.991031
0.953448
0.986679
0.727231
0.832411
0.778092
0.859159
0.90572
0.771321
0.972822
0.941904
0.947301
0.944419
0.926856
0.816127
0.980345
0.957136
0.878116
0.988152
0.9867
0.973852
0.956027
0.825005
0.965681
0.961622
0.78503
1
0.983247
0.927924
0.747944
0.976567
0.898584
0.947529
0.972258
0.969775
1
0.982026
0.967349
0.919294
0.849988
0.970068
0.99356
0.748313
0.892302
0.986397
0.772884
0.882385
0.991208
0.651879
0.9065
0.911161
0.600383
0.989424
0.92673
0.957937
0.782359
0.892224
0.922913
0.945128
0.906478
0.916227
0.993878
0.828362
0.992212
0.959496
0.688497
0.816699
0.973326
0.965535
0.764098
0.9713
0.901509
0.825838
0.805282
0.9798
0.895127
0.832411
0.934955
0.974103
0.613787
0.940268
0.981848
0.993617
0.954066
0.953977
0.987968
0.936935
0.968532
0.916751
0.851441
0.957541
0.986635
0.968573
0.72528
0.957354
0.769987
0.760707
0.827688
0.988065
0.977214
0.956956
0.84723
0.616076
0.993556
0.970249
0.963926
0.865833
0.809614
0.770348
0.968659
0.904979
0.877211
0.943319
0.986223
0.989969
0.859447
0.972092
0.917623
0.783869
0.910972
0.869125
0.969025
0.940868
0.926959
0.999645
0.968048
0.833424
0.943569
0.968928
0.992523
0.855979
0.910151
0.77969
0.856027
0.942393
0.850388
0.987581
0.925773
0.759595
0.99802
0.792245
0.901509
0.773689
0.978086
0.936195
0.921909
0.95379
0.789082
0.708007
0.976366
0.800168
0.908735
0.95379
0.806793
0.868136
0.953982
0.874107
0.575828
0.825763
0.9664
0.946932
0.96671
0.965868
0.927434
0.98978
0.722185
0.987485
0.770652
0.980217
0.931957
0.979197
0.929833
0.963019
0.800168
0.936109
0.886293
0.998052
0.834959
0.979261
1
0.789953
0.965623
0.934955
0.882586
0.793091
0.983654
0.882226
0.949303
0.922083
0.823642
0.953235
0.975422
0.921981
0.969787
0.951547
0.938105
0.700534
0.934867
1
0.913677
0.890982
0.943156
0.90722
0.98864
0.995836
0.970238
0.835161
0.975492
0.921876
0.988472
0.733375
0.978203
0.980668
0.979311
0.813433
0.737065
0.932386
0.957354
0.966172
0.757354
0.839052
0.80798
0.976662
0.986486
0.973814
0.668471
0.946395
0.941295
0.972882
0.948004
0.986397
0.942962
0.852147
0.984801
0.985352
0.601321
0.983654
0.937925
0.964431
0.816562
0.970889
0.964573
0.819762
0.983447
0.900436
0.986113
0.985716
0.887045
0.972882
0.742826
0.934312
0.999252
0.757328
0.796005
0.893211
0.827264
0.965737
0.988169
0.942391
0.785238
0.971764
0.915373
0.954187
0.932585
0.810726
0.963395
0.965337
0.949708
0.867012
0.620637
0.991954
0.904074
0.792694
0.94117
0.672388
0.824021
0.945128
0.992084
0.911935
0.968779
0.944302
0.904812
0.943449
0.945846
0.898235
0.991563
0.954187
0.902704
0.80989
0.982908
0.996516
0.972277
0.714657
0.987228
0.999999
0.80989
0.998878
0.913986
0.859387
0.616894
0.959504
0.80979
0.779719
0.816699
0.594885
0.969787
1
0.972635
1
1
1
0.999683
0.975231
0.961791
1
1
1
0.826384
0.999999
0.832904
0.867896
1
1
1
0.681186
0.999552
0.926895
1
1
0.869475
0.975752
1
0.584657
1
0.996209
1
1
1
0.980176
0.976099
1
0.961303
1
1
1
1
1
1
0.923683
1
1
0.999746
0.94843
0.926959
1
1
0.956607
1
0.959214
1
1
1
1
1
1
0.990002
0.999112
1
1
0.999995
1
1
0.998333
1
1
0.994422
0.770404
0.968297
0.918691
0.978297
0.947756
1
1
1
0.681363
1
0.998694
1
0.955095
1
1
1
1
0.91534
0.999963
1
0.998713
1
0.999999
0.959164
1
1
1
0.99295
0.908437
1
0.999998
0.999654
0.923404
1
1
1
0.999764
0.95733
1
0.999999
1
0.999192
1
0.990579
1
0.998731
0.911723
1
0.949751
0.998808
1
0.970385
0.72285
0.979006
0.963379
0.957374
1
1
0.999989
0.998395
1
0.999239
1
0.961969
0.990588
0.978008
1
1
0.93879
0.890457
1
1
1
0.83302
1
1
1
0.837706
0.942344
0.99997
1
0.999944
0.999999
1
1
1
1
0.999692
1
1
1
1
1
0.999988
1
0.999797
1
0.999999
1
0.582113
1
1
0.997939
0.971804
0.999865
0.979272
1
1
1
1
1
1
0.806399
0.999999
0.988167
1
1
0.999973
1
1
0.95716
1
0.794547
1
1
1
1
0.98612
1
1
1
1
1
0.960174
0.980753
1
0.844925
1
0.789841
0.946698
0.999999
1
0.958099
0.929655
0.958467
1
0.923404
1
0.984632
1
0.831635
0.97485
0.962164
0.853565
1
1
1
0.789841
0.988187
0.956157
1
1
0.999627
0.904678
1
1
0.950996
0.846141
0.99988
1
0.985902
1
1
1
0.993215
1
1
1
1
1
0.853641
0.828913
0.986459
0.921829
0.841724
1
0.998709
0.936163
0.999597
1
1
0.966529
1
1
0.98965
1
1
1
1
0.999998
1
1
1
0.806179
0.981614
1
0.899205
0.872019
1
0.999984
1
1
0.999679
1
1
0.993251
1
1
1
0.882015
1
0.999996
0.719129
0.863061
0.743693
1
0.878361
0.999768
0.934788
1
1
1
0.878239
1
1
1
0.969598
0.939515
1
0.965476
1
1
1
1
1
0.906951
1
1
0.999892
1
0.999902
0.997906
1
0.969721
0.99984
1
0.998254
0.999991
0.999997
1
1
1
0.953714
0.952798
0.901935
0.92883
1
1
0.961911
0.795504
1
0.921567
1
0.578681
1
1
0.955095
1
1
0.950351
1
0.999993
0.88049
0.93154
0.791431
0.959492
0.888889
0.896425
1
1
1
0.999997
0.973075
1
0.999852
0.829788
1
0.768724
0.999997
1
1
0.946241
0.998495
0.747668
1
0.92883
0.761577
0.974626
1
1
1
0.977457
0.95159
0.985217
1
0.998808
0.999849
1
0.955926
0.999994
0.996469
1
0.999983
0.97225
1
0.999999
1
1
1
1
0.999334
1
1
1
1
0.955992
0.969034
0.999999
0.921829
1
1
0.877933
0.997373
0.979768
1
0.999597
0.996965
1
1
0.955346
0.957374
1
0.998968
1
0.993787
1
0.767519
1
1
1
0.939043
0.798026
0.964866
1
1
1
0.999999
1
0.87512
0.900323
0.816365
0.906855
0.999501
1
0.956607
0.853805
0.981425
1
1
0.999157
0.811591
1
1
0.966546
1
1
1
0.968118
1
0.7914
1
1
0.978741
1
0.735935
1
0.999992
0.858168
0.999672
0.935162
1
1
0.99983
1
1
0.999999
0.69764
0.727579
1
0.998688
1
1
1
0.999693
1
1
1
0.997904
1
0.999986
1
1
0.993362
1
0.999854
1
0.998467
0.823517
0.994602
1
1
0.981693
1
1
0.890457
0.873049
1
0.913188
0.885718
1
1
1
1
1
0.83276
1
0.998746
1
0.999835
0.575107
1
0.880001
0.978297
1
0.924693
1
0.999997
0.999999
0.97225
1
0.815219
0.999999
0.999697
0.952787
0.978177
0.999997
0.999081
0.878587
1
0.824399
0.979006
1
0.960475
0.969236
0.789847
1
0.998149
0.979091
1
0.922013
0.987826
1
0.999998
1
0.960785
1
1
1
1
1
0.859594
0.999718
1
0.995558
1
0.995085
1
0.931855
0.945913
0.999434
0.980828
1
1
1
0.974494
1
0.997308
0.948945
1
1
1
1
0.967317
1
0.999719
0.999802
1
1
1
0.999277
1
1
0.921324
0.995982
0.946505
1
0.90104
0.865388
1
0.994538
1
1
0.971064
0.806723
0.990872
0.99993
0.860469
1
0.975983
1
1
0.916915
0.934704
0.767053
1
0.867624
0.999719
1
0.868526
1
1
0.999783
0.986494
1
1
0.99987
0.999999
0.999873
0.999984
0.929035
1
1
0.926664
0.829518
1
0.941806
0.999999
0.969236
1
0.955416
1
0.739492
0.983694
1
1
0.999475
1
0.934788
0.999999
1
1
1
0.999999
0.939969
0.894838
0.944807
1
1
1
1
0.994538
0.999535
1
1
0.958467
0.999999
1
1
1
1
1
1
0.980534
1
1
0.999672
1
1
1
1
1
1
1
1
0.999989
1
0.999227
1
0.986023
1
1
1
1
1
1
0.889349
1
1
1
0.987065
1
0.965494
0.999844
0.999998
1
1
1
1
1
0.999999
0.999635
0.999799
1
0.967268
0.929035
0.915452
0.999999
0.889991
1
0.999082
0.998141
1
0.941806
0.996246
1
0.999999
1
0.924564
1
1
1
1
0.999999
1
0.748105
0.998818
1
1
0.97009
1
1
1
1
0.970089
1
1
1
1
1
0.999164
1
1
1
1
0.951889
0.954679
1
0.993559
0.999911
1
0.999999
0.999999
1
1
1
1
1
1
1
1
0.999999
0.998347
0.985453
0.922357
0.788541
1
0.999997
1
1
0.998688
1
1
1
0.999073
0.78451
1
1
0.999999
0.999984
0.999048
1
1
0.997639
1
0.999647
1
1
0.994176
0.999916
1
1
1
0.999592
1
1
1
1
1
1
1
1
1
0.964076
0.97809
0.999999
1
1
1
0.999917
1
1
0.991235
1
1
1
0.853554
1
0.98869
1
0.778968
1
1
0.975795
1
0.999997
1
1
0.715829
1
0.933288
1
1
1
1
0.883143
1
0.942771
0.999884
0.980992
0.997089
1
0.984518
0.999999
1
1
1
1
1
1
0.999112
0.999836
0.921567
1
1
0.999969
1
0.999997
1
1
0.999895
1
0.893425
1
1
0.783484
1
0.77645
1
1
1
1
1
1
1
1
0.863061
1
1
1
0.998688
1
1
0.939299
0.999999
1
1
0.853908
0.999889
1
0.775278
1
1
1
0.999977
1
1
0.973463
1
1
0.999831
1
1
1
1
1
0.960346
0.993362
1
1
0.893863
0.97809
0.999965
0.639059
0.871588
0.999083
1
0.993459
0.979842
0.991698
0.977802
1
1
0.999993
0.975387
0.8536
0.999607
1
1
1
0.999999
1
1
0.8536
1
0.999997
0.999995
1
0.925908
0.997993
0.956659
1
1
1
0.999651
1
0.721534
1
0.999999
0.99857
1
0.90053
1
0.999647
1
1
1
1
1
1
0.991739
0.999835
1
1
1
0.982813
0.999999
0.96036
0.967268
1
1
1
0.962428
0.893425
1
1
0.912093
1
0.999239
0.999956
1
1
1
1
1
1
0.973641
1
0.999999
1
1
1
0.978112
0.987192
1
1
0.997768
1
1
1
1
1
1
0.981803
1
0.929066
0.998515
0.996
1
1
1
1
0.853005
1
0.999607
1
1
0.893387
0.986192
1
1
1
1
1
1
1
1
0.752131
1
1
0.947214
0.868098
1
0.939299
1
1
1
0.995419
0.999993
0.996236
0.999792
0.859686
1
1
1
0.978177
1
1
0.999999
0.829788
0.992309
0.880001
1
0.944048
1
0.845299
1
0.99334
0.835668
0.962046
1
0.891202
1
1
1
0.999999
0.846285
0.983872
0.999999
1
0.993012
0.973484
1
0.95159
0.999931
0.999995
0.966558
1
1
1
1
1
0.877511
1
0.999537
1
0.988152
1
0.961911
1
1
1
1
1
1
1
0.827627
0.785407
1
1
0.738498
1
1
0.98612
0.921324
1
1
1
1
0.926699
1
1
1
1
1
1
1
1
1
0.912787
1
1
1
1
0.940027
0.921434
0.790087
1
0.746298
0.999816
1
1
0.999334
0.780335
1
1
0.95944
1
0.946002
1
1
0.796711
0.999987
1
1
0.999887
1
1
1
1
0.999847
1
1
0.999166
1
0.959111
1
0.902911
0.810484
1
0.999761
1
0.981232
0.99968
1
1
0.999944
0.926791
0.866011
1
1
0.999998
0.929307
0.929846
1
0.999719
0.999999
1
1
1
0.916915
0.998254
0.889894
1
1
1
0.960947
1
1
0.992525
1
1
0.999998
1
0.997918
0.999999
1
0.969527
0.999994
0.99556
1
0.996269
1
1
0.947966
0.999994
1
1
0.999445
1
1
0.998688
0.794827
0.961115
1
0.99998
0.973658
1
1
1
1
0.974906
1
1
0.999833
1
1
1
0.982514
1
0.999999
1
0.995061
1
0.999999
0.931902
0.96288
0.999996
0.75411
0.78083
1
0.954627
1
1
1
1
1
1
1
1
0.613252
1
1
0.936154
0.793084
1
1
0.999999
0.950351
0.786449
1
1
1
1
1
1
1
0.742904
1
1
0.999831
0.877429
1
1
0.991847
1
0.997756
1
1
0.827371
0.985167
0.999999
0.999998
0.950166
1
1
1
1
0.955548
1
1
0.866011
0.978448
1
1
0.999999
1
1
0.888889
0.782761
0.999999
1
1
0.966558
1
1
0.932017
1
1
1
0.845281
1
1
0.912062
0.992805
1
1
1
0.995989
0.741211
1
1
0.907182
1
1
0.985198
1
0.984423
1
1
0.999999
0.886997
1
1
1
0.936058
0.999999
1
0.987502
1
0.999999
1
1
0.777691
1
0.999999
1
1
0.966267
0.953028
1
1
0.999999
1
0.889349
0.7775
1
0.955728
0.87798
1
1
0.926063
0.791999
0.999999
1
1
0.980151
0.956659
1
0.998924
0.925367
1
0.998883
0.804944
0.891146
0.882607
1
1
1
0.869858
1
1
1
0.999999
0.902129
0.999536
1
1
1
1
0.999315
1
0.97216
1
0.999984
0.998889
1
1
0.99984
1
1
1
0.871601
0.99664
1
0.937381
1
0.993194
1
1
1
1
1
0.920714
1
1
0.951528
1
0.87436
0.999999
1
0.906788
0.999999
1
1
0.999998
1
0.999981
1
0.999999
1
0.964817
1
1
0.999375
1
0.962187
1
1
1
0.992594
1
0.999999
0.766236
0.998733
1
0.999809
1
1
0.999921
0.995727
1
0.970089
0.999999
0.999999
0.897266
1
1
1
1
1
1
0.884569
0.999931
0.999999
1
1
1
0.999325
0.996684
0.748521
0.950085
1
1
1
0.999998
0.828613
0.972158
1
0.758878
0.999433
1
1
1
0.999999
1
1
1
1
1
0.998467
1
0.999998
0.985849
1
1
1
1
0.741736
0.899837
1
0.999992
0.999999
1
1
1
1
1
1
1
1
1
1
1
1
1
1
1
1
1
0.998609
1
1
0.845659
0.852899
0.928435
0.868372
1
1
1
0.999719
1
1
0.999815
1
1
1
1
1
0.889894
0.904678
0.999999
1
0.858123
1
1
1
0.973658
0.999911
0.996297
0.997473
0.933849
0.99977
0.9992
1
0.970082
1
1
1
1
1
1
1
0.957155
0.753831
1
0.999968
0.979677
1
0.935162
1
0.927631
0.913465
0.975849
1
1
1
1
0.976681
0.985336
1
0.897273
1
1
1
1
0.998294
1
1
1
1
0.996297
1
0.999999
1
1
1
0.999997
1
0.971276
0.998843
0.845246
0.966496
0.929846
0.840346
1
0.999999
0.999999
1
0.999989
1
0.913996
1
1
0.93999
1
1
0.999999
0.972812
1
0.926063
0.999999
1
1
1
0.999908
1
0.999995
0.999999
1
0.994336
0.944187
1
1
1
1
1
1
1
1
0.744075
1
0.751945
1
1
1
1
0.900603
0.991283
0.999872
0.999999
0.857348
1
0.806005
1
1
1
1
0.998943
0.999999
0.995845
0.999999
1
1
1
1
1
0.999999
1
1
1
0.999997
1
1
1
0.999998
1
0.968227
0.999995
0.999291
0.85064
1
0.801201
1
0.869858
1
0.999816
0.954408
1
1
0.999999
1
1
1
1
0.981928
0.999999
1
1
1
1
1
1
0.999998
0.970094
0.843032
0.993194
1
1
0.996894
1
1
1
1
0.990441
1
0.999999
0.970823
1
0.973946
0.981476
1
1
1
1
0.999995
1
1
0.999418
0.999912
1
1
0.999999
1
1
1
0.950996
0.767487
0.999956
1
1
0.946627
0.907182
1
1
1
0.980662
1
1
0.924559
1
1
1
0.927747
1
0.972387
1
1
0.999993
0.873999
1
0.999999
0.747532
1
1
1
1
0.954973
0.954829
1
0.988926
0.999999
1
1
1
1
1
1
0.806457
0.999608
0.987939
1
0.997139
1
0.852405
0.931006
0.999463
0.997858
0.999929
1
0.912062
1
1
0.999998
1
0.863869
0.985979
1
1
0.999496
1
1
0.804154
1
1
0.904997
0.834865
0.999999
1
1
1
1
1
1
1
1
1
1
0.999993
1
0.965752
1
1
1
0.979423
0.989813
1
0.996105
0.963734
0.839338
1
1
0.81604
1
1
1
1
1
1
1
1
1
0.999989
1
1
0.960346
1
1
0.999999
0.988733
0.970823
0.929655
1
0.917783
0.807467
1
0.999999
0.961391
1
1
1
1
1
1
1
1
1
1
1
0.999999
1
1
1
0.989893
0.999999
1
0.995962
0.996802
0.999995
0.882425
1
0.999999
0.999998
0.999802
1
0.808889
1
1
0.999999
0.999999
1
0.846055
0.96773
1
0.925297
1
0.997612
1
1
1
1
1
1
0.951827
1
0.807467
0.996982
0.922863
0.950201
0.999952
1
0.999999
1
1
1
1
1
1
0.797641
1
1
0.981711
1
0.916682
0.999999
0.989368
1
0.999995
1
0.998349
1
1
0.849817
1
1
1
1
0.935881
0.995309
0.984884
1
0.994228
1
1
0.869489
1
0.999663
1
0.970482
0.999996
1
1
0.982558
1
1
1
1
0.98833
1
1
0.954408
1
0.999997
1
0.887947
1
1
1
0.999958
1
0.998174
1
1
1
1
1
0.998986
1
1
1
1
1
0.999999
0.999999
1
1
1
1
0.999537
0.965014
0.989713
0.97679
1
0.889882
1
0.937612
1
1
1
0.953282
1
0.999992
1
0.995559
1
1
1
1
0.977189
1
1
0.999996
0.987231
1
0.67983
1
1
1
1
0.999999
0.999999
1
1
1
0.871461
1
0.851467
1
1
1
1
1
0.830336
0.986604
0.999925
0.981309
1
0.992463
0.877544
1
1
1
1
1
1
1
1
1
0.998344
1
0.870769
0.999999
1
1
0.966581
0.995901
0.998944
1
1
0.940917
1
0.999608
1
0.949682
0.999984
1
0.984477
1
0.999994
1
1
0.999719
1
1
1
1
0.99986
0.882971
1
0.758783
1
1
1
0.760745
0.767819
1
0.875066
1
0.999999
1
0.999744
1
1
1
1
0.932401
0.968397
0.997936
0.984787
1
1
1
1
1
1
0.999999
0.999999
1
1
1
1
1
0.889109
0.809791
1
1
1
1
1
0.976676
1
1
0.74585
0.999999
1
0.987391
0.999998
1
0.963616
1
1
1
1
1
1
0.99981
1
1
1
0.995922
0.999999
0.85449
1
1
1
0.989368
1
1
1
0.999998
0.999531
1
0.966594
1
1
0.999999
0.932228
1
1
1
0.990872
1
1
1
1
1
0.998987
1
0.962209
0.999549
0.997918
1
0.993631
0.806457
1
0.983649
1
1
1
1
1
0.953598
0.999999
1
1
1
1
1
1
0.999999
0.994697
1
1
0.869578
1
1
1
0.768392
1
1
1
0.772337
1
1
1
1
1
1
1
1
0.999741
0.983694
1
0.840947
0.999999
1
1
0.871151
1
1
1
0.998331
0.983167
0.953119
0.999999
0.999984
1
1
0.999998
1
1
1
0.999997
0.996469
1
1
1
0.998788
1
0.999748
0.985499
1
1
1
1
0.960975
0.800747
1
1
0.999214
1
1
1
0.873501
1
1
0.87331
1
1
0.821495
0.984535
0.999719
0.877511
1
0.988243
0.98958
1
1
1
0.990448
1
0.805082
1
1
1
1
1
0.865016
0.999741
1
1
0.852439
1
0.843328
0.913996
0.999998
1
1
0.782028
1
0.975128
0.971307
0.832487
1
0.984566
0.991325
0.983795
0.999946
0.940133
0.922257
1
0.994868
1
0.987373
0.91614
1
1
1
1
0.964237
1
1
0.990729
1
1
0.999996
1
0.999887
0.979505
1
0.999297
1
1
0.986782
1
0.957036
0.880567
1
0.996355
1
0.999993
1
0.998193
0.999992
1
1
0.999974
1
1
1
1
0.979605
0.884217
1
1
1
0.999999
1
1
0.945599
1
0.76339
1
1
1
1
0.983533
0.829414
1
1
0.996436
1
0.953647
1
1
0.999999
1
0.805305
0.967073
0.999497
0.997019
0.974906
0.691125
1
0.999994
1
1
0.999802
0.873543
0.999992
1
1
1
0.859686
0.999867
1
1
1
1
0.999984
1
1
1
1
1
0.983826
1
0.882971
0.999816
0.983528
1
1
0.97009
1
1
0.995179
1
0.988221
0.974307
1
0.770373
0.999998
1
0.909091
1
0.992373
1
1
1
0.999159
0.999999
0.999574
1
0.977158
1
0.998866
0.848366
1
0.999999
0.952937
1
1
1
1
0.998416
1
1
1
0.996012
0.993438
1
0.99061
0.99999
0.983447
0.763472
1
1
0.849129
0.965844
0.974755
1
1
1
1
1
0.999999
1
0.999981
1
1
0.962893
0.999744
1
1
1
0.999998
1
1
0.973344
0.958099
0.966267
0.999999
0.999999
0.999999
1
1
0.99999
1
1
0.999994
1
0.999712
0.873935
1
1
1
1
0.999999
0.999999
0.999999
0.962831
0.999816
1
0.827115
0.944048
0.999999
1
1
0.979249
1
0.980456
0.917278
1
0.999071
0.920847
1
0.970094
1
1
1
1
1
1
0.957833
1
1
1
1
1
1
0.962831
1
0.982932
0.970053
1
1
1
1
1
1
0.999957
1
0.99959
1
1
0.999999
0.852899
0.980154
0.889729
0.999999
1
1
1
1
0.921434
0.996849
0.94308
0.93208
1
0.998924
0.872873
0.999795
1
0.77557
0.9541
0.852347
0.991406
0.999679
1
0.999866
0.977427
0.984216
1
0.988502
0.987789
1
1
0.999849
0.989266
1
0.999999
0.977066
1
0.99655
0.982246
1
0.999999
0.969141
1
0.985252
0.992594
0.702584
0.766569
0.999991
0.999852
0.971461
1
0.981309
0.850168
1
1
1
0.692305
0.999996
0.676998
1
0.869858
1
1
0.945863
0.944356
0.972853
0.886853
0.987965
0.818424
1
0.951126
0.992449
0.978971
1
0.999875
1
0.999999
0.996765
1
0.999836
0.999999
0.821334
0.999999
0.980611
1
0.998527
0.998709
0.908327
0.993355
0.999984
0.999708
0.876523
0.830723
1
0.968266
0.656394
0.999999
1
1
0.969246
1
0.970257
0.999785
1
1
0.984636
1
1
0.982398
0.961115
0.71462
0.85176
0.977993
0.999999
1
1
0.998036
0.999999
1
0.961959
0.999999
0.999999
1
0.999998
1
0.999999
1
0.975577
1
0.93324
1
1
0.97739
0.999661
0.999764
0.999997
0.968118
1
1
0.833142
0.746962
0.999999
1
1
1
0.999999
0.843814
0.999999
0.996624
0.982077
0.96972
1
0.999999
1
0.997407
0.981688
0.981981
0.986604
1
0.96335
1
0.999999
0.999999
0.899231
1
1
0.999999
0.96659
1
1
0.847698
1
0.99999
0.996115
0.917407
0.999999
1
1
0.999846
1
1
1
0.946308
1
0.771465
0.987305
0.999999
0.981688
1
0.995559
1
0.974391
1
1
1
0.922511
1
1
0.70172
0.958688
0.999642
1
1
1
1
0.999992
1
0.897404
0.994318
0.999946
1
0.955069
1
0.975162
0.999999
1
1
1
1
0.947019
0.835003
0.864022
1
1
0.85033
1
1
0.954288
1
1
0.998027
0.992655
0.985641
0.999999
0.999993
1
1
1
1
0.874824
1
1
0.990023
0.999994
0.99993
0.882127
1
0.999699
1
1
1
0.993247
0.999999
1
0.99948
1
0.904235
1
1
0.971458
0.983961
1
1
0.999868
0.999999
1
0.998351
0.979091
0.998694
0.999957
0.998951
0.872936
1
1
0.986659
0.957876
0.996597
0.992254
1
1
0.999983
0.946541
1
1
1
0.994882
1
0.98644
0.680814
0.960478
1
0.962064
1
0.786977
1
1
1
0.971276
0.957439
1
0.96588
0.998944
0.99992
0.999998
0.971315
1
1
0.99989
0.999812
0.999449
0.99859
0.925555
1
1
0.949682
1
0.983333
0.999537
1
1
0.651442
0.910932
1
1
0.999704
1
0.999121
0.999866
1
1
0.918156
1
0.999999
0.999989
1
0.992294
0.994967
0.941942
1
0.999365
1
0.933157
0.999941
0.998078
0.993637
0.893499
0.999874
0.853956
0.999994
1
0.999613
0.999999
0.999298
0.918451
1
1
0.729356
1
0.959757
0.946953
0.97367
0.999999
1
1
0.98034
1
0.999999
0.999999
0.996
0.934461
0.974104
0.999877
1
0.766334
0.999998
0.999988
0.999998
1
0.986122
0.971099
1
1
1
0.999984
0.891232
1
0.999463
1
1
0.999678
1
0.996055
0.87083
0.760725
0.989603
1
0.989394
0.996435
1
0.776566
0.680247
0.939451
0.783106
1
0.998349
1
0.999999
0.85176
0.978601
0.801201
0.999601
0.999842
1
0.990542
0.995351
1
0.978008
0.989678
0.999921
0.92368
1
0.977902
0.968002
1
1
0.999149
1
0.987923
0.970647
0.999999
0.875694
0.999967
1
0.999993
0.994921
0.988772
1
0.856826
1
1
0.998308
1
0.999997
0.999911
1
0.999994
0.926625
0.993514
0.988432
1
0.999988
0.91911
1
1
0.999986
0.979605
1
1
0.888214
0.99964
1
0.921477
1
0.95771
1
1
0.957275
0.934712
1
1
0.994616
1
1
0.999988
0.999999
0.995307
1
0.999999
1
1
1
0.995263
1
1
1
1
0.958144
0.999947
0.975144
1
1
1
0.983447
0.999947
0.935976
1
0.999838
0.999999
1
0.984399
0.954973
1
1
0.875555
1
0.999609
1
0.908248
0.999746
0.963841
0.776247
1
0.986882
0.785986
0.999999
1
0.99953
0.975074
1
1
1
1
1
0.999917
0.999999
0.998608
0.988681
0.944187
0.97503
0.897273
0.943307
1
1
1
0.983581
0.993074
1
0.981005
1
0.980375
0.918156
0.999999
0.976681
1
1
1
0.852347
1
0.935605
0.639568
0.999739
1
1
0.990045
0.966668
1
0.974062
0.998993
1
1
0.999824
0.999964
0.999663
0.994046
0.977521
0.999931
1
0.713007
1
0.962552
0.998941
0.999184
0.999332
1
0.953411
0.956663
0.885639
0.992516
1
0.999559
1
1
0.82644
0.999851
0.952937
0.970088
0.999401
1
0.992096
0.999894
1
0.972019
1
1
0.83506
0.987105
1
1
0.836635
0.999356
0.999956
1
0.999998
0.826961
1
1
0.874685
1
1
1
0.995764
1
0.999992
1
0.999713
0.992321
0.981867
1
0.999285
0.962984
0.999936
0.999737
0.898858
1
1
0.97896
1
0.99784
0.980463
0.999726
0.999999
0.873533
0.99969
0.776995
1
1
0.998435
1
0.99982
0.736774
1
1
0.959358
1
0.999991
0.895704
1
0.967571
0.999421
1
0.999879
0.999979
0.830723
0.996425
1
0.927305
0.908411
0.788797
1
0.995386
0.99448
0.990927
0.974056
1
0.998908
1
0.999371
1
0.999417
0.738927
0.869858
1
1
0.966853
1
1
0.933924
0.998203
1
1
0.988821
1
0.730802
0.995577
0.976382
0.999998
1
0.950806
0.961527
0.963072
0.994624
0.999999
1
0.997161
0.996717
0.78292
0.982077
0.999993
1
0.977479
0.996105
0.909229
0.938955
0.999997
1
1
0.774969
1
0.933924
0.97598
0.801432
0.999046
0.975269
0.99835
0.959358
0.987678
0.949286
0.99981
0.99953
0.971193
0.966782
1
1
1
1
1
0.974056
0.926699
0.99974
0.989483
0.996732
0.971243
1
1
0.999999
1
0.977013
0.834865
1
0.929403
0.950834
1
0.977265
0.91614
0.78266
1
0.901624
0.940494
0.999889
1
0.996082
0.960288
1
1
0.984368
0.98377
0.998602
0.998779
1
0.999951
0.963797
1
0.99089
0.804329
0.999889
0.999994
0.831455
0.998608
1
1
0.971594
0.950201
1
1
0.948365
0.999279
0.953418
1
1
0.999988
1
1
0.722066
0.999369
1
0.998818
0.993329
0.999765
0.953028
0.79127
0.979586
1
0.953595
0.999999
0.975849
0.999999
1
0.999741
1
0.939745
0.993959
1
0.999209
1
1
1
0.999733
0.952245
0.978736
1
0.995236
1
0.999739
0.99584
0.892104
1
0.965856
0.999672
1
0.929307
0.956663
1
0.999987
0.845659
0.969444
0.856192
0.959287
0.999838
1
0.974109
0.974532
0.999375
0.997372
0.781855
0.951931
0.962861
1
0.999871
1
0.989286
1
0.993375
0.882869
0.999711
0.879841
0.873579
0.945787
0.983656
1
1
1
0.998725
0.985208
1
0.993815
1
0.999999
1
0.999984
0.962878
0.978639
1
0.991275
1
1
0.999871
0.901743
0.998788
0.967549
0.694405
0.972573
0.990009
0.874223
1
0.942
1
0.999999
1
0.999927
0.83506
0.786786
0.972089
0.901947
0.951951
0.999999
0.902674
1
0.999999
1
0.922257
1
0.976879
0.981324
0.921147
1
1
0.999999
1
0.999713
1
1
0.983906
0.999999
0.976072
0.998944
1
0.992478
0.911339
0.998068
0.999741
1
0.864019
0.999998
0.948309
0.999829
1
0.999995
1
0.88212
0.907213
1
0.935578
1
0.999999
0.919164
0.999572
0.931902
0.993253
1
1
0.811893
0.974345
1
0.952833
0.988945
0.99853
1
0.996798
1
0.999567
1
1
0.999371
1
1
0.9993
1
0.978112
0.956526
1
1
0.985363
0.999555
1
0.999967
0.941255
1
0.995096
0.999999
0.996832
0.991124
0.98551
0.963172
1
0.99999
0.929242
1
0.99825
0.99974
1
1
0.990587
0.874824
0.999999
0.999999
0.991325
0.978248
1
1
0.999999
0.996491
0.947913
0.999958
1
0.999914
1
0.935677
1
0.791369
0.853462
0.999792
0.73003
0.996478
0.960181
0.98983
1
1
1
0.999771
1
1
0.936058
0.986907
1
1
1
0.990406
0.999356
0.99211
0.885049
0.982492
1
1
0.943543
0.977189
1
1
0.999999
0.968556
0.897404
0.990953
0.994607
0.998683
0.971868
0.93879
1
1
0.987373
0.999338
1
1
1
0.999761
0.996595
0.999914
0.999973
0.864971
0.794761
1
0.999999
0.998994
0.877827
0.955069
0.999998
0.951747
1
0.945863
1
1
1
0.999712
1
1
0.980928
1
1
0.992452
0.987203
0.952245
0.999798
0.903066
0.997118
0.981332
1
0.998337
0.999884
0.998445
0.741077
1
1
0.999671
0.999263
0.991515
1
0.997243
0.885392
1
0.999488
0.953048
0.92663
0.999982
0.983446
0.999538
1
0.842191
0.958683
1
0.996802
0.999892
0.882653
1
1
1
0.738737
0.728741
0.942078
0.977816
1
1
1
0.773228
1
0.938708
0.999999
0.962949
0.937568
1
0.965877
0.999998
0.962415
0.934712
0.999995
0.999631
0.962237
0.942724
0.920754
0.990009
0.941195
1
1
0.964237
0.965974
1
1
0.999999
0.999779
0.99994
1
0.991966
1
0.994397
0.983687
1
0.951572
0.999996
1
0.99816
1
0.945694
1
0.875339
0.999999
0.877298
1
0.999999
1
0.999997
0.945381
0.999986
0.946308
1
1
0.999999
0.969575
1
1
0.798611
0.998722
1
0.998332
0.989683
0.920714
1
0.967608
1
1
1
0.977901
0.998337
1
0.993759
0.999146
0.993324
1
0.966514
0.998654
0.983632
1
0.960478
0.992501
0.977195
0.811145
0.999592
0.977872
0.998401
1
0.797241
0.995072
0.994129
1
0.902656
1
1
0.946586
1
0.99988
0.999902
0.99252
0.966353
0.999972
1
0.999075
1
0.999999
1
1
0.985525
0.997686
0.939465
1
0.934725
0.999999
0.993696
0.996133
0.998922
1
1
0.999184
0.875438
0.890491
1
0.999998
0.952959
0.989896
1
0.916843
1
0.968825
1
1
0.937866
0.999999
1
0.997756
0.874217
0.996435
0.999875
0.99852
0.704615
0.999746
1
0.999983
1
1
1
0.978736
1
1
0.989646
0.999999
0.996296
1
0.999914
1
1
0.946541
0.973816
0.999999
0.999999
1
0.993197
0.999998
0.972163
1
0.900217
0.999375
0.998878
1
0.99205
1
1
0.999989
0.963007
0.801147
0.980891
0.999999
0.998951
1
0.999721
0.999999
1
0.999837
0.999957
0.999999
0.999999
0.970594
0.999999
0.987363
0.941945
0.998332
1
0.972505
0.996676
1
0.942328
0.833528
0.962814
0.933157
0.996519
0.999046
0.999996
1
0.998771
0.986835
0.898223
1
0.961221
1
0.941942
1
0.99993
0.999999
1
0.977519
1
1
0.966265
0.790033
0.961314
0.975074
1
1
0.990879
0.999999
0.998317
0.999244
0.933463
0.997432
0.942154
0.972001
0.999918
1
0.988635
0.996218
0.996309
0.999998
0.861451
0.999873
0.999999
0.997618
1
0.999996
0.986533
1
0.998814
1
0.998843
0.980069
1
0.920306
0.835393
0.999962
0.952959
0.996894
1
0.965633
0.990198
0.999838
0.984392
0.998723
0.999992
0.972114
0.831547
1
0.999999
0.999913
0.997825
0.969093
0.991692
1
0.990829
0.998867
0.999841
1
0.995445
0.966761
1
0.984472
1
0.996533
0.998316
0.999999
0.968689
0.99664
1
0.974428
0.998443
1
0.970378
0.988377
0.999997
0.983109
0.844488
1
0.99963
0.999369
0.960338
0.999999
1
1
0.999631
0.991173
0.995351
1
1
0.960302
0.97454
0.999994
1
0.99983
0.923652
0.996133
0.999997
0.983391
0.999568
0.92303
1
0.993802
0.736412
0.881647
0.855165
1
0.92663
0.991942
0.988829
0.954876
1
0.977
0.999609
0.999989
0.863253
0.968993
1
0.999999
0.999856
0.999982
0.981884
0.985782
0.999521
0.984399
0.952798
1
0.982555
1
1
1
0.969246
0.876366
1
0.984356
1
1
0.990023
1
0.994839
0.83914
0.74264
0.978159
0.803709
1
1
0.999935
0.989195
0.999999
1
0.999974
0.999999
0.989352
0.989266
1
0.962923
0.963076
0.998982
0.999993
0.976849
0.952167
0.880488
0.996365
0.874241
0.959828
0.999999
0.979312
0.960947
0.999971
0.993473
0.97783
0.968297
0.886727
0.988148
0.978359
0.999238
0.988652
0.972608
1
0.940133
0.952278
0.987467
0.838415
0.994462
0.997615
0.969006
0.995343
0.999929
0.999999
0.999859
0.998421
0.95173
0.999999
1
0.976049
0.959213
0.991896
0.999709
0.96295
0.889843
0.999745
0.999996
0.774792
1
1
0.999806
1
1
0.999999
0.999998
0.997686
0.971243
0.958537
1
0.994127
0.929572
1
0.988432
0.999869
0.959309
0.998988
0.942078
0.979512
1
0.996624
0.769248
1
0.999999
0.998527
0.999941
0.986907
0.924552
0.939
0.86807
0.980822
0.916922
1
1
0.991739
0.99989
1
0.999578
0.99271
0.985878
1
0.833528
0.999189
0.991185
0.941028
0.977013
1
0.990953
0.943687
0.995703
0.987725
0.999907
0.983985
1
0.967871
0.968727
0.965544
0.942708
0.957098
0.972056
1
1
0.999397
0.953521
0.999754
1
1
0.986088
0.999823
1
0.997111
1
0.783499
0.999999
1
1
0.999999
0.999541
0.965497
1
0.913281
0.999547
0.999776
0.959485
0.999997
0.852953
1
1
0.997409
0.999504
0.900266
0.983923
0.999997
0.999996
0.999931
0.981867
0.953521
0.999999
0.995626
0.999711
1
0.839723
0.999835
0.946318
0.969766
1
0.999418
0.999721
1
0.935333
0.767334
0.999999
1
0.99961
0.99984
0.999998
0.834485
0.971503
0.808427
0.947911
0.967305
0.779101
1
0.973093
0.791326
0.999894
1
0.999991
0.979307
0.918184
1
0.999609
1
0.9999
0.997825
1
0.99344
1
0.995663
0.969969
1
1
1
0.964717
0.969637
0.967256
0.99963
1
0.995645
0.988304
0.965258
1
0.999999
0.999628
0.999722
1
0.987541
1
1
0.999912
0.999999
0.964734
1
0.991108
0.920607
0.866056
0.999997
0.982805
1
0.998254
1
0.998495
0.965043
0.844569
0.999612
0.999601
0.983192
1
0.999939
0.999996
1
1
1
0.86339
0.986882
0.998143
0.999088
0.946771
0.94305
1
1
0.987252
0.994415
1
0.954107
1
0.963117
0.973674
0.999999
0.967289
1
0.993428
0.956818
0.999998
0.992268
0.881492
0.982893
0.99956
1
0.811251
1
0.902408
1
0.851057
0.999333
0.999131
0.997484
0.98551
1
1
0.991766
0.998112
0.998791
0.734935
0.97503
0.927007
0.999923
0.99025
0.999854
0.999937
0.954876
0.986866
0.970647
0.999234
0.994521
0.993074
0.969648
0.750581
0.999997
0.999866
1
0.999806
0.999999
0.999213
0.999791
0.929403
1
1
0.876956
1
0.999443
1
0.999443
0.93967
0.999999
0.976806
1
0.999804
1
0.999999
0.726356
1
0.894377
1
0.953333
0.916709
0.951383
0.965284
1
1
1
0.980099
0.938039
0.773699
0.953812
0.997341
0.994428
0.998703
1
0.993087
0.960891
1
0.783069
1
0.989636
0.999999
1
0.99748
0.997593
1
0.999995
0.998692
0.86695
0.9017
0.997466
0.999998
0.999913
0.996857
0.973856
1
0.967194
0.999999
1
1
0.998686
0.998251
1
0.990916
0.87079
0.970035
1
1
1
0.999999
0.999998
0.995214
0.999999
0.994597
1
0.984569
0.999999
0.81402
0.907922
1
1
1
0.916922
0.873971
0.990917
1
0.999804
1
0.950497
0.996083
1
0.907517
0.99819
1
0.999999
0.999837
0.998656
0.999999
0.999961
0.992383
1
1
0.920577
0.999999
0.999892
1
0.897197
0.992972
0.999617
0.981552
0.988417
0.952734
1
0.999935
0.991451
0.970378
0.991802
0.997599
0.997145
0.983614
0.999999
0.996083
0.853133
1
1
1
0.994505
0.921898
0.965692
0.997147
0.999997
1
0.988301
0.984671
0.966713
0.96937
0.993085
0.992904
0.914289
1
0.913187
0.999846
0.967581
0.999955
0.999998
1
0.997733
0.999999
0.999972
0.967224
0.911235
1
0.997065
0.999921
0.988507
0.999979
0.944785
1
0.999999
0.999997
0.962733
0.998286
0.99996
0.996807
0.999999
0.905578
0.993406
0.912941
0.98768
0.999838
0.880875
0.784584
0.998893
1
0.998551
1
0.997763
0.999998
0.999999
1
0.973277
0.982115
0.966949
0.997549
1
0.993474
0.964505
0.994127
0.97731
0.998151
0.932525
0.96522
0.998688
0.999999
1
0.968014
0.953647
0.999998
0.998851
0.998877
0.970304
1
0.999628
0.999743
0.892123
0.873694
1
1
0.992429
0.768572
0.975957
0.99999
0.998562
0.950482
0.879914
0.997965
1
0.999894
0.966969
0.948272
0.984581
0.893626
0.993087
0.918522
0.984564
1
0.998582
0.99816
0.990097
1
1
1
0.859222
1
0.925868
0.999998
0.989195
0.999999
0.799519
1
0.999999
0.984647
0.99996
0.999998
0.940635
0.999627
1
1
0.882222
0.999973
0.999991
0.890223
0.816561
0.954394
0.992331
0.957517
1
0.998409
0.956633
0.999999
0.890619
0.900921
0.998477
0.982687
1
0.939082
1
0.999767
0.999953
0.999874
0.998345
1
0.998582
0.803788
0.983381
0.997599
0.992904
0.999999
0.977641
0.960044
0.993354
0.999792
0.831511
1
0.994979
0.999761
0.912456
0.991343
1
0.7964
0.999999
0.999996
0.978922
0.999999
1
0.999999
0.998791
0.997615
0.999995
0.998933
0.99766
1
0.999964
0.992591
0.999988
0.92608
1
0.991633
1
0.999999
0.897708
1
0.999999
0.873457
0.999997
0.999747
0.999994
0.984697
0.798538
0.99999
0.855421
0.962607
0.999721
0.999988
0.999997
0.874491
0.990564
0.986336
0.98356
0.99952
0.797241
0.926128
0.897746
0.969969
0.946531
0.982955
0.954606
1
0.98912
0.981623
0.97508
0.990538
1
0.911028
1
0.996309
0.999999
0.999989
0.956157
0.987305
0.999999
1
0.998874
0.999584
1
0.964927
1
0.999999
0.999711
0.988891
0.918994
0.999012
0.967092
1
1
0.99643
0.999999
1
0.999891
1
0.874427
0.997048
0.999849
1
1
0.999992
0.982822
0.967777
0.959343
0.990587
1
0.98788
0.990778
0.958166
1
0.734249
0.972908
1
0.999996
0.999981
0.999956
0.997672
0.960664
0.999999
1
0.979512
0.999999
1
0.895586
0.999999
0.999318
0.999999
1
1
0.968689
0.965692
1
1
0.979297
0.961522
0.993581
0.999994
1
0.962627
0.999989
0.995937
0.98877
0.999862
0.995311
0.994291
1
0.970978
0.997672
0.999746
0.992795
0.987866
0.999809
0.996857
0.981635
0.971974
0.874831
0.999589
0.994838
0.956122
0.99581
0.995646
0.971193
0.979785
1
0.984872
0.994476
0.914287
0.987041
0.963722
0.999999
0.983923
1
0.985783
0.99718
1
1
0.968437
0.999997
0.991433
0.999619
0.993696
1
0.998342
0.963199
0.999868
0.956713
0.999996
0.998246
0.918927
0.974615
0.950475
0.948671
0.997939
0.990965
0.998645
0.894526
0.999992
1
0.996422
0.999725
0.994928
0.981888
0.847024
0.990863
0.999998
0.994207
0.946586
1
0.997412
0.994839
0.989882
0.999837
1
0.999997
0.983429
1
0.949326
0.953508
0.950039
0.964844
0.796238
0.999996
0.987541
0.788502
1
1
0.998267
0.932536
0.990406
0.996436
0.999995
0.999995
0.999627
1
0.890052
0.914508
0.999995
0.999597
0.994693
0.968606
0.917257
0.861069
0.975679
0.999999
1
0.999996
0.999999
0.999989
1
0.954388
1
0.98406
0.998771
0.999885
0.998345
0.986649
1
0.796243
0.990829
0.995577
0.99873
0.99189
0.970916
0.950424
0.999676
0.920478
1
0.997493
1
0.98846
0.946881
0.937612
0.986533
0.99998
1
0.988913
0.896839
0.999746
0.999996
0.934044
0.99782
0.789999
0.994617
0.999788
0.999999
0.992643
1
0.974287
0.994359
0.999999
0.784005
0.949244
0.97099
0.988546
0.971974
0.952932
0.96793
1
0.724036
1
0.961102
0.976369
0.996318
0.801692
0.969624
0.999999
0.994395
0.95749
1
1
1
0.994359
0.999365
0.946376
0.977892
0.921898
0.955042
0.999999
0.991012
1
0.964821
0.950842
0.996263
0.835922
1
0.685346
0.999999
0.956923
0.986806
0.999742
0.999999
0.980099
0.906025
0.999997
0.98713
0.994817
0.951901
0.87175
0.999999
0.963798
0.961268
0.903066
1
0.984368
0.914919
0.795407
0.957983
1
1
0.999999
1
0.982687
1
0.969109
1
0.987078
0.995196
0.971247
0.999998
1
0.997842
0.983391
1
1
1
0.999996
0.999994
0.941924
1
0.986212
0.764218
0.998579
0.907042
0.999477
1
1
1
0.851703
0.999745
1
0.999999
1
0.998224
0.981166
0.967224
0.939082
0.999748
1
0.685839
0.889122
0.888291
0.855251
0.954391
0.990269
0.934266
0.949322
0.997803
0.954892
0.842758
0.999996
0.905352
1
0.962253
0.999972
1
0.963939
1
0.860848
0.884866
0.997923
1
1
0.961275
0.966449
1
0.956471
1
1
0.986082
0.999997
0.909559
0.999998
1
1
1
0.933425
0.999815
0.976643
0.999745
0.832223
0.9412
0.992023
0.999999
0.999297
0.998094
0.992557
1
0.965284
1
0.987121
0.999995
0.999995
0.744729
0.999418
0.996751
1
0.999999
0.976203
0.968899
0.983589
1
0.999584
0.789522
0.998445
0.999999
0.954364
0.934056
0.998397
1
0.977765
1
0.999999
1
0.972147
0.95804
0.960644
1
0.957003
1
0.985193
0.983467
0.999797
0.998046
0.731185
0.919763
0.999999
0.999708
0.968264
0.932506
0.897657
1
0.954606
0.984954
0.999755
0.959485
0.980252
0.999433
0.995054
0.90206
0.964762
0.999847
0.966154
1
0.924858
0.99431
0.982558
0.993911
0.999991
1
1
0.971517
0.872414
1
0.998505
0.631104
0.899484
0.993978
1
0.999604
0.999597
0.993424
1
0.992151
1
1
1
0.999841
0.999999
1
1
0.988965
0.995341
0.964918
0.795301
0.8212
1
0.980386
1
0.990125
1
0.997031
0.999999
1
0.956526
0.755168
0.953048
0.848664
1
0.998832
0.928706
0.942797
1
1
0.999999
0.999997
0.998922
0.977738
0.96423
0.955042
0.999999
0.994375
0.994749
0.902173
0.956959
0.999999
0.999989
0.999999
0.999016
0.999745
0.889843
0.913147
0.873249
0.99861
0.968009
1
0.79605
0.984754
0.988202
1
0.996694
0.979857
1
0.942572
1
1
0.985334
1
0.576373
0.912957
0.998328
0.984884
0.99993
1
0.955561
0.999999
1
0.807424
1
0.999991
0.828434
0.98447
0.88155
1
0.941692
0.979516
0.999999
0.999996
0.999844
0.999023
0.986512
0.970239
0.99999
0.999748
0.990692
0.964797
0.999198
1
0.963517
0.999765
1
0.994505
0.99643
0.886751
0.991237
0.971974
0.97056
0.833538
0.972421
0.980992
0.999997
0.999999
0.977572
0.999794
1
0.99995
0.863881
1
0.984671
1
0.976894
1
0.894691
0.854695
0.999852
1
0.95909
0.99998
0.999079
0.99732
0.910726
0.999996
0.984569
0.999999
1
0.806314
0.944537
0.91056
0.993456
0.999397
1
1
0.952937
0.993401
0.999998
0.982809
0.957003
0.989507
0.998304
1
0.919823
0.999996
1
0.999997
0.999999
0.93776
0.777002
1
1
0.99969
1
0.99913
0.999993
0.99999
0.999999
0.994463
0.998455
0.999775
0.973957
0.983631
0.999848
0.999999
0.997645
0.999722
0.999998
1
0.996782
0.999999
0.983544
0.989807
0.999992
0.991022
1
0.994905
1
0.926591
1
0.97183
0.999791
0.968393
1
1
0.90344
1
0.99229
0.962958
0.738315
0.999998
0.989027
0.999719
0.995499
0.972192
1
0.999919
0.93433
0.702358
0.999993
1
1
0.986661
0.982158
0.999991
0.930284
0.900409
0.999913
0.999998
0.999989
0.595925
0.945135
0.993182
0.959853
0.98342
0.842691
0.993039
0.974939
0.926398
0.988991
0.999997
0.999993
0.999999
0.949731
0.965751
0.999798
0.933533
1
0.954419
0.992627
1
0.990441
1
0.999991
1
0.999185
0.994695
0.967871
0.937663
0.993581
0.970674
1
0.968994
0.996095
0.995565
0.964025
0.983429
0.999999
0.92008
0.999993
0.97387
1
0.916691
1
1
1
0.999997
1
0.978649
0.962253
0.988021
1
0.999998
0.997955
0.796912
0.993516
0.999999
0.992268
0.999931
0.954619
0.981884
0.951705
1
0.989358
1
0.852694
0.980972
0.777484
0.995142
0.98185
0.999993
0.925004
1
0.999924
0.975516
0.999994
0.961728
0.999998
0.999988
0.995502
0.783574
1
0.998965
0.962977
0.991185
1
1
1
1
0.915749
0.974078
0.997709
0.84868
0.971138
1
0.949706
0.593616
1
0.990863
1
0.951383
0.937377
0.998494
0.999595
0.982838
0.999995
0.988531
0.999993
0.999375
1
0.99949
0.999999
0.999996
1
0.9412
1
0.900236
0.960495
0.983969
1
0.999999
0.978233
0.962089
1
0.999997
1
0.790404
1
0.923926
0.999997
0.995141
0.999997
0.999998
0.990503
1
0.902275
0.999989
0.869283
1
0.863202
0.738878
0.99882
1
0.93967
0.965514
0.947064
0.974
0.999997
1
1
0.991156
0.995836
0.999997
0.999272
1
1
0.977805
0.975679
0.999628
0.994102
0.99873
1
0.984979
0.999457
0.975397
0.950257
1
0.966761
0.989245
0.999994
0.999633
0.999991
0.998467
1
0.954863
0.999994
0.996237
1
0.999868
0.994558
0.996472
1
0.999992
1
1
1
0.892785
0.999999
1
0.952932
0.999198
1
0.632451
0.999997
0.917061
0.982003
0.999919
1
0.999999
1
1
1
0.999359
1
1
1
1
0.957355
0.982143
0.996237
0.999998
0.926632
0.999996
0.789389
0.992406
0.956367
0.999006
0.97683
0.999987
0.934266
0.999651
0.999706
0.999881
0.989882
0.990371
1
0.999995
0.869543
0.999999
0.971268
0.999999
0.999999
0.948031
1
0.999999
1
1
0.999998
0.999849
0.971268
0.999868
0.681563
0.850874
0.985472
1
0.933062
0.999997
0.996123
0.595264
0.998268
0.630319
0.971082
0.998591
0.596772
0.999992
0.971339
0.871388
0.950629
0.985088
1
0.999751
0.950203
0.999991
1
1
0.999997
0.999998
1
0.999992
0.996643
0.982063
0.941406
0.919814
0.920529
0.996883
0.989602
0.890832
1
0.861839
1
0.874277
1
0.999999
0.983427
1
1
0.950253
1
1
0.883689
0.858553
0.938421
0.975763
0.974451
1
0.852222
1
1
0.995825
0.999953
0.940725
0.952928
0.998336
0.992608
0.871922
0.994527
0.989091
0.76564
0.959085
0.949415
0.970463
0.999999
0.999989
0.945382
0.9777
0.969089
0.99913
0.858742
0.999994
0.99974
1
0.853073
1
0.999567
0.999999
1
1
0.999163
1
0.999999
0.998692
0.988316
0.999989
0.999998
0.999993
1
1
0.946531
0.999988
0.985436
1
0.999992
0.951141
0.993343
0.999998
0.7327
1
0.999738
1
0.996459
1
0.99981
0.999712
0.999999
1
0.925595
1
1
0.984345
0.99972
0.978022
0.927542
0.944537
1
0.965933
0.955223
0.996614
0.9731
1
1
1
0.994839
0.740849
0.998225
0.871136
0.990767
0.999998
0.999995
0.990037
0.999595
0.999998
1
0.98049
0.794048
0.785385
0.997419
0.999998
0.998426
0.999998
0.999987
0.962428
0.928286
0.918799
0.858757
0.894507
0.980757
1
1
1
1
1
0.975629
0.996231
1
0.999999
0.997466
1
0.997654
1
0.935051
0.981578
1
0.999996
1
0.972663
0.979307
0.996694
0.978885
0.999671
0.999392
0.999747
1
0.999038
0.999645
1
0.996638
0.933062
0.999988
0.8582
0.989063
0.991428
0.995701
0.999994
1
0.999612
0.951801
0.983427
0.982896
1
1
0.980144
0.999334
0.999994
0.99882
0.999999
1
0.98859
1
0.999697
0.977808
0.975763
0.999999
1
0.969437
1
1
0.994874
0.964299
0.999998
0.999997
0.993569
0.991036
0.959886
0.907222
1
0.995936
0.934339
0.891801
0.999999
0.999932
1
0.999712
0.999751
0.999315
0.93433
0.911902
1
0.97912
0.965961
1
0.99994
0.955012
0.99255
0.995142
0.965613
0.99936
0.977853
0.999988
1
1
1
0.999995
0.829318
0.964072
0.87092
0.86026
0.996418
0.998852
0.999102
1
1
0.835058
1
0.96937
0.99939
0.999469
0.999999
0.999924
0.888463
1
0.999991
0.999998
0.936398
0.740564
0.942572
0.999692
0.970038
1
0.999217
0.96229
0.999668
0.990535
0.992739
0.999999
0.998551
0.998883
0.999768
0.995529
0.988738
0.999991
0.798183
0.969624
0.990939
0.965432
0.999998
0.999999
0.999999
0.85658
0.984918
0.820525
0.999729
0.982158
0.927849
1
1
0.950915
0.9973
0.999983
0.941387
0.999213
0.963458
0.999963
0.994452
0.916063
0.970991
1
0.966667
1
0.999725
0.96439
0.976426
0.871492
1
1
0.999841
0.999736
1
0.999032
1
0.999382
0.999987
0.999997
0.992912
0.951616
1
0.938745
0.999788
0.793272
0.853352
0.97344
0.957302
1
0.999999
0.993669
1
0.998725
0.968098
0.999999
0.999946
0.943944
0.99621
0.971091
0.929281
0.985941
0.977901
1
0.947651
0.977441
0.976859
0.999991
1
0.999741
0.981868
0.999995
0.999998
0.998963
0.902549
0.788499
0.997048
0.999263
0.999997
0.99268
0.999996
1
0.855165
0.989202
1
0.998005
1
0.99873
0.985812
1
0.883175
0.973478
1
1
0.977844
0.950257
0.999684
0.904304
1
1
0.986574
0.99998
1
1
0.984589
0.907222
1
0.997702
0.996537
0.976369
0.999986
1
0.994684
1
0.949322
0.848217
0.975017
0.903916
1
0.992685
0.929283
0.999991
1
0.989756
0.999996
0.988316
0.999866
0.988885
0.999994
1
0.955012
0.978233
1
1
1
0.999519
0.998866
0.99226
1
1
1
0.649772
0.999732
0.916282
0.888951
0.982214
1
0.958722
0.987774
0.996303
0.999997
0.999999
0.980377
0.968514
0.953949
0.992847
0.978054
0.983845
0.995404
0.991971
0.992131
0.970364
0.999967
0.836951
0.999998
0.923353
0.968632
0.974611
0.951254
1
1
0.956959
0.997291
0.999997
0.999998
1
0.999993
0.957536
0.999909
0.854965
0.999542
0.966587
0.999991
0.988446
0.999986
0.991727
1
0.966811
0.991243
1
0.999991
0.831748
0.983304
0.997853
0.999938
0.996558
1
0.99156
0.980729
0.999703
0.978981
0.957415
0.789567
0.999996
0.999997
0.957127
0.999973
0.99358
1
0.963798
0.985664
1
0.999359
0.984024
0.99999
0.863884
0.979731
0.999995
1
0.97338
1
0.926761
0.934649
1
0.997089
0.636053
1
1
0.977652
0.949376
0.99148
0.977381
0.999995
1
0.999668
0.996752
0.999984
1
0.973292
0.999981
1
0.96481
0.999784
0.94137
0.999988
0.97484
0.950842
0.998954
0.932904
0.86615
0.977872
0.972855
0.999998
0.999738
0.964821
1
0.999989
0.939287
0.999996
1
0.9978
0.976053
0.943644
0.961744
0.947875
0.985033
0.993217
0.976127
0.997226
0.986806
0.999993
1
0.999991
0.969829
1
0.977487
0.954394
0.958197
0.940803
0.999999
1
0.999729
0.770278
0.959886
0.971303
0.999994
0.935115
0.976481
1
0.960084
1
0.955555
0.999987
1
0.96423
0.961503
0.795301
0.829599
0.985357
0.999997
0.999354
0.977224
0.977817
0.999995
1
0.999999
1
0.99999
0.897682
0.992406
1
0.965301
0.99875
0.999481
0.99997
0.948352
1
0.964472
0.99408
0.966214
0.983544
0.999999
0.977805
0.673279
0.999192
0.94917
0.99407
1
0.974182
1
0.999999
0.969303
0.990728
1
0.955828
0.999687
0.808319
0.999997
0.966127
0.946856
1
0.988587
0.798275
0.999999
0.992996
1
0.966575
0.605866
1
0.602741
0.993723
0.971336
0.60439
0.999757
0.966812
1
0.999999
1
0.97243
0.958048
0.999998
0.801697
0.999358
0.983891
1
0.999988
0.972388
1
0.988473
1
0.987078
0.977183
0.999994
1
0.999996
0.999998
0.974719
0.96403
0.9999
0.97869
0.976996
0.842496
0.999999
0.921349
0.819751
0.990097
0.998005
0.935051
1
0.859391
0.999995
1
1
0.99321
0.975345
0.81813
0.989322
0.999853
1
1
1
0.999683
0.981118
0.925615
0.994624
0.7425
0.954892
0.953566
0.882666
0.999996
0.999988
0.999864
0.998103
0.999622
0.830451
0.998135
1
0.999998
0.999991
1
0.95695
0.852718
0.974691
1
0.999999
0.982314
0.940722
0.978436
0.999845
0.916681
0.999162
0.999999
0.993723
0.999985
0.999997
1
0.979249
0.969089
0.91868
0.999999
0.997144
0.976829
0.999998
0.999988
0.998609
1
0.851739
0.99986
1
0.999996
1
0.990682
0.923926
0.993979
1
1
0.790077
0.96229
0.99189
0.918498
0.924029
0.999999
0.999586
1
0.999214
0.921929
0.999998
0.999995
0.995496
0.880013
0.798009
0.965085
1
0.999998
0.860073
1
0.999992
0.999981
0.939096
0.994805
1
0.999475
0.999759
0.931648
0.974241
0.902986
1
0.997702
0.999946
0.999948
0.999969
1
0.947674
0.99806
0.991723
1
0.953978
0.999994
0.989468
1
0.999375
0.989638
0.994994
1
0.99999
0.870699
0.787798
0.974741
0.930828
0.95068
0.95793
0.994948
0.999989
0.936407
0.937991
0.999999
0.790469
0.999987
0.976813
0.958226
0.865297
0.711617
0.934339
0.799502
1
0.743728
1
0.964249
0.959555
0.95567
0.877004
1
0.979862
1
0.784762
0.998545
0.886751
0.999995
0.930867
0.983588
0.973643
0.999989
1
0.990013
1
0.999983
0.999999
0.923028
0.986247
0.980824
1
0.954391
0.966708
0.991624
0.950618
0.994779
0.999994
0.996751
0.967751
1
0.994657
0.97478
0.980607
0.999992
0.999999
0.935903
0.999153
0.941783
0.979614
0.999576
0.999358
0.830407
0.999998
0.97529
1
0.999194
1
0.95812
1
0.999997
0.998337
1
0.999999
0.999999
0.999999
0.999998
0.97338
0.986081
0.945902
1
1
0.805869
0.999916
1
1
1
0.999999
0.999997
0.9763
0.99904
0.994137
0.989034
0.997691
0.999995
0.999262
0.998964
1
0.907508
0.99863
0.999996
0.999991
1
1
0.986221
0.844307
0.999988
0.966432
0.862527
0.949259
0.955207
0.99944
0.986885
0.990108
0.971757
0.951365
0.973361
0.980687
0.955555
0.991407
0.999997
0.759936
0.999993
0.999998
0.999756
0.998504
0.850127
0.999666
0.985972
0.999993
0.974499
0.999987
0.959528
0.838455
0.971773
0.97783
0.995443
0.983396
0.872979
0.999992
0.999999
0.999995
0.99581
0.998944
0.792253
1
0.970234
1
1
0.964114
0.999516
0.991624
0.99879
0.989641
1
1
0.999996
0.762634
0.677208
1
0.999999
0.999998
0.998492
0.989467
0.956294
0.943469
1
0.916721
0.817164
0.946464
0.963117
0.999603
0.922084
0.990809
1
0.999997
0.999992
0.938055
0.987228
1
1
0.999995
0.984642
0.993861
0.999998
0.999786
0.945973
0.971173
0.999993
0.997617
0.999988
0.979857
0.999979
0.970648
0.99096
1
0.991183
1
0.999283
0.985891
0.964772
1
0.999259
0.999936
0.996558
0.874949
1
0.999995
0.997474
0.999999
1
0.999999
0.906587
0.979869
0.999845
0.965919
0.995808
0.946495
0.997407
0.952964
0.999997
0.998253
1
0.976957
0.957811
0.99993
0.96578
1
0.99783
0.976934
1
0.999999
1
0.999999
0.92924
0.938446
0.998225
0.999481
0.948832
0.999987
1
0.980377
0.909643
1
0.656412
0.999733
0.999998
0.999987
0.941894
0.973494
0.976313
1
1
0.909482
1
0.998764
0.890832
0.997028
1
0.999994
0.932055
0.966924
0.999995
0.999525
0.999999
0.934717
0.99142
0.949366
0.969279
0.879303
0.99999
0.946495
0.990884
0.969801
0.946108
0.972663
0.999816
0.960432
0.978227
0.999997
1
0.956733
0.999994
0.950745
0.999983
0.999904
0.982508
0.999996
1
0.999997
0.971202
1
0.977558
1
0.999999
0.983367
0.999993
0.993663
0.998477
1
0.974261
0.999471
0.999638
0.926299
0.840384
0.999101
0.999994
0.921617
0.999999
0.998927
0.999998
1
0.974945
0.983366
0.999994
0.999736
0.95793
0.965517
1
0.894874
0.966971
0.839786
0.99999
0.939287
0.974691
0.830774
1
0.99999
0.999999
0.965169
0.999998
1
0.985754
0.999999
0.999989
1
0.999786
0.999281
0.871124
0.745044
0.820893
0.953942
0.974451
0.963353
1
0.908463
0.999818
0.961403
0.996802
0.98342
0.998561
0.995651
0.98847
1
0.999668
0.950978
0.983411
0.974273
1
0.950456
0.999999
0.815562
1
0.999998
0.969989
0.999999
0.649888
0.791379
0.953354
0.875955
0.947196
1
0.907241
0.693929
0.940722
0.999666
0.995459
0.975799
0.926718
0.946975
0.999994
0.926017
0.936139
1
0.99424
1
1
0.974153
0.981052
0.921884
0.997281
0.999998
0.999995
1
0.825038
0.999977
0.955864
0.999994
0.99996
0.999998
1
0.963481
1
0.976459
1
0.999999
1
0.968194
0.999992
0.995464
0.942241
0.969905
0.999999
0.999987
0.999916
0.999996
0.942964
0.999996
0.980447
0.93357
0.911445
0.990583
0.99999
0.988982
0.999997
1
0.949119
0.982999
0.975117
0.999996
0.938745
0.966953
0.987428
1
0.941387
1
1
0.947232
0.827619
0.908538
0.90326
0.999999
1
0.999999
0.999995
0.999999
0.92924
0.999782
0.865713
1
0.998932
0.979076
0.999999
0.766147
1
1
0.999585
0.947875
0.958614
0.966523
0.999993
1
0.939325
0.976132
0.996904
0.860163
0.942964
0.999995
1
0.947117
0.999555
0.999999
0.926079
0.931648
0.969905
0.973005
0.764511
0.99936
0.999705
0.966788
0.999853
0.999998
0.999996
0.918498
1
0.973779
0.951499
0.999995
0.961503
0.866245
0.681266
0.994997
0.997769
0.98636
1
0.999828
1
0.980378
0.935377
1
0.990013
0.999986
0.621178
1
0.99998
0.617879
0.961303
0.61955
0.985385
0.994302
0.936935
0.99205
0.999419
0.999998
0.968341
1
0.991794
0.976112
0.970499
0.956367
0.986595
0.999997
0.817498
0.973967
0.97362
0.999997
0.986231
0.967189
0.999999
0.980451
1
0.827239
0.870808
0.999999
0.999948
0.999997
0.971447
0.980537
0.951027
0.998567
0.999994
0.99999
0.999998
0.923784
1
1
0.983583
0.999992
0.999991
0.860391
0.999923
0.923707
0.998485
0.999982
0.986889
0.999999
0.999999
1
0.899389
0.999922
1
0.750765
0.999993
0.82551
0.979217
0.846405
0.999862
0.999999
0.999999
1
1
0.969561
1
0.999998
1
1
0.999987
0.999224
1
0.845231
0.973798
0.999999
0.994681
0.74546
0.959046
0.999997
0.983304
0.913084
0.999995
0.999956
1
0.963707
0.967766
0.999999
0.999997
0.980824
1
0.981138
0.993155
0.999999
0.999805
1
0.975676
0.999555
1
1
0.999983
0.910407
0.925078
0.965186
0.998688
0.883799
1
1
0.729185
1
0.999997
1
0.973801
0.999988
0.983545
0.999995
1
0.991758
0.999999
0.999636
0.999997
1
0.95812
0.996901
0.999991
1
0.970158
0.852484
0.881777
0.969338
0.886383
0.999871
0.99999
0.999998
0.831917
0.999992
1
1
0.775539
0.999999
0.911194
0.920691
1
0.98675
0.999996
0.93023
0.999998
0.99469
0.986554
0.999993
0.98963
0.983832
0.999999
0.995066
0.9865
0.957398
0.880487
0.997371
0.908196
0.999994
0.999995
0.999102
1
0.999874
0.922044
1
1
0.983384
0.94786
0.986474
1
1
1
0.976833
0.966474
0.949652
0.944486
0.99606
0.999778
0.90791
0.966164
0.999999
1
0.999994
0.989117
1
0.999999
0.990308
1
0.999999
0.999996
0.999996
0.787311
0.995995
1
0.886973
0.924574
0.939204
0.999764
0.925853
0.999993
1
0.999994
0.982668
0.904985
0.99999
1
0.909962
0.999891
1
1
0.979825
1
0.922084
1
0.999988
1
0.970985
0.954282
1
0.98106
1
0.999132
1
1
0.969061
0.999992
0.982718
0.923391
0.99999
0.934786
0.998945
0.984073
0.86595
0.874416
0.817196
0.999474
1
1
1
0.99999
0.984744
0.999991
0.990833
0.945852
1
0.999995
0.992428
1
0.998661
0.934873
0.97869
1
0.999999
0.992772
0.999526
1
0.997339
0.972461
0.999885
0.99999
1
0.939944
0.999475
0.998283
0.901404
1
0.995658
0.966199
1
0.999997
0.913511
0.999999
1
0.927133
0.999997
0.995472
0.999994
0.990973
0.999971
0.9895
0.999999
1
0.976062
0.999995
0.999998
0.999767
1
0.999732
1
0.952408
0.813374
0.990881
0.999994
0.999373
0.999359
1
0.999998
0.999999
1
0.995464
0.973494
0.997447
0.999997
0.999609
1
0.785709
0.936034
0.745302
0.995066
0.859778
1
1
0.971189
0.983569
0.971115
0.999784
1
1
1
0.99476
0.991741
0.965865
0.997909
0.994062
0.999985
0.916338
0.91868
0.998561
1
0.999685
0.979774
1
0.885392
0.929573
1
0.969675
1
0.999999
0.999883
0.964323
0.970391
0.951814
0.870686
1
1
0.999996
1
0.98273
1
0.999996
0.9511
0.999923
0.999311
1
0.939096
0.999922
0.942855
1
0.954349
0.962914
1
0.999998
0.999995
0.999999
1
0.999999
0.986813
0.704977
0.965301
0.999998
0.918904
0.999996
0.999672
1
0.95628
0.938382
0.999939
0.998785
0.960418
0.892799
1
0.907435
0.957245
0.980356
0.943541
0.944467
1
0.91278
1
0.999993
0.990081
0.999988
0.99991
0.898861
0.999999
0.999995
1
0.944685
0.946858
0.999874
0.999981
0.999949
0.999998
1
0.929112
0.998384
0.993289
0.934873
0.996717
0.928084
0.999759
1
0.980746
0.999991
0.992182
0.999998
0.859124
1
0.985676
1
0.951198
0.999996
0.999994
1
0.979286
0.999613
1
0.999994
0.973032
1
0.999993
1
0.934222
1
1
0.889965
0.730171
1
1
0.977594
0.999998
0.998944
0.99792
0.94691
0.999995
0.92194
0.994555
0.934786
1
1
0.999979
0.925386
0.971627
0.998385
0.988377
0.974743
0.999999
0.999999
0.999589
0.840553
0.999974
0.832544
0.991765
0.999793
0.971091
0.974669
0.999999
0.989983
0.966159
0.948081
1
1
0.999997
1
0.99999
1
0.955881
0.815583
1
1
0.965014
0.999999
0.880598
1
0.991911
0.999996
0.999985
0.999996
0.966189
0.870917
0.774348
1
0.898575
0.999779
0.964047
0.958937
0.995392
0.947882
0.999993
0.999978
0.993695
0.999999
0.988272
0.977496
0.953478
0.99999
1
0.986638
1
0.80951
1
0.999999
0.968514
0.998485
0.999142
0.967038
1
0.999985
0.999966
0.924029
0.800109
1
0.998525
0.871407
1
0.996108
0.984793
1
0.78265
1
1
0.97362
0.945778
1
0.793032
0.999983
0.938314
0.973304
0.987802
0.999999
1
0.832826
0.871476
0.999994
0.796164
0.999995
1
1
0.984208
0.990518
0.952702
0.984883
0.970648
0.998927
0.93196
0.999986
0.784485
0.999999
0.999997
0.971821
0.94673
0.999985
0.957983
0.999998
0.924386
0.970517
0.999999
0.988812
0.996985
0.999994
0.999999
0.788772
0.999999
0.961973
1
0.998836
0.999764
0.90253
0.934306
0.991028
0.988373
0.973069
1
0.958398
0.99983
1
1
1
1
0.999767
0.999999
0.953639
0.963753
0.999044
0.99149
0.959282
0.999994
0.999994
0.987187
0.95059
0.989352
0.995061
1
0.981413
0.759292
0.999999
1
0.999759
0.995816
1
0.905101
0.717561
1
0.87108
1
0.999984
0.937678
0.999696
1
0.805612
1
0.999999
0.929585
1
0.993863
1
0.961885
0.915323
0.957209
1
0.999969
0.988062
0.996881
1
0.908707
0.975517
1
0.999994
1
1
0.99993
1
1
0.9805
1
1
0.99999
1
0.999771
0.871462
0.982836
1
0.984012
0.930087
0.688321
0.99362
1
0.977624
0.999917
0.999978
0.986615
0.743521
0.951365
0.99282
0.976887
0.987363
0.999999
0.875159
1
0.752042
0.999999
0.965919
0.995626
0.999999
0.999903
0.999994
0.933412
1
0.993522
1
0.68636
0.999996
0.982602
1
0.951816
0.999765
0.717073
1
0.925853
0.970558
0.9978
0.999743
0.999791
0.999999
0.956628
0.977551
1
0.860314
0.999768
0.94533
0.996484
0.987414
0.963884
0.977765
0.984467
0.928282
1
0.953969
0.999998
0.995715
1
1
0.999724
0.999992
1
0.999998
0.989237
1
0.992813
0.964652
0.801315
0.999999
0.996254
0.995404
0.999802
0.969803
0.999771
0.999999
0.687775
0.795572
0.967788
0.999993
0.805787
0.975744
1
0.966707
0.917929
0.999994
1
0.999997
0.992996
0.999994
0.999999
0.996692
1
0.999997
0.983904
0.999308
0.999968
0.971458
0.999984
0.982429
0.997675
0.997219
0.949983
1
0.906501
0.99097
0.94881
0.999589
0.939227
0.942543
0.999683
0.994328
0.98675
0.871856
0.974512
0.981086
0.999302
0.959247
0.921382
0.99999
0.999921
1
0.909202
0.999998
0.956948
1
0.999756
1
0.99966
0.999998
0.977308
0.996692
0.957057
1
0.999358
0.995447
0.998605
0.966416
0.993297
0.999995
0.996356
1
1
0.971419
0.999916
0.999443
0.999903
0.999999
0.999905
0.932601
0.99999
0.970695
1
1
0.967076
1
0.998119
0.997245
0.999986
0.999994
0.751531
0.820558
0.999991
0.999997
0.989491
0.99456
0.999999
0.999808
0.959509
0.999997
0.948509
0.971627
0.927838
1
1
0.999999
0.847314
0.997887
0.964817
0.95334
0.946239
0.999311
0.957898
0.914586
0.999759
0.999997
0.902697
0.992364
0.939227
0.959713
0.934904
0.999983
0.97779
0.886306
1
0.999922
1
0.999766
0.999984
0.725746
0.93826
0.999996
0.910208
1
0.999997
0.96972
0.996334
0.99977
0.778467
0.999992
0.957209
0.927907
0.999999
0.881475
0.962215
1
0.957447
0.939138
1
0.954528
0.994653
0.999989
0.915124
0.991914
0.999998
0.990521
0.989468
1
0.96165
0.74178
0.999981
0.94881
1
0.994894
0.999961
0.999998
0.994984
0.99974
1
1
0.998965
0.999999
0.999665
0.9956
0.968134
0.923784
0.983009
1
0.969371
0.833832
0.732211
0.960296
0.977738
0.973493
0.943541
0.992802
0.999993
1
0.9818
0.999686
0.999999
0.999995
0.980383
0.910925
0.977143
0.975208
0.99999
0.999998
1
0.948145
1
0.962443
0.921401
0.999228
0.999736
0.999999
0.999989
0.997144
0.999989
1
1
0.872341
1
1
1
0.907875
0.999005
0.977428
0.873955
0.999132
0.904065
0.998532
0.999905
0.904245
0.804903
1
0.840988
0.999782
0.999767
0.999984
0.999992
0.971794
0.977143
0.999979
0.948612
0.932671
0.949375
0.999989
0.960573
0.86607
1
1
1
0.999807
0.947882
0.999984
0.985716
1
0.960118
0.782264
0.999988
0.999997
0.99614
1
0.997188
1
0.985389
0.999999
0.991571
0.965751
1
0.680323
1
0.999983
0.988652
1
0.999964
0.992894
0.968319
1
0.962914
0.999772
0.999997
1
0.999999
0.92996
0.985972
0.9077
0.912147
0.99998
1
1
0.997564
0.983569
0.95754
0.919183
0.828974
0.999272
0.950209
0.945189
0.997214
0.931789
0.908684
1
0.948167
0.981659
0.999998
0.999984
1
0.987103
0.914586
0.987663
0.948766
0.938919
0.999999
0.986778
0.983122
0.930977
0.877156
0.999457
0.985361
1
0.969296
0.996273
0.680013
0.997942
0.960941
1
0.920143
0.907227
1
0.962783
0.930535
0.999988
0.975877
0.926323
0.990992
0.999999
0.997488
0.999999
0.999998
0.952964
0.971986
1
0.999999
0.955173
0.92996
0.952727
0.969067
0.977994
0.999992
0.784015
0.999382
1
0.999982
1
0.999998
0.973876
0.945778
0.994836
1
0.99687
0.999982
0.950106
0.976702
0.999369
0.962914
1
0.995326
0.722615
0.99999
0.688815
0.987467
0.94673
0.913875
1
0.849911
0.927438
0.977626
0.955061
0.952516
0.919093
0.976098
0.900382
0.99999
0.999999
0.998384
1
0.915561
0.999975
1
1
0.99991
0.998493
1
0.999768
0.999975
0.999992
0.987359
0.996758
0.999999
1
1
0.999994
0.743586
0.983377
0.999997
0.958183
0.999723
0.999589
1
0.999997
0.856489
0.999955
0.959255
0.999999
0.951069
0.996576
0.854549
0.999824
0.971856
0.954177
1
0.982508
0.959409
0.91493
0.773085
0.999986
1
0.899255
0.999987
0.999786
0.90638
0.996797
0.999615
0.999999
1
0.995915
0.919183
0.960224
0.941644
0.999219
0.981995
1
1
0.869859
0.897581
0.999848
0.996459
0.999975
0.948157
0.993846
0.999975
0.998975
0.999908
0.987252
0.999333
0.987325
0.998879
0.999998
0.990812
0.972534
0.999433
0.958556
0.721629
0.999985
0.969795
0.999897
1
0.956905
0.999995
0.999909
1
1
1
0.992145
0.98731
0.998238
0.916164
0.978477
0.969303
0.990186
0.999968
0.995447
0.9991
1
0.940533
0.999998
0.977353
1
0.999048
0.977039
0.997189
0.950567
0.999769
0.999978
0.845303
0.994403
0.754961
0.967369
0.99951
0.981054
0.997041
0.999909
0.999988
0.995869
0.996208
0.935207
1
0.993128
0.954639
1
0.998794
0.649749
0.993402
0.998035
0.967716
0.97837
0.945787
0.995132
0.930164
0.999985
1
0.999999
0.999972
0.998787
0.939238
0.910649
0.94914
0.957318
1
1
1
0.999999
1
0.999997
0.651433
0.999999
0.958398
0.89082
0.999999
0.998915
0.999999
0.999996
1
0.914246
0.909695
0.998535
1
1
0.956852
0.985227
0.999971
0.999931
0.98185
1
0.952902
1
0.999999
0.72488
1
0.653166
1
0.943308
0.995503
0.955263
0.958631
0.849281
0.999603
0.979076
0.999996
0.99999
0.910649
0.983036
1
1
0.960181
0.999994
1
1
0.968338
1
0.940951
0.968825
0.957157
0.951954
0.999999
0.974468
0.999999
1
0.999652
0.760741
0.947548
0.981054
0.941982
0.999849
1
0.97779
0.981623
0.999983
0.97396
0.948509
0.712979
1
1
0.999982
0.949475
1
0.999653
1
1
0.999988
0.950867
0.960573
0.99476
1
0.999997
1
0.967974
0.970687
0.992677
0.999995
0.99999
0.982718
0.929586
0.999832
0.999762
0.999952
0.744699
1
0.83574
1
0.995894
1
0.957994
1
0.996747
0.775153
0.999965
0.992413
1
0.999771
0.929353
0.999971
0.973395
0.911783
0.997179
0.999974
1
1
0.997904
1
0.999995
1
0.859055
0.905927
0.999989
0.950625
0.887269
0.976283
1
0.999589
0.978276
0.998869
0.996594
0.955432
0.986267
0.802219
0.999971
1
0.873028
0.994965
0.999995
0.981197
1
0.999981
0.948385
0.99977
0.999982
1
0.999998
0.993317
1
1
1
1
0.913565
0.999762
1
0.995459
1
1
0.99993
0.737416
0.836431
0.999999
1
0.993606
0.99992
1
0.930423
0.935136
0.914853
0.987384
0.841667
0.999996
1
0.95352
1
1
0.992228
0.966812
1
0.999729
0.999938
0.999982
1
1
0.96669
0.997214
0.950643
0.960523
1
0.999999
0.999685
1
0.999999
0.890431
0.912157
0.977568
1
0.996435
0.914982
0.98692
0.999999
0.949851
1
0.993088
0.948145
1
0.997085
1
0.99261
0.925777
0.981908
0.725444
0.999994
1
0.99469
0.943024
0.998099
0.994626
0.998743
0.750099
0.999998
0.999048
0.986825
0.998026
0.92273
0.97167
0.993764
0.703299
0.999979
0.99997
0.995619
0.998858
0.999691
0.848631
0.995519
0.917291
0.946942
0.999619
0.906422
1
0.866968
0.999815
0.994097
0.999999
1
0.954275
0.975057
1
0.932456
0.999232
0.959247
0.915585
0.999968
0.999792
1
0.99975
1
0.996837
0.999996
0.937227
1
0.964999
0.994293
0.987243
0.994696
0.9171
0.998503
0.999578
0.899231
0.947302
0.999142
1
1
0.999999
1
1
0.999871
0.924199
0.928179
0.90566
0.999997
0.999759
0.928571
1
0.999967
0.96962
1
0.999824
0.954895
0.881912
1
1
0.999999
1
0.999996
0.876925
0.999617
0.972969
0.996002
0.939504
0.949626
0.999977
0.998988
1
1
1
1
0.995661
0.935899
0.982789
0.999686
1
0.986578
0.995661
0.891027
0.999999
0.983346
0.840689
0.994482
0.995665
0.999994
1
1
0.930438
0.997006
0.945189
0.905072
0.998414
0.945424
0.998146
0.89082
0.999998
0.999999
0.955996
0.99999
1
0.999958
1
0.847141
0.962763
0.72709
0.995314
0.999763
1
0.971228
1
0.858798
0.746497
1
0.999993
0.925849
1
0.999875
1
0.99841
0.988889
0.70107
0.999522
0.978784
0.996509
0.989917
0.949135
0.995066
0.999997
0.987088
0.999997
0.999795
0.993289
0.731772
0.99999
0.999718
0.999579
0.999779
0.94819
1
0.999996
0.999745
0.981659
0.999762
0.948363
0.968061
0.943145
0.976289
1
0.995149
0.92702
0.999941
1
0.915373
0.948393
1
0.999994
0.674075
1
0.999999
0.999967
0.808985
0.993597
0.968666
1
0.976151
0.957357
0.999978
0.846843
0.999764
0.999945
0.724962
0.852011
1
0.97834
0.999995
0.996901
1
0.960095
0.988467
0.980029
0.999916
1
0.963783
0.982954
1
0.999846
0.999764
0.999967
1
1
0.986866
0.996467
0.965669
1
1
1
1
0.999751
0.956932
1
0.950482
0.999989
0.692611
0.99043
0.999976
0.972684
0.982321
0.948416
0.955443
1
0.999999
0.95837
0.974494
0.986826
0.999916
0.999995
0.999999
0.960423
0.847963
0.961657
1
0.999995
1
0.910208
0.87017
0.990902
0.970724
0.999044
0.999762
0.999999
1
0.983377
1
0.998317
0.914246
0.692487
1
1
0.999617
0.913139
0.81486
0.979349
0.923999
0.927785
0.914865
0.973364
1
0.999958
0.94914
1
0.964724
0.823657
1
0.965759
0.974015
0.970124
0.999657
1
0.999999
0.987562
0.999999
1
0.999433
0.999999
1
1
0.92103
0.999974
0.996202
0.999999
0.999999
0.930789
1
0.970835
0.952751
0.99979
0.950978
0.999993
0.863218
1
0.836655
0.974568
0.994653
0.999999
0.999999
0.86532
0.999815
0.995342
0.999952
0.999057
1
0.978768
0.999742
0.810289
0.637162
0.98881
0.976984
1
0.973364
1
0.997728
0.999963
0.963566
0.993924
0.965026
0.971503
1
0.999999
0.997919
0.998489
1
0.999999
0.994243
0.942723
0.970262
1
0.941082
0.951817
0.935838
0.892647
0.907586
0.999685
0.954235
0.747615
0.999578
1
0.961269
0.999998
0.96471
0.999999
1
0.960456
0.99991
0.999991
1
0.943308
0.999974
0.836556
0.999629
0.999765
0.988985
0.999995
0.707903
0.982602
0.94259
1
0.808814
0.935377
0.999962
0.998994
0.974332
1
0.946643
0.986124
0.930118
0.664809
0.999807
0.81801
0.829198
0.776627
0.99958
0.986267
0.999711
0.925009
0.999894
1
0.992619
0.999997
0.999987
0.994341
0.904469
0.999993
1
0.985716
0.964708
1
0.999999
0.999118
0.999997
0.999396
0.666952
0.987703
0.766436
0.99721
1
0.949475
0.666481
1
0.954102
0.921785
0.999856
0.999764
0.999983
0.912293
0.982457
0.668153
0.999884
0.944753
0.999999
0.999992
0.779683
0.683089
0.999907
0.802968
0.999999
0.996714
0.669825
0.999126
0.999994
0.999763
0.997189
1
0.999628
0.948495
0.94253
0.915626
0.99997
1
0.999984
0.66705
0.95835
0.7826
0.959065
0.954684
0.99145
0.884267
0.999962
0.911058
0.999997
1
0.844937
0.960846
0.999766
0.956854
0.9077
1
1
0.846028
0.996918
0.999955
1
0.910911
0.998492
0.999999
0.999992
0.999671
0.999993
0.999997
0.999765
0.999764
0.645383
0.934622
0.958783
0.999935
0.985878
0.98161
0.999993
0.980383
1
0.999967
0.981212
0.806647
0.999994
0.701266
0.895976
1
0.999925
0.986036
1
0.998238
0.992169
0.999796
0.902201
0.919207
0.848431
0.994764
0.865175
0.999745
0.924999
0.999994
1
0.999999
1
0.998367
0.856489
0.998089
0.999767
1
0.958027
0.999999
0.999993
0.985576
0.989504
0.816915
0.99995
0.999764
0.841984
0.999629
0.999993
0.956029
0.999524
1
0.959828
0.995793
0.999775
0.967815
0.999628
0.99976
0.776527
0.995942
1
0.985296
1
1
0.684802
0.810168
0.906997
0.999962
1
1
0.977528
0.997311
0.999685
0.968675
0.671497
0.940564
0.998445
0.946748
0.921382
0.673169
0.999771
1
0.892235
1
0.973899
1
0.84478
0.922188
0.955396
0.999684
0.995017
0.990018
0.927785
0.96402
0.938575
0.999991
0.999999
0.999907
0.998559
0.999968
0.916256
0.999999
0.999999
0.966463
0.999845
0.999298
0.975972
0.989932
0.999997
0.9362
0.696368
0.964744
0.93363
1
0.999418
0.999606
0.999747
0.996195
1
0.999985
0.975766
0.942814
1
0.994626
0.958506
0.996609
0.749316
0.993354
0.941081
0.999912
0.999949
0.999999
1
0.954219
0.999308
1
0.985109
1
0.958863
0.999999
0.999993
0.998741
0.999999
1
0.854549
0.999957
1
0.981908
0.940196
0.999999
1
1
0.999999
0.959024
0.967788
0.990281
1
0.947803
0.873962
0.67484
0.941628
0.981086
0.949308
0.999919
0.985027
0.961142
0.999999
0.999767
0.999773
0.999991
0.999967
0.999913
0.999999
0.999993
0.962347
1
1
0.944311
0.997243
0.999992
0.924574
0.96806
0.90342
0.673941
0.999918
1
0.995452
1
0.88015
0.930017
0.993473
0.962342
0.843575
0.999983
0.947287
1
1
0.999766
0.911058
0.998314
0.99783
0.999956
0.900756
0.935705
0.971982
0.99982
0.949025
0.96895
0.999999
0.98652
0.965773
0.681879
0.999861
1
0.993669
0.676511
0.926125
0.999908
0.999992
0.941946
0.953204
1
0.754241
0.923882
0.999999
0.873003
0.999985
0.999998
0.975444
0.999989
0.944025
1
0.999767
1
0.967997
0.930998
0.950512
0.997121
0.999999
0.999761
1
0.99879
0.999547
0.995459
1
0.965234
0.92006
0.999977
0.999985
0.907928
1
0.973082
0.999764
0.999657
0.799529
0.871831
0.873962
0.977198
0.836776
1
0.998857
0.999997
0.99431
0.948375
0.999729
0.983346
1
0.994691
0.999965
0.999999
0.999924
0.999999
0.999996
0.945657
0.999992
0.999768
1
0.998779
0.994384
0.992605
0.999994
1
1
0.960423
0.793373
0.787019
0.900479
1
0.975233
0.999999
0.952629
0.993183
0.999679
0.999881
1
0.999999
1
0.99998
0.983329
0.997118
1
0.988612
0.926267
0.999715
0.998952
0.690071
0.999999
0.902242
1
1
0.823114
0.99752
0.832594
0.999765
0.999994
0.898861
0.999989
0.77309
0.998114
1
0.999999
0.967293
0.999965
0.999719
0.983216
0.999777
0.99734
0.83668
0.965202
0.928056
0.998185
0.704531
0.999975
0.999789
0.939995
0.879319
0.999999
0.909593
0.999999
0.999996
0.795886
0.74899
0.999999
1
0.889143
1
0.987198
0.685633
0.937189
1
0.958783
0.997288
0.696759
0.983122
0.999999
0.925578
0.99043
1
0.929716
0.86749
0.999999
1
0.999768
0.678182
0.960206
0.9998
0.991104
0.999999
0.836869
0.808234
0.972063
0.996493
0.922999
0.999999
0.988444
0.999856
1
1
0.748773
0.991924
0.999375
0.670638
1
0.997593
0.999977
1
1
0.999687
0.999999
0.996041
0.679853
0.999999
0.99996
0.999931
0.99999
0.999999
0.999999
0.999984
0.999999
1
0.999763
0.999991
0.985924
0.843907
0.933946
0.892893
0.85066
0.923764
1
0.999999
1
0.870808
0.999999
0.999999
0.999999
0.999561
0.73867
0.999369
0.999769
0.987673
0.999999
0.999994
0.982388
0.999999
0.932728
0.93103
0.997028
0.962304
0.951606
1
0.999757
1
0.96371
0.982257
0.997339
0.940858
0.927962
0.995577
0.976753
0.999998
0.874211
0.891769
0.999999
0.999647
0.901418
0.999954
0.972276
1
1
0.842719
0.965448
0.95027
0.960043
0.938834
0.906083
0.973959
0.956241
0.681524
0.999691
0.999767
0.962048
0.964318
1
0.999999
0.999665
0.994454
0.9998
0.929839
0.956175
0.999568
0.968545
0.999724
0.999999
0.995202
0.96082
0.936395
0.972101
0.934632
0.712685
0.961357
0.975766
0.999999
0.993769
0.93363
0.99998
0.927275
0.99962
0.999766
0.921683
0.999989
1
0.996159
0.85066
1
0.963918
0.972684
1
0.999998
0.843046
0.96471
0.683194
0.905996
0.999999
0.851035
0.999999
0.981069
0.997822
0.752527
0.831138
0.99977
1
0.961749
0.937902
0.999999
0.999999
1
0.969844
0.999998
0.994908
1
0.788057
0.999998
1
0.976192
0.984029
0.944169
0.755912
1
0.999445
1
0.999771
0.86749
0.999986
0.999713
0.796439
0.995879
0.996546
0.950216
1
0.974504
0.928179
0.999999
0.999938
0.921879
0.970693
0.889407
0.999999
0.999999
0.999999
1
1
0.999999
0.999993
1
0.92752
0.999994
0.911456
0.963569
0.923697
0.999618
0.999992
0.957156
0.942023
0.997255
0.978276
0.951147
0.942678
0.999999
0.705248
0.999999
0.999995
0.999805
0.999997
0.965476
0.999999
0.978018
0.920482
0.937727
0.929657
0.938029
1
0.999877
0.98536
0.98161
1
0.952985
1
0.94739
0.999986
0.906763
0.943438
0.9988
0.999703
0.999999
0.989234
1
0.879319
0.796722
1
0.999999
0.94673
0.999768
0.99978
0.910872
0.999993
1
0.999999
0.800405
0.940342
0.999999
0.834735
0.999999
0.999745
0.999696
0.995372
0.684864
0.722112
1
0.993951
0.999999
0.686534
0.999999
0.999999
0.947664
0.999999
0.999999
0.999983
1
0.962986
1
1
0.986166
0.928974
0.939905
0.999995
0.999993
0.988911
0.788309
0.999999
1
0.999718
1
1
1
0.988985
0.867072
0.942814
0.892161
0.999999
0.914049
0.837495
0.999989
0.993302
0.973693
0.999999
0.999999
0.745568
1
0.999999
0.951519
0.895672
0.998583
0.999993
0.999545
0.954206
0.995103
0.969129
0.965177
0.920482
1
0.999968
0.83686
0.954015
0.995826
0.999715
0.99975
0.999991
0.912081
0.99963
1
1
0.821161
0.999994
0.999997
0.962743
0.977155
0.999999
0.914532
0.947402
0.996129
0.99991
0.999723
0.998985
0.688203
0.994062
0.999987
1
1
0.999999
0.999998
1
0.999999
0.923087
0.999688
0.762777
0.9998
0.96859
0.968666
0.999999
0.999998
0.998375
0.823478
0.952306
0.983868
0.933004
0.975039
0.901224
0.999999
0.999779
0.95942
0.950512
0.931353
1
0.999989
0.947693
0.999995
0.911322
0.975117
0.924978
0.821671
1
0.923948
0.999998
0.8742
0.999087
0.863218
0.969854
0.999999
0.754248
1
0.955804
0.791459
1
0.731864
0.999999
0.992591
0.978273
0.689867
0.959997
1
0.999998
0.898961
0.999999
0.999894
1
0.999997
0.965234
0.999989
0.939994
0.97205
0.997945
0.999946
0.999999
0.996704
0.999976
0.799417
0.878966
0.954485
1
1
0.930672
1
0.999978
0.948387
0.997843
0.966712
0.996563
0.999983
0.852184
0.989157
0.999998
0.999999
0.999805
0.999228
1
0.999999
0.999991
0.993323
0.999963
0.996368
0.957526
0.999999
0.938029
0.999987
0.945657
0.982985
0.999999
0.976291
1
0.99999
0.998527
0.999994
0.999286
0.940315
0.999999
0.999997
1
0.930597
1
0.999999
0.99734
0.659177
0.952447
0.953835
0.999999
0.997576
0.999992
0.999992
0.999999
0.986578
0.805689
0.999999
0.976666
0.959184
1
0.999991
0.994764
1
0.997592
0.999999
0.999956
0.999972
0.999687
0.999687
0.812172
1
0.963724
0.999727
0.952629
0.968285
0.974264
0.697721
0.969898
0.993435
0.999668
0.999999
0.84482
0.94905
0.997243
0.999955
0.984791
0.9312
0.959144
0.999994
0.769587
0.998385
0.933042
0.944577
0.962053
0.962147
1
0.982119
0.939212
0.997297
0.999794
0.950762
0.996319
0.999999
0.999999
0.999961
0.998859
0.999941
0.983295
0.943467
0.936495
0.999989
0.9251
0.971794
0.999529
0.733999
0.999999
0.99994
0.959899
0.970051
0.999998
0.999999
0.999988
0.999999
0.999999
0.935558
0.959222
0.999999
0.989369
0.877417
1
0.999727
0.924867
1
0.924734
0.996319
0.843208
1
0.999594
0.948017
0.994965
0.691512
0.946888
0.970755
0.998223
0.971242
0.999999
0.917217
0.994524
0.962515
0.993218
0.941777
0.969109
0.999999
1
0.932341
0.979335
0.988056
0.827507
0.999999
0.97413
0.999999
0.985126
0.999999
0.999938
0.999941
0.755384
0.999997
0.948035
0.997949
0.978768
0.905722
0.96395
0.693051
1
0.976554
1
0.988226
0.999997
0.999993
0.969497
0.895549
0.813387
0.999987
0.953147
0.874379
0.999991
0.999952
0.999999
0.998333
0.999997
1
0.997022
0.999999
0.810804
0.998275
0.940611
1
0.781616
0.674953
0.999999
1
0.799221
1
1
0.929184
0.993888
0.999442
0.999998
0.984916
0.999846
0.630466
1
0.97823
0.993194
0.948566
0.999999
0.867939
0.999999
0.694048
0.999993
0.974735
0.999933
0.993508
0.999712
0.99944
0.999931
0.985211
0.999985
0.892104
0.920374
0.941145
0.910103
0.996129
0.999998
0.934593
0.999999
0.952761
0.978548
0.999999
0.963803
0.999999
0.980081
1
0.973438
0.839452
0.829011
0.999735
0.999985
0.999945
0.999805
0.948208
0.999929
1
0.828553
0.940343
0.804447
0.921687
0.840182
0.999989
0.999951
0.999845
0.786443
0.972261
0.932558
0.999276
0.997046
0.757211
0.783026
0.935992
0.956012
0.999997
0.999987
0.999998
1
0.99995
0.998205
0.999999
0.976804
0.977084
0.999991
0.999991
0.999999
0.850015
0.721422
1
1
0.950432
0.895189
0.989621
0.964913
0.970605
0.933416
0.956344
0.999999
0.951147
0.982457
0.999998
0.858082
0.958691
0.999999
0.776336
0.962743
0.999999
0.999948
0.993587
0.999991
0.99995
0.999685
0.992669
1
0.990186
1
0.999705
0.963491
0.875853
0.976753
0.999774
0.946032
1
0.954003
0.999784
0.954442
0.997699
0.760895
0.930998
0.722224
0.773476
0.936859
0.999993
0.99999
0.946292
0.999795
0.93467
0.910421
0.974016
0.999946
0.999272
0.999959
0.999999
1
0.931592
0.999928
0.996187
0.962122
0.999998
0.946292
0.963293
0.968904
0.997001
0.859083
0.971982
0.971451
0.999606
0.978073
0.802988
0.919686
0.99944
0.836913
0.961152
0.984209
1
0.999999
0.999985
0.999998
0.999327
0.999994
0.999999
0.999594
0.999999
0.94673
0.989345
0.999928
0.999999
0.900115
0.990522
1
0.989786
0.955784
0.999742
0.947492
0.999999
0.913249
0.998392
0.895724
1
0.999697
0.948825
0.999982
0.932894
0.999985
0.968666
0.993377
0.885211
0.999999
0.999774
0.999933
0.999991
0.942467
0.999972
0.954097
0.997626
1
1
0.999986
0.999843
0.999525
0.999999
0.925265
0.999998
0.957161
0.999875
0.999736
0.999931
0.967454
0.959259
0.946436
0.996298
0.999999
0.999744
0.802725
0.955961
0.999999
0.892235
0.96421
0.990208
0.99999
0.927515
0.999999
0.999984
0.950715
0.999943
0.999934
0.999999
0.989388
1
0.991243
0.8371
1
0.785331
0.984065
0.99999
0.999995
0.999962
0.654685
0.99995
0.999998
0.997142
0.995192
1
0.999999
0.914091
0.998463
0.941004
0.954015
0.954388
0.999991
0.99831
0.909476
0.999997
0.8281
0.999999
0.983404
0.999999
0.999783
0.999999
0.95181
0.999999
0.999998
0.940516
0.791363
0.999963
0.999999
0.999743
0.835396
0.999993
0.999998
0.989656
0.939005
1
0.999999
0.999673
0.999995
0.997893
0.999647
0.993644
0.999988
0.999989
0.997526
0.937531
1
0.782599
0.977594
0.999919
0.988942
0.917369
0.995924
0.999999
0.999661
0.999604
0.707091
0.874115
0.999999
1
0.964185
0.942108
0.999107
0.944917
0.959199
0.999978
0.973073
0.92817
0.999999
0.999529
0.999998
0.805133
0.999992
0.999773
0.972001
0.999889
0.999999
0.996832
0.999992
0.98526
0.951763
0.999997
0.999998
0.999941
0.923435
0.949025
0.987449
0.999917
0.956992
0.965873
0.999999
0.994661
0.929444
0.978741
0.99999
0.952001
0.998679
0.960432
0.983298
0.99999
0.999998
0.999931
0.998452
0.99977
0.814332
0.964938
0.88491
0.702226
0.958606
0.961268
0.999999
0.819367
0.999999
0.968858
1
0.996149
0.999989
0.919343
0.999999
0.944496
0.919419
0.999638
0.999598
0.936199
0.999851
1
0.9998
0.999999
0.991196
0.999998
0.827652
0.959434
0.999938
0.994988
0.952841
0.969683
0.940713
0.969801
0.907966
0.94791
0.998859
0.999999
0.999932
0.937161
0.999999
0.942372
0.999539
0.999661
0.999796
0.953909
0.999998
0.999984
0.871978
0.999727
0.989698
0.999872
0.999984
0.999789
1
0.94791
0.99953
0.999774
0.951779
0.999997
0.765542
0.659495
0.937824
0.86264
0.999991
0.811432
0.999936
0.982985
0.993085
0.999916
0.977084
0.998463
0.999998
0.961749
0.999982
0.999535
0.960876
0.993541
0.999777
0.999999
0.960296
0.889081
0.999945
0.952582
0.999991
0.966831
0.866333
0.98238
0.794869
0.805824
0.785648
0.817362
0.999999
0.997171
0.936513
0.999498
0.99944
0.967765
0.949859
0.948723
0.999999
0.998036
0.999916
0.999986
0.999999
0.973335
0.969333
0.999754
0.998016
0.95644
0.999991
1
0.999989
0.999999
0.999993
0.999999
0.999889
0.824513
0.936914
0.99964
0.999998
0.999663
0.796795
0.830106
1
0.999999
0.999999
0.929978
0.781408
0.804382
0.983295
0.989607
0.999999
0.999999
0.999999
0.966081
0.999999
0.999998
0.993909
0.94479
0.999774
0.98325
0.999997
0.914729
0.714271
1
0.954924
0.773272
1
0.949029
0.99963
0.873148
0.994745
0.999988
0.876664
0.999999
0.999998
0.954021
0.986411
0.941764
0.993886
0.97585
0.847669
0.999987
0.980937
0.97778
0.929815
0.999987
0.999966
0.951793
0.959594
0.990844
0.869841
0.952785
0.758147
0.958123
0.94291
0.890856
0.999932
0.999594
1
0.94953
0.999996
0.936899
0.804591
0.932198
0.949855
0.999999
0.999998
0.815446
0.902201
0.963528
0.78042
0.958239
0.765661
0.99987
0.999906
0.913934
0.988157
0.999995
0.88459
0.969925
1
0.94874
0.996487
0.950375
0.868952
0.999842
0.999952
0.999949
0.999903
0.999999
0.94953
0.999997
0.999995
0.982388
0.999951
0.999979
0.999982
0.999999
0.837011
0.999705
0.999757
0.948208
0.694843
0.998467
0.999998
0.957477
1
0.747539
0.999903
0.978373
0.964882
0.999998
0.969504
0.979217
0.999855
0.999985
0.999924
0.999998
0.871601
0.984332
0.953108
0.999999
0.998172
0.991564
0.998633
0.996408
0.991854
0.999997
0.999999
0.999338
0.998021
0.99987
0.837234
0.978732
0.999651
0.938828
0.999987
0.999999
0.664291
0.984209
0.999926
0.965742
0.999999
0.998476
0.999997
0.949024
0.905411
0.99993
0.984452
0.991183
0.907586
0.999999
0.937055
0.898162
0.98537
0.999999
0.912081
0.999933
1
0.892161
0.827208
0.999747
0.939756
0.954012
0.999983
0.956344
0.970463
0.999863
0.993855
0.956673
0.999052
0.918471
0.760502
0.999886
0.999994
0.999955
0.999995
0.976854
0.988424
0.999979
0.99978
0.96867
0.9431
0.999987
0.999986
0.988702
0.995501
0.999984
0.998806
0.999999
0.955133
0.999994
0.977572
0.999919
0.999902
0.751475
1
0.794869
0.999998
1
0.818745
0.858798
0.999999
0.952001
0.999999
0.958806
0.817718
0.844032
0.999994
0.999998
0.876165
0.966712
0.999312
0.999862
0.936046
0.967232
0.761457
0.997677
0.997228
0.999938
0.998544
0.956019
0.967348
0.925365
0.999889
0.999912
0.946883
0.942066
0.967797
0.980401
0.999986
0.966121
0.995134
1
0.999916
0.999998
0.986909
0.951155
0.999986
0.986519
0.9255
0.999887
0.999509
0.938967
0.970262
0.742422
0.981484
0.999999
0.994625
0.981994
0.999999
0.999974
0.962973
0.999999
0.98647
0.95437
0.999901
0.999449
0.996738
0.949183
0.94294
0.977702
0.999985
0.977705
0.999999
0.94387
0.975208
0.974014
0.999999
0.999665
0.952106
0.817505
0.894589
0.669074
1
0.823986
0.945236
0.999985
0.999999
0.930329
0.964531
0.951155
0.975923
0.999046
0.999844
0.999526
0.769321
0.999999
0.999999
0.960331
0.999999
0.992266
0.999999
0.998172
0.999999
0.988634
0.933056
0.99563
0.953526
0.999792
0.970176
0.999958
0.999999
0.999997
0.999997
0.99999
0.999999
0.988113
0.999989
0.999993
0.74812
1
0.725343
0.8252
0.999943
0.955767
0.955339
0.984411
0.992858
1
0.999999
0.999545
0.999998
0.844111
0.939994
0.999043
0.972125
0.999999
0.999999
0.994627
0.999735
0.998655
0.968391
0.737461
0.999984
0.999901
0.999453
0.999999
0.999999
0.999955
0.999999
0.999999
0.999751
0.998914
0.978798
0.999936
0.964037
0.897992
0.991889
0.988958
0.817505
0.994686
0.978223
0.999999
0.972721
0.999733
0.999959
0.983504
0.961171
0.999822
0.99947
1
0.999997
0.981987
0.822479
0.946649
0.999657
0.999995
0.952785
0.999461
0.999915
0.999737
0.955496
0.996491
0.879727
0.94319
0.822479
0.999999
0.999611
0.999999
0.99977
0.976749
0.999998
0.999979
0.898162
0.999892
0.99969
0.99413
0.996754
0.971419
0.99969
0.999982
0.981557
1
0.713087
1
0.981443
0.927848
0.996121
0.998841
0.999711
0.981079
0.999984
0.952779
0.969179
0.996019
0.999955
1
0.999997
0.97004
0.994294
0.996519
0.996837
0.714757
0.765884
0.800428
1
0.996686
0.994217
0.996802
0.995961
0.996624
0.991106
0.999955
0.977266
0.95576
0.999993
0.999569
0.947054
0.999295
0.993675
0.974894
0.999994
0.955544
0.997605
0.911704
0.967203
0.997296
0.999248
0.860514
0.673847
0.991196
0.907557
0.803942
0.999999
0.999998
0.968705
0.999709
0.863903
0.999999
0.98006
0.925034
0.77811
0.952306
0.952779
0.947801
0.999623
0.925506
0.827507
0.999999
0.991872
0.983298
0.999973
0.999999
0.716427
0.955561
0.942427
0.915727
0.999931
0.997251
0.974386
0.999968
0.999997
0.931582
0.999995
0.989069
0.948723
0.999999
0.975981
0.960868
0.96421
1
0.999997
0.955127
0.921879
0.999998
0.972799
0.999954
0.915751
0.796722
0.924834
0.99084
0.995662
0.999997
0.999999
0.999999
0.955445
0.998833
0.836519
0.999999
0.537255
0.998512
0.86524
0.999998
0.909776
0.75186
0.999999
0.99977
0.957156
0.999999
0.956838
0.999892
0.999927
0.918033
0.925365
0.98653
0.999999
0.977591
0.983008
0.999997
0.999579
0.845172
0.999999
0.780973
0.996785
0.999982
0.956335
0.729076
0.999999
0.999981
0.890375
0.999999
0.999969
0.941214
0.997924
0.962733
0.896088
0.999994
0.999697
0.981952
0.931592
0.975762
0.837109
0.999623
0.803296
0.73831
0.999997
0.999831
0.999999
0.923136
0.958495
0.96199
0.99396
0.990616
1
0.999993
0.72413
0.999998
0.995677
0.988635
0.910872
0.901517
0.999715
0.991225
0.999996
0.99997
0.999975
0.936874
0.949029
0.999954
0.988863
0.999999
0.921413
0.994852
0.999466
0.999999
0.98981
0.990296
0.936303
0.989077
0.93912
1
0.969568
0.999997
0.830237
0.931582
0.926143
0.99951
1
0.999604
0.999999
0.999583
0.999437
0.962085
0.999999
0.966698
0.999999
0.984332
0.999999
0.994686
0.999472
0.999999
0.951793
0.997079
0.999997
0.998452
0.977933
0.979611
0.891829
0.879727
0.999867
0.952688
0.998414
0.999998
0.999844
0.999035
0.999997
0.976803
0.999992
0.999987
0.954242
0.999995
0.852278
0.999999
0.999998
0.911731
0.987682
0.978436
0.990962
0.998661
0.967739
0.999834
0.822348
0.999995
0.955516
0.999832
0.999998
0.999996
0.949287
0.99999
0.99716
0.992512
0.999463
0.999871
0.999981
0.929573
0.964657
0.999705
0.948155
0.995826
0.961762
0.928489
0.974648
0.999999
0.99421
0.971033
0.999998
0.951257
0.891877
0.964097
0.882215
0.999994
0.999957
0.999998
0.999998
0.999999
0.96369
0.999895
0.95242
0.999635
0.956152
1
0.999998
0.998655
0.99989
0.927918
0.931727
0.9996
0.99542
0.979397
0.858045
0.999999
0.999998
0.999999
0.995871
0.907635
0.999999
0.941711
0.940741
0.966246
0.999999
0.984858
0.997973
1
0.944015
0.999999
0.91734
0.955516
0.958855
0.980279
0.725778
0.958033
1
0.999998
0.960175
0.999999
0.998833
0.999776
0.996513
0.967108
0.999972
0.88559
0.999999
0.995984
0.677497
0.999999
0.998941
1
0.902431
0.999999
0.999998
0.998748
0.997191
0.999999
0.945899
0.999999
0.91629
0.95312
0.998436
0.999006
1
0.936069
0.934053
0.961645
0.99973
0.999998
0.727425
0.802988
0.999999
0.999903
0.988669
0.999999
0.998927
0.973001
0.820155
0.999998
0.764632
0.994474
0.999999
0.999881
0.999932
0.922373
0.999999
0.999999
0.987138
0.804264
0.917342
0.941584
0.999551
0.984754
0.999064
0.988592
0.901517
0.999963
0.73466
0.953089
0.827714
0.957849
0.999998
0.999997
0.988388
0.999994
0.729073
0.947468
0.999963
0.999653
0.956122
0.999772
0.999998
0.999997
0.998659
0.979818
0.812172
0.78548
0.999999
0.966841
0.972674
0.863071
1
0.999872
0.999904
0.955732
0.966779
0.834736
0.999979
0.999997
0.961547
0.953664
0.999995
0.907549
0.994886
0.933064
0.919987
0.999518
0.935742
0.999315
0.999999
0.999841
0.890904
0.999999
0.738487
0.931801
0.999993
1
0.999713
0.999998
0.957282
0.94387
0.99905
0.999999
0.999999
0.917152
0.982226
0.989505
0.999973
0.999873
0.999998
0.999998
0.997979
0.999934
0.999978
0.887722
0.999881
0.977402
0.878027
0.999997
0.999999
0.999977
0.967203
0.993508
0.996752
0.999463
0.999999
0.999998
0.99512
0.99997
0.998514
0.999999
0.919006
0.951546
0.948919
0.998874
0.994118
0.998929
0.917342
0.930411
0.882821
0.999999
0.993616
0.999628
0.969343
0.73072
0.999999
0.940451
0.991105
0.999951
0.982379
0.924512
0.999999
0.999998
0.927918
0.999549
0.970536
0.919074
0.895724
0.999604
0.972231
0.98881
0.686094
0.999999
0.972436
0.980537
0.999992
0.953943
0.999985
0.999968
0.977705
0.986545
0.999757
0.999993
0.99998
0.999984
0.941145
0.999997
0.981895
0.830575
0.99998
0.943764
1
1
0.978006
0.844808
0.723514
0.835221
0.999995
0.950939
0.892615
0.999998
0.999908
0.999916
0.946971
0.84557
0.994118
0.969611
0.999719
0.999995
0.987575
0.807274
0.999997
0.999999
0.930423
0.999996
0.999994
0.916164
0.999999
0.999878
0.960755
0.999629
0.999996
0.873477
0.947122
0.999998
0.942207
0.989069
0.9541
0.999999
0.945949
0.99426
0.932149
0.997925
0.962804
0.999998
0.926086
0.999871
0.732369
0.896628
0.94874
0.999942
0.976626
0.734015
0.972529
0.873891
0.966857
0.959828
0.959606
0.911704
0.954864
0.91257
0.981137
0.983136
0.952707
0.999463
0.999976
0.963074
0.85667
0.999994
0.890025
0.970967
0.999968
0.985622
0.993058
0.874552
0.999998
0.995862
0.938646
0.735663
0.982565
0.999857
0.940408
0.970038
0.999998
0.99453
0.989873
0.98647
0.999019
0.999998
0.999617
0.957849
0.999997
0.994827
0.999999
0.998535
0.997677
1
0.9999
0.996315
0.958981
0.915416
0.978739
0.999978
0.997577
0.887465
0.951081
0.999924
0.986125
0.999999
0.9768
0.766258
0.977021
0.996026
0.999862
0.924639
0.884823
0.999907
0.998927
0.954142
0.998748
0.999997
0.999969
0.796795
0.95855
0.933064
0.999997
0.994848
0.744327
0.998842
0.847399
0.99999
0.999996
0.911898
0.999835
0.999893
0.969394
0.919315
0.999863
0.92752
0.983008
0.983198
0.979405
0.762743
0.907147
0.999998
0.959606
0.987933
0.999728
0.944967
0.974922
0.999996
0.994335
0.949029
0.967258
0.999835
0.980646
0.737305
0.999988
0.970139
0.919416
0.98331
0.980622
0.999997
0.933425
0.966921
0.999934
0.999839
0.974805
0.981151
0.968106
0.999776
0.869083
0.999941
0.807315
0.953992
0.999865
0.995388
0.999849
0.999999
0.939176
0.989962
0.999536
0.999963
0.999017
0.999999
0.971684
0.977463
0.999999
0.925134
0.99982
0.999463
0.968353
0.999833
0.999832
0.999998
0.873529
0.983496
0.999959
0.999552
0.959828
0.998534
0.999976
0.80676
0.951068
0.984535
0.975041
0.998753
0.999992
0.958239
0.948929
0.99999
1
0.98084
0.999957
0.970454
1
0.954864
0.968217
0.959692
0.999999
0.925558
0.943487
0.92589
0.999974
0.947005
0.999996
0.975829
0.974826
0.98733
0.856251
0.999996
0.999996
0.999971
0.995755
0.970942
0.999737
0.94713
0.996319
0.752678
0.945917
0.738928
0.999999
0.999961
0.986132
0.740437
0.963301
0.997711
0.735502
0.999999
0.999741
0.999883
0.741245
0.999512
0.95243
0.999753
0.999811
0.998308
0.993366
0.891493
0.997515
0.975619
0.999998
0.999734
0.949024
0.999971
0.999914
0.999817
0.999993
0.962452
0.931451
0.879479
0.986053
0.991418
0.997581
0.999356
0.876543
0.794788
0.78548
0.99974
0.97474
0.999807
0.989243
0.950068
0.982282
0.984501
0.999999
0.999998
0.848154
1
0.999999
0.963724
0.905663
0.997172
0.998977
0.980606
0.83394
0.971465
0.99885
0.927226
0.982415
0.822348
0.961562
0.999998
0.988926
0.834736
0.999992
0.99031
0.945021
0.945148
0.995414
0.989431
0.935971
0.969603
0.991245
0.999996
0.999995
0.961116
0.999965
0.906832
0.985083
0.997875
0.931574
0.999989
1
0.941215
0.976849
0.729098
0.999973
0.95243
0.927117
0.999995
0.999981
0.999983
0.966857
0.804591
0.923273
0.978387
0.979362
0.965556
0.980994
0.995045
0.999887
0.999999
0.999999
0.861151
0.999804
0.676643
0.764621
0.99951
0.999999
0.837425
0.996513
0.980125
0.977551
0.999999
0.999912
0.999996
0.993691
0.999263
0.999929
0.968655
0.995134
0.998039
0.99727
0.941214
0.999147
0.99997
0.999733
0.971275
0.778038
0.999803
0.999999
0.99998
0.999743
0.999992
0.883331
0.999999
0.998842
0.713009
0.999456
1
0.9585
0.976324
0.953664
0.947841
0.933551
0.999763
0.995245
0.999926
0.986664
0.995245
0.999999
0.999997
0.999969
0.99949
0.995648
0.943764
0.991252
0.999914
0.99905
0.999997
0.999988
0.999964
0.999995
0.962875
0.941215
0.911447
0.721799
0.999997
0.972721
0.999972
0.999999
0.999901
0.947872
0.976392
0.997701
0.999999
0.999938
0.999965
0.976723
0.999991
0.963179
0.999999
0.998477
0.998911
0.994484
0.99999
0.871984
0.837575
0.99998
0.998951
0.999999
0.934347
0.999999
0.999997
0.97167
0.999969
0.963722
0.99966
0.999745
0.892801
0.934053
0.962475
0.997225
0.999872
0.999996
0.99951
0.96436
0.984109
0.999999
0.9431
0.999436
0.999017
0.989991
0.98978
0.990646
0.999996
0.973302
0.688
0.999999
0.99997
0.999995
0.996064
0.999075
0.998923
0.990499
0.999999
0.945128
0.971465
0.945938
0.816352
0.999876
0.765649
0.999967
0.997616
0.999706
0.999731
0.950834
0.995719
0.999399
0.701378
0.996155
0.996208
0.973362
0.999422
0.998932
0.874536
0.922245
0.996123
0.999474
0.968755
0.999967
0.981079
0.999043
0.972727
0.952278
0.998964
0.931274
0.998964
0.998816
0.951572
0.99994
0.999982
0.999778
0.999176
0.999358
0.76951
0.972608
0.69099
0.999858
0.998816
0.963286
0.812208
0.999994
0.990875
0.999906
0.985629
0.984003
0.979103
0.956088
0.995298
0.991457
0.893783
0.967256
0.999855
0.999951
0.966482
0.998848
0.969995
0.961171
0.999997
0.969754
0.999998
0.971996
0.998663
0.999772
0.999935
0.999859
0.984237
0.999602
0.96924
0.999736
0.896374
0.999844
0.911067
0.973614
0.94569
0.996735
0.979601
0.999354
0.944955
0.98331
0.951815
0.999315
0.965515
0.975676
0.94921
0.90418
0.997032
0.999962
0.991679
0.999876
0.872269
0.999987
0.96076
0.956019
0.964711
0.772092
0.75583
0.972794
0.693979
0.979405
0.984789
0.999999
0.941901
0.924863
0.911946
0.999659
0.999967
0.971491
0.98431
0.921564
0.999797
0.966482
0.938374
0.999991
0.999853
0.819045
0.993545
0.85667
0.999912
0.968537
0.933551
0.981362
0.974463
0.897154
0.999987
0.999948
0.974476
0.967722
0.99882
0.999995
0.972556
0.923273
0.999988
0.996252
0.999938
0.696966
0.971396
0.999782
0.998673
0.981755
0.987885
0.992399
0.98853
0.999824
0.999997
0.737197
0.963798
0.962061
0.970704
0.999769
0.999943
0.973222
0.983501
0.956873
0.966246
0.925503
0.999602
0.98935
0.97457
0.998977
0.961332
0.998634
0.965058
0.999245
0.938274
0.798328
0.852007
0.969778
0.932591
0.999444
0.999767
0.97279
0.995844
0.982187
0.908713
0.944097
0.999972
0.982358
0.986173
0.994883
0.999937
0.999549
0.999925
0.967263
0.999998
0.999969
0.999958
0.97202
0.999772
0.999832
0.944038
0.998235
0.921436
0.999997
0.999781
0.773386
0.855697
0.999732
0.938374
0.999042
0.792344
0.940066
0.974925
0.988167
0.999136
0.88559
0.999953
0.699953
0.903006
0.830396
0.999994
0.999808
0.920624
0.970139
0.966765
0.985924
0.934175
0.951331
0.999998
0.999739
0.981987
0.957775
0.946701
0.999084
0.979397
0.999988
0.999998
0.966388
0.999649
0.824202
0.999964
0.998932
0.972529
0.873013
0.952539
0.985467
0.923845
0.702939
0.924056
0.999749
0.987576
0.99988
0.911731
0.999733
0.988167
0.93733
0.99814
0.982312
0.878231
0.999176
0.995045
0.999976
0.977274
0.872132
0.815609
0.942733
0.96367
0.809414
0.999985
0.925013
0.999924
0.937704
0.873159
0.999998
0.94713
0.999745
0.942635
0.976456
0.997869
0.995051
0.991105
0.989739
0.999997
0.945746
0.999974
0.952871
0.967284
0.995414
0.998319
0.837636
0.999918
0.952707
0.951976
0.978182
0.954242
0.999296
0.97826
0.999948
0.924512
0.976471
0.999937
0.969175
0.89508
0.999772
0.889768
0.999997
0.940997
0.999396
0.784427
0.910872
0.999932
0.965742
0.9768
0.99996
0.959438
0.999596
0.999993
0.983175
0.999332
0.98577
0.705924
0.716067
0.953992
0.999996
0.999831
0.999892
0.998816
0.990391
0.999084
0.999306
0.999275
0.999729
0.999998
0.899837
0.997631
0.998849
0.963831
0.922532
0.999579
0.99996
0.995099
0.999948
0.991689
0.998939
0.917217
0.98064
0.999463
0.999869
0.973335
0.999997
0.82518
0.991244
0.999215
0.999746
0.964097
0.965054
0.999686
0.962579
0.831371
0.708907
0.999996
0.979489
0.997658
0.872693
0.980497
0.999929
0.999784
0.947872
0.999868
0.775493
0.99168
0.924127
0.999812
0.999965
0.999993
0.968384
0.963517
0.999952
0.989134
0.999705
0.982975
0.999998
0.999005
0.885455
0.995903
0.998978
0.998663
0.98486
0.991125
0.949029
0.999993
0.97996
0.999641
0.999995
0.927771
0.807781
0.985383
0.958259
0.683285
0.999993
0.93201
0.851674
0.999677
0.89764
0.999694
0.98088
0.983136
0.99979
0.980572
0.999604
0.985426
0.986717
0.978573
0.947329
0.999996
0.995676
0.983707
0.999467
0.97021
0.984452
0.98372
0.900894
0.995209
0.913216
0.999972
0.923022
0.999727
0.981755
0.908872
0.999959
0.998011
0.999512
0.999995
0.968991
0.999886
0.999914
0.942788
0.999301
0.984501
0.999765
0.988039
0.84899
0.969524
0.999835
0.96032
0.98401
0.805899
0.71189
0.955302
0.815119
0.945644
0.91528
0.986519
0.929704
0.999988
0.999995
0.921852
0.999943
0.999766
0.999875
0.831933
0.999898
0.999986
0.999996
0.942207
0.999998
0.981596
0.999956
0.970942
0.91771
0.951783
0.999997
0.983168
0.999996
0.982291
0.999786
0.999446
0.931388
0.929072
0.999772
0.964804
0.971396
0.931838
0.968906
0.999993
0.927347
0.714871
0.99428
0.925558
0.900203
0.944967
0.999128
0.971869
0.970956
0.91401
0.999997
0.999993
0.998863
0.999997
0.978555
0.999573
0.985715
0.972608
0.858017
0.999996
0.970272
0.998326
0.959697
0.991654
0.98081
0.976196
0.999904
0.968537
0.984133
0.996368
0.999984
0.963044
0.999995
0.984777
0.978818
0.879335
0.994598
0.815799
0.988546
0.922255
0.93906
0.945148
0.959165
0.999993
0.999653
0.999997
0.961812
0.762575
0.999949
0.910139
0.984139
0.999776
0.979989
0.967722
0.982857
0.999967
0.992738
0.747016
0.999984
0.89601
0.999908
0.92483
0.869083
0.986325
0.999398
0.999797
0.95756
0.948929
0.99592
0.999841
0.999555
0.998891
0.999766
0.966975
0.999953
0.71785
0.999996
0.999904
0.999607
0.9541
0.987368
0.999875
0.992867
0.999996
0.999933
0.999993
0.995533
0.999591
0.982497
0.999928
0.99974
0.999836
0.998924
0.970093
0.999747
0.999911
0.993261
0.911067
0.934749
0.982911
0.997098
0.716394
0.998822
0.923999
0.99995
0.91103
0.999995
0.987254
0.999986
0.983576
0.970272
0.956998
0.873891
0.993637
0.999584
0.998383
0.999935
0.999965
0.720821
0.947111
0.941767
0.999819
0.927032
0.968513
0.943487
0.978562
0.851473
0.999771
0.999991
0.999958
0.966587
0.837836
0.999005
0.9691
0.999992
0.989991
0.99987
0.90383
0.999868
0.973565
0.952042
0.962467
0.999944
0.804809
0.99871
0.999996
0.99599
0.990675
0.956434
0.982282
0.997278
0.966099
0.961239
0.999987
0.975686
0.765627
0.896656
0.999996
0.974273
0.980467
0.999995
0.93905
0.9993
0.987067
0.970001
0.999987
0.999859
0.994908
0.956274
0.999014
0.98084
0.999618
0.999759
0.999456
0.999996
0.926922
0.978875
0.998802
0.999448
0.999409
0.95584
0.999819
0.999995
0.78165
0.99981
0.929881
0.998221
0.980699
0.973454
0.880853
0.999991
0.999712
0.953287
0.999899
0.932025
0.936654
0.723767
0.982313
0.928742
0.999877
0.976776
0.963993
0.999635
0.999995
0.999991
0.999994
0.998475
0.96688
0.978387
0.954036
0.939728
0.999993
0.986519
0.955654
0.999849
0.999702
0.993213
0.999884
0.999996
0.999036
0.846922
0.999773
0.953125
0.999974
0.999362
0.974935
0.956273
0.907899
0.963184
0.966921
0.999033
0.89475
0.838191
0.992639
0.998842
0.874536
0.99929
0.973295
0.72663
0.992185
0.918471
0.85295
0.999581
0.96334
0.999993
0.999991
0.974798
0.997702
0.980307
0.962836
0.999655
0.978135
0.999977
0.771156
0.992736
0.951366
0.986083
0.926661
0.956893
0.929873
0.942154
0.997725
0.773379
0.987646
0.999811
0.998661
0.996496
0.769858
0.999954
0.999981
0.9772
0.74186
0.961332
0.999993
0.999998
0.816576
0.954971
0.999371
0.965762
0.999952
0.999885
0.964553
0.947264
0.99966
0.999882
0.991153
0.92218
0.9807
0.979336
0.946584
0.98273
0.89136
0.986985
0.942491
0.934785
0.999943
0.837711
0.944313
0.972405
0.707346
0.999228
0.977154
0.954242
0.941683
0.986441
0.96753
0.999998
0.999994
0.99428
0.999877
0.92319
0.975524
0.999591
0.964378
0.980831
0.909612
0.852001
0.851268
0.932932
0.966646
0.999847
0.729237
0.971628
0.99801
0.999888
0.97606
0.974372
0.999995
0.826386
0.82815
0.998499
0.999994
0.909789
0.944463
0.944614
0.968107
0.995099
0.971012
0.94479
0.967958
0.976807
0.790822
0.999902
0.940337
0.857032
0.997548
0.999993
0.979738
0.96903
0.929979
0.999996
0.881255
0.999579
0.887851
0.999929
0.968906
0.999994
0.999597
0.99999
0.731111
0.973302
0.95246
0.999424
0.980709
0.853309
0.950973
0.990284
0.999999
0.926876
0.999381
0.97457
0.999994
0.959947
0.972313
0.999984
0.962579
0.994153
0.999716
0.999995
0.984784
0.999993
0.874552
0.999954
0.97351
0.999802
0.996759
0.951625
0.981349
0.991128
0.957266
0.998039
0.999749
0.981866
0.979522
0.999998
0.919218
0.999858
0.986768
0.948462
0.97467
0.973073
0.999998
0.976513
0.999955
0.994008
0.999995
0.919405
0.999421
0.990441
0.999914
0.952539
0.999832
0.940429
0.999805
0.999718
0.99996
0.973014
0.999993
0.926268
0.936054
0.999994
0.971012
0.997069
0.999919
0.933584
0.966596
0.959769
0.873413
0.99998
0.971305
0.95233
0.961734
0.95031
0.982636
0.977313
0.999444
0.989211
0.991756
0.777715
0.941326
0.956434
0.969576
0.999811
0.999921
0.980943
0.999851
0.94511
0.999984
0.960181
0.974087
0.999429
0.928745
0.730471
0.999693
0.950103
0.999995
0.999746
0.999872
0.999882
0.995284
0.948655
0.915669
0.872854
0.940352
0.999848
0.988528
0.995533
0.958605
0.999051
0.939274
0.999804
0.934853
0.992534
0.948728
0.999989
0.738763
0.943927
0.966044
0.999997
0.96095
0.936767
0.999838
0.817681
0.768397
0.851066
0.966123
0.992391
0.999991
0.98537
0.7105
0.999696
0.974344
0.999984
0.999951
0.986507
0.715576
0.958288
0.999977
0.977732
0.950412
0.999936
0.999931
0.999906
0.946027
0.751015
0.872234
0.9776
0.998221
0.999929
0.992182
0.922894
0.999986
0.958789
0.964419
0.999929
0.960569
0.964339
0.997507
0.944614
0.992509
0.968288
0.849436
0.999228
0.999487
0.99976
0.991016
0.97821
0.99293
0.929104
0.999941
0.938318
0.947614
0.96924
0.945928
0.999898
0.982182
0.950462
0.954971
0.999224
0.967042
0.945873
0.996785
0.999929
0.999913
0.999691
0.915904
0.96942
0.941102
0.940871
0.871677
0.99974
0.960755
0.999589
0.80631
0.920284
0.697468
0.999932
0.964804
0.999879
0.999996
0.802855
0.906505
0.999752
0.999867
0.983168
0.999908
0.97915
0.993643
0.999873
0.943729
0.838623
0.956998
0.910066
0.991016
0.96455
0.957571
0.922005
0.989425
0.974011
0.999991
0.970951
0.999693
0.986329
0.997658
0.999978
0.999595
0.982408
0.999988
0.83732
0.999771
0.999989
0.999923
0.98003
0.876243
0.937698
0.998655
0.999333
0.977092
0.999714
0.997559
0.807798
0.934624
0.999116
0.901668
0.978097
0.998649
0.930453
0.845428
0.98243
0.999562
0.972955
0.960004
0.999981
0.992485
0.820411
0.999987
0.998218
0.999985
0.999993
0.957267
0.999851
0.999072
0.971321
0.982039
0.932466
0.935111
0.999664
0.999998
0.942788
0.978826
0.966743
0.735667
0.970353
0.997048
0.999768
0.966276
0.999998
0.912905
0.9999
0.786169
0.999999
0.820941
0.977356
0.999669
0.978555
0.993453
0.962909
0.982513
0.999943
0.999926
0.999981
0.960632
0.873393
0.994908
0.999909
0.984161
0.99977
0.999525
0.999339
0.839067
0.949554
0.952871
0.992633
0.951639
0.991264
0.979173
0.974616
0.942445
0.983082
0.984998
0.977385
0.935111
0.999406
0.950188
0.974273
0.942583
0.999916
0.999987
0.991571
0.992912
0.952378
0.927
0.999621
0.999494
0.986747
0.999997
0.891173
0.999917
0.982599
0.992081
0.708627
0.877783
0.999889
0.954036
0.965327
0.823029
0.973863
0.882593
0.999994
0.875019
0.997182
0.999585
0.88765
0.999891
0.999801
0.999926
0.970438
0.752411
0.758391
0.972098
0.999879
0.966218
0.99999
0.999042
0.999808
0.998863
0.999992
0.949472
0.999994
0.995647
0.976996
0.962927
0.997069
0.970298
0.922613
0.780195
0.95371
0.999991
0.781848
0.961812
0.783502
0.866969
0.979942
0.912562
0.885264
0.977356
0.965527
0.999803
0.941683
0.999589
0.955826
0.917791
0.999961
0.976981
0.999783
0.999537
0.978965
0.99999
0.963496
0.999988
0.942411
0.999996
0.969106
0.945298
0.99998
0.975524
0.967042
0.999952
0.999926
0.99973
0.916276
0.94689
0.99967
0.999896
0.999994
0.990396
0.99973
0.999224
0.976715
0.964883
0.890659
0.78515
0.978468
0.999632
0.993565
0.999866
0.975419
0.999914
0.999723
0.910925
0.882915
0.999933
0.999994
0.998837
0.999987
0.999865
0.939337
0.975326
0.999993
0.999955
0.999908
0.940553
0.995832
0.995953
0.957379
0.963406
0.968092
0.910936
0.873533
0.999993
0.999998
0.99229
0.990804
0.999993
0.993201
0.999853
0.732567
0.99994
0.998841
0.999985
0.99931
0.999839
0.968129
0.94727
0.976007
0.985788
0.999843
0.99973
0.968747
0.968206
0.999872
0.89473
0.997092
0.997013
0.997473
0.95744
0.999996
0.999791
1
0.999994
0.969189
0.950227
0.999409
0.968107
0.92293
0.980799
0.992364
0.897472
0.945343
0.999215
0.999318
0.866989
0.917791
0.99999
0.908629
0.999197
0.993931
0.993007
0.941408
0.786787
0.9998
0.985311
0.999961
0.95031
0.957427
0.93261
0.733889
0.920043
0.997237
0.999676
0.989223
0.999857
0.999945
0.99999
0.999989
0.868162
0.999789
0.999883
0.908306
0.999699
0.850582
0.999978
0.999994
0.788409
0.999972
0.999938
0.999634
0.986122
0.95842
0.999996
0.998625
0.999415
0.995344
0.715385
0.999931
0.99999
0.994034
0.949022
0.920167
0.999988
0.94274
0.999995
0.997822
0.979753
0.926195
0.946428
0.999991
0.967809
0.980219
0.999994
0.962629
0.903609
0.947493
0.99999
0.791415
0.898022
0.999988
0.99999
0.999987
0.997681
0.945928
0.999994
0.999899
0.99999
0.999672
0.999832
0.99999
0.955804
0.970155
0.939735
0.981075
0.919961
0.940479
0.940523
0.999998
0.999734
0.991041
0.999992
0.999993
0.999952
0.999926
0.950878
0.999991
0.982684
0.999996
0.983534
0.999994
0.928733
0.999988
0.999988
0.999995
0.985041
0.996943
0.975391
0.999993
0.974928
0.999471
0.999999
0.999814
0.969826
0.967782
0.977015
0.999549
0.999886
0.966973
0.817187
0.999989
0.999999
0.911898
0.999991
0.999511
0.82645
0.998396
0.999987
0.999939
0.99999
0.999987
0.999988
0.99999
0.979422
0.999994
0.999991
0.987909
0.999991
0.999993
0.993663
0.999991
0.999997
0.999988
0.995284
0.973352
0.999864
0.868156
0.972957
0.98496
0.99998
0.956043
0.999629
0.881214
0.958288
0.999081
0.954629
0.981479
0.999713
0.991065
0.99967
0.885646
0.796142
0.983698
0.926922
0.975387
0.979753
0.998738
0.997708
0.997046
0.844053
0.999215
0.999872
0.99984
0.999778
0.984998
0.978282
0.999501
0.988592
0.99972
0.99589
0.975053
0.999659
0.964664
0.971109
0.830839
0.950874
0.99974
0.999831
0.999702
0.981187
0.997373
0.990958
0.945928
0.999898
0.994961
0.96781
0.999536
0.970452
0.999998
0.998102
0.999825
0.995265
0.965088
0.971869
0.998082
0.999888
0.874022
0.999889
0.949302
0.999698
0.979388
0.990249
0.968906
0.998544
0.999628
0.999664
0.999431
0.990087
0.999579
0.964181
0.999963
0.871139
0.999982
0.999957
0.999706
0.946701
0.951601
0.963406
0.949022
0.999991
0.999803
0.999907
0.992531
0.974977
0.850231
0.949862
0.999912
0.999935
0.999985
0.999713
0.930468
0.999918
0.909289
0.89136
0.857216
0.964752
0.97693
0.94175
0.968454
0.94329
0.999864
0.999994
0.999283
0.999994
0.803062
0.999637
0.71825
0.960804
0.988338
0.974886
0.999301
0.999871
0.999999
0.998368
0.999793
0.954242
0.787427
0.854826
0.965711
0.99595
0.959616
0.954065
0.999992
0.998817
0.999995
0.999782
0.951572
0.824964
0.836092
0.883095
0.999715
0.89035
0.944951
0.999994
0.976573
0.999768
0.969915
0.999791
0.984193
0.999996
0.999421
0.958461
0.963643
0.999818
0.999354
0.998842
0.910214
0.944377
0.962129
0.938318
0.999861
0.999909
0.969981
0.999735
0.794258
0.999994
0.990471
0.978508
0.999999
0.999993
0.976734
0.991638
0.918806
0.961501
0.999609
0.951601
0.964082
0.805222
0.967492
0.961111
0.84378
0.920043
0.952258
0.999997
0.999911
0.971982
0.992643
0.999293
0.997869
0.999879
0.975999
0.976516
0.999983
0.951113
0.835868
0.999498
0.999845
0.999422
0.946054
0.930296
0.999887
0.970696
0.877783
0.978019
0.967809
0.956479
0.838191
0.981075
0.969105
0.896656
0.999943
0.965268
0.999464
0.999722
0.999851
0.999741
0.958834
0.955002
0.947303
0.999611
0.983416
0.999451
0.94184
0.999859
0.999649
0.999975
0.988209
0.98282
0.97225
0.966138
0.959986
0.955002
0.908629
0.96455
0.947899
0.953609
0.994464
0.725551
0.946936
0.999983
0.974798
0.970353
0.999758
0.763386
0.606371
0.999979
0.949288
0.985283
0.907852
0.999785
0.966096
0.999566
0.95572
0.999803
0.999991
0.725342
0.923871
0.949862
0.999551
0.984135
0.973352
0.917119
0.952772
0.999926
0.841426
0.966805
0.956579
0.999989
0.934185
0.999942
0.990664
0.945046
0.976818
0.999813
0.999477
0.999808
0.999877
0.972314
0.954638
0.900428
0.983586
0.999942
0.999886
0.99161
0.880842
0.996926
0.976651
0.999978
0.999977
0.999844
0.999706
0.999984
0.991455
0.977719
0.946447
0.995647
0.953126
0.821743
0.994718
0.999868
0.999989
0.999836
0.95744
0.962479
0.956105
0.932032
0.945448
0.980713
0.791219
0.999696
0.999283
0.968717
0.940551
0.999817
0.999978
0.99677
0.972991
0.973175
0.999988
0.957448
0.999786
0.930922
0.999995
0.999639
0.803617
0.99999
0.97865
0.975726
0.999726
0.99996
0.982957
0.967511
0.980795
0.807665
0.846874
0.999908
0.827931
0.934187
0.988209
0.965863
0.999952
0.916214
0.98222
0.859646
0.966115
0.959752
0.999998
0.915333
0.988047
0.939337
0.861939
0.928148
0.946811
0.949554
0.953312
0.965401
0.999607
0.999325
0.999339
0.99976
0.967765
0.965537
0.926415
0.968005
0.994136
0.99999
0.899137
0.874373
0.999393
0.952678
0.989656
0.97779
0.954775
0.985579
0.999977
0.999868
0.979522
0.98887
0.999031
0.952183
0.999839
0.999991
0.999406
0.997587
0.991471
0.999787
0.957427
0.986156
0.752439
0.991281
0.957106
0.973254
0.980795
0.979522
0.935774
0.904211
0.950639
0.999817
0.987197
0.932542
0.9515
0.963941
0.92322
0.957571
0.95448
0.982
0.82338
0.972377
0.879014
0.962342
0.722045
0.923697
0.962629
0.921615
0.980982
0.975285
0.989134
0.96108
0.95209
0.869055
0.756008
0.980314
0.999969
0.999434
0.866078
0.999579
0.966516
0.964887
0.959769
0.973593
0.999985
0.969142
0.999909
0.999934
0.9772
0.965206
0.999974
0.989685
0.99964
0.999769
0.999713
0.999863
0.999996
0.999513
0.966053
0.998992
0.849875
0.72018
0.99973
0.999991
0.972029
0.968524
0.966631
0.99996
0.995791
0.999803
0.967232
0.999645
0.999953
0.975776
0.982684
0.999983
0.999924
0.999885
0.940527
0.995201
0.947232
0.957561
0.98409
0.988057
0.973186
0.663641
0.965572
0.999992
0.984065
0.942445
0.976662
0.836499
0.978158
0.963299
0.999886
0.998803
0.999986
0.875769
0.951453
0.953312
0.98892
0.796978
0.998914
0.999942
0.991049
0.979357
0.959548
0.898011
0.999845
0.742622
0.984927
0.999938
0.999828
0.898681
0.952772
0.895958
0.98577
0.999819
0.884274
0.983386
0.999919
0.999804
0.999876
0.972632
0.972778
0.921851
0.968524
0.999707
0.999966
0.994381
0.967375
0.922924
0.999981
0.759325
0.931957
0.966074
0.941089
0.988053
0.999782
0.992736
0.708061
0.965036
0.981711
0.875019
0.860868
0.969332
0.999952
0.873297
0.909289
0.971783
0.956973
0.999897
0.999983
0.999991
0.999922
0.999492
0.999903
0.963571
0.999843
0.947614
0.767904
0.974071
0.966087
0.923995
0.97907
0.999662
0.962097
0.950766
0.871903
0.688305
0.980232
0.972889
0.998816
0.986132
0.999998
0.999953
0.997602
0.997075
0.999791
0.96574
0.922437
0.999828
0.999516
0.999117
0.918839
0.999858
0.964309
0.894847
0.998476
0.945711
0.761934
0.999843
0.959111
0.901402
0.993688
0.948321
0.946976
0.999365
0.999846
0.983714
0.999074
0.99979
0.740646
0.99977
0.976671
0.963844
0.999111
0.99852
0.950838
0.978319
0.995556
0.999988
0.985058
0.973621
0.999304
0.954326
0.953434
0.999982
0.973519
0.998012
0.999898
0.874678
0.980949
0.801587
0.967846
0.952135
0.971458
0.999982
0.961853
0.989201
0.999341
0.998789
0.96186
0.937676
0.992053
0.943797
0.999742
0.998808
0.992128
0.999808
0.947205
0.973506
0.877043
0.870231
0.995233
0.999112
0.978716
0.993278
0.898022
0.96673
0.967201
0.987673
0.946306
0.978797
0.99595
0.954638
0.98267
0.96594
0.910214
0.99978
0.999825
0.980104
0.834906
0.938377
0.999845
0.99923
0.974558
0.928656
0.756754
0.818845
0.97171
0.991766
0.990667
0.965036
0.951191
0.874747
0.915101
0.980087
0.999853
0.985058
0.979942
0.986156
0.729341
0.930523
0.997486
0.977711
0.99998
0.952626
0.999952
0.999158
0.999887
0.998184
0.999365
0.997408
0.986132
0.975686
0.999664
0.960018
0.958461
0.999784
0.999865
0.995647
0.990663
0.997376
0.99996
0.995454
0.873733
0.997107
0.999642
0.75968
0.949837
0.999821
0.967614
0.953719
0.952502
0.810204
0.788041
0.999952
0.992264
0.960694
0.999486
0.924171
0.937189
0.992291
0.937106
0.722239
0.708565
0.999642
0.815553
0.999341
0.999967
0.934498
0.924585
0.937906
0.999943
0.989322
0.999815
0.981788
0.999927
0.976999
0.987196
0.960094
0.973103
0.967175
0.987858
0.999994
0.999714
0.989069
0.955445
0.997949
0.997984
0.999837
0.964374
0.999516
0.999988
0.947874
0.988965
0.804168
0.94521
0.970273
0.940319
0.958929
0.954867
0.93188
0.918806
0.991371
0.978965
0.946811
0.999981
0.996682
0.957107
0.934498
0.999477
0.997499
0.943314
0.986455
0.983792
0.99189
0.756492
0.96136
0.999836
0.999983
0.999721
0.995726
0.999698
0.969742
0.999972
0.803341
0.967381
0.878268
0.97606
0.994101
0.919674
0.987858
0.96903
0.999227
0.986869
0.91895
0.983179
0.999813
0.999846
0.824157
0.944842
0.962593
0.965268
0.999894
0.912603
0.999652
0.715028
0.842621
0.999772
0.677563
0.999579
0.997143
0.99735
0.979819
0.999174
0.980829
0.991377
0.999298
0.992482
0.999845
0.999839
0.986799
0.9678
0.999979
0.941375
0.960895
0.691916
0.993119
0.991471
0.999642
0.965537
0.973568
0.939014
0.990441
0.991505
0.984263
0.999358
0.995626
0.998763
0.959111
0.999761
0.964518
0.985468
0.860549
0.986432
0.999988
0.898298
0.887455
0.979535
0.630143
0.88936
0.966605
0.911193
0.9535
0.952405
0.998088
0.986054
0.875008
0.999731
0.96813
0.996324
0.999986
0.999974
0.999842
0.937103
0.999711
0.99974
0.924875
0.993371
0.979748
0.999947
0.999687
0.990214
0.87144
0.929169
0.921687
0.99994
0.870246
0.926661
0.726901
0.963571
0.999973
0.989115
0.980625
0.926835
0.766119
0.975726
0.985395
0.951832
0.808515
0.982957
0.972881
0.955788
0.915854
0.994644
0.98874
0.957623
0.999939
0.739148
0.906383
0.917443
0.884438
0.999982
0.999572
0.999739
0.996128
0.999587
0.999939
0.985088
0.985925
0.997404
0.943166
0.924591
0.905073
0.999371
0.989799
0.957016
0.950381
0.999723
0.95448
0.99938
0.999986
0.976852
0.693525
0.964047
0.963444
0.974921
0.898321
0.79375
0.950201
0.999734
0.915333
0.953698
0.966903
0.962294
0.785572
0.989502
0.921221
0.983411
0.969715
0.956043
0.991371
0.968853
0.991455
0.808256
0.999918
0.99669
0.83107
0.999716
0.953785
0.916172
0.999639
0.999974
0.941946
0.969462
0.973862
0.931286
0.975387
0.753438
0.979252
0.95655
0.963528
0.963297
0.849224
0.975166
0.748978
0.963862
0.947003
0.963619
0.92348
0.999808
0.999703
0.947108
0.968207
0.838285
0.999319
0.983072
0.855531
0.999587
0.902333
0.984727
0.999014
0.720972
0.931033
0.993282
0.972736
0.999991
0.990538
0.999739
0.99998
0.988526
0.957716
0.961713
0.940288
0.996519
0.999791
0.984011
0.983082
0.971294
0.974499
0.934851
0.999785
0.999677
0.977534
0.933772
0.984736
0.999752
0.964098
0.935335
0.884589
0.96683
0.976126
0.999598
0.828497
0.815494
0.999178
0.934942
0.998671
0.996677
0.999991
0.983845
0.999609
0.964557
0.970017
0.96182
0.999296
0.999948
0.870799
0.999974
0.999919
0.98912
0.999612
0.984896
0.999706
0.985648
0.946739
0.959634
0.999768
0.981329
0.941324
0.757717
0.968852
0.800393
0.912795
0.974235
0.999829
0.969707
0.986455
0.786924
0.942934
0.971103
0.94453
0.999521
0.980734
0.807847
0.999969
0.950145
0.983974
0.892705
0.999972
0.999973
0.857427
0.840432
0.966034
0.966071
0.999983
0.983082
0.996696
0.9952
0.913042
0.830667
0.910717
0.980846
0.984116
0.957623
0.995414
0.999993
0.999656
0.964118
0.784185
0.964309
0.965795
0.98496
0.949672
0.999685
0.985433
0.98713
0.999938
0.998758
0.999508
0.829447
0.969822
0.962162
0.974926
0.876813
0.954134
0.999747
0.995834
0.97225
0.944753
0.999982
0.999332
0.977115
0.997625
0.990214
0.996883
0.9678
0.976356
0.976697
0.93812
0.972634
0.999117
0.595139
0.998687
0.88731
0.944915
0.935664
0.812177
0.986082
0.961201
0.925498
0.985395
0.999659
0.996903
0.999204
0.999958
0.990831
0.9939
0.999976
0.971881
0.943365
0.954326
0.997761
0.992573
0.999582
0.965849
0.986509
0.983606
0.999729
0.985281
0.999858
0.975603
0.854705
0.997407
0.962125
0.997929
0.969596
0.99976
0.997212
0.999723
0.87532
0.967044
0.999492
0.927819
0.923124
0.981975
0.994869
0.996839
0.949288
0.985527
0.970653
0.990647
0.905981
0.976468
0.99999
0.998746
0.959821
0.999637
0.983936
0.877428
0.858324
0.999775
0.99892
0.984967
0.943336
0.975422
0.921851
0.670632
0.965572
0.904646
0.997766
0.997228
0.951195
0.997059
0.99647
0.963299
0.999972
0.681279
0.999928
0.742858
0.9998
0.928796
0.982809
0.850677
0.976965
0.979562
0.894884
0.999865
0.998811
0.883264
0.999965
0.927199
0.932796
0.875249
0.798721
0.941315
0.948393
0.975015
0.903947
0.875397
0.997481
0.796397
0.998472
0.969323
0.877428
0.998978
0.9443
0.958442
0.987546
0.989799
0.976445
0.997126
0.997237
0.999117
0.998568
0.993514
0.951766
0.998985
0.999768
0.982838
0.981646
0.912149
0.999669
0.981408
0.782341
0.998949
0.805222
0.973895
0.999806
0.875249
0.986375
0.970367
0.995453
0.987436
0.986734
0.986092
0.999459
0.960018
0.993092
0.974058
0.949576
0.90133
0.966428
0.99899
0.999308
0.658554
0.961137
0.99991
0.847713
0.995632
0.983948
0.994922
0.985126
0.933273
0.995576
0.991304
0.998915
0.945551
0.932364
0.999685
0.999947
0.959684
0.999931
0.943767
0.982063
0.999993
0.998344
0.729577
0.984901
0.979232
0.95074
0.999481
0.951195
0.999915
0.99937
0.978305
0.959447
0.999548
0.979562
0.941657
0.999997
0.986375
0.969561
0.991888
0.982979
0.80129
0.810963
0.89035
0.94155
0.968741
0.849
0.996665
0.998868
0.846997
0.998339
0.972557
0.999338
0.95437
0.832387
0.987436
0.987701
0.999906
0.957475
0.932801
0.690605
0.998541
0.998564
0.974638
0.832145
0.995655
0.977808
0.977379
0.805705
0.764136
0.982534
0.821775
0.976111
0.99955
0.999922
0.960236
0.978186
0.989146
0.9986
0.952135
0.860713
0.999842
0.953377
0.812849
0.999988
0.998874
0.941811
0.996682
0.994608
0.999965
0.931105
0.997217
0.983197
0.984507
0.972825
0.810329
0.950744
0.966072
0.999289
0.954383
0.990227
0.990539
0.995925
0.999926
0.991724
0.97087
0.951954
0.978054
0.891158
0.944909
0.999459
0.920082
0.840279
0.81807
0.950449
0.985821
0.989771
0.900635
0.997576
0.942638
0.997101
0.811813
0.977646
0.963428
0.921391
0.977487
0.704537
0.992125
0.994813
0.974925
0.987008
0.998856
0.804549
0.999758
0.999989
0.993014
0.990857
0.996324
0.998772
0.776443
0.985649
0.980831
0.74826
0.965849
0.797042
0.999962
0.986118
0.958498
0.999755
0.87565
0.792865
0.998574
0.968213
0.705789
0.95092
0.999857
0.99997
0.973723
0.96249
0.967009
0.98134
0.974741
0.904893
0.988711
0.999481
0.99983
0.933694
0.955077
0.984472
0.966817
0.979529
0.991016
0.997574
0.989366
0.911094
0.990842
0.864463
0.991679
0.96743
0.953719
0.97338
0.926129
0.9987
0.991632
0.999576
0.984619
0.976064
0.999717
0.996735
0.922786
0.789168
0.997783
0.999622
0.994969
0.981533
0.999877
0.808684
0.957519
0.975664
0.814824
0.950106
0.738182
0.971757
0.812781
0.983827
0.879388
0.961849
0.965844
0.99489
0.983978
0.893386
0.996561
0.959821
0.96197
0.991914
0.983796
0.995909
0.996752
0.816915
0.958453
0.989561
0.989758
0.988108
0.99575
0.946726
0.999357
0.988999
0.975394
0.999175
0.993854
0.967421
0.86875
0.797832
0.964465
0.990327
0.999365
0.977614
0.966584
0.83059
0.999682
0.989057
0.979748
0.953959
0.999727
0.980038
0.999097
0.990432
0.988326
0.935335
0.98267
0.978273
0.959452
0.993514
0.976679
0.998754
0.999649
0.928394
0.979006
0.996124
0.98132
0.963844
0.978073
0.999512
0.981711
0.999636
0.990838
0.970767
0.97927
0.969332
0.948548
0.897769
0.99017
0.996747
0.996737
0.839737
0.978684
0.998195
0.981609
0.848561
0.962125
0.779935
0.997296
0.985016
0.991361
0.999962
0.923981
0.996122
0.964708
0.972996
0.963083
0.960387
0.999906
0.958929
0.985242
0.99342
0.883606
0.962627
0.999451
0.979981
0.961879
0.961112
0.833226
0.964421
0.964026
0.999958
0.999338
0.924726
0.832605
0.979324
0.971303
0.974442
0.999365
0.970031
0.887506
0.881103
0.950684
0.890139
0.934185
0.999368
0.954852
0.928574
0.999706
0.998575
0.93658
0.999288
0.969447
0.969561
0.999465
0.999509
0.987154
0.95822
0.9944
0.828461
0.99994
0.966413
0.97028
0.930787
0.999031
0.962162
0.983902
0.99944
0.836002
0.98417
0.993718
0.985904
0.962617
0.987706
0.922289
0.93843
0.996071
0.999772
0.835237
0.936239
0.988973
0.999673
0.965576
0.975777
0.977424
0.999897
0.987841
0.966234
0.985075
0.767875
0.999911
0.985109
0.97164
0.986428
0.999152
0.849935
0.982309
0.999916
0.969582
0.999853
0.959787
0.987326
0.938379
0.999957
0.860549
0.99962
0.999781
0.997768
0.798089
0.99994
0.978309
0.99859
0.947108
0.81401
0.99961
0.90006
0.988501
0.995863
0.844636
0.960276
0.914383
0.89478
0.986554
0.87662
0.962183
0.789743
0.870194
0.942465
0.986083
0.999721
0.799702
0.861939
0.959297
0.999178
0.826023
0.999925
0.863901
0.8591
0.778567
0.96197
0.946276
0.959586
0.9881
0.999821
0.985049
0.962162
0.968757
0.99962
0.964356
0.967046
0.99172
0.899867
0.999864
0.825656
0.985896
0.999455
0.994701
0.999528
0.999942
0.858215
0.960124
0.806466
0.999766
0.964593
0.999936
0.859874
0.944985
0.953108
0.810865
0.941123
0.871117
0.983164
0.999919
0.982554
0.999933
0.999826
0.999305
0.98543
0.9999
0.980713
0.95021
0.994523
0.997575
0.973392
0.999962
0.999727
0.989992
0.988481
0.739704
0.993131
0.958186
0.961201
0.87662
0.999721
0.999455
0.9944
0.955549
0.975818
0.742662
0.955199
0.826148
0.878176
0.967104
0.796999
0.995016
0.995317
0.639367
0.983001
0.95029
0.758237
0.960802
0.991679
0.783252
0.970291
0.985357
0.962342
0.960236
0.968552
0.992696
0.998651
0.943431
0.999365
0.699545
0.999604
0.99859
0.957284
0.999553
0.998946
0.980178
0.999759
0.971551
0.976645
0.996903
0.999702
0.771911
0.999675
0.956523
0.979151
0.99999
0.979021
0.999704
0.987558
0.94041
0.866638
0.999346
0.979365
0.949672
0.966505
0.999686
0.961267
0.929922
0.842663
0.999952
0.972255
0.983637
0.971891
0.969596
0.985794
0.984073
0.999591
0.808359
0.94557
0.971858
0.998667
0.937825
0.776685
0.921826
0.999933
0.968455
0.999953
0.999774
0.999845
0.988747
0.988911
0.920835
0.998108
0.974158
0.999969
0.882302
0.980846
0.996174
0.923233
0.948842
0.975739
0.999699
0.825242
0.949576
0.927938
0.960774
0.999864
0.956284
0.964259
0.97305
0.998834
0.957075
0.98736
0.963718
0.999948
0.993638
0.972255
0.999942
0.999637
0.975089
0.993245
0.968271
0.989666
0.996096
0.999045
0.946739
0.999663
0.989666
0.999449
0.965032
0.971187
0.991832
0.97348
0.810835
0.963734
0.978375
0.975015
0.999517
0.885455
0.982967
0.925281
0.960582
0.869916
0.994679
0.934734
0.972531
0.9664
0.891875
0.986776
0.999959
0.998365
0.982944
0.999963
0.999435
0.99996
0.940102
0.999976
0.997181
0.999342
0.930334
0.995158
0.931688
0.999909
0.997836
0.97349
0.991832
0.927463
0.916008
0.946226
0.967046
0.997788
0.923434
0.999959
0.94239
0.999967
0.791864
0.993003
0.999075
0.924267
0.999609
0.969738
0.95021
0.988409
0.999857
0.995863
0.962806
0.975134
0.999609
0.948718
0.811561
0.995132
0.877832
0.995121
0.992089
0.988734
0.950744
0.999336
0.998981
0.965576
0.804907
0.999809
0.995611
0.990524
0.999811
0.940549
0.993077
0.985468
0.96542
0.987223
0.955713
0.938824
0.944216
0.938359
0.985375
0.951779
0.997217
0.999987
0.946976
0.99939
0.904646
0.973139
0.880853
0.986136
0.969295
0.969678
0.949518
0.863819
0.999971
0.99945
0.999741
0.948157
0.982812
0.890954
0.966442
0.87025
0.998079
0.925405
0.948678
0.986054
0.824925
0.979252
0.930241
0.994506
0.998376
0.902883
0.987948
0.871773
0.89798
0.973583
0.999034
0.961834
0.979163
0.696626
0.996482
0.975972
0.999958
0.989115
0.999905
0.792945
0.983217
0.999978
0.82775
0.930871
0.91103
0.928679
0.985794
0.878372
0.999847
0.999592
0.928511
0.725597
0.967645
0.926636
0.948385
0.957475
0.999704
0.970468
0.978716
0.789813
0.983094
0.869519
0.93035
0.999095
0.999577
0.998998
0.996261
0.901206
0.999292
0.999816
0.978583
0.738836
0.94426
0.918028
0.999944
0.998775
0.999697
0.820664
0.989698
0.965747
0.655239
0.932928
0.962469
0.973221
0.983714
0.994999
0.999334
0.981661
0.772226
0.999975
0.836353
0.953343
0.993795
0.999766
0.999929
0.944677
0.999552
0.999525
0.999679
0.999248
0.901651
0.996677
0.953254
0.835508
0.997869
0.979151
0.999235
0.972915
0.948887
0.944743
0.979794
0.912428
0.953899
0.999651
0.876263
0.993377
0.998328
0.986783
0.9728
0.997861
0.986637
0.999957
0.780455
0.92312
0.962591
0.961136
0.99846
0.958717
0.950364
0.994448
0.995959
0.997865
0.999969
0.825628
0.996932
0.976111
0.987701
0.947018
0.999719
0.967044
0.992087
0.987926
0.960977
0.999972
0.999231
0.999896
0.999175
0.98588
0.649737
0.999786
0.923981
0.999309
0.930573
0.990254
0.977186
0.968365
0.958453
0.999975
0.810314
0.982405
0.859332
0.9764
0.813198
0.965653
0.999903
0.980292
0.99059
0.9797
0.999963
0.97633
0.999488
0.9952
0.959926
0.960642
0.953035
0.744978
0.982337
0.999021
0.982614
0.95007
0.966543
0.998526
0.997824
0.843212
0.999402
0.846107
0.972205
0.996458
0.984906
0.955025
0.977043
0.995291
0.957415
0.983793
0.950715
0.94972
0.999092
0.976534
0.993325
0.950445
0.999718
0.967478
0.977726
0.924792
0.998788
0.994613
0.855293
0.977074
0.910474
0.941788
0.994178
0.998477
0.991188
0.998571
0.999876
0.972166
0.999414
0.889768
0.925491
0.850386
0.903474
0.977191
0.99698
0.991102
0.949769
0.99407
0.983087
0.895205
0.954736
0.95611
0.909255
0.980753
0.99975
0.96026
0.999942
0.846133
0.829806
0.960706
0.999815
0.999498
0.975869
0.997171
0.972847
0.977781
0.778919
0.996668
0.921626
0.924408
0.95009
0.997598
0.982512
0.824212
0.860972
0.991418
0.819208
0.96613
0.999901
0.998225
0.982404
0.959787
0.982313
0.999021
0.999679
0.872949
0.998892
0.888597
0.998852
0.984065
0.99321
0.94103
0.993327
0.959147
0.999799
0.999052
0.99144
0.874759
0.97087
0.999295
0.998557
0.672358
0.910012
0.998949
0.999167
0.996361
0.812222
0.999936
0.894792
0.92813
0.993643
0.986691
0.785437
0.994275
0.950865
0.960282
0.988904
0.964161
0.94426
0.975234
0.972113
0.952564
0.987694
0.924798
0.9541
0.99935
0.841297
0.957112
0.98641
0.991444
0.978305
0.995377
0.946888
0.998542
0.992965
0.971538
0.926367
0.999903
0.995205
0.95777
0.961682
0.999477
0.981609
0.999863
0.972469
0.996739
0.987352
0.935509
0.99942
0.973655
0.811037
0.999844
0.999545
0.959452
0.96511
0.99504
0.996082
0.999962
0.930242
0.990903
0.980196
0.998873
0.903433
0.876186
0.959206
0.945487
0.983456
0.981308
0.944109
0.993522
0.968469
0.967792
0.907305
0.927258
0.961405
0.999707
0.973291
0.98033
0.971108
0.765888
0.934982
0.99842
0.999179
0.972996
0.9443
0.666253
0.969447
0.983808
0.992323
0.991304
0.850517
0.997362
0.9982
0.959823
0.999418
0.960445
0.810121
0.962339
0.982699
0.997576
0.998779
0.975603
0.994576
0.993279
0.996632
0.951624
0.97329
0.999939
0.993355
0.990144
0.996365
0.922911
0.994834
0.87607
0.894548
0.999963
0.998363
0.999983
0.999398
0.995336
0.999928
0.999087
0.997687
0.993179
0.857199
0.942794
0.995901
0.996632
0.99589
0.997782
0.999962
0.999163
0.948937
0.979554
0.982934
0.997711
0.981332
0.946276
0.862096
0.958659
0.968207
0.980763
0.988127
0.987752
0.992222
0.99698
0.99838
0.999296
0.984258
0.995612
0.993209
0.960276
0.820771
0.997542
0.937556
0.999492
0.999881
0.999231
0.960642
0.94974
0.999621
0.999958
0.861234
0.996975
0.974272
0.970196
0.984128
0.998783
0.977261
0.991724
0.937727
0.977214
0.995681
0.942326
0.927794
0.950364
0.990647
0.973183
0.968931
0.973915
0.992441
0.975677
0.999701
0.993767
0.961534
0.998869
0.991838
0.783893
0.963749
0.906316
0.965536
0.891619
0.975087
0.999368
0.994813
0.950314
0.964836
0.999011
0.94264
0.938379
0.964751
0.991904
0.999938
0.985008
0.988409
0.942708
0.999623
0.992291
0.971825
0.965741
0.983499
0.944872
0.992182
0.976659
0.999941
0.99711
0.988812
0.93658
0.832573
0.998226
0.953617
0.906409
0.958186
0.999793
0.984281
0.998099
0.999513
0.992314
0.956048
0.993142
0.992056
0.931033
0.917473
0.952174
0.990866
0.823818
0.892574
0.807882
0.997841
0.99897
0.95939
0.954012
0.980279
0.999902
0.991632
0.999959
0.97127
0.999163
0.996041
0.98164
0.870989
0.999893
0.989955
0.989045
0.752659
0.980831
0.992892
0.992053
0.95725
0.944827
0.989621
0.998023
0.999925
0.999962
0.970662
0.999961
0.948842
0.989656
0.898928
0.999847
0.957589
0.945179
0.980459
0.979701
0.877543
0.854717
0.983791
0.988811
0.986801
0.989243
0.985765
0.997129
0.952114
0.995676
0.976662
0.964403
0.982922
0.999397
0.98133
0.999706
0.970317
0.993051
0.816915
0.998483
0.974235
0.954939
0.811815
0.993213
0.978208
0.997768
0.961682
0.993051
0.967649
0.880311
0.977719
0.888569
0.959465
0.973767
0.98179
0.992081
0.986152
0.99915
0.985676
0.990958
0.81801
0.976302
0.998773
0.982282
0.935913
0.993201
0.963136
0.955741
0.951644
0.992734
0.998018
0.998482
0.979368
0.966329
0.998027
0.99181
0.99048
0.984121
0.985242
0.896799
0.856094
0.992996
0.994172
0.965587
0.999083
0.99715
0.996044
0.999962
0.999941
0.989035
0.961267
0.831804
0.693222
0.942638
0.993456
0.999927
0.999628
0.998025
0.980643
0.998658
0.99931
0.906057
0.972985
0.995358
0.978714
0.999481
0.994329
0.974537
0.966734
0.897357
0.941179
0.861222
0.999734
0.968213
0.985185
0.999939
0.999031
0.999698
0.999646
0.999609
0.998477
0.836573
0.987585
0.944216
0.975855
0.972541
0.998713
0.950453
0.65519
0.820292
0.980232
0.999895
0.99983
0.909179
0.994673
0.866412
0.945611
0.950036
0.990284
0.92705
0.978171
0.907934
0.935196
0.999913
0.878569
0.942741
0.99951
0.994106
0.816801
0.964635
0.999954
0.971381
0.951669
0.9997
0.99996
0.988242
0.99984
0.924166
0.999155
0.890012
0.999951
0.738246
0.97315
0.970472
0.985001
0.994106
0.999575
0.977142
0.997654
0.999724
0.985511
0.967379
0.807084
0.953807
0.998564
0.978838
0.992289
0.913419
0.999989
0.997829
0.997363
0.919553
0.965868
0.895977
0.982561
0.96648
0.927164
0.926955
0.998778
0.999872
0.948718
0.932796
0.656847
0.962806
0.989781
0.830926
0.999193
0.757818
0.996169
0.999098
0.971823
0.889111
0.99991
0.99196
0.999617
0.999107
0.787924
0.969405
0.999579
0.970291
0.995538
0.999292
0.974169
0.999951
0.968062
0.977386
0.990908
0.989914
0.998337
0.930573
0.78009
0.759029
0.988177
0.816884
0.987932
0.994329
0.864741
0.993365
0.961697
0.998226
0.977157
0.96717
0.96639
0.998258
0.885591
0.993465
0.999977
0.873156
0.880348
0.999876
0.982345
0.948058
0.998435
0.97673
0.841493
0.998767
0.839718
0.968686
0.993691
0.842684
0.969435
0.960249
0.988598
0.955826
0.710107
0.999768
0.930164
0.992321
0.999704
0.831261
0.902385
0.979674
0.833501
0.99215
0.892876
0.986572
0.89473
0.982554
0.932571
0.993043
0.934969
0.874336
0.780948
0.954523
0.999923
0.924267
0.98612
0.93069
0.962591
0.958025
0.98214
0.973423
0.998478
0.935425
0.947365
0.980697
0.999952
0.871451
0.999789
0.898247
0.85911
0.932801
0.927599
0.958017
0.999948
0.998248
0.999296
0.993025
0.998692
0.967739
0.980667
0.806842
0.996029
0.924189
0.881097
0.907147
0.999528
0.949769
0.951524
0.9584
0.755511
0.916043
0.976928
0.991917
0.939357
0.984884
0.971908
0.819266
0.994029
0.99995
0.999909
0.999711
0.972166
0.99828
0.99261
0.998772
0.973615
0.999842
0.853005
0.999215
0.863469
0.947373
0.813927
0.993867
0.999972
0.824346
0.944593
0.9983
0.958844
0.982305
0.999883
0.973913
0.999011
0.998148
0.913418
0.749699
0.785951
0.964861
0.999544
0.922784
0.881258
0.999235
0.864126
0.994904
0.999698
0.8752
0.963716
0.982113
0.999286
0.97164
0.975756
0.951912
0.868064
0.978583
0.99949
0.917391
0.995192
0.958376
0.998365
0.987301
0.963638
0.790727
0.998342
0.967819
0.94488
0.906405
0.98744
0.998421
0.955862
0.987269
0.951669
0.991997
0.995716
0.978046
0.981275
0.995286
0.996051
0.995966
0.942293
0.964977
0.934749
0.960097
0.967532
0.999945
0.85013
0.963662
0.883956
0.99946
0.934432
0.871525
0.989416
0.827253
0.954907
0.972107
0.984243
0.910146
0.998383
0.983499
0.995126
0.926129
0.999866
0.999012
0.942326
0.999984
0.995023
0.997554
0.964125
0.967655
0.857759
0.999897
0.991837
0.992909
0.99926
0.999602
0.999756
0.999704
0.95115
0.971831
0.985225
0.923683
0.952222
0.964921
0.997852
0.972295
0.988756
0.824219
0.997142
0.96384
0.999975
0.826297
0.957753
0.963491
0.886032
0.980846
0.958387
0.993962
0.98609
0.987458
0.999162
0.853902
0.998761
0.998021
0.990641
0.999927
0.993551
0.999596
0.998101
0.763193
0.919402
0.999434
0.997486
0.976451
0.998639
0.999584
0.999921
0.830085
0.910778
0.999969
0.922911
0.92735
0.975075
0.965587
0.96249
0.98633
0.832989
0.85853
0.999908
0.971035
0.965905
0.72496
0.962925
0.79254
0.953439
0.949777
0.995842
0.935509
0.956954
0.960708
0.998161
0.999875
0.954622
0.997336
0.996653
0.999975
0.966421
0.999929
0.999698
0.989104
0.982921
0.998768
0.999793
0.965853
0.805678
0.905771
0.998424
0.972113
0.852878
0.957097
0.846873
0.99993
0.995719
0.720596
0.997959
0.794532
0.99995
0.99808
0.922542
0.971068
0.984799
0.813935
0.999762
0.96224
0.998955
0.999009
0.989315
0.987994
0.979482
0.939276
0.987155
0.996546
0.999362
0.999977
0.999653
0.999969
0.995975
0.950431
0.991965
0.930161
0.94925
0.998171
0.754822
0.953473
0.981269
0.957112
0.976538
0.97305
0.89001
0.953619
0.995544
0.981584
0.966802
0.997773
0.958046
0.993136
0.782772
0.902563
0.999922
0.860584
0.993993
0.97496
0.94972
0.998424
0.881127
0.961136
0.96021
0.819101
0.946372
0.978025
0.998371
0.78729
0.963061
0.99998
0.970317
0.995747
0.978536
0.963415
0.999703
0.896654
0.995505
0.962665
0.989383
0.999889
0.99846
0.862633
0.842475
0.996572
0.993966
0.999923
0.9787
0.997916
0.990737
0.993033
0.996389
0.957869
0.968966
0.853934
0.998143
0.944807
0.998755
0.997839
0.768831
0.926294
0.999417
0.963949
0.949101
0.99808
0.999442
0.957415
0.999853
0.86467
0.980712
0.963631
0.937304
0.914805
0.943096
0.975995
0.956827
0.999941
0.998476
0.956088
0.974761
0.875102
0.985619
0.991582
0.855607
0.997613
0.999857
0.99933
0.961258
0.926846
0.979819
0.916262
0.852146
0.998461
0.996827
0.952076
0.995492
0.737853
0.727908
0.983364
0.999746
0.892539
0.93683
0.933809
0.937364
0.99909
0.983328
0.975343
0.999887
0.997929
0.99533
0.9736
0.999981
0.980915
0.999697
0.999785
0.984339
0.981952
0.961976
0.962626
0.997554
0.999315
0.983321
0.996217
0.99945
0.922594
0.982521
0.999799
0.997819
0.999422
0.94111
0.900723
0.945485
0.819485
0.996508
0.998157
0.999666
0.897475
0.965741
0.99808
0.947771
0.998764
0.991946
0.850459
0.764225
0.999906
0.999618
0.799553
0.976129
0.998827
0.8669
0.994351
0.863827
0.979682
0.967935
0.999879
0.992686
0.99931
0.960161
0.909713
0.979472
0.983575
0.965068
0.977795
0.936089
0.998852
0.935855
0.881258
0.998581
0.965868
0.977651
0.992801
0.959366
0.997087
0.997882
0.957252
0.950962
0.928606
0.950544
0.999912
0.925131
0.944827
0.908312
0.889447
0.99875
0.932614
0.996075
0.998152
0.999701
0.934874
0.987393
0.935542
0.998665
0.996016
0.965075
0.967748
0.968051
0.998401
0.994974
0.998189
0.689878
0.999928
0.984691
0.974986
0.813458
0.998715
0.998189
0.978199
0.945124
0.871975
0.972541
0.961811
0.998551
0.943823
0.971782
0.974572
0.997183
0.983122
0.999132
0.999763
0.996424
0.884736
0.861193
0.986205
0.949611
0.977777
0.992526
0.990685
0.991999
0.984732
0.995401
0.999723
0.967752
0.906297
0.945179
0.907648
0.957787
0.892011
0.948887
0.965075
0.961866
0.999823
0.808685
0.99892
0.999528
0.901917
0.915634
0.906709
0.973814
0.929637
0.95611
0.999807
0.95167
0.998759
0.915351
0.997811
0.997387
0.999696
0.965267
0.936055
0.973573
0.93523
0.955778
0.992417
0.897475
0.976144
0.913113
0.904618
0.959788
0.999045
0.978053
0.751942
0.94577
0.997522
0.938717
0.929922
0.980248
0.960445
0.969918
0.999632
0.968378
0.997782
0.999973
0.997051
0.869481
0.995166
0.999273
0.782997
0.945196
0.992748
0.977347
0.989982
0.951129
0.708477
0.986713
0.980291
0.887954
0.9443
0.948575
0.998554
0.979578
0.978001
0.886527
0.966682
0.997153
0.897948
0.999686
0.927164
0.80512
0.975105
0.985781
0.999894
0.998416
0.988212
0.921372
0.999892
0.892945
0.993643
0.951427
0.999701
0.874345
0.988016
0.931679
0.940307
0.816232
0.995217
0.997782
0.835264
0.999771
0.99989
0.99196
0.999976
0.999656
0.903214
0.9788
0.993638
0.950672
0.889221
0.999811
0.822479
0.796541
0.985383
0.942646
0.956636
0.943116
0.936476
0.964165
0.998745
0.967379
0.974792
0.983606
0.976458
0.954402
0.940527
0.999961
0.981608
0.933313
0.992053
0.758757
0.886834
0.948026
0.997284
0.9251
0.991167
0.976632
0.999609
0.990316
0.95884
0.977751
0.920023
0.999842
0.916899
0.879007
0.867417
0.954122
0.995641
0.95466
0.99998
0.975603
0.895618
0.898614
0.93069
0.997519
0.928393
0.834746
0.988202
0.880305
0.996338
0.887216
0.973478
0.712567
0.999696
0.997867
0.973139
0.953685
0.980911
0.969312
0.990429
0.973232
0.999875
0.999663
0.998755
0.999644
0.98209
0.962008
0.953889
0.86596
0.968757
0.997268
0.926427
0.999974
0.958238
0.99956
0.920147
0.999639
0.997908
0.956613
0.978378
0.952574
0.996903
0.780378
0.98581
0.998915
0.828629
0.960627
0.817055
0.938753
0.999375
0.972633
0.950301
0.90623
0.987735
0.955081
0.999461
0.999695
0.904773
0.880469
0.999178
0.99951
0.999965
0.964148
0.995351
0.99986
0.78021
0.987352
0.908411
0.989315
0.999687
0.945547
0.926427
0.871986
0.931688
0.959295
0.999579
0.93567
0.965492
0.995821
0.907648
0.861743
0.973361
0.999822
0.999929
0.994685
0.824969
0.999835
0.999515
0.992196
0.868996
0.993592
0.953687
0.952185
0.989658
0.9997
0.984527
0.847631
0.99748
0.995355
0.909176
0.999721
0.928976
0.955778
0.999167
0.97402
0.992598
0.984258
0.999584
0.98004
0.916133
0.997534
0.966183
0.999382
0.993779
0.978956
0.773088
0.996953
0.988753
0.998887
0.99971
0.976419
0.998739
0.996274
0.918471
0.950998
0.999735
0.966546
0.957971
0.986762
0.957938
0.999875
0.995601
0.976427
0.997583
0.997569
0.987284
0.991427
0.930418
0.967375
0.949322
0.870831
0.999561
0.986207
0.99989
0.999904
0.997599
0.992804
0.978843
0.956008
0.985533
0.937799
0.993612
0.999425
0.999475
0.918955
0.996579
0.999588
0.970183
0.856684
0.999535
0.960724
0.794117
0.97195
0.96835
0.819463
0.94925
0.926753
0.931178
0.988087
0.95579
0.999002
0.953687
0.827194
0.928511
0.761502
0.999695
0.965167
0.98109
0.998509
0.886084
0.985468
0.951251
0.653733
0.99369
0.946664
0.93246
0.996846
0.971092
0.882466
0.963159
0.999954
0.938973
0.992417
0.982674
0.986166
0.991874
0.999954
0.998751
0.917653
0.99989
0.937565
0.99748
0.919938
0.92735
0.999907
0.982199
0.998639
0.904483
0.980818
0.999887
0.998639
0.939616
0.795692
0.938887
0.932305
0.998504
0.99799
0.814892
0.950453
0.999144
0.986782
0.938222
0.956349
0.961608
0.84582
0.921374
0.87061
0.98109
0.961131
0.999933
0.963073
0.864683
0.969678
0.973423
0.985582
0.999698
0.823633
0.983707
0.891534
0.996513
0.998733
0.938849
0.979626
0.945562
0.955485
0.999846
0.93853
0.997773
0.989396
0.950041
0.997993
0.999928
0.984507
0.999404
0.996536
0.966757
0.998509
0.999709
0.999929
0.9392
0.832873
0.955899
0.999756
0.997913
0.92544
0.877546
0.92677
0.999924
0.997693
0.955899
0.997561
0.986373
0.98179
0.942982
0.766182
0.995531
0.99989
0.947852
0.988729
0.999869
0.920179
0.999747
0.996342
0.999695
0.933331
0.998275
0.979393
0.998699
0.924778
0.985717
0.99265
0.97811
0.949136
0.861514
0.992893
0.910474
0.971646
0.946506
0.998458
0.996764
0.993662
0.916907
0.880305
0.952286
0.961258
0.964278
0.996114
0.992602
0.942834
0.987398
0.982921
0.887986
0.999879
0.909307
0.995411
0.999438
0.998514
0.991012
0.965988
0.999962
0.941679
0.994213
0.902685
0.990348
0.999933
0.998275
0.999666
0.959373
0.939357
0.952462
0.999361
0.826552
0.992151
0.998337
0.872108
0.923564
0.997154
0.777315
0.797638
0.937304
0.997168
0.999262
0.944823
0.956397
0.999914
0.999217
0.974537
0.998395
0.940801
0.998843
0.971508
0.968227
0.99992
0.951371
0.850598
0.977927
0.929853
0.939474
0.9817
0.999882
0.991443
0.965736
0.937825
0.942553
0.93124
0.931453
0.999926
0.915606
0.994641
0.990516
0.948536
0.969795
0.826638
0.942169
0.956457
0.984417
0.959305
0.999869
0.998372
0.986506
0.998893
0.993538
0.937771
0.953572
0.999928
0.994592
0.924798
0.993119
0.804445
0.930418
0.946129
0.922149
0.999608
0.968524
0.916437
0.956461
0.989003
0.93613
0.942733
0.978144
0.999257
0.912412
0.977482
0.965809
0.874797
0.791799
0.955489
0.956747
0.990317
0.953446
0.962257
0.96703
0.988266
0.960624
0.956747
0.99962
0.950628
0.993043
0.996173
0.90919
0.980745
0.96041
0.723776
0.830033
0.997286
0.84328
0.997154
0.999967
0.984161
0.999401
0.972426
0.972842
0.891244
0.944299
0.976026
0.99871
0.968455
0.997325
0.927112
0.988385
0.990773
0.981604
0.998629
0.850232
0.970932
0.994543
0.96475
0.945153
0.99998
0.99821
0.954391
0.931635
0.95109
0.938447
0.885863
0.965879
0.998934
0.863257
0.973167
0.939532
0.998852
0.990963
0.981764
0.996226
0.984464
0.99938
0.788939
0.990916
0.980818
0.957808
0.999759
0.998259
0.959501
0.969678
0.932947
0.999657
0.994238
0.997296
0.797472
0.997072
0.999112
0.929637
0.999946
0.927024
0.975156
0.946662
0.912736
0.954889
0.93549
0.993867
0.938291
0.935582
0.997975
0.911028
0.765543
0.905691
0.997117
0.954622
0.997296
0.896019
0.971434
0.993056
0.977194
0.999765
0.898851
0.997296
0.958451
0.997773
0.998151
0.999956
0.997437
0.995989
0.965457
0.974771
0.983707
0.968467
0.999766
0.869563
0.920112
0.943096
0.998163
0.999981
0.964041
0.9921
0.995167
0.980502
0.969685
0.766699
0.977692
0.997065
0.928238
0.963435
0.968288
0.951065
0.959788
0.999859
0.971418
0.9437
0.999821
0.823556
0.942366
0.955539
0.937689
0.967352
0.980016
0.940062
0.940593
0.996246
0.880348
0.999878
0.926846
0.918219
0.879655
0.922068
0.916635
0.992611
0.966485
0.861439
0.966473
0.976749
0.996827
0.946548
0.950847
0.973237
0.999942
0.999917
0.985049
0.991847
0.79845
0.981709
0.97569
0.985915
0.999745
0.999816
0.96988
0.940236
0.995619
0.975244
0.974604
0.999709
0.999854
0.990731
0.996403
0.99994
0.997645
0.970648
0.98694
0.995548
0.947439
0.861919
0.894952
0.99448
0.944591
0.947899
0.846873
0.999966
0.88275
0.998119
0.976787
0.986782
0.99938
0.948057
0.976129
0.773381
0.998572
0.979793
0.962637
0.999847
0.868104
0.86928
0.998289
0.999879
0.976167
0.949762
0.999822
0.930164
0.919051
0.995982
0.95939
0.980203
0.998996
0.960831
0.997137
0.999978
0.971042
0.987749
0.984469
0.880995
0.997821
0.965587
0.996798
0.99992
0.996748
0.984508
0.827878
0.720293
0.995688
0.982827
0.889892
0.998037
0.925833
0.999786
0.999887
0.986792
0.999924
0.995567
0.730166
0.959987
0.932894
0.99991
0.995627
0.999599
0.923639
0.836052
0.999377
0.999237
0.992893
0.903296
0.999877
0.999195
0.988526
0.992604
0.999949
0.999887
0.977642
0.747073
0.996877
0.999898
0.947686
0.756332
0.773451
0.998584
0.909709
0.96896
0.949409
0.999822
0.999842
0.999877
0.999862
0.999942
0.998703
0.994398
0.948548
0.920487
0.954292
0.99754
0.999883
0.999966
0.996748
0.990953
0.998999
0.966694
0.990773
0.890203
0.926816
0.902355
0.905791
0.99028
0.926904
0.906709
0.999412
0.998538
0.952169
0.796654
0.966091
0.937627
0.945482
0.970744
0.954999
0.974621
0.999895
0.988837
0.982152
0.996617
0.905026
0.993693
0.97402
0.829497
0.966467
0.976379
0.999897
0.977496
0.999668
0.999903
0.984249
0.986962
0.912088
0.961017
0.866609
0.955671
0.849494
0.999755
0.999831
0.928527
0.931911
0.998051
0.988486
0.959274
0.920824
0.998683
0.959134
0.892745
0.906733
0.999911
0.999851
0.878971
0.99826
0.9251
0.955931
0.958543
0.999604
0.887033
0.97515
0.961634
0.9998
0.967562
0.980996
0.990754
0.999795
0.995926
0.907537
0.999849
0.889671
0.99985
0.994698
0.988564
0.981172
0.912412
0.999745
0.98583
0.964858
0.984264
0.965518
0.93267
0.987366
0.962457
0.999939
0.994413
0.985648
0.758678
0.911371
0.99927
0.998104
0.949563
0.897471
0.991946
0.999714
0.999665
0.931733
0.998159
0.972993
0.999429
0.965267
0.954978
0.999806
0.971611
0.905153
0.999896
0.77069
0.999535
0.976147
0.986241
0.984251
0.931635
0.989416
0.999642
0.999528
0.893003
0.920916
0.949894
0.998661
0.998666
0.99794
0.952987
0.93267
0.911028
0.99968
0.997796
0.975358
0.982523
0.942777
0.929385
0.958309
0.995964
0.983022
0.987542
0.776951
0.987269
0.935785
0.962134
0.892201
0.854366
0.955533
0.881278
0.999711
0.973232
0.999475
0.920646
0.966207
0.973605
0.78
0.981659
0.931835
0.998811
0.998145
0.974318
0.935798
0.988801
0.948267
0.990293
0.970452
0.999929
0.93478
0.977331
0.994376
0.926164
0.589978
0.928643
0.964578
0.981476
0.831578
0.917067
0.999092
0.804374
0.996297
0.91123
0.99878
0.973226
0.75104
0.998403
0.958918
0.832057
0.924762
0.81714
0.999846
0.887584
0.999827
0.959981
0.998892
0.820208
0.982565
0.999944
0.999536
0.96521
0.999828
0.999474
0.929853
0.999876
0.954408
0.97687
0.987464
0.978966
0.995354
0.854536
0.999512
0.998904
0.999052
0.999585
0.850232
0.981581
0.913418
0.962134
0.986822
0.981895
0.999238
0.828245
0.933337
0.842782
0.992087
0.957576
0.975303
0.965298
0.981338
0.994237
0.936507
0.997331
0.888756
0.991084
0.962233
0.922664
0.978698
0.883936
0.999868
0.852146
0.90424
0.999729
0.978321
0.943454
0.875102
0.991588
0.897884
0.910742
0.99975
0.697809
0.904483
0.993991
0.950255
0.92308
0.919553
0.95961
0.996297
0.988801
0.862758
0.991245
0.950836
0.950865
0.995882
0.92677
0.982009
0.998338
0.983186
0.973336
0.900981
0.92867
0.97256
0.955892
0.999957
0.902292
0.906452
0.987577
0.998983
0.910414
0.999446
0.841324
0.972947
0.937318
0.997457
0.872966
0.99993
0.943823
0.965039
0.963805
0.93478
0.965736
0.886562
0.961211
0.999965
0.982152
0.961579
0.985986
0.936527
0.971014
0.999929
0.816668
0.899044
0.999755
0.882472
0.974427
0.860453
0.999965
0.99227
0.993909
0.999312
0.750003
0.85911
0.938674
0.918909
0.95029
0.999751
0.981268
0.964265
0.998016
0.994837
0.976588
0.873559
0.998829
0.964528
0.985685
0.984135
0.999354
0.964528
0.75636
0.971636
0.996414
0.935291
0.990077
0.953276
0.94693
0.999856
0.980898
0.993154
0.934491
0.977242
0.991702
0.907689
0.999913
0.968505
0.982338
0.940643
0.999818
0.993728
0.834746
0.995571
0.954418
0.951889
0.960655
0.99995
0.964201
0.943225
0.995482
0.980978
0.887033
0.952467
0.975583
0.919908
0.973705
0.989425
0.999847
0.955174
0.948
0.998382
0.972001
0.961048
0.99812
0.966505
0.962665
0.983182
0.997535
0.948581
0.907899
0.942411
0.98948
0.968713
0.960096
0.935156
0.998982
0.999489
0.999389
0.999551
0.972231
0.961504
0.901552
0.798549
0.999711
0.986325
0.994352
0.95338
0.957273
0.993731
0.9999
0.999885
0.999641
0.970507
0.921372
0.923761
0.829988
0.944191
0.99978
0.933015
0.955498
0.949733
0.989029
0.999339
0.998682
0.957453
0.930503
0.941129
0.993804
0.970883
0.999373
0.893925
0.93124
0.999942
0.999818
0.953439
0.977813
0.999872
0.999357
0.963537
0.960622
0.999179
0.939176
0.99963
0.934511
0.993939
0.999678
0.98562
0.97566
0.984802
0.989388
0.811001
0.999913
0.998129
0.903133
0.977628
0.999665
0.969855
0.967535
0.906405
0.832215
0.94201
0.975328
0.999091
0.789578
0.944379
0.98333
0.995776
0.999873
0.874643
0.988861
0.999026
0.998667
0.971454
0.948267
0.938041
0.990849
0.999876
0.970988
0.967817
0.97687
0.759262
0.977226
0.968275
0.958764
0.995776
0.987502
0.999801
0.927124
0.995296
0.954264
0.999476
0.999786
0.993843
0.879349
0.920981
0.924169
0.842141
0.999776
0.829156
0.999977
0.967817
0.999792
0.999479
0.996361
0.945487
0.999886
0.989246
0.890203
0.999796
0.998715
0.874307
0.986876
0.74458
0.976923
0.721313
0.964992
0.999628
0.994863
0.981883
0.995687
0.978589
0.930826
0.831261
0.995061
0.97565
0.815081
0.998963
0.930061
0.969862
0.958918
0.976564
0.839676
0.999875
0.988392
0.999782
0.993868
0.971646
0.961401
0.999595
0.999756
0.949072
0.999901
0.99321
0.993047
0.990185
0.999463
0.862288
0.84997
0.937092
0.79181
0.812159
0.972155
0.959305
0.963805
0.971365
0.980212
0.849538
0.999342
0.906318
0.770686
0.982851
0.999749
0.995858
0.999347
0.950658
0.926113
0.759715
0.894648
0.998554
0.999464
0.994212
0.973686
0.952462
0.93426
0.999878
0.937912
0.984949
0.941065
0.873785
0.995062
0.904929
0.912112
0.999879
0.934525
0.973947
0.998108
0.894952
0.983933
0.991213
0.952286
0.923639
0.977209
0.944776
0.999848
0.999908
0.969724
0.999878
0.97338
0.999821
0.996845
0.97095
0.923778
0.998465
0.75989
0.999882
0.706088
0.9999
0.758696
0.97357
0.995861
0.879349
0.996713
0.9368
0.994334
0.958315
0.971593
0.999663
0.999884
0.95115
0.949337
0.776951
0.961397
0.975847
0.876179
0.999935
0.99745
0.776876
0.987899
0.88535
0.948999
0.995933
0.868111
0.999883
0.99967
0.963886
0.936899
0.956942
0.93059
0.977119
0.901421
0.999592
0.958287
0.922761
0.967656
0.999969
0.961983
0.965056
0.981781
0.977967
0.999882
0.993661
0.960957
0.999869
0.992151
0.982517
0.990891
0.924389
0.999842
0.999848
0.999805
0.949729
0.968894
0.977246
0.890015
0.998927
0.970806
0.984955
0.999928
0.985393
0.873356
0.98264
0.985791
0.974017
0.995742
0.923279
0.978403
0.764428
0.917867
0.99951
0.971777
0.999853
0.999667
0.981452
0.999889
0.841989
0.983548
0.999014
0.989571
0.966746
0.963435
0.924393
0.965606
0.979185
0.999767
0.939689
0.997926
0.950009
0.997642
0.999909
0.994043
0.977115
0.979651
0.998163
0.923836
0.923333
0.993154
0.714647
0.999748
0.999514
0.998564
0.967674
0.968454
0.987258
0.993513
0.999312
0.999909
0.88513
0.997576
0.90962
0.947283
0.989402
0.988836
0.999668
0.755102
0.98807
0.999451
0.99966
0.999264
0.971331
0.921132
0.984936
0.989544
0.981785
0.956874
0.995575
0.998635
0.747635
0.975121
0.993248
0.989387
0.908126
0.999838
0.995113
0.962073
0.985364
0.892901
0.972506
0.977382
0.885902
0.966746
0.944132
0.999461
0.956533
0.993802
0.968044
0.964437
0.987443
0.98652
0.920073
0.999524
0.999857
0.998554
0.98897
0.949434
0.999736
0.925592
0.98948
0.997948
0.952154
0.995159
0.999734
0.907987
0.991603
0.983608
0.983497
0.983307
0.999853
0.956008
0.941065
0.999513
0.922198
0.953328
0.955835
0.999754
0.997748
0.999368
0.928976
0.938322
0.782573
0.88718
0.999851
0.750234
0.885921
0.999779
0.908139
0.995058
0.965613
0.939297
0.963805
0.941494
0.906297
0.99962
0.98575
0.999629
0.999805
0.993868
0.999825
0.991425
0.965124
0.996256
0.879137
0.738893
0.935992
0.999889
0.995901
0.999347
0.967375
0.999398
0.986043
0.924673
0.993693
0.966607
0.984306
0.98464
0.966694
0.954915
0.970808
0.891899
0.999834
0.986752
0.990579
0.999836
0.95342
0.996068
0.827378
0.999475
0.940892
0.968175
0.993604
0.945232
0.985517
0.999848
0.907731
0.995769
0.999395
0.994129
0.831804
0.984469
0.947789
0.999813
0.999853
0.787477
0.988623
0.934467
0.999853
0.99959
0.952715
0.999837
0.984048
0.842122
0.994114
0.999512
0.999822
0.993954
0.999928
0.999749
0.999911
0.998789
0.997772
0.979395
0.97441
0.961534
0.999925
0.999546
0.98807
0.976019
0.761906
0.751813
0.999615
0.999752
0.999772
0.921763
0.999775
0.999773
0.999786
0.999798
0.999833
0.999833
0.999821
0.999024
0.889233
0.893292
0.952379
0.99867
0.999311
0.971331
0.943738
0.966215
0.833885
0.991188
0.999257
0.945232
0.999403
0.982522
0.864082
0.993481
0.954065
0.981086
0.802174
0.914902
0.999942
0.999884
0.981467
0.999873
0.971094
0.817078
0.999654
0.9985
0.949264
0.997428
0.982794
0.922849
0.966595
0.888013
0.804287
0.999933
0.993143
0.939616
0.98926
0.973947
0.992712
0.790665
0.999705
0.999829
0.94878
0.949261
0.989351
0.995403
0.99973
0.948877
0.999843
0.999064
0.84997
0.999846
0.999555
0.999729
0.9998
0.986555
0.964551
0.922231
0.97403
0.900062
0.912631
0.661193
0.961048
0.994826
0.930544
0.996116
0.949813
0.999941
0.999654
0.942604
0.995469
0.936223
0.971455
0.904773
0.923676
0.976683
0.948535
0.95599
0.959382
0.988314
0.999937
0.990749
0.999835
0.996274
0.998766
0.992812
0.818402
0.975296
0.999896
0.997427
0.986619
0.998981
0.971082
0.993615
0.919095
0.963992
0.990029
0.987223
0.967475
0.950541
0.999734
0.911637
0.851598
0.999725
0.857465
0.95555
0.999829
0.982439
0.999939
0.999882
0.984964
0.97487
0.999852
0.982534
0.982364
0.922772
0.999946
0.981122
0.999937
0.999782
0.971094
0.869563
0.993877
0.958842
0.99976
0.999655
0.996066
0.995958
0.960065
0.999007
0.973371
0.930154
0.985406
0.941248
0.999812
0.999807
0.999902
0.999895
0.999656
0.931059
0.999938
0.810239
0.999849
0.917894
0.994834
0.94831
0.999885
0.976183
0.915622
0.941726
0.99328
0.999749
0.999625
0.999159
0.99771
0.999116
0.802363
0.911009
0.804721
0.983161
0.883493
0.999933
0.999929
0.906778
0.921376
0.890231
0.975322
0.976756
0.997534
0.995531
0.920902
0.843221
0.992804
0.973814
0.940236
0.991968
0.966067
0.890832
0.999873
0.952375
0.999763
0.999653
0.99116
0.987904
0.966747
0.984698
0.962966
0.801446
0.995165
0.997222
0.999863
0.965043
0.999883
0.842432
0.839313
0.875923
0.999412
0.912462
0.937892
0.997645
0.994484
0.995403
0.96112
0.999913
0.946702
0.971837
0.970395
0.864276
0.714577
0.999657
0.999711
0.914565
0.942777
0.990325
0.999023
0.999932
0.995858
0.95842
0.924016
0.999923
0.999875
0.801073
0.999579
0.787433
0.999489
0.980831
0.94537
0.963537
0.968192
0.952813
0.953466
0.99558
0.941679
0.999598
0.960957
0.999204
0.999943
0.920824
0.973243
0.999943
0.863752
0.999262
0.999299
0.82678
0.974796
0.878679
0.999544
0.995716
0.865177
0.999833
0.999044
0.971314
0.943645
0.973431
0.974369
0.833723
0.976866
0.978589
0.922387
0.983293
0.988212
0.999763
0.997213
0.997387
0.987284
0.939386
0.999777
0.999945
0.948193
0.995827
0.990746
0.973431
0.7474
0.999724
0.817234
0.95532
0.96539
0.99989
0.971355
0.998304
0.967891
0.985255
0.961086
0.9999
0.999752
0.974666
0.920604
0.92983
0.892945
0.999662
0.976443
0.947232
0.984838
0.999839
0.991943
0.995403
0.961705
0.915004
0.991401
0.999797
0.979364
0.997535
0.898495
0.983078
0.999875
0.993688
0.999652
0.945996
0.994643
0.996014
0.99968
0.960741
0.924673
0.907731
0.791264
0.999583
0.999272
0.955081
0.998826
0.980189
0.998451
0.998355
0.941793
0.924059
0.991188
0.998113
0.969911
0.999804
0.999816
0.949882
0.897647
0.931234
0.999632
0.949048
0.993867
0.811205
0.978876
0.999914
0.982762
0.968716
0.768655
0.953612
0.957912
0.839784
0.999814
0.937493
0.999579
0.869532
0.999662
0.980543
0.964594
0.95886
0.990841
0.789982
0.999801
0.8631
0.987549
0.981305
0.967861
0.998429
0.998655
0.937656
0.912005
0.999725
0.999764
0.999484
0.871295
0.978282
0.999763
0.999747
0.998407
0.988902
0.966011
0.9994
0.968537
0.99923
0.995567
0.83593
0.917007
0.910778
0.960669
0.998906
0.974777
0.999868
0.735917
0.775633
0.999667
0.99627
0.866414
0.920126
0.958404
0.954337
0.991828
0.981359
0.999687
0.996748
0.999846
0.980655
0.984067
0.884758
0.955671
0.9324
0.994833
0.963188
0.998639
0.908897
0.958659
0.965307
0.999441
0.974766
0.998722
0.991829
0.99989
0.887333
0.964224
0.936637
0.999241
0.963464
0.93851
0.890137
0.974369
0.942724
0.983564
0.993526
0.960163
0.960655
0.986279
0.954682
0.987091
0.967627
0.997719
0.999708
0.999789
0.998751
0.930503
0.995329
0.996737
0.905557
0.936019
0.927307
0.955808
0.998869
0.997946
0.970276
0.842845
0.972076
0.999889
0.972437
0.97519
0.990623
0.767257
0.945551
0.928285
0.90077
0.999768
0.898229
0.998603
0.99223
0.835486
0.999762
0.984476
0.941375
0.946664
0.978137
0.984601
0.999903
0.98714
0.997593
0.738723
0.999536
0.978481
0.950736
0.999863
0.997723
0.974664
0.923676
0.952576
0.999849
0.984376
0.759633
0.969138
0.957557
0.970527
0.999705
0.954953
0.996136
0.998579
0.997532
0.932894
0.927772
0.806947
0.982766
0.99476
0.997662
0.994891
0.998762
0.981122
0.988026
0.999704
0.976443
0.999893
0.987881
0.985486
0.998638
0.979173
0.983511
0.789134
0.990988
0.918811
0.959906
0.986843
0.999471
0.804329
0.979553
0.981734
0.999811
0.949022
0.938849
0.882103
0.999648
0.983968
0.967083
0.93085
0.992863
0.998073
0.999888
0.99783
0.794114
0.994847
0.876726
0.998146
0.9474
0.968358
0.9989
0.847683
0.904264
0.998692
0.944366
0.950301
0.999658
0.961301
0.951748
0.814682
0.998988
0.964041
0.979786
0.997052
0.984237
0.824716
0.951921
0.985615
0.99948
0.999932
0.999681
0.973237
0.997753
0.99412
0.943224
0.966595
0.984792
0.92658
0.971837
0.959203
0.768834
0.973095
0.999955
0.992299
0.998715
0.998479
0.975678
0.974311
0.955446
0.945412
0.961088
0.97866
0.99626
0.850112
0.98476
0.928016
0.96542
0.999829
0.970008
0.992533
0.977258
0.968551
0.997081
0.987659
0.840204
0.999805
0.941212
0.96156
0.949422
0.991987
0.958077
0.950717
0.999857
0.987472
0.979923
0.92628
0.942557
0.960937
0.980067
0.9997
0.99854
0.941906
0.983913
0.979048
0.999415
0.924391
0.997267
0.935391
0.936119
0.999902
0.999785
0.743174
0.976519
0.998624
0.757918
0.928524
0.986225
0.83337
0.999896
0.999735
0.992143
0.997341
0.957273
0.959788
0.970083
0.978052
0.958076
0.935742
0.945204
0.999766
0.973637
0.968738
0.999873
0.99754
0.943691
0.915647
0.996093
0.978827
0.997448
0.958247
0.955474
0.950628
0.978633
0.998304
0.958976
0.997966
0.999645
0.921157
0.95155
0.999889
0.957689
0.999959
0.999785
0.93367
0.999647
0.955474
0.998825
0.964919
0.999557
0.999507
0.980178
0.952707
0.98526
0.991449
0.974762
0.835463
0.980861
0.984402
0.970712
0.998772
0.860151
0.998368
0.806148
0.90971
0.940864
0.824193
0.999894
0.782578
0.948966
0.971214
0.741337
0.999211
0.985455
0.947987
0.99269
0.998604
0.992899
0.988873
0.925592
0.730032
0.912631
0.924433
0.99984
0.975229
0.999926
0.975989
0.755945
0.819099
0.999037
0.895832
0.992637
0.999922
0.992604
0.969508
0.93396
0.963032
0.957893
0.922185
0.999524
0.949762
0.961401
0.972186
0.920179
0.998272
0.994963
0.999494
0.986272
0.998728
0.932757
0.994759
0.998163
0.91711
0.95555
0.990325
0.888382
0.99984
0.98734
0.714605
0.846147
0.999699
0.999528
0.992593
0.974762
0.973373
0.999632
0.90971
0.998736
0.961087
0.94156
0.974771
0.976887
0.983933
0.956663
0.97566
0.946463
0.999692
0.968198
0.9996
0.998285
0.972218
0.999909
0.998625
0.995347
0.972765
0.98159
0.999816
0.988569
0.983825
0.860473
0.982867
0.999725
0.960749
0.999356
0.999891
0.997909
0.946463
0.99968
0.946836
0.926761
0.999919
0.981759
0.999706
0.869275
0.99799
0.727554
0.918297
0.99852
0.993661
0.999828
0.978925
0.752424
0.999578
0.985803
0.974184
0.962614
0.97281
0.997821
0.942428
0.999498
0.998585
0.986027
0.935785
0.949765
0.929836
0.990671
0.99914
0.953075
0.983153
0.999263
0.999756
0.928798
0.987647
0.958314
0.898614
0.793805
0.999435
0.978411
0.999703
0.993552
0.999873
0.977115
0.999721
0.985498
0.945085
0.999915
0.999258
0.956257
0.99988
0.935798
0.999663
0.998624
0.985577
0.992257
0.978144
0.99794
0.977255
0.997902
0.788137
0.998451
0.999708
0.950469
0.999675
0.957971
0.999741
0.984069
0.999503
0.998969
0.913023
0.999644
0.911424
0.99953
0.906824
0.936357
0.9887
0.969199
0.998674
0.998039
0.987225
0.957021
0.987091
0.969275
0.904726
0.888191
0.991742
0.986854
0.984564
0.959737
0.714386
0.999922
0.999473
0.990349
0.827687
0.972635
0.952861
0.999404
0.981923
0.941764
0.94955
0.99951
0.974533
0.994918
0.97607
0.94103
0.995161
0.990815
0.90424
0.999391
0.947778
0.992428
0.995615
0.999792
0.950243
0.969039
0.987029
0.986468
0.913702
0.969699
0.929952
0.999424
0.978855
0.997508
0.98912
0.75206
0.830586
0.980426
0.766567
0.994676
0.924154
0.909713
0.999689
0.911771
0.969783
0.999704
0.896815
0.999896
0.984818
0.974414
0.742134
0.670671
0.962638
0.964975
0.918806
0.941904
0.578968
0.745437
0.972635
0.999887
0.972002
0.999685
0.997903
0.961088
0.924517
0.951545
0.999386
0.77844
0.996677
0.999464
0.641546
0.958403
0.977791
0.99269
0.99178
0.990409
0.966506
0.968894
0.999579
0.999782
0.997427
0.911631
0.999893
0.999799
0.993974
0.978388
0.864881
0.935742
0.970308
0.99865
0.99963
0.992701
0.996078
0.835951
0.999819
0.994053
0.999786
0.950865
0.980781
0.806622
0.948
0.96439
0.994318
0.999864
0.950789
0.999244
0.956567
0.729627
0.901497
0.956013
0.999691
0.953612
0.99948
0.971958
0.81218
0.999666
0.879139
0.94955
0.9913
0.765337
0.998691
0.999215
0.999639
0.862444
0.958663
0.868494
0.954314
0.997577
0.979919
0.827219
0.806398
0.997382
0.917285
0.970288
0.974211
0.999759
0.997802
0.975125
0.999816
0.992665
0.9359
0.796318
0.924617
0.999561
0.937929
0.974389
0.912736
0.919572
0.824349
0.998907
0.981029
0.925888
0.953075
0.954127
0.9996
0.884206
0.905645
0.965643
0.997572
0.961705
0.94367
0.956368
0.999586
0.874791
0.988009
0.910031
0.999555
0.976455
0.88827
0.988653
0.955808
0.99909
0.998451
0.930627
0.994252
0.999821
0.996572
0.983244
0.996852
0.968258
0.997587
0.943373
0.982465
0.920214
0.969705
0.999841
0.827452
0.843196
0.908334
0.883044
0.860364
0.778601
0.996877
0.995009
0.985939
0.999215
0.999746
0.837342
0.95599
0.998944
0.942358
0.974344
0.988057
0.948559
0.982549
0.999398
0.915647
0.848615
0.924681
0.940029
0.952491
0.999693
0.999548
0.977483
0.9359
0.97477
0.943608
0.985835
0.981785
0.941041
0.997774
0.996679
0.978331
0.977957
0.999816
0.985985
0.938059
0.911458
0.89684
0.819099
0.999332
0.99608
0.884692
0.989835
0.999811
0.974383
0.976629
0.9298
0.958035
0.864878
0.993507
0.995222
0.905179
0.999494
0.967965
0.954901
0.746368
0.975376
0.976468
0.999455
0.9516
0.916899
0.825621
0.955792
0.993172
0.999628
0.998205
0.996605
0.905946
0.987719
0.961599
0.99902
0.936527
0.992599
0.892954
0.999714
0.999719
0.957475
0.999766
0.852255
0.914236
0.948138
0.945551
0.783328
0.974677
0.999503
0.831944
0.928441
0.966652
0.933653
0.971477
0.999734
0.998989
0.938992
0.983769
0.960749
0.995794
0.943051
0.999962
0.984595
0.993056
0.867794
0.995296
0.998937
0.999214
0.943354
0.971214
0.994313
0.722208
0.999884
0.999621
0.989786
0.943285
0.999901
0.915854
0.965315
0.945743
0.99954
0.993416
0.99953
0.999759
0.999164
0.88827
0.941494
0.999525
0.957605
0.99921
0.93848
0.983851
0.994385
0.992979
0.933905
0.970095
0.998126
0.884988
0.999692
0.970422
0.661124
0.986281
0.999766
0.987261
0.998899
0.984378
0.999547
0.999928
0.984601
0.93257
0.963188
0.991284
0.999697
0.999126
0.97377
0.992355
0.978603
0.999552
0.999785
0.915492
0.951433
0.954426
0.99962
0.95338
0.974909
0.821079
0.977338
0.999451
0.952467
0.938493
0.991287
0.993209
0.999885
0.998221
0.996858
0.984226
0.99852
0.895796
0.952418
0.986708
0.683402
0.836725
0.999443
0.978603
0.996357
0.992765
0.981277
0.855357
0.944664
0.825021
0.980105
0.718067
0.993613
0.999583
0.968827
0.974664
0.999478
0.987191
0.998275
0.998271
0.969502
0.99997
0.999544
0.878481
0.988411
0.925301
0.971716
0.971648
0.975079
0.645724
0.988021
0.999926
0.999589
0.996197
0.943411
0.999531
0.995397
0.930061
0.999644
0.977274
0.940571
0.999863
0.999872
0.784979
0.998553
0.945551
0.928016
0.999765
0.922722
0.961983
0.987089
0.992224
0.999274
0.984399
0.965554
0.999712
0.918219
0.996936
0.999736
0.990102
0.999648
0.822349
0.999888
0.999562
0.999873
0.999317
0.999455
0.999731
0.988608
0.975954
0.878798
0.999398
0.951434
0.884592
0.628544
0.994238
0.96458
0.998509
0.789982
0.957869
0.997806
0.985324
0.976818
0.993994
0.959232
0.822349
0.95886
0.999179
0.867402
0.977222
0.996159
0.999106
0.99921
0.999662
0.999809
0.995477
0.923047
0.829437
0.999552
0.8894
0.840666
0.949709
0.969783
0.999969
0.938794
0.93166
0.993925
0.949251
0.952133
0.999763
0.999691
0.994322
0.909325
0.97827
0.999811
0.989851
0.773187
0.849494
0.999911
0.809784
0.812348
0.995167
0.898995
0.997336
0.958235
0.999487
0.821627
0.998884
0.999933
0.977738
0.974642
0.864746
0.974797
0.999569
0.999653
0.99474
0.96932
0.999964
0.995376
0.97403
0.926081
0.967006
0.999479
0.999871
0.999725
0.911339
0.98912
0.997711
0.99959
0.903735
0.944733
0.999533
0.886607
0.947686
0.96986
0.962425
0.96696
0.93367
0.952418
0.970563
0.992704
0.950341
0.968328
0.963385
0.936301
0.925963
0.995737
0.999557
0.998073
0.914726
0.975535
0.790423
0.999887
0.999911
0.999361
0.79903
0.976819
0.814101
0.999307
0.99953
0.958217
0.999506
0.905781
0.928524
0.996078
0.999317
0.919727
0.92544
0.945587
0.999854
0.894765
0.924538
0.892289
0.762372
0.979341
0.999506
0.994563
0.99949
0.970933
0.999711
0.962744
0.997219
0.979452
0.993461
0.999862
0.988218
0.95395
0.94009
0.937528
0.978578
0.945412
0.864082
0.999696
0.92599
0.999709
0.999215
0.956688
0.960203
0.98656
0.963304
0.983028
0.999738
0.816171
0.997946
0.980994
0.899331
0.925876
0.905206
0.988165
0.904264
0.842385
0.999633
0.999867
0.997219
0.998769
0.999863
0.953769
0.959669
0.999185
0.999581
0.957351
0.998794
0.987791
0.993763
0.913161
0.979427
0.94924
0.997809
0.80327
0.997993
0.997535
0.99585
0.999844
0.994972
0.999617
0.999717
0.941939
0.747186
0.860151
0.999547
0.999162
0.96586
0.985941
0.993997
0.946213
0.999807
0.948689
0.999671
0.999123
0.95291
0.968546
0.915225
0.979718
0.999841
0.99953
0.999701
0.974951
0.966182
0.999798
0.999683
0.999732
0.953132
0.99953
0.99989
0.999523
0.974543
0.971643
0.957158
0.989091
0.998533
0.996676
0.999709
0.999684
0.999586
0.932654
0.928886
0.970506
0.959426
0.999844
0.80885
0.946645
0.940174
0.99223
0.999624
0.997909
0.999792
0.943319
0.995814
0.98814
0.982804
0.987836
0.967629
0.971919
0.72795
0.983683
0.998635
0.923718
0.999524
0.999546
0.957207
0.999725
0.999862
0.997188
0.999498
0.999589
0.941412
0.975333
0.9714
0.987996
0.936867
0.923047
0.815249
0.803338
0.996902
0.949134
0.769754
0.991978
0.978016
0.955315
0.975198
0.999434
0.999599
0.952002
0.997282
0.987185
0.738823
0.939915
0.985322
0.99982
0.924778
0.999715
0.947331
0.999523
0.6803
0.759733
0.995065
0.829194
0.999704
0.961817
0.999702
0.999665
0.963402
0.803273
0.950943
0.996634
0.924809
0.900426
0.989965
0.98839
0.967627
0.999694
0.945781
0.999863
0.97658
0.898164
0.9953
0.946213
0.912797
0.999189
0.905124
0.990153
0.954382
0.92573
0.972802
0.999371
0.99141
0.876597
0.999822
0.999756
0.95406
0.999918
0.960052
0.999369
0.999736
0.945427
0.887671
0.997969
0.984399
0.999184
0.999804
0.957831
0.98652
0.964775
0.998674
0.999755
0.994416
0.978016
0.990084
0.999758
0.935627
0.999362
0.990724
0.96478
0.999926
0.999561
0.999628
0.999519
0.988564
0.999423
0.978643
0.999901
0.935266
0.960234
0.948474
0.9359
0.968546
0.999754
0.995817
0.934903
0.980364
0.965605
0.999672
0.998582
0.99964
0.972346
0.958661
0.998666
0.986412
0.970351
0.908709
0.954694
0.915004
0.964041
0.997723
0.99962
0.975002
0.9997
0.999698
0.977321
0.936046
0.95317
0.983101
0.964474
0.946039
0.999423
0.951012
0.999135
0.963553
0.876447
0.974614
0.99974
0.970062
0.972285
0.999742
0.999588
0.998528
0.940892
0.973044
0.999713
0.999825
0.867464
0.868551
0.971299
0.976398
0.978645
0.999549
0.998838
0.940102
0.964095
0.99969
0.918909
0.999697
0.931119
0.978327
0.998288
0.988971
0.972293
0.996074
0.988019
0.971586
0.998268
0.905791
0.979255
0.993589
0.994538
0.954118
0.998579
0.999614
0.987292
0.965736
0.999705
0.869594
0.939834
0.999799
0.999561
0.982777
0.977108
0.9997
0.996936
0.843036
0.999839
0.944073
0.983392
0.994385
0.999807
0.969439
0.998524
0.984818
0.983241
0.929327
0.916179
0.943745
0.999661
0.99945
0.999448
0.999794
0.982238
0.975002
0.999816
0.999697
0.99941
0.94897
0.999422
0.847822
0.998884
0.999805
0.980618
0.99959
0.972393
0.997026
0.959238
0.999387
0.998077
0.940695
0.999655
0.999682
0.99985
0.998701
0.79987
0.844124
0.99693
0.998577
0.998548
0.976928
0.910254
0.999776
0.999059
0.99983
0.994911
0.948969
0.996677
0.958739
0.991287
0.963321
0.999546
0.998056
0.999785
0.999886
0.99724
0.999622
0.999667
0.874911
0.958008
0.999772
0.999775
0.999831
0.93989
0.984228
0.999837
0.999842
0.807522
0.999865
0.995668
0.987472
0.948195
0.999758
0.990891
0.999846
0.97251
0.995401
0.96984
0.999821
0.903904
0.998696
0.964482
0.94822
0.995604
0.837551
0.959238
0.960908
0.999642
0.966404
0.995947
0.902687
0.939906
0.653863
0.952576
0.974225
0.927053
0.967386
0.926123
0.999552
0.999297
0.99771
0.950554
0.999864
0.998533
0.989038
0.982725
0.87649
0.718827
0.999628
0.962192
0.959538
0.991849
0.876447
0.96975
0.999602
0.984698
0.993589
0.993666
0.999109
0.922387
0.975064
0.999604
0.999699
0.999882
0.999731
0.999888
0.99929
0.999301
0.949261
0.98349
0.970988
0.860028
0.997415
0.968528
0.979078
0.987208
0.752352
0.999829
0.92628
0.868909
0.969925
0.999677
0.979575
0.953477
0.986555
0.944215
0.922016
0.997532
0.997175
0.781302
0.990811
0.925457
0.955784
0.979395
0.95843
0.890954
0.965124
0.976607
0.944849
0.909709
0.999671
0.915155
0.99986
0.999734
0.743224
0.973668
0.999769
0.946554
0.750794
0.70087
0.976588
0.950705
0.999793
0.99935
0.999864
0.972638
0.983908
0.981376
0.999628
0.952624
0.928431
0.877037
0.999443
0.688131
0.950243
0.976731
0.919575
0.999835
0.94437
0.993951
0.9981
0.999711
0.955468
0.999682
0.980387
0.996314
0.999645
0.930942
0.915292
0.933899
0.99883
0.988429
0.918216
0.987111
0.937755
0.982058
0.999934
0.989124
0.906859
0.999852
0.963933
0.960706
0.88718
0.999851
0.967891
0.99493
0.990707
0.954704
0.979189
0.974977
0.999435
0.978321
0.907645
0.984472
0.981835
0.984472
0.979155
0.995729
0.985573
0.947465
0.903096
0.940354
0.906343
0.999852
0.999673
0.93063
0.956723
0.962436
0.993614
0.788927
0.968503
0.998298
0.983493
0.999918
0.999857
0.739482
0.895468
0.974486
0.781879
0.93396
0.999217
0.978296
0.999842
0.848274
0.932046
0.998967
0.95696
0.949573
0.982113
0.987538
0.999966
0.966594
0.984603
0.999864
0.975379
0.952445
0.984694
0.999863
0.999929
0.996677
0.99926
0.999782
0.933727
0.971919
0.999671
0.990155
0.9221
0.999701
0.941821
0.9939
0.911141
0.995125
0.999449
0.922756
0.874758
0.925876
0.969705
0.993994
0.983471
0.985538
0.987784
0.987022
0.999062
0.883608
0.770981
0.99976
0.999632
0.999667
0.994322
0.999841
0.962966
0.998766
0.999611
0.974648
0.954586
0.999299
0.999699
0.999011
0.999609
0.999569
0.988405
0.98566
0.999263
0.872966
0.791468
0.982725
0.999881
0.999644
0.999772
0.998509
0.999623
0.98626
0.986451
0.999879
0.99977
0.955711
0.99971
0.999886
0.821627
0.906318
0.954703
0.987961
0.952717
0.999552
0.949049
0.977778
0.932242
0.827105
0.948951
0.940008
0.99615
0.999542
0.999932
0.999923
0.744085
0.99967
0.924931
0.827349
0.999694
0.999867
0.923682
0.999672
0.999547
0.930975
0.994455
0.956869
0.944073
0.95149
0.819028
0.996703
0.957794
0.999895
0.835234
0.946103
0.972678
0.954915
0.92221
0.961859
0.999424
0.947901
0.989224
0.999731
0.846993
0.98626
0.999663
0.996463
0.895615
0.997566
0.947602
0.999351
0.97146
0.935425
0.981951
0.993824
0.994288
0.898164
0.699949
0.998522
0.999949
0.994676
0.948877
0.83893
0.999659
0.916172
0.949251
0.98566
0.99969
0.910148
0.946472
0.975469
0.937565
0.869434
0.871295
0.905301
0.936315
0.999446
0.999958
0.809239
0.997737
0.999756
0.999705
0.73492
0.998029
0.931059
0.993785
0.999804
0.999661
0.999739
0.963196
0.986272
0.94924
0.719409
0.889624
0.900005
0.964224
0.998832
0.999897
0.961012
0.989862
0.601887
0.998509
0.691286
0.978481
0.999848
0.999749
0.850725
0.910254
0.994888
0.9465
0.999764
0.966976
0.992864
0.974951
0.919188
0.825738
0.999813
0.940779
0.981103
0.662221
0.999651
0.999682
0.999545
0.975678
0.952813
0.903996
0.947882
0.99278
0.946635
0.91123
0.931174
0.998126
0.768011
0.973081
0.999151
0.985413
0.974788
0.932487
0.945204
0.983766
0.93523
0.978967
0.993791
0.898183
0.840308
0.929632
0.950314
0.890832
0.999875
0.999857
0.997697
0.991225
0.999514
0.99834
0.95218
0.934618
0.999367
0.999244
0.931269
0.993938
0.999651
0.951313
0.934903
0.999338
0.999677
0.971446
0.999773
0.999859
0.996482
0.818454
0.985666
0.651231
0.998482
0.703507
0.999397
0.921486
0.967009
0.999125
0.998834
0.85223
0.919372
0.953362
0.999555
0.95626
0.980937
0.995937
0.91093
0.926034
0.924154
0.924745
0.975594
0.966011
0.97195
0.894548
0.996047
0.759507
0.767317
0.999847
0.992558
0.999641
0.999673
0.969505
0.999942
0.999485
0.997946
0.975535
0.805426
0.925666
0.999484
0.941982
0.994643
0.999367
0.944948
0.804244
0.927941
0.957769
0.949334
0.992686
0.998137
0.98245
0.996232
0.88164
0.926227
0.985378
0.943538
0.999659
0.97317
0.999531
0.974614
0.956875
0.983396
0.999481
0.954254
0.976859
0.99886
0.999837
0.999071
0.999577
0.984965
0.996837
0.999591
0.986917
0.960912
0.999633
0.984237
0.999918
0.999667
0.999904
0.854944
0.995013
0.842302
0.978875
0.999879
0.999924
0.928431
0.999061
0.966669
0.984854
0.921674
0.972886
0.998094
0.994101
0.969029
0.975992
0.991253
0.954453
0.957682
0.999869
0.998915
0.893761
0.989143
0.947763
0.999382
0.999663
0.999663
0.979503
0.953563
0.928941
0.999347
0.985724
0.941991
0.99972
0.999405
0.985808
0.995426
0.990737
0.968934
0.997296
0.931648
0.99938
0.998861
0.938741
0.956527
0.87436
0.99946
0.960234
0.89865
0.987171
0.996449
0.927053
0.716774
0.999862
0.999491
0.713941
0.972285
0.999332
0.996877
0.982058
0.977781
0.99951
0.834908
0.961667
0.920847
0.999702
0.854136
0.989624
0.999285
0.99916
0.98959
0.940593
0.992877
0.95691
0.999446
0.944369
0.998537
0.999076
0.999764
0.869375
0.98396
0.948449
0.941595
0.992499
0.974486
0.996738
0.925937
0.913925
0.999306
0.999951
0.987875
0.999743
0.988327
0.960064
0.998525
0.957529
0.872824
0.97546
0.99942
0.999551
0.996088
0.808584
0.979359
0.998657
0.988631
0.999656
0.968772
0.970648
0.999906
0.989393
0.947169
0.962117
0.945365
0.998614
0.907369
0.899315
0.979892
0.94928
0.969609
0.898687
0.984994
0.977973
0.99915
0.999496
0.908202
0.986251
0.976105
0.902914
0.915855
0.99964
0.831735
0.93718
0.99962
0.999855
0.8671
0.974986
0.995403
0.813919
0.96845
0.999643
0.999141
0.996372
0.986092
0.9465
0.924538
0.886141
0.991035
0.92934
0.996575
0.985613
0.766841
0.997686
0.969407
0.978241
0.803561
0.795138
0.906083
0.999064
0.999525
0.999551
0.97009
0.996561
0.771421
0.986462
0.999822
0.986636
0.993097
0.941972
0.830512
0.943253
0.99838
0.940207
0.852786
0.991554
0.97009
0.942434
0.997566
0.812806
0.862701
0.954897
0.888311
0.786453
0.945239
0.981393
0.999677
0.875447
0.983964
0.999606
0.999816
0.936686
0.999672
0.989182
0.999905
0.991213
0.990742
0.989793
0.986119
0.987282
0.926889
0.976133
0.999822
0.999333
0.999141
0.999636
0.966089
0.899039
0.994014
0.999613
0.936992
0.857308
0.860683
0.83493
0.983392
0.998773
0.978403
0.999374
0.999738
0.887436
0.999736
0.997774
0.998461
0.956306
0.702055
0.975641
0.920847
0.909502
0.999847
0.838388
0.969697
0.925171
0.840378
0.97742
0.999762
0.903165
0.999519
0.761248
0.967286
0.999601
0.972002
0.975594
0.768241
0.939471
0.999736
0.999735
0.703711
0.996374
0.970924
0.999485
0.999814
0.999216
0.999506
0.955933
0.931893
0.976053
0.73466
0.88081
0.996605
0.886715
0.999382
0.998933
0.9635
0.858325
0.980639
0.99795
0.998891
0.948235
0.947506
0.997898
0.967106
0.975642
0.999727
0.999727
0.993163
0.989014
0.999603
0.712116
0.947073
0.999872
0.999603
0.992036
0.997318
0.933433
0.913169
0.907964
0.954707
0.977191
0.940675
0.998741
0.747729
0.99322
0.999629
0.74267
0.999836
0.999941
0.812043
0.99968
0.999832
0.999688
0.967897
0.999339
0.919095
0.974986
0.997363
0.988156
0.961301
0.88524
0.956976
0.960259
0.995063
0.998914
0.970675
0.946624
0.995669
0.856218
0.974242
0.949908
0.899633
0.984934
0.93807
0.987363
0.970563
0.941765
0.917735
0.902003
0.980874
0.767014
0.940812
0.917608
0.999304
0.975989
0.999934
0.978722
0.969398
0.947901
0.999354
0.97281
0.997359
0.95048
0.982988
0.973726
0.999319
0.999817
0.957284
0.99484
0.966289
0.977108
0.992418
0.988068
0.958571
0.916066
0.99945
0.996528
0.968757
0.917816
0.95743
0.987282
0.992773
0.745715
0.999941
0.997919
0.998946
0.939566
0.933574
0.99987
0.911056
0.999346
0.998205
0.99951
0.999946
0.999351
0.931975
0.954018
0.942912
0.811919
0.999959
0.923024
0.999961
0.999957
0.939736
0.937154
0.974272
0.976053
0.977791
0.936222
0.799527
0.994824
0.962614
0.999076
0.96887
0.994894
0.991075
0.999517
0.997758
0.949284
0.999292
0.966473
0.998593
0.942781
0.999215
0.944132
0.981656
0.973524
0.956723
0.999498
0.989599
0.908126
0.999244
0.999417
0.998461
0.993947
0.925457
0.999237
0.94967
0.999238
0.999505
0.999354
0.999357
0.999342
0.99951
0.999629
0.984866
0.958466
0.961907
0.958498
0.940902
0.989371
0.960912
0.999645
0.99249
0.992994
0.999893
0.996097
0.995091
0.828437
0.946555
0.976939
0.899357
0.999467
0.998454
0.98919
0.940207
0.989069
0.999204
0.999426
0.871947
0.985577
0.893769
0.958501
0.998004
0.928105
0.984481
0.964431
0.972575
0.797622
0.994737
0.99984
0.999137
0.89557
0.999238
0.884948
0.812806
0.999306
0.925102
0.99983
0.985534
0.802571
0.935964
0.922219
0.999443
0.864913
0.964265
0.99991
0.955798
0.980744
0.977891
0.821748
0.865069
0.963276
0.909311
0.976906
0.970451
0.997466
0.991177
0.836934
0.967643
0.971036
0.999014
0.981589
0.838961
0.931286
0.99038
0.96455
0.95406
0.916834
0.950885
0.999702
0.990638
0.979196
0.835148
0.880514
0.948111
0.999621
0.996936
0.974015
0.962429
0.89557
0.986272
0.919834
0.987588
0.982741
0.996952
0.923302
0.999331
0.997587
0.922534
0.999096
0.830878
0.98814
0.934749
0.956991
0.970308
0.982238
0.887706
0.962159
0.991225
0.980426
0.969664
0.979813
0.999009
0.748218
0.982481
0.998079
0.95114
0.969274
0.831764
0.998657
0.995546
0.999468
0.90174
0.996616
0.998855
0.700504
0.996136
0.736141
0.99836
0.805097
0.999724
0.96758
0.95807
0.999654
0.948148
0.973779
0.997219
0.936689
0.858261
0.994699
0.994628
0.907955
0.971958
0.937962
0.973333
0.979048
0.793859
0.999476
0.981546
0.997561
0.976755
0.984237
0.885522
0.88502
0.866567
0.883723
0.996235
0.99959
0.994367
0.99836
0.737927
0.922285
0.893586
0.98423
0.745346
0.964921
0.999825
0.99935
0.999642
0.802251
0.994894
0.931553
0.999747
0.992668
0.828169
0.873586
0.944018
0.998052
0.955117
0.985666
0.997837
0.999915
0.876917
0.82019
0.926745
0.970351
0.973013
0.987588
0.956943
0.994511
0.970104
0.984828
0.968554
0.910328
0.996093
0.999452
0.999764
0.92722
0.905112
0.931336
0.993354
0.978171
0.998201
0.969546
0.914539
0.946184
0.979229
0.765321
0.983909
0.999608
0.982391
0.975943
0.949044
0.768639
0.969369
0.994297
0.999508
0.838242
0.985302
0.931277
0.984851
0.962718
0.963434
0.977555
0.999609
0.793859
0.994437
0.9986
0.977695
0.971477
0.999894
0.919278
0.851753
0.999557
0.985025
0.999164
0.989461
0.999284
0.90922
0.954161
0.992563
0.769259
0.989061
0.947116
0.929632
0.973488
0.998999
0.981263
0.922264
0.98413
0.954212
0.879778
0.989418
0.972753
0.935328
0.968009
0.878205
0.977918
0.977329
0.954101
0.935588
0.999811
0.761169
0.993832
0.831411
0.865938
0.969697
0.997288
0.94744
0.993137
0.999059
0.986447
0.996018
0.956982
0.937848
0.854342
0.957436
0.999048
0.983913
0.733313
0.998835
0.990997
0.995258
0.99249
0.793852
0.977103
0.969579
0.99938
0.971252
0.989815
0.995912
0.99856
0.999573
0.999599
0.778883
0.999097
0.75043
0.998035
0.979254
0.990493
0.997158
0.944453
0.993143
0.990789
0.943354
0.999603
0.999925
0.972796
0.922761
0.996725
0.932114
0.99783
0.947581
0.999897
0.717295
0.950341
0.984996
0.693177
0.999159
0.724196
0.995938
0.991382
0.990855
0.809165
0.985909
0.999377
0.95458
0.926564
0.991146
0.940974
0.999313
0.769796
0.964037
0.949709
0.997635
0.897671
0.872617
0.883717
0.950837
0.979452
0.946505
0.863939
0.765924
0.960902
0.908851
0.988867
0.954866
0.979238
0.961289
0.99787
0.98025
0.946804
0.901009
0.834503
0.939566
0.987122
0.937063
0.997407
0.983058
0.925472
0.922281
0.997602
0.831317
0.997991
0.996097
0.866981
0.998704
0.995165
0.88513
0.999753
0.987208
0.978548
0.999346
0.938359
0.747825
0.970328
0.999658
0.987338
0.811018
0.993851
0.716144
0.946104
0.83603
0.966495
0.942076
0.987382
0.727059
0.96455
0.948689
0.796508
0.999717
0.928331
0.987769
0.99908
0.974777
0.795817
0.970887
0.810611
0.931708
0.722383
0.991461
0.969075
0.956543
0.999234
0.90506
0.945687
0.997457
0.987348
0.94873
0.945352
0.999186
0.999477
0.977829
0.982029
0.99372
0.96958
0.938469
0.995423
0.97563
0.982775
0.988532
0.978378
0.880227
0.991827
0.991152
0.765151
0.990972
0.774645
0.982259
0.9481
0.913551
0.902927
0.97827
0.983565
0.999748
0.989024
0.924646
0.888013
0.959787
0.931708
0.983466
0.979455
0.924084
0.984526
0.999902
0.940437
0.958571
0.959474
0.970883
0.999073
0.999281
0.991872
0.999402
0.999592
0.954454
0.989064
0.973882
0.699636
0.968214
0.978526
0.999734
0.797276
0.769421
0.993609
0.736018
0.928653
0.999579
0.92038
0.999485
0.998677
0.997493
0.965781
0.944543
0.998129
0.953132
0.965894
0.999059
0.969373
0.959707
0.99972
0.999338
0.931119
0.988272
0.977842
0.939918
0.948419
0.866895
0.894694
0.922143
0.998513
0.85737
0.997607
0.99941
0.81818
0.994257
0.916561
0.884517
0.931968
0.997795
0.985109
0.939332
0.808874
0.999584
0.9288
0.938007
0.993808
0.974418
0.999519
0.999284
0.999908
0.996651
0.999055
0.943807
0.995699
0.760418
0.996508
0.968754
0.999337
0.945421
0.970875
0.999009
0.995756
0.973211
0.997415
0.998771
0.834516
0.935564
0.726652
0.936727
0.961599
0.902421
0.883814
0.98668
0.999809
0.947089
0.97781
0.974782
0.985134
0.990309
0.986881
0.98587
0.883393
0.996074
0.995235
0.999404
0.972551
0.944453
0.94967
0.999578
0.948232
0.934524
0.946996
0.933438
0.995777
0.999903
0.998549
0.999718
0.967686
0.942781
0.998765
0.936086
0.999838
0.999359
0.985397
0.915262
0.999583
0.629598
0.989835
0.989862
0.981494
0.988705
0.896199
0.902865
0.970914
0.999499
0.875144
0.827024
0.937656
0.996405
0.987312
0.982303
0.942667
0.884424
0.999375
0.999442
0.99427
0.999783
0.981335
0.988086
0.989913
0.954902
0.890022
0.982066
0.914121
0.999868
0.994829
0.990094
0.999692
0.999363
0.967043
0.999364
0.980325
0.959141
0.968803
0.956972
0.753245
0.870831
0.924528
0.999725
0.998149
0.973827
0.954264
0.96873
0.97679
0.64509
0.933748
0.999498
0.98005
0.956253
0.94857
0.998904
0.999371
0.933177
0.848584
0.986274
0.963458
0.999274
0.999538
0.978564
0.946996
0.943748
0.999866
0.998777
0.994566
0.976614
0.995064
0.915225
0.81099
0.920344
0.999365
0.997747
0.931102
0.99724
0.966573
0.795713
0.974683
0.999809
0.999538
0.996576
0.884723
0.93063
0.999371
0.954694
0.941555
0.896715
0.968815
0.77386
0.999868
0.88558
0.946944
0.662915
0.852995
0.999333
0.963743
0.996837
0.938941
0.998629
0.935583
0.962862
0.929283
0.927666
0.804126
0.999746
0.999613
0.646342
0.977252
0.935328
0.998547
0.992347
0.9954
0.684213
0.824994
0.99761
0.999365
0.977891
0.83582
0.957758
0.853532
0.995013
0.999778
0.992819
0.999863
0.946103
0.941337
0.843621
0.801731
0.862723
0.984112
0.999338
0.907878
0.948449
0.978731
0.944626
0.998794
0.731057
0.999362
0.964878
0.998402
0.985001
0.89096
0.955379
0.99394
0.999054
0.99953
0.987102
0.927361
0.968539
0.98159
0.945266
0.876398
0.892498
0.99951
0.994625
0.948145
0.999234
0.760493
0.972842
0.973744
0.918216
0.913471
0.9658
0.890398
0.985448
0.927941
0.965722
0.879902
0.960632
0.983101
0.960644
0.997654
0.990986
0.998695
0.993523
0.931802
0.806947
0.997037
0.98948
0.953795
0.851194
0.843279
0.999676
0.999229
0.998689
0.787592
0.994416
0.999375
0.958174
0.994662
0.816922
0.955338
0.873586
0.999477
0.939301
0.995742
0.941794
0.852961
0.847879
0.909142
0.943118
0.93646
0.95547
0.961817
0.921242
0.954101
0.965843
0.954704
0.95265
0.736343
0.993866
0.699615
0.962872
0.998513
0.999406
0.906284
0.961354
0.999518
0.824153
0.958707
0.811563
0.932668
0.98692
0.982994
0.956469
0.96727
0.956424
0.992972
0.995932
0.998739
0.8159
0.925756
0.957588
0.993729
0.948159
0.839382
0.917473
0.992725
0.999313
0.965722
0.95287
0.91797
0.991147
0.800516
0.958522
0.996945
0.971478
0.953786
0.974378
0.969302
0.996761
0.909321
0.915764
0.999274
0.755859
0.999692
0.985312
0.97727
0.898186
0.993089
0.998233
0.95211
0.581195
0.953
0.946981
0.674322
0.999532
0.998628
0.970104
0.967655
0.97148
0.999674
0.998217
0.995947
0.925448
0.981374
0.919333
0.874422
0.942481
0.894371
0.999759
0.941065
0.983129
0.937023
0.61636
0.99933
0.992222
0.966603
0.938007
0.946789
0.973779
0.999279
0.999206
0.910714
0.691788
0.983565
0.941555
0.999926
0.996665
0.965843
0.999083
0.941906
0.984575
0.879959
0.968815
0.986092
0.967384
0.994814
0.981777
0.890136
0.914285
0.999155
0.928664
0.98059
0.733879
0.984818
0.938803
0.936756
0.99888
0.947586
0.961314
0.89496
0.998624
0.906674
0.999037
0.838939
0.998009
0.977778
0.999549
0.847459
0.999751
0.991369
0.95962
0.99964
0.959677
0.961227
0.992299
0.916564
0.9368
0.993989
0.997318
0.990301
0.967095
0.81818
0.852817
0.994781
0.967391
0.968263
0.881529
0.962143
0.963532
0.987681
0.988677
0.909986
0.99926
0.947197
0.999907
0.992884
0.987104
0.718492
0.959258
0.944429
0.924343
0.996998
0.972127
0.966813
0.790056
0.999554
0.969662
0.824994
0.934388
0.974448
0.967465
0.608703
0.984472
0.826606
0.995024
0.966531
0.935292
0.998732
0.936785
0.997552
0.939332
0.940613
0.967633
0.940997
0.688297
0.904826
0.996936
0.954703
0.841333
0.940719
0.999498
0.970075
0.999613
0.900951
0.977015
0.963972
0.922339
0.821854
0.984799
0.896058
0.782184
0.999744
0.865358
0.917273
0.988523
0.99777
0.941765
0.990652
0.833196
0.972551
0.967735
0.955423
0.972575
0.959747
0.927766
0.863263
0.999873
0.998717
0.807528
0.994322
0.918347
0.932594
0.999542
0.996884
0.945852
0.994985
0.810058
0.983471
0.966074
0.999431
0.977015
0.940613
0.995237
0.982069
0.893556
0.913557
0.938694
0.995336
0.940772
0.619169
0.923758
0.99913
0.897042
0.968643
0.946836
0.999347
0.662705
0.931648
0.99941
0.940319
0.999736
0.995641
0.908668
0.728422
0.857589
0.997485
0.988987
0.964888
0.97385
0.961044
0.999321
0.997401
0.984982
0.999782
0.762671
0.881133
0.838082
0.935509
0.722281
0.991724
0.999823
0.968343
0.999338
0.995527
0.925213
0.958163
0.746958
0.90011
0.999539
0.902121
0.934767
0.840771
0.981878
0.942123
0.999564
0.968803
0.906382
0.927272
0.957426
0.997166
0.94742
0.799466
0.999727
0.690356
0.954545
0.975474
0.842109
0.994685
0.998231
0.828693
0.994346
0.972974
0.990936
0.988594
0.991138
0.894414
0.996528
0.998933
0.963792
0.751826
0.970071
0.96389
0.992754
0.999887
0.734637
0.999332
0.931623
0.69194
0.926169
0.89554
0.953656
0.881946
0.966228
0.996834
0.700873
0.936756
0.879422
0.815655
0.909471
0.968139
0.999596
0.991108
0.999675
0.998274
0.981378
0.996881
0.945982
0.981654
0.957588
0.999061
0.957769
0.969463
0.98895
0.962709
0.957423
0.922068
0.727837
0.973017
0.969784
0.997389
0.796994
0.99207
0.995923
0.93118
0.946815
0.935133
0.923752
0.991694
0.999721
0.988856
0.960839
0.923244
0.894046
0.973189
0.998993
0.722566
0.983946
0.949791
0.986675
0.950369
0.977918
0.898186
0.996169
0.999159
0.797964
0.999867
0.939664
0.999333
0.993704
0.99938
0.934092
0.980189
0.951436
0.974345
0.911096
0.961944
0.94198
0.887602
0.929318
0.982387
0.999335
0.954412
0.999713
0.993985
0.993997
0.970246
0.986685
0.979662
0.995955
0.999814
0.971637
0.938694
0.987855
0.998993
0.999244
0.972702
0.999319
0.913269
0.929193
0.911382
0.994257
0.95743
0.921022
0.971183
0.992614
0.952049
0.89216
0.973537
0.999705
0.948987
0.99714
0.965594
0.960354
0.985096
0.990175
0.980499
0.997213
0.974962
0.877043
0.855775
0.996162
0.957098
0.889557
0.999882
0.917474
0.935931
0.985094
0.999615
0.922429
0.936092
0.953209
0.997478
0.977662
0.94884
0.998093
0.944191
0.990725
0.789715
0.992578
0.913518
0.930975
0.833819
0.768288
0.96888
0.940335
0.79475
0.998967
0.990488
0.999248
0.881928
0.990834
0.9481
0.999699
0.971556
0.750718
0.94453
0.979641
0.998493
0.902003
0.833054
0.998712
0.91736
0.976577
0.996987
0.907749
0.993659
0.99986
0.954558
0.949339
0.948496
0.971536
0.853969
0.984904
0.992218
0.778469
0.974061
0.963463
0.992126
0.99897
0.980361
0.968958
0.963176
0.981898
0.98445
0.868552
0.957923
0.996763
0.951289
0.989701
0.999639
0.999689
0.914591
0.98164
0.992036
0.948446
0.994449
0.963683
0.909624
0.863841
0.9658
0.990271
0.980707
0.958953
0.881518
0.99983
0.994815
0.984341
0.838067
0.982963
0.988353
0.876959
0.967446
0.923111
0.932617
0.792746
0.910743
0.990488
0.999323
0.964819
0.949837
0.98117
0.99575
0.982112
0.944626
0.926584
0.94514
0.964407
0.999555
0.97227
0.742734
0.998537
0.85675
0.99085
0.999757
0.980604
0.982281
0.999537
0.967862
0.980452
0.844077
0.939634
0.999568
0.957314
0.839046
0.863853
0.938341
0.93564
0.828849
0.916589
0.941123
0.961796
0.993428
0.99942
0.972034
0.960725
0.972506
0.999098
0.905675
0.989462
0.954486
0.988534
0.993936
0.983524
0.967573
0.891374
0.9346
0.901651
0.825201
0.915679
0.896436
0.999387
0.865876
0.983297
0.88134
0.6781
0.816005
0.967388
0.898916
0.998492
0.983478
0.996661
0.891091
0.852928
0.961823
0.999515
0.983398
0.89093
0.949305
0.925567
0.994074
0.904248
0.9575
0.975164
0.999375
0.875094
0.994397
0.995024
0.964431
0.945618
0.993513
0.999559
0.897289
0.954118
0.935931
0.946787
0.99823
0.965573
0.985661
0.962709
0.960182
0.907878
0.98881
0.747543
0.999816
0.995024
0.803376
0.953876
0.990255
0.951383
0.997837
0.927612
0.913924
0.963636
0.993584
0.629529
0.978268
0.937848
0.941904
0.924305
0.995923
0.998925
0.827982
0.999118
0.88016
0.993445
0.885591
0.894483
0.955199
0.995084
0.956153
0.950206
0.955459
0.998897
0.99951
0.874188
0.987227
0.981678
0.936007
0.798643
0.996809
0.999738
0.995476
0.895257
0.939085
0.958934
0.979928
0.998073
0.998347
0.964292
0.997562
0.931102
0.923751
0.920438
0.700458
0.970179
0.977618
0.940834
0.997601
0.972398
0.941549
0.994397
0.991667
0.94537
0.999736
0.9972
0.948505
0.999574
0.97898
0.966089
0.80925
0.972798
0.990556
0.98117
0.999814
0.933842
0.982805
0.998086
0.99278
0.854063
0.92941
0.932131
0.969747
0.915136
0.872774
0.997594
0.87261
0.915193
0.999727
0.996968
0.979662
0.873051
0.943512
0.956075
0.977907
0.766989
0.888043
0.941339
0.918743
0.931576
0.925022
0.884517
0.999179
0.971705
0.932125
0.88896
0.987189
0.89184
0.94236
0.925957
0.943574
0.982349
0.999912
0.983432
0.929214
0.968917
0.970089
0.697192
0.777137
0.826687
0.999058
0.977456
0.998113
0.972678
0.99869
0.92475
0.998852
0.984964
0.938434
0.866936
0.899315
0.99937
0.970767
0.872118
0.940164
0.931968
0.980123
0.986669
0.959289
0.973116
0.979892
0.98675
0.998541
0.950324
0.999156
0.972974
0.984302
0.90576
0.973882
0.989132
0.998816
0.947197
0.927894
0.852985
0.998528
0.983455
0.939558
0.836728
0.787203
0.998822
0.923347
0.919813
0.957758
0.99361
0.984982
0.997702
0.944705
0.972234
0.935753
0.924287
0.96042
0.947868
0.921211
0.998609
0.939889
0.998884
0.923503
0.998817
0.993208
0.833527
0.790056
0.997545
0.943045
0.998502
0.888859
0.935391
0.997405
0.987458
0.998816
0.962016
0.998324
0.98881
0.888879
0.998794
0.889016
0.954453
0.773175
0.998808
0.990094
0.998779
0.933208
0.998113
0.895543
0.998656
0.864614
0.997548
0.829342
0.836053
0.981828
0.827754
0.998763
0.977414
0.901009
0.962717
0.925113
0.886375
0.900058
0.995425
0.639304
0.998217
0.99712
0.94873
0.906808
0.998777
0.995757
0.909035
0.98423
0.939584
0.997561
0.93787
0.982289
0.998915
0.984629
0.81015
0.99919
0.951827
0.998455
0.996683
0.979061
0.963438
0.969089
0.965217
0.993869
0.986947
0.977483
0.999438
0.967091
0.944794
0.997758
0.999023
0.767889
0.969812
0.999491
0.999529
0.993177
0.847628
0.980793
0.999863
0.999666
0.998963
0.963191
0.948903
0.997314
0.998873
0.832142
0.980006
0.836055
0.957359
0.980597
0.688297
0.820817
0.96437
0.999554
0.9782
0.999204
0.959098
0.980379
0.999034
0.992819
0.757442
0.999394
0.999064
0.997549
0.951015
0.998775
0.988325
0.994092
0.744619
0.998858
0.929103
0.782923
0.869963
0.968151
0.79936
0.968391
0.998788
0.981265
0.955484
0.984601
0.96799
0.997545
0.923202
0.953987
0.98333
0.99111
0.865069
0.998854
0.981334
0.902065
0.963769
0.995176
0.98587
0.966079
0.87783
0.998779
0.996835
0.958632
0.9987
0.785753
0.860607
0.998783
0.742111
0.975803
0.88682
0.781591
0.998735
0.968878
0.988013
0.998773
0.994147
0.968198
0.955073
0.998711
0.887142
0.999274
0.987619
0.987744
0.998778
0.988459
0.9946
0.956319
0.974375
0.998724
0.963902
0.979746
0.998767
0.73608
0.928091
0.859041
0.91404
0.978718
0.974772
0.998726
0.999242
0.742592
0.999361
0.963683
0.893539
0.998772
0.990048
0.92577
0.981359
0.962506
0.976996
0.981187
0.998713
0.970497
0.978895
0.983398
0.767622
0.978351
0.83526
0.714551
0.990473
0.998761
0.998463
0.961633
0.940479
0.998742
0.919045
0.987806
0.964704
0.911786
0.996926
0.956743
0.987681
0.873979
0.96633
0.998768
0.945227
0.921985
0.876056
0.970936
0.998703
0.988328
0.998755
0.999114
0.996687
0.930674
0.951745
0.958253
0.940086
0.762556
0.998527
0.982898
0.985381
0.897512
0.998764
0.999391
0.943567
0.955499
0.980992
0.998693
0.925281
0.953884
0.8565
0.922208
0.983972
0.940571
0.761285
0.989124
0.93006
0.99875
0.95986
0.998927
0.988912
0.933208
0.969118
0.985439
0.998516
0.999535
0.998759
0.993613
0.948881
0.958013
0.855038
0.946501
0.990032
0.569245
0.998683
0.973138
0.967374
0.843621
0.969256
0.998745
0.784773
0.966272
0.998627
0.997287
0.986574
0.930611
0.998505
0.658162
0.964615
0.998755
0.844077
0.902653
0.931504
0.998673
0.999075
0.977005
0.9991
0.8404
0.998739
0.919384
0.970918
0.913994
0.940719
0.998494
0.821647
0.964002
0.911522
0.992981
0.998751
0.98683
0.847628
0.930254
0.719983
0.983438
0.998663
0.908294
0.977853
0.982835
0.998733
0.902002
0.993453
0.998484
0.945546
0.786136
0.934489
0.998699
0.774537
0.992977
0.945411
0.967691
0.79713
0.966511
0.998608
0.995095
0.998843
0.988955
0.967819
0.948499
0.89096
0.972732
0.999013
0.981334
0.935905
0.983568
0.932743
0.922632
0.944183
0.983943
0.97503
0.98683
0.922534
0.999368
0.825474
0.992738
0.984732
0.999055
0.995546
0.890989
0.998846
0.999477
0.948781
0.961313
0.993652
0.999817
0.936955
0.962363
0.806608
0.972091
0.700271
0.989692
0.928676
0.999164
0.900836
0.996961
0.968457
0.99835
0.998996
0.955341
0.992135
0.7637
0.858294
0.922339
0.998809
0.970654
0.616319
0.996199
0.999055
0.931966
0.998703
0.707615
0.967627
0.999393
0.975469
0.946014
0.999473
0.934524
0.950778
0.998925
0.96865
0.982612
0.970942
0.998683
0.999422
0.955774
0.913365
0.896273
0.915804
0.706309
0.998661
0.954895
0.909648
0.985999
0.999023
0.966429
0.966564
0.999055
0.961277
0.787754
0.998811
0.995345
0.997969
0.998841
0.98762
0.995151
0.999027
0.997329
0.999052
0.965012
0.962525
0.986104
0.932436
0.917328
0.882226
0.999225
0.891048
0.998913
0.999213
0.999339
0.846298
0.999343
0.910163
0.983049
0.966117
0.999475
0.999799
0.89243
0.998984
0.999159
0.958871
0.996357
0.937208
0.982016
0.998982
0.998647
0.939673
0.998771
0.977508
0.971062
0.957787
0.943795
0.998682
0.995117
0.964553
0.999715
0.978487
0.998667
0.940934
0.993786
0.941589
0.872911
0.999613
0.998963
0.996865
0.86205
0.999282
0.999055
0.999539
0.961001
0.804065
0.983817
0.978901
0.982238
0.947601
0.677326
0.988566
0.998501
0.998756
0.987584
0.998991
0.998991
0.932114
0.844777
0.953416
0.964292
0.976863
0.930611
0.978693
0.992185
0.971104
0.999217
0.9912
0.992226
0.955138
0.97694
0.999451
0.958497
0.746067
0.999252
0.969441
0.898992
0.998173
0.906789
0.911605
0.947952
0.969879
0.999259
0.957695
0.785756
0.892017
0.890017
0.920907
0.98554
0.999403
0.99879
0.952417
0.812885
0.990244
0.981878
0.831871
0.976021
0.999064
0.879696
0.978644
0.830957
0.99863
0.728493
0.971042
0.998407
0.998981
0.992502
0.956487
0.994632
0.946179
0.998545
0.981069
0.999269
0.999007
0.998644
0.999162
0.976999
0.95848
0.981022
0.998056
0.98588
0.940598
0.999224
0.987185
0.966603
0.80227
0.986597
0.977099
0.999609
0.821577
0.99764
0.968912
0.998417
0.943645
0.892973
0.966193
0.999213
0.977829
0.799804
0.999423
0.992815
0.93373
0.999746
0.981417
0.879055
0.999393
0.995771
0.992753
0.994166
0.745999
0.969784
0.853321
0.999011
0.970251
0.998826
0.963179
0.996106
0.99855
0.981015
0.968378
0.998655
0.886544
0.998314
0.989781
0.973641
0.998639
0.938638
0.975876
0.938875
0.99844
0.921626
0.992491
0.895916
0.998603
0.94453
0.785172
0.992647
0.998305
0.94655
0.908645
0.943959
0.998638
0.944671
0.995325
0.998709
0.954545
0.925239
0.756709
0.966465
0.998692
0.99644
0.935348
0.999218
0.993956
0.95772
0.979816
0.962676
0.992096
0.972707
0.84789
0.999265
0.710298
0.999469
0.907178
0.942761
0.99974
0.933899
0.960378
0.947193
0.923244
0.887025
0.944668
0.810268
0.999242
0.92413
0.976139
0.999442
0.984078
0.926044
0.999211
0.949933
0.996022
0.903707
0.998733
0.947493
0.797044
0.974424
0.998731
0.95395
0.998728
0.996809
0.941976
0.998265
0.921211
0.968305
0.99525
0.916647
0.988856
0.968946
0.67757
0.998625
0.779499
0.996162
0.910942
0.992657
0.953795
0.913238
0.987613
0.939553
0.998537
0.998399
0.998585
0.995232
0.98941
0.998262
0.932985
0.928664
0.97852
0.998624
0.998395
0.693339
0.996724
0.998674
0.968011
0.916402
0.947507
0.999119
0.967827
0.935341
0.966652
0.972367
0.967374
0.999239
0.927666
0.949407
0.996365
0.992525
0.997222
0.999468
0.989956
0.958243
0.944078
0.986871
0.904878
0.999721
0.968341
0.924976
0.999578
0.993351
0.965449
0.764342
0.999229
0.933748
0.999215
0.684464
0.935153
0.998713
0.955353
0.847078
0.998907
0.955973
0.846798
0.971406
0.972061
0.999223
0.926377
0.988747
0.979709
0.939296
0.956917
0.959258
0.999072
0.935152
0.998951
0.908257
0.9288
0.927422
0.999301
0.875627
0.559912
0.999686
0.963128
0.748966
0.976196
0.999219
0.951102
0.951466
0.998541
0.998217
0.981524
0.914736
0.954579
0.999214
0.937651
0.998694
0.697523
0.862062
0.995259
0.964792
0.935122
0.998899
0.999234
0.969699
0.998625
0.997216
0.951378
0.965869
0.892561
0.883919
0.999057
0.9993
0.902778
0.970188
0.627209
0.990481
0.964892
0.795711
0.999675
0.975859
0.925957
0.967234
0.930302
0.897116
0.912035
0.900963
0.999206
0.99921
0.833408
0.997878
0.998884
0.995949
0.997695
0.996241
0.727997
0.999759
0.999047
0.889201
0.999298
0.976261
0.902923
0.945424
0.987521
0.937265
0.948639
0.99967
0.734872
0.999352
0.934037
0.995354
0.74796
0.924287
0.999183
0.754493
0.855775
0.999185
0.945647
0.953783
0.794001
0.905185
0.972104
0.998647
0.999278
0.985158
0.844839
0.984323
0.921335
0.999123
0.985789
0.953856
0.999782
0.929247
0.967031
0.994821
0.917146
0.968962
0.988339
0.999029
0.879785
0.987436
0.999117
0.999296
0.998927
0.966264
0.933599
0.94884
0.999655
0.978308
0.888351
0.999165
0.969039
0.976852
0.952433
0.768239
0.968484
0.999189
0.998089
0.948339
0.993807
0.998619
0.955277
0.928464
0.998674
0.964967
0.980781
0.998129
0.921393
0.999173
0.834544
0.979315
0.998582
0.992508
0.998267
0.944841
0.998772
0.811113
0.923184
0.995039
0.885172
0.998528
0.996784
0.958018
0.979012
0.999198
0.998125
0.820425
0.797586
0.986192
0.784482
0.920431
0.998579
0.990946
0.919631
0.998266
0.948491
0.993482
0.927666
0.976805
0.998524
0.795995
0.808859
0.97585
0.998167
0.974551
0.928676
0.962087
0.888786
0.962139
0.998577
0.975537
0.998558
0.959481
0.843279
0.939527
0.998696
0.971238
0.97386
0.999488
0.982822
0.986135
0.91332
0.99905
0.980948
0.995519
0.961731
0.992991
0.999253
0.954099
0.794801
0.996636
0.915123
0.996961
0.981316
0.993247
0.999869
0.83803
0.941794
0.963889
0.959707
0.996869
0.925795
0.941966
0.872617
0.948509
0.981224
0.999709
0.963635
0.801541
0.982144
0.964554
0.991153
0.901074
0.961596
0.742734
0.955711
0.878095
0.997302
0.714654
0.998391
0.995084
0.822774
0.960012
0.934294
0.969041
0.998082
0.944048
0.747378
0.938885
0.953285
0.996402
0.995808
0.995924
0.984149
0.963721
0.998586
0.96494
0.962352
0.974536
0.895618
0.982231
0.956877
0.996078
0.972286
0.982568
0.776025
0.941579
0.984552
0.960108
0.996999
0.946789
0.944215
0.99835
0.947407
0.986995
0.998678
0.779264
0.86626
0.99957
0.970743
0.95841
0.996868
0.962866
0.70759
0.997971
0.9973
0.921985
0.933937
0.882511
0.958599
0.936318
0.952223
0.900445
0.931342
0.930372
0.999725
0.767832
0.934169
0.980937
0.803224
0.96754
0.979305
0.999236
0.953537
0.946014
0.772475
0.979987
0.92839
0.939252
0.793296
0.966499
0.900339
0.97288
0.998647
0.918225
0.969713
0.97125
0.955021
0.989191
0.938771
0.990854
0.98994
0.998073
0.970089
0.976336
0.915839
0.989681
0.968137
0.993652
0.906467
0.923253
0.982298
0.950567
0.9267
0.994245
0.990818
0.976658
0.972451
0.994695
0.951195
0.990286
0.968687
0.894286
0.992422
0.797329
0.933101
0.982647
0.767889
0.809649
0.974707
0.970999
0.940934
0.775343
0.96836
0.996495
0.780883
0.938374
0.917636
0.921555
0.971495
0.884489
0.993305
0.93564
0.99496
0.827738
0.950366
0.99852
0.993193
0.992118
0.998827
0.939647
0.97734
0.877633
0.94538
0.936466
0.955816
0.992048
0.885889
0.995901
0.936389
0.930864
0.959445
0.879341
0.821725
0.940314
0.894885
0.979963
0.962073
0.922144
0.958275
0.769953
0.989935
0.876959
0.973026
0.981467
0.966153
0.992873
0.989136
0.965873
0.789246
0.964002
0.817044
0.993322
0.998148
0.808591
0.802183
0.856833
0.997653
0.844426
0.965863
0.871189
0.928944
0.998187
0.801158
0.949518
0.963599
0.962786
0.98821
0.990586
0.932536
0.641899
0.978212
0.978499
0.827818
0.978074
0.964553
0.99696
0.846349
0.945501
0.895253
0.994804
0.864167
0.813361
0.929865
0.985223
0.989822
0.999269
0.976618
0.997702
0.912242
0.775003
0.897904
0.78193
0.998455
0.976187
0.925726
0.955563
0.894414
0.983084
0.891072
0.995088
0.865827
0.806421
0.983525
0.987808
0.836042
0.911735
0.975124
0.794132
0.988182
0.999453
0.987843
0.781591
0.77555
0.756609
0.976237
0.971378
0.931974
0.825103
0.782756
0.975471
0.917657
0.963804
0.816083
0.944671
0.980692
0.988723
0.801792
0.997788
0.980232
0.677162
0.966138
0.965903
0.791836
0.77837
0.999106
0.919011
0.959616
0.944542
0.927637
0.836055
0.829364
0.991211
0.754366
0.992443
0.936252
0.995331
0.904845
0.886397
0.956509
0.959852
0.968861
0.929112
0.928415
0.967486
0.977271
0.915498
0.873267
0.942664
0.949564
0.797568
0.751657
0.845251
0.888601
0.970138
0.95431
0.899015
0.990345
0.942406
0.802976
0.966091
0.990756
0.959747
0.937829
0.992551
0.994107
0.97577
0.973835
0.995449
0.99834
0.929274
0.876205
0.960169
0.999346
0.957945
0.98333
0.950266
0.97209
0.99878
0.91532
0.96594
0.952914
0.97757
0.893354
0.978274
0.942434
0.969702
0.992422
0.97565
0.997703
0.982105
0.806361
0.957676
0.948548
0.74012
0.793229
0.944094
0.734552
0.94635
0.979466
0.834294
0.842048
0.927612
0.999825
0.954505
0.950844
0.948888
0.928057
0.948648
0.987257
0.955225
0.947908
0.887361
0.965975
0.980692
0.938434
0.895316
0.944979
0.959999
0.988833
0.897693
0.986065
0.969348
0.963863
0.975971
0.917806
0.809235
0.91167
0.95691
0.655683
0.939643
0.982581
0.774818
0.996834
0.978097
0.991968
0.76818
0.999458
0.984904
0.990493
0.990979
0.993582
0.861702
0.979205
0.999699
0.985803
0.927395
0.950649
0.986977
0.982046
0.949407
0.965687
0.825825
0.897442
0.944841
0.926954
0.936817
0.996088
0.997653
0.998438
0.92966
0.808396
0.952345
0.705312
0.996441
0.637997
0.646043
0.973071
0.815896
0.989493
0.980214
0.997287
0.954715
0.972442
0.939327
0.999578
0.79163
0.97745
0.706622
0.95537
0.941228
0.976629
0.806608
0.794094
0.911955
0.974276
0.955098
0.994212
0.556642
0.954222
0.938215
0.980319
0.946503
0.992841
0.992569
0.96312
0.997453
0.917146
0.804408
0.999777
0.960667
0.97933
0.998248
0.967246
0.974909
0.989264
0.98761
0.98401
0.97449
0.971841
0.969979
0.924815
0.81415
0.846238
0.944902
0.986193
0.973743
0.909843
0.992185
0.950381
0.84754
0.634993
0.997664
0.937778
0.955875
0.958442
0.92412
0.945411
0.965611
0.880675
0.886949
0.996934
0.641966
0.980483
0.985164
0.950001
0.953108
0.828523
0.945865
0.995075
0.958282
0.953757
0.935433
0.997132
0.942726
0.993281
0.956895
0.973249
0.987614
0.914584
0.979387
0.830957
0.967612
0.994414
0.99795
0.994528
0.997842
0.996803
0.982386
0.998065
0.910961
0.999658
0.915123
0.914463
0.952885
0.960746
0.958124
0.817877
0.949196
0.952355
0.998161
0.905819
0.983433
0.717397
0.960037
0.947299
0.998769
0.986663
0.941966
0.933748
0.955711
0.848112
0.988872
0.97563
0.962318
0.876205
0.972813
0.951855
0.882226
0.990094
0.763915
0.991781
0.94635
0.812256
0.927058
0.825307
0.972506
0.987511
0.97198
0.986417
0.899105
0.958828
0.681761
0.894059
0.999242
0.938374
0.989515
0.959476
0.96894
0.959107
0.951473
0.999017
0.90993
0.955438
0.958813
0.920572
0.998327
0.999081
0.941897
0.985633
0.951907
0.912251
0.909285
0.980017
0.999282
0.950372
0.929278
0.937093
0.825103
0.943985
0.99103
0.963096
0.959795
0.947993
0.986452
0.907438
0.943695
0.925585
0.99732
0.968492
0.975157
0.976789
0.964215
0.789652
0.929537
0.774258
0.943512
0.89822
0.963297
0.98799
0.99718
0.824699
0.762544
0.964554
0.972454
0.922275
0.934616
0.967496
0.915151
0.999024
0.949338
0.985305
0.969201
0.99508
0.908706
0.908872
0.947407
0.960159
0.964945
0.945407
0.900035
0.970428
0.993495
0.999869
0.970027
0.953846
0.839092
0.942698
0.983139
0.763138
0.763463
0.993275
0.795485
0.929915
0.964509
0.922676
0.9947
0.967866
0.996207
0.980846
0.876359
0.954222
0.99889
0.899493
0.826687
0.973278
0.906707
0.98167
0.954337
0.963695
0.943221
0.968832
0.803613
0.997545
0.993396
0.973886
0.920083
0.956895
0.878264
0.733447
0.97188
0.911091
0.998592
0.927017
0.992819
0.976782
0.731528
0.957264
0.758172
0.938215
0.787842
0.867681
0.92303
0.924501
0.960872
0.993769
0.961554
0.873381
0.980219
0.987996
0.831522
0.996624
0.91974
0.84153
0.985046
0.974683
0.954505
0.90701
0.967589
0.853321
0.990405
0.978097
0.788994
0.931504
0.912361
0.979469
0.993119
0.752308
0.940785
0.984068
0.99416
0.935271
0.757253
0.904465
0.950974
0.983626
0.964234
0.97102
0.928415
0.91126
0.796811
0.894338
0.919233
0.995365
0.992176
0.976881
0.919232
0.950279
0.982439
0.970075
0.95372
0.908443
0.962718
0.973685
0.950366
0.981254
0.993426
0.987525
0.865173
0.9927
0.997505
0.93122
0.935159
0.997769
0.999638
0.958387
0.949452
0.807156
0.973342
0.975373
0.974458
0.865851
0.967749
0.959129
0.793212
0.954552
0.677935
0.998274
0.966224
0.983438
0.962756
0.987915
0.972567
0.712717
0.964365
0.995493
0.992472
0.971212
0.92577
0.953299
0.915982
0.987741
0.943589
0.822952
0.997708
0.89287
0.779609
0.795703
0.996878
0.972451
0.828745
0.782609
0.998172
0.945933
0.943959
0.962525
0.996043
0.95371
0.887
0.965157
0.989374
0.738744
0.896436
0.954685
0.854331
0.985096
0.914097
0.804105
0.952363
0.991914
0.962865
0.955342
0.988117
0.798528
0.971934
0.941962
0.967971
0.995354
0.920656
0.971181
0.983298
0.956449
0.916017
0.946884
0.923843
0.956699
0.630267
0.975928
0.970947
0.797453
0.981798
0.958498
0.959172
0.796575
0.990028
0.973765
0.844262
0.968588
0.875096
0.999133
0.796891
0.955225
0.998372
0.95352
0.742532
0.771129
0.955461
0.996617
0.975568
0.997936
0.990977
0.993452
0.947958
0.82177
0.9447
0.999362
0.890019
0.900647
0.999191
0.957684
0.926298
0.968431
0.748966
0.944989
0.992694
0.949254
0.967521
0.93246
0.994884
0.854433
0.955465
0.977828
0.992052
0.991416
0.959003
0.98681
0.956432
0.949751
0.842357
0.937378
0.943683
0.963833
0.94793
0.900193
0.939406
0.890107
0.914876
0.912343
0.837396
0.951132
0.99666
0.996148
0.900611
0.807652
0.781769
0.969872
0.859186
0.965154
0.970801
0.926157
0.991352
0.931553
0.856923
0.97887
0.944366
0.976238
0.996835
0.979364
0.977794
0.935072
0.9948
0.93658
0.810543
0.842734
0.997525
0.94697
0.827393
0.909285
0.879778
0.973653
0.953416
0.996225
0.990332
0.93466
0.927756
0.959422
0.990579
0.979651
0.936526
0.958049
0.975469
0.971635
0.994814
0.829726
0.908115
0.892329
0.952551
0.775685
0.954342
0.955301
0.947717
0.944018
0.954192
0.768178
0.994636
0.986346
0.986335
0.994843
0.946348
0.974965
0.989605
0.840747
0.987227
0.988224
0.86259
0.960448
0.98855
0.937713
0.990094
0.983475
0.920081
0.970227
0.937568
0.985421
0.969001
0.966987
0.966813
0.996418
0.803502
0.978117
0.995121
0.819045
0.719022
0.914344
0.809204
0.982689
0.680414
0.998011
0.979289
0.926131
0.96151
0.918225
0.96522
0.954972
0.943701
0.891771
0.748835
0.949455
0.951855
0.998543
0.97941
0.985594
0.979137
0.974979
0.974196
0.97585
0.845506
0.979195
0.948351
0.961994
0.880482
0.929088
0.987018
0.985918
0.983057
0.992197
0.958722
0.964833
0.87162
0.764637
0.997577
0.946551
0.919572
0.802757
0.917375
0.999612
0.95403
0.968993
0.815615
0.704668
0.982465
0.986245
0.995529
0.928823
0.966956
0.971805
0.986203
0.956777
0.938939
0.65937
0.769953
0.978654
0.996625
0.838192
0.980794
0.994685
0.970812
0.957382
0.900456
0.948548
0.819266
0.91443
0.979571
0.973251
0.949212
0.956413
0.994146
0.961026
0.983875
0.979312
0.991727
0.993967
0.792554
0.946049
0.938494
0.753101
0.886854
0.968736
0.933107
0.830772
0.846695
0.989734
0.872314
0.784822
0.844645
0.976608
0.949744
0.982349
0.947179
0.964754
0.990756
0.998425
0.945471
0.965986
0.99536
0.958436
0.968036
0.934326
0.935796
0.770265
0.837176
0.758676
0.98288
0.985441
0.956192
0.851963
0.970976
0.820906
0.991192
0.874263
0.987661
0.994742
0.957314
0.962916
0.969154
0.997587
0.843581
0.877296
0.942249
0.931183
0.978601
0.988922
0.989126
0.899601
0.931803
0.769761
0.981877
0.950481
0.917163
0.94747
0.992295
0.976321
0.998422
0.954869
0.990607
0.997037
0.991514
0.963002
0.947675
0.941093
0.79229
0.821427
0.820684
0.824662
0.982724
0.98479
0.947742
0.991629
0.97036
0.940372
0.959513
0.998248
0.956092
0.977873
0.972497
0.919187
0.885084
0.723495
0.938931
0.941251
0.948748
0.833702
0.982395
0.867454
0.998504
0.93888
0.855471
0.862896
0.983703
0.9438
0.966068
0.949717
0.984318
0.983388
0.802013
0.979045
0.926923
0.931565
0.954761
0.982604
0.983496
0.974642
0.940777
0.875018
0.965157
0.797276
0.984601
0.851682
0.941723
0.949994
0.984799
0.954672
0.813856
0.974602
0.93853
0.98249
0.996426
0.988516
0.82848
0.994106
0.980888
0.930822
0.995528
0.983417
0.91006
0.970177
0.993276
0.982279
0.963869
0.968301
0.991153
0.789246
0.970614
0.714107
0.957662
0.950582
0.998307
0.967553
0.76283
0.995205
0.937829
0.950871
0.791332
0.874727
0.973849
0.970019
0.970724
0.998409
0.957673
0.991198
0.975807
0.978148
0.884618
0.959265
0.930445
0.800543
0.961562
0.966221
0.987751
0.984369
0.972576
0.982341
0.796939
0.783491
0.905088
0.964592
0.977029
0.922457
0.771581
0.969626
0.98309
0.737046
0.881884
0.988024
0.765816
0.956584
0.946465
0.977893
0.967234
0.972714
0.980075
0.995169
0.825214
0.776585
0.985637
0.980827
0.994273
0.887577
0.934423
0.997057
0.778322
0.863865
0.994886
0.991701
0.97907
0.901242
0.991063
0.98177
0.985341
0.743832
0.960449
0.993186
0.996903
0.968118
0.946406
0.986758
0.752165
0.948434
0.780958
0.982239
0.942844
0.981264
0.862917
0.875504
0.758144
0.791327
0.74181
0.944553
0.977691
0.946352
0.979405
0.868746
0.964408
0.833955
0.957896
0.900584
0.975197
0.994187
0.949359
0.988507
0.971401
0.981377
0.98441
0.907413
0.961203
0.990527
0.995355
0.974793
0.989889
0.976047
0.966303
0.793818
0.975504
0.870594
0.99305
0.856632
0.844369
0.726207
0.958785
0.931049
0.732229
0.886125
0.973553
0.973795
0.982393
0.934025
0.996883
0.98045
0.996204
0.981876
0.968093
0.775352
0.946849
0.791224
0.81235
0.978247
0.964054
0.945307
0.932037
0.987312
0.954764
0.920985
0.947988
0.837455
0.939254
0.942127
0.982451
0.927765
0.993318
0.907954
0.973366
0.881756
0.807511
0.784949
0.99867
0.980869
0.943267
0.966129
0.978728
0.815231
0.98368
0.819944
0.99279
0.843301
0.991083
0.971687
0.980832
0.907894
0.957694
0.977466
0.952949
0.975248
0.985596
0.821909
0.938385
0.973569
0.826851
0.974477
0.982066
0.951667
0.975788
0.970259
0.976017
0.925415
0.973319
0.958188
0.992196
0.941478
0.950184
0.982228
0.998073
0.876483
0.938027
0.931237
0.758794
0.985773
0.995799
0.793377
0.942249
0.9851
0.94782
0.924769
0.961741
0.930102
0.870505
0.980133
0.997037
0.82119
0.968574
0.945056
0.935467
0.977713
0.960983
0.959307
0.769595
0.930455
0.971565
0.979917
0.835597
0.984793
0.882613
0.990044
0.988202
0.933187
0.954456
0.982439
0.951296
0.975618
0.944782
0.981804
0.98295
0.992254
0.973565
0.939316
0.978171
0.987337
0.988364
0.992897
0.99265
0.977215
0.921717
0.919821
0.815749
0.746984
0.983403
0.752131
0.857994
0.979312
0.966369
0.991449
0.989743
0.974689
0.952977
0.867418
0.990897
0.922765
0.980096
0.899359
0.985531
0.995232
0.973164
0.939353
0.761611
0.998756
0.761887
0.925675
0.940973
0.995088
0.968474
0.976107
0.980231
0.955417
0.996203
0.984248
0.9606
0.89623
0.986221
0.9901
0.899861
0.917998
0.985358
0.961147
0.998019
0.980994
0.984924
0.863119
0.981991
0.872477
0.997544
0.944289
0.988787
0.981972
0.970362
0.792851
0.969402
0.973959
0.993219
0.758352
0.942295
0.890877
0.920119
0.990948
0.989111
0.936342
0.991691
0.806484
0.86957
0.77046
0.97008
0.98295
0.876821
0.971953
0.916877
0.912221
0.967116
0.972398
0.903319
0.899282
0.952298
0.94129
0.892902
0.895231
0.914463
0.929126
0.755159
0.985856
0.959778
0.943608
0.956605
0.825734
0.940997
0.961764
0.973733
0.905843
0.990769
0.965072
0.807637
0.987837
0.919232
0.959682
0.927637
0.906195
0.88136
0.78926
0.977914
0.976103
0.988644
0.978873
0.994523
0.951307
0.959259
0.954041
0.96812
0.939517
0.815272
0.851048
0.946557
0.853603
0.836216
0.990069
0.962051
0.992715
0.991197
0.98695
0.829499
0.990858
0.982628
0.966871
0.753759
0.762134
0.995735
0.978416
0.927546
0.995856
0.971133
0.858621
0.727724
0.798879
0.915253
0.911619
0.8506
0.788501
0.86259
0.994339
0.797087
0.995091
0.912609
0.935152
0.783545
0.96383
0.865479
0.928327
0.999817
0.989769
0.934414
0.996967
0.959445
0.961134
0.995267
0.959651
0.988997
0.979746
0.891401
0.974165
0.99723
0.940618
0.911569
0.976897
0.979167
0.801398
0.962877
0.967342
0.960868
0.837215
0.981278
0.998874
0.95935
0.992033
0.794464
0.985312
0.898273
0.929124
0.967448
0.962281
0.933599
0.99791
0.969462
0.988756
0.968731
0.998779
0.997361
0.973236
0.993996
0.994156
0.949738
0.921356
0.962478
0.973432
0.999348
0.955986
0.934515
0.99113
0.919409
0.947028
0.820261
0.94314
0.924641
0.974741
0.931084
0.982933
0.787111
0.960475
0.984553
0.873585
0.923928
0.987478
0.902265
0.758365
0.957896
0.984701
0.938973
0.970546
0.964147
0.901186
0.853079
0.969223
0.926913
0.901426
0.996917
0.948871
0.994304
0.948434
0.906248
0.995141
0.999522
0.955393
0.938126
0.992388
0.900665
0.986055
0.987307
0.928725
0.980965
0.904528
0.913504
0.755145
0.877345
0.996204
0.913525
0.994311
0.981725
0.994052
0.990057
0.981458
0.93502
0.933225
0.950619
0.8369
0.89805
0.862428
0.934726
0.878258
0.769708
0.87062
0.948314
0.756208
0.838981
0.873123
0.761373
0.75586
0.741973
0.87419
0.768189
0.972691
0.924668
0.977603
0.994809
0.8106
0.978419
0.986604
0.95886
0.964842
0.986186
0.937862
0.920256
0.915993
0.969874
0.965432
0.960773
0.959332
0.951044
0.993493
0.997779
0.953233
0.953817
0.957256
0.910642
0.958971
0.975775
0.978113
0.949076
0.928433
0.999173
0.995924
0.984377
0.994984
0.96642
0.995788
0.971262
0.969332
0.986856
0.993059
0.99585
0.963245
0.951423
0.980097
0.948693
0.905772
0.995387
0.989927
0.685597
0.894898
0.983486
0.964653
0.891544
0.993402
0.873907
0.898013
0.90711
0.995594
0.989403
0.976818
0.993172
0.997109
0.984644
0.993991
0.949402
0.826898
0.967683
0.911767
0.83249
0.943431
0.821427
0.973464
0.973589
0.981163
0.981536
0.940274
0.946778
0.967844
0.953846
0.982516
0.981367
0.942352
0.966623
0.831085
0.962227
0.992642
0.910144
0.76533
0.99175
0.991909
0.884066
0.979195
0.907906
0.983052
0.910171
0.899641
0.982941
0.970758
0.994286
0.930364
0.980372
0.985378
0.947987
0.883555
0.941836
0.911624
0.938102
0.965884
0.931609
0.998332
0.97533
0.987169
0.937316
0.892399
0.978395
0.990135
0.967474
0.979117
0.815078
0.987321
0.925091
0.891646
0.931252
0.968962
0.920991
0.988129
0.876424
0.872482
0.996575
0.994455
0.987584
0.997906
0.996874
0.984271
0.95444
0.97585
0.942399
0.985453
0.849707
0.966446
0.977345
0.979606
0.972813
0.975231
0.973445
0.986319
0.939676
0.919931
0.972627
0.986069
0.94678
0.765904
0.980429
0.959917
0.99836
0.939211
0.891264
0.988823
0.992352
0.958684
0.909359
0.982492
0.94697
0.852095
0.955871
0.966856
0.90893
0.967535
0.959245
0.95074
0.962467
0.985996
0.957005
0.973027
0.947415
0.923468
0.721465
0.853627
0.898848
0.791135
0.884648
0.786527
0.930117
0.973646
0.9435
0.948535
0.96391
0.945395
0.991069
0.996893
0.829249
0.757644
0.993808
0.995276
0.980905
0.985725
0.918156
0.758915
0.971669
0.950567
0.946316
0.923202
0.901305
0.879913
0.986209
0.998366
0.895222
0.773962
0.952183
0.973727
0.973529
0.740234
0.936684
0.998411
0.975258
0.987628
0.941474
0.97205
0.988636
0.969584
0.967234
0.982601
0.998039
0.921796
0.985371
0.855304
0.964513
0.968388
0.971109
0.829796
0.926584
0.990384
0.932779
0.975741
0.900755
0.756769
0.967211
0.942308
0.953042
0.839731
0.982548
0.982223
0.911449
0.985538
0.988549
0.988433
0.949372
0.987154
0.985289
0.886145
0.998264
0.848785
0.919328
0.685095
0.888879
0.805689
0.938711
0.901129
0.877223
0.93044
0.961838
0.912215
0.75563
0.865236
0.99477
0.845026
0.927479
0.981871
0.92149
0.791848
0.968093
0.998644
0.81487
0.952681
0.936054
0.967157
0.965985
0.984726
0.91534
0.94538
0.965077
0.982012
0.961004
0.962949
0.928637
0.99596
0.739956
0.969307
0.67354
0.998119
0.986908
0.917277
0.953269
0.763873
0.9846
0.978764
0.800145
0.942213
0.947109
0.875706
0.958262
0.978609
0.918083
0.951417
0.992979
0.943568
0.991781
0.958888
0.990895
0.769526
0.998963
0.995476
0.957004
0.966433
0.824427
0.973033
0.948227
0.933019
0.922676
0.994398
0.75137
0.960324
0.959268
0.943384
0.986571
0.879657
0.880298
0.941252
0.938885
0.97567
0.971669
0.934618
0.997632
0.994307
0.965562
0.966162
0.974063
0.976399
0.920513
0.990555
0.661429
0.845897
0.944806
0.940117
0.99352
0.997351
0.916033
0.868821
0.989195
0.997386
0.934326
0.920721
0.89497
0.920209
0.960127
0.878032
0.973913
0.930759
0.837631
0.982313
0.955793
0.996793
0.910766
0.830247
0.893968
0.884254
0.960553
0.958716
0.98845
0.979162
0.889917
0.954437
0.976923
0.974797
0.994884
0.99911
0.963984
0.934529
0.983796
0.979025
0.77116
0.961887
0.920211
0.857491
0.996992
0.988877
0.804075
0.871689
0.947267
0.979695
0.890955
0.92837
0.997726
0.867928
0.89623
0.994225
0.985986
0.941011
0.992294
0.985913
0.886874
0.990536
0.769992
0.815244
0.956873
0.984554
0.950974
0.867476
0.883999
0.95726
0.99678
0.937714
0.941153
0.912332
0.972598
0.862554
0.734854
0.793636
0.996239
0.986795
0.98826
0.961713
0.858646
0.945252
0.996342
0.989136
0.891744
0.914638
0.858493
0.801723
0.909389
0.999638
0.96028
0.96734
0.999011
0.862114
0.940114
0.802985
0.969455
0.945275
0.964737
0.883838
0.811207
0.974856
0.719645
0.93765
0.973756
0.993486
0.932967
0.943406
0.996741
0.955932
0.950829
0.920523
0.986654
0.978091
0.970008
0.990159
0.75197
0.912035
0.912328
0.861286
0.72873
0.722692
0.964728
0.847848
0.844026
0.932041
0.970069
0.824418
0.973684
0.986206
0.985878
0.917965
0.995511
0.968344
0.942127
0.979737
0.985825
0.876677
0.97998
0.910516
0.959558
0.990186
0.997442
0.988279
0.948046
0.952285
0.87039
0.935627
0.747254
0.991909
0.910553
0.971888
0.848967
0.926581
0.988461
0.994975
0.907251
0.833645
0.762775
0.989922
0.949994
0.95874
0.906465
0.970916
0.904741
0.908177
0.898343
0.836848
0.940736
0.936611
0.988155
0.978871
0.950001
0.992588
0.941961
0.995902
0.955155
0.974326
0.758598
0.995329
0.926761
0.907094
0.974679
0.965892
0.875356
0.906443
0.930445
0.96217
0.845897
0.963613
0.95942
0.997858
0.979057
0.980436
0.944215
0.957193
0.917892
0.977125
0.968225
0.961641
0.933945
0.984329
0.852996
0.784488
0.936389
0.961213
0.866488
0.977937
0.99169
0.887126
0.956391
0.995689
0.936055
0.809172
0.931132
0.81374
0.815986
0.735535
0.998073
0.940114
0.912245
0.836935
0.976957
0.996957
0.950705
0.971669
0.806189
0.813072
0.94042
0.965197
0.996261
0.939301
0.977633
0.980177
0.907567
0.792337
0.966791
0.920438
0.827638
0.750667
0.961823
0.993155
0.98737
0.780547
0.978869
0.911632
0.978492
0.811995
0.828487
0.994252
0.950266
0.945124
0.946694
0.997654
0.964242
0.764378
0.986178
0.765578
0.969671
0.992321
0.953512
0.757078
0.995301
0.92924
0.989564
0.998441
0.987257
0.936298
0.976531
0.973731
0.973361
0.959207
0.98686
0.903927
0.77277
0.995677
0.983273
0.956092
0.779628
0.99322
0.978669
0.971342
0.975091
0.872041
0.829836
0.915063
0.976865
0.96548
0.994551
0.740178
0.745525
0.819459
0.933676
0.911498
0.992337
0.87944
0.971099
0.948133
0.864674
0.975883
0.813257
0.761866
0.909567
0.987735
0.985851
0.950383
0.819324
0.968603
0.981508
0.898376
0.77086
0.926289
0.984026
0.966441
0.994829
0.997344
0.996409
0.971739
0.971888
0.996527
0.987675
0.985868
0.981541
0.941867
0.985586
0.975452
0.974014
0.966929
0.815803
0.987054
0.934625
0.995013
0.941098
0.981295
0.931552
0.934259
0.982472
0.9616
0.953708
0.93228
0.904927
0.978669
0.965084
0.884193
0.846785
0.959716
0.970744
0.988268
0.908101
0.929865
0.937566
0.992079
0.925977
0.987482
0.829684
0.97769
0.958921
0.96601
0.982574
0.936702
0.953964
0.827638
0.997668
0.972863
0.978112
0.881596
0.937287
0.848688
0.930074
0.679407
0.980433
0.796046
0.929442
0.915479
0.724819
0.899747
0.974311
0.972441
0.983299
0.97641
0.833128
0.939577
0.998477
0.984071
0.995606
0.99453
0.777551
0.972956
0.988617
0.810113
0.912336
0.996481
0.791857
0.904523
0.949037
0.99467
0.964689
0.96318
0.986711
0.961921
0.936054
0.660339
0.927361
0.988464
0.81735
0.99634
0.893338
0.960597
0.962434
0.956486
0.94747
0.99138
0.97847
0.996823
0.971104
0.99035
0.934685
0.813757
0.936568
0.698924
0.984587
0.903161
0.781195
0.97288
0.973525
0.745285
0.933925
0.989659
0.955271
0.791327
0.913046
0.915572
0.881119
0.885994
0.996295
0.949686
0.983459
0.945937
0.754205
0.98628
0.94465
0.8996
0.940673
0.944942
0.986956
0.990952
0.986274
0.972188
0.928439
0.984442
0.844144
0.990253
0.99539
0.916875
0.745447
0.948155
0.892486
0.995632
0.968771
0.836422
0.861433
0.751085
0.8267
0.973741
0.931387
0.962532
0.936075
0.940586
0.961327
0.984881
0.998358
0.981603
0.952234
0.960454
0.944448
0.855382
0.981464
0.895291
0.897803
0.983206
0.978771
0.845836
0.999057
0.762796
0.974979
0.788656
0.966979
0.907237
0.943045
0.815906
0.974984
0.992649
0.972462
0.969826
0.907215
0.963434
0.970518
0.62616
0.959447
0.8164
0.979898
0.992775
0.998884
0.842288
0.996367
0.997451
0.990684
0.895283
0.98441
0.97119
0.952308
0.783727
0.940114
0.845139
0.993737
0.927061
0.92041
0.961592
0.941769
0.980696
0.954227
0.844774
0.993957
0.933753
0.79643
0.972419
0.982195
0.955461
0.931072
0.94246
0.829524
0.986109
0.975625
0.966663
0.957921
0.846575
0.959982
0.962865
0.987068
0.985405
0.976178
0.908331
0.961923
0.974127
0.9447
0.986811
0.985727
0.779218
0.993194
0.98742
0.961271
0.958776
0.994821
0.940379
0.95917
0.8347
0.956692
0.719918
0.990671
0.870721
0.958225
0.995615
0.670405
0.983609
0.918096
0.980045
0.929836
0.929691
0.973501
0.996184
0.897074
0.984062
0.904905
0.891903
0.984291
0.825734
0.992122
0.970934
0.991277
0.93737
0.848967
0.963609
0.933949
0.954516
0.993223
0.966224
0.936641
0.784773
0.897399
0.729558
0.915559
0.958585
0.848242
0.936638
0.94063
0.95689
0.890689
0.996141
0.99716
0.958812
0.976177
0.888885
0.827259
0.983382
0.924107
0.87851
0.991995
0.994806
0.931536
0.93867
0.891797
0.826625
0.979097
0.819466
0.987936
0.952422
0.98367
0.964687
0.911096
0.889295
0.998889
0.991177
0.878875
0.916921
0.855657
0.974102
0.993669
0.951423
0.988374
0.932717
0.922198
0.953777
0.730344
0.998965
0.9704
0.952065
0.97929
0.912947
0.979666
0.70768
0.993174
0.986724
0.980652
0.750267
0.989922
0.723508
0.97942
0.779328
0.931254
0.93676
0.998502
0.956193
0.9558
0.876108
0.742656
0.924896
0.862465
0.97469
0.90121
0.919091
0.808112
0.919229
0.974125
0.996253
0.967239
0.787773
0.843606
0.978375
0.939634
0.909015
0.944453
0.992123
0.925035
0.944199
0.984692
0.991575
0.952674
0.985379
0.756003
0.988237
0.922997
0.9217
0.92299
0.996246
0.983695
0.923269
0.99515
0.995699
0.941955
0.964212
0.947454
0.991514
0.995646
0.93648
0.99433
0.98209
0.927877
0.88201
0.956535
0.846378
0.973426
0.978693
0.97012
0.882728
0.999043
0.891757
0.989521
0.991107
0.843868
0.897752
0.890352
0.931391
0.991136
0.940801
0.966185
0.827738
0.988198
0.907599
0.971718
0.987726
0.986511
0.978475
0.920627
0.988984
0.961671
0.965657
0.988121
0.980188
0.893393
0.905119
0.985008
0.913639
0.995809
0.982943
0.806832
0.986703
0.994857
0.988021
0.85239
0.975338
0.97917
0.943864
0.976755
0.827716
0.997114
0.894982
0.97947
0.9814
0.918892
0.947532
0.770332
0.913348
0.951765
0.972386
0.940443
0.875195
0.986741
0.898038
0.948587
0.734147
0.784352
0.922767
0.986918
0.99453
0.953777
0.92627
0.976228
0.837363
0.980747
0.800929
0.985678
0.959714
0.99961
0.985568
0.950603
0.989393
0.995055
0.998281
0.967327
0.976545
0.938117
0.755776
0.992377
0.979522
0.957809
0.878444
0.973382
0.766924
0.897842
0.933105
0.972435
0.987252
0.970939
0.937193
0.934075
0.994306
0.979527
0.997578
0.795782
0.952016
0.982441
0.97448
0.972497
0.992596
0.981155
0.990646
0.960243
0.989519
0.959973
0.906554
0.897549
0.995213
0.883758
0.996383
0.974909
0.988631
0.934753
0.970754
0.99003
0.94151
0.991746
0.987411
0.932951
0.895154
0.993673
0.990082
0.812549
0.931856
0.992758
0.995591
0.893615
0.93369
0.778321
0.975911
0.993566
0.902345
0.837895
0.954715
0.818459
0.981932
0.86669
0.872762
0.793476
0.959486
0.778106
0.987789
0.978469
0.771339
0.990439
0.996548
0.996044
0.994893
0.987999
0.907113
0.992323
0.979928
0.908579
0.996893
0.976756
0.921022
0.887631
0.963939
0.994587
0.962102
0.998714
0.992471
0.938331
0.938757
0.979808
0.962271
0.967037
0.975071
0.852131
0.757086
0.967237
0.939939
0.969457
0.993751
0.809458
0.980785
0.860681
0.97755
0.958702
0.989799
0.688689
0.99773
0.951676
0.987151
0.963426
0.961841
0.956673
0.974301
0.931463
0.979287
0.757827
0.984471
0.95288
0.911519
0.755669
0.989252
0.785148
0.889554
0.971095
0.978417
0.992665
0.960502
0.888913
0.991077
0.983184
0.941128
0.991975
0.924515
0.895097
0.942219
0.99921
0.946672
0.994478
0.994669
0.829283
0.812707
0.692248
0.759164
0.994895
0.980125
0.784812
0.972389
0.926414
0.973052
0.979861
0.890798
0.965355
0.977557
0.989058
0.900021
0.981278
0.999209
0.999445
0.962676
0.926377
0.928949
0.99725
0.956634
0.994968
0.972436
0.813635
0.885561
0.995711
0.960811
0.943789
0.862153
0.908644
0.902885
0.889191
0.999146
0.777894
0.999674
0.915482
0.886131
0.736135
0.786115
0.939818
0.957721
0.966225
0.989963
0.9949
0.982426
0.995085
0.895011
0.796457
0.947355
0.983409
0.998835
0.972478
0.85256
0.977471
0.962636
0.999104
0.988697
0.916083
0.920262
0.94423
0.985813
0.96355
0.981253
0.858719
0.985404
0.999126
0.995089
0.798325
0.993586
0.96806
0.867272
0.983906
0.867436
0.951963
0.971491
0.72869
0.955965
0.960276
0.885165
0.994076
0.83721
0.916801
0.996144
0.993031
0.896532
0.979306
0.996864
0.996561
0.908782
0.979026
0.968881
0.946794
0.999177
0.973743
0.84896
0.994483
0.995154
0.793836
0.936802
0.986567
0.946648
0.943771
0.943985
0.892084
0.945227
0.767168
0.929523
0.819459
0.949583
0.981664
0.923123
0.818864
0.994889
0.926402
0.994843
0.994607
0.992187
0.803417
0.835494
0.927663
0.981874
0.996524
0.991007
0.910449
0.813947
0.994806
0.946383
0.671944
0.981876
0.872823
0.991502
0.964775
0.944324
0.995293
0.974953
0.891324
0.977224
0.993198
0.989106
0.980597
0.813549
0.90206
0.909056
0.906681
0.954093
0.97399
0.802976
0.940032
0.923857
0.986385
0.800805
0.940054
0.904656
0.7742
0.992329
0.895603
0.981942
0.967294
0.993315
0.854822
0.993151
0.952843
0.954125
0.829446
0.759461
0.969488
0.838749
0.974063
0.961784
0.991728
0.86289
0.993894
0.997456
0.911121
0.948735
0.989662
0.777476
0.899025
0.755169
0.976289
0.996746
0.913156
0.891408
0.967301
0.971155
0.94394
0.928829
0.980963
0.986192
0.960801
0.850434
0.80225
0.95521
0.964227
0.968955
0.990934
0.729147
0.985242
0.986077
0.936274
0.746523
0.899721
0.939641
0.980685
0.974663
0.911735
0.998287
0.832519
0.97632
0.946521
0.998076
0.946557
0.807015
0.991171
0.858672
0.932941
0.990072
0.932452
0.965396
0.892839
0.775802
0.990586
0.953025
0.860468
0.817382
0.89358
0.822923
0.891187
0.973173
0.99111
0.738748
0.755832
0.951737
0.923859
0.950844
0.946322
0.938986
0.974556
0.99726
0.835122
0.985169
0.981245
0.939779
0.85239
0.965161
0.810037
0.833645
0.921296
0.967097
0.989875
0.902555
0.995783
0.994795
0.939383
0.975941
0.921484
0.989253
0.99367
0.988907
0.9934
0.944139
0.813451
0.952257
0.899731
0.81001
0.953024
0.986147
0.99698
0.972858
0.907034
0.960667
0.784307
0.952094
0.998404
0.977896
0.691559
0.991346
0.98585
0.956926
0.969792
0.925802
0.941097
0.872062
0.978929
0.920662
0.856516
0.977375
0.993657
0.820893
0.956479
0.980656
0.965711
0.865643
0.970859
0.988748
0.994692
0.995816
0.901229
0.874088
0.978319
0.827552
0.943508
0.966349
0.977753
0.968926
0.954664
0.886312
0.965875
0.984488
0.993526
0.948458
0.97601
0.990598
0.947005
0.870975
0.947028
0.852198
0.964272
0.999297
0.971658
0.943347
0.927148
0.941986
0.983923
0.99127
0.987594
0.973171
0.932571
0.916
0.85256
0.927669
0.97889
0.934848
0.997823
0.995293
0.997026
0.986266
0.953188
0.778236
0.906409
0.996077
0.966632
0.989675
0.896446
0.766434
0.915104
0.925082
0.788994
0.94358
0.988921
0.963224
0.790819
0.841945
0.844645
0.984613
0.994037
0.968782
0.941251
0.990206
0.687368
0.921332
0.90056
0.986104
0.960681
0.963894
0.992654
0.990063
0.876418
0.913607
0.967749
0.95453
0.99962
0.918285
0.997414
0.91332
0.837496
0.801966
0.931623
0.963542
0.978261
0.99761
0.757177
0.986665
0.940978
0.970417
0.997634
0.865507
0.982019
0.93075
0.971905
0.915705
0.972354
0.901663
0.683527
0.854916
0.967496
0.986808
0.916155
0.952139
0.955302
0.975963
0.946869
0.815272
0.982391
0.988292
0.911651
0.953506
0.911627
0.968492
0.994063
0.929849
0.997219
0.98434
0.94668
0.963516
0.990925
0.990359
0.872823
0.936212
0.803704
0.924626
0.971427
0.869144
0.996837
0.901071
0.986913
0.998882
0.975755
0.943659
0.99183
0.929341
0.920108
0.927839
0.962318
0.958142
0.804686
0.962467
0.945546
0.965145
0.966312
0.959777
0.967467
0.869948
0.987381
0.994479
0.872593
0.96483
0.970205
0.953654
0.979319
0.936378
0.933255
0.861871
0.9871
0.980981
0.936252
0.907768
0.95431
0.988967
0.992637
0.939172
0.834842
0.994443
0.980293
0.99271
0.946775
0.992028
0.994182
0.923415
0.93333
0.978723
0.985795
0.9921
0.964155
0.995068
0.989796
0.979246
0.978417
0.984611
0.797895
0.957356
0.973345
0.995393
0.954664
0.965297
0.990466
0.958112
0.856516
0.915846
0.982918
0.808025
0.983659
0.906788
0.983778
0.992724
0.893818
0.888666
0.944512
0.958786
0.983181
0.844955
0.964947
0.91516
0.908099
0.987788
0.949255
0.807164
0.976577
0.967896
0.983025
0.913397
0.942702
0.953537
0.925795
0.943871
0.946826
0.949674
0.983271
0.925555
0.995172
0.973614
0.786216
0.982241
0.89329
0.994436
0.980256
0.989943
0.986438
0.977497
0.861936
0.998463
0.989936
0.986701
0.952497
0.996249
0.942407
0.933282
0.985285
0.961305
0.987197
0.983561
0.997281
0.995926
0.971994
0.978629
0.866854
0.983916
0.979059
0.983111
0.687094
0.985667
0.903915
0.946967
0.87899
0.99303
0.985995
0.992595
0.958124
0.917916
0.990016
0.992005
0.9876
0.988213
0.960468
0.838247
0.955247
0.997033
0.997642
0.714547
0.992951
0.725985
0.969365
0.973925
0.964567
0.891558
0.959104
0.983061
0.96514
0.965994
0.915823
0.985692
0.811266
0.827513
0.995084
0.914707
0.994017
0.818679
0.785089
0.997014
0.887662
0.988719
0.958407
0.946883
0.898066
0.975566
0.96296
0.996239
0.962703
0.831386
0.943795
0.812907
0.988418
0.99164
0.978742
0.95497
0.970488
0.993437
0.960448
0.809386
0.986685
0.943464
0.973774
0.953853
0.871711
0.780559
0.994255
0.873194
0.997062
0.926242
0.943074
0.922293
0.956859
0.8637
0.928757
0.996398
0.98634
0.946205
0.950204
0.970233
0.7518
0.986779
0.97962
0.996543
0.989573
0.808732
0.967447
0.992572
0.948835
0.948232
0.965981
0.982872
0.895395
0.867239
0.976777
0.984164
0.830719
0.583573
0.919572
0.960435
0.96285
0.588041
0.9732
0.87229
0.973464
0.950468
0.953379
0.998407
0.975951
0.982581
0.97185
0.817349
0.995615
0.745145
0.959279
0.957705
0.992901
0.951306
0.883076
0.892731
0.975873
0.978211
0.941093
0.996542
0.940385
0.964976
0.956696
0.948607
0.968456
0.981901
0.973464
0.715677
0.737818
0.993029
0.995489
0.996418
0.836927
0.818414
0.961707
0.726758
0.929849
0.948354
0.913905
0.98078
0.987646
0.877131
0.889629
0.818864
0.77745
0.969352
0.992089
0.998377
0.955215
0.858589
0.876569
0.982166
0.995285
0.744353
0.989727
0.958566
0.960465
0.998911
0.984651
0.992473
0.956654
0.994098
0.98871
0.975586
0.818047
0.933215
0.987283
0.8801
0.969796
0.95635
0.99152
0.985381
0.864614
0.983414
0.971167
0.974212
0.995841
0.951526
0.985856
0.965372
0.952468
0.989551
0.996982
0.985101
0.967447
0.989205
0.954964
0.997176
0.738855
0.962649
0.990565
0.980625
0.976088
0.963596
0.88445
0.900584
0.881096
0.964
0.948904
0.887631
0.945966
0.981437
0.943298
0.957264
0.968211
0.99664
0.995895
0.9588
0.991423
0.983108
0.978551
0.837974
0.970905
0.856154
0.984543
0.978702
0.984673
0.921356
0.92577
0.996987
0.973369
0.98633
0.989474
0.909335
0.924825
0.916647
0.957992
0.995013
0.989821
0.957587
0.965248
0.97487
0.915163
0.964722
0.995836
0.904679
0.901366
0.965261
0.841602
0.896022
0.993977
0.991586
0.864275
0.949878
0.968341
0.996852
0.972117
0.949847
0.966846
0.974338
0.963362
0.966918
0.994912
0.951296
0.878487
0.79249
0.990278
0.989029
0.850507
0.977203
0.994633
0.963945
0.982692
0.964921
0.967709
0.969868
0.841023
0.891157
0.888758
0.917789
0.928731
0.808303
0.970286
0.998089
0.94159
0.98257
0.911368
0.979313
0.982832
0.872131
0.981208
0.990542
0.97811
0.974361
0.869612
0.995606
0.990655
0.839798
0.835965
0.951737
0.902565
0.973292
0.984991
0.958243
0.770261
0.982143
0.834746
0.97746
0.883498
0.978972
0.779723
0.946915
0.99158
0.929295
0.995676
0.974634
0.975951
0.913821
0.821669
0.968376
0.995172
0.979115
0.993084
0.975579
0.905411
0.964111
0.942482
0.998131
0.799708
0.965365
0.925851
0.906443
0.974623
0.786551
0.958368
0.984592
0.960632
0.966747
0.942727
0.799466
0.850469
0.80229
0.954342
0.996055
0.956697
0.906677
0.992328
0.964719
0.944442
0.944374
0.932933
0.986038
0.996324
0.994215
0.91014
0.812109
0.901334
0.95352
0.93274
0.999674
0.995636
0.995571
0.954992
0.927579
0.997601
0.791785
0.996156
0.985728
0.975962
0.920037
0.992965
0.969777
0.97945
0.987405
0.96186
0.98885
0.979541
0.961176
0.984322
0.975878
0.929922
0.997612
0.98118
0.990861
0.872147
0.968652
0.955711
0.943683
0.82449
0.877684
0.973559
0.878352
0.996183
0.991423
0.802431
0.892326
0.99515
0.94005
0.901686
0.952125
0.944049
0.971359
0.919113
0.796206
0.980248
0.937063
0.959104
0.941236
0.995121
0.97746
0.966043
0.960458
0.98689
0.994043
0.864137
0.980007
0.963804
0.97241
0.978871
0.977514
0.996066
0.988904
0.971581
0.941767
0.959361
0.926582
0.962793
0.960827
0.98059
0.91219
0.966011
0.978671
0.98953
0.851627
0.97183
0.99466
0.964775
0.919132
0.988475
0.95818
0.940795
0.769884
0.943536
0.986902
0.769237
0.994974
0.842169
0.973893
0.895251
0.996623
0.974255
0.949257
0.994535
0.951582
0.992089
0.931225
0.829156
0.951745
0.981884
0.954495
0.985117
0.976602
0.975081
0.943406
0.931673
0.990196
0.967368
0.991438
0.908397
0.994954
0.981136
0.820827
0.98575
0.996273
0.998718
0.870245
0.993794
0.990622
0.905365
0.982794
0.995987
0.763739
0.902057
0.989377
0.994178
0.973705
0.972981
0.977155
0.930067
0.96604
0.980618
0.903915
0.973915
0.908137
0.932689
0.76616
0.987317
0.928181
0.828566
0.919104
0.988491
0.850517
0.814669
0.818029
0.902642
0.936902
0.896732
0.99082
0.994829
0.991237
0.950438
0.964609
0.947165
0.9576
0.967825
0.958535
0.99446
0.963392
0.971604
0.955002
0.99839
0.981569
0.96881
0.96481
0.949807
0.981696
0.97765
0.970755
0.91014
0.956581
0.971734
0.899339
0.976736
0.969676
0.987653
0.969307
0.878699
0.960243
0.990634
0.957174
0.935829
0.983678
0.988271
0.736856
0.991024
0.97043
0.959589
0.926459
0.969917
0.911096
0.956696
0.928663
0.759972
0.943857
0.793402
0.951778
0.968137
0.995161
0.994648
0.814228
0.930749
0.998991
0.977307
0.960137
0.993654
0.899666
0.996938
0.989909
0.960119
0.981239
0.977097
0.855657
0.969888
0.928268
0.915763
0.96904
0.983336
0.917578
0.960045
0.938308
0.918882
0.966877
0.990506
0.959095
0.956365
0.980166
0.966704
0.856333
0.964174
0.906961
0.88179
0.953002
0.938469
0.795575
0.938249
0.977103
0.964805
0.788986
0.942776
0.996909
0.993988
0.979117
0.899749
0.923184
0.98405
0.919555
0.984366
0.898642
0.758339
0.985961
0.954069
0.994714
0.982776
0.958516
0.956946
0.792997
0.902076
0.984495
0.925454
0.788575
0.960744
0.955231
0.947488
0.9412
0.969622
0.944607
0.778095
0.702987
0.966301
0.99655
0.978123
0.967888
0.99632
0.991661
0.829575
0.977058
0.966391
0.800543
0.905017
0.994029
0.830243
0.994519
0.748973
0.828566
0.830964
0.986195
0.925624
0.907646
0.981884
0.989924
0.935376
0.849345
0.970259
0.963254
0.710811
0.968459
0.980916
0.993977
0.934359
0.982343
0.74069
0.864655
0.968864
0.982823
0.917305
0.986134
0.815658
0.976768
0.869024
0.887337
0.961487
0.869383
0.997304
0.8752
0.737284
0.988768
0.828195
0.85857
0.922267
0.977076
0.981138
0.994303
0.986079
0.772041
0.970664
0.793759
0.969113
0.998029
0.930121
0.715322
0.997267
0.900675
0.997624
0.951168
0.862983
0.99183
0.956606
0.891419
0.996472
0.893762
0.972733
0.947755
0.989884
0.977855
0.930106
0.899339
0.995304
0.984577
0.973465
0.821908
0.986943
0.765739
0.855913
0.950884
0.987816
0.946351
0.979032
0.910338
0.982223
0.963142
0.988593
0.963112
0.868451
0.945642
0.986565
0.602099
0.95647
0.951767
0.982531
0.944327
0.992122
0.976151
0.951204
0.854153
0.9686
0.989854
0.950829
0.775156
0.98333
0.94381
0.728703
0.969784
0.903436
0.798977
0.984513
0.980423
0.973715
0.996603
0.853314
0.759138
0.992176
0.906551
0.964738
0.981277
0.964136
0.991891
0.984346
0.737006
0.991509
0.995047
0.794419
0.78873
0.937753
0.973795
0.963392
0.961907
0.944427
0.991244
0.984349
0.97195
0.988045
0.981129
0.985711
0.991813
0.968936
0.918176
0.996735
0.893909
0.798247
0.979332
0.933937
0.97234
0.803946
0.99276
0.894095
0.967091
0.920069
0.926847
0.937848
0.991336
0.984996
0.920607
0.974072
0.970139
0.845939
0.944239
0.983321
0.822818
0.963722
0.963886
0.995346
0.829437
0.970168
0.932655
0.815195
0.901505
0.716316
0.974776
0.81723
0.984656
0.717247
0.995511
0.970848
0.909074
0.943789
0.929514
0.95866
0.983931
0.911744
0.982277
0.783122
0.964133
0.926166
0.997442
0.96004
0.997744
0.973818
0.987659
0.938716
0.880934
0.944995
0.828866
0.992778
0.962814
0.988474
0.981009
0.857426
0.817754
0.984951
0.961466
0.985217
0.988438
0.994288
0.898586
0.955806
0.991076
0.784168
0.970838
0.985837
0.987997
0.97483
0.998574
0.984996
0.948953
0.995816
0.96481
0.988415
0.921733
0.818159
0.865751
0.841269
0.95726
0.888967
0.798499
0.988655
0.993709
0.965932
0.735998
0.980624
0.993758
0.800074
0.969847
0.742647
0.946886
0.985675
0.911878
0.97567
0.829157
0.662172
0.93502
0.991438
0.936994
0.894878
0.947493
0.98788
0.930784
0.938703
0.746081
0.961554
0.911028
0.845139
0.984982
0.985024
0.989944
0.938432
0.991603
0.941157
0.952838
0.953496
0.880923
0.832151
0.989177
0.982434
0.99812
0.947788
0.949948
0.997864
0.874548
0.940114
0.930407
0.92335
0.892248
0.825729
0.954504
0.911772
0.941349
0.99689
0.987247
0.952114
0.871724
0.961788
0.997716
0.943253
0.979354
0.943789
0.961026
0.970334
0.940563
0.997867
0.968354
0.956071
0.994104
0.99225
0.911744
0.899835
0.980043
0.988471
0.982015
0.965447
0.974515
0.798144
0.931155
0.989662
0.976946
0.969704
0.982582
0.949558
0.95547
0.987459
0.993536
0.997008
0.988726
0.96441
0.950916
0.803299
0.907095
0.968011
0.909612
0.978038
0.966198
0.979485
0.984094
0.787573
0.993228
0.979549
0.941501
0.944276
0.954761
0.938941
0.959422
0.982034
0.815522
0.760971
0.961229
0.987443
0.88585
0.747988
0.95299
0.899373
0.986186
0.975452
0.928664
0.937218
0.979904
0.975265
0.936184
0.993253
0.99392
0.934082
0.971355
0.751696
0.80115
0.992474
0.710343
0.944048
0.767184
0.809649
0.626919
0.988583
0.962776
0.977217
0.936889
0.930368
0.920048
0.953516
0.725048
0.926674
0.98375
0.952633
0.972671
0.966446
0.960458
0.982603
0.929102
0.965112
0.994481
0.992712
0.956399
0.931914
0.98626
0.769868
0.970757
0.96915
0.984291
0.94087
0.98731
0.915823
0.988638
0.987954
0.970121
0.841991
0.757185
0.987581
0.969223
0.746391
0.734018
0.961149
0.979101
0.951569
0.939667
0.851144
0.959589
0.984571
0.985927
0.968159
0.93209
0.984341
0.994419
0.989116
0.989359
0.992042
0.989206
0.994823
0.989573
0.9666
0.8641
0.94087
0.985457
0.761622
0.880151
0.913846
0.947237
0.885913
0.884414
0.995594
0.974561
0.969066
0.998056
0.993673
0.757881
0.75926
0.930675
0.990016
0.943691
0.994405
0.735762
0.828096
0.994977
0.989873
0.877739
0.969538
0.948639
0.964833
0.947051
0.976403
0.983292
0.891438
0.993595
0.988508
0.983633
0.898586
0.767566
0.941198
0.583084
0.907219
0.994583
0.908487
0.83498
0.958064
0.984257
0.913719
0.997963
0.990567
0.98996
0.868173
0.993819
0.996577
0.995734
0.922094
0.988279
0.928346
0.641887
0.953538
0.974534
0.984384
0.953703
0.948014
0.986908
0.969283
0.789699
0.838081
0.814367
0.928207
0.984144
0.983013
0.80772
0.98231
0.921148
0.983359
0.952128
0.909215
0.9703
0.945243
0.959389
0.97354
0.924636
0.872575
0.936766
0.990991
0.872468
0.946351
0.733976
0.93594
0.994144
0.975893
0.995427
0.958389
0.981562
0.980865
0.999569
0.967144
0.989605
0.998567
0.902993
0.930009
0.983838
0.879897
0.998859
0.993592
0.990924
0.812517
0.947131
0.998561
0.995949
0.816445
0.928453
0.952895
0.922627
0.817017
0.952885
0.526412
0.957004
0.950422
0.938606
0.985381
0.792261
0.972428
0.967086
0.931346
0.936567
0.877784
0.960839
0.993548
0.88311
0.759972
0.993615
0.939852
0.98433
0.984141
0.995113
0.977741
0.943962
0.787924
0.918746
0.9573
0.962703
0.963749
0.974258
0.972982
0.950649
0.983475
0.951676
0.905304
0.904501
0.931395
0.993961
0.903338
0.805912
0.773989
0.993706
0.976101
0.97485
0.961004
0.968936
0.80339
0.987158
0.911569
0.9944
0.944381
0.977193
0.97346
0.764409
0.76545
0.992657
0.959632
0.938177
0.958014
0.827545
0.953708
0.97226
0.975291
0.970123
0.979592
0.945338
0.948572
0.965191
0.9956
0.95242
0.949973
0.981983
0.856029
0.955117
0.879214
0.9324
0.812022
0.995316
0.955833
0.983362
0.971907
0.99388
0.938955
0.951907
0.9761
0.987628
0.970172
0.886093
0.978731
0.978031
0.952895
0.969878
0.990124
0.910827
0.940442
0.968556
0.872674
0.950376
0.968811
0.690975
0.969735
0.877411
0.959396
0.991286
0.771188
0.806171
0.97802
0.990973
0.998465
0.965581
0.966304
0.964737
0.951801
0.809739
0.96768
0.80977
0.920359
0.974294
0.824924
0.715592
0.80414
0.764473
0.784683
0.958064
0.992705
0.919278
0.82196
0.963655
0.934423
0.877469
0.817388
0.942159
0.950986
0.998307
0.952403
0.997587
0.994186
0.995146
0.674508
0.876321
0.931726
0.947366
0.853882
0.923736
0.987762
0.969317
0.967169
0.808409
0.910174
0.97998
0.988683
0.876649
0.929103
0.942727
0.974663
0.878944
0.996951
0.989956
0.963428
0.975266
0.806602
0.985071
0.972726
0.977703
0.975552
0.994428
0.929296
0.771944
0.861975
0.98476
0.982655
0.948468
0.938803
0.962652
0.816575
0.880202
0.874767
0.842057
0.844732
0.9959
0.962059
0.901092
0.964197
0.752973
0.947398
0.985432
0.950016
0.95947
0.768006
0.992018
0.833668
0.978226
0.971231
0.940496
0.992435
0.917697
0.758725
0.907408
0.899267
0.949796
0.982746
0.93966
0.979904
0.900988
0.937606
0.986943
0.78084
0.717682
0.981448
0.967937
0.992391
0.922029
0.892693
0.83686
0.938249
0.983879
0.921036
0.985228
0.816142
0.999047
0.658099
0.874997
0.863931
0.995691
0.943568
0.951212
0.947366
0.760243
0.94617
0.954323
0.869441
0.940304
0.91083
0.936466
0.941723
0.956543
0.871506
0.947862
0.881991
0.84839
0.903843
0.949885
0.943768
0.805029
0.988749
0.889688
0.80115
0.995119
0.798414
0.933652
0.964298
0.982707
0.929054
0.974063
0.915975
0.986542
0.869375
0.922608
0.963139
0.986512
0.849144
0.973723
0.961508
0.972883
0.678898
0.948496
0.935807
0.979716
0.968027
0.940347
0.764224
0.988217
0.968534
0.988594
0.994692
0.788118
0.967246
0.981971
0.978816
0.80548
0.93755
0.924646
0.932271
0.969481
0.756828
0.580286
0.978389
0.966957
0.889688
0.99839
0.877142
0.950999
0.934049
0.991946
0.907489
0.983916
0.923485
0.91237
0.926974
0.88248
0.862211
0.972753
0.97876
0.992895
0.71173
0.861379
0.889187
0.971298
0.966046
0.992271
0.877601
0.950422
0.987286
0.79771
0.984043
0.97986
0.951767
0.983738
0.89319
0.886001
0.980003
0.996941
0.959057
0.988196
0.933693
0.935348
0.753245
0.951462
0.970154
0.96437
0.9388
0.833247
0.890062
0.962627
0.985603
0.890777
0.993053
0.87418
0.790133
0.951299
0.788627
0.95165
0.956611
0.871709
0.910841
0.76543
0.849237
0.777025
0.815973
0.945586
0.993355
0.977702
0.931187
0.994417
0.963613
0.928277
0.941757
0.910112
0.948832
0.933889
0.95268
0.919924
0.920364
0.918625
0.950025
0.923076
0.997159
0.978153
0.944068
0.984899
0.984486
0.986938
0.997612
0.969377
0.978466
0.9497
0.955826
0.802286
0.974714
0.879884
0.988604
0.976372
0.69988
0.98371
0.975434
0.947266
0.984325
0.996409
0.919761
0.952152
0.895355
0.977635
0.985664
0.836797
0.83495
0.843419
0.916394
0.752645
0.96449
0.878933
0.95187
0.896157
0.701461
0.957657
0.72849
0.932764
0.98081
0.970733
0.959712
0.951291
0.980183
0.981046
0.879368
0.781379
0.977726
0.757825
0.957657
0.942328
0.966867
0.866619
0.941949
0.764098
0.943139
0.985758
0.952121
0.932652
0.94857
0.802979
0.990818
0.951983
0.933539
0.994651
0.934785
0.925135
0.92976
0.947855
0.947216
0.974333
0.93096
0.989162
0.990565
0.993203
0.949298
0.940716
0.986894
0.941783
0.920419
0.927684
0.918273
0.988092
0.963128
0.890761
0.881104
0.869811
0.968262
0.901999
0.978682
0.960751
0.983224
0.972555
0.856267
0.897255
0.965489
0.971935
0.903639
0.982823
0.990579
0.917541
0.82196
0.60495
0.986821
0.925181
0.972555
0.979815
0.919631
0.93323
0.952149
0.941924
0.997372
0.992901
0.976464
0.96324
0.962966
0.958163
0.951281
0.863762
0.948576
0.997328
0.919542
0.995285
0.988594
0.928954
0.788381
0.992567
0.910407
0.902669
0.962499
0.989617
0.927509
0.951212
0.982268
0.993181
0.948587
0.948534
0.805314
0.984507
0.756418
0.942209
0.93765
0.988691
0.977764
0.960744
0.965039
0.994732
0.768338
0.95327
0.912845
0.940507
0.923955
0.99251
0.981253
0.961576
0.981982
0.993598
0.98333
0.929978
0.997521
0.74226
0.986741
0.968744
0.991984
0.963839
0.93842
0.734225
0.836896
0.663167
0.991754
0.796239
0.955247
0.995513
0.892183
0.968542
0.871423
0.94653
0.924563
0.923548
0.990564
0.96694
0.987996
0.778083
0.968955
0.992583
0.927361
0.982497
0.96037
0.997521
0.640623
0.873305
0.986433
0.972003
0.908742
0.806602
0.991555
0.940795
0.995003
0.959502
0.813635
0.97928
0.853186
0.992179
0.951015
0.970204
0.959335
0.919148
0.975951
0.790258
0.856578
0.825186
0.978097
0.929694
0.930265
0.978781
0.957908
0.816577
0.814618
0.963254
0.917955
0.692872
0.937597
0.990349
0.897338
0.996513
0.998225
0.986523
0.943974
0.985776
0.968992
0.985803
0.977585
0.885238
0.977217
0.933832
0.81175
0.92899
0.945505
0.934403
0.990335
0.981681
0.838076
0.952963
0.996402
0.989201
0.977643
0.980647
0.953285
0.962523
0.830635
0.987716
0.940996
0.879885
0.765503
0.668531
0.964596
0.892075
0.987071
0.950179
0.897995
0.981529
0.959081
0.982518
0.966846
0.740319
0.95306
0.960744
0.64888
0.964613
0.957684
0.920315
0.993544
0.96793
0.890986
0.968301
0.949956
0.975363
0.988178
0.79771
0.991731
0.859689
0.985848
0.894495
0.982442
0.972058
0.876399
0.985937
0.685363
0.973518
0.970943
0.957453
0.990309
0.817149
0.995313
0.767566
0.970201
0.986385
0.791559
0.742528
0.988537
0.797758
0.767438
0.914874
0.946793
0.982227
0.971754
0.980711
0.954078
0.966071
0.955107
0.980724
0.908503
0.941441
0.983089
0.998011
0.983177
0.970247
0.956922
0.974857
0.994713
0.954219
0.889436
0.994645
0.921328
0.957126
0.9664
0.97315
0.940961
0.963445
0.773023
0.706424
0.93503
0.935593
0.996359
0.99853
0.965084
0.94443
0.988711
0.877073
0.889191
0.889195
0.727597
0.951648
0.949729
0.99158
0.959618
0.953919
0.992042
0.928757
0.937091
0.956897
0.986808
0.879088
0.980254
0.977165
0.996524
0.969537
0.932906
0.993387
0.935677
0.970095
0.986602
0.985334
0.86485
0.963915
0.906083
0.85264
0.976239
0.971252
0.817659
0.776857
0.980231
0.981551
0.942218
0.93895
0.987505
0.982669
0.974015
0.986006
0.75931
0.981583
0.969704
0.991609
0.988317
0.933702
0.990309
0.991341
0.976307
0.952439
0.996361
0.931855
0.970161
0.883758
0.996042
0.986044
0.815739
0.951728
0.862351
0.985057
0.995907
0.984752
0.915003
0.972674
0.939981
0.950437
0.968614
0.959156
0.856643
0.932394
0.908243
0.980244
0.937011
0.955305
0.979143
0.926264
0.962544
0.97687
0.988748
0.904812
0.994446
0.938965
0.983783
0.991286
0.996323
0.960179
0.966081
0.984384
0.988028
0.989678
0.908978
0.967681
0.967381
0.932653
0.648258
0.974173
0.923775
0.988482
0.757655
0.957854
0.980166
0.989977
0.971137
0.920575
0.993818
0.937714
0.924515
0.995818
0.967619
0.89861
0.677226
0.995329
0.855924
0.972371
0.985509
0.921682
0.741945
0.968409
0.989591
0.998544
0.997292
0.984994
0.974669
0.983951
0.985576
0.926432
0.952866
0.993788
0.964894
0.891676
0.907831
0.904859
0.739698
0.935555
0.731448
0.874272
0.978629
0.918176
0.770647
0.994366
0.960093
0.955522
0.976375
0.989941
0.933068
0.931926
0.952938
0.893424
0.992147
0.975589
0.938499
0.960673
0.940926
0.981907
0.990452
0.982751
0.867824
0.989248
0.97811
0.937999
0.90409
0.964506
0.802225
0.974982
0.900963
0.994178
0.943995
0.892078
0.8914
0.986807
0.978171
0.992097
0.976783
0.960727
0.936726
0.88345
0.986995
0.997002
0.917385
0.876398
0.993103
0.983817
0.965102
0.947383
0.992919
0.916267
0.976735
0.865643
0.997076
0.753385
0.956565
0.810186
0.979243
0.95418
0.998997
0.989109
0.970989
0.94881
0.993703
0.967814
0.92637
0.911027
0.634459
0.949739
0.971407
0.947116
0.972324
0.982747
0.94159
0.825186
0.911096
0.978685
0.951042
0.927844
0.966207
0.98885
0.929438
0.659019
0.991736
0.945699
0.924372
0.899938
0.840178
0.97356
0.98309
0.986557
0.911618
0.975547
0.806254
0.944127
0.983793
0.959081
0.98166
0.987944
0.975595
0.966474
0.960253
0.976417
0.996829
0.974338
0.99119
0.943766
0.987117
0.993176
0.983366
0.939219
0.984591
0.981495
0.89056
0.985922
0.997167
0.993827
0.990992
0.898275
0.887989
0.975423
0.971981
0.994102
0.943962
0.987104
0.940973
0.955456
0.917375
0.838359
0.981452
0.960809
0.986852
0.975894
0.957189
0.998066
0.993559
0.9791
0.906261
0.988065
0.936526
0.979608
0.85116
0.804065
0.917266
0.987337
0.991967
0.831321
0.98145
0.988705
0.935122
0.87899
0.929875
0.98341
0.974885
0.980465
0.907642
0.984198
0.983973
0.983934
0.846688
0.933022
0.921435
0.991836
0.997328
0.963843
0.740085
0.965633
0.956399
0.971844
0.789278
0.99705
0.99334
0.941699
0.965412
0.825825
0.98804
0.885913
0.997879
0.996219
0.857054
0.983711
0.986123
0.982886
0.966012
0.92158
0.9934
0.925008
0.95262
0.987378
0.733976
0.926342
0.786371
0.985668
0.983579
0.857771
0.984078
0.967562
0.960247
0.714184
0.884758
0.890264
0.975727
0.942
0.970011
0.98792
0.979738
0.905233
0.965631
0.994425
0.940096
0.939345
0.956988
0.913913
0.987976
0.98114
0.851385
0.951138
0.991891
0.964613
0.836771
0.889123
0.980484
0.986334
0.772673
0.937998
0.952729
0.986795
0.982898
0.984124
0.8148
0.978031
0.968489
0.982651
0.973374
0.930265
0.993613
0.987596
0.990978
0.982131
0.991003
0.952132
0.950022
0.975943
0.974085
0.994412
0.907079
0.968237
0.966543
0.963769
0.814521
0.992401
0.953917
0.978858
0.971814
0.936446
0.983193
0.977139
0.839406
0.987742
0.838747
0.928082
0.971266
0.943453
0.943797
0.981418
0.928034
0.860176
0.989435
0.964236
0.976378
0.965492
0.975522
0.977866
0.984999
0.805308
0.942557
0.710375
0.907291
0.822074
0.994797
0.961114
0.949698
0.943453
0.996868
0.881096
0.975278
0.997046
0.973
0.895122
0.962213
0.864778
0.994139
0.873271
0.818791
0.937595
0.946826
0.926453
0.957443
0.901483
0.964083
0.827294
0.934445
0.994705
0.99118
0.977728
0.971058
0.948107
0.837979
0.971682
0.984369
0.983237
0.992839
0.849558
0.98875
0.979493
0.950585
0.843668
0.991586
0.890343
0.975312
0.993644
0.84742
0.930085
0.972251
0.97482
0.963029
0.97658
0.848963
0.947246
0.877633
0.97957
0.986792
0.803336
0.930855
0.964105
0.990561
0.730114
0.730257
0.981422
0.988325
0.957836
0.983672
0.972225
0.968674
0.985468
0.949847
0.994082
0.988199
0.991279
0.951983
0.981429
0.989044
0.98489
0.91318
0.866353
0.979243
0.884512
0.91944
0.904431
0.795822
0.934264
0.995709
0.963736
0.990653
0.99299
0.881359
0.966613
0.967271
0.928433
0.991697
0.99081
0.991127
0.990757
0.972557
0.845031
0.787538
0.855988
0.982049
0.975878
0.929567
0.921353
0.980152
0.994493
0.821269
0.927065
0.932967
0.987541
0.951047
0.951751
0.974483
0.971494
0.989832
0.983392
0.756583
0.981329
0.982649
0.977728
0.948522
0.962088
0.936902
0.897647
0.998425
0.939667
0.981425
0.9278
0.986741
0.96784
0.981725
0.945657
0.99253
0.974006
0.863914
0.963043
0.897113
0.923083
0.986182
0.89163
0.990536
0.893865
0.951309
0.993557
0.976359
0.960265
0.767567
0.940551
0.991103
0.994454
0.993449
0.89827
0.85851
0.994366
0.982423
0.991658
0.990425
0.782173
0.988983
0.950777
0.91186
0.983237
0.968526
0.96592
0.985603
0.749184
0.930784
0.798527
0.945299
0.767683
0.987581
0.899227
0.980786
0.95364
0.970579
0.990208
0.939936
0.957594
0.994223
0.997268
0.913728
0.960352
0.94189
0.833039
0.880319
0.833428
0.990459
0.94005
0.908737
0.904461
0.957383
0.932306
0.800145
0.921846
0.858966
0.966695
0.968499
0.996818
0.989914
0.98078
0.97244
0.953793
0.972335
0.946551
0.993044
0.984993
0.939958
0.975713
0.933434
0.945501
0.835018
0.978286
0.969293
0.838167
0.961271
0.815081
0.879314
0.980865
0.940451
0.980541
0.992919
0.988242
0.925181
0.95343
0.993797
0.992089
0.991416
0.769664
0.860713
0.978177
0.993559
0.92624
0.945967
0.978944
0.930016
0.999061
0.992982
0.844059
0.889577
0.938945
0.95635
0.994539
0.896772
0.909538
0.990359
0.994874
0.966695
0.93837
0.961455
0.988021
0.992648
0.859679
0.962181
0.765185
0.821572
0.960291
0.991064
0.914907
0.895395
0.96888
0.996518
0.949699
0.879809
0.936644
0.898029
0.878373
0.63947
0.969764
0.799402
0.964568
0.92686
0.827265
0.811871
0.970405
0.992158
0.994874
0.947924
0.969673
0.970121
0.995706
0.967707
0.991695
0.991667
0.949698
0.899539
0.918555
0.987775
0.885199
0.948159
0.853469
0.992648
0.98647
0.991813
0.960599
0.993222
0.934625
0.900928
0.779068
0.840442
0.737833
0.819263
0.990972
0.993193
0.984192
0.991286
0.9381
0.840173
0.912375
0.970985
0.95835
0.97822
0.93786
0.934228
0.965518
0.975326
0.936418
0.966533
0.989539
0.991127
0.852384
0.988554
0.983501
0.988486
0.980631
0.830619
0.988308
0.806669
0.984773
0.980707
0.984014
0.980534
0.981217
0.987436
0.966813
0.9267
0.96177
0.96514
0.997076
0.951836
0.967209
0.99104
0.832233
0.853815
0.970871
0.954964
0.730484
0.772255
0.974634
0.787498
0.960765
0.922073
0.985303
0.98334
0.967183
0.986092
0.990568
0.914711
0.954495
0.967368
0.97088
0.977087
0.989662
0.996556
0.996178
0.991365
0.980597
0.911621
0.993556
0.962446
0.87315
0.987559
0.991919
0.917058
0.992572
0.978423
0.99627
0.951879
0.974574
0.953425
0.98636
0.982951
0.963582
0.973911
0.98877
0.93593
0.986401
0.96743
0.789107
0.974256
0.981869
0.929666
0.989652
0.795575
0.972425
0.577625
0.903203
0.894144
0.77572
0.882504
0.99789
0.865652
0.971737
0.98484
0.988705
0.98187
0.98165
0.956925
0.963437
0.950868
0.994903
0.936801
0.709283
0.842155
0.987039
0.805435
0.941633
0.978643
0.968346
0.986018
0.951602
0.986663
0.808107
0.865779
0.918505
0.775171
0.957356
0.941791
0.700726
0.895843
0.913379
0.992879
0.914736
0.986362
0.932687
0.954239
0.988274
0.964245
0.981768
0.960599
0.965229
0.830284
0.961887
0.991506
0.99031
0.790076
0.966658
0.95434
0.782259
0.990624
0.965985
0.983469
0.967489
0.963675
0.916331
0.873447
0.893127
0.72333
0.946923
0.950051
0.933216
0.993319
0.950016
0.92002
0.971835
0.904793
0.95576
0.822818
0.948506
0.931361
0.776775
0.980624
0.991619
0.900794
0.896856
0.96923
0.970196
0.987214
0.946787
0.81598
0.930424
0.978373
0.762999
0.972012
0.946835
0.970346
0.958378
0.924476
0.991166
0.951184
0.961944
0.830592
0.817874
0.892212
0.969613
0.971671
0.885665
0.896631
0.971974
0.974531
0.990604
0.981033
0.990745
0.809397
0.970024
0.980236
0.892846
0.973481
0.96832
0.990086
0.990485
0.948543
0.994038
0.989928
0.78903
0.992798
0.851023
0.591501
0.958026
0.954021
0.97283
0.949956
0.983356
0.937227
0.838851
0.900538
0.929915
0.950616
0.69679
0.9834
0.926272
0.988061
0.993494
0.983406
0.927565
0.992669
0.916321
0.982826
0.724539
0.972428
0.985573
0.904092
0.991506
0.948523
0.845296
0.989835
0.890264
0.936561
0.830592
0.925049
0.920647
0.965739
0.746151
0.939779
0.983336
0.98458
0.969001
0.896138
0.9681
0.864947
0.9753
0.913786
0.948454
0.976629
0.950329
0.98762
0.991166
0.982942
0.966862
0.989864
0.988231
0.989321
0.984819
0.965297
0.985428
0.945132
0.986704
0.97919
0.990735
0.989432
0.990751
0.937455
0.967112
0.987342
0.881349
0.947744
0.945642
0.98597
0.993788
0.983672
0.989596
0.980499
0.963299
0.973331
0.976672
0.936892
0.952463
0.808301
0.953088
0.953551
0.884401
0.984008
0.985778
0.994502
0.759061
0.944338
0.967735
0.963111
0.987806
0.985674
0.975873
0.970603
0.754559
0.997693
0.983167
0.997176
0.976589
0.958926
0.922164
0.991726
0.986203
0.959168
0.994246
0.897817
0.852557
0.942503
0.950279
0.844471
0.988316
0.980248
0.74644
0.990018
0.891792
0.819929
0.983174
0.93135
0.984447
0.996295
0.996964
0.944633
0.946428
0.809879
0.994453
0.994053
0.943059
0.888283
0.957049
0.988335
0.791076
0.93076
0.966921
0.95693
0.964403
0.871878
0.791043
0.936768
0.949552
0.987
0.973979
0.691433
0.973629
0.927395
0.976078
0.972038
0.967079
0.984065
0.998029
0.834406
0.993203
0.991824
0.936032
0.878293
0.95963
0.988437
0.953987
0.981831
0.972581
0.880357
0.991692
0.94492
0.807567
0.989745
0.966593
0.936446
0.983766
0.983299
0.776503
0.948576
0.734015
0.873271
0.998732
0.996136
0.987645
0.973921
0.988535
0.973037
0.988223
0.959551
0.987742
0.968878
0.976925
0.995421
0.814228
0.981843
0.950015
0.991341
0.998747
0.936249
0.986381
0.929274
0.74179
0.993513
0.988752
0.992075
0.977714
0.943369
0.990425
0.928222
0.732425
0.828999
0.843158
0.975986
0.966751
0.849685
0.99514
0.930131
0.963732
0.539688
0.958332
0.986156
0.984594
0.978643
0.988172
0.961632
0.9651
0.969491
0.990921
0.917176
0.982388
0.893909
0.975905
0.963961
0.940716
0.983598
0.901766
0.919372
0.901745
0.967534
0.979647
0.925142
0.977941
0.917571
0.932346
0.984334
0.941233
0.990005
0.960042
0.976889
0.962418
0.990556
0.960827
0.990977
0.929341
0.927558
0.81055
0.996718
0.835819
0.939194
0.756122
0.9142
0.846723
0.935648
0.866895
0.882078
0.954769
0.980813
0.984916
0.978371
0.990639
0.933652
0.858889
0.849815
0.876433
0.959496
0.978458
0.988214
0.971916
0.96748
0.989151
0.954282
0.741313
0.834425
0.918289
0.990532
0.99046
0.988555
0.946886
0.991799
0.8907
0.812366
0.897286
0.984594
0.953215
0.966383
0.952606
0.994662
0.981737
0.980617
0.870613
0.820038
0.93272
0.896125
0.990924
0.787924
0.998544
0.904992
0.931529
0.988133
0.941394
0.993989
0.903789
0.96793
0.962218
0.977366
0.970636
0.932437
0.871681
0.961854
0.761376
0.906466
0.973246
0.942852
0.991298
0.891419
0.99139
0.960159
0.936318
0.729121
0.980019
0.949298
0.958916
0.989926
0.885994
0.981887
0.987192
0.975223
0.98987
0.922267
0.993056
0.835945
0.964461
0.985367
0.822422
0.990247
0.884589
0.883601
0.987884
0.822186
0.972013
0.997518
0.920641
0.891623
0.879812
0.941679
0.96106
0.748152
0.968646
0.986442
0.982265
0.992512
0.955753
0.984006
0.930859
0.943759
0.850507
0.987701
0.905869
0.942269
0.959244
0.96915
0.980806
0.948313
0.750575
0.950622
0.99866
0.874188
0.984577
0.984874
0.976375
0.946089
0.658249
0.931387
0.986318
0.809605
0.951195
0.987926
0.818029
0.979332
0.731257
0.974887
0.980979
0.990062
0.796046
0.98434
0.979892
0.763905
0.919077
0.975552
0.892843
0.968973
0.992907
0.982918
0.990914
0.83624
0.949434
0.827294
0.936746
0.992396
0.994463
0.861111
0.988692
0.924914
0.984629
0.973922
0.983383
0.983227
0.881876
0.940399
0.987816
0.955421
0.96792
0.981681
0.743169
0.983789
0.962607
0.986816
0.830143
0.970193
0.996241
0.946352
0.979997
0.899155
0.982315
0.968478
0.978828
0.991909
0.987983
0.957577
0.960265
0.589111
0.922267
0.962048
0.957196
0.959907
0.964363
0.952893
0.938653
0.944728
0.945868
0.990245
0.955461
0.954263
0.956852
0.804398
0.983799
0.989192
0.987071
0.964125
0.988856
0.962212
0.687521
0.989802
0.989189
0.992271
0.983504
0.9898
0.960847
0.856519
0.968604
0.949569
0.927853
0.960148
0.984101
0.981114
0.927017
0.987855
0.990049
0.763007
0.965177
0.932412
0.98791
0.986473
0.992594
0.992042
0.928731
0.915612
0.979513
0.867213
0.973366
0.993488
0.965644
0.956193
0.75317
0.934953
0.987775
0.963259
0.992002
0.89067
0.998145
0.988766
0.987822
0.98966
0.993403
0.935074
0.961574
0.767007
0.945537
0.989854
0.963299
0.93237
0.982656
0.968973
0.949067
0.966795
0.989884
0.989194
0.707752
0.709123
0.986609
0.986945
0.990634
0.985793
0.698305
0.964108
0.802339
0.989027
0.973918
0.92311
0.938062
0.980073
0.997664
0.993786
0.853996
0.90298
0.974621
0.984108
0.919616
0.975595
0.95025
0.8145
0.945913
0.939103
0.980777
0.961854
0.971231
0.744094
0.717859
0.986512
0.917623
0.988988
0.991017
0.938972
0.986209
0.963633
0.980605
0.938165
0.994288
0.995047
0.962105
0.948676
0.887905
0.985
0.951194
0.952574
0.983634
0.875833
0.982886
0.943921
0.978099
0.929534
0.825412
0.988482
0.897775
0.985039
0.985393
0.987997
0.935992
0.982309
0.929974
0.948922
0.938941
0.957955
0.937298
0.768038
0.973745
0.900469
0.958435
0.992361
0.945587
0.98984
0.984843
0.901356
0.879055
0.928698
0.981442
0.989923
0.841745
0.800362
0.835931
0.975586
0.984364
0.961632
0.970856
0.736987
0.960997
0.939038
0.931186
0.99053
0.797758
0.973269
0.97125
0.978094
0.990838
0.990693
0.949392
0.988164
0.910791
0.986178
0.988503
0.981161
0.995497
0.942321
0.968797
0.893539
0.972061
0.949404
0.793972
0.980548
0.951426
0.989351
0.981367
0.95198
0.935915
0.989384
0.900023
0.964342
0.966658
0.888845
0.839661
0.897717
0.990116
0.960033
0.95846
0.942615
0.978266
0.980427
0.777662
0.934568
0.98421
0.966034
0.987733
0.98295
0.98689
0.98231
0.901592
0.991314
0.977585
0.9805
0.986541
0.982647
0.931237
0.931432
0.976654
0.987074
0.986208
0.970389
0.848507
0.978581
0.952276
0.992669
0.985351
0.99155
0.988548
0.959719
0.985044
0.951042
0.923889
0.902634
0.986164
0.696804
0.968434
0.967378
0.911011
0.971005
0.989388
0.85832
0.967614
0.959787
0.764241
0.945448
0.988836
0.844955
0.877801
0.959162
0.717607
0.992527
0.948835
0.751103
0.928944
0.900794
0.838731
0.857293
0.986825
0.906518
0.978613
0.982762
0.829322
0.909498
0.960884
0.983199
0.981617
0.966763
0.910755
0.979316
0.969699
0.934165
0.995309
0.98476
0.750307
0.968045
0.990322
0.931994
0.944008
0.922008
0.948523
0.946317
0.951319
0.769214
0.745544
0.936122
0.901788
0.992259
0.981957
0.93056
0.951291
0.961535
0.98151
0.946962
0.994808
0.976991
0.980377
0.959758
0.985289
0.984245
0.970779
0.940786
0.932501
0.972168
0.935385
0.937571
0.762576
0.935147
0.941836
0.993066
0.826267
0.988868
0.931278
0.989343
0.957066
0.986529
0.939891
0.966519
0.955366
0.957107
0.990495
0.930407
0.981873
0.991655
0.989151
0.907575
0.983385
0.911633
0.989925
0.952255
0.96907
0.967732
0.948811
0.883936
0.926392
0.993015
0.678371
0.971081
0.948091
0.992336
0.979513
0.996087
0.973429
0.978292
0.933806
0.990651
0.993944
0.984805
0.997158
0.932883
0.923595
0.980629
0.914226
0.990665
0.988453
0.932125
0.986195
0.858751
0.934462
0.938072
0.980098
0.974486
0.98083
0.956988
0.990666
0.954091
0.89772
0.9666
0.980981
0.826321
0.963063
0.987847
0.939618
0.970434
0.941011
0.911071
0.668262
0.998046
0.794436
0.918234
0.969178
0.982819
0.982359
0.965792
0.989968
0.988212
0.831187
0.981551
0.979003
0.747807
0.965111
0.972191
0.989451
0.956599
0.987028
0.991753
0.990084
0.811567
0.938658
0.993337
0.984712
0.974494
0.987502
0.982238
0.978078
0.990431
0.977192
0.988909
0.980516
0.972982
0.944636
0.680367
0.990459
0.9359
0.985112
0.975716
0.94761
0.931954
0.98057
0.987028
0.984919
0.982466
0.97455
0.868173
0.983568
0.880923
0.985911
0.986477
0.867121
0.971219
0.945886
0.932394
0.966033
0.953394
0.759857
0.975869
0.892595
0.885744
0.986852
0.898641
0.934169
0.968879
0.907139
0.9865
0.988172
0.942261
0.830821
0.884474
0.974903
0.953917
0.978925
0.943517
0.991127
0.999061
0.963385
0.987829
0.975839
0.951648
0.76965
0.925146
0.981685
0.992164
0.943055
0.764192
0.991566
0.976654
0.788398
0.985753
0.960033
0.778441
0.991151
0.979381
0.923775
0.916802
0.931982
0.901806
0.840798
0.803793
0.980064
0.983592
0.979521
0.930634
0.998665
0.969166
0.989208
0.974414
0.8883
0.942342
0.84248
0.977155
0.791026
0.993337
0.992518
0.972608
0.91417
0.831483
0.872218
0.881616
0.99255
0.8971
0.924684
0.991967
0.961722
0.981787
0.96797
0.808803
0.931866
0.890343
0.987822
0.993423
0.986429
0.884474
0.941354
0.92686
0.907907
0.773959
0.98108
0.790253
0.993481
0.953718
0.981855
0.953747
0.900929
0.834281
0.937998
0.992833
0.913718
0.923755
0.982395
0.98247
0.941011
0.730459
0.931638
0.986521
0.933094
0.985426
0.925826
0.990564
0.994808
0.876188
0.977224
0.969256
0.853968
0.97483
0.900868
0.969079
0.982782
0.981195
0.937684
0.997289
0.964811
0.971438
0.950186
0.928465
0.768146
0.993507
0.789922
0.956897
0.748007
0.80772
0.989815
0.904805
0.964024
0.941961
0.932436
0.97945
0.97693
0.796655
0.982395
0.968616
0.816899
0.977852
0.956085
0.858871
0.995969
0.990671
0.902135
0.88812
0.972367
0.880015
0.839308
0.986939
0.982648
0.790037
0.860728
0.982148
0.878424
0.981152
0.982789
0.889519
0.872282
0.785983
0.941337
0.925586
0.963676
0.878001
0.95268
0.957128
0.926286
0.95981
0.945092
0.975575
0.931897
0.990604
0.928985
0.992474
0.964407
0.983012
0.994356
0.96781
0.752587
0.977817
0.990027
0.994153
0.97243
0.90993
0.885084
0.968865
0.991105
0.910236
0.890817
0.990129
0.712045
0.963886
0.995224
0.962093
0.969919
0.714421
0.979368
0.980196
0.991899
0.932251
0.853968
0.983417
0.813856
0.990992
0.979335
0.999243
0.922289
0.586948
0.987052
0.790034
0.800882
0.924982
0.987254
0.784225
0.970731
0.796961
0.943351
0.91902
0.958325
0.837299
0.96324
0.99093
0.984193
0.98846
0.979282
0.87938
0.983346
0.965064
0.948033
0.843443
0.953056
0.749705
0.914711
0.985981
0.987349
0.8421
0.851995
0.987415
0.950009
0.972078
0.971269
0.976795
0.930846
0.766798
0.977908
0.982242
0.991629
0.971541
0.956777
0.952937
0.726291
0.874814
0.988009
0.901426
0.954111
0.959468
0.960569
0.977983
0.994706
0.906855
0.969702
0.998888
0.945671
0.894575
0.924378
0.987871
0.978104
0.998138
0.971853
0.985788
0.968882
0.884981
0.741505
0.992584
0.978194
0.91529
0.99264
0.924439
0.983736
0.983945
0.915786
0.866621
0.955563
0.775011
0.814967
0.812225
0.995355
0.818111
0.813032
0.863543
0.946352
0.989539
0.95078
0.834085
0.815893
0.766202
0.975041
0.945307
0.728419
0.920985
0.879715
0.969323
0.993055
0.77229
0.784949
0.793636
0.94584
0.935838
0.962222
0.877789
0.832385
0.935307
0.968359
0.983672
0.938583
0.816998
0.976972
0.801969
0.995799
0.977691
0.945056
0.905186
0.791543
0.986571
0.930102
0.85453
0.803435
0.947468
0.94539
0.959346
0.975434
0.956035
0.998046
0.951563
0.821528
0.691304
0.977705
0.983396
0.955151
0.728942
0.956605
0.93991
0.957085
0.796307
0.754134
0.905944
0.948905
0.899282
0.96777
0.890341
0.927279
0.95033
0.985531
0.972501
0.978409
0.991113
0.932161
0.813697
0.946217
0.976545
0.946959
0.892938
0.951037
0.995507
0.879274
0.981681
0.982685
0.967057
0.963732
0.840793
0.983377
0.96128
0.977128
0.968519
0.863909
0.961734
0.822648
0.844887
0.817989
0.82892
0.785861
0.828458
0.807637
0.983106
0.8322
0.862428
0.82186
0.994521
0.881254
0.712354
0.950104
0.959245
0.983829
0.966856
0.847966
0.99174
0.976803
0.934078
0.923468
0.978952
0.886663
0.911449
0.973646
0.955821
0.97523
0.839151
0.927669
0.828603
0.983433
0.968459
0.99416
0.851643
0.949951
0.967048
0.951823
0.93588
0.842131
0.978006
0.958618
0.973321
0.985389
0.79802
0.93234
0.965518
0.904523
0.954446
0.895272
0.747339
0.932904
0.98979
0.825577
0.98509
0.934259
0.952551
0.991658
0.798827
0.983911
0.815212
0.956407
0.920925
0.978263
0.985862
0.960067
0.989918
0.979895
0.683722
0.89913
0.955819
0.912336
0.987596
0.760998
0.920883
0.814367
0.71962
0.959982
0.98114
0.987068
0.965286
0.835492
0.950778
0.95021
0.960456
0.957664
0.968392
0.978462
0.989739
0.960282
0.944742
0.697183
0.944773
0.891187
0.990895
0.965469
0.821916
0.926414
0.995201
0.838505
0.839113
0.991797
0.792246
0.958663
0.845357
0.930009
0.941783
0.980681
0.989378
0.797467
0.963201
0.844732
0.986299
0.966593
0.855901
0.892178
0.989652
0.993952
0.816575
0.943777
0.789778
0.959274
0.739072
0.986945
0.879297
0.905832
0.979761
0.890469
0.941769
0.970397
0.904656
0.903999
0.914483
0.923512
0.974177
0.970785
0.961382
0.941836
0.959941
0.909215
0.982389
0.975097
0.99096
0.943979
0.990005
0.99315
0.916921
0.920627
0.786758
0.811493
0.99303
0.9447
0.93867
0.990496
0.874071
0.980254
0.958332
0.927579
0.677443
0.95552
0.860722
0.983149
0.839622
0.946204
0.96789
0.861482
0.968864
0.987751
0.871634
0.985137
0.913639
0.898013
0.993856
0.787773
0.979185
0.991177
0.832408
0.986615
0.835068
0.855298
0.75309
0.964212
0.969257
0.98908
0.905029
0.963228
0.976886
0.899871
0.988984
0.839562
0.817853
0.971369
0.963335
0.740973
0.99471
0.750647
0.965437
0.891324
0.861094
0.959619
0.964423
0.989963
0.951634
0.96038
0.995085
0.95734
0.869028
0.933105
0.961637
0.952344
0.788005
0.802489
0.936636
0.989519
0.977843
0.949429
0.921952
0.980448
0.791016
0.988162
0.943771
0.938908
0.9946
0.985101
0.909631
0.972454
0.959434
0.824642
0.992681
0.951281
0.945038
0.903927
0.981056
0.963063
0.95288
0.941633
0.95055
0.806787
0.980405
0.837867
0.988024
0.879379
0.952015
0.905903
0.991848
0.903999
0.839783
0.83282
0.818795
0.948133
0.875112
0.798325
0.762791
0.963783
0.913831
0.989792
0.892926
0.947656
0.981251
0.767199
0.978609
0.98904
0.971501
0.851365
0.963951
0.981535
0.949372
0.928949
0.927877
0.968581
0.977327
0.80807
0.785148
0.970733
0.978409
0.975713
0.843121
0.878154
0.99386
0.944448
0.733525
0.975173
0.96513
0.87042
0.987411
0.90097
0.967896
0.980076
0.943563
0.96365
0.947694
0.967521
0.961927
0.98919
0.971516
0.846694
0.875831
0.808835
0.898883
0.710683
0.751029
0.901745
0.839748
0.967944
0.894737
0.993747
0.974676
0.6859
0.982364
0.905384
0.959749
0.995214
0.986912
0.864619
0.970741
0.779866
0.990049
0.993972
0.813811
0.767017
0.975863
0.937363
0.958355
0.938784
0.832454
0.905384
0.97028
0.874679
0.979405
0.770679
0.951289
0.982175
0.922025
0.983579
0.981881
0.935224
0.924537
0.97758
0.989435
0.873488
0.945147
0.987096
0.980665
0.91176
0.960744
0.961921
0.949041
0.898273
0.788697
0.992117
0.987182
0.978171
0.950871
0.992702
0.971363
0.984261
0.970068
0.944471
0.857294
0.970813
0.911278
0.978086
0.951963
0.982006
0.909359
0.835652
0.946097
0.901229
0.966371
0.94782
0.98249
0.957577
0.922049
0.871539
0.936728
0.934276
0.952308
0.904124
0.988877
0.940797
0.974978
0.985348
0.863936
0.964155
0.922765
0.945357
0.969517
0.97008
0.919993
0.982187
0.986918
0.986727
0.941157
0.806932
0.841023
0.850512
0.914815
0.981392
0.977053
0.923509
0.964013
0.993549
0.943759
0.929124
0.799874
0.935056
0.802296
0.986407
0.928465
0.946406
0.944918
0.957256
0.72127
0.774363
0.953169
0.973589
0.996874
0.955393
0.797226
0.986059
0.686806
0.993819
0.987104
0.95031
0.779086
0.953252
0.992248
0.975132
0.990942
0.797776
0.81892
0.978391
0.888262
0.990517
0.93089
0.826225
0.982145
0.946349
0.773607
0.913525
0.966317
0.975402
0.981392
0.981882
0.963261
0.984234
0.878293
0.830542
0.975971
0.819004
0.95161
0.966719
0.982943
0.934832
0.959917
0.752374
0.960475
0.826493
0.999297
0.859543
0.990088
0.928954
0.961147
0.918994
0.917877
0.837769
0.954672
0.987484
0.978801
0.98057
0.98424
0.797195
0.993412
0.637749
0.99105
0.965527
0.884066
0.973734
0.975959
0.913274
0.99175
0.990006
0.967396
0.956919
0.942472
0.937902
0.912845
0.947337
0.916829
0.980318
0.916267
0.906789
0.978363
0.990366
0.91222
0.957489
0.968674
0.983944
0.968849
0.986079
0.985243
0.815739
0.781992
0.983177
0.839308
0.986186
0.962091
0.950051
0.942538
0.93103
0.942476
0.981593
0.970577
0.975258
0.917187
0.982423
0.996793
0.871013
0.873861
0.830082
0.92904
0.961838
0.952464
0.815665
0.982007
0.960638
0.945588
0.991279
0.969041
0.966182
0.855145
0.925172
0.993036
0.962765
0.965791
0.996041
0.863038
0.928069
0.948647
0.976417
0.982256
0.987716
0.989235
0.990028
0.98141
0.819514
0.947007
0.933835
0.975814
0.965704
0.925091
0.98984
0.973227
0.9526
0.928767
0.931609
0.954041
0.915291
0.977836
0.921914
0.936886
0.983461
0.843172
0.980097
0.939343
0.989929
0.957767
0.978218
0.941233
0.879913
0.910742
0.978113
0.930106
0.935366
0.984366
0.928235
0.984264
0.976906
0.952644
0.779673
0.846156
0.689732
0.989192
0.847548
0.977766
0.985289
0.989583
0.891401
0.992108
0.977286
0.982119
0.900928
0.989885
0.985588
0.969226
0.776911
0.981525
0.961713
0.944215
0.904717
0.814675
0.911893
0.971405
0.920656
0.912887
0.963102
0.971427
0.842782
0.99303
0.833096
0.927086
0.819384
0.965907
0.922198
0.969717
0.992204
0.994443
0.814542
0.983978
0.960281
0.95783
0.975454
0.802494
0.850387
0.840774
0.911624
0.842018
0.979639
0.989213
0.977028
0.929295
0.996637
0.982235
0.971404
0.892109
0.98069
0.839098
0.9885
0.943659
0.944512
0.914982
0.947432
0.917773
0.939112
0.96339
0.978498
0.94842
0.987737
0.69731
0.973104
0.845939
0.85667
0.954375
0.930508
0.95536
0.942308
0.989535
0.950147
0.82022
0.970417
0.84066
0.878888
0.942352
0.918704
0.95056
0.996941
0.959268
0.954544
0.876941
0.948693
0.982251
0.722372
0.984663
0.988653
0.994895
0.9926
0.827552
0.9949
0.973085
0.994037
0.941823
0.967362
0.982628
0.993198
0.881591
0.866955
0.909837
0.987596
0.943797
0.991728
0.989928
0.913562
0.969135
0.9535
0.969088
0.988357
0.973475
0.992807
0.940032
0.809713
0.944573
0.893198
0.930362
0.994889
0.99367
0.907798
0.943956
0.975508
0.852086
0.947781
0.936684
0.963695
0.963963
0.97119
0.982395
0.983243
0.951711
0.954405
0.974562
0.97644
0.94999
0.925664
0.961923
0.934928
0.994671
0.937568
0.97369
0.782656
0.955741
0.972499
0.82257
0.971323
0.987438
0.989006
0.839175
0.936075
0.845496
0.95336
0.951044
0.979852
0.871645
0.952167
0.984546
0.961614
0.972127
0.964592
0.944942
0.964676
0.990388
0.946182
0.991032
0.900195
0.973962
0.82518
0.977649
0.988475
0.967716
0.809588
0.983738
0.996095
0.8778
0.939383
0.847939
0.75634
0.986404
0.935923
0.991889
0.924896
0.837306
0.793843
0.901014
0.978532
0.746523
0.982832
0.816443
0.997236
0.990548
0.973959
0.994416
0.970875
0.953676
0.987496
0.979752
0.967274
0.976097
0.7742
0.971262
0.970119
0.952995
0.944199
0.871626
0.976691
0.939285
0.960646
0.941862
0.97889
0.956634
0.970943
0.756866
0.943464
0.696845
0.884087
0.989043
0.9497
0.989924
0.981986
0.707601
0.957364
0.914307
0.966623
0.955197
0.985603
0.992444
0.993157
0.900157
0.990651
0.919037
0.988597
0.811686
0.960363
0.79763
0.800929
0.910571
0.861512
0.77327
0.993476
0.867372
0.982751
0.987586
0.797672
0.95536
0.853698
0.960055
0.865953
0.983461
0.910315
0.844536
0.98714
0.960168
0.974909
0.885487
0.985906
0.986602
0.854317
0.947383
0.959777
0.944639
0.978576
0.785589
0.983698
0.991784
0.986815
0.947199
0.990394
0.734255
0.816982
0.989585
0.994642
0.991148
0.991523
0.988089
0.87049
0.990163
0.785712
0.8731
0.963869
0.993103
0.991157
0.901663
0.948707
0.995907
0.888913
0.979417
0.978239
0.988009
0.954774
0.99088
0.973859
0.974114
0.866944
0.856858
0.994581
0.964491
0.815683
0.938792
0.969766
0.837443
0.993802
0.989423
0.83077
0.942342
0.994702
0.823973
0.972874
0.977405
0.955931
0.9635
0.76443
0.958081
0.877954
0.915676
0.959812
0.995213
0.956024
0.981643
0.988122
0.98045
0.817959
0.933571
0.885136
0.983875
0.845921
0.983584
0.911457
0.944708
0.994008
0.897173
0.946904
0.765461
0.989572
0.987378
0.945505
0.981313
0.83562
0.967323
0.947488
0.991065
0.939958
0.961008
0.892053
0.97962
0.956468
0.866353
0.790766
0.978274
0.990366
0.987176
0.937455
0.948735
0.884299
0.944859
0.973314
0.974915
0.742701
0.821725
0.898875
0.970908
0.921781
0.994436
0.980829
0.982531
0.919104
0.964255
0.836955
0.967438
0.986123
0.970734
0.923123
0.94511
0.767883
0.980957
0.977483
0.964639
0.707052
0.905837
0.966689
0.972903
0.915697
0.896081
0.962862
0.987068
0.977683
0.976399
0.968746
0.952015
0.912322
0.907499
0.88218
0.771782
0.979152
0.91948
0.990535
0.959405
0.969917
0.782965
0.986909
0.928105
0.975237
0.99435
0.960614
0.988551
0.882898
0.99253
0.981839
0.818931
0.981967
0.963336
0.803599
0.847976
0.983799
0.953239
0.986557
0.789935
0.90626
0.981921
0.982702
0.789161
0.892714
0.991322
0.987766
0.944454
0.942783
0.98834
0.937246
0.961864
0.978286
0.954192
0.810362
0.939852
0.985651
0.973982
0.939503
0.915702
0.753764
0.969377
0.986594
0.97695
0.982112
0.80382
0.980911
0.966632
0.95238
0.984904
0.966914
0.866268
0.989562
0.964882
0.985159
0.947012
0.977855
0.920508
0.985959
0.947451
0.99097
0.942703
0.90424
0.8939
0.828429
0.893587
0.951804
0.941671
0.976482
0.988351
0.947266
0.989359
0.911177
0.961097
0.88682
0.904859
0.949208
0.936471
0.81771
0.966682
0.753625
0.985535
0.978018
0.852705
0.894517
0.980962
0.992841
0.981017
0.698597
0.917697
0.985535
0.972533
0.852428
0.937154
0.962429
0.945745
0.959338
0.914966
0.995777
0.94007
0.973186
0.998076
0.981855
0.830203
0.959758
0.961749
0.982209
0.903111
0.682553
0.893872
0.974179
0.983766
0.822995
0.974543
0.941227
0.976132
0.990824
0.960255
0.744232
0.982784
0.966968
0.945822
0.981189
0.932687
0.989451
0.879126
0.987431
0.842414
0.984101
0.99031
0.992901
0.885774
0.80548
0.975236
0.933855
0.986496
0.92995
0.75017
0.988367
0.964076
0.868851
0.978407
0.81906
0.868273
0.987502
0.917765
0.93755
0.867159
0.75996
0.910015
0.964234
0.94787
0.764292
0.845034
0.876399
0.794532
0.948142
0.895843
0.740991
0.921986
0.876321
0.96077
0.978345
0.859089
0.980231
0.913389
0.718562
0.879979
0.921034
0.989027
0.926788
0.987342
0.774646
0.985338
0.939078
0.916329
0.989197
0.994274
0.933308
0.874997
0.96375
0.898182
0.989322
0.908503
0.97582
0.988391
0.978814
0.988436
0.985924
0.81505
0.94147
0.955903
0.992583
0.961229
0.995087
0.930131
0.978547
0.990745
0.974438
0.983625
0.981817
0.977271
0.869392
0.969431
0.882756
0.94035
0.926071
0.951052
0.977217
0.980553
0.970382
0.930081
0.906806
0.951078
0.978189
0.924251
0.97179
0.922828
0.965525
0.983542
0.950286
0.984916
0.763697
0.771366
0.954437
0.978458
0.982881
0.984882
0.985506
0.940926
0.876433
0.985467
0.974798
0.990971
0.956168
0.954282
0.951282
0.990454
0.946388
0.990111
0.824348
0.887354
0.98768
0.98341
0.808205
0.956588
0.885705
0.992571
0.814153
0.784922
0.944728
0.988463
0.956875
0.965123
0.982489
0.759596
0.986918
0.971919
0.983346
0.90357
0.969525
0.987431
0.974893
0.983732
0.957189
0.989162
0.789296
0.989727
0.989805
0.945076
0.965408
0.784034
0.963934
0.942993
0.987599
0.989295
0.9876
0.969042
0.990805
0.979903
0.957587
0.759216
0.982782
0.969022
0.934226
0.997057
0.78953
0.957848
0.98449
0.99227
0.983561
0.969709
0.97047
0.991661
0.914501
0.929502
0.904619
0.903756
0.941949
0.971706
0.936315
0.905217
0.990655
0.971978
0.975048
0.986473
0.977203
0.866882
0.951484
0.991441
0.788507
0.911633
0.916951
0.973366
0.913542
0.98647
0.948179
0.98711
0.966795
0.973276
0.989699
0.97201
0.98165
0.84353
0.939728
0.946804
0.991136
0.978559
0.931489
0.758257
0.926992
0.959416
0.927681
0.928722
0.949602
0.920318
0.963961
0.843823
0.815925
0.99255
0.823843
0.990016
0.881119
0.986976
0.909554
0.920641
0.963143
0.937298
0.730099
0.978466
0.956614
0.856029
0.973485
0.930074
0.863306
0.882986
0.985637
0.943921
0.91055
0.876641
0.935056
0.95921
0.959628
0.985929
0.969763
0.963657
0.935542
0.988133
0.912538
0.974338
0.973618
0.87892
0.972078
0.987468
0.890016
0.935727
0.98761
0.972069
0.971928
0.98118
0.834554
0.983652
0.982908
0.974784
0.923164
0.908874
0.971102
0.986311
0.818414
0.833735
0.943581
0.977051
0.732045
0.848211
0.980737
0.956943
0.988502
0.87967
0.951845
0.984536
0.826905
0.949965
0.87853
0.921914
0.911426
0.98597
0.714479
0.713616
0.93893
0.955726
0.992087
0.893051
0.977028
0.928975
0.930364
0.986041
0.983935
0.967786
0.979612
0.968432
0.980289
0.892332
0.969879
0.902654
0.971559
0.85204
0.969166
0.976151
0.964548
0.986708
0.989511
0.987621
0.935555
0.98825
0.96694
0.931735
0.917155
0.990503
0.925373
0.942597
0.951309
0.909271
0.98664
0.987667
0.985688
0.97653
0.96373
0.922502
0.990288
0.751006
0.92541
0.983902
0.74848
0.834602
0.946758
0.987426
0.99293
0.986812
0.958007
0.991324
0.991376
0.987507
0.9223
0.933303
0.971655
0.92024
0.980581
0.982872
0.861145
0.984796
0.961505
0.987223
0.987144
0.964342
0.998273
0.965474
0.963297
0.915113
0.942481
0.994187
0.986212
0.90731
0.916394
0.987131
0.978194
0.961178
0.733886
0.899543
0.956912
0.827619
0.929115
0.973549
0.985803
0.990453
0.976344
0.782173
0.984191
0.964498
0.963441
0.984526
0.941043
0.959275
0.966534
0.775393
0.980905
0.984963
0.830082
0.938308
0.953408
0.961226
0.990036
0.823306
0.941792
0.95164
0.978127
0.903639
0.872471
0.978517
0.964076
0.980503
0.978172
0.942518
0.918721
0.959489
0.989802
0.903999
0.854354
0.98407
0.813566
0.946308
0.934581
0.970856
0.960627
0.780361
0.92376
0.898029
0.969766
0.989687
0.957256
0.974578
0.75159
0.952636
0.910015
0.930852
0.779775
0.916846
0.954554
0.757575
0.84136
0.953703
0.960561
0.965365
0.971697
0.933591
0.921092
0.838076
0.805314
0.977099
0.986918
0.964596
0.946089
0.78186
0.992151
0.975534
0.966458
0.912509
0.966547
0.77537
0.985781
0.963747
0.942456
0.950329
0.759255
0.980682
0.920319
0.987847
0.853069
0.891632
0.989923
0.968586
0.936795
0.96513
0.944405
0.964506
0.868958
0.94756
0.985992
0.993728
0.98394
0.868595
0.975664
0.981033
0.820709
0.988904
0.77116
0.988735
0.95025
0.955555
0.981888
0.968354
0.96045
0.971494
0.968114
0.752759
0.912925
0.764329
0.911418
0.952082
0.922243
0.834987
0.948157
0.927363
0.946796
0.9642
0.994642
0.979072
0.988537
0.979518
0.809739
0.967187
0.988068
0.827738
0.954694
0.918937
0.949695
0.94548
0.989438
0.992304
0.801634
0.938166
0.956287
0.832876
0.989116
0.92643
0.884579
0.993354
0.877609
0.971389
0.727482
0.977307
0.974305
0.987763
0.950206
0.90403
0.986964
0.915723
0.882789
0.901999
0.955285
0.98996
0.953974
0.979953
0.986852
0.729563
0.946588
0.992045
0.995007
0.910938
0.990044
0.980091
0.97737
0.99049
0.958386
0.908011
0.986407
0.956139
0.968948
0.95576
0.965547
0.866104
0.947776
0.98902
0.986713
0.990803
0.985617
0.889825
0.892604
0.960212
0.981335
0.952355
0.886077
0.965525
0.991535
0.945631
0.882746
0.97455
0.966802
0.966277
0.936944
0.942545
0.951191
0.966391
0.750308
0.991329
0.931738
0.81175
0.90192
0.979815
0.981673
0.990338
0.740056
0.95635
0.757909
0.90744
0.974979
0.829314
0.986435
0.929747
0.839454
0.869003
0.944918
0.986654
0.89315
0.992154
0.948861
0.931805
0.749469
0.85012
0.916932
0.97325
0.776543
0.964437
0.985668
0.936784
0.913997
0.86832
0.784212
0.815024
0.805379
0.854889
0.958946
0.601819
0.914774
0.949309
0.940094
0.791395
0.830635
0.95445
0.964665
0.988267
0.996297
0.981341
0.823861
0.966668
0.975056
0.985039
0.9739
0.984626
0.815388
0.69956
0.987119
0.974933
0.960124
0.845389
0.979246
0.980303
0.961178
0.996492
0.916198
0.989819
0.972276
0.947993
0.98533
0.943907
0.97687
0.986794
0.97694
0.973577
0.904431
0.922251
0.954839
0.925172
0.94336
0.948648
0.994648
0.902609
0.971581
0.928856
0.919069
0.95571
0.962871
0.965009
0.993268
0.991441
0.895489
0.944726
0.990343
0.978682
0.988351
0.990535
0.95528
0.983783
0.929021
0.809279
0.990757
0.982457
0.872621
0.975097
0.987664
0.878016
0.980166
0.962628
0.967132
0.973612
0.9336
0.797077
0.98794
0.984036
0.984029
0.960212
0.982315
0.993695
0.894885
0.910997
0.869395
0.908044
0.790464
0.892843
0.98736
0.764731
0.962687
0.993349
0.92739
0.880022
0.991226
0.792816
0.903743
0.992195
0.981418
0.825774
0.930085
0.762296
0.961073
0.843875
0.972433
0.987986
0.973198
0.971635
0.964802
0.968625
0.997635
0.993998
0.930718
0.983987
0.984141
0.981921
0.988533
0.979862
0.986956
0.980732
0.831968
0.968642
0.992042
0.934589
0.964665
0.995813
0.956892
0.908767
0.889826
0.963993
0.909019
0.913203
0.932964
0.917212
0.985131
0.97924
0.963766
0.958014
0.996213
0.846095
0.982647
0.975256
0.753509
0.909599
0.961711
0.992574
0.973158
0.953092
0.95242
0.969808
0.944325
0.993201
0.856754
0.690457
0.97759
0.805823
0.915376
0.839895
0.997545
0.909385
0.965529
0.928334
0.853522
0.988533
0.958599
0.832398
0.955205
0.987779
0.954699
0.973441
0.984424
0.971097
0.988564
0.957809
0.983738
0.573891
0.869662
0.989109
0.968757
0.941043
0.927939
0.983253
0.989253
0.92947
0.962475
0.97991
0.84164
0.985084
0.960125
0.994269
0.996002
0.883062
0.978122
0.927171
0.9844
0.855231
0.843639
0.979548
0.97416
0.905763
0.989727
0.96523
0.960987
0.984317
0.972716
0.989996
0.89442
0.930923
0.824172
0.955512
0.956167
0.961679
0.989477
0.980484
0.988287
0.930121
0.924576
0.992256
0.877644
0.910938
0.975218
0.970156
0.928512
0.992355
0.968358
0.979845
0.993447
0.870259
0.851182
0.972569
0.81509
0.955637
0.959031
0.866027
0.940179
0.82645
0.974366
0.946669
0.984262
0.984388
0.838179
0.98076
0.766397
0.946204
0.984243
0.99763
0.989729
0.746727
0.95772
0.878147
0.868572
0.992025
0.960119
0.956699
0.971676
0.91638
0.974755
0.903815
0.983337
0.979966
0.907944
0.988941
0.989967
0.961474
0.750794
0.803274
0.78733
0.978824
0.978784
0.943695
0.984016
0.971412
0.982395
0.949948
0.969757
0.910367
0.975714
0.916221
0.990562
0.992093
0.972192
0.900639
0.766841
0.922243
0.956756
0.951895
0.965698
0.900652
0.909217
0.976923
0.968623
0.969001
0.92685
0.965474
0.983563
0.951296
0.96722
0.980724
0.959963
0.908948
0.887083
0.833828
0.978601
0.974908
0.698902
0.952255
0.95995
0.973195
0.98401
0.993309
0.991303
0.929523
0.942615
0.992303
0.846332
0.574299
0.970077
0.918033
0.938824
0.951083
0.979732
0.982534
0.975215
0.979172
0.743655
0.898342
0.958355
0.992176
0.933372
0.907848
0.96111
0.94285
0.934581
0.944233
0.920294
0.868989
0.990432
0.982565
0.959302
0.961859
0.968676
0.927669
0.929567
0.934537
0.966909
0.845096
0.798018
0.98305
0.97898
0.965153
0.994314
0.947776
0.745991
0.73601
0.990397
0.968622
0.933301
0.978036
0.9981
0.992495
0.981192
0.972266
0.964157
0.90409
0.978953
0.732453
0.936817
0.839931
0.976675
0.907821
0.986537
0.993852
0.97085
0.878196
0.988744
0.96833
0.872705
0.961809
0.980444
0.976955
0.991047
0.936591
0.995403
0.983911
0.967841
0.905587
0.895849
0.990212
0.891953
0.958234
0.923956
0.946215
0.947821
0.939643
0.911626
0.908641
0.975989
0.965207
0.971089
0.960255
0.776585
0.974933
0.975041
0.986158
0.908011
0.984288
0.929058
0.986703
0.872471
0.716775
0.970612
0.985721
0.984627
0.819954
0.834059
0.966937
0.960502
0.958785
0.919527
0.990988
0.95148
0.924082
0.852108
0.993323
0.986422
0.94916
0.965828
0.939014
0.971851
0.993319
0.997867
0.997739
0.885195
0.920187
0.969054
0.909931
0.87892
0.913739
0.97692
0.942841
0.916877
0.946215
0.650924
0.944664
0.987979
0.993323
0.990863
0.915327
0.964031
0.92376
0.813901
0.958843
0.948464
0.965776
0.986147
0.980019
0.90927
0.832947
0.943296
0.852517
0.840722
0.877667
0.743448
0.942149
0.907407
0.959719
0.983911
0.974593
0.96286
0.937565
0.994293
0.959188
0.992102
0.930864
0.715688
0.943377
0.937048
0.950319
0.948707
0.928585
0.818709
0.95901
0.711112
0.981017
0.758849
0.966534
0.977738
0.854568
0.835652
0.95269
0.864731
0.990403
0.966555
0.731544
0.967132
0.994313
0.877893
0.914412
0.986942
0.974371
0.661996
0.921651
0.815981
0.972671
0.938166
0.990754
0.911449
0.962932
0.99103
0.963409
0.993
0.797414
0.986375
0.938497
0.941705
0.981887
0.954787
0.808782
0.941335
0.953271
0.951957
0.797776
0.99107
0.926726
0.965504
0.968026
0.817771
0.977406
0.968541
0.907514
0.930074
0.970724
0.95963
0.741186
0.960487
0.986768
0.979034
0.925051
0.962579
0.78611
0.84513
0.966563
0.990449
0.946775
0.975658
0.957465
0.974067
0.932817
0.986087
0.977127
0.882589
0.902776
0.977286
0.995228
0.893424
0.913636
0.880125
0.982874
0.85581
0.99102
0.933303
0.974602
0.898186
0.984327
0.988213
0.933067
0.789479
0.98014
0.991872
0.996863
0.988647
0.98725
0.997914
0.945637
0.885705
0.947891
0.876483
0.984053
0.997631
0.978501
0.915601
0.943608
0.927533
0.924769
0.903319
0.967116
0.912185
0.792492
0.961013
0.968574
0.96035
0.906414
0.971247
0.988784
0.963755
0.791857
0.971401
0.95877
0.987349
0.991069
0.967535
0.955871
0.930909
0.817392
0.803626
0.978151
0.96356
0.944211
0.963392
0.908101
0.972134
0.968365
0.939852
0.990913
0.971599
0.957287
0.943835
0.906728
0.978151
0.875667
0.895474
0.902034
0.921718
0.990696
0.950609
0.820261
0.978823
0.971225
0.906406
0.968358
0.970581
0.74698
0.816148
0.988741
0.913698
0.948155
0.920591
0.881596
0.896297
0.995913
0.946259
0.875239
0.88201
0.944574
0.885994
0.987441
0.743119
0.987448
0.764577
0.950755
0.977341
0.934712
0.924572
0.806142
0.9576
0.976495
0.969734
0.919435
0.932793
0.788273
0.952816
0.795343
0.920287
0.883762
0.976344
0.953075
0.719917
0.719626
0.923724
0.946271
0.988696
0.878705
0.976673
0.774116
0.934067
0.986417
0.983496
0.992298
0.7996
0.947107
0.963434
0.955716
0.941631
0.973731
0.867473
0.965304
0.917623
0.936925
0.752333
0.979431
0.951184
0.988021
0.953512
0.903161
0.991065
0.888885
0.995346
0.907978
0.89889
0.953902
0.988706
0.92611
0.972655
0.95468
0.996763
0.95689
0.731776
0.945132
0.868321
0.92466
0.925646
0.997837
0.909108
0.963426
0.954379
0.993991
0.991397
0.920721
0.951753
0.993649
0.862465
0.990952
0.766743
0.795233
0.963455
0.979541
0.990094
0.968304
0.877954
0.992034
0.971988
0.963581
0.919756
0.806913
0.974761
0.972969
0.835329
0.744075
0.919031
0.985008
0.902703
0.773265
0.974229
0.976508
0.880675
0.932459
0.967024
0.952293
0.934685
0.895122
0.906077
0.980572
0.843868
0.824148
0.985616
0.754938
0.935784
0.988522
0.920225
0.995152
0.991135
0.883762
0.896562
0.819428
0.983237
0.967854
0.982852
0.993976
0.93881
0.967546
0.996743
0.883359
0.978801
0.865513
0.951078
0.996685
0.963945
0.972876
0.807567
0.923857
0.945354
0.942855
0.788369
0.983906
0.877835
0.988965
0.904879
0.953607
0.824388
0.921825
0.938136
0.980563
0.95336
0.786666
0.970237
0.791062
0.833702
0.96592
0.97006
0.928327
0.964065
0.937255
0.978447
0.963673
0.942602
0.928135
0.936568
0.95513
0.98309
0.98133
0.974409
0.959763
0.722991
0.978054
0.928712
0.993423
0.93613
0.972206
0.977105
0.982066
0.816153
0.977885
0.97769
0.764554
0.979022
0.91401
0.813137
0.984799
0.954671
0.803699
0.893042
0.990818
0.980994
0.9885
0.896425
0.958248
0.975744
0.973888
0.986875
0.944183
0.938758
0.938324
0.89682
0.955651
0.964811
0.980372
0.916263
0.961601
0.947581
0.979842
0.927546
0.927765
0.869976
0.839406
0.996575
0.986758
0.979799
0.94238
0.975599
0.975524
0.992923
0.939939
0.941123
0.923492
0.954313
0.851432
0.989796
0.996577
0.98921
0.881689
0.975668
0.984773
0.978434
0.952049
0.97185
0.994339
0.99103
0.968442
0.980943
0.986899
0.997109
0.97796
0.98441
0.988073
0.81491
0.996204
0.970985
0.974026
0.965032
0.979278
0.980518
0.802351
0.996121
0.983969
0.967339
0.966173
0.99798
0.856703
0.967204
0.963236
0.961312
0.929383
0.99477
0.967045
0.977868
0.973385
0.78084
0.9285
0.91117
0.985361
0.973727
0.733051
0.958854
0.993484
0.962198
0.660298
0.984062
0.980753
0.994907
0.925152
0.982255
0.970516
0.764749
0.975603
0.967356
0.944565
0.95031
0.996025
0.877606
0.995822
0.91446
0.905166
0.991765
0.981766
0.86652
0.973999
0.949211
0.935859
0.98695
0.934626
0.914006
0.957606
0.899985
0.980586
0.962051
0.880855
0.839731
0.95611
0.673404
0.924626
0.930011
0.966246
0.913504
0.982518
0.855072
0.733217
0.921821
0.993442
0.723368
0.995497
0.78229
0.981871
0.920209
0.808552
0.956436
0.967049
0.926686
0.918694
0.926094
0.991756
0.963767
0.926289
0.930274
0.943827
0.988439
0.961592
0.970542
0.965371
0.996365
0.788899
0.958389
0.985018
0.90282
0.816273
0.837363
0.974503
0.969087
0.917415
0.954565
0.990555
0.912197
0.94219
0.941579
0.953433
0.909876
0.911679
0.991047
0.983091
0.975818
0.870522
0.895222
0.994331
0.997493
0.960553
0.970748
0.968285
0.921242
0.977387
0.778735
0.835018
0.960811
0.992598
0.996833
0.932779
0.84513
0.923936
0.986084
0.996818
0.903897
0.964691
0.965802
0.982744
0.981063
0.922318
0.975886
0.937751
0.987475
0.96609
0.966217
0.961232
0.988704
0.836393
0.831085
0.922732
0.996764
0.976944
0.972515
0.833502
0.814593
0.944324
0.789932
0.98877
0.97619
0.969056
0.991692
0.918614
0.795834
0.974926
0.991936
0.994502
0.966433
0.990015
0.99508
0.984091
0.967239
0.965294
0.945124
0.95461
0.995977
0.997034
0.823351
0.887531
0.913061
0.995101
0.967116
0.970275
0.991746
0.911519
0.977148
0.785673
0.939172
0.940528
0.758172
0.680764
0.970772
0.985152
0.936378
0.845551
0.989701
0.985985
0.991617
0.970882
0.833197
0.923601
0.67249
0.819802
0.893302
0.949053
0.94981
0.725795
0.93569
0.978617
0.912126
0.914463
0.996638
0.813017
0.976424
0.844127
0.947837
0.994203
0.950986
0.895591
0.950465
0.96035
0.925397
0.913793
0.871271
0.986401
0.997014
0.799237
0.872032
0.97477
0.974751
0.923326
0.832258
0.850383
0.96884
0.854699
0.93708
0.996615
0.981787
0.880347
0.985405
0.697512
0.932198
0.735137
0.955819
0.991713
0.972478
0.848918
0.992882
0.914214
0.968735
0.900083
0.98372
0.988921
0.799708
0.974053
0.961289
0.664717
0.989416
0.928925
0.818186
0.783517
0.764833
0.9148
0.852638
0.979481
0.985862
0.834032
0.971239
0.995388
0.76433
0.979415
0.890743
0.974677
0.993018
0.967116
0.970708
0.966095
0.945354
0.974028
0.982143
0.983224
0.975958
0.930141
0.99162
0.760564
0.808865
0.989854
0.967467
0.990403
0.923365
0.904859
0.963793
0.991806
0.758053
0.596266
0.960081
0.993258
0.883289
0.972514
0.971103
0.957606
0.966624
0.986505
0.864773
0.968224
0.998296
0.984545
0.985347
0.973699
0.986978
0.8679
0.95468
0.979246
0.752308
0.982746
0.803462
0.909056
0.965698
0.821593
0.968713
0.990924
0.981213
0.974664
0.981112
0.97227
0.922698
0.954558
0.998466
0.896236
0.964711
0.958585
0.976633
0.983409
0.97215
0.978818
0.727375
0.963706
0.969488
0.980563
0.931906
0.950522
0.98942
0.986733
0.92918
0.853522
0.974641
0.954254
0.845355
0.97797
0.991915
0.968702
0.920989
0.973106
0.934226
0.949295
0.97021
0.968616
0.675241
0.774894
0.986084
0.952341
0.98009
0.989824
0.928701
0.975727
0.990028
0.838851
0.985421
0.794112
0.953027
0.973494
0.965448
0.883396
0.949598
0.971427
0.992012
0.991138
0.84269
0.986208
0.981033
0.990309
0.91797
0.848557
0.975299
0.930579
0.990476
0.870867
0.989386
0.931913
0.877498
0.987054
0.9544
0.979584
0.954468
0.898687
0.922143
0.982903
0.975585
0.967261
0.961473
0.986711
0.982848
0.982137
0.974177
0.981307
0.961452
0.811285
0.97169
0.934866
0.996405
0.940862
0.955044
0.982138
0.856703
0.911299
0.981912
0.98001
0.937595
0.852259
0.970859
0.917431
0.985673
0.990382
0.975222
0.927234
0.965763
0.946097
0.968347
0.910228
0.968257
0.934281
0.926861
0.92599
0.966563
0.991383
0.840661
0.929021
0.880042
0.975081
0.929349
0.913492
0.934995
0.98792
0.992231
0.987888
0.977091
0.93467
0.980665
0.987808
0.990712
0.966403
0.964277
0.914601
0.850244
0.9814
0.947133
0.976372
0.920566
0.988894
0.880781
0.928418
0.781638
0.982439
0.993025
0.973104
0.945966
0.970693
0.919682
0.825412
0.97831
0.967807
0.961466
0.838377
0.783763
0.970796
0.951437
0.784922
0.967047
0.994246
0.842136
0.921127
0.99245
0.983356
0.972881
0.970943
0.727375
0.745749
0.938255
0.992126
0.98276
0.979911
0.960621
0.925722
0.922364
0.921841
0.992265
0.929405
0.878779
0.996681
0.860122
0.992574
0.994643
0.963048
0.950117
0.958583
0.918644
0.980108
0.816548
0.767068
0.981617
0.620246
0.979082
0.968102
0.943854
0.966891
0.912751
0.993549
0.989683
0.648859
0.950476
0.940223
0.911689
0.968857
0.946352
0.976145
0.955444
0.969958
0.995434
0.777812
0.984183
0.785162
0.961006
0.976337
0.987805
0.985867
0.94084
0.966396
0.879956
0.987142
0.991547
0.872293
0.956168
0.97398
0.791801
0.97703
0.983547
0.983862
0.910632
0.982763
0.825577
0.641581
0.978499
0.972323
0.983702
0.991617
0.986661
0.94087
0.848863
0.957225
0.98821
0.96181
0.807989
0.99202
0.972463
0.939572
0.997952
0.86286
0.924965
0.906867
0.971799
0.987538
0.85857
0.891716
0.971252
0.836914
0.970636
0.978844
0.888174
0.937905
0.976777
0.92311
0.975557
0.860722
0.949122
0.925089
0.936544
0.948769
0.963001
0.784454
0.980246
0.992012
0.79946
0.839384
0.890859
0.870565
0.955353
0.955166
0.968467
0.985796
0.982484
0.83165
0.789124
0.980199
0.960597
0.971378
0.803922
0.867665
0.964229
0.988418
0.99664
0.902065
0.981822
0.968365
0.949309
0.977401
0.991165
0.959059
0.791277
0.986704
0.94391
0.901478
0.972267
0.988509
0.982842
0.885051
0.744326
0.979057
0.994718
0.985351
0.949125
0.984971
0.975579
0.97157
0.973079
0.980171
0.945209
0.993573
0.946941
0.933004
0.974538
0.993062
0.980682
0.881876
0.830711
0.903146
0.972161
0.962587
0.796535
0.97203
0.961343
0.980625
0.99581
0.96775
0.937076
0.966113
0.953088
0.94026
0.92778
0.967894
0.989701
0.962894
0.973838
0.971042
0.92397
0.962463
0.986249
0.807961
0.962093
0.952329
0.92025
0.959897
0.981674
0.991115
0.995681
0.992384
0.978456
0.867648
0.891088
0.980483
0.903906
0.983777
0.971671
0.978462
0.991975
0.976414
0.979164
0.944535
0.930308
0.987961
0.905522
0.916596
0.970941
0.777544
0.948953
0.972266
0.875368
0.95772
0.958007
0.977277
0.821602
0.662032
0.964672
0.950168
0.886369
0.952574
0.987829
0.98557
0.873837
0.965509
0.963259
0.934541
0.981784
0.963392
0.912241
0.93895
0.983287
0.805884
0.981382
0.95806
0.949932
0.913086
0.961562
0.987371
0.891612
0.942362
0.984698
0.974083
0.990261
0.982187
0.91736
0.966534
0.965907
0.972641
0.997159
0.89839
0.966918
0.993143
0.886221
0.755548
0.8907
0.72658
0.725648
0.986366
0.816581
0.740557
0.983181
0.792343
0.865124
0.974341
0.958084
0.887924
0.733233
0.97095
0.826576
0.736518
0.991872
0.979483
0.968575
0.952194
0.987319
0.81177
0.943424
0.971497
0.984944
0.813987
0.957577
0.667324
0.995092
0.938845
0.806677
0.984792
0.999415
0.989024
0.97692
0.946669
0.985044
0.936784
0.916601
0.699739
0.972498
0.93187
0.916198
0.845228
0.967343
0.975161
0.962603
0.826825
0.942294
0.83249
0.932271
0.984094
0.934331
0.815381
0.978627
0.857199
0.904363
0.982755
0.985777
0.948249
0.901821
0.932048
0.893247
0.861703
0.969643
0.95646
0.926286
0.947368
0.984591
0.81562
0.852953
0.91192
0.943351
0.773553
0.996631
0.994695
0.955122
0.734147
0.959502
0.9434
0.985964
0.977933
0.789267
0.971507
0.955428
0.99018
0.825774
0.962633
0.988693
0.99071
0.989507
0.836494
0.956553
0.813182
0.986155
0.893852
0.861681
0.985888
0.804929
0.944212
0.988869
0.933675
0.961719
0.909751
0.973317
0.980368
0.802889
0.947584
0.875693
0.732988
0.983758
0.976076
0.980501
0.93333
0.986189
0.977233
0.854473
0.974643
0.947054
0.681651
0.994493
0.813252
0.914853
0.918507
0.988413
0.906383
0.825107
0.946433
0.936928
0.96876
0.973485
0.971411
0.974255
0.696865
0.990946
0.988794
0.992798
0.900137
0.821858
0.923889
0.977286
0.965128
0.97299
0.994806
0.990556
0.990472
0.942722
0.949933
0.951783
0.642596
0.875927
0.985595
0.987328
0.896297
0.593851
0.968577
0.98014
0.956024
0.9967
0.961633
0.985167
0.96356
0.747339
0.876124
0.792492
0.827889
0.866665
0.822085
0.982207
0.867262
0.938301
0.648802
0.817392
0.989977
0.976132
0.832168
0.947891
0.996646
0.695227
0.988784
0.878884
0.937713
0.953998
0.7971
0.957871
0.969597
0.966134
0.85579
0.951095
0.933593
0.825841
0.733744
0.835306
0.908734
0.983396
0.913757
0.915601
0.946673
0.94539
0.939077
0.927533
0.930542
0.908924
0.724532
0.8702
0.603849
0.942055
0.857708
0.948468
0.971716
0.956736
0.933872
0.854992
0.972382
0.955791
0.983753
0.818382
0.97879
0.927276
0.983584
0.917771
0.984753
0.912027
0.966706
0.988445
0.894243
0.969828
0.749888
0.930909
0.811491
0.98615
0.97572
0.984097
0.931016
0.994566
0.963431
0.935467
0.947477
0.958532
0.927888
0.953075
0.797627
0.85268
0.807497
0.997675
0.89051
0.955632
0.985034
0.941102
0.932904
0.963732
0.998091
0.976702
0.972485
0.927506
0.91692
0.977741
0.99083
0.962003
0.987398
0.948127
0.922288
0.977319
0.8835
0.971332
0.692266
0.904879
0.981996
0.982763
0.909172
0.930507
0.945537
0.96801
0.978442
0.931349
0.961213
0.867829
0.984149
0.974307
0.906578
0.64449
0.927626
0.97698
0.988741
0.82877
0.929356
0.911418
0.971713
0.990667
0.92438
0.769218
0.907034
0.68233
0.800866
0.898879
0.984507
0.990062
0.944819
0.984029
0.950665
0.969714
0.951156
0.889161
0.978047
0.926899
0.693943
0.729683
0.898535
0.989626
0.969556
0.984874
0.948626
0.749867
0.97455
0.973269
0.766743
0.985485
0.764152
0.948307
0.996133
0.982258
0.963232
0.972692
0.919127
0.686624
0.988008
0.935693
0.926996
0.963025
0.858196
0.991444
0.819136
0.968482
0.892014
0.998455
0.93322
0.984023
0.957126
0.911749
0.773096
0.97472
0.828617
0.875569
0.965401
0.910338
0.978396
0.956939
0.933177
0.868268
0.986616
0.982427
0.877283
0.900995
0.927409
0.990964
0.794838
0.995818
0.987865
0.938395
0.971003
0.966827
0.954263
0.893179
0.921332
0.967446
0.941138
0.962102
0.984725
0.932525
0.942581
0.996747
0.937794
0.982594
0.93399
0.718661
0.92611
0.95513
0.972919
0.94455
0.877754
0.983987
0.791062
0.849627
0.855542
0.764752
0.893752
0.635075
0.977869
0.817461
0.878628
0.974501
0.903901
0.824388
0.863955
0.953152
0.896737
0.979997
0.879135
0.905644
0.846641
0.859537
0.681147
0.883679
0.890797
0.672399
0.931072
0.735948
0.677968
0.902631
0.972889
0.952674
0.968003
0.791006
0.646151
0.939754
0.857694
0.906736
0.924572
0.752991
0.939723
0.651991
0.976991
0.854418
0.879068
0.937203
0.968694
0.797226
0.898735
0.930789
0.971528
0.978367
0.826912
0.934712
0.969315
0.975312
0.806624
0.97703
0.991024
0.926486
0.973756
0.95113
0.975035
0.923565
0.827686
0.993771
0.977885
0.798663
0.877984
0.876403
0.951728
0.717157
0.957416
0.93519
0.9898
0.914138
0.874748
0.89531
0.716502
0.831768
0.978798
0.954446
0.934843
0.833381
0.92941
0.953005
0.982973
0.912681
0.918636
0.975857
0.972671
0.698809
0.982391
0.950114
0.819383
0.955538
0.981432
0.92998
0.870422
0.972214
0.871224
0.994291
0.987959
0.731976
0.73362
0.937205
0.988661
0.964673
0.760579
0.951239
0.981465
0.976346
0.660712
0.86423
0.867387
0.965619
0.991098
0.856186
0.927072
0.994431
0.982363
0.694647
0.741505
0.968849
0.863276
0.654571
0.993016
0.901906
0.838377
0.865392
0.997375
0.978224
0.94477
0.759354
0.956867
0.957282
0.898883
0.799953
0.982192
0.991113
0.852343
0.973743
0.981156
0.992204
0.996249
0.974259
0.917853
0.983694
0.742998
0.811915
0.814217
0.869595
0.997105
0.981428
0.880957
0.913749
0.923652
0.879692
0.809775
0.889454
0.986418
0.975723
0.975314
0.943168
0.954313
0.833197
0.938117
0.968431
0.986539
0.968948
0.955625
0.931992
0.977554
0.942168
0.74447
0.831582
0.942049
0.984287
0.975402
0.795343
0.957077
0.990887
0.971342
0.966547
0.916148
0.968738
0.960773
0.901624
0.966926
0.948316
0.992663
0.963642
0.766469
0.976145
0.994577
0.980006
0.979843
0.993929
0.967204
0.90711
0.984056
0.795487
0.977062
0.989854
0.940801
0.968118
0.980439
0.942167
0.990006
0.789047
0.973642
0.912367
0.9514
0.968603
0.99019
0.986698
0.758053
0.91117
0.942622
0.98135
0.931479
0.991765
0.952091
0.978099
0.939511
0.846824
0.992012
0.932442
0.96296
0.834574
0.888841
0.929378
0.965791
0.962198
0.81678
0.822774
0.943854
0.819383
0.792017
0.919682
0.918296
0.948647
0.931986
0.955127
0.856852
0.962765
0.724319
0.979786
0.863395
0.976693
0.906425
0.973548
0.929847
0.979555
0.994856
0.881434
0.957128
0.977155
0.975997
0.950186
0.962923
0.935058
0.976701
0.913736
0.688448
0.944955
0.980235
0.984972
0.952644
0.68767
0.957107
0.995195
0.989966
0.976101
0.930901
0.98999
0.998027
0.980189
0.992526
0.831395
0.931196
0.928926
0.875511
0.936213
0.813496
0.64993
0.850295
0.964173
0.993765
0.752256
0.954544
0.920493
0.982809
0.848919
0.93708
0.992196
0.859509
0.847718
0.843231
0.98846
0.783145
0.94744
0.938739
0.96302
0.926694
0.763255
0.969697
0.972835
0.808596
0.818588
0.670436
0.758542
0.822106
0.960035
0.870499
0.883382
0.952567
0.883087
0.984116
0.903393
0.934928
0.978673
0.8652
0.969705
0.797071
0.979785
0.887472
0.954565
0.944747
0.805394
0.987052
0.956956
0.812189
0.935213
0.827328
0.974181
0.929586
0.846074
0.956023
0.830382
0.993156
0.843213
0.880789
0.959638
0.868302
0.980694
0.881649
0.975033
0.975163
0.977825
0.94534
0.970756
0.85496
0.932946
0.982017
0.977402
0.908335
0.982233
0.992543
0.883977
0.978513
0.921821
0.962995
0.980336
0.959099
0.966443
0.953156
0.94219
0.975664
0.769381
0.990211
0.863882
0.986967
0.939666
0.859234
0.990691
0.806348
0.832259
0.842379
0.978758
0.847897
0.970411
0.978685
0.922767
0.912563
0.805211
0.849251
0.95085
0.987648
0.947837
0.978588
0.764614
0.957199
0.976672
0.977262
0.819802
0.939116
0.909126
0.941403
0.971245
0.842998
0.969377
0.945024
0.993695
0.952656
0.804617
0.854699
0.960363
0.849573
0.940528
0.860993
0.953918
0.964501
0.985794
0.978263
0.939089
0.97789
0.973181
0.884305
0.973642
0.919694
0.752887
0.975418
0.926273
0.834633
0.983049
0.993178
0.955197
0.972726
0.928925
0.651352
0.825474
0.803618
0.984001
0.906264
0.979568
0.962876
0.929239
0.964526
0.979448
0.847548
0.93003
0.982651
0.915263
0.976101
0.854068
0.989373
0.858428
0.953693
0.984149
0.909273
0.991383
0.982619
0.981472
0.997126
0.966441
0.777516
0.878987
0.976722
0.97292
0.75342
0.895368
0.99315
0.950036
0.971005
0.990593
0.940333
0.929141
0.966333
0.979137
0.995522
0.973583
0.996968
0.981
0.970507
0.96235
0.963689
0.979666
0.981529
0.992272
0.975202
0.979856
0.985347
0.856818
0.906551
0.978239
0.943708
0.847175
0.987421
0.989408
0.983275
0.992688
0.980372
0.975674
0.855816
0.850563
0.988867
0.805505
0.983276
0.966956
0.906778
0.982859
0.90752
0.742186
0.732633
0.943993
0.950581
0.908118
0.790301
0.969155
0.852213
0.970215
0.827686
0.844123
0.9926
0.974778
0.894878
0.918466
0.968224
0.652974
0.942246
0.916379
0.794895
0.958378
0.975328
0.994556
0.892834
0.958478
0.801509
0.94662
0.965524
0.810717
0.973614
0.998217
0.981972
0.816518
0.912304
0.976556
0.973314
0.99249
0.797582
0.849872
0.953426
0.983567
0.988004
0.986572
0.966474
0.965933
0.812682
0.939168
0.949547
0.977366
0.996082
0.9525
0.938733
0.966331
0.940595
0.850637
0.962952
0.979591
0.924243
0.969972
0.932671
0.980696
0.7892
0.978589
0.982942
0.992098
0.952654
0.991251
0.982252
0.971187
0.958453
0.952454
0.995594
0.954271
0.980826
0.953692
0.951858
0.974546
0.98943
0.950558
0.979237
0.873039
0.88766
0.916321
0.961421
0.91692
0.960973
0.725578
0.992023
0.984496
0.98803
0.94593
0.951643
0.846065
0.945505
0.934807
0.916784
0.96875
0.844703
0.98072
0.88052
0.989015
0.981145
0.950255
0.940297
0.933266
0.772531
0.758257
0.969742
0.880977
0.936531
0.725752
0.970614
0.903147
0.973143
0.932043
0.976886
0.971122
0.905112
0.961618
0.93519
0.981103
0.987085
0.940245
0.969191
0.980217
0.944893
0.924988
0.959564
0.916219
0.96453
0.961975
0.82802
0.875093
0.939591
0.905451
0.897614
0.97996
0.981469
0.990496
0.971161
0.989677
0.973111
0.805505
0.915427
0.695554
0.984919
0.985118
0.964658
0.720116
0.981361
0.971706
0.970843
0.950275
0.960961
0.990336
0.731306
0.732982
0.857108
0.98211
0.962894
0.968019
0.965173
0.978656
0.979326
0.855681
0.976948
0.930637
0.982766
0.933855
0.864377
0.884278
0.952333
0.97867
0.972502
0.978967
0.874342
0.957818
0.987187
0.986084
0.930219
0.98247
0.971989
0.992638
0.980166
0.750947
0.901532
0.844887
0.840161
0.980674
0.943372
0.943605
0.938559
0.9755
0.919351
0.989525
0.951106
0.985238
0.965393
0.987659
0.963954
0.987098
0.988532
0.844159
0.743346
0.849934
0.854696
0.988788
0.969457
0.745674
0.963753
0.816505
0.835064
0.977762
0.635818
0.989541
0.949427
0.801884
0.556289
0.939881
0.798321
0.973424
0.992322
0.969697
0.956494
0.776969
0.978228
0.854878
0.887403
0.884904
0.74059
0.918726
0.983978
0.878706
0.995574
0.935366
0.979064
0.995409
0.97508
0.9887
0.681092
0.806875
0.981354
0.929513
0.947012
0.974469
0.976587
0.973249
0.967145
0.834712
0.897706
0.8783
0.986901
0.815905
0.801509
0.966601
0.953832
0.889421
0.996126
0.910533
0.973767
0.900436
0.914765
0.956741
0.7788
0.879523
0.963732
0.94914
0.977128
0.979241
0.979785
0.917661
0.961438
0.969643
0.979804
0.937495
0.987312
0.953407
0.952624
0.99081
0.887897
0.963358
0.976407
0.886313
0.945266
0.964323
0.988515
0.749923
0.97091
0.944081
0.965725
0.974564
0.996353
0.973767
0.984496
0.896732
0.967491
0.957945
0.723307
0.966315
0.960765
0.962624
0.973735
0.960055
0.839987
0.956871
0.812573
0.796998
0.993461
0.971948
0.930106
0.93075
0.95033
0.962662
0.752256
0.985651
0.967384
0.793232
0.974406
0.984434
0.9982
0.553364
0.993512
0.863687
0.970093
0.964392
0.978844
0.914325
0.953959
0.990057
0.991895
0.926818
0.925595
0.881119
0.856036
0.888792
0.763397
0.6956
0.979134
0.952172
0.994663
0.985064
0.982017
0.962138
0.972737
0.990419
0.810867
0.937065
0.95783
0.976948
0.96787
0.899162
0.931721
0.846564
0.975595
0.944799
0.894837
0.849558
0.776749
0.889637
0.94786
0.967927
0.840536
0.981613
0.856036
0.971349
0.957404
0.968524
0.974243
0.974848
0.971454
0.944439
0.898062
0.905817
0.952663
0.956872
0.983771
0.994033
0.898735
0.921925
0.670694
0.924575
0.965844
0.985991
0.835023
0.962332
0.950872
0.975984
0.97585
0.987238
0.839562
0.821944
0.965034
0.927147
0.774306
0.803667
0.97886
0.969121
0.957383
0.966977
0.87318
0.952016
0.957019
0.950372
0.994476
0.997161
0.97123
0.988504
0.990222
0.981154
0.936196
0.957426
0.980543
0.965329
0.95021
0.974844
0.817378
0.918013
0.860176
0.884307
0.982016
0.971052
0.918113
0.982313
0.830294
0.984765
0.971202
0.847093
0.967191
0.978417
0.922643
0.924168
0.988418
0.98729
0.865399
0.949983
0.974967
0.977729
0.982424
0.970997
0.819852
0.885014
0.977905
0.98704
0.971587
0.924699
0.947831
0.985124
0.901968
0.973584
0.654235
0.985311
0.971176
0.983235
0.956942
0.995253
0.80809
0.995626
0.510848
0.933288
0.982404
0.882986
0.973201
0.958109
0.985359
0.990574
0.830067
0.976814
0.976496
0.93166
0.994916
0.985133
0.852108
0.975177
0.886033
0.993662
0.981705
0.963767
0.963559
0.980286
0.947143
0.988567
0.973717
0.929944
0.975185
0.956022
0.955148
0.878824
0.987311
0.883419
0.98078
0.671001
0.960437
0.935238
0.91608
0.926377
0.77003
0.957076
0.971371
0.98925
0.990313
0.777941
0.980278
0.99574
0.903976
0.917119
0.86439
0.893665
0.838155
0.954103
0.98207
0.97729
0.879187
0.919086
0.938781
0.86976
0.976221
0.961239
0.933995
0.965568
0.689413
0.919232
0.985432
0.941738
0.990088
0.976889
0.96827
0.989896
0.948126
0.983798
0.989678
0.986487
0.944401
0.985291
0.849312
0.973664
0.98851
0.857994
0.94087
0.939387
0.807362
0.854636
0.959558
0.957281
0.978961
0.984944
0.985219
0.948588
0.974433
0.867955
0.993275
0.973287
0.884677
0.940661
0.932487
0.979078
0.935903
0.934592
0.98091
0.987212
0.97994
0.926812
0.977737
0.959175
0.889826
0.968586
0.984047
0.977547
0.979908
0.973774
0.983511
0.869677
0.950653
0.975195
0.860475
0.702159
0.92541
0.828224
0.983918
0.910654
0.974273
0.953791
0.93366
0.894613
0.983201
0.740202
0.994682
0.977338
0.962792
0.863469
0.839117
0.812776
0.962299
0.841641
0.982277
0.984287
0.937573
0.992575
0.920287
0.955098
0.885049
0.978635
0.839456
0.968265
0.985133
0.974559
0.964367
0.868251
0.918947
0.982939
0.977526
0.935103
0.928795
0.983967
0.939568
0.802839
0.678204
0.987338
0.944893
0.781071
0.830114
0.978144
0.980096
0.955166
0.981623
0.983133
0.839835
0.957518
0.960579
0.970201
0.921256
0.883295
0.974923
0.977145
0.948405
0.978549
0.911457
0.980446
0.96514
0.818525
0.992691
0.977152
0.941486
0.702456
0.955766
0.981477
0.994701
0.812964
0.660559
0.655834
0.997856
0.989346
0.816153
0.919924
0.984148
0.757284
0.972907
0.750862
0.968104
0.997304
0.849707
0.986162
0.993384
0.936925
0.963993
0.981975
0.869477
0.951882
0.921545
0.968807
0.935457
0.947958
0.951865
0.945626
0.970002
0.986916
0.931994
0.980659
0.923835
0.990286
0.992968
0.981068
0.864566
0.968279
0.937888
0.966979
0.957325
0.932526
0.962649
0.976167
0.95823
0.956002
0.601853
0.989395
0.979716
0.950844
0.972733
0.869987
0.98868
0.980325
0.973513
0.985794
0.978229
0.974247
0.975884
0.97243
0.954955
0.957817
0.914055
0.943314
0.888335
0.94944
0.971162
0.790203
0.993298
0.839117
0.867325
0.879418
0.825043
0.977178
0.985793
0.781228
0.972367
0.769586
0.98402
0.976662
0.929365
0.591255
0.983875
0.970457
0.974651
0.970064
0.95995
0.954545
0.962834
0.995278
0.986473
0.878221
0.790203
0.802563
0.956967
0.983351
0.972704
0.948405
0.973915
0.972504
0.912304
0.990488
0.941313
0.976543
0.839465
0.955784
0.974651
0.874889
0.987623
0.939589
0.97587
0.80307
0.863062
0.931705
0.974455
0.852005
0.991442
0.989817
0.850473
0.982029
0.938104
0.961936
0.95582
0.754814
0.976687
0.99612
0.985039
0.988244
0.981651
0.993275
0.992617
0.975076
0.949796
0.957875
0.845417
0.577786
0.97705
0.997228
0.956442
0.758458
0.951809
0.949664
0.952071
0.972536
0.879797
0.90282
0.863458
0.973647
0.958237
0.967076
0.842317
0.972369
0.945418
0.903464
0.953788
0.771985
0.925667
0.938559
0.985753
0.953714
0.702208
0.973009
0.950203
0.989884
0.983276
0.75481
0.980237
0.857563
0.963098
0.921716
0.972863
0.7029
0.969955
0.980796
0.996001
0.751652
0.882823
0.877073
0.898034
0.683988
0.990561
0.983321
0.739107
0.969887
0.991975
0.768831
0.86486
0.906005
0.583524
0.907227
0.960963
0.969697
0.941248
0.983077
0.873213
0.971895
0.979095
0.986034
0.980675
0.941478
0.98921
0.991782
0.90424
0.728233
0.888352
0.993348
0.857558
0.982981
0.978703
0.522088
0.493533
0.460067
0.882846
0.912848
0.932136
0.857727
0.921645
0.888181
0.949487
0.839465
0.912925
0.969715
0.968988
0.906599
0.917212
0.541346
0.961266
0.933574
0.962463
0.994482
0.906926
0.953448
0.977278
0.88307
0.993099
0.985426
0.977013
0.951961
0.962542
0.987748
0.943835
0.843819
0.827261
0.987403
0.981879
0.93509
0.968638
0.982275
0.979391
0.932038
0.961238
0.907988
0.954838
0.90032
0.936079
0.933304
0.963837
0.838192
0.763993
0.963247
0.97416
0.982399
0.986562
0.977925
0.903672
0.957674
0.952475
0.887414
0.886716
0.979874
0.918751
0.914857
0.89549
0.945133
0.933372
0.960934
0.879245
0.947055
0.983946
0.926342
0.972071
0.742134
0.95595
0.827297
0.978532
0.947693
0.898325
0.930634
0.975141
0.588439
0.896599
0.978778
0.994875
0.951133
0.88828
0.973413
0.971774
0.997051
0.99607
0.984139
0.977308
0.967305
0.537242
0.953839
0.956233
0.983042
0.982404
0.900491
0.977473
0.986766
0.904346
0.979799
0.882457
0.958991
0.845276
0.978913
0.918392
0.970577
0.779324
0.913594
0.86777
0.813365
0.993099
0.946476
0.954271
0.912332
0.938066
0.97745
0.957788
0.96789
0.938182
0.947813
0.986426
0.989641
0.990334
0.830981
0.900755
0.812768
0.970961
0.977281
0.727031
0.739942
0.93409
0.964467
0.959416
0.960088
0.910159
0.899025
0.950894
0.916871
0.590947
0.976445
0.988257
0.939478
0.972876
0.968194
0.8599
0.934809
0.882298
0.964956
0.931277
0.919267
0.929251
0.969544
0.796704
0.5454
0.966699
0.972259
0.910081
0.964089
0.855588
0.978854
0.960337
0.939317
0.92402
0.98065
0.870146
0.973946
0.986666
0.956444
0.969421
0.944212
0.950255
0.957159
0.953594
0.978823
0.97824
0.989797
0.947905
0.980911
0.683468
0.959172
0.994417
0.941565
0.916167
0.93564
0.977573
0.792314
0.93838
0.990841
0.930501
0.657588
0.740788
0.932484
0.98286
0.843581
0.514718
0.553491
0.760524
0.806442
0.956498
0.917929
0.788133
0.977734
0.977592
0.973974
0.966546
0.959265
0.956998
0.962875
0.748313
0.950279
0.914627
0.697382
0.985223
0.973934
0.986671
0.962653
0.753388
0.954676
0.947767
0.969439
0.841609
0.9787
0.827239
0.97924
0.819845
0.965606
0.949187
0.486542
0.899641
0.968522
0.961553
0.990235
0.958507
0.979923
0.97449
0.997313
0.975866
0.628129
0.955263
0.909573
0.981121
0.82022
0.891581
0.820129
0.992324
0.974964
0.982324
0.760524
0.992475
0.919093
0.950121
0.969277
0.954848
0.924465
0.991977
0.907482
0.970397
0.906242
0.756954
0.985407
0.964841
0.902889
0.911417
0.977005
0.80688
0.919434
0.978282
0.966593
0.550771
0.980433
0.973323
0.991176
0.994032
0.927684
0.975618
0.98048
0.972064
0.981381
0.945365
0.985929
0.711474
0.84557
0.993433
0.782772
0.874679
0.870504
0.965692
0.928143
0.990059
0.938397
0.994033
0.986304
0.982166
0.932456
0.962652
0.926037
0.977154
0.803793
0.989835
0.625541
0.912858
0.936922
0.966976
0.761553
0.962279
0.978973
0.985725
0.972357
0.977151
0.798414
0.946775
0.94799
0.952239
0.834015
0.979569
0.994108
0.988269
0.991692
0.968949
0.947331
0.550796
0.787385
0.95424
0.980076
0.986939
0.969466
0.915193
0.97244
0.954449
0.838706
0.986648
0.97391
0.927296
0.840097
0.824672
0.807603
0.958836
0.928475
0.961305
0.980965
0.804881
0.931415
0.938767
0.923265
0.976946
0.823794
0.875576
0.970501
0.929058
0.987637
0.933266
0.97192
0.994172
0.967383
0.899627
0.988293
0.889736
0.669873
0.95476
0.968918
0.938227
0.94354
0.917389
0.973826
0.986644
0.989211
0.877382
0.93089
0.823794
0.955692
0.934632
0.950378
0.956139
0.977617
0.992132
0.989833
0.93083
0.941793
0.946737
0.975095
0.937661
0.967937
0.938499
0.990661
0.919671
0.960854
0.886793
0.959864
0.762734
0.862409
0.878029
0.947792
0.977008
0.969428
0.873795
0.970391
0.97213
0.900125
0.836927
0.993345
0.973655
0.98466
0.862143
0.945421
0.885425
0.935558
0.992105
0.961297
0.973317
0.984124
0.827007
0.73583
0.975387
0.878383
0.973143
0.967475
0.981692
0.967209
0.945253
0.764284
0.974297
0.989865
0.994395
0.972192
0.957036
0.93608
0.699394
0.944405
0.988386
0.80689
0.84629
0.949569
0.973635
0.881491
0.984712
0.974509
0.949612
0.984184
0.846948
0.993919
0.972314
0.806285
0.959816
0.918842
0.94104
0.93555
0.988868
0.980004
0.989928
0.924273
0.969768
0.981347
0.98771
0.884154
0.985922
0.973298
0.985901
0.952057
0.94316
0.935774
0.973835
0.958123
0.924866
0.689425
0.979455
0.756959
0.954563
0.990354
0.734979
0.959838
0.931516
0.913121
0.97778
0.980912
0.945694
0.980911
0.992218
0.984934
0.975187
0.996088
0.95774
0.955753
0.918795
0.934874
0.840493
0.956436
0.964468
0.979518
0.982457
0.989257
0.991633
0.983491
0.974515
0.891089
0.963269
0.940864
0.77459
0.987469
0.586024
0.952433
0.963269
0.951671
0.894505
0.864194
0.953639
0.919528
0.758863
0.9941
0.914293
0.96918
0.925198
0.974287
0.978854
0.921554
0.904068
0.765681
0.971097
0.830981
0.80842
0.993493
0.656913
0.973485
0.893653
0.886665
0.922828
0.939661
0.971225
0.881745
0.982038
0.919637
0.938383
0.975923
0.984205
0.875575
0.902555
0.837886
0.947346
0.971506
0.750429
0.980057
0.89126
0.96893
0.984184
0.991185
0.96295
0.989177
0.982621
0.829872
0.798914
0.907407
0.944751
0.990568
0.945906
0.976804
0.973901
0.965647
0.759405
0.979286
0.974623
0.928871
0.985179
0.98529
0.735543
0.936428
0.956269
0.707069
0.927463
0.956442
0.979112
0.909032
0.7089
0.93222
0.985238
0.971086
0.83442
0.941002
0.805963
0.983213
0.994587
0.969676
0.852515
0.991251
0.978356
0.764357
0.925137
0.987911
0.972311
0.988041
0.989974
0.986923
0.894085
0.957436
0.954584
0.98845
0.871331
0.992588
0.96728
0.992367
0.983315
0.988672
0.98999
0.987268
0.976658
0.977079
0.984692
0.958602
0.976232
0.954943
0.96169
0.94449
0.967475
0.962135
0.96504
0.95877
0.964682
0.977775
0.977321
0.983928
0.945124
0.956731
0.969683
0.9359
0.985152
0.900429
0.991916
0.967895
0.956257
0.965979
0.922277
0.819119
0.735903
0.854657
0.967496
0.851706
0.987208
0.940502
0.990108
0.99423
0.967207
0.970808
0.968944
0.982921
0.968754
0.90763
0.979216
0.997818
0.954117
0.813757
0.76663
0.888655
0.976229
0.958854
0.773023
0.954588
0.885742
0.98025
0.967648
0.990812
0.761675
0.980799
0.963766
0.938176
0.992558
0.981762
0.985377
0.960169
0.975088
0.965733
0.79611
0.843231
0.733026
0.80414
0.979638
0.978037
0.48695
0.46067
0.973115
0.986766
0.986178
0.967185
0.972982
0.994907
0.979557
0.957847
0.936591
0.938911
0.896887
0.973704
0.690938
0.994543
0.9739
0.973684
0.982301
0.976357
0.830867
0.932985
0.933301
0.960347
0.983359
0.91048
0.880316
0.894206
0.964849
0.966674
0.933071
0.909818
0.978999
0.971642
0.954051
0.914822
0.988008
0.969625
0.96924
0.979883
0.944327
0.8036
0.982508
0.956357
0.97786
0.892847
0.992821
0.776782
0.966926
0.92577
0.95897
0.956713
0.970367
0.929284
0.966633
0.944344
0.571511
0.96215
0.984615
0.929379
0.971494
0.887186
0.944698
0.970354
0.967332
0.979568
0.702567
0.993363
0.921569
0.956802
0.978243
0.815981
0.987976
0.982395
0.949799
0.958967
0.975244
0.976756
0.99159
0.960984
0.938252
0.978484
0.973771
0.958096
0.96102
0.92147
0.959591
0.966827
0.896133
0.993559
0.914784
0.952354
0.958752
0.803324
0.98908
0.855271
0.991167
0.958493
0.739629
0.989362
0.962809
0.969891
0.894014
0.962744
0.956951
0.986516
0.980108
0.971139
0.969274
0.926773
0.776782
0.972464
0.91498
0.972314
0.981203
0.983815
0.969696
0.968247
0.985603
0.903054
0.988151
0.996689
0.956372
0.974253
0.992466
0.965505
0.970376
0.954294
0.968535
0.873244
0.919278
0.731737
0.970738
0.944442
0.912299
0.9625
0.86873
0.981468
0.972002
0.985227
0.978065
0.969481
0.972275
0.991769
0.948926
0.993239
0.974338
0.972193
0.971656
0.965722
0.901488
0.965474
0.958622
0.954639
0.950186
0.978923
0.952497
0.989602
0.959086
0.981991
0.752333
0.978502
0.956901
0.93676
0.870588
0.984901
0.906951
0.964043
0.80525
0.986767
0.932263
0.975706
0.92706
0.989447
0.969029
0.919893
0.970704
0.954699
0.971644
0.973139
0.935619
0.953558
0.946608
0.968489
0.96899
0.848186
0.949813
0.990396
0.972904
0.801249
0.863477
0.947007
0.986777
0.939517
0.974805
0.886974
0.990923
0.811723
0.954097
0.854242
0.983412
0.986112
0.994314
0.917932
0.990295
0.957631
0.97759
0.950735
0.969427
0.988518
0.974338
0.979375
0.916461
0.994681
0.945409
0.922212
0.974072
0.986866
0.863335
0.966697
0.945739
0.95218
0.951532
0.960208
0.971948
0.922779
0.952628
0.890195
0.914722
0.956305
0.99158
0.734232
0.894536
0.98151
0.883505
0.810526
0.942123
0.914766
0.945589
0.909863
0.823832
0.628695
0.991698
0.943987
0.937223
0.962014
0.988825
0.908105
0.946396
0.9791
0.951282
0.984451
0.917393
0.963377
0.824395
0.973544
0.954015
0.959974
0.969796
0.972281
0.897505
0.981631
0.991286
0.985117
0.827475
0.953169
0.989756
0.845994
0.979924
0.965304
0.931219
0.87536
0.92165
0.995713
0.973253
0.907893
0.939572
0.989386
0.901774
0.822491
0.964075
0.967577
0.96013
0.978871
0.903815
0.752909
0.740884
0.984426
0.893872
0.975352
0.806348
0.870076
0.964767
0.956067
0.785736
0.833756
0.840722
0.980211
0.944782
0.723368
0.95161
0.964348
0.982259
0.965405
0.995672
0.973313
0.994939
0.863572
0.939359
0.98814
0.974581
0.811352
0.992154
0.915128
0.976471
0.980192
0.910776
0.966394
0.853279
0.976062
0.959018
0.924251
0.776444
0.74239
0.99112
0.858824
0.923024
0.89961
0.89364
0.991874
0.975963
0.957887
0.910686
0.909512
0.832972
0.987848
0.908506
0.983119
0.968377
0.770682
0.76596
0.981352
0.833286
0.973772
0.781535
0.957467
0.995397
0.953943
0.975207
0.912047
0.920673
0.929639
0.9627
0.96418
0.782465
0.850974
0.98306
0.980289
0.984078
0.963465
0.9929
0.99044
0.881912
0.977594
0.973007
0.771499
0.973677
0.980796
0.975249
0.965098
0.911052
0.989766
0.875921
0.82959
0.937751
0.806573
0.96494
0.896678
0.890353
0.983199
0.905768
0.971509
0.979301
0.982503
0.985496
0.970401
0.966182
0.907501
0.991834
0.975253
0.964253
0.891131
0.616734
0.985021
0.957928
0.982253
0.991874
0.907347
0.978632
0.984757
0.989714
0.783318
0.873729
0.985742
0.885709
0.963205
0.918736
0.900035
0.98714
0.952133
0.973892
0.976481
0.932263
0.949738
0.937177
0.984645
0.764009
0.957019
0.969046
0.981719
0.950262
0.977848
0.987979
0.92149
0.977868
0.970585
0.972438
0.976841
0.953339
0.983412
0.98529
0.808151
0.916282
0.942645
0.980548
0.850637
0.99063
0.991559
0.991378
0.964216
0.961013
0.979672
0.957792
0.925533
0.980317
0.968889
0.910183
0.984063
0.873365
0.9715
0.975753
0.970143
0.991086
0.993909
0.985057
0.802978
0.798968
0.995099
0.972135
0.958684
0.92908
0.880564
0.922169
0.931572
0.99089
0.95372
0.922637
0.991505
0.845442
0.989143
0.979299
0.989975
0.973946
0.974856
0.958489
0.981664
0.814542
0.99312
0.98316
0.852907
0.987441
0.847212
0.812085
0.951895
0.983668
0.976532
0.984188
0.877953
0.95024
0.95732
0.947342
0.946629
0.81604
0.941041
0.963282
0.852517
0.968132
0.920921
0.981401
0.905413
0.984822
0.817818
0.965437
0.908501
0.985338
0.858227
0.989147
0.827105
0.920214
0.942841
0.982764
0.939254
0.805858
0.926198
0.938041
0.97108
0.923512
0.941084
0.994459
0.942774
0.945556
0.989589
0.878206
0.947449
0.80688
0.988799
0.980081
0.958671
0.975548
0.956425
0.923532
0.953923
0.971594
0.971149
0.969894
0.912334
0.989661
0.957544
0.763762
0.979601
0.981154
0.938417
0.742998
0.968776
0.864563
0.958296
0.983911
0.983653
0.958936
0.881959
0.939911
0.971202
0.946423
0.976906
0.909221
0.859062
0.839129
0.709313
0.974099
0.937848
0.931949
0.973879
0.965959
0.739474
0.873907
0.937656
0.896232
0.964497
0.984451
0.929915
0.904396
0.960085
0.598737
0.998579
0.874905
0.744442
0.712039
0.872759
0.888064
0.727947
0.897936
0.91882
0.986304
0.981097
0.972086
0.891244
0.975219
0.80263
0.957055
0.954191
0.979802
0.991778
0.93052
0.981197
0.969586
0.959059
0.971181
0.952186
0.9728
0.780243
0.980976
0.778227
0.728412
0.971206
0.974406
0.895965
0.884795
0.956152
0.947882
0.971932
0.987742
0.750099
0.937674
0.978753
0.962529
0.976455
0.809895
0.971302
0.906097
0.972382
0.946808
0.991926
0.962068
0.87044
0.931992
0.935729
0.951819
0.969238
0.979417
0.95299
0.993222
0.917889
0.813542
0.968025
0.984248
0.870334
0.813704
0.948842
0.977918
0.917204
0.627516
0.931552
0.970514
0.836216
0.995017
0.977618
0.975012
0.992504
0.972863
0.951783
0.980619
0.926459
0.981613
0.951022
0.95056
0.818186
0.961604
0.840907
0.957332
0.83024
0.943628
0.913636
0.836158
0.704386
0.708406
0.93555
0.925153
0.793917
0.952924
0.96471
0.897026
0.931552
0.958154
0.991916
0.742897
0.927728
0.892926
0.922977
0.958991
0.917163
0.970412
0.994424
0.821542
0.973734
0.719381
0.969913
0.976803
0.944289
0.971353
0.978696
0.974305
0.969846
0.92557
0.969452
0.933348
0.608314
0.823221
0.990624
0.985995
0.923413
0.918653
0.954986
0.588395
0.678812
0.990258
0.97735
0.927299
0.972394
0.939921
0.812797
0.951821
0.99381
0.740844
0.992222
0.983853
0.98804
0.987748
0.982816
0.817709
0.998107
0.905784
0.893998
0.983073
0.806617
0.959939
0.987205
0.771097
0.768314
0.964487
0.992576
0.775657
0.976783
0.959108
0.981695
0.818081
0.968309
0.92003
0.988928
0.984728
0.963582
0.967676
0.787987
0.976599
0.948474
0.963837
0.965741
0.955772
0.953378
0.964804
0.946132
0.881213
0.981672
0.982753
0.975088
0.826471
0.928712
0.971363
0.957834
0.971426
0.993783
0.824781
0.991802
0.977341
0.990617
0.970197
0.996047
0.908262
0.730358
0.964832
0.983902
0.994866
0.985659
0.95291
0.962206
0.997197
0.807142
0.961117
0.707539
0.989805
0.977457
0.871512
0.944573
0.989581
0.826552
0.973942
0.95957
0.966048
0.977381
0.778269
0.950665
0.943466
0.85796
0.82196
0.990619
0.982579
0.677549
0.909937
0.880284
0.949833
0.833546
0.987402
0.931071
0.821294
0.986321
0.979116
0.970801
0.972031
0.982511
0.803747
0.932576
0.931751
0.961721
0.944787
0.988825
0.988222
0.785298
0.788915
0.963703
0.946804
0.928637
0.966987
0.951753
0.92746
0.982792
0.964181
0.950755
0.809156
0.950155
0.977714
0.937177
0.959417
0.907251
0.773085
0.92666
0.888857
0.964043
0.915424
0.981567
0.936278
0.980112
0.976846
0.970489
0.97974
0.900195
0.961582
0.992961
0.975617
0.989367
0.967337
0.978031
0.963865
0.971636
0.832487
0.99089
0.951426
0.952234
0.902703
0.847023
0.990586
0.732436
0.928439
0.972476
0.878328
0.974543
0.98708
0.929836
0.968244
0.801249
0.723307
0.984085
0.97884
0.7543
0.971109
0.981898
0.961259
0.970661
0.95842
0.924755
0.966543
0.941722
0.918577
0.937771
0.820317
0.975752
0.992336
0.970335
0.931567
0.872139
0.918602
0.984097
0.944787
0.950527
0.933921
0.903116
0.962859
0.981656
0.936885
0.964112
0.990018
0.981342
0.993741
0.989947
0.994175
0.97068
0.832339
0.992891
0.968132
0.941294
0.970172
0.971921
0.946711
0.975718
0.983534
0.966057
0.79873
0.972517
0.806744
0.694309
0.914874
0.745518
0.9654
0.956596
0.967258
0.979025
0.962824
0.896004
0.9771
0.96841
0.904443
0.9387
0.768397
0.970345
0.938324
0.940807
0.97125
0.948201
0.981099
0.924571
0.858471
0.942952
0.954005
0.97606
0.955542
0.857202
0.991487
0.893586
0.856836
0.796786
0.858471
0.915886
0.955459
0.841526
0.99435
0.971605
0.951451
0.975219
0.974943
0.985348
0.788798
0.952418
0.778069
0.95837
0.956134
0.993015
0.931254
0.993869
0.977021
0.922967
0.956346
0.989209
0.959864
0.970691
0.828084
0.974061
0.972205
0.821858
0.989004
0.922916
0.991525
0.705526
0.967386
0.96077
0.947354
0.9921
0.757583
0.988724
0.990706
0.950155
0.927029
0.780883
0.923223
0.719275
0.973698
0.971471
0.962216
0.989567
0.956239
0.90744
0.958906
0.95964
0.993977
0.963938
0.990401
0.958434
0.851023
0.974457
0.97643
0.973307
0.870594
0.810841
0.980599
0.982096
0.955775
0.982263
0.969386
0.972165
0.947813
0.972981
0.915889
0.974323
0.938931
0.936623
0.881225
0.816505
0.966051
0.970093
0.962282
0.926788
0.989873
0.962335
0.970731
0.883617
0.960818
0.953021
0.784015
0.925692
0.980405
0.987954
0.951947
0.853561
0.841592
0.970119
0.934656
0.967556
0.991348
0.792017
0.992478
0.893671
0.962315
0.97293
0.908398
0.980506
0.746261
0.963295
0.955342
0.704548
0.923744
0.718035
0.877025
0.987478
0.958174
0.84119
0.956928
0.98987
0.98432
0.984663
0.97266
0.950719
0.968114
0.972116
0.844579
0.988779
0.770261
0.904244
0.903268
0.98245
0.638002
0.977514
0.971089
0.746826
0.976617
0.907689
0.838651
0.93246
0.965476
0.968933
0.906788
0.917958
0.906538
0.970762
0.962008
0.847212
0.949137
0.928912
0.923093
0.991843
0.979996
0.930826
0.964724
0.979592
0.933337
0.964539
0.984285
0.960301
0.962014
0.972812
0.939276
0.979575
0.977054
0.956786
0.950718
0.951439
0.928881
0.922251
0.934881
0.984229
0.970319
0.983378
0.980871
0.976842
0.980815
0.959382
0.96539
0.989947
0.903047
0.927307
0.906322
0.706265
0.975155
0.953661
0.949092
0.944556
0.956372
0.972873
0.991022
0.944803
0.956396
0.957924
0.951648
0.987675
0.969234
0.914345
0.896083
0.938721
0.951307
0.993343
0.92825
0.965856
0.997329
0.956065
0.957916
0.957847
0.973692
0.937694
0.912638
0.891348
0.969527
0.992619
0.697615
0.927934
0.750575
0.973553
0.971223
0.975598
0.968132
0.962565
0.978317
0.982424
0.864731
0.977629
0.976376
0.983711
0.912114
0.951528
0.97462
0.996075
0.813102
0.98735
0.650125
0.967271
0.954163
0.934451
0.969847
0.965643
0.932378
0.982829
0.986192
0.96849
0.908135
0.732578
0.95027
0.97603
0.968642
0.860316
0.975505
0.980849
0.988874
0.963995
0.964404
0.896674
0.964831
0.834032
0.948219
0.993279
0.957258
0.969296
0.820558
0.993438
0.934968
0.754611
0.81734
0.754316
0.579544
0.943688
0.729016
0.9622
0.985105
0.946205
0.770682
0.902355
0.960301
0.738952
0.77929
0.767334
0.976637
0.870796
0.945262
0.989573
0.967086
0.966943
0.978444
0.993537
0.98942
0.958998
0.848462
0.981352
0.945745
0.726376
0.953523
0.959981
0.910768
0.94614
0.990939
0.986112
0.962201
0.79268
0.989931
0.968377
0.975437
0.912392
0.976351
0.964688
0.902779
0.965106
0.978729
0.986405
0.940853
0.879035
0.957593
0.970321
0.954878
0.970496
0.951788
0.982732
0.95445
0.71988
0.755461
0.819158
0.947235
0.925631
0.968852
0.775607
0.775524
0.895069
0.928653
0.87785
0.965514
0.97183
0.967299
0.968696
0.791082
0.899579
0.79493
0.975263
0.972747
0.955882
0.927786
0.933369
0.867258
0.921761
0.992175
0.896897
0.927719
0.785089
0.86408
0.838899
0.983697
0.985557
0.816884
0.989038
0.950633
0.96147
0.890605
0.928091
0.956992
0.9204
0.970833
0.975745
0.646043
0.880132
0.970268
0.971858
0.954889
0.915065
0.98245
0.95249
0.780893
0.764476
0.641966
0.987842
0.788908
0.985024
0.997706
0.892877
0.977613
0.926812
0.787968
0.979208
0.980432
0.986794
0.972517
0.990543
0.949692
0.919915
0.925723
0.986208
0.748066
0.979149
0.741754
0.951097
0.91797
0.97021
0.927285
0.954232
0.907613
0.961005
0.958066
0.955842
0.971084
0.809827
0.739543
0.977726
0.830085
0.981231
0.813119
0.890238
0.989659
0.978731
0.984976
0.953884
0.990713
0.979651
0.91882
0.984469
0.949882
0.906867
0.98581
0.940615
0.977225
0.94019
0.981559
0.949829
0.960803
0.974007
0.947368
0.974464
0.971233
0.882789
0.984923
0.967867
0.853008
0.967227
0.909202
0.951321
0.978399
0.970773
0.733026
0.975036
0.965213
0.866907
0.9437
0.815905
0.765322
0.75881
0.778811
0.787413
0.864971
0.838899
0.862803
0.758672
0.982137
0.909731
0.763072
0.950717
0.79341
0.962218
0.986581
0.950736
0.949024
0.894128
0.944094
0.937927
0.982881
0.988512
0.8518
0.97762
0.955417
0.748817
0.904199
0.936988
0.908749
0.973783
0.943987
0.930516
0.861575
0.947269
0.990199
0.946357
0.817432
0.945033
0.819845
0.822872
0.971752
0.976954
0.96871
0.967995
0.940376
0.951022
0.988786
0.869939
0.980409
0.957247
0.903801
0.972651
0.897918
0.981891
0.978859
0.970586
0.973626
0.880517
0.982696
0.979254
0.97299
0.806442
0.88563
0.964337
0.918697
0.834694
0.885868
0.97724
0.976406
0.871035
0.957662
0.957562
0.974704
0.975218
0.947765
0.758894
0.974642
0.95602
0.837418
0.99024
0.935286
0.684546
0.983852
0.989884
0.84615
0.783662
0.946259
0.965613
0.988396
0.953065
0.989408
0.805343
0.788947
0.93655
0.957327
0.790292
0.819119
0.984411
0.981092
0.967786
0.892026
0.711473
0.946885
0.948005
0.991277
0.746651
0.93119
0.955019
0.943815
0.920657
0.737927
0.818896
0.988666
0.70758
0.974226
0.806669
0.951461
0.958423
0.941971
0.96193
0.785253
0.798747
0.9809
0.941429
0.813713
0.94888
0.979847
0.885562
0.995394
0.872797
0.95576
0.910025
0.943768
0.844687
0.755145
0.924913
0.968192
0.979112
0.978475
0.828809
0.909036
0.993894
0.880991
0.969439
0.984337
0.986075
0.883558
0.745897
0.930749
0.944888
0.988475
0.933566
0.967615
0.991447
0.946191
0.831736
0.815489
0.769733
0.745122
0.91278
0.92632
0.807154
0.948402
0.949383
0.987693
0.961048
0.990068
0.750137
0.970024
0.89521
0.935619
0.978171
0.978529
0.941231
0.897805
0.964516
0.9416
0.983399
0.969732
0.963132
0.907716
0.981356
0.993109
0.960621
0.920044
0.966703
0.787758
0.933594
0.935323
0.970772
0.966831
0.986148
0.929114
0.985117
0.78935
0.964799
0.87805
0.973711
0.903474
0.784136
0.968946
0.745425
0.963131
0.906897
0.910499
0.977617
0.892449
0.867378
0.747348
0.785908
0.982041
0.94191
0.69425
0.926227
0.912825
0.897544
0.882958
0.809825
0.964979
0.818081
0.975263
0.965231
0.950277
0.962218
0.976116
0.930337
0.965558
0.857707
0.787561
0.922858
0.758138
0.760472
0.99052
0.983892
0.938658
0.616616
0.953909
0.988267
0.952463
0.95833
0.981939
0.943181
0.943473
0.951254
0.755401
0.968455
0.987891
0.972163
0.966884
0.986951
0.967866
0.979285
0.970215
0.951083
0.832245
0.964462
0.953785
0.991752
0.9097
0.975987
0.76104
0.981709
0.995558
0.959636
0.955549
0.958634
0.97048
0.939118
0.902208
0.892656
0.989966
0.904244
0.983851
0.737169
0.842452
0.963927
0.982682
0.8247
0.877237
0.992196
0.780583
0.950054
0.988146
0.990118
0.882045
0.774493
0.95748
0.921269
0.95368
0.950015
0.909444
0.976531
0.874328
0.769026
0.844803
0.966358
0.980465
0.853355
0.990612
0.767007
0.933929
0.732227
0.9138
0.937076
0.905675
0.981025
0.885445
0.935324
0.954308
0.896779
0.973003
0.845276
0.993708
0.948179
0.856835
0.95932
0.948417
0.984357
0.945005
0.981148
0.99023
0.724448
0.960333
0.881334
0.889123
0.96991
0.810817
0.957423
0.960504
0.980065
0.96128
0.960476
0.975081
0.938096
0.756118
0.955834
0.94584
0.965405
0.886306
0.937714
0.949598
0.893318
0.976801
0.965327
0.975846
0.950435
0.960922
0.893818
0.956583
0.856129
0.900283
0.976916
0.759866
0.868439
0.986497
0.921736
0.74442
0.957758
0.955546
0.882102
0.833009
0.964045
0.886125
0.955422
0.961736
0.930337
0.960182
0.921971
0.989322
0.950544
0.853405
0.959308
0.965611
0.954457
0.719074
0.859363
0.987741
0.854455
0.888208
0.903028
0.953959
0.869963
0.967313
0.983344
0.932412
0.739136
0.987454
0.964024
0.978096
0.951944
0.847149
0.971318
0.931549
0.956687
0.880197
0.950972
0.961289
0.986978
0.968025
0.832355
0.955162
0.934371
0.938066
0.970765
0.948692
0.788296
0.860314
0.983258
0.953322
0.990107
0.991136
0.955068
0.987386
0.949611
0.985411
0.985315
0.878499
0.959471
0.952937
0.958618
0.970425
0.973257
0.970093
0.907798
0.983
0.970635
0.992992
0.580594
0.755523
0.976688
0.9709
0.861936
0.95089
0.87801
0.98805
0.978154
0.925334
0.919346
0.906231
0.916354
0.857775
0.938069
0.962916
0.983368
0.979861
0.956043
0.982664
0.983516
0.983958
0.886221
0.952167
0.82551
0.948145
0.973834
0.978913
0.964381
0.692325
0.917742
0.862913
0.765963
0.966906
0.956001
0.756609
0.950687
0.956746
0.938439
0.79409
0.95013
0.976
0.910022
0.963486
0.739942
0.988265
0.968957
0.956879
0.963201
0.935965
0.81177
0.815731
0.85057
0.831327
0.80106
0.955293
0.947232
0.982621
0.83255
0.924441
0.9499
0.947877
0.989129
0.961147
0.964008
0.952142
0.912947
0.983771
0.921988
0.955982
0.96883
0.929488
0.98207
0.987834
0.951693
0.981149
0.981898
0.980954
0.874289
0.986417
0.978342
0.893198
0.983235
0.965924
0.986558
0.796823
0.949355
0.960803
0.948819
0.98804
0.953473
0.935993
0.993897
0.849034
0.959481
0.984387
0.597355
0.988384
0.990982
0.934371
0.969065
0.87457
0.82171
0.777596
0.906612
0.685451
0.923548
0.956014
0.968993
0.933233
0.969087
0.793417
0.976253
0.802725
0.824364
0.982893
0.932079
0.926017
0.954349
0.793503
0.952813
0.952373
0.923871
0.969829
0.959486
0.937422
0.950859
0.949546
0.807562
0.965694
0.990268
0.975595
0.975383
0.760745
0.981695
0.987154
0.942608
0.971947
0.7572
0.966356
0.971012
0.729798
0.960561
0.970201
0.989507
0.871902
0.975531
0.980554
0.821137
0.986155
0.925744
0.968886
0.985949
0.958546
0.984007
0.974909
0.743265
0.979137
0.89275
0.952241
0.985685
0.980999
0.938439
0.895105
0.964607
0.969339
0.977202
0.92941
0.94095
0.970095
0.879168
0.981112
0.974409
0.76023
0.949807
0.940032
0.980147
0.982848
0.911767
0.963768
0.957686
0.97688
0.974183
0.770713
0.954797
0.962607
0.941656
0.941158
0.902034
0.977414
0.959632
0.957816
0.951439
0.935307
0.984571
0.952625
0.986283
0.960538
0.803053
0.692536
0.844258
0.937422
0.994918
0.945556
0.988759
0.857032
0.982388
0.96299
0.976152
0.939634
0.84678
0.820807
0.974831
0.84191
0.942424
0.781432
0.829539
0.895692
0.977139
0.822284
0.887195
0.963846
0.975583
0.986189
0.928574
0.963535
0.971182
0.871658
0.982764
0.977969
0.979691
0.978814
0.97041
0.973348
0.93399
0.9833
0.969445
0.963542
0.772926
0.93973
0.980625
0.823608
0.962657
0.959646
0.90995
0.967786
0.993279
0.89583
0.927626
0.958872
0.926299
0.850651
0.994918
0.957247
0.815236
0.984301
0.948871
0.968534
0.978877
0.855097
0.745991
0.869018
0.960281
0.945459
0.885546
0.978736
0.794466
0.966936
0.988704
0.954219
0.838323
0.981594
0.884681
0.984379
0.909955
0.950836
0.97076
0.919411
0.754342
0.820038
0.973227
0.967032
0.793519
0.977126
0.985338
0.987975
0.808102
0.97402
0.766145
0.979191
0.941992
0.95332
0.96012
0.973272
0.821836
0.862822
0.957441
0.955247
0.848947
0.96136
0.918959
0.965465
0.970372
0.949094
0.942688
0.923905
0.939398
0.886653
0.983758
0.967388
0.770793
0.941198
0.767334
0.948784
0.975435
0.959655
0.976041
0.878912
0.834244
0.948972
0.98853
0.857331
0.725396
0.983863
0.96916
0.97413
0.970031
0.951097
0.793461
0.931523
0.961148
0.95536
0.993178
0.979101
0.989389
0.928746
0.960789
0.772882
0.95707
0.947135
0.957699
0.806625
0.980374
0.921851
0.976981
0.937223
0.977417
0.78503
0.805041
0.992674
0.968003
0.944056
0.935609
0.972596
0.928143
0.906398
0.850457
0.919486
0.877283
0.863298
0.934025
0.791257
0.965305
0.974338
0.978593
0.980177
0.806301
0.968986
0.877382
0.860544
0.858689
0.691145
0.981533
0.962867
0.854653
0.978228
0.952061
0.942543
0.968535
0.895946
0.853514
0.651961
0.890798
0.982506
0.927794
0.923677
0.841904
0.897467
0.97433
0.990704
0.912347
0.991379
0.945338
0.978771
0.922364
0.838179
0.883996
0.938059
0.96758
0.984861
0.878742
0.948095
0.714016
0.931523
0.990478
0.982647
0.860965
0.875919
0.951057
0.979446
0.76887
0.742066
0.978985
0.922321
0.97673
0.995705
0.973882
0.949405
0.924101
0.933835
0.827378
0.750861
0.934714
0.949417
0.96193
0.986688
0.826749
0.931219
0.805456
0.968262
0.813102
0.974986
0.857467
0.979718
0.992152
0.989089
0.983139
0.916174
0.983159
0.993316
0.953648
0.961182
0.948467
0.978292
0.92854
0.962003
0.83002
0.957359
0.950736
0.742904
0.973885
0.851853
0.924517
0.977483
0.964365
0.940993
0.936908
0.94705
0.924288
0.97827
0.957678
0.851853
0.969999
0.98591
0.897505
0.767075
0.826472
0.783775
0.812915
0.955713
0.84421
0.984297
0.978736
0.82412
0.963849
0.989094
0.944655
0.935838
0.950654
0.950762
0.775002
0.840171
0.943466
0.807479
0.912416
0.951556
0.988832
0.98164
0.955034
0.978414
0.86796
0.974179
0.743119
0.623327
0.967831
0.98688
0.978303
0.944496
0.916511
0.924809
0.953597
0.969205
0.794054
0.907252
0.972504
0.986351
0.985856
0.953865
0.813412
0.948642
0.98912
0.970812
0.951543
0.95292
0.983192
0.968325
0.755102
0.845442
0.741763
0.802721
0.94283
0.959234
0.852809
0.96391
0.959746
0.835798
0.965548
0.971533
0.915674
0.944799
0.940429
0.983863
0.967121
0.974628
0.96473
0.908084
0.725545
0.986366
0.989539
0.952445
0.793363
0.968235
0.965326
0.901492
0.979716
0.962091
0.897173
0.908745
0.887284
0.797853
0.856359
0.878133
0.973926
0.927817
0.856326
0.781408
0.943806
0.99118
0.927684
0.973408
0.995554
0.894152
0.864956
0.969599
0.927942
0.928477
0.766397
0.974886
0.927868
0.938024
0.743454
0.903405
0.889066
0.868979
0.949069
0.943245
0.833204
0.773565
0.968381
0.933802
0.848187
0.957185
0.883205
0.851352
0.974262
0.993401
0.980119
0.938008
0.778933
0.958983
0.988623
0.832112
0.945253
0.934515
0.987862
0.793519
0.983452
0.936079
0.948026
0.982745
0.78428
0.781397
0.96894
0.872327
0.794802
0.93572
0.951557
0.88297
0.812953
0.98731
0.769423
0.96297
0.882159
0.83603
0.98557
0.980219
0.782279
0.96041
0.953786
0.958836
0.837377
0.967752
0.989957
0.9631
0.964717
0.701169
0.982257
0.935698
0.832233
0.989174
0.986564
0.958084
0.981351
0.950404
0.970783
0.947781
0.971291
0.953374
0.911846
0.955019
0.808003
0.994072
0.835181
0.923831
0.965686
0.934723
0.97967
0.953718
0.812189
0.892053
0.986858
0.951783
0.973272
0.988146
0.807148
0.880047
0.967243
0.961472
0.955592
0.937684
0.9864
0.965192
0.900511
0.948402
0.947255
0.92465
0.835825
0.991366
0.967134
0.953006
0.936988
0.936404
0.977296
0.964262
0.98465
0.920493
0.952544
0.938184
0.983901
0.939562
0.970593
0.851813
0.967109
0.761686
0.952571
0.943956
0.903252
0.811122
0.978588
0.982754
0.989689
0.975951
0.957077
0.983011
0.982859
0.803753
0.748321
0.789927
0.982771
0.910614
0.950147
0.71399
0.932459
0.955558
0.910871
0.944068
0.958159
0.932579
0.911229
0.808037
0.95833
0.96604
0.914464
0.976364
0.946557
0.970056
0.785409
0.761525
0.994457
0.953025
0.669975
0.914897
0.96325
0.955733
0.765942
0.710265
0.971606
0.948411
0.967966
0.808164
0.8174
0.954015
0.972795
0.965548
0.940552
0.973614
0.945255
0.951556
0.880852
0.980346
0.938453
0.980025
0.962544
0.983524
0.945382
0.95074
0.970885
0.965363
0.966557
0.871267
0.915802
0.947018
0.943005
0.911607
0.966236
0.986336
0.965124
0.874082
0.98924
0.940661
0.945103
0.974595
0.942434
0.939894
0.869408
0.71825
0.939528
0.955894
0.959323
0.958141
0.963828
0.84773
0.853849
0.853849
0.918392
0.977262
0.950465
0.896083
0.738656
0.98409
0.79699
0.961068
0.75495
0.876941
0.968159
0.682728
0.978968
0.988367
0.940517
0.981151
0.95552
0.971279
0.898886
0.983149
0.955833
0.982031
0.929198
0.776377
0.949229
0.990652
0.985448
0.97188
0.977681
0.863529
0.766903
0.968444
0.986385
0.912211
0.994425
0.826331
0.965556
0.987098
0.957529
0.931011
0.957124
0.970594
0.965314
0.980474
0.953703
0.956606
0.960766
0.882197
0.789302
0.956487
0.932917
0.958508
0.990716
0.874806
0.942921
0.973939
0.964071
0.963363
0.796854
0.965745
0.976359
0.910525
0.966393
0.983428
0.907645
0.895065
0.975746
0.994374
0.964958
0.934652
0.975213
0.928289
0.960143
0.964518
0.978268
0.800325
0.853791
0.97649
0.944963
0.856326
0.979366
0.968849
0.993548
0.777337
0.733468
0.909126
0.986691
0.78859
0.979723
0.812875
0.928419
0.875193
0.942754
0.864569
0.983458
0.929511
0.96317
0.908236
0.819881
0.784275
0.98866
0.917824
0.842963
0.989903
0.960504
0.970276
0.917142
0.944556
0.811474
0.880582
0.810153
0.964802
0.9736
0.990383
0.953271
0.973823
0.778269
0.939981
0.979664
0.992464
0.99172
0.813393
0.957639
0.947501
0.960337
0.971396
0.863372
0.958255
0.976681
0.821147
0.924699
0.973802
0.968025
0.946403
0.960048
0.839377
0.733141
0.935731
0.976477
0.977554
0.943325
0.989242
0.762238
0.929605
0.989371
0.975958
0.925378
0.859679
0.976861
0.881019
0.826344
0.899959
0.919411
0.926904
0.925808
0.912304
0.930947
0.761672
0.961189
0.979376
0.929072
0.90403
0.988885
0.970966
0.970958
0.975158
0.956239
0.856726
0.942771
0.799258
0.774676
0.750791
0.797758
0.735187
0.840913
0.926748
0.947312
0.858143
0.975972
0.836251
0.983111
0.759996
0.983439
0.795871
0.947694
0.906806
0.758886
0.965677
0.985449
0.948987
0.921955
0.939095
0.791026
0.935252
0.987588
0.921187
0.962036
0.861353
0.923528
0.839434
0.814774
0.977035
0.958312
0.950116
0.955851
0.931252
0.788657
0.970951
0.83422
0.971989
0.964961
0.925415
0.968589
0.965828
0.975591
0.862926
0.922531
0.825318
0.923365
0.963682
0.970993
0.980231
0.941251
0.951451
0.85811
0.963817
0.980306
0.955163
0.984811
0.880816
0.931038
0.963696
0.949119
0.943419
0.953783
0.738507
0.998065
0.904615
0.969777
0.871327
0.966918
0.839308
0.953165
0.981649
0.993051
0.788137
0.956902
0.956905
0.976986
0.703681
0.981027
0.967305
0.778482
0.988816
0.972467
0.825667
0.907474
0.964025
0.841236
0.818671
0.959352
0.960776
0.969191
0.695851
0.935265
0.980111
0.933566
0.970871
0.938757
0.864369
0.844241
0.971788
0.787433
0.935148
0.97613
0.967061
0.951068
0.773976
0.823342
0.822259
0.909119
0.941332
0.96155
0.840228
0.986463
0.974169
0.799953
0.942935
0.930859
0.908105
0.974266
0.947423
0.979169
0.902976
0.932003
0.968487
0.854851
0.681724
0.858046
0.954232
0.934622
0.983183
0.962812
0.959513
0.967983
0.974615
0.733
0.968741
0.960894
0.953109
0.939499
0.983439
0.790101
0.931805
0.943874
0.982955
0.949027
0.904502
0.94308
0.981899
0.969933
0.882653
0.963276
0.966198
0.970368
0.966425
0.807089
0.783863
0.965653
0.907354
0.908531
0.901365
0.85276
0.848894
0.982069
0.947504
0.953701
0.977421
0.782354
0.947946
0.944233
0.911011
0.789799
0.942121
0.981015
0.969039
0.987924
0.853832
0.984818
0.915228
0.877344
0.968949
0.811977
0.971447
0.977282
0.982869
0.930893
0.955868
0.73647
0.964344
0.973608
0.829966
0.944081
0.974967
0.974469
0.980883
0.820662
0.981873
0.973164
0.988632
0.766957
0.945671
0.950809
0.984976
0.973272
0.769526
0.745907
0.830324
0.870709
0.84845
0.957135
0.982964
0.893025
0.98307
0.946719
0.78
0.955252
0.951865
0.944887
0.948965
0.990985
0.986235
0.985165
0.922511
0.961221
0.756051
0.774577
0.945135
0.949334
0.786484
0.776401
0.720945
0.930749
0.981257
0.957639
0.984085
0.959591
0.982085
0.941243
0.986118
0.984637
0.993473
0.794051
0.958138
0.868761
0.965248
0.979706
0.904518
0.949171
0.91093
0.953944
0.837102
0.984546
0.958233
0.979209
0.917187
0.879366
0.972291
0.980844
0.888938
0.769093
0.952009
0.954111
0.96745
0.943347
0.971069
0.772146
0.903074
0.983121
0.909557
0.960746
0.970574
0.98323
0.982543
0.882115
0.949428
0.964802
0.942151
0.93055
0.964306
0.946389
0.988364
0.97091
0.979952
0.82243
0.961596
0.829414
0.987847
0.911893
0.947656
0.956349
0.963299
0.965595
0.912299
0.95691
0.96787
0.828889
0.844355
0.983009
0.964932
0.844355
0.769441
0.80825
0.946993
0.910929
0.970014
0.812573
0.950567
0.969972
0.987975
0.952005
0.773272
0.817942
0.980902
0.956702
0.870921
0.759138
0.965366
0.918004
0.987148
0.965547
0.968526
0.932004
0.821691
0.960975
0.971552
0.963865
0.935561
0.863359
0.971298
0.944698
0.872327
0.628622
0.966583
0.865174
0.966296
0.836412
0.956519
0.931342
0.936623
0.803462
0.943134
0.912726
0.83019
0.791876
0.933046
0.98009
0.966378
0.966607
0.93274
0.953122
0.842226
0.992478
0.963517
0.992464
0.981299
0.717993
0.905675
0.937048
0.935724
0.952304
0.827709
0.951563
0.961588
0.922245
0.955429
0.940519
0.841965
0.837491
0.970316
0.87509
0.854552
0.981097
0.942467
0.857836
0.959421
0.977609
0.891553
0.948928
0.765543
0.976237
0.853863
0.980664
0.781314
0.837543
0.986895
0.969511
0.971501
0.878489
0.95707
0.945525
0.989821
0.958163
0.99021
0.933709
0.957536
0.896029
0.956044
0.960716
0.942008
0.953974
0.77409
0.848456
0.936498
0.869374
0.761672
0.905227
0.957415
0.896021
0.984394
0.950365
0.898062
0.924276
0.809617
0.916511
0.957804
0.968462
0.957302
0.896018
0.822434
0.839155
0.980939
0.948612
0.974521
0.851924
0.937211
0.980137
0.845449
0.993913
0.792982
0.950498
0.905896
0.923618
0.836412
0.916802
0.985001
0.843049
0.957057
0.896024
0.993038
0.947519
0.818749
0.909428
0.967389
0.968852
0.949404
0.926081
0.951133
0.95149
0.961271
0.956948
0.896034
0.970405
0.780249
0.989598
0.990655
0.987271
0.955094
0.94845
0.943973
0.940521
0.988362
0.961176
0.932655
0.733
0.974085
0.933224
0.948385
0.992743
0.919716
0.961853
0.736452
0.797735
0.946798
0.959655
0.974923
0.935268
0.980363
0.952276
0.821532
0.964161
0.980391
0.944433
0.931607
0.967848
0.964378
0.977842
0.962876
0.87858
0.970002
0.984862
0.887455
0.94116
0.779024
0.969626
0.844031
0.955915
0.920392
0.821641
0.686107
0.822085
0.813412
0.956241
0.896309
0.948363
0.931607
0.936567
0.984765
0.983966
0.955148
0.956122
0.89647
0.945553
0.988577
0.946271
0.941193
0.95012
0.98326
0.937053
0.849978
0.95972
0.740862
0.990857
0.974643
0.828982
0.940148
0.939649
0.942492
0.946573
0.987607
0.833819
0.791082
0.982289
0.916071
0.956659
0.92732
0.953249
0.993655
0.823824
0.867063
0.936778
0.951709
0.837169
0.971472
0.868443
0.761796
0.948685
0.977525
0.935503
0.803782
0.850087
0.969235
0.948226
0.939344
0.802984
0.909273
0.881953
0.985905
0.842721
0.920855
0.772701
0.965051
0.979735
0.828195
0.78993
0.944439
0.982843
0.982056
0.856942
0.930963
0.963517
0.935093
0.868584
0.974761
0.974722
0.817378
0.955459
0.988142
0.950539
0.918448
0.926905
0.947693
0.759468
0.94911
0.75632
0.988355
0.997085
0.979776
0.956339
0.954186
0.741745
0.795655
0.981651
0.767519
0.979281
0.907514
0.95872
0.957443
0.880063
0.981112
0.987482
0.919454
0.950396
0.979897
0.962691
0.97221
0.79281
0.988946
0.812587
0.940612
0.97394
0.983555
0.843423
0.784683
0.934355
0.850903
0.98591
0.947492
0.961018
0.948195
0.816825
0.956309
0.89871
0.956022
0.913806
0.954797
0.83313
0.951043
0.940133
0.970227
0.783835
0.980471
0.828999
0.917815
0.907964
0.946635
0.964567
0.93766
0.918991
0.785139
0.83175
0.91608
0.982945
0.782212
0.857463
0.84913
0.795685
0.900125
0.866668
0.956588
0.988507
0.965896
0.949402
0.930209
0.94246
0.970203
0.913781
0.971265
0.934526
0.960515
0.950158
0.920757
0.979848
0.988787
0.793547
0.941991
0.934951
0.821031
0.903034
0.838543
0.979717
0.970581
0.969795
0.98006
0.985291
0.866787
0.948342
0.975435
0.988708
0.943877
0.815857
0.786872
0.876486
0.987991
0.965669
0.975204
0.980368
0.84774
0.800799
0.962022
0.969801
0.830981
0.949666
0.981484
0.93158
0.910641
0.841692
0.788688
0.805701
0.931546
0.975339
0.917976
0.94514
0.9476
0.833941
0.951723
0.9944
0.958068
0.965087
0.957281
0.947472
0.97214
0.955849
0.929479
0.955697
0.976722
0.918806
0.945532
0.971427
0.969259
0.981145
0.812789
0.990718
0.979376
0.979929
0.87801
0.980222
0.899464
0.966004
0.846712
0.819037
0.864987
0.954375
0.881005
0.980655
0.789778
0.928806
0.977526
0.975352
0.968857
0.905233
0.989477
0.852887
0.939781
0.982711
0.91608
0.980836
0.777947
0.982648
0.987673
0.944697
0.909497
0.916875
0.949776
0.878389
0.835958
0.956884
0.984858
0.917074
0.986789
0.968878
0.964392
0.967216
0.8471
0.97097
0.969734
0.989396
0.839551
0.919006
0.916174
0.975028
0.940821
0.952811
0.95497
0.980154
0.950653
0.602387
0.841246
0.794239
0.958872
0.826705
0.835168
0.940997
0.922751
0.84725
0.951189
0.917462
0.852006
0.971368
0.90731
0.975209
0.929162
0.982633
0.961795
0.818178
0.890489
0.751962
0.809845
0.911637
0.691218
0.882732
0.965941
0.984082
0.968638
0.903074
0.978274
0.988104
0.988957
0.934467
0.752819
0.980528
0.794466
0.960275
0.840586
0.853076
0.984349
0.865094
0.8835
0.957381
0.968051
0.954159
0.991123
0.957643
0.96574
0.91944
0.985688
0.937573
0.850418
0.908826
0.97884
0.980138
0.957793
0.911468
0.973562
0.957085
0.956431
0.939312
0.979908
0.967245
0.860173
0.964656
0.942194
0.980968
0.972068
0.905693
0.940871
0.958876
0.914815
0.927285
0.796164
0.979877
0.981664
0.985291
0.961112
0.968993
0.963709
0.964524
0.966024
0.933146
0.983063
0.927745
0.938813
0.928841
0.943189
0.989601
0.981759
0.939474
0.792789
0.871568
0.851171
0.971884
0.980591
0.938701
0.974421
0.981582
0.954937
0.950185
0.980796
0.976798
0.976741
0.97125
0.948187
0.974561
0.933457
0.883233
0.932044
0.932032
0.960579
0.843077
0.964543
0.931911
0.819208
0.930627
0.893226
0.936072
0.980325
0.940568
0.935088
0.96761
0.864669
0.787986
0.982694
0.983826
0.95163
0.870923
0.781982
0.962369
0.990062
0.94187
0.84511
0.983224
0.823818
0.952163
0.940552
0.963388
0.809491
0.937106
0.933331
0.962564
0.979034
0.944496
0.954402
0.893752
0.973411
0.816179
0.990884
0.800819
0.975764
0.83921
0.978549
0.956005
0.953874
0.937461
0.986993
0.962714
0.808592
0.838426
0.812964
0.878017
0.96523
0.938216
0.752898
0.957135
0.95744
0.984792
0.930733
0.922175
0.902706
0.790995
0.919924
0.984845
0.94941
0.677345
0.907246
0.963897
0.921302
0.816717
0.879893
0.984728
0.974288
0.962799
0.985668
0.800428
0.942121
0.975956
0.946198
0.808559
0.982949
0.810753
0.973154
0.872092
0.972204
0.791775
0.951331
0.935457
0.982435
0.873728
0.930846
0.932497
0.885774
0.944463
0.929484
0.980058
0.954173
0.960555
0.950979
0.963196
0.945928
0.826484
0.795875
0.905112
0.970064
0.944131
0.886888
0.949472
0.89838
0.981894
0.745141
0.965579
0.986675
0.93261
0.807654
0.978639
0.92768
0.888246
0.92822
0.733084
0.840079
0.910594
0.977848
0.903976
0.975022
0.72256
0.928518
0.925428
0.929318
0.962192
0.961487
0.952967
0.841038
0.983394
0.908262
0.871515
0.8164
0.947559
0.933255
0.987778
0.969918
0.937737
0.857251
0.953994
0.975627
0.894884
0.928545
0.993263
0.789479
0.792746
0.978848
0.858189
0.971686
0.994059
0.966394
0.836422
0.948105
0.673141
0.87606
0.942465
0.831669
0.878221
0.901532
0.970904
0.926232
0.982143
0.991002
0.974247
0.97775
0.812757
0.989213
0.954955
0.973075
0.968329
0.955869
0.827655
0.935141
0.955603
0.964423
0.765074
0.897054
0.956986
0.947454
0.934111
0.835161
0.816562
0.978989
0.915422
0.859966
0.796575
0.939905
0.955689
0.992699
0.982801
0.957293
0.777584
0.898598
0.976697
0.80637
0.792073
0.955
0.983649
0.971269
0.950759
0.973375
0.927942
0.950551
0.849674
0.972531
0.920481
0.895663
0.947924
0.973139
0.969813
0.955356
0.922049
0.942481
0.95055
0.97344
0.979554
0.973735
0.933783
0.871557
0.755673
0.850039
0.895692
0.938431
0.874125
0.949008
0.969896
0.935993
0.893837
0.824662
0.893612
0.962499
0.951634
0.972058
0.966663
0.969405
0.939626
0.953691
0.955889
0.987459
0.989379
0.898465
0.955793
0.852789
0.887284
0.85523
0.992453
0.784352
0.960333
0.81015
0.979619
0.886488
0.974207
0.841981
0.828275
0.981975
0.970465
0.984736
0.881861
0.936512
0.913781
0.928153
0.944512
0.709829
0.938759
0.934643
0.916843
0.815627
0.974848
0.81332
0.957383
0.829684
0.978001
0.834746
0.92573
0.972678
0.889774
0.916671
0.913629
0.966345
0.894642
0.966903
0.961263
0.777516
0.960938
0.951234
0.983832
0.975221
0.813713
0.962831
0.884747
0.95927
0.891942
0.933946
0.967005
0.968217
0.951575
0.987078
0.951804
0.980422
0.928346
0.941475
0.910475
0.968743
0.981398
0.948095
0.993081
0.85442
0.974273
0.968583
0.856617
0.934182
0.967656
0.983777
0.77745
0.986059
0.984961
0.993564
0.657675
0.94645
0.987137
0.926383
0.93443
0.933528
0.950185
0.984191
0.74233
0.878867
0.959166
0.845622
0.732967
0.889455
0.82327
0.911411
0.970589
0.9746
0.958603
0.860475
0.980757
0.915211
0.963087
0.985434
0.903774
0.850143
0.982872
0.76406
0.964643
0.831132
0.823698
0.947302
0.831616
0.777585
0.656546
0.882045
0.798634
0.949845
0.973778
0.976823
0.973365
0.972393
0.975177
0.986059
0.963712
0.952239
0.94034
0.927492
0.985669
0.974677
0.913167
0.871681
0.950331
0.780158
0.979846
0.986311
0.767015
0.821777
0.95453
0.708361
0.934084
0.898163
0.797729
0.846154
0.933254
0.743306
0.923445
0.964804
0.846605
0.963136
0.965689
0.694968
0.958659
0.90472
0.967874
0.955093
0.811877
0.807988
0.993
0.987859
0.734853
0.801071
0.927722
0.812819
0.97884
0.952118
0.889181
0.987813
0.989974
0.993067
0.964394
0.973911
0.938927
0.909384
0.805454
0.873213
0.838783
0.959582
0.828662
0.971895
0.985088
0.802116
0.983417
0.950225
0.944976
0.910929
0.959828
0.986749
0.93671
0.994777
0.990722
0.951265
0.845349
0.8385
0.902526
0.984996
0.93506
0.976732
0.970478
0.910753
0.934572
0.975923
0.90995
0.786228
0.85154
0.983007
0.940235
0.963953
0.967116
0.78185
0.819234
0.902421
0.945887
0.886837
0.823517
0.856826
0.909031
0.857727
0.836376
0.614512
0.967881
0.932044
0.835333
0.928975
0.986515
0.695196
0.965336
0.825284
0.981688
0.939269
0.91796
0.984732
0.873728
0.837386
0.855837
0.8304
0.963001
0.79895
0.945806
0.9558
0.819499
0.84281
0.955428
0.969561
0.9714
0.940783
0.84117
0.969475
0.92221
0.977197
0.918882
0.98782
0.895474
0.895613
0.940179
0.914211
0.915857
0.764102
0.947108
0.929369
0.962562
0.905606
0.973629
0.87295
0.84281
0.863649
0.878909
0.847525
0.978589
0.931054
0.796838
0.895542
0.972574
0.960046
0.893458
0.946911
0.90032
0.878302
0.975974
0.964669
0.985659
0.988104
0.966185
0.935107
0.991825
0.940985
0.953169
0.953222
0.580959
0.974804
0.95655
0.898379
0.943469
0.832145
0.954563
0.706028
0.946828
0.924508
0.955932
0.965206
0.933046
0.961758
0.976112
0.881935
0.852926
0.86862
0.934388
0.989269
0.948642
0.962214
0.901917
0.92368
0.903434
0.8855
0.952488
0.95547
0.963834
0.880257
0.849978
0.921812
0.950326
0.921717
0.929488
0.975089
0.986505
0.965765
0.838195
0.967201
0.877237
0.85187
0.913611
0.981087
0.887136
0.927423
0.76954
0.862504
0.91908
0.898841
0.778514
0.957602
0.955726
0.986419
0.934666
0.930542
0.972883
0.977066
0.839589
0.990916
0.835254
0.839489
0.933563
0.975383
0.901573
0.957719
0.862317
0.965729
0.914816
0.757078
0.940096
0.968489
0.958164
0.916043
0.973005
0.800686
0.939635
0.768995
0.95842
0.96038
0.950311
0.853775
0.835597
0.902835
0.977529
0.979874
0.897295
0.951829
0.986966
0.813365
0.960881
0.977068
0.790502
0.961707
0.829713
0.695346
0.953823
0.736037
0.980826
0.9636
0.906273
0.969296
0.971219
0.970734
0.968184
0.977984
0.976503
0.849005
0.827563
0.833154
0.982993
0.783135
0.951795
0.924816
0.889454
0.942553
0.940515
0.837551
0.898163
0.916963
0.92394
0.959527
0.954904
0.706742
0.980818
0.891135
0.798047
0.76421
0.782606
0.94772
0.936967
0.942327
0.952132
0.96409
0.961744
0.894541
0.892193
0.967643
0.816148
0.953978
0.851567
0.910063
0.938397
0.914197
0.944433
0.958468
0.974945
0.956184
0.789742
0.92918
0.860304
0.960138
0.986783
0.985161
0.863005
0.911597
0.863901
0.964131
0.939691
0.963223
0.857441
0.831131
0.796398
0.813406
0.974318
0.943955
0.824346
0.939478
0.967345
0.958057
0.970527
0.893276
0.956663
0.841184
0.910174
0.946024
0.8599
0.896223
0.900261
0.957661
0.938606
0.96258
0.759996
0.963042
0.752063
0.919821
0.908962
0.767519
0.805305
0.793084
0.978732
0.808523
0.87331
0.959399
0.948058
0.846629
0.964903
0.852066
0.983058
0.866294
0.944896
0.961172
0.953856
0.956035
0.979715
0.935731
0.942736
0.978639
0.967925
0.983966
0.762296
0.980396
0.963159
0.83967
0.826888
0.774632
0.980227
0.981192
0.952383
0.981212
0.791567
0.917348
0.950104
0.937205
0.933504
0.922253
0.843672
0.972571
0.967955
0.952279
0.847165
0.97624
0.916334
0.959697
0.741457
0.609401
0.887062
0.927509
0.920103
0.891183
0.716663
0.974262
0.980421
0.981593
0.989213
0.98426
0.953484
0.920118
0.972001
0.945253
0.935718
0.986878
0.936471
0.981654
0.902258
0.897904
0.954095
0.970234
0.957489
0.90894
0.951111
0.910622
0.976283
0.806966
0.849667
0.945511
0.800599
0.977005
0.798234
0.980852
0.816597
0.90404
0.946492
0.834389
0.937926
0.796115
0.937722
0.95515
0.893111
0.956998
0.958582
0.830473
0.881874
0.987894
0.881468
0.899797
0.981069
0.94275
0.977647
0.817491
0.949885
0.944939
0.959561
0.964786
0.977475
0.965236
0.947913
0.966683
0.740557
0.890136
0.925632
0.960608
0.818784
0.932674
0.84272
0.964643
0.895506
0.820491
0.96284
0.763048
0.957964
0.953336
0.905491
0.687535
0.862178
0.939305
0.922258
0.858659
0.875553
0.96969
0.831769
0.808397
0.97449
0.94559
0.756866
0.974
0.886383
0.967578
0.980003
0.818399
0.68886
0.968607
0.882332
0.942043
0.905363
0.947119
0.985389
0.969668
0.906083
0.982906
0.830699
0.931812
0.924922
0.943733
0.76415
0.986125
0.946487
0.980283
0.985576
0.985563
0.950979
0.953807
0.956793
0.983717
0.899962
0.876941
0.977329
0.850681
0.946896
0.97282
0.978074
0.95636
0.975907
0.822008
0.983287
0.848595
0.971506
0.77789
0.959265
0.923843
0.937526
0.927086
0.806989
0.890769
0.831669
0.856458
0.947255
0.987076
0.795462
0.951674
0.790229
0.940725
0.970355
0.969386
0.784037
0.963828
0.942168
0.957924
0.951112
0.976605
0.965623
0.959338
0.914498
0.917834
0.662689
0.758676
0.950719
0.904549
0.975215
0.987876
0.927482
0.98045
0.988238
0.978548
0.808301
0.803281
0.985361
0.952417
0.943405
0.897181
0.933146
0.892902
0.874146
0.910802
0.960065
0.980414
0.992977
0.938164
0.972083
0.983919
0.972339
0.987025
0.906484
0.981959
0.88032
0.991583
0.882533
0.947019
0.936293
0.84341
0.924739
0.808474
0.781896
0.980303
0.986784
0.741763
0.743471
0.950337
0.842356
0.985557
0.794323
0.965078
0.973007
0.98601
0.901709
0.860435
0.900712
0.775315
0.932619
0.962676
0.818784
0.807457
0.760909
0.876784
0.942478
0.924476
0.93418
0.977163
0.817568
0.969849
0.93264
0.870146
0.794054
0.972462
0.917872
0.97737
0.957694
0.934204
0.798238
0.834015
0.788481
0.946389
0.844697
0.836906
0.769629
0.932934
0.843664
0.964597
0.783252
0.871647
0.953333
0.924978
0.990392
0.909554
0.929366
0.750941
0.948813
0.925371
0.841641
0.958579
0.794803
0.980672
0.801767
0.906369
0.969242
0.749992
0.976738
0.983163
0.847364
0.985143
0.968133
0.9788
0.807069
0.978693
0.928782
0.950609
0.95013
0.953107
0.94367
0.980401
0.927296
0.87079
0.801409
0.965606
0.842356
0.772926
0.793068
0.793658
0.946557
0.902441
0.953757
0.967571
0.938184
0.91256
0.932496
0.959722
0.878029
0.931031
0.801349
0.950239
0.967846
0.808959
0.95209
0.971506
0.793658
0.966798
0.977133
0.938083
0.977237
0.893343
0.949409
0.909494
0.973816
0.976455
0.963631
0.917393
0.802899
0.814163
0.95351
0.944003
0.976167
0.939189
0.969822
0.827213
0.898814
0.960622
0.942261
0.831274
0.780961
0.983565
0.744393
0.902375
0.975699
0.936428
0.950041
0.954241
0.980279
0.848086
0.881606
0.76295
0.959272
0.862127
0.904465
0.979315
0.938766
0.901905
0.99354
0.773215
0.946192
0.962475
0.838706
0.939163
0.971
0.963873
0.972323
0.923776
0.830867
0.939369
0.809878
0.9514
0.748521
0.734015
0.966811
0.915045
0.931628
0.913997
0.840674
0.883879
0.954901
0.985968
0.891372
0.972241
0.988979
0.931979
0.943724
0.938536
0.928786
0.892489
0.97127
0.979167
0.98106
0.909569
0.93264
0.965854
0.844467
0.808615
0.807456
0.854233
0.912112
0.88169
0.814603
0.9307
0.948575
0.991501
0.885166
0.537812
0.822643
0.904231
0.972369
0.889087
0.939594
0.976768
0.984576
0.835291
0.807443
0.810395
0.982013
0.939894
0.879506
0.78459
0.96984
0.90424
0.929947
0.850695
0.935997
0.827007
0.951695
0.779833
0.946308
0.753744
0.968894
0.847954
0.91533
0.967337
0.828338
0.744154
0.981222
0.886767
0.855461
0.98508
0.894788
0.768915
0.974918
0.887602
0.787992
0.957381
0.957584
0.856929
0.77165
0.969072
0.982629
0.901895
0.929566
0.948505
0.791417
0.95618
0.828582
0.986872
0.96361
0.956926
0.767847
0.948058
0.784289
0.967211
0.97344
0.959965
0.952386
0.951227
0.973959
0.77508
0.966551
0.910497
0.933021
0.799176
0.977859
0.950166
0.961255
0.967269
0.88752
0.985109
0.956888
0.953168
0.783913
0.894576
0.947786
0.817942
0.794441
0.900945
0.958854
0.741385
0.835291
0.933598
0.957313
0.971217
0.927362
0.79983
0.924388
0.959767
0.978313
0.962102
0.968228
0.935148
0.977521
0.834524
0.863229
0.936607
0.968977
0.985683
0.878415
0.959815
0.793836
0.825971
0.951133
0.822631
0.934074
0.993022
0.937239
0.797117
0.945744
0.771659
0.975141
0.945646
0.972883
0.828555
0.945852
0.972917
0.842361
0.948279
0.962356
0.996506
0.956368
0.94726
0.898829
0.937383
0.943372
0.947927
0.787671
0.828049
0.959616
0.923227
0.828975
0.920238
0.808319
0.742426
0.829235
0.972241
0.954131
0.909102
0.987894
0.95306
0.979528
0.922248
0.971411
0.819127
0.973768
0.961721
0.895784
0.916561
0.957124
0.976934
0.853226
0.97735
0.77949
0.952627
0.915327
0.906897
0.888074
0.94999
0.948136
0.978319
0.933709
0.829329
0.726763
0.80455
0.831182
0.820794
0.98048
0.972414
0.925102
0.848743
0.760353
0.848685
0.888948
0.979991
0.942852
0.929329
0.85367
0.889368
0.979015
0.930296
0.953568
0.976406
0.973657
0.889802
0.97644
0.798634
0.973638
0.975315
0.967409
0.936418
0.954486
0.961553
0.954303
0.932502
0.844968
0.911163
0.959115
0.983061
0.959967
0.960388
0.880922
0.954595
0.913471
0.848663
0.753831
0.973731
0.970829
0.808885
0.811216
0.97147
0.94485
0.988181
0.867624
0.98453
0.895793
0.963513
0.984173
0.729974
0.987069
0.941174
0.985388
0.946948
0.784415
0.812243
0.898217
0.947202
0.782109
0.965443
0.959618
0.926796
0.962179
0.863287
0.983491
0.938383
0.843049
0.874857
0.929479
0.860897
0.969502
0.910968
0.963238
0.970876
0.896157
0.950714
0.952252
0.932669
0.934205
0.812768
0.943242
0.853853
0.852527
0.964573
0.942222
0.930624
0.959262
0.943096
0.952473
0.898137
0.828198
0.966176
0.953279
0.827378
0.957293
0.842322
0.853679
0.95881
0.941237
0.846949
0.852299
0.972404
0.966846
0.896739
0.977698
0.938016
0.889383
0.79215
0.950064
0.979522
0.962403
0.964466
0.971215
0.972281
0.968716
0.982869
0.964882
0.966605
0.942007
0.985979
0.950152
0.930211
0.94455
0.958768
0.86131
0.695819
0.971978
0.903649
0.889337
0.926597
0.982253
0.848287
0.956269
0.825701
0.708919
0.865387
0.968403
0.92054
0.965205
0.851901
0.814697
0.822261
0.917717
0.868273
0.743052
0.742603
0.93222
0.986789
0.81001
0.946614
0.95211
0.928733
0.928707
0.857549
0.838042
0.979655
0.853764
0.857343
0.819762
0.851193
0.918927
0.936859
0.952509
0.755718
0.988369
0.959035
0.812053
0.97868
0.981971
0.961189
0.946403
0.952595
0.928798
0.851543
0.855005
0.905899
0.977404
0.915263
0.95212
0.92047
0.77958
0.907236
0.854242
0.96307
0.924381
0.980088
0.954584
0.978848
0.866568
0.858974
0.954504
0.89994
0.873483
0.973734
0.945893
0.987171
0.97391
0.871331
0.931634
0.956092
0.972746
0.732436
0.853655
0.854896
0.969724
0.991173
0.964516
0.979405
0.846526
0.857511
0.976981
0.930362
0.978949
0.893439
0.788332
0.951254
0.948356
0.937658
0.990097
0.84501
0.974348
0.974635
0.96397
0.937703
0.846357
0.786065
0.951299
0.956942
0.982054
0.962148
0.950853
0.972251
0.964682
0.895257
0.972377
0.799736
0.761009
0.861902
0.968776
0.955396
0.945416
0.860929
0.918488
0.926258
0.972391
0.897977
0.857945
0.943039
0.847165
0.862068
0.810036
0.970632
0.913365
0.921846
0.94406
0.990108
0.77974
0.942733
0.961834
0.981042
0.888103
0.963217
0.945553
0.896517
0.580933
0.952787
0.951667
0.960888
0.953101
0.808217
0.895832
0.957765
0.861531
0.843447
0.691304
0.916256
0.966784
0.971691
0.952413
0.961991
0.923915
0.955066
0.932143
0.997994
0.829966
0.968275
0.89827
0.923075
0.915764
0.984366
0.977031
0.739339
0.968162
0.98869
0.994142
0.942701
0.964477
0.944759
0.927868
0.825911
0.94727
0.922099
0.956857
0.967381
0.811655
0.986286
0.956857
0.949103
0.969011
0.885044
0.956779
0.956037
0.81038
0.863538
0.963354
0.945641
0.856471
0.979315
0.837428
0.971241
0.834733
0.955796
0.827542
0.839048
0.974211
0.945995
0.850315
0.861446
0.810606
0.817939
0.85437
0.852794
0.952504
0.966805
0.970239
0.901807
0.855555
0.84476
0.947168
0.982329
0.771879
0.871847
0.943993
0.853528
0.855223
0.80119
0.809407
0.982931
0.980119
0.969145
0.81572
0.986233
0.976626
0.743181
0.793754
0.678096
0.648506
0.93583
0.936985
0.864023
0.893256
0.986956
0.974053
0.881745
0.975166
0.943351
0.721008
0.915399
0.843474
0.950022
0.943419
0.941363
0.881538
0.989887
0.968524
0.974323
0.983969
0.98308
0.924292
0.82223
0.857836
0.892636
0.958983
0.944693
0.895806
0.971331
0.982395
0.949674
0.977129
0.826982
0.86912
0.968926
0.898465
0.92813
0.907215
0.964585
0.964415
0.983928
0.941236
0.972799
0.80784
0.95844
0.858966
0.965775
0.951623
0.978961
0.897497
0.778321
0.979842
0.850481
0.86202
0.960773
0.982279
0.985362
0.838261
0.828047
0.915571
0.790309
0.939198
0.884374
0.901519
0.961832
0.951625
0.983111
0.888307
0.922858
0.98308
0.951674
0.794112
0.984744
0.918937
0.951424
0.790253
0.973357
0.951868
0.985035
0.726733
0.921356
0.984955
0.98477
0.984624
0.956713
0.985573
0.803051
0.929284
0.9839
0.98096
0.800661
0.941565
0.94492
0.982413
0.932646
0.927331
0.786368
0.862234
0.951453
0.901779
0.832868
0.952867
0.887893
0.939911
0.923435
0.959273
0.980325
0.972496
0.966442
0.963559
0.971216
0.963726
0.788005
0.786999
0.811829
0.941757
0.988523
0.813039
0.968969
0.961894
0.980404
0.941008
0.825755
0.939559
0.853808
0.855156
0.986251
0.940862
0.965021
0.958776
0.809522
0.971216
0.850217
0.964462
0.873636
0.9825
0.928597
0.978007
0.809954
0.917773
0.980972
0.963388
0.94286
0.823624
0.964029
0.980054
0.821269
0.937644
0.889844
0.925297
0.86393
0.947821
0.963685
0.916636
0.966663
0.955496
0.938385
0.819263
0.964607
0.944934
0.62616
0.940879
0.976329
0.811827
0.890459
0.895749
0.91977
0.913388
0.907813
0.977387
0.973164
0.970612
0.968395
0.844744
0.830867
0.863747
0.979458
0.94668
0.800777
0.988248
0.982506
0.929687
0.965828
0.97152
0.961711
0.824924
0.957663
0.861683
0.937526
0.97697
0.899991
0.818404
0.970749
0.952713
0.958109
0.922264
0.970806
0.782
0.819852
0.981524
0.962189
0.895605
0.973626
0.979282
0.984469
0.974631
0.852136
0.855563
0.95734
0.943109
0.985598
0.976891
0.858717
0.965137
0.946183
0.859972
0.801398
0.833739
0.953198
0.879822
0.851205
0.960091
0.742517
0.961392
0.942671
0.98976
0.774222
0.781282
0.96038
0.966786
0.991512
0.768299
0.985975
0.89053
0.953621
0.97624
0.912392
0.878463
0.883617
0.805568
0.959133
0.849285
0.977364
0.902207
0.849534
0.913783
0.983912
0.794141
0.633922
0.790469
0.975668
0.981991
0.791336
0.828266
0.969461
0.989542
0.92822
0.827393
0.918021
0.801503
0.970385
0.794043
0.764731
0.823169
0.697335
0.948298
0.854754
0.853203
0.970133
0.981759
0.893539
0.977001
0.966546
0.97073
0.809809
0.925896
0.942778
0.905861
0.875673
0.975044
0.804201
0.824291
0.921288
0.976703
0.962371
0.934488
0.957359
0.940636
0.964082
0.899985
0.965448
0.848186
0.789004
0.945769
0.907917
0.966427
0.877306
0.861447
0.853815
0.892876
0.978935
0.965201
0.95996
0.89064
0.935153
0.975878
0.954713
0.941326
0.798421
0.943313
0.864708
0.989147
0.957514
0.852425
0.863157
0.954582
0.933972
0.809931
0.976334
0.944388
0.955315
0.98246
0.737332
0.981203
0.808803
0.814432
0.739699
0.738223
0.842992
0.977217
0.971644
0.850021
0.954607
0.867871
0.856375
0.964418
0.954588
0.986777
0.941294
0.971159
0.986426
0.747045
0.966099
0.862699
0.962794
0.963163
0.969319
0.977868
0.832985
0.940372
0.82848
0.984003
0.853122
0.96774
0.809947
0.849815
0.982617
0.935145
0.856528
0.860973
0.838857
0.964214
0.85122
0.898634
0.806918
0.779647
0.981217
0.858171
0.925723
0.858052
0.911546
0.763015
0.944985
0.942492
0.930462
0.964112
0.834503
0.964225
0.852495
0.861046
0.945868
0.85027
0.809764
0.952658
0.974243
0.970736
0.851332
0.865762
0.9535
0.969274
0.967409
0.853764
0.855594
0.942645
0.9443
0.952473
0.877917
0.93731
0.853952
0.855422
0.974968
0.826471
0.933021
0.775278
0.818555
0.936408
0.974229
0.752061
0.964592
0.852696
0.966791
0.853938
0.889515
0.828548
0.787458
0.890441
0.969501
0.980604
0.939353
0.974631
0.906223
0.96727
0.960217
0.887837
0.806641
0.944003
0.961111
0.801422
0.683269
0.756523
0.990097
0.991341
0.961974
0.844536
0.81675
0.865497
0.949063
0.978123
0.805015
0.960208
0.956946
0.957124
0.825214
0.857576
0.867009
0.955526
0.747797
0.855787
0.952241
0.791396
0.82337
0.903907
0.914804
0.970522
0.912166
0.816104
0.699118
0.932208
0.85834
0.854306
0.828734
0.976453
0.833455
0.978389
0.932982
0.824628
0.847894
0.782103
0.916352
0.933189
0.757818
0.984353
0.792528
0.968151
0.855832
0.983078
0.906997
0.985934
0.864003
0.953944
0.805342
0.865127
0.957066
0.80679
0.810937
0.825901
0.976654
0.977338
0.972281
0.745897
0.798234
0.795198
0.89614
0.979009
0.960963
0.784275
0.934289
0.85759
0.956657
0.953216
0.943074
0.939078
0.846209
0.929721
0.929205
0.845994
0.99661
0.882214
0.87576
0.976019
0.92614
0.83732
0.855114
0.853601
0.959419
0.794788
0.941764
0.816719
0.867022
0.8546
0.9777
0.937906
0.933327
0.811045
0.949768
0.769415
0.816418
0.902441
0.919938
0.94081
0.898226
0.973641
0.965127
0.879062
0.826856
0.963805
0.747953
0.849161
0.986824
0.853037
0.981714
0.791542
0.82354
0.862094
0.940478
0.964289
0.956226
0.962352
0.962647
0.935107
0.732634
0.995459
0.849674
0.973557
0.951863
0.98417
0.794078
0.923831
0.880828
0.98881
0.949714
0.829312
0.852713
0.856106
0.81899
0.979924
0.766957
0.979389
0.964245
0.750931
0.964035
0.834862
0.978891
0.97557
0.97844
0.760971
0.855424
0.853615
0.881017
0.84872
0.798374
0.838657
0.826578
0.826727
0.857662
0.843074
0.979614
0.968755
0.978604
0.926037
0.956265
0.971503
0.791976
0.676022
0.955731
0.821056
0.801063
0.822848
0.974905
0.972498
0.951319
0.920822
0.789529
0.980477
0.8587
0.741986
0.757017
0.826451
0.914557
0.967051
0.85401
0.854752
0.856858
0.856783
0.938945
0.79281
0.968964
0.911633
0.768326
0.88213
0.820708
0.751531
0.826401
0.865762
0.966813
0.952949
0.903389
0.984659
0.980968
0.810396
0.849621
0.805479
0.85428
0.854541
0.838854
0.858665
0.542611
0.971084
0.935857
0.973756
0.849472
0.838932
0.83567
0.981208
0.920883
0.972543
0.942466
0.940901
0.960157
0.851002
0.982807
0.936687
0.963053
0.871139
0.866099
0.903851
0.72377
0.988523
0.951265
0.892017
0.805823
0.932037
0.985632
0.985253
0.922695
0.954439
0.837711
0.967612
0.983655
0.850222
0.852133
0.928373
0.908096
0.978596
0.978902
0.892151
0.979543
0.836792
0.948288
0.968964
0.935927
0.956833
0.973849
0.809548
0.810479
0.839581
0.937528
0.802127
0.943123
0.91918
0.980145
0.817349
0.851605
0.859911
0.800539
0.982789
0.659417
0.973915
0.940685
0.884354
0.937747
0.9115
0.853054
0.825394
0.96637
0.838958
0.808003
0.95729
0.903571
0.886205
0.932285
0.789879
0.805297
0.849312
0.968977
0.967841
0.814256
0.9731
0.805592
0.830801
0.863202
0.963768
0.824153
0.981644
0.8109
0.779874
0.948809
0.962509
0.934848
0.941408
0.974305
0.818215
0.913261
0.986581
0.775672
0.949846
0.946783
0.854038
0.855917
0.971167
0.76283
0.969234
0.69325
0.99155
0.816363
0.801375
0.964394
0.963643
0.857233
0.929054
0.924463
0.856004
0.825728
0.962628
0.968747
0.837836
0.949578
0.808585
0.986651
0.772492
0.791669
0.821484
0.945848
0.938101
0.900211
0.804083
0.85419
0.854932
0.968427
0.945586
0.792756
0.969455
0.952257
0.981449
0.915228
0.949303
0.91617
0.93561
0.736025
0.837397
0.890353
0.968687
0.771218
0.810837
0.818102
0.973689
0.940519
0.952469
0.975282
0.958103
0.804155
0.957686
0.765649
0.766699
0.750449
0.783729
0.968411
0.806833
0.805884
0.778014
0.840695
0.854722
0.779913
0.96338
0.927888
0.828613
0.802219
0.976553
0.836499
0.851841
0.830685
0.813704
0.976178
0.979036
0.923814
0.758291
0.809848
0.860046
0.945416
0.991192
0.927088
0.843217
0.850897
0.805489
0.85724
0.910174
0.779958
0.988253
0.732001
0.845747
0.98456
0.961641
0.936229
0.876139
0.937644
0.958998
0.967378
0.978856
0.916193
0.936648
0.969217
0.976405
0.840003
0.802571
0.837636
0.885709
0.984305
0.965541
0.7853
0.977145
0.978123
0.933856
0.950735
0.766723
0.877953
0.951991
0.92977
0.985774
0.791989
0.822756
0.832882
0.846514
0.759041
0.807753
0.986661
0.959035
0.836196
0.948757
0.799423
0.697202
0.91038
0.847256
0.962664
0.85329
0.807366
0.933794
0.852923
0.966916
0.75989
0.923915
0.795485
0.930508
0.786168
0.815916
0.798151
0.820101
0.955438
0.950039
0.970563
0.962862
0.932591
0.975997
0.853955
0.861311
0.809192
0.83319
0.93245
0.981554
0.935576
0.910257
0.935105
0.816002
0.962652
0.930712
0.855659
0.854361
0.947569
0.783026
0.960939
0.982062
0.979821
0.989594
0.807037
0.722462
0.80128
0.831544
0.945469
0.738304
0.854647
0.855261
0.940334
0.963703
0.937211
0.845722
0.937674
0.960421
0.898729
0.853661
0.853287
0.856667
0.856367
0.930215
0.982362
0.84251
0.732021
0.940141
0.923843
0.959016
0.805301
0.954015
0.939032
0.994129
0.955789
0.821914
0.952304
0.842238
0.951657
0.936277
0.938716
0.975756
0.923836
0.98311
0.920193
0.957453
0.855765
0.854128
0.914985
0.722668
0.976556
0.946608
0.937747
0.945381
0.957266
0.919281
0.783376
0.96142
0.907237
0.889952
0.981515
0.980527
0.984219
0.691961
0.777386
0.95576
0.849877
0.860491
0.941284
0.83383
0.829331
0.808297
0.975621
0.963019
0.789847
0.805869
0.950778
0.757918
0.979164
0.931961
0.786788
0.779218
0.79309
0.822131
0.962746
0.952257
0.947449
0.923999
0.956783
0.957462
0.984449
0.775672
0.851289
0.821647
0.936922
0.728233
0.858318
0.911695
0.828705
0.975127
0.826851
0.928806
0.905718
0.91538
0.93787
0.840719
0.861421
0.839868
0.809616
0.871558
0.750308
0.832063
0.942791
0.967643
0.906343
0.953635
0.973175
0.891813
0.942729
0.957197
0.79845
0.86202
0.952067
0.754565
0.807683
0.955302
0.832658
0.904396
0.947151
0.884122
0.97619
0.852029
0.854716
0.855595
0.858682
0.837575
0.868539
0.829044
0.946443
0.964827
0.95005
0.850691
0.769708
0.960114
0.936502
0.854789
0.855504
0.94116
0.793533
0.744323
0.972435
0.731379
0.948229
0.880828
0.874541
0.8404
0.841917
0.831901
0.88535
0.819948
0.993335
0.863293
0.821047
0.769884
0.844342
0.902536
0.892536
0.980865
0.987167
0.849397
0.780335
0.951994
0.759955
0.840435
0.974455
0.949105
0.955974
0.783973
0.895618
0.936408
0.820898
0.961269
0.854301
0.856277
0.80909
0.959344
0.849918
0.86205
0.736734
0.979206
0.935729
0.956425
0.803766
0.977393
0.971277
0.9147
0.829044
0.846224
0.847605
0.915017
0.976826
0.912334
0.921336
0.985595
0.789036
0.515595
0.958904
0.796862
0.986517
0.901233
0.956209
0.952262
0.963591
0.765904
0.837425
0.818465
0.818561
0.546582
0.905794
0.93889
0.912298
0.829604
0.982798
0.830755
0.835331
0.814669
0.946423
0.957467
0.784454
0.96574
0.989667
0.959938
0.977875
0.842746
0.836678
0.928707
0.965136
0.853863
0.845808
0.80516
0.912814
0.959828
0.854682
0.855739
0.950672
0.983011
0.911057
0.785817
0.855918
0.854879
0.932669
0.901939
0.91315
0.897558
0.819149
0.975671
0.962565
0.975645
0.833779
0.970703
0.965007
0.979725
0.936347
0.963423
0.77603
0.776848
0.959838
0.765423
0.836691
0.974836
0.856159
0.854851
0.753853
0.778227
0.935503
0.960524
0.829159
0.896949
0.951096
0.925371
0.868094
0.825948
0.682423
0.966774
0.948155
0.981644
0.760975
0.97335
0.86981
0.964208
0.927248
0.991243
0.855981
0.854629
0.930375
0.916951
0.946955
0.970427
0.85398
0.846774
0.81494
0.904129
0.796976
0.964658
0.970529
0.984175
0.939873
0.8056
0.965077
0.975764
0.971358
0.905206
0.816018
0.960341
0.856409
0.96262
0.948131
0.959826
0.856412
0.854743
0.9754
0.802991
0.971181
0.942406
0.810426
0.908978
0.954191
0.840899
0.814854
0.970791
0.855932
0.808091
0.854683
0.832728
0.816287
0.946808
0.934828
0.923851
0.928557
0.969029
0.952237
0.963109
0.967396
0.794392
0.823973
0.853655
0.857388
0.838314
0.859048
0.816315
0.844192
0.815349
0.789363
0.820393
0.768015
0.915521
0.954308
0.948693
0.947882
0.968468
0.854925
0.853372
0.79873
0.866986
0.854622
0.856287
0.974061
0.929826
0.802339
0.970054
0.788507
0.908135
0.808778
0.942294
0.951238
0.931232
0.818957
0.942943
0.74332
0.837443
0.990182
0.974739
0.915263
0.867134
0.817014
0.8626
0.945709
0.835221
0.940612
0.97171
0.789952
0.900824
0.932828
0.915857
0.880704
0.850983
0.967234
0.824726
0.926089
0.806438
0.846579
0.86069
0.97298
0.820677
0.905889
0.93966
0.806577
0.967391
0.818581
0.844894
0.976401
0.989668
0.914667
0.932615
0.977683
0.926086
0.812176
0.844736
0.97866
0.949626
0.967397
0.842856
0.972285
0.972448
0.921006
0.903906
0.993911
0.964201
0.816297
0.965393
0.812421
0.983626
0.920962
0.890912
0.920404
0.701946
0.988267
0.974848
0.919451
0.960653
0.991621
0.800753
0.828749
0.705952
0.914563
0.880641
0.960276
0.958841
0.796541
0.798195
0.984884
0.908447
0.929754
0.988571
0.857607
0.905946
0.853469
0.805146
0.810697
0.828715
0.799008
0.948448
0.859666
0.844894
0.837109
0.899174
0.905889
0.967503
0.833082
0.826244
0.806421
0.856463
0.855129
0.952583
0.975887
0.830451
0.93597
0.821909
0.806428
0.796881
0.843208
0.900705
0.927149
0.96256
0.984341
0.99355
0.95648
0.922319
0.813257
0.889864
0.860453
0.815277
0.850817
0.83485
0.772906
0.742622
0.847923
0.803345
0.948131
0.892465
0.855564
0.856105
0.902885
0.918949
0.934526
0.807833
0.813004
0.984248
0.688882
0.823774
0.726658
0.767637
0.979241
0.971475
0.7854
0.753404
0.870867
0.875769
0.969846
0.930906
0.874586
0.761184
0.827371
0.813636
0.86873
0.784405
0.938906
0.836519
0.926257
0.933348
0.974421
0.899835
0.859666
0.811415
0.986289
0.815927
0.975799
0.928486
0.952248
0.941992
0.94599
0.962874
0.983525
0.98055
0.688127
0.827567
0.81801
0.982499
0.947322
0.975541
0.802513
0.867616
0.759152
0.850059
0.861185
0.77975
0.950351
0.812462
0.848756
0.936867
0.892747
0.919409
0.906628
0.923381
0.927647
0.951706
0.975969
0.940619
0.964403
0.754366
0.858746
0.853097
0.85525
0.904607
0.926164
0.787839
0.847832
0.833639
0.963949
0.98054
0.808963
0.953561
0.923136
0.928512
0.988969
0.972443
0.960075
0.979372
0.975105
0.799375
0.942041
0.886854
0.970211
0.804869
0.791559
0.966546
0.767497
0.837234
0.937461
0.738455
0.974615
0.840838
0.855656
0.856479
0.754759
0.795378
0.954174
0.775138
0.794436
0.945999
0.789152
0.896057
0.785218
0.954174
0.797425
0.797749
0.842719
0.982677
0.951723
0.700709
0.950999
0.954866
0.96041
0.786234
0.855558
0.921484
0.813699
0.92995
0.943389
0.765977
0.816568
0.977129
0.981895
0.886191
0.73153
0.816387
0.807729
0.870429
0.945599
0.959111
0.980473
0.818633
0.786924
0.901233
0.945213
0.849771
0.86348
0.899721
0.972091
0.805444
0.935085
0.827716
0.935542
0.851634
0.716842
0.85055
0.859983
0.976264
0.968172
0.951312
0.78899
0.759515
0.77785
0.839752
0.972439
0.852565
0.967375
0.837011
0.99415
0.978272
0.864802
0.963963
0.786449
0.743034
0.97824
0.861512
0.828553
0.982314
0.814893
0.825586
0.809364
0.926328
0.972886
0.817451
0.915399
0.970734
0.920855
0.972232
0.847925
0.851579
0.812894
0.850505
0.746266
0.931838
0.761177
0.799924
0.981695
0.890398
0.85557
0.856605
0.948842
0.954963
0.949456
0.969572
0.978633
0.845553
0.985703
0.937703
0.905781
0.987961
0.864023
0.851897
0.808342
0.981959
0.823181
0.780363
0.991075
0.950558
0.959744
0.857535
0.871695
0.970419
0.98044
0.765457
0.969757
0.920026
0.941255
0.95818
0.817691
0.968525
0.807156
0.947786
0.96199
0.844049
0.803634
0.8371
0.92922
0.805435
0.985783
0.969259
0.844272
0.868434
0.776775
0.800176
0.721274
0.951456
0.819524
0.843364
0.855842
0.928832
0.838766
0.817163
0.8968
0.894114
0.840768
0.976192
0.952963
0.839389
0.795613
0.841984
0.982955
0.892515
0.841709
0.913906
0.937799
0.815428
0.982812
0.928903
0.756356
0.818789
0.988633
0.819469
0.947855
0.882939
0.794591
0.823053
0.874662
0.893055
0.90266
0.889618
0.809676
0.863668
0.966767
0.807467
0.933185
0.894589
0.774601
0.976723
0.790766
0.807522
0.838242
0.923434
0.983569
0.814371
0.851072
0.971001
0.850281
0.907682
0.989719
0.935615
0.806956
0.922267
0.901763
0.836913
0.781288
0.849156
0.945991
0.865514
0.939511
0.967676
0.768724
0.969172
0.749516
0.83495
0.968377
0.795555
0.92746
0.960157
0.991996
0.921575
0.951556
0.907094
0.938907
0.949563
0.982617
0.856322
0.841071
0.856766
0.856442
0.757012
0.970616
0.833723
0.957483
0.948437
0.87144
0.964632
0.953025
0.805011
0.966543
0.954294
0.949526
0.666952
0.964932
0.818659
0.866512
0.857308
0.85597
0.83593
0.923
0.966383
0.708307
0.88828
0.956873
0.858763
0.757801
0.744262
0.851623
0.755379
0.95823
0.850357
0.862241
0.981023
0.925008
0.969599
0.966441
0.854405
0.857312
0.97135
0.952015
0.858891
0.808003
0.832914
0.752824
0.841481
0.746807
0.949729
0.940983
0.873705
0.888646
0.89485
0.786183
0.793726
0.822816
0.998024
0.983073
0.949103
0.920258
0.95119
0.85742
0.85569
0.979999
0.854571
0.845745
0.889289
0.848749
0.891048
0.981579
0.851182
0.956134
0.827697
0.939312
0.824784
0.847111
0.847735
0.979969
0.958622
0.973079
0.986286
0.808764
0.831384
0.933903
0.973622
0.95512
0.829139
0.830052
0.80922
0.856162
0.856677
0.979252
0.944511
0.984183
0.814083
0.852196
0.965933
0.949905
0.812455
0.954914
0.989839
0.906794
0.961633
0.889785
0.841103
0.863042
0.774716
0.793843
0.827286
0.948496
0.773699
0.802898
0.856533
0.856955
0.807371
0.972079
0.757442
0.960651
0.960978
0.966087
0.775067
0.77784
0.945881
0.969175
0.926649
0.835369
0.854842
0.983551
0.83686
0.865177
0.929982
0.831394
0.736908
0.973171
0.957989
0.962865
0.946449
0.863551
0.996605
0.921488
0.818983
0.929832
0.759148
0.92108
0.95017
0.798905
0.857295
0.856473
0.856799
0.841667
0.959096
0.956442
0.837418
0.89946
0.850458
0.861958
0.774363
0.981869
0.979701
0.753233
0.762544
0.970201
0.850158
0.92631
0.877485
0.826052
0.890925
0.782965
0.785177
0.967498
0.746958
0.955719
0.810469
0.948057
0.91493
0.985547
0.981923
0.992902
0.957942
0.801565
0.857331
0.806644
0.805308
0.723259
0.816088
0.987248
0.987248
0.981578
0.688864
0.8502
0.932061
0.973525
0.763337
0.978155
0.88156
0.990624
0.932668
0.910171
0.863738
0.853054
0.968585
0.960245
0.966567
0.933457
0.73651
0.948496
0.83668
0.987624
0.949689
0.832279
0.804596
0.829403
0.929952
0.856641
0.857395
0.93905
0.947266
0.955849
0.877158
0.950196
0.919132
0.823769
0.968886
0.93658
0.807923
0.952323
0.97283
0.813997
0.810939
0.850483
0.981582
0.75371
0.96866
0.825063
0.802791
0.809497
0.814363
0.913783
0.872709
0.88177
0.767487
0.834744
0.791567
0.947532
0.929188
0.963655
0.814526
0.981656
0.807313
0.988249
0.818021
0.946193
0.829821
0.855332
0.857173
0.92446
0.93978
0.849529
0.865148
0.970112
0.802958
0.961414
0.971033
0.935242
0.957534
0.679681
0.915748
0.79609
0.970932
0.98203
0.79473
0.836831
0.912077
0.836776
0.82517
0.816297
0.715647
0.969778
0.973263
0.949816
0.777476
0.782359
0.959616
0.844443
0.83792
0.861099
0.906787
0.885574
0.878025
0.880568
0.697087
0.81558
0.837826
0.804023
0.827693
0.791369
0.7995
0.840988
0.851179
0.948104
0.893968
0.840573
0.913669
0.907886
0.960894
0.938972
0.961472
0.875014
0.856481
0.857492
0.889649
0.849957
0.832097
0.852884
0.806238
0.861665
0.810397
0.889289
0.879165
0.856666
0.9566
0.742871
0.851673
0.857306
0.989647
0.856301
0.941683
0.9346
0.799804
0.942108
0.965645
0.848543
0.832355
0.975467
0.938216
0.972259
0.758688
0.932657
0.888397
0.828489
0.836556
0.982617
0.856999
0.861317
0.917894
0.780065
0.811567
0.853181
0.935814
0.963159
0.951466
0.976263
0.719601
0.958214
0.928692
0.785521
0.83919
0.857896
0.759462
0.783727
0.810186
0.956134
0.93452
0.984044
0.978292
0.857908
0.856745
0.833593
0.927228
0.814441
0.854769
0.850012
0.890052
0.859246
0.956492
0.947273
0.866915
0.952929
0.929882
0.970691
0.873862
0.716107
0.993538
0.896049
0.848214
0.889122
0.767554
0.953339
0.901939
0.984353
0.884115
0.984817
0.962043
0.897024
0.971958
0.806921
0.806528
0.842794
0.935149
0.773031
0.891603
0.849973
0.888208
0.800657
0.815219
0.794062
0.81237
0.867891
0.820398
0.95027
0.984645
0.836655
0.907783
0.803072
0.858675
0.99041
0.939754
0.835689
0.815098
0.697512
0.916592
0.895672
0.774646
0.953456
0.820607
0.818919
0.925615
0.911574
0.9684
0.941086
0.966631
0.965773
0.829777
0.800033
0.772331
0.840553
0.933107
0.958784
0.870928
0.807033
0.808452
0.870295
0.818989
0.970463
0.944963
0.9721
0.935862
0.804085
0.968373
0.805824
0.826764
0.8793
0.790189
0.800712
0.855488
0.85746
0.763697
0.802197
0.932497
0.804154
0.836431
0.891924
0.971798
0.913502
0.947736
0.896147
0.979286
0.802854
0.820097
0.918466
0.940946
0.989982
0.906538
0.687838
0.740965
0.955779
0.878568
0.9034
0.942662
0.795237
0.814881
0.849617
0.794073
0.824271
0.773247
0.825357
0.953692
0.980221
0.756976
0.853792
0.933072
0.787465
0.86222
0.978861
0.760741
0.966051
0.950076
0.928286
0.950581
0.912237
0.900479
0.827273
0.980111
0.922751
0.806525
0.927042
0.842432
0.813921
0.815371
0.84907
0.966227
0.881519
0.817295
0.956351
0.893068
0.780977
0.942529
0.94239
0.950315
0.950802
0.874726
0.653631
0.87482
0.83574
0.862458
0.925552
0.975244
0.862782
0.853997
0.981996
0.964514
0.857159
0.948195
0.857778
0.927722
0.870596
0.766273
0.98886
0.921443
0.851909
0.966594
0.837349
0.984496
0.894206
0.94953
0.849768
0.843298
0.858335
0.857198
0.939163
0.766746
0.976693
0.948056
0.968643
0.807406
0.845194
0.96491
0.834902
0.952015
0.750978
0.967022
0.95536
0.805029
0.809397
0.969518
0.846671
0.856349
0.921386
0.831884
0.856952
0.736601
0.773511
0.831887
0.858171
0.804408
0.970456
0.930749
0.824542
0.913023
0.749266
0.913809
0.937737
0.931031
0.839068
0.951747
0.857852
0.845615
0.957667
0.758899
0.822238
0.872709
0.790755
0.959949
0.857497
0.961952
0.826148
0.816273
0.902938
0.883062
0.803709
0.806314
0.976056
0.817425
0.915219
0.765495
0.965136
0.812811
0.9378
0.982321
0.932378
0.972618
0.931361
0.853855
0.817875
0.973407
0.851176
0.854901
0.978413
0.862696
0.903472
0.961975
0.907385
0.95401
0.898875
0.814099
0.799197
0.935052
0.970089
0.808959
0.865947
0.937749
0.832253
0.826787
0.963583
0.953056
0.875987
0.902938
0.857491
0.82177
0.98234
0.741337
0.830241
0.807109
0.895796
0.820066
0.751837
0.835686
0.931914
0.907125
0.855633
0.857753
0.963291
0.865623
0.914204
0.977898
0.81261
0.763402
0.885213
0.801072
0.799702
0.95787
0.961834
0.967053
0.780199
0.843668
0.801638
0.99137
0.855109
0.941459
0.964428
0.795896
0.948526
0.914411
0.833832
0.860988
0.939643
0.979358
0.780661
0.855661
0.770373
0.85618
0.93851
0.834685
0.77277
0.820525
0.796094
0.962391
0.799494
0.838455
0.823818
0.920103
0.811848
0.941214
0.937126
0.977212
0.823754
0.970269
0.774175
0.811145
0.795407
0.983378
0.860202
0.928248
0.969386
0.980409
0.795675
0.820691
0.961784
0.746637
0.950064
0.968343
0.850592
0.798565
0.975599
0.934736
0.717682
0.981734
0.939905
0.966096
0.967266
0.991498
0.977803
0.94122
0.938117
0.801125
0.801989
0.911574
0.957018
0.851821
0.841708
0.786348
0.998028
0.975537
0.832826
0.858729
0.857634
0.989658
0.847227
0.722424
0.96443
0.937356
0.868461
0.858105
0.761611
0.858143
0.799887
0.838
0.937294
0.823056
0.905068
0.831133
0.844197
0.848455
0.789953
0.926635
0.975378
0.904753
0.813116
0.847216
0.952497
0.93797
0.82446
0.942935
0.908938
0.972218
0.834293
0.849103
0.939276
0.823297
0.849885
0.933632
0.894319
0.797456
0.805515
0.797645
0.849508
0.956948
0.864777
0.965643
0.941561
0.792694
0.939927
0.927326
0.752042
0.971798
0.920569
0.876697
0.967831
0.920116
0.959259
0.984462
0.967895
0.955263
0.95615
0.818441
0.683905
0.80734
0.943204
0.797461
0.840873
0.831133
0.859238
0.828959
0.85223
0.832544
0.82257
0.827928
0.811893
0.7964
0.919668
0.971552
0.703822
0.909314
0.794236
0.780512
0.779332
0.892726
0.969238
0.890904
0.820425
0.906231
0.759282
0.934667
0.910909
0.910272
0.806254
0.928486
0.940162
0.972372
0.941944
0.796941
0.836951
0.987626
0.876281
0.94546
0.963458
0.798977
0.858277
0.831524
0.940723
0.849216
0.858254
0.833032
0.913261
0.858251
0.833724
0.979657
0.971716
0.938249
0.917412
0.79598
0.964203
0.802183
0.873807
0.783266
0.983815
0.876299
0.960772
0.84119
0.818159
0.966823
0.928136
0.931828
0.93653
0.982537
0.706992
0.94054
0.757679
0.881982
0.952762
0.851243
0.965446
0.831917
0.837327
0.837984
0.940985
0.864178
0.965575
0.789632
0.936831
0.984828
0.826225
0.956233
0.969853
0.884067
0.91075
0.836942
0.88018
0.927916
0.920639
0.817978
0.946428
0.951124
0.952504
0.829859
0.853363
0.97361
0.789901
0.832658
0.950878
0.842527
0.837667
0.953573
0.966572
0.734787
0.815314
0.884574
0.805952
0.964811
0.854433
0.806269
0.809177
0.839661
0.851108
0.816606
0.845962
0.957764
0.964099
0.96876
0.916691
0.858058
0.895972
0.93523
0.85863
0.945716
0.91192
0.985033
0.921981
0.985322
0.980826
0.839045
0.852422
0.811581
0.902345
0.897558
0.796355
0.815304
0.926737
0.872359
0.943172
0.829227
0.974861
0.973362
0.839667
0.850355
0.8286
0.858724
0.944788
0.984034
0.907783
0.921328
0.718222
0.935984
0.946436
0.892387
0.964072
0.896789
0.978525
0.788908
0.970982
0.803027
0.868324
0.800099
0.934643
0.803209
0.809947
0.834991
0.801731
0.985167
0.8441
0.847936
0.924315
0.928764
0.932492
0.834389
0.847138
0.802979
0.922185
0.958545
0.572277
0.861512
0.839499
0.850145
0.69764
0.774792
0.826421
0.943345
0.749316
0.972066
0.919177
0.835509
0.954123
0.844719
0.812271
0.690569
0.967286
0.968933
0.933233
0.923124
0.948521
0.887465
0.924963
0.773582
0.797332
0.824633
0.813697
0.878824
0.934743
0.978693
0.965771
0.80175
0.757909
0.841162
0.841651
0.977542
0.936227
0.925716
0.8901
0.792583
0.974025
0.968964
0.843112
0.993089
0.783282
0.725249
0.810635
0.95463
0.826768
0.80054
0.94698
0.949137
0.942668
0.830407
0.792835
0.817432
0.819629
0.821809
0.953307
0.778467
0.984013
0.921968
0.93069
0.955008
0.983241
0.942632
0.805997
0.911419
0.813172
0.929474
0.796974
0.948671
0.833167
0.84674
0.850176
0.990383
0.911091
0.787915
0.84828
0.833227
0.808732
0.924785
0.89818
0.823825
0.83987
0.715688
0.825648
0.742472
0.875014
0.837155
0.838055
0.826582
0.835043
0.838487
0.849964
0.737531
0.924831
0.848688
0.821858
0.769939
0.802331
0.799502
0.976967
0.915555
0.937833
0.934511
0.839467
0.845213
0.811209
0.835823
0.950354
0.917838
0.841686
0.797604
0.823746
0.783984
0.92658
0.934182
0.821756
0.800517
0.940358
0.724001
0.85904
0.910421
0.858996
0.80111
0.957216
0.791151
0.840003
0.829194
0.826552
0.974589
0.951557
0.924115
0.968893
0.785617
0.860154
0.882602
0.78873
0.849561
0.784673
0.759292
0.829599
0.944601
0.86448
0.832289
0.845939
0.950701
0.93326
0.922724
0.801697
0.966943
0.990939
0.80146
0.920657
0.944926
0.861016
0.816185
0.804475
0.805271
0.81073
0.814161
0.844596
0.812838
0.793201
0.881419
0.855845
0.811841
0.763335
0.912171
0.823289
0.959466
0.989676
0.783425
0.791889
0.93538
0.82534
0.848735
0.915416
0.943172
0.859193
0.859546
0.85908
0.808068
0.88177
0.72365
0.859113
0.768046
0.958566
0.948926
0.977404
0.829177
0.979829
0.903158
0.982617
0.823697
0.932148
0.968325
0.917841
0.977245
0.810699
0.913916
0.79909
0.94283
0.851164
0.812663
0.987022
0.86517
0.926198
0.898851
0.843057
0.835231
0.784005
0.964676
0.776142
0.75135
0.808403
0.815616
0.985543
0.833833
0.941123
0.837511
0.849022
0.940521
0.73233
0.933905
0.982038
0.774526
0.822664
0.782028
0.806832
0.992585
0.940876
0.774702
0.996827
0.850249
0.837129
0.871066
0.813805
0.94034
0.925491
0.953745
0.94279
0.835748
0.835658
0.783569
0.812349
0.858971
0.947117
0.92384
0.833088
0.849518
0.989402
0.859486
0.825729
0.835839
0.854799
0.727908
0.816346
0.846016
0.973711
0.837465
0.848177
0.787573
0.819158
0.865246
0.85198
0.554312
0.772248
0.784952
0.929114
0.812256
0.973525
0.795101
0.844869
0.811897
0.849636
0.838842
0.93226
0.93893
0.859447
0.921838
0.858086
0.840964
0.846422
0.995259
0.885028
0.964283
0.871605
0.947168
0.844368
0.95409
0.892521
0.974533
0.783154
0.935358
0.797415
0.812
0.938471
0.786051
0.762295
0.950354
0.943589
0.837355
0.848023
0.777025
0.917413
0.771488
0.846141
0.794528
0.792449
0.820282
0.930927
0.875895
0.8257
0.810481
0.950524
0.935583
0.912814
0.960152
0.941304
0.822954
0.775539
0.816359
0.764511
0.92483
0.792379
0.917212
0.978925
0.810415
0.929239
0.834659
0.925824
0.830973
0.843653
0.851813
0.939658
0.706999
0.788583
0.924075
0.955771
0.91629
0.947667
0.939213
0.77675
0.941462
0.809667
0.819463
0.776416
0.835663
0.825069
0.890019
0.836685
0.898807
0.810914
0.799433
0.837186
0.934075
0.840844
0.781469
0.916108
0.842301
0.829079
0.764577
0.768451
0.8299
0.771517
0.936588
0.797303
0.882215
0.625703
0.810334
0.93737
0.809704
0.934495
0.931879
0.867279
0.765578
0.76849
0.81374
0.816045
0.933843
0.824114
0.966474
0.805268
0.832223
0.831619
0.836316
0.821854
0.812875
0.963638
0.92785
0.890885
0.946349
0.838854
0.836728
0.931864
0.96166
0.965081
0.841004
0.954728
0.833556
0.795504
0.836692
0.836525
0.862353
0.980987
0.746378
0.740178
0.841404
0.970268
0.965662
0.922949
0.968254
0.801707
0.857433
0.921157
0.924816
0.845173
0.762634
0.833549
0.833681
0.941043
0.986422
0.822648
0.815615
0.952805
0.783285
0.824958
0.866114
0.945688
0.926676
0.8421
0.980649
0.771372
0.900083
0.856211
0.822963
0.836391
0.840231
0.848373
0.838448
0.950603
0.895362
0.865008
0.76818
0.756486
0.827131
0.824241
0.880073
0.79417
0.820952
0.86677
0.837108
0.837148
0.799728
0.842966
0.816171
0.842968
0.778659
0.75559
0.768796
0.85084
0.927067
0.918697
0.966793
0.834485
0.834368
0.762556
0.7914
0.970503
0.959159
0.981996
0.980247
0.795485
0.801145
0.982767
0.861149
0.93314
0.940161
0.810128
0.938568
0.852524
0.963087
0.812086
0.836599
0.797575
0.761237
0.893292
0.85763
0.851975
0.70322
0.850268
0.81807
0.966507
0.773286
0.914305
0.770278
0.934572
0.863609
0.835596
0.942628
0.839616
0.74846
0.752121
0.9669
0.973171
0.938634
0.792337
0.827213
0.774124
0.801586
0.797472
0.822503
0.725126
0.812808
0.844037
0.939032
0.945511
0.796283
0.959816
0.820231
0.827878
0.971555
0.860012
0.852682
0.941214
0.830667
0.974256
0.764462
0.953442
0.832286
0.832172
0.955842
0.966687
0.906971
0.943844
0.80602
0.956566
0.8032
0.852036
0.813764
0.842607
0.810759
0.792994
0.794957
0.823633
0.912059
0.813108
0.77309
0.85792
0.835845
0.847118
0.908377
0.829771
0.940902
0.822844
0.856999
0.86033
0.772752
0.768635
0.933068
0.816422
0.799466
0.83002
0.831801
0.805097
0.835539
0.834798
0.839
0.869593
0.907888
0.84534
0.942702
0.81758
0.844926
0.954124
0.790423
0.872771
0.961068
0.832057
0.958634
0.75317
0.987269
0.904405
0.979651
0.850616
0.941304
0.827687
0.808396
0.956605
0.848334
0.827598
0.675071
0.834294
0.823396
0.834446
0.951462
0.947571
0.78636
0.968195
0.830081
0.829967
0.940802
0.962774
0.823816
0.833233
0.830892
0.917434
0.854049
0.923334
0.811651
0.867129
0.752746
0.797126
0.974918
0.899191
0.77417
0.906787
0.713318
0.794754
0.924792
0.972145
0.794673
0.825633
0.784441
0.871094
0.811513
0.915623
0.967013
0.76339
0.776627
0.76585
0.94514
0.802286
0.915623
0.84527
0.9593
0.804543
0.836412
0.767277
0.63075
0.741211
0.763472
0.796711
0.829384
0.846707
0.949689
0.951321
0.953523
0.795612
0.834
0.838383
0.773691
0.813999
0.935424
0.839538
0.801409
0.922812
0.892838
0.795496
0.856836
0.835107
0.836929
0.987231
0.954904
0.789389
0.89009
0.884078
0.837579
0.793122
0.808584
0.790567
0.956351
0.910345
0.965518
0.865405
0.823862
0.982149
0.794424
0.795834
0.817478
0.982732
0.834991
0.775632
0.845955
0.805837
0.965154
0.768189
0.940783
0.982936
0.825242
0.827868
0.827755
0.8085
0.775138
0.754401
0.969002
0.775472
0.834581
0.906279
0.842582
0.793972
0.950318
0.846166
0.730901
0.799317
0.727069
0.723834
0.949404
0.960048
0.938992
0.963925
0.946213
0.827437
0.747692
0.721706
0.79027
0.849068
0.713403
0.797707
0.75764
0.81381
0.808548
0.860312
0.897728
0.899871
0.757945
0.857363
0.833201
0.837765
0.746955
0.80893
0.804377
0.770686
0.794166
0.929256
0.849737
0.913773
0.747186
0.854266
0.779812
0.825738
0.87724
0.825998
0.826507
0.851273
0.981148
0.806599
0.961262
0.827071
0.780386
0.804721
0.793271
0.775855
0.84917
0.834676
0.849899
0.779158
0.760348
0.77789
0.775513
0.955162
0.713981
0.840443
0.805263
0.841732
0.771704
0.852532
0.959921
0.825649
0.825536
0.813342
0.975086
0.794754
0.951341
0.868853
0.953584
0.771385
0.794149
0.897155
0.818745
0.946827
0.974067
0.893633
0.960376
0.678183
0.846489
0.852318
0.817007
0.776527
0.897437
0.949024
0.920297
0.974023
0.857199
0.816445
0.853196
0.794301
0.960188
0.783484
0.950854
0.840759
0.824741
0.847589
0.868988
0.811074
0.845506
0.797113
0.83858
0.931256
0.937426
0.825307
0.963535
0.77367
0.748216
0.832288
0.805893
0.726356
0.824964
0.801692
0.932736
0.877313
0.792153
0.973596
0.776066
0.82295
0.910138
0.776483
0.824451
0.96211
0.980715
0.785598
0.801587
0.737197
0.89689
0.823422
0.82331
0.806905
0.82123
0.834658
0.810881
0.783505
0.838382
0.820841
0.9661
0.768487
0.962486
0.856094
0.760496
0.983388
0.790702
0.786796
0.989269
0.770625
0.715555
0.809125
0.847698
0.931176
0.830512
0.83111
0.856547
0.826384
0.837449
0.768156
0.834749
0.976662
0.966801
0.950215
0.928746
0.814131
0.813932
0.877392
0.808487
0.812597
0.956583
0.858189
0.827976
0.776133
0.743546
0.691225
0.793377
0.877096
0.817885
0.806465
0.82331
0.814789
0.781015
0.802438
0.822155
0.974184
0.842874
0.850153
0.768834
0.974025
0.825038
0.820893
0.806398
0.77806
0.798432
0.794383
0.805967
0.907716
0.780949
0.835378
0.806012
0.787986
0.925083
0.980159
0.906761
0.842293
0.916595
0.736453
0.774782
0.944837
0.754241
0.762354
0.854938
0.752628
0.816801
0.79263
0.777315
0.965161
0.933429
0.806759
0.941583
0.785263
0.880517
0.95371
0.936119
0.947717
0.699594
0.786916
0.832494
0.795395
0.817224
0.801151
0.819729
0.835148
0.863172
0.743538
0.79955
0.735059
0.811984
0.745719
0.814937
0.827208
0.857978
0.97266
0.739282
0.77653
0.835378
0.882101
0.842387
0.799109
0.826346
0.792012
0.811001
0.874167
0.947767
0.74812
0.785306
0.794819
0.761585
0.78282
0.813811
0.784091
0.92108
0.762159
0.790309
0.832656
0.748562
0.803916
0.797145
0.96648
0.86126
0.814101
0.798102
0.859561
0.756274
0.837897
0.845331
0.82025
0.970197
0.804524
0.783742
0.768011
0.810204
0.726695
0.853518
0.806106
0.830878
0.751682
0.967051
0.797198
0.776931
0.763069
0.853902
0.960708
0.785278
0.799255
0.777137
0.76965
0.814232
0.839315
0.826948
0.979985
0.895462
0.906163
0.808598
0.874726
0.834258
0.949146
0.987165
0.796933
0.737416
0.767295
0.766841
0.960338
0.926138
0.822749
0.819196
0.954123
0.982809
0.788502
0.766765
0.794399
0.744553
0.978012
0.928679
0.782753
0.768926
0.795726
0.819701
0.808814
0.809707
0.975806
0.752424
0.769754
0.792699
0.761574
0.790437
0.809366
0.757232
0.787515
0.927515
0.785753
0.803338
0.792912
0.852878
0.806859
0.867539
0.823943
0.803505
0.771744
0.722185
0.771252
0.815125
0.952367
0.92854
0.825589
0.807224
0.948416
0.815742
0.962747
0.80159
0.8069
0.796271
0.845173
0.796817
0.808038
0.816436
0.780668
0.778349
0.822995
0.780286
0.833078
0.774042
0.847149
0.790683
0.770927
0.980446
0.958599
0.825867
0.802091
0.747627
0.825208
0.735935
0.804244
0.911118
0.826414
0.778887
0.757523
0.819651
0.807253
0.796409
0.801725
0.989944
0.819123
0.832378
0.934743
0.788479
0.821816
0.788637
0.787477
0.784746
0.975118
0.804227
0.807385
0.807171
0.889907
0.823015
0.950636
0.91805
0.812725
0.75803
0.796961
0.848118
0.769717
0.962949
0.779559
0.859262
0.819703
0.842894
0.827652
0.860915
0.830542
0.830243
0.951407
0.851378
0.951957
0.75159
0.870091
0.781872
0.760729
0.735502
0.804287
0.956535
0.807753
0.793032
0.970776
0.824925
0.807259
0.81241
0.807432
0.831317
0.945775
0.970964
0.818013
0.809139
0.796864
0.752131
0.956837
0.850735
0.850306
0.796717
0.66399
0.771722
0.955095
0.780381
0.800903
0.793799
0.826217
0.760502
0.751475
0.837299
0.847296
0.801432
0.816352
0.744327
0.91805
0.763118
0.976954
0.807214
0.77033
0.748288
0.816915
0.777002
0.800838
0.954701
0.822597
0.943655
0.758159
0.843814
0.830549
0.759444
0.806678
0.838976
0.797004
0.774791
0.879326
0.792427
0.773567
0.959489
0.7826
0.984104
0.782399
0.80836
0.888647
0.918242
0.839362
0.957071
0.765151
0.80922
0.812691
0.815553
0.801891
0.825511
0.983691
0.728741
0.948176
0.964795
0.775563
0.752411
0.808273
0.799962
0.831137
0.80885
0.791755
0.744552
0.799001
0.741111
0.794525
0.785173
0.930727
0.79484
0.843602
0.807772
0.950944
0.809639
0.747166
0.773284
0.827609
0.789345
0.902844
0.816198
0.965382
0.80912
0.817865
0.805353
0.962164
0.799778
0.824037
0.798717
0.80926
0.972743
0.855913
0.813642
0.856684
0.800464
0.805676
0.794477
0.767858
0.815363
0.831138
0.821161
0.966458
0.750715
0.94647
0.958588
0.82081
0.763193
0.739883
0.836635
0.921479
0.788243
0.828497
0.985163
0.729076
0.794117
0.848089
0.8281
0.740718
0.817224
0.732229
0.837588
0.80042
0.895369
0.791571
0.809151
0.800476
0.767353
0.800131
0.773228
0.937271
0.979189
0.979353
0.755401
0.959389
0.790404
0.982619
0.75469
0.823337
0.779561
0.820231
0.743174
0.801804
0.894044
0.808042
0.929162
0.969751
0.782969
0.922942
0.838365
0.958046
0.825996
0.80834
0.805518
0.921728
0.784482
0.833424
0.914897
0.717699
0.753099
0.722239
0.776469
0.798453
0.798178
0.843401
0.800666
0.696242
0.796837
0.746826
0.754136
0.798711
0.794006
0.820411
0.986433
0.838445
0.83582
0.804742
0.807665
0.834975
0.947044
0.834908
0.83406
0.800961
0.816764
0.783751
0.796262
0.75586
0.806842
0.809273
0.78443
0.771997
0.794306
0.917512
0.980836
0.795074
0.790306
0.814031
0.831534
0.8214
0.822479
0.848577
0.813566
0.772505
0.794661
0.818393
0.739953
0.823114
0.795278
0.791379
0.884926
0.803696
0.964095
0.849136
0.822033
0.829773
0.767334
0.745577
0.798034
0.746524
0.802458
0.840507
0.854265
0.784617
0.745473
0.756232
0.713007
0.941258
0.765745
0.800961
0.808469
0.816739
0.772413
0.797905
0.810217
0.776995
0.948676
0.820516
0.792467
0.806723
0.788541
0.954239
0.979697
0.747539
0.815207
0.79096
0.945588
0.766334
0.791459
0.826809
0.828553
0.806971
0.81196
0.813342
0.79903
0.96658
0.799417
0.770804
0.795293
0.888284
0.749833
0.802725
0.841431
0.819367
0.768896
0.811876
0.739541
0.752531
0.748273
0.714107
0.766119
0.802783
0.788735
0.746996
0.795054
0.787534
0.817147
0.784288
0.793002
0.755168
0.812323
0.806474
0.747626
0.742394
0.79521
0.8212
0.797199
0.790469
0.777211
0.799499
0.809693
0.990664
0.775488
0.784517
0.775438
0.793805
0.787154
0.760256
0.789567
0.769987
0.800802
0.853063
0.792951
0.730174
0.777183
0.795131
0.765142
0.7975
0.917477
0.767904
0.75411
0.781323
0.821671
0.763356
0.808234
0.799108
0.781966
0.829011
0.806612
0.813863
0.954382
0.807274
0.813854
0.775978
0.831804
0.973852
0.925089
0.96812
0.954942
0.811
0.798719
0.852008
0.783122
0.774645
0.944205
0.944377
0.771321
0.806037
0.956043
0.846909
0.873583
0.805678
0.975565
0.94275
0.8328
0.794377
0.909444
0.911812
0.888927
0.767257
0.825802
0.892097
0.872797
0.934874
0.935196
0.740067
0.838048
0.834543
0.984376
0.833196
0.817264
0.968353
0.746997
0.989483
0.856872
0.950424
0.806947
0.993315
0.847196
0.833408
0.836549
0.832184
0.835803
0.823633
0.82293
0.822304
0.749349
0.835068
0.792126
0.698123
0.763199
0.77844
0.774274
0.79505
0.985411
0.850069
0.972569
0.74442
0.863236
0.952279
0.988369
0.792827
0.797395
0.79286
0.75873
0.691788
0.962909
0.956746
0.775184
0.765337
0.84287
0.885207
0.799761
0.796508
0.803181
0.781216
0.892747
0.83148
0.827414
0.834584
0.829217
0.956509
0.979786
0.962716
0.81845
0.758555
0.801033
0.918751
0.941672
0.880298
0.975158
0.806947
0.985488
0.810635
0.92247
0.923016
0.901668
0.845955
0.731057
0.760202
0.853472
0.987774
0.830197
0.833054
0.934522
0.951299
0.845762
0.897936
0.810903
0.963451
0.967227
0.97982
0.829722
0.86168
0.965237
0.982708
0.815376
0.813567
0.948465
0.942293
0.919999
0.827818
0.94982
0.889826
0.947272
0.777894
0.770253
0.788893
0.848726
0.814603
0.954343
0.981873
0.742134
0.749699
0.980891
0.952157
0.79341
0.960337
0.883938
0.80301
0.809176
0.776518
0.810239
0.944985
0.810611
0.830156
0.834275
0.800962
0.962169
0.797964
0.964532
0.9544
0.978529
0.808387
0.804929
0.81748
0.964071
0.994889
0.842288
0.92179
0.988758
0.974438
0.986863
0.948918
0.833527
0.786769
0.966494
0.960736
0.91006
0.828693
0.96658
0.98175
0.982583
0.923504
0.892575
0.930923
0.819941
0.920082
0.80848
0.933929
0.849779
0.769664
0.825657
0.939688
0.978087
0.990701
0.950856
0.842302
0.942543
0.812208
0.828849
0.984981
0.934465
0.842907
0.765924
0.795163
0.854643
0.985909
0.967169
0.789931
0.822334
0.759475
0.942512
0.74267
0.793852
0.83389
0.824664
0.973695
0.845648
0.774537
0.827754
0.954414
0.941949
0.839257
0.975229
0.807528
0.965594
0.778469
0.917894
0.81514
0.986613
0.955423
0.788595
0.828902
0.945861
0.802205
0.967404
0.80215
0.939719
0.811113
0.811266
0.973917
0.932623
0.974341
0.761558
0.834746
0.93786
0.794777
0.933273
0.969728
0.803336
0.989913
0.758542
0.830248
0.832408
0.855109
0.81586
0.972071
0.928418
0.772557
0.967037
0.929779
0.98468
0.822017
0.956708
0.811563
0.775343
0.813577
0.927313
0.925334
0.946911
0.790308
0.75842
0.976648
0.928367
0.785081
0.851221
0.940714
0.766671
0.734552
0.982015
0.979436
0.714654
0.937694
0.979608
0.922145
0.814558
0.91785
0.795379
0.953048
0.978053
0.922531
0.925878
0.93863
0.867844
0.801966
0.944248
0.837974
0.804375
0.962628
0.986232
0.860048
0.751826
0.79936
0.970763
0.932256
0.988329
0.94153
0.841537
0.966176
0.976589
0.834544
0.945312
0.983851
0.810113
0.993916
0.734872
0.774307
0.775156
0.748435
0.966884
0.946751
0.93753
0.930757
0.784372
0.794525
0.965327
0.945553
0.957681
0.930952
0.789544
0.816005
0.964011
0.700274
0.922237
0.960736
0.970513
0.93159
0.657601
0.847175
0.953785
0.980747
0.821691
0.947029
0.699759
0.968967
0.940333
0.944669
0.816598
0.981578
0.953516
0.922145
0.773175
0.791332
0.756709
0.990825
0.840092
0.961652
0.959921
0.773078
0.931388
0.922796
0.831582
0.894639
0.817274
0.79198
0.846166
0.720961
0.894855
0.867286
0.837477
0.969274
0.821429
0.910729
0.922212
0.962569
0.712717
0.957406
0.788573
0.772673
0.979827
0.775967
0.906283
0.958975
0.977906
0.949321
0.944974
0.943987
0.831193
0.733095
0.826598
0.908319
0.954026
0.804992
0.961635
0.789393
0.905066
0.779948
0.74297
0.88719
0.869244
0.786808
0.927242
0.921006
0.784085
0.830467
0.808591
0.946452
0.794698
0.793918
0.960538
0.835082
0.905832
0.82293
0.81892
0.755255
0.82486
0.852697
0.795138
0.868461
0.951768
0.896779
0.804787
0.826585
0.813513
0.948417
0.826529
0.963894
0.9316
0.979637
0.971123
0.979725
0.810543
0.825158
0.802995
0.943399
0.93771
0.91776
0.977765
0.836935
0.953575
0.905184
0.942154
0.834975
0.892575
0.959601
0.961791
0.792409
0.993369
0.912347
0.774818
0.993443
0.80977
0.889866
0.814115
0.975545
0.865405
0.828621
0.891876
0.967409
0.981966
0.925135
0.773481
0.994012
0.756769
0.862983
0.973759
0.837769
0.908782
0.831055
0.705312
0.95273
0.870385
0.950594
0.956701
0.955546
0.847564
0.960762
0.930992
0.944669
0.735666
0.751652
0.809461
0.948014
0.907537
0.954015
0.823556
0.957575
0.831137
0.99359
0.946317
0.949405
0.846662
0.75066
0.84527
0.860287
0.774954
0.791153
0.89946
0.944142
0.81649
0.811871
0.818082
0.917412
0.841494
0.798812
0.979064
0.960004
0.793212
0.905746
0.775981
0.906453
0.950856
0.769439
0.930828
0.979781
0.909847
0.840444
0.810677
0.830821
0.729329
0.964941
0.951944
0.793308
0.931549
0.903672
0.945802
0.832936
0.805238
0.948521
0.97802
0.978476
0.749469
0.965191
0.91363
0.870691
0.975339
0.822952
0.967151
0.966165
0.924982
0.79733
0.94519
0.975987
0.947682
0.816029
0.957564
0.938588
0.931237
0.962271
0.870691
0.736681
0.933925
0.781776
0.834814
0.842918
0.80319
0.939946
0.836316
0.990205
0.820282
0.91038
0.79307
0.970056
0.689663
0.844394
0.764292
0.95332
0.904044
0.953376
0.957793
0.963238
0.91209
0.80424
0.814887
0.859134
0.786932
0.940387
0.780047
0.88883
0.958386
0.821565
0.735917
0.782115
0.84534
0.98839
0.796625
0.761556
0.754217
0.949434
0.924684
0.958455
0.948535
0.901361
0.906035
0.955485
0.803224
0.955354
0.941711
0.969456
0.980951
0.780547
0.987103
0.9628
0.679149
0.976405
0.737073
0.792997
0.896536
0.959408
0.938756
0.848704
0.830802
0.928657
0.949163
0.964948
0.756051
0.815415
0.743685
0.84826
0.978935
0.674182
0.839669
0.915786
0.954908
0.819701
0.978739
0.808203
0.945592
0.859597
0.827414
0.966906
0.906733
0.679618
0.765503
0.75137
0.915107
0.981969
0.875777
0.798064
0.96659
0.786115
0.98465
0.945645
0.903609
0.919999
0.844037
0.951903
0.764329
0.870585
0.823843
0.82748
0.942587
0.930725
0.989371
0.958482
0.796508
0.941353
0.842405
0.937837
0.93037
0.76242
0.820052
0.972746
0.919993
0.958789
0.964173
0.978677
0.754961
0.835663
0.9316
0.978109
0.965707
0.718321
0.968001
0.756418
0.741848
0.863248
0.968109
0.910926
0.923016
0.974553
0.842966
0.977353
0.955645
0.895112
0.968585
0.763915
0.841404
0.990274
0.936729
0.776541
0.978663
0.940501
0.786371
0.956373
0.78903
0.918704
0.808782
0.909497
0.955396
0.75342
0.767184
0.763092
0.973331
0.97476
0.978967
0.862865
0.963939
0.926816
0.958508
0.923799
0.860355
0.960519
0.899371
0.788369
0.901775
0.795101
0.814521
0.974421
0.913247
0.936482
0.834749
0.975719
0.940146
0.801034
0.808213
0.836389
0.982416
0.952284
0.839113
0.949125
0.825257
0.912925
0.942416
0.98621
0.952342
0.969087
0.751373
0.809868
0.91948
0.807389
0.96727
0.920747
0.658852
0.983803
0.969815
0.922172
0.986666
0.849934
0.848378
0.972464
0.959168
0.830197
0.981559
0.957843
0.868324
0.893824
0.948096
0.986671
0.942557
0.790258
0.983221
0.956194
0.934059
0.95842
0.978999
0.916329
0.830353
0.985407
0.782965
0.957673
0.940379
0.990535
0.769595
0.800136
0.750267
0.931451
0.835591
0.806913
0.905026
0.977419
0.824642
0.901104
0.9924
0.913736
0.971048
0.830264
0.793476
0.924005
0.986648
0.766563
0.903191
0.96982
0.839315
0.928979
0.759223
0.895105
0.769804
0.952633
0.855734
0.917155
0.963834
0.986644
0.833096
0.924793
0.923562
0.920569
0.944427
0.958546
0.953648
0.933369
0.839338
0.807143
0.91007
0.967338
0.951803
0.893411
0.98233
0.79959
0.794234
0.781633
0.815683
0.911163
0.95246
0.821684
0.822628
0.789036
0.971159
0.84879
0.965597
0.858348
0.912509
0.734854
0.84601
0.951244
0.816667
0.758794
0.81295
0.844732
0.715742
0.896676
0.94868
0.912801
0.916846
0.888662
0.90472
0.972429
0.835326
0.939481
0.878421
0.958348
0.915669
0.962029
0.984424
0.817853
0.782573
0.832504
0.83148
0.914274
0.828575
0.963388
0.941275
0.97566
0.978178
0.904757
0.824898
0.939414
0.942359
0.780684
0.977401
0.965898
0.671632
0.965226
0.978073
0.963237
0.840686
0.802013
0.795267
0.796655
0.780684
0.973816
0.824958
0.820052
0.761373
0.973014
0.836801
0.910734
0.944112
0.839816
0.705882
0.936527
0.962447
0.889582
0.938213
0.888245
0.863816
0.979599
0.963463
0.946383
0.940638
0.967925
0.812441
0.929286
0.980936
0.966755
0.764981
0.832947
0.947107
0.921441
0.969524
0.831104
0.947786
0.91167
0.86877
0.961289
0.911767
0.826881
0.867593
0.96236
0.955207
0.993372
0.903296
0.971122
0.96826
0.954748
0.973775
0.747944
0.923472
0.935797
0.718606
0.956492
0.846673
0.94314
0.928848
0.92337
0.859647
0.849315
0.901409
0.949422
0.935292
0.862308
0.9801
0.971524
0.87967
0.982594
0.861512
0.878187
0.853291
0.978555
0.938756
0.949258
0.912211
0.906454
0.807207
0.866512
0.835913
0.938274
0.814337
0.9832
0.950755
0.944132
0.854878
0.958076
0.855097
0.960524
0.952625
0.835845
0.965947
0.951586
0.832184
0.830736
0.891366
0.930947
0.922591
0.809138
0.879471
0.745447
0.954156
0.974238
0.948462
0.959412
0.967286
0.954607
0.908874
0.842268
0.942855
0.942604
0.834549
0.828584
0.912437
0.991845
0.988788
0.916032
0.956442
0.954523
0.824764
0.686932
0.82079
0.833823
0.732546
0.932822
0.815118
0.779328
0.997461
0.974072
0.944565
0.990162
0.886888
0.83822
0.953434
0.810308
0.634441
0.951933
0.741973
0.798755
0.980194
0.924965
0.964024
0.96483
0.955215
0.935687
0.967454
0.955247
0.934848
0.920752
0.942424
0.83767
0.945092
0.884736
0.850616
0.850854
0.871658
0.942045
0.926847
0.893942
0.941227
0.936611
0.971054
0.75197
0.916539
0.965882
0.935582
0.862317
0.936196
0.981112
0.898841
0.766746
0.955014
0.982275
0.949122
0.805572
0.741993
0.83122
0.935135
0.822806
0.828991
0.914375
0.832823
0.907822
0.718551
0.806433
0.976723
0.964804
0.909426
0.852428
0.937213
0.849157
0.84353
0.96916
0.953416
0.928135
0.96923
0.954517
0.778095
0.775352
0.863485
0.972136
0.950375
0.819428
0.945603
0.810498
0.940615
0.79268
0.881959
0.905712
0.717466
0.720732
0.969912
0.940399
0.973689
0.932444
0.805444
0.968894
0.942262
0.838409
0.96504
0.761556
0.9801
0.78914
0.971683
0.895108
0.928888
0.833039
0.783869
0.930274
0.992674
0.92336
0.967441
0.946198
0.980665
0.83562
0.963257
0.971407
0.934465
0.923879
0.82144
0.975619
0.951366
0.898886
0.946349
0.918636
0.947108
0.911452
0.951335
0.75017
0.895984
0.968381
0.815627
0.732303
0.91068
0.977126
0.925397
0.808552
0.970943
0.858871
0.936081
0.964306
0.831104
0.906139
0.952646
0.785945
0.968892
0.988158
0.85394
0.955792
0.747807
0.92409
0.659417
0.94737
0.982003
0.829866
0.820709
0.884018
0.931906
0.766253
0.979315
0.957487
0.863248
0.851205
0.975435
0.695097
0.95061
0.822077
0.988898
0.927453
0.667926
0.941467
0.898308
0.94589
0.714634
0.970311
0.902822
0.865177
0.972193
0.594571
0.833831
0.878742
0.934281
0.840798
0.919086
0.951933
0.973615
0.917204
0.955195
0.938628
0.83358
0.972107
0.944723
0.923845
0.840799
0.777579
0.832988
0.8901
0.934467
0.753412
0.951227
0.743528
0.909234
0.823364
0.851124
0.955732
0.962373
0.937837
0.991501
0.912312
0.954619
0.970192
0.893849
0.847998
0.80225
0.94281
0.962773
0.969206
0.957516
0.94744
0.763007
0.848214
0.904044
0.972057
0.728033
0.929563
0.868259
0.984243
0.764931
0.887561
0.937337
0.877016
0.825278
0.825901
0.96389
0.972345
0.948446
0.954235
0.962799
0.954242
0.976981
0.943827
0.827481
0.906353
0.937027
0.919127
0.954149
0.94479
0.962447
0.738952
0.81055
0.970447
0.791224
0.878312
0.969575
0.973614
0.914716
0.976999
0.780065
0.959752
0.972833
0.755669
0.777209
0.925021
0.979096
0.95466
0.762796
0.943844
0.952636
0.74895
0.844774
0.978752
0.930514
0.759405
0.80327
0.942731
0.674147
0.796819
0.99105
0.829158
0.903975
0.830143
0.970009
0.948813
0.976152
0.791489
0.818382
0.984297
0.848886
0.963953
0.978291
0.821813
0.883505
0.870639
0.947581
0.958801
0.782656
0.712374
0.771366
0.96512
0.756208
0.831411
0.778322
0.800465
0.957691
0.885581
0.956373
0.777626
0.946658
0.953865
0.910042
0.972763
0.82571
0.775025
0.941693
0.943012
0.918245
0.950809
0.922172
0.90298
0.930513
0.953629
0.780718
0.749014
0.913757
0.873244
0.92911
0.96473
0.986419
0.954943
0.804075
0.848622
0.907635
0.833381
0.848577
0.947811
0.851825
0.789935
0.987086
0.797945
0.974884
0.989269
0.928486
0.758762
0.941768
0.971533
0.880891
0.932356
0.941225
0.926886
0.901691
0.8106
0.777518
0.982819
0.776323
0.974628
0.92434
0.945321
0.959084
0.842558
0.91911
0.968973
0.844627
0.624378
0.716914
0.758352
0.856392
0.719381
0.961152
0.91226
0.938096
0.888881
0.928567
0.850486
0.863495
0.805284
0.935453
0.916784
0.757433
0.943974
0.927944
0.770001
0.951124
0.944823
0.990614
0.990319
0.992499
0.947501
0.758598
0.950103
0.811209
0.783517
0.971736
0.989046
0.778236
0.981941
0.667367
0.718384
0.90896
0.918038
0.831405
0.926923
0.928346
0.838372
0.943405
0.753759
0.947881
0.818554
0.835106
0.976616
0.976753
0.95653
0.863125
0.794048
0.765041
0.917661
0.825939
0.766469
0.825762
0.838432
0.755168
0.844107
0.947041
0.976107
0.824274
0.696886
0.976404
0.830247
0.796206
0.974978
0.942298
0.989585
0.900217
0.96638
0.911795
0.919965
0.975685
0.823396
0.983956
0.929623
0.885047
0.962975
0.832454
0.833308
0.838261
0.734147
0.9305
0.973832
0.947432
0.782615
0.824699
0.790176
0.90752
0.891942
0.913669
0.979874
0.958183
0.945082
0.732896
0.820992
0.865841
0.943777
0.822251
0.947946
0.948702
0.900981
0.953999
0.871594
0.754929
0.959967
0.905998
0.726291
0.897992
0.789124
0.886779
0.666482
0.968622
0.931847
0.785576
0.895563
0.876043
0.834085
0.947472
0.843673
0.945671
0.979026
0.761178
0.858019
0.974972
0.672981
0.959852
0.736114
0.973158
0.793891
0.959851
0.97333
0.903953
0.936976
0.934049
0.966194
0.939673
0.971455
0.964424
0.800657
0.781454
0.794058
0.928623
0.937668
0.944824
0.856921
0.7892
0.97786
0.754042
0.756977
0.970247
0.972391
0.955259
0.855588
0.801969
0.94469
0.79368
0.809707
0.940304
0.75312
0.929515
0.924775
0.929184
0.92672
0.727371
0.942583
0.741377
0.949356
0.784225
0.82064
0.893751
0.978468
0.971187
0.77489
0.833779
0.928903
0.746727
0.924762
0.779332
0.937023
0.916387
0.778187
0.803435
0.959677
0.911842
0.754134
0.80807
0.939801
0.819384
0.762639
0.969444
0.858706
0.829268
0.813032
0.778185
0.831199
0.956709
0.861665
0.759194
0.980775
0.946604
0.899916
0.907852
0.795803
0.892536
0.863124
0.954156
0.976313
0.855298
0.796307
0.817723
0.915482
0.942625
0.759287
0.815522
0.684747
0.900421
0.792246
0.889434
0.811054
0.805503
0.789778
0.75309
0.846515
0.905616
0.810898
0.703761
0.975897
0.967302
0.946505
0.797077
0.944522
0.534154
0.819466
0.975339
0.970677
0.925416
0.776911
0.834455
0.718321
0.969946
0.770679
0.955943
0.958732
0.863827
0.748562
0.952297
0.926486
0.901363
0.931092
0.92386
0.909062
0.966194
0.950351
0.826619
0.931186
0.957564
0.842018
0.790034
0.79489
0.829217
0.909105
0.968039
0.948411
0.895349
0.957267
0.865232
0.93549
0.857758
0.920064
0.751029
0.763446
0.929296
0.721076
0.948303
0.905669
0.847253
0.926996
0.902788
0.953923
0.963687
0.979842
0.822208
0.844434
0.987766
0.949708
0.98038
0.937053
0.854743
0.875785
0.930445
0.975539
0.963164
0.823774
0.790156
0.895618
0.761169
0.811686
0.897995
0.74103
0.77626
0.746419
0.954085
0.968577
0.927326
0.969603
0.979149
0.967283
0.859193
0.948655
0.980447
0.92079
0.95244
0.966427
0.782349
0.785817
0.922426
0.894285
0.970675
0.976076
0.955894
0.681971
0.928434
0.967109
0.968175
0.973885
0.982416
0.99433
0.931966
0.970122
0.987528
0.888764
0.973797
0.786688
0.713505
0.884392
0.969801
0.844259
0.939906
0.949321
0.978968
0.705885
0.763873
0.952493
0.944887
0.947786
0.951657
0.782578
0.959938
0.934882
0.954949
0.922642
0.970912
0.932935
0.97508
0.895533
0.770885
0.80707
0.968027
0.771862
0.945255
0.923595
0.748491
0.843093
0.961962
0.806426
0.577934
0.888693
0.833928
0.843042
0.843514
0.936081
0.901763
0.95278
0.968917
0.667101
0.830504
0.717543
0.795402
0.886101
0.950193
0.953307
0.930597
0.965314
0.76497
0.782851
0.882197
0.842383
0.938742
0.895203
0.681246
0.582504
0.976694
0.972241
0.940015
0.886834
0.964553
0.958078
0.943896
0.803626
0.986436
0.97649
0.758926
0.960156
0.769586
0.873559
0.87355
0.850854
0.832519
0.861317
0.906454
0.80988
0.964115
0.960403
0.763045
0.945594
0.937776
0.940352
0.944543
0.930992
0.97101
0.912858
0.98324
0.849103
0.899923
0.881463
0.670793
0.983518
0.683879
0.818879
0.946835
0.961193
0.92674
0.944511
0.968032
0.938753
0.815906
0.967441
0.793891
0.94104
0.83783
0.925851
0.943103
0.987398
0.880203
0.655923
0.93114
0.796496
0.924894
0.983244
0.980954
0.971173
0.97789
0.947111
0.910518
0.752991
0.828084
0.950284
0.9322
0.958022
0.926257
0.953755
0.971054
0.954949
0.981638
0.84333
0.976723
0.630083
0.692084
0.664874
0.777909
0.967366
0.80838
0.979096
0.939873
0.889087
0.967253
0.961227
0.968044
0.959166
0.946354
0.809386
0.863125
0.833709
0.954932
0.795646
0.954303
0.968025
0.985029
0.912814
0.810037
0.900153
0.795402
0.954748
0.974994
0.902056
0.889221
0.911668
0.772795
0.806675
0.826732
0.811135
0.997363
0.765129
0.892526
0.892194
0.938268
0.896628
0.847296
0.955334
0.959652
0.95625
0.859963
0.946584
0.928475
0.856206
0.988698
0.787385
0.980024
0.960091
0.974289
0.928795
0.950085
0.925142
0.808374
0.830948
0.932508
0.928787
0.915727
0.983901
0.740157
0.982486
0.950339
0.962
0.799924
0.957934
0.809518
0.957406
0.820873
0.882472
0.862085
0.958302
0.953695
0.951625
0.857707
0.953131
0.930205
0.959944
0.946452
0.958214
0.833885
0.968487
0.914784
0.804295
0.965373
0.900478
0.93923
0.73647
0.811903
0.970993
0.959349
0.973958
0.962371
0.912873
0.984757
0.96717
0.778735
0.802363
0.862926
0.946713
0.792816
0.981233
0.85179
0.949293
0.912202
0.820033
0.736453
0.957661
0.993018
0.637568
0.914822
0.806086
0.960156
0.823396
0.964266
0.859606
0.93821
0.895208
0.947089
0.830114
0.974172
0.944037
0.963716
0.94868
0.780512
0.927515
0.921761
0.905328
0.981391
0.887954
0.978342
0.961788
0.982309
0.990426
0.817382
0.853855
0.983979
0.94599
0.886313
0.966667
0.949947
0.937824
0.952712
0.966801
0.863857
0.770838
0.821186
0.964861
0.817295
0.897671
0.964207
0.848417
0.894285
0.908952
0.812053
0.959638
0.899364
0.805872
0.946665
0.875662
0.945213
0.811984
0.76666
0.963662
0.925666
0.696551
0.949666
0.843
0.936404
0.950624
0.82446
0.949178
0.951895
0.809764
0.955818
0.90763
0.760122
0.97388
0.909898
0.860435
0.900678
0.964921
0.86886
0.784135
0.948056
0.954516
0.889407
0.967193
0.81719
0.911232
0.927209
0.978739
0.93509
0.964433
0.841724
0.95863
0.944169
0.920669
0.930011
0.944313
0.829078
0.857909
0.881213
0.956956
0.936347
0.981762
0.944985
0.907501
0.883021
0.971921
0.843308
0.907505
0.890012
0.957357
0.936971
0.805585
0.980221
0.888756
0.723209
0.985358
0.888974
0.893604
0.86104
0.982277
0.857497
0.864957
0.791468
0.983003
0.797395
0.786911
0.986738
0.768933
0.813496
0.829925
0.926932
0.951918
0.972727
0.959259
0.965922
0.922237
0.762698
0.983219
0.925131
0.967899
0.967983
0.878839
0.909056
0.909097
0.944467
0.990178
0.969255
0.942055
0.93257
0.848894
0.904502
0.829792
0.944433
0.855607
0.77974
0.919965
0.818857
0.970924
0.953434
0.899617
0.813496
0.959591
0.967573
0.741021
0.95327
0.984859
0.804427
0.971494
0.943109
0.922891
0.924528
0.953654
0.943584
0.939593
0.872616
0.920294
0.794761
0.872505
0.870596
0.959601
0.959446
0.968834
0.850486
0.964751
0.966159
0.985541
0.77571
0.965267
0.939297
0.961433
0.901774
0.949526
0.943009
0.71357
0.791999
0.80497
0.940166
0.96895
0.858675
0.795032
0.97291
0.975301
0.790592
0.839752
0.795267
0.880794
0.655239
0.824349
0.841593
0.748332
0.948603
0.981714
0.877344
0.891304
0.923593
0.878328
0.955868
0.908506
0.967325
0.820327
0.96695
0.970227
0.821603
0.95089
0.848821
0.874717
0.915025
0.925319
0.966546
0.97073
0.80705
0.7543
0.986095
0.822758
0.806256
0.87164
0.849913
0.893539
0.938709
0.814463
0.963073
0.985876
0.906409
0.724913
0.894764
0.905768
0.880804
0.982096
0.96613
0.795928
0.814037
0.807142
0.981728
0.953348
0.986763
0.791043
0.945415
0.840204
0.934704
0.905971
0.969849
0.879646
0.931119
0.921554
0.980342
0.953811
0.964278
0.818211
0.756815
0.887584
0.931132
0.783845
0.950068
0.949236
0.705654
0.956349
0.969877
0.936255
0.9635
0.806677
0.874006
0.910183
0.779711
0.921218
0.860608
0.777719
0.953612
0.946802
0.77671
0.871025
0.936967
0.963951
0.910571
0.923948
0.787873
0.879366
0.84869
0.857909
0.905413
0.980132
0.814731
0.916285
0.829153
0.773312
0.957209
0.950633
0.828523
0.836732
0.969447
0.77046
0.88015
0.951933
0.909044
0.888371
0.923564
0.918303
0.954274
0.879971
0.933699
0.935567
0.794838
0.969966
0.909221
0.939781
0.793229
0.915088
0.899821
0.707992
0.945338
0.82243
0.949181
0.929475
0.943342
0.781982
0.93042
0.919531
0.871922
0.873193
0.949816
0.901193
0.955818
0.91498
0.970048
0.720663
0.97389
0.949158
0.7475
0.968037
0.987847
0.906097
0.938275
0.965176
0.95109
0.863551
0.929831
0.979995
0.991862
0.970398
0.88491
0.937681
0.918021
0.956262
0.93567
0.955675
0.943434
0.776384
0.946752
0.972501
0.878991
0.938931
0.908243
0.974844
0.813148
0.860173
0.813477
0.744232
0.96624
0.905119
0.982617
0.859677
0.70774
0.955544
0.968087
0.937426
0.926382
0.982473
0.886125
0.98483
0.970099
0.938039
0.94548
0.961588
0.836394
0.991849
0.99168
0.888544
0.724735
0.929385
0.808317
0.824498
0.942403
0.889042
0.817406
0.931342
0.968696
0.944985
0.922093
0.97577
0.993413
0.973566
0.986727
0.885001
0.931462
0.923435
0.83019
0.960963
0.910524
0.780583
0.968312
0.782871
0.94486
0.920867
0.834108
0.957313
0.938813
0.815448
0.91804
0.947589
0.784349
0.818215
0.992478
0.780202
0.995103
0.941782
0.933598
0.841493
0.816687
0.920931
0.972237
0.963398
0.81719
0.915561
0.871117
0.954483
0.914726
0.889081
0.984591
0.947798
0.946942
0.854508
0.944788
0.920166
0.96429
0.966424
0.849698
0.918602
0.952374
0.838543
0.792851
0.937565
0.951133
0.814503
0.970257
0.963642
0.973946
0.868486
0.888015
0.881225
0.859524
0.983766
0.966704
0.923682
0.990795
0.988181
0.906466
0.70447
0.913361
0.987284
0.947133
0.932041
0.93297
0.972357
0.921615
0.967384
0.924571
0.793963
0.837988
0.923761
0.972733
0.959972
0.914862
0.932799
0.947673
0.820684
0.845066
0.879303
0.924204
0.88796
0.991759
0.865184
0.932631
0.952505
0.913047
0.90722
0.927029
0.823296
0.937804
0.791264
0.771678
0.915323
0.961504
0.914454
0.869374
0.824031
0.934092
0.896618
0.962633
0.914357
0.905896
0.957831
0.989059
0.965963
0.867415
0.972736
0.969699
0.966058
0.967389
0.823342
0.932283
0.952042
0.949949
0.933675
0.893127
0.739986
0.901278
0.957027
0.958676
0.966011
0.964208
0.977761
0.932129
0.93062
0.930398
0.965734
0.759215
0.986036
0.955432
0.839944
0.874237
0.835122
0.985268
0.981427
0.931278
0.969212
0.919684
0.857837
0.953894
0.934878
0.948132
0.940291
0.781769
0.96511
0.817285
0.969206
0.959736
0.968658
0.822434
0.796457
0.979527
0.954242
0.83191
0.85467
0.981495
0.996949
0.925387
0.798827
0.873064
0.990436
0.954619
0.914289
0.785648
0.917354
0.860744
0.85802
0.884067
0.920392
0.827419
0.971856
0.964451
0.77985
0.992136
0.824155
0.977519
0.909917
0.934525
0.849592
0.68156
0.935839
0.933563
0.931135
0.944849
0.937268
0.9285
0.949992
0.968305
0.818989
0.796349
0.930961
0.882901
0.773386
0.876299
0.953759
0.962515
0.955416
0.971328
0.900945
0.950049
0.946376
0.861455
0.963445
0.991105
0.88248
0.80062
0.92257
0.873722
0.963341
0.865326
0.914857
0.781767
0.758967
0.695709
0.934307
0.967995
0.969444
0.957477
0.943655
0.94888
0.940289
0.839355
0.796108
0.90535
0.870194
0.912456
0.793388
0.865521
0.953207
0.848484
0.970845
0.733563
0.840695
0.912647
0.952627
0.780316
0.958791
0.986345
0.838651
0.927892
0.829836
0.949934
0.842475
0.973969
0.950153
0.903028
0.881097
0.924882
0.986637
0.904505
0.95653
0.884162
0.939085
0.928064
0.971728
0.944202
0.967578
0.940586
0.962053
0.681756
0.825394
0.744326
0.828411
0.971133
0.907955
0.970324
0.835075
0.932482
0.864717
0.794114
0.954186
0.874237
0.92958
0.951822
0.855754
0.929252
0.952795
0.915676
0.958731
0.880063
0.973946
0.958102
0.568206
0.944821
0.805858
0.951999
0.983434
0.952841
0.879422
0.882825
0.829439
0.909229
0.983555
0.950438
0.971159
0.691411
0.881143
0.988355
0.96587
0.967484
0.734921
0.855697
0.941672
0.578117
0.578082
0.882304
0.949736
0.791694
0.698569
0.928691
0.972768
0.717719
0.751813
0.779788
0.962214
0.789522
0.94785
0.943168
0.954442
0.941464
0.857194
0.930209
0.957516
0.853106
0.94636
0.964528
0.92624
0.758176
0.946627
0.953443
0.980921
0.856095
0.920912
0.964402
0.930709
0.961357
0.782
0.860567
0.928458
0.865161
0.97632
0.932651
0.970279
0.859522
0.811655
0.848663
0.952533
0.938865
0.862559
0.983271
0.814339
0.742317
0.817221
0.871451
0.955784
0.910726
0.914765
0.842505
0.943907
0.769678
0.842794
0.70859
0.911315
0.795782
0.77627
0.829153
0.962691
0.88779
0.896847
0.74585
0.959641
0.897249
0.951312
0.962877
0.898987
0.94986
0.831386
0.853582
0.935347
0.701487
0.729154
0.866787
0.923629
0.751682
0.876634
0.805514
0.822923
0.960206
0.937694
0.951993
0.831202
0.953546
0.945914
0.772207
0.877831
0.92482
0.956994
0.924055
0.897775
0.873773
0.972386
0.892902
0.838597
0.838375
0.952324
0.744442
0.915452
0.986952
0.94103
0.779531
0.953147
0.968866
0.918955
0.962633
0.905616
0.91083
0.898987
0.75817
0.675888
0.859538
0.974666
0.84153
0.956926
0.971616
0.973607
0.892759
0.949328
0.958975
0.720082
0.831431
0.874336
0.742942
0.956779
0.969615
0.702876
0.816127
0.739198
0.985718
0.817676
0.793836
0.793272
0.755379
0.950677
0.978805
0.881005
0.959828
0.950327
0.930675
0.927893
0.921034
0.940166
0.880568
0.899174
0.890062
0.889858
0.887075
0.940288
0.862304
0.959099
0.977813
0.991862
0.951709
0.898669
0.965915
0.989184
0.778187
0.81038
0.804907
0.906926
0.937748
0.9728
0.933893
0.954485
0.965349
0.638791
0.974981
0.987103
0.921775
0.861913
0.735543
0.953822
0.954874
0.953575
0.983577
0.793091
0.99587
0.962394
0.936908
0.989396
0.771271
0.764098
0.951189
0.869486
0.971263
0.928603
0.953807
0.831055
0.7853
0.878852
0.878026
0.746299
0.986981
0.960846
0.943224
0.935145
0.892329
0.972878
0.949453
0.982197
0.91533
0.959717
0.882481
0.962094
0.873156
0.800413
0.921926
0.745425
0.979345
0.92579
0.996485
0.953101
0.812707
0.96392
0.938935
0.871094
0.906048
0.941176
0.892189
0.861575
0.907241
0.851676
0.976302
0.855897
0.967958
0.964157
0.82119
0.975284
0.697909
0.806851
0.774348
0.937095
0.955176
0.797479
0.828045
0.963709
0.839456
0.809235
0.96912
0.762563
0.966024
0.962118
0.883181
0.80912
0.961795
0.748288
0.938588
0.790645
0.915055
0.970381
0.700324
0.844785
0.891027
0.919293
0.857565
0.781195
0.786049
0.940695
0.939921
0.908625
0.943181
0.967193
0.974387
0.878944
0.868182
0.970412
0.973075
0.923905
0.858093
0.758053
0.908671
0.901553
0.962169
0.976383
0.972995
0.889802
0.944205
0.993859
0.565714
0.96567
0.870076
0.881133
0.971534
0.851231
0.881635
0.996903
0.962043
0.965435
0.951194
0.92475
0.767002
0.88372
0.931721
0.971215
0.842645
0.93848
0.91253
0.955512
0.903916
0.906398
0.817425
0.940881
0.981121
0.906362
0.689636
0.968301
0.855421
0.923956
0.959068
0.897357
0.790965
0.939531
0.924882
0.678898
0.941179
0.983457
0.753448
0.907464
0.964298
0.897467
0.793503
0.971104
0.898928
0.885922
0.647778
0.819176
0.94886
0.960909
0.877546
0.796822
0.847954
0.87338
0.9115
0.898634
0.848765
0.762503
0.967874
0.926992
0.93999
0.989167
0.971932
0.941368
0.976111
0.813072
0.889866
0.915043
0.960441
0.797734
0.903963
0.815249
0.970154
0.953874
0.939559
0.943985
0.892847
0.945852
0.952374
0.817164
0.96186
0.834772
0.85444
0.910594
0.883822
0.901808
0.805252
0.878966
0.797586
0.945469
0.815839
0.970967
0.683494
0.822556
0.94286
0.916334
0.934276
0.792835
0.959747
0.884219
0.952758
0.921728
0.956029
0.861902
0.956709
0.892248
0.969066
0.709296
0.959637
0.853296
0.960991
0.930453
0.832989
0.940501
0.966234
0.959381
0.956652
0.803585
0.833353
0.960187
0.852682
0.814816
0.949497
0.771271
0.953049
0.902609
0.823044
0.949588
0.940879
0.965519
0.932623
0.864412
0.928179
0.903747
0.890459
0.74895
0.856049
0.960166
0.966956
0.904075
0.952114
0.968984
0.955353
0.922083
0.902883
0.856942
0.895749
0.958183
0.921983
0.915942
0.901465
0.833451
0.913682
0.952011
0.812587
0.813442
0.950166
0.826907
0.86912
0.938385
0.848146
0.977181
0.964235
0.977282
0.840228
0.817689
0.960883
0.868919
0.967981
0.846033
0.794767
0.957643
0.951817
0.762743
0.980117
0.913133
0.701612
0.826401
0.954057
0.958843
0.978615
0.924848
0.96164
0.707921
0.818921
0.898609
0.82809
0.990186
0.903043
0.914894
0.965706
0.943224
0.949417
0.985071
0.864683
0.965364
0.825867
0.807589
0.827413
0.961487
0.84366
0.817285
0.879621
0.902354
0.943467
0.96736
0.88311
0.969349
0.895965
0.799206
0.970935
0.952727
0.900603
0.914499
0.963444
0.990549
0.857251
0.94795
0.855099
0.90872
0.941921
0.821198
0.94547
0.906518
0.887881
0.966967
0.917251
0.858543
0.967941
0.911252
0.987626
0.849144
0.944131
0.887694
0.932046
0.956587
0.955731
0.978749
0.966663
0.824202
0.955996
0.816971
0.852961
0.954026
0.771989
0.818959
0.94915
0.93771
0.972387
0.94077
0.867249
0.832904
0.862079
0.971943
0.949606
0.962949
0.952658
0.884249
0.663714
0.902866
0.967158
0.923276
0.924563
0.933798
0.92464
0.986696
0.809614
0.979859
0.764473
0.900217
0.858432
0.940146
0.93237
0.951816
0.936063
0.922149
0.789529
0.97915
0.848484
0.847399
0.947093
0.902953
0.802163
0.934705
0.988656
0.527961
0.851092
0.832603
0.840941
0.929783
0.886839
0.887482
0.914085
0.730174
0.938503
0.950625
0.850196
0.917449
0.730628
0.950152
0.937676
0.971621
0.847565
0.911962
0.842705
0.949549
0.796323
0.868996
0.966926
0.952035
0.950693
0.963596
0.960511
0.794904
0.810484
0.884864
0.971517
0.508046
0.809931
0.917657
0.945886
0.814033
0.975179
0.953317
0.838734
0.937193
0.996265
0.942378
0.940848
0.812838
0.85293
0.794655
0.843301
0.853239
0.953639
0.917898
0.928069
0.867685
0.926845
0.857876
0.940334
0.952322
0.834244
0.936286
0.862643
0.852551
0.932292
0.926913
0.883968
0.592803
0.812544
0.809294
0.937192
0.889421
0.963113
0.92693
0.956905
0.746465
0.908319
0.944257
0.913806
0.948421
0.899484
0.957191
0.964643
0.897224
0.858324
0.95671
0.941711
0.74447
0.892441
0.967947
0.908651
0.961571
0.791694
0.789221
0.94268
0.941222
0.709313
0.947
0.966345
0.945416
0.96656
0.971639
0.950166
0.891348
0.9511
0.959182
0.620814
0.965064
0.922789
0.970743
0.855438
0.963291
0.835502
0.969847
0.975639
0.926051
0.95162
0.963087
0.656913
0.888948
0.998331
0.707122
0.827674
0.938039
0.950209
0.968143
0.942422
0.851392
0.974682
0.923223
0.797672
0.827368
0.973334
0.949254
0.858153
0.933522
0.895704
0.926856
0.748001
0.86596
0.848175
0.866449
0.797738
0.989797
0.760682
0.961863
0.783751
0.976342
0.771489
0.94548
0.856385
0.945641
0.812043
0.988203
0.866923
0.846357
0.982366
0.952813
0.892902
0.788215
0.932114
0.8851
0.961337
0.979079
0.937038
0.940054
0.874416
0.857584
0.959645
0.787111
0.903203
0.95972
0.9492
0.872674
0.708406
0.961503
0.80663
0.959383
0.770463
0.905227
0.960008
0.743546
0.979616
0.944693
0.925977
0.982006
0.747073
0.907445
0.851099
0.892759
0.744809
0.873818
0.954153
0.981484
0.755859
0.94589
0.839158
0.830294
0.959227
0.981244
0.909033
0.778083
0.779134
0.900394
0.948096
0.86105
0.946798
0.998508
0.983206
0.982352
0.977048
0.79719
0.860972
0.939969
0.998337
0.910714
0.934218
0.963917
0.944742
0.889858
0.894078
0.954399
0.932542
0.972897
0.74895
0.935153
0.828595
0.908216
0.541428
0.890584
0.895935
0.929684
0.859544
0.755271
0.944196
0.906549
0.926689
0.963334
0.991843
0.730711
0.952811
0.943458
0.9805
0.760512
0.90187
0.926381
0.949238
0.789457
0.767123
0.911694
0.988529
0.960359
0.980631
0.99271
0.772531
0.903082
0.897274
0.819944
0.971733
0.949711
0.987813
0.593895
0.707539
0.929563
0.857427
0.933759
0.874345
0.820619
0.902967
0.976779
0.77987
0.854193
0.826297
0.96224
0.921684
0.750234
0.775315
0.969355
0.971616
0.731257
0.909512
0.828705
0.726075
0.950456
0.753182
0.789719
0.878904
0.892329
0.896527
0.941872
0.950215
0.924292
0.833296
0.891387
0.947499
0.897227
0.936833
0.897927
0.968774
0.738744
0.897785
0.629062
0.8385
0.964219
0.957018
0.83894
0.966587
0.906484
0.980746
0.955974
0.893626
0.96307
0.913629
0.741823
0.852995
0.941889
0.846133
0.928205
0.892189
0.92663
0.841139
0.593542
0.913811
0.832988
0.933377
0.884474
0.818424
0.961678
0.957259
0.916003
0.914433
0.94918
0.955207
0.59688
0.729768
0.952472
0.945586
0.872218
0.908697
0.963134
0.867121
0.953566
0.940993
0.862092
0.989447
0.937027
0.815562
0.939817
0.971135
0.92911
0.961232
0.957414
0.824747
0.857748
0.835492
0.917441
0.843072
0.892178
0.900107
0.815973
0.934401
0.963341
0.940586
0.861589
0.899231
0.98106
0.774222
0.973086
0.951982
0.905379
0.752652
0.823829
0.834396
0.86408
0.902207
0.84233
0.983743
0.844406
0.847525
0.921353
0.837937
0.593267
0.914434
0.93912
0.920752
0.878302
0.944061
0.967163
0.708659
0.835755
0.869481
0.97911
0.869094
0.970054
0.946942
0.850386
0.94279
0.854342
0.960699
0.940428
0.928133
0.870884
0.972743
0.92254
0.852718
0.74139
0.948842
0.6738
0.81478
0.932761
0.998332
0.78428
0.943123
0.913555
0.998331
0.580084
0.961308
0.9336
0.829497
0.872092
0.753003
0.914085
0.77936
0.903592
0.964065
0.829342
0.933286
0.921483
0.959846
0.991076
0.844353
0.885271
0.903434
0.962008
0.929347
0.932202
0.784257
0.952829
0.84148
0.9254
0.961762
0.705526
0.851275
0.965765
0.840798
0.832145
0.778106
0.976685
0.942298
0.978952
0.950156
0.936369
0.853296
0.949268
0.955014
0.906575
0.966002
0.818549
0.949041
0.85013
0.829072
0.835535
0.903793
0.969999
0.949483
0.92348
0.905597
0.903592
0.724108
0.914197
0.927068
0.993052
0.942662
0.835023
0.91991
0.963377
0.944976
0.982279
0.818293
0.950944
0.929749
0.852892
0.709347
0.902557
0.978292
0.963011
0.831939
0.990004
0.98558
0.722987
0.928563
0.890122
0.990994
0.73492
0.959691
0.657747
0.961887
0.903061
0.843212
0.935131
0.852643
0.964727
0.986444
0.986377
0.835234
0.929881
0.927072
0.746775
0.795395
0.961557
0.936262
0.870216
0.745525
0.959851
0.947651
0.841991
0.951751
0.957728
0.929926
0.8669
0.851467
0.704548
0.876423
0.736638
0.744953
0.965081
0.911959
0.897926
0.831454
0.910079
0.93297
0.993067
0.998337
0.893914
0.921091
0.984438
0.928903
0.976422
0.877609
0.906865
0.858613
0.900794
0.983153
0.881488
0.897844
0.827259
0.833154
0.87052
0.953048
0.736987
0.756486
0.931727
0.856827
0.872555
0.725777
0.968698
0.95281
0.83337
0.926796
0.796162
0.850725
0.975141
0.782289
0.675223
0.964004
0.961295
0.933756
0.961319
0.903405
0.852222
0.973765
0.884438
0.983581
0.955195
0.878372
0.95782
0.762721
0.947499
0.886837
0.635921
0.756221
0.890122
0.753099
0.959594
0.851119
0.765796
0.913222
0.973642
0.852023
0.937569
0.950031
0.779723
0.734822
0.947402
0.768687
0.948954
0.850703
0.954829
0.921091
0.921873
0.893458
0.806466
0.818293
0.931057
0.94651
0.881197
0.979655
0.917387
0.789333
0.986783
0.916071
0.898642
0.885355
0.812037
0.955032
0.840346
0.8636
0.896949
0.995822
0.948421
0.76421
0.877574
0.816389
0.985917
0.881942
0.965085
0.874765
0.831483
0.874758
0.875339
0.868746
0.839737
0.957973
0.726271
0.887136
0.850788
0.840747
0.965216
0.945369
0.968954
0.96182
0.913924
0.961568
0.837415
0.831321
0.940379
0.931764
0.940524
0.954366
0.955626
0.951882
0.849802
0.903304
0.862591
0.86467
0.950237
0.940712
0.746305
0.777691
0.826961
0.897295
0.917924
0.852682
0.722038
0.795668
0.839723
0.884598
0.984952
0.985815
0.95494
0.819331
0.982658
0.745284
0.799037
0.676264
0.891135
0.92963
0.871227
0.952965
0.940549
0.92985
0.851872
0.899182
0.726695
0.935133
0.903964
0.760116
0.878166
0.944061
0.59202
0.849008
0.819407
0.980064
0.891438
0.910295
0.956204
0.661436
0.978592
0.745577
0.873508
0.9499
0.896223
0.863689
0.737451
0.966114
0.936092
0.956881
0.946241
0.849005
0.832435
0.953629
0.984846
0.83914
0.74458
0.961701
0.892274
0.81144
0.711455
0.785067
0.926166
0.917751
0.887062
0.747668
0.766924
0.714271
0.804587
0.871525
0.779712
0.92934
0.969022
0.963742
0.941624
0.761705
0.796162
0.811862
0.747166
0.693339
0.980958
0.878705
0.90488
0.848717
0.862399
0.848663
0.949076
0.849785
0.889371
0.940133
0.727585
0.912767
0.832616
0.909165
0.926395
0.893111
0.964296
0.976986
0.872807
0.889368
0.950331
0.894648
0.946214
0.966415
0.838415
0.981723
0.783003
0.895457
0.984255
0.848386
0.960793
0.83554
0.764321
0.960085
0.922258
0.956194
0.942882
0.883246
0.920371
0.862633
0.891215
0.902258
0.872903
0.714886
0.980403
0.928179
0.914499
0.802513
0.975437
0.883239
0.964498
0.888783
0.931232
0.859712
0.942815
0.919723
0.851858
0.981617
0.887798
0.81676
0.926793
0.981196
0.723776
0.979019
0.926847
0.765113
0.860697
0.753105
0.925004
0.9138
0.945321
0.784759
0.923439
0.980148
0.965236
0.905363
0.977718
0.902706
0.966584
0.93564
0.625451
0.93772
0.93115
0.892329
0.931025
0.899382
0.938727
0.917141
0.979189
0.942402
0.887743
0.904211
0.754716
0.871997
0.733141
0.891589
0.869278
0.846466
0.963841
0.905016
0.964141
0.858554
0.985194
0.840184
0.847507
0.876041
0.764136
0.89218
0.970329
0.843483
0.835841
0.970334
0.843461
0.793601
0.956732
0.970337
0.846141
0.843187
0.885322
0.913175
0.882457
0.948356
0.944433
0.97979
0.972601
0.846238
0.833981
0.835385
0.785385
0.769448
0.953999
0.899086
0.928698
0.925464
0.881179
0.826401
0.849255
0.953145
0.883893
0.814442
0.979734
0.985935
0.97764
0.979051
0.919694
0.719471
0.992963
0.964744
0.937152
0.774735
0.877436
0.94275
0.835922
0.891067
0.881634
0.871158
0.877347
0.844898
0.949499
0.845911
0.969698
0.881606
0.956391
0.881619
0.844601
0.978459
0.868129
0.897976
0.976684
0.844746
0.957522
0.872019
0.976427
0.923843
0.869202
0.891712
0.981524
0.913286
0.84619
0.944227
0.840044
0.844223
0.812025
0.840885
0.97085
0.806875
0.985519
0.844278
0.92022
0.844282
0.970923
0.769784
0.880934
0.882732
0.970904
0.977599
0.976384
0.843814
0.819074
0.892489
0.870351
0.843587
0.951263
0.844858
0.978479
0.844573
0.971192
0.840132
0.844661
0.977508
0.86693
0.803956
0.96049
0.843698
0.897318
0.844639
0.976353
0.971292
0.860584
0.838601
0.839351
0.859065
0.915142
0.870228
0.815214
0.881137
0.839478
0.972064
0.98565
0.984079
0.857636
0.805631
0.986153
0.838768
0.836232
0.971271
0.835668
0.819244
0.965097
0.951461
0.766147
0.977532
0.976561
0.983832
0.977203
0.986863
0.882686
0.990198
0.743224
0.980384
0.820206
0.937905
0.932091
0.886767
0.959941
0.869984
0.722181
0.945691
0.845028
0.865855
0.787419
0.96166
0.901021
0.846629
0.941411
0.949219
0.914539
0.961419
0.894576
0.985303
0.963785
0.92018
0.854473
0.808917
0.784915
0.886688
0.97043
0.878795
0.944976
0.767683
0.869066
0.837675
0.82738
0.791395
0.686883
0.835003
0.85083
0.768299
0.788479
0.964219
0.917978
0.800297
0.948157
0.807405
0.881837
0.785982
0.963644
0.751632
0.923227
0.952297
0.894094
0.939189
0.768703
0.976116
0.94054
0.573891
0.693721
0.971528
0.70758
0.988238
0.926296
0.841106
0.965796
0.940297
0.891877
0.891884
0.737446
0.839573
0.918538
0.961533
0.842992
0.848795
0.881653
0.852786
0.984831
0.860435
0.929395
0.988915
0.806793
0.876784
0.795378
0.89053
0.724979
0.755776
0.892654
0.798902
0.924726
0.963189
0.975907
0.961164
0.821475
0.733562
0.907455
0.762639
0.896088
0.96383
0.855108
0.984722
0.889455
0.930633
0.966238
0.85853
0.960217
0.967414
0.763468
0.967372
0.704277
0.876119
0.85948
0.780053
0.814998
0.951826
0.797643
0.989351
0.799607
0.963765
0.90526
0.973056
0.931847
0.764072
0.964929
0.928563
0.766457
0.849935
0.917771
0.83893
0.781012
0.960622
0.961059
0.804293
0.990004
0.991076
0.940551
0.910257
0.732228
0.974935
0.943818
0.738887
0.771521
0.805462
0.721622
0.879506
0.976249
0.908825
0.866653
0.801125
0.96459
0.778609
0.930579
0.854335
0.888311
0.952158
0.907913
0.93597
0.779024
0.959417
0.970828
0.831522
0.95278
0.836573
0.926307
0.971679
0.856267
0.961455
0.757311
0.879233
0.95327
0.787519
0.912025
0.950588
0.898226
0.921245
0.941972
0.976378
0.955487
0.750615
0.925895
0.958102
0.941301
0.818021
0.831547
0.914948
0.936833
0.935605
0.841652
0.93489
0.790464
0.925872
0.911704
0.750388
0.904173
0.797754
0.837654
0.567773
0.885044
0.69403
0.819922
0.751103
0.922437
0.990994
0.878397
0.841044
0.835237
0.78832
0.895167
0.972267
0.835333
0.558393
0.917251
0.713166
0.857759
0.893256
0.851505
0.823608
0.841284
0.900073
0.789848
0.897227
0.830747
0.789302
0.718067
0.882756
0.967984
0.892323
0.836725
0.71825
0.884374
0.86439
0.819101
0.983496
0.956755
0.87909
0.923399
0.828621
0.960139
0.895979
0.96881
0.921169
0.722208
0.786959
0.950068
0.920835
0.794465
0.937123
0.806005
0.850759
0.818476
0.963908
0.816464
0.947068
0.881468
0.745155
0.840674
0.929462
0.866843
0.969516
0.969992
0.864878
0.920765
0.960555
0.946354
0.802651
0.951919
0.910367
0.951301
0.802839
0.893846
0.930347
0.940334
0.978834
0.737811
0.786513
0.871366
0.95074
0.916671
0.992343
0.938604
0.836002
0.911457
0.901906
0.982248
0.798899
0.92477
0.848073
0.943437
0.762503
0.937048
0.926143
0.906698
0.827729
0.979934
0.816559
0.828154
0.95594
0.931283
0.954614
0.906001
0.964666
0.82484
0.795927
0.791389
0.829617
0.592189
0.94982
0.904903
0.975465
0.881791
0.923718
0.973337
0.853698
0.978752
0.883956
0.980694
0.980103
0.822736
0.945863
0.937833
0.877899
0.945733
0.956262
0.750947
0.794446
0.886049
0.97658
0.565123
0.804472
0.959529
0.924649
0.964975
0.913016
0.941518
0.95515
0.932579
0.960763
0.854354
0.877253
0.971395
0.90353
0.849345
0.884905
0.948871
0.767317
0.816964
0.98106
0.912603
0.973593
0.860194
0.759754
0.862347
0.972029
0.812317
0.870385
0.872127
0.979937
0.960485
0.957171
0.846034
0.773768
0.924065
0.914783
0.886846
0.848784
0.832605
0.863229
0.88752
0.852607
0.773962
0.951227
0.928462
0.946082
0.956694
0.894243
0.762232
0.929774
0.763583
0.784136
0.971138
0.966801
0.896817
0.833374
0.864031
0.907139
0.982192
0.964039
0.831424
0.94018
0.732106
0.695201
0.895553
0.96199
0.827205
0.923212
0.779816
0.916066
0.961137
0.887584
0.763103
0.887899
0.907199
0.944611
0.946942
0.771218
0.896179
0.958255
0.937713
0.945282
0.920588
0.9704
0.801075
0.97684
0.758926
0.991701
0.927287
0.96087
0.812972
0.905179
0.974176
0.850938
0.921986
0.928222
0.945412
0.791933
0.798528
0.960564
0.944593
0.960767
0.854439
0.944926
0.957068
0.925281
0.925463
0.861353
0.937152
0.829876
0.957087
0.746187
0.97554
0.847417
0.710978
0.956844
0.77417
0.945971
0.957417
0.757275
0.869242
0.928446
0.980672
0.892097
0.960856
0.828026
0.864463
0.980738
0.890668
0.92319
0.844258
0.896057
0.796025
0.787947
0.847023
0.782452
0.986183
0.937205
0.948014
0.817759
0.825656
0.940369
0.842385
0.931212
0.885254
0.828489
0.957561
0.875553
0.942665
0.743762
0.930595
0.782214
0.963427
0.963142
0.738498
0.884926
0.755945
0.888967
0.811813
0.789093
0.955135
0.945985
0.887083
0.886351
0.963566
0.938304
0.790218
0.930964
0.893019
0.762576
0.743944
0.911452
0.923946
0.698597
0.772935
0.622857
0.948251
0.944934
0.97461
0.898235
0.960292
0.962945
0.93234
0.958544
0.838195
0.83498
0.981459
0.858417
0.899597
0.827452
0.976074
0.800881
0.734737
0.971167
0.921363
0.949994
0.871452
0.985917
0.846168
0.984952
0.874289
0.82865
0.753836
0.709283
0.979759
0.923396
0.901807
0.885869
0.931105
0.964138
0.697152
0.951929
0.904413
0.893968
0.801674
0.82775
0.698809
0.930512
0.965443
0.903472
0.828982
0.709305
0.79731
0.813659
0.80335
0.952284
0.930964
0.88377
0.785861
0.98185
0.858348
0.965093
0.814239
0.943852
0.827443
0.91889
0.969282
0.897156
0.941542
0.828272
0.913397
0.797735
0.945118
0.928796
0.857578
0.985815
0.983565
0.880816
0.96325
0.927801
0.943083
0.895698
0.901168
0.930658
0.82678
0.990786
0.982658
0.883893
0.844712
0.865662
0.944601
0.812832
0.929982
0.906867
0.966643
0.781068
0.902723
0.781042
0.779531
0.857465
0.682728
0.903165
0.956715
0.846824
0.823931
0.816561
0.942222
0.94529
0.887798
0.960072
0.860426
0.777537
0.974522
0.672206
0.941972
0.810888
0.934381
0.882514
0.928128
0.949993
0.973575
0.97657
0.876666
0.835558
0.765142
0.975002
0.918811
0.883856
0.950749
0.958423
0.97701
0.84096
0.896306
0.931745
0.939099
0.83341
0.916214
0.961597
0.962247
0.928469
0.853772
0.752538
0.843454
0.828984
0.94469
0.895972
0.764749
0.805203
0.815295
0.950872
0.795792
0.946188
0.751373
0.974418
0.837544
0.759468
0.898346
0.814209
0.973756
0.847821
0.72386
0.953733
0.952708
0.966394
0.843419
0.881765
0.971495
0.898736
0.808317
0.938992
0.916833
0.954273
0.944302
0.943192
0.92009
0.962567
0.863955
0.962089
0.852651
0.961677
0.818397
0.825838
0.953022
0.733084
0.663578
0.801221
0.802262
0.919128
0.895256
0.84164
0.937475
0.965591
0.65508
0.850434
0.729185
0.941646
0.919757
0.968681
0.680945
0.863603
0.685451
0.841996
0.844944
0.835486
0.833317
0.837022
0.817196
0.79834
0.947507
0.853008
0.871467
0.972275
0.947505
0.680414
0.942671
0.897496
0.880294
0.967358
0.788345
0.970922
0.953695
0.939905
0.971475
0.778832
0.858165
0.818402
0.883266
0.981723
0.808538
0.860567
0.83247
0.802058
0.964815
0.981196
0.927228
0.918926
0.940386
0.943589
0.953573
0.974223
0.95919
0.821775
0.813955
0.811647
0.959847
0.98508
0.981389
0.928666
0.896553
0.95582
0.973958
0.81094
0.876634
0.959496
0.940161
0.981617
0.777551
0.825867
0.89865
0.871704
0.843489
0.935673
0.821435
0.968717
0.822009
0.925714
0.816668
0.786551
0.952987
0.841481
0.932816
0.979019
0.795006
0.848422
0.986943
0.877799
0.986159
0.770332
0.957836
0.857035
0.820208
0.833088
0.921363
0.795792
0.829821
0.808744
0.858247
0.714016
0.739282
0.966669
0.568643
0.918606
0.924948
0.961075
0.775518
0.975229
0.734078
0.88731
0.971849
0.920981
0.988217
0.972998
0.962064
0.814819
0.932305
0.960277
0.943891
0.7941
0.953165
0.712876
0.89093
0.934307
0.942733
0.974319
0.911214
0.798882
0.952258
0.896799
0.733403
0.666143
0.775924
0.812239
0.957627
0.742472
0.959057
0.81449
0.878861
0.880263
0.909097
0.978153
0.841269
0.913723
0.959964
0.964415
0.864381
0.732633
0.889997
0.954816
0.726376
0.779628
0.975889
0.801064
0.949439
0.701169
0.926195
0.984389
0.790051
0.823507
0.761596
0.989251
0.946809
0.952207
0.832215
0.873636
0.839067
0.621544
0.960568
0.860122
0.833776
0.950195
0.834525
0.916489
0.80809
0.784488
0.945342
0.794112
0.961786
0.941324
0.916379
0.801709
0.829181
0.952574
0.81714
0.879165
0.97979
0.96164
0.827931
0.979051
0.962808
0.808679
0.818845
0.663541
0.935915
0.683153
0.837895
0.686624
0.734908
0.990951
0.814567
0.979734
0.888597
0.827542
0.754938
0.930347
0.810582
0.746984
0.795692
0.977057
0.790423
0.81402
0.956487
0.957985
0.655908
0.963908
0.847631
0.91516
0.964274
0.834657
0.730802
0.848917
0.965875
0.952174
0.849617
0.763138
0.961621
0.9685
0.81111
0.951783
0.916437
0.813776
0.77913
0.951679
0.939173
0.970296
0.750296
0.774458
0.97428
0.945714
0.877371
0.965426
0.933067
0.950839
0.844942
0.899936
0.976674
0.932502
0.915431
0.780619
0.913169
0.898183
0.764224
0.925552
0.951912
0.9013
0.925649
0.693911
0.96391
0.815836
0.815519
0.942434
0.875128
0.929149
0.830033
0.642618
0.792409
0.815925
0.879225
0.880549
0.888244
0.803228
0.77009
0.955655
0.978459
0.807084
0.827709
0.831592
0.814892
0.977599
0.81388
0.920758
0.816232
0.960403
0.96418
0.962511
0.912367
0.780914
0.885856
0.811406
0.777484
0.949359
0.976427
0.948202
0.819485
0.809607
0.946759
0.978479
0.853934
0.950375
0.885801
0.975589
0.945999
0.827421
0.950231
0.841916
0.669975
0.956743
0.782259
0.789134
0.965906
0.960384
0.915351
0.95071
0.938252
0.976779
0.970714
0.913868
0.96224
0.950807
0.73662
0.724059
0.912927
0.935706
0.632781
0.972457
0.924045
0.957619
0.913192
0.913595
0.954123
0.912047
0.695583
0.823638
0.889187
0.95729
0.761675
0.945296
0.939413
0.809402
0.91465
0.812177
0.828629
0.762066
0.936494
0.94329
0.825734
0.977508
0.958544
0.813458
0.963559
0.741111
0.976561
0.838893
0.689289
0.813935
0.838979
0.976353
0.94888
0.742422
0.813927
0.977532
0.830926
0.85757
0.913121
0.756222
0.851821
0.875073
0.859062
0.898247
0.934454
0.739375
0.84899
0.924139
0.983092
0.89614
0.811024
0.970207
0.90383
0.96172
0.964755
0.929365
0.966765
0.810203
0.95268
0.583204
0.89601
0.883669
0.983943
0.831371
0.980316
0.970329
0.882711
0.806112
0.692684
0.975935
0.815799
0.970334
0.864126
0.815446
0.970337
0.986153
0.838623
0.959142
0.820292
0.910936
0.980384
0.820771
0.984079
0.980951
0.911371
0.819208
0.908534
0.986863
0.835508
0.862409
0.93069
0.964029
0.867638
0.830224
0.854552
0.895205
0.989965
0.963685
0.968098
0.92408
0.957354
0.927326
0.960387
0.93852
0.945298
0.958515
0.910012
0.940328
0.910339
0.971292
0.964607
0.836353
0.763937
0.971192
0.810835
0.950766
0.958074
0.97394
0.810865
0.949499
0.913539
0.828461
0.738181
0.971271
0.979682
0.89478
0.965076
0.947003
0.944282
0.925498
0.97085
0.970923
0.984585
0.848211
0.912795
0.699108
0.883606
0.972884
0.832387
0.812781
0.870231
0.90133
0.83059
0.804549
0.948871
0.973055
0.983803
0.970904
0.970469
0.845316
0.967615
0.760243
0.93476
0.968791
0.726966
0.836394
0.870295
0.90192
0.888801
0.908742
0.895615
0.731301
0.956444
0.743497
0.822741
0.881104
0.933432
0.822003
0.958632
0.786764
0.787578
0.940147
0.936804
0.966883
0.813393
0.978579
0.859089
0.843256
0.977395
0.804056
0.810329
0.970159
0.942671
0.899811
0.849094
0.736681
0.813374
0.841982
0.919726
0.974381
0.792737
0.672346
0.96403
0.75285
0.92643
0.816278
0.789999
0.912027
0.965199
0.957433
0.842721
0.889785
0.966706
0.8108
0.937213
0.830436
0.786309
0.720596
0.847204
0.754457
0.885001
0.880492
0.913686
0.981794
0.866454
0.949439
0.801428
0.793456
0.941699
0.778912
0.624467
0.879508
0.903843
0.928477
0.685146
0.848242
0.749591
0.850327
0.884085
0.90907
0.780158
0.804491
0.785238
0.871558
0.885093
0.94397
0.840066
0.793456
0.552339
0.80185
0.873404
0.844845
0.956234
0.791516
0.749833
0.88018
0.962318
0.765461
0.855792
0.727031
0.786169
0.765987
0.898584
0.952345
0.781391
0.9084
0.811251
0.972419
0.977204
0.875846
0.95697
0.911935
0.793405
0.972259
0.828876
0.939554
0.842856
0.932617
0.795708
0.958892
0.905644
0.955416
0.795255
0.842984
0.792814
0.936494
0.794643
0.907651
0.805824
0.951154
0.972131
0.770058
0.83307
0.904438
0.95996
0.8641
0.983969
0.917841
0.945343
0.942945
0.951969
0.918504
0.757428
0.864708
0.908631
0.798197
0.763356
0.970566
0.84472
0.81006
0.95964
0.855817
0.959374
0.908536
0.837491
0.794515
0.970529
0.739356
0.95278
0.926815
0.956348
0.964627
0.807798
0.790477
0.965474
0.914247
0.801058
0.950401
0.805621
0.948918
0.962498
0.895468
0.555268
0.829664
0.919409
0.757232
0.961624
0.874307
0.758915
0.786484
0.982931
0.797945
0.972515
0.738591
0.738863
0.747378
0.962794
0.946669
0.903474
0.932055
0.803842
0.954781
0.948901
0.852554
0.941921
0.817325
0.68216
0.768896
0.967485
0.817076
0.806373
0.861222
0.857332
0.944723
0.832169
0.966289
0.82571
0.771985
0.948589
0.938224
0.963967
0.813321
0.685228
0.920669
0.852624
0.789345
0.935503
0.761376
0.819929
0.857433
0.790051
0.917853
0.78186
0.70977
0.812892
0.966577
0.899191
0.961937
0.967628
0.870429
0.817681
0.9239
0.78255
0.828513
0.879135
0.864688
0.810456
0.809166
0.958053
0.784892
0.793305
0.782574
0.978867
0.972741
0.688176
0.966834
0.795655
0.964568
0.981688
0.808646
0.813017
0.86808
0.97298
0.960084
0.818913
0.842349
0.854761
0.794144
0.968297
0.961087
0.963465
0.857418
0.811415
0.93949
0.694944
0.722832
0.946896
0.883325
0.828548
0.919148
0.947018
0.916579
0.847996
0.976531
0.913821
0.961571
0.775892
0.96403
0.780948
0.889864
0.924241
0.940268
0.926307
0.970872
0.983061
0.803753
0.845654
0.983979
0.971653
0.745872
0.9538
0.844373
0.785675
0.753441
0.90329
0.827042
0.816576
0.818818
0.897471
0.948945
0.729683
0.947581
0.912862
0.930316
0.894796
0.678951
0.799874
0.938299
0.784886
0.967831
0.867539
0.937679
0.987302
0.992273
0.868451
0.622901
0.874862
0.852395
0.874873
0.761866
0.753836
0.790997
0.865184
0.798791
0.954687
0.855549
0.647243
0.93631
0.874911
0.791482
0.767951
0.972184
0.867072
0.855201
0.802578
0.873916
0.778968
0.886364
0.846665
0.811986
0.856057
0.758957
0.958322
0.841184
0.895489
0.768061
0.844777
0.833502
0.972746
0.927042
0.655646
0.731379
0.964735
0.964859
0.955087
0.86875
0.978441
0.95278
0.792561
0.791076
0.975935
0.826675
0.809402
0.783235
0.837548
0.853561
0.911214
0.788096
0.890584
0.810937
0.903474
0.843188
0.906891
0.633118
0.764614
0.808693
0.790001
0.960817
0.824544
0.8636
0.970247
0.877514
0.738737
0.962242
0.956402
0.946658
0.87576
0.78165
0.931049
0.800861
0.786049
0.808427
0.790822
0.867022
0.927167
0.783857
0.975639
0.842169
0.816533
0.816365
0.948446
0.958489
0.971065
0.867852
0.956668
0.744497
0.796939
0.968301
0.794661
0.827683
0.947855
0.946113
0.950941
0.766766
0.802968
0.799672
0.912126
0.962352
0.654209
0.817744
0.867844
0.960108
0.844101
0.858365
0.857035
0.80951
0.825628
0.902656
0.846688
0.799033
0.807164
0.893556
0.82338
0.981963
0.761391
0.815119
0.84615
0.896315
0.951729
0.799278
0.968431
0.843074
0.950081
0.964707
0.929343
0.862637
0.882711
0.82186
0.873051
0.961152
0.804057
0.817047
0.955626
0.75298
0.79987
0.986009
0.954829
0.898575
0.966695
0.801225
0.886839
0.932728
0.923981
0.800102
0.975395
0.690845
0.927756
0.733363
0.810111
0.807424
0.941893
0.875368
0.811018
0.883689
0.838272
0.828974
0.926511
0.98677
0.846491
0.873111
0.880311
0.803617
0.929335
0.95629
0.977677
0.95521
0.982309
0.810396
0.749867
0.714629
0.794746
0.627441
0.973559
0.809414
0.886943
0.847605
0.793182
0.92438
0.834444
0.976001
0.806772
0.94423
0.886544
0.761635
0.940807
0.802438
0.96699
0.808749
0.860604
0.956193
0.779961
0.94881
0.881271
0.876806
0.877754
0.978996
0.895489
0.944061
0.926145
0.783301
0.8523
0.729651
0.971159
0.876553
0.808567
0.980268
0.817744
0.775493
0.887354
0.94988
0.987147
0.941229
0.856702
0.890526
0.916614
0.812425
0.928081
0.719821
0.805934
0.882798
0.82459
0.824285
0.912185
0.869314
0.969844
0.891642
0.841426
0.796231
0.948728
0.784485
0.81507
0.77572
0.948819
0.857426
0.902366
0.765274
0.793846
0.814089
0.86022
0.846059
0.945243
0.986534
0.971501
0.892745
0.977221
0.816153
0.730171
0.832577
0.694313
0.823297
0.84716
0.67249
0.848579
0.795823
0.833263
0.882241
0.770215
0.780991
0.961409
0.909986
0.97171
0.819074
0.962507
0.810153
0.614298
0.941631
0.8109
0.785845
0.797839
0.952511
0.951194
0.877832
0.708508
0.934438
0.77827
0.687521
0.750301
0.718551
0.80997
0.761894
0.807126
0.808515
0.945118
0.834958
0.854722
0.8674
0.936262
0.780216
0.917119
0.978977
0.772092
0.847276
0.961641
0.950603
0.759029
0.788192
0.98557
0.972991
0.807781
0.786771
0.966308
0.829154
0.845859
0.771169
0.770036
0.972474
0.959873
0.875448
0.846927
0.882915
0.960308
0.847928
0.937325
0.863306
0.78874
0.771807
0.993678
0.764778
0.851122
0.802899
0.82399
0.970964
0.959437
0.74264
0.764672
0.92818
0.750594
0.748936
0.80073
0.838966
0.740239
0.773088
0.822416
0.854473
0.800284
0.784381
0.65646
0.833455
0.786037
0.814697
0.752165
0.761577
0.76887
0.804903
0.778092
0.94557
0.809491
0.878144
0.873133
0.985647
0.744978
0.77217
0.93999
0.937096
0.809848
0.734622
0.803043
0.940551
0.920844
0.811573
0.834122
0.864026
0.776367
0.932652
0.916932
0.882941
0.947767
0.856392
0.86406
0.920267
0.809012
0.854653
0.98409
0.816414
0.944974
0.933357
0.86845
0.967506
0.986689
0.705095
0.845044
0.925939
0.826398
0.798359
0.898007
0.875179
0.853488
0.855546
0.76951
0.948616
0.780909
0.937711
0.810095
0.901766
0.738329
0.929631
0.736412
0.883085
0.68087
0.927916
0.818484
0.945852
0.828904
0.645833
0.875667
0.951729
0.849957
0.675241
0.824141
0.799757
0.659916
0.775685
0.790148
0.739704
0.786808
0.80323
0.826779
0.815757
0.856225
0.807609
0.893452
0.798652
0.797623
0.949837
0.747016
0.773689
0.890619
0.952378
0.971637
0.986527
0.70977
0.821168
0.78709
0.774287
0.790037
0.945415
0.844629
0.79643
0.810963
0.89889
0.846465
0.813361
0.92681
0.891703
0.753425
0.955789
0.807315
0.790665
0.813997
0.788685
0.971943
0.840907
0.845483
0.973025
0.772501
0.78922
0.80382
0.809243
0.65519
0.873968
0.651293
0.670855
0.853035
0.793165
0.807645
0.806978
0.964672
0.783123
0.870989
0.947
0.768655
0.805612
0.829329
0.938223
0.807108
0.76965
0.854098
0.727554
0.871267
0.716208
0.949685
0.913893
0.973832
0.729577
0.876152
0.805266
0.772497
0.788377
0.91692
0.786082
0.835552
0.982327
0.699545
0.933378
0.868919
0.549126
0.892595
0.754046
0.959559
0.863298
0.918175
0.780225
0.79259
0.772902
0.80676
0.981968
0.905581
0.765008
0.822432
0.838762
0.918219
0.797329
0.795147
0.908424
0.808714
0.854809
0.968439
0.881935
0.819163
0.891215
0.82494
0.817187
0.843027
0.81302
0.93716
0.93443
0.862304
0.952114
0.866609
0.784605
0.78868
0.817498
0.780843
0.771111
0.840762
0.967615
0.988557
0.888018
0.965474
0.872305
0.799115
0.695005
0.98088
0.883781
0.79703
0.706519
0.908534
0.984449
0.871493
0.620246
0.757571
0.803704
0.884424
0.785773
0.780361
0.954964
0.775217
0.955785
0.954928
0.802075
0.609401
0.896226
0.947068
0.653896
0.807274
0.781302
0.809616
0.73606
0.901935
0.877761
0.883996
0.964472
0.922008
0.811671
0.861455
0.955033
0.974103
0.978596
0.825717
0.895266
0.897477
0.92408
0.844627
0.809967
0.954965
0.775393
0.929256
0.854226
0.837215
0.791415
0.771499
0.854568
0.787204
0.919616
0.812849
0.837963
0.860407
0.805983
0.766258
0.944854
0.73606
0.767497
0.6992
0.754205
0.76579
0.930342
0.792065
0.792409
0.63217
0.971628
0.962259
0.895349
0.804809
0.927187
0.786599
0.81099
0.81735
0.772752
0.973184
0.888506
0.986534
0.945733
0.795995
0.923435
0.787871
0.781541
0.837963
0.937244
0.805189
0.83439
0.831394
0.914607
0.812348
0.696368
0.81089
0.949729
0.946591
0.894495
0.919627
0.83389
0.784369
0.794039
0.697105
0.727569
0.851415
0.86104
0.975105
0.72795
0.827627
0.721791
0.788409
0.888541
0.852296
0.950873
0.937711
0.898038
0.862114
0.828049
0.961269
0.80909
0.805043
0.817877
0.932747
0.862673
0.98282
0.955267
0.948702
0.882
0.922756
0.810691
0.858706
0.909007
0.835839
0.809392
0.842057
0.817162
0.816915
0.813919
0.925335
0.944611
0.781028
0.912634
0.835346
0.764632
0.966391
0.809481
0.632417
0.794801
0.811561
0.800519
0.96418
0.715385
0.809458
0.941029
0.889313
0.742016
0.883814
0.928903
0.732453
0.958335
0.759588
0.833955
0.784082
0.786787
0.959585
0.910138
0.949773
0.947379
0.867794
0.836678
0.941301
0.934541
0.966883
0.80724
0.80516
0.908825
0.738723
0.852433
0.94382
0.826898
0.807645
0.804456
0.968027
0.854725
0.742858
0.808359
0.960576
0.801147
0.898535
0.928745
0.780462
0.941284
0.77705
0.74186
0.765761
0.891892
0.862269
0.957711
0.742856
0.925149
0.794001
0.662154
0.942665
0.843423
0.890001
0.785326
0.8733
0.807986
0.774078
0.674322
0.897655
0.757655
0.804264
0.876212
0.815545
0.960421
0.883172
0.939046
0.916293
0.790429
0.942399
0.979036
0.733784
0.789168
0.757177
0.788501
0.810095
0.773453
0.956449
0.788482
0.722632
0.968879
0.956926
0.78515
0.942579
0.862096
0.952565
0.932201
0.966774
0.975917
0.959063
0.929252
0.93463
0.959713
0.823478
0.843514
0.805861
0.784126
0.881023
0.837409
0.805705
0.803946
0.781879
0.811812
0.857302
0.926341
0.785172
0.955789
0.961591
0.827794
0.910553
0.832151
0.718734
0.699691
0.820013
0.943852
0.86356
0.80675
0.895979
0.958588
0.797044
0.843625
0.810834
0.803942
0.92922
0.707346
0.924522
0.769662
0.77697
0.807847
0.87552
0.697809
0.96172
0.971036
0.726758
0.933822
0.943369
0.783502
0.91498
0.842414
0.984732
0.767997
0.736055
0.783648
0.984719
0.910519
0.893769
0.792865
0.85264
0.824713
0.75563
0.943372
0.808256
0.909105
0.93938
0.84743
0.801315
0.807574
0.740688
0.786962
0.774535
0.79164
0.805259
0.867402
0.913334
0.656546
0.883044
0.775343
0.941972
0.812978
0.887506
0.828187
0.877826
0.803447
0.809786
0.974061
0.95038
0.959057
0.87296
0.824764
0.856206
0.80877
0.734232
0.785982
0.662462
0.981791
0.788318
0.923435
0.867925
0.917955
0.891418
0.807069
0.770814
0.931437
0.819854
0.90353
0.58987
0.903901
0.871677
0.781848
0.807849
0.839931
0.818471
0.939163
0.960489
0.965226
0.725343
0.868425
0.730482
0.78393
0.943589
0.865702
0.763384
0.983443
0.942254
0.890962
0.977894
0.804025
0.934623
0.907526
0.80129
0.8518
0.802617
0.683279
0.925947
0.790148
0.784415
0.738763
0.789743
0.994926
0.838647
0.943192
0.800284
0.93808
0.863071
0.711786
0.797042
0.98465
0.796508
0.741407
0.768496
0.784762
0.770588
0.855357
0.93103
0.924999
0.735705
0.801468
0.64449
0.968041
0.767997
0.742603
0.933088
0.802048
0.964888
0.849471
0.701378
0.945995
0.829312
0.806622
0.907425
0.919187
0.773462
0.803062
0.969101
0.780195
0.956867
0.924005
0.9662
0.912723
0.795914
0.83337
0.839129
0.759596
0.768572
0.800753
0.965564
0.818065
0.967779
0.91448
0.783381
0.95458
0.79468
0.918008
0.85187
0.917809
0.855461
0.802532
0.812885
0.782122
0.756003
0.964322
0.805764
0.757644
0.959962
0.864957
0.86644
0.974046
0.784744
0.917773
0.940386
0.899923
0.786332
0.818959
0.758147
0.804064
0.963628
0.971546
0.858886
0.821602
0.835951
0.930665
0.986447
0.8784
0.77564
0.646151
0.906983
0.796878
0.869733
0.798611
0.792344
0.94511
0.809173
0.939323
0.9343
0.944038
0.764218
0.803203
0.950992
0.891158
0.98273
0.820941
0.918374
0.767126
0.824399
0.857413
0.741857
0.734656
0.797267
0.765923
0.990093
0.910992
0.871878
0.657063
0.890989
0.84723
0.895403
0.723514
0.8013
0.77645
0.769579
0.942614
0.924181
0.92207
0.63532
0.823029
0.728942
0.806382
0.96453
0.86961
0.790093
0.955852
0.981794
0.857584
0.894085
0.801044
0.943584
0.865559
0.798721
0.764737
0.846688
0.807833
0.777662
0.79781
0.932347
0.857611
0.820489
0.762372
0.91448
0.97792
0.872759
0.842715
0.928458
0.809926
0.816577
0.913037
0.851896
0.816991
0.833668
0.695837
0.906505
0.664307
0.946755
0.855965
0.85009
0.845246
0.850517
0.834966
0.884694
0.782198
0.815615
0.765542
0.935529
0.804075
0.815229
0.799805
0.637749
0.919341
0.88402
0.806739
0.957212
0.84272
0.84556
0.844084
0.730508
0.887876
0.81347
0.916727
0.881019
0.928615
0.97387
0.706088
0.799463
0.735667
0.785719
0.96095
0.807153
0.788296
0.83149
0.904129
0.926381
0.707809
0.726816
0.809782
0.929887
0.817388
0.783574
0.897671
0.865061
0.797946
0.804187
0.653719
0.891201
0.803788
0.8373
0.856726
0.965093
0.977723
0.948741
0.836138
0.825621
0.694843
0.773537
0.802898
0.815002
0.801417
0.64993
0.868821
0.957038
0.798574
0.98782
0.835591
0.952158
0.694456
0.94077
0.808963
0.641546
0.945185
0.580514
0.86832
0.823205
0.983788
0.662327
0.946113
0.962923
0.973746
0.932615
0.807048
0.835494
0.809594
0.770689
0.930906
0.870334
0.784361
0.795234
0.931599
0.897815
0.937271
0.911763
0.85197
0.953458
0.914772
0.757211
0.849779
0.800111
0.692314
0.85857
0.796397
0.78908
0.955994
0.789851
0.808933
0.765136
0.764718
0.698902
0.893594
0.752131
0.913234
0.875356
0.514249
0.950482
0.736831
0.799527
0.797076
0.940668
0.651352
0.911257
0.892574
0.877777
0.6803
0.835214
0.797468
0.746515
0.955713
0.943345
0.841236
0.795555
0.752783
0.847848
0.667998
0.875356
0.932055
0.892465
0.762763
0.956751
0.717695
0.908626
0.939794
0.763451
0.826148
0.981074
0.810456
0.803747
0.984719
0.928206
0.929102
0.981231
0.788641
0.909939
0.943124
0.82137
0.834842
0.841812
0.933064
0.807729
0.732211
0.962467
0.934438
0.853309
0.815335
0.74236
0.768639
0.806112
0.751682
0.880804
0.808684
0.809653
0.820491
0.785719
0.795846
0.866543
0.652974
0.945294
0.974981
0.950276
0.755384
0.958823
0.771188
0.769142
0.83276
0.803646
0.766896
0.742701
0.964499
0.901129
0.957908
0.948063
0.909668
0.85223
0.820065
0.73003
0.875846
0.831046
0.682787
0.923012
0.797367
0.735948
0.760249
0.820326
0.732567
0.796999
0.905784
0.804952
0.800704
0.783499
0.92431
0.915017
0.741945
0.787019
0.946045
0.839425
0.824418
0.798517
0.742826
0.979653
0.852557
0.75795
0.800542
0.852001
0.961452
0.77048
0.813119
0.811995
0.854705
0.785407
0.967193
0.936144
0.813179
0.839487
0.772802
0.966529
0.954126
0.7589
0.781632
0.808342
0.947694
0.82171
0.839944
0.793143
0.774521
0.957258
0.975039
0.910139
0.792745
0.913358
0.933945
0.954397
0.809117
0.78218
0.940147
0.946024
0.775656
0.976403
0.967988
0.81314
0.953084
0.989675
0.784052
0.940337
0.631104
0.990093
0.822631
0.754248
0.789063
0.66684
0.813561
0.893975
0.67223
0.879983
0.842238
0.778633
0.799354
0.802013
0.811392
0.794628
0.821934
0.747439
0.777909
0.769858
0.944923
0.917935
0.831887
0.784936
0.886358
0.786065
0.762134
0.779444
0.841297
0.800176
0.834119
0.947589
0.78918
0.968378
0.95521
0.796385
0.770452
0.915002
0.767492
0.723047
0.804123
0.94397
0.74524
0.75043
0.800659
0.765321
0.929207
0.965437
0.801214
0.796239
0.773187
0.786852
0.865161
0.807467
0.720943
0.735559
0.767506
0.734201
0.809292
0.777617
0.977444
0.797859
0.942399
0.791543
0.785726
0.873404
0.804168
0.791702
0.809284
0.949558
0.773379
0.837673
0.731025
0.983382
0.990698
0.94918
0.647866
0.866964
0.752527
0.812643
0.825755
0.922951
0.794518
0.833428
0.918244
0.953426
0.811862
0.824291
0.775084
0.957402
0.806956
0.791799
0.520274
0.781426
0.868425
0.942945
0.588605
0.858668
0.931852
0.822952
0.77023
0.988498
0.758849
0.901416
0.917328
0.809809
0.940246
0.796142
0.954273
0.671968
0.806192
0.903393
0.905304
0.545288
0.791983
0.737316
0.915521
0.860848
0.935531
0.712374
0.788772
0.766036
0.730028
0.94435
0.971159
0.837301
0.975376
0.975298
0.771156
0.889863
0.890777
0.863276
0.971862
0.821686
0.975642
0.783565
0.884078
0.867249
0.855787
0.876418
0.966406
0.924701
0.796439
0.824725
0.810726
0.853126
0.931307
0.867829
0.798879
0.930066
0.985229
0.849237
0.97136
0.794547
0.805236
0.779458
0.885172
0.798144
0.938224
0.974396
0.994864
0.883879
0.855661
0.932459
0.967484
0.841638
0.806817
0.961652
0.843875
0.710402
0.790561
0.807282
0.801329
0.945867
0.877724
0.72062
0.951792
0.757366
0.899747
0.961419
0.709845
0.782533
0.721125
0.803053
0.835805
0.858646
0.788656
0.810679
0.874975
0.765627
0.927414
0.954004
0.790242
0.803073
0.804617
0.654235
0.796641
0.880455
0.846922
0.795886
0.736278
0.811919
0.77595
0.797281
0.787798
0.940291
0.802915
0.800882
0.929631
0.6466
0.535068
0.872282
0.808933
0.853405
0.803788
0.81487
0.93949
0.785501
0.909173
0.879081
0.789217
0.827403
0.768146
0.871603
0.946779
0.802494
0.74524
0.67117
0.794258
0.78407
0.524454
0.857336
0.943704
0.959156
0.948962
0.928526
0.75626
0.963701
0.781823
0.935696
0.925758
0.784105
0.767651
0.762575
0.796005
0.732045
0.874292
0.957713
0.76219
0.863042
0.788499
0.79763
0.812921
0.933006
0.802898
0.807371
0.795098
0.730717
0.748921
0.743169
0.903723
0.953168
0.824155
0.90317
0.895303
0.79237
0.89013
0.66779
0.93631
0.952338
0.808333
0.621982
0.622291
0.868353
0.737818
0.767168
0.854233
0.943164
0.750091
0.812094
0.79309
0.749316
0.759552
0.833927
0.622034
0.938646
0.861326
0.83256
0.965469
0.884278
0.821774
0.822561
0.716746
0.805899
0.933425
0.884797
0.793291
0.817659
0.829806
0.963847
0.83319
0.865326
0.956791
0.763752
0.79127
0.798591
0.719483
0.844845
0.806432
0.789522
0.859387
0.960484
0.718791
0.845053
0.990351
0.936266
0.934749
0.78654
0.95338
0.816225
0.859465
0.851316
0.886609
0.780731
0.792546
0.778832
0.795509
0.943026
0.95007
0.939075
0.860933
0.806644
0.725342
0.725504
0.81374
0.942254
0.851365
0.753221
0.923864
0.920523
0.804589
0.791836
0.651991
0.89764
0.921785
0.8971
0.928832
0.808838
0.948387
0.930513
0.850893
0.669608
0.946492
0.798003
0.880316
0.793699
0.747615
0.910605
0.921775
0.86596
0.772944
0.756782
0.797893
0.79249
0.766569
0.94103
0.962683
0.794242
0.929205
0.823305
0.787768
0.80351
0.78953
0.623452
0.786599
0.965963
0.948575
0.97252
0.903034
0.832033
0.781379
0.849909
0.824621
0.96251
0.888018
0.81514
0.783069
0.971932
0.783037
0.797735
0.950624
0.956576
0.740085
0.892846
0.779673
0.834516
0.971862
0.906126
0.876243
0.885562
0.738927
0.830396
0.874586
0.786158
0.832263
0.722615
0.634601
0.95428
0.905674
0.807313
0.957459
0.817877
0.795817
0.838597
0.6679
0.648596
0.891744
0.881197
0.79838
0.785673
0.977463
0.813056
0.827264
0.808112
0.929557
0.808277
0.831141
0.983382
0.750647
0.942338
0.924084
0.951343
0.644008
0.911764
0.889371
0.793371
0.874296
0.848631
0.949726
0.806438
0.900841
0.957122
0.746497
0.797492
0.985307
0.88122
0.96624
0.844373
0.503042
0.769796
0.959941
0.707414
0.6243
0.940061
0.903371
0.965628
0.749682
0.820129
0.839452
0.804446
0.840874
0.811474
0.959693
0.656394
0.587144
0.897926
0.794419
0.713403
0.811923
0.785709
0.94511
0.797502
0.84887
0.769259
0.864274
0.853815
0.624798
0.98959
0.831933
0.882482
0.650179
0.948813
0.866567
0.738096
0.942533
0.844636
0.792555
0.83014
0.869125
0.87805
0.759209
0.885355
0.976666
0.729558
0.774794
0.749269
0.939205
0.806238
0.791219
0.748331
0.798089
0.874738
0.910171
0.691787
0.864044
0.917252
0.890375
0.780135
0.768327
0.855137
0.808532
0.803646
0.920765
0.83077
0.854977
0.936849
0.704135
0.896517
0.744699
0.71462
0.807119
0.848812
0.865629
0.784809
0.848622
0.969872
0.94164
0.922164
0.832081
0.91522
0.726428
0.811691
0.878233
0.791785
0.953272
0.874806
0.827655
0.89916
0.876263
0.889333
0.823478
0.80505
0.809873
0.788797
0.936303
0.888693
0.745421
0.78292
0.905072
0.825728
0.736291
0.8927
0.809365
0.797991
0.878891
0.754493
0.860713
0.800325
0.903417
0.656176
0.803341
0.866986
0.535541
0.826231
0.944097
0.906977
0.964644
0.962542
0.887152
0.850168
0.775438
0.831748
0.953248
0.783692
0.877434
0.924153
0.754318
0.820664
0.786577
0.785756
0.927198
0.9477
0.729535
0.668455
0.903975
0.729563
0.836278
0.843181
0.703824
0.900513
0.806921
0.815078
0.784285
0.819176
0.929356
0.941542
0.923382
0.828245
0.958665
0.828235
0.902953
0.785346
0.804126
0.727371
0.794062
0.783007
0.807958
0.691916
0.889211
0.89184
0.978875
0.790087
0.788335
0.721323
0.932008
0.743586
0.920257
0.658137
0.81233
0.770883
0.869194
0.72018
0.776897
0.954241
0.813566
0.86882
0.914107
0.94921
0.725975
0.71537
0.748613
0.95159
0.850196
0.67458
0.793818
0.776323
0.876553
0.884599
0.777364
0.724036
0.853882
0.840432
0.958225
0.929704
0.687268
0.686048
0.770368
0.83058
0.790133
0.960166
0.887903
0.798039
0.940938
0.672729
0.857078
0.87944
0.783714
0.805248
0.768131
0.877727
0.773054
0.914375
0.908802
0.92818
0.846308
0.895563
0.954238
0.854544
0.920186
0.810531
0.792602
0.828866
0.899811
0.913811
0.693506
0.882391
0.800805
0.74891
0.782217
0.755262
0.939727
0.909056
0.838448
0.805824
0.738893
0.912232
0.74331
0.809239
0.889853
0.750003
0.9832
0.782289
0.788118
0.796935
0.818211
0.857876
0.80822
0.946302
0.756492
0.744085
0.771187
0.67555
0.938214
0.97432
0.739956
0.945331
0.904207
0.848274
0.734566
0.818215
0.817837
0.781855
0.78155
0.74178
0.856621
0.826332
0.783775
0.835502
0.964033
0.713481
0.819028
0.787393
0.969212
0.87046
0.802963
0.843443
0.976793
0.967067
0.958481
0.746762
0.848735
0.917497
0.745145
0.683306
0.950764
0.7836
0.909138
0.909741
0.935945
0.782761
0.802771
0.811121
0.796625
0.837824
0.811177
0.787465
0.912094
0.954366
0.690071
0.816279
0.952422
0.952169
0.931374
0.807921
0.857584
0.965114
0.756801
0.912807
0.940227
0.985117
0.739276
0.780365
0.794688
0.783852
0.959372
0.899205
0.782349
0.806525
0.965486
0.972932
0.771412
0.832603
0.922722
0.952662
0.783677
0.770607
0.893633
0.852625
0.97455
0.924793
0.910734
0.951916
0.809802
0.734415
0.87482
0.816083
0.886394
0.992306
0.911006
0.756517
0.82518
0.807809
0.743521
0.915329
0.780173
0.794641
0.742764
0.829446
0.757528
0.788041
0.950018
0.949973
0.719022
0.700559
0.84993
0.851536
0.797257
0.921378
0.738195
0.911631
0.828474
0.797594
0.811205
0.778857
0.943181
0.807366
0.950188
0.941764
0.824416
0.820873
0.804238
0.75968
0.794597
0.96867
0.745109
0.875035
0.785986
0.799742
0.792649
0.704213
0.945325
0.977496
0.762669
0.782184
0.806086
0.737324
0.848417
0.792872
0.935087
0.909724
0.908139
0.879809
0.900678
0.827194
0.738143
0.901202
0.926931
0.855483
0.916285
0.827475
0.737911
0.804295
0.901193
0.772884
0.782609
0.711474
0.734529
0.738487
0.79576
0.795572
0.955838
0.771581
0.821186
0.887365
0.848821
0.9532
0.738264
0.748003
0.738109
0.786096
0.832678
0.805872
0.804427
0.83394
0.942403
0.847683
0.810112
0.926215
0.853582
0.760064
0.979653
0.900331
0.759633
0.87909
0.80558
0.890856
0.847364
0.790927
0.711791
0.775633
0.777674
0.939513
0.788481
0.809649
0.792945
0.866414
0.859538
0.960441
0.7193
0.950684
0.737461
0.730963
0.933353
0.821603
0.769526
0.897249
0.748978
0.806256
0.737059
0.891979
0.792261
0.862092
0.778013
0.791515
0.884937
0.890025
0.776407
0.897154
0.758366
0.794234
0.812253
0.72819
0.930342
0.887481
0.857837
0.873728
0.766497
0.829988
0.663936
0.973964
0.759262
0.815081
0.910037
0.767334
0.846765
0.94974
0.953446
0.984603
0.937095
0.727231
0.860744
0.922425
0.955227
0.964306
0.785471
0.828201
0.92482
0.800109
0.747797
0.877449
0.80979
0.961217
0.741245
0.735832
0.740537
0.715028
0.776164
0.829249
0.685839
0.720983
0.822502
0.84632
0.718521
0.820562
0.634771
0.827738
0.826787
0.905715
0.772093
0.722493
0.796095
0.985461
0.875312
0.772122
0.736856
0.807015
0.773064
0.977533
0.848886
0.81401
0.828595
0.767013
0.846834
0.739909
0.779866
0.932747
0.756754
0.907131
0.822429
0.773186
0.882686
0.915346
0.795339
0.715742
0.835264
0.780274
0.730344
0.836477
0.807951
0.784307
0.71303
0.712979
0.84249
0.746651
0.648653
0.683285
0.801072
0.76743
0.7923
0.740437
0.932377
0.863495
0.936644
0.6364
0.928711
0.774983
0.925013
0.793402
0.93879
0.760682
0.781524
0.783009
0.809882
0.780274
0.845389
0.947085
0.587029
0.68515
0.702468
0.932031
0.82576
0.74069
0.745302
0.933941
0.934541
0.909059
0.785591
0.887881
0.787704
0.975293
0.934649
0.870216
0.649671
0.967302
0.771944
0.943601
0.898224
0.914107
0.964292
0.956615
0.894446
0.858123
0.901901
0.949641
0.780973
0.669873
0.755819
0.942949
0.775802
0.783282
0.750581
0.958029
0.809172
0.951455
0.906353
0.791008
0.739566
0.77347
0.816762
0.738928
0.852433
0.7844
0.60318
0.790037
0.820575
0.794318
0.742528
0.905105
0.761732
0.790033
0.644383
0.763743
0.789278
0.759461
0.587553
0.883382
0.824032
0.852095
0.797641
0.959654
0.775066
0.906114
0.875312
0.798565
0.9623
0.930407
0.932201
0.956611
0.941643
0.846515
0.964093
0.775084
0.972525
0.761934
0.96382
0.792554
0.810738
0.822424
0.977226
0.880276
0.929557
0.716467
0.68656
0.948589
0.808492
0.77229
0.938063
0.803966
0.74546
0.783106
0.816489
0.764342
0.737305
0.748091
0.649238
0.86089
0.814523
0.972674
0.819045
0.818354
0.714386
0.91736
0.785572
0.878429
0.89051
0.961863
0.776992
0.72054
0.924742
0.908072
0.874797
0.858384
0.843625
0.906146
0.802085
0.733889
0.819751
0.774425
0.752273
0.759595
0.772337
0.933822
0.883581
0.815101
0.777947
0.69365
0.917401
0.794236
0.86978
0.805161
0.807069
0.921733
0.981615
0.878166
0.962064
0.954431
0.861317
0.770775
0.757338
0.988215
0.758237
0.786609
0.83306
0.788986
0.81865
0.782794
0.797645
0.735663
0.80116
0.808288
0.802349
0.767221
0.912253
0.672388
0.681879
0.863819
0.97485
0.740884
0.809727
0.698284
0.854671
0.908346
0.905087
0.855108
0.776477
0.813198
0.875038
0.735778
0.87598
0.661279
0.773416
0.924153
0.77107
0.828978
0.802205
0.715632
0.724319
0.931437
0.782923
0.745044
0.631242
0.786786
0.768024
0.695024
0.929207
0.775309
0.776737
0.731203
0.815609
0.929271
0.751657
0.94499
0.935382
0.746003
0.775343
0.750481
0.882584
0.981615
0.792839
0.786084
0.769597
0.937327
0.716775
0.759325
0.742826
0.748277
0.854509
0.890955
0.862498
0.856632
0.734015
0.938447
0.77853
0.863689
0.764637
0.934785
0.7255
0.988215
0.871568
0.789554
0.961903
0.784185
0.801756
0.868539
0.907075
0.737318
0.8809
0.839057
0.657588
0.740788
0.752374
0.926883
0.779918
0.85179
0.933088
0.79598
0.961277
0.693097
0.803613
0.999
0.722676
0.514061
0.71617
0.816185
0.830619
0.962291
0.76808
0.909599
0.791942
0.920062
0.810006
0.915733
0.922642
0.816712
0.944049
0.746401
0.679255
0.781192
0.877436
0.706398
0.732369
0.743728
0.776258
0.935907
0.765884
0.759041
0.781516
0.801412
0.670481
0.767762
0.775011
0.90405
0.881931
0.827392
0.825306
0.752355
0.839783
0.980891
0.829894
0.773989
0.758339
0.83358
0.814675
0.800537
0.930665
0.778786
0.83096
0.800044
0.86981
0.956071
0.952057
0.871034
0.836391
0.725597
0.778288
0.818569
0.77386
0.781516
0.766904
0.938135
0.936587
0.805342
0.79989
0.868556
0.804881
0.809336
0.698924
0.921564
0.989776
0.968344
0.849132
0.954471
0.866277
0.744899
0.73072
0.914307
0.798009
0.756008
0.904005
0.980364
0.783289
0.855471
0.906068
0.93466
0.830736
0.956101
0.782341
0.674575
0.737899
0.788909
0.756721
0.89329
0.763402
0.807224
0.802116
0.858981
0.932347
0.750313
0.853554
0.94127
0.933837
0.855966
0.939946
0.794773
0.70172
0.765383
0.814776
0.950778
0.785415
0.785081
0.947708
0.774683
0.877283
0.96375
0.80501
0.849991
0.844106
0.909668
0.932031
0.729073
0.840457
0.766485
0.862351
0.903003
0.798275
0.898152
0.675313
0.876119
0.944752
0.926685
0.809715
0.853242
0.94098
0.877801
0.851614
0.767199
0.987952
0.816597
0.813549
0.888711
0.924435
0.700271
0.875833
0.854355
0.812208
0.822665
0.735948
0.929887
0.965725
0.935706
0.764209
0.919872
0.935676
0.961296
0.79392
0.889366
0.765561
0.681186
0.810045
0.789226
0.794918
0.780616
0.720915
0.908162
0.642795
0.797423
0.83565
0.800666
0.797895
0.803608
0.868556
0.933991
0.87565
0.826148
0.740849
0.981102
0.799887
0.7472
0.775925
0.905051
0.727425
0.84716
0.808403
0.587793
0.796978
0.66879
0.798183
0.927187
0.718239
0.953651
0.983271
0.766236
0.778811
0.74902
0.733879
0.820958
0.752439
0.717376
0.705789
0.861972
0.952432
0.770265
0.949321
0.735559
0.788657
0.721313
0.914847
0.717073
0.773582
0.981183
0.762686
0.797453
0.895167
0.62032
0.933621
0.931599
0.943774
0.733447
0.763318
0.852151
0.789075
0.755376
0.817848
0.920238
0.883069
0.749934
0.806285
0.889471
0.901606
0.773378
0.952406
0.783373
0.798424
0.901946
0.913348
0.854439
0.874
0.783494
0.725778
0.906495
0.8032
0.833032
0.738312
0.764567
0.809827
0.792583
0.798527
0.76545
0.817848
0.78572
0.933536
0.725288
0.793759
0.890857
0.94244
0.780145
0.790516
0.866843
0.731772
0.827482
0.8252
0.809457
0.703299
0.761514
0.741315
0.722651
0.781202
0.864373
0.929102
0.6564
0.828745
0.794568
0.882588
0.874223
0.794323
0.724539
0.944745
0.948962
0.740564
0.597397
0.921941
0.845066
0.787127
0.923399
0.72794
0.944553
0.983189
0.751664
0.887722
0.891884
0.776876
0.707903
0.806247
0.864956
0.904025
0.660339
0.845227
0.759216
0.92824
0.936144
0.818108
0.692536
0.932961
0.72413
0.804148
0.953145
0.757185
0.792106
0.663539
0.757284
0.768288
0.615612
0.830284
0.784653
0.722991
0.983241
0.792904
0.78944
0.857558
0.973643
0.807882
0.71728
0.82449
0.759989
0.846694
0.891214
0.730722
0.838749
0.821743
0.770914
0.982024
0.926737
0.712253
0.923012
0.770698
0.816169
0.846579
0.803377
0.812549
0.774124
0.782577
0.799519
0.717038
0.796912
0.719333
0.899086
0.648258
0.973643
0.662354
0.63075
0.949647
0.972626
0.900878
0.802331
0.694405
0.863762
0.666423
0.834275
0.773764
0.909056
0.925149
0.733407
0.775326
0.716427
0.88151
0.804156
0.789082
0.824157
0.895228
0.786965
0.961024
0.875096
0.805093
0.750313
0.776507
0.788538
0.932523
0.735762
0.685633
0.79802
0.758818
0.863489
0.784821
0.779935
0.689075
0.861332
0.761785
0.942687
0.773331
0.693827
0.886369
0.959345
0.892627
0.945568
0.924061
0.729016
0.913358
0.77784
0.937713
0.666221
0.976872
0.836456
0.92693
0.858984
0.791151
0.934347
0.962758
0.928597
0.917808
0.934212
0.902987
0.797423
0.853167
0.716774
0.953595
0.758053
0.705831
0.959653
0.917653
0.845417
0.807658
0.609024
0.830419
0.80932
0.78782
0.786136
0.831384
0.925758
0.807888
0.757931
0.90922
0.714757
0.843606
0.88218
0.984207
0.745544
0.778883
0.72869
0.926925
0.67354
0.958237
0.785709
0.772188
0.738878
0.803887
0.919598
0.75729
0.799491
0.78265
0.956707
0.814217
0.740056
0.857584
0.830096
0.880957
0.786216
0.747054
0.915002
0.826689
0.760735
0.706784
0.89232
0.781255
0.874507
0.956454
0.800666
0.906648
0.768855
0.794688
0.837338
0.961337
0.922424
0.945803
0.817078
0.889038
0.825303
0.789715
0.860697
0.84149
0.769773
0.582685
0.784325
0.785576
0.732409
0.713087
0.80798
0.691617
0.934114
0.83468
0.734895
0.59334
0.750877
0.943407
0.811207
0.864079
0.7937
0.791889
0.782465
0.850077
0.721008
0.997508
0.729745
0.912355
0.801006
0.908534
0.811493
0.737284
0.778567
0.773959
0.767676
0.922639
0.783394
0.977338
0.809094
0.823591
0.878885
0.77557
0.968934
0.918244
0.925716
0.968984
0.687968
0.747855
0.930313
0.94573
0.964402
0.945236
0.803324
0.738315
0.8373
0.880891
0.923082
0.860514
0.837176
0.829033
0.941986
0.913161
0.766736
0.923087
0.815986
0.958243
0.787172
0.76415
0.744262
0.769321
0.682917
0.822251
0.804841
0.640468
0.789652
0.744899
0.858665
0.713785
0.715994
0.788575
0.959645
0.935503
0.737065
0.794162
0.807744
0.833142
0.798604
0.81479
0.705128
0.744393
0.72849
0.791876
0.867593
0.716204
0.95972
0.876851
0.912482
0.767176
0.961903
0.839684
0.737006
0.755401
0.815212
0.768088
0.759919
0.907206
0.835106
0.742647
0.781391
0.946962
0.733217
0.710516
0.980712
0.959383
0.895713
0.786473
0.905112
0.80954
0.718039
0.948446
0.850938
0.702692
0.970062
0.909044
0.879979
0.79605
0.794767
0.960008
0.772734
0.79029
0.730484
0.800064
0.780339
0.805771
0.9635
0.876165
0.796108
0.831771
0.889038
0.751945
0.810841
0.809775
0.747009
0.85014
0.744055
0.727947
0.791395
0.720422
0.963951
0.823608
0.726156
0.762108
0.957609
0.959561
0.776685
0.799677
0.860713
0.798906
0.780339
0.710126
0.775084
0.709057
0.806934
0.969447
0.737443
0.865353
0.770253
0.841609
0.780619
0.77811
0.799976
0.783949
0.889774
0.691286
0.796238
0.865246
0.751085
0.789715
0.871341
0.883679
0.830076
0.820052
0.742394
0.933063
0.879344
0.968037
0.938136
0.691304
0.819377
0.833287
0.904992
0.778514
0.924831
0.95744
0.91257
0.576793
0.738976
0.969475
0.768637
0.676998
0.967941
0.775818
0.840874
0.798294
0.764343
0.956587
0.811576
0.776443
0.767053
0.776566
0.7937
0.70014
0.713528
0.743052
0.708007
0.785259
0.817865
0.892651
0.781796
0.748249
0.794528
0.707939
0.81509
0.785162
0.923265
0.93626
0.779263
0.759857
0.796243
0.968254
0.694423
0.917413
0.73867
0.884741
0.925033
0.835389
0.934414
0.694589
0.84751
0.700825
0.795713
0.952276
0.77671
0.692972
0.806179
0.855369
0.595888
0.758696
0.710544
0.882226
0.770981
0.874987
0.981402
0.762838
0.730079
0.696626
0.697202
0.7327
0.830842
0.693177
0.792253
0.735137
0.791016
0.727013
0.803502
0.802752
0.624995
0.715658
0.746081
0.785331
0.882514
0.638397
0.809617
0.963614
0.782264
0.77675
0.788583
0.767858
0.749782
0.8881
0.798238
0.884128
0.974939
0.773569
0.958975
0.873003
0.796398
0.764343
0.828984
0.783316
0.926199
0.784427
0.797622
0.807979
0.927425
0.817802
0.691125
0.744094
0.853656
0.795685
0.788345
0.938638
0.932979
0.762985
0.847711
0.738665
0.899807
0.663061
0.922724
0.734249
0.784652
0.784257
0.841038
0.77875
0.929795
0.773096
0.730722
0.742983
0.753438
0.761622
0.78229
0.608906
0.911715
0.877313
0.742442
0.751962
0.734882
0.700534
0.794446
0.930757
0.982971
0.90922
0.766908
0.747841
0.791775
0.846308
0.811415
0.98767
0.802743
0.673396
0.82645
0.582458
0.682837
0.638537
0.791921
0.716316
0.690286
0.692611
0.960723
0.748218
0.929827
0.879666
0.794094
0.723878
0.82531
0.731062
0.895942
0.761896
0.826757
0.82424
0.734924
0.706766
0.737367
0.790745
0.67987
0.830009
0.694901
0.929413
0.764009
0.785589
0.616319
0.829157
0.784584
0.94453
0.728178
0.761285
0.77263
0.781111
0.861703
0.799972
0.804907
0.769144
0.758481
0.788961
0.937038
0.798292
0.642487
0.67211
0.827199
0.702062
0.951726
0.833382
0.857603
0.746679
0.788886
0.761026
0.842663
0.798026
0.803607
0.954797
0.706271
0.886205
0.748387
0.701517
0.816998
0.937322
0.724196
0.840156
0.760408
0.88194
0.9434
0.695332
0.841625
0.945792
0.898189
0.827349
0.809253
0.966687
0.790077
0.914563
0.781776
0.556642
0.798538
0.913954
0.843
0.955994
0.79254
0.780455
0.730195
0.805082
0.871276
0.911121
0.906422
0.661224
0.804861
0.777544
0.766728
0.74514
0.77688
0.895692
0.747635
0.980879
0.760353
0.858247
0.673696
0.766621
0.866197
0.795097
0.764225
0.793738
0.868639
0.932506
0.758294
0.722383
0.821079
0.817989
0.760991
0.741003
0.901203
0.706988
0.767015
0.837844
0.678105
0.920186
0.988589
0.793116
0.916949
0.708565
0.691465
0.788976
0.79324
0.9465
0.923851
0.759155
0.696401
0.812517
0.867016
0.981402
0.821532
0.795233
0.947118
0.718551
0.917798
0.739149
0.622605
0.938634
0.823832
0.949439
0.778139
0.807852
0.936728
0.701256
0.834584
0.69183
0.906146
0.85757
0.808874
0.77928
0.766908
0.696953
0.966114
0.799544
0.841857
0.829734
0.822106
0.955696
0.801137
0.936381
0.557886
0.713611
0.794827
0.936928
0.850327
0.795485
0.783316
0.779843
0.773688
0.730441
0.825466
0.785437
0.793308
0.62485
0.769381
0.722566
0.919315
0.753098
0.828545
0.773374
0.862906
0.740646
0.665216
0.96808
0.867925
0.80947
0.708477
0.764981
0.810314
0.8148
0.65081
0.684707
0.682756
0.959717
0.804447
0.948079
0.899676
0.550661
0.928133
0.764462
0.758458
0.835058
0.85467
0.728703
0.701571
0.793031
0.789972
0.894764
0.776423
0.704531
0.733817
0.926439
0.902611
0.649243
0.787108
0.798421
0.897337
0.965154
0.956903
0.771911
0.821593
0.903043
0.681694
0.912232
0.824427
0.658653
0.799544
0.801446
0.720972
0.695559
0.721167
0.797568
0.764833
0.852254
0.765074
0.974869
0.699909
0.806301
0.822515
0.869335
0.794464
0.793373
0.732001
0.688927
0.879225
0.803417
0.815803
0.694048
0.785601
0.799739
0.637637
0.715748
0.794992
0.872261
0.689281
0.700268
0.760418
0.79493
0.707793
0.729098
0.825378
0.893872
0.798609
0.968652
0.949932
0.974869
0.815244
0.693812
0.949156
0.86683
0.53665
0.940162
0.808933
0.921874
0.784915
0.810865
0.757052
0.79713
0.783893
0.598526
0.909138
0.8674
0.774306
0.768006
0.733071
0.779223
0.827419
0.863804
0.868821
0.794424
0.821334
0.70087
0.936681
0.869441
0.802174
0.787493
0.787311
0.804686
0.693051
0.792817
0.852554
0.749934
0.972294
0.694523
0.768392
0.710111
0.608368
0.761048
0.696536
0.796234
0.724612
0.828662
0.843457
0.574366
0.749687
0.771587
0.801337
0.792323
0.755573
0.777209
0.786183
0.727188
0.783544
0.789813
0.711112
0.911006
0.784135
0.713114
0.88297
0.755437
0.752673
0.780876
0.724296
0.866507
0.695195
0.68342
0.759061
0.903082
0.74705
0.802431
0.778849
0.963535
0.691145
0.691512
0.663256
0.778038
0.709062
0.909031
0.929383
0.702761
0.802867
0.801134
0.564728
0.955487
0.964177
0.679383
0.7397
0.951826
0.869657
0.826165
0.803431
0.958824
0.690908
0.735998
0.693222
0.600671
0.796072
0.821401
0.908139
0.862117
0.741778
0.842505
0.736949
0.783885
0.746306
0.775643
0.797126
0.829722
0.958335
0.944948
0.787626
0.83191
0.849534
0.834961
0.869924
0.950428
0.877772
0.864137
0.785951
0.984033
0.951407
0.777803
0.709825
0.849094
0.689561
0.809707
0.763319
0.829355
0.689867
0.829872
0.767883
0.790581
0.79249
0.750616
0.854763
0.702987
0.86147
0.713334
0.740202
0.794301
0.621021
0.757825
0.942995
0.811591
0.868727
0.817234
0.703507
0.783887
0.73723
0.793296
0.777803
0.951671
0.759507
0.858666
0.810289
0.910037
0.907651
0.791615
0.77327
0.76543
0.798188
0.913465
0.776247
0.741993
0.949948
0.649913
0.884333
0.827028
0.637115
0.711731
0.759194
0.833538
0.688203
0.918273
0.927361
0.616734
0.781276
0.771587
0.983481
0.832262
0.760485
0.930913
0.714577
0.639367
0.798153
0.80615
0.907131
0.94699
0.737853
0.908091
0.965545
0.66119
0.756878
0.730985
0.839622
0.793529
0.720293
0.865138
0.815231
0.739136
0.801168
0.683089
0.822758
0.830839
0.640531
0.965064
0.731864
0.691468
0.753764
0.955095
0.686534
0.822741
0.789069
0.935742
0.755548
0.714605
0.828499
0.932417
0.836837
0.949646
0.883403
0.851677
0.687207
0.707723
0.654453
0.760763
0.686428
0.787924
0.925213
0.814037
0.668547
0.687862
0.739474
0.909059
0.955115
0.702584
0.722045
0.867473
0.813227
0.776999
0.674792
0.814682
0.90535
0.790907
0.794383
0.67983
0.785908
0.601887
0.935696
0.762801
0.702055
0.786888
0.739107
0.784138
0.684864
0.956837
0.849648
0.790567
0.801428
0.81589
0.791326
0.782983
0.810865
0.958599
0.770274
0.901783
0.800516
0.623652
0.785172
0.846846
0.816318
0.859829
0.772795
0.742013
0.867415
0.906114
0.870093
0.676112
0.90746
0.686806
0.779086
0.859537
0.827172
0.776097
0.756583
0.834051
0.825657
0.759407
0.738836
0.850592
0.775513
0.812475
0.76616
0.743693
0.969173
0.695029
0.790981
0.919321
0.738816
0.80825
0.712742
0.743402
0.739698
0.932906
0.683194
0.949948
0.986047
0.730032
0.835573
0.870093
0.677497
0.801214
0.754979
0.804892
0.6781
0.801634
0.790727
0.798032
0.821824
0.954692
0.695346
0.691538
0.900495
0.752721
0.908072
0.785615
0.908012
0.958975
0.592916
0.917252
0.981169
0.748727
0.815445
0.600383
0.734045
0.766832
0.81218
0.835995
0.824212
0.673404
0.615311
0.792496
0.634993
0.786065
0.681784
0.681524
0.815749
0.806647
0.71173
0.839129
0.920718
0.786536
0.797113
0.893594
0.618064
0.857565
0.796933
0.700504
0.74848
0.74226
0.793201
0.585034
0.776719
0.702226
0.825474
0.790292
0.760122
0.601639
0.94699
0.905087
0.827054
0.926593
0.787427
0.936655
0.969177
0.804105
0.924656
0.792012
0.587797
0.744177
0.740406
0.622396
0.680272
0.622471
0.745146
0.88383
0.617985
0.624025
0.823707
0.745011
0.961445
0.795032
0.6227
0.687368
0.980725
0.622767
0.791683
0.679853
0.858141
0.788427
0.715829
0.756977
0.77911
0.78729
0.714647
0.890445
0.949646
0.782599
0.716588
0.75632
0.799006
0.782877
0.722733
0.907075
0.680247
0.90572
0.740519
0.957018
0.716194
0.800005
0.7702
0.8404
0.864746
0.845747
0.851515
0.809784
0.822334
0.575107
0.783939
0.733909
0.802721
0.960359
0.67079
0.678182
0.770404
0.673574
0.81723
0.791293
0.777832
0.979449
0.773607
0.938033
0.797178
0.927888
0.872147
0.620764
0.824536
0.819458
0.796717
0.90405
0.762999
0.699636
0.732546
0.944196
0.839895
0.796068
0.774969
0.722111
0.961685
0.949439
0.949637
0.555915
0.716855
0.753152
0.727744
0.721465
0.813901
0.815658
0.774336
0.676511
0.76657
0.766489
0.762114
0.710375
0.786453
0.815309
0.776568
0.858825
0.715385
0.689878
0.7819
0.724819
0.874472
0.770791
0.82728
0.9279
0.961189
0.807522
0.891383
0.906068
0.53163
0.771627
0.893665
0.864487
0.931862
0.724144
0.843071
0.76403
0.959747
0.822284
0.75697
0.759017
0.913861
0.76579
0.76104
0.806832
0.780734
0.704745
0.801565
0.768241
0.666253
0.959637
0.895618
0.769526
0.67484
0.632907
0.578681
0.778139
0.888901
0.859443
0.959381
0.774782
0.846665
0.799109
0.7485
0.696105
0.910806
0.945864
0.919948
0.786916
0.619581
0.823624
0.79263
0.873051
0.960187
0.931057
0.801069
0.933429
0.903003
0.676032
0.699615
0.806247
0.722156
0.801804
0.962073
0.997161
0.808721
0.778529
0.809014
0.794791
0.818474
0.805426
0.885251
0.936212
0.979938
0.719572
0.673169
0.884751
0.697192
0.715322
0.673847
0.651771
0.802793
0.776525
0.879666
0.584305
0.915377
0.976469
0.961076
0.83341
0.898885
0.759698
0.769041
0.954057
0.710214
0.721012
0.905051
0.732078
0.816464
0.771465
0.702987
0.721629
0.945613
0.757881
0.798188
0.81333
0.868
0.71507
0.77788
0.971038
0.696234
0.841686
0.805377
0.721167
0.803561
0.883528
0.887295
0.953319
0.671497
0.917583
0.782997
0.832134
0.739727
0.837897
0.713813
0.740862
0.811915
0.747546
0.815893
0.684091
0.856385
0.700873
0.916502
0.725545
0.719449
0.849713
0.723007
0.690008
0.709305
0.928318
0.956447
0.809204
0.901946
0.967988
0.764216
0.673941
0.83096
0.798719
0.697615
0.802251
0.784767
0.785207
0.651442
0.760895
0.833496
0.955292
0.780378
0.748727
0.78009
0.867378
0.763603
0.937654
0.70759
0.691755
0.754342
0.752849
0.894424
0.706424
0.705627
0.79673
0.891234
0.626474
0.893445
0.669825
0.75873
0.651899
0.808562
0.952406
0.717335
0.746714
0.94224
0.841139
0.776336
0.721345
0.665657
0.603736
0.933377
0.712636
0.819377
0.682173
0.699643
0.782996
0.88682
0.979335
0.904025
0.681363
0.788939
0.752559
0.828777
0.643027
0.80294
0.675615
0.639304
0.797658
0.893343
0.945613
0.887584
0.687446
0.942468
0.751048
0.747543
0.956223
0.745589
0.764514
0.78021
0.727947
0.668153
0.769761
0.758176
0.741922
0.737943
0.954874
0.629734
0.804268
0.702496
0.705248
0.635921
0.803181
0.716462
0.743454
0.773078
0.848159
0.677914
0.784921
0.900878
0.724413
0.767819
0.778751
0.751333
0.697721
0.818977
0.813357
0.839661
0.761034
0.782615
0.968265
0.733227
0.824996
0.786492
0.752352
0.715592
0.873647
0.780559
0.730257
0.839444
0.744619
0.666481
0.895553
0.757717
0.969615
0.674462
0.797622
0.742849
0.807972
0.783913
0.805539
0.745525
0.668195
0.802855
0.912634
0.649158
0.799553
0.826825
0.949799
0.780668
0.902987
0.916262
0.95848
0.816851
0.774042
0.776323
0.724916
0.754503
0.799529
0.766182
0.746298
0.5927
0.952963
0.636943
0.816548
0.935149
0.765935
0.642219
0.664809
0.699368
0.717772
0.734902
0.712685
0.610402
0.662768
0.65352
0.984826
0.875386
0.713268
0.818047
0.627602
0.78356
0.567156
0.764514
0.769717
0.963506
0.964755
0.790141
0.841386
0.851718
0.835346
0.906648
0.639597
0.753525
0.794791
0.906264
0.57915
0.65272
0.784168
0.719381
0.944037
0.878549
0.760237
0.732667
0.681279
0.807511
0.669074
0.692487
0.750286
0.932183
0.819881
0.844107
0.955848
0.957259
0.655186
0.79484
0.870091
0.777872
0.954431
0.688321
0.699592
0.700828
0.960883
0.94573
0.694531
0.697468
0.792655
0.961927
0.805689
0.691771
0.898097
0.655683
0.861516
0.648279
0.848557
0.640623
0.765737
0.766397
0.71241
0.674075
0.658994
0.668425
0.755673
0.644497
0.733233
0.928691
0.709347
0.776833
0.680367
0.882933
0.798328
0.746018
0.69392
0.705222
0.72873
0.73576
0.740973
0.86356
0.747329
0.802757
0.991165
0.844101
0.787024
0.78703
0.814949
0.786064
0.730113
0.704615
0.796481
0.739383
0.57872
0.752984
0.709973
0.785383
0.800191
0.69679
0.72285
0.854153
0.710203
0.821858
0.876387
0.692002
0.764098
0.626655
0.79181
0.782044
0.769587
0.72675
0.618479
0.836732
0.879048
0.826619
0.934207
0.712185
0.851099
0.814626
0.867647
0.879147
0.733889
0.634459
0.786312
0.745067
0.71962
0.7105
0.721467
0.902723
0.765686
0.810699
0.708838
0.786443
0.692985
0.715694
0.704971
0.637886
0.797832
0.722281
0.833353
0.771339
0.674426
0.881735
0.773381
0.833496
0.723928
0.832904
0.604012
0.676793
0.949338
0.769765
0.772434
0.775217
0.656119
0.931374
0.888787
0.749829
0.707264
0.768239
0.786838
0.584621
0.736478
0.794078
0.907526
0.744216
0.770846
0.8121
0.712774
0.773284
0.759901
0.799994
0.727579
0.885784
0.652304
0.747939
0.709104
0.803677
0.725551
0.763557
0.974001
0.860592
0.812201
0.934871
0.778919
0.908644
0.643962
0.741077
0.705338
0.799994
0.757852
0.732445
0.700311
0.6484
0.890975
0.855988
0.844536
0.962118
0.805893
0.730471
0.720422
0.775153
0.773476
0.77069
0.763386
0.657816
0.940581
0.825499
0.732514
0.680814
0.883069
0.748773
0.776807
0.787979
0.758878
0.867297
0.969554
0.687672
0.899807
0.809654
0.680109
0.842794
0.738182
0.620116
0.729121
0.760707
0.808409
0.764999
0.759902
0.717397
0.692021
0.664291
0.851122
0.816906
0.653166
0.812907
0.832168
0.791135
0.942614
0.92614
0.766567
0.763362
0.748156
0.771092
0.72127
0.718035
0.692305
0.713631
0.833756
0.825977
0.895942
0.753625
0.693962
0.767567
0.678588
0.657076
0.67757
0.818588
0.75636
0.68889
0.745715
0.706793
0.651433
0.916614
0.932091
0.787419
0.796811
0.733875
0.712149
0.98267
0.731111
0.752561
0.645419
0.791363
0.939043
0.927198
0.898189
0.937927
0.756599
0.786663
0.803241
0.75583
0.866176
0.680013
0.78107
0.806573
0.710683
0.693525
0.769868
0.960883
0.762777
0.649749
0.767875
0.771316
0.937569
0.787519
0.941031
0.839057
0.714551
0.786312
0.733525
0.659637
0.955838
0.945185
0.72928
0.777771
0.796262
0.793301
0.896817
0.896817
0.828272
0.901203
0.633349
0.771062
0.748007
0.685681
0.736774
0.694319
0.719039
0.717985
0.802978
0.727059
0.688815
0.589045
0.70045
0.813987
0.704087
0.763463
0.856235
0.759654
0.714629
0.746637
0.729237
0.879157
0.755461
0.932504
0.772505
0.794661
0.962211
0.765661
0.937126
0.681266
0.685363
0.825841
0.665402
0.736522
0.790076
0.756332
0.678203
0.942538
0.687094
0.909665
0.7641
0.646523
0.889912
0.680323
0.938935
0.741215
0.653733
0.807989
0.6923
0.710811
0.735234
0.692872
0.973826
0.777936
0.876438
0.784822
0.868821
0.653301
0.784617
0.945294
0.760853
0.704537
0.757806
0.851008
0.891193
0.757438
0.764284
0.814789
0.752587
0.763419
0.745999
0.776807
0.750453
0.855007
0.767774
0.726506
0.735156
0.764428
0.96866
0.688497
0.688813
0.945533
0.577603
0.758495
0.712039
0.758783
0.722692
0.577625
0.685579
0.598379
0.659177
0.79163
0.755042
0.897452
0.758725
0.72663
0.78042
0.697155
0.93719
0.659495
0.668471
0.690619
0.896339
0.673481
0.821994
0.930313
0.581926
0.687125
0.759669
0.665652
0.640785
0.802995
0.647438
0.767166
0.921245
0.736135
0.926847
0.599612
0.893371
0.925872
0.798649
0.689998
0.778927
0.737683
0.736259
0.761906
0.944923
0.677443
0.584657
0.769102
0.686354
0.746997
0.9465
0.946566
0.806624
0.779683
0.990556
0.685946
0.72496
0.788504
0.784415
0.785549
0.782023
0.868873
0.759669
0.695583
0.780073
0.769992
0.62616
0.730304
0.807686
0.757354
0.868389
0.886347
0.902398
0.629363
0.822137
0.766434
0.752385
0.675566
0.807652
0.822003
0.803618
0.778533
0.690457
0.709877
0.723767
0.77987
0.755912
0.669962
0.658249
0.759896
0.639282
0.766798
0.79229
0.805787
0.848812
0.744092
0.642576
0.708361
0.758391
0.688291
0.907165
0.710298
0.664586
0.789107
0.770647
0.619498
0.751995
0.75206
0.7474
0.756122
0.672711
0.778986
0.800227
0.705777
0.829156
0.960087
0.941065
0.824657
0.873111
0.786527
0.638692
0.949558
0.798649
0.779609
0.693929
0.677208
0.72528
0.691797
0.754854
0.6705
0.825021
0.766202
0.705708
0.775488
0.94435
0.637071
0.68636
0.812972
0.793754
0.702288
0.657255
0.650054
0.981367
0.677092
0.943503
0.737224
0.772475
0.766485
0.800227
0.800196
0.686094
0.683131
0.959641
0.708214
0.68853
0.690605
0.671031
0.745346
0.866653
0.733375
0.661028
0.750718
0.793857
0.765888
0.792323
0.730077
0.721856
0.809044
0.757841
0.788893
0.749617
0.953054
0.814232
0.763739
0.632451
0.747988
0.637997
0.764409
0.720821
0.710729
0.908201
0.945412
0.769769
0.875166
0.777183
0.869242
0.876133
0.684671
0.658961
0.767622
0.938106
0.77605
0.813148
0.893051
0.776364
0.783545
0.826925
0.658117
0.631362
0.69871
0.756649
0.822182
0.972956
0.943704
0.73831
0.677503
0.653163
0.605186
0.746962
0.60495
0.759164
0.835558
0.883551
0.71825
0.653863
0.654685
0.648393
0.645741
0.690725
0.677563
0.58326
0.645968
0.793857
0.778832
0.947658
0.973826
0.752645
0.762734
0.755945
0.778654
0.784377
0.725026
0.778441
0.706622
0.745568
0.71785
0.743526
0.75186
0.925895
0.670919
0.743836
0.738138
0.781323
0.69799
0.779264
0.802836
0.826105
0.815006
0.749581
0.904505
0.815583
0.794598
0.671944
0.832869
0.630466
0.680702
0.779961
0.882584
0.727069
0.817562
0.630843
0.712116
0.589978
0.904768
0.943026
0.783835
0.768338
0.927479
0.740075
0.742134
0.966698
0.782418
0.871605
0.745375
0.778387
0.893843
0.775967
0.785136
0.652248
0.74899
0.760493
0.673279
0.87432
0.704977
0.938989
0.808744
0.748973
0.802836
0.74059
0.694647
0.630874
0.643382
0.760256
0.772255
0.779989
0.716144
0.673416
0.635106
0.769733
0.874692
0.765997
0.714871
0.681279
0.744918
0.669566
0.687775
0.917188
0.914434
0.639568
0.906891
0.689593
0.694373
0.855077
0.727074
0.847605
0.688594
0.672688
0.836771
0.727908
0.74796
0.641899
0.836093
0.67642
0.749184
0.751186
0.675787
0.734578
0.704668
0.808273
0.834406
0.674727
0.743431
0.759936
0.73739
0.744729
0.839045
0.756791
0.624003
0.662589
0.772785
0.805152
0.676807
0.727997
0.924962
0.650628
0.707052
0.942338
0.677589
0.943801
0.937979
0.970425
0.752367
0.850781
0.651594
0.717295
0.891716
0.676091
0.807205
0.684213
0.794698
0.785263
0.738823
0.537255
0.714665
0.677431
0.71043
0.618401
0.777638
0.786608
0.74826
0.759216
0.719983
0.669542
0.845096
0.831592
0.752397
0.80389
0.71189
0.719645
0.785306
0.746391
0.993611
0.894039
0.701762
0.708061
0.639769
0.778366
0.774258
0.785278
0.95162
0.761433
0.798643
0.788273
0.863343
0.644483
0.676301
0.830509
0.749217
0.786659
0.772314
0.697087
0.788927
0.620637
0.674953
0.938033
0.921874
0.884128
0.807171
0.747825
0.784812
0.799514
0.837181
0.744689
0.94164
0.699311
0.795659
0.622976
0.750765
0.748273
0.804491
0.747729
0.64575
0.65937
0.644139
0.746067
0.729356
0.691933
0.673761
0.734935
0.761457
0.939829
0.706938
0.804709
0.710904
0.834122
0.888901
0.8044
0.777433
0.671762
0.696296
0.656808
0.793849
0.742662
0.765977
0.736872
0.733152
0.7637
0.73466
0.708907
0.663492
0.621178
0.779775
0.780603
0.785747
0.748152
0.710343
0.747933
0.753101
0.730378
0.804056
0.818931
0.884751
0.697636
0.670632
0.784359
0.645383
0.61997
0.674917
0.901242
0.752973
0.789393
0.729253
0.665955
0.61955
0.804445
0.781491
0.940938
0.760249
0.748435
0.927222
0.779499
0.695576
0.854402
0.643124
0.808201
0.868335
0.780095
0.80276
0.887295
0.702882
0.551933
0.742592
0.732425
0.704205
0.787203
0.74332
0.739161
0.67063
0.948529
0.728313
0.650375
0.73466
0.752659
0.617879
0.759715
0.730166
0.747933
0.705924
0.769678
0.702358
0.95007
0.713941
0.714184
0.891234
0.910229
0.651879
0.701266
0.702003
0.650614
0.646442
0.82571
0.728419
0.788057
0.692738
0.827889
0.629529
0.938989
0.809281
0.779725
0.975392
0.649888
0.779469
0.92477
0.903399
0.733999
0.677962
0.813642
0.712045
0.65923
0.766279
0.940227
0.663059
0.731185
0.782616
0.647175
0.691433
0.942468
0.828553
0.61509
0.736141
0.792728
0.869008
0.934568
0.708627
0.656412
0.692288
0.802286
0.798751
0.796541
0.619169
0.681563
0.809048
0.781872
0.665215
0.755401
0.736018
0.702939
0.726207
0.771744
0.734637
0.777576
0.588031
0.827265
0.827972
0.666952
0.736343
0.778887
0.706309
0.776025
0.742656
0.750307
0.780328
0.758621
0.802351
0.580286
0.752678
0.683527
0.762583
0.581195
0.766671
0.612436
0.648996
0.792561
0.800747
0.850759
0.890911
0.777893
0.789578
0.939513
0.761248
0.742389
0.595139
0.697523
0.785177
0.75926
0.641887
0.726652
0.692528
0.712567
0.774593
0.712995
0.76954
0.901793
0.711617
0.731776
0.733313
0.637911
0.860296
0.739148
0.781992
0.673982
0.71823
0.836355
0.737073
0.708904
0.827683
0.783524
0.663377
0.718395
0.637162
0.699953
0.944934
0.780873
0.96325
0.565702
0.648564
0.879914
0.703711
0.850501
0.729627
0.809323
0.904372
0.69988
0.744353
0.769014
0.957726
0.68904
0.744232
0.772226
0.769421
0.737747
0.762671
0.809323
0.70603
0.930066
0.661193
0.839769
0.829439
0.827273
0.735352
0.895618
0.78266
0.93879
0.847385
0.696804
0.947658
0.737668
0.77555
0.7425
0.710843
0.674508
0.646342
0.776518
0.853737
0.670638
0.649631
0.842645
0.757253
0.774125
0.882933
0.808985
0.717561
0.955696
0.794877
0.696966
0.677495
0.605866
0.78926
0.78467
0.748002
0.945525
0.745432
0.808993
0.71707
0.745155
0.721799
0.725746
0.658571
0.879048
0.940012
0.682553
0.89093
0.787592
0.781079
0.748105
0.900602
0.819854
0.938063
0.60439
0.649737
0.747602
0.688305
0.764621
0.65982
0.881735
0.845355
0.645724
0.681761
0.799466
0.746368
0.72488
0.721534
0.918086
0.602741
0.850558
0.693979
0.807733
0.664723
0.757086
0.706375
0.555055
0.809044
0.827092
0.885784
0.817978
0.756199
0.765678
0.915856
0.636053
0.724962
0.662221
0.69731
0.74012
0.924065
0.862079
0.629598
0.937327
0.798861
0.594885
0.693002
0.700458
0.718562
0.851035
0.65608
0.695149
0.722372
0.819954
0.940581
0.601321
0.639059
0.772701
0.756828
0.863066
0.841652
0.722224
0.707601
0.817863
0.649772
0.722627
0.859443
0.725985
0.73608
0.69099
0.77003
0.835214
0.738246
0.744553
0.632015
0.637571
0.685346
0.862845
0.691286
0.716395
0.725795
0.779046
0.88194
0.816414
0.715677
0.710107
0.67316
0.684464
0.684802
0.784211
0.76283
0.835188
0.728493
0.817149
0.766732
0.936587
0.852058
0.94909
0.794039
0.722112
0.795875
0.779324
0.714657
0.636042
0.788798
0.699949
0.756866
0.606371
0.658554
0.918959
0.871895
0.769455
0.746274
0.688
0.616076
0.930949
0.775171
0.742111
0.784091
0.788398
0.764913
0.877353
0.696759
0.772972
0.732433
0.756993
0.721422
0.758018
0.600155
0.646789
0.965137
0.700902
0.889366
0.670405
0.739492
0.706394
0.76564
0.690699
0.785326
0.766436
0.663641
0.69202
0.792134
0.783491
0.865092
0.942538
0.688131
0.828586
0.897366
0.583573
0.56398
0.713009
0.630319
0.575828
0.724121
0.975363
0.86472
0.891193
0.715195
0.645535
0.753509
0.864373
0.807849
0.616894
0.596772
0.683402
0.613252
0.672358
0.654519
0.64374
0.758555
0.897452
0.66705
0.559912
0.758678
0.613787
0.675247
0.595264
0.676643
0.716394
0.769579
0.780243
0.79375
0.715576
0.893371
0.631035
0.779101
0.776543
0.729341
0.593616
0.656847
0.72709
0.600041
0.902398
0.748047
0.584834
0.695172
0.595925
0.775003
0.705081
0.67595
0.778986
0.748835
0.70846
0.707091
0.576373
0.892449
0.832263
0.716067
0.833834
0.742532
0.810888
0.579657
0.70107
0.747532
0.725444
0.786977
0.893613
0.630143
0.726901
0.813182
0.755511
0.778601
0.919495
0.95103
0.688689
0.651231
0.727837
0.628544
0.657205
0.82738
0.822186
0.796318
0.796994
0.591501
0.751696
0.842888
0.718827
0.578968
0.670671
0.81333
0.949954
0.954552
0.960553
0.734209
0.798018
0.851306
0.745437
0.93719
0.690356
0.766567
0.807405
0.970435
0.67997
0.718492
0.61636
0.934529
0.818599
0.975392
0.658099
0.662705
0.728422
0.608703
0.802225
0.960555
0.677162
0.752887
0.953049
0.814603
0.64509
0.786065
0.837654
0.958823
0.697183
0.757669
0.747254
0.945792
0.800074
0.740844
0.910418
0.679407
0.768703
0.829575
0.771782
0.900876
0.692248
0.740234
0.838747
0.764241
0.757669
0.738748
0.569245
0.906871
0.849931
0.907034
0.794895
0.945914
0.96049
0.901793
0.588041
0.943407
0.884392
0.660298
0.80276
0.907597
0.970741
0.799953
0.71173
0.690975
0.88122
0.719918
0.981818
0.734225
0.979617
0.677935
0.583084
0.901671
0.714547
0.7518
0.714677
0.952491
0.923368
0.758144
0.717247
0.882793
0.812922
0.779833
0.930658
0.866359
0.788332
0.740319
0.755159
0.794904
0.952102
0.752759
0.781633
0.866282
0.779602
0.820748
0.960359
0.685095
0.775744
0.815726
0.84839
0.882793
0.868094
0.659019
0.763402
0.731203
0.812025
0.57346
0.775909
0.746151
0.948236
0.816466
0.808596
0.814899
0.883838
0.602099
0.733051
0.633414
0.737833
0.976862
0.751006
0.762775
0.832443
0.8322
0.931745
0.952965
0.768132
0.929413
0.921635
0.904309
0.741128
0.931361
0.855857
0.626919
0.789457
0.941557
0.761553
0.734255
0.683129
0.848631
0.677501
0.750667
0.574299
0.75996
0.680279
0.961445
0.742186
0.730114
0.822806
0.919804
0.809879
0.877353
0.784324
0.942614
0.775909
0.607168
0.74181
0.789296
0.780958
0.582665
0.947708
0.834851
0.957402
0.901242
0.790819
0.749888
0.865147
0.76533
0.850262
0.74064
0.970566
0.937033
0.840402
0.784034
0.972308
0.817461
0.82518
0.73601
0.875788
0.890094
0.730963
0.743832
0.69956
0.785712
0.823707
0.883551
0.88452
0.6859
0.878489
0.848422
0.883419
0.959653
0.696845
0.962247
0.76023
0.884305
0.889582
0.765816
0.586948
0.844106
0.72965
0.876043
0.761896
0.661429
0.712354
0.920984
0.685597
0.933872
0.989944
0.911287
0.962428
0.808414
0.974464
0.689732
0.63947
0.661996
0.803299
0.921655
0.853242
0.910929
0.760204
0.930512
0.931361
0.902514
0.908924
0.957122
0.809069
0.862318
0.878172
0.77459
0.854898
0.728033
0.947025
0.945851
0.752297
0.921146
0.678371
0.72333
0.921297
0.835535
0.952654
0.539688
0.863468
0.777356
0.828852
0.805569
0.761592
0.695227
0.833287
0.664717
0.969855
0.801075
0.940949
0.589111
0.679149
0.944724
0.662032
0.916489
0.923445
0.757433
0.857302
0.759354
0.677226
0.724532
0.764752
0.718661
0.763255
0.817628
0.757575
0.78754
0.687535
0.800622
0.724293
0.945338
0.926691
0.650924
0.810687
0.857236
0.597355
0.675216
0.784324
0.910411
0.770173
0.831202
0.770713
0.822736
0.642596
0.829617
0.947973
0.851515
0.693943
0.951937
0.966454
0.91465
0.814432
0.899962
0.764773
0.848148
0.972308
0.928318
0.956687
0.959639
0.952849
0.846995
0.775375
0.731976
0.733744
0.970172
0.611426
0.79395
0.847805
0.944153
0.635075
0.931586
0.805631
0.988411
0.885801
0.648859
0.919598
0.734853
0.751632
0.937014
0.814336
0.833823
0.763397
0.70753
0.677968
0.942724
0.686932
0.931936
0.922522
0.940265
0.702456
0.957433
0.641581
0.692266
0.812797
0.884105
0.965595
0.838882
0.937014
0.757801
0.603849
0.770924
0.660712
0.654571
0.670436
0.582113
0.831768
0.947505
0.919128
0.977421
0.974464
0.696865
0.965212
0.956611
0.936822
0.591255
0.648802
0.933918
0.942104
0.946045
0.764152
0.880549
0.944202
0.879208
0.77485
0.956715
0.713481
0.953248
0.906871
0.582544
0.774061
0.799638
0.739368
0.918504
0.942614
0.596266
0.928445
0.825734
0.627516
0.769218
0.942235
0.956605
0.963377
0.959645
0.847849
0.876133
0.758275
0.867806
0.917138
0.752061
0.832731
0.730893
0.918568
0.833802
0.889131
0.775
0.920588
0.92188
0.8682
0.94779
0.939413
0.949967
0.66399
0.84421
0.922221
0.608314
0.828026
0.973791
0.924241
0.938487
0.92188
0.903417
0.824664
0.738887
0.958764
0.941683
0.972326
0.706028
0.78459
0.768796
0.668531
0.683269
0.756523
0.735098
0.975646
0.889891
0.896306
0.708508
0.718671
0.937475
0.934519
0.957922
0.891531
0.943181
0.734656
0.690201
0.812809
0.947973
0.966291
0.647778
0.769606
0.946809
0.693721
0.775235
0.987553
0.945477
0.916387
0.888764
0.776857
0.872804
0.846641
0.68289
0.683026
0.937979
0.750775
0.662915
0.92665
0.752297
0.946548
0.895992
0.679525
0.929431
0.860312
0.88377
0.571632
0.976863
0.694221
0.955267
0.771958
0.673141
0.879746
0.925991
0.85444
0.955435
0.977961
0.946548
0.964956
0.83247
0.947287
0.842018
0.91714
0.699702
0.513645
0.864023
0.915748
0.915748
0.838742
0.655383
0.942378
0.824887
0.836899
0.95521
0.865147
0.769986
0.913723
0.793388
0.918926
0.935074
0.960326
0.97812
0.919495
0.86958
0.940365
0.784681
0.745693
0.776001
0.834772
0.945999
0.95268
0.957594
0.735535
0.810135
0.876777
0.971282
0.903808
0.863083
0.95382
0.90389
0.954435
0.855492
0.79895
0.7844
0.882941
0.666482
0.942235
0.841593
0.686784
0.924654
0.941002
0.938553
0.836898
0.866124
0.934312
0.828975
0.887549
0.722443
0.937094
0.827421
0.952849
0.866398
0.726268
0.938764
0.776364
0.938764
0.769898
0.970942
0.950052
0.828984
0.826779
0.93676
0.890636
0.879965
0.915902
0.907504
0.806905
0.952211
0.955207
0.93463
0.735059
0.854604
0.702876
0.848018
0.780768
0.798102
0.946629
0.891418
0.951993
0.754631
0.796733
0.977221
0.955207
0.779948
0.793699
0.699739
0.738223
0.803043
0.661496
0.776323
0.939591
0.638414
0.753878
0.952639
0.957965
0.872166
0.924946
0.53624
0.924656
0.961221
0.876777
0.947217
0.984166
0.749992
0.924478
0.924478
0.907246
0.942602
0.771782
0.828671
0.819125
0.924522
0.931307
0.84366
0.960199
0.946007
0.946007
0.910011
0.941371
0.978812
0.855768
0.853076
0.980919
0.730508
0.913334
0.781012
0.786009
0.940551
0.780431
0.578278
0.904222
0.676177
0.657675
0.883781
0.889891
0.736114
0.804472
0.806943
0.922869
0.745109
0.92431
0.903416
0.818276
0.692898
0.739375
0.771714
0.91425
0.774894
0.733621
0.897506
0.854869
0.870945
0.972241
0.627959
0.844457
0.940369
0.908195
0.883387
0.814912
0.855734
0.932182
0.805456
0.735667
0.865461
0.932182
0.963701
0.932373
0.818879
0.782413
0.916981
0.954964
0.628622
0.786764
0.989675
0.960846
0.802685
0.942434
0.839337
0.892289
0.940161
0.796095
0.767809
0.7671
0.997718
0.949324
0.875193
0.864274
0.924642
0.804952
0.793405
0.746165
0.928206
0.909173
0.816719
0.937244
0.886493
0.703784
0.804587
0.945269
0.73008
0.793271
0.870203
0.90389
0.918913
0.737541
0.964499
0.921297
0.940328
0.782574
0.793305
0.925565
0.923864
0.687031
0.910869
0.846948
0.866619
0.699118
0.878881
0.694456
0.852809
0.767492
0.895403
0.921957
0.897506
0.959841
0.662655
0.797582
0.91772
0.940668
0.669608
0.816559
0.668455
0.864601
0.800861
0.929925
0.683279
0.993838
0.803736
0.650125
0.902971
0.724059
0.808115
0.80505
0.924654
0.926489
0.846008
0.835538
0.84402
0.937055
0.814996
0.788482
0.938416
0.869528
0.808107
0.800448
0.738329
0.897155
0.744809
0.922229
0.788277
0.8514
0.553631
0.922115
0.769364
0.77827
0.78613
0.932373
0.926489
0.885166
0.814426
0.802075
0.771489
0.883876
0.81347
0.784695
0.868389
0.672106
0.822067
0.811909
0.796891
0.908346
0.805152
0.991614
0.73244
0.791489
0.940462
0.851955
0.812342
0.966704
0.780292
0.924642
0.789719
0.81491
0.788377
0.987382
0.875099
0.783524
0.961024
0.786309
0.949545
0.670793
0.727724
0.933366
0.72834
0.797643
0.868379
0.811923
0.82865
0.795163
0.816225
0.809518
0.814153
0.793059
0.661834
0.938553
0.850056
0.926883
0.822169
0.653324
0.828124
0.973631
0.796231
0.744953
0.95784
0.932008
0.693019
0.806461
0.815613
0.896018
0.741857
0.767651
0.740751
0.917406
0.737443
0.779147
0.781823
0.832045
0.877648
0.69425
0.742823
0.854444
0.965795
0.93031
0.84943
0.755711
0.879746
0.720926
0.814999
0.72051
0.93676
0.835023
0.774078
0.828451
0.832443
0.744232
0.962162
0.751294
0.635921
0.772734
0.763001
0.794431
0.881198
0.928913
0.700969
0.85061
0.774956
0.735657
0.740239
0.753914
0.814198
0.795335
0.850558
0.735213
0.782198
0.661876
0.927571
0.910869
0.67555
0.928913
0.813924
0.741503
0.749511
0.85083
0.795018
0.87554
0.870819
0.825466
0.773405
0.86958
0.791516
0.67211
0.826165
0.91425
0.846807
0.824345
0.834475
0.685664
0.755865
0.952761
0.667324
0.67223
0.801947
0.862992
0.781609
0.883403
0.81479
0.863083
0.886157
0.668684
0.767506
0.777617
0.81678
0.683468
0.753003
0.762084
0.728494
0.821401
0.806966
0.803705
0.75626
0.729791
0.892325
0.676807
0.924621
0.842694
0.866124
0.690201
0.808933
0.71537
0.709028
0.892538
0.828545
0.674182
0.76663
0.715965
0.770763
0.819834
0.833263
0.798968
0.961937
0.739909
0.85562
0.703137
0.766036
0.719601
0.695196
0.626389
0.832806
0.753958
0.716658
0.879965
0.786755
0.783067
0.880173
0.733889
0.791459
0.770791
0.745749
0.777364
0.754292
0.866282
0.701487
0.774667
0.832134
0.828777
0.833451
0.756801
0.923368
0.706992
0.780173
0.818977
0.872166
0.682837
0.779712
0.694701
0.755857
0.720116
0.788192
0.73662
0.681971
0.861352
0.775025
0.840156
0.809014
0.77571
0.770215
0.905619
0.781769
0.770001
0.825662
0.763399
0.742016
0.769144
0.746768
0.730363
0.729798
0.806285
0.754666
0.863146
0.863146
0.719778
0.82002
0.661759
0.732383
0.640531
0.74601
0.726268
0.777657
0.765134
0.752103
0.729232
0.763425
0.829304
0.862889
0.73362
0.70686
0.71173
0.837626
0.725305
0.75842
0.638002
0.659319
0.723259
0.658653
0.862603
0.737336
0.746568
0.662327
0.933769
0.677326
0.706814
0.710468
0.711376
0.710469
0.771241
0.987035
0.987035
0.25344
0.25344
0.565157
0.565157
0.448187
0.25344
0.565157
0.448187
0.565157
0.448187
0.448187
0.25344
)
;

boundaryField
{
    Fluid
    {
        type            calculated;
        value           uniform 1;
    }
    Solid
    {
        type            calculated;
        value           nonuniform List<scalar> 0();
    }
    Back
    {
        type            calculated;
        value           uniform 1;
    }
    defaultFaces
    {
        type            calculated;
        value           uniform 1;
    }
}


// ************************************************************************* //
